{"version":"0.4","title":"Servi\u00e7os de rede 9","type":"page","content":[{"id":"29aec7b5","settings":{"structure":"20","background_background":"classic","background_color":"#e4e4f2","background_repeat":"no-repeat","background_size":"cover","background_overlay_background":"classic","background_overlay_position":"center center","background_overlay_repeat":"no-repeat","background_overlay_size":"cover","padding":{"unit":"em","top":"4","right":"1","bottom":"0","left":"1","isLinked":""},"shape_divider_top_height":{"unit":"px","size":"37","sizes":[]},"shape_divider_bottom_color":"#ffffff","shape_divider_bottom_height":{"unit":"px","size":"11","sizes":[]},"padding_tablet":{"unit":"em","top":"3","right":"1","bottom":"3","left":"1","isLinked":""},"padding_mobile":{"unit":"em","top":"1","right":"1","bottom":"0","left":"1","isLinked":""}},"elements":[{"id":"4b54f9f8","settings":{"_column_size":"50","_inline_size":"69.912","content_position":"center","padding_mobile":{"unit":"em","top":"1","right":"1","bottom":"1","left":"1","isLinked":"1"},"padding":{"unit":"em","top":"1","right":"6","bottom":"1","left":"1","isLinked":""}},"elements":[{"id":"7ee76533","settings":{"title":"network services that work\n","title_color":"#343666","typography_typography":"custom","typography_font_family":"Ubuntu","typography_font_size":{"unit":"em","size":"2.8","sizes":[]},"typography_font_weight":"700","typography_text_transform":"capitalize","typography_font_style":"normal","typography_text_decoration":"none"},"elements":[],"isInner":false,"widgetType":"heading","elType":"widget"},{"id":"4540cde","settings":{"title":"Tellus id interdum velit laoreet.","title_color":"#343666","typography_typography":"custom","typography_font_family":"Ubuntu","typography_font_size":{"unit":"em","size":"1.3","sizes":[]},"typography_font_weight":"300","typography_font_style":"normal","typography_text_decoration":"none"},"elements":[],"isInner":false,"widgetType":"heading","elType":"widget"},{"id":"6d10ed7b","settings":{"editor":"<p>Lorem ipsum dolor sit amet, consectetur adipiscing elit, sed do eiusmod tempor incididunt ut labore et dolore magna aliqua. Ut consequat semper viverra nam libero. Ipsum nunc aliquet bibendum enim facilisis gravida neque convallis. Mattis rhoncus urna neque viverra justo.<\/p>","text_color":"#343666","typography_typography":"custom","typography_font_family":"Open Sans","typography_font_size":{"unit":"em","size":"1.1","sizes":[]},"typography_font_weight":"300","typography_line_height":{"unit":"em","size":"1.6","sizes":[]}},"elements":[],"isInner":false,"widgetType":"text-editor","elType":"widget"}],"isInner":"","elType":"column"},{"id":"7390bd1f","settings":{"_column_size":"50","_inline_size":"30.088","background_background":"classic","background_position":"center center","background_attachment":"fixed","background_repeat":"no-repeat","background_size":"auto","margin":{"unit":"px","top":"0","right":"0","bottom":"0","left":"0","isLinked":""},"padding":{"unit":"px","top":"0","right":"0","bottom":"0","left":"0","isLinked":""}},"elements":[{"id":"4696de29","settings":{"_margin":{"unit":"%","top":"0","right":"0","bottom":"0","left":"0","isLinked":""},"_background_background":"classic","_background_color":"#6f4bf1","_background_color_b":"#646a8c","_border_border":"solid","_border_width":{"unit":"px","top":"0","right":"0","bottom":"2","left":"0","isLinked":""},"_border_color":"#6f4bf2","_element_width":"initial","_element_custom_width":{"unit":"px","size":"50","sizes":[]},"_border_radius":{"unit":"px","top":"100","right":"100","bottom":"100","left":"100","isLinked":"1"}},"elements":[],"isInner":false,"widgetType":"spacer","elType":"widget"},{"id":"de18ba2","settings":{"image":{"url":"http:\/\/sitefacilitado.com.br\/wp-content\/uploads\/2020\/03\/undraw_online_resume_us_2.png","id":"894"}},"elements":[],"isInner":false,"widgetType":"image","elType":"widget"}],"isInner":"","elType":"column"}],"isInner":"","elType":"section"},{"id":"12bb73f1","settings":{"padding":{"unit":"em","top":"3","right":"1","bottom":"8","left":"1","isLinked":""},"html_tag":"section","background_background":"classic","background_color":"#ffffff","padding_mobile":{"unit":"em","top":"3","right":"1","bottom":"3","left":"1","isLinked":""}},"elements":[{"id":"1e802d71","settings":{"_column_size":"100","space_between_widgets":"10","padding_tablet":{"unit":"px","top":"0","right":"0","bottom":"0","left":"0","isLinked":""}},"elements":[{"id":"7c26be48","settings":{"image":{"url":"http:\/\/sitefacilitado.com.br\/wp-content\/uploads\/2020\/03\/chart-1.png","id":"895"},"width":{"unit":"%","size":"9","sizes":[]}},"elements":[],"isInner":false,"widgetType":"image","elType":"widget"},{"id":"52a7f0f7","settings":{"title":"unlimited networking plans","title_color":"#343666","typography_typography":"custom","typography_font_family":"Ubuntu","typography_font_size":{"unit":"em","size":"2.8","sizes":[]},"typography_font_weight":"700","typography_text_transform":"capitalize","typography_font_style":"normal","typography_text_decoration":"none","align":"center"},"elements":[],"isInner":false,"widgetType":"heading","elType":"widget"},{"id":"45110841","settings":{"title":"In cursus turpis massa tincidunt dui ut ornare. Amet consectetur adipiscing elit ut","title_color":"#343666","typography_typography":"custom","typography_font_family":"Open Sans","typography_font_size":{"unit":"em","size":"1.2","sizes":[]},"typography_font_weight":"300","header_size":"h3","align":"center","typography_line_height":{"unit":"em","size":"1.6","sizes":[]},"align_tablet":"left","align_mobile":"center"},"elements":[],"isInner":false,"widgetType":"heading","elType":"widget"},{"id":"68abd7bb","settings":{"structure":"30","padding":{"unit":"em","top":"2","right":"0","bottom":"0","left":"0","isLinked":""}},"elements":[{"id":"1f33a5b9","settings":{"_column_size":"33","align":"center","background_background":"classic","background_color":"#ffffff","background_color_b":"#646a8c","background_gradient_angle":{"unit":"deg","size":"360","sizes":[]},"border_border":"solid","border_width":{"unit":"px","top":"0","right":"0","bottom":"0","left":"0","isLinked":"1"},"border_color":"#e4e4f2","border_radius":{"unit":"px","top":"5","right":"5","bottom":"5","left":"5","isLinked":"1"},"box_shadow_box_shadow_type":"yes","box_shadow_box_shadow":{"horizontal":"0","vertical":"0","blur":"10","spread":"0","color":"rgba(0,0,0,0.15)"},"margin":{"unit":"%","top":"3","right":"3","bottom":"3","left":"3","isLinked":"1"},"padding":{"unit":"em","top":"1","right":"1","bottom":"1","left":"1","isLinked":"1"}},"elements":[{"id":"72635e18","settings":{"title":"starter plan","title_color":"#ffffff","typography_typography":"custom","typography_font_family":"Ubuntu","typography_font_size":{"unit":"em","size":"1.5","sizes":[]},"typography_font_weight":"700","typography_text_transform":"capitalize","typography_font_style":"normal","typography_text_decoration":"none","header_size":"h3","align":"center","_padding":{"unit":"em","top":"2","right":"2","bottom":"2","left":"2","isLinked":"1"},"_background_background":"classic","_background_color":"#6f4bf1","_border_radius":{"unit":"px","top":"5","right":"5","bottom":"5","left":"5","isLinked":"1"}},"elements":[],"isInner":false,"widgetType":"heading","elType":"widget"},{"id":"43cac00d","settings":{"ending_number":"19.99","prefix":"$","title":"per month","number_color":"#343666","typography_number_typography":"custom","typography_number_font_family":"Ubuntu","typography_number_font_size":{"unit":"em","size":"5","sizes":[]},"typography_number_font_size_tablet":{"unit":"em","size":"3.5","sizes":[]},"typography_number_font_weight":"100","typography_number_text_transform":"none","typography_number_font_style":"normal","typography_number_text_decoration":"none","title_color":"#646a8c","typography_title_typography":"custom","typography_title_font_family":"Open Sans","typography_title_font_size":{"unit":"em","size":"1","sizes":[]},"typography_title_font_weight":"400","typography_title_text_transform":"capitalize","typography_title_font_style":"normal","typography_title_text_decoration":"none","_element_width":"auto"},"elements":[],"isInner":false,"widgetType":"counter","elType":"widget"},{"id":"62a2b66e","settings":{"icon_list":[{"text":"Tincidunt dui ut ornare","icon":"fa fa-check","_id":"266fd1c","link":{"url":"","is_external":"","nofollow":""},"selected_icon":{"value":"fas fa-check","library":"fa-solid"}},{"text":"Erat imperdiet sed euismod","icon":"fa fa-check","_id":"dd7f268","link":{"url":"","is_external":"","nofollow":""},"selected_icon":{"value":"fas fa-check","library":"fa-solid"}},{"text":"Aliquam id diam maecenas","icon":"fa fa-check","_id":"404a2b7","link":{"url":"","is_external":"","nofollow":""},"selected_icon":{"value":"fas fa-check","library":"fa-solid"}}],"space_between":{"unit":"px","size":"24","sizes":[]},"icon_align_mobile":"center","divider":"yes","icon_color":"#6f4bf1","icon_size":{"unit":"px","size":"25","sizes":[]},"text_color":"#646a8c","text_indent":{"unit":"px","size":"13","sizes":[]},"icon_typography_typography":"custom","icon_typography_font_family":"Open Sans","icon_typography_font_size":{"unit":"em","size":"0.9","sizes":[]},"icon_typography_font_weight":"400","icon_typography_text_transform":"capitalize","icon_typography_font_style":"normal","icon_typography_text_decoration":"none","_padding":{"unit":"em","top":"2","right":"0","bottom":"2","left":"0","isLinked":""},"icon_align":"center","divider_weight":{"unit":"px","size":"2","sizes":[]},"divider_width":{"unit":"%","size":"87","sizes":[]},"divider_color":"rgba(221,221,221,0.23)"},"elements":[],"isInner":false,"widgetType":"icon-list","elType":"widget"},{"id":"1a2b2f19","settings":{"text":"details","size":"md","typography_typography":"custom","typography_font_family":"Ubuntu","typography_font_size":{"unit":"em","size":"1","sizes":[]},"typography_font_weight":"500","typography_text_transform":"uppercase","typography_font_style":"normal","typography_text_decoration":"none","typography_line_height":{"unit":"em","size":"1","sizes":[]},"typography_letter_spacing":{"unit":"px","size":"1.3","sizes":[]},"button_text_color":"#ffffff","background_color":"#6f4bf2","border_radius":{"unit":"px","top":"100","right":"100","bottom":"100","left":"100","isLinked":"1"},"hover_color":"#ffffff","button_background_hover_color":"#6f4bf2","button_hover_border_color":"#ffffff","hover_animation":"bob","border_border":"solid","border_width":{"unit":"px","top":"1","right":"1","bottom":"1","left":"1","isLinked":"1"},"border_color":"#6f4bf2","button_box_shadow_box_shadow_type":"yes","button_box_shadow_box_shadow":{"horizontal":"0","vertical":"0","blur":"10","spread":"0","color":"rgba(0,0,0,0.29)"},"_padding":{"unit":"em","top":"0","right":"0","bottom":"0","left":"0","isLinked":""},"_element_width":"auto","align_mobile":"justify","icon":"fa fa-angle-right","icon_align":"right","icon_indent":{"unit":"px","size":"15","sizes":[]},"_padding_mobile":{"unit":"em","top":"1","right":"0","bottom":"0","left":"0","isLinked":""},"_element_width_mobile":"inherit"},"elements":[],"isInner":false,"widgetType":"button","elType":"widget"}],"isInner":"1","elType":"column"},{"id":"47397aac","settings":{"_column_size":"33","align":"space-evenly","background_background":"classic","background_color":"#6f4bf1","background_color_b":"#646a8c","background_gradient_angle":{"unit":"deg","size":"360","sizes":[]},"border_border":"solid","border_width":{"unit":"px","top":"0","right":"0","bottom":"0","left":"0","isLinked":"1"},"border_color":"#e4e4f2","border_radius":{"unit":"px","top":"5","right":"5","bottom":"5","left":"5","isLinked":"1"},"box_shadow_box_shadow_type":"yes","box_shadow_box_shadow":{"horizontal":"0","vertical":"0","blur":"10","spread":"0","color":"rgba(0,0,0,0.38)"},"margin":{"unit":"%","top":"-3","right":"3","bottom":"-7","left":"3","isLinked":""},"padding":{"unit":"em","top":"1","right":"1","bottom":"2","left":"1","isLinked":""}},"elements":[{"id":"15df0068","settings":{"title":"complete plan","title_color":"#ffffff","typography_typography":"custom","typography_font_family":"Ubuntu","typography_font_size":{"unit":"em","size":"2","sizes":[]},"typography_font_weight":"700","typography_text_transform":"capitalize","typography_font_style":"normal","typography_text_decoration":"none","header_size":"h3","align":"center","_padding":{"unit":"em","top":"2","right":"2","bottom":"2","left":"2","isLinked":"1"},"_background_background":"classic","_background_color":"#6f4bf1","_border_radius":{"unit":"px","top":"5","right":"5","bottom":"5","left":"5","isLinked":"1"}},"elements":[],"isInner":false,"widgetType":"heading","elType":"widget"},{"id":"9a12a9f","settings":{"ending_number":"32.99","prefix":"$","title":"per month","number_color":"#ffffff","typography_number_typography":"custom","typography_number_font_family":"Ubuntu","typography_number_font_size":{"unit":"em","size":"4.4","sizes":[]},"typography_number_font_size_tablet":{"unit":"em","size":"3.5","sizes":[]},"typography_number_font_weight":"300","typography_number_text_transform":"none","typography_number_font_style":"normal","typography_number_text_decoration":"none","title_color":"#e4e4f2","typography_title_typography":"custom","typography_title_font_family":"Open Sans","typography_title_font_size":{"unit":"em","size":"1.1","sizes":[]},"typography_title_font_weight":"500","typography_title_text_transform":"capitalize","typography_title_font_style":"normal","typography_title_text_decoration":"none","_element_width":"auto"},"elements":[],"isInner":false,"widgetType":"counter","elType":"widget"},{"id":"323ff9c7","settings":{"icon_list":[{"text":"Tincidunt dui ut ornare","icon":"fa fa-check","_id":"266fd1c","link":{"url":"","is_external":"","nofollow":""},"selected_icon":{"value":"fas fa-check","library":"fa-solid"}},{"text":"Erat imperdiet sed euismod","icon":"fa fa-check","_id":"dd7f268","link":{"url":"","is_external":"","nofollow":""},"selected_icon":{"value":"fas fa-check","library":"fa-solid"}},{"text":"Aliquam id diam maecenas","icon":"fa fa-check","_id":"404a2b7","link":{"url":"","is_external":"","nofollow":""},"selected_icon":{"value":"fas fa-check","library":"fa-solid"}},{"text":"Tincidunt dui ut ornare","icon":"fa fa-check","_id":"cabe33f","link":{"url":"","is_external":"","nofollow":""},"selected_icon":{"value":"fas fa-check","library":"fa-solid"}},{"text":"Tincidunt dui ut ornare","icon":"fa fa-check","_id":"02e9e9a","link":{"url":"","is_external":"","nofollow":""},"selected_icon":{"value":"fas fa-check","library":"fa-solid"}}],"space_between":{"unit":"px","size":"24","sizes":[]},"icon_align_mobile":"center","divider":"yes","divider_color":"rgba(221,221,221,0.09)","icon_color":"#ffffff","icon_size":{"unit":"px","size":"25","sizes":[]},"text_color":"#ffffff","text_indent":{"unit":"px","size":"13","sizes":[]},"icon_typography_typography":"custom","icon_typography_font_family":"Open Sans","icon_typography_font_size":{"unit":"em","size":"0.9","sizes":[]},"icon_typography_font_weight":"400","icon_typography_text_transform":"capitalize","icon_typography_font_style":"normal","icon_typography_text_decoration":"none","_padding":{"unit":"em","top":"1","right":"0","bottom":"0","left":"0","isLinked":""},"icon_align":"center","divider_weight":{"unit":"px","size":"2","sizes":[]},"divider_width":{"unit":"%","size":"92","sizes":[]}},"elements":[],"isInner":false,"widgetType":"icon-list","elType":"widget"},{"id":"3a4e6fd9","settings":{"text":"more services","size":"md","typography_typography":"custom","typography_font_family":"Ubuntu","typography_font_size":{"unit":"em","size":"1","sizes":[]},"typography_font_weight":"500","typography_text_transform":"uppercase","typography_font_style":"normal","typography_text_decoration":"none","typography_line_height":{"unit":"em","size":"1","sizes":[]},"typography_letter_spacing":{"unit":"px","size":"1.3","sizes":[]},"button_text_color":"#6f4bf2","background_color":"#ffffff","border_radius":{"unit":"px","top":"100","right":"100","bottom":"100","left":"100","isLinked":"1"},"icon":"fa fa-angle-right","icon_align":"right","icon_indent":{"unit":"px","size":"16","sizes":[]},"hover_color":"#6f4bf2","button_background_hover_color":"#ffffff","button_hover_border_color":"#ffffff","hover_animation":"bob","border_border":"solid","border_width":{"unit":"px","top":"1","right":"1","bottom":"1","left":"1","isLinked":"1"},"border_color":"#6f4bf2","button_box_shadow_box_shadow_type":"yes","button_box_shadow_box_shadow":{"horizontal":"0","vertical":"0","blur":"10","spread":"0","color":"rgba(0,0,0,0.35)"},"_padding":{"unit":"em","top":"3","right":"0","bottom":"0","left":"0","isLinked":""},"_element_width":"auto","align_mobile":"justify","_margin_mobile":{"unit":"px","top":"0","right":"0","bottom":"0","left":"0","isLinked":""},"_padding_mobile":{"unit":"px","top":"0","right":"0","bottom":"0","left":"0","isLinked":""},"_element_width_mobile":"inherit"},"elements":[],"isInner":false,"widgetType":"button","elType":"widget"}],"isInner":"1","elType":"column"},{"id":"5b855340","settings":{"_column_size":"33","align":"center","background_background":"classic","background_color":"#ffffff","background_color_b":"#646a8c","background_gradient_angle":{"unit":"deg","size":"360","sizes":[]},"border_border":"solid","border_width":{"unit":"px","top":"0","right":"0","bottom":"0","left":"0","isLinked":"1"},"border_color":"#e4e4f2","border_radius":{"unit":"px","top":"5","right":"5","bottom":"5","left":"5","isLinked":"1"},"box_shadow_box_shadow_type":"yes","box_shadow_box_shadow":{"horizontal":"0","vertical":"0","blur":"10","spread":"0","color":"rgba(0,0,0,0.15)"},"margin":{"unit":"%","top":"3","right":"3","bottom":"3","left":"3","isLinked":"1"},"padding":{"unit":"em","top":"1","right":"1","bottom":"1","left":"1","isLinked":"1"}},"elements":[{"id":"323d8b2b","settings":{"title":"Advance Plan","title_color":"#ffffff","typography_typography":"custom","typography_font_family":"Ubuntu","typography_font_size":{"unit":"em","size":"1.5","sizes":[]},"typography_font_weight":"700","typography_text_transform":"capitalize","typography_font_style":"normal","typography_text_decoration":"none","header_size":"h3","align":"center","_padding":{"unit":"em","top":"2","right":"2","bottom":"2","left":"2","isLinked":"1"},"_background_background":"classic","_background_color":"#6f4bf1","_border_radius":{"unit":"px","top":"5","right":"5","bottom":"5","left":"5","isLinked":"1"}},"elements":[],"isInner":false,"widgetType":"heading","elType":"widget"},{"id":"63947544","settings":{"ending_number":"29.99","prefix":"$","title":"per month","number_color":"#343666","typography_number_typography":"custom","typography_number_font_family":"Ubuntu","typography_number_font_size":{"unit":"em","size":"5","sizes":[]},"typography_number_font_size_tablet":{"unit":"em","size":"3.5","sizes":[]},"typography_number_font_weight":"100","typography_number_text_transform":"none","typography_number_font_style":"normal","typography_number_text_decoration":"none","title_color":"#646a8c","typography_title_typography":"custom","typography_title_font_family":"Open Sans","typography_title_font_size":{"unit":"em","size":"1","sizes":[]},"typography_title_font_weight":"400","typography_title_text_transform":"capitalize","typography_title_font_style":"normal","typography_title_text_decoration":"none","_element_width":"auto"},"elements":[],"isInner":false,"widgetType":"counter","elType":"widget"},{"id":"540aab30","settings":{"icon_list":[{"text":"Tincidunt dui ut ornare","icon":"fa fa-check","_id":"266fd1c","link":{"url":"","is_external":"","nofollow":""},"selected_icon":{"value":"fas fa-check","library":"fa-solid"}},{"text":"Erat imperdiet sed euismod","icon":"fa fa-check","_id":"dd7f268","link":{"url":"","is_external":"","nofollow":""},"selected_icon":{"value":"fas fa-check","library":"fa-solid"}},{"text":"Aliquam id diam maecenas","icon":"fa fa-check","_id":"404a2b7","link":{"url":"","is_external":"","nofollow":""},"selected_icon":{"value":"fas fa-check","library":"fa-solid"}}],"space_between":{"unit":"px","size":"24","sizes":[]},"icon_align_mobile":"center","divider":"yes","icon_color":"#6f4bf1","icon_size":{"unit":"px","size":"25","sizes":[]},"text_color":"#646a8c","text_indent":{"unit":"px","size":"13","sizes":[]},"icon_typography_typography":"custom","icon_typography_font_family":"Open Sans","icon_typography_font_size":{"unit":"em","size":"0.9","sizes":[]},"icon_typography_font_weight":"400","icon_typography_text_transform":"capitalize","icon_typography_font_style":"normal","icon_typography_text_decoration":"none","_padding":{"unit":"em","top":"2","right":"0","bottom":"2","left":"0","isLinked":""},"icon_align":"center","divider_weight":{"unit":"px","size":"2","sizes":[]},"divider_width":{"unit":"%","size":"87","sizes":[]},"divider_color":"rgba(221,221,221,0.23)"},"elements":[],"isInner":false,"widgetType":"icon-list","elType":"widget"},{"id":"46b6b906","settings":{"text":"details","size":"md","typography_typography":"custom","typography_font_family":"Ubuntu","typography_font_size":{"unit":"em","size":"1","sizes":[]},"typography_font_weight":"500","typography_text_transform":"uppercase","typography_font_style":"normal","typography_text_decoration":"none","typography_line_height":{"unit":"em","size":"1","sizes":[]},"typography_letter_spacing":{"unit":"px","size":"1.3","sizes":[]},"button_text_color":"#ffffff","background_color":"#6f4bf2","border_radius":{"unit":"px","top":"100","right":"100","bottom":"100","left":"100","isLinked":"1"},"hover_color":"#ffffff","button_background_hover_color":"#6f4bf2","button_hover_border_color":"#ffffff","hover_animation":"bob","border_border":"solid","border_width":{"unit":"px","top":"1","right":"1","bottom":"1","left":"1","isLinked":"1"},"border_color":"#6f4bf2","button_box_shadow_box_shadow_type":"yes","button_box_shadow_box_shadow":{"horizontal":"0","vertical":"0","blur":"10","spread":"0","color":"rgba(0,0,0,0.29)"},"_padding":{"unit":"em","top":"0","right":"0","bottom":"0","left":"0","isLinked":""},"_element_width":"auto","align_mobile":"justify","icon":"fa fa-angle-right","icon_align":"right","icon_indent":{"unit":"px","size":"15","sizes":[]},"_padding_mobile":{"unit":"em","top":"1","right":"0","bottom":"0","left":"0","isLinked":""},"_element_width_mobile":"inherit"},"elements":[],"isInner":false,"widgetType":"button","elType":"widget"}],"isInner":"1","elType":"column"}],"isInner":"1","elType":"section"}],"isInner":"","elType":"column"}],"isInner":"","elType":"section"},{"id":"2bd1a151","settings":{"html_tag":"section","structure":"20","background_background":"classic","background_color":"#6f4bf1","background_overlay_background":"classic","background_overlay_image":{"url":"http:\/\/sitefacilitado.com.br\/wp-content\/uploads\/2020\/03\/texture5.jpg","id":"901"},"background_overlay_opacity":{"unit":"px","size":"0.35","sizes":[]},"css_filters_css_filter":"custom","css_filters_saturate":{"unit":"px","size":"0","sizes":[]},"padding":{"unit":"em","top":"5","right":"1","bottom":"5","left":"1","isLinked":""}},"elements":[{"id":"71eb2485","settings":{"_column_size":"50","_inline_size":"66.316","content_position":"center","_inline_size_tablet":"50","align":"flex-start","padding":{"unit":"em","top":"0","right":"0","bottom":"0","left":"0","isLinked":""}},"elements":[{"id":"5541e3fa","settings":{"icon":"fa fa-cloud","align":"left","primary_color":"#ffffff","size":{"unit":"px","size":"97","sizes":[]},"align_mobile":"center"},"elements":[],"isInner":false,"widgetType":"icon","elType":"widget"},{"id":"551addf5","settings":{"title":"unlimited network storage","title_color":"#ffffff","typography_typography":"custom","typography_font_family":"Ubuntu","typography_font_size":{"unit":"em","size":"2.8","sizes":[]},"typography_font_weight":"700","typography_text_transform":"capitalize","typography_font_style":"normal","typography_text_decoration":"none","align":"left","align_mobile":"center","_z_index":"1"},"elements":[],"isInner":false,"widgetType":"heading","elType":"widget"},{"id":"723600c8","settings":{"title":"Security is essential to protecting your privacy.","title_color":"#ffffff","typography_typography":"custom","typography_font_family":"Ubuntu","typography_font_size":{"unit":"em","size":"1.3","sizes":[]},"typography_font_weight":"300","typography_font_style":"normal","typography_text_decoration":"none","align":"left","align_mobile":"left","typography_font_size_mobile":{"unit":"px","size":"19","sizes":[]},"typography_line_height":{"unit":"em","size":"1.3","sizes":[]},"_padding":{"unit":"em","top":"1","right":"0","bottom":"1","left":"0","isLinked":""}},"elements":[],"isInner":false,"widgetType":"heading","elType":"widget"},{"id":"52a73d6e","settings":{"icon":"fa fa-windows","primary_color":"#ffffff","_padding":{"unit":"em","top":"1","right":"1","bottom":"1","left":"1","isLinked":"1"},"_element_width":"auto","size":{"unit":"px","size":"26","sizes":[]}},"elements":[],"isInner":false,"widgetType":"icon","elType":"widget"},{"id":"5b9f1c5f","settings":{"icon":"fa fa-apple","primary_color":"#ffffff","_padding":{"unit":"em","top":"1","right":"1","bottom":"1","left":"1","isLinked":"1"},"_element_width":"auto","size":{"unit":"px","size":"26","sizes":[]}},"elements":[],"isInner":false,"widgetType":"icon","elType":"widget"},{"id":"2adfcf17","settings":{"icon":"fa fa-linux","primary_color":"#ffffff","_padding":{"unit":"em","top":"1","right":"1","bottom":"1","left":"1","isLinked":"1"},"_element_width":"auto","size":{"unit":"px","size":"26","sizes":[]}},"elements":[],"isInner":false,"widgetType":"icon","elType":"widget"},{"id":"64b174d2","settings":{"text":"try it now !","size":"md","typography_typography":"custom","typography_font_family":"Ubuntu","typography_font_size":{"unit":"em","size":"1","sizes":[]},"typography_font_weight":"500","typography_text_transform":"uppercase","typography_font_style":"normal","typography_text_decoration":"none","typography_line_height":{"unit":"em","size":"1","sizes":[]},"typography_letter_spacing":{"unit":"px","size":"1.3","sizes":[]},"button_text_color":"#6f4bf2","background_color":"#ffffff","border_radius":{"unit":"px","top":"100","right":"100","bottom":"100","left":"100","isLinked":"1"},"hover_color":"#ffffff","button_background_hover_color":"#6f4bf2","button_hover_border_color":"#6f4bf2","hover_animation":"bob","border_border":"solid","border_width":{"unit":"px","top":"2","right":"2","bottom":"2","left":"2","isLinked":"1"},"border_color":"#6f4bf2","button_box_shadow_box_shadow_type":"yes","button_box_shadow_box_shadow":{"horizontal":"0","vertical":"0","blur":"10","spread":"0","color":"rgba(0,0,0,0.35)"},"_padding":{"unit":"em","top":"0","right":"0","bottom":"0","left":"0","isLinked":""},"_element_width":"auto","align_mobile":"justify","icon":"fa fa-angle-right","icon_align":"right","icon_indent":{"unit":"px","size":"9","sizes":[]},"_padding_mobile":{"unit":"px","top":"0","right":"0","bottom":"0","left":"0","isLinked":""},"_element_width_mobile":"inherit","align":"left","_margin_mobile":{"unit":"px","top":"0","right":"0","bottom":"0","left":"0","isLinked":""}},"elements":[],"isInner":false,"widgetType":"button","elType":"widget"}],"isInner":"","elType":"column"},{"id":"5b2f0101","settings":{"_column_size":"50","_inline_size":"33.684","align":"space-evenly","background_background":"classic","background_color":"#ffffff","background_color_b":"#646a8c","background_gradient_angle":{"unit":"deg","size":"360","sizes":[]},"border_border":"solid","border_width":{"unit":"px","top":"0","right":"0","bottom":"0","left":"0","isLinked":"1"},"border_color":"#e4e4f2","border_radius":{"unit":"px","top":"5","right":"5","bottom":"5","left":"5","isLinked":"1"},"box_shadow_box_shadow_type":"yes","box_shadow_box_shadow":{"horizontal":"0","vertical":"0","blur":"10","spread":"0","color":"rgba(0,0,0,0.38)"},"margin":{"unit":"%","top":"3","right":"3","bottom":"3","left":"3","isLinked":"1"},"padding":{"unit":"em","top":"1","right":"1","bottom":"1","left":"1","isLinked":"1"},"_inline_size_tablet":"50"},"elements":[{"id":"ba385f","settings":{"title":"Advance Plan","title_color":"#ffffff","typography_typography":"custom","typography_font_family":"Ubuntu","typography_font_size":{"unit":"em","size":"1.5","sizes":[]},"typography_font_weight":"700","typography_text_transform":"capitalize","typography_font_style":"normal","typography_text_decoration":"none","header_size":"h3","align":"center","_padding":{"unit":"em","top":"2","right":"2","bottom":"2","left":"2","isLinked":"1"},"_background_background":"classic","_background_color":"#6f4bf1","_border_radius":{"unit":"px","top":"5","right":"5","bottom":"5","left":"5","isLinked":"1"}},"elements":[],"isInner":false,"widgetType":"heading","elType":"widget"},{"id":"5b29302b","settings":{"ending_number":"29.99","prefix":"$","title":"per month","number_color":"#343666","typography_number_typography":"custom","typography_number_font_family":"Ubuntu","typography_number_font_size":{"unit":"em","size":"5","sizes":[]},"typography_number_font_size_tablet":{"unit":"em","size":"3.5","sizes":[]},"typography_number_font_weight":"100","typography_number_text_transform":"none","typography_number_font_style":"normal","typography_number_text_decoration":"none","title_color":"#646a8c","typography_title_typography":"custom","typography_title_font_family":"Open Sans","typography_title_font_size":{"unit":"em","size":"1","sizes":[]},"typography_title_font_weight":"400","typography_title_text_transform":"capitalize","typography_title_font_style":"normal","typography_title_text_decoration":"none","_element_width":"auto"},"elements":[],"isInner":false,"widgetType":"counter","elType":"widget"},{"id":"b0c5a70","settings":{"icon_list":[{"text":"Tincidunt dui ut ornare","icon":"fa fa-check","_id":"266fd1c","link":{"url":"","is_external":"","nofollow":""},"selected_icon":{"value":"fas fa-check","library":"fa-solid"}},{"text":"Erat imperdiet sed euismod","icon":"fa fa-check","_id":"dd7f268","link":{"url":"","is_external":"","nofollow":""},"selected_icon":{"value":"fas fa-check","library":"fa-solid"}},{"text":"Aliquam id diam maecenas","icon":"fa fa-check","_id":"404a2b7","link":{"url":"","is_external":"","nofollow":""},"selected_icon":{"value":"fas fa-check","library":"fa-solid"}}],"space_between":{"unit":"px","size":"24","sizes":[]},"icon_align_mobile":"center","divider":"yes","icon_color":"#6f4bf1","icon_size":{"unit":"px","size":"25","sizes":[]},"text_color":"#646a8c","text_indent":{"unit":"px","size":"13","sizes":[]},"icon_typography_typography":"custom","icon_typography_font_family":"Open Sans","icon_typography_font_size":{"unit":"em","size":"0.9","sizes":[]},"icon_typography_font_weight":"400","icon_typography_text_transform":"capitalize","icon_typography_font_style":"normal","icon_typography_text_decoration":"none","_padding":{"unit":"em","top":"2","right":"0","bottom":"2","left":"0","isLinked":""},"icon_align":"center","divider_weight":{"unit":"px","size":"2","sizes":[]},"divider_width":{"unit":"%","size":"87","sizes":[]},"divider_color":"rgba(221,221,221,0.23)"},"elements":[],"isInner":false,"widgetType":"icon-list","elType":"widget"}],"isInner":"","elType":"column"}],"isInner":"","elType":"section"},{"id":"f390a7e","settings":{"height":"min-height","html_tag":"section","background_background":"classic","background_color":"#1c1b40","padding":{"unit":"em","top":"4","right":"1","bottom":"4","left":"1","isLinked":""}},"elements":[{"id":"42928b79","settings":{"_column_size":"100","margin":{"unit":"px","top":"0","right":"0","bottom":"0","left":"0","isLinked":""},"padding":{"unit":"px","top":"0","right":"0","bottom":"0","left":"0","isLinked":""}},"elements":[{"id":"296d7f28","settings":{"_margin":{"unit":"%","top":"0","right":"0","bottom":"-62","left":"-20","isLinked":""},"_background_background":"classic","_background_color":"#6f4bf1","_background_color_b":"#646a8c","_border_border":"solid","_border_width":{"unit":"px","top":"0","right":"0","bottom":"2","left":"0","isLinked":""},"_border_color":"#6f4bf2","_element_width":"initial","_element_custom_width":{"unit":"px","size":"50","sizes":[]},"_border_radius":{"unit":"px","top":"4","right":"4","bottom":"4","left":"4","isLinked":"1"}},"elements":[],"isInner":false,"widgetType":"spacer","elType":"widget"},{"id":"47956e2c","settings":{"title":"Comprehensive Network Services Solutions","title_color":"#ffffff","typography_typography":"custom","typography_font_family":"Ubuntu","typography_font_size":{"unit":"em","size":"2.8","sizes":[]},"typography_font_weight":"700","typography_text_transform":"capitalize","typography_font_style":"normal","typography_text_decoration":"none","align":"center","_margin":{"unit":"%","top":"0","right":"15","bottom":"0","left":"15","isLinked":""},"typography_font_size_mobile":{"unit":"px","size":"25","sizes":[]}},"elements":[],"isInner":false,"widgetType":"heading","elType":"widget"},{"id":"5b762bb0","settings":{"title":"Hackers and internet security threats become more sophisticated every day.\n","title_color":"#ffffff","typography_typography":"custom","typography_font_family":"Ubuntu","typography_font_size":{"unit":"em","size":"1.3","sizes":[]},"typography_font_weight":"300","typography_font_style":"normal","typography_text_decoration":"none","typography_line_height":{"unit":"em","size":"1.4","sizes":[]},"align":"center"},"elements":[],"isInner":false,"widgetType":"heading","elType":"widget"},{"id":"4818bf1a","settings":{"height_inner":"min-height","structure":"30","padding":{"unit":"em","top":"2","right":"1","bottom":"1","left":"1","isLinked":""},"padding_mobile":{"unit":"px","top":"0","right":"0","bottom":"0","left":"0","isLinked":""}},"elements":[{"id":"71b4f73d","settings":{"_column_size":"33","background_background":"classic","background_color":"#343666","background_color_b":"#646a8c","background_gradient_angle":{"unit":"deg","size":"360","sizes":[]},"box_shadow_box_shadow_type":"yes","box_shadow_box_shadow":{"horizontal":"0","vertical":"0","blur":"10","spread":"0","color":"rgba(0,0,0,0.38)"},"margin":{"unit":"%","top":"3","right":"3","bottom":"3","left":"3","isLinked":"1"},"padding":{"unit":"em","top":"1","right":"1","bottom":"1","left":"1","isLinked":"1"},"align":"space-evenly","border_border":"solid","border_width":{"unit":"px","top":"0","right":"0","bottom":"0","left":"0","isLinked":"1"},"border_color":"#e4e4f2","border_radius":{"unit":"px","top":"5","right":"5","bottom":"5","left":"5","isLinked":"1"}},"elements":[{"id":"fa54bc9","settings":{"image":{"url":"http:\/\/sitefacilitado.com.br\/wp-content\/uploads\/2020\/03\/undraw_online_organizer_ofxm-3.png","id":"886"},"_padding":{"unit":"em","top":"1","right":"1","bottom":"1","left":"1","isLinked":"1"},"image_custom_dimension":{"width":"400","height":"350"},"width":{"unit":"%","size":"91","sizes":[]}},"elements":[],"isInner":false,"widgetType":"image","elType":"widget"},{"id":"6b2a0473","settings":{"title":"file Routing &amp; switching\n","title_color":"#ffffff","typography_typography":"custom","typography_font_family":"Ubuntu","typography_font_size":{"unit":"em","size":"1.5","sizes":[]},"typography_font_weight":"400","typography_text_transform":"capitalize","typography_font_style":"normal","typography_text_decoration":"none","align":"center","header_size":"h3"},"elements":[],"isInner":false,"widgetType":"heading","elType":"widget"},{"id":"4d79c955","settings":{"editor":"<p>Lorem ipsum dolor sit amet, consectetur adipiscing elit, sed do eiusmod tempor incididunt ut labore et dolore magna.<\/p>","text_color":"#e4e4f2","typography_typography":"custom","typography_font_family":"Open Sans","typography_font_size":{"unit":"em","size":"1","sizes":[]},"typography_font_weight":"300","align":"center","typography_line_height":{"unit":"em","size":"1.6","sizes":[]}},"elements":[],"isInner":false,"widgetType":"text-editor","elType":"widget"}],"isInner":"1","elType":"column"},{"id":"7cec1351","settings":{"_column_size":"33","background_background":"classic","background_color":"#343666","background_color_b":"#646a8c","background_gradient_angle":{"unit":"deg","size":"360","sizes":[]},"box_shadow_box_shadow_type":"yes","box_shadow_box_shadow":{"horizontal":"0","vertical":"0","blur":"10","spread":"0","color":"rgba(0,0,0,0.38)"},"margin":{"unit":"%","top":"3","right":"3","bottom":"3","left":"3","isLinked":"1"},"padding":{"unit":"em","top":"1","right":"1","bottom":"1","left":"1","isLinked":"1"},"align":"space-evenly","border_border":"solid","border_width":{"unit":"px","top":"0","right":"0","bottom":"0","left":"0","isLinked":"1"},"border_color":"#e4e4f2","border_radius":{"unit":"px","top":"5","right":"5","bottom":"5","left":"5","isLinked":"1"}},"elements":[{"id":"32106cf8","settings":{"image":{"url":"http:\/\/sitefacilitado.com.br\/wp-content\/uploads\/2020\/03\/undraw_online_resume_qyys.png","id":"889"},"_padding":{"unit":"em","top":"1","right":"1","bottom":"1","left":"1","isLinked":"1"},"width":{"unit":"%","size":"72","sizes":[]}},"elements":[],"isInner":false,"widgetType":"image","elType":"widget"},{"id":"29415053","settings":{"title":"Security services.","title_color":"#ffffff","typography_typography":"custom","typography_font_family":"Ubuntu","typography_font_size":{"unit":"em","size":"1.5","sizes":[]},"typography_font_weight":"400","typography_text_transform":"capitalize","typography_font_style":"normal","typography_text_decoration":"none","header_size":"h3","align":"center"},"elements":[],"isInner":false,"widgetType":"heading","elType":"widget"},{"id":"5f5893d6","settings":{"editor":"<p>Lorem ipsum dolor sit amet, consectetur adipiscing elit, sed do eiusmod tempor incididunt ut labore et dolore magna.<\/p>","text_color":"#e4e4f2","typography_typography":"custom","typography_font_family":"Open Sans","typography_font_size":{"unit":"em","size":"1","sizes":[]},"typography_font_weight":"300","align":"center","typography_line_height":{"unit":"em","size":"1.6","sizes":[]}},"elements":[],"isInner":false,"widgetType":"text-editor","elType":"widget"}],"isInner":"1","elType":"column"},{"id":"61a37889","settings":{"_column_size":"33","background_background":"classic","background_color":"#343666","background_color_b":"#646a8c","background_gradient_angle":{"unit":"deg","size":"360","sizes":[]},"box_shadow_box_shadow_type":"yes","box_shadow_box_shadow":{"horizontal":"0","vertical":"0","blur":"10","spread":"0","color":"rgba(0,0,0,0.38)"},"margin":{"unit":"%","top":"3","right":"3","bottom":"3","left":"3","isLinked":"1"},"padding":{"unit":"em","top":"1","right":"1","bottom":"1","left":"1","isLinked":"1"},"align":"space-evenly","border_border":"solid","border_width":{"unit":"px","top":"0","right":"0","bottom":"0","left":"0","isLinked":"1"},"border_color":"#e4e4f2","border_radius":{"unit":"px","top":"5","right":"5","bottom":"5","left":"5","isLinked":"1"}},"elements":[{"id":"23b0c501","settings":{"image":{"url":"http:\/\/sitefacilitado.com.br\/wp-content\/uploads\/2020\/03\/undraw_online_resume_qyys_2.png","id":"890"},"_padding":{"unit":"em","top":"1","right":"1","bottom":"1","left":"1","isLinked":"1"},"width":{"unit":"%","size":"83","sizes":[]}},"elements":[],"isInner":false,"widgetType":"image","elType":"widget"},{"id":"56e8526d","settings":{"title":"WAN optimization","title_color":"#ffffff","typography_typography":"custom","typography_font_family":"Ubuntu","typography_font_size":{"unit":"em","size":"1.5","sizes":[]},"typography_font_weight":"400","typography_text_transform":"capitalize","typography_font_style":"normal","typography_text_decoration":"none","header_size":"h3","align":"center"},"elements":[],"isInner":false,"widgetType":"heading","elType":"widget"},{"id":"6a89f240","settings":{"editor":"<p>Lorem ipsum dolor sit amet, consectetur adipiscing elit, sed do eiusmod tempor incididunt ut labore et dolore magna.<\/p>","text_color":"#e4e4f2","typography_typography":"custom","typography_font_family":"Open Sans","typography_font_size":{"unit":"em","size":"1","sizes":[]},"typography_font_weight":"300","align":"center","typography_line_height":{"unit":"em","size":"1.6","sizes":[]}},"elements":[],"isInner":false,"widgetType":"text-editor","elType":"widget"}],"isInner":"1","elType":"column"}],"isInner":"1","elType":"section"}],"isInner":"","elType":"column"}],"isInner":"","elType":"section"},{"id":"6ed21859","settings":{"html_tag":"section","structure":"20","background_background":"classic","background_color":"#e4e4f2","background_overlay_background":"classic","background_overlay_opacity":{"unit":"px","size":"0.35","sizes":[]},"css_filters_css_filter":"custom","css_filters_saturate":{"unit":"px","size":"0","sizes":[]},"padding":{"unit":"em","top":"5","right":"1","bottom":"5","left":"1","isLinked":""},"padding_mobile":{"unit":"em","top":"1","right":"1","bottom":"1","left":"1","isLinked":"1"}},"elements":[{"id":"677d9185","settings":{"_column_size":"50","_inline_size":"58.947","content_position":"bottom","padding_mobile":{"unit":"px","top":"0","right":"0","bottom":"0","left":"0","isLinked":""}},"elements":[{"id":"2e375c22","settings":{"structure":"20"},"elements":[{"id":"4f4d3774","settings":{"_column_size":"50","margin_mobile":{"unit":"px","top":"0","right":"0","bottom":"0","left":"0","isLinked":"1"},"padding_mobile":{"unit":"em","top":"0","right":"0","bottom":"0","left":"0","isLinked":"1"}},"elements":[{"id":"2a7fc159","settings":{"testimonial_content":"\"Sodales ut etiam sit amet nisl. Tempor orci eu lobortis elementum nibh et sulla\"","testimonial_name":"andrea amstrong","testimonial_job":"company name","testimonial_alignment":"left","content_content_color":"#343666","content_typography_typography":"custom","content_typography_font_family":"Open Sans","content_typography_font_size":{"unit":"em","size":"0.9","sizes":[]},"content_typography_font_weight":"400","content_typography_text_transform":"none","content_typography_font_style":"normal","content_typography_text_decoration":"none","content_typography_line_height":{"unit":"em","size":"1.4","sizes":[]},"testimonial_image":{"url":"http:\/\/sitefacilitado.com.br\/wp-content\/uploads\/2020\/03\/woman1.jpg","id":"940"},"image_size":{"unit":"px","size":"47","sizes":[]},"image_border_border":"groove","image_border_width":{"unit":"px","top":"2","right":"2","bottom":"2","left":"2","isLinked":"1"},"image_border_color":"rgba(71,53,206,0.25)","name_text_color":"#6f4bf1","name_typography_typography":"custom","name_typography_font_family":"Ubuntu","name_typography_font_size":{"unit":"em","size":"1.1","sizes":[]},"name_typography_font_weight":"500","name_typography_text_transform":"capitalize","name_typography_font_style":"normal","name_typography_text_decoration":"none","name_typography_line_height":{"unit":"em","size":"1.1","sizes":[]},"job_text_color":"#351742","job_typography_typography":"custom","job_typography_font_family":"Open Sans","job_typography_font_size":{"unit":"em","size":"0.8","sizes":[]},"job_typography_font_weight":"300","job_typography_text_transform":"uppercase","job_typography_font_style":"normal","job_typography_text_decoration":"none","_margin":{"unit":"%","top":"3","right":"14","bottom":"3","left":"-8","isLinked":""},"_padding":{"unit":"em","top":"2","right":"2","bottom":"2","left":"2","isLinked":"1"},"_background_background":"classic","_background_color":"#ffffff","_border_radius":{"unit":"px","top":"6","right":"6","bottom":"6","left":"6","isLinked":"1"},"_box_shadow_box_shadow_type":"yes","_box_shadow_box_shadow":{"horizontal":"0","vertical":"0","blur":"6","spread":"0","color":"rgba(0,0,0,0.17)"},"_element_width":"initial","_element_custom_width":{"unit":"%","size":"100","sizes":[]},"_margin_mobile":{"unit":"px","top":"0","right":"0","bottom":"0","left":"0","isLinked":"1"}},"elements":[],"isInner":false,"widgetType":"testimonial","elType":"widget"}],"isInner":"1","elType":"column"},{"id":"1f41c654","settings":{"_column_size":"50"},"elements":[{"id":"44bb258d","settings":{"testimonial_content":"\"Hendrerit gravida rutrum quisque non tellus orci ac. Enim nulla aliquet porttitor lacus luctus. \"","testimonial_name":"andre rickhard","testimonial_job":"company name","testimonial_alignment":"left","content_content_color":"#343666","content_typography_typography":"custom","content_typography_font_family":"Open Sans","content_typography_font_size":{"unit":"em","size":"0.9","sizes":[]},"content_typography_font_weight":"400","content_typography_text_transform":"none","content_typography_font_style":"normal","content_typography_text_decoration":"none","content_typography_line_height":{"unit":"em","size":"1.4","sizes":[]},"testimonial_image":{"url":"http:\/\/sitefacilitado.com.br\/wp-content\/uploads\/2020\/03\/man1.jpg","id":"918"},"image_size":{"unit":"px","size":"47","sizes":[]},"image_border_border":"groove","image_border_width":{"unit":"px","top":"2","right":"2","bottom":"2","left":"2","isLinked":"1"},"image_border_color":"rgba(71,53,206,0.25)","name_text_color":"#6f4bf1","name_typography_typography":"custom","name_typography_font_family":"Ubuntu","name_typography_font_size":{"unit":"em","size":"1.1","sizes":[]},"name_typography_font_weight":"500","name_typography_text_transform":"capitalize","name_typography_font_style":"normal","name_typography_text_decoration":"none","name_typography_line_height":{"unit":"em","size":"1.1","sizes":[]},"job_text_color":"#351742","job_typography_typography":"custom","job_typography_font_family":"Open Sans","job_typography_font_size":{"unit":"em","size":"0.8","sizes":[]},"job_typography_font_weight":"300","job_typography_text_transform":"uppercase","job_typography_font_style":"normal","job_typography_text_decoration":"none","_margin":{"unit":"%","top":"3","right":"14","bottom":"3","left":"-8","isLinked":""},"_padding":{"unit":"em","top":"2","right":"2","bottom":"2","left":"2","isLinked":"1"},"_background_background":"classic","_background_color":"#ffffff","_border_radius":{"unit":"px","top":"6","right":"6","bottom":"6","left":"6","isLinked":"1"},"_box_shadow_box_shadow_type":"yes","_box_shadow_box_shadow":{"horizontal":"0","vertical":"0","blur":"6","spread":"0","color":"rgba(0,0,0,0.17)"},"_element_width":"initial","_element_custom_width":{"unit":"%","size":"100","sizes":[]},"_margin_mobile":{"unit":"px","top":"0","right":"0","bottom":"0","left":"0","isLinked":"1"}},"elements":[],"isInner":false,"widgetType":"testimonial","elType":"widget"}],"isInner":"1","elType":"column"}],"isInner":"1","elType":"section"},{"id":"28dd9cef","settings":{"structure":"20"},"elements":[{"id":"a66519e","settings":{"_column_size":"50"},"elements":[{"id":"6ac9e27f","settings":{"testimonial_content":"\"Pellentesque eu tincidunt tortor aliquam nulla facilisi cras. Feugiat pretium nibh ipsum\"","testimonial_name":"andre rickhard","testimonial_job":"company name","testimonial_alignment":"left","content_content_color":"#343666","content_typography_typography":"custom","content_typography_font_family":"Open Sans","content_typography_font_size":{"unit":"em","size":"0.9","sizes":[]},"content_typography_font_weight":"400","content_typography_text_transform":"none","content_typography_font_style":"normal","content_typography_text_decoration":"none","content_typography_line_height":{"unit":"em","size":"1.4","sizes":[]},"testimonial_image":{"url":"http:\/\/sitefacilitado.com.br\/wp-content\/uploads\/2020\/03\/man2.jpg","id":"917"},"image_size":{"unit":"px","size":"47","sizes":[]},"image_border_border":"groove","image_border_width":{"unit":"px","top":"2","right":"2","bottom":"2","left":"2","isLinked":"1"},"image_border_color":"rgba(71,53,206,0.25)","name_text_color":"#6f4bf1","name_typography_typography":"custom","name_typography_font_family":"Ubuntu","name_typography_font_size":{"unit":"em","size":"1.1","sizes":[]},"name_typography_font_weight":"500","name_typography_text_transform":"capitalize","name_typography_font_style":"normal","name_typography_text_decoration":"none","name_typography_line_height":{"unit":"em","size":"1.1","sizes":[]},"job_text_color":"#351742","job_typography_typography":"custom","job_typography_font_family":"Open Sans","job_typography_font_size":{"unit":"em","size":"0.8","sizes":[]},"job_typography_font_weight":"300","job_typography_text_transform":"uppercase","job_typography_font_style":"normal","job_typography_text_decoration":"none","_margin":{"unit":"%","top":"3","right":"14","bottom":"3","left":"-8","isLinked":""},"_padding":{"unit":"em","top":"2","right":"2","bottom":"2","left":"2","isLinked":"1"},"_background_background":"classic","_background_color":"#ffffff","_border_radius":{"unit":"px","top":"6","right":"6","bottom":"6","left":"6","isLinked":"1"},"_box_shadow_box_shadow_type":"yes","_box_shadow_box_shadow":{"horizontal":"0","vertical":"0","blur":"6","spread":"0","color":"rgba(0,0,0,0.17)"},"_element_width":"initial","_element_custom_width":{"unit":"%","size":"100","sizes":[]},"_margin_mobile":{"unit":"px","top":"0","right":"0","bottom":"0","left":"0","isLinked":"1"}},"elements":[],"isInner":false,"widgetType":"testimonial","elType":"widget"}],"isInner":"1","elType":"column"},{"id":"69be8385","settings":{"_column_size":"50"},"elements":[{"id":"68bd9831","settings":{"testimonial_content":"\"Ut consequat semper viverra nam libero justo laoreet. Viverra justo nec ultrices dui sapien\"","testimonial_name":"andre rickhard","testimonial_job":"company name","testimonial_alignment":"left","content_content_color":"#343666","content_typography_typography":"custom","content_typography_font_family":"Open Sans","content_typography_font_size":{"unit":"em","size":"0.9","sizes":[]},"content_typography_font_weight":"400","content_typography_text_transform":"none","content_typography_font_style":"normal","content_typography_text_decoration":"none","content_typography_line_height":{"unit":"em","size":"1.4","sizes":[]},"testimonial_image":{"url":"http:\/\/sitefacilitado.com.br\/wp-content\/uploads\/2020\/03\/man3.jpg","id":"916"},"image_size":{"unit":"px","size":"47","sizes":[]},"image_border_border":"groove","image_border_width":{"unit":"px","top":"2","right":"2","bottom":"2","left":"2","isLinked":"1"},"image_border_color":"rgba(71,53,206,0.25)","name_text_color":"#6f4bf1","name_typography_typography":"custom","name_typography_font_family":"Ubuntu","name_typography_font_size":{"unit":"em","size":"1.1","sizes":[]},"name_typography_font_weight":"500","name_typography_text_transform":"capitalize","name_typography_font_style":"normal","name_typography_text_decoration":"none","name_typography_line_height":{"unit":"em","size":"1.1","sizes":[]},"job_text_color":"#351742","job_typography_typography":"custom","job_typography_font_family":"Open Sans","job_typography_font_size":{"unit":"em","size":"0.8","sizes":[]},"job_typography_font_weight":"300","job_typography_text_transform":"uppercase","job_typography_font_style":"normal","job_typography_text_decoration":"none","_margin":{"unit":"%","top":"3","right":"14","bottom":"3","left":"-8","isLinked":""},"_padding":{"unit":"em","top":"2","right":"2","bottom":"2","left":"2","isLinked":"1"},"_background_background":"classic","_background_color":"#ffffff","_border_radius":{"unit":"px","top":"6","right":"6","bottom":"6","left":"6","isLinked":"1"},"_box_shadow_box_shadow_type":"yes","_box_shadow_box_shadow":{"horizontal":"0","vertical":"0","blur":"6","spread":"0","color":"rgba(0,0,0,0.17)"},"_element_width":"initial","_element_custom_width":{"unit":"%","size":"100","sizes":[]},"_margin_mobile":{"unit":"px","top":"0","right":"0","bottom":"0","left":"0","isLinked":"1"}},"elements":[],"isInner":false,"widgetType":"testimonial","elType":"widget"}],"isInner":"1","elType":"column"}],"isInner":"1","elType":"section"}],"isInner":"","elType":"column"},{"id":"6b445cc5","settings":{"_column_size":"50","_inline_size":"41.053","content_position":"center","space_between_widgets":"1"},"elements":[{"id":"d779abc","settings":{"image":{"url":"http:\/\/sitefacilitado.com.br\/wp-content\/uploads\/2020\/03\/undraw_chat_1wo5.png","id":"888"},"align":"left","width":{"unit":"%","size":"26","sizes":[]},"align_mobile":"center","width_mobile":{"unit":"%","size":"47","sizes":[]}},"elements":[],"isInner":false,"widgetType":"image","elType":"widget"},{"id":"42f393c8","settings":{"title":"clients comments","title_color":"#6f4bf1","typography_typography":"custom","typography_font_family":"Ubuntu","typography_font_size":{"unit":"em","size":"1.2","sizes":[]},"typography_font_weight":"700","typography_text_transform":"capitalize","typography_font_style":"italic","typography_text_decoration":"none","header_size":"span","align":"left","typography_line_height":{"unit":"em","size":"1.3","sizes":[]},"_margin":{"unit":"%","top":"0","right":"0","bottom":"0","left":"0","isLinked":""},"_padding":{"unit":"em","top":"1","right":"0","bottom":"0","left":"0","isLinked":""},"align_mobile":"center"},"elements":[],"isInner":false,"widgetType":"heading","elType":"widget"},{"id":"665259bb","settings":{"title":"Join Thousands of Happy Customers","title_color":"#343666","typography_typography":"custom","typography_font_family":"Ubuntu","typography_font_size":{"unit":"em","size":"2.8","sizes":[]},"typography_font_weight":"700","typography_text_transform":"capitalize","typography_font_style":"normal","typography_text_decoration":"none","align":"left","align_mobile":"center","typography_font_size_mobile":{"unit":"px","size":"32","sizes":[]}},"elements":[],"isInner":false,"widgetType":"heading","elType":"widget"},{"id":"b31dc4","settings":{"text":"start free trial","size":"md","typography_typography":"custom","typography_font_family":"Ubuntu","typography_font_size":{"unit":"em","size":"1","sizes":[]},"typography_font_weight":"300","typography_text_transform":"uppercase","typography_font_style":"normal","typography_text_decoration":"none","typography_line_height":{"unit":"em","size":"1","sizes":[]},"typography_letter_spacing":{"unit":"px","size":"1.3","sizes":[]},"button_text_color":"#ffffff","background_color":"#6f4bf2","border_radius":{"unit":"px","top":"100","right":"100","bottom":"100","left":"100","isLinked":"1"},"icon":"fa fa-angle-right","icon_align":"right","hover_color":"#ffffff","button_background_hover_color":"#6f4bf2","button_hover_border_color":"#ffffff","hover_animation":"bob","border_border":"solid","border_width":{"unit":"px","top":"1","right":"1","bottom":"1","left":"1","isLinked":"1"},"border_color":"#6f4bf2","button_box_shadow_box_shadow_type":"yes","button_box_shadow_box_shadow":{"horizontal":"0","vertical":"0","blur":"10","spread":"0","color":"rgba(0,0,0,0.29)"},"_padding":{"unit":"em","top":"2","right":"1","bottom":"0","left":"0","isLinked":""},"align_mobile":"justify","_margin_mobile":{"unit":"px","top":"0","right":"0","bottom":"0","left":"0","isLinked":""},"_padding_mobile":{"unit":"em","top":"","right":"","bottom":"","left":"","isLinked":""},"_element_width_mobile":"inherit","_animation":"fadeInUp","align":"left"},"elements":[],"isInner":false,"widgetType":"button","elType":"widget"}],"isInner":"","elType":"column"}],"isInner":"","elType":"section"}]}