{"version":"0.4","title":"Servi\u00e7os de rede 8","type":"page","content":[{"id":"6e7e8817","settings":{"height":"min-height","custom_height":{"unit":"vh","size":"50","sizes":[]},"background_background":"classic","background_color":"#1c1b40","structure":"20","html_tag":"section","padding_tablet":{"unit":"em","top":"3","right":"1","bottom":"3","left":"1","isLinked":""},"padding":{"unit":"em","top":"2","right":"0","bottom":"2","left":"0","isLinked":""},"background_overlay_background":"classic","background_overlay_image":{"url":"http:\/\/sitefacilitado.com.br\/wp-content\/uploads\/2020\/03\/texture5.jpg","id":"901"},"background_overlay_position":"center center","background_overlay_size":"cover","background_overlay_opacity":{"unit":"px","size":"0.1","sizes":[]},"overlay_blend_mode":"luminosity"},"elements":[{"id":"28b6cc0c","settings":{"_column_size":"50","content_position":"center","padding":{"unit":"em","top":"1","right":"2","bottom":"1","left":"1","isLinked":""},"_inline_size_tablet":"100"},"elements":[{"id":"4af87648","settings":{"title":"Contact Us now!","title_color":"#ffffff","typography_typography":"custom","typography_font_family":"Ubuntu","typography_font_size":{"unit":"em","size":"3.5","sizes":[]},"typography_font_weight":"700","typography_text_transform":"capitalize","typography_font_style":"normal","typography_text_decoration":"none","header_size":"h1","align":"left","align_tablet":"center","typography_font_size_mobile":{"unit":"em","size":"3","sizes":[]},"_margin":{"unit":"%","top":"0","right":"0","bottom":"0","left":"0","isLinked":""},"_padding":{"unit":"em","top":"1","right":"0","bottom":"0","left":"0","isLinked":""},"_z_index":"1"},"elements":[],"isInner":false,"widgetType":"heading","elType":"widget"},{"id":"22cc85f8","settings":{"title":"A pellentesque sit amet porttitor eget dolor morbi. Id interdum velit.","title_color":"#ffffff","typography_typography":"custom","typography_font_family":"Ubuntu","typography_font_size":{"unit":"em","size":"1.3","sizes":[]},"typography_font_weight":"300","typography_font_style":"normal","typography_text_decoration":"none","header_size":"h3","align":"left","typography_line_height":{"unit":"em","size":"1.3","sizes":[]},"_margin":{"unit":"%","top":"0","right":"0","bottom":"0","left":"0","isLinked":""},"align_tablet":"center","_padding":{"unit":"em","top":"0","right":"5","bottom":"0","left":"0","isLinked":""},"_padding_tablet":{"unit":"em","top":"1","right":"1","bottom":"1","left":"1","isLinked":"1"}},"elements":[],"isInner":false,"widgetType":"heading","elType":"widget"},{"id":"1ad97025","settings":{"structure":"20","animation":"fadeIn","animation_delay":"300"},"elements":[{"id":"199b738a","settings":{"_column_size":"50","_inline_size":"45.019","space_between_widgets":"0","border_width":{"unit":"px","top":"0","right":"2","bottom":"0","left":"2","isLinked":""},"border_color":"#646a8c","padding":{"unit":"em","top":"1","right":"4","bottom":"1","left":"1","isLinked":""},"_inline_size_tablet":"50","padding_mobile":{"unit":"px","top":"0","right":"0","bottom":"0","left":"0","isLinked":"1"}},"elements":[{"id":"40410a5c","settings":{"icon":"fa fa-envelope","title_text":"name@company.co","description_text":"","position":"left","title_size":"span","primary_color":"#ffffff","icon_size":{"unit":"px","size":"16","sizes":[]},"title_color":"#6f4bf1","title_typography_typography":"custom","title_typography_font_family":"Ubuntu","title_typography_font_weight":"400","description_color":"#ffffff","description_typography_typography":"custom","description_typography_font_family":"Ubuntu","description_typography_font_size":{"unit":"rem","size":"0.8","sizes":[]},"description_typography_line_height":{"unit":"em","size":"1.4","sizes":[]},"title_typography_font_size":{"unit":"rem","size":"1.1","sizes":[]}},"elements":[],"isInner":false,"widgetType":"icon-box","elType":"widget"}],"isInner":"1","elType":"column"},{"id":"3690cf7a","settings":{"_column_size":"50","_inline_size":"54.981","space_between_widgets":"0","border_border":"solid","border_width":{"unit":"px","top":"0","right":"0","bottom":"0","left":"1","isLinked":""},"border_color":"rgba(100,106,140,0.36)","padding":{"unit":"em","top":"1","right":"1","bottom":"1","left":"3","isLinked":""},"_inline_size_tablet":"50","padding_mobile":{"unit":"em","top":"1","right":"0","bottom":"0","left":"0","isLinked":""}},"elements":[{"id":"231413c1","settings":{"icon":"fa fa-phone","title_text":"(818) 555 5555","description_text":"","position":"left","title_size":"span","primary_color":"#ffffff","icon_size":{"unit":"px","size":"16","sizes":[]},"title_color":"#6f4bf1","title_typography_typography":"custom","title_typography_font_family":"Ubuntu","title_typography_font_weight":"400","description_color":"#ffffff","description_typography_typography":"custom","description_typography_font_family":"Ubuntu","description_typography_font_size":{"unit":"rem","size":"0.8","sizes":[]},"description_typography_line_height":{"unit":"em","size":"1.4","sizes":[]},"title_typography_font_size":{"unit":"rem","size":"1.1","sizes":[]}},"elements":[],"isInner":false,"widgetType":"icon-box","elType":"widget"}],"isInner":"1","elType":"column"}],"isInner":"1","elType":"section"},{"id":"d104a88","settings":{"social_icon_list":[{"social":"fa fa-facebook","_id":"f815f06","link":{"url":"","is_external":"true","nofollow":""},"social_icon":{"value":"fab fa-wordpress","library":"fa-brands"},"item_icon_color":"default","item_icon_primary_color":"","item_icon_secondary_color":""},{"social":"fa fa-twitter","_id":"abe60fa","link":{"url":"","is_external":"true","nofollow":""},"social_icon":{"value":"fab fa-wordpress","library":"fa-brands"},"item_icon_color":"default","item_icon_primary_color":"","item_icon_secondary_color":""},{"social":"fa fa-whatsapp","link":{"url":"","is_external":"true","nofollow":""},"_id":"68ee67e","social_icon":{"value":"fab fa-wordpress","library":"fa-brands"},"item_icon_color":"default","item_icon_primary_color":"","item_icon_secondary_color":""}],"icon_color":"custom","icon_primary_color":"#1c1b40","icon_secondary_color":"#6f4bf1","icon_size":{"unit":"px","size":"25","sizes":[]},"icon_padding":{"unit":"em","size":"0.6","sizes":[]},"icon_spacing":{"unit":"px","size":"39","sizes":[]},"hover_animation":"float","align":"left","align_tablet":"center","_padding":{"unit":"em","top":"1","right":"0","bottom":"0","left":"0","isLinked":""}},"elements":[],"isInner":false,"widgetType":"social-icons","elType":"widget"},{"id":"693fff59","settings":{"_margin":{"unit":"%","top":"0","right":"0","bottom":"-62","left":"-20","isLinked":""},"_background_background":"classic","_background_color":"#6f4bf1","_background_color_b":"#646a8c","_border_border":"solid","_border_width":{"unit":"px","top":"0","right":"0","bottom":"2","left":"0","isLinked":""},"_border_color":"#6f4bf2","_element_width":"initial","_element_custom_width":{"unit":"px","size":"50","sizes":[]},"_z_index":"0","_position":"absolute","_offset_x_tablet":{"size":"110","unit":"px"},"_offset_x_mobile":{"size":"52","unit":"px"},"_offset_y_tablet":{"size":"2","unit":"px"},"_offset_y_mobile":{"size":"-9","unit":"px"}},"elements":[],"isInner":false,"widgetType":"spacer","elType":"widget"}],"isInner":"","elType":"column"},{"id":"bfd80a5","settings":{"_column_size":"50","space_between_widgets":"10","background_background":"classic","background_color":"#343666","background_color_b":"#343666","background_hover_background":"classic","background_hover_color":"#343666","background_hover_color_b":"#343666","background_hover_transition":{"unit":"px","size":"2.3","sizes":[]},"border_border":"solid","border_width":{"unit":"px","top":"1","right":"1","bottom":"1","left":"1","isLinked":"1"},"border_color":"#343666","border_radius":{"unit":"px","top":"5","right":"5","bottom":"5","left":"5","isLinked":"1"},"box_shadow_box_shadow":{"horizontal":"0","vertical":"0","blur":"10","spread":"0","color":"rgba(100,106,140,0.44)"},"border_hover_border":"solid","border_hover_width":{"unit":"px","top":"1","right":"1","bottom":"1","left":"1","isLinked":"1"},"border_hover_color":"#6f4bf1","margin":{"unit":"%","top":"3","right":"3","bottom":"3","left":"3","isLinked":"1"},"padding":{"unit":"em","top":"3","right":"1","bottom":"3","left":"1","isLinked":""},"animation":"fadeInUp","_inline_size_tablet":"100","margin_tablet":{"unit":"px","top":"0","right":"0","bottom":"0","left":"0","isLinked":""}},"elements":[{"id":"1456ed0e","settings":{"title":"A pellentesque sit amet porttitor eget dolor","title_color":"#ffffff","typography_typography":"custom","typography_font_family":"Ubuntu","typography_font_size":{"unit":"em","size":"1.4","sizes":[]},"typography_font_weight":"500","typography_text_transform":"capitalize","typography_font_style":"normal","typography_text_decoration":"none","header_size":"h3","align":"center","typography_line_height":{"unit":"em","size":"1.3","sizes":[]},"_margin":{"unit":"%","top":"0","right":"0","bottom":"0","left":"0","isLinked":""}},"elements":[],"isInner":false,"widgetType":"heading","elType":"widget"},{"id":"6386f0bf","settings":{"form_name":"New Form","form_fields":[{"custom_id":"name","field_type":"text","field_label":"Name","placeholder":"Name","width":"50","_id":"5c03402","required":"","field_options":"","allow_multiple":"","select_size":"","inline_list":"","field_html":"","width_tablet":"","width_mobile":"","rows":"4","recaptcha_size":"normal","recaptcha_style":"light","css_classes":"","field_value":"","recaptcha_badge":"bottomright"},{"custom_id":"field_1","field_type":"text","field_label":"Company","placeholder":"Company","width":"50","_id":"d1fc524","required":"","field_options":"","allow_multiple":"","select_size":"","inline_list":"","field_html":"","width_tablet":"","width_mobile":"","rows":"4","recaptcha_size":"normal","recaptcha_style":"light","css_classes":"","field_value":"","recaptcha_badge":"bottomright"},{"custom_id":"email","field_type":"email","required":"true","field_label":"Email","placeholder":"Email","width":"100","_id":"87f9622","field_options":"","allow_multiple":"","select_size":"","inline_list":"","field_html":"","width_tablet":"","width_mobile":"","rows":"4","recaptcha_size":"normal","recaptcha_style":"light","css_classes":"","field_value":"","recaptcha_badge":"bottomright"},{"custom_id":"message","field_type":"textarea","field_label":"Message","placeholder":"Message","width":"100","_id":"2848bd2","required":"","field_options":"","allow_multiple":"","select_size":"","inline_list":"","field_html":"","width_tablet":"","width_mobile":"","rows":"4","recaptcha_size":"normal","recaptcha_style":"light","css_classes":"","field_value":"","recaptcha_badge":"bottomright"}],"input_size":"md","show_labels":"","button_text":"Send","button_size":"md","email_content":"[all-fields]","email_content_2":"[all-fields]","success_message":"The form was sent successfully.","error_message":"An error occured.","required_field_message":"This field is required.","invalid_message":"There's something wrong. The form is invalid.","column_gap":{"unit":"px","size":"17","sizes":[]},"row_gap":{"unit":"px","size":"17","sizes":[]},"button_background_color":"#6f4bf1","_padding":{"unit":"em","top":"1","right":"1","bottom":"1","left":"1","isLinked":"1"},"button_border_radius":{"unit":"px","top":"30","right":"30","bottom":"30","left":"30","isLinked":"1"}},"elements":[],"isInner":false,"widgetType":"form","elType":"widget"}],"isInner":"","elType":"column"}],"isInner":"","elType":"section"},{"id":"5e09cdd1","settings":{"background_background":"classic","padding":{"unit":"em","top":"4","right":"1","bottom":"4","left":"1","isLinked":""},"html_tag":"section","background_color":"#ffffff"},"elements":[{"id":"52affb5c","settings":{"_column_size":"100","space_between_widgets":"10","margin_mobile":{"unit":"px","top":"0","right":"0","bottom":"0","left":"0","isLinked":""},"padding_mobile":{"unit":"px","top":"0","right":"0","bottom":"0","left":"0","isLinked":""}},"elements":[{"id":"b3b52a","settings":{"title":"all you should now","title_color":"#6f4bf1","typography_typography":"custom","typography_font_family":"Ubuntu","typography_font_size":{"unit":"em","size":"1.2","sizes":[]},"typography_font_weight":"700","typography_text_transform":"capitalize","typography_font_style":"italic","typography_text_decoration":"none","header_size":"h3","align":"center","typography_line_height":{"unit":"em","size":"1.3","sizes":[]},"_margin":{"unit":"%","top":"0","right":"0","bottom":"0","left":"0","isLinked":""},"_padding":{"unit":"em","top":"1","right":"0","bottom":"0","left":"0","isLinked":""}},"elements":[],"isInner":false,"widgetType":"heading","elType":"widget"},{"id":"c3a0b03","settings":{"title":"Frequently asked questions","title_color":"#343666","typography_typography":"custom","typography_font_family":"Ubuntu","typography_font_size":{"unit":"em","size":"2.8","sizes":[]},"typography_font_weight":"700","typography_text_transform":"capitalize","typography_font_style":"normal","typography_text_decoration":"none","align":"center","_z_index":"1"},"elements":[],"isInner":false,"widgetType":"heading","elType":"widget"},{"id":"79b77815","settings":{"title":" A pellentesque sit amet porttitor eget dolor morbi. Id interdum velit laoreet id donec ultrices.","title_color":"#343666","typography_typography":"custom","typography_font_family":"Ubuntu","typography_font_size":{"unit":"em","size":"1.3","sizes":[]},"typography_font_weight":"300","typography_font_style":"normal","typography_text_decoration":"none","header_size":"h3","align":"center","typography_line_height":{"unit":"em","size":"1.4","sizes":[]}},"elements":[],"isInner":false,"widgetType":"heading","elType":"widget"},{"id":"2ba20c37","settings":[],"elements":[],"isInner":false,"widgetType":"spacer","elType":"widget"},{"id":"2822c1af","settings":{"structure":"20","padding":{"unit":"em","top":"2","right":"0","bottom":"0","left":"0","isLinked":""}},"elements":[{"id":"630bd74f","settings":{"_column_size":"50","align":"space-evenly","background_background":"classic","background_color":"#ffffff","border_radius":{"unit":"px","top":"5","right":"5","bottom":"5","left":"5","isLinked":"1"},"box_shadow_box_shadow_type":"yes","margin":{"unit":"%","top":"3","right":"3","bottom":"3","left":"3","isLinked":"1"},"padding":{"unit":"em","top":"1","right":"3","bottom":"3","left":"3","isLinked":""},"padding_mobile":{"unit":"em","top":"1","right":"1","bottom":"1","left":"1","isLinked":"1"},"background_color_b":"#646a8c","background_gradient_angle":{"unit":"deg","size":"360","sizes":[]},"border_border":"solid","border_width":{"unit":"px","top":"0","right":"0","bottom":"0","left":"0","isLinked":"1"},"border_color":"#e4e4f2","box_shadow_box_shadow":{"horizontal":"0","vertical":"0","blur":"27","spread":"0","color":"rgba(0,0,0,0.08)"}},"elements":[{"id":"358d2bb2","settings":{"icon":"fa fa-tasks","primary_color":"#6f4bf1","size":{"unit":"px","size":"52","sizes":[]},"_padding":{"unit":"px","top":"20","right":"20","bottom":"20","left":"20","isLinked":"1"},"_background_background":"classic","_background_color":"#343666","_border_radius":{"unit":"px","top":"5","right":"5","bottom":"5","left":"5","isLinked":"1"},"_element_width":"initial","_border_border":"solid","_border_width":{"unit":"px","top":"1","right":"1","bottom":"1","left":"1","isLinked":"1"},"_border_color":"#6f4bf1","_margin":{"unit":"px","top":"-41","right":"0","bottom":"0","left":"0","isLinked":""}},"elements":[],"isInner":false,"widgetType":"icon","elType":"widget"},{"id":"6cb28d2e","settings":{"title":"hardware related questions","title_color":"#343666","typography_typography":"custom","typography_font_family":"Ubuntu","typography_font_size":{"unit":"em","size":"1.5","sizes":[]},"typography_font_weight":"500","typography_text_transform":"capitalize","typography_font_style":"normal","typography_text_decoration":"none","header_size":"h3","align":"center","typography_line_height":{"unit":"em","size":"1.2","sizes":[]},"_padding":{"unit":"em","top":"1","right":"0","bottom":"0","left":"0","isLinked":""}},"elements":[],"isInner":false,"widgetType":"heading","elType":"widget"},{"id":"4357c914","settings":{"color":"#f2f2f2","weight":{"unit":"px","size":"2","sizes":[]},"text":"Divisor"},"elements":[],"isInner":false,"widgetType":"divider","elType":"widget"},{"id":"2cd62608","settings":{"tabs":[{"tab_title":"Tristique senectus et netus et","tab_content":"<p>Placerat orci nulla pellentesque dignissim. Aliquam id diam maecenas ultricies mi eget mauris pharetra. Cursus vitae congue mauris rhoncus aenean vel elit scelerisque mauris.<\/p>","_id":"b22ef83"},{"tab_title":"Rhoncus urna neque viverra justo nec ultrices dui ?","tab_content":"<p>Click edit button to change this text. Lorem ipsum dolor sit amet, consectetur adipiscing elit. Ut elit tellus, luctus nec ullamcorper mattis, pulvinar dapibus leo.<\/p>","_id":"435d568"},{"tab_title":"Leo urna molestie at elementum eu facilisis sed odio ?","tab_content":"<p>Click edit button to change this text. Lorem ipsum dolor sit amet, consectetur adipiscing elit. Ut elit tellus, luctus nec ullamcorper mattis, pulvinar dapibus leo.<\/p>","_id":"48fd395"}],"icon":"fa fa-plus-square-o","icon_active":"fa fa-minus-square-o","border_width":{"unit":"px","size":"2","sizes":[]},"border_color":"#ffffff","title_background":"#e4e4f2","title_color":"#343666","tab_active_color":"#6f4bf1","title_typography_typography":"custom","title_typography_font_family":"Ubuntu","title_typography_font_size":{"unit":"em","size":"0.9","sizes":[]},"title_typography_font_weight":"500","title_typography_font_style":"normal","title_typography_text_decoration":"none","title_typography_line_height":{"unit":"em","size":"1.3","sizes":[]},"title_padding":{"unit":"em","top":"1","right":"1","bottom":"1","left":"1","isLinked":"1"},"content_background_color":"#ffffff","content_color":"#343666","content_typography_typography":"custom","content_typography_font_family":"Open Sans","content_typography_font_size":{"unit":"em","size":"0.9","sizes":[]},"content_typography_font_weight":"400","content_typography_text_transform":"none","content_typography_font_style":"normal","content_typography_text_decoration":"none","content_typography_line_height":{"unit":"em","size":"1.6","sizes":[]},"_border_radius":{"unit":"px","top":"8","right":"8","bottom":"8","left":"8","isLinked":"1"}},"elements":[],"isInner":false,"widgetType":"accordion","elType":"widget"}],"isInner":"1","elType":"column"},{"id":"5bcbf934","settings":{"_column_size":"50","align":"space-evenly","background_background":"classic","background_color":"#ffffff","border_radius":{"unit":"px","top":"5","right":"5","bottom":"5","left":"5","isLinked":"1"},"box_shadow_box_shadow_type":"yes","margin":{"unit":"%","top":"3","right":"3","bottom":"3","left":"3","isLinked":"1"},"padding":{"unit":"em","top":"1","right":"3","bottom":"3","left":"3","isLinked":""},"padding_mobile":{"unit":"em","top":"1","right":"1","bottom":"1","left":"1","isLinked":"1"},"background_color_b":"#646a8c","background_gradient_angle":{"unit":"deg","size":"360","sizes":[]},"border_border":"solid","border_width":{"unit":"px","top":"0","right":"0","bottom":"0","left":"0","isLinked":"1"},"border_color":"#e4e4f2","box_shadow_box_shadow":{"horizontal":"0","vertical":"0","blur":"27","spread":"0","color":"rgba(0,0,0,0.08)"}},"elements":[{"id":"17f0cc9f","settings":{"icon":"fa fa-television","primary_color":"#6f4bf1","size":{"unit":"px","size":"52","sizes":[]},"_padding":{"unit":"px","top":"20","right":"20","bottom":"20","left":"20","isLinked":"1"},"_background_background":"classic","_background_color":"#343666","_border_radius":{"unit":"px","top":"5","right":"5","bottom":"5","left":"5","isLinked":"1"},"_element_width":"initial","_border_border":"solid","_border_width":{"unit":"px","top":"1","right":"1","bottom":"1","left":"1","isLinked":"1"},"_border_color":"#6f4bf1","_margin":{"unit":"px","top":"-41","right":"0","bottom":"0","left":"0","isLinked":""}},"elements":[],"isInner":false,"widgetType":"icon","elType":"widget"},{"id":"4d2cc1a","settings":{"title":"Software related questions","title_color":"#343666","typography_typography":"custom","typography_font_family":"Ubuntu","typography_font_size":{"unit":"em","size":"1.5","sizes":[]},"typography_font_weight":"500","typography_text_transform":"capitalize","typography_font_style":"normal","typography_text_decoration":"none","header_size":"h3","align":"center","typography_line_height":{"unit":"em","size":"1.2","sizes":[]},"_padding":{"unit":"em","top":"1","right":"0","bottom":"0","left":"0","isLinked":""}},"elements":[],"isInner":false,"widgetType":"heading","elType":"widget"},{"id":"254596aa","settings":{"color":"#f2f2f2","weight":{"unit":"px","size":"2","sizes":[]},"text":"Divisor"},"elements":[],"isInner":false,"widgetType":"divider","elType":"widget"},{"id":"3c8963e3","settings":{"tabs":[{"tab_title":"Rhoncus urna neque viverra justo nec ultrices dui ?","tab_content":"Click edit button to change this text. Lorem ipsum dolor sit amet, consectetur adipiscing elit. Ut elit tellus, luctus nec ullamcorper mattis, pulvinar dapibus leo.","_id":"387f4ac"},{"tab_title":"Tristique senectus et netus et","tab_content":"<p>Placerat orci nulla pellentesque dignissim. Aliquam id diam maecenas ultricies mi eget mauris pharetra. Cursus vitae congue mauris rhoncus aenean vel elit scelerisque mauris.<\/p>","_id":"b22ef83"},{"tab_title":"Et malesuada fames ac turpis egestas ?","tab_content":"Click edit button to change this text. Lorem ipsum dolor sit amet, consectetur adipiscing elit. Ut elit tellus, luctus nec ullamcorper mattis, pulvinar dapibus leo.","_id":"48fd395"}],"icon":"fa fa-plus-square-o","icon_active":"fa fa-minus-square-o","border_width":{"unit":"px","size":"2","sizes":[]},"border_color":"#ffffff","title_background":"#e4e4f2","title_color":"#343666","tab_active_color":"#6f4bf1","title_typography_typography":"custom","title_typography_font_family":"Ubuntu","title_typography_font_size":{"unit":"em","size":"0.9","sizes":[]},"title_typography_font_weight":"500","title_typography_font_style":"normal","title_typography_text_decoration":"none","title_typography_line_height":{"unit":"em","size":"1.3","sizes":[]},"title_padding":{"unit":"em","top":"1","right":"1","bottom":"1","left":"1","isLinked":"1"},"content_background_color":"#ffffff","content_color":"#343666","content_typography_typography":"custom","content_typography_font_family":"Open Sans","content_typography_font_size":{"unit":"em","size":"0.9","sizes":[]},"content_typography_font_weight":"400","content_typography_text_transform":"none","content_typography_font_style":"normal","content_typography_text_decoration":"none","content_typography_line_height":{"unit":"em","size":"1.6","sizes":[]},"_border_radius":{"unit":"px","top":"8","right":"8","bottom":"8","left":"8","isLinked":"1"}},"elements":[],"isInner":false,"widgetType":"accordion","elType":"widget"}],"isInner":"1","elType":"column"}],"isInner":"1","elType":"section"}],"isInner":"","elType":"column"}],"isInner":"","elType":"section"},{"id":"4b0e2228","settings":{"padding":{"unit":"em","top":"6","right":"1","bottom":"8","left":"1","isLinked":""},"structure":"20","background_background":"classic","background_color":"#e4e4f2","html_tag":"section","padding_tablet":{"unit":"em","top":"4","right":"1","bottom":"4","left":"1","isLinked":""},"padding_mobile":{"unit":"em","top":"3","right":"1","bottom":"3","left":"1","isLinked":""}},"elements":[{"id":"3e4ef2fb","settings":{"_column_size":"50","align":"center","margin":{"unit":"%","top":"0","right":"0","bottom":"0","left":"0","isLinked":""},"space_between_widgets":"10","_inline_size_tablet":"50","content_position":"center"},"elements":[{"id":"1746242f","settings":{"image":{"url":"http:\/\/sitefacilitado.com.br\/wp-content\/uploads\/2020\/03\/chat.png","id":"926"}},"elements":[],"isInner":false,"widgetType":"image","elType":"widget"}],"isInner":"","elType":"column"},{"id":"13007567","settings":{"_column_size":"50","content_position":"center","space_between_widgets":"10","padding":{"unit":"em","top":"2","right":"2","bottom":"2","left":"2","isLinked":"1"},"_inline_size_tablet":"50","padding_mobile":{"unit":"px","top":"0","right":"0","bottom":"0","left":"0","isLinked":""}},"elements":[{"id":"b59640e","settings":{"title":"chat with us now  !","title_color":"#6f4bf1","typography_typography":"custom","typography_font_family":"Ubuntu","typography_font_size":{"unit":"em","size":"1.2","sizes":[]},"typography_font_weight":"700","typography_text_transform":"capitalize","typography_font_style":"italic","typography_text_decoration":"none","header_size":"span","align":"left","typography_line_height":{"unit":"em","size":"1.3","sizes":[]},"_margin":{"unit":"%","top":"0","right":"0","bottom":"0","left":"0","isLinked":""},"_padding":{"unit":"em","top":"1","right":"0","bottom":"0","left":"0","isLinked":""},"align_mobile":"center"},"elements":[],"isInner":false,"widgetType":"heading","elType":"widget"},{"id":"3c46fbda","settings":{"title":"sales &amp; Suport chat Available 24\/7","title_color":"#343666","typography_typography":"custom","typography_font_family":"Ubuntu","typography_font_size":{"unit":"em","size":"2.8","sizes":[]},"typography_font_weight":"700","typography_text_transform":"capitalize","typography_font_style":"normal","typography_text_decoration":"none","align":"left","align_mobile":"center","typography_font_size_mobile":{"unit":"px","size":"30","sizes":[]}},"elements":[],"isInner":false,"widgetType":"heading","elType":"widget"},{"id":"58d765d1","settings":{"title":"Call us now massa tincidunt dui ut ornare.\nAmet consectetur adipiscing elit ut.","title_color":"#343666","typography_typography":"custom","typography_font_family":"Ubuntu","typography_font_size":{"unit":"em","size":"1.3","sizes":[]},"typography_font_weight":"300","typography_font_style":"normal","typography_text_decoration":"none","header_size":"h3","align":"left","typography_line_height":{"unit":"em","size":"1.4","sizes":[]},"align_mobile":"center","typography_font_size_mobile":{"unit":"px","size":"16","sizes":[]}},"elements":[],"isInner":false,"widgetType":"heading","elType":"widget"},{"id":"52171f9","settings":{"text":"chat now ","size":"md","typography_typography":"custom","typography_font_family":"Ubuntu","typography_font_size":{"unit":"em","size":"1","sizes":[]},"typography_font_weight":"500","typography_text_transform":"uppercase","typography_font_style":"normal","typography_text_decoration":"none","typography_line_height":{"unit":"em","size":"1","sizes":[]},"typography_letter_spacing":{"unit":"px","size":"1.3","sizes":[]},"button_text_color":"#6f4bf2","background_color":"#ffffff","border_radius":{"unit":"px","top":"100","right":"100","bottom":"100","left":"100","isLinked":"1"},"hover_color":"#ffffff","button_background_hover_color":"#6f4bf2","button_hover_border_color":"#6f4bf2","hover_animation":"bob","border_border":"solid","border_width":{"unit":"px","top":"2","right":"2","bottom":"2","left":"2","isLinked":"1"},"border_color":"#6f4bf2","button_box_shadow_box_shadow_type":"yes","button_box_shadow_box_shadow":{"horizontal":"0","vertical":"0","blur":"10","spread":"0","color":"rgba(0,0,0,0.35)"},"_padding":{"unit":"em","top":"2","right":"0","bottom":"0","left":"0","isLinked":""},"align_mobile":"justify","_margin_mobile":{"unit":"px","top":"0","right":"0","bottom":"0","left":"0","isLinked":""},"_padding_mobile":{"unit":"px","top":"0","right":"0","bottom":"0","left":"0","isLinked":""},"_element_width_mobile":"inherit","align":"left","icon":"fa fa-whatsapp","icon_align":"right","icon_indent":{"unit":"px","size":"9","sizes":[]}},"elements":[],"isInner":false,"widgetType":"button","elType":"widget"}],"isInner":"","elType":"column"}],"isInner":"","elType":"section"}]}