{"version":"0.4","title":"Servi\u00e7os de rede 1","type":"page","content":[{"id":"49a0f58b","settings":{"height":"min-height","custom_height":{"unit":"vh","size":"100","sizes":[]},"background_background":"gradient","background_color":"#1c1b40","background_position":"center center","background_attachment":"scroll","background_repeat":"no-repeat","background_size":"cover","background_motion_fx_translateX_effect":"yes","background_overlay_background":"classic","background_overlay_color":"#1c1b40","background_overlay_color_stop":{"unit":"%","size":"50","sizes":[]},"background_overlay_color_b":"#646a8c","background_overlay_gradient_angle":{"unit":"deg","size":"160","sizes":[]},"structure":"20","background_color_b":"#3a3870","background_gradient_angle":{"unit":"deg","size":"160","sizes":[]},"background_overlay_image":{"url":"http:\/\/sitefacilitado.com.br\/wp-content\/uploads\/2020\/03\/jared-arango-1-mh6U3qeGQ-unsplash.jpg","id":"885"},"background_overlay_repeat":"no-repeat","background_overlay_size":"cover","background_overlay_opacity":{"unit":"px","size":"0.11","sizes":[]},"shape_divider_bottom_width":{"unit":"%","size":"100","sizes":[]},"shape_divider_bottom_height":{"unit":"px","size":"57","sizes":[]},"padding":{"unit":"em","top":"1","right":"1","bottom":"1","left":"1","isLinked":"1"},"padding_tablet":{"unit":"em","top":"1","right":"1","bottom":"1","left":"1","isLinked":"1"},"reverse_order_tablet":"reverse-tablet","reverse_order_mobile":"reverse-mobile"},"elements":[{"id":"174aa2e1","settings":{"_column_size":"50","margin":{"unit":"%","top":"0","right":"0","bottom":"0","left":"0","isLinked":""},"_inline_size":"48.596","z_index":"1","_inline_size_tablet":"100","align":"flex-start"},"elements":[{"id":"af1ce0a","settings":{"_margin":{"unit":"%","top":"0","right":"0","bottom":"-62","left":"-20","isLinked":""},"_background_background":"classic","_background_color":"#6f4bf1","_background_color_b":"#646a8c","_border_border":"solid","_border_width":{"unit":"px","top":"0","right":"0","bottom":"2","left":"0","isLinked":""},"_border_color":"#6f4bf2","_element_width":"initial","_element_custom_width":{"unit":"px","size":"50","sizes":[]}},"elements":[],"isInner":false,"widgetType":"spacer","elType":"widget"},{"id":"8af40d","settings":{"title":"affordable and reliable network services ","title_color":"#ffffff","typography_typography":"custom","typography_font_family":"Ubuntu","typography_font_size":{"unit":"em","size":3.20000000000000017763568394002504646778106689453125,"sizes":[]},"typography_font_weight":"700","typography_text_transform":"capitalize","typography_font_style":"normal","typography_text_decoration":"none","header_size":"h1","align_tablet":"center","typography_font_size_mobile":{"unit":"em","size":"3","sizes":[]}},"elements":[],"isInner":false,"widgetType":"heading","elType":"widget"},{"id":"1c2e6fc8","settings":{"editor":"<p>Lorem ipsum dolor sit amet, consectetur adipiscing elit, sed do eiusmod tempor incididunt ut labore et dolore magna aliqua.<\/p>","text_color":"#e4e4f2","typography_typography":"custom","typography_font_family":"Open Sans","typography_font_size":{"unit":"em","size":"1.2","sizes":[]},"typography_font_weight":"300","typography_line_height":{"unit":"em","size":"1.6","sizes":[]},"align_tablet":"center"},"elements":[],"isInner":false,"widgetType":"text-editor","elType":"widget"},{"id":"5e0295dc","settings":{"text":"watch the demo","size":"md","typography_typography":"custom","typography_font_family":"Ubuntu","typography_font_size":{"unit":"em","size":"1","sizes":[]},"typography_font_weight":"500","typography_text_transform":"uppercase","typography_font_style":"normal","typography_text_decoration":"none","typography_line_height":{"unit":"em","size":"1","sizes":[]},"typography_letter_spacing":{"unit":"px","size":"1.3","sizes":[]},"button_text_color":"#6f4bf2","background_color":"#ffffff","border_radius":{"unit":"px","top":"100","right":"100","bottom":"100","left":"100","isLinked":"1"},"icon":"fa fa-angle-right","icon_align":"right","icon_indent":{"unit":"px","size":"16","sizes":[]},"hover_color":"#ffffff","button_background_hover_color":"rgba(111,75,242,0)","button_hover_border_color":"#ffffff","hover_animation":"bob","border_border":"solid","border_width":{"unit":"px","top":"2","right":"2","bottom":"2","left":"2","isLinked":"1"},"border_color":"#6f4bf2","button_box_shadow_box_shadow_type":"yes","button_box_shadow_box_shadow":{"horizontal":"0","vertical":"0","blur":"10","spread":"0","color":"rgba(0,0,0,0.35)"},"_padding":{"unit":"em","top":"0","right":"1","bottom":"0","left":"0","isLinked":""},"_element_width":"auto","align_mobile":"justify","_margin_mobile":{"unit":"px","top":"0","right":"0","bottom":"0","left":"0","isLinked":""},"_padding_mobile":{"unit":"px","top":"0","right":"0","bottom":"0","left":"0","isLinked":""},"_element_width_mobile":"inherit"},"elements":[],"isInner":false,"widgetType":"button","elType":"widget"},{"id":"737705ab","settings":{"text":"CONTACT US","size":"md","typography_typography":"custom","typography_font_family":"Ubuntu","typography_font_size":{"unit":"em","size":"1","sizes":[]},"typography_font_weight":"500","typography_text_transform":"uppercase","typography_font_style":"normal","typography_text_decoration":"none","typography_line_height":{"unit":"em","size":"1","sizes":[]},"typography_letter_spacing":{"unit":"px","size":"1.3","sizes":[]},"button_text_color":"#ffffff","background_color":"#6f4bf2","border_radius":{"unit":"px","top":"100","right":"100","bottom":"100","left":"100","isLinked":"1"},"hover_color":"#ffffff","button_background_hover_color":"#6f4bf2","button_hover_border_color":"#ffffff","hover_animation":"bob","border_border":"solid","border_width":{"unit":"px","top":"2","right":"2","bottom":"2","left":"2","isLinked":"1"},"border_color":"#6f4bf2","button_box_shadow_box_shadow_type":"yes","button_box_shadow_box_shadow":{"horizontal":"0","vertical":"0","blur":"10","spread":"0","color":"rgba(0,0,0,0.29)"},"_padding":{"unit":"em","top":"0","right":"1","bottom":"0","left":"0","isLinked":""},"_element_width":"auto","align_mobile":"justify","_padding_mobile":{"unit":"em","top":"1","right":"0","bottom":"0","left":"0","isLinked":""},"_element_width_mobile":"inherit","icon_indent":{"unit":"px","size":"15","sizes":[]}},"elements":[],"isInner":false,"widgetType":"button","elType":"widget"}],"isInner":"","elType":"column"},{"id":"50b10cfa","settings":{"_column_size":"50","_inline_size":"51.404","padding":{"unit":"em","top":"1","right":"1","bottom":"1","left":"1","isLinked":"1"},"_inline_size_tablet":"100"},"elements":[{"id":"6a62a3e5","settings":{"image":{"url":"http:\/\/sitefacilitado.com.br\/wp-content\/uploads\/2020\/03\/undraw_online_organizer_ofxm-3.png","id":"886"},"_margin":{"unit":"%","top":"0","right":"-16","bottom":"0","left":"0","isLinked":""},"_margin_tablet":{"unit":"px","top":"0","right":"0","bottom":"0","left":"0","isLinked":""}},"elements":[],"isInner":false,"widgetType":"image","elType":"widget"}],"isInner":"","elType":"column"}],"isInner":"","elType":"section"},{"id":"7cfd5da8","settings":{"gap":"no","custom_height":{"unit":"px","size":"600","sizes":[]},"structure":"20","background_color":"#6f4bf2","padding":{"unit":"em","top":"0","right":"0","bottom":"0","left":"5","isLinked":""},"padding_tablet":{"unit":"px","top":"0","right":"0","bottom":"0","left":"0","isLinked":""},"content_width":{"unit":"px","size":"1300","sizes":[]}},"elements":[{"id":"4264efc2","settings":{"_column_size":"50","background_color":"#6f4bf2","margin":{"unit":"%","top":"0","right":"0","bottom":"0","left":"0","isLinked":""},"padding":{"unit":"em","top":"6","right":"1","bottom":"7","left":"1","isLinked":""}},"elements":[{"id":"4bcb5ca1","settings":{"image":{"url":"http:\/\/sitefacilitado.com.br\/wp-content\/uploads\/2020\/03\/Untitled-2.png","id":"887"},"width":{"unit":"%","size":"63","sizes":[]}},"elements":[],"isInner":false,"widgetType":"image","elType":"widget"},{"id":"4d04caf1","settings":{"testimonial_content":"\"Sodales ut etiam sit amet nisl. Tempor orci eu lobortis elementum nibh et sulla\"","testimonial_name":"andrea amstrong","testimonial_job":"company name","testimonial_alignment":"left","content_content_color":"#ffffff","content_typography_typography":"custom","content_typography_font_family":"Open Sans","content_typography_font_size":{"unit":"em","size":"1.1","sizes":[]},"content_typography_font_weight":"400","content_typography_text_transform":"none","content_typography_font_style":"italic","content_typography_text_decoration":"none","content_typography_line_height":{"unit":"em","size":"1.6","sizes":[]},"testimonial_image":{"url":"http:\/\/sitefacilitado.com.br\/wp-content\/uploads\/2020\/03\/undraw_chat_1wo5.png","id":"888"},"image_size":{"unit":"px","size":"45","sizes":[]},"image_border_border":"groove","image_border_width":{"unit":"px","top":"2","right":"2","bottom":"2","left":"2","isLinked":"1"},"image_border_color":"rgba(154,153,175,0.92)","name_text_color":"#ffffff","name_typography_typography":"custom","name_typography_font_family":"Ubuntu","name_typography_font_size":{"unit":"em","size":"1.1","sizes":[]},"name_typography_font_weight":"500","name_typography_text_transform":"capitalize","name_typography_font_style":"normal","name_typography_text_decoration":"none","name_typography_line_height":{"unit":"em","size":"1.1","sizes":[]},"job_text_color":"#ffffff","job_typography_typography":"custom","job_typography_font_family":"Open Sans","job_typography_font_size":{"unit":"em","size":"0.8","sizes":[]},"job_typography_font_weight":"300","job_typography_text_transform":"uppercase","job_typography_font_style":"normal","job_typography_text_decoration":"none","_margin":{"unit":"%","top":"-4","right":"10","bottom":"0","left":"10","isLinked":""},"_padding":{"unit":"em","top":"2","right":"2","bottom":"2","left":"2","isLinked":"1"},"_background_background":"classic","_background_color":"#6f4bf1","_border_radius":{"unit":"px","top":"6","right":"6","bottom":"6","left":"6","isLinked":"1"},"testimonial_image_size":"thumbnail"},"elements":[],"isInner":false,"widgetType":"testimonial","elType":"widget"}],"isInner":"","elType":"column"},{"id":"565078f7","settings":{"_column_size":"50","content_position":"center","background_background":"classic","background_color":"#ffffff","padding":{"unit":"em","top":"2","right":"5","bottom":"2","left":"2","isLinked":""},"padding_mobile":{"unit":"em","top":"1","right":"1","bottom":"1","left":"1","isLinked":"1"}},"elements":[{"id":"41db5204","settings":{"content_width":{"unit":"px","size":"700","sizes":[]}},"elements":[{"id":"18bc1260","settings":{"_column_size":"100"},"elements":[{"id":"5865e03a","settings":{"title":"about our company","title_color":"#343666","typography_typography":"custom","typography_font_family":"Ubuntu","typography_font_size":{"unit":"em","size":"2.8","sizes":[]},"typography_font_weight":"700","typography_text_transform":"capitalize","typography_font_style":"normal","typography_text_decoration":"none"},"elements":[],"isInner":false,"widgetType":"heading","elType":"widget"},{"id":"1a7c871d","settings":{"title":"Giving you IT peace of mind.\n\n","title_color":"#343666","typography_typography":"custom","typography_font_family":"Ubuntu","typography_font_size":{"unit":"em","size":"1.3","sizes":[]},"typography_font_weight":"300","typography_font_style":"normal","typography_text_decoration":"none"},"elements":[],"isInner":false,"widgetType":"heading","elType":"widget"},{"id":"28f6761e","settings":{"editor":"<p>Lorem ipsum dolor sit amet, consectetur adipiscing elit, sed do eiusmod tempor incididunt ut labore et dolore magna aliqua. Ut consequat semper viverra nam libero. Ipsum nunc aliquet bibendum enim facilisis gravida neque convallis. Mattis rhoncus urna neque viverra justo.<\/p>","text_color":"#343666","typography_typography":"custom","typography_font_family":"Open Sans","typography_font_size":{"unit":"em","size":"1.1","sizes":[]},"typography_font_weight":"300","typography_line_height":{"unit":"em","size":"1.6","sizes":[]}},"elements":[],"isInner":false,"widgetType":"text-editor","elType":"widget"},{"id":"2f6915a5","settings":{"text":"meet the team","size":"md","typography_typography":"custom","typography_font_family":"Ubuntu","typography_font_size":{"unit":"em","size":"1","sizes":[]},"typography_font_weight":"500","typography_text_transform":"uppercase","typography_font_style":"normal","typography_text_decoration":"none","typography_line_height":{"unit":"em","size":"1","sizes":[]},"typography_letter_spacing":{"unit":"px","size":"1.3","sizes":[]},"button_text_color":"#6f4bf2","background_color":"#ffffff","border_radius":{"unit":"px","top":"100","right":"100","bottom":"100","left":"100","isLinked":"1"},"hover_color":"#ffffff","button_background_hover_color":"#6f4bf2","button_hover_border_color":"#6f4bf2","hover_animation":"bob","border_border":"solid","border_width":{"unit":"px","top":"2","right":"2","bottom":"2","left":"2","isLinked":"1"},"border_color":"#6f4bf2","button_box_shadow_box_shadow_type":"yes","button_box_shadow_box_shadow":{"horizontal":"0","vertical":"0","blur":"10","spread":"0","color":"rgba(0,0,0,0.35)"},"_padding":{"unit":"em","top":"1","right":"1","bottom":"0","left":"0","isLinked":""},"_element_width":"auto","align_mobile":"justify","_margin_mobile":{"unit":"px","top":"0","right":"0","bottom":"0","left":"0","isLinked":""},"_padding_mobile":{"unit":"px","top":"0","right":"0","bottom":"0","left":"0","isLinked":""},"_element_width_mobile":"inherit","icon_indent":{"unit":"px","size":"9","sizes":[]}},"elements":[],"isInner":false,"widgetType":"button","elType":"widget"}],"isInner":"1","elType":"column"}],"isInner":"1","elType":"section"}],"isInner":"","elType":"column"}],"isInner":"","elType":"section"},{"id":"cdc50c9","settings":{"height":"min-height","html_tag":"section","background_background":"classic","background_color":"#1c1b40","padding":{"unit":"em","top":"4","right":"1","bottom":"4","left":"1","isLinked":""}},"elements":[{"id":"43cb801b","settings":{"_column_size":"100","margin":{"unit":"px","top":"0","right":"0","bottom":"0","left":"0","isLinked":""},"padding":{"unit":"px","top":"0","right":"0","bottom":"0","left":"0","isLinked":""}},"elements":[{"id":"17aaffb3","settings":{"_margin":{"unit":"%","top":"0","right":"0","bottom":"-62","left":"-20","isLinked":""},"_background_background":"classic","_background_color":"#6f4bf1","_background_color_b":"#646a8c","_border_border":"solid","_border_width":{"unit":"px","top":"0","right":"0","bottom":"2","left":"0","isLinked":""},"_border_color":"#6f4bf2","_element_width":"initial","_element_custom_width":{"unit":"px","size":"50","sizes":[]},"_border_radius":{"unit":"px","top":"4","right":"4","bottom":"4","left":"4","isLinked":"1"},"_position":"absolute","_offset_x":{"size":"2","unit":"px"},"_offset_y":{"size":"-82","unit":"px"}},"elements":[],"isInner":false,"widgetType":"spacer","elType":"widget"},{"id":"617271f8","settings":{"title":"Comprehensive Network Services Solutions","title_color":"#ffffff","typography_typography":"custom","typography_font_family":"Ubuntu","typography_font_size":{"unit":"em","size":"2.8","sizes":[]},"typography_font_weight":"700","typography_text_transform":"capitalize","typography_font_style":"normal","typography_text_decoration":"none","align":"center","_margin":{"unit":"%","top":"0","right":"15","bottom":"0","left":"15","isLinked":""},"typography_font_size_mobile":{"unit":"rem","size":"1.6","sizes":[]}},"elements":[],"isInner":false,"widgetType":"heading","elType":"widget"},{"id":"605f309f","settings":{"height_inner":"min-height","structure":"30","padding":{"unit":"em","top":"2","right":"1","bottom":"1","left":"1","isLinked":""},"padding_mobile":{"unit":"px","top":"0","right":"0","bottom":"0","left":"0","isLinked":""}},"elements":[{"id":"675fbafe","settings":{"_column_size":"33","background_background":"classic","background_color":"#343666","background_color_b":"#646a8c","background_gradient_angle":{"unit":"deg","size":"360","sizes":[]},"box_shadow_box_shadow_type":"yes","box_shadow_box_shadow":{"horizontal":"0","vertical":"0","blur":"10","spread":"0","color":"rgba(0,0,0,0.38)"},"margin":{"unit":"%","top":"3","right":"3","bottom":"3","left":"3","isLinked":"1"},"padding":{"unit":"em","top":"1","right":"1","bottom":"1","left":"1","isLinked":"1"},"align":"space-evenly","border_border":"solid","border_width":{"unit":"px","top":"0","right":"0","bottom":"0","left":"0","isLinked":"1"},"border_color":"#e4e4f2","border_radius":{"unit":"px","top":"5","right":"5","bottom":"5","left":"5","isLinked":"1"}},"elements":[{"id":"30e57264","settings":{"image":{"url":"http:\/\/sitefacilitado.com.br\/wp-content\/uploads\/2020\/03\/undraw_online_organizer_ofxm-3.png","id":"886"},"_padding":{"unit":"em","top":"1","right":"1","bottom":"1","left":"1","isLinked":"1"},"image_custom_dimension":{"width":"400","height":"350"},"width":{"unit":"%","size":"91","sizes":[]}},"elements":[],"isInner":false,"widgetType":"image","elType":"widget"},{"id":"244daf74","settings":{"title":"file Routing &amp; switching\n","title_color":"#ffffff","typography_typography":"custom","typography_font_family":"Ubuntu","typography_font_size":{"unit":"em","size":"1.5","sizes":[]},"typography_font_weight":"400","typography_text_transform":"capitalize","typography_font_style":"normal","typography_text_decoration":"none","align":"center","header_size":"h3"},"elements":[],"isInner":false,"widgetType":"heading","elType":"widget"},{"id":"3b2133d2","settings":{"editor":"<p>Lorem ipsum dolor sit amet, consectetur adipiscing elit, sed do eiusmod tempor incididunt ut labore et dolore magna.<\/p>","text_color":"#e4e4f2","typography_typography":"custom","typography_font_family":"Open Sans","typography_font_size":{"unit":"em","size":"1","sizes":[]},"typography_font_weight":"300","align":"center","typography_line_height":{"unit":"em","size":"1.6","sizes":[]}},"elements":[],"isInner":false,"widgetType":"text-editor","elType":"widget"}],"isInner":"1","elType":"column"},{"id":"5932b294","settings":{"_column_size":"33","background_background":"classic","background_color":"#343666","background_color_b":"#646a8c","background_gradient_angle":{"unit":"deg","size":"360","sizes":[]},"box_shadow_box_shadow_type":"yes","box_shadow_box_shadow":{"horizontal":"0","vertical":"0","blur":"10","spread":"0","color":"rgba(0,0,0,0.38)"},"margin":{"unit":"%","top":"3","right":"3","bottom":"3","left":"3","isLinked":"1"},"padding":{"unit":"em","top":"1","right":"1","bottom":"1","left":"1","isLinked":"1"},"align":"space-evenly","border_border":"solid","border_width":{"unit":"px","top":"0","right":"0","bottom":"0","left":"0","isLinked":"1"},"border_color":"#e4e4f2","border_radius":{"unit":"px","top":"5","right":"5","bottom":"5","left":"5","isLinked":"1"}},"elements":[{"id":"67381069","settings":{"image":{"url":"http:\/\/sitefacilitado.com.br\/wp-content\/uploads\/2020\/03\/undraw_online_resume_qyys.png","id":"889"},"_padding":{"unit":"em","top":"1","right":"1","bottom":"1","left":"1","isLinked":"1"},"width":{"unit":"%","size":"72","sizes":[]}},"elements":[],"isInner":false,"widgetType":"image","elType":"widget"},{"id":"6c1478b3","settings":{"title":"Security services.","title_color":"#ffffff","typography_typography":"custom","typography_font_family":"Ubuntu","typography_font_size":{"unit":"em","size":"1.5","sizes":[]},"typography_font_weight":"400","typography_text_transform":"capitalize","typography_font_style":"normal","typography_text_decoration":"none","header_size":"h3","align":"center"},"elements":[],"isInner":false,"widgetType":"heading","elType":"widget"},{"id":"15f0d9ba","settings":{"editor":"<p>Lorem ipsum dolor sit amet, consectetur adipiscing elit, sed do eiusmod tempor incididunt ut labore et dolore magna.<\/p>","text_color":"#e4e4f2","typography_typography":"custom","typography_font_family":"Open Sans","typography_font_size":{"unit":"em","size":"1","sizes":[]},"typography_font_weight":"300","align":"center","typography_line_height":{"unit":"em","size":"1.6","sizes":[]}},"elements":[],"isInner":false,"widgetType":"text-editor","elType":"widget"}],"isInner":"1","elType":"column"},{"id":"1268409","settings":{"_column_size":"33","background_background":"classic","background_color":"#343666","background_color_b":"#646a8c","background_gradient_angle":{"unit":"deg","size":"360","sizes":[]},"box_shadow_box_shadow_type":"yes","box_shadow_box_shadow":{"horizontal":"0","vertical":"0","blur":"10","spread":"0","color":"rgba(0,0,0,0.38)"},"margin":{"unit":"%","top":"3","right":"3","bottom":"3","left":"3","isLinked":"1"},"padding":{"unit":"em","top":"1","right":"1","bottom":"1","left":"1","isLinked":"1"},"align":"space-evenly","border_border":"solid","border_width":{"unit":"px","top":"0","right":"0","bottom":"0","left":"0","isLinked":"1"},"border_color":"#e4e4f2","border_radius":{"unit":"px","top":"5","right":"5","bottom":"5","left":"5","isLinked":"1"}},"elements":[{"id":"3d2eabf7","settings":{"image":{"url":"http:\/\/sitefacilitado.com.br\/wp-content\/uploads\/2020\/03\/undraw_online_resume_qyys_2.png","id":"890"},"_padding":{"unit":"em","top":"1","right":"1","bottom":"1","left":"1","isLinked":"1"},"width":{"unit":"%","size":"83","sizes":[]}},"elements":[],"isInner":false,"widgetType":"image","elType":"widget"},{"id":"14dab74d","settings":{"title":"WAN optimization","title_color":"#ffffff","typography_typography":"custom","typography_font_family":"Ubuntu","typography_font_size":{"unit":"em","size":"1.5","sizes":[]},"typography_font_weight":"400","typography_text_transform":"capitalize","typography_font_style":"normal","typography_text_decoration":"none","header_size":"h3","align":"center"},"elements":[],"isInner":false,"widgetType":"heading","elType":"widget"},{"id":"349e321e","settings":{"editor":"<p>Lorem ipsum dolor sit amet, consectetur adipiscing elit, sed do eiusmod tempor incididunt ut labore et dolore magna.<\/p>","text_color":"#e4e4f2","typography_typography":"custom","typography_font_family":"Open Sans","typography_font_size":{"unit":"em","size":"1","sizes":[]},"typography_font_weight":"300","align":"center","typography_line_height":{"unit":"em","size":"1.6","sizes":[]}},"elements":[],"isInner":false,"widgetType":"text-editor","elType":"widget"}],"isInner":"1","elType":"column"}],"isInner":"1","elType":"section"},{"id":"58099341","settings":{"text":"CONTACT US","size":"md","typography_typography":"custom","typography_font_family":"Ubuntu","typography_font_size":{"unit":"em","size":"1","sizes":[]},"typography_font_weight":"400","typography_text_transform":"uppercase","typography_font_style":"normal","typography_text_decoration":"none","typography_line_height":{"unit":"em","size":"1","sizes":[]},"typography_letter_spacing":{"unit":"px","size":"1.3","sizes":[]},"button_text_color":"#ffffff","background_color":"#6f4bf2","border_radius":{"unit":"px","top":"100","right":"100","bottom":"100","left":"100","isLinked":"1"},"align":"center","hover_color":"#ffffff","button_background_hover_color":"#6f4bf2","button_hover_border_color":"#ffffff","hover_animation":"bob","border_border":"solid","border_width":{"unit":"px","top":"2","right":"2","bottom":"2","left":"2","isLinked":"1"},"border_color":"#6f4bf2","button_box_shadow_box_shadow_type":"yes","button_box_shadow_box_shadow":{"horizontal":"0","vertical":"0","blur":"10","spread":"0","color":"rgba(0,0,0,0.29)"},"_padding":{"unit":"em","top":"2","right":"1","bottom":"0","left":"0","isLinked":""},"align_mobile":"justify","icon":"fa fa-envelope","icon_align":"right","icon_indent":{"unit":"px","size":"15","sizes":[]},"_margin_mobile":{"unit":"px","top":"0","right":"0","bottom":"0","left":"0","isLinked":""},"_padding_mobile":{"unit":"em","top":"","right":"","bottom":"","left":"","isLinked":""},"_animation":"fadeInUp","_element_width_mobile":"inherit"},"elements":[],"isInner":false,"widgetType":"button","elType":"widget"}],"isInner":"","elType":"column"}],"isInner":"","elType":"section"},{"id":"27a3373c","settings":{"custom_height":{"unit":"vh","size":"75","sizes":[]},"padding":{"unit":"em","top":"3","right":"1","bottom":"3","left":"1","isLinked":""},"padding_tablet":{"unit":"em","top":"3","right":"1","bottom":"4","left":"1","isLinked":""},"background_background":"classic","background_color":"#ffffff"},"elements":[{"id":"ad946f0","settings":{"_column_size":"100"},"elements":[{"id":"d9f9e13","settings":{"title":"our numbers","title_color":"#343666","typography_typography":"custom","typography_font_family":"Ubuntu","typography_font_size":{"unit":"em","size":"2.8","sizes":[]},"typography_font_weight":"700","typography_text_transform":"capitalize","typography_font_style":"normal","typography_text_decoration":"none"},"elements":[],"isInner":false,"widgetType":"heading","elType":"widget"},{"id":"3132eebe","settings":{"title":"Curabitur vitae nunc sed velit dignissim.","title_color":"#343666","typography_typography":"custom","typography_font_family":"Ubuntu","typography_font_size":{"unit":"em","size":"1.3","sizes":[]},"typography_font_weight":"300","typography_font_style":"normal","typography_text_decoration":"none","align_mobile":"center","typography_line_height_mobile":{"unit":"em","size":"1.3","sizes":[]}},"elements":[],"isInner":false,"widgetType":"heading","elType":"widget"},{"id":"16fc4c0f","settings":{"structure":"30","padding":{"unit":"em","top":"3","right":"0","bottom":"3","left":"10","isLinked":""},"padding_tablet":{"unit":"px","top":"0","right":"0","bottom":"0","left":"0","isLinked":""}},"elements":[{"id":"ed6bf2","settings":{"_column_size":"33","space_between_widgets":"10","background_color":"#e4e4f2","background_color_b":"rgba(242,41,91,0)","border_border":"solid","border_width":{"unit":"px","top":"0","right":"0","bottom":"0","left":"2","isLinked":""},"border_color":"rgba(111,75,241,0.09)","padding":{"unit":"em","top":"2","right":"2","bottom":"2","left":"2","isLinked":"1"}},"elements":[{"id":"c616cf0","settings":{"image":{"url":"http:\/\/sitefacilitado.com.br\/wp-content\/uploads\/2020\/03\/bug_icon.png","id":"891"},"image_size":"custom","image_custom_dimension":{"width":"50","height":"50"},"align":"left","align_mobile":"center"},"elements":[],"isInner":false,"widgetType":"image","elType":"widget"},{"id":"40470f31","settings":{"title":"","number_color":"#343666","typography_number_typography":"custom","typography_number_font_family":"Ubuntu","typography_number_font_size":{"unit":"em","size":"5","sizes":[]},"typography_number_font_weight":"100","typography_number_text_transform":"none","typography_number_font_style":"normal","typography_number_text_decoration":"none","ending_number":"263","title_color":"#646a8c","typography_title_typography":"custom","typography_title_font_family":"Open Sans","typography_title_font_size":{"unit":"em","size":"1","sizes":[]},"typography_title_font_weight":"400","typography_title_text_transform":"capitalize","typography_title_font_style":"normal","typography_title_text_decoration":"none","_element_width":"auto","typography_number_font_size_tablet":{"unit":"em","size":"3.5","sizes":[]},"_element_width_mobile":"inherit"},"elements":[],"isInner":false,"widgetType":"counter","elType":"widget"},{"id":"56f146cb","settings":{"title":"bugs detected","title_color":"#6f4bf1","typography_typography":"custom","typography_font_family":"Ubuntu","typography_font_size":{"unit":"em","size":"1.5","sizes":[]},"typography_font_weight":"500","typography_text_transform":"capitalize","typography_font_style":"normal","typography_text_decoration":"none","_margin":{"unit":"px","top":"0","right":"0","bottom":"0","left":"0","isLinked":""},"_padding":{"unit":"em","top":"1","right":"0","bottom":"0","left":"0","isLinked":""},"align_mobile":"center"},"elements":[],"isInner":false,"widgetType":"heading","elType":"widget"},{"id":"47d0931c","settings":{"editor":"<p>Lorem ipsum dolor sit amet, consectetur adipiscing elit, sed do.<\/p>","text_color":"#343666","typography_typography":"custom","typography_font_family":"Open Sans","typography_font_size":{"unit":"em","size":"1","sizes":[]},"typography_font_weight":"300","typography_line_height":{"unit":"em","size":"1.6","sizes":[]},"align_mobile":"center","typography_font_size_mobile":{"unit":"rem","size":"0.8","sizes":[]}},"elements":[],"isInner":false,"widgetType":"text-editor","elType":"widget"}],"isInner":"1","elType":"column"},{"id":"71731d43","settings":{"_column_size":"33","space_between_widgets":"10","border_border":"solid","border_width":{"unit":"px","top":"0","right":"0","bottom":"0","left":"2","isLinked":""},"border_color":"rgba(111,75,241,0.09)","padding":{"unit":"em","top":"2","right":"2","bottom":"2","left":"2","isLinked":"1"},"background_color":"#e4e4f2","background_color_b":"rgba(242,41,91,0)"},"elements":[{"id":"804e706","settings":{"image":{"url":"http:\/\/sitefacilitado.com.br\/wp-content\/uploads\/2020\/03\/cloud_icon.png","id":"892"},"image_size":"custom","image_custom_dimension":{"width":"50","height":"50"},"align":"left","align_mobile":"center"},"elements":[],"isInner":false,"widgetType":"image","elType":"widget"},{"id":"1d901271","settings":{"title":"","number_color":"#343666","typography_number_typography":"custom","typography_number_font_family":"Ubuntu","typography_number_font_size":{"unit":"em","size":"5","sizes":[]},"typography_number_font_weight":"100","typography_number_text_transform":"none","typography_number_font_style":"normal","typography_number_text_decoration":"none","ending_number":"1293","title_color":"#646a8c","typography_title_typography":"custom","typography_title_font_family":"Open Sans","typography_title_font_size":{"unit":"em","size":"1","sizes":[]},"typography_title_font_weight":"400","typography_title_text_transform":"capitalize","typography_title_font_style":"normal","typography_title_text_decoration":"none","_element_width":"auto","typography_number_font_size_tablet":{"unit":"em","size":"3.5","sizes":[]},"_element_width_mobile":"inherit"},"elements":[],"isInner":false,"widgetType":"counter","elType":"widget"},{"id":"b623fbd","settings":{"title":"GB Uploaded","title_color":"#6f4bf1","typography_typography":"custom","typography_font_family":"Ubuntu","typography_font_size":{"unit":"em","size":"1.5","sizes":[]},"typography_font_weight":"500","typography_text_transform":"capitalize","typography_font_style":"normal","typography_text_decoration":"none","_margin":{"unit":"px","top":"0","right":"0","bottom":"0","left":"0","isLinked":""},"_padding":{"unit":"em","top":"1","right":"0","bottom":"0","left":"0","isLinked":""},"align_mobile":"center"},"elements":[],"isInner":false,"widgetType":"heading","elType":"widget"},{"id":"76a1b66a","settings":{"editor":"<p>Nunc mattis enim ut tellus elementum sagittis<\/p>","text_color":"#343666","typography_typography":"custom","typography_font_family":"Open Sans","typography_font_size":{"unit":"em","size":"1","sizes":[]},"typography_font_weight":"300","typography_line_height":{"unit":"em","size":"1.6","sizes":[]},"align_mobile":"center","typography_font_size_mobile":{"unit":"rem","size":"0.8","sizes":[]}},"elements":[],"isInner":false,"widgetType":"text-editor","elType":"widget"}],"isInner":"1","elType":"column"},{"id":"2a4eb391","settings":{"_column_size":"33","space_between_widgets":"10","border_border":"solid","border_width":{"unit":"px","top":"0","right":"0","bottom":"0","left":"2","isLinked":""},"border_color":"rgba(111,75,241,0.09)","padding":{"unit":"em","top":"2","right":"2","bottom":"2","left":"2","isLinked":"1"},"background_color":"#e4e4f2","background_color_b":"rgba(242,41,91,0)"},"elements":[{"id":"47846708","settings":{"image":{"url":"http:\/\/sitefacilitado.com.br\/wp-content\/uploads\/2020\/03\/code_icon.png","id":"893"},"image_size":"custom","image_custom_dimension":{"width":"50","height":"50"},"align":"left","align_mobile":"center"},"elements":[],"isInner":false,"widgetType":"image","elType":"widget"},{"id":"49da5e6","settings":{"title":"","number_color":"#343666","typography_number_typography":"custom","typography_number_font_family":"Ubuntu","typography_number_font_size":{"unit":"em","size":"5","sizes":[]},"typography_number_font_weight":"100","typography_number_text_transform":"none","typography_number_font_style":"normal","typography_number_text_decoration":"none","ending_number":"29389890","title_color":"#646a8c","typography_title_typography":"custom","typography_title_font_family":"Open Sans","typography_title_font_size":{"unit":"em","size":"1","sizes":[]},"typography_title_font_weight":"400","typography_title_text_transform":"capitalize","typography_title_font_style":"normal","typography_title_text_decoration":"none","_element_width":"auto","typography_number_font_size_tablet":{"unit":"em","size":"3.5","sizes":[]},"typography_number_font_size_mobile":{"unit":"rem","size":"3.1","sizes":[]},"_element_width_mobile":"inherit"},"elements":[],"isInner":false,"widgetType":"counter","elType":"widget"},{"id":"79bb2c2","settings":{"title":"files secured","title_color":"#6f4bf1","typography_typography":"custom","typography_font_family":"Ubuntu","typography_font_size":{"unit":"em","size":"1.5","sizes":[]},"typography_font_weight":"500","typography_text_transform":"capitalize","typography_font_style":"normal","typography_text_decoration":"none","_margin":{"unit":"px","top":"0","right":"0","bottom":"0","left":"0","isLinked":""},"_padding":{"unit":"em","top":"1","right":"0","bottom":"0","left":"0","isLinked":""},"align_mobile":"center"},"elements":[],"isInner":false,"widgetType":"heading","elType":"widget"},{"id":"6d1e8f05","settings":{"editor":"<p>Lorem ipsum dolor sit amet, consectetur adipiscing elit, sed do.<\/p>","text_color":"#343666","typography_typography":"custom","typography_font_family":"Open Sans","typography_font_size":{"unit":"em","size":"1","sizes":[]},"typography_font_weight":"300","typography_line_height":{"unit":"em","size":"1.6","sizes":[]},"align_mobile":"center","typography_font_size_mobile":{"unit":"rem","size":"0.8","sizes":[]}},"elements":[],"isInner":false,"widgetType":"text-editor","elType":"widget"}],"isInner":"1","elType":"column"}],"isInner":"1","elType":"section"}],"isInner":"","elType":"column"}],"isInner":"","elType":"section"},{"id":"386e34ea","settings":{"structure":"20","background_background":"classic","background_color":"#e4e4f2","background_repeat":"no-repeat","background_size":"cover","background_overlay_background":"classic","background_overlay_position":"center center","background_overlay_repeat":"no-repeat","background_overlay_size":"cover","padding":{"unit":"em","top":"4","right":"1","bottom":"0","left":"1","isLinked":""},"shape_divider_top_height":{"unit":"px","size":"37","sizes":[]},"shape_divider_bottom_color":"#ffffff","shape_divider_bottom_height":{"unit":"px","size":"11","sizes":[]},"padding_tablet":{"unit":"em","top":"3","right":"1","bottom":"3","left":"1","isLinked":""},"padding_mobile":{"unit":"em","top":"1","right":"1","bottom":"0","left":"1","isLinked":""},"reverse_order_mobile":"reverse-mobile"},"elements":[{"id":"6468a804","settings":{"_column_size":"50","_inline_size":"69.912","content_position":"center","padding_mobile":{"unit":"em","top":"1","right":"1","bottom":"1","left":"1","isLinked":"1"},"padding":{"unit":"em","top":"1","right":"6","bottom":"1","left":"1","isLinked":""}},"elements":[{"id":"96b7712","settings":{"title":"network services that work\n","title_color":"#343666","typography_typography":"custom","typography_font_family":"Ubuntu","typography_font_size":{"unit":"em","size":"2.8","sizes":[]},"typography_font_weight":"700","typography_text_transform":"capitalize","typography_font_style":"normal","typography_text_decoration":"none","align_mobile":"center"},"elements":[],"isInner":false,"widgetType":"heading","elType":"widget"},{"id":"46e9b798","settings":{"title":"Tellus id interdum velit laoreet.","title_color":"#343666","typography_typography":"custom","typography_font_family":"Ubuntu","typography_font_size":{"unit":"em","size":"1.3","sizes":[]},"typography_font_weight":"300","typography_font_style":"normal","typography_text_decoration":"none","align_mobile":"center"},"elements":[],"isInner":false,"widgetType":"heading","elType":"widget"},{"id":"13d6a3e","settings":{"editor":"<p>Lorem ipsum dolor sit amet, consectetur adipiscing elit, sed do eiusmod tempor incididunt ut labore et dolore magna aliqua. Ut consequat semper viverra nam libero. Ipsum nunc aliquet bibendum enim facilisis gravida neque convallis. Mattis rhoncus urna neque viverra justo.<\/p>","text_color":"#343666","typography_typography":"custom","typography_font_family":"Open Sans","typography_font_size":{"unit":"em","size":"1.1","sizes":[]},"typography_font_weight":"300","typography_line_height":{"unit":"em","size":"1.6","sizes":[]},"align_mobile":"center","typography_font_size_mobile":{"unit":"rem","size":"0.9","sizes":[]}},"elements":[],"isInner":false,"widgetType":"text-editor","elType":"widget"},{"id":"21d56466","settings":{"text":"go to support","size":"md","typography_typography":"custom","typography_font_family":"Ubuntu","typography_font_size":{"unit":"em","size":"1","sizes":[]},"typography_font_weight":"300","typography_text_transform":"uppercase","typography_font_style":"normal","typography_text_decoration":"none","typography_line_height":{"unit":"em","size":"1","sizes":[]},"typography_letter_spacing":{"unit":"px","size":"1.3","sizes":[]},"button_text_color":"#ffffff","background_color":"#6f4bf2","border_radius":{"unit":"px","top":"100","right":"100","bottom":"100","left":"100","isLinked":"1"},"hover_color":"#ffffff","button_background_hover_color":"#6f4bf2","button_hover_border_color":"#ffffff","hover_animation":"bob","border_border":"solid","border_width":{"unit":"px","top":"1","right":"1","bottom":"1","left":"1","isLinked":"1"},"border_color":"#6f4bf2","button_box_shadow_box_shadow_type":"yes","button_box_shadow_box_shadow":{"horizontal":"0","vertical":"0","blur":"10","spread":"0","color":"rgba(0,0,0,0.29)"},"_padding":{"unit":"em","top":"0","right":"0","bottom":"0","left":"0","isLinked":""},"_element_width":"inherit","align_mobile":"justify","_margin_mobile":{"unit":"px","top":"0","right":"0","bottom":"0","left":"0","isLinked":""},"_padding_mobile":{"unit":"px","top":"0","right":"0","bottom":"0","left":"0","isLinked":""},"_element_width_mobile":"inherit","align":"left","icon":"fa fa-headphones","icon_align":"right","_animation":"fadeInUp"},"elements":[],"isInner":false,"widgetType":"button","elType":"widget"}],"isInner":"","elType":"column"},{"id":"2061c824","settings":{"_column_size":"50","_inline_size":"30.088","background_background":"classic","background_position":"center center","background_attachment":"fixed","background_repeat":"no-repeat","background_size":"auto","margin":{"unit":"px","top":"0","right":"0","bottom":"0","left":"0","isLinked":""},"padding":{"unit":"px","top":"0","right":"0","bottom":"0","left":"0","isLinked":""}},"elements":[{"id":"46da6e69","settings":{"_margin":{"unit":"%","top":"0","right":"0","bottom":"0","left":"0","isLinked":""},"_background_background":"classic","_background_color":"#6f4bf1","_background_color_b":"#646a8c","_border_border":"solid","_border_width":{"unit":"px","top":"0","right":"0","bottom":"2","left":"0","isLinked":""},"_border_color":"#6f4bf2","_element_width":"initial","_element_custom_width":{"unit":"px","size":"50","sizes":[]},"_border_radius":{"unit":"px","top":"100","right":"100","bottom":"100","left":"100","isLinked":"1"}},"elements":[],"isInner":false,"widgetType":"spacer","elType":"widget"},{"id":"54e7b005","settings":{"image":{"url":"http:\/\/sitefacilitado.com.br\/wp-content\/uploads\/2020\/03\/undraw_online_resume_us_2.png","id":"894"}},"elements":[],"isInner":false,"widgetType":"image","elType":"widget"}],"isInner":"","elType":"column"}],"isInner":"","elType":"section"},{"id":"51091261","settings":{"padding":{"unit":"em","top":"5","right":"1","bottom":"5","left":"1","isLinked":""},"html_tag":"section","background_background":"classic","background_color":"#ffffff","padding_tablet":{"unit":"em","top":"1","right":"1","bottom":"1","left":"1","isLinked":"1"}},"elements":[{"id":"52700b72","settings":{"_column_size":"100","padding_mobile":{"unit":"em","top":"1","right":"1","bottom":"1","left":"1","isLinked":"1"}},"elements":[{"id":"46da59a4","settings":{"image":{"url":"http:\/\/sitefacilitado.com.br\/wp-content\/uploads\/2020\/03\/chart-1.png","id":"895"},"width":{"unit":"%","size":"9","sizes":[]}},"elements":[],"isInner":false,"widgetType":"image","elType":"widget"},{"id":"63967d4f","settings":{"title":"Software helping companies grow","title_color":"#343666","typography_typography":"custom","typography_font_family":"Ubuntu","typography_font_size":{"unit":"em","size":"2.8","sizes":[]},"typography_font_weight":"700","typography_text_transform":"capitalize","typography_font_style":"normal","typography_text_decoration":"none","align":"center","typography_font_size_mobile":{"unit":"px","size":"33","sizes":[]}},"elements":[],"isInner":false,"widgetType":"heading","elType":"widget"},{"id":"1f646784","settings":{"title":"See how we're helping business grow.","title_color":"#343666","typography_typography":"custom","typography_font_family":"Ubuntu","typography_font_size":{"unit":"em","size":"1.3","sizes":[]},"typography_font_weight":"300","typography_font_style":"normal","typography_text_decoration":"none","align":"center"},"elements":[],"isInner":false,"widgetType":"heading","elType":"widget"},{"id":"14b416c5","settings":{"structure":"30","margin_mobile":{"unit":"px","top":"0","right":"0","bottom":"0","left":"0","isLinked":""},"padding":{"unit":"em","top":"1","right":"0","bottom":"0","left":"8","isLinked":""},"padding_tablet":{"unit":"px","top":"0","right":"0","bottom":"0","left":"0","isLinked":""},"padding_mobile":{"unit":"px","top":"0","right":"0","bottom":"0","left":"0","isLinked":""},"motion_fx_translateX_effect":"yes","motion_fx_translateX_affectedRange":{"unit":"%","size":"","sizes":{"start":"43","end":"100"}}},"elements":[{"id":"dfdcd68","settings":{"_column_size":"33","padding":{"unit":"px","top":"0","right":"0","bottom":"0","left":"0","isLinked":""},"motion_fx_motion_fx_scrolling":"yes","margin":{"unit":"%","top":"0","right":"0","bottom":"0","left":"0","isLinked":""}},"elements":[{"id":"2b9a07bf","settings":{"testimonial_content":"\"Sodales ut etiam sit amet nisl. Tempor orci eu lobortis elementum nibh et sulla\"","testimonial_name":"andrea amstrong","testimonial_job":"company name","testimonial_alignment":"left","content_content_color":"#343666","content_typography_typography":"custom","content_typography_font_family":"Open Sans","content_typography_font_size":{"unit":"em","size":"0.9","sizes":[]},"content_typography_font_weight":"400","content_typography_text_transform":"none","content_typography_font_style":"normal","content_typography_text_decoration":"none","content_typography_line_height":{"unit":"em","size":"1.4","sizes":[]},"testimonial_image":{"url":"http:\/\/sitefacilitado.com.br\/wp-content\/uploads\/2020\/03\/undraw_chat_1wo5.png","id":"888"},"image_size":{"unit":"px","size":"47","sizes":[]},"image_border_border":"groove","image_border_width":{"unit":"px","top":"2","right":"2","bottom":"2","left":"2","isLinked":"1"},"image_border_color":"rgba(71,53,206,0.25)","name_text_color":"#6f4bf1","name_typography_typography":"custom","name_typography_font_family":"Ubuntu","name_typography_font_size":{"unit":"em","size":"1.1","sizes":[]},"name_typography_font_weight":"500","name_typography_text_transform":"capitalize","name_typography_font_style":"normal","name_typography_text_decoration":"none","name_typography_line_height":{"unit":"em","size":"1.1","sizes":[]},"job_text_color":"#351742","job_typography_typography":"custom","job_typography_font_family":"Open Sans","job_typography_font_size":{"unit":"em","size":"0.8","sizes":[]},"job_typography_font_weight":"300","job_typography_text_transform":"uppercase","job_typography_font_style":"normal","job_typography_text_decoration":"none","_margin":{"unit":"%","top":"3","right":"14","bottom":"3","left":"-8","isLinked":""},"_padding":{"unit":"em","top":"2","right":"2","bottom":"2","left":"2","isLinked":"1"},"_background_background":"classic","_background_color":"#ffffff","_border_radius":{"unit":"px","top":"6","right":"6","bottom":"6","left":"6","isLinked":"1"},"_box_shadow_box_shadow_type":"yes","_box_shadow_box_shadow":{"horizontal":"0","vertical":"0","blur":"6","spread":"0","color":"rgba(0,0,0,0.17)"},"_element_width":"initial","_element_custom_width":{"unit":"%","size":"100","sizes":[]}},"elements":[],"isInner":false,"widgetType":"testimonial","elType":"widget"},{"id":"2b1ffc8d","settings":{"testimonial_content":"\"Sodales ut etiam sit amet nisl. Tempor orci eu lobortis elementum nibh et sulla\"","testimonial_name":"andrea amstrong","testimonial_job":"company name","testimonial_alignment":"left","content_content_color":"#343666","content_typography_typography":"custom","content_typography_font_family":"Open Sans","content_typography_font_size":{"unit":"em","size":"0.9","sizes":[]},"content_typography_font_weight":"400","content_typography_text_transform":"none","content_typography_font_style":"normal","content_typography_text_decoration":"none","content_typography_line_height":{"unit":"em","size":"1.4","sizes":[]},"testimonial_image":{"url":"http:\/\/sitefacilitado.com.br\/wp-content\/uploads\/2020\/03\/undraw_chat_1wo5.png","id":"888"},"image_size":{"unit":"px","size":"47","sizes":[]},"image_border_border":"groove","image_border_width":{"unit":"px","top":"2","right":"2","bottom":"2","left":"2","isLinked":"1"},"image_border_color":"rgba(71,53,206,0.25)","name_text_color":"#6f4bf1","name_typography_typography":"custom","name_typography_font_family":"Ubuntu","name_typography_font_size":{"unit":"em","size":"1.1","sizes":[]},"name_typography_font_weight":"500","name_typography_text_transform":"capitalize","name_typography_font_style":"normal","name_typography_text_decoration":"none","name_typography_line_height":{"unit":"em","size":"1.1","sizes":[]},"job_text_color":"#351742","job_typography_typography":"custom","job_typography_font_family":"Open Sans","job_typography_font_size":{"unit":"em","size":"0.8","sizes":[]},"job_typography_font_weight":"300","job_typography_text_transform":"uppercase","job_typography_font_style":"normal","job_typography_text_decoration":"none","_margin":{"unit":"px","top":"10","right":"20","bottom":"0","left":"0","isLinked":""},"_padding":{"unit":"em","top":"2","right":"2","bottom":"2","left":"2","isLinked":"1"},"_background_background":"classic","_background_color":"#ffffff","_border_radius":{"unit":"px","top":"6","right":"6","bottom":"6","left":"6","isLinked":"1"},"_box_shadow_box_shadow_type":"yes","_box_shadow_box_shadow":{"horizontal":"0","vertical":"0","blur":"6","spread":"0","color":"rgba(0,0,0,0.17)"},"_element_width":"initial","_element_custom_width":{"unit":"%","size":"100","sizes":[]}},"elements":[],"isInner":false,"widgetType":"testimonial","elType":"widget"}],"isInner":"1","elType":"column"},{"id":"4a94f2cd","settings":{"_column_size":"33","padding":{"unit":"px","top":"0","right":"0","bottom":"0","left":"0","isLinked":""}},"elements":[{"id":"315264cd","settings":{"testimonial_content":"\"Sodales ut etiam sit amet nisl. Tempor orci eu lobortis elementum nibh et sulla\"","testimonial_name":"andrea amstrong","testimonial_job":"company name","testimonial_alignment":"left","content_content_color":"#343666","content_typography_typography":"custom","content_typography_font_family":"Open Sans","content_typography_font_size":{"unit":"em","size":"0.9","sizes":[]},"content_typography_font_weight":"400","content_typography_text_transform":"none","content_typography_font_style":"normal","content_typography_text_decoration":"none","content_typography_line_height":{"unit":"em","size":"1.4","sizes":[]},"testimonial_image":{"url":"http:\/\/sitefacilitado.com.br\/wp-content\/uploads\/2020\/03\/undraw_chat_1wo5.png","id":"888"},"image_size":{"unit":"px","size":"47","sizes":[]},"image_border_border":"groove","image_border_width":{"unit":"px","top":"2","right":"2","bottom":"2","left":"2","isLinked":"1"},"image_border_color":"rgba(71,53,206,0.25)","name_text_color":"#6f4bf1","name_typography_typography":"custom","name_typography_font_family":"Ubuntu","name_typography_font_size":{"unit":"em","size":"1.1","sizes":[]},"name_typography_font_weight":"500","name_typography_text_transform":"capitalize","name_typography_font_style":"normal","name_typography_text_decoration":"none","name_typography_line_height":{"unit":"em","size":"1.1","sizes":[]},"job_text_color":"#351742","job_typography_typography":"custom","job_typography_font_family":"Open Sans","job_typography_font_size":{"unit":"em","size":"0.8","sizes":[]},"job_typography_font_weight":"300","job_typography_text_transform":"uppercase","job_typography_font_style":"normal","job_typography_text_decoration":"none","_margin":{"unit":"%","top":"3","right":"14","bottom":"3","left":"-8","isLinked":""},"_padding":{"unit":"em","top":"2","right":"2","bottom":"2","left":"2","isLinked":"1"},"_background_background":"classic","_background_color":"#ffffff","_border_radius":{"unit":"px","top":"6","right":"6","bottom":"6","left":"6","isLinked":"1"},"_box_shadow_box_shadow_type":"yes","_box_shadow_box_shadow":{"horizontal":"0","vertical":"0","blur":"6","spread":"0","color":"rgba(0,0,0,0.17)"},"_element_width":"initial","_element_custom_width":{"unit":"%","size":"100","sizes":[]}},"elements":[],"isInner":false,"widgetType":"testimonial","elType":"widget"},{"id":"d8e4ab2","settings":{"testimonial_content":"\"Sodales ut etiam sit amet nisl. Tempor orci eu lobortis elementum nibh et sulla\"","testimonial_name":"andrea amstrong","testimonial_job":"company name","testimonial_alignment":"left","content_content_color":"#343666","content_typography_typography":"custom","content_typography_font_family":"Open Sans","content_typography_font_size":{"unit":"em","size":"0.9","sizes":[]},"content_typography_font_weight":"400","content_typography_text_transform":"none","content_typography_font_style":"normal","content_typography_text_decoration":"none","content_typography_line_height":{"unit":"em","size":"1.4","sizes":[]},"testimonial_image":{"url":"http:\/\/sitefacilitado.com.br\/wp-content\/uploads\/2020\/03\/undraw_chat_1wo5.png","id":"888"},"image_size":{"unit":"px","size":"47","sizes":[]},"image_border_border":"groove","image_border_width":{"unit":"px","top":"2","right":"2","bottom":"2","left":"2","isLinked":"1"},"image_border_color":"rgba(71,53,206,0.25)","name_text_color":"#6f4bf1","name_typography_typography":"custom","name_typography_font_family":"Ubuntu","name_typography_font_size":{"unit":"em","size":"1.1","sizes":[]},"name_typography_font_weight":"500","name_typography_text_transform":"capitalize","name_typography_font_style":"normal","name_typography_text_decoration":"none","name_typography_line_height":{"unit":"em","size":"1.1","sizes":[]},"job_text_color":"#351742","job_typography_typography":"custom","job_typography_font_family":"Open Sans","job_typography_font_size":{"unit":"em","size":"0.8","sizes":[]},"job_typography_font_weight":"300","job_typography_text_transform":"uppercase","job_typography_font_style":"normal","job_typography_text_decoration":"none","_margin":{"unit":"px","top":"10","right":"20","bottom":"0","left":"0","isLinked":""},"_padding":{"unit":"em","top":"2","right":"2","bottom":"2","left":"2","isLinked":"1"},"_background_background":"classic","_background_color":"#ffffff","_border_radius":{"unit":"px","top":"6","right":"6","bottom":"6","left":"6","isLinked":"1"},"_box_shadow_box_shadow_type":"yes","_box_shadow_box_shadow":{"horizontal":"0","vertical":"0","blur":"6","spread":"0","color":"rgba(0,0,0,0.17)"},"_element_width":"initial","_element_custom_width":{"unit":"%","size":"100","sizes":[]}},"elements":[],"isInner":false,"widgetType":"testimonial","elType":"widget"}],"isInner":"1","elType":"column"},{"id":"7e4ee5cc","settings":{"_column_size":"33","padding":{"unit":"px","top":"0","right":"0","bottom":"0","left":"0","isLinked":""}},"elements":[{"id":"588c1928","settings":{"testimonial_content":"\"Hendrerit gravida rutrum quisque non tellus orci ac. Enim nulla aliquet porttitor lacu\"","testimonial_name":"andre rickhard","testimonial_job":"company name","testimonial_alignment":"left","content_content_color":"#343666","content_typography_typography":"custom","content_typography_font_family":"Open Sans","content_typography_font_size":{"unit":"em","size":"0.9","sizes":[]},"content_typography_font_weight":"400","content_typography_text_transform":"none","content_typography_font_style":"normal","content_typography_text_decoration":"none","content_typography_line_height":{"unit":"em","size":"1.4","sizes":[]},"testimonial_image":{"url":"http:\/\/sitefacilitado.com.br\/wp-content\/uploads\/2020\/03\/undraw_chat_1wo5.png","id":"888"},"image_size":{"unit":"px","size":"47","sizes":[]},"image_border_border":"groove","image_border_width":{"unit":"px","top":"2","right":"2","bottom":"2","left":"2","isLinked":"1"},"image_border_color":"rgba(71,53,206,0.25)","name_text_color":"#6f4bf1","name_typography_typography":"custom","name_typography_font_family":"Ubuntu","name_typography_font_size":{"unit":"em","size":"1.1","sizes":[]},"name_typography_font_weight":"500","name_typography_text_transform":"capitalize","name_typography_font_style":"normal","name_typography_text_decoration":"none","name_typography_line_height":{"unit":"em","size":"1.1","sizes":[]},"job_text_color":"#351742","job_typography_typography":"custom","job_typography_font_family":"Open Sans","job_typography_font_size":{"unit":"em","size":"0.8","sizes":[]},"job_typography_font_weight":"300","job_typography_text_transform":"uppercase","job_typography_font_style":"normal","job_typography_text_decoration":"none","_margin":{"unit":"%","top":"3","right":"14","bottom":"3","left":"-8","isLinked":""},"_padding":{"unit":"em","top":"2","right":"2","bottom":"2","left":"2","isLinked":"1"},"_background_background":"classic","_background_color":"#ffffff","_border_radius":{"unit":"px","top":"6","right":"6","bottom":"6","left":"6","isLinked":"1"},"_box_shadow_box_shadow_type":"yes","_box_shadow_box_shadow":{"horizontal":"0","vertical":"0","blur":"6","spread":"0","color":"rgba(0,0,0,0.17)"},"_element_width":"initial","_element_custom_width":{"unit":"%","size":"100","sizes":[]}},"elements":[],"isInner":false,"widgetType":"testimonial","elType":"widget"},{"id":"724baf52","settings":{"testimonial_content":"\"Sodales ut etiam sit amet nisl. Tempor orci eu lobortis elementum nibh et sulla\"","testimonial_name":"andrea amstrong","testimonial_job":"company name","testimonial_alignment":"left","content_content_color":"#343666","content_typography_typography":"custom","content_typography_font_family":"Open Sans","content_typography_font_size":{"unit":"em","size":"0.9","sizes":[]},"content_typography_font_weight":"400","content_typography_text_transform":"none","content_typography_font_style":"normal","content_typography_text_decoration":"none","content_typography_line_height":{"unit":"em","size":"1.4","sizes":[]},"testimonial_image":{"url":"http:\/\/sitefacilitado.com.br\/wp-content\/uploads\/2020\/03\/undraw_chat_1wo5.png","id":"888"},"image_size":{"unit":"px","size":"47","sizes":[]},"image_border_border":"groove","image_border_width":{"unit":"px","top":"2","right":"2","bottom":"2","left":"2","isLinked":"1"},"image_border_color":"rgba(71,53,206,0.25)","name_text_color":"#6f4bf1","name_typography_typography":"custom","name_typography_font_family":"Ubuntu","name_typography_font_size":{"unit":"em","size":"1.1","sizes":[]},"name_typography_font_weight":"500","name_typography_text_transform":"capitalize","name_typography_font_style":"normal","name_typography_text_decoration":"none","name_typography_line_height":{"unit":"em","size":"1.1","sizes":[]},"job_text_color":"#351742","job_typography_typography":"custom","job_typography_font_family":"Open Sans","job_typography_font_size":{"unit":"em","size":"0.8","sizes":[]},"job_typography_font_weight":"300","job_typography_text_transform":"uppercase","job_typography_font_style":"normal","job_typography_text_decoration":"none","_margin":{"unit":"px","top":"10","right":"20","bottom":"0","left":"0","isLinked":""},"_padding":{"unit":"em","top":"2","right":"2","bottom":"2","left":"2","isLinked":"1"},"_background_background":"classic","_background_color":"#ffffff","_border_radius":{"unit":"px","top":"6","right":"6","bottom":"6","left":"6","isLinked":"1"},"_box_shadow_box_shadow_type":"yes","_box_shadow_box_shadow":{"horizontal":"0","vertical":"0","blur":"6","spread":"0","color":"rgba(0,0,0,0.17)"},"_element_width":"initial","_element_custom_width":{"unit":"%","size":"100","sizes":[]}},"elements":[],"isInner":false,"widgetType":"testimonial","elType":"widget"}],"isInner":"1","elType":"column"}],"isInner":"1","elType":"section"}],"isInner":"","elType":"column"}],"isInner":"","elType":"section"},{"id":"31749d4","settings":{"structure":"20","background_background":"classic","background_color":"#6f4bf1","background_overlay_background":"classic","background_overlay_image":{"url":"http:\/\/sitefacilitado.com.br\/wp-content\/uploads\/2020\/03\/texture4-scaled.jpg","id":"896"},"background_overlay_position":"center center","background_overlay_attachment":"fixed","background_overlay_repeat":"no-repeat","background_overlay_size":"cover","background_overlay_opacity":{"unit":"px","size":"0.32","sizes":[]},"css_filters_css_filter":"custom","css_filters_saturate":{"unit":"px","size":"0","sizes":[]},"padding":{"unit":"em","top":"6","right":"1","bottom":"6","left":"1","isLinked":""},"padding_mobile":{"unit":"em","top":"1","right":"1","bottom":"1","left":"1","isLinked":"1"}},"elements":[{"id":"1512d5a8","settings":{"_column_size":"50","content_position":"center"},"elements":[{"id":"475db8d","settings":{"image":{"url":"http:\/\/sitefacilitado.com.br\/wp-content\/uploads\/2020\/03\/undraw_vault_9cmw.png","id":"897"},"width":{"unit":"%","size":"54","sizes":[]},"width_tablet":{"unit":"%","size":"77","sizes":[]}},"elements":[],"isInner":false,"widgetType":"image","elType":"widget"}],"isInner":"","elType":"column"},{"id":"72b32fec","settings":{"_column_size":"50","content_position":"center"},"elements":[{"id":"4510cfbd","settings":{"title":"data security & protection plans","title_color":"#ffffff","typography_typography":"custom","typography_font_family":"Ubuntu","typography_font_size":{"unit":"em","size":"2.8","sizes":[]},"typography_font_weight":"700","typography_text_transform":"capitalize","typography_font_style":"normal","typography_text_decoration":"none","align":"left","align_mobile":"center","typography_font_size_mobile":{"unit":"px","size":"35","sizes":[]}},"elements":[],"isInner":false,"widgetType":"heading","elType":"widget"},{"id":"2b1cdc9a","settings":{"title":"Security is essential to protecting the availability and privacy of your client data. ","title_color":"#ffffff","typography_typography":"custom","typography_font_family":"Ubuntu","typography_font_size":{"unit":"em","size":"1.3","sizes":[]},"typography_font_weight":"400","typography_font_style":"normal","typography_text_decoration":"none","align":"left","align_mobile":"center","typography_line_height":{"unit":"em","size":"1.4","sizes":[]}},"elements":[],"isInner":false,"widgetType":"heading","elType":"widget"},{"id":"571af5c5","settings":{"icon_list":[{"text":"Dolor purus non enim praesent","icon":"fa fa-check","_id":"2d5ec7a","link":{"url":"","is_external":"","nofollow":""},"selected_icon":{"value":"fas fa-check","library":"fa-solid"}},{"text":"Vel eros donec ac odio","icon":"fa fa-check","_id":"0f45f32","link":{"url":"","is_external":"","nofollow":""},"selected_icon":{"value":"fas fa-check","library":"fa-solid"}},{"text":"Sodales ut etiam sit","icon":"fa fa-check","_id":"68aa64e","link":{"url":"","is_external":"","nofollow":""},"selected_icon":{"value":"fas fa-check","library":"fa-solid"}}],"icon_align_mobile":"left","icon_color":"#ffffff","icon_size":{"unit":"px","size":"25","sizes":[]},"text_color":"#ffffff","text_indent":{"unit":"px","size":"13","sizes":[]},"icon_typography_typography":"custom","icon_typography_font_family":"Open Sans","icon_typography_font_size":{"unit":"em","size":"1","sizes":[]},"icon_typography_font_weight":"400","icon_typography_text_transform":"capitalize","icon_typography_font_style":"normal","icon_typography_text_decoration":"none","space_between":{"unit":"px","size":"14","sizes":[]}},"elements":[],"isInner":false,"widgetType":"icon-list","elType":"widget"},{"id":"3cf3437f","settings":{"text":"get started","size":"md","typography_typography":"custom","typography_font_family":"Ubuntu","typography_font_size":{"unit":"em","size":"1","sizes":[]},"typography_font_weight":"500","typography_text_transform":"uppercase","typography_font_style":"normal","typography_text_decoration":"none","typography_line_height":{"unit":"em","size":"1","sizes":[]},"typography_letter_spacing":{"unit":"px","size":"1.3","sizes":[]},"button_text_color":"#6f4bf2","background_color":"#ffffff","border_radius":{"unit":"px","top":"100","right":"100","bottom":"100","left":"100","isLinked":"1"},"hover_color":"#ffffff","button_background_hover_color":"#6f4bf2","button_hover_border_color":"#6f4bf2","hover_animation":"bob","border_border":"solid","border_width":{"unit":"px","top":"2","right":"2","bottom":"2","left":"2","isLinked":"1"},"border_color":"#6f4bf2","button_box_shadow_box_shadow_type":"yes","button_box_shadow_box_shadow":{"horizontal":"0","vertical":"0","blur":"10","spread":"0","color":"rgba(0,0,0,0.35)"},"_padding":{"unit":"em","top":"1","right":"1","bottom":"0","left":"0","isLinked":""},"_element_width":"auto","align_mobile":"justify","icon":"fa fa-angle-right","icon_align":"right","icon_indent":{"unit":"px","size":"9","sizes":[]},"_padding_mobile":{"unit":"px","top":"0","right":"0","bottom":"0","left":"0","isLinked":""},"_element_width_mobile":"inherit","_margin_mobile":{"unit":"px","top":"0","right":"0","bottom":"0","left":"0","isLinked":""}},"elements":[],"isInner":false,"widgetType":"button","elType":"widget"}],"isInner":"","elType":"column"}],"isInner":"","elType":"section"}]}