{
    "version": "0.4",
    "title": "Theme Builder \u2013 Header (Elementor Pro)",
    "type": "header",
    "metadata": {
        "template_type": "section-header",
        "include_in_zip": "1",
        "elementor_pro_required": "1",
        "elementor_library_type": "header",
        "elementor_pro_conditions": [
            "include\/general"
        ],
        "additional_template_information": [
            "This is a \"Header\" template for Elementor Pro.",
            "This template will display on: Entire Site."
        ],
        "wp_page_template": "default"
    },
    "content": [
        {
            "id": "6f55599",
            "settings": {
                "structure": "20",
                "margin": {
                    "unit": "px",
                    "top": "10",
                    "right": "0",
                    "bottom": "10",
                    "left": "0",
                    "isLinked": "1"
                }
            },
            "elements": [
                {
                    "id": "7460f3ea",
                    "settings": {
                        "_column_size": "50",
                        "_inline_size": "",
                        "content_position": "center",
                        "_inline_size_mobile": "40"
                    },
                    "elements": [
                        {
                            "id": "39c55c24",
                            "settings": {
                                "image": {
                                    "url": "https:\/\/templatekit.tokokoo.com\/bookkit\/wp-content\/uploads\/sites\/3\/2020\/02\/logo-1.png",
                                    "id": "240"
                                },
                                "align": "left",
                                "align_mobile": "center"
                            },
                            "elements": [],
                            "isInner": false,
                            "widgetType": "image",
                            "elType": "widget"
                        }
                    ],
                    "isInner": "",
                    "elType": "column"
                },
                {
                    "id": "3ab2355a",
                    "settings": {
                        "_column_size": "50",
                        "_inline_size": "",
                        "content_position": "center",
                        "_inline_size_mobile": "60"
                    },
                    "elements": [
                        {
                            "id": "556ab9a3",
                            "settings": {
                                "align_items": "right",
                                "indicator": "chevron",
                                "toggle_align": "right",
                                "menu_typography_typography": "custom",
                                "menu_typography_font_size": {
                                    "unit": "px",
                                    "size": "14",
                                    "sizes": []
                                },
                                "menu_typography_font_weight": "600",
                                "menu_typography_text_transform": "uppercase",
                                "menu_typography_line_height": {
                                    "unit": "px",
                                    "size": "",
                                    "sizes": []
                                },
                                "menu_typography_letter_spacing": {
                                    "unit": "px",
                                    "size": "2.2",
                                    "sizes": []
                                },
                                "color_menu_item": "#A88BEB",
                                "pointer_color_menu_item_hover": "#A88BEB",
                                "color_dropdown_item": "#FFFFFF",
                                "background_color_dropdown_item": "#A88BEB",
                                "color_dropdown_item_hover": "#A88BEB",
                                "background_color_dropdown_item_hover": "#FFFFFF",
                                "color_dropdown_item_active": "#A88BEB",
                                "background_color_dropdown_item_active": "#FFFFFF",
                                "toggle_color": "#FFFFFF",
                                "toggle_background_color": "#A88BEB"
                            },
                            "elements": [],
                            "isInner": false,
                            "widgetType": "nav-menu",
                            "elType": "widget"
                        }
                    ],
                    "isInner": "",
                    "elType": "column"
                }
            ],
            "isInner": "",
            "elType": "section"
        }
    ]
}