{
    "version": "0.4",
    "title": "BLOG LIST",
    "type": "page",
    "metadata": {
        "template_type": "single-page",
        "include_in_zip": "1",
        "elementor_pro_required": null,
        "wp_page_template": "elementor_header_footer"
    },
    "content": [
        {
            "id": "47b1ff41",
            "settings": {
                "height": "min-height",
                "custom_height": {
                    "unit": "px",
                    "size": 300,
                    "sizes": []
                },
                "background_background": "classic",
                "background_overlay_background": "classic",
                "shape_divider_bottom_width": {
                    "unit": "%",
                    "size": 100,
                    "sizes": []
                },
                "shape_divider_bottom_height": {
                    "unit": "px",
                    "size": 25,
                    "sizes": []
                },
                "__globals__": {
                    "background_overlay_color": "",
                    "background_color": "globals\/colors?id=4c2cf67",
                    "shape_divider_bottom_color": "globals\/colors?id=429460b",
                    "background_color_b": "",
                    "shape_divider_top_color": ""
                },
                "shape_divider_top_width": {
                    "unit": "%",
                    "size": 100,
                    "sizes": []
                },
                "shape_divider_top_height": {
                    "unit": "px",
                    "size": 200,
                    "sizes": []
                },
                "shape_divider_top_flip": "yes",
                "shape_divider_bottom_flip": "yes",
                "shape_divider_top_width_mobile": {
                    "unit": "%",
                    "size": 300,
                    "sizes": []
                },
                "shape_divider_top_height_mobile": {
                    "unit": "px",
                    "size": 230,
                    "sizes": []
                },
                "background_overlay_opacity": {
                    "unit": "px",
                    "size": 0.8000000000000000444089209850062616169452667236328125,
                    "sizes": []
                },
                "overlay_blend_mode": "multiply",
                "shape_divider_top_color": "#35395E",
                "background_image": {
                    "url": "https:\/\/templatekit.rometheme.net\/jackspollock\/wp-content\/uploads\/sites\/19\/2020\/11\/photo-25.jpg",
                    "id": 3082
                },
                "background_attachment": "fixed",
                "background_image_mobile": {
                    "url": "https:\/\/templatekit.rometheme.net\/jackspollock\/wp-content\/uploads\/sites\/19\/2020\/11\/photo-25.jpg",
                    "id": 3082
                },
                "shape_divider_bottom": "zigzag"
            },
            "elements": [
                {
                    "id": "327d7d08",
                    "settings": {
                        "_column_size": 100,
                        "_inline_size": null,
                        "background_background": "classic",
                        "background_position": "center center",
                        "background_size": "cover",
                        "background_overlay_background": "classic",
                        "__globals__": {
                            "background_color": "",
                            "background_overlay_color": ""
                        },
                        "padding": {
                            "unit": "em",
                            "top": "",
                            "right": "",
                            "bottom": "",
                            "left": "",
                            "isLinked": true
                        }
                    },
                    "elements": [
                        {
                            "id": "79b02dba",
                            "settings": [],
                            "elements": [
                                {
                                    "id": "5004fd62",
                                    "settings": {
                                        "_column_size": 100,
                                        "_inline_size": null
                                    },
                                    "elements": [
                                        {
                                            "id": "1f3ddebc",
                                            "settings": {
                                                "image": {
                                                    "url": "https:\/\/templatekit.rometheme.net\/jackspollock\/wp-content\/uploads\/sites\/19\/2020\/11\/logo6.png",
                                                    "id": 3054
                                                },
                                                "image_size": "custom",
                                                "align": "center",
                                                "image_custom_dimension": {
                                                    "width": "100",
                                                    "height": "100"
                                                }
                                            },
                                            "elements": [],
                                            "isInner": false,
                                            "widgetType": "image",
                                            "elType": "widget"
                                        },
                                        {
                                            "id": "1601b736",
                                            "settings": {
                                                "title": "BLOG LIST",
                                                "align": "center",
                                                "typography_font_family": "Big Shoulders Text",
                                                "typography_font_size": {
                                                    "unit": "px",
                                                    "size": 58,
                                                    "sizes": []
                                                },
                                                "__globals__": {
                                                    "title_color": "globals\/colors?id=15fbeeb"
                                                },
                                                "typography_font_size_mobile": {
                                                    "unit": "px",
                                                    "size": 46,
                                                    "sizes": []
                                                },
                                                "animation_duration": "slow",
                                                "typography_typography": "custom",
                                                "align_mobile": "center",
                                                "align_tablet": "center"
                                            },
                                            "elements": [],
                                            "isInner": false,
                                            "widgetType": "heading",
                                            "elType": "widget"
                                        }
                                    ],
                                    "isInner": true,
                                    "elType": "column"
                                }
                            ],
                            "isInner": true,
                            "elType": "section"
                        }
                    ],
                    "isInner": false,
                    "elType": "column"
                }
            ],
            "isInner": false,
            "elType": "section"
        },
        {
            "id": "4fce2f22",
            "settings": {
                "background_background": "classic",
                "padding": {
                    "unit": "em",
                    "top": "6",
                    "right": "1",
                    "bottom": "6",
                    "left": "1",
                    "isLinked": false
                },
                "__globals__": {
                    "background_color": "globals\/colors?id=429460b",
                    "background_color_b": ""
                },
                "background_overlay_background": "classic",
                "background_overlay_opacity": {
                    "unit": "px",
                    "size": 1,
                    "sizes": []
                },
                "background_color_b": "",
                "background_repeat": "no-repeat",
                "background_size": "cover"
            },
            "elements": [
                {
                    "id": "65eb04bb",
                    "settings": {
                        "_column_size": 100,
                        "_inline_size": null,
                        "padding_mobile": {
                            "unit": "px",
                            "top": "0",
                            "right": "0",
                            "bottom": "0",
                            "left": "0",
                            "isLinked": true
                        }
                    },
                    "elements": [
                        {
                            "id": "43fd94a1",
                            "settings": [],
                            "elements": [
                                {
                                    "id": "4a1bc670",
                                    "settings": {
                                        "_column_size": 100,
                                        "_inline_size": null,
                                        "margin": {
                                            "unit": "px",
                                            "top": "15",
                                            "right": "15",
                                            "bottom": "15",
                                            "left": "15",
                                            "isLinked": true
                                        },
                                        "_inline_size_tablet": 100,
                                        "margin_mobile": {
                                            "unit": "px",
                                            "top": "0",
                                            "right": "0",
                                            "bottom": "0",
                                            "left": "0",
                                            "isLinked": true
                                        },
                                        "padding_mobile": {
                                            "unit": "px",
                                            "top": "0",
                                            "right": "0",
                                            "bottom": "0",
                                            "left": "0",
                                            "isLinked": true
                                        }
                                    },
                                    "elements": [
                                        {
                                            "id": "6b52e95",
                                            "settings": {
                                                "title": "OUR BLOG",
                                                "header_size": "h5",
                                                "align": "center",
                                                "typography_font_family": "Assistant",
                                                "typography_font_size": {
                                                    "unit": "px",
                                                    "size": 28,
                                                    "sizes": []
                                                },
                                                "__globals__": {
                                                    "title_color": "globals\/colors?id=e70aa66"
                                                },
                                                "typography_font_size_mobile": {
                                                    "unit": "px",
                                                    "size": 24,
                                                    "sizes": []
                                                },
                                                "animation_duration": "slow",
                                                "align_mobile": "center",
                                                "_animation": "fadeInDown"
                                            },
                                            "elements": [],
                                            "isInner": false,
                                            "widgetType": "heading",
                                            "elType": "widget"
                                        },
                                        {
                                            "id": "7a3f6ae8",
                                            "settings": {
                                                "title": "NEWS AND VAPES INFO",
                                                "align": "center",
                                                "typography_font_family": "Big Shoulders Text",
                                                "typography_font_size": {
                                                    "unit": "px",
                                                    "size": 58,
                                                    "sizes": []
                                                },
                                                "__globals__": {
                                                    "title_color": "globals\/colors?id=15fbeeb"
                                                },
                                                "typography_font_size_mobile": {
                                                    "unit": "px",
                                                    "size": 46,
                                                    "sizes": []
                                                },
                                                "animation_duration": "slow",
                                                "align_mobile": "center",
                                                "_margin_mobile": {
                                                    "unit": "px",
                                                    "top": "0",
                                                    "right": "0",
                                                    "bottom": "30",
                                                    "left": "0",
                                                    "isLinked": false
                                                },
                                                "_animation": "fadeInDown"
                                            },
                                            "elements": [],
                                            "isInner": false,
                                            "widgetType": "heading",
                                            "elType": "widget"
                                        },
                                        {
                                            "id": "642623bc",
                                            "settings": {
                                                "editor": "<p>Lorem ipsum dolor sit amet, consectetur adipiscing elit, sed do tempor incididunt ut labore et dolore magna aliqua duis aute irure dolor in reprehenderit in voluptate velit esse cillum dolore eu fugiat nulla pariatur. Excepteur sint occaecat cupidatat proident.<br><\/p>",
                                                "typography_font_size": {
                                                    "unit": "px",
                                                    "size": 18,
                                                    "sizes": []
                                                },
                                                "__globals__": {
                                                    "text_color": "globals\/colors?id=9e17407"
                                                },
                                                "typography_font_family": "Assistant",
                                                "align_mobile": "center",
                                                "_margin_mobile": {
                                                    "unit": "px",
                                                    "top": "0",
                                                    "right": "0",
                                                    "bottom": "30",
                                                    "left": "0",
                                                    "isLinked": false
                                                },
                                                "align_tablet": "center",
                                                "align": "center"
                                            },
                                            "elements": [],
                                            "isInner": false,
                                            "widgetType": "text-editor",
                                            "elType": "widget"
                                        }
                                    ],
                                    "isInner": true,
                                    "elType": "column"
                                }
                            ],
                            "isInner": true,
                            "elType": "section"
                        },
                        {
                            "id": "717215",
                            "settings": {
                                "classic_columns": "2",
                                "nothing_found_message": "It seems we can't find what you're looking for.",
                                "classic_post_terms_separator": ",",
                                "classic_title_html_tag": "h3",
                                "classic_show_excerpt": "yes",
                                "classic_excerpt_length": 24,
                                "classic_post_meta_separator": "-",
                                "classic_button_text": "Read More",
                                "classic_pagination_prev_label": "&laquo; Previous",
                                "classic_pagination_next_label": "Next &raquo;",
                                "classic_posts_horizontal_spacing": {
                                    "unit": "px",
                                    "size": 50,
                                    "sizes": []
                                },
                                "classic_posts_vertical_spacing": {
                                    "unit": "px",
                                    "size": 50,
                                    "sizes": []
                                },
                                "classic_post_box_border_radius": {
                                    "unit": "px",
                                    "top": "20",
                                    "right": "20",
                                    "bottom": "20",
                                    "left": "20",
                                    "isLinked": true
                                },
                                "classic_post_content_align": "left",
                                "classic_post_content_padding": {
                                    "unit": "em",
                                    "top": "1",
                                    "right": "3",
                                    "bottom": "1",
                                    "left": "3",
                                    "isLinked": false
                                },
                                "classic_image_spacing": {
                                    "unit": "px",
                                    "size": 1,
                                    "sizes": []
                                },
                                "classic_terms_typography_font_family": "Assistant",
                                "classic_terms_typography_font_size": {
                                    "unit": "px",
                                    "size": 18,
                                    "sizes": []
                                },
                                "classic_terms_margin_bottom": {
                                    "unit": "px",
                                    "size": 0,
                                    "sizes": []
                                },
                                "classic_title_typography_font_family": "Big Shoulders Text",
                                "classic_title_typography_font_size": {
                                    "unit": "px",
                                    "size": 36,
                                    "sizes": []
                                },
                                "classic_title_margin_bottom": {
                                    "unit": "px",
                                    "size": "",
                                    "sizes": []
                                },
                                "classic_excerpt_typography_font_family": "Assistant",
                                "classic_excerpt_typography_font_size": {
                                    "unit": "px",
                                    "size": 18,
                                    "sizes": []
                                },
                                "classic_meta_typography_font_family": "Assistant",
                                "classic_meta_typography_font_size": {
                                    "unit": "px",
                                    "size": 18,
                                    "sizes": []
                                },
                                "classic_meta_items_spacing": {
                                    "unit": "px",
                                    "size": 0,
                                    "sizes": []
                                },
                                "classic_meta_margin_bottom": {
                                    "unit": "px",
                                    "size": 10,
                                    "sizes": []
                                },
                                "classic_button_size": "md",
                                "classic_button_typography_typography": "custom",
                                "classic_button_typography_font_family": "Oswald",
                                "classic_button_typography_font_size": {
                                    "unit": "px",
                                    "size": 18,
                                    "sizes": []
                                },
                                "classic_button_border_radius": {
                                    "unit": "px",
                                    "top": "5",
                                    "right": "5",
                                    "bottom": "5",
                                    "left": "5",
                                    "isLinked": true
                                },
                                "classic_button_margin": {
                                    "unit": "px",
                                    "top": "0",
                                    "right": "0",
                                    "bottom": "30",
                                    "left": "0",
                                    "isLinked": false
                                },
                                "classic_button_animation": "buzz-out",
                                "card_post_terms_separator": ",",
                                "card_post_meta_separator": "-",
                                "card_button_text": "Read More",
                                "card_pagination_prev_label": "&laquo; Previous",
                                "card_pagination_next_label": "Next &raquo;",
                                "checkerboard_post_terms_separator": ",",
                                "checkerboard_post_meta_separator": "-",
                                "checkerboard_button_text": "Read More",
                                "checkerboard_pagination_prev_label": "&laquo; Previous",
                                "checkerboard_pagination_next_label": "Next &raquo;",
                                "creative_post_terms_separator": ",",
                                "creative_post_meta_separator": "-",
                                "creative_button_text": "Read More",
                                "creative_pagination_prev_label": "&laquo; Previous",
                                "creative_pagination_next_label": "Next &raquo;",
                                "event_post_terms_separator": ",",
                                "event_post_meta_separator": "-",
                                "event_button_text": "Read More",
                                "event_pagination_prev_label": "&laquo; Previous",
                                "event_pagination_next_label": "Next &raquo;",
                                "news_post_terms_separator": ",",
                                "news_post_meta_separator": "-",
                                "news_button_text": "Read More",
                                "news_pagination_prev_label": "&laquo; Previous",
                                "news_pagination_next_label": "Next &raquo;",
                                "overlap_post_terms_separator": ",",
                                "overlap_post_meta_separator": "-",
                                "overlap_button_text": "Read More",
                                "overlap_pagination_prev_label": "&laquo; Previous",
                                "overlap_pagination_next_label": "Next &raquo;",
                                "portfolio_post_terms_separator": ",",
                                "portfolio_post_meta_separator": "-",
                                "portfolio_button_text": "Read More",
                                "portfolio_pagination_prev_label": "&laquo; Previous",
                                "portfolio_pagination_next_label": "Next &raquo;",
                                "template_post_terms_separator": ",",
                                "template_post_meta_separator": "-",
                                "template_button_text": "Read More",
                                "template_pagination_prev_label": "&laquo; Previous",
                                "template_pagination_next_label": "Next &raquo;",
                                "__globals__": {
                                    "classic_post_box_bg": "globals\/colors?id=15fbeeb",
                                    "classic_terms_text_color": "globals\/colors?id=e70aa66",
                                    "classic_terms_text_color_hover": "",
                                    "classic_title_color": "globals\/colors?id=4eb8a68",
                                    "classic_title_color_hover": "",
                                    "classic_meta_text_color": "globals\/colors?id=9e17407",
                                    "classic_button_bg_color_normal": "globals\/colors?id=0a77969",
                                    "classic_button_text_color_normal": "globals\/colors?id=fc1cfeb",
                                    "classic_post_content_bg": "",
                                    "classic_excerpt_color": "globals\/colors?id=855807a"
                                }
                            },
                            "elements": [],
                            "isInner": false,
                            "widgetType": "pp-posts",
                            "elType": "widget"
                        }
                    ],
                    "isInner": false,
                    "elType": "column"
                }
            ],
            "isInner": false,
            "elType": "section"
        }
    ]
}