{
    "version": "0.4",
    "title": "CONTACT",
    "type": "page",
    "metadata": {
        "template_type": "single-page",
        "include_in_zip": "1",
        "elementor_pro_required": null,
        "wp_page_template": "elementor_header_footer"
    },
    "content": [
        {
            "id": "528641f6",
            "settings": {
                "height": "min-height",
                "custom_height": {
                    "unit": "px",
                    "size": 300,
                    "sizes": []
                },
                "background_background": "classic",
                "background_overlay_background": "classic",
                "shape_divider_bottom_width": {
                    "unit": "%",
                    "size": 100,
                    "sizes": []
                },
                "shape_divider_bottom_height": {
                    "unit": "px",
                    "size": 25,
                    "sizes": []
                },
                "__globals__": {
                    "background_overlay_color": "",
                    "background_color": "globals\/colors?id=4c2cf67",
                    "shape_divider_bottom_color": "globals\/colors?id=429460b",
                    "background_color_b": "",
                    "shape_divider_top_color": ""
                },
                "shape_divider_top_width": {
                    "unit": "%",
                    "size": 100,
                    "sizes": []
                },
                "shape_divider_top_height": {
                    "unit": "px",
                    "size": 200,
                    "sizes": []
                },
                "shape_divider_top_flip": "yes",
                "shape_divider_bottom_flip": "yes",
                "shape_divider_top_width_mobile": {
                    "unit": "%",
                    "size": 300,
                    "sizes": []
                },
                "shape_divider_top_height_mobile": {
                    "unit": "px",
                    "size": 230,
                    "sizes": []
                },
                "background_overlay_opacity": {
                    "unit": "px",
                    "size": 0.8000000000000000444089209850062616169452667236328125,
                    "sizes": []
                },
                "overlay_blend_mode": "multiply",
                "shape_divider_top_color": "#35395E",
                "background_image": {
                    "url": "https:\/\/templatekit.rometheme.net\/jackspollock\/wp-content\/uploads\/sites\/19\/2020\/11\/photo-25.jpg",
                    "id": 3082
                },
                "background_attachment": "fixed",
                "background_image_mobile": {
                    "url": "https:\/\/templatekit.rometheme.net\/jackspollock\/wp-content\/uploads\/sites\/19\/2020\/11\/photo-25.jpg",
                    "id": 3082
                },
                "shape_divider_bottom": "zigzag"
            },
            "elements": [
                {
                    "id": "707c22e6",
                    "settings": {
                        "_column_size": 100,
                        "_inline_size": null,
                        "background_background": "classic",
                        "background_position": "center center",
                        "background_size": "cover",
                        "background_overlay_background": "classic",
                        "__globals__": {
                            "background_color": "",
                            "background_overlay_color": ""
                        },
                        "padding": {
                            "unit": "em",
                            "top": "",
                            "right": "",
                            "bottom": "",
                            "left": "",
                            "isLinked": true
                        }
                    },
                    "elements": [
                        {
                            "id": "61dc922f",
                            "settings": [],
                            "elements": [
                                {
                                    "id": "2620906e",
                                    "settings": {
                                        "_column_size": 100,
                                        "_inline_size": null
                                    },
                                    "elements": [
                                        {
                                            "id": "7b7b43b8",
                                            "settings": {
                                                "image": {
                                                    "url": "https:\/\/templatekit.rometheme.net\/jackspollock\/wp-content\/uploads\/sites\/19\/2020\/11\/logo6.png",
                                                    "id": 3054
                                                },
                                                "image_size": "custom",
                                                "align": "center",
                                                "image_custom_dimension": {
                                                    "width": "100",
                                                    "height": "100"
                                                }
                                            },
                                            "elements": [],
                                            "isInner": false,
                                            "widgetType": "image",
                                            "elType": "widget"
                                        },
                                        {
                                            "id": "7c79a84e",
                                            "settings": {
                                                "title": "CONTACT",
                                                "align": "center",
                                                "typography_font_family": "Big Shoulders Text",
                                                "typography_font_size": {
                                                    "unit": "px",
                                                    "size": 58,
                                                    "sizes": []
                                                },
                                                "__globals__": {
                                                    "title_color": "globals\/colors?id=15fbeeb"
                                                },
                                                "typography_font_size_mobile": {
                                                    "unit": "px",
                                                    "size": 46,
                                                    "sizes": []
                                                },
                                                "animation_duration": "slow",
                                                "align_mobile": "center",
                                                "align_tablet": "center"
                                            },
                                            "elements": [],
                                            "isInner": false,
                                            "widgetType": "heading",
                                            "elType": "widget"
                                        }
                                    ],
                                    "isInner": true,
                                    "elType": "column"
                                }
                            ],
                            "isInner": true,
                            "elType": "section"
                        }
                    ],
                    "isInner": false,
                    "elType": "column"
                }
            ],
            "isInner": false,
            "elType": "section"
        },
        {
            "id": "6d0bffe8",
            "settings": {
                "background_background": "classic",
                "padding": {
                    "unit": "em",
                    "top": "6",
                    "right": "1",
                    "bottom": "6",
                    "left": "1",
                    "isLinked": false
                },
                "__globals__": {
                    "background_color": "globals\/colors?id=429460b",
                    "background_color_b": ""
                },
                "background_overlay_background": "classic",
                "background_overlay_opacity": {
                    "unit": "px",
                    "size": 1,
                    "sizes": []
                },
                "background_color_b": "",
                "background_repeat": "no-repeat",
                "background_size": "cover",
                "background_position": "top center"
            },
            "elements": [
                {
                    "id": "93ab8b0",
                    "settings": {
                        "_column_size": 100,
                        "_inline_size": null,
                        "padding_mobile": {
                            "unit": "px",
                            "top": "0",
                            "right": "0",
                            "bottom": "0",
                            "left": "0",
                            "isLinked": false
                        },
                        "background_background": "classic",
                        "border_radius": {
                            "unit": "px",
                            "top": "30",
                            "right": "30",
                            "bottom": "30",
                            "left": "30",
                            "isLinked": true
                        },
                        "margin": {
                            "unit": "px",
                            "top": "15",
                            "right": "15",
                            "bottom": "15",
                            "left": "15",
                            "isLinked": true
                        },
                        "margin_mobile": {
                            "unit": "px",
                            "top": "0",
                            "right": "0",
                            "bottom": "0",
                            "left": "0",
                            "isLinked": false
                        },
                        "padding": {
                            "unit": "em",
                            "top": "3",
                            "right": "3",
                            "bottom": "3",
                            "left": "3",
                            "isLinked": true
                        },
                        "__globals__": {
                            "background_color": "globals\/colors?id=373ffd1"
                        }
                    },
                    "elements": [
                        {
                            "id": "57c99c65",
                            "settings": [],
                            "elements": [
                                {
                                    "id": "69ef88cb",
                                    "settings": {
                                        "_column_size": 100,
                                        "_inline_size": null,
                                        "margin": {
                                            "unit": "px",
                                            "top": "15",
                                            "right": "15",
                                            "bottom": "15",
                                            "left": "15",
                                            "isLinked": true
                                        },
                                        "_inline_size_tablet": 100,
                                        "margin_mobile": {
                                            "unit": "px",
                                            "top": "0",
                                            "right": "0",
                                            "bottom": "0",
                                            "left": "0",
                                            "isLinked": true
                                        },
                                        "padding_mobile": {
                                            "unit": "px",
                                            "top": "0",
                                            "right": "0",
                                            "bottom": "0",
                                            "left": "0",
                                            "isLinked": true
                                        }
                                    },
                                    "elements": [
                                        {
                                            "id": "4d01d2f7",
                                            "settings": {
                                                "title": "CONTACT",
                                                "header_size": "h5",
                                                "align": "center",
                                                "typography_font_family": "Assistant",
                                                "typography_font_size": {
                                                    "unit": "px",
                                                    "size": 28,
                                                    "sizes": []
                                                },
                                                "__globals__": {
                                                    "title_color": "globals\/colors?id=e70aa66"
                                                },
                                                "typography_font_size_mobile": {
                                                    "unit": "px",
                                                    "size": 24,
                                                    "sizes": []
                                                },
                                                "animation_duration": "slow",
                                                "align_mobile": "center",
                                                "_animation": "fadeInDown"
                                            },
                                            "elements": [],
                                            "isInner": false,
                                            "widgetType": "heading",
                                            "elType": "widget"
                                        },
                                        {
                                            "id": "39b258b4",
                                            "settings": {
                                                "title": "GET IN TOUCH",
                                                "align": "center",
                                                "typography_font_family": "Big Shoulders Text",
                                                "typography_font_size": {
                                                    "unit": "px",
                                                    "size": 58,
                                                    "sizes": []
                                                },
                                                "__globals__": {
                                                    "title_color": "globals\/colors?id=15fbeeb",
                                                    "_background_color": ""
                                                },
                                                "typography_font_size_mobile": {
                                                    "unit": "px",
                                                    "size": 46,
                                                    "sizes": []
                                                },
                                                "animation_duration": "slow",
                                                "align_mobile": "center",
                                                "_margin_mobile": {
                                                    "unit": "px",
                                                    "top": "0",
                                                    "right": "0",
                                                    "bottom": "30",
                                                    "left": "0",
                                                    "isLinked": false
                                                },
                                                "align_tablet": "center",
                                                "_animation": "fadeInDown"
                                            },
                                            "elements": [],
                                            "isInner": false,
                                            "widgetType": "heading",
                                            "elType": "widget"
                                        },
                                        {
                                            "id": "19f40c40",
                                            "settings": {
                                                "editor": "<p>Lorem ipsum dolor sit amet, consectetur adipiscing elit, sed do tempor incididunt ut labore et dolore magna aliqua duis aute irure dolor in reprehenderit in voluptate velit esse cillum dolore eu fugiat nulla pariatur. Excepteur sint occaecat cupidatat proident.<br><\/p>",
                                                "typography_font_size": {
                                                    "unit": "px",
                                                    "size": 18,
                                                    "sizes": []
                                                },
                                                "__globals__": {
                                                    "text_color": "globals\/colors?id=9e17407"
                                                },
                                                "typography_font_family": "Assistant",
                                                "align_mobile": "center",
                                                "_margin_mobile": {
                                                    "unit": "px",
                                                    "top": "0",
                                                    "right": "0",
                                                    "bottom": "30",
                                                    "left": "0",
                                                    "isLinked": false
                                                },
                                                "align_tablet": "center",
                                                "align": "center",
                                                "_animation": "fadeInDown",
                                                "animation_duration": "slow"
                                            },
                                            "elements": [],
                                            "isInner": false,
                                            "widgetType": "text-editor",
                                            "elType": "widget"
                                        }
                                    ],
                                    "isInner": true,
                                    "elType": "column"
                                }
                            ],
                            "isInner": true,
                            "elType": "section"
                        },
                        {
                            "id": "7186187f",
                            "settings": {
                                "structure": "20"
                            },
                            "elements": [
                                {
                                    "id": "59732dac",
                                    "settings": {
                                        "_column_size": 50,
                                        "_inline_size": null
                                    },
                                    "elements": [
                                        {
                                            "id": "2a985537",
                                            "settings": {
                                                "contact_form_list": "2571",
                                                "title_typography_font_family": "Assistant",
                                                "title_typography_font_size": {
                                                    "unit": "px",
                                                    "size": 18,
                                                    "sizes": []
                                                },
                                                "description_typography_font_family": "Assistant",
                                                "description_typography_font_size": {
                                                    "unit": "px",
                                                    "size": 18,
                                                    "sizes": []
                                                },
                                                "input_spacing": {
                                                    "unit": "px",
                                                    "size": 30,
                                                    "sizes": []
                                                },
                                                "input_width": {
                                                    "unit": "px",
                                                    "size": 480,
                                                    "sizes": []
                                                },
                                                "textarea_width": {
                                                    "unit": "px",
                                                    "size": 480,
                                                    "sizes": []
                                                },
                                                "field_typography_font_family": "Assistant",
                                                "field_typography_font_size": {
                                                    "unit": "px",
                                                    "size": 18,
                                                    "sizes": []
                                                },
                                                "__globals__": {
                                                    "title_text_color": "",
                                                    "description_text_color": "globals\/colors?id=dd540f6",
                                                    "field_bg": "globals\/colors?id=429460b",
                                                    "field_text_color": "globals\/colors?id=15fbeeb",
                                                    "text_color_label": "globals\/colors?id=15fbeeb",
                                                    "button_bg_color_normal": "globals\/colors?id=6064791",
                                                    "button_text_color_normal": "globals\/colors?id=15fbeeb",
                                                    "validation_errors_bg_color": "globals\/colors?id=ddfe553",
                                                    "validation_errors_color": "globals\/colors?id=0c651a8",
                                                    "error_alert_text_color": "",
                                                    "field_border_color": "globals\/colors?id=373ffd1",
                                                    "text_color_placeholder": ""
                                                },
                                                "typography_label_font_family": "Assistant",
                                                "typography_label_font_size": {
                                                    "unit": "px",
                                                    "size": 18,
                                                    "sizes": []
                                                },
                                                "button_width": {
                                                    "unit": "px",
                                                    "size": 200,
                                                    "sizes": []
                                                },
                                                "button_border_radius": {
                                                    "unit": "px",
                                                    "top": "30",
                                                    "right": "30",
                                                    "bottom": "30",
                                                    "left": "30",
                                                    "isLinked": true
                                                },
                                                "button_typography_font_family": "Assistant",
                                                "button_typography_font_size": {
                                                    "unit": "px",
                                                    "size": 18,
                                                    "sizes": []
                                                },
                                                "button_box_shadow_box_shadow": {
                                                    "horizontal": 0,
                                                    "vertical": 0,
                                                    "blur": 20,
                                                    "spread": 1,
                                                    "color": "#D8C293"
                                                },
                                                "validation_errors_typography_font_family": "Assistant",
                                                "validation_errors_typography_font_size": {
                                                    "unit": "px",
                                                    "size": 18,
                                                    "sizes": []
                                                },
                                                "validation_errors_margin": {
                                                    "unit": "px",
                                                    "top": "30",
                                                    "right": "30",
                                                    "bottom": "30",
                                                    "left": "30",
                                                    "isLinked": true
                                                },
                                                "field_border_border": "solid",
                                                "field_border_width": {
                                                    "unit": "px",
                                                    "top": "1",
                                                    "right": "1",
                                                    "bottom": "1",
                                                    "left": "1",
                                                    "isLinked": true
                                                },
                                                "input_width_tablet": {
                                                    "unit": "px",
                                                    "size": 275,
                                                    "sizes": []
                                                },
                                                "input_width_mobile": {
                                                    "unit": "px",
                                                    "size": 280,
                                                    "sizes": []
                                                },
                                                "textarea_width_tablet": {
                                                    "unit": "px",
                                                    "size": 275,
                                                    "sizes": []
                                                },
                                                "textarea_width_mobile": {
                                                    "unit": "px",
                                                    "size": 280,
                                                    "sizes": []
                                                },
                                                "placeholder_switch": "",
                                                "radio_checkbox_size": {
                                                    "unit": "px",
                                                    "size": 42,
                                                    "sizes": []
                                                },
                                                "radio_checkbox_border_width": {
                                                    "unit": "px",
                                                    "size": 6,
                                                    "sizes": []
                                                },
                                                "button_align_tablet": "center",
                                                "title_text_color": "#E3E3E3",
                                                "text_color_placeholder": "#252525",
                                                "error_alert_text_color": "#E3E3E3",
                                                "validation_errors_bg_color": "#E3E3E3",
                                                "validation_errors_color": "#252525",
                                                "heading_alignment_mobile": "left",
                                                "button_typography_font_weight": "bold",
                                                "description_text_color": "#EFF4FF",
                                                "field_bg": "#1A0025",
                                                "field_text_color": "#F9F9F9",
                                                "field_border_color": "#232323",
                                                "field_radius": {
                                                    "unit": "px",
                                                    "top": "0",
                                                    "right": "0",
                                                    "bottom": "0",
                                                    "left": "0",
                                                    "isLinked": true
                                                },
                                                "text_color_label": "#F9F9F9",
                                                "button_bg_color_normal": "#9A3BCE",
                                                "button_text_color_normal": "#F9F9F9"
                                            },
                                            "elements": [],
                                            "isInner": false,
                                            "widgetType": "pp-contact-form-7",
                                            "elType": "widget"
                                        }
                                    ],
                                    "isInner": true,
                                    "elType": "column"
                                },
                                {
                                    "id": "4022146a",
                                    "settings": {
                                        "_column_size": 50,
                                        "_inline_size": null,
                                        "margin_mobile": {
                                            "unit": "px",
                                            "top": "30",
                                            "right": "0",
                                            "bottom": "0",
                                            "left": "0",
                                            "isLinked": false
                                        }
                                    },
                                    "elements": [
                                        {
                                            "id": "74c76f42",
                                            "settings": {
                                                "address": "VENICE ITALY",
                                                "zoom": {
                                                    "unit": "px",
                                                    "size": 15,
                                                    "sizes": []
                                                },
                                                "height": {
                                                    "unit": "px",
                                                    "size": 585,
                                                    "sizes": []
                                                },
                                                "css_filters_css_filter": "custom",
                                                "css_filters_brightness": {
                                                    "unit": "px",
                                                    "size": 56,
                                                    "sizes": []
                                                },
                                                "css_filters_contrast": {
                                                    "unit": "px",
                                                    "size": 111,
                                                    "sizes": []
                                                },
                                                "css_filters_saturate": {
                                                    "unit": "px",
                                                    "size": 119,
                                                    "sizes": []
                                                },
                                                "css_filters_hue": {
                                                    "unit": "px",
                                                    "size": 101,
                                                    "sizes": []
                                                },
                                                "css_filters_hover_css_filter": "custom",
                                                "hover_transition": {
                                                    "unit": "px",
                                                    "size": 1,
                                                    "sizes": []
                                                },
                                                "height_mobile": {
                                                    "unit": "px",
                                                    "size": 300,
                                                    "sizes": []
                                                },
                                                "_border_border": "solid",
                                                "_border_width": {
                                                    "unit": "px",
                                                    "top": "5",
                                                    "right": "5",
                                                    "bottom": "5",
                                                    "left": "5",
                                                    "isLinked": true
                                                },
                                                "_border_radius": {
                                                    "unit": "px",
                                                    "top": "10",
                                                    "right": "10",
                                                    "bottom": "10",
                                                    "left": "10",
                                                    "isLinked": true
                                                },
                                                "__globals__": {
                                                    "_border_color": "globals\/colors?id=15fbeeb"
                                                }
                                            },
                                            "elements": [],
                                            "isInner": false,
                                            "widgetType": "google_maps",
                                            "elType": "widget"
                                        }
                                    ],
                                    "isInner": true,
                                    "elType": "column"
                                }
                            ],
                            "isInner": true,
                            "elType": "section"
                        }
                    ],
                    "isInner": false,
                    "elType": "column"
                }
            ],
            "isInner": false,
            "elType": "section"
        },
        {
            "id": "76932b83",
            "settings": {
                "background_background": "classic",
                "padding": {
                    "unit": "em",
                    "top": "3",
                    "right": "1",
                    "bottom": "3",
                    "left": "1",
                    "isLinked": false
                },
                "__globals__": {
                    "background_color": "",
                    "background_color_b": ""
                },
                "background_overlay_background": "classic",
                "background_overlay_opacity": {
                    "unit": "px",
                    "size": 1,
                    "sizes": []
                },
                "background_color_b": "",
                "background_repeat": "no-repeat",
                "background_size": "cover",
                "background_position": "top center",
                "background_color": "#1A0025",
                "background_image": {
                    "url": "https:\/\/templatekit.rometheme.net\/jackspollock\/wp-content\/uploads\/sites\/19\/2020\/11\/photo-1.jpg",
                    "id": 2823
                }
            },
            "elements": [
                {
                    "id": "19f9d668",
                    "settings": {
                        "_column_size": 100,
                        "_inline_size": null,
                        "padding_mobile": {
                            "unit": "px",
                            "top": "0",
                            "right": "0",
                            "bottom": "0",
                            "left": "0",
                            "isLinked": true
                        }
                    },
                    "elements": [
                        {
                            "id": "291b9d46",
                            "settings": [],
                            "elements": [
                                {
                                    "id": "529c591c",
                                    "settings": {
                                        "_column_size": 100,
                                        "_inline_size": null,
                                        "margin": {
                                            "unit": "px",
                                            "top": "15",
                                            "right": "15",
                                            "bottom": "15",
                                            "left": "15",
                                            "isLinked": true
                                        }
                                    },
                                    "elements": [
                                        {
                                            "id": "78548ac8",
                                            "settings": {
                                                "title": "OUR STORE",
                                                "header_size": "h5",
                                                "align": "left",
                                                "typography_font_family": "Assistant",
                                                "typography_font_size": {
                                                    "unit": "px",
                                                    "size": 28,
                                                    "sizes": []
                                                },
                                                "__globals__": {
                                                    "title_color": "globals\/colors?id=e70aa66"
                                                },
                                                "typography_font_size_mobile": {
                                                    "unit": "px",
                                                    "size": 24,
                                                    "sizes": []
                                                },
                                                "animation_duration": "slow",
                                                "align_mobile": "center",
                                                "align_tablet": "center",
                                                "_animation": "fadeInDown"
                                            },
                                            "elements": [],
                                            "isInner": false,
                                            "widgetType": "heading",
                                            "elType": "widget"
                                        },
                                        {
                                            "id": "4d6ee9c4",
                                            "settings": {
                                                "title": "FIND US",
                                                "align": "left",
                                                "typography_font_family": "Big Shoulders Text",
                                                "typography_font_size": {
                                                    "unit": "px",
                                                    "size": 58,
                                                    "sizes": []
                                                },
                                                "__globals__": {
                                                    "title_color": "globals\/colors?id=15fbeeb",
                                                    "_background_color": ""
                                                },
                                                "typography_font_size_mobile": {
                                                    "unit": "px",
                                                    "size": 46,
                                                    "sizes": []
                                                },
                                                "animation_duration": "slow",
                                                "align_mobile": "center",
                                                "_margin_mobile": {
                                                    "unit": "px",
                                                    "top": "0",
                                                    "right": "0",
                                                    "bottom": "30",
                                                    "left": "0",
                                                    "isLinked": false
                                                },
                                                "align_tablet": "center",
                                                "_animation": "fadeInDown"
                                            },
                                            "elements": [],
                                            "isInner": false,
                                            "widgetType": "heading",
                                            "elType": "widget"
                                        }
                                    ],
                                    "isInner": true,
                                    "elType": "column"
                                }
                            ],
                            "isInner": true,
                            "elType": "section"
                        },
                        {
                            "id": "482342d0",
                            "settings": {
                                "structure": "30"
                            },
                            "elements": [
                                {
                                    "id": "3c36c913",
                                    "settings": {
                                        "_column_size": 33,
                                        "_inline_size": null,
                                        "_inline_size_tablet": 100,
                                        "margin_mobile": {
                                            "unit": "px",
                                            "top": "0",
                                            "right": "0",
                                            "bottom": "30",
                                            "left": "0",
                                            "isLinked": false
                                        },
                                        "padding_mobile": {
                                            "unit": "px",
                                            "top": "0",
                                            "right": "0",
                                            "bottom": "0",
                                            "left": "0",
                                            "isLinked": true
                                        },
                                        "margin": {
                                            "unit": "px",
                                            "top": "15",
                                            "right": "15",
                                            "bottom": "15",
                                            "left": "15",
                                            "isLinked": true
                                        }
                                    },
                                    "elements": [
                                        {
                                            "id": "2614b28",
                                            "settings": {
                                                "icon_text": "1",
                                                "heading": "ADRESS",
                                                "sub_heading": "",
                                                "button_text": "Get Started",
                                                "selected_icon": {
                                                    "value": "fas fa-map-marker-alt",
                                                    "library": "fa-solid"
                                                },
                                                "icon_size": {
                                                    "unit": "px",
                                                    "size": 35,
                                                    "sizes": []
                                                },
                                                "icon_vertical_position": "middle",
                                                "align": "center",
                                                "title_typography_font_family": "Big Shoulders Text",
                                                "title_typography_font_size": {
                                                    "unit": "px",
                                                    "size": 36,
                                                    "sizes": []
                                                },
                                                "title_margin": {
                                                    "unit": "px",
                                                    "size": 15,
                                                    "sizes": []
                                                },
                                                "description_typography_font_family": "Assistant",
                                                "description_typography_font_size": {
                                                    "unit": "px",
                                                    "size": 18,
                                                    "sizes": []
                                                },
                                                "description_margin": {
                                                    "unit": "px",
                                                    "size": 0,
                                                    "sizes": []
                                                },
                                                "__globals__": {
                                                    "icon_color_normal": "globals\/colors?id=e70aa66",
                                                    "title_color": "globals\/colors?id=6064791",
                                                    "description_color": "globals\/colors?id=855807a",
                                                    "_background_color": "globals\/colors?id=15fbeeb"
                                                },
                                                "info_box_padding": {
                                                    "unit": "px",
                                                    "top": "15",
                                                    "right": "15",
                                                    "bottom": "15",
                                                    "left": "15",
                                                    "isLinked": true
                                                },
                                                "description": "<p>San't Erasmo Street 3rd<br \/>Venice - Italy 2210 ZIP<\/p>",
                                                "_margin": {
                                                    "unit": "px",
                                                    "top": "0",
                                                    "right": "0",
                                                    "bottom": "10",
                                                    "left": "0",
                                                    "isLinked": false
                                                },
                                                "_background_background": "classic",
                                                "_border_radius": {
                                                    "unit": "px",
                                                    "top": "15",
                                                    "right": "15",
                                                    "bottom": "15",
                                                    "left": "15",
                                                    "isLinked": true
                                                },
                                                "_box_shadow_box_shadow_type": "yes",
                                                "_box_shadow_box_shadow": {
                                                    "horizontal": 0,
                                                    "vertical": 0,
                                                    "blur": 5,
                                                    "spread": 0,
                                                    "color": "rgba(0, 0, 0, 0.25)"
                                                },
                                                "image": {
                                                    "url": "https:\/\/templatekit.rometheme.net\/jackspollock\/wp-content\/uploads\/sites\/19\/2020\/11\/service1.png",
                                                    "id": 1938
                                                },
                                                "icon_img_width": {
                                                    "unit": "px",
                                                    "size": 100,
                                                    "sizes": []
                                                }
                                            },
                                            "elements": [],
                                            "isInner": false,
                                            "widgetType": "pp-info-box",
                                            "elType": "widget"
                                        }
                                    ],
                                    "isInner": true,
                                    "elType": "column"
                                },
                                {
                                    "id": "44dce1f7",
                                    "settings": {
                                        "_column_size": 33,
                                        "_inline_size": null,
                                        "_inline_size_tablet": 100,
                                        "margin_mobile": {
                                            "unit": "px",
                                            "top": "0",
                                            "right": "0",
                                            "bottom": "30",
                                            "left": "0",
                                            "isLinked": false
                                        },
                                        "padding_mobile": {
                                            "unit": "px",
                                            "top": "0",
                                            "right": "0",
                                            "bottom": "0",
                                            "left": "0",
                                            "isLinked": true
                                        },
                                        "margin": {
                                            "unit": "px",
                                            "top": "15",
                                            "right": "15",
                                            "bottom": "15",
                                            "left": "15",
                                            "isLinked": true
                                        }
                                    },
                                    "elements": [
                                        {
                                            "id": "7c1afc2b",
                                            "settings": {
                                                "icon_text": "1",
                                                "heading": "PHONE",
                                                "sub_heading": "",
                                                "button_text": "Get Started",
                                                "selected_icon": {
                                                    "value": "fas fa-phone-alt",
                                                    "library": "fa-solid"
                                                },
                                                "icon_size": {
                                                    "unit": "px",
                                                    "size": 35,
                                                    "sizes": []
                                                },
                                                "icon_vertical_position": "middle",
                                                "align": "center",
                                                "title_typography_font_family": "Big Shoulders Text",
                                                "title_typography_font_size": {
                                                    "unit": "px",
                                                    "size": 36,
                                                    "sizes": []
                                                },
                                                "title_margin": {
                                                    "unit": "px",
                                                    "size": 15,
                                                    "sizes": []
                                                },
                                                "description_typography_font_family": "Assistant",
                                                "description_typography_font_size": {
                                                    "unit": "px",
                                                    "size": 18,
                                                    "sizes": []
                                                },
                                                "description_margin": {
                                                    "unit": "px",
                                                    "size": 0,
                                                    "sizes": []
                                                },
                                                "__globals__": {
                                                    "icon_color_normal": "globals\/colors?id=e70aa66",
                                                    "title_color": "globals\/colors?id=6064791",
                                                    "description_color": "globals\/colors?id=855807a",
                                                    "_background_color": "globals\/colors?id=15fbeeb"
                                                },
                                                "info_box_padding": {
                                                    "unit": "px",
                                                    "top": "15",
                                                    "right": "15",
                                                    "bottom": "15",
                                                    "left": "15",
                                                    "isLinked": true
                                                },
                                                "description": "<p>+808 123 4567<br \/>(085) 552 332<\/p>",
                                                "_margin": {
                                                    "unit": "px",
                                                    "top": "0",
                                                    "right": "0",
                                                    "bottom": "10",
                                                    "left": "0",
                                                    "isLinked": false
                                                },
                                                "_background_background": "classic",
                                                "_border_radius": {
                                                    "unit": "px",
                                                    "top": "15",
                                                    "right": "15",
                                                    "bottom": "15",
                                                    "left": "15",
                                                    "isLinked": true
                                                },
                                                "_box_shadow_box_shadow_type": "yes",
                                                "_box_shadow_box_shadow": {
                                                    "horizontal": 0,
                                                    "vertical": 0,
                                                    "blur": 5,
                                                    "spread": 0,
                                                    "color": "rgba(0, 0, 0, 0.25)"
                                                },
                                                "image": {
                                                    "url": "https:\/\/templatekit.rometheme.net\/jackspollock\/wp-content\/uploads\/sites\/19\/2020\/11\/service1.png",
                                                    "id": 1938
                                                },
                                                "icon_img_width": {
                                                    "unit": "px",
                                                    "size": 100,
                                                    "sizes": []
                                                }
                                            },
                                            "elements": [],
                                            "isInner": false,
                                            "widgetType": "pp-info-box",
                                            "elType": "widget"
                                        }
                                    ],
                                    "isInner": true,
                                    "elType": "column"
                                },
                                {
                                    "id": "5d8403f",
                                    "settings": {
                                        "_column_size": 33,
                                        "_inline_size": null,
                                        "_inline_size_tablet": 100,
                                        "margin_mobile": {
                                            "unit": "px",
                                            "top": "0",
                                            "right": "0",
                                            "bottom": "0",
                                            "left": "0",
                                            "isLinked": true
                                        },
                                        "padding_mobile": {
                                            "unit": "px",
                                            "top": "0",
                                            "right": "0",
                                            "bottom": "0",
                                            "left": "0",
                                            "isLinked": true
                                        },
                                        "margin": {
                                            "unit": "px",
                                            "top": "15",
                                            "right": "15",
                                            "bottom": "15",
                                            "left": "15",
                                            "isLinked": true
                                        }
                                    },
                                    "elements": [
                                        {
                                            "id": "63593136",
                                            "settings": {
                                                "icon_text": "1",
                                                "heading": "EMAIL",
                                                "sub_heading": "",
                                                "button_text": "Get Started",
                                                "selected_icon": {
                                                    "value": "fas fa-mail-bulk",
                                                    "library": "fa-solid"
                                                },
                                                "icon_size": {
                                                    "unit": "px",
                                                    "size": 35,
                                                    "sizes": []
                                                },
                                                "icon_vertical_position": "middle",
                                                "align": "center",
                                                "title_typography_font_family": "Big Shoulders Text",
                                                "title_typography_font_size": {
                                                    "unit": "px",
                                                    "size": 36,
                                                    "sizes": []
                                                },
                                                "title_margin": {
                                                    "unit": "px",
                                                    "size": 15,
                                                    "sizes": []
                                                },
                                                "description_typography_font_family": "Assistant",
                                                "description_typography_font_size": {
                                                    "unit": "px",
                                                    "size": 18,
                                                    "sizes": []
                                                },
                                                "description_margin": {
                                                    "unit": "px",
                                                    "size": 0,
                                                    "sizes": []
                                                },
                                                "__globals__": {
                                                    "icon_color_normal": "globals\/colors?id=e70aa66",
                                                    "title_color": "globals\/colors?id=6064791",
                                                    "description_color": "globals\/colors?id=855807a",
                                                    "_background_color": "globals\/colors?id=15fbeeb"
                                                },
                                                "info_box_padding": {
                                                    "unit": "px",
                                                    "top": "15",
                                                    "right": "15",
                                                    "bottom": "15",
                                                    "left": "15",
                                                    "isLinked": true
                                                },
                                                "description": "<p>@Jackspollock.com<br \/>@vapetersonly.com<\/p>",
                                                "_margin": {
                                                    "unit": "px",
                                                    "top": "0",
                                                    "right": "0",
                                                    "bottom": "10",
                                                    "left": "0",
                                                    "isLinked": false
                                                },
                                                "_background_background": "classic",
                                                "_border_radius": {
                                                    "unit": "px",
                                                    "top": "15",
                                                    "right": "15",
                                                    "bottom": "15",
                                                    "left": "15",
                                                    "isLinked": true
                                                },
                                                "_box_shadow_box_shadow_type": "yes",
                                                "_box_shadow_box_shadow": {
                                                    "horizontal": 0,
                                                    "vertical": 0,
                                                    "blur": 5,
                                                    "spread": 0,
                                                    "color": "rgba(0, 0, 0, 0.25)"
                                                },
                                                "image": {
                                                    "url": "https:\/\/templatekit.rometheme.net\/jackspollock\/wp-content\/uploads\/sites\/19\/2020\/11\/service1.png",
                                                    "id": 1938
                                                },
                                                "icon_img_width": {
                                                    "unit": "px",
                                                    "size": 100,
                                                    "sizes": []
                                                }
                                            },
                                            "elements": [],
                                            "isInner": false,
                                            "widgetType": "pp-info-box",
                                            "elType": "widget"
                                        }
                                    ],
                                    "isInner": true,
                                    "elType": "column"
                                }
                            ],
                            "isInner": true,
                            "elType": "section"
                        }
                    ],
                    "isInner": false,
                    "elType": "column"
                }
            ],
            "isInner": false,
            "elType": "section"
        },
        {
            "id": "3d496d58",
            "settings": {
                "background_background": "classic",
                "padding": {
                    "unit": "em",
                    "top": "6",
                    "right": "1",
                    "bottom": "6",
                    "left": "1",
                    "isLinked": false
                },
                "__globals__": {
                    "background_color": "globals\/colors?id=429460b",
                    "background_color_b": ""
                },
                "background_overlay_background": "classic",
                "background_overlay_opacity": {
                    "unit": "px",
                    "size": 1,
                    "sizes": []
                },
                "background_color_b": "",
                "background_repeat": "no-repeat",
                "background_size": "cover",
                "background_position": "bottom center"
            },
            "elements": [
                {
                    "id": "6205150d",
                    "settings": {
                        "_column_size": 100,
                        "_inline_size": null,
                        "padding_mobile": {
                            "unit": "px",
                            "top": "0",
                            "right": "0",
                            "bottom": "0",
                            "left": "0",
                            "isLinked": true
                        }
                    },
                    "elements": [
                        {
                            "id": "471e587f",
                            "settings": {
                                "structure": "40"
                            },
                            "elements": [
                                {
                                    "id": "449799f0",
                                    "settings": {
                                        "_column_size": 25,
                                        "_inline_size": null,
                                        "margin": {
                                            "unit": "px",
                                            "top": "10",
                                            "right": "10",
                                            "bottom": "10",
                                            "left": "10",
                                            "isLinked": true
                                        },
                                        "_inline_size_tablet": 50,
                                        "margin_mobile": {
                                            "unit": "px",
                                            "top": "0",
                                            "right": "0",
                                            "bottom": "30",
                                            "left": "0",
                                            "isLinked": false
                                        },
                                        "padding_mobile": {
                                            "unit": "px",
                                            "top": "0",
                                            "right": "0",
                                            "bottom": "0",
                                            "left": "0",
                                            "isLinked": false
                                        },
                                        "animation": "fadeInDown",
                                        "animation_duration": "slow"
                                    },
                                    "elements": [
                                        {
                                            "id": "79e5e948",
                                            "settings": {
                                                "image": {
                                                    "url": "https:\/\/templatekit.rometheme.net\/jackspollock\/wp-content\/uploads\/sites\/19\/2020\/11\/logo4.png",
                                                    "id": 1147
                                                },
                                                "image_size": "full",
                                                "css_filters_css_filter": "custom",
                                                "css_filters_brightness": {
                                                    "unit": "px",
                                                    "size": 200,
                                                    "sizes": []
                                                },
                                                "css_filters_contrast": {
                                                    "unit": "px",
                                                    "size": 200,
                                                    "sizes": []
                                                },
                                                "css_filters_saturate": {
                                                    "unit": "px",
                                                    "size": 0,
                                                    "sizes": []
                                                },
                                                "css_filters_hover_css_filter": "custom",
                                                "css_filters_hover_brightness": {
                                                    "unit": "px",
                                                    "size": 108,
                                                    "sizes": []
                                                },
                                                "css_filters_hover_contrast": {
                                                    "unit": "px",
                                                    "size": 164,
                                                    "sizes": []
                                                },
                                                "css_filters_hover_saturate": {
                                                    "unit": "px",
                                                    "size": 73,
                                                    "sizes": []
                                                },
                                                "css_filters_hover_hue": {
                                                    "unit": "px",
                                                    "size": 360,
                                                    "sizes": []
                                                },
                                                "hover_animation": "shrink"
                                            },
                                            "elements": [],
                                            "isInner": false,
                                            "widgetType": "image",
                                            "elType": "widget"
                                        }
                                    ],
                                    "isInner": true,
                                    "elType": "column"
                                },
                                {
                                    "id": "8a278e",
                                    "settings": {
                                        "_column_size": 25,
                                        "_inline_size": null,
                                        "margin": {
                                            "unit": "px",
                                            "top": "10",
                                            "right": "10",
                                            "bottom": "10",
                                            "left": "10",
                                            "isLinked": true
                                        },
                                        "_inline_size_tablet": 50,
                                        "margin_mobile": {
                                            "unit": "px",
                                            "top": "0",
                                            "right": "0",
                                            "bottom": "30",
                                            "left": "0",
                                            "isLinked": false
                                        },
                                        "padding_mobile": {
                                            "unit": "px",
                                            "top": "0",
                                            "right": "0",
                                            "bottom": "0",
                                            "left": "0",
                                            "isLinked": false
                                        },
                                        "animation": "fadeInDown",
                                        "animation_duration": "slow"
                                    },
                                    "elements": [
                                        {
                                            "id": "140606aa",
                                            "settings": {
                                                "image": {
                                                    "url": "https:\/\/templatekit.rometheme.net\/jackspollock\/wp-content\/uploads\/sites\/19\/2020\/11\/logo3.png",
                                                    "id": 1148
                                                },
                                                "image_size": "full",
                                                "css_filters_css_filter": "custom",
                                                "css_filters_brightness": {
                                                    "unit": "px",
                                                    "size": 200,
                                                    "sizes": []
                                                },
                                                "css_filters_contrast": {
                                                    "unit": "px",
                                                    "size": 200,
                                                    "sizes": []
                                                },
                                                "css_filters_saturate": {
                                                    "unit": "px",
                                                    "size": 0,
                                                    "sizes": []
                                                },
                                                "css_filters_hover_css_filter": "custom",
                                                "css_filters_hover_brightness": {
                                                    "unit": "px",
                                                    "size": 108,
                                                    "sizes": []
                                                },
                                                "css_filters_hover_contrast": {
                                                    "unit": "px",
                                                    "size": 164,
                                                    "sizes": []
                                                },
                                                "css_filters_hover_saturate": {
                                                    "unit": "px",
                                                    "size": 73,
                                                    "sizes": []
                                                },
                                                "css_filters_hover_hue": {
                                                    "unit": "px",
                                                    "size": 360,
                                                    "sizes": []
                                                },
                                                "hover_animation": "shrink"
                                            },
                                            "elements": [],
                                            "isInner": false,
                                            "widgetType": "image",
                                            "elType": "widget"
                                        }
                                    ],
                                    "isInner": true,
                                    "elType": "column"
                                },
                                {
                                    "id": "17c641b",
                                    "settings": {
                                        "_column_size": 25,
                                        "_inline_size": null,
                                        "margin": {
                                            "unit": "px",
                                            "top": "10",
                                            "right": "10",
                                            "bottom": "10",
                                            "left": "10",
                                            "isLinked": true
                                        },
                                        "_inline_size_tablet": 50,
                                        "margin_mobile": {
                                            "unit": "px",
                                            "top": "0",
                                            "right": "0",
                                            "bottom": "30",
                                            "left": "0",
                                            "isLinked": false
                                        },
                                        "padding_mobile": {
                                            "unit": "px",
                                            "top": "0",
                                            "right": "0",
                                            "bottom": "0",
                                            "left": "0",
                                            "isLinked": false
                                        },
                                        "animation": "fadeInDown",
                                        "animation_duration": "slow"
                                    },
                                    "elements": [
                                        {
                                            "id": "700bdc0c",
                                            "settings": {
                                                "image": {
                                                    "url": "https:\/\/templatekit.rometheme.net\/jackspollock\/wp-content\/uploads\/sites\/19\/2020\/11\/logo2.png",
                                                    "id": 1149
                                                },
                                                "image_size": "full",
                                                "css_filters_css_filter": "custom",
                                                "css_filters_brightness": {
                                                    "unit": "px",
                                                    "size": 200,
                                                    "sizes": []
                                                },
                                                "css_filters_contrast": {
                                                    "unit": "px",
                                                    "size": 200,
                                                    "sizes": []
                                                },
                                                "css_filters_saturate": {
                                                    "unit": "px",
                                                    "size": 0,
                                                    "sizes": []
                                                },
                                                "css_filters_hover_css_filter": "custom",
                                                "css_filters_hover_brightness": {
                                                    "unit": "px",
                                                    "size": 108,
                                                    "sizes": []
                                                },
                                                "css_filters_hover_contrast": {
                                                    "unit": "px",
                                                    "size": 164,
                                                    "sizes": []
                                                },
                                                "css_filters_hover_saturate": {
                                                    "unit": "px",
                                                    "size": 73,
                                                    "sizes": []
                                                },
                                                "css_filters_hover_hue": {
                                                    "unit": "px",
                                                    "size": 360,
                                                    "sizes": []
                                                },
                                                "hover_animation": "shrink"
                                            },
                                            "elements": [],
                                            "isInner": false,
                                            "widgetType": "image",
                                            "elType": "widget"
                                        }
                                    ],
                                    "isInner": true,
                                    "elType": "column"
                                },
                                {
                                    "id": "7f7ccf19",
                                    "settings": {
                                        "_column_size": 25,
                                        "_inline_size": null,
                                        "margin": {
                                            "unit": "px",
                                            "top": "10",
                                            "right": "10",
                                            "bottom": "10",
                                            "left": "10",
                                            "isLinked": true
                                        },
                                        "_inline_size_tablet": 50,
                                        "margin_mobile": {
                                            "unit": "px",
                                            "top": "0",
                                            "right": "0",
                                            "bottom": "0",
                                            "left": "0",
                                            "isLinked": false
                                        },
                                        "padding_mobile": {
                                            "unit": "px",
                                            "top": "0",
                                            "right": "0",
                                            "bottom": "0",
                                            "left": "0",
                                            "isLinked": false
                                        },
                                        "animation": "fadeInDown",
                                        "animation_duration": "slow"
                                    },
                                    "elements": [
                                        {
                                            "id": "2c677b0a",
                                            "settings": {
                                                "image": {
                                                    "url": "https:\/\/templatekit.rometheme.net\/jackspollock\/wp-content\/uploads\/sites\/19\/2020\/11\/logo1.png",
                                                    "id": 1150
                                                },
                                                "image_size": "full",
                                                "css_filters_css_filter": "custom",
                                                "css_filters_brightness": {
                                                    "unit": "px",
                                                    "size": 200,
                                                    "sizes": []
                                                },
                                                "css_filters_contrast": {
                                                    "unit": "px",
                                                    "size": 200,
                                                    "sizes": []
                                                },
                                                "css_filters_saturate": {
                                                    "unit": "px",
                                                    "size": 0,
                                                    "sizes": []
                                                },
                                                "css_filters_hover_css_filter": "custom",
                                                "css_filters_hover_brightness": {
                                                    "unit": "px",
                                                    "size": 108,
                                                    "sizes": []
                                                },
                                                "css_filters_hover_contrast": {
                                                    "unit": "px",
                                                    "size": 164,
                                                    "sizes": []
                                                },
                                                "css_filters_hover_saturate": {
                                                    "unit": "px",
                                                    "size": 73,
                                                    "sizes": []
                                                },
                                                "css_filters_hover_hue": {
                                                    "unit": "px",
                                                    "size": 360,
                                                    "sizes": []
                                                },
                                                "hover_animation": "shrink"
                                            },
                                            "elements": [],
                                            "isInner": false,
                                            "widgetType": "image",
                                            "elType": "widget"
                                        }
                                    ],
                                    "isInner": true,
                                    "elType": "column"
                                }
                            ],
                            "isInner": true,
                            "elType": "section"
                        }
                    ],
                    "isInner": false,
                    "elType": "column"
                }
            ],
            "isInner": false,
            "elType": "section"
        }
    ]
}