{
    "version": "0.4",
    "title": "GALLERY",
    "type": "page",
    "metadata": {
        "template_type": "single-page",
        "include_in_zip": "1",
        "elementor_pro_required": null,
        "wp_page_template": "elementor_header_footer"
    },
    "content": [
        {
            "id": "4d96abb0",
            "settings": {
                "height": "min-height",
                "custom_height": {
                    "unit": "px",
                    "size": 300,
                    "sizes": []
                },
                "background_background": "classic",
                "background_overlay_background": "classic",
                "shape_divider_bottom_width": {
                    "unit": "%",
                    "size": 100,
                    "sizes": []
                },
                "shape_divider_bottom_height": {
                    "unit": "px",
                    "size": 25,
                    "sizes": []
                },
                "__globals__": {
                    "background_overlay_color": "",
                    "background_color": "globals\/colors?id=4c2cf67",
                    "shape_divider_bottom_color": "globals\/colors?id=429460b",
                    "background_color_b": "",
                    "shape_divider_top_color": ""
                },
                "shape_divider_top_width": {
                    "unit": "%",
                    "size": 100,
                    "sizes": []
                },
                "shape_divider_top_height": {
                    "unit": "px",
                    "size": 200,
                    "sizes": []
                },
                "shape_divider_top_flip": "yes",
                "shape_divider_bottom_flip": "yes",
                "shape_divider_top_width_mobile": {
                    "unit": "%",
                    "size": 300,
                    "sizes": []
                },
                "shape_divider_top_height_mobile": {
                    "unit": "px",
                    "size": 230,
                    "sizes": []
                },
                "background_overlay_opacity": {
                    "unit": "px",
                    "size": 0.8000000000000000444089209850062616169452667236328125,
                    "sizes": []
                },
                "overlay_blend_mode": "multiply",
                "shape_divider_top_color": "#35395E",
                "background_image": {
                    "url": "https:\/\/templatekit.rometheme.net\/jackspollock\/wp-content\/uploads\/sites\/19\/2020\/11\/photo-25.jpg",
                    "id": 3082
                },
                "background_attachment": "fixed",
                "background_image_mobile": {
                    "url": "https:\/\/templatekit.rometheme.net\/jackspollock\/wp-content\/uploads\/sites\/19\/2020\/11\/photo-25.jpg",
                    "id": 3082
                },
                "shape_divider_bottom": "zigzag"
            },
            "elements": [
                {
                    "id": "55d3ff0",
                    "settings": {
                        "_column_size": 100,
                        "_inline_size": null,
                        "background_background": "classic",
                        "background_position": "center center",
                        "background_size": "cover",
                        "background_overlay_background": "classic",
                        "__globals__": {
                            "background_color": "",
                            "background_overlay_color": ""
                        },
                        "padding": {
                            "unit": "em",
                            "top": "",
                            "right": "",
                            "bottom": "",
                            "left": "",
                            "isLinked": true
                        }
                    },
                    "elements": [
                        {
                            "id": "28f9c711",
                            "settings": [],
                            "elements": [
                                {
                                    "id": "3bcced0c",
                                    "settings": {
                                        "_column_size": 100,
                                        "_inline_size": null
                                    },
                                    "elements": [
                                        {
                                            "id": "5d3f541b",
                                            "settings": {
                                                "image": {
                                                    "url": "https:\/\/templatekit.rometheme.net\/jackspollock\/wp-content\/uploads\/sites\/19\/2020\/11\/logo6.png",
                                                    "id": 3054
                                                },
                                                "image_size": "custom",
                                                "align": "center",
                                                "image_custom_dimension": {
                                                    "width": "100",
                                                    "height": "100"
                                                }
                                            },
                                            "elements": [],
                                            "isInner": false,
                                            "widgetType": "image",
                                            "elType": "widget"
                                        },
                                        {
                                            "id": "2b0dc9c9",
                                            "settings": {
                                                "title": "GALLERY",
                                                "align": "center",
                                                "typography_font_family": "Big Shoulders Text",
                                                "typography_font_size": {
                                                    "unit": "px",
                                                    "size": 58,
                                                    "sizes": []
                                                },
                                                "__globals__": {
                                                    "title_color": "globals\/colors?id=15fbeeb"
                                                },
                                                "typography_font_size_mobile": {
                                                    "unit": "px",
                                                    "size": 46,
                                                    "sizes": []
                                                },
                                                "animation_duration": "slow",
                                                "align_mobile": "center",
                                                "align_tablet": "center"
                                            },
                                            "elements": [],
                                            "isInner": false,
                                            "widgetType": "heading",
                                            "elType": "widget"
                                        }
                                    ],
                                    "isInner": true,
                                    "elType": "column"
                                }
                            ],
                            "isInner": true,
                            "elType": "section"
                        }
                    ],
                    "isInner": false,
                    "elType": "column"
                }
            ],
            "isInner": false,
            "elType": "section"
        },
        {
            "id": "70a8d05f",
            "settings": {
                "background_background": "classic",
                "padding": {
                    "unit": "em",
                    "top": "6",
                    "right": "1",
                    "bottom": "6",
                    "left": "1",
                    "isLinked": false
                },
                "__globals__": {
                    "background_color": "globals\/colors?id=429460b",
                    "background_color_b": ""
                },
                "background_overlay_background": "classic",
                "background_overlay_opacity": {
                    "unit": "px",
                    "size": 1,
                    "sizes": []
                },
                "background_color_b": "",
                "background_repeat": "no-repeat",
                "background_size": "cover"
            },
            "elements": [
                {
                    "id": "16e4076e",
                    "settings": {
                        "_column_size": 100,
                        "_inline_size": null,
                        "padding_mobile": {
                            "unit": "px",
                            "top": "0",
                            "right": "0",
                            "bottom": "0",
                            "left": "0",
                            "isLinked": true
                        }
                    },
                    "elements": [
                        {
                            "id": "6b6b3f00",
                            "settings": [],
                            "elements": [
                                {
                                    "id": "3ca7640",
                                    "settings": {
                                        "_column_size": 100,
                                        "_inline_size": null,
                                        "margin": {
                                            "unit": "px",
                                            "top": "15",
                                            "right": "15",
                                            "bottom": "15",
                                            "left": "15",
                                            "isLinked": true
                                        },
                                        "_inline_size_tablet": 100,
                                        "margin_mobile": {
                                            "unit": "px",
                                            "top": "0",
                                            "right": "0",
                                            "bottom": "0",
                                            "left": "0",
                                            "isLinked": true
                                        },
                                        "padding_mobile": {
                                            "unit": "px",
                                            "top": "0",
                                            "right": "0",
                                            "bottom": "0",
                                            "left": "0",
                                            "isLinked": true
                                        }
                                    },
                                    "elements": [
                                        {
                                            "id": "20e8c5d6",
                                            "settings": {
                                                "title": "BEST GALLERY",
                                                "header_size": "h5",
                                                "align": "center",
                                                "typography_font_family": "Assistant",
                                                "typography_font_size": {
                                                    "unit": "px",
                                                    "size": 28,
                                                    "sizes": []
                                                },
                                                "__globals__": {
                                                    "title_color": "globals\/colors?id=e70aa66"
                                                },
                                                "typography_font_size_mobile": {
                                                    "unit": "px",
                                                    "size": 24,
                                                    "sizes": []
                                                },
                                                "animation_duration": "slow",
                                                "align_mobile": "center",
                                                "_animation": "fadeInDown"
                                            },
                                            "elements": [],
                                            "isInner": false,
                                            "widgetType": "heading",
                                            "elType": "widget"
                                        },
                                        {
                                            "id": "538cd794",
                                            "settings": {
                                                "title": "BEST PHOTOS FROM OUR CUSTOMERS",
                                                "align": "center",
                                                "typography_font_family": "Big Shoulders Text",
                                                "typography_font_size": {
                                                    "unit": "px",
                                                    "size": 58,
                                                    "sizes": []
                                                },
                                                "__globals__": {
                                                    "title_color": "globals\/colors?id=15fbeeb"
                                                },
                                                "typography_font_size_mobile": {
                                                    "unit": "px",
                                                    "size": 46,
                                                    "sizes": []
                                                },
                                                "animation_duration": "slow",
                                                "align_mobile": "center",
                                                "_margin_mobile": {
                                                    "unit": "px",
                                                    "top": "0",
                                                    "right": "0",
                                                    "bottom": "30",
                                                    "left": "0",
                                                    "isLinked": false
                                                },
                                                "_animation": "fadeInDown"
                                            },
                                            "elements": [],
                                            "isInner": false,
                                            "widgetType": "heading",
                                            "elType": "widget"
                                        }
                                    ],
                                    "isInner": true,
                                    "elType": "column"
                                }
                            ],
                            "isInner": true,
                            "elType": "section"
                        },
                        {
                            "id": "3cfef3ff",
                            "settings": [],
                            "elements": [
                                {
                                    "id": "34fd2c37",
                                    "settings": {
                                        "_column_size": 100,
                                        "_inline_size": null,
                                        "margin_mobile": {
                                            "unit": "px",
                                            "top": "0",
                                            "right": "0",
                                            "bottom": "0",
                                            "left": "0",
                                            "isLinked": true
                                        },
                                        "padding_mobile": {
                                            "unit": "px",
                                            "top": "0",
                                            "right": "0",
                                            "bottom": "0",
                                            "left": "0",
                                            "isLinked": true
                                        }
                                    },
                                    "elements": [
                                        {
                                            "id": "2bb9cd65",
                                            "settings": {
                                                "pp_info_boxes": [
                                                    {
                                                        "title": "",
                                                        "subtitle": "",
                                                        "description": "",
                                                        "icon_type": "image",
                                                        "icon_text": "1",
                                                        "image": {
                                                            "url": "https:\/\/templatekit.rometheme.net\/jackspollock\/wp-content\/uploads\/sites\/19\/2020\/11\/photo-12-2.jpg",
                                                            "id": 2739
                                                        },
                                                        "button_text": "Get Started",
                                                        "_id": "2a7b5b3"
                                                    },
                                                    {
                                                        "title": "",
                                                        "subtitle": "",
                                                        "description": "",
                                                        "icon_type": "image",
                                                        "icon_text": "1",
                                                        "image": {
                                                            "url": "https:\/\/templatekit.rometheme.net\/jackspollock\/wp-content\/uploads\/sites\/19\/2020\/11\/photo-15.jpg",
                                                            "id": 2792
                                                        },
                                                        "button_text": "Get Started",
                                                        "_id": "d147f85"
                                                    },
                                                    {
                                                        "title": "",
                                                        "subtitle": "",
                                                        "description": "",
                                                        "icon_type": "image",
                                                        "icon_text": "1",
                                                        "image": {
                                                            "url": "https:\/\/templatekit.rometheme.net\/jackspollock\/wp-content\/uploads\/sites\/19\/2020\/11\/photo-18.jpg",
                                                            "id": 2793
                                                        },
                                                        "button_text": "Get Started",
                                                        "_id": "42caaf7"
                                                    },
                                                    {
                                                        "title": "",
                                                        "subtitle": "",
                                                        "description": "",
                                                        "icon_type": "image",
                                                        "icon_text": "1",
                                                        "button_text": "Get Started",
                                                        "_id": "8273e82",
                                                        "image": {
                                                            "url": "https:\/\/templatekit.rometheme.net\/jackspollock\/wp-content\/uploads\/sites\/19\/2020\/11\/photo-17.jpg",
                                                            "id": 2794
                                                        }
                                                    }
                                                ],
                                                "carousel_effect": "coverflow",
                                                "dots": "",
                                                "pagination_type": "fraction",
                                                "icon_border_radius": {
                                                    "unit": "px",
                                                    "top": "20",
                                                    "right": "20",
                                                    "bottom": "20",
                                                    "left": "20",
                                                    "isLinked": true
                                                },
                                                "arrows_color_normal": "#F9F9F9",
                                                "__globals__": {
                                                    "icon_color_normal": "",
                                                    "icon_bg_color_normal": "",
                                                    "arrows_bg_color_normal": "",
                                                    "arrows_color_normal": "globals\/colors?id=15fbeeb"
                                                }
                                            },
                                            "elements": [],
                                            "isInner": false,
                                            "widgetType": "pp-info-box-carousel",
                                            "elType": "widget"
                                        },
                                        {
                                            "id": "2bc29525",
                                            "settings": {
                                                "wp_gallery": [
                                                    {
                                                        "id": 2793,
                                                        "url": "https:\/\/templatekit.rometheme.net\/jackspollock\/wp-content\/uploads\/sites\/19\/2020\/11\/photo-18.jpg"
                                                    },
                                                    {
                                                        "id": 2792,
                                                        "url": "https:\/\/templatekit.rometheme.net\/jackspollock\/wp-content\/uploads\/sites\/19\/2020\/11\/photo-15.jpg"
                                                    },
                                                    {
                                                        "id": 2740,
                                                        "url": "https:\/\/templatekit.rometheme.net\/jackspollock\/wp-content\/uploads\/sites\/19\/2020\/11\/photo-13-1.jpg"
                                                    }
                                                ],
                                                "thumbnail_size": "full",
                                                "gallery_columns": "3",
                                                "image_spacing": "custom",
                                                "image_spacing_custom": {
                                                    "unit": "px",
                                                    "size": 20,
                                                    "sizes": []
                                                },
                                                "image_border_radius": {
                                                    "unit": "px",
                                                    "top": "30",
                                                    "right": "30",
                                                    "bottom": "30",
                                                    "left": "30",
                                                    "isLinked": true
                                                }
                                            },
                                            "elements": [],
                                            "isInner": false,
                                            "widgetType": "image-gallery",
                                            "elType": "widget"
                                        }
                                    ],
                                    "isInner": true,
                                    "elType": "column"
                                }
                            ],
                            "isInner": true,
                            "elType": "section"
                        }
                    ],
                    "isInner": false,
                    "elType": "column"
                }
            ],
            "isInner": false,
            "elType": "section"
        },
        {
            "id": "75e9f4bf",
            "settings": {
                "background_background": "classic",
                "padding": {
                    "unit": "em",
                    "top": "6",
                    "right": "1",
                    "bottom": "6",
                    "left": "1",
                    "isLinked": false
                },
                "__globals__": {
                    "background_color": "globals\/colors?id=429460b",
                    "background_color_b": ""
                },
                "background_overlay_background": "classic",
                "background_overlay_opacity": {
                    "unit": "px",
                    "size": 1,
                    "sizes": []
                },
                "background_color_b": "",
                "background_repeat": "no-repeat",
                "background_size": "cover",
                "background_position": "top center",
                "background_image": {
                    "url": "https:\/\/templatekit.rometheme.net\/jackspollock\/wp-content\/uploads\/sites\/19\/2020\/11\/photo-1.jpg",
                    "id": 2823
                }
            },
            "elements": [
                {
                    "id": "187ff40e",
                    "settings": {
                        "_column_size": 100,
                        "_inline_size": null,
                        "padding_mobile": {
                            "unit": "px",
                            "top": "0",
                            "right": "0",
                            "bottom": "0",
                            "left": "0",
                            "isLinked": true
                        },
                        "margin_mobile": {
                            "unit": "px",
                            "top": "0",
                            "right": "0",
                            "bottom": "0",
                            "left": "0",
                            "isLinked": false
                        }
                    },
                    "elements": [
                        {
                            "id": "5e8bc419",
                            "settings": {
                                "title": "PRICE",
                                "header_size": "h5",
                                "align": "left",
                                "typography_font_family": "Assistant",
                                "typography_font_size": {
                                    "unit": "px",
                                    "size": 28,
                                    "sizes": []
                                },
                                "__globals__": {
                                    "title_color": "globals\/colors?id=e70aa66"
                                },
                                "typography_font_size_mobile": {
                                    "unit": "px",
                                    "size": 24,
                                    "sizes": []
                                },
                                "animation_duration": "slow",
                                "align_mobile": "center",
                                "_animation": "fadeInDown"
                            },
                            "elements": [],
                            "isInner": false,
                            "widgetType": "heading",
                            "elType": "widget"
                        },
                        {
                            "id": "457e4106",
                            "settings": {
                                "title": "FEATURED PRODUCT",
                                "align": "left",
                                "typography_font_family": "Big Shoulders Text",
                                "typography_font_size": {
                                    "unit": "px",
                                    "size": 58,
                                    "sizes": []
                                },
                                "__globals__": {
                                    "title_color": "globals\/colors?id=15fbeeb"
                                },
                                "typography_font_size_mobile": {
                                    "unit": "px",
                                    "size": 46,
                                    "sizes": []
                                },
                                "animation_duration": "slow",
                                "align_mobile": "center",
                                "_margin_mobile": {
                                    "unit": "px",
                                    "top": "0",
                                    "right": "0",
                                    "bottom": "30",
                                    "left": "0",
                                    "isLinked": false
                                },
                                "_animation": "fadeInDown"
                            },
                            "elements": [],
                            "isInner": false,
                            "widgetType": "heading",
                            "elType": "widget"
                        },
                        {
                            "id": "93eed4d",
                            "settings": {
                                "pp_info_boxes": [
                                    {
                                        "title": "$59",
                                        "_id": "cd90795",
                                        "subtitle": "Vape Pro - Mod",
                                        "description": "",
                                        "icon_type": "image",
                                        "icon_text": "1",
                                        "link_type": "button",
                                        "button_text": "MORE INFO",
                                        "image": {
                                            "url": "https:\/\/templatekit.rometheme.net\/jackspollock\/wp-content\/uploads\/sites\/19\/2020\/11\/photo-4.png",
                                            "id": 2680
                                        }
                                    },
                                    {
                                        "title": "$69",
                                        "subtitle": "Menthol Liquids",
                                        "description": "",
                                        "icon_type": "image",
                                        "icon_text": "1",
                                        "link_type": "button",
                                        "button_text": "MORE INFO",
                                        "_id": "09e12c8",
                                        "image": {
                                            "url": "https:\/\/templatekit.rometheme.net\/jackspollock\/wp-content\/uploads\/sites\/19\/2020\/11\/photo-5.png",
                                            "id": 2687
                                        }
                                    },
                                    {
                                        "title": "$32",
                                        "subtitle": "Wjite Appolo Tube",
                                        "description": "",
                                        "icon_type": "image",
                                        "icon_text": "1",
                                        "link_type": "button",
                                        "button_text": "MORE INFO",
                                        "_id": "cf76b43",
                                        "image": {
                                            "url": "https:\/\/templatekit.rometheme.net\/jackspollock\/wp-content\/uploads\/sites\/19\/2020\/11\/photo-6.png",
                                            "id": 2688
                                        }
                                    },
                                    {
                                        "title": "$99",
                                        "subtitle": "Neon Mood Vape",
                                        "description": "",
                                        "icon_type": "image",
                                        "icon_text": "1",
                                        "link_type": "button",
                                        "button_text": "MORE INFO",
                                        "_id": "419c58a",
                                        "image": {
                                            "url": "https:\/\/templatekit.rometheme.net\/jackspollock\/wp-content\/uploads\/sites\/19\/2020\/11\/photo-8.png",
                                            "id": 2695
                                        }
                                    },
                                    {
                                        "title": "$86",
                                        "subtitle": "Rock Mood XII",
                                        "description": "",
                                        "icon_type": "image",
                                        "icon_text": "1",
                                        "link_type": "button",
                                        "button_text": "MORE INFO",
                                        "_id": "73dd024",
                                        "image": {
                                            "url": "https:\/\/templatekit.rometheme.net\/jackspollock\/wp-content\/uploads\/sites\/19\/2020\/11\/photo-7.png",
                                            "id": 2691
                                        }
                                    }
                                ],
                                "title_html_tag": "h3",
                                "dots": "",
                                "info_box_border_radius": {
                                    "unit": "px",
                                    "top": "20",
                                    "right": "20",
                                    "bottom": "20",
                                    "left": "20",
                                    "isLinked": true
                                },
                                "info_box_padding": {
                                    "unit": "px",
                                    "top": "15",
                                    "right": "15",
                                    "bottom": "15",
                                    "left": "15",
                                    "isLinked": true
                                },
                                "icon_border_radius": {
                                    "unit": "px",
                                    "top": "20",
                                    "right": "20",
                                    "bottom": "20",
                                    "left": "20",
                                    "isLinked": true
                                },
                                "title_typography_font_family": "Big Shoulders Text",
                                "title_typography_font_size": {
                                    "unit": "px",
                                    "size": 36,
                                    "sizes": []
                                },
                                "title_margin": {
                                    "unit": "px",
                                    "size": 0,
                                    "sizes": []
                                },
                                "subtitle_typography_font_family": "Assistant",
                                "subtitle_typography_font_size": {
                                    "unit": "px",
                                    "size": 24,
                                    "sizes": []
                                },
                                "subtitle_margin": {
                                    "unit": "px",
                                    "size": 30,
                                    "sizes": []
                                },
                                "button_border_radius": {
                                    "unit": "px",
                                    "top": "30",
                                    "right": "30",
                                    "bottom": "30",
                                    "left": "30",
                                    "isLinked": true
                                },
                                "button_typography_font_family": "Assistant",
                                "button_typography_font_size": {
                                    "unit": "px",
                                    "size": 18,
                                    "sizes": []
                                },
                                "button_typography_font_weight": "bold",
                                "button_hover_animation": "wobble-vertical",
                                "arrows_size": {
                                    "unit": "px",
                                    "size": 5,
                                    "sizes": []
                                },
                                "arrows_border_radius_normal": {
                                    "unit": "px",
                                    "top": "50",
                                    "right": "50",
                                    "bottom": "50",
                                    "left": "50",
                                    "isLinked": true
                                },
                                "arrows_padding": {
                                    "unit": "px",
                                    "top": "10",
                                    "right": "10",
                                    "bottom": "10",
                                    "left": "10",
                                    "isLinked": true
                                },
                                "__globals__": {
                                    "title_color": "globals\/colors?id=dd540f6",
                                    "subtitle_color": "globals\/colors?id=6064791",
                                    "button_text_color_normal": "globals\/colors?id=15fbeeb",
                                    "button_bg_color_normal": "globals\/colors?id=6064791",
                                    "arrows_bg_color_normal": "globals\/colors?id=6064791",
                                    "arrows_color_normal": "globals\/colors?id=15fbeeb",
                                    "arrows_border_normal_color": "globals\/colors?id=6064791"
                                },
                                "_margin_mobile": {
                                    "unit": "px",
                                    "top": "0",
                                    "right": "0",
                                    "bottom": "0",
                                    "left": "0",
                                    "isLinked": true
                                },
                                "_padding_mobile": {
                                    "unit": "px",
                                    "top": "0",
                                    "right": "0",
                                    "bottom": "0",
                                    "left": "0",
                                    "isLinked": true
                                },
                                "subtitle_color": "#9A3BCE",
                                "button_text_color_normal": "#F9F9F9",
                                "button_bg_color_normal": "#9A3BCE",
                                "select_arrow": {
                                    "value": "",
                                    "library": ""
                                },
                                "arrows_bg_color_normal": "#9A3BCE",
                                "arrows_color_normal": "#F9F9F9",
                                "arrows_border_normal_border": "solid",
                                "arrows_border_normal_width": {
                                    "unit": "px",
                                    "top": "5",
                                    "right": "5",
                                    "bottom": "5",
                                    "left": "5",
                                    "isLinked": true
                                },
                                "arrows_border_normal_color": "#9A3BCE",
                                "icon_animation": "pulse"
                            },
                            "elements": [],
                            "isInner": false,
                            "widgetType": "pp-info-box-carousel",
                            "elType": "widget"
                        }
                    ],
                    "isInner": false,
                    "elType": "column"
                }
            ],
            "isInner": false,
            "elType": "section"
        },
        {
            "id": "68f4ab31",
            "settings": {
                "background_background": "classic",
                "padding": {
                    "unit": "em",
                    "top": "6",
                    "right": "1",
                    "bottom": "6",
                    "left": "1",
                    "isLinked": false
                },
                "__globals__": {
                    "background_color": "globals\/colors?id=429460b",
                    "background_color_b": ""
                },
                "background_overlay_background": "classic",
                "background_overlay_opacity": {
                    "unit": "px",
                    "size": 1,
                    "sizes": []
                },
                "background_color_b": "",
                "background_repeat": "no-repeat",
                "background_size": "cover",
                "background_position": "bottom center"
            },
            "elements": [
                {
                    "id": "1c448bea",
                    "settings": {
                        "_column_size": 100,
                        "_inline_size": null,
                        "padding_mobile": {
                            "unit": "px",
                            "top": "0",
                            "right": "0",
                            "bottom": "0",
                            "left": "0",
                            "isLinked": true
                        }
                    },
                    "elements": [
                        {
                            "id": "7558ed67",
                            "settings": {
                                "structure": "40"
                            },
                            "elements": [
                                {
                                    "id": "2587f01e",
                                    "settings": {
                                        "_column_size": 25,
                                        "_inline_size": null,
                                        "margin": {
                                            "unit": "px",
                                            "top": "10",
                                            "right": "10",
                                            "bottom": "10",
                                            "left": "10",
                                            "isLinked": true
                                        },
                                        "_inline_size_tablet": 50,
                                        "margin_mobile": {
                                            "unit": "px",
                                            "top": "0",
                                            "right": "0",
                                            "bottom": "30",
                                            "left": "0",
                                            "isLinked": false
                                        },
                                        "padding_mobile": {
                                            "unit": "px",
                                            "top": "0",
                                            "right": "0",
                                            "bottom": "0",
                                            "left": "0",
                                            "isLinked": false
                                        },
                                        "animation": "fadeInDown",
                                        "animation_duration": "slow"
                                    },
                                    "elements": [
                                        {
                                            "id": "5aaf48f2",
                                            "settings": {
                                                "image": {
                                                    "url": "https:\/\/templatekit.rometheme.net\/jackspollock\/wp-content\/uploads\/sites\/19\/2020\/11\/logo4.png",
                                                    "id": 1147
                                                },
                                                "image_size": "full",
                                                "css_filters_css_filter": "custom",
                                                "css_filters_brightness": {
                                                    "unit": "px",
                                                    "size": 200,
                                                    "sizes": []
                                                },
                                                "css_filters_contrast": {
                                                    "unit": "px",
                                                    "size": 200,
                                                    "sizes": []
                                                },
                                                "css_filters_saturate": {
                                                    "unit": "px",
                                                    "size": 0,
                                                    "sizes": []
                                                },
                                                "css_filters_hover_css_filter": "custom",
                                                "css_filters_hover_brightness": {
                                                    "unit": "px",
                                                    "size": 108,
                                                    "sizes": []
                                                },
                                                "css_filters_hover_contrast": {
                                                    "unit": "px",
                                                    "size": 164,
                                                    "sizes": []
                                                },
                                                "css_filters_hover_saturate": {
                                                    "unit": "px",
                                                    "size": 73,
                                                    "sizes": []
                                                },
                                                "css_filters_hover_hue": {
                                                    "unit": "px",
                                                    "size": 360,
                                                    "sizes": []
                                                },
                                                "hover_animation": "shrink"
                                            },
                                            "elements": [],
                                            "isInner": false,
                                            "widgetType": "image",
                                            "elType": "widget"
                                        }
                                    ],
                                    "isInner": true,
                                    "elType": "column"
                                },
                                {
                                    "id": "7d575250",
                                    "settings": {
                                        "_column_size": 25,
                                        "_inline_size": null,
                                        "margin": {
                                            "unit": "px",
                                            "top": "10",
                                            "right": "10",
                                            "bottom": "10",
                                            "left": "10",
                                            "isLinked": true
                                        },
                                        "_inline_size_tablet": 50,
                                        "margin_mobile": {
                                            "unit": "px",
                                            "top": "0",
                                            "right": "0",
                                            "bottom": "30",
                                            "left": "0",
                                            "isLinked": false
                                        },
                                        "padding_mobile": {
                                            "unit": "px",
                                            "top": "0",
                                            "right": "0",
                                            "bottom": "0",
                                            "left": "0",
                                            "isLinked": false
                                        },
                                        "animation": "fadeInDown",
                                        "animation_duration": "slow"
                                    },
                                    "elements": [
                                        {
                                            "id": "52b0baea",
                                            "settings": {
                                                "image": {
                                                    "url": "https:\/\/templatekit.rometheme.net\/jackspollock\/wp-content\/uploads\/sites\/19\/2020\/11\/logo3.png",
                                                    "id": 1148
                                                },
                                                "image_size": "full",
                                                "css_filters_css_filter": "custom",
                                                "css_filters_brightness": {
                                                    "unit": "px",
                                                    "size": 200,
                                                    "sizes": []
                                                },
                                                "css_filters_contrast": {
                                                    "unit": "px",
                                                    "size": 200,
                                                    "sizes": []
                                                },
                                                "css_filters_saturate": {
                                                    "unit": "px",
                                                    "size": 0,
                                                    "sizes": []
                                                },
                                                "css_filters_hover_css_filter": "custom",
                                                "css_filters_hover_brightness": {
                                                    "unit": "px",
                                                    "size": 108,
                                                    "sizes": []
                                                },
                                                "css_filters_hover_contrast": {
                                                    "unit": "px",
                                                    "size": 164,
                                                    "sizes": []
                                                },
                                                "css_filters_hover_saturate": {
                                                    "unit": "px",
                                                    "size": 73,
                                                    "sizes": []
                                                },
                                                "css_filters_hover_hue": {
                                                    "unit": "px",
                                                    "size": 360,
                                                    "sizes": []
                                                },
                                                "hover_animation": "shrink"
                                            },
                                            "elements": [],
                                            "isInner": false,
                                            "widgetType": "image",
                                            "elType": "widget"
                                        }
                                    ],
                                    "isInner": true,
                                    "elType": "column"
                                },
                                {
                                    "id": "5a82e4ae",
                                    "settings": {
                                        "_column_size": 25,
                                        "_inline_size": null,
                                        "margin": {
                                            "unit": "px",
                                            "top": "10",
                                            "right": "10",
                                            "bottom": "10",
                                            "left": "10",
                                            "isLinked": true
                                        },
                                        "_inline_size_tablet": 50,
                                        "margin_mobile": {
                                            "unit": "px",
                                            "top": "0",
                                            "right": "0",
                                            "bottom": "30",
                                            "left": "0",
                                            "isLinked": false
                                        },
                                        "padding_mobile": {
                                            "unit": "px",
                                            "top": "0",
                                            "right": "0",
                                            "bottom": "0",
                                            "left": "0",
                                            "isLinked": false
                                        },
                                        "animation": "fadeInDown",
                                        "animation_duration": "slow"
                                    },
                                    "elements": [
                                        {
                                            "id": "447605a0",
                                            "settings": {
                                                "image": {
                                                    "url": "https:\/\/templatekit.rometheme.net\/jackspollock\/wp-content\/uploads\/sites\/19\/2020\/11\/logo2.png",
                                                    "id": 1149
                                                },
                                                "image_size": "full",
                                                "css_filters_css_filter": "custom",
                                                "css_filters_brightness": {
                                                    "unit": "px",
                                                    "size": 200,
                                                    "sizes": []
                                                },
                                                "css_filters_contrast": {
                                                    "unit": "px",
                                                    "size": 200,
                                                    "sizes": []
                                                },
                                                "css_filters_saturate": {
                                                    "unit": "px",
                                                    "size": 0,
                                                    "sizes": []
                                                },
                                                "css_filters_hover_css_filter": "custom",
                                                "css_filters_hover_brightness": {
                                                    "unit": "px",
                                                    "size": 108,
                                                    "sizes": []
                                                },
                                                "css_filters_hover_contrast": {
                                                    "unit": "px",
                                                    "size": 164,
                                                    "sizes": []
                                                },
                                                "css_filters_hover_saturate": {
                                                    "unit": "px",
                                                    "size": 73,
                                                    "sizes": []
                                                },
                                                "css_filters_hover_hue": {
                                                    "unit": "px",
                                                    "size": 360,
                                                    "sizes": []
                                                },
                                                "hover_animation": "shrink"
                                            },
                                            "elements": [],
                                            "isInner": false,
                                            "widgetType": "image",
                                            "elType": "widget"
                                        }
                                    ],
                                    "isInner": true,
                                    "elType": "column"
                                },
                                {
                                    "id": "36141208",
                                    "settings": {
                                        "_column_size": 25,
                                        "_inline_size": null,
                                        "margin": {
                                            "unit": "px",
                                            "top": "10",
                                            "right": "10",
                                            "bottom": "10",
                                            "left": "10",
                                            "isLinked": true
                                        },
                                        "_inline_size_tablet": 50,
                                        "margin_mobile": {
                                            "unit": "px",
                                            "top": "0",
                                            "right": "0",
                                            "bottom": "0",
                                            "left": "0",
                                            "isLinked": false
                                        },
                                        "padding_mobile": {
                                            "unit": "px",
                                            "top": "0",
                                            "right": "0",
                                            "bottom": "0",
                                            "left": "0",
                                            "isLinked": false
                                        },
                                        "animation": "fadeInDown",
                                        "animation_duration": "slow"
                                    },
                                    "elements": [
                                        {
                                            "id": "6e1d3abe",
                                            "settings": {
                                                "image": {
                                                    "url": "https:\/\/templatekit.rometheme.net\/jackspollock\/wp-content\/uploads\/sites\/19\/2020\/11\/logo1.png",
                                                    "id": 1150
                                                },
                                                "image_size": "full",
                                                "css_filters_css_filter": "custom",
                                                "css_filters_brightness": {
                                                    "unit": "px",
                                                    "size": 200,
                                                    "sizes": []
                                                },
                                                "css_filters_contrast": {
                                                    "unit": "px",
                                                    "size": 200,
                                                    "sizes": []
                                                },
                                                "css_filters_saturate": {
                                                    "unit": "px",
                                                    "size": 0,
                                                    "sizes": []
                                                },
                                                "css_filters_hover_css_filter": "custom",
                                                "css_filters_hover_brightness": {
                                                    "unit": "px",
                                                    "size": 108,
                                                    "sizes": []
                                                },
                                                "css_filters_hover_contrast": {
                                                    "unit": "px",
                                                    "size": 164,
                                                    "sizes": []
                                                },
                                                "css_filters_hover_saturate": {
                                                    "unit": "px",
                                                    "size": 73,
                                                    "sizes": []
                                                },
                                                "css_filters_hover_hue": {
                                                    "unit": "px",
                                                    "size": 360,
                                                    "sizes": []
                                                },
                                                "hover_animation": "shrink"
                                            },
                                            "elements": [],
                                            "isInner": false,
                                            "widgetType": "image",
                                            "elType": "widget"
                                        }
                                    ],
                                    "isInner": true,
                                    "elType": "column"
                                }
                            ],
                            "isInner": true,
                            "elType": "section"
                        }
                    ],
                    "isInner": false,
                    "elType": "column"
                }
            ],
            "isInner": false,
            "elType": "section"
        }
    ]
}