{
    "version": "0.4",
    "title": "Global Kit Styles",
    "type": "section",
    "metadata": {
        "template_type": "global-styles",
        "include_in_zip": "1",
        "elementor_pro_required": null,
        "additional_template_information": [
            "These are the global theme styles configured through the Elementor Theme Styles area."
        ],
        "wp_page_template": "default"
    },
    "content": [],
    "page_settings": {
        "custom_colors": [
            {
                "_id": "9e17407",
                "title": "color 1",
                "color": "#D3D3D3"
            },
            {
                "_id": "9355d07",
                "title": "color 2",
                "color": "#BDBDBD"
            },
            {
                "_id": "e426d25",
                "title": "color 3",
                "color": "#5F5F5F"
            },
            {
                "_id": "6064791",
                "title": "color 4",
                "color": "#9A3BCE"
            },
            {
                "_id": "429460b",
                "title": "color 5",
                "color": "#1A0025"
            },
            {
                "_id": "b7385c6",
                "title": "color 6",
                "color": "#0E1259"
            },
            {
                "_id": "15fbeeb",
                "title": "color7",
                "color": "#F9F9F9"
            },
            {
                "_id": "4eb8a68",
                "title": "color8",
                "color": "#232323"
            },
            {
                "_id": "855807a",
                "title": "color9",
                "color": "#555555"
            },
            {
                "_id": "e70aa66",
                "title": "color10",
                "color": "#FF2BB9"
            },
            {
                "_id": "dd540f6",
                "title": "color11",
                "color": "#EFF4FF"
            },
            {
                "_id": "4c2cf67",
                "title": "color 12",
                "color": "#1A1C38"
            },
            {
                "_id": "373ffd1",
                "title": "color 13",
                "color": "#280338"
            }
        ],
        "system_colors": [
            {
                "_id": "primary",
                "title": "Primary",
                "color": "#6EC1E4"
            },
            {
                "_id": "secondary",
                "title": "Secondary",
                "color": "#54595F"
            },
            {
                "_id": "text",
                "title": "Text",
                "color": "#7A7A7A"
            },
            {
                "_id": "accent",
                "title": "Accent",
                "color": "#61CE70"
            }
        ],
        "system_typography": [
            {
                "_id": "primary",
                "title": "Primary",
                "typography_typography": "custom",
                "typography_font_family": "Big Shoulders Display",
                "typography_font_size": {
                    "unit": "px",
                    "size": 36,
                    "sizes": []
                }
            },
            {
                "_id": "secondary",
                "title": "Secondary",
                "typography_typography": "custom",
                "typography_font_family": "Big Shoulders Text",
                "typography_font_size": {
                    "unit": "px",
                    "size": 24,
                    "sizes": []
                }
            },
            {
                "_id": "text",
                "title": "Text",
                "typography_typography": "custom",
                "typography_font_family": "Assistant",
                "typography_font_size": {
                    "unit": "px",
                    "size": 18,
                    "sizes": []
                }
            },
            {
                "_id": "accent",
                "title": "Accent",
                "typography_typography": "custom",
                "typography_font_family": "Assistant",
                "typography_font_size": {
                    "unit": "px",
                    "size": 18,
                    "sizes": []
                }
            }
        ],
        "custom_typography": [],
        "default_generic_fonts": "Sans-serif",
        "site_name": "Jackspollock",
        "site_description": "Just another My Sites site",
        "page_title_selector": "h1.entry-title",
        "activeItemIndex": 1,
        "body_typography_typography": "custom",
        "body_typography_font_family": "Assistant",
        "link_normal_typography_typography": "custom",
        "link_normal_typography_font_family": "Assistant",
        "link_normal_typography_font_size": {
            "unit": "px",
            "size": 18,
            "sizes": []
        },
        "__globals__": {
            "body_color": "globals\/colors?id=9355d07",
            "link_normal_color": "globals\/colors?id=9355d07",
            "h1_color": "globals\/colors?id=15fbeeb",
            "h2_color": "globals\/colors?id=15fbeeb",
            "h3_color": "globals\/colors?id=4eb8a68",
            "h4_color": "globals\/colors?id=e70aa66",
            "h4_typography_typography": "",
            "h5_color": "globals\/colors?id=855807a",
            "h6_color": "globals\/colors?id=15fbeeb",
            "button_text_color": "globals\/colors?id=15fbeeb",
            "button_background_color": "globals\/colors?id=6064791"
        },
        "body_color": "#BDBDBD",
        "link_normal_color": "#BDBDBD",
        "h1_color": "#F9F9F9",
        "h1_typography_typography": "custom",
        "h1_typography_font_family": "Big Shoulders Text",
        "h1_typography_font_size": {
            "unit": "px",
            "size": 150,
            "sizes": []
        },
        "h2_color": "#F9F9F9",
        "h2_typography_typography": "custom",
        "h2_typography_font_family": "Big Shoulders Text",
        "h2_typography_font_size": {
            "unit": "px",
            "size": 58,
            "sizes": []
        },
        "h3_color": "#555555",
        "h3_typography_typography": "custom",
        "h3_typography_font_family": "Big Shoulders Text",
        "h3_typography_font_size": {
            "unit": "px",
            "size": 36,
            "sizes": []
        },
        "h4_color": "#FF2BB9",
        "h4_typography_typography": "custom",
        "h4_typography_font_family": "Big Shoulders Text",
        "h4_typography_font_size": {
            "unit": "px",
            "size": 36,
            "sizes": []
        },
        "h5_typography_typography": "custom",
        "h5_typography_font_family": "Assistant",
        "h5_typography_font_size": {
            "unit": "px",
            "size": 24,
            "sizes": []
        },
        "h6_typography_typography": "custom",
        "h6_typography_font_family": "Assistant",
        "h6_typography_font_size": {
            "unit": "px",
            "size": 14,
            "sizes": []
        },
        "button_typography_typography": "custom",
        "button_typography_font_family": "Assistant",
        "button_typography_font_size": {
            "unit": "px",
            "size": 18,
            "sizes": []
        },
        "button_typography_font_weight": "bold"
    }
}