{
    "version": "0.4",
    "title": "HEADER",
    "type": "section",
    "metadata": {
        "template_type": "section-header",
        "include_in_zip": "1",
        "elementor_pro_required": null,
        "wp_page_template": "elementor_canvas"
    },
    "content": [
        {
            "id": "3b7b690d",
            "settings": {
                "background_background": "classic",
                "__globals__": {
                    "background_color": "globals\/colors?id=373ffd1",
                    "background_color_b": "",
                    "border_color": "globals\/colors?id=e70aa66"
                },
                "background_color_stop": {
                    "unit": "%",
                    "size": 28,
                    "sizes": []
                },
                "background_color_b": "#39A9DB",
                "background_gradient_angle": {
                    "unit": "deg",
                    "size": 100,
                    "sizes": []
                },
                "border_border": "solid",
                "border_width": {
                    "unit": "px",
                    "top": "0",
                    "right": "0",
                    "bottom": "1",
                    "left": "0",
                    "isLinked": false
                },
                "border_color": "#FF2BB9"
            },
            "elements": [
                {
                    "id": "67cb470",
                    "settings": {
                        "_column_size": 100,
                        "_inline_size": null
                    },
                    "elements": [
                        {
                            "id": "17b3fedd",
                            "settings": {
                                "structure": "20",
                                "background_background": "classic"
                            },
                            "elements": [
                                {
                                    "id": "3f5bc4de",
                                    "settings": {
                                        "_column_size": 50,
                                        "_inline_size": 21.92099999999999937472239253111183643341064453125,
                                        "background_background": "classic",
                                        "__globals__": {
                                            "background_color": "",
                                            "border_color": "globals\/colors?id=3ef5779"
                                        },
                                        "border_width": {
                                            "unit": "px",
                                            "top": "5",
                                            "right": "5",
                                            "bottom": "5",
                                            "left": "5",
                                            "isLinked": true
                                        },
                                        "border_color": "#F6F5F5",
                                        "margin": {
                                            "unit": "px",
                                            "top": "0",
                                            "right": "0",
                                            "bottom": "0",
                                            "left": "0",
                                            "isLinked": false
                                        },
                                        "_inline_size_mobile": 40,
                                        "_inline_size_tablet": 30
                                    },
                                    "elements": [
                                        {
                                            "id": "2b6b93f",
                                            "settings": {
                                                "image": {
                                                    "url": "https:\/\/templatekit.rometheme.net\/jackspollock\/wp-content\/uploads\/sites\/19\/2020\/11\/logo5.png",
                                                    "id": 3206
                                                },
                                                "image_size": "full",
                                                "image_custom_dimension": {
                                                    "width": "100",
                                                    "height": "100"
                                                },
                                                "align": "left"
                                            },
                                            "elements": [],
                                            "isInner": false,
                                            "widgetType": "image",
                                            "elType": "widget"
                                        }
                                    ],
                                    "isInner": true,
                                    "elType": "column"
                                },
                                {
                                    "id": "3e7bd19d",
                                    "settings": {
                                        "_column_size": 50,
                                        "_inline_size": 77.768000000000000682121026329696178436279296875,
                                        "_inline_size_mobile": 55,
                                        "background_background": "classic",
                                        "__globals__": {
                                            "background_color": ""
                                        },
                                        "content_position": "center",
                                        "background_color_b": "#43A5D1",
                                        "background_gradient_angle": {
                                            "unit": "deg",
                                            "size": 100,
                                            "sizes": []
                                        },
                                        "_inline_size_tablet": 65
                                    },
                                    "elements": [
                                        {
                                            "id": "58b83ae",
                                            "settings": {
                                                "menu": "menu-1",
                                                "navmenu_align": "right",
                                                "submenu_icon": "classic",
                                                "padding_horizontal_menu_item": {
                                                    "unit": "px",
                                                    "size": 30,
                                                    "sizes": []
                                                },
                                                "menu_space_between": {
                                                    "unit": "px",
                                                    "size": 20,
                                                    "sizes": []
                                                },
                                                "menu_typography_font_family": "Big Shoulders Text",
                                                "menu_typography_font_size": {
                                                    "unit": "px",
                                                    "size": 18,
                                                    "sizes": []
                                                },
                                                "__globals__": {
                                                    "color_menu_item": "",
                                                    "color_menu_item_hover": "",
                                                    "color_dropdown_item": "globals\/colors?id=9e17407",
                                                    "background_color_dropdown_item": "globals\/colors?id=6064791",
                                                    "divider_border_color": "globals\/colors?id=9e17407",
                                                    "toggle_color": "globals\/colors?id=15fbeeb",
                                                    "toggle_background_color": "globals\/colors?id=373ffd1",
                                                    "all_text_color": "globals\/colors?id=3ef5779",
                                                    "all_background_color_color_b": "",
                                                    "all_background_color_color": "globals\/colors?id=adbc8b1",
                                                    "all_hover_color": "globals\/colors?id=359665c",
                                                    "all_border_hover_color": "",
                                                    "all_background_hover_color_color": "globals\/colors?id=370f597",
                                                    "color_dropdown_item_hover": "globals\/colors?id=15fbeeb",
                                                    "bg_color_menu_item": "",
                                                    "background_color_dropdown_item_hover": "globals\/colors?id=e70aa66",
                                                    "bg_color_menu_item_hover": "globals\/colors?id=373ffd1",
                                                    "bg_color_flyout": "",
                                                    "close_color_flyout": "",
                                                    "dropdown_border_color": "globals\/colors?id=15fbeeb"
                                                },
                                                "color_menu_item": "#DDDDDD",
                                                "color_menu_item_hover": "#DDDDDD",
                                                "color_dropdown_item": "#D3D3D3",
                                                "color_dropdown_item_hover": "#F9F9F9",
                                                "dropdown_typography_font_family": "Assistant",
                                                "dropdown_typography_font_size": {
                                                    "unit": "px",
                                                    "size": 16,
                                                    "sizes": []
                                                },
                                                "divider_border_color": "#D3D3D3",
                                                "all_typography_font_family": "DM Serif Display",
                                                "all_typography_font_size": {
                                                    "unit": "px",
                                                    "size": 16,
                                                    "sizes": []
                                                },
                                                "all_typography_font_weight": "bold",
                                                "all_text_color": "#F6F5F5",
                                                "all_background_color_background": "classic",
                                                "all_background_color_color_stop": {
                                                    "unit": "%",
                                                    "size": 95,
                                                    "sizes": []
                                                },
                                                "all_background_color_color_b": "#1D2E4B",
                                                "all_background_color_gradient_angle": {
                                                    "unit": "deg",
                                                    "size": 0,
                                                    "sizes": []
                                                },
                                                "all_hover_color": "#1D2E4B",
                                                "all_background_hover_color_background": "classic",
                                                "all_background_hover_color_color": "#FFE252",
                                                "resp_align": "right",
                                                "background_color_dropdown_item": "#9A3BCE",
                                                "all_background_color_color": "#D8C293",
                                                "schema_support": "yes",
                                                "dropdown_typography_typography": "custom",
                                                "all_typography_typography": "custom",
                                                "flyout_layout": "right",
                                                "menu_typography_font_weight": "bold",
                                                "hamburger_align": "right",
                                                "bg_color_flyout": "#35395E",
                                                "toggle_color": "#F9F9F9",
                                                "toggle_size": {
                                                    "unit": "px",
                                                    "size": 30,
                                                    "sizes": []
                                                },
                                                "toggle_size_mobile": {
                                                    "unit": "px",
                                                    "size": 15,
                                                    "sizes": []
                                                },
                                                "toggle_border_width": {
                                                    "unit": "px",
                                                    "size": 2,
                                                    "sizes": []
                                                },
                                                "toggle_border_width_mobile": {
                                                    "unit": "px",
                                                    "size": 1,
                                                    "sizes": []
                                                },
                                                "toggle_border_radius": {
                                                    "unit": "px",
                                                    "size": 5,
                                                    "sizes": []
                                                },
                                                "close_color_flyout": "#DDDDDD",
                                                "dropdown_border_border": "solid",
                                                "dropdown_border_width": {
                                                    "unit": "px",
                                                    "top": "1",
                                                    "right": "1",
                                                    "bottom": "1",
                                                    "left": "1",
                                                    "isLinked": true
                                                },
                                                "menu_typography_typography": "custom",
                                                "dropdown_border_color": "#F9F9F9",
                                                "background_color_dropdown_item_hover": "#FF2BB9",
                                                "toggle_background_color": "#280338"
                                            },
                                            "elements": [],
                                            "isInner": false,
                                            "widgetType": "navigation-menu",
                                            "elType": "widget"
                                        }
                                    ],
                                    "isInner": true,
                                    "elType": "column"
                                }
                            ],
                            "isInner": true,
                            "elType": "section"
                        }
                    ],
                    "isInner": false,
                    "elType": "column"
                }
            ],
            "isInner": false,
            "elType": "section"
        }
    ]
}