{
    "version": "0.4",
    "title": "Block &#8211; Product 01",
    "type": "section",
    "metadata": {
        "template_type": "section-product",
        "include_in_zip": "1",
        "elementor_pro_required": null,
        "wp_page_template": "elementor_canvas"
    },
    "content": [
        {
            "id": "6551d977",
            "settings": {
                "structure": "20",
                "margin": {
                    "unit": "px",
                    "top": "0",
                    "right": "0",
                    "bottom": "0",
                    "left": "0",
                    "isLinked": ""
                },
                "background_background": "classic",
                "background_image": {
                    "url": "https:\/\/templatekit.tokomoo.com\/bookkit\/wp-content\/uploads\/sites\/3\/2020\/02\/ini-3-1.png",
                    "id": "275"
                },
                "background_position": "top center",
                "padding": {
                    "unit": "px",
                    "top": "0100",
                    "right": "0",
                    "bottom": "100",
                    "left": "0",
                    "isLinked": ""
                },
                "margin_mobile": {
                    "unit": "px",
                    "top": "0",
                    "right": "0",
                    "bottom": "0",
                    "left": "0",
                    "isLinked": ""
                },
                "padding_mobile": {
                    "unit": "px",
                    "top": "100",
                    "right": "0",
                    "bottom": "100",
                    "left": "0",
                    "isLinked": ""
                },
                "background_color": "#010165"
            },
            "elements": [
                {
                    "id": "428d5e97",
                    "settings": {
                        "_column_size": "50",
                        "padding_mobile": {
                            "unit": "px",
                            "top": "0",
                            "right": "016",
                            "bottom": "0",
                            "left": "016",
                            "isLinked": ""
                        }
                    },
                    "elements": [
                        {
                            "id": "1de2dfef",
                            "settings": {
                                "image": {
                                    "url": "https:\/\/templatekit.tokomoo.com\/bookkit\/wp-content\/uploads\/sites\/3\/2020\/02\/book-1.png",
                                    "id": "266"
                                },
                                "align": "left",
                                "width": {
                                    "unit": "%",
                                    "size": "84",
                                    "sizes": []
                                },
                                "background_hover_transition": {
                                    "unit": "px",
                                    "size": "0.3",
                                    "sizes": []
                                },
                                "hover_animation": "hang",
                                "_margin": {
                                    "unit": "px",
                                    "top": "0",
                                    "right": "0",
                                    "bottom": "0",
                                    "left": "0",
                                    "isLinked": ""
                                },
                                "width_mobile": {
                                    "unit": "%",
                                    "size": "100",
                                    "sizes": []
                                },
                                "space_mobile": {
                                    "unit": "%",
                                    "size": "100",
                                    "sizes": []
                                }
                            },
                            "elements": [],
                            "isInner": false,
                            "widgetType": "image",
                            "elType": "widget"
                        }
                    ],
                    "isInner": "",
                    "elType": "column"
                },
                {
                    "id": "67ea1d4c",
                    "settings": {
                        "_column_size": "50",
                        "content_position": "center",
                        "padding_mobile": {
                            "unit": "px",
                            "top": "40",
                            "right": "016",
                            "bottom": "0",
                            "left": "016",
                            "isLinked": ""
                        }
                    },
                    "elements": [
                        {
                            "id": "69497c07",
                            "settings": {
                                "title": "Vitaly Friedman",
                                "title_color": "#FFFFFF",
                                "typography_typography": "custom",
                                "typography_font_family": "Poppins",
                                "typography_font_size": {
                                    "unit": "px",
                                    "size": "16",
                                    "sizes": []
                                },
                                "typography_font_weight": "500",
                                "_margin": {
                                    "unit": "px",
                                    "top": "0",
                                    "right": "0",
                                    "bottom": "0",
                                    "left": "0",
                                    "isLinked": ""
                                },
                                "typography_font_size_mobile": {
                                    "unit": "px",
                                    "size": "15",
                                    "sizes": []
                                }
                            },
                            "elements": [],
                            "isInner": false,
                            "widgetType": "heading",
                            "elType": "widget"
                        },
                        {
                            "id": "7c67c4e",
                            "settings": {
                                "title": "Digital Adaptation",
                                "title_color": "#FFFFFF",
                                "typography_typography": "custom",
                                "typography_font_family": "Playfair Display",
                                "typography_font_size": {
                                    "unit": "px",
                                    "size": "50",
                                    "sizes": []
                                },
                                "typography_font_weight": "600",
                                "text_shadow_text_shadow_type": "yes",
                                "text_shadow_text_shadow": {
                                    "horizontal": "0",
                                    "vertical": "0",
                                    "blur": "0",
                                    "color": "rgba(0,0,0,0.3)"
                                },
                                "_margin": {
                                    "unit": "px",
                                    "top": "0",
                                    "right": "0",
                                    "bottom": "0",
                                    "left": "0",
                                    "isLinked": ""
                                },
                                "typography_font_size_mobile": {
                                    "unit": "px",
                                    "size": "35",
                                    "sizes": []
                                },
                                "typography_line_height": {
                                    "unit": "em",
                                    "size": "1.2",
                                    "sizes": []
                                }
                            },
                            "elements": [],
                            "isInner": false,
                            "widgetType": "heading",
                            "elType": "widget"
                        },
                        {
                            "id": "6423112d",
                            "settings": {
                                "title": "$29.90",
                                "title_color": "#FF4D00",
                                "typography_typography": "custom",
                                "typography_font_family": "Playfair Display",
                                "typography_font_size": {
                                    "unit": "px",
                                    "size": "40",
                                    "sizes": []
                                },
                                "typography_font_weight": "600",
                                "text_shadow_text_shadow": {
                                    "horizontal": "0",
                                    "vertical": "0",
                                    "blur": "0",
                                    "color": "rgba(0,0,0,0.3)"
                                },
                                "_margin": {
                                    "unit": "px",
                                    "top": "0",
                                    "right": "0",
                                    "bottom": "0",
                                    "left": "0",
                                    "isLinked": ""
                                },
                                "typography_font_size_mobile": {
                                    "unit": "px",
                                    "size": "35",
                                    "sizes": []
                                },
                                "typography_line_height": {
                                    "unit": "em",
                                    "size": "1.2",
                                    "sizes": []
                                }
                            },
                            "elements": [],
                            "isInner": false,
                            "widgetType": "heading",
                            "elType": "widget"
                        },
                        {
                            "id": "2e0e1779",
                            "settings": {
                                "text": "Contact Us",
                                "align": "left",
                                "typography_typography": "custom",
                                "typography_font_family": "Poppins",
                                "typography_font_size": {
                                    "unit": "px",
                                    "size": "16",
                                    "sizes": []
                                },
                                "typography_font_weight": "500",
                                "button_text_color": "#FFFFFF",
                                "background_color": "#FC9A00",
                                "hover_color": "#010265",
                                "button_background_hover_color": "#FFFFFF",
                                "border_border": "solid",
                                "border_width": {
                                    "unit": "px",
                                    "top": "02",
                                    "right": "02",
                                    "bottom": "02",
                                    "left": "02",
                                    "isLinked": "1"
                                },
                                "border_radius": {
                                    "unit": "px",
                                    "top": "6",
                                    "right": "6",
                                    "bottom": "6",
                                    "left": "6",
                                    "isLinked": "1"
                                },
                                "text_padding": {
                                    "unit": "px",
                                    "top": "020",
                                    "right": "060",
                                    "bottom": "020",
                                    "left": "060",
                                    "isLinked": ""
                                },
                                "_margin": {
                                    "unit": "px",
                                    "top": "40",
                                    "right": "0",
                                    "bottom": "20",
                                    "left": "0",
                                    "isLinked": ""
                                },
                                "align_mobile": "justify",
                                "selected_icon": {
                                    "value": "fas fa-phone-alt",
                                    "library": "fa-solid"
                                },
                                "icon_indent": {
                                    "unit": "px",
                                    "size": "12",
                                    "sizes": []
                                },
                                "border_color": "rgba(2, 1, 1, 0)"
                            },
                            "elements": [],
                            "isInner": false,
                            "widgetType": "button",
                            "elType": "widget"
                        },
                        {
                            "id": "3001c1aa",
                            "settings": {
                                "editor": "<p>Lorem ipsum dolor sit amet, consectetur adipiscing elit, sed do eiusmod tempor incididunt ut labore et dolore magna aliqua. Et egestas quis ipsum suspendisse ultrices.<\/p>",
                                "align": "left",
                                "text_color": "rgba(255, 255, 255, 0.75)",
                                "typography_typography": "custom",
                                "typography_font_family": "Poppins",
                                "typography_font_size": {
                                    "unit": "px",
                                    "size": "16",
                                    "sizes": []
                                },
                                "typography_font_weight": "300",
                                "typography_line_height": {
                                    "unit": "px",
                                    "size": "38",
                                    "sizes": []
                                },
                                "_margin": {
                                    "unit": "px",
                                    "top": "0",
                                    "right": "0",
                                    "bottom": "0",
                                    "left": "0",
                                    "isLinked": ""
                                },
                                "typography_font_size_mobile": {
                                    "unit": "px",
                                    "size": "15",
                                    "sizes": []
                                },
                                "typography_line_height_mobile": {
                                    "unit": "em",
                                    "size": "2.2",
                                    "sizes": []
                                },
                                "typography_letter_spacing_mobile": {
                                    "unit": "px",
                                    "size": "0.5",
                                    "sizes": []
                                },
                                "_padding_mobile": {
                                    "unit": "px",
                                    "top": "10",
                                    "right": "0",
                                    "bottom": "0",
                                    "left": "0",
                                    "isLinked": ""
                                }
                            },
                            "elements": [],
                            "isInner": false,
                            "widgetType": "text-editor",
                            "elType": "widget"
                        }
                    ],
                    "isInner": "",
                    "elType": "column"
                }
            ],
            "isInner": "",
            "elType": "section"
        }
    ]
}