{
    "version": "0.4",
    "title": "Block &#8211; Portfolio 05",
    "type": "section",
    "metadata": {
        "template_type": "section-portfolio",
        "include_in_zip": "1",
        "elementor_pro_required": null,
        "wp_page_template": "elementor_canvas"
    },
    "content": [
        {
            "id": "57033c77",
            "settings": {
                "background_background": "classic",
                "background_image": {
                    "url": "https:\/\/demo.tokopress.com\/bookkit2\/wp-content\/uploads\/sites\/32\/2020\/02\/bg_white2.png",
                    "id": "42"
                },
                "background_position": "center center",
                "background_size": "cover",
                "margin": {
                    "unit": "px",
                    "top": "0",
                    "right": "0",
                    "bottom": "0",
                    "left": "0",
                    "isLinked": ""
                },
                "margin_mobile": {
                    "unit": "px",
                    "top": "0",
                    "right": "0",
                    "bottom": "0",
                    "left": "0",
                    "isLinked": ""
                },
                "padding": {
                    "unit": "px",
                    "top": "160",
                    "right": "0",
                    "bottom": "160",
                    "left": "0",
                    "isLinked": ""
                },
                "padding_mobile": {
                    "unit": "px",
                    "top": "100",
                    "right": "0",
                    "bottom": "100",
                    "left": "0",
                    "isLinked": ""
                }
            },
            "elements": [
                {
                    "id": "7d5c4527",
                    "settings": {
                        "_column_size": "100",
                        "padding_mobile": {
                            "unit": "px",
                            "top": "0",
                            "right": "016",
                            "bottom": "0",
                            "left": "016",
                            "isLinked": ""
                        }
                    },
                    "elements": [
                        {
                            "id": "72c5eec8",
                            "settings": {
                                "title": "Patrick Wiegand Book Best Seller",
                                "title_color": "#010265",
                                "typography_typography": "custom",
                                "typography_font_family": "Playfair Display",
                                "typography_font_size": {
                                    "unit": "px",
                                    "size": "50",
                                    "sizes": []
                                },
                                "typography_font_weight": "600",
                                "text_shadow_text_shadow": {
                                    "horizontal": "0",
                                    "vertical": "0",
                                    "blur": "0",
                                    "color": "rgba(0,0,0,0.3)"
                                },
                                "_margin": {
                                    "unit": "px",
                                    "top": "0",
                                    "right": "0",
                                    "bottom": "040",
                                    "left": "0",
                                    "isLinked": ""
                                },
                                "typography_line_height": {
                                    "unit": "px",
                                    "size": "70",
                                    "sizes": []
                                },
                                "typography_font_size_mobile": {
                                    "unit": "px",
                                    "size": "35",
                                    "sizes": []
                                },
                                "typography_line_height_mobile": {
                                    "unit": "em",
                                    "size": "1.5",
                                    "sizes": []
                                },
                                "typography_letter_spacing_mobile": {
                                    "unit": "px",
                                    "size": "0.5",
                                    "sizes": []
                                },
                                "_margin_mobile": {
                                    "unit": "px",
                                    "top": "0",
                                    "right": "0",
                                    "bottom": "0",
                                    "left": "0",
                                    "isLinked": ""
                                },
                                "_padding": {
                                    "unit": "px",
                                    "top": "0",
                                    "right": "600",
                                    "bottom": "0",
                                    "left": "0",
                                    "isLinked": ""
                                },
                                "_padding_mobile": {
                                    "unit": "px",
                                    "top": "0",
                                    "right": "0",
                                    "bottom": "0",
                                    "left": "0",
                                    "isLinked": ""
                                }
                            },
                            "elements": [],
                            "isInner": false,
                            "widgetType": "heading",
                            "elType": "widget"
                        },
                        {
                            "id": "333e1ef",
                            "settings": {
                                "structure": "20"
                            },
                            "elements": [
                                {
                                    "id": "470f5de6",
                                    "settings": {
                                        "_column_size": "50",
                                        "padding_mobile": {
                                            "unit": "px",
                                            "top": "0",
                                            "right": "0",
                                            "bottom": "0",
                                            "left": "0",
                                            "isLinked": ""
                                        }
                                    },
                                    "elements": [
                                        {
                                            "id": "403b1dcd",
                                            "settings": {
                                                "image": {
                                                    "url": "https:\/\/templatekit.tokomoo.com\/bookkit\/wp-content\/uploads\/sites\/3\/2020\/02\/book_1-1.png",
                                                    "id": "265"
                                                },
                                                "align": "left",
                                                "width": {
                                                    "unit": "%",
                                                    "size": "85",
                                                    "sizes": []
                                                },
                                                "hover_animation": "bob",
                                                "align_mobile": "left",
                                                "width_mobile": {
                                                    "unit": "%",
                                                    "size": "100",
                                                    "sizes": []
                                                },
                                                "space_mobile": {
                                                    "unit": "%",
                                                    "size": "100",
                                                    "sizes": []
                                                }
                                            },
                                            "elements": [],
                                            "isInner": false,
                                            "widgetType": "image",
                                            "elType": "widget"
                                        }
                                    ],
                                    "isInner": "1",
                                    "elType": "column"
                                },
                                {
                                    "id": "680d8fab",
                                    "settings": {
                                        "_column_size": "50",
                                        "padding_mobile": {
                                            "unit": "px",
                                            "top": "20",
                                            "right": "0",
                                            "bottom": "0",
                                            "left": "0",
                                            "isLinked": ""
                                        }
                                    },
                                    "elements": [
                                        {
                                            "id": "67b8a6f2",
                                            "settings": {
                                                "image": {
                                                    "url": "https:\/\/templatekit.tokomoo.com\/bookkit\/wp-content\/uploads\/sites\/3\/2020\/02\/book-1.png",
                                                    "id": "266"
                                                },
                                                "align": "left",
                                                "width": {
                                                    "unit": "%",
                                                    "size": "85",
                                                    "sizes": []
                                                },
                                                "hover_animation": "bob",
                                                "width_mobile": {
                                                    "unit": "%",
                                                    "size": "100",
                                                    "sizes": []
                                                },
                                                "space_mobile": {
                                                    "unit": "%",
                                                    "size": "100",
                                                    "sizes": []
                                                }
                                            },
                                            "elements": [],
                                            "isInner": false,
                                            "widgetType": "image",
                                            "elType": "widget"
                                        }
                                    ],
                                    "isInner": "1",
                                    "elType": "column"
                                }
                            ],
                            "isInner": "1",
                            "elType": "section"
                        },
                        {
                            "id": "4a7835b6",
                            "settings": {
                                "image": {
                                    "url": "https:\/\/demo.tokopress.com\/bookkit2\/wp-content\/uploads\/sites\/32\/2020\/02\/garis.png",
                                    "id": "44"
                                },
                                "_element_width": "initial",
                                "_element_custom_width": {
                                    "unit": "px",
                                    "size": "243"
                                },
                                "_position": "absolute",
                                "_offset_x": {
                                    "size": "-177",
                                    "unit": "px"
                                },
                                "_offset_y": {
                                    "size": "24",
                                    "unit": "px"
                                }
                            },
                            "elements": [],
                            "isInner": false,
                            "widgetType": "image",
                            "elType": "widget"
                        }
                    ],
                    "isInner": "",
                    "elType": "column"
                }
            ],
            "isInner": "",
            "elType": "section"
        }
    ]
}