{
    "version": "0.4",
    "title": "Block &#8211; About 02",
    "type": "section",
    "metadata": {
        "template_type": "section-about",
        "include_in_zip": "1",
        "elementor_pro_required": null,
        "wp_page_template": "elementor_canvas"
    },
    "content": [
        {
            "id": "75995a5a",
            "settings": {
                "structure": "20",
                "background_background": "classic",
                "background_image": {
                    "url": "https:\/\/templatekit.tokomoo.com\/bookkit\/wp-content\/uploads\/sites\/3\/2020\/02\/ing_bg-1.png",
                    "id": "314"
                },
                "background_position": "center center",
                "background_size": "cover",
                "margin": {
                    "unit": "px",
                    "top": "0",
                    "right": "0",
                    "bottom": "0160",
                    "left": "0",
                    "isLinked": ""
                },
                "padding": {
                    "unit": "px",
                    "top": "0120",
                    "right": "0",
                    "bottom": "040",
                    "left": "0",
                    "isLinked": ""
                },
                "background_position_mobile": "center left",
                "background_size_mobile": "cover",
                "background_xpos_mobile": {
                    "unit": "px",
                    "size": "-33",
                    "sizes": []
                },
                "background_ypos_mobile": {
                    "unit": "px",
                    "size": "376",
                    "sizes": []
                },
                "background_bg_width_mobile": {
                    "unit": "px",
                    "size": "602",
                    "sizes": []
                },
                "margin_mobile": {
                    "unit": "px",
                    "top": "0",
                    "right": "0",
                    "bottom": "0",
                    "left": "0",
                    "isLinked": ""
                },
                "padding_mobile": {
                    "unit": "px",
                    "top": "100",
                    "right": "0",
                    "bottom": "0",
                    "left": "0",
                    "isLinked": ""
                }
            },
            "elements": [
                {
                    "id": "29426f52",
                    "settings": {
                        "_column_size": "50",
                        "content_position": "center",
                        "background_background": "classic",
                        "padding_mobile": {
                            "unit": "px",
                            "top": "0",
                            "right": "016",
                            "bottom": "0",
                            "left": "016",
                            "isLinked": ""
                        }
                    },
                    "elements": [
                        {
                            "id": "cb17bc5",
                            "settings": {
                                "title": "Publisher",
                                "title_color": "#FFFFFF",
                                "typography_typography": "custom",
                                "typography_font_family": "Poppins",
                                "typography_font_size": {
                                    "unit": "px",
                                    "size": "25",
                                    "sizes": []
                                },
                                "typography_font_weight": "400",
                                "text_shadow_text_shadow": {
                                    "horizontal": "0",
                                    "vertical": "0",
                                    "blur": "0",
                                    "color": "rgba(0,0,0,0.3)"
                                },
                                "_margin": {
                                    "unit": "px",
                                    "top": "-22",
                                    "right": "0",
                                    "bottom": "-24",
                                    "left": "0",
                                    "isLinked": ""
                                },
                                "align": "center",
                                "typography_line_height": {
                                    "unit": "px",
                                    "size": "70",
                                    "sizes": []
                                },
                                "typography_font_size_mobile": {
                                    "unit": "px",
                                    "size": "20",
                                    "sizes": []
                                }
                            },
                            "elements": [],
                            "isInner": false,
                            "widgetType": "heading",
                            "elType": "widget"
                        },
                        {
                            "id": "fad87d3",
                            "settings": {
                                "style": "zigzag",
                                "width_mobile": {
                                    "unit": "%",
                                    "size": "20",
                                    "sizes": []
                                },
                                "align_mobile": "center",
                                "text": "Divider",
                                "color": "#FC9A00",
                                "weight": {
                                    "unit": "px",
                                    "size": "2",
                                    "sizes": []
                                },
                                "pattern_size": {
                                    "unit": "px",
                                    "size": "18",
                                    "sizes": []
                                },
                                "gap_mobile": {
                                    "unit": "px",
                                    "size": "2",
                                    "sizes": []
                                },
                                "width": {
                                    "unit": "%",
                                    "size": "8",
                                    "sizes": []
                                },
                                "align": "center"
                            },
                            "elements": [],
                            "isInner": false,
                            "widgetType": "divider",
                            "elType": "widget"
                        },
                        {
                            "id": "169fd083",
                            "settings": {
                                "title": "Wright Stephen KING",
                                "title_color": "#FFFFFF",
                                "typography_typography": "custom",
                                "typography_font_family": "Playfair Display",
                                "typography_font_size": {
                                    "unit": "px",
                                    "size": "35",
                                    "sizes": []
                                },
                                "typography_font_weight": "600",
                                "text_shadow_text_shadow": {
                                    "horizontal": "0",
                                    "vertical": "0",
                                    "blur": "0",
                                    "color": "rgba(0,0,0,0.3)"
                                },
                                "_margin": {
                                    "unit": "px",
                                    "top": "0",
                                    "right": "0",
                                    "bottom": "0",
                                    "left": "0",
                                    "isLinked": ""
                                },
                                "align": "center",
                                "typography_line_height": {
                                    "unit": "px",
                                    "size": "70",
                                    "sizes": []
                                },
                                "typography_font_size_mobile": {
                                    "unit": "px",
                                    "size": "35",
                                    "sizes": []
                                },
                                "typography_line_height_mobile": {
                                    "unit": "em",
                                    "size": "1.5",
                                    "sizes": []
                                },
                                "typography_letter_spacing_mobile": {
                                    "unit": "px",
                                    "size": "0.5",
                                    "sizes": []
                                }
                            },
                            "elements": [],
                            "isInner": false,
                            "widgetType": "heading",
                            "elType": "widget"
                        },
                        {
                            "id": "4ce61fc3",
                            "settings": {
                                "editor": "<p>\"Lorem ipsum dolor sit amet, consectetur adipiscing elit, sed do eiusmod tempor incididunt ut labore et dolore magna aliqua. Et egestas quis ipsum suspendisse ultrices gravida dictum fusce ut. Rhoncus est pellentesque elit ullamcorper dignissim cras tincidunt lobortis. Aliquam ut porttitord.\"<\/p>",
                                "align": "center",
                                "text_color": "#FFFFFF",
                                "typography_font_family": "Poppins",
                                "typography_font_size": {
                                    "unit": "px",
                                    "size": "16",
                                    "sizes": []
                                },
                                "typography_font_weight": "300",
                                "typography_line_height": {
                                    "unit": "px",
                                    "size": "32",
                                    "sizes": []
                                },
                                "_margin": {
                                    "unit": "px",
                                    "top": "0",
                                    "right": "046",
                                    "bottom": "0",
                                    "left": "0",
                                    "isLinked": ""
                                },
                                "_margin_mobile": {
                                    "unit": "px",
                                    "top": "0",
                                    "right": "0",
                                    "bottom": "0",
                                    "left": "0",
                                    "isLinked": ""
                                },
                                "typography_typography": "custom",
                                "typography_font_size_mobile": {
                                    "unit": "px",
                                    "size": "15",
                                    "sizes": []
                                },
                                "typography_line_height_mobile": {
                                    "unit": "em",
                                    "size": "2.2",
                                    "sizes": []
                                },
                                "typography_letter_spacing_mobile": {
                                    "unit": "px",
                                    "size": "0.5",
                                    "sizes": []
                                }
                            },
                            "elements": [],
                            "isInner": false,
                            "widgetType": "text-editor",
                            "elType": "widget"
                        },
                        {
                            "id": "2da647f6",
                            "settings": {
                                "image": {
                                    "url": "https:\/\/templatekit.tokomoo.com\/bookkit\/wp-content\/uploads\/sites\/3\/2020\/02\/logo_king-1-1.png",
                                    "id": "315"
                                },
                                "align": "center"
                            },
                            "elements": [],
                            "isInner": false,
                            "widgetType": "image",
                            "elType": "widget"
                        }
                    ],
                    "isInner": "",
                    "elType": "column"
                },
                {
                    "id": "59af28da",
                    "settings": {
                        "_column_size": "50",
                        "margin": {
                            "unit": "px",
                            "top": "0",
                            "right": "0",
                            "bottom": "0",
                            "left": "26",
                            "isLinked": ""
                        },
                        "background_background": "classic",
                        "background_color": "#F7F8FF",
                        "margin_mobile": {
                            "unit": "px",
                            "top": "40",
                            "right": "0",
                            "bottom": "0",
                            "left": "0",
                            "isLinked": ""
                        },
                        "padding_mobile": {
                            "unit": "px",
                            "top": "0",
                            "right": "0",
                            "bottom": "40",
                            "left": "0",
                            "isLinked": ""
                        }
                    },
                    "elements": [
                        {
                            "id": "5da1be67",
                            "settings": {
                                "title": "Other Books",
                                "title_color": "#000000",
                                "typography_typography": "custom",
                                "typography_font_family": "Poppins",
                                "typography_font_size": {
                                    "unit": "px",
                                    "size": "25",
                                    "sizes": []
                                },
                                "typography_font_weight": "400",
                                "text_shadow_text_shadow": {
                                    "horizontal": "0",
                                    "vertical": "0",
                                    "blur": "0",
                                    "color": "rgba(0,0,0,0.3)"
                                },
                                "_margin": {
                                    "unit": "px",
                                    "top": "-22",
                                    "right": "0",
                                    "bottom": "-24",
                                    "left": "0",
                                    "isLinked": ""
                                },
                                "align": "center",
                                "typography_line_height": {
                                    "unit": "px",
                                    "size": "70",
                                    "sizes": []
                                },
                                "_margin_mobile": {
                                    "unit": "px",
                                    "top": "0",
                                    "right": "0",
                                    "bottom": "0",
                                    "left": "0",
                                    "isLinked": ""
                                },
                                "_padding_mobile": {
                                    "unit": "px",
                                    "top": "40",
                                    "right": "0",
                                    "bottom": "0",
                                    "left": "0",
                                    "isLinked": ""
                                },
                                "typography_font_size_mobile": {
                                    "unit": "px",
                                    "size": "35",
                                    "sizes": []
                                },
                                "typography_letter_spacing_mobile": {
                                    "unit": "px",
                                    "size": "0.5",
                                    "sizes": []
                                }
                            },
                            "elements": [],
                            "isInner": false,
                            "widgetType": "heading",
                            "elType": "widget"
                        },
                        {
                            "id": "5ef38862",
                            "settings": {
                                "style": "zigzag",
                                "width_mobile": {
                                    "unit": "%",
                                    "size": "20",
                                    "sizes": []
                                },
                                "align_mobile": "center",
                                "text": "Divider",
                                "color": "#FC9A00",
                                "weight": {
                                    "unit": "px",
                                    "size": "2",
                                    "sizes": []
                                },
                                "pattern_size": {
                                    "unit": "px",
                                    "size": "18",
                                    "sizes": []
                                },
                                "gap_mobile": {
                                    "unit": "px",
                                    "size": "2",
                                    "sizes": []
                                },
                                "width": {
                                    "unit": "%",
                                    "size": "8",
                                    "sizes": []
                                },
                                "align": "center"
                            },
                            "elements": [],
                            "isInner": false,
                            "widgetType": "divider",
                            "elType": "widget"
                        },
                        {
                            "id": "5bbbe70a",
                            "settings": {
                                "structure": "20"
                            },
                            "elements": [
                                {
                                    "id": "36ba2925",
                                    "settings": {
                                        "_column_size": "50",
                                        "background_background": "classic",
                                        "background_color": "#F7F8FF",
                                        "padding_mobile": {
                                            "unit": "px",
                                            "top": "0",
                                            "right": "016",
                                            "bottom": "0",
                                            "left": "016",
                                            "isLinked": ""
                                        }
                                    },
                                    "elements": [
                                        {
                                            "id": "ecfc7f4",
                                            "settings": {
                                                "image": {
                                                    "url": "https:\/\/templatekit.tokomoo.com\/bookkit\/wp-content\/uploads\/sites\/3\/2020\/02\/book_1-1.png",
                                                    "id": "265"
                                                },
                                                "width": {
                                                    "unit": "%",
                                                    "size": "100",
                                                    "sizes": []
                                                },
                                                "background_hover_transition": {
                                                    "unit": "px",
                                                    "size": "0.3",
                                                    "sizes": []
                                                },
                                                "hover_animation": "hang",
                                                "_margin": {
                                                    "unit": "px",
                                                    "top": "0",
                                                    "right": "0",
                                                    "bottom": "0",
                                                    "left": "0",
                                                    "isLinked": ""
                                                }
                                            },
                                            "elements": [],
                                            "isInner": false,
                                            "widgetType": "image",
                                            "elType": "widget"
                                        },
                                        {
                                            "id": "51bd30c7",
                                            "settings": {
                                                "title": "Tamaz Vezqi",
                                                "align": "center",
                                                "title_color": "#000000",
                                                "typography_typography": "custom",
                                                "typography_font_family": "Poppins",
                                                "typography_font_size": {
                                                    "unit": "px",
                                                    "size": "20",
                                                    "sizes": []
                                                },
                                                "_padding_mobile": {
                                                    "unit": "px",
                                                    "top": "20",
                                                    "right": "0",
                                                    "bottom": "0",
                                                    "left": "0",
                                                    "isLinked": ""
                                                }
                                            },
                                            "elements": [],
                                            "isInner": false,
                                            "widgetType": "heading",
                                            "elType": "widget"
                                        }
                                    ],
                                    "isInner": "1",
                                    "elType": "column"
                                },
                                {
                                    "id": "71c63a6e",
                                    "settings": {
                                        "_column_size": "50",
                                        "margin_mobile": {
                                            "unit": "px",
                                            "top": "0",
                                            "right": "0",
                                            "bottom": "0",
                                            "left": "0",
                                            "isLinked": ""
                                        },
                                        "padding_mobile": {
                                            "unit": "px",
                                            "top": "40",
                                            "right": "016",
                                            "bottom": "0",
                                            "left": "016",
                                            "isLinked": ""
                                        }
                                    },
                                    "elements": [
                                        {
                                            "id": "4a5ddef3",
                                            "settings": {
                                                "image": {
                                                    "url": "https:\/\/templatekit.tokomoo.com\/bookkit\/wp-content\/uploads\/sites\/3\/2020\/02\/book-1.png",
                                                    "id": "266"
                                                },
                                                "width": {
                                                    "unit": "%",
                                                    "size": "100",
                                                    "sizes": []
                                                },
                                                "background_hover_transition": {
                                                    "unit": "px",
                                                    "size": "0.3",
                                                    "sizes": []
                                                },
                                                "hover_animation": "hang",
                                                "_margin": {
                                                    "unit": "px",
                                                    "top": "0",
                                                    "right": "0",
                                                    "bottom": "0",
                                                    "left": "0",
                                                    "isLinked": ""
                                                }
                                            },
                                            "elements": [],
                                            "isInner": false,
                                            "widgetType": "image",
                                            "elType": "widget"
                                        },
                                        {
                                            "id": "21d2870f",
                                            "settings": {
                                                "title": "Maquetta",
                                                "align": "center",
                                                "title_color": "#000000",
                                                "typography_typography": "custom",
                                                "typography_font_family": "Poppins",
                                                "typography_font_size": {
                                                    "unit": "px",
                                                    "size": "20",
                                                    "sizes": []
                                                },
                                                "_padding_mobile": {
                                                    "unit": "px",
                                                    "top": "20",
                                                    "right": "0",
                                                    "bottom": "0",
                                                    "left": "0",
                                                    "isLinked": ""
                                                }
                                            },
                                            "elements": [],
                                            "isInner": false,
                                            "widgetType": "heading",
                                            "elType": "widget"
                                        }
                                    ],
                                    "isInner": "1",
                                    "elType": "column"
                                }
                            ],
                            "isInner": "1",
                            "elType": "section"
                        }
                    ],
                    "isInner": "",
                    "elType": "column"
                }
            ],
            "isInner": "",
            "elType": "section"
        }
    ]
}