{
    "version": "0.4",
    "title": "Block &#8211; Other 03",
    "type": "section",
    "metadata": {
        "template_type": "section-other",
        "include_in_zip": "1",
        "elementor_pro_required": null,
        "wp_page_template": "elementor_canvas"
    },
    "content": [
        {
            "id": "fca5257",
            "settings": {
                "structure": "20",
                "background_image": {
                    "url": "https:\/\/templatekit.tokomoo.com\/bookkit\/wp-content\/uploads\/sites\/3\/2020\/02\/bg_white2-1.png",
                    "id": "264"
                },
                "background_position": "center center",
                "padding_mobile": {
                    "unit": "px",
                    "top": "340",
                    "right": "0",
                    "bottom": "60",
                    "left": "0",
                    "isLinked": ""
                },
                "margin_mobile": {
                    "unit": "px",
                    "top": "0",
                    "right": "0",
                    "bottom": "0",
                    "left": "0",
                    "isLinked": ""
                },
                "padding": {
                    "unit": "px",
                    "top": "160",
                    "right": "0",
                    "bottom": "160",
                    "left": "0",
                    "isLinked": ""
                }
            },
            "elements": [
                {
                    "id": "7974350e",
                    "settings": {
                        "_column_size": "50",
                        "content_position": "center",
                        "margin_mobile": {
                            "unit": "px",
                            "top": "0",
                            "right": "0",
                            "bottom": "0",
                            "left": "0",
                            "isLinked": ""
                        },
                        "padding_mobile": {
                            "unit": "px",
                            "top": "0",
                            "right": "016",
                            "bottom": "0",
                            "left": "016",
                            "isLinked": ""
                        }
                    },
                    "elements": [
                        {
                            "id": "55fc89b7",
                            "settings": {
                                "selected_icon": {
                                    "value": "far fa-bookmark",
                                    "library": "fa-regular"
                                },
                                "align": "left",
                                "primary_color": "#F0AD00"
                            },
                            "elements": [],
                            "isInner": false,
                            "widgetType": "icon",
                            "elType": "widget"
                        },
                        {
                            "id": "7632859e",
                            "settings": {
                                "title": "The largest Bookstore, Music and movie on the planet.",
                                "title_color": "#010265",
                                "typography_typography": "custom",
                                "typography_font_family": "Playfair Display",
                                "typography_font_size": {
                                    "unit": "px",
                                    "size": "50",
                                    "sizes": []
                                },
                                "typography_font_weight": "600",
                                "text_shadow_text_shadow": {
                                    "horizontal": "0",
                                    "vertical": "0",
                                    "blur": "0",
                                    "color": "rgba(0,0,0,0.3)"
                                },
                                "_margin": {
                                    "unit": "px",
                                    "top": "0",
                                    "right": "0",
                                    "bottom": "040",
                                    "left": "0",
                                    "isLinked": ""
                                },
                                "typography_line_height": {
                                    "unit": "px",
                                    "size": "70",
                                    "sizes": []
                                },
                                "align_mobile": "left",
                                "typography_font_size_mobile": {
                                    "unit": "px",
                                    "size": "30",
                                    "sizes": []
                                },
                                "typography_line_height_mobile": {
                                    "unit": "em",
                                    "size": "1.5",
                                    "sizes": []
                                },
                                "_margin_mobile": {
                                    "unit": "px",
                                    "top": "0",
                                    "right": "0",
                                    "bottom": "0",
                                    "left": "0",
                                    "isLinked": ""
                                },
                                "_padding_mobile": {
                                    "unit": "px",
                                    "top": "0",
                                    "right": "0",
                                    "bottom": "0",
                                    "left": "0",
                                    "isLinked": ""
                                }
                            },
                            "elements": [],
                            "isInner": false,
                            "widgetType": "heading",
                            "elType": "widget"
                        },
                        {
                            "id": "17f10835",
                            "settings": {
                                "editor": "<p>Lorem ipsum dolor sit amet, consectetur adipiscing elit, sed do eiusmod tempor incididunt ut labore et dolore magna aliqua. Et egestas quis ipsum suspendisse.<\/p>",
                                "align": "left",
                                "text_color": "rgba(18, 18, 18, 0.67)",
                                "typography_typography": "custom",
                                "typography_font_family": "Poppins",
                                "typography_font_size": {
                                    "unit": "px",
                                    "size": "16",
                                    "sizes": []
                                },
                                "typography_font_weight": "300",
                                "typography_line_height": {
                                    "unit": "px",
                                    "size": "38",
                                    "sizes": []
                                },
                                "_margin": {
                                    "unit": "px",
                                    "top": "0",
                                    "right": "0",
                                    "bottom": "0",
                                    "left": "0",
                                    "isLinked": ""
                                },
                                "typography_font_size_mobile": {
                                    "unit": "px",
                                    "size": "15",
                                    "sizes": []
                                },
                                "typography_line_height_mobile": {
                                    "unit": "em",
                                    "size": "2.4",
                                    "sizes": []
                                },
                                "typography_letter_spacing_mobile": {
                                    "unit": "px",
                                    "size": "0",
                                    "sizes": []
                                }
                            },
                            "elements": [],
                            "isInner": false,
                            "widgetType": "text-editor",
                            "elType": "widget"
                        },
                        {
                            "id": "32d2eccb",
                            "settings": {
                                "text": "Read More",
                                "align": "left",
                                "typography_typography": "custom",
                                "typography_font_family": "Poppins",
                                "typography_font_size": {
                                    "unit": "px",
                                    "size": "16",
                                    "sizes": []
                                },
                                "typography_font_weight": "500",
                                "button_text_color": "#FFFFFF",
                                "background_color": "#FC9A00",
                                "hover_color": "#010265",
                                "button_background_hover_color": "#FFFFFF",
                                "border_border": "solid",
                                "border_width": {
                                    "unit": "px",
                                    "top": "02",
                                    "right": "02",
                                    "bottom": "02",
                                    "left": "02",
                                    "isLinked": "1"
                                },
                                "border_radius": {
                                    "unit": "px",
                                    "top": "6",
                                    "right": "6",
                                    "bottom": "6",
                                    "left": "6",
                                    "isLinked": "1"
                                },
                                "text_padding": {
                                    "unit": "px",
                                    "top": "020",
                                    "right": "040",
                                    "bottom": "020",
                                    "left": "040",
                                    "isLinked": ""
                                },
                                "_margin": {
                                    "unit": "px",
                                    "top": "0",
                                    "right": "0",
                                    "bottom": "0",
                                    "left": "0",
                                    "isLinked": ""
                                },
                                "align_mobile": "left"
                            },
                            "elements": [],
                            "isInner": false,
                            "widgetType": "button",
                            "elType": "widget"
                        }
                    ],
                    "isInner": "",
                    "elType": "column"
                },
                {
                    "id": "6598f139",
                    "settings": {
                        "_column_size": "50",
                        "content_position": "center"
                    },
                    "elements": [
                        {
                            "id": "1b7deaf7",
                            "settings": {
                                "image": {
                                    "url": "https:\/\/templatekit.tokomoo.com\/bookkit\/wp-content\/uploads\/sites\/3\/2020\/03\/dekstop.png",
                                    "id": "354"
                                },
                                "align": "right",
                                "width": {
                                    "unit": "%",
                                    "size": "100",
                                    "sizes": []
                                },
                                "width_mobile": {
                                    "unit": "%",
                                    "size": "100",
                                    "sizes": []
                                },
                                "space_mobile": {
                                    "unit": "%",
                                    "size": "100",
                                    "sizes": []
                                },
                                "_element_width_mobile": "initial",
                                "_element_custom_width_mobile": {
                                    "unit": "px",
                                    "size": "332"
                                },
                                "_position": "absolute",
                                "_offset_x": {
                                    "size": "9",
                                    "unit": "px"
                                },
                                "_offset_x_mobile": {
                                    "size": "3",
                                    "unit": "px"
                                },
                                "_offset_y": {
                                    "size": "102",
                                    "unit": "px"
                                },
                                "_offset_y_mobile": {
                                    "size": "-830",
                                    "unit": "px"
                                }
                            },
                            "elements": [],
                            "isInner": false,
                            "widgetType": "image",
                            "elType": "widget"
                        }
                    ],
                    "isInner": "",
                    "elType": "column"
                }
            ],
            "isInner": "",
            "elType": "section"
        }
    ]
}