{
    "version": "0.4",
    "title": "Block &#8211; Portfolio 04",
    "type": "section",
    "metadata": {
        "template_type": "section-portfolio",
        "include_in_zip": "1",
        "elementor_pro_required": null,
        "wp_page_template": "elementor_canvas"
    },
    "content": [
        {
            "id": "423a6bf4",
            "settings": {
                "background_background": "classic",
                "background_color": "#010265",
                "background_image": {
                    "url": "https:\/\/templatekit.tokomoo.com\/bookkit\/wp-content\/uploads\/sites\/3\/2020\/02\/ini-3-1.png",
                    "id": "275"
                },
                "background_position": "center center",
                "background_size": "auto",
                "shape_divider_top": "arrow",
                "margin": {
                    "unit": "px",
                    "top": "0",
                    "right": "0",
                    "bottom": "0",
                    "left": "0",
                    "isLinked": ""
                },
                "padding": {
                    "unit": "px",
                    "top": "080",
                    "right": "0",
                    "bottom": "080",
                    "left": "0",
                    "isLinked": ""
                }
            },
            "elements": [
                {
                    "id": "48a5f505",
                    "settings": {
                        "_column_size": "100",
                        "content_position": "bottom",
                        "margin_mobile": {
                            "unit": "px",
                            "top": "0",
                            "right": "0",
                            "bottom": "0",
                            "left": "0",
                            "isLinked": ""
                        },
                        "padding_mobile": {
                            "unit": "px",
                            "top": "0",
                            "right": "016",
                            "bottom": "0",
                            "left": "016",
                            "isLinked": ""
                        }
                    },
                    "elements": [
                        {
                            "id": "47d2b43b",
                            "settings": {
                                "title": "Editor's Choice",
                                "title_color": "#FFFFFF",
                                "typography_typography": "custom",
                                "typography_font_family": "Playfair Display",
                                "typography_font_size": {
                                    "unit": "px",
                                    "size": "50",
                                    "sizes": []
                                },
                                "typography_font_weight": "600",
                                "text_shadow_text_shadow": {
                                    "horizontal": "0",
                                    "vertical": "0",
                                    "blur": "0",
                                    "color": "rgba(0,0,0,0.3)"
                                },
                                "_margin": {
                                    "unit": "px",
                                    "top": "0",
                                    "right": "0",
                                    "bottom": "030",
                                    "left": "0",
                                    "isLinked": ""
                                },
                                "typography_line_height": {
                                    "unit": "px",
                                    "size": "70",
                                    "sizes": []
                                },
                                "align": "center",
                                "typography_font_size_mobile": {
                                    "unit": "px",
                                    "size": "35",
                                    "sizes": []
                                },
                                "typography_line_height_mobile": {
                                    "unit": "em",
                                    "size": "1",
                                    "sizes": []
                                },
                                "_margin_mobile": {
                                    "unit": "px",
                                    "top": "0",
                                    "right": "0",
                                    "bottom": "0",
                                    "left": "0",
                                    "isLinked": ""
                                },
                                "_padding_mobile": {
                                    "unit": "px",
                                    "top": "0",
                                    "right": "0",
                                    "bottom": "10",
                                    "left": "0",
                                    "isLinked": ""
                                }
                            },
                            "elements": [],
                            "isInner": false,
                            "widgetType": "heading",
                            "elType": "widget"
                        },
                        {
                            "id": "751b603f",
                            "settings": {
                                "editor": "<p>Lorem ipsum dolor sit amet, consectetur adipiscing elit, sed do eiusmod tempor incididunt ut labore et dolore magna aliqua. Et egestas quis ipsum suspendisse ultrices gravida dictum fusce ut. Rhoncus est pellentesque elit.<\/p>",
                                "align": "center",
                                "text_color": "#FFFFFF",
                                "typography_typography": "custom",
                                "typography_font_family": "Poppins",
                                "typography_font_size": {
                                    "unit": "px",
                                    "size": "16",
                                    "sizes": []
                                },
                                "typography_font_weight": "300",
                                "typography_line_height": {
                                    "unit": "px",
                                    "size": "32",
                                    "sizes": []
                                },
                                "_margin": {
                                    "unit": "px",
                                    "top": "0",
                                    "right": "60",
                                    "bottom": "0",
                                    "left": "60",
                                    "isLinked": ""
                                },
                                "_margin_mobile": {
                                    "unit": "px",
                                    "top": "0",
                                    "right": "0",
                                    "bottom": "0",
                                    "left": "0",
                                    "isLinked": ""
                                },
                                "typography_font_size_mobile": {
                                    "unit": "px",
                                    "size": "15",
                                    "sizes": []
                                },
                                "typography_line_height_mobile": {
                                    "unit": "em",
                                    "size": "2.2",
                                    "sizes": []
                                },
                                "typography_letter_spacing_mobile": {
                                    "unit": "px",
                                    "size": "0.5",
                                    "sizes": []
                                }
                            },
                            "elements": [],
                            "isInner": false,
                            "widgetType": "text-editor",
                            "elType": "widget"
                        },
                        {
                            "id": "4d712516",
                            "settings": {
                                "text": "Get It Now",
                                "align": "center",
                                "typography_typography": "custom",
                                "typography_font_family": "Poppins",
                                "typography_font_size": {
                                    "unit": "px",
                                    "size": "16",
                                    "sizes": []
                                },
                                "typography_font_weight": "500",
                                "button_text_color": "#FFFFFF",
                                "background_color": "#FC9A00",
                                "hover_color": "#010265",
                                "button_background_hover_color": "#FFFFFF",
                                "border_border": "solid",
                                "border_width": {
                                    "unit": "px",
                                    "top": "02",
                                    "right": "02",
                                    "bottom": "02",
                                    "left": "02",
                                    "isLinked": "1"
                                },
                                "border_radius": {
                                    "unit": "px",
                                    "top": "6",
                                    "right": "6",
                                    "bottom": "6",
                                    "left": "6",
                                    "isLinked": "1"
                                },
                                "text_padding": {
                                    "unit": "px",
                                    "top": "020",
                                    "right": "060",
                                    "bottom": "020",
                                    "left": "060",
                                    "isLinked": ""
                                },
                                "_margin": {
                                    "unit": "px",
                                    "top": "0",
                                    "right": "0",
                                    "bottom": "0",
                                    "left": "0",
                                    "isLinked": ""
                                },
                                "border_color": "rgba(252, 154, 0, 0)",
                                "align_mobile": "justify"
                            },
                            "elements": [],
                            "isInner": false,
                            "widgetType": "button",
                            "elType": "widget"
                        },
                        {
                            "id": "1f4447cc",
                            "settings": {
                                "structure": "20",
                                "margin": {
                                    "unit": "px",
                                    "top": "60",
                                    "right": "0",
                                    "bottom": "0",
                                    "left": "0",
                                    "isLinked": ""
                                },
                                "padding": {
                                    "unit": "px",
                                    "top": "0",
                                    "right": "0",
                                    "bottom": "0",
                                    "left": "0",
                                    "isLinked": ""
                                },
                                "margin_mobile": {
                                    "unit": "px",
                                    "top": "0",
                                    "right": "0",
                                    "bottom": "0",
                                    "left": "0",
                                    "isLinked": ""
                                },
                                "padding_mobile": {
                                    "unit": "px",
                                    "top": "20",
                                    "right": "0",
                                    "bottom": "0",
                                    "left": "0",
                                    "isLinked": ""
                                }
                            },
                            "elements": [
                                {
                                    "id": "7456fdc",
                                    "settings": {
                                        "_column_size": "50",
                                        "margin_mobile": {
                                            "unit": "px",
                                            "top": "0",
                                            "right": "0",
                                            "bottom": "0",
                                            "left": "0",
                                            "isLinked": ""
                                        },
                                        "padding_mobile": {
                                            "unit": "px",
                                            "top": "20",
                                            "right": "0",
                                            "bottom": "0",
                                            "left": "0",
                                            "isLinked": ""
                                        }
                                    },
                                    "elements": [
                                        {
                                            "id": "5484ae88",
                                            "settings": {
                                                "title": "Tycho",
                                                "align": "right",
                                                "title_color": "#FFFFFF",
                                                "typography_typography": "custom",
                                                "typography_font_family": "Poppins",
                                                "typography_font_size": {
                                                    "unit": "px",
                                                    "size": "20",
                                                    "sizes": []
                                                },
                                                "_margin": {
                                                    "unit": "px",
                                                    "top": "0",
                                                    "right": "184",
                                                    "bottom": "0",
                                                    "left": "0",
                                                    "isLinked": ""
                                                },
                                                "align_mobile": "center",
                                                "_margin_mobile": {
                                                    "unit": "px",
                                                    "top": "0",
                                                    "right": "0",
                                                    "bottom": "0",
                                                    "left": "0",
                                                    "isLinked": ""
                                                }
                                            },
                                            "elements": [],
                                            "isInner": false,
                                            "widgetType": "heading",
                                            "elType": "widget"
                                        },
                                        {
                                            "id": "2866d088",
                                            "settings": {
                                                "title": "Cameron Dhias",
                                                "align": "right",
                                                "title_color": "rgba(255, 255, 255, 0.67)",
                                                "typography_typography": "custom",
                                                "typography_font_family": "Poppins",
                                                "typography_font_size": {
                                                    "unit": "px",
                                                    "size": "16",
                                                    "sizes": []
                                                },
                                                "typography_font_weight": "400",
                                                "_margin": {
                                                    "unit": "px",
                                                    "top": "0",
                                                    "right": "0150",
                                                    "bottom": "0",
                                                    "left": "0",
                                                    "isLinked": ""
                                                },
                                                "align_mobile": "center",
                                                "_margin_mobile": {
                                                    "unit": "px",
                                                    "top": "0",
                                                    "right": "0",
                                                    "bottom": "0",
                                                    "left": "0",
                                                    "isLinked": ""
                                                }
                                            },
                                            "elements": [],
                                            "isInner": false,
                                            "widgetType": "heading",
                                            "elType": "widget"
                                        },
                                        {
                                            "id": "5ef2953f",
                                            "settings": {
                                                "image": {
                                                    "url": "https:\/\/templatekit.tokomoo.com\/bookkit\/wp-content\/uploads\/sites\/3\/2020\/02\/book3-1.png",
                                                    "id": "270"
                                                },
                                                "align": "right",
                                                "width": {
                                                    "unit": "%",
                                                    "size": "50",
                                                    "sizes": []
                                                },
                                                "hover_animation": "hang",
                                                "_margin": {
                                                    "unit": "px",
                                                    "top": "0",
                                                    "right": "0100",
                                                    "bottom": "0",
                                                    "left": "0",
                                                    "isLinked": ""
                                                },
                                                "_padding": {
                                                    "unit": "px",
                                                    "top": "0",
                                                    "right": "0",
                                                    "bottom": "0",
                                                    "left": "0",
                                                    "isLinked": ""
                                                },
                                                "align_mobile": "center",
                                                "_margin_mobile": {
                                                    "unit": "px",
                                                    "top": "0",
                                                    "right": "0",
                                                    "bottom": "0",
                                                    "left": "0",
                                                    "isLinked": ""
                                                },
                                                "_padding_mobile": {
                                                    "unit": "px",
                                                    "top": "0",
                                                    "right": "0",
                                                    "bottom": "0",
                                                    "left": "0",
                                                    "isLinked": ""
                                                }
                                            },
                                            "elements": [],
                                            "isInner": false,
                                            "widgetType": "image",
                                            "elType": "widget"
                                        }
                                    ],
                                    "isInner": "1",
                                    "elType": "column"
                                },
                                {
                                    "id": "77cae6bc",
                                    "settings": {
                                        "_column_size": "50",
                                        "padding_mobile": {
                                            "unit": "px",
                                            "top": "40",
                                            "right": "0",
                                            "bottom": "0",
                                            "left": "0",
                                            "isLinked": ""
                                        }
                                    },
                                    "elements": [
                                        {
                                            "id": "613a93f",
                                            "settings": {
                                                "title": "Yale Cabaret",
                                                "align": "center",
                                                "title_color": "#FFFFFF",
                                                "typography_typography": "custom",
                                                "typography_font_family": "Poppins",
                                                "typography_font_size": {
                                                    "unit": "px",
                                                    "size": "20",
                                                    "sizes": []
                                                },
                                                "_margin": {
                                                    "unit": "px",
                                                    "top": "0",
                                                    "right": "120",
                                                    "bottom": "0",
                                                    "left": "0",
                                                    "isLinked": ""
                                                },
                                                "align_mobile": "center",
                                                "_margin_mobile": {
                                                    "unit": "px",
                                                    "top": "0",
                                                    "right": "0",
                                                    "bottom": "0",
                                                    "left": "0",
                                                    "isLinked": ""
                                                }
                                            },
                                            "elements": [],
                                            "isInner": false,
                                            "widgetType": "heading",
                                            "elType": "widget"
                                        },
                                        {
                                            "id": "3c5ee162",
                                            "settings": {
                                                "title": "Lucia Vegas",
                                                "align": "center",
                                                "title_color": "rgba(255, 255, 255, 0.67)",
                                                "typography_typography": "custom",
                                                "typography_font_family": "Poppins",
                                                "typography_font_size": {
                                                    "unit": "px",
                                                    "size": "16",
                                                    "sizes": []
                                                },
                                                "typography_font_weight": "400",
                                                "_margin": {
                                                    "unit": "px",
                                                    "top": "0",
                                                    "right": "120",
                                                    "bottom": "0",
                                                    "left": "0",
                                                    "isLinked": ""
                                                },
                                                "align_mobile": "center",
                                                "_margin_mobile": {
                                                    "unit": "px",
                                                    "top": "0",
                                                    "right": "0",
                                                    "bottom": "0",
                                                    "left": "0",
                                                    "isLinked": ""
                                                }
                                            },
                                            "elements": [],
                                            "isInner": false,
                                            "widgetType": "heading",
                                            "elType": "widget"
                                        },
                                        {
                                            "id": "67ddd22e",
                                            "settings": {
                                                "image": {
                                                    "url": "https:\/\/templatekit.tokomoo.com\/bookkit\/wp-content\/uploads\/sites\/3\/2020\/02\/book2-3.png",
                                                    "id": "269"
                                                },
                                                "align": "left",
                                                "width": {
                                                    "unit": "%",
                                                    "size": "50",
                                                    "sizes": []
                                                },
                                                "hover_animation": "hang",
                                                "_margin": {
                                                    "unit": "px",
                                                    "top": "0",
                                                    "right": "0",
                                                    "bottom": "0",
                                                    "left": "100",
                                                    "isLinked": ""
                                                },
                                                "align_mobile": "center",
                                                "_margin_mobile": {
                                                    "unit": "px",
                                                    "top": "0",
                                                    "right": "0",
                                                    "bottom": "0",
                                                    "left": "0",
                                                    "isLinked": ""
                                                },
                                                "_padding_mobile": {
                                                    "unit": "px",
                                                    "top": "0",
                                                    "right": "0",
                                                    "bottom": "0",
                                                    "left": "0",
                                                    "isLinked": ""
                                                }
                                            },
                                            "elements": [],
                                            "isInner": false,
                                            "widgetType": "image",
                                            "elType": "widget"
                                        }
                                    ],
                                    "isInner": "1",
                                    "elType": "column"
                                }
                            ],
                            "isInner": "1",
                            "elType": "section"
                        }
                    ],
                    "isInner": "",
                    "elType": "column"
                }
            ],
            "isInner": "",
            "elType": "section"
        }
    ]
}