{
    "version": "0.4",
    "title": "Block &#8211; Hero 01",
    "type": "section",
    "metadata": {
        "template_type": "section-hero",
        "include_in_zip": "1",
        "elementor_pro_required": null,
        "wp_page_template": "elementor_canvas"
    },
    "content": [
        {
            "id": "51b31db4",
            "settings": {
                "background_background": "classic",
                "background_image": {
                    "url": "https:\/\/templatekit.tokomoo.com\/bookkit\/wp-content\/uploads\/sites\/3\/2020\/02\/img_book.png",
                    "id": "183"
                },
                "background_position": "center center",
                "background_size": "cover",
                "background_overlay_background": "gradient",
                "background_overlay_color": "rgba(0, 0, 0, 0)",
                "background_overlay_color_b": "#010265",
                "background_overlay_color_b_stop": {
                    "unit": "%",
                    "size": "60",
                    "sizes": []
                },
                "background_overlay_opacity": {
                    "unit": "px",
                    "size": "0.87",
                    "sizes": []
                },
                "shape_divider_bottom": "arrow",
                "shape_divider_bottom_width": {
                    "unit": "%",
                    "size": "100",
                    "sizes": []
                },
                "shape_divider_bottom_height": {
                    "unit": "px",
                    "size": "26",
                    "sizes": []
                },
                "margin": {
                    "unit": "px",
                    "top": "0",
                    "right": "0",
                    "bottom": "0",
                    "left": "0",
                    "isLinked": ""
                },
                "padding": {
                    "unit": "px",
                    "top": "500",
                    "right": "0",
                    "bottom": "030",
                    "left": "0",
                    "isLinked": ""
                },
                "background_overlay_color_stop": {
                    "unit": "%",
                    "size": "60",
                    "sizes": []
                },
                "background_position_mobile": "initial",
                "background_size_mobile": "cover",
                "height": "min-height",
                "background_xpos_mobile": {
                    "unit": "px",
                    "size": "640",
                    "sizes": []
                },
                "background_ypos_mobile": {
                    "unit": "px",
                    "size": "-16",
                    "sizes": []
                },
                "shape_divider_bottom_width_mobile": {
                    "unit": "%",
                    "size": "300",
                    "sizes": []
                },
                "shape_divider_bottom_height_mobile": {
                    "unit": "px",
                    "size": "13",
                    "sizes": []
                },
                "margin_mobile": {
                    "unit": "px",
                    "top": "0",
                    "right": "0",
                    "bottom": "0",
                    "left": "0",
                    "isLinked": ""
                },
                "padding_mobile": {
                    "unit": "px",
                    "top": "200",
                    "right": "0",
                    "bottom": "0",
                    "left": "0",
                    "isLinked": ""
                }
            },
            "elements": [
                {
                    "id": "11d5b466",
                    "settings": {
                        "_column_size": "100",
                        "margin_mobile": {
                            "unit": "px",
                            "top": "0",
                            "right": "0",
                            "bottom": "0",
                            "left": "0",
                            "isLinked": ""
                        },
                        "padding_mobile": {
                            "unit": "px",
                            "top": "0",
                            "right": "0",
                            "bottom": "0",
                            "left": "0",
                            "isLinked": ""
                        }
                    },
                    "elements": [
                        {
                            "id": "212db2f1",
                            "settings": {
                                "structure": "20",
                                "margin_mobile": {
                                    "unit": "px",
                                    "top": "0",
                                    "right": "0",
                                    "bottom": "0",
                                    "left": "0",
                                    "isLinked": ""
                                },
                                "padding_mobile": {
                                    "unit": "px",
                                    "top": "0",
                                    "right": "0",
                                    "bottom": "0",
                                    "left": "0",
                                    "isLinked": ""
                                }
                            },
                            "elements": [
                                {
                                    "id": "79eda29e",
                                    "settings": {
                                        "_column_size": "50",
                                        "_inline_size": "50.536",
                                        "margin_mobile": {
                                            "unit": "px",
                                            "top": "0",
                                            "right": "0",
                                            "bottom": "0",
                                            "left": "0",
                                            "isLinked": ""
                                        },
                                        "padding_mobile": {
                                            "unit": "px",
                                            "top": "0",
                                            "right": "0",
                                            "bottom": "0",
                                            "left": "0",
                                            "isLinked": ""
                                        }
                                    },
                                    "elements": [
                                        {
                                            "id": "7e75ff63",
                                            "settings": {
                                                "image": {
                                                    "url": "https:\/\/templatekit.tokomoo.com\/bookkit\/wp-content\/uploads\/sites\/3\/2020\/03\/Space-Book-Concept-.png",
                                                    "id": "1414"
                                                },
                                                "space": {
                                                    "unit": "%",
                                                    "size": "100",
                                                    "sizes": []
                                                },
                                                "_element_width": "initial",
                                                "_element_width_mobile": "initial",
                                                "_element_custom_width": {
                                                    "unit": "px",
                                                    "size": "225"
                                                },
                                                "_element_custom_width_mobile": {
                                                    "unit": "px",
                                                    "size": "125"
                                                },
                                                "_position": "absolute",
                                                "_offset_x": {
                                                    "size": "-31",
                                                    "unit": "px"
                                                },
                                                "_offset_x_mobile": {
                                                    "size": "18",
                                                    "unit": "px"
                                                },
                                                "_offset_y": {
                                                    "size": "30",
                                                    "unit": "px"
                                                },
                                                "_offset_y_mobile": {
                                                    "size": "249",
                                                    "unit": "px"
                                                }
                                            },
                                            "elements": [],
                                            "isInner": false,
                                            "widgetType": "image",
                                            "elType": "widget"
                                        },
                                        {
                                            "id": "5eac1a62",
                                            "settings": {
                                                "image": {
                                                    "url": "https:\/\/templatekit.tokomoo.com\/bookkit\/wp-content\/uploads\/sites\/3\/2020\/03\/Record-Album-Mockups-.png",
                                                    "id": "1413"
                                                },
                                                "space": {
                                                    "unit": "%",
                                                    "size": "100",
                                                    "sizes": []
                                                },
                                                "_element_width": "initial",
                                                "_element_width_mobile": "initial",
                                                "_element_custom_width": {
                                                    "unit": "px",
                                                    "size": "303"
                                                },
                                                "_element_custom_width_mobile": {
                                                    "unit": "px",
                                                    "size": "158"
                                                },
                                                "_position": "absolute",
                                                "_offset_x": {
                                                    "size": "222",
                                                    "unit": "px"
                                                },
                                                "_offset_x_mobile": {
                                                    "size": "166",
                                                    "unit": "px"
                                                },
                                                "_offset_y": {
                                                    "size": "-26",
                                                    "unit": "px"
                                                },
                                                "_offset_y_mobile": {
                                                    "size": "220",
                                                    "unit": "px"
                                                }
                                            },
                                            "elements": [],
                                            "isInner": false,
                                            "widgetType": "image",
                                            "elType": "widget"
                                        }
                                    ],
                                    "isInner": "1",
                                    "elType": "column"
                                },
                                {
                                    "id": "eef3505",
                                    "settings": {
                                        "_column_size": "50",
                                        "_inline_size": "49.375",
                                        "content_position": "center",
                                        "margin": {
                                            "unit": "px",
                                            "top": "60",
                                            "right": "0",
                                            "bottom": "20",
                                            "left": "10",
                                            "isLinked": ""
                                        },
                                        "margin_mobile": {
                                            "unit": "px",
                                            "top": "0",
                                            "right": "0",
                                            "bottom": "0",
                                            "left": "0",
                                            "isLinked": ""
                                        },
                                        "padding_mobile": {
                                            "unit": "px",
                                            "top": "400",
                                            "right": "016",
                                            "bottom": "40",
                                            "left": "016",
                                            "isLinked": ""
                                        }
                                    },
                                    "elements": [
                                        {
                                            "id": "6d555dd5",
                                            "settings": {
                                                "title": "Search Your Favourite Music, Book &amp; Movie",
                                                "title_color": "#FFFFFF",
                                                "typography_typography": "custom",
                                                "typography_font_family": "Playfair Display",
                                                "typography_font_size": {
                                                    "unit": "px",
                                                    "size": "50",
                                                    "sizes": []
                                                },
                                                "typography_font_weight": "600",
                                                "text_shadow_text_shadow": {
                                                    "horizontal": "0",
                                                    "vertical": "0",
                                                    "blur": "0",
                                                    "color": "rgba(0,0,0,0.3)"
                                                },
                                                "_margin": {
                                                    "unit": "px",
                                                    "top": "0",
                                                    "right": "0",
                                                    "bottom": "20",
                                                    "left": "0",
                                                    "isLinked": ""
                                                },
                                                "align": "left",
                                                "align_mobile": "left",
                                                "typography_font_size_mobile": {
                                                    "unit": "px",
                                                    "size": "30",
                                                    "sizes": []
                                                },
                                                "typography_line_height": {
                                                    "unit": "em",
                                                    "size": "1.2",
                                                    "sizes": []
                                                },
                                                "typography_line_height_mobile": {
                                                    "unit": "em",
                                                    "size": "1.4",
                                                    "sizes": []
                                                },
                                                "typography_letter_spacing_mobile": {
                                                    "unit": "px",
                                                    "size": "0.5",
                                                    "sizes": []
                                                },
                                                "_margin_mobile": {
                                                    "unit": "px",
                                                    "top": "0",
                                                    "right": "0",
                                                    "bottom": "0",
                                                    "left": "0",
                                                    "isLinked": ""
                                                },
                                                "_padding_mobile": {
                                                    "unit": "px",
                                                    "top": "0",
                                                    "right": "0",
                                                    "bottom": "0",
                                                    "left": "0",
                                                    "isLinked": ""
                                                }
                                            },
                                            "elements": [],
                                            "isInner": false,
                                            "widgetType": "heading",
                                            "elType": "widget"
                                        },
                                        {
                                            "id": "63317093",
                                            "settings": {
                                                "text": "Browse Product",
                                                "align": "left",
                                                "typography_typography": "custom",
                                                "typography_font_family": "Poppins",
                                                "typography_font_size": {
                                                    "unit": "px",
                                                    "size": "16",
                                                    "sizes": []
                                                },
                                                "typography_font_weight": "500",
                                                "button_text_color": "#FC9A00",
                                                "background_color": "#010265",
                                                "hover_color": "#010265",
                                                "button_background_hover_color": "#FFFFFF",
                                                "border_border": "solid",
                                                "border_width": {
                                                    "unit": "px",
                                                    "top": "01",
                                                    "right": "010",
                                                    "bottom": "01",
                                                    "left": "01",
                                                    "isLinked": ""
                                                },
                                                "border_radius": {
                                                    "unit": "px",
                                                    "top": "",
                                                    "right": "",
                                                    "bottom": "",
                                                    "left": "",
                                                    "isLinked": "1"
                                                },
                                                "text_padding": {
                                                    "unit": "px",
                                                    "top": "020",
                                                    "right": "050",
                                                    "bottom": "020",
                                                    "left": "050",
                                                    "isLinked": ""
                                                },
                                                "_margin": {
                                                    "unit": "px",
                                                    "top": "0",
                                                    "right": "0",
                                                    "bottom": "0",
                                                    "left": "0",
                                                    "isLinked": ""
                                                },
                                                "border_color": "#FC9A00",
                                                "align_mobile": "justify",
                                                "selected_icon": {
                                                    "value": "fas fa-arrow-right",
                                                    "library": "fa-solid"
                                                },
                                                "icon_align": "right",
                                                "icon_indent": {
                                                    "unit": "px",
                                                    "size": "14",
                                                    "sizes": []
                                                },
                                                "_padding_mobile": {
                                                    "unit": "px",
                                                    "top": "0",
                                                    "right": "0",
                                                    "bottom": "0",
                                                    "left": "0",
                                                    "isLinked": ""
                                                }
                                            },
                                            "elements": [],
                                            "isInner": false,
                                            "widgetType": "button",
                                            "elType": "widget"
                                        }
                                    ],
                                    "isInner": "1",
                                    "elType": "column"
                                }
                            ],
                            "isInner": "1",
                            "elType": "section"
                        }
                    ],
                    "isInner": "",
                    "elType": "column"
                }
            ],
            "isInner": "",
            "elType": "section"
        }
    ]
}