{
    "version": "0.4",
    "title": "Block &#8211; Other 02",
    "type": "section",
    "metadata": {
        "template_type": "section-other",
        "include_in_zip": "1",
        "elementor_pro_required": null,
        "wp_page_template": "elementor_canvas"
    },
    "content": [
        {
            "id": "75020592",
            "settings": {
                "structure": "20",
                "margin": {
                    "unit": "px",
                    "top": "0",
                    "right": "0",
                    "bottom": "0",
                    "left": "0",
                    "isLinked": ""
                },
                "padding": {
                    "unit": "px",
                    "top": "0",
                    "right": "0",
                    "bottom": "180",
                    "left": "0",
                    "isLinked": ""
                },
                "margin_mobile": {
                    "unit": "px",
                    "top": "0",
                    "right": "0",
                    "bottom": "0",
                    "left": "0",
                    "isLinked": ""
                },
                "padding_mobile": {
                    "unit": "px",
                    "top": "0",
                    "right": "0",
                    "bottom": "0",
                    "left": "0",
                    "isLinked": ""
                }
            },
            "elements": [
                {
                    "id": "82fad",
                    "settings": {
                        "_column_size": "50",
                        "background_background": "classic",
                        "background_color": "#F7F9FF",
                        "border_border": "solid",
                        "border_width": {
                            "unit": "px",
                            "top": "0",
                            "right": "0",
                            "bottom": "0",
                            "left": "0",
                            "isLinked": "1"
                        },
                        "border_color": "rgba(18, 18, 18, 0.64)",
                        "padding": {
                            "unit": "px",
                            "top": "020",
                            "right": "0",
                            "bottom": "020",
                            "left": "0",
                            "isLinked": ""
                        },
                        "padding_mobile": {
                            "unit": "px",
                            "top": "0",
                            "right": "0",
                            "bottom": "0",
                            "left": "0",
                            "isLinked": ""
                        }
                    },
                    "elements": [
                        {
                            "id": "7f36448",
                            "settings": {
                                "structure": "20"
                            },
                            "elements": [
                                {
                                    "id": "44ddae7e",
                                    "settings": {
                                        "_column_size": "50",
                                        "_inline_size": "61.455",
                                        "margin": {
                                            "unit": "px",
                                            "top": "0",
                                            "right": "0",
                                            "bottom": "0",
                                            "left": "20",
                                            "isLinked": ""
                                        },
                                        "margin_mobile": {
                                            "unit": "px",
                                            "top": "0",
                                            "right": "0",
                                            "bottom": "0",
                                            "left": "0",
                                            "isLinked": ""
                                        },
                                        "padding_mobile": {
                                            "unit": "px",
                                            "top": "560",
                                            "right": "016",
                                            "bottom": "0",
                                            "left": "016",
                                            "isLinked": ""
                                        }
                                    },
                                    "elements": [
                                        {
                                            "id": "2717605",
                                            "settings": {
                                                "title": "Today Deals<br>In Book",
                                                "title_color": "#010265",
                                                "typography_typography": "custom",
                                                "typography_font_family": "Playfair Display",
                                                "typography_font_size": {
                                                    "unit": "px",
                                                    "size": "25",
                                                    "sizes": []
                                                },
                                                "typography_font_weight": "600",
                                                "text_shadow_text_shadow": {
                                                    "horizontal": "0",
                                                    "vertical": "0",
                                                    "blur": "0",
                                                    "color": "rgba(0,0,0,0.3)"
                                                },
                                                "_margin": {
                                                    "unit": "px",
                                                    "top": "0",
                                                    "right": "0",
                                                    "bottom": "0",
                                                    "left": "0",
                                                    "isLinked": ""
                                                },
                                                "typography_line_height": {
                                                    "unit": "px",
                                                    "size": "40",
                                                    "sizes": []
                                                },
                                                "typography_font_size_mobile": {
                                                    "unit": "px",
                                                    "size": "35",
                                                    "sizes": []
                                                },
                                                "typography_line_height_mobile": {
                                                    "unit": "em",
                                                    "size": "1.5",
                                                    "sizes": []
                                                },
                                                "typography_letter_spacing_mobile": {
                                                    "unit": "px",
                                                    "size": "0.5",
                                                    "sizes": []
                                                }
                                            },
                                            "elements": [],
                                            "isInner": false,
                                            "widgetType": "heading",
                                            "elType": "widget"
                                        },
                                        {
                                            "id": "3a53a99e",
                                            "settings": {
                                                "editor": "Lorem ipsum dolor sit amet, consectetur adipiscing elit, sed do eiusmod tempor incididunt ut labore et dolore magna aliqua. Ut enim ad minim veniam.",
                                                "align": "left",
                                                "text_color": "rgba(18, 18, 18, 0.67)",
                                                "typography_typography": "custom",
                                                "typography_font_family": "Poppins",
                                                "typography_font_size": {
                                                    "unit": "px",
                                                    "size": "15",
                                                    "sizes": []
                                                },
                                                "typography_font_weight": "300",
                                                "typography_line_height": {
                                                    "unit": "px",
                                                    "size": "34",
                                                    "sizes": []
                                                },
                                                "_margin": {
                                                    "unit": "px",
                                                    "top": "0",
                                                    "right": "020",
                                                    "bottom": "0",
                                                    "left": "0",
                                                    "isLinked": ""
                                                },
                                                "typography_font_size_mobile": {
                                                    "unit": "px",
                                                    "size": "15",
                                                    "sizes": []
                                                },
                                                "typography_line_height_mobile": {
                                                    "unit": "em",
                                                    "size": "2.2",
                                                    "sizes": []
                                                },
                                                "typography_letter_spacing_mobile": {
                                                    "unit": "px",
                                                    "size": "0.5",
                                                    "sizes": []
                                                }
                                            },
                                            "elements": [],
                                            "isInner": false,
                                            "widgetType": "text-editor",
                                            "elType": "widget"
                                        },
                                        {
                                            "id": "7fc27389",
                                            "settings": {
                                                "text": "Read More",
                                                "align": "left",
                                                "typography_typography": "custom",
                                                "typography_font_family": "Poppins",
                                                "typography_font_size": {
                                                    "unit": "px",
                                                    "size": "16",
                                                    "sizes": []
                                                },
                                                "typography_font_weight": "500",
                                                "button_text_color": "#FFFFFF",
                                                "background_color": "#FC9A00",
                                                "hover_color": "#010265",
                                                "button_background_hover_color": "#FFFFFF",
                                                "border_border": "solid",
                                                "border_width": {
                                                    "unit": "px",
                                                    "top": "02",
                                                    "right": "02",
                                                    "bottom": "02",
                                                    "left": "02",
                                                    "isLinked": "1"
                                                },
                                                "border_radius": {
                                                    "unit": "px",
                                                    "top": "6",
                                                    "right": "6",
                                                    "bottom": "6",
                                                    "left": "6",
                                                    "isLinked": "1"
                                                },
                                                "text_padding": {
                                                    "unit": "px",
                                                    "top": "020",
                                                    "right": "060",
                                                    "bottom": "020",
                                                    "left": "060",
                                                    "isLinked": ""
                                                },
                                                "_margin": {
                                                    "unit": "px",
                                                    "top": "0",
                                                    "right": "0",
                                                    "bottom": "0",
                                                    "left": "0",
                                                    "isLinked": ""
                                                },
                                                "border_color": "#FFFFFF"
                                            },
                                            "elements": [],
                                            "isInner": false,
                                            "widgetType": "button",
                                            "elType": "widget"
                                        }
                                    ],
                                    "isInner": "1",
                                    "elType": "column"
                                },
                                {
                                    "id": "546427a3",
                                    "settings": {
                                        "_column_size": "50",
                                        "_inline_size": "38.454"
                                    },
                                    "elements": [
                                        {
                                            "id": "3bdde681",
                                            "settings": {
                                                "image": {
                                                    "url": "https:\/\/templatekit.tokomoo.com\/bookkit\/wp-content\/uploads\/sites\/3\/2020\/02\/book_1-1.png",
                                                    "id": "265"
                                                },
                                                "_element_width_mobile": "initial",
                                                "_element_custom_width_mobile": {
                                                    "unit": "px",
                                                    "size": "327"
                                                },
                                                "_position": "absolute",
                                                "_offset_x_mobile": {
                                                    "size": "5",
                                                    "unit": "px"
                                                },
                                                "_offset_y_mobile": {
                                                    "size": "-890",
                                                    "unit": "px"
                                                }
                                            },
                                            "elements": [],
                                            "isInner": false,
                                            "widgetType": "image",
                                            "elType": "widget"
                                        }
                                    ],
                                    "isInner": "1",
                                    "elType": "column"
                                }
                            ],
                            "isInner": "1",
                            "elType": "section"
                        }
                    ],
                    "isInner": "",
                    "elType": "column"
                },
                {
                    "id": "14bfda7e",
                    "settings": {
                        "_column_size": "50",
                        "background_background": "classic",
                        "background_color": "#F7F9FF",
                        "border_border": "solid",
                        "border_width": {
                            "unit": "px",
                            "top": "0",
                            "right": "0",
                            "bottom": "0",
                            "left": "0",
                            "isLinked": "1"
                        },
                        "border_color": "rgba(18, 18, 18, 0.64)",
                        "margin": {
                            "unit": "px",
                            "top": "0",
                            "right": "0",
                            "bottom": "0",
                            "left": "10",
                            "isLinked": ""
                        },
                        "padding": {
                            "unit": "px",
                            "top": "020",
                            "right": "0",
                            "bottom": "20",
                            "left": "0",
                            "isLinked": ""
                        },
                        "margin_mobile": {
                            "unit": "px",
                            "top": "0",
                            "right": "0",
                            "bottom": "0",
                            "left": "0",
                            "isLinked": ""
                        },
                        "padding_mobile": {
                            "unit": "px",
                            "top": "0",
                            "right": "0",
                            "bottom": "0",
                            "left": "0",
                            "isLinked": ""
                        }
                    },
                    "elements": [
                        {
                            "id": "6174619e",
                            "settings": {
                                "structure": "20"
                            },
                            "elements": [
                                {
                                    "id": "64da1499",
                                    "settings": {
                                        "_column_size": "50",
                                        "_inline_size": "61.455",
                                        "margin": {
                                            "unit": "px",
                                            "top": "0",
                                            "right": "0",
                                            "bottom": "0",
                                            "left": "20",
                                            "isLinked": ""
                                        },
                                        "margin_mobile": {
                                            "unit": "px",
                                            "top": "0",
                                            "right": "0",
                                            "bottom": "0",
                                            "left": "0",
                                            "isLinked": ""
                                        },
                                        "padding_mobile": {
                                            "unit": "px",
                                            "top": "560",
                                            "right": "016",
                                            "bottom": "0",
                                            "left": "016",
                                            "isLinked": ""
                                        }
                                    },
                                    "elements": [
                                        {
                                            "id": "34ef4d86",
                                            "settings": {
                                                "title": "The Best Book <br>of Summer 2016",
                                                "title_color": "#010265",
                                                "typography_typography": "custom",
                                                "typography_font_family": "Playfair Display",
                                                "typography_font_size": {
                                                    "unit": "px",
                                                    "size": "25",
                                                    "sizes": []
                                                },
                                                "typography_font_weight": "600",
                                                "text_shadow_text_shadow": {
                                                    "horizontal": "0",
                                                    "vertical": "0",
                                                    "blur": "0",
                                                    "color": "rgba(0,0,0,0.3)"
                                                },
                                                "_margin": {
                                                    "unit": "px",
                                                    "top": "0",
                                                    "right": "0",
                                                    "bottom": "0",
                                                    "left": "0",
                                                    "isLinked": ""
                                                },
                                                "typography_line_height": {
                                                    "unit": "px",
                                                    "size": "40",
                                                    "sizes": []
                                                },
                                                "typography_font_size_mobile": {
                                                    "unit": "px",
                                                    "size": "35",
                                                    "sizes": []
                                                },
                                                "typography_line_height_mobile": {
                                                    "unit": "em",
                                                    "size": "1.5",
                                                    "sizes": []
                                                },
                                                "typography_letter_spacing_mobile": {
                                                    "unit": "px",
                                                    "size": "0.5",
                                                    "sizes": []
                                                }
                                            },
                                            "elements": [],
                                            "isInner": false,
                                            "widgetType": "heading",
                                            "elType": "widget"
                                        },
                                        {
                                            "id": "6f5422e1",
                                            "settings": {
                                                "editor": "Lorem ipsum dolor sit amet, consectetur adipiscing elit, sed do eiusmod tempor incididunt ut labore et dolore magna aliqua. Ut enim ad minim veniam.",
                                                "align": "left",
                                                "text_color": "rgba(18, 18, 18, 0.67)",
                                                "typography_typography": "custom",
                                                "typography_font_family": "Poppins",
                                                "typography_font_size": {
                                                    "unit": "px",
                                                    "size": "15",
                                                    "sizes": []
                                                },
                                                "typography_font_weight": "300",
                                                "typography_line_height": {
                                                    "unit": "px",
                                                    "size": "34",
                                                    "sizes": []
                                                },
                                                "_margin": {
                                                    "unit": "px",
                                                    "top": "0",
                                                    "right": "020",
                                                    "bottom": "0",
                                                    "left": "0",
                                                    "isLinked": ""
                                                },
                                                "typography_font_size_mobile": {
                                                    "unit": "px",
                                                    "size": "15",
                                                    "sizes": []
                                                },
                                                "typography_line_height_mobile": {
                                                    "unit": "em",
                                                    "size": "2.2",
                                                    "sizes": []
                                                },
                                                "typography_letter_spacing_mobile": {
                                                    "unit": "px",
                                                    "size": "0.5",
                                                    "sizes": []
                                                }
                                            },
                                            "elements": [],
                                            "isInner": false,
                                            "widgetType": "text-editor",
                                            "elType": "widget"
                                        },
                                        {
                                            "id": "123f2c8c",
                                            "settings": {
                                                "text": "Read More",
                                                "align": "left",
                                                "typography_typography": "custom",
                                                "typography_font_family": "Poppins",
                                                "typography_font_size": {
                                                    "unit": "px",
                                                    "size": "16",
                                                    "sizes": []
                                                },
                                                "typography_font_weight": "500",
                                                "button_text_color": "#FFFFFF",
                                                "background_color": "#FC9A00",
                                                "hover_color": "#010265",
                                                "button_background_hover_color": "#FFFFFF",
                                                "border_border": "solid",
                                                "border_width": {
                                                    "unit": "px",
                                                    "top": "02",
                                                    "right": "02",
                                                    "bottom": "02",
                                                    "left": "02",
                                                    "isLinked": "1"
                                                },
                                                "border_radius": {
                                                    "unit": "px",
                                                    "top": "6",
                                                    "right": "6",
                                                    "bottom": "6",
                                                    "left": "6",
                                                    "isLinked": "1"
                                                },
                                                "text_padding": {
                                                    "unit": "px",
                                                    "top": "020",
                                                    "right": "060",
                                                    "bottom": "020",
                                                    "left": "060",
                                                    "isLinked": ""
                                                },
                                                "_margin": {
                                                    "unit": "px",
                                                    "top": "0",
                                                    "right": "0",
                                                    "bottom": "0",
                                                    "left": "0",
                                                    "isLinked": ""
                                                },
                                                "border_color": "#FFFFFF"
                                            },
                                            "elements": [],
                                            "isInner": false,
                                            "widgetType": "button",
                                            "elType": "widget"
                                        }
                                    ],
                                    "isInner": "1",
                                    "elType": "column"
                                },
                                {
                                    "id": "162c0001",
                                    "settings": {
                                        "_column_size": "50",
                                        "_inline_size": "38.454"
                                    },
                                    "elements": [
                                        {
                                            "id": "6ec9e3ff",
                                            "settings": {
                                                "image": {
                                                    "url": "https:\/\/templatekit.tokomoo.com\/bookkit\/wp-content\/uploads\/sites\/3\/2020\/02\/book-1.png",
                                                    "id": "266"
                                                },
                                                "_element_width_mobile": "initial",
                                                "_element_custom_width_mobile": {
                                                    "unit": "px",
                                                    "size": "327"
                                                },
                                                "_position": "absolute",
                                                "_offset_x_mobile": {
                                                    "size": "7",
                                                    "unit": "px"
                                                },
                                                "_offset_y_mobile": {
                                                    "size": "-881",
                                                    "unit": "px"
                                                }
                                            },
                                            "elements": [],
                                            "isInner": false,
                                            "widgetType": "image",
                                            "elType": "widget"
                                        }
                                    ],
                                    "isInner": "1",
                                    "elType": "column"
                                }
                            ],
                            "isInner": "1",
                            "elType": "section"
                        }
                    ],
                    "isInner": "",
                    "elType": "column"
                }
            ],
            "isInner": "",
            "elType": "section"
        }
    ]
}