{
    "version": "0.4",
    "title": "Block &#8211; Other 01",
    "type": "section",
    "metadata": {
        "template_type": "section-other",
        "include_in_zip": "1",
        "elementor_pro_required": null,
        "wp_page_template": "elementor_canvas"
    },
    "content": [
        {
            "id": "6cf94fbc",
            "settings": {
                "structure": "20",
                "margin": {
                    "unit": "px",
                    "top": "0",
                    "right": "0",
                    "bottom": "0",
                    "left": "0",
                    "isLinked": ""
                },
                "background_background": "classic",
                "background_image": {
                    "url": "https:\/\/templatekit.tokomoo.com\/bookkit\/wp-content\/uploads\/sites\/3\/2020\/02\/bg_white-3-2.png",
                    "id": "262"
                },
                "background_position": "top center",
                "padding": {
                    "unit": "px",
                    "top": "260",
                    "right": "0",
                    "bottom": "0200",
                    "left": "0",
                    "isLinked": ""
                },
                "margin_mobile": {
                    "unit": "px",
                    "top": "0",
                    "right": "0",
                    "bottom": "0",
                    "left": "0",
                    "isLinked": ""
                },
                "padding_mobile": {
                    "unit": "px",
                    "top": "600",
                    "right": "0",
                    "bottom": "50",
                    "left": "0",
                    "isLinked": ""
                }
            },
            "elements": [
                {
                    "id": "5a385435",
                    "settings": {
                        "_column_size": "50",
                        "content_position": "center",
                        "padding_mobile": {
                            "unit": "px",
                            "top": "40",
                            "right": "016",
                            "bottom": "0",
                            "left": "016",
                            "isLinked": ""
                        },
                        "padding": {
                            "unit": "px",
                            "top": "40",
                            "right": "40",
                            "bottom": "0",
                            "left": "0",
                            "isLinked": ""
                        }
                    },
                    "elements": [
                        {
                            "id": "6f9e866f",
                            "settings": {
                                "title": "BEST SELLER",
                                "title_color": "#121212",
                                "typography_typography": "custom",
                                "typography_font_family": "Poppins",
                                "typography_font_size": {
                                    "unit": "px",
                                    "size": "16",
                                    "sizes": []
                                },
                                "typography_font_weight": "500",
                                "align_mobile": "left"
                            },
                            "elements": [],
                            "isInner": false,
                            "widgetType": "heading",
                            "elType": "widget"
                        },
                        {
                            "id": "555b4ebd",
                            "settings": {
                                "title": "The Albion",
                                "title_color": "#010265",
                                "typography_typography": "custom",
                                "typography_font_family": "Playfair Display",
                                "typography_font_size": {
                                    "unit": "px",
                                    "size": "50",
                                    "sizes": []
                                },
                                "typography_font_weight": "600",
                                "text_shadow_text_shadow_type": "yes",
                                "text_shadow_text_shadow": {
                                    "horizontal": "0",
                                    "vertical": "0",
                                    "blur": "0",
                                    "color": "rgba(0,0,0,0.3)"
                                },
                                "_margin": {
                                    "unit": "px",
                                    "top": "0",
                                    "right": "0",
                                    "bottom": "040",
                                    "left": "0",
                                    "isLinked": ""
                                },
                                "align_mobile": "left",
                                "typography_line_height_mobile": {
                                    "unit": "px",
                                    "size": "35",
                                    "sizes": []
                                },
                                "_margin_mobile": {
                                    "unit": "px",
                                    "top": "0",
                                    "right": "0",
                                    "bottom": "0",
                                    "left": "0",
                                    "isLinked": ""
                                },
                                "_padding_mobile": {
                                    "unit": "px",
                                    "top": "0",
                                    "right": "0",
                                    "bottom": "20",
                                    "left": "0",
                                    "isLinked": ""
                                }
                            },
                            "elements": [],
                            "isInner": false,
                            "widgetType": "heading",
                            "elType": "widget"
                        },
                        {
                            "id": "e87d9fc",
                            "settings": {
                                "editor": "<p>Lorem ipsum dolor sit amet, consectetur adipiscing elit, sed do eiusmod tempor incididunt ut labore et dolore magna aliqua. Porttitor lacus luctus accumsan tortor posuere ac ut consequat semper. Nisl nisi scelerisque eu ultrices vitae auctor. Non diam phasellus vestibulum lorem sed risus ultricies tristique nulla. Sem nulla pharetra diam sit. Cursus vitae congue mauris rhoncus. Cras semper auctor neque vitae tempus.<\/p>",
                                "align": "left",
                                "text_color": "#7A7A7A",
                                "typography_typography": "custom",
                                "typography_font_family": "Poppins",
                                "typography_font_size": {
                                    "unit": "px",
                                    "size": "16",
                                    "sizes": []
                                },
                                "typography_font_weight": "300",
                                "typography_line_height": {
                                    "unit": "em",
                                    "size": "2.2",
                                    "sizes": []
                                },
                                "_margin": {
                                    "unit": "px",
                                    "top": "0",
                                    "right": "0",
                                    "bottom": "0",
                                    "left": "0",
                                    "isLinked": ""
                                },
                                "align_mobile": "left",
                                "typography_font_size_mobile": {
                                    "unit": "px",
                                    "size": "15",
                                    "sizes": []
                                },
                                "typography_line_height_mobile": {
                                    "unit": "em",
                                    "size": "2.4",
                                    "sizes": []
                                },
                                "_margin_mobile": {
                                    "unit": "px",
                                    "top": "0",
                                    "right": "0",
                                    "bottom": "0",
                                    "left": "0",
                                    "isLinked": ""
                                },
                                "_padding_mobile": {
                                    "unit": "px",
                                    "top": "0",
                                    "right": "0",
                                    "bottom": "0",
                                    "left": "0",
                                    "isLinked": ""
                                }
                            },
                            "elements": [],
                            "isInner": false,
                            "widgetType": "text-editor",
                            "elType": "widget"
                        }
                    ],
                    "isInner": "",
                    "elType": "column"
                },
                {
                    "id": "62d43194",
                    "settings": {
                        "_column_size": "50",
                        "padding_mobile": {
                            "unit": "px",
                            "top": "0",
                            "right": "030",
                            "bottom": "0",
                            "left": "016",
                            "isLinked": ""
                        }
                    },
                    "elements": [
                        {
                            "id": "3efd9d1",
                            "settings": {
                                "image": {
                                    "url": "https:\/\/templatekit.tokomoo.com\/bookkit\/wp-content\/uploads\/sites\/3\/2020\/03\/books1.png",
                                    "id": "1417"
                                },
                                "align": "right",
                                "width": {
                                    "unit": "%",
                                    "size": "80",
                                    "sizes": []
                                },
                                "background_hover_transition": {
                                    "unit": "px",
                                    "size": "0.3",
                                    "sizes": []
                                },
                                "hover_animation": "hang",
                                "_margin": {
                                    "unit": "px",
                                    "top": "0",
                                    "right": "0",
                                    "bottom": "0",
                                    "left": "0",
                                    "isLinked": ""
                                },
                                "align_mobile": "center",
                                "width_mobile": {
                                    "unit": "%",
                                    "size": "100",
                                    "sizes": []
                                },
                                "space_mobile": {
                                    "unit": "%",
                                    "size": "100",
                                    "sizes": []
                                },
                                "_z_index": "2",
                                "_position": "absolute",
                                "_offset_x_mobile": {
                                    "size": "0",
                                    "unit": "px"
                                },
                                "_offset_y_mobile": {
                                    "size": "-1029",
                                    "unit": "px"
                                }
                            },
                            "elements": [],
                            "isInner": false,
                            "widgetType": "image",
                            "elType": "widget"
                        },
                        {
                            "id": "3c059ab2",
                            "settings": {
                                "image": {
                                    "url": "https:\/\/templatekit.tokomoo.com\/bookkit\/wp-content\/uploads\/sites\/3\/2020\/03\/shadow.png",
                                    "id": "1418"
                                },
                                "align": "right",
                                "width": {
                                    "unit": "%",
                                    "size": "80",
                                    "sizes": []
                                },
                                "background_hover_transition": {
                                    "unit": "px",
                                    "size": "0.3",
                                    "sizes": []
                                },
                                "hover_animation": "hang",
                                "_margin": {
                                    "unit": "px",
                                    "top": "0",
                                    "right": "0",
                                    "bottom": "0",
                                    "left": "0",
                                    "isLinked": ""
                                },
                                "align_mobile": "center",
                                "width_mobile": {
                                    "unit": "%",
                                    "size": "100",
                                    "sizes": []
                                },
                                "space_mobile": {
                                    "unit": "%",
                                    "size": "100",
                                    "sizes": []
                                },
                                "_position": "absolute",
                                "_offset_x": {
                                    "size": "14",
                                    "unit": "px"
                                },
                                "_offset_x_mobile": {
                                    "size": "9",
                                    "unit": "px"
                                },
                                "_offset_y": {
                                    "size": "-15",
                                    "unit": "px"
                                },
                                "_offset_y_mobile": {
                                    "size": "-1038",
                                    "unit": "px"
                                }
                            },
                            "elements": [],
                            "isInner": false,
                            "widgetType": "image",
                            "elType": "widget"
                        }
                    ],
                    "isInner": "",
                    "elType": "column"
                }
            ],
            "isInner": "",
            "elType": "section"
        }
    ]
}