{
    "version": "0.4",
    "title": "Block &#8211; Header",
    "type": "section",
    "metadata": {
        "template_type": "section-header",
        "include_in_zip": "1",
        "elementor_pro_required": null,
        "wp_page_template": "elementor_canvas"
    },
    "content": [
        {
            "id": "2e3c7281",
            "settings": {
                "structure": "20",
                "margin": {
                    "unit": "px",
                    "top": "026",
                    "right": "0",
                    "bottom": "026",
                    "left": "0",
                    "isLinked": ""
                }
            },
            "elements": [
                {
                    "id": "d5d1e4f",
                    "settings": {
                        "_column_size": "50",
                        "_inline_size": "",
                        "content_position": "center",
                        "_inline_size_mobile": "38"
                    },
                    "elements": [
                        {
                            "id": "76d2386b",
                            "settings": {
                                "title": "Tokobook.",
                                "typography_typography": "custom",
                                "typography_font_size": {
                                    "unit": "px",
                                    "size": "26",
                                    "sizes": []
                                }
                            },
                            "elements": [],
                            "isInner": false,
                            "widgetType": "heading",
                            "elType": "widget"
                        }
                    ],
                    "isInner": "",
                    "elType": "column"
                },
                {
                    "id": "43ce95de",
                    "settings": {
                        "_column_size": "50",
                        "_inline_size": "",
                        "content_position": "center",
                        "_inline_size_mobile": "62"
                    },
                    "elements": [
                        {
                            "id": "6a89e9cb",
                            "settings": {
                                "text": "CREATE ACCOUNT",
                                "align": "right",
                                "size": "md",
                                "typography_typography": "custom",
                                "typography_font_family": "Poppins",
                                "typography_font_size": {
                                    "unit": "px",
                                    "size": "16",
                                    "sizes": []
                                },
                                "typography_font_weight": "400",
                                "typography_letter_spacing": {
                                    "unit": "px",
                                    "size": "0.52",
                                    "sizes": []
                                },
                                "button_text_color": "#010265",
                                "background_color": "rgba(2, 1, 1, 0)",
                                "hover_color": "#FFFFFF",
                                "button_background_hover_color": "#010265",
                                "button_hover_border_color": "#010265",
                                "hover_animation": "shrink",
                                "border_border": "solid",
                                "border_width": {
                                    "unit": "px",
                                    "top": "2",
                                    "right": "2",
                                    "bottom": "2",
                                    "left": "2",
                                    "isLinked": "1"
                                },
                                "text_padding": {
                                    "unit": "px",
                                    "top": "018",
                                    "right": "024",
                                    "bottom": "018",
                                    "left": "024",
                                    "isLinked": ""
                                }
                            },
                            "elements": [],
                            "isInner": false,
                            "widgetType": "button",
                            "elType": "widget"
                        }
                    ],
                    "isInner": "",
                    "elType": "column"
                }
            ],
            "isInner": "",
            "elType": "section"
        }
    ]
}