{
    "version": "0.4",
    "title": "Default Kit",
    "type": "section",
    "metadata": {
        "template_type": "global-styles",
        "include_in_zip": "1",
        "elementor_pro_required": null,
        "additional_template_information": [
            "These are the global theme styles configured through the Elementor Theme Styles area."
        ],
        "wp_page_template": "default"
    },
    "content": [],
    "page_settings": {
        "body_color": "rgba(18, 18, 18, 0.67)",
        "body_typography_typography": "custom",
        "body_typography_font_family": "Poppins",
        "body_typography_font_size": {
            "unit": "px",
            "size": "16",
            "sizes": []
        },
        "body_typography_font_weight": "300",
        "body_typography_line_height": {
            "unit": "px",
            "size": "38",
            "sizes": []
        },
        "h1_color": "#010265",
        "h1_typography_typography": "custom",
        "h1_typography_font_family": "Playfair Display",
        "h1_typography_font_size": {
            "unit": "px",
            "size": "50",
            "sizes": []
        },
        "h1_typography_font_weight": "600",
        "h2_color": "#010265",
        "h2_typography_typography": "custom",
        "h2_typography_font_family": "Playfair Display",
        "h2_typography_font_size": {
            "unit": "px",
            "size": "50",
            "sizes": []
        },
        "h2_typography_font_weight": "600",
        "h3_color": "#010265",
        "h3_typography_typography": "custom",
        "h3_typography_font_family": "Playfair Display",
        "h3_typography_font_size": {
            "unit": "px",
            "size": "45",
            "sizes": []
        },
        "h3_typography_font_weight": "600",
        "h4_color": "#010265",
        "h4_typography_typography": "custom",
        "h4_typography_font_family": "Playfair Display",
        "h4_typography_font_size": {
            "unit": "px",
            "size": "40",
            "sizes": []
        },
        "h4_typography_font_weight": "600",
        "h5_color": "#010265",
        "h5_typography_typography": "custom",
        "h5_typography_font_family": "Playfair Display",
        "h5_typography_font_size": {
            "unit": "px",
            "size": "35",
            "sizes": []
        },
        "h5_typography_font_weight": "600",
        "h6_color": "#010265",
        "h6_typography_typography": "custom",
        "h6_typography_font_family": "Playfair Display",
        "h6_typography_font_size": {
            "unit": "px",
            "size": "30",
            "sizes": []
        },
        "h6_typography_font_weight": "600",
        "button_typography_typography": "custom",
        "button_typography_font_family": "Poppins",
        "button_typography_font_size": {
            "unit": "px",
            "size": "16",
            "sizes": []
        },
        "button_typography_font_weight": "500",
        "button_text_color": "#FFFFFF",
        "button_background_color": "#FC9A00",
        "button_hover_background_color": "#010265",
        "button_padding": {
            "unit": "px",
            "top": "20",
            "right": "36",
            "bottom": "20",
            "left": "36",
            "isLinked": ""
        }
    }
}