{
    "version": "0.4",
    "title": "Page 02 &#8211; Single Book",
    "type": "page",
    "metadata": {
        "template_type": "single-page",
        "include_in_zip": "1",
        "elementor_pro_required": null,
        "wp_page_template": "elementor_canvas"
    },
    "content": [
        {
            "id": "47c6b6db",
            "settings": {
                "structure": "20",
                "margin": {
                    "unit": "px",
                    "top": "0",
                    "right": "0",
                    "bottom": "0",
                    "left": "0",
                    "isLinked": ""
                },
                "background_background": "classic",
                "background_image": {
                    "url": "https:\/\/templatekit.tokomoo.com\/bookkit\/wp-content\/uploads\/sites\/3\/2020\/02\/ini-3-1.png",
                    "id": "275"
                },
                "background_position": "top center",
                "padding": {
                    "unit": "px",
                    "top": "0100",
                    "right": "0",
                    "bottom": "100",
                    "left": "0",
                    "isLinked": ""
                },
                "margin_mobile": {
                    "unit": "px",
                    "top": "0",
                    "right": "0",
                    "bottom": "0",
                    "left": "0",
                    "isLinked": ""
                },
                "padding_mobile": {
                    "unit": "px",
                    "top": "100",
                    "right": "0",
                    "bottom": "100",
                    "left": "0",
                    "isLinked": ""
                },
                "background_color": "#010165"
            },
            "elements": [
                {
                    "id": "47864e35",
                    "settings": {
                        "_column_size": "50",
                        "padding_mobile": {
                            "unit": "px",
                            "top": "0",
                            "right": "016",
                            "bottom": "0",
                            "left": "016",
                            "isLinked": ""
                        }
                    },
                    "elements": [
                        {
                            "id": "eb37f2e",
                            "settings": {
                                "image": {
                                    "url": "https:\/\/templatekit.tokomoo.com\/bookkit\/wp-content\/uploads\/sites\/3\/2020\/02\/book-1.png",
                                    "id": "266"
                                },
                                "align": "left",
                                "width": {
                                    "unit": "%",
                                    "size": "84",
                                    "sizes": []
                                },
                                "background_hover_transition": {
                                    "unit": "px",
                                    "size": "0.3",
                                    "sizes": []
                                },
                                "hover_animation": "hang",
                                "_margin": {
                                    "unit": "px",
                                    "top": "0",
                                    "right": "0",
                                    "bottom": "0",
                                    "left": "0",
                                    "isLinked": ""
                                },
                                "width_mobile": {
                                    "unit": "%",
                                    "size": "100",
                                    "sizes": []
                                },
                                "space_mobile": {
                                    "unit": "%",
                                    "size": "100",
                                    "sizes": []
                                }
                            },
                            "elements": [],
                            "isInner": false,
                            "widgetType": "image",
                            "elType": "widget"
                        }
                    ],
                    "isInner": "",
                    "elType": "column"
                },
                {
                    "id": "6bd7b3c9",
                    "settings": {
                        "_column_size": "50",
                        "content_position": "center",
                        "padding_mobile": {
                            "unit": "px",
                            "top": "40",
                            "right": "016",
                            "bottom": "0",
                            "left": "016",
                            "isLinked": ""
                        }
                    },
                    "elements": [
                        {
                            "id": "4a7f78b6",
                            "settings": {
                                "title": "Vitaly Friedman",
                                "title_color": "#FFFFFF",
                                "typography_typography": "custom",
                                "typography_font_family": "Poppins",
                                "typography_font_size": {
                                    "unit": "px",
                                    "size": "16",
                                    "sizes": []
                                },
                                "typography_font_weight": "500",
                                "_margin": {
                                    "unit": "px",
                                    "top": "0",
                                    "right": "0",
                                    "bottom": "0",
                                    "left": "0",
                                    "isLinked": ""
                                },
                                "typography_font_size_mobile": {
                                    "unit": "px",
                                    "size": "15",
                                    "sizes": []
                                }
                            },
                            "elements": [],
                            "isInner": false,
                            "widgetType": "heading",
                            "elType": "widget"
                        },
                        {
                            "id": "6059bdf3",
                            "settings": {
                                "title": "Digital Adaptation",
                                "title_color": "#FFFFFF",
                                "typography_typography": "custom",
                                "typography_font_family": "Playfair Display",
                                "typography_font_size": {
                                    "unit": "px",
                                    "size": "50",
                                    "sizes": []
                                },
                                "typography_font_weight": "600",
                                "text_shadow_text_shadow_type": "yes",
                                "text_shadow_text_shadow": {
                                    "horizontal": "0",
                                    "vertical": "0",
                                    "blur": "0",
                                    "color": "rgba(0,0,0,0.3)"
                                },
                                "_margin": {
                                    "unit": "px",
                                    "top": "0",
                                    "right": "0",
                                    "bottom": "0",
                                    "left": "0",
                                    "isLinked": ""
                                },
                                "typography_font_size_mobile": {
                                    "unit": "px",
                                    "size": "35",
                                    "sizes": []
                                },
                                "typography_line_height": {
                                    "unit": "em",
                                    "size": "1.2",
                                    "sizes": []
                                }
                            },
                            "elements": [],
                            "isInner": false,
                            "widgetType": "heading",
                            "elType": "widget"
                        },
                        {
                            "id": "4342f22b",
                            "settings": {
                                "title": "$29.90",
                                "title_color": "#FF4D00",
                                "typography_typography": "custom",
                                "typography_font_family": "Playfair Display",
                                "typography_font_size": {
                                    "unit": "px",
                                    "size": "40",
                                    "sizes": []
                                },
                                "typography_font_weight": "600",
                                "text_shadow_text_shadow": {
                                    "horizontal": "0",
                                    "vertical": "0",
                                    "blur": "0",
                                    "color": "rgba(0,0,0,0.3)"
                                },
                                "_margin": {
                                    "unit": "px",
                                    "top": "0",
                                    "right": "0",
                                    "bottom": "0",
                                    "left": "0",
                                    "isLinked": ""
                                },
                                "typography_font_size_mobile": {
                                    "unit": "px",
                                    "size": "35",
                                    "sizes": []
                                },
                                "typography_line_height": {
                                    "unit": "em",
                                    "size": "1.2",
                                    "sizes": []
                                }
                            },
                            "elements": [],
                            "isInner": false,
                            "widgetType": "heading",
                            "elType": "widget"
                        },
                        {
                            "id": "9904073",
                            "settings": {
                                "text": "Contact Us",
                                "align": "left",
                                "typography_typography": "custom",
                                "typography_font_family": "Poppins",
                                "typography_font_size": {
                                    "unit": "px",
                                    "size": "16",
                                    "sizes": []
                                },
                                "typography_font_weight": "500",
                                "button_text_color": "#FFFFFF",
                                "background_color": "#FC9A00",
                                "hover_color": "#010265",
                                "button_background_hover_color": "#FFFFFF",
                                "border_border": "solid",
                                "border_width": {
                                    "unit": "px",
                                    "top": "02",
                                    "right": "02",
                                    "bottom": "02",
                                    "left": "02",
                                    "isLinked": "1"
                                },
                                "border_radius": {
                                    "unit": "px",
                                    "top": "6",
                                    "right": "6",
                                    "bottom": "6",
                                    "left": "6",
                                    "isLinked": "1"
                                },
                                "text_padding": {
                                    "unit": "px",
                                    "top": "020",
                                    "right": "060",
                                    "bottom": "020",
                                    "left": "060",
                                    "isLinked": ""
                                },
                                "_margin": {
                                    "unit": "px",
                                    "top": "40",
                                    "right": "0",
                                    "bottom": "20",
                                    "left": "0",
                                    "isLinked": ""
                                },
                                "align_mobile": "justify",
                                "selected_icon": {
                                    "value": "fas fa-phone-alt",
                                    "library": "fa-solid"
                                },
                                "icon_indent": {
                                    "unit": "px",
                                    "size": "12",
                                    "sizes": []
                                },
                                "border_color": "rgba(2, 1, 1, 0)"
                            },
                            "elements": [],
                            "isInner": false,
                            "widgetType": "button",
                            "elType": "widget"
                        },
                        {
                            "id": "37865a5a",
                            "settings": {
                                "editor": "<p>Lorem ipsum dolor sit amet, consectetur adipiscing elit, sed do eiusmod tempor incididunt ut labore et dolore magna aliqua. Et egestas quis ipsum suspendisse ultrices.<\/p>",
                                "align": "left",
                                "text_color": "rgba(255, 255, 255, 0.75)",
                                "typography_typography": "custom",
                                "typography_font_family": "Poppins",
                                "typography_font_size": {
                                    "unit": "px",
                                    "size": "16",
                                    "sizes": []
                                },
                                "typography_font_weight": "300",
                                "typography_line_height": {
                                    "unit": "px",
                                    "size": "38",
                                    "sizes": []
                                },
                                "_margin": {
                                    "unit": "px",
                                    "top": "0",
                                    "right": "0",
                                    "bottom": "0",
                                    "left": "0",
                                    "isLinked": ""
                                },
                                "typography_font_size_mobile": {
                                    "unit": "px",
                                    "size": "15",
                                    "sizes": []
                                },
                                "typography_line_height_mobile": {
                                    "unit": "em",
                                    "size": "2.2",
                                    "sizes": []
                                },
                                "typography_letter_spacing_mobile": {
                                    "unit": "px",
                                    "size": "0.5",
                                    "sizes": []
                                },
                                "_padding_mobile": {
                                    "unit": "px",
                                    "top": "10",
                                    "right": "0",
                                    "bottom": "0",
                                    "left": "0",
                                    "isLinked": ""
                                }
                            },
                            "elements": [],
                            "isInner": false,
                            "widgetType": "text-editor",
                            "elType": "widget"
                        }
                    ],
                    "isInner": "",
                    "elType": "column"
                }
            ],
            "isInner": "",
            "elType": "section"
        },
        {
            "id": "568b68e9",
            "settings": {
                "background_background": "classic",
                "background_color": "#F7F8FF",
                "border_border": "solid",
                "border_width": {
                    "unit": "px",
                    "top": "1",
                    "right": "1",
                    "bottom": "1",
                    "left": "1",
                    "isLinked": "1"
                },
                "border_color": "#F7F8FF",
                "border_radius": {
                    "unit": "px",
                    "top": "6",
                    "right": "6",
                    "bottom": "6",
                    "left": "6",
                    "isLinked": "1"
                },
                "margin": {
                    "unit": "px",
                    "top": "0",
                    "right": "0",
                    "bottom": "0",
                    "left": "0",
                    "isLinked": ""
                },
                "padding": {
                    "unit": "px",
                    "top": "080",
                    "right": "0",
                    "bottom": "060",
                    "left": "0",
                    "isLinked": ""
                },
                "margin_mobile": {
                    "unit": "px",
                    "top": "0",
                    "right": "0",
                    "bottom": "0",
                    "left": "0",
                    "isLinked": ""
                },
                "padding_mobile": {
                    "unit": "px",
                    "top": "060",
                    "right": "0",
                    "bottom": "060",
                    "left": "0",
                    "isLinked": ""
                }
            },
            "elements": [
                {
                    "id": "58ed190e",
                    "settings": {
                        "_column_size": "100",
                        "margin_mobile": {
                            "unit": "px",
                            "top": "0",
                            "right": "0",
                            "bottom": "0",
                            "left": "0",
                            "isLinked": ""
                        },
                        "padding_mobile": {
                            "unit": "px",
                            "top": "0",
                            "right": "016",
                            "bottom": "0",
                            "left": "016",
                            "isLinked": ""
                        }
                    },
                    "elements": [
                        {
                            "id": "555c6e73",
                            "settings": {
                                "title": "Description",
                                "title_color": "#010265",
                                "typography_typography": "custom",
                                "typography_font_family": "Playfair Display",
                                "typography_font_size": {
                                    "unit": "px",
                                    "size": "35",
                                    "sizes": []
                                },
                                "typography_font_weight": "600",
                                "text_shadow_text_shadow": {
                                    "horizontal": "0",
                                    "vertical": "0",
                                    "blur": "0",
                                    "color": "rgba(0,0,0,0.3)"
                                },
                                "_margin": {
                                    "unit": "px",
                                    "top": "0",
                                    "right": "0",
                                    "bottom": "0",
                                    "left": "0",
                                    "isLinked": ""
                                },
                                "_margin_mobile": {
                                    "unit": "px",
                                    "top": "0",
                                    "right": "0",
                                    "bottom": "0",
                                    "left": "0",
                                    "isLinked": ""
                                },
                                "typography_font_size_mobile": {
                                    "unit": "px",
                                    "size": "35",
                                    "sizes": []
                                },
                                "typography_letter_spacing_mobile": {
                                    "unit": "px",
                                    "size": "0.5",
                                    "sizes": []
                                }
                            },
                            "elements": [],
                            "isInner": false,
                            "widgetType": "heading",
                            "elType": "widget"
                        },
                        {
                            "id": "3cc07cd1",
                            "settings": {
                                "style": "zigzag",
                                "width_mobile": {
                                    "unit": "%",
                                    "size": "20",
                                    "sizes": []
                                },
                                "align_mobile": "left",
                                "text": "Divider",
                                "color": "#FC9A00",
                                "weight": {
                                    "unit": "px",
                                    "size": "2",
                                    "sizes": []
                                },
                                "pattern_size": {
                                    "unit": "px",
                                    "size": "19.5",
                                    "sizes": []
                                },
                                "gap_mobile": {
                                    "unit": "px",
                                    "size": "2",
                                    "sizes": []
                                },
                                "width": {
                                    "unit": "%",
                                    "size": "8",
                                    "sizes": []
                                }
                            },
                            "elements": [],
                            "isInner": false,
                            "widgetType": "divider",
                            "elType": "widget"
                        },
                        {
                            "id": "56ca27c1",
                            "settings": {
                                "editor": "<p>Lorem ipsum dolor sit amet, consectetur adipiscing elit, sed do eiusmod tempor incididunt ut labore et dolore magna aliqua. Ut lectus arcu bibendum at varius vel pharetra. Urna condimentum mattis pellentesque id nibh. Scelerisque viverra mauris in aliquam sem fringilla ut morbi tincidunt. Vitae ultricies leo integer malesuada nunc. Ipsum faucibus vitae aliquet nec ullamcorper sit amet risus. Hendrerit dolor magna eget est lorem ipsum dolor sit.<\/p>",
                                "align": "left",
                                "text_color": "rgba(18, 18, 18, 0.67)",
                                "typography_typography": "custom",
                                "typography_font_family": "Poppins",
                                "typography_font_size": {
                                    "unit": "px",
                                    "size": "16",
                                    "sizes": []
                                },
                                "typography_font_weight": "300",
                                "typography_line_height": {
                                    "unit": "px",
                                    "size": "38",
                                    "sizes": []
                                },
                                "_margin": {
                                    "unit": "px",
                                    "top": "0",
                                    "right": "0",
                                    "bottom": "0",
                                    "left": "0",
                                    "isLinked": ""
                                },
                                "_margin_mobile": {
                                    "unit": "px",
                                    "top": "0",
                                    "right": "0",
                                    "bottom": "0",
                                    "left": "0",
                                    "isLinked": ""
                                },
                                "typography_font_size_mobile": {
                                    "unit": "px",
                                    "size": "15",
                                    "sizes": []
                                },
                                "typography_line_height_mobile": {
                                    "unit": "em",
                                    "size": "2.4",
                                    "sizes": []
                                },
                                "typography_letter_spacing": {
                                    "unit": "px",
                                    "size": "0.5",
                                    "sizes": []
                                },
                                "typography_letter_spacing_mobile": {
                                    "unit": "px",
                                    "size": "0.5",
                                    "sizes": []
                                }
                            },
                            "elements": [],
                            "isInner": false,
                            "widgetType": "text-editor",
                            "elType": "widget"
                        }
                    ],
                    "isInner": "",
                    "elType": "column"
                }
            ],
            "isInner": "",
            "elType": "section"
        },
        {
            "id": "4429ceb9",
            "settings": {
                "structure": "20",
                "background_image": {
                    "url": "https:\/\/templatekit.tokomoo.com\/bookkit\/wp-content\/uploads\/sites\/3\/2020\/02\/bg_white2-1.png",
                    "id": "264"
                },
                "background_position": "center center",
                "padding_mobile": {
                    "unit": "px",
                    "top": "340",
                    "right": "0",
                    "bottom": "60",
                    "left": "0",
                    "isLinked": ""
                },
                "margin_mobile": {
                    "unit": "px",
                    "top": "0",
                    "right": "0",
                    "bottom": "0",
                    "left": "0",
                    "isLinked": ""
                },
                "padding": {
                    "unit": "px",
                    "top": "160",
                    "right": "0",
                    "bottom": "160",
                    "left": "0",
                    "isLinked": ""
                }
            },
            "elements": [
                {
                    "id": "1ea09c9e",
                    "settings": {
                        "_column_size": "50",
                        "content_position": "center",
                        "margin_mobile": {
                            "unit": "px",
                            "top": "0",
                            "right": "0",
                            "bottom": "0",
                            "left": "0",
                            "isLinked": ""
                        },
                        "padding_mobile": {
                            "unit": "px",
                            "top": "0",
                            "right": "016",
                            "bottom": "0",
                            "left": "016",
                            "isLinked": ""
                        }
                    },
                    "elements": [
                        {
                            "id": "3dd3789e",
                            "settings": {
                                "selected_icon": {
                                    "value": "far fa-bookmark",
                                    "library": "fa-regular"
                                },
                                "align": "left",
                                "primary_color": "#F0AD00"
                            },
                            "elements": [],
                            "isInner": false,
                            "widgetType": "icon",
                            "elType": "widget"
                        },
                        {
                            "id": "10916794",
                            "settings": {
                                "title": "The largest Bookstore, Music and movie on the planet.",
                                "title_color": "#010265",
                                "typography_typography": "custom",
                                "typography_font_family": "Playfair Display",
                                "typography_font_size": {
                                    "unit": "px",
                                    "size": "50",
                                    "sizes": []
                                },
                                "typography_font_weight": "600",
                                "text_shadow_text_shadow": {
                                    "horizontal": "0",
                                    "vertical": "0",
                                    "blur": "0",
                                    "color": "rgba(0,0,0,0.3)"
                                },
                                "_margin": {
                                    "unit": "px",
                                    "top": "0",
                                    "right": "0",
                                    "bottom": "040",
                                    "left": "0",
                                    "isLinked": ""
                                },
                                "typography_line_height": {
                                    "unit": "px",
                                    "size": "70",
                                    "sizes": []
                                },
                                "align_mobile": "left",
                                "typography_font_size_mobile": {
                                    "unit": "px",
                                    "size": "30",
                                    "sizes": []
                                },
                                "typography_line_height_mobile": {
                                    "unit": "em",
                                    "size": "1.5",
                                    "sizes": []
                                },
                                "_margin_mobile": {
                                    "unit": "px",
                                    "top": "0",
                                    "right": "0",
                                    "bottom": "0",
                                    "left": "0",
                                    "isLinked": ""
                                },
                                "_padding_mobile": {
                                    "unit": "px",
                                    "top": "0",
                                    "right": "0",
                                    "bottom": "0",
                                    "left": "0",
                                    "isLinked": ""
                                }
                            },
                            "elements": [],
                            "isInner": false,
                            "widgetType": "heading",
                            "elType": "widget"
                        },
                        {
                            "id": "e76c15c",
                            "settings": {
                                "editor": "<p>Lorem ipsum dolor sit amet, consectetur adipiscing elit, sed do eiusmod tempor incididunt ut labore et dolore magna aliqua. Et egestas quis ipsum suspendisse.<\/p>",
                                "align": "left",
                                "text_color": "rgba(18, 18, 18, 0.67)",
                                "typography_typography": "custom",
                                "typography_font_family": "Poppins",
                                "typography_font_size": {
                                    "unit": "px",
                                    "size": "16",
                                    "sizes": []
                                },
                                "typography_font_weight": "300",
                                "typography_line_height": {
                                    "unit": "px",
                                    "size": "38",
                                    "sizes": []
                                },
                                "_margin": {
                                    "unit": "px",
                                    "top": "0",
                                    "right": "0",
                                    "bottom": "0",
                                    "left": "0",
                                    "isLinked": ""
                                },
                                "typography_font_size_mobile": {
                                    "unit": "px",
                                    "size": "15",
                                    "sizes": []
                                },
                                "typography_line_height_mobile": {
                                    "unit": "em",
                                    "size": "2.4",
                                    "sizes": []
                                },
                                "typography_letter_spacing_mobile": {
                                    "unit": "px",
                                    "size": "0",
                                    "sizes": []
                                }
                            },
                            "elements": [],
                            "isInner": false,
                            "widgetType": "text-editor",
                            "elType": "widget"
                        },
                        {
                            "id": "606bf635",
                            "settings": {
                                "text": "Read More",
                                "align": "left",
                                "typography_typography": "custom",
                                "typography_font_family": "Poppins",
                                "typography_font_size": {
                                    "unit": "px",
                                    "size": "16",
                                    "sizes": []
                                },
                                "typography_font_weight": "500",
                                "button_text_color": "#FFFFFF",
                                "background_color": "#FC9A00",
                                "hover_color": "#010265",
                                "button_background_hover_color": "#FFFFFF",
                                "border_border": "solid",
                                "border_width": {
                                    "unit": "px",
                                    "top": "02",
                                    "right": "02",
                                    "bottom": "02",
                                    "left": "02",
                                    "isLinked": "1"
                                },
                                "border_radius": {
                                    "unit": "px",
                                    "top": "6",
                                    "right": "6",
                                    "bottom": "6",
                                    "left": "6",
                                    "isLinked": "1"
                                },
                                "text_padding": {
                                    "unit": "px",
                                    "top": "020",
                                    "right": "040",
                                    "bottom": "020",
                                    "left": "040",
                                    "isLinked": ""
                                },
                                "_margin": {
                                    "unit": "px",
                                    "top": "0",
                                    "right": "0",
                                    "bottom": "0",
                                    "left": "0",
                                    "isLinked": ""
                                },
                                "align_mobile": "left"
                            },
                            "elements": [],
                            "isInner": false,
                            "widgetType": "button",
                            "elType": "widget"
                        }
                    ],
                    "isInner": "",
                    "elType": "column"
                },
                {
                    "id": "afaa018",
                    "settings": {
                        "_column_size": "50",
                        "content_position": "center"
                    },
                    "elements": [
                        {
                            "id": "2d0b4c30",
                            "settings": {
                                "image": {
                                    "url": "https:\/\/templatekit.tokomoo.com\/bookkit\/wp-content\/uploads\/sites\/3\/2020\/03\/dekstop.png",
                                    "id": "354"
                                },
                                "align": "right",
                                "width": {
                                    "unit": "%",
                                    "size": "100",
                                    "sizes": []
                                },
                                "width_mobile": {
                                    "unit": "%",
                                    "size": "100",
                                    "sizes": []
                                },
                                "space_mobile": {
                                    "unit": "%",
                                    "size": "100",
                                    "sizes": []
                                },
                                "_element_width_mobile": "initial",
                                "_element_custom_width_mobile": {
                                    "unit": "px",
                                    "size": "332"
                                },
                                "_position": "absolute",
                                "_offset_x": {
                                    "size": "9",
                                    "unit": "px"
                                },
                                "_offset_x_mobile": {
                                    "size": "3",
                                    "unit": "px"
                                },
                                "_offset_y": {
                                    "size": "102",
                                    "unit": "px"
                                },
                                "_offset_y_mobile": {
                                    "size": "-830",
                                    "unit": "px"
                                }
                            },
                            "elements": [],
                            "isInner": false,
                            "widgetType": "image",
                            "elType": "widget"
                        }
                    ],
                    "isInner": "",
                    "elType": "column"
                }
            ],
            "isInner": "",
            "elType": "section"
        },
        {
            "id": "11a006",
            "settings": {
                "structure": "20",
                "background_background": "classic",
                "background_image": {
                    "url": "https:\/\/templatekit.tokomoo.com\/bookkit\/wp-content\/uploads\/sites\/3\/2020\/02\/bg_author1-1.png",
                    "id": "205"
                },
                "margin": {
                    "unit": "px",
                    "top": "",
                    "right": "0",
                    "bottom": "",
                    "left": "0",
                    "isLinked": "1"
                },
                "padding": {
                    "unit": "px",
                    "top": "080",
                    "right": "0",
                    "bottom": "120",
                    "left": "0",
                    "isLinked": ""
                },
                "background_position_mobile": "top right",
                "margin_mobile": {
                    "unit": "px",
                    "top": "0",
                    "right": "0",
                    "bottom": "0",
                    "left": "0",
                    "isLinked": ""
                },
                "background_position": "center center",
                "background_size": "cover",
                "padding_mobile": {
                    "unit": "px",
                    "top": "460",
                    "right": "0",
                    "bottom": "60",
                    "left": "0",
                    "isLinked": ""
                }
            },
            "elements": [
                {
                    "id": "1a659679",
                    "settings": {
                        "_column_size": "50",
                        "_inline_size": "64.737",
                        "content_position": "center",
                        "margin_mobile": {
                            "unit": "px",
                            "top": "0",
                            "right": "0",
                            "bottom": "20",
                            "left": "0",
                            "isLinked": ""
                        },
                        "padding_mobile": {
                            "unit": "px",
                            "top": "0",
                            "right": "0",
                            "bottom": "0",
                            "left": "0",
                            "isLinked": ""
                        }
                    },
                    "elements": [
                        {
                            "id": "2ddbd27",
                            "settings": {
                                "image": {
                                    "url": "https:\/\/templatekit.tokomoo.com\/bookkit\/wp-content\/uploads\/sites\/3\/2020\/03\/Space-Book-Concept-.png",
                                    "id": "1414"
                                },
                                "align": "right",
                                "hover_animation": "hang",
                                "_margin_mobile": {
                                    "unit": "px",
                                    "top": "0",
                                    "right": "0",
                                    "bottom": "0",
                                    "left": "0",
                                    "isLinked": ""
                                },
                                "_padding_mobile": {
                                    "unit": "px",
                                    "top": "0",
                                    "right": "0",
                                    "bottom": "0",
                                    "left": "0",
                                    "isLinked": ""
                                },
                                "align_mobile": "left",
                                "width": {
                                    "unit": "%",
                                    "size": "100",
                                    "sizes": []
                                },
                                "space": {
                                    "unit": "%",
                                    "size": "100",
                                    "sizes": []
                                },
                                "_element_width": "initial",
                                "_element_width_mobile": "initial",
                                "_element_custom_width": {
                                    "unit": "px",
                                    "size": "324"
                                },
                                "_element_custom_width_mobile": {
                                    "unit": "px",
                                    "size": "326"
                                },
                                "_position": "absolute",
                                "_offset_x": {
                                    "size": "338",
                                    "unit": "px"
                                },
                                "_offset_x_mobile": {
                                    "size": "13",
                                    "unit": "px"
                                },
                                "_offset_y": {
                                    "size": "51",
                                    "unit": "px"
                                },
                                "_offset_y_mobile": {
                                    "size": "-345",
                                    "unit": "px"
                                }
                            },
                            "elements": [],
                            "isInner": false,
                            "widgetType": "image",
                            "elType": "widget"
                        }
                    ],
                    "isInner": "",
                    "elType": "column"
                },
                {
                    "id": "6ef3a4c2",
                    "settings": {
                        "_column_size": "50",
                        "_inline_size": "34.785",
                        "padding_mobile": {
                            "unit": "px",
                            "top": "010",
                            "right": "016",
                            "bottom": "0",
                            "left": "016",
                            "isLinked": ""
                        }
                    },
                    "elements": [
                        {
                            "id": "4a2d7763",
                            "settings": {
                                "title": "Patrick Wiegand",
                                "title_color": "#010265",
                                "typography_typography": "custom",
                                "typography_font_family": "Playfair Display",
                                "typography_font_size": {
                                    "unit": "px",
                                    "size": "50",
                                    "sizes": []
                                },
                                "typography_font_weight": "600",
                                "text_shadow_text_shadow": {
                                    "horizontal": "0",
                                    "vertical": "0",
                                    "blur": "0",
                                    "color": "rgba(0,0,0,0.3)"
                                },
                                "_margin": {
                                    "unit": "px",
                                    "top": "0",
                                    "right": "0",
                                    "bottom": "0",
                                    "left": "0",
                                    "isLinked": ""
                                },
                                "typography_line_height": {
                                    "unit": "px",
                                    "size": "70",
                                    "sizes": []
                                },
                                "typography_font_size_mobile": {
                                    "unit": "px",
                                    "size": "35",
                                    "sizes": []
                                },
                                "typography_line_height_mobile": {
                                    "unit": "em",
                                    "size": "1",
                                    "sizes": []
                                }
                            },
                            "elements": [],
                            "isInner": false,
                            "widgetType": "heading",
                            "elType": "widget"
                        },
                        {
                            "id": "4cb1583b",
                            "settings": {
                                "title": "Album of the year 2016",
                                "title_color": "rgba(18, 18, 18, 0.71)",
                                "typography_typography": "custom",
                                "typography_font_family": "Poppins",
                                "typography_font_size": {
                                    "unit": "px",
                                    "size": "16",
                                    "sizes": []
                                },
                                "typography_font_weight": "400",
                                "_margin": {
                                    "unit": "px",
                                    "top": "0",
                                    "right": "0",
                                    "bottom": "040",
                                    "left": "0",
                                    "isLinked": ""
                                },
                                "_margin_mobile": {
                                    "unit": "px",
                                    "top": "0",
                                    "right": "0",
                                    "bottom": "0",
                                    "left": "0",
                                    "isLinked": ""
                                },
                                "_padding_mobile": {
                                    "unit": "px",
                                    "top": "0",
                                    "right": "0",
                                    "bottom": "10",
                                    "left": "0",
                                    "isLinked": ""
                                }
                            },
                            "elements": [],
                            "isInner": false,
                            "widgetType": "heading",
                            "elType": "widget"
                        },
                        {
                            "id": "4fcf4ada",
                            "settings": {
                                "editor": "<p>Lorem ipsum dolor sit amet, consectetur adipiscing elit, sed do eiusmod tempor incididunt ut labore et dolore magna aliqua. Et egestas quis ipsum suspendisse ultrices gravida dictum fusce ut.<\/p>",
                                "align": "left",
                                "text_color": "rgba(18, 18, 18, 0.67)",
                                "typography_typography": "custom",
                                "typography_font_family": "Poppins",
                                "typography_font_size": {
                                    "unit": "px",
                                    "size": "16",
                                    "sizes": []
                                },
                                "typography_font_weight": "300",
                                "typography_line_height": {
                                    "unit": "px",
                                    "size": "38",
                                    "sizes": []
                                },
                                "_margin": {
                                    "unit": "px",
                                    "top": "0",
                                    "right": "0",
                                    "bottom": "0",
                                    "left": "0",
                                    "isLinked": ""
                                },
                                "typography_font_size_mobile": {
                                    "unit": "px",
                                    "size": "15",
                                    "sizes": []
                                },
                                "typography_line_height_mobile": {
                                    "unit": "em",
                                    "size": "2.4",
                                    "sizes": []
                                },
                                "typography_letter_spacing_mobile": {
                                    "unit": "px",
                                    "size": "0.1",
                                    "sizes": []
                                }
                            },
                            "elements": [],
                            "isInner": false,
                            "widgetType": "text-editor",
                            "elType": "widget"
                        },
                        {
                            "id": "2b71d9d7",
                            "settings": {
                                "text": "View Books",
                                "align": "left",
                                "typography_typography": "custom",
                                "typography_font_family": "Poppins",
                                "typography_font_size": {
                                    "unit": "px",
                                    "size": "16",
                                    "sizes": []
                                },
                                "typography_font_weight": "500",
                                "button_text_color": "#FFFFFF",
                                "background_color": "#FC9A00",
                                "hover_color": "#010265",
                                "button_background_hover_color": "#FFFFFF",
                                "border_border": "solid",
                                "border_width": {
                                    "unit": "px",
                                    "top": "02",
                                    "right": "02",
                                    "bottom": "02",
                                    "left": "02",
                                    "isLinked": "1"
                                },
                                "border_radius": {
                                    "unit": "px",
                                    "top": "6",
                                    "right": "6",
                                    "bottom": "6",
                                    "left": "6",
                                    "isLinked": "1"
                                },
                                "text_padding": {
                                    "unit": "px",
                                    "top": "020",
                                    "right": "040",
                                    "bottom": "020",
                                    "left": "040",
                                    "isLinked": ""
                                },
                                "_margin": {
                                    "unit": "px",
                                    "top": "020",
                                    "right": "0",
                                    "bottom": "0",
                                    "left": "0",
                                    "isLinked": ""
                                },
                                "_margin_mobile": {
                                    "unit": "px",
                                    "top": "0",
                                    "right": "0",
                                    "bottom": "0",
                                    "left": "0",
                                    "isLinked": ""
                                }
                            },
                            "elements": [],
                            "isInner": false,
                            "widgetType": "button",
                            "elType": "widget"
                        }
                    ],
                    "isInner": "",
                    "elType": "column"
                }
            ],
            "isInner": "",
            "elType": "section"
        },
        {
            "id": "e2f7595",
            "settings": {
                "background_background": "classic",
                "background_color": "#F7F9FF",
                "background_image": {
                    "url": "https:\/\/templatekit.tokomoo.com\/bookkit\/wp-content\/uploads\/sites\/3\/2020\/02\/bg_white2-1.png",
                    "id": "264"
                },
                "margin": {
                    "unit": "px",
                    "top": "0",
                    "right": "0",
                    "bottom": "0",
                    "left": "0",
                    "isLinked": ""
                },
                "padding": {
                    "unit": "px",
                    "top": "0180",
                    "right": "0",
                    "bottom": "0160",
                    "left": "0",
                    "isLinked": ""
                },
                "background_overlay_background": "classic",
                "background_overlay_opacity": {
                    "unit": "px",
                    "size": "0.87",
                    "sizes": []
                },
                "background_position": "center center",
                "background_size": "cover",
                "margin_mobile": {
                    "unit": "px",
                    "top": "0",
                    "right": "0",
                    "bottom": "0",
                    "left": "0",
                    "isLinked": ""
                },
                "padding_mobile": {
                    "unit": "px",
                    "top": "0140",
                    "right": "0",
                    "bottom": "100",
                    "left": "0",
                    "isLinked": ""
                }
            },
            "elements": [
                {
                    "id": "4ca7e55",
                    "settings": {
                        "_column_size": "100",
                        "content_position": "center",
                        "padding_mobile": {
                            "unit": "px",
                            "top": "0",
                            "right": "016",
                            "bottom": "0",
                            "left": "016",
                            "isLinked": ""
                        }
                    },
                    "elements": [
                        {
                            "id": "70aaa90e",
                            "settings": {
                                "image": {
                                    "url": "https:\/\/templatekit.tokomoo.com\/bookkit\/wp-content\/uploads\/sites\/3\/2020\/03\/people.png",
                                    "id": "350"
                                },
                                "width": {
                                    "unit": "px",
                                    "size": "120",
                                    "sizes": []
                                },
                                "width_mobile": {
                                    "unit": "px",
                                    "size": "100",
                                    "sizes": []
                                },
                                "_padding_mobile": {
                                    "unit": "px",
                                    "top": "0",
                                    "right": "0",
                                    "bottom": "20",
                                    "left": "0",
                                    "isLinked": ""
                                }
                            },
                            "elements": [],
                            "isInner": false,
                            "widgetType": "image",
                            "elType": "widget"
                        },
                        {
                            "id": "5b8274f7",
                            "settings": {
                                "editor": "<p>Lorem ipsum dolor sit amet, consectetur adipiscing elit, sed do eiusmod tempor incididunt ut labore et dolore magna aliqua. Et egestas quis ipsum suspendisse ultrices gravida dictum fusce ut. Rhoncus est pellentesque elit ullamcorper dignissim cras tincidunt lobortis. Aliquam ut porttitor leo a diam sollicitudin. In vitae turpis massa sed.<br><\/p>",
                                "align": "center",
                                "text_color": "rgba(18, 18, 18, 0.67)",
                                "typography_typography": "custom",
                                "typography_font_family": "Poppins",
                                "typography_font_size": {
                                    "unit": "px",
                                    "size": "18",
                                    "sizes": []
                                },
                                "typography_font_weight": "300",
                                "typography_line_height": {
                                    "unit": "px",
                                    "size": "36",
                                    "sizes": []
                                },
                                "_margin": {
                                    "unit": "px",
                                    "top": "040",
                                    "right": "020",
                                    "bottom": "0",
                                    "left": "020",
                                    "isLinked": ""
                                },
                                "_margin_mobile": {
                                    "unit": "px",
                                    "top": "0",
                                    "right": "0",
                                    "bottom": "0",
                                    "left": "0",
                                    "isLinked": ""
                                },
                                "typography_font_size_mobile": {
                                    "unit": "px",
                                    "size": "16",
                                    "sizes": []
                                },
                                "typography_line_height_mobile": {
                                    "unit": "em",
                                    "size": "2.2",
                                    "sizes": []
                                },
                                "typography_letter_spacing_mobile": {
                                    "unit": "px",
                                    "size": "0.5",
                                    "sizes": []
                                }
                            },
                            "elements": [],
                            "isInner": false,
                            "widgetType": "text-editor",
                            "elType": "widget"
                        },
                        {
                            "id": "4c4fdfcf",
                            "settings": {
                                "title": "BRIAN LEMINGTON",
                                "title_color": "#121212",
                                "typography_typography": "custom",
                                "typography_font_family": "Poppins",
                                "typography_font_size": {
                                    "unit": "px",
                                    "size": "18",
                                    "sizes": []
                                },
                                "typography_font_weight": "600",
                                "_margin": {
                                    "unit": "px",
                                    "top": "020",
                                    "right": "0",
                                    "bottom": "0",
                                    "left": "0",
                                    "isLinked": ""
                                },
                                "align": "center"
                            },
                            "elements": [],
                            "isInner": false,
                            "widgetType": "heading",
                            "elType": "widget"
                        },
                        {
                            "id": "5affa1ec",
                            "settings": {
                                "title": "Lead Manager",
                                "title_color": "#121212",
                                "typography_typography": "custom",
                                "typography_font_family": "Poppins",
                                "typography_font_size": {
                                    "unit": "px",
                                    "size": "14",
                                    "sizes": []
                                },
                                "typography_font_weight": "400",
                                "_margin": {
                                    "unit": "px",
                                    "top": "0",
                                    "right": "0",
                                    "bottom": "0",
                                    "left": "0",
                                    "isLinked": ""
                                },
                                "align": "center"
                            },
                            "elements": [],
                            "isInner": false,
                            "widgetType": "heading",
                            "elType": "widget"
                        }
                    ],
                    "isInner": "",
                    "elType": "column"
                }
            ],
            "isInner": "",
            "elType": "section"
        },
        {
            "id": "6ed480ea",
            "settings": {
                "structure": "20",
                "background_background": "classic",
                "background_color": "#F7F8FF",
                "padding": {
                    "unit": "px",
                    "top": "60",
                    "right": "0",
                    "bottom": "60",
                    "left": "0",
                    "isLinked": ""
                },
                "margin": {
                    "unit": "px",
                    "top": "0",
                    "right": "0",
                    "bottom": "0",
                    "left": "0",
                    "isLinked": ""
                },
                "margin_mobile": {
                    "unit": "px",
                    "top": "0",
                    "right": "0",
                    "bottom": "0",
                    "left": "0",
                    "isLinked": ""
                }
            },
            "elements": [
                {
                    "id": "41af0bc9",
                    "settings": {
                        "_column_size": "50",
                        "padding_mobile": {
                            "unit": "px",
                            "top": "16",
                            "right": "16",
                            "bottom": "16",
                            "left": "16",
                            "isLinked": "1"
                        }
                    },
                    "elements": [
                        {
                            "id": "31ae4d84",
                            "settings": {
                                "title": "Twenty Five <br>Awesome Books",
                                "title_color": "#000000",
                                "typography_typography": "custom",
                                "typography_font_family": "Playfair Display",
                                "typography_font_size": {
                                    "unit": "px",
                                    "size": "45",
                                    "sizes": []
                                },
                                "typography_font_weight": "bold",
                                "typography_letter_spacing": {
                                    "unit": "px",
                                    "size": "0.3",
                                    "sizes": []
                                },
                                "typography_line_height": {
                                    "unit": "px",
                                    "size": "50",
                                    "sizes": []
                                },
                                "align_mobile": "center",
                                "typography_font_size_mobile": {
                                    "unit": "px",
                                    "size": "35",
                                    "sizes": []
                                }
                            },
                            "elements": [],
                            "isInner": false,
                            "widgetType": "heading",
                            "elType": "widget"
                        }
                    ],
                    "isInner": "",
                    "elType": "column"
                },
                {
                    "id": "68d0adb0",
                    "settings": {
                        "_column_size": "50",
                        "content_position": "center",
                        "margin": {
                            "unit": "px",
                            "top": "0",
                            "right": "0",
                            "bottom": "0",
                            "left": "0",
                            "isLinked": "1"
                        },
                        "padding": {
                            "unit": "px",
                            "top": "0",
                            "right": "0",
                            "bottom": "0",
                            "left": "0210",
                            "isLinked": ""
                        },
                        "margin_mobile": {
                            "unit": "px",
                            "top": "0",
                            "right": "0",
                            "bottom": "0",
                            "left": "0",
                            "isLinked": ""
                        },
                        "padding_mobile": {
                            "unit": "px",
                            "top": "0",
                            "right": "0",
                            "bottom": "0",
                            "left": "016",
                            "isLinked": ""
                        }
                    },
                    "elements": [
                        {
                            "id": "556e9d8b",
                            "settings": {
                                "text": "Get It Now",
                                "align": "justify",
                                "typography_typography": "custom",
                                "typography_font_family": "Poppins",
                                "typography_font_size": {
                                    "unit": "px",
                                    "size": "16",
                                    "sizes": []
                                },
                                "typography_font_weight": "500",
                                "button_text_color": "#FFFFFF",
                                "background_color": "#FC9A00",
                                "hover_color": "#010265",
                                "button_background_hover_color": "#FFFFFF",
                                "border_border": "solid",
                                "border_width": {
                                    "unit": "px",
                                    "top": "02",
                                    "right": "02",
                                    "bottom": "02",
                                    "left": "02",
                                    "isLinked": "1"
                                },
                                "border_radius": {
                                    "unit": "px",
                                    "top": "6",
                                    "right": "6",
                                    "bottom": "6",
                                    "left": "6",
                                    "isLinked": "1"
                                },
                                "text_padding": {
                                    "unit": "px",
                                    "top": "020",
                                    "right": "040",
                                    "bottom": "020",
                                    "left": "040",
                                    "isLinked": ""
                                },
                                "_margin": {
                                    "unit": "px",
                                    "top": "0",
                                    "right": "0",
                                    "bottom": "0",
                                    "left": "0",
                                    "isLinked": ""
                                },
                                "_margin_mobile": {
                                    "unit": "px",
                                    "top": "0",
                                    "right": "14",
                                    "bottom": "0",
                                    "left": "0",
                                    "isLinked": ""
                                }
                            },
                            "elements": [],
                            "isInner": false,
                            "widgetType": "button",
                            "elType": "widget"
                        }
                    ],
                    "isInner": "",
                    "elType": "column"
                }
            ],
            "isInner": "",
            "elType": "section"
        },
        {
            "id": "1eab53bd",
            "settings": {
                "background_background": "classic",
                "background_color": "#F7F8FF"
            },
            "elements": [
                {
                    "id": "10f5d7e7",
                    "settings": {
                        "_column_size": "100"
                    },
                    "elements": [
                        {
                            "id": "48f603fa",
                            "settings": {
                                "space": {
                                    "unit": "px",
                                    "size": "1",
                                    "sizes": []
                                },
                                "_background_background": "classic",
                                "_background_color": "rgba(122, 122, 122, 0.12)"
                            },
                            "elements": [],
                            "isInner": false,
                            "widgetType": "spacer",
                            "elType": "widget"
                        }
                    ],
                    "isInner": "",
                    "elType": "column"
                }
            ],
            "isInner": "",
            "elType": "section"
        }
    ]
}