{
    "version": "0.4",
    "title": "Page 03 &#8211; Single Video",
    "type": "page",
    "metadata": {
        "template_type": "single-page",
        "include_in_zip": "1",
        "elementor_pro_required": null,
        "wp_page_template": "elementor_canvas"
    },
    "content": [
        {
            "id": "151185b4",
            "settings": {
                "structure": "20",
                "margin": {
                    "unit": "px",
                    "top": "0",
                    "right": "0",
                    "bottom": "0",
                    "left": "0",
                    "isLinked": ""
                },
                "background_image": {
                    "url": "https:\/\/templatekit.tokomoo.com\/bookkit\/wp-content\/uploads\/sites\/3\/2020\/02\/bg_white-3.png",
                    "id": "37"
                },
                "background_position": "bottom center",
                "padding": {
                    "unit": "px",
                    "top": "0120",
                    "right": "0",
                    "bottom": "160",
                    "left": "0",
                    "isLinked": ""
                },
                "background_repeat": "no-repeat",
                "margin_mobile": {
                    "unit": "px",
                    "top": "0",
                    "right": "0",
                    "bottom": "0",
                    "left": "0",
                    "isLinked": ""
                },
                "padding_mobile": {
                    "unit": "px",
                    "top": "100",
                    "right": "0",
                    "bottom": "100",
                    "left": "0",
                    "isLinked": ""
                }
            },
            "elements": [
                {
                    "id": "30690282",
                    "settings": {
                        "_column_size": "50",
                        "padding_mobile": {
                            "unit": "px",
                            "top": "0",
                            "right": "016",
                            "bottom": "0",
                            "left": "016",
                            "isLinked": ""
                        }
                    },
                    "elements": [
                        {
                            "id": "66e674a2",
                            "settings": {
                                "image": {
                                    "url": "https:\/\/templatekit.tokomoo.com\/bookkit\/wp-content\/uploads\/sites\/3\/2020\/02\/book_1.png",
                                    "id": "19"
                                },
                                "align": "left",
                                "width": {
                                    "unit": "%",
                                    "size": "84",
                                    "sizes": []
                                },
                                "background_hover_transition": {
                                    "unit": "px",
                                    "size": "0.3",
                                    "sizes": []
                                },
                                "hover_animation": "hang",
                                "_margin": {
                                    "unit": "px",
                                    "top": "0",
                                    "right": "0",
                                    "bottom": "0",
                                    "left": "0",
                                    "isLinked": ""
                                },
                                "width_mobile": {
                                    "unit": "%",
                                    "size": "100",
                                    "sizes": []
                                },
                                "space_mobile": {
                                    "unit": "%",
                                    "size": "100",
                                    "sizes": []
                                }
                            },
                            "elements": [],
                            "isInner": false,
                            "widgetType": "image",
                            "elType": "widget"
                        }
                    ],
                    "isInner": "",
                    "elType": "column"
                },
                {
                    "id": "66088ea2",
                    "settings": {
                        "_column_size": "50",
                        "content_position": "center",
                        "padding_mobile": {
                            "unit": "px",
                            "top": "40",
                            "right": "016",
                            "bottom": "0",
                            "left": "016",
                            "isLinked": ""
                        }
                    },
                    "elements": [
                        {
                            "id": "59b0f9cc",
                            "settings": {
                                "title": "Batman vs Superman: Dawn of Justice",
                                "title_color": "#010265",
                                "typography_typography": "custom",
                                "typography_font_family": "Playfair Display",
                                "typography_font_size": {
                                    "unit": "px",
                                    "size": "50",
                                    "sizes": []
                                },
                                "typography_font_weight": "600",
                                "text_shadow_text_shadow": {
                                    "horizontal": "0",
                                    "vertical": "0",
                                    "blur": "0",
                                    "color": "rgba(0,0,0,0.3)"
                                },
                                "_margin": {
                                    "unit": "px",
                                    "top": "0",
                                    "right": "0",
                                    "bottom": "0",
                                    "left": "0",
                                    "isLinked": ""
                                },
                                "typography_font_size_mobile": {
                                    "unit": "px",
                                    "size": "35",
                                    "sizes": []
                                },
                                "typography_line_height_mobile": {
                                    "unit": "em",
                                    "size": "1.5",
                                    "sizes": []
                                },
                                "typography_letter_spacing_mobile": {
                                    "unit": "px",
                                    "size": "0.5",
                                    "sizes": []
                                }
                            },
                            "elements": [],
                            "isInner": false,
                            "widgetType": "heading",
                            "elType": "widget"
                        },
                        {
                            "id": "403f381c",
                            "settings": {
                                "editor": "<p>Lorem ipsum dolor sit amet, consectetur adipiscing elit, sed do eiusmod tempor incididunt ut labore et dolore magna aliqua. Dui accumsan sit amet nulla facilisi morbi tempus iaculis urna. Neque laoreet suspendisse interdum consectetur libero. Magna fermentum iaculis eu non diam. Rhoncus dolor purus non enim praesent elementum facilisis leo vel. Scelerisque felis imperdiet proin fermentum leo vel orci. Justo eget magna fermentum iaculis eu non diam phasellus vestibulum.<\/p>",
                                "align": "left",
                                "text_color": "rgba(18, 18, 18, 0.67)",
                                "typography_typography": "custom",
                                "typography_font_family": "Poppins",
                                "typography_font_size": {
                                    "unit": "px",
                                    "size": "16",
                                    "sizes": []
                                },
                                "typography_font_weight": "300",
                                "typography_line_height": {
                                    "unit": "px",
                                    "size": "38",
                                    "sizes": []
                                },
                                "_margin": {
                                    "unit": "px",
                                    "top": "0",
                                    "right": "0",
                                    "bottom": "0",
                                    "left": "0",
                                    "isLinked": ""
                                },
                                "typography_font_size_mobile": {
                                    "unit": "px",
                                    "size": "15",
                                    "sizes": []
                                },
                                "typography_line_height_mobile": {
                                    "unit": "em",
                                    "size": "2.4",
                                    "sizes": []
                                },
                                "typography_letter_spacing_mobile": {
                                    "unit": "px",
                                    "size": "0.1",
                                    "sizes": []
                                },
                                "_padding_mobile": {
                                    "unit": "px",
                                    "top": "10",
                                    "right": "0",
                                    "bottom": "0",
                                    "left": "0",
                                    "isLinked": ""
                                }
                            },
                            "elements": [],
                            "isInner": false,
                            "widgetType": "text-editor",
                            "elType": "widget"
                        },
                        {
                            "id": "2651df55",
                            "settings": {
                                "text": "Contact Us",
                                "align": "left",
                                "typography_typography": "custom",
                                "typography_font_family": "Poppins",
                                "typography_font_size": {
                                    "unit": "px",
                                    "size": "16",
                                    "sizes": []
                                },
                                "typography_font_weight": "500",
                                "button_text_color": "#FFFFFF",
                                "background_color": "#FC9A00",
                                "hover_color": "#010265",
                                "button_background_hover_color": "#FFFFFF",
                                "border_border": "solid",
                                "border_width": {
                                    "unit": "px",
                                    "top": "02",
                                    "right": "02",
                                    "bottom": "02",
                                    "left": "02",
                                    "isLinked": "1"
                                },
                                "border_radius": {
                                    "unit": "px",
                                    "top": "6",
                                    "right": "6",
                                    "bottom": "6",
                                    "left": "6",
                                    "isLinked": "1"
                                },
                                "text_padding": {
                                    "unit": "px",
                                    "top": "020",
                                    "right": "060",
                                    "bottom": "020",
                                    "left": "060",
                                    "isLinked": ""
                                },
                                "_margin": {
                                    "unit": "px",
                                    "top": "0",
                                    "right": "0",
                                    "bottom": "0",
                                    "left": "0",
                                    "isLinked": ""
                                },
                                "align_mobile": "justify",
                                "selected_icon": {
                                    "value": "fas fa-phone-alt",
                                    "library": "fa-solid"
                                },
                                "icon_indent": {
                                    "unit": "px",
                                    "size": "12",
                                    "sizes": []
                                }
                            },
                            "elements": [],
                            "isInner": false,
                            "widgetType": "button",
                            "elType": "widget"
                        },
                        {
                            "id": "6159fed5",
                            "settings": {
                                "structure": "20",
                                "margin": {
                                    "unit": "px",
                                    "top": "20",
                                    "right": "0",
                                    "bottom": "0",
                                    "left": "0",
                                    "isLinked": ""
                                }
                            },
                            "elements": [
                                {
                                    "id": "411bab91",
                                    "settings": {
                                        "_column_size": "50",
                                        "_inline_size": "7.636",
                                        "_inline_size_mobile": "35"
                                    },
                                    "elements": [
                                        {
                                            "id": "5010b192",
                                            "settings": {
                                                "title": "SKU:",
                                                "align": "left",
                                                "title_color": "#000000",
                                                "typography_typography": "custom",
                                                "typography_font_family": "Poppins",
                                                "typography_font_size": {
                                                    "unit": "px",
                                                    "size": "18",
                                                    "sizes": []
                                                },
                                                "typography_font_weight": "400",
                                                "_margin": {
                                                    "unit": "px",
                                                    "top": "0",
                                                    "right": "0",
                                                    "bottom": "0",
                                                    "left": "0",
                                                    "isLinked": ""
                                                }
                                            },
                                            "elements": [],
                                            "isInner": false,
                                            "widgetType": "heading",
                                            "elType": "widget"
                                        }
                                    ],
                                    "isInner": "1",
                                    "elType": "column"
                                },
                                {
                                    "id": "563509cb",
                                    "settings": {
                                        "_column_size": "50",
                                        "_inline_size": "92.364",
                                        "_inline_size_mobile": "50"
                                    },
                                    "elements": [
                                        {
                                            "id": "7ddc9cc2",
                                            "settings": {
                                                "title": "12345678",
                                                "align": "left",
                                                "title_color": "rgba(0, 0, 0, 0.51)",
                                                "typography_typography": "custom",
                                                "typography_font_family": "Poppins",
                                                "typography_font_size": {
                                                    "unit": "px",
                                                    "size": "18",
                                                    "sizes": []
                                                },
                                                "typography_font_weight": "400",
                                                "_margin": {
                                                    "unit": "px",
                                                    "top": "0",
                                                    "right": "0",
                                                    "bottom": "0",
                                                    "left": "0",
                                                    "isLinked": ""
                                                },
                                                "typography_font_size_mobile": {
                                                    "unit": "px",
                                                    "size": "16",
                                                    "sizes": []
                                                },
                                                "typography_line_height_mobile": {
                                                    "unit": "em",
                                                    "size": "1.5",
                                                    "sizes": []
                                                }
                                            },
                                            "elements": [],
                                            "isInner": false,
                                            "widgetType": "heading",
                                            "elType": "widget"
                                        }
                                    ],
                                    "isInner": "1",
                                    "elType": "column"
                                }
                            ],
                            "isInner": "1",
                            "elType": "section"
                        },
                        {
                            "id": "7b4eb582",
                            "settings": {
                                "structure": "20",
                                "margin": {
                                    "unit": "px",
                                    "top": "",
                                    "right": "0",
                                    "bottom": "",
                                    "left": "0",
                                    "isLinked": "1"
                                }
                            },
                            "elements": [
                                {
                                    "id": "1a2c148d",
                                    "settings": {
                                        "_column_size": "50",
                                        "_inline_size": "16",
                                        "_inline_size_mobile": "35"
                                    },
                                    "elements": [
                                        {
                                            "id": "41923b71",
                                            "settings": {
                                                "title": "Categori:",
                                                "align": "left",
                                                "title_color": "#000000",
                                                "typography_typography": "custom",
                                                "typography_font_family": "Poppins",
                                                "typography_font_size": {
                                                    "unit": "px",
                                                    "size": "18",
                                                    "sizes": []
                                                },
                                                "typography_font_weight": "400",
                                                "_margin": {
                                                    "unit": "px",
                                                    "top": "0",
                                                    "right": "0",
                                                    "bottom": "0",
                                                    "left": "0",
                                                    "isLinked": ""
                                                }
                                            },
                                            "elements": [],
                                            "isInner": false,
                                            "widgetType": "heading",
                                            "elType": "widget"
                                        }
                                    ],
                                    "isInner": "1",
                                    "elType": "column"
                                },
                                {
                                    "id": "4d2d3c50",
                                    "settings": {
                                        "_column_size": "50",
                                        "_inline_size": "84",
                                        "_inline_size_mobile": "64"
                                    },
                                    "elements": [
                                        {
                                            "id": "1787f178",
                                            "settings": {
                                                "title": "Best Seller, Story, Women",
                                                "align": "left",
                                                "title_color": "rgba(0, 0, 0, 0.51)",
                                                "typography_typography": "custom",
                                                "typography_font_family": "Poppins",
                                                "typography_font_size": {
                                                    "unit": "px",
                                                    "size": "18",
                                                    "sizes": []
                                                },
                                                "typography_font_weight": "400",
                                                "_margin": {
                                                    "unit": "px",
                                                    "top": "0",
                                                    "right": "0",
                                                    "bottom": "0",
                                                    "left": "0",
                                                    "isLinked": ""
                                                },
                                                "typography_font_size_mobile": {
                                                    "unit": "px",
                                                    "size": "16",
                                                    "sizes": []
                                                },
                                                "typography_line_height_mobile": {
                                                    "unit": "em",
                                                    "size": "1.5",
                                                    "sizes": []
                                                }
                                            },
                                            "elements": [],
                                            "isInner": false,
                                            "widgetType": "heading",
                                            "elType": "widget"
                                        }
                                    ],
                                    "isInner": "1",
                                    "elType": "column"
                                }
                            ],
                            "isInner": "1",
                            "elType": "section"
                        },
                        {
                            "id": "59354cf5",
                            "settings": {
                                "structure": "20",
                                "margin": {
                                    "unit": "px",
                                    "top": "",
                                    "right": "0",
                                    "bottom": "",
                                    "left": "0",
                                    "isLinked": "1"
                                }
                            },
                            "elements": [
                                {
                                    "id": "56a8d53",
                                    "settings": {
                                        "_column_size": "50",
                                        "_inline_size": "10.182",
                                        "_inline_size_mobile": "35"
                                    },
                                    "elements": [
                                        {
                                            "id": "293a7a60",
                                            "settings": {
                                                "title": "Tags: ",
                                                "align": "left",
                                                "title_color": "#000000",
                                                "typography_typography": "custom",
                                                "typography_font_family": "Poppins",
                                                "typography_font_size": {
                                                    "unit": "px",
                                                    "size": "18",
                                                    "sizes": []
                                                },
                                                "typography_font_weight": "400",
                                                "_margin": {
                                                    "unit": "px",
                                                    "top": "0",
                                                    "right": "0",
                                                    "bottom": "0",
                                                    "left": "0",
                                                    "isLinked": ""
                                                }
                                            },
                                            "elements": [],
                                            "isInner": false,
                                            "widgetType": "heading",
                                            "elType": "widget"
                                        }
                                    ],
                                    "isInner": "1",
                                    "elType": "column"
                                },
                                {
                                    "id": "288a42eb",
                                    "settings": {
                                        "_column_size": "50",
                                        "_inline_size": "89.818",
                                        "_inline_size_mobile": "60"
                                    },
                                    "elements": [
                                        {
                                            "id": "3605e290",
                                            "settings": {
                                                "title": "Business, Women",
                                                "align": "left",
                                                "title_color": "rgba(0, 0, 0, 0.51)",
                                                "typography_typography": "custom",
                                                "typography_font_family": "Poppins",
                                                "typography_font_size": {
                                                    "unit": "px",
                                                    "size": "18",
                                                    "sizes": []
                                                },
                                                "typography_font_weight": "400",
                                                "_margin": {
                                                    "unit": "px",
                                                    "top": "0",
                                                    "right": "0",
                                                    "bottom": "0",
                                                    "left": "0",
                                                    "isLinked": ""
                                                },
                                                "typography_font_size_mobile": {
                                                    "unit": "px",
                                                    "size": "16",
                                                    "sizes": []
                                                },
                                                "typography_line_height_mobile": {
                                                    "unit": "em",
                                                    "size": "1.5",
                                                    "sizes": []
                                                }
                                            },
                                            "elements": [],
                                            "isInner": false,
                                            "widgetType": "heading",
                                            "elType": "widget"
                                        }
                                    ],
                                    "isInner": "1",
                                    "elType": "column"
                                }
                            ],
                            "isInner": "1",
                            "elType": "section"
                        }
                    ],
                    "isInner": "",
                    "elType": "column"
                }
            ],
            "isInner": "",
            "elType": "section"
        },
        {
            "id": "686b328e",
            "settings": {
                "background_background": "classic",
                "background_color": "#F7F8FF",
                "border_border": "solid",
                "border_width": {
                    "unit": "px",
                    "top": "1",
                    "right": "1",
                    "bottom": "1",
                    "left": "1",
                    "isLinked": "1"
                },
                "border_color": "#F7F8FF",
                "border_radius": {
                    "unit": "px",
                    "top": "6",
                    "right": "6",
                    "bottom": "6",
                    "left": "6",
                    "isLinked": "1"
                },
                "margin": {
                    "unit": "px",
                    "top": "0",
                    "right": "0",
                    "bottom": "0",
                    "left": "0",
                    "isLinked": ""
                },
                "padding": {
                    "unit": "px",
                    "top": "060",
                    "right": "0",
                    "bottom": "060",
                    "left": "0",
                    "isLinked": ""
                },
                "margin_mobile": {
                    "unit": "px",
                    "top": "0",
                    "right": "0",
                    "bottom": "0",
                    "left": "0",
                    "isLinked": ""
                },
                "padding_mobile": {
                    "unit": "px",
                    "top": "060",
                    "right": "0",
                    "bottom": "060",
                    "left": "0",
                    "isLinked": ""
                }
            },
            "elements": [
                {
                    "id": "6f696a3f",
                    "settings": {
                        "_column_size": "100",
                        "margin_mobile": {
                            "unit": "px",
                            "top": "0",
                            "right": "0",
                            "bottom": "0",
                            "left": "0",
                            "isLinked": ""
                        },
                        "padding_mobile": {
                            "unit": "px",
                            "top": "0",
                            "right": "016",
                            "bottom": "0",
                            "left": "016",
                            "isLinked": ""
                        }
                    },
                    "elements": [
                        {
                            "id": "5ce24bb0",
                            "settings": {
                                "title": "Description",
                                "title_color": "#010265",
                                "typography_typography": "custom",
                                "typography_font_family": "Playfair Display",
                                "typography_font_size": {
                                    "unit": "px",
                                    "size": "35",
                                    "sizes": []
                                },
                                "typography_font_weight": "600",
                                "text_shadow_text_shadow": {
                                    "horizontal": "0",
                                    "vertical": "0",
                                    "blur": "0",
                                    "color": "rgba(0,0,0,0.3)"
                                },
                                "_margin": {
                                    "unit": "px",
                                    "top": "0",
                                    "right": "0",
                                    "bottom": "0",
                                    "left": "0",
                                    "isLinked": ""
                                },
                                "_margin_mobile": {
                                    "unit": "px",
                                    "top": "0",
                                    "right": "0",
                                    "bottom": "0",
                                    "left": "0",
                                    "isLinked": ""
                                },
                                "typography_font_size_mobile": {
                                    "unit": "px",
                                    "size": "35",
                                    "sizes": []
                                },
                                "typography_letter_spacing_mobile": {
                                    "unit": "px",
                                    "size": "0.5",
                                    "sizes": []
                                }
                            },
                            "elements": [],
                            "isInner": false,
                            "widgetType": "heading",
                            "elType": "widget"
                        },
                        {
                            "id": "36a626b5",
                            "settings": {
                                "style": "zigzag",
                                "width_mobile": {
                                    "unit": "%",
                                    "size": "20",
                                    "sizes": []
                                },
                                "align_mobile": "left",
                                "text": "Divider",
                                "color": "#FC9A00",
                                "weight": {
                                    "unit": "px",
                                    "size": "2",
                                    "sizes": []
                                },
                                "pattern_size": {
                                    "unit": "px",
                                    "size": "19.5",
                                    "sizes": []
                                },
                                "gap_mobile": {
                                    "unit": "px",
                                    "size": "2",
                                    "sizes": []
                                },
                                "width": {
                                    "unit": "%",
                                    "size": "8",
                                    "sizes": []
                                }
                            },
                            "elements": [],
                            "isInner": false,
                            "widgetType": "divider",
                            "elType": "widget"
                        },
                        {
                            "id": "eac71b4",
                            "settings": {
                                "editor": "<p>Lorem ipsum dolor sit amet, consectetur adipiscing elit, sed do eiusmod tempor incididunt ut labore et dolore magna aliqua. Ut lectus arcu bibendum at varius vel pharetra. Urna condimentum mattis pellentesque id nibh. Scelerisque viverra mauris in aliquam sem fringilla ut morbi tincidunt. Vitae ultricies leo integer malesuada nunc. Ipsum faucibus vitae aliquet nec ullamcorper sit amet risus. Hendrerit dolor magna eget est lorem ipsum dolor sit.<\/p>",
                                "align": "left",
                                "text_color": "rgba(18, 18, 18, 0.67)",
                                "typography_typography": "custom",
                                "typography_font_family": "Poppins",
                                "typography_font_size": {
                                    "unit": "px",
                                    "size": "16",
                                    "sizes": []
                                },
                                "typography_font_weight": "300",
                                "typography_line_height": {
                                    "unit": "px",
                                    "size": "38",
                                    "sizes": []
                                },
                                "_margin": {
                                    "unit": "px",
                                    "top": "0",
                                    "right": "0",
                                    "bottom": "0",
                                    "left": "0",
                                    "isLinked": ""
                                },
                                "_margin_mobile": {
                                    "unit": "px",
                                    "top": "0",
                                    "right": "0",
                                    "bottom": "0",
                                    "left": "0",
                                    "isLinked": ""
                                },
                                "typography_font_size_mobile": {
                                    "unit": "px",
                                    "size": "15",
                                    "sizes": []
                                },
                                "typography_line_height_mobile": {
                                    "unit": "em",
                                    "size": "2.4",
                                    "sizes": []
                                },
                                "typography_letter_spacing": {
                                    "unit": "px",
                                    "size": "0.5",
                                    "sizes": []
                                },
                                "typography_letter_spacing_mobile": {
                                    "unit": "px",
                                    "size": "0.5",
                                    "sizes": []
                                }
                            },
                            "elements": [],
                            "isInner": false,
                            "widgetType": "text-editor",
                            "elType": "widget"
                        }
                    ],
                    "isInner": "",
                    "elType": "column"
                }
            ],
            "isInner": "",
            "elType": "section"
        },
        {
            "id": "4a5210c2",
            "settings": {
                "structure": "20",
                "margin": {
                    "unit": "px",
                    "top": "0",
                    "right": "0",
                    "bottom": "0",
                    "left": "0",
                    "isLinked": ""
                },
                "margin_mobile": {
                    "unit": "px",
                    "top": "0",
                    "right": "0",
                    "bottom": "0",
                    "left": "0",
                    "isLinked": ""
                },
                "padding": {
                    "unit": "px",
                    "top": "160",
                    "right": "0",
                    "bottom": "140",
                    "left": "0",
                    "isLinked": ""
                },
                "padding_mobile": {
                    "unit": "px",
                    "top": "100",
                    "right": "0",
                    "bottom": "100",
                    "left": "0",
                    "isLinked": ""
                }
            },
            "elements": [
                {
                    "id": "4e8dd20c",
                    "settings": {
                        "_column_size": "50",
                        "padding_mobile": {
                            "unit": "px",
                            "top": "0",
                            "right": "016",
                            "bottom": "0",
                            "left": "016",
                            "isLinked": ""
                        }
                    },
                    "elements": [
                        {
                            "id": "2bdcdc88",
                            "settings": {
                                "image": {
                                    "url": "https:\/\/templatekit.tokomoo.com\/bookkit\/wp-content\/uploads\/sites\/3\/2020\/03\/books.png",
                                    "id": "1137"
                                }
                            },
                            "elements": [],
                            "isInner": false,
                            "widgetType": "image",
                            "elType": "widget"
                        }
                    ],
                    "isInner": "",
                    "elType": "column"
                },
                {
                    "id": "4c0f41e4",
                    "settings": {
                        "_column_size": "50",
                        "content_position": "center",
                        "margin": {
                            "unit": "px",
                            "top": "0",
                            "right": "0",
                            "bottom": "0",
                            "left": "40",
                            "isLinked": ""
                        },
                        "margin_mobile": {
                            "unit": "px",
                            "top": "0",
                            "right": "0",
                            "bottom": "0",
                            "left": "0",
                            "isLinked": ""
                        },
                        "padding_mobile": {
                            "unit": "px",
                            "top": "30",
                            "right": "016",
                            "bottom": "0",
                            "left": "016",
                            "isLinked": ""
                        }
                    },
                    "elements": [
                        {
                            "id": "60e6c792",
                            "settings": {
                                "title": "The Best Action Movies",
                                "title_color": "#010265",
                                "typography_typography": "custom",
                                "typography_font_family": "Playfair Display",
                                "typography_font_size": {
                                    "unit": "px",
                                    "size": "50",
                                    "sizes": []
                                },
                                "typography_font_weight": "600",
                                "text_shadow_text_shadow": {
                                    "horizontal": "0",
                                    "vertical": "0",
                                    "blur": "0",
                                    "color": "rgba(0,0,0,0.3)"
                                },
                                "_margin": {
                                    "unit": "px",
                                    "top": "0",
                                    "right": "40",
                                    "bottom": "0",
                                    "left": "0",
                                    "isLinked": ""
                                },
                                "typography_line_height": {
                                    "unit": "px",
                                    "size": "70",
                                    "sizes": []
                                },
                                "typography_font_size_mobile": {
                                    "unit": "px",
                                    "size": "35",
                                    "sizes": []
                                },
                                "typography_line_height_mobile": {
                                    "unit": "em",
                                    "size": "1.5",
                                    "sizes": []
                                },
                                "typography_letter_spacing_mobile": {
                                    "unit": "px",
                                    "size": "0.5",
                                    "sizes": []
                                }
                            },
                            "elements": [],
                            "isInner": false,
                            "widgetType": "heading",
                            "elType": "widget"
                        },
                        {
                            "id": "31056e25",
                            "settings": {
                                "editor": "<p>Lorem ipsum dolor sit amet, consectetur adipiscing elit, sed do eiusmod tempor incididunt ut labore et dolore magna aliqua. Et egestas quis ipsum.<\/p>",
                                "align": "left",
                                "text_color": "rgba(18, 18, 18, 0.67)",
                                "typography_typography": "custom",
                                "typography_font_family": "Poppins",
                                "typography_font_size": {
                                    "unit": "px",
                                    "size": "16",
                                    "sizes": []
                                },
                                "typography_font_weight": "300",
                                "typography_line_height": {
                                    "unit": "px",
                                    "size": "34",
                                    "sizes": []
                                },
                                "_margin": {
                                    "unit": "px",
                                    "top": "0",
                                    "right": "50",
                                    "bottom": "0",
                                    "left": "0",
                                    "isLinked": ""
                                },
                                "typography_font_size_mobile": {
                                    "unit": "px",
                                    "size": "15",
                                    "sizes": []
                                },
                                "typography_line_height_mobile": {
                                    "unit": "em",
                                    "size": "2.2",
                                    "sizes": []
                                },
                                "typography_letter_spacing_mobile": {
                                    "unit": "px",
                                    "size": "0.1",
                                    "sizes": []
                                },
                                "_margin_mobile": {
                                    "unit": "px",
                                    "top": "0",
                                    "right": "0",
                                    "bottom": "0",
                                    "left": "0",
                                    "isLinked": ""
                                },
                                "_padding_mobile": {
                                    "unit": "px",
                                    "top": "0",
                                    "right": "0",
                                    "bottom": "0",
                                    "left": "0",
                                    "isLinked": ""
                                }
                            },
                            "elements": [],
                            "isInner": false,
                            "widgetType": "text-editor",
                            "elType": "widget"
                        },
                        {
                            "id": "30417ad5",
                            "settings": {
                                "text": "Learn More",
                                "align": "left",
                                "typography_typography": "custom",
                                "typography_font_family": "Poppins",
                                "typography_font_size": {
                                    "unit": "px",
                                    "size": "16",
                                    "sizes": []
                                },
                                "typography_font_weight": "500",
                                "button_text_color": "#FFFFFF",
                                "background_color": "#FC9A00",
                                "hover_color": "#010265",
                                "button_background_hover_color": "#FFFFFF",
                                "border_border": "solid",
                                "border_width": {
                                    "unit": "px",
                                    "top": "02",
                                    "right": "02",
                                    "bottom": "02",
                                    "left": "02",
                                    "isLinked": "1"
                                },
                                "border_radius": {
                                    "unit": "px",
                                    "top": "6",
                                    "right": "6",
                                    "bottom": "6",
                                    "left": "6",
                                    "isLinked": "1"
                                },
                                "text_padding": {
                                    "unit": "px",
                                    "top": "020",
                                    "right": "040",
                                    "bottom": "020",
                                    "left": "040",
                                    "isLinked": ""
                                },
                                "_margin": {
                                    "unit": "px",
                                    "top": "10",
                                    "right": "0",
                                    "bottom": "0",
                                    "left": "0",
                                    "isLinked": ""
                                },
                                "_margin_mobile": {
                                    "unit": "px",
                                    "top": "0",
                                    "right": "0",
                                    "bottom": "0",
                                    "left": "0",
                                    "isLinked": ""
                                }
                            },
                            "elements": [],
                            "isInner": false,
                            "widgetType": "button",
                            "elType": "widget"
                        }
                    ],
                    "isInner": "",
                    "elType": "column"
                }
            ],
            "isInner": "",
            "elType": "section"
        },
        {
            "id": "9648968",
            "settings": {
                "margin": {
                    "unit": "px",
                    "top": "0",
                    "right": "0",
                    "bottom": "0",
                    "left": "0",
                    "isLinked": ""
                },
                "background_background": "classic",
                "margin_mobile": {
                    "unit": "px",
                    "top": "0",
                    "right": "0",
                    "bottom": "0",
                    "left": "0",
                    "isLinked": ""
                },
                "padding": {
                    "unit": "px",
                    "top": "100",
                    "right": "0",
                    "bottom": "0",
                    "left": "0",
                    "isLinked": ""
                },
                "padding_mobile": {
                    "unit": "px",
                    "top": "060",
                    "right": "0",
                    "bottom": "0",
                    "left": "0",
                    "isLinked": ""
                }
            },
            "elements": [
                {
                    "id": "57dfae92",
                    "settings": {
                        "_column_size": "100",
                        "padding_mobile": {
                            "unit": "px",
                            "top": "0",
                            "right": "016",
                            "bottom": "0",
                            "left": "016",
                            "isLinked": ""
                        }
                    },
                    "elements": [
                        {
                            "id": "46100609",
                            "settings": {
                                "title": "You May Also Like... ",
                                "title_color": "#010265",
                                "typography_typography": "custom",
                                "typography_font_family": "Playfair Display",
                                "typography_font_size": {
                                    "unit": "px",
                                    "size": "50",
                                    "sizes": []
                                },
                                "typography_font_weight": "600",
                                "text_shadow_text_shadow": {
                                    "horizontal": "0",
                                    "vertical": "0",
                                    "blur": "0",
                                    "color": "rgba(0,0,0,0.3)"
                                },
                                "_margin": {
                                    "unit": "px",
                                    "top": "0",
                                    "right": "0",
                                    "bottom": "040",
                                    "left": "0",
                                    "isLinked": ""
                                },
                                "typography_font_size_mobile": {
                                    "unit": "px",
                                    "size": "35",
                                    "sizes": []
                                },
                                "typography_line_height_mobile": {
                                    "unit": "em",
                                    "size": "1",
                                    "sizes": []
                                },
                                "_margin_mobile": {
                                    "unit": "px",
                                    "top": "0",
                                    "right": "0",
                                    "bottom": "0",
                                    "left": "0",
                                    "isLinked": ""
                                },
                                "_padding_mobile": {
                                    "unit": "px",
                                    "top": "0",
                                    "right": "0",
                                    "bottom": "0",
                                    "left": "0",
                                    "isLinked": ""
                                }
                            },
                            "elements": [],
                            "isInner": false,
                            "widgetType": "heading",
                            "elType": "widget"
                        }
                    ],
                    "isInner": "",
                    "elType": "column"
                }
            ],
            "isInner": "",
            "elType": "section"
        },
        {
            "id": "7b68e0c5",
            "settings": {
                "background_background": "classic",
                "background_image": {
                    "url": "https:\/\/templatekit.tokomoo.com\/bookkit\/wp-content\/uploads\/sites\/3\/2020\/02\/bg_white-3.png",
                    "id": "37"
                },
                "margin": {
                    "unit": "px",
                    "top": "0",
                    "right": "0",
                    "bottom": "0",
                    "left": "0",
                    "isLinked": ""
                },
                "padding": {
                    "unit": "px",
                    "top": "040",
                    "right": "0",
                    "bottom": "160",
                    "left": "0",
                    "isLinked": ""
                },
                "background_position": "bottom center",
                "background_size": "cover",
                "margin_mobile": {
                    "unit": "px",
                    "top": "0",
                    "right": "0",
                    "bottom": "0",
                    "left": "0",
                    "isLinked": ""
                },
                "padding_mobile": {
                    "unit": "px",
                    "top": "0",
                    "right": "0",
                    "bottom": "0",
                    "left": "0",
                    "isLinked": ""
                }
            },
            "elements": [
                {
                    "id": "72142f66",
                    "settings": {
                        "_column_size": "100"
                    },
                    "elements": [
                        {
                            "id": "4cf28938",
                            "settings": {
                                "structure": "40",
                                "margin": {
                                    "unit": "px",
                                    "top": "",
                                    "right": "0",
                                    "bottom": "",
                                    "left": "0",
                                    "isLinked": "1"
                                }
                            },
                            "elements": [
                                {
                                    "id": "2fe933b0",
                                    "settings": {
                                        "_column_size": "25",
                                        "background_hover_background": "classic",
                                        "padding_mobile": {
                                            "unit": "px",
                                            "top": "30",
                                            "right": "016",
                                            "bottom": "0",
                                            "left": "016",
                                            "isLinked": ""
                                        }
                                    },
                                    "elements": [
                                        {
                                            "id": "44ed5c27",
                                            "settings": {
                                                "image": {
                                                    "url": "https:\/\/templatekit.tokomoo.com\/bookkit\/wp-content\/uploads\/sites\/3\/2020\/02\/book_1.png",
                                                    "id": "19"
                                                },
                                                "title_text": "Deadpool",
                                                "description_text": "Marvel",
                                                "image_space": {
                                                    "unit": "px",
                                                    "size": "17",
                                                    "sizes": []
                                                },
                                                "image_size": {
                                                    "unit": "%",
                                                    "size": "100",
                                                    "sizes": []
                                                },
                                                "text_align": "left",
                                                "title_bottom_space": {
                                                    "unit": "px",
                                                    "size": "6",
                                                    "sizes": []
                                                },
                                                "title_color": "#000000",
                                                "title_typography_typography": "custom",
                                                "title_typography_font_family": "Poppins",
                                                "title_typography_font_size": {
                                                    "unit": "px",
                                                    "size": "20",
                                                    "sizes": []
                                                },
                                                "description_color": "rgba(0, 0, 0, 0.52)",
                                                "description_typography_typography": "custom",
                                                "description_typography_font_family": "Poppins",
                                                "description_typography_font_size": {
                                                    "unit": "px",
                                                    "size": "16",
                                                    "sizes": []
                                                },
                                                "description_typography_font_weight": "400",
                                                "hover_animation": "hang",
                                                "_margin": {
                                                    "unit": "px",
                                                    "top": "0",
                                                    "right": "0",
                                                    "bottom": "0",
                                                    "left": "0",
                                                    "isLinked": ""
                                                }
                                            },
                                            "elements": [],
                                            "isInner": false,
                                            "widgetType": "image-box",
                                            "elType": "widget"
                                        }
                                    ],
                                    "isInner": "1",
                                    "elType": "column"
                                },
                                {
                                    "id": "51afb08d",
                                    "settings": {
                                        "_column_size": "25"
                                    },
                                    "elements": [
                                        {
                                            "id": "694d3d24",
                                            "settings": {
                                                "image": {
                                                    "url": "https:\/\/templatekit.tokomoo.com\/bookkit\/wp-content\/uploads\/sites\/3\/2020\/02\/book.png",
                                                    "id": "20"
                                                },
                                                "title_text": "The Legend of Tarzan",
                                                "description_text": "Ama Aipama",
                                                "image_space": {
                                                    "unit": "px",
                                                    "size": "17",
                                                    "sizes": []
                                                },
                                                "image_size": {
                                                    "unit": "%",
                                                    "size": "100",
                                                    "sizes": []
                                                },
                                                "text_align": "left",
                                                "title_bottom_space": {
                                                    "unit": "px",
                                                    "size": "6",
                                                    "sizes": []
                                                },
                                                "title_color": "#000000",
                                                "title_typography_typography": "custom",
                                                "title_typography_font_family": "Poppins",
                                                "title_typography_font_size": {
                                                    "unit": "px",
                                                    "size": "20",
                                                    "sizes": []
                                                },
                                                "description_color": "rgba(0, 0, 0, 0.52)",
                                                "description_typography_typography": "custom",
                                                "description_typography_font_family": "Poppins",
                                                "description_typography_font_size": {
                                                    "unit": "px",
                                                    "size": "16",
                                                    "sizes": []
                                                },
                                                "description_typography_font_weight": "400",
                                                "_margin": {
                                                    "unit": "px",
                                                    "top": "0",
                                                    "right": "0",
                                                    "bottom": "0",
                                                    "left": "0",
                                                    "isLinked": ""
                                                },
                                                "hover_animation": "hang"
                                            },
                                            "elements": [],
                                            "isInner": false,
                                            "widgetType": "image-box",
                                            "elType": "widget"
                                        }
                                    ],
                                    "isInner": "1",
                                    "elType": "column"
                                },
                                {
                                    "id": "71c1de5",
                                    "settings": {
                                        "_column_size": "25"
                                    },
                                    "elements": [
                                        {
                                            "id": "3b8c480d",
                                            "settings": {
                                                "image": {
                                                    "url": "https:\/\/templatekit.tokomoo.com\/bookkit\/wp-content\/uploads\/sites\/3\/2020\/02\/book2.png",
                                                    "id": "21"
                                                },
                                                "title_text": "Warcraft",
                                                "description_text": "Warcraft.inc",
                                                "image_space": {
                                                    "unit": "px",
                                                    "size": "17",
                                                    "sizes": []
                                                },
                                                "image_size": {
                                                    "unit": "%",
                                                    "size": "100",
                                                    "sizes": []
                                                },
                                                "text_align": "left",
                                                "title_bottom_space": {
                                                    "unit": "px",
                                                    "size": "6",
                                                    "sizes": []
                                                },
                                                "title_color": "#000000",
                                                "title_typography_typography": "custom",
                                                "title_typography_font_family": "Poppins",
                                                "title_typography_font_size": {
                                                    "unit": "px",
                                                    "size": "20",
                                                    "sizes": []
                                                },
                                                "description_color": "rgba(0, 0, 0, 0.52)",
                                                "description_typography_typography": "custom",
                                                "description_typography_font_family": "Poppins",
                                                "description_typography_font_size": {
                                                    "unit": "px",
                                                    "size": "16",
                                                    "sizes": []
                                                },
                                                "description_typography_font_weight": "400",
                                                "hover_animation": "hang",
                                                "_margin": {
                                                    "unit": "px",
                                                    "top": "0",
                                                    "right": "0",
                                                    "bottom": "0",
                                                    "left": "0",
                                                    "isLinked": ""
                                                },
                                                "_z_index": "2"
                                            },
                                            "elements": [],
                                            "isInner": false,
                                            "widgetType": "image-box",
                                            "elType": "widget"
                                        },
                                        {
                                            "id": "5f30b225",
                                            "settings": {
                                                "_background_background": "classic",
                                                "_background_color": "#F1F1F1",
                                                "_position": "absolute",
                                                "_offset_x": {
                                                    "size": "-5",
                                                    "unit": "px"
                                                },
                                                "_offset_y": {
                                                    "size": "320",
                                                    "unit": "px"
                                                }
                                            },
                                            "elements": [],
                                            "isInner": false,
                                            "widgetType": "spacer",
                                            "elType": "widget"
                                        }
                                    ],
                                    "isInner": "1",
                                    "elType": "column"
                                },
                                {
                                    "id": "38f123e2",
                                    "settings": {
                                        "_column_size": "25"
                                    },
                                    "elements": [
                                        {
                                            "id": "606150d",
                                            "settings": {
                                                "image": {
                                                    "url": "https:\/\/templatekit.tokomoo.com\/bookkit\/wp-content\/uploads\/sites\/3\/2020\/02\/book3.png",
                                                    "id": "22"
                                                },
                                                "title_text": "Revenant",
                                                "description_text": "Yuni Ayunda<br>",
                                                "image_space": {
                                                    "unit": "px",
                                                    "size": "17",
                                                    "sizes": []
                                                },
                                                "image_size": {
                                                    "unit": "%",
                                                    "size": "100",
                                                    "sizes": []
                                                },
                                                "text_align": "left",
                                                "title_bottom_space": {
                                                    "unit": "px",
                                                    "size": "6",
                                                    "sizes": []
                                                },
                                                "title_color": "#000000",
                                                "title_typography_typography": "custom",
                                                "title_typography_font_family": "Poppins",
                                                "title_typography_font_size": {
                                                    "unit": "px",
                                                    "size": "20",
                                                    "sizes": []
                                                },
                                                "description_color": "rgba(0, 0, 0, 0.52)",
                                                "description_typography_typography": "custom",
                                                "description_typography_font_family": "Poppins",
                                                "description_typography_font_size": {
                                                    "unit": "px",
                                                    "size": "16",
                                                    "sizes": []
                                                },
                                                "description_typography_font_weight": "400",
                                                "_margin": {
                                                    "unit": "px",
                                                    "top": "0",
                                                    "right": "0",
                                                    "bottom": "0",
                                                    "left": "0",
                                                    "isLinked": ""
                                                },
                                                "hover_animation": "hang",
                                                "_z_index": "2"
                                            },
                                            "elements": [],
                                            "isInner": false,
                                            "widgetType": "image-box",
                                            "elType": "widget"
                                        },
                                        {
                                            "id": "5fe556a1",
                                            "settings": {
                                                "_background_background": "classic",
                                                "_background_color": "#F1F1F1",
                                                "_position": "absolute",
                                                "_offset_x": {
                                                    "size": "-5",
                                                    "unit": "px"
                                                },
                                                "_offset_y": {
                                                    "size": "320",
                                                    "unit": "px"
                                                }
                                            },
                                            "elements": [],
                                            "isInner": false,
                                            "widgetType": "spacer",
                                            "elType": "widget"
                                        }
                                    ],
                                    "isInner": "1",
                                    "elType": "column"
                                }
                            ],
                            "isInner": "1",
                            "elType": "section"
                        }
                    ],
                    "isInner": "",
                    "elType": "column"
                }
            ],
            "isInner": "",
            "elType": "section"
        }
    ]
}