{
    "version": "0.4",
    "title": "Theme Builder \u2013 Header (Elementor Pro)",
    "type": "header",
    "metadata": {
        "template_type": "section-header",
        "elementor_pro_required": "1",
        "include_in_zip": "1",
        "elementor_library_type": "header",
        "elementor_pro_conditions": [
            "include\/general"
        ],
        "additional_template_information": [
            "This is a \"Header\" template for Elementor Pro.",
            "This template will display on: Entire Site."
        ],
        "wp_page_template": "default"
    },
    "content": [
        {
            "id": "1f4d9b51",
            "settings": {
                "structure": "20",
                "margin": {
                    "unit": "px",
                    "top": "026",
                    "right": "0",
                    "bottom": "026",
                    "left": "0",
                    "isLinked": ""
                }
            },
            "elements": [
                {
                    "id": "1b2a2f6d",
                    "settings": {
                        "_column_size": "50",
                        "_inline_size": "40",
                        "content_position": "center",
                        "_inline_size_mobile": "38"
                    },
                    "elements": [
                        {
                            "id": "270d2493",
                            "settings": {
                                "title": "Tokobook.",
                                "typography_typography": "custom",
                                "typography_font_size": {
                                    "unit": "px",
                                    "size": "26",
                                    "sizes": []
                                }
                            },
                            "elements": [],
                            "isInner": false,
                            "widgetType": "heading",
                            "elType": "widget"
                        }
                    ],
                    "isInner": "",
                    "elType": "column"
                },
                {
                    "id": "2777946b",
                    "settings": {
                        "_column_size": "50",
                        "_inline_size": "60",
                        "content_position": "center",
                        "_inline_size_mobile": "62"
                    },
                    "elements": [
                        {
                            "id": "63b69905",
                            "settings": {
                                "align_items": "right",
                                "pointer": "background",
                                "indicator": "chevron",
                                "toggle_align": "right",
                                "menu_typography_typography": "custom",
                                "menu_typography_font_family": "Poppins",
                                "menu_typography_font_size": {
                                    "unit": "px",
                                    "size": "16",
                                    "sizes": []
                                },
                                "menu_typography_font_weight": "400",
                                "menu_typography_text_transform": "uppercase",
                                "menu_typography_letter_spacing": {
                                    "unit": "px",
                                    "size": "0.52",
                                    "sizes": []
                                },
                                "color_menu_item": "#010265",
                                "pointer_color_menu_item_hover": "#010265",
                                "color_menu_item_active": "#FFFFFF",
                                "pointer_color_menu_item_active": "#010265",
                                "color_dropdown_item": "#010265",
                                "color_dropdown_item_hover": "#FFFFFF",
                                "background_color_dropdown_item_hover": "#010265",
                                "color_dropdown_item_active": "#FFFFFF",
                                "background_color_dropdown_item_active": "#010265",
                                "dropdown_typography_typography": "custom",
                                "dropdown_typography_font_family": "Poppins",
                                "dropdown_typography_font_size": {
                                    "unit": "px",
                                    "size": "14",
                                    "sizes": []
                                },
                                "dropdown_typography_font_weight": "400",
                                "dropdown_typography_text_transform": "uppercase",
                                "toggle_color": "#FFFFFF",
                                "toggle_background_color": "#010265"
                            },
                            "elements": [],
                            "isInner": false,
                            "widgetType": "nav-menu",
                            "elType": "widget"
                        }
                    ],
                    "isInner": "",
                    "elType": "column"
                }
            ],
            "isInner": "",
            "elType": "section"
        }
    ]
}