{"version":"0.4","title":"escola 14","type":"page","content":[{"id":"76aa175c","settings":{"stretch_section":"section-stretched","height":"min-height","background_background":"gradient","background_image":{"id":"523","url":"http:\/\/sitefacilitado.com.br\/wp-content\/uploads\/2020\/02\/people-2557396_1280.jpg"},"background_repeat":"no-repeat","background_size":"cover","background_position":"center center","background_color":"#0762d9","background_color_b":"#013c93","background_overlay_background":"classic","background_overlay_image":{"url":"http:\/\/sitefacilitado.com.br\/wp-content\/uploads\/2020\/02\/people-2557396_1280.jpg","id":"523"},"background_overlay_opacity":{"unit":"px","size":"0.16","sizes":[]},"css_filters_css_filter":"custom","css_filters_saturate":{"unit":"px","size":"0","sizes":[]},"overlay_blend_mode":"lighten"},"elements":[{"id":"13f4e48f","settings":{"_column_size":"100","space_between_widgets":"10","margin_mobile":{"unit":"px","top":"0","right":"0","bottom":"0","left":"0","isLinked":""},"padding_mobile":{"unit":"px","top":"0","right":"0","bottom":"0","left":"0","isLinked":""}},"elements":[{"id":"7841d580","settings":{"title":"Enrollment","title_color":"#52f28a","typography_typography":"custom","typography_font_size":{"unit":"rem","size":"5"},"header_size":"h3","typography_font_weight":"900","typography_text_transform":"uppercase","typography_line_height":{"unit":"em","size":"0.9"},"typography_letter_spacing":{"unit":"px","size":"4"},"typography_font_size_mobile":{"unit":"em","size":"2.9"},"align_mobile":"center","typography_font_family":"Palanquin Dark","_margin":{"unit":"%","top":"0","right":"30","bottom":"0","left":"0","isLinked":""},"_animation":"fadeIn","_margin_mobile":{"unit":"px","top":"0","right":"0","bottom":"0","left":"0","isLinked":"1"},"_padding_mobile":{"unit":"em","top":"0","right":"0","bottom":"1","left":"0","isLinked":""}},"elements":[],"isInner":false,"widgetType":"heading","elType":"widget"},{"id":"5183b0b5","settings":{"weight":{"unit":"px","size":"4","sizes":[]},"color":"#52f28a","width":{"unit":"%","size":"9","sizes":[]},"gap":{"unit":"px","size":"5","sizes":[]},"_margin":{"unit":"%","top":"0","right":"0","bottom":"0","left":"0","isLinked":""},"text":"Divisor"},"elements":[],"isInner":false,"widgetType":"divider","elType":"widget"},{"id":"64a32605","settings":{"title":"get started today","header_size":"span","title_color":"#ffffff","typography_typography":"custom","typography_font_size":{"unit":"rem","size":"2"},"typography_font_weight":"400","typography_text_transform":"capitalize","typography_line_height":{"unit":"em","size":"1.2"},"typography_letter_spacing":{"unit":"px","size":""},"align_mobile":"center","typography_font_size_mobile":{"unit":"em","size":"1.5"},"typography_font_family":"Palanquin","_margin":{"unit":"%","top":"0","right":"0","bottom":"0","left":"0","isLinked":""},"_animation":"fadeInDown","_margin_mobile":{"unit":"px","top":"0","right":"0","bottom":"0","left":"0","isLinked":"1"},"_padding_mobile":{"unit":"px","top":"0","right":"0","bottom":"0","left":"0","isLinked":"1"}},"elements":[],"isInner":false,"widgetType":"heading","elType":"widget"},{"id":"6f8757b5","settings":{"icon":"fa fa-angle-down","align":"right","primary_color":"#30d979","size":{"unit":"px","size":"42","sizes":[]},"_padding":{"unit":"em","top":"0","right":"0","bottom":"0","left":"0","isLinked":""},"_animation":"fadeInLeft","hover_animation":"hang"},"elements":[],"isInner":false,"widgetType":"icon","elType":"widget"}],"isInner":"","elType":"column"}],"isInner":"","elType":"section"},{"id":"2f458604","settings":{"structure":"20","margin":{"unit":"px","top":"","right":"0","bottom":"","left":"0","isLinked":"1"},"padding":{"unit":"em","top":"4","right":"1","bottom":"4","left":"1","isLinked":""},"html_tag":"section","background_background":"classic","background_color":"#ffffff","padding_tablet":{"unit":"em","top":"","right":"","bottom":"","left":"","isLinked":"1"}},"elements":[{"id":"6d7c49ea","settings":{"_column_size":"50","_inline_size":"40","_inline_size_tablet":"100","space_between_widgets":"10","padding":{"unit":"em","top":"2","right":"1","bottom":"1","left":"1","isLinked":""},"content_position":"center","padding_tablet":{"unit":"px","top":"0","right":"0","bottom":"0","left":"0","isLinked":""}},"elements":[{"id":"67615010","settings":{"title":"susbscription application","align_mobile":"center","title_color":"#0762d9","typography_typography":"custom","typography_font_family":"Palanquin Dark","typography_font_size":{"unit":"rem","size":"3"},"typography_font_size_mobile":{"unit":"em","size":"3"},"typography_font_weight":"900","typography_text_transform":"uppercase","typography_line_height":{"unit":"em","size":"0.9"},"typography_letter_spacing":{"unit":"px","size":"4"},"_margin":{"unit":"%","top":"0","right":"0","bottom":"0","left":"0","isLinked":""},"_animation":"fadeIn","align":"left"},"elements":[],"isInner":false,"widgetType":"heading","elType":"widget"},{"id":"20ddad21","settings":{"weight":{"unit":"px","size":"4","sizes":[]},"color":"#52f28a","width":{"unit":"%","size":"17","sizes":[]},"gap":{"unit":"px","size":"5","sizes":[]},"_margin":{"unit":"%","top":"0","right":"0","bottom":"0","left":"0","isLinked":""},"text":"Divisor"},"elements":[],"isInner":false,"widgetType":"divider","elType":"widget"},{"id":"2b8fd7b1","settings":{"title":"your future education\nstarts now","title_color":"#979cb2","typography_typography":"custom","typography_font_family":"Palanquin","typography_font_size":{"unit":"em","size":"1","sizes":[]},"typography_font_weight":"500","typography_text_transform":"uppercase","header_size":"span","align":"left"},"elements":[],"isInner":false,"widgetType":"heading","elType":"widget"}],"isInner":"","elType":"column"},{"id":"438de058","settings":{"_column_size":"50","_inline_size":"60","_inline_size_tablet":"100","padding":{"unit":"em","top":"2","right":"1","bottom":"2","left":"1","isLinked":""},"padding_tablet":{"unit":"em","top":"1","right":"0","bottom":"1","left":"0","isLinked":""}},"elements":[{"id":"7897a5d7","settings":{"editor":"<p>An Enrolment Application electronically signed by both parents\/guardians is required to place a child\u2019s name on the waitlist. During the application process you will be asked to upload a copy of the child\u2019s birth certificate . School reports are required for children applying for Year 1 onwards.<\/p><p>Application Fee: A non-refundable application fee of $200 (per student) must be paid at the time of application. Applications can only be processed with the application fee and required documentation.<\/p>","text_color":"#7a7a7a","typography_typography":"custom","typography_font_weight":"400","typography_font_family":"Palanquin","typography_font_size":{"unit":"em","size":"1","sizes":[]},"typography_text_transform":"none","typography_font_style":"normal","typography_text_decoration":"none","align_mobile":"justify","typography_font_size_tablet":{"unit":"rem","size":"1","sizes":[]},"typography_line_height":{"unit":"em","size":"1.4","sizes":[]},"_margin":{"unit":"%","top":"0","right":"0","bottom":"0","left":"0","isLinked":""},"_margin_tablet":{"unit":"px","top":"0","right":"0","bottom":"0","left":"0","isLinked":""},"_margin_mobile":{"unit":"px","top":"0","right":"0","bottom":"0","left":"0","isLinked":""},"_padding":{"unit":"em","top":"1","right":"3","bottom":"0","left":"0","isLinked":""},"_padding_tablet":{"unit":"em","top":"1","right":"1","bottom":"1","left":"1","isLinked":"1"},"_padding_mobile":{"unit":"em","top":"0","right":"1","bottom":"0","left":"0","isLinked":""},"_z_index":"1","_background_color":"#ffffff","_border_border":"solid","_border_width":{"unit":"px","top":"0","right":"3","bottom":"0","left":"0","isLinked":""},"_border_color":"#30d979"},"elements":[],"isInner":false,"widgetType":"text-editor","elType":"widget"}],"isInner":"","elType":"column"}],"isInner":"","elType":"section"},{"id":"6f2a5b53","settings":{"structure":"30","padding_tablet":{"unit":"em","top":"0","right":"1","bottom":"0","left":"1","isLinked":""}},"elements":[{"id":"4ac5b18f","settings":{"_column_size":"33","_inline_size":"30","space_between_widgets":"10","html_tag":"section","background_background":"classic","background_color":"#ffffff","border_border":"solid","border_width":{"unit":"px","top":"0","right":"0","bottom":"5","left":"0","isLinked":""},"border_color":"#0762d9","box_shadow_box_shadow_type":"yes","box_shadow_box_shadow":{"horizontal":"0","vertical":"0","blur":"16","spread":"0","color":"rgba(0,0,0,0.11)"},"border_hover_border":"solid","border_hover_width":{"unit":"px","top":"0","right":"0","bottom":"5","left":"0","isLinked":""},"border_hover_color":"#30d979","margin":{"unit":"%","top":"4","right":"4","bottom":"0","left":"4","isLinked":""},"padding":{"unit":"em","top":"1","right":"1","bottom":"1","left":"1","isLinked":"1"},"content_position":"center","border_radius":{"unit":"px","top":"6","right":"6","bottom":"6","left":"6","isLinked":"1"},"margin_tablet":{"unit":"px","top":"6","right":"6","bottom":"6","left":"6","isLinked":"1"},"padding_tablet":{"unit":"em","top":"0","right":"0","bottom":"0","left":"1","isLinked":""},"padding_mobile":{"unit":"em","top":"2","right":"1","bottom":"1","left":"2","isLinked":""}},"elements":[{"id":"2973ba5d","settings":{"icon":"fa fa-info-circle","primary_color":"#0762d9","size":{"unit":"px","size":"30","sizes":[]},"_padding":{"unit":"em","top":"0","right":"1","bottom":"1","left":"1","isLinked":""}},"elements":[],"isInner":false,"widgetType":"icon","elType":"widget"},{"id":"692a8c8e","settings":{"title":"register<br> policy","header_size":"h3","align_mobile":"left","title_color":"#0762d9","typography_typography":"custom","typography_font_family":"Palanquin Dark","typography_font_size":{"unit":"rem","size":"1.5"},"typography_font_size_mobile":{"unit":"em","size":"1.8"},"typography_font_weight":"900","typography_text_transform":"uppercase","typography_line_height":{"unit":"em","size":"1.2"},"typography_letter_spacing":{"unit":"px","size":"4"},"_margin":{"unit":"%","top":"0","right":"0","bottom":"0","left":"0","isLinked":""},"_animation":"fadeIn","align":"center"},"elements":[],"isInner":false,"widgetType":"heading","elType":"widget"},{"id":"3ee3ac42","settings":{"weight":{"unit":"px","size":"4","sizes":[]},"color":"#52f28a","width":{"unit":"%","size":"23","sizes":[]},"gap":{"unit":"px","size":"5","sizes":[]},"_margin":{"unit":"%","top":"0","right":"0","bottom":"0","left":"0","isLinked":""},"align":"center","text":"Divisor"},"elements":[],"isInner":false,"widgetType":"divider","elType":"widget"},{"id":"3d3b1b18","settings":{"text":"read policy","typography_typography":"custom","typography_font_family":"Palanquin","typography_font_size":{"unit":"em","size":"1","sizes":[]},"typography_text_transform":"uppercase","button_text_color":"#0762d9","background_color":"rgba(48,217,121,0)","hover_animation":"bob","border_radius":{"unit":"px","top":"100","right":"100","bottom":"100","left":"100","isLinked":"1"},"_padding":{"unit":"em","top":"1","right":"1","bottom":"1","left":"0","isLinked":""},"icon":"fa fa-angle-right","icon_align":"right","border_width":{"unit":"px","top":"2","right":"2","bottom":"2","left":"2","isLinked":"1"},"align":"center","typography_font_weight":"600","align_mobile":"justify","size":"md","border_color":"#0762d9","_margin_mobile":{"unit":"px","top":"0","right":"0","bottom":"0","left":"0","isLinked":""},"_padding_mobile":{"unit":"em","top":"1","right":"0","bottom":"1","left":"0","isLinked":""},"_element_width_mobile":"inherit","selected_icon":{"value":"fas fa-angle-right","library":"fa-solid"}},"elements":[],"isInner":false,"widgetType":"button","elType":"widget"}],"isInner":"1","elType":"column"},{"id":"6408b6d3","settings":{"_column_size":"33","_inline_size":"30","space_between_widgets":"10","html_tag":"section","background_background":"classic","background_color":"#ffffff","border_border":"solid","border_width":{"unit":"px","top":"0","right":"0","bottom":"5","left":"0","isLinked":""},"border_color":"#0762d9","box_shadow_box_shadow_type":"yes","box_shadow_box_shadow":{"horizontal":"0","vertical":"0","blur":"16","spread":"0","color":"rgba(0,0,0,0.11)"},"border_hover_border":"solid","border_hover_width":{"unit":"px","top":"0","right":"0","bottom":"5","left":"0","isLinked":""},"border_hover_color":"#30d979","margin":{"unit":"%","top":"4","right":"4","bottom":"0","left":"4","isLinked":""},"padding":{"unit":"em","top":"1","right":"1","bottom":"1","left":"1","isLinked":"1"},"content_position":"center","border_radius":{"unit":"px","top":"6","right":"6","bottom":"6","left":"6","isLinked":"1"},"margin_tablet":{"unit":"px","top":"6","right":"6","bottom":"6","left":"6","isLinked":"1"},"padding_tablet":{"unit":"em","top":"0","right":"0","bottom":"0","left":"1","isLinked":""},"padding_mobile":{"unit":"em","top":"2","right":"1","bottom":"1","left":"2","isLinked":""}},"elements":[{"id":"4b635d92","settings":{"icon":"fa fa-dollar","primary_color":"#0762d9","size":{"unit":"px","size":"30","sizes":[]},"_padding":{"unit":"em","top":"0","right":"1","bottom":"1","left":"1","isLinked":""}},"elements":[],"isInner":false,"widgetType":"icon","elType":"widget"},{"id":"2a0da180","settings":{"title":"course <br>\nfees","header_size":"h3","align_mobile":"left","title_color":"#0762d9","typography_typography":"custom","typography_font_family":"Palanquin Dark","typography_font_size":{"unit":"rem","size":"1.5"},"typography_font_size_mobile":{"unit":"em","size":"1.8"},"typography_font_weight":"900","typography_text_transform":"uppercase","typography_line_height":{"unit":"em","size":"1.2"},"typography_letter_spacing":{"unit":"px","size":"4"},"_margin":{"unit":"%","top":"0","right":"0","bottom":"0","left":"0","isLinked":""},"_animation":"fadeIn","align":"center"},"elements":[],"isInner":false,"widgetType":"heading","elType":"widget"},{"id":"506e6465","settings":{"weight":{"unit":"px","size":"4","sizes":[]},"color":"#52f28a","width":{"unit":"%","size":"23","sizes":[]},"gap":{"unit":"px","size":"5","sizes":[]},"_margin":{"unit":"%","top":"0","right":"0","bottom":"0","left":"0","isLinked":""},"align":"center","text":"Divisor"},"elements":[],"isInner":false,"widgetType":"divider","elType":"widget"},{"id":"53148248","settings":{"text":"course fees","typography_typography":"custom","typography_font_family":"Palanquin","typography_font_size":{"unit":"em","size":"1","sizes":[]},"typography_text_transform":"uppercase","button_text_color":"#0762d9","background_color":"rgba(48,217,121,0)","hover_animation":"bob","border_radius":{"unit":"px","top":"100","right":"100","bottom":"100","left":"100","isLinked":"1"},"_padding":{"unit":"em","top":"1","right":"1","bottom":"1","left":"0","isLinked":""},"icon":"fa fa-angle-right","icon_align":"right","border_width":{"unit":"px","top":"2","right":"2","bottom":"2","left":"2","isLinked":"1"},"align":"center","typography_font_weight":"600","align_mobile":"justify","size":"md","border_color":"#0762d9","_margin_mobile":{"unit":"px","top":"0","right":"0","bottom":"0","left":"0","isLinked":""},"_padding_mobile":{"unit":"em","top":"1","right":"0","bottom":"1","left":"0","isLinked":""},"_element_width_mobile":"inherit","selected_icon":{"value":"fas fa-angle-right","library":"fa-solid"}},"elements":[],"isInner":false,"widgetType":"button","elType":"widget"}],"isInner":"1","elType":"column"},{"id":"9fe6e3f","settings":{"_column_size":"33","_inline_size":"39.996","content_position":"top","align":"flex-end","background_background":"classic","background_position":"center center","background_repeat":"no-repeat","background_size":"cover","background_overlay_background":"classic","background_overlay_color":"#0762d9","margin":{"unit":"%","top":"2","right":"2","bottom":"2","left":"2","isLinked":"1"},"space_between_widgets":"5","background_overlay_opacity":{"unit":"px","size":"0.35","sizes":[]},"padding":{"unit":"em","top":"2","right":"2","bottom":"2","left":"2","isLinked":"1"},"margin_mobile":{"unit":"px","top":"2","right":"0","bottom":"2","left":"0","isLinked":""},"padding_mobile":{"unit":"em","top":"10","right":"1","bottom":"10","left":"1","isLinked":""},"background_color":"#0762d9","background_overlay_image":{"url":"http:\/\/sitefacilitado.com.br\/wp-content\/uploads\/2020\/02\/people-2557396_1280.jpg","id":"523"},"background_overlay_position":"center center","background_overlay_size":"cover","css_filters_css_filter":"custom","css_filters_saturate":{"unit":"px","size":"0","sizes":[]},"overlay_blend_mode":"lighten","border_radius":{"unit":"px","top":"6","right":"6","bottom":"6","left":"6","isLinked":"1"},"motion_fx_translateX_effect":"yes"},"elements":[{"id":"1a7cf054","settings":{"title":"Financial Aid information","header_size":"h3","align_mobile":"left","title_color":"#ffffff","typography_typography":"custom","typography_font_family":"Palanquin Dark","typography_font_size":{"unit":"rem","size":"1.5"},"typography_font_size_mobile":{"unit":"em","size":"1.8"},"typography_font_weight":"900","typography_text_transform":"uppercase","typography_line_height":{"unit":"em","size":"1.2"},"typography_letter_spacing":{"unit":"px","size":"4"},"_margin":{"unit":"%","top":"0","right":"0","bottom":"0","left":"0","isLinked":""},"_animation":"fadeIn","align":"center"},"elements":[],"isInner":false,"widgetType":"heading","elType":"widget"},{"id":"3d18a85e","settings":{"form_name":"New Form","form_fields":[{"custom_id":"name","field_type":"text","field_label":"First Name","placeholder":"-","width":"50","_id":"caed05d","required":"true","field_options":"","allow_multiple":"","select_size":"","inline_list":"","field_html":"","width_tablet":"","width_mobile":"","rows":"4","recaptcha_size":"normal","recaptcha_style":"light","css_classes":"","field_value":"","recaptcha_badge":"bottomright"},{"custom_id":"field_1","field_type":"text","field_label":"Last Name","placeholder":"-","width":"50","_id":"8770187","required":"true","field_options":"","allow_multiple":"","select_size":"","inline_list":"","field_html":"","width_tablet":"","width_mobile":"","rows":"4","recaptcha_size":"normal","recaptcha_style":"light","css_classes":"","field_value":"","recaptcha_badge":"bottomright"},{"custom_id":"email","field_type":"email","required":"true","field_label":"Email","placeholder":"you@domain.com","width":"50","_id":"be90193","field_options":"","allow_multiple":"","select_size":"","inline_list":"","field_html":"","width_tablet":"","width_mobile":"","rows":"4","recaptcha_size":"normal","recaptcha_style":"light","css_classes":"","field_value":"","recaptcha_badge":"bottomright"},{"custom_id":"field_2","field_type":"number","required":"true","field_label":"Zip Code","placeholder":"-----","width":"50","_id":"e59da91","field_options":"","allow_multiple":"","select_size":"","inline_list":"","field_html":"","width_tablet":"","width_mobile":"","rows":"4","recaptcha_size":"normal","recaptcha_style":"light","css_classes":"","field_value":"","recaptcha_badge":"bottomright"},{"field_type":"select","field_label":"Program","placeholder":"","required":"true","field_options":"","allow_multiple":"","select_size":"","inline_list":"","field_html":"","width":"100","width_tablet":"","width_mobile":"","rows":"4","recaptcha_size":"normal","recaptcha_style":"light","css_classes":"","field_value":"","custom_id":"field_3","_id":"c277e59","recaptcha_badge":"bottomright"}],"button_text":"Send","email_content":"[all-fields]","email_content_2":"[all-fields]","success_message":"The form was sent successfully.","error_message":"An error occured.","required_field_message":"This field is required.","invalid_message":"There's something wrong. The form is invalid.","label_color":"#ffffff","label_typography_typography":"custom","label_typography_font_family":"Palanquin","label_typography_font_size":{"unit":"rem","size":"0.7","sizes":[]},"label_typography_font_weight":"500","label_typography_text_transform":"uppercase","label_typography_line_height":{"unit":"em","size":"3.1","sizes":[]},"field_text_color":"#0762d9","field_typography_typography":"custom","field_typography_font_family":"Palanquin","field_typography_font_size":{"unit":"rem","size":"0.8","sizes":[]},"field_typography_font_weight":"normal","field_border_color":"#efefef","field_border_width":{"unit":"px","top":"0","right":"2","bottom":"2","left":"0","isLinked":""},"field_border_radius":{"unit":"px","top":"6","right":"6","bottom":"6","left":"6","isLinked":"1"},"button_background_color":"#52f28a","button_text_color":"#ffffff","button_typography_typography":"custom","button_typography_font_family":"Palanquin","button_typography_font_size":{"unit":"rem","size":"0.9","sizes":[]},"button_typography_font_weight":"600","button_typography_text_transform":"uppercase","_padding":{"unit":"em","top":"1","right":"1","bottom":"1","left":"1","isLinked":"1"}},"elements":[],"isInner":false,"widgetType":"form","elType":"widget"}],"isInner":"1","elType":"column"}],"isInner":"1","elType":"section"},{"id":"2486bd3d","settings":{"structure":"20","margin":{"unit":"px","top":"","right":"0","bottom":"","left":"0","isLinked":"1"},"html_tag":"section","background_background":"classic","background_color":"#ffffff","padding":{"unit":"em","top":"6","right":"1","bottom":"6","left":"1","isLinked":""},"padding_tablet":{"unit":"em","top":"3","right":"1","bottom":"3","left":"1","isLinked":""}},"elements":[{"id":"585b9423","settings":{"_column_size":"50","_inline_size":"40","content_position":"center","padding":{"unit":"em","top":"1","right":"1","bottom":"1","left":"1","isLinked":"1"},"_inline_size_tablet":"100","margin_tablet":{"unit":"px","top":"0","right":"0","bottom":"0","left":"0","isLinked":""},"padding_tablet":{"unit":"px","top":"0","right":"0","bottom":"0","left":"0","isLinked":""}},"elements":[{"id":"5751a79a","settings":{"title":"Important<br>information","align_mobile":"center","title_color":"#0762d9","typography_typography":"custom","typography_font_family":"Palanquin Dark","typography_font_size":{"unit":"rem","size":"3"},"typography_font_size_mobile":{"unit":"em","size":"3"},"typography_font_weight":"900","typography_text_transform":"uppercase","typography_line_height":{"unit":"em","size":"0.9"},"typography_letter_spacing":{"unit":"px","size":"4"},"_margin":{"unit":"%","top":"0","right":"0","bottom":"0","left":"0","isLinked":""},"_animation":"fadeIn","align":"left"},"elements":[],"isInner":false,"widgetType":"heading","elType":"widget"},{"id":"7fa5777b","settings":{"weight":{"unit":"px","size":"4","sizes":[]},"color":"#52f28a","width":{"unit":"%","size":"17","sizes":[]},"gap":{"unit":"px","size":"5","sizes":[]},"_margin":{"unit":"%","top":"0","right":"0","bottom":"0","left":"0","isLinked":""},"text":"Divisor"},"elements":[],"isInner":false,"widgetType":"divider","elType":"widget"},{"id":"68f6074b","settings":{"title":"Suspendisse et porttitor nibh. In cursus nisi sit amet urna pulvinar blandit. ","title_color":"#979cb2","typography_typography":"custom","typography_font_family":"Palanquin","typography_font_size":{"unit":"em","size":"1","sizes":[]},"typography_font_weight":"500","typography_text_transform":"uppercase","header_size":"span","align":"left"},"elements":[],"isInner":false,"widgetType":"heading","elType":"widget"}],"isInner":"","elType":"column"},{"id":"7f411ed8","settings":{"_column_size":"50","_inline_size":"60","padding":{"unit":"em","top":"2","right":"2","bottom":"2","left":"2","isLinked":"1"},"_inline_size_tablet":"100","padding_tablet":{"unit":"px","top":"0","right":"0","bottom":"0","left":"0","isLinked":""}},"elements":[{"id":"3a66935b","settings":{"editor":"<p>Click edit button to change this text. Lorem ipsum dolor sit amet, consectetur adipiscing elit. Ut elit tellus, luctus nec ullamcorper mattis, pulvinar dapibus leo.<\/p><p>Integer nec ex nec neque rutrum sodales. Sed scelerisque sem pellentesque, finibus sem sed, efficitur nisi. In varius ex ultrices nisl mollis ullamcorper.<\/p><p>Suspendisse et porttitor nibh. In cursus nisi sit amet urna pulvinar blandit. Phasellus cursus convallis lobortis. Nunc ac dolor sit amet nulla tempor sodales in interdum erat. Proin tincidunt mi magna, eu maximus mauris sollicitudin ut.<\/p>","text_color":"#7a7a7a","typography_typography":"custom","typography_font_family":"Palanquin","typography_font_size":{"unit":"em","size":"1","sizes":[]},"_padding_mobile":{"unit":"em","top":"0","right":"1","bottom":"0","left":"0","isLinked":""},"align_mobile":"justify","typography_font_size_tablet":{"unit":"rem","size":"1","sizes":[]},"typography_font_weight":"400","typography_text_transform":"none","typography_font_style":"normal","typography_text_decoration":"none","typography_line_height":{"unit":"em","size":"1.4","sizes":[]},"_margin":{"unit":"%","top":"0","right":"0","bottom":"0","left":"0","isLinked":""},"_margin_tablet":{"unit":"px","top":"0","right":"0","bottom":"0","left":"0","isLinked":""},"_margin_mobile":{"unit":"px","top":"0","right":"0","bottom":"0","left":"0","isLinked":""},"_padding":{"unit":"em","top":"1","right":"3","bottom":"0","left":"0","isLinked":""},"_padding_tablet":{"unit":"em","top":"1","right":"1","bottom":"1","left":"1","isLinked":"1"},"_z_index":"1","_background_color":"#ffffff","_border_border":"solid","_border_width":{"unit":"px","top":"0","right":"3","bottom":"0","left":"0","isLinked":""},"_border_color":"#30d979"},"elements":[],"isInner":false,"widgetType":"text-editor","elType":"widget"}],"isInner":"","elType":"column"}],"isInner":"","elType":"section"},{"id":"45208f6d","settings":{"stretch_section":"section-stretched","content_position":"middle","background_background":"classic","padding":{"unit":"em","top":"4","right":"1","bottom":"4","left":"1","isLinked":""},"background_overlay_image":{"url":"http:\/\/sitefacilitado.com.br\/wp-content\/uploads\/2020\/02\/zz-bg-title3.jpg","id":"603"},"background_color":"#28ed7d","background_overlay_background":"classic","background_overlay_position":"top center","background_overlay_repeat":"no-repeat","background_overlay_size":"cover","background_overlay_opacity":{"unit":"px","size":"0.35"},"css_filters_css_filter":"custom","css_filters_saturate":{"unit":"px","size":"0","sizes":[]},"overlay_blend_mode":"lighten","html_tag":"section","background_overlay_attachment":"fixed"},"elements":[{"id":"47bd0e4e","settings":{"_column_size":"100","_inline_size_tablet":"100","margin":{"unit":"%","top":"0","right":"0","bottom":"0","left":"0","isLinked":""},"margin_mobile":{"unit":"px","top":"0","right":"0","bottom":"0","left":"0","isLinked":""},"padding_tablet":{"unit":"px","top":"0","right":"0","bottom":"0","left":"0","isLinked":""}},"elements":[{"id":"8bb0f66","settings":{"title":"enrollment<br>\nfees","align":"left","title_color":"#ffffff","typography_typography":"custom","typography_font_size":{"unit":"rem","size":"3"},"typography_font_weight":"900","_margin":{"unit":"%","top":"0","right":"0","bottom":"0","left":"0","isLinked":""},"typography_letter_spacing":{"unit":"px","size":"4"},"typography_text_transform":"uppercase","typography_font_size_mobile":{"unit":"em","size":"3"},"align_mobile":"center","typography_font_family":"Palanquin Dark","typography_line_height":{"unit":"em","size":"0.9"},"_animation":"fadeIn"},"elements":[],"isInner":false,"widgetType":"heading","elType":"widget"},{"id":"585f1db6","settings":{"weight":{"unit":"px","size":"4","sizes":[]},"color":"#52f28a","width":{"unit":"%","size":"9","sizes":[]},"gap":{"unit":"px","size":"5","sizes":[]},"_margin":{"unit":"%","top":"0","right":"0","bottom":"0","left":"0","isLinked":""},"text":"Divisor"},"elements":[],"isInner":false,"widgetType":"divider","elType":"widget"},{"id":"760d182a","settings":{"gap":"no","structure":"30","padding":{"unit":"em","top":"0","right":"0","bottom":"0","left":"0","isLinked":"1"}},"elements":[{"id":"6b9ae8df","settings":{"_column_size":"33","margin":{"unit":"%","top":"3","right":"3","bottom":"3","left":"3","isLinked":"1"}},"elements":[{"id":"23448db","settings":{"ending_number":"155.99","prefix":"$","title":"Non refundable enrollment fee","number_color":"#ffffff","typography_number_typography":"custom","typography_number_font_family":"Palanquin Dark","typography_number_font_size":{"unit":"em","size":"4.3","sizes":[]},"typography_number_font_weight":"400","typography_number_text_transform":"uppercase","typography_number_font_style":"normal","typography_number_text_decoration":"none","title_color":"#ffffff","typography_title_typography":"custom","typography_title_font_family":"Palanquin","_padding":{"unit":"em","top":"1","right":"1","bottom":"1","left":"1","isLinked":"1"},"motion_fx_translateX_effect":"yes","motion_fx_translateX_affectedRange":{"unit":"%","size":"","sizes":{"start":"0","end":"48"}},"_border_border":"solid","_border_color":"#ffffff","typography_title_font_weight":"500","typography_title_text_transform":"uppercase","typography_title_font_size":{"unit":"rem","size":"0.9","sizes":[]},"_border_radius":{"unit":"px","top":"6","right":"6","bottom":"6","left":"6","isLinked":"1"}},"elements":[],"isInner":false,"widgetType":"counter","elType":"widget"},{"id":"ecfe7a4","settings":{"editor":"<p>Proin ut dapibus nibh. Vestibulum venenatis condimen odio tincidunt condimentum.<\/p>","text_color":"#ffffff","typography_typography":"custom","typography_font_family":"Palanquin","typography_font_size":{"unit":"em","size":"0.9","sizes":[]},"align_mobile":"center","typography_font_weight":"400","typography_text_transform":"none","typography_font_style":"normal","typography_text_decoration":"none","typography_line_height":{"unit":"em","size":"1.5","sizes":[]},"_margin":{"unit":"%","top":"0","right":"0","bottom":"0","left":"0","isLinked":""}},"elements":[],"isInner":false,"widgetType":"text-editor","elType":"widget"}],"isInner":"1","elType":"column"},{"id":"6380a0fb","settings":{"_column_size":"33","margin":{"unit":"%","top":"3","right":"3","bottom":"3","left":"3","isLinked":"1"}},"elements":[{"id":"6e081292","settings":{"ending_number":"224","prefix":"$","title":"Materials","number_color":"#ffffff","typography_number_typography":"custom","typography_number_font_family":"Palanquin Dark","typography_number_font_size":{"unit":"em","size":"4.3","sizes":[]},"typography_number_font_weight":"400","typography_number_text_transform":"uppercase","typography_number_font_style":"normal","typography_number_text_decoration":"none","title_color":"#ffffff","typography_title_typography":"custom","typography_title_font_family":"Palanquin","_padding":{"unit":"em","top":"1","right":"1","bottom":"1","left":"1","isLinked":"1"},"motion_fx_translateX_effect":"yes","motion_fx_translateX_affectedRange":{"unit":"%","size":"","sizes":{"start":"0","end":"48"}},"_border_border":"solid","_border_color":"#ffffff","typography_title_font_weight":"500","typography_title_text_transform":"uppercase","typography_title_font_size":{"unit":"rem","size":"0.9","sizes":[]},"_border_radius":{"unit":"px","top":"6","right":"6","bottom":"6","left":"6","isLinked":"1"}},"elements":[],"isInner":false,"widgetType":"counter","elType":"widget"},{"id":"18843710","settings":{"editor":"<p>Proin ut dapibus nibh. Vestibulum venenatis condimen odio tincidunt condimentum.<\/p>","text_color":"#ffffff","typography_typography":"custom","typography_font_family":"Palanquin","typography_font_size":{"unit":"em","size":"0.9","sizes":[]},"align_mobile":"center","typography_font_weight":"400","typography_text_transform":"none","typography_font_style":"normal","typography_text_decoration":"none","typography_line_height":{"unit":"em","size":"1.5","sizes":[]},"_margin":{"unit":"%","top":"0","right":"0","bottom":"0","left":"0","isLinked":""}},"elements":[],"isInner":false,"widgetType":"text-editor","elType":"widget"}],"isInner":"1","elType":"column"},{"id":"3a79470e","settings":{"_column_size":"33","margin":{"unit":"%","top":"3","right":"3","bottom":"3","left":"3","isLinked":"1"}},"elements":[{"id":"59273d71","settings":{"ending_number":"50","prefix":"%","title":"Documentation and credentials","number_color":"#ffffff","typography_number_typography":"custom","typography_number_font_family":"Palanquin Dark","typography_number_font_size":{"unit":"em","size":"4.3","sizes":[]},"typography_number_font_weight":"400","typography_number_text_transform":"uppercase","typography_number_font_style":"normal","typography_number_text_decoration":"none","title_color":"#ffffff","typography_title_typography":"custom","typography_title_font_family":"Palanquin","_padding":{"unit":"em","top":"1","right":"1","bottom":"1","left":"1","isLinked":"1"},"motion_fx_translateX_effect":"yes","motion_fx_translateX_affectedRange":{"unit":"%","size":"","sizes":{"start":"0","end":"48"}},"_border_border":"solid","_border_color":"#ffffff","typography_title_font_weight":"500","typography_title_text_transform":"uppercase","typography_title_font_size":{"unit":"rem","size":"0.9","sizes":[]},"_border_radius":{"unit":"px","top":"6","right":"6","bottom":"6","left":"6","isLinked":"1"}},"elements":[],"isInner":false,"widgetType":"counter","elType":"widget"},{"id":"4ec021cc","settings":{"editor":"<p>Proin ut dapibus nibh. Vestibulum venenatis condimen odio tincidunt condimentum.<\/p>","text_color":"#ffffff","typography_typography":"custom","typography_font_family":"Palanquin","typography_font_size":{"unit":"em","size":"0.9","sizes":[]},"align_mobile":"center","typography_font_weight":"400","typography_text_transform":"none","typography_font_style":"normal","typography_text_decoration":"none","typography_line_height":{"unit":"em","size":"1.5","sizes":[]},"_margin":{"unit":"%","top":"0","right":"0","bottom":"0","left":"0","isLinked":""}},"elements":[],"isInner":false,"widgetType":"text-editor","elType":"widget"}],"isInner":"1","elType":"column"}],"isInner":"1","elType":"section"},{"id":"4e25948e","settings":{"space":{"unit":"px","size":"10"}},"elements":[],"isInner":false,"widgetType":"spacer","elType":"widget"}],"isInner":"","elType":"column"}],"isInner":"","elType":"section"},{"id":"12e33576","settings":{"gap":"no","html_tag":"section","background_background":"classic","background_color":"#ffffff","padding":{"unit":"em","top":"4","right":"0","bottom":"4","left":"0","isLinked":""},"padding_mobile":{"unit":"em","top":"3","right":"1","bottom":"3","left":"1","isLinked":""}},"elements":[{"id":"c8c16ae","settings":{"_column_size":"100","_inline_size_tablet":"100","space_between_widgets":"10","background_background":"classic","background_color":"#ffffff","box_shadow_box_shadow":{"horizontal":"0","vertical":"0","blur":"5","spread":"0","color":"rgba(0,0,0,0.33)"},"margin":{"unit":"%","top":"0","right":"0","bottom":"0","left":"0","isLinked":""},"padding":{"unit":"em","top":"0","right":"0","bottom":"0","left":"0","isLinked":""},"padding_mobile":{"unit":"px","top":"0","right":"0","bottom":"0","left":"0","isLinked":""}},"elements":[{"id":"9e92b84","settings":{"content_width":{"unit":"px","size":"700","sizes":[]},"padding":{"unit":"em","top":"0","right":"0","bottom":"2","left":"0","isLinked":""}},"elements":[{"id":"7e400e39","settings":{"_column_size":"100"},"elements":[{"id":"6e549300","settings":{"image":{"url":"http:\/\/sitefacilitado.com.br\/wp-content\/uploads\/2020\/02\/img_icon_faq.jpg","id":"552"},"align":"center","width":{"unit":"%","size":"6","sizes":[]},"width_mobile":{"unit":"%","size":"21","sizes":[]},"_margin":{"unit":"px","top":"0","right":"0","bottom":"0","left":"0","isLinked":""},"_padding":{"unit":"px","top":"0","right":"0","bottom":"0","left":"0","isLinked":""}},"elements":[],"isInner":false,"widgetType":"image","elType":"widget"},{"id":"11d8c726","settings":{"title":"frequently<br>asked questions","align_mobile":"center","title_color":"#0762d9","typography_typography":"custom","typography_font_family":"Palanquin Dark","typography_font_size":{"unit":"rem","size":"3"},"typography_font_size_mobile":{"unit":"em","size":"1.7"},"typography_font_weight":"900","typography_text_transform":"uppercase","typography_line_height":{"unit":"em","size":"0.9"},"typography_letter_spacing":{"unit":"px","size":"4"},"_margin":{"unit":"%","top":"0","right":"0","bottom":"0","left":"0","isLinked":""},"_animation":"fadeIn","align":"center"},"elements":[],"isInner":false,"widgetType":"heading","elType":"widget"},{"id":"647a58ca","settings":{"weight":{"unit":"px","size":"6","sizes":[]},"color":"#52f28a","width":{"unit":"%","size":"9","sizes":[]},"gap":{"unit":"px","size":"5","sizes":[]},"_margin":{"unit":"%","top":"0","right":"0","bottom":"0","left":"0","isLinked":""},"align":"center","align_mobile":"center","text":"Divisor"},"elements":[],"isInner":false,"widgetType":"divider","elType":"widget"},{"id":"660a7d2","settings":{"text_color":"#979cb2","typography_typography":"custom","typography_font_family":"Palanquin","typography_font_size":{"unit":"em","size":"1.1","sizes":[]},"align":"center","typography_font_weight":"400","typography_text_transform":"none","typography_font_style":"normal","typography_text_decoration":"none","typography_line_height":{"unit":"em","size":"1.5","sizes":[]}},"elements":[],"isInner":false,"widgetType":"text-editor","elType":"widget"}],"isInner":"1","elType":"column"}],"isInner":"1","elType":"section"},{"id":"3dd105ae","settings":{"structure":"20"},"elements":[{"id":"19e729dd","settings":{"_column_size":"50"},"elements":[{"id":"3b0dcf62","settings":{"tabs":[{"tab_title":"When registration result is displayed?","tab_content":"<p>Lorem ipsum dolor sit amet, consectetur adipiscing elit. Aenean vitae massa ultrices, vehicula ipsum in, tincidunt nisi. Suspendisse vitae blandit lorem. Donec tincidunt fermentum nunc, a viverra risus aliquam nec. Praesent tortor ipsum, sodales at pulvinar sit amet, varius non odio.\u00a0<\/p>","_id":"22c349c"},{"tab_title":"Lorem ipsum dolor sit amet sectetur ?","tab_content":"<p>Lorem ipsum dolor sit amet, consectetur adipiscing elit. Aenean vitae massa ultrices, vehicula ipsum in, tincidunt nisi. Suspendisse vitae blandit lorem. Donec tincidunt fermentum nunc, a viverra risus aliquam nec. Praesent tortor ipsum, sodales at pulvinar sit amet, varius non odio.\u00a0<\/p>","_id":"79e257d"},{"tab_title":"Lorem ipsum dolor sit amet sectetur ?","tab_content":"<p>Lorem ipsum dolor sit amet, consectetur adipiscing elit. Aenean vitae massa ultrices, vehicula ipsum in, tincidunt nisi. Suspendisse vitae blandit lorem. Donec tincidunt fermentum nunc, a viverra risus aliquam nec. Praesent tortor ipsum, sodales at pulvinar sit amet, varius non odio.\u00a0<\/p>","_id":"ceb30d6"}],"title_color":"#979cb2","tab_active_color":"#0762d9","content_typography_typography":"custom","content_typography_font_size":{"unit":"em","size":"1"},"content_typography_line_height":{"unit":"em","size":"1.6"},"icon":"fa fa-plus-square-o","icon_active":"fa fa-minus-square-o","border_width":{"unit":"px","size":"2","sizes":[]},"border_color":"#ffffff","title_background":"#ffffff","title_typography_typography":"custom","title_typography_font_family":"Palanquin","title_typography_font_size":{"unit":"em","size":"1","sizes":[]},"title_typography_font_weight":"500","title_typography_text_transform":"uppercase","title_typography_font_style":"normal","title_typography_text_decoration":"none","title_typography_line_height":{"unit":"em","size":"0.9","sizes":[]},"title_padding":{"unit":"em","top":"1","right":"1","bottom":"1","left":"1","isLinked":"1"},"content_background_color":"#f7f7f7","content_color":"#979cb2","content_typography_font_family":"Palanquin","_box_shadow_box_shadow_type":"yes","_box_shadow_box_shadow":{"horizontal":"0","vertical":"0","blur":"26","spread":"0","color":"rgba(0,0,0,0.12)"},"_border_radius":{"unit":"px","top":"6","right":"6","bottom":"6","left":"6","isLinked":"1"}},"elements":[],"isInner":false,"widgetType":"accordion","elType":"widget"}],"isInner":"1","elType":"column"},{"id":"6ff51647","settings":{"_column_size":"50"},"elements":[{"id":"2e5a0647","settings":{"tabs":[{"tab_title":"When registration result is displayed?","tab_content":"<p>Lorem ipsum dolor sit amet, consectetur adipiscing elit. Aenean vitae massa ultrices, vehicula ipsum in, tincidunt nisi. Suspendisse vitae blandit lorem. Donec tincidunt fermentum nunc, a viverra risus aliquam nec. Praesent tortor ipsum, sodales at pulvinar sit amet, varius non odio.\u00a0<\/p>","_id":"22c349c"},{"tab_title":"Lorem ipsum dolor sit amet sectetur ?","tab_content":"<p>Lorem ipsum dolor sit amet, consectetur adipiscing elit. Aenean vitae massa ultrices, vehicula ipsum in, tincidunt nisi. Suspendisse vitae blandit lorem. Donec tincidunt fermentum nunc, a viverra risus aliquam nec. Praesent tortor ipsum, sodales at pulvinar sit amet, varius non odio.\u00a0<\/p>","_id":"79e257d"},{"tab_title":"Lorem ipsum dolor sit amet sectetur ?","tab_content":"<p>Lorem ipsum dolor sit amet, consectetur adipiscing elit. Aenean vitae massa ultrices, vehicula ipsum in, tincidunt nisi. Suspendisse vitae blandit lorem. Donec tincidunt fermentum nunc, a viverra risus aliquam nec. Praesent tortor ipsum, sodales at pulvinar sit amet, varius non odio.\u00a0<\/p>","_id":"ceb30d6"}],"title_color":"#979cb2","tab_active_color":"#0762d9","content_typography_typography":"custom","content_typography_font_size":{"unit":"em","size":"1"},"content_typography_line_height":{"unit":"em","size":"1.6"},"icon":"fa fa-plus-square-o","icon_active":"fa fa-minus-square-o","border_width":{"unit":"px","size":"2","sizes":[]},"border_color":"#ffffff","title_background":"#ffffff","title_typography_typography":"custom","title_typography_font_family":"Palanquin","title_typography_font_size":{"unit":"em","size":"1","sizes":[]},"title_typography_font_weight":"500","title_typography_text_transform":"uppercase","title_typography_font_style":"normal","title_typography_text_decoration":"none","title_typography_line_height":{"unit":"em","size":"0.9","sizes":[]},"title_padding":{"unit":"em","top":"1","right":"1","bottom":"1","left":"1","isLinked":"1"},"content_background_color":"#f7f7f7","content_color":"#979cb2","content_typography_font_family":"Palanquin","_box_shadow_box_shadow_type":"yes","_box_shadow_box_shadow":{"horizontal":"0","vertical":"0","blur":"26","spread":"0","color":"rgba(0,0,0,0.12)"},"_border_radius":{"unit":"px","top":"6","right":"6","bottom":"6","left":"6","isLinked":"1"}},"elements":[],"isInner":false,"widgetType":"accordion","elType":"widget"}],"isInner":"1","elType":"column"}],"isInner":"1","elType":"section"}],"isInner":"","elType":"column"}],"isInner":"","elType":"section"},{"id":"29228ae4","settings":{"html_tag":"section","padding":{"unit":"em","top":"4","right":"1","bottom":"4","left":"1","isLinked":""},"padding_mobile":{"unit":"em","top":"3","right":"1","bottom":"3","left":"1","isLinked":""},"structure":"20","background_background":"classic","background_color":"#0762d9","background_color_b":"#0762d9","height":"min-height","custom_height_tablet":{"unit":"vh","size":""},"background_overlay_background":"classic","background_overlay_image":{"url":"http:\/\/sitefacilitado.com.br\/wp-content\/uploads\/2020\/02\/stem_video_background.jpg","id":"514"},"background_overlay_attachment":"fixed","background_overlay_size":"cover","overlay_blend_mode":"lighten","padding_tablet":{"unit":"em","top":"3","right":"1","bottom":"3","left":"1","isLinked":""},"background_overlay_opacity":{"unit":"px","size":"0.15","sizes":[]}},"elements":[{"id":"11e0252","settings":{"_column_size":"50","space_between_widgets":"10","_inline_size":"67.093","_inline_size_tablet":"100","content_position":"center","align":"center","margin":{"unit":"px","top":"0","right":"0","bottom":"0","left":"0","isLinked":""},"margin_tablet":{"unit":"px","top":"0","right":"0","bottom":"0","left":"0","isLinked":""},"padding":{"unit":"em","top":"0","right":"2","bottom":"0","left":"0","isLinked":""},"padding_tablet":{"unit":"px","top":"0","right":"0","bottom":"0","left":"0","isLinked":""},"margin_mobile":{"unit":"px","top":"0","right":"0","bottom":"0","left":"0","isLinked":""},"padding_mobile":{"unit":"px","top":"0","right":"0","bottom":"0","left":"0","isLinked":""}},"elements":[{"id":"16f7996e","settings":[],"elements":[{"id":"63f0e25c","settings":{"_column_size":"100","content_position":"center","space_between_widgets":"10","padding":{"unit":"em","top":"1","right":"1","bottom":"1","left":"1","isLinked":"1"},"_inline_size_tablet":"100","margin_tablet":{"unit":"px","top":"0","right":"0","bottom":"0","left":"0","isLinked":""},"margin_mobile":{"unit":"px","top":"0","right":"0","bottom":"0","left":"0","isLinked":""},"padding_tablet":{"unit":"em","top":"1","right":"1","bottom":"1","left":"1","isLinked":"1"},"padding_mobile":{"unit":"px","top":"0","right":"0","bottom":"0","left":"0","isLinked":""}},"elements":[{"id":"5c8debf5","settings":{"title":"contact us","title_color":"#ffffff","typography_typography":"custom","typography_font_size":{"unit":"rem","size":"3"},"typography_font_weight":"900","typography_text_transform":"uppercase","typography_line_height":{"unit":"em","size":"0.9"},"typography_letter_spacing":{"unit":"px","size":"4"},"align_mobile":"left","typography_font_size_mobile":{"unit":"em","size":"2.7"},"typography_font_family":"Palanquin Dark","_margin":{"unit":"%","top":"0","right":"30","bottom":"0","left":"0","isLinked":""},"_animation":"fadeIn","_margin_mobile":{"unit":"px","top":"0","right":"0","bottom":"0","left":"0","isLinked":"1"}},"elements":[],"isInner":false,"widgetType":"heading","elType":"widget"},{"id":"2aef95b0","settings":{"weight":{"unit":"px","size":"6","sizes":[]},"color":"#52f28a","width":{"unit":"%","size":"9","sizes":[]},"gap":{"unit":"px","size":"5","sizes":[]},"_margin":{"unit":"%","top":"0","right":"0","bottom":"0","left":"0","isLinked":""},"text":"Divisor"},"elements":[],"isInner":false,"widgetType":"divider","elType":"widget"},{"id":"1f143b63","settings":{"title":"get in touch with the school board","title_color":"#ffffff","typography_typography":"custom","typography_font_family":"Palanquin","typography_font_size":{"unit":"em","size":"1.7","sizes":[]},"typography_font_weight":"400","typography_text_transform":"capitalize","header_size":"h3","typography_font_size_mobile":{"unit":"rem","size":"1.2","sizes":[]},"typography_line_height":{"unit":"em","size":"1.2","sizes":[]}},"elements":[],"isInner":false,"widgetType":"heading","elType":"widget"},{"id":"102bdf6f","settings":{"typography_typography":"custom","typography_font_family":"Palanquin","typography_font_size":{"unit":"em","size":"1","sizes":[]},"typography_font_weight":"400","typography_text_transform":"none","typography_font_style":"normal","typography_text_decoration":"none","editor":"<p>Click edit button to change this text. Lorem ipsum dolor sit amet, consectetur adipiscing elit. Ut elit tellus, luctus nec ullamcorper mattis, pulvinar dapibus leo.<\/p>","text_color":"#ffffff","align":"justify","align_mobile":"justify","typography_line_height":{"unit":"em","size":"1.5","sizes":[]},"text_columns":"1","column_gap":{"unit":"px","size":"0","sizes":[]},"_margin":{"unit":"%","top":"0","right":"10","bottom":"0","left":"0","isLinked":""},"_margin_tablet":{"unit":"px","top":"0","right":"0","bottom":"0","left":"0","isLinked":""},"_margin_mobile":{"unit":"px","top":"0","right":"0","bottom":"0","left":"0","isLinked":""},"_padding":{"unit":"em","top":"1","right":"5","bottom":"0","left":"0","isLinked":""},"_padding_mobile":{"unit":"em","top":"0","right":"1","bottom":"0","left":"0","isLinked":""},"_z_index":"1","_background_color":"#ffffff","_border_border":"solid","_border_width":{"unit":"px","top":"0","right":"3","bottom":"0","left":"0","isLinked":""},"_border_color":"#30d979"},"elements":[],"isInner":false,"widgetType":"text-editor","elType":"widget"}],"isInner":"1","elType":"column"}],"isInner":"1","elType":"section"},{"id":"518c1678","settings":{"structure":"30","background_background":"classic","background_color":"rgba(255,255,255,0)","margin":{"unit":"px","top":"0","right":"0","bottom":"0","left":"0","isLinked":""},"padding":{"unit":"em","top":"0","right":"0","bottom":"0","left":"0","isLinked":""},"padding_tablet":{"unit":"em","top":"0","right":"0","bottom":"0","left":"0","isLinked":""},"margin_tablet":{"unit":"px","top":"0","right":"0","bottom":"0","left":"0","isLinked":""},"gap":"no"},"elements":[{"id":"33efac8e","settings":{"_column_size":"33","space_between_widgets":"10","html_tag":"section","background_background":"classic","background_color":"#ffffff","border_border":"solid","border_width":{"unit":"px","top":"0","right":"0","bottom":"5","left":"0","isLinked":""},"border_color":"#0762d9","box_shadow_box_shadow_type":"yes","box_shadow_box_shadow":{"horizontal":"0","vertical":"0","blur":"16","spread":"0","color":"rgba(0,0,0,0.11)"},"border_hover_border":"solid","border_hover_width":{"unit":"px","top":"0","right":"0","bottom":"5","left":"0","isLinked":""},"border_hover_color":"#30d979","margin":{"unit":"%","top":"4","right":"4","bottom":"0","left":"4","isLinked":""},"padding":{"unit":"em","top":"1","right":"1","bottom":"1","left":"1","isLinked":"1"},"border_radius":{"unit":"px","top":"6","right":"6","bottom":"6","left":"6","isLinked":"1"},"margin_tablet":{"unit":"px","top":"6","right":"6","bottom":"6","left":"6","isLinked":"1"},"padding_tablet":{"unit":"em","top":"0","right":"0","bottom":"0","left":"1","isLinked":""},"padding_mobile":{"unit":"em","top":"2","right":"1","bottom":"1","left":"2","isLinked":""}},"elements":[{"id":"280981de","settings":{"icon":"fa fa-calendar-times-o","primary_color":"#0762d9","size":{"unit":"px","size":"30","sizes":[]},"_padding":{"unit":"em","top":"0","right":"0","bottom":"0","left":"0","isLinked":"1"},"align":"left","align_mobile":"left"},"elements":[],"isInner":false,"widgetType":"icon","elType":"widget"},{"id":"7e6d323c","settings":{"title":"attention","header_size":"h3","align_mobile":"left","title_color":"#0762d9","typography_typography":"custom","typography_font_family":"Palanquin Dark","typography_font_size":{"unit":"rem","size":"1.5"},"typography_font_size_mobile":{"unit":"em","size":"1.8"},"typography_font_weight":"900","typography_text_transform":"uppercase","typography_line_height":{"unit":"em","size":"1.2"},"typography_letter_spacing":{"unit":"px","size":"4"},"_margin":{"unit":"%","top":"0","right":"0","bottom":"0","left":"0","isLinked":""},"_animation":"fadeIn","align":"left"},"elements":[],"isInner":false,"widgetType":"heading","elType":"widget"},{"id":"63334678","settings":{"weight":{"unit":"px","size":"6","sizes":[]},"color":"#52f28a","gap":{"unit":"px","size":"36","sizes":[]},"_margin":{"unit":"%","top":"0","right":"0","bottom":"0","left":"0","isLinked":""},"align":"left","_z_index":"11","_element_width":"initial","_element_custom_width":{"unit":"px","size":"36","sizes":[]},"_element_vertical_align":"flex-start","text":"Divisor"},"elements":[],"isInner":false,"widgetType":"divider","elType":"widget"},{"id":"174cee8f","settings":{"text_color":"#4054b2","typography_typography":"custom","typography_font_family":"Palanquin","typography_font_size":{"unit":"em","size":"0.9","sizes":[]},"_padding_mobile":{"unit":"em","top":"0","right":"0","bottom":"0","left":"1","isLinked":""},"editor":"<p>Monday to Friday<\/p><p>9:00 to 9:00 pm<\/p>","_margin":{"unit":"%","top":"17","right":"0","bottom":"0","left":"0","isLinked":""},"typography_line_height":{"unit":"em","size":"0.4","sizes":[]},"typography_font_weight":"600","typography_text_transform":"uppercase","_padding":{"unit":"em","top":"0","right":"0","bottom":"0","left":"1","isLinked":""},"_padding_tablet":{"unit":"em","top":"0","right":"0","bottom":"0","left":"0","isLinked":"1"},"_element_width":"initial","_element_width_tablet":"initial","_element_custom_width":{"unit":"px","size":"155","sizes":[]},"_element_custom_width_tablet":{"unit":"px","size":"205","sizes":[]}},"elements":[],"isInner":false,"widgetType":"text-editor","elType":"widget"}],"isInner":"1","elType":"column"},{"id":"1f1ecf4a","settings":{"_column_size":"33","space_between_widgets":"10","html_tag":"section","background_background":"classic","background_color":"#ffffff","border_border":"solid","border_width":{"unit":"px","top":"0","right":"0","bottom":"5","left":"0","isLinked":""},"border_color":"#0762d9","box_shadow_box_shadow_type":"yes","box_shadow_box_shadow":{"horizontal":"0","vertical":"0","blur":"16","spread":"0","color":"rgba(0,0,0,0.11)"},"border_hover_border":"solid","border_hover_width":{"unit":"px","top":"0","right":"0","bottom":"5","left":"0","isLinked":""},"border_hover_color":"#30d979","margin":{"unit":"%","top":"4","right":"4","bottom":"0","left":"4","isLinked":""},"padding":{"unit":"em","top":"1","right":"1","bottom":"1","left":"1","isLinked":"1"},"border_radius":{"unit":"px","top":"6","right":"6","bottom":"6","left":"6","isLinked":"1"},"margin_tablet":{"unit":"px","top":"6","right":"6","bottom":"6","left":"6","isLinked":"1"},"padding_tablet":{"unit":"em","top":"0","right":"0","bottom":"0","left":"1","isLinked":""},"padding_mobile":{"unit":"em","top":"2","right":"1","bottom":"1","left":"2","isLinked":""}},"elements":[{"id":"2678a3c2","settings":{"icon":"fa fa-phone","primary_color":"#0762d9","size":{"unit":"px","size":"30","sizes":[]},"_padding":{"unit":"em","top":"0","right":"0","bottom":"0","left":"0","isLinked":"1"},"align":"left"},"elements":[],"isInner":false,"widgetType":"icon","elType":"widget"},{"id":"31dd3b3","settings":{"title":"phone","header_size":"h3","align_mobile":"center","title_color":"#0762d9","typography_typography":"custom","typography_font_family":"Palanquin Dark","typography_font_size":{"unit":"rem","size":"1.5"},"typography_font_size_mobile":{"unit":"em","size":"1.8"},"typography_font_weight":"900","typography_text_transform":"uppercase","typography_line_height":{"unit":"em","size":"1.2"},"typography_letter_spacing":{"unit":"px","size":"4"},"_margin":{"unit":"%","top":"0","right":"0","bottom":"0","left":"0","isLinked":""},"_animation":"fadeIn","align":"left"},"elements":[],"isInner":false,"widgetType":"heading","elType":"widget"},{"id":"3f687531","settings":{"weight":{"unit":"px","size":"6","sizes":[]},"color":"#52f28a","gap":{"unit":"px","size":"36","sizes":[]},"_margin":{"unit":"%","top":"0","right":"0","bottom":"0","left":"0","isLinked":""},"align":"left","_z_index":"11","_element_width":"initial","_element_custom_width":{"unit":"px","size":"36","sizes":[]},"_element_vertical_align":"flex-start","text":"Divisor"},"elements":[],"isInner":false,"widgetType":"divider","elType":"widget"},{"id":"165616e6","settings":{"text_color":"#4054b2","typography_typography":"custom","typography_font_family":"Palanquin","typography_font_size":{"unit":"em","size":"1","sizes":[]},"_padding_mobile":{"unit":"em","top":"0","right":"0","bottom":"0","left":"1","isLinked":""},"editor":"+01 333 333 333\n\n+01 333 333 333","_margin":{"unit":"%","top":"17","right":"0","bottom":"0","left":"0","isLinked":""},"typography_line_height":{"unit":"em","size":"1","sizes":[]},"typography_font_weight":"600","typography_text_transform":"uppercase","_padding":{"unit":"em","top":"0","right":"0","bottom":"0","left":"1","isLinked":""},"_padding_tablet":{"unit":"em","top":"0","right":"0","bottom":"0","left":"0","isLinked":"1"},"_element_width":"initial","_element_width_tablet":"initial","_element_custom_width":{"unit":"px","size":"155","sizes":[]},"_element_custom_width_tablet":{"unit":"px","size":"205","sizes":[]}},"elements":[],"isInner":false,"widgetType":"text-editor","elType":"widget"}],"isInner":"1","elType":"column"},{"id":"74fedecb","settings":{"_column_size":"33","space_between_widgets":"10","html_tag":"section","background_background":"classic","background_color":"#ffffff","border_border":"solid","border_width":{"unit":"px","top":"0","right":"0","bottom":"5","left":"0","isLinked":""},"border_color":"#0762d9","box_shadow_box_shadow_type":"yes","box_shadow_box_shadow":{"horizontal":"0","vertical":"0","blur":"16","spread":"0","color":"rgba(0,0,0,0.11)"},"border_hover_border":"solid","border_hover_width":{"unit":"px","top":"0","right":"0","bottom":"5","left":"0","isLinked":""},"border_hover_color":"#30d979","margin":{"unit":"%","top":"4","right":"4","bottom":"0","left":"4","isLinked":""},"padding":{"unit":"em","top":"1","right":"1","bottom":"1","left":"1","isLinked":"1"},"border_radius":{"unit":"px","top":"6","right":"6","bottom":"6","left":"6","isLinked":"1"},"margin_tablet":{"unit":"px","top":"6","right":"6","bottom":"6","left":"6","isLinked":"1"},"padding_tablet":{"unit":"em","top":"0","right":"0","bottom":"0","left":"1","isLinked":""},"padding_mobile":{"unit":"em","top":"2","right":"1","bottom":"1","left":"2","isLinked":""}},"elements":[{"id":"1936b064","settings":{"icon":"fa fa-envelope-o","primary_color":"#0762d9","size":{"unit":"px","size":"30","sizes":[]},"_padding":{"unit":"em","top":"0","right":"0","bottom":"0","left":"0","isLinked":"1"},"align":"left"},"elements":[],"isInner":false,"widgetType":"icon","elType":"widget"},{"id":"390eaf4f","settings":{"title":"email","header_size":"h3","align_mobile":"center","title_color":"#0762d9","typography_typography":"custom","typography_font_family":"Palanquin Dark","typography_font_size":{"unit":"rem","size":"1.5"},"typography_font_size_mobile":{"unit":"em","size":"1.8"},"typography_font_weight":"900","typography_text_transform":"uppercase","typography_line_height":{"unit":"em","size":"1.2"},"typography_letter_spacing":{"unit":"px","size":"4"},"_margin":{"unit":"%","top":"0","right":"0","bottom":"0","left":"0","isLinked":""},"_animation":"fadeIn","align":"left"},"elements":[],"isInner":false,"widgetType":"heading","elType":"widget"},{"id":"189abcf9","settings":{"weight":{"unit":"px","size":"6","sizes":[]},"color":"#52f28a","gap":{"unit":"px","size":"36","sizes":[]},"_margin":{"unit":"%","top":"0","right":"0","bottom":"0","left":"0","isLinked":""},"align":"left","_z_index":"11","_element_width":"initial","_element_custom_width":{"unit":"px","size":"36","sizes":[]},"_element_vertical_align":"flex-start","text":"Divisor"},"elements":[],"isInner":false,"widgetType":"divider","elType":"widget"},{"id":"6f77324d","settings":{"text_color":"#4054b2","typography_typography":"custom","typography_font_family":"Palanquin","typography_font_size":{"unit":"em","size":"0.8","sizes":[]},"_padding_mobile":{"unit":"em","top":"0","right":"0","bottom":"0","left":"1","isLinked":""},"editor":"<p>school@schoolname.com<\/p><p>school@schoolname.com<\/p>","_margin":{"unit":"%","top":"17","right":"0","bottom":"0","left":"0","isLinked":""},"typography_line_height":{"unit":"em","size":"0.4","sizes":[]},"typography_font_weight":"600","typography_text_transform":"lowercase","_padding":{"unit":"em","top":"0","right":"0","bottom":"0","left":"1","isLinked":""},"_padding_tablet":{"unit":"em","top":"0","right":"0","bottom":"0","left":"0","isLinked":"1"},"_element_width":"initial","_element_width_tablet":"initial","_element_custom_width":{"unit":"px","size":"155","sizes":[]},"_element_custom_width_tablet":{"unit":"px","size":"205","sizes":[]}},"elements":[],"isInner":false,"widgetType":"text-editor","elType":"widget"}],"isInner":"1","elType":"column"}],"isInner":"1","elType":"section"}],"isInner":"","elType":"column"},{"id":"31e4795a","settings":{"_column_size":"50","_inline_size":"32.907","_inline_size_tablet":"100","margin":{"unit":"%","top":"0","right":"0","bottom":"0","left":"0","isLinked":""},"margin_tablet":{"unit":"%","top":"2","right":"0","bottom":"0","left":"0","isLinked":""},"padding":{"unit":"em","top":"","right":"","bottom":"","left":"","isLinked":"1"},"content_position":"bottom"},"elements":[{"id":"7da0037c","settings":{"text":"Apply Now","typography_typography":"custom","typography_text_transform":"uppercase","background_color":"#52f28a","border_width":{"unit":"px","top":"1","right":"1","bottom":"1","left":"1","isLinked":"1"},"border_color":"#52f28a","border_radius":{"unit":"px","top":"100","right":"100","bottom":"100","left":"100","isLinked":"1"},"size":"md","typography_font_family":"Palanquin","typography_font_size":{"unit":"em","size":"1","sizes":[]},"button_text_color":"#ffffff","hover_animation":"bob","_padding":{"unit":"em","top":"1","right":"1","bottom":"1","left":"0","isLinked":""},"icon":"fa fa-angle-right","icon_align":"right","align_mobile":"justify","_padding_mobile":{"unit":"em","top":"1","right":"0","bottom":"0","left":"0","isLinked":""},"_element_width_mobile":"inherit","align":"right","typography_font_weight":"600","border_border":"solid","selected_icon":{"value":"fas fa-angle-right","library":"fa-solid"}},"elements":[],"isInner":false,"widgetType":"button","elType":"widget"}],"isInner":"","elType":"column"}],"isInner":"","elType":"section"}]}