{"version":"0.4","title":"escola 5","type":"page","content":[{"id":"4e05a14f","settings":{"stretch_section":"section-stretched","height":"min-height","background_background":"gradient","background_image":{"id":"523","url":"http:\/\/sitefacilitado.com.br\/wp-content\/uploads\/2020\/02\/people-2557396_1280.jpg"},"background_repeat":"no-repeat","background_size":"cover","background_position":"center center","background_color":"#0762d9","background_color_b":"#013c93","background_overlay_background":"classic","background_overlay_image":{"url":"http:\/\/sitefacilitado.com.br\/wp-content\/uploads\/2020\/02\/main_1.jpg","id":"541"},"background_overlay_opacity":{"unit":"px","size":"0.26","sizes":[]},"css_filters_css_filter":"custom","css_filters_saturate":{"unit":"px","size":"0","sizes":[]},"custom_height":{"unit":"vh","size":"40","sizes":[]},"html_tag":"section","margin":{"unit":"px","top":"0","right":"0","bottom":"0","left":"0","isLinked":""},"padding":{"unit":"em","top":"4","right":"0","bottom":"0","left":"0","isLinked":""},"gap":"no","structure":"20","background_overlay_position":"center center","background_overlay_attachment":"fixed","background_overlay_repeat":"no-repeat","background_overlay_size":"cover","padding_mobile":{"unit":"em","top":"3","right":"1","bottom":"1","left":"1","isLinked":""},"column_position":"stretch","content_position":"bottom","overlay_blend_mode":"lighten"},"elements":[{"id":"5e2d2411","settings":{"_column_size":"50","space_between_widgets":"10","content_position":"bottom","align":"flex-start","margin":{"unit":"px","top":"0","right":"0","bottom":"0","left":"0","isLinked":""},"padding":{"unit":"em","top":"0","right":"0","bottom":"10","left":"0","isLinked":""},"margin_mobile":{"unit":"px","top":"0","right":"0","bottom":"0","left":"0","isLinked":""},"padding_mobile":{"unit":"px","top":"0","right":"0","bottom":"0","left":"0","isLinked":""}},"elements":[{"id":"3310d31a","settings":{"title":"school<br>courses","title_color":"#52f28a","typography_typography":"custom","typography_font_size":{"unit":"rem","size":"5"},"header_size":"h1","typography_font_weight":"900","typography_text_transform":"uppercase","typography_line_height":{"unit":"em","size":"0.9"},"typography_letter_spacing":{"unit":"px","size":"4"},"typography_font_size_mobile":{"unit":"em","size":"2.9"},"align_mobile":"center","typography_font_family":"Palanquin Dark","_margin":{"unit":"%","top":"0","right":"30","bottom":"0","left":"0","isLinked":""},"_animation":"fadeIn","_margin_mobile":{"unit":"px","top":"0","right":"0","bottom":"0","left":"0","isLinked":"1"},"_padding_mobile":{"unit":"em","top":"0","right":"0","bottom":"1","left":"0","isLinked":""}},"elements":[],"isInner":false,"widgetType":"heading","elType":"widget"},{"id":"287330ba","settings":{"weight":{"unit":"px","size":"6","sizes":[]},"color":"#52f28a","width":{"unit":"%","size":"9","sizes":[]},"gap":{"unit":"px","size":"5","sizes":[]},"_margin":{"unit":"%","top":"0","right":"0","bottom":"0","left":"0","isLinked":""},"text":"Divisor"},"elements":[],"isInner":false,"widgetType":"divider","elType":"widget"},{"id":"6f4d563f","settings":{"title":"admissions open !","header_size":"span","title_color":"#ffffff","typography_typography":"custom","typography_font_size":{"unit":"rem","size":"2"},"typography_font_weight":"400","typography_text_transform":"capitalize","typography_line_height":{"unit":"em","size":"1.2"},"typography_letter_spacing":{"unit":"px","size":""},"align_mobile":"center","typography_font_size_mobile":{"unit":"em","size":"1.5"},"typography_font_family":"Palanquin","_margin":{"unit":"%","top":"0","right":"0","bottom":"0","left":"0","isLinked":""},"_animation":"fadeInDown","_margin_mobile":{"unit":"px","top":"0","right":"0","bottom":"0","left":"0","isLinked":"1"},"_padding_mobile":{"unit":"px","top":"0","right":"0","bottom":"0","left":"0","isLinked":"1"}},"elements":[],"isInner":false,"widgetType":"heading","elType":"widget"},{"id":"38c07046","settings":{"text":"Apply now","typography_typography":"custom","typography_font_size":{"unit":"em","size":"1","sizes":[]},"typography_text_transform":"uppercase","background_color":"#52f28a","border_radius":{"unit":"px","top":"100","right":"100","bottom":"100","left":"100","isLinked":"1"},"size":"md","typography_font_family":"Palanquin","button_text_color":"#ffffff","hover_animation":"bob","border_border":"solid","border_width":{"unit":"px","top":"1","right":"1","bottom":"1","left":"1","isLinked":"1"},"border_color":"#52f28a","_padding":{"unit":"em","top":"1","right":"1","bottom":"1","left":"0","isLinked":""},"_padding_mobile":{"unit":"em","top":"1","right":"0","bottom":"0","left":"0","isLinked":""},"align_mobile":"justify","_element_width_mobile":"inherit","align":"left","align_tablet":"right","typography_font_weight":"600","_padding_tablet":{"unit":"px","top":"0","right":"0","bottom":"0","left":"0","isLinked":"1"},"_element_width_tablet":"inherit"},"elements":[],"isInner":false,"widgetType":"button","elType":"widget"}],"isInner":"","elType":"column"},{"id":"7821422c","settings":{"_column_size":"50","margin":{"unit":"px","top":"0","right":"0","bottom":"0","left":"0","isLinked":""},"padding":{"unit":"px","top":"0","right":"0","bottom":"0","left":"0","isLinked":""}},"elements":[{"id":"66eacab7","settings":{"image":{"url":"http:\/\/sitefacilitado.com.br\/wp-content\/uploads\/2020\/02\/img_student_main.png","id":"563"},"_margin":{"unit":"px","top":"","right":"","bottom":"","left":"","isLinked":""},"_margin_mobile":{"unit":"%","top":"","right":"","bottom":"","left":"","isLinked":"1"},"_animation":"fadeInRight"},"elements":[],"isInner":false,"widgetType":"image","elType":"widget"}],"isInner":"","elType":"column"}],"isInner":"","elType":"section"},{"id":"577864f3","settings":{"background_background":"gradient","background_color":"#52f28a","background_overlay_background":"classic","background_overlay_image":{"url":"http:\/\/sitefacilitado.com.br\/wp-content\/uploads\/2020\/02\/stem_developer.jpg","id":"515"},"background_overlay_position":"center right","background_overlay_repeat":"no-repeat","background_overlay_size":"cover","background_overlay_opacity":{"unit":"px","size":"0.84","sizes":[]},"css_filters_css_filter":"custom","css_filters_blur":{"unit":"px","size":"2.3","sizes":[]},"overlay_blend_mode":"lighten","padding":{"unit":"em","top":"4","right":"0","bottom":"4","left":"0","isLinked":""},"background_color_b":"#209b68","padding_tablet":{"unit":"em","top":"3","right":"1","bottom":"3","left":"1","isLinked":""},"padding_mobile":{"unit":"em","top":"3","right":"1","bottom":"3","left":"1","isLinked":""},"background_overlay_attachment":"fixed"},"elements":[{"id":"4495c3a4","settings":{"_column_size":"100","space_between_widgets":"10","padding_mobile":{"unit":"px","top":"0","right":"0","bottom":"0","left":"0","isLinked":""},"padding":{"unit":"px","top":"0","right":"0","bottom":"0","left":"0","isLinked":"1"}},"elements":[{"id":"5dd52167","settings":{"title":"MAIN Careers","header_size":"div","title_color":"#ffffff","typography_typography":"custom","typography_font_size":{"unit":"rem","size":"3"},"typography_font_weight":"900","typography_text_transform":"uppercase","typography_line_height":{"unit":"em","size":"0.9"},"typography_letter_spacing":{"unit":"px","size":"4"},"align":"center","align_mobile":"center","typography_font_family":"Palanquin Dark","typography_font_size_mobile":{"unit":"em","size":"3"},"_margin":{"unit":"%","top":"0","right":"0","bottom":"0","left":"0","isLinked":""},"_animation":"fadeIn"},"elements":[],"isInner":false,"widgetType":"heading","elType":"widget"},{"id":"43ff1cc1","settings":{"title":"Best technology careers for the future","header_size":"span","align":"center","title_color":"#ffffff","typography_typography":"custom","typography_font_family":"Palanquin","typography_font_size":{"unit":"em","size":"1","sizes":[]},"typography_font_weight":"500","typography_text_transform":"uppercase"},"elements":[],"isInner":false,"widgetType":"heading","elType":"widget"},{"id":"42395c","settings":{"structure":"30","padding":{"unit":"em","top":"1","right":"0","bottom":"1","left":"0","isLinked":""},"margin_tablet":{"unit":"px","top":"0","right":"0","bottom":"0","left":"0","isLinked":""}},"elements":[{"id":"3881ccd8","settings":{"_column_size":"33","space_between_widgets":"10","background_background":"classic","background_color":"#ffffff","box_shadow_box_shadow_type":"yes","box_shadow_box_shadow":{"horizontal":"0","vertical":"0","blur":"5","spread":"0","color":"rgba(0,0,0,0.3)"},"margin":{"unit":"%","top":"2","right":"2","bottom":"2","left":"2","isLinked":""},"padding":{"unit":"em","top":"2","right":"2","bottom":"2","left":"2","isLinked":"1"},"z_index":"1","_inline_size_tablet":"100","border_radius":{"unit":"px","top":"6","right":"6","bottom":"6","left":"6","isLinked":"1"}},"elements":[{"id":"1e6669a3","settings":{"icon":"fa fa-envira","align":"left","primary_color":"#0762d9","_margin":{"unit":"px","top":"0","right":"0","bottom":"0","left":"0","isLinked":""},"align_mobile":"center","size":{"unit":"px","size":"30","sizes":[]},"_padding":{"unit":"em","top":"1","right":"0","bottom":"1","left":"0","isLinked":""}},"elements":[],"isInner":false,"widgetType":"icon","elType":"widget"},{"id":"3b0b5dee","settings":{"title":"SustainabLE<br>Engeneering","header_size":"h3","align_mobile":"center","title_color":"#0762d9","typography_typography":"custom","typography_font_family":"Palanquin Dark","typography_font_size":{"unit":"rem","size":"1.5"},"typography_font_size_mobile":{"unit":"em","size":"1.8"},"typography_font_weight":"900","typography_text_transform":"uppercase","typography_line_height":{"unit":"em","size":"1.2"},"typography_letter_spacing":{"unit":"px","size":"4"},"_margin":{"unit":"%","top":"0","right":"0","bottom":"0","left":"0","isLinked":""},"_animation":"fadeIn"},"elements":[],"isInner":false,"widgetType":"heading","elType":"widget"},{"id":"2b9a4eee","settings":{"weight":{"unit":"px","size":"6","sizes":[]},"color":"#52f28a","width":{"unit":"%","size":"9","sizes":[]},"gap":{"unit":"px","size":"5","sizes":[]},"_margin":{"unit":"%","top":"0","right":"0","bottom":"0","left":"0","isLinked":""},"width_mobile":{"unit":"%","size":"40","sizes":[]},"align_mobile":"center","text":"Divisor"},"elements":[],"isInner":false,"widgetType":"divider","elType":"widget"},{"id":"43b8564c","settings":{"editor":"<p>Click edit button to change this text. Lorem ipsum dolor sit amet, consectetur adipiscing elit.\u00a0<\/p>","text_color":"#979cb2","typography_typography":"custom","typography_font_family":"Palanquin","typography_font_size":{"unit":"em","size":"0.9","sizes":[]},"typography_font_weight":"400","typography_text_transform":"none","typography_font_style":"normal","typography_text_decoration":"none","typography_line_height":{"unit":"em","size":"1.5","sizes":[]},"align_mobile":"center","_margin":{"unit":"%","top":"0","right":"0","bottom":"0","left":"0","isLinked":""}},"elements":[],"isInner":false,"widgetType":"text-editor","elType":"widget"}],"isInner":"1","elType":"column"},{"id":"551fa5c5","settings":{"_column_size":"33","space_between_widgets":"10","background_background":"classic","background_color":"#ffffff","box_shadow_box_shadow_type":"yes","box_shadow_box_shadow":{"horizontal":"0","vertical":"0","blur":"5","spread":"0","color":"rgba(0,0,0,0.3)"},"margin":{"unit":"%","top":"2","right":"2","bottom":"2","left":"2","isLinked":""},"padding":{"unit":"em","top":"2","right":"2","bottom":"2","left":"2","isLinked":"1"},"z_index":"1","_inline_size_tablet":"50","border_radius":{"unit":"px","top":"6","right":"6","bottom":"6","left":"6","isLinked":"1"}},"elements":[{"id":"b39c74a","settings":{"icon":"fa fa-area-chart","align":"left","primary_color":"#0762d9","align_mobile":"center","_margin":{"unit":"px","top":"0","right":"0","bottom":"0","left":"0","isLinked":""},"size":{"unit":"px","size":"30","sizes":[]},"_padding":{"unit":"em","top":"1","right":"0","bottom":"1","left":"0","isLinked":""}},"elements":[],"isInner":false,"widgetType":"icon","elType":"widget"},{"id":"3e96abef","settings":{"title":"Market Research Data Miner","header_size":"h3","align_mobile":"center","title_color":"#0762d9","typography_typography":"custom","typography_font_family":"Palanquin Dark","typography_font_size":{"unit":"rem","size":"1.5"},"typography_font_size_mobile":{"unit":"em","size":"1.8"},"typography_font_weight":"900","typography_text_transform":"uppercase","typography_line_height":{"unit":"em","size":"1.2"},"typography_letter_spacing":{"unit":"px","size":"4"},"_margin":{"unit":"%","top":"0","right":"0","bottom":"0","left":"0","isLinked":""},"_animation":"fadeIn"},"elements":[],"isInner":false,"widgetType":"heading","elType":"widget"},{"id":"6cbdf548","settings":{"weight":{"unit":"px","size":"6","sizes":[]},"color":"#52f28a","width":{"unit":"%","size":"9","sizes":[]},"gap":{"unit":"px","size":"5","sizes":[]},"_margin":{"unit":"%","top":"0","right":"0","bottom":"0","left":"0","isLinked":""},"align_mobile":"center","width_mobile":{"unit":"%","size":"40","sizes":[]},"text":"Divisor"},"elements":[],"isInner":false,"widgetType":"divider","elType":"widget"},{"id":"1b363ac1","settings":{"editor":"<p>Click edit button to change this text. Lorem ipsum dolor sit amet, consectetur adipiscing elit.\u00a0<\/p>","text_color":"#979cb2","typography_typography":"custom","typography_font_family":"Palanquin","typography_font_size":{"unit":"em","size":"0.9","sizes":[]},"typography_font_weight":"400","typography_text_transform":"none","typography_font_style":"normal","typography_text_decoration":"none","typography_line_height":{"unit":"em","size":"1.5","sizes":[]},"align_mobile":"center","_margin":{"unit":"%","top":"0","right":"0","bottom":"0","left":"0","isLinked":""}},"elements":[],"isInner":false,"widgetType":"text-editor","elType":"widget"}],"isInner":"1","elType":"column"},{"id":"767c3551","settings":{"_column_size":"33","space_between_widgets":"10","background_background":"classic","background_color":"#ffffff","box_shadow_box_shadow_type":"yes","box_shadow_box_shadow":{"horizontal":"0","vertical":"0","blur":"5","spread":"0","color":"rgba(0,0,0,0.3)"},"margin":{"unit":"%","top":"2","right":"2","bottom":"2","left":"2","isLinked":""},"padding":{"unit":"em","top":"2","right":"2","bottom":"2","left":"2","isLinked":"1"},"z_index":"1","_inline_size_tablet":"50","border_radius":{"unit":"px","top":"6","right":"6","bottom":"6","left":"6","isLinked":"1"}},"elements":[{"id":"75c76cb6","settings":{"icon":"fa fa-cloud","align":"left","primary_color":"#0762d9","align_mobile":"center","_margin":{"unit":"px","top":"0","right":"0","bottom":"0","left":"0","isLinked":""},"size":{"unit":"px","size":"30","sizes":[]},"_padding":{"unit":"em","top":"1","right":"0","bottom":"1","left":"0","isLinked":""}},"elements":[],"isInner":false,"widgetType":"icon","elType":"widget"},{"id":"499f0078","settings":{"title":"Cloud Computing Engineering\n\n","header_size":"h3","align_mobile":"center","title_color":"#0762d9","typography_typography":"custom","typography_font_family":"Palanquin Dark","typography_font_size":{"unit":"rem","size":"1.5"},"typography_font_size_mobile":{"unit":"em","size":"1.8"},"typography_font_weight":"900","typography_text_transform":"uppercase","typography_line_height":{"unit":"em","size":"1.2"},"typography_letter_spacing":{"unit":"px","size":"4"},"_margin":{"unit":"%","top":"0","right":"0","bottom":"0","left":"0","isLinked":""},"_animation":"fadeIn"},"elements":[],"isInner":false,"widgetType":"heading","elType":"widget"},{"id":"3b9cbe43","settings":{"weight":{"unit":"px","size":"6","sizes":[]},"color":"#52f28a","width":{"unit":"%","size":"9","sizes":[]},"gap":{"unit":"px","size":"5","sizes":[]},"_margin":{"unit":"%","top":"0","right":"0","bottom":"0","left":"0","isLinked":""},"align_mobile":"center","width_mobile":{"unit":"%","size":"40","sizes":[]},"text":"Divisor"},"elements":[],"isInner":false,"widgetType":"divider","elType":"widget"},{"id":"6637f5f","settings":{"editor":"<p>Click edit button to change this text. Lorem ipsum dolor sit amet, consectetur adipiscing elit.\u00a0<\/p>","text_color":"#979cb2","typography_typography":"custom","typography_font_family":"Palanquin","typography_font_size":{"unit":"em","size":"0.9","sizes":[]},"typography_font_weight":"400","typography_text_transform":"none","typography_font_style":"normal","typography_text_decoration":"none","typography_line_height":{"unit":"em","size":"1.5","sizes":[]},"align_mobile":"center","_margin":{"unit":"%","top":"0","right":"0","bottom":"0","left":"0","isLinked":""}},"elements":[],"isInner":false,"widgetType":"text-editor","elType":"widget"}],"isInner":"1","elType":"column"}],"isInner":"1","elType":"section"},{"id":"44026a31","settings":{"structure":"30","padding":{"unit":"em","top":"0","right":"0","bottom":"1","left":"0","isLinked":""}},"elements":[{"id":"7d4f7dc5","settings":{"_column_size":"33","space_between_widgets":"10","background_background":"classic","background_color":"#ffffff","box_shadow_box_shadow_type":"yes","box_shadow_box_shadow":{"horizontal":"0","vertical":"0","blur":"5","spread":"0","color":"rgba(0,0,0,0.3)"},"margin":{"unit":"%","top":"2","right":"2","bottom":"2","left":"2","isLinked":""},"padding":{"unit":"em","top":"2","right":"2","bottom":"2","left":"2","isLinked":"1"},"z_index":"1","_inline_size_tablet":"50","border_radius":{"unit":"px","top":"6","right":"6","bottom":"6","left":"6","isLinked":"1"}},"elements":[{"id":"1eae20fd","settings":{"icon":"fa fa-connectdevelop","align":"left","primary_color":"#0762d9","_margin":{"unit":"px","top":"0","right":"0","bottom":"0","left":"0","isLinked":""},"align_mobile":"center","size":{"unit":"px","size":"30","sizes":[]},"_padding":{"unit":"em","top":"1","right":"0","bottom":"1","left":"0","isLinked":""}},"elements":[],"isInner":false,"widgetType":"icon","elType":"widget"},{"id":"606b7030","settings":{"title":"CONECTIVITY Engeneering","header_size":"h3","align_mobile":"center","title_color":"#0762d9","typography_typography":"custom","typography_font_family":"Palanquin Dark","typography_font_size":{"unit":"rem","size":"1.5"},"typography_font_size_mobile":{"unit":"em","size":"1.8"},"typography_font_weight":"900","typography_text_transform":"uppercase","typography_line_height":{"unit":"em","size":"1.2"},"typography_letter_spacing":{"unit":"px","size":"4"},"_margin":{"unit":"%","top":"0","right":"0","bottom":"0","left":"0","isLinked":""},"_animation":"fadeIn"},"elements":[],"isInner":false,"widgetType":"heading","elType":"widget"},{"id":"3f87a1c7","settings":{"weight":{"unit":"px","size":"6","sizes":[]},"color":"#52f28a","width":{"unit":"%","size":"9","sizes":[]},"gap":{"unit":"px","size":"5","sizes":[]},"_margin":{"unit":"%","top":"0","right":"0","bottom":"0","left":"0","isLinked":""},"align_mobile":"center","width_mobile":{"unit":"%","size":"40","sizes":[]},"text":"Divisor"},"elements":[],"isInner":false,"widgetType":"divider","elType":"widget"},{"id":"73d5ae5c","settings":{"editor":"<p>Click edit button to change this text. Lorem ipsum dolor sit amet, consectetur adipiscing elit.\u00a0<\/p>","text_color":"#979cb2","typography_typography":"custom","typography_font_family":"Palanquin","typography_font_size":{"unit":"em","size":"0.9","sizes":[]},"typography_font_weight":"400","typography_text_transform":"none","typography_font_style":"normal","typography_text_decoration":"none","typography_line_height":{"unit":"em","size":"1.5","sizes":[]},"align_mobile":"center","_margin":{"unit":"%","top":"0","right":"0","bottom":"0","left":"0","isLinked":""}},"elements":[],"isInner":false,"widgetType":"text-editor","elType":"widget"}],"isInner":"1","elType":"column"},{"id":"643ed7de","settings":{"_column_size":"33","space_between_widgets":"10","background_background":"classic","background_color":"#ffffff","box_shadow_box_shadow_type":"yes","box_shadow_box_shadow":{"horizontal":"0","vertical":"0","blur":"5","spread":"0","color":"rgba(0,0,0,0.3)"},"margin":{"unit":"%","top":"2","right":"2","bottom":"2","left":"2","isLinked":""},"padding":{"unit":"em","top":"2","right":"2","bottom":"2","left":"2","isLinked":"1"},"z_index":"1","_inline_size_tablet":"50","border_radius":{"unit":"px","top":"6","right":"6","bottom":"6","left":"6","isLinked":"1"}},"elements":[{"id":"711c1285","settings":{"icon":"fa fa-sun-o","align":"left","primary_color":"#0762d9","align_mobile":"center","_margin":{"unit":"px","top":"0","right":"0","bottom":"0","left":"0","isLinked":""},"size":{"unit":"px","size":"30","sizes":[]},"_padding":{"unit":"em","top":"1","right":"0","bottom":"1","left":"0","isLinked":""}},"elements":[],"isInner":false,"widgetType":"icon","elType":"widget"},{"id":"10f5fbda","settings":{"title":"Solar Energy Technician","header_size":"h3","align_mobile":"center","title_color":"#0762d9","typography_typography":"custom","typography_font_family":"Palanquin Dark","typography_font_size":{"unit":"rem","size":"1.5"},"typography_font_size_mobile":{"unit":"em","size":"1.8"},"typography_font_weight":"900","typography_text_transform":"uppercase","typography_line_height":{"unit":"em","size":"1.2"},"typography_letter_spacing":{"unit":"px","size":"4"},"_margin":{"unit":"%","top":"0","right":"0","bottom":"0","left":"0","isLinked":""},"_animation":"fadeIn"},"elements":[],"isInner":false,"widgetType":"heading","elType":"widget"},{"id":"799acd06","settings":{"weight":{"unit":"px","size":"6","sizes":[]},"color":"#52f28a","width":{"unit":"%","size":"9","sizes":[]},"gap":{"unit":"px","size":"5","sizes":[]},"_margin":{"unit":"%","top":"0","right":"0","bottom":"0","left":"0","isLinked":""},"align_mobile":"center","width_mobile":{"unit":"%","size":"40","sizes":[]},"text":"Divisor"},"elements":[],"isInner":false,"widgetType":"divider","elType":"widget"},{"id":"4565285b","settings":{"editor":"<p>Click edit button to change this text. Lorem ipsum dolor sit amet, consectetur adipiscing elit.\u00a0<\/p>","text_color":"#979cb2","typography_typography":"custom","typography_font_family":"Palanquin","typography_font_size":{"unit":"em","size":"0.9","sizes":[]},"typography_font_weight":"400","typography_text_transform":"none","typography_font_style":"normal","typography_text_decoration":"none","typography_line_height":{"unit":"em","size":"1.5","sizes":[]},"align_mobile":"center","_margin":{"unit":"%","top":"0","right":"0","bottom":"0","left":"0","isLinked":""}},"elements":[],"isInner":false,"widgetType":"text-editor","elType":"widget"}],"isInner":"1","elType":"column"},{"id":"73328efe","settings":{"_column_size":"33","space_between_widgets":"10","background_background":"classic","background_color":"#ffffff","box_shadow_box_shadow_type":"yes","box_shadow_box_shadow":{"horizontal":"0","vertical":"0","blur":"5","spread":"0","color":"rgba(0,0,0,0.3)"},"margin":{"unit":"%","top":"2","right":"2","bottom":"2","left":"2","isLinked":""},"padding":{"unit":"em","top":"2","right":"2","bottom":"2","left":"2","isLinked":"1"},"z_index":"1","_inline_size_tablet":"100","border_radius":{"unit":"px","top":"6","right":"6","bottom":"6","left":"6","isLinked":"1"}},"elements":[{"id":"4cc723b1","settings":{"icon":"fa fa-cube","align":"left","primary_color":"#0762d9","align_mobile":"center","_margin":{"unit":"px","top":"0","right":"0","bottom":"0","left":"0","isLinked":""},"size":{"unit":"px","size":"30","sizes":[]},"_padding":{"unit":"em","top":"1","right":"0","bottom":"1","left":"0","isLinked":""}},"elements":[],"isInner":false,"widgetType":"icon","elType":"widget"},{"id":"65efb3a4","settings":{"title":"Software Developer\n\n","header_size":"h3","align_mobile":"center","title_color":"#0762d9","typography_typography":"custom","typography_font_family":"Palanquin Dark","typography_font_size":{"unit":"rem","size":"1.5"},"typography_font_size_mobile":{"unit":"em","size":"1.8"},"typography_font_weight":"900","typography_text_transform":"uppercase","typography_line_height":{"unit":"em","size":"1.2"},"typography_letter_spacing":{"unit":"px","size":"4"},"_margin":{"unit":"%","top":"0","right":"0","bottom":"0","left":"0","isLinked":""},"_animation":"fadeIn"},"elements":[],"isInner":false,"widgetType":"heading","elType":"widget"},{"id":"7d419890","settings":{"weight":{"unit":"px","size":"6","sizes":[]},"color":"#52f28a","width":{"unit":"%","size":"9","sizes":[]},"gap":{"unit":"px","size":"5","sizes":[]},"_margin":{"unit":"%","top":"0","right":"0","bottom":"0","left":"0","isLinked":""},"align_mobile":"center","width_mobile":{"unit":"%","size":"40","sizes":[]},"text":"Divisor"},"elements":[],"isInner":false,"widgetType":"divider","elType":"widget"},{"id":"57375450","settings":{"editor":"<p>Click edit button to change this text. Lorem ipsum dolor sit amet, consectetur adipiscing elit.\u00a0<\/p>","text_color":"#979cb2","typography_typography":"custom","typography_font_family":"Palanquin","typography_font_size":{"unit":"em","size":"0.9","sizes":[]},"typography_font_weight":"400","typography_text_transform":"none","typography_font_style":"normal","typography_text_decoration":"none","typography_line_height":{"unit":"em","size":"1.5","sizes":[]},"align_mobile":"center","_margin":{"unit":"%","top":"0","right":"0","bottom":"0","left":"0","isLinked":""}},"elements":[],"isInner":false,"widgetType":"text-editor","elType":"widget"}],"isInner":"1","elType":"column"}],"isInner":"1","elType":"section"},{"id":"7335deef","settings":{"editor":"<p>Lorem ipsum dolor sit amet, consectetur adipiscing elit. Phasellus lobortis velit erat, sed dictum orci bibendum ut.\u00a0<\/p>","align":"center","text_color":"#ffffff","typography_typography":"custom","typography_font_family":"Palanquin","typography_font_size":{"unit":"em","size":"1.2","sizes":[]},"typography_font_weight":"400","typography_text_transform":"none","typography_font_style":"normal","typography_text_decoration":"none","typography_line_height":{"unit":"em","size":"1.5","sizes":[]}},"elements":[],"isInner":false,"widgetType":"text-editor","elType":"widget"},{"id":"7a105b48","settings":{"text":"all careers","typography_typography":"custom","typography_text_transform":"uppercase","background_color":"#0762d9","border_width":{"unit":"px","top":"1","right":"1","bottom":"1","left":"1","isLinked":"1"},"border_color":"#0762d9","border_radius":{"unit":"px","top":"100","right":"100","bottom":"100","left":"100","isLinked":"1"},"align":"center","size":"md","icon":"fa fa-angle-right","icon_align":"right","typography_font_family":"Palanquin","typography_font_size":{"unit":"em","size":"1","sizes":[]},"button_text_color":"#ffffff","hover_animation":"bob","_padding":{"unit":"em","top":"1","right":"1","bottom":"1","left":"0","isLinked":""},"align_mobile":"justify","_padding_mobile":{"unit":"em","top":"1","right":"0","bottom":"0","left":"0","isLinked":""},"_element_width_mobile":"inherit","typography_font_weight":"600","border_border":"solid","selected_icon":{"value":"fas fa-angle-right","library":"fa-solid"}},"elements":[],"isInner":false,"widgetType":"button","elType":"widget"}],"isInner":"","elType":"column"}],"isInner":"","elType":"section"},{"id":"14415cae","settings":{"background_background":"classic","background_color":"#0762d9","background_color_b":"#0540a8","padding":{"unit":"em","top":"4","right":"0","bottom":"4","left":"0","isLinked":""},"gap":"no","padding_tablet":{"unit":"em","top":"1","right":"1","bottom":"1","left":"1","isLinked":"1"},"padding_mobile":{"unit":"em","top":"3","right":"1","bottom":"1","left":"1","isLinked":""},"background_overlay_background":"classic","background_overlay_image":{"url":"http:\/\/sitefacilitado.com.br\/wp-content\/uploads\/2020\/02\/three-students-working-flatlay.jpg","id":"521"},"background_overlay_size":"cover","background_overlay_opacity":{"unit":"px","size":"0.08","sizes":[]},"overlay_blend_mode":"lighten","background_overlay_attachment":"fixed","margin":{"unit":"px","top":"0","right":"0","bottom":"0","left":"0","isLinked":"1"}},"elements":[{"id":"36ab8a75","settings":{"_column_size":"100","align":"flex-end","padding_mobile":{"unit":"em","top":"","right":"","bottom":"","left":"","isLinked":"1"},"margin_tablet":{"unit":"px","top":"0","right":"0","bottom":"0","left":"0","isLinked":""},"margin_mobile":{"unit":"px","top":"0","right":"0","bottom":"0","left":"0","isLinked":""},"padding_tablet":{"unit":"px","top":"0","right":"0","bottom":"0","left":"0","isLinked":""}},"elements":[{"id":"69aa5c60","settings":{"title":"education<br>foundation and focus","title_color":"#ffffff","typography_typography":"custom","typography_font_size":{"unit":"rem","size":"3"},"typography_font_weight":"900","typography_text_transform":"uppercase","typography_line_height":{"unit":"em","size":"1"},"typography_letter_spacing":{"unit":"px","size":"4"},"align_mobile":"left","typography_font_size_mobile":{"unit":"em","size":"2.7"},"typography_font_family":"Palanquin Dark","_margin":{"unit":"%","top":"-10","right":"-3","bottom":"0","left":"-3","isLinked":""},"_animation":"fadeIn","align":"left","_margin_mobile":{"unit":"px","top":"0","right":"0","bottom":"0","left":"0","isLinked":""},"_padding_mobile":{"unit":"px","top":"0","right":"0","bottom":"0","left":"0","isLinked":""},"_padding":{"unit":"em","top":"4","right":"0","bottom":"1","left":"2","isLinked":""},"motion_fx_translateY_effect":"yes","motion_fx_translateY_affectedRange":{"unit":"%","size":"","sizes":{"start":"0","end":"62"}},"_background_background":"classic","_background_color":"#0762d9","_border_radius":{"unit":"px","top":"6","right":"6","bottom":"6","left":"6","isLinked":"1"}},"elements":[],"isInner":false,"widgetType":"heading","elType":"widget"},{"id":"480917cb","settings":{"weight":{"unit":"px","size":"6","sizes":[]},"color":"#52f28a","width":{"unit":"%","size":"9","sizes":[]},"gap":{"unit":"px","size":"5","sizes":[]},"_margin":{"unit":"%","top":"0","right":"0","bottom":"0","left":"0","isLinked":""},"align":"left","motion_fx_translateY_effect":"yes","motion_fx_translateY_affectedRange":{"unit":"%","size":"","sizes":{"start":"0","end":"67"}},"text":"Divisor"},"elements":[],"isInner":false,"widgetType":"divider","elType":"widget"},{"id":"3c6ed060","settings":{"editor":"<div class=\"sec-title\">\n<p class=\"mar-btm-30\">Sed eu erat neque. Duis et sagittis mi. Nunc gravida tristique felis. Morbi aliquam eu eros ut tincidunt. Proin elementum, tellus in ullamcorper imperdiet, mi metus pharetra ante, id pharetra diam nisi a mi.&nbsp;<\/p>\n<\/div>","text_color":"#ffffff","typography_typography":"custom","typography_font_family":"Palanquin","typography_font_size":{"unit":"em","size":"1","sizes":[]},"typography_font_weight":"400","typography_text_transform":"none","typography_font_style":"normal","typography_text_decoration":"none","typography_line_height":{"unit":"em","size":"1.5","sizes":[]},"text_columns":"1","column_gap":{"unit":"px","size":"0","sizes":[]},"_margin":{"unit":"%","top":"0","right":"0","bottom":"0","left":"0","isLinked":""},"_padding":{"unit":"%","top":"0","right":"3","bottom":"0","left":"50","isLinked":""},"_z_index":"1","_background_background":"classic","_border_border":"solid","_border_width":{"unit":"px","top":"0","right":"3","bottom":"0","left":"0","isLinked":""},"_border_color":"#30d979","_padding_mobile":{"unit":"em","top":"1","right":"1","bottom":"0","left":"0","isLinked":""},"align_mobile":"justify"},"elements":[],"isInner":false,"widgetType":"text-editor","elType":"widget"},{"id":"769788a2","settings":{"structure":"30","layout":"full_width","box_shadow_box_shadow":{"horizontal":"0","vertical":"0","blur":"5","spread":"0","color":"rgba(0,0,0,0.5)"},"margin":{"unit":"px","top":"0","right":"0","bottom":"0","left":"0","isLinked":""},"padding":{"unit":"px","top":"0","right":"0","bottom":"0","left":"0","isLinked":""},"motion_fx_translateY_effect":"yes","motion_fx_translateY_affectedRange":{"unit":"%","size":"","sizes":{"start":"8","end":"47"}}},"elements":[{"id":"2a831d67","settings":{"_column_size":"33","content_position":"bottom","space_between_widgets":"10","background_background":"classic","background_color":"#0762d9","background_color_b":"#334893","background_image":{"url":"http:\/\/sitefacilitado.com.br\/wp-content\/uploads\/2020\/02\/main_3.jpg","id":"513"},"background_position":"center center","background_hover_background":"classic","background_hover_color":"#30d979","background_hover_color_b":"#2285cc","background_overlay_background":"classic","background_overlay_color":"#52f28a","background_overlay_color_b":"#0762d9","background_overlay_position":"center center","background_overlay_opacity":{"unit":"px","size":"0.91","sizes":[]},"background_overlay_hover_background":"classic","background_overlay_hover_color_b":"#52f28a","background_overlay_hover_opacity":{"unit":"px","size":"0.95","sizes":[]},"padding":{"unit":"em","top":"2","right":"2","bottom":"2","left":"2","isLinked":"1"},"motion_fx_tilt_effect":"yes","animation":"fadeIn","hide_tablet":"hidden-tablet","hide_mobile":"hidden-phone","background_overlay_color_b_stop":{"unit":"%","size":"88","sizes":[]},"background_overlay_hover_color":"rgba(7,98,217,0.81)","css_filters_hover_css_filter":"custom","css_filters_hover_saturate":{"unit":"px","size":"98","sizes":[]},"background_overlay_hover_transition":{"unit":"px","size":"1.1","sizes":[]},"border_border":"solid","border_width":{"unit":"px","top":"0","right":"0","bottom":"5","left":"0","isLinked":""},"border_color":"#0762d9","border_hover_border":"solid","border_hover_width":{"unit":"px","top":"0","right":"0","bottom":"5","left":"0","isLinked":""},"border_hover_color":"#30d979","margin":{"unit":"%","top":"2","right":"2","bottom":"2","left":"2","isLinked":"1"},"margin_tablet":{"unit":"%","top":"2","right":"2","bottom":"2","left":"2","isLinked":"1"},"padding_tablet":{"unit":"em","top":"1","right":"1","bottom":"1","left":"1","isLinked":"1"},"border_radius":{"unit":"px","top":"6","right":"6","bottom":"6","left":"6","isLinked":"1"}},"elements":[{"id":"50bce9f2","settings":{"icon":"fa fa-street-view","align":"left","primary_color":"#ffffff","_padding":{"unit":"em","top":"10","right":"0","bottom":"0","left":"0","isLinked":""},"align_mobile":"center"},"elements":[],"isInner":false,"widgetType":"icon","elType":"widget"},{"id":"26a0e425","settings":{"title":"human technology","header_size":"h3","align_mobile":"center","title_color":"#ffffff","typography_typography":"custom","typography_font_family":"Moulpali","typography_font_size":{"unit":"rem","size":"1.5"},"typography_font_size_mobile":{"unit":"em","size":"1.8"},"typography_font_weight":"900","typography_text_transform":"uppercase","typography_line_height":{"unit":"em","size":"1.2"},"typography_letter_spacing":{"unit":"px","size":"4"},"_margin":{"unit":"%","top":"0","right":"0","bottom":"0","left":"0","isLinked":""},"_animation":"fadeIn","typography_font_size_tablet":{"unit":"em","size":"1.1","sizes":[]}},"elements":[],"isInner":false,"widgetType":"heading","elType":"widget"},{"id":"2fca2bf6","settings":{"weight":{"unit":"px","size":"6","sizes":[]},"color":"#52f28a","width":{"unit":"%","size":"9","sizes":[]},"gap":{"unit":"px","size":"5","sizes":[]},"_margin":{"unit":"%","top":"0","right":"0","bottom":"0","left":"0","isLinked":""},"align":"left","align_mobile":"center","text":"Divisor"},"elements":[],"isInner":false,"widgetType":"divider","elType":"widget"},{"id":"36c2ec7e","settings":{"title":"Lorem ipsum dolor sit amet, consectetur adipiscing elit. ","title_color":"#ffffff","typography_typography":"custom","typography_font_family":"Palanquin","typography_font_size":{"unit":"em","size":"0.9","sizes":[]},"typography_font_weight":"400","typography_text_transform":"none","header_size":"h3","typography_font_style":"normal","typography_text_decoration":"none","typography_line_height":{"unit":"em","size":"1.5","sizes":[]}},"elements":[],"isInner":false,"widgetType":"heading","elType":"widget"}],"isInner":"1","elType":"column"},{"id":"75327fbe","settings":{"_column_size":"33","content_position":"bottom","space_between_widgets":"10","background_background":"classic","background_color":"#0762d9","background_color_b":"#334893","background_image":{"url":"http:\/\/sitefacilitado.com.br\/wp-content\/uploads\/2020\/02\/hands-typing-code-on-laptop.jpg","id":"520"},"background_position":"center center","background_hover_background":"classic","background_hover_color":"#30d979","background_hover_color_b":"#2285cc","background_overlay_background":"classic","background_overlay_color":"#52f28a","background_overlay_color_b":"#0762d9","background_overlay_position":"center center","background_overlay_opacity":{"unit":"px","size":"0.91","sizes":[]},"background_overlay_hover_background":"classic","background_overlay_hover_color_b":"#52f28a","background_overlay_hover_opacity":{"unit":"px","size":"0.95","sizes":[]},"padding":{"unit":"em","top":"2","right":"2","bottom":"2","left":"2","isLinked":"1"},"motion_fx_tilt_effect":"yes","animation":"fadeIn","hide_tablet":"hidden-tablet","hide_mobile":"hidden-phone","background_overlay_color_b_stop":{"unit":"%","size":"88","sizes":[]},"background_overlay_hover_color":"rgba(7,98,217,0.81)","css_filters_hover_css_filter":"custom","css_filters_hover_saturate":{"unit":"px","size":"98","sizes":[]},"background_overlay_hover_transition":{"unit":"px","size":"1.1","sizes":[]},"border_border":"solid","border_width":{"unit":"px","top":"0","right":"0","bottom":"5","left":"0","isLinked":""},"border_color":"#0762d9","border_hover_border":"solid","border_hover_width":{"unit":"px","top":"0","right":"0","bottom":"5","left":"0","isLinked":""},"border_hover_color":"#30d979","margin":{"unit":"%","top":"2","right":"2","bottom":"2","left":"2","isLinked":"1"},"margin_tablet":{"unit":"%","top":"2","right":"2","bottom":"2","left":"2","isLinked":"1"},"padding_tablet":{"unit":"em","top":"1","right":"1","bottom":"1","left":"1","isLinked":"1"},"border_radius":{"unit":"px","top":"6","right":"6","bottom":"6","left":"6","isLinked":"1"}},"elements":[{"id":"7490a421","settings":{"icon":"fa fa-bolt","align":"left","primary_color":"#ffffff","_padding":{"unit":"em","top":"10","right":"0","bottom":"0","left":"0","isLinked":""},"align_mobile":"center"},"elements":[],"isInner":false,"widgetType":"icon","elType":"widget"},{"id":"1832c16f","settings":{"title":"renewable<br>technologies","header_size":"h3","align_mobile":"center","title_color":"#ffffff","typography_typography":"custom","typography_font_family":"Moulpali","typography_font_size":{"unit":"rem","size":"1.5"},"typography_font_size_mobile":{"unit":"em","size":"1.8"},"typography_font_weight":"900","typography_text_transform":"uppercase","typography_line_height":{"unit":"em","size":"1.2"},"typography_letter_spacing":{"unit":"px","size":"4"},"_margin":{"unit":"%","top":"0","right":"0","bottom":"0","left":"0","isLinked":""},"_animation":"fadeIn","typography_font_size_tablet":{"unit":"em","size":"1.1","sizes":[]}},"elements":[],"isInner":false,"widgetType":"heading","elType":"widget"},{"id":"15f9a20a","settings":{"weight":{"unit":"px","size":"6","sizes":[]},"color":"#52f28a","width":{"unit":"%","size":"9","sizes":[]},"gap":{"unit":"px","size":"5","sizes":[]},"_margin":{"unit":"%","top":"0","right":"0","bottom":"0","left":"0","isLinked":""},"align":"left","align_mobile":"center","text":"Divisor"},"elements":[],"isInner":false,"widgetType":"divider","elType":"widget"},{"id":"6cb96222","settings":{"title":"Lorem ipsum dolor sit amet, consectetur adipiscing elit. ","title_color":"#ffffff","typography_typography":"custom","typography_font_family":"Palanquin","typography_font_size":{"unit":"em","size":"0.9","sizes":[]},"typography_font_weight":"400","typography_text_transform":"none","header_size":"h3","typography_font_style":"normal","typography_text_decoration":"none","typography_line_height":{"unit":"em","size":"1.5","sizes":[]}},"elements":[],"isInner":false,"widgetType":"heading","elType":"widget"}],"isInner":"1","elType":"column"},{"id":"2f385fee","settings":{"_column_size":"33","content_position":"bottom","space_between_widgets":"10","background_background":"classic","background_color":"#0762d9","background_color_b":"#334893","background_image":{"url":"http:\/\/sitefacilitado.com.br\/wp-content\/uploads\/2020\/02\/stem_game.jpg","id":"539"},"background_position":"center center","background_hover_background":"classic","background_hover_color":"#30d979","background_hover_color_b":"#2285cc","background_overlay_background":"classic","background_overlay_color":"#52f28a","background_overlay_color_b":"#0762d9","background_overlay_position":"center center","background_overlay_opacity":{"unit":"px","size":"0.91","sizes":[]},"background_overlay_hover_background":"classic","background_overlay_hover_color_b":"#52f28a","background_overlay_hover_opacity":{"unit":"px","size":"0.95","sizes":[]},"padding":{"unit":"em","top":"2","right":"2","bottom":"2","left":"2","isLinked":"1"},"motion_fx_tilt_effect":"yes","animation":"fadeIn","hide_tablet":"hidden-tablet","hide_mobile":"hidden-phone","background_overlay_color_b_stop":{"unit":"%","size":"88","sizes":[]},"background_overlay_hover_color":"rgba(7,98,217,0.81)","css_filters_hover_css_filter":"custom","css_filters_hover_saturate":{"unit":"px","size":"98","sizes":[]},"background_overlay_hover_transition":{"unit":"px","size":"1.1","sizes":[]},"border_border":"solid","border_width":{"unit":"px","top":"0","right":"0","bottom":"5","left":"0","isLinked":""},"border_color":"#0762d9","border_hover_border":"solid","border_hover_width":{"unit":"px","top":"0","right":"0","bottom":"5","left":"0","isLinked":""},"border_hover_color":"#30d979","margin":{"unit":"%","top":"2","right":"2","bottom":"2","left":"2","isLinked":"1"},"margin_tablet":{"unit":"%","top":"2","right":"2","bottom":"2","left":"2","isLinked":"1"},"padding_tablet":{"unit":"em","top":"1","right":"1","bottom":"1","left":"1","isLinked":"1"},"border_radius":{"unit":"px","top":"6","right":"6","bottom":"6","left":"6","isLinked":"1"}},"elements":[{"id":"7112ce8c","settings":{"icon":"fa fa-code","align":"left","primary_color":"#ffffff","_padding":{"unit":"em","top":"10","right":"0","bottom":"0","left":"0","isLinked":""},"align_mobile":"center"},"elements":[],"isInner":false,"widgetType":"icon","elType":"widget"},{"id":"600e390b","settings":{"title":"software<br>development","header_size":"h3","align_mobile":"center","title_color":"#ffffff","typography_typography":"custom","typography_font_family":"Moulpali","typography_font_size":{"unit":"rem","size":"1.5"},"typography_font_size_mobile":{"unit":"em","size":"1.8"},"typography_font_weight":"900","typography_text_transform":"uppercase","typography_line_height":{"unit":"em","size":"1.2"},"typography_letter_spacing":{"unit":"px","size":"4"},"_margin":{"unit":"%","top":"0","right":"0","bottom":"0","left":"0","isLinked":""},"_animation":"fadeIn","typography_font_size_tablet":{"unit":"em","size":"1.1","sizes":[]}},"elements":[],"isInner":false,"widgetType":"heading","elType":"widget"},{"id":"5fc18147","settings":{"weight":{"unit":"px","size":"6","sizes":[]},"color":"#52f28a","width":{"unit":"%","size":"9","sizes":[]},"gap":{"unit":"px","size":"5","sizes":[]},"_margin":{"unit":"%","top":"0","right":"0","bottom":"0","left":"0","isLinked":""},"align":"left","align_mobile":"center","text":"Divisor"},"elements":[],"isInner":false,"widgetType":"divider","elType":"widget"},{"id":"4feed137","settings":{"title":"Lorem ipsum dolor sit amet, consectetur adipiscing elit. ","title_color":"#ffffff","typography_typography":"custom","typography_font_family":"Palanquin","typography_font_size":{"unit":"em","size":"0.9","sizes":[]},"typography_font_weight":"400","typography_text_transform":"none","header_size":"h3","typography_font_style":"normal","typography_text_decoration":"none","typography_line_height":{"unit":"em","size":"1.5","sizes":[]}},"elements":[],"isInner":false,"widgetType":"heading","elType":"widget"}],"isInner":"1","elType":"column"}],"isInner":"1","elType":"section"},{"id":"40ac0d5b","settings":{"text":"view careers","size":"md","typography_typography":"custom","typography_font_family":"Palanquin","typography_font_size":{"unit":"em","size":"1","sizes":[]},"typography_text_transform":"uppercase","button_text_color":"#52f28a","background_color":"rgba(48,217,121,0)","hover_animation":"bob","border_radius":{"unit":"px","top":"100","right":"100","bottom":"100","left":"100","isLinked":"1"},"_padding":{"unit":"em","top":"1","right":"1","bottom":"1","left":"0","isLinked":""},"_element_width":"auto","icon":"fa fa-angle-right","icon_align":"right","border_border":"solid","border_width":{"unit":"px","top":"2","right":"2","bottom":"2","left":"2","isLinked":"1"},"border_color":"#52f28a","align_mobile":"justify","_padding_mobile":{"unit":"em","top":"1","right":"0","bottom":"1","left":"0","isLinked":""},"_element_width_mobile":"inherit","align_tablet":"center","typography_font_weight":"600","typography_letter_spacing":{"unit":"px","size":"0","sizes":[]},"_margin_mobile":{"unit":"px","top":"0","right":"0","bottom":"0","left":"0","isLinked":""},"_element_width_tablet":"inherit","selected_icon":{"value":"fas fa-angle-right","library":"fa-solid"}},"elements":[],"isInner":false,"widgetType":"button","elType":"widget"}],"isInner":"","elType":"column"}],"isInner":"","elType":"section"},{"id":"2c7d87d","settings":{"html_tag":"section","structure":"20","background_background":"classic","background_color":"#ffffff","padding":{"unit":"em","top":"4","right":"0","bottom":"4","left":"0","isLinked":""},"background_color_b":"#eaeaea","padding_mobile":{"unit":"em","top":"3","right":"1","bottom":"3","left":"1","isLinked":""},"padding_tablet":{"unit":"em","top":"3","right":"1","bottom":"3","left":"1","isLinked":""}},"elements":[{"id":"c7e33b","settings":{"_column_size":"50","space_between_widgets":"10","box_shadow_box_shadow":{"horizontal":"0","vertical":"0","blur":"20","spread":"2","color":"rgba(0,0,0,0.13)"},"margin":{"unit":"px","top":"0","right":"0","bottom":"0","left":"-1","isLinked":""},"padding":{"unit":"em","top":"2","right":"2","bottom":"0","left":"2","isLinked":""},"background_background":"classic","background_color":"#ffffff","_inline_size_tablet":"100","padding_mobile":{"unit":"em","top":"1","right":"1","bottom":"1","left":"1","isLinked":"1"},"content_position":"center","border_radius":{"unit":"px","top":"6","right":"6","bottom":"6","left":"6","isLinked":"1"},"padding_tablet":{"unit":"em","top":"3","right":"3","bottom":"3","left":"3","isLinked":"1"}},"elements":[{"id":"13e53b1a","settings":{"title":"certifications","title_color":"#0762d9","typography_typography":"custom","typography_font_size":{"unit":"rem","size":"3"},"typography_font_weight":"900","typography_text_transform":"uppercase","typography_line_height":{"unit":"em","size":"0.9"},"typography_letter_spacing":{"unit":"px","size":"2"},"align_mobile":"center","typography_font_size_mobile":{"unit":"em","size":"3"},"typography_font_family":"Palanquin Dark","_margin":{"unit":"%","top":"0","right":"30","bottom":"0","left":"0","isLinked":""},"_animation":"fadeIn","_margin_mobile":{"unit":"px","top":"0","right":"0","bottom":"0","left":"0","isLinked":""},"_padding_mobile":{"unit":"px","top":"0","right":"0","bottom":"0","left":"0","isLinked":""}},"elements":[],"isInner":false,"widgetType":"heading","elType":"widget"},{"id":"8907c23","settings":{"weight":{"unit":"px","size":"6","sizes":[]},"color":"#52f28a","width":{"unit":"%","size":"9","sizes":[]},"gap":{"unit":"px","size":"12","sizes":[]},"width_mobile":{"unit":"%","size":"28","sizes":[]},"align_mobile":"center","text":"Divisor"},"elements":[],"isInner":false,"widgetType":"divider","elType":"widget"},{"id":"715a0fe","settings":{"title":"Innovation that excites","title_color":"#979cb2","typography_typography":"custom","typography_font_family":"Palanquin","typography_font_size":{"unit":"em","size":"1","sizes":[]},"typography_font_weight":"500","typography_text_transform":"uppercase","align_mobile":"center"},"elements":[],"isInner":false,"widgetType":"heading","elType":"widget"},{"id":"23add9e4","settings":{"editor":"<p>Lorem ipsum dolor sit amet, consectetur adipiscing elit. Cras vel nulla quis nulla egestas dignissim. Aliquam ante nisl, ullamcorper eget lacus et, euismod rutrum orci.<\/p><p>Quisque condimentum congue condimentum. Donec at malesuada purus. Donec metus arcu, bibendum ut aliquam a, egestas accumsan felis<\/p>","text_color":"#979cb2","typography_typography":"custom","typography_font_family":"Palanquin","typography_font_size":{"unit":"em","size":"1","sizes":[]},"typography_font_weight":"400","typography_text_transform":"none","typography_font_style":"normal","typography_text_decoration":"none","typography_line_height":{"unit":"em","size":"1.5","sizes":[]},"text_columns":"1","column_gap":{"unit":"px","size":"0","sizes":[]},"_margin":{"unit":"%","top":"0","right":"10","bottom":"0","left":"0","isLinked":""},"_padding":{"unit":"em","top":"1","right":"5","bottom":"0","left":"0","isLinked":""},"_z_index":"1","_background_color":"#ffffff","_border_border":"solid","_border_width":{"unit":"px","top":"0","right":"3","bottom":"0","left":"0","isLinked":""},"_border_color":"#30d979","_margin_tablet":{"unit":"px","top":"0","right":"0","bottom":"0","left":"0","isLinked":""},"_margin_mobile":{"unit":"px","top":"0","right":"0","bottom":"0","left":"0","isLinked":""},"_padding_mobile":{"unit":"em","top":"0","right":"0","bottom":"0","left":"1","isLinked":""}},"elements":[],"isInner":false,"widgetType":"text-editor","elType":"widget"},{"id":"22f930a5","settings":{"text":"about us","size":"md","typography_typography":"custom","typography_font_family":"Palanquin","typography_font_size":{"unit":"em","size":"1","sizes":[]},"typography_text_transform":"uppercase","button_text_color":"#ffffff","background_color":"#0762d9","hover_animation":"bob","border_radius":{"unit":"px","top":"100","right":"100","bottom":"100","left":"100","isLinked":"1"},"_padding":{"unit":"em","top":"1","right":"1","bottom":"1","left":"0","isLinked":""},"_element_width":"auto","icon":"fa fa-angle-right","icon_align":"right","border_border":"solid","border_width":{"unit":"px","top":"1","right":"1","bottom":"1","left":"1","isLinked":"1"},"border_color":"#0762d9","align_mobile":"justify","_padding_mobile":{"unit":"em","top":"1","right":"0","bottom":"0","left":"0","isLinked":""},"_element_width_mobile":"inherit","typography_font_weight":"600","selected_icon":{"value":"fas fa-angle-right","library":"fa-solid"}},"elements":[],"isInner":false,"widgetType":"button","elType":"widget"},{"id":"32f4b367","settings":{"text":"careers","size":"md","typography_typography":"custom","typography_font_family":"Palanquin","typography_font_size":{"unit":"em","size":"1","sizes":[]},"typography_text_transform":"uppercase","button_text_color":"#979cb2","background_color":"rgba(48,217,121,0)","hover_animation":"bob","border_radius":{"unit":"px","top":"100","right":"100","bottom":"100","left":"100","isLinked":"1"},"_padding":{"unit":"em","top":"1","right":"1","bottom":"1","left":"0","isLinked":""},"_element_width":"auto","icon":"fa fa-angle-right","icon_align":"right","border_border":"solid","border_width":{"unit":"px","top":"2","right":"2","bottom":"2","left":"2","isLinked":"1"},"border_color":"#0762d9","_element_width_mobile":"inherit","align_mobile":"justify","_margin_mobile":{"unit":"px","top":"0","right":"0","bottom":"0","left":"0","isLinked":""},"_padding_mobile":{"unit":"em","top":"1","right":"0","bottom":"1","left":"0","isLinked":""},"typography_font_weight":"500","selected_icon":{"value":"fas fa-angle-right","library":"fa-solid"}},"elements":[],"isInner":false,"widgetType":"button","elType":"widget"}],"isInner":"","elType":"column"},{"id":"616076be","settings":{"_column_size":"50","margin":{"unit":"%","top":"","right":"","bottom":"","left":"","isLinked":"1"},"padding":{"unit":"em","top":"","right":"","bottom":"","left":"","isLinked":"1"},"_inline_size_tablet":"100","margin_tablet":{"unit":"%","top":"0","right":"0","bottom":"0","left":"0","isLinked":""},"padding_tablet":{"unit":"em","top":"0","right":"0","bottom":"0","left":"0","isLinked":""}},"elements":[{"id":"62f7a14d","settings":{"structure":"20"},"elements":[{"id":"5fcded7b","settings":{"_column_size":"50","space_between_widgets":"10","html_tag":"section","background_background":"classic","background_color":"#ffffff","border_border":"solid","border_width":{"unit":"px","top":"0","right":"0","bottom":"5","left":"0","isLinked":""},"border_color":"#0762d9","border_radius":{"unit":"px","top":"6","right":"6","bottom":"6","left":"6","isLinked":"1"},"box_shadow_box_shadow_type":"yes","box_shadow_box_shadow":{"horizontal":"0","vertical":"0","blur":"16","spread":"0","color":"rgba(0,0,0,0.11)"},"border_hover_border":"solid","border_hover_width":{"unit":"px","top":"0","right":"0","bottom":"5","left":"0","isLinked":""},"border_hover_color":"#30d979","margin":{"unit":"%","top":"4","right":"4","bottom":"0","left":"4","isLinked":""},"margin_tablet":{"unit":"px","top":"6","right":"6","bottom":"6","left":"6","isLinked":"1"},"padding":{"unit":"em","top":"1","right":"1","bottom":"1","left":"1","isLinked":"1"},"padding_tablet":{"unit":"em","top":"0","right":"0","bottom":"0","left":"1","isLinked":""},"padding_mobile":{"unit":"em","top":"2","right":"1","bottom":"1","left":"2","isLinked":""}},"elements":[{"id":"109e3c85","settings":{"image":{"url":"http:\/\/sitefacilitado.com.br\/wp-content\/uploads\/2020\/02\/img_cert_3.jpg","id":"564"},"width":{"unit":"%","size":"40","sizes":[]},"opacity":{"unit":"px","size":"0.49","sizes":[]},"_margin":{"unit":"%","top":"","right":"","bottom":"","left":"","isLinked":"1"},"_padding":{"unit":"em","top":"2","right":"0","bottom":"2","left":"0","isLinked":""}},"elements":[],"isInner":false,"widgetType":"image","elType":"widget"}],"isInner":"1","elType":"column"},{"id":"6b76429b","settings":{"_column_size":"50","space_between_widgets":"10","html_tag":"section","background_background":"classic","background_color":"#ffffff","border_border":"solid","border_width":{"unit":"px","top":"0","right":"0","bottom":"5","left":"0","isLinked":""},"border_color":"#0762d9","border_radius":{"unit":"px","top":"6","right":"6","bottom":"6","left":"6","isLinked":"1"},"box_shadow_box_shadow_type":"yes","box_shadow_box_shadow":{"horizontal":"0","vertical":"0","blur":"16","spread":"0","color":"rgba(0,0,0,0.11)"},"border_hover_border":"solid","border_hover_width":{"unit":"px","top":"0","right":"0","bottom":"5","left":"0","isLinked":""},"border_hover_color":"#30d979","margin":{"unit":"%","top":"4","right":"4","bottom":"0","left":"4","isLinked":""},"margin_tablet":{"unit":"px","top":"6","right":"6","bottom":"6","left":"6","isLinked":"1"},"padding":{"unit":"em","top":"1","right":"1","bottom":"1","left":"1","isLinked":"1"},"padding_tablet":{"unit":"em","top":"0","right":"0","bottom":"0","left":"1","isLinked":""},"padding_mobile":{"unit":"em","top":"2","right":"1","bottom":"1","left":"2","isLinked":""}},"elements":[{"id":"675db7da","settings":{"image":{"url":"http:\/\/sitefacilitado.com.br\/wp-content\/uploads\/2020\/02\/img_cert_1.jpg","id":"565"},"width":{"unit":"%","size":"40","sizes":[]},"opacity":{"unit":"px","size":"0.49","sizes":[]},"_margin":{"unit":"%","top":"","right":"","bottom":"","left":"","isLinked":"1"},"_padding":{"unit":"em","top":"2","right":"0","bottom":"2","left":"0","isLinked":""}},"elements":[],"isInner":false,"widgetType":"image","elType":"widget"}],"isInner":"1","elType":"column"}],"isInner":"1","elType":"section"},{"id":"2e58aac6","settings":{"structure":"20"},"elements":[{"id":"77d66bca","settings":{"_column_size":"50","space_between_widgets":"10","html_tag":"section","background_background":"classic","background_color":"#ffffff","border_border":"solid","border_width":{"unit":"px","top":"0","right":"0","bottom":"5","left":"0","isLinked":""},"border_color":"#0762d9","border_radius":{"unit":"px","top":"6","right":"6","bottom":"6","left":"6","isLinked":"1"},"box_shadow_box_shadow_type":"yes","box_shadow_box_shadow":{"horizontal":"0","vertical":"0","blur":"16","spread":"0","color":"rgba(0,0,0,0.11)"},"border_hover_border":"solid","border_hover_width":{"unit":"px","top":"0","right":"0","bottom":"5","left":"0","isLinked":""},"border_hover_color":"#30d979","margin":{"unit":"%","top":"4","right":"4","bottom":"0","left":"4","isLinked":""},"margin_tablet":{"unit":"px","top":"6","right":"6","bottom":"6","left":"6","isLinked":"1"},"padding":{"unit":"em","top":"1","right":"1","bottom":"1","left":"1","isLinked":"1"},"padding_tablet":{"unit":"em","top":"0","right":"0","bottom":"0","left":"1","isLinked":""},"padding_mobile":{"unit":"em","top":"2","right":"1","bottom":"1","left":"2","isLinked":""}},"elements":[{"id":"19b2a809","settings":{"image":{"url":"http:\/\/sitefacilitado.com.br\/wp-content\/uploads\/2020\/02\/img_cert_2.jpg","id":"566"},"width":{"unit":"%","size":"40","sizes":[]},"opacity":{"unit":"px","size":"0.49","sizes":[]},"_margin":{"unit":"%","top":"","right":"","bottom":"","left":"","isLinked":"1"},"_padding":{"unit":"em","top":"2","right":"0","bottom":"2","left":"0","isLinked":""}},"elements":[],"isInner":false,"widgetType":"image","elType":"widget"}],"isInner":"1","elType":"column"},{"id":"3d1d23dc","settings":{"_column_size":"50","space_between_widgets":"10","html_tag":"section","background_background":"classic","background_color":"#ffffff","border_border":"solid","border_width":{"unit":"px","top":"0","right":"0","bottom":"5","left":"0","isLinked":""},"border_color":"#0762d9","border_radius":{"unit":"px","top":"6","right":"6","bottom":"6","left":"6","isLinked":"1"},"box_shadow_box_shadow_type":"yes","box_shadow_box_shadow":{"horizontal":"0","vertical":"0","blur":"16","spread":"0","color":"rgba(0,0,0,0.11)"},"border_hover_border":"solid","border_hover_width":{"unit":"px","top":"0","right":"0","bottom":"5","left":"0","isLinked":""},"border_hover_color":"#30d979","margin":{"unit":"%","top":"4","right":"4","bottom":"0","left":"4","isLinked":""},"margin_tablet":{"unit":"px","top":"6","right":"6","bottom":"6","left":"6","isLinked":"1"},"padding":{"unit":"em","top":"1","right":"1","bottom":"1","left":"1","isLinked":"1"},"padding_tablet":{"unit":"em","top":"0","right":"0","bottom":"0","left":"1","isLinked":""},"padding_mobile":{"unit":"em","top":"2","right":"1","bottom":"1","left":"2","isLinked":""}},"elements":[{"id":"4baaecf2","settings":{"image":{"url":"http:\/\/sitefacilitado.com.br\/wp-content\/uploads\/2020\/02\/img_cert_3.jpg","id":"564"},"width":{"unit":"%","size":"40","sizes":[]},"opacity":{"unit":"px","size":"0.49","sizes":[]},"_margin":{"unit":"%","top":"","right":"","bottom":"","left":"","isLinked":"1"},"_padding":{"unit":"em","top":"2","right":"0","bottom":"2","left":"0","isLinked":""}},"elements":[],"isInner":false,"widgetType":"image","elType":"widget"}],"isInner":"1","elType":"column"}],"isInner":"1","elType":"section"},{"id":"51250c64","settings":{"icon":"fa fa-angle-down","align":"right","primary_color":"#30d979","size":{"unit":"px","size":"42","sizes":[]},"_padding":{"unit":"em","top":"0","right":"1","bottom":"0","left":"0","isLinked":""},"_animation":"fadeInLeft","hover_animation":"hang","align_tablet":"center"},"elements":[],"isInner":false,"widgetType":"icon","elType":"widget"}],"isInner":"","elType":"column"}],"isInner":"","elType":"section"},{"id":"6a070e5e","settings":{"height":"min-height","structure":"20","background_background":"classic","custom_height_tablet":{"unit":"vh","size":"100"},"html_tag":"section","background_color":"#ffffff","background_color_b":"#0762d9","padding":{"unit":"em","top":"2","right":"1","bottom":"4","left":"1","isLinked":""},"reverse_order_tablet":"reverse-tablet","reverse_order_mobile":"reverse-mobile","padding_mobile":{"unit":"em","top":"3","right":"1","bottom":"3","left":"1","isLinked":""},"background_overlay_image":{"url":"http:\/\/sitefacilitado.com.br\/wp-content\/uploads\/2020\/02\/stem_video_background.jpg","id":"514"},"background_overlay_attachment":"fixed","background_overlay_size":"cover","overlay_blend_mode":"lighten"},"elements":[{"id":"31e1c970","settings":{"_column_size":"50","content_position":"center","_inline_size_tablet":"100","margin_mobile":{"unit":"px","top":"0","right":"0","bottom":"0","left":"0","isLinked":""},"padding_mobile":{"unit":"px","top":"0","right":"0","bottom":"0","left":"0","isLinked":""},"margin":{"unit":"px","top":"0","right":"0","bottom":"0","left":"0","isLinked":"1"},"padding":{"unit":"px","top":"0","right":"0","bottom":"0","left":"0","isLinked":"1"},"box_shadow_box_shadow":{"horizontal":"0","vertical":"0","blur":"17","spread":"0","color":"rgba(0,0,0,0.1)"}},"elements":[{"id":"45551fa3","settings":{"margin":{"unit":"px","top":"0","right":"0","bottom":"0","left":"0","isLinked":"1"}},"elements":[{"id":"42ece5f0","settings":{"_column_size":"100","space_between_widgets":"10","background_background":"classic","background_color":"#ffffff","box_shadow_box_shadow_type":"yes","box_shadow_box_shadow":{"horizontal":"0","vertical":"0","blur":"18","spread":"0","color":"rgba(0,0,0,0.1)"},"margin":{"unit":"%","top":"2","right":"2","bottom":"2","left":"2","isLinked":""},"padding":{"unit":"em","top":"2","right":"2","bottom":"2","left":"2","isLinked":"1"},"z_index":"1","_inline_size_tablet":"50","border_radius":{"unit":"px","top":"6","right":"6","bottom":"6","left":"6","isLinked":"1"}},"elements":[{"id":"37aa9de5","settings":{"icon":"fa fa-font","align":"left","primary_color":"#0762d9","align_mobile":"center","size":{"unit":"px","size":"38","sizes":[]}},"elements":[],"isInner":false,"widgetType":"icon","elType":"widget"},{"id":"2534d18e","settings":{"title":"academic exellence","header_size":"h3","align_mobile":"center","title_color":"#0762d9","typography_typography":"custom","typography_font_family":"Palanquin Dark","typography_font_size":{"unit":"rem","size":"1.5"},"typography_font_size_mobile":{"unit":"em","size":"1.8"},"typography_font_weight":"900","typography_text_transform":"uppercase","typography_line_height":{"unit":"em","size":"1.2"},"typography_letter_spacing":{"unit":"px","size":"4"},"_margin":{"unit":"%","top":"0","right":"0","bottom":"0","left":"0","isLinked":""},"_animation":"fadeIn"},"elements":[],"isInner":false,"widgetType":"heading","elType":"widget"},{"id":"1dc84040","settings":{"weight":{"unit":"px","size":"6","sizes":[]},"color":"#52f28a","width":{"unit":"%","size":"9","sizes":[]},"gap":{"unit":"px","size":"5","sizes":[]},"_margin":{"unit":"%","top":"0","right":"0","bottom":"0","left":"0","isLinked":""},"width_mobile":{"unit":"%","size":"40","sizes":[]},"align_mobile":"center","text":"Divisor"},"elements":[],"isInner":false,"widgetType":"divider","elType":"widget"},{"id":"7e9fc921","settings":{"editor":"<p>Click edit button to change this text. Lorem ipsum dolor sit amet, consectetur adipiscing elit.\u00a0<\/p>","text_color":"#979cb2","typography_typography":"custom","typography_font_family":"Palanquin","typography_font_size":{"unit":"em","size":"0.9","sizes":[]},"typography_font_weight":"400","typography_text_transform":"none","typography_font_style":"normal","typography_text_decoration":"none","typography_line_height":{"unit":"em","size":"1.5","sizes":[]},"align_mobile":"center"},"elements":[],"isInner":false,"widgetType":"text-editor","elType":"widget"}],"isInner":"1","elType":"column"},{"id":"7f79ba61","settings":{"_column_size":"100","space_between_widgets":"10","background_background":"classic","background_color":"#ffffff","box_shadow_box_shadow_type":"yes","box_shadow_box_shadow":{"horizontal":"0","vertical":"0","blur":"18","spread":"0","color":"rgba(0,0,0,0.1)"},"margin":{"unit":"%","top":"2","right":"2","bottom":"2","left":"2","isLinked":""},"padding":{"unit":"em","top":"2","right":"2","bottom":"2","left":"2","isLinked":"1"},"z_index":"1","_inline_size_tablet":"50","border_radius":{"unit":"px","top":"6","right":"6","bottom":"6","left":"6","isLinked":"1"}},"elements":[{"id":"3675dd76","settings":{"icon":"fa fa-folder-open-o","align":"left","primary_color":"#0762d9","align_mobile":"center","size":{"unit":"px","size":"38","sizes":[]}},"elements":[],"isInner":false,"widgetType":"icon","elType":"widget"},{"id":"553de763","settings":{"title":"Online<br>management","header_size":"h3","align_mobile":"center","title_color":"#0762d9","typography_typography":"custom","typography_font_family":"Palanquin Dark","typography_font_size":{"unit":"rem","size":"1.5"},"typography_font_size_mobile":{"unit":"em","size":"1.8"},"typography_font_weight":"900","typography_text_transform":"uppercase","typography_line_height":{"unit":"em","size":"1.2"},"typography_letter_spacing":{"unit":"px","size":"4"},"_margin":{"unit":"%","top":"0","right":"0","bottom":"0","left":"0","isLinked":""},"_animation":"fadeIn"},"elements":[],"isInner":false,"widgetType":"heading","elType":"widget"},{"id":"1f83cd82","settings":{"weight":{"unit":"px","size":"6","sizes":[]},"color":"#52f28a","width":{"unit":"%","size":"9","sizes":[]},"gap":{"unit":"px","size":"5","sizes":[]},"_margin":{"unit":"%","top":"0","right":"0","bottom":"0","left":"0","isLinked":""},"width_mobile":{"unit":"%","size":"40","sizes":[]},"align_mobile":"center","text":"Divisor"},"elements":[],"isInner":false,"widgetType":"divider","elType":"widget"},{"id":"73b7cbbf","settings":{"editor":"<p>Click edit button to change this text. Lorem ipsum dolor sit amet, consectetur adipiscing elit.\u00a0<\/p>","text_color":"#979cb2","typography_typography":"custom","typography_font_family":"Palanquin","typography_font_size":{"unit":"em","size":"0.9","sizes":[]},"typography_font_weight":"400","typography_text_transform":"none","typography_font_style":"normal","typography_text_decoration":"none","typography_line_height":{"unit":"em","size":"1.5","sizes":[]},"align_mobile":"center"},"elements":[],"isInner":false,"widgetType":"text-editor","elType":"widget"}],"isInner":"1","elType":"column"}],"isInner":"1","elType":"section"},{"id":"5f025e3a","settings":[],"elements":[{"id":"6b49633d","settings":{"_column_size":"100","space_between_widgets":"10","background_background":"classic","background_color":"#ffffff","box_shadow_box_shadow_type":"yes","box_shadow_box_shadow":{"horizontal":"0","vertical":"0","blur":"18","spread":"0","color":"rgba(0,0,0,0.1)"},"margin":{"unit":"%","top":"2","right":"2","bottom":"2","left":"2","isLinked":""},"padding":{"unit":"em","top":"2","right":"2","bottom":"2","left":"2","isLinked":"1"},"z_index":"1","_inline_size_tablet":"50","border_radius":{"unit":"px","top":"6","right":"6","bottom":"6","left":"6","isLinked":"1"}},"elements":[{"id":"7226c3c2","settings":{"icon":"fa fa-genderless","align":"left","primary_color":"#0762d9","align_mobile":"center","size":{"unit":"px","size":"38","sizes":[]}},"elements":[],"isInner":false,"widgetType":"icon","elType":"widget"},{"id":"30a1ca94","settings":{"title":"Careeer<br>paths","header_size":"h3","align_mobile":"center","title_color":"#0762d9","typography_typography":"custom","typography_font_family":"Palanquin Dark","typography_font_size":{"unit":"rem","size":"1.5"},"typography_font_size_mobile":{"unit":"em","size":"1.8"},"typography_font_weight":"900","typography_text_transform":"uppercase","typography_line_height":{"unit":"em","size":"1.2"},"typography_letter_spacing":{"unit":"px","size":"4"},"_margin":{"unit":"%","top":"0","right":"0","bottom":"0","left":"0","isLinked":""},"_animation":"fadeIn"},"elements":[],"isInner":false,"widgetType":"heading","elType":"widget"},{"id":"291a539a","settings":{"weight":{"unit":"px","size":"6","sizes":[]},"color":"#52f28a","width":{"unit":"%","size":"9","sizes":[]},"gap":{"unit":"px","size":"5","sizes":[]},"_margin":{"unit":"%","top":"0","right":"0","bottom":"0","left":"0","isLinked":""},"width_mobile":{"unit":"%","size":"40","sizes":[]},"align_mobile":"center","text":"Divisor"},"elements":[],"isInner":false,"widgetType":"divider","elType":"widget"},{"id":"1a9fc6f1","settings":{"editor":"<p>Click edit button to change this text. Lorem ipsum dolor sit amet, consectetur adipiscing elit.\u00a0<\/p>","text_color":"#979cb2","typography_typography":"custom","typography_font_family":"Palanquin","typography_font_size":{"unit":"em","size":"0.9","sizes":[]},"typography_font_weight":"400","typography_text_transform":"none","typography_font_style":"normal","typography_text_decoration":"none","typography_line_height":{"unit":"em","size":"1.5","sizes":[]},"align_mobile":"center"},"elements":[],"isInner":false,"widgetType":"text-editor","elType":"widget"}],"isInner":"1","elType":"column"},{"id":"7372d295","settings":{"_column_size":"100","space_between_widgets":"10","background_background":"classic","background_color":"#ffffff","box_shadow_box_shadow_type":"yes","box_shadow_box_shadow":{"horizontal":"0","vertical":"0","blur":"18","spread":"0","color":"rgba(0,0,0,0.1)"},"margin":{"unit":"%","top":"2","right":"2","bottom":"2","left":"2","isLinked":""},"padding":{"unit":"em","top":"2","right":"2","bottom":"2","left":"2","isLinked":"1"},"z_index":"1","_inline_size_tablet":"50","border_radius":{"unit":"px","top":"6","right":"6","bottom":"6","left":"6","isLinked":"1"}},"elements":[{"id":"65033354","settings":{"icon":"fa fa-gamepad","align":"left","primary_color":"#0762d9","align_mobile":"center","size":{"unit":"px","size":"38","sizes":[]}},"elements":[],"isInner":false,"widgetType":"icon","elType":"widget"},{"id":"5fac364b","settings":{"title":"MOdern<br>careers","header_size":"h3","align_mobile":"center","title_color":"#0762d9","typography_typography":"custom","typography_font_family":"Palanquin Dark","typography_font_size":{"unit":"rem","size":"1.5"},"typography_font_size_mobile":{"unit":"em","size":"1.8"},"typography_font_weight":"900","typography_text_transform":"uppercase","typography_line_height":{"unit":"em","size":"1.2"},"typography_letter_spacing":{"unit":"px","size":"4"},"_margin":{"unit":"%","top":"0","right":"0","bottom":"0","left":"0","isLinked":""},"_animation":"fadeIn"},"elements":[],"isInner":false,"widgetType":"heading","elType":"widget"},{"id":"6fa2d24c","settings":{"weight":{"unit":"px","size":"6","sizes":[]},"color":"#52f28a","width":{"unit":"%","size":"9","sizes":[]},"gap":{"unit":"px","size":"5","sizes":[]},"_margin":{"unit":"%","top":"0","right":"0","bottom":"0","left":"0","isLinked":""},"width_mobile":{"unit":"%","size":"40","sizes":[]},"align_mobile":"center","text":"Divisor"},"elements":[],"isInner":false,"widgetType":"divider","elType":"widget"},{"id":"4b78ea42","settings":{"editor":"<p>Click edit button to change this text. Lorem ipsum dolor sit amet, consectetur adipiscing elit.\u00a0<\/p>","text_color":"#979cb2","typography_typography":"custom","typography_font_family":"Palanquin","typography_font_size":{"unit":"em","size":"0.9","sizes":[]},"typography_font_weight":"400","typography_text_transform":"none","typography_font_style":"normal","typography_text_decoration":"none","typography_line_height":{"unit":"em","size":"1.5","sizes":[]},"align_mobile":"center"},"elements":[],"isInner":false,"widgetType":"text-editor","elType":"widget"}],"isInner":"1","elType":"column"}],"isInner":"1","elType":"section"}],"isInner":"","elType":"column"},{"id":"7d3329b1","settings":{"_column_size":"50","background_background":"classic","background_color":"#0762d9","padding":{"unit":"em","top":"2","right":"0","bottom":"2","left":"2","isLinked":""},"_inline_size_tablet":"100","padding_mobile":{"unit":"em","top":"1","right":"1","bottom":"1","left":"1","isLinked":"1"},"content_position":"center","space_between_widgets":"10","border_radius":{"unit":"px","top":"6","right":"6","bottom":"6","left":"6","isLinked":"1"},"margin":{"unit":"px","top":"6","right":"6","bottom":"6","left":"6","isLinked":"1"},"padding_tablet":{"unit":"em","top":"3","right":"3","bottom":"3","left":"3","isLinked":"1"}},"elements":[{"id":"1623d07c","settings":{"title":"school<br>features","title_color":"#ffffff","typography_typography":"custom","typography_font_size":{"unit":"rem","size":"3"},"typography_font_weight":"900","typography_text_transform":"uppercase","typography_line_height":{"unit":"em","size":"0.9"},"typography_letter_spacing":{"unit":"px","size":"4"},"align_mobile":"center","typography_font_family":"Palanquin Dark","typography_font_size_mobile":{"unit":"em","size":"3"},"_margin":{"unit":"%","top":"0","right":"30","bottom":"0","left":"0","isLinked":""},"_animation":"fadeIn","_margin_mobile":{"unit":"px","top":"0","right":"0","bottom":"0","left":"0","isLinked":""},"_padding_mobile":{"unit":"px","top":"0","right":"0","bottom":"0","left":"0","isLinked":""},"align_tablet":"center","_margin_tablet":{"unit":"px","top":"0","right":"0","bottom":"0","left":"0","isLinked":"1"}},"elements":[],"isInner":false,"widgetType":"heading","elType":"widget"},{"id":"53e9fef1","settings":{"weight":{"unit":"px","size":"6","sizes":[]},"color":"#52f28a","width":{"unit":"%","size":"9","sizes":[]},"gap":{"unit":"px","size":"5","sizes":[]},"_margin":{"unit":"%","top":"0","right":"0","bottom":"0","left":"0","isLinked":""},"width_mobile":{"unit":"%","size":"48","sizes":[]},"align_tablet":"center","text":"Divisor"},"elements":[],"isInner":false,"widgetType":"divider","elType":"widget"},{"id":"230f5b52","settings":{"title":"We provide opportunities to succeed","header_size":"h3","title_color":"#ffffff","typography_typography":"custom","typography_font_size":{"unit":"em","size":"1.7","sizes":[]},"typography_font_weight":"400","typography_font_family":"Palanquin","typography_text_transform":"capitalize","typography_line_height":{"unit":"em","size":"1.2","sizes":[]},"align_tablet":"center","typography_font_size_mobile":{"unit":"rem","size":"1.5","sizes":[]}},"elements":[],"isInner":false,"widgetType":"heading","elType":"widget"},{"id":"71da406b","settings":{"editor":"<p>Lorem ipsum dolor sit amet, consectetur adipiscing elit. Phasellus lobortis velit erat, sed dictum orci bibendum ut. Nullam feugiat purus eget tempus ultrices. Suspendisse eleifend leo eget hendrerit molestie. Pellentesque habitant morbi tristique senectus et netus et malesuada fames ac turpis egestas.\u00a0<\/p>","text_color":"#ffffff","typography_typography":"custom","typography_line_height":{"unit":"em","size":"1.5","sizes":[]},"typography_font_family":"Palanquin","typography_font_size":{"unit":"em","size":"1","sizes":[]},"typography_font_weight":"400","typography_text_transform":"none","typography_font_style":"normal","typography_text_decoration":"none","text_columns":"1","column_gap":{"unit":"px","size":"0","sizes":[]},"_margin":{"unit":"%","top":"0","right":"-7","bottom":"0","left":"0","isLinked":""},"_padding":{"unit":"em","top":"1","right":"5","bottom":"0","left":"0","isLinked":""},"_z_index":"1","_border_border":"solid","_border_width":{"unit":"px","top":"0","right":"3","bottom":"0","left":"0","isLinked":""},"_border_color":"#30d979","align_mobile":"justify","_margin_tablet":{"unit":"px","top":"0","right":"0","bottom":"0","left":"0","isLinked":""},"_margin_mobile":{"unit":"px","top":"0","right":"0","bottom":"0","left":"0","isLinked":""},"_padding_mobile":{"unit":"em","top":"0","right":"1","bottom":"0","left":"0","isLinked":""},"_background_color":"#ffffff"},"elements":[],"isInner":false,"widgetType":"text-editor","elType":"widget"},{"id":"21dedb6b","settings":{"text":"Learn More","typography_typography":"custom","typography_text_transform":"uppercase","background_color":"rgba(48,217,121,0)","border_width":{"unit":"px","top":"2","right":"2","bottom":"2","left":"2","isLinked":"1"},"border_color":"#52f28a","border_radius":{"unit":"px","top":"100","right":"100","bottom":"100","left":"100","isLinked":"1"},"size":"md","typography_font_family":"Palanquin","typography_font_size":{"unit":"em","size":"1","sizes":[]},"button_text_color":"#52f28a","hover_animation":"bob","_padding":{"unit":"em","top":"1","right":"1","bottom":"1","left":"0","isLinked":""},"_element_width":"auto","align_mobile":"justify","border_border":"solid","_padding_mobile":{"unit":"em","top":"1","right":"0","bottom":"1","left":"0","isLinked":""},"_element_width_mobile":"inherit","align_tablet":"center","typography_font_weight":"600","typography_letter_spacing":{"unit":"px","size":"0","sizes":[]},"_margin_mobile":{"unit":"px","top":"0","right":"0","bottom":"0","left":"0","isLinked":""},"_element_width_tablet":"inherit"},"elements":[],"isInner":false,"widgetType":"button","elType":"widget"}],"isInner":"","elType":"column"}],"isInner":"","elType":"section"},{"id":"6e61e47c","settings":{"stretch_section":"section-stretched","content_position":"middle","structure":"20","background_background":"classic","padding":{"unit":"em","top":"4","right":"1","bottom":"4","left":"1","isLinked":""},"background_overlay_image":{"url":"http:\/\/sitefacilitado.com.br\/wp-content\/uploads\/2020\/02\/steam_course_development.jpg","id":"567"},"background_color":"#0762d9","background_overlay_background":"classic","background_overlay_position":"top center","background_overlay_repeat":"no-repeat","background_overlay_size":"cover","background_overlay_opacity":{"unit":"px","size":"0.35"},"css_filters_css_filter":"custom","css_filters_saturate":{"unit":"px","size":"0","sizes":[]},"overlay_blend_mode":"lighten","html_tag":"section","background_overlay_attachment":"fixed"},"elements":[{"id":"9ce93f8","settings":{"_column_size":"50","_inline_size":"66.579","_inline_size_tablet":"100","margin":{"unit":"%","top":"0","right":"20","bottom":"0","left":"0","isLinked":""},"margin_mobile":{"unit":"px","top":"0","right":"0","bottom":"0","left":"0","isLinked":""},"margin_tablet":{"unit":"px","top":"0","right":"0","bottom":"0","left":"0","isLinked":""},"padding_tablet":{"unit":"px","top":"0","right":"0","bottom":"0","left":"0","isLinked":""}},"elements":[{"id":"7d63206e","settings":{"title":"featured<br>course","align":"left","title_color":"#ffffff","typography_typography":"custom","typography_font_size":{"unit":"rem","size":"3"},"typography_font_weight":"900","_margin":{"unit":"%","top":"0","right":"0","bottom":"0","left":"0","isLinked":""},"typography_letter_spacing":{"unit":"px","size":"4"},"typography_text_transform":"uppercase","typography_font_size_mobile":{"unit":"em","size":"3"},"align_mobile":"center","typography_font_family":"Palanquin Dark","typography_line_height":{"unit":"em","size":"0.9"},"_animation":"fadeIn"},"elements":[],"isInner":false,"widgetType":"heading","elType":"widget"},{"id":"49ecc572","settings":{"weight":{"unit":"px","size":"6","sizes":[]},"color":"#52f28a","width":{"unit":"%","size":"9","sizes":[]},"gap":{"unit":"px","size":"5","sizes":[]},"_margin":{"unit":"%","top":"0","right":"0","bottom":"0","left":"0","isLinked":""},"text":"Divisor"},"elements":[],"isInner":false,"widgetType":"divider","elType":"widget"},{"id":"40b0cba1","settings":{"structure":"30"},"elements":[{"id":"4fd44e61","settings":{"_column_size":"33"},"elements":[{"id":"6a7c429b","settings":{"ending_number":"45","title":"Seats","number_color":"#ffffff","typography_number_typography":"custom","typography_number_font_family":"Palanquin Dark","typography_number_font_size":{"unit":"em","size":"4.3","sizes":[]},"typography_number_font_weight":"400","typography_number_text_transform":"uppercase","typography_number_font_style":"normal","typography_number_text_decoration":"none","title_color":"#ffffff","typography_title_typography":"custom","typography_title_font_family":"Palanquin","_padding":{"unit":"em","top":"1","right":"1","bottom":"1","left":"1","isLinked":"1"},"motion_fx_translateX_effect":"yes","motion_fx_translateX_affectedRange":{"unit":"%","size":"","sizes":{"start":"0","end":"48"}},"_border_border":"solid","_border_color":"#ffffff","typography_title_font_size":{"unit":"rem","size":"0.9","sizes":[]},"typography_title_font_weight":"500","typography_title_text_transform":"uppercase","_border_radius":{"unit":"px","top":"6","right":"6","bottom":"6","left":"6","isLinked":"1"}},"elements":[],"isInner":false,"widgetType":"counter","elType":"widget"}],"isInner":"1","elType":"column"},{"id":"6f0dbcbd","settings":{"_column_size":"33"},"elements":[{"id":"514a9799","settings":{"ending_number":"123","title":"Subjects","number_color":"#ffffff","typography_number_typography":"custom","typography_number_font_family":"Palanquin Dark","typography_number_font_size":{"unit":"em","size":"4.3","sizes":[]},"typography_number_font_weight":"400","typography_number_text_transform":"uppercase","typography_number_font_style":"normal","typography_number_text_decoration":"none","title_color":"#ffffff","typography_title_typography":"custom","typography_title_font_family":"Palanquin","_padding":{"unit":"em","top":"1","right":"1","bottom":"1","left":"1","isLinked":"1"},"motion_fx_translateX_effect":"yes","motion_fx_translateX_affectedRange":{"unit":"%","size":"","sizes":{"start":"0","end":"48"}},"_border_border":"solid","_border_color":"#ffffff","typography_title_font_size":{"unit":"rem","size":"0.9","sizes":[]},"typography_title_font_weight":"500","typography_title_text_transform":"uppercase","_border_radius":{"unit":"px","top":"6","right":"6","bottom":"6","left":"6","isLinked":"1"}},"elements":[],"isInner":false,"widgetType":"counter","elType":"widget"}],"isInner":"1","elType":"column"},{"id":"575cf9c0","settings":{"_column_size":"33"},"elements":[{"id":"3d02d19","settings":{"ending_number":"12","title":"Certifications","number_color":"#ffffff","typography_number_typography":"custom","typography_number_font_family":"Palanquin Dark","typography_number_font_size":{"unit":"em","size":"4.3","sizes":[]},"typography_number_font_weight":"400","typography_number_text_transform":"uppercase","typography_number_font_style":"normal","typography_number_text_decoration":"none","title_color":"#ffffff","typography_title_typography":"custom","typography_title_font_family":"Palanquin","_padding":{"unit":"em","top":"1","right":"1","bottom":"1","left":"1","isLinked":"1"},"motion_fx_translateX_effect":"yes","motion_fx_translateX_affectedRange":{"unit":"%","size":"","sizes":{"start":"0","end":"48"}},"_border_border":"solid","_border_color":"#ffffff","typography_title_font_size":{"unit":"rem","size":"0.9","sizes":[]},"typography_title_font_weight":"500","typography_title_text_transform":"uppercase","_border_radius":{"unit":"px","top":"6","right":"6","bottom":"6","left":"6","isLinked":"1"}},"elements":[],"isInner":false,"widgetType":"counter","elType":"widget"}],"isInner":"1","elType":"column"}],"isInner":"1","elType":"section"},{"id":"6475ea1d","settings":{"space":{"unit":"px","size":"10"}},"elements":[],"isInner":false,"widgetType":"spacer","elType":"widget"}],"isInner":"","elType":"column"},{"id":"da943f6","settings":{"_column_size":"50","_inline_size":"33.421","space_between_widgets":"10","background_background":"classic","background_color":"#ffffff","box_shadow_box_shadow_type":"yes","box_shadow_box_shadow":{"horizontal":"0","vertical":"0","blur":"5","spread":"0","color":"rgba(0,0,0,0.3)"},"margin":{"unit":"%","top":"2","right":"2","bottom":"2","left":"2","isLinked":""},"padding":{"unit":"em","top":"2","right":"2","bottom":"2","left":"2","isLinked":"1"},"z_index":"1","_inline_size_tablet":"50","border_radius":{"unit":"px","top":"6","right":"6","bottom":"6","left":"6","isLinked":"1"}},"elements":[{"id":"2de9127c","settings":{"icon":"fa fa-code","align":"left","primary_color":"#0762d9","align_mobile":"center","_margin":{"unit":"px","top":"0","right":"0","bottom":"0","left":"0","isLinked":""}},"elements":[],"isInner":false,"widgetType":"icon","elType":"widget"},{"id":"75c35b9b","settings":{"title":"software architecture<br>engineering\n\n","header_size":"h3","align_mobile":"center","title_color":"#0762d9","typography_typography":"custom","typography_font_family":"IBM Plex Sans","typography_font_size":{"unit":"rem","size":"1.5"},"typography_font_size_mobile":{"unit":"em","size":"1.8"},"typography_font_weight":"900","typography_text_transform":"uppercase","typography_line_height":{"unit":"em","size":"1.2"},"typography_letter_spacing":{"unit":"px","size":"4"},"_margin":{"unit":"%","top":"0","right":"0","bottom":"0","left":"0","isLinked":""},"_animation":"fadeIn","typography_font_size_tablet":{"unit":"em","size":"1.5","sizes":[]}},"elements":[],"isInner":false,"widgetType":"heading","elType":"widget"},{"id":"6376f349","settings":{"weight":{"unit":"px","size":"6","sizes":[]},"color":"#52f28a","width":{"unit":"%","size":"9","sizes":[]},"gap":{"unit":"px","size":"5","sizes":[]},"_margin":{"unit":"%","top":"0","right":"0","bottom":"0","left":"0","isLinked":""},"text":"Divisor"},"elements":[],"isInner":false,"widgetType":"divider","elType":"widget"},{"id":"314bb01c","settings":{"editor":"<p>Click edit button to change this text. Lorem ipsum dolor sit amet, consectetur adipiscing elit.\u00a0<\/p>","text_color":"#979cb2","typography_typography":"custom","typography_font_family":"Palanquin","typography_font_size":{"unit":"em","size":"0.9","sizes":[]},"typography_font_weight":"400","typography_text_transform":"none","typography_font_style":"normal","typography_text_decoration":"none","typography_line_height":{"unit":"em","size":"1.5","sizes":[]},"align_mobile":"center","_margin":{"unit":"%","top":"0","right":"0","bottom":"0","left":"0","isLinked":""}},"elements":[],"isInner":false,"widgetType":"text-editor","elType":"widget"},{"id":"16464b62","settings":{"text":"apply now","typography_typography":"custom","typography_font_size":{"unit":"em","size":"1","sizes":[]},"typography_text_transform":"uppercase","background_color":"#52f28a","border_radius":{"unit":"px","top":"100","right":"100","bottom":"100","left":"100","isLinked":"1"},"size":"md","typography_font_family":"Palanquin","button_text_color":"#ffffff","hover_animation":"bob","border_border":"solid","border_width":{"unit":"px","top":"1","right":"1","bottom":"1","left":"1","isLinked":"1"},"border_color":"#52f28a","_padding":{"unit":"em","top":"1","right":"1","bottom":"1","left":"0","isLinked":""},"align":"left","icon":"fa fa-angle-right","icon_align":"right","align_mobile":"justify","_padding_mobile":{"unit":"em","top":"1","right":"0","bottom":"0","left":"0","isLinked":""},"_element_width_mobile":"inherit","align_tablet":"right","typography_font_weight":"600","_padding_tablet":{"unit":"px","top":"0","right":"0","bottom":"0","left":"0","isLinked":"1"},"_element_width_tablet":"inherit","selected_icon":{"value":"fas fa-angle-right","library":"fa-solid"}},"elements":[],"isInner":false,"widgetType":"button","elType":"widget"}],"isInner":"","elType":"column"}],"isInner":"","elType":"section"}]}