{"version":"0.4","title":"escola 3","type":"page","content":[{"id":"6e7344d0","settings":{"stretch_section":"section-stretched","height":"min-height","background_background":"gradient","background_image":{"id":"523","url":"http:\/\/sitefacilitado.com.br\/wp-content\/uploads\/2020\/02\/people-2557396_1280.jpg"},"background_repeat":"no-repeat","background_size":"cover","background_position":"center center","background_color":"#0762d9","background_color_b":"#013c93","background_overlay_background":"classic","background_overlay_image":{"url":"http:\/\/sitefacilitado.com.br\/wp-content\/uploads\/2020\/02\/people-2557396_1280.jpg","id":"523"},"background_overlay_opacity":{"unit":"px","size":"0.16","sizes":[]},"css_filters_css_filter":"custom","css_filters_saturate":{"unit":"px","size":"0","sizes":[]},"overlay_blend_mode":"lighten","padding_tablet":{"unit":"em","top":"1","right":"1","bottom":"1","left":"1","isLinked":"1"}},"elements":[{"id":"53a6ee93","settings":{"_column_size":"100","space_between_widgets":"10"},"elements":[{"id":"5a7bd88c","settings":{"title":"about us ","title_color":"#52f28a","typography_typography":"custom","typography_font_size":{"unit":"rem","size":"5"},"header_size":"h1","typography_font_weight":"900","typography_text_transform":"uppercase","typography_line_height":{"unit":"em","size":"0.9"},"typography_letter_spacing":{"unit":"px","size":"4"},"typography_font_size_mobile":{"unit":"em","size":"2.9"},"align_mobile":"center","typography_font_family":"Palanquin Dark","_margin":{"unit":"%","top":"0","right":"30","bottom":"0","left":"0","isLinked":""},"_animation":"fadeIn","_margin_mobile":{"unit":"px","top":"0","right":"0","bottom":"0","left":"0","isLinked":"1"},"_padding_mobile":{"unit":"em","top":"0","right":"0","bottom":"1","left":"0","isLinked":""}},"elements":[],"isInner":false,"widgetType":"heading","elType":"widget"},{"id":"5945261a","settings":{"weight":{"unit":"px","size":"4","sizes":[]},"color":"#52f28a","width":{"unit":"%","size":"9","sizes":[]},"gap":{"unit":"px","size":"5","sizes":[]},"_margin":{"unit":"%","top":"0","right":"0","bottom":"0","left":"0","isLinked":""},"align_mobile":"center","text":"Divisor"},"elements":[],"isInner":false,"widgetType":"divider","elType":"widget"},{"id":"3e8a1e33","settings":{"title":"knowledge to change the world ","header_size":"span","title_color":"#ffffff","typography_typography":"custom","typography_font_size":{"unit":"rem","size":"2"},"typography_font_weight":"400","typography_text_transform":"capitalize","typography_line_height":{"unit":"em","size":"1.2"},"typography_letter_spacing":{"unit":"px","size":""},"align_mobile":"center","typography_font_size_mobile":{"unit":"em","size":"1.5"},"typography_font_family":"Palanquin","_margin":{"unit":"%","top":"0","right":"0","bottom":"0","left":"0","isLinked":""},"_animation":"fadeInDown","_margin_mobile":{"unit":"px","top":"0","right":"0","bottom":"0","left":"0","isLinked":"1"},"_padding_mobile":{"unit":"px","top":"0","right":"0","bottom":"0","left":"0","isLinked":"1"}},"elements":[],"isInner":false,"widgetType":"heading","elType":"widget"},{"id":"29d12e6f","settings":{"icon":"fa fa-angle-down","align":"right","primary_color":"#30d979","size":{"unit":"px","size":"42","sizes":[]},"_padding":{"unit":"em","top":"0","right":"0","bottom":"0","left":"0","isLinked":""},"_animation":"fadeInLeft","align_mobile":"center"},"elements":[],"isInner":false,"widgetType":"icon","elType":"widget"}],"isInner":"","elType":"column"}],"isInner":"","elType":"section"},{"id":"18ba0f5c","settings":{"gap":"no","background_background":"classic","background_color":"#f9f9f9","padding":{"unit":"em","top":"4","right":"0","bottom":"6","left":"0","isLinked":""},"content_position":"top","background_position":"center center","background_repeat":"no-repeat","background_size":"cover","background_overlay_background":"classic","background_overlay_image":{"url":"http:\/\/sitefacilitado.com.br\/wp-content\/uploads\/2020\/02\/stem_students6.jpg","id":"525"},"background_overlay_position":"center center","background_overlay_attachment":"fixed","background_overlay_size":"cover","background_overlay_opacity":{"unit":"px","size":"0.2","sizes":[]},"css_filters_css_filter":"custom","css_filters_saturate":{"unit":"px","size":"0","sizes":[]},"overlay_blend_mode":"lighten","border_radius":{"unit":"px","top":"6","right":"6","bottom":"6","left":"6","isLinked":"1"},"margin":{"unit":"%","top":"0","right":"0","bottom":"0","left":"0","isLinked":"1"},"margin_mobile":{"unit":"px","top":"2","right":"0","bottom":"2","left":"0","isLinked":""},"padding_mobile":{"unit":"em","top":"3","right":"1","bottom":"3","left":"1","isLinked":""},"motion_fx_translateY_effect":"yes","motion_fx_translateY_speed":{"unit":"px","size":"2","sizes":[]}},"elements":[{"id":"8736da2","settings":{"_column_size":"100","space_between_widgets":"10"},"elements":[{"id":"2f1f288c","settings":{"structure":"20"},"elements":[{"id":"55509251","settings":{"_column_size":"50","_inline_size":"53.684","content_position":"center","space_between_widgets":"10","margin_mobile":{"unit":"px","top":"0","right":"0","bottom":"0","left":"0","isLinked":""},"padding_mobile":{"unit":"px","top":"0","right":"0","bottom":"0","left":"0","isLinked":""},"margin":{"unit":"px","top":"0","right":"0","bottom":"0","left":"0","isLinked":"1"},"padding":{"unit":"em","top":"2","right":"2","bottom":"2","left":"2","isLinked":"1"}},"elements":[{"id":"612b6a97","settings":{"title":"\"","header_size":"span","title_color":"#30d979","typography_typography":"custom","typography_font_size":{"unit":"em","size":"8.2","sizes":[]},"typography_font_weight":"400","typography_font_family":"Palanquin Dark","typography_text_transform":"capitalize","typography_line_height":{"unit":"em","size":"0","sizes":[]},"align":"left","_margin":{"unit":"%","top":"0","right":"0","bottom":"0","left":"0","isLinked":""},"_padding":{"unit":"px","top":"0","right":"0","bottom":"0","left":"0","isLinked":""},"_element_width":"initial","_position":"absolute","_offset_x":{"size":"-29","unit":"px"},"_offset_y":{"size":"43","unit":"px"},"_offset_x_mobile":{"size":"-19","unit":"px"},"_offset_y_mobile":{"size":"44","unit":"px"}},"elements":[],"isInner":false,"widgetType":"heading","elType":"widget"},{"id":"2732b87e","settings":{"title":"Lorem ipsum dolor sit amet, consectetur adipiscing elit. Aenean id sem in odio blandit accumsan vel ac velit. In ullamcorper sagittis turpis at ultrices.","header_size":"span","title_color":"#979cb2","typography_typography":"custom","typography_font_size":{"unit":"em","size":"1.5","sizes":[]},"typography_font_weight":"normal","typography_font_family":"Palanquin","typography_line_height":{"unit":"em","size":"1.5","sizes":[]},"align":"left","_padding_mobile":{"unit":"em","top":"1","right":"1","bottom":"1","left":"1","isLinked":"1"},"align_mobile":"left","typography_font_size_tablet":{"unit":"rem","size":"1.1","sizes":[]},"typography_font_style":"italic","_padding":{"unit":"em","top":"1","right":"1","bottom":"1","left":"1","isLinked":"1"}},"elements":[],"isInner":false,"widgetType":"heading","elType":"widget"},{"id":"4fa3f14e","settings":{"title":"\"","header_size":"span","title_color":"#30d979","typography_typography":"custom","typography_font_size":{"unit":"em","size":"5","sizes":[]},"typography_font_weight":"400","typography_font_family":"Palanquin Dark","typography_text_transform":"capitalize","typography_line_height":{"unit":"em","size":"1.2","sizes":[]},"align":"right","_margin":{"unit":"%","top":"-10","right":"0","bottom":"0","left":"0","isLinked":""},"_element_width":"initial","_element_custom_width":{"unit":"px","size":"28","sizes":[]},"_position":"absolute","_offset_x":{"size":"204","unit":"px"},"_offset_y":{"size":"121","unit":"px"},"_offset_x_mobile":{"size":"301","unit":"px"},"_offset_y_mobile":{"size":"101","unit":"px"},"_offset_x_tablet":{"size":"303","unit":"px"},"_offset_y_tablet":{"size":"83","unit":"px"}},"elements":[],"isInner":false,"widgetType":"heading","elType":"widget"},{"id":"2ba4a27f","settings":{"title":"patricia stark","header_size":"h3","align_mobile":"right","title_color":"#0762d9","typography_typography":"custom","typography_font_family":"Palanquin Dark","typography_font_size":{"unit":"rem","size":"1.5"},"typography_font_size_mobile":{"unit":"em","size":"1.5"},"typography_font_weight":"900","typography_text_transform":"uppercase","typography_line_height":{"unit":"em","size":"0.9"},"typography_letter_spacing":{"unit":"px","size":"2"},"_margin":{"unit":"%","top":"0","right":"0","bottom":"0","left":"0","isLinked":""},"_padding":{"unit":"em","top":"0","right":"0","bottom":"0","left":"1","isLinked":""},"_animation":"fadeIn","align":"right","typography_font_size_tablet":{"unit":"em","size":"1.1","sizes":[]},"_padding_tablet":{"unit":"em","top":"0","right":"0","bottom":"0","left":"1","isLinked":""},"_padding_mobile":{"unit":"em","top":"0","right":"0","bottom":"0","left":"0","isLinked":""},"align_tablet":"right","_margin_mobile":{"unit":"px","top":"0","right":"0","bottom":"0","left":"0","isLinked":"1"}},"elements":[],"isInner":false,"widgetType":"heading","elType":"widget"},{"id":"57d2ed2e","settings":{"title":"stem student","header_size":"h3","align_mobile":"right","title_color":"#979cb2","typography_typography":"custom","typography_font_family":"Palanquin","typography_font_size":{"unit":"rem","size":"1"},"typography_font_size_mobile":{"unit":"em","size":"0.9"},"typography_font_weight":"500","typography_text_transform":"uppercase","typography_line_height":{"unit":"em","size":"1.2"},"typography_letter_spacing":{"unit":"px","size":"4"},"_margin":{"unit":"%","top":"-2","right":"0","bottom":"0","left":"0","isLinked":""},"_padding":{"unit":"em","top":"0","right":"0","bottom":"0","left":"1","isLinked":""},"_animation":"fadeIn","align":"right","typography_font_size_tablet":{"unit":"em","size":"0.8","sizes":[]},"_padding_tablet":{"unit":"em","top":"0","right":"0","bottom":"0","left":"1","isLinked":""},"_padding_mobile":{"unit":"em","top":"0","right":"0","bottom":"0","left":"0","isLinked":""}},"elements":[],"isInner":false,"widgetType":"heading","elType":"widget"},{"id":"53988300","settings":{"text":"apply now","typography_typography":"custom","typography_font_size":{"unit":"em","size":"1","sizes":[]},"typography_text_transform":"uppercase","background_color":"#0762d9","border_radius":{"unit":"px","top":"100","right":"100","bottom":"100","left":"100","isLinked":"1"},"size":"md","typography_font_family":"Palanquin","button_text_color":"#ffffff","hover_animation":"bob","border_border":"solid","border_width":{"unit":"px","top":"1","right":"1","bottom":"1","left":"1","isLinked":"1"},"border_color":"#0762d9","_padding":{"unit":"em","top":"1","right":"1","bottom":"1","left":"0","isLinked":""},"icon":"fa fa-angle-right","icon_align":"right","align_mobile":"justify","_padding_mobile":{"unit":"em","top":"1","right":"0","bottom":"0","left":"0","isLinked":""},"_element_width_mobile":"inherit","align":"right","typography_font_weight":"600","_margin_tablet":{"unit":"px","top":"20","right":"0","bottom":"0","left":"0","isLinked":""},"_padding_tablet":{"unit":"px","top":"0","right":"0","bottom":"0","left":"0","isLinked":"1"},"selected_icon":{"value":"fas fa-angle-right","library":"fa-solid"}},"elements":[],"isInner":false,"widgetType":"button","elType":"widget"}],"isInner":"1","elType":"column"},{"id":"66f3f181","settings":{"_column_size":"50","_inline_size":"46.316"},"elements":[{"id":"4409bdc3","settings":{"youtube_url":"https:\/\/www.youtube.com\/watch?v=XHOmBV4js_E","vimeo_url":"https:\/\/vimeo.com\/235215203","dailymotion_url":"https:\/\/www.dailymotion.com\/video\/x6tqhqb","modestbranding":"yes","show_image_overlay":"yes","image_overlay":{"url":"http:\/\/sitefacilitado.com.br\/wp-content\/uploads\/2020\/02\/stem_video_background2.jpg","id":"533"},"css_filters_css_filter":"custom","css_filters_saturate":{"unit":"px","size":"78","sizes":[]},"css_filters_hue":{"unit":"px","size":"353","sizes":[]},"play_icon_color":"#ffffff","play_icon_text_shadow_text_shadow_type":"yes","play_icon_text_shadow_text_shadow":{"horizontal":"0","vertical":"0","blur":"21","color":"rgba(0,0,0,0.17)"},"_margin":{"unit":"%","top":"0","right":"-5","bottom":"0","left":"0","isLinked":""},"_border_border":"solid","_border_width":{"unit":"px","top":"0","right":"0","bottom":"6","left":"0","isLinked":""},"_border_color":"#30d979","_border_radius":{"unit":"px","top":"6","right":"6","bottom":"6","left":"6","isLinked":"1"}},"elements":[],"isInner":false,"widgetType":"video","elType":"widget"}],"isInner":"1","elType":"column"}],"isInner":"1","elType":"section"}],"isInner":"","elType":"column"}],"isInner":"","elType":"section"},{"id":"767ddcb6","settings":{"structure":"20","padding":{"unit":"em","top":"5","right":"1","bottom":"3","left":"1","isLinked":""},"html_tag":"section","background_background":"classic","background_color":"#ffffff","padding_tablet":{"unit":"em","top":"3","right":"1","bottom":"3","left":"1","isLinked":""},"reverse_order_tablet":"reverse-tablet","reverse_order_mobile":"reverse-mobile","padding_mobile":{"unit":"em","top":"3","right":"1","bottom":"3","left":"1","isLinked":""}},"elements":[{"id":"7055ab7c","settings":{"_column_size":"50","padding":{"unit":"em","top":"1","right":"1","bottom":"1","left":"1","isLinked":"1"},"content_position":"top","background_background":"classic","background_color":"#ffffff","box_shadow_box_shadow_type":"yes","box_shadow_box_shadow":{"horizontal":"0","vertical":"0","blur":"19","spread":"0","color":"rgba(0,0,0,0.13)"},"margin":{"unit":"%","top":"-23","right":"0","bottom":"0","left":"0","isLinked":""},"_inline_size_tablet":"100","margin_tablet":{"unit":"%","top":"0","right":"0","bottom":"0","left":"0","isLinked":""},"border_radius":{"unit":"px","top":"6","right":"6","bottom":"6","left":"6","isLinked":"1"}},"elements":[{"id":"6a51af7d","settings":{"image":{"url":"http:\/\/sitefacilitado.com.br\/wp-content\/uploads\/2020\/02\/img_director1.jpg","id":"547"},"align":"left","_margin":{"unit":"%","top":"0","right":"0","bottom":"0","left":"0","isLinked":""}},"elements":[],"isInner":false,"widgetType":"image","elType":"widget"},{"id":"118ec5e0","settings":{"title":"director","header_size":"span","align":"left","align_mobile":"center","title_color":"#30d979","typography_typography":"custom","typography_font_family":"Palanquin Dark","typography_font_size":{"unit":"rem","size":"3"},"typography_font_size_mobile":{"unit":"em","size":"1.8"},"typography_font_weight":"900","typography_text_transform":"uppercase","typography_line_height":{"unit":"em","size":"0.9"},"typography_letter_spacing":{"unit":"px","size":"4"},"_margin":{"unit":"%","top":"-32","right":"0","bottom":"0","left":"4","isLinked":""},"_animation":"fadeIn"},"elements":[],"isInner":false,"widgetType":"heading","elType":"widget"},{"id":"3f79239b","settings":{"title":"andrew ames","header_size":"span","align":"left","align_mobile":"center","title_color":"#ffffff","typography_typography":"custom","typography_font_family":"Palanquin Dark","typography_font_size":{"unit":"rem","size":"1.7"},"typography_font_size_mobile":{"unit":"em","size":"1.8"},"typography_font_weight":"900","typography_text_transform":"uppercase","typography_line_height":{"unit":"em","size":"0.9"},"typography_letter_spacing":{"unit":"px","size":"4"},"_margin":{"unit":"%","top":"-26","right":"-5","bottom":"0","left":"4","isLinked":""},"_padding":{"unit":"px","top":"10","right":"10","bottom":"10","left":"10","isLinked":"1"},"_animation":"fadeIn","_background_background":"classic","_background_color":"#30d979","_border_radius":{"unit":"px","top":"4","right":"4","bottom":"4","left":"4","isLinked":"1"}},"elements":[],"isInner":false,"widgetType":"heading","elType":"widget"}],"isInner":"","elType":"column"},{"id":"2d542fbd","settings":{"_column_size":"50","space_between_widgets":"10","padding":{"unit":"em","top":"1","right":"1","bottom":"1","left":"2","isLinked":""},"_inline_size_tablet":"100","margin_mobile":{"unit":"px","top":"0","right":"0","bottom":"0","left":"0","isLinked":""},"padding_mobile":{"unit":"em","top":"0","right":"0","bottom":"0","left":"0","isLinked":""},"margin_tablet":{"unit":"px","top":"0","right":"0","bottom":"0","left":"0","isLinked":""},"padding_tablet":{"unit":"em","top":"1","right":"1","bottom":"1","left":"1","isLinked":"1"}},"elements":[{"id":"26c7b5a0","settings":{"title":"director<br>open letter  ","title_color":"#0762d9","typography_typography":"custom","typography_font_size":{"unit":"rem","size":"3"},"typography_font_weight":"900","typography_text_transform":"uppercase","typography_line_height":{"unit":"em","size":"0.9"},"typography_letter_spacing":{"unit":"px","size":"4"},"align_mobile":"center","typography_font_size_mobile":{"unit":"em","size":"2.3"},"typography_font_family":"Palanquin Dark","_margin":{"unit":"%","top":"0","right":"30","bottom":"0","left":"0","isLinked":""},"_animation":"fadeIn","_margin_mobile":{"unit":"px","top":"0","right":"0","bottom":"0","left":"0","isLinked":"1"}},"elements":[],"isInner":false,"widgetType":"heading","elType":"widget"},{"id":"605d90f1","settings":{"weight":{"unit":"px","size":"6","sizes":[]},"color":"#52f28a","width":{"unit":"%","size":"9","sizes":[]},"gap":{"unit":"px","size":"5","sizes":[]},"_margin":{"unit":"%","top":"0","right":"0","bottom":"0","left":"0","isLinked":""},"width_mobile":{"unit":"%","size":"30","sizes":[]},"align_mobile":"center","text":"Divisor"},"elements":[],"isInner":false,"widgetType":"divider","elType":"widget"},{"id":"4df158e4","settings":{"title":"a letter from our director","title_color":"#979cb2","typography_typography":"custom","typography_font_family":"Palanquin","typography_font_size":{"unit":"em","size":"1","sizes":[]},"typography_font_weight":"500","typography_text_transform":"uppercase","header_size":"h3","align_mobile":"center","typography_font_size_mobile":{"unit":"rem","size":"0.7","sizes":[]}},"elements":[],"isInner":false,"widgetType":"heading","elType":"widget"},{"id":"5ff9cda2","settings":{"typography_typography":"custom","typography_font_family":"Palanquin","typography_font_size":{"unit":"em","size":"1","sizes":[]},"typography_font_weight":"400","typography_text_transform":"none","typography_font_style":"normal","typography_text_decoration":"none","editor":"<p>Click edit button to change this text. Lorem ipsum dolor sit amet, consectetur adipiscing elit. Ut elit tellus, luctus nec ullamcorper mattis, pulvinar dapibus leo.<\/p><p>Lorem ipsum dolor sit amet, consectetur adipiscing elit. Quisque dictum elit at lacus sollicitudin ultricies. Fusce eleifend, justo a convallis viverra, eros diam placerat arcu, tristique molestie est odio eu odio. In vel scelerisque dolor, sed fermentum urna.<\/p><p>Mauris rhoncus dictum leo aliquam lacinia. Vivamus feugiat, tortor a dapibus pellentesque, dui tortor pulvinar est, in feugiat erat nisi a massa. Sed ex eros, commodo ut vestibulum et, sodales non enim.<\/p>","align":"justify","align_mobile":"justify","text_color":"#979cb2","typography_line_height":{"unit":"em","size":"1.5","sizes":[]},"text_columns":"1","column_gap":{"unit":"px","size":"0","sizes":[]},"_margin":{"unit":"%","top":"0","right":"10","bottom":"0","left":"0","isLinked":""},"_margin_tablet":{"unit":"px","top":"0","right":"0","bottom":"0","left":"0","isLinked":""},"_margin_mobile":{"unit":"px","top":"0","right":"0","bottom":"0","left":"0","isLinked":""},"_padding":{"unit":"em","top":"1","right":"5","bottom":"0","left":"0","isLinked":""},"_padding_mobile":{"unit":"em","top":"0","right":"1","bottom":"0","left":"0","isLinked":""},"_z_index":"1","_background_color":"#ffffff","_border_border":"solid","_border_width":{"unit":"px","top":"0","right":"3","bottom":"0","left":"0","isLinked":""},"_border_color":"#30d979"},"elements":[],"isInner":false,"widgetType":"text-editor","elType":"widget"},{"id":"204a0d69","settings":{"image":{"url":"http:\/\/sitefacilitado.com.br\/wp-content\/uploads\/2020\/02\/signature.png","id":"548"},"align":"right","width":{"unit":"%","size":"56","sizes":[]},"image_size":"custom","opacity":{"unit":"px","size":"0.31","sizes":[]},"align_tablet":"center","width_tablet":{"unit":"%","size":"33","sizes":[]},"image_custom_dimension":{"width":"300","height":"300"}},"elements":[],"isInner":false,"widgetType":"image","elType":"widget"}],"isInner":"","elType":"column"}],"isInner":"","elType":"section"},{"id":"2e3b9b06","settings":{"gap":"no","background_background":"classic","background_color":"#30d979","padding":{"unit":"em","top":"4","right":"0","bottom":"8","left":"0","isLinked":""},"padding_mobile":{"unit":"em","top":"3","right":"1","bottom":"3","left":"1","isLinked":""},"content_position":"top","background_position":"center center","background_repeat":"no-repeat","background_size":"cover","background_overlay_background":"classic","background_overlay_image":{"url":"http:\/\/sitefacilitado.com.br\/wp-content\/uploads\/2020\/02\/stem_students6.jpg","id":"525"},"background_overlay_position":"center center","background_overlay_attachment":"fixed","background_overlay_size":"cover","background_overlay_opacity":{"unit":"px","size":"0.2","sizes":[]},"css_filters_css_filter":"custom","css_filters_saturate":{"unit":"px","size":"0","sizes":[]},"overlay_blend_mode":"lighten","border_radius":{"unit":"px","top":"6","right":"6","bottom":"6","left":"6","isLinked":"1"},"margin":{"unit":"%","top":"0","right":"0","bottom":"0","left":"0","isLinked":"1"},"margin_mobile":{"unit":"px","top":"2","right":"0","bottom":"2","left":"0","isLinked":""},"motion_fx_translateY_effect":"yes","motion_fx_translateY_speed":{"unit":"px","size":"2","sizes":[]}},"elements":[{"id":"7c7d4892","settings":{"_column_size":"100","_inline_size_tablet":"100","space_between_widgets":"10"},"elements":[{"id":"6e1e2e62","settings":{"content_width":{"unit":"px","size":"700","sizes":[]}},"elements":[{"id":"291e58f9","settings":{"_column_size":"100"},"elements":[{"id":"30301f1d","settings":{"title":"core values","title_color":"#ffffff","typography_typography":"custom","typography_font_size":{"unit":"rem","size":"3"},"typography_font_weight":"900","typography_text_transform":"uppercase","typography_letter_spacing":{"unit":"px","size":"4"},"align":"center","align_mobile":"center","typography_font_family":"Palanquin Dark","typography_font_size_mobile":{"unit":"em","size":"2.7"},"typography_line_height":{"unit":"em","size":"1"},"_margin":{"unit":"%","top":"0","right":"0","bottom":"0","left":"0","isLinked":""},"_animation":"fadeIn","typography_line_height_tablet":{"unit":"em","size":"1","sizes":[]},"typography_line_height_mobile":{"unit":"em","size":"1","sizes":[]}},"elements":[],"isInner":false,"widgetType":"heading","elType":"widget"},{"id":"23fc5e41","settings":{"weight":{"unit":"px","size":"6","sizes":[]},"color":"#52f28a","width":{"unit":"%","size":"40","sizes":[]},"gap":{"unit":"px","size":"5","sizes":[]},"_margin":{"unit":"%","top":"0","right":"0","bottom":"0","left":"0","isLinked":""},"align":"center","text":"Divisor"},"elements":[],"isInner":false,"widgetType":"divider","elType":"widget"},{"id":"b0035d1","settings":{"title":"Lorem ipsum dolor sit amet, consectetur adipiscing elit. Pellentesque fermentum dictum ipsum non bibendum.","title_color":"#ffffff","typography_typography":"custom","align":"center","typography_font_family":"Palanquin","typography_font_size":{"unit":"em","size":"1.1","sizes":[]},"typography_font_weight":"400","typography_text_transform":"none","header_size":"p","typography_font_style":"normal","typography_text_decoration":"none","typography_line_height":{"unit":"em","size":"1.5","sizes":[]}},"elements":[],"isInner":false,"widgetType":"heading","elType":"widget"}],"isInner":"1","elType":"column"}],"isInner":"1","elType":"section"},{"id":"2c7cc6ec","settings":{"structure":"40","padding":{"unit":"em","top":"2","right":"0","bottom":"2","left":"0","isLinked":""},"padding_tablet":{"unit":"em","top":"1","right":"1","bottom":"1","left":"1","isLinked":"1"}},"elements":[{"id":"3493e12c","settings":{"_column_size":"25","background_background":"classic","background_color":"#ffffff","border_border":"solid","border_width":{"unit":"px","top":"0","right":"0","bottom":"5","left":"0","isLinked":""},"border_color":"#0762d9","box_shadow_box_shadow_type":"yes","box_shadow_box_shadow":{"horizontal":"0","vertical":"0","blur":"16","spread":"0","color":"rgba(0,0,0,0.11)"},"margin":{"unit":"%","top":"4","right":"4","bottom":"0","left":"4","isLinked":""},"padding":{"unit":"em","top":"1","right":"1","bottom":"1","left":"1","isLinked":"1"},"margin_tablet":{"unit":"px","top":"6","right":"6","bottom":"6","left":"6","isLinked":"1"},"space_between_widgets":"10","html_tag":"section","border_radius":{"unit":"px","top":"6","right":"6","bottom":"6","left":"6","isLinked":"1"},"border_hover_border":"solid","border_hover_width":{"unit":"px","top":"0","right":"0","bottom":"5","left":"0","isLinked":""},"border_hover_color":"#30d979","padding_tablet":{"unit":"em","top":"2","right":"2","bottom":"2","left":"2","isLinked":"1"},"padding_mobile":{"unit":"em","top":"2","right":"1","bottom":"1","left":"2","isLinked":""},"_inline_size_tablet":"50"},"elements":[{"id":"6dec02e0","settings":{"icon":"fa fa-tencent-weibo","title_text":"studies","description_text":"Click edit button to change this text. Lorem ipsum dolor sit amet, conse.","primary_color":"#0762d9","title_color":"#0762d9","title_typography_typography":"custom","title_typography_font_family":"Palanquin Dark","title_typography_font_size":{"unit":"em","size":"1.5","sizes":[]},"title_typography_font_weight":"700","title_typography_text_transform":"uppercase","title_typography_font_style":"normal","title_typography_text_decoration":"none","description_color":"#979cb2","description_typography_typography":"custom","description_typography_font_family":"Palanquin","description_typography_font_size":{"unit":"em","size":"0.9","sizes":[]},"description_typography_font_weight":"400","description_typography_text_transform":"none","description_typography_font_style":"normal","description_typography_text_decoration":"none","icon_size":{"unit":"px","size":"35","sizes":[]},"text_align":"center","title_bottom_space":{"unit":"px","size":"16","sizes":[]},"description_typography_line_height":{"unit":"em","size":"1.5","sizes":[]},"_padding":{"unit":"em","top":"0","right":"0","bottom":"1","left":"0","isLinked":""},"selected_icon":{"value":"fab fa-tencent-weibo","library":"fa-brands"}},"elements":[],"isInner":false,"widgetType":"icon-box","elType":"widget"}],"isInner":"1","elType":"column"},{"id":"1add201","settings":{"_column_size":"25","background_background":"classic","background_color":"#ffffff","border_border":"solid","border_width":{"unit":"px","top":"0","right":"0","bottom":"5","left":"0","isLinked":""},"border_color":"#0762d9","box_shadow_box_shadow_type":"yes","box_shadow_box_shadow":{"horizontal":"0","vertical":"0","blur":"16","spread":"0","color":"rgba(0,0,0,0.11)"},"margin":{"unit":"%","top":"4","right":"4","bottom":"0","left":"4","isLinked":""},"padding":{"unit":"em","top":"1","right":"1","bottom":"1","left":"1","isLinked":"1"},"margin_tablet":{"unit":"px","top":"6","right":"6","bottom":"6","left":"6","isLinked":"1"},"space_between_widgets":"10","html_tag":"section","border_radius":{"unit":"px","top":"6","right":"6","bottom":"6","left":"6","isLinked":"1"},"border_hover_border":"solid","border_hover_width":{"unit":"px","top":"0","right":"0","bottom":"5","left":"0","isLinked":""},"border_hover_color":"#30d979","padding_tablet":{"unit":"em","top":"2","right":"2","bottom":"2","left":"2","isLinked":"1"},"padding_mobile":{"unit":"em","top":"2","right":"1","bottom":"1","left":"2","isLinked":""},"_inline_size_tablet":"50"},"elements":[{"id":"57ad904b","settings":{"icon":"fa fa-steam","title_text":"social focus","description_text":"Click edit button to change this text. Lorem ipsum dolor sit amet.","primary_color":"#0762d9","title_color":"#0762d9","title_typography_typography":"custom","title_typography_font_family":"Palanquin Dark","title_typography_font_size":{"unit":"em","size":"1.5","sizes":[]},"title_typography_font_weight":"700","title_typography_text_transform":"uppercase","title_typography_font_style":"normal","title_typography_text_decoration":"none","description_color":"#979cb2","description_typography_typography":"custom","description_typography_font_family":"Palanquin","description_typography_font_size":{"unit":"em","size":"0.9","sizes":[]},"description_typography_font_weight":"400","description_typography_text_transform":"none","description_typography_font_style":"normal","description_typography_text_decoration":"none","icon_size":{"unit":"px","size":"35","sizes":[]},"text_align":"center","title_bottom_space":{"unit":"px","size":"16","sizes":[]},"description_typography_line_height":{"unit":"em","size":"1.5","sizes":[]},"_padding":{"unit":"em","top":"0","right":"0","bottom":"1","left":"0","isLinked":""},"selected_icon":{"value":"fab fa-steam","library":"fa-brands"}},"elements":[],"isInner":false,"widgetType":"icon-box","elType":"widget"}],"isInner":"1","elType":"column"},{"id":"60213d6f","settings":{"_column_size":"25","background_background":"classic","background_color":"#ffffff","border_border":"solid","border_width":{"unit":"px","top":"0","right":"0","bottom":"5","left":"0","isLinked":""},"border_color":"#0762d9","box_shadow_box_shadow_type":"yes","box_shadow_box_shadow":{"horizontal":"0","vertical":"0","blur":"16","spread":"0","color":"rgba(0,0,0,0.11)"},"margin":{"unit":"%","top":"4","right":"4","bottom":"0","left":"4","isLinked":""},"padding":{"unit":"em","top":"1","right":"1","bottom":"1","left":"1","isLinked":"1"},"margin_tablet":{"unit":"px","top":"6","right":"6","bottom":"6","left":"6","isLinked":"1"},"space_between_widgets":"10","html_tag":"section","border_radius":{"unit":"px","top":"6","right":"6","bottom":"6","left":"6","isLinked":"1"},"border_hover_border":"solid","border_hover_width":{"unit":"px","top":"0","right":"0","bottom":"5","left":"0","isLinked":""},"border_hover_color":"#30d979","padding_tablet":{"unit":"em","top":"2","right":"2","bottom":"2","left":"2","isLinked":"1"},"padding_mobile":{"unit":"em","top":"2","right":"1","bottom":"1","left":"2","isLinked":""},"_inline_size_tablet":"50"},"elements":[{"id":"72a7488c","settings":{"icon":"fa fa-transgender-alt","title_text":"inclusion","description_text":"Click edit button to change this text. Lorem ipsum dolor sit amet.","primary_color":"#0762d9","title_color":"#0762d9","title_typography_typography":"custom","title_typography_font_family":"Palanquin Dark","title_typography_font_size":{"unit":"em","size":"1.5","sizes":[]},"title_typography_font_weight":"700","title_typography_text_transform":"uppercase","title_typography_font_style":"normal","title_typography_text_decoration":"none","description_color":"#979cb2","description_typography_typography":"custom","description_typography_font_family":"Palanquin","description_typography_font_size":{"unit":"em","size":"0.9","sizes":[]},"description_typography_font_weight":"400","description_typography_text_transform":"none","description_typography_font_style":"normal","description_typography_text_decoration":"none","icon_size":{"unit":"px","size":"35","sizes":[]},"text_align":"center","title_bottom_space":{"unit":"px","size":"16","sizes":[]},"description_typography_line_height":{"unit":"em","size":"1.5","sizes":[]},"_padding":{"unit":"em","top":"0","right":"0","bottom":"1","left":"0","isLinked":""},"selected_icon":{"value":"fas fa-transgender-alt","library":"fa-solid"}},"elements":[],"isInner":false,"widgetType":"icon-box","elType":"widget"}],"isInner":"1","elType":"column"},{"id":"63bb7b52","settings":{"_column_size":"25","background_background":"classic","background_color":"#ffffff","border_border":"solid","border_width":{"unit":"px","top":"0","right":"0","bottom":"5","left":"0","isLinked":""},"border_color":"#0762d9","box_shadow_box_shadow_type":"yes","box_shadow_box_shadow":{"horizontal":"0","vertical":"0","blur":"16","spread":"0","color":"rgba(0,0,0,0.11)"},"margin":{"unit":"%","top":"4","right":"4","bottom":"0","left":"4","isLinked":""},"padding":{"unit":"em","top":"1","right":"1","bottom":"1","left":"1","isLinked":"1"},"margin_tablet":{"unit":"px","top":"6","right":"6","bottom":"6","left":"6","isLinked":"1"},"space_between_widgets":"10","html_tag":"section","border_radius":{"unit":"px","top":"6","right":"6","bottom":"6","left":"6","isLinked":"1"},"border_hover_border":"solid","border_hover_width":{"unit":"px","top":"0","right":"0","bottom":"5","left":"0","isLinked":""},"border_hover_color":"#30d979","padding_tablet":{"unit":"em","top":"2","right":"2","bottom":"2","left":"2","isLinked":"1"},"padding_mobile":{"unit":"em","top":"2","right":"1","bottom":"1","left":"2","isLinked":""},"_inline_size_tablet":"50"},"elements":[{"id":"184a4fd0","settings":{"icon":"fa fa-support","title_text":"supPort","description_text":"Click edit button to change this text. Lorem ipsum dolor sit amet.","primary_color":"#0762d9","title_color":"#0762d9","title_typography_typography":"custom","title_typography_font_family":"Palanquin Dark","title_typography_font_size":{"unit":"em","size":"1.5","sizes":[]},"title_typography_font_weight":"700","title_typography_text_transform":"uppercase","title_typography_font_style":"normal","title_typography_text_decoration":"none","description_color":"#979cb2","description_typography_typography":"custom","description_typography_font_family":"Palanquin","description_typography_font_size":{"unit":"em","size":"0.9","sizes":[]},"description_typography_font_weight":"400","description_typography_text_transform":"none","description_typography_font_style":"normal","description_typography_text_decoration":"none","icon_size":{"unit":"px","size":"35","sizes":[]},"text_align":"center","title_bottom_space":{"unit":"px","size":"16","sizes":[]},"description_typography_line_height":{"unit":"em","size":"1.5","sizes":[]},"_padding":{"unit":"em","top":"0","right":"0","bottom":"1","left":"0","isLinked":""},"selected_icon":{"value":"far fa-life-ring","library":"fa-regular"}},"elements":[],"isInner":false,"widgetType":"icon-box","elType":"widget"}],"isInner":"1","elType":"column"}],"isInner":"1","elType":"section"}],"isInner":"","elType":"column"}],"isInner":"","elType":"section"},{"id":"bfa1574","settings":{"stretch_section":"section-stretched","structure":"20","border_border":"solid","border_width":{"unit":"px","top":"3","right":"0","bottom":"0","left":"0","isLinked":""},"border_color":"#30d979","layout":"full_width","motion_fx_translateY_effect":"yes","motion_fx_translateY_affectedRange":{"unit":"%","size":"","sizes":{"start":"40","end":"100"}},"margin_tablet":{"unit":"px","top":"0","right":"0","bottom":"0","left":"0","isLinked":""},"padding_tablet":{"unit":"em","top":"","right":"","bottom":"","left":"","isLinked":"1"}},"elements":[{"id":"2dbfb65b","settings":{"_column_size":"50","_inline_size":"50","padding":{"unit":"px","top":"0","right":"0","bottom":"0","left":"0","isLinked":"1"},"background_background":"classic","background_image":{"url":"http:\/\/sitefacilitado.com.br\/wp-content\/uploads\/2020\/02\/team-meeting-full-of-happy-young-adults.jpg","id":"526"},"background_repeat":"no-repeat","background_size":"cover","margin":{"unit":"%","top":"-8","right":"0","bottom":"-1","left":"0","isLinked":""},"margin_tablet":{"unit":"px","top":"-25","right":"0","bottom":"0","left":"0","isLinked":""},"padding_tablet":{"unit":"px","top":"0","right":"0","bottom":"0","left":"0","isLinked":""},"background_position_tablet":"center center"},"elements":[{"id":"57ef4833","settings":{"space":{"unit":"px","size":"593","sizes":[]},"_border_radius":{"unit":"px","top":"6","right":"6","bottom":"6","left":"6","isLinked":"1"}},"elements":[],"isInner":false,"widgetType":"spacer","elType":"widget"}],"isInner":"","elType":"column"},{"id":"1cb4c393","settings":{"_column_size":"50","_inline_size":"50","content_position":"top","padding":{"unit":"em","top":"4","right":"0","bottom":"4","left":"0","isLinked":""},"margin_tablet":{"unit":"px","top":"0","right":"10","bottom":"0","left":"0","isLinked":""},"space_between_widgets":"10","padding_tablet":{"unit":"em","top":"2","right":"1","bottom":"4","left":"2","isLinked":""},"margin_mobile":{"unit":"px","top":"0","right":"0","bottom":"0","left":"0","isLinked":""},"padding_mobile":{"unit":"em","top":"3","right":"1","bottom":"3","left":"1","isLinked":""}},"elements":[{"id":"3c43125f","settings":{"content_width":{"unit":"px","size":"700","sizes":[]}},"elements":[{"id":"49ae8b16","settings":{"_column_size":"100"},"elements":[{"id":"5f350e1","settings":{"title":"faculty","header_size":"h3","title_color":"#0762d9","typography_typography":"custom","typography_font_size":{"unit":"rem","size":"3"},"typography_font_weight":"900","typography_text_transform":"uppercase","align":"right","align_mobile":"center","typography_font_family":"Palanquin Dark","typography_font_size_mobile":{"unit":"em","size":"2.7"},"typography_line_height":{"unit":"em","size":"0.9"},"typography_letter_spacing":{"unit":"px","size":"4"},"_margin":{"unit":"%","top":"0","right":"0","bottom":"0","left":"0","isLinked":""},"_animation":"fadeIn","align_tablet":"left","typography_font_size_tablet":{"unit":"rem","size":"2.2","sizes":[]}},"elements":[],"isInner":false,"widgetType":"heading","elType":"widget"},{"id":"73a4228b","settings":{"weight":{"unit":"px","size":"6","sizes":[]},"color":"#52F28A","width":{"unit":"%","size":"9","sizes":[]},"gap":{"unit":"px","size":"5","sizes":[]},"_margin":{"unit":"%","top":"0","right":"0","bottom":"0","left":"0","isLinked":""},"align":"left","align_mobile":"center","text":"Divisor"},"elements":[],"isInner":false,"widgetType":"divider","elType":"widget"},{"id":"57849084","settings":{"title":"Inovation that exites","title_color":"#979cb2","typography_typography":"custom","typography_font_family":"Palanquin","typography_font_size":{"unit":"em","size":"1","sizes":[]},"typography_font_weight":"500","typography_text_transform":"uppercase","align_mobile":"center","typography_font_size_mobile":{"unit":"rem","size":"0.9","sizes":[]}},"elements":[],"isInner":false,"widgetType":"heading","elType":"widget"},{"id":"e2efb9d","settings":{"editor":"<div class=\"sec-title\"><p class=\"mar-btm-30\">Lorem ipsum dolor sit amet, consectetur adipiscing elit. Pellentesque fermentum dictum ipsum non bibendum.<\/p><p class=\"mar-btm-30\">Cras pharetra, orci vel lobortis maximus, est odio pulvinar nisl, ut consequat est leo pulvinar sapien. Sed at sollicitudin metus. Nulla venenatis metus in commodo placerat. Nulla et eros vel nibh malesuada rutrum.<\/p><\/div>","text_color":"#979cb2","typography_typography":"custom","typography_font_family":"Palanquin","typography_font_size":{"unit":"em","size":"1","sizes":[]},"typography_font_weight":"400","typography_text_transform":"none","typography_font_style":"normal","typography_text_decoration":"none","typography_line_height":{"unit":"em","size":"1.5","sizes":[]},"text_columns":"1","column_gap":{"unit":"px","size":"0","sizes":[]},"_margin":{"unit":"%","top":"0","right":"10","bottom":"0","left":"0","isLinked":""},"_padding":{"unit":"em","top":"1","right":"5","bottom":"0","left":"0","isLinked":""},"_z_index":"1","_background_color":"#ffffff","_border_border":"solid","_border_width":{"unit":"px","top":"0","right":"3","bottom":"0","left":"0","isLinked":""},"_border_color":"#30d979","_margin_tablet":{"unit":"px","top":"0","right":"0","bottom":"0","left":"0","isLinked":""},"align_mobile":"justify","_margin_mobile":{"unit":"px","top":"0","right":"0","bottom":"0","left":"0","isLinked":""},"_padding_mobile":{"unit":"em","top":"0","right":"3","bottom":"0","left":"0","isLinked":""},"align_tablet":"justify","_padding_tablet":{"unit":"em","top":"0","right":"1","bottom":"0","left":"0","isLinked":""}},"elements":[],"isInner":false,"widgetType":"text-editor","elType":"widget"},{"id":"5e1cb47a","settings":{"text":"professors","size":"md","typography_typography":"custom","typography_font_family":"Palanquin","typography_font_size":{"unit":"em","size":"1","sizes":[]},"typography_text_transform":"uppercase","button_text_color":"#ffffff","background_color":"#52f28a","hover_animation":"bob","border_radius":{"unit":"px","top":"100","right":"100","bottom":"100","left":"100","isLinked":"1"},"_padding":{"unit":"em","top":"1","right":"1","bottom":"1","left":"0","isLinked":""},"_element_width":"auto","icon":"fa fa-angle-right","icon_align":"right","border_border":"solid","border_width":{"unit":"px","top":"1","right":"1","bottom":"1","left":"1","isLinked":"1"},"border_color":"#52f28a","align_mobile":"justify","_padding_mobile":{"unit":"em","top":"1","right":"0","bottom":"0","left":"0","isLinked":""},"_element_width_mobile":"inherit","align":"right","typography_font_weight":"600","selected_icon":{"value":"fas fa-angle-right","library":"fa-solid"}},"elements":[],"isInner":false,"widgetType":"button","elType":"widget"}],"isInner":"1","elType":"column"}],"isInner":"1","elType":"section"}],"isInner":"","elType":"column"}],"isInner":"","elType":"section"},{"id":"1c9783ab","settings":{"stretch_section":"section-stretched","structure":"20","border_border":"solid","border_width":{"unit":"px","top":"1","right":"0","bottom":"1","left":"0","isLinked":""},"border_color":"#f0f0f0","layout":"full_width","padding":{"unit":"em","top":"0","right":"0","bottom":"0","left":"0","isLinked":""},"reverse_order_mobile":"reverse-mobile"},"elements":[{"id":"1722b0c8","settings":{"_column_size":"50","content_position":"center","padding":{"unit":"em","top":"4","right":"2","bottom":"0","left":"2","isLinked":""},"align":"flex-end","space_between_widgets":"10","margin":{"unit":"%","top":"-13","right":"0","bottom":"0","left":"0","isLinked":""},"margin_tablet":{"unit":"px","top":"0","right":"10","bottom":"0","left":"0","isLinked":""},"padding_tablet":{"unit":"em","top":"1","right":"1","bottom":"1","left":"1","isLinked":"1"},"padding_mobile":{"unit":"em","top":"4","right":"1","bottom":"4","left":"1","isLinked":""}},"elements":[{"id":"5b5a8bc5","settings":{"content_width":{"unit":"px","size":"700","sizes":[]}},"elements":[{"id":"3d538c22","settings":{"_column_size":"100"},"elements":[{"id":"3cc99bfd","settings":{"title":"opportunity","title_color":"#0762d9","typography_typography":"custom","typography_font_size":{"unit":"rem","size":"3"},"typography_font_weight":"900","typography_text_transform":"uppercase","align":"right","align_mobile":"left","typography_font_family":"Palanquin Dark","typography_font_size_mobile":{"unit":"em","size":"2.2"},"typography_line_height":{"unit":"em","size":"0.9"},"typography_letter_spacing":{"unit":"px","size":"4"},"_margin":{"unit":"%","top":"0","right":"0","bottom":"0","left":"0","isLinked":""},"_animation":"fadeIn","typography_font_size_tablet":{"unit":"rem","size":"2.2","sizes":[]}},"elements":[],"isInner":false,"widgetType":"heading","elType":"widget"},{"id":"402bcc6","settings":{"weight":{"unit":"px","size":"6","sizes":[]},"color":"#52f28a","width":{"unit":"%","size":"9","sizes":[]},"gap":{"unit":"px","size":"5","sizes":[]},"_margin":{"unit":"%","top":"0","right":"0","bottom":"0","left":"0","isLinked":""},"align":"right","align_mobile":"center","text":"Divisor"},"elements":[],"isInner":false,"widgetType":"divider","elType":"widget"},{"id":"8088c20","settings":{"editor":"<div class=\"sec-title\"><p class=\"mar-btm-30\">Lorem ipsum dolor sit amet, consectetur adipiscing elit. Nulla dignissim pretium turpis, id dapibus ex mattis vulputate. Sed sit amet turpis malesuada, pulvinar mi vel, laoreet urna. Proin congue tempor nisi in faucibus.\u00a0<\/p><\/div>","text_color":"#979cb2","typography_typography":"custom","typography_font_family":"Palanquin","typography_font_size":{"unit":"em","size":"1","sizes":[]},"typography_font_weight":"400","typography_text_transform":"none","typography_font_style":"normal","typography_text_decoration":"none","typography_line_height":{"unit":"em","size":"1.5","sizes":[]},"text_columns":"1","column_gap":{"unit":"px","size":"0","sizes":[]},"_margin":{"unit":"%","top":"0","right":"10","bottom":"0","left":"0","isLinked":""},"_padding":{"unit":"em","top":"1","right":"0","bottom":"0","left":"5","isLinked":""},"_z_index":"1","_background_color":"#ffffff","_border_border":"solid","_border_width":{"unit":"px","top":"0","right":"0","bottom":"0","left":"3","isLinked":""},"_border_color":"#22f93c","_margin_tablet":{"unit":"px","top":"0","right":"0","bottom":"0","left":"0","isLinked":""},"align":"justify","align_mobile":"justify","_margin_mobile":{"unit":"px","top":"0","right":"0","bottom":"0","left":"0","isLinked":""},"_padding_mobile":{"unit":"em","top":"0","right":"1","bottom":"0","left":"2","isLinked":""},"_padding_tablet":{"unit":"em","top":"0","right":"0","bottom":"0","left":"1","isLinked":""}},"elements":[],"isInner":false,"widgetType":"text-editor","elType":"widget"},{"id":"54c2b4cf","settings":{"text":"careers","size":"md","typography_typography":"custom","typography_font_family":"Palanquin","typography_font_size":{"unit":"em","size":"1","sizes":[]},"typography_text_transform":"uppercase","button_text_color":"#ffffff","background_color":"#52f28a","hover_animation":"bob","border_radius":{"unit":"px","top":"100","right":"100","bottom":"100","left":"100","isLinked":"1"},"_padding":{"unit":"em","top":"1","right":"1","bottom":"1","left":"0","isLinked":""},"icon":"fa fa-angle-right","icon_align":"right","border_border":"solid","border_width":{"unit":"px","top":"1","right":"1","bottom":"1","left":"1","isLinked":"1"},"border_color":"#52f28a","align_mobile":"justify","_padding_mobile":{"unit":"em","top":"1","right":"0","bottom":"0","left":"0","isLinked":""},"_element_width_mobile":"inherit","align":"right","typography_font_weight":"600","selected_icon":{"value":"fas fa-angle-right","library":"fa-solid"}},"elements":[],"isInner":false,"widgetType":"button","elType":"widget"}],"isInner":"1","elType":"column"}],"isInner":"1","elType":"section"}],"isInner":"","elType":"column"},{"id":"631e5206","settings":{"_column_size":"50","padding":{"unit":"px","top":"0","right":"0","bottom":"0","left":"0","isLinked":"1"},"background_background":"classic","background_image":{"url":"http:\/\/sitefacilitado.com.br\/wp-content\/uploads\/2020\/02\/science-examining-magnifiers.jpg","id":"524"},"background_position":"center right","background_repeat":"no-repeat","background_size":"cover","margin":{"unit":"%","top":"0","right":"0","bottom":"0","left":"0","isLinked":""},"margin_tablet":{"unit":"%","top":"-8","right":"0","bottom":"0","left":"0","isLinked":""},"padding_tablet":{"unit":"px","top":"0","right":"0","bottom":"0","left":"0","isLinked":""},"background_position_tablet":"center center","background_position_mobile":"center center","margin_mobile":{"unit":"px","top":"0","right":"0","bottom":"0","left":"0","isLinked":"1"},"padding_mobile":{"unit":"px","top":"0","right":"0","bottom":"0","left":"0","isLinked":"1"}},"elements":[{"id":"125a8841","settings":{"space":{"unit":"px","size":"600","sizes":[]},"_margin_mobile":{"unit":"px","top":"0","right":"0","bottom":"0","left":"0","isLinked":"1"},"_padding_mobile":{"unit":"px","top":"0","right":"0","bottom":"0","left":"0","isLinked":"1"}},"elements":[],"isInner":false,"widgetType":"spacer","elType":"widget"}],"isInner":"","elType":"column"}],"isInner":"","elType":"section"},{"id":"360cea84","settings":{"stretch_section":"section-stretched","structure":"20","border_border":"solid","border_width":{"unit":"px","top":"3","right":"0","bottom":"0","left":"0","isLinked":""},"border_color":"#30d979","layout":"full_width","margin":{"unit":"px","top":"0","right":"0","bottom":"0","left":"0","isLinked":""},"padding":{"unit":"em","top":"0","right":"0","bottom":"0","left":"0","isLinked":""},"background_background":"classic","background_color":"#ffffff"},"elements":[{"id":"136fbc62","settings":{"_column_size":"50","_inline_size":"50","padding":{"unit":"px","top":"0","right":"0","bottom":"0","left":"0","isLinked":"1"},"background_background":"classic","background_image":{"url":"http:\/\/sitefacilitado.com.br\/wp-content\/uploads\/2020\/02\/adolescent-adult-beautiful-1448258.jpg","id":"543"},"background_position":"center center","background_repeat":"no-repeat","background_size":"cover","margin":{"unit":"%","top":"-1","right":"0","bottom":"0","left":"0","isLinked":""},"background_overlay_background":"classic","background_overlay_color":"#61ce70","background_overlay_opacity":{"unit":"px","size":"0.23","sizes":[]},"overlay_blend_mode":"overlay","margin_mobile":{"unit":"px","top":"0","right":"0","bottom":"0","left":"0","isLinked":"1"},"padding_mobile":{"unit":"px","top":"0","right":"0","bottom":"0","left":"0","isLinked":"1"}},"elements":[{"id":"309a5eba","settings":{"space":{"unit":"px","size":"593","sizes":[]}},"elements":[],"isInner":false,"widgetType":"spacer","elType":"widget"}],"isInner":"","elType":"column"},{"id":"6271db70","settings":{"_column_size":"50","_inline_size":"50","content_position":"top","padding":{"unit":"em","top":"4","right":"2","bottom":"0","left":"2","isLinked":""},"margin_tablet":{"unit":"px","top":"0","right":"0","bottom":"0","left":"0","isLinked":""},"space_between_widgets":"10","padding_mobile":{"unit":"em","top":"4","right":"1","bottom":"4","left":"1","isLinked":""},"padding_tablet":{"unit":"em","top":"","right":"","bottom":"","left":"","isLinked":"1"}},"elements":[{"id":"7a30d318","settings":{"content_width":{"unit":"px","size":"700","sizes":[]}},"elements":[{"id":"83b3b0","settings":{"_column_size":"100"},"elements":[{"id":"7f6fadb8","settings":{"title":"success","title_color":"#0762d9","typography_typography":"custom","typography_font_size":{"unit":"rem","size":"3"},"typography_font_weight":"900","typography_text_transform":"uppercase","align":"right","align_mobile":"center","typography_font_family":"Palanquin Dark","typography_font_size_mobile":{"unit":"em","size":"3"},"typography_line_height":{"unit":"em","size":"0.9"},"typography_letter_spacing":{"unit":"px","size":"4"},"_margin":{"unit":"%","top":"0","right":"0","bottom":"0","left":"0","isLinked":""},"_animation":"fadeIn","align_tablet":"left","typography_font_size_tablet":{"unit":"rem","size":"2.2","sizes":[]}},"elements":[],"isInner":false,"widgetType":"heading","elType":"widget"},{"id":"c133c8a","settings":{"weight":{"unit":"px","size":"6","sizes":[]},"color":"#52f28a","width":{"unit":"%","size":"9","sizes":[]},"gap":{"unit":"px","size":"5","sizes":[]},"_margin":{"unit":"%","top":"0","right":"0","bottom":"0","left":"0","isLinked":""},"align":"left","align_mobile":"center","text":"Divisor"},"elements":[],"isInner":false,"widgetType":"divider","elType":"widget"},{"id":"2bc95a3d","settings":{"title":"Lorem ipsum dolor sit amet, consectetur adipiscing elit. ","title_color":"#979cb2","typography_typography":"custom","typography_font_family":"Palanquin","typography_font_size":{"unit":"em","size":"1","sizes":[]},"typography_font_weight":"500","typography_text_transform":"uppercase","align_mobile":"center","typography_font_size_tablet":{"unit":"rem","size":"0.7","sizes":[]},"typography_font_size_mobile":{"unit":"rem","size":"0.9","sizes":[]},"typography_line_height_tablet":{"unit":"em","size":"1.3","sizes":[]}},"elements":[],"isInner":false,"widgetType":"heading","elType":"widget"},{"id":"4150e937","settings":{"editor":"<div class=\"sec-title\">\n<p class=\"mar-btm-30\">Sed eu erat neque. Duis et sagittis mi. Nunc gravida tristique felis. Morbi aliquam eu eros ut tincidunt. Proin elementum, tellus in ullamcorper imperdiet, mi metus pharetra ante, id pharetra diam nisi a mi.&nbsp;<\/p><p class=\"mar-btm-30\">Vestibulum facilisis justo in lorem condimentum, quis vehicula ipsum consequat. Fusce blandit efficitur metus, vitae pulvinar erat mollis et.&nbsp;<\/p>\n<\/div>","text_color":"#979cb2","typography_typography":"custom","typography_font_family":"Palanquin","typography_font_size":{"unit":"em","size":"1","sizes":[]},"typography_font_weight":"400","typography_text_transform":"none","typography_font_style":"normal","typography_text_decoration":"none","typography_line_height":{"unit":"em","size":"1.5","sizes":[]},"text_columns":"1","column_gap":{"unit":"px","size":"0","sizes":[]},"_margin":{"unit":"%","top":"0","right":"10","bottom":"0","left":"0","isLinked":""},"_padding":{"unit":"em","top":"1","right":"5","bottom":"0","left":"0","isLinked":""},"_z_index":"1","_background_color":"#ffffff","_border_border":"solid","_border_width":{"unit":"px","top":"0","right":"3","bottom":"0","left":"0","isLinked":""},"_border_color":"#30d979","_margin_tablet":{"unit":"px","top":"0","right":"0","bottom":"0","left":"0","isLinked":""},"align_mobile":"justify","_margin_mobile":{"unit":"px","top":"0","right":"0","bottom":"0","left":"0","isLinked":""},"_padding_mobile":{"unit":"em","top":"0","right":"2","bottom":"0","left":"0","isLinked":""},"align_tablet":"justify","_padding_tablet":{"unit":"em","top":"0","right":"2","bottom":"0","left":"0","isLinked":""}},"elements":[],"isInner":false,"widgetType":"text-editor","elType":"widget"}],"isInner":"1","elType":"column"}],"isInner":"1","elType":"section"}],"isInner":"","elType":"column"}],"isInner":"","elType":"section"},{"id":"512135d","settings":{"background_background":"gradient","background_color":"#0762d9","background_color_b":"#0540a8","padding":{"unit":"em","top":"4","right":"0","bottom":"4","left":"0","isLinked":""},"gap":"no","padding_tablet":{"unit":"em","top":"1","right":"1","bottom":"1","left":"1","isLinked":"1"},"padding_mobile":{"unit":"em","top":"3","right":"1","bottom":"3","left":"1","isLinked":""},"background_overlay_background":"classic","background_overlay_image":{"url":"http:\/\/sitefacilitado.com.br\/wp-content\/uploads\/2020\/02\/three-students-working-flatlay.jpg","id":"521"},"background_overlay_size":"cover","background_overlay_opacity":{"unit":"px","size":"0.08","sizes":[]},"overlay_blend_mode":"lighten","margin":{"unit":"px","top":"0","right":"0","bottom":"0","left":"0","isLinked":"1"}},"elements":[{"id":"2487a612","settings":{"_column_size":"100","align":"flex-end","padding_mobile":{"unit":"em","top":"","right":"","bottom":"","left":"","isLinked":"1"},"margin_tablet":{"unit":"px","top":"0","right":"0","bottom":"0","left":"0","isLinked":""},"margin_mobile":{"unit":"px","top":"0","right":"0","bottom":"0","left":"0","isLinked":""},"padding_tablet":{"unit":"px","top":"0","right":"0","bottom":"0","left":"0","isLinked":""}},"elements":[{"id":"1651b063","settings":{"title":"education<br>foundation and focus","title_color":"#ffffff","typography_typography":"custom","typography_font_size":{"unit":"rem","size":"3"},"typography_font_weight":"900","typography_text_transform":"uppercase","typography_line_height":{"unit":"em","size":"1"},"typography_letter_spacing":{"unit":"px","size":"4"},"align_mobile":"center","typography_font_size_mobile":{"unit":"em","size":"2.5"},"typography_font_family":"Palanquin Dark","_margin":{"unit":"%","top":"-10","right":"-3","bottom":"0","left":"-3","isLinked":""},"_animation":"fadeIn","align":"left","_margin_mobile":{"unit":"px","top":"0","right":"0","bottom":"0","left":"0","isLinked":""},"_padding_mobile":{"unit":"px","top":"0","right":"0","bottom":"0","left":"0","isLinked":""},"_padding":{"unit":"em","top":"4","right":"0","bottom":"1","left":"2","isLinked":""},"motion_fx_translateY_effect":"yes","motion_fx_translateY_affectedRange":{"unit":"%","size":"","sizes":{"start":"0","end":"62"}},"_background_background":"classic","_background_color":"#0762d9","_border_radius":{"unit":"px","top":"6","right":"6","bottom":"6","left":"6","isLinked":"1"},"align_tablet":"center"},"elements":[],"isInner":false,"widgetType":"heading","elType":"widget"},{"id":"1e75e622","settings":{"weight":{"unit":"px","size":"6","sizes":[]},"color":"#52f28a","width":{"unit":"%","size":"9","sizes":[]},"gap":{"unit":"px","size":"5","sizes":[]},"_margin":{"unit":"%","top":"0","right":"0","bottom":"0","left":"0","isLinked":""},"align":"left","motion_fx_translateY_effect":"yes","motion_fx_translateY_affectedRange":{"unit":"%","size":"","sizes":{"start":"0","end":"67"}},"align_tablet":"center","text":"Divisor"},"elements":[],"isInner":false,"widgetType":"divider","elType":"widget"},{"id":"2acbd25f","settings":{"editor":"<div class=\"sec-title\">\n<p class=\"mar-btm-30\">Sed eu erat neque. Duis et sagittis mi. Nunc gravida tristique felis. Morbi aliquam eu eros ut tincidunt. Proin elementum, tellus in ullamcorper imperdiet, mi metus pharetra ante, id pharetra diam nisi a mi.&nbsp;<\/p>\n<\/div>","text_color":"#ffffff","typography_typography":"custom","typography_font_family":"Palanquin","typography_font_size":{"unit":"em","size":"1","sizes":[]},"typography_font_weight":"400","typography_text_transform":"none","typography_font_style":"normal","typography_text_decoration":"none","typography_line_height":{"unit":"em","size":"1.5","sizes":[]},"text_columns":"1","column_gap":{"unit":"px","size":"0","sizes":[]},"_margin":{"unit":"%","top":"0","right":"0","bottom":"0","left":"0","isLinked":""},"_padding":{"unit":"%","top":"0","right":"3","bottom":"0","left":"50","isLinked":""},"_z_index":"1","_background_background":"classic","_border_border":"solid","_border_width":{"unit":"px","top":"0","right":"3","bottom":"0","left":"0","isLinked":""},"_border_color":"#30d979","_padding_mobile":{"unit":"em","top":"1","right":"3","bottom":"0","left":"0","isLinked":""},"align_mobile":"justify","align_tablet":"left","_padding_tablet":{"unit":"px","top":"0","right":"0","bottom":"0","left":"0","isLinked":"1"}},"elements":[],"isInner":false,"widgetType":"text-editor","elType":"widget"},{"id":"45881672","settings":{"structure":"30","layout":"full_width","box_shadow_box_shadow":{"horizontal":"0","vertical":"0","blur":"5","spread":"0","color":"rgba(0,0,0,0.5)"},"margin":{"unit":"px","top":"0","right":"0","bottom":"0","left":"0","isLinked":""},"padding":{"unit":"px","top":"0","right":"0","bottom":"0","left":"0","isLinked":""},"motion_fx_translateY_effect":"yes","motion_fx_translateY_affectedRange":{"unit":"%","size":"","sizes":{"start":"8","end":"47"}}},"elements":[{"id":"7ed14865","settings":{"_column_size":"33","content_position":"bottom","space_between_widgets":"10","background_background":"classic","background_color":"#0762d9","background_color_b":"#334893","background_image":{"url":"http:\/\/sitefacilitado.com.br\/wp-content\/uploads\/2020\/02\/main_3.jpg","id":"513"},"background_position":"center center","background_hover_background":"classic","background_hover_color":"#30d979","background_hover_color_b":"#2285cc","background_overlay_background":"classic","background_overlay_color":"#52f28a","background_overlay_color_b":"#0762d9","background_overlay_position":"center center","background_overlay_opacity":{"unit":"px","size":"0.91","sizes":[]},"background_overlay_hover_background":"classic","background_overlay_hover_color_b":"#52f28a","background_overlay_hover_opacity":{"unit":"px","size":"0.95","sizes":[]},"padding":{"unit":"em","top":"2","right":"2","bottom":"2","left":"2","isLinked":"1"},"motion_fx_tilt_effect":"yes","animation":"fadeIn","hide_tablet":"hidden-tablet","hide_mobile":"hidden-phone","background_overlay_color_b_stop":{"unit":"%","size":"88","sizes":[]},"background_overlay_hover_color":"rgba(7,98,217,0.81)","css_filters_hover_css_filter":"custom","css_filters_hover_saturate":{"unit":"px","size":"98","sizes":[]},"background_overlay_hover_transition":{"unit":"px","size":"1.1","sizes":[]},"border_border":"solid","border_width":{"unit":"px","top":"0","right":"0","bottom":"5","left":"0","isLinked":""},"border_color":"#0762d9","border_hover_border":"solid","border_hover_width":{"unit":"px","top":"0","right":"0","bottom":"5","left":"0","isLinked":""},"border_hover_color":"#30d979","margin":{"unit":"%","top":"2","right":"2","bottom":"2","left":"2","isLinked":"1"},"margin_tablet":{"unit":"%","top":"2","right":"2","bottom":"2","left":"2","isLinked":"1"},"padding_tablet":{"unit":"em","top":"1","right":"1","bottom":"2","left":"1","isLinked":""},"border_radius":{"unit":"px","top":"6","right":"6","bottom":"6","left":"6","isLinked":"1"}},"elements":[{"id":"239d2ca1","settings":{"icon":"fa fa-street-view","align":"left","primary_color":"#ffffff","_padding":{"unit":"em","top":"10","right":"0","bottom":"0","left":"0","isLinked":""},"align_mobile":"center"},"elements":[],"isInner":false,"widgetType":"icon","elType":"widget"},{"id":"4818ddb1","settings":{"title":"human technology","header_size":"h3","align_mobile":"center","title_color":"#ffffff","typography_typography":"custom","typography_font_family":"Moulpali","typography_font_size":{"unit":"rem","size":"1.5"},"typography_font_size_mobile":{"unit":"em","size":"1.8"},"typography_font_weight":"900","typography_text_transform":"uppercase","typography_line_height":{"unit":"em","size":"1.2"},"typography_letter_spacing":{"unit":"px","size":"4"},"_margin":{"unit":"%","top":"0","right":"0","bottom":"0","left":"0","isLinked":""},"_animation":"fadeIn","typography_font_size_tablet":{"unit":"em","size":"1.1","sizes":[]}},"elements":[],"isInner":false,"widgetType":"heading","elType":"widget"},{"id":"213fc1d3","settings":{"weight":{"unit":"px","size":"6","sizes":[]},"color":"#52f28a","width":{"unit":"%","size":"9","sizes":[]},"gap":{"unit":"px","size":"5","sizes":[]},"_margin":{"unit":"%","top":"0","right":"0","bottom":"0","left":"0","isLinked":""},"align":"left","align_mobile":"center","text":"Divisor"},"elements":[],"isInner":false,"widgetType":"divider","elType":"widget"},{"id":"38572504","settings":{"title":"Lorem ipsum dolor sit amet, consectetur adipiscing elit. ","title_color":"#ffffff","typography_typography":"custom","typography_font_family":"Palanquin","typography_font_size":{"unit":"em","size":"0.9","sizes":[]},"typography_font_weight":"400","typography_text_transform":"none","header_size":"h3","typography_font_style":"normal","typography_text_decoration":"none","typography_line_height":{"unit":"em","size":"1.5","sizes":[]},"align_mobile":"center"},"elements":[],"isInner":false,"widgetType":"heading","elType":"widget"}],"isInner":"1","elType":"column"},{"id":"76669733","settings":{"_column_size":"33","content_position":"bottom","space_between_widgets":"10","background_background":"classic","background_color":"#0762d9","background_color_b":"#334893","background_image":{"url":"http:\/\/sitefacilitado.com.br\/wp-content\/uploads\/2020\/02\/hands-typing-code-on-laptop.jpg","id":"520"},"background_position":"center center","background_hover_background":"classic","background_hover_color":"#30d979","background_hover_color_b":"#2285cc","background_overlay_background":"classic","background_overlay_color":"#52f28a","background_overlay_color_b":"#0762d9","background_overlay_position":"center center","background_overlay_opacity":{"unit":"px","size":"0.91","sizes":[]},"background_overlay_hover_background":"classic","background_overlay_hover_color_b":"#52f28a","background_overlay_hover_opacity":{"unit":"px","size":"0.95","sizes":[]},"padding":{"unit":"em","top":"2","right":"2","bottom":"2","left":"2","isLinked":"1"},"motion_fx_tilt_effect":"yes","animation":"fadeIn","hide_tablet":"hidden-tablet","hide_mobile":"hidden-phone","background_overlay_color_b_stop":{"unit":"%","size":"88","sizes":[]},"background_overlay_hover_color":"rgba(7,98,217,0.81)","css_filters_hover_css_filter":"custom","css_filters_hover_saturate":{"unit":"px","size":"98","sizes":[]},"background_overlay_hover_transition":{"unit":"px","size":"1.1","sizes":[]},"border_border":"solid","border_width":{"unit":"px","top":"0","right":"0","bottom":"5","left":"0","isLinked":""},"border_color":"#0762d9","border_hover_border":"solid","border_hover_width":{"unit":"px","top":"0","right":"0","bottom":"5","left":"0","isLinked":""},"border_hover_color":"#30d979","margin":{"unit":"%","top":"2","right":"2","bottom":"2","left":"2","isLinked":"1"},"margin_tablet":{"unit":"%","top":"2","right":"2","bottom":"2","left":"2","isLinked":"1"},"padding_tablet":{"unit":"em","top":"1","right":"1","bottom":"2","left":"1","isLinked":""},"border_radius":{"unit":"px","top":"6","right":"6","bottom":"6","left":"6","isLinked":"1"}},"elements":[{"id":"24305ef2","settings":{"icon":"fa fa-bolt","align":"left","primary_color":"#ffffff","_padding":{"unit":"em","top":"10","right":"0","bottom":"0","left":"0","isLinked":""},"align_mobile":"center"},"elements":[],"isInner":false,"widgetType":"icon","elType":"widget"},{"id":"16c1f2c6","settings":{"title":"renewable<br>technologies","header_size":"h3","align_mobile":"center","title_color":"#ffffff","typography_typography":"custom","typography_font_family":"Moulpali","typography_font_size":{"unit":"rem","size":"1.5"},"typography_font_size_mobile":{"unit":"em","size":"1.6"},"typography_font_weight":"900","typography_text_transform":"uppercase","typography_line_height":{"unit":"em","size":"1.2"},"typography_letter_spacing":{"unit":"px","size":"4"},"_margin":{"unit":"%","top":"0","right":"0","bottom":"0","left":"0","isLinked":""},"_animation":"fadeIn","typography_font_size_tablet":{"unit":"em","size":"1.1","sizes":[]}},"elements":[],"isInner":false,"widgetType":"heading","elType":"widget"},{"id":"416e0500","settings":{"weight":{"unit":"px","size":"6","sizes":[]},"color":"#52f28a","width":{"unit":"%","size":"9","sizes":[]},"gap":{"unit":"px","size":"5","sizes":[]},"_margin":{"unit":"%","top":"0","right":"0","bottom":"0","left":"0","isLinked":""},"align":"left","align_mobile":"center","text":"Divisor"},"elements":[],"isInner":false,"widgetType":"divider","elType":"widget"},{"id":"6f73e4de","settings":{"title":"Lorem ipsum dolor sit amet, consectetur adipiscing elit. ","title_color":"#ffffff","typography_typography":"custom","typography_font_family":"Palanquin","typography_font_size":{"unit":"em","size":"0.9","sizes":[]},"typography_font_weight":"400","typography_text_transform":"none","header_size":"h3","typography_font_style":"normal","typography_text_decoration":"none","typography_line_height":{"unit":"em","size":"1.5","sizes":[]},"align_mobile":"center"},"elements":[],"isInner":false,"widgetType":"heading","elType":"widget"}],"isInner":"1","elType":"column"},{"id":"3420be02","settings":{"_column_size":"33","content_position":"bottom","space_between_widgets":"10","background_background":"classic","background_color":"#0762d9","background_color_b":"#334893","background_image":{"url":"http:\/\/sitefacilitado.com.br\/wp-content\/uploads\/2020\/02\/stem_game.jpg","id":"539"},"background_position":"center center","background_hover_background":"classic","background_hover_color":"#30d979","background_hover_color_b":"#2285cc","background_overlay_background":"classic","background_overlay_color":"#52f28a","background_overlay_color_b":"#0762d9","background_overlay_position":"center center","background_overlay_opacity":{"unit":"px","size":"0.91","sizes":[]},"background_overlay_hover_background":"classic","background_overlay_hover_color_b":"#52f28a","background_overlay_hover_opacity":{"unit":"px","size":"0.95","sizes":[]},"padding":{"unit":"em","top":"2","right":"2","bottom":"2","left":"2","isLinked":"1"},"motion_fx_tilt_effect":"yes","animation":"fadeIn","hide_tablet":"hidden-tablet","hide_mobile":"hidden-phone","background_overlay_color_b_stop":{"unit":"%","size":"88","sizes":[]},"background_overlay_hover_color":"rgba(7,98,217,0.81)","css_filters_hover_css_filter":"custom","css_filters_hover_saturate":{"unit":"px","size":"98","sizes":[]},"background_overlay_hover_transition":{"unit":"px","size":"1.1","sizes":[]},"border_border":"solid","border_width":{"unit":"px","top":"0","right":"0","bottom":"5","left":"0","isLinked":""},"border_color":"#0762d9","border_hover_border":"solid","border_hover_width":{"unit":"px","top":"0","right":"0","bottom":"5","left":"0","isLinked":""},"border_hover_color":"#30d979","margin":{"unit":"%","top":"2","right":"2","bottom":"2","left":"2","isLinked":"1"},"margin_tablet":{"unit":"%","top":"2","right":"2","bottom":"2","left":"2","isLinked":"1"},"padding_tablet":{"unit":"em","top":"1","right":"1","bottom":"2","left":"1","isLinked":""},"border_radius":{"unit":"px","top":"6","right":"6","bottom":"6","left":"6","isLinked":"1"}},"elements":[{"id":"26b06732","settings":{"icon":"fa fa-code","align":"left","primary_color":"#ffffff","_padding":{"unit":"em","top":"10","right":"0","bottom":"0","left":"0","isLinked":""},"align_mobile":"center"},"elements":[],"isInner":false,"widgetType":"icon","elType":"widget"},{"id":"513d6e98","settings":{"title":"software<br>development","header_size":"h3","align_mobile":"center","title_color":"#ffffff","typography_typography":"custom","typography_font_family":"Moulpali","typography_font_size":{"unit":"rem","size":"1.5"},"typography_font_size_mobile":{"unit":"em","size":"1.6"},"typography_font_weight":"900","typography_text_transform":"uppercase","typography_line_height":{"unit":"em","size":"1.2"},"typography_letter_spacing":{"unit":"px","size":"4"},"_margin":{"unit":"%","top":"0","right":"0","bottom":"0","left":"0","isLinked":""},"_animation":"fadeIn","typography_font_size_tablet":{"unit":"em","size":"1.1","sizes":[]}},"elements":[],"isInner":false,"widgetType":"heading","elType":"widget"},{"id":"7266128c","settings":{"weight":{"unit":"px","size":"6","sizes":[]},"color":"#52f28a","width":{"unit":"%","size":"9","sizes":[]},"gap":{"unit":"px","size":"5","sizes":[]},"_margin":{"unit":"%","top":"0","right":"0","bottom":"0","left":"0","isLinked":""},"align":"left","align_mobile":"center","text":"Divisor"},"elements":[],"isInner":false,"widgetType":"divider","elType":"widget"},{"id":"3bebe11c","settings":{"title":"Lorem ipsum dolor sit amet, consectetur adipiscing elit. ","title_color":"#ffffff","typography_typography":"custom","typography_font_family":"Palanquin","typography_font_size":{"unit":"em","size":"0.9","sizes":[]},"typography_font_weight":"400","typography_text_transform":"none","header_size":"h3","typography_font_style":"normal","typography_text_decoration":"none","typography_line_height":{"unit":"em","size":"1.5","sizes":[]},"align_mobile":"center"},"elements":[],"isInner":false,"widgetType":"heading","elType":"widget"}],"isInner":"1","elType":"column"}],"isInner":"1","elType":"section"},{"id":"24fe83ba","settings":{"icon":"fa fa-angle-down","primary_color":"#30d979","size":{"unit":"px","size":"42","sizes":[]},"_padding":{"unit":"em","top":"0","right":"0","bottom":"0","left":"0","isLinked":""},"_animation":"fadeInLeft","align":"right","hover_animation":"hang","align_tablet":"center"},"elements":[],"isInner":false,"widgetType":"icon","elType":"widget"},{"id":"3f2b3c4c","settings":{"text":"view careers","size":"md","typography_typography":"custom","typography_font_family":"Palanquin","typography_font_size":{"unit":"em","size":"1","sizes":[]},"typography_text_transform":"uppercase","button_text_color":"#ffffff","background_color":"#52f28a","hover_animation":"bob","border_radius":{"unit":"px","top":"100","right":"100","bottom":"100","left":"100","isLinked":"1"},"_padding":{"unit":"em","top":"1","right":"1","bottom":"1","left":"0","isLinked":""},"_element_width":"auto","icon":"fa fa-angle-right","icon_align":"right","border_border":"solid","border_width":{"unit":"px","top":"1","right":"1","bottom":"1","left":"1","isLinked":"1"},"border_color":"#52f28a","align_mobile":"justify","_padding_mobile":{"unit":"em","top":"1","right":"0","bottom":"0","left":"0","isLinked":""},"_element_width_mobile":"inherit","typography_font_weight":"600","align_tablet":"center","_element_width_tablet":"inherit","selected_icon":{"value":"fas fa-angle-right","library":"fa-solid"}},"elements":[],"isInner":false,"widgetType":"button","elType":"widget"}],"isInner":"","elType":"column"}],"isInner":"","elType":"section"}]}