{"version":"0.4","title":"escola 7","type":"page","content":[{"id":"50e3d5da","settings":{"stretch_section":"section-stretched","height":"min-height","background_background":"gradient","background_image":{"id":"523","url":"http:\/\/sitefacilitado.com.br\/wp-content\/uploads\/2020\/02\/people-2557396_1280.jpg"},"background_repeat":"no-repeat","background_size":"cover","background_position":"center center","background_color":"#0762d9","background_color_b":"#013c93","background_overlay_background":"classic","background_overlay_image":{"url":"http:\/\/sitefacilitado.com.br\/wp-content\/uploads\/2020\/02\/hands-typing-code-on-laptop.jpg","id":"520"},"background_overlay_opacity":{"unit":"px","size":"0.16","sizes":[]},"css_filters_css_filter":"custom","css_filters_saturate":{"unit":"px","size":"0","sizes":[]},"overlay_blend_mode":"lighten","structure":"20","background_overlay_attachment":"fixed"},"elements":[{"id":"7a9b65a","settings":{"_column_size":"50","_inline_size":"7.368"},"elements":[{"id":"36b65b60","settings":{"image":{"url":"http:\/\/sitefacilitado.com.br\/wp-content\/uploads\/2020\/02\/first-aid-kit-1.png","id":"571"},"align_mobile":"left","width_mobile":{"unit":"%","size":"19","sizes":[]},"align":"right","width":{"unit":"%","size":"68","sizes":[]}},"elements":[],"isInner":false,"widgetType":"image","elType":"widget"}],"isInner":"","elType":"column"},{"id":"25649e87","settings":{"_column_size":"50","space_between_widgets":"10","_inline_size":"92.632"},"elements":[{"id":"733fde94","settings":{"title":"course detail ","title_color":"#52f28a","typography_typography":"custom","typography_font_size":{"unit":"rem","size":"5"},"header_size":"h1","typography_font_weight":"900","typography_text_transform":"uppercase","typography_line_height":{"unit":"em","size":"0.9"},"typography_letter_spacing":{"unit":"px","size":"4"},"typography_font_size_mobile":{"unit":"em","size":"2.9"},"align_mobile":"center","typography_font_family":"Palanquin Dark","_margin":{"unit":"%","top":"0","right":"30","bottom":"0","left":"0","isLinked":""},"_animation":"fadeIn","_margin_mobile":{"unit":"px","top":"0","right":"0","bottom":"0","left":"0","isLinked":"1"},"_padding_mobile":{"unit":"em","top":"0","right":"0","bottom":"1","left":"0","isLinked":""}},"elements":[],"isInner":false,"widgetType":"heading","elType":"widget"},{"id":"5674a31f","settings":{"weight":{"unit":"px","size":"4","sizes":[]},"color":"#52f28a","width":{"unit":"%","size":"9","sizes":[]},"gap":{"unit":"px","size":"5","sizes":[]},"_margin":{"unit":"%","top":"0","right":"0","bottom":"0","left":"0","isLinked":""},"text":"Divisor"},"elements":[],"isInner":false,"widgetType":"divider","elType":"widget"},{"id":"12f418b3","settings":{"title":"knowledge to change the world ","header_size":"span","title_color":"#ffffff","typography_typography":"custom","typography_font_size":{"unit":"rem","size":"2"},"typography_font_weight":"400","typography_text_transform":"capitalize","typography_line_height":{"unit":"em","size":"1.2"},"typography_letter_spacing":{"unit":"px","size":""},"align_mobile":"center","typography_font_size_mobile":{"unit":"em","size":"1.5"},"typography_font_family":"Palanquin","_margin":{"unit":"%","top":"0","right":"0","bottom":"0","left":"0","isLinked":""},"_animation":"fadeInDown","_margin_mobile":{"unit":"px","top":"0","right":"0","bottom":"0","left":"0","isLinked":"1"},"_padding_mobile":{"unit":"px","top":"0","right":"0","bottom":"0","left":"0","isLinked":"1"}},"elements":[],"isInner":false,"widgetType":"heading","elType":"widget"},{"id":"56f64aa","settings":{"icon":"fa fa-angle-down","align":"right","primary_color":"#30d979","size":{"unit":"px","size":"42","sizes":[]},"_padding":{"unit":"em","top":"0","right":"0","bottom":"0","left":"0","isLinked":""},"_animation":"fadeInLeft"},"elements":[],"isInner":false,"widgetType":"icon","elType":"widget"}],"isInner":"","elType":"column"}],"isInner":"","elType":"section"},{"id":"34c13ea7","settings":{"html_tag":"section","structure":"20","background_background":"classic","background_color":"#ffffff","padding":{"unit":"em","top":"4","right":"0","bottom":"8","left":"0","isLinked":""},"background_color_b":"#eaeaea","padding_mobile":{"unit":"em","top":"3","right":"1","bottom":"3","left":"1","isLinked":""},"padding_tablet":{"unit":"em","top":"3","right":"1","bottom":"3","left":"1","isLinked":""}},"elements":[{"id":"72b4fd3e","settings":{"_column_size":"50","space_between_widgets":"10","box_shadow_box_shadow":{"horizontal":"0","vertical":"0","blur":"20","spread":"2","color":"rgba(0,0,0,0.13)"},"margin":{"unit":"px","top":"0","right":"0","bottom":"0","left":"-1","isLinked":""},"padding":{"unit":"em","top":"2","right":"2","bottom":"0","left":"2","isLinked":""},"background_background":"classic","background_color":"#ffffff","_inline_size_tablet":"100","padding_mobile":{"unit":"em","top":"1","right":"1","bottom":"1","left":"1","isLinked":"1"},"content_position":"center","border_radius":{"unit":"px","top":"6","right":"6","bottom":"6","left":"6","isLinked":"1"},"padding_tablet":{"unit":"em","top":"3","right":"3","bottom":"3","left":"3","isLinked":"1"}},"elements":[{"id":"382c8df5","settings":{"title":"overview","title_color":"#0762d9","typography_typography":"custom","typography_font_size":{"unit":"rem","size":"3"},"typography_font_weight":"900","typography_text_transform":"uppercase","typography_line_height":{"unit":"em","size":"0.9"},"typography_letter_spacing":{"unit":"px","size":"2"},"align_mobile":"center","typography_font_size_mobile":{"unit":"em","size":"3"},"typography_font_family":"Palanquin Dark","_margin":{"unit":"%","top":"0","right":"30","bottom":"0","left":"0","isLinked":""},"_animation":"fadeIn","_margin_mobile":{"unit":"px","top":"0","right":"0","bottom":"0","left":"0","isLinked":""},"_padding_mobile":{"unit":"px","top":"0","right":"0","bottom":"0","left":"0","isLinked":""}},"elements":[],"isInner":false,"widgetType":"heading","elType":"widget"},{"id":"160eeb3a","settings":{"weight":{"unit":"px","size":"6","sizes":[]},"color":"#52f28a","width":{"unit":"%","size":"9","sizes":[]},"gap":{"unit":"px","size":"12","sizes":[]},"width_mobile":{"unit":"%","size":"28","sizes":[]},"align_mobile":"center","text":"Divisor"},"elements":[],"isInner":false,"widgetType":"divider","elType":"widget"},{"id":"63f7dbf8","settings":{"title":"Innovation that excites","title_color":"#979cb2","typography_typography":"custom","typography_font_family":"Palanquin","typography_font_size":{"unit":"em","size":"1","sizes":[]},"typography_font_weight":"500","typography_text_transform":"uppercase","align_mobile":"center"},"elements":[],"isInner":false,"widgetType":"heading","elType":"widget"},{"id":"679695d7","settings":{"editor":"<p>Lorem ipsum dolor sit amet, consectetur adipiscing elit. Cras vel nulla quis nulla egestas dignissim. Aliquam ante nisl, ullamcorper eget lacus et, euismod rutrum orci.<\/p><p>Quisque condimentum congue condimentum. Donec at malesuada purus. Donec metus arcu, bibendum ut aliquam a, egestas accumsan felis<\/p>","text_color":"#979cb2","typography_typography":"custom","typography_font_family":"Palanquin","typography_font_size":{"unit":"em","size":"1","sizes":[]},"typography_font_weight":"400","typography_text_transform":"none","typography_font_style":"normal","typography_text_decoration":"none","typography_line_height":{"unit":"em","size":"1.5","sizes":[]},"text_columns":"1","column_gap":{"unit":"px","size":"0","sizes":[]},"_margin":{"unit":"%","top":"0","right":"10","bottom":"0","left":"0","isLinked":""},"_padding":{"unit":"em","top":"1","right":"5","bottom":"0","left":"0","isLinked":""},"_z_index":"1","_background_color":"#ffffff","_border_border":"solid","_border_width":{"unit":"px","top":"0","right":"3","bottom":"0","left":"0","isLinked":""},"_border_color":"#30d979","_margin_tablet":{"unit":"px","top":"0","right":"0","bottom":"0","left":"0","isLinked":""},"_margin_mobile":{"unit":"px","top":"0","right":"0","bottom":"0","left":"0","isLinked":""},"_padding_mobile":{"unit":"em","top":"0","right":"0","bottom":"0","left":"1","isLinked":""}},"elements":[],"isInner":false,"widgetType":"text-editor","elType":"widget"},{"id":"489c1722","settings":{"text":"about us","size":"md","typography_typography":"custom","typography_font_family":"Palanquin","typography_font_size":{"unit":"em","size":"1","sizes":[]},"typography_text_transform":"uppercase","button_text_color":"#ffffff","background_color":"#0762d9","hover_animation":"bob","border_radius":{"unit":"px","top":"100","right":"100","bottom":"100","left":"100","isLinked":"1"},"_padding":{"unit":"em","top":"1","right":"1","bottom":"1","left":"0","isLinked":""},"_element_width":"auto","icon":"fa fa-angle-right","icon_align":"right","border_border":"solid","border_width":{"unit":"px","top":"1","right":"1","bottom":"1","left":"1","isLinked":"1"},"border_color":"#0762d9","align_mobile":"justify","_padding_mobile":{"unit":"em","top":"1","right":"0","bottom":"0","left":"0","isLinked":""},"_element_width_mobile":"inherit","typography_font_weight":"600","selected_icon":{"value":"fas fa-angle-right","library":"fa-solid"}},"elements":[],"isInner":false,"widgetType":"button","elType":"widget"},{"id":"1cf09f1a","settings":{"text":"careers","size":"md","typography_typography":"custom","typography_font_family":"Palanquin","typography_font_size":{"unit":"em","size":"1","sizes":[]},"typography_text_transform":"uppercase","button_text_color":"#979cb2","background_color":"rgba(48,217,121,0)","hover_animation":"bob","border_radius":{"unit":"px","top":"100","right":"100","bottom":"100","left":"100","isLinked":"1"},"_padding":{"unit":"em","top":"1","right":"1","bottom":"1","left":"0","isLinked":""},"_element_width":"auto","icon":"fa fa-angle-right","icon_align":"right","border_border":"solid","border_width":{"unit":"px","top":"2","right":"2","bottom":"2","left":"2","isLinked":"1"},"border_color":"#0762d9","_element_width_mobile":"inherit","align_mobile":"justify","_margin_mobile":{"unit":"px","top":"0","right":"0","bottom":"0","left":"0","isLinked":""},"_padding_mobile":{"unit":"em","top":"1","right":"0","bottom":"1","left":"0","isLinked":""},"typography_font_weight":"500","selected_icon":{"value":"fas fa-angle-right","library":"fa-solid"}},"elements":[],"isInner":false,"widgetType":"button","elType":"widget"}],"isInner":"","elType":"column"},{"id":"1a7ef530","settings":{"_column_size":"50","margin":{"unit":"%","top":"","right":"","bottom":"","left":"","isLinked":"1"},"padding":{"unit":"em","top":"","right":"","bottom":"","left":"","isLinked":"1"},"_inline_size_tablet":"100","margin_tablet":{"unit":"%","top":"0","right":"0","bottom":"0","left":"0","isLinked":""},"padding_tablet":{"unit":"em","top":"0","right":"0","bottom":"0","left":"0","isLinked":""}},"elements":[{"id":"4a277f25","settings":{"youtube_url":"https:\/\/www.youtube.com\/watch?v=XHOmBV4js_E","vimeo_url":"https:\/\/vimeo.com\/235215203","dailymotion_url":"https:\/\/www.dailymotion.com\/video\/x6tqhqb","show_image_overlay":"yes","image_overlay":{"url":"http:\/\/sitefacilitado.com.br\/wp-content\/uploads\/2020\/02\/stem_video_background2.jpg","id":"533"},"play_icon_color":"#ffffff","play_icon_text_shadow_text_shadow":{"horizontal":"15","vertical":"-1","blur":"10","color":"rgba(0,0,0,0.77)"},"lightbox_color":"#0762d9","_margin":{"unit":"%","top":"6","right":"0","bottom":"0","left":"-22","isLinked":""},"_border_border":"solid","_border_width":{"unit":"px","top":"0","right":"0","bottom":"5","left":"0","isLinked":""},"_border_color":"#ffffff","_box_shadow_box_shadow_type":"yes","_box_shadow_box_shadow":{"horizontal":"0","vertical":"0","blur":"19","spread":"0","color":"rgba(0,0,0,0.5)"},"_margin_tablet":{"unit":"px","top":"0","right":"0","bottom":"0","left":"0","isLinked":""},"_border_radius":{"unit":"px","top":"6","right":"6","bottom":"6","left":"6","isLinked":"1"}},"elements":[],"isInner":false,"widgetType":"video","elType":"widget"},{"id":"7d558725","settings":{"icon":"fa fa-angle-down","align":"right","primary_color":"#30d979","size":{"unit":"px","size":"42","sizes":[]},"_padding":{"unit":"em","top":"0","right":"1","bottom":"0","left":"0","isLinked":""},"_animation":"fadeInLeft","hover_animation":"hang","align_tablet":"center"},"elements":[],"isInner":false,"widgetType":"icon","elType":"widget"}],"isInner":"","elType":"column"}],"isInner":"","elType":"section"},{"id":"49f4b787","settings":{"structure":"20","padding":{"unit":"em","top":"0","right":"0","bottom":"4","left":"0","isLinked":""},"background_background":"classic","custom_height":{"unit":"vh","size":"100"},"background_image":{"url":"http:\/\/sitefacilitado.com.br\/wp-content\/uploads\/2020\/02\/people-2557396_1280.jpg","id":"523"},"background_attachment":"fixed","background_size":"cover","background_overlay_background":"classic","background_overlay_color":"#0762d9","background_overlay_opacity":{"unit":"px","size":"0.85","sizes":[]}},"elements":[{"id":"447ef66","settings":{"_column_size":"50","padding":{"unit":"em","top":"1","right":"1","bottom":"1","left":"1","isLinked":"1"},"content_position":"top","background_background":"classic","background_color":"#ffffff","box_shadow_box_shadow_type":"yes","box_shadow_box_shadow":{"horizontal":"0","vertical":"0","blur":"19","spread":"0","color":"rgba(0,0,0,0.13)"},"margin":{"unit":"%","top":"-10","right":"0","bottom":"0","left":"0","isLinked":""},"_inline_size_tablet":"100","margin_tablet":{"unit":"%","top":"0","right":"0","bottom":"0","left":"0","isLinked":""},"border_radius":{"unit":"px","top":"6","right":"6","bottom":"6","left":"6","isLinked":"1"}},"elements":[{"id":"36e9f899","settings":{"image":{"url":"http:\/\/sitefacilitado.com.br\/wp-content\/uploads\/2020\/02\/adult-communication-daylight-1346197.jpg","id":"519"},"align":"left","_margin":{"unit":"%","top":"0","right":"0","bottom":"0","left":"0","isLinked":""},"image_size":"custom","image_custom_dimension":{"width":"800","height":"700"}},"elements":[],"isInner":false,"widgetType":"image","elType":"widget"},{"id":"75e3d0d3","settings":{"title":"professor","header_size":"span","align":"left","align_mobile":"center","title_color":"#30d979","typography_typography":"custom","typography_font_family":"Palanquin Dark","typography_font_size":{"unit":"rem","size":"3"},"typography_font_size_mobile":{"unit":"em","size":"1.8"},"typography_font_weight":"900","typography_text_transform":"uppercase","typography_line_height":{"unit":"em","size":"0.9"},"typography_letter_spacing":{"unit":"px","size":"4"},"_margin":{"unit":"%","top":"-32","right":"0","bottom":"0","left":"4","isLinked":""},"_animation":"fadeIn"},"elements":[],"isInner":false,"widgetType":"heading","elType":"widget"},{"id":"5caed39b","settings":{"title":"andrew ames","header_size":"span","align":"left","align_mobile":"center","title_color":"#ffffff","typography_typography":"custom","typography_font_family":"Palanquin Dark","typography_font_size":{"unit":"rem","size":"1.7"},"typography_font_size_mobile":{"unit":"em","size":"1.8"},"typography_font_weight":"900","typography_text_transform":"uppercase","typography_line_height":{"unit":"em","size":"0.9"},"typography_letter_spacing":{"unit":"px","size":"4"},"_margin":{"unit":"%","top":"-26","right":"-5","bottom":"0","left":"4","isLinked":""},"_padding":{"unit":"px","top":"10","right":"10","bottom":"10","left":"10","isLinked":"1"},"_animation":"fadeIn","_background_background":"classic","_background_color":"#30d979","_border_radius":{"unit":"px","top":"4","right":"4","bottom":"4","left":"4","isLinked":"1"}},"elements":[],"isInner":false,"widgetType":"heading","elType":"widget"}],"isInner":"","elType":"column"},{"id":"2b44a5b0","settings":{"_column_size":"50","space_between_widgets":"10","padding":{"unit":"em","top":"3","right":"1","bottom":"1","left":"4","isLinked":""},"_inline_size_tablet":"100","margin_mobile":{"unit":"px","top":"0","right":"0","bottom":"0","left":"0","isLinked":""},"padding_mobile":{"unit":"em","top":"0","right":"0","bottom":"0","left":"0","isLinked":""},"margin_tablet":{"unit":"px","top":"0","right":"0","bottom":"0","left":"0","isLinked":""},"padding_tablet":{"unit":"em","top":"1","right":"1","bottom":"1","left":"1","isLinked":"1"},"content_position":"bottom"},"elements":[{"id":"5b61e71e","settings":{"title":"faculty  ","title_color":"#ffffff","typography_typography":"custom","typography_font_size":{"unit":"rem","size":"3"},"typography_font_weight":"900","typography_text_transform":"uppercase","typography_line_height":{"unit":"em","size":"0.9"},"typography_letter_spacing":{"unit":"px","size":"4"},"align_mobile":"center","typography_font_size_mobile":{"unit":"em","size":"3"},"typography_font_family":"Palanquin Dark","_margin":{"unit":"%","top":"0","right":"30","bottom":"0","left":"0","isLinked":""},"_animation":"fadeIn","_margin_mobile":{"unit":"px","top":"0","right":"0","bottom":"0","left":"0","isLinked":"1"}},"elements":[],"isInner":false,"widgetType":"heading","elType":"widget"},{"id":"4c7b043a","settings":{"weight":{"unit":"px","size":"6","sizes":[]},"color":"#52f28a","width":{"unit":"%","size":"9","sizes":[]},"gap":{"unit":"px","size":"5","sizes":[]},"_margin":{"unit":"%","top":"0","right":"0","bottom":"0","left":"0","isLinked":""},"width_mobile":{"unit":"%","size":"30","sizes":[]},"align_mobile":"center","text":"Divisor"},"elements":[],"isInner":false,"widgetType":"divider","elType":"widget"},{"id":"60bdae79","settings":{"title":"lorem ipsum dolor amut","title_color":"#ffffff","typography_typography":"custom","typography_font_family":"Palanquin","typography_font_size":{"unit":"em","size":"1.7","sizes":[]},"typography_font_weight":"400","typography_text_transform":"capitalize","header_size":"h3","align_mobile":"center","typography_font_size_mobile":{"unit":"rem","size":"1.5","sizes":[]},"typography_line_height":{"unit":"em","size":"1.2","sizes":[]}},"elements":[],"isInner":false,"widgetType":"heading","elType":"widget"},{"id":"5a08f69b","settings":{"typography_typography":"custom","typography_font_family":"Palanquin","typography_font_size":{"unit":"em","size":"1","sizes":[]},"typography_font_weight":"400","typography_text_transform":"none","typography_font_style":"normal","typography_text_decoration":"none","editor":"<p>Click edit button to change this text. Lorem ipsum dolor sit amet, consectetur adipiscing elit. Ut elit tellus, luctus nec ullamcorper mattis, pulvinar dapibus leo.<\/p><p>Lorem ipsum dolor sit amet, consectetur adipiscing elit. Quisque dictum elit at lacus sollicitudin ultricies. Fusce eleifend, justo a convallis viverra, eros diam placerat arcu, tristique molestie est odio eu odio. In vel scelerisque dolor, sed fermentum urna.<\/p>","align":"justify","align_mobile":"justify","text_color":"#ffffff","typography_line_height":{"unit":"em","size":"1.5","sizes":[]},"text_columns":"1","column_gap":{"unit":"px","size":"0","sizes":[]},"_margin":{"unit":"%","top":"0","right":"0","bottom":"0","left":"0","isLinked":""},"_margin_tablet":{"unit":"px","top":"0","right":"0","bottom":"0","left":"0","isLinked":""},"_margin_mobile":{"unit":"px","top":"0","right":"0","bottom":"0","left":"0","isLinked":""},"_padding":{"unit":"em","top":"1","right":"4","bottom":"0","left":"0","isLinked":""},"_padding_mobile":{"unit":"em","top":"0","right":"1","bottom":"0","left":"0","isLinked":""},"_z_index":"1","_background_color":"#ffffff","_border_border":"solid","_border_width":{"unit":"px","top":"0","right":"3","bottom":"0","left":"0","isLinked":""},"_border_color":"#30d979"},"elements":[],"isInner":false,"widgetType":"text-editor","elType":"widget"}],"isInner":"","elType":"column"}],"isInner":"","elType":"section"},{"id":"4ec605c6","settings":{"structure":"20","padding":{"unit":"em","top":"4","right":"1","bottom":"4","left":"1","isLinked":""},"gap":"no","padding_mobile":{"unit":"em","top":"","right":"","bottom":"","left":"","isLinked":"1"}},"elements":[{"id":"4734c0d","settings":{"_column_size":"50","_inline_size":"57.719","space_between_widgets":"10","content_position":"top","margin":{"unit":"px","top":"0","right":"0","bottom":"0","left":"0","isLinked":""},"padding_tablet":{"unit":"em","top":"","right":"","bottom":"","left":"","isLinked":"1"},"padding":{"unit":"em","top":"0","right":"0","bottom":"0","left":"0","isLinked":"1"}},"elements":[{"id":"6b95fcb","settings":[],"elements":[{"id":"2dcb9b35","settings":{"_column_size":"100"},"elements":[{"id":"3c35c1f0","settings":{"title":"included<br>courses","title_color":"#0762d9","typography_typography":"custom","typography_font_size":{"unit":"rem","size":"3"},"typography_font_weight":"900","typography_text_transform":"uppercase","typography_line_height":{"unit":"em","size":"0.9"},"typography_letter_spacing":{"unit":"px","size":"4"},"align_mobile":"left","typography_font_size_mobile":{"unit":"em","size":"3"},"typography_font_family":"Palanquin Dark","_margin":{"unit":"%","top":"0","right":"30","bottom":"0","left":"0","isLinked":""},"_animation":"fadeIn"},"elements":[],"isInner":false,"widgetType":"heading","elType":"widget"},{"id":"521bd606","settings":{"weight":{"unit":"px","size":"6","sizes":[]},"color":"#52f28a","width":{"unit":"%","size":"9","sizes":[]},"gap":{"unit":"px","size":"5","sizes":[]},"_margin":{"unit":"%","top":"0","right":"0","bottom":"0","left":"0","isLinked":""},"align":"left","text":"Divisor"},"elements":[],"isInner":false,"widgetType":"divider","elType":"widget"},{"id":"9558100","settings":{"title":"school enviroment &amp; technology","title_color":"#979cb2","typography_typography":"custom","typography_font_family":"Palanquin","typography_font_size":{"unit":"em","size":"1","sizes":[]},"typography_font_weight":"500","typography_text_transform":"uppercase"},"elements":[],"isInner":false,"widgetType":"heading","elType":"widget"},{"id":"4e12c824","settings":{"typography_typography":"custom","typography_font_family":"Palanquin","typography_font_size":{"unit":"em","size":"1","sizes":[]},"typography_font_weight":"400","typography_text_transform":"none","typography_font_style":"normal","typography_text_decoration":"none","editor":"<p>Click edit button to change this text. Lorem ipsum dolor sit amet, consectetur adipiscing elit. Ut elit tellus, luctus nec ullamcorper mattis, pulvinar dapibus leo.<\/p>","align_mobile":"justify","text_color":"#979cb2","typography_line_height":{"unit":"em","size":"1.5","sizes":[]},"text_columns":"1","column_gap":{"unit":"px","size":"0","sizes":[]},"_margin":{"unit":"%","top":"0","right":"10","bottom":"0","left":"-5","isLinked":""},"_margin_tablet":{"unit":"px","top":"0","right":"0","bottom":"0","left":"0","isLinked":""},"_margin_mobile":{"unit":"px","top":"0","right":"0","bottom":"0","left":"0","isLinked":""},"_padding":{"unit":"em","top":"1","right":"0","bottom":"0","left":"2","isLinked":""},"_padding_mobile":{"unit":"em","top":"0","right":"1","bottom":"0","left":"0","isLinked":""},"_z_index":"1","_background_color":"#ffffff","_border_border":"solid","_border_width":{"unit":"px","top":"0","right":"0","bottom":"0","left":"3","isLinked":""},"_border_color":"#22f93c","align":"left"},"elements":[],"isInner":false,"widgetType":"text-editor","elType":"widget"}],"isInner":"1","elType":"column"}],"isInner":"1","elType":"section"},{"id":"6ceefeb4","settings":{"structure":"20"},"elements":[{"id":"578b84f3","settings":{"_column_size":"50","background_background":"classic","background_position":"center center","background_repeat":"no-repeat","background_size":"cover","margin":{"unit":"%","top":"2","right":"2","bottom":"2","left":"2","isLinked":"1"},"margin_mobile":{"unit":"px","top":"2","right":"0","bottom":"2","left":"0","isLinked":""},"border_radius":{"unit":"px","top":"6","right":"6","bottom":"6","left":"6","isLinked":"1"}},"elements":[{"id":"13a67749","settings":{"icon_list":[{"text":"Introduction ","icon":"fa fa-dot-circle-o","_id":"00e4345","link":{"url":"","is_external":"","nofollow":""},"selected_icon":{"value":"fas fa-check","library":"fa-solid"}},{"text":"History of Computing","icon":"fa fa-dot-circle-o","_id":"c27c68b","link":{"url":"","is_external":"","nofollow":""},"selected_icon":{"value":"fas fa-check","library":"fa-solid"}},{"text":"Languages 101","icon":"fa fa-dot-circle-o","_id":"195991b","link":{"url":"","is_external":"","nofollow":""},"selected_icon":{"value":"fas fa-check","library":"fa-solid"}},{"text":"Calculus 101","icon":"fa fa-dot-circle-o","_id":"dafdd01","link":{"url":"","is_external":"","nofollow":""},"selected_icon":{"value":"fas fa-check","library":"fa-solid"}},{"text":"Applied Mathematics","icon":"fa fa-dot-circle-o","_id":"d27803e","link":{"url":"","is_external":"","nofollow":""},"selected_icon":{"value":"fas fa-check","library":"fa-solid"}}],"space_between":{"unit":"px","size":"20","sizes":[]},"icon_align":"left","text_color":"#979cb2","text_indent":{"unit":"px","size":"18","sizes":[]},"_padding":{"unit":"em","top":"0","right":"3","bottom":"0","left":"0","isLinked":""}},"elements":[],"isInner":false,"widgetType":"icon-list","elType":"widget"}],"isInner":"1","elType":"column"},{"id":"302d1199","settings":{"_column_size":"50","background_background":"classic","background_image":{"url":"http:\/\/sitefacilitado.com.br\/wp-content\/uploads\/2020\/02\/hands-typing-code-on-laptop.jpg","id":"520"},"background_position":"center center","background_repeat":"no-repeat","background_size":"cover","margin":{"unit":"%","top":"2","right":"2","bottom":"2","left":"2","isLinked":"1"},"margin_mobile":{"unit":"%","top":"2","right":"0","bottom":"2","left":"0","isLinked":""},"border_radius":{"unit":"px","top":"6","right":"6","bottom":"6","left":"6","isLinked":"1"}},"elements":[{"id":"334fac9d","settings":{"space":{"unit":"px","size":"244","sizes":[]},"_background_background":"classic"},"elements":[],"isInner":false,"widgetType":"spacer","elType":"widget"}],"isInner":"1","elType":"column"}],"isInner":"1","elType":"section"},{"id":"53e2a0d9","settings":{"structure":"20"},"elements":[{"id":"11e7f715","settings":{"_column_size":"50","background_background":"classic","background_image":{"url":"http:\/\/sitefacilitado.com.br\/wp-content\/uploads\/2020\/02\/student-team-meeting-at-table.jpg","id":"538"},"background_position":"center center","background_repeat":"no-repeat","background_size":"cover","margin":{"unit":"%","top":"2","right":"2","bottom":"2","left":"2","isLinked":"1"},"margin_mobile":{"unit":"%","top":"2","right":"0","bottom":"2","left":"0","isLinked":""},"border_radius":{"unit":"px","top":"6","right":"6","bottom":"6","left":"6","isLinked":"1"}},"elements":[{"id":"23f79b48","settings":{"space":{"unit":"px","size":"244","sizes":[]}},"elements":[],"isInner":false,"widgetType":"spacer","elType":"widget"}],"isInner":"1","elType":"column"},{"id":"4ec4afa9","settings":{"_column_size":"50","content_position":"center","align":"flex-start","background_background":"classic","background_color":"#0762d9","margin":{"unit":"%","top":"2","right":"2","bottom":"2","left":"2","isLinked":"1"},"padding":{"unit":"em","top":"2","right":"2","bottom":"2","left":"2","isLinked":"1"},"margin_mobile":{"unit":"%","top":"2","right":"0","bottom":"2","left":"0","isLinked":""},"padding_mobile":{"unit":"em","top":"2","right":"2","bottom":"2","left":"2","isLinked":"1"},"border_radius":{"unit":"px","top":"6","right":"6","bottom":"6","left":"6","isLinked":"1"},"padding_tablet":{"unit":"em","top":"1","right":"1","bottom":"1","left":"1","isLinked":""}},"elements":[{"id":"1f48144d","settings":{"image":{"url":"http:\/\/sitefacilitado.com.br\/wp-content\/uploads\/2020\/02\/icon_diploma.png","id":"510"},"align":"left","width":{"unit":"%","size":"16","sizes":[]},"_animation":"fadeInRight","align_mobile":"center"},"elements":[],"isInner":false,"widgetType":"image","elType":"widget"},{"id":"290611b4","settings":{"title":"top certification","header_size":"h3","align_mobile":"center","title_color":"#ffffff","typography_typography":"custom","typography_font_family":"Palanquin Dark","typography_font_size":{"unit":"rem","size":"1.4"},"typography_font_size_mobile":{"unit":"em","size":"1.5"},"typography_font_weight":"900","typography_text_transform":"uppercase","typography_line_height":{"unit":"em","size":"1.2"},"typography_letter_spacing":{"unit":"px","size":"4"},"_margin":{"unit":"%","top":"0","right":"0","bottom":"0","left":"0","isLinked":""},"_padding":{"unit":"em","top":"0","right":"0","bottom":"0","left":"0","isLinked":""},"_animation":"fadeInRight","_element_width":"auto","align":"left","typography_font_size_tablet":{"unit":"em","size":"1","sizes":[]}},"elements":[],"isInner":false,"widgetType":"heading","elType":"widget"},{"id":"55fee175","settings":{"weight":{"unit":"px","size":"6","sizes":[]},"color":"#52f28a","width":{"unit":"%","size":"9","sizes":[]},"gap":{"unit":"px","size":"5","sizes":[]},"_margin":{"unit":"%","top":"0","right":"0","bottom":"0","left":"0","isLinked":""},"_animation":"fadeInUp","align_mobile":"center","gap_mobile":{"unit":"px","size":"10","sizes":[]},"text":"Divisor"},"elements":[],"isInner":false,"widgetType":"divider","elType":"widget"}],"isInner":"1","elType":"column"}],"isInner":"1","elType":"section"}],"isInner":"","elType":"column"},{"id":"45bbd960","settings":{"_column_size":"50","_inline_size":"42.281","content_position":"top","align":"flex-end","background_background":"classic","background_position":"center center","background_repeat":"no-repeat","background_size":"cover","background_overlay_background":"classic","background_overlay_color":"#0762d9","margin":{"unit":"%","top":"2","right":"2","bottom":"2","left":"2","isLinked":"1"},"space_between_widgets":"5","background_overlay_opacity":{"unit":"px","size":"0.35","sizes":[]},"padding":{"unit":"em","top":"2","right":"2","bottom":"2","left":"2","isLinked":"1"},"margin_mobile":{"unit":"px","top":"2","right":"0","bottom":"2","left":"0","isLinked":""},"padding_mobile":{"unit":"em","top":"10","right":"1","bottom":"10","left":"1","isLinked":""},"background_color":"#0762d9","background_overlay_image":{"url":"http:\/\/sitefacilitado.com.br\/wp-content\/uploads\/2020\/02\/people-2557396_1280.jpg","id":"523"},"background_overlay_position":"center center","background_overlay_size":"cover","css_filters_css_filter":"custom","css_filters_saturate":{"unit":"px","size":"0","sizes":[]},"overlay_blend_mode":"lighten","border_radius":{"unit":"px","top":"6","right":"6","bottom":"6","left":"6","isLinked":"1"},"motion_fx_translateX_effect":"yes"},"elements":[{"id":"7f089ecd","settings":{"title":"education<br>for the future","header_size":"span","title_color":"#52f28a","typography_typography":"custom","typography_font_size":{"unit":"rem","size":"3.3"},"typography_font_weight":"900","typography_text_transform":"uppercase","typography_line_height":{"unit":"em","size":"0.9"},"typography_letter_spacing":{"unit":"px","size":"4"},"align_mobile":"center","typography_font_size_mobile":{"unit":"em","size":"2.5"},"typography_font_family":"Palanquin Dark","_margin":{"unit":"px","top":"0","right":"0","bottom":"20","left":"0","isLinked":""},"_animation":"fadeIn","align":"right","_padding":{"unit":"em","top":"0","right":"0","bottom":"0","left":"0","isLinked":"1"},"motion_fx_translateY_effect":"yes","motion_fx_translateY_affectedRange":{"unit":"%","size":"","sizes":{"start":"14","end":"48"}},"typography_font_size_tablet":{"unit":"em","size":"2.2","sizes":[]},"_margin_mobile":{"unit":"px","top":"0","right":"0","bottom":"0","left":"0","isLinked":""},"_padding_mobile":{"unit":"em","top":"1","right":"1","bottom":"1","left":"1","isLinked":"1"}},"elements":[],"isInner":false,"widgetType":"heading","elType":"widget"},{"id":"78f102ac","settings":{"title":"Want to shape the future ?","header_size":"span","title_color":"#ffffff","typography_typography":"custom","typography_font_size":{"unit":"em","size":"1.7","sizes":[]},"typography_font_weight":"400","typography_font_family":"Palanquin","typography_text_transform":"capitalize","align":"right","align_mobile":"center","typography_font_size_tablet":{"unit":"rem","size":"1.2","sizes":[]},"typography_line_height":{"unit":"em","size":"1.5","sizes":[]}},"elements":[],"isInner":false,"widgetType":"heading","elType":"widget"},{"id":"28c1572c","settings":{"text":"careers","size":"md","typography_typography":"custom","typography_font_family":"Palanquin","typography_font_size":{"unit":"em","size":"1","sizes":[]},"typography_text_transform":"uppercase","button_text_color":"#52f28a","background_color":"rgba(48,217,121,0)","hover_animation":"bob","border_radius":{"unit":"px","top":"100","right":"100","bottom":"100","left":"100","isLinked":"1"},"_padding":{"unit":"em","top":"1","right":"1","bottom":"1","left":"0","isLinked":""},"_element_width":"auto","icon":"fa fa-angle-right","icon_align":"right","border_border":"solid","border_width":{"unit":"px","top":"2","right":"2","bottom":"2","left":"2","isLinked":"1"},"border_color":"#52f28a","align_mobile":"justify","_margin_mobile":{"unit":"px","top":"0","right":"0","bottom":"0","left":"0","isLinked":""},"_padding_mobile":{"unit":"em","top":"1","right":"0","bottom":"1","left":"0","isLinked":""},"_element_width_mobile":"inherit","align_tablet":"justify","typography_font_weight":"600","typography_letter_spacing":{"unit":"px","size":"0","sizes":[]},"_element_width_tablet":"inherit","selected_icon":{"value":"fas fa-angle-right","library":"fa-solid"}},"elements":[],"isInner":false,"widgetType":"button","elType":"widget"},{"id":"122cd5f1","settings":{"text":"Apply now","size":"md","typography_typography":"custom","typography_font_family":"Palanquin","typography_font_size":{"unit":"em","size":"1","sizes":[]},"typography_text_transform":"uppercase","button_text_color":"#ffffff","background_color":"#52f28a","hover_animation":"bob","border_radius":{"unit":"px","top":"100","right":"100","bottom":"100","left":"100","isLinked":"1"},"_padding":{"unit":"em","top":"1","right":"1","bottom":"1","left":"0","isLinked":""},"_element_width":"auto","border_border":"solid","border_width":{"unit":"px","top":"1","right":"1","bottom":"1","left":"1","isLinked":"1"},"border_color":"#52f28a","align_mobile":"justify","_padding_mobile":{"unit":"em","top":"1","right":"0","bottom":"0","left":"0","isLinked":""},"_element_width_mobile":"inherit","align_tablet":"justify","typography_font_weight":"600","_element_width_tablet":"inherit"},"elements":[],"isInner":false,"widgetType":"button","elType":"widget"},{"id":"4f9875d0","settings":[],"elements":[],"isInner":false,"widgetType":"spacer","elType":"widget"},{"id":"120e0c88","settings":{"title":"history","percent":{"unit":"%","size":"35","sizes":[]},"inner_text":"","bar_color":"#30d979","bar_bg_color":"#0762d9","title_color":"#ffffff","typography_typography":"custom","typography_font_family":"Palanquin","typography_font_size":{"unit":"em","size":"0.9","sizes":[]},"typography_font_weight":"400","typography_text_transform":"uppercase","typography_font_style":"normal","typography_text_decoration":"none","_margin":{"unit":"%","top":"0","right":"0","bottom":"0","left":"0","isLinked":""},"bar_inline_color":"#ffffff"},"elements":[],"isInner":false,"widgetType":"progress","elType":"widget"},{"id":"15f000df","settings":{"title":"programming","percent":{"unit":"%","size":"75","sizes":[]},"inner_text":"","bar_color":"#30d979","bar_bg_color":"#0762d9","title_color":"#ffffff","typography_typography":"custom","typography_font_family":"Palanquin","typography_font_size":{"unit":"em","size":"0.9","sizes":[]},"typography_font_weight":"400","typography_text_transform":"uppercase","typography_font_style":"normal","typography_text_decoration":"none","_margin":{"unit":"%","top":"0","right":"0","bottom":"0","left":"0","isLinked":""},"bar_inline_color":"#ffffff"},"elements":[],"isInner":false,"widgetType":"progress","elType":"widget"},{"id":"5e8bceea","settings":{"title":"Math","percent":{"unit":"%","size":"89","sizes":[]},"inner_text":"","bar_color":"#30d979","bar_bg_color":"#0762d9","title_color":"#ffffff","typography_typography":"custom","typography_font_family":"Palanquin","typography_font_size":{"unit":"em","size":"0.9","sizes":[]},"typography_font_weight":"400","typography_text_transform":"uppercase","typography_font_style":"normal","typography_text_decoration":"none","_margin":{"unit":"%","top":"0","right":"0","bottom":"0","left":"0","isLinked":""},"bar_inline_color":"#ffffff"},"elements":[],"isInner":false,"widgetType":"progress","elType":"widget"},{"id":"33d9ad51","settings":{"title":"Logic","percent":{"unit":"%","size":"89","sizes":[]},"inner_text":"","bar_color":"#30d979","bar_bg_color":"#0762d9","title_color":"#ffffff","typography_typography":"custom","typography_font_family":"Palanquin","typography_font_size":{"unit":"em","size":"0.9","sizes":[]},"typography_font_weight":"400","typography_text_transform":"uppercase","typography_font_style":"normal","typography_text_decoration":"none","_margin":{"unit":"%","top":"0","right":"0","bottom":"0","left":"0","isLinked":""},"bar_inline_color":"#ffffff"},"elements":[],"isInner":false,"widgetType":"progress","elType":"widget"}],"isInner":"","elType":"column"}],"isInner":"","elType":"section"},{"id":"35fbda93","settings":{"padding":{"unit":"em","top":"4","right":"0","bottom":"4","left":"0","isLinked":""},"stretch_section":"section-stretched","content_position":"middle","background_background":"classic","background_color":"#f9f9f9","background_overlay_background":"classic","background_overlay_image":{"url":"http:\/\/sitefacilitado.com.br\/wp-content\/uploads\/2020\/02\/stem_developer.jpg","id":"515"},"background_overlay_position":"center center","background_overlay_attachment":"fixed","background_overlay_repeat":"no-repeat","background_overlay_size":"cover","background_overlay_opacity":{"unit":"px","size":"0.8"},"css_filters_css_filter":"custom","css_filters_saturate":{"unit":"px","size":"0","sizes":[]},"overlay_blend_mode":"lighten","padding_tablet":{"unit":"em","top":"3","right":"1","bottom":"3","left":"1","isLinked":""}},"elements":[{"id":"702032cd","settings":{"_column_size":"100","margin_mobile":{"unit":"px","top":"0","right":"0","bottom":"0","left":"0","isLinked":""},"padding_mobile":{"unit":"px","top":"0","right":"0","bottom":"0","left":"0","isLinked":""}},"elements":[{"id":"40634ec2","settings":{"weight":{"unit":"px","size":"6","sizes":[]},"color":"#52f28a","width":{"unit":"%","size":"9","sizes":[]},"gap":{"unit":"px","size":"5","sizes":[]},"_margin":{"unit":"%","top":"0","right":"0","bottom":"0","left":"0","isLinked":""},"align":"center","text":"Divisor"},"elements":[],"isInner":false,"widgetType":"divider","elType":"widget"},{"id":"94ff8d1","settings":{"title":"curabitur eu tellus molestie nibh iaculis ullamcorper. Sed nec varius orci, sed ultricies nunc.","align":"center","align_mobile":"center","title_color":"#0762d9","typography_typography":"custom","typography_font_family":"IBM Plex Sans","typography_font_size":{"unit":"rem","size":"1.5"},"typography_font_size_mobile":{"unit":"em","size":"1.8"},"typography_font_weight":"900","typography_text_transform":"uppercase","typography_line_height":{"unit":"em","size":"1.2"},"typography_letter_spacing":{"unit":"px","size":"4"},"_margin":{"unit":"%","top":"0","right":"20","bottom":"0","left":"20","isLinked":""},"_margin_mobile":{"unit":"px","top":"0","right":"0","bottom":"0","left":"0","isLinked":""},"_animation":"fadeIn","header_size":"span","_padding":{"unit":"em","top":"","right":"","bottom":"","left":"","isLinked":"1"}},"elements":[],"isInner":false,"widgetType":"heading","elType":"widget"},{"id":"68947e91","settings":{"weight":{"unit":"px","size":"6","sizes":[]},"color":"#52f28a","width":{"unit":"%","size":"9","sizes":[]},"gap":{"unit":"px","size":"5","sizes":[]},"_margin":{"unit":"%","top":"0","right":"0","bottom":"0","left":"0","isLinked":""},"align":"center","text":"Divisor"},"elements":[],"isInner":false,"widgetType":"divider","elType":"widget"}],"isInner":"","elType":"column"}],"isInner":"","elType":"section"},{"id":"55d6828a","settings":{"gap":"no","background_background":"classic","background_color":"#0762d9","padding":{"unit":"em","top":"4","right":"4","bottom":"4","left":"4","isLinked":"1"},"content_position":"top","background_position":"center center","background_repeat":"no-repeat","background_size":"cover","background_overlay_background":"classic","background_overlay_color":"#0762d9","background_overlay_image":{"url":"http:\/\/sitefacilitado.com.br\/wp-content\/uploads\/2020\/02\/people-2557396_1280.jpg","id":"523"},"background_overlay_position":"center center","background_overlay_attachment":"fixed","background_overlay_size":"cover","background_overlay_opacity":{"unit":"px","size":"0.35","sizes":[]},"css_filters_css_filter":"custom","css_filters_saturate":{"unit":"px","size":"0","sizes":[]},"overlay_blend_mode":"lighten","border_radius":{"unit":"px","top":"6","right":"6","bottom":"6","left":"6","isLinked":"1"},"margin":{"unit":"%","top":"","right":"0","bottom":"","left":"0","isLinked":"1"},"margin_mobile":{"unit":"px","top":"2","right":"0","bottom":"2","left":"0","isLinked":""},"padding_mobile":{"unit":"em","top":"3","right":"1","bottom":"3","left":"1","isLinked":""},"motion_fx_translateY_effect":"yes","motion_fx_translateY_speed":{"unit":"px","size":"2","sizes":[]}},"elements":[{"id":"3ef9f62f","settings":{"_column_size":"100","space_between_widgets":"10"},"elements":[{"id":"4bf84af3","settings":{"structure":"20"},"elements":[{"id":"123dab7c","settings":{"_column_size":"50"},"elements":[{"id":"3fb65fe3","settings":{"title":"alumni comments","title_color":"#ffffff","typography_typography":"custom","typography_font_size":{"unit":"rem","size":"3"},"typography_font_weight":"900","typography_text_transform":"uppercase","typography_line_height":{"unit":"em","size":"1"},"typography_letter_spacing":{"unit":"px","size":"4"},"align_mobile":"left","typography_font_size_mobile":{"unit":"em","size":"3"},"typography_font_family":"Palanquin Dark","_margin":{"unit":"%","top":"0","right":"0","bottom":"0","left":"0","isLinked":""},"_animation":"fadeIn","align":"left","typography_line_height_tablet":{"unit":"em","size":"1","sizes":[]},"typography_line_height_mobile":{"unit":"em","size":"1","sizes":[]}},"elements":[],"isInner":false,"widgetType":"heading","elType":"widget"},{"id":"42c04da2","settings":{"weight":{"unit":"px","size":"6","sizes":[]},"color":"#52f28a","width":{"unit":"%","size":"9","sizes":[]},"gap":{"unit":"px","size":"5","sizes":[]},"_margin":{"unit":"%","top":"0","right":"0","bottom":"0","left":"0","isLinked":""},"align":"left","text":"Divisor"},"elements":[],"isInner":false,"widgetType":"divider","elType":"widget"}],"isInner":"1","elType":"column"},{"id":"31de9376","settings":{"_column_size":"50"},"elements":[],"isInner":"1","elType":"column"}],"isInner":"1","elType":"section"},{"id":"1bdcf343","settings":{"structure":"20"},"elements":[{"id":"74e787a2","settings":{"_column_size":"50"},"elements":[{"id":"5b9480a","settings":{"image":{"url":"http:\/\/sitefacilitado.com.br\/wp-content\/uploads\/2020\/02\/adolescent-adult-beautiful-1448258.jpg","id":"543"},"width":{"unit":"%","size":"100","sizes":[]},"_margin":{"unit":"%","top":"0","right":"0","bottom":"0","left":"0","isLinked":""},"_border_border":"solid","_border_width":{"unit":"px","top":"0","right":"0","bottom":"6","left":"0","isLinked":""},"_border_color":"#30d979","image_box_shadow_box_shadow_type":"yes","image_box_shadow_box_shadow":{"horizontal":"0","vertical":"0","blur":"19","spread":"0","color":"rgba(0,0,0,0.2)"},"css_filters_css_filter":"custom","css_filters_saturate":{"unit":"px","size":"78","sizes":[]},"css_filters_hue":{"unit":"px","size":"353","sizes":[]},"image_border_radius":{"unit":"px","top":"6","right":"6","bottom":"6","left":"6","isLinked":"1"},"_border_radius":{"unit":"px","top":"6","right":"6","bottom":"6","left":"6","isLinked":"1"}},"elements":[],"isInner":false,"widgetType":"image","elType":"widget"}],"isInner":"1","elType":"column"},{"id":"62180a2d","settings":{"_column_size":"50","content_position":"center","space_between_widgets":"10","margin_mobile":{"unit":"px","top":"0","right":"0","bottom":"0","left":"0","isLinked":""},"padding_mobile":{"unit":"px","top":"0","right":"0","bottom":"0","left":"0","isLinked":""}},"elements":[{"id":"7a51b934","settings":{"title":"\"","header_size":"span","title_color":"#30d979","typography_typography":"custom","typography_font_size":{"unit":"em","size":"8.2","sizes":[]},"typography_font_weight":"400","typography_font_family":"Palanquin Dark","typography_text_transform":"capitalize","typography_line_height":{"unit":"em","size":"0","sizes":[]},"align":"left","_margin":{"unit":"%","top":"0","right":"0","bottom":"0","left":"0","isLinked":""},"_padding":{"unit":"px","top":"0","right":"0","bottom":"0","left":"0","isLinked":""},"_element_width":"initial","_position":"absolute","_offset_x":{"size":"-29","unit":"px"},"_offset_y":{"size":"43","unit":"px"},"_offset_x_mobile":{"size":"-19","unit":"px"},"_offset_y_mobile":{"size":"44","unit":"px"}},"elements":[],"isInner":false,"widgetType":"heading","elType":"widget"},{"id":"4f7f7b61","settings":{"title":"Lorem ipsum dolor sit amet, consectetur adipiscing elit. Aenean id sem in odio blandit accumsan vel ac velit. In ullamcorper sagittis turpis at ultrices.","header_size":"span","title_color":"#ffffff","typography_typography":"custom","typography_font_size":{"unit":"em","size":"1.5","sizes":[]},"typography_font_weight":"normal","typography_font_family":"Palanquin","typography_line_height":{"unit":"em","size":"1.5","sizes":[]},"align":"right","_padding_mobile":{"unit":"em","top":"1","right":"1","bottom":"1","left":"1","isLinked":"1"},"align_mobile":"left","typography_font_size_tablet":{"unit":"rem","size":"1.1","sizes":[]},"typography_font_style":"italic"},"elements":[],"isInner":false,"widgetType":"heading","elType":"widget"},{"id":"1d809b9d","settings":{"title":"\"","header_size":"span","title_color":"#30d979","typography_typography":"custom","typography_font_size":{"unit":"em","size":"5","sizes":[]},"typography_font_weight":"400","typography_font_family":"Palanquin Dark","typography_text_transform":"capitalize","typography_line_height":{"unit":"em","size":"1.2","sizes":[]},"align":"right","_margin":{"unit":"%","top":"-10","right":"0","bottom":"0","left":"0","isLinked":""},"_element_width":"initial","_element_custom_width":{"unit":"px","size":"28","sizes":[]},"_position":"absolute","_offset_x":{"size":"517","unit":"px"},"_offset_y":{"size":"102","unit":"px"},"_offset_x_mobile":{"size":"301","unit":"px"},"_offset_y_mobile":{"size":"101","unit":"px"}},"elements":[],"isInner":false,"widgetType":"heading","elType":"widget"},{"id":"510b86d8","settings":{"title":"patricia stark","header_size":"h3","align_mobile":"right","title_color":"#ffffff","typography_typography":"custom","typography_font_family":"Palanquin Dark","typography_font_size":{"unit":"rem","size":"1.5"},"typography_font_size_mobile":{"unit":"em","size":"1.5"},"typography_font_weight":"900","typography_text_transform":"uppercase","typography_line_height":{"unit":"em","size":"1.2"},"typography_letter_spacing":{"unit":"px","size":"4"},"_margin":{"unit":"%","top":"0","right":"0","bottom":"0","left":"0","isLinked":""},"_padding":{"unit":"em","top":"3","right":"0","bottom":"0","left":"1","isLinked":""},"_animation":"fadeIn","align":"right","typography_font_size_tablet":{"unit":"em","size":"1.1","sizes":[]},"_padding_tablet":{"unit":"em","top":"0","right":"0","bottom":"0","left":"1","isLinked":""},"_padding_mobile":{"unit":"em","top":"0","right":"0","bottom":"0","left":"0","isLinked":""},"align_tablet":"right","_margin_mobile":{"unit":"px","top":"0","right":"0","bottom":"0","left":"0","isLinked":"1"}},"elements":[],"isInner":false,"widgetType":"heading","elType":"widget"},{"id":"1bb0893e","settings":{"title":"stem student","header_size":"h3","align_mobile":"right","title_color":"#ffffff","typography_typography":"custom","typography_font_family":"Palanquin","typography_font_size":{"unit":"rem","size":"1"},"typography_font_size_mobile":{"unit":"em","size":"0.9"},"typography_font_weight":"500","typography_text_transform":"uppercase","typography_line_height":{"unit":"em","size":"1.2"},"typography_letter_spacing":{"unit":"px","size":"4"},"_margin":{"unit":"%","top":"-2","right":"0","bottom":"0","left":"0","isLinked":""},"_padding":{"unit":"em","top":"0","right":"0","bottom":"0","left":"1","isLinked":""},"_animation":"fadeIn","align":"right","typography_font_size_tablet":{"unit":"em","size":"0.8","sizes":[]},"_padding_tablet":{"unit":"em","top":"0","right":"0","bottom":"0","left":"1","isLinked":""},"_padding_mobile":{"unit":"em","top":"0","right":"0","bottom":"0","left":"0","isLinked":""}},"elements":[],"isInner":false,"widgetType":"heading","elType":"widget"},{"id":"1a2644b0","settings":{"text":"Apply now","size":"md","typography_typography":"custom","typography_font_family":"Palanquin","typography_font_size":{"unit":"em","size":"1","sizes":[]},"typography_text_transform":"uppercase","button_text_color":"#ffffff","background_color":"#52f28a","hover_animation":"bob","border_radius":{"unit":"px","top":"100","right":"100","bottom":"100","left":"100","isLinked":"1"},"_padding":{"unit":"em","top":"1","right":"1","bottom":"1","left":"0","isLinked":""},"border_border":"solid","border_width":{"unit":"px","top":"1","right":"1","bottom":"1","left":"1","isLinked":"1"},"border_color":"#52f28a","align_mobile":"justify","_padding_mobile":{"unit":"em","top":"1","right":"0","bottom":"0","left":"0","isLinked":""},"_element_width_mobile":"inherit","align":"right","align_tablet":"right","typography_font_weight":"600","_padding_tablet":{"unit":"px","top":"0","right":"0","bottom":"0","left":"0","isLinked":"1"},"_element_width_tablet":"inherit"},"elements":[],"isInner":false,"widgetType":"button","elType":"widget"}],"isInner":"1","elType":"column"}],"isInner":"1","elType":"section"}],"isInner":"","elType":"column"}],"isInner":"","elType":"section"},{"id":"2d2e41e3","settings":[],"elements":[{"id":"740b4a46","settings":{"_column_size":100,"_inline_size":null},"elements":[{"id":"683eba65","settings":{"text":"BAIXAR TEMPLATE","align":"center","align_mobile":"center","typography_typography":"custom","typography_font_family":"Orienta","typography_font_size":{"unit":"px","size":"14"},"typography_font_weight":"400","typography_text_transform":"uppercase","background_color":"#1e1e1e","border_radius":{"unit":"px","top":"0","right":"0","bottom":"0","left":"0","isLinked":"1"},"button_box_shadow_box_shadow":{"horizontal":"0","vertical":"0","blur":"40","spread":"-6","color":"rgba(0,0,0,0.2)"},"text_padding":{"unit":"px","top":"15","right":"20","bottom":"15","left":"20","isLinked":""},"icon":"fa fa-sign-in","button_text_color":"#ffffff","_padding":{"unit":"em","top":"","right":"","bottom":"","left":"","isLinked":""},"hover_animation":"float","border_border":"solid","border_width":{"unit":"px","top":"1","right":"1","bottom":"1","left":"1","isLinked":"1"},"border_color":"rgba(183,183,183,0.42)","_margin":{"unit":"px","top":"0","right":"0","bottom":"0","left":"0","isLinked":""},"_animation":"fadeInDown","animation_duration":"fast","align_tablet":"left","_padding_mobile":{"unit":"em","top":"0","right":"0","bottom":"1","left":"0","isLinked":""},"__fa4_migrated":{"selected_icon":true},"link":{"url":"https:\/\/drive.google.com\/open?id=1NAsSphyZVAYYtHKaUKpAEqCbjVUzItPa","is_external":"","nofollow":"","custom_attributes":""},"_margin_mobile":{"unit":"px","top":"-10","right":"0","bottom":"25","left":"0","isLinked":false}},"elements":[],"isInner":false,"widgetType":"button","elType":"widget"}],"isInner":false,"elType":"column"}],"isInner":false,"elType":"section"}]}