{"version":"0.4","title":"Dog Grooming > About 2","type":"page","content":[{"id":"1373d3fc","settings":{"gap":"wider","height":"min-height","custom_height":{"unit":"vh","size":"60"},"content_position":"middle","background_background":"classic","background_image":{"id":2089,"url":"http:\/\/sitefacilitado.com.br\/wp-content\/uploads\/2020\/03\/bulldog-puppy-dog-pet.jpg"},"background_position":"center left","background_size":"cover","background_overlay_background":"classic","background_overlay_color":"#162128","margin":{"unit":"px","top":"0","right":"0","bottom":"0","left":"0","isLinked":""},"padding":{"unit":"%","top":"0","right":"0","bottom":"3","left":"10","isLinked":""},"background_overlay_opacity":{"unit":"px","size":"0"},"shape_divider_bottom_width":{"unit":"%","size":"180"},"shape_divider_bottom_height":{"unit":"px","size":"114"},"content_width":{"unit":"px","size":"1440"},"background_video_link":"https:\/\/www.youtube.com\/watch?v=RKNSQugu7qM","background_video_start":"9","shape_divider_bottom":"waves","custom_height_mobile":{"unit":"vh","size":"58"},"column_position":"stretch","shape_divider_bottom_height_mobile":{"unit":"px","size":"62"},"padding_tablet":{"unit":"em","top":"0","right":"0","bottom":"0","left":"0","isLinked":"1"},"padding_mobile":{"unit":"%","top":"26","right":"0","bottom":"0","left":"0","isLinked":""},"jet_parallax_layout_list":[{"jet_parallax_layout_image":{"url":"","id":""},"jet_parallax_layout_image_tablet":{"url":"","id":""},"jet_parallax_layout_image_mobile":{"url":"","id":""},"jet_parallax_layout_speed":{"unit":"%","size":50,"sizes":[]},"jet_parallax_layout_type":"scroll","jet_parallax_layout_direction":"1","jet_parallax_layout_fx_direction":"fade-in","jet_parallax_layout_z_index":"","jet_parallax_layout_bg_x":50,"jet_parallax_layout_bg_y":50,"jet_parallax_layout_bg_size":"auto","jet_parallax_layout_animation_prop":"transform","jet_parallax_layout_on":["desktop","tablet"]}],"background_image_tablet":{"url":"","id":""},"background_image_mobile":{"url":"","id":""},"background_video_fallback":{"url":"","id":""},"background_slideshow_gallery":[],"background_hover_image":{"url":"","id":""},"background_hover_image_tablet":{"url":"","id":""},"background_hover_image_mobile":{"url":"","id":""},"background_hover_video_fallback":{"url":"","id":""},"background_hover_slideshow_gallery":[],"background_overlay_image":{"url":"","id":""},"background_overlay_image_tablet":{"url":"","id":""},"background_overlay_image_mobile":{"url":"","id":""},"background_overlay_video_fallback":{"url":"","id":""},"background_overlay_slideshow_gallery":[],"background_overlay_hover_image":{"url":"","id":""},"background_overlay_hover_image_tablet":{"url":"","id":""},"background_overlay_hover_image_mobile":{"url":"","id":""},"background_overlay_hover_video_fallback":{"url":"","id":""},"background_overlay_hover_slideshow_gallery":[],"jet_sticky_section_background_image":{"url":"","id":""},"jet_sticky_section_background_image_tablet":{"url":"","id":""},"jet_sticky_section_background_image_mobile":{"url":"","id":""},"jet_sticky_section_background_video_fallback":{"url":"","id":""},"jet_sticky_section_background_slideshow_gallery":[]},"elements":[{"id":"5206b102","settings":{"_column_size":"100","_inline_size":"","_inline_size_tablet":"100","space_between_widgets":"0","margin":{"unit":"%","top":"","right":"","bottom":"","left":"","isLinked":""},"padding":{"unit":"%","top":"18","right":"0","bottom":"0","left":"4","isLinked":""},"content_position":"top","padding_tablet":{"unit":"%","top":"28","right":"0","bottom":"0","left":"7","isLinked":""},"background_image":{"url":"","id":""},"background_image_tablet":{"url":"","id":""},"background_image_mobile":{"url":"","id":""},"background_video_fallback":{"url":"","id":""},"background_slideshow_gallery":[],"background_hover_image":{"url":"","id":""},"background_hover_image_tablet":{"url":"","id":""},"background_hover_image_mobile":{"url":"","id":""},"background_hover_video_fallback":{"url":"","id":""},"background_hover_slideshow_gallery":[],"background_overlay_image":{"url":"","id":""},"background_overlay_image_tablet":{"url":"","id":""},"background_overlay_image_mobile":{"url":"","id":""},"background_overlay_video_fallback":{"url":"","id":""},"background_overlay_slideshow_gallery":[],"background_overlay_hover_image":{"url":"","id":""},"background_overlay_hover_image_tablet":{"url":"","id":""},"background_overlay_hover_image_mobile":{"url":"","id":""},"background_overlay_hover_video_fallback":{"url":"","id":""},"background_overlay_hover_slideshow_gallery":[]},"elements":[{"id":"3d238645","settings":{"title":"About us","title_color":"#162128","typography_typography":"custom","typography_font_family":"Bevan","typography_font_size":{"unit":"rem","size":"4"},"typography_font_weight":"400","typography_text_transform":"capitalize","typography_line_height":{"unit":"em","size":"1"},"typography_letter_spacing":{"unit":"px","size":"-3"},"_margin":{"unit":"%","top":"","right":"","bottom":"","left":"","isLinked":""},"align_mobile":"left","typography_font_size_mobile":{"unit":"px","size":"52"},"typography_letter_spacing_mobile":{"unit":"px","size":"-0.8"},"_animation":"fadeInDown","align":"left","header_size":"h1","typography_font_size_tablet":{"unit":"rem","size":"3.1"},"_background_image":{"url":"","id":""},"_background_image_tablet":{"url":"","id":""},"_background_image_mobile":{"url":"","id":""},"_background_video_fallback":{"url":"","id":""},"_background_slideshow_gallery":[],"_background_hover_image":{"url":"","id":""},"_background_hover_image_tablet":{"url":"","id":""},"_background_hover_image_mobile":{"url":"","id":""},"_background_hover_video_fallback":{"url":"","id":""},"_background_hover_slideshow_gallery":[]},"elements":[],"isInner":false,"widgetType":"heading","elType":"widget"},{"id":"8234b61","settings":{"space":{"unit":"px","size":"27"},"_background_background":"classic","_background_image":{"id":2088,"url":"http:\/\/sitefacilitado.com.br\/wp-content\/uploads\/2020\/03\/squiggle.png"},"_background_position":"center left","_background_repeat":"no-repeat","_background_image_tablet":{"url":"","id":""},"_background_image_mobile":{"url":"","id":""},"_background_video_fallback":{"url":"","id":""},"_background_slideshow_gallery":[],"_background_hover_image":{"url":"","id":""},"_background_hover_image_tablet":{"url":"","id":""},"_background_hover_image_mobile":{"url":"","id":""},"_background_hover_video_fallback":{"url":"","id":""},"_background_hover_slideshow_gallery":[]},"elements":[],"isInner":false,"widgetType":"spacer","elType":"widget"}],"isInner":"","elType":"column"}],"isInner":"","elType":"section"},{"id":"5ce8df87","settings":{"gap":"extended","structure":"30","background_background":"classic","background_color":"#ffffff","margin":{"unit":"%","top":"","right":"0","bottom":"","left":"0","isLinked":""},"padding":{"unit":"em","top":"3","right":"0","bottom":"3","left":"0","isLinked":""},"content_position":"middle","content_width":{"unit":"px","size":"1440"},"jet_parallax_layout_list":[{"jet_parallax_layout_image":{"url":"","id":""},"jet_parallax_layout_image_tablet":{"url":"","id":""},"jet_parallax_layout_image_mobile":{"url":"","id":""},"jet_parallax_layout_speed":{"unit":"%","size":50,"sizes":[]},"jet_parallax_layout_type":"scroll","jet_parallax_layout_direction":"1","jet_parallax_layout_fx_direction":"fade-in","jet_parallax_layout_z_index":"","jet_parallax_layout_bg_x":50,"jet_parallax_layout_bg_y":50,"jet_parallax_layout_bg_size":"auto","jet_parallax_layout_animation_prop":"transform","jet_parallax_layout_on":["desktop","tablet"]}],"background_image":{"url":"","id":""},"background_image_tablet":{"url":"","id":""},"background_image_mobile":{"url":"","id":""},"background_video_fallback":{"url":"","id":""},"background_slideshow_gallery":[],"background_hover_image":{"url":"","id":""},"background_hover_image_tablet":{"url":"","id":""},"background_hover_image_mobile":{"url":"","id":""},"background_hover_video_fallback":{"url":"","id":""},"background_hover_slideshow_gallery":[],"background_overlay_image":{"url":"","id":""},"background_overlay_image_tablet":{"url":"","id":""},"background_overlay_image_mobile":{"url":"","id":""},"background_overlay_video_fallback":{"url":"","id":""},"background_overlay_slideshow_gallery":[],"background_overlay_hover_image":{"url":"","id":""},"background_overlay_hover_image_tablet":{"url":"","id":""},"background_overlay_hover_image_mobile":{"url":"","id":""},"background_overlay_hover_video_fallback":{"url":"","id":""},"background_overlay_hover_slideshow_gallery":[],"jet_sticky_section_background_image":{"url":"","id":""},"jet_sticky_section_background_image_tablet":{"url":"","id":""},"jet_sticky_section_background_image_mobile":{"url":"","id":""},"jet_sticky_section_background_video_fallback":{"url":"","id":""},"jet_sticky_section_background_slideshow_gallery":[]},"elements":[{"id":"3139560e","settings":{"_column_size":"33","_inline_size":"","_inline_size_tablet":"33","background_background":"classic","margin":{"unit":"px","top":"30","right":"30","bottom":"30","left":"30","isLinked":"1"},"padding":{"unit":"em","top":"","right":"","bottom":"","left":"","isLinked":""},"animation":"fadeInUp","background_image":{"url":"","id":""},"background_image_tablet":{"url":"","id":""},"background_image_mobile":{"url":"","id":""},"background_video_fallback":{"url":"","id":""},"background_slideshow_gallery":[],"background_hover_image":{"url":"","id":""},"background_hover_image_tablet":{"url":"","id":""},"background_hover_image_mobile":{"url":"","id":""},"background_hover_video_fallback":{"url":"","id":""},"background_hover_slideshow_gallery":[],"background_overlay_image":{"url":"","id":""},"background_overlay_image_tablet":{"url":"","id":""},"background_overlay_image_mobile":{"url":"","id":""},"background_overlay_video_fallback":{"url":"","id":""},"background_overlay_slideshow_gallery":[],"background_overlay_hover_image":{"url":"","id":""},"background_overlay_hover_image_tablet":{"url":"","id":""},"background_overlay_hover_image_mobile":{"url":"","id":""},"background_overlay_hover_video_fallback":{"url":"","id":""},"background_overlay_hover_slideshow_gallery":[]},"elements":[{"id":"16be6133","settings":{"image":{"id":2090,"url":"http:\/\/sitefacilitado.com.br\/wp-content\/uploads\/2020\/03\/pexels-photo-1139793.jpeg"},"image_size":"custom","image_custom_dimension":{"width":"300","height":"300"},"width":{"unit":"%","size":"100"},"image_border_radius":{"unit":"%","top":"100","right":"100","bottom":"100","left":"100","isLinked":"1"},"_background_background":"classic","_background_color":"#ffffff","_border_radius":{"unit":"%","top":"100","right":"100","bottom":"100","left":"100","isLinked":"1"},"_background_image":{"url":"","id":""},"_background_image_tablet":{"url":"","id":""},"_background_image_mobile":{"url":"","id":""},"_background_video_fallback":{"url":"","id":""},"_background_slideshow_gallery":[],"_background_hover_image":{"url":"","id":""},"_background_hover_image_tablet":{"url":"","id":""},"_background_hover_image_mobile":{"url":"","id":""},"_background_hover_video_fallback":{"url":"","id":""},"_background_hover_slideshow_gallery":[]},"elements":[],"isInner":false,"widgetType":"image","elType":"widget"},{"id":"7162ce3a","settings":{"title":"Sara Kemp","align":"center","title_color":"#162128","typography_typography":"custom","typography_font_family":"Bevan","typography_font_size":{"unit":"px","size":"25"},"typography_font_weight":"300","_margin":{"unit":"%","top":"","right":"","bottom":"","left":"","isLinked":""},"_animation":"fadeInDown","_background_image":{"url":"","id":""},"_background_image_tablet":{"url":"","id":""},"_background_image_mobile":{"url":"","id":""},"_background_video_fallback":{"url":"","id":""},"_background_slideshow_gallery":[],"_background_hover_image":{"url":"","id":""},"_background_hover_image_tablet":{"url":"","id":""},"_background_hover_image_mobile":{"url":"","id":""},"_background_hover_video_fallback":{"url":"","id":""},"_background_hover_slideshow_gallery":[]},"elements":[],"isInner":false,"widgetType":"heading","elType":"widget"},{"id":"3dc70e73","settings":{"editor":"<p>Dog Whisperer<\/p>","text_color":"#ed154b","typography_typography":"custom","typography_font_family":"Merriweather Sans","typography_font_size":{"unit":"px","size":"16"},"typography_font_weight":"600","typography_text_transform":"uppercase","typography_line_height":{"unit":"em","size":"1.6"},"_margin":{"unit":"%","top":"-5","right":"0","bottom":"0","left":"0","isLinked":""},"align":"center","_background_image":{"url":"","id":""},"_background_image_tablet":{"url":"","id":""},"_background_image_mobile":{"url":"","id":""},"_background_video_fallback":{"url":"","id":""},"_background_slideshow_gallery":[],"_background_hover_image":{"url":"","id":""},"_background_hover_image_tablet":{"url":"","id":""},"_background_hover_image_mobile":{"url":"","id":""},"_background_hover_video_fallback":{"url":"","id":""},"_background_hover_slideshow_gallery":[]},"elements":[],"isInner":false,"widgetType":"text-editor","elType":"widget"},{"id":"6a2f4d89","settings":{"social_icon_list":[{"social":"fa fa-facebook","_id":"b0a676d","link":{"url":"","is_external":"true","nofollow":"","custom_attributes":""},"social_icon":{"value":"fab fa-wordpress","library":"fa-brands"},"item_icon_color":"default","item_icon_primary_color":"","item_icon_secondary_color":""},{"social":"fa fa-linkedin","link":{"url":"","is_external":"true","nofollow":"","custom_attributes":""},"_id":"939dde2","social_icon":{"value":"fab fa-wordpress","library":"fa-brands"},"item_icon_color":"default","item_icon_primary_color":"","item_icon_secondary_color":""},{"social":"fa fa-instagram","link":{"url":"","is_external":"true","nofollow":"","custom_attributes":""},"_id":"42806c9","social_icon":{"value":"fab fa-wordpress","library":"fa-brands"},"item_icon_color":"default","item_icon_primary_color":"","item_icon_secondary_color":""}],"shape":"circle","icon_color":"custom","icon_primary_color":"rgba(237,21,75,0)","icon_secondary_color":"#ed154b","icon_size":{"unit":"px","size":"15"},"image_border_border":"solid","image_border_width":{"unit":"px","top":"2","right":"2","bottom":"2","left":"2","isLinked":"1"},"image_border_color":"#ed154b","hover_primary_color":"rgba(0,0,0,0)","hover_secondary_color":"#ed154b","hover_border_color":"#ed154b","hover_animation":"bounce-in","_background_image":{"url":"","id":""},"_background_image_tablet":{"url":"","id":""},"_background_image_mobile":{"url":"","id":""},"_background_video_fallback":{"url":"","id":""},"_background_slideshow_gallery":[],"_background_hover_image":{"url":"","id":""},"_background_hover_image_tablet":{"url":"","id":""},"_background_hover_image_mobile":{"url":"","id":""},"_background_hover_video_fallback":{"url":"","id":""},"_background_hover_slideshow_gallery":[]},"elements":[],"isInner":false,"widgetType":"social-icons","elType":"widget"}],"isInner":"","elType":"column"},{"id":"668101d9","settings":{"_column_size":"33","_inline_size":"","_inline_size_tablet":"33.3","_inline_size_mobile":"50","background_image":{"url":"","id":""},"background_image_tablet":{"url":"","id":""},"background_image_mobile":{"url":"","id":""},"background_video_fallback":{"url":"","id":""},"background_slideshow_gallery":[],"background_hover_image":{"url":"","id":""},"background_hover_image_tablet":{"url":"","id":""},"background_hover_image_mobile":{"url":"","id":""},"background_hover_video_fallback":{"url":"","id":""},"background_hover_slideshow_gallery":[],"background_overlay_image":{"url":"","id":""},"background_overlay_image_tablet":{"url":"","id":""},"background_overlay_image_mobile":{"url":"","id":""},"background_overlay_video_fallback":{"url":"","id":""},"background_overlay_slideshow_gallery":[],"background_overlay_hover_image":{"url":"","id":""},"background_overlay_hover_image_tablet":{"url":"","id":""},"background_overlay_hover_image_mobile":{"url":"","id":""},"background_overlay_hover_video_fallback":{"url":"","id":""},"background_overlay_hover_slideshow_gallery":[]},"elements":[{"id":"4fc62624","settings":{"jet_parallax_layout_list":[{"jet_parallax_layout_image":{"url":"","id":""},"jet_parallax_layout_image_tablet":{"url":"","id":""},"jet_parallax_layout_image_mobile":{"url":"","id":""},"jet_parallax_layout_speed":{"unit":"%","size":50,"sizes":[]},"jet_parallax_layout_type":"scroll","jet_parallax_layout_direction":"1","jet_parallax_layout_fx_direction":"fade-in","jet_parallax_layout_z_index":"","jet_parallax_layout_bg_x":50,"jet_parallax_layout_bg_y":50,"jet_parallax_layout_bg_size":"auto","jet_parallax_layout_animation_prop":"transform","jet_parallax_layout_on":["desktop","tablet"]}],"background_image":{"url":"","id":""},"background_image_tablet":{"url":"","id":""},"background_image_mobile":{"url":"","id":""},"background_video_fallback":{"url":"","id":""},"background_slideshow_gallery":[],"background_hover_image":{"url":"","id":""},"background_hover_image_tablet":{"url":"","id":""},"background_hover_image_mobile":{"url":"","id":""},"background_hover_video_fallback":{"url":"","id":""},"background_hover_slideshow_gallery":[],"background_overlay_image":{"url":"","id":""},"background_overlay_image_tablet":{"url":"","id":""},"background_overlay_image_mobile":{"url":"","id":""},"background_overlay_video_fallback":{"url":"","id":""},"background_overlay_slideshow_gallery":[],"background_overlay_hover_image":{"url":"","id":""},"background_overlay_hover_image_tablet":{"url":"","id":""},"background_overlay_hover_image_mobile":{"url":"","id":""},"background_overlay_hover_video_fallback":{"url":"","id":""},"background_overlay_hover_slideshow_gallery":[],"jet_sticky_section_background_image":{"url":"","id":""},"jet_sticky_section_background_image_tablet":{"url":"","id":""},"jet_sticky_section_background_image_mobile":{"url":"","id":""},"jet_sticky_section_background_video_fallback":{"url":"","id":""},"jet_sticky_section_background_slideshow_gallery":[]},"elements":[{"id":"4b1453d8","settings":{"_column_size":"100","_inline_size":"","_inline_size_mobile":"100","background_image":{"url":"","id":""},"background_image_tablet":{"url":"","id":""},"background_image_mobile":{"url":"","id":""},"background_video_fallback":{"url":"","id":""},"background_slideshow_gallery":[],"background_hover_image":{"url":"","id":""},"background_hover_image_tablet":{"url":"","id":""},"background_hover_image_mobile":{"url":"","id":""},"background_hover_video_fallback":{"url":"","id":""},"background_hover_slideshow_gallery":[],"background_overlay_image":{"url":"","id":""},"background_overlay_image_tablet":{"url":"","id":""},"background_overlay_image_mobile":{"url":"","id":""},"background_overlay_video_fallback":{"url":"","id":""},"background_overlay_slideshow_gallery":[],"background_overlay_hover_image":{"url":"","id":""},"background_overlay_hover_image_tablet":{"url":"","id":""},"background_overlay_hover_image_mobile":{"url":"","id":""},"background_overlay_hover_video_fallback":{"url":"","id":""},"background_overlay_hover_slideshow_gallery":[]},"elements":[{"id":"2be974e0","settings":{"image":{"id":2091,"url":"http:\/\/sitefacilitado.com.br\/wp-content\/uploads\/2020\/03\/Balloons_222222_128px.png"},"width":{"unit":"px","size":"68"},"_padding":{"unit":"px","top":"0","right":"0","bottom":"6","left":"0","isLinked":""},"_background_image":{"url":"","id":""},"_background_image_tablet":{"url":"","id":""},"_background_image_mobile":{"url":"","id":""},"_background_video_fallback":{"url":"","id":""},"_background_slideshow_gallery":[],"_background_hover_image":{"url":"","id":""},"_background_hover_image_tablet":{"url":"","id":""},"_background_hover_image_mobile":{"url":"","id":""},"_background_hover_video_fallback":{"url":"","id":""},"_background_hover_slideshow_gallery":[]},"elements":[],"isInner":false,"widgetType":"image","elType":"widget"},{"id":"47fc24fc","settings":{"ending_number":"3231","title":"Happy Clients","number_color":"#162128","typography_number_typography":"custom","typography_number_font_family":"Montserrat","typography_number_font_size":{"unit":"px","size":"50"},"typography_number_font_weight":"900","typography_number_letter_spacing":{"unit":"px","size":"-2.5"},"title_color":"#162128","typography_title_typography":"custom","typography_title_font_family":"Merriweather Sans","typography_title_font_size":{"unit":"px","size":"19"},"typography_title_font_weight":"bold","typography_title_text_transform":"uppercase","typography_title_letter_spacing":{"unit":"px","size":"-1.2"},"_margin":{"unit":"%","top":"","right":"","bottom":"","left":"","isLinked":""},"_animation":"fadeInDown","_background_image":{"url":"","id":""},"_background_image_tablet":{"url":"","id":""},"_background_image_mobile":{"url":"","id":""},"_background_video_fallback":{"url":"","id":""},"_background_slideshow_gallery":[],"_background_hover_image":{"url":"","id":""},"_background_hover_image_tablet":{"url":"","id":""},"_background_hover_image_mobile":{"url":"","id":""},"_background_hover_video_fallback":{"url":"","id":""},"_background_hover_slideshow_gallery":[]},"elements":[],"isInner":false,"widgetType":"counter","elType":"widget"}],"isInner":"1","elType":"column"}],"isInner":"1","elType":"section"},{"id":"3630a41c","settings":{"space":{"unit":"px","size":"30"},"_background_image":{"url":"","id":""},"_background_image_tablet":{"url":"","id":""},"_background_image_mobile":{"url":"","id":""},"_background_video_fallback":{"url":"","id":""},"_background_slideshow_gallery":[],"_background_hover_image":{"url":"","id":""},"_background_hover_image_tablet":{"url":"","id":""},"_background_hover_image_mobile":{"url":"","id":""},"_background_hover_video_fallback":{"url":"","id":""},"_background_hover_slideshow_gallery":[]},"elements":[],"isInner":false,"widgetType":"spacer","elType":"widget"},{"id":"63b65adb","settings":{"jet_parallax_layout_list":[{"jet_parallax_layout_image":{"url":"","id":""},"jet_parallax_layout_image_tablet":{"url":"","id":""},"jet_parallax_layout_image_mobile":{"url":"","id":""},"jet_parallax_layout_speed":{"unit":"%","size":50,"sizes":[]},"jet_parallax_layout_type":"scroll","jet_parallax_layout_direction":"1","jet_parallax_layout_fx_direction":"fade-in","jet_parallax_layout_z_index":"","jet_parallax_layout_bg_x":50,"jet_parallax_layout_bg_y":50,"jet_parallax_layout_bg_size":"auto","jet_parallax_layout_animation_prop":"transform","jet_parallax_layout_on":["desktop","tablet"]}],"background_image":{"url":"","id":""},"background_image_tablet":{"url":"","id":""},"background_image_mobile":{"url":"","id":""},"background_video_fallback":{"url":"","id":""},"background_slideshow_gallery":[],"background_hover_image":{"url":"","id":""},"background_hover_image_tablet":{"url":"","id":""},"background_hover_image_mobile":{"url":"","id":""},"background_hover_video_fallback":{"url":"","id":""},"background_hover_slideshow_gallery":[],"background_overlay_image":{"url":"","id":""},"background_overlay_image_tablet":{"url":"","id":""},"background_overlay_image_mobile":{"url":"","id":""},"background_overlay_video_fallback":{"url":"","id":""},"background_overlay_slideshow_gallery":[],"background_overlay_hover_image":{"url":"","id":""},"background_overlay_hover_image_tablet":{"url":"","id":""},"background_overlay_hover_image_mobile":{"url":"","id":""},"background_overlay_hover_video_fallback":{"url":"","id":""},"background_overlay_hover_slideshow_gallery":[],"jet_sticky_section_background_image":{"url":"","id":""},"jet_sticky_section_background_image_tablet":{"url":"","id":""},"jet_sticky_section_background_image_mobile":{"url":"","id":""},"jet_sticky_section_background_video_fallback":{"url":"","id":""},"jet_sticky_section_background_slideshow_gallery":[]},"elements":[{"id":"268ab985","settings":{"_column_size":"100","_inline_size":"","_inline_size_mobile":"100","background_image":{"url":"","id":""},"background_image_tablet":{"url":"","id":""},"background_image_mobile":{"url":"","id":""},"background_video_fallback":{"url":"","id":""},"background_slideshow_gallery":[],"background_hover_image":{"url":"","id":""},"background_hover_image_tablet":{"url":"","id":""},"background_hover_image_mobile":{"url":"","id":""},"background_hover_video_fallback":{"url":"","id":""},"background_hover_slideshow_gallery":[],"background_overlay_image":{"url":"","id":""},"background_overlay_image_tablet":{"url":"","id":""},"background_overlay_image_mobile":{"url":"","id":""},"background_overlay_video_fallback":{"url":"","id":""},"background_overlay_slideshow_gallery":[],"background_overlay_hover_image":{"url":"","id":""},"background_overlay_hover_image_tablet":{"url":"","id":""},"background_overlay_hover_image_mobile":{"url":"","id":""},"background_overlay_hover_video_fallback":{"url":"","id":""},"background_overlay_hover_slideshow_gallery":[]},"elements":[{"id":"5b998946","settings":{"icon":"fa fa-trophy","primary_color":"#000000","size":{"unit":"px","size":"68"},"selected_icon":{"value":"fas fa-star","library":"fa-solid"},"_background_image":{"url":"","id":""},"_background_image_tablet":{"url":"","id":""},"_background_image_mobile":{"url":"","id":""},"_background_video_fallback":{"url":"","id":""},"_background_slideshow_gallery":[],"_background_hover_image":{"url":"","id":""},"_background_hover_image_tablet":{"url":"","id":""},"_background_hover_image_mobile":{"url":"","id":""},"_background_hover_video_fallback":{"url":"","id":""},"_background_hover_slideshow_gallery":[]},"elements":[],"isInner":false,"widgetType":"icon","elType":"widget"},{"id":"6dde4080","settings":{"ending_number":"68","title":"Awards","number_color":"#162128","typography_number_typography":"custom","typography_number_font_family":"Montserrat","typography_number_font_size":{"unit":"px","size":"50"},"typography_number_font_weight":"900","typography_number_letter_spacing":{"unit":"px","size":"-2.5"},"title_color":"#162128","typography_title_typography":"custom","typography_title_font_family":"Merriweather Sans","typography_title_font_size":{"unit":"px","size":"19"},"typography_title_font_weight":"bold","typography_title_text_transform":"uppercase","typography_title_letter_spacing":{"unit":"px","size":"-1.2"},"_margin":{"unit":"%","top":"","right":"","bottom":"","left":"","isLinked":""},"_animation":"fadeInDown","_background_image":{"url":"","id":""},"_background_image_tablet":{"url":"","id":""},"_background_image_mobile":{"url":"","id":""},"_background_video_fallback":{"url":"","id":""},"_background_slideshow_gallery":[],"_background_hover_image":{"url":"","id":""},"_background_hover_image_tablet":{"url":"","id":""},"_background_hover_image_mobile":{"url":"","id":""},"_background_hover_video_fallback":{"url":"","id":""},"_background_hover_slideshow_gallery":[]},"elements":[],"isInner":false,"widgetType":"counter","elType":"widget"}],"isInner":"1","elType":"column"}],"isInner":"1","elType":"section"}],"isInner":"","elType":"column"},{"id":"2b1dc107","settings":{"_column_size":"33","_inline_size":"","_inline_size_tablet":"33.3","_inline_size_mobile":"50","background_image":{"url":"","id":""},"background_image_tablet":{"url":"","id":""},"background_image_mobile":{"url":"","id":""},"background_video_fallback":{"url":"","id":""},"background_slideshow_gallery":[],"background_hover_image":{"url":"","id":""},"background_hover_image_tablet":{"url":"","id":""},"background_hover_image_mobile":{"url":"","id":""},"background_hover_video_fallback":{"url":"","id":""},"background_hover_slideshow_gallery":[],"background_overlay_image":{"url":"","id":""},"background_overlay_image_tablet":{"url":"","id":""},"background_overlay_image_mobile":{"url":"","id":""},"background_overlay_video_fallback":{"url":"","id":""},"background_overlay_slideshow_gallery":[],"background_overlay_hover_image":{"url":"","id":""},"background_overlay_hover_image_tablet":{"url":"","id":""},"background_overlay_hover_image_mobile":{"url":"","id":""},"background_overlay_hover_video_fallback":{"url":"","id":""},"background_overlay_hover_slideshow_gallery":[]},"elements":[{"id":"5004de73","settings":{"jet_parallax_layout_list":[{"jet_parallax_layout_image":{"url":"","id":""},"jet_parallax_layout_image_tablet":{"url":"","id":""},"jet_parallax_layout_image_mobile":{"url":"","id":""},"jet_parallax_layout_speed":{"unit":"%","size":50,"sizes":[]},"jet_parallax_layout_type":"scroll","jet_parallax_layout_direction":"1","jet_parallax_layout_fx_direction":"fade-in","jet_parallax_layout_z_index":"","jet_parallax_layout_bg_x":50,"jet_parallax_layout_bg_y":50,"jet_parallax_layout_bg_size":"auto","jet_parallax_layout_animation_prop":"transform","jet_parallax_layout_on":["desktop","tablet"]}],"background_image":{"url":"","id":""},"background_image_tablet":{"url":"","id":""},"background_image_mobile":{"url":"","id":""},"background_video_fallback":{"url":"","id":""},"background_slideshow_gallery":[],"background_hover_image":{"url":"","id":""},"background_hover_image_tablet":{"url":"","id":""},"background_hover_image_mobile":{"url":"","id":""},"background_hover_video_fallback":{"url":"","id":""},"background_hover_slideshow_gallery":[],"background_overlay_image":{"url":"","id":""},"background_overlay_image_tablet":{"url":"","id":""},"background_overlay_image_mobile":{"url":"","id":""},"background_overlay_video_fallback":{"url":"","id":""},"background_overlay_slideshow_gallery":[],"background_overlay_hover_image":{"url":"","id":""},"background_overlay_hover_image_tablet":{"url":"","id":""},"background_overlay_hover_image_mobile":{"url":"","id":""},"background_overlay_hover_video_fallback":{"url":"","id":""},"background_overlay_hover_slideshow_gallery":[],"jet_sticky_section_background_image":{"url":"","id":""},"jet_sticky_section_background_image_tablet":{"url":"","id":""},"jet_sticky_section_background_image_mobile":{"url":"","id":""},"jet_sticky_section_background_video_fallback":{"url":"","id":""},"jet_sticky_section_background_slideshow_gallery":[]},"elements":[{"id":"7c71dabb","settings":{"_column_size":"100","_inline_size":"","background_image":{"url":"","id":""},"background_image_tablet":{"url":"","id":""},"background_image_mobile":{"url":"","id":""},"background_video_fallback":{"url":"","id":""},"background_slideshow_gallery":[],"background_hover_image":{"url":"","id":""},"background_hover_image_tablet":{"url":"","id":""},"background_hover_image_mobile":{"url":"","id":""},"background_hover_video_fallback":{"url":"","id":""},"background_hover_slideshow_gallery":[],"background_overlay_image":{"url":"","id":""},"background_overlay_image_tablet":{"url":"","id":""},"background_overlay_image_mobile":{"url":"","id":""},"background_overlay_video_fallback":{"url":"","id":""},"background_overlay_slideshow_gallery":[],"background_overlay_hover_image":{"url":"","id":""},"background_overlay_hover_image_tablet":{"url":"","id":""},"background_overlay_hover_image_mobile":{"url":"","id":""},"background_overlay_hover_video_fallback":{"url":"","id":""},"background_overlay_hover_slideshow_gallery":[]},"elements":[{"id":"42973278","settings":{"image":{"id":2092,"url":"http:\/\/sitefacilitado.com.br\/wp-content\/uploads\/2020\/03\/Bow-tie_222222_128px.png"},"width":{"unit":"px","size":"68"},"_padding":{"unit":"px","top":"0","right":"0","bottom":"6","left":"0","isLinked":""},"_background_image":{"url":"","id":""},"_background_image_tablet":{"url":"","id":""},"_background_image_mobile":{"url":"","id":""},"_background_video_fallback":{"url":"","id":""},"_background_slideshow_gallery":[],"_background_hover_image":{"url":"","id":""},"_background_hover_image_tablet":{"url":"","id":""},"_background_hover_image_mobile":{"url":"","id":""},"_background_hover_video_fallback":{"url":"","id":""},"_background_hover_slideshow_gallery":[]},"elements":[],"isInner":false,"widgetType":"image","elType":"widget"},{"id":"17054f5b","settings":{"ending_number":"3000","title":"Good Reviews","number_color":"#162128","typography_number_typography":"custom","typography_number_font_family":"Montserrat","typography_number_font_size":{"unit":"px","size":"50"},"typography_number_font_weight":"900","typography_number_letter_spacing":{"unit":"px","size":"-2.5"},"title_color":"#162128","typography_title_typography":"custom","typography_title_font_family":"Merriweather Sans","typography_title_font_size":{"unit":"px","size":"19"},"typography_title_font_weight":"bold","typography_title_text_transform":"uppercase","typography_title_letter_spacing":{"unit":"px","size":"-1.2"},"_margin":{"unit":"%","top":"","right":"","bottom":"","left":"","isLinked":""},"_animation":"fadeInDown","_background_image":{"url":"","id":""},"_background_image_tablet":{"url":"","id":""},"_background_image_mobile":{"url":"","id":""},"_background_video_fallback":{"url":"","id":""},"_background_slideshow_gallery":[],"_background_hover_image":{"url":"","id":""},"_background_hover_image_tablet":{"url":"","id":""},"_background_hover_image_mobile":{"url":"","id":""},"_background_hover_video_fallback":{"url":"","id":""},"_background_hover_slideshow_gallery":[]},"elements":[],"isInner":false,"widgetType":"counter","elType":"widget"}],"isInner":"1","elType":"column"}],"isInner":"1","elType":"section"},{"id":"1db9b7b1","settings":{"space":{"unit":"px","size":"30"},"_background_image":{"url":"","id":""},"_background_image_tablet":{"url":"","id":""},"_background_image_mobile":{"url":"","id":""},"_background_video_fallback":{"url":"","id":""},"_background_slideshow_gallery":[],"_background_hover_image":{"url":"","id":""},"_background_hover_image_tablet":{"url":"","id":""},"_background_hover_image_mobile":{"url":"","id":""},"_background_hover_video_fallback":{"url":"","id":""},"_background_hover_slideshow_gallery":[]},"elements":[],"isInner":false,"widgetType":"spacer","elType":"widget"},{"id":"717b22fc","settings":{"jet_parallax_layout_list":[{"jet_parallax_layout_image":{"url":"","id":""},"jet_parallax_layout_image_tablet":{"url":"","id":""},"jet_parallax_layout_image_mobile":{"url":"","id":""},"jet_parallax_layout_speed":{"unit":"%","size":50,"sizes":[]},"jet_parallax_layout_type":"scroll","jet_parallax_layout_direction":"1","jet_parallax_layout_fx_direction":"fade-in","jet_parallax_layout_z_index":"","jet_parallax_layout_bg_x":50,"jet_parallax_layout_bg_y":50,"jet_parallax_layout_bg_size":"auto","jet_parallax_layout_animation_prop":"transform","jet_parallax_layout_on":["desktop","tablet"]}],"background_image":{"url":"","id":""},"background_image_tablet":{"url":"","id":""},"background_image_mobile":{"url":"","id":""},"background_video_fallback":{"url":"","id":""},"background_slideshow_gallery":[],"background_hover_image":{"url":"","id":""},"background_hover_image_tablet":{"url":"","id":""},"background_hover_image_mobile":{"url":"","id":""},"background_hover_video_fallback":{"url":"","id":""},"background_hover_slideshow_gallery":[],"background_overlay_image":{"url":"","id":""},"background_overlay_image_tablet":{"url":"","id":""},"background_overlay_image_mobile":{"url":"","id":""},"background_overlay_video_fallback":{"url":"","id":""},"background_overlay_slideshow_gallery":[],"background_overlay_hover_image":{"url":"","id":""},"background_overlay_hover_image_tablet":{"url":"","id":""},"background_overlay_hover_image_mobile":{"url":"","id":""},"background_overlay_hover_video_fallback":{"url":"","id":""},"background_overlay_hover_slideshow_gallery":[],"jet_sticky_section_background_image":{"url":"","id":""},"jet_sticky_section_background_image_tablet":{"url":"","id":""},"jet_sticky_section_background_image_mobile":{"url":"","id":""},"jet_sticky_section_background_video_fallback":{"url":"","id":""},"jet_sticky_section_background_slideshow_gallery":[]},"elements":[{"id":"60140224","settings":{"_column_size":"100","_inline_size":"","background_image":{"url":"","id":""},"background_image_tablet":{"url":"","id":""},"background_image_mobile":{"url":"","id":""},"background_video_fallback":{"url":"","id":""},"background_slideshow_gallery":[],"background_hover_image":{"url":"","id":""},"background_hover_image_tablet":{"url":"","id":""},"background_hover_image_mobile":{"url":"","id":""},"background_hover_video_fallback":{"url":"","id":""},"background_hover_slideshow_gallery":[],"background_overlay_image":{"url":"","id":""},"background_overlay_image_tablet":{"url":"","id":""},"background_overlay_image_mobile":{"url":"","id":""},"background_overlay_video_fallback":{"url":"","id":""},"background_overlay_slideshow_gallery":[],"background_overlay_hover_image":{"url":"","id":""},"background_overlay_hover_image_tablet":{"url":"","id":""},"background_overlay_hover_image_mobile":{"url":"","id":""},"background_overlay_hover_video_fallback":{"url":"","id":""},"background_overlay_hover_slideshow_gallery":[]},"elements":[{"id":"33a60191","settings":{"image":{"id":2093,"url":"http:\/\/sitefacilitado.com.br\/wp-content\/uploads\/2020\/03\/Barking-Dog_222222_128px.png"},"width":{"unit":"px","size":"68"},"_padding":{"unit":"px","top":"0","right":"0","bottom":"6","left":"0","isLinked":""},"_background_image":{"url":"","id":""},"_background_image_tablet":{"url":"","id":""},"_background_image_mobile":{"url":"","id":""},"_background_video_fallback":{"url":"","id":""},"_background_slideshow_gallery":[],"_background_hover_image":{"url":"","id":""},"_background_hover_image_tablet":{"url":"","id":""},"_background_hover_image_mobile":{"url":"","id":""},"_background_hover_video_fallback":{"url":"","id":""},"_background_hover_slideshow_gallery":[]},"elements":[],"isInner":false,"widgetType":"image","elType":"widget"},{"id":"42a8fc29","settings":{"ending_number":"6500","title":"Happy Pups","number_color":"#162128","typography_number_typography":"custom","typography_number_font_family":"Montserrat","typography_number_font_size":{"unit":"px","size":"50"},"typography_number_font_weight":"900","typography_number_letter_spacing":{"unit":"px","size":"-2.5"},"title_color":"#162128","typography_title_typography":"custom","typography_title_font_family":"Merriweather Sans","typography_title_font_size":{"unit":"px","size":"19"},"typography_title_font_weight":"bold","typography_title_text_transform":"uppercase","typography_title_letter_spacing":{"unit":"px","size":"-1.2"},"_margin":{"unit":"%","top":"","right":"","bottom":"","left":"","isLinked":""},"_animation":"fadeInDown","_background_image":{"url":"","id":""},"_background_image_tablet":{"url":"","id":""},"_background_image_mobile":{"url":"","id":""},"_background_video_fallback":{"url":"","id":""},"_background_slideshow_gallery":[],"_background_hover_image":{"url":"","id":""},"_background_hover_image_tablet":{"url":"","id":""},"_background_hover_image_mobile":{"url":"","id":""},"_background_hover_video_fallback":{"url":"","id":""},"_background_hover_slideshow_gallery":[]},"elements":[],"isInner":false,"widgetType":"counter","elType":"widget"}],"isInner":"1","elType":"column"}],"isInner":"1","elType":"section"}],"isInner":"","elType":"column"}],"isInner":"","elType":"section"},{"id":"4f2226b3","settings":{"gap":"extended","content_position":"middle","structure":"20","margin":{"unit":"%","top":"","right":"0","bottom":"","left":"0","isLinked":"1"},"margin_mobile":{"unit":"px","top":"0","right":"0","bottom":"0","left":"0","isLinked":""},"padding":{"unit":"%","top":"","right":"","bottom":"","left":"","isLinked":""},"shape_divider_bottom_color":"#ffffff","shape_divider_bottom_width":{"unit":"%","size":"147"},"shape_divider_bottom_height":{"unit":"px","size":"76"},"layout":"full_width","shape_divider_top":"waves","shape_divider_top_color":"#ffffff","shape_divider_top_width":{"unit":"%","size":"142"},"shape_divider_top_height":{"unit":"px","size":"79"},"shape_divider_top_negative":"yes","shape_divider_top_above_content":"yes","shape_divider_bottom":"waves","shape_divider_bottom_negative":"yes","shape_divider_bottom_above_content":"yes","shape_divider_top_height_mobile":{"unit":"px","size":"50"},"jet_parallax_layout_list":[{"jet_parallax_layout_image":{"url":"","id":""},"jet_parallax_layout_image_tablet":{"url":"","id":""},"jet_parallax_layout_image_mobile":{"url":"","id":""},"jet_parallax_layout_speed":{"unit":"%","size":50,"sizes":[]},"jet_parallax_layout_type":"scroll","jet_parallax_layout_direction":"1","jet_parallax_layout_fx_direction":"fade-in","jet_parallax_layout_z_index":"","jet_parallax_layout_bg_x":50,"jet_parallax_layout_bg_y":50,"jet_parallax_layout_bg_size":"auto","jet_parallax_layout_animation_prop":"transform","jet_parallax_layout_on":["desktop","tablet"]}],"background_image":{"url":"","id":""},"background_image_tablet":{"url":"","id":""},"background_image_mobile":{"url":"","id":""},"background_video_fallback":{"url":"","id":""},"background_slideshow_gallery":[],"background_hover_image":{"url":"","id":""},"background_hover_image_tablet":{"url":"","id":""},"background_hover_image_mobile":{"url":"","id":""},"background_hover_video_fallback":{"url":"","id":""},"background_hover_slideshow_gallery":[],"background_overlay_image":{"url":"","id":""},"background_overlay_image_tablet":{"url":"","id":""},"background_overlay_image_mobile":{"url":"","id":""},"background_overlay_video_fallback":{"url":"","id":""},"background_overlay_slideshow_gallery":[],"background_overlay_hover_image":{"url":"","id":""},"background_overlay_hover_image_tablet":{"url":"","id":""},"background_overlay_hover_image_mobile":{"url":"","id":""},"background_overlay_hover_video_fallback":{"url":"","id":""},"background_overlay_hover_slideshow_gallery":[],"jet_sticky_section_background_image":{"url":"","id":""},"jet_sticky_section_background_image_tablet":{"url":"","id":""},"jet_sticky_section_background_image_mobile":{"url":"","id":""},"jet_sticky_section_background_video_fallback":{"url":"","id":""},"jet_sticky_section_background_slideshow_gallery":[]},"elements":[{"id":"94748cd","settings":{"_column_size":"50","_inline_size":"","_inline_size_tablet":"100","background_background":"classic","background_color":"#ed154b","margin":{"unit":"%","top":"","right":"","bottom":"","left":"","isLinked":""},"padding":{"unit":"px","top":"100","right":"60","bottom":"100","left":"60","isLinked":""},"padding_mobile":{"unit":"px","top":"60","right":"15","bottom":"60","left":"15","isLinked":""},"background_image":{"url":"","id":""},"background_image_tablet":{"url":"","id":""},"background_image_mobile":{"url":"","id":""},"background_video_fallback":{"url":"","id":""},"background_slideshow_gallery":[],"background_hover_image":{"url":"","id":""},"background_hover_image_tablet":{"url":"","id":""},"background_hover_image_mobile":{"url":"","id":""},"background_hover_video_fallback":{"url":"","id":""},"background_hover_slideshow_gallery":[],"background_overlay_image":{"url":"","id":""},"background_overlay_image_tablet":{"url":"","id":""},"background_overlay_image_mobile":{"url":"","id":""},"background_overlay_video_fallback":{"url":"","id":""},"background_overlay_slideshow_gallery":[],"background_overlay_hover_image":{"url":"","id":""},"background_overlay_hover_image_tablet":{"url":"","id":""},"background_overlay_hover_image_mobile":{"url":"","id":""},"background_overlay_hover_video_fallback":{"url":"","id":""},"background_overlay_hover_slideshow_gallery":[]},"elements":[{"id":"4d4848ad","settings":{"title":"Where we began","title_color":"#ffffff","typography_typography":"custom","typography_font_family":"Bevan","typography_font_size":{"unit":"rem","size":"2.7"},"typography_font_weight":"400","typography_text_transform":"capitalize","typography_line_height":{"unit":"em","size":"1"},"typography_letter_spacing":{"unit":"px","size":"-3"},"_margin":{"unit":"%","top":"","right":"","bottom":"","left":"","isLinked":""},"align":"left","typography_font_size_mobile":{"unit":"px","size":"45"},"_animation":"fadeInDown","align_mobile":"left","typography_letter_spacing_mobile":{"unit":"px","size":"-0.8"},"_background_image":{"url":"","id":""},"_background_image_tablet":{"url":"","id":""},"_background_image_mobile":{"url":"","id":""},"_background_video_fallback":{"url":"","id":""},"_background_slideshow_gallery":[],"_background_hover_image":{"url":"","id":""},"_background_hover_image_tablet":{"url":"","id":""},"_background_hover_image_mobile":{"url":"","id":""},"_background_hover_video_fallback":{"url":"","id":""},"_background_hover_slideshow_gallery":[]},"elements":[],"isInner":false,"widgetType":"heading","elType":"widget"},{"id":"305effba","settings":{"space":{"unit":"px","size":"27"},"_background_background":"classic","_background_image":{"id":2094,"url":"http:\/\/sitefacilitado.com.br\/wp-content\/uploads\/2020\/03\/squiggle2.png"},"_background_position":"center left","_background_repeat":"no-repeat","_background_image_tablet":{"url":"","id":""},"_background_image_mobile":{"url":"","id":""},"_background_video_fallback":{"url":"","id":""},"_background_slideshow_gallery":[],"_background_hover_image":{"url":"","id":""},"_background_hover_image_tablet":{"url":"","id":""},"_background_hover_image_mobile":{"url":"","id":""},"_background_hover_video_fallback":{"url":"","id":""},"_background_hover_slideshow_gallery":[]},"elements":[],"isInner":false,"widgetType":"spacer","elType":"widget"},{"id":"630c1e7f","settings":{"editor":"<p>Lorem ipsum dolor sit amet, consectetur adipiscing elit. Donec molestie malesuada urna quis euismod.<\/p><p>Nunc varius iaculis lectus ac aliquet. Suspendisse euismod sapien quis odio laoreet consequat. Quisque metus massa, dictum eu tellus quis, tempor scelerisque elit.<\/p>","text_color":"#ffffff","typography_typography":"custom","typography_font_family":"Merriweather Sans","typography_font_size":{"unit":"rem","size":"1"},"typography_line_height":{"unit":"em","size":"1.6"},"_margin":{"unit":"%","top":"","right":"","bottom":"","left":"","isLinked":""},"typography_font_weight":"400","align":"left","_padding":{"unit":"%","top":"0","right":"0","bottom":"0","left":"0","isLinked":""},"_animation":"fadeInDown","_animation_delay":"300","hide_mobile":"hidden-phone","_background_image":{"url":"","id":""},"_background_image_tablet":{"url":"","id":""},"_background_image_mobile":{"url":"","id":""},"_background_video_fallback":{"url":"","id":""},"_background_slideshow_gallery":[],"_background_hover_image":{"url":"","id":""},"_background_hover_image_tablet":{"url":"","id":""},"_background_hover_image_mobile":{"url":"","id":""},"_background_hover_video_fallback":{"url":"","id":""},"_background_hover_slideshow_gallery":[]},"elements":[],"isInner":false,"widgetType":"text-editor","elType":"widget"},{"id":"7032fbd4","settings":{"space":{"unit":"px","size":"30"},"_background_image":{"url":"","id":""},"_background_image_tablet":{"url":"","id":""},"_background_image_mobile":{"url":"","id":""},"_background_video_fallback":{"url":"","id":""},"_background_slideshow_gallery":[],"_background_hover_image":{"url":"","id":""},"_background_hover_image_tablet":{"url":"","id":""},"_background_hover_image_mobile":{"url":"","id":""},"_background_hover_video_fallback":{"url":"","id":""},"_background_hover_slideshow_gallery":[]},"elements":[],"isInner":false,"widgetType":"spacer","elType":"widget"},{"id":"1c2f49ee","settings":{"icon_list":[{"text":"Praesent ex erat, faucibus non lectus eu","icon":"fa fa-check-circle-o","_id":"9929ac3","link":{"url":"","is_external":"","nofollow":"","custom_attributes":""},"selected_icon":{"value":"fas fa-check","library":"fa-solid"}},{"text":"Tincidunt rutrum metus. Quisque quis laoreet leo.","icon":"fa fa-check-circle-o","_id":"7ed1e21","link":{"url":"","is_external":"","nofollow":"","custom_attributes":""},"selected_icon":{"value":"fas fa-check","library":"fa-solid"}},{"text":"Mauris quis ex quam. Sed sem justo.","icon":"fa fa-check-circle-o","_id":"4328573","link":{"url":"","is_external":"","nofollow":"","custom_attributes":""},"selected_icon":{"value":"fas fa-check","library":"fa-solid"}},{"text":"In hac habitasse platea dictumst.","icon":"fa fa-times-circle-o","_id":"e145bbb","link":{"url":"","is_external":"","nofollow":"","custom_attributes":""},"selected_icon":{"value":"fas fa-check","library":"fa-solid"}}],"space_between":{"unit":"px","size":"15"},"icon_color":"#ffffff","icon_size":{"unit":"px","size":"25"},"text_color":"#ffffff","icon_typography_typography":"custom","icon_typography_font_family":"Merriweather Sans","icon_typography_font_size":{"unit":"px","size":"14"},"icon_typography_font_weight":"400","_margin":{"unit":"%","top":"","right":"","bottom":"","left":"","isLinked":""},"text_indent":{"unit":"px","size":"10"},"_padding":{"unit":"%","top":"0","right":"0","bottom":"0","left":"0","isLinked":""},"_animation":"fadeInDown","_animation_delay":"300","hide_mobile":"hidden-phone","_background_image":{"url":"","id":""},"_background_image_tablet":{"url":"","id":""},"_background_image_mobile":{"url":"","id":""},"_background_video_fallback":{"url":"","id":""},"_background_slideshow_gallery":[],"_background_hover_image":{"url":"","id":""},"_background_hover_image_tablet":{"url":"","id":""},"_background_hover_image_mobile":{"url":"","id":""},"_background_hover_video_fallback":{"url":"","id":""},"_background_hover_slideshow_gallery":[]},"elements":[],"isInner":false,"widgetType":"icon-list","elType":"widget"}],"isInner":"","elType":"column"},{"id":"6966d0a6","settings":{"_column_size":"50","_inline_size":"","_inline_size_tablet":"100","background_background":"classic","background_image":{"id":2096,"url":"http:\/\/sitefacilitado.com.br\/wp-content\/uploads\/2020\/03\/wall-animal-dog-pet.jpg"},"background_position":"center center","background_size":"cover","background_overlay_background":"classic","background_overlay_color":"#0f0f0f","background_overlay_opacity":{"unit":"px","size":"0.27"},"margin":{"unit":"px","top":"0","right":"0","bottom":"0","left":"0","isLinked":""},"padding":{"unit":"px","top":"0","right":"0","bottom":"0","left":"0","isLinked":""},"background_image_tablet":{"url":"","id":""},"background_image_mobile":{"url":"","id":""},"background_video_fallback":{"url":"","id":""},"background_slideshow_gallery":[],"background_hover_image":{"url":"","id":""},"background_hover_image_tablet":{"url":"","id":""},"background_hover_image_mobile":{"url":"","id":""},"background_hover_video_fallback":{"url":"","id":""},"background_hover_slideshow_gallery":[],"background_overlay_image":{"url":"","id":""},"background_overlay_image_tablet":{"url":"","id":""},"background_overlay_image_mobile":{"url":"","id":""},"background_overlay_video_fallback":{"url":"","id":""},"background_overlay_slideshow_gallery":[],"background_overlay_hover_image":{"url":"","id":""},"background_overlay_hover_image_tablet":{"url":"","id":""},"background_overlay_hover_image_mobile":{"url":"","id":""},"background_overlay_hover_video_fallback":{"url":"","id":""},"background_overlay_hover_slideshow_gallery":[]},"elements":[{"id":"708d654","settings":{"youtube_url":"https:\/\/www.youtube.com\/watch?v=omsOqPPW3Tw","vimeo_url":"https:\/\/vimeo.com\/235215203","dailymotion_url":"https:\/\/www.dailymotion.com\/video\/x6koazf","show_image_overlay":"yes","image_overlay":{"id":2095,"url":"http:\/\/sitefacilitado.com.br\/wp-content\/uploads\/2020\/03\/transparent-2.png"},"image_overlay_custom_dimension":{"width":"800","height":"800"},"lightbox":"yes","controls":"","showinfo":"","hosted_url":{"url":"","id":""},"poster":{"url":"","id":""},"_background_image":{"url":"","id":""},"_background_image_tablet":{"url":"","id":""},"_background_image_mobile":{"url":"","id":""},"_background_video_fallback":{"url":"","id":""},"_background_slideshow_gallery":[],"_background_hover_image":{"url":"","id":""},"_background_hover_image_tablet":{"url":"","id":""},"_background_hover_image_mobile":{"url":"","id":""},"_background_hover_video_fallback":{"url":"","id":""},"_background_hover_slideshow_gallery":[]},"elements":[],"isInner":false,"widgetType":"video","elType":"widget"}],"isInner":"","elType":"column"}],"isInner":"","elType":"section"},{"id":"2f494042","settings":{"gap":"extended","content_position":"middle","structure":"20","content_width":{"unit":"px","size":"1440"},"background_background":"classic","background_color":"#ffffff","jet_parallax_layout_list":[{"jet_parallax_layout_image":{"url":"","id":""},"jet_parallax_layout_image_tablet":{"url":"","id":""},"jet_parallax_layout_image_mobile":{"url":"","id":""},"jet_parallax_layout_speed":{"unit":"%","size":50,"sizes":[]},"jet_parallax_layout_type":"scroll","jet_parallax_layout_direction":"1","jet_parallax_layout_fx_direction":"fade-in","jet_parallax_layout_z_index":"","jet_parallax_layout_bg_x":50,"jet_parallax_layout_bg_y":50,"jet_parallax_layout_bg_size":"auto","jet_parallax_layout_animation_prop":"transform","jet_parallax_layout_on":["desktop","tablet"]}],"background_image":{"url":"","id":""},"background_image_tablet":{"url":"","id":""},"background_image_mobile":{"url":"","id":""},"background_video_fallback":{"url":"","id":""},"background_slideshow_gallery":[],"background_hover_image":{"url":"","id":""},"background_hover_image_tablet":{"url":"","id":""},"background_hover_image_mobile":{"url":"","id":""},"background_hover_video_fallback":{"url":"","id":""},"background_hover_slideshow_gallery":[],"background_overlay_image":{"url":"","id":""},"background_overlay_image_tablet":{"url":"","id":""},"background_overlay_image_mobile":{"url":"","id":""},"background_overlay_video_fallback":{"url":"","id":""},"background_overlay_slideshow_gallery":[],"background_overlay_hover_image":{"url":"","id":""},"background_overlay_hover_image_tablet":{"url":"","id":""},"background_overlay_hover_image_mobile":{"url":"","id":""},"background_overlay_hover_video_fallback":{"url":"","id":""},"background_overlay_hover_slideshow_gallery":[],"jet_sticky_section_background_image":{"url":"","id":""},"jet_sticky_section_background_image_tablet":{"url":"","id":""},"jet_sticky_section_background_image_mobile":{"url":"","id":""},"jet_sticky_section_background_video_fallback":{"url":"","id":""},"jet_sticky_section_background_slideshow_gallery":[]},"elements":[{"id":"eaa3f26","settings":{"_column_size":"50","_inline_size":"","_inline_size_tablet":"100","content_position":"top","padding":{"unit":"em","top":"2","right":"2","bottom":"2","left":"2","isLinked":""},"background_image":{"url":"","id":""},"background_image_tablet":{"url":"","id":""},"background_image_mobile":{"url":"","id":""},"background_video_fallback":{"url":"","id":""},"background_slideshow_gallery":[],"background_hover_image":{"url":"","id":""},"background_hover_image_tablet":{"url":"","id":""},"background_hover_image_mobile":{"url":"","id":""},"background_hover_video_fallback":{"url":"","id":""},"background_hover_slideshow_gallery":[],"background_overlay_image":{"url":"","id":""},"background_overlay_image_tablet":{"url":"","id":""},"background_overlay_image_mobile":{"url":"","id":""},"background_overlay_video_fallback":{"url":"","id":""},"background_overlay_slideshow_gallery":[],"background_overlay_hover_image":{"url":"","id":""},"background_overlay_hover_image_tablet":{"url":"","id":""},"background_overlay_hover_image_mobile":{"url":"","id":""},"background_overlay_hover_video_fallback":{"url":"","id":""},"background_overlay_hover_slideshow_gallery":[]},"elements":[{"id":"59c7e825","settings":{"content_position":"top","margin":{"unit":"px","top":"0","right":"0","bottom":"30","left":"0","isLinked":""},"jet_parallax_layout_list":[{"jet_parallax_layout_image":{"url":"","id":""},"jet_parallax_layout_image_tablet":{"url":"","id":""},"jet_parallax_layout_image_mobile":{"url":"","id":""},"jet_parallax_layout_speed":{"unit":"%","size":50,"sizes":[]},"jet_parallax_layout_type":"scroll","jet_parallax_layout_direction":"1","jet_parallax_layout_fx_direction":"fade-in","jet_parallax_layout_z_index":"","jet_parallax_layout_bg_x":50,"jet_parallax_layout_bg_y":50,"jet_parallax_layout_bg_size":"auto","jet_parallax_layout_animation_prop":"transform","jet_parallax_layout_on":["desktop","tablet"]}],"background_image":{"url":"","id":""},"background_image_tablet":{"url":"","id":""},"background_image_mobile":{"url":"","id":""},"background_video_fallback":{"url":"","id":""},"background_slideshow_gallery":[],"background_hover_image":{"url":"","id":""},"background_hover_image_tablet":{"url":"","id":""},"background_hover_image_mobile":{"url":"","id":""},"background_hover_video_fallback":{"url":"","id":""},"background_hover_slideshow_gallery":[],"background_overlay_image":{"url":"","id":""},"background_overlay_image_tablet":{"url":"","id":""},"background_overlay_image_mobile":{"url":"","id":""},"background_overlay_video_fallback":{"url":"","id":""},"background_overlay_slideshow_gallery":[],"background_overlay_hover_image":{"url":"","id":""},"background_overlay_hover_image_tablet":{"url":"","id":""},"background_overlay_hover_image_mobile":{"url":"","id":""},"background_overlay_hover_video_fallback":{"url":"","id":""},"background_overlay_hover_slideshow_gallery":[],"jet_sticky_section_background_image":{"url":"","id":""},"jet_sticky_section_background_image_tablet":{"url":"","id":""},"jet_sticky_section_background_image_mobile":{"url":"","id":""},"jet_sticky_section_background_video_fallback":{"url":"","id":""},"jet_sticky_section_background_slideshow_gallery":[]},"elements":[{"id":"6a781ab6","settings":{"_column_size":"100","_inline_size":"","padding":{"unit":"em","top":"1","right":"1","bottom":"1","left":"1","isLinked":"1"},"content_position":"top","background_image":{"url":"","id":""},"background_image_tablet":{"url":"","id":""},"background_image_mobile":{"url":"","id":""},"background_video_fallback":{"url":"","id":""},"background_slideshow_gallery":[],"background_hover_image":{"url":"","id":""},"background_hover_image_tablet":{"url":"","id":""},"background_hover_image_mobile":{"url":"","id":""},"background_hover_video_fallback":{"url":"","id":""},"background_hover_slideshow_gallery":[],"background_overlay_image":{"url":"","id":""},"background_overlay_image_tablet":{"url":"","id":""},"background_overlay_image_mobile":{"url":"","id":""},"background_overlay_video_fallback":{"url":"","id":""},"background_overlay_slideshow_gallery":[],"background_overlay_hover_image":{"url":"","id":""},"background_overlay_hover_image_tablet":{"url":"","id":""},"background_overlay_hover_image_mobile":{"url":"","id":""},"background_overlay_hover_video_fallback":{"url":"","id":""},"background_overlay_hover_slideshow_gallery":[]},"elements":[{"id":"4e71d83a","settings":{"editor":"<p>Lorem ipsum dolor sit amet, consectetur adipiscing elit, sed do eiusmod tempor incididunt ut labore et dolore magna aliqua. Ut enim ad minim veniam, quis nostrud exercitation ullamco laboris nisi ut aliquip ex ea commodo consequat.<\/p><p>Duis aute irure dolor in reprehenderit in voluptate velit esse cillum dolore eu fugiat nulla pariatur. Excepteur sint occaecat cupidatat non proident, sunt in culpa qui officia deserunt mollit anim id est laborum.<\/p>","text_color":"#212121","typography_typography":"custom","typography_font_family":"Merriweather Sans","typography_font_size":{"unit":"rem","size":"1"},"typography_line_height":{"unit":"em","size":"1.6"},"_margin":{"unit":"%","top":"","right":"","bottom":"","left":"","isLinked":""},"typography_font_weight":"400","align":"left","_padding":{"unit":"%","top":"0","right":"0","bottom":"0","left":"0","isLinked":""},"_animation":"fadeInDown","_animation_delay":"300","hide_mobile":"hidden-phone","_background_image":{"url":"","id":""},"_background_image_tablet":{"url":"","id":""},"_background_image_mobile":{"url":"","id":""},"_background_video_fallback":{"url":"","id":""},"_background_slideshow_gallery":[],"_background_hover_image":{"url":"","id":""},"_background_hover_image_tablet":{"url":"","id":""},"_background_hover_image_mobile":{"url":"","id":""},"_background_hover_video_fallback":{"url":"","id":""},"_background_hover_slideshow_gallery":[]},"elements":[],"isInner":false,"widgetType":"text-editor","elType":"widget"}],"isInner":"1","elType":"column"}],"isInner":"1","elType":"section"}],"isInner":"","elType":"column"},{"id":"6827a5a1","settings":{"_column_size":"50","_inline_size":"","_inline_size_tablet":"100","content_position":"top","margin":{"unit":"px","top":"0","right":"0","bottom":"0","left":"0","isLinked":"1"},"padding":{"unit":"em","top":"4","right":"2","bottom":"2","left":"2","isLinked":""},"background_image":{"url":"","id":""},"background_image_tablet":{"url":"","id":""},"background_image_mobile":{"url":"","id":""},"background_video_fallback":{"url":"","id":""},"background_slideshow_gallery":[],"background_hover_image":{"url":"","id":""},"background_hover_image_tablet":{"url":"","id":""},"background_hover_image_mobile":{"url":"","id":""},"background_hover_video_fallback":{"url":"","id":""},"background_hover_slideshow_gallery":[],"background_overlay_image":{"url":"","id":""},"background_overlay_image_tablet":{"url":"","id":""},"background_overlay_image_mobile":{"url":"","id":""},"background_overlay_video_fallback":{"url":"","id":""},"background_overlay_slideshow_gallery":[],"background_overlay_hover_image":{"url":"","id":""},"background_overlay_hover_image_tablet":{"url":"","id":""},"background_overlay_hover_image_mobile":{"url":"","id":""},"background_overlay_hover_video_fallback":{"url":"","id":""},"background_overlay_hover_slideshow_gallery":[]},"elements":[{"id":"3a255972","settings":{"slides":[{"content":"Nunc varius iaculis lectus ac aliquet. Suspendisse euismod sapien quis odio laoreet consequat. Quisque metus massa, dictum eu tellus quis, tempor scelerisque elit. ","name":"Jane Elliot","title":"Dog Trainer","image":{"id":2097,"url":"http:\/\/sitefacilitado.com.br\/wp-content\/uploads\/2020\/03\/pexels-photo-1174081.jpeg"},"_id":"bd926cb"},{"content":"Lorem ipsum dolor sit amet, consectetur adipiscing elit. Ut elit tellus, luctus nec ullamcorper mattis, pulvinar dapibus leo eget hendrerit turpis pellentesque sit amet.","name":"Hana Doe","title":"Dog Lover","image":{"id":2090,"url":"http:\/\/sitefacilitado.com.br\/wp-content\/uploads\/2020\/03\/pexels-photo-1139793.jpeg"},"_id":"bd7503f"},{"content":"Nunc varius iaculis lectus ac aliquet. Suspendisse euismod sapien quis odio laoreet consequat. Quisque metus massa, dictum eu tellus quis, tempor scelerisque elit. ","name":"Jack Rogers","title":"Dog Lover","image":{"id":2098,"url":"http:\/\/sitefacilitado.com.br\/wp-content\/uploads\/2020\/03\/pexels-photo-1498925.jpeg"},"_id":"5d26a0c"}],"skin":"bubble","width":{"unit":"%","size":"100"},"show_arrows":"","pagination":"","space_between":{"unit":"px","size":""},"slide_border_radius":{"unit":"%","size":""},"content_gap":{"unit":"px","size":"21"},"content_typography_typography":"custom","content_typography_font_family":"Merriweather Sans","content_typography_font_size":{"unit":"px","size":"17"},"name_color":"#191919","name_typography_typography":"custom","name_typography_font_family":"Bevan","name_typography_font_size":{"unit":"px","size":"20"},"name_typography_font_weight":"400","name_typography_letter_spacing":{"unit":"px","size":"-0.9"},"title_color":"#ed154b","title_typography_typography":"custom","title_typography_font_family":"Merriweather Sans","title_typography_font_weight":"bold","title_typography_text_transform":"uppercase","image_size":{"unit":"px","size":"77"},"image_gap":{"unit":"px","size":"13"},"image_border":"yes","image_border_color":"#ed154b","image_border_width":{"unit":"px","size":"5"},"background_color":"#e5e5e5","text_padding":{"unit":"px","top":"40","right":"40","bottom":"40","left":"40","isLinked":"1"},"border_radius":{"unit":"px","top":"30","right":"30","bottom":"30","left":"30","isLinked":"1"},"border_width":{"unit":"px","size":"1"},"_background_image":{"url":"","id":""},"_background_image_tablet":{"url":"","id":""},"_background_image_mobile":{"url":"","id":""},"_background_video_fallback":{"url":"","id":""},"_background_slideshow_gallery":[],"_background_hover_image":{"url":"","id":""},"_background_hover_image_tablet":{"url":"","id":""},"_background_hover_image_mobile":{"url":"","id":""},"_background_hover_video_fallback":{"url":"","id":""},"_background_hover_slideshow_gallery":[]},"elements":[],"isInner":false,"widgetType":"testimonial-carousel","elType":"widget"}],"isInner":"","elType":"column"}],"isInner":"","elType":"section"},{"id":"4aed8a9c","settings":{"content_position":"bottom","structure":"20","background_background":"classic","background_color":"#f2f2f2","shape_divider_bottom":"waves","shape_divider_bottom_width":{"unit":"%","size":"268"},"shape_divider_bottom_height":{"unit":"px","size":"224"},"padding":{"unit":"%","top":"","right":"","bottom":"","left":"","isLinked":""},"layout":"full_width","height":"min-height","column_position":"stretch","background_image":{"id":2099,"url":"http:\/\/sitefacilitado.com.br\/wp-content\/uploads\/2020\/03\/pexels-photo-872795.jpeg"},"background_position":"center right","background_size":"cover","background_overlay_background":"classic","background_overlay_color":"#ffffff","background_overlay_opacity":{"unit":"px","size":"0.11"},"css_filters_css_filter":"custom","css_filters_brightness":{"unit":"px","size":"123"},"css_filters_contrast":{"unit":"px","size":"125"},"css_filters_saturate":{"unit":"px","size":"50"},"shape_divider_top":"waves","shape_divider_top_width":{"unit":"%","size":"208"},"shape_divider_top_height":{"unit":"px","size":"74"},"shape_divider_top_flip":"yes","shape_divider_top_negative":"yes","shape_divider_top_above_content":"yes","shape_divider_bottom_height_mobile":{"unit":"px","size":"96"},"jet_parallax_layout_list":[{"jet_parallax_layout_image":{"url":"","id":""},"jet_parallax_layout_image_tablet":{"url":"","id":""},"jet_parallax_layout_image_mobile":{"url":"","id":""},"jet_parallax_layout_speed":{"unit":"%","size":50,"sizes":[]},"jet_parallax_layout_type":"scroll","jet_parallax_layout_direction":"1","jet_parallax_layout_fx_direction":"fade-in","jet_parallax_layout_z_index":"","jet_parallax_layout_bg_x":50,"jet_parallax_layout_bg_y":50,"jet_parallax_layout_bg_size":"auto","jet_parallax_layout_animation_prop":"transform","jet_parallax_layout_on":["desktop","tablet"]}],"background_image_tablet":{"url":"","id":""},"background_image_mobile":{"url":"","id":""},"background_video_fallback":{"url":"","id":""},"background_slideshow_gallery":[],"background_hover_image":{"url":"","id":""},"background_hover_image_tablet":{"url":"","id":""},"background_hover_image_mobile":{"url":"","id":""},"background_hover_video_fallback":{"url":"","id":""},"background_hover_slideshow_gallery":[],"background_overlay_image":{"url":"","id":""},"background_overlay_image_tablet":{"url":"","id":""},"background_overlay_image_mobile":{"url":"","id":""},"background_overlay_video_fallback":{"url":"","id":""},"background_overlay_slideshow_gallery":[],"background_overlay_hover_image":{"url":"","id":""},"background_overlay_hover_image_tablet":{"url":"","id":""},"background_overlay_hover_image_mobile":{"url":"","id":""},"background_overlay_hover_video_fallback":{"url":"","id":""},"background_overlay_hover_slideshow_gallery":[],"jet_sticky_section_background_image":{"url":"","id":""},"jet_sticky_section_background_image_tablet":{"url":"","id":""},"jet_sticky_section_background_image_mobile":{"url":"","id":""},"jet_sticky_section_background_video_fallback":{"url":"","id":""},"jet_sticky_section_background_slideshow_gallery":[]},"elements":[{"id":"4e3e765f","settings":{"_column_size":"50","_inline_size":"","_inline_size_tablet":"100","content_position":"top","background_background":"classic","background_position":"center right","background_repeat":"repeat","background_size":"cover","padding":{"unit":"em","top":"10","right":"6","bottom":"6","left":"6","isLinked":""},"background_image":{"url":"","id":""},"background_image_tablet":{"url":"","id":""},"background_image_mobile":{"url":"","id":""},"background_video_fallback":{"url":"","id":""},"background_slideshow_gallery":[],"background_hover_image":{"url":"","id":""},"background_hover_image_tablet":{"url":"","id":""},"background_hover_image_mobile":{"url":"","id":""},"background_hover_video_fallback":{"url":"","id":""},"background_hover_slideshow_gallery":[],"background_overlay_image":{"url":"","id":""},"background_overlay_image_tablet":{"url":"","id":""},"background_overlay_image_mobile":{"url":"","id":""},"background_overlay_video_fallback":{"url":"","id":""},"background_overlay_slideshow_gallery":[],"background_overlay_hover_image":{"url":"","id":""},"background_overlay_hover_image_tablet":{"url":"","id":""},"background_overlay_hover_image_mobile":{"url":"","id":""},"background_overlay_hover_video_fallback":{"url":"","id":""},"background_overlay_hover_slideshow_gallery":[]},"elements":[],"isInner":"","elType":"column"},{"id":"56a21ccf","settings":{"_column_size":"50","_inline_size":"","_inline_size_tablet":"100","content_position":"top","background_background":"classic","background_position":"center right","background_repeat":"repeat","background_size":"cover","padding":{"unit":"em","top":"10","right":"6","bottom":"6","left":"6","isLinked":""},"padding_tablet":{"unit":"em","top":"6","right":"6","bottom":"6","left":"6","isLinked":"1"},"padding_mobile":{"unit":"em","top":"4","right":"2","bottom":"4","left":"2","isLinked":""},"background_image":{"url":"","id":""},"background_image_tablet":{"url":"","id":""},"background_image_mobile":{"url":"","id":""},"background_video_fallback":{"url":"","id":""},"background_slideshow_gallery":[],"background_hover_image":{"url":"","id":""},"background_hover_image_tablet":{"url":"","id":""},"background_hover_image_mobile":{"url":"","id":""},"background_hover_video_fallback":{"url":"","id":""},"background_hover_slideshow_gallery":[],"background_overlay_image":{"url":"","id":""},"background_overlay_image_tablet":{"url":"","id":""},"background_overlay_image_mobile":{"url":"","id":""},"background_overlay_video_fallback":{"url":"","id":""},"background_overlay_slideshow_gallery":[],"background_overlay_hover_image":{"url":"","id":""},"background_overlay_hover_image_tablet":{"url":"","id":""},"background_overlay_hover_image_mobile":{"url":"","id":""},"background_overlay_hover_video_fallback":{"url":"","id":""},"background_overlay_hover_slideshow_gallery":[]},"elements":[{"id":"3a095edf","settings":{"title":"Our Expertise","title_color":"#162128","typography_typography":"custom","typography_font_family":"Bevan","typography_font_size":{"unit":"rem","size":"2.3"},"typography_font_weight":"400","typography_text_transform":"capitalize","typography_line_height":{"unit":"em","size":"1"},"typography_letter_spacing":{"unit":"px","size":"-2"},"_margin":{"unit":"%","top":"","right":"","bottom":"","left":"","isLinked":""},"typography_font_size_mobile":{"unit":"px","size":"45"},"_animation":"fadeInDown","align_mobile":"center","align":"left","typography_letter_spacing_mobile":{"unit":"px","size":"-0.8"},"_background_image":{"url":"","id":""},"_background_image_tablet":{"url":"","id":""},"_background_image_mobile":{"url":"","id":""},"_background_video_fallback":{"url":"","id":""},"_background_slideshow_gallery":[],"_background_hover_image":{"url":"","id":""},"_background_hover_image_tablet":{"url":"","id":""},"_background_hover_image_mobile":{"url":"","id":""},"_background_hover_video_fallback":{"url":"","id":""},"_background_hover_slideshow_gallery":[]},"elements":[],"isInner":false,"widgetType":"heading","elType":"widget"},{"id":"775a851e","settings":{"space":{"unit":"px","size":"27"},"_background_background":"classic","_background_image":{"id":2088,"url":"http:\/\/sitefacilitado.com.br\/wp-content\/uploads\/2020\/03\/squiggle.png"},"_background_position":"center left","_background_repeat":"no-repeat","_background_image_tablet":{"url":"","id":""},"_background_image_mobile":{"url":"","id":""},"_background_video_fallback":{"url":"","id":""},"_background_slideshow_gallery":[],"_background_hover_image":{"url":"","id":""},"_background_hover_image_tablet":{"url":"","id":""},"_background_hover_image_mobile":{"url":"","id":""},"_background_hover_video_fallback":{"url":"","id":""},"_background_hover_slideshow_gallery":[]},"elements":[],"isInner":false,"widgetType":"spacer","elType":"widget"},{"id":"3bbcc697","settings":{"editor":"<p>Nunc varius iaculis lectus ac aliquet. Suspendisse euismod sapien quis odio laoreet consequat. Quisque metus massa, dictum eu tellus quis, tempor scelerisque elit.<\/p>","text_color":"#212121","typography_typography":"custom","typography_font_family":"Merriweather Sans","typography_font_size":{"unit":"rem","size":"1"},"typography_line_height":{"unit":"em","size":"1.6"},"_margin":{"unit":"%","top":"","right":"","bottom":"","left":"","isLinked":""},"typography_font_weight":"400","_animation":"fadeInDown","_animation_delay":"300","align":"left","_padding":{"unit":"%","top":"0","right":"0","bottom":"0","left":"0","isLinked":""},"hide_mobile":"hidden-phone","_background_image":{"url":"","id":""},"_background_image_tablet":{"url":"","id":""},"_background_image_mobile":{"url":"","id":""},"_background_video_fallback":{"url":"","id":""},"_background_slideshow_gallery":[],"_background_hover_image":{"url":"","id":""},"_background_hover_image_tablet":{"url":"","id":""},"_background_hover_image_mobile":{"url":"","id":""},"_background_hover_video_fallback":{"url":"","id":""},"_background_hover_slideshow_gallery":[]},"elements":[],"isInner":false,"widgetType":"text-editor","elType":"widget"},{"id":"3518e029","settings":{"editor":"<p>Lorem ipsum dolor sit amet, consectetur adipiscing elit, sed do eiusmod tempor incididunt ut labore et dolore magna aliqua. Ut enim ad minim veniam, quis nostrud exercitation ullamco laboris nisi ut aliquip ex ea commodo consequat.<\/p><p>Duis aute irure dolor in reprehenderit in voluptate velit esse cillum dolore eu fugiat nulla pariatur. Excepteur sint occaecat cupidatat non proident, sunt in culpa qui officia deserunt mollit anim id est laborum.<\/p>","text_color":"#212121","typography_typography":"custom","typography_font_family":"Merriweather Sans","typography_font_size":{"unit":"rem","size":"1"},"typography_line_height":{"unit":"em","size":"1.6"},"_margin":{"unit":"%","top":"","right":"","bottom":"","left":"","isLinked":""},"typography_font_weight":"400","align":"left","_padding":{"unit":"%","top":"0","right":"0","bottom":"0","left":"0","isLinked":""},"_animation":"fadeInDown","_animation_delay":"300","hide_mobile":"hidden-phone","_background_image":{"url":"","id":""},"_background_image_tablet":{"url":"","id":""},"_background_image_mobile":{"url":"","id":""},"_background_video_fallback":{"url":"","id":""},"_background_slideshow_gallery":[],"_background_hover_image":{"url":"","id":""},"_background_hover_image_tablet":{"url":"","id":""},"_background_hover_image_mobile":{"url":"","id":""},"_background_hover_video_fallback":{"url":"","id":""},"_background_hover_slideshow_gallery":[]},"elements":[],"isInner":false,"widgetType":"text-editor","elType":"widget"},{"id":"72590031","settings":{"title":"Grooming","percent":{"unit":"%","size":"100"},"display_percentage":"hide","inner_text":"Dog Bathing","bar_color":"#ed154b","bar_bg_color":"#e2e2e2","bar_inline_color":"#ed154b","title_color":"#222222","typography_typography":"custom","typography_font_family":"Merriweather Sans","typography_font_size":{"unit":"px","size":"15"},"typography_font_weight":"600","typography_text_transform":"uppercase","typography_line_height":{"unit":"em","size":"2"},"_background_image":{"url":"","id":""},"_background_image_tablet":{"url":"","id":""},"_background_image_mobile":{"url":"","id":""},"_background_video_fallback":{"url":"","id":""},"_background_slideshow_gallery":[],"_background_hover_image":{"url":"","id":""},"_background_hover_image_tablet":{"url":"","id":""},"_background_hover_image_mobile":{"url":"","id":""},"_background_hover_video_fallback":{"url":"","id":""},"_background_hover_slideshow_gallery":[]},"elements":[],"isInner":false,"widgetType":"progress","elType":"widget"},{"id":"3669f0d","settings":{"title":"Small Breeds","percent":{"unit":"%","size":"88"},"display_percentage":"hide","inner_text":"Nail Cutting","bar_color":"#ed154b","bar_bg_color":"#e2e2e2","bar_inline_color":"#ed154b","title_color":"#222222","typography_typography":"custom","typography_font_family":"Merriweather Sans","typography_font_size":{"unit":"px","size":"15"},"typography_font_weight":"600","typography_text_transform":"uppercase","typography_line_height":{"unit":"em","size":"2"},"_background_image":{"url":"","id":""},"_background_image_tablet":{"url":"","id":""},"_background_image_mobile":{"url":"","id":""},"_background_video_fallback":{"url":"","id":""},"_background_slideshow_gallery":[],"_background_hover_image":{"url":"","id":""},"_background_hover_image_tablet":{"url":"","id":""},"_background_hover_image_mobile":{"url":"","id":""},"_background_hover_video_fallback":{"url":"","id":""},"_background_hover_slideshow_gallery":[]},"elements":[],"isInner":false,"widgetType":"progress","elType":"widget"},{"id":"667c64b1","settings":{"title":"Show Dog Styling","percent":{"unit":"%","size":"81"},"display_percentage":"hide","inner_text":"Customer care","bar_color":"#ed154b","bar_bg_color":"#e2e2e2","bar_inline_color":"#ed154b","title_color":"#222222","typography_typography":"custom","typography_font_family":"Merriweather Sans","typography_font_size":{"unit":"px","size":"15"},"typography_font_weight":"600","typography_text_transform":"uppercase","typography_line_height":{"unit":"em","size":"2"},"_background_image":{"url":"","id":""},"_background_image_tablet":{"url":"","id":""},"_background_image_mobile":{"url":"","id":""},"_background_video_fallback":{"url":"","id":""},"_background_slideshow_gallery":[],"_background_hover_image":{"url":"","id":""},"_background_hover_image_tablet":{"url":"","id":""},"_background_hover_image_mobile":{"url":"","id":""},"_background_hover_video_fallback":{"url":"","id":""},"_background_hover_slideshow_gallery":[]},"elements":[],"isInner":false,"widgetType":"progress","elType":"widget"},{"id":"348da54c","settings":{"title":"Coat & Skin","percent":{"unit":"%","size":"70"},"display_percentage":"hide","inner_text":"Nail Cutting","bar_color":"#ed154b","bar_bg_color":"#e2e2e2","bar_inline_color":"#ed154b","title_color":"#222222","typography_typography":"custom","typography_font_family":"Merriweather Sans","typography_font_size":{"unit":"px","size":"15"},"typography_font_weight":"600","typography_text_transform":"uppercase","typography_line_height":{"unit":"em","size":"2"},"_background_image":{"url":"","id":""},"_background_image_tablet":{"url":"","id":""},"_background_image_mobile":{"url":"","id":""},"_background_video_fallback":{"url":"","id":""},"_background_slideshow_gallery":[],"_background_hover_image":{"url":"","id":""},"_background_hover_image_tablet":{"url":"","id":""},"_background_hover_image_mobile":{"url":"","id":""},"_background_hover_video_fallback":{"url":"","id":""},"_background_hover_slideshow_gallery":[]},"elements":[],"isInner":false,"widgetType":"progress","elType":"widget"}],"isInner":"","elType":"column"}],"isInner":"","elType":"section"},{"id":"367a2e7b","settings":{"background_background":"classic","background_color":"#ffffff","padding":{"unit":"%","top":"1","right":"0","bottom":"1","left":"0","isLinked":""},"gap":"extended","shape_divider_bottom_color":"#ffffff","shape_divider_bottom_width":{"unit":"%","size":"143"},"shape_divider_bottom_height":{"unit":"px","size":"116"},"shape_divider_bottom_flip":"yes","margin":{"unit":"px","top":"","right":"0","bottom":"","left":"0","isLinked":""},"content_width":{"unit":"px","size":"1440"},"jet_parallax_layout_list":[{"jet_parallax_layout_image":{"url":"","id":""},"jet_parallax_layout_image_tablet":{"url":"","id":""},"jet_parallax_layout_image_mobile":{"url":"","id":""},"jet_parallax_layout_speed":{"unit":"%","size":50,"sizes":[]},"jet_parallax_layout_type":"scroll","jet_parallax_layout_direction":"1","jet_parallax_layout_fx_direction":"fade-in","jet_parallax_layout_z_index":"","jet_parallax_layout_bg_x":50,"jet_parallax_layout_bg_y":50,"jet_parallax_layout_bg_size":"auto","jet_parallax_layout_animation_prop":"transform","jet_parallax_layout_on":["desktop","tablet"]}],"background_image":{"url":"","id":""},"background_image_tablet":{"url":"","id":""},"background_image_mobile":{"url":"","id":""},"background_video_fallback":{"url":"","id":""},"background_slideshow_gallery":[],"background_hover_image":{"url":"","id":""},"background_hover_image_tablet":{"url":"","id":""},"background_hover_image_mobile":{"url":"","id":""},"background_hover_video_fallback":{"url":"","id":""},"background_hover_slideshow_gallery":[],"background_overlay_image":{"url":"","id":""},"background_overlay_image_tablet":{"url":"","id":""},"background_overlay_image_mobile":{"url":"","id":""},"background_overlay_video_fallback":{"url":"","id":""},"background_overlay_slideshow_gallery":[],"background_overlay_hover_image":{"url":"","id":""},"background_overlay_hover_image_tablet":{"url":"","id":""},"background_overlay_hover_image_mobile":{"url":"","id":""},"background_overlay_hover_video_fallback":{"url":"","id":""},"background_overlay_hover_slideshow_gallery":[],"jet_sticky_section_background_image":{"url":"","id":""},"jet_sticky_section_background_image_tablet":{"url":"","id":""},"jet_sticky_section_background_image_mobile":{"url":"","id":""},"jet_sticky_section_background_video_fallback":{"url":"","id":""},"jet_sticky_section_background_slideshow_gallery":[]},"elements":[{"id":"8bc7f0e","settings":{"_column_size":"100","_inline_size":"59.298","_inline_size_tablet":"100","content_position":"bottom","background_image":{"url":"","id":""},"background_image_tablet":{"url":"","id":""},"background_image_mobile":{"url":"","id":""},"background_video_fallback":{"url":"","id":""},"background_slideshow_gallery":[],"background_hover_image":{"url":"","id":""},"background_hover_image_tablet":{"url":"","id":""},"background_hover_image_mobile":{"url":"","id":""},"background_hover_video_fallback":{"url":"","id":""},"background_hover_slideshow_gallery":[],"background_overlay_image":{"url":"","id":""},"background_overlay_image_tablet":{"url":"","id":""},"background_overlay_image_mobile":{"url":"","id":""},"background_overlay_video_fallback":{"url":"","id":""},"background_overlay_slideshow_gallery":[],"background_overlay_hover_image":{"url":"","id":""},"background_overlay_hover_image_tablet":{"url":"","id":""},"background_overlay_hover_image_mobile":{"url":"","id":""},"background_overlay_hover_video_fallback":{"url":"","id":""},"background_overlay_hover_slideshow_gallery":[]},"elements":[{"id":"19c017e4","settings":{"title":"1234 2nd Avenue","title_color":"#162128","typography_typography":"custom","typography_font_family":"Bevan","typography_font_size":{"unit":"rem","size":"3.5"},"typography_font_weight":"400","typography_text_transform":"capitalize","typography_line_height":{"unit":"em","size":"1"},"typography_letter_spacing":{"unit":"px","size":"-3"},"_margin":{"unit":"%","top":"","right":"","bottom":"","left":"","isLinked":""},"align":"right","typography_font_size_mobile":{"unit":"px","size":"45"},"_animation":"fadeInDown","align_mobile":"center","typography_letter_spacing_mobile":{"unit":"px","size":"-0.8"},"align_tablet":"center","_background_image":{"url":"","id":""},"_background_image_tablet":{"url":"","id":""},"_background_image_mobile":{"url":"","id":""},"_background_video_fallback":{"url":"","id":""},"_background_slideshow_gallery":[],"_background_hover_image":{"url":"","id":""},"_background_hover_image_tablet":{"url":"","id":""},"_background_hover_image_mobile":{"url":"","id":""},"_background_hover_video_fallback":{"url":"","id":""},"_background_hover_slideshow_gallery":[]},"elements":[],"isInner":false,"widgetType":"heading","elType":"widget"},{"id":"6c9564a7","settings":{"title":"123 456 7890","title_color":"#162128","typography_typography":"custom","typography_font_family":"Bevan","typography_font_size":{"unit":"rem","size":"2.3"},"typography_font_weight":"400","typography_text_transform":"capitalize","typography_line_height":{"unit":"em","size":"1"},"typography_letter_spacing":{"unit":"px","size":"-2"},"_margin":{"unit":"%","top":"","right":"","bottom":"","left":"","isLinked":""},"typography_font_size_mobile":{"unit":"px","size":"45"},"_animation":"fadeInDown","align_mobile":"center","align":"right","typography_letter_spacing_mobile":{"unit":"px","size":"-0.8"},"align_tablet":"center","_background_image":{"url":"","id":""},"_background_image_tablet":{"url":"","id":""},"_background_image_mobile":{"url":"","id":""},"_background_video_fallback":{"url":"","id":""},"_background_slideshow_gallery":[],"_background_hover_image":{"url":"","id":""},"_background_hover_image_tablet":{"url":"","id":""},"_background_hover_image_mobile":{"url":"","id":""},"_background_hover_video_fallback":{"url":"","id":""},"_background_hover_slideshow_gallery":[]},"elements":[],"isInner":false,"widgetType":"heading","elType":"widget"},{"id":"3459e64f","settings":{"editor":"<p>Stop by today or setup a time for your coat and nails to really shine!<\/p>","text_color":"#000000","typography_typography":"custom","typography_font_family":"Merriweather Sans","typography_font_size":{"unit":"rem","size":"1.1"},"typography_line_height":{"unit":"em","size":"1.6"},"_margin":{"unit":"%","top":"","right":"","bottom":"","left":"","isLinked":""},"typography_font_weight":"400","_animation":"fadeInDown","_animation_delay":"300","align":"right","_padding":{"unit":"%","top":"0","right":"0","bottom":"0","left":"0","isLinked":""},"hide_mobile":"hidden-phone","align_tablet":"center","_background_image":{"url":"","id":""},"_background_image_tablet":{"url":"","id":""},"_background_image_mobile":{"url":"","id":""},"_background_video_fallback":{"url":"","id":""},"_background_slideshow_gallery":[],"_background_hover_image":{"url":"","id":""},"_background_hover_image_tablet":{"url":"","id":""},"_background_hover_image_mobile":{"url":"","id":""},"_background_hover_video_fallback":{"url":"","id":""},"_background_hover_slideshow_gallery":[]},"elements":[],"isInner":false,"widgetType":"text-editor","elType":"widget"}],"isInner":"","elType":"column"},{"id":"34c05fd2","settings":{"_column_size":"100","_inline_size":"48.772","_inline_size_tablet":"100","content_position":"center","padding":{"unit":"em","top":"2","right":"2","bottom":"2","left":"2","isLinked":"1"},"background_image":{"url":"","id":""},"background_image_tablet":{"url":"","id":""},"background_image_mobile":{"url":"","id":""},"background_video_fallback":{"url":"","id":""},"background_slideshow_gallery":[],"background_hover_image":{"url":"","id":""},"background_hover_image_tablet":{"url":"","id":""},"background_hover_image_mobile":{"url":"","id":""},"background_hover_video_fallback":{"url":"","id":""},"background_hover_slideshow_gallery":[],"background_overlay_image":{"url":"","id":""},"background_overlay_image_tablet":{"url":"","id":""},"background_overlay_image_mobile":{"url":"","id":""},"background_overlay_video_fallback":{"url":"","id":""},"background_overlay_slideshow_gallery":[],"background_overlay_hover_image":{"url":"","id":""},"background_overlay_hover_image_tablet":{"url":"","id":""},"background_overlay_hover_image_mobile":{"url":"","id":""},"background_overlay_hover_video_fallback":{"url":"","id":""},"background_overlay_hover_slideshow_gallery":[]},"elements":[{"id":"28282443","settings":{"text":"Set Appointment","size":"md","typography_typography":"custom","typography_font_family":"Merriweather Sans","typography_font_size":{"unit":"px","size":"19"},"typography_font_weight":"normal","button_text_color":"#ffffff","background_color":"#ed154b","hover_animation":"wobble-vertical","border_border":"solid","border_width":{"unit":"px","top":"3","right":"3","bottom":"3","left":"3","isLinked":"1"},"border_color":"#ed154b","border_radius":{"unit":"px","top":"3","right":"3","bottom":"3","left":"3","isLinked":"1"},"text_padding":{"unit":"px","top":"15","right":"40","bottom":"15","left":"40","isLinked":""},"align_mobile":"center","_margin_mobile":{"unit":"px","top":"0","right":"0","bottom":"10","left":"0","isLinked":""},"align":"center","icon":"fa fa-paw","icon_indent":{"unit":"px","size":"21"},"selected_icon":{"value":"","library":""},"_background_image":{"url":"","id":""},"_background_image_tablet":{"url":"","id":""},"_background_image_mobile":{"url":"","id":""},"_background_video_fallback":{"url":"","id":""},"_background_slideshow_gallery":[],"_background_hover_image":{"url":"","id":""},"_background_hover_image_tablet":{"url":"","id":""},"_background_hover_image_mobile":{"url":"","id":""},"_background_hover_video_fallback":{"url":"","id":""},"_background_hover_slideshow_gallery":[]},"elements":[],"isInner":false,"widgetType":"button","elType":"widget"}],"isInner":"","elType":"column"}],"isInner":"","elType":"section"}]}