{"version":"0.4","title":"Beauty > Portfolio","type":"page","content":[{"id":"715bf8ae","settings":{"layout":"full_width","gap":"no","height":"min-height","custom_height":{"unit":"vh","size":"75"},"column_position":"stretch","structure":"20","background_background":"classic","background_color":"#f9f2ed","color_link":"#f28f79","color_link_hover":"#000000","margin_tablet":{"unit":"px","top":"0","right":"0","bottom":"0","left":"0","isLinked":"1"},"padding_tablet":{"unit":"px","top":"0","right":"0","bottom":"0","left":"0","isLinked":"1"}},"elements":[{"id":"ca73408","settings":{"_column_size":"50","_inline_size":"5.046","padding":{"unit":"%","top":"10","right":"10","bottom":"10","left":"10","isLinked":"1"},"background_background":"classic","background_color":"#f9f2ed","_inline_size_tablet":"100","padding_tablet":{"unit":"em","top":"1","right":"1","bottom":"1","left":"1","isLinked":"1"}},"elements":[{"id":"1da5c405","settings":{"space":{"unit":"px","size":"416"},"space_tablet":{"unit":"px","size":"10"}},"elements":[],"isInner":false,"widgetType":"spacer","elType":"widget"},{"id":"7196379e","settings":{"title":"instagram influencer award 2018","typography_typography":"custom","typography_font_size":{"unit":"rem","size":"0.8"},"typography_font_weight":"500","typography_text_transform":"uppercase","typography_letter_spacing":{"unit":"px","size":"1.2"},"_css_classes":"vertical-text-outside-left","typography_font_family":"Montserrat","_margin_tablet":{"unit":"px","top":"0","right":"0","bottom":"0","left":"20","isLinked":""},"_margin_mobile":{"unit":"px","top":"0","right":"0","bottom":"0","left":"0","isLinked":"1"},"_margin":{"unit":"px","top":"0","right":"-300","bottom":"0","left":"34","isLinked":""},"align_mobile":"center","_padding_mobile":{"unit":"px","top":"20","right":"0","bottom":"0","left":"0","isLinked":""},"_z_index":"4","title_color":"#f28f79","_padding":{"unit":"px","top":"0","right":"0","bottom":"0","left":"0","isLinked":""},"header_size":"div","align":"left","align_tablet":"center"},"elements":[],"isInner":false,"widgetType":"heading","elType":"widget"},{"id":"2ab52aa1","settings":{"title":"Kendra Mane Studio","typography_typography":"custom","typography_font_size":{"unit":"rem","size":"1.6"},"typography_font_weight":"500","typography_text_transform":"capitalize","_css_classes":"vertical-text-outside-left","typography_font_family":"Yellowtail","_margin_tablet":{"unit":"px","top":"0","right":"0","bottom":"0","left":"20","isLinked":""},"_margin_mobile":{"unit":"px","top":"0","right":"0","bottom":"0","left":"0","isLinked":"1"},"_margin":{"unit":"px","top":"300","right":"-300","bottom":"0","left":"34","isLinked":""},"align_mobile":"center","_padding_mobile":{"unit":"px","top":"20","right":"0","bottom":"0","left":"0","isLinked":""},"_z_index":"4","title_color":"#000000","_padding":{"unit":"px","top":"0","right":"0","bottom":"0","left":"0","isLinked":""},"header_size":"div","align":"left","align_tablet":"center","typography_font_size_tablet":{"unit":"rem","size":"2.5"}},"elements":[],"isInner":false,"widgetType":"heading","elType":"widget"}],"isInner":"","elType":"column"},{"id":"21b30446","settings":{"_column_size":"50","_inline_size":"94.954","margin":{"unit":"px","top":"0","right":"0","bottom":"0","left":"0","isLinked":"1"},"padding":{"unit":"px","top":"0","right":"0","bottom":"0","left":"0","isLinked":"1"},"_inline_size_tablet":"100"},"elements":[{"id":"2e675452","settings":{"skin":"slideshow","slides":[{"image":{"url":"http:\/\/sitefacilitado.com.br\/membros\/wp-content\/uploads\/2020\/03\/pexels-photo-206512.jpeg","id":"8379"},"_id":"632f398","type":"image","image_link_to_type":"","image_link_to":{"url":"","is_external":"","nofollow":""},"video":{"url":"","is_external":"","nofollow":""}},{"image":{"url":"http:\/\/sitefacilitado.com.br\/membros\/wp-content\/uploads\/2020\/03\/pexels-photo-458766.jpeg","id":"8354"},"_id":"8a86125","type":"image","image_link_to_type":"","image_link_to":{"url":"","is_external":"","nofollow":""},"video":{"url":"","is_external":"","nofollow":""}},{"image":{"url":"http:\/\/sitefacilitado.com.br\/membros\/wp-content\/uploads\/2020\/03\/photo-1503667663817-f57326084f09.jpg","id":"8380"},"_id":"b5ee50b","type":"image","image_link_to_type":"","image_link_to":{"url":"","is_external":"","nofollow":""},"video":{"url":"","is_external":"","nofollow":""}},{"image":{"url":"http:\/\/sitefacilitado.com.br\/membros\/wp-content\/uploads\/2020\/03\/atikh-bana-116533-unsplash.jpg","id":"8353"},"_id":"4f3dbae","type":"image","image_link_to_type":"","image_link_to":{"url":"","is_external":"","nofollow":""},"video":{"url":"","is_external":"","nofollow":""}},{"image":{"url":"http:\/\/sitefacilitado.com.br\/membros\/wp-content\/uploads\/2020\/03\/pexels-photo-301961.jpeg","id":"8351"},"_id":"805080f","type":"image","image_link_to_type":"","image_link_to":{"url":"","is_external":"","nofollow":""},"video":{"url":"","is_external":"","nofollow":""}}],"effect":"fade","slideshow_height":{"unit":"px","size":"788"},"slideshow_slides_per_view":"6","thumbs_ratio":"11","centered_slides":"yes","show_arrows":"","slide_border_radius":{"unit":"px","size":"6"},"slide_padding":{"unit":"px","top":"0","right":"0","bottom":"0","left":"0","isLinked":""},"arrows_size":{"unit":"px","size":""},"arrows_color":"#f28f79","_margin":{"unit":"px","top":"0","right":"0","bottom":"0","left":"0","isLinked":"1"},"_padding":{"unit":"em","top":"4","right":"4","bottom":"0","left":"0","isLinked":""},"_z_index":"11","_border_radius":{"unit":"px","top":"6","right":"6","bottom":"6","left":"6","isLinked":"1"},"slideshow_height_tablet":{"unit":"px","size":"582"},"slideshow_slides_per_view_tablet":"3","_margin_tablet":{"unit":"px","top":"0","right":"0","bottom":"0","left":"0","isLinked":"1"},"_padding_tablet":{"unit":"px","top":"0","right":"0","bottom":"0","left":"0","isLinked":"1"}},"elements":[],"isInner":false,"widgetType":"media-carousel","elType":"widget"}],"isInner":"","elType":"column"}],"isInner":"","elType":"section"},{"id":"13b5cc14","settings":{"stretch_section":"section-stretched","content_width":{"unit":"px","size":"1200"},"background_background":"classic","background_color":"#ffffff","padding":{"unit":"%","top":"8","right":"0","bottom":"8","left":"0","isLinked":""},"reverse_order_tablet":"reverse-tablet","margin":{"unit":"%","top":"-5","right":"0","bottom":"0","left":"0","isLinked":""}},"elements":[{"id":"16a03b4","settings":{"_column_size":"100","_inline_size":"","_inline_size_tablet":"100","content_position":"center","padding":{"unit":"em","top":"1","right":"1","bottom":"0","left":"1","isLinked":""},"padding_tablet":{"unit":"em","top":"2","right":"2","bottom":"2","left":"2","isLinked":"1"},"padding_mobile":{"unit":"em","top":"1","right":"1","bottom":"1","left":"1","isLinked":"1"}},"elements":[{"id":"1515a41c","settings":{"weight":{"unit":"px","size":"3"},"color":"#f28f79","width":{"unit":"%","size":"10"},"align":"left","_animation":"fadeInUp","width_mobile":{"unit":"%","size":"29"},"align_mobile":"center"},"elements":[],"isInner":false,"widgetType":"divider","elType":"widget"},{"id":"2ddcb6fa","settings":{"title":"Portfolio","title_color":"#000000","typography_typography":"custom","typography_font_family":"Zilla Slab","typography_font_size":{"unit":"rem","size":"4.5"},"typography_font_size_mobile":{"unit":"rem","size":"3"},"typography_font_weight":"100","typography_text_transform":"capitalize","typography_line_height":{"unit":"em","size":"0.8"},"_animation":"fadeIn","align_mobile":"center","_margin_mobile":{"unit":"px","top":"8","right":"0","bottom":"0","left":"0","isLinked":""},"align":"left"},"elements":[],"isInner":false,"widgetType":"heading","elType":"widget"},{"id":"23e794bf","settings":{"layout":"full_width","gap":"no","structure":"20"},"elements":[{"id":"5fcd9387","settings":{"_column_size":"50","_inline_size":""},"elements":[{"id":"2bea591d","settings":{"editor":"<p>Lorem ipsum dolor sit amet, consectetur adipiscing elit. Ut elit tellus, luctus nec ullamcorper mattis.<\/p>","align_mobile":"center","text_color":"#000000","typography_typography":"custom","typography_font_family":"Zilla Slab","typography_font_size":{"unit":"rem","size":"1.2"},"typography_line_height":{"unit":"em","size":"1.6"},"_animation":"fadeIn"},"elements":[],"isInner":false,"widgetType":"text-editor","elType":"widget"}],"isInner":"1","elType":"column"},{"id":"2c65d4a3","settings":{"_column_size":"50","_inline_size":""},"elements":[],"isInner":"1","elType":"column"}],"isInner":"1","elType":"section"},{"id":"b880bba","settings":{"structure":"20","margin":{"unit":"px","top":"-73","right":"0","bottom":"0","left":"0","isLinked":""},"padding":{"unit":"%","top":"0","right":"0","bottom":"0","left":"0","isLinked":""},"margin_mobile":{"unit":"px","top":"0","right":"0","bottom":"0","left":"0","isLinked":"1"},"padding_mobile":{"unit":"px","top":"0","right":"0","bottom":"0","left":"0","isLinked":"1"}},"elements":[{"id":"a45f28c","settings":{"_column_size":"50","_inline_size":"95.614","content_position":"center","margin":{"unit":"px","top":"0","right":"0","bottom":"0","left":"0","isLinked":"1"},"padding":{"unit":"px","top":"0","right":"0","bottom":"0","left":"0","isLinked":"1"}},"elements":[{"id":"2e7c57e1","settings":{"text":"Set Appointment","align_mobile":"center","size":"md","icon":"fa fa-long-arrow-right","typography_typography":"custom","typography_font_family":"Montserrat","typography_font_size":{"unit":"rem","size":"0.9"},"typography_text_transform":"uppercase","typography_letter_spacing":{"unit":"px","size":"0.5"},"button_text_color":"#000000","background_color":"rgba(242,143,121,0)","border_radius":{"unit":"px","top":"60","right":"60","bottom":"60","left":"60","isLinked":"1"},"_animation":"fadeInUp","text_padding":{"unit":"em","top":"0","right":"0","bottom":"0","left":"0","isLinked":""},"hover_color":"#000000","align":"right","icon_align":"right","_margin":{"unit":"px","top":"0","right":"-28","bottom":"0","left":"0","isLinked":""},"_z_index":"11","typography_line_height":{"unit":"em","size":"1.7"},"_padding":{"unit":"px","top":"0","right":"0","bottom":"0","left":"0","isLinked":"1"},"selected_icon":{"value":"fas fa-long-arrow-alt-right","library":"fa-solid"}},"elements":[],"isInner":false,"widgetType":"button","elType":"widget"}],"isInner":"1","elType":"column"},{"id":"6ba8d450","settings":{"_column_size":"50","_inline_size":"4.386","content_position":"top","margin":{"unit":"px","top":"-51","right":"0","bottom":"0","left":"0","isLinked":""}},"elements":[{"id":"44feb3ba","settings":{"icon":"fa fa-circle","align":"left","primary_color":"#f28f79","size":{"unit":"px","size":"99"},"_margin":{"unit":"px","top":"0","right":"0","bottom":"-40","left":"-39","isLinked":""},"_z_index":"1","_animation":"bounceIn","align_mobile":"right","_margin_mobile":{"unit":"px","top":"-20","right":"0","bottom":"0","left":"0","isLinked":""}},"elements":[],"isInner":false,"widgetType":"icon","elType":"widget"}],"isInner":"1","elType":"column"}],"isInner":"1","elType":"section"},{"id":"1f2cd31f","settings":{"tabs":[{"tab_title":"Hair","tab_content":"<p>Click edit button to change this text. Lorem ipsum dolor sit amet, consectetur adipiscing elit. Ut elit tellus, luctus nec ullamcorper mattis, pulvinar dapib<span style=\"font-size: 1.2rem;\">us leo.<\/span><\/p>\n<p>[gallery link=\"file\" size=\"large\" ids=\"2904,1967,3206,3207,3208,3211\"]<\/p>","_id":"6d73d35"},{"tab_title":"Makeup","tab_content":"<p style=\"text-align: left;\">Click edit button to change this text. Lorem ipsum dolor sit amet, consectetur adipiscing elit. Ut elit tellus, luctus nec ullamcorper mattis, pulvinar dapibus leo.<\/p><p>[gallery size=\"large\" ids=\"2898,2903,1852,2900,1764,2905\"]<\/p>","_id":"52e28b3"},{"tab_title":"Bridal","tab_content":"<p style=\"text-align: left;\">Click edit button to change this text. Lorem ipsum dolor sit amet, consectetur adipiscing elit. Ut elit tellus, luctus nec ullamcorper mattis, pulvinar dapibus leo.<\/p><p>[gallery size=\"large\" ids=\"3212,3209,2907,2899,1897,1779\"]<\/p>","_id":"92458b5"}],"border_width":{"unit":"px","size":"0"},"tab_color":"#0c0c0c","tab_active_color":"#f28f79","tab_typography_typography":"custom","tab_typography_font_family":"Zilla Slab","tab_typography_font_size":{"unit":"rem","size":"1.5"},"tab_typography_font_weight":"500","content_color":"#000000","content_typography_typography":"custom","content_typography_font_family":"Zilla Slab","content_typography_font_size":{"unit":"rem","size":"1.2"},"content_typography_line_height":{"unit":"em","size":"1.6"},"_margin":{"unit":"px","top":"35","right":"0","bottom":"0","left":"-16","isLinked":""},"_padding":{"unit":"%","top":"0","right":"0","bottom":"0","left":"0","isLinked":"1"},"_css_classes":"envato-kit-31-gallery","_border_radius":{"unit":"px","top":"6","right":"6","bottom":"6","left":"6","isLinked":"1"},"tab_typography_font_size_mobile":{"unit":"px","size":"25"}},"elements":[],"isInner":false,"widgetType":"tabs","elType":"widget"}],"isInner":"","elType":"column"}],"isInner":"","elType":"section"},{"id":"428ccff9","settings":{"background_background":"classic","background_color":"#f9f2ed","stretch_section":"section-stretched","content_width":{"unit":"px","size":"1200"},"padding":{"unit":"%","top":"2","right":"0","bottom":"0","left":"0","isLinked":""}},"elements":[{"id":"34697d3","settings":{"_column_size":"100"},"elements":[{"id":"396f05a2","settings":{"structure":"30","margin":{"unit":"%","top":"4","right":"0","bottom":"-8","left":"0","isLinked":""},"padding":{"unit":"px","top":"0","right":"0","bottom":"0","left":"0","isLinked":""},"padding_tablet":{"unit":"em","top":"0","right":"0","bottom":"0","left":"0","isLinked":"1"},"animation_duration":"slow","gap":"wide","layout":"full_width","background_background":"classic","background_color":"#ffffff","border_width":{"unit":"px","top":"3","right":"0","bottom":"0","left":"0","isLinked":""},"border_color":"#e96245","border_radius":{"unit":"px","top":"6","right":"6","bottom":"6","left":"6","isLinked":"1"},"z_index":"9","margin_tablet":{"unit":"px","top":"0","right":"0","bottom":"0","left":"0","isLinked":"1"}},"elements":[{"id":"7c3dab4a","settings":{"_column_size":"33","_inline_size":"","padding":{"unit":"em","top":"3","right":"3","bottom":"3","left":"3","isLinked":"1"},"border_border":"solid","border_width":{"unit":"px","top":"0","right":"1","bottom":"0","left":"0","isLinked":""},"border_color":"#d6d6d6","margin":{"unit":"px","top":"0","right":"0","bottom":"0","left":"0","isLinked":""},"padding_tablet":{"unit":"em","top":"1","right":"1","bottom":"1","left":"1","isLinked":"1"}},"elements":[{"id":"1ca3c057","settings":{"image":{"url":"http:\/\/sitefacilitado.com.br\/membros\/wp-content\/uploads\/2020\/03\/photo-1515688594390-b649af70d282.jpg","id":"8407"},"link_to":"file","open_lightbox":"yes","_border_width":{"unit":"px","top":"3","right":"3","bottom":"3","left":"3","isLinked":"1"},"_border_color":"#ffbfb2","_box_shadow_box_shadow":{"horizontal":"0","vertical":"0","blur":"0","spread":"0","color":"rgba(0,0,0,0)"},"_box_shadow_hover_box_shadow":{"horizontal":"0","vertical":"0","blur":"40","spread":"0","color":"rgba(0,0,0,0.2)"},"hover_animation":"grow","image_border_width":{"unit":"px","top":"3","right":"3","bottom":"3","left":"3","isLinked":"1"},"image_border_color":"#f28f79","_background_background":"classic","_background_hover_background":"classic","image_size":"custom","image_custom_dimension":{"width":"600","height":"600"},"css_filters_saturate":{"unit":"px","size":"84"},"css_filters_hue":{"unit":"px","size":"345"},"image_border_radius":{"unit":"px","top":"6","right":"6","bottom":"6","left":"6","isLinked":"1"}},"elements":[],"isInner":false,"widgetType":"image","elType":"widget"},{"id":"1a21d647","settings":{"title":"Vegan Friendly","header_size":"h3","title_color":"#000000","typography_typography":"custom","_z_index":"1","typography_font_family":"Zilla Slab","typography_font_size":{"unit":"rem","size":"2"},"typography_font_weight":"400","align_mobile":"center","typography_font_size_tablet":{"unit":"rem","size":"1.3"}},"elements":[],"isInner":false,"widgetType":"heading","elType":"widget"},{"id":"3f706aa9","settings":{"editor":"<p>Donec quis pharetra ante. In sit amet tincidunt orci, et feugiat est. Donec libero nisi, semper.<\/p>","typography_typography":"custom","typography_font_family":"Zilla Slab","typography_font_size":{"unit":"rem","size":"1.1"},"typography_line_height":{"unit":"em","size":"1.6"},"_margin":{"unit":"px","top":"0","right":"0","bottom":"0","left":"0","isLinked":""},"align_mobile":"center","_animation":"fadeIn","_background_background":"classic"},"elements":[],"isInner":false,"widgetType":"text-editor","elType":"widget"},{"id":"47452a06","settings":{"text":"View Detail","align_mobile":"center","size":"md","icon":"fa fa-angle-right","typography_typography":"custom","typography_font_family":"Montserrat","typography_font_size":{"unit":"rem","size":"0.9"},"typography_text_transform":"uppercase","typography_letter_spacing":{"unit":"px","size":"0.5"},"button_text_color":"#f28f79","background_color":"rgba(242,143,121,0)","border_radius":{"unit":"px","top":"60","right":"60","bottom":"60","left":"60","isLinked":"1"},"_animation":"fadeInUp","text_padding":{"unit":"em","top":"0","right":"0","bottom":"0","left":"0","isLinked":""},"align":"left","hover_color":"#000000","selected_icon":{"value":"fas fa-angle-right","library":"fa-solid"}},"elements":[],"isInner":false,"widgetType":"button","elType":"widget"}],"isInner":"1","elType":"column"},{"id":"25c080b0","settings":{"_column_size":"33","_inline_size":"","padding":{"unit":"em","top":"3","right":"3","bottom":"3","left":"3","isLinked":"1"},"border_border":"solid","border_width":{"unit":"px","top":"0","right":"1","bottom":"0","left":"0","isLinked":""},"border_color":"#d6d6d6","margin":{"unit":"px","top":"0","right":"0","bottom":"0","left":"0","isLinked":""},"padding_tablet":{"unit":"em","top":"1","right":"1","bottom":"1","left":"1","isLinked":"1"}},"elements":[{"id":"73a21a0b","settings":{"title":"Kendra Mane","title_color":"#000000","typography_typography":"custom","typography_font_family":"Yellowtail","typography_font_size":{"unit":"rem","size":"1.3"},"typography_font_weight":"400","align":"left","_z_index":"1","align_mobile":"center"},"elements":[],"isInner":false,"widgetType":"heading","elType":"widget"},{"id":"46df9ce1","settings":{"title":"Hair Care","header_size":"h3","title_color":"#000000","typography_typography":"custom","_z_index":"1","typography_font_family":"Zilla Slab","typography_font_size":{"unit":"rem","size":"2"},"typography_font_weight":"400","align_mobile":"center","typography_font_size_tablet":{"unit":"rem","size":"1.3"}},"elements":[],"isInner":false,"widgetType":"heading","elType":"widget"},{"id":"5563117e","settings":{"editor":"<p>Donec quis pharetra ante. In sit amet tincidunt orci, et feugiat est. Donec libero nisi.<\/p>","typography_typography":"custom","typography_font_family":"Zilla Slab","typography_font_size":{"unit":"rem","size":"1.1"},"typography_line_height":{"unit":"em","size":"1.6"},"_margin":{"unit":"px","top":"0","right":"0","bottom":"0","left":"0","isLinked":""},"align_mobile":"center","_animation":"fadeIn","_background_background":"classic","align":"left"},"elements":[],"isInner":false,"widgetType":"text-editor","elType":"widget"},{"id":"42ff7abe","settings":{"text":"View Detail","align_mobile":"center","size":"md","icon":"fa fa-angle-right","typography_typography":"custom","typography_font_family":"Montserrat","typography_font_size":{"unit":"rem","size":"0.9"},"typography_text_transform":"uppercase","typography_letter_spacing":{"unit":"px","size":"0.5"},"button_text_color":"#f28f79","background_color":"rgba(242,143,121,0)","border_radius":{"unit":"px","top":"60","right":"60","bottom":"60","left":"60","isLinked":"1"},"_animation":"fadeInUp","text_padding":{"unit":"em","top":"0","right":"0","bottom":"0","left":"0","isLinked":""},"align":"left","hover_color":"#000000","selected_icon":{"value":"fas fa-angle-right","library":"fa-solid"}},"elements":[],"isInner":false,"widgetType":"button","elType":"widget"},{"id":"797d28fb","settings":{"image":{"url":"http:\/\/sitefacilitado.com.br\/membros\/wp-content\/uploads\/2020\/03\/photo-1512437136892-3d200c4645b9.jpg","id":"8366"},"link_to":"file","open_lightbox":"yes","_border_width":{"unit":"px","top":"3","right":"3","bottom":"3","left":"3","isLinked":"1"},"_border_color":"#ffbfb2","_box_shadow_box_shadow":{"horizontal":"0","vertical":"0","blur":"0","spread":"0","color":"rgba(0,0,0,0)"},"_box_shadow_hover_box_shadow":{"horizontal":"0","vertical":"0","blur":"40","spread":"0","color":"rgba(0,0,0,0.2)"},"hover_animation":"grow","image_border_width":{"unit":"px","top":"3","right":"3","bottom":"3","left":"3","isLinked":"1"},"image_border_color":"#f28f79","_background_background":"classic","_background_hover_background":"classic","image_size":"custom","image_custom_dimension":{"width":"600","height":"600"},"css_filters_saturate":{"unit":"px","size":"84"},"css_filters_hue":{"unit":"px","size":"345"},"image_border_radius":{"unit":"px","top":"6","right":"6","bottom":"6","left":"6","isLinked":"1"}},"elements":[],"isInner":false,"widgetType":"image","elType":"widget"}],"isInner":"1","elType":"column"},{"id":"28d51aa8","settings":{"_column_size":"33","_inline_size":"","padding":{"unit":"em","top":"3","right":"3","bottom":"3","left":"3","isLinked":"1"},"border_width":{"unit":"px","top":"0","right":"1","bottom":"0","left":"0","isLinked":""},"border_color":"#d6d6d6","margin":{"unit":"px","top":"0","right":"0","bottom":"0","left":"0","isLinked":""},"border_border":"solid","padding_tablet":{"unit":"em","top":"1","right":"1","bottom":"1","left":"1","isLinked":"1"}},"elements":[{"id":"2b0f017b","settings":{"image":{"url":"http:\/\/sitefacilitado.com.br\/membros\/wp-content\/uploads\/2020\/03\/fashion-girl-makeup-paint.jpg","id":"8420"},"link_to":"file","open_lightbox":"yes","_border_width":{"unit":"px","top":"3","right":"3","bottom":"3","left":"3","isLinked":"1"},"_border_color":"#ffbfb2","_box_shadow_box_shadow":{"horizontal":"0","vertical":"0","blur":"0","spread":"0","color":"rgba(0,0,0,0)"},"_box_shadow_hover_box_shadow":{"horizontal":"0","vertical":"0","blur":"40","spread":"0","color":"rgba(0,0,0,0.2)"},"hover_animation":"grow","image_border_width":{"unit":"px","top":"3","right":"3","bottom":"3","left":"3","isLinked":"1"},"image_border_color":"#f28f79","_background_background":"classic","_background_hover_background":"classic","image_size":"custom","image_custom_dimension":{"width":"600","height":"600"},"css_filters_css_filter":"custom","css_filters_saturate":{"unit":"px","size":"84"},"css_filters_hue":{"unit":"px","size":"345"},"image_border_radius":{"unit":"px","top":"6","right":"6","bottom":"6","left":"6","isLinked":"1"}},"elements":[],"isInner":false,"widgetType":"image","elType":"widget"},{"id":"33a9ab0e","settings":{"title":"Accessories","header_size":"h3","title_color":"#000000","typography_typography":"custom","_z_index":"1","typography_font_family":"Zilla Slab","typography_font_size":{"unit":"rem","size":"2"},"typography_font_weight":"400","align_mobile":"center","typography_font_size_tablet":{"unit":"rem","size":"1.3"}},"elements":[],"isInner":false,"widgetType":"heading","elType":"widget"},{"id":"455d6c5e","settings":{"editor":"<p>Donec quis pharetra ante. In sit amet tincidunt orci, et feugiat est. Donec libero nisi.<\/p>","typography_typography":"custom","typography_font_family":"Zilla Slab","typography_font_size":{"unit":"rem","size":"1.1"},"typography_line_height":{"unit":"em","size":"1.6"},"_margin":{"unit":"px","top":"0","right":"0","bottom":"0","left":"0","isLinked":""},"align_mobile":"center","_animation":"fadeIn","_background_background":"classic"},"elements":[],"isInner":false,"widgetType":"text-editor","elType":"widget"},{"id":"7e220e6a","settings":{"text":"View Detail","align_mobile":"center","size":"md","icon":"fa fa-angle-right","typography_typography":"custom","typography_font_family":"Montserrat","typography_font_size":{"unit":"rem","size":"0.9"},"typography_text_transform":"uppercase","typography_letter_spacing":{"unit":"px","size":"0.5"},"button_text_color":"#f28f79","background_color":"rgba(242,143,121,0)","border_radius":{"unit":"px","top":"60","right":"60","bottom":"60","left":"60","isLinked":"1"},"_animation":"fadeInUp","text_padding":{"unit":"em","top":"0","right":"0","bottom":"0","left":"0","isLinked":""},"align":"left","hover_color":"#000000","selected_icon":{"value":"fas fa-angle-right","library":"fa-solid"}},"elements":[],"isInner":false,"widgetType":"button","elType":"widget"}],"isInner":"1","elType":"column"}],"isInner":"1","elType":"section"}],"isInner":"","elType":"column"}],"isInner":"","elType":"section"},{"id":"195e770a","settings":{"content_width":{"unit":"px","size":"700"},"background_background":"classic","background_image":{"url":"http:\/\/sitefacilitado.com.br\/membros\/wp-content\/uploads\/2020\/03\/annie-spratt-466750-unsplash.jpg","id":"8371"},"background_position":"bottom left","background_size":"cover","background_overlay_background":"classic","background_overlay_color":"#fadfc4","padding":{"unit":"%","top":"8","right":"0","bottom":"4","left":"0","isLinked":""},"background_attachment":"fixed","padding_mobile":{"unit":"em","top":"2","right":"2","bottom":"2","left":"2","isLinked":"1"}},"elements":[{"id":"7ca3b7c0","settings":{"_column_size":"100"},"elements":[{"id":"62f5240c","settings":{"content_width":{"unit":"px","size":"500"},"gap":"no","structure":"20","padding":{"unit":"px","top":"0","right":"0","bottom":"0","left":"0","isLinked":""}},"elements":[{"id":"5a8b68a7","settings":{"_column_size":"50","_inline_size":"36.6","content_position":"center","animation":"fadeInLeft"},"elements":[{"id":"45a7d7","settings":{"weight":{"unit":"px","size":"3"},"color":"#f28f79","align":"right","_animation":"fadeInLeft","width":{"unit":"%","size":"35"},"align_mobile":"center"},"elements":[],"isInner":false,"widgetType":"divider","elType":"widget"}],"isInner":"1","elType":"column"},{"id":"2c2cdfbf","settings":{"_column_size":"50","_inline_size":"63.4","padding":{"unit":"px","top":"0","right":"0","bottom":"0","left":"10","isLinked":""}},"elements":[{"id":"2af14ef3","settings":{"title":"All New!","header_size":"h3","title_color":"#000000","typography_typography":"custom","typography_font_family":"Yellowtail","typography_font_size":{"unit":"rem","size":"2"},"typography_font_weight":"100","typography_text_transform":"capitalize","_animation":"fadeInUp","animation_duration":"fast","align_mobile":"center"},"elements":[],"isInner":false,"widgetType":"heading","elType":"widget"}],"isInner":"1","elType":"column"}],"isInner":"1","elType":"section"},{"id":"b342214","settings":{"title":"Kendra Mane Products","align":"center","title_color":"#000000","typography_typography":"custom","typography_font_family":"Zilla Slab","typography_font_size":{"unit":"rem","size":"4.5"},"typography_font_size_mobile":{"unit":"rem","size":"2.6"},"typography_font_weight":"100","typography_text_transform":"capitalize","typography_line_height":{"unit":"em","size":"0.9"},"_animation":"fadeIn","typography_font_size_tablet":{"unit":"rem","size":"4"},"_margin":{"unit":"px","top":"0","right":"0","bottom":"0","left":"0","isLinked":""},"_box_shadow_box_shadow":{"horizontal":"0","vertical":"0","blur":"10","spread":"0","inset":"","color":"rgba(0,0,0,0.5)"}},"elements":[],"isInner":false,"widgetType":"heading","elType":"widget"},{"id":"4219e7a9","settings":{"text":"Shop Now","align":"center","align_mobile":"center","size":"md","icon":"fa fa-bolt","typography_typography":"custom","typography_font_family":"Montserrat","typography_font_size":{"unit":"rem","size":"0.9"},"typography_text_transform":"uppercase","typography_letter_spacing":{"unit":"px","size":"0.5"},"background_color":"#f28f79","hover_animation":"hang","border_radius":{"unit":"px","top":"60","right":"60","bottom":"60","left":"60","isLinked":"1"},"_animation":"fadeInUp","selected_icon":{"value":"fas fa-bolt","library":"fa-solid"}},"elements":[],"isInner":false,"widgetType":"button","elType":"widget"}],"isInner":"","elType":"column"}],"isInner":"","elType":"section"}]}