{"content":[{"id":"6aa631fc","settings":{"height":"min-height","custom_height":{"unit":"vh","size":100},"background_background":"classic","background_image":{"id":"3253","url":"https:\/\/cliente.shazamlnv.com\/setasolar\/wp-content\/uploads\/2022\/04\/pexels-photo-396303.jpeg"},"background_position":"top center","background_repeat":"no-repeat","background_size":"cover","background_overlay_background":"classic","css_filters_css_filter":"custom","custom_height_mobile":{"unit":"vh","size":100},"margin_mobile":{"unit":"px","top":"0","right":0,"bottom":"0","left":0,"isLinked":true},"padding_mobile":{"unit":"px","top":"20","right":"20","bottom":"20","left":"20","isLinked":true},"background_overlay_opacity":{"unit":"px","size":0.200000000000000011102230246251565404236316680908203125},"padding":{"unit":"px","top":"0","right":"0","bottom":"0","left":"0","isLinked":false},"background_overlay_color":"#000000","content_width":{"unit":"px","size":1350},"content_position":"bottom","structure":"20","padding_tablet":{"unit":"px","top":"20","right":"20","bottom":"20","left":"20","isLinked":true},"background_attachment":"fixed"},"elements":[{"id":"77665256","settings":{"_column_size":50,"_inline_size":61.356999999999999317878973670303821563720703125,"padding":{"unit":"%","top":"5","right":"5","bottom":"5","left":"5","isLinked":true}},"elements":[{"id":"78f1ed28","settings":{"gap":"no","content_position":"middle","structure":"20"},"elements":[{"id":"458cf20f","settings":{"_column_size":50,"_inline_size":36.326999999999998181010596454143524169921875,"_inline_size_mobile":87},"elements":[{"id":"76f33bb6","settings":{"title":"Projects By 131 Arch","header_size":"h4","title_color":"#ffffff","typography_typography":"custom","typography_font_family":"Montserrat","typography_font_size":{"unit":"em","size":1.100000000000000088817841970012523233890533447265625},"typography_font_weight":"400","typography_text_transform":"uppercase","typography_letter_spacing":{"unit":"px","size":3},"typography_font_size_tablet":{"unit":"em","size":1}},"elements":[],"isInner":false,"widgetType":"heading","elType":"widget"}],"isInner":true,"elType":"column"},{"id":"7e5af15","settings":{"_column_size":50,"_inline_size":63.6689999999999969304553815163671970367431640625,"_inline_size_mobile":12},"elements":[{"id":"11b1e4e6","settings":{"color":"#ffffff","text":"Divis\u00f3ria"},"elements":[],"isInner":false,"widgetType":"divider","elType":"widget"}],"isInner":true,"elType":"column"}],"isInner":true,"elType":"section"},{"id":"241bf83d","settings":{"space":{"unit":"px","size":6}},"elements":[],"isInner":false,"widgetType":"spacer","elType":"widget"},{"id":"575ee05a","settings":{"title":"Modern Living<br \/>Refined","header_size":"h1","align":"left","title_color":"#ffffff","typography_typography":"custom","typography_font_family":"Montserrat","typography_font_size":{"unit":"em","size":5},"typography_font_weight":"700","typography_text_transform":"uppercase","typography_letter_spacing":{"unit":"px","size":10},"_z_index":12,"typography_font_size_tablet":{"unit":"em","size":4},"typography_font_size_mobile":{"unit":"em","size":2}},"elements":[],"isInner":false,"widgetType":"heading","elType":"widget"},{"id":"48239f00","settings":{"text":"Learn More","size":"md","typography_typography":"custom","typography_font_family":"Montserrat","typography_font_size":{"unit":"em","size":1},"typography_font_weight":"500","typography_text_transform":"uppercase","typography_letter_spacing":{"unit":"px","size":3},"button_text_color":"#54595f","background_color":"#ffffff","hover_color":"#ffffff","button_background_hover_color":"rgba(255,255,255,0)","border_border":"solid","border_width":{"unit":"px","top":"2","right":"2","bottom":"2","left":"2","isLinked":true},"border_color":"#ffffff","border_radius":{"unit":"px","top":"30","right":"30","bottom":"30","left":"30","isLinked":true},"align_mobile":"center"},"elements":[],"isInner":false,"widgetType":"button","elType":"widget"}],"isInner":false,"elType":"column"},{"id":"e4a26d4","settings":{"_column_size":50,"_inline_size":38.643000000000000682121026329696178436279296875},"elements":[{"id":"5bf9c72b","settings":{"gap":"no","structure":"20"},"elements":[{"id":"760fc933","settings":{"_column_size":50,"_inline_size":null,"_inline_size_mobile":50},"elements":[{"id":"4acb125a","settings":{"graphic_element":"none","title_text_a":"Sustainable","description_text_a":"","background_a_background":"classic","background_a_color":"rgba(0,0,0,0)","title_text_b":"Sustainable","description_text_b":"Lorem ipsum dolor sit amet consectetur adipiscing elit dolor","button_text":"","link":{"url":"#","is_external":"","nofollow":""},"background_b_background":"classic","background_b_color":"#ffffff","flip_direction":"right","padding_a":{"unit":"px","top":"20","right":"20","bottom":"20","left":"20","isLinked":true},"alignment_a":"left","vertical_position_a":"bottom","border_a_border":"solid","border_a_width":{"unit":"px","top":"3","right":"3","bottom":"3","left":"3","isLinked":true},"border_a_color":"#ffffff","title_typography_a_typography":"custom","title_typography_a_font_family":"Open Sans","alignment_b":"left","vertical_position_b":"bottom","title_color_b":"#5d5455","title_typography_b_typography":"custom","description_color_b":"#5d5455","button_typography_typography":"custom","button_typography_font_family":"Montserrat","button_typography_font_size":{"unit":"em","size":0.54000000000000003552713678800500929355621337890625},"button_typography_text_transform":"uppercase","button_typography_letter_spacing":{"unit":"px","size":3},"button_text_color":"#5d5455","button_border_color":"#5d5455","button_hover_text_color":"#ffffff","button_hover_background_color":"#5d5455","button_border_width":{"unit":"px","size":2},"button_border_radius":{"unit":"px","size":25},"height_tablet":{"unit":"px","size":168},"title_typography_a_font_size_tablet":{"unit":"em","size":0.810000000000000053290705182007513940334320068359375},"padding_b_tablet":{"unit":"px","top":"20","right":"20","bottom":"20","left":"20","isLinked":true},"title_typography_b_font_family":"Open Sans","title_typography_b_font_size_tablet":{"unit":"em","size":0.810000000000000053290705182007513940334320068359375},"description_typography_b_typography":"custom","description_typography_b_font_size_tablet":{"unit":"em","size":0.810000000000000053290705182007513940334320068359375},"title_typography_a_letter_spacing":{"unit":"px","size":1},"image":{"id":3300,"url":"https:\/\/cliente.shazamlnv.com\/setasolar\/wp-content\/uploads\/2022\/04\/placeholder.png"}},"elements":[],"isInner":false,"widgetType":"flip-box","elType":"widget"}],"isInner":true,"elType":"column"},{"id":"39b6085d","settings":{"_column_size":50,"_inline_size":null,"_inline_size_mobile":50},"elements":[],"isInner":true,"elType":"column"}],"isInner":true,"elType":"section"},{"id":"54670432","settings":{"gap":"no","structure":"20","margin":{"unit":"px","top":"","right":0,"bottom":"","left":0,"isLinked":true}},"elements":[{"id":"5de78ae","settings":{"_column_size":50,"_inline_size":null,"_inline_size_mobile":50},"elements":[],"isInner":true,"elType":"column"},{"id":"2b55808","settings":{"_column_size":50,"_inline_size":null,"_inline_size_mobile":50},"elements":[{"id":"5608414f","settings":{"graphic_element":"none","title_text_a":"Comfort","description_text_a":"","background_a_background":"classic","background_a_color":"rgba(0,0,0,0)","title_text_b":"Comfort","description_text_b":"Lorem ipsum dolor sit amet consectetur adipiscing elit dolor","button_text":"","link":{"url":"#","is_external":"","nofollow":""},"background_b_background":"classic","background_b_color":"#ffffff","flip_direction":"left","padding_a":{"unit":"px","top":"20","right":"20","bottom":"20","left":"20","isLinked":true},"alignment_a":"left","vertical_position_a":"bottom","border_a_border":"solid","border_a_width":{"unit":"px","top":"3","right":"3","bottom":"3","left":"3","isLinked":true},"border_a_color":"#ffffff","title_typography_a_typography":"custom","title_typography_a_font_family":"Open Sans","alignment_b":"left","vertical_position_b":"bottom","title_color_b":"#5d5455","description_color_b":"#5d5455","button_typography_typography":"custom","button_typography_font_family":"Montserrat","button_typography_font_size":{"unit":"em","size":0.54000000000000003552713678800500929355621337890625},"button_typography_text_transform":"uppercase","button_typography_letter_spacing":{"unit":"px","size":3},"button_text_color":"#5d5455","button_border_color":"#5d5455","button_hover_text_color":"#ffffff","button_hover_background_color":"#5d5455","button_border_width":{"unit":"px","size":2},"button_border_radius":{"unit":"px","size":25},"_margin":{"unit":"px","top":"-5","right":"0","bottom":"0","left":"-5","isLinked":false},"height_tablet":{"unit":"px","size":168},"title_typography_a_font_size_tablet":{"unit":"em","size":0.810000000000000053290705182007513940334320068359375},"padding_b_tablet":{"unit":"px","top":"20","right":"20","bottom":"20","left":"20","isLinked":true},"title_typography_b_typography":"custom","title_typography_b_font_family":"Open Sans","title_typography_b_font_size_tablet":{"unit":"em","size":0.810000000000000053290705182007513940334320068359375},"description_typography_b_typography":"custom","description_typography_b_font_family":"Open Sans","description_typography_b_font_size_tablet":{"unit":"em","size":0.810000000000000053290705182007513940334320068359375},"title_typography_a_letter_spacing":{"unit":"px","size":1},"image":{"id":3301,"url":"https:\/\/cliente.shazamlnv.com\/setasolar\/wp-content\/uploads\/2022\/04\/placeholder-1.png"}},"elements":[],"isInner":false,"widgetType":"flip-box","elType":"widget"}],"isInner":true,"elType":"column"}],"isInner":true,"elType":"section"}],"isInner":false,"elType":"column"}],"isInner":false,"elType":"section"},{"id":"7ba7808","settings":{"structure":"20","background_background":"classic","padding":{"unit":"px","top":"80","right":"0","bottom":"0","left":"0","isLinked":false},"background_image":{"id":"3253","url":"https:\/\/cliente.shazamlnv.com\/setasolar\/wp-content\/uploads\/2022\/04\/pexels-photo-396303.jpeg"},"background_position":"center center","background_attachment":"fixed","background_repeat":"no-repeat","background_size":"cover","background_overlay_background":"classic","background_overlay_color":"#ffffff","background_overlay_opacity":{"unit":"px","size":0.95999999999999996447286321199499070644378662109375},"layout":"full_width","gap":"no","padding_tablet":{"unit":"px","top":"50","right":"20","bottom":"50","left":"20","isLinked":false},"padding_mobile":{"unit":"px","top":"20","right":"20","bottom":"20","left":"20","isLinked":true},"reverse_order_tablet":"reverse-tablet","reverse_order_mobile":"reverse-mobile"},"elements":[{"id":"54a8c5dc","settings":{"_column_size":50,"_inline_size":38.77199999999999846522769075818359851837158203125},"elements":[{"id":"dacb77","settings":{"structure":"20"},"elements":[{"id":"521c9c4b","settings":{"_column_size":50,"_inline_size":15.7279999999999997584154698415659368038177490234375},"elements":[],"isInner":true,"elType":"column"},{"id":"6bf8227e","settings":{"_column_size":50,"_inline_size":84.3080000000000069348971010185778141021728515625},"elements":[{"id":"6cdee3d0","settings":{"image":{"id":"3289","url":"https:\/\/cliente.shazamlnv.com\/setasolar\/wp-content\/uploads\/2022\/04\/chuttersnap-800664-unsplash.jpg"},"image_size":"custom","image_custom_dimension":{"width":"1000","height":"1200"},"_animation":"fadeInLeft"},"elements":[],"isInner":false,"widgetType":"image","elType":"widget"}],"isInner":true,"elType":"column"}],"isInner":true,"elType":"section"},{"id":"11c9450a","settings":{"space":{"unit":"px","size":70}},"elements":[],"isInner":false,"widgetType":"spacer","elType":"widget"},{"id":"38437d90","settings":{"gap":"no","structure":"20","margin":{"unit":"px","top":"","right":0,"bottom":"","left":0,"isLinked":true}},"elements":[{"id":"524c84a6","settings":{"_column_size":50,"_inline_size":79.486999999999994770405464805662631988525390625},"elements":[{"id":"4de8d2e3","settings":{"image":{"id":"3291","url":"https:\/\/cliente.shazamlnv.com\/setasolar\/wp-content\/uploads\/2022\/04\/jurriaan-snikkers-99062-unsplash.jpg"},"image_size":"custom","image_custom_dimension":{"width":"1000","height":"1000"},"_margin":{"unit":"px","top":"0","right":"0","bottom":"-54","left":"0","isLinked":false},"_z_index":12},"elements":[],"isInner":false,"widgetType":"image","elType":"widget"}],"isInner":true,"elType":"column"},{"id":"44d6ed5b","settings":{"_column_size":50,"_inline_size":20.54899999999999948840923025272786617279052734375},"elements":[],"isInner":true,"elType":"column"}],"isInner":true,"elType":"section"}],"isInner":false,"elType":"column"},{"id":"496cd449","settings":{"_column_size":50,"_inline_size":61.22800000000000153477230924181640148162841796875,"padding":{"unit":"px","top":"16","right":"10","bottom":"10","left":"10","isLinked":false}},"elements":[{"id":"560e8b5e","settings":{"structure":"20"},"elements":[{"id":"3d967cfa","settings":{"_column_size":50,"_inline_size":10,"_inline_size_mobile":12},"elements":[{"id":"5abda03a","settings":{"color":"rgba(0,0,0,0.4)","align":"right","gap":{"unit":"px","size":10},"_margin":{"unit":"px","top":"0","right":"0","bottom":"0","left":"-147","isLinked":false},"text":"Divis\u00f3ria"},"elements":[],"isInner":false,"widgetType":"divider","elType":"widget"}],"isInner":true,"elType":"column"},{"id":"30708663","settings":{"_column_size":50,"_inline_size":90,"_inline_size_mobile":88},"elements":[{"id":"197298f5","settings":{"title":"Welcome to","header_size":"span","title_color":"#7a7a7a","typography_typography":"custom","typography_font_family":"Montserrat","typography_font_weight":"400","typography_letter_spacing":{"unit":"px","size":3},"typography_font_size":{"unit":"em","size":1.100000000000000088817841970012523233890533447265625},"typography_font_size_tablet":{"unit":"em","size":1},"typography_text_transform":"uppercase"},"elements":[],"isInner":false,"widgetType":"heading","elType":"widget"}],"isInner":true,"elType":"column"}],"isInner":true,"elType":"section"},{"id":"134a88da","settings":{"structure":"20","background_background":"classic","background_position":"center center","background_repeat":"no-repeat","background_size":"contain"},"elements":[{"id":"48a8f0da","settings":{"_column_size":50,"_inline_size":null,"_inline_size_tablet":100},"elements":[{"id":"68e9faba","settings":{"title":"131 Level Residential","title_color":"#141414","typography_typography":"custom","typography_font_family":"Montserrat","typography_font_size":{"unit":"em","size":3},"typography_font_weight":"400","typography_text_transform":"uppercase","typography_letter_spacing":{"unit":"px","size":5},"typography_font_size_tablet":{"unit":"em","size":2},"typography_font_size_mobile":{"unit":"em","size":1.5}},"elements":[],"isInner":false,"widgetType":"heading","elType":"widget"},{"id":"68192ee8","settings":{"editor":"<p>Nulla facilisi. Sed eget nunc tempor ante varius efficitur. Praesent efficitur augue at sapien auctor, efficitur posuere lectus vulputate. Praesent vitae accumsan nisl. Morbi commodo mollis ex, sed mattis ipsum aliquam eget. Duis varius molestie elit vel ultricies. Vestibulum iaculis urna sapien, et ultricies lorem sollicitudin ac. Sed aliquet commodo dui, ut semper nisl. Mauris congue eros eget gravida lacinia.\u00a0<\/p>","text_color":"#5d5455","typography_typography":"custom","typography_font_family":"Open Sans","typography_font_weight":"normal","typography_line_height":{"unit":"em","size":1.600000000000000088817841970012523233890533447265625}},"elements":[],"isInner":false,"widgetType":"text-editor","elType":"widget"}],"isInner":true,"elType":"column"},{"id":"494b9489","settings":{"_column_size":50,"_inline_size":null,"background_background":"classic","background_size":"contain"},"elements":[{"id":"47a5285d","settings":{"space":{"unit":"px","size":217},"space_tablet":{"unit":"px","size":10}},"elements":[],"isInner":false,"widgetType":"spacer","elType":"widget"}],"isInner":true,"elType":"column"}],"isInner":true,"elType":"section"},{"id":"3d63a7ff","settings":{"structure":"20","background_background":"classic","background_position":"center left","background_repeat":"no-repeat","background_size":"contain","padding":{"unit":"px","top":"67","right":"0","bottom":"0","left":"0","isLinked":false},"padding_tablet":{"unit":"px","top":"20","right":"20","bottom":"20","left":"20","isLinked":true},"reverse_order_tablet":"reverse-tablet","reverse_order_mobile":"reverse-mobile"},"elements":[{"id":"25299650","settings":{"_column_size":50,"_inline_size":21.013999999999999346300683100707828998565673828125},"elements":[],"isInner":true,"elType":"column"},{"id":"7a90f97b","settings":{"_column_size":50,"_inline_size":78.9599999999999937472239253111183643341064453125},"elements":[{"id":"5ba38dee","settings":{"image":{"id":"3245","url":"https:\/\/cliente.shazamlnv.com\/setasolar\/wp-content\/uploads\/2022\/04\/chuttersnap-603079-unsplash-e1546425079773.jpg"},"image_custom_dimension":{"width":"500","height":"550"},"align":"center","_animation":"fadeInRight","opacity":{"unit":"px","size":1}},"elements":[],"isInner":false,"widgetType":"image","elType":"widget"}],"isInner":true,"elType":"column"}],"isInner":true,"elType":"section"},{"id":"491b726d","settings":{"space":{"unit":"px","size":10}},"elements":[],"isInner":false,"widgetType":"spacer","elType":"widget"},{"id":"4b42c795","settings":{"space_tablet":{"unit":"px","size":10}},"elements":[],"isInner":false,"widgetType":"spacer","elType":"widget"}],"isInner":false,"elType":"column"}],"isInner":false,"elType":"section"},{"id":"4cdf712","settings":{"structure":"20","background_background":"classic","padding":{"unit":"px","top":"80","right":"0","bottom":"0","left":"0","isLinked":false},"background_image":{"id":"3292","url":"https:\/\/cliente.shazamlnv.com\/setasolar\/wp-content\/uploads\/2022\/04\/pexels-photo-175268.jpeg"},"background_position":"center center","background_attachment":"fixed","background_repeat":"no-repeat","background_size":"cover","background_overlay_background":"classic","background_overlay_color":"#f0f0f0","background_overlay_opacity":{"unit":"px","size":0.9499999999999999555910790149937383830547332763671875},"layout":"full_width","gap":"no","padding_tablet":{"unit":"px","top":"20","right":"20","bottom":"20","left":"20","isLinked":true}},"elements":[{"id":"27f5ddd","settings":{"_column_size":50,"_inline_size":45.40400000000000346744855050928890705108642578125},"elements":[{"id":"8859529","settings":{"structure":"20"},"elements":[{"id":"131bbbc1","settings":{"_column_size":50,"_inline_size":15.7279999999999997584154698415659368038177490234375},"elements":[],"isInner":true,"elType":"column"},{"id":"19429c2c","settings":{"_column_size":50,"_inline_size":84.3080000000000069348971010185778141021728515625},"elements":[{"id":"67e576d5","settings":{"image":{"id":"3293","url":"https:\/\/cliente.shazamlnv.com\/setasolar\/wp-content\/uploads\/2022\/04\/jason-leung-1057008-unsplash.jpg"},"image_size":"custom","image_custom_dimension":{"width":"1000","height":"1200"},"_animation":"fadeInLeft"},"elements":[],"isInner":false,"widgetType":"image","elType":"widget"}],"isInner":true,"elType":"column"}],"isInner":true,"elType":"section"},{"id":"5cbaaae0","settings":{"structure":"20","padding":{"unit":"px","top":"32","right":"0","bottom":"0","left":"0","isLinked":false}},"elements":[{"id":"28833f44","settings":{"_column_size":50,"_inline_size":27.510999999999999232613845379091799259185791015625},"elements":[],"isInner":true,"elType":"column"},{"id":"54acab42","settings":{"_column_size":50,"_inline_size":72.4129999999999967030817060731351375579833984375,"_inline_size_tablet":100},"elements":[{"id":"74b34bcd","settings":{"color":"rgba(84,89,95,0.61)","width":{"unit":"px","size":80},"align":"center","gap":{"unit":"px","size":8},"text":"Divis\u00f3ria"},"elements":[],"isInner":false,"widgetType":"divider","elType":"widget"},{"id":"7a4409bf","settings":{"title":"01","header_size":"span","title_color":"#54595f","typography_typography":"custom","typography_font_family":"Open Sans","typography_font_weight":"100","typography_letter_spacing":{"unit":"px","size":1},"align":"center","_margin":{"unit":"px","top":"-17","right":"0","bottom":"0","left":"0","isLinked":false}},"elements":[],"isInner":false,"widgetType":"heading","elType":"widget"},{"id":"529419de","settings":{"editor":"<p>Nulla facilisi. Sed eget nunc tempor ante varius efficitur. Praesent efficitur augue at sapien auctor, efficitur posuere lectus vulputate. Praesent vitae accumsan nisl. Morbi commodo mollis ex, sed mattis ipsum aliquam eget. Duis varius molestie elit vel ultricies. Vestibulum iaculis urna sapien, et ultricies lorem sollicitudin ac. Sed aliquet commodo dui, ut semper nisl. Mauris congue eros eget gravida lacinia.\u00a0<\/p>","text_color":"#5d5455","typography_typography":"custom","typography_font_family":"Open Sans","typography_font_weight":"normal","typography_line_height":{"unit":"em","size":1.600000000000000088817841970012523233890533447265625},"align":"left"},"elements":[],"isInner":false,"widgetType":"text-editor","elType":"widget"}],"isInner":true,"elType":"column"}],"isInner":true,"elType":"section"},{"id":"1a4303e6","settings":{"space":{"unit":"px","size":70}},"elements":[],"isInner":false,"widgetType":"spacer","elType":"widget"}],"isInner":false,"elType":"column"},{"id":"75757f6a","settings":{"_column_size":50,"_inline_size":54.59599999999999653255144949071109294891357421875,"padding":{"unit":"px","top":"16","right":"10","bottom":"10","left":"10","isLinked":false}},"elements":[{"id":"3e293331","settings":{"structure":"20"},"elements":[{"id":"9ee6451","settings":{"_column_size":50,"_inline_size":10,"_inline_size_mobile":12},"elements":[{"id":"187967d5","settings":{"color":"#5d5455","align":"right","gap":{"unit":"px","size":10},"_margin":{"unit":"px","top":"0","right":"0","bottom":"0","left":"-147","isLinked":false},"text":"Divis\u00f3ria"},"elements":[],"isInner":false,"widgetType":"divider","elType":"widget"}],"isInner":true,"elType":"column"},{"id":"543b0d99","settings":{"_column_size":50,"_inline_size":90,"_inline_size_mobile":88},"elements":[{"id":"6bbae186","settings":{"title":"Location","header_size":"span","title_color":"#7a7a7a","typography_typography":"custom","typography_font_family":"Montserrat","typography_font_weight":"400","typography_letter_spacing":{"unit":"px","size":3},"typography_font_size":{"unit":"em","size":1.100000000000000088817841970012523233890533447265625},"typography_font_size_tablet":{"unit":"em","size":1},"typography_text_transform":"uppercase"},"elements":[],"isInner":false,"widgetType":"heading","elType":"widget"}],"isInner":true,"elType":"column"}],"isInner":true,"elType":"section"},{"id":"2434744f","settings":{"structure":"20"},"elements":[{"id":"1e339d1e","settings":{"_column_size":50,"_inline_size":64.6490000000000009094947017729282379150390625,"_inline_size_tablet":100},"elements":[{"id":"1bdc91dc","settings":{"title":"A Location Unlike Any Other","title_color":"#141414","typography_typography":"custom","typography_font_family":"Montserrat","typography_font_size":{"unit":"em","size":3},"typography_font_weight":"400","typography_text_transform":"uppercase","typography_letter_spacing":{"unit":"px","size":5},"typography_font_size_tablet":{"unit":"em","size":2},"typography_font_size_mobile":{"unit":"em","size":1.5}},"elements":[],"isInner":false,"widgetType":"heading","elType":"widget"},{"id":"44ee6d3e","settings":{"editor":"<p>Nulla facilisi. Sed eget nunc tempor ante varius efficitur. Praesent efficitur augue at sapien auctor, efficitur posuere lectus vulputate. Praesent vitae accumsan nisl. Morbi commodo mollis ex, sed mattis ipsum aliquam eget. Duis varius molestie elit vel ultricies. Vestibulum iaculis urna sapien, et ultricies lorem sollicitudin ac. Sed aliquet commodo dui, ut semper nisl. Mauris congue eros eget gravida lacinia.\u00a0<\/p>","text_color":"#5d5455","typography_typography":"custom","typography_font_family":"Open Sans","typography_font_weight":"normal","typography_line_height":{"unit":"em","size":1.600000000000000088817841970012523233890533447265625}},"elements":[],"isInner":false,"widgetType":"text-editor","elType":"widget"}],"isInner":true,"elType":"column"},{"id":"26788162","settings":{"_column_size":50,"_inline_size":35.3509999999999990905052982270717620849609375},"elements":[],"isInner":true,"elType":"column"}],"isInner":true,"elType":"section"},{"id":"2ed82fec","settings":{"structure":"20","padding":{"unit":"px","top":"67","right":"0","bottom":"0","left":"0","isLinked":false},"padding_tablet":{"unit":"px","top":"0","right":"0","bottom":"0","left":"0","isLinked":true}},"elements":[{"id":"6db96b53","settings":{"_column_size":50,"_inline_size":21.013999999999999346300683100707828998565673828125},"elements":[],"isInner":true,"elType":"column"},{"id":"56c954b5","settings":{"_column_size":50,"_inline_size":78.9599999999999937472239253111183643341064453125},"elements":[{"id":"3df0b38a","settings":{"image":{"id":"3294","url":"https:\/\/cliente.shazamlnv.com\/setasolar\/wp-content\/uploads\/2022\/04\/aerial-architecture-cars-1486785.jpg"},"image_custom_dimension":{"width":"500","height":"550"},"align":"center","_animation":"fadeInRight","opacity":{"unit":"px","size":1}},"elements":[],"isInner":false,"widgetType":"image","elType":"widget"}],"isInner":true,"elType":"column"}],"isInner":true,"elType":"section"},{"id":"35c296e5","settings":[],"elements":[],"isInner":false,"widgetType":"spacer","elType":"widget"}],"isInner":false,"elType":"column"}],"isInner":false,"elType":"section"},{"id":"33589abf","settings":{"content_width":{"unit":"px","size":1300},"height":"min-height","custom_height":{"unit":"vh","size":90},"background_background":"classic","background_image":{"id":"3251","url":"https:\/\/cliente.shazamlnv.com\/setasolar\/wp-content\/uploads\/2022\/04\/pexels-photo-210595.jpeg"},"background_position":"center center","background_attachment":"fixed","background_repeat":"no-repeat","background_size":"cover","background_overlay_background":"classic","background_overlay_opacity":{"unit":"px","size":0.39000000000000001332267629550187848508358001708984375}},"elements":[{"id":"78383097","settings":{"_column_size":100},"elements":[],"isInner":false,"elType":"column"}],"isInner":false,"elType":"section"},{"id":"721e8d1a","settings":{"structure":"20","background_background":"classic","padding":{"unit":"px","top":"80","right":"0","bottom":"80","left":"0","isLinked":false},"background_image":{"id":"3292","url":"https:\/\/cliente.shazamlnv.com\/setasolar\/wp-content\/uploads\/2022\/04\/pexels-photo-175268.jpeg"},"background_position":"center center","background_attachment":"fixed","background_repeat":"no-repeat","background_size":"cover","background_overlay_background":"classic","background_overlay_color":"#f0f0f0","background_overlay_opacity":{"unit":"px","size":0.95999999999999996447286321199499070644378662109375},"content_position":"middle","padding_tablet":{"unit":"px","top":"20","right":"20","bottom":"20","left":"20","isLinked":true},"content_width":{"unit":"px","size":1350}},"elements":[{"id":"120e376d","settings":{"_column_size":50,"_inline_size":53.77199999999999846522769075818359851837158203125,"padding":{"unit":"%","top":"5","right":"5","bottom":"5","left":"5","isLinked":true},"padding_tablet":{"unit":"px","top":"10","right":"10","bottom":"10","left":"10","isLinked":true}},"elements":[{"id":"73233149","settings":{"structure":"20"},"elements":[{"id":"4f71cd25","settings":{"_column_size":50,"_inline_size":10,"_inline_size_mobile":12},"elements":[{"id":"7a434982","settings":{"color":"rgba(0,0,0,0.61)","width":{"unit":"px","size":187},"align":"right","gap":{"unit":"px","size":8},"_margin":{"unit":"px","top":"0","right":"0","bottom":"0","left":"-143","isLinked":false},"width_tablet":{"unit":"%","size":100},"text":"Divis\u00f3ria"},"elements":[],"isInner":false,"widgetType":"divider","elType":"widget"}],"isInner":true,"elType":"column"},{"id":"2e88f04a","settings":{"_column_size":50,"_inline_size":90,"_inline_size_mobile":88},"elements":[{"id":"6ba76c6a","settings":{"title":"Services","header_size":"span","title_color":"#7a7a7a","typography_typography":"custom","typography_font_family":"Montserrat","typography_font_weight":"400","typography_letter_spacing":{"unit":"px","size":3},"typography_font_size":{"unit":"em","size":1.100000000000000088817841970012523233890533447265625},"typography_font_size_tablet":{"unit":"em","size":1},"typography_text_transform":"uppercase"},"elements":[],"isInner":false,"widgetType":"heading","elType":"widget"}],"isInner":true,"elType":"column"}],"isInner":true,"elType":"section"},{"id":"34890043","settings":{"title":"Unsurpassed Level of Services","title_color":"#141414","typography_typography":"custom","typography_font_family":"Montserrat","typography_font_size":{"unit":"em","size":3},"typography_font_weight":"400","typography_text_transform":"uppercase","typography_letter_spacing":{"unit":"px","size":5},"typography_font_size_tablet":{"unit":"em","size":2},"typography_font_size_mobile":{"unit":"em","size":1.5}},"elements":[],"isInner":false,"widgetType":"heading","elType":"widget"},{"id":"42ca6cf1","settings":{"space":{"unit":"px","size":10}},"elements":[],"isInner":false,"widgetType":"spacer","elType":"widget"},{"id":"7d7d01e0","settings":{"editor":"Nam iaculis at erat ac facilisis. Curabitur ante orci, fermentum ac sodales quis, fringilla at quam. Phasellus pulvinar leo vitae vestibulum sagittis. In mauris diam, dictum vel maximus at, interdum in lorem. Integer euismod eget justo vitae posuere. Curabitur ac gravida risus.","text_color":"#5d5455","typography_typography":"custom","typography_font_family":"Open Sans","typography_font_weight":"normal","typography_line_height":{"unit":"em","size":1.600000000000000088817841970012523233890533447265625}},"elements":[],"isInner":false,"widgetType":"text-editor","elType":"widget"},{"id":"36b06d0a","settings":[],"elements":[],"isInner":false,"widgetType":"spacer","elType":"widget"},{"id":"5980b67b","settings":{"image":{"id":"3295","url":"https:\/\/cliente.shazamlnv.com\/setasolar\/wp-content\/uploads\/2022\/04\/chuttersnap-706194-unsplash.jpg"},"image_size":"custom","image_custom_dimension":{"width":"500","height":"550"},"align":"left","_animation":"fadeInRight"},"elements":[],"isInner":false,"widgetType":"image","elType":"widget"}],"isInner":false,"elType":"column"},{"id":"126e7b5f","settings":{"_column_size":50,"_inline_size":46.22800000000000153477230924181640148162841796875},"elements":[{"id":"753a737f","settings":{"image":{"id":"3296","url":"https:\/\/cliente.shazamlnv.com\/setasolar\/wp-content\/uploads\/2022\/04\/chuttersnap-387761-unsplash-e1546424736425.jpg"},"image_size":"custom","image_custom_dimension":{"width":"500","height":"550"},"_animation":"fadeInLeft","align":"center","_margin":{"unit":"px","top":"0","right":"0","bottom":"0","left":"0","isLinked":false}},"elements":[],"isInner":false,"widgetType":"image","elType":"widget"},{"id":"4b291f24","settings":{"space_mobile":{"unit":"px","size":10}},"elements":[],"isInner":false,"widgetType":"spacer","elType":"widget"},{"id":"3367a5cc","settings":{"color":"rgba(84,89,95,0.61)","width":{"unit":"px","size":80},"align":"center","gap":{"unit":"px","size":8},"text":"Divis\u00f3ria"},"elements":[],"isInner":false,"widgetType":"divider","elType":"widget"},{"id":"3f205366","settings":{"title":"02","header_size":"span","title_color":"#7a7a7a","typography_typography":"custom","typography_font_family":"Open Sans","typography_font_weight":"100","typography_letter_spacing":{"unit":"px","size":1},"align":"center","_margin":{"unit":"px","top":"-17","right":"0","bottom":"0","left":"0","isLinked":false}},"elements":[],"isInner":false,"widgetType":"heading","elType":"widget"},{"id":"21549c2d","settings":{"editor":"Class aptent taciti sociosqu ad litora torquent per conubia nostra, per inceptos himenaeos. Nunc vitae luctus lorem. Sed iaculis quis metus non laoreet. Donec consequat, ex at porta hendrerit, tortor libero accumsan felis, et congue ligula erat quis mauris. Etiam aliquet metus dui, id tristique augue placerat in. ","text_color":"#5d5455","typography_typography":"custom","typography_font_family":"Open Sans","typography_font_weight":"normal","typography_line_height":{"unit":"em","size":1.600000000000000088817841970012523233890533447265625}},"elements":[],"isInner":false,"widgetType":"text-editor","elType":"widget"}],"isInner":false,"elType":"column"}],"isInner":false,"elType":"section"},{"id":"6d2a0d32","settings":{"structure":"20","background_background":"classic","background_image":{"id":"3292","url":"https:\/\/cliente.shazamlnv.com\/setasolar\/wp-content\/uploads\/2022\/04\/pexels-photo-175268.jpeg"},"background_position":"center center","background_attachment":"fixed","background_repeat":"no-repeat","background_size":"cover","background_overlay_background":"classic","background_overlay_color":"#f0f0f0","background_overlay_opacity":{"unit":"px","size":0.95999999999999996447286321199499070644378662109375},"layout":"full_width","gap":"no","content_position":"middle"},"elements":[{"id":"244a217a","settings":{"_column_size":50,"_inline_size":46.22800000000000153477230924181640148162841796875,"_inline_size_tablet":100},"elements":[{"id":"6dfd76bb","settings":{"layout":"full_width","gap":"no","structure":"40"},"elements":[{"id":"78647c5e","settings":{"_column_size":25,"_inline_size":null},"elements":[{"id":"30b22219","settings":{"graphic_element":"none","title_text_a":"","description_text_a":"","background_a_background":"classic","background_a_image":{"id":"3251","url":"https:\/\/cliente.shazamlnv.com\/setasolar\/wp-content\/uploads\/2022\/04\/pexels-photo-210595.jpeg"},"background_a_position":"center center","background_a_repeat":"no-repeat","background_a_size":"cover","title_text_b":"Clean Energy","description_text_b":"","button_text":"","background_b_background":"classic","background_b_image":{"id":"3292","url":"https:\/\/cliente.shazamlnv.com\/setasolar\/wp-content\/uploads\/2022\/04\/pexels-photo-175268.jpeg"},"background_b_position":"center center","background_b_repeat":"no-repeat","background_b_size":"cover","background_overlay_b":"rgba(0,0,0,0.26)","height":{"unit":"vh","size":70},"flip_effect":"fade","alignment_a":"left","vertical_position_a":"bottom","alignment_b":"left","vertical_position_b":"bottom","title_typography_b_typography":"custom","title_typography_b_font_family":"Open Sans","title_typography_b_font_size":{"unit":"em","size":""},"title_typography_b_font_weight":"300","title_typography_b_letter_spacing":{"unit":"px","size":1},"image":{"id":3302,"url":"https:\/\/cliente.shazamlnv.com\/setasolar\/wp-content\/uploads\/2022\/04\/placeholder-2.png"}},"elements":[],"isInner":false,"widgetType":"flip-box","elType":"widget"}],"isInner":true,"elType":"column"},{"id":"374d68ac","settings":{"_column_size":25,"_inline_size":null},"elements":[{"id":"4216b24d","settings":{"graphic_element":"none","title_text_a":"","description_text_a":"","background_a_background":"classic","background_a_image":{"id":"3252","url":"https:\/\/cliente.shazamlnv.com\/setasolar\/wp-content\/uploads\/2022\/04\/pexels-photo-1353365.jpeg"},"background_a_position":"center right","background_a_repeat":"no-repeat","background_a_size":"cover","title_text_b":"Recycling","description_text_b":"","button_text":"","background_b_background":"classic","background_b_image":{"id":"3292","url":"https:\/\/cliente.shazamlnv.com\/setasolar\/wp-content\/uploads\/2022\/04\/pexels-photo-175268.jpeg"},"background_b_position":"top left","background_b_repeat":"no-repeat","background_b_size":"cover","background_overlay_b":"rgba(0,0,0,0.26)","height":{"unit":"vh","size":70},"flip_effect":"fade","alignment_a":"left","vertical_position_a":"bottom","alignment_b":"left","vertical_position_b":"bottom","title_typography_b_typography":"custom","title_typography_b_font_family":"Open Sans","title_typography_b_font_size":{"unit":"em","size":""},"title_typography_b_font_weight":"300","title_typography_b_letter_spacing":{"unit":"px","size":1},"image":{"id":3303,"url":"https:\/\/cliente.shazamlnv.com\/setasolar\/wp-content\/uploads\/2022\/04\/placeholder-3.png"}},"elements":[],"isInner":false,"widgetType":"flip-box","elType":"widget"}],"isInner":true,"elType":"column"},{"id":"5b911fdf","settings":{"_column_size":25,"_inline_size":null},"elements":[{"id":"736ff7f1","settings":{"graphic_element":"none","title_text_a":"","description_text_a":"","background_a_background":"classic","background_a_image":{"id":"3297","url":"https:\/\/cliente.shazamlnv.com\/setasolar\/wp-content\/uploads\/2022\/04\/casey-horner-487085-unsplash-e1546424618328.jpg"},"background_a_position":"center center","background_a_repeat":"no-repeat","background_a_size":"cover","title_text_b":"Eco Contruction","description_text_b":"","button_text":"","background_b_background":"classic","background_b_image":{"id":"3298","url":"https:\/\/cliente.shazamlnv.com\/setasolar\/wp-content\/uploads\/2022\/04\/architecture-construction-build-building-162557.jpeg"},"background_b_position":"center center","background_b_repeat":"no-repeat","background_b_size":"cover","background_overlay_b":"rgba(0,0,0,0.26)","height":{"unit":"vh","size":70},"flip_effect":"fade","alignment_a":"left","vertical_position_a":"bottom","alignment_b":"left","vertical_position_b":"bottom","title_typography_b_typography":"custom","title_typography_b_font_family":"Open Sans","title_typography_b_font_size":{"unit":"em","size":""},"title_typography_b_font_weight":"300","title_typography_b_letter_spacing":{"unit":"px","size":1},"background_a_color":"#ffffff","image":{"id":3304,"url":"https:\/\/cliente.shazamlnv.com\/setasolar\/wp-content\/uploads\/2022\/04\/placeholder-4.png"}},"elements":[],"isInner":false,"widgetType":"flip-box","elType":"widget"}],"isInner":true,"elType":"column"},{"id":"138c0c1a","settings":{"_column_size":25,"_inline_size":null},"elements":[{"id":"645e481f","settings":{"graphic_element":"none","title_text_a":"","description_text_a":"","background_a_background":"classic","background_a_image":{"id":"3291","url":"https:\/\/cliente.shazamlnv.com\/setasolar\/wp-content\/uploads\/2022\/04\/jurriaan-snikkers-99062-unsplash.jpg"},"background_a_position":"center center","background_a_repeat":"no-repeat","background_a_size":"cover","title_text_b":"Green Community","description_text_b":"","button_text":"","background_b_background":"classic","background_b_image":{"id":"3299","url":"https:\/\/cliente.shazamlnv.com\/setasolar\/wp-content\/uploads\/2022\/04\/benches-environment-flower-983436.jpg"},"background_b_position":"center center","background_b_repeat":"no-repeat","background_b_size":"cover","background_overlay_b":"rgba(0,0,0,0.26)","height":{"unit":"vh","size":70},"flip_effect":"fade","alignment_a":"left","vertical_position_a":"bottom","alignment_b":"left","vertical_position_b":"bottom","title_typography_b_typography":"custom","title_typography_b_font_family":"Open Sans","title_typography_b_font_size":{"unit":"em","size":""},"title_typography_b_font_weight":"300","title_typography_b_letter_spacing":{"unit":"px","size":1},"image":{"id":3305,"url":"https:\/\/cliente.shazamlnv.com\/setasolar\/wp-content\/uploads\/2022\/04\/placeholder-5.png"}},"elements":[],"isInner":false,"widgetType":"flip-box","elType":"widget"}],"isInner":true,"elType":"column"}],"isInner":true,"elType":"section"}],"isInner":false,"elType":"column"},{"id":"20eb47ca","settings":{"_column_size":50,"_inline_size":53.77199999999999846522769075818359851837158203125,"padding":{"unit":"%","top":"5","right":"33","bottom":"5","left":"5","isLinked":false},"background_background":"classic","background_color":"#000000","background_overlay_background":"classic","background_overlay_color":"#ffffff","background_overlay_image":{"id":"3246","url":"https:\/\/cliente.shazamlnv.com\/setasolar\/wp-content\/uploads\/2022\/04\/randy-orourke-637925-unsplash.jpg"},"background_overlay_position":"center center","background_overlay_attachment":"fixed","background_overlay_repeat":"no-repeat","background_overlay_opacity":{"unit":"px","size":0.11000000000000000055511151231257827021181583404541015625},"css_filters_css_filter":"custom","css_filters_brightness":{"unit":"px","size":200},"css_filters_saturate":{"unit":"px","size":0},"margin":{"unit":"px","top":"0","right":"0","bottom":"0","left":"0","isLinked":false},"padding_tablet":{"unit":"px","top":"30","right":"30","bottom":"30","left":"30","isLinked":true},"z_index":6,"_inline_size_tablet":100},"elements":[{"id":"6443b418","settings":{"structure":"20"},"elements":[{"id":"5a6d1153","settings":{"_column_size":50,"_inline_size":10,"_inline_size_mobile":12},"elements":[{"id":"6755a356","settings":{"color":"rgba(214,214,214,0.61)","width":{"unit":"px","size":187},"align":"right","gap":{"unit":"px","size":8},"_margin":{"unit":"px","top":"0","right":"0","bottom":"0","left":"-143","isLinked":false},"width_tablet":{"unit":"%","size":100},"text":"Divis\u00f3ria"},"elements":[],"isInner":false,"widgetType":"divider","elType":"widget"}],"isInner":true,"elType":"column"},{"id":"6d5bf2fb","settings":{"_column_size":50,"_inline_size":90,"_inline_size_mobile":88},"elements":[{"id":"6087e0d","settings":{"title":"Environment","header_size":"span","title_color":"#ffffff","typography_typography":"custom","typography_font_family":"Montserrat","typography_font_weight":"400","typography_letter_spacing":{"unit":"px","size":3},"typography_font_size":{"unit":"em","size":1.100000000000000088817841970012523233890533447265625},"typography_font_size_tablet":{"unit":"em","size":1},"typography_text_transform":"uppercase"},"elements":[],"isInner":false,"widgetType":"heading","elType":"widget"}],"isInner":true,"elType":"column"}],"isInner":true,"elType":"section"},{"id":"4d6b877a","settings":{"title":"Eco-Conscious","title_color":"#ffffff","typography_typography":"custom","typography_font_family":"Montserrat","typography_font_size":{"unit":"em","size":3},"typography_font_weight":"300","typography_text_transform":"uppercase","typography_letter_spacing":{"unit":"px","size":5},"typography_font_size_tablet":{"unit":"em","size":2},"typography_font_size_mobile":{"unit":"em","size":1.5}},"elements":[],"isInner":false,"widgetType":"heading","elType":"widget"},{"id":"4cbde7d9","settings":{"space":{"unit":"px","size":10}},"elements":[],"isInner":false,"widgetType":"spacer","elType":"widget"},{"id":"3b482af9","settings":{"editor":"<p>Class aptent taciti sociosqu ad litora torquent per conubia nostra, per inceptos himenaeos. Nunc vitae luctus lorem. Sed iaculis quis metus non laoreet. Donec consequat, ex at porta hendrerit, tortor libero accumsan felis, et congue ligula erat quis mauris. Etiam aliquet metus dui, id tristique augue placerat in.<\/p>","text_color":"#ffffff","typography_typography":"custom","typography_font_family":"Open Sans","typography_line_height":{"unit":"em","size":1.6999999999999999555910790149937383830547332763671875},"typography_font_size":{"unit":"em","size":1}},"elements":[],"isInner":false,"widgetType":"text-editor","elType":"widget"},{"id":"7a87ff62","settings":[],"elements":[],"isInner":false,"widgetType":"spacer","elType":"widget"}],"isInner":false,"elType":"column"}],"isInner":false,"elType":"section"},{"id":"1dfcd2ad","settings":{"content_width":{"unit":"px","size":1300},"height":"min-height","custom_height":{"unit":"vh","size":75},"background_background":"classic","background_image":{"id":"3253","url":"https:\/\/cliente.shazamlnv.com\/setasolar\/wp-content\/uploads\/2022\/04\/pexels-photo-396303.jpeg"},"background_position":"center left","background_attachment":"fixed","background_repeat":"no-repeat","background_size":"cover","layout":"full_width","gap":"extended","content_position":"middle","structure":"20","background_overlay_background":"classic","background_overlay_color":"#000000","background_overlay_opacity":{"unit":"px","size":0.200000000000000011102230246251565404236316680908203125},"padding":{"unit":"px","top":"80","right":"0","bottom":"80","left":"0","isLinked":false},"padding_tablet":{"unit":"em","top":"2","right":"2","bottom":"2","left":"2","isLinked":true}},"elements":[{"id":"7eacd042","settings":{"_column_size":50,"_inline_size":null},"elements":[{"id":"134afc23","settings":{"space":{"unit":"px","size":10}},"elements":[],"isInner":false,"widgetType":"spacer","elType":"widget"}],"isInner":false,"elType":"column"},{"id":"42a517f3","settings":{"_column_size":50,"_inline_size":null,"_inline_size_tablet":100,"background_background":"classic","background_color":"#ffffff","background_overlay_background":"classic","background_overlay_color":"#ffffff","background_overlay_image":{"id":"3292","url":"https:\/\/cliente.shazamlnv.com\/setasolar\/wp-content\/uploads\/2022\/04\/pexels-photo-175268.jpeg"},"background_overlay_position":"center center","background_overlay_attachment":"fixed","background_overlay_repeat":"no-repeat","background_overlay_size":"cover","background_overlay_opacity":{"unit":"px","size":0.070000000000000006661338147750939242541790008544921875},"css_filters_brightness":{"unit":"px","size":200},"css_filters_saturate":{"unit":"px","size":0},"margin":{"unit":"px","top":"70","right":"70","bottom":"70","left":"70","isLinked":true},"margin_tablet":{"unit":"px","top":"0","right":"0","bottom":"0","left":"0","isLinked":true},"padding":{"unit":"px","top":"50","right":"50","bottom":"50","left":"50","isLinked":true},"z_index":6},"elements":[{"id":"5a5d7a0d","settings":{"title":"Say","title_color":"#141414","typography_typography":"custom","typography_font_family":"Montserrat","typography_font_size":{"unit":"em","size":5},"typography_font_weight":"500","typography_text_transform":"uppercase","typography_letter_spacing":{"unit":"px","size":10},"typography_font_size_tablet":{"unit":"em","size":4},"typography_font_size_mobile":{"unit":"em","size":2},"align":"left","_z_index":12},"elements":[],"isInner":false,"widgetType":"heading","elType":"widget"},{"id":"66b0370e","settings":{"title":"Hello","title_color":"#141414","typography_typography":"custom","typography_font_family":"Montserrat","typography_font_size":{"unit":"em","size":5},"typography_font_weight":"500","typography_text_transform":"uppercase","typography_letter_spacing":{"unit":"px","size":10},"typography_font_size_tablet":{"unit":"em","size":4},"typography_font_size_mobile":{"unit":"em","size":2},"align":"left","_padding":{"unit":"%","top":"0","right":"0","bottom":"0","left":"5","isLinked":false},"_z_index":12},"elements":[],"isInner":false,"widgetType":"heading","elType":"widget"},{"id":"791f4f19","settings":[],"elements":[{"id":"5bcbeed3","settings":{"_column_size":100,"_inline_size":null},"elements":[{"id":"7da201e1","settings":{"form_name":"New Form","form_fields":[{"_id":"name","field_label":"Name","placeholder":"Name","width":"50","min_date":"","max_date":"","custom_id":"name","previous_button":"","next_button":"","file_sizes":"","file_types":"","allow_multiple_upload":"","max_files":"","acceptance_text":"","checked_by_default":"","field_min":"","field_max":"","use_native_date":"","use_native_time":""},{"_id":"email","field_type":"email","required":"true","field_label":"Email","placeholder":"Email","width":"50","min_date":"","max_date":"","custom_id":"email","previous_button":"","next_button":"","file_sizes":"","file_types":"","allow_multiple_upload":"","max_files":"","acceptance_text":"","checked_by_default":"","field_min":"","field_max":"","use_native_date":"","use_native_time":""},{"_id":"message","field_type":"textarea","field_label":"Message","placeholder":"Message","min_date":"","max_date":"","custom_id":"message","previous_button":"","next_button":"","file_sizes":"","file_types":"","allow_multiple_upload":"","max_files":"","acceptance_text":"","checked_by_default":"","field_min":"","field_max":"","use_native_date":"","use_native_time":""}],"show_labels":"","button_text":"Send Message","email_content":"[all-fields]","email_content_2":"[all-fields]","success_message":"The form was sent successfully.","error_message":"An error occured.","required_field_message":"This field is required.","invalid_message":"There's something wrong. The form is invalid.","field_text_color":"#000000","field_typography_typography":"custom","field_typography_font_family":"Open Sans","field_background_color":"rgba(255,255,255,0.55)","field_border_color":"#e0e0e0","field_border_radius":{"unit":"px","top":"10","right":"10","bottom":"10","left":"10","isLinked":true},"button_background_color":"rgba(255,255,255,0.67)","button_text_color":"#141414","button_typography_typography":"custom","button_typography_font_family":"Montserrat","button_typography_font_size":{"unit":"em","size":0.90000000000000002220446049250313080847263336181640625},"button_typography_font_weight":"400","button_typography_text_transform":"uppercase","button_typography_letter_spacing":{"unit":"px","size":4},"button_border_border":"solid","button_border_width":{"unit":"px","top":"2","right":"2","bottom":"2","left":"2","isLinked":true},"button_border_color":"#141414","button_border_radius":{"unit":"px","top":"25","right":"25","bottom":"25","left":"25","isLinked":true},"button_size":"md","button_background_hover_color":"#ffffff","button_hover_color":"#141414","button_hover_border_color":"#ffffff","step_next_label":"Next","step_previous_label":"Previous"},"elements":[],"isInner":false,"widgetType":"form","elType":"widget"}],"isInner":true,"elType":"column"}],"isInner":true,"elType":"section"},{"id":"32bdfaf5","settings":[],"elements":[],"isInner":false,"widgetType":"spacer","elType":"widget"}],"isInner":false,"elType":"column"}],"isInner":false,"elType":"section"}],"page_settings":[],"version":"0.4","title":"IM\u00d3VEL","type":"section"}