{"version":"0.4","title":"Escola de v\u00f4o 4","type":"page","content":[{"id":"36525ea8","settings":{"structure":"21","background_background":"classic","background_color":"#0A254F","padding":{"unit":"em","top":"7","right":"1","bottom":"6","left":"1","isLinked":""},"html_tag":"header","background_position":"center center","background_attachment":"fixed","background_repeat":"no-repeat","background_size":"initial","background_overlay_background":"classic","background_overlay_color":"#0A254F","background_overlay_position":"center center","background_overlay_attachment":"fixed","background_overlay_repeat":"no-repeat","background_overlay_size":"contain","background_overlay_opacity":{"unit":"px","size":"1","sizes":[]},"overlay_blend_mode":"luminosity","padding_tablet":{"unit":"em","top":"5","right":"2","bottom":"5","left":"2","isLinked":""},"padding_mobile":{"unit":"em","top":"3","right":"1","bottom":"3","left":"1","isLinked":""}},"elements":[{"id":"4e5c357e","settings":{"_column_size":"33","content_position":"top","margin":{"unit":"%","top":"0","right":"0","bottom":"0","left":"0","isLinked":""},"align_mobile":"center","padding":{"unit":"em","top":"1","right":"1","bottom":"1","left":"1","isLinked":"1"}},"elements":[{"id":"7bebe8b0","settings":{"title":"about us","title_color":"#FFFFFF","typography_typography":"custom","typography_font_family":"Rajdhani","typography_font_size":{"unit":"em","size":"4.7","sizes":[]},"typography_font_weight":"800","typography_text_transform":"capitalize","typography_font_style":"italic","typography_text_decoration":"none","header_size":"h1","align":"left","text_shadow_text_shadow_type":"yes","align_mobile":"center","typography_font_size_tablet":{"unit":"em","size":"3","sizes":[]}},"elements":[],"isInner":false,"widgetType":"heading","elType":"widget"},{"id":"53948069","settings":{"text":"Divider","color":"#1DC1F1","weight":{"unit":"px","size":"1.7","sizes":[]},"gap":{"unit":"px","size":"2","sizes":[]},"_element_width":"initial","_element_custom_width":{"unit":"%","size":"25","sizes":[]},"align":"right"},"elements":[],"isInner":false,"widgetType":"divider","elType":"widget"},{"id":"a54c6d5","settings":{"text":"Divider","color":"#BF0C1F","weight":{"unit":"px","size":"1.7","sizes":[]},"gap":{"unit":"px","size":"2","sizes":[]},"_element_width":"initial","_element_custom_width":{"unit":"%","size":"25","sizes":[]},"align":"right"},"elements":[],"isInner":false,"widgetType":"divider","elType":"widget"},{"id":"4b7e3192","settings":{"editor":"<p>Orci a scelerisque purus semper eget duis. Diam maecenas<\/p>","text_color":"#FFFFFF","typography_typography":"custom","typography_font_family":"Raleway","typography_font_size":{"unit":"em","size":"1.4","sizes":[]},"typography_font_weight":"300","typography_text_transform":"none","typography_font_style":"normal","typography_text_decoration":"none","_margin":{"unit":"%","top":"-3","right":"0","bottom":"0","left":"0","isLinked":""},"align":"left","align_mobile":"center"},"elements":[],"isInner":false,"widgetType":"text-editor","elType":"widget"}],"isInner":"","elType":"column"},{"id":"1a736286","settings":{"_column_size":"66","content_position":"bottom","padding":{"unit":"em","top":"0","right":"0","bottom":"0","left":"1","isLinked":""},"margin":{"unit":"%","top":"15","right":"0","bottom":"0","left":"0","isLinked":""}},"elements":[{"id":"2b1d7ebe","settings":{"style":"wavy","width":{"unit":"%","size":"33","sizes":[]},"align":"left","look":"line_text","text":"about the training","color":"#1DC1F1","weight":{"unit":"px","size":"2.3","sizes":[]},"pattern_height":{"unit":"px","size":"11.7","sizes":[]},"pattern_size":{"unit":"px","size":"17","sizes":[]},"gap":{"unit":"px","size":"2","sizes":[]},"text_color":"#FFFFFF","typography_typography":"custom","typography_font_family":"Rajdhani","typography_font_weight":"500","typography_text_transform":"uppercase","typography_font_style":"normal","typography_text_decoration":"none","text_align":"left","text_spacing":{"unit":"px","size":"9","sizes":[]},"_margin":{"unit":"%","top":"0","right":"0","bottom":"-3","left":"0","isLinked":""},"_padding":{"unit":"px","top":"0","right":"0","bottom":"0","left":"0","isLinked":""},"_background_color":"#BF0C1F","width_mobile":{"unit":"%","size":"81","sizes":[]},"align_mobile":"center","width_tablet":{"unit":"%","size":"67","sizes":[]}},"elements":[],"isInner":false,"widgetType":"divider","elType":"widget"},{"id":"36fe9043","settings":{"title":"the school founder","title_color":"#FFFFFF","typography_typography":"custom","typography_font_family":"Rajdhani","typography_font_size":{"unit":"em","size":"2.5","sizes":[]},"typography_font_weight":"800","typography_text_transform":"capitalize","typography_font_style":"italic","typography_text_decoration":"none","_margin":{"unit":"%","top":"0","right":"0","bottom":"0","left":"0","isLinked":""},"align_mobile":"center"},"elements":[],"isInner":false,"widgetType":"heading","elType":"widget"},{"id":"64d7fd6a","settings":{"structure":"20","background_background":"gradient","background_color":"rgba(53, 99, 171, 0.36)","background_color_b":"#0A254F","padding":{"unit":"em","top":"0","right":"0","bottom":"0","left":"0","isLinked":""}},"elements":[{"id":"2edcbf86","settings":{"_column_size":"50","content_position":"top","padding":{"unit":"em","top":"1","right":"1","bottom":"1","left":"1","isLinked":"1"},"align_mobile":"center","padding_mobile":{"unit":"em","top":"3","right":"1","bottom":"1","left":"1","isLinked":""}},"elements":[{"id":"747d80b9","settings":{"title":"oliver Koletsky","align":"left","title_color":"#FFFFFF","typography_typography":"custom","typography_font_family":"Rajdhani","typography_font_size":{"unit":"em","size":"1.6","sizes":[]},"typography_font_weight":"800","typography_text_transform":"capitalize","typography_font_style":"italic","typography_text_decoration":"none","_margin":{"unit":"%","top":"0","right":"0","bottom":"-3","left":"0","isLinked":""},"header_size":"h3","align_mobile":"center"},"elements":[],"isInner":false,"widgetType":"heading","elType":"widget"},{"id":"35492dc9","settings":{"text":"Divider","color":"#3563AB","weight":{"unit":"px","size":"1.7","sizes":[]},"gap":{"unit":"px","size":"2","sizes":[]},"_element_width":"initial","_element_custom_width":{"unit":"%","size":"25","sizes":[]},"align":"right"},"elements":[],"isInner":false,"widgetType":"divider","elType":"widget"},{"id":"24f2b328","settings":{"text":"Divider","color":"#1DC1F1","weight":{"unit":"px","size":"1.7","sizes":[]},"gap":{"unit":"px","size":"2","sizes":[]},"_element_width":"initial","_element_custom_width":{"unit":"%","size":"25","sizes":[]},"align":"right"},"elements":[],"isInner":false,"widgetType":"divider","elType":"widget"},{"id":"54774014","settings":{"editor":"<p>Nibh praesent tristique magna sit amet purus gravida quis. Elit at imperdiet dui accumsan sit amet nulla. Nisi vitae suscipit tellus mauris a diam maecenas.<\/p><p>Egestas integer eget aliquet nibh praesent tristique magna.<\/p>","align":"justify","align_mobile":"center","text_color":"#FFFFFF","typography_typography":"custom","typography_font_family":"Raleway","typography_font_size":{"unit":"em","size":"1","sizes":[]},"typography_line_height":{"unit":"em","size":"1.4","sizes":[]},"text_columns":"1"},"elements":[],"isInner":false,"widgetType":"text-editor","elType":"widget"},{"id":"b8898e6","settings":{"image":{"url":"https:\/\/autoridadenodigital.com.br\/wp-content\/uploads\/2020\/02\/danist-58MKf-UXjaA-unsplash.jpg","id":"947"},"_margin":{"unit":"%","top":"0","right":"0","bottom":"0","left":"-12","isLinked":""},"_margin_mobile":{"unit":"px","top":"0","right":"0","bottom":"0","left":"0","isLinked":""}},"elements":[],"isInner":false,"widgetType":"image","elType":"widget"}],"isInner":"1","elType":"column"},{"id":"6a420ca4","settings":{"_column_size":"50","content_position":"center","align":"flex-start","padding":{"unit":"em","top":"1","right":"1","bottom":"1","left":"1","isLinked":"1"},"align_mobile":"center"},"elements":[{"id":"cdf4c7c","settings":{"image":{"url":"https:\/\/autoridadenodigital.com.br\/wp-content\/uploads\/2020\/02\/yuriy-rzhemovskiy-kyzycTfdIRU-unsplash.jpg","id":"926"},"image_size":"custom","image_custom_dimension":{"width":"350","height":"450"},"_margin":{"unit":"%","top":"-43","right":"0","bottom":"0","left":"0","isLinked":""},"_margin_mobile":{"unit":"px","top":"0","right":"0","bottom":"0","left":"0","isLinked":""}},"elements":[],"isInner":false,"widgetType":"image","elType":"widget"},{"id":"1709c5a","settings":{"social_icon_list":[{"social_icon":{"value":"fab fa-facebook","library":"fa-brands"},"_id":"b4008e2","link":{"url":"","is_external":"true","nofollow":""},"item_icon_color":"default","item_icon_primary_color":"","item_icon_secondary_color":""},{"social_icon":{"value":"fab fa-instagram","library":"fa-brands"},"_id":"7d413a0","link":{"url":"","is_external":"true","nofollow":""},"item_icon_color":"default","item_icon_primary_color":"","item_icon_secondary_color":""}],"icon_color":"custom","icon_primary_color":"#3287C7","icon_secondary_color":"#FFFFFF","shape":"circle","align_tablet":"left","align_mobile":"center","icon_size":{"unit":"px","size":"18","sizes":[]},"icon_spacing":{"unit":"px","size":"11","sizes":[]},"hover_primary_color":"#1DC1F1","hover_secondary_color":"#FFFFFF","hover_animation":"grow","_padding":{"unit":"em","top":"1","right":"0","bottom":"0","left":"0","isLinked":""},"align":"left"},"elements":[],"isInner":false,"widgetType":"social-icons","elType":"widget"},{"id":"4c5f0198","settings":{"text":"Divider","color":"#3563AB","weight":{"unit":"px","size":"1.7","sizes":[]},"gap":{"unit":"px","size":"2","sizes":[]},"_element_width":"initial","_element_custom_width":{"unit":"%","size":"25","sizes":[]},"align":"right"},"elements":[],"isInner":false,"widgetType":"divider","elType":"widget"},{"id":"159c24c4","settings":{"text":"Divider","color":"#1DC1F1","weight":{"unit":"px","size":"1.7","sizes":[]},"gap":{"unit":"px","size":"2","sizes":[]},"_element_width":"initial","_element_custom_width":{"unit":"%","size":"25","sizes":[]},"align":"right"},"elements":[],"isInner":false,"widgetType":"divider","elType":"widget"}],"isInner":"1","elType":"column"}],"isInner":"1","elType":"section"}],"isInner":"","elType":"column"}],"isInner":"","elType":"section"},{"id":"1ee475d9","settings":{"padding":{"unit":"em","top":"3","right":"1","bottom":"7","left":"1","isLinked":""},"background_background":"classic","background_color":"#FFFFFF","structure":"21","html_tag":"section","background_image":{"url":"https:\/\/autoridadenodigital.com.br\/wp-content\/uploads\/2020\/02\/bernard-hermant-UfgiA6ZVhsY-unsplash-1.jpg","id":"948"},"background_position":"center center","background_attachment":"fixed","background_repeat":"no-repeat","background_size":"cover","background_overlay_background":"classic","background_overlay_color":"#FFFFFF","background_overlay_opacity":{"unit":"px","size":"0.62","sizes":[]},"padding_tablet":{"unit":"em","top":"3","right":"1","bottom":"3","left":"1","isLinked":""}},"elements":[{"id":"5895d662","settings":{"_column_size":"33","content_position":"center","padding":{"unit":"em","top":"0","right":"2","bottom":"2","left":"1","isLinked":""},"margin":{"unit":"%","top":"1","right":"0","bottom":"0","left":"0","isLinked":""},"margin_tablet":{"unit":"px","top":"0","right":"0","bottom":"0","left":"0","isLinked":""},"padding_tablet":{"unit":"px","top":"0","right":"0","bottom":"0","left":"0","isLinked":""},"space_between_widgets":"10","_inline_size_tablet":"100"},"elements":[{"id":"32211d42","settings":{"style":"wavy","width":{"unit":"%","size":"61","sizes":[]},"align":"right","look":"line_text","text":"aircrafts lessons","color":"#1DC1F1","weight":{"unit":"px","size":"2.3","sizes":[]},"pattern_height":{"unit":"px","size":"11.7","sizes":[]},"pattern_size":{"unit":"px","size":"17","sizes":[]},"gap":{"unit":"px","size":"2","sizes":[]},"text_color":"#7A7A7A","typography_typography":"custom","typography_font_family":"Rajdhani","typography_font_weight":"500","typography_text_transform":"uppercase","typography_font_style":"normal","typography_text_decoration":"none","text_align":"left","text_spacing":{"unit":"px","size":"9","sizes":[]},"_margin":{"unit":"%","top":"0","right":"0","bottom":"-3","left":"0","isLinked":""},"_padding":{"unit":"px","top":"0","right":"0","bottom":"0","left":"0","isLinked":""},"_background_color":"#BF0C1F","width_tablet":{"unit":"%","size":"38","sizes":[]},"width_mobile":{"unit":"%","size":"93","sizes":[]},"align_tablet":"center","_margin_tablet":{"unit":"px","top":"0","right":"0","bottom":"0","left":"0","isLinked":""}},"elements":[],"isInner":false,"widgetType":"divider","elType":"widget"},{"id":"1a63d24c","settings":{"title":"training available aircrafts","title_color":"#0A254F","typography_typography":"custom","typography_font_family":"Rajdhani","typography_font_size":{"unit":"em","size":"2.5","sizes":[]},"typography_font_weight":"800","typography_text_transform":"capitalize","typography_font_style":"italic","typography_text_decoration":"none","_margin":{"unit":"%","top":"0","right":"0","bottom":"-3","left":"0","isLinked":""},"align":"right","align_tablet":"center"},"elements":[],"isInner":false,"widgetType":"heading","elType":"widget"},{"id":"56d55eb2","settings":{"editor":"<p>Arcu cursus euismod quis viverra nibh cras pulvinar mattis nunc.&nbsp;<\/p>","text_color":"#7A7A7A","typography_typography":"custom","typography_font_family":"Raleway","typography_font_size":{"unit":"em","size":"1","sizes":[]},"typography_line_height":{"unit":"em","size":"1.4","sizes":[]},"align":"right","_margin":{"unit":"px","top":"0","right":"0","bottom":"0","left":"0","isLinked":""},"_padding":{"unit":"px","top":"0","right":"0","bottom":"0","left":"0","isLinked":""},"align_tablet":"center"},"elements":[],"isInner":false,"widgetType":"text-editor","elType":"widget"}],"isInner":"","elType":"column"},{"id":"2fba447a","settings":{"_column_size":"66","background_color":"rgba(255, 255, 255, 0.4)","box_shadow_box_shadow_position":"inset","margin":{"unit":"%","top":"0","right":"0","bottom":"0","left":"0","isLinked":""},"padding":{"unit":"em","top":"2","right":"1","bottom":"2","left":"1","isLinked":""},"_inline_size_tablet":"100","margin_tablet":{"unit":"px","top":"0","right":"0","bottom":"0","left":"0","isLinked":""},"padding_tablet":{"unit":"px","top":"0","right":"0","bottom":"0","left":"0","isLinked":""}},"elements":[{"id":"57328da6","settings":{"structure":"20","gap":"no"},"elements":[{"id":"27f9a468","settings":{"_column_size":"50","background_background":"classic","background_color":"#FFFFFF","box_shadow_box_shadow_type":"yes","box_shadow_box_shadow":{"horizontal":"0","vertical":"0","blur":"6","spread":"0","color":"rgba(0, 0, 0, 0.31)"},"padding":{"unit":"em","top":"1","right":"1","bottom":"1","left":"1","isLinked":"1"},"margin":{"unit":"%","top":"3","right":"3","bottom":"3","left":"3","isLinked":"1"},"align":"center","space_between_widgets":"20"},"elements":[{"id":"642616bd","settings":{"image":{"url":"https:\/\/autoridadenodigital.com.br\/wp-content\/uploads\/2020\/02\/c-drying-FYk57SG-KSA-unsplash.jpg","id":"923"},"image_size":"custom","image_custom_dimension":{"width":"450","height":"300"}},"elements":[],"isInner":false,"widgetType":"image","elType":"widget"},{"id":"aea45b6","settings":{"title":"Basic Chopper Training","align":"center","title_color":"#0A254F","typography_typography":"custom","typography_font_family":"Rajdhani","typography_font_size":{"unit":"em","size":"1.6","sizes":[]},"typography_font_weight":"800","typography_text_transform":"capitalize","typography_font_style":"italic","typography_text_decoration":"none","_margin":{"unit":"%","top":"0","right":"0","bottom":"-3","left":"0","isLinked":""},"header_size":"h3"},"elements":[],"isInner":false,"widgetType":"heading","elType":"widget"},{"id":"2097a0a7","settings":{"text":"Divider","color":"#3563AB","weight":{"unit":"px","size":"1.7","sizes":[]},"gap":{"unit":"px","size":"2","sizes":[]},"_element_width":"initial","_element_custom_width":{"unit":"%","size":"25","sizes":[]}},"elements":[],"isInner":false,"widgetType":"divider","elType":"widget"},{"id":"6dafcb05","settings":{"text":"Divider","color":"#BF0C1F","weight":{"unit":"px","size":"1.7","sizes":[]},"gap":{"unit":"px","size":"2","sizes":[]},"_element_width":"initial","_element_custom_width":{"unit":"%","size":"25","sizes":[]},"align":"right"},"elements":[],"isInner":false,"widgetType":"divider","elType":"widget"},{"id":"7ccd8da5","settings":{"editor":"<p>Cras tincidunt lobortis feugiat vivamus at augue. Egestas sed tempus urna et pharetra pharetra massa massa.\u00a0<\/p>","align":"center","text_color":"#7A7A7A","typography_typography":"custom","typography_font_family":"Raleway","typography_font_size":{"unit":"em","size":"1","sizes":[]},"typography_line_height":{"unit":"em","size":"1.4","sizes":[]},"_margin":{"unit":"px","top":"0","right":"0","bottom":"0","left":"0","isLinked":""},"_padding":{"unit":"px","top":"0","right":"0","bottom":"0","left":"0","isLinked":""}},"elements":[],"isInner":false,"widgetType":"text-editor","elType":"widget"},{"id":"64e9d1be","settings":{"title":"spec here","percent":{"unit":"%","size":"71","sizes":[]},"inner_text":"","bar_color":"#3287C7","bar_bg_color":"#040E1E","bar_height":{"unit":"px","size":"17","sizes":[]},"bar_inner_typography_typography":"custom","bar_inner_typography_font_family":"Raleway","bar_inner_typography_font_size":{"unit":"em","size":"0.7","sizes":[]},"typography_typography":"custom","typography_font_family":"Rajdhani","typography_font_size":{"unit":"em","size":"1","sizes":[]},"typography_font_weight":"600","typography_text_transform":"capitalize","typography_font_style":"normal","typography_text_decoration":"none","_element_width":"initial","_element_custom_width":{"unit":"%","size":"50","sizes":[]},"bar_inline_color":"#FFFFFF","bar_inner_typography_font_weight":"500","bar_inner_typography_text_transform":"capitalize","bar_inner_typography_font_style":"normal","bar_inner_typography_text_decoration":"none","title_color":"#7A7A7A","_padding":{"unit":"em","top":"0","right":"1","bottom":"1","left":"1","isLinked":""},"_border_radius":{"unit":"px","top":"0","right":"0","bottom":"0","left":"0","isLinked":"1"},"typography_line_height":{"unit":"em","size":"1.9","sizes":[]}},"elements":[],"isInner":false,"widgetType":"progress","elType":"widget"},{"id":"4a41f161","settings":{"title":"spec here","percent":{"unit":"%","size":"89","sizes":[]},"inner_text":"","bar_color":"#3287C7","bar_bg_color":"#040E1E","bar_height":{"unit":"px","size":"17","sizes":[]},"bar_inner_typography_typography":"custom","bar_inner_typography_font_family":"Raleway","bar_inner_typography_font_size":{"unit":"em","size":"0.7","sizes":[]},"typography_typography":"custom","typography_font_family":"Rajdhani","typography_font_size":{"unit":"em","size":"1","sizes":[]},"typography_font_weight":"600","typography_text_transform":"capitalize","typography_font_style":"normal","typography_text_decoration":"none","_element_width":"initial","_element_custom_width":{"unit":"%","size":"50","sizes":[]},"bar_inline_color":"#FFFFFF","bar_inner_typography_font_weight":"500","bar_inner_typography_text_transform":"capitalize","bar_inner_typography_font_style":"normal","bar_inner_typography_text_decoration":"none","title_color":"#7A7A7A","_padding":{"unit":"em","top":"0","right":"1","bottom":"1","left":"1","isLinked":""},"_border_radius":{"unit":"px","top":"0","right":"0","bottom":"0","left":"0","isLinked":"1"},"typography_line_height":{"unit":"em","size":"1.9","sizes":[]}},"elements":[],"isInner":false,"widgetType":"progress","elType":"widget"},{"id":"233dc57e","settings":{"button_type":"info","text":"more details","size":"md","typography_typography":"custom","typography_font_family":"Rajdhani","typography_font_size":{"unit":"em","size":"1.2","sizes":[]},"typography_font_weight":"600","typography_text_transform":"uppercase","typography_font_style":"normal","typography_text_decoration":"none","button_text_color":"#3287C7","background_color":"#FFFFFF","border_radius":{"unit":"px","top":"30","right":"30","bottom":"30","left":"30","isLinked":"1"},"text_padding":{"unit":"em","top":"","right":"","bottom":"","left":"","isLinked":"1"},"_padding":{"unit":"em","top":"1","right":"0","bottom":"1","left":"0","isLinked":""},"_element_width":"inherit","hover_color":"#FFFFFF","button_background_hover_color":"#3287C7","hover_animation":"bob","align":"justify","selected_icon":{"value":"fas fa-angle-right","library":"fa-solid"},"icon_align":"right"},"elements":[],"isInner":false,"widgetType":"button","elType":"widget"}],"isInner":"1","elType":"column"},{"id":"1ab2f327","settings":{"_column_size":"50","background_background":"classic","background_color":"#FFFFFF","margin":{"unit":"%","top":"3","right":"3","bottom":"3","left":"3","isLinked":"1"},"padding":{"unit":"em","top":"1","right":"1","bottom":"1","left":"1","isLinked":"1"},"align":"center","box_shadow_box_shadow_type":"yes","box_shadow_box_shadow":{"horizontal":"0","vertical":"0","blur":"6","spread":"0","color":"rgba(0,0,0,0.5)"}},"elements":[{"id":"205b7fb8","settings":{"image":{"url":"https:\/\/autoridadenodigital.com.br\/wp-content\/uploads\/2020\/02\/lacie-slezak-7ZaFhK3LNVE-unsplash.jpg","id":"931"},"image_size":"custom","image_custom_dimension":{"width":"450","height":"300"}},"elements":[],"isInner":false,"widgetType":"image","elType":"widget"},{"id":"25114b2b","settings":{"title":"Big Plane Trainign","align":"center","title_color":"#0A254F","typography_typography":"custom","typography_font_family":"Rajdhani","typography_font_size":{"unit":"em","size":"1.6","sizes":[]},"typography_font_weight":"800","typography_text_transform":"capitalize","typography_font_style":"italic","typography_text_decoration":"none","_margin":{"unit":"%","top":"0","right":"0","bottom":"-3","left":"0","isLinked":""},"header_size":"h3"},"elements":[],"isInner":false,"widgetType":"heading","elType":"widget"},{"id":"2e680f32","settings":{"text":"Divider","color":"#3563AB","weight":{"unit":"px","size":"1.7","sizes":[]},"gap":{"unit":"px","size":"2","sizes":[]},"_element_width":"initial","_element_custom_width":{"unit":"%","size":"25","sizes":[]}},"elements":[],"isInner":false,"widgetType":"divider","elType":"widget"},{"id":"4d94be06","settings":{"text":"Divider","color":"#BF0C1F","weight":{"unit":"px","size":"1.7","sizes":[]},"gap":{"unit":"px","size":"2","sizes":[]},"_element_width":"initial","_element_custom_width":{"unit":"%","size":"25","sizes":[]},"align":"right"},"elements":[],"isInner":false,"widgetType":"divider","elType":"widget"},{"id":"2ac82b74","settings":{"editor":"<p>Cras tincidunt lobortis feugiat vivamus at augue. Egestas sed tempus urna et pharetra pharetra massa massa.\u00a0<\/p>","align":"center","text_color":"#7A7A7A","typography_typography":"custom","typography_font_family":"Raleway","typography_font_size":{"unit":"em","size":"1","sizes":[]},"typography_line_height":{"unit":"em","size":"1.4","sizes":[]},"_margin":{"unit":"px","top":"0","right":"0","bottom":"0","left":"0","isLinked":""},"_padding":{"unit":"px","top":"0","right":"0","bottom":"0","left":"0","isLinked":""}},"elements":[],"isInner":false,"widgetType":"text-editor","elType":"widget"},{"id":"420c6633","settings":{"title":"spec here","percent":{"unit":"%","size":"79","sizes":[]},"inner_text":"","bar_color":"#3287C7","bar_bg_color":"#040E1E","bar_height":{"unit":"px","size":"17","sizes":[]},"bar_inner_typography_typography":"custom","bar_inner_typography_font_family":"Raleway","bar_inner_typography_font_size":{"unit":"em","size":"0.7","sizes":[]},"typography_typography":"custom","typography_font_family":"Rajdhani","typography_font_size":{"unit":"em","size":"1","sizes":[]},"typography_font_weight":"600","typography_text_transform":"capitalize","typography_font_style":"normal","typography_text_decoration":"none","_element_width":"initial","_element_custom_width":{"unit":"%","size":"50","sizes":[]},"bar_inline_color":"#FFFFFF","bar_inner_typography_font_weight":"500","bar_inner_typography_text_transform":"capitalize","bar_inner_typography_font_style":"normal","bar_inner_typography_text_decoration":"none","title_color":"#7A7A7A","_padding":{"unit":"em","top":"0","right":"1","bottom":"1","left":"1","isLinked":""},"_border_radius":{"unit":"px","top":"0","right":"0","bottom":"0","left":"0","isLinked":"1"},"typography_line_height":{"unit":"em","size":"1.9","sizes":[]}},"elements":[],"isInner":false,"widgetType":"progress","elType":"widget"},{"id":"5e412108","settings":{"title":"spec here","percent":{"unit":"%","size":"89","sizes":[]},"inner_text":"","bar_color":"#3287C7","bar_bg_color":"#040E1E","bar_height":{"unit":"px","size":"17","sizes":[]},"bar_inner_typography_typography":"custom","bar_inner_typography_font_family":"Raleway","bar_inner_typography_font_size":{"unit":"em","size":"0.7","sizes":[]},"typography_typography":"custom","typography_font_family":"Rajdhani","typography_font_size":{"unit":"em","size":"1","sizes":[]},"typography_font_weight":"600","typography_text_transform":"capitalize","typography_font_style":"normal","typography_text_decoration":"none","_element_width":"initial","_element_custom_width":{"unit":"%","size":"50","sizes":[]},"bar_inline_color":"#FFFFFF","bar_inner_typography_font_weight":"500","bar_inner_typography_text_transform":"capitalize","bar_inner_typography_font_style":"normal","bar_inner_typography_text_decoration":"none","title_color":"#7A7A7A","_padding":{"unit":"em","top":"0","right":"1","bottom":"1","left":"1","isLinked":""},"_border_radius":{"unit":"px","top":"0","right":"0","bottom":"0","left":"0","isLinked":"1"},"typography_line_height":{"unit":"em","size":"1.9","sizes":[]}},"elements":[],"isInner":false,"widgetType":"progress","elType":"widget"},{"id":"2b676386","settings":{"button_type":"info","text":"more dertails","size":"md","typography_typography":"custom","typography_font_family":"Rajdhani","typography_font_size":{"unit":"em","size":"1.2","sizes":[]},"typography_font_weight":"600","typography_text_transform":"uppercase","typography_font_style":"normal","typography_text_decoration":"none","button_text_color":"#3287C7","background_color":"#FFFFFF","border_radius":{"unit":"px","top":"30","right":"30","bottom":"30","left":"30","isLinked":"1"},"text_padding":{"unit":"em","top":"","right":"","bottom":"","left":"","isLinked":"1"},"_padding":{"unit":"em","top":"1","right":"0","bottom":"1","left":"0","isLinked":""},"_element_width":"inherit","hover_color":"#FFFFFF","button_background_hover_color":"#3287C7","hover_animation":"bob","align":"justify","selected_icon":{"value":"fas fa-angle-right","library":"fa-solid"},"icon_align":"right"},"elements":[],"isInner":false,"widgetType":"button","elType":"widget"}],"isInner":"1","elType":"column"}],"isInner":"1","elType":"section"},{"id":"22255d61","settings":{"button_type":"info","text":"all aircrafts","size":"md","typography_typography":"custom","typography_font_family":"Rajdhani","typography_font_size":{"unit":"em","size":"1.2","sizes":[]},"typography_font_weight":"600","typography_text_transform":"uppercase","typography_font_style":"normal","typography_text_decoration":"none","button_text_color":"#FFFFFF","background_color":"#3287C7","border_radius":{"unit":"px","top":"30","right":"30","bottom":"30","left":"30","isLinked":"1"},"text_padding":{"unit":"em","top":"","right":"","bottom":"","left":"","isLinked":"1"},"_padding":{"unit":"em","top":"1","right":"0","bottom":"0","left":"0","isLinked":""},"_element_width":"inherit","selected_icon":{"value":"fas fa-angle-right","library":"fa-solid"},"icon_align":"right","hover_color":"#FFFFFF","button_background_hover_color":"#3287C7","hover_animation":"bob","align":"right","icon_indent":{"unit":"px","size":"11","sizes":[]},"align_tablet":"center","align_mobile":"justify"},"elements":[],"isInner":false,"widgetType":"button","elType":"widget"}],"isInner":"","elType":"column"}],"isInner":"","elType":"section"},{"id":"48a57a5e","settings":{"background_background":"classic","background_color":"#0A254F","padding":{"unit":"em","top":"4","right":"1","bottom":"4","left":"1","isLinked":""},"html_tag":"section","padding_tablet":{"unit":"em","top":"2","right":"2","bottom":"2","left":"2","isLinked":"1"},"padding_mobile":{"unit":"em","top":"1","right":"1","bottom":"1","left":"1","isLinked":"1"},"reverse_order_tablet":"reverse-tablet","reverse_order_mobile":"reverse-mobile"},"elements":[{"id":"10f4bf1d","settings":{"_column_size":"100","padding":{"unit":"em","top":"1","right":"1","bottom":"1","left":"1","isLinked":"1"},"margin":{"unit":"%","top":"0","right":"0","bottom":"0","left":"0","isLinked":""},"margin_tablet":{"unit":"px","top":"0","right":"0","bottom":"0","left":"0","isLinked":""},"padding_tablet":{"unit":"px","top":"0","right":"0","bottom":"0","left":"0","isLinked":""}},"elements":[{"id":"22a2252c","settings":{"youtube_url":"https:\/\/www.youtube.com\/watch?v=XHOmBV4js_E","vimeo_url":"https:\/\/vimeo.com\/235215203","dailymotion_url":"https:\/\/www.dailymotion.com\/video\/x6tqhqb","show_image_overlay":"yes","image_overlay":{"url":"https:\/\/autoridadenodigital.com.br\/wp-content\/uploads\/2020\/02\/william-hook-Wtn654UyGYA-unsplash.jpg","id":"912"},"_box_shadow_box_shadow_type":"yes"},"elements":[],"isInner":false,"widgetType":"video","elType":"widget"},{"id":"b542292","settings":{"text":"Divider","color":"#3563AB","weight":{"unit":"px","size":"1.7","sizes":[]},"gap":{"unit":"px","size":"2","sizes":[]},"_element_width":"initial","_element_custom_width":{"unit":"%","size":"25","sizes":[]}},"elements":[],"isInner":false,"widgetType":"divider","elType":"widget"},{"id":"34bbb2fb","settings":{"text":"Divider","color":"#BF0C1F","weight":{"unit":"px","size":"1.7","sizes":[]},"gap":{"unit":"px","size":"2","sizes":[]},"_element_width":"initial","_element_custom_width":{"unit":"%","size":"25","sizes":[]},"align":"right"},"elements":[],"isInner":false,"widgetType":"divider","elType":"widget"}],"isInner":"","elType":"column"},{"id":"b89958b","settings":{"_column_size":"50","content_position":"center","background_color":"#FFFFFF","padding":{"unit":"em","top":"1","right":"2","bottom":"1","left":"1","isLinked":""},"_inline_size_tablet":"100","padding_mobile":{"unit":"em","top":"3","right":"1","bottom":"1","left":"1","isLinked":""}},"elements":[{"id":"208d5464","settings":{"style":"wavy","width":{"unit":"%","size":"65","sizes":[]},"align":"right","look":"line_text","text":"video introduction","color":"#1DC1F1","weight":{"unit":"px","size":"2.3","sizes":[]},"pattern_height":{"unit":"px","size":"11.7","sizes":[]},"pattern_size":{"unit":"px","size":"17","sizes":[]},"gap":{"unit":"px","size":"2","sizes":[]},"text_color":"#FFFFFF","typography_typography":"custom","typography_font_family":"Rajdhani","typography_font_weight":"500","typography_text_transform":"uppercase","typography_font_style":"normal","typography_text_decoration":"none","text_align":"left","text_spacing":{"unit":"px","size":"9","sizes":[]},"_margin":{"unit":"%","top":"0","right":"0","bottom":"-3","left":"0","isLinked":""},"_padding":{"unit":"px","top":"0","right":"0","bottom":"0","left":"0","isLinked":""},"_background_color":"#BF0C1F","width_mobile":{"unit":"%","size":"81","sizes":[]},"align_mobile":"center","width_tablet":{"unit":"%","size":"37","sizes":[]},"align_tablet":"center"},"elements":[],"isInner":false,"widgetType":"divider","elType":"widget"},{"id":"4c1c273d","settings":{"title":"watch the video","title_color":"#FFFFFF","typography_typography":"custom","typography_font_family":"Rajdhani","typography_font_size":{"unit":"em","size":"2.5","sizes":[]},"typography_font_weight":"800","typography_text_transform":"capitalize","typography_font_style":"italic","typography_text_decoration":"none","_margin":{"unit":"%","top":"0","right":"0","bottom":"0","left":"0","isLinked":""},"align":"right","align_mobile":"center","align_tablet":"center"},"elements":[],"isInner":false,"widgetType":"heading","elType":"widget"},{"id":"76de0348","settings":{"editor":"<p>Enim sed faucibus turpis in eu mi bibendum. Massa eget egestas purus viverra<\/p>","align":"right","align_mobile":"center","text_color":"#FFFFFF","typography_typography":"custom","typography_font_family":"Raleway","typography_font_size":{"unit":"em","size":"1","sizes":[]},"typography_line_height":{"unit":"em","size":"1.4","sizes":[]},"text_columns":"1","align_tablet":"center","_margin_tablet":{"unit":"%","top":"-3","right":"0","bottom":"0","left":"0","isLinked":""}},"elements":[],"isInner":false,"widgetType":"text-editor","elType":"widget"},{"id":"11c83b07","settings":{"button_type":"info","text":"training lessons","size":"md","typography_typography":"custom","typography_font_family":"Rajdhani","typography_font_size":{"unit":"em","size":"1.2","sizes":[]},"typography_font_weight":"600","typography_text_transform":"uppercase","typography_font_style":"normal","typography_text_decoration":"none","button_text_color":"#FFFFFF","background_color":"#3287C7","border_radius":{"unit":"px","top":"30","right":"30","bottom":"30","left":"30","isLinked":"1"},"text_padding":{"unit":"em","top":"","right":"","bottom":"","left":"","isLinked":"1"},"_padding":{"unit":"em","top":"1","right":"0","bottom":"0","left":"0","isLinked":""},"_element_width":"inherit","selected_icon":{"value":"fas fa-angle-right","library":"fa-solid"},"icon_align":"right","hover_color":"#FFFFFF","button_background_hover_color":"#3287C7","hover_animation":"bob","align":"right","icon_indent":{"unit":"px","size":"11","sizes":[]},"align_tablet":"center","align_mobile":"justify","_padding_tablet":{"unit":"em","top":"1","right":"1","bottom":"1","left":"1","isLinked":"1"},"_padding_mobile":{"unit":"em","top":"2","right":"0","bottom":"2","left":"0","isLinked":""},"_element_width_mobile":"inherit"},"elements":[],"isInner":false,"widgetType":"button","elType":"widget"}],"isInner":"","elType":"column"}],"isInner":"","elType":"section"},{"id":"7e4ed71f","settings":{"gap":"no","custom_height":{"unit":"px","size":"699","sizes":[]},"background_background":"classic","background_image":{"url":"https:\/\/autoridadenodigital.com.br\/wp-content\/uploads\/2020\/02\/avi-richards-r57frObvmac-unsplash.jpg","id":"904"},"background_position":"center center","background_attachment":"fixed","background_repeat":"no-repeat","background_size":"cover","background_overlay_background":"classic","background_overlay_color":"#0A254F","html_tag":"section","custom_height_tablet":{"unit":"px","size":"121","sizes":[]},"background_color":"#FFFFFF","padding":{"unit":"em","top":"4","right":"2","bottom":"4","left":"2","isLinked":""},"padding_tablet":{"unit":"em","top":"2","right":"2","bottom":"2","left":"2","isLinked":"1"},"padding_mobile":{"unit":"em","top":"1","right":"1","bottom":"1","left":"1","isLinked":"1"}},"elements":[{"id":"3770d8eb","settings":{"_column_size":"100","margin":{"unit":"%","top":"0","right":"45","bottom":"0","left":"0","isLinked":""},"padding":{"unit":"em","top":"2","right":"2","bottom":"2","left":"2","isLinked":""},"background_background":"gradient","background_color":"#0A254F","background_color_b":"rgba(50, 135, 199, 0)","background_gradient_angle":{"unit":"deg","size":"90","sizes":[]},"border_border":"solid","border_width":{"unit":"px","top":"0","right":"0","bottom":"0","left":"3","isLinked":""},"border_color":"#1DC1F1","margin_tablet":{"unit":"%","top":"0","right":"27","bottom":"0","left":"0","isLinked":""},"margin_mobile":{"unit":"px","top":"0","right":"0","bottom":"0","left":"0","isLinked":""},"padding_mobile":{"unit":"em","top":"01","right":"01","bottom":"01","left":"01","isLinked":"1"}},"elements":[{"id":"c823dbf","settings":{"style":"wavy","width":{"unit":"%","size":"50","sizes":[]},"align":"left","look":"line_text","text":"training features","color":"#1DC1F1","weight":{"unit":"px","size":"2.3","sizes":[]},"pattern_height":{"unit":"px","size":"11.7","sizes":[]},"pattern_size":{"unit":"px","size":"17","sizes":[]},"gap":{"unit":"px","size":"2","sizes":[]},"text_color":"#FFFFFF","typography_typography":"custom","typography_font_family":"Rajdhani","typography_font_weight":"500","typography_text_transform":"uppercase","typography_font_style":"normal","typography_text_decoration":"none","text_align":"left","text_spacing":{"unit":"px","size":"9","sizes":[]},"_margin":{"unit":"%","top":"0","right":"0","bottom":"-3","left":"0","isLinked":""},"_padding":{"unit":"px","top":"0","right":"0","bottom":"0","left":"0","isLinked":""},"_background_color":"#BF0C1F","width_mobile":{"unit":"%","size":"81","sizes":[]},"align_mobile":"center"},"elements":[],"isInner":false,"widgetType":"divider","elType":"widget"},{"id":"38514ccd","settings":{"title":"certified instructors","title_color":"#FFFFFF","typography_typography":"custom","typography_font_family":"Rajdhani","typography_font_size":{"unit":"em","size":"2.5","sizes":[]},"typography_font_weight":"800","typography_text_transform":"capitalize","typography_font_style":"italic","typography_text_decoration":"none","_margin":{"unit":"%","top":"0","right":"0","bottom":"-3","left":"0","isLinked":""},"align_mobile":"center"},"elements":[],"isInner":false,"widgetType":"heading","elType":"widget"},{"id":"1194a24f","settings":{"editor":"<p>Nibh praesent tristique magna sit amet purus gravida quis. Elit at imperdiet dui accumsan sit amet nulla.\u00a0<\/p>","align":"justify","align_mobile":"center","text_color":"#FFFFFF","typography_typography":"custom","typography_font_family":"Raleway","typography_font_size":{"unit":"em","size":"1","sizes":[]},"typography_line_height":{"unit":"em","size":"1.4","sizes":[]},"text_columns":"1"},"elements":[],"isInner":false,"widgetType":"text-editor","elType":"widget"},{"id":"5a1d4e99","settings":{"structure":"20"},"elements":[{"id":"44515e22","settings":{"_column_size":"50","align":"center","background_background":"classic","background_color":"#FFFFFF","box_shadow_box_shadow_type":"yes","box_shadow_box_shadow":{"horizontal":"0","vertical":"0","blur":"6","spread":"0","color":"rgba(0,0,0,0.5)"},"margin":{"unit":"%","top":"3","right":"3","bottom":"3","left":"3","isLinked":"1"},"padding":{"unit":"em","top":"2","right":"1","bottom":"2","left":"1","isLinked":""}},"elements":[{"id":"58ab8485","settings":{"selected_icon":{"value":{"url":"https:\/\/autoridadenodigital.com.br\/wp-content\/uploads\/2020\/02\/wings.svg","id":"927"},"library":"svg"},"primary_color":"#1DC1F1","size":{"unit":"px","size":"50","sizes":[]}},"elements":[],"isInner":false,"widgetType":"icon","elType":"widget"},{"id":"59a72d2f","settings":{"title":"practice hours","align":"center","title_color":"#0A254F","typography_typography":"custom","typography_font_family":"Rajdhani","typography_font_size":{"unit":"em","size":"1.6","sizes":[]},"typography_font_weight":"800","typography_text_transform":"capitalize","typography_font_style":"italic","typography_text_decoration":"none","_margin":{"unit":"%","top":"0","right":"0","bottom":"-3","left":"0","isLinked":""},"header_size":"h3"},"elements":[],"isInner":false,"widgetType":"heading","elType":"widget"},{"id":"276daf41","settings":{"text":"Divider","color":"#BF0C1F","weight":{"unit":"px","size":"1.7","sizes":[]},"gap":{"unit":"px","size":"2","sizes":[]},"_element_width":"initial","_element_custom_width":{"unit":"%","size":"25","sizes":[]},"align":"right"},"elements":[],"isInner":false,"widgetType":"divider","elType":"widget"},{"id":"41d7f2b7","settings":{"editor":"<p>Nisi lacus sed viverra tellus. Fermentum et sollicitudin.<\/p>","align":"center","text_color":"#7A7A7A","typography_typography":"custom","typography_font_family":"Raleway","typography_font_size":{"unit":"em","size":"1","sizes":[]},"typography_line_height":{"unit":"em","size":"1.4","sizes":[]}},"elements":[],"isInner":false,"widgetType":"text-editor","elType":"widget"}],"isInner":"1","elType":"column"},{"id":"1ddcf775","settings":{"_column_size":"50","align":"center","background_background":"classic","background_color":"#FFFFFF","margin":{"unit":"%","top":"3","right":"3","bottom":"3","left":"3","isLinked":"1"},"padding":{"unit":"em","top":"02","right":"1","bottom":"2","left":"1","isLinked":""}},"elements":[{"id":"2f7f5041","settings":{"selected_icon":{"value":{"url":"https:\/\/autoridadenodigital.com.br\/wp-content\/uploads\/2020\/02\/award.svg","id":"928"},"library":"svg"},"primary_color":"#1DC1F1","size":{"unit":"px","size":"50","sizes":[]}},"elements":[],"isInner":false,"widgetType":"icon","elType":"widget"},{"id":"73841574","settings":{"title":"valid certificate","align":"center","title_color":"#0A254F","typography_typography":"custom","typography_font_family":"Rajdhani","typography_font_size":{"unit":"em","size":"1.6","sizes":[]},"typography_font_weight":"800","typography_text_transform":"capitalize","typography_font_style":"italic","typography_text_decoration":"none","_margin":{"unit":"%","top":"0","right":"0","bottom":"-3","left":"0","isLinked":""},"header_size":"h3"},"elements":[],"isInner":false,"widgetType":"heading","elType":"widget"},{"id":"ba39f26","settings":{"text":"Divider","color":"#BF0C1F","weight":{"unit":"px","size":"1.7","sizes":[]},"gap":{"unit":"px","size":"2","sizes":[]},"_element_width":"initial","_element_custom_width":{"unit":"%","size":"25","sizes":[]},"align":"right"},"elements":[],"isInner":false,"widgetType":"divider","elType":"widget"},{"id":"6eda7311","settings":{"editor":"<p>Nisi lacus sed viverra tellus. Fermentum et sollicitudin<\/p>","align":"center","text_color":"#7A7A7A","typography_typography":"custom","typography_font_family":"Raleway","typography_font_size":{"unit":"em","size":"1","sizes":[]},"typography_line_height":{"unit":"em","size":"1.4","sizes":[]}},"elements":[],"isInner":false,"widgetType":"text-editor","elType":"widget"}],"isInner":"1","elType":"column"}],"isInner":"1","elType":"section"},{"id":"4cbde1a1","settings":{"button_type":"info","text":"meet the team","size":"md","typography_typography":"custom","typography_font_family":"Rajdhani","typography_font_size":{"unit":"em","size":"1.2","sizes":[]},"typography_font_weight":"600","typography_text_transform":"uppercase","typography_font_style":"normal","typography_text_decoration":"none","button_text_color":"#FFFFFF","background_color":"#3287C7","border_radius":{"unit":"px","top":"30","right":"30","bottom":"30","left":"30","isLinked":"1"},"text_padding":{"unit":"em","top":"","right":"","bottom":"","left":"","isLinked":"1"},"_padding":{"unit":"em","top":"1","right":"0","bottom":"0","left":"0","isLinked":""},"_element_width":"inherit","selected_icon":{"value":"fas fa-angle-right","library":"fa-solid"},"icon_align":"right","hover_color":"#FFFFFF","button_background_hover_color":"#3287C7","hover_animation":"bob","align":"left","icon_indent":{"unit":"px","size":"11","sizes":[]},"align_tablet":"left","align_mobile":"justify","_padding_tablet":{"unit":"em","top":"1","right":"1","bottom":"1","left":"0","isLinked":""},"_padding_mobile":{"unit":"em","top":"2","right":"0","bottom":"2","left":"0","isLinked":""},"_element_width_mobile":"inherit"},"elements":[],"isInner":false,"widgetType":"button","elType":"widget"}],"isInner":"","elType":"column"}],"isInner":"","elType":"section"},{"id":"2a077df0","settings":{"structure":"22","background_overlay_position":"center right","background_overlay_attachment":"fixed","background_overlay_repeat":"no-repeat","background_overlay_size":"cover","background_overlay_opacity":{"unit":"px","size":"0.13","sizes":[]},"css_filters_css_filter":"custom","css_filters_contrast":{"unit":"px","size":"142","sizes":[]},"css_filters_saturate":{"unit":"px","size":"0","sizes":[]},"padding":{"unit":"em","top":"6","right":"1","bottom":"6","left":"1","isLinked":""},"background_background":"gradient","background_color":"#0A254F","background_color_b":"#081C3C","background_overlay_color":"#0A254F","html_tag":"section","padding_tablet":{"unit":"em","top":"2","right":"2","bottom":"2","left":"2","isLinked":"1"},"padding_mobile":{"unit":"em","top":"2","right":"2","bottom":"2","left":"2","isLinked":"1"},"reverse_order_tablet":"reverse-tablet","reverse_order_mobile":"reverse-mobile"},"elements":[{"id":"35ed1abb","settings":{"_column_size":"66","space_between_widgets":"10","background_background":"classic","background_color":"#3287C7","box_shadow_box_shadow_type":"yes","box_shadow_box_shadow":{"horizontal":"0","vertical":"0","blur":"6","spread":"0","color":"rgba(0, 0, 0, 0.26)"},"margin":{"unit":"%","top":"0","right":"0","bottom":"0","left":"0","isLinked":""},"padding":{"unit":"em","top":"2","right":"2","bottom":"2","left":"2","isLinked":"1"},"_inline_size_tablet":"100","padding_mobile":{"unit":"em","top":"1","right":"1","bottom":"1","left":"1","isLinked":"1"}},"elements":[{"id":"648d74ac","settings":{"address":"Carretera Estatal 200 Lote 22500, 76270 Tequisquiapan, Qro.","zoom":{"unit":"px","size":"17","sizes":[]},"height":{"unit":"px","size":"389","sizes":[]},"_box_shadow_box_shadow_type":"yes"},"elements":[],"isInner":false,"widgetType":"google_maps","elType":"widget"}],"isInner":"","elType":"column"},{"id":"238caec4","settings":{"_column_size":"33","content_position":"center","align":"center","background_background":"classic","background_color":"#0A254F","margin":{"unit":"%","top":"0","right":"0","bottom":"0","left":"0","isLinked":""},"padding":{"unit":"em","top":"2","right":"2","bottom":"2","left":"2","isLinked":"1"},"_inline_size_tablet":"100","border_border":"solid","border_width":{"unit":"px","top":"0","right":"0","bottom":"3","left":"0","isLinked":""},"border_color":"#1DC1F1","padding_mobile":{"unit":"em","top":"1","right":"1","bottom":"1","left":"1","isLinked":"1"}},"elements":[{"id":"74ba74eb","settings":{"style":"wavy","width":{"unit":"%","size":"61","sizes":[]},"align":"center","look":"line_text","text":"aircrafts lessons","color":"#1DC1F1","weight":{"unit":"px","size":"2.3","sizes":[]},"pattern_height":{"unit":"px","size":"11.7","sizes":[]},"pattern_size":{"unit":"px","size":"17","sizes":[]},"gap":{"unit":"px","size":"2","sizes":[]},"text_color":"#FFFFFF","typography_typography":"custom","typography_font_family":"Rajdhani","typography_font_weight":"500","typography_text_transform":"uppercase","typography_font_style":"normal","typography_text_decoration":"none","text_align":"left","text_spacing":{"unit":"px","size":"9","sizes":[]},"_margin":{"unit":"%","top":"0","right":"0","bottom":"-3","left":"0","isLinked":""},"_padding":{"unit":"px","top":"0","right":"0","bottom":"0","left":"0","isLinked":""},"_background_color":"#BF0C1F","width_tablet":{"unit":"%","size":"43","sizes":[]},"width_mobile":{"unit":"%","size":"76","sizes":[]}},"elements":[],"isInner":false,"widgetType":"divider","elType":"widget"},{"id":"7ebc31a2","settings":{"title":"contact us now !","title_color":"#FFFFFF","typography_typography":"custom","typography_font_family":"Rajdhani","typography_font_size":{"unit":"em","size":"2.5","sizes":[]},"typography_font_weight":"800","typography_text_transform":"capitalize","typography_font_style":"italic","typography_text_decoration":"none","_margin":{"unit":"%","top":"0","right":"0","bottom":"-3","left":"0","isLinked":""},"align":"center"},"elements":[],"isInner":false,"widgetType":"heading","elType":"widget"},{"id":"25d44e3","settings":{"editor":"<p>Enim sed faucibus turpis in eu mi bibendum. Massa eget egestas purus viverra Egestas sed tempus urn<\/p>","align":"center","align_mobile":"center","text_color":"#FFFFFF","typography_typography":"custom","typography_font_family":"Raleway","typography_font_size":{"unit":"em","size":"1","sizes":[]},"typography_line_height":{"unit":"em","size":"1.4","sizes":[]},"text_columns":"1"},"elements":[],"isInner":false,"widgetType":"text-editor","elType":"widget"},{"id":"d11e7d8","settings":[],"elements":[{"id":"d3fba5a","settings":{"_column_size":"100","_inline_size_tablet":"100","align":"flex-start","align_tablet":"center","padding":{"unit":"em","top":"1","right":"1","bottom":"1","left":"1","isLinked":"1"}},"elements":[{"id":"304fac3d","settings":{"selected_icon":{"value":"fab fa-whatsapp","library":"fa-brands"},"primary_color":"#FFFFFF","size":{"unit":"px","size":"25","sizes":[]},"_padding":{"unit":"em","top":"0","right":"01","bottom":"0","left":"0","isLinked":""},"_element_width":"auto","_element_vertical_align":"center"},"elements":[],"isInner":false,"widgetType":"icon","elType":"widget"},{"id":"763faeb1","settings":{"title":"55 7777 3737","header_size":"span","align":"center","title_color":"#2A9CD7","typography_typography":"custom","typography_font_family":"Rajdhani","typography_font_size":{"unit":"em","size":"1.5","sizes":[]},"typography_font_weight":"500","typography_text_transform":"none","typography_font_style":"italic","typography_text_decoration":"none","_margin":{"unit":"%","top":"0","right":"0","bottom":"0","left":"0","isLinked":""},"_element_width":"auto"},"elements":[],"isInner":false,"widgetType":"heading","elType":"widget"}],"isInner":"1","elType":"column"}],"isInner":"1","elType":"section"},{"id":"88dee81","settings":[],"elements":[{"id":"6dec8504","settings":{"_column_size":"100","_inline_size_tablet":"100","align":"flex-start","align_tablet":"center","padding":{"unit":"em","top":"1","right":"1","bottom":"1","left":"1","isLinked":"1"}},"elements":[{"id":"6de29c7b","settings":{"selected_icon":{"value":"far fa-envelope","library":"fa-regular"},"primary_color":"#FFFFFF","size":{"unit":"px","size":"25","sizes":[]},"_padding":{"unit":"em","top":"0","right":"01","bottom":"0","left":"0","isLinked":""},"_element_width":"auto","_element_vertical_align":"center"},"elements":[],"isInner":false,"widgetType":"icon","elType":"widget"},{"id":"52f44432","settings":{"title":"hello@company.com","header_size":"span","align":"center","title_color":"#2A9CD7","typography_typography":"custom","typography_font_family":"Rajdhani","typography_font_size":{"unit":"em","size":"1.4","sizes":[]},"typography_font_weight":"500","typography_text_transform":"none","typography_font_style":"italic","typography_text_decoration":"none","_margin":{"unit":"%","top":"0","right":"0","bottom":"0","left":"0","isLinked":""},"_element_width":"auto"},"elements":[],"isInner":false,"widgetType":"heading","elType":"widget"}],"isInner":"1","elType":"column"}],"isInner":"1","elType":"section"}],"isInner":"","elType":"column"}],"isInner":"","elType":"section"},{"id":"2327ba55","settings":{"layout":"full_width","gap":"no","padding":{"unit":"em","top":"0","right":"0","bottom":"-2","left":"0","isLinked":""},"z_index":"0"},"elements":[{"id":"23b05667","settings":{"_column_size":"100","margin":{"unit":"%","top":"0","right":"0","bottom":"-1","left":"0","isLinked":""},"z_index":"1"},"elements":[{"id":"eff6ef0","settings":{"wp_gallery":[{"id":"931","url":"https:\/\/autoridadenodigital.com.br\/wp-content\/uploads\/2020\/02\/lacie-slezak-7ZaFhK3LNVE-unsplash.jpg"},{"id":"902","url":"https:\/\/autoridadenodigital.com.br\/wp-content\/uploads\/2020\/02\/casey-horner-6CnmogdeQjA-unsplash.jpg"},{"id":"901","url":"https:\/\/autoridadenodigital.com.br\/wp-content\/uploads\/2020\/02\/man-flying-a-helicopter-2868217.jpg"},{"id":"940","url":"https:\/\/autoridadenodigital.com.br\/wp-content\/uploads\/2020\/02\/daniel-eledut-xDkx1NKgJpE-unsplash.jpg"},{"id":"905","url":"https:\/\/autoridadenodigital.com.br\/wp-content\/uploads\/2020\/02\/avel-chuklanov-QbTBCUJLqKY-unsplash.jpg"}],"thumbnail_size":"full-preview","gallery_columns":"5","gallery_link":"none","gallery_rand":"rand","image_spacing":"custom","image_spacing_custom":{"unit":"px","size":"0","sizes":[]}},"elements":[],"isInner":false,"widgetType":"image-gallery","elType":"widget"}],"isInner":"","elType":"column"}],"isInner":"","elType":"section"},{"id":"f31938e","settings":{"structure":"20","background_background":"classic","background_color":"#0A254F","background_position":"center center","background_attachment":"scroll","background_repeat":"no-repeat","background_size":"cover","background_overlay_background":"classic","background_overlay_image":{"url":"https:\/\/autoridadenodigital.com.br\/wp-content\/uploads\/2020\/02\/daniel-eledut-xDkx1NKgJpE-unsplash-1.jpg","id":"921"},"background_overlay_position":"center center","background_overlay_attachment":"fixed","background_overlay_repeat":"no-repeat","background_overlay_size":"cover","background_overlay_opacity":{"unit":"px","size":"0.17","sizes":[]},"css_filters_css_filter":"custom","css_filters_blur":{"unit":"px","size":"0.9","sizes":[]},"css_filters_brightness":{"unit":"px","size":"120","sizes":[]},"css_filters_contrast":{"unit":"px","size":"116","sizes":[]},"overlay_blend_mode":"luminosity","padding":{"unit":"em","top":"3","right":"1","bottom":"3","left":"1","isLinked":""}},"elements":[{"id":"1d3f6e04","settings":{"_column_size":"50","content_position":"center","align":"flex-end","padding":{"unit":"em","top":"2","right":"2","bottom":"2","left":"2","isLinked":"1"}},"elements":[{"id":"4261029e","settings":{"style":"wavy","width":{"unit":"%","size":"36","sizes":[]},"align":"right","look":"line_text","text":"follow us","color":"#1DC1F1","weight":{"unit":"px","size":"2.3","sizes":[]},"pattern_height":{"unit":"px","size":"11.7","sizes":[]},"pattern_size":{"unit":"px","size":"17","sizes":[]},"gap":{"unit":"px","size":"2","sizes":[]},"text_color":"#FFFFFF","typography_typography":"custom","typography_font_family":"Rajdhani","typography_font_weight":"500","typography_text_transform":"uppercase","typography_font_style":"normal","typography_text_decoration":"none","text_align":"left","text_spacing":{"unit":"px","size":"9","sizes":[]},"_margin":{"unit":"%","top":"0","right":"0","bottom":"-3","left":"0","isLinked":""},"_padding":{"unit":"px","top":"0","right":"0","bottom":"0","left":"0","isLinked":""},"_background_color":"#BF0C1F","width_mobile":{"unit":"%","size":"80","sizes":[]},"align_mobile":"center"},"elements":[],"isInner":false,"widgetType":"divider","elType":"widget"},{"id":"7739e44c","settings":{"title":"social media","title_color":"#FFFFFF","typography_typography":"custom","typography_font_family":"Rajdhani","typography_font_size":{"unit":"em","size":"2.5","sizes":[]},"typography_font_weight":"800","typography_text_transform":"capitalize","typography_font_style":"italic","typography_text_decoration":"none","_margin":{"unit":"%","top":"0","right":"0","bottom":"-3","left":"0","isLinked":""},"align":"right","align_mobile":"center"},"elements":[],"isInner":false,"widgetType":"heading","elType":"widget"}],"isInner":"","elType":"column"},{"id":"7c05fe07","settings":{"_column_size":"50","content_position":"center"},"elements":[{"id":"7b24720f","settings":{"social_icon_list":[{"social_icon":{"value":"fab fa-facebook","library":"fa-brands"},"_id":"b4008e2","link":{"url":"","is_external":"true","nofollow":""},"item_icon_color":"default","item_icon_primary_color":"","item_icon_secondary_color":""},{"social_icon":{"value":"fab fa-twitter","library":"fa-brands"},"_id":"7d413a0","link":{"url":"","is_external":"true","nofollow":""},"item_icon_color":"default","item_icon_primary_color":"","item_icon_secondary_color":""},{"social_icon":{"value":"fab fa-youtube","library":"fa-brands"},"_id":"5bf22b2","link":{"url":"","is_external":"true","nofollow":""},"item_icon_color":"default","item_icon_primary_color":"","item_icon_secondary_color":""}],"icon_color":"custom","icon_primary_color":"#3287C7","icon_secondary_color":"#FFFFFF","shape":"circle","align_tablet":"center","align_mobile":"center","icon_size":{"unit":"px","size":"22","sizes":[]},"icon_spacing":{"unit":"px","size":"22","sizes":[]},"hover_primary_color":"#1DC1F1","hover_secondary_color":"#FFFFFF","hover_animation":"grow","_padding":{"unit":"em","top":"1","right":"0","bottom":"0","left":"0","isLinked":""},"align":"left","_animation":"none"},"elements":[],"isInner":false,"widgetType":"social-icons","elType":"widget"}],"isInner":"","elType":"column"}],"isInner":"","elType":"section"}]}