{"version":"0.4","title":"Escola de v\u00f4o 7","type":"page","content":[{"id":"111f28e4","settings":{"html_tag":"header","structure":"20","background_background":"classic","background_color":"#0A254F","padding":{"unit":"em","top":"6","right":"1","bottom":"4","left":"1","isLinked":""},"padding_tablet":{"unit":"em","top":"2","right":"2","bottom":"2","left":"2","isLinked":"1"},"padding_mobile":{"unit":"em","top":"1","right":"1","bottom":"1","left":"1","isLinked":"1"},"background_overlay_background":"gradient","background_overlay_position":"center center","background_overlay_attachment":"scroll","background_overlay_repeat":"no-repeat","background_overlay_size":"cover","background_overlay_opacity":{"unit":"px","size":"0.95","sizes":[]},"css_filters_saturate":{"unit":"px","size":"0","sizes":[]},"background_image":{"url":"https:\/\/autoridadenodigital.com.br\/wp-content\/uploads\/2020\/02\/dan-kreibich-WwmFnd2ghkU-unsplash.jpg","id":"922"},"background_position":"bottom center","background_size":"cover","background_overlay_color":"rgba(50, 135, 199, 0.51)","background_overlay_color_stop":{"unit":"%","size":"11","sizes":[]},"background_overlay_color_b":"#0A254F","background_overlay_color_b_stop":{"unit":"%","size":"70","sizes":[]}},"elements":[{"id":"35c4d59f","settings":{"_column_size":"50","_inline_size":"32.632","_inline_size_tablet":"100","space_between_widgets":"10"},"elements":[{"id":"5f96af37","settings":{"style":"wavy","align":"left","look":"line_text","text":"get in touch","color":"#1DC1F1","weight":{"unit":"px","size":"2.3","sizes":[]},"pattern_height":{"unit":"px","size":"11.7","sizes":[]},"pattern_size":{"unit":"px","size":"17","sizes":[]},"gap":{"unit":"px","size":"2","sizes":[]},"text_color":"#FFFFFF","typography_typography":"custom","typography_font_family":"Rajdhani","typography_font_weight":"500","typography_text_transform":"uppercase","typography_font_style":"normal","typography_text_decoration":"none","text_align":"left","text_spacing":{"unit":"px","size":"9","sizes":[]},"_margin":{"unit":"%","top":"0","right":"0","bottom":"-3","left":"0","isLinked":""},"_padding":{"unit":"px","top":"0","right":"0","bottom":"0","left":"0","isLinked":""},"_background_color":"#BF0C1F","width":{"unit":"%","size":"49","sizes":[]},"width_mobile":{"unit":"%","size":"81","sizes":[]},"align_mobile":"center","_margin_tablet":{"unit":"px","top":"0","right":"0","bottom":"0","left":"0","isLinked":""}},"elements":[],"isInner":false,"widgetType":"divider","elType":"widget"},{"id":"a0dedf","settings":{"text":"Divider","color":"#3563AB","weight":{"unit":"px","size":"1.7","sizes":[]},"gap":{"unit":"px","size":"2","sizes":[]},"_element_width":"initial","_element_custom_width":{"unit":"%","size":"25","sizes":[]}},"elements":[],"isInner":false,"widgetType":"divider","elType":"widget"},{"id":"409e33bf","settings":{"text":"Divider","color":"#BF0C1F","weight":{"unit":"px","size":"1.7","sizes":[]},"gap":{"unit":"px","size":"2","sizes":[]},"_element_width":"initial","_element_custom_width":{"unit":"%","size":"25","sizes":[]}},"elements":[],"isInner":false,"widgetType":"divider","elType":"widget"},{"id":"9fcf1b2","settings":{"title":"contact us","title_color":"#FFFFFF","typography_typography":"custom","typography_font_family":"Rajdhani","typography_font_size":{"unit":"em","size":"3.5","sizes":[]},"typography_font_weight":"800","typography_text_transform":"capitalize","typography_font_style":"italic","typography_text_decoration":"none","align_mobile":"center"},"elements":[],"isInner":false,"widgetType":"heading","elType":"widget"},{"id":"6b212e15","settings":{"editor":"<p>Start today purus semper eget duis. Diam maecenas ultricies mi eget mauris.<\/p>","text_color":"#FFFFFF","typography_typography":"custom","typography_font_family":"Raleway","typography_font_size":{"unit":"em","size":"1.4","sizes":[]},"typography_font_weight":"300","typography_text_transform":"none","typography_font_style":"normal","typography_text_decoration":"none","_margin":{"unit":"%","top":"-3","right":"0","bottom":"0","left":"0","isLinked":""},"align_mobile":"center"},"elements":[],"isInner":false,"widgetType":"text-editor","elType":"widget"},{"id":"35f17a25","settings":{"image":{"url":"https:\/\/autoridadenodigital.com.br\/wp-content\/uploads\/2020\/02\/fred-kloet-IrQZkyhdOow-unsplash.jpg","id":"937"},"image_size":"custom","image_custom_dimension":{"width":"350","height":"450"},"_margin":{"unit":"%","top":"20","right":"0","bottom":"-73","left":"0","isLinked":""},"_margin_tablet":{"unit":"px","top":"0","right":"0","bottom":"0","left":"0","isLinked":""},"_z_index":"1","hide_tablet":"hidden-tablet","hide_mobile":"hidden-phone","image_border_border":"solid","image_border_width":{"unit":"px","top":"0","right":"0","bottom":"3","left":"0","isLinked":""},"image_border_color":"#0A254F"},"elements":[],"isInner":false,"widgetType":"image","elType":"widget"}],"isInner":"","elType":"column"},{"id":"6acf4d25","settings":{"_column_size":"50","_inline_size":"67.368","_inline_size_tablet":"100","content_position":"center","margin":{"unit":"%","top":"20","right":"0","bottom":"0","left":"0","isLinked":""},"margin_tablet":{"unit":"px","top":"0","right":"0","bottom":"0","left":"0","isLinked":""},"padding":{"unit":"em","top":"1","right":"1","bottom":"1","left":"1","isLinked":"1"},"padding_tablet":{"unit":"em","top":"","right":"","bottom":"","left":"","isLinked":"1"},"padding_mobile":{"unit":"px","top":"0","right":"0","bottom":"0","left":"0","isLinked":""}},"elements":[{"id":"b63b70e","settings":{"button_type":"info","text":"apply now","size":"md","typography_typography":"custom","typography_font_family":"Rajdhani","typography_font_size":{"unit":"em","size":"1.2","sizes":[]},"typography_font_weight":"600","typography_text_transform":"uppercase","typography_font_style":"normal","typography_text_decoration":"none","text_shadow_text_shadow_type":"yes","button_text_color":"#FFFFFF","background_color":"#BF0C1F","border_radius":{"unit":"px","top":"30","right":"30","bottom":"30","left":"30","isLinked":"1"},"text_padding":{"unit":"em","top":"","right":"","bottom":"","left":"","isLinked":"1"},"_padding":{"unit":"em","top":"1","right":"1","bottom":"1","left":"1","isLinked":""},"_element_width":"initial","hover_animation":"bob","align":"justify","_element_custom_width":{"unit":"%","size":"50","sizes":[]},"_padding_mobile":{"unit":"em","top":"2","right":"0","bottom":"1","left":"0","isLinked":""},"_element_width_mobile":"inherit","selected_icon":{"value":"far fa-address-card","library":"fa-regular"},"icon_align":"right"},"elements":[],"isInner":false,"widgetType":"button","elType":"widget"},{"id":"6be9ea73","settings":{"button_type":"info","text":"call us","size":"md","typography_typography":"custom","typography_font_family":"Rajdhani","typography_font_size":{"unit":"em","size":"1.2","sizes":[]},"typography_font_weight":"600","typography_text_transform":"uppercase","typography_font_style":"normal","typography_text_decoration":"none","text_shadow_text_shadow_type":"yes","button_text_color":"#FFFFFF","background_color":"#2A9CD7","border_radius":{"unit":"px","top":"30","right":"30","bottom":"30","left":"30","isLinked":"1"},"text_padding":{"unit":"em","top":"","right":"","bottom":"","left":"","isLinked":"1"},"_padding":{"unit":"em","top":"1","right":"1","bottom":"1","left":"1","isLinked":""},"_element_width":"initial","hover_animation":"bob","align":"justify","_element_custom_width":{"unit":"%","size":"50","sizes":[]},"_padding_mobile":{"unit":"em","top":"2","right":"0","bottom":"1","left":"0","isLinked":""},"_element_width_mobile":"inherit","link":{"url":"tel: +1 111 111 1111","is_external":"","nofollow":""},"selected_icon":{"value":"fab fa-skype","library":"fa-brands"},"icon_align":"right"},"elements":[],"isInner":false,"widgetType":"button","elType":"widget"},{"id":"e1744c0","settings":{"structure":"20","background_background":"gradient","background_color":"rgba(53, 99, 171, 0.36)","background_color_b":"#0A254F","padding":{"unit":"em","top":"1","right":"1","bottom":"1","left":"1","isLinked":"1"}},"elements":[{"id":"52dc80cc","settings":{"_column_size":"50"},"elements":[{"id":"41db687e","settings":{"editor":"<p>Arcu cursus euismod quis viverra nibh cras pulvinar mattis nunc. Sed nisi lacus sed viverra tellus. Feugiat nisl<\/p>","text_color":"#FFFFFF","typography_typography":"custom","typography_font_family":"Raleway","typography_font_size":{"unit":"em","size":"1","sizes":[]},"typography_line_height":{"unit":"em","size":"1.4","sizes":[]},"align":"left","align_mobile":"center","_margin":{"unit":"%","top":"-4","right":"0","bottom":"0","left":"0","isLinked":""}},"elements":[],"isInner":false,"widgetType":"text-editor","elType":"widget"}],"isInner":"1","elType":"column"},{"id":"c179b0","settings":{"_column_size":"50","content_position":"center","align":"center"},"elements":[{"id":"5647ef4f","settings":{"selected_icon":{"value":"far fa-clock","library":"fa-regular"},"primary_color":"#FFFFFF","size":{"unit":"px","size":"25","sizes":[]},"_padding":{"unit":"em","top":"0","right":"01","bottom":"0","left":"0","isLinked":""},"_element_width":"auto","_element_vertical_align":"center","_margin_mobile":{"unit":"px","top":"0","right":"0","bottom":"0","left":"0","isLinked":""},"_padding_mobile":{"unit":"px","top":"0","right":"0","bottom":"0","left":"0","isLinked":""},"_element_width_mobile":"inherit"},"elements":[],"isInner":false,"widgetType":"icon","elType":"widget"},{"id":"67936764","settings":{"title":"M-F 10 am - 9 pm","header_size":"span","align":"center","title_color":"#FFFFFF","typography_typography":"custom","typography_font_family":"Rajdhani","typography_font_size":{"unit":"em","size":"2","sizes":[]},"typography_font_weight":"500","typography_text_transform":"none","typography_font_style":"italic","typography_text_decoration":"none","_margin":{"unit":"%","top":"0","right":"0","bottom":"0","left":"0","isLinked":""},"_element_width":"auto"},"elements":[],"isInner":false,"widgetType":"heading","elType":"widget"}],"isInner":"1","elType":"column"}],"isInner":"1","elType":"section"}],"isInner":"","elType":"column"}],"isInner":"","elType":"section"},{"id":"2a205a83","settings":{"html_tag":"section","background_background":"classic","background_color":"#FFFFFF","padding":{"unit":"em","top":"4","right":"1","bottom":"4","left":"1","isLinked":""},"padding_tablet":{"unit":"em","top":"2","right":"2","bottom":"2","left":"2","isLinked":"1"},"padding_mobile":{"unit":"em","top":"2","right":"1","bottom":"2","left":"1","isLinked":""}},"elements":[{"id":"4351fe9c","settings":{"_column_size":"100","_inline_size_tablet":"100","background_background":"classic","background_color":"#FFFFFF","box_shadow_box_shadow_type":"yes","margin":{"unit":"%","top":"0","right":"0","bottom":"0","left":"34","isLinked":""},"margin_tablet":{"unit":"px","top":"0","right":"0","bottom":"0","left":"0","isLinked":""},"padding":{"unit":"em","top":"2","right":"2","bottom":"2","left":"2","isLinked":"1"},"padding_mobile":{"unit":"em","top":"1","right":"1","bottom":"1","left":"1","isLinked":"1"},"box_shadow_box_shadow":{"horizontal":"0","vertical":"0","blur":"12","spread":"0","color":"rgba(0, 0, 0, 0.21)"}},"elements":[{"id":"2030a960","settings":{"style":"wavy","width":{"unit":"%","size":"35","sizes":[]},"align":"left","look":"line_text","text":"training school","color":"#1DC1F1","weight":{"unit":"px","size":"2.3","sizes":[]},"pattern_height":{"unit":"px","size":"11.7","sizes":[]},"pattern_size":{"unit":"px","size":"17","sizes":[]},"gap":{"unit":"px","size":"2","sizes":[]},"text_color":"#7A7A7A","typography_typography":"custom","typography_font_family":"Rajdhani","typography_font_weight":"500","typography_text_transform":"uppercase","typography_font_style":"normal","typography_text_decoration":"none","text_align":"left","text_spacing":{"unit":"px","size":"9","sizes":[]},"_margin":{"unit":"%","top":"0","right":"0","bottom":"-3","left":"0","isLinked":""},"_padding":{"unit":"px","top":"0","right":"0","bottom":"0","left":"0","isLinked":""},"_background_color":"#BF0C1F","width_mobile":{"unit":"%","size":"79","sizes":[]},"align_mobile":"center"},"elements":[],"isInner":false,"widgetType":"divider","elType":"widget"},{"id":"5f50845d","settings":{"title":"visit us today","title_color":"#0A254F","typography_typography":"custom","typography_font_family":"Rajdhani","typography_font_size":{"unit":"em","size":"2.5","sizes":[]},"typography_font_weight":"800","typography_text_transform":"capitalize","typography_font_style":"italic","typography_text_decoration":"none","_margin":{"unit":"%","top":"0","right":"0","bottom":"0","left":"0","isLinked":""},"align":"left","align_mobile":"center"},"elements":[],"isInner":false,"widgetType":"heading","elType":"widget"},{"id":"54543e8","settings":{"address":"aerodromo ocotlan","zoom":{"unit":"px","size":"16","sizes":[]},"height":{"unit":"px","size":"225","sizes":[]}},"elements":[],"isInner":false,"widgetType":"google_maps","elType":"widget"}],"isInner":"","elType":"column"}],"isInner":"","elType":"section"},{"id":"29ede115","settings":{"html_tag":"section","structure":"20","background_background":"classic","background_color":"#0A254F","background_position":"center center","background_attachment":"scroll","background_repeat":"no-repeat","background_size":"cover","background_overlay_background":"classic","background_overlay_image":{"url":"https:\/\/autoridadenodigital.com.br\/wp-content\/uploads\/2020\/02\/daniel-eledut-xDkx1NKgJpE-unsplash-1.jpg","id":"921"},"background_overlay_position":"center center","background_overlay_attachment":"fixed","background_overlay_repeat":"no-repeat","background_overlay_size":"cover","background_overlay_opacity":{"unit":"px","size":"0.17","sizes":[]},"css_filters_css_filter":"custom","css_filters_blur":{"unit":"px","size":"0.9","sizes":[]},"css_filters_brightness":{"unit":"px","size":"120","sizes":[]},"css_filters_contrast":{"unit":"px","size":"116","sizes":[]},"overlay_blend_mode":"luminosity","padding":{"unit":"em","top":"3","right":"1","bottom":"3","left":"1","isLinked":""}},"elements":[{"id":"5f386b31","settings":{"_column_size":"50","_inline_size":"57.982","content_position":"center","align":"flex-end","padding":{"unit":"em","top":"2","right":"2","bottom":"2","left":"2","isLinked":"1"},"_inline_size_tablet":"50"},"elements":[{"id":"3b668a87","settings":{"style":"wavy","width":{"unit":"%","size":"24","sizes":[]},"align":"right","look":"line_text","text":"follow us","color":"#1DC1F1","weight":{"unit":"px","size":"2.3","sizes":[]},"pattern_height":{"unit":"px","size":"11.7","sizes":[]},"pattern_size":{"unit":"px","size":"17","sizes":[]},"gap":{"unit":"px","size":"2","sizes":[]},"text_color":"#FFFFFF","typography_typography":"custom","typography_font_family":"Rajdhani","typography_font_weight":"500","typography_text_transform":"uppercase","typography_font_style":"normal","typography_text_decoration":"none","text_align":"left","text_spacing":{"unit":"px","size":"9","sizes":[]},"_margin":{"unit":"%","top":"0","right":"0","bottom":"-3","left":"0","isLinked":""},"_padding":{"unit":"px","top":"0","right":"0","bottom":"0","left":"0","isLinked":""},"_background_color":"#BF0C1F","width_tablet":{"unit":"%","size":"42","sizes":[]},"width_mobile":{"unit":"%","size":"65","sizes":[]},"align_mobile":"center"},"elements":[],"isInner":false,"widgetType":"divider","elType":"widget"},{"id":"2539f6df","settings":{"title":"social media","title_color":"#FFFFFF","typography_typography":"custom","typography_font_family":"Rajdhani","typography_font_size":{"unit":"em","size":"2.5","sizes":[]},"typography_font_weight":"800","typography_text_transform":"capitalize","typography_font_style":"italic","typography_text_decoration":"none","_margin":{"unit":"%","top":"0","right":"0","bottom":"-3","left":"0","isLinked":""},"align":"right","align_mobile":"center"},"elements":[],"isInner":false,"widgetType":"heading","elType":"widget"}],"isInner":"","elType":"column"},{"id":"69849e7e","settings":{"_column_size":"50","_inline_size":"41.932","content_position":"center","_inline_size_tablet":"50"},"elements":[{"id":"7c71db0","settings":{"social_icon_list":[{"social_icon":{"value":"fab fa-facebook","library":"fa-brands"},"_id":"b4008e2","link":{"url":"","is_external":"true","nofollow":""},"item_icon_color":"default","item_icon_primary_color":"","item_icon_secondary_color":""},{"social_icon":{"value":"fab fa-instagram","library":"fa-brands"},"link":{"url":"","is_external":"true","nofollow":""},"item_icon_color":"default","item_icon_primary_color":"","item_icon_secondary_color":"","_id":"1f5efe2"},{"social_icon":{"value":"fab fa-twitter","library":"fa-brands"},"_id":"7d413a0","link":{"url":"","is_external":"true","nofollow":""},"item_icon_color":"default","item_icon_primary_color":"","item_icon_secondary_color":""},{"social_icon":{"value":"fab fa-youtube","library":"fa-brands"},"_id":"5bf22b2","link":{"url":"","is_external":"true","nofollow":""},"item_icon_color":"default","item_icon_primary_color":"","item_icon_secondary_color":""}],"icon_color":"custom","icon_primary_color":"#3287C7","icon_secondary_color":"#FFFFFF","shape":"circle","align_tablet":"center","align_mobile":"center","icon_size":{"unit":"px","size":"22","sizes":[]},"icon_spacing":{"unit":"px","size":"22","sizes":[]},"hover_primary_color":"#0A254F","hover_secondary_color":"#FFFFFF","hover_animation":"grow","_padding":{"unit":"em","top":"1","right":"0","bottom":"0","left":"0","isLinked":""}},"elements":[],"isInner":false,"widgetType":"social-icons","elType":"widget"}],"isInner":"","elType":"column"}],"isInner":"","elType":"section"}]}