{"version":"0.4","title":"Nightclub > Home Nightclub 8","type":"page","content":[{"id":"40156dde","settings":{"background_background":"video","background_color":"#f92056","margin":{"unit":"px","top":"","right":"0","bottom":"","left":"0","isLinked":"1"},"padding":{"unit":"px","top":"0","right":"20","bottom":"0","left":"20","isLinked":""},"gap":"no","background_color_stop":{"unit":"%","size":"18"},"background_color_b":"#00deff","background_color_b_stop":{"unit":"%","size":"82"},"shape_divider_top_color":"#eeeeee","shape_divider_top_height":{"unit":"px","size":"85"},"background_gradient_angle":{"unit":"deg","size":"170"},"background_image":{"url":"http:\/\/sitefacilitado.com.br\/membros\/wp-content\/uploads\/2020\/03\/redd-angelo-393010-unsplash.jpg","id":"6755"},"background_position":"center center","background_attachment":"fixed","background_repeat":"no-repeat","background_size":"cover","background_overlay_background":"gradient","background_overlay_color":"#00deff","background_overlay_gradient_angle":{"unit":"deg","size":"340"},"background_overlay_opacity":{"unit":"px","size":"0.2"},"structure":"30","background_video_link":"https:\/\/www.youtube.com\/watch?v=3V7CzVXCrkI","background_video_fallback":{"url":"http:\/\/sitefacilitado.com.br\/membros\/wp-content\/uploads\/2020\/03\/redd-angelo-393010-unsplash.jpg","id":"6755"},"background_overlay_color_stop":{"unit":"%","size":"10"},"background_overlay_color_b_stop":{"unit":"%","size":"90"},"padding_tablet":{"unit":"px","top":"40","right":"40","bottom":"40","left":"40","isLinked":"1"},"padding_mobile":{"unit":"px","top":"20","right":"20","bottom":"20","left":"20","isLinked":"1"},"height":"min-height","custom_height":{"unit":"vh","size":"100"},"background_video_start":"6"},"elements":[{"id":"57347bef","settings":{"_column_size":"33","_inline_size":"","background_background":"classic","background_color":"rgba(0,44,58,0.6)","border_border":"solid","border_width":{"unit":"px","top":"0","right":"0","bottom":"0","left":"10","isLinked":""},"border_color":"#00deff","padding":{"unit":"px","top":"0","right":"50","bottom":"40","left":"50","isLinked":""},"padding_mobile":{"unit":"px","top":"30","right":"20","bottom":"30","left":"30","isLinked":""},"_inline_size_tablet":"50","_inline_size_mobile":"70","box_shadow_box_shadow":{"horizontal":"7","vertical":"10","blur":"0","spread":"0","color":"#f92056"},"margin":{"unit":"px","top":"40","right":"0","bottom":"40","left":"0","isLinked":""}},"elements":[{"id":"21d5434a","settings":{"marker":"underline_zigzag","before_text":"Los Angeles","highlighted_text":"Club","rotating_text":"Better\nBigger\nFaster","alignment":"left","tag":"h1","marker_color":"#f92056","stroke_width":{"unit":"px","size":"6"},"title_color":"#ffffff","title_typography_typography":"custom","title_typography_font_family":"Poppins","title_typography_text_transform":"uppercase","title_typography_letter_spacing":{"unit":"px","size":"4"},"words_color":"#ffffff","words_typography_typography":"custom","words_typography_font_family":"Poppins","words_typography_letter_spacing":{"unit":"px","size":"2"},"_margin":{"unit":"px","top":"-30","right":"-100","bottom":"-30","left":"0","isLinked":""},"custom_css":"selector h1{\n    text-shadow: 3px 4px 0px #f92056\n}","title_typography_font_size":{"unit":"px","size":"100"},"title_typography_font_size_mobile":{"unit":"px","size":"50"},"title_typography_line_height":{"unit":"em","size":"1"},"_padding_mobile":{"unit":"px","top":"0","right":"0","bottom":"1","left":"0","isLinked":""}},"elements":[],"isInner":false,"widgetType":"animated-headline","elType":"widget"},{"id":"1d97bf53","settings":{"editor":"<p>No.3 King St, LA. (+84) 123 4568<\/p>","text_color":"#00deff","typography_typography":"custom","typography_font_family":"Yellowtail","_margin":{"unit":"px","top":"0","right":"0","bottom":"-10","left":"0","isLinked":""},"align":"left","typography_font_size":{"unit":"px","size":"21"},"typography_font_weight":"400"},"elements":[],"isInner":false,"widgetType":"text-editor","elType":"widget"}],"isInner":"","elType":"column"},{"id":"30e8f41b","settings":{"_column_size":"33","_inline_size":"","padding":{"unit":"px","top":"0","right":"40","bottom":"0","left":"40","isLinked":""},"_inline_size_tablet":"25","_inline_size_mobile":"15"},"elements":[],"isInner":"","elType":"column"},{"id":"4e891744","settings":{"_column_size":"33","_inline_size":"","padding":{"unit":"px","top":"0","right":"40","bottom":"0","left":"40","isLinked":""},"_inline_size_tablet":"25","_inline_size_mobile":"15"},"elements":[],"isInner":"","elType":"column"}],"isInner":"","elType":"section"},{"id":"58f3821d","settings":{"gap":"no","background_background":"classic","background_color":"#000000","layout":"full_width"},"elements":[{"id":"ff917c1","settings":{"_column_size":"100","margin":{"unit":"px","top":"0","right":"0","bottom":"0","left":"0","isLinked":""}},"elements":[{"id":"7f56011a","settings":{"layout":"full_width","gap":"no","structure":"30","margin":{"unit":"px","top":"0","right":"0","bottom":"0","left":"0","isLinked":"1"}},"elements":[{"id":"271ef5d8","settings":{"_column_size":"33","_inline_size":"","background_background":"classic","background_color":"#db6159","background_image":{"id":"6747","url":"http:\/\/sitefacilitado.com.br\/membros\/wp-content\/uploads\/2020\/03\/drew-murphy-752267-unsplash.jpg"},"background_position":"center center","background_size":"cover","background_overlay_background":"gradient","background_overlay_color":"rgba(51,51,51,0)","background_overlay_color_stop":{"unit":"%","size":"25"},"background_overlay_color_b":"#000000","background_overlay_gradient_angle":{"unit":"deg","size":"210"},"background_overlay_opacity":{"unit":"px","size":"0.9"},"background_overlay_hover_background":"classic","background_overlay_hover_color":"#f92056","background_overlay_hover_color_b":"#db6159","background_overlay_hover_opacity":{"unit":"px","size":"0.7"},"background_overlay_hover_transition":{"unit":"px","size":"0.2"},"padding":{"unit":"px","top":"280","right":"35","bottom":"30","left":"35","isLinked":""}},"elements":[{"id":"58b4ff7c","settings":{"title":"For Ladies","size":"small","header_size":"h4","align":"left","title_color":"#ffffff","typography_typography":"custom","typography_font_family":"Poppins","link":{"url":"#","is_external":"","nofollow":""},"typography_font_weight":"400","_margin":{"unit":"px","top":"0","right":"0","bottom":"0","left":"0","isLinked":""}},"elements":[],"isInner":false,"widgetType":"heading","elType":"widget"},{"id":"46218988","settings":{"title":"All Night Out","size":"large","align":"left","title_color":"#ffffff","typography_typography":"custom","typography_font_family":"Poppins","link":{"url":"#","is_external":"","nofollow":""},"typography_font_weight":"700","typography_text_transform":"uppercase","text_shadow_text_shadow_type":"yes","text_shadow_text_shadow":{"horizontal":"2","vertical":"3","blur":"0","color":"#f92056"},"_margin":{"unit":"px","top":"-10","right":"0","bottom":"0","left":"0","isLinked":""},"header_size":"h3"},"elements":[],"isInner":false,"widgetType":"heading","elType":"widget"}],"isInner":"1","elType":"column"},{"id":"323e5b21","settings":{"_column_size":"33","_inline_size":"","background_background":"classic","background_color":"#db6159","background_image":{"id":"6742","url":"http:\/\/sitefacilitado.com.br\/membros\/wp-content\/uploads\/2020\/03\/michael-discenza-199756-unsplash.jpg"},"background_position":"center center","background_size":"cover","background_overlay_background":"gradient","background_overlay_color":"rgba(51,51,51,0)","background_overlay_color_stop":{"unit":"%","size":"25"},"background_overlay_color_b":"#000000","background_overlay_gradient_angle":{"unit":"deg","size":"210"},"background_overlay_opacity":{"unit":"px","size":"0.9"},"background_overlay_hover_background":"classic","background_overlay_hover_color":"#00deff","background_overlay_hover_color_b":"#f92056","background_overlay_hover_opacity":{"unit":"px","size":"0.6"},"background_overlay_hover_transition":{"unit":"px","size":"0.2"},"padding":{"unit":"px","top":"280","right":"35","bottom":"30","left":"35","isLinked":""},"background_overlay_hover_gradient_angle":{"unit":"deg","size":"210"}},"elements":[{"id":"28289a4a","settings":{"title":"Catch Up","size":"small","header_size":"h4","align":"left","title_color":"#ffffff","typography_typography":"custom","typography_font_family":"Poppins","link":{"url":"#","is_external":"","nofollow":""},"typography_font_weight":"400","_margin":{"unit":"px","top":"0","right":"0","bottom":"0","left":"0","isLinked":""}},"elements":[],"isInner":false,"widgetType":"heading","elType":"widget"},{"id":"79a1b777","settings":{"title":"Trending Music","size":"large","align":"left","title_color":"#ffffff","typography_typography":"custom","typography_font_family":"Poppins","link":{"url":"#","is_external":"","nofollow":""},"typography_font_weight":"700","typography_text_transform":"uppercase","text_shadow_text_shadow_type":"yes","text_shadow_text_shadow":{"horizontal":"2","vertical":"3","blur":"0","color":"#f92056"},"_margin":{"unit":"px","top":"-10","right":"0","bottom":"0","left":"0","isLinked":""},"header_size":"h3"},"elements":[],"isInner":false,"widgetType":"heading","elType":"widget"}],"isInner":"1","elType":"column"},{"id":"abc052f","settings":{"_column_size":"33","_inline_size":"","background_background":"classic","background_color":"#f92056","background_image":{"id":"6748","url":"http:\/\/sitefacilitado.com.br\/membros\/wp-content\/uploads\/2020\/03\/henri-pham-356887-unsplash.jpg"},"background_position":"center center","background_size":"cover","background_overlay_background":"gradient","background_overlay_color":"rgba(51,51,51,0)","background_overlay_color_stop":{"unit":"%","size":"25"},"background_overlay_color_b":"#000000","background_overlay_gradient_angle":{"unit":"deg","size":"210"},"background_overlay_opacity":{"unit":"px","size":"0.9"},"background_overlay_hover_background":"classic","background_overlay_hover_color":"#f92056","background_overlay_hover_color_b":"#db6159","background_overlay_hover_opacity":{"unit":"px","size":"0.7"},"background_overlay_hover_transition":{"unit":"px","size":"0.2"},"padding":{"unit":"px","top":"280","right":"35","bottom":"30","left":"35","isLinked":""}},"elements":[{"id":"7cffbbd8","settings":{"title":"Beautiful","size":"small","header_size":"h4","align":"left","title_color":"#ffffff","typography_typography":"custom","typography_font_family":"Poppins","link":{"url":"#","is_external":"","nofollow":""},"typography_font_weight":"400","_margin":{"unit":"px","top":"0","right":"0","bottom":"0","left":"0","isLinked":""}},"elements":[],"isInner":false,"widgetType":"heading","elType":"widget"},{"id":"6383704b","settings":{"title":"Chill City View","size":"large","align":"left","title_color":"#ffffff","typography_typography":"custom","typography_font_family":"Poppins","link":{"url":"#","is_external":"","nofollow":""},"typography_font_weight":"700","typography_text_transform":"uppercase","text_shadow_text_shadow_type":"yes","text_shadow_text_shadow":{"horizontal":"2","vertical":"3","blur":"0","color":"#f92056"},"_margin":{"unit":"px","top":"-10","right":"0","bottom":"0","left":"0","isLinked":""},"header_size":"h3"},"elements":[],"isInner":false,"widgetType":"heading","elType":"widget"}],"isInner":"1","elType":"column"}],"isInner":"1","elType":"section"}],"isInner":"","elType":"column"}],"isInner":"","elType":"section"},{"id":"4f686cb0","settings":{"structure":"21","background_background":"classic","background_color":"#002c3a","margin":{"unit":"px","top":"","right":"0","bottom":"","left":"0","isLinked":"1"},"padding":{"unit":"px","top":"60","right":"0","bottom":"30","left":"0","isLinked":""},"padding_tablet":{"unit":"px","top":"40","right":"20","bottom":"40","left":"20","isLinked":""},"padding_mobile":{"unit":"px","top":"20","right":"20","bottom":"20","left":"20","isLinked":"1"}},"elements":[{"id":"7be2342d","settings":{"_column_size":"33","_inline_size":"29.035"},"elements":[{"id":"36cca05","settings":{"title":"Los Angeles <br>Club","size":"xl","align":"left","title_color":"#ffffff","typography_typography":"custom","typography_font_family":"Poppins","link":{"url":"#","is_external":"","nofollow":""},"typography_font_weight":"700","typography_text_transform":"uppercase","text_shadow_text_shadow_type":"yes","text_shadow_text_shadow":{"horizontal":"2","vertical":"3","blur":"0","color":"#f92056"},"_margin":{"unit":"px","top":"20","right":"0","bottom":"0","left":"0","isLinked":""},"align_mobile":"left"},"elements":[],"isInner":false,"widgetType":"heading","elType":"widget"}],"isInner":"","elType":"column"},{"id":"742616e2","settings":{"_column_size":"66","_inline_size":"70.962"},"elements":[{"id":"193aef8f","settings":{"editor":"<p>Lorem ipsum dolor sit amet, consectetur adipiscing elit. Ut elit tellus, luctus nec ullamcorper mattis, pulvinar dapibus leo. Ut elit tellus, dolor sit\u00a0mattis.<\/p><p>\u00a0<\/p>","text_color":"#ffffff","typography_typography":"custom","typography_font_family":"Poppins","typography_line_height":{"unit":"em","size":"1.6"},"typography_letter_spacing":{"unit":"px","size":"0.5"},"align_mobile":"left"},"elements":[],"isInner":false,"widgetType":"text-editor","elType":"widget"}],"isInner":"","elType":"column"}],"isInner":"","elType":"section"},{"id":"209961ec","settings":{"background_background":"classic","background_color":"#002c3a","margin":{"unit":"px","top":"0","right":"0","bottom":"0","left":"0","isLinked":"1"},"padding":{"unit":"px","top":"0","right":"0","bottom":"0","left":"0","isLinked":""},"padding_tablet":{"unit":"px","top":"40","right":"20","bottom":"40","left":"20","isLinked":""},"padding_mobile":{"unit":"px","top":"20","right":"20","bottom":"20","left":"20","isLinked":"1"},"layout":"full_width"},"elements":[{"id":"3738e18","settings":{"_column_size":"100","padding_mobile":{"unit":"px","top":"0","right":"0","bottom":"0","left":"0","isLinked":"1"}},"elements":[{"id":"69a60bf7","settings":{"layout":"full_width","gap":"wider","content_position":"middle","structure":"20","margin":{"unit":"px","top":"0","right":"0","bottom":"0","left":"0","isLinked":"1"},"padding":{"unit":"px","top":"0","right":"100","bottom":"0","left":"100","isLinked":""},"padding_tablet":{"unit":"px","top":"0","right":"0","bottom":"0","left":"0","isLinked":""}},"elements":[{"id":"589a5546","settings":{"_column_size":"50","_inline_size":"","padding_tablet":{"unit":"px","top":"0","right":"0","bottom":"0","left":"0","isLinked":"1"},"padding_mobile":{"unit":"px","top":"0","right":"0","bottom":"0","left":"0","isLinked":"1"}},"elements":[{"id":"199d27d0","settings":{"carousel":[{"id":"6748","url":"http:\/\/sitefacilitado.com.br\/membros\/wp-content\/uploads\/2020\/03\/henri-pham-356887-unsplash.jpg"},{"id":"6742","url":"http:\/\/sitefacilitado.com.br\/membros\/wp-content\/uploads\/2020\/03\/michael-discenza-199756-unsplash.jpg"},{"id":"6753","url":"http:\/\/sitefacilitado.com.br\/membros\/wp-content\/uploads\/2020\/03\/dollar-gill-481547-unsplash.jpg"}],"thumbnail_size":"custom","slides_to_show":"1","image_stretch":"yes","navigation":"arrows","pause_on_hover":"no","autoplay_speed":"3000","effect":"fade","speed":"800","arrows_size":{"unit":"px","size":"20"},"arrows_color":"rgba(255,255,255,0.6)","_border_border":"solid","_border_color":"#00deff","_box_shadow_box_shadow_type":"yes","_box_shadow_box_shadow":{"horizontal":"-7","vertical":"-8","blur":"0","spread":"0","color":"#f92056"},"thumbnail_custom_dimension":{"width":"1024","height":"1024"}},"elements":[],"isInner":false,"widgetType":"image-carousel","elType":"widget"}],"isInner":"1","elType":"column"},{"id":"4550223a","settings":{"_column_size":"50","_inline_size":"","padding_mobile":{"unit":"px","top":"30","right":"0","bottom":"0","left":"0","isLinked":""}},"elements":[{"id":"60c1bdde","settings":{"title":"Happy Hour","size":"medium","header_size":"h3","align":"left","title_color":"#ffffff","typography_typography":"custom","typography_font_weight":"400","typography_font_family":"Poppins","_margin":{"unit":"px","top":"0","right":"0","bottom":"-10","left":"-150","isLinked":""},"typography_letter_spacing":{"unit":"px","size":"2"},"typography_text_transform":"uppercase","_margin_mobile":{"unit":"px","top":"0","right":"0","bottom":"0","left":"0","isLinked":"1"},"_padding":{"unit":"px","top":"15","right":"15","bottom":"15","left":"30","isLinked":""},"_background_background":"classic","_background_color":"#f92056","align_mobile":"center"},"elements":[],"isInner":false,"widgetType":"heading","elType":"widget"},{"id":"c7923cc","settings":{"title":"2 for 1 from 7PM - 10pm","size":"xxl","align":"left","title_color":"#ffffff","typography_typography":"custom","typography_font_family":"Poppins","typography_font_weight":"700","typography_text_transform":"uppercase","typography_letter_spacing":{"unit":"px","size":"2"},"text_shadow_text_shadow_type":"yes","text_shadow_text_shadow":{"horizontal":"2","vertical":"3","blur":"0","color":"#f92056"},"typography_font_size_tablet":{"unit":"px","size":"32"},"_margin":{"unit":"px","top":"0","right":"0","bottom":"0","left":"-150","isLinked":""},"_margin_mobile":{"unit":"px","top":"0","right":"0","bottom":"0","left":"0","isLinked":"1"},"_padding":{"unit":"px","top":"15","right":"15","bottom":"15","left":"30","isLinked":""},"_background_background":"classic","_background_color":"#00deff","align_mobile":"center"},"elements":[],"isInner":false,"widgetType":"heading","elType":"widget"},{"id":"40735aa6","settings":{"editor":"<p>Lorem ipsum dolor sit amet, consectetur adipiscing elit. Ut elit tellus, luctus nec ullamcorper mattis, pulvinar dapibus leo. Ut elit tellus, dolor sit\u00a0mattis.<\/p><p>\u00a0<\/p>","text_color":"#ffffff","typography_typography":"custom","typography_font_family":"Poppins","typography_line_height":{"unit":"em","size":"1.6"},"typography_letter_spacing":{"unit":"px","size":"0.5"},"_margin":{"unit":"px","top":"40","right":"0","bottom":"40","left":"0","isLinked":""},"align_mobile":"left"},"elements":[],"isInner":false,"widgetType":"text-editor","elType":"widget"},{"id":"211bd498","settings":{"button_type":"danger","text":"Menu","align":"left","size":"xl","border_radius":{"unit":"px","top":"50","right":"50","bottom":"50","left":"50","isLinked":"1"},"text_padding":{"unit":"px","top":"15","right":"45","bottom":"15","left":"45","isLinked":""},"typography_typography":"custom","typography_font_family":"Poppins","background_color":"#f92056","button_background_hover_color":"rgba(255,255,255,0)","button_hover_border_color":"#00deff","border_border":"solid","border_width":{"unit":"px","top":"3","right":"3","bottom":"3","left":"3","isLinked":"1"},"border_color":"#f92056","typography_text_transform":"uppercase","typography_letter_spacing":{"unit":"px","size":"2"},"button_text_color":"#ffffff","hover_color":"#00deff","icon":"fa fa-arrow-circle-right","icon_align":"right","icon_indent":{"unit":"px","size":"15"},"_margin":{"unit":"px","top":"0","right":"0","bottom":"80","left":"0","isLinked":""},"align_mobile":"center"},"elements":[],"isInner":false,"widgetType":"button","elType":"widget"}],"isInner":"1","elType":"column"}],"isInner":"1","elType":"section"}],"isInner":"","elType":"column"}],"isInner":"","elType":"section"},{"id":"3428661c","settings":{"background_background":"classic","background_color":"#002c3a","margin":{"unit":"px","top":"0","right":"0","bottom":"0","left":"0","isLinked":"1"},"padding":{"unit":"px","top":"0","right":"0","bottom":"0","left":"0","isLinked":""},"padding_tablet":{"unit":"px","top":"40","right":"20","bottom":"40","left":"20","isLinked":""},"padding_mobile":{"unit":"px","top":"20","right":"20","bottom":"20","left":"20","isLinked":"1"},"layout":"full_width"},"elements":[{"id":"7b658c26","settings":{"_column_size":"100","margin":{"unit":"px","top":"-140","right":"0","bottom":"0","left":"0","isLinked":""},"padding_mobile":{"unit":"px","top":"30","right":"0","bottom":"0","left":"0","isLinked":""}},"elements":[{"id":"2022c1aa","settings":{"layout":"full_width","gap":"wider","content_position":"middle","structure":"20","margin":{"unit":"px","top":"0","right":"0","bottom":"100","left":"0","isLinked":""},"padding":{"unit":"px","top":"0","right":"100","bottom":"0","left":"100","isLinked":""},"padding_tablet":{"unit":"px","top":"0","right":"0","bottom":"0","left":"0","isLinked":""}},"elements":[{"id":"19c05c26","settings":{"_column_size":"50","_inline_size":"39.956","_inline_size_tablet":"50","padding_mobile":{"unit":"px","top":"0","right":"0","bottom":"0","left":"0","isLinked":"1"}},"elements":[{"id":"3ff3d3ae","settings":{"title":"Upcoming Events","size":"medium","header_size":"h3","align":"left","title_color":"#00deff","typography_typography":"custom","typography_font_weight":"400","typography_font_family":"Poppins","_margin":{"unit":"px","top":"80","right":"0","bottom":"-10","left":"0","isLinked":""},"typography_letter_spacing":{"unit":"px","size":"2"}},"elements":[],"isInner":false,"widgetType":"heading","elType":"widget"},{"id":"b02fd07","settings":{"title":"DJ Los Angeles","size":"xl","align":"left","title_color":"#ffffff","typography_typography":"custom","typography_font_family":"Poppins","typography_font_weight":"700","typography_text_transform":"uppercase","typography_letter_spacing":{"unit":"px","size":"2"},"text_shadow_text_shadow_type":"yes","text_shadow_text_shadow":{"horizontal":"2","vertical":"3","blur":"0","color":"#f92056"},"typography_font_size_tablet":{"unit":"px","size":"32"}},"elements":[],"isInner":false,"widgetType":"heading","elType":"widget"},{"id":"6d85c06","settings":{"weight":{"unit":"px","size":"4"},"color":"#00deff","width":{"unit":"px","size":"50"},"align":"left","gap":{"unit":"px","size":"10"},"_margin":{"unit":"px","top":"0","right":"0","bottom":"30","left":"0","isLinked":""}},"elements":[],"isInner":false,"widgetType":"divider","elType":"widget"},{"id":"4df291fa","settings":{"label_days":"Days","label_hours":"Hours","label_minutes":"Minutes","label_seconds":"Seconds","box_background_color":"#f92056","box_spacing":{"unit":"px","size":"25"},"box_spacing_tablet":{"unit":"px","size":"5"},"digits_color":"#ffffff","digits_typography_typography":"custom","digits_typography_font_family":"Poppins","digits_typography_font_size":{"unit":"px","size":"36"},"digits_typography_font_weight":"700","digits_typography_line_height":{"unit":"em","size":"1.4"},"digits_typography_letter_spacing":{"unit":"px","size":"2"},"label_color":"#ffffff","label_typography_typography":"custom","label_typography_font_family":"Poppins","label_typography_font_size":{"unit":"px","size":"13"},"label_typography_letter_spacing":{"unit":"px","size":"1"},"_margin":{"unit":"px","top":"0","right":"0","bottom":"30","left":"0","isLinked":""}},"elements":[],"isInner":false,"widgetType":"countdown","elType":"widget"},{"id":"aa9867a","settings":{"editor":"<p>Lorem ipsum dolor sit amet, consectetur adipiscing elit. Ut elit tellus, luctus nec ullamcorper mattis, pulvinar dapibus leo. Ut elit tellus, dolor sit\u00a0mattis.<\/p>","text_color":"#ffffff","typography_typography":"custom","typography_font_family":"Poppins","typography_line_height":{"unit":"em","size":"1.6"},"typography_letter_spacing":{"unit":"px","size":"0.5"},"_margin":{"unit":"px","top":"0","right":"0","bottom":"30","left":"0","isLinked":""}},"elements":[],"isInner":false,"widgetType":"text-editor","elType":"widget"},{"id":"31614d68","settings":{"button_type":"danger","text":"Get Tickets","align":"left","size":"xl","border_radius":{"unit":"px","top":"50","right":"50","bottom":"50","left":"50","isLinked":"1"},"text_padding":{"unit":"px","top":"15","right":"45","bottom":"15","left":"45","isLinked":""},"typography_typography":"custom","typography_font_family":"Poppins","background_color":"#f92056","button_background_hover_color":"rgba(255,255,255,0)","button_hover_border_color":"#00deff","border_border":"solid","border_width":{"unit":"px","top":"3","right":"3","bottom":"3","left":"3","isLinked":"1"},"border_color":"#f92056","typography_text_transform":"uppercase","typography_letter_spacing":{"unit":"px","size":"2"},"button_text_color":"#ffffff","hover_color":"#00deff","icon":"fa fa-arrow-circle-right","icon_align":"right","icon_indent":{"unit":"px","size":"15"},"_margin":{"unit":"px","top":"0","right":"0","bottom":"0","left":"0","isLinked":""}},"elements":[],"isInner":false,"widgetType":"button","elType":"widget"}],"isInner":"1","elType":"column"},{"id":"1ce1a734","settings":{"_column_size":"50","_inline_size":"60.044","_inline_size_tablet":"50","padding_mobile":{"unit":"px","top":"40","right":"0","bottom":"0","left":"0","isLinked":""}},"elements":[{"id":"44588364","settings":{"youtube_url":"https:\/\/www.youtube.com\/watch?v=3V7CzVXCrkI","vimeo_url":"https:\/\/vimeo.com\/235215203","dailymotion_url":"https:\/\/www.dailymotion.com\/video\/x6koazf","start":"6","show_image_overlay":"yes","image_overlay":{"url":"http:\/\/sitefacilitado.com.br\/membros\/wp-content\/uploads\/2020\/03\/alexander-popov-522100-unsplash.jpg","id":"6725"},"image_overlay_size":"medium_large","lightbox":"yes","_border_border":"solid","_border_width":{"unit":"px","top":"3","right":"3","bottom":"3","left":"3","isLinked":"1"},"_border_color":"#00deff","_box_shadow_box_shadow_type":"yes","_box_shadow_box_shadow":{"horizontal":"7","vertical":"8","blur":"0","spread":"0","color":"#f92056"}},"elements":[],"isInner":false,"widgetType":"video","elType":"widget"}],"isInner":"1","elType":"column"}],"isInner":"1","elType":"section"}],"isInner":"","elType":"column"}],"isInner":"","elType":"section"},{"id":"270b3482","settings":{"background_background":"classic","background_color":"#000000","margin":{"unit":"px","top":"","right":"0","bottom":"","left":"0","isLinked":"1"},"padding":{"unit":"px","top":"100","right":"100","bottom":"110","left":"100","isLinked":""},"structure":"20","background_image":{"id":"6732","url":"http:\/\/sitefacilitado.com.br\/membros\/wp-content\/uploads\/2020\/03\/redd-angelo-393003-unsplash.jpg"},"background_position":"top right","background_attachment":"fixed","background_size":"cover","background_overlay_background":"gradient","background_overlay_color":"rgba(0,44,58,0.3)","background_overlay_color_b":"#002530","background_overlay_color_b_stop":{"unit":"%","size":"80"},"background_overlay_gradient_angle":{"unit":"deg","size":"340"},"background_overlay_opacity":{"unit":"px","size":"1"},"shape_divider_bottom_color":"#f92056","shape_divider_bottom_height":{"unit":"px","size":"85"},"gap":"wider","layout":"full_width","padding_tablet":{"unit":"px","top":"80","right":"10","bottom":"80","left":"10","isLinked":""}},"elements":[{"id":"43d992df","settings":{"_column_size":"50","_inline_size":"","padding_mobile":{"unit":"px","top":"10","right":"10","bottom":"10","left":"10","isLinked":"1"}},"elements":[{"id":"3803553d","settings":{"title":"ReservE a Table","size":"xl","align":"left","title_color":"#ffffff","typography_typography":"custom","typography_font_family":"Poppins","typography_font_weight":"700","typography_text_transform":"uppercase","typography_letter_spacing":{"unit":"px","size":"2"},"text_shadow_text_shadow_type":"yes","text_shadow_text_shadow":{"horizontal":"2","vertical":"3","blur":"0","color":"#f92056"},"typography_font_size_tablet":{"unit":"px","size":"28"},"typography_font_size_mobile":{"unit":"px","size":"32"}},"elements":[],"isInner":false,"widgetType":"heading","elType":"widget"},{"id":"7a7d5990","settings":{"weight":{"unit":"px","size":"4"},"color":"#00deff","width":{"unit":"px","size":"50"},"align":"left","gap":{"unit":"px","size":"10"},"_margin":{"unit":"px","top":"0","right":"0","bottom":"40","left":"0","isLinked":""},"align_mobile":"center"},"elements":[],"isInner":false,"widgetType":"divider","elType":"widget"},{"id":"359096b5","settings":{"form_name":"Vip","form_fields":[{"_id":"name","field_type":"text","field_label":"Name","placeholder":"Name","width":"100","field_value":"","required":"","min_date":"","max_date":"","field_options":"","allow_multiple":"","select_size":"","inline_list":"","field_html":"","width_tablet":"","width_mobile":"","rows":"4","recaptcha_size":"normal","recaptcha_style":"light","css_classes":"","custom_id":"name"},{"_id":"email","field_type":"select","required":"true","field_label":"Time","placeholder":"Email","width":"100","field_value":"","min_date":"","max_date":"","field_options":"Weekend\nWeek day","allow_multiple":"","select_size":"","inline_list":"","field_html":"","width_tablet":"","width_mobile":"","rows":"4","recaptcha_size":"normal","recaptcha_style":"light","css_classes":"","custom_id":"email"},{"_id":"message","field_type":"select","field_label":"Table","placeholder":"Message","width":"100","field_value":"","required":"","min_date":"","max_date":"","field_options":"Front Table\nCenter Table\nVIP Table","allow_multiple":"","select_size":"","inline_list":"","field_html":"","width_tablet":"","width_mobile":"","rows":"4","recaptcha_size":"normal","recaptcha_style":"light","css_classes":"","custom_id":"message"}],"input_size":"md","button_text":"Book Now","button_icon":"fa fa-chevron-circle-right","button_icon_align":"right","button_icon_indent":{"unit":"px","size":"15"},"email_content":"[all-fields]","email_content_2":"[all-fields]","success_message":"The form was sent successfully.","error_message":"An errors occurred.","required_field_message":"This field is required.","invalid_message":"There's something wrong. The form is invalid.","column_gap":{"unit":"px","size":"30"},"row_gap":{"unit":"px","size":"30"},"label_spacing":{"unit":"px","size":"10"},"label_color":"#ffffff","label_typography_typography":"custom","label_typography_font_family":"Poppins","label_typography_font_weight":"700","label_typography_letter_spacing":{"unit":"px","size":"1"},"field_text_color":"#00deff","field_typography_typography":"custom","field_typography_font_family":"Poppins","field_typography_font_weight":"700","field_background_color":"rgba(255,255,255,0)","field_border_color":"#00deff","field_border_width":{"unit":"px","top":"3","right":"3","bottom":"3","left":"3","isLinked":"1"},"field_border_radius":{"unit":"px","top":"25","right":"25","bottom":"25","left":"25","isLinked":"1"},"button_background_color":"#f92056","button_text_color":"#ffffff","button_typography_typography":"custom","button_typography_font_family":"Poppins","button_typography_font_size":{"unit":"px","size":"20"},"button_typography_text_transform":"uppercase","button_typography_letter_spacing":{"unit":"px","size":"1"},"button_border_border":"solid","button_border_width":{"unit":"px","top":"3","right":"3","bottom":"3","left":"3","isLinked":"1"},"button_border_color":"#f92056","button_border_radius":{"unit":"px","top":"50","right":"50","bottom":"50","left":"50","isLinked":"1"},"button_text_padding":{"unit":"px","top":"15","right":"15","bottom":"15","left":"15","isLinked":"1"},"button_background_hover_color":"rgba(255,255,255,0)","button_hover_color":"#00deff","button_hover_border_color":"#00deff","show_labels":""},"elements":[],"isInner":false,"widgetType":"form","elType":"widget"}],"isInner":"","elType":"column"},{"id":"70370e40","settings":{"_column_size":"50","_inline_size":"","padding_mobile":{"unit":"px","top":"40","right":"10","bottom":"10","left":"10","isLinked":""}},"elements":[{"id":"35891c57","settings":{"title":"Find Us","size":"xl","align":"left","title_color":"#ffffff","typography_typography":"custom","typography_font_family":"Poppins","typography_font_weight":"700","typography_text_transform":"uppercase","typography_letter_spacing":{"unit":"px","size":"2"},"text_shadow_text_shadow_type":"yes","text_shadow_text_shadow":{"horizontal":"2","vertical":"3","blur":"0","color":"#f92056"},"typography_font_size_tablet":{"unit":"px","size":"28"},"typography_font_size_mobile":{"unit":"px","size":"32"},"align_mobile":"center","_margin_mobile":{"unit":"%","top":"0","right":"0","bottom":"0","left":"0","isLinked":"1"},"_padding_mobile":{"unit":"px","top":"0","right":"0","bottom":"0","left":"0","isLinked":"1"}},"elements":[],"isInner":false,"widgetType":"heading","elType":"widget"},{"id":"8d60389","settings":{"weight":{"unit":"px","size":"4"},"color":"#00deff","width":{"unit":"px","size":"50"},"align":"left","gap":{"unit":"px","size":"10"},"_margin":{"unit":"px","top":"0","right":"0","bottom":"40","left":"0","isLinked":""},"align_mobile":"center"},"elements":[],"isInner":false,"widgetType":"divider","elType":"widget"},{"id":"2409ff60","settings":{"address":"London Eye, London, United Kingdom","zoom":{"unit":"px","size":"12"},"height":{"unit":"px","size":"390"},"css_filters_saturate":{"unit":"px","size":"0"},"_border_border":"solid","_border_width":{"unit":"px","top":"3","right":"3","bottom":"3","left":"3","isLinked":"1"},"_border_color":"#00deff","_box_shadow_box_shadow_type":"yes","_box_shadow_box_shadow":{"horizontal":"7","vertical":"8","blur":"0","spread":"0","color":"#f92056"}},"elements":[],"isInner":false,"widgetType":"google_maps","elType":"widget"}],"isInner":"","elType":"column"}],"isInner":"","elType":"section"},{"id":"5b1947cd","settings":{"background_background":"classic","background_color":"#002c3a","margin":{"unit":"px","top":"","right":"0","bottom":"","left":"0","isLinked":"1"},"padding":{"unit":"px","top":"80","right":"0","bottom":"80","left":"0","isLinked":""},"background_overlay_color":"#303030","background_overlay_opacity":{"unit":"px","size":"0.8"},"content_position":"middle"},"elements":[{"id":"37daefbf","settings":{"_column_size":"100","_inline_size":"","border_width":{"unit":"px","top":"0","right":"0","bottom":"0","left":"0","isLinked":""},"border_color":"rgba(255,255,255,0.3)","border_radius":{"unit":"px","top":"0","right":"0","bottom":"0","left":"0","isLinked":""}},"elements":[{"id":"162704f9","settings":{"title":"Follow Us","size":"large","header_size":"p","align":"center","title_color":"#ffffff","typography_typography":"custom","typography_font_family":"Poppins","_margin":{"unit":"px","top":"0","right":"0","bottom":"30","left":"0","isLinked":""},"typography_letter_spacing":{"unit":"px","size":"1"},"text_shadow_text_shadow_type":"yes","text_shadow_text_shadow":{"horizontal":"2","vertical":"3","blur":"0","color":"#f92056"},"align_mobile":"center","typography_font_size_mobile":{"unit":"px","size":"23"}},"elements":[],"isInner":false,"widgetType":"heading","elType":"widget"},{"id":"3937498d","settings":{"social_icon_list":[{"social":"fa fa-facebook","_id":"b72a2bf","link":{"url":"","is_external":"true","nofollow":""}},{"social":"fa fa-twitter","_id":"90cadac","link":{"url":"","is_external":"true","nofollow":""}},{"social":"fa fa-google-plus","_id":"f93a93c","link":{"url":"","is_external":"true","nofollow":""}}],"shape":"circle","align_mobile":"center","icon_color":"custom","icon_primary_color":"#f92056","icon_secondary_color":"#ffffff","icon_size":{"unit":"px","size":"18"},"icon_padding":{"unit":"em","size":"0.8"},"icon_spacing":{"unit":"px","size":"20"},"hover_animation":"float"},"elements":[],"isInner":false,"widgetType":"social-icons","elType":"widget"}],"isInner":"","elType":"column"}],"isInner":"","elType":"section"}]}