{"version":"0.4","title":"Nightclub > Home Nightclub 1","type":"page","content":[{"id":"5b666502","settings":{"height":"min-height","custom_height":{"unit":"vh","size":"100"},"background_background":"classic","background_image":{"id":"6724","url":"http:\/\/sitefacilitado.com.br\/membros\/wp-content\/uploads\/2020\/03\/alexander-popov-342444-unsplash.jpg"},"background_position":"center center","background_attachment":"fixed","background_repeat":"no-repeat","background_size":"cover","background_overlay_background":"classic","background_overlay_color":"#000000","background_overlay_opacity":{"unit":"px","size":"0.4"},"shape_divider_bottom_color":"#00deff","shape_divider_bottom_height":{"unit":"px","size":"135"},"background_video_fallback":{"id":"9","url":"https:\/\/wp.envatoextensions.com\/kit-58\/wp-content\/uploads\/sites\/61\/2018\/08\/jakob-owens-317800-unsplash.jpg"},"background_overlay_color_b":"#000000","background_overlay_color_b_stop":{"unit":"%","size":"70"},"background_overlay_gradient_angle":{"unit":"deg","size":"190"},"shape_divider_top":"opacity-tilt","shape_divider_top_color":"#f92056","shape_divider_top_height":{"unit":"px","size":"135"},"margin":{"unit":"px","top":"","right":"0","bottom":"","left":"0","isLinked":"1"},"padding":{"unit":"px","top":"0","right":"0","bottom":"0","left":"0","isLinked":""}},"elements":[{"id":"442d7f1c","settings":{"_column_size":"100","margin":{"unit":"px","top":"40","right":"0","bottom":"0","left":"0","isLinked":""},"margin_tablet":{"unit":"px","top":"0","right":"30","bottom":"0","left":"30","isLinked":""}},"elements":[{"id":"32f9af69","settings":{"title":"Los Angeles Club","size":"large","align":"left","title_color":"#00deff","typography_typography":"custom","typography_font_family":"Yellowtail","_margin":{"unit":"px","top":"0","right":"0","bottom":"-10","left":"0","isLinked":""},"typography_font_weight":"400","typography_font_size":{"unit":"px","size":"62"},"header_size":"h3"},"elements":[],"isInner":false,"widgetType":"heading","elType":"widget"},{"id":"7eb0f5d2","settings":{"title":"Light Your Night","size":"xxl","header_size":"h1","align":"left","title_color":"#ffffff","typography_font_family":"Poppins","_margin":{"unit":"px","top":"40","right":"0","bottom":"0","left":"0","isLinked":""},"typography_typography":"custom","typography_font_size":{"unit":"px","size":"100"},"typography_font_size_tablet":{"unit":"px","size":"58"},"typography_font_size_mobile":{"unit":"px","size":"48"},"typography_font_weight":"700","typography_text_transform":"uppercase","typography_letter_spacing":{"unit":"px","size":"2"},"text_shadow_text_shadow_type":"yes","text_shadow_text_shadow":{"horizontal":"3","vertical":"4","blur":"0","color":"#f92056"}},"elements":[],"isInner":false,"widgetType":"heading","elType":"widget"},{"id":"47de4922","settings":{"weight":{"unit":"px","size":"4"},"color":"#00deff","width":{"unit":"px","size":"50"},"align":"left","gap":{"unit":"px","size":"10"},"_margin":{"unit":"px","top":"0","right":"0","bottom":"40","left":"0","isLinked":""}},"elements":[],"isInner":false,"widgetType":"divider","elType":"widget"},{"id":"6aab55b3","settings":{"button_type":"danger","text":"Book Now","align":"left","size":"xl","border_radius":{"unit":"px","top":"50","right":"50","bottom":"50","left":"50","isLinked":"1"},"text_padding":{"unit":"px","top":"15","right":"45","bottom":"15","left":"45","isLinked":""},"typography_typography":"custom","typography_font_family":"Poppins","background_color":"rgba(255,255,255,0)","button_background_hover_color":"rgba(255,255,255,0)","button_hover_border_color":"#00deff","border_border":"solid","border_width":{"unit":"px","top":"3","right":"3","bottom":"3","left":"3","isLinked":"1"},"border_color":"#f92056","typography_text_transform":"uppercase","typography_letter_spacing":{"unit":"px","size":"2"},"button_text_color":"#f92056","hover_color":"#00deff","button_box_shadow_box_shadow":{"horizontal":"2","vertical":"3","blur":"0","spread":"0","color":"#00deff"}},"elements":[],"isInner":false,"widgetType":"button","elType":"widget"}],"isInner":"","elType":"column"}],"isInner":"","elType":"section"},{"id":"49bb5802","settings":{"layout":"full_width","gap":"no","background_background":"classic","background_color":"#3b3b3b"},"elements":[{"id":"386d2752","settings":{"_column_size":"100"},"elements":[{"id":"177e5cc3","settings":{"layout":"full_width","gap":"no","structure":"30","margin_tablet":{"unit":"px","top":"0","right":"0","bottom":"0","left":"0","isLinked":"1"},"margin":{"unit":"px","top":"0","right":"0","bottom":"0","left":"0","isLinked":"1"}},"elements":[{"id":"ed4b86a","settings":{"_column_size":"33","_inline_size":"","background_background":"classic","background_color":"#db6159","background_image":{"id":"6725","url":"http:\/\/sitefacilitado.com.br\/membros\/wp-content\/uploads\/2020\/03\/alexander-popov-522100-unsplash.jpg"},"background_position":"center center","background_size":"cover","background_overlay_background":"gradient","background_overlay_color":"rgba(51,51,51,0)","background_overlay_color_stop":{"unit":"%","size":"25"},"background_overlay_color_b":"#000000","background_overlay_gradient_angle":{"unit":"deg","size":"210"},"background_overlay_opacity":{"unit":"px","size":"0.9"},"background_overlay_hover_background":"classic","background_overlay_hover_color":"#f92056","background_overlay_hover_color_b":"#db6159","background_overlay_hover_opacity":{"unit":"px","size":"0.7"},"background_overlay_hover_transition":{"unit":"px","size":"0.2"},"padding":{"unit":"px","top":"300","right":"35","bottom":"30","left":"35","isLinked":""}},"elements":[{"id":"40b68d89","settings":{"title":"Top DJ","size":"xl","align":"left","title_color":"#ffffff","typography_typography":"custom","typography_font_family":"Poppins","link":{"url":"#","is_external":"","nofollow":""},"typography_font_weight":"700","typography_text_transform":"uppercase","text_shadow_text_shadow_type":"yes","text_shadow_text_shadow":{"horizontal":"2","vertical":"3","blur":"0","color":"#f92056"},"header_size":"h3"},"elements":[],"isInner":false,"widgetType":"heading","elType":"widget"},{"id":"3a962761","settings":{"title":"Top 50 DJs Magazine","size":"small","header_size":"h4","align":"left","title_color":"#ffffff","typography_typography":"custom","typography_font_family":"Poppins","link":{"url":"#","is_external":"","nofollow":""},"typography_font_weight":"400","_margin":{"unit":"px","top":"-10","right":"0","bottom":"0","left":"0","isLinked":""}},"elements":[],"isInner":false,"widgetType":"heading","elType":"widget"}],"isInner":"1","elType":"column"},{"id":"659da530","settings":{"_column_size":"33","_inline_size":"","background_background":"classic","background_color":"#db6159","background_image":{"id":"6726","url":"http:\/\/sitefacilitado.com.br\/membros\/wp-content\/uploads\/2020\/03\/fancycrave-284219-unsplash.jpg"},"background_position":"center center","background_size":"cover","background_overlay_background":"gradient","background_overlay_color":"rgba(51,51,51,0)","background_overlay_color_stop":{"unit":"%","size":"25"},"background_overlay_color_b":"#000000","background_overlay_gradient_angle":{"unit":"deg","size":"210"},"background_overlay_opacity":{"unit":"px","size":"0.9"},"background_overlay_hover_background":"classic","background_overlay_hover_color":"#00deff","background_overlay_hover_color_b":"#f92056","background_overlay_hover_opacity":{"unit":"px","size":"0.6"},"background_overlay_hover_transition":{"unit":"px","size":"0.2"},"padding":{"unit":"px","top":"300","right":"35","bottom":"30","left":"35","isLinked":""},"background_overlay_hover_gradient_angle":{"unit":"deg","size":"210"}},"elements":[{"id":"5ba723d1","settings":{"title":"Never Close","size":"xl","align":"left","title_color":"#ffffff","typography_typography":"custom","typography_font_family":"Poppins","link":{"url":"#","is_external":"","nofollow":""},"typography_font_weight":"700","typography_text_transform":"uppercase","text_shadow_text_shadow_type":"yes","text_shadow_text_shadow":{"horizontal":"2","vertical":"3","blur":"0","color":"#f92056"},"header_size":"h3"},"elements":[],"isInner":false,"widgetType":"heading","elType":"widget"},{"id":"31b110d9","settings":{"title":"Open 24 hours","size":"small","header_size":"h4","align":"left","title_color":"#ffffff","typography_typography":"custom","typography_font_family":"Poppins","link":{"url":"#","is_external":"","nofollow":""},"typography_font_weight":"400","_margin":{"unit":"px","top":"-10","right":"0","bottom":"0","left":"0","isLinked":""}},"elements":[],"isInner":false,"widgetType":"heading","elType":"widget"}],"isInner":"1","elType":"column"},{"id":"6ceb7527","settings":{"_column_size":"33","_inline_size":"","background_background":"classic","background_color":"#f92056","background_image":{"id":"6727","url":"http:\/\/sitefacilitado.com.br\/membros\/wp-content\/uploads\/2020\/03\/nick-fewings-568466-unsplash.jpg"},"background_position":"center center","background_size":"cover","background_overlay_background":"gradient","background_overlay_color":"rgba(51,51,51,0)","background_overlay_color_stop":{"unit":"%","size":"25"},"background_overlay_color_b":"#000000","background_overlay_gradient_angle":{"unit":"deg","size":"210"},"background_overlay_opacity":{"unit":"px","size":"0.9"},"background_overlay_hover_background":"classic","background_overlay_hover_color":"#f92056","background_overlay_hover_color_b":"#db6159","background_overlay_hover_opacity":{"unit":"px","size":"0.7"},"background_overlay_hover_transition":{"unit":"px","size":"0.2"},"padding":{"unit":"px","top":"300","right":"35","bottom":"30","left":"35","isLinked":""}},"elements":[{"id":"55c6a9e1","settings":{"title":"Trending Drink","size":"xl","align":"left","title_color":"#ffffff","typography_typography":"custom","typography_font_family":"Poppins","link":{"url":"#","is_external":"","nofollow":""},"typography_font_weight":"700","typography_text_transform":"uppercase","text_shadow_text_shadow_type":"yes","text_shadow_text_shadow":{"horizontal":"2","vertical":"3","blur":"0","color":"#f92056"},"header_size":"h3"},"elements":[],"isInner":false,"widgetType":"heading","elType":"widget"},{"id":"273e20d4","settings":{"title":"Top trending drinks","size":"small","header_size":"h4","align":"left","title_color":"#ffffff","typography_typography":"custom","typography_font_family":"Poppins","link":{"url":"#","is_external":"","nofollow":""},"typography_font_weight":"400","_margin":{"unit":"px","top":"-10","right":"0","bottom":"0","left":"0","isLinked":""}},"elements":[],"isInner":false,"widgetType":"heading","elType":"widget"}],"isInner":"1","elType":"column"}],"isInner":"1","elType":"section"}],"isInner":"","elType":"column"}],"isInner":"","elType":"section"},{"id":"6563c8b5","settings":{"background_background":"classic","background_color":"#333333","margin":{"unit":"px","top":"","right":"0","bottom":"","left":"0","isLinked":"1"},"padding":{"unit":"px","top":"140","right":"0","bottom":"350","left":"0","isLinked":""},"background_image":{"id":"6728","url":"http:\/\/sitefacilitado.com.br\/membros\/wp-content\/uploads\/2020\/03\/alexander-popov-365743-unsplash.jpg"},"background_position":"top left","background_repeat":"no-repeat","background_size":"cover","background_overlay_background":"gradient","background_overlay_color":"#000000","background_overlay_color_stop":{"unit":"%","size":"50"},"background_overlay_color_b":"rgba(0,222,255,0.57)","background_overlay_gradient_angle":{"unit":"deg","size":"190"},"background_overlay_opacity":{"unit":"px","size":"0.85"},"shape_divider_bottom":"tilt","shape_divider_bottom_color":"#00deff","shape_divider_bottom_height":{"unit":"px","size":"85"}},"elements":[{"id":"6dc6ec3c","settings":{"_column_size":"100","_inline_size":""},"elements":[{"id":"4e4ae6fb","settings":{"title":"Let's Chill Together","size":"medium","header_size":"h3","align":"center","title_color":"#00deff","typography_typography":"custom","typography_font_weight":"400","typography_font_family":"Poppins","_margin":{"unit":"px","top":"0","right":"0","bottom":"-10","left":"0","isLinked":""},"typography_letter_spacing":{"unit":"px","size":"2"}},"elements":[],"isInner":false,"widgetType":"heading","elType":"widget"},{"id":"3477d4ad","settings":{"title":"Who we are","size":"xxl","align":"center","title_color":"#ffffff","typography_typography":"custom","typography_font_family":"Poppins","typography_font_weight":"700","typography_text_transform":"uppercase","typography_letter_spacing":{"unit":"px","size":"2"},"text_shadow_text_shadow_type":"yes","text_shadow_text_shadow":{"horizontal":"2","vertical":"3","blur":"0","color":"#f92056"}},"elements":[],"isInner":false,"widgetType":"heading","elType":"widget"},{"id":"1bfdd9e1","settings":{"weight":{"unit":"px","size":"4"},"color":"#00deff","width":{"unit":"px","size":"50"},"align":"center","gap":{"unit":"px","size":"10"},"_margin":{"unit":"px","top":"0","right":"0","bottom":"40","left":"0","isLinked":""}},"elements":[],"isInner":false,"widgetType":"divider","elType":"widget"},{"id":"433a7bc7","settings":{"padding":{"unit":"px","top":"10","right":"0","bottom":"40","left":"0","isLinked":""}},"elements":[{"id":"321b568","settings":{"_column_size":"100","_inline_size":""},"elements":[{"id":"246304fc","settings":{"editor":"<p>I am text block. Lorem <u>ipsum dolor sit<\/u> amet, consectetur adipiscing elit. Ut elit tellus, dolor sit\u00a0ullamcorper mattis, pulvinar dapibus leo. Ut elit tellus, luctus nec ullamcorper. Ut have tellus, luctus nec ullamcorper mattis, pulvinar dapibus leo. Elit tellus, luctus nec ull mattis, pulvinar leo. Lorem ipsum dolor sit amet, consectetur adipiscing elit.\u00a0<\/p><p>Ut elit tellus, dolor sit\u00a0mattis, pulvinar dolor sit\u00a0leo. Dolor sit\u00a0tellus, luctus nec is mattis, professinall dapibus leo. That elit bool, luctus nec dolor DJ. Ut elit tellus, yesterday night ullamcorper mattis, pulvinar dapibus awesome.<\/p>","typography_typography":"custom","typography_font_family":"Poppins","text_color":"#cccccc","align":"center","typography_letter_spacing":{"unit":"px","size":"0.5"}},"elements":[],"isInner":false,"widgetType":"text-editor","elType":"widget"}],"isInner":"1","elType":"column"}],"isInner":"1","elType":"section"},{"id":"4908a341","settings":{"button_type":"danger","text":"Reservation","align":"center","size":"xl","border_radius":{"unit":"px","top":"50","right":"50","bottom":"50","left":"50","isLinked":"1"},"text_padding":{"unit":"px","top":"15","right":"45","bottom":"15","left":"45","isLinked":""},"typography_typography":"custom","typography_font_family":"Poppins","background_color":"rgba(255,255,255,0)","button_background_hover_color":"rgba(255,255,255,0)","button_hover_border_color":"#00deff","border_border":"solid","border_width":{"unit":"px","top":"3","right":"3","bottom":"3","left":"3","isLinked":"1"},"border_color":"#f92056","typography_text_transform":"uppercase","typography_letter_spacing":{"unit":"px","size":"2"},"button_text_color":"#f92056","hover_color":"#00deff"},"elements":[],"isInner":false,"widgetType":"button","elType":"widget"}],"isInner":"","elType":"column"}],"isInner":"","elType":"section"},{"id":"5ea504d2","settings":{"background_background":"classic","background_color":"#00deff","margin":{"unit":"px","top":"0","right":"0","bottom":"0","left":"0","isLinked":"1"},"padding":{"unit":"px","top":"50","right":"0","bottom":"60","left":"0","isLinked":""}},"elements":[{"id":"695f9e12","settings":{"_column_size":"100","_inline_size":"","background_background":"classic","margin":{"unit":"px","top":"-240","right":"0","bottom":"0","left":"0","isLinked":""}},"elements":[{"id":"17dbf726","settings":{"structure":"20","gap":"no","box_shadow_box_shadow_type":"yes","box_shadow_box_shadow":{"horizontal":"0","vertical":"18","blur":"42","spread":"-10","color":"rgba(0,0,0,0.2)"}},"elements":[{"id":"1e4256fb","settings":{"_column_size":"50","_inline_size":"","background_background":"classic","background_color":"#ffffff","background_image":{"id":"6729","url":"http:\/\/sitefacilitado.com.br\/membros\/wp-content\/uploads\/2020\/03\/matty-adame-274356-unsplash.jpg"},"background_position":"center center","background_size":"cover","background_overlay_color":"#3b3b3b"},"elements":[{"id":"4f43881e","settings":{"image":{"id":"6730","url":"http:\/\/sitefacilitado.com.br\/membros\/wp-content\/uploads\/2020\/03\/marcela-laskoski-118684-unsplash.jpg"},"opacity":{"unit":"px","size":"0"}},"elements":[],"isInner":false,"widgetType":"image","elType":"widget"}],"isInner":"1","elType":"column"},{"id":"742a1a03","settings":{"_column_size":"50","_inline_size":"","background_background":"classic","background_color":"#ffffff","padding":{"unit":"px","top":"50","right":"50","bottom":"50","left":"50","isLinked":"1"},"padding_mobile":{"unit":"px","top":"30","right":"30","bottom":"30","left":"30","isLinked":"1"}},"elements":[{"id":"1f3ceb1a","settings":{"title":"Chill Sets","size":"medium","header_size":"h3","align":"left","title_color":"#f92056","typography_typography":"custom","typography_font_weight":"400","_margin":{"unit":"px","top":"0","right":"0","bottom":"-10","left":"0","isLinked":""},"typography_font_family":"Poppins","typography_letter_spacing":{"unit":"px","size":"2"}},"elements":[],"isInner":false,"widgetType":"heading","elType":"widget"},{"id":"5d4abac0","settings":{"title":"Top trend Music","size":"xl","align":"left","title_color":"#3b3b3b","typography_typography":"custom","typography_font_family":"Poppins","link":{"url":"#","is_external":"","nofollow":""},"typography_font_weight":"700","_margin":{"unit":"px","top":"0","right":"0","bottom":"0","left":"0","isLinked":""},"typography_text_transform":"uppercase","typography_letter_spacing":{"unit":"px","size":"2"},"text_shadow_text_shadow_type":"yes","text_shadow_text_shadow":{"horizontal":"2","vertical":"3","blur":"0","color":"#00deff"}},"elements":[],"isInner":false,"widgetType":"heading","elType":"widget"},{"id":"25958f87","settings":{"weight":{"unit":"px","size":"4"},"color":"#00deff","width":{"unit":"px","size":"50"},"align":"left","gap":{"unit":"px","size":"10"},"_margin":{"unit":"px","top":"0","right":"0","bottom":"30","left":"0","isLinked":""}},"elements":[],"isInner":false,"widgetType":"divider","elType":"widget"},{"id":"256b13bb","settings":{"editor":"<p>Lorem dolor enter amet, consectetur adipiscing elit. That elit tellus, luctus nec ullamcorper mattis, pulvinar dapibus leo. Night Club ipsum good amet, adipiscing elit. Ut tellus, luctus nec mattis, pulvinar dapibus leo.<\/p>","typography_typography":"custom","typography_line_height":{"unit":"em","size":"1.6"},"_margin":{"unit":"px","top":"0","right":"0","bottom":"30","left":"0","isLinked":""},"typography_font_family":"Poppins","typography_letter_spacing":{"unit":"px","size":"0.5"}},"elements":[],"isInner":false,"widgetType":"text-editor","elType":"widget"},{"id":"589c4ad1","settings":{"tabs":[{"tab_title":"View Playlist","tab_content":"<p><iframe src=\"https:\/\/w.soundcloud.com\/player\/?url=https%3A\/\/api.soundcloud.com\/tracks\/240535171&amp;color=f92056&amp;show_artwork=false&amp;show_comments=false&amp;show_user=false\" width=\"100%\" height=\"166\" frameborder=\"no\" scrolling=\"no\"><\/iframe><\/p>","_id":"425a507"}],"icon":"fa fa-play-circle","icon_active":"fa fa-play-circle-o","border_width":{"unit":"px","top":"3","right":"3","bottom":"3","left":"3","isLinked":"1","size":"0"},"border_color":"#f92056","title_color":"#f92056","tab_active_color":"#00deff","title_typography_typography":"custom","title_typography_font_family":"Poppins","title_typography_font_size":{"unit":"px","size":"14"},"title_typography_font_weight":"500","title_typography_text_transform":"uppercase","title_typography_letter_spacing":{"unit":"px","size":"2"},"icon_space":{"unit":"px","size":"10"}},"elements":[],"isInner":false,"widgetType":"toggle","elType":"widget"}],"isInner":"1","elType":"column"}],"isInner":"1","elType":"section"}],"isInner":"","elType":"column"}],"isInner":"","elType":"section"},{"id":"3672e7f8","settings":{"background_background":"gradient","background_color":"#f92056","margin":{"unit":"px","top":"","right":"0","bottom":"","left":"0","isLinked":"1"},"padding":{"unit":"px","top":"155","right":"0","bottom":"100","left":"0","isLinked":""},"gap":"no","background_color_stop":{"unit":"%","size":"18"},"background_color_b":"#00deff","background_color_b_stop":{"unit":"%","size":"82"},"shape_divider_top":"tilt","shape_divider_top_color":"#00deff","shape_divider_top_height":{"unit":"px","size":"85"}},"elements":[{"id":"11e4d212","settings":{"_column_size":"100","_inline_size":""},"elements":[{"id":"7794ef90","settings":{"title":"Everyday Shuffling","size":"medium","header_size":"h3","align":"center","title_color":"#00deff","typography_typography":"custom","typography_font_weight":"400","_margin":{"unit":"px","top":"0","right":"0","bottom":"-10","left":"0","isLinked":""},"typography_font_family":"Poppins","typography_letter_spacing":{"unit":"px","size":"2"}},"elements":[],"isInner":false,"widgetType":"heading","elType":"widget"},{"id":"6f3d418f","settings":{"title":"Club Gallery","size":"xxl","align":"center","title_color":"#ffffff","typography_typography":"custom","typography_font_family":"Poppins","link":{"url":"#","is_external":"","nofollow":""},"typography_font_weight":"700","_margin":{"unit":"px","top":"0","right":"0","bottom":"0","left":"0","isLinked":""},"typography_text_transform":"uppercase","typography_letter_spacing":{"unit":"px","size":"2"},"text_shadow_text_shadow_type":"yes","text_shadow_text_shadow":{"horizontal":"2","vertical":"3","blur":"0","color":"rgba(0,0,0,0.6)"}},"elements":[],"isInner":false,"widgetType":"heading","elType":"widget"},{"id":"15e64247","settings":{"weight":{"unit":"px","size":"4"},"color":"#ffffff","width":{"unit":"px","size":"50"},"align":"center","gap":{"unit":"px","size":"10"},"_margin":{"unit":"px","top":"0","right":"0","bottom":"40","left":"0","isLinked":""}},"elements":[],"isInner":false,"widgetType":"divider","elType":"widget"},{"id":"a5dd403","settings":{"layout":"full_width","gap":"no","structure":"30"},"elements":[{"id":"66a56cfe","settings":{"_column_size":"33","_inline_size":"","background_background":"classic","background_color":"#f92056","background_image":{"id":"6731","url":"http:\/\/sitefacilitado.com.br\/membros\/wp-content\/uploads\/2020\/03\/alexander-popov-566913-unsplash.jpg"},"background_position":"center center","background_size":"cover","background_overlay_background":"gradient","background_overlay_color":"rgba(51,51,51,0)","background_overlay_color_stop":{"unit":"%","size":"25"},"background_overlay_color_b":"#000000","background_overlay_gradient_angle":{"unit":"deg","size":"210"},"background_overlay_opacity":{"unit":"px","size":"0.9"},"background_overlay_hover_background":"classic","background_overlay_hover_color":"#f92056","background_overlay_hover_color_b":"#db6159","background_overlay_hover_opacity":{"unit":"px","size":"0.7"},"background_overlay_hover_transition":{"unit":"px","size":"0.2"},"padding":{"unit":"px","top":"260","right":"35","bottom":"30","left":"35","isLinked":""}},"elements":[{"id":"4cf00cab","settings":{"title":"Paris by night","size":"large","align":"left","title_color":"#ffffff","typography_typography":"custom","typography_font_family":"Poppins","link":{"url":"#","is_external":"","nofollow":""},"typography_font_weight":"700","typography_text_transform":"capitalize"},"elements":[],"isInner":false,"widgetType":"heading","elType":"widget"},{"id":"466d8a0f","settings":{"title":"Media, Indoor","size":"small","header_size":"h3","align":"left","title_color":"#ffffff","typography_typography":"custom","typography_font_family":"Poppins","link":{"url":"#","is_external":"","nofollow":""},"typography_font_weight":"400","_margin":{"unit":"px","top":"-10","right":"0","bottom":"0","left":"0","isLinked":""}},"elements":[],"isInner":false,"widgetType":"heading","elType":"widget"}],"isInner":"1","elType":"column"},{"id":"566c5109","settings":{"_column_size":"33","_inline_size":"","background_background":"classic","background_color":"#f92056","background_image":{"id":"6724","url":"http:\/\/sitefacilitado.com.br\/membros\/wp-content\/uploads\/2020\/03\/alexander-popov-342444-unsplash.jpg"},"background_position":"center center","background_size":"cover","background_overlay_background":"gradient","background_overlay_color":"rgba(51,51,51,0)","background_overlay_color_stop":{"unit":"%","size":"25"},"background_overlay_color_b":"#000000","background_overlay_gradient_angle":{"unit":"deg","size":"210"},"background_overlay_opacity":{"unit":"px","size":"0.9"},"background_overlay_hover_background":"classic","background_overlay_hover_color":"#00deff","background_overlay_hover_color_b":"#db6159","background_overlay_hover_opacity":{"unit":"px","size":"0.7"},"background_overlay_hover_transition":{"unit":"px","size":"0.2"},"padding":{"unit":"px","top":"260","right":"35","bottom":"30","left":"35","isLinked":""}},"elements":[{"id":"7596d5aa","settings":{"title":"Martin Garrix","size":"large","align":"left","title_color":"#ffffff","typography_typography":"custom","typography_font_family":"Poppins","link":{"url":"#","is_external":"","nofollow":""},"typography_font_weight":"700","typography_text_transform":"capitalize"},"elements":[],"isInner":false,"widgetType":"heading","elType":"widget"},{"id":"441eab74","settings":{"title":"Dance","size":"small","header_size":"h3","align":"left","title_color":"#ffffff","typography_typography":"custom","typography_font_family":"Poppins","link":{"url":"#","is_external":"","nofollow":""},"typography_font_weight":"400","_margin":{"unit":"px","top":"-10","right":"0","bottom":"0","left":"0","isLinked":""}},"elements":[],"isInner":false,"widgetType":"heading","elType":"widget"}],"isInner":"1","elType":"column"},{"id":"380c91dd","settings":{"_column_size":"33","_inline_size":"","background_background":"classic","background_color":"#f92056","background_image":{"id":"6727","url":"http:\/\/sitefacilitado.com.br\/membros\/wp-content\/uploads\/2020\/03\/nick-fewings-568466-unsplash.jpg"},"background_position":"center center","background_size":"cover","background_overlay_background":"gradient","background_overlay_color":"rgba(51,51,51,0)","background_overlay_color_stop":{"unit":"%","size":"25"},"background_overlay_color_b":"#000000","background_overlay_gradient_angle":{"unit":"deg","size":"210"},"background_overlay_opacity":{"unit":"px","size":"0.9"},"background_overlay_hover_background":"classic","background_overlay_hover_color":"#f92056","background_overlay_hover_color_b":"#db6159","background_overlay_hover_opacity":{"unit":"px","size":"0.7"},"background_overlay_hover_transition":{"unit":"px","size":"0.2"},"padding":{"unit":"px","top":"260","right":"35","bottom":"30","left":"35","isLinked":""}},"elements":[{"id":"6c6500a1","settings":{"title":"Hawaii Night","size":"large","align":"left","title_color":"#ffffff","typography_typography":"custom","typography_font_family":"Poppins","link":{"url":"#","is_external":"","nofollow":""},"typography_font_weight":"700","typography_text_transform":"capitalize"},"elements":[],"isInner":false,"widgetType":"heading","elType":"widget"},{"id":"5e02cadc","settings":{"title":"Drink","size":"small","header_size":"h3","align":"left","title_color":"#ffffff","typography_typography":"custom","typography_font_family":"Poppins","link":{"url":"#","is_external":"","nofollow":""},"typography_font_weight":"400","_margin":{"unit":"px","top":"-10","right":"0","bottom":"0","left":"0","isLinked":""}},"elements":[],"isInner":false,"widgetType":"heading","elType":"widget"}],"isInner":"1","elType":"column"}],"isInner":"1","elType":"section"},{"id":"3eedf04","settings":{"layout":"full_width","gap":"no","structure":"30","margin":{"unit":"px","top":"0","right":"0","bottom":"60","left":"0","isLinked":""}},"elements":[{"id":"2e86509a","settings":{"_column_size":"33","_inline_size":"","background_background":"classic","background_color":"#f92056","background_image":{"id":"6725","url":"http:\/\/sitefacilitado.com.br\/membros\/wp-content\/uploads\/2020\/03\/alexander-popov-522100-unsplash.jpg"},"background_position":"center center","background_size":"cover","background_overlay_background":"gradient","background_overlay_color":"rgba(51,51,51,0)","background_overlay_color_stop":{"unit":"%","size":"25"},"background_overlay_color_b":"#000000","background_overlay_gradient_angle":{"unit":"deg","size":"210"},"background_overlay_opacity":{"unit":"px","size":"0.9"},"background_overlay_hover_background":"classic","background_overlay_hover_color":"#00deff","background_overlay_hover_color_b":"#db6159","background_overlay_hover_opacity":{"unit":"px","size":"0.7"},"background_overlay_hover_transition":{"unit":"px","size":"0.2"},"padding":{"unit":"px","top":"260","right":"35","bottom":"30","left":"35","isLinked":""}},"elements":[{"id":"61c18ed3","settings":{"title":"Bass Nation","size":"large","align":"left","title_color":"#ffffff","typography_typography":"custom","typography_font_family":"Poppins","link":{"url":"#","is_external":"","nofollow":""},"typography_font_weight":"700","typography_text_transform":"capitalize"},"elements":[],"isInner":false,"widgetType":"heading","elType":"widget"},{"id":"76c329e8","settings":{"title":"Media, EDM","size":"small","header_size":"h3","align":"left","title_color":"#ffffff","typography_typography":"custom","typography_font_family":"Poppins","link":{"url":"#","is_external":"","nofollow":""},"typography_font_weight":"400","_margin":{"unit":"px","top":"-10","right":"0","bottom":"0","left":"0","isLinked":""}},"elements":[],"isInner":false,"widgetType":"heading","elType":"widget"}],"isInner":"1","elType":"column"},{"id":"7c8cc0c8","settings":{"_column_size":"33","_inline_size":"","background_background":"classic","background_color":"#f92056","background_image":{"id":"6730","url":"http:\/\/sitefacilitado.com.br\/membros\/wp-content\/uploads\/2020\/03\/marcela-laskoski-118684-unsplash.jpg"},"background_position":"center center","background_size":"cover","background_overlay_background":"gradient","background_overlay_color":"rgba(51,51,51,0)","background_overlay_color_stop":{"unit":"%","size":"25"},"background_overlay_color_b":"#000000","background_overlay_gradient_angle":{"unit":"deg","size":"210"},"background_overlay_opacity":{"unit":"px","size":"0.9"},"background_overlay_hover_background":"classic","background_overlay_hover_color":"#f92056","background_overlay_hover_color_b":"#db6159","background_overlay_hover_opacity":{"unit":"px","size":"0.7"},"background_overlay_hover_transition":{"unit":"px","size":"0.2"},"padding":{"unit":"px","top":"260","right":"35","bottom":"30","left":"35","isLinked":""}},"elements":[{"id":"72cd2fe5","settings":{"title":"Deep House","size":"large","align":"left","title_color":"#ffffff","typography_typography":"custom","typography_font_family":"Poppins","link":{"url":"#","is_external":"","nofollow":""},"typography_font_weight":"700","typography_text_transform":"capitalize"},"elements":[],"isInner":false,"widgetType":"heading","elType":"widget"},{"id":"4361eaa7","settings":{"title":"DJs","size":"small","header_size":"h3","align":"left","title_color":"#ffffff","typography_typography":"custom","typography_font_family":"Poppins","link":{"url":"#","is_external":"","nofollow":""},"typography_font_weight":"400","_margin":{"unit":"px","top":"-10","right":"0","bottom":"0","left":"0","isLinked":""}},"elements":[],"isInner":false,"widgetType":"heading","elType":"widget"}],"isInner":"1","elType":"column"},{"id":"2222825e","settings":{"_column_size":"33","_inline_size":"","background_background":"classic","background_color":"#f92056","background_image":{"id":"6728","url":"http:\/\/sitefacilitado.com.br\/membros\/wp-content\/uploads\/2020\/03\/alexander-popov-365743-unsplash.jpg"},"background_position":"center center","background_size":"cover","background_overlay_background":"gradient","background_overlay_color":"rgba(51,51,51,0)","background_overlay_color_stop":{"unit":"%","size":"25"},"background_overlay_color_b":"#000000","background_overlay_gradient_angle":{"unit":"deg","size":"210"},"background_overlay_opacity":{"unit":"px","size":"0.9"},"background_overlay_hover_background":"classic","background_overlay_hover_color":"#00deff","background_overlay_hover_color_b":"#db6159","background_overlay_hover_opacity":{"unit":"px","size":"0.7"},"background_overlay_hover_transition":{"unit":"px","size":"0.2"},"padding":{"unit":"px","top":"260","right":"35","bottom":"30","left":"35","isLinked":""}},"elements":[{"id":"6cccd7d3","settings":{"title":"Mashmellow","size":"large","align":"left","title_color":"#ffffff","typography_typography":"custom","typography_font_family":"Poppins","link":{"url":"#","is_external":"","nofollow":""},"typography_font_weight":"700","typography_text_transform":"capitalize"},"elements":[],"isInner":false,"widgetType":"heading","elType":"widget"},{"id":"7dfbc61","settings":{"title":"Special Guest","size":"small","header_size":"h3","align":"left","title_color":"#ffffff","typography_typography":"custom","typography_font_family":"Poppins","link":{"url":"#","is_external":"","nofollow":""},"typography_font_weight":"400","_margin":{"unit":"px","top":"-10","right":"0","bottom":"0","left":"0","isLinked":""}},"elements":[],"isInner":false,"widgetType":"heading","elType":"widget"}],"isInner":"1","elType":"column"}],"isInner":"1","elType":"section"},{"id":"7e15bdda","settings":{"button_type":"danger","text":"View All","align":"center","size":"xl","border_radius":{"unit":"px","top":"50","right":"50","bottom":"50","left":"50","isLinked":"1"},"text_padding":{"unit":"px","top":"15","right":"45","bottom":"15","left":"45","isLinked":""},"typography_typography":"custom","typography_font_family":"Poppins","background_color":"rgba(255,255,255,0)","button_background_hover_color":"rgba(255,255,255,0)","button_hover_border_color":"#ffffff","border_border":"solid","border_width":{"unit":"px","top":"3","right":"3","bottom":"3","left":"3","isLinked":"1"},"border_color":"#f92056","typography_text_transform":"uppercase","typography_letter_spacing":{"unit":"px","size":"2"},"button_text_color":"#f92056","hover_color":"#ffffff"},"elements":[],"isInner":false,"widgetType":"button","elType":"widget"}],"isInner":"","elType":"column"}],"isInner":"","elType":"section"},{"id":"4b858a12","settings":{"background_background":"classic","background_color":"#000000","margin":{"unit":"px","top":"","right":"0","bottom":"","left":"0","isLinked":"1"},"padding":{"unit":"px","top":"210","right":"20","bottom":"210","left":"150","isLinked":""},"structure":"50","layout":"full_width","background_image":{"id":"6725","url":"http:\/\/sitefacilitado.com.br\/membros\/wp-content\/uploads\/2020\/03\/alexander-popov-522100-unsplash.jpg"},"background_position":"center left","background_attachment":"fixed","background_size":"cover","background_overlay_background":"gradient","background_overlay_color":"rgba(0,215,239,0.4)","background_overlay_color_b":"rgba(0,0,0,0.7)","background_overlay_gradient_angle":{"unit":"deg","size":"6"},"background_overlay_opacity":{"unit":"px","size":"1"},"padding_tablet":{"unit":"px","top":"100","right":"20","bottom":"100","left":"20","isLinked":""},"background_overlay_color_b_stop":{"unit":"%","size":"40"},"shape_divider_top":"tilt","shape_divider_top_color":"#00deff","shape_divider_top_height":{"unit":"px","size":"85"},"shape_divider_bottom":"tilt","shape_divider_bottom_color":"#000000","shape_divider_bottom_height":{"unit":"px","size":"85"}},"elements":[{"id":"4760cb0b","settings":{"_column_size":"20","_inline_size":"","_inline_size_tablet":"96"},"elements":[{"id":"8ccb9c1","settings":{"title":"Vibe Makers","size":"medium","header_size":"h3","align":"left","title_color":"#00deff","typography_typography":"custom","typography_font_weight":"400","_margin":{"unit":"px","top":"0","right":"0","bottom":"-10","left":"0","isLinked":""},"typography_font_family":"Poppins","typography_letter_spacing":{"unit":"px","size":"2"}},"elements":[],"isInner":false,"widgetType":"heading","elType":"widget"},{"id":"e869186","settings":{"title":"DJ Team","size":"xl","align":"left","title_color":"#ffffff","typography_typography":"custom","typography_font_family":"Poppins","link":{"url":"#","is_external":"","nofollow":""},"typography_font_weight":"700","_margin":{"unit":"px","top":"0","right":"0","bottom":"0","left":"0","isLinked":""},"typography_text_transform":"uppercase","typography_letter_spacing":{"unit":"px","size":"2"},"text_shadow_text_shadow_type":"yes","text_shadow_text_shadow":{"horizontal":"2","vertical":"3","blur":"0","color":"#f92056"}},"elements":[],"isInner":false,"widgetType":"heading","elType":"widget"},{"id":"13dad4c6","settings":{"weight":{"unit":"px","size":"3"},"color":"#00deff","width":{"unit":"px","size":"50"},"align":"left","gap":{"unit":"px","size":"10"},"_margin":{"unit":"px","top":"0","right":"0","bottom":"30","left":"0","isLinked":""}},"elements":[],"isInner":false,"widgetType":"divider","elType":"widget"},{"id":"4767bf7a","settings":{"editor":"<p>Ipsum dolor, consectetur adipiscing elit. Ut elit tellus, dolor sit&nbsp;ullamco mattis<\/p>","typography_typography":"custom","typography_font_family":"Poppins","_margin":{"unit":"px","top":"0","right":"0","bottom":"30","left":"0","isLinked":""},"text_color":"#cccccc","typography_letter_spacing":{"unit":"px","size":"0.5"}},"elements":[],"isInner":false,"widgetType":"text-editor","elType":"widget"},{"id":"38ef2a1e","settings":{"button_type":"danger","text":"All Teams","align":"left","size":"xl","border_radius":{"unit":"px","top":"50","right":"50","bottom":"50","left":"50","isLinked":"1"},"text_padding":{"unit":"px","top":"15","right":"45","bottom":"15","left":"45","isLinked":""},"typography_typography":"custom","typography_font_family":"Poppins","background_color":"rgba(255,255,255,0)","button_background_hover_color":"rgba(255,255,255,0)","button_hover_border_color":"#00deff","border_border":"solid","border_width":{"unit":"px","top":"3","right":"3","bottom":"3","left":"3","isLinked":"1"},"border_color":"#f92056","typography_text_transform":"uppercase","typography_letter_spacing":{"unit":"px","size":"2"},"button_text_color":"#f92056","hover_color":"#00deff","_margin_tablet":{"unit":"px","top":"0","right":"0","bottom":"30","left":"0","isLinked":""}},"elements":[],"isInner":false,"widgetType":"button","elType":"widget"}],"isInner":"","elType":"column"},{"id":"60680cd7","settings":{"_column_size":"20","_inline_size":"","_inline_size_tablet":"25"},"elements":[{"id":"d374344","settings":{"image":{"id":"6729","url":"http:\/\/sitefacilitado.com.br\/membros\/wp-content\/uploads\/2020\/03\/matty-adame-274356-unsplash.jpg"},"image_size":"custom","image_custom_dimension":{"width":"300","height":"300"},"link_to":"custom","link":{"url":"#","is_external":"","nofollow":""},"width_mobile":{"unit":"%","size":"100"},"image_border_border":"solid","image_border_width":{"unit":"px","top":"2","right":"2","bottom":"2","left":"2","isLinked":"1"},"image_border_color":"#00deff","image_box_shadow_box_shadow_type":"yes","image_box_shadow_box_shadow":{"horizontal":"6","vertical":"7","blur":"0","spread":"0","color":"#f92056"},"hover_animation":"float"},"elements":[],"isInner":false,"widgetType":"image","elType":"widget"}],"isInner":"","elType":"column"},{"id":"7dc429b","settings":{"_column_size":"20","_inline_size":"","_inline_size_tablet":"25"},"elements":[{"id":"3b02f65","settings":{"image":{"id":"6732","url":"http:\/\/sitefacilitado.com.br\/membros\/wp-content\/uploads\/2020\/03\/redd-angelo-393003-unsplash.jpg"},"image_size":"custom","image_custom_dimension":{"width":"300","height":"300"},"link_to":"custom","link":{"url":"#","is_external":"","nofollow":""},"width_mobile":{"unit":"%","size":"100"},"image_border_border":"solid","image_border_width":{"unit":"px","top":"2","right":"2","bottom":"2","left":"2","isLinked":"1"},"image_border_color":"#00deff","image_box_shadow_box_shadow_type":"yes","image_box_shadow_box_shadow":{"horizontal":"6","vertical":"7","blur":"0","spread":"0","color":"#f92056"},"hover_animation":"float"},"elements":[],"isInner":false,"widgetType":"image","elType":"widget"}],"isInner":"","elType":"column"},{"id":"596704b","settings":{"_column_size":"20","_inline_size":"","_inline_size_tablet":"25"},"elements":[{"id":"7b3d029a","settings":{"image":{"id":"6733","url":"http:\/\/sitefacilitado.com.br\/membros\/wp-content\/uploads\/2020\/03\/xandro-vandewalle-454419-unsplash.jpg"},"image_size":"custom","image_custom_dimension":{"width":"300","height":"300"},"link_to":"custom","link":{"url":"#","is_external":"","nofollow":""},"width_mobile":{"unit":"%","size":"100"},"image_border_border":"solid","image_border_width":{"unit":"px","top":"2","right":"2","bottom":"2","left":"2","isLinked":"1"},"image_border_color":"#00deff","image_box_shadow_box_shadow_type":"yes","image_box_shadow_box_shadow":{"horizontal":"6","vertical":"7","blur":"0","spread":"0","color":"#f92056"},"hover_animation":"float"},"elements":[],"isInner":false,"widgetType":"image","elType":"widget"}],"isInner":"","elType":"column"},{"id":"182fe078","settings":{"_column_size":"20","_inline_size":"","_inline_size_tablet":"25"},"elements":[{"id":"3c67aac5","settings":{"image":{"id":"6734","url":"http:\/\/sitefacilitado.com.br\/membros\/wp-content\/uploads\/2020\/03\/andrew-gaines-287085-unsplash-scaled.jpg"},"image_size":"custom","image_custom_dimension":{"width":"300","height":"300"},"link_to":"custom","link":{"url":"#","is_external":"","nofollow":""},"width_mobile":{"unit":"%","size":"100"},"image_border_border":"solid","image_border_width":{"unit":"px","top":"2","right":"2","bottom":"2","left":"2","isLinked":"1"},"image_border_color":"#00deff","image_box_shadow_box_shadow_type":"yes","image_box_shadow_box_shadow":{"horizontal":"6","vertical":"7","blur":"0","spread":"0","color":"#f92056"},"hover_animation":"float"},"elements":[],"isInner":false,"widgetType":"image","elType":"widget"}],"isInner":"","elType":"column"}],"isInner":"","elType":"section"},{"id":"5d378aed","settings":{"background_background":"classic","background_color":"#000000","margin":{"unit":"px","top":"","right":"0","bottom":"","left":"0","isLinked":"1"},"padding":{"unit":"px","top":"100","right":"0","bottom":"180","left":"0","isLinked":""},"structure":"32","background_image":{"id":"6730","url":"http:\/\/sitefacilitado.com.br\/membros\/wp-content\/uploads\/2020\/03\/marcela-laskoski-118684-unsplash.jpg"},"background_position":"top right","background_attachment":"fixed","background_size":"cover","background_overlay_background":"gradient","background_overlay_color":"rgba(0,0,0,0.5)","background_overlay_color_b":"#000000","background_overlay_color_b_stop":{"unit":"%","size":"85"},"background_overlay_gradient_angle":{"unit":"deg","size":"0"},"background_overlay_opacity":{"unit":"px","size":"1"},"shape_divider_bottom":"tilt","shape_divider_bottom_color":"#f92056","shape_divider_bottom_height":{"unit":"px","size":"85"}},"elements":[{"id":"2b73e778","settings":{"_column_size":"50","_inline_size":""},"elements":[{"id":"736bb0a1","settings":{"title":"What They Say","size":"medium","header_size":"h3","align":"left","title_color":"#00deff","typography_typography":"custom","typography_font_weight":"400","_margin":{"unit":"px","top":"0","right":"0","bottom":"-10","left":"0","isLinked":""},"typography_font_family":"Poppins","typography_letter_spacing":{"unit":"px","size":"2"}},"elements":[],"isInner":false,"widgetType":"heading","elType":"widget"},{"id":"6042f865","settings":{"title":"Testimonials","size":"xl","align":"left","title_color":"#ffffff","typography_typography":"custom","typography_font_family":"Poppins","link":{"url":"#","is_external":"","nofollow":""},"typography_font_weight":"700","_margin":{"unit":"px","top":"0","right":"0","bottom":"0","left":"0","isLinked":""},"typography_text_transform":"uppercase","typography_letter_spacing":{"unit":"px","size":"2"},"text_shadow_text_shadow_type":"yes","text_shadow_text_shadow":{"horizontal":"2","vertical":"3","blur":"0","color":"#f92056"}},"elements":[],"isInner":false,"widgetType":"heading","elType":"widget"},{"id":"6e017b8f","settings":{"weight":{"unit":"px","size":"4"},"color":"#00deff","width":{"unit":"px","size":"50"},"align":"left","gap":{"unit":"px","size":"10"},"_margin":{"unit":"px","top":"0","right":"0","bottom":"30","left":"0","isLinked":""}},"elements":[],"isInner":false,"widgetType":"divider","elType":"widget"},{"id":"1c550b6b","settings":{"testimonial_content":"\"The best Studio I've ever seen. Lorem ipsum dolor sit amet, consectetur adipiscing elit. Ut elit tellus, luctus nec ullamcorper mattis, pulvinar dapibus leo.\"","testimonial_image":{"id":"6735","url":"http:\/\/sitefacilitado.com.br\/membros\/wp-content\/uploads\/2020\/03\/alfonso-scarpa-530923-unsplash.jpg"},"testimonial_image_size":"thumbnail","testimonial_name":"John Doe","testimonial_job":"Dancer","content_content_color":"#cccccc","content_typography_typography":"custom","content_typography_font_family":"Poppins","content_typography_font_size":{"unit":"px","size":"20"},"name_text_color":"#ffffff","name_typography_typography":"custom","name_typography_font_family":"Poppins","job_text_color":"#f92056","job_typography_typography":"custom","job_typography_font_family":"Poppins","_margin":{"unit":"px","top":"0","right":"0","bottom":"0","left":"0","isLinked":""},"testimonial_alignment":"left","content_typography_letter_spacing":{"unit":"px","size":"0.5"},"name_typography_text_transform":"uppercase","name_typography_letter_spacing":{"unit":"px","size":"1"},"job_typography_letter_spacing":{"unit":"px","size":"0.5"}},"elements":[],"isInner":false,"widgetType":"testimonial","elType":"widget"}],"isInner":"","elType":"column"},{"id":"55d71625","settings":{"_column_size":"25","_inline_size":"","_inline_size_mobile":"50"},"elements":[{"id":"76f5b01","settings":{"title":"168","size":"xl","align":"center","title_color":"#ffffff","typography_typography":"custom","typography_font_family":"Poppins","_margin":{"unit":"px","top":"30","right":"0","bottom":"0","left":"0","isLinked":""},"typography_letter_spacing":{"unit":"px","size":"2"},"text_shadow_text_shadow_type":"yes","text_shadow_text_shadow":{"horizontal":"2","vertical":"3","blur":"0","color":"#f92056"},"header_size":"h3"},"elements":[],"isInner":false,"widgetType":"heading","elType":"widget"},{"id":"52f3ac7f","settings":{"title":"MUSIC EVENTS","size":"small","align":"center","title_color":"#ffffff","typography_typography":"custom","typography_font_family":"Poppins","typography_font_weight":"400","typography_text_transform":"uppercase","_margin":{"unit":"px","top":"0","right":"0","bottom":"30","left":"0","isLinked":""},"typography_letter_spacing":{"unit":"px","size":"1"},"header_size":"h3"},"elements":[],"isInner":false,"widgetType":"heading","elType":"widget"},{"id":"46da6591","settings":{"title":"305","size":"xl","align":"center","title_color":"#ffffff","typography_typography":"custom","typography_font_family":"Poppins","_margin":{"unit":"px","top":"0","right":"0","bottom":"0","left":"0","isLinked":"1"},"text_shadow_text_shadow_type":"yes","text_shadow_text_shadow":{"horizontal":"2","vertical":"3","blur":"0","color":"#f92056"},"header_size":"h3"},"elements":[],"isInner":false,"widgetType":"heading","elType":"widget"},{"id":"3acb2239","settings":{"title":"Vip Members","size":"small","align":"center","title_color":"#ffffff","typography_typography":"custom","typography_font_family":"Poppins","typography_font_weight":"400","typography_text_transform":"uppercase","typography_letter_spacing":{"unit":"px","size":"1"},"header_size":"h3"},"elements":[],"isInner":false,"widgetType":"heading","elType":"widget"}],"isInner":"","elType":"column"},{"id":"173313de","settings":{"_column_size":"25","_inline_size":"","_inline_size_mobile":"50"},"elements":[{"id":"ebf9c9d","settings":{"title":"18","size":"xl","align":"center","title_color":"#ffffff","typography_typography":"custom","typography_font_family":"Poppins","_margin":{"unit":"px","top":"30","right":"0","bottom":"0","left":"0","isLinked":""},"typography_letter_spacing":{"unit":"px","size":"2"},"text_shadow_text_shadow_type":"yes","text_shadow_text_shadow":{"horizontal":"2","vertical":"3","blur":"0","color":"#f92056"},"header_size":"h3"},"elements":[],"isInner":false,"widgetType":"heading","elType":"widget"},{"id":"629c8923","settings":{"title":"Exclusive Beers","size":"small","align":"center","title_color":"#ffffff","typography_typography":"custom","typography_font_family":"Poppins","typography_font_weight":"400","typography_text_transform":"uppercase","_margin":{"unit":"px","top":"0","right":"0","bottom":"30","left":"0","isLinked":""},"typography_letter_spacing":{"unit":"px","size":"1"},"header_size":"h3"},"elements":[],"isInner":false,"widgetType":"heading","elType":"widget"},{"id":"d4e3c88","settings":{"title":"25","size":"xl","align":"center","title_color":"#ffffff","typography_typography":"custom","typography_font_family":"Poppins","_margin":{"unit":"px","top":"0","right":"0","bottom":"0","left":"0","isLinked":"1"},"text_shadow_text_shadow_type":"yes","text_shadow_text_shadow":{"horizontal":"2","vertical":"3","blur":"0","color":"#f92056"},"header_size":"h3"},"elements":[],"isInner":false,"widgetType":"heading","elType":"widget"},{"id":"292d6d1b","settings":{"title":"Milion Visits","size":"small","align":"center","title_color":"#ffffff","typography_typography":"custom","typography_font_family":"Poppins","typography_font_weight":"400","typography_text_transform":"uppercase","typography_letter_spacing":{"unit":"px","size":"1"},"header_size":"h3"},"elements":[],"isInner":false,"widgetType":"heading","elType":"widget"}],"isInner":"","elType":"column"}],"isInner":"","elType":"section"},{"id":"2c631329","settings":{"background_background":"classic","background_color":"#f92056","margin":{"unit":"px","top":"","right":"0","bottom":"","left":"0","isLinked":"1"},"padding":{"unit":"px","top":"140","right":"0","bottom":"200","left":"0","isLinked":""},"structure":"30","background_overlay_color":"#303030","background_overlay_opacity":{"unit":"px","size":"0.8"},"shape_divider_bottom":"tilt","shape_divider_bottom_color":"#000000","shape_divider_bottom_height":{"unit":"px","size":"85"},"margin_mobile":{"unit":"px","top":"0","right":"0","bottom":"0","left":"0","isLinked":"1"},"padding_mobile":{"unit":"%","top":"4","right":"4","bottom":"29","left":"4","isLinked":""}},"elements":[{"id":"4e7298f1","settings":{"_column_size":"33","_inline_size":"","border_width":{"unit":"px","top":"0","right":"0","bottom":"0","left":"0","isLinked":""},"border_color":"rgba(255,255,255,0.3)","border_radius":{"unit":"px","top":"0","right":"0","bottom":"0","left":"0","isLinked":""}},"elements":[{"id":"225bdeae","settings":{"title":"Address","size":"medium","header_size":"p","align":"center","title_color":"#ffffff","typography_typography":"custom","typography_font_family":"Poppins","typography_font_weight":"400","_margin":{"unit":"px","top":"0","right":"0","bottom":"0","left":"0","isLinked":""},"typography_letter_spacing":{"unit":"px","size":"1"}},"elements":[],"isInner":false,"widgetType":"heading","elType":"widget"},{"id":"36cba92a","settings":{"title":"No.3 King St, LA","size":"large","header_size":"p","align":"center","title_color":"#ffffff","typography_typography":"custom","typography_font_family":"Poppins","_margin":{"unit":"px","top":"-5","right":"0","bottom":"0","left":"0","isLinked":""},"typography_letter_spacing":{"unit":"px","size":"2"},"text_shadow_text_shadow_type":"yes","text_shadow_text_shadow":{"horizontal":"2","vertical":"3","blur":"0","color":"rgba(0,0,0,0.6)"},"typography_font_size_tablet":{"unit":"px","size":"24"}},"elements":[],"isInner":false,"widgetType":"heading","elType":"widget"}],"isInner":"","elType":"column"},{"id":"2bf6e745","settings":{"_column_size":"33","_inline_size":"","border_border":"solid","border_width":{"unit":"px","top":"0","right":"3","bottom":"0","left":"3","isLinked":""},"border_color":"#ffffff","border_radius":{"unit":"px","top":"0","right":"0","bottom":"0","left":"0","isLinked":"1"}},"elements":[{"id":"69371624","settings":{"title":"Email","size":"medium","header_size":"p","align":"center","title_color":"#ffffff","typography_typography":"custom","typography_font_family":"Poppins","typography_font_weight":"400","_margin":{"unit":"px","top":"0","right":"0","bottom":"0","left":"0","isLinked":""},"typography_letter_spacing":{"unit":"px","size":"1"}},"elements":[],"isInner":false,"widgetType":"heading","elType":"widget"},{"id":"5a645db","settings":{"title":"hi@club.com","size":"large","header_size":"p","align":"center","title_color":"#ffffff","typography_typography":"custom","typography_font_family":"Poppins","_margin":{"unit":"px","top":"-5","right":"0","bottom":"0","left":"0","isLinked":""},"typography_letter_spacing":{"unit":"px","size":"2"},"text_shadow_text_shadow_type":"yes","text_shadow_text_shadow":{"horizontal":"2","vertical":"3","blur":"0","color":"rgba(0,0,0,0.6)"},"typography_font_size_tablet":{"unit":"px","size":"24"}},"elements":[],"isInner":false,"widgetType":"heading","elType":"widget"}],"isInner":"","elType":"column"},{"id":"4e1f8e29","settings":{"_column_size":"33","_inline_size":""},"elements":[{"id":"4fece5f","settings":{"title":"Phone","size":"medium","header_size":"p","align":"center","title_color":"#ffffff","typography_typography":"custom","typography_font_family":"Poppins","typography_font_weight":"400","_margin":{"unit":"px","top":"0","right":"0","bottom":"0","left":"0","isLinked":""},"typography_letter_spacing":{"unit":"px","size":"1"}},"elements":[],"isInner":false,"widgetType":"heading","elType":"widget"},{"id":"441f6489","settings":{"title":"(+84) 123 4567","size":"large","header_size":"p","align":"center","title_color":"#ffffff","typography_typography":"custom","typography_font_family":"Poppins","_margin":{"unit":"px","top":"-5","right":"0","bottom":"0","left":"0","isLinked":""},"typography_letter_spacing":{"unit":"px","size":"2"},"text_shadow_text_shadow_type":"yes","text_shadow_text_shadow":{"horizontal":"2","vertical":"3","blur":"0","color":"rgba(0,0,0,0.6)"},"typography_font_size_tablet":{"unit":"px","size":"24"}},"elements":[],"isInner":false,"widgetType":"heading","elType":"widget"}],"isInner":"","elType":"column"}],"isInner":"","elType":"section"},{"id":"1976f8da","settings":{"background_background":"classic","background_color":"#000000","margin":{"unit":"px","top":"","right":"0","bottom":"","left":"0","isLinked":"1"},"padding":{"unit":"px","top":"40","right":"0","bottom":"35","left":"0","isLinked":""},"background_overlay_color":"#303030","background_overlay_opacity":{"unit":"px","size":"0.8"}},"elements":[{"id":"167704a2","settings":{"_column_size":"100","_inline_size":"","border_width":{"unit":"px","top":"0","right":"0","bottom":"0","left":"0","isLinked":""},"border_color":"rgba(255,255,255,0.3)","border_radius":{"unit":"px","top":"0","right":"0","bottom":"0","left":"0","isLinked":""}},"elements":[{"id":"1ee85ee5","settings":{"title":"Follow Us","size":"small","header_size":"p","align":"center","title_color":"#ffffff","typography_typography":"custom","typography_font_family":"Poppins","_margin":{"unit":"px","top":"-5","right":"0","bottom":"0","left":"0","isLinked":""},"typography_letter_spacing":{"unit":"px","size":"1"},"text_shadow_text_shadow_type":"yes","text_shadow_text_shadow":{"horizontal":"2","vertical":"3","blur":"0","color":"#f92056"}},"elements":[],"isInner":false,"widgetType":"heading","elType":"widget"},{"id":"59dc2c6e","settings":{"social_icon_list":[{"social":"fa fa-facebook","_id":"1b5c6f5","link":{"url":"","is_external":"true","nofollow":""}},{"social":"fa fa-twitter","_id":"e2b1830","link":{"url":"","is_external":"true","nofollow":""}},{"social":"fa fa-soundcloud","link":{"url":"","is_external":"true","nofollow":""},"_id":"171e008"},{"social":"fa fa-instagram","link":{"url":"","is_external":"true","nofollow":""},"_id":"5b66603"}],"shape":"circle","icon_color":"custom","icon_primary_color":"#f92056","icon_secondary_color":"#ffffff","hover_primary_color":"#00deff","hover_secondary_color":"#ffffff","_margin":{"unit":"px","top":"-5","right":"0","bottom":"0","left":"0","isLinked":""}},"elements":[],"isInner":false,"widgetType":"social-icons","elType":"widget"}],"isInner":"","elType":"column"}],"isInner":"","elType":"section"}]}