{"version":"0.4","title":"Nightclub > Popup","type":"popup","content":[{"id":"5db50537","settings":{"content_width":{"unit":"px","size":"550"},"gap":"no","custom_height":{"unit":"vh","size":"100"},"padding_mobile":{"unit":"px","top":"0","right":"0","bottom":"0","left":"0","isLinked":"1"},"layout":"full_width","background_background":"classic","border_radius_tablet":{"unit":"px","top":"4","right":"4","bottom":"4","left":"4","isLinked":"1"},"margin":{"unit":"px","top":"0","right":"0","bottom":"0","left":"0","isLinked":"1"},"padding":{"unit":"px","top":"0","right":"0","bottom":"0","left":"0","isLinked":"1"}},"elements":[{"id":"5c8f0107","settings":{"_column_size":"100","_inline_size_tablet":"100","background_background":"classic","background_color":"rgba(0,44,58,0.6)","border_border":"dashed","border_width":{"unit":"px","top":"2","right":"2","bottom":"2","left":"2","isLinked":"1"},"border_color":"#00deff","box_shadow_box_shadow_type":"yes","box_shadow_box_shadow":{"horizontal":"5","vertical":"6","blur":"0","spread":"0","color":"#f92056"},"border_radius_tablet":{"unit":"px","top":"5","right":"5","bottom":"5","left":"5","isLinked":"1"},"margin_mobile":{"unit":"px","top":"0","right":"30","bottom":"0","left":"0","isLinked":""}},"elements":[{"id":"1f508d1b","settings":{"gap":"wider","custom_height_inner":{"unit":"px","size":"329"},"content_position":"middle","background_background":"classic","background_color":"#000000","background_image":{"id":"6745","url":"http:\/\/sitefacilitado.com.br\/membros\/wp-content\/uploads\/2020\/03\/samuel-zeller-103111-unsplash.jpg"},"background_position":"center center","background_attachment":"fixed","background_repeat":"no-repeat","background_size":"contain","background_overlay_background":"gradient","background_overlay_color":"rgba(0,44,58,0.6)","background_overlay_color_b":"#002c3a","background_overlay_color_b_stop":{"unit":"%","size":"85"},"background_overlay_gradient_angle":{"unit":"deg","size":"350"},"background_overlay_opacity":{"unit":"px","size":"1"},"shape_divider_top_color":"#00deff","shape_divider_bottom_color":"#f92056","shape_divider_bottom_height":{"unit":"px","size":"85"},"margin":{"unit":"px","top":"0","right":"0","bottom":"0","left":"0","isLinked":"1"},"padding":{"unit":"px","top":"40","right":"20","bottom":"40","left":"20","isLinked":""},"padding_mobile":{"unit":"px","top":"0","right":"10","bottom":"0","left":"10","isLinked":""}},"elements":[{"id":"67eb7516","settings":{"_column_size":"100","_inline_size":"","_inline_size_tablet":"100","background_color":"rgba(0,44,58,0.6)","border_width":{"unit":"px","top":"2","right":"2","bottom":"2","left":"2","isLinked":"1"},"border_color":"#00deff","box_shadow_box_shadow":{"horizontal":"5","vertical":"6","blur":"0","spread":"0","color":"#f92056"},"margin_mobile":{"unit":"px","top":"10","right":"10","bottom":"10","left":"10","isLinked":"1"},"padding_mobile":{"unit":"px","top":"30","right":"20","bottom":"30","left":"20","isLinked":""}},"elements":[{"id":"52760158","settings":{"title":"Exclusive offer","size":"xl","align":"center","title_color":"#ffffff","typography_typography":"custom","typography_font_family":"Poppins","typography_font_weight":"700","typography_text_transform":"uppercase","typography_letter_spacing":{"unit":"px","size":"2"},"text_shadow_text_shadow_type":"yes","text_shadow_text_shadow":{"horizontal":"2","vertical":"3","blur":"0","color":"#f92056"},"typography_font_size_tablet":{"unit":"px","size":"40"},"typography_font_size_mobile":{"unit":"px","size":"25"},"align_tablet":"center"},"elements":[],"isInner":false,"widgetType":"heading","elType":"widget"},{"id":"253fb47","settings":{"editor":"<p>Grab your pre-sale tickets now. Hurry! Limited to the first 100 people.<\/p>","align":"center","text_color":"#00deff","typography_typography":"custom","typography_font_family":"Poppins","typography_font_size_mobile":{"unit":"px","size":"14"},"typography_font_weight":"400","typography_letter_spacing":{"unit":"px","size":"2"},"_margin":{"unit":"px","top":"0","right":"0","bottom":"-10","left":"0","isLinked":""}},"elements":[],"isInner":false,"widgetType":"text-editor","elType":"widget"},{"id":"2d023858","settings":{"weight":{"unit":"px","size":"4"},"color":"#00deff","width":{"unit":"px","size":"50"},"align":"center","gap":{"unit":"px","size":"10"},"_margin":{"unit":"px","top":"0","right":"0","bottom":"40","left":"0","isLinked":""},"align_tablet":"center","_margin_mobile":{"unit":"px","top":"0","right":"0","bottom":"0","left":"0","isLinked":"1"}},"elements":[],"isInner":false,"widgetType":"divider","elType":"widget"},{"id":"54db84fd","settings":{"form_name":"Vip","form_fields":[{"_id":"name","field_type":"text","field_label":"Name","placeholder":"Name","width":"100","field_value":"","required":"","min_date":"","max_date":"","field_options":"","allow_multiple":"","select_size":"","inline_list":"","field_html":"","width_tablet":"","width_mobile":"","rows":"4","recaptcha_size":"normal","recaptcha_style":"light","css_classes":"","custom_id":"name"},{"_id":"email","field_type":"email","required":"true","field_label":"Email","placeholder":"Email","width":"100","field_value":"","min_date":"","max_date":"","field_options":"","allow_multiple":"","select_size":"","inline_list":"","field_html":"","width_tablet":"","width_mobile":"","rows":"4","recaptcha_size":"normal","recaptcha_style":"light","css_classes":"","custom_id":"email"},{"_id":"message","field_type":"select","field_label":"Event","placeholder":"Message","width":"100","field_value":"","required":"","min_date":"","max_date":"","field_options":"EDM NIGHT 1\nEDM NIGHT 2\nEDM NIGHT 3","allow_multiple":"","select_size":"","inline_list":"","field_html":"","width_tablet":"","width_mobile":"","rows":"4","recaptcha_size":"normal","recaptcha_style":"light","css_classes":"","custom_id":"message"}],"input_size":"md","button_text":"Reserve your spot","button_icon":"fa fa-chevron-circle-right","button_icon_align":"right","button_icon_indent":{"unit":"px","size":"15"},"email_content":"[all-fields]","email_content_2":"[all-fields]","success_message":"The form was sent successfully.","error_message":"An errors occurred.","required_field_message":"This field is required.","invalid_message":"There's something wrong. The form is invalid.","column_gap":{"unit":"px","size":"30"},"row_gap":{"unit":"px","size":"30"},"label_spacing":{"unit":"px","size":"10"},"label_color":"#ffffff","label_typography_typography":"custom","label_typography_font_family":"Poppins","label_typography_font_weight":"700","label_typography_letter_spacing":{"unit":"px","size":"1"},"field_text_color":"#00deff","field_typography_typography":"custom","field_typography_font_family":"Poppins","field_typography_font_weight":"700","field_background_color":"rgba(255,255,255,0)","field_border_color":"#00deff","field_border_width":{"unit":"px","top":"3","right":"3","bottom":"3","left":"3","isLinked":"1"},"field_border_radius":{"unit":"px","top":"25","right":"25","bottom":"25","left":"25","isLinked":"1"},"button_background_color":"#f92056","button_text_color":"#ffffff","button_typography_typography":"custom","button_typography_font_family":"Poppins","button_typography_font_size":{"unit":"px","size":"20"},"button_typography_text_transform":"uppercase","button_typography_letter_spacing":{"unit":"px","size":"1"},"button_border_border":"solid","button_border_width":{"unit":"px","top":"3","right":"3","bottom":"3","left":"3","isLinked":"1"},"button_border_color":"#f92056","button_border_radius":{"unit":"px","top":"50","right":"50","bottom":"50","left":"50","isLinked":"1"},"button_text_padding":{"unit":"px","top":"15","right":"15","bottom":"15","left":"15","isLinked":"1"},"button_background_hover_color":"rgba(255,255,255,0)","button_hover_color":"#00deff","button_hover_border_color":"#00deff","show_labels":"","button_typography_font_size_mobile":{"unit":"px","size":"13"},"field_typography_font_size_mobile":{"unit":"px","size":"13"}},"elements":[],"isInner":false,"widgetType":"form","elType":"widget"}],"isInner":"1","elType":"column"}],"isInner":"1","elType":"section"}],"isInner":"","elType":"column"}],"isInner":"","elType":"section"}],"page_settings":{"width":{"unit":"px","size":"500"},"horizontal_position_mobile":"center","vertical_position_mobile":"center","entrance_animation":"pulse","background_background":"classic","background_color":"rgba(0,0,0,0)","box_shadow_box_shadow_type":"","close_button_vertical_mobile":{"unit":"%","size":"1.6"},"close_button_horizontal_mobile":{"unit":"%","size":"6.7"},"close_button_color":"#f92056","close_button_hover_color":"#ffffff","template":"elementor_canvas"}}