{"version":"0.4","title":"Nightclub > Home Nightclub 5","type":"page","content":[{"id":"38bbe7d7","settings":{"custom_height":{"unit":"vh","size":""},"background_background":"video","background_video_link":"https:\/\/www.youtube.com\/watch?v=33MM6CAqKfE","background_video_fallback":{"url":"http:\/\/sitefacilitado.com.br\/membros\/wp-content\/uploads\/2020\/03\/alexander-popov-522100-unsplash-1.jpg","id":"6744"},"background_overlay_background":"gradient","background_overlay_color":"#000000","background_overlay_color_stop":{"unit":"%","size":"40"},"background_overlay_color_b":"rgba(0,222,255,0.75)","background_overlay_gradient_angle":{"unit":"deg","size":"360"},"background_overlay_opacity":{"unit":"px","size":"0.78"},"padding":{"unit":"px","top":"105","right":"0","bottom":"100","left":"0","isLinked":""},"gap":"extended","background_video_start":"15","background_video_end":"200","shape_divider_bottom_color":"rgba(249,32,86,0.1)","shape_divider_bottom_width":{"unit":"%","size":"100"},"shape_divider_bottom_height":{"unit":"px","size":"179"},"height":"full","css_filters_blur":{"unit":"px","size":"8.1"}},"elements":[{"id":"6ebd8d7e","settings":{"_column_size":"100","space_between_widgets":"0"},"elements":[{"id":"4d5e6c08","settings":{"title":"Where everyone comes to party","size":"large","align":"left","title_color":"#00deff","typography_typography":"custom","typography_font_family":"Yellowtail","_margin":{"unit":"%","top":"","right":"","bottom":"","left":"","isLinked":""},"typography_font_weight":"400","align_tablet":"center","typography_font_size":{"unit":"px","size":"58"},"typography_font_size_mobile":{"unit":"px","size":"22"},"header_size":"h3"},"elements":[],"isInner":false,"widgetType":"heading","elType":"widget"},{"id":"6082f7a9","settings":{"title":"THE OPERA NIGHT CLUB","size":"xxl","header_size":"h1","align":"left","title_color":"#ffffff","typography_typography":"custom","typography_font_family":"Poppins","typography_font_size":{"unit":"px","size":"78"},"typography_font_weight":"700","text_shadow_text_shadow_type":"yes","text_shadow_text_shadow":{"horizontal":"4","vertical":"3","blur":"0","color":"#f92056"},"_margin":{"unit":"px","top":"0","right":"0","bottom":"75","left":"0","isLinked":""},"typography_font_size_tablet":{"unit":"px","size":"108"},"typography_font_size_mobile":{"unit":"px","size":"40"},"typography_letter_spacing":{"unit":"px","size":"2"},"align_tablet":"center"},"elements":[],"isInner":false,"widgetType":"heading","elType":"widget"},{"id":"29178bdd","settings":{"gap":"extended","content_position":"middle","structure":"20","margin":{"unit":"px","top":"0","right":"0","bottom":"69","left":"0","isLinked":""}},"elements":[{"id":"55dfd18f","settings":{"_column_size":"50","_inline_size":"40","space_between_widgets":"0","_inline_size_tablet":"100"},"elements":[{"id":"4c8def1b","settings":{"title":"POOL PARTY","size":"large","align":"right","title_color":"#00deff","typography_typography":"custom","typography_font_family":"Poppins","typography_font_size_mobile":{"unit":"px","size":"20"},"typography_letter_spacing":{"unit":"px","size":"1"},"align_tablet":"center","header_size":"h3"},"elements":[],"isInner":false,"widgetType":"heading","elType":"widget"},{"id":"62c92856","settings":{"title":"THURSDAY, AUGUST 9, 2018","size":"medium","align":"right","title_color":"#ffffff","typography_typography":"custom","typography_font_family":"Poppins","typography_font_weight":"400","typography_font_style":"italic","_margin":{"unit":"px","top":"15","right":"0","bottom":"0","left":"0","isLinked":""},"typography_letter_spacing":{"unit":"px","size":"0.5"},"align_tablet":"center","header_size":"h4"},"elements":[],"isInner":false,"widgetType":"heading","elType":"widget"}],"isInner":"1","elType":"column"},{"id":"3cead7c7","settings":{"_column_size":"50","_inline_size":"60","space_between_widgets":"0","_inline_size_tablet":"100","padding_mobile":{"unit":"px","top":"0","right":"0","bottom":"0","left":"0","isLinked":""}},"elements":[{"id":"35833ab5","settings":{"label_days":"Days","label_hours":"Hours","label_minutes":"Minutes","label_seconds":"Seconds","box_background_color":"#f92056","box_border_radius":{"unit":"%","top":"","right":"","bottom":"","left":"","isLinked":"1"},"box_spacing":{"unit":"px","size":"30"},"digits_color":"#ffffff","digits_typography_typography":"custom","digits_typography_font_family":"Poppins","digits_typography_font_weight":"400","label_color":"#ffffff","label_typography_typography":"custom","label_typography_font_family":"Poppins","label_typography_font_style":"italic","label_typography_line_height":{"unit":"em","size":"1.8"},"digits_typography_font_size":{"unit":"px","size":"50"},"label_typography_font_size":{"unit":"px","size":"16"},"container_width_mobile":{"unit":"%","size":"100"},"box_spacing_mobile":{"unit":"px","size":"5"},"digits_typography_font_size_mobile":{"unit":"px","size":"25"},"label_typography_font_size_mobile":{"unit":"px","size":"14"},"label_typography_letter_spacing":{"unit":"px","size":"0.5"}},"elements":[],"isInner":false,"widgetType":"countdown","elType":"widget"}],"isInner":"1","elType":"column"}],"isInner":"1","elType":"section"},{"id":"127e1101","settings":{"gap":"extended","structure":"20"},"elements":[{"id":"f12b712","settings":{"_column_size":"50","_inline_size":""},"elements":[{"id":"238aaeb9","settings":{"text":"SHOW DETAILS","align":"right","size":"lg","typography_typography":"custom","typography_font_family":"Poppins","typography_font_weight":"500","button_text_color":"#ffffff","background_color":"rgba(249,32,86,0)","border_border":"solid","border_width":{"unit":"px","top":"3","right":"3","bottom":"3","left":"3","isLinked":"1"},"border_color":"#ffffff","border_radius":{"unit":"px","top":"30","right":"30","bottom":"30","left":"30","isLinked":"1"},"text_padding":{"unit":"px","top":"14","right":"45","bottom":"14","left":"45","isLinked":""},"hover_color":"#f92056","button_hover_border_color":"#f92056","align_mobile":"center"},"elements":[],"isInner":false,"widgetType":"button","elType":"widget"}],"isInner":"1","elType":"column"},{"id":"131e6a8","settings":{"_column_size":"50","_inline_size":""},"elements":[{"id":"4482db0f","settings":{"text":"BUY TICKETS","align":"left","size":"lg","typography_typography":"custom","typography_font_family":"Poppins","typography_font_weight":"500","button_text_color":"#ffffff","background_color":"#00deff","border_border":"solid","border_width":{"unit":"px","top":"3","right":"3","bottom":"3","left":"3","isLinked":"1"},"border_color":"rgba(255,255,255,0)","border_radius":{"unit":"px","top":"30","right":"30","bottom":"30","left":"30","isLinked":"1"},"text_padding":{"unit":"px","top":"14","right":"45","bottom":"14","left":"45","isLinked":""},"hover_color":"#f92056","button_hover_border_color":"#f92056","align_mobile":"center","icon":"fa fa-ticket","icon_align":"right","icon_indent":{"unit":"px","size":"14"},"button_background_hover_color":"rgba(0,0,0,0)"},"elements":[],"isInner":false,"widgetType":"button","elType":"widget"}],"isInner":"1","elType":"column"}],"isInner":"1","elType":"section"}],"isInner":"","elType":"column"}],"isInner":"","elType":"section"},{"id":"5bd62bec","settings":{"gap":"wider","custom_height":{"unit":"px","size":"600"},"content_position":"middle","structure":"20","background_background":"classic","background_color":"#2a1c2d","background_image":{"url":"http:\/\/sitefacilitado.com.br\/membros\/wp-content\/uploads\/2020\/03\/geert-pieters-684286-unsplash.jpg","id":"6752"},"background_position":"center center","background_attachment":"fixed","background_repeat":"no-repeat","background_size":"cover","background_overlay_background":"gradient","background_overlay_color":"#000000","background_overlay_color_stop":{"unit":"%","size":"57"},"background_overlay_color_b":"rgba(65,170,185,0.26)","background_overlay_gradient_angle":{"unit":"deg","size":"140"},"background_overlay_opacity":{"unit":"px","size":"0.63"},"css_filters_css_filter":"custom","padding":{"unit":"px","top":"135","right":"0","bottom":"135","left":"0","isLinked":""},"padding_mobile":{"unit":"px","top":"60","right":"0","bottom":"60","left":"0","isLinked":""}},"elements":[{"id":"6760158","settings":{"_column_size":"50","_inline_size":"","space_between_widgets":"0","padding_mobile":{"unit":"px","top":"30","right":"15","bottom":"30","left":"15","isLinked":""}},"elements":[{"id":"4045c4d3","settings":{"title":"TOP 1 DJ","size":"large","align":"right","title_color":"#ffffff","typography_typography":"custom","typography_font_family":"Poppins","typography_font_weight":"700","typography_letter_spacing":{"unit":"px","size":"1"},"align_mobile":"center"},"elements":[],"isInner":false,"widgetType":"heading","elType":"widget"},{"id":"4c90591f","settings":{"editor":"<p>Up all night<\/p>","align":"right","text_color":"#00deff","typography_typography":"custom","typography_font_family":"Poppins","typography_font_style":"italic","typography_line_height":{"unit":"em","size":"1"},"_margin":{"unit":"px","top":"0","right":"0","bottom":"88","left":"0","isLinked":""},"typography_font_weight":"400","typography_letter_spacing":{"unit":"px","size":"2"},"align_mobile":"center"},"elements":[],"isInner":false,"widgetType":"text-editor","elType":"widget"},{"id":"7a0efb0c","settings":{"title":"Martin Garrix","size":"xxl","align":"right","title_color":"#ffffff","typography_typography":"custom","typography_font_family":"Poppins","typography_font_weight":"700","typography_text_transform":"uppercase","text_shadow_text_shadow_type":"yes","text_shadow_text_shadow":{"horizontal":"2","vertical":"3","blur":"0","color":"#f92056"},"_margin":{"unit":"px","top":"0","right":"0","bottom":"0","left":"0","isLinked":""},"typography_font_size_mobile":{"unit":"px","size":"40"},"typography_letter_spacing":{"unit":"px","size":"2"},"align_mobile":"center"},"elements":[],"isInner":false,"widgetType":"heading","elType":"widget"},{"id":"29338d52","settings":{"editor":"<p>Electro, Techno, Music<\/p>","align":"right","text_color":"#00deff","typography_typography":"custom","typography_font_family":"Poppins","typography_font_style":"italic","typography_line_height":{"unit":"em","size":"1"},"_margin":{"unit":"px","top":"0","right":"0","bottom":"38","left":"0","isLinked":""},"typography_font_weight":"400","typography_letter_spacing":{"unit":"px","size":"2"},"align_mobile":"center"},"elements":[],"isInner":false,"widgetType":"text-editor","elType":"widget"},{"id":"12c9db51","settings":{"editor":"<p>I am text block. Click edit button to change this text. Lorem ipsum dolor sit amet, consectetur adipiscing elit. Ut elit tellus, luctus nec ullamcorper mattis, pulvinar dapibus leo.<\/p>","text_color":"#ffffff","typography_typography":"custom","typography_font_family":"Poppins","typography_line_height":{"unit":"em","size":"1.8"},"_margin":{"unit":"px","top":"0","right":"0","bottom":"38","left":"0","isLinked":""},"align_mobile":"center"},"elements":[],"isInner":false,"widgetType":"text-editor","elType":"widget"},{"id":"7b43e8e4","settings":{"gap":"no","structure":"80"},"elements":[{"id":"22aed0ef","settings":{"_column_size":"12","_inline_size":"","_inline_size_tablet":"5"},"elements":[],"isInner":"1","elType":"column"},{"id":"484a907d","settings":{"_column_size":"12","_inline_size":"","_inline_size_tablet":"5"},"elements":[],"isInner":"1","elType":"column"},{"id":"653017a3","settings":{"_column_size":"12","_inline_size":"","_inline_size_tablet":"5"},"elements":[],"isInner":"1","elType":"column"},{"id":"55e3bb45","settings":{"_column_size":"12","_inline_size":"","_inline_size_tablet":"5"},"elements":[],"isInner":"1","elType":"column"},{"id":"7aa9a61","settings":{"_column_size":"12","_inline_size":"","_inline_size_tablet":"14","_inline_size_mobile":"25","margin_tablet":{"unit":"px","top":"0","right":"0","bottom":"0","left":"0","isLinked":"1"},"padding_tablet":{"unit":"px","top":"0","right":"0","bottom":"0","left":"0","isLinked":"1"}},"elements":[{"id":"184d220","settings":{"icon":"fa fa-facebook","view":"stacked","link":{"url":"#","is_external":"","nofollow":""},"align":"right","primary_color":"#ffffff","secondary_color":"#f92056","hover_primary_color":"#f92056","hover_secondary_color":"#ffffff","size":{"unit":"px","size":"18"},"align_mobile":"center"},"elements":[],"isInner":false,"widgetType":"icon","elType":"widget"}],"isInner":"1","elType":"column"},{"id":"1fd99afa","settings":{"_column_size":"12","_inline_size":"","_inline_size_tablet":"14","_inline_size_mobile":"25","margin_tablet":{"unit":"px","top":"0","right":"0","bottom":"0","left":"0","isLinked":"1"},"padding_tablet":{"unit":"px","top":"0","right":"0","bottom":"0","left":"0","isLinked":"1"}},"elements":[{"id":"bf08970","settings":{"icon":"fa fa-twitter","view":"stacked","link":{"url":"#","is_external":"","nofollow":""},"align":"right","primary_color":"#ffffff","secondary_color":"#f92056","hover_primary_color":"#f92056","hover_secondary_color":"#ffffff","size":{"unit":"px","size":"18"},"align_mobile":"center"},"elements":[],"isInner":false,"widgetType":"icon","elType":"widget"}],"isInner":"1","elType":"column"},{"id":"481b8206","settings":{"_column_size":"12","_inline_size":"","_inline_size_tablet":"14","_inline_size_mobile":"25","margin_tablet":{"unit":"px","top":"0","right":"0","bottom":"0","left":"0","isLinked":"1"},"padding_tablet":{"unit":"px","top":"0","right":"0","bottom":"0","left":"0","isLinked":"1"}},"elements":[{"id":"75ab0ed2","settings":{"icon":"fa fa-instagram","view":"stacked","link":{"url":"#","is_external":"","nofollow":""},"align":"right","primary_color":"#ffffff","secondary_color":"#f92056","hover_primary_color":"#f92056","hover_secondary_color":"#ffffff","size":{"unit":"px","size":"18"},"align_mobile":"center"},"elements":[],"isInner":false,"widgetType":"icon","elType":"widget"}],"isInner":"1","elType":"column"},{"id":"4743fd75","settings":{"_column_size":"12","_inline_size":"","_inline_size_tablet":"14","_inline_size_mobile":"25","margin_tablet":{"unit":"px","top":"0","right":"0","bottom":"0","left":"0","isLinked":"1"},"padding_tablet":{"unit":"px","top":"0","right":"0","bottom":"0","left":"0","isLinked":"1"}},"elements":[{"id":"4599291f","settings":{"icon":"fa fa-google-plus","view":"stacked","link":{"url":"#","is_external":"","nofollow":""},"align":"right","primary_color":"#ffffff","secondary_color":"#f92056","hover_primary_color":"#f92056","hover_secondary_color":"#ffffff","size":{"unit":"px","size":"18"},"align_mobile":"center"},"elements":[],"isInner":false,"widgetType":"icon","elType":"widget"}],"isInner":"1","elType":"column"}],"isInner":"1","elType":"section"}],"isInner":"","elType":"column"},{"id":"492ec7e4","settings":{"_column_size":"50","_inline_size":"","padding_mobile":{"unit":"px","top":"30","right":"15","bottom":"30","left":"15","isLinked":""}},"elements":[{"id":"176d58bd","settings":{"image":{"url":"https:\/\/wp.envatoextensions.com\/kit-58\/wp-content\/uploads\/sites\/61\/2018\/08\/jan-strecha-761737-unsplash.jpg","id":"218"},"image_size":"custom","image_custom_dimension":{"width":"500","height":"600"},"image_border_border":"dashed","image_border_width":{"unit":"px","top":"5","right":"5","bottom":"5","left":"5","isLinked":"1"},"image_border_color":"#f92056","hover_animation":"wobble-to-bottom-right"},"elements":[],"isInner":false,"widgetType":"image","elType":"widget"}],"isInner":"","elType":"column"}],"isInner":"","elType":"section"},{"id":"27e3a31d","settings":{"background_background":"classic","background_color":"#000000","margin":{"unit":"px","top":"","right":"0","bottom":"","left":"0","isLinked":"1"},"padding":{"unit":"px","top":"210","right":"20","bottom":"210","left":"150","isLinked":""},"structure":"50","layout":"full_width","background_image":{"id":"6725","url":"http:\/\/sitefacilitado.com.br\/membros\/wp-content\/uploads\/2020\/03\/alexander-popov-522100-unsplash.jpg"},"background_position":"center left","background_attachment":"fixed","background_size":"cover","background_overlay_background":"gradient","background_overlay_color":"rgba(0,215,239,0.4)","background_overlay_color_b":"rgba(0,0,0,0.7)","background_overlay_gradient_angle":{"unit":"deg","size":"6"},"background_overlay_opacity":{"unit":"px","size":"1"},"padding_tablet":{"unit":"px","top":"100","right":"20","bottom":"100","left":"20","isLinked":""},"background_overlay_color_b_stop":{"unit":"%","size":"40"},"shape_divider_top_color":"#00deff","shape_divider_top_height":{"unit":"px","size":"85"},"shape_divider_bottom_color":"#000000","shape_divider_bottom_height":{"unit":"px","size":"85"}},"elements":[{"id":"4e1f8f59","settings":{"_column_size":"20","_inline_size":"","_inline_size_tablet":"96"},"elements":[{"id":"6db2274","settings":{"title":"Vibe Makers","size":"medium","header_size":"h3","align":"left","title_color":"#00deff","typography_typography":"custom","typography_font_weight":"400","_margin":{"unit":"px","top":"0","right":"0","bottom":"-10","left":"0","isLinked":""},"typography_font_family":"Poppins","typography_letter_spacing":{"unit":"px","size":"2"}},"elements":[],"isInner":false,"widgetType":"heading","elType":"widget"},{"id":"79901ede","settings":{"title":"DJ Team","size":"xl","align":"left","title_color":"#ffffff","typography_typography":"custom","typography_font_family":"Poppins","link":{"url":"#","is_external":"","nofollow":""},"typography_font_weight":"700","_margin":{"unit":"px","top":"0","right":"0","bottom":"0","left":"0","isLinked":""},"typography_text_transform":"uppercase","typography_letter_spacing":{"unit":"px","size":"2"},"text_shadow_text_shadow_type":"yes","text_shadow_text_shadow":{"horizontal":"2","vertical":"3","blur":"0","color":"#f92056"}},"elements":[],"isInner":false,"widgetType":"heading","elType":"widget"},{"id":"37e2b72a","settings":{"weight":{"unit":"px","size":"3"},"color":"#00deff","width":{"unit":"px","size":"50"},"align":"left","gap":{"unit":"px","size":"10"},"_margin":{"unit":"px","top":"0","right":"0","bottom":"30","left":"0","isLinked":""}},"elements":[],"isInner":false,"widgetType":"divider","elType":"widget"},{"id":"3634f04d","settings":{"editor":"<p>Ipsum dolor, consectetur adipiscing elit. Ut elit tellus, dolor sit&nbsp;ullamco mattis<\/p>","typography_typography":"custom","typography_font_family":"Poppins","_margin":{"unit":"px","top":"0","right":"0","bottom":"30","left":"0","isLinked":""},"text_color":"#cccccc","typography_letter_spacing":{"unit":"px","size":"0.5"}},"elements":[],"isInner":false,"widgetType":"text-editor","elType":"widget"},{"id":"11be9246","settings":{"button_type":"danger","text":"All Teams","align":"left","size":"xl","border_radius":{"unit":"px","top":"50","right":"50","bottom":"50","left":"50","isLinked":"1"},"text_padding":{"unit":"px","top":"15","right":"45","bottom":"15","left":"45","isLinked":""},"typography_typography":"custom","typography_font_family":"Poppins","background_color":"rgba(255,255,255,0)","button_background_hover_color":"rgba(255,255,255,0)","button_hover_border_color":"#00deff","border_border":"solid","border_width":{"unit":"px","top":"3","right":"3","bottom":"3","left":"3","isLinked":"1"},"border_color":"#f92056","typography_text_transform":"uppercase","typography_letter_spacing":{"unit":"px","size":"2"},"button_text_color":"#f92056","hover_color":"#00deff"},"elements":[],"isInner":false,"widgetType":"button","elType":"widget"}],"isInner":"","elType":"column"},{"id":"21b111c2","settings":{"_column_size":"20","_inline_size":"","_inline_size_tablet":"25"},"elements":[{"id":"a1666e5","settings":{"image":{"id":"6729","url":"http:\/\/sitefacilitado.com.br\/membros\/wp-content\/uploads\/2020\/03\/matty-adame-274356-unsplash.jpg"},"image_size":"custom","image_custom_dimension":{"width":"300","height":"300"},"link_to":"custom","link":{"url":"#","is_external":"","nofollow":""},"width_mobile":{"unit":"%","size":"100"},"image_border_border":"solid","image_border_width":{"unit":"px","top":"2","right":"2","bottom":"2","left":"2","isLinked":"1"},"image_border_color":"#00deff","image_box_shadow_box_shadow_type":"yes","image_box_shadow_box_shadow":{"horizontal":"6","vertical":"7","blur":"0","spread":"0","color":"#f92056"},"hover_animation":"float"},"elements":[],"isInner":false,"widgetType":"image","elType":"widget"}],"isInner":"","elType":"column"},{"id":"20927e1e","settings":{"_column_size":"20","_inline_size":"","_inline_size_tablet":"25"},"elements":[{"id":"f6a6e4c","settings":{"image":{"id":"6732","url":"http:\/\/sitefacilitado.com.br\/membros\/wp-content\/uploads\/2020\/03\/redd-angelo-393003-unsplash.jpg"},"image_size":"custom","image_custom_dimension":{"width":"300","height":"300"},"link_to":"custom","link":{"url":"#","is_external":"","nofollow":""},"width_mobile":{"unit":"%","size":"100"},"image_border_border":"solid","image_border_width":{"unit":"px","top":"2","right":"2","bottom":"2","left":"2","isLinked":"1"},"image_border_color":"#00deff","image_box_shadow_box_shadow_type":"yes","image_box_shadow_box_shadow":{"horizontal":"6","vertical":"7","blur":"0","spread":"0","color":"#f92056"},"hover_animation":"float"},"elements":[],"isInner":false,"widgetType":"image","elType":"widget"}],"isInner":"","elType":"column"},{"id":"3a37fa19","settings":{"_column_size":"20","_inline_size":"","_inline_size_tablet":"25"},"elements":[{"id":"5bdd80ca","settings":{"image":{"id":"6733","url":"http:\/\/sitefacilitado.com.br\/membros\/wp-content\/uploads\/2020\/03\/xandro-vandewalle-454419-unsplash.jpg"},"image_size":"custom","image_custom_dimension":{"width":"300","height":"300"},"link_to":"custom","link":{"url":"#","is_external":"","nofollow":""},"width_mobile":{"unit":"%","size":"100"},"image_border_border":"solid","image_border_width":{"unit":"px","top":"2","right":"2","bottom":"2","left":"2","isLinked":"1"},"image_border_color":"#00deff","image_box_shadow_box_shadow_type":"yes","image_box_shadow_box_shadow":{"horizontal":"6","vertical":"7","blur":"0","spread":"0","color":"#f92056"},"hover_animation":"float"},"elements":[],"isInner":false,"widgetType":"image","elType":"widget"}],"isInner":"","elType":"column"},{"id":"2f027427","settings":{"_column_size":"20","_inline_size":"","_inline_size_tablet":"25"},"elements":[{"id":"6bfc0cf6","settings":{"image":{"id":"6734","url":"http:\/\/sitefacilitado.com.br\/membros\/wp-content\/uploads\/2020\/03\/andrew-gaines-287085-unsplash-scaled.jpg"},"image_size":"custom","image_custom_dimension":{"width":"300","height":"300"},"link_to":"custom","link":{"url":"#","is_external":"","nofollow":""},"width_mobile":{"unit":"%","size":"100"},"image_border_border":"solid","image_border_width":{"unit":"px","top":"2","right":"2","bottom":"2","left":"2","isLinked":"1"},"image_border_color":"#00deff","image_box_shadow_box_shadow_type":"yes","image_box_shadow_box_shadow":{"horizontal":"6","vertical":"7","blur":"0","spread":"0","color":"#f92056"},"hover_animation":"float"},"elements":[],"isInner":false,"widgetType":"image","elType":"widget"}],"isInner":"","elType":"column"}],"isInner":"","elType":"section"},{"id":"217f91e6","settings":{"layout":"full_width","gap":"no","content_position":"top","structure":"20","background_background":"classic","background_color":"#222222","background_image":{"url":"http:\/\/sitefacilitado.com.br\/membros\/wp-content\/uploads\/2020\/03\/matty-adame-274356-unsplash.jpg","id":"6729"},"background_position":"center center","background_attachment":"fixed","background_repeat":"no-repeat","background_size":"cover","background_overlay_background":"gradient","background_overlay_color":"#1a1a1a","background_overlay_color_stop":{"unit":"%","size":"81"},"background_overlay_color_b":"rgba(65,170,185,0.61)","background_overlay_opacity":{"unit":"px","size":"0.76"},"background_overlay_gradient_angle":{"unit":"deg","size":"270"}},"elements":[{"id":"488a085b","settings":{"_column_size":"50","_inline_size":"40","background_color":"#021917","padding":{"unit":"px","top":"130","right":"0","bottom":"110","left":"0","isLinked":""},"_inline_size_tablet":"100"},"elements":[{"id":"4b0e8038","settings":{"gap":"no","structure":"30"},"elements":[{"id":"d2f84e7","settings":{"_column_size":"33","_inline_size":"20","_inline_size_tablet":"100"},"elements":[],"isInner":"1","elType":"column"},{"id":"4c4c8447","settings":{"_column_size":"33","_inline_size":"60","space_between_widgets":"0","_inline_size_tablet":"100","padding_mobile":{"unit":"px","top":"0","right":"15","bottom":"0","left":"15","isLinked":""},"padding_tablet":{"unit":"px","top":"0","right":"40","bottom":"0","left":"40","isLinked":""}},"elements":[{"id":"29f5ed25","settings":{"title":"Opening Hours","size":"xl","title_color":"#ffffff","typography_typography":"custom","typography_font_family":"Poppins","typography_font_weight":"700","typography_text_transform":"uppercase","text_shadow_text_shadow_type":"yes","text_shadow_text_shadow":{"horizontal":"2","vertical":"3","blur":"0","color":"#f92056"},"_margin":{"unit":"px","top":"0","right":"0","bottom":"40","left":"0","isLinked":""},"_padding":{"unit":"px","top":"0","right":"0","bottom":"10","left":"0","isLinked":""},"_border_border":"dotted","_border_width":{"unit":"px","top":"0","right":"0","bottom":"2","left":"0","isLinked":""},"_border_color":"rgba(255,255,255,0.73)","typography_letter_spacing":{"unit":"px","size":"2"},"align_mobile":"center"},"elements":[],"isInner":false,"widgetType":"heading","elType":"widget"},{"id":"3835e283","settings":{"editor":"<p><strong>Mon:<\/strong> Closed<br \/><strong>Tue:<\/strong> 5pm - 12am<br \/><strong>Wed:<\/strong> 5pm - 12am<br \/><strong>Thu:<\/strong> 5pm - 12am<br \/><strong>Fri:<\/strong> 5pm - 2am<br \/><strong>Sat:<\/strong> 4pm - 2am<br \/><strong>Sun:<\/strong> 12pm - 8:45pm<\/p>","text_color":"#ffffff","typography_typography":"custom","typography_font_family":"Poppins","typography_text_transform":"uppercase","typography_line_height":{"unit":"em","size":"2.4"},"_margin":{"unit":"px","top":"0","right":"0","bottom":"71","left":"0","isLinked":""},"typography_letter_spacing":{"unit":"px","size":"0.5"},"align_mobile":"center"},"elements":[],"isInner":false,"widgetType":"text-editor","elType":"widget"},{"id":"26fbd665","settings":{"title":"STATS","size":"xl","title_color":"#ffffff","typography_typography":"custom","typography_font_family":"Poppins","typography_font_weight":"700","typography_text_transform":"uppercase","text_shadow_text_shadow_type":"yes","text_shadow_text_shadow":{"horizontal":"2","vertical":"3","blur":"0","color":"#41aab9"},"_margin":{"unit":"px","top":"0","right":"0","bottom":"40","left":"0","isLinked":""},"_padding":{"unit":"px","top":"0","right":"0","bottom":"10","left":"0","isLinked":""},"_border_border":"dotted","_border_width":{"unit":"px","top":"0","right":"0","bottom":"2","left":"0","isLinked":""},"_border_color":"rgba(255,255,255,0.7)","typography_letter_spacing":{"unit":"px","size":"2"},"align_mobile":"center"},"elements":[],"isInner":false,"widgetType":"heading","elType":"widget"},{"id":"bd94f56","settings":{"title":"1.080.999","size":"xl","title_color":"#ffffff","typography_typography":"custom","typography_font_family":"Poppins","typography_font_weight":"700","typography_text_transform":"uppercase","text_shadow_text_shadow":{"horizontal":"2","vertical":"1","blur":"0","color":"#41aab9"},"typography_font_size_mobile":{"unit":"px","size":"40"},"text_shadow_text_shadow_type":"yes","typography_letter_spacing":{"unit":"px","size":"2"},"align_mobile":"center","header_size":"h3"},"elements":[],"isInner":false,"widgetType":"heading","elType":"widget"},{"id":"4424e9cb","settings":{"editor":"<p>visitors<\/p>","text_color":"#00deff","typography_typography":"custom","typography_font_family":"Poppins","typography_text_transform":"uppercase","typography_font_style":"italic","typography_line_height":{"unit":"em","size":"1"},"_margin":{"unit":"px","top":"0","right":"0","bottom":"30","left":"0","isLinked":""},"typography_font_weight":"400","typography_letter_spacing":{"unit":"px","size":"2"},"align_mobile":"center"},"elements":[],"isInner":false,"widgetType":"text-editor","elType":"widget"},{"id":"277089cd","settings":{"title":"1.898","size":"xl","title_color":"#ffffff","typography_typography":"custom","typography_font_family":"Poppins","typography_font_weight":"700","typography_text_transform":"uppercase","text_shadow_text_shadow":{"horizontal":"2","vertical":"1","blur":"0","color":"#41aab9"},"typography_font_size_mobile":{"unit":"px","size":"40"},"text_shadow_text_shadow_type":"yes","typography_letter_spacing":{"unit":"px","size":"2"},"align_mobile":"center","header_size":"h3"},"elements":[],"isInner":false,"widgetType":"heading","elType":"widget"},{"id":"3ff5be7","settings":{"editor":"<p>Parties<\/p>","text_color":"#00deff","typography_typography":"custom","typography_font_family":"Poppins","typography_text_transform":"uppercase","typography_font_style":"italic","typography_line_height":{"unit":"em","size":"1"},"_margin":{"unit":"px","top":"0","right":"0","bottom":"30","left":"0","isLinked":""},"typography_font_weight":"400","typography_letter_spacing":{"unit":"px","size":"2"},"align_mobile":"center"},"elements":[],"isInner":false,"widgetType":"text-editor","elType":"widget"},{"id":"7b284a67","settings":{"title":"368.368","size":"xl","title_color":"#ffffff","typography_typography":"custom","typography_font_family":"Poppins","typography_font_weight":"700","typography_text_transform":"uppercase","text_shadow_text_shadow":{"horizontal":"2","vertical":"1","blur":"0","color":"#41aab9"},"typography_font_size_mobile":{"unit":"px","size":"40"},"text_shadow_text_shadow_type":"yes","typography_letter_spacing":{"unit":"px","size":"2"},"align_mobile":"center","header_size":"h3"},"elements":[],"isInner":false,"widgetType":"heading","elType":"widget"},{"id":"6b78ace7","settings":{"editor":"<p>Hours of music were played<\/p>","text_color":"#00deff","typography_typography":"custom","typography_font_family":"Poppins","typography_text_transform":"uppercase","typography_font_style":"italic","typography_line_height":{"unit":"em","size":"1"},"_margin":{"unit":"px","top":"0","right":"0","bottom":"30","left":"0","isLinked":""},"typography_font_weight":"400","typography_letter_spacing":{"unit":"px","size":"2"},"align_mobile":"center"},"elements":[],"isInner":false,"widgetType":"text-editor","elType":"widget"},{"id":"44ac2abc","settings":{"title":"15.000","size":"xl","title_color":"#ffffff","typography_typography":"custom","typography_font_family":"Poppins","typography_font_weight":"700","typography_text_transform":"uppercase","text_shadow_text_shadow":{"horizontal":"2","vertical":"1","blur":"0","color":"#41aab9"},"typography_font_size_mobile":{"unit":"px","size":"40"},"text_shadow_text_shadow_type":"yes","typography_letter_spacing":{"unit":"px","size":"2"},"align_mobile":"center","header_size":"h3"},"elements":[],"isInner":false,"widgetType":"heading","elType":"widget"},{"id":"5a0ec2f0","settings":{"editor":"<p>Members<\/p>","text_color":"#00deff","typography_typography":"custom","typography_font_family":"Poppins","typography_text_transform":"uppercase","typography_font_style":"italic","typography_line_height":{"unit":"em","size":"1"},"typography_font_weight":"400","typography_letter_spacing":{"unit":"px","size":"2"},"align_mobile":"center","_margin":{"unit":"px","top":"0","right":"0","bottom":"30","left":"0","isLinked":""}},"elements":[],"isInner":false,"widgetType":"text-editor","elType":"widget"}],"isInner":"1","elType":"column"},{"id":"2f1de41d","settings":{"_column_size":"33","_inline_size":"19.678","_inline_size_tablet":"100"},"elements":[],"isInner":"1","elType":"column"}],"isInner":"1","elType":"section"}],"isInner":"","elType":"column"},{"id":"f6e7d43","settings":{"_column_size":"50","_inline_size":"60","background_background":"classic","background_color":"#090d10","padding":{"unit":"px","top":"75","right":"0","bottom":"105","left":"0","isLinked":""},"_inline_size_tablet":"100","padding_mobile":{"unit":"px","top":"15","right":"0","bottom":"60","left":"0","isLinked":""}},"elements":[{"id":"234ec439","settings":{"layout":"full_width","gap":"no"},"elements":[{"id":"beb63f4","settings":{"_column_size":"100","_inline_size":"","padding":{"unit":"px","top":"0","right":"100","bottom":"0","left":"100","isLinked":""},"padding_tablet":{"unit":"px","top":"0","right":"40","bottom":"0","left":"40","isLinked":""},"padding_mobile":{"unit":"px","top":"0","right":"15","bottom":"0","left":"15","isLinked":""}},"elements":[{"id":"4caf723d","settings":{"marker":"underline","before_text":"Your kind of gathering ","highlighted_text":"place","rotating_text":"Better\nBigger\nFaster","alignment":"left","title_color":"#00deff","title_typography_typography":"custom","title_typography_font_family":"Poppins","title_typography_font_weight":"700","title_typography_text_transform":"uppercase","words_typography_typography":"custom","words_typography_font_family":"Poppins","words_typography_font_weight":"700","words_typography_text_transform":"uppercase","title_typography_font_size_mobile":{"unit":"px","size":"40"},"title_typography_letter_spacing":{"unit":"px","size":"2"},"alignment_mobile":"center","tag":"h2"},"elements":[],"isInner":false,"widgetType":"animated-headline","elType":"widget"}],"isInner":"1","elType":"column"}],"isInner":"1","elType":"section"},{"id":"40344baf","settings":{"layout":"full_width","gap":"no"},"elements":[{"id":"723e33a1","settings":{"_column_size":"100","_inline_size":"","padding":{"unit":"px","top":"0","right":"100","bottom":"0","left":"100","isLinked":""},"padding_tablet":{"unit":"px","top":"0","right":"40","bottom":"0","left":"40","isLinked":""},"padding_mobile":{"unit":"px","top":"0","right":"15","bottom":"0","left":"15","isLinked":""}},"elements":[{"id":"3410a9b5","settings":{"editor":"<p><strong>OPERA<\/strong> Nightclub is the place to celebrate with your friends! Let us care for those pre wedding jitters and experience a night full of fun, dancing, great music, partying and exceptional service.<\/p><p>We will provide everything you and your friends could want out of a night on the town! Upon your arrival, we will have your table decked out with party favors, ideal bottle selections and endless mixers. Let your private VIP hostess (or Host!) ensure all of your needs are met for the night.<\/p>","text_color":"#ffffff","typography_typography":"custom","typography_font_family":"Poppins","typography_line_height":{"unit":"em","size":"1.8"},"_margin":{"unit":"px","top":"0","right":"0","bottom":"65","left":"0","isLinked":""},"typography_letter_spacing":{"unit":"px","size":"0.5"},"align_mobile":"center"},"elements":[],"isInner":false,"widgetType":"text-editor","elType":"widget"}],"isInner":"1","elType":"column"}],"isInner":"1","elType":"section"},{"id":"4ddad16b","settings":{"layout":"full_width","gap":"no"},"elements":[{"id":"4dc6372b","settings":{"_column_size":"100","_inline_size":"","padding":{"unit":"px","top":"0","right":"100","bottom":"0","left":"100","isLinked":""},"padding_tablet":{"unit":"px","top":"0","right":"40","bottom":"0","left":"40","isLinked":""},"padding_mobile":{"unit":"px","top":"0","right":"15","bottom":"0","left":"15","isLinked":""}},"elements":[{"id":"65479b76","settings":{"wp_gallery":[{"id":"6753","url":"http:\/\/sitefacilitado.com.br\/membros\/wp-content\/uploads\/2020\/03\/dollar-gill-481547-unsplash.jpg"},{"id":"6748","url":"http:\/\/sitefacilitado.com.br\/membros\/wp-content\/uploads\/2020\/03\/henri-pham-356887-unsplash.jpg"},{"id":"6742","url":"http:\/\/sitefacilitado.com.br\/membros\/wp-content\/uploads\/2020\/03\/michael-discenza-199756-unsplash.jpg"},{"id":"6746","url":"http:\/\/sitefacilitado.com.br\/membros\/wp-content\/uploads\/2020\/03\/rawpixel-633849-unsplash.jpg"},{"id":"6745","url":"http:\/\/sitefacilitado.com.br\/membros\/wp-content\/uploads\/2020\/03\/samuel-zeller-103111-unsplash.jpg"},{"id":"6754","url":"http:\/\/sitefacilitado.com.br\/membros\/wp-content\/uploads\/2020\/03\/thomas-habr-195107-unsplash.jpg"}],"thumbnail_size":"large","gallery_columns":"3","open_lightbox":"yes","image_spacing":"custom","gallery_display_caption":"none","image_border_border":"dashed","image_border_width":{"unit":"px","top":"2","right":"2","bottom":"2","left":"2","isLinked":"1"},"image_border_color":"rgba(0,222,255,0.75)"},"elements":[],"isInner":false,"widgetType":"image-gallery","elType":"widget"}],"isInner":"1","elType":"column"}],"isInner":"1","elType":"section"}],"isInner":"","elType":"column"}],"isInner":"","elType":"section"},{"id":"7ce54efe","settings":{"gap":"no","background_background":"classic","background_color":"#111111","background_position":"center center","background_attachment":"fixed","background_repeat":"no-repeat","background_size":"cover","background_overlay_background":"classic","background_overlay_color":"#111111","background_overlay_color_stop":{"unit":"%","size":"24"},"background_overlay_color_b":"rgba(65,170,185,0.69)","background_overlay_color_b_stop":{"unit":"%","size":"48"},"background_overlay_gradient_angle":{"unit":"deg","size":"120"},"background_overlay_opacity":{"unit":"px","size":"0.93"},"padding":{"unit":"px","top":"130","right":"0","bottom":"67","left":"0","isLinked":""},"background_image":{"url":"http:\/\/sitefacilitado.com.br\/membros\/wp-content\/uploads\/2020\/03\/alexander-popov-522100-unsplash.jpg","id":"6725"},"padding_mobile":{"unit":"px","top":"60","right":"0","bottom":"7","left":"0","isLinked":""}},"elements":[{"id":"1c99de67","settings":{"_column_size":"100","space_between_widgets":"0","background_color":"#000000"},"elements":[{"id":"349d2ee5","settings":{"title":"Happy Customers","size":"small","align":"center","title_color":"#00deff","typography_typography":"custom","typography_font_family":"Poppins","typography_font_weight":"400","typography_text_transform":"uppercase","_margin":{"unit":"px","top":"0","right":"0","bottom":"12","left":"0","isLinked":""},"typography_font_size":{"unit":"px","size":"16"},"typography_letter_spacing":{"unit":"px","size":"2"},"header_size":"h3"},"elements":[],"isInner":false,"widgetType":"heading","elType":"widget"},{"id":"2178313","settings":{"title":"TESTIMONIALS","size":"xl","align":"center","title_color":"#ffffff","typography_typography":"custom","typography_font_family":"Poppins","typography_font_weight":"700","typography_text_transform":"uppercase","text_shadow_text_shadow_type":"yes","text_shadow_text_shadow":{"horizontal":"2","vertical":"1","blur":"0","color":"#f92056"},"_margin":{"unit":"px","top":"0","right":"0","bottom":"47","left":"0","isLinked":""}},"elements":[],"isInner":false,"widgetType":"heading","elType":"widget"},{"id":"54485c20","settings":{"slides":[{"content":"I am slide content. Click edit button to change this text. Lorem ipsum dolor sit amet, consectetur adipiscing elit. Ut elit tellus, luctus nec ullamcorper mattis, pulvinar dapibus leo.","name":"John Doe","title":"CEO","image":{"url":"http:\/\/sitefacilitado.com.br\/membros\/wp-content\/uploads\/2020\/03\/alfonso-scarpa-530923-unsplash.jpg","id":"6735"},"_id":"bf19e35"},{"content":"I am slide content. Click edit button to change this text. Lorem ipsum dolor sit amet, consectetur adipiscing elit. Ut elit tellus, luctus nec ullamcorper mattis, pulvinar dapibus leo.","name":"John Doe","title":"CEO","image":{"url":"http:\/\/sitefacilitado.com.br\/membros\/wp-content\/uploads\/2020\/03\/xandro-vandewalle-454419-unsplash.jpg","id":"6733"},"_id":"41906f2"},{"content":"I am slide content. Click edit button to change this text. Lorem ipsum dolor sit amet, consectetur adipiscing elit. Ut elit tellus, luctus nec ullamcorper mattis, pulvinar dapibus leo.","name":"John Doe","title":"CEO","image":{"url":"http:\/\/sitefacilitado.com.br\/membros\/wp-content\/uploads\/2020\/03\/matty-adame-274356-unsplash.jpg","id":"6729"},"_id":"fa004a7"}],"alignment":"left","slides_per_view":"2","slides_to_scroll":"1","show_arrows":"","image_size_size":"thumbnail","content_color":"#ffffff","content_typography_typography":"custom","content_typography_font_family":"Poppins","content_typography_font_size":{"unit":"px","size":"18"},"content_typography_font_weight":"200","content_typography_font_style":"normal","content_typography_line_height":{"unit":"em","size":"1.65"},"name_color":"#00deff","name_typography_typography":"custom","name_typography_font_family":"Poppins","name_typography_text_transform":"uppercase","title_color":"#ffffff","title_typography_typography":"custom","title_typography_font_family":"Poppins","image_size":{"unit":"px","size":"80"},"pagination_size":{"unit":"px","size":"10"},"content_typography_letter_spacing":{"unit":"px","size":"0.5"}},"elements":[],"isInner":false,"widgetType":"testimonial-carousel","elType":"widget"}],"isInner":"","elType":"column"}],"isInner":"","elType":"section"},{"id":"2bcf3d88","settings":{"layout":"full_width","gap":"no","background_background":"classic","background_overlay_background":"classic","background_overlay_color":"#f92056"},"elements":[{"id":"77c8493e","settings":{"_column_size":"100"},"elements":[{"id":"b29c8b8","settings":{"address":"London Eye, London, United Kingdom","css_filters_css_filter":"custom","css_filters_saturate":{"unit":"px","size":"0"},"css_filters_hover_css_filter":"custom","css_filters_hover_contrast":{"unit":"px","size":"133"},"css_filters_hover_saturate":{"unit":"px","size":"140"},"hover_transition":{"unit":"px","size":"0.3"}},"elements":[],"isInner":false,"widgetType":"google_maps","elType":"widget"}],"isInner":"","elType":"column"}],"isInner":"","elType":"section"},{"id":"8310117","settings":{"gap":"extended","background_background":"classic","background_color":"#111111","background_position":"center center","background_attachment":"scroll","background_repeat":"no-repeat","background_size":"cover","background_overlay_background":"gradient","background_overlay_color":"#14222d","background_overlay_color_stop":{"unit":"%","size":"24"},"background_overlay_color_b":"rgba(65,170,185,0.69)","background_overlay_color_b_stop":{"unit":"%","size":"48"},"background_overlay_gradient_angle":{"unit":"deg","size":"120"},"background_overlay_opacity":{"unit":"px","size":"0.12"},"padding":{"unit":"px","top":"130","right":"0","bottom":"110","left":"0","isLinked":""},"content_position":"middle","structure":"30","padding_mobile":{"unit":"px","top":"60","right":"0","bottom":"60","left":"0","isLinked":""}},"elements":[{"id":"1c4b0608","settings":{"_column_size":"33","space_between_widgets":"0","background_color":"#000000","_inline_size":""},"elements":[{"id":"7ce717bb","settings":{"editor":"<p><strong>1419 Westwood Blvd<\/strong><br \/>Los Angeles | CA 90024-4911<\/p>","align":"right","align_mobile":"center","text_color":"#ffffff","typography_typography":"custom","typography_font_family":"Poppins","typography_line_height":{"unit":"em","size":"1.8"},"typography_letter_spacing":{"unit":"px","size":"0.5"}},"elements":[],"isInner":false,"widgetType":"text-editor","elType":"widget"}],"isInner":"","elType":"column"},{"id":"2c7b15ec","settings":{"_column_size":"33","space_between_widgets":"0","background_color":"#000000","_inline_size":""},"elements":[{"id":"a8d82ca","settings":{"text":"OPERA","align":"center","size":"lg","typography_typography":"custom","typography_font_family":"Poppins","typography_font_weight":"700","typography_letter_spacing":{"unit":"px","size":"15"},"button_text_color":"#f92056","background_color":"rgba(0,0,0,0)","hover_color":"#00deff","button_hover_border_color":"#00deff","border_border":"dashed","border_width":{"unit":"px","top":"3","right":"3","bottom":"3","left":"3","isLinked":"1"},"border_color":"#f92056","border_radius":{"unit":"px","top":"0","right":"0","bottom":"0","left":"0","isLinked":"1"},"text_padding":{"unit":"px","top":"15","right":"35","bottom":"15","left":"50","isLinked":""},"_margin":{"unit":"px","top":"0","right":"0","bottom":"20","left":"0","isLinked":""}},"elements":[],"isInner":false,"widgetType":"button","elType":"widget"},{"id":"7ec97aa6","settings":{"title":"NIGHT CLUB","size":"small","align":"center","title_color":"#00deff","typography_typography":"custom","typography_font_family":"Poppins","typography_font_weight":"400","typography_text_transform":"uppercase","_margin":{"unit":"px","top":"0","right":"0","bottom":"32","left":"0","isLinked":""},"typography_font_size":{"unit":"px","size":"16"},"typography_letter_spacing":{"unit":"px","size":"2"}},"elements":[],"isInner":false,"widgetType":"heading","elType":"widget"},{"id":"2b63553","settings":{"gap":"no","structure":"60"},"elements":[{"id":"46de5baf","settings":{"_column_size":"16","_inline_size":"","_inline_size_tablet":"10"},"elements":[],"isInner":"1","elType":"column"},{"id":"6b6d57c6","settings":{"_column_size":"16","_inline_size":"","_inline_size_tablet":"20","_inline_size_mobile":"25"},"elements":[{"id":"545aa951","settings":{"icon":"fa fa-facebook","view":"stacked","link":{"url":"#","is_external":"","nofollow":""},"primary_color":"#ffffff","secondary_color":"#f92056","hover_primary_color":"#f92056","hover_secondary_color":"#ffffff","size":{"unit":"px","size":"18"},"shape":"square","align_mobile":"center"},"elements":[],"isInner":false,"widgetType":"icon","elType":"widget"}],"isInner":"1","elType":"column"},{"id":"1ecd2f46","settings":{"_column_size":"16","_inline_size":"","_inline_size_tablet":"20","_inline_size_mobile":"25"},"elements":[{"id":"5a2ea2f9","settings":{"icon":"fa fa-twitter","view":"stacked","link":{"url":"#","is_external":"","nofollow":""},"primary_color":"#ffffff","secondary_color":"#f92056","hover_primary_color":"#f92056","hover_secondary_color":"#ffffff","size":{"unit":"px","size":"18"},"shape":"square","align_mobile":"center"},"elements":[],"isInner":false,"widgetType":"icon","elType":"widget"}],"isInner":"1","elType":"column"},{"id":"17a1c9e4","settings":{"_column_size":"16","_inline_size":"","_inline_size_tablet":"20","_inline_size_mobile":"25"},"elements":[{"id":"230def7d","settings":{"icon":"fa fa-instagram","view":"stacked","link":{"url":"#","is_external":"","nofollow":""},"primary_color":"#ffffff","secondary_color":"#f92056","hover_primary_color":"#f92056","hover_secondary_color":"#ffffff","size":{"unit":"px","size":"18"},"shape":"square","align_mobile":"center"},"elements":[],"isInner":false,"widgetType":"icon","elType":"widget"}],"isInner":"1","elType":"column"},{"id":"1bf49bd4","settings":{"_column_size":"16","_inline_size":"","_inline_size_tablet":"20","_inline_size_mobile":"25"},"elements":[{"id":"41120fca","settings":{"icon":"fa fa-google-plus","view":"stacked","link":{"url":"#","is_external":"","nofollow":""},"primary_color":"#ffffff","secondary_color":"#f92056","hover_primary_color":"#f92056","hover_secondary_color":"#ffffff","size":{"unit":"px","size":"18"},"shape":"square","align_mobile":"center"},"elements":[],"isInner":false,"widgetType":"icon","elType":"widget"}],"isInner":"1","elType":"column"},{"id":"7d706352","settings":{"_column_size":"16","_inline_size":"","_inline_size_tablet":"10"},"elements":[],"isInner":"1","elType":"column"}],"isInner":"1","elType":"section"}],"isInner":"","elType":"column"},{"id":"329ddaa5","settings":{"_column_size":"33","space_between_widgets":"0","background_color":"#000000","_inline_size":""},"elements":[{"id":"74760147","settings":{"editor":"<p><strong>email@yourclub.com<\/strong><br \/>+1 213 777 7777<\/p>","align":"left","align_mobile":"center","text_color":"#ffffff","typography_typography":"custom","typography_font_family":"Poppins","typography_line_height":{"unit":"em","size":"1.8"},"typography_letter_spacing":{"unit":"px","size":"0.5"}},"elements":[],"isInner":false,"widgetType":"text-editor","elType":"widget"}],"isInner":"","elType":"column"}],"isInner":"","elType":"section"}]}