{"version":"0.4","title":"Nightclub > Home Nightclub 3","type":"page","content":[{"id":"2d27bb77","settings":{"custom_height":{"unit":"vh","size":""},"background_background":"classic","background_video_link":"https:\/\/www.youtube.com\/watch?v=o0bdbgAavS8","background_video_fallback":{"url":"http:\/\/sitefacilitado.com.br\/membros\/wp-content\/uploads\/2020\/03\/michael-discenza-199756-unsplash.jpg","id":"6742"},"background_overlay_background":"gradient","background_overlay_color":"#000000","background_overlay_color_stop":{"unit":"%","size":"50"},"background_overlay_color_b":"#9e149b","background_overlay_gradient_angle":{"unit":"deg","size":"194"},"background_overlay_opacity":{"unit":"px","size":"0.26"},"padding":{"unit":"px","top":"105","right":"0","bottom":"100","left":"0","isLinked":""},"gap":"extended","background_video_start":"15","background_video_end":"200","shape_divider_bottom_color":"rgba(158,20,155,0.21)","shape_divider_bottom_width":{"unit":"%","size":"100"},"shape_divider_bottom_height":{"unit":"px","size":"118"},"height":"full","css_filters_blur":{"unit":"px","size":"8.1"},"structure":"34","background_image":{"url":"http:\/\/sitefacilitado.com.br\/membros\/wp-content\/uploads\/2020\/03\/marcela-laskoski-118684-unsplash.jpg","id":"6730"},"background_position":"center center","background_attachment":"fixed","background_repeat":"no-repeat","background_size":"cover","background_overlay_color_b_stop":{"unit":"%","size":"0"},"background_color":"#000000"},"elements":[{"id":"5c063d3d","settings":{"_column_size":"16","space_between_widgets":"0","_inline_size":""},"elements":[],"isInner":"","elType":"column"},{"id":"7dcffb58","settings":{"_column_size":"66","space_between_widgets":"0","_inline_size":""},"elements":[{"id":"65940c32","settings":{"title":"Raise the roof","size":"large","align":"center","title_color":"#00deff","typography_typography":"custom","typography_font_family":"Yellowtail","typography_font_weight":"400","typography_letter_spacing":{"unit":"px","size":"0"},"_margin":{"unit":"px","top":"0","right":"0","bottom":"-10","left":"0","isLinked":""},"typography_text_transform":"lowercase","typography_font_size":{"unit":"px","size":"47"},"header_size":"h3"},"elements":[],"isInner":false,"widgetType":"heading","elType":"widget"},{"id":"7bf7c851","settings":{"title":"THE OPERA NIGHT CLUB","size":"xxl","header_size":"h1","align":"center","title_color":"#ffffff","typography_typography":"custom","typography_font_family":"Poppins","typography_font_size":{"unit":"px","size":"78"},"typography_font_weight":"700","text_shadow_text_shadow_type":"yes","text_shadow_text_shadow":{"horizontal":"4","vertical":"3","blur":"0","color":"#002c3a"},"typography_font_size_tablet":{"unit":"px","size":"60"},"typography_font_size_mobile":{"unit":"px","size":"40"},"typography_letter_spacing":{"unit":"px","size":"2"},"_padding":{"unit":"px","top":"35","right":"30","bottom":"35","left":"30","isLinked":""},"_background_background":"classic","_background_color":"#f92056","_box_shadow_box_shadow_type":"yes","_box_shadow_box_shadow":{"horizontal":"5","vertical":"5","blur":"0","spread":"0","color":"#ffffff"},"_border_width":{"unit":"px","top":"0","right":"3","bottom":"3","left":"0","isLinked":""},"_border_color":"#00deff","_margin":{"unit":"px","top":"0","right":"0","bottom":"40","left":"0","isLinked":""}},"elements":[],"isInner":false,"widgetType":"heading","elType":"widget"},{"id":"3698e684","settings":{"gap":"no","structure":"100"},"elements":[{"id":"d067f62","settings":{"_column_size":"10","_inline_size":"","_inline_size_tablet":"10"},"elements":[],"isInner":"1","elType":"column"},{"id":"6a557ca6","settings":{"_column_size":"10","_inline_size":"","_inline_size_tablet":"5"},"elements":[],"isInner":"1","elType":"column"},{"id":"6c2381c9","settings":{"_column_size":"10","_inline_size":"","_inline_size_tablet":"5"},"elements":[],"isInner":"1","elType":"column"},{"id":"970048c","settings":{"_column_size":"10","_inline_size":"","_inline_size_tablet":"15","_inline_size_mobile":"25"},"elements":[{"id":"26a35151","settings":{"icon":"fa fa-facebook","view":"stacked","link":{"url":"#","is_external":"","nofollow":""},"primary_color":"#ffffff","secondary_color":"#f92056","hover_primary_color":"#f92056","hover_secondary_color":"#ffffff","size":{"unit":"px","size":"18"},"shape":"square","align_mobile":"center"},"elements":[],"isInner":false,"widgetType":"icon","elType":"widget"}],"isInner":"1","elType":"column"},{"id":"39879587","settings":{"_column_size":"10","_inline_size":"","_inline_size_tablet":"15","_inline_size_mobile":"25"},"elements":[{"id":"5a1eb8aa","settings":{"icon":"fa fa-twitter","view":"stacked","link":{"url":"#","is_external":"","nofollow":""},"primary_color":"#ffffff","secondary_color":"#f92056","hover_primary_color":"#f92056","hover_secondary_color":"#ffffff","size":{"unit":"px","size":"18"},"shape":"square","align_mobile":"center"},"elements":[],"isInner":false,"widgetType":"icon","elType":"widget"}],"isInner":"1","elType":"column"},{"id":"461495a2","settings":{"_column_size":"10","_inline_size":"","_inline_size_tablet":"15","_inline_size_mobile":"25"},"elements":[{"id":"1ecd9660","settings":{"icon":"fa fa-instagram","view":"stacked","link":{"url":"#","is_external":"","nofollow":""},"primary_color":"#ffffff","secondary_color":"#f92056","hover_primary_color":"#f92056","hover_secondary_color":"#ffffff","size":{"unit":"px","size":"18"},"shape":"square","align_mobile":"center"},"elements":[],"isInner":false,"widgetType":"icon","elType":"widget"}],"isInner":"1","elType":"column"},{"id":"579ad2c2","settings":{"_column_size":"10","_inline_size":"","_inline_size_tablet":"15","_inline_size_mobile":"25"},"elements":[{"id":"226ee824","settings":{"icon":"fa fa-google-plus","view":"stacked","link":{"url":"#","is_external":"","nofollow":""},"primary_color":"#ffffff","secondary_color":"#f92056","hover_primary_color":"#f92056","hover_secondary_color":"#ffffff","size":{"unit":"px","size":"18"},"shape":"square","align_mobile":"center"},"elements":[],"isInner":false,"widgetType":"icon","elType":"widget"}],"isInner":"1","elType":"column"},{"id":"2177ff8e","settings":{"_column_size":"10","_inline_size":"","_inline_size_tablet":"5"},"elements":[],"isInner":"1","elType":"column"},{"id":"4458b6fb","settings":{"_column_size":"10","_inline_size":"","_inline_size_tablet":"5"},"elements":[],"isInner":"1","elType":"column"},{"id":"7b3180ee","settings":{"_column_size":"10","_inline_size":"","_inline_size_tablet":"10"},"elements":[],"isInner":"1","elType":"column"}],"isInner":"1","elType":"section"}],"isInner":"","elType":"column"},{"id":"ccfb9f6","settings":{"_column_size":"16","space_between_widgets":"0","_inline_size":""},"elements":[],"isInner":"","elType":"column"}],"isInner":"","elType":"section"},{"id":"40141d7e","settings":{"gap":"no","custom_height":{"unit":"px","size":"600"},"content_position":"middle","background_background":"classic","background_position":"center center","background_attachment":"fixed","background_repeat":"no-repeat","background_size":"cover","background_overlay_color_stop":{"unit":"%","size":"57"},"background_overlay_color_b":"rgba(65,170,185,0.26)","background_overlay_gradient_angle":{"unit":"deg","size":"140"},"layout":"full_width","background_overlay_opacity":{"unit":"px","size":"0.84"},"background_color":"#000000"},"elements":[{"id":"6f79002","settings":{"_column_size":"100","_inline_size":"","space_between_widgets":"0","padding_mobile":{"unit":"px","top":"30","right":"15","bottom":"30","left":"15","isLinked":""},"background_background":"classic","background_color":"#002c3a","background_image":{"url":"http:\/\/sitefacilitado.com.br\/membros\/wp-content\/uploads\/2020\/03\/marcela-laskoski-118684-unsplash.jpg","id":"6730"},"background_position":"center center","background_attachment":"fixed","background_repeat":"no-repeat","background_size":"cover","background_overlay_background":"gradient","background_overlay_color":"#000000","background_overlay_opacity":{"unit":"px","size":"0.35"},"border_width":{"unit":"px","top":"1","right":"0","bottom":"1","left":"0","isLinked":""},"box_shadow_box_shadow":{"horizontal":"5","vertical":"-5","blur":"0","spread":"0","color":"rgba(249,32,86,0.11)"},"margin":{"unit":"px","top":"0","right":"0","bottom":"0","left":"0","isLinked":""},"padding":{"unit":"px","top":"58","right":"0","bottom":"54","left":"0","isLinked":""},"background_overlay_color_stop":{"unit":"%","size":"24"},"background_overlay_gradient_angle":{"unit":"deg","size":"333"},"background_overlay_color_b":"#4b004c","border_border":"dotted","border_color":"rgba(255,255,255,0.25)"},"elements":[{"id":"51e029d6","settings":{"gap":"no","content_position":"middle","structure":"20"},"elements":[{"id":"3753b166","settings":{"_column_size":"50","_inline_size":"","_inline_size_tablet":"100"},"elements":[{"id":"205b8abb","settings":{"title":"Vibe Makers","size":"medium","align":"left","title_color":"#00deff","typography_typography":"custom","typography_font_weight":"400","_margin":{"unit":"px","top":"0","right":"0","bottom":"-10","left":"0","isLinked":""},"typography_font_family":"Poppins","typography_letter_spacing":{"unit":"px","size":"2"},"align_tablet":"center","header_size":"h3"},"elements":[],"isInner":false,"widgetType":"heading","elType":"widget"},{"id":"6cbc2340","settings":{"title":"OUR GALLERY","size":"xxl","align":"left","title_color":"#ffffff","typography_typography":"custom","typography_font_family":"Poppins","link":{"url":"#","is_external":"","nofollow":""},"typography_font_weight":"700","typography_text_transform":"uppercase","typography_letter_spacing":{"unit":"px","size":"2"},"text_shadow_text_shadow_type":"yes","text_shadow_text_shadow":{"horizontal":"2","vertical":"3","blur":"0","color":"#f92056"},"align_tablet":"center","typography_font_size_tablet":{"unit":"px","size":"60"},"typography_font_size_mobile":{"unit":"px","size":"35"}},"elements":[],"isInner":false,"widgetType":"heading","elType":"widget"}],"isInner":"1","elType":"column"},{"id":"29acbe48","settings":{"_column_size":"50","_inline_size":"","_inline_size_tablet":"100","margin_tablet":{"unit":"px","top":"40","right":"0","bottom":"0","left":"0","isLinked":""}},"elements":[{"id":"5674dd70","settings":{"text":"VIEW ALL","align":"right","size":"lg","typography_typography":"custom","typography_font_family":"Poppins","button_text_color":"#ffffff","background_color":"#f92056","border_border":"solid","border_width":{"unit":"px","top":"3","right":"3","bottom":"3","left":"3","isLinked":"1"},"border_color":"#f92056","border_radius":{"unit":"px","top":"0","right":"0","bottom":"0","left":"0","isLinked":"1"},"text_padding":{"unit":"px","top":"16","right":"50","bottom":"16","left":"50","isLinked":""},"hover_color":"#f92056","button_hover_border_color":"#ffffff","align_mobile":"center","icon":"fa fa-arrow-circle-right","icon_align":"right","icon_indent":{"unit":"px","size":"19"},"button_background_hover_color":"#ffffff","align_tablet":"center"},"elements":[],"isInner":false,"widgetType":"button","elType":"widget"}],"isInner":"1","elType":"column"}],"isInner":"1","elType":"section"}],"isInner":"","elType":"column"}],"isInner":"","elType":"section"},{"id":"eab28ba","settings":{"gap":"no","custom_height":{"unit":"px","size":"600"},"content_position":"middle","background_background":"classic","background_color":"#000000","background_image":{"url":"http:\/\/sitefacilitado.com.br\/membros\/wp-content\/uploads\/2020\/03\/marcela-laskoski-118684-unsplash.jpg","id":"6730"},"background_position":"center center","background_attachment":"fixed","background_repeat":"no-repeat","background_size":"cover","background_overlay_background":"classic","background_overlay_color":"#000000","background_overlay_color_stop":{"unit":"%","size":"57"},"background_overlay_color_b":"rgba(65,170,185,0.26)","background_overlay_gradient_angle":{"unit":"deg","size":"140"},"css_filters_css_filter":"custom","padding":{"unit":"px","top":"130","right":"0","bottom":"130","left":"0","isLinked":""},"padding_mobile":{"unit":"px","top":"60","right":"0","bottom":"60","left":"0","isLinked":""}},"elements":[{"id":"92d97b2","settings":{"_column_size":"100","_inline_size":"","space_between_widgets":"0","padding_mobile":{"unit":"px","top":"30","right":"15","bottom":"30","left":"15","isLinked":""},"border_width":{"unit":"px","top":"3","right":"3","bottom":"3","left":"3","isLinked":"1"},"border_color":"#00deff","box_shadow_box_shadow":{"horizontal":"8","vertical":"8","blur":"0","spread":"0","color":"#9e149b"}},"elements":[{"id":"7dbb1168","settings":{"gap":"no","structure":"30","border_width":{"unit":"px","top":"0","right":"0","bottom":"3","left":"0","isLinked":""},"border_color":"#00deff"},"elements":[{"id":"62b9c98f","settings":{"_column_size":"33","_inline_size":"","space_between_widgets":"0","background_background":"classic","background_image":{"url":"http:\/\/sitefacilitado.com.br\/membros\/wp-content\/uploads\/2020\/03\/matty-adame-274356-unsplash.jpg","id":"6729"},"background_position":"center center","background_attachment":"scroll","background_repeat":"no-repeat","background_size":"cover","background_overlay_background":"gradient","background_overlay_color":"rgba(255,255,255,0)","background_overlay_color_stop":{"unit":"%","size":"30"},"background_overlay_color_b":"#000000","background_overlay_color_b_stop":{"unit":"%","size":"80"},"background_overlay_opacity":{"unit":"px","size":"0.68"},"background_overlay_hover_background":"gradient","background_overlay_hover_color":"rgba(255,255,255,0)","background_overlay_hover_color_stop":{"unit":"%","size":"30"},"background_overlay_hover_color_b":"#000000","background_overlay_hover_color_b_stop":{"unit":"%","size":"80"},"background_overlay_hover_opacity":{"unit":"px","size":"1"},"background_overlay_hover_transition":{"unit":"px","size":"0.5"},"border_width":{"unit":"px","top":"3","right":"3","bottom":"3","left":"3","isLinked":""},"border_color":"#f92056","padding":{"unit":"px","top":"0","right":"0","bottom":"55","left":"0","isLinked":""}},"elements":[{"id":"70ee9817","settings":{"space":{"unit":"px","size":"280"}},"elements":[],"isInner":false,"widgetType":"spacer","elType":"widget"},{"id":"7e661580","settings":{"icon":"","view":"stacked","link":{"url":"#","is_external":"","nofollow":""},"align":"left","primary_color":"#f92056","size":{"unit":"px","size":"35"},"rotate":{"unit":"deg","size":""},"_margin":{"unit":"px","top":"0","right":"0","bottom":"030","left":"-35","isLinked":""},"_z_index":"0","_margin_tablet":{"unit":"px","top":"0","right":"0","bottom":"20","left":"20","isLinked":""}},"elements":[],"isInner":false,"widgetType":"icon","elType":"widget"},{"id":"3341c65c","settings":{"title":"01","title_color":"#ffffff","typography_typography":"custom","typography_font_family":"Poppins","_margin":{"unit":"px","top":"-80","right":"0","bottom":"0","left":"-15","isLinked":""},"_margin_tablet":{"unit":"px","top":"-71","right":"0","bottom":"0","left":"43","isLinked":""},"header_size":"h3","typography_font_size":{"unit":"px","size":"24"}},"elements":[],"isInner":false,"widgetType":"heading","elType":"widget"},{"id":"13a19e22","settings":{"title":"JAN, 2018","size":"medium","align":"left","title_color":"#00deff","typography_typography":"custom","typography_font_weight":"400","_margin":{"unit":"px","top":"-22","right":"0","bottom":"0","left":"0","isLinked":""},"typography_font_family":"Poppins","typography_letter_spacing":{"unit":"px","size":"2"},"typography_font_style":"italic","_padding":{"unit":"px","top":"0","right":"30","bottom":"0","left":"65","isLinked":""},"link":{"url":"#","is_external":"","nofollow":""},"typography_font_size_tablet":{"unit":"px","size":"14"},"_margin_tablet":{"unit":"px","top":"-19","right":"0","bottom":"0","left":"39","isLinked":""},"header_size":"h3"},"elements":[],"isInner":false,"widgetType":"heading","elType":"widget"}],"isInner":"1","elType":"column"},{"id":"579463ee","settings":{"_column_size":"33","_inline_size":"","space_between_widgets":"0","background_background":"classic","background_image":{"url":"http:\/\/sitefacilitado.com.br\/membros\/wp-content\/uploads\/2020\/03\/michael-discenza-199756-unsplash.jpg","id":"6742"},"background_position":"center center","background_attachment":"scroll","background_repeat":"no-repeat","background_size":"cover","background_overlay_background":"gradient","background_overlay_color":"rgba(255,255,255,0)","background_overlay_color_stop":{"unit":"%","size":"30"},"background_overlay_color_b":"#000000","background_overlay_color_b_stop":{"unit":"%","size":"80"},"background_overlay_opacity":{"unit":"px","size":"0.68"},"background_overlay_hover_background":"gradient","background_overlay_hover_color":"rgba(255,255,255,0)","background_overlay_hover_color_stop":{"unit":"%","size":"30"},"background_overlay_hover_color_b":"#000000","background_overlay_hover_color_b_stop":{"unit":"%","size":"80"},"background_overlay_hover_opacity":{"unit":"px","size":"1"},"background_overlay_hover_transition":{"unit":"px","size":"0.5"},"border_width":{"unit":"px","top":"3","right":"3","bottom":"3","left":"3","isLinked":""},"border_color":"#f92056","padding":{"unit":"px","top":"0","right":"0","bottom":"55","left":"0","isLinked":""}},"elements":[{"id":"4547fb89","settings":{"space":{"unit":"px","size":"280"}},"elements":[],"isInner":false,"widgetType":"spacer","elType":"widget"},{"id":"334c8da7","settings":{"icon":"","view":"stacked","link":{"url":"#","is_external":"","nofollow":""},"align":"left","primary_color":"#d700e2","size":{"unit":"px","size":"35"},"rotate":{"unit":"deg","size":""},"_margin":{"unit":"px","top":"0","right":"0","bottom":"030","left":"-35","isLinked":""},"_z_index":"0","_margin_tablet":{"unit":"px","top":"0","right":"0","bottom":"20","left":"20","isLinked":""}},"elements":[],"isInner":false,"widgetType":"icon","elType":"widget"},{"id":"795e5ff7","settings":{"title":"02","title_color":"#ffffff","typography_typography":"custom","typography_font_family":"Poppins","_margin":{"unit":"px","top":"-80","right":"0","bottom":"0","left":"-15","isLinked":""},"_margin_tablet":{"unit":"px","top":"-71","right":"0","bottom":"0","left":"41","isLinked":""},"header_size":"h3","typography_font_size":{"unit":"px","size":"24"}},"elements":[],"isInner":false,"widgetType":"heading","elType":"widget"},{"id":"598b0b2d","settings":{"title":"FEB, 2018","size":"medium","align":"left","title_color":"#00deff","typography_typography":"custom","typography_font_weight":"400","_margin":{"unit":"px","top":"-22","right":"0","bottom":"0","left":"0","isLinked":""},"typography_font_family":"Poppins","typography_letter_spacing":{"unit":"px","size":"2"},"typography_font_style":"italic","_padding":{"unit":"px","top":"0","right":"30","bottom":"0","left":"65","isLinked":""},"link":{"url":"#","is_external":"","nofollow":""},"typography_font_size_tablet":{"unit":"px","size":"14"},"_margin_tablet":{"unit":"px","top":"-19","right":"0","bottom":"0","left":"39","isLinked":""},"header_size":"h3"},"elements":[],"isInner":false,"widgetType":"heading","elType":"widget"}],"isInner":"1","elType":"column"},{"id":"3c4548b4","settings":{"_column_size":"33","_inline_size":"","space_between_widgets":"0","background_background":"classic","background_image":{"url":"http:\/\/sitefacilitado.com.br\/membros\/wp-content\/uploads\/2020\/03\/abigail-lynn-51615-unsplash-scaled.jpg","id":"6743"},"background_position":"center center","background_attachment":"scroll","background_repeat":"no-repeat","background_size":"cover","background_overlay_background":"gradient","background_overlay_color":"rgba(255,255,255,0)","background_overlay_color_stop":{"unit":"%","size":"30"},"background_overlay_color_b":"#000000","background_overlay_color_b_stop":{"unit":"%","size":"80"},"background_overlay_opacity":{"unit":"px","size":"0.68"},"background_overlay_hover_background":"gradient","background_overlay_hover_color":"rgba(255,255,255,0)","background_overlay_hover_color_stop":{"unit":"%","size":"30"},"background_overlay_hover_color_b":"#000000","background_overlay_hover_color_b_stop":{"unit":"%","size":"80"},"background_overlay_hover_opacity":{"unit":"px","size":"1"},"background_overlay_hover_transition":{"unit":"px","size":"0.5"},"border_width":{"unit":"px","top":"3","right":"3","bottom":"3","left":"3","isLinked":""},"border_color":"#f92056","padding":{"unit":"px","top":"0","right":"0","bottom":"55","left":"0","isLinked":""}},"elements":[{"id":"191b5e08","settings":{"space":{"unit":"px","size":"280"}},"elements":[],"isInner":false,"widgetType":"spacer","elType":"widget"},{"id":"caad45","settings":{"icon":"","view":"stacked","link":{"url":"#","is_external":"","nofollow":""},"align":"left","primary_color":"#41aab9","size":{"unit":"px","size":"35"},"rotate":{"unit":"deg","size":""},"_margin":{"unit":"px","top":"0","right":"0","bottom":"030","left":"-35","isLinked":""},"_z_index":"0","_margin_tablet":{"unit":"px","top":"0","right":"0","bottom":"20","left":"20","isLinked":""}},"elements":[],"isInner":false,"widgetType":"icon","elType":"widget"},{"id":"2b4263ea","settings":{"title":"03","title_color":"#ffffff","typography_typography":"custom","typography_font_family":"Poppins","_margin":{"unit":"px","top":"-80","right":"0","bottom":"0","left":"-15","isLinked":""},"_margin_tablet":{"unit":"px","top":"-71","right":"0","bottom":"0","left":"41","isLinked":""},"header_size":"h3","typography_font_size":{"unit":"px","size":"24"}},"elements":[],"isInner":false,"widgetType":"heading","elType":"widget"},{"id":"2c3ac225","settings":{"title":"MAR, 2018","size":"medium","align":"left","title_color":"#00deff","typography_typography":"custom","typography_font_weight":"400","_margin":{"unit":"px","top":"-22","right":"0","bottom":"0","left":"0","isLinked":""},"typography_font_family":"Poppins","typography_letter_spacing":{"unit":"px","size":"2"},"typography_font_style":"italic","_padding":{"unit":"px","top":"0","right":"30","bottom":"0","left":"65","isLinked":""},"link":{"url":"#","is_external":"","nofollow":""},"typography_font_size_tablet":{"unit":"px","size":"14"},"_margin_tablet":{"unit":"px","top":"-19","right":"0","bottom":"0","left":"39","isLinked":""},"header_size":"h3"},"elements":[],"isInner":false,"widgetType":"heading","elType":"widget"}],"isInner":"1","elType":"column"}],"isInner":"1","elType":"section"},{"id":"6af2aa07","settings":{"gap":"no","structure":"30","border_width":{"unit":"px","top":"0","right":"0","bottom":"3","left":"0","isLinked":""},"border_color":"#00deff"},"elements":[{"id":"74227e26","settings":{"_column_size":"33","_inline_size":"","space_between_widgets":"0","background_background":"classic","background_image":{"url":"http:\/\/sitefacilitado.com.br\/membros\/wp-content\/uploads\/2020\/03\/alexander-popov-566913-unsplash.jpg","id":"6731"},"background_position":"center center","background_attachment":"scroll","background_repeat":"no-repeat","background_size":"cover","background_overlay_background":"gradient","background_overlay_color":"rgba(255,255,255,0)","background_overlay_color_stop":{"unit":"%","size":"30"},"background_overlay_color_b":"#000000","background_overlay_color_b_stop":{"unit":"%","size":"80"},"background_overlay_opacity":{"unit":"px","size":"0.68"},"background_overlay_hover_background":"gradient","background_overlay_hover_color":"rgba(255,255,255,0)","background_overlay_hover_color_stop":{"unit":"%","size":"30"},"background_overlay_hover_color_b":"#000000","background_overlay_hover_color_b_stop":{"unit":"%","size":"80"},"background_overlay_hover_opacity":{"unit":"px","size":"1"},"background_overlay_hover_transition":{"unit":"px","size":"0.5"},"border_width":{"unit":"px","top":"3","right":"3","bottom":"3","left":"3","isLinked":""},"border_color":"#f92056","padding":{"unit":"px","top":"0","right":"0","bottom":"55","left":"0","isLinked":""}},"elements":[{"id":"4996cc59","settings":{"space":{"unit":"px","size":"280"}},"elements":[],"isInner":false,"widgetType":"spacer","elType":"widget"},{"id":"7a089c50","settings":{"icon":"","view":"stacked","link":{"url":"#","is_external":"","nofollow":""},"align":"left","primary_color":"#002c3a","size":{"unit":"px","size":"35"},"rotate":{"unit":"deg","size":""},"_margin":{"unit":"px","top":"0","right":"0","bottom":"030","left":"-35","isLinked":""},"_z_index":"0","_margin_tablet":{"unit":"px","top":"0","right":"0","bottom":"20","left":"20","isLinked":""}},"elements":[],"isInner":false,"widgetType":"icon","elType":"widget"},{"id":"2fdb387","settings":{"title":"04","title_color":"#ffffff","typography_typography":"custom","typography_font_family":"Poppins","_margin":{"unit":"px","top":"-80","right":"0","bottom":"0","left":"-15","isLinked":""},"_margin_tablet":{"unit":"px","top":"-71","right":"0","bottom":"0","left":"43","isLinked":""},"header_size":"h3","typography_font_size":{"unit":"px","size":"24"}},"elements":[],"isInner":false,"widgetType":"heading","elType":"widget"},{"id":"4614651a","settings":{"title":"APR, 2018","size":"medium","align":"left","title_color":"#00deff","typography_typography":"custom","typography_font_weight":"400","_margin":{"unit":"px","top":"-22","right":"0","bottom":"0","left":"0","isLinked":""},"typography_font_family":"Poppins","typography_letter_spacing":{"unit":"px","size":"2"},"typography_font_style":"italic","_padding":{"unit":"px","top":"0","right":"30","bottom":"0","left":"65","isLinked":""},"link":{"url":"#","is_external":"","nofollow":""},"typography_font_size_tablet":{"unit":"px","size":"14"},"_margin_tablet":{"unit":"px","top":"-19","right":"0","bottom":"0","left":"39","isLinked":""},"header_size":"h3"},"elements":[],"isInner":false,"widgetType":"heading","elType":"widget"}],"isInner":"1","elType":"column"},{"id":"4d6ff0f9","settings":{"_column_size":"33","_inline_size":"","space_between_widgets":"0","background_background":"classic","background_image":{"url":"http:\/\/sitefacilitado.com.br\/membros\/wp-content\/uploads\/2020\/03\/alexander-popov-342444-unsplash.jpg","id":"6724"},"background_position":"center center","background_attachment":"scroll","background_repeat":"no-repeat","background_size":"cover","background_overlay_background":"gradient","background_overlay_color":"rgba(255,255,255,0)","background_overlay_color_stop":{"unit":"%","size":"30"},"background_overlay_color_b":"#000000","background_overlay_color_b_stop":{"unit":"%","size":"80"},"background_overlay_opacity":{"unit":"px","size":"0.68"},"background_overlay_hover_background":"gradient","background_overlay_hover_color":"rgba(255,255,255,0)","background_overlay_hover_color_stop":{"unit":"%","size":"30"},"background_overlay_hover_color_b":"#000000","background_overlay_hover_color_b_stop":{"unit":"%","size":"80"},"background_overlay_hover_opacity":{"unit":"px","size":"1"},"background_overlay_hover_transition":{"unit":"px","size":"0.5"},"border_width":{"unit":"px","top":"3","right":"3","bottom":"3","left":"3","isLinked":""},"border_color":"#f92056","padding":{"unit":"px","top":"0","right":"0","bottom":"55","left":"0","isLinked":""}},"elements":[{"id":"10c1869d","settings":{"space":{"unit":"px","size":"280"}},"elements":[],"isInner":false,"widgetType":"spacer","elType":"widget"},{"id":"5bb9b126","settings":{"icon":"","view":"stacked","link":{"url":"#","is_external":"","nofollow":""},"align":"left","primary_color":"#4e22bf","size":{"unit":"px","size":"35"},"rotate":{"unit":"deg","size":""},"_margin":{"unit":"px","top":"0","right":"0","bottom":"030","left":"-35","isLinked":""},"_z_index":"0","_margin_tablet":{"unit":"px","top":"0","right":"0","bottom":"20","left":"20","isLinked":""}},"elements":[],"isInner":false,"widgetType":"icon","elType":"widget"},{"id":"2c18dc5b","settings":{"title":"05","title_color":"#ffffff","typography_typography":"custom","typography_font_family":"Poppins","_margin":{"unit":"px","top":"-80","right":"0","bottom":"0","left":"-15","isLinked":""},"_margin_tablet":{"unit":"px","top":"-71","right":"0","bottom":"0","left":"41","isLinked":""},"header_size":"h3","typography_font_size":{"unit":"px","size":"24"}},"elements":[],"isInner":false,"widgetType":"heading","elType":"widget"},{"id":"5ae352e2","settings":{"title":"MAY, 2018","size":"medium","align":"left","title_color":"#00deff","typography_typography":"custom","typography_font_weight":"400","_margin":{"unit":"px","top":"-22","right":"0","bottom":"0","left":"0","isLinked":""},"typography_font_family":"Poppins","typography_letter_spacing":{"unit":"px","size":"2"},"typography_font_style":"italic","_padding":{"unit":"px","top":"0","right":"30","bottom":"0","left":"65","isLinked":""},"link":{"url":"#","is_external":"","nofollow":""},"typography_font_size_tablet":{"unit":"px","size":"14"},"_margin_tablet":{"unit":"px","top":"-19","right":"0","bottom":"0","left":"39","isLinked":""},"header_size":"h3"},"elements":[],"isInner":false,"widgetType":"heading","elType":"widget"}],"isInner":"1","elType":"column"},{"id":"502437fa","settings":{"_column_size":"33","_inline_size":"","space_between_widgets":"0","background_background":"classic","background_image":{"url":"http:\/\/sitefacilitado.com.br\/membros\/wp-content\/uploads\/2020\/03\/marcela-laskoski-118684-unsplash.jpg","id":"6730"},"background_position":"center center","background_attachment":"scroll","background_repeat":"no-repeat","background_size":"cover","background_overlay_background":"gradient","background_overlay_color":"rgba(255,255,255,0)","background_overlay_color_stop":{"unit":"%","size":"30"},"background_overlay_color_b":"#000000","background_overlay_color_b_stop":{"unit":"%","size":"80"},"background_overlay_opacity":{"unit":"px","size":"0.68"},"background_overlay_hover_background":"gradient","background_overlay_hover_color":"rgba(255,255,255,0)","background_overlay_hover_color_stop":{"unit":"%","size":"30"},"background_overlay_hover_color_b":"#000000","background_overlay_hover_color_b_stop":{"unit":"%","size":"80"},"background_overlay_hover_opacity":{"unit":"px","size":"1"},"background_overlay_hover_transition":{"unit":"px","size":"0.5"},"border_width":{"unit":"px","top":"3","right":"3","bottom":"3","left":"3","isLinked":""},"border_color":"#f92056","padding":{"unit":"px","top":"0","right":"0","bottom":"55","left":"0","isLinked":""}},"elements":[{"id":"5d62baa9","settings":{"space":{"unit":"px","size":"280"}},"elements":[],"isInner":false,"widgetType":"spacer","elType":"widget"},{"id":"6cb8ce67","settings":{"icon":"","view":"stacked","link":{"url":"#","is_external":"","nofollow":""},"align":"left","primary_color":"#d8a600","size":{"unit":"px","size":"35"},"rotate":{"unit":"deg","size":""},"_margin":{"unit":"px","top":"0","right":"0","bottom":"030","left":"-35","isLinked":""},"_z_index":"0","_margin_tablet":{"unit":"px","top":"0","right":"0","bottom":"20","left":"20","isLinked":""}},"elements":[],"isInner":false,"widgetType":"icon","elType":"widget"},{"id":"11b1763","settings":{"title":"06","title_color":"#ffffff","typography_typography":"custom","typography_font_family":"Poppins","_margin":{"unit":"px","top":"-80","right":"0","bottom":"0","left":"-15","isLinked":""},"_margin_tablet":{"unit":"px","top":"-71","right":"0","bottom":"0","left":"41","isLinked":""},"header_size":"h3","typography_font_size":{"unit":"px","size":"24"}},"elements":[],"isInner":false,"widgetType":"heading","elType":"widget"},{"id":"783f626d","settings":{"title":"JUN, 2018","size":"medium","align":"left","title_color":"#00deff","typography_typography":"custom","typography_font_weight":"400","_margin":{"unit":"px","top":"-22","right":"0","bottom":"0","left":"0","isLinked":""},"typography_font_family":"Poppins","typography_letter_spacing":{"unit":"px","size":"2"},"typography_font_style":"italic","_padding":{"unit":"px","top":"0","right":"30","bottom":"0","left":"65","isLinked":""},"link":{"url":"#","is_external":"","nofollow":""},"typography_font_size_tablet":{"unit":"px","size":"14"},"_margin_tablet":{"unit":"px","top":"-19","right":"0","bottom":"0","left":"39","isLinked":""},"header_size":"h3"},"elements":[],"isInner":false,"widgetType":"heading","elType":"widget"}],"isInner":"1","elType":"column"}],"isInner":"1","elType":"section"},{"id":"7263c31e","settings":{"gap":"no","structure":"30","border_width":{"unit":"px","top":"0","right":"0","bottom":"3","left":"0","isLinked":""},"border_color":"#00deff"},"elements":[{"id":"58424e3b","settings":{"_column_size":"33","_inline_size":"","space_between_widgets":"0","background_background":"classic","background_image":{"url":"http:\/\/sitefacilitado.com.br\/membros\/wp-content\/uploads\/2020\/03\/alexander-popov-522100-unsplash-1.jpg","id":"6744"},"background_position":"center center","background_attachment":"scroll","background_repeat":"no-repeat","background_size":"cover","background_overlay_background":"gradient","background_overlay_color":"rgba(255,255,255,0)","background_overlay_color_stop":{"unit":"%","size":"30"},"background_overlay_color_b":"#000000","background_overlay_color_b_stop":{"unit":"%","size":"80"},"background_overlay_opacity":{"unit":"px","size":"0.68"},"background_overlay_hover_background":"gradient","background_overlay_hover_color":"rgba(255,255,255,0)","background_overlay_hover_color_stop":{"unit":"%","size":"30"},"background_overlay_hover_color_b":"#000000","background_overlay_hover_color_b_stop":{"unit":"%","size":"80"},"background_overlay_hover_opacity":{"unit":"px","size":"1"},"background_overlay_hover_transition":{"unit":"px","size":"0.5"},"border_width":{"unit":"px","top":"3","right":"3","bottom":"3","left":"3","isLinked":""},"border_color":"#f92056","padding":{"unit":"px","top":"0","right":"0","bottom":"55","left":"0","isLinked":""}},"elements":[{"id":"2bf49c99","settings":{"space":{"unit":"px","size":"280"}},"elements":[],"isInner":false,"widgetType":"spacer","elType":"widget"},{"id":"5ff560f2","settings":{"icon":"","view":"stacked","link":{"url":"#","is_external":"","nofollow":""},"align":"left","primary_color":"#00d354","size":{"unit":"px","size":"35"},"rotate":{"unit":"deg","size":""},"_margin":{"unit":"px","top":"0","right":"0","bottom":"030","left":"-35","isLinked":""},"_z_index":"0","_margin_tablet":{"unit":"px","top":"0","right":"0","bottom":"20","left":"20","isLinked":""}},"elements":[],"isInner":false,"widgetType":"icon","elType":"widget"},{"id":"2391a65d","settings":{"title":"07","title_color":"#ffffff","typography_typography":"custom","typography_font_family":"Poppins","_margin":{"unit":"px","top":"-80","right":"0","bottom":"0","left":"-15","isLinked":""},"_margin_tablet":{"unit":"px","top":"-71","right":"0","bottom":"0","left":"43","isLinked":""},"header_size":"h3","typography_font_size":{"unit":"px","size":"24"}},"elements":[],"isInner":false,"widgetType":"heading","elType":"widget"},{"id":"7a0033ba","settings":{"title":"JUL, 2018","size":"medium","align":"left","title_color":"#00deff","typography_typography":"custom","typography_font_weight":"400","_margin":{"unit":"px","top":"-22","right":"0","bottom":"0","left":"0","isLinked":""},"typography_font_family":"Poppins","typography_letter_spacing":{"unit":"px","size":"2"},"typography_font_style":"italic","_padding":{"unit":"px","top":"0","right":"30","bottom":"0","left":"65","isLinked":""},"link":{"url":"#","is_external":"","nofollow":""},"typography_font_size_tablet":{"unit":"px","size":"14"},"_margin_tablet":{"unit":"px","top":"-19","right":"0","bottom":"0","left":"39","isLinked":""},"header_size":"h3"},"elements":[],"isInner":false,"widgetType":"heading","elType":"widget"}],"isInner":"1","elType":"column"},{"id":"77905e9f","settings":{"_column_size":"33","_inline_size":"","space_between_widgets":"0","background_background":"classic","background_image":{"url":"http:\/\/sitefacilitado.com.br\/membros\/wp-content\/uploads\/2020\/03\/samuel-zeller-103111-unsplash.jpg","id":"6745"},"background_position":"center center","background_attachment":"scroll","background_repeat":"no-repeat","background_size":"cover","background_overlay_background":"gradient","background_overlay_color":"rgba(255,255,255,0)","background_overlay_color_stop":{"unit":"%","size":"30"},"background_overlay_color_b":"#000000","background_overlay_color_b_stop":{"unit":"%","size":"80"},"background_overlay_opacity":{"unit":"px","size":"0.68"},"background_overlay_hover_background":"gradient","background_overlay_hover_color":"rgba(255,255,255,0)","background_overlay_hover_color_stop":{"unit":"%","size":"30"},"background_overlay_hover_color_b":"#000000","background_overlay_hover_color_b_stop":{"unit":"%","size":"80"},"background_overlay_hover_opacity":{"unit":"px","size":"1"},"background_overlay_hover_transition":{"unit":"px","size":"0.5"},"border_width":{"unit":"px","top":"3","right":"3","bottom":"3","left":"3","isLinked":""},"border_color":"#f92056","padding":{"unit":"px","top":"0","right":"0","bottom":"55","left":"0","isLinked":""}},"elements":[{"id":"6de4e4c5","settings":{"space":{"unit":"px","size":"280"}},"elements":[],"isInner":false,"widgetType":"spacer","elType":"widget"},{"id":"5d342bed","settings":{"icon":"","view":"stacked","link":{"url":"#","is_external":"","nofollow":""},"align":"left","primary_color":"#0081c6","size":{"unit":"px","size":"35"},"rotate":{"unit":"deg","size":""},"_margin":{"unit":"px","top":"0","right":"0","bottom":"030","left":"-35","isLinked":""},"_z_index":"0","_margin_tablet":{"unit":"px","top":"0","right":"0","bottom":"20","left":"20","isLinked":""}},"elements":[],"isInner":false,"widgetType":"icon","elType":"widget"},{"id":"2fd580af","settings":{"title":"08","title_color":"#ffffff","typography_typography":"custom","typography_font_family":"Poppins","_margin":{"unit":"px","top":"-80","right":"0","bottom":"0","left":"-15","isLinked":""},"_margin_tablet":{"unit":"px","top":"-71","right":"0","bottom":"0","left":"41","isLinked":""},"header_size":"h3","typography_font_size":{"unit":"px","size":"24"}},"elements":[],"isInner":false,"widgetType":"heading","elType":"widget"},{"id":"7a0b8bc9","settings":{"title":"AUG, 2018","size":"medium","align":"left","title_color":"#00deff","typography_typography":"custom","typography_font_weight":"400","_margin":{"unit":"px","top":"-22","right":"0","bottom":"0","left":"0","isLinked":""},"typography_font_family":"Poppins","typography_letter_spacing":{"unit":"px","size":"2"},"typography_font_style":"italic","_padding":{"unit":"px","top":"0","right":"30","bottom":"0","left":"65","isLinked":""},"link":{"url":"#","is_external":"","nofollow":""},"typography_font_size_tablet":{"unit":"px","size":"14"},"_margin_tablet":{"unit":"px","top":"-19","right":"0","bottom":"0","left":"39","isLinked":""},"header_size":"h3"},"elements":[],"isInner":false,"widgetType":"heading","elType":"widget"}],"isInner":"1","elType":"column"},{"id":"5f7696b7","settings":{"_column_size":"33","_inline_size":"","space_between_widgets":"0","background_background":"classic","background_image":{"url":"http:\/\/sitefacilitado.com.br\/membros\/wp-content\/uploads\/2020\/03\/rawpixel-633849-unsplash.jpg","id":"6746"},"background_position":"center center","background_attachment":"scroll","background_repeat":"no-repeat","background_size":"cover","background_overlay_background":"gradient","background_overlay_color":"rgba(255,255,255,0)","background_overlay_color_stop":{"unit":"%","size":"30"},"background_overlay_color_b":"#000000","background_overlay_color_b_stop":{"unit":"%","size":"80"},"background_overlay_opacity":{"unit":"px","size":"0.68"},"background_overlay_hover_background":"gradient","background_overlay_hover_color":"rgba(255,255,255,0)","background_overlay_hover_color_stop":{"unit":"%","size":"30"},"background_overlay_hover_color_b":"#000000","background_overlay_hover_color_b_stop":{"unit":"%","size":"80"},"background_overlay_hover_opacity":{"unit":"px","size":"1"},"background_overlay_hover_transition":{"unit":"px","size":"0.5"},"border_width":{"unit":"px","top":"3","right":"3","bottom":"3","left":"3","isLinked":""},"border_color":"#f92056","padding":{"unit":"px","top":"0","right":"0","bottom":"55","left":"0","isLinked":""}},"elements":[{"id":"1202651e","settings":{"space":{"unit":"px","size":"280"}},"elements":[],"isInner":false,"widgetType":"spacer","elType":"widget"},{"id":"3f2f4d","settings":{"icon":"","view":"stacked","link":{"url":"#","is_external":"","nofollow":""},"align":"left","primary_color":"#d80085","size":{"unit":"px","size":"35"},"rotate":{"unit":"deg","size":""},"_margin":{"unit":"px","top":"0","right":"0","bottom":"030","left":"-35","isLinked":""},"_z_index":"0","_margin_tablet":{"unit":"px","top":"0","right":"0","bottom":"20","left":"20","isLinked":""}},"elements":[],"isInner":false,"widgetType":"icon","elType":"widget"},{"id":"234e602f","settings":{"title":"09","title_color":"#ffffff","typography_typography":"custom","typography_font_family":"Poppins","_margin":{"unit":"px","top":"-80","right":"0","bottom":"0","left":"-15","isLinked":""},"_margin_tablet":{"unit":"px","top":"-71","right":"0","bottom":"0","left":"41","isLinked":""},"header_size":"h3","typography_font_size":{"unit":"px","size":"24"}},"elements":[],"isInner":false,"widgetType":"heading","elType":"widget"},{"id":"754ff240","settings":{"title":"SEP, 2018","size":"medium","align":"left","title_color":"#00deff","typography_typography":"custom","typography_font_weight":"400","_margin":{"unit":"px","top":"-22","right":"0","bottom":"0","left":"0","isLinked":""},"typography_font_family":"Poppins","typography_letter_spacing":{"unit":"px","size":"2"},"typography_font_style":"italic","_padding":{"unit":"px","top":"0","right":"30","bottom":"0","left":"65","isLinked":""},"link":{"url":"#","is_external":"","nofollow":""},"typography_font_size_tablet":{"unit":"px","size":"14"},"_margin_tablet":{"unit":"px","top":"-19","right":"0","bottom":"0","left":"39","isLinked":""},"header_size":"h3"},"elements":[],"isInner":false,"widgetType":"heading","elType":"widget"}],"isInner":"1","elType":"column"}],"isInner":"1","elType":"section"}],"isInner":"","elType":"column"}],"isInner":"","elType":"section"},{"id":"2ceee1bc","settings":{"gap":"wider","custom_height":{"unit":"px","size":"600"},"content_position":"middle","structure":"20","background_background":"classic","background_color":"#2a1c2d","background_image":{"url":"http:\/\/sitefacilitado.com.br\/membros\/wp-content\/uploads\/2020\/03\/alexander-popov-566913-unsplash.jpg","id":"6731"},"background_position":"center center","background_attachment":"fixed","background_repeat":"no-repeat","background_size":"cover","background_overlay_background":"gradient","background_overlay_color":"#000000","background_overlay_color_stop":{"unit":"%","size":"49"},"background_overlay_color_b":"#00172d","background_overlay_gradient_angle":{"unit":"deg","size":"140"},"background_overlay_opacity":{"unit":"px","size":"0.8"},"css_filters_css_filter":"custom","padding":{"unit":"px","top":"105","right":"0","bottom":"115","left":"0","isLinked":""},"padding_mobile":{"unit":"px","top":"60","right":"0","bottom":"60","left":"0","isLinked":""},"content_width":{"unit":"px","size":"1200"},"background_overlay_color_b_stop":{"unit":"%","size":"20"},"padding_tablet":{"unit":"px","top":"105","right":"0","bottom":"0","left":"0","isLinked":""}},"elements":[{"id":"47a86e9c","settings":{"_column_size":"50","_inline_size":"","padding_mobile":{"unit":"px","top":"30","right":"15","bottom":"30","left":"15","isLinked":""}},"elements":[{"id":"71df464a","settings":{"image":{"url":"http:\/\/sitefacilitado.com.br\/membros\/wp-content\/uploads\/2020\/03\/xandro-vandewalle-454419-unsplash.jpg","id":"6733"},"image_size":"custom","image_custom_dimension":{"width":"1024","height":"1229"},"image_border_border":"dashed","image_border_width":{"unit":"px","top":"5","right":"5","bottom":"5","left":"5","isLinked":"1"},"image_border_color":"#f92056","hover_animation":"grow","_box_shadow_box_shadow_type":"yes","_box_shadow_box_shadow":{"horizontal":"8","vertical":"8","blur":"0","spread":"0","color":"#00deff"}},"elements":[],"isInner":false,"widgetType":"image","elType":"widget"}],"isInner":"","elType":"column"},{"id":"44af2f47","settings":{"_column_size":"50","_inline_size":"","space_between_widgets":"0","padding_mobile":{"unit":"px","top":"30","right":"15","bottom":"30","left":"15","isLinked":""}},"elements":[{"id":"37ab1584","settings":{"title":"TOP 2 DJ 2018","size":"large","align":"left","title_color":"#ffffff","typography_typography":"custom","typography_font_family":"Poppins","typography_font_weight":"700","typography_letter_spacing":{"unit":"px","size":"1"}},"elements":[],"isInner":false,"widgetType":"heading","elType":"widget"},{"id":"719817da","settings":{"editor":"<p>Up all night<\/p>","align":"left","text_color":"#00deff","typography_typography":"custom","typography_font_family":"Poppins","typography_line_height":{"unit":"em","size":"1"},"_margin":{"unit":"px","top":"0","right":"0","bottom":"58","left":"0","isLinked":""},"typography_font_weight":"400","typography_letter_spacing":{"unit":"px","size":"2"},"typography_text_transform":"capitalize"},"elements":[],"isInner":false,"widgetType":"text-editor","elType":"widget"},{"id":"444a6743","settings":{"title":"Dimitri Vegas & Like Mike","size":"xxl","align":"left","title_color":"#ffffff","typography_typography":"custom","typography_font_family":"Poppins","typography_font_weight":"700","typography_text_transform":"uppercase","text_shadow_text_shadow_type":"yes","text_shadow_text_shadow":{"horizontal":"2","vertical":"3","blur":"0","color":"#000000"},"_margin":{"unit":"px","top":"0","right":"0","bottom":"020","left":"-150","isLinked":""},"typography_font_size_mobile":{"unit":"px","size":"40"},"typography_letter_spacing":{"unit":"px","size":"2"},"_margin_mobile":{"unit":"px","top":"0","right":"0","bottom":"30","left":"0","isLinked":""},"_padding":{"unit":"px","top":"22","right":"30","bottom":"22","left":"30","isLinked":""},"_background_background":"classic","_background_color":"#f92056","_box_shadow_box_shadow_type":"yes","_box_shadow_box_shadow":{"horizontal":"5","vertical":"5","blur":"0","spread":"0","color":"#ffffff"}},"elements":[],"isInner":false,"widgetType":"heading","elType":"widget"},{"id":"41fdb59f","settings":{"editor":"<p>Electro, Techno, Music<\/p>","align":"left","text_color":"#00deff","typography_typography":"custom","typography_font_family":"Poppins","typography_font_style":"italic","typography_line_height":{"unit":"em","size":"1"},"_margin":{"unit":"px","top":"0","right":"0","bottom":"38","left":"0","isLinked":""},"typography_font_weight":"400","typography_letter_spacing":{"unit":"px","size":"2"}},"elements":[],"isInner":false,"widgetType":"text-editor","elType":"widget"},{"id":"5ad78a05","settings":{"editor":"<p>I am text block. Click edit button to change this text. Lorem ipsum dolor sit amet, consectetur adipiscing elit. Ut elit tellus, luctus nec ullamcorper mattis, pulvinar dapibus leo.<\/p>","text_color":"#ffffff","typography_typography":"custom","typography_font_family":"Poppins","typography_line_height":{"unit":"em","size":"1.8"},"_margin":{"unit":"px","top":"0","right":"0","bottom":"38","left":"0","isLinked":""},"align":"left","_margin_mobile":{"unit":"px","top":"0","right":"0","bottom":"0","left":"0","isLinked":""}},"elements":[],"isInner":false,"widgetType":"text-editor","elType":"widget"},{"id":"4b5d3c4c","settings":{"gap":"no","structure":"80"},"elements":[{"id":"66f9cfd4","settings":{"_column_size":"12","_inline_size":"","_inline_size_tablet":"20","_inline_size_mobile":"25"},"elements":[{"id":"2a38ba1a","settings":{"icon":"fa fa-facebook","view":"stacked","link":{"url":"#","is_external":"","nofollow":""},"primary_color":"#ffffff","secondary_color":"#f92056","hover_primary_color":"#f92056","hover_secondary_color":"#ffffff","size":{"unit":"px","size":"18"},"align_mobile":"center","shape":"square"},"elements":[],"isInner":false,"widgetType":"icon","elType":"widget"}],"isInner":"1","elType":"column"},{"id":"66b88cc5","settings":{"_column_size":"12","_inline_size":"","_inline_size_tablet":"20","_inline_size_mobile":"25"},"elements":[{"id":"5f914c07","settings":{"icon":"fa fa-instagram","view":"stacked","link":{"url":"#","is_external":"","nofollow":""},"primary_color":"#ffffff","secondary_color":"#f92056","hover_primary_color":"#f92056","hover_secondary_color":"#ffffff","size":{"unit":"px","size":"18"},"align_mobile":"center","shape":"square"},"elements":[],"isInner":false,"widgetType":"icon","elType":"widget"}],"isInner":"1","elType":"column"},{"id":"15abc9f9","settings":{"_column_size":"12","_inline_size":"","_inline_size_tablet":"20","_inline_size_mobile":"25"},"elements":[{"id":"71ce2203","settings":{"icon":"fa fa-google-plus","view":"stacked","link":{"url":"#","is_external":"","nofollow":""},"primary_color":"#ffffff","secondary_color":"#f92056","hover_primary_color":"#f92056","hover_secondary_color":"#ffffff","size":{"unit":"px","size":"18"},"align_mobile":"center","shape":"square"},"elements":[],"isInner":false,"widgetType":"icon","elType":"widget"}],"isInner":"1","elType":"column"},{"id":"5cc7480e","settings":{"_column_size":"12","_inline_size":"","_inline_size_tablet":"20","_inline_size_mobile":"25"},"elements":[{"id":"5f5e9c97","settings":{"icon":"fa fa-twitter","view":"stacked","link":{"url":"#","is_external":"","nofollow":""},"primary_color":"#ffffff","secondary_color":"#f92056","hover_primary_color":"#f92056","hover_secondary_color":"#ffffff","size":{"unit":"px","size":"18"},"align_mobile":"center","shape":"square"},"elements":[],"isInner":false,"widgetType":"icon","elType":"widget"}],"isInner":"1","elType":"column"},{"id":"21a5ec93","settings":{"_column_size":"12","_inline_size":"","_inline_size_tablet":"5"},"elements":[],"isInner":"1","elType":"column"},{"id":"5a1d7380","settings":{"_column_size":"12","_inline_size":"","_inline_size_tablet":"5"},"elements":[],"isInner":"1","elType":"column"},{"id":"1242536","settings":{"_column_size":"12","_inline_size":"","_inline_size_tablet":"5"},"elements":[],"isInner":"1","elType":"column"},{"id":"6043e7cb","settings":{"_column_size":"12","_inline_size":"","_inline_size_tablet":"5"},"elements":[],"isInner":"1","elType":"column"}],"isInner":"1","elType":"section"}],"isInner":"","elType":"column"}],"isInner":"","elType":"section"},{"id":"60299885","settings":{"gap":"wider","content_position":"top","structure":"21","background_background":"classic","background_color":"#9e149b","background_image":{"url":"http:\/\/sitefacilitado.com.br\/membros\/wp-content\/uploads\/2020\/03\/alexander-popov-566913-unsplash.jpg","id":"6731"},"background_position":"center center","background_attachment":"fixed","background_repeat":"no-repeat","background_size":"cover","background_overlay_background":"classic","background_overlay_color":"#00172d","background_overlay_color_stop":{"unit":"%","size":"23"},"background_overlay_color_b":"#9e149b","background_overlay_gradient_angle":{"unit":"deg","size":"240"},"background_overlay_opacity":{"unit":"px","size":"0.8"},"padding":{"unit":"px","top":"100","right":"0","bottom":"75","left":"0","isLinked":""},"content_width":{"unit":"px","size":"1200"},"padding_tablet":{"unit":"px","top":"80","right":"0","bottom":"70","left":"0","isLinked":""}},"elements":[{"id":"22960495","settings":{"_column_size":"33","_inline_size":"","space_between_widgets":"0","_inline_size_tablet":"50"},"elements":[{"id":"51d19246","settings":{"title":"DJ TEAM","size":"small","align":"left","title_color":"#00deff","typography_typography":"custom","typography_font_family":"Poppins","typography_font_weight":"400","typography_text_transform":"uppercase","_margin":{"unit":"px","top":"0","right":"0","bottom":"12","left":"0","isLinked":""},"typography_font_size":{"unit":"px","size":"16"},"typography_letter_spacing":{"unit":"px","size":"2"},"align_mobile":"center","header_size":"h3"},"elements":[],"isInner":false,"widgetType":"heading","elType":"widget"},{"id":"4d96d309","settings":{"title":"Artist","size":"xl","align":"left","title_color":"#ffffff","typography_typography":"custom","typography_font_family":"Poppins","link":{"url":"#","is_external":"","nofollow":""},"typography_font_weight":"700","typography_text_transform":"uppercase","typography_letter_spacing":{"unit":"px","size":"2"},"text_shadow_text_shadow_type":"yes","text_shadow_text_shadow":{"horizontal":"2","vertical":"3","blur":"0","color":"#f92056"},"_margin":{"unit":"px","top":"0","right":"0","bottom":"45","left":"0","isLinked":""},"typography_font_size_mobile":{"unit":"px","size":"30"},"align_mobile":"center"},"elements":[],"isInner":false,"widgetType":"heading","elType":"widget"},{"id":"2a152af1","settings":{"view":"framed","title_text":"Martin Garrix","description_text":"","position":"left","primary_color":"#ffffff","icon_size":{"unit":"px","size":"20"},"text_align":"left","content_vertical_alignment":"middle","title_bottom_space":{"unit":"px","size":"21"},"title_color":"#ffffff","title_typography_typography":"custom","title_typography_font_family":"Poppins","title_typography_text_transform":"uppercase","title_typography_letter_spacing":{"unit":"px","size":"1"},"_margin":{"unit":"px","top":"0","right":"0","bottom":"8","left":"0","isLinked":""},"text_align_mobile":"center"},"elements":[],"isInner":false,"widgetType":"icon-box","elType":"widget"},{"id":"5b2ffe92","settings":{"view":"framed","title_text":"Armin Van Buuren","description_text":"","position":"left","primary_color":"#ffffff","icon_size":{"unit":"px","size":"20"},"text_align":"left","content_vertical_alignment":"middle","title_bottom_space":{"unit":"px","size":"21"},"title_color":"#ffffff","title_typography_typography":"custom","title_typography_font_family":"Poppins","title_typography_text_transform":"uppercase","title_typography_letter_spacing":{"unit":"px","size":"1"},"_margin":{"unit":"px","top":"0","right":"0","bottom":"8","left":"0","isLinked":""},"text_align_mobile":"center"},"elements":[],"isInner":false,"widgetType":"icon-box","elType":"widget"},{"id":"3e1846e","settings":{"view":"framed","title_text":"Hardwell","description_text":"","position":"left","primary_color":"#ffffff","icon_size":{"unit":"px","size":"20"},"text_align":"left","content_vertical_alignment":"middle","title_bottom_space":{"unit":"px","size":"21"},"title_color":"#ffffff","title_typography_typography":"custom","title_typography_font_family":"Poppins","title_typography_text_transform":"uppercase","title_typography_letter_spacing":{"unit":"px","size":"1"},"_margin":{"unit":"px","top":"0","right":"0","bottom":"8","left":"0","isLinked":""},"text_align_mobile":"center"},"elements":[],"isInner":false,"widgetType":"icon-box","elType":"widget"},{"id":"3ac93fc5","settings":{"view":"framed","title_text":"Ti\u00ebsto","description_text":"","position":"left","primary_color":"#ffffff","icon_size":{"unit":"px","size":"20"},"text_align":"left","content_vertical_alignment":"middle","title_bottom_space":{"unit":"px","size":"21"},"title_color":"#ffffff","title_typography_typography":"custom","title_typography_font_family":"Poppins","title_typography_text_transform":"uppercase","title_typography_letter_spacing":{"unit":"px","size":"1"},"_margin":{"unit":"px","top":"0","right":"0","bottom":"8","left":"0","isLinked":""},"text_align_mobile":"center"},"elements":[],"isInner":false,"widgetType":"icon-box","elType":"widget"},{"id":"32330505","settings":{"view":"framed","title_text":"The Chainsmokers","description_text":"","position":"left","primary_color":"#ffffff","icon_size":{"unit":"px","size":"20"},"text_align":"left","content_vertical_alignment":"middle","title_bottom_space":{"unit":"px","size":"21"},"title_color":"#ffffff","title_typography_typography":"custom","title_typography_font_family":"Poppins","title_typography_text_transform":"uppercase","title_typography_letter_spacing":{"unit":"px","size":"1"},"_margin":{"unit":"px","top":"0","right":"0","bottom":"8","left":"0","isLinked":""},"text_align_mobile":"center"},"elements":[],"isInner":false,"widgetType":"icon-box","elType":"widget"},{"id":"56076dc9","settings":{"view":"framed","title_text":"David Guetta","description_text":"","position":"left","primary_color":"#ffffff","icon_size":{"unit":"px","size":"20"},"text_align":"left","content_vertical_alignment":"middle","title_bottom_space":{"unit":"px","size":"21"},"title_color":"#ffffff","title_typography_typography":"custom","title_typography_font_family":"Poppins","title_typography_text_transform":"uppercase","title_typography_letter_spacing":{"unit":"px","size":"1"},"_margin":{"unit":"px","top":"0","right":"0","bottom":"8","left":"0","isLinked":""},"text_align_mobile":"center"},"elements":[],"isInner":false,"widgetType":"icon-box","elType":"widget"},{"id":"152c80f1","settings":{"view":"framed","title_text":"Afrojack","description_text":"","position":"left","primary_color":"#ffffff","icon_size":{"unit":"px","size":"20"},"text_align":"left","content_vertical_alignment":"middle","title_bottom_space":{"unit":"px","size":"21"},"title_color":"#ffffff","title_typography_typography":"custom","title_typography_font_family":"Poppins","title_typography_text_transform":"uppercase","title_typography_letter_spacing":{"unit":"px","size":"1"},"_margin":{"unit":"px","top":"0","right":"0","bottom":"8","left":"0","isLinked":""},"text_align_mobile":"center"},"elements":[],"isInner":false,"widgetType":"icon-box","elType":"widget"},{"id":"84e4f3d","settings":{"view":"framed","title_text":"Don Diablo ","description_text":"","position":"left","primary_color":"#ffffff","icon_size":{"unit":"px","size":"20"},"text_align":"left","content_vertical_alignment":"middle","title_bottom_space":{"unit":"px","size":"21"},"title_color":"#ffffff","title_typography_typography":"custom","title_typography_font_family":"Poppins","title_typography_text_transform":"uppercase","title_typography_letter_spacing":{"unit":"px","size":"1"},"_margin":{"unit":"px","top":"0","right":"0","bottom":"8","left":"0","isLinked":""},"text_align_mobile":"center"},"elements":[],"isInner":false,"widgetType":"icon-box","elType":"widget"}],"isInner":"","elType":"column"},{"id":"78f75fa1","settings":{"_column_size":"66","_inline_size":"","space_between_widgets":"0","_inline_size_tablet":"50","margin_tablet":{"unit":"px","top":"040","right":"0","bottom":"0","left":"0","isLinked":""}},"elements":[{"id":"48519444","settings":{"title":"And Chill Together","size":"small","align":"left","title_color":"#00deff","typography_typography":"custom","typography_font_family":"Poppins","typography_font_weight":"400","typography_text_transform":"uppercase","_margin":{"unit":"px","top":"0","right":"0","bottom":"12","left":"0","isLinked":""},"typography_font_size":{"unit":"px","size":"16"},"typography_letter_spacing":{"unit":"px","size":"2"},"align_mobile":"center","header_size":"h3"},"elements":[],"isInner":false,"widgetType":"heading","elType":"widget"},{"id":"4126b7d","settings":{"title":"DRINK MENU","size":"xl","align":"left","title_color":"#ffffff","typography_typography":"custom","typography_font_family":"Poppins","link":{"url":"#","is_external":"","nofollow":""},"typography_font_weight":"700","typography_text_transform":"uppercase","typography_letter_spacing":{"unit":"px","size":"2"},"text_shadow_text_shadow_type":"yes","text_shadow_text_shadow":{"horizontal":"2","vertical":"3","blur":"0","color":"#f92056"},"_margin":{"unit":"px","top":"0","right":"0","bottom":"54","left":"0","isLinked":""},"typography_font_size_mobile":{"unit":"px","size":"30"},"align_mobile":"center"},"elements":[],"isInner":false,"widgetType":"heading","elType":"widget"},{"id":"37251020","settings":{"tabs":[{"tab_title":"Dos equis larrge","tab_content":"<p>I am item content. Click edit button to change this text. Lorem ipsum dolor sit amet, consectetur adipiscing elit. Ut elit tellus, luctus nec ullamcorper mattis, pulvinar dapibus leo.<\/p>","_id":"3421e39"},{"tab_title":"Modelo","tab_content":"<p>I am item content. Click edit button to change this text. Lorem ipsum dolor sit amet, consectetur adipiscing elit. Ut elit tellus, luctus nec ullamcorper mattis, pulvinar dapibus leo.<\/p>","_id":"71d1118"},{"tab_title":"Corona","tab_content":"<p>I am item content. Click edit button to change this text. Lorem ipsum dolor sit amet, consectetur adipiscing elit. Ut elit tellus, luctus nec ullamcorper mattis, pulvinar dapibus leo.<\/p>","_id":"615c6d7"},{"tab_title":"Tecate","tab_content":"<p>I am item content. Click edit button to change this text. Lorem ipsum dolor sit amet, consectetur adipiscing elit. Ut elit tellus, luctus nec ullamcorper mattis, pulvinar dapibus leo.<\/p>","_id":"f1c02aa"},{"tab_title":"Bohemia","tab_content":"<p>I am item content. Click edit button to change this text. Lorem ipsum dolor sit amet, consectetur adipiscing elit. Ut elit tellus, luctus nec ullamcorper mattis, pulvinar dapibus leo.<\/p>","_id":"3bc1d3d"}],"border_width":{"unit":"px","size":"2"},"border_color":"#ffffff","title_background":"#f92056","title_color":"#ffffff","tab_active_color":"#ffffff","title_typography_typography":"custom","title_typography_font_family":"Poppins","title_typography_font_size":{"unit":"px","size":"18"},"title_typography_text_transform":"uppercase","title_typography_letter_spacing":{"unit":"px","size":"1"},"title_padding":{"unit":"px","top":"18","right":"18","bottom":"18","left":"18","isLinked":"1"},"content_color":"#ffffff","content_typography_typography":"custom","content_typography_font_family":"Poppins","content_typography_line_height":{"unit":"em","size":"1.8"},"content_typography_letter_spacing":{"unit":"px","size":"0.5"},"content_padding":{"unit":"px","top":"25","right":"25","bottom":"25","left":"25","isLinked":"1"}},"elements":[],"isInner":false,"widgetType":"accordion","elType":"widget"},{"id":"347da8d3","settings":{"text":"FULL MENU","align":"left","size":"xl","typography_typography":"custom","typography_font_family":"Poppins","button_text_color":"#f92056","background_color":"rgba(255,255,255,0)","border_border":"solid","border_width":{"unit":"px","top":"3","right":"3","bottom":"3","left":"3","isLinked":"1"},"border_color":"#f92056","border_radius":{"unit":"px","top":"0","right":"0","bottom":"0","left":"0","isLinked":"1"},"text_padding":{"unit":"px","top":"15","right":"45","bottom":"15","left":"45","isLinked":""},"hover_color":"#00deff","button_hover_border_color":"#00deff","align_mobile":"center","icon":"fa fa-glass","button_background_hover_color":"rgba(255,255,255,0)","align_tablet":"center","button_type":"danger","typography_text_transform":"uppercase","typography_letter_spacing":{"unit":"px","size":"2"},"_margin_tablet":{"unit":"px","top":"0","right":"0","bottom":"30","left":"0","isLinked":""},"_padding":{"unit":"px","top":"60","right":"0","bottom":"0","left":"0","isLinked":""}},"elements":[],"isInner":false,"widgetType":"button","elType":"widget"}],"isInner":"","elType":"column"}],"isInner":"","elType":"section"},{"id":"57ed2465","settings":{"background_background":"classic","background_color":"#000000","margin":{"unit":"px","top":"","right":"0","bottom":"","left":"0","isLinked":"1"},"padding":{"unit":"px","top":"100","right":"0","bottom":"95","left":"0","isLinked":""},"structure":"32","background_image":{"id":"6730","url":"http:\/\/sitefacilitado.com.br\/membros\/wp-content\/uploads\/2020\/03\/marcela-laskoski-118684-unsplash.jpg"},"background_position":"top right","background_attachment":"fixed","background_size":"cover","background_overlay_background":"gradient","background_overlay_color":"rgba(0,0,0,0.5)","background_overlay_color_b":"#000000","background_overlay_color_b_stop":{"unit":"%","size":"85"},"background_overlay_gradient_angle":{"unit":"deg","size":"0"},"background_overlay_opacity":{"unit":"px","size":"1"},"shape_divider_bottom_color":"#f92056","shape_divider_bottom_height":{"unit":"px","size":"85"},"gap":"wider"},"elements":[{"id":"32f0f628","settings":{"_column_size":"50","_inline_size":""},"elements":[{"id":"5162ea27","settings":{"title":"What They Say","size":"medium","header_size":"h3","align":"left","title_color":"#00deff","typography_typography":"custom","typography_font_weight":"400","_margin":{"unit":"px","top":"0","right":"0","bottom":"-10","left":"0","isLinked":""},"typography_font_family":"Poppins","typography_letter_spacing":{"unit":"px","size":"2"},"align_mobile":"center"},"elements":[],"isInner":false,"widgetType":"heading","elType":"widget"},{"id":"62055ddf","settings":{"title":"Testimonials","size":"xl","align":"left","title_color":"#ffffff","typography_typography":"custom","typography_font_family":"Poppins","link":{"url":"#","is_external":"","nofollow":""},"typography_font_weight":"700","_margin":{"unit":"px","top":"0","right":"0","bottom":"0","left":"0","isLinked":""},"typography_text_transform":"uppercase","typography_letter_spacing":{"unit":"px","size":"2"},"text_shadow_text_shadow_type":"yes","text_shadow_text_shadow":{"horizontal":"2","vertical":"3","blur":"0","color":"#f92056"},"align_mobile":"center"},"elements":[],"isInner":false,"widgetType":"heading","elType":"widget"},{"id":"60d4fa09","settings":{"weight":{"unit":"px","size":"4"},"color":"#00deff","width":{"unit":"px","size":"50"},"align":"left","gap":{"unit":"px","size":"10"},"_margin":{"unit":"px","top":"0","right":"0","bottom":"30","left":"0","isLinked":""},"align_mobile":"center"},"elements":[],"isInner":false,"widgetType":"divider","elType":"widget"},{"id":"d0f5ec3","settings":{"testimonial_content":"\"The best Studio I've ever seen. Lorem ipsum dolor sit amet, consectetur adipiscing elit. Ut elit tellus, luctus nec ullamcorper mattis, pulvinar dapibus leo.\"","testimonial_image":{"id":"6735","url":"http:\/\/sitefacilitado.com.br\/membros\/wp-content\/uploads\/2020\/03\/alfonso-scarpa-530923-unsplash.jpg"},"testimonial_image_size":"thumbnail","testimonial_name":"John Doe","testimonial_job":"Dancer","content_content_color":"#cccccc","content_typography_typography":"custom","content_typography_font_family":"Poppins","content_typography_font_size":{"unit":"px","size":"20"},"name_text_color":"#ffffff","name_typography_typography":"custom","name_typography_font_family":"Poppins","job_text_color":"#f92056","job_typography_typography":"custom","job_typography_font_family":"Poppins","_margin":{"unit":"px","top":"0","right":"0","bottom":"0","left":"0","isLinked":""},"content_typography_letter_spacing":{"unit":"px","size":"0.5"},"name_typography_text_transform":"uppercase","name_typography_letter_spacing":{"unit":"px","size":"1"},"job_typography_letter_spacing":{"unit":"px","size":"0.5"},"testimonial_alignment":"left"},"elements":[],"isInner":false,"widgetType":"testimonial","elType":"widget"}],"isInner":"","elType":"column"},{"id":"63f25aa2","settings":{"_column_size":"25","_inline_size":"","_inline_size_mobile":"50"},"elements":[{"id":"1f4921ee","settings":{"title":"168","size":"xl","align":"center","title_color":"#ffffff","typography_typography":"custom","typography_font_family":"Poppins","_margin":{"unit":"px","top":"30","right":"0","bottom":"0","left":"0","isLinked":""},"typography_letter_spacing":{"unit":"px","size":"2"},"text_shadow_text_shadow_type":"yes","text_shadow_text_shadow":{"horizontal":"2","vertical":"3","blur":"0","color":"#f92056"},"header_size":"h3"},"elements":[],"isInner":false,"widgetType":"heading","elType":"widget"},{"id":"3988399b","settings":{"title":"MUSIC EVENTS","size":"small","align":"center","title_color":"#ffffff","typography_typography":"custom","typography_font_family":"Poppins","typography_font_weight":"400","typography_text_transform":"uppercase","_margin":{"unit":"px","top":"0","right":"0","bottom":"30","left":"0","isLinked":""},"typography_letter_spacing":{"unit":"px","size":"1"},"header_size":"h3"},"elements":[],"isInner":false,"widgetType":"heading","elType":"widget"},{"id":"1b6e34f1","settings":{"title":"305","size":"xl","align":"center","title_color":"#ffffff","typography_typography":"custom","typography_font_family":"Poppins","_margin":{"unit":"px","top":"0","right":"0","bottom":"0","left":"0","isLinked":"1"},"text_shadow_text_shadow_type":"yes","text_shadow_text_shadow":{"horizontal":"2","vertical":"3","blur":"0","color":"#f92056"},"header_size":"h3"},"elements":[],"isInner":false,"widgetType":"heading","elType":"widget"},{"id":"43d4801e","settings":{"title":"Vip Members","size":"small","align":"center","title_color":"#ffffff","typography_typography":"custom","typography_font_family":"Poppins","typography_font_weight":"400","typography_text_transform":"uppercase","typography_letter_spacing":{"unit":"px","size":"1"},"header_size":"h3"},"elements":[],"isInner":false,"widgetType":"heading","elType":"widget"}],"isInner":"","elType":"column"},{"id":"1b96d170","settings":{"_column_size":"25","_inline_size":"","_inline_size_mobile":"50"},"elements":[{"id":"5bdae3ce","settings":{"title":"18","size":"xl","align":"center","title_color":"#ffffff","typography_typography":"custom","typography_font_family":"Poppins","_margin":{"unit":"px","top":"30","right":"0","bottom":"0","left":"0","isLinked":""},"typography_letter_spacing":{"unit":"px","size":"2"},"text_shadow_text_shadow_type":"yes","text_shadow_text_shadow":{"horizontal":"2","vertical":"3","blur":"0","color":"#f92056"},"header_size":"h3"},"elements":[],"isInner":false,"widgetType":"heading","elType":"widget"},{"id":"59b6a0eb","settings":{"title":"Exclusive Beers","size":"small","align":"center","title_color":"#ffffff","typography_typography":"custom","typography_font_family":"Poppins","typography_font_weight":"400","typography_text_transform":"uppercase","_margin":{"unit":"px","top":"0","right":"0","bottom":"30","left":"0","isLinked":""},"typography_letter_spacing":{"unit":"px","size":"1"},"header_size":"h3"},"elements":[],"isInner":false,"widgetType":"heading","elType":"widget"},{"id":"3907a563","settings":{"title":"25","size":"xl","align":"center","title_color":"#ffffff","typography_typography":"custom","typography_font_family":"Poppins","_margin":{"unit":"px","top":"0","right":"0","bottom":"0","left":"0","isLinked":"1"},"text_shadow_text_shadow_type":"yes","text_shadow_text_shadow":{"horizontal":"2","vertical":"3","blur":"0","color":"#f92056"},"header_size":"h3"},"elements":[],"isInner":false,"widgetType":"heading","elType":"widget"},{"id":"6ce68dda","settings":{"title":"Milion Visits","size":"small","align":"center","title_color":"#ffffff","typography_typography":"custom","typography_font_family":"Poppins","typography_font_weight":"400","typography_text_transform":"uppercase","typography_letter_spacing":{"unit":"px","size":"1"},"header_size":"h3"},"elements":[],"isInner":false,"widgetType":"heading","elType":"widget"}],"isInner":"","elType":"column"}],"isInner":"","elType":"section"},{"id":"59c4f6cc","settings":{"gap":"no","background_background":"classic","background_color":"#000000","layout":"full_width","margin":{"unit":"px","top":"0","right":"0","bottom":"0","left":"0","isLinked":"1"},"padding":{"unit":"px","top":"0","right":"0","bottom":"0","left":"0","isLinked":"1"}},"elements":[{"id":"48d33f7b","settings":{"_column_size":"100","margin":{"unit":"px","top":"0","right":"0","bottom":"0","left":"0","isLinked":""},"padding":{"unit":"px","top":"0","right":"0","bottom":"0","left":"0","isLinked":"1"}},"elements":[{"id":"1d5e5eb","settings":{"layout":"full_width","gap":"no","structure":"30","margin":{"unit":"px","top":"0","right":"0","bottom":"0","left":"0","isLinked":"1"}},"elements":[{"id":"b1281ae","settings":{"_column_size":"33","_inline_size":"","background_background":"classic","background_color":"#db6159","background_image":{"id":"6747","url":"http:\/\/sitefacilitado.com.br\/membros\/wp-content\/uploads\/2020\/03\/drew-murphy-752267-unsplash.jpg"},"background_position":"center center","background_size":"cover","background_overlay_background":"gradient","background_overlay_color":"rgba(51,51,51,0)","background_overlay_color_stop":{"unit":"%","size":"25"},"background_overlay_color_b":"#000000","background_overlay_gradient_angle":{"unit":"deg","size":"210"},"background_overlay_opacity":{"unit":"px","size":"0.9"},"background_overlay_hover_background":"classic","background_overlay_hover_color":"#f92056","background_overlay_hover_color_b":"#db6159","background_overlay_hover_opacity":{"unit":"px","size":"0.7"},"background_overlay_hover_transition":{"unit":"px","size":"0.2"},"padding":{"unit":"px","top":"280","right":"35","bottom":"30","left":"35","isLinked":""}},"elements":[{"id":"b5aeb6a","settings":{"title":"For Ladies","size":"small","header_size":"h4","align":"left","title_color":"#ffffff","typography_typography":"custom","typography_font_family":"Poppins","link":{"url":"#","is_external":"","nofollow":""},"typography_font_weight":"400","_margin":{"unit":"px","top":"0","right":"0","bottom":"0","left":"0","isLinked":""}},"elements":[],"isInner":false,"widgetType":"heading","elType":"widget"},{"id":"5949f6da","settings":{"title":"All Night Out","size":"large","align":"left","title_color":"#ffffff","typography_typography":"custom","typography_font_family":"Poppins","link":{"url":"#","is_external":"","nofollow":""},"typography_font_weight":"700","typography_text_transform":"uppercase","text_shadow_text_shadow_type":"yes","text_shadow_text_shadow":{"horizontal":"2","vertical":"3","blur":"0","color":"#f92056"},"_margin":{"unit":"px","top":"-10","right":"0","bottom":"0","left":"0","isLinked":""},"header_size":"h3"},"elements":[],"isInner":false,"widgetType":"heading","elType":"widget"}],"isInner":"1","elType":"column"},{"id":"6605dd29","settings":{"_column_size":"33","_inline_size":"","background_background":"classic","background_color":"#db6159","background_image":{"id":"6742","url":"http:\/\/sitefacilitado.com.br\/membros\/wp-content\/uploads\/2020\/03\/michael-discenza-199756-unsplash.jpg"},"background_position":"center center","background_size":"cover","background_overlay_background":"gradient","background_overlay_color":"rgba(51,51,51,0)","background_overlay_color_stop":{"unit":"%","size":"25"},"background_overlay_color_b":"#000000","background_overlay_gradient_angle":{"unit":"deg","size":"210"},"background_overlay_opacity":{"unit":"px","size":"0.9"},"background_overlay_hover_background":"classic","background_overlay_hover_color":"#00deff","background_overlay_hover_color_b":"#f92056","background_overlay_hover_opacity":{"unit":"px","size":"0.6"},"background_overlay_hover_transition":{"unit":"px","size":"0.2"},"padding":{"unit":"px","top":"280","right":"35","bottom":"30","left":"35","isLinked":""},"background_overlay_hover_gradient_angle":{"unit":"deg","size":"210"}},"elements":[{"id":"3841a647","settings":{"title":"Catch Up","size":"small","header_size":"h4","align":"left","title_color":"#ffffff","typography_typography":"custom","typography_font_family":"Poppins","link":{"url":"#","is_external":"","nofollow":""},"typography_font_weight":"400","_margin":{"unit":"px","top":"0","right":"0","bottom":"0","left":"0","isLinked":""}},"elements":[],"isInner":false,"widgetType":"heading","elType":"widget"},{"id":"377b8ffa","settings":{"title":"Trending Music","size":"large","align":"left","title_color":"#ffffff","typography_typography":"custom","typography_font_family":"Poppins","link":{"url":"#","is_external":"","nofollow":""},"typography_font_weight":"700","typography_text_transform":"uppercase","text_shadow_text_shadow_type":"yes","text_shadow_text_shadow":{"horizontal":"2","vertical":"3","blur":"0","color":"#f92056"},"_margin":{"unit":"px","top":"-10","right":"0","bottom":"0","left":"0","isLinked":""},"header_size":"h3"},"elements":[],"isInner":false,"widgetType":"heading","elType":"widget"}],"isInner":"1","elType":"column"},{"id":"20e043c8","settings":{"_column_size":"33","_inline_size":"","background_background":"classic","background_color":"#f92056","background_image":{"id":"6748","url":"http:\/\/sitefacilitado.com.br\/membros\/wp-content\/uploads\/2020\/03\/henri-pham-356887-unsplash.jpg"},"background_position":"center center","background_size":"cover","background_overlay_background":"gradient","background_overlay_color":"rgba(51,51,51,0)","background_overlay_color_stop":{"unit":"%","size":"25"},"background_overlay_color_b":"#000000","background_overlay_gradient_angle":{"unit":"deg","size":"210"},"background_overlay_opacity":{"unit":"px","size":"0.9"},"background_overlay_hover_background":"classic","background_overlay_hover_color":"#f92056","background_overlay_hover_color_b":"#db6159","background_overlay_hover_opacity":{"unit":"px","size":"0.7"},"background_overlay_hover_transition":{"unit":"px","size":"0.2"},"padding":{"unit":"px","top":"280","right":"35","bottom":"30","left":"35","isLinked":""}},"elements":[{"id":"79c846df","settings":{"title":"Beautiful","size":"small","header_size":"h4","align":"left","title_color":"#ffffff","typography_typography":"custom","typography_font_family":"Poppins","link":{"url":"#","is_external":"","nofollow":""},"typography_font_weight":"400","_margin":{"unit":"px","top":"0","right":"0","bottom":"0","left":"0","isLinked":""}},"elements":[],"isInner":false,"widgetType":"heading","elType":"widget"},{"id":"6108f89b","settings":{"title":"Chill City View","size":"large","align":"left","title_color":"#ffffff","typography_typography":"custom","typography_font_family":"Poppins","link":{"url":"#","is_external":"","nofollow":""},"typography_font_weight":"700","typography_text_transform":"uppercase","text_shadow_text_shadow_type":"yes","text_shadow_text_shadow":{"horizontal":"2","vertical":"3","blur":"0","color":"#f92056"},"_margin":{"unit":"px","top":"-10","right":"0","bottom":"0","left":"0","isLinked":""},"header_size":"h3"},"elements":[],"isInner":false,"widgetType":"heading","elType":"widget"}],"isInner":"1","elType":"column"}],"isInner":"1","elType":"section"}],"isInner":"","elType":"column"}],"isInner":"","elType":"section"},{"id":"5bd68ce3","settings":{"gap":"extended","background_background":"classic","background_color":"#001b23","background_position":"center center","background_attachment":"scroll","background_repeat":"no-repeat","background_size":"cover","background_overlay_background":"gradient","background_overlay_color":"#14222d","background_overlay_color_stop":{"unit":"%","size":"24"},"background_overlay_color_b":"rgba(65,170,185,0.69)","background_overlay_color_b_stop":{"unit":"%","size":"48"},"background_overlay_gradient_angle":{"unit":"deg","size":"120"},"background_overlay_opacity":{"unit":"px","size":"0.12"},"padding":{"unit":"px","top":"115","right":"0","bottom":"100","left":"0","isLinked":""},"content_position":"middle","structure":"30","padding_mobile":{"unit":"px","top":"60","right":"0","bottom":"60","left":"0","isLinked":""}},"elements":[{"id":"6b21cf82","settings":{"_column_size":"33","space_between_widgets":"0","background_color":"#000000","_inline_size":""},"elements":[{"id":"8057ca0","settings":{"editor":"<p><strong>1419 Westwood Blvd<\/strong><br \/>Los Angeles | CA 90024-4911<\/p>","align":"right","align_mobile":"center","text_color":"#ffffff","typography_typography":"custom","typography_font_family":"Poppins","typography_line_height":{"unit":"em","size":"1.8"},"typography_letter_spacing":{"unit":"px","size":"0.5"}},"elements":[],"isInner":false,"widgetType":"text-editor","elType":"widget"}],"isInner":"","elType":"column"},{"id":"5ace2ac1","settings":{"_column_size":"33","space_between_widgets":"0","background_color":"#000000","_inline_size":""},"elements":[{"id":"8bd503d","settings":{"text":"OPERA","align":"center","size":"lg","typography_typography":"custom","typography_font_family":"Poppins","typography_font_weight":"700","typography_letter_spacing":{"unit":"px","size":"15"},"button_text_color":"#f92056","background_color":"rgba(0,0,0,0)","hover_color":"#00deff","button_hover_border_color":"#00deff","border_border":"dashed","border_width":{"unit":"px","top":"3","right":"3","bottom":"3","left":"3","isLinked":"1"},"border_color":"#f92056","border_radius":{"unit":"px","top":"0","right":"0","bottom":"0","left":"0","isLinked":"1"},"text_padding":{"unit":"px","top":"15","right":"35","bottom":"15","left":"50","isLinked":""},"_margin":{"unit":"px","top":"0","right":"0","bottom":"20","left":"0","isLinked":""}},"elements":[],"isInner":false,"widgetType":"button","elType":"widget"},{"id":"1fc4cee0","settings":{"title":"NIGHT CLUB","size":"small","align":"center","title_color":"#00deff","typography_typography":"custom","typography_font_family":"Poppins","typography_font_weight":"400","typography_text_transform":"uppercase","_margin":{"unit":"px","top":"0","right":"0","bottom":"32","left":"0","isLinked":""},"typography_font_size":{"unit":"px","size":"16"},"typography_letter_spacing":{"unit":"px","size":"2"}},"elements":[],"isInner":false,"widgetType":"heading","elType":"widget"},{"id":"5b6e3a42","settings":{"gap":"no","structure":"60"},"elements":[{"id":"b834385","settings":{"_column_size":"16","_inline_size":"","_inline_size_tablet":"10"},"elements":[],"isInner":"1","elType":"column"},{"id":"2a3b2132","settings":{"_column_size":"16","_inline_size":"","_inline_size_tablet":"20","_inline_size_mobile":"25"},"elements":[{"id":"3bf15659","settings":{"icon":"fa fa-facebook","view":"stacked","link":{"url":"#","is_external":"","nofollow":""},"primary_color":"#ffffff","secondary_color":"#f92056","hover_primary_color":"#f92056","hover_secondary_color":"#ffffff","size":{"unit":"px","size":"18"},"shape":"square","align_mobile":"center"},"elements":[],"isInner":false,"widgetType":"icon","elType":"widget"}],"isInner":"1","elType":"column"},{"id":"6804740f","settings":{"_column_size":"16","_inline_size":"","_inline_size_tablet":"20","_inline_size_mobile":"25"},"elements":[{"id":"3f1d4dff","settings":{"icon":"fa fa-twitter","view":"stacked","link":{"url":"#","is_external":"","nofollow":""},"primary_color":"#ffffff","secondary_color":"#f92056","hover_primary_color":"#f92056","hover_secondary_color":"#ffffff","size":{"unit":"px","size":"18"},"shape":"square","align_mobile":"center"},"elements":[],"isInner":false,"widgetType":"icon","elType":"widget"}],"isInner":"1","elType":"column"},{"id":"20d3ed1b","settings":{"_column_size":"16","_inline_size":"","_inline_size_tablet":"20","_inline_size_mobile":"25"},"elements":[{"id":"313d5d0","settings":{"icon":"fa fa-instagram","view":"stacked","link":{"url":"#","is_external":"","nofollow":""},"primary_color":"#ffffff","secondary_color":"#f92056","hover_primary_color":"#f92056","hover_secondary_color":"#ffffff","size":{"unit":"px","size":"18"},"shape":"square","align_mobile":"center"},"elements":[],"isInner":false,"widgetType":"icon","elType":"widget"}],"isInner":"1","elType":"column"},{"id":"18f63fbf","settings":{"_column_size":"16","_inline_size":"","_inline_size_tablet":"20","_inline_size_mobile":"25"},"elements":[{"id":"3f994c49","settings":{"icon":"fa fa-google-plus","view":"stacked","link":{"url":"#","is_external":"","nofollow":""},"primary_color":"#ffffff","secondary_color":"#f92056","hover_primary_color":"#f92056","hover_secondary_color":"#ffffff","size":{"unit":"px","size":"18"},"shape":"square","align_mobile":"center"},"elements":[],"isInner":false,"widgetType":"icon","elType":"widget"}],"isInner":"1","elType":"column"},{"id":"400ed5e8","settings":{"_column_size":"16","_inline_size":"","_inline_size_tablet":"10"},"elements":[],"isInner":"1","elType":"column"}],"isInner":"1","elType":"section"}],"isInner":"","elType":"column"},{"id":"25c8bc80","settings":{"_column_size":"33","space_between_widgets":"0","background_color":"#000000","_inline_size":""},"elements":[{"id":"1d2f3140","settings":{"editor":"<p><strong>email@outclub.com<\/strong><br \/>+1 213 777 7777<\/p>","align":"left","align_mobile":"center","text_color":"#ffffff","typography_typography":"custom","typography_font_family":"Poppins","typography_line_height":{"unit":"em","size":"1.8"},"typography_letter_spacing":{"unit":"px","size":"0.5"}},"elements":[],"isInner":false,"widgetType":"text-editor","elType":"widget"}],"isInner":"","elType":"column"}],"isInner":"","elType":"section"}]}