{"content":[{"id":"641000f8","settings":{"background_background":"classic","background_image":{"id":"2558","url":"https:\/\/cliente.shazamlnv.com\/wp-content\/uploads\/2022\/02\/receitas-ocultas-3.png"},"background_position":"bottom left","background_position_mobile":"bottom left","background_size":"cover","background_size_mobile":"cover","shape_divider_bottom":"wave-brush","shape_divider_bottom_color":"#EEEEEE","shape_divider_bottom_height":{"unit":"px","size":60,"sizes":[]}},"elements":[{"id":"6487787e","settings":{"_column_size":100,"_inline_size":null},"elements":[{"id":"42ae0c24","settings":{"structure":"20"},"elements":[{"id":"1f10ec45","settings":{"_column_size":50,"_inline_size":null,"content_position":"center","align":"center"},"elements":[{"id":"73ad897d","settings":{"title":"DESCUBRA AGORA COMO EMAGRECER DE FORMA R\u00c1PIDA E EFICAZ, SEM PRECISAR PASSAR FOME, <font color=\"#ffb000\">COMENDO TUDO QUE VOC\u00ca GOSTA!<\/font>","size":"xl","align":"left","title_color":"#FFFFFF","_background_background":"classic","custom_css":".destaque{\n    color: #004AAD\n    \n}","header_size":"h1","align_mobile":"center","typography_typography":"custom","typography_font_family":"Archivo Black","typography_font_weight":"600"},"elements":[],"isInner":false,"widgetType":"heading","elType":"widget"},{"id":"10440320","settings":{"editor":"<p><strong>Receitas Ocultas de 07 Dias<\/strong>, \u00e9 um livro digital completo baseado na Dieta Low Carb para voc\u00ea aprender do ZERO a como <strong>Emagrecer de Forma Saud\u00e1vel e R\u00e1pida em Apenas 07 dias<\/strong>! Sem Passar Fome, Sem Contar Calorias, Sem Abrir M\u00e3o de Alimentos Deliciosos e Sem ter que Fazer Exerc\u00edcios Mon\u00f3tonos e Chatos.<\/p>","align":"left","align_mobile":"center","text_color":"#FFFFFF"},"elements":[],"isInner":false,"widgetType":"text-editor","elType":"widget"},{"id":"69e6201d","settings":{"image":{"id":"2557","url":"https:\/\/cliente.shazamlnv.com\/wp-content\/uploads\/2022\/02\/receitas-ocultas-4-e1638193759979.png"},"hide_desktop":"hidden-desktop"},"elements":[],"isInner":false,"widgetType":"image","elType":"widget"},{"id":"32a41d46","settings":{"text":"Sim, eu realmente quero emagrecer!","link":{"url":"https:\/\/sun.eduzz.com\/952136","is_external":"","nofollow":"","custom_attributes":""},"align_mobile":"center","size":"md","button_text_color":"#000000","background_color":"#FFB000"},"elements":[],"isInner":false,"widgetType":"button","elType":"widget"},{"id":"424df71b","settings":{"editor":"<p>Acesso vital\u00edcio por <strong>apenas R$19,90!<\/strong><br \/>Pague \u00e0 vista ou parcele no cart\u00e3o em at\u00e9 4x.<br \/><strong>Compra 100% segura!<\/strong><\/p>","align_mobile":"center","text_color":"#FFFFFF"},"elements":[],"isInner":false,"widgetType":"text-editor","elType":"widget"},{"id":"36f6b2d","settings":{"hide_tablet":"hidden-tablet","hide_mobile":"hidden-mobile"},"elements":[],"isInner":false,"widgetType":"spacer","elType":"widget"}],"isInner":true,"elType":"column"},{"id":"72d72b41","settings":{"_column_size":50,"_inline_size":null,"content_position":"center","align":"center"},"elements":[{"id":"60e9a08a","settings":{"space":{"unit":"px","size":25,"sizes":[]},"hide_tablet":"hidden-tablet","hide_mobile":"hidden-mobile"},"elements":[],"isInner":false,"widgetType":"spacer","elType":"widget"},{"id":"7dc82f01","settings":{"image":{"id":"2557","url":"https:\/\/cliente.shazamlnv.com\/wp-content\/uploads\/2022\/02\/receitas-ocultas-4-e1638193759979.png"},"hide_tablet":"hidden-tablet","hide_mobile":"hidden-mobile"},"elements":[],"isInner":false,"widgetType":"image","elType":"widget"},{"id":"45d12a35","settings":{"space":{"unit":"px","size":25,"sizes":[]},"hide_tablet":"hidden-tablet","hide_mobile":"hidden-mobile"},"elements":[],"isInner":false,"widgetType":"spacer","elType":"widget"}],"isInner":true,"elType":"column"}],"isInner":true,"elType":"section"}],"isInner":false,"elType":"column"}],"isInner":false,"elType":"section"},{"id":"25a3bc1","settings":{"background_background":"classic","background_color":"#EEEEEE","shape_divider_bottom_height":{"unit":"px","size":60,"sizes":[]}},"elements":[{"id":"91edb0d","settings":{"_column_size":100,"_inline_size":null},"elements":[{"id":"1a8d569","settings":{"structure":"30"},"elements":[{"id":"1cc86707","settings":{"_column_size":33,"_inline_size":null},"elements":[{"id":"14b6352b","settings":{"image":{"id":"2559","url":"https:\/\/cliente.shazamlnv.com\/wp-content\/uploads\/2022\/02\/receitas-ocultas-png.png"},"title_text":"","description_text":"Para aquela pessoa que n\u00e3o tem tempo de ir a uma nutricionista, mas precisa de um card\u00e1pio completo.","image_space":{"unit":"px","size":"","sizes":[]},"image_size":{"unit":"%","size":60,"sizes":[]},"description_typography_typography":"custom","description_typography_font_family":"Roboto","description_typography_font_size":{"unit":"px","size":16,"sizes":[]},"description_typography_font_weight":"400"},"elements":[],"isInner":false,"widgetType":"image-box","elType":"widget"}],"isInner":true,"elType":"column"},{"id":"15a92cde","settings":{"_column_size":33,"_inline_size":null},"elements":[{"id":"77785e12","settings":{"image":{"id":"2560","url":"https:\/\/cliente.shazamlnv.com\/wp-content\/uploads\/2022\/02\/receitas-ocultas-png-2.png"},"title_text":"","description_text":"Para aquela pessoa que busca liberdade de tempo, economia e um m\u00e9todo realmente eficaz para o emagrecimento.","image_space":{"unit":"px","size":"","sizes":[]},"image_size":{"unit":"%","size":60,"sizes":[]},"description_typography_typography":"custom","description_typography_font_family":"Roboto","description_typography_font_size":{"unit":"px","size":16,"sizes":[]},"description_typography_font_weight":"400"},"elements":[],"isInner":false,"widgetType":"image-box","elType":"widget"}],"isInner":true,"elType":"column"},{"id":"6c86bbd0","settings":{"_column_size":33,"_inline_size":null},"elements":[{"id":"5ae5afe2","settings":{"image":{"id":"2561","url":"https:\/\/cliente.shazamlnv.com\/wp-content\/uploads\/2022\/02\/receitas-ocultas-png-1.png"},"title_text":"","description_text":"Para aquela pessoa que j\u00e1 tentou v\u00e1rias dietas malucas, mas sabe que somente com a reeduca\u00e7\u00e3o consegue atingir os objetivos.","image_space":{"unit":"px","size":"","sizes":[]},"image_size":{"unit":"%","size":60,"sizes":[]},"description_typography_typography":"custom","description_typography_font_family":"Roboto","description_typography_font_size":{"unit":"px","size":16,"sizes":[]},"description_typography_font_weight":"400"},"elements":[],"isInner":false,"widgetType":"image-box","elType":"widget"}],"isInner":true,"elType":"column"}],"isInner":true,"elType":"section"}],"isInner":false,"elType":"column"}],"isInner":false,"elType":"section"},{"id":"4a51ffc5","settings":{"content_width":{"unit":"px","size":800,"sizes":[]},"content_position":"middle","background_background":"classic","background_color":"#FFFFFF","shape_divider_top":"wave-brush","shape_divider_top_color":"#EEEEEE","shape_divider_top_height":{"unit":"px","size":60,"sizes":[]},"shape_divider_top_flip":"yes"},"elements":[{"id":"44f42427","settings":{"_column_size":100,"_inline_size":100,"content_position":"center","background_background":"classic"},"elements":[{"id":"7fbb48e6","settings":{"space":{"unit":"px","size":30,"sizes":[]}},"elements":[],"isInner":false,"widgetType":"spacer","elType":"widget"},{"id":"171f181b","settings":[],"elements":[{"id":"2c345e6","settings":{"_column_size":100,"_inline_size":null},"elements":[{"id":"319527e9","settings":{"title":"QUAL O GRANDE DIFERENCIAL<BR>DO PROGRAMA RECEITAS OCULTAS?","size":"large","align":"center","title_color":"#000000","typography_typography":"custom","typography_font_family":"Archivo Black","typography_font_weight":"600"},"elements":[],"isInner":false,"widgetType":"heading","elType":"widget"}],"isInner":true,"elType":"column"}],"isInner":true,"elType":"section"},{"id":"70a9408f","settings":{"editor":"<p>A grande diferen\u00e7a das Receitas Ocultas para <strong>TODAS<\/strong> as outras dietas, \u00e9 que voc\u00ea pode comer de tudo e ainda perder peso. Isso \u00e9 o que faz o <strong>Programa<\/strong> <strong>Receitas Ocultas ser t\u00e3o EFICIENTE<\/strong> e incr\u00edvel ao mesmo tempo.<\/p><p>Pare e pense... Quantas vezes voc\u00ea j\u00e1 tentou seguir alguma dieta restrita? Muitas n\u00e9?! E eu tenho certeza que nenhuma dessas dietas funcionaram pra voc\u00ea! <strong>E CALMA... N\u00e3o \u00e9 culpa sua!<\/strong> Voc\u00ea ainda n\u00e3o conseguiu ter o corpo dos seus sonhos por culpa da RESTRI\u00c7\u00c3O.<\/p><p><strong>Sim!<\/strong> A restri\u00e7\u00e3o \u00e9 a <strong>\u00daNICA<\/strong> respons\u00e1vel por voc\u00ea n\u00e3o conseguir perder peso. Isso porqu\u00ea ningu\u00e9m consegue seguir uma dieta restrita por muito tempo. <strong>Esse \u00e9 o grande erro<\/strong> da maiorias das pessoas.<\/p>","align":"left","text_color":"#000000","_background_background":"classic","_element_custom_width":{"unit":"px","size":557,"sizes":[]},"_element_vertical_align":"center","align_mobile":"justify","typography_typography":"custom","typography_font_family":"Roboto","typography_font_size":{"unit":"px","size":16,"sizes":[]},"typography_font_weight":"400"},"elements":[],"isInner":false,"widgetType":"text-editor","elType":"widget"}],"isInner":false,"elType":"column"}],"isInner":false,"elType":"section"},{"id":"2eb36d8c","settings":{"content_width":{"unit":"px","size":800,"sizes":[]},"background_background":"classic","background_color":"#EEEEEE"},"elements":[{"id":"1c1cc919","settings":{"_column_size":100,"_inline_size":null},"elements":[{"id":"3453ec7f","settings":[],"elements":[{"id":"52d64917","settings":{"_column_size":100,"_inline_size":null},"elements":[{"id":"6ca220ef","settings":{"editor":"<p><span class=\"klickart-font\">Aten\u00e7\u00e3o: Se voc\u00ea \u00e9 uma pessoa que precisa muito ter\u00a0<\/span><b class=\"medium-b\"><span class=\"klickart-font\">resultados<\/span><\/b><span class=\"klickart-font\">\u00a0e que sofre frequentemente com\u00a0<\/span><b class=\"medium-b\"><i class=\"medium-i\"><span class=\"klickart-font\">ANSIEDADE<\/span><\/i><\/b><span class=\"klickart-font\">,\u00a0 o nosso\u00a0<\/span><b class=\"medium-b\"><span class=\"klickart-font\">PROGRAMA\u00a0<\/span><\/b><span class=\"klickart-font\">pode, definitivamente, te ajudar a partir de agora. E o melhor de tudo, \u00e9 s\u00f3 R$19,90!<\/span><\/p>","align":"center","typography_typography":"custom","typography_font_family":"Roboto","typography_font_size":{"unit":"px","size":14,"sizes":[]},"typography_font_weight":"400"},"elements":[],"isInner":false,"widgetType":"text-editor","elType":"widget"},{"id":"709d1276","settings":{"title":"O Programa \u00e9 a base de alimentos simples<br>que voc\u00ea tem em casa, s\u00e3o muitas receitas como:","size":"large","align":"center","title_color":"#000000","typography_typography":"custom","typography_font_family":"Archivo Black","typography_font_weight":"600"},"elements":[],"isInner":false,"widgetType":"heading","elType":"widget"}],"isInner":true,"elType":"column"}],"isInner":true,"elType":"section"},{"id":"6506ab6a","settings":{"structure":"20"},"elements":[{"id":"7789cd5d","settings":{"_column_size":50,"_inline_size":null},"elements":[{"id":"257acd9d","settings":{"image":{"id":"2562","url":"https:\/\/cliente.shazamlnv.com\/wp-content\/uploads\/2022\/02\/4-e1638200242713.png"},"image_size":"medium","image_box_shadow_box_shadow_type":"yes"},"elements":[],"isInner":false,"widgetType":"image","elType":"widget"}],"isInner":true,"elType":"column"},{"id":"63b7afb","settings":{"_column_size":50,"_inline_size":null,"content_position":"center","align":"center"},"elements":[{"id":"34d9b3f4","settings":{"title":"Card\u00e1pio Completo","size":"medium","title_color":"#000000"},"elements":[],"isInner":false,"widgetType":"heading","elType":"widget"},{"id":"5698df0f","settings":{"editor":"<p>Card\u00e1pios pr\u00e1ticos para a semana toda.<br \/>Lembrando que n\u00e3o \u00e9 uma dieta e sim uma reeduca\u00e7\u00e3o. A nossa inten\u00e7\u00e3o \u00e9 que voc\u00ea coma saud\u00e1vel.<\/p>","align":"justify","typography_typography":"custom","typography_font_family":"Roboto","typography_font_size":{"unit":"px","size":16,"sizes":[]},"typography_font_weight":"400"},"elements":[],"isInner":false,"widgetType":"text-editor","elType":"widget"}],"isInner":true,"elType":"column"}],"isInner":true,"elType":"section"},{"id":"22964050","settings":{"structure":"20","reverse_order_mobile":"reverse-mobile"},"elements":[{"id":"62225e42","settings":{"_column_size":50,"_inline_size":null,"content_position":"center","align":"center"},"elements":[{"id":"7f52a0d5","settings":{"title":"Lista De Alimentos","size":"medium","title_color":"#000000"},"elements":[],"isInner":false,"widgetType":"heading","elType":"widget"},{"id":"38359ff2","settings":{"editor":"<p>Lista completa de alimentos, como: frutas, legumes, cereais e etc. Voc\u00ea ter\u00e1 uma lista completa com os alimentos que funcionam muito bem no seu organismo.<\/p>","align":"justify","typography_typography":"custom","typography_font_family":"Roboto","typography_font_size":{"unit":"px","size":16,"sizes":[]},"typography_font_weight":"400"},"elements":[],"isInner":false,"widgetType":"text-editor","elType":"widget"}],"isInner":true,"elType":"column"},{"id":"28c5e8c9","settings":{"_column_size":50,"_inline_size":null},"elements":[{"id":"689aea","settings":{"image":{"id":"2563","url":"https:\/\/cliente.shazamlnv.com\/wp-content\/uploads\/2022\/02\/5-e1638200273431.png"},"image_size":"medium","image_box_shadow_box_shadow_type":"yes"},"elements":[],"isInner":false,"widgetType":"image","elType":"widget"}],"isInner":true,"elType":"column"}],"isInner":true,"elType":"section"},{"id":"1005f67c","settings":{"structure":"20"},"elements":[{"id":"68b06857","settings":{"_column_size":50,"_inline_size":null},"elements":[{"id":"6f2b3396","settings":{"image":{"id":"2564","url":"https:\/\/cliente.shazamlnv.com\/wp-content\/uploads\/2022\/02\/6-e1638200303230.png"},"image_size":"medium","image_box_shadow_box_shadow_type":"yes"},"elements":[],"isInner":false,"widgetType":"image","elType":"widget"}],"isInner":true,"elType":"column"},{"id":"397ed348","settings":{"_column_size":50,"_inline_size":null,"content_position":"center","align":"center"},"elements":[{"id":"6b003451","settings":{"title":"O ch\u00e1 mais poderoso do Brasil","size":"medium","title_color":"#000000"},"elements":[],"isInner":false,"widgetType":"heading","elType":"widget"},{"id":"275d6f57","settings":{"editor":"<p>Receita secreta de um dos ch\u00e1s mais procurados no Brasil quando o assunto \u00e9 perca de peso. Incr\u00edveis os Resultados.<\/p>","align":"justify","typography_typography":"custom","typography_font_family":"Roboto","typography_font_size":{"unit":"px","size":16,"sizes":[]},"typography_font_weight":"400"},"elements":[],"isInner":false,"widgetType":"text-editor","elType":"widget"}],"isInner":true,"elType":"column"}],"isInner":true,"elType":"section"},{"id":"47a0ebea","settings":{"structure":"20","reverse_order_mobile":"reverse-mobile"},"elements":[{"id":"7e9dda55","settings":{"_column_size":50,"_inline_size":null,"content_position":"center","align":"center"},"elements":[{"id":"40efede2","settings":{"title":"Sucos Detox Para Desintoxicar","size":"medium","title_color":"#000000"},"elements":[],"isInner":false,"widgetType":"heading","elType":"widget"},{"id":"54d0553d","settings":{"editor":"<p>Os estudos apontaram que al\u00e9m de reduzir o colesterol o detox tamb\u00e9m elimina gordura pelas fezes e urina.<\/p>","align":"justify","text_color":"#7A7A7A","typography_typography":"custom","typography_font_family":"Roboto","typography_font_size":{"unit":"px","size":16,"sizes":[]},"typography_font_weight":"400"},"elements":[],"isInner":false,"widgetType":"text-editor","elType":"widget"}],"isInner":true,"elType":"column"},{"id":"1c9c3036","settings":{"_column_size":50,"_inline_size":null},"elements":[{"id":"7b2f5345","settings":{"image":{"id":"2565","url":"https:\/\/cliente.shazamlnv.com\/wp-content\/uploads\/2022\/02\/receitas-ocultas-6-e1638200676642.png"},"image_size":"medium","image_box_shadow_box_shadow_type":"yes"},"elements":[],"isInner":false,"widgetType":"image","elType":"widget"}],"isInner":true,"elType":"column"}],"isInner":true,"elType":"section"},{"id":"13519a7e","settings":{"structure":"20"},"elements":[{"id":"6bba3e3f","settings":{"_column_size":50,"_inline_size":null},"elements":[{"id":"1e08cb","settings":{"image":{"id":"2567","url":"https:\/\/cliente.shazamlnv.com\/wp-content\/uploads\/2022\/02\/7-e1638200349189-1.png"},"image_size":"medium","image_box_shadow_box_shadow_type":"yes"},"elements":[],"isInner":false,"widgetType":"image","elType":"widget"}],"isInner":true,"elType":"column"},{"id":"4a3c579e","settings":{"_column_size":50,"_inline_size":null,"content_position":"center","align":"center"},"elements":[{"id":"7774cb95","settings":{"title":"Exerc\u00edcios Semanais","size":"medium","title_color":"#000000"},"elements":[],"isInner":false,"widgetType":"heading","elType":"widget"},{"id":"4254c425","settings":{"editor":"<p>Muitos problemas card\u00edacos s\u00e3o causadas por problemas circulat\u00f3rios. O yoga ajuda a bombear o sangue e a circular o oxig\u00eanio para todas as partes do corpo de forma saud\u00e1vel.<\/p>","align":"justify","typography_typography":"custom","typography_font_family":"Roboto","typography_font_size":{"unit":"px","size":16,"sizes":[]},"typography_font_weight":"400"},"elements":[],"isInner":false,"widgetType":"text-editor","elType":"widget"}],"isInner":true,"elType":"column"}],"isInner":true,"elType":"section"},{"id":"26518e7c","settings":[],"elements":[{"id":"76e74a29","settings":{"_column_size":100,"_inline_size":null},"elements":[{"id":"1495ad81","settings":{"text":"Sim, eu realmente quero esse programa!","link":{"url":"https:\/\/sun.eduzz.com\/952136","is_external":"","nofollow":"","custom_attributes":""},"align":"center","size":"md","button_text_color":"#000000","background_color":"#FFB000"},"elements":[],"isInner":false,"widgetType":"button","elType":"widget"},{"id":"4fd03f66","settings":{"editor":"<p>Acesso vital\u00edcio por <strong>apenas R$19,90!<\/strong><br \/>Pague \u00e0 vista ou parcele no cart\u00e3o em at\u00e9 4x.<br \/><strong>Compra 100% segura!<\/strong><\/p>","align":"center","align_mobile":"center","text_color":"#575757"},"elements":[],"isInner":false,"widgetType":"text-editor","elType":"widget"}],"isInner":true,"elType":"column"}],"isInner":true,"elType":"section"}],"isInner":false,"elType":"column"}],"isInner":false,"elType":"section"},{"id":"4ae546b9","settings":{"background_background":"classic","background_image":{"id":"2569","url":"https:\/\/cliente.shazamlnv.com\/wp-content\/uploads\/2022\/02\/receitas-ocultas-7.png"},"background_position":"center center","background_position_mobile":"top center","background_size":"cover","background_size_mobile":"cover","shape_divider_top":"waves","shape_divider_top_color":"#EEEEEE","shape_divider_top_width":{"unit":"%","size":100,"sizes":[]},"shape_divider_top_height":{"unit":"px","size":60,"sizes":[]},"shape_divider_bottom":"waves","shape_divider_bottom_color":"#FFFFFF","shape_divider_bottom_width":{"unit":"%","size":100,"sizes":[]},"shape_divider_bottom_height":{"unit":"px","size":60,"sizes":[]}},"elements":[{"id":"5c1ec4d4","settings":{"_column_size":100,"_inline_size":null},"elements":[{"id":"42c75032","settings":{"structure":"20"},"elements":[{"id":"72ad82fe","settings":{"_column_size":50,"_inline_size":null},"elements":[{"id":"4b70d52a","settings":{"image":{"id":"2568","url":"https:\/\/cliente.shazamlnv.com\/wp-content\/uploads\/2022\/02\/receitas-ocultas-8-e1638201827291.png"}},"elements":[],"isInner":false,"widgetType":"image","elType":"widget"}],"isInner":true,"elType":"column"},{"id":"6d13ebe4","settings":{"_column_size":50,"_inline_size":null,"content_position":"center","align":"center"},"elements":[{"id":"27d2e408","settings":{"title":"E TODAS ESSAS TRANSFORMA\u00c7\u00d5ES EST\u00c3O DISPON\u00cdVEIS PARA VOC\u00ca AGORA COM O PROGRAMA RECEITAS OCULTAS","title_color":"#FFB000"},"elements":[],"isInner":false,"widgetType":"heading","elType":"widget"},{"id":"2755c399","settings":{"editor":"<p class=\"subtitle\"><span class=\"klickart-font\">Um passo a passo completo de 07 dias que vai mudar sua vida para sempre, voc\u00ea n\u00e3o precisar\u00e1 mais de dietas malucas e de produtos em c\u00e1psula para chegar ao seu corpo dos sonhos, com o nosso programa voc\u00ea come\u00e7ar\u00e1 a mudar seu corpo a partir de hoje!<\/span><\/p>","text_color":"#FFFFFF","typography_typography":"custom","typography_font_family":"Roboto","typography_font_size":{"unit":"px","size":16,"sizes":[]},"typography_font_weight":"400"},"elements":[],"isInner":false,"widgetType":"text-editor","elType":"widget"},{"id":"5ab89073","settings":{"space_mobile":{"unit":"px","size":10,"sizes":[]},"hide_desktop":"hidden-desktop"},"elements":[],"isInner":false,"widgetType":"spacer","elType":"widget"}],"isInner":true,"elType":"column"}],"isInner":true,"elType":"section"}],"isInner":false,"elType":"column"}],"isInner":false,"elType":"section"},{"id":"4941b3b3","settings":{"background_background":"classic","background_color":"#FFFFFF"},"elements":[{"id":"7355c21c","settings":{"_column_size":100,"_inline_size":null},"elements":[{"id":"585cc821","settings":{"title":"PESSOAS REAIS, RESULTADOS REAIS","align":"center","title_color":"#000000"},"elements":[],"isInner":false,"widgetType":"heading","elType":"widget"},{"id":"33f85631","settings":{"structure":"30"},"elements":[{"id":"3762c7bc","settings":{"_column_size":33,"_inline_size":null,"content_position":"center","align":"center"},"elements":[{"id":"343792f4","settings":{"image":{"id":"2570","url":"https:\/\/cliente.shazamlnv.com\/wp-content\/uploads\/2022\/02\/Screenshot_20210724-210314-050-e1638463421526.png"},"image_size":"medium_large"},"elements":[],"isInner":false,"widgetType":"image","elType":"widget"}],"isInner":true,"elType":"column"},{"id":"5a127035","settings":{"_column_size":33,"_inline_size":null,"content_position":"center","align":"center"},"elements":[{"id":"2ac865c6","settings":{"image":{"id":"2571","url":"https:\/\/cliente.shazamlnv.com\/wp-content\/uploads\/2022\/02\/Screenshot_20210723-113118-342.png"},"image_size":"medium_large"},"elements":[],"isInner":false,"widgetType":"image","elType":"widget"}],"isInner":true,"elType":"column"},{"id":"73633bfd","settings":{"_column_size":33,"_inline_size":null,"content_position":"center","align":"center"},"elements":[{"id":"33c0585","settings":{"image":{"id":"2572","url":"https:\/\/cliente.shazamlnv.com\/wp-content\/uploads\/2022\/02\/Screenshot_20210917-161138-061-e1638464071114.png"},"image_size":"medium_large"},"elements":[],"isInner":false,"widgetType":"image","elType":"widget"}],"isInner":true,"elType":"column"}],"isInner":true,"elType":"section"}],"isInner":false,"elType":"column"}],"isInner":false,"elType":"section"},{"id":"6092685e","settings":{"structure":"30","background_background":"classic","background_color":"#FFFFFF"},"elements":[{"id":"2fa22405","settings":{"_column_size":33,"_inline_size":null},"elements":[{"id":"73f7dc82","settings":{"image":{"id":"2573","url":"https:\/\/cliente.shazamlnv.com\/wp-content\/uploads\/2022\/02\/testemunha-00-programa-receitas-ocultas.png"},"title_text":"Maria L\u00facia, 31 anos","description_text":"\u201cNunca pratiquei atividade f\u00edsica e n\u00e3o cuidava da alimenta\u00e7\u00e3o, ent\u00e3o ganhei peso rapidamente. Sentia que estava engordando cada vez mais, pois as roupas j\u00e1 n\u00e3o serviam. Ent\u00e3o encontrei a solu\u00e7\u00e3o com o programa receitas ocultas, segui a risca, todos os dias, conforme o programa. Comecei a ver resultados, da\u00ed tamb\u00e9m melhorei minha alimenta\u00e7\u00e3o. Perdi 17kg em 3 meses\u201d","title_color":"#000000","image_size":{"unit":"%","size":40,"sizes":[]},"description_typography_typography":"custom","description_typography_font_family":"Roboto","description_typography_font_size":{"unit":"px","size":16,"sizes":[]},"description_typography_font_weight":"400"},"elements":[],"isInner":false,"widgetType":"image-box","elType":"widget"}],"isInner":false,"elType":"column"},{"id":"5e50b764","settings":{"_column_size":33,"_inline_size":null},"elements":[{"id":"135c0d81","settings":{"image":{"id":"2574","url":"https:\/\/cliente.shazamlnv.com\/wp-content\/uploads\/2022\/02\/testemunha-01-programa-receitas-ocultas.png"},"title_text":"Ana Carolina, 22 anos","description_text":"\"S\u00f3 de cortar a\u00e7\u00facar e frituras e come\u00e7ar a me alimentar de forma correta, perdi 12 quilos em dois meses. Sim, apenas fazendo reeduca\u00e7\u00e3o alimentar! Al\u00e9m de conter tudo que eu precisava, ainda tem alguns exerc\u00edcios que potencializaram muito os meus resultados. Fora todas as receitas maravilhosas que n\u00e3o me fizeram sentir falta de nada durante esse processo.\"","title_color":"#000000","image_size":{"unit":"%","size":40,"sizes":[]},"description_typography_typography":"custom","description_typography_font_family":"Roboto","description_typography_font_size":{"unit":"px","size":16,"sizes":[]},"description_typography_font_weight":"400"},"elements":[],"isInner":false,"widgetType":"image-box","elType":"widget"}],"isInner":false,"elType":"column"},{"id":"5b3e1dc1","settings":{"_column_size":33,"_inline_size":null},"elements":[{"id":"5b142756","settings":{"image":{"id":"2575","url":"https:\/\/cliente.shazamlnv.com\/wp-content\/uploads\/2022\/02\/testemunha-02-programa-receitas-ocultas.png"},"title_text":"Carolina Silva, 25 anos","description_text":"\u201cTenho uma compuls\u00e3o por doce, por isso ganhei tanto peso. Com o apoio da minha prima, comecei a seguir o programa receitas ocultas diariamente que consiste em uma forma saud\u00e1vel de se alimentar no dia. A princ\u00edpio sempre desistia de toda dieta que iniciava. Mas, depois que conheci esse programa, dentro de 7 dias eu j\u00e1 n\u00e3o sentia vontade alguma por doce.\"","title_color":"#000000","image_size":{"unit":"%","size":40,"sizes":[]},"description_typography_typography":"custom","description_typography_font_family":"Roboto","description_typography_font_size":{"unit":"px","size":16,"sizes":[]},"description_typography_font_weight":"400"},"elements":[],"isInner":false,"widgetType":"image-box","elType":"widget"}],"isInner":false,"elType":"column"}],"isInner":false,"elType":"section"},{"id":"34abe651","settings":{"content_width":{"unit":"px","size":950,"sizes":[]},"background_background":"classic","background_color":"#FFFFFF"},"elements":[{"id":"12e711f7","settings":{"_column_size":100,"_inline_size":null,"background_background":"classic","background_color":"#FFFFFF"},"elements":[{"id":"1865c336","settings":{"title":"REEDUCA\u00c7\u00c3O ALIMENTAR \u00c9 A MELHOR MANEIRA PARA EMAGRECER, MAS N\u00c3O PARA POR A\u00cd, VEJA OUTROS BENEF\u00cdCIOS A SA\u00daDE:","align":"center","title_color":"#000000"},"elements":[],"isInner":false,"widgetType":"heading","elType":"widget"}],"isInner":false,"elType":"column"}],"isInner":false,"elType":"section"},{"id":"4ac0537a","settings":{"structure":"30","content_width":{"unit":"px","size":950,"sizes":[]},"background_background":"classic","background_color":"#FFFFFF"},"elements":[{"id":"7f4794c1","settings":{"_column_size":33,"_inline_size":null,"background_background":"classic","background_color":"#FFFFFF"},"elements":[{"id":"5c94ea6f","settings":{"image":{"id":"2576","url":"https:\/\/cliente.shazamlnv.com\/wp-content\/uploads\/2022\/02\/ansiedade-programa-receitas-ocultas.png"},"title_text":"Controla a ansiedade","description_text":"A reeduca\u00e7\u00e3o alimentar faz com que seu organismo se acostume gradativamente, dessa forma voc\u00ea controla a ansiedade que \u00e9 causada em diversas dietas malucas que vemos por a\u00ed.","image_size":{"unit":"%","size":40,"sizes":[]},"title_color":"#000000","description_color":"#000000","description_typography_typography":"custom","description_typography_font_family":"Roboto","description_typography_font_size":{"unit":"px","size":16,"sizes":[]},"description_typography_font_weight":"400"},"elements":[],"isInner":false,"widgetType":"image-box","elType":"widget"}],"isInner":false,"elType":"column"},{"id":"17f81f96","settings":{"_column_size":33,"_inline_size":null,"background_background":"classic","background_color":"#FFFFFF"},"elements":[{"id":"1e3bd517","settings":{"image":{"id":"2577","url":"https:\/\/cliente.shazamlnv.com\/wp-content\/uploads\/2022\/02\/estresse-programa-receitas-ocultas.png"},"title_text":"Reduz o estresse","description_text":"Uma alimenta\u00e7\u00e3o saud\u00e1vel auxilia e muito nas batalhas di\u00e1rias. Sabemos que seguir algo restritivo ocasiona estresse, mas, nesse programa voc\u00ea evita esse principal empecilho, por n\u00e3o ser restringido a nada.","image_size":{"unit":"%","size":40,"sizes":[]},"title_color":"#000000","description_color":"#000000","description_typography_typography":"custom","description_typography_font_family":"Roboto","description_typography_font_size":{"unit":"px","size":16,"sizes":[]},"description_typography_font_weight":"400"},"elements":[],"isInner":false,"widgetType":"image-box","elType":"widget"}],"isInner":false,"elType":"column"},{"id":"13a75c07","settings":{"_column_size":33,"_inline_size":null,"background_background":"classic","background_color":"#FFFFFF"},"elements":[{"id":"28fa7c28","settings":{"image":{"id":"2578","url":"https:\/\/cliente.shazamlnv.com\/wp-content\/uploads\/2022\/02\/reeducacao-alimentar-programa-receitas-ocultas.png"},"title_text":"Controla a compuls\u00e3o alimentar","description_text":"Ingerindo alimentos certos a compuls\u00e3o alimentar n\u00e3o ser\u00e1 problema, pois seu organismo ter\u00e1 tudo do que precisa, dessa forma, voc\u00ea conseguir\u00e1 manter uma alimenta\u00e7\u00e3o saud\u00e1vel a longo prazo, evitando o efeito sanfona.","image_size":{"unit":"%","size":40,"sizes":[]},"title_color":"#000000","description_color":"#000000","description_typography_typography":"custom","description_typography_font_family":"Roboto","description_typography_font_size":{"unit":"px","size":16,"sizes":[]},"description_typography_font_weight":"400"},"elements":[],"isInner":false,"widgetType":"image-box","elType":"widget"}],"isInner":false,"elType":"column"}],"isInner":false,"elType":"section"},{"id":"881cc9e","settings":{"structure":"30","content_width":{"unit":"px","size":950,"sizes":[]},"background_background":"classic","background_color":"#FFFFFF"},"elements":[{"id":"2a9fb336","settings":{"_column_size":33,"_inline_size":null,"background_background":"classic","background_color":"#FFFFFF"},"elements":[{"id":"23863a06","settings":{"image":{"id":"2579","url":"https:\/\/cliente.shazamlnv.com\/wp-content\/uploads\/2022\/02\/melhora-sua-rotina-programa-receitas-ocultas.png"},"title_text":"Melhora a sua rotina","description_text":"Por seguir um programa completo, voc\u00ea ter\u00e1 tempo para todas as outras coisas. Por saber o que vai comer, o que vai fazer, voc\u00ea economiza tempo onde por dedicar a outros projetos.","image_size":{"unit":"%","size":40,"sizes":[]},"title_color":"#000000","description_color":"#000000","description_typography_typography":"custom","description_typography_font_family":"Roboto","description_typography_font_size":{"unit":"px","size":16,"sizes":[]},"description_typography_font_weight":"400"},"elements":[],"isInner":false,"widgetType":"image-box","elType":"widget"}],"isInner":false,"elType":"column"},{"id":"77459b4d","settings":{"_column_size":33,"_inline_size":null,"background_background":"classic","background_color":"#FFFFFF"},"elements":[{"id":"14774616","settings":{"image":{"id":"2580","url":"https:\/\/cliente.shazamlnv.com\/wp-content\/uploads\/2022\/02\/controle-de-doencas-programa-receitas-ocultas.png"},"title_text":"Controle de doen\u00e7as","description_text":"Um bom planejamento alimentar evita qualquer doen\u00e7a relacionada \u00e0 alimenta\u00e7\u00e3o, como: diabetes, obesidade, etc. Com um programa controlado, favorece o controle da glicemia pelo consumo de energia.","image_size":{"unit":"%","size":40,"sizes":[]},"title_color":"#000000","description_color":"#000000","description_typography_typography":"custom","description_typography_font_family":"Roboto","description_typography_font_size":{"unit":"px","size":16,"sizes":[]},"description_typography_font_weight":"400"},"elements":[],"isInner":false,"widgetType":"image-box","elType":"widget"}],"isInner":false,"elType":"column"},{"id":"33eb0fc1","settings":{"_column_size":33,"_inline_size":null,"background_background":"classic","background_color":"#FFFFFF"},"elements":[{"id":"695646ec","settings":{"image":{"id":"2581","url":"https:\/\/cliente.shazamlnv.com\/wp-content\/uploads\/2022\/02\/sensacao-de-bem-estar-programa-receitas-ocultas.png"},"title_text":"Sensa\u00e7\u00e3o de Bem-estar e Felicidade","description_text":"Por liberar endorfina pelo sistema nervoso central, esta subst\u00e2ncia \u00e9 respons\u00e1vel por sensa\u00e7\u00f5es de relaxamento e alegria, efeito poderoso contra a depress\u00e3o.","image_size":{"unit":"%","size":40,"sizes":[]},"title_color":"#000000","description_color":"#000000","description_typography_typography":"custom","description_typography_font_family":"Roboto","description_typography_font_size":{"unit":"px","size":16,"sizes":[]},"description_typography_font_weight":"400"},"elements":[],"isInner":false,"widgetType":"image-box","elType":"widget"}],"isInner":false,"elType":"column"}],"isInner":false,"elType":"section"},{"id":"1dde4ad2","settings":{"layout":"full_width","background_background":"classic","background_color":"#EEEEEE","background_image":{"id":"2769","url":"https:\/\/cliente.shazamlnv.com\/wp-content\/uploads\/2022\/02\/receitas-ocultas-9-1.png"}},"elements":[{"id":"5ea7e72e","settings":{"_column_size":100,"_inline_size":null,"background_background":"classic"},"elements":[{"id":"70bccfa8","settings":{"title":"E Para as Pessoas que adquirirem o <font color=\"#ffb000\">Programa Receitas Ocultas HOJE,<\/font> n\u00f3s ainda daremos para voc\u00ea gratuitamente mais <font color=\"#ffb000\">2 SUPER B\u00d4NUS<\/font> exclusivos para acelerar ainda mais os resultados.","size":"large","align":"center","title_color":"#FFFFFF"},"elements":[],"isInner":false,"widgetType":"heading","elType":"widget"}],"isInner":false,"elType":"column"}],"isInner":false,"elType":"section"},{"id":"76ae8d5","settings":{"content_width":{"unit":"px","size":950,"sizes":[]},"structure":"20","background_background":"classic","background_color":"#FFFFFF"},"elements":[{"id":"3e512c80","settings":{"_column_size":50,"_inline_size":null,"background_background":"classic","background_color":"#FFFFFF","content_position":"center","align":"center"},"elements":[{"id":"71619a41","settings":{"image":{"id":"2770","url":"https:\/\/cliente.shazamlnv.com\/wp-content\/uploads\/2022\/02\/36-alimentos-para-emagrecer-programa-receitas-ocultas-e1624603727336.png"},"image_custom_dimension":{"width":"1024","height":"600"},"image_size":"medium_large"},"elements":[],"isInner":false,"widgetType":"image","elType":"widget"}],"isInner":false,"elType":"column"},{"id":"7f06dfb6","settings":{"_column_size":50,"_inline_size":null,"background_background":"classic","background_color":"#FFFFFF"},"elements":[{"id":"79c51390","settings":{"title":"<font color=\"#FFFFFF\">SUPER B\u00d4NUS #1<\/font> - 36 ALIMENTOS POTENTES PARA PERDER PESO\u2122","header_size":"h3","title_color":"#000000","_background_background":"classic","_background_color":"#FFB000","custom_css":".destaque{\n    color:#004AAD\n}"},"elements":[],"isInner":false,"widgetType":"heading","elType":"widget"},{"id":"3f1baaa1","settings":{"title":"ALIMENTOS QUE AUXILIAM NA PERDA DE PESO!","size":"medium","header_size":"h3","title_color":"#000000","_offset_x":{"unit":"px","size":10,"sizes":[]},"_offset_y":{"unit":"px","size":60,"sizes":[]}},"elements":[],"isInner":false,"widgetType":"heading","elType":"widget"},{"id":"445b59f6","settings":{"editor":"<h5><span style=\"font-weight: 400;\">Cont\u00e9m 36 alimentos super poderosos que v\u00e3o auxiliar voc\u00ea a queimar aquelas gordurinhas. Podendo ser seguido junto com o plano alimentar, ser\u00e1 mais como um b\u00f4nus para refor\u00e7ar a queima de gorduras.<\/span><\/h5><h5><span style=\"font-weight: 400;\">(Valor de R$ 37 - GR\u00c1TIS HOJE)<\/span><\/h5>","text_color":"#000000","typography_typography":"custom","typography_font_family":"Roboto","typography_font_size":{"unit":"px","size":16,"sizes":[]},"typography_font_weight":"400"},"elements":[],"isInner":false,"widgetType":"text-editor","elType":"widget"}],"isInner":false,"elType":"column"}],"isInner":false,"elType":"section"},{"id":"48393d79","settings":{"content_width":{"unit":"px","size":950,"sizes":[]},"structure":"20","background_background":"classic","background_color":"#FFFFFF"},"elements":[{"id":"47dac0d3","settings":{"_column_size":50,"_inline_size":null,"background_background":"classic","background_color":"#FFFFFF","content_position":"center","align":"center"},"elements":[{"id":"f631df0","settings":{"image":{"id":2772,"url":"https:\/\/cliente.shazamlnv.com\/wp-content\/uploads\/2022\/02\/44-alimentos-antienvelhecimento-programa-receitas-ocultas-e1624603799646-1.png"},"image_size":"medium_large"},"elements":[],"isInner":false,"widgetType":"image","elType":"widget"}],"isInner":false,"elType":"column"},{"id":"54dc105f","settings":{"_column_size":50,"_inline_size":null,"background_background":"classic","background_color":"#FFFFFF"},"elements":[{"id":"aaac188","settings":{"title":"<font color=\"#FFFFFF\">SUPER B\u00d4NUS #2<\/font> - 44 ALIMENTOS E BEBIDAS ANTIENVELHECIMENTO\u2122","header_size":"h3","title_color":"#000000","_background_background":"classic","_background_color":"#FFB000"},"elements":[],"isInner":false,"widgetType":"heading","elType":"widget"},{"id":"68647ba0","settings":{"title":"OS MELHORES ALIMENTOS QUE V\u00c3O FAZER VOC\u00ca SE SENTIR MAIS NOVA POR MAIS TEMPO!","size":"medium","header_size":"h3","title_color":"#000000","_offset_x":{"unit":"px","size":10,"sizes":[]},"_offset_y":{"unit":"px","size":60,"sizes":[]}},"elements":[],"isInner":false,"widgetType":"heading","elType":"widget"},{"id":"4352b517","settings":{"editor":"<h5><span style=\"font-weight: 400;\">Al\u00e9m de perder peso, voc\u00ea ter\u00e1 acesso aos melhores alimentos que v\u00e3o combater diretamente com o envelhecimento precoce. Dessa maneira, al\u00e9m de cuidar da sua sa\u00fade, voc\u00ea cuidar\u00e1 da sua beleza.<\/span><\/h5><h5><span style=\"font-weight: 400;\">(Valor de R$ 37 - GR\u00c1TIS HOJE)<\/span><\/h5>","text_color":"#000000","_offset_x":{"unit":"px","size":10,"sizes":[]},"_offset_y":{"unit":"px","size":100,"sizes":[]},"typography_typography":"custom","typography_font_family":"Roboto","typography_font_size":{"unit":"px","size":16,"sizes":[]},"typography_font_weight":"400"},"elements":[],"isInner":false,"widgetType":"text-editor","elType":"widget"}],"isInner":false,"elType":"column"}],"isInner":false,"elType":"section"},{"id":"7f581959","settings":{"background_background":"classic","background_color":"#FFFFFF"},"elements":[{"id":"43923c6e","settings":{"_column_size":100,"_inline_size":null},"elements":[{"id":"60fe1f89","settings":{"style":"wavy","align":"center","look":"line_icon","text":"Divis\u00f3ria","icon":{"value":"fas fa-mouse","library":"fa-solid"}},"elements":[],"isInner":false,"widgetType":"divider","elType":"widget"},{"id":"7d4661ff","settings":{"title":"VEJA O QUE AS PESSOAS QUE J\u00c1 EXPERIMENTARAM ESSE PROGRAMA EST\u00c3O COMENTANDO:","align":"center","title_color":"#000000"},"elements":[],"isInner":false,"widgetType":"heading","elType":"widget"},{"id":"222e8193","settings":{"structure":"30"},"elements":[{"id":"215e5dea","settings":{"_column_size":33,"_inline_size":null,"content_position":"center","align":"center"},"elements":[{"id":"278d0e7a","settings":{"image":{"id":2773,"url":"https:\/\/cliente.shazamlnv.com\/wp-content\/uploads\/2022\/02\/Screenshot_20210713-002429-e1638464216388.png"},"image_size":"medium_large"},"elements":[],"isInner":false,"widgetType":"image","elType":"widget"}],"isInner":true,"elType":"column"},{"id":"1bb1544a","settings":{"_column_size":33,"_inline_size":null,"content_position":"center","align":"center"},"elements":[{"id":"694068c6","settings":{"image":{"id":2774,"url":"https:\/\/cliente.shazamlnv.com\/wp-content\/uploads\/2022\/02\/Screenshot_20210713-002343-e1638464250735.png"},"image_size":"medium_large"},"elements":[],"isInner":false,"widgetType":"image","elType":"widget"}],"isInner":true,"elType":"column"},{"id":"163761c2","settings":{"_column_size":33,"_inline_size":null,"content_position":"center","align":"center"},"elements":[{"id":"2e0c406","settings":{"image":{"id":2775,"url":"https:\/\/cliente.shazamlnv.com\/wp-content\/uploads\/2022\/02\/Screenshot_20210713-002421-e1638464286956.png"},"image_size":"medium_large"},"elements":[],"isInner":false,"widgetType":"image","elType":"widget"}],"isInner":true,"elType":"column"}],"isInner":true,"elType":"section"}],"isInner":false,"elType":"column"}],"isInner":false,"elType":"section"},{"id":"c88643c","settings":{"structure":"30","background_background":"classic","background_color":"#FFFFFF","margin_mobile":{"unit":"px","top":"","right":0,"bottom":"","left":0,"isLinked":true}},"elements":[{"id":"5f3a70cc","settings":{"_column_size":33,"_inline_size":null},"elements":[{"id":"66c781fc","settings":{"image":{"id":2776,"url":"https:\/\/cliente.shazamlnv.com\/wp-content\/uploads\/2022\/02\/testemunha-03-programa-receitas-ocultas.png"},"title_text":"Amanda Leit\u00e3o, 28 anos","description_text":"\u201cTinha 94kg e sabia que precisava cuidar da minha sa\u00fade. Sempre come\u00e7ava dietas que n\u00e3o conseguia seguir, e por esse motivo acabava me desestimulando... Da\u00ed pensei que poderia emagrecer reeducando minha alimenta\u00e7\u00e3o. Foi quando comprei o programa receitas ocultas, me apaixonei pelas receitas e praticidade e comecei a fazer o programa certinho. Perdi 29kgs em 5 meses e nunca mais parei, hoje tenho 65kg e uso o programa faz 8 meses.\"","title_color":"#000000","image_size":{"unit":"%","size":40,"sizes":[]},"description_typography_typography":"custom","description_typography_font_family":"Roboto","description_typography_font_size":{"unit":"px","size":16,"sizes":[]},"description_typography_font_weight":"400"},"elements":[],"isInner":false,"widgetType":"image-box","elType":"widget"}],"isInner":false,"elType":"column"},{"id":"29ea370","settings":{"_column_size":33,"_inline_size":null},"elements":[{"id":"12bf12ee","settings":{"image":{"id":2777,"url":"https:\/\/cliente.shazamlnv.com\/wp-content\/uploads\/2022\/02\/testemunha-04-programa-receitas-ocultas.png"},"title_text":"Lorena Amorim, 24 anos","description_text":"\"Comecei a fazer reeduca\u00e7\u00e3o alimentar por recomenda\u00e7\u00e3o m\u00e9dica, todos os dias eu lutava contra os desejos. Comecei ent\u00e3o com o programa receitas ocultas. Em apenas dois meses, al\u00e9m de melhoras absurdas na sa\u00fade, quando subi na balan\u00e7a e vi o ponteiro simplesmente cair de 124 para 82 quilos, sem dieta! S\u00f3 cortei refrigerante e fritura. E gra\u00e7as ao programa receitas ocultas, consigo manter uma boa alimenta\u00e7\u00e3o na minha rotina at\u00e9 hoje, ap\u00f3s 6 meses.\"","title_color":"#000000","image_size":{"unit":"%","size":40,"sizes":[]},"description_typography_typography":"custom","description_typography_font_family":"Roboto","description_typography_font_size":{"unit":"px","size":16,"sizes":[]},"description_typography_font_weight":"400"},"elements":[],"isInner":false,"widgetType":"image-box","elType":"widget"}],"isInner":false,"elType":"column"},{"id":"35d5326e","settings":{"_column_size":33,"_inline_size":null},"elements":[{"id":"24abfcb","settings":{"image":{"id":2778,"url":"https:\/\/cliente.shazamlnv.com\/wp-content\/uploads\/2022\/02\/testemunha-05-programa-receitas-ocultas.png"},"title_text":"D\u00e9bora Lima, 19 anos","description_text":"\"Seguir uma alimenta\u00e7\u00e3o balanceada parecia ser algo imposs\u00edvel. Sempre tive em constante luta com a balan\u00e7a, coisa que se estendeu desde minha adolesc\u00eancia. Perder peso era algo que eu pensava ser imposs\u00edvel, por conta da minha gen\u00e9tica, n\u00e3o importava o que eu fizesse. Mas, ap\u00f3s conhecer o programa receitas ocultas, consegui simplesmente reeducar minha alimenta\u00e7\u00e3o de forma simples em apenas 7 dias. Realmente n\u00e3o tenho do que reclamar.\"","title_color":"#000000","image_size":{"unit":"%","size":40,"sizes":[]},"description_typography_typography":"custom","description_typography_font_family":"Roboto","description_typography_font_size":{"unit":"px","size":16,"sizes":[]},"description_typography_font_weight":"400"},"elements":[],"isInner":false,"widgetType":"image-box","elType":"widget"}],"isInner":false,"elType":"column"}],"isInner":false,"elType":"section"},{"id":"37a51fd6","settings":{"background_background":"classic","content_width":{"unit":"px","size":800,"sizes":[]},"background_image":{"id":"2769","url":"https:\/\/cliente.shazamlnv.com\/wp-content\/uploads\/2022\/02\/receitas-ocultas-9-1.png"},"background_position":"center center","background_size":"cover","shape_divider_top":"waves","shape_divider_top_color":"#FFFFFF","shape_divider_top_width":{"unit":"%","size":100,"sizes":[]},"shape_divider_top_height":{"unit":"px","size":60,"sizes":[]},"shape_divider_bottom":"waves","shape_divider_bottom_color":"#EEEEEE","shape_divider_bottom_width":{"unit":"%","size":100,"sizes":[]},"shape_divider_bottom_height":{"unit":"px","size":60,"sizes":[]}},"elements":[{"id":"3c58c9d7","settings":{"_column_size":100,"_inline_size":null},"elements":[{"id":"790a210","settings":[],"elements":[],"isInner":false,"widgetType":"spacer","elType":"widget"},{"id":"2f50c2a2","settings":{"title":"Adivinha Quanto Ser\u00e1 Esse<br>Investimento nesse <font color=\"#ffb000\">SUPER PACOTE?<\/font>","align":"center","title_color":"#FFFFFF"},"elements":[],"isInner":false,"widgetType":"heading","elType":"widget"},{"id":"40bce3a3","settings":{"image":{"id":2779,"url":"https:\/\/cliente.shazamlnv.com\/wp-content\/uploads\/2022\/02\/ebook_receitas_ocultas_programa_receitas_ocultas-removebg-preview-1.png"},"image_size":"custom","image_custom_dimension":{"width":"500","height":"280"}},"elements":[],"isInner":false,"widgetType":"image","elType":"widget"},{"id":"19b451be","settings":{"editor":"<p><span style=\"font-weight: 400;\">Primeiro vamos imaginar que pra voc\u00ea ter algo t\u00e3o completo assim, voc\u00ea no m\u00ednimo teria que marcar algumas consultas com uma nutricionista, por um per\u00edodo de <\/span><span style=\"font-weight: 400;\">3 - 6 meses at\u00e9 atingir o objetivo, s\u00f3 aqui voc\u00ea pagar\u00e1 entre R$ 750 a R$ 1.500 no m\u00ednimo!<\/span><\/p><p><span style=\"font-weight: 400;\">Mas, com o programa Receitas Ocultas<\/span><b>\u00ae <\/b><span style=\"font-weight: 400;\">voc\u00ea n\u00e3o precisa ter todo esse dinheiro, ali\u00e1s, voc\u00ea n\u00e3o pagar\u00e1 nem um d\u00e9cimo disso, e ainda por cima conseguir\u00e1 sozinho seguir tudo que ensinamos e aplicar de forma f\u00e1cil e simples. E claro, sem precisar nem sair de casa.<\/span><\/p><p><span style=\"font-weight: 400;\">Com um<\/span><b> super pre\u00e7o especial somente HOJE,<\/b><span style=\"font-weight: 400;\"> voc\u00ea vai garantir o Programa <\/span><b>Receitas Ocultas\u00ae + os 2 Super B\u00f4nus exclusivos<\/b><\/p>","align_mobile":"justify","text_color":"#FFFFFF","typography_typography":"custom","typography_font_family":"Roboto","typography_font_size":{"unit":"px","size":16,"sizes":[]},"typography_font_weight":"400"},"elements":[],"isInner":false,"widgetType":"text-editor","elType":"widget"},{"id":"3f19f0a5","settings":{"image":{"id":2780,"url":"https:\/\/cliente.shazamlnv.com\/wp-content\/uploads\/2022\/02\/de-R-197-9-e1638465543394.png"},"image_size":"medium_large"},"elements":[],"isInner":false,"widgetType":"image","elType":"widget"},{"id":"1ad75fb8","settings":{"text":"Sim, eu realmente quero emagrecer!","link":{"url":"https:\/\/sun.eduzz.com\/952136","is_external":"","nofollow":"","custom_attributes":""},"align":"center","align_mobile":"center","size":"md","text_shadow_text_shadow_type":"yes","background_color":"#FFB000","button_box_shadow_box_shadow_type":"yes","button_text_color":"#000000"},"elements":[],"isInner":false,"widgetType":"button","elType":"widget"},{"id":"1afe70c4","settings":{"editor":"<p>Imagine alcan\u00e7ar o resultado que sempre quis, minimizar os riscos, aumentar a sa\u00fade e ainda sem quase nenhum esfor\u00e7o? Tudo isso sem precisar marcar nutricionistas ou seguir dietas malucas que s\u00f3 causam mais estresse do que resultados!<\/p>","align_mobile":"center","text_color":"#FFFFFF","typography_typography":"custom","typography_font_family":"Roboto","typography_font_size":{"unit":"px","size":16,"sizes":[]},"typography_font_weight":"400"},"elements":[],"isInner":false,"widgetType":"text-editor","elType":"widget"},{"id":"2f631942","settings":{"space":{"unit":"px","size":30,"sizes":[]}},"elements":[],"isInner":false,"widgetType":"spacer","elType":"widget"}],"isInner":false,"elType":"column"}],"isInner":false,"elType":"section"},{"id":"48de298c","settings":{"background_background":"classic","background_color":"#EEEEEE","content_width":{"unit":"px","size":800,"sizes":[]}},"elements":[{"id":"36b470f4","settings":{"_column_size":100,"_inline_size":null},"elements":[{"id":"df99860","settings":{"rating_scale":"10","rating":10,"align":"center","align_mobile":"center","icon_size":{"unit":"px","size":25,"sizes":[]},"icon_size_mobile":{"unit":"px","size":26,"sizes":[]},"stars_color":"#FFB402"},"elements":[],"isInner":false,"widgetType":"star-rating","elType":"widget"},{"id":"48696f80","settings":{"title":"E TEM MAIS! VOC\u00ca TEM A NOSSA GARANTIA INCONDICIONAL DE<br>7 DIAS!","align":"center","title_color":"#000000"},"elements":[],"isInner":false,"widgetType":"heading","elType":"widget"},{"id":"9bcf2e6","settings":{"title":"Se Por Qualquer Motivo Voc\u00ea Decidir Que Esse Programa N\u00e3o \u00c9 Para Voc\u00ea, N\u00f3s te<br>Devolvemos Todo o Seu Dinheiro!","size":"small","align":"center","align_mobile":"center","title_color":"#000000","typography_typography":"custom","typography_font_family":"Roboto","typography_font_size":{"unit":"px","size":16,"sizes":[]},"typography_font_weight":"600"},"elements":[],"isInner":false,"widgetType":"heading","elType":"widget"},{"id":"5967d82b","settings":{"editor":"<p>Isso mesmo! Voc\u00ea ter\u00e1 7 dias para colocar o programa em pr\u00e1tica. Se por qualquer motivo, dentro desse per\u00edodo, voc\u00ea n\u00e3o estiver satisfeito(a) com o Programa\u00a0<b>Emagrecer Caminhando\u00ae<\/b>, basta voc\u00ea enviar um \u00fanico e-mail em nosso suporte e n\u00f3s devolvemos cada centavo investido!<\/p>","align":"center","align_mobile":"center","text_color":"#000000","typography_typography":"custom","typography_font_family":"Roboto","typography_font_size":{"unit":"px","size":16,"sizes":[]},"typography_font_weight":"400"},"elements":[],"isInner":false,"widgetType":"text-editor","elType":"widget"},{"id":"2c44579a","settings":{"image":{"id":2781,"url":"https:\/\/cliente.shazamlnv.com\/wp-content\/uploads\/2022\/02\/garantia-7-dias-programra-receitas-ocultas.png"}},"elements":[],"isInner":false,"widgetType":"image","elType":"widget"}],"isInner":false,"elType":"column"}],"isInner":false,"elType":"section"},{"id":"4a9aa766","settings":{"background_background":"classic","background_color":"#FFFFFF","shape_divider_top":"waves","shape_divider_top_color":"#EEEEEE","shape_divider_top_width":{"unit":"%","size":100,"sizes":[]},"shape_divider_top_height":{"unit":"px","size":60,"sizes":[]}},"elements":[{"id":"76d5b50b","settings":{"_column_size":100,"_inline_size":null},"elements":[{"id":"1a6d0913","settings":{"space":{"unit":"px","size":30,"sizes":[]}},"elements":[],"isInner":false,"widgetType":"spacer","elType":"widget"},{"id":"6cd760c2","settings":{"title":"Perguntas Frequentes Respondidas:<br>","size":"large","align":"center","title_color":"#000000"},"elements":[],"isInner":false,"widgetType":"heading","elType":"widget"},{"id":"10804e55","settings":{"structure":"20"},"elements":[{"id":"537ed3","settings":{"_column_size":50,"_inline_size":null},"elements":[{"id":"1c599b0f","settings":{"title":"Primeira Pergunta","size":"small","title_color":"#0000008C"},"elements":[],"isInner":false,"widgetType":"heading","elType":"widget"},{"id":"53aa6786","settings":{"title":"Qual a diferen\u00e7a desse programa para as outras dietas?","size":"medium","title_color":"#000000"},"elements":[],"isInner":false,"widgetType":"heading","elType":"widget"},{"id":"4e5fe936","settings":{"editor":"<p>Uma dieta normal tem baixa chance de voc\u00ea concluir. J\u00e1 esse m\u00e9todo consiste em uma reeduca\u00e7\u00e3o alimentar. No qual cada refei\u00e7\u00e3o \u00e9 preparada exclusivamente para acostumar o seu organismo com alimentos saud\u00e1veis.<\/p>","align_mobile":"justify"},"elements":[],"isInner":false,"widgetType":"text-editor","elType":"widget"}],"isInner":true,"elType":"column"},{"id":"7a46306","settings":{"_column_size":50,"_inline_size":null},"elements":[{"id":"787ed081","settings":{"title":"Segunda Pergunta","size":"small","title_color":"#0000008C"},"elements":[],"isInner":false,"widgetType":"heading","elType":"widget"},{"id":"47dc70a","settings":{"title":"Estou muito acima do peso, posso seguir esse programa?","size":"medium","title_color":"#000000"},"elements":[],"isInner":false,"widgetType":"heading","elType":"widget"},{"id":"2d64129b","settings":{"editor":"<p>Um programa de reeduca\u00e7\u00e3o alimentar \u00e9 o mais adequado para quem est\u00e1 muito acima do peso. Diferente das dietas comuns do mercado, nosso programa voc\u00ea consegue seguir facilmente sem nenhuma restri\u00e7\u00e3o.<\/p>","align_mobile":"justify"},"elements":[],"isInner":false,"widgetType":"text-editor","elType":"widget"}],"isInner":true,"elType":"column"}],"isInner":true,"elType":"section"},{"id":"7c4eb94","settings":{"structure":"20"},"elements":[{"id":"15173644","settings":{"_column_size":50,"_inline_size":null},"elements":[{"id":"48fbd73f","settings":{"title":"Terceira Pergunta","size":"small","title_color":"#0000008C"},"elements":[],"isInner":false,"widgetType":"heading","elType":"widget"},{"id":"5857accf","settings":{"title":"Eu sou sedent\u00e1rio(a), esse programa serve para mim?","size":"medium","title_color":"#000000"},"elements":[],"isInner":false,"widgetType":"heading","elType":"widget"},{"id":"312624a","settings":{"editor":"<p>Definitivamente esse \u00e9 o programa mais indicado para voc\u00ea, pois o nosso programa foi desenvolvido para quem n\u00e3o tem uma boa alimenta\u00e7\u00e3o e n\u00e3o pratica exerc\u00edcios, contando com um plano alimentar e exerc\u00edcios semanais.<\/p>","align_mobile":"justify"},"elements":[],"isInner":false,"widgetType":"text-editor","elType":"widget"}],"isInner":true,"elType":"column"},{"id":"7bd53dfa","settings":{"_column_size":50,"_inline_size":null},"elements":[{"id":"46bc213b","settings":{"title":"Quarta Pergunta","size":"small","title_color":"#0000008C"},"elements":[],"isInner":false,"widgetType":"heading","elType":"widget"},{"id":"756ebd69","settings":{"title":"Em quanto tempo eu posso come\u00e7ar a ver resultados?","size":"medium","title_color":"#000000"},"elements":[],"isInner":false,"widgetType":"heading","elType":"widget"},{"id":"8d1a72","settings":{"editor":"<p>Voc\u00ea j\u00e1 vai se sentir mais leve, com mais energia e sa\u00fade ao final da primeira semana.<\/p>","align_mobile":"justify"},"elements":[],"isInner":false,"widgetType":"text-editor","elType":"widget"}],"isInner":true,"elType":"column"}],"isInner":true,"elType":"section"},{"id":"dd83fef","settings":{"structure":"20"},"elements":[{"id":"6c5d353b","settings":{"_column_size":50,"_inline_size":null},"elements":[{"id":"493686d9","settings":{"title":"Quinta Pergunta","size":"small","title_color":"#0000008C"},"elements":[],"isInner":false,"widgetType":"heading","elType":"widget"},{"id":"176c32fe","settings":{"title":"Quantas horas por dia s\u00e3o necess\u00e1rias com esse programa?","size":"medium","title_color":"#000000"},"elements":[],"isInner":false,"widgetType":"heading","elType":"widget"},{"id":"40f6bc73","settings":{"editor":"<p>O programa Receitas Ocultas\u00ae foi desenvolvido com o intuito de se tornar uma pr\u00e1tica alimentar di\u00e1ria, dessa forma, \u00e9 algo que voc\u00ea vai levar para toda vida.<\/p>","align_mobile":"justify"},"elements":[],"isInner":false,"widgetType":"text-editor","elType":"widget"}],"isInner":true,"elType":"column"},{"id":"79dc58d7","settings":{"_column_size":50,"_inline_size":null},"elements":[{"id":"47bf0f07","settings":{"title":"Sexta Pergunta","size":"small","title_color":"#0000008C"},"elements":[],"isInner":false,"widgetType":"heading","elType":"widget"},{"id":"53bd2962","settings":{"title":"A partir do momento que eu compro, em quanto tempo eu recebo o conte\u00fado?","size":"medium","title_color":"#000000"},"elements":[],"isInner":false,"widgetType":"heading","elType":"widget"},{"id":"1c9383b6","settings":{"editor":"<p>Voc\u00ea vai receber o seu link para baixar o Programa Receitas Ocultas\u00ae e todos os b\u00f4nus por e-mail, imediatamente ap\u00f3s a confirma\u00e7\u00e3o de sua compra.<\/p>","align_mobile":"justify"},"elements":[],"isInner":false,"widgetType":"text-editor","elType":"widget"}],"isInner":true,"elType":"column"}],"isInner":true,"elType":"section"}],"isInner":false,"elType":"column"}],"isInner":false,"elType":"section"},{"id":"60c19533","settings":{"background_background":"classic","background_color":"#E4EEEF"},"elements":[{"id":"568e61f6","settings":{"_column_size":100,"_inline_size":null},"elements":[{"id":"7b64acb2","settings":{"title":"Veja abaixo essas not\u00edcias impactantes que sa\u00edram em grandes canais da m\u00eddia:","size":"small","header_size":"h4","align":"center","title_color":"#000000"},"elements":[],"isInner":false,"widgetType":"heading","elType":"widget"},{"id":"2176123","settings":{"title":"NOT\u00cdCIAS IMPACTANTES SOBRE A REEDUCA\u00c7\u00c3O ALIMENTAR PARA A SA\u00daDE","align_mobile":"center","title_color":"#000000"},"elements":[],"isInner":false,"widgetType":"heading","elType":"widget"}],"isInner":false,"elType":"column"}],"isInner":false,"elType":"section"},{"id":"21470e5b","settings":{"content_width":{"unit":"px","size":950,"sizes":[]},"structure":"20","background_background":"classic","background_color":"#E4EEEF"},"elements":[{"id":"325e938e","settings":{"_column_size":50,"_inline_size":null},"elements":[{"id":"2868193d","settings":{"title":"Jornal da Record (TV Record)","title_color":"#000000"},"elements":[],"isInner":false,"widgetType":"heading","elType":"widget"},{"id":"3d7d1a4a","settings":{"editor":"<p>Assista essa reportagem IMPERD\u00cdVEL sobre REEDUCA\u00c7\u00c3O ALIMENTAR feita pelo jornal da TV da Record! A mat\u00e9ria explica sobre a reeduca\u00e7\u00e3o alimentar aplicada pela cantora Mar\u00edlia Mendon\u00e7a, com relatos sobre os benef\u00edcios para o corpo e mente, ajuda no tratamento da depress\u00e3o, problemas card\u00edacos e at\u00e9 o c\u00e2ncer.<\/p>","align_mobile":"justify"},"elements":[],"isInner":false,"widgetType":"text-editor","elType":"widget"}],"isInner":false,"elType":"column"},{"id":"4ff1d0d9","settings":{"_column_size":50,"_inline_size":null},"elements":[{"id":"4186b69","settings":{"video_type":"vimeo","youtube_url":"https:\/\/vimeo.com\/567630694","vimeo_url":"https:\/\/vimeo.com\/567630694","dailymotion_url":"https:\/\/www.dailymotion.com\/video\/x6tqhqb","vimeo_title":"","vimeo_portrait":"","vimeo_byline":"","image_overlay":{"id":2782,"url":"https:\/\/cliente.shazamlnv.com\/wp-content\/uploads\/2022\/02\/placeholder-1.png"}},"elements":[],"isInner":false,"widgetType":"video","elType":"widget"}],"isInner":false,"elType":"column"}],"isInner":false,"elType":"section"},{"id":"183734b2","settings":{"content_width":{"unit":"px","size":950,"sizes":[]},"structure":"20","background_background":"classic","background_color":"#E4EEEF"},"elements":[{"id":"65a1a9e8","settings":{"_column_size":50,"_inline_size":null},"elements":[{"id":"3d8871f1","settings":{"title":"Globo.com","title_color":"#000000"},"elements":[],"isInner":false,"widgetType":"heading","elType":"widget"},{"id":"7eb6dc36","settings":{"title":"H\u00e1bitos saud\u00e1veis, reeduca\u00e7\u00e3o alimentar e disciplina ajudam a manter o peso","size":"small","title_color":"#000000"},"elements":[],"isInner":false,"widgetType":"heading","elType":"widget"},{"id":"66cc830e","settings":{"editor":"<div class=\"mc-column content-text active-extra-styles \" data-block-type=\"unstyled\" data-block-weight=\"44\" data-block-id=\"3\"><p data-track-category=\"Link no Texto\" data-track-links=\"\">O endocrinologista Jo\u00e3o Salles explicou por que \u00e9 t\u00e3o dif\u00edcil manter o peso depois de emagrecer e a nutricionista Carina Trevisan deu dicas para diminuir a vontade de comer porcarias.<\/p><p class=\"content-text__container \" data-track-category=\"Link no Texto\" data-track-links=\"\">Emagrecer \u00e9 um grande desafio, mas manter o peso \u00e9 mais complicado. Para o sucesso, \u00e9 preciso realizar a manuten\u00e7\u00e3o de h\u00e1bitos saud\u00e1veis, reeduca\u00e7\u00e3o alimentar, dedica\u00e7\u00e3o e disciplina. O importante \u00e9 manter uma rotina, mas sem se privar completamente das coisas \u2018boas\u2019 da vida.<\/p><\/div><div class=\"mc-column content-text active-extra-styles \" data-block-type=\"unstyled\" data-block-weight=\"30\" data-block-id=\"4\"><p class=\"content-text__container \" data-track-category=\"Link no Texto\" data-track-links=\"\">N\u00e3o s\u00f3 a quest\u00e3o est\u00e9tica, mas emagrecer promove muitos benef\u00edcios \u00e0 sa\u00fade. Muitas doen\u00e7as melhoram com a perda de peso, como diabetes, gordura no f\u00edgado, hipertens\u00e3o, dores articulares e apneia.<\/p><\/div><p>FONTE: https:\/\/g1.globo.com\/bemestar\/noticia\/habitos-saudaveis-reeducacao-alimentar-e-disciplina-ajudam-a-manter-o-peso.ghtml<\/p>","align_mobile":"justify"},"elements":[],"isInner":false,"widgetType":"text-editor","elType":"widget"}],"isInner":false,"elType":"column"},{"id":"282f5af3","settings":{"_column_size":50,"_inline_size":null},"elements":[{"id":"26cd9913","settings":{"title":"Revista VEJA","title_color":"#000000"},"elements":[],"isInner":false,"widgetType":"heading","elType":"widget"},{"id":"37140c89","settings":{"title":"A reeduca\u00e7\u00e3o alimentar ajuda o indiv\u00edduo a comer de forma mais saud\u00e1vel e nas quantidades correta, independente do objetivo da dieta ","size":"small","title_color":"#000000"},"elements":[],"isInner":false,"widgetType":"heading","elType":"widget"},{"id":"5f1a6e49","settings":{"editor":"<p>Na atualidade, a grande preocupa\u00e7\u00e3o das pessoas reside no controle do peso e na redu\u00e7\u00e3o da obesidade. Nesse sentido, muitas vezes tentamos, sem sucesso, uma reeduca\u00e7\u00e3o alimentar. De maneira geral, a reeduca\u00e7\u00e3o alimentar gera um impacto positivo, independente do objetivo da dieta, seja o emagrecimento ou a busca por um estilo de vida mais saud\u00e1vel.<\/p><p>A reeduca\u00e7\u00e3o alimentar ajuda o indiv\u00edduo a comer de forma mais saud\u00e1vel e nas quantidades corretas.<\/p><p>Sempre comendo o que sente vontade, por\u00e9m da maneira certa. Por exemplo, no caso do a\u00e7\u00facar, que muitas vezes \u00e9 classificado como vil\u00e3o da sa\u00fade, sua restri\u00e7\u00e3o exagerada pode comprometer o funcionamento correto de muitos \u00f3rg\u00e3os e sistemas, como o sistema nervoso.<\/p><p>FONTE: https:\/\/veja.abril.com.br\/blog\/letra-de-medico\/reeducacao-alimentar-onde-mora-a-solucao\/<\/p>","align_mobile":"justify"},"elements":[],"isInner":false,"widgetType":"text-editor","elType":"widget"}],"isInner":false,"elType":"column"}],"isInner":false,"elType":"section"},{"id":"48a9f8e7","settings":{"content_width":{"unit":"px","size":800,"sizes":[]},"background_background":"classic","background_color":"#FFFFFF"},"elements":[{"id":"58b994","settings":{"_column_size":100,"_inline_size":null},"elements":[{"id":"2839cb0d","settings":{"title":"N\u00e3o Decida Agora \u2014 Teste Por 7 Dias Sem Risco","align":"center","title_color":"#000000"},"elements":[],"isInner":false,"widgetType":"heading","elType":"widget"},{"id":"7a19cc38","settings":{"editor":"<p>Como vemos, voc\u00ea agora tem\u00a0<b>duas op\u00e7\u00f5es<\/b>\u00a0\u00e0 sua frente ...<\/p><p><b>Voc\u00ea pode se inscrever agora<\/b>, colocar em pr\u00e1tica o programa pelos pr\u00f3ximos 7 dias sem riscos. E ent\u00e3o voc\u00ea pode decidir se quer manter o programa ou n\u00e3o.<\/p><p>Se voc\u00ea n\u00e3o estiver impressionado(a) com os resultados, basta enviar um e-mail para nossa equipe por meio do endere\u00e7o suporte@programareceitas<\/p><p>ocultas.com e todo o investimento ser\u00e1 reembolsado instantaneamente. Simples assim.<\/p><p><b>Ou voc\u00ea pode n\u00e3o fazer nada<\/b>\u00a0no momento e adiar os resultados que voc\u00ea deseja. N\u00e3o vale a pena n\u00e3o \u00e9 mesmo? D\u00ea o primeiro passo e n\u00f3s te ajudaremos no resto da caminhada.<\/p>","align":"left","text_color":"#000000","align_tablet":"center","align_mobile":"center","typography_typography":"custom","typography_font_family":"Roboto","typography_font_size":{"unit":"px","size":16,"sizes":[]},"typography_font_weight":"400"},"elements":[],"isInner":false,"widgetType":"text-editor","elType":"widget"}],"isInner":false,"elType":"column"}],"isInner":false,"elType":"section"},{"id":"4a694b34","settings":{"content_width":{"unit":"px","size":800,"sizes":[]},"structure":"00","background_background":"classic","background_color":"#5271FF"},"elements":[],"isInner":false,"elType":"section"},{"id":"5a01e5e5","settings":{"background_background":"classic","background_color":"#5271FF","structure":"00"},"elements":[],"isInner":false,"elType":"section"},{"id":"59b8f6d","settings":{"background_background":"classic","content_width":{"unit":"px","size":800,"sizes":[]},"background_image":{"id":"2769","url":"https:\/\/cliente.shazamlnv.com\/wp-content\/uploads\/2022\/02\/receitas-ocultas-9-1.png"},"background_position":"center center","background_size":"cover"},"elements":[{"id":"7cd8bdec","settings":{"_column_size":100,"_inline_size":null},"elements":[{"id":"66dd9dff","settings":{"title":"Clique o Bot\u00e3o Abaixo e Tenha Acesso Agora Mesmo ao Programa <font color=\"#ffb000\">Receitas Ocultas\u00ae<\/font> + <font color=\"#ffb000\">2 Super B\u00f4nus Exclusivos<\/font>.","size":"large","align":"center","title_color":"#FFFFFF"},"elements":[],"isInner":false,"widgetType":"heading","elType":"widget"},{"id":"6800596c","settings":{"image":{"id":2779,"url":"https:\/\/cliente.shazamlnv.com\/wp-content\/uploads\/2022\/02\/ebook_receitas_ocultas_programa_receitas_ocultas-removebg-preview-1.png"},"align":"center","image_size":"custom","image_custom_dimension":{"width":"500","height":"280"}},"elements":[],"isInner":false,"widgetType":"image","elType":"widget"}],"isInner":false,"elType":"column"}],"isInner":false,"elType":"section"},{"id":"1441f6d1","settings":{"background_background":"classic","content_width":{"unit":"px","size":800,"sizes":[]},"background_image":{"id":"2769","url":"https:\/\/cliente.shazamlnv.com\/wp-content\/uploads\/2022\/02\/receitas-ocultas-9-1.png"},"background_position":"center center","background_size":"cover"},"elements":[{"id":"3efeccd3","settings":{"_column_size":100,"_inline_size":null},"elements":[{"id":"13859796","settings":{"editor":"<p><i><b>ATEN\u00c7\u00c3O<\/b>:<\/i><\/p><p><i>O programa est\u00e1 com uma oferta especial HOJE! Depois volta ao valor normal de R$ 197.<\/i><\/p><p><i>Os 3 B\u00f4nus GRATUITOS s\u00f3 s\u00e3o v\u00e1lidos para quem adquirir o programa hoje<\/i>.<\/p>","align":"center","text_color":"#FFFFFF","typography_typography":"custom","typography_font_family":"Roboto","typography_font_size_mobile":{"unit":"px","size":14,"sizes":[]},"typography_font_weight":"400","typography_font_size":{"unit":"px","size":16,"sizes":[]}},"elements":[],"isInner":false,"widgetType":"text-editor","elType":"widget"},{"id":"7495fa7f","settings":{"text":"Clique aqui para garantir sua vaga!","link":{"url":"https:\/\/sun.eduzz.com\/952136","is_external":"","nofollow":"","custom_attributes":""},"align":"center","align_mobile":"center","size":"md","text_shadow_text_shadow_type":"yes","background_color":"#FFB000","button_box_shadow_box_shadow_type":"yes","button_text_color":"#000000"},"elements":[],"isInner":false,"widgetType":"button","elType":"widget"},{"id":"5f5d1cfe","settings":{"editor":"<p>Acesso vital\u00edcio por <strong>apenas R$19,90!<\/strong><br \/>Pague \u00e0 vista ou parcele no cart\u00e3o em at\u00e9 4x.<br \/><strong>Compra 100% segura!<\/strong><\/p>","align":"center","align_mobile":"center","text_color":"#FFFFFF"},"elements":[],"isInner":false,"widgetType":"text-editor","elType":"widget"},{"id":"4e1d90c5","settings":{"editor":"<p>Pense bem, \u00e9 um investimento t\u00e3o pequeno e t\u00e3o importante para sua vida e que custa bem menos do que qualquer jantar com os amigos. Acredite em voc\u00ea! D\u00ea o primeiro passo! N\u00f3s vamos te ajudar!<\/p>","align_mobile":"center","text_color":"#FFFFFF","typography_typography":"custom","typography_font_family":"Roboto","typography_font_size_mobile":{"unit":"px","size":14,"sizes":[]},"typography_font_weight":"400","align":"center","typography_font_size":{"unit":"px","size":16,"sizes":[]}},"elements":[],"isInner":false,"widgetType":"text-editor","elType":"widget"}],"isInner":false,"elType":"column"}],"isInner":false,"elType":"section"},{"id":"27ad1378","settings":{"content_width":{"unit":"px","size":800,"sizes":[]},"background_background":"classic","background_color":"#EEEEEE"},"elements":[{"id":"241e10d7","settings":{"_column_size":100,"_inline_size":null,"background_background":"classic"},"elements":[{"id":"40161912","settings":{"space":{"unit":"px","size":10,"sizes":[]}},"elements":[],"isInner":false,"widgetType":"spacer","elType":"widget"},{"id":"222032c1","settings":{"editor":"<p>As informa\u00e7\u00f5es dispon\u00edveis neste site n\u00e3o substituem em nenhuma hip\u00f3tese o parecer m\u00e9dico profissional. Sempre consulte o seu m\u00e9dico sobre qualquer assunto relativo \u00e0 sua sa\u00fade e aos tratamentos e medicamentos pelos quais voc\u00ea ou as pessoas que recebem seus cuidados e aten\u00e7\u00e3o est\u00e3o sujeitos Qualquer sugest\u00e3o sobre treino ou dieta fornecida pelo\u00a0<i>Emagrecer Caminhando<\/i>\u00a0n\u00e3o tem a inten\u00e7\u00e3o de substituir uma consulta a um m\u00e9dico ou profissional da \u00e1rea de sa\u00fade.<\/p>","align":"center","text_color":"#000000","typography_typography":"custom","typography_font_family":"Roboto","typography_font_size":{"unit":"px","size":10,"sizes":[]},"typography_font_weight":"400","align_mobile":"justify"},"elements":[],"isInner":false,"widgetType":"text-editor","elType":"widget"},{"id":"27943d6d","settings":{"editor":"<p><span style=\"vertical-align: inherit;\"><span style=\"vertical-align: inherit;\"><a href=\"https:\/\/programareceitasocultas.com\/contato\">CONTATO<\/a> | <\/span><\/span><a href=\"https:\/\/programareceitasocultas.com\/politica-de-privacidade\/\">POL\u00cdTICA DE PRIVACIDADE<\/a> | <a href=\"https:\/\/programareceitasocultas.com\/termos-de-uso\/\">TERMOS DE USO<\/a><\/p>","align":"center","text_color":"#000000","typography_typography":"custom","typography_font_family":"Roboto","typography_font_size":{"unit":"px","size":12,"sizes":[]},"typography_font_weight":"400"},"elements":[],"isInner":false,"widgetType":"text-editor","elType":"widget"}],"isInner":false,"elType":"column"}],"isInner":false,"elType":"section"},{"id":"2208ad2f","settings":{"background_background":"classic","background_color":"#000000"},"elements":[{"id":"2b184960","settings":{"_column_size":100,"_inline_size":null},"elements":[{"id":"6f0a9748","settings":{"title":"Copyright \u00a9 2020 Desenvolvido por <font color=\"#ffb000\">Shazam\/LNV\u00ae.<\/font> Todos os Direitos Reservados.\u00a0","size":"small","align":"center","title_color":"#FFFFFF"},"elements":[],"isInner":false,"widgetType":"heading","elType":"widget"}],"isInner":false,"elType":"column"}],"isInner":false,"elType":"section"}],"page_settings":{"hide_title":"yes","padding_mobile":{"unit":"px","top":"0","right":"0","bottom":"0","left":"0","isLinked":true},"eael_ext_toc_title":"Table of Contents"},"version":"0.4","title":"PLR RECEITAS 10","type":"page"}