{
    "version": "0.4",
    "title": "404",
    "type": "error-404",
    "metadata": {
        "template_type": "single-page",
        "include_in_zip": "1",
        "elementor_pro_required": "1",
        "elementor_library_type": "error-404",
        "elementor_pro_conditions": [
            "include\/singular\/not_found404"
        ],
        "additional_template_information": [
            "This is a \"Error 404\" template for Elementor Pro.",
            "This template will display on: 404 Page."
        ],
        "wp_page_template": "default"
    },
    "content": [
        {
            "id": "394eea61",
            "settings": {
                "gap": "wider",
                "height": "full",
                "custom_height": {
                    "unit": "vh",
                    "size": 100,
                    "sizes": []
                },
                "structure": "20"
            },
            "elements": [
                {
                    "id": "28cbc3de",
                    "settings": {
                        "_column_size": 50,
                        "_inline_size": 34.035,
                        "padding": {
                            "unit": "px",
                            "top": "64",
                            "right": "0",
                            "bottom": "0",
                            "left": "0",
                            "isLinked": false
                        },
                        "padding_mobile": {
                            "unit": "px",
                            "top": "30",
                            "right": "0",
                            "bottom": "0",
                            "left": "0",
                            "isLinked": false
                        }
                    },
                    "elements": [
                        {
                            "id": "1997b1e2",
                            "settings": {
                                "source": "external_url",
                                "source_external_url": {
                                    "url": "https:\/\/assets9.lottiefiles.com\/temp\/lf20_LJK4oD.json",
                                    "is_external": "",
                                    "nofollow": "",
                                    "custom_attributes": ""
                                },
                                "loop": "yes",
                                "width": {
                                    "unit": "%",
                                    "size": 100,
                                    "sizes": []
                                }
                            },
                            "elements": [],
                            "isInner": false,
                            "widgetType": "lottie",
                            "elType": "widget"
                        }
                    ],
                    "isInner": false,
                    "elType": "column"
                },
                {
                    "id": "5714e77f",
                    "settings": {
                        "_column_size": 50,
                        "_inline_size": 65.965,
                        "content_position": "center"
                    },
                    "elements": [
                        {
                            "id": "7e0a0182",
                            "settings": {
                                "title": "404. The page you are looking for does not exist.",
                                "align": "left",
                                "header_size": "h4",
                                "_margin": {
                                    "unit": "px",
                                    "top": "0",
                                    "right": "0",
                                    "bottom": "24",
                                    "left": "0",
                                    "isLinked": false
                                },
                                "_element_width": "initial",
                                "_element_custom_width": {
                                    "unit": "px",
                                    "size": 467,
                                    "sizes": []
                                }
                            },
                            "elements": [],
                            "isInner": false,
                            "widgetType": "heading",
                            "elType": "widget"
                        },
                        {
                            "id": "769e5691",
                            "settings": {
                                "editor": "<p>Tell us what you are looking for:<\/p>",
                                "align": "left"
                            },
                            "elements": [],
                            "isInner": false,
                            "widgetType": "text-editor",
                            "elType": "widget"
                        },
                        {
                            "id": "40ced24c",
                            "settings": {
                                "placeholder": "Search...",
                                "button_text": "Search",
                                "button_border_width": {
                                    "unit": "px",
                                    "top": "0",
                                    "right": "0",
                                    "bottom": "1",
                                    "left": "0",
                                    "isLinked": false
                                },
                                "_element_width": "initial",
                                "_element_custom_width": {
                                    "unit": "px",
                                    "size": 300,
                                    "sizes": []
                                },
                                "__globals__": {
                                    "input_background_color": "globals\/colors?id=ec25634",
                                    "button_background_color": "globals\/colors?id=secondary",
                                    "button_text_color": "globals\/colors?id=ec25634"
                                },
                                "input_background_color": "#FFFFFF",
                                "border_radius": {
                                    "unit": "px",
                                    "size": 0,
                                    "sizes": []
                                },
                                "button_text_color": "#222222"
                            },
                            "elements": [],
                            "isInner": false,
                            "widgetType": "search-form",
                            "elType": "widget"
                        }
                    ],
                    "isInner": false,
                    "elType": "column"
                }
            ],
            "isInner": false,
            "elType": "section"
        }
    ],
    "page_settings": {
        "page_template": "elementor_canvas"
    }
}