{
    "version": "0.4",
    "title": "Blog",
    "type": "page",
    "metadata": {
        "template_type": "single-page",
        "include_in_zip": "1",
        "elementor_pro_required": "1",
        "wp_page_template": "default"
    },
    "content": [
        {
            "id": "2dd2e33f",
            "settings": {
                "gap": "wider",
                "background_background": "classic",
                "padding": {
                    "unit": "px",
                    "top": "96",
                    "right": "0",
                    "bottom": "96",
                    "left": "0",
                    "isLinked": ""
                },
                "__globals__": {
                    "background_color": "globals\/colors?id=d3ae19d"
                },
                "background_size": "contain",
                "background_overlay_background": "classic",
                "background_overlay_size": "contain",
                "background_overlay_opacity": {
                    "unit": "px",
                    "size": "0.04",
                    "sizes": []
                },
                "overlay_blend_mode": "darken",
                "padding_mobile": {
                    "unit": "px",
                    "top": "48",
                    "right": "0",
                    "bottom": "48",
                    "left": "0",
                    "isLinked": ""
                }
            },
            "elements": [
                {
                    "id": "18d96988",
                    "settings": {
                        "_column_size": "100"
                    },
                    "elements": [
                        {
                            "id": "73ea7765",
                            "settings": {
                                "title": "Blog",
                                "header_size": "h1",
                                "align_mobile": "center"
                            },
                            "elements": [],
                            "isInner": false,
                            "widgetType": "heading",
                            "elType": "widget"
                        }
                    ],
                    "isInner": "",
                    "elType": "column"
                }
            ],
            "isInner": "",
            "elType": "section"
        },
        {
            "id": "11cb85e0",
            "settings": {
                "gap": "wider",
                "padding": {
                    "unit": "px",
                    "top": "96",
                    "right": "0",
                    "bottom": "48",
                    "left": "0",
                    "isLinked": false
                },
                "padding_tablet": {
                    "unit": "px",
                    "top": "0",
                    "right": "0",
                    "bottom": "48",
                    "left": "0",
                    "isLinked": false
                },
                "background_background": "classic",
                "__globals__": {
                    "background_color": "",
                    "border_color": "globals\/colors?id=785b64d"
                },
                "border_border": "solid",
                "border_width": {
                    "unit": "px",
                    "top": "0",
                    "right": "0",
                    "bottom": "1",
                    "left": "0",
                    "isLinked": false
                }
            },
            "elements": [
                {
                    "id": "240691b2",
                    "settings": {
                        "_column_size": 100,
                        "_inline_size": null,
                        "align": "center"
                    },
                    "elements": [
                        {
                            "id": "5ccc7efc",
                            "settings": {
                                "classic_excerpt_length": 11,
                                "classic_meta_separator": "\u2022",
                                "classic_read_more_text": "Read More",
                                "cards_meta_separator": "\u2022",
                                "cards_read_more_text": "Read More \u00bb",
                                "full_content_meta_separator": "\/\/\/",
                                "classic_image_spacing": {
                                    "unit": "px",
                                    "size": 32,
                                    "sizes": []
                                },
                                "classic_title_color": "#333333",
                                "classic_title_typography_typography": "custom",
                                "classic_title_typography_font_size": {
                                    "unit": "px",
                                    "size": 21,
                                    "sizes": []
                                },
                                "classic_title_typography_font_weight": "700",
                                "classic_title_spacing": {
                                    "unit": "px",
                                    "size": 16,
                                    "sizes": []
                                },
                                "classic_meta_color": "#999999",
                                "classic_meta_spacing": {
                                    "unit": "px",
                                    "size": 16,
                                    "sizes": []
                                },
                                "classic_excerpt_typography_typography": "custom",
                                "classic_excerpt_typography_font_size": {
                                    "unit": "px",
                                    "size": 16,
                                    "sizes": []
                                },
                                "classic_excerpt_spacing": {
                                    "unit": "px",
                                    "size": 24,
                                    "sizes": []
                                },
                                "pagination_page_limit": "5",
                                "pagination_prev_label": "&laquo; Previous",
                                "pagination_next_label": "Next &raquo;",
                                "__globals__": {
                                    "classic_title_typography_typography": "globals\/typography?id=1ce1d7e",
                                    "classic_meta_color": "globals\/colors?id=8fa36e4",
                                    "classic_meta_typography_typography": "globals\/typography?id=906ded2",
                                    "classic_read_more_typography_typography": "globals\/typography?id=secondary",
                                    "classic_read_more_color": "globals\/colors?id=primary"
                                },
                                "pagination_type": "numbers",
                                "pagination_spacing": {
                                    "unit": "px",
                                    "size": 11,
                                    "sizes": []
                                },
                                "pagination_spacing_top": {
                                    "unit": "px",
                                    "size": 48,
                                    "sizes": []
                                }
                            },
                            "elements": [],
                            "isInner": false,
                            "widgetType": "posts",
                            "elType": "widget"
                        }
                    ],
                    "isInner": false,
                    "elType": "column"
                }
            ],
            "isInner": false,
            "elType": "section"
        }
    ]
}