{
    "version": "0.4",
    "title": "FAQ",
    "type": "page",
    "metadata": {
        "template_type": "single-page",
        "include_in_zip": "1",
        "elementor_pro_required": "1",
        "wp_page_template": "default"
    },
    "content": [
        {
            "id": "665639fa",
            "settings": {
                "gap": "wider",
                "background_background": "classic",
                "padding": {
                    "unit": "px",
                    "top": "96",
                    "right": "0",
                    "bottom": "96",
                    "left": "0",
                    "isLinked": ""
                },
                "__globals__": {
                    "background_color": "globals\/colors?id=d3ae19d"
                },
                "background_size": "contain",
                "background_overlay_background": "classic",
                "background_overlay_size": "contain",
                "background_overlay_opacity": {
                    "unit": "px",
                    "size": "0.04",
                    "sizes": []
                },
                "overlay_blend_mode": "darken",
                "padding_mobile": {
                    "unit": "px",
                    "top": "48",
                    "right": "0",
                    "bottom": "48",
                    "left": "0",
                    "isLinked": ""
                }
            },
            "elements": [
                {
                    "id": "2556c00d",
                    "settings": {
                        "_column_size": "100"
                    },
                    "elements": [
                        {
                            "id": "c2af626",
                            "settings": {
                                "title": "FAQ",
                                "header_size": "h1",
                                "align_mobile": "center"
                            },
                            "elements": [],
                            "isInner": false,
                            "widgetType": "heading",
                            "elType": "widget"
                        }
                    ],
                    "isInner": "",
                    "elType": "column"
                }
            ],
            "isInner": "",
            "elType": "section"
        },
        {
            "id": "7faae3b0",
            "settings": {
                "gap": "wider",
                "padding": {
                    "unit": "px",
                    "top": "96",
                    "right": "0",
                    "bottom": "24",
                    "left": "0",
                    "isLinked": ""
                },
                "padding_tablet": {
                    "unit": "px",
                    "top": "24",
                    "right": "0",
                    "bottom": "0",
                    "left": "0",
                    "isLinked": ""
                },
                "background_background": "classic",
                "__globals__": {
                    "background_color": ""
                }
            },
            "elements": [
                {
                    "id": "b72b997",
                    "settings": {
                        "_column_size": "100",
                        "_inline_size_tablet": "100",
                        "padding_tablet": {
                            "unit": "px",
                            "top": "48",
                            "right": "30",
                            "bottom": "0",
                            "left": "30",
                            "isLinked": ""
                        }
                    },
                    "elements": [
                        {
                            "id": "2bf79203",
                            "settings": {
                                "title": "1\u244aFrequently Asked Questions",
                                "_margin": {
                                    "unit": "px",
                                    "top": "0",
                                    "right": "0",
                                    "bottom": "16",
                                    "left": "0",
                                    "isLinked": ""
                                },
                                "header_size": "div",
                                "align_mobile": "center",
                                "__globals__": {
                                    "typography_typography": "globals\/typography?id=text",
                                    "title_color": "globals\/colors?id=primary"
                                },
                                "align": "left",
                                "_animation": "fadeInUp",
                                "_animation_delay": "200"
                            },
                            "elements": [],
                            "isInner": false,
                            "widgetType": "heading",
                            "elType": "widget"
                        },
                        {
                            "id": "768728bc",
                            "settings": {
                                "title": "This Agreement was last modified on 18th february 2021",
                                "_margin": {
                                    "unit": "px",
                                    "top": "0",
                                    "right": "0",
                                    "bottom": "0",
                                    "left": "0",
                                    "isLinked": ""
                                },
                                "align": "left",
                                "_margin_tablet": {
                                    "unit": "px",
                                    "top": "0",
                                    "right": "0",
                                    "bottom": "24",
                                    "left": "0",
                                    "isLinked": ""
                                },
                                "_margin_mobile": {
                                    "unit": "px",
                                    "top": "0",
                                    "right": "0",
                                    "bottom": "24",
                                    "left": "0",
                                    "isLinked": ""
                                },
                                "_animation": "fadeInUp",
                                "_animation_delay": "500",
                                "align_mobile": "center"
                            },
                            "elements": [],
                            "isInner": false,
                            "widgetType": "heading",
                            "elType": "widget"
                        }
                    ],
                    "isInner": "",
                    "elType": "column"
                }
            ],
            "isInner": "",
            "elType": "section"
        },
        {
            "id": "3db5638d",
            "settings": {
                "structure": "20",
                "padding": {
                    "unit": "px",
                    "top": "0",
                    "right": "0",
                    "bottom": "96",
                    "left": "0",
                    "isLinked": ""
                },
                "padding_tablet": {
                    "unit": "px",
                    "top": "0",
                    "right": "0",
                    "bottom": "64",
                    "left": "0",
                    "isLinked": ""
                }
            },
            "elements": [
                {
                    "id": "44519dd7",
                    "settings": {
                        "_column_size": "50",
                        "border_border": "solid",
                        "border_width": {
                            "unit": "px",
                            "top": "0",
                            "right": "1",
                            "bottom": "0",
                            "left": "0",
                            "isLinked": ""
                        },
                        "border_radius": {
                            "unit": "px",
                            "top": "0",
                            "right": "0",
                            "bottom": "0",
                            "left": "0",
                            "isLinked": ""
                        },
                        "padding": {
                            "unit": "px",
                            "top": "0",
                            "right": "48",
                            "bottom": "0",
                            "left": "30",
                            "isLinked": ""
                        },
                        "padding_mobile": {
                            "unit": "px",
                            "top": "0",
                            "right": "30",
                            "bottom": "0",
                            "left": "30",
                            "isLinked": ""
                        },
                        "__globals__": {
                            "border_color": "globals\/colors?id=785b64d"
                        }
                    },
                    "elements": [
                        {
                            "id": "6e25e45",
                            "settings": {
                                "tabs": [
                                    {
                                        "tab_title": "Sed ut perspiciatis unde omnis iste natus?",
                                        "tab_content": "<p>Maecenas faucibus mollis interdum. Donec sed odio dui. Morbi leo risus, porta ac consectetur ac, vestibulum at eros.\u00a0<\/p>",
                                        "_id": "6b9cdab"
                                    },
                                    {
                                        "tab_title": "Voluptatem accusantium doloremque?",
                                        "tab_content": "Lorem ipsum dolor sit amet, consectetur adipiscing elit. Ut elit tellus, luctus nec ullamcorper mattis, pulvinar dapibus leo.",
                                        "_id": "ca3420f"
                                    },
                                    {
                                        "tab_title": "Quae ab illo inventore veritatis et quasi?",
                                        "tab_content": "Lorem ipsum dolor sit amet, consectetur adipiscing elit. Ut elit tellus, luctus nec ullamcorper mattis, pulvinar dapibus leo.",
                                        "_id": "ca342dc"
                                    },
                                    {
                                        "tab_title": "Architecto beatae vitae dicta sunt?",
                                        "tab_content": "Lorem ipsum dolor sit amet, consectetur adipiscing elit. Ut elit tellus, luctus nec ullamcorper mattis, pulvinar dapibus leo.",
                                        "_id": "506498b"
                                    },
                                    {
                                        "tab_title": "Nemo enim ipsam voluptatem?",
                                        "tab_content": "Lorem ipsum dolor sit amet, consectetur adipiscing elit. Ut elit tellus, luctus nec ullamcorper mattis, pulvinar dapibus leo.",
                                        "_id": "e359562"
                                    },
                                    {
                                        "tab_title": "Voluptas sit aspernatur aut odit?",
                                        "tab_content": "Lorem ipsum dolor sit amet, consectetur adipiscing elit. Ut elit tellus, luctus nec ullamcorper mattis, pulvinar dapibus leo.",
                                        "_id": "7fd0a13"
                                    },
                                    {
                                        "tab_title": "Quia consequuntur magni dolores?",
                                        "tab_content": "Lorem ipsum dolor sit amet, consectetur adipiscing elit. Ut elit tellus, luctus nec ullamcorper mattis, pulvinar dapibus leo.",
                                        "_id": "6b09682"
                                    },
                                    {
                                        "tab_title": "Tempora incidunt ut labore et dolore?",
                                        "tab_content": "Lorem ipsum dolor sit amet, consectetur adipiscing elit. Ut elit tellus, luctus nec ullamcorper mattis, pulvinar dapibus leo.",
                                        "_id": "bd69908"
                                    }
                                ],
                                "selected_icon": {
                                    "value": "icon dticon-arrow-forward-outline",
                                    "library": "dticon"
                                },
                                "selected_active_icon": {
                                    "value": "icon dticon-arrow-down-outline",
                                    "library": "dticon"
                                },
                                "title_color": "#333333",
                                "title_padding": {
                                    "unit": "px",
                                    "top": "24",
                                    "right": "0",
                                    "bottom": "24",
                                    "left": "0",
                                    "isLinked": ""
                                },
                                "icon_align": "right",
                                "content_padding": {
                                    "unit": "px",
                                    "top": "0",
                                    "right": "0",
                                    "bottom": "8",
                                    "left": "0",
                                    "isLinked": ""
                                },
                                "__globals__": {
                                    "tab_active_color": "globals\/colors?id=primary",
                                    "border_color": "globals\/colors?id=785b64d"
                                },
                                "title_typography_typography": "custom",
                                "title_typography_font_size": {
                                    "unit": "px",
                                    "size": "18",
                                    "sizes": []
                                },
                                "title_typography_line_height": {
                                    "unit": "em",
                                    "size": "1.5",
                                    "sizes": []
                                },
                                "icon_space": {
                                    "unit": "px",
                                    "size": "16",
                                    "sizes": []
                                }
                            },
                            "elements": [],
                            "isInner": false,
                            "widgetType": "toggle",
                            "elType": "widget"
                        }
                    ],
                    "isInner": "",
                    "elType": "column"
                },
                {
                    "id": "2c77ff33",
                    "settings": {
                        "_column_size": "50",
                        "padding": {
                            "unit": "px",
                            "top": "0",
                            "right": "30",
                            "bottom": "0",
                            "left": "48",
                            "isLinked": ""
                        },
                        "padding_mobile": {
                            "unit": "px",
                            "top": "0",
                            "right": "30",
                            "bottom": "0",
                            "left": "30",
                            "isLinked": ""
                        }
                    },
                    "elements": [
                        {
                            "id": "165481e9",
                            "settings": {
                                "tabs": [
                                    {
                                        "tab_title": "Quis nostrum exercitationem ullam corporis?",
                                        "tab_content": "<p>Maecenas faucibus mollis interdum. Donec sed odio dui. Morbi leo risus, porta ac consectetur ac, vestibulum at eros.\u00a0<\/p>",
                                        "_id": "6b9cdab"
                                    },
                                    {
                                        "tab_title": "Nisi ut aliquid ex ea commodi consequatur?",
                                        "tab_content": "Lorem ipsum dolor sit amet, consectetur adipiscing elit. Ut elit tellus, luctus nec ullamcorper mattis, pulvinar dapibus leo.",
                                        "_id": "ca3420f"
                                    },
                                    {
                                        "tab_title": "Quis autem vel eum iure reprehenderit?",
                                        "tab_content": "Lorem ipsum dolor sit amet, consectetur adipiscing elit. Ut elit tellus, luctus nec ullamcorper mattis, pulvinar dapibus leo.",
                                        "_id": "ca342dc"
                                    },
                                    {
                                        "tab_title": "Voluptate velit esse quam nihil?",
                                        "tab_content": "Lorem ipsum dolor sit amet, consectetur adipiscing elit. Ut elit tellus, luctus nec ullamcorper mattis, pulvinar dapibus leo.",
                                        "_id": "506498b"
                                    },
                                    {
                                        "tab_title": "Vel illum qui dolorem eum fugiat?",
                                        "tab_content": "Lorem ipsum dolor sit amet, consectetur adipiscing elit. Ut elit tellus, luctus nec ullamcorper mattis, pulvinar dapibus leo.",
                                        "_id": "e359562"
                                    },
                                    {
                                        "tab_title": "Quo voluptas nulla pariatur?",
                                        "tab_content": "Lorem ipsum dolor sit amet, consectetur adipiscing elit. Ut elit tellus, luctus nec ullamcorper mattis, pulvinar dapibus leo.",
                                        "_id": "7fd0a13"
                                    },
                                    {
                                        "tab_title": "Consequuntur magni dolores eos qui ratione?",
                                        "tab_content": "Lorem ipsum dolor sit amet, consectetur adipiscing elit. Ut elit tellus, luctus nec ullamcorper mattis, pulvinar dapibus leo.",
                                        "_id": "6b09682"
                                    },
                                    {
                                        "tab_title": "Neque porro quisquam est?",
                                        "tab_content": "Lorem ipsum dolor sit amet, consectetur adipiscing elit. Ut elit tellus, luctus nec ullamcorper mattis, pulvinar dapibus leo.",
                                        "_id": "bd69908"
                                    }
                                ],
                                "selected_icon": {
                                    "value": "icon dticon-arrow-forward-outline",
                                    "library": "dticon"
                                },
                                "selected_active_icon": {
                                    "value": "icon dticon-arrow-down-outline",
                                    "library": "dticon"
                                },
                                "title_color": "#333333",
                                "title_padding": {
                                    "unit": "px",
                                    "top": "24",
                                    "right": "0",
                                    "bottom": "24",
                                    "left": "0",
                                    "isLinked": ""
                                },
                                "icon_align": "right",
                                "content_padding": {
                                    "unit": "px",
                                    "top": "0",
                                    "right": "0",
                                    "bottom": "8",
                                    "left": "0",
                                    "isLinked": ""
                                },
                                "__globals__": {
                                    "tab_active_color": "globals\/colors?id=primary",
                                    "border_color": "globals\/colors?id=785b64d"
                                },
                                "title_typography_typography": "custom",
                                "title_typography_font_size": {
                                    "unit": "px",
                                    "size": "18",
                                    "sizes": []
                                },
                                "title_typography_line_height": {
                                    "unit": "em",
                                    "size": "1.5",
                                    "sizes": []
                                },
                                "icon_space": {
                                    "unit": "px",
                                    "size": "16",
                                    "sizes": []
                                }
                            },
                            "elements": [],
                            "isInner": false,
                            "widgetType": "toggle",
                            "elType": "widget"
                        }
                    ],
                    "isInner": "",
                    "elType": "column"
                }
            ],
            "isInner": "",
            "elType": "section"
        },
        {
            "id": "4db901fe",
            "settings": {
                "gap": "wider",
                "height": "min-height",
                "structure": "20",
                "background_background": "classic",
                "background_image": {
                    "url": "http:\/\/kit.detheme.com\/pearl\/wp-content\/uploads\/sites\/46\/2020\/12\/contemporary-modern-kitchen-armchair-with-wooden-f-NK94Y53.jpg",
                    "id": 461
                },
                "background_position": "top center",
                "background_size": "cover",
                "background_overlay_color": "#000000",
                "padding": {
                    "unit": "px",
                    "top": "96",
                    "right": "0",
                    "bottom": "96",
                    "left": "0",
                    "isLinked": false
                },
                "padding_tablet": {
                    "unit": "px",
                    "top": "48",
                    "right": "0",
                    "bottom": "48",
                    "left": "0",
                    "isLinked": false
                },
                "background_motion_fx_motion_fx_scrolling": "yes",
                "background_motion_fx_translateY_effect": "yes",
                "background_motion_fx_translateY_speed": {
                    "unit": "px",
                    "size": 9,
                    "sizes": []
                },
                "background_position_mobile": "center left"
            },
            "elements": [
                {
                    "id": "3db01cca",
                    "settings": {
                        "_column_size": 50,
                        "_inline_size": null,
                        "align_mobile": "center"
                    },
                    "elements": [
                        {
                            "id": "15dd3993",
                            "settings": {
                                "title": "2\u244aCatch big deals",
                                "_margin": {
                                    "unit": "px",
                                    "top": "0",
                                    "right": "0",
                                    "bottom": "16",
                                    "left": "0",
                                    "isLinked": ""
                                },
                                "header_size": "div",
                                "align_mobile": "center",
                                "__globals__": {
                                    "typography_typography": "globals\/typography?id=text",
                                    "title_color": "globals\/colors?id=primary"
                                },
                                "align": "left",
                                "_element_custom_width": {
                                    "unit": "px",
                                    "size": "500"
                                },
                                "_animation": "fadeInUp",
                                "_animation_delay": "200"
                            },
                            "elements": [],
                            "isInner": false,
                            "widgetType": "heading",
                            "elType": "widget"
                        },
                        {
                            "id": "535bf7a0",
                            "settings": {
                                "title": " Get up to 30% off equipment upgrades",
                                "_margin": {
                                    "unit": "px",
                                    "top": "0",
                                    "right": "0",
                                    "bottom": "24",
                                    "left": "0",
                                    "isLinked": false
                                },
                                "align": "left",
                                "align_tablet": "left",
                                "align_mobile": "center",
                                "_animation": "fadeInUp",
                                "_animation_delay": 500
                            },
                            "elements": [],
                            "isInner": false,
                            "widgetType": "heading",
                            "elType": "widget"
                        },
                        {
                            "id": "42f1a949",
                            "settings": {
                                "editor": "<p>Etiam porta sem malesuada magna mollis euismod. Cras mattis consectetur purus sit amet fermentum. Fusce dapibus, tellus ac cursus commodo, tortor&nbsp;<\/p>",
                                "_margin": {
                                    "unit": "px",
                                    "top": "0",
                                    "right": "0",
                                    "bottom": "32",
                                    "left": "0",
                                    "isLinked": false
                                },
                                "align_mobile": "center",
                                "_margin_mobile": {
                                    "unit": "px",
                                    "top": "0",
                                    "right": "0",
                                    "bottom": "0",
                                    "left": "0",
                                    "isLinked": false
                                },
                                "__globals__": {
                                    "text_color": "globals\/colors?id=primary"
                                }
                            },
                            "elements": [],
                            "isInner": false,
                            "widgetType": "text-editor",
                            "elType": "widget"
                        },
                        {
                            "id": "5dae6ea5",
                            "settings": {
                                "text": "Get in touch",
                                "size": "lg",
                                "_margin": {
                                    "unit": "px",
                                    "top": "0",
                                    "right": "0",
                                    "bottom": "0",
                                    "left": "0",
                                    "isLinked": false
                                },
                                "_element_width": "auto",
                                "icon_align": "right",
                                "__globals__": {
                                    "background_color": "",
                                    "button_background_hover_color": ""
                                },
                                "align_mobile": "center",
                                "_margin_mobile": {
                                    "unit": "px",
                                    "top": "0",
                                    "right": "0",
                                    "bottom": "24",
                                    "left": "0",
                                    "isLinked": false
                                },
                                "_element_width_mobile": "inherit",
                                "icon_indent": {
                                    "unit": "px",
                                    "size": 0,
                                    "sizes": []
                                }
                            },
                            "elements": [],
                            "isInner": false,
                            "widgetType": "button",
                            "elType": "widget"
                        }
                    ],
                    "isInner": false,
                    "elType": "column"
                },
                {
                    "id": "4ea98599",
                    "settings": {
                        "_column_size": 50,
                        "_inline_size": null,
                        "content_position": "center",
                        "align": "center"
                    },
                    "elements": [],
                    "isInner": false,
                    "elType": "column"
                }
            ],
            "isInner": false,
            "elType": "section"
        }
    ]
}