{
    "version": "0.4",
    "title": "Footer",
    "type": "footer",
    "metadata": {
        "template_type": "section-footer",
        "include_in_zip": "1",
        "elementor_pro_required": "1",
        "elementor_library_type": "footer",
        "elementor_pro_conditions": [
            "include\/general"
        ],
        "additional_template_information": [
            "This is a \"Footer\" template for Elementor Pro.",
            "This template will display on: Entire Site."
        ],
        "wp_page_template": "default"
    },
    "content": [
        {
            "id": "5c9d8046",
            "settings": {
                "gap": "no",
                "layout": "full_width",
                "padding_tablet": {
                    "unit": "px",
                    "top": "48",
                    "right": "0",
                    "bottom": "0",
                    "left": "0",
                    "isLinked": false
                }
            },
            "elements": [
                {
                    "id": "4f1e8da5",
                    "settings": {
                        "_column_size": 100,
                        "_inline_size": null
                    },
                    "elements": [
                        {
                            "id": "2970aecc",
                            "settings": {
                                "gap": "wider",
                                "structure": "50",
                                "margin": {
                                    "unit": "px",
                                    "top": "96",
                                    "right": 0,
                                    "bottom": "96",
                                    "left": 0,
                                    "isLinked": false
                                },
                                "margin_tablet": {
                                    "unit": "px",
                                    "top": "0",
                                    "right": 0,
                                    "bottom": "48",
                                    "left": 0,
                                    "isLinked": false
                                }
                            },
                            "elements": [
                                {
                                    "id": "6babd670",
                                    "settings": {
                                        "_column_size": 20,
                                        "_inline_size": null,
                                        "_inline_size_tablet": 33.33
                                    },
                                    "elements": [
                                        {
                                            "id": "408564e7",
                                            "settings": {
                                                "icon_list": [
                                                    {
                                                        "text": "Gift card",
                                                        "selected_icon": {
                                                            "value": "",
                                                            "library": ""
                                                        },
                                                        "_id": "9193685",
                                                        "link": {
                                                            "url": "#",
                                                            "is_external": "",
                                                            "nofollow": "",
                                                            "custom_attributes": ""
                                                        }
                                                    },
                                                    {
                                                        "text": "Lookbook 2021",
                                                        "selected_icon": {
                                                            "value": "",
                                                            "library": ""
                                                        },
                                                        "link": {
                                                            "url": "#",
                                                            "is_external": "",
                                                            "nofollow": "",
                                                            "custom_attributes": ""
                                                        },
                                                        "_id": "3759815"
                                                    },
                                                    {
                                                        "text": "Privacy policy",
                                                        "selected_icon": {
                                                            "value": "",
                                                            "library": ""
                                                        },
                                                        "link": {
                                                            "url": "#",
                                                            "is_external": "",
                                                            "nofollow": "",
                                                            "custom_attributes": ""
                                                        },
                                                        "_id": "78b1a95"
                                                    },
                                                    {
                                                        "text": "Shipping & refund",
                                                        "selected_icon": {
                                                            "value": "",
                                                            "library": ""
                                                        },
                                                        "link": {
                                                            "url": "#",
                                                            "is_external": "",
                                                            "nofollow": "",
                                                            "custom_attributes": ""
                                                        },
                                                        "_id": "9153dbb"
                                                    }
                                                ],
                                                "space_between": {
                                                    "unit": "px",
                                                    "size": 16,
                                                    "sizes": []
                                                },
                                                "icon_align_mobile": "center",
                                                "icon_align": "left"
                                            },
                                            "elements": [],
                                            "isInner": false,
                                            "widgetType": "icon-list",
                                            "elType": "widget"
                                        }
                                    ],
                                    "isInner": true,
                                    "elType": "column"
                                },
                                {
                                    "id": "517743c5",
                                    "settings": {
                                        "_column_size": 20,
                                        "_inline_size": null,
                                        "_inline_size_tablet": 33.33
                                    },
                                    "elements": [
                                        {
                                            "id": "d6f6510",
                                            "settings": {
                                                "icon_list": [
                                                    {
                                                        "text": "About us",
                                                        "selected_icon": {
                                                            "value": "",
                                                            "library": ""
                                                        },
                                                        "_id": "9193685",
                                                        "link": {
                                                            "url": "#",
                                                            "is_external": "",
                                                            "nofollow": "",
                                                            "custom_attributes": ""
                                                        }
                                                    },
                                                    {
                                                        "text": "Pricing plan",
                                                        "selected_icon": {
                                                            "value": "",
                                                            "library": ""
                                                        },
                                                        "link": {
                                                            "url": "#",
                                                            "is_external": "",
                                                            "nofollow": "",
                                                            "custom_attributes": ""
                                                        },
                                                        "_id": "3759815"
                                                    },
                                                    {
                                                        "text": "Contact us",
                                                        "selected_icon": {
                                                            "value": "",
                                                            "library": ""
                                                        },
                                                        "link": {
                                                            "url": "#",
                                                            "is_external": "",
                                                            "nofollow": "",
                                                            "custom_attributes": ""
                                                        },
                                                        "_id": "78b1a95"
                                                    },
                                                    {
                                                        "text": "Knowledgebase",
                                                        "selected_icon": {
                                                            "value": "",
                                                            "library": ""
                                                        },
                                                        "link": {
                                                            "url": "#",
                                                            "is_external": "",
                                                            "nofollow": "",
                                                            "custom_attributes": ""
                                                        },
                                                        "_id": "9153dbb"
                                                    }
                                                ],
                                                "space_between": {
                                                    "unit": "px",
                                                    "size": 16,
                                                    "sizes": []
                                                },
                                                "icon_align_mobile": "center",
                                                "icon_align": "left"
                                            },
                                            "elements": [],
                                            "isInner": false,
                                            "widgetType": "icon-list",
                                            "elType": "widget"
                                        }
                                    ],
                                    "isInner": true,
                                    "elType": "column"
                                },
                                {
                                    "id": "2ba9004b",
                                    "settings": {
                                        "_column_size": 20,
                                        "_inline_size": null,
                                        "_inline_size_tablet": 33.33
                                    },
                                    "elements": [
                                        {
                                            "id": "3272efcc",
                                            "settings": {
                                                "icon_list": [
                                                    {
                                                        "text": "Gift card",
                                                        "selected_icon": {
                                                            "value": "",
                                                            "library": ""
                                                        },
                                                        "_id": "9193685",
                                                        "link": {
                                                            "url": "#",
                                                            "is_external": "",
                                                            "nofollow": "",
                                                            "custom_attributes": ""
                                                        }
                                                    },
                                                    {
                                                        "text": "Lookbook 2021",
                                                        "selected_icon": {
                                                            "value": "",
                                                            "library": ""
                                                        },
                                                        "link": {
                                                            "url": "#",
                                                            "is_external": "",
                                                            "nofollow": "",
                                                            "custom_attributes": ""
                                                        },
                                                        "_id": "3759815"
                                                    },
                                                    {
                                                        "text": "Privacy policy",
                                                        "selected_icon": {
                                                            "value": "",
                                                            "library": ""
                                                        },
                                                        "link": {
                                                            "url": "#",
                                                            "is_external": "",
                                                            "nofollow": "",
                                                            "custom_attributes": ""
                                                        },
                                                        "_id": "78b1a95"
                                                    },
                                                    {
                                                        "text": "Shipping & refund",
                                                        "selected_icon": {
                                                            "value": "",
                                                            "library": ""
                                                        },
                                                        "link": {
                                                            "url": "#",
                                                            "is_external": "",
                                                            "nofollow": "",
                                                            "custom_attributes": ""
                                                        },
                                                        "_id": "9153dbb"
                                                    }
                                                ],
                                                "space_between": {
                                                    "unit": "px",
                                                    "size": 16,
                                                    "sizes": []
                                                },
                                                "icon_align_mobile": "center",
                                                "icon_align": "left"
                                            },
                                            "elements": [],
                                            "isInner": false,
                                            "widgetType": "icon-list",
                                            "elType": "widget"
                                        }
                                    ],
                                    "isInner": true,
                                    "elType": "column"
                                },
                                {
                                    "id": "3819749b",
                                    "settings": {
                                        "_column_size": 20,
                                        "_inline_size": 2.151,
                                        "content_position": "space-between",
                                        "_inline_size_tablet": 60
                                    },
                                    "elements": [],
                                    "isInner": true,
                                    "elType": "column"
                                },
                                {
                                    "id": "134e300d",
                                    "settings": {
                                        "_column_size": 20,
                                        "_inline_size": 37.848,
                                        "content_position": "space-between",
                                        "_inline_size_tablet": 70
                                    },
                                    "elements": [
                                        {
                                            "id": "1fa21a07",
                                            "settings": {
                                                "editor": "<p>56 Bay Meadows Ave. Vineland, NJ 08360<\/p>",
                                                "align_mobile": "center",
                                                "align": "left"
                                            },
                                            "elements": [],
                                            "isInner": false,
                                            "widgetType": "text-editor",
                                            "elType": "widget"
                                        },
                                        {
                                            "id": "15845afc",
                                            "settings": {
                                                "form_name": "New Form",
                                                "form_fields": [
                                                    {
                                                        "custom_id": "email",
                                                        "field_type": "email",
                                                        "required": "true",
                                                        "field_label": "Email",
                                                        "placeholder": "Email",
                                                        "width": "66",
                                                        "_id": "9d5625e"
                                                    }
                                                ],
                                                "show_labels": "",
                                                "button_width": "33",
                                                "step_next_label": "Next",
                                                "step_previous_label": "Previous",
                                                "button_text": "Subscribe",
                                                "submit_actions": [
                                                    "email",
                                                    "mailchimp"
                                                ],
                                                "email_content": "[all-fields]",
                                                "email_content_2": "[all-fields]",
                                                "success_message": "The form was sent successfully.",
                                                "error_message": "An error occurred.",
                                                "required_field_message": "This field is required.",
                                                "invalid_message": "There's something wrong. The form is invalid.",
                                                "column_gap": {
                                                    "unit": "px",
                                                    "size": 0,
                                                    "sizes": []
                                                },
                                                "row_gap": {
                                                    "unit": "px",
                                                    "size": 0,
                                                    "sizes": []
                                                },
                                                "__globals__": {
                                                    "button_background_color": "globals\/colors?id=07414c8",
                                                    "button_text_color": "globals\/colors?id=primary",
                                                    "button_border_color": "globals\/colors?id=text",
                                                    "button_hover_color": "globals\/colors?id=ec25634",
                                                    "button_background_hover_color": "globals\/colors?id=primary"
                                                },
                                                "button_border_border": "solid",
                                                "button_border_width": {
                                                    "unit": "px",
                                                    "top": "1",
                                                    "right": "1",
                                                    "bottom": "1",
                                                    "left": "1",
                                                    "isLinked": true
                                                },
                                                "button_text_padding": {
                                                    "unit": "px",
                                                    "top": "0",
                                                    "right": "0",
                                                    "bottom": "0",
                                                    "left": "0",
                                                    "isLinked": true
                                                },
                                                "_margin_mobile": {
                                                    "unit": "px",
                                                    "top": "0",
                                                    "right": "0",
                                                    "bottom": "24",
                                                    "left": "0",
                                                    "isLinked": false
                                                },
                                                "_margin": {
                                                    "unit": "px",
                                                    "top": "0",
                                                    "right": "0",
                                                    "bottom": "16",
                                                    "left": "0",
                                                    "isLinked": false
                                                }
                                            },
                                            "elements": [],
                                            "isInner": false,
                                            "widgetType": "form",
                                            "elType": "widget"
                                        },
                                        {
                                            "id": "2a6ee5c",
                                            "settings": {
                                                "social_icon_list": [
                                                    {
                                                        "social_icon": {
                                                            "value": "fab fa-facebook",
                                                            "library": "fa-brands"
                                                        },
                                                        "_id": "cabd11f",
                                                        "link": {
                                                            "url": "#",
                                                            "is_external": "true",
                                                            "nofollow": "",
                                                            "custom_attributes": ""
                                                        }
                                                    },
                                                    {
                                                        "social_icon": {
                                                            "value": "fab fa-twitter",
                                                            "library": "fa-brands"
                                                        },
                                                        "_id": "3324cc6",
                                                        "link": {
                                                            "url": "#",
                                                            "is_external": "true",
                                                            "nofollow": "",
                                                            "custom_attributes": ""
                                                        }
                                                    },
                                                    {
                                                        "social_icon": {
                                                            "value": "fab fa-youtube",
                                                            "library": "fa-brands"
                                                        },
                                                        "_id": "bf65528",
                                                        "link": {
                                                            "url": "#",
                                                            "is_external": "true",
                                                            "nofollow": "",
                                                            "custom_attributes": ""
                                                        }
                                                    },
                                                    {
                                                        "social_icon": {
                                                            "value": "fab fa-linkedin",
                                                            "library": "fa-brands"
                                                        },
                                                        "link": {
                                                            "url": "#",
                                                            "is_external": "true",
                                                            "nofollow": "",
                                                            "custom_attributes": ""
                                                        },
                                                        "_id": "dc86816"
                                                    }
                                                ],
                                                "icon_color": "custom",
                                                "icon_size": {
                                                    "unit": "px",
                                                    "size": "15",
                                                    "sizes": []
                                                },
                                                "icon_padding": {
                                                    "unit": "em",
                                                    "size": "0.8",
                                                    "sizes": []
                                                },
                                                "icon_spacing": {
                                                    "unit": "px",
                                                    "size": "10",
                                                    "sizes": []
                                                },
                                                "image_border_border": "solid",
                                                "image_border_width": {
                                                    "unit": "px",
                                                    "top": "1",
                                                    "right": "1",
                                                    "bottom": "1",
                                                    "left": "1",
                                                    "isLinked": "1"
                                                },
                                                "border_radius": {
                                                    "unit": "%",
                                                    "top": "50",
                                                    "right": "50",
                                                    "bottom": "50",
                                                    "left": "50",
                                                    "isLinked": "1"
                                                },
                                                "__globals__": {
                                                    "icon_primary_color": "globals\/colors?id=07414c8",
                                                    "icon_secondary_color": "globals\/colors?id=primary",
                                                    "image_border_color": "globals\/colors?id=text"
                                                },
                                                "icon_size_tablet": {
                                                    "unit": "px",
                                                    "size": "10",
                                                    "sizes": []
                                                },
                                                "icon_spacing_tablet": {
                                                    "unit": "px",
                                                    "size": "2",
                                                    "sizes": []
                                                },
                                                "align_mobile": "center",
                                                "align": "left"
                                            },
                                            "elements": [],
                                            "isInner": false,
                                            "widgetType": "social-icons",
                                            "elType": "widget"
                                        }
                                    ],
                                    "isInner": true,
                                    "elType": "column"
                                }
                            ],
                            "isInner": true,
                            "elType": "section"
                        },
                        {
                            "id": "772cd859",
                            "settings": {
                                "gap": "wider",
                                "structure": "30",
                                "margin": {
                                    "unit": "px",
                                    "top": "0",
                                    "right": 0,
                                    "bottom": "0",
                                    "left": 0,
                                    "isLinked": false
                                },
                                "background_background": "classic",
                                "__globals__": {
                                    "background_color": "globals\/colors?id=d3ae19d"
                                },
                                "reverse_order_mobile": "reverse-mobile"
                            },
                            "elements": [
                                {
                                    "id": "2a485706",
                                    "settings": {
                                        "_column_size": 33,
                                        "_inline_size": null,
                                        "_inline_size_tablet": 45,
                                        "padding_mobile": {
                                            "unit": "px",
                                            "top": "0",
                                            "right": "30",
                                            "bottom": "30",
                                            "left": "30",
                                            "isLinked": false
                                        },
                                        "content_position": "center"
                                    },
                                    "elements": [
                                        {
                                            "id": "1f772f9e",
                                            "settings": {
                                                "shortcode": "Copyright \u00a9 [dtk_current_year] Detheme studio Surabaya",
                                                "__globals__": {
                                                    "caption_typography_typography": "globals\/typography?id=5ec7628",
                                                    "title_color": "globals\/colors?id=8fa36e4"
                                                },
                                                "align_mobile": "center"
                                            },
                                            "elements": [],
                                            "isInner": false,
                                            "widgetType": "copyright",
                                            "elType": "widget"
                                        }
                                    ],
                                    "isInner": true,
                                    "elType": "column"
                                },
                                {
                                    "id": "325c54d5",
                                    "settings": {
                                        "_column_size": 33,
                                        "_inline_size": null,
                                        "content_position": "center"
                                    },
                                    "elements": [
                                        {
                                            "id": "7492d6ea",
                                            "settings": {
                                                "image": {
                                                    "url": "http:\/\/kit.detheme.com\/pearl\/wp-content\/uploads\/sites\/46\/2020\/12\/pearl-dark.png",
                                                    "id": 1083
                                                },
                                                "align": "center",
                                                "width": {
                                                    "unit": "px",
                                                    "size": 83,
                                                    "sizes": []
                                                },
                                                "_margin": {
                                                    "unit": "px",
                                                    "top": "0",
                                                    "right": "0",
                                                    "bottom": "0",
                                                    "left": "0",
                                                    "isLinked": false
                                                },
                                                "align_mobile": "center"
                                            },
                                            "elements": [],
                                            "isInner": false,
                                            "widgetType": "image",
                                            "elType": "widget"
                                        }
                                    ],
                                    "isInner": true,
                                    "elType": "column"
                                },
                                {
                                    "id": "1b864656",
                                    "settings": {
                                        "_column_size": 33,
                                        "_inline_size": null,
                                        "_inline_size_tablet": 55,
                                        "padding_mobile": {
                                            "unit": "px",
                                            "top": "30",
                                            "right": "30",
                                            "bottom": "9",
                                            "left": "30",
                                            "isLinked": false
                                        }
                                    },
                                    "elements": [
                                        {
                                            "id": "6cc5147c",
                                            "settings": {
                                                "carousel": [
                                                    {
                                                        "id": 485,
                                                        "url": "http:\/\/kit.detheme.com\/pearl\/wp-content\/uploads\/sites\/46\/2020\/12\/1.png"
                                                    },
                                                    {
                                                        "id": 487,
                                                        "url": "http:\/\/kit.detheme.com\/pearl\/wp-content\/uploads\/sites\/46\/2020\/12\/15.png"
                                                    },
                                                    {
                                                        "id": 486,
                                                        "url": "http:\/\/kit.detheme.com\/pearl\/wp-content\/uploads\/sites\/46\/2020\/12\/3.png"
                                                    },
                                                    {
                                                        "id": 488,
                                                        "url": "http:\/\/kit.detheme.com\/pearl\/wp-content\/uploads\/sites\/46\/2020\/12\/18.png"
                                                    },
                                                    {
                                                        "id": 489,
                                                        "url": "http:\/\/kit.detheme.com\/pearl\/wp-content\/uploads\/sites\/46\/2020\/12\/19.png"
                                                    },
                                                    {
                                                        "id": 490,
                                                        "url": "http:\/\/kit.detheme.com\/pearl\/wp-content\/uploads\/sites\/46\/2020\/12\/22.png"
                                                    }
                                                ],
                                                "slides_to_show": "6",
                                                "navigation": "none",
                                                "autoplay": "no",
                                                "image_spacing": "custom",
                                                "image_spacing_custom": {
                                                    "unit": "px",
                                                    "size": 8,
                                                    "sizes": []
                                                },
                                                "_element_custom_width": {
                                                    "unit": "px",
                                                    "size": 300,
                                                    "sizes": []
                                                },
                                                "slides_to_show_tablet": "6",
                                                "slides_to_show_mobile": "6",
                                                "_margin": {
                                                    "unit": "px",
                                                    "top": "0",
                                                    "right": "0",
                                                    "bottom": "-5",
                                                    "left": "0",
                                                    "isLinked": false
                                                },
                                                "thumbnail_custom_dimension": {
                                                    "width": "130",
                                                    "height": "100"
                                                }
                                            },
                                            "elements": [],
                                            "isInner": false,
                                            "widgetType": "image-carousel",
                                            "elType": "widget"
                                        }
                                    ],
                                    "isInner": true,
                                    "elType": "column"
                                }
                            ],
                            "isInner": true,
                            "elType": "section"
                        }
                    ],
                    "isInner": false,
                    "elType": "column"
                }
            ],
            "isInner": false,
            "elType": "section"
        }
    ]
}