{
    "version": "0.4",
    "title": "Header",
    "type": "header",
    "metadata": {
        "template_type": "section-header",
        "include_in_zip": "1",
        "elementor_pro_required": "1",
        "elementor_library_type": "header",
        "elementor_pro_conditions": [
            "include\/general"
        ],
        "additional_template_information": [
            "This is a \"Header\" template for Elementor Pro.",
            "This template will display on: Entire Site."
        ],
        "wp_page_template": "default"
    },
    "content": [
        {
            "id": "9722f74",
            "settings": {
                "layout": "full_width",
                "gap": "wider",
                "structure": "30",
                "padding": {
                    "unit": "px",
                    "top": "24",
                    "right": "18",
                    "bottom": "24",
                    "left": "18",
                    "isLinked": ""
                },
                "z_index": "999",
                "__globals__": {
                    "background_color": "globals\/colors?id=ec25634",
                    "de_sticky_section_sticky_background_color": "globals\/colors?id=ec25634"
                },
                "padding_mobile": {
                    "unit": "px",
                    "top": "16",
                    "right": "0",
                    "bottom": "16",
                    "left": "0",
                    "isLinked": ""
                },
                "de_sticky_section_sticky": "yes",
                "de_sticky_section_sticky_transition": {
                    "unit": "px",
                    "size": "0.4",
                    "sizes": []
                },
                "de_sticky_section_sticky_background_background": "classic",
                "reverse_order_mobile": "reverse-mobile"
            },
            "elements": [
                {
                    "id": "25f7d8ec",
                    "settings": {
                        "_column_size": "33",
                        "content_position": "center",
                        "margin_mobile": {
                            "unit": "%",
                            "top": "0",
                            "right": "0",
                            "bottom": "0",
                            "left": "0",
                            "isLinked": ""
                        },
                        "padding": {
                            "unit": "px",
                            "top": "0",
                            "right": "0",
                            "bottom": "0",
                            "left": "30",
                            "isLinked": ""
                        },
                        "padding_mobile": {
                            "unit": "px",
                            "top": "0",
                            "right": "30",
                            "bottom": "0",
                            "left": "0",
                            "isLinked": ""
                        },
                        "z_index": "999",
                        "_inline_size": "45.6",
                        "_inline_size_tablet": "40",
                        "_inline_size_mobile": "50",
                        "align_mobile": "flex-end",
                        "padding_tablet": {
                            "unit": "px",
                            "top": "0",
                            "right": "0",
                            "bottom": "0",
                            "left": "0",
                            "isLinked": ""
                        }
                    },
                    "elements": [
                        {
                            "id": "7c30d077",
                            "settings": {
                                "menu_typography_typography": "custom",
                                "menu_typography_font_size": {
                                    "unit": "px",
                                    "size": "15",
                                    "sizes": []
                                },
                                "menu_typography_font_weight": "700",
                                "padding_horizontal_menu_item": {
                                    "unit": "px",
                                    "size": 0,
                                    "sizes": []
                                },
                                "menu_space_between": {
                                    "unit": "px",
                                    "size": 32,
                                    "sizes": []
                                },
                                "__globals__": {
                                    "color_menu_item": "globals\/colors?id=secondary",
                                    "dropdown_border_color": "globals\/colors?id=ec25634",
                                    "toggle_background_color": "globals\/colors?id=primary",
                                    "toggle_color": "globals\/colors?id=ec25634",
                                    "color_menu_item_hover": "globals\/colors?id=a047deb",
                                    "color_menu_item_active": "globals\/colors?id=a047deb",
                                    "background_color_dropdown_item_hover": "globals\/colors?id=07414c8",
                                    "color_dropdown_item_hover": "globals\/colors?id=primary",
                                    "color_dropdown_item_active": "globals\/colors?id=primary",
                                    "pointer_color_menu_item_hover": "globals\/colors?id=text",
                                    "pointer_color_menu_item_active": "globals\/colors?id=text",
                                    "toggle_color_hover": "globals\/colors?id=ec25634"
                                },
                                "indicator": "chevron",
                                "dropdown_typography_typography": "custom",
                                "dropdown_typography_font_size": {
                                    "unit": "px",
                                    "size": "15",
                                    "sizes": []
                                },
                                "dropdown_typography_font_weight": "600",
                                "dropdown_border_border": "solid",
                                "dropdown_border_width": {
                                    "unit": "px",
                                    "top": "16",
                                    "right": "16",
                                    "bottom": "16",
                                    "left": "4",
                                    "isLinked": ""
                                },
                                "dropdown_border_radius": {
                                    "unit": "px",
                                    "top": "3",
                                    "right": "3",
                                    "bottom": "3",
                                    "left": "3",
                                    "isLinked": "1"
                                },
                                "dropdown_box_shadow_box_shadow_type": "yes",
                                "dropdown_box_shadow_box_shadow": {
                                    "horizontal": "0",
                                    "vertical": "0",
                                    "blur": "46",
                                    "spread": "-10",
                                    "color": "rgba(0, 0, 0, 0.1)"
                                },
                                "padding_vertical_dropdown_item": {
                                    "unit": "px",
                                    "size": "5",
                                    "sizes": []
                                },
                                "align_items": "justify",
                                "full_width": "stretch",
                                "_element_width_tablet": "auto",
                                "padding_horizontal_dropdown_item_mobile": {
                                    "unit": "px",
                                    "size": "27",
                                    "sizes": []
                                },
                                "_margin": {
                                    "unit": "px",
                                    "top": "0",
                                    "right": "32",
                                    "bottom": "0",
                                    "left": "0",
                                    "isLinked": ""
                                },
                                "_element_width": "auto",
                                "_margin_mobile": {
                                    "unit": "px",
                                    "top": "0",
                                    "right": "0",
                                    "bottom": "0",
                                    "left": "0",
                                    "isLinked": ""
                                },
                                "pointer_width": {
                                    "unit": "px",
                                    "size": "1",
                                    "sizes": []
                                },
                                "padding_vertical_menu_item": {
                                    "unit": "px",
                                    "size": "0",
                                    "sizes": []
                                }
                            },
                            "elements": [],
                            "isInner": false,
                            "widgetType": "nav-menu",
                            "elType": "widget"
                        }
                    ],
                    "isInner": "",
                    "elType": "column"
                },
                {
                    "id": "154a116c",
                    "settings": {
                        "_column_size": "33",
                        "content_position": "center",
                        "_inline_size_mobile": "50",
                        "padding": {
                            "unit": "px",
                            "top": "0",
                            "right": "0",
                            "bottom": "0",
                            "left": "0",
                            "isLinked": ""
                        },
                        "padding_mobile": {
                            "unit": "px",
                            "top": "0",
                            "right": "0",
                            "bottom": "0",
                            "left": "30",
                            "isLinked": ""
                        },
                        "_inline_size": "8.387",
                        "z_index": "99",
                        "_inline_size_tablet": "20"
                    },
                    "elements": [
                        {
                            "id": "61dc116b",
                            "settings": {
                                "image": {
                                    "url": "http:\/\/kit.detheme.com\/pearl\/wp-content\/uploads\/sites\/46\/2020\/12\/pearl-dark.png",
                                    "id": 1083
                                },
                                "align": "center",
                                "width": {
                                    "unit": "px",
                                    "size": 79,
                                    "sizes": []
                                },
                                "align_mobile": "left"
                            },
                            "elements": [],
                            "isInner": false,
                            "widgetType": "image",
                            "elType": "widget"
                        }
                    ],
                    "isInner": "",
                    "elType": "column"
                },
                {
                    "id": "1bab3ee1",
                    "settings": {
                        "_column_size": "33",
                        "content_position": "center",
                        "_inline_size_mobile": "100",
                        "padding": {
                            "unit": "px",
                            "top": "0",
                            "right": "10",
                            "bottom": "0",
                            "left": "0",
                            "isLinked": ""
                        },
                        "padding_mobile": {
                            "unit": "px",
                            "top": "0",
                            "right": "0",
                            "bottom": "0",
                            "left": "0",
                            "isLinked": ""
                        },
                        "_inline_size_tablet": "40",
                        "align_mobile": "flex-end",
                        "align": "flex-end",
                        "_inline_size": "45.34",
                        "z_index": "99",
                        "margin_mobile": {
                            "unit": "px",
                            "top": "-1000",
                            "right": "0",
                            "bottom": "0",
                            "left": "0",
                            "isLinked": ""
                        }
                    },
                    "elements": [
                        {
                            "id": "4121ef47",
                            "settings": {
                                "toggle_button_border_color": "#FFFFFF00",
                                "toggle_button_typography_typography": "custom",
                                "toggle_button_typography_font_size": {
                                    "unit": "px",
                                    "size": 15,
                                    "sizes": []
                                },
                                "toggle_button_typography_font_weight": "600",
                                "toggle_button_typography_line_height": {
                                    "unit": "em",
                                    "size": "0.1",
                                    "sizes": []
                                },
                                "toggle_button_typography_letter_spacing": {
                                    "unit": "px",
                                    "size": "0",
                                    "sizes": []
                                },
                                "toggle_button_padding": {
                                    "unit": "px",
                                    "top": "0",
                                    "right": "0",
                                    "bottom": "0",
                                    "left": "0",
                                    "isLinked": ""
                                },
                                "_element_width": "auto",
                                "__globals__": {
                                    "toggle_button_border_color": "globals\/colors?id=07414c8",
                                    "toggle_button_typography_typography": "",
                                    "toggle_button_hover_background_color": "globals\/colors?id=07414c8",
                                    "items_indicator_background_color": "globals\/colors?id=primary",
                                    "items_indicator_text_color": "globals\/colors?id=ec25634",
                                    "toggle_button_text_color": "globals\/colors?id=secondary",
                                    "toggle_button_icon_color": "globals\/colors?id=secondary",
                                    "product_buttons_typography_typography": "globals\/typography?id=secondary",
                                    "product_title_color": "globals\/colors?id=secondary",
                                    "product_title_typography_typography": "globals\/typography?id=47eb6c6",
                                    "product_price_color": "globals\/colors?id=text",
                                    "product_price_typography_typography": "globals\/typography?id=primary",
                                    "subtotal_color": "globals\/colors?id=text",
                                    "subtotal_typography_typography": "globals\/typography?id=47eb6c6"
                                },
                                "icon": "bag-medium",
                                "_margin": {
                                    "unit": "px",
                                    "top": "0",
                                    "right": "32",
                                    "bottom": "0",
                                    "left": "0",
                                    "isLinked": ""
                                },
                                "buttons_layout": "stacked",
                                "space_between_buttons": {
                                    "unit": "px",
                                    "size": "12",
                                    "sizes": []
                                },
                                "toggle_icon_size": {
                                    "unit": "px",
                                    "size": 19,
                                    "sizes": []
                                }
                            },
                            "elements": [],
                            "isInner": false,
                            "widgetType": "woocommerce-menu-cart",
                            "elType": "widget"
                        },
                        {
                            "id": "5e2a6150",
                            "settings": {
                                "title": "Search",
                                "header_size": "div",
                                "typography_typography": "custom",
                                "typography_font_size": {
                                    "unit": "px",
                                    "size": 15,
                                    "sizes": []
                                },
                                "typography_font_weight": "600",
                                "_element_width": "auto"
                            },
                            "elements": [],
                            "isInner": false,
                            "widgetType": "heading",
                            "elType": "widget"
                        },
                        {
                            "id": "e777316",
                            "settings": {
                                "skin": "full_screen",
                                "placeholder": "Search...",
                                "button_text": "Search",
                                "toggle_icon_size": {
                                    "unit": "px",
                                    "size": 50,
                                    "sizes": []
                                },
                                "_margin": {
                                    "unit": "px",
                                    "top": "0",
                                    "right": "24",
                                    "bottom": "0",
                                    "left": "0",
                                    "isLinked": false
                                },
                                "_element_width": "auto",
                                "__globals__": {
                                    "toggle_background_color": "globals\/colors?id=07414c8",
                                    "toggle_color": "globals\/colors?id=secondary"
                                }
                            },
                            "elements": [],
                            "isInner": false,
                            "widgetType": "search-form",
                            "elType": "widget"
                        },
                        {
                            "id": "c44e2c2",
                            "settings": {
                                "selected_icon": {
                                    "value": "icon dticon-reorder-two-outline",
                                    "library": "dticon"
                                },
                                "align": "left",
                                "size": {
                                    "unit": "px",
                                    "size": 47,
                                    "sizes": []
                                },
                                "__globals__": {
                                    "primary_color": "globals\/colors?id=a047deb"
                                },
                                "_margin": {
                                    "unit": "px",
                                    "top": "0",
                                    "right": "0",
                                    "bottom": "-9",
                                    "left": "0",
                                    "isLinked": ""
                                },
                                "_element_width": "auto",
                                "__dynamic__": {
                                    "link": "[elementor-tag id=\"30b0c03\" name=\"popup\" settings=\"%7B%22popup%22%3A%221049%22%7D\"]"
                                },
                                "_z_index": "999"
                            },
                            "elements": [],
                            "isInner": false,
                            "widgetType": "icon",
                            "elType": "widget"
                        }
                    ],
                    "isInner": "",
                    "elType": "column"
                }
            ],
            "isInner": "",
            "elType": "section"
        }
    ]
}