{
    "version": "0.4",
    "title": "Pricing",
    "type": "page",
    "metadata": {
        "template_type": "single-page",
        "include_in_zip": "1",
        "elementor_pro_required": "1",
        "wp_page_template": "default"
    },
    "content": [
        {
            "id": "4ce460c1",
            "settings": {
                "gap": "wider",
                "background_background": "classic",
                "padding": {
                    "unit": "px",
                    "top": "96",
                    "right": "0",
                    "bottom": "96",
                    "left": "0",
                    "isLinked": ""
                },
                "__globals__": {
                    "background_color": "globals\/colors?id=d3ae19d"
                },
                "background_size": "contain",
                "background_overlay_background": "classic",
                "background_overlay_size": "contain",
                "background_overlay_opacity": {
                    "unit": "px",
                    "size": "0.04",
                    "sizes": []
                },
                "overlay_blend_mode": "darken",
                "padding_mobile": {
                    "unit": "px",
                    "top": "48",
                    "right": "0",
                    "bottom": "48",
                    "left": "0",
                    "isLinked": ""
                }
            },
            "elements": [
                {
                    "id": "6be818b",
                    "settings": {
                        "_column_size": "100"
                    },
                    "elements": [
                        {
                            "id": "2ba0c426",
                            "settings": {
                                "title": "Pricing",
                                "header_size": "h1",
                                "align_mobile": "center"
                            },
                            "elements": [],
                            "isInner": false,
                            "widgetType": "heading",
                            "elType": "widget"
                        }
                    ],
                    "isInner": "",
                    "elType": "column"
                }
            ],
            "isInner": "",
            "elType": "section"
        },
        {
            "id": "4ca7a4e8",
            "settings": {
                "structure": "30",
                "gap": "wider",
                "padding": {
                    "unit": "px",
                    "top": "96",
                    "right": "0",
                    "bottom": "24",
                    "left": "0",
                    "isLinked": false
                },
                "padding_tablet": {
                    "unit": "px",
                    "top": "48",
                    "right": "0",
                    "bottom": "48",
                    "left": "0",
                    "isLinked": false
                },
                "padding_mobile": {
                    "unit": "px",
                    "top": "48",
                    "right": "0",
                    "bottom": "24",
                    "left": "0",
                    "isLinked": false
                }
            },
            "elements": [
                {
                    "id": "23f20bcb",
                    "settings": {
                        "_column_size": 33,
                        "_inline_size": null,
                        "_inline_size_tablet": 100,
                        "content_position": "center"
                    },
                    "elements": [
                        {
                            "id": "6b7c0cf4",
                            "settings": {
                                "title": "Affordable prices for everyone",
                                "typography_typography": "custom",
                                "typography_line_height": {
                                    "unit": "em",
                                    "size": 1.1,
                                    "sizes": []
                                },
                                "align": "left",
                                "_margin": {
                                    "unit": "px",
                                    "top": "0",
                                    "right": "0",
                                    "bottom": "24",
                                    "left": "0",
                                    "isLinked": false
                                },
                                "typography_font_size_mobile": {
                                    "unit": "px",
                                    "size": 38,
                                    "sizes": []
                                },
                                "typography_line_height_mobile": {
                                    "unit": "em",
                                    "size": 1.3,
                                    "sizes": []
                                },
                                "align_mobile": "center",
                                "_animation": "fadeInUp",
                                "_animation_delay": 500
                            },
                            "elements": [],
                            "isInner": false,
                            "widgetType": "heading",
                            "elType": "widget"
                        },
                        {
                            "id": "55b597af",
                            "settings": {
                                "editor": "<p>Vestibulum id ligula porta felis euismod semper. semper&nbsp;Duis mollis, est non commodo luctus, nisi erat porttitor ligula<\/p>",
                                "align": "left",
                                "_margin": {
                                    "unit": "px",
                                    "top": "0",
                                    "right": "0",
                                    "bottom": "32",
                                    "left": "0",
                                    "isLinked": false
                                },
                                "align_mobile": "center"
                            },
                            "elements": [],
                            "isInner": false,
                            "widgetType": "text-editor",
                            "elType": "widget"
                        }
                    ],
                    "isInner": false,
                    "elType": "column"
                },
                {
                    "id": "b3e3027",
                    "settings": {
                        "_column_size": 33,
                        "_inline_size": null,
                        "_inline_size_tablet": 50,
                        "content_position": "bottom",
                        "padding_tablet": {
                            "unit": "px",
                            "top": "0",
                            "right": "0",
                            "bottom": "0",
                            "left": "0",
                            "isLinked": false
                        }
                    },
                    "elements": [
                        {
                            "id": "75480774",
                            "settings": {
                                "gap": "no",
                                "box_shadow_box_shadow": {
                                    "horizontal": 0,
                                    "vertical": 24,
                                    "blur": 96,
                                    "spread": -12,
                                    "color": "rgba(0, 0, 0, 0.1)"
                                },
                                "margin": {
                                    "unit": "px",
                                    "top": "0",
                                    "right": 0,
                                    "bottom": "0",
                                    "left": 0,
                                    "isLinked": false
                                },
                                "padding": {
                                    "unit": "px",
                                    "top": "48",
                                    "right": "48",
                                    "bottom": "48",
                                    "left": "48",
                                    "isLinked": true
                                },
                                "padding_mobile": {
                                    "unit": "px",
                                    "top": "48",
                                    "right": "32",
                                    "bottom": "48",
                                    "left": "32",
                                    "isLinked": false
                                },
                                "background_background": "classic",
                                "__globals__": {
                                    "background_color": "globals\/colors?id=d3ae19d"
                                },
                                "animation": "fadeInUp",
                                "animation_delay": 550
                            },
                            "elements": [
                                {
                                    "id": "475c3d0c",
                                    "settings": {
                                        "_column_size": 100,
                                        "_inline_size": null,
                                        "content_position": "bottom",
                                        "align_mobile": "center"
                                    },
                                    "elements": [
                                        {
                                            "id": "bfe2b53",
                                            "settings": {
                                                "title": "1\u244aRecommended",
                                                "header_size": "div",
                                                "align_mobile": "center",
                                                "_margin": {
                                                    "unit": "px",
                                                    "top": "0",
                                                    "right": "0",
                                                    "bottom": "24",
                                                    "left": "0",
                                                    "isLinked": false
                                                },
                                                "__globals__": {
                                                    "typography_typography": "globals\/typography?id=text",
                                                    "title_color": "globals\/colors?id=primary"
                                                }
                                            },
                                            "elements": [],
                                            "isInner": false,
                                            "widgetType": "heading",
                                            "elType": "widget"
                                        },
                                        {
                                            "id": "54a2cd19",
                                            "settings": {
                                                "title": "$675",
                                                "header_size": "div",
                                                "_margin": {
                                                    "unit": "px",
                                                    "top": "0",
                                                    "right": "0",
                                                    "bottom": "0",
                                                    "left": "0",
                                                    "isLinked": false
                                                },
                                                "_element_width": "auto",
                                                "__globals__": {
                                                    "typography_typography": "globals\/typography?id=d66b33e",
                                                    "title_color": "globals\/colors?id=secondary"
                                                }
                                            },
                                            "elements": [],
                                            "isInner": false,
                                            "widgetType": "heading",
                                            "elType": "widget"
                                        },
                                        {
                                            "id": "5863709f",
                                            "settings": {
                                                "title": "\/package",
                                                "header_size": "div",
                                                "_margin": {
                                                    "unit": "px",
                                                    "top": "0",
                                                    "right": "0",
                                                    "bottom": "8",
                                                    "left": "3",
                                                    "isLinked": false
                                                },
                                                "_element_width": "auto"
                                            },
                                            "elements": [],
                                            "isInner": false,
                                            "widgetType": "heading",
                                            "elType": "widget"
                                        },
                                        {
                                            "id": "9d0ea87",
                                            "settings": {
                                                "title": "for home",
                                                "header_size": "div",
                                                "align_mobile": "center",
                                                "typography_typography": "custom",
                                                "typography_font_size": {
                                                    "unit": "px",
                                                    "size": 21,
                                                    "sizes": []
                                                },
                                                "typography_line_height": {
                                                    "unit": "em",
                                                    "size": 1.4,
                                                    "sizes": []
                                                },
                                                "_margin": {
                                                    "unit": "px",
                                                    "top": "16",
                                                    "right": "0",
                                                    "bottom": "24",
                                                    "left": "0",
                                                    "isLinked": false
                                                },
                                                "__globals__": {
                                                    "typography_typography": "",
                                                    "title_color": ""
                                                }
                                            },
                                            "elements": [],
                                            "isInner": false,
                                            "widgetType": "heading",
                                            "elType": "widget"
                                        },
                                        {
                                            "id": "2635144f",
                                            "settings": {
                                                "icon_list": [
                                                    {
                                                        "text": "4 Chair",
                                                        "selected_icon": {
                                                            "value": "far fa-check-circle",
                                                            "library": "fa-regular"
                                                        },
                                                        "_id": "fa08360"
                                                    },
                                                    {
                                                        "text": "1 Kitchen set ",
                                                        "selected_icon": {
                                                            "value": "far fa-check-circle",
                                                            "library": "fa-regular"
                                                        },
                                                        "_id": "bb72fed"
                                                    },
                                                    {
                                                        "text": "1 Modern bathub",
                                                        "selected_icon": {
                                                            "value": "far fa-check-circle",
                                                            "library": "fa-regular"
                                                        },
                                                        "_id": "3dfd8d0"
                                                    },
                                                    {
                                                        "text": "2 Wardrobe",
                                                        "selected_icon": {
                                                            "value": "far fa-check-circle",
                                                            "library": "fa-regular"
                                                        },
                                                        "_id": "6999006"
                                                    },
                                                    {
                                                        "text": "2 Speaker",
                                                        "selected_icon": {
                                                            "value": "far fa-check-circle",
                                                            "library": "fa-regular"
                                                        },
                                                        "_id": "70eb498"
                                                    },
                                                    {
                                                        "text": "1 Studio monitor",
                                                        "selected_icon": {
                                                            "value": "far fa-check-circle",
                                                            "library": "fa-regular"
                                                        },
                                                        "_id": "d61dfb9"
                                                    }
                                                ],
                                                "space_between": {
                                                    "unit": "px",
                                                    "size": 8,
                                                    "sizes": []
                                                },
                                                "icon_align_mobile": "center",
                                                "text_indent": {
                                                    "unit": "px",
                                                    "size": 12,
                                                    "sizes": []
                                                },
                                                "_margin": {
                                                    "unit": "px",
                                                    "top": "0",
                                                    "right": "0",
                                                    "bottom": "48",
                                                    "left": "0",
                                                    "isLinked": false
                                                },
                                                "__globals__": {
                                                    "icon_color": "globals\/colors?id=primary"
                                                }
                                            },
                                            "elements": [],
                                            "isInner": false,
                                            "widgetType": "icon-list",
                                            "elType": "widget"
                                        },
                                        {
                                            "id": "18002fee",
                                            "settings": {
                                                "text": "Buy package",
                                                "_margin": {
                                                    "unit": "px",
                                                    "top": "0",
                                                    "right": "24",
                                                    "bottom": "0",
                                                    "left": "0",
                                                    "isLinked": false
                                                },
                                                "_element_width": "auto",
                                                "align_mobile": "center",
                                                "_margin_mobile": {
                                                    "unit": "px",
                                                    "top": "0",
                                                    "right": "0",
                                                    "bottom": "24",
                                                    "left": "0",
                                                    "isLinked": false
                                                },
                                                "_element_width_mobile": "inherit"
                                            },
                                            "elements": [],
                                            "isInner": false,
                                            "widgetType": "button",
                                            "elType": "widget"
                                        }
                                    ],
                                    "isInner": true,
                                    "elType": "column"
                                }
                            ],
                            "isInner": true,
                            "elType": "section"
                        }
                    ],
                    "isInner": false,
                    "elType": "column"
                },
                {
                    "id": "64fc0d4e",
                    "settings": {
                        "_column_size": 33,
                        "_inline_size": null,
                        "_inline_size_tablet": 50,
                        "padding_tablet": {
                            "unit": "px",
                            "top": "0",
                            "right": "0",
                            "bottom": "0",
                            "left": "0",
                            "isLinked": false
                        }
                    },
                    "elements": [
                        {
                            "id": "4a84ab59",
                            "settings": {
                                "gap": "no",
                                "margin": {
                                    "unit": "px",
                                    "top": "0",
                                    "right": 0,
                                    "bottom": "0",
                                    "left": 0,
                                    "isLinked": false
                                },
                                "padding": {
                                    "unit": "px",
                                    "top": "48",
                                    "right": "48",
                                    "bottom": "48",
                                    "left": "48",
                                    "isLinked": true
                                },
                                "padding_mobile": {
                                    "unit": "px",
                                    "top": "48",
                                    "right": "24",
                                    "bottom": "0",
                                    "left": "24",
                                    "isLinked": false
                                },
                                "animation": "fadeInUp",
                                "animation_delay": 600
                            },
                            "elements": [
                                {
                                    "id": "6333b321",
                                    "settings": {
                                        "_column_size": 100,
                                        "_inline_size": null,
                                        "content_position": "bottom",
                                        "align_mobile": "center"
                                    },
                                    "elements": [
                                        {
                                            "id": "3ed82e8a",
                                            "settings": {
                                                "title": "2\u244abest value",
                                                "header_size": "div",
                                                "align_mobile": "center",
                                                "_margin": {
                                                    "unit": "px",
                                                    "top": "0",
                                                    "right": "0",
                                                    "bottom": "24",
                                                    "left": "0",
                                                    "isLinked": false
                                                },
                                                "__globals__": {
                                                    "typography_typography": "globals\/typography?id=text"
                                                }
                                            },
                                            "elements": [],
                                            "isInner": false,
                                            "widgetType": "heading",
                                            "elType": "widget"
                                        },
                                        {
                                            "id": "15a2c65a",
                                            "settings": {
                                                "title": "$897",
                                                "header_size": "div",
                                                "_margin": {
                                                    "unit": "px",
                                                    "top": "0",
                                                    "right": "0",
                                                    "bottom": "0",
                                                    "left": "0",
                                                    "isLinked": false
                                                },
                                                "_element_width": "auto",
                                                "__globals__": {
                                                    "typography_typography": "globals\/typography?id=d66b33e",
                                                    "title_color": "globals\/colors?id=secondary"
                                                }
                                            },
                                            "elements": [],
                                            "isInner": false,
                                            "widgetType": "heading",
                                            "elType": "widget"
                                        },
                                        {
                                            "id": "46ca90b3",
                                            "settings": {
                                                "title": "\/package",
                                                "header_size": "div",
                                                "_margin": {
                                                    "unit": "px",
                                                    "top": "0",
                                                    "right": "0",
                                                    "bottom": "8",
                                                    "left": "3",
                                                    "isLinked": false
                                                },
                                                "_element_width": "auto"
                                            },
                                            "elements": [],
                                            "isInner": false,
                                            "widgetType": "heading",
                                            "elType": "widget"
                                        },
                                        {
                                            "id": "263e055c",
                                            "settings": {
                                                "title": "for office",
                                                "header_size": "div",
                                                "align_mobile": "center",
                                                "typography_typography": "custom",
                                                "typography_font_size": {
                                                    "unit": "px",
                                                    "size": 21,
                                                    "sizes": []
                                                },
                                                "typography_line_height": {
                                                    "unit": "em",
                                                    "size": 1.4,
                                                    "sizes": []
                                                },
                                                "_margin": {
                                                    "unit": "px",
                                                    "top": "16",
                                                    "right": "0",
                                                    "bottom": "24",
                                                    "left": "0",
                                                    "isLinked": false
                                                },
                                                "__globals__": {
                                                    "typography_typography": "",
                                                    "title_color": ""
                                                }
                                            },
                                            "elements": [],
                                            "isInner": false,
                                            "widgetType": "heading",
                                            "elType": "widget"
                                        },
                                        {
                                            "id": "22d7fc57",
                                            "settings": {
                                                "icon_list": [
                                                    {
                                                        "text": "8 Chair",
                                                        "selected_icon": {
                                                            "value": "far fa-check-circle",
                                                            "library": "fa-regular"
                                                        },
                                                        "_id": "fa08360"
                                                    },
                                                    {
                                                        "text": "2 Kitchen set ",
                                                        "selected_icon": {
                                                            "value": "far fa-check-circle",
                                                            "library": "fa-regular"
                                                        },
                                                        "_id": "bb72fed"
                                                    },
                                                    {
                                                        "text": "2 Modern bathub",
                                                        "selected_icon": {
                                                            "value": "far fa-check-circle",
                                                            "library": "fa-regular"
                                                        },
                                                        "_id": "3dfd8d0"
                                                    },
                                                    {
                                                        "text": "2 Wardrobe",
                                                        "selected_icon": {
                                                            "value": "far fa-check-circle",
                                                            "library": "fa-regular"
                                                        },
                                                        "_id": "6999006"
                                                    },
                                                    {
                                                        "text": "4 Speaker",
                                                        "selected_icon": {
                                                            "value": "far fa-check-circle",
                                                            "library": "fa-regular"
                                                        },
                                                        "_id": "70eb498"
                                                    },
                                                    {
                                                        "text": "3 Studio monitor",
                                                        "selected_icon": {
                                                            "value": "far fa-check-circle",
                                                            "library": "fa-regular"
                                                        },
                                                        "_id": "d61dfb9"
                                                    }
                                                ],
                                                "space_between": {
                                                    "unit": "px",
                                                    "size": 8,
                                                    "sizes": []
                                                },
                                                "icon_align_mobile": "center",
                                                "text_indent": {
                                                    "unit": "px",
                                                    "size": 12,
                                                    "sizes": []
                                                },
                                                "_margin": {
                                                    "unit": "px",
                                                    "top": "0",
                                                    "right": "0",
                                                    "bottom": "48",
                                                    "left": "0",
                                                    "isLinked": false
                                                },
                                                "__globals__": {
                                                    "icon_color": "globals\/colors?id=primary"
                                                }
                                            },
                                            "elements": [],
                                            "isInner": false,
                                            "widgetType": "icon-list",
                                            "elType": "widget"
                                        },
                                        {
                                            "id": "62677049",
                                            "settings": {
                                                "text": "Buy package",
                                                "_margin": {
                                                    "unit": "px",
                                                    "top": "0",
                                                    "right": "24",
                                                    "bottom": "0",
                                                    "left": "0",
                                                    "isLinked": false
                                                },
                                                "_element_width": "auto",
                                                "align_mobile": "center",
                                                "_margin_mobile": {
                                                    "unit": "px",
                                                    "top": "0",
                                                    "right": "0",
                                                    "bottom": "24",
                                                    "left": "0",
                                                    "isLinked": false
                                                },
                                                "_element_width_mobile": "inherit"
                                            },
                                            "elements": [],
                                            "isInner": false,
                                            "widgetType": "button",
                                            "elType": "widget"
                                        }
                                    ],
                                    "isInner": true,
                                    "elType": "column"
                                }
                            ],
                            "isInner": true,
                            "elType": "section"
                        }
                    ],
                    "isInner": false,
                    "elType": "column"
                }
            ],
            "isInner": false,
            "elType": "section"
        },
        {
            "id": "3aa92029",
            "settings": {
                "gap": "wider",
                "padding": {
                    "unit": "px",
                    "top": "48",
                    "right": "0",
                    "bottom": "0",
                    "left": "0",
                    "isLinked": false
                },
                "border_width": {
                    "unit": "px",
                    "top": "0",
                    "right": "0",
                    "bottom": "1",
                    "left": "0",
                    "isLinked": false
                },
                "__globals__": {
                    "border_color": "globals\/colors?id=785b64d"
                },
                "padding_mobile": {
                    "unit": "px",
                    "top": "0",
                    "right": "0",
                    "bottom": "0",
                    "left": "0",
                    "isLinked": false
                },
                "padding_tablet": {
                    "unit": "px",
                    "top": "0",
                    "right": "0",
                    "bottom": "0",
                    "left": "0",
                    "isLinked": false
                }
            },
            "elements": [
                {
                    "id": "4ba9e501",
                    "settings": {
                        "_column_size": 100,
                        "_inline_size": null
                    },
                    "elements": [
                        {
                            "id": "365738cf",
                            "settings": {
                                "carousel": [
                                    {
                                        "id": 370,
                                        "url": "http:\/\/kit.detheme.com\/pearl\/wp-content\/uploads\/sites\/46\/2020\/12\/custom-logo3-by-rio.png"
                                    },
                                    {
                                        "id": 371,
                                        "url": "http:\/\/kit.detheme.com\/pearl\/wp-content\/uploads\/sites\/46\/2020\/12\/custom-logo4-by-rio.png"
                                    },
                                    {
                                        "id": 372,
                                        "url": "http:\/\/kit.detheme.com\/pearl\/wp-content\/uploads\/sites\/46\/2020\/12\/custom-logo5-by-rio.png"
                                    },
                                    {
                                        "id": 374,
                                        "url": "http:\/\/kit.detheme.com\/pearl\/wp-content\/uploads\/sites\/46\/2020\/12\/custom-logo6-by-rio.png"
                                    },
                                    {
                                        "id": 375,
                                        "url": "http:\/\/kit.detheme.com\/pearl\/wp-content\/uploads\/sites\/46\/2020\/12\/custom-logo7-by-rio.png"
                                    },
                                    {
                                        "id": 376,
                                        "url": "http:\/\/kit.detheme.com\/pearl\/wp-content\/uploads\/sites\/46\/2020\/12\/custom-logo8-by-rio.png"
                                    },
                                    {
                                        "id": 377,
                                        "url": "http:\/\/kit.detheme.com\/pearl\/wp-content\/uploads\/sites\/46\/2020\/12\/custom-logo9-by-rio.png"
                                    },
                                    {
                                        "id": 1057,
                                        "url": "http:\/\/kit.detheme.com\/pearl\/wp-content\/uploads\/sites\/46\/2020\/12\/custom-logo12-by-rio.png"
                                    },
                                    {
                                        "id": 379,
                                        "url": "http:\/\/kit.detheme.com\/pearl\/wp-content\/uploads\/sites\/46\/2020\/12\/custom-logo13-by-rio.png"
                                    },
                                    {
                                        "id": 380,
                                        "url": "http:\/\/kit.detheme.com\/pearl\/wp-content\/uploads\/sites\/46\/2020\/12\/custom-logo14-by-rio.png"
                                    }
                                ],
                                "thumbnail_size": "medium_large",
                                "slides_to_show": "6",
                                "navigation": "none",
                                "gallery_vertical_align": "center",
                                "image_spacing": "custom",
                                "image_spacing_custom": {
                                    "unit": "px",
                                    "size": 140,
                                    "sizes": []
                                },
                                "image_border_width": {
                                    "unit": "px",
                                    "top": "10",
                                    "right": "10",
                                    "bottom": "10",
                                    "left": "10",
                                    "isLinked": true
                                },
                                "image_border_color": "#FFFFFF",
                                "slides_to_show_tablet": "4",
                                "slides_to_show_mobile": "2",
                                "autoplay_speed": 2000,
                                "speed": 700
                            },
                            "elements": [],
                            "isInner": false,
                            "widgetType": "image-carousel",
                            "elType": "widget"
                        }
                    ],
                    "isInner": false,
                    "elType": "column"
                }
            ],
            "isInner": false,
            "elType": "section"
        },
        {
            "id": "4616dee6",
            "settings": {
                "gap": "wider",
                "structure": "30",
                "padding": {
                    "unit": "px",
                    "top": "96",
                    "right": "0",
                    "bottom": "144",
                    "left": "0",
                    "isLinked": ""
                },
                "padding_tablet": {
                    "unit": "px",
                    "top": "48",
                    "right": "0",
                    "bottom": "24",
                    "left": "0",
                    "isLinked": ""
                },
                "layout": "full_width",
                "padding_mobile": {
                    "unit": "px",
                    "top": "24",
                    "right": "0",
                    "bottom": "0",
                    "left": "0",
                    "isLinked": false
                }
            },
            "elements": [
                {
                    "id": "7765e649",
                    "settings": {
                        "_column_size": 33,
                        "_inline_size": 49.951,
                        "padding": {
                            "unit": "px",
                            "top": "30",
                            "right": "50",
                            "bottom": "30",
                            "left": "30",
                            "isLinked": ""
                        },
                        "content_position_tablet": "center",
                        "margin_mobile": {
                            "unit": "px",
                            "top": "0",
                            "right": "0",
                            "bottom": "0",
                            "left": "0",
                            "isLinked": ""
                        },
                        "padding_mobile": {
                            "unit": "px",
                            "top": "0",
                            "right": "0",
                            "bottom": "0",
                            "left": "0",
                            "isLinked": ""
                        },
                        "background_background": "classic",
                        "background_image": {
                            "url": "http:\/\/kit.detheme.com\/pearl\/wp-content\/uploads\/sites\/46\/2020\/12\/man-using-typewriter-PB7YNFC.jpg",
                            "id": 347
                        },
                        "background_position": "center center",
                        "background_size": "cover",
                        "background_motion_fx_motion_fx_scrolling": "yes",
                        "background_motion_fx_translateY_effect": "yes",
                        "background_motion_fx_translateY_speed": {
                            "unit": "px",
                            "size": 1,
                            "sizes": []
                        },
                        "background_position_tablet": "center right"
                    },
                    "elements": [
                        {
                            "id": "2c4e3740",
                            "settings": {
                                "space": {
                                    "unit": "px",
                                    "size": 386,
                                    "sizes": []
                                }
                            },
                            "elements": [],
                            "isInner": false,
                            "widgetType": "spacer",
                            "elType": "widget"
                        }
                    ],
                    "isInner": false,
                    "elType": "column"
                },
                {
                    "id": "180765af",
                    "settings": {
                        "_column_size": 33,
                        "_inline_size": 3.689
                    },
                    "elements": [],
                    "isInner": false,
                    "elType": "column"
                },
                {
                    "id": "5d1722c4",
                    "settings": {
                        "_column_size": 33,
                        "_inline_size": 45.693,
                        "align": "flex-start",
                        "content_position": "center",
                        "padding": {
                            "unit": "px",
                            "top": "96",
                            "right": "0",
                            "bottom": "96",
                            "left": "30",
                            "isLinked": ""
                        },
                        "padding_tablet": {
                            "unit": "px",
                            "top": "30",
                            "right": "30",
                            "bottom": "30",
                            "left": "30",
                            "isLinked": "1"
                        }
                    },
                    "elements": [
                        {
                            "id": "eb10093",
                            "settings": {
                                "title": "3\u244aRecommended products",
                                "_margin": {
                                    "unit": "px",
                                    "top": "0",
                                    "right": "0",
                                    "bottom": "16",
                                    "left": "0",
                                    "isLinked": ""
                                },
                                "header_size": "div",
                                "align_mobile": "center",
                                "__globals__": {
                                    "typography_typography": "globals\/typography?id=text",
                                    "title_color": "globals\/colors?id=primary"
                                },
                                "align": "left",
                                "_element_width": "initial",
                                "_element_custom_width": {
                                    "unit": "px",
                                    "size": "500"
                                },
                                "_animation": "fadeInUp",
                                "_animation_delay": "200"
                            },
                            "elements": [],
                            "isInner": false,
                            "widgetType": "heading",
                            "elType": "widget"
                        },
                        {
                            "id": "3dd4f240",
                            "settings": {
                                "text": "Divider",
                                "gap": {
                                    "unit": "px",
                                    "size": "0",
                                    "sizes": []
                                },
                                "__globals__": {
                                    "color": "globals\/colors?id=07414c8"
                                }
                            },
                            "elements": [],
                            "isInner": false,
                            "widgetType": "divider",
                            "elType": "widget"
                        },
                        {
                            "id": "2e355639",
                            "settings": {
                                "title": "Popular categories",
                                "_margin": {
                                    "unit": "px",
                                    "top": "0",
                                    "right": "0",
                                    "bottom": "0",
                                    "left": "0",
                                    "isLinked": ""
                                },
                                "_element_width": "initial",
                                "_element_custom_width": {
                                    "unit": "px",
                                    "size": "500"
                                },
                                "align_mobile": "center",
                                "_animation": "fadeInUp",
                                "_animation_delay": "500"
                            },
                            "elements": [],
                            "isInner": false,
                            "widgetType": "heading",
                            "elType": "widget"
                        },
                        {
                            "id": "31a2fba7",
                            "settings": {
                                "text": "Divider",
                                "gap": {
                                    "unit": "px",
                                    "size": 16,
                                    "sizes": []
                                },
                                "__globals__": {
                                    "color": "globals\/colors?id=07414c8"
                                }
                            },
                            "elements": [],
                            "isInner": false,
                            "widgetType": "divider",
                            "elType": "widget"
                        },
                        {
                            "id": "31666c26",
                            "settings": {
                                "icon_list": [
                                    {
                                        "text": "Mattis Quam <sup>(2)<\/sup>",
                                        "selected_icon": {
                                            "value": "fas fa-circle",
                                            "library": "fa-solid"
                                        },
                                        "_id": "8b24e10",
                                        "link": {
                                            "url": "#",
                                            "is_external": "",
                                            "nofollow": "",
                                            "custom_attributes": ""
                                        }
                                    },
                                    {
                                        "text": "Sem Fusce <sup>(5)<\/sup>",
                                        "selected_icon": {
                                            "value": "fas fa-circle",
                                            "library": "fa-solid"
                                        },
                                        "link": {
                                            "url": "#",
                                            "is_external": "",
                                            "nofollow": "",
                                            "custom_attributes": ""
                                        },
                                        "_id": "d7ead8d"
                                    },
                                    {
                                        "text": "Vestibulum <sup>(1)<\/sup>",
                                        "selected_icon": {
                                            "value": "fas fa-circle",
                                            "library": "fa-solid"
                                        },
                                        "link": {
                                            "url": "#",
                                            "is_external": "",
                                            "nofollow": "",
                                            "custom_attributes": ""
                                        },
                                        "_id": "ab07b72"
                                    },
                                    {
                                        "text": "Vulputate <sup>(9)<\/sup>",
                                        "selected_icon": {
                                            "value": "fas fa-circle",
                                            "library": "fa-solid"
                                        },
                                        "link": {
                                            "url": "#",
                                            "is_external": "",
                                            "nofollow": "",
                                            "custom_attributes": ""
                                        },
                                        "_id": "85c14ea"
                                    },
                                    {
                                        "text": "VulputateSit <sup>(7)<\/sup>",
                                        "selected_icon": {
                                            "value": "fas fa-circle",
                                            "library": "fa-solid"
                                        },
                                        "link": {
                                            "url": "#",
                                            "is_external": "",
                                            "nofollow": "",
                                            "custom_attributes": ""
                                        },
                                        "_id": "1f63054"
                                    }
                                ],
                                "space_between": {
                                    "unit": "px",
                                    "size": 12,
                                    "sizes": []
                                },
                                "_element_width": "initial",
                                "_element_custom_width": {
                                    "unit": "px",
                                    "size": 250,
                                    "sizes": []
                                },
                                "__globals__": {
                                    "icon_color": "globals\/colors?id=primary",
                                    "text_color": "globals\/colors?id=text",
                                    "icon_color_hover": "globals\/colors?id=a047deb",
                                    "text_color_hover": "globals\/colors?id=a047deb"
                                },
                                "_margin_tablet": {
                                    "unit": "px",
                                    "top": "0",
                                    "right": "0",
                                    "bottom": "12",
                                    "left": "0",
                                    "isLinked": false
                                },
                                "icon_align_mobile": "center",
                                "_element_width_mobile": "inherit"
                            },
                            "elements": [],
                            "isInner": false,
                            "widgetType": "icon-list",
                            "elType": "widget"
                        },
                        {
                            "id": "2a0cd699",
                            "settings": {
                                "icon_list": [
                                    {
                                        "text": "Vulputate <sup>(9)<\/sup>",
                                        "selected_icon": {
                                            "value": "fas fa-circle",
                                            "library": "fa-solid"
                                        },
                                        "link": {
                                            "url": "#",
                                            "is_external": "",
                                            "nofollow": "",
                                            "custom_attributes": ""
                                        },
                                        "_id": "85c14ea"
                                    },
                                    {
                                        "text": "Vestibulum <sup>(1)<\/sup>",
                                        "selected_icon": {
                                            "value": "fas fa-circle",
                                            "library": "fa-solid"
                                        },
                                        "link": {
                                            "url": "#",
                                            "is_external": "",
                                            "nofollow": "",
                                            "custom_attributes": ""
                                        },
                                        "_id": "ab07b72"
                                    },
                                    {
                                        "text": "Mattis Quam <sup>(2)<\/sup>",
                                        "selected_icon": {
                                            "value": "fas fa-circle",
                                            "library": "fa-solid"
                                        },
                                        "_id": "8b24e10",
                                        "link": {
                                            "url": "#",
                                            "is_external": "",
                                            "nofollow": "",
                                            "custom_attributes": ""
                                        }
                                    },
                                    {
                                        "text": "VulputateSit <sup>(7)<\/sup>",
                                        "selected_icon": {
                                            "value": "fas fa-circle",
                                            "library": "fa-solid"
                                        },
                                        "link": {
                                            "url": "#",
                                            "is_external": "",
                                            "nofollow": "",
                                            "custom_attributes": ""
                                        },
                                        "_id": "1f63054"
                                    },
                                    {
                                        "text": "Sem Fusce <sup>(5)<\/sup>",
                                        "selected_icon": {
                                            "value": "fas fa-circle",
                                            "library": "fa-solid"
                                        },
                                        "link": {
                                            "url": "#",
                                            "is_external": "",
                                            "nofollow": "",
                                            "custom_attributes": ""
                                        },
                                        "_id": "d7ead8d"
                                    }
                                ],
                                "space_between": {
                                    "unit": "px",
                                    "size": 12,
                                    "sizes": []
                                },
                                "_element_width": "initial",
                                "_element_custom_width": {
                                    "unit": "px",
                                    "size": 250,
                                    "sizes": []
                                },
                                "__globals__": {
                                    "icon_color": "globals\/colors?id=primary",
                                    "text_color": "globals\/colors?id=text",
                                    "icon_color_hover": "globals\/colors?id=a047deb",
                                    "text_color_hover": "globals\/colors?id=a047deb"
                                },
                                "icon_align_mobile": "center",
                                "_element_width_mobile": "inherit"
                            },
                            "elements": [],
                            "isInner": false,
                            "widgetType": "icon-list",
                            "elType": "widget"
                        },
                        {
                            "id": "3c9b3908",
                            "settings": {
                                "text": "Divider",
                                "gap": {
                                    "unit": "px",
                                    "size": 16,
                                    "sizes": []
                                },
                                "__globals__": {
                                    "color": "globals\/colors?id=07414c8"
                                }
                            },
                            "elements": [],
                            "isInner": false,
                            "widgetType": "divider",
                            "elType": "widget"
                        },
                        {
                            "id": "1b9501b9",
                            "settings": {
                                "text": "Browse all categories",
                                "size": "lg",
                                "_margin": {
                                    "unit": "px",
                                    "top": "0",
                                    "right": "0",
                                    "bottom": "0",
                                    "left": "0",
                                    "isLinked": false
                                },
                                "_element_width": "auto",
                                "icon_align": "right",
                                "__globals__": {
                                    "background_color": "",
                                    "button_background_hover_color": ""
                                },
                                "align_mobile": "center",
                                "_margin_mobile": {
                                    "unit": "px",
                                    "top": "0",
                                    "right": "0",
                                    "bottom": "24",
                                    "left": "0",
                                    "isLinked": false
                                },
                                "_element_width_mobile": "inherit",
                                "icon_indent": {
                                    "unit": "px",
                                    "size": 0,
                                    "sizes": []
                                }
                            },
                            "elements": [],
                            "isInner": false,
                            "widgetType": "button",
                            "elType": "widget"
                        },
                        {
                            "id": "4640621c",
                            "settings": {
                                "text": "Divider",
                                "gap": {
                                    "unit": "px",
                                    "size": "0",
                                    "sizes": []
                                },
                                "__globals__": {
                                    "color": "globals\/colors?id=07414c8"
                                }
                            },
                            "elements": [],
                            "isInner": false,
                            "widgetType": "divider",
                            "elType": "widget"
                        }
                    ],
                    "isInner": "",
                    "elType": "column"
                }
            ],
            "isInner": "",
            "elType": "section"
        },
        {
            "id": "3a7892bb",
            "settings": {
                "padding": {
                    "unit": "px",
                    "top": "48",
                    "right": "0",
                    "bottom": "96",
                    "left": "0",
                    "isLinked": false
                }
            },
            "elements": [
                {
                    "id": "5724b061",
                    "settings": {
                        "_column_size": 100,
                        "_inline_size": null
                    },
                    "elements": [
                        {
                            "id": "226330f1",
                            "settings": {
                                "slides": [
                                    {
                                        "content": "\u201cCurabitur blandit tempus porttitor. Lorem ipsum dolor sit amet, consectetur adipiscing elit Donec ullamcorper nulla non metus auctor fringilla\u201d",
                                        "name": "Amir Khulad",
                                        "title": "Librarian",
                                        "image": {
                                            "url": "https:\/\/kit.detheme.com\/allfresh\/wp-content\/uploads\/sites\/9\/2020\/08\/slice1.jpg",
                                            "id": 241
                                        },
                                        "_id": "b8d0048"
                                    },
                                    {
                                        "content": "\u201cCurabitur blandit tempus porttitor. Lorem ipsum dolor sit amet, consectetur adipiscing elit Donec ullamcorper nulla non metus auctor fringilla\u201d",
                                        "name": "Alfonso Jones",
                                        "title": "Police Officer",
                                        "image": {
                                            "url": "https:\/\/kit.detheme.com\/allfresh\/wp-content\/uploads\/sites\/9\/2020\/08\/slice3.jpg",
                                            "id": 243
                                        },
                                        "_id": "7aa3e11"
                                    },
                                    {
                                        "content": "\u201cCurabitur blandit tempus porttitor. Lorem ipsum dolor sit amet, consectetur adipiscing elit Donec ullamcorper nulla non metus auctor fringilla\u201d",
                                        "name": "Marty Friedman",
                                        "title": "Student",
                                        "image": {
                                            "url": "https:\/\/kit.detheme.com\/allfresh\/wp-content\/uploads\/sites\/9\/2020\/08\/slice5.jpg",
                                            "id": 245
                                        },
                                        "_id": "cc64921"
                                    },
                                    {
                                        "content": "\u201cCurabitur blandit tempus porttitor. Lorem ipsum dolor sit amet, consectetur adipiscing elit Donec ullamcorper nulla non metus auctor fringilla\u201d",
                                        "name": "Romy Forando",
                                        "title": "Freelancer",
                                        "image": {
                                            "url": "https:\/\/kit.detheme.com\/allfresh\/wp-content\/uploads\/sites\/9\/2020\/08\/slice2.jpg",
                                            "id": 242
                                        },
                                        "_id": "44e661e"
                                    },
                                    {
                                        "content": "\u201cCurabitur blandit tempus porttitor. Lorem ipsum dolor sit amet, consectetur adipiscing elit Donec ullamcorper nulla non metus auctor fringilla\u201d",
                                        "name": "Patrick Liam",
                                        "title": "School Teacher",
                                        "image": {
                                            "url": "https:\/\/kit.detheme.com\/allfresh\/wp-content\/uploads\/sites\/9\/2020\/08\/slice4.jpg",
                                            "id": 244
                                        },
                                        "_id": "da6ebf4"
                                    }
                                ],
                                "alignment": "left",
                                "slides_per_view": "2",
                                "slides_to_scroll": "1",
                                "show_arrows": "",
                                "autoplay_speed": 3000,
                                "space_between": {
                                    "unit": "px",
                                    "size": 50,
                                    "sizes": []
                                },
                                "__globals__": {
                                    "content_color": "globals\/colors?id=secondary",
                                    "content_typography_typography": "globals\/typography?id=accent",
                                    "name_color": "globals\/colors?id=secondary",
                                    "name_typography_typography": "globals\/typography?id=47eb6c6",
                                    "title_color": "globals\/colors?id=8fa36e4",
                                    "title_typography_typography": "globals\/typography?id=secondary",
                                    "pagination_color": "globals\/colors?id=primary"
                                },
                                "slide_padding": {
                                    "unit": "px",
                                    "top": "0",
                                    "right": "0",
                                    "bottom": "0",
                                    "left": "0",
                                    "isLinked": true
                                }
                            },
                            "elements": [],
                            "isInner": false,
                            "widgetType": "testimonial-carousel",
                            "elType": "widget"
                        }
                    ],
                    "isInner": false,
                    "elType": "column"
                }
            ],
            "isInner": false,
            "elType": "section"
        },
        {
            "id": "588735c6",
            "settings": {
                "gap": "wider",
                "structure": "40",
                "padding": {
                    "unit": "px",
                    "top": "48",
                    "right": "0",
                    "bottom": "48",
                    "left": "0",
                    "isLinked": ""
                },
                "padding_tablet": {
                    "unit": "px",
                    "top": "48",
                    "right": "0",
                    "bottom": "48",
                    "left": "0",
                    "isLinked": ""
                },
                "background_background": "classic",
                "border_width": {
                    "unit": "px",
                    "top": "0",
                    "right": "48",
                    "bottom": "0",
                    "left": "48",
                    "isLinked": ""
                },
                "__globals__": {
                    "background_color": "globals\/colors?id=d3ae19d",
                    "border_color": "globals\/colors?id=ec25634"
                },
                "border_width_tablet": {
                    "unit": "px",
                    "top": "0",
                    "right": "0",
                    "bottom": "0",
                    "left": "0",
                    "isLinked": "1"
                },
                "padding_mobile": {
                    "unit": "px",
                    "top": "64",
                    "right": "0",
                    "bottom": "64",
                    "left": "0",
                    "isLinked": false
                }
            },
            "elements": [
                {
                    "id": "20920e89",
                    "settings": {
                        "_column_size": 25,
                        "_inline_size_tablet": 50,
                        "_inline_size_mobile": "50",
                        "padding_mobile": {
                            "unit": "px",
                            "top": "0",
                            "right": "30",
                            "bottom": "0",
                            "left": "30",
                            "isLinked": ""
                        },
                        "_inline_size": null,
                        "animation_duration": "fast"
                    },
                    "elements": [
                        {
                            "id": "63378792",
                            "settings": {
                                "selected_icon": {
                                    "value": "icon dticon-basket-outline",
                                    "library": "dticon"
                                },
                                "title_text": "Money back guarantee\u200b",
                                "description_text": "Cras mattis consectetur purus sit amet fermentum.",
                                "position": "left",
                                "title_size": "h6",
                                "icon_size": {
                                    "unit": "px",
                                    "size": "38",
                                    "sizes": []
                                },
                                "__globals__": {
                                    "primary_color": "globals\/colors?id=secondary"
                                },
                                "title_bottom_space": {
                                    "unit": "px",
                                    "size": 4,
                                    "sizes": []
                                }
                            },
                            "elements": [],
                            "isInner": false,
                            "widgetType": "icon-box",
                            "elType": "widget"
                        }
                    ],
                    "isInner": "",
                    "elType": "column"
                },
                {
                    "id": "590ee676",
                    "settings": {
                        "_column_size": 25,
                        "_inline_size_tablet": 50,
                        "_inline_size_mobile": "50",
                        "padding_mobile": {
                            "unit": "px",
                            "top": "0",
                            "right": "30",
                            "bottom": "0",
                            "left": "30",
                            "isLinked": ""
                        },
                        "_inline_size": null,
                        "animation_duration": "fast",
                        "animation_delay": 180
                    },
                    "elements": [
                        {
                            "id": "2427ae9d",
                            "settings": {
                                "selected_icon": {
                                    "value": "icon dticon-bicycle-outline",
                                    "library": "dticon"
                                },
                                "title_text": "Delivered in 24 hours",
                                "description_text": "Cras mattis consectetur purus sit amet fermentum.",
                                "position": "left",
                                "title_size": "h6",
                                "icon_size": {
                                    "unit": "px",
                                    "size": "38",
                                    "sizes": []
                                },
                                "__globals__": {
                                    "primary_color": "globals\/colors?id=secondary"
                                },
                                "title_bottom_space": {
                                    "unit": "px",
                                    "size": 4,
                                    "sizes": []
                                }
                            },
                            "elements": [],
                            "isInner": false,
                            "widgetType": "icon-box",
                            "elType": "widget"
                        }
                    ],
                    "isInner": "",
                    "elType": "column"
                },
                {
                    "id": "57f44ad3",
                    "settings": {
                        "_column_size": 25,
                        "_inline_size_tablet": 50,
                        "_inline_size_mobile": "50",
                        "padding_mobile": {
                            "unit": "px",
                            "top": "30",
                            "right": "30",
                            "bottom": "0",
                            "left": "30",
                            "isLinked": ""
                        },
                        "_inline_size": null,
                        "animation_duration": "fast",
                        "animation_delay": 340
                    },
                    "elements": [
                        {
                            "id": "15fafd75",
                            "settings": {
                                "selected_icon": {
                                    "value": "icon dticon-globe-outline",
                                    "library": "dticon"
                                },
                                "title_text": "Free shipping worldwide",
                                "description_text": "Cras mattis consectetur purus sit amet fermentum",
                                "position": "left",
                                "title_size": "h6",
                                "icon_size": {
                                    "unit": "px",
                                    "size": "38",
                                    "sizes": []
                                },
                                "__globals__": {
                                    "primary_color": "globals\/colors?id=secondary"
                                },
                                "title_bottom_space": {
                                    "unit": "px",
                                    "size": 4,
                                    "sizes": []
                                }
                            },
                            "elements": [],
                            "isInner": false,
                            "widgetType": "icon-box",
                            "elType": "widget"
                        }
                    ],
                    "isInner": "",
                    "elType": "column"
                },
                {
                    "id": "658504e4",
                    "settings": {
                        "_column_size": 25,
                        "_inline_size_tablet": 50,
                        "_inline_size_mobile": "50",
                        "padding_mobile": {
                            "unit": "px",
                            "top": "30",
                            "right": "30",
                            "bottom": "0",
                            "left": "30",
                            "isLinked": ""
                        },
                        "_inline_size": null,
                        "animation_duration": "fast",
                        "animation_delay": 460
                    },
                    "elements": [
                        {
                            "id": "7af5a2dd",
                            "settings": {
                                "selected_icon": {
                                    "value": "icon dticon-phone-portrait-outline",
                                    "library": "dticon"
                                },
                                "title_text": "Real time tracking",
                                "description_text": "Cras mattis consectetur purus sit amet fermentum.",
                                "position": "left",
                                "title_size": "h6",
                                "icon_size": {
                                    "unit": "px",
                                    "size": "38",
                                    "sizes": []
                                },
                                "__globals__": {
                                    "primary_color": "globals\/colors?id=secondary"
                                },
                                "title_bottom_space": {
                                    "unit": "px",
                                    "size": 4,
                                    "sizes": []
                                }
                            },
                            "elements": [],
                            "isInner": false,
                            "widgetType": "icon-box",
                            "elType": "widget"
                        }
                    ],
                    "isInner": "",
                    "elType": "column"
                }
            ],
            "isInner": "",
            "elType": "section"
        }
    ]
}