{
    "version": "0.4",
    "title": "Single post",
    "type": "single-post",
    "metadata": {
        "template_type": "single-page",
        "include_in_zip": "1",
        "elementor_pro_required": "1",
        "elementor_library_type": "single-post",
        "elementor_pro_conditions": [
            "include\/singular\/post"
        ],
        "additional_template_information": [
            "This is a \"Single Post\" template for Elementor Pro.",
            "This template will display on: Posts."
        ],
        "wp_page_template": "default"
    },
    "content": [
        {
            "id": "329075be",
            "settings": {
                "gap": "wider",
                "padding": {
                    "unit": "px",
                    "top": "0",
                    "right": "0",
                    "bottom": "0",
                    "left": "0",
                    "isLinked": false
                },
                "padding_tablet": {
                    "unit": "px",
                    "top": "0",
                    "right": "0",
                    "bottom": "0",
                    "left": "0",
                    "isLinked": false
                }
            },
            "elements": [
                {
                    "id": "11bae45d",
                    "settings": {
                        "_column_size": 100,
                        "_inline_size": null,
                        "align": "flex-end"
                    },
                    "elements": [
                        {
                            "id": "72c8929d",
                            "settings": {
                                "__dynamic__": {
                                    "title": "[elementor-tag id=\"\" name=\"post-title\" settings=\"%7B%22before%22%3A%22%22%2C%22after%22%3A%22%22%2C%22fallback%22%3A%22%22%7D\"]"
                                },
                                "title": "Add Your Heading Text Here",
                                "_margin": {
                                    "unit": "px",
                                    "top": "0",
                                    "right": "0",
                                    "bottom": "48",
                                    "left": "0",
                                    "isLinked": false
                                },
                                "align_mobile": "center"
                            },
                            "elements": [],
                            "isInner": false,
                            "widgetType": "theme-post-title",
                            "elType": "widget"
                        },
                        {
                            "id": "1a45d9fa",
                            "settings": {
                                "gap": "no",
                                "structure": "30",
                                "margin": {
                                    "unit": "px",
                                    "top": "0",
                                    "right": 0,
                                    "bottom": "32",
                                    "left": 0,
                                    "isLinked": false
                                },
                                "reverse_order_mobile": "reverse-mobile"
                            },
                            "elements": [
                                {
                                    "id": "17cbdf1",
                                    "settings": {
                                        "_column_size": 33,
                                        "_inline_size": 66.111
                                    },
                                    "elements": [
                                        {
                                            "id": "736c1b4e",
                                            "settings": {
                                                "__dynamic__": {
                                                    "excerpt": "[elementor-tag id=\"\" name=\"post-excerpt\" settings=\"%7B%22before%22%3A%22%22%2C%22after%22%3A%22%22%2C%22fallback%22%3A%22%22%7D\"]"
                                                },
                                                "typography_typography": "custom",
                                                "typography_font_size": {
                                                    "unit": "px",
                                                    "size": 21,
                                                    "sizes": []
                                                },
                                                "typography_line_height": {
                                                    "unit": "em",
                                                    "size": 1.4,
                                                    "sizes": []
                                                },
                                                "__globals__": {
                                                    "title_color": "globals\/colors?id=8fa36e4"
                                                },
                                                "_margin_mobile": {
                                                    "unit": "px",
                                                    "top": "0",
                                                    "right": "0",
                                                    "bottom": "24",
                                                    "left": "0",
                                                    "isLinked": false
                                                }
                                            },
                                            "elements": [],
                                            "isInner": false,
                                            "widgetType": "theme-post-excerpt",
                                            "elType": "widget"
                                        }
                                    ],
                                    "isInner": true,
                                    "elType": "column"
                                },
                                {
                                    "id": "2c54d624",
                                    "settings": {
                                        "_column_size": 33,
                                        "_inline_size": 6.111
                                    },
                                    "elements": [],
                                    "isInner": true,
                                    "elType": "column"
                                },
                                {
                                    "id": "743ea7eb",
                                    "settings": {
                                        "_column_size": 33,
                                        "_inline_size": 27.32,
                                        "align": "flex-end"
                                    },
                                    "elements": [
                                        {
                                            "id": "5e21f132",
                                            "settings": {
                                                "icon_list": [
                                                    {
                                                        "type": "author",
                                                        "selected_icon": {
                                                            "value": "far fa-user-circle",
                                                            "library": "fa-regular"
                                                        },
                                                        "_id": "867f760",
                                                        "custom_date_format": "F j, Y",
                                                        "custom_time_format": "g:i a",
                                                        "text_prefix": "by",
                                                        "avatar_size": {
                                                            "unit": "px",
                                                            "size": 49,
                                                            "sizes": []
                                                        },
                                                        "show_icon": "none"
                                                    },
                                                    {
                                                        "_id": "36ccc15",
                                                        "custom_date_format": "F j, Y",
                                                        "custom_time_format": "g:i a",
                                                        "text_prefix": "on",
                                                        "show_icon": "none"
                                                    },
                                                    {
                                                        "type": "comments",
                                                        "selected_icon": {
                                                            "value": "far fa-comment-dots",
                                                            "library": "fa-regular"
                                                        },
                                                        "_id": "edb828e",
                                                        "custom_date_format": "F j, Y",
                                                        "custom_time_format": "g:i a",
                                                        "show_icon": "none"
                                                    }
                                                ],
                                                "icon_align": "left",
                                                "icon_color": "#BABABA",
                                                "icon_align_mobile": "center",
                                                "space_between": {
                                                    "unit": "px",
                                                    "size": 18,
                                                    "sizes": []
                                                },
                                                "divider": "yes",
                                                "divider_height": {
                                                    "unit": "px",
                                                    "size": 2,
                                                    "sizes": []
                                                },
                                                "icon_size": {
                                                    "unit": "px",
                                                    "size": 20,
                                                    "sizes": []
                                                },
                                                "icon_typography_typography": "custom",
                                                "icon_typography_font_size": {
                                                    "unit": "px",
                                                    "size": 11,
                                                    "sizes": []
                                                },
                                                "_padding": {
                                                    "unit": "px",
                                                    "top": "0",
                                                    "right": "0",
                                                    "bottom": "0",
                                                    "left": "0",
                                                    "isLinked": false
                                                },
                                                "_z_index": 2,
                                                "_background_background": "classic",
                                                "_background_color": "#FFFFFF",
                                                "_element_width": "auto",
                                                "icon_typography_text_decoration": "none",
                                                "icon_typography_font_weight": "600",
                                                "icon_typography_text_transform": "uppercase",
                                                "icon_typography_letter_spacing": {
                                                    "unit": "px",
                                                    "size": 2,
                                                    "sizes": []
                                                },
                                                "view": "traditional",
                                                "__globals__": {
                                                    "text_color": "globals\/colors?id=8fa36e4",
                                                    "divider_color": "globals\/colors?id=785b64d"
                                                },
                                                "_margin_mobile": {
                                                    "unit": "px",
                                                    "top": "0",
                                                    "right": "0",
                                                    "bottom": "48",
                                                    "left": "0",
                                                    "isLinked": false
                                                },
                                                "_element_width_mobile": "inherit"
                                            },
                                            "elements": [],
                                            "isInner": false,
                                            "widgetType": "post-info",
                                            "elType": "widget"
                                        }
                                    ],
                                    "isInner": true,
                                    "elType": "column"
                                }
                            ],
                            "isInner": true,
                            "elType": "section"
                        },
                        {
                            "id": "133066a6",
                            "settings": {
                                "share_buttons": [
                                    {
                                        "_id": "a1fe5c0"
                                    },
                                    {
                                        "button": "twitter",
                                        "_id": "f2d7ea8"
                                    },
                                    {
                                        "button": "linkedin",
                                        "_id": "5ad5d14"
                                    },
                                    {
                                        "button": "pinterest",
                                        "_id": "eadbd88"
                                    }
                                ],
                                "view": "icon",
                                "shape": "circle",
                                "alignment": "left",
                                "button_size": {
                                    "unit": "px",
                                    "size": 0.55,
                                    "sizes": []
                                },
                                "icon_size": {
                                    "unit": "px",
                                    "size": 12,
                                    "sizes": []
                                },
                                "alignment_mobile": "left",
                                "_margin": {
                                    "unit": "px",
                                    "top": "0",
                                    "right": "0",
                                    "bottom": "0",
                                    "left": "0",
                                    "isLinked": false
                                },
                                "column_gap": {
                                    "unit": "px",
                                    "size": 7,
                                    "sizes": []
                                },
                                "row_gap": {
                                    "unit": "px",
                                    "size": "",
                                    "sizes": []
                                },
                                "_padding": {
                                    "unit": "px",
                                    "top": "0",
                                    "right": "37",
                                    "bottom": "0",
                                    "left": "24",
                                    "isLinked": false
                                },
                                "_z_index": 1,
                                "_background_background": "classic",
                                "_element_width": "auto",
                                "__globals__": {
                                    "primary_color": "globals\/colors?id=text",
                                    "secondary_color": "globals\/colors?id=ec25634",
                                    "primary_color_hover": "globals\/colors?id=primary",
                                    "_background_color": "globals\/colors?id=ec25634"
                                },
                                "_padding_mobile": {
                                    "unit": "px",
                                    "top": "0",
                                    "right": "0",
                                    "bottom": "0",
                                    "left": "0",
                                    "isLinked": false
                                },
                                "_element_width_mobile": "inherit"
                            },
                            "elements": [],
                            "isInner": false,
                            "widgetType": "share-buttons",
                            "elType": "widget"
                        },
                        {
                            "id": "7ce86282",
                            "settings": {
                                "text": "Divider",
                                "gap": {
                                    "unit": "px",
                                    "size": 0,
                                    "sizes": []
                                },
                                "_margin": {
                                    "unit": "px",
                                    "top": "-11",
                                    "right": "0",
                                    "bottom": "0",
                                    "left": "0",
                                    "isLinked": false
                                },
                                "__globals__": {
                                    "color": "globals\/colors?id=785b64d"
                                }
                            },
                            "elements": [],
                            "isInner": false,
                            "widgetType": "divider",
                            "elType": "widget"
                        }
                    ],
                    "isInner": false,
                    "elType": "column"
                }
            ],
            "isInner": false,
            "elType": "section"
        },
        {
            "id": "1886c2dc",
            "settings": {
                "gap": "wider",
                "structure": "30",
                "padding": {
                    "unit": "px",
                    "top": "0",
                    "right": "0",
                    "bottom": "96",
                    "left": "0",
                    "isLinked": false
                },
                "padding_tablet": {
                    "unit": "px",
                    "top": "0",
                    "right": "0",
                    "bottom": "48",
                    "left": "0",
                    "isLinked": false
                },
                "reverse_order_tablet": "reverse-tablet",
                "reverse_order_mobile": "reverse-mobile"
            },
            "elements": [
                {
                    "id": "6c12126d",
                    "settings": {
                        "_column_size": 33,
                        "_inline_size": null,
                        "_inline_size_tablet": 100,
                        "padding_mobile": {
                            "unit": "px",
                            "top": "48",
                            "right": "30",
                            "bottom": "48",
                            "left": "30",
                            "isLinked": false
                        },
                        "margin": {
                            "unit": "px",
                            "top": "0",
                            "right": "0",
                            "bottom": "0",
                            "left": "0",
                            "isLinked": false
                        },
                        "__globals__": {
                            "background_color": "globals\/colors?id=d3ae19d"
                        }
                    },
                    "elements": [
                        {
                            "id": "456c9fdd",
                            "settings": {
                                "placeholder": "Search...",
                                "button_text": "Go",
                                "icon": "arrow",
                                "size": {
                                    "unit": "px",
                                    "size": 48,
                                    "sizes": []
                                },
                                "_margin": {
                                    "unit": "px",
                                    "top": "0",
                                    "right": "0",
                                    "bottom": "48",
                                    "left": "0",
                                    "isLinked": false
                                },
                                "border_radius": {
                                    "unit": "px",
                                    "size": 0,
                                    "sizes": []
                                },
                                "button_type": "text",
                                "input_typography_font_size": {
                                    "unit": "px",
                                    "size": 11,
                                    "sizes": []
                                },
                                "input_typography_font_weight": "700",
                                "input_typography_text_transform": "uppercase",
                                "input_typography_line_height": {
                                    "unit": "em",
                                    "size": 1.5,
                                    "sizes": []
                                },
                                "input_typography_letter_spacing": {
                                    "unit": "px",
                                    "size": 3,
                                    "sizes": []
                                },
                                "button_border_width": {
                                    "unit": "px",
                                    "top": "0",
                                    "right": "0",
                                    "bottom": "0",
                                    "left": "0",
                                    "isLinked": false
                                },
                                "button_typography_typography": "custom",
                                "button_typography_font_size": {
                                    "unit": "px",
                                    "size": 11,
                                    "sizes": []
                                },
                                "button_typography_font_weight": "700",
                                "button_typography_text_transform": "uppercase",
                                "button_typography_line_height": {
                                    "unit": "em",
                                    "size": 1.5,
                                    "sizes": []
                                },
                                "button_typography_letter_spacing": {
                                    "unit": "px",
                                    "size": 3,
                                    "sizes": []
                                },
                                "button_text_color": "#FFFFFF",
                                "button_background_color": "#FF8F00",
                                "__globals__": {
                                    "input_text_color": "",
                                    "input_background_color": "globals\/colors?id=ec25634",
                                    "input_typography_typography": "",
                                    "button_typography_typography": "globals\/typography?id=secondary",
                                    "button_background_color": "globals\/colors?id=primary",
                                    "button_text_color": "globals\/colors?id=ec25634",
                                    "input_border_color": ""
                                }
                            },
                            "elements": [],
                            "isInner": false,
                            "widgetType": "search-form",
                            "elType": "widget"
                        },
                        {
                            "id": "bb413c6",
                            "settings": {
                                "height_inner": "min-height",
                                "custom_height_inner": {
                                    "unit": "px",
                                    "size": 270,
                                    "sizes": []
                                },
                                "background_background": "classic",
                                "background_image": {
                                    "id": 609,
                                    "url": "http:\/\/kit.detheme.com\/pearl\/wp-content\/uploads\/sites\/46\/2020\/12\/man-in-office-NWRRDF9.jpg"
                                },
                                "background_size": "cover",
                                "background_repeat": "no-repeat",
                                "border_width": {
                                    "unit": "px",
                                    "top": "2",
                                    "right": "2",
                                    "bottom": "2",
                                    "left": "2",
                                    "isLinked": true
                                },
                                "border_color": "#FFFFFF",
                                "margin": {
                                    "unit": "px",
                                    "top": "0",
                                    "right": 0,
                                    "bottom": "48",
                                    "left": 0,
                                    "isLinked": false
                                },
                                "background_position": "center center"
                            },
                            "elements": [
                                {
                                    "id": "561815bf",
                                    "settings": {
                                        "_column_size": 100,
                                        "_inline_size": null,
                                        "content_position": "bottom",
                                        "align": "center",
                                        "border_width": {
                                            "unit": "px",
                                            "top": "4",
                                            "right": "4",
                                            "bottom": "4",
                                            "left": "4",
                                            "isLinked": true
                                        },
                                        "border_color": "#FFFFFF",
                                        "box_shadow_box_shadow_type": "yes",
                                        "box_shadow_box_shadow": {
                                            "horizontal": 0,
                                            "vertical": 0,
                                            "blur": 0,
                                            "spread": "",
                                            "color": "#FFFFFF"
                                        },
                                        "box_shadow_box_shadow_position": "inset",
                                        "padding": {
                                            "unit": "px",
                                            "top": "0",
                                            "right": "0",
                                            "bottom": "0",
                                            "left": "0",
                                            "isLinked": true
                                        }
                                    },
                                    "elements": [
                                        {
                                            "id": "42454bdf",
                                            "settings": {
                                                "title": "Enterpreneurship",
                                                "header_size": "h6",
                                                "align": "center",
                                                "title_color": "#333333",
                                                "link": {
                                                    "url": "#",
                                                    "is_external": "",
                                                    "nofollow": "",
                                                    "custom_attributes": ""
                                                },
                                                "_padding": {
                                                    "unit": "px",
                                                    "top": "12",
                                                    "right": "24",
                                                    "bottom": "8",
                                                    "left": "24",
                                                    "isLinked": false
                                                },
                                                "_z_index": 2,
                                                "_background_background": "classic",
                                                "_element_width": "auto",
                                                "__globals__": {
                                                    "_background_color": "globals\/colors?id=ec25634"
                                                }
                                            },
                                            "elements": [],
                                            "isInner": false,
                                            "widgetType": "heading",
                                            "elType": "widget"
                                        }
                                    ],
                                    "isInner": true,
                                    "elType": "column"
                                }
                            ],
                            "isInner": true,
                            "elType": "section"
                        },
                        {
                            "id": "24ef2078",
                            "settings": {
                                "margin": {
                                    "unit": "px",
                                    "top": "0",
                                    "right": 0,
                                    "bottom": "48",
                                    "left": 0,
                                    "isLinked": false
                                }
                            },
                            "elements": [
                                {
                                    "id": "64240fa3",
                                    "settings": {
                                        "_column_size": 100,
                                        "_inline_size": null,
                                        "padding": {
                                            "unit": "px",
                                            "top": "0",
                                            "right": "0",
                                            "bottom": "0",
                                            "left": "0",
                                            "isLinked": false
                                        }
                                    },
                                    "elements": [
                                        {
                                            "id": "7ffbff59",
                                            "settings": {
                                                "width": {
                                                    "unit": "px",
                                                    "size": 238,
                                                    "sizes": []
                                                },
                                                "align": "left",
                                                "look": "line_text",
                                                "text": "What they say",
                                                "text_align": "left",
                                                "__globals__": {
                                                    "typography_typography": "globals\/typography?id=48207f0",
                                                    "text_color": "globals\/colors?id=secondary"
                                                }
                                            },
                                            "elements": [],
                                            "isInner": false,
                                            "widgetType": "divider",
                                            "elType": "widget"
                                        },
                                        {
                                            "id": "1aff4d0a",
                                            "settings": {
                                                "slides": [
                                                    {
                                                        "content": "\u201cLorem ipsum dolor sit amet, consectetur adipiscing elit. Ut elit tellus, luctus nec ullamcorper mattis, pulvinar dapibus leo\u201d",
                                                        "name": "John Doe",
                                                        "title": "Accountant, Colibri",
                                                        "_id": "074a119"
                                                    },
                                                    {
                                                        "content": "\u201cLorem ipsum dolor sit amet, consectetur adipiscing elit. Ut elit tellus, luctus nec ullamcorper mattis, pulvinar dapibus leo\u201d",
                                                        "name": "Max Powell",
                                                        "title": "CEO, Falcon",
                                                        "_id": "eb46ccf"
                                                    },
                                                    {
                                                        "content": "\u201cLorem ipsum dolor sit amet, consectetur adipiscing elit. Ut elit tellus, luctus nec ullamcorper mattis, pulvinar dapibus leo\u201d",
                                                        "name": "Alex Palo",
                                                        "title": "Owner, Eagle",
                                                        "_id": "5439117"
                                                    }
                                                ],
                                                "alignment": "left",
                                                "show_arrows": "",
                                                "speed": 900,
                                                "slide_padding": {
                                                    "unit": "px",
                                                    "top": "0",
                                                    "right": "0",
                                                    "bottom": "0",
                                                    "left": "0",
                                                    "isLinked": false
                                                },
                                                "content_typography_typography": "custom",
                                                "content_typography_font_size": {
                                                    "unit": "px",
                                                    "size": 18,
                                                    "sizes": []
                                                },
                                                "content_typography_font_weight": "100",
                                                "content_typography_font_style": "normal",
                                                "name_color": "#333333",
                                                "name_typography_typography": "custom",
                                                "name_typography_font_size": {
                                                    "unit": "px",
                                                    "size": 16,
                                                    "sizes": []
                                                },
                                                "name_typography_font_weight": "700",
                                                "title_typography_typography": "custom",
                                                "title_typography_font_size": {
                                                    "unit": "px",
                                                    "size": 11,
                                                    "sizes": []
                                                },
                                                "title_typography_font_weight": "500",
                                                "title_typography_text_transform": "uppercase",
                                                "title_typography_letter_spacing": {
                                                    "unit": "px",
                                                    "size": 2,
                                                    "sizes": []
                                                },
                                                "_margin": {
                                                    "unit": "px",
                                                    "top": "0",
                                                    "right": "-9",
                                                    "bottom": "0",
                                                    "left": "-9",
                                                    "isLinked": false
                                                },
                                                "pagination_size": {
                                                    "unit": "px",
                                                    "size": 4,
                                                    "sizes": []
                                                }
                                            },
                                            "elements": [],
                                            "isInner": false,
                                            "widgetType": "testimonial-carousel",
                                            "elType": "widget"
                                        }
                                    ],
                                    "isInner": true,
                                    "elType": "column"
                                }
                            ],
                            "isInner": true,
                            "elType": "section"
                        },
                        {
                            "id": "62447bf8",
                            "settings": {
                                "margin": {
                                    "unit": "px",
                                    "top": "0",
                                    "right": 0,
                                    "bottom": "48",
                                    "left": 0,
                                    "isLinked": false
                                }
                            },
                            "elements": [
                                {
                                    "id": "66cf9d3f",
                                    "settings": {
                                        "_column_size": 100,
                                        "_inline_size": null,
                                        "padding": {
                                            "unit": "px",
                                            "top": "0",
                                            "right": "0",
                                            "bottom": "0",
                                            "left": "0",
                                            "isLinked": false
                                        }
                                    },
                                    "elements": [
                                        {
                                            "id": "4d02643c",
                                            "settings": {
                                                "width": {
                                                    "unit": "px",
                                                    "size": 186,
                                                    "sizes": []
                                                },
                                                "align": "left",
                                                "look": "line_text",
                                                "text": "Follow us",
                                                "text_align": "left",
                                                "__globals__": {
                                                    "typography_typography": "globals\/typography?id=48207f0",
                                                    "text_color": "globals\/colors?id=secondary"
                                                }
                                            },
                                            "elements": [],
                                            "isInner": false,
                                            "widgetType": "divider",
                                            "elType": "widget"
                                        },
                                        {
                                            "id": "27be22cd",
                                            "settings": {
                                                "social_icon_list": [
                                                    {
                                                        "social_icon": {
                                                            "value": "fab fa-facebook",
                                                            "library": "fa-brands"
                                                        },
                                                        "_id": "137cd67"
                                                    },
                                                    {
                                                        "social_icon": {
                                                            "value": "fab fa-twitter",
                                                            "library": "fa-brands"
                                                        },
                                                        "_id": "eaa720a"
                                                    },
                                                    {
                                                        "social_icon": {
                                                            "value": "fab fa-youtube",
                                                            "library": "fa-brands"
                                                        },
                                                        "_id": "3790639"
                                                    },
                                                    {
                                                        "social_icon": {
                                                            "value": "fab fa-instagram",
                                                            "library": "fa-brands"
                                                        },
                                                        "link": {
                                                            "url": "#",
                                                            "is_external": "true",
                                                            "nofollow": "",
                                                            "custom_attributes": ""
                                                        },
                                                        "_id": "0b75838"
                                                    },
                                                    {
                                                        "social_icon": {
                                                            "value": "fab fa-pinterest",
                                                            "library": "fa-brands"
                                                        },
                                                        "link": {
                                                            "url": "#",
                                                            "is_external": "true",
                                                            "nofollow": "",
                                                            "custom_attributes": ""
                                                        },
                                                        "_id": "777ff3b"
                                                    }
                                                ],
                                                "align": "left",
                                                "icon_color": "custom",
                                                "icon_primary_color": "rgba(255, 255, 255, 0)",
                                                "icon_secondary_color": "#333333",
                                                "icon_size": {
                                                    "unit": "px",
                                                    "size": 17,
                                                    "sizes": []
                                                },
                                                "image_border_border": "solid",
                                                "image_border_width": {
                                                    "unit": "px",
                                                    "top": "1",
                                                    "right": "1",
                                                    "bottom": "1",
                                                    "left": "1",
                                                    "isLinked": true
                                                },
                                                "image_border_color": "#5A5A5A",
                                                "border_radius": {
                                                    "unit": "%",
                                                    "top": "50",
                                                    "right": "50",
                                                    "bottom": "50",
                                                    "left": "50",
                                                    "isLinked": true
                                                },
                                                "_margin": {
                                                    "unit": "px",
                                                    "top": "0",
                                                    "right": "0",
                                                    "bottom": "0",
                                                    "left": "0",
                                                    "isLinked": false
                                                },
                                                "_padding": {
                                                    "unit": "px",
                                                    "top": "0",
                                                    "right": "0",
                                                    "bottom": "0",
                                                    "left": "0",
                                                    "isLinked": false
                                                },
                                                "align_tablet": "center"
                                            },
                                            "elements": [],
                                            "isInner": false,
                                            "widgetType": "social-icons",
                                            "elType": "widget"
                                        }
                                    ],
                                    "isInner": true,
                                    "elType": "column"
                                }
                            ],
                            "isInner": true,
                            "elType": "section"
                        },
                        {
                            "id": "35f7fa9b",
                            "settings": {
                                "gap": "no",
                                "margin": {
                                    "unit": "px",
                                    "top": "0",
                                    "right": 0,
                                    "bottom": "0",
                                    "left": 0,
                                    "isLinked": false
                                }
                            },
                            "elements": [
                                {
                                    "id": "285b62c8",
                                    "settings": {
                                        "_column_size": 100,
                                        "_inline_size": null
                                    },
                                    "elements": [
                                        {
                                            "id": "25df751f",
                                            "settings": {
                                                "width": {
                                                    "unit": "px",
                                                    "size": 238,
                                                    "sizes": []
                                                },
                                                "align": "left",
                                                "look": "line_text",
                                                "text": "Recent posts",
                                                "text_align": "left",
                                                "__globals__": {
                                                    "typography_typography": "globals\/typography?id=48207f0",
                                                    "text_color": "globals\/colors?id=secondary"
                                                }
                                            },
                                            "elements": [],
                                            "isInner": false,
                                            "widgetType": "divider",
                                            "elType": "widget"
                                        },
                                        {
                                            "id": "22d2af17",
                                            "settings": {
                                                "wp": {
                                                    "title": "&nbsp;",
                                                    "number": "5"
                                                },
                                                "_margin": {
                                                    "unit": "px",
                                                    "top": "-53",
                                                    "right": "0",
                                                    "bottom": "48",
                                                    "left": "0",
                                                    "isLinked": false
                                                }
                                            },
                                            "elements": [],
                                            "isInner": false,
                                            "widgetType": "wp-widget-recent-posts",
                                            "elType": "widget"
                                        }
                                    ],
                                    "isInner": true,
                                    "elType": "column"
                                }
                            ],
                            "isInner": true,
                            "elType": "section"
                        },
                        {
                            "id": "710b59e8",
                            "settings": {
                                "gap": "no",
                                "margin_tablet": {
                                    "unit": "px",
                                    "top": "0",
                                    "right": 0,
                                    "bottom": "48",
                                    "left": 0,
                                    "isLinked": false
                                },
                                "margin": {
                                    "unit": "px",
                                    "top": "0",
                                    "right": 0,
                                    "bottom": "48",
                                    "left": 0,
                                    "isLinked": false
                                }
                            },
                            "elements": [
                                {
                                    "id": "7104fbb1",
                                    "settings": {
                                        "_column_size": 100,
                                        "_inline_size": null
                                    },
                                    "elements": [
                                        {
                                            "id": "2e697e20",
                                            "settings": {
                                                "align": "left",
                                                "look": "line_text",
                                                "text": "Subscribe Newsletter",
                                                "text_align": "left",
                                                "__globals__": {
                                                    "typography_typography": "globals\/typography?id=48207f0",
                                                    "text_color": "globals\/colors?id=secondary"
                                                }
                                            },
                                            "elements": [],
                                            "isInner": false,
                                            "widgetType": "divider",
                                            "elType": "widget"
                                        },
                                        {
                                            "id": "51d5882c",
                                            "settings": {
                                                "editor": "<p>Integer posuere erat a ante venenatis dapibus posuere velit aliquet sites ulla vitae elit libero\u00a0<\/p>",
                                                "text_color": "#777777",
                                                "typography_typography": "custom",
                                                "typography_font_size": {
                                                    "unit": "px",
                                                    "size": 16,
                                                    "sizes": []
                                                }
                                            },
                                            "elements": [],
                                            "isInner": false,
                                            "widgetType": "text-editor",
                                            "elType": "widget"
                                        },
                                        {
                                            "id": "766bcb04",
                                            "settings": {
                                                "form_name": "New Form",
                                                "form_fields": [
                                                    {
                                                        "custom_id": "name",
                                                        "field_label": "Name",
                                                        "placeholder": "Name",
                                                        "_id": "806f58b",
                                                        "previous_button": "",
                                                        "next_button": "",
                                                        "file_sizes": "",
                                                        "file_types": "",
                                                        "allow_multiple_upload": "",
                                                        "max_files": "",
                                                        "acceptance_text": "",
                                                        "checked_by_default": "",
                                                        "field_min": "",
                                                        "field_max": "",
                                                        "min_date": "",
                                                        "max_date": "",
                                                        "use_native_date": "",
                                                        "use_native_time": ""
                                                    },
                                                    {
                                                        "custom_id": "email",
                                                        "field_type": "email",
                                                        "required": "true",
                                                        "field_label": "Email",
                                                        "placeholder": "Email",
                                                        "_id": "5f223ab",
                                                        "previous_button": "",
                                                        "next_button": "",
                                                        "file_sizes": "",
                                                        "file_types": "",
                                                        "allow_multiple_upload": "",
                                                        "max_files": "",
                                                        "acceptance_text": "",
                                                        "checked_by_default": "",
                                                        "field_min": "",
                                                        "field_max": "",
                                                        "min_date": "",
                                                        "max_date": "",
                                                        "use_native_date": "",
                                                        "use_native_time": ""
                                                    }
                                                ],
                                                "show_labels": "",
                                                "step_next_label": "Next",
                                                "step_previous_label": "Previous",
                                                "button_text": "Subscribe",
                                                "submit_actions": [
                                                    "email",
                                                    "mailchimp"
                                                ],
                                                "email_content": "[all-fields]",
                                                "email_content_2": "[all-fields]",
                                                "success_message": "The form was sent successfully.",
                                                "error_message": "An error occured.",
                                                "required_field_message": "This field is required.",
                                                "invalid_message": "There's something wrong. The form is invalid.",
                                                "row_gap": {
                                                    "unit": "px",
                                                    "size": 18,
                                                    "sizes": []
                                                },
                                                "field_background_color": "#FFFFFF"
                                            },
                                            "elements": [],
                                            "isInner": false,
                                            "widgetType": "form",
                                            "elType": "widget"
                                        }
                                    ],
                                    "isInner": true,
                                    "elType": "column"
                                }
                            ],
                            "isInner": true,
                            "elType": "section"
                        },
                        {
                            "id": "a06c131",
                            "settings": {
                                "height_inner": "min-height",
                                "custom_height_inner": {
                                    "unit": "px",
                                    "size": 270,
                                    "sizes": []
                                },
                                "background_background": "classic",
                                "background_image": {
                                    "id": 461,
                                    "url": "http:\/\/kit.detheme.com\/pearl\/wp-content\/uploads\/sites\/46\/2020\/12\/contemporary-modern-kitchen-armchair-with-wooden-f-NK94Y53.jpg"
                                },
                                "background_size": "cover",
                                "background_repeat": "no-repeat",
                                "border_width": {
                                    "unit": "px",
                                    "top": "2",
                                    "right": "2",
                                    "bottom": "2",
                                    "left": "2",
                                    "isLinked": true
                                },
                                "border_color": "#FFFFFF",
                                "margin": {
                                    "unit": "px",
                                    "top": "0",
                                    "right": 0,
                                    "bottom": "48",
                                    "left": 0,
                                    "isLinked": false
                                },
                                "background_position": "center center"
                            },
                            "elements": [
                                {
                                    "id": "e62c45d",
                                    "settings": {
                                        "_column_size": 100,
                                        "_inline_size": null,
                                        "content_position": "bottom",
                                        "align": "center",
                                        "border_width": {
                                            "unit": "px",
                                            "top": "4",
                                            "right": "4",
                                            "bottom": "4",
                                            "left": "4",
                                            "isLinked": true
                                        },
                                        "border_color": "#FFFFFF",
                                        "box_shadow_box_shadow_type": "yes",
                                        "box_shadow_box_shadow": {
                                            "horizontal": 0,
                                            "vertical": 0,
                                            "blur": 0,
                                            "spread": "",
                                            "color": "#FFFFFF"
                                        },
                                        "box_shadow_box_shadow_position": "inset",
                                        "padding": {
                                            "unit": "px",
                                            "top": "0",
                                            "right": "0",
                                            "bottom": "0",
                                            "left": "0",
                                            "isLinked": true
                                        }
                                    },
                                    "elements": [
                                        {
                                            "id": "7e441dde",
                                            "settings": {
                                                "title": "Fines items",
                                                "header_size": "h6",
                                                "align": "center",
                                                "title_color": "#333333",
                                                "link": {
                                                    "url": "#",
                                                    "is_external": "",
                                                    "nofollow": "",
                                                    "custom_attributes": ""
                                                },
                                                "_padding": {
                                                    "unit": "px",
                                                    "top": "12",
                                                    "right": "24",
                                                    "bottom": "8",
                                                    "left": "24",
                                                    "isLinked": false
                                                },
                                                "_z_index": 2,
                                                "_background_background": "classic",
                                                "_element_width": "auto",
                                                "__globals__": {
                                                    "_background_color": "globals\/colors?id=ec25634"
                                                }
                                            },
                                            "elements": [],
                                            "isInner": false,
                                            "widgetType": "heading",
                                            "elType": "widget"
                                        }
                                    ],
                                    "isInner": true,
                                    "elType": "column"
                                }
                            ],
                            "isInner": true,
                            "elType": "section"
                        }
                    ],
                    "isInner": false,
                    "elType": "column"
                },
                {
                    "id": "a4039a2",
                    "settings": {
                        "_column_size": 33,
                        "_inline_size": 4.035,
                        "align": "center",
                        "padding": {
                            "unit": "px",
                            "top": "0",
                            "right": "0",
                            "bottom": "0",
                            "left": "0",
                            "isLinked": false
                        }
                    },
                    "elements": [
                        {
                            "id": "15311c65",
                            "settings": {
                                "space": {
                                    "unit": "px",
                                    "size": 2200,
                                    "sizes": []
                                },
                                "_margin": {
                                    "unit": "px",
                                    "top": "-41",
                                    "right": "0",
                                    "bottom": "0",
                                    "left": "0",
                                    "isLinked": false
                                },
                                "_background_background": "classic",
                                "_element_width": "initial",
                                "_element_custom_width": {
                                    "unit": "px",
                                    "size": 1,
                                    "sizes": []
                                },
                                "__globals__": {
                                    "_background_color": "globals\/colors?id=785b64d"
                                },
                                "space_tablet": {
                                    "unit": "px",
                                    "size": 0,
                                    "sizes": []
                                },
                                "_margin_tablet": {
                                    "unit": "px",
                                    "top": "0",
                                    "right": "10000",
                                    "bottom": "0",
                                    "left": "0",
                                    "isLinked": false
                                }
                            },
                            "elements": [],
                            "isInner": false,
                            "widgetType": "spacer",
                            "elType": "widget"
                        }
                    ],
                    "isInner": false,
                    "elType": "column"
                },
                {
                    "id": "7622052f",
                    "settings": {
                        "_column_size": 33,
                        "_inline_size": 62.297,
                        "_inline_size_tablet": 100,
                        "padding_mobile": {
                            "unit": "px",
                            "top": "0",
                            "right": "30",
                            "bottom": "30",
                            "left": "30",
                            "isLinked": false
                        }
                    },
                    "elements": [
                        {
                            "id": "36388117",
                            "settings": [],
                            "elements": [],
                            "isInner": false,
                            "widgetType": "theme-post-content",
                            "elType": "widget"
                        },
                        {
                            "id": "6dc9979c",
                            "settings": {
                                "structure": "20",
                                "gap": "no",
                                "margin": {
                                    "unit": "px",
                                    "top": "32",
                                    "right": 0,
                                    "bottom": "0",
                                    "left": 0,
                                    "isLinked": false
                                }
                            },
                            "elements": [
                                {
                                    "id": "72acbb8",
                                    "settings": {
                                        "_column_size": 50,
                                        "_inline_size": null,
                                        "content_position": "center"
                                    },
                                    "elements": [
                                        {
                                            "id": "26493cfa",
                                            "settings": {
                                                "share_buttons": [
                                                    {
                                                        "_id": "a1fe5c0"
                                                    },
                                                    {
                                                        "button": "twitter",
                                                        "_id": "f2d7ea8"
                                                    },
                                                    {
                                                        "button": "linkedin",
                                                        "_id": "5ad5d14"
                                                    },
                                                    {
                                                        "button": "pinterest",
                                                        "_id": "eadbd88"
                                                    }
                                                ],
                                                "view": "icon",
                                                "shape": "circle",
                                                "alignment": "left",
                                                "button_size": {
                                                    "unit": "px",
                                                    "size": 0.55,
                                                    "sizes": []
                                                },
                                                "icon_size": {
                                                    "unit": "px",
                                                    "size": 15,
                                                    "sizes": []
                                                },
                                                "primary_color": "#E69E86",
                                                "primary_color_hover": "#4B8B61",
                                                "alignment_mobile": "center",
                                                "_margin": {
                                                    "unit": "px",
                                                    "top": "0",
                                                    "right": "0",
                                                    "bottom": "0",
                                                    "left": "0",
                                                    "isLinked": false
                                                },
                                                "_margin_mobile": {
                                                    "unit": "px",
                                                    "top": "0",
                                                    "right": "0",
                                                    "bottom": "16",
                                                    "left": "0",
                                                    "isLinked": false
                                                }
                                            },
                                            "elements": [],
                                            "isInner": false,
                                            "widgetType": "share-buttons",
                                            "elType": "widget"
                                        }
                                    ],
                                    "isInner": true,
                                    "elType": "column"
                                },
                                {
                                    "id": "2b8ad6a2",
                                    "settings": {
                                        "_column_size": 50,
                                        "_inline_size": null,
                                        "content_position": "center",
                                        "padding": {
                                            "unit": "px",
                                            "top": "0",
                                            "right": "0",
                                            "bottom": "0",
                                            "left": "0",
                                            "isLinked": false
                                        }
                                    },
                                    "elements": [
                                        {
                                            "id": "52ed0643",
                                            "settings": {
                                                "icon_list": [
                                                    {
                                                        "type": "terms",
                                                        "custom_date_format": "F j, Y",
                                                        "custom_time_format": "g:i a",
                                                        "taxonomy": "post_tag",
                                                        "_id": "42d1372"
                                                    }
                                                ],
                                                "icon_align": "right",
                                                "icon_size": {
                                                    "unit": "px",
                                                    "size": 10,
                                                    "sizes": []
                                                },
                                                "text_indent": {
                                                    "unit": "px",
                                                    "size": 13,
                                                    "sizes": []
                                                },
                                                "icon_color": "#6B6B6B",
                                                "__globals__": {
                                                    "text_color": "globals\/colors?id=8fa36e4",
                                                    "icon_typography_typography": "globals\/typography?id=906ded2"
                                                },
                                                "icon_align_mobile": "center"
                                            },
                                            "elements": [],
                                            "isInner": false,
                                            "widgetType": "post-info",
                                            "elType": "widget"
                                        }
                                    ],
                                    "isInner": true,
                                    "elType": "column"
                                }
                            ],
                            "isInner": true,
                            "elType": "section"
                        },
                        {
                            "id": "85cb541",
                            "settings": {
                                "margin": {
                                    "unit": "px",
                                    "top": "0",
                                    "right": 0,
                                    "bottom": "24",
                                    "left": 0,
                                    "isLinked": false
                                }
                            },
                            "elements": [
                                {
                                    "id": "4d9b703d",
                                    "settings": {
                                        "_column_size": 100,
                                        "_inline_size": null,
                                        "padding": {
                                            "unit": "px",
                                            "top": "0",
                                            "right": "0",
                                            "bottom": "0",
                                            "left": "0",
                                            "isLinked": false
                                        }
                                    },
                                    "elements": [
                                        {
                                            "id": "1e1eedae",
                                            "settings": {
                                                "text": "Divider",
                                                "gap": {
                                                    "unit": "px",
                                                    "size": 32,
                                                    "sizes": []
                                                },
                                                "__globals__": {
                                                    "color": "globals\/colors?id=785b64d"
                                                }
                                            },
                                            "elements": [],
                                            "isInner": false,
                                            "widgetType": "divider",
                                            "elType": "widget"
                                        },
                                        {
                                            "id": "2f744a9f",
                                            "settings": {
                                                "author_name": "John Doe",
                                                "author_bio": "Lorem ipsum dolor sit amet consectetur adipiscing elit dolor",
                                                "link_text": "All Posts",
                                                "image_size_mobile": {
                                                    "unit": "px",
                                                    "size": 40,
                                                    "sizes": []
                                                },
                                                "bio_typography_typography": "custom",
                                                "bio_typography_font_size": {
                                                    "unit": "px",
                                                    "size": 16,
                                                    "sizes": []
                                                },
                                                "bio_typography_line_height": {
                                                    "unit": "em",
                                                    "size": 1.5,
                                                    "sizes": []
                                                },
                                                "author_avatar": {
                                                    "id": 980,
                                                    "url": "http:\/\/kit.detheme.com\/pearl\/wp-content\/uploads\/sites\/46\/2020\/12\/placeholder-1.png"
                                                },
                                                "link_to": "website",
                                                "name_typography_typography": "custom",
                                                "author_name_tag": "h5"
                                            },
                                            "elements": [],
                                            "isInner": false,
                                            "widgetType": "author-box",
                                            "elType": "widget"
                                        },
                                        {
                                            "id": "51096385",
                                            "settings": {
                                                "text": "Divider",
                                                "gap": {
                                                    "unit": "px",
                                                    "size": 32,
                                                    "sizes": []
                                                },
                                                "__globals__": {
                                                    "color": "globals\/colors?id=785b64d"
                                                }
                                            },
                                            "elements": [],
                                            "isInner": false,
                                            "widgetType": "divider",
                                            "elType": "widget"
                                        }
                                    ],
                                    "isInner": true,
                                    "elType": "column"
                                }
                            ],
                            "isInner": true,
                            "elType": "section"
                        },
                        {
                            "id": "497b102c",
                            "settings": [],
                            "elements": [
                                {
                                    "id": "1c4fdaf6",
                                    "settings": {
                                        "_column_size": 100,
                                        "_inline_size": null,
                                        "padding": {
                                            "unit": "px",
                                            "top": "0",
                                            "right": "0",
                                            "bottom": "0",
                                            "left": "0",
                                            "isLinked": false
                                        }
                                    },
                                    "elements": [
                                        {
                                            "id": "fd322ac",
                                            "settings": {
                                                "_skin": "theme_comments"
                                            },
                                            "elements": [],
                                            "isInner": false,
                                            "widgetType": "post-comments",
                                            "elType": "widget"
                                        }
                                    ],
                                    "isInner": true,
                                    "elType": "column"
                                }
                            ],
                            "isInner": true,
                            "elType": "section"
                        }
                    ],
                    "isInner": false,
                    "elType": "column"
                }
            ],
            "isInner": false,
            "elType": "section"
        }
    ]
}