{"content":[{"id":"41819652","settings":{"background_background":"classic","background_image":{"id":"3877","url":"https:\/\/cliente.shazamlnv.com\/setasolar\/wp-content\/uploads\/2022\/04\/dancer-tossing-hair.jpg"},"background_position":"center center","background_attachment":"fixed","background_repeat":"no-repeat","background_size":"cover","background_overlay_background":"classic","background_overlay_color":"#222428","background_overlay_opacity":{"unit":"px","size":0.59999999999999997779553950749686919152736663818359375},"padding":{"unit":"em","top":"","right":"","bottom":"","left":"","isLinked":true},"shape_divider_bottom":"curve","shape_divider_bottom_color":"#ffffff","shape_divider_bottom_width":{"unit":"%","size":105,"sizes":[]},"shape_divider_bottom_height":{"unit":"px","size":55,"sizes":[]},"custom_height":{"unit":"vh","size":100,"sizes":[]},"shape_divider_bottom_width_mobile":{"unit":"%","size":111,"sizes":[]},"shape_divider_bottom_height_mobile":{"unit":"px","size":22,"sizes":[]},"padding_mobile":{"unit":"em","top":"4","right":"0","bottom":"4","left":"0","isLinked":false},"height":"min-height","structure":"20"},"elements":[{"id":"ea3e7ea","settings":{"_column_size":50,"space_between_widgets":0,"background_color":"#f9f9f9","padding":{"unit":"px","top":"0","right":"0","bottom":"0","left":"0","isLinked":false},"_inline_size":null,"padding_tablet":{"unit":"em","top":"1","right":"1","bottom":"1","left":"1","isLinked":true}},"elements":[{"id":"368d3fd0","settings":{"title":"Join today and get 10% off","title_color":"#d2b29b","typography_typography":"custom","typography_font_family":"Karla","typography_font_size":{"unit":"em","size":0.90000000000000002220446049250313080847263336181640625},"typography_font_weight":"600","typography_text_transform":"uppercase","typography_letter_spacing":{"unit":"px","size":1.600000000000000088817841970012523233890533447265625},"_padding":{"unit":"em","top":"0.4","right":"0","bottom":"1.3","left":"0","isLinked":false},"typography_font_size_mobile":{"unit":"em","size":0.83999999999999996891375531049561686813831329345703125,"sizes":[]},"typography_line_height":{"unit":"em","size":1.399999999999999911182158029987476766109466552734375},"header_size":"h3","align":"left","align_mobile":"center"},"elements":[],"isInner":false,"widgetType":"heading","elType":"widget"},{"id":"36e7899","settings":{"title":"Start Your Dance Journey","header_size":"h1","align":"left","title_color":"#ffffff","typography_typography":"custom","typography_font_family":"Karla","typography_font_size":{"unit":"em","size":5.0999999999999996447286321199499070644378662109375},"typography_font_weight":"700","typography_letter_spacing":{"unit":"px","size":-3},"_padding":{"unit":"em","top":"0.4","right":"0","bottom":"0.4","left":"0","isLinked":false},"typography_font_size_tablet":{"unit":"em","size":3.79999999999999982236431605997495353221893310546875,"sizes":[]},"typography_font_size_mobile":{"unit":"px","size":45},"typography_line_height":{"unit":"em","size":1},"align_mobile":"center"},"elements":[],"isInner":false,"widgetType":"heading","elType":"widget"},{"id":"4bdd457f","settings":{"editor":"<p>Sem laoreet id donec ultrices tincidunt arcu vitae congue eu conseq arcu non odio id lacinia at qui vulputate ac torto vitae faucibus.<\/p>","align":"left","text_color":"#c4c4ce","typography_typography":"custom","typography_font_family":"Lora","typography_font_size":{"unit":"em","size":1.04000000000000003552713678800500929355621337890625,"sizes":[]},"typography_font_weight":"400","typography_line_height":{"unit":"em","size":2,"sizes":[]},"align_mobile":"center"},"elements":[],"isInner":false,"widgetType":"text-editor","elType":"widget"}],"isInner":false,"elType":"column"},{"id":"79ecce67","settings":{"_column_size":50,"_inline_size":null,"content_position":"center"},"elements":[{"id":"21bd71b","settings":{"content_width":{"unit":"px","size":500,"sizes":[]},"structure":"20","padding":{"unit":"em","top":"0","right":"0","bottom":"2","left":"0","isLinked":false},"padding_tablet":{"unit":"em","top":"0","right":"0","bottom":"0","left":"3","isLinked":false},"padding_mobile":{"unit":"%","top":"8","right":"8","bottom":"8","left":"0","isLinked":false}},"elements":[{"id":"1aa0874","settings":{"_column_size":50,"_inline_size":36.2000000000000028421709430404007434844970703125,"_inline_size_tablet":31,"_inline_size_mobile":100,"padding_mobile":{"unit":"em","top":"0","right":"6","bottom":"1","left":"6","isLinked":false}},"elements":[{"id":"833142","settings":{"youtube_url":"https:\/\/www.youtube.com\/watch?v=Wf0eVWVevns","vimeo_url":"https:\/\/vimeo.com\/235215203","dailymotion_url":"https:\/\/www.dailymotion.com\/video\/x6tqhqb","modestbranding":"yes","show_image_overlay":"yes","image_overlay":{"id":"3878","url":"https:\/\/cliente.shazamlnv.com\/setasolar\/wp-content\/uploads\/2022\/04\/playbtn-custom-2.png"},"lazy_load":"yes","show_play_icon":"","lightbox":"yes","_css_classes":"envato-kit-168-button-ripple","image_overlay_custom_dimension":{"width":"50","height":"50"},"_padding":{"unit":"em","top":"2","right":"2","bottom":"2","left":"2","isLinked":true},"_padding_tablet":{"unit":"em","top":"1","right":"1","bottom":"1","left":"1","isLinked":true}},"elements":[],"isInner":false,"widgetType":"video","elType":"widget"}],"isInner":true,"elType":"column"},{"id":"5e94a031","settings":{"_column_size":50,"_inline_size":63.7999999999999971578290569595992565155029296875,"content_position":"center","_inline_size_tablet":51,"_inline_size_mobile":100},"elements":[{"id":"1c159b09","settings":{"title":"Discover the dance","align":"left","title_color":"#d2b29b","typography_typography":"custom","typography_font_family":"Karla","typography_font_size":{"unit":"em","size":0.90000000000000002220446049250313080847263336181640625,"sizes":[]},"typography_font_weight":"600","typography_text_transform":"uppercase","typography_letter_spacing":{"unit":"px","size":1.600000000000000088817841970012523233890533447265625,"sizes":[]},"_padding":{"unit":"em","top":"0","right":"0","bottom":"0","left":"0","isLinked":false},"_margin":{"unit":"px","top":"0","right":"0","bottom":"0","left":"0","isLinked":false},"align_mobile":"center"},"elements":[],"isInner":false,"widgetType":"heading","elType":"widget"}],"isInner":true,"elType":"column"}],"isInner":true,"elType":"section"}],"isInner":false,"elType":"column"}],"isInner":false,"elType":"section"},{"id":"479286cb","settings":{"structure":"20","padding_mobile":{"unit":"em","top":"2","right":"0","bottom":"0","left":"0","isLinked":false},"padding":{"unit":"em","top":"3","right":"0","bottom":"0","left":"0","isLinked":false},"background_background":"classic","background_color":"#ffffff"},"elements":[{"id":"60f7cb07","settings":{"_column_size":50,"_inline_size":null,"content_position":"center","space_between_widgets":0,"padding":{"unit":"em","top":"1","right":"4","bottom":"1","left":"1","isLinked":false},"padding_mobile":{"unit":"em","top":"0","right":"2","bottom":"2","left":"2","isLinked":false}},"elements":[{"id":"569b4458","settings":{"title":"What we do","header_size":"h3","align":"left","title_color":"#b0b0ba","typography_typography":"custom","typography_font_family":"Karla","typography_font_size":{"unit":"em","size":0.939999999999999946709294817992486059665679931640625,"sizes":[]},"typography_font_weight":"600","typography_text_transform":"uppercase","typography_letter_spacing":{"unit":"px","size":0.59999999999999997779553950749686919152736663818359375,"sizes":[]},"_margin":{"unit":"px","top":"0","right":"0","bottom":"0","left":"0","isLinked":false},"_padding":{"unit":"em","top":"4","right":"0","bottom":"0","left":"0","isLinked":false},"align_mobile":"center"},"elements":[],"isInner":false,"widgetType":"heading","elType":"widget"},{"id":"3637d41d","settings":{"title":"We offer hundreds of creative and arts courses.","align":"left","title_color":"#222428","typography_typography":"custom","typography_font_family":"Karla","typography_font_size":{"unit":"em","size":2.5,"sizes":[]},"typography_font_weight":"700","typography_letter_spacing":{"unit":"px","size":-2,"sizes":[]},"_padding":{"unit":"em","top":"1.8","right":"0","bottom":"0.5","left":"0","isLinked":false},"typography_font_size_tablet":{"unit":"em","size":1.899999999999999911182158029987476766109466552734375,"sizes":[]},"typography_line_height":{"unit":"em","size":1.1999999999999999555910790149937383830547332763671875,"sizes":[]},"align_mobile":"center"},"elements":[],"isInner":false,"widgetType":"heading","elType":"widget"},{"id":"77708e40","settings":{"editor":"<p>Ultrices mi tempus imperdiet nulla malesuada pellentesque elit eget gravida. Viverra suspendisse potenti nullam.<\/p>","text_color":"#808291","typography_typography":"custom","typography_font_family":"Lora","typography_font_size":{"unit":"em","size":1,"sizes":[]},"typography_font_weight":"400","typography_line_height":{"unit":"em","size":1.8000000000000000444089209850062616169452667236328125,"sizes":[]},"align":"left","_padding":{"unit":"em","top":"0","right":"0","bottom":"0","left":"0","isLinked":false},"align_mobile":"center"},"elements":[],"isInner":false,"widgetType":"text-editor","elType":"widget"},{"id":"44822113","settings":{"text":"Book your class","align":"left","icon_align":"right","icon_indent":{"unit":"px","size":8,"sizes":[]},"typography_typography":"custom","typography_font_family":"Karla","typography_font_size":{"unit":"em","size":0.82999999999999996003197111349436454474925994873046875,"sizes":[]},"typography_font_weight":"600","typography_text_transform":"uppercase","typography_line_height":{"unit":"em","size":2.20000000000000017763568394002504646778106689453125,"sizes":[]},"typography_letter_spacing":{"unit":"px","size":1.600000000000000088817841970012523233890533447265625,"sizes":[]},"button_text_color":"#ffffff","background_color":"#d2b29b","hover_color":"#ffffff","button_background_hover_color":"#222428","hover_animation":"grow","border_radius":{"unit":"px","top":"0","right":"0","bottom":"0","left":"0","isLinked":true},"text_padding":{"unit":"em","top":"1","right":"4","bottom":"1","left":"4","isLinked":false},"_background_color":"#000000","_padding":{"unit":"em","top":"2","right":"0","bottom":"0","left":"0","isLinked":false},"align_mobile":"center"},"elements":[],"isInner":false,"widgetType":"button","elType":"widget"}],"isInner":false,"elType":"column"},{"id":"846c8ce","settings":{"_column_size":50,"_inline_size":null},"elements":[{"id":"7bd61046","settings":{"image":{"id":"3879","url":"https:\/\/cliente.shazamlnv.com\/setasolar\/wp-content\/uploads\/2022\/04\/dance-rehearsal-pose.jpg"},"image_size":"custom","image_custom_dimension":{"width":"600","height":"472"},"align":"left","image_box_shadow_box_shadow_type":"yes","image_box_shadow_box_shadow":{"horizontal":-12,"vertical":-12,"blur":0,"spread":0,"color":"rgba(210,178,155,0.25)"}},"elements":[],"isInner":false,"widgetType":"image","elType":"widget"},{"id":"17ea8ff3","settings":{"image":{"id":"3877","url":"https:\/\/cliente.shazamlnv.com\/setasolar\/wp-content\/uploads\/2022\/04\/dancer-tossing-hair.jpg"},"image_size":"custom","image_custom_dimension":{"width":"310","height":"440"},"width_mobile":{"unit":"%","size":37,"sizes":[]},"_padding":{"unit":"em","top":"0","right":"0","bottom":"0","left":"0","isLinked":false},"_offset_x":{"size":-11,"unit":"px"},"_offset_x_mobile":{"size":-93,"unit":"px"},"_offset_y":{"size":162,"unit":"px"},"_offset_y_mobile":{"size":19,"unit":"px"},"align":"right","_margin":{"unit":"%","top":"0","right":"0","bottom":"0","left":"0","isLinked":false},"_position":"absolute","image_box_shadow_box_shadow_type":"yes","image_box_shadow_box_shadow":{"horizontal":-12,"vertical":-12,"blur":0,"spread":0,"color":"rgba(210,178,155,0.25)"},"align_mobile":"center","width_tablet":{"unit":"%","size":65,"sizes":[]},"_offset_x_tablet":{"size":-68,"unit":"px"},"_offset_y_tablet":{"size":201,"unit":"px"}},"elements":[],"isInner":false,"widgetType":"image","elType":"widget"}],"isInner":false,"elType":"column"}],"isInner":false,"elType":"section"},{"id":"16015a2f","settings":{"background_color":"#ffffff","shape_divider_top_color":"#ffffff","shape_divider_top_width":{"unit":"%","size":200,"sizes":[]},"shape_divider_top_height":{"unit":"px","size":360,"sizes":[]},"padding":{"unit":"em","top":"4","right":"0","bottom":"4","left":"0","isLinked":false},"shape_divider_top_negative":"yes","background_background":"classic"},"elements":[{"id":"6efc6051","settings":{"_column_size":100},"elements":[{"id":"cf479a7","settings":{"structure":"50","padding":{"unit":"em","top":"0","right":"0","bottom":"0","left":"0","isLinked":false},"layout":"full_width"},"elements":[{"id":"76978404","settings":{"_column_size":20,"_inline_size":26.96399999999999863575794734060764312744140625,"space_between_widgets":12,"padding":{"unit":"em","top":"1","right":"2","bottom":"1","left":"1","isLinked":false},"_inline_size_tablet":100},"elements":[{"id":"2f164c0c","settings":{"title":"Inspiring Venus","header_size":"h3","title_color":"#222428","typography_typography":"custom","typography_font_family":"Karla","typography_font_size":{"unit":"em","size":1,"sizes":[]},"typography_font_weight":"700","typography_line_height":{"unit":"em","size":1.399999999999999911182158029987476766109466552734375,"sizes":[]},"typography_letter_spacing":{"unit":"px","size":1,"sizes":[]},"_margin":{"unit":"px","top":"0","right":"0","bottom":"0","left":"0","isLinked":false},"_padding":{"unit":"em","top":"0.4","right":"0","bottom":"0","left":"0","isLinked":false},"align":"center","typography_text_transform":"uppercase"},"elements":[],"isInner":false,"widgetType":"heading","elType":"widget"},{"id":"6b584fee","settings":{"editor":"<p>Ultrices mi tempus imperdiet malesuada pellent esque. Duis aute irure dolor in reprehenderit in voluptate velit.<\/p>","text_color":"#808291","typography_typography":"custom","typography_font_family":"Lora","typography_font_size":{"unit":"em","size":1,"sizes":[]},"typography_font_weight":"400","typography_line_height":{"unit":"em","size":1.8000000000000000444089209850062616169452667236328125,"sizes":[]},"align":"center","_padding":{"unit":"em","top":"0","right":"0","bottom":"0","left":"0","isLinked":false}},"elements":[],"isInner":false,"widgetType":"text-editor","elType":"widget"}],"isInner":true,"elType":"column"},{"id":"33b708c8","settings":{"_column_size":20,"_inline_size":9.018000000000000682121026329696178436279296875,"_inline_size_tablet":100},"elements":[],"isInner":true,"elType":"column"},{"id":"54607427","settings":{"_column_size":20,"_inline_size":27.58899999999999863575794734060764312744140625,"space_between_widgets":12,"padding":{"unit":"em","top":"1","right":"2","bottom":"1","left":"1","isLinked":false},"_inline_size_tablet":100},"elements":[{"id":"60e08f06","settings":{"title":"Professional Tutors","header_size":"h3","align":"center","title_color":"#222428","typography_typography":"custom","typography_font_family":"Karla","typography_font_size":{"unit":"em","size":1,"sizes":[]},"typography_font_weight":"700","typography_line_height":{"unit":"em","size":1.399999999999999911182158029987476766109466552734375,"sizes":[]},"typography_letter_spacing":{"unit":"px","size":1,"sizes":[]},"_margin":{"unit":"px","top":"0","right":"0","bottom":"0","left":"0","isLinked":false},"_padding":{"unit":"em","top":"0.4","right":"0","bottom":"0","left":"0","isLinked":false},"typography_text_transform":"uppercase"},"elements":[],"isInner":false,"widgetType":"heading","elType":"widget"},{"id":"4d11c4b0","settings":{"editor":"<p>Aliquet eget sit amet tellus cras adipiscing enim eu. Excepteur sint occaecat cupidatat nonut.<\/p>","text_color":"#808291","typography_typography":"custom","typography_font_family":"Lora","typography_font_size":{"unit":"em","size":1,"sizes":[]},"typography_font_weight":"400","typography_line_height":{"unit":"em","size":1.8000000000000000444089209850062616169452667236328125,"sizes":[]},"align":"center","_padding":{"unit":"em","top":"0","right":"0","bottom":"0","left":"0","isLinked":false}},"elements":[],"isInner":false,"widgetType":"text-editor","elType":"widget"},{"id":"4ff86e40","settings":{"text":"Our Instructors \u2014","align":"center","typography_typography":"custom","typography_font_family":"Karla","typography_font_size":{"unit":"em","size":0.83999999999999996891375531049561686813831329345703125,"sizes":[]},"typography_font_weight":"600","typography_text_transform":"uppercase","typography_line_height":{"unit":"em","size":0,"sizes":[]},"typography_letter_spacing":{"unit":"px","size":1.600000000000000088817841970012523233890533447265625,"sizes":[]},"button_text_color":"#d2b29b","background_color":"rgba(0,0,0,0)","hover_color":"#222428","button_background_hover_color":"rgba(0,0,0,0)","hover_animation":"grow","_margin":{"unit":"px","top":"-5","right":"0","bottom":"0","left":"0","isLinked":false},"typography_line_height_tablet":{"unit":"em","size":1.1999999999999999555910790149937383830547332763671875,"sizes":[]}},"elements":[],"isInner":false,"widgetType":"button","elType":"widget"}],"isInner":true,"elType":"column"},{"id":"34208601","settings":{"_column_size":20,"_inline_size":9.018000000000000682121026329696178436279296875,"_inline_size_tablet":100},"elements":[],"isInner":true,"elType":"column"},{"id":"2025dc5c","settings":{"_column_size":20,"_inline_size":27.41100000000000136424205265939235687255859375,"space_between_widgets":1,"padding":{"unit":"em","top":"1","right":"2","bottom":"1","left":"1","isLinked":false},"_inline_size_tablet":100,"content_position":"center"},"elements":[{"id":"10b9acf8","settings":{"title":"All Levels of Experience","align":"center","title_color":"#d2b29b","typography_typography":"custom","typography_font_family":"Karla","typography_font_size":{"unit":"em","size":1.8000000000000000444089209850062616169452667236328125,"sizes":[]},"typography_font_weight":"700","typography_line_height":{"unit":"em","size":1.3000000000000000444089209850062616169452667236328125,"sizes":[]},"typography_letter_spacing":{"unit":"px","size":-1.5,"sizes":[]},"_margin":{"unit":"px","top":"0","right":"0","bottom":"0","left":"0","isLinked":false},"_padding":{"unit":"em","top":"3","right":"0","bottom":"0","left":"0","isLinked":false},"align_mobile":"center","_padding_mobile":{"unit":"px","top":"0","right":"0","bottom":"0","left":"0","isLinked":true}},"elements":[],"isInner":false,"widgetType":"heading","elType":"widget"}],"isInner":true,"elType":"column"}],"isInner":true,"elType":"section"}],"isInner":false,"elType":"column"}],"isInner":false,"elType":"section"},{"id":"b815505","settings":{"layout":"full_width","gap":"no","structure":"20","background_background":"classic","background_color":"#ffffff"},"elements":[{"id":"f7eac75","settings":{"_column_size":50,"_inline_size":null},"elements":[{"id":"330c39bf","settings":{"image":{"id":"3880","url":"https:\/\/cliente.shazamlnv.com\/setasolar\/wp-content\/uploads\/2022\/04\/dance-studio-dance-rehearsal.jpg"},"image_size":"custom","image_custom_dimension":{"width":"1000","height":"800"}},"elements":[],"isInner":false,"widgetType":"image","elType":"widget"}],"isInner":false,"elType":"column"},{"id":"5834f534","settings":{"_column_size":50,"_inline_size":null,"content_position":"center"},"elements":[{"id":"21bafdd6","settings":{"padding":{"unit":"em","top":"1","right":"4","bottom":"0","left":"4","isLinked":false},"content_width":{"unit":"px","size":700,"sizes":[]}},"elements":[{"id":"d13bd0b","settings":{"_column_size":100,"_inline_size":null,"space_between_widgets":0,"padding_tablet":{"unit":"em","top":"1","right":"1","bottom":"1","left":"1","isLinked":true}},"elements":[{"id":"357e8cdb","settings":{"title":"Instructors","header_size":"h3","align":"left","title_color":"#b0b0ba","typography_typography":"custom","typography_font_family":"Karla","typography_font_size":{"unit":"em","size":0.939999999999999946709294817992486059665679931640625,"sizes":[]},"typography_font_weight":"600","typography_text_transform":"uppercase","typography_letter_spacing":{"unit":"px","size":0.59999999999999997779553950749686919152736663818359375,"sizes":[]},"_margin":{"unit":"px","top":"0","right":"0","bottom":"0","left":"0","isLinked":false},"_padding":{"unit":"em","top":"0","right":"0","bottom":"0","left":"0","isLinked":false},"align_mobile":"center"},"elements":[],"isInner":false,"widgetType":"heading","elType":"widget"},{"id":"54653134","settings":{"title":"All classes are taught by industry arts professionals","align":"left","title_color":"#222428","typography_typography":"custom","typography_font_family":"Karla","typography_font_size":{"unit":"em","size":2.5,"sizes":[]},"typography_font_weight":"700","typography_letter_spacing":{"unit":"px","size":-2,"sizes":[]},"_padding":{"unit":"em","top":"1.8","right":"0","bottom":"0.5","left":"0","isLinked":false},"typography_font_size_tablet":{"unit":"em","size":1.899999999999999911182158029987476766109466552734375,"sizes":[]},"typography_line_height":{"unit":"em","size":1.1999999999999999555910790149937383830547332763671875,"sizes":[]},"align_mobile":"center"},"elements":[],"isInner":false,"widgetType":"heading","elType":"widget"},{"id":"6f602497","settings":{"editor":"<p>Ultrices mi tempus imperdiet nulla malesuada pellentesque elit eget gravida. Viverra suspendisse potenti nullam.<\/p><p>Lorem ipsum dolor sit amet, consectetur adipiscing elit, sed do eiusmod tempor incididunt ut labore et dolore magna aliqua. Ut enim ad minim veniam, quis nostrud.<\/p>","text_color":"#808291","typography_typography":"custom","typography_font_family":"Lora","typography_font_size":{"unit":"em","size":1,"sizes":[]},"typography_font_weight":"400","typography_line_height":{"unit":"em","size":1.8000000000000000444089209850062616169452667236328125,"sizes":[]},"align":"left","_padding":{"unit":"em","top":"0","right":"0","bottom":"0","left":"0","isLinked":false},"align_mobile":"center"},"elements":[],"isInner":false,"widgetType":"text-editor","elType":"widget"}],"isInner":true,"elType":"column"}],"isInner":true,"elType":"section"},{"id":"1ce5dc49","settings":{"structure":"40","padding":{"unit":"em","top":"1","right":"0","bottom":"0","left":"0","isLinked":false}},"elements":[{"id":"27a6261a","settings":{"_column_size":25,"_inline_size":10.3269999999999999573674358543939888477325439453125,"_inline_size_tablet":18,"_inline_size_mobile":26},"elements":[],"isInner":true,"elType":"column"},{"id":"114ba3dd","settings":{"_column_size":25,"_inline_size":13.224000000000000198951966012828052043914794921875,"_inline_size_tablet":31,"_inline_size_mobile":47,"padding_mobile":{"unit":"em","top":"0","right":"2","bottom":"0","left":"2","isLinked":false}},"elements":[{"id":"4e78d40c","settings":{"youtube_url":"https:\/\/www.youtube.com\/watch?v=Wf0eVWVevns","vimeo_url":"https:\/\/vimeo.com\/235215203","dailymotion_url":"https:\/\/www.dailymotion.com\/video\/x6tqhqb","modestbranding":"yes","show_image_overlay":"yes","image_overlay":{"id":"3878","url":"https:\/\/cliente.shazamlnv.com\/setasolar\/wp-content\/uploads\/2022\/04\/playbtn-custom-2.png"},"lazy_load":"yes","show_play_icon":"","lightbox":"yes","_css_classes":"envato-kit-168-button-ripple"},"elements":[],"isInner":false,"widgetType":"video","elType":"widget"}],"isInner":true,"elType":"column"},{"id":"d01cc39","settings":{"_column_size":25,"_inline_size":38.034999999999996589394868351519107818603515625,"content_position":"center","_inline_size_tablet":51,"_inline_size_mobile":100},"elements":[{"id":"239d403d","settings":{"title":"Discover the dance \u2014","align":"left","title_color":"#d2b29b","typography_typography":"custom","typography_font_family":"Karla","typography_font_size":{"unit":"em","size":0.90000000000000002220446049250313080847263336181640625,"sizes":[]},"typography_font_weight":"600","typography_text_transform":"uppercase","typography_letter_spacing":{"unit":"px","size":1.600000000000000088817841970012523233890533447265625,"sizes":[]},"_padding":{"unit":"em","top":"0","right":"0","bottom":"0","left":"0","isLinked":false},"header_size":"h3","_margin":{"unit":"px","top":"0","right":"0","bottom":"0","left":"0","isLinked":false},"align_mobile":"center"},"elements":[],"isInner":false,"widgetType":"heading","elType":"widget"}],"isInner":true,"elType":"column"},{"id":"7f3d32d2","settings":{"_column_size":25,"_inline_size":38.35000000000000142108547152020037174224853515625},"elements":[],"isInner":true,"elType":"column"}],"isInner":true,"elType":"section"}],"isInner":false,"elType":"column"}],"isInner":false,"elType":"section"},{"id":"530036aa","settings":{"background_color":"#faefe6","shape_divider_top_color":"#f4f6f7","shape_divider_top_width":{"unit":"%","size":107,"sizes":[]},"shape_divider_top_height":{"unit":"px","size":134,"sizes":[]},"padding":{"unit":"em","top":"5","right":"0","bottom":"0","left":"0","isLinked":false},"layout":"full_width","gap":"no"},"elements":[{"id":"76e74dd2","settings":{"_column_size":100,"_inline_size":null},"elements":[{"id":"3db84487","settings":{"padding":{"unit":"em","top":"0","right":"0","bottom":"0","left":"0","isLinked":false}},"elements":[{"id":"28706d65","settings":{"_column_size":100,"_inline_size":null},"elements":[{"id":"6abafc82","settings":{"title":"Testimonials","align":"center","title_color":"#bcbcbc","typography_typography":"custom","typography_font_family":"Karla","typography_font_size":{"unit":"px","size":15},"typography_font_weight":"600","typography_text_transform":"uppercase","typography_line_height":{"unit":"em","size":1.399999999999999911182158029987476766109466552734375},"typography_letter_spacing":{"unit":"px","size":1.600000000000000088817841970012523233890533447265625},"_padding":{"unit":"em","top":"0","right":"0","bottom":"0","left":"0","isLinked":false},"header_size":"h3","align_mobile":"center"},"elements":[],"isInner":false,"widgetType":"heading","elType":"widget"},{"id":"1028520c","settings":{"title":"What They Say","align":"center","title_color":"#222428","typography_typography":"custom","typography_font_family":"Karla","typography_font_size":{"unit":"em","size":2.600000000000000088817841970012523233890533447265625,"sizes":[]},"typography_font_weight":"700","typography_letter_spacing":{"unit":"px","size":-2,"sizes":[]},"_padding":{"unit":"em","top":"0","right":"0","bottom":"0.5","left":"0","isLinked":false}},"elements":[],"isInner":false,"widgetType":"heading","elType":"widget"}],"isInner":true,"elType":"column"}],"isInner":true,"elType":"section"},{"id":"1cd05cbf","settings":{"content_width":{"unit":"px","size":1266,"sizes":[]},"structure":"30","padding":{"unit":"em","top":"02","right":"0","bottom":"6","left":"0","isLinked":false},"shape_divider_bottom":"curve","shape_divider_bottom_color":"#f4f6f7","shape_divider_bottom_width":{"unit":"%","size":148,"sizes":[]},"shape_divider_bottom_height":{"unit":"px","size":296,"sizes":[]}},"elements":[{"id":"2be42bc2","settings":{"_column_size":33,"_inline_size":null,"background_background":"classic","background_color":"#ffffff","border_radius":{"unit":"px","top":"4","right":"4","bottom":"4","left":"4","isLinked":true},"box_shadow_box_shadow_type":"yes","box_shadow_box_shadow":{"horizontal":0,"vertical":24,"blur":50,"spread":0,"color":"rgba(0,0,0,0.06)"},"margin":{"unit":"px","top":"0","right":"15","bottom":"0","left":"15","isLinked":false},"padding":{"unit":"em","top":"3","right":"3","bottom":"3","left":"3","isLinked":true},"padding_tablet":{"unit":"em","top":"2","right":"2","bottom":"2","left":"2","isLinked":true}},"elements":[{"id":"b887d99","settings":{"icon_size":{"unit":"px","size":13,"sizes":[]},"icon_space":{"unit":"px","size":7,"sizes":[]},"stars_color":"#e5a96e","stars_unmarked_color":"#f7f7f7","align":"center"},"elements":[],"isInner":false,"widgetType":"star-rating","elType":"widget"},{"id":"41b9cac","settings":{"testimonial_content":"\"Duis aute irure dolor in reprehen in voluptate velitsesse cilo\"","testimonial_image":{"id":"3881","url":"https:\/\/cliente.shazamlnv.com\/setasolar\/wp-content\/uploads\/2022\/04\/photo-1524772128034-3ecf9a73cbe9.jpeg"},"testimonial_name":"Jannet Walla","testimonial_job":"Hair Stylist","content_content_color":"#222428","content_typography_typography":"custom","content_typography_font_family":"Lora","content_typography_font_size":{"unit":"em","size":1.3000000000000000444089209850062616169452667236328125,"sizes":[]},"content_typography_font_size_tablet":{"unit":"em","size":1,"sizes":[]},"content_typography_font_weight":"400","content_typography_font_style":"italic","content_typography_line_height":{"unit":"em","size":1.6999999999999999555910790149937383830547332763671875,"sizes":[]},"content_typography_letter_spacing":{"unit":"px","size":0,"sizes":[]},"image_size":{"unit":"px","size":115,"sizes":[]},"name_text_color":"#222428","name_typography_typography":"custom","name_typography_font_family":"Karla","name_typography_font_size":{"unit":"em","size":1.100000000000000088817841970012523233890533447265625,"sizes":[]},"name_typography_font_weight":"700","name_typography_line_height":{"unit":"em","size":1.899999999999999911182158029987476766109466552734375,"sizes":[]},"name_typography_letter_spacing":{"unit":"px","size":-0.40000000000000002220446049250313080847263336181640625,"sizes":[]},"job_text_color":"#808291","job_typography_typography":"custom","job_typography_font_family":"Lora","job_typography_font_size":{"unit":"em","size":0.88000000000000000444089209850062616169452667236328125,"sizes":[]},"job_typography_font_style":"italic","job_typography_line_height":{"unit":"em","size":1.1999999999999999555910790149937383830547332763671875,"sizes":[]},"testimonial_image_position":"top","job_typography_font_weight":"400"},"elements":[],"isInner":false,"widgetType":"testimonial","elType":"widget"}],"isInner":false,"elType":"column"},{"id":"58fa5d8","settings":{"_column_size":33,"_inline_size":null,"background_background":"classic","background_color":"#ffffff","border_radius":{"unit":"px","top":"4","right":"4","bottom":"4","left":"4","isLinked":true},"box_shadow_box_shadow_type":"yes","box_shadow_box_shadow":{"horizontal":0,"vertical":24,"blur":50,"spread":0,"color":"rgba(0,0,0,0.06)"},"margin":{"unit":"px","top":"0","right":"15","bottom":"0","left":"15","isLinked":false},"padding":{"unit":"em","top":"3","right":"3","bottom":"3","left":"3","isLinked":true},"padding_tablet":{"unit":"em","top":"2","right":"2","bottom":"2","left":"2","isLinked":true}},"elements":[{"id":"70da3afd","settings":{"icon_size":{"unit":"px","size":13,"sizes":[]},"icon_space":{"unit":"px","size":7,"sizes":[]},"stars_color":"#e5a96e","stars_unmarked_color":"#f7f7f7","align":"center"},"elements":[],"isInner":false,"widgetType":"star-rating","elType":"widget"},{"id":"3ab3840f","settings":{"testimonial_content":"\"Dolor aute irure duis in reprehen in voluptate velitsesse cilo\"","testimonial_image":{"id":"3882","url":"https:\/\/cliente.shazamlnv.com\/setasolar\/wp-content\/uploads\/2022\/04\/photo-1489424731084-a5d8b219a5bb.jpeg"},"testimonial_name":"Lynell Prowell","testimonial_job":"Professor","content_content_color":"#222428","content_typography_typography":"custom","content_typography_font_family":"Lora","content_typography_font_size":{"unit":"em","size":1.3000000000000000444089209850062616169452667236328125,"sizes":[]},"content_typography_font_size_tablet":{"unit":"em","size":1,"sizes":[]},"content_typography_font_weight":"400","content_typography_font_style":"italic","content_typography_line_height":{"unit":"em","size":1.6999999999999999555910790149937383830547332763671875,"sizes":[]},"content_typography_letter_spacing":{"unit":"px","size":0,"sizes":[]},"image_size":{"unit":"px","size":115,"sizes":[]},"name_text_color":"#222428","name_typography_typography":"custom","name_typography_font_family":"Karla","name_typography_font_size":{"unit":"em","size":1.100000000000000088817841970012523233890533447265625,"sizes":[]},"name_typography_font_weight":"700","name_typography_line_height":{"unit":"em","size":1.899999999999999911182158029987476766109466552734375,"sizes":[]},"name_typography_letter_spacing":{"unit":"px","size":-0.40000000000000002220446049250313080847263336181640625,"sizes":[]},"job_text_color":"#808291","job_typography_typography":"custom","job_typography_font_family":"Lora","job_typography_font_size":{"unit":"em","size":0.88000000000000000444089209850062616169452667236328125,"sizes":[]},"job_typography_font_style":"italic","job_typography_line_height":{"unit":"em","size":1.1999999999999999555910790149937383830547332763671875,"sizes":[]},"testimonial_image_position":"top","job_typography_font_weight":"400"},"elements":[],"isInner":false,"widgetType":"testimonial","elType":"widget"}],"isInner":false,"elType":"column"},{"id":"5a7eea0e","settings":{"_column_size":33,"_inline_size":null,"background_background":"classic","background_color":"#ffffff","border_radius":{"unit":"px","top":"4","right":"4","bottom":"4","left":"4","isLinked":true},"box_shadow_box_shadow_type":"yes","box_shadow_box_shadow":{"horizontal":0,"vertical":24,"blur":50,"spread":0,"color":"rgba(0,0,0,0.06)"},"margin":{"unit":"px","top":"0","right":"15","bottom":"0","left":"15","isLinked":false},"padding":{"unit":"em","top":"3","right":"3","bottom":"3","left":"3","isLinked":true},"padding_tablet":{"unit":"em","top":"2","right":"2","bottom":"2","left":"2","isLinked":true}},"elements":[{"id":"2aecd909","settings":{"icon_size":{"unit":"px","size":13,"sizes":[]},"icon_space":{"unit":"px","size":7,"sizes":[]},"stars_color":"#e5a96e","stars_unmarked_color":"#f7f7f7","align":"center"},"elements":[],"isInner":false,"widgetType":"star-rating","elType":"widget"},{"id":"4fba3c22","settings":{"testimonial_content":"\"Aute duis irure dolor in reprehen in voluptate velitsesse cilo\"","testimonial_image":{"id":"3883","url":"https:\/\/cliente.shazamlnv.com\/setasolar\/wp-content\/uploads\/2022\/04\/photo-1551377293-bf667b4b79a6-1.jpeg"},"testimonial_name":"Shanae Pooler","testimonial_job":"Teacher","content_content_color":"#222428","content_typography_typography":"custom","content_typography_font_family":"Lora","content_typography_font_size":{"unit":"em","size":1.3000000000000000444089209850062616169452667236328125,"sizes":[]},"content_typography_font_size_tablet":{"unit":"em","size":1,"sizes":[]},"content_typography_font_weight":"400","content_typography_font_style":"italic","content_typography_line_height":{"unit":"em","size":1.6999999999999999555910790149937383830547332763671875,"sizes":[]},"content_typography_letter_spacing":{"unit":"px","size":0,"sizes":[]},"image_size":{"unit":"px","size":115,"sizes":[]},"name_text_color":"#222428","name_typography_typography":"custom","name_typography_font_family":"Karla","name_typography_font_size":{"unit":"em","size":1.100000000000000088817841970012523233890533447265625,"sizes":[]},"name_typography_font_weight":"700","name_typography_line_height":{"unit":"em","size":1.899999999999999911182158029987476766109466552734375,"sizes":[]},"name_typography_letter_spacing":{"unit":"px","size":-0.40000000000000002220446049250313080847263336181640625,"sizes":[]},"job_text_color":"#808291","job_typography_typography":"custom","job_typography_font_family":"Lora","job_typography_font_size":{"unit":"em","size":0.88000000000000000444089209850062616169452667236328125,"sizes":[]},"job_typography_font_style":"italic","job_typography_line_height":{"unit":"em","size":1.1999999999999999555910790149937383830547332763671875,"sizes":[]},"testimonial_image_position":"top","job_typography_font_weight":"400"},"elements":[],"isInner":false,"widgetType":"testimonial","elType":"widget"}],"isInner":false,"elType":"column"}],"isInner":false,"elType":"section"}],"isInner":false,"elType":"column"}],"isInner":false,"elType":"section"},{"id":"154f5e2","settings":{"padding":{"unit":"em","top":"6","right":"0","bottom":"0","left":"0","isLinked":false},"background_background":"classic","background_color":"#f4f6f7"},"elements":[{"id":"6a4873a6","settings":{"_column_size":100,"_inline_size":null},"elements":[{"id":"5fdd7da","settings":{"title":"What we offer","align":"center","title_color":"#bcbcbc","typography_typography":"custom","typography_font_family":"Karla","typography_font_size":{"unit":"px","size":15},"typography_font_weight":"600","typography_text_transform":"uppercase","typography_line_height":{"unit":"em","size":1.399999999999999911182158029987476766109466552734375},"typography_letter_spacing":{"unit":"px","size":1.600000000000000088817841970012523233890533447265625},"_padding":{"unit":"em","top":"0","right":"0","bottom":"0","left":"0","isLinked":false},"header_size":"h3","align_mobile":"center"},"elements":[],"isInner":false,"widgetType":"heading","elType":"widget"},{"id":"279e8c1a","settings":{"title":"Our Classes","align":"center","title_color":"#222428","typography_typography":"custom","typography_font_family":"Karla","typography_font_size":{"unit":"em","size":2.600000000000000088817841970012523233890533447265625,"sizes":[]},"typography_font_weight":"700","typography_letter_spacing":{"unit":"px","size":-2,"sizes":[]},"_padding":{"unit":"em","top":"0","right":"0","bottom":"0.5","left":"0","isLinked":false}},"elements":[],"isInner":false,"widgetType":"heading","elType":"widget"},{"id":"44fca3fb","settings":{"text":"See All \u2014","align":"center","typography_typography":"custom","typography_font_family":"Karla","typography_font_size":{"unit":"em","size":0.83999999999999996891375531049561686813831329345703125,"sizes":[]},"typography_font_weight":"600","typography_text_transform":"uppercase","typography_line_height":{"unit":"em","size":1,"sizes":[]},"typography_letter_spacing":{"unit":"px","size":1.600000000000000088817841970012523233890533447265625,"sizes":[]},"button_text_color":"#d2b29b","background_color":"rgba(0,0,0,0)","hover_color":"#222428","button_background_hover_color":"rgba(0,0,0,0)","hover_animation":"grow","_margin":{"unit":"px","top":"0","right":"0","bottom":"-20","left":"0","isLinked":false},"typography_line_height_tablet":{"unit":"em","size":1.1999999999999999555910790149937383830547332763671875,"sizes":[]},"_padding":{"unit":"px","top":"0","right":"0","bottom":"0","left":"0","isLinked":true},"_border_width":{"unit":"px","top":"0","right":"0","bottom":"5","left":"0","isLinked":false},"_border_color":"#d2b29b","_border_radius":{"unit":"px","top":"0","right":"0","bottom":"0","left":"0","isLinked":true}},"elements":[],"isInner":false,"widgetType":"button","elType":"widget"}],"isInner":true,"elType":"column"}],"isInner":true,"elType":"section"},{"id":"1b3e7440","settings":{"gap":"wide","structure":"30","padding":{"unit":"em","top":"0","right":"0","bottom":"0","left":"0","isLinked":false},"background_background":"classic","background_color":"#f4f6f7"},"elements":[{"id":"5f00deea","settings":{"_column_size":33,"_inline_size":null,"margin":{"unit":"px","top":"0","right":"0","bottom":"0","left":"0","isLinked":true},"_inline_size_tablet":50},"elements":[{"id":"4112a65","settings":{"image":{"id":"3884","url":"https:\/\/cliente.shazamlnv.com\/setasolar\/wp-content\/uploads\/2022\/04\/dancer-smiling.jpg"},"image_size":"custom","image_custom_dimension":{"width":"400","height":"510"},"opacity":{"unit":"px","size":1,"sizes":[]},"opacity_hover":{"unit":"px","size":0.59999999999999997779553950749686919152736663818359375,"sizes":[]},"background_hover_transition":{"unit":"px","size":0.40000000000000002220446049250313080847263336181640625,"sizes":[]},"image_border_radius":{"unit":"px","top":"4","right":"4","bottom":"4","left":"4","isLinked":true},"_padding":{"unit":"em","top":"0","right":"0","bottom":"0","left":"0","isLinked":false},"_background_color":"#222428","link_to":"custom","link":{"url":"#","is_external":"","nofollow":""}},"elements":[],"isInner":false,"widgetType":"image","elType":"widget"},{"id":"58e749d9","settings":{"background_color":"#ffffff","box_shadow_box_shadow":{"horizontal":0,"vertical":18,"blur":43,"spread":0,"color":"rgba(27,29,38,0.13)"},"margin":{"unit":"px","top":"-80","right":0,"bottom":"60","left":0,"isLinked":false},"padding":{"unit":"em","top":"1","right":"1","bottom":"1","left":"1","isLinked":true},"margin_tablet":{"unit":"px","top":"","right":0,"bottom":"","left":0,"isLinked":true},"margin_mobile":{"unit":"px","top":"","right":0,"bottom":"","left":0,"isLinked":true}},"elements":[{"id":"41f16562","settings":{"_column_size":100,"_inline_size":null,"space_between_widgets":0,"background_background":"classic","background_color":"#ffffff","border_radius":{"unit":"px","top":"4","right":"4","bottom":"4","left":"4","isLinked":true},"box_shadow_box_shadow_type":"yes","box_shadow_box_shadow":{"horizontal":0,"vertical":13,"blur":50,"spread":0,"color":"rgba(0,0,0,0.1)"},"padding":{"unit":"em","top":"01.5","right":"2","bottom":"0.7","left":"2","isLinked":false}},"elements":[{"id":"18e19bb","settings":{"title":"Absolute beginners","header_size":"h3","title_color":"#222428","typography_typography":"custom","typography_font_family":"Karla","typography_font_size":{"unit":"em","size":1.0500000000000000444089209850062616169452667236328125,"sizes":[]},"typography_font_weight":"600","typography_line_height":{"unit":"em","size":1.5,"sizes":[]},"typography_letter_spacing":{"unit":"px","size":-0.8000000000000000444089209850062616169452667236328125,"sizes":[]},"_padding":{"unit":"em","top":"0","right":"0","bottom":"0","left":"0","isLinked":false},"link":{"url":"#","is_external":"","nofollow":""},"typography_text_transform":"capitalize"},"elements":[],"isInner":false,"widgetType":"heading","elType":"widget"},{"id":"65106c0b","settings":{"editor":"<p>Level 1 courses &amp; Basics<\/p>","text_color":"#808291","typography_typography":"custom","typography_font_family":"Lora","typography_font_size":{"unit":"em","size":0.83999999999999996891375531049561686813831329345703125,"sizes":[]},"typography_font_weight":"400","typography_line_height":{"unit":"em","size":1,"sizes":[]},"typography_font_style":"italic","_padding":{"unit":"em","top":"0","right":"0","bottom":"0.2","left":"0","isLinked":false}},"elements":[],"isInner":false,"widgetType":"text-editor","elType":"widget"}],"isInner":true,"elType":"column"}],"isInner":true,"elType":"section"},{"id":"17b1173f","settings":{"image":{"id":"3885","url":"https:\/\/cliente.shazamlnv.com\/setasolar\/wp-content\/uploads\/2022\/04\/dancers-do-ballet-warm-up.jpg"},"image_size":"custom","image_custom_dimension":{"width":"400","height":"510"},"opacity":{"unit":"px","size":1,"sizes":[]},"opacity_hover":{"unit":"px","size":0.59999999999999997779553950749686919152736663818359375,"sizes":[]},"background_hover_transition":{"unit":"px","size":0.40000000000000002220446049250313080847263336181640625,"sizes":[]},"image_border_radius":{"unit":"px","top":"4","right":"4","bottom":"4","left":"4","isLinked":true},"_padding":{"unit":"em","top":"0","right":"0","bottom":"0","left":"0","isLinked":false},"_background_color":"#222428","link_to":"custom","link":{"url":"#","is_external":"","nofollow":""}},"elements":[],"isInner":false,"widgetType":"image","elType":"widget"},{"id":"522c864f","settings":{"background_color":"#ffffff","box_shadow_box_shadow":{"horizontal":0,"vertical":18,"blur":43,"spread":0,"color":"rgba(27,29,38,0.13)"},"margin":{"unit":"px","top":"-80","right":0,"bottom":"60","left":0,"isLinked":false},"padding":{"unit":"em","top":"1","right":"1","bottom":"1","left":"1","isLinked":true},"margin_mobile":{"unit":"px","top":"-80","right":0,"bottom":"30","left":0,"isLinked":false}},"elements":[{"id":"1ae4da18","settings":{"_column_size":100,"_inline_size":null,"space_between_widgets":0,"background_background":"classic","background_color":"#ffffff","border_radius":{"unit":"px","top":"4","right":"4","bottom":"4","left":"4","isLinked":true},"box_shadow_box_shadow_type":"yes","box_shadow_box_shadow":{"horizontal":0,"vertical":13,"blur":50,"spread":0,"color":"rgba(0,0,0,0.1)"},"padding":{"unit":"em","top":"01.5","right":"2","bottom":"0.7","left":"2","isLinked":false}},"elements":[{"id":"6385014","settings":{"title":"Ballroom Classes","header_size":"h3","title_color":"#222428","typography_typography":"custom","typography_font_family":"Karla","typography_font_size":{"unit":"em","size":1.0500000000000000444089209850062616169452667236328125,"sizes":[]},"typography_font_weight":"600","typography_line_height":{"unit":"em","size":1.5,"sizes":[]},"typography_letter_spacing":{"unit":"px","size":-0.8000000000000000444089209850062616169452667236328125,"sizes":[]},"_padding":{"unit":"em","top":"0","right":"0","bottom":"0","left":"0","isLinked":false}},"elements":[],"isInner":false,"widgetType":"heading","elType":"widget"},{"id":"170c23aa","settings":{"editor":"<p>Standard and Latin Ballroom<\/p>","text_color":"#808291","typography_typography":"custom","typography_font_family":"Lora","typography_font_size":{"unit":"em","size":0.83999999999999996891375531049561686813831329345703125,"sizes":[]},"typography_font_weight":"400","typography_line_height":{"unit":"em","size":1,"sizes":[]},"typography_font_style":"italic","_padding":{"unit":"em","top":"0","right":"0","bottom":"0.2","left":"0","isLinked":false}},"elements":[],"isInner":false,"widgetType":"text-editor","elType":"widget"}],"isInner":true,"elType":"column"}],"isInner":true,"elType":"section"}],"isInner":false,"elType":"column"},{"id":"431da509","settings":{"_column_size":33,"_inline_size":null,"margin":{"unit":"px","top":"0","right":"0","bottom":"0","left":"0","isLinked":true},"_inline_size_tablet":50},"elements":[{"id":"6b85a4c3","settings":{"image":{"id":"3886","url":"https:\/\/cliente.shazamlnv.com\/setasolar\/wp-content\/uploads\/2022\/04\/ballet-dancer-barre-warm-up.jpg"},"image_size":"custom","image_custom_dimension":{"width":"400","height":"400"},"opacity":{"unit":"px","size":1,"sizes":[]},"opacity_hover":{"unit":"px","size":0.59999999999999997779553950749686919152736663818359375,"sizes":[]},"background_hover_transition":{"unit":"px","size":0.40000000000000002220446049250313080847263336181640625,"sizes":[]},"image_border_radius":{"unit":"px","top":"4","right":"4","bottom":"4","left":"4","isLinked":true},"_padding":{"unit":"em","top":"","right":"","bottom":"","left":"","isLinked":true},"link_to":"custom","link":{"url":"#","is_external":"","nofollow":""},"_margin":{"unit":"px","top":"35","right":"0","bottom":"0","left":"0","isLinked":false},"_background_background":"classic","_margin_mobile":{"unit":"px","top":"0","right":"0","bottom":"0","left":"0","isLinked":true},"_padding_mobile":{"unit":"px","top":"0","right":"0","bottom":"0","left":"0","isLinked":true}},"elements":[],"isInner":false,"widgetType":"image","elType":"widget"},{"id":"7c037236","settings":{"background_color":"#ffffff","box_shadow_box_shadow":{"horizontal":0,"vertical":18,"blur":43,"spread":0,"color":"rgba(27,29,38,0.13)"},"margin":{"unit":"px","top":"-80","right":0,"bottom":"60","left":0,"isLinked":false},"padding":{"unit":"em","top":"1","right":"1","bottom":"1","left":"1","isLinked":true}},"elements":[{"id":"74b9793f","settings":{"_column_size":100,"_inline_size":null,"space_between_widgets":0,"background_background":"classic","background_color":"#ffffff","border_radius":{"unit":"px","top":"4","right":"4","bottom":"4","left":"4","isLinked":true},"box_shadow_box_shadow_type":"yes","box_shadow_box_shadow":{"horizontal":0,"vertical":13,"blur":50,"spread":0,"color":"rgba(0,0,0,0.1)"},"padding":{"unit":"em","top":"01.5","right":"2","bottom":"0.7","left":"2","isLinked":false}},"elements":[{"id":"44a7281d","settings":{"title":"Ballet Classes","header_size":"h3","title_color":"#222428","typography_typography":"custom","typography_font_family":"Karla","typography_font_size":{"unit":"em","size":1.0500000000000000444089209850062616169452667236328125,"sizes":[]},"typography_font_weight":"600","typography_line_height":{"unit":"em","size":1.5,"sizes":[]},"typography_letter_spacing":{"unit":"px","size":-0.8000000000000000444089209850062616169452667236328125,"sizes":[]},"_padding":{"unit":"em","top":"0","right":"0","bottom":"0","left":"0","isLinked":false}},"elements":[],"isInner":false,"widgetType":"heading","elType":"widget"},{"id":"5aa67bd3","settings":{"editor":"<p>Ballet lessons for all levels<\/p>","text_color":"#808291","typography_typography":"custom","typography_font_family":"Lora","typography_font_size":{"unit":"em","size":0.83999999999999996891375531049561686813831329345703125,"sizes":[]},"typography_font_weight":"400","typography_line_height":{"unit":"em","size":1,"sizes":[]},"typography_font_style":"italic","_padding":{"unit":"em","top":"0","right":"0","bottom":"0.2","left":"0","isLinked":false}},"elements":[],"isInner":false,"widgetType":"text-editor","elType":"widget"}],"isInner":true,"elType":"column"}],"isInner":true,"elType":"section"},{"id":"888e7e5","settings":{"image":{"id":"3877","url":"https:\/\/cliente.shazamlnv.com\/setasolar\/wp-content\/uploads\/2022\/04\/dancer-tossing-hair.jpg"},"image_size":"custom","image_custom_dimension":{"width":"400","height":"510"},"opacity":{"unit":"px","size":1,"sizes":[]},"opacity_hover":{"unit":"px","size":0.59999999999999997779553950749686919152736663818359375,"sizes":[]},"background_hover_transition":{"unit":"px","size":0.40000000000000002220446049250313080847263336181640625,"sizes":[]},"image_border_radius":{"unit":"px","top":"4","right":"4","bottom":"4","left":"4","isLinked":true},"_padding":{"unit":"em","top":"0","right":"0","bottom":"0","left":"0","isLinked":false},"_background_color":"#222428","link_to":"custom","link":{"url":"#","is_external":"","nofollow":""}},"elements":[],"isInner":false,"widgetType":"image","elType":"widget"},{"id":"7d3fe2cd","settings":{"background_color":"#ffffff","box_shadow_box_shadow":{"horizontal":0,"vertical":18,"blur":43,"spread":0,"color":"rgba(27,29,38,0.13)"},"margin":{"unit":"px","top":"-80","right":0,"bottom":"60","left":0,"isLinked":false},"padding":{"unit":"em","top":"1","right":"1","bottom":"1","left":"1","isLinked":true}},"elements":[{"id":"6bc2e275","settings":{"_column_size":100,"_inline_size":null,"space_between_widgets":0,"background_background":"classic","background_color":"#ffffff","border_radius":{"unit":"px","top":"4","right":"4","bottom":"4","left":"4","isLinked":true},"box_shadow_box_shadow_type":"yes","box_shadow_box_shadow":{"horizontal":0,"vertical":13,"blur":50,"spread":0,"color":"rgba(0,0,0,0.1)"},"padding":{"unit":"em","top":"01.5","right":"2","bottom":"0.7","left":"2","isLinked":false}},"elements":[{"id":"12a8a31f","settings":{"title":"Salsa Movement","header_size":"h3","title_color":"#222428","typography_typography":"custom","typography_font_family":"Karla","typography_font_size":{"unit":"em","size":1.0500000000000000444089209850062616169452667236328125,"sizes":[]},"typography_font_weight":"600","typography_line_height":{"unit":"em","size":1.5,"sizes":[]},"typography_letter_spacing":{"unit":"px","size":-0.8000000000000000444089209850062616169452667236328125,"sizes":[]},"_padding":{"unit":"em","top":"0","right":"0","bottom":"0","left":"0","isLinked":false}},"elements":[],"isInner":false,"widgetType":"heading","elType":"widget"},{"id":"782c7d65","settings":{"editor":"<p>Get a taste of Latin dance style<\/p>","text_color":"#808291","typography_typography":"custom","typography_font_family":"Lora","typography_font_size":{"unit":"em","size":0.83999999999999996891375531049561686813831329345703125,"sizes":[]},"typography_font_weight":"400","typography_line_height":{"unit":"em","size":1,"sizes":[]},"typography_font_style":"italic","_padding":{"unit":"em","top":"0","right":"0","bottom":"0.2","left":"0","isLinked":false}},"elements":[],"isInner":false,"widgetType":"text-editor","elType":"widget"}],"isInner":true,"elType":"column"}],"isInner":true,"elType":"section"}],"isInner":false,"elType":"column"},{"id":"7187c9c7","settings":{"_column_size":33,"_inline_size":null,"margin":{"unit":"px","top":"0","right":"0","bottom":"0","left":"0","isLinked":true},"_inline_size_tablet":100,"padding_tablet":{"unit":"em","top":"0","right":"10","bottom":"0","left":"10","isLinked":false},"padding_mobile":{"unit":"em","top":"1.3","right":"1.3","bottom":"1.3","left":"1.3","isLinked":true}},"elements":[{"id":"75800226","settings":{"image":{"id":"3880","url":"https:\/\/cliente.shazamlnv.com\/setasolar\/wp-content\/uploads\/2022\/04\/dance-studio-dance-rehearsal.jpg"},"image_size":"custom","image_custom_dimension":{"width":"400","height":"510"},"opacity":{"unit":"px","size":1,"sizes":[]},"opacity_hover":{"unit":"px","size":0.59999999999999997779553950749686919152736663818359375,"sizes":[]},"background_hover_transition":{"unit":"px","size":0.40000000000000002220446049250313080847263336181640625,"sizes":[]},"image_border_radius":{"unit":"px","top":"4","right":"4","bottom":"4","left":"4","isLinked":true},"_padding":{"unit":"em","top":"0","right":"0","bottom":"0","left":"0","isLinked":false},"link_to":"custom","link":{"url":"#","is_external":"","nofollow":""},"_background_color":"#222428"},"elements":[],"isInner":false,"widgetType":"image","elType":"widget"},{"id":"3883ab73","settings":{"background_color":"#ffffff","box_shadow_box_shadow":{"horizontal":0,"vertical":18,"blur":43,"spread":0,"color":"rgba(27,29,38,0.13)"},"margin":{"unit":"px","top":"-80","right":0,"bottom":"60","left":0,"isLinked":false},"padding":{"unit":"em","top":"1","right":"1","bottom":"1","left":"1","isLinked":true}},"elements":[{"id":"5f35eee6","settings":{"_column_size":100,"_inline_size":null,"space_between_widgets":0,"background_background":"classic","background_color":"#ffffff","border_radius":{"unit":"px","top":"4","right":"4","bottom":"4","left":"4","isLinked":true},"box_shadow_box_shadow_type":"yes","box_shadow_box_shadow":{"horizontal":0,"vertical":13,"blur":50,"spread":0,"color":"rgba(0,0,0,0.1)"},"padding":{"unit":"em","top":"01.5","right":"2","bottom":"0.7","left":"2","isLinked":false}},"elements":[{"id":"429fe4c5","settings":{"title":"Belly Dance Classes","header_size":"h3","title_color":"#222428","typography_typography":"custom","typography_font_family":"Karla","typography_font_size":{"unit":"em","size":1.0500000000000000444089209850062616169452667236328125,"sizes":[]},"typography_font_weight":"600","typography_line_height":{"unit":"em","size":1.5,"sizes":[]},"typography_letter_spacing":{"unit":"px","size":-0.8000000000000000444089209850062616169452667236328125,"sizes":[]},"_padding":{"unit":"em","top":"0","right":"0","bottom":"0","left":"0","isLinked":false}},"elements":[],"isInner":false,"widgetType":"heading","elType":"widget"},{"id":"36ba5892","settings":{"editor":"<p>Stay in shape &amp; promotes femininity<\/p>","text_color":"#808291","typography_typography":"custom","typography_font_family":"Lora","typography_font_size":{"unit":"em","size":0.83999999999999996891375531049561686813831329345703125,"sizes":[]},"typography_font_weight":"400","typography_line_height":{"unit":"em","size":1,"sizes":[]},"typography_font_style":"italic","_padding":{"unit":"em","top":"0","right":"0","bottom":"0.2","left":"0","isLinked":false}},"elements":[],"isInner":false,"widgetType":"text-editor","elType":"widget"}],"isInner":true,"elType":"column"}],"isInner":true,"elType":"section"},{"id":"6e71eb63","settings":{"image":{"id":"3887","url":"https:\/\/cliente.shazamlnv.com\/setasolar\/wp-content\/uploads\/2022\/04\/dance-class-in-studio.jpg"},"image_size":"custom","image_custom_dimension":{"width":"400","height":"510"},"opacity":{"unit":"px","size":1,"sizes":[]},"opacity_hover":{"unit":"px","size":0.59999999999999997779553950749686919152736663818359375,"sizes":[]},"background_hover_transition":{"unit":"px","size":0.40000000000000002220446049250313080847263336181640625,"sizes":[]},"image_border_radius":{"unit":"px","top":"4","right":"4","bottom":"4","left":"4","isLinked":true},"_padding":{"unit":"em","top":"0","right":"0","bottom":"0","left":"0","isLinked":false},"_background_color":"#222428","link_to":"custom","link":{"url":"#","is_external":"","nofollow":""}},"elements":[],"isInner":false,"widgetType":"image","elType":"widget"},{"id":"29fba37","settings":{"background_color":"#ffffff","box_shadow_box_shadow":{"horizontal":0,"vertical":18,"blur":43,"spread":0,"color":"rgba(27,29,38,0.13)"},"margin":{"unit":"px","top":"-80","right":0,"bottom":"60","left":0,"isLinked":false},"padding":{"unit":"em","top":"1","right":"1","bottom":"1","left":"1","isLinked":true},"margin_mobile":{"unit":"px","top":"-80","right":0,"bottom":"30","left":0,"isLinked":false}},"elements":[{"id":"19b9fa23","settings":{"_column_size":100,"_inline_size":null,"space_between_widgets":0,"background_background":"classic","background_color":"#ffffff","border_radius":{"unit":"px","top":"4","right":"4","bottom":"4","left":"4","isLinked":true},"box_shadow_box_shadow_type":"yes","box_shadow_box_shadow":{"horizontal":0,"vertical":13,"blur":50,"spread":0,"color":"rgba(0,0,0,0.1)"},"padding":{"unit":"em","top":"01.5","right":"2","bottom":"0.7","left":"2","isLinked":false}},"elements":[{"id":"1ba3e488","settings":{"title":"Fitness Bootcamp","header_size":"h3","title_color":"#222428","typography_typography":"custom","typography_font_family":"Karla","typography_font_size":{"unit":"em","size":1.0500000000000000444089209850062616169452667236328125,"sizes":[]},"typography_font_weight":"600","typography_line_height":{"unit":"em","size":1.5,"sizes":[]},"typography_letter_spacing":{"unit":"px","size":-0.8000000000000000444089209850062616169452667236328125,"sizes":[]},"_padding":{"unit":"em","top":"0","right":"0","bottom":"0","left":"0","isLinked":false}},"elements":[],"isInner":false,"widgetType":"heading","elType":"widget"},{"id":"494de285","settings":{"editor":"<p>Boost fitness and wellbeing<\/p>","text_color":"#808291","typography_typography":"custom","typography_font_family":"Lora","typography_font_size":{"unit":"em","size":0.83999999999999996891375531049561686813831329345703125,"sizes":[]},"typography_font_weight":"400","typography_line_height":{"unit":"em","size":1,"sizes":[]},"typography_font_style":"italic","_padding":{"unit":"em","top":"0","right":"0","bottom":"0.2","left":"0","isLinked":false}},"elements":[],"isInner":false,"widgetType":"text-editor","elType":"widget"}],"isInner":true,"elType":"column"}],"isInner":true,"elType":"section"}],"isInner":false,"elType":"column"}],"isInner":false,"elType":"section"},{"id":"2770362","settings":{"margin":{"unit":"px","top":"-60","right":0,"bottom":"0","left":0,"isLinked":false},"margin_tablet":{"unit":"px","top":"0","right":0,"bottom":"0","left":0,"isLinked":true},"padding_mobile":{"unit":"em","top":"0","right":"0","bottom":"0","left":"0","isLinked":false},"background_background":"classic","background_color":"#f4f6f7"},"elements":[{"id":"665cc27","settings":{"_column_size":100},"elements":[{"id":"2c91f78e","settings":{"text":"See More Classes","align":"center","icon_align":"right","icon_indent":{"unit":"px","size":8,"sizes":[]},"typography_typography":"custom","typography_font_family":"Karla","typography_font_size":{"unit":"em","size":0.82999999999999996003197111349436454474925994873046875,"sizes":[]},"typography_font_weight":"600","typography_text_transform":"uppercase","typography_line_height":{"unit":"em","size":2.20000000000000017763568394002504646778106689453125,"sizes":[]},"typography_letter_spacing":{"unit":"px","size":1.600000000000000088817841970012523233890533447265625,"sizes":[]},"button_text_color":"#ffffff","background_color":"#d2b29b","hover_color":"#ffffff","button_background_hover_color":"#222428","hover_animation":"grow","border_radius":{"unit":"px","top":"0","right":"0","bottom":"0","left":"0","isLinked":true},"text_padding":{"unit":"em","top":"1","right":"4","bottom":"1","left":"4","isLinked":false},"_background_color":"#000000","_padding":{"unit":"em","top":"0","right":"0","bottom":"6","left":"0","isLinked":false},"_padding_mobile":{"unit":"em","top":"0","right":"0","bottom":"04","left":"0","isLinked":false}},"elements":[],"isInner":false,"widgetType":"button","elType":"widget"}],"isInner":false,"elType":"column"}],"isInner":false,"elType":"section"},{"id":"667a09a2","settings":{"background_color":"#ffffff","shape_divider_top_color":"#f4f6f7","shape_divider_top_width":{"unit":"%","size":107,"sizes":[]},"shape_divider_top_height":{"unit":"px","size":134,"sizes":[]},"padding":{"unit":"em","top":"6","right":"0","bottom":"6","left":"0","isLinked":false},"layout":"full_width","gap":"no","background_background":"classic","padding_tablet":{"unit":"em","top":"1","right":"1","bottom":"1","left":"1","isLinked":true}},"elements":[{"id":"656f4cca","settings":{"_column_size":100,"_inline_size":null},"elements":[{"id":"667514b6","settings":{"padding":{"unit":"em","top":"0","right":"0","bottom":"2","left":"0","isLinked":false}},"elements":[{"id":"28e319c4","settings":{"_column_size":100,"_inline_size":null},"elements":[{"id":"2c79c6b8","settings":{"title":"What they say","align":"center","title_color":"#bcbcbc","typography_typography":"custom","typography_font_family":"Karla","typography_font_size":{"unit":"px","size":15},"typography_font_weight":"600","typography_text_transform":"uppercase","typography_line_height":{"unit":"em","size":1.399999999999999911182158029987476766109466552734375},"typography_letter_spacing":{"unit":"px","size":1.600000000000000088817841970012523233890533447265625},"_padding":{"unit":"em","top":"0","right":"0","bottom":"0","left":"0","isLinked":false},"header_size":"h3","align_mobile":"center"},"elements":[],"isInner":false,"widgetType":"heading","elType":"widget"},{"id":"5f819732","settings":{"title":"Press & Media","align":"center","title_color":"#222428","typography_typography":"custom","typography_font_family":"Karla","typography_font_size":{"unit":"em","size":2.600000000000000088817841970012523233890533447265625,"sizes":[]},"typography_font_weight":"700","typography_letter_spacing":{"unit":"px","size":-2,"sizes":[]},"_padding":{"unit":"em","top":"0","right":"0","bottom":"0.5","left":"0","isLinked":false}},"elements":[],"isInner":false,"widgetType":"heading","elType":"widget"}],"isInner":true,"elType":"column"}],"isInner":true,"elType":"section"},{"id":"ca527c1","settings":{"structure":"50","padding":{"unit":"em","top":"0","right":"0","bottom":"0","left":"0","isLinked":false}},"elements":[{"id":"2285085d","settings":{"_column_size":20,"_inline_size":26.96399999999999863575794734060764312744140625,"space_between_widgets":0,"padding":{"unit":"em","top":"1","right":"2","bottom":"1","left":"1","isLinked":false},"_inline_size_tablet":100},"elements":[{"id":"5ed47046","settings":{"title":"Dancing Without Fear - DANCR Center","header_size":"h3","title_color":"#d2b29b","typography_typography":"custom","typography_font_family":"Karla","typography_font_size":{"unit":"em","size":1.5,"sizes":[]},"typography_font_size_tablet":{"unit":"em","size":1.5,"sizes":[]},"typography_font_weight":"700","typography_line_height":{"unit":"em","size":1.3000000000000000444089209850062616169452667236328125,"sizes":[]},"typography_letter_spacing":{"unit":"px","size":-1,"sizes":[]},"_margin":{"unit":"px","top":"0","right":"0","bottom":"0","left":"0","isLinked":false},"_padding":{"unit":"em","top":"0","right":"0","bottom":"0","left":"0","isLinked":true},"align":"left"},"elements":[],"isInner":false,"widgetType":"heading","elType":"widget"},{"id":"4424f836","settings":{"editor":"<p>Ultrices mi tempus imperdiet malesuada pellent esque. Duis aute irure dolor in reprehenderit in voluptate velit.<\/p>","text_color":"#808291","typography_typography":"custom","typography_font_family":"Lora","typography_font_size":{"unit":"em","size":1,"sizes":[]},"typography_font_weight":"400","typography_line_height":{"unit":"em","size":1.8000000000000000444089209850062616169452667236328125,"sizes":[]},"align":"left","_padding":{"unit":"em","top":"0","right":"0","bottom":"0","left":"0","isLinked":false}},"elements":[],"isInner":false,"widgetType":"text-editor","elType":"widget"},{"id":"2a913ff3","settings":{"text":"Read Article \u2014","align":"left","typography_typography":"custom","typography_font_family":"Karla","typography_font_size":{"unit":"em","size":0.83999999999999996891375531049561686813831329345703125,"sizes":[]},"typography_font_weight":"600","typography_text_transform":"uppercase","typography_line_height":{"unit":"em","size":0,"sizes":[]},"typography_letter_spacing":{"unit":"px","size":1.600000000000000088817841970012523233890533447265625,"sizes":[]},"button_text_color":"#222428","background_color":"rgba(0,0,0,0)","hover_color":"#222428","button_background_hover_color":"rgba(0,0,0,0)","hover_animation":"grow","_margin":{"unit":"px","top":"0","right":"0","bottom":"0","left":"0","isLinked":false},"typography_line_height_tablet":{"unit":"em","size":1.1999999999999999555910790149937383830547332763671875,"sizes":[]},"text_padding":{"unit":"px","top":"0","right":"0","bottom":"0","left":"0","isLinked":true},"_padding":{"unit":"px","top":"0","right":"0","bottom":"0","left":"0","isLinked":false}},"elements":[],"isInner":false,"widgetType":"button","elType":"widget"}],"isInner":true,"elType":"column"},{"id":"477905c8","settings":{"_column_size":20,"_inline_size":9.018000000000000682121026329696178436279296875,"_inline_size_tablet":100},"elements":[],"isInner":true,"elType":"column"},{"id":"6a004269","settings":{"_column_size":20,"_inline_size":26.96399999999999863575794734060764312744140625,"space_between_widgets":0,"padding":{"unit":"em","top":"1","right":"2","bottom":"1","left":"1","isLinked":false},"_inline_size_tablet":100},"elements":[{"id":"3278b610","settings":{"title":"Interesting Facts About Being A Ballerina","header_size":"h3","align":"left","title_color":"#d2b29b","typography_typography":"custom","typography_font_family":"Karla","typography_font_size":{"unit":"em","size":1.5,"sizes":[]},"typography_font_size_tablet":{"unit":"em","size":1.5,"sizes":[]},"typography_font_weight":"700","typography_line_height":{"unit":"em","size":1.3000000000000000444089209850062616169452667236328125,"sizes":[]},"typography_letter_spacing":{"unit":"px","size":-1,"sizes":[]},"_margin":{"unit":"px","top":"0","right":"0","bottom":"0","left":"0","isLinked":false},"_padding":{"unit":"em","top":"0","right":"0","bottom":"0","left":"0","isLinked":true}},"elements":[],"isInner":false,"widgetType":"heading","elType":"widget"},{"id":"19755126","settings":{"editor":"<p>Ultrices mi tempus imperdiet malesuada pellent esque. Duis aute irure dolor in reprehenderit in voluptate velit.<\/p>","text_color":"#808291","typography_typography":"custom","typography_font_family":"Lora","typography_font_size":{"unit":"em","size":1,"sizes":[]},"typography_font_weight":"400","typography_line_height":{"unit":"em","size":1.8000000000000000444089209850062616169452667236328125,"sizes":[]},"align":"left","_padding":{"unit":"em","top":"0","right":"0","bottom":"0","left":"0","isLinked":false}},"elements":[],"isInner":false,"widgetType":"text-editor","elType":"widget"},{"id":"46657446","settings":{"text":"Read Article \u2014","align":"left","typography_typography":"custom","typography_font_family":"Karla","typography_font_size":{"unit":"em","size":0.83999999999999996891375531049561686813831329345703125,"sizes":[]},"typography_font_weight":"600","typography_text_transform":"uppercase","typography_line_height":{"unit":"em","size":0,"sizes":[]},"typography_letter_spacing":{"unit":"px","size":1.600000000000000088817841970012523233890533447265625,"sizes":[]},"button_text_color":"#222428","background_color":"rgba(0,0,0,0)","hover_color":"#222428","button_background_hover_color":"rgba(0,0,0,0)","hover_animation":"grow","_margin":{"unit":"px","top":"0","right":"0","bottom":"0","left":"0","isLinked":false},"typography_line_height_tablet":{"unit":"em","size":1.1999999999999999555910790149937383830547332763671875,"sizes":[]},"text_padding":{"unit":"px","top":"0","right":"0","bottom":"0","left":"0","isLinked":true},"_padding":{"unit":"px","top":"0","right":"0","bottom":"0","left":"0","isLinked":false}},"elements":[],"isInner":false,"widgetType":"button","elType":"widget"}],"isInner":true,"elType":"column"},{"id":"7b96df15","settings":{"_column_size":20,"_inline_size":9.018000000000000682121026329696178436279296875,"_inline_size_tablet":100},"elements":[],"isInner":true,"elType":"column"},{"id":"28a4a9f1","settings":{"_column_size":20,"_inline_size":26.96399999999999863575794734060764312744140625,"space_between_widgets":0,"padding":{"unit":"em","top":"1","right":"2","bottom":"1","left":"1","isLinked":false},"_inline_size_tablet":100},"elements":[{"id":"54a956e2","settings":{"title":"Falling In Love With Tango Dancing","header_size":"h3","align":"left","title_color":"#d2b29b","typography_typography":"custom","typography_font_family":"Karla","typography_font_size":{"unit":"em","size":1.5,"sizes":[]},"typography_font_size_tablet":{"unit":"em","size":1.5,"sizes":[]},"typography_font_weight":"700","typography_line_height":{"unit":"em","size":1.3000000000000000444089209850062616169452667236328125,"sizes":[]},"typography_letter_spacing":{"unit":"px","size":-1,"sizes":[]},"_margin":{"unit":"px","top":"0","right":"0","bottom":"0","left":"0","isLinked":false},"_padding":{"unit":"em","top":"0","right":"0","bottom":"0","left":"0","isLinked":true}},"elements":[],"isInner":false,"widgetType":"heading","elType":"widget"},{"id":"5b8fc729","settings":{"editor":"<p>Congue nisi vitae suscipit tellus esse a inrdum posuere.\u00a0<span style=\"font-size: 1em;\">Deserunt mollit anim id est abrum consectetur adipiscing elit.<\/span><\/p>","text_color":"#808291","typography_typography":"custom","typography_font_family":"Lora","typography_font_size":{"unit":"em","size":1,"sizes":[]},"typography_font_weight":"400","typography_line_height":{"unit":"em","size":1.8000000000000000444089209850062616169452667236328125,"sizes":[]},"align":"left","_padding":{"unit":"em","top":"0","right":"0","bottom":"0","left":"0","isLinked":false}},"elements":[],"isInner":false,"widgetType":"text-editor","elType":"widget"},{"id":"7f5d56fa","settings":{"text":"Read Article \u2014","align":"left","typography_typography":"custom","typography_font_family":"Karla","typography_font_size":{"unit":"em","size":0.83999999999999996891375531049561686813831329345703125,"sizes":[]},"typography_font_weight":"600","typography_text_transform":"uppercase","typography_line_height":{"unit":"em","size":0,"sizes":[]},"typography_letter_spacing":{"unit":"px","size":1.600000000000000088817841970012523233890533447265625,"sizes":[]},"button_text_color":"#222428","background_color":"rgba(0,0,0,0)","hover_color":"#222428","button_background_hover_color":"rgba(0,0,0,0)","hover_animation":"grow","_margin":{"unit":"px","top":"0","right":"0","bottom":"0","left":"0","isLinked":false},"typography_line_height_tablet":{"unit":"em","size":1.1999999999999999555910790149937383830547332763671875,"sizes":[]},"text_padding":{"unit":"px","top":"0","right":"0","bottom":"0","left":"0","isLinked":true},"_padding":{"unit":"px","top":"0","right":"0","bottom":"0","left":"0","isLinked":false}},"elements":[],"isInner":false,"widgetType":"button","elType":"widget"}],"isInner":true,"elType":"column"}],"isInner":true,"elType":"section"}],"isInner":false,"elType":"column"}],"isInner":false,"elType":"section"},{"id":"62203482","settings":{"background_background":"classic","background_color":"#1b1d26","background_overlay_gradient_angle":{"unit":"deg","size":140,"sizes":[]},"background_overlay_opacity":{"unit":"px","size":1,"sizes":[]},"shape_divider_top_color":"#f4f6f7","shape_divider_top_width":{"unit":"%","size":178,"sizes":[]},"shape_divider_top_height":{"unit":"px","size":421,"sizes":[]},"shape_divider_bottom_color":"#1d1b26","padding":{"unit":"em","top":"6","right":"0","bottom":"5","left":"0","isLinked":false},"background_image":{"id":"3879","url":"https:\/\/cliente.shazamlnv.com\/setasolar\/wp-content\/uploads\/2022\/04\/dance-rehearsal-pose.jpg"},"background_position":"center center","background_repeat":"no-repeat","background_size":"cover","background_overlay_background":"gradient","background_overlay_color":"#1b1d26","background_overlay_color_b":"rgba(29,27,38,0.47)","shape_divider_bottom_width":{"unit":"%","size":300,"sizes":[]},"shape_divider_bottom_height":{"unit":"px","size":123,"sizes":[]},"shape_divider_top_negative":"yes","structure":"20","padding_tablet":{"unit":"em","top":"6","right":"2","bottom":"6","left":"2","isLinked":false}},"elements":[{"id":"2f5e94dc","settings":{"_column_size":50,"space_between_widgets":0,"_inline_size":54.73700000000000187583282240666449069976806640625},"elements":[{"id":"7b917440","settings":{"title":"Start Your  Journey","align":"left","title_color":"#d2b29b","typography_typography":"custom","typography_font_family":"Karla","typography_font_size":{"unit":"em","size":0.939999999999999946709294817992486059665679931640625,"sizes":[]},"typography_font_weight":"600","typography_text_transform":"uppercase","typography_letter_spacing":{"unit":"px","size":0.59999999999999997779553950749686919152736663818359375,"sizes":[]},"_padding":{"unit":"em","top":"0","right":"0","bottom":"0","left":"0","isLinked":false},"header_size":"h3","_margin":{"unit":"px","top":"0","right":"0","bottom":"0","left":"0","isLinked":false},"align_mobile":"center"},"elements":[],"isInner":false,"widgetType":"heading","elType":"widget"},{"id":"5c40f0e5","settings":{"title":"Hundreds of creative and performing classes","align":"left","title_color":"#ffffff","typography_typography":"custom","typography_font_family":"Karla","typography_font_size":{"unit":"em","size":3,"sizes":[]},"typography_font_weight":"700","typography_letter_spacing":{"unit":"px","size":-2,"sizes":[]},"_padding":{"unit":"em","top":"1.8","right":"0","bottom":"0.5","left":"0","isLinked":false},"typography_font_size_tablet":{"unit":"em","size":2.399999999999999911182158029987476766109466552734375,"sizes":[]},"typography_line_height":{"unit":"em","size":1.1999999999999999555910790149937383830547332763671875,"sizes":[]},"align_mobile":"center"},"elements":[],"isInner":false,"widgetType":"heading","elType":"widget"}],"isInner":false,"elType":"column"},{"id":"7e486054","settings":{"_column_size":50,"_inline_size":45.26299999999999812416717759333550930023193359375,"content_position":"center","space_between_widgets":15},"elements":[{"id":"bfb0fe7","settings":{"text":"Book your class","align":"center","icon_align":"right","icon_indent":{"unit":"px","size":8,"sizes":[]},"typography_typography":"custom","typography_font_family":"Karla","typography_font_size":{"unit":"em","size":0.82999999999999996003197111349436454474925994873046875,"sizes":[]},"typography_font_weight":"600","typography_text_transform":"uppercase","typography_line_height":{"unit":"em","size":2.20000000000000017763568394002504646778106689453125,"sizes":[]},"typography_letter_spacing":{"unit":"px","size":1.600000000000000088817841970012523233890533447265625,"sizes":[]},"button_text_color":"#ffffff","background_color":"#d2b29b","hover_color":"#ffffff","button_background_hover_color":"#222428","hover_animation":"grow","border_radius":{"unit":"px","top":"0","right":"0","bottom":"0","left":"0","isLinked":true},"text_padding":{"unit":"em","top":"1","right":"4","bottom":"1","left":"4","isLinked":false},"_background_color":"#000000","_padding":{"unit":"em","top":"1","right":"0","bottom":"0","left":"0","isLinked":false}},"elements":[],"isInner":false,"widgetType":"button","elType":"widget"},{"id":"7681172b","settings":{"title":"\u2014 Discover the dance \u2014","header_size":"h3","align":"center","title_color":"#cbcbd6","typography_typography":"custom","typography_font_family":"Lora","typography_font_size":{"unit":"em","size":1,"sizes":[]},"typography_font_weight":"400","typography_font_style":"italic"},"elements":[],"isInner":false,"widgetType":"heading","elType":"widget"}],"isInner":false,"elType":"column"}],"isInner":false,"elType":"section"}],"page_settings":[],"version":"0.4","title":"ESCOLA DE DAN\u00c7A","type":"section"}