{"version":"0.4","title":"Dance School > Home 2","type":"page","content":[{"id":"53f087e4","settings":{"background_background":"classic","background_image":{"id":"8274","url":"http:\/\/sitefacilitado.com.br\/membros\/wp-content\/uploads\/2020\/03\/dancer-smiling-e1558338388886-scaled.jpg"},"background_position":"center center","background_attachment":"fixed","background_repeat":"no-repeat","background_size":"cover","background_overlay_background":"classic","background_overlay_color":"#222428","background_overlay_opacity":{"unit":"px","size":"0.6"},"padding":{"unit":"em","top":"0.5","right":"0","bottom":"0","left":"0","isLinked":""},"shape_divider_bottom":"curve","shape_divider_bottom_color":"#ffffff","shape_divider_bottom_width":{"unit":"%","size":"105","sizes":[]},"shape_divider_bottom_height":{"unit":"px","size":"55","sizes":[]},"custom_height":{"unit":"vh","size":"75","sizes":[]},"shape_divider_bottom_width_mobile":{"unit":"%","size":"111","sizes":[]},"shape_divider_bottom_height_mobile":{"unit":"px","size":"22","sizes":[]},"padding_mobile":{"unit":"em","top":"4","right":"0","bottom":"4","left":"0","isLinked":""},"height":"min-height","structure":"20","background_video_link":"https:\/\/www.youtube.com\/watch?v=Wf0eVWVevns","background_video_start":"12","background_video_end":"80"},"elements":[{"id":"7e16f9eb","settings":{"_column_size":"50","space_between_widgets":"0","background_color":"#f9f9f9","padding":{"unit":"px","top":"0","right":"0","bottom":"0","left":"0","isLinked":""},"_inline_size":"77.719","_inline_size_tablet":"100","padding_mobile":{"unit":"em","top":"0","right":"0","bottom":"0","left":"0","isLinked":"1"}},"elements":[{"id":"e65c89","settings":{"title":"Join today and get 10% off","title_color":"#d2b29b","typography_typography":"custom","typography_font_family":"Karla","typography_font_size":{"unit":"em","size":"0.9"},"typography_font_weight":"600","typography_text_transform":"uppercase","typography_letter_spacing":{"unit":"px","size":"1.6"},"_padding":{"unit":"em","top":"0.4","right":"0","bottom":"1.3","left":"0","isLinked":""},"typography_font_size_mobile":{"unit":"em","size":"0.84","sizes":[]},"typography_line_height":{"unit":"em","size":"1.4"},"header_size":"h3","align":"left","align_mobile":"center","align_tablet":"center"},"elements":[],"isInner":false,"widgetType":"heading","elType":"widget"},{"id":"e3dcc1a","settings":{"title":"Start Your Dance Journey","header_size":"h1","align":"left","title_color":"#ffffff","typography_typography":"custom","typography_font_family":"Karla","typography_font_size":{"unit":"em","size":"5.1"},"typography_font_weight":"700","typography_letter_spacing":{"unit":"px","size":"-3"},"_padding":{"unit":"em","top":"1","right":"0","bottom":"2","left":"0","isLinked":""},"typography_font_size_tablet":{"unit":"em","size":"3.8","sizes":[]},"typography_font_size_mobile":{"unit":"px","size":"45"},"typography_line_height":{"unit":"em","size":"1"},"align_mobile":"center","align_tablet":"center","_padding_tablet":{"unit":"em","top":"1","right":"0","bottom":"00.5","left":"0","isLinked":""}},"elements":[],"isInner":false,"widgetType":"heading","elType":"widget"},{"id":"56dad29d","settings":{"structure":"20","padding":{"unit":"em","top":"0","right":"0","bottom":"2","left":"0","isLinked":""},"padding_tablet":{"unit":"em","top":"0","right":"3","bottom":"0","left":"4","isLinked":""},"padding_mobile":{"unit":"em","top":"0","right":"0","bottom":"0","left":"0","isLinked":""}},"elements":[{"id":"4c84ff32","settings":{"_column_size":"50","_inline_size":"13.657","_inline_size_tablet":"15","_inline_size_mobile":"100","padding_mobile":{"unit":"em","top":"0","right":"7.5","bottom":"0","left":"7.5","isLinked":""}},"elements":[{"id":"571cca0c","settings":{"youtube_url":"https:\/\/www.youtube.com\/watch?v=Wf0eVWVevns","vimeo_url":"https:\/\/vimeo.com\/235215203","dailymotion_url":"https:\/\/www.dailymotion.com\/video\/x6tqhqb","modestbranding":"yes","show_image_overlay":"yes","image_overlay":{"url":"http:\/\/sitefacilitado.com.br\/membros\/wp-content\/uploads\/2020\/03\/playbtn-custom-2.png","id":"8268"},"lazy_load":"yes","show_play_icon":"","lightbox":"yes","_css_classes":"envato-kit-168-button-ripple"},"elements":[],"isInner":false,"widgetType":"video","elType":"widget"}],"isInner":"1","elType":"column"},{"id":"79b76b74","settings":{"_column_size":"50","_inline_size":"86.343","content_position":"center","_inline_size_tablet":"80","_inline_size_mobile":"100","padding_mobile":{"unit":"em","top":"1","right":"1","bottom":"1","left":"1","isLinked":"1"}},"elements":[{"id":"1be2a9aa","settings":{"editor":"<p>Sem laoreet id donec ultrices tincidunt arcu vitae congue eu conseq arcu non odio id lacinia at qui vulputate ac torto vitae faucibus.<\/p>","align":"left","text_color":"#c4c4ce","typography_typography":"custom","typography_font_family":"Lora","typography_font_size":{"unit":"em","size":"1.04","sizes":[]},"typography_font_weight":"400","typography_line_height":{"unit":"em","size":"2","sizes":[]},"typography_font_size_tablet":{"unit":"em","size":"0.9","sizes":[]},"align_mobile":"center","_padding":{"unit":"em","top":"0","right":"07","bottom":"0","left":"02","isLinked":""},"_padding_tablet":{"unit":"em","top":"0","right":"0","bottom":"0","left":"1","isLinked":""},"_margin_mobile":{"unit":"px","top":"0","right":"0","bottom":"0","left":"0","isLinked":"1"},"_padding_mobile":{"unit":"px","top":"0","right":"0","bottom":"0","left":"0","isLinked":"1"}},"elements":[],"isInner":false,"widgetType":"text-editor","elType":"widget"}],"isInner":"1","elType":"column"}],"isInner":"1","elType":"section"}],"isInner":"","elType":"column"},{"id":"5f5c1481","settings":{"_column_size":"50","_inline_size":"22.281","content_position":"center","space_between_widgets":"0","_inline_size_tablet":"100"},"elements":[{"id":"41a3a75d","settings":{"text":"Book Your Class","align":"center","icon_align":"right","icon_indent":{"unit":"px","size":"8","sizes":[]},"typography_typography":"custom","typography_font_family":"Karla","typography_font_size":{"unit":"em","size":"0.83","sizes":[]},"typography_font_weight":"600","typography_text_transform":"uppercase","typography_line_height":{"unit":"em","size":"2.2","sizes":[]},"typography_letter_spacing":{"unit":"px","size":"1.6","sizes":[]},"button_text_color":"#ffffff","background_color":"#d2b29b","hover_color":"#ffffff","button_background_hover_color":"#222428","hover_animation":"grow","border_radius":{"unit":"px","top":"0","right":"0","bottom":"0","left":"0","isLinked":"1"},"text_padding":{"unit":"em","top":"1","right":"3","bottom":"1","left":"3","isLinked":""},"_background_color":"#000000","_padding":{"unit":"%","top":"2","right":"0","bottom":"1","left":"0","isLinked":""}},"elements":[],"isInner":false,"widgetType":"button","elType":"widget"},{"id":"8e368b0","settings":{"editor":"<p>10% Discount<\/p>","align":"center","text_color":"#e1e0e2","typography_typography":"custom","typography_font_family":"Karla","typography_font_size":{"unit":"em","size":"0.65","sizes":[]},"typography_font_weight":"600","typography_text_transform":"uppercase","typography_line_height":{"unit":"em","size":"1","sizes":[]},"typography_letter_spacing":{"unit":"px","size":"0.6","sizes":[]},"_margin":{"unit":"px","top":"0","right":"0","bottom":"0","left":"0","isLinked":""},"_padding":{"unit":"em","top":"0.4","right":"0","bottom":"0","left":"0","isLinked":""}},"elements":[],"isInner":false,"widgetType":"text-editor","elType":"widget"}],"isInner":"","elType":"column"}],"isInner":"","elType":"section"},{"id":"39c2b216","settings":{"background_background":"classic","background_color":"#ffffff"},"elements":[{"id":"3edc5dbe","settings":{"_column_size":"100"},"elements":[{"id":"7de93783","settings":{"padding":{"unit":"em","top":"03.5","right":"0","bottom":"0","left":"0","isLinked":""},"background_color":"#f4f6f7","padding_mobile":{"unit":"px","top":"0","right":"0","bottom":"0","left":"0","isLinked":"1"}},"elements":[{"id":"23b10a5b","settings":{"_column_size":"100","_inline_size":""},"elements":[{"id":"53c501ab","settings":{"title":"What we offer","align":"center","title_color":"#bcbcbc","typography_typography":"custom","typography_font_family":"Karla","typography_font_size":{"unit":"px","size":"15"},"typography_font_weight":"600","typography_text_transform":"uppercase","typography_line_height":{"unit":"em","size":"1.4"},"typography_letter_spacing":{"unit":"px","size":"1.6"},"_padding":{"unit":"em","top":"0","right":"0","bottom":"0","left":"0","isLinked":""},"header_size":"h3","align_mobile":"center"},"elements":[],"isInner":false,"widgetType":"heading","elType":"widget"},{"id":"4d9e5a6f","settings":{"title":"Our Classes","align":"center","title_color":"#222428","typography_typography":"custom","typography_font_family":"Karla","typography_font_size":{"unit":"em","size":"2.6","sizes":[]},"typography_font_weight":"700","typography_letter_spacing":{"unit":"px","size":"-2","sizes":[]},"_padding":{"unit":"em","top":"0","right":"0","bottom":"0.5","left":"0","isLinked":""}},"elements":[],"isInner":false,"widgetType":"heading","elType":"widget"},{"id":"5d4dd372","settings":{"text":"See All \u2014","align":"center","typography_typography":"custom","typography_font_family":"Karla","typography_font_size":{"unit":"em","size":"0.84","sizes":[]},"typography_font_weight":"600","typography_text_transform":"uppercase","typography_line_height":{"unit":"em","size":"1","sizes":[]},"typography_letter_spacing":{"unit":"px","size":"1.6","sizes":[]},"button_text_color":"#d2b29b","background_color":"rgba(0,0,0,0)","hover_color":"#222428","button_background_hover_color":"rgba(0,0,0,0)","hover_animation":"grow","_margin":{"unit":"px","top":"0","right":"0","bottom":"-20","left":"0","isLinked":""},"typography_line_height_tablet":{"unit":"em","size":"1.2","sizes":[]},"_padding":{"unit":"px","top":"0","right":"0","bottom":"0","left":"0","isLinked":"1"},"_border_width":{"unit":"px","top":"0","right":"0","bottom":"5","left":"0","isLinked":""},"_border_color":"#d2b29b","_border_radius":{"unit":"px","top":"0","right":"0","bottom":"0","left":"0","isLinked":"1"}},"elements":[],"isInner":false,"widgetType":"button","elType":"widget"}],"isInner":"1","elType":"column"}],"isInner":"1","elType":"section"},{"id":"2cf2302d","settings":{"gap":"wide","structure":"30","padding":{"unit":"em","top":"0","right":"0","bottom":"0","left":"0","isLinked":""}},"elements":[{"id":"434ec0ae","settings":{"_column_size":"33","_inline_size":"","margin":{"unit":"px","top":"0","right":"0","bottom":"0","left":"0","isLinked":"1"},"_inline_size_tablet":"50"},"elements":[{"id":"364ff03c","settings":{"image":{"url":"http:\/\/sitefacilitado.com.br\/membros\/wp-content\/uploads\/2020\/03\/dancer-smiling-e1558338388886-scaled.jpg","id":"8274"},"image_size":"custom","image_custom_dimension":{"width":"400","height":"510"},"opacity":{"unit":"px","size":"1","sizes":[]},"opacity_hover":{"unit":"px","size":"0.6","sizes":[]},"background_hover_transition":{"unit":"px","size":"0.4","sizes":[]},"image_border_radius":{"unit":"px","top":"4","right":"4","bottom":"4","left":"4","isLinked":"1"},"_padding":{"unit":"em","top":"0","right":"0","bottom":"0","left":"0","isLinked":""},"_background_color":"#222428","link_to":"custom","link":{"url":"#","is_external":"","nofollow":""}},"elements":[],"isInner":false,"widgetType":"image","elType":"widget"},{"id":"7d188a20","settings":{"background_color":"#ffffff","box_shadow_box_shadow":{"horizontal":"0","vertical":"18","blur":"43","spread":"0","color":"rgba(27,29,38,0.13)"},"margin":{"unit":"px","top":"-80","right":"0","bottom":"60","left":"0","isLinked":""},"padding":{"unit":"em","top":"1","right":"1","bottom":"1","left":"1","isLinked":"1"},"margin_tablet":{"unit":"px","top":"","right":"0","bottom":"","left":"0","isLinked":"1"},"margin_mobile":{"unit":"px","top":"","right":"0","bottom":"","left":"0","isLinked":"1"}},"elements":[{"id":"27b81c90","settings":{"_column_size":"100","_inline_size":"","space_between_widgets":"0","background_background":"classic","background_color":"#ffffff","border_radius":{"unit":"px","top":"4","right":"4","bottom":"4","left":"4","isLinked":"1"},"box_shadow_box_shadow_type":"yes","box_shadow_box_shadow":{"horizontal":"0","vertical":"13","blur":"50","spread":"0","color":"rgba(0,0,0,0.1)"},"padding":{"unit":"em","top":"01.5","right":"2","bottom":"0.7","left":"2","isLinked":""}},"elements":[{"id":"7912bac3","settings":{"title":"Absolute beginners","header_size":"h3","title_color":"#222428","typography_typography":"custom","typography_font_family":"Karla","typography_font_size":{"unit":"em","size":"1.05","sizes":[]},"typography_font_weight":"600","typography_line_height":{"unit":"em","size":"1.5","sizes":[]},"typography_letter_spacing":{"unit":"px","size":"-0.8","sizes":[]},"_padding":{"unit":"em","top":"0","right":"0","bottom":"0","left":"0","isLinked":""},"link":{"url":"#","is_external":"","nofollow":""}},"elements":[],"isInner":false,"widgetType":"heading","elType":"widget"},{"id":"608653bb","settings":{"editor":"<p>Level 1 courses &amp; Basics<\/p>","text_color":"#808291","typography_typography":"custom","typography_font_family":"Lora","typography_font_size":{"unit":"em","size":"0.84","sizes":[]},"typography_font_weight":"400","typography_line_height":{"unit":"em","size":"1","sizes":[]},"typography_font_style":"italic","_padding":{"unit":"em","top":"0","right":"0","bottom":"0.2","left":"0","isLinked":""}},"elements":[],"isInner":false,"widgetType":"text-editor","elType":"widget"}],"isInner":"1","elType":"column"}],"isInner":"1","elType":"section"},{"id":"4844d2fb","settings":{"image":{"url":"http:\/\/sitefacilitado.com.br\/membros\/wp-content\/uploads\/2020\/03\/dancers-do-ballet-warm-up-e1558339491718.jpg","id":"8275"},"image_size":"custom","image_custom_dimension":{"width":"400","height":"510"},"opacity":{"unit":"px","size":"1","sizes":[]},"opacity_hover":{"unit":"px","size":"0.6","sizes":[]},"background_hover_transition":{"unit":"px","size":"0.4","sizes":[]},"image_border_radius":{"unit":"px","top":"4","right":"4","bottom":"4","left":"4","isLinked":"1"},"_padding":{"unit":"em","top":"0","right":"0","bottom":"0","left":"0","isLinked":""},"_background_color":"#222428","link_to":"custom","link":{"url":"#","is_external":"","nofollow":""}},"elements":[],"isInner":false,"widgetType":"image","elType":"widget"},{"id":"27c64fa7","settings":{"background_color":"#ffffff","box_shadow_box_shadow":{"horizontal":"0","vertical":"18","blur":"43","spread":"0","color":"rgba(27,29,38,0.13)"},"margin":{"unit":"px","top":"-80","right":"0","bottom":"60","left":"0","isLinked":""},"padding":{"unit":"em","top":"1","right":"1","bottom":"1","left":"1","isLinked":"1"},"margin_mobile":{"unit":"px","top":"-80","right":"0","bottom":"30","left":"0","isLinked":""}},"elements":[{"id":"7ad2fcd1","settings":{"_column_size":"100","_inline_size":"","space_between_widgets":"0","background_background":"classic","background_color":"#ffffff","border_radius":{"unit":"px","top":"4","right":"4","bottom":"4","left":"4","isLinked":"1"},"box_shadow_box_shadow_type":"yes","box_shadow_box_shadow":{"horizontal":"0","vertical":"13","blur":"50","spread":"0","color":"rgba(0,0,0,0.1)"},"padding":{"unit":"em","top":"01.5","right":"2","bottom":"0.7","left":"2","isLinked":""}},"elements":[{"id":"34153128","settings":{"title":"Ballroom Classes","header_size":"h3","title_color":"#222428","typography_typography":"custom","typography_font_family":"Karla","typography_font_size":{"unit":"em","size":"1.05","sizes":[]},"typography_font_weight":"600","typography_line_height":{"unit":"em","size":"1.5","sizes":[]},"typography_letter_spacing":{"unit":"px","size":"-0.8","sizes":[]},"_padding":{"unit":"em","top":"0","right":"0","bottom":"0","left":"0","isLinked":""}},"elements":[],"isInner":false,"widgetType":"heading","elType":"widget"},{"id":"453e4a0e","settings":{"editor":"<p>Standard and Latin Ballroom<\/p>","text_color":"#808291","typography_typography":"custom","typography_font_family":"Lora","typography_font_size":{"unit":"em","size":"0.84","sizes":[]},"typography_font_weight":"400","typography_line_height":{"unit":"em","size":"1","sizes":[]},"typography_font_style":"italic","_padding":{"unit":"em","top":"0","right":"0","bottom":"0.2","left":"0","isLinked":""}},"elements":[],"isInner":false,"widgetType":"text-editor","elType":"widget"}],"isInner":"1","elType":"column"}],"isInner":"1","elType":"section"}],"isInner":"","elType":"column"},{"id":"49cb2adf","settings":{"_column_size":"33","_inline_size":"","margin":{"unit":"px","top":"0","right":"0","bottom":"0","left":"0","isLinked":"1"},"_inline_size_tablet":"50"},"elements":[{"id":"13bc4016","settings":{"image":{"url":"http:\/\/sitefacilitado.com.br\/membros\/wp-content\/uploads\/2020\/03\/ballet-dancer-barre-warm-up-e1558339354117.jpg","id":"8276"},"image_size":"custom","image_custom_dimension":{"width":"400","height":"400"},"opacity":{"unit":"px","size":"1","sizes":[]},"opacity_hover":{"unit":"px","size":"0.6","sizes":[]},"background_hover_transition":{"unit":"px","size":"0.4","sizes":[]},"image_border_radius":{"unit":"px","top":"4","right":"4","bottom":"4","left":"4","isLinked":"1"},"_padding":{"unit":"em","top":"","right":"","bottom":"","left":"","isLinked":"1"},"link_to":"custom","link":{"url":"#","is_external":"","nofollow":""},"_margin":{"unit":"px","top":"35","right":"0","bottom":"0","left":"0","isLinked":""},"_background_background":"classic","_margin_mobile":{"unit":"px","top":"0","right":"0","bottom":"0","left":"0","isLinked":"1"},"_padding_mobile":{"unit":"px","top":"0","right":"0","bottom":"0","left":"0","isLinked":"1"}},"elements":[],"isInner":false,"widgetType":"image","elType":"widget"},{"id":"1020c328","settings":{"background_color":"#ffffff","box_shadow_box_shadow":{"horizontal":"0","vertical":"18","blur":"43","spread":"0","color":"rgba(27,29,38,0.13)"},"margin":{"unit":"px","top":"-80","right":"0","bottom":"60","left":"0","isLinked":""},"padding":{"unit":"em","top":"1","right":"1","bottom":"1","left":"1","isLinked":"1"}},"elements":[{"id":"26188dfc","settings":{"_column_size":"100","_inline_size":"","space_between_widgets":"0","background_background":"classic","background_color":"#ffffff","border_radius":{"unit":"px","top":"4","right":"4","bottom":"4","left":"4","isLinked":"1"},"box_shadow_box_shadow_type":"yes","box_shadow_box_shadow":{"horizontal":"0","vertical":"13","blur":"50","spread":"0","color":"rgba(0,0,0,0.1)"},"padding":{"unit":"em","top":"01.5","right":"2","bottom":"0.7","left":"2","isLinked":""}},"elements":[{"id":"6bd336c5","settings":{"title":"Ballet Classes","header_size":"h3","title_color":"#222428","typography_typography":"custom","typography_font_family":"Karla","typography_font_size":{"unit":"em","size":"1.05","sizes":[]},"typography_font_weight":"600","typography_line_height":{"unit":"em","size":"1.5","sizes":[]},"typography_letter_spacing":{"unit":"px","size":"-0.8","sizes":[]},"_padding":{"unit":"em","top":"0","right":"0","bottom":"0","left":"0","isLinked":""}},"elements":[],"isInner":false,"widgetType":"heading","elType":"widget"},{"id":"3e97f559","settings":{"editor":"<p>Ballet lessons for all levels<\/p>","text_color":"#808291","typography_typography":"custom","typography_font_family":"Lora","typography_font_size":{"unit":"em","size":"0.84","sizes":[]},"typography_font_weight":"400","typography_line_height":{"unit":"em","size":"1","sizes":[]},"typography_font_style":"italic","_padding":{"unit":"em","top":"0","right":"0","bottom":"0.2","left":"0","isLinked":""}},"elements":[],"isInner":false,"widgetType":"text-editor","elType":"widget"}],"isInner":"1","elType":"column"}],"isInner":"1","elType":"section"},{"id":"3b6ca36c","settings":{"image":{"url":"http:\/\/sitefacilitado.com.br\/membros\/wp-content\/uploads\/2020\/03\/dancer-tossing-hair-e1558338363784.jpg","id":"8267"},"image_size":"custom","image_custom_dimension":{"width":"400","height":"510"},"opacity":{"unit":"px","size":"1","sizes":[]},"opacity_hover":{"unit":"px","size":"0.6","sizes":[]},"background_hover_transition":{"unit":"px","size":"0.4","sizes":[]},"image_border_radius":{"unit":"px","top":"4","right":"4","bottom":"4","left":"4","isLinked":"1"},"_padding":{"unit":"em","top":"0","right":"0","bottom":"0","left":"0","isLinked":""},"_background_color":"#222428","link_to":"custom","link":{"url":"#","is_external":"","nofollow":""}},"elements":[],"isInner":false,"widgetType":"image","elType":"widget"},{"id":"445131d5","settings":{"background_color":"#ffffff","box_shadow_box_shadow":{"horizontal":"0","vertical":"18","blur":"43","spread":"0","color":"rgba(27,29,38,0.13)"},"margin":{"unit":"px","top":"-80","right":"0","bottom":"60","left":"0","isLinked":""},"padding":{"unit":"em","top":"1","right":"1","bottom":"1","left":"1","isLinked":"1"}},"elements":[{"id":"6480f605","settings":{"_column_size":"100","_inline_size":"","space_between_widgets":"0","background_background":"classic","background_color":"#ffffff","border_radius":{"unit":"px","top":"4","right":"4","bottom":"4","left":"4","isLinked":"1"},"box_shadow_box_shadow_type":"yes","box_shadow_box_shadow":{"horizontal":"0","vertical":"13","blur":"50","spread":"0","color":"rgba(0,0,0,0.1)"},"padding":{"unit":"em","top":"01.5","right":"2","bottom":"0.7","left":"2","isLinked":""}},"elements":[{"id":"7352eb9b","settings":{"title":"Salsa Movement","header_size":"h3","title_color":"#222428","typography_typography":"custom","typography_font_family":"Karla","typography_font_size":{"unit":"em","size":"1.05","sizes":[]},"typography_font_weight":"600","typography_line_height":{"unit":"em","size":"1.5","sizes":[]},"typography_letter_spacing":{"unit":"px","size":"-0.8","sizes":[]},"_padding":{"unit":"em","top":"0","right":"0","bottom":"0","left":"0","isLinked":""}},"elements":[],"isInner":false,"widgetType":"heading","elType":"widget"},{"id":"622c540d","settings":{"editor":"<p>Get a taste of Latin dance style<\/p>","text_color":"#808291","typography_typography":"custom","typography_font_family":"Lora","typography_font_size":{"unit":"em","size":"0.84","sizes":[]},"typography_font_weight":"400","typography_line_height":{"unit":"em","size":"1","sizes":[]},"typography_font_style":"italic","_padding":{"unit":"em","top":"0","right":"0","bottom":"0.2","left":"0","isLinked":""}},"elements":[],"isInner":false,"widgetType":"text-editor","elType":"widget"}],"isInner":"1","elType":"column"}],"isInner":"1","elType":"section"}],"isInner":"","elType":"column"},{"id":"4a06bff6","settings":{"_column_size":"33","_inline_size":"","margin":{"unit":"px","top":"0","right":"0","bottom":"0","left":"0","isLinked":"1"},"_inline_size_tablet":"100","padding_tablet":{"unit":"em","top":"0","right":"10","bottom":"0","left":"10","isLinked":""},"padding_mobile":{"unit":"em","top":"1.3","right":"1.3","bottom":"1.3","left":"1.3","isLinked":"1"}},"elements":[{"id":"50b66231","settings":{"image":{"url":"http:\/\/sitefacilitado.com.br\/membros\/wp-content\/uploads\/2020\/03\/dance-studio-dance-rehearsal-e1558339581568.jpg","id":"8270"},"image_size":"custom","image_custom_dimension":{"width":"400","height":"510"},"opacity":{"unit":"px","size":"1","sizes":[]},"opacity_hover":{"unit":"px","size":"0.6","sizes":[]},"background_hover_transition":{"unit":"px","size":"0.4","sizes":[]},"image_border_radius":{"unit":"px","top":"4","right":"4","bottom":"4","left":"4","isLinked":"1"},"_padding":{"unit":"em","top":"0","right":"0","bottom":"0","left":"0","isLinked":""},"link_to":"custom","link":{"url":"#","is_external":"","nofollow":""},"_background_color":"#222428"},"elements":[],"isInner":false,"widgetType":"image","elType":"widget"},{"id":"246fbb05","settings":{"background_color":"#ffffff","box_shadow_box_shadow":{"horizontal":"0","vertical":"18","blur":"43","spread":"0","color":"rgba(27,29,38,0.13)"},"margin":{"unit":"px","top":"-80","right":"0","bottom":"60","left":"0","isLinked":""},"padding":{"unit":"em","top":"1","right":"1","bottom":"1","left":"1","isLinked":"1"}},"elements":[{"id":"1ced4466","settings":{"_column_size":"100","_inline_size":"","space_between_widgets":"0","background_background":"classic","background_color":"#ffffff","border_radius":{"unit":"px","top":"4","right":"4","bottom":"4","left":"4","isLinked":"1"},"box_shadow_box_shadow_type":"yes","box_shadow_box_shadow":{"horizontal":"0","vertical":"13","blur":"50","spread":"0","color":"rgba(0,0,0,0.1)"},"padding":{"unit":"em","top":"01.5","right":"2","bottom":"0.7","left":"2","isLinked":""}},"elements":[{"id":"690e144a","settings":{"title":"Belly Dance Classes","header_size":"h3","title_color":"#222428","typography_typography":"custom","typography_font_family":"Karla","typography_font_size":{"unit":"em","size":"1.05","sizes":[]},"typography_font_weight":"600","typography_line_height":{"unit":"em","size":"1.5","sizes":[]},"typography_letter_spacing":{"unit":"px","size":"-0.8","sizes":[]},"_padding":{"unit":"em","top":"0","right":"0","bottom":"0","left":"0","isLinked":""}},"elements":[],"isInner":false,"widgetType":"heading","elType":"widget"},{"id":"3b2c50e2","settings":{"editor":"<p>Stay in shape &amp; promotes femininity<\/p>","text_color":"#808291","typography_typography":"custom","typography_font_family":"Lora","typography_font_size":{"unit":"em","size":"0.84","sizes":[]},"typography_font_weight":"400","typography_line_height":{"unit":"em","size":"1","sizes":[]},"typography_font_style":"italic","_padding":{"unit":"em","top":"0","right":"0","bottom":"0.2","left":"0","isLinked":""}},"elements":[],"isInner":false,"widgetType":"text-editor","elType":"widget"}],"isInner":"1","elType":"column"}],"isInner":"1","elType":"section"},{"id":"2d25fa5f","settings":{"image":{"url":"http:\/\/sitefacilitado.com.br\/membros\/wp-content\/uploads\/2020\/03\/dance-class-in-studio-e1558339767289.jpg","id":"8277"},"image_size":"custom","image_custom_dimension":{"width":"400","height":"510"},"opacity":{"unit":"px","size":"1","sizes":[]},"opacity_hover":{"unit":"px","size":"0.6","sizes":[]},"background_hover_transition":{"unit":"px","size":"0.4","sizes":[]},"image_border_radius":{"unit":"px","top":"4","right":"4","bottom":"4","left":"4","isLinked":"1"},"_padding":{"unit":"em","top":"0","right":"0","bottom":"0","left":"0","isLinked":""},"_background_color":"#222428","link_to":"custom","link":{"url":"#","is_external":"","nofollow":""}},"elements":[],"isInner":false,"widgetType":"image","elType":"widget"},{"id":"54cd4d11","settings":{"background_color":"#ffffff","box_shadow_box_shadow":{"horizontal":"0","vertical":"18","blur":"43","spread":"0","color":"rgba(27,29,38,0.13)"},"margin":{"unit":"px","top":"-80","right":"0","bottom":"60","left":"0","isLinked":""},"padding":{"unit":"em","top":"1","right":"1","bottom":"1","left":"1","isLinked":"1"},"margin_mobile":{"unit":"px","top":"-80","right":"0","bottom":"30","left":"0","isLinked":""}},"elements":[{"id":"5f440d61","settings":{"_column_size":"100","_inline_size":"","space_between_widgets":"0","background_background":"classic","background_color":"#ffffff","border_radius":{"unit":"px","top":"4","right":"4","bottom":"4","left":"4","isLinked":"1"},"box_shadow_box_shadow_type":"yes","box_shadow_box_shadow":{"horizontal":"0","vertical":"13","blur":"50","spread":"0","color":"rgba(0,0,0,0.1)"},"padding":{"unit":"em","top":"01.5","right":"2","bottom":"0.7","left":"2","isLinked":""}},"elements":[{"id":"12b5a7ef","settings":{"title":"Fitness Bootcamp","header_size":"h3","title_color":"#222428","typography_typography":"custom","typography_font_family":"Karla","typography_font_size":{"unit":"em","size":"1.05","sizes":[]},"typography_font_weight":"600","typography_line_height":{"unit":"em","size":"1.5","sizes":[]},"typography_letter_spacing":{"unit":"px","size":"-0.8","sizes":[]},"_padding":{"unit":"em","top":"0","right":"0","bottom":"0","left":"0","isLinked":""}},"elements":[],"isInner":false,"widgetType":"heading","elType":"widget"},{"id":"5da72e44","settings":{"editor":"<p>Boost fitness and wellbeing<\/p>","text_color":"#808291","typography_typography":"custom","typography_font_family":"Lora","typography_font_size":{"unit":"em","size":"0.84","sizes":[]},"typography_font_weight":"400","typography_line_height":{"unit":"em","size":"1","sizes":[]},"typography_font_style":"italic","_padding":{"unit":"em","top":"0","right":"0","bottom":"0.2","left":"0","isLinked":""}},"elements":[],"isInner":false,"widgetType":"text-editor","elType":"widget"}],"isInner":"1","elType":"column"}],"isInner":"1","elType":"section"}],"isInner":"","elType":"column"}],"isInner":"","elType":"section"},{"id":"202131b2","settings":{"text":"See More Classes","align":"center","icon_align":"right","icon_indent":{"unit":"px","size":"8","sizes":[]},"typography_typography":"custom","typography_font_family":"Karla","typography_font_size":{"unit":"em","size":"0.83","sizes":[]},"typography_font_weight":"600","typography_text_transform":"uppercase","typography_line_height":{"unit":"em","size":"2.2","sizes":[]},"typography_letter_spacing":{"unit":"px","size":"1.6","sizes":[]},"button_text_color":"#ffffff","background_color":"#d2b29b","hover_color":"#ffffff","button_background_hover_color":"#222428","hover_animation":"grow","border_radius":{"unit":"px","top":"0","right":"0","bottom":"0","left":"0","isLinked":"1"},"text_padding":{"unit":"em","top":"1","right":"4","bottom":"1","left":"4","isLinked":""},"_background_color":"#000000","_padding":{"unit":"em","top":"0","right":"0","bottom":"6","left":"0","isLinked":""},"_padding_mobile":{"unit":"em","top":"0","right":"0","bottom":"04","left":"0","isLinked":""}},"elements":[],"isInner":false,"widgetType":"button","elType":"widget"}],"isInner":"","elType":"column"}],"isInner":"","elType":"section"},{"id":"70c7ac92","settings":{"background_color":"#f4f6f7","shape_divider_top_color":"#f4f6f7","shape_divider_top_width":{"unit":"%","size":"107","sizes":[]},"shape_divider_top_height":{"unit":"px","size":"134","sizes":[]},"padding":{"unit":"em","top":"3","right":"0","bottom":"6","left":"0","isLinked":""},"layout":"full_width","background_background":"classic"},"elements":[{"id":"72506e56","settings":{"_column_size":"100","_inline_size":""},"elements":[{"id":"585ca318","settings":{"padding":{"unit":"em","top":"0","right":"0","bottom":"0","left":"0","isLinked":""}},"elements":[{"id":"53da4cb1","settings":{"_column_size":"100","_inline_size":""},"elements":[{"id":"2486d52a","settings":{"title":"Testimonials","align":"center","title_color":"#bcbcbc","typography_typography":"custom","typography_font_family":"Karla","typography_font_size":{"unit":"px","size":"15"},"typography_font_weight":"600","typography_text_transform":"uppercase","typography_line_height":{"unit":"em","size":"1.4"},"typography_letter_spacing":{"unit":"px","size":"1.6"},"_padding":{"unit":"em","top":"0","right":"0","bottom":"0","left":"0","isLinked":""},"header_size":"h3","align_mobile":"center"},"elements":[],"isInner":false,"widgetType":"heading","elType":"widget"},{"id":"2777da5c","settings":{"title":"What They Say","align":"center","title_color":"#222428","typography_typography":"custom","typography_font_family":"Karla","typography_font_size":{"unit":"em","size":"2.6","sizes":[]},"typography_font_weight":"700","typography_letter_spacing":{"unit":"px","size":"-2","sizes":[]},"_padding":{"unit":"em","top":"0","right":"0","bottom":"0.5","left":"0","isLinked":""}},"elements":[],"isInner":false,"widgetType":"heading","elType":"widget"}],"isInner":"1","elType":"column"}],"isInner":"1","elType":"section"},{"id":"4e8ba5f7","settings":{"content_width":{"unit":"px","size":"1250","sizes":[]},"structure":"20","padding":{"unit":"em","top":"3","right":"0","bottom":"0","left":"0","isLinked":""}},"elements":[{"id":"33eef6df","settings":{"_column_size":"50","_inline_size":""},"elements":[{"id":"1fee1238","settings":{"testimonial_content":"\"Click edit button to change this text. Lorem ipsum dolor sit amet, consectetur adipiscing elit. Ut elit tellus, luctus nec ullamcorper mattis, pulvinar dapibus leo.","testimonial_image":{"url":"http:\/\/sitefacilitado.com.br\/membros\/wp-content\/uploads\/2020\/03\/photo-1489424731084-a5d8b219a5bb-e1558340838159.jpeg","id":"8272"},"testimonial_image_size":"thumbnail","testimonial_name":"Janet Walla","testimonial_job":"Ballet","testimonial_alignment":"left","content_content_color":"#808291","content_typography_typography":"custom","content_typography_font_family":"Lora","content_typography_font_size":{"unit":"rem","size":"1","sizes":[]},"content_typography_font_weight":"400","content_typography_font_style":"italic","content_typography_line_height":{"unit":"em","size":"1.8","sizes":[]},"name_text_color":"#000000","name_typography_typography":"custom","name_typography_font_family":"Karla","name_typography_font_size":{"unit":"rem","size":"1","sizes":[]},"name_typography_font_weight":"bold","job_text_color":"#919191","job_typography_typography":"custom","job_typography_font_family":"Lora","job_typography_font_style":"italic","_padding":{"unit":"em","top":"3","right":"3","bottom":"3","left":"3","isLinked":"1"},"_background_background":"classic","_background_color":"#ffffff"},"elements":[],"isInner":false,"widgetType":"testimonial","elType":"widget"}],"isInner":"1","elType":"column"},{"id":"1b5cd504","settings":{"_column_size":"50","_inline_size":""},"elements":[{"id":"29393503","settings":{"testimonial_content":"\"Click edit button to change this text. Lorem ipsum dolor sit amet, consectetur adipiscing elit. Ut elit tellus, luctus nec ullamcorper mattis, pulvinar dapibus leo.","testimonial_image":{"url":"http:\/\/sitefacilitado.com.br\/membros\/wp-content\/uploads\/2020\/03\/photo-1494790108377-be9c29b29330-e1558340801209.jpeg","id":"8281"},"testimonial_image_size":"thumbnail","testimonial_name":"Janet Walla","testimonial_job":"Jazz","testimonial_alignment":"left","content_content_color":"#808291","content_typography_typography":"custom","content_typography_font_family":"Lora","content_typography_font_size":{"unit":"rem","size":"1","sizes":[]},"content_typography_font_weight":"400","content_typography_font_style":"italic","content_typography_line_height":{"unit":"em","size":"1.8","sizes":[]},"name_text_color":"#000000","name_typography_typography":"custom","name_typography_font_family":"Karla","name_typography_font_size":{"unit":"rem","size":"1","sizes":[]},"name_typography_font_weight":"bold","job_text_color":"#919191","job_typography_typography":"custom","job_typography_font_family":"Lora","job_typography_font_style":"italic","_padding":{"unit":"em","top":"3","right":"3","bottom":"3","left":"3","isLinked":"1"},"_background_background":"classic","_background_color":"#ffffff"},"elements":[],"isInner":false,"widgetType":"testimonial","elType":"widget"}],"isInner":"1","elType":"column"}],"isInner":"1","elType":"section"}],"isInner":"","elType":"column"}],"isInner":"","elType":"section"},{"id":"489aca3b","settings":{"structure":"30","padding_mobile":{"unit":"em","top":"2","right":"0","bottom":"0","left":"0","isLinked":""},"padding":{"unit":"em","top":"7","right":"0","bottom":"0","left":"0","isLinked":""},"background_background":"classic","background_color":"#ffffff"},"elements":[{"id":"60334235","settings":{"_column_size":"33","_inline_size":"","content_position":"center","space_between_widgets":"0","padding_mobile":{"unit":"em","top":"1","right":"1","bottom":"1","left":"1","isLinked":"1"}},"elements":[{"id":"30da3e6e","settings":{"title":"What we do","header_size":"h3","align":"left","title_color":"#b0b0ba","typography_typography":"custom","typography_font_family":"Karla","typography_font_size":{"unit":"em","size":"0.94","sizes":[]},"typography_font_weight":"600","typography_text_transform":"uppercase","typography_letter_spacing":{"unit":"px","size":"0.6","sizes":[]},"_margin":{"unit":"px","top":"0","right":"0","bottom":"0","left":"0","isLinked":""},"_padding":{"unit":"em","top":"4","right":"0","bottom":"0","left":"0","isLinked":""},"align_mobile":"center"},"elements":[],"isInner":false,"widgetType":"heading","elType":"widget"},{"id":"72b7e8e6","settings":{"title":"We offer hundreds of creative and arts courses.","align":"left","title_color":"#222428","typography_typography":"custom","typography_font_family":"Karla","typography_font_size":{"unit":"em","size":"2.5","sizes":[]},"typography_font_weight":"700","typography_letter_spacing":{"unit":"px","size":"-2","sizes":[]},"_padding":{"unit":"em","top":"1.8","right":"0","bottom":"0.5","left":"0","isLinked":""},"typography_font_size_tablet":{"unit":"em","size":"1.9","sizes":[]},"typography_line_height":{"unit":"em","size":"1.2","sizes":[]},"align_mobile":"center"},"elements":[],"isInner":false,"widgetType":"heading","elType":"widget"},{"id":"10f990f7","settings":{"editor":"<p>Ultrices mi tempus imperdiet nulla malesuada pellentesque elit eget gravida. Viverra suspendisse potenti nullam.<\/p>","text_color":"#808291","typography_typography":"custom","typography_font_family":"Lora","typography_font_size":{"unit":"em","size":"1","sizes":[]},"typography_font_weight":"400","typography_line_height":{"unit":"em","size":"1.8","sizes":[]},"align":"left","_padding":{"unit":"em","top":"0","right":"0","bottom":"0","left":"0","isLinked":""},"align_mobile":"center"},"elements":[],"isInner":false,"widgetType":"text-editor","elType":"widget"},{"id":"90f5a6c","settings":{"text":"Book your class","align":"left","icon_align":"right","icon_indent":{"unit":"px","size":"8","sizes":[]},"typography_typography":"custom","typography_font_family":"Karla","typography_font_size":{"unit":"em","size":"0.83","sizes":[]},"typography_font_weight":"600","typography_text_transform":"uppercase","typography_line_height":{"unit":"em","size":"2.2","sizes":[]},"typography_letter_spacing":{"unit":"px","size":"1.6","sizes":[]},"button_text_color":"#ffffff","background_color":"#d2b29b","hover_color":"#ffffff","button_background_hover_color":"#222428","hover_animation":"grow","border_radius":{"unit":"px","top":"0","right":"0","bottom":"0","left":"0","isLinked":"1"},"text_padding":{"unit":"em","top":"1","right":"4","bottom":"1","left":"4","isLinked":""},"_background_color":"#000000","_padding":{"unit":"em","top":"2","right":"0","bottom":"0","left":"0","isLinked":""},"align_mobile":"justify"},"elements":[],"isInner":false,"widgetType":"button","elType":"widget"}],"isInner":"","elType":"column"},{"id":"583f58b3","settings":{"_column_size":"33","_inline_size":"7.193"},"elements":[],"isInner":"","elType":"column"},{"id":"6f747868","settings":{"_column_size":"33","_inline_size":"59.471"},"elements":[{"id":"33087b84","settings":{"carousel":[{"id":"8270","url":"http:\/\/sitefacilitado.com.br\/membros\/wp-content\/uploads\/2020\/03\/dance-studio-dance-rehearsal-e1558339581568.jpg"},{"id":"8269","url":"http:\/\/sitefacilitado.com.br\/membros\/wp-content\/uploads\/2020\/03\/dance-rehearsal-pose-e1558339602801.jpg"},{"id":"8277","url":"http:\/\/sitefacilitado.com.br\/membros\/wp-content\/uploads\/2020\/03\/dance-class-in-studio-e1558339767289.jpg"}],"thumbnail_size":"full","slides_to_show":"1","navigation":"arrows","autoplay_speed":"6000","effect":"fade","arrows_size":{"unit":"px","size":"20","sizes":[]},"_box_shadow_box_shadow_type":"yes","_box_shadow_box_shadow":{"horizontal":"-12","vertical":"-12","blur":"0","spread":"0","color":"rgba(210,178,155,0.25)"}},"elements":[],"isInner":false,"widgetType":"image-carousel","elType":"widget"},{"id":"2d153397","settings":{"image":{"url":"http:\/\/sitefacilitado.com.br\/membros\/wp-content\/uploads\/2020\/03\/dancer-tossing-hair-e1558338363784.jpg","id":"8267"},"image_size":"custom","image_custom_dimension":{"width":"310","height":"440"},"width":{"unit":"%","size":"44","sizes":[]},"width_mobile":{"unit":"%","size":"47","sizes":[]},"_padding":{"unit":"em","top":"0","right":"0","bottom":"0","left":"0","isLinked":""},"_offset_x":{"size":"-44","unit":"px"},"_offset_x_mobile":{"size":"37","unit":"px"},"_offset_y":{"size":"243","unit":"px"},"_offset_y_mobile":{"size":"392","unit":"px"},"align":"right","_margin":{"unit":"%","top":"0","right":"0","bottom":"0","left":"0","isLinked":""},"_position":"absolute","image_box_shadow_box_shadow_type":"yes","image_box_shadow_box_shadow":{"horizontal":"-12","vertical":"-12","blur":"0","spread":"0","color":"rgba(210,178,155,0.25)"},"align_mobile":"center"},"elements":[],"isInner":false,"widgetType":"image","elType":"widget"}],"isInner":"","elType":"column"}],"isInner":"","elType":"section"},{"id":"55ba4af7","settings":{"background_color":"#ffffff","shape_divider_top_color":"#ffffff","shape_divider_top_width":{"unit":"%","size":"200","sizes":[]},"shape_divider_top_height":{"unit":"px","size":"360","sizes":[]},"padding":{"unit":"em","top":"6","right":"0","bottom":"6","left":"0","isLinked":""},"shape_divider_top_negative":"yes","background_background":"classic","margin_mobile":{"unit":"px","top":"0","right":"0","bottom":"0","left":"0","isLinked":"1"},"padding_mobile":{"unit":"em","top":"","right":"","bottom":"","left":"","isLinked":"1"}},"elements":[{"id":"303122ab","settings":{"_column_size":"100"},"elements":[{"id":"56ecff1e","settings":{"structure":"50","padding":{"unit":"em","top":"0","right":"0","bottom":"0","left":"0","isLinked":""},"layout":"full_width"},"elements":[{"id":"35bcf052","settings":{"_column_size":"20","_inline_size":"26.964","space_between_widgets":"12","padding":{"unit":"em","top":"1","right":"2","bottom":"1","left":"1","isLinked":""},"_inline_size_tablet":"100"},"elements":[{"id":"3ed0007e","settings":{"title":"Inspiring Venus","header_size":"h3","title_color":"#222428","typography_typography":"custom","typography_font_family":"Karla","typography_font_size":{"unit":"em","size":"1","sizes":[]},"typography_font_weight":"700","typography_line_height":{"unit":"em","size":"1.4","sizes":[]},"typography_letter_spacing":{"unit":"px","size":"1","sizes":[]},"_margin":{"unit":"px","top":"0","right":"0","bottom":"0","left":"0","isLinked":""},"_padding":{"unit":"em","top":"0.4","right":"0","bottom":"0","left":"0","isLinked":""},"align":"center","typography_text_transform":"uppercase"},"elements":[],"isInner":false,"widgetType":"heading","elType":"widget"},{"id":"5d9c701e","settings":{"editor":"<p>Ultrices mi tempus imperdiet malesuada pellent esque. Duis aute irure dolor in reprehenderit in voluptate velit.<\/p>","text_color":"#808291","typography_typography":"custom","typography_font_family":"Lora","typography_font_size":{"unit":"em","size":"1","sizes":[]},"typography_font_weight":"400","typography_line_height":{"unit":"em","size":"1.8","sizes":[]},"align":"center","_padding":{"unit":"em","top":"0","right":"0","bottom":"0","left":"0","isLinked":""}},"elements":[],"isInner":false,"widgetType":"text-editor","elType":"widget"}],"isInner":"1","elType":"column"},{"id":"4693944d","settings":{"_column_size":"20","_inline_size":"9.018","_inline_size_tablet":"100"},"elements":[],"isInner":"1","elType":"column"},{"id":"62674cef","settings":{"_column_size":"20","_inline_size":"27.589","space_between_widgets":"12","padding":{"unit":"em","top":"1","right":"2","bottom":"1","left":"1","isLinked":""},"_inline_size_tablet":"100"},"elements":[{"id":"3a406b57","settings":{"title":"Professional Tutors","header_size":"h3","align":"center","title_color":"#222428","typography_typography":"custom","typography_font_family":"Karla","typography_font_size":{"unit":"em","size":"1","sizes":[]},"typography_font_weight":"700","typography_line_height":{"unit":"em","size":"1.4","sizes":[]},"typography_letter_spacing":{"unit":"px","size":"1","sizes":[]},"_margin":{"unit":"px","top":"0","right":"0","bottom":"0","left":"0","isLinked":""},"_padding":{"unit":"em","top":"0.4","right":"0","bottom":"0","left":"0","isLinked":""},"typography_text_transform":"uppercase"},"elements":[],"isInner":false,"widgetType":"heading","elType":"widget"},{"id":"29ab65b5","settings":{"editor":"<p>Aliquet eget sit amet tellus cras adipiscing enim eu. Excepteur sint occaecat cupidatat nonut.<\/p>","text_color":"#808291","typography_typography":"custom","typography_font_family":"Lora","typography_font_size":{"unit":"em","size":"1","sizes":[]},"typography_font_weight":"400","typography_line_height":{"unit":"em","size":"1.8","sizes":[]},"align":"center","_padding":{"unit":"em","top":"0","right":"0","bottom":"0","left":"0","isLinked":""}},"elements":[],"isInner":false,"widgetType":"text-editor","elType":"widget"},{"id":"73296eb8","settings":{"text":"Our Instructors \u2014","align":"center","typography_typography":"custom","typography_font_family":"Karla","typography_font_size":{"unit":"em","size":"0.84","sizes":[]},"typography_font_weight":"600","typography_text_transform":"uppercase","typography_line_height":{"unit":"em","size":"0","sizes":[]},"typography_letter_spacing":{"unit":"px","size":"1.6","sizes":[]},"button_text_color":"#d2b29b","background_color":"rgba(0,0,0,0)","hover_color":"#222428","button_background_hover_color":"rgba(0,0,0,0)","hover_animation":"grow","_margin":{"unit":"px","top":"-5","right":"0","bottom":"0","left":"0","isLinked":""},"typography_line_height_tablet":{"unit":"em","size":"1.2","sizes":[]}},"elements":[],"isInner":false,"widgetType":"button","elType":"widget"}],"isInner":"1","elType":"column"},{"id":"68470b84","settings":{"_column_size":"20","_inline_size":"9.018","_inline_size_tablet":"100"},"elements":[],"isInner":"1","elType":"column"},{"id":"720ce815","settings":{"_column_size":"20","_inline_size":"27.411","space_between_widgets":"1","padding":{"unit":"em","top":"1","right":"2","bottom":"1","left":"1","isLinked":""},"_inline_size_tablet":"100","content_position":"center"},"elements":[{"id":"474729be","settings":{"title":"All Levels of Experience","align":"center","title_color":"#d2b29b","typography_typography":"custom","typography_font_family":"Karla","typography_font_size":{"unit":"em","size":"1.8","sizes":[]},"typography_font_weight":"700","typography_line_height":{"unit":"em","size":"1.3","sizes":[]},"typography_letter_spacing":{"unit":"px","size":"-1.5","sizes":[]},"_margin":{"unit":"px","top":"0","right":"0","bottom":"0","left":"0","isLinked":""},"_padding":{"unit":"em","top":"3","right":"0","bottom":"0","left":"0","isLinked":""},"align_mobile":"center","_padding_tablet":{"unit":"px","top":"0","right":"0","bottom":"0","left":"0","isLinked":"1"}},"elements":[],"isInner":false,"widgetType":"heading","elType":"widget"}],"isInner":"1","elType":"column"}],"isInner":"1","elType":"section"}],"isInner":"","elType":"column"}],"isInner":"","elType":"section"},{"id":"1beec0d4","settings":{"layout":"full_width","gap":"no","structure":"20","background_background":"classic","background_color":"#ffffff"},"elements":[{"id":"1582690e","settings":{"_column_size":"50","_inline_size":"","_inline_size_tablet":"100"},"elements":[{"id":"285db325","settings":{"image":{"url":"http:\/\/sitefacilitado.com.br\/membros\/wp-content\/uploads\/2020\/03\/dancer-smiling-e1558338388886-scaled.jpg","id":"8274"},"image_size":"custom","image_custom_dimension":{"width":"1000","height":"800"}},"elements":[],"isInner":false,"widgetType":"image","elType":"widget"}],"isInner":"","elType":"column"},{"id":"450a2b11","settings":{"_column_size":"50","_inline_size":"","content_position":"center","_inline_size_tablet":"100","padding_tablet":{"unit":"em","top":"2","right":"2","bottom":"2","left":"2","isLinked":"1"}},"elements":[{"id":"addbc0b","settings":{"padding":{"unit":"em","top":"1","right":"4","bottom":"0","left":"4","isLinked":""},"content_width":{"unit":"px","size":"700","sizes":[]},"padding_tablet":{"unit":"em","top":"3","right":"0","bottom":"0","left":"0","isLinked":""},"padding_mobile":{"unit":"px","top":"0","right":"0","bottom":"0","left":"0","isLinked":"1"}},"elements":[{"id":"18233e36","settings":{"_column_size":"100","_inline_size":"","space_between_widgets":"0","_inline_size_tablet":"100","padding":{"unit":"em","top":"1","right":"4","bottom":"1","left":"1","isLinked":""},"padding_mobile":{"unit":"em","top":"0","right":"0","bottom":"0","left":"0","isLinked":"1"}},"elements":[{"id":"5f1db207","settings":{"title":"Instructors","header_size":"h3","align":"left","title_color":"#b0b0ba","typography_typography":"custom","typography_font_family":"Karla","typography_font_size":{"unit":"em","size":"0.94","sizes":[]},"typography_font_weight":"600","typography_text_transform":"uppercase","typography_letter_spacing":{"unit":"px","size":"0.6","sizes":[]},"_margin":{"unit":"px","top":"0","right":"0","bottom":"0","left":"0","isLinked":""},"_padding":{"unit":"em","top":"0","right":"0","bottom":"0","left":"0","isLinked":""},"align_mobile":"center"},"elements":[],"isInner":false,"widgetType":"heading","elType":"widget"},{"id":"96867ec","settings":{"title":"All classes are taught by industry arts professionals","align":"left","title_color":"#222428","typography_typography":"custom","typography_font_family":"Karla","typography_font_size":{"unit":"em","size":"2.5","sizes":[]},"typography_font_weight":"700","typography_letter_spacing":{"unit":"px","size":"-2","sizes":[]},"_padding":{"unit":"em","top":"1.8","right":"0","bottom":"0.5","left":"0","isLinked":""},"typography_font_size_tablet":{"unit":"em","size":"1.9","sizes":[]},"typography_line_height":{"unit":"em","size":"1.2","sizes":[]},"align_mobile":"center"},"elements":[],"isInner":false,"widgetType":"heading","elType":"widget"},{"id":"53cc9dcc","settings":{"editor":"<p>Ultrices mi tempus imperdiet nulla malesuada pellentesque elit eget gravida. Viverra suspendisse potenti nullam.<\/p><p>Lorem ipsum dolor sit amet, consectetur adipiscing elit, sed do eiusmod tempor incididunt ut labore et dolore magna aliqua. Ut enim ad minim veniam, quis nostrud.<\/p>","text_color":"#808291","typography_typography":"custom","typography_font_family":"Lora","typography_font_size":{"unit":"em","size":"1","sizes":[]},"typography_font_weight":"400","typography_line_height":{"unit":"em","size":"1.8","sizes":[]},"align":"left","_padding":{"unit":"em","top":"0","right":"0","bottom":"0","left":"0","isLinked":""},"align_mobile":"center"},"elements":[],"isInner":false,"widgetType":"text-editor","elType":"widget"}],"isInner":"1","elType":"column"}],"isInner":"1","elType":"section"},{"id":"5304fdfd","settings":{"structure":"40","padding":{"unit":"em","top":"1","right":"0","bottom":"0","left":"0","isLinked":""}},"elements":[{"id":"27672944","settings":{"_column_size":"25","_inline_size":"10.327","_inline_size_tablet":"100","_inline_size_mobile":"26","space_between_widgets":"0","margin_tablet":{"unit":"px","top":"0","right":"0","bottom":"0","left":"0","isLinked":"1"},"padding_tablet":{"unit":"px","top":"0","right":"0","bottom":"0","left":"0","isLinked":"1"},"hide_mobile":"hidden-phone"},"elements":[],"isInner":"1","elType":"column"},{"id":"5fed840e","settings":{"_column_size":"25","_inline_size":"13.224","_inline_size_tablet":"16","_inline_size_mobile":"47"},"elements":[{"id":"63dcdf46","settings":{"youtube_url":"https:\/\/www.youtube.com\/watch?v=Wf0eVWVevns","vimeo_url":"https:\/\/vimeo.com\/235215203","dailymotion_url":"https:\/\/www.dailymotion.com\/video\/x6tqhqb","modestbranding":"yes","show_image_overlay":"yes","image_overlay":{"url":"http:\/\/sitefacilitado.com.br\/membros\/wp-content\/uploads\/2020\/03\/playbtn-custom-2.png","id":"8268"},"lazy_load":"yes","show_play_icon":"","lightbox":"yes","_css_classes":"envato-kit-168-button-ripple"},"elements":[],"isInner":false,"widgetType":"video","elType":"widget"}],"isInner":"1","elType":"column"},{"id":"f1239d","settings":{"_column_size":"25","_inline_size":"38.035","content_position":"center","_inline_size_tablet":"82","_inline_size_mobile":"100"},"elements":[{"id":"7511efb4","settings":{"title":"Discover the dance \u2014","align":"left","title_color":"#222428","typography_typography":"custom","typography_font_family":"Karla","typography_font_size":{"unit":"em","size":"0.9","sizes":[]},"typography_font_weight":"600","typography_text_transform":"uppercase","typography_letter_spacing":{"unit":"px","size":"1.6","sizes":[]},"_padding":{"unit":"em","top":"0","right":"0","bottom":"0","left":"0","isLinked":""},"header_size":"h3","_margin":{"unit":"px","top":"0","right":"0","bottom":"0","left":"0","isLinked":""},"align_mobile":"center"},"elements":[],"isInner":false,"widgetType":"heading","elType":"widget"}],"isInner":"1","elType":"column"},{"id":"2c619293","settings":{"_column_size":"25","_inline_size":"38.35","_inline_size_tablet":"100","hide_mobile":"hidden-phone"},"elements":[],"isInner":"1","elType":"column"}],"isInner":"1","elType":"section"}],"isInner":"","elType":"column"}],"isInner":"","elType":"section"},{"id":"810fa2b","settings":{"background_color":"#ffffff","shape_divider_top_color":"#f4f6f7","shape_divider_top_width":{"unit":"%","size":"107","sizes":[]},"shape_divider_top_height":{"unit":"px","size":"134","sizes":[]},"padding":{"unit":"em","top":"6","right":"0","bottom":"6","left":"0","isLinked":""},"layout":"full_width","gap":"no","padding_tablet":{"unit":"em","top":"4","right":"0","bottom":"4","left":"0","isLinked":""},"background_background":"classic"},"elements":[{"id":"63f3c509","settings":{"_column_size":"100","_inline_size":""},"elements":[{"id":"7eb600c5","settings":{"padding":{"unit":"em","top":"0","right":"0","bottom":"2","left":"0","isLinked":""}},"elements":[{"id":"9ca5080","settings":{"_column_size":"100","_inline_size":""},"elements":[{"id":"897217","settings":{"title":"What they say","align":"center","title_color":"#bcbcbc","typography_typography":"custom","typography_font_family":"Karla","typography_font_size":{"unit":"px","size":"15"},"typography_font_weight":"600","typography_text_transform":"uppercase","typography_line_height":{"unit":"em","size":"1.4"},"typography_letter_spacing":{"unit":"px","size":"1.6"},"_padding":{"unit":"em","top":"0","right":"0","bottom":"0","left":"0","isLinked":""},"header_size":"h3","align_mobile":"center"},"elements":[],"isInner":false,"widgetType":"heading","elType":"widget"},{"id":"13b8e91a","settings":{"title":"Press & Media","align":"center","title_color":"#222428","typography_typography":"custom","typography_font_family":"Karla","typography_font_size":{"unit":"em","size":"2.6","sizes":[]},"typography_font_weight":"700","typography_letter_spacing":{"unit":"px","size":"-2","sizes":[]},"_padding":{"unit":"em","top":"0","right":"0","bottom":"0.5","left":"0","isLinked":""}},"elements":[],"isInner":false,"widgetType":"heading","elType":"widget"}],"isInner":"1","elType":"column"}],"isInner":"1","elType":"section"},{"id":"1dd6e0c4","settings":{"structure":"50","padding":{"unit":"em","top":"0","right":"0","bottom":"0","left":"0","isLinked":""}},"elements":[{"id":"2597adaa","settings":{"_column_size":"20","_inline_size":"26.964","space_between_widgets":"0","padding":{"unit":"em","top":"1","right":"2","bottom":"1","left":"1","isLinked":""},"_inline_size_tablet":"100"},"elements":[{"id":"4ad423b6","settings":{"title":"Dancing Without Fear - DANCR Center","header_size":"h3","title_color":"#d2b29b","typography_typography":"custom","typography_font_family":"Karla","typography_font_size":{"unit":"em","size":"1.5","sizes":[]},"typography_font_size_tablet":{"unit":"em","size":"1.5","sizes":[]},"typography_font_weight":"700","typography_line_height":{"unit":"em","size":"1.3","sizes":[]},"typography_letter_spacing":{"unit":"px","size":"-1","sizes":[]},"_margin":{"unit":"px","top":"0","right":"0","bottom":"0","left":"0","isLinked":""},"_padding":{"unit":"em","top":"0","right":"0","bottom":"0","left":"0","isLinked":"1"},"align":"left","align_mobile":"center"},"elements":[],"isInner":false,"widgetType":"heading","elType":"widget"},{"id":"9b146ac","settings":{"editor":"<p>Ultrices mi tempus imperdiet malesuada pellent esque. Duis aute irure dolor in reprehenderit in voluptate velit.<\/p>","text_color":"#808291","typography_typography":"custom","typography_font_family":"Lora","typography_font_size":{"unit":"em","size":"1","sizes":[]},"typography_font_weight":"400","typography_line_height":{"unit":"em","size":"1.8","sizes":[]},"align":"left","_padding":{"unit":"em","top":"0","right":"0","bottom":"0","left":"0","isLinked":""},"align_mobile":"center"},"elements":[],"isInner":false,"widgetType":"text-editor","elType":"widget"},{"id":"41c8f8db","settings":{"text":"Read Article \u2014","align":"left","typography_typography":"custom","typography_font_family":"Karla","typography_font_size":{"unit":"em","size":"0.84","sizes":[]},"typography_font_weight":"600","typography_text_transform":"uppercase","typography_line_height":{"unit":"em","size":"0","sizes":[]},"typography_letter_spacing":{"unit":"px","size":"1.6","sizes":[]},"button_text_color":"#222428","background_color":"rgba(0,0,0,0)","hover_color":"#222428","button_background_hover_color":"rgba(0,0,0,0)","hover_animation":"grow","_margin":{"unit":"px","top":"0","right":"0","bottom":"0","left":"0","isLinked":""},"typography_line_height_tablet":{"unit":"em","size":"1.2","sizes":[]},"text_padding":{"unit":"px","top":"0","right":"0","bottom":"0","left":"0","isLinked":"1"},"_padding":{"unit":"px","top":"0","right":"0","bottom":"0","left":"0","isLinked":""},"align_mobile":"center"},"elements":[],"isInner":false,"widgetType":"button","elType":"widget"}],"isInner":"1","elType":"column"},{"id":"6625720d","settings":{"_column_size":"20","_inline_size":"9.018","_inline_size_tablet":"100"},"elements":[],"isInner":"1","elType":"column"},{"id":"28dd033f","settings":{"_column_size":"20","_inline_size":"26.964","space_between_widgets":"0","padding":{"unit":"em","top":"1","right":"2","bottom":"1","left":"1","isLinked":""},"_inline_size_tablet":"100"},"elements":[{"id":"2ba0e9a1","settings":{"title":"Interesting Facts About Being A Ballerina","header_size":"h3","align":"left","title_color":"#d2b29b","typography_typography":"custom","typography_font_family":"Karla","typography_font_size":{"unit":"em","size":"1.5","sizes":[]},"typography_font_size_tablet":{"unit":"em","size":"1.5","sizes":[]},"typography_font_weight":"700","typography_line_height":{"unit":"em","size":"1.3","sizes":[]},"typography_letter_spacing":{"unit":"px","size":"-1","sizes":[]},"_margin":{"unit":"px","top":"0","right":"0","bottom":"0","left":"0","isLinked":""},"_padding":{"unit":"em","top":"0","right":"0","bottom":"0","left":"0","isLinked":"1"},"align_mobile":"center"},"elements":[],"isInner":false,"widgetType":"heading","elType":"widget"},{"id":"45371b3","settings":{"editor":"<p>Ultrices mi tempus imperdiet malesuada pellent esque. Duis aute irure dolor in reprehenderit in voluptate velit.<\/p>","text_color":"#808291","typography_typography":"custom","typography_font_family":"Lora","typography_font_size":{"unit":"em","size":"1","sizes":[]},"typography_font_weight":"400","typography_line_height":{"unit":"em","size":"1.8","sizes":[]},"align":"left","_padding":{"unit":"em","top":"0","right":"0","bottom":"0","left":"0","isLinked":""},"align_mobile":"center"},"elements":[],"isInner":false,"widgetType":"text-editor","elType":"widget"},{"id":"73603758","settings":{"text":"Read Article \u2014","align":"left","typography_typography":"custom","typography_font_family":"Karla","typography_font_size":{"unit":"em","size":"0.84","sizes":[]},"typography_font_weight":"600","typography_text_transform":"uppercase","typography_line_height":{"unit":"em","size":"0","sizes":[]},"typography_letter_spacing":{"unit":"px","size":"1.6","sizes":[]},"button_text_color":"#222428","background_color":"rgba(0,0,0,0)","hover_color":"#222428","button_background_hover_color":"rgba(0,0,0,0)","hover_animation":"grow","_margin":{"unit":"px","top":"0","right":"0","bottom":"0","left":"0","isLinked":""},"typography_line_height_tablet":{"unit":"em","size":"1.2","sizes":[]},"text_padding":{"unit":"px","top":"0","right":"0","bottom":"0","left":"0","isLinked":"1"},"_padding":{"unit":"px","top":"0","right":"0","bottom":"0","left":"0","isLinked":""},"align_mobile":"center"},"elements":[],"isInner":false,"widgetType":"button","elType":"widget"}],"isInner":"1","elType":"column"},{"id":"789c6ca4","settings":{"_column_size":"20","_inline_size":"9.018","_inline_size_tablet":"100"},"elements":[],"isInner":"1","elType":"column"},{"id":"7bbab0d9","settings":{"_column_size":"20","_inline_size":"26.964","space_between_widgets":"0","padding":{"unit":"em","top":"1","right":"2","bottom":"1","left":"1","isLinked":""},"_inline_size_tablet":"100"},"elements":[{"id":"3781664d","settings":{"title":"Falling In Love With Tango Dancing","header_size":"h3","align":"left","title_color":"#d2b29b","typography_typography":"custom","typography_font_family":"Karla","typography_font_size":{"unit":"em","size":"1.5","sizes":[]},"typography_font_size_tablet":{"unit":"em","size":"1.5","sizes":[]},"typography_font_weight":"700","typography_line_height":{"unit":"em","size":"1.3","sizes":[]},"typography_letter_spacing":{"unit":"px","size":"-1","sizes":[]},"_margin":{"unit":"px","top":"0","right":"0","bottom":"0","left":"0","isLinked":""},"_padding":{"unit":"em","top":"0","right":"0","bottom":"0","left":"0","isLinked":"1"},"align_mobile":"center"},"elements":[],"isInner":false,"widgetType":"heading","elType":"widget"},{"id":"2fd181d7","settings":{"editor":"<p>Congue nisi vitae suscipit tellus esse a inrdum posuere.\u00a0<span style=\"font-size: 1em;\">Deserunt mollit anim id est abrum consectetur adipiscing elit.<\/span><\/p>","text_color":"#808291","typography_typography":"custom","typography_font_family":"Lora","typography_font_size":{"unit":"em","size":"1","sizes":[]},"typography_font_weight":"400","typography_line_height":{"unit":"em","size":"1.8","sizes":[]},"align":"left","_padding":{"unit":"em","top":"0","right":"0","bottom":"0","left":"0","isLinked":""},"align_mobile":"center"},"elements":[],"isInner":false,"widgetType":"text-editor","elType":"widget"},{"id":"dbe2237","settings":{"text":"Read Article \u2014","align":"left","typography_typography":"custom","typography_font_family":"Karla","typography_font_size":{"unit":"em","size":"0.84","sizes":[]},"typography_font_weight":"600","typography_text_transform":"uppercase","typography_line_height":{"unit":"em","size":"0","sizes":[]},"typography_letter_spacing":{"unit":"px","size":"1.6","sizes":[]},"button_text_color":"#222428","background_color":"rgba(0,0,0,0)","hover_color":"#222428","button_background_hover_color":"rgba(0,0,0,0)","hover_animation":"grow","_margin":{"unit":"px","top":"0","right":"0","bottom":"0","left":"0","isLinked":""},"typography_line_height_tablet":{"unit":"em","size":"1.2","sizes":[]},"text_padding":{"unit":"px","top":"0","right":"0","bottom":"0","left":"0","isLinked":"1"},"_padding":{"unit":"px","top":"0","right":"0","bottom":"0","left":"0","isLinked":""},"align_mobile":"center"},"elements":[],"isInner":false,"widgetType":"button","elType":"widget"}],"isInner":"1","elType":"column"}],"isInner":"1","elType":"section"}],"isInner":"","elType":"column"}],"isInner":"","elType":"section"},{"id":"18bc77cc","settings":{"background_background":"classic","background_color":"#1b1d26","background_overlay_gradient_angle":{"unit":"deg","size":"140","sizes":[]},"background_overlay_opacity":{"unit":"px","size":"1","sizes":[]},"shape_divider_top_color":"#f4f6f7","shape_divider_top_width":{"unit":"%","size":"178","sizes":[]},"shape_divider_top_height":{"unit":"px","size":"421","sizes":[]},"shape_divider_bottom_color":"#1d1b26","padding":{"unit":"em","top":"6","right":"0","bottom":"5","left":"0","isLinked":""},"background_image":{"url":"http:\/\/sitefacilitado.com.br\/membros\/wp-content\/uploads\/2020\/03\/dancers-in-heels-e1558339398587.jpg","id":"8282"},"background_position":"center center","background_repeat":"no-repeat","background_size":"cover","background_overlay_background":"gradient","background_overlay_color":"#222428","background_overlay_color_b":"rgba(29,27,38,0.47)","shape_divider_bottom_width":{"unit":"%","size":"300","sizes":[]},"shape_divider_bottom_height":{"unit":"px","size":"123","sizes":[]},"shape_divider_top_negative":"yes","structure":"20","padding_tablet":{"unit":"em","top":"6","right":"2","bottom":"6","left":"2","isLinked":""}},"elements":[{"id":"2da4c522","settings":{"_column_size":"50","space_between_widgets":"0","_inline_size":"54.737"},"elements":[{"id":"6be43f0c","settings":{"title":"Start Your  Journey","align":"left","title_color":"#babac4","typography_typography":"custom","typography_font_family":"Karla","typography_font_size":{"unit":"em","size":"0.94","sizes":[]},"typography_font_weight":"600","typography_text_transform":"uppercase","typography_letter_spacing":{"unit":"px","size":"0.6","sizes":[]},"_padding":{"unit":"em","top":"0","right":"0","bottom":"0","left":"0","isLinked":""},"header_size":"h3","_margin":{"unit":"px","top":"0","right":"0","bottom":"0","left":"0","isLinked":""},"align_mobile":"center"},"elements":[],"isInner":false,"widgetType":"heading","elType":"widget"},{"id":"6ce26902","settings":{"title":"Hundreds of creative and performing classes","align":"left","title_color":"#ffffff","typography_typography":"custom","typography_font_family":"Karla","typography_font_size":{"unit":"em","size":"3","sizes":[]},"typography_font_weight":"700","typography_letter_spacing":{"unit":"px","size":"-2","sizes":[]},"_padding":{"unit":"em","top":"1.8","right":"0","bottom":"0.5","left":"0","isLinked":""},"typography_font_size_tablet":{"unit":"em","size":"2.4","sizes":[]},"typography_line_height":{"unit":"em","size":"1.2","sizes":[]},"align_mobile":"center"},"elements":[],"isInner":false,"widgetType":"heading","elType":"widget"}],"isInner":"","elType":"column"},{"id":"5bcfa108","settings":{"_column_size":"50","_inline_size":"45.263","content_position":"center","space_between_widgets":"15"},"elements":[{"id":"3178a00","settings":{"text":"Book your class","align":"center","icon_align":"right","icon_indent":{"unit":"px","size":"8","sizes":[]},"typography_typography":"custom","typography_font_family":"Karla","typography_font_size":{"unit":"em","size":"0.83","sizes":[]},"typography_font_weight":"600","typography_text_transform":"uppercase","typography_line_height":{"unit":"em","size":"2.2","sizes":[]},"typography_letter_spacing":{"unit":"px","size":"1.6","sizes":[]},"button_text_color":"#ffffff","background_color":"#d2b29b","hover_color":"#ffffff","button_background_hover_color":"#222428","hover_animation":"grow","border_radius":{"unit":"px","top":"0","right":"0","bottom":"0","left":"0","isLinked":"1"},"text_padding":{"unit":"em","top":"1","right":"4","bottom":"1","left":"4","isLinked":""},"_background_color":"#000000","_padding":{"unit":"em","top":"1","right":"0","bottom":"0","left":"0","isLinked":""}},"elements":[],"isInner":false,"widgetType":"button","elType":"widget"},{"id":"6a2f2408","settings":{"title":"Discover the dance \u2014","header_size":"h3","align":"center","title_color":"#cbcbd6","typography_typography":"custom","typography_font_family":"Lora","typography_font_size":{"unit":"em","size":"1","sizes":[]},"typography_font_weight":"400","typography_font_style":"italic"},"elements":[],"isInner":false,"widgetType":"heading","elType":"widget"}],"isInner":"","elType":"column"}],"isInner":"","elType":"section"}]}