{"version":"0.4","title":"Dance School > Pricing","type":"page","content":[{"id":"492a04a0","settings":{"background_background":"classic","background_position":"center center","background_attachment":"fixed","background_repeat":"no-repeat","background_size":"cover","background_overlay_color":"#222428","background_overlay_opacity":{"unit":"px","size":"0.86"},"padding":{"unit":"em","top":"8.5","right":"0","bottom":"10.5","left":"0","isLinked":""},"shape_divider_bottom":"curve","shape_divider_bottom_color":"#f4f6f7","shape_divider_bottom_width":{"unit":"%","size":"123","sizes":[]},"shape_divider_bottom_height":{"unit":"px","size":"88","sizes":[]},"shape_divider_bottom_width_mobile":{"unit":"%","size":"111","sizes":[]},"shape_divider_bottom_height_mobile":{"unit":"px","size":"22","sizes":[]},"padding_mobile":{"unit":"em","top":"4","right":"0","bottom":"4","left":"0","isLinked":""},"background_image":{"id":"8282","url":"http:\/\/sitefacilitado.com.br\/membros\/wp-content\/uploads\/2020\/03\/dancers-in-heels-e1558339398587.jpg"},"background_overlay_background":"classic"},"elements":[{"id":"2f84d4b1","settings":{"_column_size":"100","space_between_widgets":"26","background_color":"#f9f9f9","padding":{"unit":"px","top":"0","right":"0","bottom":"0","left":"0","isLinked":""}},"elements":[{"id":"68b3ef0","settings":{"content_width":{"unit":"px","size":"632"}},"elements":[{"id":"5b1de9ce","settings":{"_column_size":"100","_inline_size":"","space_between_widgets":"0"},"elements":[{"id":"5dabb842","settings":{"title":"Pricing & Membership","align":"center","title_color":"#b0b0ba","typography_typography":"custom","typography_font_family":"Karla","typography_font_size":{"unit":"px","size":"15"},"typography_font_weight":"600","typography_text_transform":"uppercase","typography_line_height":{"unit":"em","size":"1.4"},"typography_letter_spacing":{"unit":"px","size":"1.6"},"_padding":{"unit":"em","top":"0.4","right":"0","bottom":"1.3","left":"0","isLinked":""},"header_size":"h3","align_mobile":"center"},"elements":[],"isInner":false,"widgetType":"heading","elType":"widget"},{"id":"108d441a","settings":{"title":"Pricing","align":"center","title_color":"#ffffff","typography_typography":"custom","typography_font_family":"Karla","typography_font_size":{"unit":"em","size":"7.7"},"typography_font_weight":"700","typography_line_height":{"unit":"em","size":"1"},"typography_letter_spacing":{"unit":"px","size":"-8"},"_padding":{"unit":"em","top":"0","right":"0","bottom":"0","left":"0","isLinked":""},"header_size":"h1","typography_font_size_mobile":{"unit":"em","size":"4.2"},"typography_letter_spacing_mobile":{"unit":"px","size":"-4","sizes":[]}},"elements":[],"isInner":false,"widgetType":"heading","elType":"widget"},{"id":"4f54d30d","settings":{"editor":"<p>Sem laoreet id donec ultrices tincidunt arcu vitae congue eu conseq arcu non odio id lacinia at qui vulputate ac torto vitae faucibus.<\/p>","align":"center","text_color":"#a2a2ad","typography_typography":"custom","typography_font_family":"Lora","typography_font_size":{"unit":"em","size":"1.04","sizes":[]},"typography_font_weight":"400","typography_line_height":{"unit":"em","size":"2","sizes":[]}},"elements":[],"isInner":false,"widgetType":"text-editor","elType":"widget"}],"isInner":"1","elType":"column"}],"isInner":"1","elType":"section"}],"isInner":"","elType":"column"}],"isInner":"","elType":"section"},{"id":"74227e2b","settings":{"structure":"30","padding":{"unit":"em","top":"3","right":"0","bottom":"4","left":"0","isLinked":""},"shape_divider_top_width":{"unit":"%","size":"122","sizes":[]},"shape_divider_top_height":{"unit":"px","size":"141","sizes":[]},"background_background":"classic","background_color":"#f4f6f7","shape_divider_top_color":"#1b1d26","padding_mobile":{"unit":"em","top":"2","right":"2","bottom":"2","left":"2","isLinked":"1"}},"elements":[{"id":"5ad0251f","settings":{"_column_size":"33","_inline_size":"","space_between_widgets":"0","background_background":"classic","background_color":"#ffffff","border_width":{"unit":"px","top":"1","right":"1","bottom":"1","left":"1","isLinked":"1"},"border_color":"#e5e7f2","border_radius":{"unit":"px","top":"10","right":"10","bottom":"10","left":"10","isLinked":"1"},"padding":{"unit":"em","top":"4","right":"2","bottom":"4","left":"2","isLinked":""}},"elements":[{"id":"6d33cb12","settings":{"title":"Starter","header_size":"h3","align":"center","title_color":"#222428","typography_typography":"custom","typography_font_family":"Karla","typography_font_size":{"unit":"em","size":"0.92","sizes":[]},"typography_font_weight":"600","typography_text_transform":"uppercase","typography_letter_spacing":{"unit":"px","size":"1.6","sizes":[]},"_margin":{"unit":"px","top":"0","right":"0","bottom":"0","left":"0","isLinked":""},"_padding":{"unit":"em","top":"0","right":"0","bottom":"01.5","left":"0","isLinked":""}},"elements":[],"isInner":false,"widgetType":"heading","elType":"widget"},{"id":"5d00a6d4","settings":{"structure":"30"},"elements":[{"id":"3bd8aee9","settings":{"_column_size":"33","_inline_size":"","content_position":"center","_inline_size_tablet":"24"},"elements":[{"id":"35312a1f","settings":{"title":"$","header_size":"h3","align":"right","title_color":"#222428","typography_typography":"custom","typography_font_family":"Josefin Sans","typography_font_size":{"unit":"em","size":"1.2","sizes":[]},"typography_font_weight":"600","typography_text_transform":"uppercase","typography_letter_spacing":{"unit":"px","size":"1","sizes":[]},"_margin":{"unit":"px","top":"0","right":"-20","bottom":"0","left":"0","isLinked":""},"_padding":{"unit":"em","top":"0","right":"0","bottom":"0.5","left":"0","isLinked":""},"align_mobile":"center","_margin_tablet":{"unit":"px","top":"0","right":"0","bottom":"0","left":"0","isLinked":"1"},"_padding_tablet":{"unit":"px","top":"0","right":"0","bottom":"0","left":"0","isLinked":"1"}},"elements":[],"isInner":false,"widgetType":"heading","elType":"widget"}],"isInner":"1","elType":"column"},{"id":"2c87e6be","settings":{"_column_size":"33","_inline_size":"","content_position":"center","_inline_size_tablet":"50"},"elements":[{"id":"5d01091d","settings":{"title":"29","header_size":"h3","align":"center","title_color":"#222428","typography_typography":"custom","typography_font_family":"Josefin Sans","typography_font_size":{"unit":"em","size":"4","sizes":[]},"typography_font_weight":"600","typography_text_transform":"uppercase","typography_line_height_tablet":{"unit":"em","size":"0.5","sizes":[]},"typography_letter_spacing":{"unit":"px","size":"1","sizes":[]},"_margin":{"unit":"px","top":"0","right":"0","bottom":"0","left":"0","isLinked":""},"_padding":{"unit":"em","top":"0","right":"0","bottom":"0.5","left":"0","isLinked":""},"_padding_tablet":{"unit":"em","top":"1","right":"0","bottom":"0","left":"0","isLinked":""}},"elements":[],"isInner":false,"widgetType":"heading","elType":"widget"}],"isInner":"1","elType":"column"},{"id":"61872804","settings":{"_column_size":"33","_inline_size":"","content_position":"center","_inline_size_tablet":"100"},"elements":[{"id":"54060398","settings":{"title":"\/ Class","header_size":"h3","align":"center","title_color":"#222428","typography_typography":"custom","typography_font_family":"Karla","typography_font_size":{"unit":"em","size":"0.72","sizes":[]},"typography_font_weight":"700","typography_text_transform":"uppercase","typography_letter_spacing":{"unit":"px","size":"1","sizes":[]},"_margin":{"unit":"px","top":"0","right":"0","bottom":"0","left":"-73","isLinked":""},"_padding":{"unit":"em","top":"0","right":"0","bottom":"0","left":"0","isLinked":"1"},"_margin_tablet":{"unit":"px","top":"0","right":"0","bottom":"0","left":"0","isLinked":"1"}},"elements":[],"isInner":false,"widgetType":"heading","elType":"widget"}],"isInner":"1","elType":"column"}],"isInner":"1","elType":"section"},{"id":"3a7f8a3b","settings":{"text":"Get Started","align":"center","icon_align":"right","icon_indent":{"unit":"px","size":"8","sizes":[]},"typography_typography":"custom","typography_font_family":"Karla","typography_font_size":{"unit":"em","size":"0.83","sizes":[]},"typography_font_size_tablet":{"unit":"em","size":"0.75","sizes":[]},"typography_font_weight":"600","typography_text_transform":"uppercase","typography_line_height":{"unit":"em","size":"2.2","sizes":[]},"typography_letter_spacing":{"unit":"px","size":"1.6","sizes":[]},"button_text_color":"#d2b29b","background_color":"rgba(210,178,155,0)","hover_color":"#ffffff","button_background_hover_color":"#d2b29b","hover_animation":"grow","border_radius":{"unit":"px","top":"0","right":"0","bottom":"0","left":"0","isLinked":"1"},"text_padding":{"unit":"em","top":"1","right":"3.5","bottom":"1","left":"3.5","isLinked":""},"_background_color":"#000000","_padding":{"unit":"em","top":"0.4","right":"0","bottom":"0","left":"0","isLinked":""},"border_border":"solid","border_width":{"unit":"px","top":"1","right":"1","bottom":"1","left":"1","isLinked":"1"},"border_color":"#d2b29b"},"elements":[],"isInner":false,"widgetType":"button","elType":"widget"}],"isInner":"","elType":"column"},{"id":"145609c3","settings":{"_column_size":"33","_inline_size":"","space_between_widgets":"0","content_position":"center","background_background":"classic","background_color":"#ffffff","border_width":{"unit":"px","top":"1","right":"1","bottom":"1","left":"1","isLinked":"1"},"border_color":"#e5e7f2","border_radius":{"unit":"px","top":"10","right":"10","bottom":"10","left":"10","isLinked":"1"},"box_shadow_box_shadow_type":"yes","box_shadow_box_shadow":{"horizontal":"0","vertical":"0","blur":"57","spread":"0","color":"rgba(24,27,49,0.15)"},"margin":{"unit":"px","top":"-20","right":"0","bottom":"-20","left":"0","isLinked":""},"padding":{"unit":"em","top":"4","right":"2","bottom":"4","left":"2","isLinked":""},"z_index":"9999","margin_mobile":{"unit":"px","top":"30","right":"0","bottom":"30","left":"0","isLinked":""},"padding_mobile":{"unit":"em","top":"","right":"","bottom":"","left":"","isLinked":"1"}},"elements":[{"id":"284bba63","settings":{"title":"Intermediate","header_size":"h3","align":"center","title_color":"#222428","typography_typography":"custom","typography_font_family":"Josefin Sans","typography_font_size":{"unit":"em","size":"0.9","sizes":[]},"typography_font_weight":"700","typography_text_transform":"uppercase","typography_letter_spacing":{"unit":"px","size":"1","sizes":[]},"_margin":{"unit":"px","top":"0","right":"0","bottom":"0","left":"0","isLinked":""},"_padding":{"unit":"em","top":"0","right":"0","bottom":"01.5","left":"0","isLinked":""}},"elements":[],"isInner":false,"widgetType":"heading","elType":"widget"},{"id":"77799886","settings":{"structure":"30"},"elements":[{"id":"5bdc7c09","settings":{"_column_size":"33","_inline_size":"","content_position":"center","_inline_size_tablet":"24"},"elements":[{"id":"4773205f","settings":{"title":"$","header_size":"h3","align":"right","title_color":"#222428","typography_typography":"custom","typography_font_family":"Josefin Sans","typography_font_size":{"unit":"em","size":"1.2","sizes":[]},"typography_font_weight":"600","typography_text_transform":"uppercase","typography_letter_spacing":{"unit":"px","size":"1","sizes":[]},"_margin":{"unit":"px","top":"0","right":"-20","bottom":"0","left":"0","isLinked":""},"_padding":{"unit":"em","top":"0","right":"0","bottom":"0.5","left":"0","isLinked":""},"align_mobile":"center","_margin_tablet":{"unit":"px","top":"0","right":"0","bottom":"0","left":"0","isLinked":"1"},"_padding_tablet":{"unit":"px","top":"0","right":"0","bottom":"0","left":"0","isLinked":"1"}},"elements":[],"isInner":false,"widgetType":"heading","elType":"widget"}],"isInner":"1","elType":"column"},{"id":"4b703e99","settings":{"_column_size":"33","_inline_size":"","content_position":"center","_inline_size_tablet":"50"},"elements":[{"id":"609b6e09","settings":{"title":"59","header_size":"h3","align":"center","title_color":"#222428","typography_typography":"custom","typography_font_family":"Josefin Sans","typography_font_size":{"unit":"em","size":"4","sizes":[]},"typography_font_weight":"600","typography_text_transform":"uppercase","typography_line_height_tablet":{"unit":"em","size":"0.5","sizes":[]},"typography_letter_spacing":{"unit":"px","size":"1","sizes":[]},"_margin":{"unit":"px","top":"0","right":"0","bottom":"0","left":"0","isLinked":""},"_padding":{"unit":"em","top":"0","right":"0","bottom":"0.5","left":"0","isLinked":""},"_padding_tablet":{"unit":"em","top":"1","right":"0","bottom":"0","left":"0","isLinked":""}},"elements":[],"isInner":false,"widgetType":"heading","elType":"widget"}],"isInner":"1","elType":"column"},{"id":"73d6a78","settings":{"_column_size":"33","_inline_size":"","content_position":"center","_inline_size_tablet":"100"},"elements":[{"id":"279b793f","settings":{"title":"\/ Class","header_size":"h3","align":"center","title_color":"#222428","typography_typography":"custom","typography_font_family":"Karla","typography_font_size":{"unit":"em","size":"0.72","sizes":[]},"typography_font_weight":"700","typography_text_transform":"uppercase","typography_letter_spacing":{"unit":"px","size":"1","sizes":[]},"_margin":{"unit":"px","top":"0","right":"0","bottom":"0","left":"-73","isLinked":""},"_padding":{"unit":"em","top":"0","right":"0","bottom":"0","left":"0","isLinked":"1"},"_margin_tablet":{"unit":"px","top":"0","right":"0","bottom":"0","left":"0","isLinked":"1"}},"elements":[],"isInner":false,"widgetType":"heading","elType":"widget"}],"isInner":"1","elType":"column"}],"isInner":"1","elType":"section"},{"id":"257e5127","settings":{"text":"Get Started","align":"center","icon_align":"right","icon_indent":{"unit":"px","size":"8","sizes":[]},"typography_typography":"custom","typography_font_family":"Karla","typography_font_size":{"unit":"em","size":"0.83","sizes":[]},"typography_font_size_tablet":{"unit":"em","size":"0.75","sizes":[]},"typography_font_weight":"600","typography_text_transform":"uppercase","typography_line_height":{"unit":"em","size":"2.2","sizes":[]},"typography_letter_spacing":{"unit":"px","size":"1.6","sizes":[]},"button_text_color":"#ffffff","background_color":"#d2b29b","hover_color":"#ffffff","button_background_hover_color":"#222428","hover_animation":"grow","border_radius":{"unit":"px","top":"0","right":"0","bottom":"0","left":"0","isLinked":"1"},"text_padding":{"unit":"em","top":"1","right":"3.5","bottom":"1","left":"3.5","isLinked":""},"_background_color":"#000000","_padding":{"unit":"em","top":"0.4","right":"0","bottom":"0","left":"0","isLinked":""}},"elements":[],"isInner":false,"widgetType":"button","elType":"widget"}],"isInner":"","elType":"column"},{"id":"5e273a3e","settings":{"_column_size":"33","_inline_size":"","space_between_widgets":"0","background_background":"classic","background_color":"#ffffff","border_width":{"unit":"px","top":"1","right":"1","bottom":"1","left":"1","isLinked":"1"},"border_color":"#e5e7f2","border_radius":{"unit":"px","top":"10","right":"10","bottom":"10","left":"10","isLinked":"1"},"padding":{"unit":"em","top":"4","right":"2","bottom":"4","left":"2","isLinked":""}},"elements":[{"id":"2ca9109c","settings":{"title":"Addict","header_size":"h3","align":"center","title_color":"#222428","typography_typography":"custom","typography_font_family":"Josefin Sans","typography_font_size":{"unit":"em","size":"0.9","sizes":[]},"typography_font_weight":"600","typography_text_transform":"uppercase","typography_letter_spacing":{"unit":"px","size":"1","sizes":[]},"_margin":{"unit":"px","top":"0","right":"0","bottom":"0","left":"0","isLinked":""},"_padding":{"unit":"em","top":"0","right":"0","bottom":"01.5","left":"0","isLinked":""}},"elements":[],"isInner":false,"widgetType":"heading","elType":"widget"},{"id":"3c0a7cb0","settings":{"structure":"30"},"elements":[{"id":"3fc297aa","settings":{"_column_size":"33","_inline_size":"","content_position":"center","_inline_size_tablet":"24"},"elements":[{"id":"11a5f464","settings":{"title":"$","header_size":"h3","align":"right","title_color":"#222428","typography_typography":"custom","typography_font_family":"Josefin Sans","typography_font_size":{"unit":"em","size":"1.2","sizes":[]},"typography_font_weight":"600","typography_text_transform":"uppercase","typography_letter_spacing":{"unit":"px","size":"1","sizes":[]},"_margin":{"unit":"px","top":"0","right":"-20","bottom":"0","left":"0","isLinked":""},"_padding":{"unit":"em","top":"0","right":"0","bottom":"0.5","left":"0","isLinked":""},"align_mobile":"center","_margin_tablet":{"unit":"px","top":"0","right":"0","bottom":"0","left":"0","isLinked":"1"},"_padding_tablet":{"unit":"px","top":"0","right":"0","bottom":"0","left":"0","isLinked":"1"}},"elements":[],"isInner":false,"widgetType":"heading","elType":"widget"}],"isInner":"1","elType":"column"},{"id":"4b840e3","settings":{"_column_size":"33","_inline_size":"","content_position":"center","_inline_size_tablet":"50"},"elements":[{"id":"6d6d350d","settings":{"title":"99","header_size":"h3","align":"center","title_color":"#222428","typography_typography":"custom","typography_font_family":"Josefin Sans","typography_font_size":{"unit":"em","size":"4","sizes":[]},"typography_font_weight":"600","typography_text_transform":"uppercase","typography_line_height_tablet":{"unit":"em","size":"0.5","sizes":[]},"typography_letter_spacing":{"unit":"px","size":"1","sizes":[]},"_margin":{"unit":"px","top":"0","right":"0","bottom":"0","left":"0","isLinked":""},"_padding":{"unit":"em","top":"0","right":"0","bottom":"0.5","left":"0","isLinked":""},"_padding_tablet":{"unit":"em","top":"1","right":"0","bottom":"0","left":"0","isLinked":""}},"elements":[],"isInner":false,"widgetType":"heading","elType":"widget"}],"isInner":"1","elType":"column"},{"id":"5a3eff56","settings":{"_column_size":"33","_inline_size":"","content_position":"center","_inline_size_tablet":"100"},"elements":[{"id":"a7f8734","settings":{"title":"\/ Class","header_size":"h3","align":"center","title_color":"#222428","typography_typography":"custom","typography_font_family":"Karla","typography_font_size":{"unit":"em","size":"0.72","sizes":[]},"typography_font_weight":"700","typography_text_transform":"uppercase","typography_letter_spacing":{"unit":"px","size":"1","sizes":[]},"_margin":{"unit":"px","top":"0","right":"0","bottom":"0","left":"-73","isLinked":""},"_padding":{"unit":"em","top":"0","right":"0","bottom":"0","left":"0","isLinked":"1"},"_margin_tablet":{"unit":"px","top":"0","right":"0","bottom":"0","left":"0","isLinked":"1"}},"elements":[],"isInner":false,"widgetType":"heading","elType":"widget"}],"isInner":"1","elType":"column"}],"isInner":"1","elType":"section"},{"id":"5daec247","settings":{"text":"Get Started","align":"center","icon_align":"right","icon_indent":{"unit":"px","size":"8","sizes":[]},"typography_typography":"custom","typography_font_family":"Karla","typography_font_size":{"unit":"em","size":"0.83","sizes":[]},"typography_font_size_tablet":{"unit":"em","size":"0.75","sizes":[]},"typography_font_weight":"600","typography_text_transform":"uppercase","typography_line_height":{"unit":"em","size":"2.2","sizes":[]},"typography_letter_spacing":{"unit":"px","size":"1.6","sizes":[]},"button_text_color":"#d2b29b","background_color":"rgba(210,178,155,0)","hover_color":"#ffffff","button_background_hover_color":"#d2b29b","hover_animation":"grow","border_radius":{"unit":"px","top":"0","right":"0","bottom":"0","left":"0","isLinked":"1"},"text_padding":{"unit":"em","top":"1","right":"3.5","bottom":"1","left":"3.5","isLinked":""},"_background_color":"#000000","_padding":{"unit":"em","top":"0.4","right":"0","bottom":"0","left":"0","isLinked":""},"border_border":"solid","border_width":{"unit":"px","top":"1","right":"1","bottom":"1","left":"1","isLinked":"1"},"border_color":"#d2b29b"},"elements":[],"isInner":false,"widgetType":"button","elType":"widget"}],"isInner":"","elType":"column"}],"isInner":"","elType":"section"},{"id":"3274d9b6","settings":{"structure":"30","padding":{"unit":"em","top":"0","right":"0","bottom":"5","left":"0","isLinked":""},"background_background":"classic","background_color":"#f4f6f7","padding_tablet":{"unit":"em","top":"0","right":"1","bottom":"6","left":"1","isLinked":""}},"elements":[{"id":"2fa90403","settings":{"_column_size":"33","_inline_size":"","space_between_widgets":"0"},"elements":[{"id":"30299a96","settings":{"icon_list":[{"text":"Vestibulum morbi blandit curs","icon":"fa fa-dot-circle-o","_id":"348fe78","link":{"url":"","is_external":"","nofollow":""}},{"text":"Pellentese habitat","icon":"fa fa-dot-circle-o","_id":"5d377bd","link":{"url":"","is_external":"","nofollow":""}},{"text":"20+ Consectetr adipises","icon":"fa fa-dot-circle-o","_id":"b91da7b","link":{"url":"","is_external":"","nofollow":""}},{"text":"Pulvinar Laoreets","icon":"fa fa-dot-circle-o","_id":"f70e302","link":{"url":"","is_external":"","nofollow":""}},{"text":"Blandit vestibulum rosco","icon":"fa fa-dot-circle-o","_id":"70a8d12","link":{"url":"","is_external":"","nofollow":""}}],"icon_align":"center","icon_color":"#d2b29b","text_color":"#808291","text_color_hover":"#808291","text_indent":{"unit":"px","size":"11","sizes":[]},"icon_typography_typography":"custom","icon_typography_font_family":"Lora","icon_typography_font_size":{"unit":"em","size":"1","sizes":[]},"icon_typography_font_weight":"400","icon_typography_line_height":{"unit":"em","size":"2.5","sizes":[]},"icon_color_hover":"#1b1d26"},"elements":[],"isInner":false,"widgetType":"icon-list","elType":"widget"}],"isInner":"","elType":"column"},{"id":"20196e5c","settings":{"_column_size":"33","_inline_size":"","space_between_widgets":"0"},"elements":[{"id":"338001f7","settings":{"icon_list":[{"text":"Pellentese habitat","icon":"fa fa-dot-circle-o","_id":"54fc8a7","link":{"url":"","is_external":"","nofollow":""}},{"text":"Vestibulum morbi blandit curs","icon":"fa fa-dot-circle-o","_id":"348fe78","link":{"url":"","is_external":"","nofollow":""}},{"text":"Pulvinar Laoreets","icon":"fa fa-dot-circle-o","_id":"4466581","link":{"url":"","is_external":"","nofollow":""}},{"text":"Blandit vestibulum rosco","icon":"fa fa-dot-circle-o","_id":"fef8de5","link":{"url":"","is_external":"","nofollow":""}},{"text":"50+ Consectetr adipises","icon":"fa fa-dot-circle-o","_id":"b91da7b","link":{"url":"","is_external":"","nofollow":""}}],"icon_align":"center","icon_color":"#d2b29b","text_color":"#808291","text_color_hover":"#808291","text_indent":{"unit":"px","size":"11","sizes":[]},"icon_typography_typography":"custom","icon_typography_font_family":"Lora","icon_typography_font_size":{"unit":"em","size":"1","sizes":[]},"icon_typography_font_weight":"400","icon_typography_line_height":{"unit":"em","size":"2.5","sizes":[]},"icon_color_hover":"#1b1d26"},"elements":[],"isInner":false,"widgetType":"icon-list","elType":"widget"}],"isInner":"","elType":"column"},{"id":"386f3121","settings":{"_column_size":"33","_inline_size":"","space_between_widgets":"0"},"elements":[{"id":"2e8094bd","settings":{"icon_list":[{"text":"Blandit vestibulum rosco","icon":"fa fa-dot-circle-o","_id":"9e23d5b","link":{"url":"","is_external":"","nofollow":""}},{"text":"Pellentese habitat","icon":"fa fa-dot-circle-o","_id":"834eee5","link":{"url":"","is_external":"","nofollow":""}},{"text":"Vestibulum morbi blandit curs","icon":"fa fa-dot-circle-o","_id":"af229a4","link":{"url":"","is_external":"","nofollow":""}},{"text":"20+ Consectetr adipises","icon":"fa fa-dot-circle-o","_id":"b91da7b","link":{"url":"","is_external":"","nofollow":""}},{"text":"Pulvinar Laoreets","icon":"fa fa-dot-circle-o","_id":"f70e302","link":{"url":"","is_external":"","nofollow":""}}],"icon_align":"center","icon_color":"#d2b29b","text_color":"#808291","text_color_hover":"#808291","text_indent":{"unit":"px","size":"11","sizes":[]},"icon_typography_typography":"custom","icon_typography_font_family":"Lora","icon_typography_font_size":{"unit":"em","size":"1","sizes":[]},"icon_typography_font_weight":"400","icon_typography_line_height":{"unit":"em","size":"2.5","sizes":[]},"icon_color_hover":"#1b1d26"},"elements":[],"isInner":false,"widgetType":"icon-list","elType":"widget"}],"isInner":"","elType":"column"}],"isInner":"","elType":"section"},{"id":"6b2e15a2","settings":{"structure":"30","padding":{"unit":"em","top":"6.5","right":"0","bottom":"5.5","left":"0","isLinked":""},"background_background":"classic","background_color":"#ffffff"},"elements":[{"id":"22407302","settings":{"_column_size":"33","_inline_size":"","space_between_widgets":"0"},"elements":[{"id":"65c4d4fb","settings":{"title":"Prices","header_size":"h3","align":"center","title_color":"#d2b29b","typography_typography":"custom","typography_font_family":"Karla","typography_font_size":{"unit":"em","size":"1.5","sizes":[]},"typography_font_weight":"700","typography_text_transform":"capitalize","typography_line_height":{"unit":"em","size":"1.3","sizes":[]},"typography_letter_spacing":{"unit":"px","size":"-1","sizes":[]},"_margin":{"unit":"px","top":"0","right":"0","bottom":"30","left":"0","isLinked":""},"_padding":{"unit":"em","top":"0","right":"0","bottom":"0","left":"0","isLinked":"1"},"align_mobile":"center","typography_font_size_tablet":{"unit":"em","size":"1.5","sizes":[]}},"elements":[],"isInner":false,"widgetType":"heading","elType":"widget"},{"id":"61da8b31","settings":{"editor":"<p>All our classes can be booked as drop-ins with no membership requirement or upfront joining fee. Individual prices depend on the <br \/>class and range from:<\/p>","align":"center","text_color":"#808291","typography_typography":"custom","typography_font_family":"Lora","typography_font_size":{"unit":"em","size":"1","sizes":[]},"typography_font_weight":"400","typography_line_height":{"unit":"em","size":"1.7","sizes":[]}},"elements":[],"isInner":false,"widgetType":"text-editor","elType":"widget"},{"id":"732f13ea","settings":{"editor":"<p>from $29 - $99<\/p>","align":"center","text_color":"#222428","typography_typography":"custom","typography_font_family":"Karla","typography_font_size":{"unit":"em","size":"0.8","sizes":[]},"typography_font_weight":"700","typography_text_transform":"uppercase","typography_letter_spacing":{"unit":"px","size":"0","sizes":[]},"_margin":{"unit":"px","top":"0","right":"0","bottom":"0","left":"0","isLinked":""}},"elements":[],"isInner":false,"widgetType":"text-editor","elType":"widget"},{"id":"25e1786a","settings":{"editor":"<p>Please book via the online timetable or feel free to get in touch:<\/p>","align":"center","text_color":"#808291","typography_typography":"custom","typography_font_family":"Lora","typography_font_size":{"unit":"em","size":"1","sizes":[]},"typography_font_weight":"400","typography_line_height":{"unit":"em","size":"1.7","sizes":[]}},"elements":[],"isInner":false,"widgetType":"text-editor","elType":"widget"},{"id":"2003ac42","settings":{"text":"Get In Touch \u2014","align":"center","typography_typography":"custom","typography_font_family":"Karla","typography_font_size":{"unit":"em","size":"0.84","sizes":[]},"typography_font_weight":"600","typography_text_transform":"uppercase","typography_line_height":{"unit":"em","size":"0","sizes":[]},"typography_letter_spacing":{"unit":"px","size":"1.6","sizes":[]},"button_text_color":"#d2b29b","background_color":"rgba(0,0,0,0)","hover_color":"#222428","button_background_hover_color":"rgba(0,0,0,0)","hover_animation":"grow","_margin":{"unit":"px","top":"18","right":"0","bottom":"0","left":"0","isLinked":""}},"elements":[],"isInner":false,"widgetType":"button","elType":"widget"}],"isInner":"","elType":"column"},{"id":"10635cdf","settings":{"_column_size":"33","_inline_size":"","space_between_widgets":"0"},"elements":[{"id":"178492d9","settings":{"title":"Membership","header_size":"h3","align":"center","title_color":"#d2b29b","typography_typography":"custom","typography_font_family":"Karla","typography_font_size":{"unit":"em","size":"1.5","sizes":[]},"typography_font_weight":"700","typography_text_transform":"capitalize","typography_line_height":{"unit":"em","size":"1.3","sizes":[]},"typography_letter_spacing":{"unit":"px","size":"-1","sizes":[]},"_margin":{"unit":"px","top":"0","right":"0","bottom":"30","left":"0","isLinked":""},"_padding":{"unit":"em","top":"0","right":"0","bottom":"0","left":"0","isLinked":"1"},"align_mobile":"center","typography_font_size_tablet":{"unit":"em","size":"1.5","sizes":[]}},"elements":[],"isInner":false,"widgetType":"heading","elType":"widget"},{"id":"4f8367a0","settings":{"editor":"<p>Just a Tester<\/p>","align":"center","text_color":"#222428","typography_typography":"custom","typography_font_family":"Karla","typography_font_size":{"unit":"em","size":"0.8","sizes":[]},"typography_font_weight":"700","typography_text_transform":"uppercase","typography_letter_spacing":{"unit":"px","size":"0","sizes":[]},"_margin":{"unit":"px","top":"0","right":"0","bottom":"-20","left":"0","isLinked":""}},"elements":[],"isInner":false,"widgetType":"text-editor","elType":"widget"},{"id":"638f3bc","settings":{"editor":"<p>5 session class pack: $69<br><i>valid 30 days<\/i><\/p>","align":"center","text_color":"#808291","typography_typography":"custom","typography_font_family":"Lora","typography_font_size":{"unit":"em","size":"1","sizes":[]},"typography_font_weight":"400","typography_line_height":{"unit":"em","size":"1.7","sizes":[]}},"elements":[],"isInner":false,"widgetType":"text-editor","elType":"widget"},{"id":"3d12e4a5","settings":{"editor":"<p>Flirt a bit<\/p>","align":"center","text_color":"#222428","typography_typography":"custom","typography_font_family":"Karla","typography_font_size":{"unit":"em","size":"0.8","sizes":[]},"typography_font_weight":"700","typography_text_transform":"uppercase","typography_letter_spacing":{"unit":"px","size":"0","sizes":[]},"_margin":{"unit":"px","top":"0","right":"0","bottom":"-20","left":"0","isLinked":""}},"elements":[],"isInner":false,"widgetType":"text-editor","elType":"widget"},{"id":"1cd4dcd4","settings":{"editor":"<p>10 session class pack: $119<br \/><i>valid 30 days<\/i><\/p>","align":"center","text_color":"#808291","typography_typography":"custom","typography_font_family":"Lora","typography_font_size":{"unit":"em","size":"1","sizes":[]},"typography_font_weight":"400","typography_line_height":{"unit":"em","size":"1.7","sizes":[]}},"elements":[],"isInner":false,"widgetType":"text-editor","elType":"widget"},{"id":"aa7fe74","settings":{"editor":"<p>Addict<\/p>","align":"center","text_color":"#222428","typography_typography":"custom","typography_font_family":"Karla","typography_font_size":{"unit":"em","size":"0.8","sizes":[]},"typography_font_weight":"700","typography_text_transform":"uppercase","typography_letter_spacing":{"unit":"px","size":"0","sizes":[]},"_margin":{"unit":"px","top":"0","right":"0","bottom":"-20","left":"0","isLinked":""}},"elements":[],"isInner":false,"widgetType":"text-editor","elType":"widget"},{"id":"5d4347cd","settings":{"editor":"<p>Monthly Unlimited: $299<br \/><i>valid 30 days<\/i><\/p>","align":"center","text_color":"#808291","typography_typography":"custom","typography_font_family":"Lora","typography_font_size":{"unit":"em","size":"1","sizes":[]},"typography_font_weight":"400","typography_line_height":{"unit":"em","size":"1.7","sizes":[]}},"elements":[],"isInner":false,"widgetType":"text-editor","elType":"widget"}],"isInner":"","elType":"column"},{"id":"31409cf","settings":{"_column_size":"33","_inline_size":"","space_between_widgets":"0"},"elements":[{"id":"441eb160","settings":{"title":"sign up","header_size":"h3","align":"center","title_color":"#d2b29b","typography_typography":"custom","typography_font_family":"Karla","typography_font_size":{"unit":"em","size":"1.5","sizes":[]},"typography_font_weight":"700","typography_text_transform":"capitalize","typography_line_height":{"unit":"em","size":"1.3","sizes":[]},"typography_letter_spacing":{"unit":"px","size":"-1","sizes":[]},"_margin":{"unit":"px","top":"0","right":"0","bottom":"30","left":"0","isLinked":""},"_padding":{"unit":"em","top":"0","right":"0","bottom":"0","left":"0","isLinked":"1"},"align_mobile":"center","typography_font_size_tablet":{"unit":"em","size":"1.5","sizes":[]}},"elements":[],"isInner":false,"widgetType":"heading","elType":"widget"},{"id":"34c2d48c","settings":{"editor":"<p>Please go to the our timetable select the<br \/>class you'd like to purchase:<\/p>","align":"center","text_color":"#808291","typography_typography":"custom","typography_font_family":"Lora","typography_font_size":{"unit":"em","size":"1","sizes":[]},"typography_font_weight":"400","typography_line_height":{"unit":"em","size":"1.7","sizes":[]}},"elements":[],"isInner":false,"widgetType":"text-editor","elType":"widget"},{"id":"45119c95","settings":{"text":"See timetable","align":"center","icon_align":"right","icon_indent":{"unit":"px","size":"8","sizes":[]},"typography_typography":"custom","typography_font_family":"Karla","typography_font_size":{"unit":"em","size":"0.83","sizes":[]},"typography_font_weight":"600","typography_text_transform":"uppercase","typography_line_height":{"unit":"em","size":"2.2","sizes":[]},"typography_letter_spacing":{"unit":"px","size":"1.6","sizes":[]},"button_text_color":"#ffffff","background_color":"#d2b29b","hover_color":"#ffffff","button_background_hover_color":"#222428","hover_animation":"grow","border_radius":{"unit":"px","top":"0","right":"0","bottom":"0","left":"0","isLinked":"1"},"text_padding":{"unit":"em","top":"1","right":"3.5","bottom":"1","left":"3.5","isLinked":""},"_background_color":"#000000","_padding":{"unit":"em","top":"0.8","right":"0","bottom":"0","left":"0","isLinked":""}},"elements":[],"isInner":false,"widgetType":"button","elType":"widget"}],"isInner":"","elType":"column"}],"isInner":"","elType":"section"},{"id":"6a3930ca","settings":{"content_width":{"unit":"px","size":"750","sizes":[]},"background_background":"classic","background_color":"#f4f6f7","background_overlay_opacity":{"unit":"px","size":"1","sizes":[]},"shape_divider_top_color":"#f4f6f7","shape_divider_top_width":{"unit":"%","size":"178","sizes":[]},"shape_divider_top_height":{"unit":"px","size":"421","sizes":[]},"shape_divider_bottom_color":"#1d1b26","padding":{"unit":"em","top":"6","right":"0","bottom":"5","left":"0","isLinked":""},"background_position":"center center","background_repeat":"no-repeat","background_size":"cover","background_overlay_color":"#1b1d26","background_overlay_color_b":"rgba(29,27,38,0.47)","shape_divider_bottom_width":{"unit":"%","size":"300","sizes":[]},"shape_divider_bottom_height":{"unit":"px","size":"123","sizes":[]},"shape_divider_top_negative":"yes"},"elements":[{"id":"733ac9c3","settings":{"_column_size":"100","space_between_widgets":"0","padding_tablet":{"unit":"em","top":"1","right":"1","bottom":"1","left":"1","isLinked":"1"}},"elements":[{"id":"7b905c1","settings":{"title":"QUESTIONS & ANSWERS","align":"center","title_color":"#b0b0ba","typography_typography":"custom","typography_font_family":"Karla","typography_font_size":{"unit":"px","size":"15"},"typography_font_weight":"600","typography_text_transform":"uppercase","typography_line_height":{"unit":"em","size":"1.4"},"typography_letter_spacing":{"unit":"px","size":"1.6"},"_padding":{"unit":"em","top":"0.4","right":"0","bottom":"1.3","left":"0","isLinked":""},"header_size":"h3","align_mobile":"center"},"elements":[],"isInner":false,"widgetType":"heading","elType":"widget"},{"id":"136fdeac","settings":{"title":"Have Questions?","header_size":"h1","align":"center","title_color":"#222428","typography_typography":"custom","typography_font_family":"Karla","typography_font_size":{"unit":"em","size":"2.6","sizes":[]},"typography_font_weight":"700","typography_letter_spacing":{"unit":"px","size":"-2","sizes":[]},"_padding":{"unit":"em","top":"0","right":"0","bottom":"03","left":"0","isLinked":""}},"elements":[],"isInner":false,"widgetType":"heading","elType":"widget"},{"id":"67311ea1","settings":{"tabs":[{"tab_title":"Are there any limitations on age, size, fitness or experience?","tab_content":"<p>Sed ut perspiciatis unde omnis iste natus error sit voluptatem accusantium doloremque laudantium, totam rem aperiam, eaque ipsa quae ab illo inventore veritatis et quasi architecto beatae vitae dicta sunt explicabo.<\/p>","_id":"8042709"}],"icon":"fa fa-angle-down","icon_active":"fa fa-angle-up","border_width":{"unit":"px","size":"0","sizes":[]},"border_color":"#ffffff","space_between":{"unit":"px","size":"14","sizes":[]},"title_background":"rgba(255,255,255,0)","title_color":"#222428","tab_active_color":"#222428","title_typography_typography":"custom","title_typography_font_family":"Lora","title_typography_font_size":{"unit":"em","size":"1","sizes":[]},"title_typography_font_weight":"400","title_typography_font_style":"italic","title_padding":{"unit":"em","top":"1.6","right":"2","bottom":"1.6","left":"2","isLinked":""},"icon_color":"#d2b29b","icon_active_color":"#d2b29b","icon_space":{"unit":"px","size":"11","sizes":[]},"content_background_color":"rgba(244,246,247,0)","content_color":"#414449","content_typography_typography":"custom","content_typography_font_family":"Lora","content_typography_font_size":{"unit":"em","size":"0.96","sizes":[]},"content_typography_font_weight":"400","content_typography_line_height":{"unit":"em","size":"1.9","sizes":[]},"content_padding":{"unit":"em","top":"0","right":"3.6","bottom":"1.8","left":"03.6","isLinked":""},"_margin":{"unit":"px","top":"6","right":"0","bottom":"6","left":"0","isLinked":""},"_padding":{"unit":"em","top":"0.3","right":"0.3","bottom":"0.3","left":"0.3","isLinked":"1"},"_background_background":"classic","_background_color":"#ffffff","_border_border":"solid","_border_width":{"unit":"px","top":"1","right":"1","bottom":"1","left":"1","isLinked":"1"},"_border_color":"#ffffff","_border_radius":{"unit":"px","top":"2","right":"2","bottom":"2","left":"2","isLinked":"1"}},"elements":[],"isInner":false,"widgetType":"toggle","elType":"widget"},{"id":"41b6a3ce","settings":{"tabs":[{"tab_title":"Do I need to bring anything to class?","tab_content":"<p>Sed ut perspiciatis unde omnis iste natus error sit voluptatem accusantium doloremque laudantium, totam rem aperiam, eaque ipsa quae ab illo inventore veritatis et quasi architecto beatae vitae dicta sunt explicabo.<\/p>","_id":"8042709"}],"icon":"fa fa-angle-down","icon_active":"fa fa-angle-up","border_width":{"unit":"px","size":"0","sizes":[]},"border_color":"#ffffff","space_between":{"unit":"px","size":"14","sizes":[]},"title_background":"rgba(255,255,255,0)","title_color":"#222428","tab_active_color":"#222428","title_typography_typography":"custom","title_typography_font_family":"Lora","title_typography_font_size":{"unit":"em","size":"1","sizes":[]},"title_typography_font_weight":"400","title_typography_font_style":"italic","title_padding":{"unit":"em","top":"1.6","right":"2","bottom":"1.6","left":"2","isLinked":""},"icon_color":"#d2b29b","icon_active_color":"#d2b29b","icon_space":{"unit":"px","size":"11","sizes":[]},"content_background_color":"rgba(244,246,247,0)","content_color":"#414449","content_typography_typography":"custom","content_typography_font_family":"Lora","content_typography_font_size":{"unit":"em","size":"0.96","sizes":[]},"content_typography_font_weight":"400","content_typography_line_height":{"unit":"em","size":"1.9","sizes":[]},"content_padding":{"unit":"em","top":"0","right":"3.6","bottom":"1.8","left":"03.6","isLinked":""},"_margin":{"unit":"px","top":"6","right":"0","bottom":"6","left":"0","isLinked":""},"_padding":{"unit":"em","top":"0.3","right":"0.3","bottom":"0.3","left":"0.3","isLinked":"1"},"_background_background":"classic","_background_color":"#ffffff","_border_border":"solid","_border_width":{"unit":"px","top":"1","right":"1","bottom":"1","left":"1","isLinked":"1"},"_border_color":"#ffffff","_border_radius":{"unit":"px","top":"2","right":"2","bottom":"2","left":"2","isLinked":"1"}},"elements":[],"isInner":false,"widgetType":"toggle","elType":"widget"},{"id":"3ca0fd1c","settings":{"tabs":[{"tab_title":"Do you have a Latecomer Policy?","tab_content":"<p>Sed ut perspiciatis unde omnis iste natus error sit voluptatem accusantium doloremque laudantium, totam rem aperiam, eaque ipsa quae ab illo inventore veritatis et quasi architecto beatae vitae dicta sunt explicabo.<\/p>","_id":"8042709"}],"icon":"fa fa-angle-down","icon_active":"fa fa-angle-up","border_width":{"unit":"px","size":"0","sizes":[]},"border_color":"#ffffff","space_between":{"unit":"px","size":"14","sizes":[]},"title_background":"rgba(255,255,255,0)","title_color":"#222428","tab_active_color":"#222428","title_typography_typography":"custom","title_typography_font_family":"Lora","title_typography_font_size":{"unit":"em","size":"1","sizes":[]},"title_typography_font_weight":"400","title_typography_font_style":"italic","title_padding":{"unit":"em","top":"1.6","right":"2","bottom":"1.6","left":"2","isLinked":""},"icon_color":"#d2b29b","icon_active_color":"#d2b29b","icon_space":{"unit":"px","size":"11","sizes":[]},"content_background_color":"rgba(244,246,247,0)","content_color":"#414449","content_typography_typography":"custom","content_typography_font_family":"Lora","content_typography_font_size":{"unit":"em","size":"0.96","sizes":[]},"content_typography_font_weight":"400","content_typography_line_height":{"unit":"em","size":"1.9","sizes":[]},"content_padding":{"unit":"em","top":"0","right":"3.6","bottom":"1.8","left":"03.6","isLinked":""},"_margin":{"unit":"px","top":"6","right":"0","bottom":"6","left":"0","isLinked":""},"_padding":{"unit":"em","top":"0.3","right":"0.3","bottom":"0.3","left":"0.3","isLinked":"1"},"_background_background":"classic","_background_color":"#ffffff","_border_border":"solid","_border_width":{"unit":"px","top":"1","right":"1","bottom":"1","left":"1","isLinked":"1"},"_border_color":"#ffffff","_border_radius":{"unit":"px","top":"2","right":"2","bottom":"2","left":"2","isLinked":"1"}},"elements":[],"isInner":false,"widgetType":"toggle","elType":"widget"},{"id":"46532010","settings":{"editor":"<p>Still have questions?<\/p>","align":"center","text_color":"#b0b0ba","typography_typography":"custom","typography_font_family":"Lora","typography_font_size":{"unit":"em","size":"0.9","sizes":[]},"typography_font_weight":"400","typography_line_height":{"unit":"em","size":"1","sizes":[]},"typography_font_style":"italic","_padding":{"unit":"em","top":"2","right":"0","bottom":"0","left":"0","isLinked":""}},"elements":[],"isInner":false,"widgetType":"text-editor","elType":"widget"},{"id":"7cf127aa","settings":{"text":"Get In Touch","align":"center","typography_typography":"custom","typography_font_family":"Karla","typography_font_size":{"unit":"em","size":"0.83","sizes":[]},"typography_font_weight":"600","typography_text_transform":"uppercase","typography_line_height":{"unit":"em","size":"2.2","sizes":[]},"typography_letter_spacing":{"unit":"px","size":"1.6","sizes":[]},"button_text_color":"#ffffff","background_color":"#d2b29b","hover_color":"#ffffff","button_background_hover_color":"#222428","hover_animation":"grow","icon_indent":{"unit":"px","size":"8","sizes":[]},"border_radius":{"unit":"px","top":"0","right":"0","bottom":"0","left":"0","isLinked":"1"},"text_padding":{"unit":"em","top":"1","right":"3.5","bottom":"1","left":"3.5","isLinked":""},"_padding":{"unit":"em","top":"0.8","right":"0","bottom":"0","left":"0","isLinked":""},"_background_color":"#000000"},"elements":[],"isInner":false,"widgetType":"button","elType":"widget"}],"isInner":"","elType":"column"}],"isInner":"","elType":"section"}]}