{"version":"0.4","title":"Dance School > About Us","type":"page","content":[{"id":"61316844","settings":{"background_background":"classic","background_image":{"id":"8296","url":"http:\/\/sitefacilitado.com.br\/membros\/wp-content\/uploads\/2020\/03\/dance-430554_1920.jpg"},"background_position":"center center","background_repeat":"no-repeat","background_size":"cover","background_overlay_background":"classic","background_overlay_color":"#222428","background_overlay_opacity":{"unit":"px","size":"0.86"},"padding":{"unit":"em","top":"8.5","right":"0","bottom":"10.5","left":"0","isLinked":""},"shape_divider_bottom":"curve","shape_divider_bottom_color":"#ffffff","shape_divider_bottom_width":{"unit":"%","size":"123","sizes":[]},"shape_divider_bottom_height":{"unit":"px","size":"88","sizes":[]},"shape_divider_bottom_width_mobile":{"unit":"%","size":"111","sizes":[]},"shape_divider_bottom_height_mobile":{"unit":"px","size":"22","sizes":[]},"padding_mobile":{"unit":"em","top":"4","right":"0","bottom":"4","left":"0","isLinked":""}},"elements":[{"id":"7e39336c","settings":{"_column_size":"100","space_between_widgets":"26","background_color":"#f9f9f9","padding":{"unit":"px","top":"0","right":"0","bottom":"0","left":"0","isLinked":""}},"elements":[{"id":"63cd7bdd","settings":{"content_width":{"unit":"px","size":"767"}},"elements":[{"id":"2b5de848","settings":{"_column_size":"100","_inline_size":"","space_between_widgets":"0"},"elements":[{"id":"6f46b532","settings":{"title":"Little Bit About Us","align":"center","title_color":"#d2b29b","typography_typography":"custom","typography_font_family":"Karla","typography_font_size":{"unit":"px","size":"15"},"typography_font_weight":"600","typography_text_transform":"uppercase","typography_line_height":{"unit":"em","size":"1.4"},"typography_letter_spacing":{"unit":"px","size":"1.6"},"_padding":{"unit":"em","top":"0.4","right":"0","bottom":"1","left":"0","isLinked":""},"header_size":"h3","align_mobile":"center"},"elements":[],"isInner":false,"widgetType":"heading","elType":"widget"},{"id":"5d61937a","settings":{"title":"Who We Are","align":"center","title_color":"#ffffff","typography_typography":"custom","typography_font_family":"Karla","typography_font_size":{"unit":"em","size":"5.8"},"typography_font_weight":"700","typography_line_height":{"unit":"em","size":"1.15"},"typography_letter_spacing":{"unit":"px","size":"-5"},"_padding":{"unit":"em","top":"0","right":"0","bottom":"0","left":"0","isLinked":""},"header_size":"h1","typography_font_size_mobile":{"unit":"em","size":"3.5"},"typography_letter_spacing_mobile":{"unit":"px","size":"-4","sizes":[]}},"elements":[],"isInner":false,"widgetType":"heading","elType":"widget"},{"id":"637a9ce","settings":{"editor":"<p>Sem laoreet id donec ultrices tincidunt arcu vitae congue eu conseq arcu non odio id lacinia at qui vulputate ac torto vitae faucibus.<\/p>","align":"center","text_color":"#c4c4ce","typography_typography":"custom","typography_font_family":"Lora","typography_font_size":{"unit":"em","size":"1.04","sizes":[]},"typography_font_weight":"400","typography_line_height":{"unit":"em","size":"2","sizes":[]},"_padding":{"unit":"em","top":"0","right":"0","bottom":"0","left":"0","isLinked":""},"_padding_mobile":{"unit":"px","top":"0","right":"0","bottom":"0","left":"0","isLinked":"1"},"align_mobile":"center","typography_font_size_tablet":{"unit":"em","size":"0.96","sizes":[]},"typography_font_size_mobile":{"unit":"em","size":"0.9","sizes":[]},"typography_line_height_tablet":{"unit":"em","size":"1.6","sizes":[]},"typography_line_height_mobile":{"unit":"em","size":"1.5","sizes":[]},"_margin_mobile":{"unit":"px","top":"0","right":"0","bottom":"0","left":"0","isLinked":""},"_padding_tablet":{"unit":"em","top":"0","right":"0","bottom":"0","left":"0","isLinked":"1"}},"elements":[],"isInner":false,"widgetType":"text-editor","elType":"widget"}],"isInner":"1","elType":"column"}],"isInner":"1","elType":"section"}],"isInner":"","elType":"column"}],"isInner":"","elType":"section"},{"id":"37edf5c1","settings":{"structure":"30","padding_mobile":{"unit":"em","top":"2","right":"0","bottom":"0","left":"0","isLinked":""}},"elements":[{"id":"29453524","settings":{"_column_size":"33","_inline_size":"34.298","content_position":"center","space_between_widgets":"0","padding":{"unit":"em","top":"1","right":"2","bottom":"1","left":"1","isLinked":""}},"elements":[{"id":"44c3d489","settings":{"title":"What we do","header_size":"h3","align":"left","title_color":"#b0b0ba","typography_typography":"custom","typography_font_family":"Karla","typography_font_size":{"unit":"em","size":"0.94","sizes":[]},"typography_font_weight":"600","typography_text_transform":"uppercase","typography_letter_spacing":{"unit":"px","size":"0.6","sizes":[]},"_margin":{"unit":"px","top":"0","right":"0","bottom":"0","left":"0","isLinked":""},"_padding":{"unit":"em","top":"0","right":"0","bottom":"0","left":"0","isLinked":""},"align_mobile":"center"},"elements":[],"isInner":false,"widgetType":"heading","elType":"widget"},{"id":"1055ff9a","settings":{"title":"We offer hundreds of creative and arts courses.","align":"left","title_color":"#222428","typography_typography":"custom","typography_font_family":"Karla","typography_font_size":{"unit":"em","size":"2.5","sizes":[]},"typography_font_weight":"700","typography_letter_spacing":{"unit":"px","size":"-2","sizes":[]},"_padding":{"unit":"em","top":"1.8","right":"0","bottom":"0.5","left":"0","isLinked":""},"typography_font_size_tablet":{"unit":"em","size":"1.9","sizes":[]},"typography_line_height":{"unit":"em","size":"1.2","sizes":[]},"align_mobile":"center"},"elements":[],"isInner":false,"widgetType":"heading","elType":"widget"},{"id":"580c214e","settings":{"editor":"<p>Ultrices mi tempus imperdiet nulla malesuada pellentesque elit eget gravida. Viverra suspendisse potenti nullam.<\/p>","text_color":"#808291","typography_typography":"custom","typography_font_family":"Lora","typography_font_size":{"unit":"em","size":"1","sizes":[]},"typography_font_weight":"400","typography_line_height":{"unit":"em","size":"1.8","sizes":[]},"align":"left","_padding":{"unit":"em","top":"0","right":"0","bottom":"0","left":"0","isLinked":""},"align_mobile":"center"},"elements":[],"isInner":false,"widgetType":"text-editor","elType":"widget"}],"isInner":"","elType":"column"},{"id":"8807750","settings":{"_column_size":"33","_inline_size":"32.366"},"elements":[{"id":"71f94c38","settings":{"image":{"url":"http:\/\/sitefacilitado.com.br\/membros\/wp-content\/uploads\/2020\/03\/dancer-tossing-hair-e1558338363784.jpg","id":"8267"},"image_size":"custom","image_custom_dimension":{"width":"300","height":"400"}},"elements":[],"isInner":false,"widgetType":"image","elType":"widget"}],"isInner":"","elType":"column"},{"id":"23a12706","settings":{"_column_size":"33","_inline_size":""},"elements":[{"id":"22d9cbe0","settings":{"image":{"url":"http:\/\/sitefacilitado.com.br\/membros\/wp-content\/uploads\/2020\/03\/dancers-in-heels-e1558339398587.jpg","id":"8282"},"image_size":"custom","image_custom_dimension":{"width":"300","height":"400"},"_padding":{"unit":"em","top":"02.6","right":"0","bottom":"0","left":"0","isLinked":""}},"elements":[],"isInner":false,"widgetType":"image","elType":"widget"}],"isInner":"","elType":"column"}],"isInner":"","elType":"section"},{"id":"43cec8e4","settings":{"background_background":"classic","background_color":"#ffffff","shape_divider_top_color":"#ffffff","shape_divider_top_width":{"unit":"%","size":"200","sizes":[]},"shape_divider_top_height":{"unit":"px","size":"360","sizes":[]},"padding":{"unit":"em","top":"1","right":"0","bottom":"4","left":"0","isLinked":""},"shape_divider_top":"curve","shape_divider_top_negative":"yes"},"elements":[{"id":"60e4f848","settings":{"_column_size":"100","_inline_size_tablet":"100"},"elements":[{"id":"32aa9ca","settings":{"structure":"50","padding":{"unit":"em","top":"0","right":"0","bottom":"0","left":"0","isLinked":""},"layout":"full_width"},"elements":[{"id":"15dd22c2","settings":{"_column_size":"20","_inline_size":"26.964","space_between_widgets":"12","padding":{"unit":"em","top":"1","right":"2","bottom":"1","left":"1","isLinked":""},"_inline_size_tablet":"100"},"elements":[{"id":"3ba2f6cb","settings":{"title":"Inspiring Venus","header_size":"h3","title_color":"#d2b29b","typography_typography":"custom","typography_font_family":"Karla","typography_font_size":{"unit":"em","size":"1.5","sizes":[]},"typography_font_size_tablet":{"unit":"em","size":"1.5","sizes":[]},"typography_font_weight":"700","typography_line_height":{"unit":"em","size":"1.3","sizes":[]},"typography_letter_spacing":{"unit":"px","size":"-1","sizes":[]},"_margin":{"unit":"px","top":"0","right":"0","bottom":"0","left":"0","isLinked":""},"_padding":{"unit":"em","top":"0","right":"0","bottom":"0","left":"0","isLinked":"1"},"align":"center"},"elements":[],"isInner":false,"widgetType":"heading","elType":"widget"},{"id":"46ae07f","settings":{"editor":"<p>Ultrices mi tempus imperdiet malesuada pellent esque. Duis aute irure dolor in reprehenderit in voluptate velit.<\/p>","text_color":"#808291","typography_typography":"custom","typography_font_family":"Lora","typography_font_size":{"unit":"em","size":"1","sizes":[]},"typography_font_weight":"400","typography_line_height":{"unit":"em","size":"1.8","sizes":[]},"align":"center","_padding":{"unit":"em","top":"0","right":"0","bottom":"0","left":"0","isLinked":""}},"elements":[],"isInner":false,"widgetType":"text-editor","elType":"widget"}],"isInner":"1","elType":"column"},{"id":"46b937a2","settings":{"_column_size":"20","_inline_size":"9.018","_inline_size_tablet":"100"},"elements":[],"isInner":"1","elType":"column"},{"id":"2dc8e3f6","settings":{"_column_size":"20","_inline_size":"27.589","space_between_widgets":"12","padding":{"unit":"em","top":"1","right":"2","bottom":"1","left":"1","isLinked":""},"_inline_size_tablet":"100"},"elements":[{"id":"1e1af77","settings":{"title":"Professional Tutors","header_size":"h3","align":"center","title_color":"#d2b29b","typography_typography":"custom","typography_font_family":"Karla","typography_font_size":{"unit":"em","size":"1.5","sizes":[]},"typography_font_size_tablet":{"unit":"em","size":"1.5","sizes":[]},"typography_font_weight":"700","typography_line_height":{"unit":"em","size":"1.3","sizes":[]},"typography_letter_spacing":{"unit":"px","size":"-1","sizes":[]},"_margin":{"unit":"px","top":"0","right":"0","bottom":"0","left":"0","isLinked":""},"_padding":{"unit":"em","top":"0","right":"0","bottom":"0","left":"0","isLinked":"1"}},"elements":[],"isInner":false,"widgetType":"heading","elType":"widget"},{"id":"69e4aa5d","settings":{"editor":"<p>Aliquet eget sit amet tellus cras adipiscing enim eu. Excepteur sint occaecat cupidatat nonut.<\/p>","text_color":"#808291","typography_typography":"custom","typography_font_family":"Lora","typography_font_size":{"unit":"em","size":"1","sizes":[]},"typography_font_weight":"400","typography_line_height":{"unit":"em","size":"1.8","sizes":[]},"align":"center","_padding":{"unit":"em","top":"0","right":"0","bottom":"0","left":"0","isLinked":""}},"elements":[],"isInner":false,"widgetType":"text-editor","elType":"widget"},{"id":"5e4d2557","settings":{"text":"Our Instructors \u2014","align":"center","typography_typography":"custom","typography_font_family":"Karla","typography_font_size":{"unit":"em","size":"0.84","sizes":[]},"typography_font_weight":"600","typography_text_transform":"uppercase","typography_line_height":{"unit":"em","size":"0","sizes":[]},"typography_letter_spacing":{"unit":"px","size":"1.6","sizes":[]},"button_text_color":"#d2b29b","background_color":"rgba(0,0,0,0)","hover_color":"#222428","button_background_hover_color":"rgba(0,0,0,0)","hover_animation":"grow","_margin":{"unit":"px","top":"-5","right":"0","bottom":"0","left":"0","isLinked":""},"typography_line_height_tablet":{"unit":"em","size":"1.2","sizes":[]}},"elements":[],"isInner":false,"widgetType":"button","elType":"widget"}],"isInner":"1","elType":"column"},{"id":"1a56414a","settings":{"_column_size":"20","_inline_size":"9.018","_inline_size_tablet":"100"},"elements":[],"isInner":"1","elType":"column"},{"id":"1c697e91","settings":{"_column_size":"20","_inline_size":"27.411","space_between_widgets":"1","padding":{"unit":"em","top":"1","right":"2","bottom":"1","left":"1","isLinked":""},"_inline_size_tablet":"100"},"elements":[{"id":"172dee67","settings":{"title":"Fit Your Schedule","header_size":"h3","align":"center","title_color":"#d2b29b","typography_typography":"custom","typography_font_family":"Karla","typography_font_size":{"unit":"em","size":"1.5","sizes":[]},"typography_font_size_tablet":{"unit":"em","size":"1.5","sizes":[]},"typography_font_weight":"700","typography_line_height":{"unit":"em","size":"1.3","sizes":[]},"typography_letter_spacing":{"unit":"px","size":"-1","sizes":[]},"_margin":{"unit":"px","top":"0","right":"0","bottom":"0","left":"0","isLinked":""},"_padding":{"unit":"em","top":"0","right":"0","bottom":"0","left":"0","isLinked":"1"}},"elements":[],"isInner":false,"widgetType":"heading","elType":"widget"},{"id":"434d5f17","settings":{"editor":"<p>Congue nisi vitae suscipit tellus esse a inrdum posuere.\u00a0<span style=\"font-size: 1em;\">Deserunt mollit anim id est abrum consectetur adipiscing elit.<\/span><\/p>","text_color":"#808291","typography_typography":"custom","typography_font_family":"Lora","typography_font_size":{"unit":"em","size":"1","sizes":[]},"typography_font_weight":"400","typography_line_height":{"unit":"em","size":"1.8","sizes":[]},"align":"center","_padding":{"unit":"em","top":"0","right":"0","bottom":"0","left":"0","isLinked":""}},"elements":[],"isInner":false,"widgetType":"text-editor","elType":"widget"}],"isInner":"1","elType":"column"}],"isInner":"1","elType":"section"}],"isInner":"","elType":"column"}],"isInner":"","elType":"section"},{"id":"c26b2b7","settings":{"background_color":"#ffffff","shape_divider_top_color":"#f4f6f7","shape_divider_top_width":{"unit":"%","size":"107","sizes":[]},"shape_divider_top_height":{"unit":"px","size":"134","sizes":[]},"padding":{"unit":"em","top":"3","right":"0","bottom":"6","left":"0","isLinked":""},"gap":"no","background_background":"classic"},"elements":[{"id":"7ee83e1c","settings":{"_column_size":"100","_inline_size":""},"elements":[{"id":"10d75c07","settings":{"content_width":{"unit":"px","size":"1250","sizes":[]},"gap":"no","height_inner":"min-height","custom_height_inner":{"unit":"px","size":"530","sizes":[]},"background_image":{"url":"http:\/\/sitefacilitado.com.br\/membros\/wp-content\/uploads\/2020\/03\/dancer-tossing-hair-e1558338363784.jpg","id":"8267"},"background_position":"center center","background_repeat":"no-repeat","background_size":"cover"},"elements":[{"id":"79fbb124","settings":{"_column_size":"100","_inline_size":""},"elements":[{"id":"7e5b8ad3","settings":{"carousel":[{"id":"8267","url":"http:\/\/sitefacilitado.com.br\/membros\/wp-content\/uploads\/2020\/03\/dancer-tossing-hair-e1558338363784.jpg"},{"id":"8274","url":"http:\/\/sitefacilitado.com.br\/membros\/wp-content\/uploads\/2020\/03\/dancer-smiling-e1558338388886-scaled.jpg"},{"id":"8282","url":"http:\/\/sitefacilitado.com.br\/membros\/wp-content\/uploads\/2020\/03\/dancers-in-heels-e1558339398587.jpg"},{"id":"8270","url":"http:\/\/sitefacilitado.com.br\/membros\/wp-content\/uploads\/2020\/03\/dance-studio-dance-rehearsal-e1558339581568.jpg"},{"id":"8269","url":"http:\/\/sitefacilitado.com.br\/membros\/wp-content\/uploads\/2020\/03\/dance-rehearsal-pose-e1558339602801.jpg"},{"id":"8288","url":"http:\/\/sitefacilitado.com.br\/membros\/wp-content\/uploads\/2020\/03\/dance-studio-practice-e1558339536910.jpg"}],"thumbnail_size":"custom","thumbnail_custom_dimension":{"width":"400","height":"550"},"slides_to_show":"3","link_to":"file","open_lightbox":"yes","arrows_size":{"unit":"px","size":"25","sizes":[]},"arrows_color":"#ffffff","dots_position":"inside","dots_size":{"unit":"px","size":"7","sizes":[]},"dots_color":"#ffffff","image_spacing":"custom","image_spacing_custom":{"unit":"px","size":"30","sizes":[]}},"elements":[],"isInner":false,"widgetType":"image-carousel","elType":"widget"},{"id":"997ca7a","settings":{"text":"See Full Gallery","align":"center","icon_align":"right","icon_indent":{"unit":"px","size":"8","sizes":[]},"typography_typography":"custom","typography_font_family":"Karla","typography_font_size":{"unit":"em","size":"0.83","sizes":[]},"typography_font_weight":"600","typography_text_transform":"uppercase","typography_line_height":{"unit":"em","size":"2.2","sizes":[]},"typography_letter_spacing":{"unit":"px","size":"1.6","sizes":[]},"button_text_color":"#ffffff","background_color":"#d2b29b","hover_color":"#ffffff","button_background_hover_color":"#222428","hover_animation":"grow","border_radius":{"unit":"px","top":"0","right":"0","bottom":"0","left":"0","isLinked":"1"},"text_padding":{"unit":"em","top":"1","right":"4","bottom":"1","left":"4","isLinked":""},"_background_color":"#000000","_padding":{"unit":"%","top":"4","right":"0","bottom":"0","left":"0","isLinked":""}},"elements":[],"isInner":false,"widgetType":"button","elType":"widget"}],"isInner":"1","elType":"column"}],"isInner":"1","elType":"section"}],"isInner":"","elType":"column"}],"isInner":"","elType":"section"},{"id":"183fd24b","settings":{"background_color":"#f4f6f7","shape_divider_top_color":"#f4f6f7","shape_divider_top_width":{"unit":"%","size":"107","sizes":[]},"shape_divider_top_height":{"unit":"px","size":"134","sizes":[]},"padding":{"unit":"em","top":"4","right":"0","bottom":"4","left":"0","isLinked":""},"layout":"full_width","gap":"no","background_background":"classic"},"elements":[{"id":"6c1c9619","settings":{"_column_size":"100","_inline_size":""},"elements":[{"id":"1d702add","settings":{"padding":{"unit":"em","top":"0","right":"0","bottom":"0","left":"0","isLinked":""}},"elements":[{"id":"70e81367","settings":{"_column_size":"100","_inline_size":""},"elements":[{"id":"4dd0fef8","settings":{"title":"Testimonials","align":"center","title_color":"#bcbcbc","typography_typography":"custom","typography_font_family":"Karla","typography_font_size":{"unit":"px","size":"15"},"typography_font_weight":"600","typography_text_transform":"uppercase","typography_line_height":{"unit":"em","size":"1.4"},"typography_letter_spacing":{"unit":"px","size":"1.6"},"_padding":{"unit":"em","top":"0","right":"0","bottom":"0","left":"0","isLinked":""},"header_size":"h3","align_mobile":"center"},"elements":[],"isInner":false,"widgetType":"heading","elType":"widget"},{"id":"22871506","settings":{"title":"What They Say","align":"center","title_color":"#222428","typography_typography":"custom","typography_font_family":"Karla","typography_font_size":{"unit":"em","size":"2.6","sizes":[]},"typography_font_weight":"700","typography_letter_spacing":{"unit":"px","size":"-2","sizes":[]},"_padding":{"unit":"em","top":"0","right":"0","bottom":"0.5","left":"0","isLinked":""}},"elements":[],"isInner":false,"widgetType":"heading","elType":"widget"}],"isInner":"1","elType":"column"}],"isInner":"1","elType":"section"},{"id":"3ecda5a0","settings":{"content_width":{"unit":"px","size":"1250","sizes":[]}},"elements":[{"id":"3b35c2d1","settings":{"_column_size":"100","_inline_size":""},"elements":[{"id":"44762e84","settings":{"slides":[{"content":"\"Duis aute irure dolor in reprehenderit in voluptate velit esse cillum dolore eu fugiat nulla pariatur. Excepteur sint occaecat cupidatat non proident, sunt ilaborum.\"","name":"Jannet Walla","title":"Hair Stylist","image":{"url":"http:\/\/sitefacilitado.com.br\/membros\/wp-content\/uploads\/2020\/03\/photo-1489424731084-a5d8b219a5bb-e1558340838159.jpeg","id":"8272"},"_id":"93e2790"},{"content":"\"Sed ut perspiciatis unde omnis iste natus error sit amet voluptatem accusantium doloremque laudtium. Totam rem aperiam, eaque duis aute irure.\"","name":"Lynell Prowell","title":"Marketing Director","image":{"url":"http:\/\/sitefacilitado.com.br\/membros\/wp-content\/uploads\/2020\/03\/photo-1551377293-bf667b4b79a6-1-e1558340820646.jpeg","id":"8273"},"_id":"8e1a169"},{"content":"\"Duis aute irure dolor in reprehenderit in voluptate velit esse cillum dolore eu fugiat nulla pariatur. Excepteur sint occaecat cupidatat non proident, sunt ilaborum.\"","name":"Shanae Pooler","title":"Support Specialist","image":{"url":"http:\/\/sitefacilitado.com.br\/membros\/wp-content\/uploads\/2020\/03\/photo-1494790108377-be9c29b29330-e1558340801209.jpeg","id":"8281"},"_id":"0d3f0a2"}],"skin":"bubble","slides_per_view":"3","content_color":"#808291","content_typography_typography":"custom","content_typography_font_family":"Lora","content_typography_font_size":{"unit":"em","size":"1","sizes":[]},"content_typography_font_weight":"400","content_typography_font_style":"italic","content_typography_line_height":{"unit":"em","size":"1.8","sizes":[]},"content_typography_letter_spacing":{"unit":"px","size":"0","sizes":[]},"name_color":"#000000","name_typography_typography":"custom","name_typography_font_family":"Karla","name_typography_font_size":{"unit":"em","size":"1.1","sizes":[]},"name_typography_font_weight":"600","name_typography_line_height":{"unit":"em","size":"2","sizes":[]},"name_typography_letter_spacing":{"unit":"px","size":"-0.8","sizes":[]},"title_color":"#808291","title_typography_typography":"custom","title_typography_font_family":"Lora","title_typography_font_size":{"unit":"em","size":"1","sizes":[]},"title_typography_font_weight":"400","title_typography_font_style":"italic","image_size":{"unit":"px","size":"67","sizes":[]},"image_border_color":"","image_border_width":{"unit":"px","top":"","right":"","bottom":"","left":"","isLinked":"1"},"image_border_width_tablet":{"unit":"px","top":"","right":"","bottom":"","left":"","isLinked":"1"},"image_border_width_mobile":{"unit":"px","top":"","right":"","bottom":"","left":"","isLinked":"1"},"image_border_radius":{"unit":"px","top":"","right":"","bottom":"","left":"","isLinked":"1"},"arrows_size":{"unit":"px","size":"15","sizes":[]},"arrows_color":"#ffffff","pagination_color":"#222428","background_color":"#ffffff","text_padding":{"unit":"em","top":"2.1","right":"2.5","bottom":"2.2","left":"2.5","isLinked":""},"border":"yes","border_color":"#ffffff","border_width":{"unit":"px","size":"1","sizes":[]},"show_arrows":"","space_between":{"unit":"px","size":"0","sizes":[]},"slide_border_radius":{"unit":"px","size":"4","sizes":[]},"content_gap":{"unit":"px","size":"26","sizes":[]},"image_gap":{"unit":"px","size":"20","sizes":[]},"slide_border_color":"rgba(255,255,255,0)","slide_background_color":"rgba(255,255,255,0)"},"elements":[],"isInner":false,"widgetType":"testimonial-carousel","elType":"widget"}],"isInner":"1","elType":"column"}],"isInner":"1","elType":"section"}],"isInner":"","elType":"column"}],"isInner":"","elType":"section"},{"id":"6f2db419","settings":{"background_background":"classic","background_color":"#1b1d26","background_overlay_gradient_angle":{"unit":"deg","size":"140","sizes":[]},"background_overlay_opacity":{"unit":"px","size":"1","sizes":[]},"shape_divider_top_color":"#f4f6f7","shape_divider_top_width":{"unit":"%","size":"178","sizes":[]},"shape_divider_top_height":{"unit":"px","size":"421","sizes":[]},"shape_divider_bottom_color":"#1d1b26","padding":{"unit":"em","top":"7","right":"0","bottom":"5","left":"0","isLinked":""},"background_image":{"url":"http:\/\/sitefacilitado.com.br\/membros\/wp-content\/uploads\/2020\/03\/dance-studio-practice-e1558339536910.jpg","id":"8288"},"background_position":"center center","background_repeat":"no-repeat","background_size":"cover","background_overlay_background":"gradient","background_overlay_color":"#1b1d26","background_overlay_color_b":"rgba(29,27,38,0.47)","shape_divider_bottom_width":{"unit":"%","size":"300","sizes":[]},"shape_divider_bottom_height":{"unit":"px","size":"123","sizes":[]},"shape_divider_top_negative":"yes","structure":"20","padding_tablet":{"unit":"em","top":"6","right":"2","bottom":"6","left":"2","isLinked":""}},"elements":[{"id":"7e4e86ee","settings":{"_column_size":"50","space_between_widgets":"0","_inline_size":"38.158"},"elements":[{"id":"159b0398","settings":{"title":"Latest Performance","align":"left","title_color":"#d2b29b","typography_typography":"custom","typography_font_family":"Karla","typography_font_size":{"unit":"em","size":"0.94","sizes":[]},"typography_font_weight":"600","typography_text_transform":"uppercase","typography_letter_spacing":{"unit":"px","size":"0.6","sizes":[]},"_padding":{"unit":"em","top":"0","right":"0","bottom":"0","left":"0","isLinked":""},"header_size":"h3","_margin":{"unit":"px","top":"0","right":"0","bottom":"0","left":"0","isLinked":""},"align_mobile":"center"},"elements":[],"isInner":false,"widgetType":"heading","elType":"widget"},{"id":"1f0787dd","settings":{"title":"Extensive range of styles for  any level of experience","align":"left","title_color":"#ffffff","typography_typography":"custom","typography_font_family":"Karla","typography_font_size":{"unit":"em","size":"3","sizes":[]},"typography_font_weight":"700","typography_letter_spacing":{"unit":"px","size":"-2","sizes":[]},"_padding":{"unit":"em","top":"1.8","right":"0","bottom":"0.5","left":"0","isLinked":""},"typography_font_size_tablet":{"unit":"em","size":"2.4","sizes":[]},"typography_line_height":{"unit":"em","size":"1.2","sizes":[]},"align_mobile":"center"},"elements":[],"isInner":false,"widgetType":"heading","elType":"widget"},{"id":"78b6b506","settings":{"editor":"<p>Ultrices mi tempus imperdiet nulla malesuada pellentesque elit eget gravida. Viverra suspendisse potenti nullam.<\/p>","text_color":"#cbcbd6","typography_typography":"custom","typography_font_family":"Lora","typography_font_size":{"unit":"em","size":"1","sizes":[]},"typography_font_weight":"400","typography_line_height":{"unit":"em","size":"1.8","sizes":[]},"align":"left","_padding":{"unit":"em","top":"0","right":"0","bottom":"0","left":"0","isLinked":""},"align_mobile":"center"},"elements":[],"isInner":false,"widgetType":"text-editor","elType":"widget"}],"isInner":"","elType":"column"},{"id":"5cdecdab","settings":{"_column_size":"50","_inline_size":"61.842","content_position":"center"},"elements":[{"id":"5c3b2515","settings":{"structure":"30","padding":{"unit":"em","top":"0","right":"0","bottom":"1","left":"0","isLinked":""}},"elements":[{"id":"689708d8","settings":{"_column_size":"33","_inline_size":"45.693","_inline_size_tablet":"18","_inline_size_mobile":"26"},"elements":[],"isInner":"1","elType":"column"},{"id":"684ddb23","settings":{"_column_size":"33","_inline_size":"17.08","_inline_size_tablet":"31","_inline_size_mobile":"47"},"elements":[{"id":"1620e1cd","settings":{"youtube_url":"https:\/\/www.youtube.com\/watch?v=Wf0eVWVevns","vimeo_url":"https:\/\/vimeo.com\/235215203","dailymotion_url":"https:\/\/www.dailymotion.com\/video\/x6tqhqb","modestbranding":"yes","show_image_overlay":"yes","image_overlay":{"url":"http:\/\/sitefacilitado.com.br\/membros\/wp-content\/uploads\/2020\/03\/playbtn-custom-2.png","id":"8268"},"lazy_load":"yes","show_play_icon":"","lightbox":"yes","_css_classes":"envato-kit-168-button-ripple"},"elements":[],"isInner":false,"widgetType":"video","elType":"widget"}],"isInner":"1","elType":"column"},{"id":"723e43bf","settings":{"_column_size":"33","_inline_size":"37.223","content_position":"center","_inline_size_tablet":"51","_inline_size_mobile":"100"},"elements":[{"id":"3be4e58b","settings":{"title":"Discover the dance","align":"left","title_color":"#babac4","typography_typography":"custom","typography_font_family":"Karla","typography_font_size":{"unit":"em","size":"0.94","sizes":[]},"typography_font_weight":"600","typography_text_transform":"uppercase","typography_letter_spacing":{"unit":"px","size":"0.6","sizes":[]},"_padding":{"unit":"em","top":"0","right":"0","bottom":"0","left":"0","isLinked":""},"header_size":"h3","_margin":{"unit":"px","top":"0","right":"0","bottom":"0","left":"0","isLinked":""},"align_mobile":"center"},"elements":[],"isInner":false,"widgetType":"heading","elType":"widget"}],"isInner":"1","elType":"column"}],"isInner":"1","elType":"section"}],"isInner":"","elType":"column"}],"isInner":"","elType":"section"}]}