{"version":"0.4","title":"Dance School > Events","type":"page","content":[{"id":"334d5586","settings":{"content_width":{"unit":"px","size":"601","sizes":[]},"height":"min-height","custom_height":{"unit":"px","size":"595","sizes":[]},"background_background":"video","background_color":"#1b1d26","background_position":"center center","background_repeat":"no-repeat","background_size":"cover","background_overlay_color":"#1b1d26","background_overlay_opacity":{"unit":"px","size":"0.93","sizes":[]},"shape_divider_bottom_width":{"unit":"%","size":"125","sizes":[]},"shape_divider_bottom_height":{"unit":"px","size":"90","sizes":[]},"shape_divider_bottom_flip":"yes","background_overlay_color_stop":{"unit":"%","size":"18","sizes":[]},"background_overlay_color_b_stop":{"unit":"%","size":"82","sizes":[]},"shape_divider_top_width":{"unit":"%","size":"201","sizes":[]},"shape_divider_top_height":{"unit":"px","size":"360","sizes":[]},"shape_divider_bottom_color":"#ffffff","background_overlay_color_b":"rgba(27,29,38,0.51)","shape_divider_top_color":"#ffffff","background_image":{"url":"https:\/\/wp.envatoextensions.com\/kit-168\/wp-content\/uploads\/sites\/164\/2019\/04\/photo-1511804630215-682f94fde271.jpeg","id":"112"},"background_overlay_background":"classic","shape_divider_top_negative":"yes","padding":{"unit":"em","top":"5","right":"0","bottom":"3","left":"0","isLinked":""},"background_video_link":"https:\/\/www.youtube.com\/watch?v=AQtqZk9s74Y","background_video_end":"16","background_video_fallback":{"url":"http:\/\/sitefacilitado.com.br\/membros\/wp-content\/uploads\/2020\/03\/photo-1502519144081-acca18599776-1.jpeg","id":"8301"},"shape_divider_bottom":"curve"},"elements":[{"id":"5aa53d55","settings":{"_column_size":"100","space_between_widgets":"0","padding":{"unit":"em","top":"4","right":"0","bottom":"0","left":"0","isLinked":""},"_inline_size":""},"elements":[{"id":"5909a32d","settings":{"structure":"30","padding":{"unit":"em","top":"0","right":"0","bottom":"2","left":"0","isLinked":""}},"elements":[{"id":"7480a8a7","settings":{"_column_size":"33","_inline_size":"40","_inline_size_mobile":"33"},"elements":[],"isInner":"1","elType":"column"},{"id":"64af0ac5","settings":{"_column_size":"33","_inline_size":"19.332","_inline_size_mobile":"33"},"elements":[{"id":"ecad63b","settings":{"youtube_url":"https:\/\/www.youtube.com\/watch?v=Wf0eVWVevns","vimeo_url":"https:\/\/vimeo.com\/235215203","dailymotion_url":"https:\/\/www.dailymotion.com\/video\/x6tqhqb","modestbranding":"yes","show_image_overlay":"yes","image_overlay":{"url":"http:\/\/sitefacilitado.com.br\/membros\/wp-content\/uploads\/2020\/03\/playbtn-custom-2.png","id":"8268"},"lazy_load":"yes","show_play_icon":"","lightbox":"yes","_css_classes":"envato-kit-168-button-ripple","_z_index":"1"},"elements":[],"isInner":false,"widgetType":"video","elType":"widget"}],"isInner":"1","elType":"column"},{"id":"e678204","settings":{"_column_size":"33","_inline_size":"40","_inline_size_mobile":"33"},"elements":[],"isInner":"1","elType":"column"}],"isInner":"1","elType":"section"},{"id":"9f0e3fb","settings":[],"elements":[{"id":"17927167","settings":{"_column_size":"100","_inline_size":"","space_between_widgets":"0"},"elements":[{"id":"16a0d776","settings":{"title":"INERTIA","align":"center","title_color":"rgba(255,255,255,0.03)","typography_typography":"custom","typography_font_family":"Karla","typography_font_size":{"unit":"em","size":"9.7","sizes":[]},"typography_font_weight":"700","typography_text_transform":"uppercase","typography_letter_spacing":{"unit":"px","size":"1","sizes":[]},"_padding":{"unit":"em","top":"0","right":"0","bottom":"0","left":"0","isLinked":""},"typography_font_size_mobile":{"unit":"em","size":"4.5","sizes":[]},"typography_line_height":{"unit":"em","size":"1.3","sizes":[]},"_offset_x":{"size":"-3","unit":"px"},"_offset_x_mobile":{"size":"22","unit":"px"},"_offset_y":{"size":"-197","unit":"px"},"_offset_y_mobile":{"size":"-61","unit":"px"},"_element_width":"initial","_position":"absolute","_z_index":"2"},"elements":[],"isInner":false,"widgetType":"heading","elType":"widget"},{"id":"19931fcc","settings":{"editor":"<p style=\"text-align: center;\">Sem laoreet id donec ultrices tincidunt arcu vitae congue eu conseq arcu non odio id lacinia at qui vulputate ac torto vitae faucibus.<\/p>","align":"center","text_color":"#a1a3af","typography_typography":"custom","typography_font_family":"Lora","typography_font_size":{"unit":"px","size":"17","sizes":[]},"typography_font_weight":"400","typography_line_height":{"unit":"em","size":"2","sizes":[]},"_padding":{"unit":"px","top":"0","right":"0","bottom":"0","left":"0","isLinked":"1"}},"elements":[],"isInner":false,"widgetType":"text-editor","elType":"widget"}],"isInner":"1","elType":"column"}],"isInner":"1","elType":"section"}],"isInner":"","elType":"column"}],"isInner":"","elType":"section"},{"id":"ab73764","settings":{"height":"min-height","custom_height":{"unit":"px","size":"","sizes":[]},"background_color":"#ffffff","background_position":"center center","background_repeat":"no-repeat","background_size":"cover","background_overlay_color":"#05050c","background_overlay_opacity":{"unit":"px","size":"0.92","sizes":[]},"shape_divider_bottom_width":{"unit":"%","size":"170","sizes":[]},"shape_divider_bottom_height":{"unit":"px","size":"500","sizes":[]},"shape_divider_bottom_flip":"yes","background_overlay_color_stop":{"unit":"%","size":"18","sizes":[]},"background_overlay_color_b_stop":{"unit":"%","size":"82","sizes":[]},"shape_divider_bottom_color":"#1b1d26","background_overlay_color_b":"rgba(5,5,12,0.39)","shape_divider_top_color":"#1b1d26","padding":{"unit":"em","top":"0","right":"0","bottom":"3","left":"0","isLinked":""},"padding_tablet":{"unit":"em","top":"4","right":"0","bottom":"1","left":"0","isLinked":""},"background_background":"classic","content_width":{"unit":"px","size":"800","sizes":[]}},"elements":[{"id":"1b324383","settings":{"_column_size":"100","space_between_widgets":"0","padding":{"unit":"em","top":"0","right":"0","bottom":"0","left":"0","isLinked":""},"_inline_size":"","padding_tablet":{"unit":"em","top":"1","right":"1","bottom":"1","left":"1","isLinked":"1"}},"elements":[{"id":"328df4c3","settings":{"title":"get excited","header_size":"h3","align":"center","title_color":"#d2b29b","typography_typography":"custom","typography_font_family":"Karla","typography_font_size":{"unit":"em","size":"0.94","sizes":[]},"typography_font_weight":"600","typography_text_transform":"uppercase","typography_letter_spacing":{"unit":"px","size":"0.6","sizes":[]},"_padding":{"unit":"em","top":"3.5","right":"0","bottom":"0","left":"2","isLinked":""},"_element_width":"inherit","align_mobile":"center","_padding_tablet":{"unit":"px","top":"0","right":"0","bottom":"0","left":"0","isLinked":"1"},"_padding_mobile":{"unit":"em","top":"1","right":"0","bottom":"0","left":"0","isLinked":""},"_element_width_mobile":"inherit","_element_vertical_align":"center"},"elements":[],"isInner":false,"widgetType":"heading","elType":"widget"},{"id":"a8c9108","settings":{"title":"Events","header_size":"h1","align":"center","title_color":"#222428","typography_typography":"custom","typography_font_family":"Karla","typography_font_size":{"unit":"em","size":"5.2","sizes":[]},"typography_font_weight":"700","typography_letter_spacing":{"unit":"px","size":"-8","sizes":[]},"_padding":{"unit":"em","top":"0","right":"0","bottom":"0","left":"0","isLinked":""},"typography_font_size_mobile":{"unit":"em","size":"5.8","sizes":[]},"_element_width":"inherit","align_mobile":"center","_element_width_mobile":"inherit","_element_vertical_align":"center"},"elements":[],"isInner":false,"widgetType":"heading","elType":"widget"},{"id":"5b2faedf","settings":{"editor":"<p>Sem laoreet id donec ultrices tincidunt arcu vitae congue eu conseq arcu non odio id lacinia at qui vulputate ac torto vitae faucibus.<\/p>","align":"center","text_color":"#a2a2ad","typography_typography":"custom","typography_font_family":"Lora","typography_font_size":{"unit":"em","size":"1.05","sizes":[]},"typography_font_weight":"400","typography_line_height":{"unit":"em","size":"2","sizes":[]},"align_mobile":"center"},"elements":[],"isInner":false,"widgetType":"text-editor","elType":"widget"}],"isInner":"","elType":"column"}],"isInner":"","elType":"section"},{"id":"46581e65","settings":{"padding":{"unit":"em","top":"0","right":"0","bottom":"6","left":"0","isLinked":""},"background_background":"classic","background_color":"#ffffff"},"elements":[{"id":"7604bbcc","settings":{"_column_size":"100"},"elements":[{"id":"176a152d","settings":{"structure":"20"},"elements":[{"id":"6fc2acc","settings":{"_column_size":"50","_inline_size":"","_inline_size_tablet":"100"},"elements":[{"id":"342aed1d","settings":{"layout":"left","layout_mobile":"above","bg_image":{"url":"http:\/\/sitefacilitado.com.br\/membros\/wp-content\/uploads\/2020\/03\/photo-1502519144081-acca18599776-1.jpeg","id":"8301"},"title":"Inertia","description":"Choreographed by Norma Jean<br>\nMay 29 \u2014 Hall of Fame Theater<br>\nDoors @ 7pm","button":"Buy Tickets","min-height":{"unit":"px","size":"200","sizes":[]},"vertical_position":"middle","padding":{"unit":"em","top":"3","right":"3","bottom":"3","left":"3","isLinked":"1"},"image_min_width":{"unit":"px","size":"200","sizes":[]},"image_min_width_tablet":{"unit":"%","size":"40","sizes":[]},"image_min_height":{"unit":"px","size":"200","sizes":[]},"title_typography_typography":"custom","title_typography_font_family":"Karla","title_typography_font_size":{"unit":"rem","size":"2.4","sizes":[]},"title_typography_font_weight":"900","title_typography_text_transform":"capitalize","title_typography_line_height":{"unit":"em","size":"1","sizes":[]},"title_typography_letter_spacing":{"unit":"px","size":"-2.3","sizes":[]},"description_typography_typography":"custom","description_typography_font_family":"Lora","description_typography_font_size":{"unit":"rem","size":"1","sizes":[]},"description_typography_font_style":"italic","description_typography_line_height_tablet":{"unit":"em","size":"1.8","sizes":[]},"content_bg_color":"#ffffff","title_color":"#000000","description_color":"#808291","button_size":"md","button_typography_typography":"custom","button_typography_font_family":"Karla","button_typography_font_size":{"unit":"rem","size":"0.9","sizes":[]},"button_typography_font_weight":"bold","button_typography_text_transform":"uppercase","button_typography_letter_spacing":{"unit":"px","size":"1.6","sizes":[]},"button_text_color":"#ffffff","button_background_color":"#d2b29b","button_hover_background_color":"#000000","button_border_width":{"unit":"px","size":"0","sizes":[]},"button_border_radius":{"unit":"px","size":"0","sizes":[]},"ribbon_bg_color":"#d2b29b","motion_fx_motion_fx_scrolling":"yes","motion_fx_translateY_effect":"yes","motion_fx_translateY_speed":{"unit":"px","size":"1","sizes":[]}},"elements":[],"isInner":false,"widgetType":"call-to-action","elType":"widget"}],"isInner":"","elType":"column"},{"id":"3eb3c3f","settings":{"_column_size":"50","_inline_size":"","_inline_size_tablet":"100"},"elements":[{"id":"18a52e4a","settings":{"layout":"left","layout_mobile":"above","bg_image":{"url":"http:\/\/sitefacilitado.com.br\/membros\/wp-content\/uploads\/2020\/03\/photo-1550524514-efb9046e0fec-e1558339829152-scaled.jpeg","id":"8315"},"title":"Westside Story","description":"Choreographed by Norma Jean<br>\nMay 29 \u2014 Hall of Fame Theater<br>\nDoors @ 7pm","button":"Buy Tickets","min-height":{"unit":"px","size":"200","sizes":[]},"vertical_position":"middle","padding":{"unit":"em","top":"3","right":"3","bottom":"3","left":"3","isLinked":"1"},"image_min_width":{"unit":"px","size":"200","sizes":[]},"image_min_width_tablet":{"unit":"%","size":"40","sizes":[]},"image_min_height":{"unit":"px","size":"200","sizes":[]},"title_typography_typography":"custom","title_typography_font_family":"Karla","title_typography_font_size":{"unit":"rem","size":"2.4","sizes":[]},"title_typography_font_weight":"900","title_typography_text_transform":"capitalize","title_typography_line_height":{"unit":"em","size":"1","sizes":[]},"title_typography_letter_spacing":{"unit":"px","size":"-2.3","sizes":[]},"description_typography_typography":"custom","description_typography_font_family":"Lora","description_typography_font_size":{"unit":"rem","size":"1","sizes":[]},"description_typography_font_style":"italic","description_typography_line_height_tablet":{"unit":"em","size":"1.8","sizes":[]},"content_bg_color":"#ffffff","title_color":"#000000","description_color":"#808291","button_size":"md","button_typography_typography":"custom","button_typography_font_family":"Karla","button_typography_font_size":{"unit":"rem","size":"0.9","sizes":[]},"button_typography_font_weight":"bold","button_typography_text_transform":"uppercase","button_typography_letter_spacing":{"unit":"px","size":"1.6","sizes":[]},"button_text_color":"#ffffff","button_background_color":"#d2b29b","button_hover_background_color":"#000000","button_border_width":{"unit":"px","size":"0","sizes":[]},"button_border_radius":{"unit":"px","size":"0","sizes":[]},"ribbon_bg_color":"#d2b29b","motion_fx_motion_fx_scrolling":"yes","motion_fx_translateY_effect":"yes","motion_fx_translateY_speed":{"unit":"px","size":"1","sizes":[]}},"elements":[],"isInner":false,"widgetType":"call-to-action","elType":"widget"}],"isInner":"","elType":"column"}],"isInner":"","elType":"section"},{"id":"4cc337e","settings":{"color":"rgba(210,178,155,0.28)","gap":{"unit":"px","size":"20","sizes":[]},"_padding":{"unit":"em","top":"1","right":"0","bottom":"0","left":"0","isLinked":""},"gap_tablet":{"unit":"px","size":"2","sizes":[]},"_padding_tablet":{"unit":"em","top":"1","right":"1","bottom":"1","left":"1","isLinked":"1"}},"elements":[],"isInner":false,"widgetType":"divider","elType":"widget"},{"id":"2147e80d","settings":{"structure":"20"},"elements":[{"id":"4824850d","settings":{"_column_size":"50","_inline_size":"","_inline_size_tablet":"100"},"elements":[{"id":"67552287","settings":{"layout":"left","layout_mobile":"above","bg_image":{"url":"http:\/\/sitefacilitado.com.br\/membros\/wp-content\/uploads\/2020\/03\/dance-430554_1920.jpg","id":"8296"},"title":"B-Group","description":"Top Korean Dance Ensemble<br>\nJuly 29 \u2014 Hall of Fame Theater<br>\nDoors @ 7pm","button":"Buy tickets","min-height":{"unit":"px","size":"200","sizes":[]},"vertical_position":"middle","padding":{"unit":"em","top":"3","right":"3","bottom":"3","left":"3","isLinked":"1"},"image_min_width":{"unit":"px","size":"200","sizes":[]},"image_min_width_tablet":{"unit":"%","size":"40","sizes":[]},"image_min_height":{"unit":"px","size":"200","sizes":[]},"title_typography_typography":"custom","title_typography_font_family":"Karla","title_typography_font_size":{"unit":"rem","size":"2.4","sizes":[]},"title_typography_font_weight":"900","title_typography_text_transform":"capitalize","title_typography_line_height":{"unit":"em","size":"1","sizes":[]},"title_typography_letter_spacing":{"unit":"px","size":"-2.3","sizes":[]},"description_typography_typography":"custom","description_typography_font_family":"Lora","description_typography_font_size":{"unit":"rem","size":"1","sizes":[]},"description_typography_font_style":"italic","description_typography_line_height_tablet":{"unit":"em","size":"1.8","sizes":[]},"content_bg_color":"#ffffff","title_color":"#000000","description_color":"#808291","button_size":"md","button_typography_typography":"custom","button_typography_font_family":"Karla","button_typography_font_size":{"unit":"rem","size":"0.9","sizes":[]},"button_typography_font_weight":"bold","button_typography_text_transform":"uppercase","button_typography_letter_spacing":{"unit":"px","size":"1.6","sizes":[]},"button_text_color":"#ffffff","button_background_color":"#d2b29b","button_hover_background_color":"#000000","button_border_width":{"unit":"px","size":"0","sizes":[]},"button_border_radius":{"unit":"px","size":"0","sizes":[]},"ribbon_bg_color":"#d2b29b","motion_fx_motion_fx_scrolling":"yes","motion_fx_translateY_effect":"yes","motion_fx_translateY_speed":{"unit":"px","size":"1","sizes":[]}},"elements":[],"isInner":false,"widgetType":"call-to-action","elType":"widget"}],"isInner":"","elType":"column"},{"id":"73e168b1","settings":{"_column_size":"50","_inline_size":"","_inline_size_tablet":"100"},"elements":[{"id":"200888a5","settings":{"layout":"left","layout_mobile":"above","bg_image":{"url":"http:\/\/sitefacilitado.com.br\/membros\/wp-content\/uploads\/2020\/03\/photo-1536294738309-2fc595e788fb-e1558339846867-scaled.jpeg","id":"8319"},"title":"Tam Jacobs","description":"Workshop<br>\nJune 9 \u2014 Hall of Fame Theater<br>\n12pm - 6pm","button":"RSVP","ribbon_title":"going fast","min-height":{"unit":"px","size":"200","sizes":[]},"vertical_position":"middle","padding":{"unit":"em","top":"3","right":"3","bottom":"3","left":"3","isLinked":"1"},"image_min_width":{"unit":"px","size":"200","sizes":[]},"image_min_width_tablet":{"unit":"%","size":"40","sizes":[]},"image_min_height":{"unit":"px","size":"200","sizes":[]},"title_typography_typography":"custom","title_typography_font_family":"Karla","title_typography_font_size":{"unit":"rem","size":"2.4","sizes":[]},"title_typography_font_weight":"900","title_typography_text_transform":"capitalize","title_typography_line_height":{"unit":"em","size":"1","sizes":[]},"title_typography_letter_spacing":{"unit":"px","size":"-2.3","sizes":[]},"description_typography_typography":"custom","description_typography_font_family":"Lora","description_typography_font_size":{"unit":"rem","size":"1","sizes":[]},"description_typography_font_style":"italic","description_typography_line_height_tablet":{"unit":"em","size":"1.8","sizes":[]},"content_bg_color":"#ffffff","title_color":"#000000","description_color":"#808291","button_size":"md","button_typography_typography":"custom","button_typography_font_family":"Karla","button_typography_font_size":{"unit":"rem","size":"0.9","sizes":[]},"button_typography_font_weight":"bold","button_typography_text_transform":"uppercase","button_typography_letter_spacing":{"unit":"px","size":"1.6","sizes":[]},"button_text_color":"#ffffff","button_background_color":"#d2b29b","button_hover_background_color":"#000000","button_border_width":{"unit":"px","size":"0","sizes":[]},"button_border_radius":{"unit":"px","size":"0","sizes":[]},"ribbon_bg_color":"#d2b29b","motion_fx_motion_fx_scrolling":"yes","motion_fx_translateY_effect":"yes","motion_fx_translateY_speed":{"unit":"px","size":"1","sizes":[]}},"elements":[],"isInner":false,"widgetType":"call-to-action","elType":"widget"}],"isInner":"","elType":"column"}],"isInner":"","elType":"section"}],"isInner":"","elType":"column"}],"isInner":"","elType":"section"},{"id":"13b624ed","settings":{"padding":{"unit":"em","top":"3","right":"0","bottom":"5","left":"0","isLinked":""},"background_background":"classic","background_color":"#ffffff","padding_tablet":{"unit":"em","top":"0","right":"0","bottom":"0","left":"0","isLinked":"1"}},"elements":[{"id":"41611d22","settings":{"_column_size":"100"},"elements":[{"id":"1e4ebe62","settings":{"gap":"wider","structure":"20","padding":{"unit":"em","top":"0","right":"0","bottom":"04","left":"0","isLinked":""}},"elements":[{"id":"2fd54d08","settings":{"_column_size":"50","_inline_size":"","padding":{"unit":"em","top":"1","right":"4","bottom":"0","left":"1","isLinked":""},"padding_mobile":{"unit":"em","top":"1","right":"1","bottom":"1","left":"1","isLinked":"1"}},"elements":[{"id":"43ce62d1","settings":{"title":"Schedule","header_size":"h3","align":"left","title_color":"#222428","typography_typography":"custom","typography_font_family":"Karla","typography_font_size":{"unit":"em","size":"1.7","sizes":[]},"typography_font_weight":"700","typography_line_height":{"unit":"em","size":"1.3","sizes":[]},"typography_letter_spacing":{"unit":"px","size":"-1","sizes":[]},"_margin":{"unit":"px","top":"0","right":"0","bottom":"0","left":"0","isLinked":""},"_padding":{"unit":"em","top":"0","right":"0","bottom":"0","left":"0","isLinked":""},"align_mobile":"center"},"elements":[],"isInner":false,"widgetType":"heading","elType":"widget"},{"id":"1d38f62a","settings":{"editor":"<div class=\"lqd-lines split-unit\">Duis aute irure dolor in reprehenderit in voluptate velit esse cillum dolore eu fugiat nulla pariatur. Excepteur sint occaecat cupidatat non proident, sunt in culpa qui officia deserunt mollit anim id est laborum ut aliquip ex ea commodo consequat.<\/div>","text_color":"#808291","typography_typography":"custom","typography_font_family":"Lora","typography_font_size":{"unit":"em","size":"1","sizes":[]},"typography_font_weight":"400","typography_line_height":{"unit":"em","size":"1.8","sizes":[]},"align":"left","_padding":{"unit":"em","top":"0","right":"0","bottom":"0","left":"0","isLinked":""},"align_mobile":"center"},"elements":[],"isInner":false,"widgetType":"text-editor","elType":"widget"}],"isInner":"1","elType":"column"},{"id":"3bc1f28","settings":{"_column_size":"50","_inline_size":"","padding":{"unit":"em","top":"1","right":"4","bottom":"0","left":"1","isLinked":""},"padding_mobile":{"unit":"em","top":"1","right":"1","bottom":"1","left":"1","isLinked":"1"}},"elements":[{"id":"7f2f8f41","settings":{"title":"Class Details","header_size":"h3","align":"left","title_color":"#222428","typography_typography":"custom","typography_font_family":"Karla","typography_font_size":{"unit":"em","size":"1.7","sizes":[]},"typography_font_weight":"700","typography_line_height":{"unit":"em","size":"1.3","sizes":[]},"typography_letter_spacing":{"unit":"px","size":"-1","sizes":[]},"_margin":{"unit":"px","top":"0","right":"0","bottom":"0","left":"0","isLinked":""},"_padding":{"unit":"em","top":"0","right":"0","bottom":"0","left":"0","isLinked":""},"align_mobile":"center"},"elements":[],"isInner":false,"widgetType":"heading","elType":"widget"},{"id":"54638a4e","settings":{"editor":"<div class=\"lqd-lines split-unit\">Vestibulum rhoncus est pellentesque. Sem et tortor consequat id porta nibh. Pellentesque eu tincidunt tortor aliquam nulla facilisi cras. Ut enim ad minim veniam, quis nostrud exercitation ullamco laboris.<\/div>","text_color":"#808291","typography_typography":"custom","typography_font_family":"Lora","typography_font_size":{"unit":"em","size":"1","sizes":[]},"typography_font_weight":"400","typography_line_height":{"unit":"em","size":"1.8","sizes":[]},"align":"left","_padding":{"unit":"em","top":"0","right":"0","bottom":"0","left":"0","isLinked":""},"align_mobile":"center"},"elements":[],"isInner":false,"widgetType":"text-editor","elType":"widget"}],"isInner":"1","elType":"column"}],"isInner":"1","elType":"section"},{"id":"6d8a44a0","settings":{"structure":"40"},"elements":[{"id":"371b2fc7","settings":{"_column_size":"25","_inline_size":""},"elements":[{"id":"69fa9c67","settings":{"editor":"<div class=\"lqd-lines split-unit\">Level of Classes<\/div>","text_color":"#d2b29b","typography_typography":"custom","typography_font_family":"Lora","typography_font_size":{"unit":"em","size":"1","sizes":[]},"typography_font_weight":"400","typography_line_height":{"unit":"em","size":"2","sizes":[]},"typography_font_style":"italic","_padding":{"unit":"em","top":"0","right":"0","bottom":"0","left":"1.5","isLinked":""},"align_mobile":"center","_padding_mobile":{"unit":"em","top":"0","right":"0","bottom":"0","left":"0","isLinked":"1"}},"elements":[],"isInner":false,"widgetType":"text-editor","elType":"widget"}],"isInner":"1","elType":"column"},{"id":"770ffdd8","settings":{"_column_size":"25","_inline_size":"","space_between_widgets":"5"},"elements":[{"id":"741d33f1","settings":{"title":"Beginners","header_size":"h3","align":"center","title_color":"#222428","typography_typography":"custom","typography_font_family":"Karla","typography_font_size":{"unit":"em","size":"1","sizes":[]},"typography_font_weight":"700","typography_line_height":{"unit":"em","size":"1.4","sizes":[]},"typography_letter_spacing":{"unit":"px","size":"1","sizes":[]},"_margin":{"unit":"px","top":"0","right":"0","bottom":"0","left":"0","isLinked":""},"_padding":{"unit":"em","top":"0.4","right":"0","bottom":"0","left":"0","isLinked":""},"typography_text_transform":"uppercase"},"elements":[],"isInner":false,"widgetType":"heading","elType":"widget"},{"id":"c9dfea2","settings":{"text":"More Info","align":"center","typography_typography":"custom","typography_font_family":"Karla","typography_font_size":{"unit":"em","size":"0.8","sizes":[]},"typography_font_weight":"600","typography_text_transform":"uppercase","typography_letter_spacing":{"unit":"px","size":"0.6","sizes":[]},"button_text_color":"#d2b29b","background_color":"rgba(0,0,0,0)","hover_color":"#181b31","button_background_hover_color":"rgba(0,0,0,0)","hover_animation":"grow","_margin":{"unit":"px","top":"0","right":"0","bottom":"0","left":"0","isLinked":""},"_padding":{"unit":"em","top":"0","right":"0","bottom":"0","left":"0","isLinked":""}},"elements":[],"isInner":false,"widgetType":"button","elType":"widget"}],"isInner":"1","elType":"column"},{"id":"52d2adef","settings":{"_column_size":"25","_inline_size":"","space_between_widgets":"5"},"elements":[{"id":"2fc6dbe4","settings":{"title":"Intermediate","header_size":"h3","align":"center","title_color":"#222428","typography_typography":"custom","typography_font_family":"Karla","typography_font_size":{"unit":"em","size":"1","sizes":[]},"typography_font_weight":"700","typography_line_height":{"unit":"em","size":"1.4","sizes":[]},"typography_letter_spacing":{"unit":"px","size":"1","sizes":[]},"_margin":{"unit":"px","top":"0","right":"0","bottom":"0","left":"0","isLinked":""},"_padding":{"unit":"em","top":"0.4","right":"0","bottom":"0","left":"0","isLinked":""},"typography_text_transform":"uppercase"},"elements":[],"isInner":false,"widgetType":"heading","elType":"widget"},{"id":"51ac46e1","settings":{"text":"More Info","align":"center","typography_typography":"custom","typography_font_family":"Karla","typography_font_size":{"unit":"em","size":"0.8","sizes":[]},"typography_font_weight":"600","typography_text_transform":"uppercase","typography_letter_spacing":{"unit":"px","size":"0.6","sizes":[]},"button_text_color":"#d2b29b","background_color":"rgba(0,0,0,0)","hover_color":"#181b31","button_background_hover_color":"rgba(0,0,0,0)","hover_animation":"grow","_margin":{"unit":"px","top":"0","right":"0","bottom":"0","left":"0","isLinked":""},"_padding":{"unit":"em","top":"0","right":"0","bottom":"0","left":"0","isLinked":""}},"elements":[],"isInner":false,"widgetType":"button","elType":"widget"}],"isInner":"1","elType":"column"},{"id":"9fce70c","settings":{"_column_size":"25","_inline_size":"","space_between_widgets":"5"},"elements":[{"id":"42ca1520","settings":{"title":"auditions","header_size":"h3","align":"center","title_color":"#222428","typography_typography":"custom","typography_font_family":"Karla","typography_font_size":{"unit":"em","size":"1","sizes":[]},"typography_font_weight":"700","typography_line_height":{"unit":"em","size":"1.4","sizes":[]},"typography_letter_spacing":{"unit":"px","size":"1","sizes":[]},"_margin":{"unit":"px","top":"0","right":"0","bottom":"0","left":"0","isLinked":""},"_padding":{"unit":"em","top":"0.4","right":"0","bottom":"0","left":"0","isLinked":""},"typography_text_transform":"uppercase"},"elements":[],"isInner":false,"widgetType":"heading","elType":"widget"},{"id":"3777b46c","settings":{"text":"More Info","align":"center","typography_typography":"custom","typography_font_family":"Karla","typography_font_size":{"unit":"em","size":"0.8","sizes":[]},"typography_font_weight":"600","typography_text_transform":"uppercase","typography_letter_spacing":{"unit":"px","size":"0.6","sizes":[]},"button_text_color":"#d2b29b","background_color":"rgba(0,0,0,0)","hover_color":"#181b31","button_background_hover_color":"rgba(0,0,0,0)","hover_animation":"grow","_margin":{"unit":"px","top":"0","right":"0","bottom":"0","left":"0","isLinked":""},"_padding":{"unit":"em","top":"0","right":"0","bottom":"0","left":"0","isLinked":""}},"elements":[],"isInner":false,"widgetType":"button","elType":"widget"}],"isInner":"1","elType":"column"}],"isInner":"1","elType":"section"}],"isInner":"","elType":"column"}],"isInner":"","elType":"section"},{"id":"5b32198b","settings":{"background_background":"classic","background_color":"#f4f6f7","shape_divider_top_color":"#f4f6f7","shape_divider_top_width":{"unit":"%","size":"107","sizes":[]},"shape_divider_top_height":{"unit":"px","size":"134","sizes":[]},"padding":{"unit":"em","top":"4","right":"0","bottom":"4","left":"0","isLinked":""},"layout":"full_width","gap":"no","padding_tablet":{"unit":"em","top":"1","right":"1","bottom":"1","left":"1","isLinked":"1"},"padding_mobile":{"unit":"em","top":"3","right":"0","bottom":"3","left":"0","isLinked":""}},"elements":[{"id":"381d1185","settings":{"_column_size":"100","space_between_widgets":"0"},"elements":[{"id":"6c7903b2","settings":{"title":"learn from celebs","align":"center","title_color":"#bcbcbc","typography_typography":"custom","typography_font_family":"Karla","typography_font_size":{"unit":"px","size":"15"},"typography_font_weight":"600","typography_text_transform":"uppercase","typography_line_height":{"unit":"em","size":"1.4"},"typography_letter_spacing":{"unit":"px","size":"1.6"},"_padding":{"unit":"em","top":"0.4","right":"0","bottom":"1.3","left":"0","isLinked":""},"header_size":"h3","align_mobile":"center"},"elements":[],"isInner":false,"widgetType":"heading","elType":"widget"},{"id":"32f79472","settings":{"title":"Special Workshops","header_size":"h1","align":"center","title_color":"#000000","typography_typography":"custom","typography_font_family":"Karla","typography_font_size":{"unit":"em","size":"2.6","sizes":[]},"typography_font_weight":"700","typography_letter_spacing":{"unit":"px","size":"-2","sizes":[]},"_padding":{"unit":"em","top":"0","right":"0","bottom":"1","left":"0","isLinked":""}},"elements":[],"isInner":false,"widgetType":"heading","elType":"widget"},{"id":"cf4628b","settings":{"content_width":{"unit":"px","size":"1040","sizes":[]},"background_color":"#f4f6f7","shape_divider_top_color":"#ffffff","shape_divider_top_width":{"unit":"%","size":"258","sizes":[]},"shape_divider_top_height":{"unit":"px","size":"88","sizes":[]},"shape_divider_bottom_color":"#f4f6f7","padding":{"unit":"em","top":"0","right":"0","bottom":"0","left":"0","isLinked":""}},"elements":[{"id":"4983e937","settings":{"_column_size":"100","space_between_widgets":"0","padding_mobile":{"unit":"em","top":"1","right":"1","bottom":"1","left":"1","isLinked":"1"}},"elements":[{"id":"3ab7dd4a","settings":{"title":"Sunday, April 14","title_color":"#d2b29b","typography_typography":"custom","typography_font_family":"Karla","typography_font_size":{"unit":"em","size":"0.94","sizes":[]},"typography_font_weight":"700","typography_text_transform":"uppercase","typography_letter_spacing":{"unit":"px","size":"1","sizes":[]},"_padding":{"unit":"em","top":"1","right":"0","bottom":"2","left":"0","isLinked":""},"header_size":"h3","align":"center"},"elements":[],"isInner":false,"widgetType":"heading","elType":"widget"},{"id":"32fd0114","settings":{"structure":"20","background_background":"classic","background_color":"#ffffff","padding":{"unit":"em","top":"1.5","right":"2.4","bottom":"1.8","left":"2.4","isLinked":""},"border_radius":{"unit":"px","top":"4","right":"4","bottom":"4","left":"4","isLinked":"1"},"margin":{"unit":"px","top":"0","right":"0","bottom":"30","left":"0","isLinked":""},"padding_mobile":{"unit":"em","top":"1","right":"1","bottom":"1","left":"1","isLinked":"1"}},"elements":[{"id":"1200a4e6","settings":{"_column_size":"50","_inline_size":"70.982","content_position":"center","space_between_widgets":"0","_inline_size_tablet":"60"},"elements":[{"id":"2e5e5b34","settings":{"editor":"<p>12:00 PM \u2013 04:00 PM<\/p>","text_color":"#808291","typography_typography":"custom","typography_font_family":"Lora","typography_font_size":{"unit":"em","size":"0.9","sizes":[]},"typography_font_weight":"400","typography_line_height":{"unit":"em","size":"1","sizes":[]},"_padding":{"unit":"em","top":"0","right":"0","bottom":"0","left":"0","isLinked":""}},"elements":[],"isInner":false,"widgetType":"text-editor","elType":"widget"},{"id":"6b90ed51","settings":{"title":"Advanced Choreography","title_color":"#222428","typography_typography":"custom","typography_font_family":"Karla","typography_font_size":{"unit":"em","size":"0.86","sizes":[]},"typography_font_weight":"600","typography_text_transform":"uppercase","typography_letter_spacing":{"unit":"px","size":"0.6","sizes":[]},"_padding":{"unit":"em","top":"0","right":"0","bottom":"0","left":"0","isLinked":""},"typography_line_height":{"unit":"em","size":"1.5","sizes":[]},"header_size":"h3"},"elements":[],"isInner":false,"widgetType":"heading","elType":"widget"},{"id":"4898918e","settings":{"editor":"<p>Nicole Rosove<\/p>","text_color":"#808291","typography_typography":"custom","typography_font_family":"Lora","typography_font_size":{"unit":"em","size":"0.9","sizes":[]},"typography_font_weight":"400","typography_line_height":{"unit":"em","size":"1","sizes":[]},"_padding":{"unit":"em","top":"0","right":"0","bottom":"0","left":"0","isLinked":""},"typography_font_style":"italic"},"elements":[],"isInner":false,"widgetType":"text-editor","elType":"widget"},{"id":"32a17ee","settings":{"tabs":[{"tab_title":"View details","tab_content":"<p>Sed ut perspiciatis unde omnis iste natus error sit voluptatem accusantium doloremque laudantium, totam rem aperiam, eaque ipsa quae ab illo inventore veritatis et quasi architecto beatae vitae dicta sunt explicabo.<\/p>","_id":"8042709"}],"icon":"fa fa-angle-down","icon_active":"fa fa-angle-up","border_width":{"unit":"px","size":"0","sizes":[]},"border_color":"#ffffff","space_between":{"unit":"px","size":"14","sizes":[]},"title_background":"rgba(255,255,255,0)","title_color":"#222428","tab_active_color":"#222428","title_typography_typography":"custom","title_typography_font_family":"Lora","title_typography_font_size":{"unit":"em","size":"0.9","sizes":[]},"title_typography_font_weight":"400","title_padding":{"unit":"em","top":"0","right":"0","bottom":"0","left":"0","isLinked":"1"},"icon_color":"#808291","icon_active_color":"#808291","icon_space":{"unit":"px","size":"6","sizes":[]},"content_background_color":"rgba(244,246,247,0)","content_color":"#808291","content_typography_typography":"custom","content_typography_font_family":"Lora","content_typography_font_size":{"unit":"em","size":"0.9","sizes":[]},"content_typography_font_weight":"400","content_typography_line_height":{"unit":"em","size":"1.9","sizes":[]},"content_padding":{"unit":"em","top":"0","right":"1.5","bottom":"0","left":"1.5","isLinked":""},"_margin":{"unit":"px","top":"6","right":"0","bottom":"6","left":"0","isLinked":""},"_padding":{"unit":"em","top":"0","right":"0","bottom":"0","left":"0","isLinked":""},"_background_background":"classic","_background_color":"#ffffff","_border_border":"solid","_border_width":{"unit":"px","top":"1","right":"1","bottom":"1","left":"1","isLinked":"1"},"_border_color":"#ffffff","_border_radius":{"unit":"px","top":"10","right":"10","bottom":"10","left":"10","isLinked":"1"}},"elements":[],"isInner":false,"widgetType":"toggle","elType":"widget"}],"isInner":"1","elType":"column"},{"id":"698c9ab6","settings":{"_column_size":"50","_inline_size":"29.018","content_position":"center","_inline_size_tablet":"40"},"elements":[{"id":"59acfdcc","settings":{"text":"$120 RSVP","align":"center","icon_align":"right","icon_indent":{"unit":"px","size":"8","sizes":[]},"typography_typography":"custom","typography_font_family":"Karla","typography_font_size":{"unit":"em","size":"0.83","sizes":[]},"typography_font_weight":"600","typography_text_transform":"uppercase","typography_line_height":{"unit":"em","size":"2.2","sizes":[]},"typography_letter_spacing":{"unit":"px","size":"1.6","sizes":[]},"button_text_color":"#ffffff","background_color":"#222428","hover_color":"#ffffff","button_background_hover_color":"#d2b29b","hover_animation":"grow","border_radius":{"unit":"px","top":"0","right":"0","bottom":"0","left":"0","isLinked":"1"},"text_padding":{"unit":"em","top":"1","right":"3.5","bottom":"1","left":"3.5","isLinked":""},"_background_color":"#000000","_padding":{"unit":"em","top":"0","right":"0","bottom":"0","left":"0","isLinked":""},"text_padding_tablet":{"unit":"em","top":"1","right":"3","bottom":"1","left":"3","isLinked":""},"text_padding_mobile":{"unit":"em","top":"1","right":"2","bottom":"1","left":"2","isLinked":""},"align_mobile":"justify"},"elements":[],"isInner":false,"widgetType":"button","elType":"widget"}],"isInner":"1","elType":"column"}],"isInner":"1","elType":"section"}],"isInner":"","elType":"column"}],"isInner":"","elType":"section"}],"isInner":"","elType":"column"}],"isInner":"","elType":"section"},{"id":"7b7c39b","settings":{"background_color":"#ffffff","shape_divider_top_color":"#f4f6f7","shape_divider_top_width":{"unit":"%","size":"107","sizes":[]},"shape_divider_top_height":{"unit":"px","size":"134","sizes":[]},"padding":{"unit":"em","top":"0","right":"0","bottom":"0","left":"0","isLinked":""},"gap":"no","background_background":"classic","layout":"full_width"},"elements":[{"id":"54f8f8ae","settings":{"_column_size":"100","_inline_size":""},"elements":[{"id":"53f45dce","settings":{"content_width":{"unit":"px","size":"1250","sizes":[]},"gap":"no","height_inner":"min-height","custom_height_inner":{"unit":"px","size":"530","sizes":[]},"background_image":{"url":"http:\/\/sitefacilitado.com.br\/membros\/wp-content\/uploads\/2020\/03\/dancer-tossing-hair-e1558338363784.jpg","id":"8267"},"background_position":"center center","background_repeat":"no-repeat","background_size":"cover","layout":"full_width","margin":{"unit":"px","top":"0","right":"0","bottom":"0","left":"0","isLinked":"1"},"animation":"fadeIn"},"elements":[{"id":"269ea558","settings":{"_column_size":"100","_inline_size":""},"elements":[{"id":"30b0dc16","settings":{"slides":[{"heading":"","description":"Got what it takes?","button_text":"Audition Today","background_color":"#222428","_id":"13e37f3","background_image":{"url":"http:\/\/sitefacilitado.com.br\/membros\/wp-content\/uploads\/2020\/03\/photo-1502519144081-acca18599776-1.jpeg","id":"8301"},"background_size":"cover","background_ken_burns":"yes","zoom_direction":"in","background_overlay":"yes","background_overlay_color":"rgba(27,29,38,0.78)","background_overlay_blend_mode":"","link":{"url":"#","is_external":"","nofollow":""},"link_click":"slide","custom_style":"","horizontal_position":"","vertical_position":"","text_align":"","content_color":""},{"heading":"","description":"Got what it takes?","button_text":"Audition Today","background_color":"#000000","_id":"f1e5860","background_image":{"url":"http:\/\/sitefacilitado.com.br\/membros\/wp-content\/uploads\/2020\/03\/dancer-smiling-e1558338388886-scaled.jpg","id":"8274"},"background_size":"cover","background_ken_burns":"yes","zoom_direction":"in","background_overlay":"yes","background_overlay_color":"rgba(27,29,38,0.78)","background_overlay_blend_mode":"","link":{"url":"#","is_external":"","nofollow":""},"link_click":"slide","custom_style":"","horizontal_position":"","vertical_position":"","text_align":"","content_color":""},{"heading":"","description":"Got what it takes?","button_text":"Audition Today","background_color":"#000000","_id":"ec3bb81","background_image":{"url":"http:\/\/sitefacilitado.com.br\/membros\/wp-content\/uploads\/2020\/03\/dance-studio-dance-rehearsal-e1558339581568.jpg","id":"8270"},"background_size":"cover","background_ken_burns":"yes","zoom_direction":"in","background_overlay":"yes","background_overlay_color":"rgba(27,29,38,0.78)","background_overlay_blend_mode":"","link":{"url":"#","is_external":"","nofollow":""},"link_click":"slide","custom_style":"","horizontal_position":"","vertical_position":"","text_align":"","content_color":""}],"slides_height":{"unit":"px","size":"618","sizes":[]},"navigation":"dots","autoplay":"","content_max_width":{"unit":"%","size":"66","sizes":[]},"button_size":"lg","button_color":"#ffffff","button_typography_typography":"custom","button_typography_font_family":"Karla","button_typography_font_size":{"unit":"em","size":"0.83","sizes":[]},"button_typography_font_weight":"600","button_typography_text_transform":"uppercase","button_typography_line_height":{"unit":"em","size":"1","sizes":[]},"button_typography_letter_spacing":{"unit":"px","size":"1.6","sizes":[]},"button_border_width":{"unit":"px","size":"0","sizes":[]},"button_border_radius":{"unit":"px","size":"0","sizes":[]},"button_background_color":"#d2b29b","button_border_color":"#ffffff","button_hover_text_color":"#222428","button_hover_background_color":"#ffffff","button_hover_border_color":"#ffffff","dots_color":"#ffffff","button_text_color":"#ffffff","description_typography_typography":"custom","description_typography_font_family":"Lora","description_typography_font_size":{"unit":"rem","size":"2.1","sizes":[]},"description_typography_font_style":"italic"},"elements":[],"isInner":false,"widgetType":"slides","elType":"widget"}],"isInner":"1","elType":"column"}],"isInner":"1","elType":"section"}],"isInner":"","elType":"column"}],"isInner":"","elType":"section"},{"id":"3d4514f4","settings":{"content_position":"middle","structure":"20","background_background":"classic","background_color":"#f4f6f7","padding":{"unit":"em","top":"5","right":"0","bottom":"5","left":"0","isLinked":""},"padding_tablet":{"unit":"em","top":"3","right":"1","bottom":"3","left":"1","isLinked":""}},"elements":[{"id":"4ade25fc","settings":{"_column_size":"50","_inline_size":"","space_between_widgets":"0","_inline_size_tablet":"100","padding":{"unit":"%","top":"0","right":"50","bottom":"0","left":"0","isLinked":""},"padding_tablet":{"unit":"em","top":"1","right":"1","bottom":"1","left":"1","isLinked":"1"}},"elements":[{"id":"5a81b9d7","settings":{"title":"Weekly Newsletter","align":"left","title_color":"#d2b29b","typography_typography":"custom","typography_font_family":"Karla","typography_font_size":{"unit":"px","size":"15"},"typography_font_weight":"600","typography_text_transform":"uppercase","typography_line_height":{"unit":"em","size":"1.4"},"typography_letter_spacing":{"unit":"px","size":"1"},"_padding":{"unit":"em","top":"0.5","right":"0","bottom":"01.2","left":"0","isLinked":""},"header_size":"h3","align_mobile":"center","align_tablet":"center"},"elements":[],"isInner":false,"widgetType":"heading","elType":"widget"},{"id":"6d26c481","settings":{"title":"Get Tips &amp; Updates","align":"left","title_color":"#222428","typography_typography":"custom","typography_font_family":"Karla","typography_font_size":{"unit":"rem","size":"2.9"},"typography_font_weight":"700","typography_line_height":{"unit":"em","size":"0.9"},"typography_letter_spacing":{"unit":"px","size":"-1.5"},"_padding":{"unit":"em","top":"0","right":"0","bottom":"1.5","left":"0","isLinked":""},"align_mobile":"center","typography_font_size_tablet":{"unit":"px","size":"30"},"align_tablet":"center"},"elements":[],"isInner":false,"widgetType":"heading","elType":"widget"},{"id":"75b8c820","settings":{"social_icon_list":[{"social":"fa fa-twitter","_id":"69cfb54","link":{"url":"","is_external":"true","nofollow":""}},{"social":"fa fa-facebook","_id":"7969a91","link":{"url":"","is_external":"true","nofollow":""}},{"social":"fa fa-instagram","_id":"7700fd5","link":{"url":"","is_external":"true","nofollow":""}},{"social":"fa fa-tumblr","_id":"a63f76d","link":{"url":"","is_external":"true","nofollow":""}},{"social":"fa fa-pinterest","_id":"e69e6bb","link":{"url":"","is_external":"true","nofollow":""}}],"shape":"circle","icon_color":"custom","icon_primary_color":"rgba(255,255,255,0)","icon_secondary_color":"#d2b29b","icon_size":{"unit":"px","size":"15"},"icon_padding":{"unit":"em","size":"0"},"icon_spacing":{"unit":"px","size":"20"},"hover_primary_color":"rgba(255,255,255,0)","hover_secondary_color":"#0c0c0c","align":"left","hover_animation":"pop","align_mobile":"center","align_tablet":"center"},"elements":[],"isInner":false,"widgetType":"social-icons","elType":"widget"}],"isInner":"","elType":"column"},{"id":"227d6596","settings":{"_column_size":"50","_inline_size":"","_inline_size_tablet":"100","content_position":"bottom"},"elements":[{"id":"40e15980","settings":{"form_name":"New Form","form_fields":[{"_id":"0358c7f","field_type":"email","required":"true","field_label":"","placeholder":"Email Address","width":"66","field_value":"","min_date":"","max_date":"","field_options":"","allow_multiple":"","select_size":"","inline_list":"","field_html":"","width_tablet":"100","width_mobile":"","rows":"4","recaptcha_size":"normal","recaptcha_style":"light","css_classes":"","custom_id":"0358c7f","file_sizes":"","file_types":"","allow_multiple_upload":"","max_files":"","acceptance_text":"","checked_by_default":"","field_min":"","field_max":"","use_native_date":"","use_native_time":""}],"show_labels":"","button_text":"Subscribe","button_width":"33","email_content":"[all-fields]","email_content_2":"[all-fields]","success_message":"The form was sent successfully.","error_message":"An error occured.","required_field_message":"This field is required.","invalid_message":"There's something wrong. The form is invalid.","column_gap":{"unit":"px","size":"7"},"row_gap":{"unit":"px","size":"20"},"field_text_color":"#3a3a3a","field_typography_typography":"custom","field_typography_font_family":"Lora","field_typography_font_size":{"unit":"em","size":"0.9"},"field_typography_line_height":{"unit":"px","size":"43"},"field_border_color":"rgba(129,138,145,0)","field_border_width":{"unit":"px","top":"1","right":"1","bottom":"1","left":"1","isLinked":"1"},"field_border_radius":{"unit":"px","top":"0","right":"0","bottom":"0","left":"0","isLinked":"1"},"button_background_color":"#d2b29b","button_text_color":"#ffffff","button_typography_typography":"custom","button_typography_font_family":"Karla","button_typography_font_size":{"unit":"px","size":"13"},"button_typography_font_weight":"700","button_typography_text_transform":"uppercase","button_typography_line_height":{"unit":"px","size":"34"},"button_typography_letter_spacing":{"unit":"px","size":"1.5"},"button_border_radius":{"unit":"px","top":"0","right":"0","bottom":"0","left":"0","isLinked":"1"},"button_text_padding":{"unit":"px","top":"10","right":"45","bottom":"10","left":"45","isLinked":""},"_margin":{"unit":"%","top":"0","right":"0","bottom":"0","left":"0","isLinked":""},"_padding":{"unit":"em","top":"1","right":"0","bottom":"0","left":"0","isLinked":""},"button_align_mobile":"stretch","button_hover_animation":"float","label_typography_typography":"custom","label_typography_font_family":"Lora","label_typography_font_size":{"unit":"em","size":"0.9","sizes":[]},"label_typography_font_weight":"400","field_typography_font_weight":"400","button_width_tablet":"100"},"elements":[],"isInner":false,"widgetType":"form","elType":"widget"},{"id":"6d3b1526","settings":{"title":"Don't worry we never spam. You're safe with us!","align":"right","title_color":"rgba(128,130,145,0.83)","typography_typography":"custom","typography_font_family":"Lora","typography_font_size":{"unit":"em","size":"0.9"},"typography_font_weight":"400","typography_line_height":{"unit":"em","size":"1"},"typography_letter_spacing":{"unit":"px","size":""},"_padding":{"unit":"em","top":"0","right":"0","bottom":"0","left":"0","isLinked":""},"header_size":"h3","align_mobile":"center","typography_font_style":"italic","align_tablet":"center"},"elements":[],"isInner":false,"widgetType":"heading","elType":"widget"}],"isInner":"","elType":"column"}],"isInner":"","elType":"section"}]}