{"version":"0.4","title":"Dance School > Classes","type":"page","content":[{"id":"46eec078","settings":{"background_background":"classic","background_image":{"id":"8267","url":"http:\/\/sitefacilitado.com.br\/membros\/wp-content\/uploads\/2020\/03\/dancer-tossing-hair-e1558338363784.jpg"},"background_position":"center center","background_attachment":"fixed","background_repeat":"no-repeat","background_size":"cover","background_overlay_background":"classic","background_overlay_color":"#222428","background_overlay_opacity":{"unit":"px","size":"0.86"},"padding":{"unit":"em","top":"9.5","right":"0","bottom":"11","left":"0","isLinked":""},"shape_divider_bottom":"curve","shape_divider_bottom_color":"#ffffff","shape_divider_bottom_width":{"unit":"%","size":"125","sizes":[]},"shape_divider_bottom_height":{"unit":"px","size":"90","sizes":[]},"shape_divider_bottom_width_mobile":{"unit":"%","size":"111","sizes":[]},"shape_divider_bottom_height_mobile":{"unit":"px","size":"22","sizes":[]},"padding_mobile":{"unit":"em","top":"4","right":"0","bottom":"4","left":"0","isLinked":""}},"elements":[{"id":"38700fe6","settings":{"_column_size":"100","space_between_widgets":"26","background_color":"#f9f9f9","padding":{"unit":"px","top":"0","right":"0","bottom":"0","left":"0","isLinked":""}},"elements":[{"id":"2e94f23f","settings":{"content_width":{"unit":"px","size":""},"structure":"30"},"elements":[{"id":"6a7c91a8","settings":{"_column_size":"33","_inline_size":"52.719","space_between_widgets":"0"},"elements":[{"id":"4791a521","settings":{"title":"Classes","align":"left","title_color":"#ffffff","typography_typography":"custom","typography_font_family":"Karla","typography_font_size":{"unit":"em","size":"7"},"typography_font_weight":"700","typography_line_height":{"unit":"em","size":"1.15"},"typography_letter_spacing":{"unit":"px","size":"-7"},"_padding":{"unit":"em","top":"0","right":"0","bottom":"0","left":"0","isLinked":""},"header_size":"h1","typography_font_size_mobile":{"unit":"em","size":"5.1"},"_element_width":"auto","align_mobile":"center","_element_width_mobile":"inherit"},"elements":[],"isInner":false,"widgetType":"heading","elType":"widget"},{"id":"2b1aaeca","settings":{"title":"Drop-ins Allowed","align":"center","title_color":"#d2b29b","typography_typography":"custom","typography_font_family":"Karla","typography_font_size":{"unit":"px","size":"15"},"typography_font_weight":"600","typography_text_transform":"uppercase","typography_line_height":{"unit":"em","size":"1.4"},"typography_letter_spacing":{"unit":"px","size":"1.6"},"_padding":{"unit":"em","top":"1","right":"0","bottom":"0","left":"2","isLinked":""},"header_size":"h3","align_mobile":"center","_element_width":"auto","_element_vertical_align":"center","_padding_tablet":{"unit":"em","top":"0","right":"0","bottom":"0","left":"0","isLinked":""},"_element_width_mobile":"inherit"},"elements":[],"isInner":false,"widgetType":"heading","elType":"widget"},{"id":"64b4ef2f","settings":{"editor":"<p>Sem laoreet id donec ultrices tincidunt arcu vitae congue eu conseq arcu non odio id lacinia at qui vulputate ac torto vitae faucibus.<\/p>","align":"left","text_color":"#e1e0e2","typography_typography":"custom","typography_font_family":"Lora","typography_font_size":{"unit":"em","size":"1.04","sizes":[]},"typography_font_weight":"400","typography_line_height":{"unit":"em","size":"2","sizes":[]},"align_mobile":"center"},"elements":[],"isInner":false,"widgetType":"text-editor","elType":"widget"}],"isInner":"1","elType":"column"},{"id":"17317d26","settings":{"_column_size":"33","_inline_size":"25.439","_inline_size_tablet":"10"},"elements":[],"isInner":"1","elType":"column"},{"id":"669936f","settings":{"_column_size":"33","_inline_size":"21.838","content_position":"center","space_between_widgets":"0","_inline_size_tablet":"36"},"elements":[{"id":"39de2c87","settings":{"editor":"<p>Can find answers?<\/p>","align":"center","text_color":"#e1e0e2","typography_typography":"custom","typography_font_family":"Lora","typography_font_size":{"unit":"em","size":"0.9","sizes":[]},"typography_font_weight":"400","typography_line_height":{"unit":"em","size":"1","sizes":[]},"typography_font_style":"italic","_padding":{"unit":"em","top":"0","right":"0","bottom":"0","left":"0","isLinked":""}},"elements":[],"isInner":false,"widgetType":"text-editor","elType":"widget"},{"id":"3e4958c4","settings":{"text":"Get In Touch","align":"center","icon_align":"right","icon_indent":{"unit":"px","size":"8","sizes":[]},"typography_typography":"custom","typography_font_family":"Karla","typography_font_size":{"unit":"em","size":"0.83","sizes":[]},"typography_font_weight":"600","typography_text_transform":"uppercase","typography_line_height":{"unit":"em","size":"2.2","sizes":[]},"typography_letter_spacing":{"unit":"px","size":"1.6","sizes":[]},"button_text_color":"#ffffff","background_color":"#d2b29b","hover_color":"#ffffff","button_background_hover_color":"#222428","hover_animation":"grow","border_radius":{"unit":"px","top":"0","right":"0","bottom":"0","left":"0","isLinked":"1"},"text_padding":{"unit":"em","top":"1","right":"4","bottom":"1","left":"4","isLinked":""},"_background_color":"#000000","_padding":{"unit":"%","top":"2","right":"0","bottom":"1","left":"0","isLinked":""}},"elements":[],"isInner":false,"widgetType":"button","elType":"widget"},{"id":"4a830cd4","settings":{"editor":"<p>10% Discount<\/p>","align":"center","text_color":"#e1e0e2","typography_typography":"custom","typography_font_family":"Karla","typography_font_size":{"unit":"em","size":"0.65","sizes":[]},"typography_font_weight":"600","typography_text_transform":"uppercase","typography_line_height":{"unit":"em","size":"1","sizes":[]},"typography_letter_spacing":{"unit":"px","size":"0.6","sizes":[]},"_margin":{"unit":"px","top":"0","right":"0","bottom":"0","left":"0","isLinked":""},"_padding":{"unit":"em","top":"0.4","right":"0","bottom":"0","left":"0","isLinked":""}},"elements":[],"isInner":false,"widgetType":"text-editor","elType":"widget"}],"isInner":"1","elType":"column"}],"isInner":"1","elType":"section"}],"isInner":"","elType":"column"}],"isInner":"","elType":"section"},{"id":"6f7f9627","settings":[],"elements":[{"id":"616473ac","settings":{"_column_size":"100"},"elements":[{"id":"71058d97","settings":{"gap":"wider","structure":"20","background_color":"#f4f6f7","shape_divider_top":"curve","shape_divider_top_color":"#ffffff","shape_divider_top_width":{"unit":"%","size":"198","sizes":[]},"shape_divider_top_height":{"unit":"px","size":"360","sizes":[]},"shape_divider_top_negative":"yes","padding":{"unit":"em","top":"0","right":"0","bottom":"0","left":"0","isLinked":""}},"elements":[{"id":"10531b7a","settings":{"_column_size":"50","_inline_size":"57.193","_inline_size_tablet":"50"},"elements":[{"id":"208a3d94","settings":{"graphic_element":"none","title_text_a":"Absolute Beginners","description_text_a":"Level 1 courses & Basics","background_a_background":"classic","background_a_image":{"url":"http:\/\/sitefacilitado.com.br\/membros\/wp-content\/uploads\/2020\/03\/dancer-smiling-e1558338388886-scaled.jpg","id":"8274"},"background_a_position":"center center","background_a_repeat":"no-repeat","background_a_size":"cover","background_overlay_a":"rgba(34,36,40,0.04)","title_text_b":"Class Details","description_text_b":"Sed ut perspiciatis unde omnis iste natus error sit voluptatem accusantium doloremque laudantium. Totam rem aperiam, eaque ipsa quae ab illo inventore veritatis et quasi architecto beatae vitae dicta sunt explicabo.","button_text":"Book Now","link":{"url":"#","is_external":"","nofollow":""},"background_b_background":"classic","background_b_color":"#222428","background_b_image":{"url":"http:\/\/sitefacilitado.com.br\/membros\/wp-content\/uploads\/2020\/03\/dance-rehearsal-pose-e1558339602801.jpg","id":"8269"},"background_b_position":"center center","background_b_repeat":"no-repeat","background_b_size":"cover","background_b_bg_width":{"unit":"vw","size":"31","sizes":[]},"background_overlay_b":"rgba(34,36,40,0.88)","height":{"unit":"px","size":"400","sizes":[]},"border_radius":{"unit":"px","size":"2","sizes":[]},"padding_a":{"unit":"em","top":"2.5","right":"2.5","bottom":"2","left":"2.5","isLinked":""},"alignment_a":"left","vertical_position_a":"bottom","title_spacing_a":{"unit":"px","size":"9","sizes":[]},"title_color_a":"#ffffff","title_typography_a_typography":"custom","title_typography_a_font_family":"Karla","title_typography_a_font_size":{"unit":"em","size":"1.25","sizes":[]},"title_typography_a_font_weight":"700","title_typography_a_letter_spacing":{"unit":"px","size":"-1","sizes":[]},"description_color_a":"#ffffff","description_typography_a_typography":"custom","description_typography_a_font_family":"Lora","description_typography_a_font_size":{"unit":"em","size":"0.9","sizes":[]},"description_typography_a_font_weight":"400","description_typography_a_font_style":"italic","title_spacing_b":{"unit":"px","size":"28","sizes":[]},"title_typography_b_typography":"custom","title_typography_b_font_family":"Karla","title_typography_b_font_size":{"unit":"em","size":"1.4","sizes":[]},"title_typography_b_font_weight":"700","title_typography_b_line_height":{"unit":"em","size":"1","sizes":[]},"title_typography_b_letter_spacing":{"unit":"px","size":"-0.6","sizes":[]},"description_spacing_b":{"unit":"px","size":"37","sizes":[]},"description_typography_b_typography":"custom","description_typography_b_font_family":"Lora","description_typography_b_font_size":{"unit":"em","size":"0.94","sizes":[]},"description_typography_b_font_weight":"400","description_typography_b_line_height":{"unit":"em","size":"1.5","sizes":[]},"button_size":"lg","button_typography_typography":"custom","button_typography_font_family":"Karla","button_typography_font_size":{"unit":"em","size":"0.84","sizes":[]},"button_typography_font_weight":"600","button_typography_text_transform":"uppercase","button_typography_line_height":{"unit":"em","size":"0.9","sizes":[]},"button_typography_letter_spacing":{"unit":"px","size":"1.6","sizes":[]},"button_text_color":"#222428","button_background_color":"#ffffff","button_border_color":"rgba(255,255,255,0)","button_border_radius":{"unit":"px","size":"0","sizes":[]},"_background_image":{"url":"http:\/\/sitefacilitado.com.br\/membros\/wp-content\/uploads\/2020\/03\/dancer-in-heels-e1558339511518.jpg","id":"8287"},"background_a_color":"#222428","flip_effect":"fade","padding_b":{"unit":"em","top":"8","right":"8","bottom":"8","left":"8","isLinked":"1"},"button_hover_text_color":"#ffffff","button_hover_background_color":"#d2b29b","padding_a_tablet":{"unit":"em","top":"","right":"","bottom":"","left":"","isLinked":"1"},"padding_b_tablet":{"unit":"em","top":"2","right":"2","bottom":"2","left":"2","isLinked":"1"},"padding_b_mobile":{"unit":"em","top":"2","right":"2","bottom":"2","left":"2","isLinked":"1"}},"elements":[],"isInner":false,"widgetType":"flip-box","elType":"widget"}],"isInner":"","elType":"column"},{"id":"45f08266","settings":{"_column_size":"50","_inline_size":"42.807","_inline_size_tablet":"50"},"elements":[{"id":"3a8412d8","settings":{"graphic_element":"none","title_text_a":"Belly Dance Classes","description_text_a":"Stay in shape & feel femininity","background_a_background":"classic","background_a_image":{"url":"http:\/\/sitefacilitado.com.br\/membros\/wp-content\/uploads\/2020\/03\/dance-studio-dance-rehearsal-e1558339581568.jpg","id":"8270"},"background_a_position":"center center","background_a_repeat":"no-repeat","background_a_size":"cover","background_overlay_a":"rgba(34,36,40,0.04)","title_text_b":"Class details","description_text_b":"Sed ut perspiciatis unde omnis iste natus error sit voluptatem accusantium doloremque laudantium. Totam rem aperiam, eaque ipsa quae ab illo inventore veritatis et quasi architecto beatae vitae dicta sunt explicabo.","button_text":"Book Now","link":{"url":"#","is_external":"","nofollow":""},"background_b_background":"classic","background_b_color":"#222428","background_b_image":{"url":"http:\/\/sitefacilitado.com.br\/membros\/wp-content\/uploads\/2020\/03\/dance-studio-practice-e1558339536910.jpg","id":"8288"},"background_b_position":"center center","background_b_repeat":"no-repeat","background_b_size":"cover","background_b_bg_width":{"unit":"vw","size":"31","sizes":[]},"background_overlay_b":"rgba(34,36,40,0.88)","height":{"unit":"px","size":"400","sizes":[]},"border_radius":{"unit":"px","size":"2","sizes":[]},"padding_a":{"unit":"em","top":"2.5","right":"2.5","bottom":"2","left":"2.5","isLinked":""},"alignment_a":"left","vertical_position_a":"bottom","title_spacing_a":{"unit":"px","size":"9","sizes":[]},"title_color_a":"#ffffff","title_typography_a_typography":"custom","title_typography_a_font_family":"Karla","title_typography_a_font_size":{"unit":"em","size":"1.25","sizes":[]},"title_typography_a_font_weight":"700","title_typography_a_letter_spacing":{"unit":"px","size":"-1","sizes":[]},"description_color_a":"#ffffff","description_typography_a_typography":"custom","description_typography_a_font_family":"Lora","description_typography_a_font_size":{"unit":"em","size":"0.9","sizes":[]},"description_typography_a_font_weight":"400","description_typography_a_font_style":"italic","title_spacing_b":{"unit":"px","size":"28","sizes":[]},"title_typography_b_typography":"custom","title_typography_b_font_family":"Karla","title_typography_b_font_size":{"unit":"em","size":"1.4","sizes":[]},"title_typography_b_font_weight":"700","title_typography_b_line_height":{"unit":"em","size":"1","sizes":[]},"title_typography_b_letter_spacing":{"unit":"px","size":"-0.6","sizes":[]},"description_spacing_b":{"unit":"px","size":"37","sizes":[]},"description_typography_b_typography":"custom","description_typography_b_font_family":"Lora","description_typography_b_font_size":{"unit":"em","size":"0.94","sizes":[]},"description_typography_b_font_weight":"400","description_typography_b_line_height":{"unit":"em","size":"1.5","sizes":[]},"button_size":"lg","button_typography_typography":"custom","button_typography_font_family":"Karla","button_typography_font_size":{"unit":"em","size":"0.84","sizes":[]},"button_typography_font_weight":"600","button_typography_text_transform":"uppercase","button_typography_line_height":{"unit":"em","size":"0.9","sizes":[]},"button_typography_letter_spacing":{"unit":"px","size":"1.6","sizes":[]},"button_text_color":"#222428","button_background_color":"#ffffff","button_border_color":"rgba(255,255,255,0)","button_border_radius":{"unit":"px","size":"0","sizes":[]},"_background_image":{"url":"http:\/\/sitefacilitado.com.br\/membros\/wp-content\/uploads\/2020\/03\/dancer-in-heels-e1558339511518.jpg","id":"8287"},"background_a_color":"#222428","flip_effect":"fade","padding_b":{"unit":"em","top":"3","right":"3","bottom":"3","left":"3","isLinked":"1"},"button_hover_text_color":"#ffffff","button_hover_background_color":"#d2b29b","padding_b_tablet":{"unit":"em","top":"2","right":"2","bottom":"2","left":"2","isLinked":"1"}},"elements":[],"isInner":false,"widgetType":"flip-box","elType":"widget"}],"isInner":"","elType":"column"}],"isInner":"","elType":"section"},{"id":"2f3c81df","settings":{"gap":"wider","structure":"30","background_color":"#f4f6f7","shape_divider_top_color":"#ffffff","shape_divider_top_width":{"unit":"%","size":"107","sizes":[]},"shape_divider_top_height":{"unit":"px","size":"134","sizes":[]}},"elements":[{"id":"435cdbcf","settings":{"_column_size":"33","_inline_size":"","_inline_size_tablet":"50"},"elements":[{"id":"405d2035","settings":{"graphic_element":"none","title_text_a":"Ballet Classes","description_text_a":"Ballet lessons for all levels","background_a_background":"classic","background_a_image":{"url":"http:\/\/sitefacilitado.com.br\/membros\/wp-content\/uploads\/2020\/03\/ballet-dancer-barre-warm-up-e1558339354117.jpg","id":"8276"},"background_a_position":"center center","background_a_repeat":"no-repeat","background_a_size":"cover","background_overlay_a":"rgba(34,36,40,0.04)","title_text_b":"Class details","description_text_b":"Sed ut perspiciatis unde omnis iste natus error sit voluptatem accusantium doloremque laudantium. Totam rem aperiam, eaque ipsa quae ab illo inventore veritatis et quasi architecto beatae vitae dicta sunt explicabo.","button_text":"Book Now","link":{"url":"#","is_external":"","nofollow":""},"background_b_background":"classic","background_b_color":"#222428","background_b_image":{"url":"http:\/\/sitefacilitado.com.br\/membros\/wp-content\/uploads\/2020\/03\/dancers-warm-up-e1558339384983.jpg","id":"8289"},"background_b_position":"center center","background_b_repeat":"no-repeat","background_b_size":"cover","background_b_bg_width":{"unit":"vw","size":"31","sizes":[]},"background_overlay_b":"rgba(34,36,40,0.88)","height":{"unit":"px","size":"400","sizes":[]},"border_radius":{"unit":"px","size":"2","sizes":[]},"padding_a":{"unit":"em","top":"2.5","right":"2.5","bottom":"2","left":"2.5","isLinked":""},"alignment_a":"left","vertical_position_a":"bottom","title_spacing_a":{"unit":"px","size":"9","sizes":[]},"title_color_a":"#ffffff","title_typography_a_typography":"custom","title_typography_a_font_family":"Karla","title_typography_a_font_size":{"unit":"em","size":"1.25","sizes":[]},"title_typography_a_font_weight":"700","title_typography_a_letter_spacing":{"unit":"px","size":"-1","sizes":[]},"description_color_a":"#ffffff","description_typography_a_typography":"custom","description_typography_a_font_family":"Lora","description_typography_a_font_size":{"unit":"em","size":"0.9","sizes":[]},"description_typography_a_font_weight":"400","description_typography_a_font_style":"italic","title_spacing_b":{"unit":"px","size":"28","sizes":[]},"title_typography_b_typography":"custom","title_typography_b_font_family":"Karla","title_typography_b_font_size":{"unit":"em","size":"1.4","sizes":[]},"title_typography_b_font_weight":"700","title_typography_b_line_height":{"unit":"em","size":"1","sizes":[]},"title_typography_b_letter_spacing":{"unit":"px","size":"-0.6","sizes":[]},"description_spacing_b":{"unit":"px","size":"37","sizes":[]},"description_typography_b_typography":"custom","description_typography_b_font_family":"Lora","description_typography_b_font_size":{"unit":"em","size":"0.94","sizes":[]},"description_typography_b_font_weight":"400","description_typography_b_line_height":{"unit":"em","size":"1.5","sizes":[]},"button_size":"lg","button_typography_typography":"custom","button_typography_font_family":"Karla","button_typography_font_size":{"unit":"em","size":"0.84","sizes":[]},"button_typography_font_weight":"600","button_typography_text_transform":"uppercase","button_typography_line_height":{"unit":"em","size":"0.9","sizes":[]},"button_typography_letter_spacing":{"unit":"px","size":"1.6","sizes":[]},"button_text_color":"#222428","button_background_color":"#ffffff","button_border_color":"rgba(255,255,255,0)","button_border_radius":{"unit":"px","size":"0","sizes":[]},"_background_image":{"url":"http:\/\/sitefacilitado.com.br\/membros\/wp-content\/uploads\/2020\/03\/dancer-in-heels-e1558339511518.jpg","id":"8287"},"background_a_color":"#222428","flip_effect":"fade","padding_b":{"unit":"em","top":"2","right":"2","bottom":"2","left":"2","isLinked":"1"},"button_hover_text_color":"#ffffff","button_hover_background_color":"#d2b29b"},"elements":[],"isInner":false,"widgetType":"flip-box","elType":"widget"}],"isInner":"","elType":"column"},{"id":"7ab46653","settings":{"_column_size":"33","_inline_size":"","_inline_size_tablet":"50"},"elements":[{"id":"cef698a","settings":{"graphic_element":"none","title_text_a":"Salsa MOVEMENT","description_text_a":"Get a taste of Latin dance style","background_a_background":"classic","background_a_image":{"url":"http:\/\/sitefacilitado.com.br\/membros\/wp-content\/uploads\/2020\/03\/dancer-tossing-hair-e1558338363784.jpg","id":"8267"},"background_a_position":"center center","background_a_repeat":"no-repeat","background_a_size":"cover","background_overlay_a":"rgba(34,36,40,0.04)","title_text_b":"Class details","description_text_b":"Sed ut perspiciatis unde omnis iste natus error sit voluptatem accusantium doloremque laudantium. Totam rem aperiam, eaque ipsa quae ab illo inventore veritatis et quasi architecto beatae vitae dicta sunt explicabo.","button_text":"Book Now","link":{"url":"#","is_external":"","nofollow":""},"background_b_background":"classic","background_b_color":"#222428","background_b_image":{"url":"http:\/\/sitefacilitado.com.br\/membros\/wp-content\/uploads\/2020\/03\/dancers-in-heels-e1558339398587.jpg","id":"8282"},"background_b_position":"center center","background_b_repeat":"no-repeat","background_b_size":"cover","background_b_bg_width":{"unit":"vw","size":"31","sizes":[]},"background_overlay_b":"rgba(34,36,40,0.88)","height":{"unit":"px","size":"400","sizes":[]},"border_radius":{"unit":"px","size":"2","sizes":[]},"padding_a":{"unit":"em","top":"2.5","right":"2.5","bottom":"2","left":"2.5","isLinked":""},"alignment_a":"left","vertical_position_a":"bottom","title_spacing_a":{"unit":"px","size":"9","sizes":[]},"title_color_a":"#ffffff","title_typography_a_typography":"custom","title_typography_a_font_family":"Karla","title_typography_a_font_size":{"unit":"em","size":"1.25","sizes":[]},"title_typography_a_font_weight":"700","title_typography_a_letter_spacing":{"unit":"px","size":"-1","sizes":[]},"description_color_a":"#ffffff","description_typography_a_typography":"custom","description_typography_a_font_family":"Lora","description_typography_a_font_size":{"unit":"em","size":"0.9","sizes":[]},"description_typography_a_font_weight":"400","description_typography_a_font_style":"italic","title_spacing_b":{"unit":"px","size":"28","sizes":[]},"title_typography_b_typography":"custom","title_typography_b_font_family":"Karla","title_typography_b_font_size":{"unit":"em","size":"1.4","sizes":[]},"title_typography_b_font_weight":"700","title_typography_b_line_height":{"unit":"em","size":"1","sizes":[]},"title_typography_b_letter_spacing":{"unit":"px","size":"-0.6","sizes":[]},"description_spacing_b":{"unit":"px","size":"37","sizes":[]},"description_typography_b_typography":"custom","description_typography_b_font_family":"Lora","description_typography_b_font_size":{"unit":"em","size":"0.94","sizes":[]},"description_typography_b_font_weight":"400","description_typography_b_line_height":{"unit":"em","size":"1.5","sizes":[]},"button_size":"lg","button_typography_typography":"custom","button_typography_font_family":"Karla","button_typography_font_size":{"unit":"em","size":"0.84","sizes":[]},"button_typography_font_weight":"600","button_typography_text_transform":"uppercase","button_typography_line_height":{"unit":"em","size":"0.9","sizes":[]},"button_typography_letter_spacing":{"unit":"px","size":"1.6","sizes":[]},"button_text_color":"#222428","button_background_color":"#ffffff","button_border_color":"rgba(255,255,255,0)","button_border_radius":{"unit":"px","size":"0","sizes":[]},"_background_image":{"url":"http:\/\/sitefacilitado.com.br\/membros\/wp-content\/uploads\/2020\/03\/dancer-in-heels-e1558339511518.jpg","id":"8287"},"background_a_color":"#222428","flip_effect":"fade","padding_b":{"unit":"em","top":"2","right":"2","bottom":"2","left":"2","isLinked":"1"},"button_hover_text_color":"#ffffff","button_hover_background_color":"#d2b29b"},"elements":[],"isInner":false,"widgetType":"flip-box","elType":"widget"}],"isInner":"","elType":"column"},{"id":"30540cc0","settings":{"_column_size":"33","_inline_size":"","_inline_size_tablet":"100"},"elements":[{"id":"2a4b8a2e","settings":{"graphic_element":"none","title_text_a":"BALLROOM CLASSES","description_text_a":"Standard and Latin Ballroom","background_a_background":"classic","background_a_image":{"url":"http:\/\/sitefacilitado.com.br\/membros\/wp-content\/uploads\/2020\/03\/dancers-do-ballet-warm-up-e1558339491718.jpg","id":"8275"},"background_a_position":"center center","background_a_repeat":"no-repeat","background_a_size":"cover","background_overlay_a":"rgba(34,36,40,0.04)","title_text_b":"Class details","description_text_b":"Sed ut perspiciatis unde omnis iste natus error sit voluptatem accusantium doloremque laudantium. Totam rem aperiam, eaque ipsa quae ab illo inventore veritatis et quasi architecto beatae vitae dicta sunt explicabo.","button_text":"Book Now","link":{"url":"#","is_external":"","nofollow":""},"background_b_background":"classic","background_b_color":"#222428","background_b_image":{"url":"http:\/\/sitefacilitado.com.br\/membros\/wp-content\/uploads\/2020\/03\/dancer-jumps-e1558339306945.jpg","id":"8286"},"background_b_position":"center center","background_b_repeat":"no-repeat","background_b_size":"cover","background_b_bg_width":{"unit":"vw","size":"31","sizes":[]},"background_overlay_b":"rgba(34,36,40,0.88)","height":{"unit":"px","size":"400","sizes":[]},"border_radius":{"unit":"px","size":"2","sizes":[]},"padding_a":{"unit":"em","top":"2.5","right":"2.5","bottom":"2","left":"2.5","isLinked":""},"alignment_a":"left","vertical_position_a":"bottom","title_spacing_a":{"unit":"px","size":"9","sizes":[]},"title_color_a":"#ffffff","title_typography_a_typography":"custom","title_typography_a_font_family":"Karla","title_typography_a_font_size":{"unit":"em","size":"1.25","sizes":[]},"title_typography_a_font_weight":"700","title_typography_a_letter_spacing":{"unit":"px","size":"-1","sizes":[]},"description_color_a":"#ffffff","description_typography_a_typography":"custom","description_typography_a_font_family":"Lora","description_typography_a_font_size":{"unit":"em","size":"0.9","sizes":[]},"description_typography_a_font_weight":"400","description_typography_a_font_style":"italic","title_spacing_b":{"unit":"px","size":"28","sizes":[]},"title_typography_b_typography":"custom","title_typography_b_font_family":"Karla","title_typography_b_font_size":{"unit":"em","size":"1.4","sizes":[]},"title_typography_b_font_weight":"700","title_typography_b_line_height":{"unit":"em","size":"1","sizes":[]},"title_typography_b_letter_spacing":{"unit":"px","size":"-0.6","sizes":[]},"description_spacing_b":{"unit":"px","size":"37","sizes":[]},"description_typography_b_typography":"custom","description_typography_b_font_family":"Lora","description_typography_b_font_size":{"unit":"em","size":"0.94","sizes":[]},"description_typography_b_font_weight":"400","description_typography_b_line_height":{"unit":"em","size":"1.5","sizes":[]},"button_size":"lg","button_typography_typography":"custom","button_typography_font_family":"Karla","button_typography_font_size":{"unit":"em","size":"0.84","sizes":[]},"button_typography_font_weight":"600","button_typography_text_transform":"uppercase","button_typography_line_height":{"unit":"em","size":"0.9","sizes":[]},"button_typography_letter_spacing":{"unit":"px","size":"1.6","sizes":[]},"button_text_color":"#222428","button_background_color":"#ffffff","button_border_color":"rgba(255,255,255,0)","button_border_radius":{"unit":"px","size":"0","sizes":[]},"_background_image":{"url":"http:\/\/sitefacilitado.com.br\/membros\/wp-content\/uploads\/2020\/03\/dancer-in-heels-e1558339511518.jpg","id":"8287"},"background_a_color":"#222428","flip_effect":"fade","padding_b":{"unit":"em","top":"2","right":"2","bottom":"2","left":"2","isLinked":"1"},"button_hover_text_color":"#ffffff","button_hover_background_color":"#d2b29b"},"elements":[],"isInner":false,"widgetType":"flip-box","elType":"widget"}],"isInner":"","elType":"column"}],"isInner":"","elType":"section"},{"id":"5814eeb2","settings":{"text":"See More Classes","align":"center","icon_align":"right","icon_indent":{"unit":"px","size":"8","sizes":[]},"typography_typography":"custom","typography_font_family":"Karla","typography_font_size":{"unit":"em","size":"0.83","sizes":[]},"typography_font_weight":"600","typography_text_transform":"uppercase","typography_line_height":{"unit":"em","size":"2.2","sizes":[]},"typography_letter_spacing":{"unit":"px","size":"1.6","sizes":[]},"button_text_color":"#ffffff","background_color":"#d2b29b","hover_color":"#ffffff","button_background_hover_color":"#222428","hover_animation":"grow","border_radius":{"unit":"px","top":"0","right":"0","bottom":"0","left":"0","isLinked":"1"},"text_padding":{"unit":"em","top":"1","right":"4","bottom":"1","left":"4","isLinked":""},"_background_color":"#000000","_padding":{"unit":"em","top":"3","right":"0","bottom":"1","left":"0","isLinked":""}},"elements":[],"isInner":false,"widgetType":"button","elType":"widget"}],"isInner":"","elType":"column"}],"isInner":"","elType":"section"},{"id":"4323c48d","settings":{"layout":"full_width","gap":"no","structure":"20","background_background":"classic","background_color":"#ffffff","padding":{"unit":"em","top":"3","right":"0","bottom":"6","left":"0","isLinked":""}},"elements":[{"id":"f807908","settings":{"_column_size":"50","_inline_size":"","_inline_size_tablet":"100","motion_fx_motion_fx_scrolling":"yes","motion_fx_translateY_effect":"yes","motion_fx_translateY_speed":{"unit":"px","size":"2","sizes":[]}},"elements":[{"id":"4b2dffa6","settings":{"image":{"url":"http:\/\/sitefacilitado.com.br\/membros\/wp-content\/uploads\/2020\/03\/dancer-jumps-e1558339306945.jpg","id":"8286"},"image_size":"custom","image_custom_dimension":{"width":"1000","height":"800"}},"elements":[],"isInner":false,"widgetType":"image","elType":"widget"}],"isInner":"","elType":"column"},{"id":"301f7d3d","settings":{"_column_size":"50","_inline_size":"","content_position":"center","_inline_size_tablet":"100","padding_tablet":{"unit":"em","top":"2","right":"2","bottom":"2","left":"2","isLinked":"1"}},"elements":[{"id":"7174f039","settings":{"padding":{"unit":"em","top":"1","right":"4","bottom":"1","left":"4","isLinked":""},"content_width":{"unit":"px","size":"700","sizes":[]},"padding_tablet":{"unit":"em","top":"3","right":"0","bottom":"0","left":"0","isLinked":""}},"elements":[{"id":"2150631d","settings":{"_column_size":"100","_inline_size":"","space_between_widgets":"0","_inline_size_tablet":"100"},"elements":[{"id":"6ba9327","settings":{"title":"Instructors","header_size":"h3","align":"left","title_color":"#b0b0ba","typography_typography":"custom","typography_font_family":"Karla","typography_font_size":{"unit":"em","size":"0.94","sizes":[]},"typography_font_weight":"600","typography_text_transform":"uppercase","typography_letter_spacing":{"unit":"px","size":"0.6","sizes":[]},"_margin":{"unit":"px","top":"0","right":"0","bottom":"0","left":"0","isLinked":""},"_padding":{"unit":"em","top":"0","right":"0","bottom":"0","left":"0","isLinked":""},"align_mobile":"center"},"elements":[],"isInner":false,"widgetType":"heading","elType":"widget"},{"id":"19112194","settings":{"title":"All classes are taught by industry arts professionals","align":"left","title_color":"#222428","typography_typography":"custom","typography_font_family":"Karla","typography_font_size":{"unit":"em","size":"2.5","sizes":[]},"typography_font_weight":"700","typography_letter_spacing":{"unit":"px","size":"-2","sizes":[]},"_padding":{"unit":"em","top":"1.8","right":"0","bottom":"0.5","left":"0","isLinked":""},"typography_font_size_tablet":{"unit":"em","size":"1.9","sizes":[]},"typography_line_height":{"unit":"em","size":"1.2","sizes":[]},"align_mobile":"center"},"elements":[],"isInner":false,"widgetType":"heading","elType":"widget"},{"id":"56a0a3c2","settings":{"editor":"<p>Ultrices mi tempus imperdiet nulla malesuada pellentesque elit eget gravida. Viverra suspendisse potenti nullam.<\/p><p>Lorem ipsum dolor sit amet, consectetur adipiscing elit, sed do eiusmod tempor incididunt ut labore et dolore magna aliqua. Ut enim ad minim veniam, quis nostrud.<\/p>","text_color":"#808291","typography_typography":"custom","typography_font_family":"Lora","typography_font_size":{"unit":"em","size":"1","sizes":[]},"typography_font_weight":"400","typography_line_height":{"unit":"em","size":"1.8","sizes":[]},"align":"left","_padding":{"unit":"em","top":"0","right":"0","bottom":"0","left":"0","isLinked":""},"align_mobile":"center"},"elements":[],"isInner":false,"widgetType":"text-editor","elType":"widget"}],"isInner":"1","elType":"column"}],"isInner":"1","elType":"section"},{"id":"59abeebf","settings":{"structure":"40","padding":{"unit":"em","top":"1","right":"0","bottom":"0","left":"0","isLinked":""}},"elements":[{"id":"384f5c39","settings":{"_column_size":"25","_inline_size":"10.327","_inline_size_tablet":"100","_inline_size_mobile":"26"},"elements":[],"isInner":"1","elType":"column"},{"id":"7ceb33cd","settings":{"_column_size":"25","_inline_size":"13.224","_inline_size_tablet":"16","_inline_size_mobile":"47"},"elements":[{"id":"232ebf85","settings":{"youtube_url":"https:\/\/www.youtube.com\/watch?v=Wf0eVWVevns","vimeo_url":"https:\/\/vimeo.com\/235215203","dailymotion_url":"https:\/\/www.dailymotion.com\/video\/x6tqhqb","modestbranding":"yes","show_image_overlay":"yes","image_overlay":{"url":"http:\/\/sitefacilitado.com.br\/membros\/wp-content\/uploads\/2020\/03\/playbtn-custom-2.png","id":"8268"},"lazy_load":"yes","show_play_icon":"","lightbox":"yes","_css_classes":"envato-kit-168-button-ripple"},"elements":[],"isInner":false,"widgetType":"video","elType":"widget"}],"isInner":"1","elType":"column"},{"id":"3ef96e3a","settings":{"_column_size":"25","_inline_size":"38.035","content_position":"center","_inline_size_tablet":"82","_inline_size_mobile":"100"},"elements":[{"id":"70375a7d","settings":{"title":"Discover the dance \u2014","align":"left","title_color":"#222428","typography_typography":"custom","typography_font_family":"Karla","typography_font_size":{"unit":"em","size":"0.9","sizes":[]},"typography_font_weight":"600","typography_text_transform":"uppercase","typography_letter_spacing":{"unit":"px","size":"1.6","sizes":[]},"_padding":{"unit":"em","top":"0","right":"0","bottom":"0","left":"0","isLinked":""},"header_size":"h3","_margin":{"unit":"px","top":"0","right":"0","bottom":"0","left":"0","isLinked":""},"align_mobile":"center"},"elements":[],"isInner":false,"widgetType":"heading","elType":"widget"}],"isInner":"1","elType":"column"},{"id":"1723e61c","settings":{"_column_size":"25","_inline_size":"38.35","_inline_size_tablet":"100"},"elements":[],"isInner":"1","elType":"column"}],"isInner":"1","elType":"section"}],"isInner":"","elType":"column"}],"isInner":"","elType":"section"},{"id":"56f7949a","settings":{"background_color":"#faefe6","shape_divider_top_color":"#f4f6f7","shape_divider_top_width":{"unit":"%","size":"107","sizes":[]},"shape_divider_top_height":{"unit":"px","size":"134","sizes":[]},"padding":{"unit":"em","top":"1","right":"0","bottom":"4","left":"0","isLinked":""},"layout":"full_width"},"elements":[{"id":"46fcbfce","settings":{"_column_size":"100","_inline_size":""},"elements":[{"id":"55e72a91","settings":{"padding":{"unit":"em","top":"0","right":"0","bottom":"0","left":"0","isLinked":""}},"elements":[{"id":"49e8f4fa","settings":{"_column_size":"100","_inline_size":""},"elements":[{"id":"44982b3c","settings":{"title":"What they say","align":"center","title_color":"#bcbcbc","typography_typography":"custom","typography_font_family":"Karla","typography_font_size":{"unit":"px","size":"15"},"typography_font_weight":"600","typography_text_transform":"uppercase","typography_line_height":{"unit":"em","size":"1.4"},"typography_letter_spacing":{"unit":"px","size":"1.6"},"_padding":{"unit":"em","top":"0","right":"0","bottom":"0","left":"0","isLinked":""},"header_size":"h3","align_mobile":"center"},"elements":[],"isInner":false,"widgetType":"heading","elType":"widget"},{"id":"4a9db3cc","settings":{"title":"Real Testimonials","align":"center","title_color":"#222428","typography_typography":"custom","typography_font_family":"Karla","typography_font_size":{"unit":"em","size":"2.6","sizes":[]},"typography_font_weight":"700","typography_letter_spacing":{"unit":"px","size":"-2","sizes":[]},"_padding":{"unit":"em","top":"0","right":"0","bottom":"0.5","left":"0","isLinked":""}},"elements":[],"isInner":false,"widgetType":"heading","elType":"widget"}],"isInner":"1","elType":"column"}],"isInner":"1","elType":"section"},{"id":"236ffca7","settings":{"content_width":{"unit":"px","size":"1250","sizes":[]}},"elements":[{"id":"61e1386e","settings":{"_column_size":"100","_inline_size":""},"elements":[{"id":"4cf63e","settings":{"slides":[{"content":"\"Duis aute irure dolor in reprehenderit in voluptate velit esse cillum dolore eu fugiat nulla pariatur. Excepteur sint occaecat cupidatat non proident, sunt ilaborum.\"","name":"Jannet Walla","title":"Hair Stylist","image":{"url":"http:\/\/sitefacilitado.com.br\/membros\/wp-content\/uploads\/2020\/03\/photo-1489424731084-a5d8b219a5bb-e1558340838159.jpeg","id":"8272"},"_id":"93e2790"},{"content":"\"Sed ut perspiciatis unde omnis iste natus error sit amet voluptatem accusantium doloremque laudtium. Totam rem aperiam, eaque duis aute irure.\"","name":"Lynell Prowell","title":"Marketing Director","image":{"url":"http:\/\/sitefacilitado.com.br\/membros\/wp-content\/uploads\/2020\/03\/photo-1551377293-bf667b4b79a6-1-e1558340820646.jpeg","id":"8273"},"_id":"8e1a169"},{"content":"\"Duis aute irure dolor in reprehenderit in voluptate velit esse cillum dolore eu fugiat nulla pariatur. Excepteur sint occaecat cupidatat non proident, sunt ilaborum.\"","name":"Shanae Pooler","title":"Support Specialist","image":{"url":"http:\/\/sitefacilitado.com.br\/membros\/wp-content\/uploads\/2020\/03\/photo-1494790108377-be9c29b29330-e1558340801209.jpeg","id":"8281"},"_id":"0d3f0a2"}],"skin":"bubble","slides_per_view":"2","content_color":"#808291","content_typography_typography":"custom","content_typography_font_family":"Lora","content_typography_font_size":{"unit":"em","size":"1","sizes":[]},"content_typography_font_size_mobile":{"unit":"em","size":"0.9","sizes":[]},"content_typography_font_weight":"400","content_typography_font_style":"normal","content_typography_line_height":{"unit":"em","size":"2.3","sizes":[]},"content_typography_line_height_mobile":{"unit":"em","size":"1.6","sizes":[]},"content_typography_letter_spacing":{"unit":"px","size":"0","sizes":[]},"name_color":"#000000","name_typography_typography":"custom","name_typography_font_family":"Poppins","name_typography_font_size":{"unit":"em","size":"1.1","sizes":[]},"name_typography_font_weight":"600","name_typography_line_height":{"unit":"em","size":"1.7","sizes":[]},"name_typography_letter_spacing":{"unit":"px","size":"-0.5","sizes":[]},"title_color":"#808291","title_typography_typography":"custom","title_typography_font_family":"Lora","title_typography_font_size":{"unit":"em","size":"1","sizes":[]},"title_typography_font_weight":"400","title_typography_font_style":"italic","image_size":{"unit":"px","size":"67","sizes":[]},"image_border_color":"","image_border_width":{"unit":"px","top":"","right":"","bottom":"","left":"","isLinked":"1"},"image_border_width_tablet":{"unit":"px","top":"","right":"","bottom":"","left":"","isLinked":"1"},"image_border_width_mobile":{"unit":"px","top":"","right":"","bottom":"","left":"","isLinked":"1"},"image_border_radius":{"unit":"px","top":"","right":"","bottom":"","left":"","isLinked":"1"},"arrows_size":{"unit":"px","size":"15","sizes":[]},"arrows_color":"#ffffff","pagination_color":"#222428","background_color":"#f4f6f7","text_padding":{"unit":"em","top":"2.1","right":"2.5","bottom":"2.2","left":"2.5","isLinked":""},"border":"yes","border_color":"#ffffff","border_width":{"unit":"px","size":"1","sizes":[]},"show_arrows":"","space_between":{"unit":"px","size":"0","sizes":[]},"slide_border_radius":{"unit":"px","size":"4","sizes":[]},"content_gap":{"unit":"px","size":"26","sizes":[]},"image_gap":{"unit":"px","size":"20","sizes":[]},"alignment":"left","slide_border_color":"rgba(255,255,255,0)","slide_background_color":"#ffffff"},"elements":[],"isInner":false,"widgetType":"testimonial-carousel","elType":"widget"}],"isInner":"1","elType":"column"}],"isInner":"1","elType":"section"}],"isInner":"","elType":"column"}],"isInner":"","elType":"section"},{"id":"7b2c329e","settings":{"background_background":"classic","background_color":"#1b1d26","background_overlay_opacity":{"unit":"px","size":"1","sizes":[]},"shape_divider_top_color":"#f4f6f7","shape_divider_top_width":{"unit":"%","size":"178","sizes":[]},"shape_divider_top_height":{"unit":"px","size":"421","sizes":[]},"shape_divider_bottom_color":"#1d1b26","padding":{"unit":"em","top":"6","right":"0","bottom":"6","left":"0","isLinked":""},"background_image":{"url":"http:\/\/sitefacilitado.com.br\/membros\/wp-content\/uploads\/2020\/03\/dance-studio-practice-e1558339536910.jpg","id":"8288"},"background_position":"center center","background_repeat":"no-repeat","background_size":"cover","background_overlay_background":"gradient","background_overlay_color":"#1b1d26","background_overlay_color_b":"rgba(29,27,38,0.47)","shape_divider_bottom_width":{"unit":"%","size":"300","sizes":[]},"shape_divider_bottom_height":{"unit":"px","size":"123","sizes":[]},"shape_divider_top_negative":"yes"},"elements":[{"id":"5d2bef8f","settings":{"_column_size":"100","space_between_widgets":"0","padding_tablet":{"unit":"em","top":"1","right":"1","bottom":"1","left":"1","isLinked":"1"}},"elements":[{"id":"335192c3","settings":{"title":"Schedule","align":"center","title_color":"#bcbcbc","typography_typography":"custom","typography_font_family":"Karla","typography_font_size":{"unit":"px","size":"15"},"typography_font_weight":"600","typography_text_transform":"uppercase","typography_line_height":{"unit":"em","size":"1.4"},"typography_letter_spacing":{"unit":"px","size":"1.6"},"_padding":{"unit":"em","top":"0.4","right":"0","bottom":"1.3","left":"0","isLinked":""},"header_size":"h3","align_mobile":"center"},"elements":[],"isInner":false,"widgetType":"heading","elType":"widget"},{"id":"6bc69ea2","settings":{"title":"Our Timetable","header_size":"h1","align":"center","title_color":"#ffffff","typography_typography":"custom","typography_font_family":"Karla","typography_font_size":{"unit":"em","size":"2.6","sizes":[]},"typography_font_weight":"700","typography_letter_spacing":{"unit":"px","size":"-2","sizes":[]},"_padding":{"unit":"em","top":"0","right":"0","bottom":"03","left":"0","isLinked":""}},"elements":[],"isInner":false,"widgetType":"heading","elType":"widget"},{"id":"1e005498","settings":{"title":"Saturday, April 13","title_color":"#d2b29b","typography_typography":"custom","typography_font_family":"Karla","typography_font_size":{"unit":"em","size":"0.94","sizes":[]},"typography_font_weight":"700","typography_text_transform":"uppercase","typography_letter_spacing":{"unit":"px","size":"1","sizes":[]},"_padding":{"unit":"em","top":"0","right":"0","bottom":"2","left":"0","isLinked":""},"header_size":"h3","align":"center"},"elements":[],"isInner":false,"widgetType":"heading","elType":"widget"},{"id":"51b4e34d","settings":{"structure":"20","background_background":"classic","background_color":"#ffffff","padding":{"unit":"em","top":"1.5","right":"2.4","bottom":"1.8","left":"2.4","isLinked":""},"border_radius":{"unit":"px","top":"4","right":"4","bottom":"4","left":"4","isLinked":"1"},"margin":{"unit":"px","top":"0","right":"0","bottom":"30","left":"0","isLinked":""}},"elements":[{"id":"1ba2b016","settings":{"_column_size":"50","_inline_size":"70.982","content_position":"center","space_between_widgets":"0","_inline_size_tablet":"60"},"elements":[{"id":"56ca8a52","settings":{"editor":"<p>12:00 PM\u00a0\u2013\u00a001:00 PM<\/p>","text_color":"#808291","typography_typography":"custom","typography_font_family":"Lora","typography_font_size":{"unit":"em","size":"0.9","sizes":[]},"typography_font_weight":"400","typography_line_height":{"unit":"em","size":"1","sizes":[]},"_padding":{"unit":"em","top":"0","right":"0","bottom":"0","left":"0","isLinked":""}},"elements":[],"isInner":false,"widgetType":"text-editor","elType":"widget"},{"id":"7f6fc6c0","settings":{"title":"Beginner Contemporary","title_color":"#222428","typography_typography":"custom","typography_font_family":"Karla","typography_font_size":{"unit":"em","size":"0.86","sizes":[]},"typography_font_weight":"600","typography_text_transform":"uppercase","typography_letter_spacing":{"unit":"px","size":"0.6","sizes":[]},"_padding":{"unit":"em","top":"0","right":"0","bottom":"0","left":"0","isLinked":""},"typography_line_height":{"unit":"em","size":"1.5","sizes":[]},"header_size":"h3"},"elements":[],"isInner":false,"widgetType":"heading","elType":"widget"},{"id":"6e72ba8e","settings":{"editor":"<p>Kaleela Dominic<\/p>","text_color":"#808291","typography_typography":"custom","typography_font_family":"Lora","typography_font_size":{"unit":"em","size":"0.9","sizes":[]},"typography_font_weight":"400","typography_line_height":{"unit":"em","size":"1","sizes":[]},"_padding":{"unit":"em","top":"0","right":"0","bottom":"0","left":"0","isLinked":""},"typography_font_style":"italic"},"elements":[],"isInner":false,"widgetType":"text-editor","elType":"widget"},{"id":"2c3d9efd","settings":{"tabs":[{"tab_title":"View details","tab_content":"<p>Sed ut perspiciatis unde omnis iste natus error sit voluptatem accusantium doloremque laudantium, totam rem aperiam, eaque ipsa quae ab illo inventore veritatis et quasi architecto beatae vitae dicta sunt explicabo.<\/p>","_id":"8042709"}],"icon":"fa fa-angle-down","icon_active":"fa fa-angle-up","border_width":{"unit":"px","size":"0","sizes":[]},"border_color":"#ffffff","space_between":{"unit":"px","size":"14","sizes":[]},"title_background":"rgba(255,255,255,0)","title_color":"#222428","tab_active_color":"#222428","title_typography_typography":"custom","title_typography_font_family":"Lora","title_typography_font_size":{"unit":"em","size":"0.9","sizes":[]},"title_typography_font_weight":"400","title_padding":{"unit":"em","top":"0","right":"0","bottom":"0","left":"0","isLinked":"1"},"icon_color":"#808291","icon_active_color":"#808291","icon_space":{"unit":"px","size":"6","sizes":[]},"content_background_color":"rgba(244,246,247,0)","content_color":"#808291","content_typography_typography":"custom","content_typography_font_family":"Lora","content_typography_font_size":{"unit":"em","size":"0.9","sizes":[]},"content_typography_font_weight":"400","content_typography_line_height":{"unit":"em","size":"1.9","sizes":[]},"content_padding":{"unit":"em","top":"0","right":"1.5","bottom":"0","left":"1.5","isLinked":""},"_margin":{"unit":"px","top":"6","right":"0","bottom":"6","left":"0","isLinked":""},"_padding":{"unit":"em","top":"0","right":"0","bottom":"0","left":"0","isLinked":""},"_background_background":"classic","_background_color":"#ffffff","_border_border":"solid","_border_width":{"unit":"px","top":"1","right":"1","bottom":"1","left":"1","isLinked":"1"},"_border_color":"#ffffff","_border_radius":{"unit":"px","top":"10","right":"10","bottom":"10","left":"10","isLinked":"1"}},"elements":[],"isInner":false,"widgetType":"toggle","elType":"widget"}],"isInner":"1","elType":"column"},{"id":"5863380f","settings":{"_column_size":"50","_inline_size":"29.018","content_position":"center","_inline_size_tablet":"40"},"elements":[{"id":"566db5e4","settings":{"text":"Sign up for class","align":"center","icon_align":"right","icon_indent":{"unit":"px","size":"8","sizes":[]},"typography_typography":"custom","typography_font_family":"Karla","typography_font_size":{"unit":"em","size":"0.83","sizes":[]},"typography_font_weight":"600","typography_text_transform":"uppercase","typography_line_height":{"unit":"em","size":"2.2","sizes":[]},"typography_letter_spacing":{"unit":"px","size":"1.6","sizes":[]},"button_text_color":"#ffffff","background_color":"#d2b29b","hover_color":"#ffffff","button_background_hover_color":"#222428","hover_animation":"grow","border_radius":{"unit":"px","top":"0","right":"0","bottom":"0","left":"0","isLinked":"1"},"text_padding":{"unit":"em","top":"1","right":"3.5","bottom":"1","left":"3.5","isLinked":""},"_background_color":"#000000","_padding":{"unit":"em","top":"0","right":"0","bottom":"0","left":"0","isLinked":""},"text_padding_tablet":{"unit":"em","top":"1","right":"3","bottom":"1","left":"3","isLinked":""},"text_padding_mobile":{"unit":"em","top":"1","right":"2","bottom":"1","left":"2","isLinked":""}},"elements":[],"isInner":false,"widgetType":"button","elType":"widget"}],"isInner":"1","elType":"column"}],"isInner":"1","elType":"section"},{"id":"10b9f2ee","settings":{"structure":"20","background_background":"classic","background_color":"#ffffff","padding":{"unit":"em","top":"1.5","right":"2.4","bottom":"1.8","left":"2.4","isLinked":""},"border_radius":{"unit":"px","top":"4","right":"4","bottom":"4","left":"4","isLinked":"1"},"margin":{"unit":"px","top":"0","right":"0","bottom":"30","left":"0","isLinked":""}},"elements":[{"id":"5bb73a3","settings":{"_column_size":"50","_inline_size":"70.982","content_position":"center","space_between_widgets":"0","_inline_size_tablet":"60"},"elements":[{"id":"1b689ea","settings":{"editor":"<p>01:00 PM \u2013 02:00 PM<\/p>","text_color":"#808291","typography_typography":"custom","typography_font_family":"Lora","typography_font_size":{"unit":"em","size":"0.9","sizes":[]},"typography_font_weight":"400","typography_line_height":{"unit":"em","size":"1","sizes":[]},"_padding":{"unit":"em","top":"0","right":"0","bottom":"0","left":"0","isLinked":""}},"elements":[],"isInner":false,"widgetType":"text-editor","elType":"widget"},{"id":"3342d377","settings":{"title":"Urban Choreography","title_color":"#222428","typography_typography":"custom","typography_font_family":"Karla","typography_font_size":{"unit":"em","size":"0.86","sizes":[]},"typography_font_weight":"600","typography_text_transform":"uppercase","typography_letter_spacing":{"unit":"px","size":"0.6","sizes":[]},"_padding":{"unit":"em","top":"0","right":"0","bottom":"0","left":"0","isLinked":""},"typography_line_height":{"unit":"em","size":"1.5","sizes":[]},"header_size":"h3"},"elements":[],"isInner":false,"widgetType":"heading","elType":"widget"},{"id":"5fff5a9d","settings":{"editor":"<p>Oyi Cortez<\/p>","text_color":"#808291","typography_typography":"custom","typography_font_family":"Lora","typography_font_size":{"unit":"em","size":"0.9","sizes":[]},"typography_font_weight":"400","typography_line_height":{"unit":"em","size":"1","sizes":[]},"_padding":{"unit":"em","top":"0","right":"0","bottom":"0","left":"0","isLinked":""},"typography_font_style":"italic"},"elements":[],"isInner":false,"widgetType":"text-editor","elType":"widget"},{"id":"1a89bbb1","settings":{"tabs":[{"tab_title":"View details","tab_content":"<p>Sed ut perspiciatis unde omnis iste natus error sit voluptatem accusantium doloremque laudantium, totam rem aperiam, eaque ipsa quae ab illo inventore veritatis et quasi architecto beatae vitae dicta sunt explicabo.<\/p>","_id":"8042709"}],"icon":"fa fa-angle-down","icon_active":"fa fa-angle-up","border_width":{"unit":"px","size":"0","sizes":[]},"border_color":"#ffffff","space_between":{"unit":"px","size":"14","sizes":[]},"title_background":"rgba(255,255,255,0)","title_color":"#222428","tab_active_color":"#222428","title_typography_typography":"custom","title_typography_font_family":"Lora","title_typography_font_size":{"unit":"em","size":"0.9","sizes":[]},"title_typography_font_weight":"400","title_padding":{"unit":"em","top":"0","right":"0","bottom":"0","left":"0","isLinked":"1"},"icon_color":"#808291","icon_active_color":"#808291","icon_space":{"unit":"px","size":"6","sizes":[]},"content_background_color":"rgba(244,246,247,0)","content_color":"#808291","content_typography_typography":"custom","content_typography_font_family":"Lora","content_typography_font_size":{"unit":"em","size":"0.9","sizes":[]},"content_typography_font_weight":"400","content_typography_line_height":{"unit":"em","size":"1.9","sizes":[]},"content_padding":{"unit":"em","top":"0","right":"1.5","bottom":"0","left":"1.5","isLinked":""},"_margin":{"unit":"px","top":"6","right":"0","bottom":"6","left":"0","isLinked":""},"_padding":{"unit":"em","top":"0","right":"0","bottom":"0","left":"0","isLinked":""},"_background_background":"classic","_background_color":"#ffffff","_border_border":"solid","_border_width":{"unit":"px","top":"1","right":"1","bottom":"1","left":"1","isLinked":"1"},"_border_color":"#ffffff","_border_radius":{"unit":"px","top":"10","right":"10","bottom":"10","left":"10","isLinked":"1"}},"elements":[],"isInner":false,"widgetType":"toggle","elType":"widget"}],"isInner":"1","elType":"column"},{"id":"5c4cbbd3","settings":{"_column_size":"50","_inline_size":"29.018","content_position":"center","_inline_size_tablet":"40"},"elements":[{"id":"e7e321d","settings":{"text":"Sign up for class","align":"center","icon_align":"right","icon_indent":{"unit":"px","size":"8","sizes":[]},"typography_typography":"custom","typography_font_family":"Karla","typography_font_size":{"unit":"em","size":"0.83","sizes":[]},"typography_font_weight":"600","typography_text_transform":"uppercase","typography_line_height":{"unit":"em","size":"2.2","sizes":[]},"typography_letter_spacing":{"unit":"px","size":"1.6","sizes":[]},"button_text_color":"#ffffff","background_color":"#d2b29b","hover_color":"#ffffff","button_background_hover_color":"#222428","hover_animation":"grow","border_radius":{"unit":"px","top":"0","right":"0","bottom":"0","left":"0","isLinked":"1"},"text_padding":{"unit":"em","top":"1","right":"3.5","bottom":"1","left":"3.5","isLinked":""},"_background_color":"#000000","_padding":{"unit":"em","top":"0","right":"0","bottom":"0","left":"0","isLinked":""},"text_padding_tablet":{"unit":"em","top":"1","right":"3","bottom":"1","left":"3","isLinked":""},"text_padding_mobile":{"unit":"em","top":"1","right":"2","bottom":"1","left":"2","isLinked":""}},"elements":[],"isInner":false,"widgetType":"button","elType":"widget"}],"isInner":"1","elType":"column"}],"isInner":"1","elType":"section"},{"id":"6b389e69","settings":{"content_width":{"unit":"px","size":"1040","sizes":[]},"background_color":"#f4f6f7","shape_divider_top_color":"#ffffff","shape_divider_top_width":{"unit":"%","size":"258","sizes":[]},"shape_divider_top_height":{"unit":"px","size":"88","sizes":[]},"shape_divider_bottom_color":"#f4f6f7","padding":{"unit":"em","top":"0","right":"0","bottom":"0","left":"0","isLinked":""}},"elements":[{"id":"5ef91a36","settings":{"_column_size":"100","space_between_widgets":"0"},"elements":[{"id":"dfe0b67","settings":{"title":"Sunday, April 14","title_color":"#d2b29b","typography_typography":"custom","typography_font_family":"Karla","typography_font_size":{"unit":"em","size":"0.94","sizes":[]},"typography_font_weight":"700","typography_text_transform":"uppercase","typography_letter_spacing":{"unit":"px","size":"1","sizes":[]},"_padding":{"unit":"em","top":"1","right":"0","bottom":"2","left":"0","isLinked":""},"header_size":"h3","align":"center"},"elements":[],"isInner":false,"widgetType":"heading","elType":"widget"},{"id":"37b2e7ad","settings":{"structure":"20","background_background":"classic","background_color":"#ffffff","padding":{"unit":"em","top":"1.5","right":"2.4","bottom":"1.8","left":"2.4","isLinked":""},"border_radius":{"unit":"px","top":"4","right":"4","bottom":"4","left":"4","isLinked":"1"},"margin":{"unit":"px","top":"0","right":"0","bottom":"30","left":"0","isLinked":""}},"elements":[{"id":"488feeec","settings":{"_column_size":"50","_inline_size":"70.982","content_position":"center","space_between_widgets":"0","_inline_size_tablet":"60"},"elements":[{"id":"79ec521","settings":{"editor":"<p>12:00 PM \u2013 04:00 PM<\/p>","text_color":"#808291","typography_typography":"custom","typography_font_family":"Lora","typography_font_size":{"unit":"em","size":"0.9","sizes":[]},"typography_font_weight":"400","typography_line_height":{"unit":"em","size":"1","sizes":[]},"_padding":{"unit":"em","top":"0","right":"0","bottom":"0","left":"0","isLinked":""}},"elements":[],"isInner":false,"widgetType":"text-editor","elType":"widget"},{"id":"674fa6ab","settings":{"title":"Advanced Choreography","title_color":"#222428","typography_typography":"custom","typography_font_family":"Karla","typography_font_size":{"unit":"em","size":"0.86","sizes":[]},"typography_font_weight":"600","typography_text_transform":"uppercase","typography_letter_spacing":{"unit":"px","size":"0.6","sizes":[]},"_padding":{"unit":"em","top":"0","right":"0","bottom":"0","left":"0","isLinked":""},"typography_line_height":{"unit":"em","size":"1.5","sizes":[]},"header_size":"h3"},"elements":[],"isInner":false,"widgetType":"heading","elType":"widget"},{"id":"296dd354","settings":{"editor":"<p>Nicole Rosove<\/p>","text_color":"#808291","typography_typography":"custom","typography_font_family":"Lora","typography_font_size":{"unit":"em","size":"0.9","sizes":[]},"typography_font_weight":"400","typography_line_height":{"unit":"em","size":"1","sizes":[]},"_padding":{"unit":"em","top":"0","right":"0","bottom":"0","left":"0","isLinked":""},"typography_font_style":"italic"},"elements":[],"isInner":false,"widgetType":"text-editor","elType":"widget"},{"id":"5dfdbc29","settings":{"tabs":[{"tab_title":"View details","tab_content":"<p>Sed ut perspiciatis unde omnis iste natus error sit voluptatem accusantium doloremque laudantium, totam rem aperiam, eaque ipsa quae ab illo inventore veritatis et quasi architecto beatae vitae dicta sunt explicabo.<\/p>","_id":"8042709"}],"icon":"fa fa-angle-down","icon_active":"fa fa-angle-up","border_width":{"unit":"px","size":"0","sizes":[]},"border_color":"#ffffff","space_between":{"unit":"px","size":"14","sizes":[]},"title_background":"rgba(255,255,255,0)","title_color":"#222428","tab_active_color":"#222428","title_typography_typography":"custom","title_typography_font_family":"Lora","title_typography_font_size":{"unit":"em","size":"0.9","sizes":[]},"title_typography_font_weight":"400","title_padding":{"unit":"em","top":"0","right":"0","bottom":"0","left":"0","isLinked":"1"},"icon_color":"#808291","icon_active_color":"#808291","icon_space":{"unit":"px","size":"6","sizes":[]},"content_background_color":"rgba(244,246,247,0)","content_color":"#808291","content_typography_typography":"custom","content_typography_font_family":"Lora","content_typography_font_size":{"unit":"em","size":"0.9","sizes":[]},"content_typography_font_weight":"400","content_typography_line_height":{"unit":"em","size":"1.9","sizes":[]},"content_padding":{"unit":"em","top":"0","right":"1.5","bottom":"0","left":"1.5","isLinked":""},"_margin":{"unit":"px","top":"6","right":"0","bottom":"6","left":"0","isLinked":""},"_padding":{"unit":"em","top":"0","right":"0","bottom":"0","left":"0","isLinked":""},"_background_background":"classic","_background_color":"#ffffff","_border_border":"solid","_border_width":{"unit":"px","top":"1","right":"1","bottom":"1","left":"1","isLinked":"1"},"_border_color":"#ffffff","_border_radius":{"unit":"px","top":"10","right":"10","bottom":"10","left":"10","isLinked":"1"}},"elements":[],"isInner":false,"widgetType":"toggle","elType":"widget"}],"isInner":"1","elType":"column"},{"id":"634ccabf","settings":{"_column_size":"50","_inline_size":"29.018","content_position":"center","_inline_size_tablet":"40"},"elements":[{"id":"59090853","settings":{"text":"Free to drop in","align":"center","icon_align":"right","icon_indent":{"unit":"px","size":"8","sizes":[]},"typography_typography":"custom","typography_font_family":"Karla","typography_font_size":{"unit":"em","size":"0.83","sizes":[]},"typography_font_weight":"600","typography_text_transform":"uppercase","typography_line_height":{"unit":"em","size":"2.2","sizes":[]},"typography_letter_spacing":{"unit":"px","size":"1.6","sizes":[]},"button_text_color":"#ffffff","background_color":"#222428","hover_color":"#ffffff","button_background_hover_color":"#d2b29b","hover_animation":"grow","border_radius":{"unit":"px","top":"0","right":"0","bottom":"0","left":"0","isLinked":"1"},"text_padding":{"unit":"em","top":"1","right":"3.5","bottom":"1","left":"3.5","isLinked":""},"_background_color":"#000000","_padding":{"unit":"em","top":"0","right":"0","bottom":"0","left":"0","isLinked":""},"text_padding_tablet":{"unit":"em","top":"1","right":"3","bottom":"1","left":"3","isLinked":""},"text_padding_mobile":{"unit":"em","top":"1","right":"2","bottom":"1","left":"2","isLinked":""}},"elements":[],"isInner":false,"widgetType":"button","elType":"widget"}],"isInner":"1","elType":"column"}],"isInner":"1","elType":"section"}],"isInner":"","elType":"column"}],"isInner":"","elType":"section"},{"id":"3a7de9ed","settings":{"editor":"<p>Need More Classes?<\/p>","align":"center","text_color":"#e2e2e2","typography_typography":"custom","typography_font_family":"Lora","typography_font_size":{"unit":"em","size":"0.9","sizes":[]},"typography_font_weight":"400","typography_line_height":{"unit":"em","size":"1","sizes":[]},"typography_font_style":"italic","_padding":{"unit":"em","top":"0","right":"0","bottom":"0","left":"0","isLinked":""}},"elements":[],"isInner":false,"widgetType":"text-editor","elType":"widget"},{"id":"15f87232","settings":{"text":"See Full Timetable","align":"center","icon_align":"right","icon_indent":{"unit":"px","size":"8","sizes":[]},"typography_typography":"custom","typography_font_family":"Karla","typography_font_size":{"unit":"em","size":"0.83","sizes":[]},"typography_font_weight":"600","typography_text_transform":"uppercase","typography_line_height":{"unit":"em","size":"2.2","sizes":[]},"typography_letter_spacing":{"unit":"px","size":"1.6","sizes":[]},"button_text_color":"#ffffff","background_color":"#d2b29b","hover_color":"#ffffff","button_background_hover_color":"#222428","hover_animation":"grow","border_radius":{"unit":"px","top":"0","right":"0","bottom":"0","left":"0","isLinked":"1"},"text_padding":{"unit":"em","top":"1","right":"4","bottom":"1","left":"4","isLinked":""},"_background_color":"#000000","_padding":{"unit":"%","top":"1","right":"0","bottom":"1","left":"0","isLinked":""}},"elements":[],"isInner":false,"widgetType":"button","elType":"widget"}],"isInner":"","elType":"column"}],"isInner":"","elType":"section"}]}