{
    "version": "0.4",
    "title": "404",
    "type": "single",
    "metadata": {
        "template_type": "single-404",
        "include_in_zip": "1",
        "elementor_pro_required": "1",
        "elementor_library_type": "single",
        "elementor_pro_conditions": [
            "include\/singular\/not_found404"
        ],
        "additional_template_information": [
            "This is a \"Single\" template for Elementor Pro.",
            "This template will display on: 404 Page."
        ],
        "wp_page_template": "default"
    },
    "content": [
        {
            "id": "1374adc5",
            "settings": {
                "layout": "full_width",
                "height": "min-height",
                "custom_height": {
                    "unit": "vh",
                    "size": 100,
                    "sizes": []
                },
                "structure": "20",
                "background_background": "classic",
                "background_position": "center center",
                "background_xpos": {
                    "unit": "vw",
                    "size": 0,
                    "sizes": []
                },
                "background_ypos": {
                    "unit": "%",
                    "size": 0,
                    "sizes": []
                },
                "background_repeat": "repeat",
                "background_size": "cover",
                "background_bg_width": {
                    "unit": "px",
                    "size": 500,
                    "sizes": []
                },
                "background_overlay_background": "classic",
                "background_overlay_image": {
                    "id": 190,
                    "url": "https:\/\/kit.detheme.com\/cabana\/wp-content\/uploads\/sites\/43\/2020\/11\/white-and-grey-living-room-56JFYEK.jpg"
                },
                "background_overlay_position": "initial",
                "background_overlay_xpos": {
                    "unit": "vw",
                    "size": 50,
                    "sizes": []
                },
                "background_overlay_ypos": {
                    "unit": "%",
                    "size": 50,
                    "sizes": []
                },
                "background_overlay_repeat": "no-repeat",
                "background_overlay_size": "initial",
                "background_overlay_size_tablet": "initial",
                "background_overlay_bg_width": {
                    "unit": "vw",
                    "size": 50,
                    "sizes": []
                },
                "background_overlay_bg_width_tablet": {
                    "unit": "px",
                    "size": 0,
                    "sizes": []
                },
                "background_overlay_opacity": {
                    "unit": "px",
                    "size": 1,
                    "sizes": []
                },
                "__globals__": {
                    "background_overlay_color": "globals\/colors?id=d3ae19d",
                    "background_color": "globals\/colors?id=primary"
                }
            },
            "elements": [
                {
                    "id": "24b6cb5b",
                    "settings": {
                        "_column_size": 50,
                        "_inline_size": null,
                        "align": "center",
                        "_inline_size_tablet": 100
                    },
                    "elements": [
                        {
                            "id": "75f51fa5",
                            "settings": {
                                "content_width": {
                                    "unit": "px",
                                    "size": 900,
                                    "sizes": []
                                }
                            },
                            "elements": [
                                {
                                    "id": "3812f681",
                                    "settings": {
                                        "_column_size": 100,
                                        "_inline_size": null,
                                        "align": "center"
                                    },
                                    "elements": [
                                        {
                                            "id": "16bf118a",
                                            "settings": {
                                                "title": "Error 404",
                                                "header_size": "div",
                                                "__globals__": {
                                                    "title_color": "globals\/colors?id=8fa36e4",
                                                    "typography_typography": "globals\/typography?id=text"
                                                },
                                                "align_mobile": "center",
                                                "align": "center",
                                                "_animation": "fadeInUp",
                                                "_animation_delay": 140
                                            },
                                            "elements": [],
                                            "isInner": false,
                                            "widgetType": "heading",
                                            "elType": "widget"
                                        },
                                        {
                                            "id": "4088a2a2",
                                            "settings": {
                                                "before_text": "oops, Page Not",
                                                "highlighted_text": "Found",
                                                "rotating_text": "Better\nBigger\nFaster",
                                                "tag": "h2",
                                                "marker_color": "#FFFFFF00",
                                                "words_color": "#999999",
                                                "words_typography_font_weight": "900",
                                                "__globals__": {
                                                    "marker_color": "globals\/colors?id=07414c8",
                                                    "words_color": "globals\/colors?id=8fa36e4",
                                                    "title_typography_typography": "globals\/typography?id=d66b33e"
                                                },
                                                "_margin": {
                                                    "unit": "px",
                                                    "top": "0",
                                                    "right": "0",
                                                    "bottom": "48",
                                                    "left": "0",
                                                    "isLinked": false
                                                },
                                                "alignment_mobile": "center",
                                                "_animation": "fadeIn",
                                                "animation_duration": "slow"
                                            },
                                            "elements": [],
                                            "isInner": false,
                                            "widgetType": "animated-headline",
                                            "elType": "widget"
                                        },
                                        {
                                            "id": "2b969a9e",
                                            "settings": {
                                                "editor": "<p>The page you are looking for might have been removed, had its name changed or is temporarily unavailable<\/p>",
                                                "align": "center",
                                                "text_color": "#333333",
                                                "_margin": {
                                                    "unit": "px",
                                                    "top": "0",
                                                    "right": "0",
                                                    "bottom": "48",
                                                    "left": "0",
                                                    "isLinked": false
                                                },
                                                "_element_width": "initial",
                                                "_element_custom_width": {
                                                    "unit": "px",
                                                    "size": 500,
                                                    "sizes": []
                                                }
                                            },
                                            "elements": [],
                                            "isInner": false,
                                            "widgetType": "text-editor",
                                            "elType": "widget"
                                        },
                                        {
                                            "id": "262b474e",
                                            "settings": {
                                                "placeholder": "Search...",
                                                "button_text": "Search",
                                                "input_background_color": "#FFFFFF",
                                                "_element_width": "initial",
                                                "_element_custom_width": {
                                                    "unit": "px",
                                                    "size": 400,
                                                    "sizes": []
                                                },
                                                "border_radius": {
                                                    "unit": "px",
                                                    "size": 2,
                                                    "sizes": []
                                                },
                                                "button_text_color": "#FFFFFF",
                                                "size": {
                                                    "unit": "px",
                                                    "size": 48,
                                                    "sizes": []
                                                },
                                                "input_border_color": "#333333",
                                                "button_border_width": {
                                                    "unit": "px",
                                                    "top": "0",
                                                    "right": "0",
                                                    "bottom": "0",
                                                    "left": "0",
                                                    "isLinked": false
                                                },
                                                "icon_size": {
                                                    "unit": "px",
                                                    "size": 12,
                                                    "sizes": []
                                                },
                                                "button_width": {
                                                    "unit": "px",
                                                    "size": 1,
                                                    "sizes": []
                                                },
                                                "__globals__": {
                                                    "button_background_color": "globals\/colors?id=text",
                                                    "button_background_color_hover": "globals\/colors?id=b41e63e"
                                                }
                                            },
                                            "elements": [],
                                            "isInner": false,
                                            "widgetType": "search-form",
                                            "elType": "widget"
                                        }
                                    ],
                                    "isInner": true,
                                    "elType": "column"
                                }
                            ],
                            "isInner": true,
                            "elType": "section"
                        }
                    ],
                    "isInner": false,
                    "elType": "column"
                },
                {
                    "id": "3180e7f3",
                    "settings": {
                        "_column_size": 50,
                        "_inline_size": null
                    },
                    "elements": [],
                    "isInner": false,
                    "elType": "column"
                }
            ],
            "isInner": false,
            "elType": "section"
        }
    ],
    "page_settings": {
        "page_template": "elementor_canvas"
    }
}