{
    "version": "0.4",
    "title": "Coming Soon",
    "type": "page",
    "metadata": {
        "template_type": "single-page",
        "include_in_zip": "1",
        "elementor_pro_required": "1",
        "wp_page_template": "elementor_canvas"
    },
    "content": [
        {
            "id": "36a741e5",
            "settings": {
                "gap": "no",
                "padding": {
                    "unit": "px",
                    "top": "0",
                    "right": "0",
                    "bottom": "0",
                    "left": "0",
                    "isLinked": false
                },
                "padding_tablet": {
                    "unit": "px",
                    "top": "48",
                    "right": "0",
                    "bottom": "48",
                    "left": "0",
                    "isLinked": false
                },
                "content_width": {
                    "unit": "px",
                    "size": 900,
                    "sizes": []
                },
                "height": "min-height",
                "custom_height": {
                    "unit": "vh",
                    "size": 100,
                    "sizes": []
                },
                "background_background": "classic",
                "background_overlay_background": "classic",
                "background_overlay_image": {
                    "url": "https:\/\/kit.detheme.com\/cabana\/wp-content\/uploads\/sites\/43\/2020\/11\/white-and-grey-living-room-56JFYEK.jpg",
                    "id": 190
                },
                "background_overlay_position": "center center",
                "background_overlay_size": "cover",
                "background_overlay_opacity": {
                    "unit": "px",
                    "size": 1,
                    "sizes": []
                },
                "overlay_blend_mode": "overlay",
                "__globals__": {
                    "background_color": "globals\/colors?id=4ade329",
                    "background_overlay_color": "globals\/colors?id=ec25634"
                }
            },
            "elements": [
                {
                    "id": "680e43cc",
                    "settings": {
                        "_column_size": 100,
                        "_inline_size": null
                    },
                    "elements": [
                        {
                            "id": "55cd7625",
                            "settings": {
                                "gap": "wider",
                                "structure": "20",
                                "margin": {
                                    "unit": "px",
                                    "top": "0",
                                    "right": 0,
                                    "bottom": "0",
                                    "left": 0,
                                    "isLinked": false
                                },
                                "padding": {
                                    "unit": "px",
                                    "top": "0",
                                    "right": "0",
                                    "bottom": "0",
                                    "left": "0",
                                    "isLinked": false
                                },
                                "reverse_order_mobile": "reverse-mobile"
                            },
                            "elements": [
                                {
                                    "id": "515ffd2f",
                                    "settings": {
                                        "_column_size": 50,
                                        "_inline_size": 78.7
                                    },
                                    "elements": [
                                        {
                                            "id": "69e8a9db",
                                            "settings": {
                                                "title": "Coming Soon",
                                                "header_size": "div",
                                                "__globals__": {
                                                    "title_color": "globals\/colors?id=8fa36e4",
                                                    "typography_typography": "globals\/typography?id=text"
                                                },
                                                "align_mobile": "center",
                                                "_animation": "fadeInUp",
                                                "_animation_delay": 140
                                            },
                                            "elements": [],
                                            "isInner": false,
                                            "widgetType": "heading",
                                            "elType": "widget"
                                        },
                                        {
                                            "id": "20de3245",
                                            "settings": {
                                                "before_text": "Our Website is Under",
                                                "highlighted_text": "Construction",
                                                "rotating_text": "Better\nBigger\nFaster",
                                                "after_text": "And Will Be Live Very Soon",
                                                "alignment": "left",
                                                "marker_color": "#FFFFFF00",
                                                "title_typography_font_size": {
                                                    "unit": "px",
                                                    "size": 28,
                                                    "sizes": []
                                                },
                                                "title_typography_font_weight": "700",
                                                "title_typography_line_height": {
                                                    "unit": "em",
                                                    "size": 1.3,
                                                    "sizes": []
                                                },
                                                "words_color": "#999999",
                                                "words_typography_font_weight": "900",
                                                "__globals__": {
                                                    "marker_color": "globals\/colors?id=07414c8",
                                                    "words_color": "globals\/colors?id=8fa36e4",
                                                    "title_typography_typography": ""
                                                },
                                                "_margin": {
                                                    "unit": "px",
                                                    "top": "0",
                                                    "right": "0",
                                                    "bottom": "0",
                                                    "left": "0",
                                                    "isLinked": false
                                                },
                                                "alignment_mobile": "center",
                                                "_animation": "fadeIn",
                                                "animation_duration": "slow"
                                            },
                                            "elements": [],
                                            "isInner": false,
                                            "widgetType": "animated-headline",
                                            "elType": "widget"
                                        }
                                    ],
                                    "isInner": true,
                                    "elType": "column"
                                },
                                {
                                    "id": "43a0cf9e",
                                    "settings": {
                                        "_column_size": 50,
                                        "_inline_size": 21.3,
                                        "margin": {
                                            "unit": "px",
                                            "top": "0",
                                            "right": "0",
                                            "bottom": "0",
                                            "left": "0",
                                            "isLinked": true
                                        },
                                        "padding": {
                                            "unit": "px",
                                            "top": "0",
                                            "right": "0",
                                            "bottom": "0",
                                            "left": "0",
                                            "isLinked": true
                                        },
                                        "motion_fx_motion_fx_mouse": "yes",
                                        "motion_fx_mouseTrack_effect": "yes",
                                        "motion_fx_mouseTrack_speed": {
                                            "unit": "px",
                                            "size": 0.2,
                                            "sizes": []
                                        }
                                    },
                                    "elements": [
                                        {
                                            "id": "7c23d825",
                                            "settings": {
                                                "image": {
                                                    "url": "https:\/\/kit.detheme.com\/cabana\/wp-content\/uploads\/sites\/43\/2020\/12\/Hanging-Chair.H03.2k.png",
                                                    "id": 881
                                                },
                                                "width_mobile": {
                                                    "unit": "%",
                                                    "size": 50,
                                                    "sizes": []
                                                },
                                                "_margin": {
                                                    "unit": "px",
                                                    "top": "-20",
                                                    "right": "0",
                                                    "bottom": "0",
                                                    "left": "-18",
                                                    "isLinked": false
                                                },
                                                "_margin_mobile": {
                                                    "unit": "px",
                                                    "top": "0",
                                                    "right": "0",
                                                    "bottom": "0",
                                                    "left": "14",
                                                    "isLinked": false
                                                }
                                            },
                                            "elements": [],
                                            "isInner": false,
                                            "widgetType": "image",
                                            "elType": "widget"
                                        }
                                    ],
                                    "isInner": true,
                                    "elType": "column"
                                }
                            ],
                            "isInner": true,
                            "elType": "section"
                        },
                        {
                            "id": "72b3f9c1",
                            "settings": {
                                "gap": "wider",
                                "margin": {
                                    "unit": "px",
                                    "top": "0",
                                    "right": 0,
                                    "bottom": "0",
                                    "left": 0,
                                    "isLinked": false
                                },
                                "padding": {
                                    "unit": "px",
                                    "top": "0",
                                    "right": "0",
                                    "bottom": "0",
                                    "left": "0",
                                    "isLinked": false
                                }
                            },
                            "elements": [
                                {
                                    "id": "2ca6c1d3",
                                    "settings": {
                                        "_column_size": 100,
                                        "_inline_size": null,
                                        "padding": {
                                            "unit": "px",
                                            "top": "0",
                                            "right": "30",
                                            "bottom": "30",
                                            "left": "30",
                                            "isLinked": false
                                        },
                                        "padding_mobile": {
                                            "unit": "px",
                                            "top": "0",
                                            "right": "0",
                                            "bottom": "0",
                                            "left": "0",
                                            "isLinked": true
                                        }
                                    },
                                    "elements": [
                                        {
                                            "id": "35ac5803",
                                            "settings": {
                                                "countdown_type": "evergreen",
                                                "label_display": "inline",
                                                "label_days": "Days",
                                                "label_hours": "Hours",
                                                "label_minutes": "Minutes",
                                                "label_seconds": "Seconds",
                                                "_element_width": "auto",
                                                "__globals__": {
                                                    "digits_color": "globals\/colors?id=secondary",
                                                    "label_color": "globals\/colors?id=8fa36e4",
                                                    "box_background_color": "globals\/colors?id=07414c8",
                                                    "digits_typography_typography": "",
                                                    "label_typography_typography": ""
                                                },
                                                "box_background_color": "#FFFFFF00",
                                                "box_spacing": {
                                                    "unit": "px",
                                                    "size": 48,
                                                    "sizes": []
                                                },
                                                "digits_color": "#1A1A1A",
                                                "digits_typography_typography": "custom",
                                                "digits_typography_font_size": {
                                                    "unit": "px",
                                                    "size": 80,
                                                    "sizes": []
                                                },
                                                "digits_typography_font_weight": "100",
                                                "digits_typography_line_height": {
                                                    "unit": "em",
                                                    "size": 1.1,
                                                    "sizes": []
                                                },
                                                "label_color": "#999999",
                                                "_margin": {
                                                    "unit": "px",
                                                    "top": "0",
                                                    "right": "0",
                                                    "bottom": "32",
                                                    "left": "0",
                                                    "isLinked": false
                                                },
                                                "box_spacing_mobile": {
                                                    "unit": "px",
                                                    "size": 12,
                                                    "sizes": []
                                                },
                                                "digits_typography_font_size_mobile": {
                                                    "unit": "px",
                                                    "size": 48,
                                                    "sizes": []
                                                },
                                                "_element_width_mobile": "inherit",
                                                "due_date": "2021-01-04 00:52",
                                                "box_spacing_tablet": {
                                                    "unit": "px",
                                                    "size": 42,
                                                    "sizes": []
                                                },
                                                "digits_typography_font_size_tablet": {
                                                    "unit": "px",
                                                    "size": 42,
                                                    "sizes": []
                                                },
                                                "label_typography_typography": "custom",
                                                "label_typography_font_size": {
                                                    "unit": "px",
                                                    "size": 21,
                                                    "sizes": []
                                                },
                                                "label_typography_font_size_tablet": {
                                                    "unit": "px",
                                                    "size": 20,
                                                    "sizes": []
                                                },
                                                "label_typography_font_size_mobile": {
                                                    "unit": "px",
                                                    "size": 16,
                                                    "sizes": []
                                                },
                                                "label_typography_font_weight": "200",
                                                "label_typography_line_height": {
                                                    "unit": "em",
                                                    "size": 1.4,
                                                    "sizes": []
                                                }
                                            },
                                            "elements": [],
                                            "isInner": false,
                                            "widgetType": "countdown",
                                            "elType": "widget"
                                        },
                                        {
                                            "id": "7ea1f983",
                                            "settings": {
                                                "editor": "<p>Please Stay Tuned And Inspired.<br \/>Question and inquiries please contact us at <a href=\"#\">hello@detheme.xom<\/a><\/p>",
                                                "align_mobile": "center",
                                                "_padding_mobile": {
                                                    "unit": "px",
                                                    "top": "0",
                                                    "right": "16",
                                                    "bottom": "0",
                                                    "left": "16",
                                                    "isLinked": false
                                                }
                                            },
                                            "elements": [],
                                            "isInner": false,
                                            "widgetType": "text-editor",
                                            "elType": "widget"
                                        }
                                    ],
                                    "isInner": true,
                                    "elType": "column"
                                }
                            ],
                            "isInner": true,
                            "elType": "section"
                        }
                    ],
                    "isInner": false,
                    "elType": "column"
                }
            ],
            "isInner": false,
            "elType": "section"
        }
    ]
}