{
    "version": "0.4",
    "title": "Contact",
    "type": "page",
    "metadata": {
        "template_type": "single-page",
        "include_in_zip": "1",
        "elementor_pro_required": "1",
        "wp_page_template": "default"
    },
    "content": [
        {
            "id": "63444cd6",
            "settings": {
                "gap": "wider",
                "height": "min-height",
                "custom_height_mobile": {
                    "unit": "px",
                    "size": 0,
                    "sizes": []
                },
                "structure": "20",
                "background_background": "classic",
                "background_image": {
                    "url": "https:\/\/kit.detheme.com\/cabana\/wp-content\/uploads\/sites\/43\/2020\/11\/lamp-above-grey-couch-with-pillows-in-white-living-TJNFZ5K.jpg",
                    "id": 551
                },
                "background_position": "initial",
                "background_xpos": {
                    "unit": "%",
                    "size": 100,
                    "sizes": []
                },
                "background_ypos": {
                    "unit": "%",
                    "size": 50,
                    "sizes": []
                },
                "background_repeat": "no-repeat",
                "background_size": "initial",
                "background_size_mobile": "initial",
                "background_bg_width": {
                    "unit": "vw",
                    "size": 50,
                    "sizes": []
                },
                "background_bg_width_mobile": {
                    "unit": "px",
                    "size": 0,
                    "sizes": []
                },
                "__globals__": {
                    "background_color": "globals\/colors?id=d3ae19d"
                }
            },
            "elements": [
                {
                    "id": "3bacc7ad",
                    "settings": {
                        "_column_size": 50,
                        "_inline_size": 42.934
                    },
                    "elements": [
                        {
                            "id": "2387177d",
                            "settings": {
                                "__dynamic__": {
                                    "title": "[elementor-tag id=\"\" name=\"post-title\" settings=\"%7B%22before%22%3A%22%22%2C%22after%22%3A%22%22%2C%22fallback%22%3A%22%22%7D\"]"
                                },
                                "title": "Add Your Heading Text Here",
                                "header_size": "h2",
                                "_margin": {
                                    "unit": "px",
                                    "top": "0",
                                    "right": "0",
                                    "bottom": "24",
                                    "left": "0",
                                    "isLinked": false
                                }
                            },
                            "elements": [],
                            "isInner": false,
                            "widgetType": "theme-post-title",
                            "elType": "widget"
                        },
                        {
                            "id": "b8342c2",
                            "settings": {
                                "_margin": {
                                    "unit": "px",
                                    "top": "0",
                                    "right": "0",
                                    "bottom": "-21",
                                    "left": "0",
                                    "isLinked": false
                                },
                                "__globals__": {
                                    "text_color": "globals\/colors?id=8fa36e4"
                                }
                            },
                            "elements": [],
                            "isInner": false,
                            "widgetType": "text-editor",
                            "elType": "widget"
                        }
                    ],
                    "isInner": false,
                    "elType": "column"
                },
                {
                    "id": "6855732a",
                    "settings": {
                        "_column_size": 50,
                        "_inline_size": 57.066
                    },
                    "elements": [],
                    "isInner": false,
                    "elType": "column"
                }
            ],
            "isInner": false,
            "elType": "section"
        },
        {
            "id": "21973d6e",
            "settings": {
                "padding": {
                    "unit": "px",
                    "top": "96",
                    "right": "0",
                    "bottom": "64",
                    "left": "0",
                    "isLinked": false
                }
            },
            "elements": [
                {
                    "id": "6eabcd1b",
                    "settings": {
                        "_column_size": 100,
                        "_inline_size": null
                    },
                    "elements": [
                        {
                            "id": "5f40ac95",
                            "settings": {
                                "gap": "wider",
                                "structure": "40",
                                "margin": {
                                    "unit": "px",
                                    "top": "0",
                                    "right": "0",
                                    "bottom": "0",
                                    "left": "0",
                                    "isLinked": ""
                                },
                                "padding": {
                                    "unit": "px",
                                    "top": "0",
                                    "right": "0",
                                    "bottom": "0",
                                    "left": "0",
                                    "isLinked": ""
                                }
                            },
                            "elements": [
                                {
                                    "id": "580eb67",
                                    "settings": {
                                        "_column_size": "25",
                                        "background_position": "initial",
                                        "background_xpos": {
                                            "unit": "%",
                                            "size": "50",
                                            "sizes": []
                                        },
                                        "background_ypos": {
                                            "unit": "px",
                                            "size": "-42",
                                            "sizes": []
                                        },
                                        "background_repeat": "no-repeat",
                                        "background_size": "initial",
                                        "background_bg_width": {
                                            "unit": "px",
                                            "size": "250",
                                            "sizes": []
                                        },
                                        "background_overlay_background": "classic",
                                        "background_overlay_color": "#FFFFFF",
                                        "background_overlay_opacity": {
                                            "unit": "px",
                                            "size": "0.87",
                                            "sizes": []
                                        },
                                        "overlay_blend_mode": "lighten",
                                        "margin": {
                                            "unit": "px",
                                            "top": "0",
                                            "right": "0",
                                            "bottom": "0",
                                            "left": "0",
                                            "isLinked": ""
                                        },
                                        "padding": {
                                            "unit": "px",
                                            "top": "30",
                                            "right": "30",
                                            "bottom": "30",
                                            "left": "30",
                                            "isLinked": ""
                                        },
                                        "_inline_size_tablet": 25,
                                        "background_background": "classic",
                                        "background_hover_background": "classic",
                                        "background_hover_transition": {
                                            "unit": "px",
                                            "size": 0.6,
                                            "sizes": []
                                        },
                                        "__globals__": {
                                            "background_hover_color": "globals\/colors?id=d3ae19d",
                                            "background_color": "globals\/colors?id=d3ae19d"
                                        }
                                    },
                                    "elements": [
                                        {
                                            "id": "6f5b92a9",
                                            "settings": {
                                                "image": {
                                                    "url": "https:\/\/kit.detheme.com\/cabana\/wp-content\/uploads\/sites\/43\/2020\/12\/icon-mail.png",
                                                    "id": 926
                                                },
                                                "title_text": "Mail us infos",
                                                "description_text": "mail@example.com",
                                                "image_size": {
                                                    "unit": "%",
                                                    "size": 40,
                                                    "sizes": []
                                                },
                                                "link": {
                                                    "url": "#",
                                                    "is_external": "",
                                                    "nofollow": "",
                                                    "custom_attributes": ""
                                                },
                                                "hover_animation": "bob",
                                                "title_size": "h5",
                                                "image_space_mobile": {
                                                    "unit": "px",
                                                    "size": "0",
                                                    "sizes": []
                                                },
                                                "image_size_mobile": {
                                                    "unit": "%",
                                                    "size": "22",
                                                    "sizes": []
                                                },
                                                "thumbnail_size": "medium",
                                                "css_filters_hover_brightness": {
                                                    "unit": "px",
                                                    "size": 40,
                                                    "sizes": []
                                                }
                                            },
                                            "elements": [],
                                            "isInner": false,
                                            "widgetType": "image-box",
                                            "elType": "widget"
                                        }
                                    ],
                                    "isInner": "1",
                                    "elType": "column"
                                },
                                {
                                    "id": "7e44d2c",
                                    "settings": {
                                        "_column_size": "25",
                                        "background_position": "initial",
                                        "background_xpos": {
                                            "unit": "%",
                                            "size": "50",
                                            "sizes": []
                                        },
                                        "background_ypos": {
                                            "unit": "px",
                                            "size": "-42",
                                            "sizes": []
                                        },
                                        "background_repeat": "no-repeat",
                                        "background_size": "initial",
                                        "background_bg_width": {
                                            "unit": "px",
                                            "size": "250",
                                            "sizes": []
                                        },
                                        "background_overlay_background": "classic",
                                        "background_overlay_color": "#FFFFFF",
                                        "background_overlay_opacity": {
                                            "unit": "px",
                                            "size": "0.87",
                                            "sizes": []
                                        },
                                        "overlay_blend_mode": "lighten",
                                        "padding": {
                                            "unit": "px",
                                            "top": "30",
                                            "right": "30",
                                            "bottom": "30",
                                            "left": "30",
                                            "isLinked": ""
                                        },
                                        "margin": {
                                            "unit": "px",
                                            "top": "0",
                                            "right": "0",
                                            "bottom": "0",
                                            "left": "0",
                                            "isLinked": ""
                                        },
                                        "_inline_size_tablet": 25,
                                        "background_hover_background": "classic",
                                        "background_hover_transition": {
                                            "unit": "px",
                                            "size": 0.6,
                                            "sizes": []
                                        },
                                        "__globals__": {
                                            "background_hover_color": "globals\/colors?id=d3ae19d"
                                        }
                                    },
                                    "elements": [
                                        {
                                            "id": "7e1a12c",
                                            "settings": {
                                                "image": {
                                                    "url": "https:\/\/kit.detheme.com\/cabana\/wp-content\/uploads\/sites\/43\/2020\/12\/icon-date.png",
                                                    "id": 927
                                                },
                                                "title_text": "Working Hours",
                                                "description_text": "Mon-Sat: 9.30 am To 7.00 pm",
                                                "image_size": {
                                                    "unit": "%",
                                                    "size": 40,
                                                    "sizes": []
                                                },
                                                "link": {
                                                    "url": "#",
                                                    "is_external": "",
                                                    "nofollow": "",
                                                    "custom_attributes": ""
                                                },
                                                "hover_animation": "bob",
                                                "title_size": "h5",
                                                "image_space_mobile": {
                                                    "unit": "px",
                                                    "size": "0",
                                                    "sizes": []
                                                },
                                                "image_size_mobile": {
                                                    "unit": "%",
                                                    "size": "22",
                                                    "sizes": []
                                                }
                                            },
                                            "elements": [],
                                            "isInner": false,
                                            "widgetType": "image-box",
                                            "elType": "widget"
                                        }
                                    ],
                                    "isInner": "1",
                                    "elType": "column"
                                },
                                {
                                    "id": "7cb54a0",
                                    "settings": {
                                        "_column_size": "25",
                                        "background_position": "initial",
                                        "background_xpos": {
                                            "unit": "%",
                                            "size": "50",
                                            "sizes": []
                                        },
                                        "background_ypos": {
                                            "unit": "px",
                                            "size": "-42",
                                            "sizes": []
                                        },
                                        "background_repeat": "no-repeat",
                                        "background_size": "initial",
                                        "background_bg_width": {
                                            "unit": "px",
                                            "size": "250",
                                            "sizes": []
                                        },
                                        "background_overlay_background": "classic",
                                        "background_overlay_color": "#FFFFFF",
                                        "background_overlay_opacity": {
                                            "unit": "px",
                                            "size": "0.87",
                                            "sizes": []
                                        },
                                        "overlay_blend_mode": "lighten",
                                        "padding": {
                                            "unit": "px",
                                            "top": "30",
                                            "right": "30",
                                            "bottom": "30",
                                            "left": "30",
                                            "isLinked": ""
                                        },
                                        "margin": {
                                            "unit": "px",
                                            "top": "0",
                                            "right": "0",
                                            "bottom": "0",
                                            "left": "0",
                                            "isLinked": ""
                                        },
                                        "_inline_size_tablet": 25,
                                        "background_hover_background": "classic",
                                        "background_hover_transition": {
                                            "unit": "px",
                                            "size": 0.6,
                                            "sizes": []
                                        },
                                        "__globals__": {
                                            "background_hover_color": "globals\/colors?id=d3ae19d"
                                        }
                                    },
                                    "elements": [
                                        {
                                            "id": "2b7af52",
                                            "settings": {
                                                "image": {
                                                    "url": "https:\/\/kit.detheme.com\/cabana\/wp-content\/uploads\/sites\/43\/2020\/12\/icon-headphone.png",
                                                    "id": 923
                                                },
                                                "title_text": "Go Call Us",
                                                "description_text": "It is toll free, for your Information",
                                                "image_size": {
                                                    "unit": "%",
                                                    "size": 40,
                                                    "sizes": []
                                                },
                                                "link": {
                                                    "url": "#",
                                                    "is_external": "",
                                                    "nofollow": "",
                                                    "custom_attributes": ""
                                                },
                                                "hover_animation": "bob",
                                                "title_size": "h5",
                                                "image_space_mobile": {
                                                    "unit": "px",
                                                    "size": "0",
                                                    "sizes": []
                                                },
                                                "image_size_mobile": {
                                                    "unit": "%",
                                                    "size": "22",
                                                    "sizes": []
                                                }
                                            },
                                            "elements": [],
                                            "isInner": false,
                                            "widgetType": "image-box",
                                            "elType": "widget"
                                        }
                                    ],
                                    "isInner": "1",
                                    "elType": "column"
                                },
                                {
                                    "id": "d4272a",
                                    "settings": {
                                        "_column_size": "25",
                                        "_inline_size_tablet": 25,
                                        "background_position": "initial",
                                        "background_xpos": {
                                            "unit": "%",
                                            "size": "50",
                                            "sizes": []
                                        },
                                        "background_ypos": {
                                            "unit": "px",
                                            "size": "-42",
                                            "sizes": []
                                        },
                                        "background_repeat": "no-repeat",
                                        "background_size": "initial",
                                        "background_bg_width": {
                                            "unit": "px",
                                            "size": "250",
                                            "sizes": []
                                        },
                                        "background_overlay_background": "classic",
                                        "background_overlay_color": "#FFFFFF",
                                        "background_overlay_opacity": {
                                            "unit": "px",
                                            "size": "0.87",
                                            "sizes": []
                                        },
                                        "overlay_blend_mode": "lighten",
                                        "margin": {
                                            "unit": "px",
                                            "top": "0",
                                            "right": "0",
                                            "bottom": "0",
                                            "left": "0",
                                            "isLinked": ""
                                        },
                                        "padding": {
                                            "unit": "px",
                                            "top": "30",
                                            "right": "30",
                                            "bottom": "30",
                                            "left": "30",
                                            "isLinked": ""
                                        },
                                        "background_hover_background": "classic",
                                        "background_hover_transition": {
                                            "unit": "px",
                                            "size": 0.6,
                                            "sizes": []
                                        },
                                        "__globals__": {
                                            "background_hover_color": "globals\/colors?id=d3ae19d"
                                        }
                                    },
                                    "elements": [
                                        {
                                            "id": "3ab7edc4",
                                            "settings": {
                                                "image": {
                                                    "url": "https:\/\/kit.detheme.com\/cabana\/wp-content\/uploads\/sites\/43\/2020\/12\/icon-luv.png",
                                                    "id": 924
                                                },
                                                "title_text": "Main Address",
                                                "description_text": "St. Lorem Road 03, Betelguese ",
                                                "image_size": {
                                                    "unit": "%",
                                                    "size": 40,
                                                    "sizes": []
                                                },
                                                "link": {
                                                    "url": "#",
                                                    "is_external": "",
                                                    "nofollow": "",
                                                    "custom_attributes": ""
                                                },
                                                "hover_animation": "bob",
                                                "title_size": "h5",
                                                "image_space_mobile": {
                                                    "unit": "px",
                                                    "size": "0",
                                                    "sizes": []
                                                },
                                                "image_size_mobile": {
                                                    "unit": "%",
                                                    "size": "22",
                                                    "sizes": []
                                                }
                                            },
                                            "elements": [],
                                            "isInner": false,
                                            "widgetType": "image-box",
                                            "elType": "widget"
                                        }
                                    ],
                                    "isInner": "1",
                                    "elType": "column"
                                }
                            ],
                            "isInner": "1",
                            "elType": "section"
                        }
                    ],
                    "isInner": false,
                    "elType": "column"
                }
            ],
            "isInner": false,
            "elType": "section"
        },
        {
            "id": "33096515",
            "settings": {
                "gap": "wider",
                "margin_tablet": {
                    "unit": "px",
                    "top": "0",
                    "right": "0",
                    "bottom": "0",
                    "left": "0",
                    "isLinked": ""
                },
                "padding_tablet": {
                    "unit": "px",
                    "top": "0",
                    "right": "0",
                    "bottom": "0",
                    "left": "0",
                    "isLinked": ""
                },
                "padding": {
                    "unit": "px",
                    "top": "0",
                    "right": "0",
                    "bottom": "128",
                    "left": "0",
                    "isLinked": false
                }
            },
            "elements": [
                {
                    "id": "32a29dd",
                    "settings": {
                        "_column_size": "100",
                        "padding": {
                            "unit": "px",
                            "top": "0",
                            "right": "0",
                            "bottom": "0",
                            "left": "0",
                            "isLinked": ""
                        },
                        "padding_tablet": {
                            "unit": "px",
                            "top": "0",
                            "right": "0",
                            "bottom": "0",
                            "left": "0",
                            "isLinked": ""
                        }
                    },
                    "elements": [
                        {
                            "id": "3928de62",
                            "settings": {
                                "height_inner": "min-height",
                                "custom_height_inner": {
                                    "unit": "px",
                                    "size": "200",
                                    "sizes": []
                                },
                                "background_background": "classic",
                                "background_position": "initial",
                                "background_xpos": {
                                    "unit": "%",
                                    "size": "100",
                                    "sizes": []
                                },
                                "background_ypos": {
                                    "unit": "%",
                                    "size": "61",
                                    "sizes": []
                                },
                                "background_size": "cover",
                                "margin": {
                                    "unit": "px",
                                    "top": "0",
                                    "right": "0",
                                    "bottom": "0",
                                    "left": "0",
                                    "isLinked": ""
                                },
                                "padding": {
                                    "unit": "px",
                                    "top": "0",
                                    "right": "0",
                                    "bottom": "0",
                                    "left": "0",
                                    "isLinked": ""
                                },
                                "custom_height_inner_mobile": {
                                    "unit": "px",
                                    "size": "150",
                                    "sizes": []
                                },
                                "background_position_tablet": "center center",
                                "background_repeat_tablet": "no-repeat",
                                "background_repeat": "no-repeat",
                                "background_bg_width": {
                                    "unit": "px",
                                    "size": "1434",
                                    "sizes": []
                                },
                                "gap": "wider",
                                "structure": "20"
                            },
                            "elements": [
                                {
                                    "id": "20fdc762",
                                    "settings": {
                                        "_column_size": "50",
                                        "padding": {
                                            "unit": "px",
                                            "top": "0",
                                            "right": "30",
                                            "bottom": "0",
                                            "left": "30",
                                            "isLinked": ""
                                        },
                                        "padding_tablet": {
                                            "unit": "px",
                                            "top": "30",
                                            "right": "30",
                                            "bottom": "30",
                                            "left": "0",
                                            "isLinked": ""
                                        },
                                        "padding_mobile": {
                                            "unit": "px",
                                            "top": "0",
                                            "right": "0",
                                            "bottom": "0",
                                            "left": "0",
                                            "isLinked": ""
                                        }
                                    },
                                    "elements": [
                                        {
                                            "id": "60e2a85",
                                            "settings": {
                                                "address": "London Eye, London, United Kingdom",
                                                "zoom": {
                                                    "unit": "px",
                                                    "size": "14",
                                                    "sizes": []
                                                },
                                                "height": {
                                                    "unit": "px",
                                                    "size": "718",
                                                    "sizes": []
                                                },
                                                "css_filters_saturate": {
                                                    "unit": "px",
                                                    "size": "39",
                                                    "sizes": []
                                                },
                                                "css_filters_hue": {
                                                    "unit": "px",
                                                    "size": "145",
                                                    "sizes": []
                                                }
                                            },
                                            "elements": [],
                                            "isInner": false,
                                            "widgetType": "google_maps",
                                            "elType": "widget"
                                        }
                                    ],
                                    "isInner": "1",
                                    "elType": "column"
                                },
                                {
                                    "id": "7cdc3cbb",
                                    "settings": {
                                        "_column_size": "50",
                                        "padding": {
                                            "unit": "px",
                                            "top": "64",
                                            "right": "30",
                                            "bottom": "64",
                                            "left": "30",
                                            "isLinked": ""
                                        },
                                        "align_mobile": "center"
                                    },
                                    "elements": [
                                        {
                                            "id": "71ded5b2",
                                            "settings": {
                                                "title": "Have a question?",
                                                "header_size": "div",
                                                "ekit_we_effect_on": "none",
                                                "ekit_we_css_animation_fx": "",
                                                "ekit_we_css_animation": "ekit-fade",
                                                "ekit_we_css_animation_tablet": "",
                                                "ekit_we_css_animation_mobile": "",
                                                "ekit_we_css_animation_speed": "5",
                                                "ekit_we_css_animation_iteration_count": "infinite",
                                                "ekit_we_css_animation_direction": "normal",
                                                "ekit_we_css_transform_fx": "",
                                                "ekit_we_css_transform_fx_translate_toggle": "",
                                                "ekit_we_css_transform_fx_translate_x": {
                                                    "unit": "px",
                                                    "size": "",
                                                    "sizes": []
                                                },
                                                "ekit_we_css_transform_fx_translate_x_tablet": {
                                                    "unit": "px",
                                                    "size": "",
                                                    "sizes": []
                                                },
                                                "ekit_we_css_transform_fx_translate_x_mobile": {
                                                    "unit": "px",
                                                    "size": "",
                                                    "sizes": []
                                                },
                                                "ekit_we_css_transform_fx_translate_y": {
                                                    "unit": "px",
                                                    "size": "",
                                                    "sizes": []
                                                },
                                                "ekit_we_css_transform_fx_translate_y_tablet": {
                                                    "unit": "px",
                                                    "size": "",
                                                    "sizes": []
                                                },
                                                "ekit_we_css_transform_fx_translate_y_mobile": {
                                                    "unit": "px",
                                                    "size": "",
                                                    "sizes": []
                                                },
                                                "ekit_we_css_transform_fx_rotate_toggle": "",
                                                "ekit_we_css_transform_fx_rotate_z": {
                                                    "unit": "px",
                                                    "size": "",
                                                    "sizes": []
                                                },
                                                "ekit_we_css_transform_fx_rotate_z_tablet": {
                                                    "unit": "px",
                                                    "size": "",
                                                    "sizes": []
                                                },
                                                "ekit_we_css_transform_fx_rotate_z_mobile": {
                                                    "unit": "px",
                                                    "size": "",
                                                    "sizes": []
                                                },
                                                "ekit_we_css_transform_fx_rotate_x": {
                                                    "unit": "px",
                                                    "size": "",
                                                    "sizes": []
                                                },
                                                "ekit_we_css_transform_fx_rotate_x_tablet": {
                                                    "unit": "px",
                                                    "size": "",
                                                    "sizes": []
                                                },
                                                "ekit_we_css_transform_fx_rotate_x_mobile": {
                                                    "unit": "px",
                                                    "size": "",
                                                    "sizes": []
                                                },
                                                "ekit_we_css_transform_fx_rotate_y": {
                                                    "unit": "px",
                                                    "size": "",
                                                    "sizes": []
                                                },
                                                "ekit_we_css_transform_fx_rotate_y_tablet": {
                                                    "unit": "px",
                                                    "size": "",
                                                    "sizes": []
                                                },
                                                "ekit_we_css_transform_fx_rotate_y_mobile": {
                                                    "unit": "px",
                                                    "size": "",
                                                    "sizes": []
                                                },
                                                "ekit_we_css_transform_fx_scale_toggle": "",
                                                "ekit_we_css_transform_fx_scale_x": {
                                                    "unit": "px",
                                                    "size": "1",
                                                    "sizes": []
                                                },
                                                "ekit_we_css_transform_fx_scale_x_tablet": {
                                                    "unit": "px",
                                                    "size": "",
                                                    "sizes": []
                                                },
                                                "ekit_we_css_transform_fx_scale_x_mobile": {
                                                    "unit": "px",
                                                    "size": "",
                                                    "sizes": []
                                                },
                                                "ekit_we_css_transform_fx_scale_y": {
                                                    "unit": "px",
                                                    "size": "1",
                                                    "sizes": []
                                                },
                                                "ekit_we_css_transform_fx_scale_y_tablet": {
                                                    "unit": "px",
                                                    "size": "",
                                                    "sizes": []
                                                },
                                                "ekit_we_css_transform_fx_scale_y_mobile": {
                                                    "unit": "px",
                                                    "size": "",
                                                    "sizes": []
                                                },
                                                "ekit_we_css_transform_fx_skew_toggle": "",
                                                "ekit_we_css_transform_fx_skew_x": {
                                                    "unit": "px",
                                                    "size": "",
                                                    "sizes": []
                                                },
                                                "ekit_we_css_transform_fx_skew_x_tablet": {
                                                    "unit": "px",
                                                    "size": "",
                                                    "sizes": []
                                                },
                                                "ekit_we_css_transform_fx_skew_x_mobile": {
                                                    "unit": "px",
                                                    "size": "",
                                                    "sizes": []
                                                },
                                                "ekit_we_css_transform_fx_skew_y": {
                                                    "unit": "px",
                                                    "size": "",
                                                    "sizes": []
                                                },
                                                "ekit_we_css_transform_fx_skew_y_tablet": {
                                                    "unit": "px",
                                                    "size": "",
                                                    "sizes": []
                                                },
                                                "ekit_we_css_transform_fx_skew_y_mobile": {
                                                    "unit": "px",
                                                    "size": "",
                                                    "sizes": []
                                                },
                                                "ekit_we_on_test_mode": "on",
                                                "ekit_we_tilt_maxtilt": "20",
                                                "ekit_we_tilt_scale": "1",
                                                "ekit_we_tilt_disableaxis": "",
                                                "ekit_we_mousemove_parallax_speed": "40",
                                                "ekit_we_scroll_animation": "translateY",
                                                "ekit_we_scroll_animation_value": "250",
                                                "ekit_we_scroll_smoothness": "700",
                                                "ekit_we_scroll_offsettop": "0",
                                                "ekit_we_scroll_offsetbottom": "0",
                                                "ekit_sticky": "",
                                                "ekit_sticky_on": [
                                                    "desktop",
                                                    "tablet",
                                                    "mobile"
                                                ],
                                                "ekit_sticky_offset": {
                                                    "unit": "px",
                                                    "size": "0",
                                                    "sizes": []
                                                },
                                                "ekit_sticky_effect_offset": {
                                                    "unit": "px",
                                                    "size": "0",
                                                    "sizes": []
                                                },
                                                "_animation": "fadeInUp",
                                                "_animation_delay": 140,
                                                "__globals__": {
                                                    "title_color": "globals\/colors?id=8fa36e4",
                                                    "typography_typography": "globals\/typography?id=text"
                                                },
                                                "align_mobile": "center"
                                            },
                                            "elements": [],
                                            "isInner": false,
                                            "widgetType": "heading",
                                            "elType": "widget"
                                        },
                                        {
                                            "id": "1d0dbd99",
                                            "settings": {
                                                "before_text": "Send us",
                                                "highlighted_text": "Message",
                                                "rotating_text": "Better\nBigger\nFaster",
                                                "alignment": "left",
                                                "marker_color": "#FFFFFF00",
                                                "words_color": "#999999",
                                                "words_typography_font_weight": "900",
                                                "__globals__": {
                                                    "marker_color": "globals\/colors?id=07414c8",
                                                    "words_color": "globals\/colors?id=8fa36e4",
                                                    "title_typography_typography": ""
                                                },
                                                "title_typography_font_size": {
                                                    "unit": "px",
                                                    "size": 28,
                                                    "sizes": []
                                                },
                                                "title_typography_font_weight": "500",
                                                "title_typography_line_height": {
                                                    "unit": "em",
                                                    "size": 1.3,
                                                    "sizes": []
                                                },
                                                "alignment_mobile": "center",
                                                "tag": "h2",
                                                "_margin": {
                                                    "unit": "px",
                                                    "top": "0",
                                                    "right": "0",
                                                    "bottom": "24",
                                                    "left": "0",
                                                    "isLinked": false
                                                },
                                                "_animation": "fadeIn",
                                                "animation_duration": "slow"
                                            },
                                            "elements": [],
                                            "isInner": false,
                                            "widgetType": "animated-headline",
                                            "elType": "widget"
                                        },
                                        {
                                            "id": "2ed4671a",
                                            "settings": {
                                                "editor": "<p>Dont be shy, Just tell us about yourself and we\u2019ll figure out the best option for you or your company<\/p>",
                                                "_margin": {
                                                    "unit": "px",
                                                    "top": "0",
                                                    "right": "0",
                                                    "bottom": "24",
                                                    "left": "0",
                                                    "isLinked": ""
                                                },
                                                "_element_width": "initial",
                                                "_element_custom_width": {
                                                    "unit": "px",
                                                    "size": "400",
                                                    "sizes": []
                                                },
                                                "align_mobile": "center"
                                            },
                                            "elements": [],
                                            "isInner": false,
                                            "widgetType": "text-editor",
                                            "elType": "widget"
                                        },
                                        {
                                            "id": "3aaa2dda",
                                            "settings": {
                                                "icon_list": [
                                                    {
                                                        "text": " +1 478.555.4938  | +1 478.555.4839 ",
                                                        "selected_icon": {
                                                            "value": "fas fa-phone",
                                                            "library": "fa-solid"
                                                        },
                                                        "_id": "105b948"
                                                    },
                                                    {
                                                        "text": "Mon - Sun 8.00 Am - 9.00 Pm",
                                                        "selected_icon": {
                                                            "value": "fas fa-user-clock",
                                                            "library": "fa-solid"
                                                        },
                                                        "_id": "28f3192"
                                                    },
                                                    {
                                                        "text": "1428 Callison Lane Building 201 Virginia, VA 22902",
                                                        "selected_icon": {
                                                            "value": "fas fa-map-marker-alt",
                                                            "library": "fa-solid"
                                                        },
                                                        "_id": "7f20468"
                                                    }
                                                ],
                                                "space_between": {
                                                    "unit": "px",
                                                    "size": "8",
                                                    "sizes": []
                                                },
                                                "text_indent": {
                                                    "unit": "px",
                                                    "size": "16",
                                                    "sizes": []
                                                },
                                                "icon_typography_font_family": "EB Garamond",
                                                "icon_typography_font_style": "italic",
                                                "_margin": {
                                                    "unit": "px",
                                                    "top": "0",
                                                    "right": "0",
                                                    "bottom": "32",
                                                    "left": "0",
                                                    "isLinked": ""
                                                },
                                                "__globals__": {
                                                    "icon_color": "globals\/colors?id=primary",
                                                    "text_color": "globals\/colors?id=8fa36e4"
                                                },
                                                "icon_align_mobile": "center",
                                                "icon_self_align_mobile": "right"
                                            },
                                            "elements": [],
                                            "isInner": false,
                                            "widgetType": "icon-list",
                                            "elType": "widget"
                                        },
                                        {
                                            "id": "197821da",
                                            "settings": {
                                                "form_name": "Contact",
                                                "form_fields": [
                                                    {
                                                        "custom_id": "name",
                                                        "field_label": "Name",
                                                        "placeholder": "Name",
                                                        "_id": "43c9ca8"
                                                    },
                                                    {
                                                        "custom_id": "email",
                                                        "field_type": "email",
                                                        "required": "true",
                                                        "field_label": "Email",
                                                        "placeholder": "Email",
                                                        "_id": "5dc1a2e"
                                                    },
                                                    {
                                                        "custom_id": "message",
                                                        "field_type": "textarea",
                                                        "field_label": "Message",
                                                        "placeholder": "Message",
                                                        "_id": "49d782a"
                                                    }
                                                ],
                                                "show_labels": "",
                                                "button_width": "33",
                                                "step_next_label": "Next",
                                                "step_previous_label": "Previous",
                                                "button_text": "Send",
                                                "email_content": "[all-fields]",
                                                "email_content_2": "[all-fields]",
                                                "success_message": "The form was sent successfully.",
                                                "error_message": "An error occured.",
                                                "required_field_message": "This field is required.",
                                                "invalid_message": "There's something wrong. The form is invalid.",
                                                "row_gap": {
                                                    "unit": "px",
                                                    "size": "24",
                                                    "sizes": []
                                                },
                                                "button_text_padding": {
                                                    "unit": "px",
                                                    "top": "16",
                                                    "right": "16",
                                                    "bottom": "16",
                                                    "left": "16",
                                                    "isLinked": "1"
                                                },
                                                "button_border_width": {
                                                    "unit": "px",
                                                    "top": "3",
                                                    "right": "3",
                                                    "bottom": "3",
                                                    "left": "3",
                                                    "isLinked": "1"
                                                },
                                                "button_text_color": "",
                                                "button_border_color": "#848484",
                                                "button_hover_color": "",
                                                "button_hover_border_color": "#000000"
                                            },
                                            "elements": [],
                                            "isInner": false,
                                            "widgetType": "form",
                                            "elType": "widget"
                                        }
                                    ],
                                    "isInner": "1",
                                    "elType": "column"
                                }
                            ],
                            "isInner": "1",
                            "elType": "section"
                        }
                    ],
                    "isInner": "",
                    "elType": "column"
                }
            ],
            "isInner": "",
            "elType": "section"
        },
        {
            "id": "7bc8c429",
            "settings": {
                "gap": "wider",
                "structure": "20",
                "padding": {
                    "unit": "px",
                    "top": "96",
                    "right": "0",
                    "bottom": "0",
                    "left": "0",
                    "isLinked": ""
                },
                "padding_tablet": {
                    "unit": "px",
                    "top": "48",
                    "right": "0",
                    "bottom": "48",
                    "left": "0",
                    "isLinked": ""
                },
                "height": "min-height",
                "custom_height": {
                    "unit": "px",
                    "size": "700",
                    "sizes": []
                },
                "background_background": "classic",
                "background_position": "initial",
                "background_size": "initial",
                "margin": {
                    "unit": "px",
                    "top": "0",
                    "right": "0",
                    "bottom": "0",
                    "left": "0",
                    "isLinked": ""
                },
                "background_xpos": {
                    "unit": "%",
                    "size": 0,
                    "sizes": []
                },
                "background_ypos": {
                    "unit": "vh",
                    "size": 23,
                    "sizes": []
                },
                "column_position": "bottom",
                "background_position_tablet": "initial",
                "background_xpos_tablet": {
                    "unit": "%",
                    "size": "73",
                    "sizes": []
                },
                "background_ypos_tablet": {
                    "unit": "%",
                    "size": "50",
                    "sizes": []
                },
                "background_motion_fx_motion_fx_scrolling": "yes",
                "background_motion_fx_translateY_effect": "yes",
                "background_repeat": "no-repeat",
                "background_bg_width": {
                    "unit": "%",
                    "size": 120,
                    "sizes": []
                },
                "background_overlay_background": "classic",
                "background_overlay_image": {
                    "url": "https:\/\/kit.detheme.com\/cabana\/wp-content\/uploads\/sites\/43\/2020\/12\/confident-young-designer-in-creative-office-PNBTMND.jpg",
                    "id": 872
                },
                "background_overlay_position": "initial",
                "background_overlay_position_tablet": "initial",
                "background_overlay_position_mobile": "center center",
                "background_overlay_xpos": {
                    "unit": "%",
                    "size": 0,
                    "sizes": []
                },
                "background_overlay_xpos_tablet": {
                    "unit": "%",
                    "size": 30,
                    "sizes": []
                },
                "background_overlay_ypos": {
                    "unit": "%",
                    "size": 11,
                    "sizes": []
                },
                "background_overlay_repeat": "no-repeat",
                "background_overlay_size": "initial",
                "background_overlay_size_tablet": "initial",
                "background_overlay_size_mobile": "cover",
                "background_overlay_bg_width": {
                    "unit": "%",
                    "size": 120,
                    "sizes": []
                },
                "background_overlay_bg_width_tablet": {
                    "unit": "%",
                    "size": 160,
                    "sizes": []
                },
                "background_overlay_opacity": {
                    "unit": "px",
                    "size": 1,
                    "sizes": []
                },
                "overlay_blend_mode": "overlay",
                "__globals__": {
                    "background_color": "globals\/colors?id=text"
                }
            },
            "elements": [
                {
                    "id": "325760c4",
                    "settings": {
                        "_column_size": "50",
                        "content_position": "center",
                        "margin": {
                            "unit": "px",
                            "top": "0",
                            "right": "0",
                            "bottom": "128",
                            "left": "0",
                            "isLinked": ""
                        }
                    },
                    "elements": [
                        {
                            "id": "69373e76",
                            "settings": {
                                "source": "external_url",
                                "source_external_url": {
                                    "url": "https:\/\/assets6.lottiefiles.com\/packages\/lf20_T9eeZS.json",
                                    "is_external": "",
                                    "nofollow": "",
                                    "custom_attributes": ""
                                },
                                "link_to": "custom",
                                "loop": "yes",
                                "width": {
                                    "unit": "px",
                                    "size": 81,
                                    "sizes": []
                                },
                                "css_filters_css_filter": "custom",
                                "css_filters_brightness": {
                                    "unit": "px",
                                    "size": 82,
                                    "sizes": []
                                },
                                "css_filters_contrast": {
                                    "unit": "px",
                                    "size": 200,
                                    "sizes": []
                                },
                                "css_filters_saturate": {
                                    "unit": "px",
                                    "size": 0,
                                    "sizes": []
                                },
                                "css_filters_hue": {
                                    "unit": "px",
                                    "size": 360,
                                    "sizes": []
                                },
                                "_offset_x": {
                                    "unit": "%",
                                    "size": "",
                                    "sizes": []
                                },
                                "_offset_y": {
                                    "unit": "%",
                                    "size": "",
                                    "sizes": []
                                },
                                "__dynamic__": {
                                    "custom_link": "[elementor-tag id=\"c1b93c1\" name=\"lightbox\" settings=\"%7B%22type%22%3A%22video%22%2C%22video_url%22%3A%22https%3A%2F%2Fwww.youtube.com%2Fwatch%3Fv%3DXHOmBV4js_E%22%7D\"]"
                                },
                                "_element_custom_width": {
                                    "unit": "px",
                                    "size": 595
                                },
                                "align": "left",
                                "_margin": {
                                    "unit": "px",
                                    "top": "0",
                                    "right": "0",
                                    "bottom": "-36",
                                    "left": "-11",
                                    "isLinked": false
                                },
                                "align_mobile": "center",
                                "_animation": "fadeInUp",
                                "_animation_delay": 220,
                                "_element_width": "auto"
                            },
                            "elements": [],
                            "isInner": false,
                            "widgetType": "lottie",
                            "elType": "widget"
                        },
                        {
                            "id": "4342ac92",
                            "settings": {
                                "title": "Watch video",
                                "header_size": "div",
                                "title_color": "#FFFFFF",
                                "_margin": {
                                    "unit": "px",
                                    "top": "0",
                                    "right": "0",
                                    "bottom": "0",
                                    "left": "24",
                                    "isLinked": ""
                                },
                                "_element_width": "auto",
                                "__globals__": {
                                    "typography_typography": "globals\/typography?id=secondary"
                                }
                            },
                            "elements": [],
                            "isInner": false,
                            "widgetType": "heading",
                            "elType": "widget"
                        },
                        {
                            "id": "a00519a",
                            "settings": {
                                "title": "\u201cDonec sed odio dui. Vivamus sagittis lacus vel augue laoreet rutrum faucibus dolor auctor. Nullam id dolor id nibh ultricies vehicula ut id elit\u201d",
                                "header_size": "div",
                                "typography_typography": "custom",
                                "typography_font_size": {
                                    "unit": "px",
                                    "size": "28",
                                    "sizes": []
                                },
                                "typography_font_weight": "200",
                                "typography_font_style": "normal",
                                "typography_line_height": {
                                    "unit": "em",
                                    "size": "1.3",
                                    "sizes": []
                                },
                                "_margin": {
                                    "unit": "px",
                                    "top": "24",
                                    "right": "0",
                                    "bottom": "24",
                                    "left": "0",
                                    "isLinked": ""
                                },
                                "__globals__": {
                                    "typography_typography": "",
                                    "title_color": "globals\/colors?id=ec25634"
                                },
                                "text_shadow_text_shadow_type": "yes",
                                "text_shadow_text_shadow": {
                                    "horizontal": 0,
                                    "vertical": 1,
                                    "blur": 6,
                                    "color": "rgba(0, 0, 0, 0.5)"
                                }
                            },
                            "elements": [],
                            "isInner": false,
                            "widgetType": "heading",
                            "elType": "widget"
                        },
                        {
                            "id": "66d6bb62",
                            "settings": {
                                "title": "Marcus Libel",
                                "header_size": "h4",
                                "__globals__": {
                                    "typography_typography": "globals\/typography?id=48207f0",
                                    "title_color": "globals\/colors?id=ec25634"
                                },
                                "text_shadow_text_shadow_type": "yes",
                                "text_shadow_text_shadow": {
                                    "horizontal": 0,
                                    "vertical": 1,
                                    "blur": 6,
                                    "color": "rgba(0, 0, 0, 0.5)"
                                }
                            },
                            "elements": [],
                            "isInner": false,
                            "widgetType": "heading",
                            "elType": "widget"
                        },
                        {
                            "id": "5c95b0d5",
                            "settings": {
                                "title": "Riverside Ovale Studio Owner",
                                "header_size": "div",
                                "__globals__": {
                                    "typography_typography": "globals\/typography?id=primary",
                                    "title_color": "globals\/colors?id=ec25634"
                                },
                                "text_shadow_text_shadow_type": "yes",
                                "text_shadow_text_shadow": {
                                    "horizontal": 0,
                                    "vertical": 1,
                                    "blur": 6,
                                    "color": "rgba(0, 0, 0, 0.5)"
                                }
                            },
                            "elements": [],
                            "isInner": false,
                            "widgetType": "heading",
                            "elType": "widget"
                        }
                    ],
                    "isInner": "",
                    "elType": "column"
                },
                {
                    "id": "5f7b4cb",
                    "settings": {
                        "_column_size": "50"
                    },
                    "elements": [],
                    "isInner": "",
                    "elType": "column"
                }
            ],
            "isInner": "",
            "elType": "section"
        }
    ]
}