{
    "version": "0.4",
    "title": "Header",
    "type": "header",
    "metadata": {
        "template_type": "section-footer",
        "include_in_zip": "1",
        "elementor_pro_required": "1",
        "elementor_library_type": "header",
        "elementor_pro_conditions": [
            "include\/general"
        ],
        "additional_template_information": [
            "This is a \"Header\" template for Elementor Pro.",
            "This template will display on: Entire Site."
        ],
        "wp_page_template": "default"
    },
    "content": [
        {
            "id": "5faee050",
            "settings": {
                "layout": "full_width",
                "gap": "wider",
                "structure": "20",
                "background_color": "#FFFFFF",
                "z_index": 999,
                "de_sticky_section_sticky": "yes",
                "de_sticky_section_sticky_background_background": "classic",
                "de_sticky_section_sticky_box_shadow_box_shadow_type": "yes",
                "de_sticky_section_sticky_box_shadow_box_shadow": {
                    "horizontal": 0,
                    "vertical": 1,
                    "blur": 0,
                    "spread": 0,
                    "color": "#DDDDDD"
                },
                "de_sticky_section_sticky_transition": {
                    "unit": "px",
                    "size": 0.7,
                    "sizes": []
                },
                "__globals__": {
                    "de_sticky_section_sticky_background_color": "globals\/colors?id=ec25634"
                }
            },
            "elements": [
                {
                    "id": "7d9c4125",
                    "settings": {
                        "_column_size": 50,
                        "_inline_size": 74.599,
                        "content_position": "center",
                        "_inline_size_mobile": 41,
                        "content_position_tablet": "center",
                        "align_mobile": "space-between",
                        "padding_mobile": {
                            "unit": "px",
                            "top": "10",
                            "right": "0",
                            "bottom": "10",
                            "left": "30",
                            "isLinked": false
                        },
                        "_inline_size_tablet": 27,
                        "align_tablet": "space-between",
                        "padding_tablet": {
                            "unit": "px",
                            "top": "10",
                            "right": "0",
                            "bottom": "10",
                            "left": "30",
                            "isLinked": false
                        }
                    },
                    "elements": [
                        {
                            "id": "11ac91bf",
                            "settings": {
                                "image": {
                                    "url": "https:\/\/kit.detheme.com\/cabana\/wp-content\/uploads\/sites\/43\/2020\/11\/cabana-dark.png",
                                    "id": 1128
                                },
                                "align": "left",
                                "width": {
                                    "unit": "px",
                                    "size": 114,
                                    "sizes": []
                                },
                                "_element_width": "auto",
                                "_margin": {
                                    "unit": "px",
                                    "top": "-10",
                                    "right": "48",
                                    "bottom": "0",
                                    "left": "0",
                                    "isLinked": false
                                },
                                "width_mobile": {
                                    "unit": "px",
                                    "size": 70,
                                    "sizes": []
                                },
                                "_margin_mobile": {
                                    "unit": "px",
                                    "top": "-3",
                                    "right": "0",
                                    "bottom": "0",
                                    "left": "0",
                                    "isLinked": false
                                },
                                "width_tablet": {
                                    "unit": "px",
                                    "size": 85,
                                    "sizes": []
                                },
                                "_margin_tablet": {
                                    "unit": "px",
                                    "top": "0",
                                    "right": "0",
                                    "bottom": "0",
                                    "left": "0",
                                    "isLinked": false
                                }
                            },
                            "elements": [],
                            "isInner": false,
                            "widgetType": "image",
                            "elType": "widget"
                        },
                        {
                            "id": "5e3ffa32",
                            "settings": {
                                "indicator": "chevron",
                                "full_width": "stretch",
                                "menu_typography_typography": "custom",
                                "menu_typography_font_size": {
                                    "unit": "px",
                                    "size": 12,
                                    "sizes": []
                                },
                                "menu_typography_font_weight": "700",
                                "menu_typography_text_transform": "uppercase",
                                "menu_typography_letter_spacing": {
                                    "unit": "px",
                                    "size": 1,
                                    "sizes": []
                                },
                                "color_menu_item": "#333333",
                                "pointer_width": {
                                    "unit": "px",
                                    "size": 2,
                                    "sizes": []
                                },
                                "padding_horizontal_menu_item": {
                                    "unit": "px",
                                    "size": 0,
                                    "sizes": []
                                },
                                "menu_space_between": {
                                    "unit": "px",
                                    "size": 48,
                                    "sizes": []
                                },
                                "color_dropdown_item": "#333333",
                                "background_color_dropdown_item_hover": "rgba(2, 1, 1, 0)",
                                "dropdown_typography_typography": "custom",
                                "dropdown_typography_font_size": {
                                    "unit": "px",
                                    "size": 14,
                                    "sizes": []
                                },
                                "dropdown_typography_font_weight": "600",
                                "dropdown_border_border": "solid",
                                "dropdown_border_width": {
                                    "unit": "px",
                                    "top": "16",
                                    "right": "16",
                                    "bottom": "16",
                                    "left": "0",
                                    "isLinked": false
                                },
                                "dropdown_border_color": "#FFFFFF",
                                "padding_horizontal_dropdown_item": {
                                    "unit": "px",
                                    "size": 20,
                                    "sizes": []
                                },
                                "padding_vertical_dropdown_item": {
                                    "unit": "px",
                                    "size": 8,
                                    "sizes": []
                                },
                                "toggle_color": "#333333",
                                "toggle_background_color": "rgba(2, 1, 1, 0)",
                                "_element_width": "auto",
                                "animation_line": "slide",
                                "dropdown_border_radius": {
                                    "unit": "px",
                                    "top": "4",
                                    "right": "4",
                                    "bottom": "4",
                                    "left": "4",
                                    "isLinked": true
                                },
                                "dropdown_box_shadow_box_shadow_type": "yes",
                                "dropdown_box_shadow_box_shadow": {
                                    "horizontal": 0,
                                    "vertical": 0,
                                    "blur": 44,
                                    "spread": -7,
                                    "color": "rgba(0, 0, 0, 0.13)"
                                },
                                "padding_vertical_menu_item": {
                                    "unit": "px",
                                    "size": 1,
                                    "sizes": []
                                },
                                "__globals__": {
                                    "color_menu_item_hover": "globals\/colors?id=a047deb",
                                    "color_menu_item_active": "globals\/colors?id=a047deb",
                                    "color_dropdown_item_hover": "globals\/colors?id=a047deb",
                                    "color_dropdown_item_active": "globals\/colors?id=a047deb",
                                    "pointer_color_menu_item_hover": "globals\/colors?id=secondary",
                                    "pointer_color_menu_item_active": "globals\/colors?id=secondary"
                                }
                            },
                            "elements": [],
                            "isInner": false,
                            "widgetType": "nav-menu",
                            "elType": "widget"
                        }
                    ],
                    "isInner": false,
                    "elType": "column"
                },
                {
                    "id": "7986f4c3",
                    "settings": {
                        "_column_size": 50,
                        "_inline_size": 25.245,
                        "_inline_size_mobile": 59,
                        "padding_mobile": {
                            "unit": "px",
                            "top": "0",
                            "right": "20",
                            "bottom": "0",
                            "left": "0",
                            "isLinked": false
                        },
                        "content_position_mobile": "center",
                        "content_position": "center",
                        "align": "flex-end",
                        "margin_mobile": {
                            "unit": "px",
                            "top": "0",
                            "right": "0",
                            "bottom": "0",
                            "left": "0",
                            "isLinked": false
                        },
                        "_inline_size_tablet": 73,
                        "padding_tablet": {
                            "unit": "px",
                            "top": "10",
                            "right": "30",
                            "bottom": "10",
                            "left": "10",
                            "isLinked": false
                        }
                    },
                    "elements": [
                        {
                            "id": "7c8b2947",
                            "settings": {
                                "selected_icon": {
                                    "value": "icon dticon-log-in-outline",
                                    "library": "dticon"
                                },
                                "title_text": "Login",
                                "description_text": "",
                                "position": "right",
                                "title_size": "div",
                                "icon_space": {
                                    "unit": "px",
                                    "size": 5,
                                    "sizes": []
                                },
                                "icon_size": {
                                    "unit": "px",
                                    "size": 26,
                                    "sizes": []
                                },
                                "text_align": "right",
                                "content_vertical_alignment": "middle",
                                "_margin": {
                                    "unit": "px",
                                    "top": "0",
                                    "right": "24",
                                    "bottom": "0",
                                    "left": "0",
                                    "isLinked": false
                                },
                                "_element_width": "auto",
                                "__globals__": {
                                    "primary_color": "globals\/colors?id=secondary",
                                    "title_color": "globals\/colors?id=secondary",
                                    "title_typography_typography": "globals\/typography?id=secondary",
                                    "_background_hover_color": ""
                                },
                                "_margin_mobile": {
                                    "unit": "px",
                                    "top": "-1166",
                                    "right": "0",
                                    "bottom": "0",
                                    "left": "-1000",
                                    "isLinked": false
                                },
                                "primary_color": "#1A1A1A",
                                "title_color": "#1A1A1A",
                                "title_typography_typography": "custom",
                                "title_typography_font_size": {
                                    "unit": "px",
                                    "size": 11,
                                    "sizes": []
                                },
                                "title_typography_font_weight": "700",
                                "title_typography_text_transform": "uppercase",
                                "title_typography_line_height": {
                                    "unit": "em",
                                    "size": 1.5,
                                    "sizes": []
                                },
                                "title_typography_letter_spacing": {
                                    "unit": "px",
                                    "size": 3,
                                    "sizes": []
                                },
                                "_background_hover_color": "#FFFFFF",
                                "_background_hover_transition": {
                                    "unit": "px",
                                    "size": 1,
                                    "sizes": []
                                }
                            },
                            "elements": [],
                            "isInner": false,
                            "widgetType": "icon-box",
                            "elType": "widget"
                        },
                        {
                            "id": "762fbcab",
                            "settings": {
                                "title": "Shopping cart",
                                "header_size": "div",
                                "_margin": {
                                    "unit": "px",
                                    "top": "0",
                                    "right": "8",
                                    "bottom": "0",
                                    "left": "0",
                                    "isLinked": false
                                },
                                "_element_width": "auto",
                                "__globals__": {
                                    "typography_typography": "globals\/typography?id=906ded2"
                                }
                            },
                            "elements": [],
                            "isInner": false,
                            "widgetType": "heading",
                            "elType": "widget"
                        },
                        {
                            "id": "a6cdccd",
                            "settings": {
                                "icon": "basket-medium",
                                "toggle_button_text_color": "#333333",
                                "toggle_button_icon_color": "#333333",
                                "toggle_button_hover_background_color": "#FFFFFF00",
                                "toggle_button_border_width": {
                                    "unit": "px",
                                    "size": "0",
                                    "sizes": []
                                },
                                "toggle_button_typography_typography": "custom",
                                "toggle_button_typography_font_size": {
                                    "unit": "px",
                                    "size": "14",
                                    "sizes": []
                                },
                                "toggle_button_typography_letter_spacing": {
                                    "unit": "px",
                                    "size": "0",
                                    "sizes": []
                                },
                                "toggle_button_padding": {
                                    "unit": "px",
                                    "top": "0",
                                    "right": "0",
                                    "bottom": "0",
                                    "left": "0",
                                    "isLinked": "1"
                                },
                                "items_indicator_background_color": "#FB700E",
                                "product_title_color": "#333333",
                                "product_title_typography_typography": "custom",
                                "product_title_typography_font_size": {
                                    "unit": "px",
                                    "size": "16",
                                    "sizes": []
                                },
                                "product_title_typography_font_weight": "700",
                                "product_title_typography_line_height": {
                                    "unit": "em",
                                    "size": "1.5",
                                    "sizes": []
                                },
                                "product_price_color": "#6B6B6B",
                                "product_price_typography_typography": "custom",
                                "product_price_typography_font_family": "Nunito Sans",
                                "product_price_typography_font_size": {
                                    "unit": "px",
                                    "size": "16",
                                    "sizes": []
                                },
                                "product_price_typography_font_weight": "300",
                                "product_price_typography_line_height": {
                                    "unit": "em",
                                    "size": "1.5",
                                    "sizes": []
                                },
                                "space_between_buttons": {
                                    "unit": "px",
                                    "size": "8",
                                    "sizes": []
                                },
                                "product_buttons_typography_typography": "custom",
                                "product_buttons_typography_font_size": {
                                    "unit": "px",
                                    "size": "11",
                                    "sizes": []
                                },
                                "product_buttons_typography_font_weight": "700",
                                "product_buttons_typography_text_transform": "uppercase",
                                "product_buttons_typography_line_height": {
                                    "unit": "em",
                                    "size": "1.5",
                                    "sizes": []
                                },
                                "product_buttons_typography_letter_spacing": {
                                    "unit": "px",
                                    "size": "1",
                                    "sizes": []
                                },
                                "button_border_radius": {
                                    "unit": "px",
                                    "size": "4",
                                    "sizes": []
                                },
                                "_margin": {
                                    "unit": "px",
                                    "top": "-2",
                                    "right": "0",
                                    "bottom": "0",
                                    "left": "0",
                                    "isLinked": ""
                                },
                                "_padding": {
                                    "unit": "%",
                                    "top": "0",
                                    "right": "0",
                                    "bottom": "0",
                                    "left": "0",
                                    "isLinked": "1"
                                },
                                "_z_index": "99",
                                "_element_width": "auto",
                                "_element_custom_width": {
                                    "unit": "%",
                                    "size": "18",
                                    "sizes": []
                                },
                                "_element_custom_width_tablet": {
                                    "unit": "px",
                                    "size": "0",
                                    "sizes": []
                                },
                                "_offset_x": {
                                    "unit": "vw",
                                    "size": "3",
                                    "sizes": []
                                },
                                "_offset_x_tablet": {
                                    "unit": "vw",
                                    "size": "-100",
                                    "sizes": []
                                },
                                "_offset_x_end_tablet": {
                                    "unit": "vw",
                                    "size": "",
                                    "sizes": []
                                },
                                "_offset_y": {
                                    "unit": "px",
                                    "size": "177",
                                    "sizes": []
                                },
                                "__globals__": {
                                    "toggle_button_text_color": "globals\/colors?id=secondary",
                                    "toggle_button_icon_color": "globals\/colors?id=secondary",
                                    "toggle_button_background_color": "globals\/colors?id=07414c8",
                                    "items_indicator_background_color": "globals\/colors?id=primary",
                                    "toggle_button_hover_background_color": "globals\/colors?id=07414c8",
                                    "product_title_color": "globals\/colors?id=secondary",
                                    "product_title_typography_typography": "globals\/typography?id=47eb6c6",
                                    "product_price_color": "globals\/colors?id=text",
                                    "product_price_typography_typography": "globals\/typography?id=primary",
                                    "product_buttons_typography_typography": "",
                                    "subtotal_color": "globals\/colors?id=secondary",
                                    "subtotal_typography_typography": "globals\/typography?id=1ce1d7e",
                                    "toggle_button_border_color": "globals\/colors?id=07414c8"
                                }
                            },
                            "elements": [],
                            "isInner": false,
                            "widgetType": "woocommerce-menu-cart",
                            "elType": "widget"
                        }
                    ],
                    "isInner": false,
                    "elType": "column"
                }
            ],
            "isInner": false,
            "elType": "section"
        }
    ]
}