{
    "version": "0.4",
    "title": "Hero slider",
    "type": "section",
    "metadata": {
        "template_type": "section-hero",
        "include_in_zip": "1",
        "elementor_pro_required": "1",
        "wp_page_template": "elementor_canvas"
    },
    "content": [
        {
            "id": "3969314d",
            "settings": {
                "gap": "wider",
                "structure": "20",
                "padding": {
                    "unit": "px",
                    "top": "0",
                    "right": "0",
                    "bottom": "0",
                    "left": "0",
                    "isLinked": false
                },
                "padding_tablet": {
                    "unit": "px",
                    "top": "48",
                    "right": "0",
                    "bottom": "48",
                    "left": "0",
                    "isLinked": false
                },
                "layout": "full_width",
                "height": "min-height",
                "custom_height": {
                    "unit": "vh",
                    "size": 100,
                    "sizes": []
                },
                "column_position": "stretch"
            },
            "elements": [
                {
                    "id": "3385b7f2",
                    "settings": {
                        "_column_size": 50,
                        "_inline_size": null,
                        "content_position": "center",
                        "align": "center",
                        "_inline_size_tablet": 100
                    },
                    "elements": [
                        {
                            "id": "27208945",
                            "settings": {
                                "content_width": {
                                    "unit": "px",
                                    "size": 600,
                                    "sizes": []
                                },
                                "gap": "no",
                                "overflow": "hidden",
                                "margin_mobile": {
                                    "unit": "px",
                                    "top": "0",
                                    "right": 0,
                                    "bottom": "48",
                                    "left": 0,
                                    "isLinked": false
                                }
                            },
                            "elements": [
                                {
                                    "id": "3a1457df",
                                    "settings": {
                                        "_column_size": 100,
                                        "_inline_size": null
                                    },
                                    "elements": [
                                        {
                                            "id": "564acd37",
                                            "settings": {
                                                "bg_image": {
                                                    "url": "https:\/\/kit.detheme.com\/cabana\/wp-content\/uploads\/sites\/43\/2020\/11\/626CFT.jpg",
                                                    "id": 147
                                                },
                                                "title": "Kurzy knabit holo chair",
                                                "description": "starts from $28",
                                                "title_tag": "h5",
                                                "button": "Shop now",
                                                "link": {
                                                    "url": "#",
                                                    "is_external": "",
                                                    "nofollow": "",
                                                    "custom_attributes": ""
                                                },
                                                "link_click": "box",
                                                "min-height": {
                                                    "unit": "px",
                                                    "size": 0,
                                                    "sizes": []
                                                },
                                                "vertical_position": "middle",
                                                "padding": {
                                                    "unit": "px",
                                                    "top": "0",
                                                    "right": "0",
                                                    "bottom": "0",
                                                    "left": "0",
                                                    "isLinked": false
                                                },
                                                "image_min_width": {
                                                    "unit": "px",
                                                    "size": 455,
                                                    "sizes": []
                                                },
                                                "image_min_height": {
                                                    "unit": "vh",
                                                    "size": 40,
                                                    "sizes": []
                                                },
                                                "title_spacing": {
                                                    "unit": "px",
                                                    "size": 4,
                                                    "sizes": []
                                                },
                                                "description_spacing": {
                                                    "unit": "px",
                                                    "size": 24,
                                                    "sizes": []
                                                },
                                                "button_border_width": {
                                                    "unit": "px",
                                                    "size": 1,
                                                    "sizes": []
                                                },
                                                "sequenced_animation": "elementor-cta--sequenced-animation",
                                                "_animation": "fadeInUp",
                                                "_element_width": "initial",
                                                "_element_custom_width": {
                                                    "unit": "px",
                                                    "size": 736,
                                                    "sizes": []
                                                },
                                                "__globals__": {
                                                    "title_color": "globals\/colors?id=secondary",
                                                    "content_bg_color": "globals\/colors?id=07414c8",
                                                    "description_color": "globals\/colors?id=text",
                                                    "button_color": "globals\/colors?id=secondary",
                                                    "overlay_color_hover": "globals\/colors?id=07414c8",
                                                    "button_hover_background_color": "globals\/colors?id=primary",
                                                    "button_hover_text_color": "globals\/colors?id=ec25634",
                                                    "button_hover_border_color": "globals\/colors?id=primary"
                                                },
                                                "layout": "left",
                                                "layout_mobile": "above",
                                                "bg_image_size": "full",
                                                "alignment": "left",
                                                "alignment_mobile": "center",
                                                "image_min_width_mobile": {
                                                    "unit": "%",
                                                    "size": 100,
                                                    "sizes": []
                                                }
                                            },
                                            "elements": [],
                                            "isInner": false,
                                            "widgetType": "call-to-action",
                                            "elType": "widget"
                                        }
                                    ],
                                    "isInner": true,
                                    "elType": "column"
                                }
                            ],
                            "isInner": true,
                            "elType": "section"
                        },
                        {
                            "id": "7838a8fd",
                            "settings": {
                                "content_width": {
                                    "unit": "px",
                                    "size": 600,
                                    "sizes": []
                                },
                                "gap": "no",
                                "margin": {
                                    "unit": "px",
                                    "top": "0",
                                    "right": 0,
                                    "bottom": "24",
                                    "left": 0,
                                    "isLinked": false
                                }
                            },
                            "elements": [
                                {
                                    "id": "7d6fea48",
                                    "settings": {
                                        "_column_size": 100,
                                        "_inline_size": null
                                    },
                                    "elements": [
                                        {
                                            "id": "5dbdce97",
                                            "settings": {
                                                "title": "Make Your Home Exquisite",
                                                "header_size": "h1",
                                                "align_mobile": "center"
                                            },
                                            "elements": [],
                                            "isInner": false,
                                            "widgetType": "heading",
                                            "elType": "widget"
                                        }
                                    ],
                                    "isInner": true,
                                    "elType": "column"
                                }
                            ],
                            "isInner": true,
                            "elType": "section"
                        },
                        {
                            "id": "298175aa",
                            "settings": {
                                "content_width": {
                                    "unit": "px",
                                    "size": 600,
                                    "sizes": []
                                },
                                "gap": "no",
                                "margin": {
                                    "unit": "px",
                                    "top": "0",
                                    "right": 0,
                                    "bottom": "4",
                                    "left": 0,
                                    "isLinked": false
                                }
                            },
                            "elements": [
                                {
                                    "id": "48e313f4",
                                    "settings": {
                                        "_column_size": 100,
                                        "_inline_size": null
                                    },
                                    "elements": [
                                        {
                                            "id": "334fc1c2",
                                            "settings": {
                                                "align_mobile": "center"
                                            },
                                            "elements": [],
                                            "isInner": false,
                                            "widgetType": "text-editor",
                                            "elType": "widget"
                                        }
                                    ],
                                    "isInner": true,
                                    "elType": "column"
                                }
                            ],
                            "isInner": true,
                            "elType": "section"
                        },
                        {
                            "id": "5f5bf34a",
                            "settings": {
                                "content_width": {
                                    "unit": "px",
                                    "size": 600,
                                    "sizes": []
                                },
                                "gap": "no",
                                "structure": "30"
                            },
                            "elements": [
                                {
                                    "id": "7adbcba8",
                                    "settings": {
                                        "_column_size": 33,
                                        "_inline_size": 45
                                    },
                                    "elements": [
                                        {
                                            "id": "738c013c",
                                            "settings": {
                                                "image": {
                                                    "url": "",
                                                    "id": ""
                                                },
                                                "title_text": "Vestibulum Ipsum Quam",
                                                "description_text": "luctus nec ullamcorper mattis",
                                                "title_size": "h6",
                                                "text_align": "left",
                                                "text_align_mobile": "center",
                                                "title_bottom_space": {
                                                    "unit": "px",
                                                    "size": 4,
                                                    "sizes": []
                                                },
                                                "_padding": {
                                                    "unit": "px",
                                                    "top": "16",
                                                    "right": "0",
                                                    "bottom": "0",
                                                    "left": "0",
                                                    "isLinked": false
                                                },
                                                "_border_border": "solid",
                                                "_border_width": {
                                                    "unit": "px",
                                                    "top": "2",
                                                    "right": "0",
                                                    "bottom": "0",
                                                    "left": "0",
                                                    "isLinked": false
                                                },
                                                "__globals__": {
                                                    "_border_color": "globals\/colors?id=primary",
                                                    "description_typography_typography": ""
                                                },
                                                "_margin_mobile": {
                                                    "unit": "px",
                                                    "top": "0",
                                                    "right": "0",
                                                    "bottom": "32",
                                                    "left": "0",
                                                    "isLinked": false
                                                }
                                            },
                                            "elements": [],
                                            "isInner": false,
                                            "widgetType": "image-box",
                                            "elType": "widget"
                                        }
                                    ],
                                    "isInner": true,
                                    "elType": "column"
                                },
                                {
                                    "id": "4bd0c3ad",
                                    "settings": {
                                        "_column_size": 33,
                                        "_inline_size": 9.167
                                    },
                                    "elements": [],
                                    "isInner": true,
                                    "elType": "column"
                                },
                                {
                                    "id": "41b65eb0",
                                    "settings": {
                                        "_column_size": 33,
                                        "_inline_size": 45.331
                                    },
                                    "elements": [
                                        {
                                            "id": "46cb82a6",
                                            "settings": {
                                                "image": {
                                                    "url": "",
                                                    "id": ""
                                                },
                                                "title_text": "Vestibulum Ipsum Quam",
                                                "description_text": "luctus nec ullamcorper mattis",
                                                "title_size": "h6",
                                                "text_align": "left",
                                                "text_align_mobile": "center",
                                                "title_bottom_space": {
                                                    "unit": "px",
                                                    "size": 4,
                                                    "sizes": []
                                                },
                                                "_padding": {
                                                    "unit": "px",
                                                    "top": "16",
                                                    "right": "0",
                                                    "bottom": "0",
                                                    "left": "0",
                                                    "isLinked": false
                                                },
                                                "_border_border": "solid",
                                                "_border_width": {
                                                    "unit": "px",
                                                    "top": "2",
                                                    "right": "0",
                                                    "bottom": "0",
                                                    "left": "0",
                                                    "isLinked": false
                                                },
                                                "__globals__": {
                                                    "_border_color": "globals\/colors?id=primary",
                                                    "description_typography_typography": ""
                                                }
                                            },
                                            "elements": [],
                                            "isInner": false,
                                            "widgetType": "image-box",
                                            "elType": "widget"
                                        }
                                    ],
                                    "isInner": true,
                                    "elType": "column"
                                }
                            ],
                            "isInner": true,
                            "elType": "section"
                        }
                    ],
                    "isInner": false,
                    "elType": "column"
                },
                {
                    "id": "132d4cb8",
                    "settings": {
                        "_column_size": 50,
                        "_inline_size": null,
                        "content_position": "center",
                        "background_background": "classic",
                        "background_image": {
                            "url": "https:\/\/kit.detheme.com\/cabana\/wp-content\/uploads\/sites\/43\/2020\/11\/white-and-grey-living-room-56JFYEK.jpg",
                            "id": 190
                        },
                        "background_position": "center center",
                        "background_size": "cover",
                        "animation": "fadeInDown",
                        "_inline_size_tablet": 100
                    },
                    "elements": [
                        {
                            "id": "15b80ffc",
                            "settings": {
                                "space": {
                                    "unit": "px",
                                    "size": 283,
                                    "sizes": []
                                }
                            },
                            "elements": [],
                            "isInner": false,
                            "widgetType": "spacer",
                            "elType": "widget"
                        },
                        {
                            "id": "e749742",
                            "settings": {
                                "source": "external_url",
                                "source_external_url": {
                                    "url": "https:\/\/assets6.lottiefiles.com\/packages\/lf20_T9eeZS.json",
                                    "is_external": "",
                                    "nofollow": "",
                                    "custom_attributes": ""
                                },
                                "link_to": "custom",
                                "loop": "yes",
                                "width": {
                                    "unit": "px",
                                    "size": 81,
                                    "sizes": []
                                },
                                "css_filters_css_filter": "custom",
                                "css_filters_brightness": {
                                    "unit": "px",
                                    "size": 82,
                                    "sizes": []
                                },
                                "css_filters_contrast": {
                                    "unit": "px",
                                    "size": 200,
                                    "sizes": []
                                },
                                "css_filters_saturate": {
                                    "unit": "px",
                                    "size": 0,
                                    "sizes": []
                                },
                                "css_filters_hue": {
                                    "unit": "px",
                                    "size": 360,
                                    "sizes": []
                                },
                                "_position": "absolute",
                                "_offset_x": {
                                    "unit": "%",
                                    "size": "",
                                    "sizes": []
                                },
                                "_offset_y": {
                                    "unit": "%",
                                    "size": "",
                                    "sizes": []
                                },
                                "__dynamic__": {
                                    "custom_link": "[elementor-tag id=\"c1b93c1\" name=\"lightbox\" settings=\"%7B%22type%22%3A%22video%22%2C%22video_url%22%3A%22https%3A%2F%2Fwww.youtube.com%2Fwatch%3Fv%3DXHOmBV4js_E%22%7D\"]"
                                }
                            },
                            "elements": [],
                            "isInner": false,
                            "widgetType": "lottie",
                            "elType": "widget"
                        }
                    ],
                    "isInner": false,
                    "elType": "column"
                }
            ],
            "isInner": false,
            "elType": "section"
        }
    ]
}