{
    "version": "0.4",
    "title": "Optin",
    "type": "popup",
    "metadata": {
        "template_type": "section-popup",
        "include_in_zip": "1",
        "elementor_pro_required": "1",
        "elementor_library_type": "popup",
        "additional_template_information": [
            "This is a \"Popup\" template for Elementor Pro."
        ],
        "wp_page_template": "default"
    },
    "content": [
        {
            "id": "22fbfe8",
            "settings": {
                "border_radius": {
                    "unit": "px",
                    "top": "4",
                    "right": "4",
                    "bottom": "4",
                    "left": "4",
                    "isLinked": true
                },
                "gap": "extended",
                "height": "min-height",
                "column_position": "bottom",
                "background_background": "classic",
                "background_position": "center center",
                "background_repeat": "no-repeat",
                "background_size": "cover",
                "background_overlay_background": "gradient",
                "background_overlay_color_stop": {
                    "unit": "%",
                    "size": 45,
                    "sizes": []
                },
                "background_overlay_color_b_stop": {
                    "unit": "%",
                    "size": 6,
                    "sizes": []
                },
                "background_overlay_gradient_angle": {
                    "unit": "deg",
                    "size": 250,
                    "sizes": []
                },
                "background_overlay_opacity": {
                    "unit": "px",
                    "size": 1,
                    "sizes": []
                },
                "__globals__": {
                    "background_overlay_color_b": "globals\/colors?id=ec25634",
                    "background_overlay_color": "globals\/colors?id=07414c8"
                },
                "custom_height_mobile": {
                    "unit": "px",
                    "size": 0,
                    "sizes": []
                },
                "background_size_mobile": "initial",
                "background_bg_width_mobile": {
                    "unit": "px",
                    "size": 0,
                    "sizes": []
                },
                "padding_mobile": {
                    "unit": "px",
                    "top": "0",
                    "right": "0",
                    "bottom": "0",
                    "left": "0",
                    "isLinked": false
                }
            },
            "elements": [
                {
                    "id": "31fb1b0e",
                    "settings": {
                        "_column_size": 100,
                        "_inline_size": null
                    },
                    "elements": [
                        {
                            "id": "585c35b",
                            "settings": {
                                "space": {
                                    "unit": "px",
                                    "size": 32,
                                    "sizes": []
                                },
                                "_background_background": "classic",
                                "_element_width": "initial",
                                "_element_custom_width": {
                                    "unit": "px",
                                    "size": 32,
                                    "sizes": []
                                },
                                "_position": "absolute",
                                "_offset_orientation_h": "end",
                                "__globals__": {
                                    "_background_color": "globals\/colors?id=ec25634"
                                }
                            },
                            "elements": [],
                            "isInner": false,
                            "widgetType": "spacer",
                            "elType": "widget"
                        },
                        {
                            "id": "15f72734",
                            "settings": {
                                "image": {
                                    "url": "https:\/\/kit.detheme.com\/cabana\/wp-content\/uploads\/sites\/43\/2020\/11\/lamp-above-grey-couch-with-pillows-in-white-living-TJNFZ5K.jpg",
                                    "id": 551
                                },
                                "_margin": {
                                    "unit": "px",
                                    "top": "0",
                                    "right": "0",
                                    "bottom": "24",
                                    "left": "0",
                                    "isLinked": false
                                },
                                "height": {
                                    "unit": "px",
                                    "size": 280,
                                    "sizes": []
                                },
                                "object-fit": "cover",
                                "image_size": "1536x1536"
                            },
                            "elements": [],
                            "isInner": false,
                            "widgetType": "image",
                            "elType": "widget"
                        },
                        {
                            "id": "115cc96e",
                            "settings": {
                                "structure": "30"
                            },
                            "elements": [
                                {
                                    "id": "14b6a6da",
                                    "settings": {
                                        "_column_size": 33,
                                        "_inline_size": 38.152
                                    },
                                    "elements": [
                                        {
                                            "id": "1024ca79",
                                            "settings": {
                                                "before_text": "Join Our",
                                                "highlighted_text": "Newsletter",
                                                "rotating_text": "Better\nBigger\nFaster",
                                                "after_text": "And Get 20% Discount",
                                                "alignment": "left",
                                                "tag": "h5",
                                                "marker_color": "#FFFFFF00",
                                                "title_typography_font_size": {
                                                    "unit": "px",
                                                    "size": 28,
                                                    "sizes": []
                                                },
                                                "title_typography_font_weight": "700",
                                                "title_typography_line_height": {
                                                    "unit": "em",
                                                    "size": 1.3,
                                                    "sizes": []
                                                },
                                                "words_color": "#999999",
                                                "words_typography_font_weight": "900",
                                                "__globals__": {
                                                    "marker_color": "globals\/colors?id=07414c8",
                                                    "words_color": "globals\/colors?id=8fa36e4",
                                                    "title_typography_typography": ""
                                                },
                                                "_margin": {
                                                    "unit": "px",
                                                    "top": "-10",
                                                    "right": "0",
                                                    "bottom": "-16",
                                                    "left": "0",
                                                    "isLinked": false
                                                },
                                                "alignment_mobile": "center",
                                                "_padding": {
                                                    "unit": "px",
                                                    "top": "0",
                                                    "right": "0",
                                                    "bottom": "0",
                                                    "left": "0",
                                                    "isLinked": false
                                                },
                                                "_animation": "fadeIn",
                                                "animation_duration": "slow"
                                            },
                                            "elements": [],
                                            "isInner": false,
                                            "widgetType": "animated-headline",
                                            "elType": "widget"
                                        }
                                    ],
                                    "isInner": true,
                                    "elType": "column"
                                },
                                {
                                    "id": "580cf278",
                                    "settings": {
                                        "_column_size": 33,
                                        "_inline_size": 7.473
                                    },
                                    "elements": [],
                                    "isInner": true,
                                    "elType": "column"
                                },
                                {
                                    "id": "6806df9f",
                                    "settings": {
                                        "_column_size": 33,
                                        "_inline_size": 53.708,
                                        "content_position": "bottom",
                                        "align": "flex-end",
                                        "padding": {
                                            "unit": "px",
                                            "top": "0",
                                            "right": "0",
                                            "bottom": "0",
                                            "left": "0",
                                            "isLinked": false
                                        }
                                    },
                                    "elements": [
                                        {
                                            "id": "7310e1f7",
                                            "settings": {
                                                "form_name": "Subscribe",
                                                "form_fields": [
                                                    {
                                                        "custom_id": "email",
                                                        "field_type": "email",
                                                        "required": "true",
                                                        "field_label": "Email",
                                                        "placeholder": "your email address",
                                                        "width": "60",
                                                        "_id": "1737d1b",
                                                        "previous_button": "",
                                                        "next_button": "",
                                                        "file_sizes": "",
                                                        "file_types": "",
                                                        "allow_multiple_upload": "",
                                                        "max_files": "",
                                                        "acceptance_text": "",
                                                        "checked_by_default": "",
                                                        "field_min": "",
                                                        "field_max": "",
                                                        "min_date": "",
                                                        "max_date": "",
                                                        "use_native_date": "",
                                                        "use_native_time": ""
                                                    }
                                                ],
                                                "step_next_label": "Next",
                                                "step_previous_label": "Previous",
                                                "button_text": "Subscribe",
                                                "submit_actions": [
                                                    "email",
                                                    "mailchimp"
                                                ],
                                                "email_content": "[all-fields]",
                                                "email_content_2": "[all-fields]",
                                                "success_message": "The form was sent successfully.",
                                                "error_message": "An error occured.",
                                                "required_field_message": "This field is required.",
                                                "invalid_message": "There's something wrong. The form is invalid.",
                                                "show_labels": "",
                                                "button_width": "40",
                                                "_element_width": "inherit",
                                                "input_size": "md",
                                                "button_size": "md",
                                                "column_gap": {
                                                    "unit": "px",
                                                    "size": 0,
                                                    "sizes": []
                                                },
                                                "row_gap": {
                                                    "unit": "px",
                                                    "size": 0,
                                                    "sizes": []
                                                },
                                                "_margin": {
                                                    "unit": "px",
                                                    "top": "0",
                                                    "right": "0",
                                                    "bottom": "16",
                                                    "left": "0",
                                                    "isLinked": false
                                                },
                                                "_padding": {
                                                    "unit": "px",
                                                    "top": "0",
                                                    "right": "0",
                                                    "bottom": "0",
                                                    "left": "0",
                                                    "isLinked": false
                                                },
                                                "button_text_padding": {
                                                    "unit": "px",
                                                    "top": "0",
                                                    "right": "22",
                                                    "bottom": "0",
                                                    "left": "22",
                                                    "isLinked": false
                                                },
                                                "__globals__": {
                                                    "button_text_color": "globals\/colors?id=primary"
                                                }
                                            },
                                            "elements": [],
                                            "isInner": false,
                                            "widgetType": "form",
                                            "elType": "widget"
                                        },
                                        {
                                            "id": "28eedb50",
                                            "settings": {
                                                "title": "Promotion nulla vitae elit libero a pharetra augue",
                                                "header_size": "div",
                                                "__globals__": {
                                                    "typography_typography": "globals\/typography?id=5ec7628",
                                                    "title_color": "globals\/colors?id=8fa36e4"
                                                }
                                            },
                                            "elements": [],
                                            "isInner": false,
                                            "widgetType": "heading",
                                            "elType": "widget"
                                        }
                                    ],
                                    "isInner": true,
                                    "elType": "column"
                                }
                            ],
                            "isInner": true,
                            "elType": "section"
                        }
                    ],
                    "isInner": false,
                    "elType": "column"
                }
            ],
            "isInner": false,
            "elType": "section"
        }
    ],
    "page_settings": {
        "width": {
            "unit": "px",
            "size": 700,
            "sizes": []
        }
    }
}