{
    "version": "0.4",
    "title": "Shop",
    "type": "page",
    "metadata": {
        "template_type": "single-page",
        "include_in_zip": "1",
        "elementor_pro_required": "1",
        "wp_page_template": "default"
    },
    "content": [
        {
            "id": "39bedded",
            "settings": {
                "gap": "wider",
                "height": "min-height",
                "custom_height_mobile": {
                    "unit": "px",
                    "size": 0,
                    "sizes": []
                },
                "structure": "20",
                "background_background": "classic",
                "background_image": {
                    "url": "https:\/\/kit.detheme.com\/cabana\/wp-content\/uploads\/sites\/43\/2020\/11\/urban-jungle-in-modern-home-interior-pots-with-pla-RYM8PGV.jpg",
                    "id": 282
                },
                "background_position": "initial",
                "background_xpos": {
                    "unit": "%",
                    "size": 100,
                    "sizes": []
                },
                "background_ypos": {
                    "unit": "%",
                    "size": 50,
                    "sizes": []
                },
                "background_repeat": "no-repeat",
                "background_size": "initial",
                "background_size_mobile": "initial",
                "background_bg_width": {
                    "unit": "vw",
                    "size": 50,
                    "sizes": []
                },
                "background_bg_width_mobile": {
                    "unit": "px",
                    "size": 0,
                    "sizes": []
                },
                "__globals__": {
                    "background_color": "globals\/colors?id=d3ae19d"
                }
            },
            "elements": [
                {
                    "id": "1b71da48",
                    "settings": {
                        "_column_size": 50,
                        "_inline_size": 42.934
                    },
                    "elements": [
                        {
                            "id": "5200ba45",
                            "settings": {
                                "title": "Shop",
                                "_margin": {
                                    "unit": "px",
                                    "top": "0",
                                    "right": "0",
                                    "bottom": "24",
                                    "left": "0",
                                    "isLinked": false
                                }
                            },
                            "elements": [],
                            "isInner": false,
                            "widgetType": "heading",
                            "elType": "widget"
                        },
                        {
                            "id": "15c425ca",
                            "settings": {
                                "_margin": {
                                    "unit": "px",
                                    "top": "0",
                                    "right": "0",
                                    "bottom": "-21",
                                    "left": "0",
                                    "isLinked": false
                                },
                                "__globals__": {
                                    "text_color": "globals\/colors?id=8fa36e4"
                                }
                            },
                            "elements": [],
                            "isInner": false,
                            "widgetType": "text-editor",
                            "elType": "widget"
                        }
                    ],
                    "isInner": false,
                    "elType": "column"
                },
                {
                    "id": "2ed16f5f",
                    "settings": {
                        "_column_size": 50,
                        "_inline_size": 57.066
                    },
                    "elements": [],
                    "isInner": false,
                    "elType": "column"
                }
            ],
            "isInner": false,
            "elType": "section"
        },
        {
            "id": "294c279a",
            "settings": {
                "gap": "wider",
                "structure": "30",
                "padding": {
                    "unit": "px",
                    "top": "96",
                    "right": "0",
                    "bottom": "96",
                    "left": "0",
                    "isLinked": ""
                },
                "padding_tablet": {
                    "unit": "px",
                    "top": "48",
                    "right": "0",
                    "bottom": "48",
                    "left": "0",
                    "isLinked": ""
                },
                "overflow": "hidden"
            },
            "elements": [
                {
                    "id": "7464a735",
                    "settings": {
                        "_column_size": "33",
                        "_inline_size": "68.692",
                        "_inline_size_tablet": "100",
                        "padding": {
                            "unit": "px",
                            "top": "0",
                            "right": "30",
                            "bottom": "0",
                            "left": "30",
                            "isLinked": ""
                        },
                        "padding_mobile": {
                            "unit": "px",
                            "top": "30",
                            "right": "30",
                            "bottom": "30",
                            "left": "30",
                            "isLinked": "1"
                        }
                    },
                    "elements": [
                        {
                            "id": "cece1ca",
                            "settings": {
                                "column_gap": {
                                    "unit": "px",
                                    "size": "24",
                                    "sizes": []
                                },
                                "row_gap": {
                                    "unit": "px",
                                    "size": "80",
                                    "sizes": []
                                },
                                "align": "center",
                                "title_typography_typography": "custom",
                                "title_typography_font_size": {
                                    "unit": "px",
                                    "size": "16",
                                    "sizes": []
                                },
                                "title_typography_font_weight": "700",
                                "title_spacing": {
                                    "unit": "px",
                                    "size": "0",
                                    "sizes": []
                                },
                                "price_color": "#6B6B6B",
                                "price_typography_typography": "custom",
                                "price_typography_font_size": {
                                    "unit": "px",
                                    "size": "16",
                                    "sizes": []
                                },
                                "button_background_color": "rgba(2, 1, 1, 0)",
                                "button_typography_typography": "custom",
                                "button_typography_font_size": {
                                    "unit": "px",
                                    "size": "12",
                                    "sizes": []
                                },
                                "button_typography_font_weight": "500",
                                "button_typography_text_transform": "uppercase",
                                "button_typography_line_height": {
                                    "unit": "em",
                                    "size": "1.5",
                                    "sizes": []
                                },
                                "button_typography_letter_spacing": {
                                    "unit": "px",
                                    "size": "1.4",
                                    "sizes": []
                                },
                                "button_hover_color": "#000000",
                                "button_hover_border_color": "#000000",
                                "button_border_border": "solid",
                                "button_border_width": {
                                    "unit": "px",
                                    "top": "0",
                                    "right": "0",
                                    "bottom": "1",
                                    "left": "0",
                                    "isLinked": ""
                                },
                                "button_border_radius": {
                                    "unit": "px",
                                    "top": "0",
                                    "right": "0",
                                    "bottom": "0",
                                    "left": "0",
                                    "isLinked": "1"
                                },
                                "button_text_padding": {
                                    "unit": "px",
                                    "top": "0",
                                    "right": "0",
                                    "bottom": "0",
                                    "left": "0",
                                    "isLinked": ""
                                },
                                "onsale_typography_typography": "custom",
                                "onsale_typography_font_size": {
                                    "unit": "px",
                                    "size": "10",
                                    "sizes": []
                                },
                                "onsale_typography_font_weight": "500",
                                "onsale_typography_text_transform": "uppercase",
                                "onsale_typography_letter_spacing": {
                                    "unit": "px",
                                    "size": "1.2",
                                    "sizes": []
                                },
                                "onsale_width": {
                                    "unit": "px",
                                    "size": "48",
                                    "sizes": []
                                },
                                "onsale_height": {
                                    "unit": "px",
                                    "size": "48",
                                    "sizes": []
                                },
                                "onsale_distance": {
                                    "unit": "px",
                                    "size": "-20",
                                    "sizes": []
                                },
                                "paginate": "yes",
                                "__globals__": {
                                    "button_border_color": "globals\/colors?id=b41e63e",
                                    "button_text_color": "globals\/colors?id=primary",
                                    "onsale_text_background_color": "globals\/colors?id=primary",
                                    "view_cart_typography_typography": "globals\/typography?id=secondary",
                                    "pagination_link_color_hover": "globals\/colors?id=ec25634",
                                    "pagination_link_bg_color_hover": "globals\/colors?id=primary",
                                    "pagination_link_color_active": "globals\/colors?id=8fa36e4",
                                    "pagination_link_bg_color_active": "globals\/colors?id=d3ae19d"
                                },
                                "pagination_spacing": {
                                    "unit": "px",
                                    "size": "96",
                                    "sizes": []
                                },
                                "show_pagination_border": "",
                                "pagination_padding": {
                                    "unit": "px",
                                    "size": "16",
                                    "sizes": []
                                }
                            },
                            "elements": [],
                            "isInner": false,
                            "widgetType": "woocommerce-products",
                            "elType": "widget"
                        }
                    ],
                    "isInner": "",
                    "elType": "column"
                },
                {
                    "id": "5a66352f",
                    "settings": {
                        "_column_size": "33",
                        "_inline_size": "5.923",
                        "align": "center",
                        "border_radius": {
                            "unit": "px",
                            "top": "0",
                            "right": "0",
                            "bottom": "0",
                            "left": "0",
                            "isLinked": ""
                        },
                        "box_shadow_box_shadow": {
                            "horizontal": "1",
                            "vertical": "0",
                            "blur": "10",
                            "spread": "0",
                            "color": "#000000"
                        },
                        "padding": {
                            "unit": "px",
                            "top": "0",
                            "right": "0",
                            "bottom": "0",
                            "left": "0",
                            "isLinked": ""
                        },
                        "__globals__": {
                            "background_color": "globals\/colors?id=secondary"
                        },
                        "margin_tablet": {
                            "unit": "%",
                            "top": "-100000",
                            "right": "0",
                            "bottom": "0",
                            "left": "0",
                            "isLinked": ""
                        }
                    },
                    "elements": [
                        {
                            "id": "2bcbd874",
                            "settings": {
                                "space": {
                                    "unit": "px",
                                    "size": "1420",
                                    "sizes": []
                                },
                                "_background_background": "classic",
                                "_element_width": "initial",
                                "_element_custom_width": {
                                    "unit": "px",
                                    "size": "1",
                                    "sizes": []
                                },
                                "__globals__": {
                                    "_background_color": "globals\/colors?id=785b64d"
                                }
                            },
                            "elements": [],
                            "isInner": false,
                            "widgetType": "spacer",
                            "elType": "widget"
                        }
                    ],
                    "isInner": "",
                    "elType": "column"
                },
                {
                    "id": "3f8072ce",
                    "settings": {
                        "_column_size": "33",
                        "_inline_size": "24.958",
                        "_inline_size_tablet": "100",
                        "padding": {
                            "unit": "px",
                            "top": "0",
                            "right": "30",
                            "bottom": "30",
                            "left": "30",
                            "isLinked": false
                        },
                        "padding_mobile": {
                            "unit": "px",
                            "top": "48",
                            "right": "30",
                            "bottom": "48",
                            "left": "30",
                            "isLinked": ""
                        },
                        "__globals__": {
                            "background_color": "globals\/colors?id=d3ae19d"
                        }
                    },
                    "elements": [
                        {
                            "id": "78f14a04",
                            "settings": {
                                "placeholder": "Search...",
                                "button_text": "go",
                                "size": {
                                    "unit": "px",
                                    "size": "52",
                                    "sizes": []
                                },
                                "input_background_color": "#FFFFFF",
                                "border_radius": {
                                    "unit": "px",
                                    "size": 0,
                                    "sizes": []
                                },
                                "_margin": {
                                    "unit": "px",
                                    "top": "0",
                                    "right": "0",
                                    "bottom": "48",
                                    "left": "0",
                                    "isLinked": ""
                                },
                                "icon": "arrow",
                                "button_type": "text",
                                "button_width": {
                                    "unit": "px",
                                    "size": "1",
                                    "sizes": []
                                },
                                "__globals__": {
                                    "input_background_color": "",
                                    "input_border_color": "",
                                    "button_typography_typography": "globals\/typography?id=secondary",
                                    "button_background_color": "globals\/colors?id=primary",
                                    "button_text_color": ""
                                }
                            },
                            "elements": [],
                            "isInner": false,
                            "widgetType": "search-form",
                            "elType": "widget"
                        },
                        {
                            "id": "6d674d7f",
                            "settings": {
                                "margin": {
                                    "unit": "px",
                                    "top": "0",
                                    "right": "0",
                                    "bottom": "48",
                                    "left": "0",
                                    "isLinked": ""
                                }
                            },
                            "elements": [
                                {
                                    "id": "1f12d400",
                                    "settings": {
                                        "_column_size": "100",
                                        "padding": {
                                            "unit": "px",
                                            "top": "0",
                                            "right": "0",
                                            "bottom": "0",
                                            "left": "0",
                                            "isLinked": ""
                                        }
                                    },
                                    "elements": [
                                        {
                                            "id": "3bb09705",
                                            "settings": {
                                                "text": "Divider",
                                                "gap": {
                                                    "unit": "px",
                                                    "size": "0",
                                                    "sizes": []
                                                },
                                                "_margin": {
                                                    "unit": "px",
                                                    "top": "0",
                                                    "right": "0",
                                                    "bottom": "0",
                                                    "left": "0",
                                                    "isLinked": ""
                                                },
                                                "_z_index": "0",
                                                "_position": "absolute",
                                                "_offset_y": {
                                                    "unit": "px",
                                                    "size": "14",
                                                    "sizes": []
                                                },
                                                "__globals__": {
                                                    "color": "globals\/colors?id=4ade329"
                                                }
                                            },
                                            "elements": [],
                                            "isInner": false,
                                            "widgetType": "divider",
                                            "elType": "widget"
                                        },
                                        {
                                            "id": "149562c1",
                                            "settings": {
                                                "title": "Categories",
                                                "header_size": "h5",
                                                "_margin": {
                                                    "unit": "px",
                                                    "top": "0",
                                                    "right": "0",
                                                    "bottom": "24",
                                                    "left": "0",
                                                    "isLinked": ""
                                                },
                                                "_padding": {
                                                    "unit": "px",
                                                    "top": "0",
                                                    "right": "16",
                                                    "bottom": "0",
                                                    "left": "0",
                                                    "isLinked": ""
                                                },
                                                "_z_index": "1",
                                                "_background_background": "classic",
                                                "_element_width": "auto",
                                                "__globals__": {
                                                    "title_color": "globals\/colors?id=secondary",
                                                    "_background_color": "globals\/colors?id=ec25634"
                                                }
                                            },
                                            "elements": [],
                                            "isInner": false,
                                            "widgetType": "heading",
                                            "elType": "widget"
                                        },
                                        {
                                            "id": "49f898db",
                                            "settings": {
                                                "columns": "2",
                                                "column_gap": {
                                                    "unit": "px",
                                                    "size": "22",
                                                    "sizes": []
                                                },
                                                "title_typography_typography": "custom",
                                                "title_typography_font_size": {
                                                    "unit": "px",
                                                    "size": "15",
                                                    "sizes": []
                                                },
                                                "count_color": "#ADADAD",
                                                "count_typography_typography": "custom",
                                                "count_typography_font_size": {
                                                    "unit": "px",
                                                    "size": "12",
                                                    "sizes": []
                                                },
                                                "number": "6",
                                                "source": "by_parent",
                                                "columns_tablet": "2"
                                            },
                                            "elements": [],
                                            "isInner": false,
                                            "widgetType": "wc-categories",
                                            "elType": "widget"
                                        }
                                    ],
                                    "isInner": "1",
                                    "elType": "column"
                                }
                            ],
                            "isInner": "1",
                            "elType": "section"
                        },
                        {
                            "id": "2322a2b4",
                            "settings": {
                                "margin": {
                                    "unit": "px",
                                    "top": "0",
                                    "right": "0",
                                    "bottom": "48",
                                    "left": "0",
                                    "isLinked": ""
                                }
                            },
                            "elements": [
                                {
                                    "id": "21b6e2a3",
                                    "settings": {
                                        "_column_size": "100",
                                        "padding": {
                                            "unit": "px",
                                            "top": "0",
                                            "right": "0",
                                            "bottom": "0",
                                            "left": "0",
                                            "isLinked": ""
                                        }
                                    },
                                    "elements": [
                                        {
                                            "id": "7b81024c",
                                            "settings": {
                                                "text": "Divider",
                                                "gap": {
                                                    "unit": "px",
                                                    "size": "0",
                                                    "sizes": []
                                                },
                                                "_margin": {
                                                    "unit": "px",
                                                    "top": "0",
                                                    "right": "0",
                                                    "bottom": "0",
                                                    "left": "0",
                                                    "isLinked": ""
                                                },
                                                "_z_index": "0",
                                                "_position": "absolute",
                                                "_offset_y": {
                                                    "unit": "px",
                                                    "size": "14",
                                                    "sizes": []
                                                },
                                                "__globals__": {
                                                    "color": "globals\/colors?id=4ade329"
                                                }
                                            },
                                            "elements": [],
                                            "isInner": false,
                                            "widgetType": "divider",
                                            "elType": "widget"
                                        },
                                        {
                                            "id": "4ddc3c26",
                                            "settings": {
                                                "title": "Testimonials",
                                                "header_size": "h5",
                                                "_margin": {
                                                    "unit": "px",
                                                    "top": "0",
                                                    "right": "0",
                                                    "bottom": "24",
                                                    "left": "0",
                                                    "isLinked": ""
                                                },
                                                "_padding": {
                                                    "unit": "px",
                                                    "top": "0",
                                                    "right": "16",
                                                    "bottom": "0",
                                                    "left": "0",
                                                    "isLinked": ""
                                                },
                                                "_z_index": "1",
                                                "_background_background": "classic",
                                                "_element_width": "auto",
                                                "__globals__": {
                                                    "title_color": "globals\/colors?id=secondary",
                                                    "_background_color": "globals\/colors?id=ec25634"
                                                }
                                            },
                                            "elements": [],
                                            "isInner": false,
                                            "widgetType": "heading",
                                            "elType": "widget"
                                        },
                                        {
                                            "id": "33af1be6",
                                            "settings": {
                                                "slides": [
                                                    {
                                                        "content": "\u201cLorem ipsum dolor sit amet, consectetur adipiscing elit. Ut elit tellus, luctus nec ullamcorper mattis, pulvinar dapibus leo\u201d",
                                                        "name": "John Doe",
                                                        "title": "Accountant, Colibri",
                                                        "image": {
                                                            "url": "https:\/\/kit.detheme.com\/dexor\/wp-content\/uploads\/sites\/8\/2020\/08\/slice3.jpg",
                                                            "id": "215"
                                                        },
                                                        "_id": "074a119"
                                                    },
                                                    {
                                                        "content": "\u201cLorem ipsum dolor sit amet, consectetur adipiscing elit. Ut elit tellus, luctus nec ullamcorper mattis, pulvinar dapibus leo\u201d",
                                                        "name": "Max Powell",
                                                        "title": "CEO, Falcon",
                                                        "image": {
                                                            "url": "https:\/\/kit.detheme.com\/dexor\/wp-content\/uploads\/sites\/8\/2020\/08\/slice2.jpg",
                                                            "id": "214"
                                                        },
                                                        "_id": "eb46ccf"
                                                    },
                                                    {
                                                        "content": "\u201cLorem ipsum dolor sit amet, consectetur adipiscing elit. Ut elit tellus, luctus nec ullamcorper mattis, pulvinar dapibus leo\u201d",
                                                        "name": "Alex Palo",
                                                        "title": "Owner, Eagle",
                                                        "image": {
                                                            "url": "https:\/\/kit.detheme.com\/dexor\/wp-content\/uploads\/sites\/8\/2020\/08\/slice1.jpg",
                                                            "id": "213"
                                                        },
                                                        "_id": "5439117"
                                                    }
                                                ],
                                                "alignment": "left",
                                                "show_arrows": "",
                                                "speed": "900",
                                                "slide_padding": {
                                                    "unit": "px",
                                                    "top": "0",
                                                    "right": "0",
                                                    "bottom": "0",
                                                    "left": "0",
                                                    "isLinked": ""
                                                },
                                                "content_typography_typography": "custom",
                                                "content_typography_font_size": {
                                                    "unit": "px",
                                                    "size": "18",
                                                    "sizes": []
                                                },
                                                "content_typography_font_weight": "100",
                                                "content_typography_font_style": "normal",
                                                "name_color": "#333333",
                                                "name_typography_typography": "custom",
                                                "name_typography_font_size": {
                                                    "unit": "px",
                                                    "size": "16",
                                                    "sizes": []
                                                },
                                                "name_typography_font_weight": "700",
                                                "title_typography_typography": "custom",
                                                "title_typography_font_size": {
                                                    "unit": "px",
                                                    "size": "11",
                                                    "sizes": []
                                                },
                                                "title_typography_font_weight": "400",
                                                "title_typography_text_transform": "uppercase",
                                                "title_typography_letter_spacing": {
                                                    "unit": "px",
                                                    "size": "1",
                                                    "sizes": []
                                                },
                                                "_margin": {
                                                    "unit": "px",
                                                    "top": "0",
                                                    "right": "-9",
                                                    "bottom": "0",
                                                    "left": "-9",
                                                    "isLinked": ""
                                                },
                                                "__globals__": {
                                                    "title_color": "globals\/colors?id=8fa36e4"
                                                }
                                            },
                                            "elements": [],
                                            "isInner": false,
                                            "widgetType": "testimonial-carousel",
                                            "elType": "widget"
                                        }
                                    ],
                                    "isInner": "1",
                                    "elType": "column"
                                }
                            ],
                            "isInner": "1",
                            "elType": "section"
                        },
                        {
                            "id": "536f2aa5",
                            "settings": {
                                "margin": {
                                    "unit": "px",
                                    "top": "0",
                                    "right": "0",
                                    "bottom": "48",
                                    "left": "0",
                                    "isLinked": ""
                                }
                            },
                            "elements": [
                                {
                                    "id": "425eaa5b",
                                    "settings": {
                                        "_column_size": "100",
                                        "padding": {
                                            "unit": "px",
                                            "top": "0",
                                            "right": "0",
                                            "bottom": "0",
                                            "left": "0",
                                            "isLinked": ""
                                        }
                                    },
                                    "elements": [
                                        {
                                            "id": "780261d9",
                                            "settings": {
                                                "text": "Divider",
                                                "gap": {
                                                    "unit": "px",
                                                    "size": "0",
                                                    "sizes": []
                                                },
                                                "_margin": {
                                                    "unit": "px",
                                                    "top": "0",
                                                    "right": "0",
                                                    "bottom": "0",
                                                    "left": "0",
                                                    "isLinked": ""
                                                },
                                                "_z_index": "0",
                                                "_position": "absolute",
                                                "_offset_y": {
                                                    "unit": "px",
                                                    "size": "14",
                                                    "sizes": []
                                                },
                                                "__globals__": {
                                                    "color": "globals\/colors?id=4ade329"
                                                }
                                            },
                                            "elements": [],
                                            "isInner": false,
                                            "widgetType": "divider",
                                            "elType": "widget"
                                        },
                                        {
                                            "id": "2d504a59",
                                            "settings": {
                                                "title": "Follow and subscribe",
                                                "header_size": "h5",
                                                "_margin": {
                                                    "unit": "px",
                                                    "top": "0",
                                                    "right": "0",
                                                    "bottom": "24",
                                                    "left": "0",
                                                    "isLinked": ""
                                                },
                                                "_padding": {
                                                    "unit": "px",
                                                    "top": "0",
                                                    "right": "16",
                                                    "bottom": "0",
                                                    "left": "0",
                                                    "isLinked": ""
                                                },
                                                "_z_index": "1",
                                                "_background_background": "classic",
                                                "_element_width": "auto",
                                                "__globals__": {
                                                    "title_color": "globals\/colors?id=secondary",
                                                    "_background_color": "globals\/colors?id=ec25634"
                                                }
                                            },
                                            "elements": [],
                                            "isInner": false,
                                            "widgetType": "heading",
                                            "elType": "widget"
                                        },
                                        {
                                            "id": "388af49f",
                                            "settings": {
                                                "social_icon_list": [
                                                    {
                                                        "social_icon": {
                                                            "value": "fab fa-facebook",
                                                            "library": "fa-brands"
                                                        },
                                                        "_id": "137cd67"
                                                    },
                                                    {
                                                        "social_icon": {
                                                            "value": "fab fa-twitter",
                                                            "library": "fa-brands"
                                                        },
                                                        "_id": "eaa720a"
                                                    },
                                                    {
                                                        "social_icon": {
                                                            "value": "fab fa-youtube",
                                                            "library": "fa-brands"
                                                        },
                                                        "_id": "3790639"
                                                    },
                                                    {
                                                        "social_icon": {
                                                            "value": "fab fa-linkedin",
                                                            "library": "fa-brands"
                                                        },
                                                        "_id": "580f044"
                                                    },
                                                    {
                                                        "social_icon": {
                                                            "value": "fab fa-instagram",
                                                            "library": "fa-brands"
                                                        },
                                                        "link": {
                                                            "url": "#",
                                                            "is_external": "true",
                                                            "nofollow": "",
                                                            "custom_attributes": ""
                                                        },
                                                        "_id": "0b75838"
                                                    },
                                                    {
                                                        "social_icon": {
                                                            "value": "fab fa-pinterest",
                                                            "library": "fa-brands"
                                                        },
                                                        "link": {
                                                            "url": "#",
                                                            "is_external": "true",
                                                            "nofollow": "",
                                                            "custom_attributes": ""
                                                        },
                                                        "_id": "2f86553"
                                                    }
                                                ],
                                                "align": "left",
                                                "icon_color": "custom",
                                                "icon_primary_color": "rgba(255, 255, 255, 0)",
                                                "icon_secondary_color": "#333333",
                                                "icon_size": {
                                                    "unit": "px",
                                                    "size": "17",
                                                    "sizes": []
                                                },
                                                "icon_spacing": {
                                                    "unit": "px",
                                                    "size": "6",
                                                    "sizes": []
                                                },
                                                "image_border_border": "solid",
                                                "image_border_width": {
                                                    "unit": "px",
                                                    "top": "1",
                                                    "right": "1",
                                                    "bottom": "1",
                                                    "left": "1",
                                                    "isLinked": "1"
                                                },
                                                "image_border_color": "#5A5A5A",
                                                "border_radius": {
                                                    "unit": "%",
                                                    "top": "50",
                                                    "right": "50",
                                                    "bottom": "50",
                                                    "left": "50",
                                                    "isLinked": "1"
                                                },
                                                "_margin": {
                                                    "unit": "px",
                                                    "top": "0",
                                                    "right": "0",
                                                    "bottom": "-15",
                                                    "left": "0",
                                                    "isLinked": ""
                                                },
                                                "_padding": {
                                                    "unit": "px",
                                                    "top": "0",
                                                    "right": "0",
                                                    "bottom": "0",
                                                    "left": "0",
                                                    "isLinked": ""
                                                },
                                                "align_tablet": "center"
                                            },
                                            "elements": [],
                                            "isInner": false,
                                            "widgetType": "social-icons",
                                            "elType": "widget"
                                        }
                                    ],
                                    "isInner": "1",
                                    "elType": "column"
                                }
                            ],
                            "isInner": "1",
                            "elType": "section"
                        },
                        {
                            "id": "696c78d7",
                            "settings": {
                                "height_inner": "min-height",
                                "custom_height_inner": {
                                    "unit": "px",
                                    "size": "329",
                                    "sizes": []
                                },
                                "background_background": "classic",
                                "background_image": {
                                    "url": "https:\/\/kit.detheme.com\/cabana\/wp-content\/uploads\/sites\/43\/2020\/11\/gray-furniture-against-white-wall-PHU75KM.jpg",
                                    "id": 560
                                },
                                "background_size": "cover",
                                "background_repeat": "no-repeat",
                                "border_width": {
                                    "unit": "px",
                                    "top": "2",
                                    "right": "2",
                                    "bottom": "2",
                                    "left": "2",
                                    "isLinked": "1"
                                },
                                "border_color": "#FFFFFF",
                                "margin": {
                                    "unit": "px",
                                    "top": "0",
                                    "right": "0",
                                    "bottom": "0",
                                    "left": "0",
                                    "isLinked": ""
                                },
                                "background_position_tablet": "center center",
                                "background_position": "bottom center"
                            },
                            "elements": [
                                {
                                    "id": "1ea49806",
                                    "settings": {
                                        "_column_size": "100",
                                        "content_position": "bottom",
                                        "align": "center",
                                        "border_width": {
                                            "unit": "px",
                                            "top": "4",
                                            "right": "4",
                                            "bottom": "4",
                                            "left": "4",
                                            "isLinked": "1"
                                        },
                                        "border_color": "#FFFFFF",
                                        "box_shadow_box_shadow_type": "yes",
                                        "box_shadow_box_shadow": {
                                            "horizontal": "0",
                                            "vertical": "0",
                                            "blur": "0",
                                            "spread": "",
                                            "color": "#FFFFFF"
                                        },
                                        "box_shadow_box_shadow_position": "inset",
                                        "padding": {
                                            "unit": "px",
                                            "top": "0",
                                            "right": "0",
                                            "bottom": "0",
                                            "left": "0",
                                            "isLinked": "1"
                                        }
                                    },
                                    "elements": [
                                        {
                                            "id": "2a48a0e7",
                                            "settings": {
                                                "title": "Daily inspiration",
                                                "header_size": "h6",
                                                "align": "center",
                                                "title_color": "#333333",
                                                "link": {
                                                    "url": "#",
                                                    "is_external": "",
                                                    "nofollow": "",
                                                    "custom_attributes": ""
                                                },
                                                "_padding": {
                                                    "unit": "px",
                                                    "top": "12",
                                                    "right": "24",
                                                    "bottom": "8",
                                                    "left": "24",
                                                    "isLinked": ""
                                                },
                                                "_z_index": "2",
                                                "_background_background": "classic",
                                                "_element_width": "auto",
                                                "_margin": {
                                                    "unit": "px",
                                                    "top": "0",
                                                    "right": "0",
                                                    "bottom": "0",
                                                    "left": "0",
                                                    "isLinked": ""
                                                },
                                                "__globals__": {
                                                    "_background_color": "globals\/colors?id=ec25634"
                                                }
                                            },
                                            "elements": [],
                                            "isInner": false,
                                            "widgetType": "heading",
                                            "elType": "widget"
                                        }
                                    ],
                                    "isInner": "1",
                                    "elType": "column"
                                }
                            ],
                            "isInner": "1",
                            "elType": "section"
                        }
                    ],
                    "isInner": "",
                    "elType": "column"
                }
            ],
            "isInner": "",
            "elType": "section"
        }
    ]
}