{"content":[{"id":"26576df6","settings":{"stretch_section":"section-stretched","layout":"full_width","background_background":"classic","background_image":{"id":"3671","url":"https:\/\/cliente.shazamlnv.com\/setasolar\/wp-content\/uploads\/2022\/04\/thought-catalog-547024-unsplash.jpg"},"background_position":"center center","background_size":"cover","padding":{"unit":"px","top":"160","right":"40","bottom":"160","left":"40","isLinked":false},"padding_tablet":{"unit":"px","top":"80","right":"40","bottom":"80","left":"40","isLinked":false},"padding_mobile":{"unit":"px","top":"40","right":"20","bottom":"40","left":"20","isLinked":false},"animation":"fadeIn","background_overlay_background":"classic","background_overlay_color":"#cfd3bc","background_overlay_opacity":{"unit":"px","size":0.299999999999999988897769753748434595763683319091796875},"css_filters_css_filter":"custom","css_filters_saturate":{"unit":"px","size":131},"overlay_blend_mode":"darken","background_position_mobile":"initial","background_xpos_mobile":{"unit":"px","size":-564,"sizes":[]}},"elements":[{"id":"42e6be7c","settings":{"_column_size":100,"margin":{"unit":"px","top":"0","right":"0","bottom":"0","left":"0","isLinked":false},"padding":{"unit":"px","top":"0","right":"0","bottom":"0","left":"0","isLinked":false}},"elements":[{"id":"6e7ef6d2","settings":{"structure":"22"},"elements":[{"id":"3addb259","settings":{"_column_size":66,"_inline_size":49.284999999999996589394868351519107818603515625,"_inline_size_tablet":100},"elements":[{"id":"5c224d65","settings":{"title":"Angela Smith","title_color":"#222222","typography_typography":"custom","typography_font_family":"La Belle Aurore","typography_font_size":{"unit":"px","size":30},"_margin":{"unit":"px","top":"0","right":"0","bottom":"0","left":"0","isLinked":false},"align_mobile":"left"},"elements":[],"isInner":false,"widgetType":"heading","elType":"widget"},{"id":"44fd6bde","settings":{"title":"how to <br>live & breathe<br> a healthy<br> lifestyle","header_size":"h1","align_mobile":"left","title_color":"#222222","typography_typography":"custom","typography_font_family":"Montserrat","typography_font_size":{"unit":"px","size":70},"typography_font_size_tablet":{"unit":"px","size":50},"typography_font_size_mobile":{"unit":"px","size":40},"typography_font_weight":"700","typography_text_transform":"uppercase","typography_line_height":{"unit":"px","size":90},"typography_line_height_tablet":{"unit":"px","size":70},"typography_line_height_mobile":{"unit":"px","size":56},"_margin":{"unit":"px","top":"-10","right":"0","bottom":"30","left":"0","isLinked":false},"_animation":"fadeIn","animation_duration":"fast","text_shadow_text_shadow_type":"yes","text_shadow_text_shadow":{"horizontal":2,"vertical":2,"blur":0,"color":"#DEEDE9"},"_margin_mobile":{"unit":"px","top":"0","right":"0","bottom":"0","left":"0","isLinked":true}},"elements":[],"isInner":false,"widgetType":"heading","elType":"widget"},{"id":"6c977d91","settings":{"editor":"<p>Et ligula sit quam, sapien lorem. Nec risus lorem vestibulum mi facilisis. Tincidunt urna accumsan nec.<\/p>","align_mobile":"left","text_color":"#4F4F4F","typography_typography":"custom","typography_font_family":"Karla","typography_font_size":{"unit":"px","size":18},"typography_line_height":{"unit":"px","size":26},"_margin":{"unit":"px","top":"0","right":"0","bottom":"40","left":"0","isLinked":false},"_animation":"fadeIn","typography_font_size_mobile":{"unit":"px","size":14,"sizes":[]},"_margin_mobile":{"unit":"px","top":"0","right":"0","bottom":"0","left":"0","isLinked":true}},"elements":[],"isInner":false,"widgetType":"text-editor","elType":"widget"},{"id":"4e6fd1f2","settings":{"text":"Go to Programs","align_mobile":"justify","typography_typography":"custom","typography_font_family":"Montserrat","typography_font_size":{"unit":"px","size":14},"typography_font_weight":"600","typography_text_transform":"uppercase","typography_letter_spacing":{"unit":"px","size":0.5},"button_text_color":"#ffffff","background_color":"#d1beb9","hover_color":"#ffffff","button_background_hover_color":"#c1b7ce","border_radius":{"unit":"px","top":"50","right":"50","bottom":"50","left":"50","isLinked":true},"button_box_shadow_box_shadow_type":"yes","button_box_shadow_box_shadow":{"horizontal":10,"vertical":10,"blur":50,"spread":0,"color":"rgba(0,0,0,0.1)"},"text_padding":{"unit":"px","top":"20","right":"36","bottom":"20","left":"36","isLinked":false},"_margin":{"unit":"px","top":"0","right":"0","bottom":"0","left":"0","isLinked":false},"_animation":"fadeInUp","animation_duration":"slow"},"elements":[],"isInner":false,"widgetType":"button","elType":"widget"}],"isInner":true,"elType":"column"},{"id":"612a3555","settings":{"_column_size":33,"_inline_size":50.046999999999997044142219237983226776123046875},"elements":[],"isInner":true,"elType":"column"}],"isInner":true,"elType":"section"}],"isInner":false,"elType":"column"}],"isInner":false,"elType":"section"},{"id":"7b6edef2","settings":{"structure":"20","background_background":"classic","background_image":{"id":"3672","url":"https:\/\/cliente.shazamlnv.com\/setasolar\/wp-content\/uploads\/2022\/04\/pexels-photo-545029-1.jpeg"},"background_position":"top left","background_repeat":"no-repeat","background_size":"auto","padding":{"unit":"px","top":"140","right":"40","bottom":"180","left":"40","isLinked":false},"padding_mobile":{"unit":"px","top":"40","right":"20","bottom":"40","left":"20","isLinked":false},"padding_tablet":{"unit":"px","top":"80","right":"40","bottom":"80","left":"40","isLinked":false},"layout":"full_width","background_color":"#fefefe","css_classes":"envato-kit-86-mobile-bg-fix"},"elements":[{"id":"6eb87b73","settings":{"_column_size":50,"_inline_size":60,"_inline_size_tablet":100,"margin_tablet":{"unit":"px","top":"-40","right":"0","bottom":"0","left":"0","isLinked":false},"margin_mobile":{"unit":"px","top":"0","right":"0","bottom":"0","left":"0","isLinked":false},"padding_tablet":{"unit":"px","top":"0","right":"0","bottom":"0","left":"0","isLinked":false}},"elements":[],"isInner":false,"elType":"column"},{"id":"124bab8f","settings":{"_column_size":50,"_inline_size":40,"_inline_size_tablet":100,"content_position":"center","padding":{"unit":"em","top":"3","right":"3","bottom":"3","left":"3","isLinked":true},"padding_tablet":{"unit":"em","top":"1","right":"1","bottom":"1","left":"1","isLinked":true},"background_background":"classic","background_color":"#F6EFEF","border_radius":{"unit":"px","top":"8","right":"8","bottom":"8","left":"8","isLinked":true}},"elements":[{"id":"13a3224","settings":{"title":"healthy &amp; delicious <br> recipe ideas for You","align_mobile":"center","title_color":"#222222","typography_typography":"custom","typography_font_family":"Montserrat","typography_font_size":{"unit":"px","size":50},"typography_font_size_tablet":{"unit":"px","size":40},"typography_font_size_mobile":{"unit":"px","size":20},"typography_font_weight":"700","typography_text_transform":"uppercase","typography_line_height":{"unit":"px","size":70},"typography_line_height_tablet":{"unit":"px","size":50},"typography_line_height_mobile":{"unit":"em","size":1.600000000000000088817841970012523233890533447265625},"_margin":{"unit":"px","top":"0","right":"0","bottom":"30","left":"0","isLinked":false},"_animation":"fadeIn","animation_duration":"fast","align_tablet":"right"},"elements":[],"isInner":false,"widgetType":"heading","elType":"widget"},{"id":"2e873","settings":{"editor":"Et ligula sit quam, sapien lorem. Nec risus lorem vestibulum mi\nfacilisis. Tincidunt urna accumsan nec risus lorem vestibulum mi\nfacilisis.","align_mobile":"center","text_color":"#4F4F4F","typography_typography":"custom","typography_font_family":"Karla","typography_font_size":{"unit":"px","size":16},"typography_line_height":{"unit":"em","size":1.5},"_margin":{"unit":"px","top":"0","right":"0","bottom":"0","left":"0","isLinked":false},"_animation":"fadeIn"},"elements":[],"isInner":false,"widgetType":"text-editor","elType":"widget"},{"id":"3415a41","settings":{"icon_list":[{"text":"Easy to cook","icon":"fa fa-check","_id":"3fdf37c","__fa4_migrated":{"selected_icon":true}},{"text":"Very Delicious","icon":"fa fa-check","_id":"7982fb4","__fa4_migrated":{"selected_icon":true}},{"text":"Useful for the body","icon":"fa fa-check","_id":"29945f2","__fa4_migrated":{"selected_icon":true}}],"icon_color":"#d1beb9","icon_size":{"unit":"px","size":19},"text_color":"#707070","text_indent":{"unit":"px","size":12},"icon_typography_typography":"custom","icon_typography_font_family":"Karla","icon_typography_font_size":{"unit":"px","size":16},"icon_typography_line_height":{"unit":"px","size":26},"_margin":{"unit":"px","top":"0","right":"0","bottom":"40","left":"0","isLinked":false},"_animation":"fadeIn","icon_align_tablet":"center","space_between":{"unit":"px","size":9},"_animation_delay":400},"elements":[],"isInner":false,"widgetType":"icon-list","elType":"widget"},{"id":"2d34cdfb","settings":{"text":"get recipes","align_tablet":"center","align_mobile":"center","typography_typography":"custom","typography_font_family":"Montserrat","typography_font_size":{"unit":"px","size":14},"typography_font_weight":"600","typography_text_transform":"uppercase","typography_letter_spacing":{"unit":"px","size":0.5},"button_text_color":"#FFFFFF","background_color":"#ACCC89","hover_color":"#ffffff","border_width":{"unit":"px","top":"2","right":"2","bottom":"2","left":"2","isLinked":true},"border_radius":{"unit":"px","top":"50","right":"50","bottom":"50","left":"50","isLinked":true},"button_box_shadow_box_shadow":{"horizontal":10,"vertical":10,"blur":50,"spread":0,"color":"rgba(0,0,0,0.1)"},"text_padding":{"unit":"px","top":"20","right":"30","bottom":"20","left":"36","isLinked":false},"_margin":{"unit":"px","top":"0","right":"0","bottom":"0","left":"0","isLinked":false},"_animation":"fadeInUp","hover_animation":"grow","_animation_delay":600,"selected_icon":{"value":"fas fa-receipt","library":"fa-solid"},"icon_align":"right","icon_indent":{"unit":"px","size":9},"button_background_hover_color":"#CFBCB7","button_box_shadow_box_shadow_type":"yes"},"elements":[],"isInner":false,"widgetType":"button","elType":"widget"}],"isInner":false,"elType":"column"}],"isInner":false,"elType":"section"},{"id":"28fa5ed8","settings":{"structure":"20","margin":{"unit":"px","top":"-90","right":0,"bottom":"0","left":0,"isLinked":false},"padding_tablet":{"unit":"px","top":"80","right":"40","bottom":"80","left":"40","isLinked":false},"padding_mobile":{"unit":"px","top":"40","right":"20","bottom":"40","left":"20","isLinked":false},"layout":"full_width","background_background":"classic","background_position":"top left","background_repeat":"no-repeat","background_size":"cover","padding":{"unit":"px","top":"0","right":"40","bottom":"40","left":"40","isLinked":false}},"elements":[{"id":"222ff631","settings":{"_column_size":50,"_inline_size_tablet":100,"_inline_size":39.99000000000000198951966012828052043914794921875},"elements":[],"isInner":false,"elType":"column"},{"id":"380e0256","settings":{"_column_size":50,"_inline_size":20.068000000000001392663762089796364307403564453125,"padding":{"unit":"px","top":"0","right":"20","bottom":"0","left":"20","isLinked":false},"animation":"fadeIn","animation_duration":"slow","_inline_size_tablet":100,"margin_tablet":{"unit":"px","top":"0","right":"0","bottom":"40","left":"0","isLinked":false},"padding_tablet":{"unit":"px","top":"0","right":"0","bottom":"0","left":"0","isLinked":false}},"elements":[{"id":"27719ae1","settings":{"image":{"id":"3673","url":"https:\/\/cliente.shazamlnv.com\/setasolar\/wp-content\/uploads\/2022\/04\/food-1.jpg"},"image_border_radius":{"unit":"px","top":"4","right":"4","bottom":"4","left":"4","isLinked":true},"image_box_shadow_box_shadow_type":"yes","image_box_shadow_box_shadow":{"horizontal":0,"vertical":-10,"blur":50,"spread":0,"color":"rgba(0,0,0,0.1)"},"_margin":{"unit":"px","top":"0","right":"0","bottom":"0","left":"0","isLinked":false},"_animation":"fadeIn","image_size":"custom","image_custom_dimension":{"width":"530","height":"350"}},"elements":[],"isInner":false,"widgetType":"image","elType":"widget"},{"id":"4c09af9","settings":{"title":"Greek Breakfast","header_size":"h4","align":"center","title_color":"#222222","typography_typography":"custom","typography_font_family":"Montserrat","typography_font_size":{"unit":"px","size":15},"typography_font_weight":"700","typography_text_transform":"capitalize","_margin":{"unit":"px","top":"25","right":"0","bottom":"0","left":"0","isLinked":false},"_animation":"fadeInUp"},"elements":[],"isInner":false,"widgetType":"heading","elType":"widget"},{"id":"394858dc","settings":{"icon":"fa fa-arrow-circle-right","link":{"url":"#","is_external":"","nofollow":""},"primary_color":"#c1b7ce","hover_animation":"wobble-top","size":{"unit":"px","size":20},"_margin":{"unit":"px","top":"-10","right":"0","bottom":"0","left":"0","isLinked":false},"_animation":"fadeInUp"},"elements":[],"isInner":false,"widgetType":"icon","elType":"widget"}],"isInner":false,"elType":"column"},{"id":"50805c0d","settings":{"_column_size":100,"_inline_size":20.068000000000001392663762089796364307403564453125,"padding":{"unit":"px","top":"0","right":"20","bottom":"0","left":"20","isLinked":false},"animation":"fadeIn","_inline_size_tablet":100,"margin_tablet":{"unit":"px","top":"0","right":"0","bottom":"40","left":"0","isLinked":false},"padding_tablet":{"unit":"px","top":"0","right":"0","bottom":"0","left":"0","isLinked":false},"animation_duration":"slow"},"elements":[{"id":"b564928","settings":{"image":{"id":"3674","url":"https:\/\/cliente.shazamlnv.com\/setasolar\/wp-content\/uploads\/2022\/04\/alexandra-golovac-781067-unsplash-2.jpg"},"image_border_radius":{"unit":"px","top":"4","right":"4","bottom":"4","left":"4","isLinked":true},"image_box_shadow_box_shadow_type":"yes","image_box_shadow_box_shadow":{"horizontal":0,"vertical":-10,"blur":50,"spread":0,"color":"rgba(0,0,0,0.1)"},"_margin":{"unit":"px","top":"0","right":"0","bottom":"0","left":"0","isLinked":false},"_animation":"fadeIn","image_size":"custom","image_custom_dimension":{"width":"530","height":"350"}},"elements":[],"isInner":false,"widgetType":"image","elType":"widget"},{"id":"33393a1f","settings":{"title":"Fusion Salad","header_size":"h4","align":"center","title_color":"#222222","typography_typography":"custom","typography_font_family":"Montserrat","typography_font_size":{"unit":"px","size":15},"typography_font_weight":"700","typography_text_transform":"capitalize","_margin":{"unit":"px","top":"25","right":"0","bottom":"0","left":"0","isLinked":false},"_animation":"fadeInUp"},"elements":[],"isInner":false,"widgetType":"heading","elType":"widget"},{"id":"72d3dd77","settings":{"icon":"fa fa-arrow-circle-right","link":{"url":"#","is_external":"","nofollow":""},"primary_color":"#c1b7ce","hover_animation":"wobble-top","size":{"unit":"px","size":20},"_margin":{"unit":"px","top":"-10","right":"0","bottom":"0","left":"0","isLinked":false},"_animation":"fadeInUp"},"elements":[],"isInner":false,"widgetType":"icon","elType":"widget"}],"isInner":false,"elType":"column"},{"id":"cd3b998","settings":{"_column_size":100,"_inline_size":20.068000000000001392663762089796364307403564453125,"padding":{"unit":"px","top":"0","right":"20","bottom":"0","left":"20","isLinked":false},"animation":"fadeIn","animation_duration":"slow","_inline_size_tablet":100,"padding_tablet":{"unit":"px","top":"0","right":"0","bottom":"0","left":"0","isLinked":false},"margin_tablet":{"unit":"px","top":"0","right":"0","bottom":"40","left":"0","isLinked":false}},"elements":[{"id":"20092e41","settings":{"image":{"id":"3675","url":"https:\/\/cliente.shazamlnv.com\/setasolar\/wp-content\/uploads\/2022\/04\/gallery-3.jpg"},"image_border_radius":{"unit":"px","top":"4","right":"4","bottom":"4","left":"4","isLinked":true},"image_box_shadow_box_shadow_type":"yes","image_box_shadow_box_shadow":{"horizontal":0,"vertical":-10,"blur":50,"spread":0,"color":"rgba(0,0,0,0.1)"},"_margin":{"unit":"px","top":"0","right":"0","bottom":"0","left":"0","isLinked":false},"_animation":"fadeIn","image_size":"custom","image_custom_dimension":{"width":"530","height":"350"}},"elements":[],"isInner":false,"widgetType":"image","elType":"widget"},{"id":"1e6f0f0","settings":{"title":"Spinach Salad","header_size":"h4","align":"center","title_color":"#222222","typography_typography":"custom","typography_font_family":"Montserrat","typography_font_size":{"unit":"px","size":15},"typography_font_weight":"700","typography_text_transform":"capitalize","_margin":{"unit":"px","top":"25","right":"0","bottom":"0","left":"0","isLinked":false},"_animation":"fadeInUp"},"elements":[],"isInner":false,"widgetType":"heading","elType":"widget"},{"id":"6d446720","settings":{"icon":"fa fa-arrow-circle-right","link":{"url":"#","is_external":"","nofollow":""},"primary_color":"#c1b7ce","hover_animation":"wobble-top","size":{"unit":"px","size":20},"_margin":{"unit":"px","top":"-10","right":"0","bottom":"0","left":"0","isLinked":false},"_animation":"fadeInUp"},"elements":[],"isInner":false,"widgetType":"icon","elType":"widget"}],"isInner":false,"elType":"column"}],"isInner":false,"elType":"section"},{"id":"369d795d","settings":{"margin_tablet":{"unit":"px","top":"0","right":0,"bottom":"0","left":0,"isLinked":false},"padding_tablet":{"unit":"px","top":"0","right":"40","bottom":"0","left":"40","isLinked":false},"padding_mobile":{"unit":"px","top":"0","right":"20","bottom":"40","left":"20","isLinked":false},"padding":{"unit":"em","top":"3","right":"0","bottom":"0","left":"0","isLinked":false}},"elements":[{"id":"d4bb50a","settings":{"_column_size":100,"margin":{"unit":"%","top":"","right":"","bottom":"","left":"","isLinked":false},"padding":{"unit":"em","top":"","right":"","bottom":"","left":"","isLinked":false}},"elements":[{"id":"1eb9b29b","settings":{"title":"A New Approach To<br> Health & Life","align_mobile":"center","title_color":"#222222","typography_typography":"custom","typography_font_family":"Montserrat","typography_font_size":{"unit":"px","size":50},"typography_font_size_tablet":{"unit":"px","size":40},"typography_font_size_mobile":{"unit":"px","size":36},"typography_font_weight":"700","typography_text_transform":"uppercase","typography_line_height":{"unit":"px","size":70},"typography_line_height_tablet":{"unit":"px","size":50},"typography_line_height_mobile":{"unit":"px","size":50},"_margin":{"unit":"px","top":"0","right":"0","bottom":"50","left":"0","isLinked":false},"_animation":"fadeIn","animation_duration":"fast","align":"left"},"elements":[],"isInner":false,"widgetType":"heading","elType":"widget"},{"id":"777da670","settings":{"structure":"30","margin":{"unit":"px","top":"0","right":0,"bottom":"0","left":0,"isLinked":false},"padding":{"unit":"px","top":"0","right":"0","bottom":"0","left":"0","isLinked":false}},"elements":[{"id":"4a5bf4d1","settings":{"_column_size":33,"_inline_size":null,"border_width":{"unit":"px","top":"0","right":"1","bottom":"0","left":"0","isLinked":false},"border_color":"#eeeeee","border_radius":{"unit":"%","top":"","right":"","bottom":"","left":"","isLinked":false},"margin":{"unit":"px","top":"0","right":"0","bottom":"0","left":"0","isLinked":false},"padding":{"unit":"px","top":"0","right":"60","bottom":"0","left":"0","isLinked":false},"_inline_size_tablet":100,"padding_tablet":{"unit":"px","top":"0","right":"0","bottom":"70","left":"0","isLinked":false}},"elements":[{"id":"24b8c5cb","settings":{"image":{"id":"3676","url":"https:\/\/cliente.shazamlnv.com\/setasolar\/wp-content\/uploads\/2022\/04\/rawpixel-780498-unsplash.jpg"},"background_hover_transition":{"unit":"px","size":1},"hover_animation":"grow","image_border_radius":{"unit":"px","top":"4","right":"4","bottom":"4","left":"4","isLinked":true},"image_box_shadow_box_shadow_type":"yes","image_box_shadow_box_shadow":{"horizontal":10,"vertical":10,"blur":50,"spread":0,"color":"rgba(0,0,0,0.1)"},"align":"left","_animation":"fadeIn"},"elements":[],"isInner":false,"widgetType":"image","elType":"widget"},{"id":"216a85fb","settings":{"view":"inline","icon_list":[{"text":"Program","icon":"","_id":"7d63f77"},{"text":"Diet","icon":"","_id":"89aba91"},{"text":"Coaching","icon":"","_id":"a37c717"}],"text_color":"#adce8a","text_color_hover":"#d1beb9","text_indent":{"unit":"px","size":3},"icon_typography_typography":"custom","icon_typography_font_family":"Montserrat","icon_typography_font_size":{"unit":"px","size":13},"icon_typography_font_weight":"700","icon_typography_text_transform":"uppercase","_margin":{"unit":"px","top":"30","right":"0","bottom":"-10","left":"0","isLinked":false},"icon_align":"left","_animation":"fadeIn","icon_align_tablet":"center"},"elements":[],"isInner":false,"widgetType":"icon-list","elType":"widget"},{"id":"5a98cabb","settings":{"title":"Group Coaching","header_size":"h3","title_color":"#222222","typography_typography":"custom","typography_font_family":"Montserrat","typography_font_size":{"unit":"px","size":30},"typography_font_weight":"700","typography_line_height":{"unit":"px","size":40},"align":"left","_animation":"fadeIn","align_tablet":"center"},"elements":[],"isInner":false,"widgetType":"heading","elType":"widget"},{"id":"54948f7","settings":{"editor":"<p>Et ligula sit quam, sapien lorem. Nec risus lorem vestibulum mi facilisis. Tincidunt urna accumsan nec risus lorem vestibulum mi facilisis.<\/p>","align_mobile":"center","text_color":"#4F4F4F","typography_typography":"custom","typography_font_family":"Karla","typography_font_size":{"unit":"px","size":16},"typography_line_height":{"unit":"em","size":1.600000000000000088817841970012523233890533447265625},"_margin":{"unit":"px","top":"0","right":"0","bottom":"0","left":"0","isLinked":false},"_animation":"fadeIn"},"elements":[],"isInner":false,"widgetType":"text-editor","elType":"widget"},{"id":"4c4e3d12","settings":{"text":"Go to Program","align_mobile":"center","typography_typography":"custom","typography_font_family":"Montserrat","typography_font_size":{"unit":"px","size":14},"typography_font_weight":"600","typography_text_transform":"uppercase","typography_letter_spacing":{"unit":"px","size":0.5},"button_text_color":"#adce8a","background_color":"rgba(169,193,145,0)","hover_color":"#adce8a","border_radius":{"unit":"px","top":"50","right":"50","bottom":"50","left":"50","isLinked":true},"button_box_shadow_box_shadow":{"horizontal":10,"vertical":10,"blur":50,"spread":0,"color":"rgba(0,0,0,0.1)"},"text_padding":{"unit":"px","top":"20","right":"36","bottom":"20","left":"36","isLinked":false},"_margin":{"unit":"px","top":"0","right":"0","bottom":"0","left":"0","isLinked":false},"_animation":"fadeInUp","align":"left","align_tablet":"center","hover_animation":"grow","border_border":"solid","border_width":{"unit":"px","top":"2","right":"2","bottom":"2","left":"2","isLinked":true},"border_color":"#adce8a","_padding":{"unit":"em","top":"1","right":"0","bottom":"0","left":"0","isLinked":false},"_animation_delay":600},"elements":[],"isInner":false,"widgetType":"button","elType":"widget"}],"isInner":true,"elType":"column"},{"id":"348cee35","settings":{"_column_size":33,"_inline_size":null,"border_width":{"unit":"px","top":"0","right":"1","bottom":"0","left":"0","isLinked":false},"border_color":"#eeeeee","border_radius":{"unit":"%","top":"","right":"","bottom":"","left":"","isLinked":false},"margin":{"unit":"px","top":"0","right":"0","bottom":"0","left":"0","isLinked":false},"padding":{"unit":"px","top":"0","right":"60","bottom":"0","left":"0","isLinked":false},"_inline_size_tablet":100,"padding_tablet":{"unit":"px","top":"0","right":"0","bottom":"70","left":"0","isLinked":false}},"elements":[{"id":"7a14c16f","settings":{"image":{"id":"3677","url":"https:\/\/cliente.shazamlnv.com\/setasolar\/wp-content\/uploads\/2022\/04\/rawpixel-780498-uns2plash.jpg"},"background_hover_transition":{"unit":"px","size":1},"hover_animation":"grow","image_border_radius":{"unit":"px","top":"4","right":"4","bottom":"4","left":"4","isLinked":true},"image_box_shadow_box_shadow_type":"yes","image_box_shadow_box_shadow":{"horizontal":10,"vertical":10,"blur":50,"spread":0,"color":"rgba(0,0,0,0.1)"},"align":"left","_animation":"fadeIn"},"elements":[],"isInner":false,"widgetType":"image","elType":"widget"},{"id":"1dd2fed8","settings":{"view":"inline","icon_list":[{"text":"Program","icon":"","_id":"7d63f77"},{"text":"Challenge","icon":"","_id":"89aba91"}],"text_color":"#adce8a","text_color_hover":"#d1beb9","text_indent":{"unit":"px","size":3},"icon_typography_typography":"custom","icon_typography_font_family":"Montserrat","icon_typography_font_size":{"unit":"px","size":13},"icon_typography_font_weight":"700","icon_typography_text_transform":"uppercase","_margin":{"unit":"px","top":"30","right":"0","bottom":"-10","left":"0","isLinked":false},"icon_align":"left","_animation":"fadeIn","icon_align_tablet":"center"},"elements":[],"isInner":false,"widgetType":"icon-list","elType":"widget"},{"id":"6a5ed4e9","settings":{"title":"20 Day Challenge","header_size":"h3","title_color":"#222222","typography_typography":"custom","typography_font_family":"Montserrat","typography_font_size":{"unit":"px","size":30},"typography_font_weight":"700","typography_line_height":{"unit":"px","size":40},"align":"left","_animation":"fadeIn","align_tablet":"center"},"elements":[],"isInner":false,"widgetType":"heading","elType":"widget"},{"id":"5dcfac09","settings":{"editor":"Et ligula sit quam, sapien lorem. Nec risus lorem vestibulum mi\nfacilisis. Tincidunt urna accumsan nec risus lorem vestibulum mi\nfacilisis.","align_mobile":"center","text_color":"#4F4F4F","typography_typography":"custom","typography_font_family":"Karla","typography_font_size":{"unit":"px","size":16},"typography_line_height":{"unit":"em","size":1.600000000000000088817841970012523233890533447265625},"_margin":{"unit":"px","top":"0","right":"0","bottom":"0","left":"0","isLinked":false},"_animation":"fadeIn"},"elements":[],"isInner":false,"widgetType":"text-editor","elType":"widget"},{"id":"57101aa9","settings":{"text":"Go to Challenge","align_mobile":"center","typography_typography":"custom","typography_font_family":"Montserrat","typography_font_size":{"unit":"px","size":14},"typography_font_weight":"600","typography_text_transform":"uppercase","typography_letter_spacing":{"unit":"px","size":0.5},"button_text_color":"#adce8a","background_color":"rgba(169,193,145,0)","hover_color":"#adce8a","border_radius":{"unit":"px","top":"50","right":"50","bottom":"50","left":"50","isLinked":true},"button_box_shadow_box_shadow":{"horizontal":10,"vertical":10,"blur":50,"spread":0,"color":"rgba(0,0,0,0.1)"},"text_padding":{"unit":"px","top":"20","right":"36","bottom":"20","left":"36","isLinked":false},"_margin":{"unit":"px","top":"0","right":"0","bottom":"0","left":"0","isLinked":false},"_animation":"fadeInUp","align":"left","align_tablet":"center","hover_animation":"grow","border_border":"solid","border_width":{"unit":"px","top":"2","right":"2","bottom":"2","left":"2","isLinked":true},"border_color":"#adce8a","_padding":{"unit":"em","top":"2","right":"0","bottom":"0","left":"0","isLinked":false},"_animation_delay":600},"elements":[],"isInner":false,"widgetType":"button","elType":"widget"}],"isInner":true,"elType":"column"},{"id":"3db752a0","settings":{"_column_size":33,"_inline_size":null,"border_width":{"unit":"px","top":"0","right":"1","bottom":"0","left":"0","isLinked":false},"border_color":"#eeeeee","border_radius":{"unit":"%","top":"","right":"","bottom":"","left":"","isLinked":false},"margin":{"unit":"px","top":"0","right":"0","bottom":"0","left":"0","isLinked":false},"padding":{"unit":"px","top":"0","right":"60","bottom":"0","left":"0","isLinked":false},"_inline_size_tablet":100,"margin_tablet":{"unit":"px","top":"0","right":"0","bottom":"0","left":"0","isLinked":false},"padding_tablet":{"unit":"px","top":"0","right":"0","bottom":"0","left":"0","isLinked":false}},"elements":[{"id":"25b0faa4","settings":{"image":{"id":"3678","url":"https:\/\/cliente.shazamlnv.com\/setasolar\/wp-content\/uploads\/2022\/04\/rawpixel-780498-unspelash.jpg"},"background_hover_transition":{"unit":"px","size":1},"hover_animation":"grow","image_border_radius":{"unit":"px","top":"4","right":"4","bottom":"4","left":"4","isLinked":true},"image_box_shadow_box_shadow_type":"yes","image_box_shadow_box_shadow":{"horizontal":10,"vertical":10,"blur":50,"spread":0,"color":"rgba(0,0,0,0.1)"},"align":"left","_animation":"fadeIn"},"elements":[],"isInner":false,"widgetType":"image","elType":"widget"},{"id":"32472c94","settings":{"view":"inline","icon_list":[{"text":"Program","icon":"","_id":"7d63f77"},{"text":"Consultation","icon":"","_id":"89aba91"}],"text_color":"#adce8a","text_color_hover":"#d1beb9","text_indent":{"unit":"px","size":3},"icon_typography_typography":"custom","icon_typography_font_family":"Montserrat","icon_typography_font_size":{"unit":"px","size":13},"icon_typography_font_weight":"700","icon_typography_text_transform":"uppercase","_margin":{"unit":"px","top":"30","right":"0","bottom":"-10","left":"0","isLinked":false},"icon_align":"left","_animation":"fadeIn","icon_align_tablet":"center"},"elements":[],"isInner":false,"widgetType":"icon-list","elType":"widget"},{"id":"5f85ac24","settings":{"title":"1:1 Consultation","header_size":"h3","title_color":"#222222","typography_typography":"custom","typography_font_family":"Montserrat","typography_font_size":{"unit":"px","size":30},"typography_font_weight":"700","typography_line_height":{"unit":"px","size":40},"align":"left","_animation":"fadeIn","align_tablet":"center"},"elements":[],"isInner":false,"widgetType":"heading","elType":"widget"},{"id":"4a676894","settings":{"editor":"Et ligula sit quam, sapien lorem. Nec risus lorem vestibulum mi\nfacilisis. Tincidunt urna accumsan nec risus lorem vestibulum mi\nfacilisis.","align_mobile":"center","text_color":"#4F4F4F","typography_typography":"custom","typography_font_family":"Karla","typography_font_size":{"unit":"px","size":16},"typography_line_height":{"unit":"em","size":1.600000000000000088817841970012523233890533447265625},"_margin":{"unit":"px","top":"0","right":"0","bottom":"0","left":"0","isLinked":false},"_animation":"fadeIn"},"elements":[],"isInner":false,"widgetType":"text-editor","elType":"widget"},{"id":"549dd04a","settings":{"text":"Learn More","align_mobile":"center","typography_typography":"custom","typography_font_family":"Montserrat","typography_font_size":{"unit":"px","size":14},"typography_font_weight":"600","typography_text_transform":"uppercase","typography_letter_spacing":{"unit":"px","size":0.5},"button_text_color":"#adce8a","background_color":"rgba(169,193,145,0)","hover_color":"#adce8a","border_radius":{"unit":"px","top":"50","right":"50","bottom":"50","left":"50","isLinked":true},"button_box_shadow_box_shadow":{"horizontal":10,"vertical":10,"blur":50,"spread":0,"color":"rgba(0,0,0,0.1)"},"text_padding":{"unit":"px","top":"20","right":"36","bottom":"20","left":"36","isLinked":false},"_margin":{"unit":"px","top":"0","right":"0","bottom":"0","left":"0","isLinked":false},"_animation":"fadeInUp","align":"left","align_tablet":"center","hover_animation":"grow","border_border":"solid","border_width":{"unit":"px","top":"2","right":"2","bottom":"2","left":"2","isLinked":true},"border_color":"#adce8a","_padding":{"unit":"em","top":"2","right":"0","bottom":"0","left":"0","isLinked":false},"_animation_delay":600},"elements":[],"isInner":false,"widgetType":"button","elType":"widget"}],"isInner":true,"elType":"column"}],"isInner":true,"elType":"section"}],"isInner":false,"elType":"column"}],"isInner":false,"elType":"section"},{"id":"4e77087c","settings":{"structure":"20","background_background":"classic","background_image":{"id":"3679","url":"https:\/\/cliente.shazamlnv.com\/setasolar\/wp-content\/uploads\/2022\/04\/gabrielle-cole-7329125-u2nsplash.jpg"},"background_position":"top right","background_repeat":"no-repeat","background_size":"cover","padding":{"unit":"px","top":"100","right":"40","bottom":"170","left":"40","isLinked":false},"padding_mobile":{"unit":"px","top":"0","right":"20","bottom":"40","left":"20","isLinked":false},"animation":"fadeIn","margin":{"unit":"px","top":"30","right":0,"bottom":"0","left":0,"isLinked":false},"padding_tablet":{"unit":"px","top":"50","right":"40","bottom":"60","left":"40","isLinked":false},"background_overlay_background":"classic","background_overlay_color":"#c3ceb7","background_overlay_opacity":{"unit":"px","size":0.34999999999999997779553950749686919152736663818359375},"overlay_blend_mode":"color","background_position_mobile":"initial","background_xpos_mobile":{"unit":"%","size":82,"sizes":[]},"background_ypos_mobile":{"unit":"px","size":-510,"sizes":[]}},"elements":[{"id":"26e84e43","settings":{"_column_size":50,"_inline_size":null,"_inline_size_tablet":100,"content_position":"center","padding":{"unit":"em","top":"0","right":"2","bottom":"0","left":"0","isLinked":false}},"elements":[{"id":"28894929","settings":{"title":"My New Book","align_mobile":"center","title_color":"#222222","typography_typography":"custom","typography_font_family":"Montserrat","typography_font_size":{"unit":"px","size":40},"typography_font_size_tablet":{"unit":"px","size":40},"typography_font_size_mobile":{"unit":"px","size":36},"typography_font_weight":"700","typography_text_transform":"uppercase","typography_line_height":{"unit":"px","size":56},"typography_line_height_tablet":{"unit":"px","size":50},"typography_line_height_mobile":{"unit":"px","size":50},"_margin":{"unit":"px","top":"0","right":"0","bottom":"-20","left":"0","isLinked":false},"_animation":"fadeIn","animation_duration":"fast","align_tablet":"center"},"elements":[],"isInner":false,"widgetType":"heading","elType":"widget"},{"id":"669e7def","settings":{"title":"Is Now <br>Available","align_mobile":"center","title_color":"#222222","typography_typography":"custom","typography_font_family":"Montserrat","typography_font_size":{"unit":"px","size":70},"typography_font_size_tablet":{"unit":"px","size":40},"typography_font_size_mobile":{"unit":"px","size":36},"typography_font_weight":"700","typography_text_transform":"uppercase","typography_line_height":{"unit":"px","size":80},"typography_line_height_tablet":{"unit":"px","size":50},"typography_line_height_mobile":{"unit":"px","size":50},"_margin":{"unit":"px","top":"0","right":"0","bottom":"30","left":"0","isLinked":false},"_animation":"fadeIn","animation_duration":"fast","align_tablet":"center"},"elements":[],"isInner":false,"widgetType":"heading","elType":"widget"},{"id":"136a5134","settings":{"space_mobile":{"unit":"px","size":238,"sizes":[]}},"elements":[],"isInner":false,"widgetType":"spacer","elType":"widget"},{"id":"49541ca6","settings":{"editor":"<p>Et ligula sit quam, sapien lorem. Nec risus lorem vestibulum mi facilisis. Tincidunt urna accumsan nec risus lorem vestibulum mi facilisis.<\/p>","align_mobile":"center","text_color":"#4F4F4F","typography_typography":"custom","typography_font_family":"Karla","typography_font_size":{"unit":"px","size":18},"typography_line_height":{"unit":"px","size":26},"_margin":{"unit":"px","top":"0","right":"0","bottom":"40","left":"0","isLinked":false},"_animation":"fadeIn","hide_mobile":"hidden-phone"},"elements":[],"isInner":false,"widgetType":"text-editor","elType":"widget"},{"id":"4e372a64","settings":{"structure":"40","margin":{"unit":"px","top":"0","right":0,"bottom":"40","left":0,"isLinked":false}},"elements":[{"id":"1d08ee1","settings":{"_column_size":25,"_inline_size":null,"_inline_size_tablet":33},"elements":[{"id":"3731a6f4","settings":{"image":{"id":"3680","url":"https:\/\/cliente.shazamlnv.com\/setasolar\/wp-content\/uploads\/2022\/04\/book-1.jpg"},"image_size":"custom","image_custom_dimension":{"width":"100","height":"100"},"align":"left","hover_animation":"wobble-top","image_border_radius":{"unit":"%","top":"50","right":"50","bottom":"50","left":"50","isLinked":true},"image_box_shadow_box_shadow_type":"yes","image_box_shadow_box_shadow":{"horizontal":10,"vertical":10,"blur":50,"spread":0,"color":"rgba(0,0,0,0.1)"},"_animation":"fadeIn","align_tablet":"center"},"elements":[],"isInner":false,"widgetType":"image","elType":"widget"}],"isInner":true,"elType":"column"},{"id":"7aec4379","settings":{"_column_size":25,"_inline_size":null,"_inline_size_tablet":33},"elements":[{"id":"45a99b3d","settings":{"image":{"id":"3681","url":"https:\/\/cliente.shazamlnv.com\/setasolar\/wp-content\/uploads\/2022\/04\/book-2.jpg"},"image_size":"custom","image_custom_dimension":{"width":"100","height":"100"},"align":"left","hover_animation":"wobble-top","image_border_radius":{"unit":"%","top":"50","right":"50","bottom":"50","left":"50","isLinked":true},"image_box_shadow_box_shadow_type":"yes","image_box_shadow_box_shadow":{"horizontal":10,"vertical":10,"blur":50,"spread":0,"color":"rgba(0,0,0,0.1)"},"_animation":"fadeIn","align_tablet":"center"},"elements":[],"isInner":false,"widgetType":"image","elType":"widget"}],"isInner":true,"elType":"column"},{"id":"7d59ddc0","settings":{"_column_size":25,"_inline_size":null,"_inline_size_tablet":33},"elements":[{"id":"281a7a32","settings":{"image":{"id":"3682","url":"https:\/\/cliente.shazamlnv.com\/setasolar\/wp-content\/uploads\/2022\/04\/book-3.jpg"},"image_size":"custom","image_custom_dimension":{"width":"100","height":"100"},"align":"left","hover_animation":"wobble-top","image_border_radius":{"unit":"%","top":"50","right":"50","bottom":"50","left":"50","isLinked":true},"image_box_shadow_box_shadow_type":"yes","image_box_shadow_box_shadow":{"horizontal":10,"vertical":10,"blur":50,"spread":0,"color":"rgba(0,0,0,0.1)"},"_animation":"fadeIn","align_tablet":"center"},"elements":[],"isInner":false,"widgetType":"image","elType":"widget"}],"isInner":true,"elType":"column"},{"id":"5926136","settings":{"_column_size":25,"_inline_size":null},"elements":[],"isInner":true,"elType":"column"}],"isInner":true,"elType":"section"},{"id":"2cb28b6b","settings":{"text":"Buy On Amazon","align_mobile":"center","typography_typography":"custom","typography_font_family":"Montserrat","typography_font_size":{"unit":"px","size":14},"typography_font_weight":"600","typography_text_transform":"uppercase","typography_letter_spacing":{"unit":"px","size":0.5},"button_text_color":"#ffffff","background_color":"#d1beb9","hover_color":"#ffffff","button_background_hover_color":"#adce8a","border_width":{"unit":"px","top":"2","right":"2","bottom":"2","left":"2","isLinked":true},"border_radius":{"unit":"px","top":"50","right":"50","bottom":"50","left":"50","isLinked":true},"button_box_shadow_box_shadow":{"horizontal":10,"vertical":10,"blur":50,"spread":0,"color":"rgba(0,0,0,0.1)"},"text_padding":{"unit":"px","top":"20","right":"30","bottom":"20","left":"36","isLinked":false},"_margin":{"unit":"px","top":"0","right":"0","bottom":"0","left":"0","isLinked":false},"_animation":"fadeInUp","align_tablet":"center","hover_animation":"grow","button_box_shadow_box_shadow_type":"yes","_animation_delay":600,"icon":"fa fa-amazon","icon_align":"right","icon_indent":{"unit":"px","size":9},"selected_icon":{"value":"fab fa-amazon","library":"fa-brands"}},"elements":[],"isInner":false,"widgetType":"button","elType":"widget"}],"isInner":false,"elType":"column"},{"id":"6c97edda","settings":{"_column_size":50,"_inline_size":null,"_inline_size_tablet":100,"margin_tablet":{"unit":"px","top":"-40","right":"0","bottom":"0","left":"0","isLinked":false},"margin_mobile":{"unit":"px","top":"0","right":"0","bottom":"0","left":"0","isLinked":false},"padding_tablet":{"unit":"px","top":"0","right":"0","bottom":"0","left":"0","isLinked":false}},"elements":[],"isInner":false,"elType":"column"}],"isInner":false,"elType":"section"},{"id":"5f135677","settings":{"padding":{"unit":"px","top":"120","right":"0","bottom":"120","left":"0","isLinked":false},"padding_tablet":{"unit":"px","top":"80","right":"40","bottom":"80","left":"40","isLinked":false},"padding_mobile":{"unit":"px","top":"40","right":"20","bottom":"40","left":"20","isLinked":false}},"elements":[{"id":"2f370b11","settings":{"_column_size":100,"padding":{"unit":"px","top":"0","right":"0","bottom":"0","left":"0","isLinked":false}},"elements":[{"id":"430ccfc","settings":{"title":"Individual","align_mobile":"center","title_color":"#222222","typography_typography":"custom","typography_font_family":"Montserrat","typography_font_size":{"unit":"px","size":70},"typography_font_size_tablet":{"unit":"px","size":40},"typography_font_size_mobile":{"unit":"px","size":36},"typography_font_weight":"700","typography_text_transform":"uppercase","typography_line_height":{"unit":"px","size":80},"typography_line_height_tablet":{"unit":"px","size":50},"typography_line_height_mobile":{"unit":"px","size":50},"_margin":{"unit":"px","top":"0","right":"0","bottom":"-20","left":"0","isLinked":false},"_animation":"fadeIn","animation_duration":"fast","align":"center"},"elements":[],"isInner":false,"widgetType":"heading","elType":"widget"},{"id":"7da1f056","settings":{"title":" nutrition for you","align_mobile":"center","title_color":"#222222","typography_typography":"custom","typography_font_family":"Montserrat","typography_font_size":{"unit":"px","size":50},"typography_font_size_tablet":{"unit":"px","size":40},"typography_font_size_mobile":{"unit":"px","size":36},"typography_font_weight":"700","typography_text_transform":"uppercase","typography_line_height":{"unit":"px","size":70},"typography_line_height_tablet":{"unit":"px","size":50},"typography_line_height_mobile":{"unit":"px","size":50},"_margin":{"unit":"px","top":"0","right":"0","bottom":"10","left":"0","isLinked":false},"_animation":"fadeIn","animation_duration":"fast","align":"center"},"elements":[],"isInner":false,"widgetType":"heading","elType":"widget"},{"id":"28fb028f","settings":{"content_width":{"unit":"px","size":720,"sizes":[]}},"elements":[{"id":"19d391c6","settings":{"_column_size":100,"_inline_size":null},"elements":[{"id":"5dc88c34","settings":{"editor":"<p>Lorem ipsum dolor sit amet, consectetur adipiscing elit, sed do eiusmod tempor incididunt ut labore et dolore magna aliqua. Ut enim ad minim veniam, quis nostrud exercitation ullamco laboris nisi ut aliquip.<\/p>","align_mobile":"center","text_color":"#4F4F4F","typography_typography":"custom","typography_font_family":"Karla","typography_font_size":{"unit":"px","size":18},"typography_line_height":{"unit":"em","size":1.5},"_margin":{"unit":"px","top":"0","right":"0","bottom":"40","left":"0","isLinked":false},"_animation":"fadeIn","align":"center"},"elements":[],"isInner":false,"widgetType":"text-editor","elType":"widget"}],"isInner":true,"elType":"column"}],"isInner":true,"elType":"section"},{"id":"4a23e053","settings":[],"elements":[{"id":"27a107b6","settings":{"_column_size":100,"_inline_size":null,"padding":{"unit":"px","top":"0","right":"0","bottom":"0","left":"0","isLinked":false}},"elements":[{"id":"3c8432a4","settings":{"wp_gallery":[{"id":"3683","url":"https:\/\/cliente.shazamlnv.com\/setasolar\/wp-content\/uploads\/2022\/04\/gallery-1.jpg"},{"id":"3684","url":"https:\/\/cliente.shazamlnv.com\/setasolar\/wp-content\/uploads\/2022\/04\/gallery-2.jpg"},{"id":"3675","url":"https:\/\/cliente.shazamlnv.com\/setasolar\/wp-content\/uploads\/2022\/04\/gallery-3.jpg"},{"id":"3685","url":"https:\/\/cliente.shazamlnv.com\/setasolar\/wp-content\/uploads\/2022\/04\/gallery-4.jpg"}],"thumbnail_size":"full","image_spacing":"custom","image_border_radius":{"unit":"px","top":"4","right":"4","bottom":"4","left":"4","isLinked":true},"_animation":"fadeIn","animation_duration":"slow"},"elements":[],"isInner":false,"widgetType":"image-gallery","elType":"widget"},{"id":"105d7261","settings":{"text":"See More","align_mobile":"center","typography_typography":"custom","typography_font_family":"Montserrat","typography_font_size":{"unit":"px","size":14},"typography_font_weight":"600","typography_text_transform":"uppercase","typography_letter_spacing":{"unit":"px","size":0.5},"button_text_color":"#adce8a","background_color":"rgba(169,193,145,0)","hover_color":"#adce8a","border_radius":{"unit":"px","top":"50","right":"50","bottom":"50","left":"50","isLinked":true},"button_box_shadow_box_shadow":{"horizontal":10,"vertical":10,"blur":50,"spread":0,"color":"rgba(0,0,0,0.1)"},"text_padding":{"unit":"px","top":"20","right":"36","bottom":"20","left":"36","isLinked":false},"_margin":{"unit":"px","top":"0","right":"0","bottom":"0","left":"0","isLinked":false},"_animation":"fadeInUp","align":"center","align_tablet":"center","hover_animation":"grow","border_border":"solid","border_width":{"unit":"px","top":"2","right":"2","bottom":"2","left":"2","isLinked":true},"border_color":"#adce8a","_padding":{"unit":"em","top":"2","right":"0","bottom":"0","left":"0","isLinked":false},"_animation_delay":600},"elements":[],"isInner":false,"widgetType":"button","elType":"widget"}],"isInner":true,"elType":"column"}],"isInner":true,"elType":"section"}],"isInner":false,"elType":"column"}],"isInner":false,"elType":"section"},{"id":"67f80dd7","settings":{"structure":"20","background_background":"classic","padding":{"unit":"px","top":"0","right":"0","bottom":"120","left":"0","isLinked":false},"padding_tablet":{"unit":"px","top":"0","right":"40","bottom":"0","left":"40","isLinked":false},"padding_mobile":{"unit":"px","top":"40","right":"20","bottom":"40","left":"20","isLinked":false}},"elements":[{"id":"5ac50bd1","settings":{"_column_size":50,"_inline_size":null,"border_radius":{"unit":"px","top":"4","right":"4","bottom":"4","left":"4","isLinked":true},"margin":{"unit":"px","top":"0","right":"0","bottom":"0","left":"0","isLinked":false},"padding":{"unit":"px","top":"0","right":"0","bottom":"0","left":"0","isLinked":false},"_inline_size_tablet":100,"margin_tablet":{"unit":"px","top":"0","right":"0","bottom":"60","left":"0","isLinked":false}},"elements":[{"id":"65ba10a","settings":{"image":{"id":"3686","url":"https:\/\/cliente.shazamlnv.com\/setasolar\/wp-content\/uploads\/2022\/04\/carly-jayne-464064-unsplash.jpg"},"image_size":"custom","image_custom_dimension":{"width":"600","height":""},"align":"left","image_border_radius":{"unit":"%","top":"50","right":"50","bottom":"50","left":"50","isLinked":true},"image_box_shadow_box_shadow":{"horizontal":-10,"vertical":-10,"blur":50,"spread":0,"color":"rgba(0,0,0,0.1)"},"_animation":"slideInLeft","animation_duration":"slow","align_tablet":"center"},"elements":[],"isInner":false,"widgetType":"image","elType":"widget"}],"isInner":false,"elType":"column"},{"id":"4855a954","settings":{"_column_size":50,"_inline_size":null,"_inline_size_tablet":100,"content_position":"center","padding":{"unit":"px","top":"0","right":"0","bottom":"0","left":"80","isLinked":false},"margin_tablet":{"unit":"px","top":"0","right":"0","bottom":"0","left":"0","isLinked":false},"padding_tablet":{"unit":"px","top":"0","right":"40","bottom":"0","left":"40","isLinked":false}},"elements":[{"id":"4491ccc1","settings":{"title":"Asparagus &amp; Avocado ","align_mobile":"center","title_color":"#222222","typography_typography":"custom","typography_font_family":"Montserrat","typography_font_size":{"unit":"px","size":50},"typography_font_size_tablet":{"unit":"px","size":40},"typography_font_size_mobile":{"unit":"px","size":36},"typography_font_weight":"700","typography_text_transform":"uppercase","typography_line_height":{"unit":"px","size":70},"typography_line_height_tablet":{"unit":"px","size":50},"typography_line_height_mobile":{"unit":"px","size":50},"_margin":{"unit":"px","top":"0","right":"0","bottom":"0","left":"0","isLinked":false},"_animation":"fadeIn","animation_duration":"fast","align_tablet":"center"},"elements":[],"isInner":false,"widgetType":"heading","elType":"widget"},{"id":"2123a537","settings":{"editor":"<p>Et ligula sit quam, sapien lorem. Nec risus lorem vestibulum mi <br \/>facilisis. Tincidunt urna accumsan nec risus lorem vestibulum mi <br \/>facilisis.<\/p>","align_mobile":"center","text_color":"#4F4F4F","typography_typography":"custom","typography_font_family":"Karla","typography_font_size":{"unit":"px","size":16},"typography_line_height":{"unit":"em","size":1.5},"_margin":{"unit":"px","top":"0","right":"0","bottom":"0","left":"0","isLinked":false},"_animation":"fadeIn"},"elements":[],"isInner":false,"widgetType":"text-editor","elType":"widget"},{"id":"1741bf25","settings":{"icon_list":[{"text":"30 minutes","icon":"fa fa-check","_id":"3fdf37c"},{"text":"Very Delicious","icon":"fa fa-check","_id":"7982fb4"},{"text":"Useful for the body","icon":"fa fa-check","_id":"29945f2"}],"icon_color":"#d1beb9","icon_size":{"unit":"px","size":19},"text_color":"#707070","text_indent":{"unit":"px","size":12},"icon_typography_typography":"custom","icon_typography_font_family":"Karla","icon_typography_font_size":{"unit":"px","size":16},"icon_typography_line_height":{"unit":"px","size":26},"_margin":{"unit":"px","top":"0","right":"0","bottom":"40","left":"0","isLinked":false},"_animation":"fadeIn","icon_align_tablet":"center","space_between":{"unit":"px","size":9},"_animation_delay":400},"elements":[],"isInner":false,"widgetType":"icon-list","elType":"widget"},{"id":"ba15dc8","settings":{"text":"Get Recipe","align_mobile":"center","typography_typography":"custom","typography_font_family":"Montserrat","typography_font_size":{"unit":"px","size":14},"typography_font_weight":"600","typography_text_transform":"uppercase","typography_letter_spacing":{"unit":"px","size":0.5},"button_text_color":"#adce8a","background_color":"rgba(169,193,145,0)","hover_color":"#adce8a","border_border":"solid","border_width":{"unit":"px","top":"2","right":"2","bottom":"2","left":"2","isLinked":true},"border_color":"#adce8a","border_radius":{"unit":"px","top":"50","right":"50","bottom":"50","left":"50","isLinked":true},"button_box_shadow_box_shadow":{"horizontal":10,"vertical":10,"blur":50,"spread":0,"color":"rgba(0,0,0,0.1)"},"text_padding":{"unit":"px","top":"20","right":"36","bottom":"20","left":"36","isLinked":false},"_margin":{"unit":"px","top":"0","right":"0","bottom":"0","left":"0","isLinked":false},"_animation":"fadeInUp","align_tablet":"center","align":"left","hover_animation":"grow","_padding":{"unit":"em","top":"0","right":"0","bottom":"0","left":"0","isLinked":false},"_animation_delay":600},"elements":[],"isInner":false,"widgetType":"button","elType":"widget"}],"isInner":false,"elType":"column"}],"isInner":false,"elType":"section"},{"id":"4c10a93f","settings":{"structure":"20","padding_tablet":{"unit":"px","top":"0","right":"40","bottom":"0","left":"40","isLinked":false},"padding_mobile":{"unit":"px","top":"40","right":"20","bottom":"40","left":"20","isLinked":false},"padding":{"unit":"em","top":"0","right":"0","bottom":"2","left":"0","isLinked":false}},"elements":[{"id":"24aed60b","settings":{"_column_size":50,"_inline_size":null,"content_position":"center","background_background":"classic","background_image":{"id":"3687","url":"https:\/\/cliente.shazamlnv.com\/setasolar\/wp-content\/uploads\/2022\/04\/quotes.png"},"background_repeat":"no-repeat","_inline_size_tablet":100,"margin_tablet":{"unit":"px","top":"0","right":"0","bottom":"0","left":"0","isLinked":false},"padding_tablet":{"unit":"px","top":"0","right":"0","bottom":"0","left":"0","isLinked":false},"background_overlay_background":"classic"},"elements":[{"id":"15788735","settings":{"title":"What My clients are saying","align_mobile":"center","title_color":"#222222","typography_typography":"custom","typography_font_family":"Montserrat","typography_font_size":{"unit":"px","size":50},"typography_font_size_tablet":{"unit":"px","size":40},"typography_font_size_mobile":{"unit":"px","size":36},"typography_font_weight":"700","typography_text_transform":"uppercase","typography_line_height":{"unit":"px","size":70},"typography_line_height_tablet":{"unit":"px","size":50},"typography_line_height_mobile":{"unit":"px","size":50},"_margin":{"unit":"px","top":"60","right":"0","bottom":"100","left":"30","isLinked":false},"_animation":"fadeIn","animation_duration":"fast","_margin_tablet":{"unit":"px","top":"70","right":"0","bottom":"30","left":"50","isLinked":false},"_margin_mobile":{"unit":"px","top":"70","right":"0","bottom":"0","left":"0","isLinked":false}},"elements":[],"isInner":false,"widgetType":"heading","elType":"widget"}],"isInner":false,"elType":"column"},{"id":"13b0e861","settings":{"_column_size":50,"_inline_size":null,"content_position":"center","_inline_size_tablet":100},"elements":[{"id":"17a16fd1","settings":{"testimonial_content":"Et ligula sit quam, sapien lorem. Nec risus lorem vestibulum mi \nfacilisis. Tincidunt urna accumsan nec risus lorem vestibulum mi \nfacilisis.","testimonial_image":{"id":"3688","url":"https:\/\/cliente.shazamlnv.com\/setasolar\/wp-content\/uploads\/2022\/04\/223.jpg"},"testimonial_name":"Masha Doe","testimonial_job":"Designer","testimonial_alignment":"left","content_content_color":"#696969","content_typography_typography":"custom","content_typography_font_family":"Karla","content_typography_font_size":{"unit":"px","size":19},"content_typography_line_height":{"unit":"em","size":1.6999999999999999555910790149937383830547332763671875},"name_text_color":"#adce8a","name_typography_typography":"custom","name_typography_font_family":"Montserrat","name_typography_font_size":{"unit":"px","size":16},"name_typography_font_weight":"700","job_typography_typography":"custom","job_typography_font_family":"Karla","_padding":{"unit":"px","top":"30","right":"40","bottom":"30","left":"40","isLinked":false},"_animation":"fadeIn","animation_duration":"slow","_background_background":"classic","_background_color":"#fafafa","_border_radius":{"unit":"px","top":"8","right":"8","bottom":"8","left":"8","isLinked":true},"_box_shadow_box_shadow_type":"yes","_box_shadow_box_shadow":{"horizontal":-4,"vertical":19,"blur":22,"spread":-23,"color":"rgba(65, 53, 45, 0.22)"},"content_typography_font_style":"italic"},"elements":[],"isInner":false,"widgetType":"testimonial","elType":"widget"}],"isInner":false,"elType":"column"}],"isInner":false,"elType":"section"},{"id":"38eeb5d8","settings":{"gap":"no","custom_height":{"unit":"px","size":800},"content_position":"middle","padding":{"unit":"px","top":"100","right":"0","bottom":"100","left":"0","isLinked":false},"padding_tablet":{"unit":"px","top":"100","right":"25","bottom":"100","left":"25","isLinked":false},"padding_mobile":{"unit":"px","top":"50","right":"20","bottom":"50","left":"20","isLinked":false},"background_image":{"id":"3689","url":"https:\/\/cliente.shazamlnv.com\/setasolar\/wp-content\/uploads\/2022\/04\/pexels-photo-934056.jpeg"},"structure":"20","background_background":"classic","background_position":"center center","background_size":"cover","background_overlay_background":"classic","background_overlay_color":"#a5b7b2","css_filters_css_filter":"custom","css_filters_saturate":{"unit":"px","size":76},"css_filters_hue":{"unit":"px","size":212},"overlay_blend_mode":"lighten"},"elements":[{"id":"1911b2d8","settings":{"_column_size":50,"padding":{"unit":"em","top":"","right":"","bottom":"","left":"","isLinked":false},"padding_tablet":{"unit":"px","top":"0","right":"0","bottom":"0","left":"0","isLinked":true},"_inline_size":56.59899999999999664623828721232712268829345703125},"elements":[],"isInner":false,"elType":"column"},{"id":"593fa24d","settings":{"_column_size":50,"padding":{"unit":"em","top":"0","right":"0","bottom":"0","left":"0","isLinked":true},"padding_tablet":{"unit":"px","top":"0","right":"0","bottom":"0","left":"0","isLinked":true},"_inline_size":43.40100000000000335376171278767287731170654296875},"elements":[{"id":"1e21041","settings":{"content_width":{"unit":"px","size":600,"sizes":[]}},"elements":[{"id":"6d95abf6","settings":{"_column_size":100,"_inline_size":null},"elements":[{"id":"63232f","settings":{"title":"Join Hundreds of Healthy People","align":"left","title_color":"#222222","typography_typography":"custom","typography_font_size":{"unit":"px","size":50},"typography_font_weight":"700","typography_font_size_mobile":{"unit":"px","size":36},"header_size":"h4","align_tablet":"center","align_mobile":"center","typography_font_family":"Montserrat","typography_font_size_tablet":{"unit":"px","size":40},"typography_text_transform":"uppercase","typography_line_height":{"unit":"px","size":70},"typography_line_height_tablet":{"unit":"px","size":50},"typography_line_height_mobile":{"unit":"px","size":50},"_margin":{"unit":"px","top":"0","right":"0","bottom":"0","left":"0","isLinked":false},"_animation":"fadeIn","animation_duration":"fast"},"elements":[],"isInner":false,"widgetType":"heading","elType":"widget"},{"id":"34fa952a","settings":{"editor":"<p>Subscribe today for weekly healthy tips and motivation, FREE!<\/p>","align":"left","text_color":"#3E3D3D","typography_typography":"custom","typography_font_size":{"unit":"px","size":20},"typography_line_height":{"unit":"px","size":26},"align_tablet":"center","align_mobile":"center","typography_font_family":"Karla","_margin":{"unit":"px","top":"0","right":"0","bottom":"20","left":"0","isLinked":false},"_animation":"fadeIn"},"elements":[],"isInner":false,"widgetType":"text-editor","elType":"widget"},{"id":"584f447","settings":{"text":"Subscribe Now","align":"left","typography_typography":"custom","typography_font_size":{"unit":"px","size":14},"typography_font_weight":"600","typography_text_transform":"uppercase","button_text_color":"#ffffff","background_color":"#d1b8ad","hover_color":"#ffffff","button_background_hover_color":"#adce8a","hover_animation":"grow","border_radius":{"unit":"px","top":"50","right":"50","bottom":"50","left":"50","isLinked":true},"text_padding":{"unit":"px","top":"20","right":"36","bottom":"20","left":"36","isLinked":false},"align_tablet":"center","align_mobile":"center","typography_font_family":"Montserrat","typography_letter_spacing":{"unit":"px","size":0.5},"border_width":{"unit":"px","top":"2","right":"2","bottom":"2","left":"2","isLinked":true},"button_box_shadow_box_shadow_type":"yes","button_box_shadow_box_shadow":{"horizontal":10,"vertical":10,"blur":50,"spread":0,"color":"rgba(0,0,0,0.1)"},"_margin":{"unit":"px","top":"0","right":"0","bottom":"0","left":"0","isLinked":false},"_animation":"fadeInUp","_animation_delay":600},"elements":[],"isInner":false,"widgetType":"button","elType":"widget"}],"isInner":true,"elType":"column"}],"isInner":true,"elType":"section"}],"isInner":false,"elType":"column"}],"isInner":false,"elType":"section"}],"page_settings":[],"version":"0.4","title":"NUTRICIONISTA","type":"section"}