{"version":"0.4","title":"Hamburgueria 4","type":"page","content":[{"id":"ba20f2d","settings":{"custom_height":{"unit":"vh","size":"100"},"custom_height_tablet":{"unit":"vh","size":"60"},"background_image":{"url":"http:\/\/sitefacilitado.com.br\/membros\/wp-content\/uploads\/2020\/03\/blake-guidry-719044-unsplash-min.jpg","id":"6041"},"background_position":"center center","background_repeat":"no-repeat","background_size":"cover","padding_tablet":{"unit":"em","top":"0","right":"0","bottom":"0","left":"0","isLinked":""},"animation":"fadeIn","padding":{"unit":"px","top":"0","right":"0","bottom":"220","left":"0","isLinked":""},"stretch_section":"section-stretched","layout":"full_width","background_background":"classic","background_overlay_background":"classic","background_overlay_opacity":{"unit":"px","size":"1"},"overlay_blend_mode":"lighten"},"elements":[{"id":"52f5c536","settings":{"_column_size":"100","_inline_size_tablet":"100","margin":{"unit":"px","top":"0","right":"0","bottom":"0","left":"0","isLinked":""},"padding":{"unit":"px","top":"0","right":"0","bottom":"0","left":"0","isLinked":""}},"elements":[{"id":"43ee6a73","settings":{"slides":[{"heading":"Wow what<br> a burger!","description":"Mouthwatering perfection starts with two 100% pure beef patties<br> and best sauce sandwiched between a sesame seed bun. ","button_text":"Go to Menu","background_color":"rgba(255,255,255,0)","_id":"312a638","background_image":{"url":"","id":""},"background_size":"cover","background_ken_burns":"yes","zoom_direction":"out","background_overlay":"yes","background_overlay_color":"rgba(0,0,0,0)","background_overlay_blend_mode":"","link":{"url":"#menu","is_external":"","nofollow":""},"link_click":"slide","custom_style":"","horizontal_position":"","vertical_position":"","text_align":"","content_color":""},{"heading":"New Delicious","description":"Mouthwatering perfection starts with two 100% pure beef patties<br> and best sauce sandwiched between a sesame seed bun. ","button_text":"Go to Menu","background_color":"rgba(255,255,255,0)","_id":"87689f0","background_image":{"url":"","id":""},"background_size":"cover","background_ken_burns":"yes","zoom_direction":"out","background_overlay":"yes","background_overlay_color":"rgba(0,0,0,0)","background_overlay_blend_mode":"","link":{"url":"#menu","is_external":"","nofollow":""},"link_click":"slide","custom_style":"","horizontal_position":"","vertical_position":"","text_align":"","content_color":""}],"slides_height":{"unit":"px","size":"700"},"navigation":"arrows","heading_spacing":{"unit":"px","size":"7"},"heading_typography_typography":"custom","heading_typography_font_family":"Yanone Kaffeesatz","heading_typography_font_size":{"unit":"px","size":"140"},"heading_typography_font_size_tablet":{"unit":"px","size":"60"},"heading_typography_text_transform":"uppercase","description_spacing":{"unit":"px","size":"47"},"description_typography_typography":"custom","description_typography_font_family":"Roboto","description_typography_font_size":{"unit":"px","size":"16"},"description_typography_line_height":{"unit":"px","size":"24"},"button_size":"md","button_color":"#ffffff","button_typography_typography":"custom","button_typography_font_family":"Yanone Kaffeesatz","button_typography_font_size":{"unit":"px","size":"24"},"button_typography_font_weight":"600","button_typography_text_transform":"uppercase","button_typography_line_height":{"unit":"px","size":"20"},"button_typography_letter_spacing":{"unit":"px","size":"1.5"},"button_border_width":{"unit":"px","size":"2"},"button_border_radius":{"unit":"px","size":"0"},"button_background_color":"#f24835","button_border_color":"#f24835","button_hover_text_color":"#ffffff","button_hover_background_color":"rgba(0,0,0,0)","dots_size":{"unit":"px","size":"10"},"dots_color":"#f21616","_padding":{"unit":"px","top":"0","right":"0","bottom":"0","left":"0","isLinked":""},"arrows_color":"#f21616"},"elements":[],"isInner":false,"widgetType":"slides","elType":"widget"}],"isInner":"","elType":"column"}],"isInner":"","elType":"section"},{"id":"ec9978b","settings":{"custom_height":{"unit":"vh","size":"100"},"custom_height_tablet":{"unit":"vh","size":"60"},"background_position":"center center","background_repeat":"no-repeat","background_size":"cover","padding_tablet":{"unit":"px","top":"80","right":"20","bottom":"80","left":"20","isLinked":""},"animation":"fadeIn","padding":{"unit":"em","top":"","right":"","bottom":"","left":"","isLinked":""},"content_width":{"unit":"px","size":"600"},"background_color":"#f21616","margin":{"unit":"px","top":"-220","right":"0","bottom":"0","left":"0","isLinked":""},"margin_mobile":{"unit":"px","top":"0","right":"0","bottom":"60","left":"0","isLinked":""},"padding_mobile":{"unit":"px","top":"0","right":"0","bottom":"0","left":"0","isLinked":""}},"elements":[{"id":"5273f22d","settings":{"_column_size":"100","_inline_size_tablet":"100","content_position":"center","background_background":"classic","background_color":"#f24835","box_shadow_box_shadow_type":"yes","box_shadow_box_shadow":{"horizontal":"-10","vertical":"-20","blur":"90","spread":"0","color":"rgba(0,0,0,0.18)"},"padding":{"unit":"px","top":"60","right":"60","bottom":"60","left":"60","isLinked":"1"}},"elements":[{"id":"7a920837","settings":{"title":"Reserve now\n","header_size":"h1","align":"center","align_tablet":"center","title_color":"#ffffff","typography_typography":"custom","typography_font_family":"Yanone Kaffeesatz","typography_font_size":{"unit":"px","size":"60"},"typography_text_transform":"uppercase","_animation":"fadeIn","typography_font_size_tablet":{"unit":"px","size":"60"},"typography_font_size_mobile":{"unit":"px","size":"70"}},"elements":[],"isInner":false,"widgetType":"heading","elType":"widget"},{"id":"6b4c7703","settings":{"title":"Mouthwatering perfection starts with two 100% pure beef patties<br> and best sauce sandwiched between a sesame seed bun. ","header_size":"h4","align":"center","align_tablet":"center","title_color":"#ffffff","typography_typography":"custom","typography_font_family":"Roboto","typography_font_size":{"unit":"px","size":"15"},"typography_font_weight":"400","typography_text_transform":"capitalize","typography_line_height":{"unit":"px","size":"24"},"_margin":{"unit":"px","top":"-20","right":"0","bottom":"0","left":"0","isLinked":""},"_animation":"fadeIn"},"elements":[],"isInner":false,"widgetType":"heading","elType":"widget"},{"id":"19812564","settings":{"form_name":"New Form","form_fields":[{"_id":"name","field_type":"date","field_label":"","placeholder":"Date","width":"100","field_value":"","required":"","min_date":"","max_date":"","field_options":"","allow_multiple":"","select_size":"","inline_list":"","field_html":"","width_tablet":"","width_mobile":"","rows":"4","recaptcha_size":"normal","recaptcha_style":"light","css_classes":"","custom_id":"name","recaptcha_badge":"bottomright"},{"_id":"email","field_type":"time","required":"true","field_label":"","placeholder":"Time","width":"100","field_value":"","min_date":"","max_date":"","field_options":"","allow_multiple":"","select_size":"","inline_list":"","field_html":"","width_tablet":"","width_mobile":"","rows":"4","recaptcha_size":"normal","recaptcha_style":"light","css_classes":"","custom_id":"email","recaptcha_badge":"bottomright"},{"_id":"message","field_type":"number","field_label":"","placeholder":"People","width":"100","field_value":"","required":"","min_date":"","max_date":"","field_options":"","allow_multiple":"","select_size":"","inline_list":"","field_html":"","width_tablet":"","width_mobile":"","rows":"4","recaptcha_size":"normal","recaptcha_style":"light","css_classes":"","custom_id":"message","recaptcha_badge":"bottomright"}],"button_text":"make a reservation","button_align":"center","email_content":"[all-fields]","email_content_2":"[all-fields]","success_message":"The form was sent successfully.","error_message":"An error occured.","required_field_message":"This field is required.","invalid_message":"There's something wrong. The form is invalid.","row_gap":{"unit":"px","size":"18"},"label_color":"#000000","field_text_color":"#ffffff","field_typography_typography":"custom","field_typography_font_family":"Yanone Kaffeesatz","field_typography_font_size":{"unit":"px","size":"19"},"field_typography_font_weight":"400","field_typography_line_height":{"unit":"px","size":"30"},"field_border_color":"#ffffff","field_border_width":{"unit":"px","top":"5","right":"5","bottom":"5","left":"5","isLinked":"1"},"field_border_radius":{"unit":"px","top":"0","right":"0","bottom":"0","left":"0","isLinked":"1"},"button_background_color":"#ffffff","button_typography_typography":"custom","button_typography_font_family":"Yanone Kaffeesatz","button_typography_font_size":{"unit":"px","size":"20"},"button_typography_text_transform":"uppercase","button_border_radius":{"unit":"px","top":"0","right":"0","bottom":"0","left":"0","isLinked":"1"},"button_text_padding":{"unit":"px","top":"14","right":"40","bottom":"14","left":"40","isLinked":""},"button_hover_animation":"grow","field_background_color":"rgba(255,255,255,0)","button_text_color":"#f21616"},"elements":[],"isInner":false,"widgetType":"form","elType":"widget"}],"isInner":"","elType":"column"}],"isInner":"","elType":"section"},{"id":"7ad74fd0","settings":{"border_width":{"unit":"px","top":"0","right":"0","bottom":"1","left":"0","isLinked":""},"border_color":"#eeeeee","padding":{"unit":"px","top":"80","right":"0","bottom":"0","left":"0","isLinked":""},"padding_tablet":{"unit":"px","top":"0","right":"20","bottom":"0","left":"20","isLinked":""},"background_color":"#f21616"},"elements":[{"id":"42c8987","settings":{"_column_size":"100","_inline_size_tablet":"100"},"elements":[{"id":"1d941bf","settings":{"title":"What do they say about us?","align":"center","align_tablet":"center","title_color":"#000000","typography_typography":"custom","typography_font_family":"Yanone Kaffeesatz","typography_font_size":{"unit":"px","size":"60"},"typography_text_transform":"uppercase","typography_letter_spacing":{"unit":"px","size":"1.5"},"_animation":"fadeIn","typography_font_size_mobile":{"unit":"px","size":"40"}},"elements":[],"isInner":false,"widgetType":"heading","elType":"widget"},{"id":"3df5c8d","settings":{"title":"Lorem ipsum dolor sit amet, vim nonobis comprehensam,<br>  te vero liberavisse comprehensam nec. Dicunt<br>  molestie pri ei, mei te erat fastidii.","header_size":"h4","align":"center","align_tablet":"center","title_color":"#000000","typography_typography":"custom","typography_font_family":"Roboto","typography_font_size":{"unit":"px","size":"15"},"typography_font_weight":"400","typography_line_height":{"unit":"px","size":"24"},"_margin":{"unit":"px","top":"-10","right":"0","bottom":"0","left":"0","isLinked":""},"_animation":"fadeIn"},"elements":[],"isInner":false,"widgetType":"heading","elType":"widget"}],"isInner":"","elType":"column"}],"isInner":"","elType":"section"},{"id":"2754e23a","settings":{"structure":"20","margin_tablet":{"unit":"px","top":"0","right":"0","bottom":"0","left":"0","isLinked":""},"padding":{"unit":"px","top":"40","right":"0","bottom":"0","left":"0","isLinked":""},"padding_tablet":{"unit":"px","top":"0","right":"0","bottom":"0","left":"0","isLinked":""}},"elements":[{"id":"70e336bb","settings":{"_column_size":"50","_inline_size_tablet":"100","background_background":"classic","padding":{"unit":"px","top":"40","right":"40","bottom":"60","left":"40","isLinked":""}},"elements":[{"id":"34622a3f","settings":{"blockquote_skin":"quotation","alignment":"center","blockquote_content":"Ne quis mediocrem sit, dolor reprimique nec id, quo no scaevola vituperata. Sed ea delectus senserit forensibus, vis dicant eirmod eripuit id. Altera deseruisse voluptatum id est, eu consul discere interpretaris nec. Per autem iracundia ea, cu nec tota aeque aliquid. Utamur iudicabit vix eu, veniam labores expetendis ea eam. Vitae detraxit mea id, ferri tantas nullam sit ad, ea quodsi pericula quo.","author_name":"John Doe","tweet_button":"","tweet_button_label":"Tweet","content_text_color":"#000000","content_typography_typography":"custom","content_typography_font_family":"Roboto","content_typography_font_size":{"unit":"px","size":"15"},"content_typography_font_weight":"400","content_typography_line_height":{"unit":"px","size":"24"},"content_gap":{"unit":"px","size":"24"},"author_text_color":"#f24835","author_typography_typography":"custom","author_typography_font_family":"Open Sans","author_typography_font_size":{"unit":"px","size":"15"},"author_typography_font_weight":"700","author_typography_text_transform":"uppercase","quote_text_color":"#f24835","quote_size":{"unit":"px","size":"1.4"}},"elements":[],"isInner":false,"widgetType":"blockquote","elType":"widget"}],"isInner":"","elType":"column"},{"id":"66d5f340","settings":{"_column_size":"50","_inline_size_tablet":"100","background_background":"classic","background_color":"#f24835","padding":{"unit":"px","top":"40","right":"40","bottom":"60","left":"40","isLinked":""},"content_position":"center"},"elements":[{"id":"17a06610","settings":{"blockquote_skin":"quotation","alignment":"center","blockquote_content":"Ne quis mediocrem sit, dolor reprimique nec id, quo no scaevola vituperata. Sed ea delectus senserit forensibus, vis dicant eirmod eripuit id. Altera deseruisse voluptatum id est, eu consul discere interpretaris nec. Per autem iracundia ea, cu nec tota aeque aliquid. Utamur iudicabit vix eu, veniam labores expetendis ea eam. Vitae detraxit mea id, ferri tantas nullam sit ad, ea quodsi pericula quo.","author_name":"John Doe","tweet_button":"","tweet_button_label":"Tweet","content_text_color":"#ffffff","content_typography_typography":"custom","content_typography_font_family":"Roboto","content_typography_font_size":{"unit":"px","size":"15"},"content_typography_font_weight":"400","content_typography_line_height":{"unit":"px","size":"24"},"content_gap":{"unit":"px","size":"24"},"author_text_color":"#ffffff","author_typography_typography":"custom","author_typography_font_family":"Open Sans","author_typography_font_size":{"unit":"px","size":"15"},"author_typography_font_weight":"700","author_typography_text_transform":"uppercase","quote_text_color":"#ffffff","quote_size":{"unit":"px","size":"1.4"}},"elements":[],"isInner":false,"widgetType":"blockquote","elType":"widget"}],"isInner":"","elType":"column"}],"isInner":"","elType":"section"},{"id":"306551b7","settings":{"structure":"20","padding":{"unit":"px","top":"0","right":"0","bottom":"80","left":"0","isLinked":""},"padding_tablet":{"unit":"px","top":"0","right":"0","bottom":"0","left":"0","isLinked":""}},"elements":[{"id":"584f09ff","settings":{"_column_size":"50","_inline_size_tablet":"100","background_background":"classic","background_color":"#142130","padding":{"unit":"px","top":"40","right":"40","bottom":"60","left":"40","isLinked":""},"content_position":"center"},"elements":[{"id":"41332f2b","settings":{"blockquote_skin":"quotation","alignment":"center","blockquote_content":"Ne quis mediocrem sit, dolor reprimique nec id, quo no scaevola vituperata. Sed ea delectus senserit forensibus, vis dicant eirmod eripuit id. Altera deseruisse voluptatum id est, eu consul discere interpretaris nec. Per autem iracundia ea, cu nec tota aeque aliquid. Utamur iudicabit vix eu, veniam labores expetendis ea eam. Vitae detraxit mea id, ferri tantas nullam sit ad, ea quodsi pericula quo.","author_name":"John Doe","tweet_button":"","tweet_button_label":"Tweet","content_text_color":"#ffffff","content_typography_typography":"custom","content_typography_font_family":"Roboto","content_typography_font_size":{"unit":"px","size":"15"},"content_typography_font_weight":"400","content_typography_line_height":{"unit":"px","size":"24"},"content_gap":{"unit":"px","size":"24"},"author_text_color":"#ffffff","author_typography_typography":"custom","author_typography_font_family":"Open Sans","author_typography_font_size":{"unit":"px","size":"15"},"author_typography_font_weight":"700","author_typography_text_transform":"uppercase","quote_text_color":"#ffffff","quote_size":{"unit":"px","size":"1.4"}},"elements":[],"isInner":false,"widgetType":"blockquote","elType":"widget"}],"isInner":"","elType":"column"},{"id":"16ebe3fc","settings":{"_column_size":"50","_inline_size_tablet":"100","background_background":"classic","padding":{"unit":"px","top":"40","right":"40","bottom":"60","left":"40","isLinked":""}},"elements":[{"id":"73a29e06","settings":{"blockquote_skin":"quotation","alignment":"center","blockquote_content":"Ne quis mediocrem sit, dolor reprimique nec id, quo no scaevola vituperata. Sed ea delectus senserit forensibus, vis dicant eirmod eripuit id. Altera deseruisse voluptatum id est, eu consul discere interpretaris nec. Per autem iracundia ea, cu nec tota aeque aliquid. Utamur iudicabit vix eu, veniam labores expetendis ea eam. Vitae detraxit mea id, ferri tantas nullam sit ad, ea quodsi pericula quo.","author_name":"John Doe","tweet_button":"","tweet_button_label":"Tweet","content_text_color":"#000000","content_typography_typography":"custom","content_typography_font_family":"Roboto","content_typography_font_size":{"unit":"px","size":"15"},"content_typography_font_weight":"400","content_typography_line_height":{"unit":"px","size":"24"},"content_gap":{"unit":"px","size":"24"},"author_text_color":"#f24835","author_typography_typography":"custom","author_typography_font_family":"Open Sans","author_typography_font_size":{"unit":"px","size":"15"},"author_typography_font_weight":"700","author_typography_text_transform":"uppercase","quote_text_color":"#f24835","quote_size":{"unit":"px","size":"1.4"}},"elements":[],"isInner":false,"widgetType":"blockquote","elType":"widget"}],"isInner":"","elType":"column"}],"isInner":"","elType":"section"},{"id":"317f029b","settings":{"custom_height":{"unit":"vh","size":"100"},"custom_height_tablet":{"unit":"vh","size":"60"},"background_background":"classic","background_image":{"url":"http:\/\/sitefacilitado.com.br\/membros\/wp-content\/uploads\/2020\/03\/pexels-photo-533347-scaled.jpeg","id":"6071"},"background_position":"center center","background_attachment":"fixed","background_repeat":"no-repeat","background_size":"cover","padding_tablet":{"unit":"px","top":"80","right":"20","bottom":"80","left":"20","isLinked":""},"animation":"fadeIn","structure":"20","background_overlay_background":"classic","background_overlay_color":"#f24835","background_overlay_opacity":{"unit":"px","size":"1"},"padding":{"unit":"px","top":"80","right":"0","bottom":"80","left":"0","isLinked":""},"margin":{"unit":"px","top":"0","right":"0","bottom":"0","left":"0","isLinked":""},"margin_tablet":{"unit":"px","top":"0","right":"0","bottom":"0","left":"0","isLinked":""},"overlay_blend_mode":"lighten"},"elements":[{"id":"34d9a855","settings":{"_column_size":"50","_inline_size_tablet":"100","background_background":"classic","background_image":{"url":"http:\/\/sitefacilitado.com.br\/membros\/wp-content\/uploads\/2020\/03\/quentin-lagache-76503-unsplash-min.jpg","id":"6064"},"background_size":"cover","background_overlay_background":"classic","background_overlay_color":"#142130","padding":{"unit":"px","top":"80","right":"80","bottom":"80","left":"80","isLinked":""},"padding_mobile":{"unit":"px","top":"50","right":"30","bottom":"50","left":"30","isLinked":""},"background_attachment":"fixed","background_position":"center right"},"elements":[{"id":"47d8f127","settings":{"text":"Special offer","align":"center","align_tablet":"center","typography_typography":"custom","typography_font_family":"Yanone Kaffeesatz","typography_font_size":{"unit":"px","size":"16"},"typography_font_weight":"600","typography_text_transform":"uppercase","typography_line_height":{"unit":"px","size":""},"typography_letter_spacing":{"unit":"px","size":"1.5"},"button_text_color":"#ffffff","background_color":"rgba(125,31,31,0)","button_background_hover_color":"#f21616","border_border":"solid","border_width":{"unit":"px","top":"2","right":"2","bottom":"2","left":"2","isLinked":"1"},"border_color":"#f24835","border_radius":{"unit":"px","top":"0","right":"0","bottom":"0","left":"0","isLinked":"1"},"text_padding":{"unit":"px","top":"08","right":"14","bottom":"6","left":"14","isLinked":""},"_margin":{"unit":"px","top":"0","right":"0","bottom":"40","left":"0","isLinked":""},"_animation":"fadeIn"},"elements":[],"isInner":false,"widgetType":"button","elType":"widget"},{"id":"93d679b","settings":{"title":"Our new <br>seasonal menu","align":"center","align_tablet":"center","title_color":"#ffffff","typography_typography":"custom","typography_font_family":"Yanone Kaffeesatz","typography_font_size":{"unit":"px","size":"60"},"typography_text_transform":"uppercase","_animation":"fadeIn","typography_font_size_tablet":{"unit":"px","size":"80"},"typography_font_size_mobile":{"unit":"px","size":"40"},"_margin_mobile":{"unit":"px","top":"0","right":"0","bottom":"30","left":"0","isLinked":""},"_margin":{"unit":"px","top":"0","right":"0","bottom":"30","left":"0","isLinked":""}},"elements":[],"isInner":false,"widgetType":"heading","elType":"widget"},{"id":"21a93a61","settings":{"title":"Mouthwatering perfection starts with two 100% pure beef patties and best sauce sandwiched between a sesame seed bun. ","header_size":"h4","align":"center","align_tablet":"center","title_color":"#ffffff","typography_typography":"custom","typography_font_family":"Roboto","typography_font_size":{"unit":"px","size":"15"},"typography_font_weight":"400","typography_text_transform":"capitalize","typography_line_height":{"unit":"px","size":"24"},"_margin":{"unit":"px","top":"-20","right":"0","bottom":"0","left":"0","isLinked":""},"_animation":"fadeIn"},"elements":[],"isInner":false,"widgetType":"heading","elType":"widget"},{"id":"ddde417","settings":{"text":"See now","align":"center","align_tablet":"center","typography_typography":"custom","typography_font_family":"Yanone Kaffeesatz","typography_font_size":{"unit":"px","size":"24"},"typography_font_weight":"600","typography_text_transform":"uppercase","typography_line_height":{"unit":"px","size":"20"},"typography_letter_spacing":{"unit":"px","size":"1.5"},"button_text_color":"#ffffff","background_color":"#f24835","button_background_hover_color":"#f24835","hover_animation":"grow","border_radius":{"unit":"px","top":"0","right":"0","bottom":"0","left":"0","isLinked":"1"},"text_padding":{"unit":"px","top":"20","right":"40","bottom":"20","left":"40","isLinked":""},"_margin":{"unit":"px","top":"40","right":"0","bottom":"0","left":"0","isLinked":""},"_animation":"fadeIn","typography_font_size_mobile":{"unit":"px","size":"16"}},"elements":[],"isInner":false,"widgetType":"button","elType":"widget"}],"isInner":"","elType":"column"},{"id":"ed33ede","settings":{"_column_size":"50","_inline_size":"50.263","_inline_size_tablet":"100","content_position":"center","margin_mobile":{"unit":"px","top":"0","right":"0","bottom":"0","left":"0","isLinked":""},"background_background":"classic","background_position":"center center","background_attachment":"fixed","background_size":"cover","background_overlay_color":"#000000","background_overlay_opacity":{"unit":"px","size":"0.21"},"border_width":{"unit":"px","top":"2","right":"2","bottom":"2","left":"0","isLinked":""},"border_color":"#f21616","margin":{"unit":"%","top":"","right":"","bottom":"","left":"","isLinked":"1"},"padding":{"unit":"%","top":"0","right":"10","bottom":"0","left":"10","isLinked":""},"background_color":"#f24835","padding_mobile":{"unit":"px","top":"40","right":"40","bottom":"40","left":"40","isLinked":"1"},"padding_tablet":{"unit":"px","top":"80","right":"40","bottom":"80","left":"40","isLinked":""}},"elements":[{"id":"34349173","settings":{"title":"20% ","align":"center","align_tablet":"center","title_color":"#ffffff","typography_typography":"custom","typography_font_family":"Yanone Kaffeesatz","typography_font_size":{"unit":"px","size":"120"},"typography_text_transform":"uppercase","_animation":"fadeIn","typography_font_size_tablet":{"unit":"px","size":"80"},"typography_font_size_mobile":{"unit":"px","size":"70"},"_margin_mobile":{"unit":"px","top":"0","right":"0","bottom":"-20","left":"0","isLinked":""},"_margin":{"unit":"px","top":"0","right":"0","bottom":"0","left":"0","isLinked":""},"header_size":"h3"},"elements":[],"isInner":false,"widgetType":"heading","elType":"widget"},{"id":"6bfa0026","settings":{"title":"Student discount","align":"center","align_tablet":"center","title_color":"#ffffff","typography_typography":"custom","typography_font_family":"Yanone Kaffeesatz","typography_font_size":{"unit":"px","size":"40"},"typography_text_transform":"uppercase","_animation":"fadeIn","typography_font_size_tablet":{"unit":"px","size":"80"},"typography_font_size_mobile":{"unit":"px","size":"40"},"_margin_mobile":{"unit":"px","top":"0","right":"0","bottom":"30","left":"0","isLinked":""},"_margin":{"unit":"px","top":"-20","right":"0","bottom":"30","left":"0","isLinked":""},"header_size":"h4"},"elements":[],"isInner":false,"widgetType":"heading","elType":"widget"},{"id":"4103caed","settings":{"title":"Mouthwatering perfection starts with two 100% pure beef patties and best sauce sandwiched between a sesame seed bun. ","header_size":"h4","align":"center","align_tablet":"center","title_color":"#ffffff","typography_typography":"custom","typography_font_family":"Roboto","typography_font_size":{"unit":"px","size":"15"},"typography_font_weight":"400","typography_text_transform":"capitalize","typography_line_height":{"unit":"px","size":"24"},"_margin":{"unit":"px","top":"0","right":"0","bottom":"0","left":"0","isLinked":""},"_animation":"fadeIn"},"elements":[],"isInner":false,"widgetType":"heading","elType":"widget"},{"id":"38842456","settings":{"text":"Use Now","align":"center","align_tablet":"center","typography_typography":"custom","typography_font_family":"Yanone Kaffeesatz","typography_font_size":{"unit":"px","size":"24"},"typography_font_weight":"600","typography_text_transform":"uppercase","typography_line_height":{"unit":"px","size":"20"},"typography_letter_spacing":{"unit":"px","size":"1.5"},"button_text_color":"#ffffff","background_color":"rgba(255,255,255,0)","button_background_hover_color":"#ffffff","hover_animation":"grow","border_radius":{"unit":"px","top":"0","right":"0","bottom":"0","left":"0","isLinked":"1"},"text_padding":{"unit":"px","top":"20","right":"40","bottom":"20","left":"40","isLinked":""},"_margin":{"unit":"px","top":"40","right":"0","bottom":"0","left":"0","isLinked":""},"_animation":"fadeIn","typography_font_size_mobile":{"unit":"px","size":"16"},"hover_color":"#f21616","border_border":"solid","border_width":{"unit":"px","top":"3","right":"3","bottom":"3","left":"3","isLinked":"1"},"border_color":"#ffffff"},"elements":[],"isInner":false,"widgetType":"button","elType":"widget"}],"isInner":"","elType":"column"}],"isInner":"","elType":"section"},{"id":"157688cc","settings":{"background_background":"classic","background_color":"#142130","padding_tablet":{"unit":"px","top":"80","right":"20","bottom":"0","left":"20","isLinked":""},"padding":{"unit":"px","top":"80","right":"0","bottom":"80","left":"0","isLinked":""}},"elements":[{"id":"1bfa6a0a","settings":{"_column_size":"100","_inline_size_tablet":"100","content_position":"center"},"elements":[{"id":"4ea7e439","settings":{"title":"Main Dishes","header_size":"h4","align":"center","align_tablet":"center","title_color":"#ffffff","typography_typography":"custom","typography_font_family":"Yanone Kaffeesatz","typography_font_size":{"unit":"px","size":"40"},"typography_text_transform":"uppercase","typography_letter_spacing":{"unit":"px","size":"1.5"},"_animation":"fadeIn"},"elements":[],"isInner":false,"widgetType":"heading","elType":"widget"},{"id":"1a01677e","settings":{"title":"Lorem ipsum dolor sit amet, vim no nobis comprehensam, te vero <br>liberavisse comprehensam nec. Dicunt molestie pri ei, mei te erat fastidii.","header_size":"h4","align":"center","align_tablet":"center","title_color":"#ffffff","typography_typography":"custom","typography_font_family":"Roboto","typography_font_size":{"unit":"px","size":"15"},"typography_font_weight":"400","typography_text_transform":"capitalize","typography_line_height":{"unit":"px","size":"24"},"_margin":{"unit":"px","top":"-10","right":"0","bottom":"40","left":"0","isLinked":""},"_animation":"fadeIn"},"elements":[],"isInner":false,"widgetType":"heading","elType":"widget"},{"id":"39aba0f","settings":{"structure":"20"},"elements":[{"id":"4c80dd66","settings":{"_column_size":"50","_inline_size_tablet":"100","margin":{"unit":"px","top":"0","right":"40","bottom":"0","left":"0","isLinked":""},"margin_tablet":{"unit":"px","top":"0","right":"0","bottom":"0","left":"0","isLinked":""}},"elements":[{"id":"6aa94dc","settings":{"price_list":[{"title":"Chicken burger","item_description":"Lorem ipsum dolor sit amet, vim no nobis comprehensam.","price":"$6","link":{"url":"#"},"_id":"ddd9eae","image":{"url":"http:\/\/sitefacilitado.com.br\/membros\/wp-content\/uploads\/2020\/03\/nick-clement-199768-unsplash-min.jpg","id":"6043"}},{"title":"Sicilian hamburger","item_description":"Lorem ipsum dolor sit amet, vim no nobis comprehensam.","price":"$6","link":{"url":"#"},"_id":"ba73332","image":{"url":"http:\/\/sitefacilitado.com.br\/membros\/wp-content\/uploads\/2020\/03\/madelon-1056456-unsplash-min.jpg","id":"6069"}},{"title":"Beef burger","item_description":"Lorem ipsum dolor sit amet, vim no nobis comprehensam.","price":"$6","link":{"url":"#"},"_id":"9ae3b87","image":{"url":"http:\/\/sitefacilitado.com.br\/membros\/wp-content\/uploads\/2020\/03\/quentin-lagache-76503-unsplash-min.jpg","id":"6064"}}],"heading_color":"#f24835","heading_typography_typography":"custom","heading_typography_font_family":"Yanone Kaffeesatz","heading_typography_font_size":{"unit":"px","size":"24"},"description_color":"#ffffff","description_typography_typography":"custom","description_typography_font_family":"Roboto","description_typography_font_size":{"unit":"px","size":"14"},"description_typography_line_height":{"unit":"px","size":"24"},"image_size_size":"custom","image_size_custom_dimension":{"width":"80","height":"80"},"border_radius":{"unit":"%","top":"50","right":"50","bottom":"50","left":"50","isLinked":"1"},"row_gap":{"unit":"px","size":"32"},"_animation":"fadeIn"},"elements":[],"isInner":false,"widgetType":"price-list","elType":"widget"}],"isInner":"1","elType":"column"},{"id":"5e82c058","settings":{"_column_size":"50","_inline_size_tablet":"100","margin":{"unit":"px","top":"0","right":"0","bottom":"0","left":"40","isLinked":""},"margin_tablet":{"unit":"px","top":"0","right":"0","bottom":"0","left":"0","isLinked":""}},"elements":[{"id":"36cdf561","settings":{"price_list":[{"title":"Spicy steak","item_description":"Lorem ipsum dolor sit amet, vim no nobis comprehensam.","price":"$6","link":{"url":"#"},"_id":"ddd9eae","image":{"url":"http:\/\/sitefacilitado.com.br\/membros\/wp-content\/uploads\/2020\/03\/madelon-1044184-unsplash-min.jpg","id":"6070"}},{"title":"Potato","item_description":"Lorem ipsum dolor sit amet, vim no nobis comprehensam.","price":"$6","link":{"url":"#"},"_id":"ba73332","image":{"url":"http:\/\/sitefacilitado.com.br\/membros\/wp-content\/uploads\/2020\/03\/alora-griffiths-980713-unsplash-3.jpg","id":"6094"}},{"title":"Indian toast","item_description":"Lorem ipsum dolor sit amet, vim no nobis comprehensam.","price":"$6","link":{"url":"#"},"_id":"9ae3b87","image":{"url":"http:\/\/sitefacilitado.com.br\/membros\/wp-content\/uploads\/2020\/03\/edward-franklin-72304-unsplash-min.jpg","id":"6095"}}],"heading_color":"#f24835","heading_typography_typography":"custom","heading_typography_font_family":"Yanone Kaffeesatz","heading_typography_font_size":{"unit":"px","size":"24"},"description_color":"#ffffff","description_typography_typography":"custom","description_typography_font_family":"Roboto","description_typography_font_size":{"unit":"px","size":"14"},"description_typography_line_height":{"unit":"px","size":"24"},"image_size_size":"custom","image_size_custom_dimension":{"width":"80","height":"80"},"border_radius":{"unit":"%","top":"50","right":"50","bottom":"50","left":"50","isLinked":"1"},"row_gap":{"unit":"px","size":"32"},"_animation":"fadeIn"},"elements":[],"isInner":false,"widgetType":"price-list","elType":"widget"}],"isInner":"1","elType":"column"}],"isInner":"1","elType":"section"}],"isInner":"","elType":"column"}],"isInner":"","elType":"section"},{"id":"6739ad78","settings":{"structure":"22","background_background":"classic","background_color":"#142130","padding_tablet":{"unit":"px","top":"0","right":"20","bottom":"0","left":"20","isLinked":""},"padding":{"unit":"px","top":"0","right":"0","bottom":"80","left":"0","isLinked":""}},"elements":[{"id":"6c97f9f","settings":{"_column_size":"66","_inline_size_tablet":"100","content_position":"center"},"elements":[{"id":"54b83cdc","settings":{"image":{"url":"http:\/\/sitefacilitado.com.br\/membros\/wp-content\/uploads\/2020\/03\/food-4-min.png","id":"6044"},"image_size":"full","_animation":"fadeIn"},"elements":[],"isInner":false,"widgetType":"image","elType":"widget"}],"isInner":"","elType":"column"},{"id":"4f5d268f","settings":{"_column_size":"33","_inline_size_tablet":"100","content_position":"center"},"elements":[{"id":"6d355d60","settings":{"title":"Meat dishes\n","header_size":"h4","align":"left","align_tablet":"center","title_color":"#ffffff","typography_typography":"custom","typography_font_family":"Yanone Kaffeesatz","typography_font_size":{"unit":"px","size":"40"},"typography_text_transform":"uppercase","typography_letter_spacing":{"unit":"px","size":"1.5"},"_animation":"fadeIn"},"elements":[],"isInner":false,"widgetType":"heading","elType":"widget"},{"id":"619a86a1","settings":{"title":"Lorem ipsum dolor sit amet, vim no nobis comprehensam, te vero liberavisse comprehensam nec. Dicunt molestie pri ei, mei te erat fastidii.","header_size":"h4","align":"left","align_tablet":"center","title_color":"#ffffff","typography_typography":"custom","typography_font_family":"Roboto","typography_font_size":{"unit":"px","size":"15"},"typography_font_weight":"400","typography_text_transform":"capitalize","typography_line_height":{"unit":"px","size":"24"},"_margin":{"unit":"px","top":"-10","right":"0","bottom":"40","left":"0","isLinked":""},"_animation":"fadeIn"},"elements":[],"isInner":false,"widgetType":"heading","elType":"widget"},{"id":"38f86546","settings":{"price_list":[{"title":"Chicken burger","item_description":"Lorem ipsum dolor sit amet, vim no nobis comprehensam.","price":"$6","link":{"url":"#"},"_id":"ddd9eae","image":{"url":"http:\/\/sitefacilitado.com.br\/membros\/wp-content\/uploads\/2020\/03\/food-4-min.png","id":"6044"}},{"title":"Sicilian hamburger","item_description":"Lorem ipsum dolor sit amet, vim no nobis comprehensam.","price":"$6","link":{"url":"#"},"_id":"ba73332","image":{"url":"http:\/\/sitefacilitado.com.br\/membros\/wp-content\/uploads\/2020\/03\/food-5-min.png","id":"6045"}},{"title":"Beef burger","item_description":"Lorem ipsum dolor sit amet, vim no nobis comprehensam.","price":"$6","link":{"url":"#"},"_id":"9ae3b87","image":{"url":"http:\/\/sitefacilitado.com.br\/membros\/wp-content\/uploads\/2020\/03\/food-6-min.png","id":"6046"}}],"heading_color":"#f24835","heading_typography_typography":"custom","heading_typography_font_family":"Yanone Kaffeesatz","heading_typography_font_size":{"unit":"px","size":"24"},"description_color":"#ffffff","description_typography_typography":"custom","description_typography_font_family":"Roboto","description_typography_font_size":{"unit":"px","size":"14"},"description_typography_line_height":{"unit":"px","size":"24"},"image_size_size":"custom","image_size_custom_dimension":{"width":"80","height":"80"},"border_radius":{"unit":"%","top":"50","right":"50","bottom":"50","left":"50","isLinked":"1"},"row_gap":{"unit":"px","size":"32"},"_animation":"fadeIn"},"elements":[],"isInner":false,"widgetType":"price-list","elType":"widget"},{"id":"2e0a56a7","settings":{"text":"Full Menu","align":"right","align_tablet":"center","typography_typography":"custom","typography_font_family":"Yanone Kaffeesatz","typography_font_size":{"unit":"px","size":"24"},"typography_font_weight":"600","typography_text_transform":"uppercase","typography_line_height":{"unit":"px","size":"30"},"typography_letter_spacing":{"unit":"px","size":"1.5"},"button_text_color":"#ffffff","background_color":"#f24835","button_background_hover_color":"#f24835","hover_animation":"grow","border_radius":{"unit":"px","top":"0","right":"0","bottom":"0","left":"0","isLinked":"1"},"text_padding":{"unit":"px","top":"20","right":"40","bottom":"20","left":"40","isLinked":""},"_margin":{"unit":"px","top":"40","right":"0","bottom":"0","left":"0","isLinked":""},"_animation":"fadeIn","typography_font_size_mobile":{"unit":"px","size":"16"},"icon":"fa fa-arrow-right","icon_align":"right","icon_indent":{"unit":"px","size":"15"}},"elements":[],"isInner":false,"widgetType":"button","elType":"widget"}],"isInner":"","elType":"column"}],"isInner":"","elType":"section"},{"id":"7a560aec","settings":{"custom_height":{"unit":"vh","size":"100"},"custom_height_tablet":{"unit":"vh","size":"60"},"background_background":"classic","background_image":{"url":"http:\/\/sitefacilitado.com.br\/membros\/wp-content\/uploads\/2020\/03\/court-prather-701623-unsplash-min.jpg","id":"6055"},"background_position":"center center","background_attachment":"fixed","background_repeat":"no-repeat","background_size":"cover","padding_tablet":{"unit":"px","top":"80","right":"20","bottom":"80","left":"20","isLinked":""},"animation":"fadeIn","structure":"20","background_overlay_background":"classic","background_overlay_color":"#f24835","background_overlay_opacity":{"unit":"px","size":"1"},"padding":{"unit":"px","top":"80","right":"0","bottom":"80","left":"0","isLinked":""},"overlay_blend_mode":"lighten","margin":{"unit":"px","top":"0","right":"0","bottom":"0","left":"0","isLinked":""},"margin_tablet":{"unit":"px","top":"0","right":"0","bottom":"0","left":"0","isLinked":""}},"elements":[{"id":"735f35b2","settings":{"_column_size":"50","_inline_size_tablet":"100","content_position":"center","margin_mobile":{"unit":"px","top":"0","right":"0","bottom":"0","left":"0","isLinked":""},"background_background":"classic","background_position":"center center","background_attachment":"fixed","background_size":"cover","background_overlay_color":"#000000","background_overlay_opacity":{"unit":"px","size":"0.21"},"border_width":{"unit":"px","top":"2","right":"2","bottom":"2","left":"0","isLinked":""},"border_color":"#f21616","margin":{"unit":"%","top":"","right":"","bottom":"","left":"","isLinked":"1"},"padding":{"unit":"%","top":"0","right":"10","bottom":"0","left":"10","isLinked":""},"background_color":"#f24835","padding_mobile":{"unit":"px","top":"40","right":"40","bottom":"40","left":"40","isLinked":"1"},"padding_tablet":{"unit":"px","top":"80","right":"40","bottom":"80","left":"40","isLinked":""}},"elements":[{"id":"687a89fe","settings":{"title":"2 burgers","align":"center","align_tablet":"center","title_color":"#ffffff","typography_typography":"custom","typography_font_family":"Yanone Kaffeesatz","typography_font_size":{"unit":"px","size":"40"},"typography_text_transform":"uppercase","_animation":"fadeIn","typography_font_size_tablet":{"unit":"px","size":"80"},"typography_font_size_mobile":{"unit":"px","size":"40"},"_margin_mobile":{"unit":"px","top":"0","right":"0","bottom":"30","left":"0","isLinked":""},"_margin":{"unit":"px","top":"0","right":"0","bottom":"-20","left":"0","isLinked":""},"header_size":"h4"},"elements":[],"isInner":false,"widgetType":"heading","elType":"widget"},{"id":"600f0675","settings":{"title":"FOR \u00a310","align":"center","align_tablet":"center","title_color":"#ffffff","typography_typography":"custom","typography_font_family":"Yanone Kaffeesatz","typography_font_size":{"unit":"px","size":"120"},"typography_text_transform":"uppercase","_animation":"fadeIn","typography_font_size_tablet":{"unit":"px","size":"80"},"typography_font_size_mobile":{"unit":"px","size":"70"},"_margin_mobile":{"unit":"px","top":"0","right":"0","bottom":"-20","left":"0","isLinked":""},"_margin":{"unit":"px","top":"0","right":"0","bottom":"0","left":"0","isLinked":""},"header_size":"h3"},"elements":[],"isInner":false,"widgetType":"heading","elType":"widget"},{"id":"68568205","settings":{"title":"Mouthwatering perfection starts with two 100% pure beef patties and best sauce sandwiched between a sesame seed bun. ","header_size":"h4","align":"center","align_tablet":"center","title_color":"#ffffff","typography_typography":"custom","typography_font_family":"Roboto","typography_font_size":{"unit":"px","size":"15"},"typography_font_weight":"400","typography_text_transform":"capitalize","typography_line_height":{"unit":"px","size":"24"},"_margin":{"unit":"px","top":"0","right":"0","bottom":"0","left":"0","isLinked":""},"_animation":"fadeIn"},"elements":[],"isInner":false,"widgetType":"heading","elType":"widget"},{"id":"8044f79","settings":{"text":"Use Now","align":"center","align_tablet":"center","typography_typography":"custom","typography_font_family":"Yanone Kaffeesatz","typography_font_size":{"unit":"px","size":"24"},"typography_font_weight":"600","typography_text_transform":"uppercase","typography_line_height":{"unit":"px","size":"20"},"typography_letter_spacing":{"unit":"px","size":"1.5"},"button_text_color":"#ffffff","background_color":"rgba(255,255,255,0)","button_background_hover_color":"#ffffff","hover_animation":"grow","border_radius":{"unit":"px","top":"0","right":"0","bottom":"0","left":"0","isLinked":"1"},"text_padding":{"unit":"px","top":"20","right":"40","bottom":"20","left":"40","isLinked":""},"_margin":{"unit":"px","top":"40","right":"0","bottom":"0","left":"0","isLinked":""},"_animation":"fadeIn","typography_font_size_mobile":{"unit":"px","size":"16"},"hover_color":"#f21616","border_border":"solid","border_width":{"unit":"px","top":"3","right":"3","bottom":"3","left":"3","isLinked":"1"},"border_color":"#ffffff"},"elements":[],"isInner":false,"widgetType":"button","elType":"widget"}],"isInner":"","elType":"column"},{"id":"2ee752da","settings":{"_column_size":"50","_inline_size_tablet":"100","background_background":"classic","background_image":{"url":"http:\/\/sitefacilitado.com.br\/membros\/wp-content\/uploads\/2020\/03\/quentin-lagache-76503-unsplash-min.jpg","id":"6064"},"background_size":"cover","background_overlay_background":"classic","background_overlay_color":"#142130","padding":{"unit":"px","top":"80","right":"80","bottom":"80","left":"80","isLinked":""},"padding_mobile":{"unit":"px","top":"50","right":"30","bottom":"50","left":"30","isLinked":""},"background_attachment":"fixed","background_position":"center right"},"elements":[{"id":"69e7fc36","settings":{"text":"Special offer","align":"center","align_tablet":"center","typography_typography":"custom","typography_font_family":"Yanone Kaffeesatz","typography_font_size":{"unit":"px","size":"16"},"typography_font_weight":"600","typography_text_transform":"uppercase","typography_line_height":{"unit":"px","size":""},"typography_letter_spacing":{"unit":"px","size":"1.5"},"button_text_color":"#ffffff","background_color":"rgba(125,31,31,0)","button_background_hover_color":"#f24835","border_border":"solid","border_width":{"unit":"px","top":"2","right":"2","bottom":"2","left":"2","isLinked":"1"},"border_color":"#f24835","border_radius":{"unit":"px","top":"0","right":"0","bottom":"0","left":"0","isLinked":"1"},"text_padding":{"unit":"px","top":"08","right":"14","bottom":"6","left":"14","isLinked":""},"_margin":{"unit":"px","top":"0","right":"0","bottom":"40","left":"0","isLinked":""},"_animation":"fadeIn"},"elements":[],"isInner":false,"widgetType":"button","elType":"widget"},{"id":"7bd47480","settings":{"title":"Our new <br>seasonal menu","align":"center","align_tablet":"center","title_color":"#ffffff","typography_typography":"custom","typography_font_family":"Yanone Kaffeesatz","typography_font_size":{"unit":"px","size":"60"},"typography_text_transform":"uppercase","_animation":"fadeIn","typography_font_size_tablet":{"unit":"px","size":"80"},"typography_font_size_mobile":{"unit":"px","size":"40"},"_margin_mobile":{"unit":"px","top":"0","right":"0","bottom":"30","left":"0","isLinked":""},"_margin":{"unit":"px","top":"0","right":"0","bottom":"30","left":"0","isLinked":""}},"elements":[],"isInner":false,"widgetType":"heading","elType":"widget"},{"id":"8ea3e2d","settings":{"title":"Mouthwatering perfection starts with two 100% pure beef patties and best sauce sandwiched between a sesame seed bun. ","header_size":"h4","align":"center","align_tablet":"center","title_color":"#ffffff","typography_typography":"custom","typography_font_family":"Roboto","typography_font_size":{"unit":"px","size":"15"},"typography_font_weight":"400","typography_text_transform":"capitalize","typography_line_height":{"unit":"px","size":"24"},"_margin":{"unit":"px","top":"-20","right":"0","bottom":"0","left":"0","isLinked":""},"_animation":"fadeIn"},"elements":[],"isInner":false,"widgetType":"heading","elType":"widget"},{"id":"30759c67","settings":{"text":"See now","align":"center","align_tablet":"center","typography_typography":"custom","typography_font_family":"Yanone Kaffeesatz","typography_font_size":{"unit":"px","size":"24"},"typography_font_weight":"600","typography_text_transform":"uppercase","typography_line_height":{"unit":"px","size":"20"},"typography_letter_spacing":{"unit":"px","size":"1.5"},"button_text_color":"#ffffff","background_color":"#f24835","button_background_hover_color":"rgba(242,0,0,0.86)","hover_animation":"grow","border_radius":{"unit":"px","top":"0","right":"0","bottom":"0","left":"0","isLinked":"1"},"text_padding":{"unit":"px","top":"20","right":"40","bottom":"20","left":"40","isLinked":""},"_margin":{"unit":"px","top":"40","right":"0","bottom":"0","left":"0","isLinked":""},"_animation":"fadeIn","typography_font_size_mobile":{"unit":"px","size":"16"}},"elements":[],"isInner":false,"widgetType":"button","elType":"widget"}],"isInner":"","elType":"column"}],"isInner":"","elType":"section"},{"id":"4bb27b5","settings":{"stretch_section":"section-stretched","background_color":"#f24835","padding":{"unit":"em","top":"","right":"","bottom":"","left":"","isLinked":""},"padding_tablet":{"unit":"px","top":"0","right":"0","bottom":"0","left":"0","isLinked":""},"layout":"full_width","_element_id":"event_list","background_background":"classic"},"elements":[{"id":"2681b0c1","settings":{"_column_size":"100","_inline_size_tablet":"100","margin_tablet":{"unit":"px","top":"0","right":"0","bottom":"0","left":"0","isLinked":""},"animation":"fadeIn","background_color":"#f21616","padding":{"unit":"px","top":"80","right":"0","bottom":"80","left":"0","isLinked":""},"padding_mobile":{"unit":"px","top":"60","right":"20","bottom":"60","left":"20","isLinked":""}},"elements":[{"id":"54aa9745","settings":{"title":"We will be <br>glad to see you!\n","align":"center","align_tablet":"center","title_color":"#ffffff","typography_typography":"custom","typography_font_family":"Yanone Kaffeesatz","typography_font_size":{"unit":"px","size":"60"},"typography_text_transform":"uppercase","typography_letter_spacing":{"unit":"px","size":"1.5"},"_animation":"fadeIn","typography_font_size_mobile":{"unit":"px","size":"40"}},"elements":[],"isInner":false,"widgetType":"heading","elType":"widget"},{"id":"5315e325","settings":{"title":"Lorem ipsum dolor sit amet, vim nonobis comprehensam,<br>  te vero liberavisse comprehensam nec. Dicunt<br>  molestie pri ei, mei te erat fastidii.","header_size":"h4","align":"center","align_tablet":"center","title_color":"#ffffff","typography_typography":"custom","typography_font_family":"Roboto","typography_font_size":{"unit":"px","size":"15"},"typography_font_weight":"400","typography_text_transform":"capitalize","typography_line_height":{"unit":"px","size":"24"},"_margin":{"unit":"px","top":"-10","right":"0","bottom":"0","left":"0","isLinked":""},"_animation":"fadeIn"},"elements":[],"isInner":false,"widgetType":"heading","elType":"widget"},{"id":"45ffa60f","settings":{"structure":"30","margin":{"unit":"px","top":"40","right":"0","bottom":"0","left":"0","isLinked":""}},"elements":[{"id":"8ba1ea5","settings":{"_column_size":"33","_inline_size_tablet":"100","animation":"fadeIn","padding":{"unit":"px","top":"0","right":"30","bottom":"0","left":"30","isLinked":""}},"elements":[{"id":"41437a34","settings":{"ending_number":"22","duration":"","title":"November","number_color":"#ffffff","typography_number_typography":"custom","typography_number_font_family":"Yanone Kaffeesatz","typography_number_font_size":{"unit":"px","size":"50"},"typography_number_line_height":{"unit":"px","size":"10"},"title_color":"#ffffff","typography_title_typography":"custom","typography_title_font_family":"Yanone Kaffeesatz","typography_title_font_size":{"unit":"px","size":"20"},"typography_title_text_transform":"uppercase","_margin":{"unit":"px","top":"0","right":"0","bottom":"-46","left":"0","isLinked":""},"_padding":{"unit":"%","top":"","right":"","bottom":"","left":"","isLinked":"1"},"_z_index":"2","_background_color":"#f21616"},"elements":[],"isInner":false,"widgetType":"counter","elType":"widget"},{"id":"4cab61ee","settings":{"image":{"url":"http:\/\/sitefacilitado.com.br\/membros\/wp-content\/uploads\/2020\/03\/alora-griffiths-980713-unsplash-2.jpg","id":"6063"},"image_size":"custom","image_custom_dimension":{"width":"300","height":"300"},"image_border_radius":{"unit":"%","top":"50","right":"50","bottom":"50","left":"50","isLinked":"1"}},"elements":[],"isInner":false,"widgetType":"image","elType":"widget"},{"id":"1153fcd8","settings":{"title":"LIVE SPORTS DAY \u2013 BOXING","align":"center","align_tablet":"center","title_color":"#ffffff","typography_typography":"custom","typography_font_family":"Yanone Kaffeesatz","typography_font_size":{"unit":"px","size":"30"},"typography_text_transform":"uppercase","typography_letter_spacing":{"unit":"px","size":"1.5"},"_animation":"fadeIn","typography_font_size_mobile":{"unit":"px","size":"20"},"header_size":"h4","_margin":{"unit":"px","top":"30","right":"0","bottom":"0","left":"0","isLinked":""},"_border_width":{"unit":"px","top":"0","right":"0","bottom":"1","left":"0","isLinked":""},"_border_color":"eee"},"elements":[],"isInner":false,"widgetType":"heading","elType":"widget"},{"id":"7408c570","settings":{"text":"Book a Table","align":"center","align_tablet":"center","typography_typography":"custom","typography_font_family":"Yanone Kaffeesatz","typography_font_size":{"unit":"px","size":"18"},"typography_font_weight":"600","typography_text_transform":"uppercase","typography_line_height":{"unit":"px","size":"20"},"typography_letter_spacing":{"unit":"px","size":"1.5"},"button_text_color":"#ffffff","background_color":"rgba(242,22,22,0)","button_background_hover_color":"#ffffff","border_radius":{"unit":"px","top":"0","right":"0","bottom":"0","left":"0","isLinked":"1"},"text_padding":{"unit":"px","top":"10","right":"15","bottom":"10","left":"15","isLinked":""},"_margin":{"unit":"px","top":"0","right":"0","bottom":"0","left":"0","isLinked":""},"_animation":"fadeIn","typography_font_size_mobile":{"unit":"px","size":"16"},"hover_color":"#f21616","border_border":"solid","border_width":{"unit":"px","top":"2","right":"2","bottom":"2","left":"2","isLinked":"1"},"border_color":"#ffffff"},"elements":[],"isInner":false,"widgetType":"button","elType":"widget"}],"isInner":"1","elType":"column"},{"id":"10ddffc5","settings":{"_column_size":"33","_inline_size_tablet":"100","animation":"fadeIn","padding":{"unit":"px","top":"0","right":"30","bottom":"0","left":"30","isLinked":""},"margin_tablet":{"unit":"px","top":"60","right":"0","bottom":"0","left":"0","isLinked":""}},"elements":[{"id":"26e089da","settings":{"ending_number":"24","duration":"","title":"November","number_color":"#ffffff","typography_number_typography":"custom","typography_number_font_family":"Yanone Kaffeesatz","typography_number_font_size":{"unit":"px","size":"50"},"typography_number_line_height":{"unit":"px","size":"10"},"title_color":"#ffffff","typography_title_typography":"custom","typography_title_font_family":"Yanone Kaffeesatz","typography_title_font_size":{"unit":"px","size":"20"},"typography_title_text_transform":"uppercase","_margin":{"unit":"px","top":"0","right":"0","bottom":"-46","left":"0","isLinked":""},"_padding":{"unit":"%","top":"","right":"","bottom":"","left":"","isLinked":"1"},"_z_index":"2","_background_color":"#f21616"},"elements":[],"isInner":false,"widgetType":"counter","elType":"widget"},{"id":"6d7bb735","settings":{"image":{"url":"http:\/\/sitefacilitado.com.br\/membros\/wp-content\/uploads\/2020\/03\/nick-clement-199768-unsplash-min.jpg","id":"6043"},"image_size":"custom","image_custom_dimension":{"width":"300","height":"300"},"image_border_radius":{"unit":"%","top":"50","right":"50","bottom":"50","left":"50","isLinked":"1"}},"elements":[],"isInner":false,"widgetType":"image","elType":"widget"},{"id":"30cb2796","settings":{"title":"POP MUSIC MIX NIGHT","align":"center","align_tablet":"center","title_color":"#ffffff","typography_typography":"custom","typography_font_family":"Yanone Kaffeesatz","typography_font_size":{"unit":"px","size":"30"},"typography_text_transform":"uppercase","typography_letter_spacing":{"unit":"px","size":"1.5"},"_animation":"fadeIn","typography_font_size_mobile":{"unit":"px","size":"20"},"header_size":"h4","_margin":{"unit":"px","top":"30","right":"0","bottom":"0","left":"0","isLinked":""},"_border_width":{"unit":"px","top":"0","right":"0","bottom":"1","left":"0","isLinked":""},"_border_color":"eee"},"elements":[],"isInner":false,"widgetType":"heading","elType":"widget"},{"id":"16cca852","settings":{"text":"Book a Table","align":"center","align_tablet":"center","typography_typography":"custom","typography_font_family":"Yanone Kaffeesatz","typography_font_size":{"unit":"px","size":"18"},"typography_font_weight":"600","typography_text_transform":"uppercase","typography_line_height":{"unit":"px","size":"20"},"typography_letter_spacing":{"unit":"px","size":"1.5"},"button_text_color":"#ffffff","background_color":"rgba(242,22,22,0)","button_background_hover_color":"#ffffff","border_radius":{"unit":"px","top":"0","right":"0","bottom":"0","left":"0","isLinked":"1"},"text_padding":{"unit":"px","top":"10","right":"15","bottom":"10","left":"15","isLinked":""},"_margin":{"unit":"px","top":"0","right":"0","bottom":"0","left":"0","isLinked":""},"_animation":"fadeIn","typography_font_size_mobile":{"unit":"px","size":"16"},"hover_color":"#f21616","border_border":"solid","border_width":{"unit":"px","top":"2","right":"2","bottom":"2","left":"2","isLinked":"1"},"border_color":"#ffffff"},"elements":[],"isInner":false,"widgetType":"button","elType":"widget"}],"isInner":"1","elType":"column"},{"id":"35dead69","settings":{"_column_size":"33","_inline_size_tablet":"100","animation":"fadeIn","padding":{"unit":"px","top":"0","right":"30","bottom":"0","left":"30","isLinked":""},"margin_tablet":{"unit":"px","top":"60","right":"0","bottom":"0","left":"0","isLinked":""}},"elements":[{"id":"22c6e49c","settings":{"ending_number":"27","duration":"","title":"November","number_color":"#ffffff","typography_number_typography":"custom","typography_number_font_family":"Yanone Kaffeesatz","typography_number_font_size":{"unit":"px","size":"50"},"typography_number_line_height":{"unit":"px","size":"10"},"title_color":"#ffffff","typography_title_typography":"custom","typography_title_font_family":"Yanone Kaffeesatz","typography_title_font_size":{"unit":"px","size":"20"},"typography_title_text_transform":"uppercase","_margin":{"unit":"px","top":"0","right":"0","bottom":"-46","left":"0","isLinked":""},"_padding":{"unit":"%","top":"","right":"","bottom":"","left":"","isLinked":"1"},"_z_index":"2","_background_color":"#f21616"},"elements":[],"isInner":false,"widgetType":"counter","elType":"widget"},{"id":"68a5daa4","settings":{"image":{"url":"http:\/\/sitefacilitado.com.br\/membros\/wp-content\/uploads\/2020\/03\/madelon-1056456-unsplash-min.jpg","id":"6069"},"image_size":"custom","image_custom_dimension":{"width":"300","height":"300"},"image_border_radius":{"unit":"%","top":"50","right":"50","bottom":"50","left":"50","isLinked":"1"}},"elements":[],"isInner":false,"widgetType":"image","elType":"widget"},{"id":"50d52a8b","settings":{"title":"RIB N RIB MONDAY NIGHTS","align":"center","align_tablet":"center","title_color":"#ffffff","typography_typography":"custom","typography_font_family":"Yanone Kaffeesatz","typography_font_size":{"unit":"px","size":"30"},"typography_text_transform":"uppercase","typography_letter_spacing":{"unit":"px","size":"1.5"},"_animation":"fadeIn","typography_font_size_mobile":{"unit":"px","size":"20"},"header_size":"h4","_margin":{"unit":"px","top":"30","right":"0","bottom":"0","left":"0","isLinked":""},"_border_width":{"unit":"px","top":"0","right":"0","bottom":"1","left":"0","isLinked":""},"_border_color":"eee"},"elements":[],"isInner":false,"widgetType":"heading","elType":"widget"},{"id":"5313cbeb","settings":{"text":"Book a Table","align":"center","align_tablet":"center","typography_typography":"custom","typography_font_family":"Yanone Kaffeesatz","typography_font_size":{"unit":"px","size":"18"},"typography_font_weight":"600","typography_text_transform":"uppercase","typography_line_height":{"unit":"px","size":"20"},"typography_letter_spacing":{"unit":"px","size":"1.5"},"button_text_color":"#ffffff","background_color":"rgba(242,22,22,0)","button_background_hover_color":"#ffffff","border_radius":{"unit":"px","top":"0","right":"0","bottom":"0","left":"0","isLinked":"1"},"text_padding":{"unit":"px","top":"10","right":"15","bottom":"10","left":"15","isLinked":""},"_margin":{"unit":"px","top":"0","right":"0","bottom":"0","left":"0","isLinked":""},"_animation":"fadeIn","typography_font_size_mobile":{"unit":"px","size":"16"},"hover_color":"#f21616","border_border":"solid","border_width":{"unit":"px","top":"2","right":"2","bottom":"2","left":"2","isLinked":"1"},"border_color":"#ffffff"},"elements":[],"isInner":false,"widgetType":"button","elType":"widget"}],"isInner":"1","elType":"column"}],"isInner":"1","elType":"section"}],"isInner":"","elType":"column"}],"isInner":"","elType":"section"},{"id":"60e216e9","settings":{"structure":"20","border_width":{"unit":"px","top":"0","right":"0","bottom":"1","left":"0","isLinked":""},"border_color":"#eeeeee","padding":{"unit":"px","top":"50","right":"0","bottom":"50","left":"0","isLinked":""},"padding_tablet":{"unit":"px","top":"50","right":"20","bottom":"50","left":"20","isLinked":""}},"elements":[{"id":"665d5ad5","settings":{"_column_size":"50","_inline_size_tablet":"100","padding":{"unit":"em","top":"1","right":"1","bottom":"1","left":"1","isLinked":"1"}},"elements":[{"id":"1031fc16","settings":{"title":"Stay Connected","header_size":"h4","align":"left","align_tablet":"center","title_color":"#000000","typography_typography":"custom","typography_font_family":"Yanone Kaffeesatz","typography_font_size":{"unit":"px","size":"40"},"typography_text_transform":"uppercase","typography_letter_spacing":{"unit":"px","size":"1.5"},"_animation":"fadeIn"},"elements":[],"isInner":false,"widgetType":"heading","elType":"widget"},{"id":"6ba242b1","settings":{"title":"Lorem ipsum dolor sit amet, vim no nobis comprehensam, te vero liberavisse comprehensam nec. Dicunt molestie pri ei, mei te erat fastidii.","header_size":"h4","align":"left","align_tablet":"center","title_color":"#757575","typography_typography":"custom","typography_font_family":"Roboto","typography_font_size":{"unit":"px","size":"15"},"typography_font_weight":"400","typography_text_transform":"capitalize","typography_line_height":{"unit":"px","size":"24"},"_margin":{"unit":"px","top":"-10","right":"0","bottom":"0","left":"0","isLinked":""},"_animation":"fadeIn"},"elements":[],"isInner":false,"widgetType":"heading","elType":"widget"},{"id":"5b384f35","settings":{"social_icon_list":[{"social":"fa fa-facebook","_id":"d8e3c37","link":{"url":"","is_external":"true","nofollow":""},"social_icon":{"value":"fab fa-wordpress","library":"fa-brands"},"item_icon_color":"default","item_icon_primary_color":"","item_icon_secondary_color":""},{"social":"fa fa-twitter","_id":"5e8818d","link":{"url":"","is_external":"true","nofollow":""},"social_icon":{"value":"fab fa-wordpress","library":"fa-brands"},"item_icon_color":"default","item_icon_primary_color":"","item_icon_secondary_color":""},{"social":"fa fa-google-plus","_id":"903d7b6","link":{"url":"","is_external":"true","nofollow":""},"social_icon":{"value":"fab fa-wordpress","library":"fa-brands"},"item_icon_color":"default","item_icon_primary_color":"","item_icon_secondary_color":""}],"shape":"circle","align":"left","align_tablet":"center","icon_color":"custom","icon_primary_color":"#f24835","icon_secondary_color":"#ffffff","icon_size":{"unit":"px","size":"14"},"icon_padding":{"unit":"em","size":"0.7"},"icon_spacing":{"unit":"px","size":"12"},"_animation":"fadeIn"},"elements":[],"isInner":false,"widgetType":"social-icons","elType":"widget"}],"isInner":"","elType":"column"},{"id":"17849d4","settings":{"_column_size":"50","_inline_size_tablet":"100","margin_tablet":{"unit":"px","top":"20","right":"0","bottom":"0","left":"0","isLinked":""}},"elements":[{"id":"40de42c4","settings":{"title":"Get our App","header_size":"h5","align":"center","title_color":"#000000","typography_typography":"custom","typography_font_family":"Yanone Kaffeesatz","typography_font_size":{"unit":"px","size":"20"},"typography_text_transform":"uppercase","typography_letter_spacing":{"unit":"px","size":"1.5"},"_margin":{"unit":"px","top":"08","right":"0","bottom":"0","left":"0","isLinked":""},"_animation":"fadeIn"},"elements":[],"isInner":false,"widgetType":"heading","elType":"widget"},{"id":"721de811","settings":{"structure":"20"},"elements":[{"id":"7fd9017d","settings":{"_column_size":"50"},"elements":[{"id":"4d18d9b7","settings":{"image":{"url":"http:\/\/sitefacilitado.com.br\/membros\/wp-content\/uploads\/2020\/03\/app-store-icon.jpg","id":"6057"},"image_size":"custom","image_custom_dimension":{"width":"120","height":""},"align":"right","link_to":"custom","link":{"url":"#","is_external":"","nofollow":""},"_animation":"fadeIn","align_mobile":"center"},"elements":[],"isInner":false,"widgetType":"image","elType":"widget"}],"isInner":"1","elType":"column"},{"id":"47eff2a5","settings":{"_column_size":"50"},"elements":[{"id":"769ba47a","settings":{"image":{"url":"http:\/\/sitefacilitado.com.br\/membros\/wp-content\/uploads\/2020\/03\/google-play-icon.jpg","id":"6058"},"image_size":"custom","image_custom_dimension":{"width":"120","height":""},"align":"left","link_to":"custom","link":{"url":"#","is_external":"","nofollow":""},"_animation":"fadeIn","align_mobile":"center"},"elements":[],"isInner":false,"widgetType":"image","elType":"widget"}],"isInner":"1","elType":"column"}],"isInner":"1","elType":"section"}],"isInner":"","elType":"column"}],"isInner":"","elType":"section"},{"id":"42e5a37e","settings":{"structure":"20","background_color":"#f21616","padding":{"unit":"em","top":"","right":"","bottom":"","left":"","isLinked":""},"padding_tablet":{"unit":"px","top":"0","right":"0","bottom":"0","left":"0","isLinked":""}},"elements":[{"id":"6c93c943","settings":{"_column_size":"50","_inline_size_tablet":"100","background_color":"#ffffff","border_width":{"unit":"px","top":"40","right":"40","bottom":"0","left":"40","isLinked":""},"border_color":"#f21616","padding":{"unit":"px","top":"60","right":"60","bottom":"60","left":"60","isLinked":""},"padding_mobile":{"unit":"px","top":"60","right":"20","bottom":"60","left":"20","isLinked":""},"background_background":"classic","box_shadow_box_shadow_type":"yes","box_shadow_box_shadow":{"horizontal":"-10","vertical":"20","blur":"63","spread":"0","color":"rgba(0,0,0,0.18)"},"margin":{"unit":"px","top":"0","right":"0","bottom":"-400","left":"0","isLinked":""},"z_index":"2"},"elements":[{"id":"4095b250","settings":{"title":"Send Us A Message<br> or any question","header_size":"h3","align":"left","align_tablet":"center","title_color":"#000000","typography_typography":"custom","typography_font_family":"Yanone Kaffeesatz","typography_font_size":{"unit":"px","size":"50"},"typography_text_transform":"uppercase","_animation":"fadeIn","typography_font_size_tablet":{"unit":"px","size":"70"},"typography_font_size_mobile":{"unit":"px","size":"50"},"_padding":{"unit":"px","top":"0","right":"0","bottom":"0","left":"0","isLinked":""}},"elements":[],"isInner":false,"widgetType":"heading","elType":"widget"},{"id":"24525e88","settings":{"title":"Lorem ipsum dolor sit amet, vim no nobis comprehensam, te vero liberavisse comprehensam nec.","header_size":"h4","align":"left","align_tablet":"center","title_color":"#757575","typography_typography":"custom","typography_font_family":"Roboto","typography_font_size":{"unit":"px","size":"15"},"typography_font_weight":"400","typography_line_height":{"unit":"px","size":"24"},"_margin":{"unit":"px","top":"-10","right":"0","bottom":"0","left":"0","isLinked":""},"_animation":"fadeIn"},"elements":[],"isInner":false,"widgetType":"heading","elType":"widget"},{"id":"2cc8462c","settings":{"form_name":"New Form","form_fields":[{"_id":"name","field_type":"text","field_label":"","placeholder":"Your Name","width":"100","field_value":"","required":"","min_date":"","max_date":"","field_options":"","allow_multiple":"","select_size":"","inline_list":"","field_html":"","width_tablet":"","width_mobile":"","rows":"4","recaptcha_size":"normal","recaptcha_style":"light","css_classes":"","custom_id":"name","recaptcha_badge":"bottomright"},{"_id":"email","field_type":"email","required":"true","field_label":"","placeholder":"Your Email","width":"100","field_value":"","min_date":"","max_date":"","field_options":"","allow_multiple":"","select_size":"","inline_list":"","field_html":"","width_tablet":"","width_mobile":"","rows":"4","recaptcha_size":"normal","recaptcha_style":"light","css_classes":"","custom_id":"email","recaptcha_badge":"bottomright"},{"_id":"message","field_type":"textarea","field_label":"","placeholder":"Message","width":"100","field_value":"","required":"","min_date":"","max_date":"","field_options":"","allow_multiple":"","select_size":"","inline_list":"","field_html":"","width_tablet":"","width_mobile":"","rows":"2","recaptcha_size":"normal","recaptcha_style":"light","css_classes":"","custom_id":"message","recaptcha_badge":"bottomright"}],"button_text":"Send","button_align":"start","email_content":"[all-fields]","email_content_2":"[all-fields]","success_message":"The form was sent successfully.","error_message":"An error occured.","required_field_message":"This field is required.","invalid_message":"There's something wrong. The form is invalid.","row_gap":{"unit":"px","size":"18"},"label_color":"#000000","field_text_color":"#000000","field_typography_typography":"custom","field_typography_font_family":"Yanone Kaffeesatz","field_typography_font_size":{"unit":"px","size":"16"},"field_typography_font_weight":"400","field_typography_line_height":{"unit":"px","size":"30"},"field_border_color":"#f24835","field_border_width":{"unit":"px","top":"4","right":"4","bottom":"4","left":"4","isLinked":"1"},"field_border_radius":{"unit":"px","top":"0","right":"0","bottom":"0","left":"0","isLinked":"1"},"button_background_color":"#f24835","button_typography_typography":"custom","button_typography_font_family":"Yanone Kaffeesatz","button_typography_font_size":{"unit":"px","size":"20"},"button_typography_text_transform":"uppercase","button_border_radius":{"unit":"px","top":"0","right":"0","bottom":"0","left":"0","isLinked":"1"},"button_text_padding":{"unit":"px","top":"14","right":"40","bottom":"14","left":"40","isLinked":""},"button_hover_animation":"grow","_margin":{"unit":"px","top":"0","right":"0","bottom":"0","left":"0","isLinked":""}},"elements":[],"isInner":false,"widgetType":"form","elType":"widget"}],"isInner":"","elType":"column"},{"id":"5989c51b","settings":{"_column_size":"50"},"elements":[{"id":"20cabcac","settings":{"editor":""},"elements":[],"isInner":false,"widgetType":"text-editor","elType":"widget"}],"isInner":"","elType":"column"}],"isInner":"","elType":"section"},{"id":"1743367a","settings":{"border_border":"solid","border_width":{"unit":"px","top":"0","right":"0","bottom":"1","left":"0","isLinked":""},"border_color":"#eeeeee","padding":{"unit":"em","top":"0","right":"0","bottom":"0","left":"0","isLinked":""},"padding_tablet":{"unit":"em","top":"","right":"","bottom":"","left":"","isLinked":""},"layout":"full_width"},"elements":[{"id":"30a6c7d4","settings":{"_column_size":"100","margin":{"unit":"px","top":"0","right":"0","bottom":"0","left":"0","isLinked":""},"padding":{"unit":"px","top":"0","right":"0","bottom":"0","left":"0","isLinked":""}},"elements":[{"id":"630fe74","settings":{"address":"Victoria 8007 Australia","height":{"unit":"px","size":"500"},"css_filters_css_filter":"custom","css_filters_saturate":{"unit":"px","size":"0"}},"elements":[],"isInner":false,"widgetType":"google_maps","elType":"widget"}],"isInner":"","elType":"column"}],"isInner":"","elType":"section"}]}