{"content":[{"id":"45657267","settings":{"height":"min-height","background_background":"classic","background_color":"#ffffff","padding":{"unit":"%","top":"5","right":"0","bottom":"0","left":"0","isLinked":false},"structure":"20","background_image":{"id":"3823","url":"https:\/\/cliente.shazamlnv.com\/setasolar\/wp-content\/uploads\/2022\/04\/redd-angelo-85067-unsplash.jpg"},"background_position":"top center","background_attachment":"fixed","background_repeat":"no-repeat","background_size":"contain","background_overlay_background":"classic","background_overlay_color":"#ffffff","background_overlay_opacity":{"unit":"px","size":0.83999999999999996891375531049561686813831329345703125},"css_filters_css_filter":"custom","padding_tablet":{"unit":"px","top":"40","right":"0","bottom":"40","left":"0","isLinked":false},"custom_height":{"unit":"vh","size":55,"sizes":[]}},"elements":[{"id":"336c484c","settings":{"_column_size":50,"_inline_size":44.25699999999999789679350215010344982147216796875},"elements":[{"id":"25bf13ee","settings":{"image":{"id":"3824","url":"https:\/\/cliente.shazamlnv.com\/setasolar\/wp-content\/uploads\/2022\/04\/mob2.png"},"width":{"unit":"%","size":77},"_margin":{"unit":"px","top":"0","right":"0","bottom":"-104","left":"0","isLinked":false},"css_filters_brightness":{"unit":"px","size":99},"css_filters_contrast":{"unit":"px","size":106},"css_filters_saturate":{"unit":"px","size":95}},"elements":[],"isInner":false,"widgetType":"image","elType":"widget"}],"isInner":false,"elType":"column"},{"id":"16f076f9","settings":{"_column_size":50,"_inline_size":55.74300000000000210320649784989655017852783203125,"content_position":"top","padding":{"unit":"%","top":"25","right":"0","bottom":"0","left":"0","isLinked":false},"padding_mobile":{"unit":"px","top":"50","right":"0","bottom":"120","left":"30","isLinked":false}},"elements":[{"id":"2ba8ac18","settings":{"title":"Shopping has never been<br> so easy!","size":"xl","align":"left","title_color":"#0c0c0c","typography_typography":"custom","typography_line_height":{"unit":"em","size":1.1999999999999999555910790149937383830547332763671875},"typography_letter_spacing":{"unit":"px","size":-1},"typography_font_size_mobile":{"unit":"px","size":32},"typography_font_family":"Montserrat","typography_font_size":{"unit":"rem","size":4.29999999999999982236431605997495353221893310546875},"header_size":"h1"},"elements":[],"isInner":false,"widgetType":"heading","elType":"widget"},{"id":"5ea56309","settings":{"editor":"<p>Join our 10,000+ community - share and know what products are really worth buying!<\/p>","align":"left","typography_typography":"custom","typography_line_height":{"unit":"em","size":1.8000000000000000444089209850062616169452667236328125},"_margin":{"unit":"%","top":"0","right":"30","bottom":"0","left":"0","isLinked":false},"text_color":"#0c0c0c","typography_font_family":"Muli","typography_font_size":{"unit":"rem","size":1.1999999999999999555910790149937383830547332763671875}},"elements":[],"isInner":false,"widgetType":"text-editor","elType":"widget"},{"id":"3259cf2c","settings":{"gap":"narrow","structure":"20","background_background":"classic","margin":{"unit":"px","top":"40","right":0,"bottom":"0","left":0,"isLinked":false},"margin_tablet":{"unit":"px","top":"0","right":0,"bottom":"0","left":0,"isLinked":true}},"elements":[{"id":"53f08e68","settings":{"_column_size":50,"_inline_size":27.708999999999999630517777404747903347015380859375,"_inline_size_mobile":50},"elements":[{"id":"7ab57cc3","settings":{"image":{"id":"3825","url":"https:\/\/cliente.shazamlnv.com\/setasolar\/wp-content\/uploads\/2022\/04\/badge_new.png"},"align":"left","link_to":"custom","link":{"url":"#","is_external":"","nofollow":""},"width":{"unit":"%","size":98,"sizes":[]},"_element_width":"initial","_element_custom_width":{"unit":"px","size":155,"sizes":[]}},"elements":[],"isInner":false,"widgetType":"image","elType":"widget"}],"isInner":true,"elType":"column"},{"id":"3eb5310d","settings":{"_column_size":50,"_inline_size":72.29099999999999681676854379475116729736328125,"_inline_size_mobile":50},"elements":[{"id":"707ff473","settings":{"image":{"id":"3826","url":"https:\/\/cliente.shazamlnv.com\/setasolar\/wp-content\/uploads\/2022\/04\/badge-download-on-the-app-store.png"},"align":"left","link_to":"custom","link":{"url":"#","is_external":"","nofollow":""},"width":{"unit":"%","size":100,"sizes":[]},"image_size":"full","_element_width":"initial","_element_custom_width":{"unit":"px","size":155,"sizes":[]}},"elements":[],"isInner":false,"widgetType":"image","elType":"widget"}],"isInner":true,"elType":"column"}],"isInner":true,"elType":"section"}],"isInner":false,"elType":"column"}],"isInner":false,"elType":"section"},{"id":"33af82d4","settings":{"height":"min-height","background_background":"classic","background_color":"#ffffff","padding":{"unit":"%","top":"0","right":"0","bottom":"0","left":"0","isLinked":false},"structure":"20","background_image":{"id":"3827","url":"https:\/\/cliente.shazamlnv.com\/setasolar\/wp-content\/uploads\/2022\/04\/girl.jpg"},"background_position":"center center","background_attachment":"fixed","background_repeat":"no-repeat","background_size":"cover","background_overlay_background":"classic","background_overlay_color":"#ffffff","background_overlay_opacity":{"unit":"px","size":0},"css_filters_css_filter":"custom","custom_height":{"unit":"px","size":600},"margin":{"unit":"px","top":"0","right":0,"bottom":"0","left":0,"isLinked":false},"layout":"full_width","column_position":"stretch","content_position":"middle"},"elements":[{"id":"167ba25e","settings":{"_column_size":50,"_inline_size":44.25699999999999789679350215010344982147216796875,"padding":{"unit":"em","top":"4","right":"4","bottom":"4","left":"8","isLinked":false}},"elements":[{"id":"210c4ebf","settings":{"weight":{"unit":"px","size":2},"width":{"unit":"%","size":32},"_margin":{"unit":"px","top":"0","right":"0","bottom":"30","left":"0","isLinked":false},"color":"#ffffff","text":"Divider"},"elements":[],"isInner":false,"widgetType":"divider","elType":"widget"},{"id":"6a8cb953","settings":{"title":"Know ","size":"xxl","align":"left","title_color":"#ffffff","typography_typography":"custom","typography_line_height":{"unit":"em","size":1.1999999999999999555910790149937383830547332763671875},"_margin":{"unit":"%","top":"0","right":"20","bottom":"0","left":"0","isLinked":false},"typography_font_family":"Montserrat"},"elements":[],"isInner":false,"widgetType":"heading","elType":"widget"},{"id":"787f90cb","settings":{"title":"What is worth buying.","size":"xl","align":"left","title_color":"#ffffff","typography_typography":"custom","typography_line_height":{"unit":"em","size":1.1999999999999999555910790149937383830547332763671875},"_margin":{"unit":"%","top":"0","right":"20","bottom":"0","left":"0","isLinked":false},"header_size":"h3","typography_font_weight":"200","typography_font_family":"Montserrat","typography_text_transform":"capitalize"},"elements":[],"isInner":false,"widgetType":"heading","elType":"widget"},{"id":"5b984866","settings":{"editor":"<p>Luctus nec ullamcorper mattis. Lorem ipsum dolor sit amet, consectetur adipiscing elit. Ut elit tellus, luctus nec ullamcorper mattis, pulvinar dapibus leo.<\/p>","align":"left","text_color":"#ffffff","typography_typography":"custom","typography_line_height":{"unit":"em","size":1.8000000000000000444089209850062616169452667236328125},"_margin":{"unit":"px","top":"10","right":"0","bottom":"0","left":"0","isLinked":false},"typography_font_family":"Muli","typography_font_size":{"unit":"rem","size":1.1999999999999999555910790149937383830547332763671875}},"elements":[],"isInner":false,"widgetType":"text-editor","elType":"widget"}],"isInner":false,"elType":"column"},{"id":"6bcd2804","settings":{"_column_size":50,"_inline_size":55.74300000000000210320649784989655017852783203125,"content_position":"center"},"elements":[],"isInner":false,"elType":"column"}],"isInner":false,"elType":"section"},{"id":"5720446","settings":{"height":"min-height","padding":{"unit":"em","top":"2","right":"0","bottom":"2","left":"0","isLinked":false},"custom_height":{"unit":"px","size":800},"column_position":"stretch","structure":"20","background_position":"bottom right","background_attachment":"fixed","background_repeat":"no-repeat","background_size":"contain","background_overlay_background":"classic","background_overlay_color":"#ffffff","background_overlay_opacity":{"unit":"px","size":0.89000000000000001332267629550187848508358001708984375},"gap":"wider","background_background":"classic","overlay_blend_mode":"screen","content_width":{"unit":"px","size":1600,"sizes":[]},"background_image":{"id":"3828","url":"https:\/\/cliente.shazamlnv.com\/setasolar\/wp-content\/uploads\/2022\/04\/map.png"}},"elements":[{"id":"77a9e109","settings":{"_column_size":50,"_inline_size":49.36800000000000210320649784989655017852783203125,"content_position":"center"},"elements":[{"id":"2d6c9dc1","settings":{"structure":"20"},"elements":[{"id":"64a67c","settings":{"_column_size":50,"_inline_size":41.60199999999999675992512493394315242767333984375,"_inline_size_mobile":50},"elements":[{"id":"668ecb00","settings":{"image":{"id":"3829","url":"https:\/\/cliente.shazamlnv.com\/setasolar\/wp-content\/uploads\/2022\/04\/mobile2-prev.jpg"},"image_box_shadow_box_shadow_type":"yes","image_box_shadow_box_shadow":{"horizontal":0,"vertical":0,"blur":63,"spread":10,"color":"rgba(0,0,0,0.1)"},"_margin":{"unit":"%","top":"0","right":"-20","bottom":"0","left":"0","isLinked":false},"_animation":"fadeInLeft","_margin_mobile":{"unit":"px","top":"0","right":"0","bottom":"0","left":"0","isLinked":true},"image_border_radius":{"unit":"px","top":"10","right":"10","bottom":"10","left":"10","isLinked":true}},"elements":[],"isInner":false,"widgetType":"image","elType":"widget"}],"isInner":true,"elType":"column"},{"id":"651b82aa","settings":{"_column_size":50,"_inline_size":58.3900000000000005684341886080801486968994140625,"_inline_size_mobile":50},"elements":[{"id":"3e52c723","settings":{"image":{"id":"3830","url":"https:\/\/cliente.shazamlnv.com\/setasolar\/wp-content\/uploads\/2022\/04\/mobile1prev.jpg"},"image_box_shadow_box_shadow_type":"yes","image_box_shadow_box_shadow":{"horizontal":0,"vertical":0,"blur":63,"spread":10,"color":"rgba(0,0,0,0.1)"},"_animation":"fadeInRight","image_border_border":"solid","image_border_width":{"unit":"px","top":"1","right":"1","bottom":"1","left":"1","isLinked":true},"image_border_color":"#ffffff","image_border_radius":{"unit":"px","top":"10","right":"10","bottom":"10","left":"10","isLinked":true}},"elements":[],"isInner":false,"widgetType":"image","elType":"widget"}],"isInner":true,"elType":"column"}],"isInner":true,"elType":"section"}],"isInner":false,"elType":"column"},{"id":"56ba3ec6","settings":{"_column_size":50,"_inline_size":50.63199999999999789679350215010344982147216796875,"content_position":"center","background_position":"bottom right","background_attachment":"fixed","background_repeat":"no-repeat","background_size":"contain","background_background":"classic","background_overlay_color":"#ffffff","background_overlay_opacity":{"unit":"px","size":0.25},"margin":{"unit":"px","top":"0","right":"0","bottom":"0","left":"30","isLinked":false},"padding_mobile":{"unit":"px","top":"0","right":"0","bottom":"0","left":"0","isLinked":false},"background_overlay_image":{"id":"3828","url":"https:\/\/cliente.shazamlnv.com\/setasolar\/wp-content\/uploads\/2022\/04\/map.png"},"background_overlay_size":"contain","css_filters_css_filter":"custom","css_filters_hue":{"unit":"px","size":177},"overlay_blend_mode":"screen","padding":{"unit":"em","top":"4","right":"4","bottom":"4","left":"4","isLinked":true}},"elements":[{"id":"6e38ae33","settings":{"weight":{"unit":"px","size":2},"width":{"unit":"%","size":32},"_margin":{"unit":"px","top":"0","right":"0","bottom":"30","left":"0","isLinked":false},"_animation":"fadeInRight","text":"Divider"},"elements":[],"isInner":false,"widgetType":"divider","elType":"widget"},{"id":"3b662000","settings":{"title":"Share","size":"xxl","align":"left","title_color":"#0c0c0c","typography_typography":"custom","typography_line_height":{"unit":"em","size":1.1999999999999999555910790149937383830547332763671875},"typography_letter_spacing":{"unit":"px","size":0},"_margin":{"unit":"%","top":"0","right":"40","bottom":"0","left":"0","isLinked":false},"typography_font_family":"Montserrat"},"elements":[],"isInner":false,"widgetType":"heading","elType":"widget"},{"id":"5faa5136","settings":{"title":"Everything To The World","size":"xl","align":"left","title_color":"#0c0c0c","typography_typography":"custom","typography_line_height":{"unit":"em","size":1.1999999999999999555910790149937383830547332763671875},"typography_letter_spacing":{"unit":"px","size":0},"_margin":{"unit":"%","top":"0","right":"40","bottom":"0","left":"0","isLinked":false},"header_size":"h3","typography_font_weight":"200","typography_font_size_mobile":{"unit":"em","size":1.8000000000000000444089209850062616169452667236328125},"typography_font_family":"Montserrat"},"elements":[],"isInner":false,"widgetType":"heading","elType":"widget"},{"id":"51997db1","settings":{"editor":"<p>Luctus nec ullamcorper mattis. Lorem ipsum dolor sit amet, consectetur adipiscing elit. Ut elit tellus, luctus nec ullamcorper mattis, pulvinar dapibus leo.<\/p>","align":"left","typography_typography":"custom","typography_line_height":{"unit":"em","size":1.8000000000000000444089209850062616169452667236328125},"_margin":{"unit":"%","top":"0","right":"10","bottom":"0","left":"0","isLinked":false},"typography_font_family":"Muli","typography_font_size":{"unit":"rem","size":1.1999999999999999555910790149937383830547332763671875}},"elements":[],"isInner":false,"widgetType":"text-editor","elType":"widget"}],"isInner":false,"elType":"column"}],"isInner":false,"elType":"section"},{"id":"569465d","settings":{"height":"min-height","background_color":"#f7f7f7","padding":{"unit":"%","top":"0","right":"0","bottom":"0","left":"0","isLinked":false},"custom_height":{"unit":"px","size":750},"column_position":"stretch","background_position":"bottom center","background_attachment":"fixed","background_repeat":"no-repeat","background_size":"contain","background_overlay_background":"classic","background_overlay_color":"#ffffff","background_overlay_opacity":{"unit":"px","size":0},"css_filters_css_filter":"custom","gap":"wider","padding_mobile":{"unit":"px","top":"80","right":"0","bottom":"80","left":"0","isLinked":false}},"elements":[{"id":"53e17b52","settings":{"_column_size":100,"_inline_size":null,"content_position":"center"},"elements":[{"id":"12cae43d","settings":{"title":"Earn Money","size":"xxl","align":"center","title_color":"#0c0c0c","typography_typography":"custom","typography_line_height":{"unit":"em","size":1.1999999999999999555910790149937383830547332763671875},"typography_letter_spacing":{"unit":"px","size":0},"_margin":{"unit":"%","top":"0","right":"0","bottom":"0","left":"0","isLinked":false},"typography_font_size_mobile":{"unit":"px","size":45},"typography_line_height_mobile":{"unit":"em","size":1},"typography_font_family":"Montserrat"},"elements":[],"isInner":false,"widgetType":"heading","elType":"widget"},{"id":"5e446b4f","settings":{"title":"From  your referral links.","size":"xl","align":"center","title_color":"#0c0c0c","typography_typography":"custom","typography_line_height":{"unit":"em","size":1.1999999999999999555910790149937383830547332763671875},"typography_letter_spacing":{"unit":"px","size":0},"_margin":{"unit":"%","top":"","right":"","bottom":"","left":"","isLinked":true},"header_size":"h3","typography_font_weight":"200","typography_font_size_mobile":{"unit":"px","size":20},"_margin_mobile":{"unit":"px","top":"10","right":"10","bottom":"10","left":"10","isLinked":true},"typography_font_family":"Montserrat"},"elements":[],"isInner":false,"widgetType":"heading","elType":"widget"},{"id":"5e329466","settings":{"editor":"<p>Luctus nec ullamcorper mattis. Lorem ipsum dolor sit amet, consectetur adipiscing elit. Ut elit tellus, luctus nec ullamcorper mattis, pulvinar dapibus leo.<\/p>","align":"center","typography_typography":"custom","typography_line_height":{"unit":"em","size":1.8000000000000000444089209850062616169452667236328125},"_margin":{"unit":"%","top":"0","right":"22","bottom":"0","left":"22","isLinked":false},"_margin_mobile":{"unit":"px","top":"0","right":"0","bottom":"0","left":"0","isLinked":true},"typography_font_family":"Muli","typography_font_size":{"unit":"rem","size":1.1999999999999999555910790149937383830547332763671875}},"elements":[],"isInner":false,"widgetType":"text-editor","elType":"widget"},{"id":"657b9701","settings":{"gap":"wide","structure":"30","margin":{"unit":"px","top":"80","right":0,"bottom":"0","left":0,"isLinked":false}},"elements":[{"id":"67a1713d","settings":{"_column_size":33,"_inline_size":null,"content_position":"top"},"elements":[{"id":"7bb7c03","settings":{"title":"01","size":"xxl","align":"center","typography_typography":"custom","typography_font_family":"Montserrat","typography_font_style":"italic","_animation":"fadeInUp","_animation_delay":300,"typography_font_weight":"700"},"elements":[],"isInner":false,"widgetType":"heading","elType":"widget"},{"id":"7d041d90","settings":{"icon":"","title_text":"Renewal Commissions","description_text":"All our products offer 1-year license and support. We offer 20% discount for yearly renewal. So if your buyers renew their license in the second year, we will also pay out the commission to you.","description_color":"#999999","description_typography_typography":"custom","description_typography_font_size":{"unit":"rem","size":1},"description_typography_line_height":{"unit":"em","size":1.5},"_animation":"fadeInUp","_animation_delay":300,"title_typography_typography":"custom","title_typography_line_height_tablet":{"unit":"em","size":1.5},"title_typography_font_family":"Montserrat","description_typography_font_family":"Muli","selected_icon":{"value":"","library":""}},"elements":[],"isInner":false,"widgetType":"icon-box","elType":"widget"}],"isInner":true,"elType":"column"},{"id":"16f0fa9b","settings":{"_column_size":33,"_inline_size":null,"content_position":"top"},"elements":[{"id":"7aa18a5f","settings":{"title":"02","size":"xxl","align":"center","typography_typography":"custom","typography_font_family":"Montserrat","typography_font_style":"italic","_animation":"fadeInUp","_animation_delay":300,"typography_font_weight":"700"},"elements":[],"isInner":false,"widgetType":"heading","elType":"widget"},{"id":"7b35f95b","settings":{"icon":"","title_text":"Long Tracking Period","description_text":"365 days long tracking period. It means since a visitor clicked your referral link to our website, the tracking cookie will be always valid in 365 days, unless the visitor manually clears the browser cookie","description_color":"#999999","description_typography_typography":"custom","description_typography_font_size":{"unit":"rem","size":1},"description_typography_line_height":{"unit":"em","size":1.5},"_animation":"fadeInUp","_animation_delay":300,"title_typography_typography":"custom","title_typography_line_height_tablet":{"unit":"em","size":1.5},"title_typography_font_family":"Montserrat","description_typography_font_family":"Muli","selected_icon":{"value":"","library":""}},"elements":[],"isInner":false,"widgetType":"icon-box","elType":"widget"}],"isInner":true,"elType":"column"},{"id":"4726f9e7","settings":{"_column_size":33,"_inline_size":null,"content_position":"top"},"elements":[{"id":"55e151c7","settings":{"title":"03","size":"xxl","align":"center","typography_typography":"custom","typography_font_family":"Montserrat","typography_font_style":"italic","_animation":"fadeInUp","_animation_delay":300,"typography_font_weight":"700"},"elements":[],"isInner":false,"widgetType":"heading","elType":"widget"},{"id":"2e1f6eac","settings":{"icon":"","title_text":"Earn In Part-Time","description_text":"Luctus nec ullamcorper mattis. Lorem ipsum dolor sit amet, consectetur adipiscing elit. Ut elit tellus, luctus nec ullamcorper mattis, pulvinar dapibus leo.","description_color":"#999999","description_typography_typography":"custom","description_typography_font_size":{"unit":"rem","size":1},"description_typography_line_height":{"unit":"em","size":1.5},"_animation":"fadeInUp","_animation_delay":300,"title_typography_typography":"custom","title_typography_line_height_tablet":{"unit":"em","size":1.5},"title_typography_font_family":"Montserrat","description_typography_font_family":"Muli","selected_icon":{"value":"","library":""}},"elements":[],"isInner":false,"widgetType":"icon-box","elType":"widget"}],"isInner":true,"elType":"column"}],"isInner":true,"elType":"section"}],"isInner":false,"elType":"column"}],"isInner":false,"elType":"section"},{"id":"33e4fabe","settings":{"height":"min-height","custom_height":{"unit":"vh","size":75},"background_background":"classic","background_image":{"id":"3831","url":"https:\/\/cliente.shazamlnv.com\/setasolar\/wp-content\/uploads\/2022\/04\/shopping.jpg"},"background_position":"center center","background_attachment":"fixed","background_repeat":"no-repeat","background_size":"cover","background_overlay_background":"classic","background_overlay_color":"#0e1e26","background_overlay_opacity":{"unit":"px","size":0.11999999999999999555910790149937383830547332763671875},"css_filters_css_filter":"custom","padding_mobile":{"unit":"px","top":"80","right":"0","bottom":"80","left":"0","isLinked":false}},"elements":[{"id":"78eae8dc","settings":{"_column_size":100,"align":"center"},"elements":[{"id":"1d59c042","settings":{"title":"Join The Social Shopping ","size":"xl","align":"center","title_color":"#ffffff","typography_typography":"custom","typography_line_height":{"unit":"em","size":1.399999999999999911182158029987476766109466552734375},"typography_font_size_mobile":{"unit":"px","size":27},"typography_font_family":"Montserrat","typography_text_transform":"capitalize","typography_font_size":{"unit":"rem","size":4,"sizes":[]},"typography_font_weight":"500","_background_background":"classic","_element_width":"initial","_element_custom_width":{"unit":"px","size":900,"sizes":[]},"__globals__":{"_background_color":"globals\/colors?id=f116943"}},"elements":[],"isInner":false,"widgetType":"heading","elType":"widget"},{"id":"32aa683f","settings":{"title":"community","size":"xl","align":"center","title_color":"#ffffff","typography_typography":"custom","typography_line_height":{"unit":"em","size":1.399999999999999911182158029987476766109466552734375},"typography_font_size_mobile":{"unit":"px","size":27},"typography_font_family":"Montserrat","typography_text_transform":"capitalize","typography_font_size":{"unit":"rem","size":4,"sizes":[]},"typography_font_weight":"500","_margin":{"unit":"em","top":"1","right":"0","bottom":"0","left":"0","isLinked":false},"_padding":{"unit":"em","top":"0","right":"0","bottom":"0","left":"0","isLinked":false},"_background_background":"classic","_element_width":"initial","_element_custom_width":{"unit":"px","size":460,"sizes":[]},"__globals__":{"_background_color":"globals\/colors?id=f116943"}},"elements":[],"isInner":false,"widgetType":"heading","elType":"widget"},{"id":"25d3b59c","settings":{"editor":"<p>Over 20,000 happy buyers active in our community everyday. <br \/>we are still waiting for you!<\/p>","align":"center","text_color":"#ffffff","typography_typography":"custom","typography_font_size":{"unit":"rem","size":1.399999999999999911182158029987476766109466552734375},"typography_line_height":{"unit":"em","size":1.5},"typography_font_size_mobile":{"unit":"px","size":17},"typography_font_family":"Muli"},"elements":[],"isInner":false,"widgetType":"text-editor","elType":"widget"},{"id":"6b85af87","settings":{"structure":"20"},"elements":[{"id":"3606516c","settings":{"_column_size":50,"_inline_size":49.8990000000000009094947017729282379150390625,"_inline_size_mobile":50},"elements":[{"id":"5f2564f","settings":{"image":{"id":"3825","url":"https:\/\/cliente.shazamlnv.com\/setasolar\/wp-content\/uploads\/2022\/04\/badge_new.png"},"align":"right","link_to":"custom","link":{"url":"#","is_external":"","nofollow":""},"width":{"unit":"%","size":89},"width_mobile":{"unit":"px","size":185}},"elements":[],"isInner":false,"widgetType":"image","elType":"widget"}],"isInner":true,"elType":"column"},{"id":"12414358","settings":{"_column_size":50,"_inline_size":50.1009999999999990905052982270717620849609375,"_inline_size_mobile":50},"elements":[{"id":"40dd73b0","settings":{"image":{"id":"3826","url":"https:\/\/cliente.shazamlnv.com\/setasolar\/wp-content\/uploads\/2022\/04\/badge-download-on-the-app-store.png"},"align":"left","link_to":"custom","link":{"url":"#","is_external":"","nofollow":""},"width":{"unit":"%","size":100},"_margin":{"unit":"px","top":"0","right":"0","bottom":"0","left":"0","isLinked":false},"width_mobile":{"unit":"px","size":132}},"elements":[],"isInner":false,"widgetType":"image","elType":"widget"}],"isInner":true,"elType":"column"}],"isInner":true,"elType":"section"}],"isInner":false,"elType":"column"}],"isInner":false,"elType":"section"}],"page_settings":[],"version":"0.4","title":"APP MOBILE","type":"section"}