{"version":"0.4","title":"Wedding Photography > Home 4","type":"page","content":[{"id":"33a238d6","settings":{"custom_height":{"unit":"vh","size":"100","sizes":[]},"content_position":"middle","background_attachment":"fixed","background_repeat":"no-repeat","background_size":"cover","background_overlay_color":"rgba(0,0,0,0)","background_overlay_color_b":"#ffffff","margin":{"unit":"px","top":"","right":"0","bottom":"","left":"0","isLinked":""},"stretch_section":"section-stretched","layout":"full_width","padding":{"unit":"px","top":"100","right":"100","bottom":"0","left":"100","isLinked":""},"padding_tablet":{"unit":"px","top":"0","right":"0","bottom":"0","left":"0","isLinked":""},"background_background":"classic","background_color":"#ffffff"},"elements":[{"id":"4c6e2e68","settings":{"_column_size":"100","margin":{"unit":"px","top":"0","right":"0","bottom":"0","left":"0","isLinked":""},"padding":{"unit":"px","top":"0","right":"0","bottom":"0","left":"0","isLinked":""},"border_radius":{"unit":"px","top":"4","right":"4","bottom":"4","left":"4","isLinked":"1"}},"elements":[{"id":"5510a3c2","settings":{"slides":[{"heading":"","description":"","button_text":"","background_color":"#000000","_id":"8020345","background_image":{"url":"http:\/\/sitefacilitado.com.br\/membros\/wp-content\/uploads\/2020\/03\/ancient-arch-architecture-2041101.jpg","id":"5932"},"background_size":"cover","background_ken_burns":"yes","zoom_direction":"out","background_overlay":"","background_overlay_color":"rgba(0,0,0,0.26)","background_overlay_blend_mode":"","link":{"url":"","is_external":"","nofollow":""},"link_click":"slide","custom_style":"","horizontal_position":"","vertical_position":"","text_align":"","content_color":""},{"heading":"","description":"","button_text":"","background_color":"#000000","_id":"94984bb","background_image":{"url":"http:\/\/sitefacilitado.com.br\/membros\/wp-content\/uploads\/2020\/03\/vasily-koloda-620889-unsplash.jpg","id":"5929"},"background_size":"cover","background_ken_burns":"yes","zoom_direction":"in","background_overlay":"","background_overlay_color":"rgba(0,0,0,0.26)","background_overlay_blend_mode":"","link":{"url":"","is_external":"","nofollow":""},"link_click":"slide","custom_style":"","horizontal_position":"","vertical_position":"","text_align":"","content_color":""},{"heading":"","description":"","button_text":"","background_color":"#000000","_id":"5538f89","background_image":{"url":"http:\/\/sitefacilitado.com.br\/membros\/wp-content\/uploads\/2020\/03\/eliza-szablinska-4336601-unsplash.jpg","id":"5933"},"background_size":"cover","background_ken_burns":"yes","zoom_direction":"in","background_overlay":"yes","background_overlay_color":"rgba(255,209,209,0.19)","background_overlay_blend_mode":"","link":{"url":"","is_external":"","nofollow":""},"link_click":"slide","custom_style":"","horizontal_position":"","vertical_position":"","text_align":"","content_color":""},{"heading":"","description":"","button_text":"","background_color":"#000000","_id":"9cfbafb","background_image":{"url":"http:\/\/sitefacilitado.com.br\/membros\/wp-content\/uploads\/2020\/03\/eric-alves-145945-unsplash.jpg","id":"5939"},"background_size":"cover","background_ken_burns":"yes","zoom_direction":"out","background_overlay":"yes","background_overlay_color":"rgba(255,247,247,0.07)","background_overlay_blend_mode":"","link":{"url":"","is_external":"","nofollow":""},"link_click":"slide","custom_style":"","horizontal_position":"","vertical_position":"","text_align":"","content_color":""}],"slides_height":{"unit":"vh","size":"70","sizes":[]},"navigation":"dots","heading_typography_typography":"custom","heading_typography_font_family":"Autour One","heading_typography_font_size":{"unit":"px","size":"20","sizes":[]},"description_typography_typography":"custom","description_typography_font_family":"Assistant","button_size":"lg","button_typography_typography":"custom","button_typography_font_family":"Assistant","button_typography_font_size":{"unit":"px","size":"14","sizes":[]},"button_typography_font_weight":"700","button_typography_text_transform":"uppercase","button_typography_line_height":{"unit":"px","size":"14","sizes":[]},"button_border_width":{"unit":"px","size":"0","sizes":[]},"button_border_radius":{"unit":"px","size":"0","sizes":[]},"button_text_color":"#000000","button_background_color":"#dbcda2","dots_color":"#dbcda2","button_hover_background_color":"#ffffff","slides_horizontal_position":"right","slides_vertical_position":"bottom","slides_text_align":"right","heading_typography_font_weight":"400","heading_typography_text_transform":"uppercase","description_typography_font_size":{"unit":"px","size":"12","sizes":[]},"_border_radius":{"unit":"px","top":"4","right":"4","bottom":"4","left":"4","isLinked":"1"},"autoplay_speed":"6000","transition":"fade","transition_speed":"800"},"elements":[],"isInner":false,"widgetType":"slides","elType":"widget"}],"isInner":"","elType":"column"}],"isInner":"","elType":"section"},{"id":"184d26de","settings":{"padding":{"unit":"px","top":"0","right":"0","bottom":"0","left":"0","isLinked":""},"background_overlay_color_b_stop":{"unit":"%","size":"50","sizes":[]},"background_position":"top center","background_repeat":"no-repeat","background_size":"contain","background_overlay_color":"rgba(0,0,0,0)","background_overlay_color_b":"#ffffff","margin":{"unit":"px","top":"0","right":"0","bottom":"0","left":"0","isLinked":""},"margin_tablet":{"unit":"px","top":"50","right":"0","bottom":"0","left":"0","isLinked":""},"background_background":"classic","background_color":"#ffffff","margin_mobile":{"unit":"px","top":"0","right":"0","bottom":"0","left":"0","isLinked":"1"},"padding_mobile":{"unit":"px","top":"0","right":"0","bottom":"0","left":"0","isLinked":"1"}},"elements":[{"id":"613522da","settings":{"_column_size":"100","_inline_size":"","_inline_size_tablet":"100","margin_mobile":{"unit":"px","top":"0","right":"0","bottom":"0","left":"0","isLinked":"1"},"padding_mobile":{"unit":"em","top":"","right":"","bottom":"","left":"","isLinked":"1"}},"elements":[{"id":"5c04e836","settings":{"structure":"20","margin":{"unit":"px","top":"0","right":"0","bottom":"0","left":"0","isLinked":""},"padding":{"unit":"px","top":"20","right":"0","bottom":"0","left":"0","isLinked":""},"margin_mobile":{"unit":"px","top":"0","right":"0","bottom":"0","left":"0","isLinked":"1"},"padding_tablet":{"unit":"em","top":"2","right":"2","bottom":"2","left":"2","isLinked":"1"},"padding_mobile":{"unit":"em","top":"0","right":"0","bottom":"0","left":"0","isLinked":"1"}},"elements":[{"id":"33c033a4","settings":{"_column_size":"50","_inline_size":"","_inline_size_tablet":"100","padding":{"unit":"em","top":"3","right":"3","bottom":"3","left":"3","isLinked":"1"},"padding_tablet":{"unit":"px","top":"10","right":"10","bottom":"10","left":"10","isLinked":"1"},"background_background":"classic","background_color":"#ffffff","margin":{"unit":"px","top":"-160","right":"40","bottom":"0","left":"0","isLinked":""},"border_radius":{"unit":"px","top":"4","right":"4","bottom":"4","left":"4","isLinked":"1"},"space_between_widgets":"0","box_shadow_box_shadow":{"horizontal":"0","vertical":"0","blur":"24","spread":"0","color":"rgba(0,0,0,0.18)"},"z_index":"11","margin_mobile":{"unit":"px","top":"-55","right":"0","bottom":"0","left":"0","isLinked":""},"padding_mobile":{"unit":"em","top":"1","right":"1","bottom":"1","left":"1","isLinked":"1"}},"elements":[{"id":"51d264a9","settings":{"title":"Adam Walker","title_color":"#000000","typography_typography":"custom","typography_font_family":"Caveat","typography_font_size":{"unit":"px","size":"70","sizes":[]},"typography_font_weight":"700","align":"left","align_tablet":"center","_margin":{"unit":"px","top":"0","right":"0","bottom":"0","left":"0","isLinked":""},"header_size":"h1","typography_letter_spacing":{"unit":"px","size":"-1.5","sizes":[]},"typography_font_size_mobile":{"unit":"px","size":"50","sizes":[]}},"elements":[],"isInner":false,"widgetType":"heading","elType":"widget"},{"id":"59abdfb5","settings":{"title":"professional wedding photographer","title_color":"#000000","typography_typography":"custom","typography_font_family":"Autour One","typography_font_size":{"unit":"px","size":"13","sizes":[]},"typography_line_height":{"unit":"em","size":"1.5","sizes":[]},"align":"left","align_tablet":"center","_margin":{"unit":"px","top":"0","right":"0","bottom":"0","left":"0","isLinked":""},"header_size":"h3","typography_text_transform":"uppercase"},"elements":[],"isInner":false,"widgetType":"heading","elType":"widget"},{"id":"4dada5d3","settings":{"space":{"unit":"px","size":"30","sizes":[]}},"elements":[],"isInner":false,"widgetType":"spacer","elType":"widget"},{"id":"34ddb48","settings":{"text":"Booking","typography_typography":"custom","typography_font_family":"Assistant","typography_font_size":{"unit":"px","size":"14","sizes":[]},"typography_font_weight":"700","typography_text_transform":"uppercase","typography_line_height":{"unit":"px","size":"14","sizes":[]},"typography_letter_spacing":{"unit":"px","size":"2","sizes":[]},"button_text_color":"#000000","background_color":"#dbcda2","button_background_hover_color":"#dbbb51","border_radius":{"unit":"px","top":"0","right":"0","bottom":"0","left":"0","isLinked":"1"},"text_padding":{"unit":"px","top":"20","right":"45","bottom":"20","left":"45","isLinked":""},"_margin":{"unit":"px","top":"10","right":"0","bottom":"20","left":"0","isLinked":""},"align_tablet":"center"},"elements":[],"isInner":false,"widgetType":"button","elType":"widget"}],"isInner":"1","elType":"column"},{"id":"4c9d61ac","settings":{"_column_size":"50","_inline_size":"","padding":{"unit":"px","top":"0","right":"10","bottom":"0","left":"0","isLinked":""},"_inline_size_tablet":"100","padding_mobile":{"unit":"em","top":"1","right":"1","bottom":"1","left":"1","isLinked":"1"}},"elements":[{"id":"5bdce3f6","settings":{"editor":"<p>Lorem ipsum dolor sit amet, consectetur adipiscing elit, sed do eiusmod tempor incididunt ut labore et dolore magna aliqua. Ut enim ad minim veniam, quis nostrud exercitation ullamco laboris nisi ut aliquip ex ea commodo consequat. Duis aute irure dolor in reprehenderit in voluptate velit esse cillum dolore eu fugiat nulla pariatur. Excepteur sint occaecat cupidatat non proident, sunt in culpa qui officia deserunt mollit anim id est laborum.<\/p>","typography_typography":"custom","typography_font_family":"Assistant","typography_font_size":{"unit":"px","size":"14","sizes":[]},"typography_line_height":{"unit":"px","size":"24","sizes":[]},"align":"left","align_tablet":"center","_animation":"fadeIn"},"elements":[],"isInner":false,"widgetType":"text-editor","elType":"widget"}],"isInner":"1","elType":"column"}],"isInner":"1","elType":"section"}],"isInner":"","elType":"column"}],"isInner":"","elType":"section"},{"id":"3c6b9430","settings":{"layout":"full_width","structure":"20","padding":{"unit":"px","top":"80","right":"80","bottom":"40","left":"160","isLinked":""},"background_background":"classic","background_color":"#ffffff","padding_tablet":{"unit":"em","top":"1","right":"1","bottom":"1","left":"1","isLinked":"1"}},"elements":[{"id":"29c40008","settings":{"_column_size":"50","_inline_size":"47.381","background_background":"classic","background_image":{"url":"http:\/\/sitefacilitado.com.br\/membros\/wp-content\/uploads\/2020\/03\/jessica-rockowitz-1145846-unsplash-e1559226757730-scaled.jpg","id":"5925"},"background_position":"center left","background_size":"cover","background_overlay_background":"classic","background_overlay_color":"#ffffff","background_overlay_opacity":{"unit":"px","size":"0.13","sizes":[]},"border_radius":{"unit":"px","top":"4","right":"4","bottom":"4","left":"4","isLinked":"1"},"animation":"fadeInLeft","box_shadow_box_shadow_type":"yes","box_shadow_box_shadow":{"horizontal":"0","vertical":"8","blur":"47","spread":"0","color":"rgba(0,0,0,0.14)"}},"elements":[{"id":"2cdf0e76","settings":{"space":{"unit":"px","size":"600","sizes":[]}},"elements":[],"isInner":false,"widgetType":"spacer","elType":"widget"}],"isInner":"","elType":"column"},{"id":"3eaab328","settings":{"_column_size":"50","_inline_size":"52.619","content_position":"center","padding_tablet":{"unit":"em","top":"0","right":"0","bottom":"0","left":"0","isLinked":"1"},"padding":{"unit":"%","top":"0","right":"20","bottom":"0","left":"10","isLinked":""}},"elements":[{"id":"3c55ba63","settings":{"content_position":"middle","padding":{"unit":"em","top":"1","right":"1","bottom":"1","left":"1","isLinked":"1"},"padding_tablet":{"unit":"em","top":"1","right":"1","bottom":"1","left":"1","isLinked":"1"},"content_width":{"unit":"px","size":"500","sizes":[]}},"elements":[{"id":"3985b335","settings":{"_column_size":"100","_inline_size":""},"elements":[{"id":"5b0c8fd","settings":{"title":"Legacy. Memory. love","title_color":"#000000","typography_typography":"custom","typography_font_family":"Autour One","typography_font_size":{"unit":"px","size":"30","sizes":[]},"typography_font_weight":"700","typography_text_transform":"uppercase","align":"left","_animation":"fadeInUp"},"elements":[],"isInner":false,"widgetType":"heading","elType":"widget"},{"id":"2960d1e4","settings":{"editor":"<p>Lorem ipsum dolor sit amet, consectetur adipiscing elit, sed do eiusmod tempor incididunt ut labore et dolore magna aliqua. Ut enim ad minim veniam, quis nostrud exercitation ullamco laboris nisi ut aliquip ex ea commodo consequat. Duis aute irure dolor in reprehenderit in voluptate velit esse cillum dolore eu fugiat nulla pariatur. Excepteur sint occaecat cupidatat non proident, sunt in culpa qui officia deserunt mollit anim id est laborum.<\/p>","typography_typography":"custom","typography_font_family":"Assistant","typography_font_size":{"unit":"px","size":"14","sizes":[]},"typography_line_height":{"unit":"px","size":"24","sizes":[]},"align":"left","align_tablet":"left","_animation":"fadeIn"},"elements":[],"isInner":false,"widgetType":"text-editor","elType":"widget"},{"id":"63821bd7","settings":{"text":"Portfolio","typography_typography":"custom","typography_font_family":"Assistant","typography_font_size":{"unit":"px","size":"14","sizes":[]},"typography_font_weight":"700","typography_text_transform":"uppercase","typography_line_height":{"unit":"px","size":"14","sizes":[]},"typography_letter_spacing":{"unit":"px","size":"2","sizes":[]},"button_text_color":"#000000","background_color":"#dbcda2","button_background_hover_color":"#dbbb51","border_radius":{"unit":"px","top":"0","right":"0","bottom":"0","left":"0","isLinked":"1"},"text_padding":{"unit":"px","top":"20","right":"45","bottom":"20","left":"45","isLinked":""},"_margin":{"unit":"px","top":"10","right":"0","bottom":"0","left":"0","isLinked":""},"align":"center"},"elements":[],"isInner":false,"widgetType":"button","elType":"widget"}],"isInner":"1","elType":"column"}],"isInner":"1","elType":"section"}],"isInner":"","elType":"column"}],"isInner":"","elType":"section"},{"id":"275d5316","settings":{"layout":"full_width","padding":{"unit":"px","top":"0","right":"80","bottom":"0","left":"80","isLinked":""},"content_width":{"unit":"px","size":"1400","sizes":[]},"background_background":"classic","background_color":"#ffffff","padding_tablet":{"unit":"em","top":"1","right":"1","bottom":"1","left":"1","isLinked":"1"}},"elements":[{"id":"6e764748","settings":{"_column_size":"100"},"elements":[{"id":"2f8ac228","settings":{"layout":"full_width","structure":"40","gap":"extended"},"elements":[{"id":"795101f6","settings":{"_column_size":"25","_inline_size":""},"elements":[{"id":"66fc6eae","settings":{"icon":"","title_text_a":"","description_text_a":"","background_a_background":"classic","background_a_image":{"url":"http:\/\/sitefacilitado.com.br\/membros\/wp-content\/uploads\/2020\/03\/foto-pettine-756112-unsplash.jpg","id":"5940"},"background_a_position":"bottom center","background_a_size":"cover","title_text_b":"This is the heading","description_text_b":"Click edit button to change this text. Lorem ipsum dolor sit amet consectetur adipiscing elit dolor","button_text":"Click Here","background_b_background":"classic","background_b_color":"rgba(255,255,255,0.5)","height":{"unit":"px","size":"600","sizes":[]},"border_radius":{"unit":"px","size":"4","sizes":[]},"flip_effect":"fade","padding_b":{"unit":"em","top":"2","right":"2","bottom":"2","left":"2","isLinked":"1"},"vertical_position_b":"middle","title_color_b":"#000000","title_typography_b_typography":"custom","title_typography_b_font_family":"Autour One","title_typography_b_font_weight":"normal","title_typography_b_text_transform":"uppercase","description_color_b":"#7a7a7a","description_typography_b_typography":"custom","description_typography_b_font_family":"Assistant","description_typography_b_font_size":{"unit":"px","size":"14","sizes":[]},"description_typography_b_line_height":{"unit":"px","size":"","sizes":[]},"button_border_width":{"unit":"px","size":"0","sizes":[]},"_padding":{"unit":"em","top":"0","right":"0","bottom":"0","left":"0","isLinked":"1"},"_css_classes":"envato-kit-161-fbox"},"elements":[],"isInner":false,"widgetType":"flip-box","elType":"widget"}],"isInner":"1","elType":"column"},{"id":"b813610","settings":{"_column_size":"25","_inline_size":""},"elements":[{"id":"16db1e5f","settings":{"icon":"","title_text_a":"","description_text_a":"","background_a_background":"classic","background_a_image":{"url":"http:\/\/sitefacilitado.com.br\/membros\/wp-content\/uploads\/2020\/03\/benjaminrobyn-jespersen-438340-unsplash-e1559226904777-scaled.jpg","id":"5944"},"background_a_position":"bottom center","background_a_size":"cover","title_text_b":"This is the heading","description_text_b":"Click edit button to change this text. Lorem ipsum dolor sit amet consectetur adipiscing elit dolor","button_text":"Click Here","background_b_background":"classic","background_b_color":"rgba(255,255,255,0.5)","height":{"unit":"px","size":"600","sizes":[]},"border_radius":{"unit":"px","size":"4","sizes":[]},"flip_effect":"fade","padding_b":{"unit":"em","top":"2","right":"2","bottom":"2","left":"2","isLinked":"1"},"vertical_position_b":"middle","title_color_b":"#000000","title_typography_b_typography":"custom","title_typography_b_font_family":"Autour One","title_typography_b_font_weight":"normal","title_typography_b_text_transform":"uppercase","description_color_b":"#7a7a7a","description_typography_b_typography":"custom","description_typography_b_font_family":"Assistant","description_typography_b_font_size":{"unit":"px","size":"14","sizes":[]},"description_typography_b_line_height":{"unit":"px","size":"","sizes":[]},"button_border_width":{"unit":"px","size":"0","sizes":[]},"_padding":{"unit":"em","top":"0","right":"0","bottom":"0","left":"0","isLinked":"1"},"_css_classes":"envato-kit-161-fbox"},"elements":[],"isInner":false,"widgetType":"flip-box","elType":"widget"}],"isInner":"1","elType":"column"},{"id":"1dba4d2c","settings":{"_column_size":"25","_inline_size":""},"elements":[{"id":"1769cdd0","settings":{"icon":"","title_text_a":"","description_text_a":"","background_a_background":"classic","background_a_image":{"url":"http:\/\/sitefacilitado.com.br\/membros\/wp-content\/uploads\/2020\/03\/bride-dress-fashion-2122351.jpg","id":"5927"},"background_a_position":"bottom center","background_a_size":"cover","title_text_b":"This is the heading","description_text_b":"Click edit button to change this text. Lorem ipsum dolor sit amet consectetur adipiscing elit dolor","button_text":"Click Here","background_b_background":"classic","background_b_color":"rgba(255,255,255,0.5)","height":{"unit":"px","size":"600","sizes":[]},"border_radius":{"unit":"px","size":"4","sizes":[]},"flip_effect":"fade","padding_b":{"unit":"em","top":"2","right":"2","bottom":"2","left":"2","isLinked":"1"},"vertical_position_b":"middle","title_color_b":"#000000","title_typography_b_typography":"custom","title_typography_b_font_family":"Autour One","title_typography_b_font_weight":"normal","title_typography_b_text_transform":"uppercase","description_color_b":"#7a7a7a","description_typography_b_typography":"custom","description_typography_b_font_family":"Assistant","description_typography_b_font_size":{"unit":"px","size":"14","sizes":[]},"description_typography_b_line_height":{"unit":"px","size":"","sizes":[]},"button_border_width":{"unit":"px","size":"0","sizes":[]},"_padding":{"unit":"em","top":"0","right":"0","bottom":"0","left":"0","isLinked":"1"},"_css_classes":"envato-kit-161-fbox"},"elements":[],"isInner":false,"widgetType":"flip-box","elType":"widget"}],"isInner":"1","elType":"column"},{"id":"160aadd2","settings":{"_column_size":"25","_inline_size":""},"elements":[{"id":"22211d06","settings":{"icon":"","title_text_a":"","description_text_a":"","background_a_background":"classic","background_a_image":{"url":"http:\/\/sitefacilitado.com.br\/membros\/wp-content\/uploads\/2020\/03\/chi-n-ph-m-217314-unsplash-min.jpg","id":"5935"},"background_a_position":"bottom center","background_a_size":"cover","title_text_b":"This is the heading","description_text_b":"Click edit button to change this text. Lorem ipsum dolor sit amet consectetur adipiscing elit dolor","button_text":"Click Here","background_b_background":"classic","background_b_color":"rgba(255,255,255,0.5)","height":{"unit":"px","size":"600","sizes":[]},"border_radius":{"unit":"px","size":"4","sizes":[]},"flip_effect":"fade","padding_b":{"unit":"em","top":"2","right":"2","bottom":"2","left":"2","isLinked":"1"},"vertical_position_b":"middle","title_color_b":"#000000","title_typography_b_typography":"custom","title_typography_b_font_family":"Autour One","title_typography_b_font_weight":"normal","title_typography_b_text_transform":"uppercase","description_color_b":"#7a7a7a","description_typography_b_typography":"custom","description_typography_b_font_family":"Assistant","description_typography_b_font_size":{"unit":"px","size":"14","sizes":[]},"description_typography_b_line_height":{"unit":"px","size":"","sizes":[]},"button_border_width":{"unit":"px","size":"0","sizes":[]},"_padding":{"unit":"em","top":"0","right":"0","bottom":"0","left":"0","isLinked":"1"},"_css_classes":"envato-kit-161-fbox"},"elements":[],"isInner":false,"widgetType":"flip-box","elType":"widget"}],"isInner":"1","elType":"column"}],"isInner":"1","elType":"section"},{"id":"95d85c8","settings":{"layout":"full_width","structure":"40","gap":"extended"},"elements":[{"id":"4350123f","settings":{"_column_size":"25","_inline_size":""},"elements":[{"id":"1daeeaaa","settings":{"icon":"","title_text_a":"","description_text_a":"","background_a_background":"classic","background_a_image":{"url":"http:\/\/sitefacilitado.com.br\/membros\/wp-content\/uploads\/2020\/03\/vitor-pinto-1131651-unsplash-e1559226701932-scaled.jpg","id":"5956"},"background_a_position":"bottom center","background_a_size":"cover","title_text_b":"This is the heading","description_text_b":"Click edit button to change this text. Lorem ipsum dolor sit amet consectetur adipiscing elit dolor","button_text":"Click Here","background_b_background":"classic","background_b_color":"rgba(255,255,255,0.5)","height":{"unit":"px","size":"600","sizes":[]},"border_radius":{"unit":"px","size":"4","sizes":[]},"flip_effect":"fade","padding_b":{"unit":"em","top":"2","right":"2","bottom":"2","left":"2","isLinked":"1"},"vertical_position_b":"middle","title_color_b":"#000000","title_typography_b_typography":"custom","title_typography_b_font_family":"Autour One","title_typography_b_font_weight":"normal","title_typography_b_text_transform":"uppercase","description_color_b":"#7a7a7a","description_typography_b_typography":"custom","description_typography_b_font_family":"Assistant","description_typography_b_font_size":{"unit":"px","size":"14","sizes":[]},"description_typography_b_line_height":{"unit":"px","size":"","sizes":[]},"button_border_width":{"unit":"px","size":"0","sizes":[]},"_padding":{"unit":"em","top":"0","right":"0","bottom":"0","left":"0","isLinked":"1"},"_css_classes":"envato-kit-161-fbox"},"elements":[],"isInner":false,"widgetType":"flip-box","elType":"widget"}],"isInner":"1","elType":"column"},{"id":"6fad3c9e","settings":{"_column_size":"25","_inline_size":""},"elements":[{"id":"19079be2","settings":{"icon":"","title_text_a":"","description_text_a":"","background_a_background":"classic","background_a_image":{"url":"http:\/\/sitefacilitado.com.br\/membros\/wp-content\/uploads\/2020\/03\/brian-hartley-252123-unsplash.jpg","id":"5938"},"background_a_position":"bottom center","background_a_size":"cover","title_text_b":"This is the heading","description_text_b":"Click edit button to change this text. Lorem ipsum dolor sit amet consectetur adipiscing elit dolor","button_text":"Click Here","background_b_background":"classic","background_b_color":"rgba(255,255,255,0.5)","height":{"unit":"px","size":"600","sizes":[]},"border_radius":{"unit":"px","size":"4","sizes":[]},"flip_effect":"fade","padding_b":{"unit":"em","top":"2","right":"2","bottom":"2","left":"2","isLinked":"1"},"vertical_position_b":"middle","title_color_b":"#000000","title_typography_b_typography":"custom","title_typography_b_font_family":"Autour One","title_typography_b_font_weight":"normal","title_typography_b_text_transform":"uppercase","description_color_b":"#7a7a7a","description_typography_b_typography":"custom","description_typography_b_font_family":"Assistant","description_typography_b_font_size":{"unit":"px","size":"14","sizes":[]},"description_typography_b_line_height":{"unit":"px","size":"","sizes":[]},"button_border_width":{"unit":"px","size":"0","sizes":[]},"_padding":{"unit":"em","top":"0","right":"0","bottom":"0","left":"0","isLinked":"1"},"_css_classes":"envato-kit-161-fbox"},"elements":[],"isInner":false,"widgetType":"flip-box","elType":"widget"}],"isInner":"1","elType":"column"},{"id":"3b373904","settings":{"_column_size":"25","_inline_size":""},"elements":[{"id":"48419d6a","settings":{"icon":"","title_text_a":"","description_text_a":"","background_a_background":"classic","background_a_image":{"url":"http:\/\/sitefacilitado.com.br\/membros\/wp-content\/uploads\/2020\/03\/eliza-szablinska-4336601-unsplash.jpg","id":"5933"},"background_a_position":"bottom center","background_a_size":"cover","title_text_b":"This is the heading","description_text_b":"Click edit button to change this text. Lorem ipsum dolor sit amet consectetur adipiscing elit dolor","button_text":"Click Here","background_b_background":"classic","background_b_color":"rgba(255,255,255,0.5)","height":{"unit":"px","size":"600","sizes":[]},"border_radius":{"unit":"px","size":"4","sizes":[]},"flip_effect":"fade","padding_b":{"unit":"em","top":"2","right":"2","bottom":"2","left":"2","isLinked":"1"},"vertical_position_b":"middle","title_color_b":"#000000","title_typography_b_typography":"custom","title_typography_b_font_family":"Autour One","title_typography_b_font_weight":"normal","title_typography_b_text_transform":"uppercase","description_color_b":"#7a7a7a","description_typography_b_typography":"custom","description_typography_b_font_family":"Assistant","description_typography_b_font_size":{"unit":"px","size":"14","sizes":[]},"description_typography_b_line_height":{"unit":"px","size":"","sizes":[]},"button_border_width":{"unit":"px","size":"0","sizes":[]},"_padding":{"unit":"em","top":"0","right":"0","bottom":"0","left":"0","isLinked":"1"},"_css_classes":"envato-kit-161-fbox"},"elements":[],"isInner":false,"widgetType":"flip-box","elType":"widget"}],"isInner":"1","elType":"column"},{"id":"44f096c2","settings":{"_column_size":"25","_inline_size":""},"elements":[{"id":"6fc5b5da","settings":{"icon":"","title_text_a":"","description_text_a":"","background_a_background":"classic","background_a_image":{"url":"http:\/\/sitefacilitado.com.br\/membros\/wp-content\/uploads\/2020\/03\/dmitry-schemelev-1205165-unsplash-min.jpg","id":"5934"},"background_a_position":"bottom center","background_a_size":"cover","title_text_b":"This is the heading","description_text_b":"Click edit button to change this text. Lorem ipsum dolor sit amet consectetur adipiscing elit dolor","button_text":"Click Here","background_b_background":"classic","background_b_color":"rgba(255,255,255,0.5)","height":{"unit":"px","size":"600","sizes":[]},"border_radius":{"unit":"px","size":"4","sizes":[]},"flip_effect":"fade","padding_b":{"unit":"em","top":"2","right":"2","bottom":"2","left":"2","isLinked":"1"},"vertical_position_b":"middle","title_color_b":"#000000","title_typography_b_typography":"custom","title_typography_b_font_family":"Autour One","title_typography_b_font_weight":"normal","title_typography_b_text_transform":"uppercase","description_color_b":"#7a7a7a","description_typography_b_typography":"custom","description_typography_b_font_family":"Assistant","description_typography_b_font_size":{"unit":"px","size":"14","sizes":[]},"description_typography_b_line_height":{"unit":"px","size":"","sizes":[]},"button_border_width":{"unit":"px","size":"0","sizes":[]},"_padding":{"unit":"em","top":"0","right":"0","bottom":"0","left":"0","isLinked":"1"},"_css_classes":"envato-kit-161-fbox"},"elements":[],"isInner":false,"widgetType":"flip-box","elType":"widget"}],"isInner":"1","elType":"column"}],"isInner":"1","elType":"section"}],"isInner":"","elType":"column"}],"isInner":"","elType":"section"},{"id":"3b8e2232","settings":{"layout":"full_width","structure":"20","padding":{"unit":"px","top":"80","right":"160","bottom":"80","left":"0","isLinked":""},"padding_tablet":{"unit":"em","top":"1","right":"1","bottom":"1","left":"1","isLinked":"1"},"reverse_order_mobile":"reverse-mobile"},"elements":[{"id":"3a1dfc09","settings":{"_column_size":"50","_inline_size":"52.126","content_position":"center","padding":{"unit":"%","top":"0","right":"10","bottom":"0","left":"20","isLinked":""},"padding_tablet":{"unit":"em","top":"1","right":"1","bottom":"1","left":"1","isLinked":"1"}},"elements":[{"id":"1d6d4dc6","settings":{"content_position":"middle","padding":{"unit":"%","top":"0","right":"0","bottom":"0","left":"0","isLinked":""},"content_width":{"unit":"px","size":"500","sizes":[]}},"elements":[{"id":"2ed9b729","settings":{"_column_size":"100","_inline_size":"","padding":{"unit":"em","top":"1","right":"1","bottom":"1","left":"1","isLinked":"1"}},"elements":[{"id":"55feb5a4","settings":{"title":"Hi, I'm Adam","title_color":"#000000","typography_typography":"custom","typography_font_family":"Autour One","typography_font_size":{"unit":"px","size":"30","sizes":[]},"typography_font_weight":"700","typography_text_transform":"uppercase","align":"left","_animation":"fadeInUp"},"elements":[],"isInner":false,"widgetType":"heading","elType":"widget"},{"id":"3ca02b25","settings":{"editor":"<p>Lorem ipsum dolor sit amet, consectetur adipiscing elit, sed do eiusmod tempor incididunt ut labore et dolore magna aliqua. Ut enim ad minim veniam, quis nostrud exercitation ullamco laboris nisi ut aliquip ex ea commodo consequat.\u00a0<\/p>","typography_typography":"custom","typography_font_family":"Assistant","typography_font_size":{"unit":"px","size":"14","sizes":[]},"typography_line_height":{"unit":"px","size":"24","sizes":[]},"align":"left","align_tablet":"left","_animation":"fadeIn"},"elements":[],"isInner":false,"widgetType":"text-editor","elType":"widget"},{"id":"1387d56a","settings":{"form_name":"New Form","form_fields":[{"field_type":"text","field_label":"Name","placeholder":"-","required":"","field_options":"","allow_multiple":"","select_size":"","inline_list":"","field_html":"","width":"100","width_tablet":"","width_mobile":"","rows":"4","recaptcha_size":"normal","recaptcha_style":"light","css_classes":"","field_value":"","custom_id":"field_1","_id":"4226db2"},{"custom_id":"email","field_type":"email","required":"true","field_label":"Email","placeholder":"@","width":"100","_id":"aabec1c","field_options":"","allow_multiple":"","select_size":"","inline_list":"","field_html":"","width_tablet":"","width_mobile":"","rows":"4","recaptcha_size":"normal","recaptcha_style":"light","css_classes":"","field_value":""}],"button_text":"Request info","button_size":"md","email_content":"[all-fields]","email_content_2":"[all-fields]","success_message":"The form was sent successfully.","error_message":"An error occured.","required_field_message":"This field is required.","invalid_message":"There's something wrong. The form is invalid.","row_gap":{"unit":"px","size":"11","sizes":[]},"label_spacing":{"unit":"px","size":"6","sizes":[]},"label_color":"rgba(122,122,122,0.5)","label_typography_typography":"custom","label_typography_font_family":"Assistant","label_typography_font_size":{"unit":"px","size":"12","sizes":[]},"label_typography_text_transform":"uppercase","label_typography_line_height":{"unit":"em","size":"1.8","sizes":[]},"field_typography_typography":"custom","field_typography_font_family":"Assistant","field_border_color":"#dbdbdb","field_border_width":{"unit":"px","top":"1","right":"0","bottom":"1","left":"0","isLinked":""},"button_background_color":"#dbcda2","button_text_color":"#000000","button_typography_typography":"custom","button_typography_font_family":"Assistant","button_typography_font_size":{"unit":"px","size":"14","sizes":[]},"button_typography_font_weight":"bold","button_typography_text_transform":"uppercase","button_typography_letter_spacing":{"unit":"px","size":"1","sizes":[]}},"elements":[],"isInner":false,"widgetType":"form","elType":"widget"}],"isInner":"1","elType":"column"}],"isInner":"1","elType":"section"}],"isInner":"","elType":"column"},{"id":"48a5a5bf","settings":{"_column_size":"50","_inline_size":"47.874","background_background":"classic","background_image":{"url":"http:\/\/sitefacilitado.com.br\/membros\/wp-content\/uploads\/2020\/03\/todd-ruth-1191142-unsplash-min.jpg","id":"5942"},"background_position":"center left","background_size":"cover","background_overlay_background":"classic","background_overlay_color":"#ffffff","background_overlay_opacity":{"unit":"px","size":"0.13","sizes":[]},"border_radius":{"unit":"px","top":"4","right":"4","bottom":"4","left":"4","isLinked":"1"},"animation":"fadeInRight","box_shadow_box_shadow_type":"yes","box_shadow_box_shadow":{"horizontal":"0","vertical":"19","blur":"32","spread":"0","color":"rgba(0,0,0,0.15)"}},"elements":[{"id":"54954e07","settings":{"space":{"unit":"px","size":"600","sizes":[]}},"elements":[],"isInner":false,"widgetType":"spacer","elType":"widget"}],"isInner":"","elType":"column"}],"isInner":"","elType":"section"}]}