{"version":"0.4","title":"Wedding Photography > Portfolio 2","type":"page","content":[{"id":"1a7bf448","settings":{"padding":{"unit":"px","top":"80","right":"0","bottom":"0","left":"0","isLinked":""},"background_overlay_color_b_stop":{"unit":"%","size":"50","sizes":[]},"background_overlay_opacity":{"unit":"px","size":"0.88","sizes":[]},"background_image":{"url":"http:\/\/sitefacilitado.com.br\/membros\/wp-content\/uploads\/2020\/03\/foto-pettine-756112-unsplash.jpg","id":"5940"},"background_position":"top center","background_repeat":"no-repeat","background_size":"contain","background_overlay_color":"#ffffff","background_overlay_color_b":"#ffffff","margin":{"unit":"px","top":"0","right":"0","bottom":"0","left":"0","isLinked":""},"margin_tablet":{"unit":"px","top":"50","right":"0","bottom":"0","left":"0","isLinked":""},"margin_mobile":{"unit":"px","top":"0","right":"0","bottom":"0","left":"0","isLinked":""},"padding_mobile":{"unit":"px","top":"30","right":"0","bottom":"0","left":"0","isLinked":""},"background_background":"classic","background_color":"#ffffff","background_overlay_background":"classic"},"elements":[{"id":"51d5d508","settings":{"_column_size":"100","_inline_size":"","_inline_size_tablet":"100"},"elements":[{"id":"546831f8","settings":{"structure":"20","margin":{"unit":"px","top":"0","right":"0","bottom":"0","left":"0","isLinked":""},"padding_tablet":{"unit":"px","top":"0","right":"0","bottom":"0","left":"0","isLinked":""}},"elements":[{"id":"3417801e","settings":{"_column_size":"50","_inline_size":"","_inline_size_tablet":"100","padding":{"unit":"em","top":"","right":"","bottom":"","left":"","isLinked":""},"padding_tablet":{"unit":"px","top":"10","right":"10","bottom":"10","left":"10","isLinked":"1"},"content_position":"center"},"elements":[{"id":"19becc62","settings":{"title":"wedding photography by adam walker\n","title_color":"#000000","typography_typography":"custom","typography_font_family":"Autour One","typography_font_size":{"unit":"px","size":"12","sizes":[]},"typography_font_weight":"700","typography_text_transform":"uppercase","typography_line_height":{"unit":"px","size":"22","sizes":[]},"_margin":{"unit":"px","top":"0","right":"0","bottom":"0","left":"0","isLinked":""},"align":"left","link":{"url":"#","is_external":"","nofollow":""}},"elements":[],"isInner":false,"widgetType":"heading","elType":"widget"},{"id":"4012ca2b","settings":{"title":"portfolio","header_size":"h3","title_color":"#000000","typography_typography":"custom","typography_font_family":"Autour One","typography_font_size":{"unit":"px","size":"40","sizes":[]},"typography_font_weight":"700","typography_line_height":{"unit":"px","size":"50","sizes":[]},"align":"left","align_tablet":"center","_margin":{"unit":"px","top":"0","right":"0","bottom":"0","left":"0","isLinked":""},"typography_text_transform":"uppercase"},"elements":[],"isInner":false,"widgetType":"heading","elType":"widget"},{"id":"51f890f9","settings":{"text":"Booking","typography_typography":"custom","typography_font_family":"Assistant","typography_font_size":{"unit":"px","size":"14","sizes":[]},"typography_font_weight":"700","typography_text_transform":"uppercase","typography_line_height":{"unit":"px","size":"14","sizes":[]},"typography_letter_spacing":{"unit":"px","size":"2","sizes":[]},"button_text_color":"#000000","background_color":"#dbcda2","button_background_hover_color":"#dbbb51","border_radius":{"unit":"px","top":"0","right":"0","bottom":"0","left":"0","isLinked":"1"},"text_padding":{"unit":"px","top":"20","right":"45","bottom":"20","left":"45","isLinked":""},"_margin":{"unit":"px","top":"10","right":"0","bottom":"20","left":"0","isLinked":""},"align_tablet":"center"},"elements":[],"isInner":false,"widgetType":"button","elType":"widget"}],"isInner":"1","elType":"column"},{"id":"5e01ceca","settings":{"_column_size":"50","_inline_size":"","_inline_size_tablet":"100","margin_mobile":{"unit":"px","top":"20","right":"0","bottom":"0","left":"0","isLinked":""}},"elements":[{"id":"5a601390","settings":{"carousel":[{"id":"5933","url":"http:\/\/sitefacilitado.com.br\/membros\/wp-content\/uploads\/2020\/03\/eliza-szablinska-4336601-unsplash.jpg"},{"id":"5927","url":"http:\/\/sitefacilitado.com.br\/membros\/wp-content\/uploads\/2020\/03\/bride-dress-fashion-2122351.jpg"},{"id":"5929","url":"http:\/\/sitefacilitado.com.br\/membros\/wp-content\/uploads\/2020\/03\/vasily-koloda-620889-unsplash.jpg"},{"id":"5928","url":"http:\/\/sitefacilitado.com.br\/membros\/wp-content\/uploads\/2020\/03\/nathan-dumlao-569835-unsplash-e1559226789603.jpg"},{"id":"5931","url":"http:\/\/sitefacilitado.com.br\/membros\/wp-content\/uploads\/2020\/03\/beach-bride-bride-and-groom-1679822.jpg"}],"thumbnail_size":"custom","slides_to_show":"1","effect":"fade","direction":"rtl","arrows_position":"outside","arrows_size":{"unit":"px","size":"20","sizes":[]},"arrows_color":"#111111","dots_position":"inside","dots_size":{"unit":"px","size":"12","sizes":[]},"dots_color":"#dbcda2","image_border_radius":{"unit":"px","top":"4","right":"4","bottom":"4","left":"4","isLinked":"1"},"_margin":{"unit":"px","top":"-5","right":"0","bottom":"-52","left":"0","isLinked":""},"_box_shadow_box_shadow_type":"yes","_box_shadow_box_shadow":{"horizontal":"-10","vertical":"-10","blur":"50","spread":"0","color":"rgba(0,0,0,0.11)"},"thumbnail_custom_dimension":{"width":"800","height":"600"},"navigation":"arrows"},"elements":[],"isInner":false,"widgetType":"image-carousel","elType":"widget"}],"isInner":"1","elType":"column"}],"isInner":"1","elType":"section"},{"id":"6f797512","settings":{"structure":"20","margin_tablet":{"unit":"px","top":"0","right":"0","bottom":"0","left":"0","isLinked":""},"padding":{"unit":"px","top":"70","right":"0","bottom":"20","left":"0","isLinked":""},"padding_tablet":{"unit":"px","top":"40","right":"0","bottom":"40","left":"0","isLinked":""}},"elements":[{"id":"229eeee2","settings":{"_column_size":"50","_inline_size":"","_inline_size_tablet":"100","_inline_size_mobile":"100","content_position":"center","margin":{"unit":"px","top":"0","right":"50","bottom":"0","left":"0","isLinked":""},"margin_tablet":{"unit":"px","top":"0","right":"0","bottom":"0","left":"0","isLinked":""},"margin_mobile":{"unit":"px","top":"0","right":"0","bottom":"0","left":"0","isLinked":""},"padding":{"unit":"em","top":"","right":"","bottom":"","left":"","isLinked":""}},"elements":[{"id":"5d812435","settings":{"title":"Capturing a Moment for a Lifetime.","header_size":"h3","title_color":"#000000","typography_typography":"custom","typography_font_family":"Autour One","typography_font_size":{"unit":"px","size":"30","sizes":[]},"typography_font_weight":"700","align":"left","typography_text_transform":"uppercase","_animation":"fadeInUp"},"elements":[],"isInner":false,"widgetType":"heading","elType":"widget"}],"isInner":"1","elType":"column"},{"id":"1aa269a","settings":{"_column_size":"50","_inline_size":"","_inline_size_tablet":"100","content_position":"center"},"elements":[{"id":"3102ea1d","settings":{"editor":"Lorem Ipsum is simply dummy text of the printing and typesetting industry. Lorem Ipsum has been the industry's standard dummy text ever since the 1500s, when an unknown printer took a galley of type and scrambled it to make a type specimen book. It has survived not only five centuries.","typography_typography":"custom","typography_font_family":"Assistant","typography_font_size":{"unit":"px","size":"14","sizes":[]},"typography_line_height":{"unit":"px","size":"24","sizes":[]},"align":"justify","align_tablet":"center"},"elements":[],"isInner":false,"widgetType":"text-editor","elType":"widget"}],"isInner":"1","elType":"column"}],"isInner":"1","elType":"section"},{"id":"2c1a19a5","settings":{"margin":{"unit":"px","top":"20","right":"0","bottom":"0","left":"0","isLinked":""},"margin_mobile":{"unit":"px","top":"0","right":"0","bottom":"0","left":"0","isLinked":""},"margin_tablet":{"unit":"px","top":"0","right":"0","bottom":"0","left":"0","isLinked":""}},"elements":[{"id":"206e7b2b","settings":{"_column_size":"100","_inline_size":"","margin":{"unit":"px","top":"0","right":"0","bottom":"50","left":"0","isLinked":""},"margin_mobile":{"unit":"px","top":"0","right":"0","bottom":"30","left":"0","isLinked":""},"padding":{"unit":"px","top":"0","right":"0","bottom":"0","left":"0","isLinked":""}},"elements":[{"id":"a5c29d4","settings":{"youtube_url":"https:\/\/www.youtube.com\/watch?v=XHOmBV4js_E","vimeo_url":"https:\/\/vimeo.com\/235215203","dailymotion_url":"https:\/\/www.dailymotion.com\/video\/x6tqhqb","show_image_overlay":"yes","image_overlay":{"url":"http:\/\/sitefacilitado.com.br\/membros\/wp-content\/uploads\/2020\/03\/foto-pettine-756112-unsplash.jpg","id":"5940"},"_border_radius":{"unit":"px","top":"4","right":"4","bottom":"4","left":"4","isLinked":"1"},"_box_shadow_box_shadow_type":"yes","_box_shadow_box_shadow":{"horizontal":"0","vertical":"0","blur":"64","spread":"0","color":"rgba(0,0,0,0.18)"}},"elements":[],"isInner":false,"widgetType":"video","elType":"widget"},{"id":"96fe0c7","settings":{"editor":"25\/02\/2019","typography_typography":"custom","typography_font_family":"Assistant","typography_font_size":{"unit":"px","size":"12","sizes":[]},"typography_line_height":{"unit":"px","size":"12","sizes":[]},"typography_letter_spacing":{"unit":"px","size":"1.8","sizes":[]},"align":"right","typography_text_transform":"uppercase","_margin":{"unit":"px","top":"0","right":"0","bottom":"0","left":"0","isLinked":""},"typography_font_weight":"700"},"elements":[],"isInner":false,"widgetType":"text-editor","elType":"widget"},{"id":"6d423187","settings":{"title":"TRAVIS & HELGA","title_color":"#000000","typography_typography":"custom","typography_font_family":"Assistant","typography_font_size":{"unit":"px","size":"18","sizes":[]},"typography_font_weight":"700","typography_text_transform":"uppercase","typography_line_height":{"unit":"px","size":"22","sizes":[]},"_margin":{"unit":"px","top":"-15","right":"0","bottom":"0","left":"0","isLinked":""},"align":"right","link":{"url":"#","is_external":"","nofollow":""}},"elements":[],"isInner":false,"widgetType":"heading","elType":"widget"}],"isInner":"1","elType":"column"}],"isInner":"1","elType":"section"},{"id":"61704daa","settings":{"padding":{"unit":"em","top":"0","right":"0","bottom":"0","left":"0","isLinked":"1"},"structure":"20","background_background":"classic","background_color":"#ffffff","gap":"no","border_radius":{"unit":"px","top":"4","right":"4","bottom":"4","left":"4","isLinked":"1"}},"elements":[{"id":"5f42db86","settings":{"_column_size":"50","_inline_size":"","_inline_size_tablet":"100","margin":{"unit":"px","top":"0","right":"20","bottom":"0","left":"0","isLinked":""},"margin_tablet":{"unit":"px","top":"0","right":"0","bottom":"0","left":"0","isLinked":""},"padding":{"unit":"px","top":"0","right":"0","bottom":"0","left":"0","isLinked":"1"}},"elements":[{"id":"15c1e43c","settings":{"margin":{"unit":"px","top":"-40","right":"0","bottom":"10","left":"0","isLinked":""},"gap":"no"},"elements":[{"id":"192e8824","settings":{"_column_size":"100","_inline_size":"","margin_tablet":{"unit":"px","top":"0","right":"0","bottom":"0","left":"0","isLinked":""}},"elements":[{"id":"4991527","settings":{"image":{"url":"http:\/\/sitefacilitado.com.br\/membros\/wp-content\/uploads\/2020\/03\/nathan-dumlao-569822-unsplash-e1559226808865.jpg","id":"5941"},"image_border_radius":{"unit":"px","top":"4","right":"4","bottom":"4","left":"4","isLinked":"1"},"image_box_shadow_box_shadow_type":"yes","image_box_shadow_box_shadow":{"horizontal":"-10","vertical":"-10","blur":"50","spread":"0","color":"rgba(0,0,0,0.11)"},"_margin":{"unit":"px","top":"0","right":"0","bottom":"-52","left":"0","isLinked":""},"css_filters_hover_brightness":{"unit":"px","size":"58","sizes":[]},"background_hover_transition":{"unit":"px","size":"0.9","sizes":[]},"css_filters_hover_css_filter":"custom","image_size":"custom","image_custom_dimension":{"width":"600","height":"700"}},"elements":[],"isInner":false,"widgetType":"image","elType":"widget"},{"id":"7477e813","settings":{"text":"View More","align":"right","typography_typography":"custom","typography_font_family":"Assistant","typography_font_size":{"unit":"px","size":"12","sizes":[]},"typography_font_weight":"700","typography_text_transform":"uppercase","typography_line_height":{"unit":"px","size":"12","sizes":[]},"typography_letter_spacing":{"unit":"px","size":"2","sizes":[]},"button_text_color":"#000000","background_color":"rgba(219,205,162,0)","hover_color":"#dbbb51","button_background_hover_color":"#ffffff","border_radius":{"unit":"px","top":"0","right":"0","bottom":"4","left":"0","isLinked":""},"text_padding":{"unit":"px","top":"10","right":"25","bottom":"10","left":"25","isLinked":""},"_margin":{"unit":"px","top":"0","right":"0","bottom":"0","left":"0","isLinked":""}},"elements":[],"isInner":false,"widgetType":"button","elType":"widget"},{"id":"32cb2f50","settings":{"editor":"Broaddus Avenue, Connecticut","typography_typography":"custom","typography_font_family":"Assistant","typography_font_size":{"unit":"px","size":"12","sizes":[]},"typography_line_height":{"unit":"px","size":"12","sizes":[]},"align":"left","typography_text_transform":"uppercase","_margin":{"unit":"px","top":"-10","right":"0","bottom":"0","left":"0","isLinked":""}},"elements":[],"isInner":false,"widgetType":"text-editor","elType":"widget"},{"id":"14eea0a6","settings":{"title":"Mike & Anna","title_color":"#000000","typography_typography":"custom","typography_font_family":"Autour One","typography_font_size":{"unit":"px","size":"15","sizes":[]},"typography_font_weight":"700","typography_text_transform":"uppercase","typography_line_height":{"unit":"px","size":"22","sizes":[]},"_margin":{"unit":"px","top":"-20","right":"0","bottom":"0","left":"0","isLinked":""},"align":"left","link":{"url":"#","is_external":"","nofollow":""}},"elements":[],"isInner":false,"widgetType":"heading","elType":"widget"}],"isInner":"1","elType":"column"}],"isInner":"1","elType":"section"},{"id":"1453e9cd","settings":{"margin":{"unit":"px","top":"40","right":"0","bottom":"10","left":"0","isLinked":""},"gap":"no"},"elements":[{"id":"1028b1d8","settings":{"_column_size":"100","_inline_size":""},"elements":[{"id":"2f94c997","settings":{"image":{"url":"http:\/\/sitefacilitado.com.br\/membros\/wp-content\/uploads\/2020\/03\/ancient-arch-architecture-2041101.jpg","id":"5932"},"image_border_radius":{"unit":"px","top":"4","right":"4","bottom":"4","left":"4","isLinked":"1"},"image_box_shadow_box_shadow_type":"yes","image_box_shadow_box_shadow":{"horizontal":"-10","vertical":"-10","blur":"50","spread":"0","color":"rgba(0,0,0,0.11)"},"_margin":{"unit":"px","top":"0","right":"0","bottom":"-52","left":"0","isLinked":""},"css_filters_hover_brightness":{"unit":"px","size":"58","sizes":[]},"background_hover_transition":{"unit":"px","size":"0.9","sizes":[]},"css_filters_hover_css_filter":"custom"},"elements":[],"isInner":false,"widgetType":"image","elType":"widget"},{"id":"12243534","settings":{"text":"View More","align":"right","typography_typography":"custom","typography_font_family":"Assistant","typography_font_size":{"unit":"px","size":"12","sizes":[]},"typography_font_weight":"700","typography_text_transform":"uppercase","typography_line_height":{"unit":"px","size":"12","sizes":[]},"typography_letter_spacing":{"unit":"px","size":"2","sizes":[]},"button_text_color":"#ffffff","background_color":"rgba(219,205,162,0)","hover_color":"#dbbb51","button_background_hover_color":"#ffffff","border_radius":{"unit":"px","top":"0","right":"0","bottom":"4","left":"0","isLinked":""},"text_padding":{"unit":"px","top":"10","right":"25","bottom":"10","left":"25","isLinked":""},"_margin":{"unit":"px","top":"0","right":"0","bottom":"0","left":"0","isLinked":""}},"elements":[],"isInner":false,"widgetType":"button","elType":"widget"},{"id":"1b4f3f3f","settings":{"editor":"Sunburst Drive, Florida","typography_typography":"custom","typography_font_family":"Assistant","typography_font_size":{"unit":"px","size":"12","sizes":[]},"typography_line_height":{"unit":"px","size":"12","sizes":[]},"align":"left","typography_text_transform":"uppercase","_margin":{"unit":"px","top":"-10","right":"0","bottom":"0","left":"0","isLinked":""}},"elements":[],"isInner":false,"widgetType":"text-editor","elType":"widget"},{"id":"31927443","settings":{"title":"Travis & Helga","title_color":"#000000","typography_typography":"custom","typography_font_family":"Autour One","typography_font_size":{"unit":"px","size":"15","sizes":[]},"typography_font_weight":"700","typography_text_transform":"uppercase","typography_line_height":{"unit":"px","size":"22","sizes":[]},"_margin":{"unit":"px","top":"-20","right":"0","bottom":"0","left":"0","isLinked":""},"align":"left","link":{"url":"#","is_external":"","nofollow":""}},"elements":[],"isInner":false,"widgetType":"heading","elType":"widget"}],"isInner":"1","elType":"column"}],"isInner":"1","elType":"section"},{"id":"3fdba89d","settings":{"margin":{"unit":"px","top":"40","right":"0","bottom":"10","left":"0","isLinked":""},"gap":"no"},"elements":[{"id":"74da6211","settings":{"_column_size":"100","_inline_size":""},"elements":[{"id":"2d748421","settings":{"image":{"url":"http:\/\/sitefacilitado.com.br\/membros\/wp-content\/uploads\/2020\/03\/jessica-rockowitz-1145846-unsplash-e1559226757730-scaled.jpg","id":"5925"},"image_border_radius":{"unit":"px","top":"4","right":"4","bottom":"4","left":"4","isLinked":"1"},"image_box_shadow_box_shadow_type":"yes","image_box_shadow_box_shadow":{"horizontal":"-10","vertical":"-10","blur":"50","spread":"0","color":"rgba(0,0,0,0.11)"},"_margin":{"unit":"px","top":"0","right":"0","bottom":"-52","left":"0","isLinked":""},"css_filters_hover_brightness":{"unit":"px","size":"58","sizes":[]},"background_hover_transition":{"unit":"px","size":"0.9","sizes":[]},"css_filters_hover_css_filter":"custom"},"elements":[],"isInner":false,"widgetType":"image","elType":"widget"},{"id":"6faf55c7","settings":{"text":"View More","align":"right","typography_typography":"custom","typography_font_family":"Assistant","typography_font_size":{"unit":"px","size":"12","sizes":[]},"typography_font_weight":"700","typography_text_transform":"uppercase","typography_line_height":{"unit":"px","size":"12","sizes":[]},"typography_letter_spacing":{"unit":"px","size":"2","sizes":[]},"button_text_color":"#ffffff","background_color":"rgba(219,205,162,0)","hover_color":"#dbbb51","button_background_hover_color":"#ffffff","border_radius":{"unit":"px","top":"0","right":"0","bottom":"4","left":"0","isLinked":""},"text_padding":{"unit":"px","top":"10","right":"25","bottom":"10","left":"25","isLinked":""},"_margin":{"unit":"px","top":"0","right":"0","bottom":"0","left":"0","isLinked":""}},"elements":[],"isInner":false,"widgetType":"button","elType":"widget"},{"id":"c1d61fc","settings":{"editor":"Caynor Circle, New Jersey","typography_typography":"custom","typography_font_family":"Assistant","typography_font_size":{"unit":"px","size":"12","sizes":[]},"typography_line_height":{"unit":"px","size":"12","sizes":[]},"align":"left","typography_text_transform":"uppercase","_margin":{"unit":"px","top":"-10","right":"0","bottom":"0","left":"0","isLinked":""}},"elements":[],"isInner":false,"widgetType":"text-editor","elType":"widget"},{"id":"5fd951b3","settings":{"title":"Dan & Julia","title_color":"#000000","typography_typography":"custom","typography_font_family":"Autour One","typography_font_size":{"unit":"px","size":"15","sizes":[]},"typography_font_weight":"700","typography_text_transform":"uppercase","typography_line_height":{"unit":"px","size":"22","sizes":[]},"_margin":{"unit":"px","top":"-20","right":"0","bottom":"0","left":"0","isLinked":""},"align":"left","link":{"url":"#","is_external":"","nofollow":""}},"elements":[],"isInner":false,"widgetType":"heading","elType":"widget"}],"isInner":"1","elType":"column"}],"isInner":"1","elType":"section"},{"id":"57c8ac70","settings":{"margin":{"unit":"px","top":"40","right":"0","bottom":"10","left":"0","isLinked":""},"gap":"no"},"elements":[{"id":"1d498960","settings":{"_column_size":"100","_inline_size":""},"elements":[{"id":"30e85323","settings":{"image":{"url":"http:\/\/sitefacilitado.com.br\/membros\/wp-content\/uploads\/2020\/03\/dmitry-schemelev-1205165-unsplash-min.jpg","id":"5934"},"image_border_radius":{"unit":"px","top":"4","right":"4","bottom":"4","left":"4","isLinked":"1"},"image_box_shadow_box_shadow_type":"yes","image_box_shadow_box_shadow":{"horizontal":"-10","vertical":"-10","blur":"50","spread":"0","color":"rgba(0,0,0,0.11)"},"_margin":{"unit":"px","top":"0","right":"0","bottom":"-52","left":"0","isLinked":""},"css_filters_hover_brightness":{"unit":"px","size":"58","sizes":[]},"background_hover_transition":{"unit":"px","size":"0.9","sizes":[]},"css_filters_hover_css_filter":"custom"},"elements":[],"isInner":false,"widgetType":"image","elType":"widget"},{"id":"493e9554","settings":{"text":"View More","align":"right","typography_typography":"custom","typography_font_family":"Assistant","typography_font_size":{"unit":"px","size":"12","sizes":[]},"typography_font_weight":"700","typography_text_transform":"uppercase","typography_line_height":{"unit":"px","size":"12","sizes":[]},"typography_letter_spacing":{"unit":"px","size":"2","sizes":[]},"button_text_color":"#ffffff","background_color":"rgba(219,205,162,0)","hover_color":"#dbbb51","button_background_hover_color":"#ffffff","border_radius":{"unit":"px","top":"0","right":"0","bottom":"4","left":"0","isLinked":""},"text_padding":{"unit":"px","top":"10","right":"25","bottom":"10","left":"25","isLinked":""},"_margin":{"unit":"px","top":"0","right":"0","bottom":"0","left":"0","isLinked":""}},"elements":[],"isInner":false,"widgetType":"button","elType":"widget"},{"id":"16354949","settings":{"editor":"Caynor Circle, New Jersey","typography_typography":"custom","typography_font_family":"Assistant","typography_font_size":{"unit":"px","size":"12","sizes":[]},"typography_line_height":{"unit":"px","size":"12","sizes":[]},"align":"left","typography_text_transform":"uppercase","_margin":{"unit":"px","top":"-10","right":"0","bottom":"0","left":"0","isLinked":""}},"elements":[],"isInner":false,"widgetType":"text-editor","elType":"widget"},{"id":"671637eb","settings":{"title":"Stan & Gloria","title_color":"#000000","typography_typography":"custom","typography_font_family":"Autour One","typography_font_size":{"unit":"px","size":"15","sizes":[]},"typography_font_weight":"700","typography_text_transform":"uppercase","typography_line_height":{"unit":"px","size":"22","sizes":[]},"_margin":{"unit":"px","top":"-20","right":"0","bottom":"0","left":"0","isLinked":""},"align":"left","link":{"url":"#","is_external":"","nofollow":""}},"elements":[],"isInner":false,"widgetType":"heading","elType":"widget"}],"isInner":"1","elType":"column"}],"isInner":"1","elType":"section"}],"isInner":"","elType":"column"},{"id":"3e72a054","settings":{"_column_size":"50","_inline_size":"","_inline_size_tablet":"100","margin":{"unit":"px","top":"0","right":"0","bottom":"0","left":"20","isLinked":""},"margin_tablet":{"unit":"px","top":"0","right":"0","bottom":"0","left":"0","isLinked":""},"padding":{"unit":"em","top":"0","right":"0","bottom":"0","left":"0","isLinked":""}},"elements":[{"id":"12f18035","settings":{"editor":"<p>Lorem ipsum dolor sit amet, consectetur adipiscing elit, sed do eiusmod tempor incididunt ut labore et dolore magna aliqua. Ut enim ad minim veniam, quis nostrud exercitation ullamco laboris nisi ut aliquip ex ea commodo consequat. Duis aute irure dolor in reprehenderit in voluptate velit esse cillum dolore eu fugiat nulla pariatur. Excepteur sint occaecat cupidatat non proident, sunt in culpa qui officia deserunt mollit anim id est laborum.<\/p>","typography_typography":"custom","typography_font_family":"Assistant","typography_font_size":{"unit":"px","size":"14","sizes":[]},"typography_line_height":{"unit":"px","size":"24","sizes":[]},"align":"justify","align_tablet":"center","_padding":{"unit":"em","top":"2","right":"3","bottom":"0","left":"0","isLinked":""}},"elements":[],"isInner":false,"widgetType":"text-editor","elType":"widget"},{"id":"1889929c","settings":{"margin":{"unit":"px","top":"40","right":"0","bottom":"10","left":"0","isLinked":""},"gap":"no"},"elements":[{"id":"18353504","settings":{"_column_size":"100","_inline_size":""},"elements":[{"id":"189f3d2","settings":{"image":{"url":"http:\/\/sitefacilitado.com.br\/membros\/wp-content\/uploads\/2020\/03\/vitor-pinto-1131651-unsplash-e1559226701932-scaled.jpg","id":"5956"},"image_border_radius":{"unit":"px","top":"4","right":"4","bottom":"4","left":"4","isLinked":"1"},"image_box_shadow_box_shadow_type":"yes","image_box_shadow_box_shadow":{"horizontal":"-10","vertical":"-10","blur":"50","spread":"0","color":"rgba(0,0,0,0.11)"},"_margin":{"unit":"px","top":"0","right":"0","bottom":"-52","left":"0","isLinked":""},"css_filters_hover_brightness":{"unit":"px","size":"58","sizes":[]},"background_hover_transition":{"unit":"px","size":"0.9","sizes":[]},"css_filters_hover_css_filter":"custom","css_filters_css_filter":"custom","css_filters_brightness":{"unit":"px","size":"104","sizes":[]},"css_filters_contrast":{"unit":"px","size":"89","sizes":[]}},"elements":[],"isInner":false,"widgetType":"image","elType":"widget"},{"id":"5c06428","settings":{"text":"View More","align":"right","typography_typography":"custom","typography_font_family":"Assistant","typography_font_size":{"unit":"px","size":"12","sizes":[]},"typography_font_weight":"700","typography_text_transform":"uppercase","typography_line_height":{"unit":"px","size":"12","sizes":[]},"typography_letter_spacing":{"unit":"px","size":"2","sizes":[]},"button_text_color":"#ffffff","background_color":"rgba(219,205,162,0)","hover_color":"#dbbb51","button_background_hover_color":"#ffffff","border_radius":{"unit":"px","top":"0","right":"0","bottom":"4","left":"0","isLinked":""},"text_padding":{"unit":"px","top":"10","right":"25","bottom":"10","left":"25","isLinked":""},"_margin":{"unit":"px","top":"0","right":"0","bottom":"0","left":"0","isLinked":""}},"elements":[],"isInner":false,"widgetType":"button","elType":"widget"},{"id":"6116ad9d","settings":{"editor":"Ritter Street, Alabama","typography_typography":"custom","typography_font_family":"Assistant","typography_font_size":{"unit":"px","size":"12","sizes":[]},"typography_line_height":{"unit":"px","size":"12","sizes":[]},"align":"left","typography_text_transform":"uppercase","_margin":{"unit":"px","top":"-10","right":"0","bottom":"0","left":"0","isLinked":""}},"elements":[],"isInner":false,"widgetType":"text-editor","elType":"widget"},{"id":"41d86b2d","settings":{"title":"Randy & Amelia","title_color":"#000000","typography_typography":"custom","typography_font_family":"Autour One","typography_font_size":{"unit":"px","size":"15","sizes":[]},"typography_font_weight":"700","typography_text_transform":"uppercase","typography_line_height":{"unit":"px","size":"22","sizes":[]},"_margin":{"unit":"px","top":"-20","right":"0","bottom":"0","left":"0","isLinked":""},"align":"left","link":{"url":"#","is_external":"","nofollow":""}},"elements":[],"isInner":false,"widgetType":"heading","elType":"widget"}],"isInner":"1","elType":"column"}],"isInner":"1","elType":"section"},{"id":"78e6b41c","settings":{"margin":{"unit":"px","top":"40","right":"0","bottom":"10","left":"0","isLinked":""},"gap":"no"},"elements":[{"id":"4f1e0002","settings":{"_column_size":"100","_inline_size":""},"elements":[{"id":"38dcc83f","settings":{"image":{"url":"http:\/\/sitefacilitado.com.br\/membros\/wp-content\/uploads\/2020\/03\/adult-beautiful-blur-1398224.jpg","id":"5977"},"image_border_radius":{"unit":"px","top":"4","right":"4","bottom":"4","left":"4","isLinked":"1"},"image_box_shadow_box_shadow_type":"yes","image_box_shadow_box_shadow":{"horizontal":"-10","vertical":"-10","blur":"50","spread":"0","color":"rgba(0,0,0,0.11)"},"_margin":{"unit":"px","top":"0","right":"0","bottom":"-52","left":"0","isLinked":""},"css_filters_hover_brightness":{"unit":"px","size":"58","sizes":[]},"background_hover_transition":{"unit":"px","size":"0.9","sizes":[]},"css_filters_hover_css_filter":"custom"},"elements":[],"isInner":false,"widgetType":"image","elType":"widget"},{"id":"2b7c3842","settings":{"text":"View More","align":"right","typography_typography":"custom","typography_font_family":"Assistant","typography_font_size":{"unit":"px","size":"12","sizes":[]},"typography_font_weight":"700","typography_text_transform":"uppercase","typography_line_height":{"unit":"px","size":"12","sizes":[]},"typography_letter_spacing":{"unit":"px","size":"2","sizes":[]},"button_text_color":"#ffffff","background_color":"rgba(219,205,162,0)","hover_color":"#dbbb51","button_background_hover_color":"#ffffff","border_radius":{"unit":"px","top":"0","right":"0","bottom":"4","left":"0","isLinked":""},"text_padding":{"unit":"px","top":"10","right":"25","bottom":"10","left":"25","isLinked":""},"_margin":{"unit":"px","top":"0","right":"0","bottom":"0","left":"0","isLinked":""}},"elements":[],"isInner":false,"widgetType":"button","elType":"widget"},{"id":"3e16217f","settings":{"editor":"Caynor Circle, New Jersey","typography_typography":"custom","typography_font_family":"Assistant","typography_font_size":{"unit":"px","size":"12","sizes":[]},"typography_line_height":{"unit":"px","size":"12","sizes":[]},"align":"left","typography_text_transform":"uppercase","_margin":{"unit":"px","top":"-10","right":"0","bottom":"0","left":"0","isLinked":""}},"elements":[],"isInner":false,"widgetType":"text-editor","elType":"widget"},{"id":"2289601","settings":{"title":"John &amp; jacob","title_color":"#000000","typography_typography":"custom","typography_font_family":"Autour One","typography_font_size":{"unit":"px","size":"15","sizes":[]},"typography_font_weight":"700","typography_text_transform":"uppercase","typography_line_height":{"unit":"px","size":"22","sizes":[]},"_margin":{"unit":"px","top":"-20","right":"0","bottom":"0","left":"0","isLinked":""},"align":"left","link":{"url":"#","is_external":"","nofollow":""}},"elements":[],"isInner":false,"widgetType":"heading","elType":"widget"}],"isInner":"1","elType":"column"}],"isInner":"1","elType":"section"},{"id":"19792bad","settings":{"margin":{"unit":"px","top":"40","right":"0","bottom":"10","left":"0","isLinked":""},"gap":"no"},"elements":[{"id":"3d9a0cf3","settings":{"_column_size":"100","_inline_size":""},"elements":[{"id":"7b570298","settings":{"image":{"url":"http:\/\/sitefacilitado.com.br\/membros\/wp-content\/uploads\/2020\/03\/benjaminrobyn-jespersen-438340-unsplash-e1559226904777-scaled.jpg","id":"5944"},"image_border_radius":{"unit":"px","top":"4","right":"4","bottom":"4","left":"4","isLinked":"1"},"image_box_shadow_box_shadow_type":"yes","image_box_shadow_box_shadow":{"horizontal":"-10","vertical":"-10","blur":"50","spread":"0","color":"rgba(0,0,0,0.11)"},"_margin":{"unit":"px","top":"0","right":"0","bottom":"-52","left":"0","isLinked":""},"css_filters_hover_brightness":{"unit":"px","size":"58","sizes":[]},"background_hover_transition":{"unit":"px","size":"0.9","sizes":[]},"css_filters_hover_css_filter":"custom"},"elements":[],"isInner":false,"widgetType":"image","elType":"widget"},{"id":"31564320","settings":{"text":"View More","align":"right","typography_typography":"custom","typography_font_family":"Assistant","typography_font_size":{"unit":"px","size":"12","sizes":[]},"typography_font_weight":"700","typography_text_transform":"uppercase","typography_line_height":{"unit":"px","size":"12","sizes":[]},"typography_letter_spacing":{"unit":"px","size":"2","sizes":[]},"button_text_color":"#ffffff","background_color":"rgba(219,205,162,0)","hover_color":"#dbbb51","button_background_hover_color":"#ffffff","border_radius":{"unit":"px","top":"0","right":"0","bottom":"4","left":"0","isLinked":""},"text_padding":{"unit":"px","top":"10","right":"25","bottom":"10","left":"25","isLinked":""},"_margin":{"unit":"px","top":"0","right":"0","bottom":"0","left":"0","isLinked":""}},"elements":[],"isInner":false,"widgetType":"button","elType":"widget"},{"id":"d6cf790","settings":{"editor":"Caynor Circle, New Jersey","typography_typography":"custom","typography_font_family":"Assistant","typography_font_size":{"unit":"px","size":"12","sizes":[]},"typography_line_height":{"unit":"px","size":"12","sizes":[]},"align":"left","typography_text_transform":"uppercase","_margin":{"unit":"px","top":"-10","right":"0","bottom":"0","left":"0","isLinked":""}},"elements":[],"isInner":false,"widgetType":"text-editor","elType":"widget"},{"id":"2f65b9af","settings":{"title":"Chan & Angelina","title_color":"#000000","typography_typography":"custom","typography_font_family":"Autour One","typography_font_size":{"unit":"px","size":"15","sizes":[]},"typography_font_weight":"700","typography_text_transform":"uppercase","typography_line_height":{"unit":"px","size":"22","sizes":[]},"_margin":{"unit":"px","top":"-20","right":"0","bottom":"0","left":"0","isLinked":""},"align":"left","link":{"url":"#","is_external":"","nofollow":""}},"elements":[],"isInner":false,"widgetType":"heading","elType":"widget"}],"isInner":"1","elType":"column"}],"isInner":"1","elType":"section"}],"isInner":"","elType":"column"}],"isInner":"","elType":"section"}],"isInner":"","elType":"column"}],"isInner":"","elType":"section"},{"id":"1d5cc8f4","settings":{"background_background":"classic","background_color":"#ffffff","padding":{"unit":"px","top":"80","right":"0","bottom":"40","left":"0","isLinked":""}},"elements":[{"id":"2bd91adf","settings":{"_column_size":"100","_inline_size":"","border_width":{"unit":"px","top":"1","right":"1","bottom":"1","left":"1","isLinked":"1"},"border_color":"#eeeeee","border_radius":{"unit":"px","top":"","right":"","bottom":"","left":"","isLinked":""},"padding":{"unit":"em","top":"","right":"","bottom":"","left":"","isLinked":"1"},"padding_mobile":{"unit":"px","top":"30","right":"30","bottom":"30","left":"30","isLinked":"1"}},"elements":[{"id":"41e8057","settings":{"content_width":{"unit":"px","size":"700","sizes":[]}},"elements":[{"id":"e0d964d","settings":{"_column_size":"100","_inline_size":""},"elements":[{"id":"7bcd5a9a","settings":{"title":"My favorite photo styles","title_color":"#000000","typography_typography":"custom","typography_font_family":"Autour One","typography_font_size":{"unit":"px","size":"30","sizes":[]},"typography_font_weight":"700","typography_text_transform":"uppercase","align":"center","_animation":"fadeInUp"},"elements":[],"isInner":false,"widgetType":"heading","elType":"widget"},{"id":"6763af12","settings":{"editor":"<p>Lorem ipsum dolor sit amet, consectetur adipiscing elit, sed do eiusmod tempor incididunt ut labore et dolore magna aliqua. Ut enim ad minim veniam, quis nostrud exercitation ullamco laboris nisi ut aliquip ex ea commodo consequat. Duis aute irure dolor in reprehenderit in voluptate velit esse cillum dolore eu fugiat nulla pariatur. Excepteur sint occaecat cupidatat non proident, sunt in culpa qui officia deserunt mollit anim id est laborum.<\/p>","typography_typography":"custom","typography_font_family":"Assistant","typography_font_size":{"unit":"px","size":"14","sizes":[]},"typography_line_height":{"unit":"px","size":"24","sizes":[]},"align":"center"},"elements":[],"isInner":false,"widgetType":"text-editor","elType":"widget"}],"isInner":"1","elType":"column"}],"isInner":"1","elType":"section"},{"id":"76983c99","settings":{"structure":"30"},"elements":[{"id":"28ab03d4","settings":{"_column_size":"33","_inline_size":"","_inline_size_tablet":"50","background_background":"classic","background_color":"#f9f9f9","margin":{"unit":"px","top":"0","right":"15","bottom":"0","left":"15","isLinked":""},"margin_tablet":{"unit":"px","top":"0","right":"20","bottom":"30","left":"20","isLinked":""},"margin_mobile":{"unit":"px","top":"0","right":"0","bottom":"30","left":"0","isLinked":""},"padding":{"unit":"px","top":"40","right":"40","bottom":"40","left":"40","isLinked":"1"}},"elements":[{"id":"23fa7012","settings":{"image":{"url":"http:\/\/sitefacilitado.com.br\/membros\/wp-content\/uploads\/2020\/03\/eric-alves-145945-unsplash.jpg","id":"5939"},"image_size":"custom","image_custom_dimension":{"width":"600","height":"400"},"image_border_radius":{"unit":"px","top":"4","right":"4","bottom":"4","left":"4","isLinked":"1"}},"elements":[],"isInner":false,"widgetType":"image","elType":"widget"},{"id":"3fbac842","settings":{"title":"Nature","title_color":"#000000","typography_typography":"custom","typography_font_family":"Autour One","typography_font_size":{"unit":"px","size":"15","sizes":[]},"typography_font_weight":"700","typography_text_transform":"uppercase","typography_line_height":{"unit":"px","size":"22","sizes":[]},"_margin":{"unit":"px","top":"0","right":"0","bottom":"-10","left":"0","isLinked":""},"align":"left","link":{"url":"#","is_external":"","nofollow":""},"align_tablet":"center"},"elements":[],"isInner":false,"widgetType":"heading","elType":"widget"},{"id":"6e759124","settings":{"editor":"<p>Lorem ipsum dolor sit amet, consectetur adipiscing elit, sed do eiusmod tempor incididunt ut labore et dolore.<\/p>","typography_typography":"custom","typography_font_family":"Assistant","typography_font_size":{"unit":"px","size":"14","sizes":[]},"typography_line_height":{"unit":"px","size":"24","sizes":[]},"align_tablet":"center"},"elements":[],"isInner":false,"widgetType":"text-editor","elType":"widget"}],"isInner":"1","elType":"column"},{"id":"7fef3bf1","settings":{"_column_size":"33","_inline_size":"","_inline_size_tablet":"50","background_background":"classic","background_color":"#f9f9f9","margin":{"unit":"px","top":"0","right":"15","bottom":"0","left":"15","isLinked":""},"margin_tablet":{"unit":"px","top":"0","right":"20","bottom":"30","left":"20","isLinked":""},"margin_mobile":{"unit":"px","top":"0","right":"0","bottom":"30","left":"0","isLinked":""},"padding":{"unit":"px","top":"40","right":"40","bottom":"40","left":"40","isLinked":"1"}},"elements":[{"id":"31eee2a1","settings":{"image":{"url":"http:\/\/sitefacilitado.com.br\/membros\/wp-content\/uploads\/2020\/03\/aaron-mello-532049-unsplash-scaled.jpg","id":"5968"},"image_border_radius":{"unit":"px","top":"4","right":"4","bottom":"4","left":"4","isLinked":"1"}},"elements":[],"isInner":false,"widgetType":"image","elType":"widget"},{"id":"66b662cb","settings":{"title":"Seasides\n","title_color":"#000000","typography_typography":"custom","typography_font_family":"Autour One","typography_font_size":{"unit":"px","size":"15","sizes":[]},"typography_font_weight":"700","typography_text_transform":"uppercase","typography_line_height":{"unit":"px","size":"22","sizes":[]},"_margin":{"unit":"px","top":"0","right":"0","bottom":"-10","left":"0","isLinked":""},"align":"left","link":{"url":"#","is_external":"","nofollow":""},"align_tablet":"center"},"elements":[],"isInner":false,"widgetType":"heading","elType":"widget"},{"id":"b5b996e","settings":{"editor":"<p>Lorem ipsum dolor sit amet, consectetur adipiscing elit, sed do eiusmod tempor incididunt ut labore et dolore.<\/p>","typography_typography":"custom","typography_font_family":"Assistant","typography_font_size":{"unit":"px","size":"14","sizes":[]},"typography_line_height":{"unit":"px","size":"24","sizes":[]},"align_tablet":"center"},"elements":[],"isInner":false,"widgetType":"text-editor","elType":"widget"}],"isInner":"1","elType":"column"},{"id":"795f5892","settings":{"_column_size":"33","_inline_size":"","_inline_size_tablet":"50","background_background":"classic","background_color":"#f9f9f9","margin":{"unit":"px","top":"0","right":"15","bottom":"0","left":"15","isLinked":""},"margin_tablet":{"unit":"px","top":"0","right":"20","bottom":"30","left":"20","isLinked":""},"margin_mobile":{"unit":"px","top":"0","right":"0","bottom":"30","left":"0","isLinked":""},"padding":{"unit":"px","top":"40","right":"40","bottom":"40","left":"40","isLinked":"1"}},"elements":[{"id":"318ec3ee","settings":{"image":{"url":"http:\/\/sitefacilitado.com.br\/membros\/wp-content\/uploads\/2020\/03\/dmitry-schemelev-1205165-unsplash-min.jpg","id":"5934"},"image_border_radius":{"unit":"px","top":"4","right":"4","bottom":"4","left":"4","isLinked":"1"}},"elements":[],"isInner":false,"widgetType":"image","elType":"widget"},{"id":"4a71def","settings":{"title":"Special locations","title_color":"#000000","typography_typography":"custom","typography_font_family":"Autour One","typography_font_size":{"unit":"px","size":"15","sizes":[]},"typography_font_weight":"700","typography_text_transform":"uppercase","typography_line_height":{"unit":"px","size":"22","sizes":[]},"_margin":{"unit":"px","top":"0","right":"0","bottom":"-10","left":"0","isLinked":""},"align":"left","link":{"url":"#","is_external":"","nofollow":""},"align_tablet":"center"},"elements":[],"isInner":false,"widgetType":"heading","elType":"widget"},{"id":"5cea78f1","settings":{"editor":"<p>Lorem ipsum dolor sit amet, consectetur adipiscing elit, sed do eiusmod tempor incididunt ut labore et dolore.<\/p>","typography_typography":"custom","typography_font_family":"Assistant","typography_font_size":{"unit":"px","size":"14","sizes":[]},"typography_line_height":{"unit":"px","size":"24","sizes":[]},"align_tablet":"center"},"elements":[],"isInner":false,"widgetType":"text-editor","elType":"widget"}],"isInner":"1","elType":"column"}],"isInner":"1","elType":"section"}],"isInner":"","elType":"column"}],"isInner":"","elType":"section"},{"id":"730ffbc7","settings":{"margin":{"unit":"px","top":"0","right":"0","bottom":"0","left":"0","isLinked":""},"margin_mobile":{"unit":"px","top":"30","right":"0","bottom":"30","left":"0","isLinked":""},"padding":{"unit":"px","top":"50","right":"0","bottom":"0","left":"0","isLinked":""},"padding_tablet":{"unit":"px","top":"0","right":"20","bottom":"0","left":"20","isLinked":""},"padding_mobile":{"unit":"px","top":"0","right":"20","bottom":"0","left":"20","isLinked":""},"margin_tablet":{"unit":"px","top":"40","right":"0","bottom":"40","left":"0","isLinked":""},"background_background":"classic","background_color":"#ffffff"},"elements":[{"id":"4da7acec","settings":{"_column_size":"100","border_border":"solid","border_width":{"unit":"px","top":"1","right":"1","bottom":"1","left":"1","isLinked":"1"},"border_color":"#eeeeee","border_radius":{"unit":"px","top":"","right":"","bottom":"","left":"","isLinked":""},"padding":{"unit":"px","top":"50","right":"50","bottom":"50","left":"50","isLinked":"1"},"padding_mobile":{"unit":"px","top":"30","right":"30","bottom":"30","left":"30","isLinked":"1"}},"elements":[{"id":"63158182","settings":{"content_width":{"unit":"px","size":"700","sizes":[]}},"elements":[{"id":"51bcda1e","settings":{"_column_size":"100","_inline_size":""},"elements":[{"id":"45536c1","settings":{"title":"Booking now for fall 2021","title_color":"#000000","typography_typography":"custom","typography_font_family":"Autour One","typography_font_size":{"unit":"px","size":"30","sizes":[]},"typography_font_weight":"700","typography_text_transform":"uppercase","align":"center","_animation":"fadeInUp"},"elements":[],"isInner":false,"widgetType":"heading","elType":"widget"},{"id":"7d361759","settings":{"editor":"<p>Lorem ipsum dolor sit amet, consectetur adipiscing elit, sed do eiusmod tempor incididunt ut labore et dolore magna aliqua. Ut enim ad minim veniam, quis nostrud exercitation ullamco laboris nisi ut aliquip ex ea commodo consequat. Duis aute irure dolor in reprehenderit in voluptate velit esse cillum dolore eu fugiat nulla pariatur. Excepteur sint occaecat cupidatat non proident, sunt in culpa qui officia deserunt mollit anim id est laborum.<\/p>","typography_typography":"custom","typography_font_family":"Assistant","typography_font_size":{"unit":"px","size":"14","sizes":[]},"typography_line_height":{"unit":"px","size":"24","sizes":[]},"align":"center"},"elements":[],"isInner":false,"widgetType":"text-editor","elType":"widget"}],"isInner":"1","elType":"column"}],"isInner":"1","elType":"section"},{"id":"41adb129","settings":{"text":"Booking","typography_typography":"custom","typography_font_family":"Assistant","typography_font_size":{"unit":"px","size":"14","sizes":[]},"typography_font_weight":"700","typography_text_transform":"uppercase","typography_line_height":{"unit":"px","size":"14","sizes":[]},"typography_letter_spacing":{"unit":"px","size":"2","sizes":[]},"button_text_color":"#000000","background_color":"#dbcda2","button_background_hover_color":"#dbbb51","border_radius":{"unit":"px","top":"0","right":"0","bottom":"0","left":"0","isLinked":"1"},"text_padding":{"unit":"px","top":"20","right":"45","bottom":"20","left":"45","isLinked":""},"_margin":{"unit":"px","top":"10","right":"0","bottom":"0","left":"0","isLinked":""},"align":"center"},"elements":[],"isInner":false,"widgetType":"button","elType":"widget"}],"isInner":"","elType":"column"}],"isInner":"","elType":"section"}]}