{"version":"0.4","title":"Wedding Photography > Portfolio 1","type":"page","content":[{"id":"735b28c2","settings":{"content_width":{"unit":"px","size":"500","sizes":[]},"height":"min-height","custom_height":{"unit":"vh","size":"100","sizes":[]},"content_position":"middle","background_background":"classic","background_image":{"url":"http:\/\/sitefacilitado.com.br\/membros\/wp-content\/uploads\/2020\/03\/eliza-szablinska-4336601-unsplash.jpg","id":"5933"},"background_attachment":"fixed","background_repeat":"no-repeat","background_size":"cover","background_overlay_background":"gradient","background_overlay_color":"rgba(0,0,0,0)","background_overlay_color_b":"#ffffff","margin":{"unit":"px","top":"0","right":"0","bottom":"0","left":"0","isLinked":""},"background_overlay_opacity":{"unit":"px","size":"0.19","sizes":[]},"background_position":"center center","animation":"fadeIn","padding":{"unit":"px","top":"40","right":"0","bottom":"0","left":"0","isLinked":""}},"elements":[{"id":"7011cc6a","settings":{"_column_size":"100","content_position":"top","padding":{"unit":"px","top":"40","right":"0","bottom":"0","left":"0","isLinked":""}},"elements":[{"id":"2f3a488b","settings":{"title":"Adam Walker","header_size":"h1","title_color":"#000000","typography_typography":"custom","typography_font_family":"Caveat","typography_font_size":{"unit":"px","size":"90","sizes":[]},"typography_font_size_mobile":{"unit":"px","size":"50","sizes":[]},"typography_font_weight":"700","typography_letter_spacing":{"unit":"px","size":"-1.5","sizes":[]},"align_tablet":"center","_margin":{"unit":"px","top":"0","right":"0","bottom":"0","left":"0","isLinked":""},"align":"center"},"elements":[],"isInner":false,"widgetType":"heading","elType":"widget"},{"id":"15d789d0","settings":{"title":"Portfolio","align":"center","align_tablet":"center","title_color":"#000000","typography_typography":"custom","typography_font_family":"Autour One","typography_font_size":{"unit":"px","size":"20","sizes":[]},"typography_font_weight":"600","typography_text_transform":"uppercase","typography_line_height":{"unit":"px","size":"20","sizes":[]},"_margin":{"unit":"px","top":"0","right":"0","bottom":"-30","left":"0","isLinked":""}},"elements":[],"isInner":false,"widgetType":"heading","elType":"widget"},{"id":"7ec8334d","settings":{"space":{"unit":"px","size":"600","sizes":[]}},"elements":[],"isInner":false,"widgetType":"spacer","elType":"widget"}],"isInner":"","elType":"column"}],"isInner":"","elType":"section"},{"id":"38d39046","settings":{"margin":{"unit":"px","top":"0","right":"0","bottom":"0","left":"0","isLinked":""},"margin_mobile":{"unit":"px","top":"30","right":"0","bottom":"30","left":"0","isLinked":""},"padding":{"unit":"px","top":"80","right":"0","bottom":"120","left":"0","isLinked":""},"padding_tablet":{"unit":"px","top":"0","right":"20","bottom":"0","left":"20","isLinked":""},"padding_mobile":{"unit":"em","top":"0","right":"0","bottom":"0","left":"0","isLinked":"1"},"margin_tablet":{"unit":"px","top":"40","right":"0","bottom":"40","left":"0","isLinked":""},"background_background":"classic","background_color":"#ffffff"},"elements":[{"id":"1cf692e6","settings":{"_column_size":"100","border_width":{"unit":"px","top":"1","right":"1","bottom":"1","left":"1","isLinked":"1"},"border_color":"#eeeeee","border_radius":{"unit":"px","top":"","right":"","bottom":"","left":"","isLinked":""},"padding":{"unit":"px","top":"50","right":"50","bottom":"50","left":"50","isLinked":"1"},"padding_mobile":{"unit":"em","top":"1","right":"1","bottom":"1","left":"1","isLinked":"1"}},"elements":[{"id":"1a034cdd","settings":{"content_width":{"unit":"px","size":"700","sizes":[]}},"elements":[{"id":"525ca90a","settings":{"_column_size":"100","_inline_size":""},"elements":[{"id":"431da041","settings":{"title":"elopments & weddings","title_color":"#000000","typography_typography":"custom","typography_font_family":"Autour One","typography_font_size":{"unit":"px","size":"30","sizes":[]},"typography_font_weight":"700","typography_text_transform":"uppercase","align":"center","_animation":"fadeInUp"},"elements":[],"isInner":false,"widgetType":"heading","elType":"widget"},{"id":"3914a2b","settings":{"editor":"<p>Lorem ipsum dolor sit amet, consectetur adipiscing elit, sed do eiusmod tempor incididunt ut labore et dolore magna aliqua. Ut enim ad minim veniam, quis nostrud exercitation ullamco laboris nisi ut aliquip ex ea commodo consequat. Duis aute irure dolor in reprehenderit in voluptate velit esse cillum dolore eu fugiat nulla pariatur. Excepteur sint occaecat cupidatat non proident, sunt in culpa qui officia deserunt mollit anim id est laborum.<\/p>","typography_typography":"custom","typography_font_family":"Assistant","typography_font_size":{"unit":"px","size":"14","sizes":[]},"typography_line_height":{"unit":"px","size":"24","sizes":[]},"align":"center","align_mobile":"left"},"elements":[],"isInner":false,"widgetType":"text-editor","elType":"widget"}],"isInner":"1","elType":"column"}],"isInner":"1","elType":"section"}],"isInner":"","elType":"column"}],"isInner":"","elType":"section"},{"id":"2768f0e5","settings":{"padding":{"unit":"px","top":"10","right":"80","bottom":"0","left":"80","isLinked":""},"structure":"30","layout":"full_width","padding_mobile":{"unit":"em","top":"1","right":"1","bottom":"1","left":"1","isLinked":"1"},"background_background":"classic","background_color":"#ffffff"},"elements":[{"id":"6ddfed21","settings":{"_column_size":"33","_inline_size":"","_inline_size_tablet":"100","margin":{"unit":"px","top":"0","right":"0","bottom":"0","left":"0","isLinked":"1"},"padding":{"unit":"px","top":"0","right":"10","bottom":"0","left":"0","isLinked":""}},"elements":[{"id":"2e715e57","settings":{"margin":{"unit":"px","top":"-80","right":"0","bottom":"30","left":"0","isLinked":""},"animation":"fadeInUp","animation_duration":"fast","margin_mobile":{"unit":"px","top":"0","right":"0","bottom":"0","left":"0","isLinked":"1"}},"elements":[{"id":"3e00e862","settings":{"_column_size":"100","_inline_size":""},"elements":[{"id":"5817a2fa","settings":{"image":{"url":"http:\/\/sitefacilitado.com.br\/membros\/wp-content\/uploads\/2020\/03\/benjaminrobyn-jespersen-438340-unsplash-e1559226904777-scaled.jpg","id":"5944"},"image_border_radius":{"unit":"px","top":"4","right":"4","bottom":"4","left":"4","isLinked":"1"},"image_box_shadow_box_shadow":{"horizontal":"-10","vertical":"-10","blur":"50","spread":"0","color":"rgba(0,0,0,0.11)"},"_margin":{"unit":"px","top":"0","right":"0","bottom":"0","left":"0","isLinked":""},"css_filters_hover_brightness":{"unit":"px","size":"141","sizes":[]},"css_filters_hover_contrast":{"unit":"px","size":"86","sizes":[]},"background_hover_transition":{"unit":"px","size":"0.9","sizes":[]},"css_filters_hover_css_filter":"custom"},"elements":[],"isInner":false,"widgetType":"image","elType":"widget"},{"id":"4bd532ff","settings":{"editor":"Ritter Street, Alabama","typography_typography":"custom","typography_font_family":"Assistant","typography_font_size":{"unit":"px","size":"12","sizes":[]},"typography_line_height":{"unit":"px","size":"12","sizes":[]},"align":"center","typography_text_transform":"uppercase","_margin":{"unit":"px","top":"0","right":"0","bottom":"0","left":"0","isLinked":""}},"elements":[],"isInner":false,"widgetType":"text-editor","elType":"widget"},{"id":"4abc6e44","settings":{"title":"Travis & Helga","title_color":"#000000","typography_typography":"custom","typography_font_family":"Autour One","typography_font_size":{"unit":"px","size":"16","sizes":[]},"typography_font_weight":"700","typography_text_transform":"uppercase","typography_line_height":{"unit":"px","size":"22","sizes":[]},"_margin":{"unit":"px","top":"-20","right":"0","bottom":"0","left":"0","isLinked":""},"align":"center","link":{"url":"#","is_external":"","nofollow":""}},"elements":[],"isInner":false,"widgetType":"heading","elType":"widget"}],"isInner":"1","elType":"column"}],"isInner":"1","elType":"section"},{"id":"66722a48","settings":{"margin":{"unit":"px","top":"0","right":"0","bottom":"40","left":"0","isLinked":""},"animation":"fadeInUp"},"elements":[{"id":"1cd0672c","settings":{"_column_size":"100","_inline_size":""},"elements":[{"id":"439284cb","settings":{"image":{"url":"http:\/\/sitefacilitado.com.br\/membros\/wp-content\/uploads\/2020\/03\/vitor-pinto-1131651-unsplash-e1559226701932-scaled.jpg","id":"5956"},"image_border_radius":{"unit":"px","top":"4","right":"4","bottom":"4","left":"4","isLinked":"1"},"image_box_shadow_box_shadow":{"horizontal":"-10","vertical":"-10","blur":"50","spread":"0","color":"rgba(0,0,0,0.11)"},"_margin":{"unit":"px","top":"0","right":"0","bottom":"0","left":"0","isLinked":""},"css_filters_hover_brightness":{"unit":"px","size":"141","sizes":[]},"css_filters_hover_contrast":{"unit":"px","size":"86","sizes":[]},"background_hover_transition":{"unit":"px","size":"0.9","sizes":[]},"css_filters_hover_css_filter":"custom"},"elements":[],"isInner":false,"widgetType":"image","elType":"widget"},{"id":"21eafa17","settings":{"editor":"Caynor Circle, New Jersey","typography_typography":"custom","typography_font_family":"Assistant","typography_font_size":{"unit":"px","size":"12","sizes":[]},"typography_line_height":{"unit":"px","size":"12","sizes":[]},"align":"center","typography_text_transform":"uppercase","_margin":{"unit":"px","top":"0","right":"0","bottom":"0","left":"0","isLinked":""}},"elements":[],"isInner":false,"widgetType":"text-editor","elType":"widget"},{"id":"12fd5cfa","settings":{"title":"Dan & Julia","title_color":"#000000","typography_typography":"custom","typography_font_family":"Autour One","typography_font_size":{"unit":"px","size":"16","sizes":[]},"typography_font_weight":"700","typography_text_transform":"uppercase","typography_line_height":{"unit":"px","size":"22","sizes":[]},"_margin":{"unit":"px","top":"-20","right":"0","bottom":"0","left":"0","isLinked":""},"align":"center","link":{"url":"#","is_external":"","nofollow":""}},"elements":[],"isInner":false,"widgetType":"heading","elType":"widget"}],"isInner":"1","elType":"column"}],"isInner":"1","elType":"section"},{"id":"6cc42d54","settings":{"margin":{"unit":"px","top":"0","right":"0","bottom":"40","left":"0","isLinked":""},"animation":"fadeInUp"},"elements":[{"id":"6dc0362f","settings":{"_column_size":"100","_inline_size":"","margin_tablet":{"unit":"px","top":"0","right":"0","bottom":"0","left":"0","isLinked":""}},"elements":[{"id":"312f758e","settings":{"image":{"url":"https:\/\/wp.envatoextensions.com\/kit-161\/wp-content\/uploads\/sites\/157\/2019\/04\/adult-beautiful-blur-1398224.jpg","id":"242"},"image_border_radius":{"unit":"px","top":"4","right":"4","bottom":"4","left":"4","isLinked":"1"},"image_box_shadow_box_shadow":{"horizontal":"-10","vertical":"-10","blur":"50","spread":"0","color":"rgba(0,0,0,0.11)"},"_margin":{"unit":"px","top":"0","right":"0","bottom":"0","left":"0","isLinked":""},"css_filters_hover_brightness":{"unit":"px","size":"141","sizes":[]},"css_filters_hover_contrast":{"unit":"px","size":"119","sizes":[]},"background_hover_transition":{"unit":"px","size":"0.9","sizes":[]},"css_filters_hover_css_filter":"custom","css_filters_css_filter":"custom","css_filters_brightness":{"unit":"px","size":"147","sizes":[]},"css_filters_contrast":{"unit":"px","size":"87","sizes":[]}},"elements":[],"isInner":false,"widgetType":"image","elType":"widget"},{"id":"64fe3970","settings":{"editor":"Broaddus Avenue, Connecticut","typography_typography":"custom","typography_font_family":"Assistant","typography_font_size":{"unit":"px","size":"12","sizes":[]},"typography_line_height":{"unit":"px","size":"12","sizes":[]},"align":"center","typography_text_transform":"uppercase","_margin":{"unit":"px","top":"0","right":"0","bottom":"0","left":"0","isLinked":""}},"elements":[],"isInner":false,"widgetType":"text-editor","elType":"widget"},{"id":"ef6bff0","settings":{"title":"Mike & James","title_color":"#000000","typography_typography":"custom","typography_font_family":"Autour One","typography_font_size":{"unit":"px","size":"16","sizes":[]},"typography_font_weight":"700","typography_text_transform":"uppercase","typography_line_height":{"unit":"px","size":"22","sizes":[]},"_margin":{"unit":"px","top":"-20","right":"0","bottom":"0","left":"0","isLinked":""},"align":"center","link":{"url":"#","is_external":"","nofollow":""}},"elements":[],"isInner":false,"widgetType":"heading","elType":"widget"}],"isInner":"1","elType":"column"}],"isInner":"1","elType":"section"}],"isInner":"","elType":"column"},{"id":"9f78883","settings":{"_column_size":"33","_inline_size":"","_inline_size_tablet":"100"},"elements":[{"id":"40fac7c","settings":{"margin":{"unit":"px","top":"-40","right":"0","bottom":"30","left":"0","isLinked":""},"animation":"fadeInUp","animation_duration":"fast"},"elements":[{"id":"58ce977b","settings":{"_column_size":"100","_inline_size":""},"elements":[{"id":"1f3d0a2f","settings":{"image":{"url":"http:\/\/sitefacilitado.com.br\/membros\/wp-content\/uploads\/2020\/03\/beach-bride-bride-and-groom-1679822.jpg","id":"5931"},"image_border_radius":{"unit":"px","top":"4","right":"4","bottom":"4","left":"4","isLinked":"1"},"image_box_shadow_box_shadow":{"horizontal":"-10","vertical":"-10","blur":"50","spread":"0","color":"rgba(0,0,0,0.11)"},"_margin":{"unit":"px","top":"0","right":"0","bottom":"0","left":"0","isLinked":""},"css_filters_hover_brightness":{"unit":"px","size":"141","sizes":[]},"css_filters_hover_contrast":{"unit":"px","size":"86","sizes":[]},"background_hover_transition":{"unit":"px","size":"0.9","sizes":[]},"css_filters_hover_css_filter":"custom"},"elements":[],"isInner":false,"widgetType":"image","elType":"widget"},{"id":"17ba5d06","settings":{"editor":"Ritter Street, Alabama","typography_typography":"custom","typography_font_family":"Assistant","typography_font_size":{"unit":"px","size":"12","sizes":[]},"typography_line_height":{"unit":"px","size":"12","sizes":[]},"align":"center","typography_text_transform":"uppercase","_margin":{"unit":"px","top":"0","right":"0","bottom":"0","left":"0","isLinked":""}},"elements":[],"isInner":false,"widgetType":"text-editor","elType":"widget"},{"id":"56c5e839","settings":{"title":"Randy & Amelia","title_color":"#000000","typography_typography":"custom","typography_font_family":"Autour One","typography_font_size":{"unit":"px","size":"16","sizes":[]},"typography_font_weight":"700","typography_text_transform":"uppercase","typography_line_height":{"unit":"px","size":"22","sizes":[]},"_margin":{"unit":"px","top":"-20","right":"0","bottom":"0","left":"0","isLinked":""},"align":"center","link":{"url":"#","is_external":"","nofollow":""}},"elements":[],"isInner":false,"widgetType":"heading","elType":"widget"}],"isInner":"1","elType":"column"}],"isInner":"1","elType":"section"},{"id":"4225614e","settings":{"margin":{"unit":"px","top":"0","right":"0","bottom":"30","left":"0","isLinked":""},"animation":"fadeInUp","animation_duration":"fast"},"elements":[{"id":"78efb0c8","settings":{"_column_size":"100","_inline_size":""},"elements":[{"id":"5fa966ce","settings":{"image":{"url":"http:\/\/sitefacilitado.com.br\/membros\/wp-content\/uploads\/2020\/03\/jessica-rockowitz-1145846-unsplash-e1559226757730-scaled.jpg","id":"5925"},"image_border_radius":{"unit":"px","top":"4","right":"4","bottom":"4","left":"4","isLinked":"1"},"image_box_shadow_box_shadow":{"horizontal":"-10","vertical":"-10","blur":"50","spread":"0","color":"rgba(0,0,0,0.11)"},"_margin":{"unit":"px","top":"0","right":"0","bottom":"0","left":"0","isLinked":""},"css_filters_hover_brightness":{"unit":"px","size":"141","sizes":[]},"css_filters_hover_contrast":{"unit":"px","size":"86","sizes":[]},"background_hover_transition":{"unit":"px","size":"0.9","sizes":[]},"css_filters_hover_css_filter":"custom"},"elements":[],"isInner":false,"widgetType":"image","elType":"widget"},{"id":"27c86ff0","settings":{"editor":"Caynor Circle, New Jersey","typography_typography":"custom","typography_font_family":"Assistant","typography_font_size":{"unit":"px","size":"12","sizes":[]},"typography_line_height":{"unit":"px","size":"12","sizes":[]},"align":"center","typography_text_transform":"uppercase","_margin":{"unit":"px","top":"0","right":"0","bottom":"0","left":"0","isLinked":""}},"elements":[],"isInner":false,"widgetType":"text-editor","elType":"widget"},{"id":"14d9e24f","settings":{"title":"Chan & Angelina","title_color":"#000000","typography_typography":"custom","typography_font_family":"Autour One","typography_font_size":{"unit":"px","size":"16","sizes":[]},"typography_font_weight":"700","typography_text_transform":"uppercase","typography_line_height":{"unit":"px","size":"22","sizes":[]},"_margin":{"unit":"px","top":"-20","right":"0","bottom":"0","left":"0","isLinked":""},"align":"center","link":{"url":"#","is_external":"","nofollow":""}},"elements":[],"isInner":false,"widgetType":"heading","elType":"widget"}],"isInner":"1","elType":"column"}],"isInner":"1","elType":"section"},{"id":"2d3fc31e","settings":{"margin":{"unit":"px","top":"0","right":"0","bottom":"30","left":"0","isLinked":""},"animation":"fadeInUp"},"elements":[{"id":"6b4e217c","settings":{"_column_size":"100","_inline_size":""},"elements":[{"id":"5af6a065","settings":{"image":{"url":"http:\/\/sitefacilitado.com.br\/membros\/wp-content\/uploads\/2020\/03\/nathan-dumlao-569835-unsplash-e1559226789603.jpg","id":"5928"},"image_border_radius":{"unit":"px","top":"4","right":"4","bottom":"4","left":"4","isLinked":"1"},"image_box_shadow_box_shadow":{"horizontal":"-10","vertical":"-10","blur":"50","spread":"0","color":"rgba(0,0,0,0.11)"},"_margin":{"unit":"px","top":"0","right":"0","bottom":"0","left":"0","isLinked":""},"css_filters_hover_brightness":{"unit":"px","size":"141","sizes":[]},"css_filters_hover_contrast":{"unit":"px","size":"86","sizes":[]},"background_hover_transition":{"unit":"px","size":"0.9","sizes":[]},"css_filters_hover_css_filter":"custom"},"elements":[],"isInner":false,"widgetType":"image","elType":"widget"},{"id":"6eababef","settings":{"editor":"Caynor Circle, New Jersey","typography_typography":"custom","typography_font_family":"Assistant","typography_font_size":{"unit":"px","size":"12","sizes":[]},"typography_line_height":{"unit":"px","size":"12","sizes":[]},"align":"center","typography_text_transform":"uppercase","_margin":{"unit":"px","top":"0","right":"0","bottom":"0","left":"0","isLinked":""}},"elements":[],"isInner":false,"widgetType":"text-editor","elType":"widget"},{"id":"6148edcf","settings":{"title":"John & Miranda","title_color":"#000000","typography_typography":"custom","typography_font_family":"Autour One","typography_font_size":{"unit":"px","size":"16","sizes":[]},"typography_font_weight":"700","typography_text_transform":"uppercase","typography_line_height":{"unit":"px","size":"22","sizes":[]},"_margin":{"unit":"px","top":"-20","right":"0","bottom":"0","left":"0","isLinked":""},"align":"center","link":{"url":"#","is_external":"","nofollow":""}},"elements":[],"isInner":false,"widgetType":"heading","elType":"widget"}],"isInner":"1","elType":"column"}],"isInner":"1","elType":"section"}],"isInner":"","elType":"column"},{"id":"c6cc0f0","settings":{"_column_size":"33","_inline_size":"","_inline_size_tablet":"100"},"elements":[{"id":"35b6c302","settings":{"margin":{"unit":"px","top":"0","right":"0","bottom":"30","left":"0","isLinked":""},"animation":"fadeInUp","animation_duration":"fast"},"elements":[{"id":"23ef56ec","settings":{"_column_size":"100","_inline_size":""},"elements":[{"id":"43e7469b","settings":{"image":{"url":"http:\/\/sitefacilitado.com.br\/membros\/wp-content\/uploads\/2020\/03\/nathan-dumlao-569822-unsplash-e1559226808865.jpg","id":"5941"},"image_border_radius":{"unit":"px","top":"4","right":"4","bottom":"4","left":"4","isLinked":"1"},"image_box_shadow_box_shadow":{"horizontal":"-10","vertical":"-10","blur":"50","spread":"0","color":"rgba(0,0,0,0.11)"},"_margin":{"unit":"px","top":"0","right":"0","bottom":"0","left":"0","isLinked":""},"css_filters_hover_brightness":{"unit":"px","size":"141","sizes":[]},"css_filters_hover_contrast":{"unit":"px","size":"86","sizes":[]},"background_hover_transition":{"unit":"px","size":"0.9","sizes":[]},"css_filters_hover_css_filter":"custom"},"elements":[],"isInner":false,"widgetType":"image","elType":"widget"},{"id":"409e626c","settings":{"editor":"Ritter Street, Alabama","typography_typography":"custom","typography_font_family":"Assistant","typography_font_size":{"unit":"px","size":"12","sizes":[]},"typography_line_height":{"unit":"px","size":"12","sizes":[]},"align":"center","typography_text_transform":"uppercase","_margin":{"unit":"px","top":"0","right":"0","bottom":"0","left":"0","isLinked":""}},"elements":[],"isInner":false,"widgetType":"text-editor","elType":"widget"},{"id":"57935140","settings":{"title":"Randy & Amelia","title_color":"#000000","typography_typography":"custom","typography_font_family":"Autour One","typography_font_size":{"unit":"px","size":"16","sizes":[]},"typography_font_weight":"700","typography_text_transform":"uppercase","typography_line_height":{"unit":"px","size":"22","sizes":[]},"_margin":{"unit":"px","top":"-20","right":"0","bottom":"0","left":"0","isLinked":""},"align":"center","link":{"url":"#","is_external":"","nofollow":""}},"elements":[],"isInner":false,"widgetType":"heading","elType":"widget"}],"isInner":"1","elType":"column"}],"isInner":"1","elType":"section"},{"id":"32f96837","settings":{"margin":{"unit":"px","top":"0","right":"0","bottom":"40","left":"0","isLinked":""},"animation":"fadeInUp","animation_duration":"fast"},"elements":[{"id":"4a16ea79","settings":{"_column_size":"100","_inline_size":""},"elements":[{"id":"78f36567","settings":{"image":{"url":"https:\/\/wp.envatoextensions.com\/kit-161\/wp-content\/uploads\/sites\/157\/2019\/04\/dallin-hassard-1259904-unsplash.jpg","id":"307"},"image_border_radius":{"unit":"px","top":"4","right":"4","bottom":"4","left":"4","isLinked":"1"},"image_box_shadow_box_shadow":{"horizontal":"-10","vertical":"-10","blur":"50","spread":"0","color":"rgba(0,0,0,0.11)"},"_margin":{"unit":"px","top":"0","right":"0","bottom":"0","left":"0","isLinked":""},"css_filters_hover_brightness":{"unit":"px","size":"141","sizes":[]},"css_filters_hover_contrast":{"unit":"px","size":"86","sizes":[]},"background_hover_transition":{"unit":"px","size":"0.9","sizes":[]},"css_filters_hover_css_filter":"custom"},"elements":[],"isInner":false,"widgetType":"image","elType":"widget"},{"id":"5034abb1","settings":{"editor":"Ritter Street, Alabama","typography_typography":"custom","typography_font_family":"Assistant","typography_font_size":{"unit":"px","size":"12","sizes":[]},"typography_line_height":{"unit":"px","size":"12","sizes":[]},"align":"center","typography_text_transform":"uppercase","_margin":{"unit":"px","top":"0","right":"0","bottom":"0","left":"0","isLinked":""}},"elements":[],"isInner":false,"widgetType":"text-editor","elType":"widget"},{"id":"55195b9a","settings":{"title":"Randy & Amelia","title_color":"#000000","typography_typography":"custom","typography_font_family":"Autour One","typography_font_size":{"unit":"px","size":"16","sizes":[]},"typography_font_weight":"700","typography_text_transform":"uppercase","typography_line_height":{"unit":"px","size":"22","sizes":[]},"_margin":{"unit":"px","top":"-20","right":"0","bottom":"0","left":"0","isLinked":""},"align":"center","link":{"url":"#","is_external":"","nofollow":""}},"elements":[],"isInner":false,"widgetType":"heading","elType":"widget"}],"isInner":"1","elType":"column"}],"isInner":"1","elType":"section"},{"id":"244e3eaf","settings":{"margin":{"unit":"px","top":"0","right":"0","bottom":"40","left":"0","isLinked":""},"animation":"fadeInUp"},"elements":[{"id":"7a72bfa3","settings":{"_column_size":"100","_inline_size":"","margin_tablet":{"unit":"px","top":"0","right":"0","bottom":"0","left":"0","isLinked":""}},"elements":[{"id":"38ef4022","settings":{"image":{"url":"http:\/\/sitefacilitado.com.br\/membros\/wp-content\/uploads\/2020\/03\/eliza-szablinska-4336601-unsplash.jpg","id":"5933"},"image_border_radius":{"unit":"px","top":"4","right":"4","bottom":"4","left":"4","isLinked":"1"},"image_box_shadow_box_shadow":{"horizontal":"-10","vertical":"-10","blur":"50","spread":"0","color":"rgba(0,0,0,0.11)"},"_margin":{"unit":"px","top":"0","right":"0","bottom":"0","left":"0","isLinked":""},"css_filters_hover_brightness":{"unit":"px","size":"141","sizes":[]},"css_filters_hover_contrast":{"unit":"px","size":"119","sizes":[]},"background_hover_transition":{"unit":"px","size":"0.9","sizes":[]},"css_filters_hover_css_filter":"custom","css_filters_css_filter":"custom","css_filters_brightness":{"unit":"px","size":"147","sizes":[]},"css_filters_contrast":{"unit":"px","size":"87","sizes":[]}},"elements":[],"isInner":false,"widgetType":"image","elType":"widget"},{"id":"ed04cec","settings":{"editor":"Broaddus Avenue, Connecticut","typography_typography":"custom","typography_font_family":"Assistant","typography_font_size":{"unit":"px","size":"12","sizes":[]},"typography_line_height":{"unit":"px","size":"12","sizes":[]},"align":"center","typography_text_transform":"uppercase","_margin":{"unit":"px","top":"0","right":"0","bottom":"0","left":"0","isLinked":""}},"elements":[],"isInner":false,"widgetType":"text-editor","elType":"widget"},{"id":"2baef04c","settings":{"title":"Mike & Anna","title_color":"#000000","typography_typography":"custom","typography_font_family":"Autour One","typography_font_size":{"unit":"px","size":"16","sizes":[]},"typography_font_weight":"700","typography_text_transform":"uppercase","typography_line_height":{"unit":"px","size":"22","sizes":[]},"_margin":{"unit":"px","top":"-20","right":"0","bottom":"0","left":"0","isLinked":""},"align":"center","link":{"url":"#","is_external":"","nofollow":""}},"elements":[],"isInner":false,"widgetType":"heading","elType":"widget"}],"isInner":"1","elType":"column"}],"isInner":"1","elType":"section"}],"isInner":"","elType":"column"}],"isInner":"","elType":"section"},{"id":"52b9e84b","settings":{"layout":"full_width","margin":{"unit":"px","top":"0","right":"0","bottom":"0","left":"0","isLinked":""},"background_background":"classic","background_color":"#ffffff","padding":{"unit":"px","top":"40","right":"80","bottom":"0","left":"80","isLinked":""},"animation":"fadeIn","animation_delay":"400","padding_mobile":{"unit":"em","top":"1","right":"1","bottom":"1","left":"1","isLinked":"1"}},"elements":[{"id":"137724c2","settings":{"_column_size":"100","padding":{"unit":"px","top":"0","right":"0","bottom":"0","left":"0","isLinked":""}},"elements":[{"id":"2ddcd40d","settings":{"content_width":{"unit":"px","size":"500","sizes":[]}},"elements":[{"id":"569719a","settings":{"_column_size":"100","_inline_size":""},"elements":[{"id":"38fab8c2","settings":{"social_icon_list":[{"social":"fa fa-instagram","_id":"4f0db50","link":{"url":"https:\/\/instagram.coim","is_external":"true","nofollow":""}}],"icon_color":"custom","icon_primary_color":"#efefef","icon_secondary_color":"#dbcda2","icon_size":{"unit":"px","size":"21","sizes":[]},"icon_padding":{"unit":"em","size":"0.2","sizes":[]},"_element_vertical_align":"center"},"elements":[],"isInner":false,"widgetType":"social-icons","elType":"widget"},{"id":"32a57229","settings":{"title":"Follow Me on instagram\n","title_color":"#000000","typography_typography":"custom","typography_font_family":"Autour One","typography_font_size":{"unit":"px","size":"18","sizes":[]},"typography_font_weight":"700","typography_text_transform":"uppercase","typography_line_height":{"unit":"px","size":"41","sizes":[]},"_margin":{"unit":"px","top":"0","right":"0","bottom":"30","left":"0","isLinked":""},"align":"center","link":{"url":"#","is_external":"","nofollow":""}},"elements":[],"isInner":false,"widgetType":"heading","elType":"widget"}],"isInner":"1","elType":"column"}],"isInner":"1","elType":"section"},{"id":"31a1a84c","settings":{"carousel":[{"id":"5929","url":"http:\/\/sitefacilitado.com.br\/membros\/wp-content\/uploads\/2020\/03\/vasily-koloda-620889-unsplash.jpg"},{"id":"5943","url":"http:\/\/sitefacilitado.com.br\/membros\/wp-content\/uploads\/2020\/03\/scott-webb-228671-unsplash.jpg"},{"id":"5940","url":"http:\/\/sitefacilitado.com.br\/membros\/wp-content\/uploads\/2020\/03\/foto-pettine-756112-unsplash.jpg"},{"id":"5932","url":"http:\/\/sitefacilitado.com.br\/membros\/wp-content\/uploads\/2020\/03\/ancient-arch-architecture-2041101.jpg"},{"id":"5934","url":"http:\/\/sitefacilitado.com.br\/membros\/wp-content\/uploads\/2020\/03\/dmitry-schemelev-1205165-unsplash-min.jpg"},{"id":"5935","url":"http:\/\/sitefacilitado.com.br\/membros\/wp-content\/uploads\/2020\/03\/chi-n-ph-m-217314-unsplash-min.jpg"}],"thumbnail_size":"custom","thumbnail_custom_dimension":{"width":"1920","height":"1050"},"slides_to_show":"1","slides_to_scroll":"1","image_stretch":"yes","navigation":"dots","caption_type":"caption","pause_on_hover":"no","image_spacing":"custom","caption_text_color":"#ffffff","caption_typography_typography":"custom","caption_typography_font_family":"Autour One","caption_typography_text_transform":"uppercase","_margin":{"unit":"px","top":"0","right":"0","bottom":"0","left":"0","isLinked":""},"_css_classes":"envato-kit-161-caption","caption_typography_font_size":{"unit":"px","size":"14","sizes":[]},"caption_typography_font_weight":"700","caption_typography_line_height":{"unit":"px","size":"40","sizes":[]},"image_border_radius":{"unit":"px","top":"4","right":"4","bottom":"4","left":"4","isLinked":"1"},"_animation":"fadeIn","_border_radius":{"unit":"px","top":"4","right":"4","bottom":"4","left":"4","isLinked":"1"}},"elements":[],"isInner":false,"widgetType":"image-carousel","elType":"widget"}],"isInner":"","elType":"column"}],"isInner":"","elType":"section"},{"id":"4d62cf67","settings":{"margin":{"unit":"px","top":"0","right":"0","bottom":"0","left":"0","isLinked":""},"margin_mobile":{"unit":"px","top":"80","right":"0","bottom":"30","left":"0","isLinked":""},"padding":{"unit":"px","top":"0","right":"0","bottom":"40","left":"0","isLinked":""},"padding_tablet":{"unit":"px","top":"0","right":"30","bottom":"0","left":"30","isLinked":""},"padding_mobile":{"unit":"px","top":"0","right":"20","bottom":"0","left":"20","isLinked":""},"structure":"30","margin_tablet":{"unit":"px","top":"70","right":"0","bottom":"0","left":"0","isLinked":""},"background_background":"classic","background_color":"#ffffff"},"elements":[{"id":"169330b8","settings":{"_column_size":"33","_inline_size":"","_inline_size_tablet":"50","margin_tablet":{"unit":"px","top":"0","right":"0","bottom":"30","left":"0","isLinked":""},"margin_mobile":{"unit":"px","top":"0","right":"0","bottom":"20","left":"0","isLinked":""}},"elements":[{"id":"9ee2cbf","settings":{"weight":{"unit":"px","size":"5","sizes":[]},"color":"#dbcda2","gap":{"unit":"px","size":"2","sizes":[]}},"elements":[],"isInner":false,"widgetType":"divider","elType":"widget"},{"id":"22db3204","settings":{"structure":"21"},"elements":[{"id":"28dcc981","settings":{"_column_size":"33","_inline_size":"20"},"elements":[{"id":"5e575ea4","settings":{"image":{"url":"http:\/\/sitefacilitado.com.br\/membros\/wp-content\/uploads\/2020\/03\/sonnie-hiles-674739-unsplash.jpg","id":"5949"},"image_size":"custom","image_custom_dimension":{"width":"50","height":""},"align":"left","align_mobile":"center","image_border_radius":{"unit":"px","top":"50","right":"50","bottom":"50","left":"50","isLinked":"1"}},"elements":[],"isInner":false,"widgetType":"image","elType":"widget"}],"isInner":"1","elType":"column"},{"id":"432ef02c","settings":{"_column_size":"66","_inline_size":"79.662","space_between_widgets":"0"},"elements":[{"id":"349d6363","settings":{"title":"Masha McPhae","title_color":"#000000","typography_typography":"custom","typography_font_family":"Assistant","typography_font_size":{"unit":"px","size":"18","sizes":[]},"typography_font_weight":"700","typography_text_transform":"uppercase","typography_line_height":{"unit":"px","size":"22","sizes":[]},"_margin":{"unit":"px","top":"0","right":"0","bottom":"0","left":"0","isLinked":""},"align":"left","link":{"url":"#","is_external":"","nofollow":""},"align_mobile":"center","header_size":"h4"},"elements":[],"isInner":false,"widgetType":"heading","elType":"widget"},{"id":"489c94d","settings":{"editor":"<p>@mashmcphae22<\/p>","typography_typography":"custom","typography_font_family":"Assistant","typography_font_size":{"unit":"px","size":"14","sizes":[]},"typography_line_height":{"unit":"px","size":"14","sizes":[]},"column_gap":{"unit":"px","size":"0","sizes":[]},"align":"left","_margin":{"unit":"px","top":"0","right":"0","bottom":"0","left":"0","isLinked":""},"align_mobile":"center","text_color":"#dbcda2"},"elements":[],"isInner":false,"widgetType":"text-editor","elType":"widget"},{"id":"30043443","settings":{"editor":"<p>\"Lorem Ipsum is simply dummy text of the printing and typesetting industry.\"<\/p>","typography_typography":"custom","typography_font_family":"Assistant","typography_font_size":{"unit":"px","size":"14","sizes":[]},"typography_line_height":{"unit":"px","size":"24","sizes":[]},"align":"left","align_tablet":"left","align_mobile":"center","typography_font_style":"italic"},"elements":[],"isInner":false,"widgetType":"text-editor","elType":"widget"}],"isInner":"1","elType":"column"}],"isInner":"1","elType":"section"}],"isInner":"","elType":"column"},{"id":"1749bbfb","settings":{"_column_size":"33","_inline_size":"","_inline_size_tablet":"50","margin_mobile":{"unit":"px","top":"0","right":"0","bottom":"20","left":"0","isLinked":""}},"elements":[{"id":"1af24ccb","settings":{"weight":{"unit":"px","size":"5","sizes":[]},"color":"#dbcda2","gap":{"unit":"px","size":"2","sizes":[]}},"elements":[],"isInner":false,"widgetType":"divider","elType":"widget"},{"id":"428eebe4","settings":{"structure":"21"},"elements":[{"id":"3cf99f4d","settings":{"_column_size":"33","_inline_size":"20"},"elements":[{"id":"385931cc","settings":{"image":{"url":"http:\/\/sitefacilitado.com.br\/membros\/wp-content\/uploads\/2020\/03\/matheus-ferrero-216385-unsplash.jpg","id":"5950"},"image_size":"custom","image_custom_dimension":{"width":"50","height":""},"align":"left","align_mobile":"center","image_border_radius":{"unit":"px","top":"50","right":"50","bottom":"50","left":"50","isLinked":"1"}},"elements":[],"isInner":false,"widgetType":"image","elType":"widget"}],"isInner":"1","elType":"column"},{"id":"3d2cc3ea","settings":{"_column_size":"66","_inline_size":"79.662","space_between_widgets":"0"},"elements":[{"id":"6edb4959","settings":{"title":"Helga Jorgenson","title_color":"#000000","typography_typography":"custom","typography_font_family":"Assistant","typography_font_size":{"unit":"px","size":"18","sizes":[]},"typography_font_weight":"700","typography_text_transform":"uppercase","typography_line_height":{"unit":"px","size":"22","sizes":[]},"_margin":{"unit":"px","top":"0","right":"0","bottom":"0","left":"0","isLinked":""},"align":"left","link":{"url":"#","is_external":"","nofollow":""},"align_mobile":"center","header_size":"h4"},"elements":[],"isInner":false,"widgetType":"heading","elType":"widget"},{"id":"2fc56ad0","settings":{"editor":"<p>@helga_jo<\/p>","typography_typography":"custom","typography_font_family":"Assistant","typography_font_size":{"unit":"px","size":"14","sizes":[]},"typography_line_height":{"unit":"px","size":"14","sizes":[]},"column_gap":{"unit":"px","size":"0","sizes":[]},"align":"left","_margin":{"unit":"px","top":"0","right":"0","bottom":"0","left":"0","isLinked":""},"align_mobile":"center","text_color":"#dbcda2"},"elements":[],"isInner":false,"widgetType":"text-editor","elType":"widget"},{"id":"5b497091","settings":{"editor":"<p>\"Lorem Ipsum is simply dummy text of the printing and typesetting industry.\"<\/p>","typography_typography":"custom","typography_font_family":"Assistant","typography_font_size":{"unit":"px","size":"14","sizes":[]},"typography_line_height":{"unit":"px","size":"24","sizes":[]},"align":"left","align_tablet":"left","align_mobile":"center","typography_font_style":"italic"},"elements":[],"isInner":false,"widgetType":"text-editor","elType":"widget"}],"isInner":"1","elType":"column"}],"isInner":"1","elType":"section"}],"isInner":"","elType":"column"},{"id":"3ce55252","settings":{"_column_size":"33","border_border":"solid","border_width":{"unit":"px","top":"1","right":"1","bottom":"1","left":"1","isLinked":"1"},"border_color":"#eeeeee","border_radius":{"unit":"px","top":"4","right":"4","bottom":"4","left":"4","isLinked":"1"},"padding":{"unit":"px","top":"50","right":"50","bottom":"50","left":"50","isLinked":"1"},"padding_mobile":{"unit":"px","top":"30","right":"30","bottom":"30","left":"30","isLinked":"1"},"_inline_size":"","_inline_size_tablet":"100","content_position":"center","background_background":"classic","background_color":"#ffffff","margin":{"unit":"px","top":"-100","right":"0","bottom":"0","left":"0","isLinked":""},"margin_tablet":{"unit":"px","top":"0","right":"0","bottom":"40","left":"0","isLinked":""},"margin_mobile":{"unit":"px","top":"20","right":"0","bottom":"0","left":"0","isLinked":""}},"elements":[{"id":"39ad44f7","settings":{"title":"Capturing a Moment for a Lifetime\n","title_color":"#000000","typography_typography":"custom","typography_font_family":"Assistant","typography_font_size":{"unit":"px","size":"18","sizes":[]},"typography_font_weight":"700","typography_text_transform":"uppercase","typography_line_height":{"unit":"px","size":"22","sizes":[]},"_margin":{"unit":"px","top":"0","right":"0","bottom":"0","left":"0","isLinked":""},"align":"center","link":{"url":"#","is_external":"","nofollow":""}},"elements":[],"isInner":false,"widgetType":"heading","elType":"widget"},{"id":"4effa418","settings":{"editor":"<p>Lorem Ipsum is simply dummy text of the printing and typesetting industry.<\/p>","typography_typography":"custom","typography_font_family":"Assistant","typography_font_size":{"unit":"px","size":"14","sizes":[]},"typography_line_height":{"unit":"px","size":"24","sizes":[]},"align":"center","align_tablet":"center"},"elements":[],"isInner":false,"widgetType":"text-editor","elType":"widget"},{"id":"62a17049","settings":{"text":"More Reviews","typography_typography":"custom","typography_font_family":"Assistant","typography_font_size":{"unit":"px","size":"14","sizes":[]},"typography_font_weight":"700","typography_text_transform":"uppercase","typography_line_height":{"unit":"px","size":"14","sizes":[]},"typography_letter_spacing":{"unit":"px","size":"2","sizes":[]},"button_text_color":"#000000","background_color":"#dbcda2","button_background_hover_color":"#dbbb51","border_radius":{"unit":"px","top":"0","right":"0","bottom":"0","left":"0","isLinked":"1"},"text_padding":{"unit":"px","top":"20","right":"45","bottom":"20","left":"45","isLinked":""},"_margin":{"unit":"px","top":"10","right":"0","bottom":"0","left":"0","isLinked":""},"align":"center"},"elements":[],"isInner":false,"widgetType":"button","elType":"widget"}],"isInner":"","elType":"column"}],"isInner":"","elType":"section"},{"id":"cfc7cc","settings":{"layout":"full_width","structure":"20","padding":{"unit":"px","top":"40","right":"0","bottom":"80","left":"0","isLinked":""},"background_background":"classic","background_color":"#ffffff"},"elements":[{"id":"5b170b4c","settings":{"_column_size":"50","_inline_size":"40.318","background_background":"classic","background_image":{"url":"http:\/\/sitefacilitado.com.br\/membros\/wp-content\/uploads\/2020\/03\/priscilla-du-preez-292743-unsplash.jpg","id":"5948"},"background_position":"center left","background_size":"cover","background_overlay_background":"classic","background_overlay_color":"#ffffff","background_overlay_opacity":{"unit":"px","size":"0.13","sizes":[]},"border_radius":{"unit":"px","top":"4","right":"4","bottom":"4","left":"4","isLinked":"1"},"animation":"fadeInRight","_inline_size_tablet":"50","background_position_tablet":"center center","background_size_tablet":"cover"},"elements":[{"id":"2614787","settings":{"space":{"unit":"px","size":"600","sizes":[]},"space_mobile":{"unit":"px","size":"376","sizes":[]}},"elements":[],"isInner":false,"widgetType":"spacer","elType":"widget"}],"isInner":"","elType":"column"},{"id":"5ef3e6a9","settings":{"_column_size":"50","_inline_size":"59.682","content_position":"center","_inline_size_tablet":"50"},"elements":[{"id":"623410d","settings":{"content_position":"middle","padding":{"unit":"%","top":"0","right":"40","bottom":"0","left":"10","isLinked":""},"padding_tablet":{"unit":"%","top":"10","right":"10","bottom":"10","left":"10","isLinked":"1"}},"elements":[{"id":"692edefa","settings":{"_column_size":"100","_inline_size":""},"elements":[{"id":"5f38ca81","settings":{"title":"now booking for 2021","title_color":"#000000","typography_typography":"custom","typography_font_family":"Autour One","typography_font_size":{"unit":"px","size":"30","sizes":[]},"typography_font_weight":"700","typography_text_transform":"uppercase","align":"left","_animation":"fadeInUp"},"elements":[],"isInner":false,"widgetType":"heading","elType":"widget"},{"id":"6a159e17","settings":{"editor":"<p>Lorem ipsum dolor sit amet, consectetur adipiscing elit, sed do eiusmod tempor incididunt ut labore et dolore magna aliqua. Ut enim ad minim veniam, quis nostrud exercitation ullamco laboris nisi ut aliquip ex ea commodo consequat. Duis aute irure dolor in reprehenderit in voluptate velit esse cillum dolore eu fugiat nulla pariatur. Excepteur sint occaecat cupidatat non proident, sunt in culpa qui officia deserunt mollit anim id est laborum.<\/p>","typography_typography":"custom","typography_font_family":"Assistant","typography_font_size":{"unit":"px","size":"14","sizes":[]},"typography_line_height":{"unit":"px","size":"24","sizes":[]},"align":"left","align_tablet":"left","_animation":"fadeIn"},"elements":[],"isInner":false,"widgetType":"text-editor","elType":"widget"},{"id":"ce6676f","settings":{"text":"Booking","typography_typography":"custom","typography_font_family":"Assistant","typography_font_size":{"unit":"px","size":"14","sizes":[]},"typography_font_weight":"700","typography_text_transform":"uppercase","typography_line_height":{"unit":"px","size":"14","sizes":[]},"typography_letter_spacing":{"unit":"px","size":"2","sizes":[]},"button_text_color":"#000000","background_color":"#dbcda2","button_background_hover_color":"#dbbb51","border_radius":{"unit":"px","top":"0","right":"0","bottom":"0","left":"0","isLinked":"1"},"text_padding":{"unit":"px","top":"20","right":"45","bottom":"20","left":"45","isLinked":""},"_margin":{"unit":"px","top":"10","right":"0","bottom":"0","left":"0","isLinked":""},"align":"right"},"elements":[],"isInner":false,"widgetType":"button","elType":"widget"}],"isInner":"1","elType":"column"}],"isInner":"1","elType":"section"}],"isInner":"","elType":"column"}],"isInner":"","elType":"section"}]}