{"version":"0.4","title":"Dog Grooming > Contact 2 Pro","type":"page","content":[{"id":"336049d","settings":{"gap":"wider","height":"min-height","custom_height":{"unit":"vh","size":"60"},"content_position":"middle","background_background":"classic","background_image":{"url":"http:\/\/sitefacilitado.com.br\/membros\/wp-content\/uploads\/2020\/03\/bulldog-puppy-dog-pet.jpg","id":"8193"},"background_position":"center left","background_size":"cover","background_overlay_background":"classic","background_overlay_color":"#162128","margin":{"unit":"px","top":"0","right":"0","bottom":"0","left":"0","isLinked":""},"padding":{"unit":"%","top":"0","right":"0","bottom":"3","left":"10","isLinked":""},"background_overlay_opacity":{"unit":"px","size":"0"},"shape_divider_bottom_width":{"unit":"%","size":"180"},"shape_divider_bottom_height":{"unit":"px","size":"114"},"content_width":{"unit":"px","size":"1440"},"background_video_link":"https:\/\/www.youtube.com\/watch?v=RKNSQugu7qM","background_video_start":"9","shape_divider_bottom":"waves","padding_mobile":{"unit":"em","top":"0","right":"0","bottom":"0","left":"0","isLinked":"1"}},"elements":[{"id":"3022268e","settings":{"_column_size":"100","_inline_size":"","_inline_size_tablet":"100","space_between_widgets":"0","margin":{"unit":"%","top":"","right":"","bottom":"","left":"","isLinked":""},"padding":{"unit":"%","top":"","right":"","bottom":"","left":"","isLinked":""}},"elements":[{"id":"207f41c2","settings":{"title":"Booking","title_color":"#162128","typography_typography":"custom","typography_font_family":"Bevan","typography_font_size":{"unit":"rem","size":"4"},"typography_font_weight":"400","typography_text_transform":"capitalize","typography_line_height":{"unit":"em","size":"1"},"typography_letter_spacing":{"unit":"px","size":"-3"},"_margin":{"unit":"%","top":"","right":"","bottom":"","left":"","isLinked":""},"align_mobile":"left","typography_font_size_mobile":{"unit":"px","size":"45"},"typography_letter_spacing_mobile":{"unit":"px","size":"-0.8"},"_animation":"fadeInDown","align":"left","header_size":"h1"},"elements":[],"isInner":false,"widgetType":"heading","elType":"widget"},{"id":"3d52c868","settings":{"space":{"unit":"px","size":"27"},"_background_background":"classic","_background_image":{"url":"http:\/\/sitefacilitado.com.br\/membros\/wp-content\/uploads\/2020\/03\/squiggle.png","id":"8183"},"_background_position":"center left","_background_repeat":"no-repeat"},"elements":[],"isInner":false,"widgetType":"spacer","elType":"widget"}],"isInner":"","elType":"column"}],"isInner":"","elType":"section"},{"id":"10458e4b","settings":{"gap":"no","structure":"20","background_background":"classic","background_color":"#ffffff","margin":{"unit":"%","top":"","right":"0","bottom":"","left":"0","isLinked":""},"padding":{"unit":"em","top":"2","right":"0","bottom":"2","left":"0","isLinked":""},"content_position":"middle","stretch_section":"section-stretched","content_width":{"unit":"px","size":"1440"},"margin_tablet":{"unit":"px","top":"0","right":"0","bottom":"0","left":"0","isLinked":"1"},"padding_tablet":{"unit":"px","top":"0","right":"0","bottom":"0","left":"0","isLinked":"1"}},"elements":[{"id":"3a68be6b","settings":{"_column_size":"50","_inline_size":"50","_inline_size_tablet":"50","background_background":"classic","margin":{"unit":"px","top":"30","right":"30","bottom":"30","left":"30","isLinked":"1"},"padding":{"unit":"em","top":"4","right":"4","bottom":"4","left":"4","isLinked":"1"},"animation":"fadeInUp","padding_mobile":{"unit":"em","top":"0","right":"0","bottom":"0","left":"0","isLinked":"1"}},"elements":[{"id":"63403eab","settings":{"image":{"url":"http:\/\/sitefacilitado.com.br\/membros\/wp-content\/uploads\/2020\/03\/pexels-photo-1139793.jpeg","id":"8211"},"image_size":"custom","image_custom_dimension":{"width":"300","height":"300"},"width":{"unit":"%","size":"100"},"image_border_radius":{"unit":"%","top":"100","right":"100","bottom":"100","left":"100","isLinked":"1"},"_background_background":"classic","_background_color":"#ffffff","_border_radius":{"unit":"%","top":"100","right":"100","bottom":"100","left":"100","isLinked":"1"}},"elements":[],"isInner":false,"widgetType":"image","elType":"widget"},{"id":"3a71bbbf","settings":{"title":"1234 2nd Ave. N.","align":"center","title_color":"#162128","typography_typography":"custom","typography_font_family":"Bevan","typography_font_size":{"unit":"px","size":"25"},"typography_font_weight":"300","_margin":{"unit":"%","top":"","right":"","bottom":"","left":"","isLinked":""},"_animation":"fadeInDown"},"elements":[],"isInner":false,"widgetType":"heading","elType":"widget"},{"id":"464132f7","settings":{"editor":"<p>123 456 7890<\/p>","text_color":"#ed154b","typography_typography":"custom","typography_font_family":"Merriweather Sans","typography_font_size":{"unit":"px","size":"22"},"typography_font_weight":"600","typography_text_transform":"uppercase","typography_line_height":{"unit":"em","size":"1.6"},"_margin":{"unit":"%","top":"-5","right":"0","bottom":"0","left":"0","isLinked":""},"align":"center"},"elements":[],"isInner":false,"widgetType":"text-editor","elType":"widget"},{"id":"6da521fc","settings":{"social_icon_list":[{"social":"fa fa-facebook","_id":"b0a676d","link":{"url":"","is_external":"true","nofollow":""}},{"social":"fa fa-linkedin","link":{"url":"","is_external":"true","nofollow":""},"_id":"939dde2"},{"social":"fa fa-instagram","link":{"url":"","is_external":"true","nofollow":""},"_id":"42806c9"}],"shape":"circle","icon_color":"custom","icon_primary_color":"rgba(237,21,75,0)","icon_secondary_color":"#ed154b","icon_size":{"unit":"px","size":"15"},"image_border_border":"solid","image_border_width":{"unit":"px","top":"2","right":"2","bottom":"2","left":"2","isLinked":"1"},"image_border_color":"#ed154b","hover_primary_color":"rgba(0,0,0,0)","hover_secondary_color":"#ed154b","hover_border_color":"#ed154b","hover_animation":"bounce-in"},"elements":[],"isInner":false,"widgetType":"social-icons","elType":"widget"}],"isInner":"","elType":"column"},{"id":"1f3b2920","settings":{"_column_size":"50","_inline_size":"50","_inline_size_tablet":"50","margin_tablet":{"unit":"px","top":"0","right":"0","bottom":"0","left":"0","isLinked":"1"},"padding":{"unit":"em","top":"4","right":"4","bottom":"4","left":"4","isLinked":"1"},"padding_tablet":{"unit":"em","top":"1","right":"1","bottom":"1","left":"1","isLinked":"1"}},"elements":[{"id":"7132254b","settings":{"form_name":"New Form","form_fields":[{"_id":"name","field_type":"text","field_label":"Name","placeholder":"Name","width":"100","field_value":"","required":"","min_date":"","max_date":"","field_options":"","allow_multiple":"","select_size":"","inline_list":"","field_html":"","width_tablet":"","width_mobile":"","rows":"4","recaptcha_size":"normal","recaptcha_style":"light","css_classes":"","custom_id":"name"},{"_id":"email","field_type":"email","required":"true","field_label":"Email","placeholder":"Email","width":"100","field_value":"","min_date":"","max_date":"","field_options":"","allow_multiple":"","select_size":"","inline_list":"","field_html":"","width_tablet":"","width_mobile":"","rows":"4","recaptcha_size":"normal","recaptcha_style":"light","css_classes":"","custom_id":"email"},{"field_type":"select","field_label":"Service Type","field_value":"","placeholder":"","required":"","min_date":"","max_date":"","field_options":"Nail Trimming\nHair Trimming\nBathing\nAll of the above","allow_multiple":"","select_size":"","inline_list":"","field_html":"","width":"100","width_tablet":"","width_mobile":"","rows":"4","recaptcha_size":"normal","recaptcha_style":"light","css_classes":"","_id":"0fbf2ec","custom_id":"0fbf2ec"},{"_id":"message","field_type":"textarea","field_label":"Message","placeholder":"Message","width":"100","field_value":"","required":"","min_date":"","max_date":"","field_options":"","allow_multiple":"","select_size":"","inline_list":"","field_html":"","width_tablet":"","width_mobile":"","rows":"4","recaptcha_size":"normal","recaptcha_style":"light","css_classes":"","custom_id":"message"},{"field_type":"date","field_label":"Date","field_value":"","placeholder":"Date","required":"","min_date":"","max_date":"","field_options":"","allow_multiple":"","select_size":"","inline_list":"","field_html":"","width":"50","width_tablet":"","width_mobile":"","rows":"4","recaptcha_size":"normal","recaptcha_style":"light","css_classes":"","_id":"576cf9e","custom_id":"576cf9e"},{"field_type":"time","field_label":"Time","field_value":"","placeholder":"Time","required":"","field_options":"","allow_multiple":"","select_size":"","inline_list":"","field_html":"","width":"50","width_tablet":"","width_mobile":"","rows":"4","recaptcha_size":"normal","recaptcha_style":"light","css_classes":"","_id":"a997c8e","min_date":"","max_date":"","custom_id":"a997c8e"}],"button_text":"Send Message","button_size":"lg","email_content":"[all-fields]","email_content_2":"[all-fields]","success_message":"The form was sent successfully.","error_message":"An error occured.","required_field_message":"This field is required.","invalid_message":"There's something wrong. The form is invalid.","label_typography_typography":"custom","label_typography_font_family":"Merriweather Sans","label_typography_font_size":{"unit":"px","size":"13"},"label_typography_font_weight":"600","label_typography_text_transform":"uppercase","label_typography_line_height":{"unit":"em","size":"2"},"field_typography_typography":"custom","field_typography_font_family":"Merriweather Sans","field_typography_font_size":{"unit":"px","size":"14"},"field_border_radius":{"unit":"px","top":"0","right":"0","bottom":"0","left":"0","isLinked":"1"},"button_background_color":"#ed154b","button_text_color":"#ffffff","button_typography_typography":"custom","button_typography_font_family":"Merriweather Sans","button_typography_font_size":{"unit":"px","size":"18"},"button_border_radius":{"unit":"px","top":"0","right":"0","bottom":"0","left":"0","isLinked":"1"},"button_background_hover_color":"#3f3f3f","button_hover_color":"#ffffff","message_typography_typography":"custom","message_typography_font_family":"Merriweather Sans","error_message_color":"#fc0008","input_size":"lg","show_labels":"","row_gap":{"unit":"px","size":"27"},"field_text_color":"#000000","field_border_color":"#e5e5e5"},"elements":[],"isInner":false,"widgetType":"form","elType":"widget"}],"isInner":"","elType":"column"}],"isInner":"","elType":"section"},{"id":"7ccd7c28","settings":{"layout":"full_width","gap":"no","shape_divider_top":"waves","shape_divider_top_color":"#ffffff","shape_divider_top_width":{"unit":"%","size":"201"},"shape_divider_top_height":{"unit":"px","size":"86"},"shape_divider_top_negative":"yes","shape_divider_top_above_content":"yes","shape_divider_top_height_tablet":{"unit":"px","size":"45"}},"elements":[{"id":"3ffb6e2f","settings":{"_column_size":"100"},"elements":[{"id":"3b647301","settings":{"address":"furside pet grooming atlanta, ga","zoom":{"unit":"px","size":"13"},"height":{"unit":"px","size":"626"},"height_tablet":{"unit":"px","size":"575"},"height_mobile":{"unit":"px","size":"272"},"_margin":{"unit":"px","top":"0","right":"0","bottom":"0","left":"0","isLinked":""}},"elements":[],"isInner":false,"widgetType":"google_maps","elType":"widget"}],"isInner":"","elType":"column"}],"isInner":"","elType":"section"}]}