{"content":[{"id":"4461e7d3","settings":{"background_background":"classic","background_image":{"id":2591,"url":"https:\/\/cliente.shazamlnv.com\/wp-content\/uploads\/2022\/02\/OLO2DT0.jpg"}},"elements":[{"id":"689ff501","settings":{"_column_size":100,"_inline_size":null},"elements":[{"id":"2f8f6642","settings":{"structure":"20","margin":{"unit":"px","top":"50","right":0,"bottom":"50","left":0,"isLinked":false},"padding":{"unit":"px","top":"0","right":"0","bottom":"0","left":"0","isLinked":false}},"elements":[{"id":"7f5eb374","settings":{"_column_size":50,"_inline_size":null},"elements":[{"id":"629040e","settings":{"image":{"id":2588,"url":"https:\/\/cliente.shazamlnv.com\/wp-content\/uploads\/2022\/02\/produto-duo.png"},"_animation":"slideInLeft","hide_tablet":"hidden-tablet","hide_mobile":"hidden-mobile"},"elements":[],"isInner":false,"widgetType":"image","elType":"widget"}],"isInner":true,"elType":"column"},{"id":"f4b419e","settings":{"_column_size":50,"_inline_size":null},"elements":[{"id":"d7f939d","settings":{"image":{"id":2589,"url":"https:\/\/cliente.shazamlnv.com\/wp-content\/uploads\/2022\/02\/logo.png"},"align":"left","align_mobile":"center","width":{"unit":"%","size":30,"sizes":[]},"_animation":"fadeInDown"},"elements":[],"isInner":false,"widgetType":"image","elType":"widget"},{"id":"6625b5a2","settings":{"width":{"unit":"%","size":35,"sizes":[]},"width_mobile":{"unit":"%","size":53,"sizes":[]},"align_mobile":"center","text":"Divisor","color":"#FFFFFF","weight":{"unit":"px","size":1.6999999999999999555910790149937383830547332763671875,"sizes":[]},"gap":{"unit":"px","size":19,"sizes":[]}},"elements":[],"isInner":false,"widgetType":"divider","elType":"widget"},{"id":"7641db71","settings":{"editor":"<p>VOC\u00ca EST\u00c1 PRONTA PARA TER O CORPO QUE SEMPRE DESEJOU?<\/p>","text_color":"#FFFFFF","typography_typography":"custom","typography_font_size":{"unit":"px","size":44,"sizes":[]},"typography_font_size_mobile":{"unit":"px","size":31,"sizes":[]},"typography_font_weight":"900","typography_line_height":{"unit":"em","size":1,"sizes":[]},"_animation":"fadeIn"},"elements":[],"isInner":false,"widgetType":"text-editor","elType":"widget"},{"id":"57eb94ae","settings":{"editor":"<p>\u00d3tima not\u00edcia: N\u00f3s podemos fazer isso por voc\u00ea!<\/p>","text_color":"#F4F4F4","typography_typography":"custom","typography_font_size":{"unit":"px","size":21,"sizes":[]},"column_gap":{"unit":"px","size":5,"sizes":[]}},"elements":[],"isInner":false,"widgetType":"text-editor","elType":"widget"},{"id":"67ad3ef0","settings":{"icon_list":[{"text":"Emagrecimento r\u00e1pido e seguro","selected_icon":{"value":"far fa-check-circle","library":"fa-regular"},"_id":"fbe65f0"},{"text":"Queima gordura definitivamente","selected_icon":{"value":"far fa-check-circle","library":"fa-regular"},"_id":"e623794"},{"text":"Promove a sensa\u00e7\u00e3o de saciedade","selected_icon":{"value":"far fa-check-circle","library":"fa-regular"},"_id":"65b6fcf"},{"text":"Acelera o metabolismo","selected_icon":{"value":"far fa-check-circle","library":"fa-regular"},"_id":"4aebb2b"},{"text":"+ de 132 Mil clientes satisfeitos","selected_icon":{"value":"far fa-check-circle","library":"fa-regular"},"_id":"aeb6af4"}],"icon_color":"#EFA44E","icon_size":{"unit":"px","size":22,"sizes":[]},"text_color":"#FFFFFF","text_indent":{"unit":"px","size":5,"sizes":[]},"icon_typography_typography":"custom","icon_typography_font_size":{"unit":"px","size":20,"sizes":[]},"icon_typography_line_height":{"unit":"em","size":1.600000000000000088817841970012523233890533447265625,"sizes":[]}},"elements":[],"isInner":false,"widgetType":"icon-list","elType":"widget"},{"id":"78b9e62d","settings":{"image":{"id":2588,"url":"https:\/\/cliente.shazamlnv.com\/wp-content\/uploads\/2022\/02\/produto-duo.png"},"_animation":"slideInLeft","hide_desktop":"hidden-desktop"},"elements":[],"isInner":false,"widgetType":"image","elType":"widget"},{"id":"49f37a69","settings":{"text":"SIM! EU QUERO EMAGRECER","selected_icon":{"value":"far fa-check-square","library":"fa-regular"},"typography_typography":"custom","typography_font_size":{"unit":"px","size":24,"sizes":[]},"background_color":"#19D532","button_background_hover_color":"#F0841F","hover_animation":"pulse","border_width":{"unit":"px","top":"1","right":"1","bottom":"1","left":"1","isLinked":true},"_margin":{"unit":"px","top":"20","right":"0","bottom":"10","left":"0","isLinked":false},"_animation":"pulse","animation_duration":"slow"},"elements":[],"isInner":false,"widgetType":"button","elType":"widget"},{"id":"28d525e7","settings":{"image":{"id":2590,"url":"https:\/\/cliente.shazamlnv.com\/wp-content\/uploads\/2022\/02\/compra-segura.png"},"align":"left","align_mobile":"center","width":{"unit":"%","size":53,"sizes":[]},"width_mobile":{"unit":"%","size":83,"sizes":[]},"_margin":{"unit":"px","top":"15","right":"0","bottom":"0","left":"0","isLinked":false}},"elements":[],"isInner":false,"widgetType":"image","elType":"widget"}],"isInner":true,"elType":"column"}],"isInner":true,"elType":"section"}],"isInner":false,"elType":"column"}],"isInner":false,"elType":"section"},{"id":"d47f5b5","settings":[],"elements":[{"id":"54994af7","settings":{"_column_size":100,"_inline_size":null},"elements":[{"id":"3d4c954d","settings":{"editor":"<p>Quem j\u00e1 experimentou, <span style=\"color: #ff6600;\">recomenda!<\/span><\/p>","align":"center","text_color":"#171C33","typography_typography":"custom","typography_font_size":{"unit":"px","size":38,"sizes":[]},"typography_font_size_mobile":{"unit":"px","size":30,"sizes":[]},"typography_font_weight":"900","typography_line_height_mobile":{"unit":"em","size":0.8000000000000000444089209850062616169452667236328125,"sizes":[]},"_margin_mobile":{"unit":"px","top":"0","right":"0","bottom":"20","left":"0","isLinked":false}},"elements":[],"isInner":false,"widgetType":"text-editor","elType":"widget"},{"id":"38f439c4","settings":{"editor":"<p>Veja os resultados de nossos clientes<\/p>","align":"center","typography_typography":"custom","typography_font_size":{"unit":"px","size":18,"sizes":[]},"_margin":{"unit":"px","top":"-15","right":"0","bottom":"0","left":"0","isLinked":false}},"elements":[],"isInner":false,"widgetType":"text-editor","elType":"widget"},{"id":"2ffd567","settings":{"content_width":{"unit":"px","size":848,"sizes":[]},"structure":"20"},"elements":[{"id":"2b36ff2c","settings":{"_column_size":50,"_inline_size":null},"elements":[{"id":"39ca9740","settings":{"image":{"id":2592,"url":"https:\/\/cliente.shazamlnv.com\/wp-content\/uploads\/2022\/02\/depo4.png"},"_animation":"slideInLeft"},"elements":[],"isInner":false,"widgetType":"image","elType":"widget"}],"isInner":true,"elType":"column"},{"id":"4b84f8ec","settings":{"_column_size":50,"_inline_size":null},"elements":[{"id":"535f60c8","settings":{"image":{"id":2593,"url":"https:\/\/cliente.shazamlnv.com\/wp-content\/uploads\/2022\/02\/depo1.png"},"_animation":"slideInLeft"},"elements":[],"isInner":false,"widgetType":"image","elType":"widget"}],"isInner":true,"elType":"column"}],"isInner":true,"elType":"section"},{"id":"ad0c626","settings":{"content_width":{"unit":"px","size":848,"sizes":[]},"structure":"20"},"elements":[{"id":"9cd4edf","settings":{"_column_size":50,"_inline_size":null},"elements":[{"id":"2d08e2fa","settings":{"image":{"id":2594,"url":"https:\/\/cliente.shazamlnv.com\/wp-content\/uploads\/2022\/02\/depo3.png"},"_animation":"slideInLeft"},"elements":[],"isInner":false,"widgetType":"image","elType":"widget"}],"isInner":true,"elType":"column"},{"id":"5119e5e3","settings":{"_column_size":50,"_inline_size":null},"elements":[{"id":"4e6f8cea","settings":{"image":{"id":2595,"url":"https:\/\/cliente.shazamlnv.com\/wp-content\/uploads\/2022\/02\/depo2.png"},"_animation":"slideInLeft"},"elements":[],"isInner":false,"widgetType":"image","elType":"widget"}],"isInner":true,"elType":"column"}],"isInner":true,"elType":"section"},{"id":"16475a31","settings":{"text":"SIM! EU QUERO EMAGRECER","align":"center","size":"lg","selected_icon":{"value":"far fa-check-square","library":"fa-regular"},"typography_typography":"custom","typography_font_size":{"unit":"px","size":24,"sizes":[]},"background_color":"#19D532","button_background_hover_color":"#F0841F","hover_animation":"pulse","border_width":{"unit":"px","top":"1","right":"1","bottom":"1","left":"1","isLinked":true},"_margin":{"unit":"px","top":"20","right":"0","bottom":"10","left":"0","isLinked":false}},"elements":[],"isInner":false,"widgetType":"button","elType":"widget"},{"id":"1698822d","settings":{"image":{"id":2590,"url":"https:\/\/cliente.shazamlnv.com\/wp-content\/uploads\/2022\/02\/compra-segura.png"},"align":"center","width":{"unit":"%","size":24,"sizes":[]},"_margin":{"unit":"px","top":"15","right":"0","bottom":"0","left":"0","isLinked":false}},"elements":[],"isInner":false,"widgetType":"image","elType":"widget"}],"isInner":false,"elType":"column"}],"isInner":false,"elType":"section"},{"id":"5f341768","settings":{"shape_divider_top":"pyramids","shape_divider_top_color":"#DB3939","shape_divider_top_width":{"unit":"%","size":189,"sizes":[]},"shape_divider_top_height":{"unit":"px","size":38,"sizes":[]},"shape_divider_bottom":"pyramids","shape_divider_bottom_color":"#F22B2B","shape_divider_bottom_height":{"unit":"px","size":140,"sizes":[]},"padding":{"unit":"px","top":"30","right":"30","bottom":"30","left":"30","isLinked":true}},"elements":[{"id":"4e241271","settings":{"_column_size":100,"_inline_size":null},"elements":[{"id":"179a724a","settings":{"structure":"20"},"elements":[{"id":"7d2ae691","settings":{"_column_size":50,"_inline_size":null},"elements":[{"id":"6a8f5355","settings":{"editor":"<p>GARANTIA DE RESULTADOS OU SEU DINHEIRO DE VOLTA!<\/p>","align":"center","text_color":"#D32525","typography_typography":"custom","typography_font_size":{"unit":"px","size":49,"sizes":[]},"typography_font_size_mobile":{"unit":"px","size":21,"sizes":[]},"typography_font_weight":"900","typography_line_height":{"unit":"em","size":1.100000000000000088817841970012523233890533447265625,"sizes":[]},"_margin":{"unit":"px","top":"0","right":"0","bottom":"0","left":"0","isLinked":false}},"elements":[],"isInner":false,"widgetType":"text-editor","elType":"widget"},{"id":"3d145a4","settings":{"editor":"<p>Desafio 30 Dias NutriFit!<\/p>","align":"center","typography_typography":"custom","typography_font_size":{"unit":"px","size":26,"sizes":[]}},"elements":[],"isInner":false,"widgetType":"text-editor","elType":"widget"},{"id":"67c2d92","settings":{"editor":"<p>Garantimos os resultados de <span style=\"color: #ff0000;\"><strong>NutriFit<\/strong><\/span>. Prova disso, Que devolvemos o seu dinheiro se o produto n\u00e3o atender as expectativas.<\/p>","align":"center","typography_typography":"custom","typography_font_size":{"unit":"px","size":18,"sizes":[]},"typography_line_height":{"unit":"em","size":1.1999999999999999555910790149937383830547332763671875,"sizes":[]}},"elements":[],"isInner":false,"widgetType":"text-editor","elType":"widget"},{"id":"fbbd8dc","settings":{"editor":"<p>Voc\u00ea ter\u00e1 at\u00e9 30 dias ap\u00f3s a compra para solicitar a devolu\u00e7\u00e3o.<\/p>","align":"center"},"elements":[],"isInner":false,"widgetType":"text-editor","elType":"widget"}],"isInner":true,"elType":"column"},{"id":"12bb0d95","settings":{"_column_size":50,"_inline_size":null,"content_position":"center","align":"center"},"elements":[{"id":"384de902","settings":{"image":{"id":2596,"url":"https:\/\/cliente.shazamlnv.com\/wp-content\/uploads\/2022\/02\/pote-aberto.png"},"_animation":"bounceInDown"},"elements":[],"isInner":false,"widgetType":"image","elType":"widget"}],"isInner":true,"elType":"column"}],"isInner":true,"elType":"section"},{"id":"6c8bc17f","settings":{"space":{"unit":"px","size":10,"sizes":[]},"hide_tablet":"hidden-tablet","hide_mobile":"hidden-mobile"},"elements":[],"isInner":false,"widgetType":"spacer","elType":"widget"}],"isInner":false,"elType":"column"}],"isInner":false,"elType":"section"},{"id":"7d531075","settings":{"margin_mobile":{"unit":"px","top":"0","right":0,"bottom":"0","left":0,"isLinked":false},"padding_mobile":{"unit":"px","top":"0","right":"0","bottom":"0","left":"0","isLinked":false}},"elements":[{"id":"f29685c","settings":{"_column_size":100,"_inline_size":null,"margin_mobile":{"unit":"px","top":"20","right":"0","bottom":"0","left":"0","isLinked":false},"padding_mobile":{"unit":"px","top":"0","right":"0","bottom":"0","left":"0","isLinked":false}},"elements":[{"id":"4bcaaebe","settings":{"editor":"<p style=\"padding-left: 40px;\">ESCOLHA A MELHOR <span style=\"color: #c70808;\"><strong>OFERTA PARA VOC\u00ca<\/strong><\/span><\/p>","align":"center","align_mobile":"center","typography_typography":"custom","typography_font_size":{"unit":"px","size":43,"sizes":[]},"typography_font_size_mobile":{"unit":"px","size":26,"sizes":[]},"typography_line_height_mobile":{"unit":"em","size":0.90000000000000002220446049250313080847263336181640625,"sizes":[]},"_margin_mobile":{"unit":"px","top":"0","right":"0","bottom":"0","left":"0","isLinked":false},"_padding_mobile":{"unit":"px","top":"0","right":"0","bottom":"0","left":"0","isLinked":false}},"elements":[],"isInner":false,"widgetType":"text-editor","elType":"widget"},{"id":"1eb39ef4","settings":{"editor":"<p>Aproveite, valores exclusivos de lan\u00e7amento<\/p>","align":"center","typography_typography":"custom","typography_font_size":{"unit":"px","size":24,"sizes":[]},"typography_font_size_mobile":{"unit":"px","size":15,"sizes":[]},"_margin":{"unit":"px","top":"-30","right":"0","bottom":"0","left":"0","isLinked":false},"_margin_mobile":{"unit":"px","top":"0","right":"0","bottom":"0","left":"0","isLinked":false}},"elements":[],"isInner":false,"widgetType":"text-editor","elType":"widget"},{"id":"18f71e2e","settings":{"structure":"20","margin_mobile":{"unit":"px","top":"0","right":0,"bottom":"0","left":0,"isLinked":false},"padding_mobile":{"unit":"px","top":"0","right":"0","bottom":"0","left":"0","isLinked":false}},"elements":[{"id":"66ed2304","settings":{"_column_size":50,"_inline_size":null,"border_border":"solid","border_width":{"unit":"px","top":"2","right":"2","bottom":"2","left":"2","isLinked":true},"border_color":"#EF9B30","border_radius":{"unit":"px","top":"50","right":"50","bottom":"50","left":"50","isLinked":true},"margin":{"unit":"px","top":"0","right":"20","bottom":"0","left":"0","isLinked":false},"margin_mobile":{"unit":"px","top":"0","right":"20","bottom":"50","left":"20","isLinked":false},"padding_mobile":{"unit":"px","top":"0","right":"0","bottom":"0","left":"0","isLinked":false}},"elements":[{"id":"2cd25c48","settings":{"title":"LEVE 1 POTE","align":"center","title_color":"#525252","_padding":{"unit":"px","top":"0","right":"0","bottom":"15","left":"0","isLinked":false}},"elements":[],"isInner":false,"widgetType":"heading","elType":"widget"},{"id":"75050911","settings":{"image":{"id":2597,"url":"https:\/\/cliente.shazamlnv.com\/wp-content\/uploads\/2022\/02\/produto.png"},"width":{"unit":"%","size":49,"sizes":[]},"_animation":"bounceInLeft"},"elements":[],"isInner":false,"widgetType":"image","elType":"widget"},{"id":"a50a36c","settings":{"editor":"<p>por apenas 12x de\u00a0<\/p>","align":"center"},"elements":[],"isInner":false,"widgetType":"text-editor","elType":"widget"},{"id":"6c04f7ba","settings":{"title":"R$22,09","align":"center","title_color":"#EF9B30","typography_typography":"custom","typography_font_size":{"unit":"px","size":41,"sizes":[]},"typography_font_weight":"900"},"elements":[],"isInner":false,"widgetType":"heading","elType":"widget"},{"id":"484f6aea","settings":{"editor":"<p>ou R$220,00 \u00e0 vista<\/p>","align":"center"},"elements":[],"isInner":false,"widgetType":"text-editor","elType":"widget"},{"id":"70a4e9cb","settings":{"text":"COMPRA AGORA","align":"center","typography_typography":"custom","typography_font_size":{"unit":"px","size":24,"sizes":[]},"background_color":"#EF9B30","button_background_hover_color":"#379C45","hover_animation":"pulse","border_radius":{"unit":"px","top":"10","right":"10","bottom":"10","left":"10","isLinked":true},"_margin":{"unit":"px","top":"0","right":"0","bottom":"-36","left":"0","isLinked":false}},"elements":[],"isInner":false,"widgetType":"button","elType":"widget"}],"isInner":true,"elType":"column"},{"id":"13e10a62","settings":{"_column_size":50,"_inline_size":null,"border_border":"solid","border_width":{"unit":"px","top":"2","right":"2","bottom":"2","left":"2","isLinked":true},"border_color":"#EF9B30","border_radius":{"unit":"px","top":"50","right":"50","bottom":"50","left":"50","isLinked":true},"margin":{"unit":"px","top":"0","right":"0","bottom":"0","left":"20","isLinked":false},"margin_mobile":{"unit":"px","top":"0","right":"20","bottom":"0","left":"20","isLinked":false},"padding_mobile":{"unit":"px","top":"0","right":"0","bottom":"0","left":"0","isLinked":false}},"elements":[{"id":"21eb90ab","settings":{"title":"LEVE 2 POTES","align":"center","title_color":"#525252","_padding":{"unit":"px","top":"0","right":"0","bottom":"15","left":"0","isLinked":false}},"elements":[],"isInner":false,"widgetType":"heading","elType":"widget"},{"id":"5826f133","settings":{"image":{"id":2598,"url":"https:\/\/cliente.shazamlnv.com\/wp-content\/uploads\/2022\/02\/produto-duo-1.png"},"width":{"unit":"%","size":77,"sizes":[]},"_animation":"bounceInRight","animation_duration":"slow"},"elements":[],"isInner":false,"widgetType":"image","elType":"widget"},{"id":"15b2799b","settings":{"editor":"<p>por apenas 12x de\u00a0<\/p>","align":"center"},"elements":[],"isInner":false,"widgetType":"text-editor","elType":"widget"},{"id":"d6061b4","settings":{"title":"R$35,00","align":"center","title_color":"#EF9B30","typography_typography":"custom","typography_font_size":{"unit":"px","size":41,"sizes":[]},"typography_font_weight":"900"},"elements":[],"isInner":false,"widgetType":"heading","elType":"widget"},{"id":"26161aa","settings":{"editor":"<p>ou R$350,00 \u00e0 vista<\/p>","align":"center"},"elements":[],"isInner":false,"widgetType":"text-editor","elType":"widget"},{"id":"23369173","settings":{"text":"COMPRA AGORA","align":"center","typography_typography":"custom","typography_font_size":{"unit":"px","size":24,"sizes":[]},"background_color":"#EF9B30","button_background_hover_color":"#379C45","hover_animation":"pulse","border_radius":{"unit":"px","top":"10","right":"10","bottom":"10","left":"10","isLinked":true},"_margin":{"unit":"px","top":"0","right":"0","bottom":"-36","left":"0","isLinked":false}},"elements":[],"isInner":false,"widgetType":"button","elType":"widget"}],"isInner":true,"elType":"column"}],"isInner":true,"elType":"section"},{"id":"4fa4b92a","settings":{"title":"Aproveite! Promo\u00e7\u00e3o por tempo limitado!","align":"center","title_color":"#BD1313","typography_typography":"custom","typography_font_weight":"900","_margin":{"unit":"px","top":"50","right":"0","bottom":"0","left":"0","isLinked":false}},"elements":[],"isInner":false,"widgetType":"heading","elType":"widget"},{"id":"325cc61c","settings":{"show_days":"","show_hours":"","label_days":"Days","label_hours":"Hours","label_minutes":"Minutes","label_seconds":"Seconds","container_width":{"unit":"%","size":32,"sizes":[]},"box_background_color":"rgba(2, 1, 1, 0)","box_border_border":"solid","box_border_width":{"unit":"px","top":"2","right":"2","bottom":"2","left":"2","isLinked":true},"box_border_color":"#AA1717","digits_color":"#C01515","label_color":"#B71A1A","_margin":{"unit":"px","top":"20","right":"0","bottom":"0","left":"0","isLinked":false}},"elements":[],"isInner":false,"widgetType":"countdown","elType":"widget"},{"id":"5fa1d760","settings":{"image":{"id":2590,"url":"https:\/\/cliente.shazamlnv.com\/wp-content\/uploads\/2022\/02\/compra-segura.png"},"width":{"unit":"%","size":26,"sizes":[]},"_margin":{"unit":"px","top":"20","right":"0","bottom":"0","left":"0","isLinked":false}},"elements":[],"isInner":false,"widgetType":"image","elType":"widget"}],"isInner":false,"elType":"column"}],"isInner":false,"elType":"section"},{"id":"668f4e47","settings":{"background_background":"classic","background_color":"#C62220"},"elements":[{"id":"5bbcb828","settings":{"_column_size":100,"_inline_size":null},"elements":[{"id":"20cd1992","settings":{"margin":{"unit":"px","top":"0","right":0,"bottom":"0","left":0,"isLinked":false}},"elements":[{"id":"694907f7","settings":{"_column_size":100,"_inline_size":null},"elements":[{"id":"193bf2f7","settings":{"editor":"<p>EM D\u00daVIDA QUANTO <span style=\"color: #ffff99;\"><strong>COMPRAR PELA INTERNET?<\/strong><\/span><\/p>","align":"center","text_color":"#F6F6F6","typography_typography":"custom","typography_font_size":{"unit":"px","size":42,"sizes":[]},"typography_font_size_mobile":{"unit":"px","size":23,"sizes":[]},"typography_line_height_mobile":{"unit":"em","size":1.100000000000000088817841970012523233890533447265625,"sizes":[]}},"elements":[],"isInner":false,"widgetType":"text-editor","elType":"widget"},{"id":"1684daa4","settings":{"editor":"<p>Fique tranquilo(a) comprar o NutriFit \u00e9 f\u00e1cil e confi\u00e1vel.<\/p>","align":"center","text_color":"#FFFFFF","typography_typography":"custom","typography_font_size":{"unit":"px","size":21,"sizes":[]},"typography_font_size_mobile":{"unit":"px","size":12,"sizes":[]},"_margin":{"unit":"px","top":"-21","right":"0","bottom":"0","left":"0","isLinked":false},"_margin_mobile":{"unit":"px","top":"0","right":"0","bottom":"0","left":"0","isLinked":false},"_padding_mobile":{"unit":"px","top":"0","right":"0","bottom":"0","left":"0","isLinked":false}},"elements":[],"isInner":false,"widgetType":"text-editor","elType":"widget"}],"isInner":true,"elType":"column"}],"isInner":true,"elType":"section"},{"id":"12975415","settings":{"layout":"full_width","structure":"80","margin":{"unit":"px","top":"0","right":0,"bottom":"30","left":0,"isLinked":false}},"elements":[{"id":"4494c5e1","settings":{"_column_size":12,"_inline_size":5.6410000000000000142108547152020037174224853515625},"elements":[{"id":"1d44d3a2","settings":{"image":{"id":2599,"url":"https:\/\/cliente.shazamlnv.com\/wp-content\/uploads\/2022\/02\/confiavel-01.png"},"_margin_mobile":{"unit":"px","top":"0","right":"0","bottom":"-21","left":"0","isLinked":false}},"elements":[],"isInner":false,"widgetType":"image","elType":"widget"}],"isInner":true,"elType":"column"},{"id":"1d01647a","settings":{"_column_size":12,"_inline_size":18.85900000000000176214598468504846096038818359375,"content_position":"center","align":"center"},"elements":[{"id":"100c9b00","settings":{"editor":"<p>Dados pessoais sigilosos n\u00e3o s\u00e3o compartilhados<\/p>","align_mobile":"center","text_color":"#FFFFFF","typography_typography":"custom","typography_line_height":{"unit":"em","size":1.3000000000000000444089209850062616169452667236328125,"sizes":[]},"_margin_mobile":{"unit":"px","top":"0","right":"0","bottom":"12","left":"0","isLinked":false}},"elements":[],"isInner":false,"widgetType":"text-editor","elType":"widget"}],"isInner":true,"elType":"column"},{"id":"670f8f1","settings":{"_column_size":12,"_inline_size":5.55600000000000004973799150320701301097869873046875},"elements":[{"id":"6ec88297","settings":{"image":{"id":2600,"url":"https:\/\/cliente.shazamlnv.com\/wp-content\/uploads\/2022\/02\/confiavel-02.png"},"_margin_mobile":{"unit":"px","top":"0","right":"0","bottom":"-21","left":"0","isLinked":false}},"elements":[],"isInner":false,"widgetType":"image","elType":"widget"}],"isInner":true,"elType":"column"},{"id":"be3849f","settings":{"_column_size":12,"_inline_size":18.943999999999999062083588796667754650115966796875},"elements":[{"id":"2a5455d9","settings":{"editor":"<p>Dados financeiros guardados n\u00e3o s\u00e3o compartilhados<\/p>","align_mobile":"center","text_color":"#FFFFFF","typography_typography":"custom","typography_line_height":{"unit":"em","size":1.3000000000000000444089209850062616169452667236328125,"sizes":[]},"_margin_mobile":{"unit":"px","top":"0","right":"0","bottom":"12","left":"0","isLinked":false}},"elements":[],"isInner":false,"widgetType":"text-editor","elType":"widget"}],"isInner":true,"elType":"column"},{"id":"577b1827","settings":{"_column_size":12,"_inline_size":5.6410000000000000142108547152020037174224853515625},"elements":[{"id":"8e7c2d3","settings":{"image":{"id":2601,"url":"https:\/\/cliente.shazamlnv.com\/wp-content\/uploads\/2022\/02\/confiavel-03.png"},"_margin_mobile":{"unit":"px","top":"0","right":"0","bottom":"-21","left":"0","isLinked":false}},"elements":[],"isInner":false,"widgetType":"image","elType":"widget"}],"isInner":true,"elType":"column"},{"id":"8efa0fe","settings":{"_column_size":12,"_inline_size":18.85900000000000176214598468504846096038818359375},"elements":[{"id":"7272a146","settings":{"editor":"<p>100% confi\u00e1vel compre com seguran\u00e7a<\/p>","align_mobile":"center","text_color":"#FFFFFF","typography_typography":"custom","typography_line_height":{"unit":"em","size":1.3000000000000000444089209850062616169452667236328125,"sizes":[]},"_margin_mobile":{"unit":"px","top":"0","right":"0","bottom":"12","left":"0","isLinked":false}},"elements":[],"isInner":false,"widgetType":"text-editor","elType":"widget"}],"isInner":true,"elType":"column"},{"id":"bd157aa","settings":{"_column_size":12,"_inline_size":5.55600000000000004973799150320701301097869873046875},"elements":[{"id":"39aea3f8","settings":{"image":{"id":2602,"url":"https:\/\/cliente.shazamlnv.com\/wp-content\/uploads\/2022\/02\/confiavel-04.png"},"_margin_mobile":{"unit":"px","top":"0","right":"0","bottom":"-21","left":"0","isLinked":false}},"elements":[],"isInner":false,"widgetType":"image","elType":"widget"}],"isInner":true,"elType":"column"},{"id":"462cbe0e","settings":{"_column_size":12,"_inline_size":18.943999999999999062083588796667754650115966796875},"elements":[{"id":"23cf8039","settings":{"editor":"<p>Entrega garantida no prazo e pol\u00edtica de devolu\u00e7\u00e3o<\/p>","align_mobile":"center","text_color":"#FFFFFF","typography_typography":"custom","typography_line_height":{"unit":"em","size":1.3000000000000000444089209850062616169452667236328125,"sizes":[]},"_margin_mobile":{"unit":"px","top":"0","right":"0","bottom":"12","left":"0","isLinked":false}},"elements":[],"isInner":false,"widgetType":"text-editor","elType":"widget"}],"isInner":true,"elType":"column"}],"isInner":true,"elType":"section"}],"isInner":false,"elType":"column"}],"isInner":false,"elType":"section"},{"id":"10a74cf5","settings":{"content_width":{"unit":"px","size":"1040"},"background_background":"classic","background_position":"center center","background_attachment":"fixed","background_repeat":"no-repeat","background_size":"cover","background_overlay_background":"classic","background_overlay_color":"#FFFFFF","background_overlay_opacity":{"unit":"px","size":0.2200000000000000011102230246251565404236316680908203125},"padding":{"unit":"px","top":"80","right":"0","bottom":"80","left":"0","isLinked":""},"custom_height":{"unit":"vh","size":"75"},"gap":"wide","content_position":"middle","padding_mobile":{"unit":"px","top":"40","right":"0","bottom":"40","left":"0","isLinked":""},"text_align":"center","shape_divider_top":"waves","shape_divider_top_color":"#C62220","shape_divider_top_width":{"unit":"%","size":108,"sizes":[]},"shape_divider_top_height":{"unit":"px","size":69,"sizes":[]}},"elements":[{"id":"1baa3b11","settings":{"_column_size":"100","space_between_widgets":"12"},"elements":[{"id":"76b88bf8","settings":{"title":"PERGUNTAS FREQUENTES","title_color":"#C62220","typography_typography":"custom","typography_font_family":"Roboto","typography_font_size":{"unit":"rem","size":4.4000000000000003552713678800500929355621337890625},"typography_font_weight":"900","typography_line_height":{"unit":"em","size":"1.1666"},"_animation":"fadeIn","_animation_delay":"100","typography_font_size_tablet":{"unit":"rem","size":"3"},"typography_font_size_mobile":{"unit":"rem","size":"2.5"}},"elements":[],"isInner":false,"widgetType":"heading","elType":"widget"},{"id":"35197f69","settings":{"width":{"unit":"%","size":38,"sizes":[]},"align":"center","text":"Divisor","color":"#A71515"},"elements":[],"isInner":false,"widgetType":"divider","elType":"widget"},{"id":"4e3e9ad1","settings":{"content_width":{"unit":"px","size":"760"},"margin":{"unit":"px","top":"40","right":"0","bottom":"0","left":"0","isLinked":""}},"elements":[{"id":"60e47545","settings":{"_column_size":"100"},"elements":[{"id":"67ae3901","settings":{"tabs":[{"tab_title":"O QUE \u00c9? NUTRIFIT?","tab_content":"<p><span class=\"text-color1 font-bold\">NutriFit<\/span>\u00a0\u00e9 um produto 100% natural e que tem em sua f\u00f3rmula os benef\u00edcios da quitosana, \u00e1gar-\u00e1gar, berinjela, spirulina, psyllium e col\u00e1geno, capazes de emagrecer de forma saud\u00e1vel e definitiva. Al\u00e9m de queimar gorduras e rejuvenescer a pele. Nutri Fit \u00e9 sin\u00f4nimo de beleza e bem-estar!<\/p>","_id":"c831189"},{"tab_title":"COMO DEVO UTILIZAR NUTRIFIT?","tab_content":"<p>Indica-se o uso de\u00a0<span class=\"text-color1 font-bold\">NutriFit<\/span>\u00a0duas vezes ao dia, uma c\u00e1psula pela manh\u00e3 e outra \u00e0 noite. O recomendado \u00e9 a utiliza\u00e7\u00e3o do produto de forma cont\u00ednua, pois para cada pessoa, os resultados podem ser diferentes.<\/p>","_id":"6c05cdd"},{"tab_title":"QUEM PODE USAR NUTRIFIT? EXISTE CONTRA INDICA\u00c7\u00c3O?","tab_content":"<p><span class=\"text-color1 font-bold\">NutriFit<\/span>\u00a0tem f\u00f3rmula natural e n\u00e3o apresenta efeito colateral. O produto \u00e9 indicado para qualquer pessoa. No caso de gr\u00e1vidas ou que amamentam, idosos, pessoas com doen\u00e7as preexistentes ou que utilizam algum rem\u00e9dio regularmente, \u00e9 necess\u00e1rio \u00e0 consulta m\u00e9dica antes de come\u00e7ar o uso.\u00a0<span class=\"text-color1\">NutriFit<\/span>\u00a0n\u00e3o cont\u00e9m gl\u00faten.<\/p>","_id":"3a1be3b"},{"tab_title":"O SITE \u00c9 SEGURO?","tab_content":"<p>Este site \u00e9 100% protegido contra recursos de m\u00e1 inten\u00e7\u00e3o. Suas informa\u00e7\u00f5es pessoais s\u00e3o sigilosas segundo a nossa Pol\u00edtica de Privacidade e a entrega \u00e9 garantida! O\u00a0<span class=\"text-color1 font-bold\">NutriFit<\/span>\u00a0\u00e9 vendido diariamente para pessoas de todo o Brasil.<\/p>","_id":"40d4c68"},{"tab_title":"OS BENEFICIOS DE NUTRIFIT S\u00c3O COMPROVADOS CIENTIFICAMENTE?","tab_content":"<p>Sim. A f\u00f3rmula de\u00a0<span class=\"text-color1 font-bold\">NutriFit<\/span>\u00a0foi desenvolvida por meio de estudos comprovados no controle da sa\u00fade do corpo. Os ingredientes que comp\u00f5em sua f\u00f3rmula s\u00e3o essenciais emagrecer naturalmente e equilibrar a sa\u00fade.<\/p>","_id":"e4a696c"},{"tab_title":"NUTRIFIT \u00c9 VENDIDO NA FARM\u00c1CIA OU MERCADO LIVRE?","tab_content":"<p>N\u00e3o, a venda \u00e9 exclusivamente feita por nosso site oficial:\u00a0<span class=\"text-color1 font-bold\">www.nutrifitoficial.com.br<\/span>\u00a0N\u00f3s n\u00e3o nos responsabilizamos por sites que fraudam o\u00a0<span class=\"text-color1 font-bold\">NutriFit<\/span>. \u00c9 um grande risco \u00e0 sua sa\u00fade comprar em sites como Mercado Livre porque as c\u00e1psulas vendidas nele n\u00e3o passam pelo nosso controle de qualidade nem s\u00e3o aprovadas pela ANVISA.<\/p>","_id":"e2a0850"},{"tab_title":"QUAL O PRAZO DE ENTREGA DO NUTRIFIT?","tab_content":"<p>Para acompanhar o seu envio\u00a0<a href=\"https:\/\/ev.kapsula.com.br\/status-entrega\">clique aqui<\/a>\u00a0(coloque o n\u00famero da sua transa\u00e7\u00e3o que os dados ser\u00e3o impressos). Ap\u00f3s a compra, o prazo para que seus dados estejam no sistema, \u00e9 de at\u00e9 72 horas. Caso n\u00e3o consiga depois desse per\u00edodo, entre em contato conosco.<\/p>","_id":"76edf75"}],"icon":"fa fa-chevron-circle-down","icon_active":"fa fa-chevron-circle-up","title_html_tag":"h2","border_width":{"unit":"px","size":"4"},"border_color":"rgba(0,0,0,0)","title_background":"#C62220","title_color":"#FFFFFF","tab_active_color":"#FFFFFF","title_typography_typography":"custom","title_typography_font_family":"Roboto","title_typography_font_size":{"unit":"rem","size":"1.125"},"title_typography_font_weight":"400","title_padding":{"unit":"px","top":"24","right":"24","bottom":"24","left":"24","isLinked":"1"},"icon_align":"right","icon_space":{"unit":"px","size":"0"},"content_color":"rgba(0, 0, 0, 0.92)","content_typography_typography":"custom","content_typography_font_family":"Roboto","content_typography_font_size":{"unit":"rem","size":"1"},"content_typography_font_weight":"400","content_typography_line_height":{"unit":"em","size":"1.617"},"content_padding":{"unit":"px","top":"24","right":"24","bottom":"24","left":"24","isLinked":"1"},"title_typography_font_size_mobile":{"unit":"rem","size":"1"},"selected_icon":{"value":"fas fa-chevron-circle-down","library":"fa-solid"},"selected_active_icon":{"value":"fas fa-chevron-circle-up","library":"fa-solid"},"__fa4_migrated":{"selected_icon":true,"selected_active_icon":true}},"elements":[],"isInner":false,"widgetType":"accordion","elType":"widget"},{"id":"1315f212","settings":{"text":"SIM! EU QUERO EMAGRECER","align":"center","size":"lg","selected_icon":{"value":"far fa-check-square","library":"fa-regular"},"typography_typography":"custom","typography_font_size":{"unit":"px","size":24,"sizes":[]},"background_color":"#19D532","button_background_hover_color":"#F0841F","hover_animation":"pulse","border_width":{"unit":"px","top":"1","right":"1","bottom":"1","left":"1","isLinked":true},"_margin":{"unit":"px","top":"20","right":"0","bottom":"10","left":"0","isLinked":false},"_animation":"swing"},"elements":[],"isInner":false,"widgetType":"button","elType":"widget"},{"id":"48c3ac96","settings":{"image":{"id":2590,"url":"https:\/\/cliente.shazamlnv.com\/wp-content\/uploads\/2022\/02\/compra-segura.png"},"align":"center","width":{"unit":"%","size":39,"sizes":[]},"_margin":{"unit":"px","top":"15","right":"0","bottom":"0","left":"0","isLinked":false}},"elements":[],"isInner":false,"widgetType":"image","elType":"widget"}],"isInner":"1","elType":"column"}],"isInner":"1","elType":"section"}],"isInner":"","elType":"column"}],"isInner":"","elType":"section"},{"id":"13258ba6","settings":{"stretch_section":"section-stretched","layout":"full_width","background_background":"gradient","background_color":"#B00F0F","background_color_b":"#830404"},"elements":[{"id":"6c81ffe1","settings":{"_column_size":100,"_inline_size":null},"elements":[{"id":"65afa816","settings":{"structure":"40"},"elements":[{"id":"75cff731","settings":{"_column_size":25,"_inline_size":null},"elements":[{"id":"615b7a3c","settings":{"title":"FORMAS DE PAGAMENTO","align_mobile":"center","title_color":"#FFFFFF","typography_typography":"custom","typography_font_size":{"unit":"px","size":20,"sizes":[]}},"elements":[],"isInner":false,"widgetType":"heading","elType":"widget"},{"id":"745f2deb","settings":{"image":{"id":2603,"url":"https:\/\/cliente.shazamlnv.com\/wp-content\/uploads\/2022\/02\/pagamentoFooter.png"},"align":"left","align_mobile":"center","_margin":{"unit":"px","top":"10","right":"0","bottom":"20","left":"0","isLinked":false}},"elements":[],"isInner":false,"widgetType":"image","elType":"widget"},{"id":"3a652e79","settings":{"title":"M\u00c9TODO DE ENTREGA","align_mobile":"center","title_color":"#FFFFFF","typography_typography":"custom","typography_font_size":{"unit":"px","size":20,"sizes":[]}},"elements":[],"isInner":false,"widgetType":"heading","elType":"widget"},{"id":"1d940195","settings":{"image":{"id":2604,"url":"https:\/\/cliente.shazamlnv.com\/wp-content\/uploads\/2022\/02\/correios.png"},"align":"left","align_mobile":"center","_margin":{"unit":"px","top":"10","right":"0","bottom":"20","left":"0","isLinked":false}},"elements":[],"isInner":false,"widgetType":"image","elType":"widget"}],"isInner":true,"elType":"column"},{"id":"5772acb3","settings":{"_column_size":25,"_inline_size":null},"elements":[{"id":"7112b17c","settings":{"title":"LINKS","align_mobile":"center","title_color":"#FFFFFF","typography_typography":"custom","typography_font_size":{"unit":"px","size":20,"sizes":[]}},"elements":[],"isInner":false,"widgetType":"heading","elType":"widget"},{"id":"2e9e126e","settings":{"title":"AVISO LEGAL","link":{"url":"#","is_external":"","nofollow":"","custom_attributes":""},"align_mobile":"center","title_color":"#FFFFFF","typography_typography":"custom","typography_font_size":{"unit":"px","size":17,"sizes":[]},"typography_font_weight":"400","_padding":{"unit":"px","top":"9","right":"0","bottom":"0","left":"0","isLinked":false}},"elements":[],"isInner":false,"widgetType":"heading","elType":"widget"},{"id":"7f86abd8","settings":{"title":"RASTREAR PEDIDO","link":{"url":"#","is_external":"","nofollow":"","custom_attributes":""},"align_mobile":"center","title_color":"#FFFFFF","typography_typography":"custom","typography_font_size":{"unit":"px","size":17,"sizes":[]},"typography_font_weight":"400","_padding":{"unit":"px","top":"9","right":"0","bottom":"0","left":"0","isLinked":false}},"elements":[],"isInner":false,"widgetType":"heading","elType":"widget"},{"id":"2a9d36f","settings":{"title":"TERMOS E CONDI\u00c7\u00d5ES","link":{"url":"#","is_external":"","nofollow":"","custom_attributes":""},"align_mobile":"center","title_color":"#FFFFFF","typography_typography":"custom","typography_font_size":{"unit":"px","size":17,"sizes":[]},"typography_font_weight":"400","_padding":{"unit":"px","top":"9","right":"0","bottom":"0","left":"0","isLinked":false}},"elements":[],"isInner":false,"widgetType":"heading","elType":"widget"},{"id":"46b49e83","settings":{"title":"POL\u00cdTICA DE PRIVACIDADE","link":{"url":"#","is_external":"","nofollow":"","custom_attributes":""},"align_mobile":"center","title_color":"#FFFFFF","typography_typography":"custom","typography_font_size":{"unit":"px","size":17,"sizes":[]},"typography_font_weight":"400","_padding":{"unit":"px","top":"9","right":"0","bottom":"0","left":"0","isLinked":false}},"elements":[],"isInner":false,"widgetType":"heading","elType":"widget"}],"isInner":true,"elType":"column"},{"id":"5181032d","settings":{"_column_size":25,"_inline_size":null},"elements":[{"id":"2c1b876a","settings":{"title":"D\u00daVIDAS","align_mobile":"center","title_color":"#FFFFFF","typography_typography":"custom","typography_font_size":{"unit":"px","size":20,"sizes":[]}},"elements":[],"isInner":false,"widgetType":"heading","elType":"widget"},{"id":"47a95ed7","settings":{"title":"Fale conosco aqui:<br>suporte@nutrifit.com.br<br>(34) 3814-0016<br>(34) 99881-2324","link":{"url":"#","is_external":"","nofollow":"","custom_attributes":""},"align_mobile":"center","title_color":"#FFFFFF","typography_typography":"custom","typography_font_size":{"unit":"px","size":17,"sizes":[]},"typography_font_weight":"400","typography_line_height":{"unit":"em","size":1.5,"sizes":[]},"_padding":{"unit":"px","top":"9","right":"0","bottom":"0","left":"0","isLinked":false}},"elements":[],"isInner":false,"widgetType":"heading","elType":"widget"}],"isInner":true,"elType":"column"},{"id":"38d24c8","settings":{"_column_size":25,"_inline_size":null},"elements":[{"id":"1848e1b1","settings":{"title":"D\u00daVIDAS","align_mobile":"center","title_color":"#FFFFFF","typography_typography":"custom","typography_font_size":{"unit":"px","size":20,"sizes":[]}},"elements":[],"isInner":false,"widgetType":"heading","elType":"widget"},{"id":"2983c6af","settings":{"image":{"id":2605,"url":"https:\/\/cliente.shazamlnv.com\/wp-content\/uploads\/2022\/02\/seguro-1.png"},"align":"left","align_mobile":"center","_margin":{"unit":"px","top":"10","right":"0","bottom":"20","left":"0","isLinked":false}},"elements":[],"isInner":false,"widgetType":"image","elType":"widget"}],"isInner":true,"elType":"column"}],"isInner":true,"elType":"section"}],"isInner":false,"elType":"column"}],"isInner":false,"elType":"section"},{"id":"23197a1d","settings":{"background_background":"classic","background_color":"#BD1313"},"elements":[{"id":"782d1f32","settings":{"_column_size":100,"_inline_size":null},"elements":[{"id":"33b2c213","settings":{"title":"Desenvolvido por <font color=\"#ffd100\">Shazam\/LNV<\/font>","size":"small","align":"center","title_color":"#FFFFFF"},"elements":[],"isInner":false,"widgetType":"heading","elType":"widget"}],"isInner":false,"elType":"column"}],"isInner":false,"elType":"section"}],"page_settings":[],"version":"0.4","title":"CAPSULAS 1","type":"page"}