{"content":[{"id":"557ae059","settings":{"height":"min-height","custom_height":{"unit":"vh","size":75},"background_background":"video","background_video_link":"https:\/\/www.youtube.com\/watch?v=eJxA7s9si4A","background_overlay_background":"classic","background_overlay_color":"#2c3e50","background_overlay_opacity":{"unit":"px","size":0.450000000000000011102230246251565404236316680908203125},"css_filters_brightness":{"unit":"px","size":91},"css_filters_contrast":{"unit":"px","size":117},"content_width":{"unit":"px","size":1304},"background_image":{"id":"3459","url":"https:\/\/cliente.shazamlnv.com\/setasolar\/wp-content\/uploads\/2022\/04\/zz-portfolio6.jpg"},"background_size":"cover","background_video_fallback":{"id":"3460","url":"https:\/\/cliente.shazamlnv.com\/setasolar\/wp-content\/uploads\/2022\/04\/04-clientstories2.jpg"},"background_overlay_image":{"id":"3461","url":"https:\/\/cliente.shazamlnv.com\/setasolar\/wp-content\/uploads\/2022\/04\/scattered-triangle.png"},"background_overlay_position":"top right","background_overlay_repeat":"no-repeat","background_overlay_size":"contain","html_tag":"header"},"elements":[{"id":"725b8ed2","settings":{"_column_size":100,"background_background":"classic"},"elements":[{"id":"6c1f7c61","settings":{"space":{"unit":"px","size":0},"_css_classes":"envato-kit-80-space-triangle","_border_border":"solid","_border_width":{"unit":"px","top":"40","right":"40","bottom":"40","left":"40","isLinked":true},"_border_color":"#ed8b00","_margin":{"unit":"px","top":"0","right":"0","bottom":"0","left":"0","isLinked":false},"hide_mobile":"hidden-phone","_margin_tablet":{"unit":"%","top":"-11","right":"0","bottom":"0","left":"100","isLinked":false}},"elements":[],"isInner":false,"widgetType":"spacer","elType":"widget"},{"id":"7e4378ef","settings":{"slides":[{"heading":"We\u2019re here to help you manage your accounting on your terms.","description":"Our Accounting Simulations are a new way to start the plan about long term businesses","button_text":"Learn More","background_color":"rgba(187,187,187,0)","_id":"5ddf728"},{"heading":"Guiding you toward a truly successful future.","description":"The right financial tools and solutions can help you grow your business.","button_text":"Learn More","background_color":"rgba(64,84,178,0)","_id":"aab516c"}],"heading_color":"#ffffff","heading_typography_typography":"custom","heading_typography_font_family":"Playfair Display","heading_typography_font_size":{"unit":"em","size":4},"heading_typography_line_height":{"unit":"em","size":1.100000000000000088817841970012523233890533447265625},"description_color":"#ffffff","description_typography_typography":"custom","description_typography_font_family":"PT Sans","description_typography_font_size":{"unit":"em","size":1.3000000000000000444089209850062616169452667236328125},"description_typography_font_weight":"400","description_typography_line_height":{"unit":"em","size":1.3000000000000000444089209850062616169452667236328125},"button_size":"md","button_color":"#ffffff","button_typography_typography":"custom","button_typography_font_weight":"300","button_typography_text_transform":"uppercase","button_typography_letter_spacing":{"unit":"px","size":2},"button_border_width":{"unit":"px","size":1},"button_border_radius":{"unit":"px","size":1},"button_hover_background_color":"#ed8b00","slides_height_tablet":{"unit":"vh","size":50},"slides_height_mobile":{"unit":"vh","size":60},"slides_padding_mobile":{"unit":"px","top":"20","right":"20","bottom":"20","left":"20","isLinked":true},"heading_typography_font_size_mobile":{"unit":"em","size":1.399999999999999911182158029987476766109466552734375},"description_typography_font_size_mobile":{"unit":"em","size":1},"button_typography_font_size_mobile":{"unit":"em","size":0.75},"heading_typography_font_size_tablet":{"unit":"rem","size":3.100000000000000088817841970012523233890533447265625},"button_typography_font_family":"PT Sans Caption","button_typography_font_size":{"unit":"rem","size":1.1999999999999999555910790149937383830547332763671875},"button_text_color":"#ffffff","button_background_color":"rgba(44,62,80,0)","button_border_color":"#ffffff","button_hover_border_color":"#ed8b00","slides_height":{"unit":"px","size":718},"transition":"fade","transition_speed":300,"navigation":"dots","content_animation":""},"elements":[],"isInner":false,"widgetType":"slides","elType":"widget"},{"id":"53038537","settings":{"weight":{"unit":"px","size":2},"color":"#ed8b00","width":{"unit":"px","size":187},"gap":{"unit":"px","size":8},"gap_mobile":{"unit":"px","size":2},"align":"center","text":"Divis\u00f3ria"},"elements":[],"isInner":false,"widgetType":"divider","elType":"widget"}],"isInner":false,"elType":"column"}],"isInner":false,"elType":"section"},{"id":"1a8e059d","settings":{"structure":"20","background_background":"classic","background_image":{"id":"3462","url":"https:\/\/cliente.shazamlnv.com\/setasolar\/wp-content\/uploads\/2022\/04\/bg-triangle.png"},"background_position":"bottom center","background_attachment":"fixed","background_repeat":"no-repeat","background_size":"cover","padding":{"unit":"px","top":"70","right":"0","bottom":"70","left":"0","isLinked":false},"reverse_order_mobile":"reverse-mobile","padding_mobile":{"unit":"em","top":"0","right":"0","bottom":"2","left":"0","isLinked":false},"html_tag":"section"},"elements":[{"id":"4edb797c","settings":{"_column_size":50,"_inline_size":null,"padding_tablet":{"unit":"em","top":"1","right":"1","bottom":"1","left":"1","isLinked":true}},"elements":[{"id":"6a087bdd","settings":{"title":"About Us","title_color":"#2c3e50","typography_typography":"custom","typography_font_size":{"unit":"em","size":2.20000000000000017763568394002504646778106689453125},"typography_font_size_tablet":{"unit":"em","size":2},"typography_font_size_mobile":{"unit":"em","size":1.6999999999999999555910790149937383830547332763671875},"align_mobile":"left","typography_font_family":"Playfair Display"},"elements":[],"isInner":false,"widgetType":"heading","elType":"widget"},{"id":"7d42607a","settings":{"editor":"<p>In dapibus quis orci in eleifend. Suspendisse porttitor nunc justo, sed accumsan risus facilisis sit amet. Suspendisse ut eros nisi. Ut accumsan nec tellus vel pulvinar. Sed vel facilisis odio. Vivamus ac posuere arcu.<\/p>","text_color":"#2c3e50","typography_typography":"custom","typography_line_height":{"unit":"em","size":1.6999999999999999555910790149937383830547332763671875},"typography_font_family":"PT Sans"},"elements":[],"isInner":false,"widgetType":"text-editor","elType":"widget"},{"id":"193c24d9","settings":{"color":"#ed8b00","width":{"unit":"px","size":154},"gap":{"unit":"px","size":31},"_margin":{"unit":"px","top":"0","right":"0","bottom":"0","left":"-91","isLinked":false},"gap_mobile":{"unit":"px","size":4},"text":"Divis\u00f3ria"},"elements":[],"isInner":false,"widgetType":"divider","elType":"widget"},{"id":"6e6cc7c8","settings":{"text":"Contact Us","size":"lg","typography_typography":"custom","typography_font_size":{"unit":"em","size":1},"typography_font_weight":"300","typography_text_transform":"uppercase","background_color":"#2c3e50","button_background_hover_color":"#ed8b00","border_radius":{"unit":"px","top":"0","right":"0","bottom":"0","left":"0","isLinked":true},"icon":"fa fa-envelope-o","icon_indent":{"unit":"px","size":19},"typography_font_size_tablet":{"unit":"em","size":1},"typography_font_size_mobile":{"unit":"em","size":0.75},"typography_font_family":"PT Sans Caption","_margin":{"unit":"px","top":"45","right":"0","bottom":"0","left":"0","isLinked":false},"selected_icon":{"value":"far fa-envelope","library":"fa-regular"}},"elements":[],"isInner":false,"widgetType":"button","elType":"widget"}],"isInner":false,"elType":"column"},{"id":"7ce810c9","settings":{"_column_size":50,"_inline_size":null},"elements":[{"id":"52f94db5","settings":{"youtube_url":"https:\/\/www.youtube.com\/watch?v=x0tsChuq4sg","vimeo_url":"https:\/\/vimeo.com\/235215203","dailymotion_url":"https:\/\/www.dailymotion.com\/video\/x6koazf","start":10,"showinfo":"","modestbranding":"yes","yt_privacy":"yes","show_image_overlay":"yes","image_overlay":{"id":"3463","url":"https:\/\/cliente.shazamlnv.com\/setasolar\/wp-content\/uploads\/2022\/04\/03-review-video.jpg"}},"elements":[],"isInner":false,"widgetType":"video","elType":"widget"},{"id":"5b874c2a","settings":[],"elements":[{"id":"7eeffaf2","settings":{"_column_size":100,"_inline_size":null},"elements":[{"id":"4bd9996c","settings":{"space":{"unit":"px","size":0},"_margin":{"unit":"px","top":"-69","right":"0","bottom":"0","left":"0","isLinked":false},"_css_classes":"envato-kit-80-space-triangle-bottom","_border_border":"solid","_border_width":{"unit":"px","top":"35","right":"35","bottom":"35","left":"35","isLinked":true},"_border_color":"#ed8b00"},"elements":[],"isInner":false,"widgetType":"spacer","elType":"widget"}],"isInner":true,"elType":"column"}],"isInner":true,"elType":"section"}],"isInner":false,"elType":"column"}],"isInner":false,"elType":"section"},{"id":"77c2c104","settings":{"margin":{"unit":"px","top":"","right":0,"bottom":"","left":0,"isLinked":true},"background_background":"classic","background_color":"#2c3e50","background_image":{"id":"3464","url":"https:\/\/cliente.shazamlnv.com\/setasolar\/wp-content\/uploads\/2022\/04\/scattered-triangle2.png"},"background_position":"top left","background_repeat":"no-repeat","background_size":"contain","padding":{"unit":"px","top":"80","right":"0","bottom":"60","left":"0","isLinked":false},"html_tag":"section"},"elements":[{"id":"63019d3d","settings":{"_column_size":100},"elements":[{"id":"67bab63a","settings":{"title":"Our Products & Solutions","title_color":"#ffffff","align":"center","typography_typography":"custom","typography_font_size":{"unit":"em","size":2.20000000000000017763568394002504646778106689453125},"typography_font_size_tablet":{"unit":"em","size":2},"typography_font_size_mobile":{"unit":"em","size":1.6999999999999999555910790149937383830547332763671875},"align_mobile":"center","typography_font_family":"Playfair Display"},"elements":[],"isInner":false,"widgetType":"heading","elType":"widget"},{"id":"218dab06","settings":{"editor":"Ut elit tellus, luctus nec ullamcorper mattis.","align":"center","text_color":"#ffffff","_margin":{"unit":"px","top":"-10","right":"0","bottom":"0","left":"0","isLinked":false},"align_mobile":"center","typography_typography":"custom","typography_font_family":"PT Sans"},"elements":[],"isInner":false,"widgetType":"text-editor","elType":"widget"},{"id":"52c21f27","settings":{"space":{"unit":"px","size":10}},"elements":[],"isInner":false,"widgetType":"spacer","elType":"widget"},{"id":"21d0688e","settings":{"structure":"40"},"elements":[{"id":"39093f04","settings":{"_column_size":25,"_inline_size":null,"padding_tablet":{"unit":"em","top":"1","right":"1","bottom":"1","left":"1","isLinked":true},"_inline_size_tablet":50,"content_position":"center"},"elements":[{"id":"cd8e8f7","settings":{"title":"Accounting & Bookkeeping","header_size":"h3","align":"center","title_color":"#ffffff","typography_typography":"custom","typography_font_size":{"unit":"em","size":1.399999999999999911182158029987476766109466552734375},"typography_line_height":{"unit":"em","size":1.5},"typography_font_family":"Playfair Display","typography_font_size_tablet":{"unit":"rem","size":1.100000000000000088817841970012523233890533447265625}},"elements":[],"isInner":false,"widgetType":"heading","elType":"widget"},{"id":"520f9da1","settings":{"weight":{"unit":"px","size":2},"color":"#ed8b00","width":{"unit":"%","size":8},"align":"center","gap":{"unit":"px","size":2},"_margin":{"unit":"px","top":"-10","right":"0","bottom":"0","left":"0","isLinked":false},"text":"Divis\u00f3ria"},"elements":[],"isInner":false,"widgetType":"divider","elType":"widget"},{"id":"13d8adc0","settings":{"editor":"Lorem ipsum dolor sit amet, consectetur adipiscing elit. Ut elit tellus, luctus nec ullamcorper mattis, pulvinar dapibus leo dapibus vitae nisi.","align":"center","text_color":"#ffffff","typography_typography":"custom","typography_font_size":{"unit":"em","size":0.91000000000000003108624468950438313186168670654296875},"typography_line_height":{"unit":"em","size":1.600000000000000088817841970012523233890533447265625},"align_mobile":"center","typography_font_family":"PT Sans","typography_font_size_tablet":{"unit":"rem","size":1},"typography_font_size_mobile":{"unit":"rem","size":0.8000000000000000444089209850062616169452667236328125}},"elements":[],"isInner":false,"widgetType":"text-editor","elType":"widget"}],"isInner":true,"elType":"column"},{"id":"4ab4975d","settings":{"_column_size":25,"_inline_size":null,"_inline_size_tablet":50,"content_position":"center","padding_tablet":{"unit":"em","top":"1","right":"1","bottom":"1","left":"1","isLinked":true}},"elements":[{"id":"5de7a069","settings":{"title":"Compliance & <br>Payroll","header_size":"h3","align":"center","title_color":"#ffffff","typography_typography":"custom","typography_font_size":{"unit":"em","size":1.399999999999999911182158029987476766109466552734375},"typography_line_height":{"unit":"em","size":1.5},"align_mobile":"center","typography_font_family":"Playfair Display","typography_font_size_tablet":{"unit":"rem","size":1.100000000000000088817841970012523233890533447265625}},"elements":[],"isInner":false,"widgetType":"heading","elType":"widget"},{"id":"7d798ec9","settings":{"weight":{"unit":"px","size":2},"color":"#ed8b00","width":{"unit":"%","size":8},"align":"center","gap":{"unit":"px","size":2},"_margin":{"unit":"px","top":"-10","right":"0","bottom":"0","left":"0","isLinked":false},"text":"Divis\u00f3ria"},"elements":[],"isInner":false,"widgetType":"divider","elType":"widget"},{"id":"73ab03a4","settings":{"editor":"Lorem ipsum dolor sit amet, consectetur adipiscing elit. Ut elit tellus, luctus nec ullamcorper mattis, pulvinar dapibus leo dapibus vitae nisi.","align":"center","text_color":"#ffffff","typography_typography":"custom","typography_font_size":{"unit":"em","size":0.91000000000000003108624468950438313186168670654296875},"typography_line_height":{"unit":"em","size":1.600000000000000088817841970012523233890533447265625},"align_mobile":"center","typography_font_family":"PT Sans","typography_font_size_tablet":{"unit":"rem","size":1},"typography_font_size_mobile":{"unit":"rem","size":0.8000000000000000444089209850062616169452667236328125}},"elements":[],"isInner":false,"widgetType":"text-editor","elType":"widget"}],"isInner":true,"elType":"column"},{"id":"7b3edec","settings":{"_column_size":25,"_inline_size":null,"_inline_size_tablet":50,"content_position":"center","padding_tablet":{"unit":"em","top":"1","right":"1","bottom":"1","left":"1","isLinked":true}},"elements":[{"id":"392cdef6","settings":{"title":"Tax & <br>Funding Access","header_size":"h3","align":"center","title_color":"#ffffff","typography_typography":"custom","typography_font_size":{"unit":"em","size":1.399999999999999911182158029987476766109466552734375},"typography_line_height":{"unit":"em","size":1.5},"typography_font_family":"Playfair Display","typography_font_size_tablet":{"unit":"rem","size":1.100000000000000088817841970012523233890533447265625}},"elements":[],"isInner":false,"widgetType":"heading","elType":"widget"},{"id":"7dc62d52","settings":{"weight":{"unit":"px","size":2},"color":"#ed8b00","width":{"unit":"%","size":8},"align":"center","gap":{"unit":"px","size":2},"_margin":{"unit":"px","top":"-10","right":"0","bottom":"0","left":"0","isLinked":false},"text":"Divis\u00f3ria"},"elements":[],"isInner":false,"widgetType":"divider","elType":"widget"},{"id":"46cd607d","settings":{"editor":"Lorem ipsum dolor sit amet, consectetur adipiscing elit. Ut elit tellus, luctus nec ullamcorper mattis, pulvinar dapibus leo dapibus vitae nisi.","align":"center","text_color":"#ffffff","typography_typography":"custom","typography_font_size":{"unit":"em","size":0.91000000000000003108624468950438313186168670654296875},"typography_line_height":{"unit":"em","size":1.600000000000000088817841970012523233890533447265625},"align_mobile":"center","typography_font_family":"PT Sans","typography_font_size_tablet":{"unit":"rem","size":1},"typography_font_size_mobile":{"unit":"rem","size":0.8000000000000000444089209850062616169452667236328125}},"elements":[],"isInner":false,"widgetType":"text-editor","elType":"widget"}],"isInner":true,"elType":"column"},{"id":"7b4e3c15","settings":{"_column_size":25,"_inline_size":null,"_inline_size_tablet":50,"content_position":"center","padding_tablet":{"unit":"em","top":"1","right":"1","bottom":"1","left":"1","isLinked":true}},"elements":[{"id":"38dd7b54","settings":{"title":"Business Performance Monitor","header_size":"h3","align":"center","title_color":"#ffffff","typography_typography":"custom","typography_font_size":{"unit":"em","size":1.399999999999999911182158029987476766109466552734375},"typography_line_height":{"unit":"em","size":1.5},"typography_font_family":"Playfair Display","typography_font_size_tablet":{"unit":"rem","size":1.100000000000000088817841970012523233890533447265625}},"elements":[],"isInner":false,"widgetType":"heading","elType":"widget"},{"id":"58b54c2b","settings":{"weight":{"unit":"px","size":2},"color":"#ed8b00","width":{"unit":"%","size":8},"align":"center","gap":{"unit":"px","size":2},"_margin":{"unit":"px","top":"-10","right":"0","bottom":"0","left":"0","isLinked":false},"text":"Divis\u00f3ria"},"elements":[],"isInner":false,"widgetType":"divider","elType":"widget"},{"id":"4320848c","settings":{"editor":"Lorem ipsum dolor sit amet, consectetur adipiscing elit. Ut elit tellus, luctus nec ullamcorper mattis, pulvinar dapibus leo dapibus vitae nisi.","align":"center","text_color":"#ffffff","typography_typography":"custom","typography_font_size":{"unit":"em","size":0.91000000000000003108624468950438313186168670654296875},"typography_line_height":{"unit":"em","size":1.600000000000000088817841970012523233890533447265625},"align_mobile":"center","typography_font_family":"PT Sans","typography_font_size_tablet":{"unit":"rem","size":1},"typography_font_size_mobile":{"unit":"rem","size":0.8000000000000000444089209850062616169452667236328125}},"elements":[],"isInner":false,"widgetType":"text-editor","elType":"widget"}],"isInner":true,"elType":"column"}],"isInner":true,"elType":"section"}],"isInner":false,"elType":"column"}],"isInner":false,"elType":"section"},{"id":"3fe5fe6e","settings":{"height":"min-height","custom_height":{"unit":"vh","size":70},"structure":"20","background_background":"classic","background_image":{"id":"3465","url":"https:\/\/cliente.shazamlnv.com\/setasolar\/wp-content\/uploads\/2022\/04\/07-home.jpg"},"background_position":"center center","background_attachment":"fixed","background_repeat":"no-repeat","background_size":"cover","background_overlay_background":"classic","background_overlay_color":"#2c3e50","background_overlay_opacity":{"unit":"px","size":0.66000000000000003108624468950438313186168670654296875},"shape_divider_top":"pyramids","shape_divider_top_color":"#2c3e50","shape_divider_top_width":{"unit":"%","size":246},"shape_divider_top_height":{"unit":"px","size":316},"shape_divider_bottom":"triangle-asymmetrical","shape_divider_bottom_color":"#ffffff","shape_divider_bottom_width":{"unit":"%","size":100},"shape_divider_bottom_height":{"unit":"px","size":170},"padding":{"unit":"px","top":"100","right":"0","bottom":"100","left":"0","isLinked":false},"shape_divider_bottom_height_mobile":{"unit":"px","size":14},"padding_mobile":{"unit":"em","top":"1","right":"1","bottom":"1","left":"1","isLinked":true},"html_tag":"section"},"elements":[{"id":"6fc52193","settings":{"_column_size":50,"_inline_size":55.5,"padding_tablet":{"unit":"em","top":"1","right":"1","bottom":"1","left":"1","isLinked":true},"_inline_size_tablet":80},"elements":[{"id":"192e4eca","settings":{"headline_style":"rotate","animation_type":"swirl","before_text":"So you can focus on","highlighted_text":"Amazing","rotating_text":"life\nfamily\nwork","alignment":"left","tag":"h2","title_color":"#ffffff","title_typography_typography":"custom","title_typography_font_family":"Playfair Display","title_typography_font_size":{"unit":"rem","size":4.5},"title_typography_font_size_mobile":{"unit":"rem","size":2.5},"title_typography_line_height":{"unit":"em","size":1},"title_typography_letter_spacing":{"unit":"px","size":0},"words_color":"#ed8b00","words_typography_typography":"custom","words_typography_font_family":"Playfair Display"},"elements":[],"isInner":false,"widgetType":"animated-headline","elType":"widget"},{"id":"27cf2f2a","settings":{"color":"#ffffff","width":{"unit":"px","size":154},"gap":{"unit":"px","size":2},"_margin":{"unit":"px","top":"0","right":"0","bottom":"0","left":"-91","isLinked":false},"text":"Divis\u00f3ria"},"elements":[],"isInner":false,"widgetType":"divider","elType":"widget"},{"id":"719adfb5","settings":{"editor":"<p>We\u2019ve been the partner to thousands of people like you with whom we\u2019ve partnered to help build their secure financial futures \u2013 so you can focus on what's important.<\/p>","text_color":"#ffffff","typography_typography":"custom","typography_font_size":{"unit":"em","size":1.1999999999999999555910790149937383830547332763671875},"typography_line_height":{"unit":"em","size":1.6999999999999999555910790149937383830547332763671875},"_margin":{"unit":"%","top":"0","right":"0","bottom":"0","left":"23","isLinked":false},"typography_font_family":"PT Sans","_margin_mobile":{"unit":"px","top":"0","right":"0","bottom":"0","left":"0","isLinked":true},"_padding_mobile":{"unit":"em","top":"0","right":"0","bottom":"0","left":"0","isLinked":true}},"elements":[],"isInner":false,"widgetType":"text-editor","elType":"widget"},{"id":"bf54d6","settings":{"space":{"unit":"px","size":0},"_margin":{"unit":"px","top":"0","right":"0","bottom":"0","left":"0","isLinked":false},"_css_classes":"envato-kit-80-space-triangle-bottom","_border_border":"solid","_border_width":{"unit":"px","top":"35","right":"35","bottom":"35","left":"35","isLinked":true},"_border_color":"#ed8b00"},"elements":[],"isInner":false,"widgetType":"spacer","elType":"widget"}],"isInner":false,"elType":"column"},{"id":"2d911cf0","settings":{"_column_size":50,"_inline_size":44.5},"elements":[{"id":"53840d5a","settings":{"space":{"unit":"px","size":0},"_margin":{"unit":"px","top":"-10","right":"0","bottom":"0","left":"0","isLinked":false},"_css_classes":"envato-kit-80-space-triangle-mid","_border_border":"solid","_border_width":{"unit":"px","top":"105","right":"105","bottom":"105","left":"105","isLinked":true},"_border_color":"#ed8b00"},"elements":[],"isInner":false,"widgetType":"spacer","elType":"widget"}],"isInner":false,"elType":"column"}],"isInner":false,"elType":"section"},{"id":"60e07f11","settings":{"structure":"30","margin":{"unit":"px","top":"0","right":0,"bottom":"0","left":0,"isLinked":false},"padding":{"unit":"px","top":"40","right":"0","bottom":"60","left":"0","isLinked":false},"padding_mobile":{"unit":"em","top":"1","right":"1","bottom":"1","left":"1","isLinked":true},"padding_tablet":{"unit":"em","top":"1","right":"1","bottom":"1","left":"1","isLinked":true},"html_tag":"section","background_background":"classic","background_color":"#ffffff"},"elements":[{"id":"1efcd524","settings":{"_column_size":33,"_inline_size":null,"padding_tablet":{"unit":"em","top":"1","right":"1","bottom":"1","left":"1","isLinked":true}},"elements":[{"id":"1f5103b9","settings":{"title":"Our Client Stories","title_color":"#2c3e50","typography_typography":"custom","typography_font_size":{"unit":"em","size":2.20000000000000017763568394002504646778106689453125},"typography_font_size_tablet":{"unit":"em","size":2},"typography_font_size_mobile":{"unit":"em","size":1.6999999999999999555910790149937383830547332763671875},"align_mobile":"left","typography_font_family":"Playfair Display"},"elements":[],"isInner":false,"widgetType":"heading","elType":"widget"},{"id":"4b4dcc0f","settings":{"editor":"<p>In dapibus quis orci in eleifend. Suspendisse porttitor nunc justo, sed accumsan risus facilisis sit amet. Suspendisse ut eros nisi.<\/p>","text_color":"#2c3e50","typography_typography":"custom","typography_line_height":{"unit":"em","size":1.6999999999999999555910790149937383830547332763671875},"typography_font_family":"PT Sans"},"elements":[],"isInner":false,"widgetType":"text-editor","elType":"widget"},{"id":"67dd986","settings":{"color":"#ed8b00","width":{"unit":"px","size":154},"gap":{"unit":"px","size":13},"_margin":{"unit":"px","top":"0","right":"0","bottom":"0","left":"-30","isLinked":false},"text":"Divis\u00f3ria"},"elements":[],"isInner":false,"widgetType":"divider","elType":"widget"},{"id":"68ef05ba","settings":{"text":"View More","size":"lg","typography_typography":"custom","typography_font_size":{"unit":"em","size":1},"typography_font_weight":"300","typography_text_transform":"uppercase","background_color":"#2c3e50","button_background_hover_color":"#ed8b00","border_radius":{"unit":"px","top":"0","right":"0","bottom":"0","left":"0","isLinked":true},"icon":"fa fa-angle-double-right","icon_indent":{"unit":"px","size":19},"typography_font_size_mobile":{"unit":"em","size":0.75},"icon_align":"right","align_mobile":"left","typography_font_family":"PT Sans Caption","typography_font_size_tablet":{"unit":"em","size":1},"_margin":{"unit":"px","top":"45","right":"0","bottom":"0","left":"0","isLinked":false},"selected_icon":{"value":"fas fa-angle-double-right","library":"fa-solid"}},"elements":[],"isInner":false,"widgetType":"button","elType":"widget"},{"id":"7a591bf8","settings":{"space":{"unit":"px","size":0},"_margin":{"unit":"px","top":"0","right":"0","bottom":"0","left":"-44","isLinked":false},"_css_classes":"envato-kit-80-space-triangle-bottom","_border_border":"solid","_border_width":{"unit":"px","top":"14","right":"14","bottom":"14","left":"14","isLinked":true},"_border_color":"#ed8b00"},"elements":[],"isInner":false,"widgetType":"spacer","elType":"widget"}],"isInner":false,"elType":"column"},{"id":"ab375e2","settings":{"_column_size":33,"_inline_size":null},"elements":[{"id":"5d9b4d83","settings":{"image":{"id":"3466","url":"https:\/\/cliente.shazamlnv.com\/setasolar\/wp-content\/uploads\/2022\/04\/04-clientstories3.jpg"},"_margin":{"unit":"px","top":"0","right":"0","bottom":"0","left":"0","isLinked":true},"_padding":{"unit":"px","top":"0","right":"0","bottom":"0","left":"0","isLinked":true}},"elements":[],"isInner":false,"widgetType":"image","elType":"widget"},{"id":"39b11b83","settings":{"background_background":"classic","background_color":"#eaeaea","margin":{"unit":"px","top":"-22","right":0,"bottom":"0","left":0,"isLinked":false}},"elements":[{"id":"1a2a046c","settings":{"_column_size":100,"_inline_size":null,"padding":{"unit":"px","top":"17","right":"17","bottom":"17","left":"17","isLinked":true},"background_background":"classic","background_color":"#f4f4f4"},"elements":[{"id":"130aed45","settings":{"icon":"fa fa-pie-chart","view":"framed","primary_color":"#eaeaea","secondary_color":"#ed8b00","size":{"unit":"px","size":27},"icon_padding":{"unit":"px","size":16},"_margin":{"unit":"px","top":"-45","right":"0","bottom":"0","left":"0","isLinked":false}},"elements":[],"isInner":false,"widgetType":"icon","elType":"widget"},{"id":"20b9a954","settings":{"title":"How-to : Nulla eget enim id metus","header_size":"h3","title_color":"#2c3e50","typography_typography":"custom","typography_font_size":{"unit":"em","size":1.100000000000000088817841970012523233890533447265625},"typography_font_family":"PT Serif"},"elements":[],"isInner":false,"widgetType":"heading","elType":"widget"},{"id":"3327191e","settings":{"editor":"<p>Aenean ut est quis arcu lacinia suscipit. Aliquam elementum blandit posuere. Donec mollis nec nisl quis vehicula. Curabitur sit amet augue nec neque euismod ultrices.&nbsp;<\/p>","align":"justify","text_color":"#2c3e50","typography_typography":"custom","typography_font_size":{"unit":"em","size":1},"typography_line_height":{"unit":"em","size":1.600000000000000088817841970012523233890533447265625},"align_tablet":"justify","typography_font_family":"PT Sans","typography_font_size_tablet":{"unit":"rem","size":0.6999999999999999555910790149937383830547332763671875},"typography_font_size_mobile":{"unit":"rem","size":0.8000000000000000444089209850062616169452667236328125}},"elements":[],"isInner":false,"widgetType":"text-editor","elType":"widget"},{"id":"4fed0686","settings":{"text":"Read More","align":"left","icon":"fa fa-plus-circle","icon_indent":{"unit":"px","size":15},"typography_typography":"custom","button_text_color":"#ed8b00","background_color":"rgba(0,0,0,0)","hover_color":"#2c3e50","text_padding":{"unit":"px","top":"0","right":"0","bottom":"0","left":"0","isLinked":true},"selected_icon":{"value":"fas fa-plus-circle","library":"fa-solid"}},"elements":[],"isInner":false,"widgetType":"button","elType":"widget"}],"isInner":true,"elType":"column"}],"isInner":true,"elType":"section"}],"isInner":false,"elType":"column"},{"id":"36195eb0","settings":{"_column_size":33,"_inline_size":null},"elements":[{"id":"f8c09cc","settings":{"image":{"id":"3460","url":"https:\/\/cliente.shazamlnv.com\/setasolar\/wp-content\/uploads\/2022\/04\/04-clientstories2.jpg"},"_margin":{"unit":"px","top":"0","right":"0","bottom":"0","left":"0","isLinked":true},"_padding":{"unit":"px","top":"0","right":"0","bottom":"0","left":"0","isLinked":true}},"elements":[],"isInner":false,"widgetType":"image","elType":"widget"},{"id":"46a7163e","settings":{"background_background":"classic","background_color":"#eaeaea","margin":{"unit":"px","top":"-22","right":0,"bottom":"0","left":0,"isLinked":false}},"elements":[{"id":"3f622b2","settings":{"_column_size":100,"_inline_size":null,"padding":{"unit":"px","top":"17","right":"17","bottom":"17","left":"17","isLinked":true},"background_background":"classic","background_color":"#f4f4f4"},"elements":[{"id":"5188751a","settings":{"icon":"fa fa-print","view":"framed","primary_color":"#eaeaea","secondary_color":"#ed8b00","size":{"unit":"px","size":27},"icon_padding":{"unit":"px","size":16},"_margin":{"unit":"px","top":"-45","right":"0","bottom":"0","left":"0","isLinked":false}},"elements":[],"isInner":false,"widgetType":"icon","elType":"widget"},{"id":"71f98c57","settings":{"title":"Tutorial : Duis purus eros","header_size":"h3","title_color":"#2c3e50","typography_typography":"custom","typography_font_size":{"unit":"em","size":1.100000000000000088817841970012523233890533447265625},"typography_font_family":"PT Serif"},"elements":[],"isInner":false,"widgetType":"heading","elType":"widget"},{"id":"3195f0a","settings":{"editor":"<p>Curabitur nunc erat, luctus ac ex et, molestie hendrerit neque. Curabitur dapibus felis ut pharetra fringilla. Fusce egestas interdum pulvinar. Fusce ac erat dolor.\u00a0<\/p>","align":"justify","text_color":"#2c3e50","typography_typography":"custom","typography_font_size":{"unit":"em","size":1},"typography_line_height":{"unit":"em","size":1.600000000000000088817841970012523233890533447265625},"align_tablet":"justify","typography_font_family":"PT Sans","typography_font_size_tablet":{"unit":"rem","size":0.6999999999999999555910790149937383830547332763671875},"typography_font_size_mobile":{"unit":"rem","size":0.8000000000000000444089209850062616169452667236328125}},"elements":[],"isInner":false,"widgetType":"text-editor","elType":"widget"},{"id":"3f6e216c","settings":{"text":"Read More","align":"left","icon":"fa fa-plus-circle","icon_indent":{"unit":"px","size":15},"typography_typography":"custom","button_text_color":"#ed8b00","background_color":"rgba(0,0,0,0)","hover_color":"#2c3e50","text_padding":{"unit":"px","top":"0","right":"0","bottom":"0","left":"0","isLinked":true},"selected_icon":{"value":"fas fa-plus-circle","library":"fa-solid"}},"elements":[],"isInner":false,"widgetType":"button","elType":"widget"}],"isInner":true,"elType":"column"}],"isInner":true,"elType":"section"}],"isInner":false,"elType":"column"}],"isInner":false,"elType":"section"},{"id":"7b3d3989","settings":{"content_position":"middle","structure":"40","padding":{"unit":"px","top":"60","right":"0","bottom":"70","left":"0","isLinked":false},"margin":{"unit":"px","top":"0","right":0,"bottom":"0","left":0,"isLinked":true},"html_tag":"section","background_background":"classic","background_color":"#ffffff"},"elements":[{"id":"49255b41","settings":{"_column_size":25,"_inline_size":null,"_inline_size_mobile":50},"elements":[{"id":"19ccfc9f","settings":{"image":{"id":"3467","url":"https:\/\/cliente.shazamlnv.com\/setasolar\/wp-content\/uploads\/2022\/04\/logo6.png"},"image_size":"medium"},"elements":[],"isInner":false,"widgetType":"image","elType":"widget"}],"isInner":false,"elType":"column"},{"id":"6c74aa5d","settings":{"_column_size":25,"_inline_size":null,"_inline_size_mobile":50},"elements":[{"id":"56785c4a","settings":{"image":{"id":"3468","url":"https:\/\/cliente.shazamlnv.com\/setasolar\/wp-content\/uploads\/2022\/04\/logo5.png"},"image_size":"medium","align":"center"},"elements":[],"isInner":false,"widgetType":"image","elType":"widget"}],"isInner":false,"elType":"column"},{"id":"3a1ba79a","settings":{"_column_size":25,"_inline_size":null,"_inline_size_mobile":50},"elements":[{"id":"4342c9f8","settings":{"image":{"id":"3469","url":"https:\/\/cliente.shazamlnv.com\/setasolar\/wp-content\/uploads\/2022\/04\/logo4.png"},"image_size":"medium"},"elements":[],"isInner":false,"widgetType":"image","elType":"widget"}],"isInner":false,"elType":"column"},{"id":"32ce95c0","settings":{"_column_size":25,"_inline_size":null,"_inline_size_mobile":50},"elements":[{"id":"61ffef21","settings":{"image":{"id":"3470","url":"https:\/\/cliente.shazamlnv.com\/setasolar\/wp-content\/uploads\/2022\/04\/logo2.png"},"image_size":"medium"},"elements":[],"isInner":false,"widgetType":"image","elType":"widget"}],"isInner":false,"elType":"column"}],"isInner":false,"elType":"section"},{"id":"45e51bdb","settings":{"background_background":"classic","background_color":"#2c3e50","background_image":{"id":"3464","url":"https:\/\/cliente.shazamlnv.com\/setasolar\/wp-content\/uploads\/2022\/04\/scattered-triangle2.png"},"background_position":"top left","background_repeat":"no-repeat","padding":{"unit":"px","top":"50","right":"0","bottom":"50","left":"0","isLinked":false},"html_tag":"section"},"elements":[{"id":"6d821804","settings":{"_column_size":100},"elements":[{"id":"7d57bc25","settings":{"structure":"20"},"elements":[{"id":"b1005ac","settings":{"_column_size":50,"_inline_size":77.0340000000000060254023992456495761871337890625},"elements":[{"id":"3c1c8213","settings":{"text":"Talk to one of our experts near you","align":"right","icon_align":"right","icon_indent":{"unit":"px","size":20},"typography_typography":"custom","typography_font_family":"Playfair Display","typography_font_size":{"unit":"em","size":2.399999999999999911182158029987476766109466552734375},"typography_font_weight":"300","background_color":"rgba(0,0,0,0)","text_padding":{"unit":"px","top":"0","right":"0","bottom":"0","left":"0","isLinked":true},"_css_classes":"envato-kit-80-cta","typography_font_size_tablet":{"unit":"em","size":2},"typography_font_size_mobile":{"unit":"em","size":1.5}},"elements":[],"isInner":false,"widgetType":"button","elType":"widget"}],"isInner":true,"elType":"column"},{"id":"17d9e908","settings":{"_column_size":50,"_inline_size":22.96600000000000108002495835535228252410888671875},"elements":[{"id":"e1514dc","settings":{"icon":"fa fa-forward","link":{"url":"#","is_external":"","nofollow":""},"align":"left","primary_color":"#ed8b00","size":{"unit":"px","size":46},"align_mobile":"center"},"elements":[],"isInner":false,"widgetType":"icon","elType":"widget"}],"isInner":true,"elType":"column"}],"isInner":true,"elType":"section"}],"isInner":false,"elType":"column"}],"isInner":false,"elType":"section"}],"page_settings":[],"version":"0.4","title":"CONTABILIDADE","type":"section"}