{
    "version": "0.4",
    "title": "Blog Archive",
    "type": "archive",
    "metadata": {
        "template_type": "archive-blog",
        "include_in_zip": "1",
        "elementor_pro_required": "1",
        "elementor_library_type": "archive",
        "elementor_pro_conditions": [
            "include\/archive"
        ],
        "additional_template_information": [
            "This is a \"Archive\" template for Elementor Pro.",
            "This template will display on: All Archives."
        ],
        "wp_page_template": "default"
    },
    "content": [
        {
            "id": "a78f671",
            "settings": {
                "gap": "wider",
                "height": "min-height",
                "custom_height": {
                    "unit": "px",
                    "size": 300,
                    "sizes": []
                },
                "background_background": "classic",
                "background_image": {
                    "url": "https:\/\/kit.detheme.com\/allfresh\/wp-content\/uploads\/sites\/9\/2020\/08\/shopping-cart-in-grocery-store-UH6VAZ9.jpg",
                    "id": 729
                },
                "background_position": "center center",
                "background_xpos": {
                    "unit": "%",
                    "size": 50,
                    "sizes": []
                },
                "background_ypos": {
                    "unit": "%",
                    "size": 32,
                    "sizes": []
                },
                "background_size": "cover",
                "background_overlay_background": "classic",
                "background_overlay_color": "#000000",
                "background_overlay_opacity": {
                    "unit": "px",
                    "size": 0.29,
                    "sizes": []
                },
                "overlay_blend_mode": "multiply",
                "shape_divider_top": "wave-brush",
                "shape_divider_top_width": {
                    "unit": "%",
                    "size": 700,
                    "sizes": []
                },
                "shape_divider_top_height": {
                    "unit": "px",
                    "size": 45,
                    "sizes": []
                },
                "shape_divider_top_flip": "yes",
                "shape_divider_bottom": "wave-brush",
                "shape_divider_bottom_width": {
                    "unit": "%",
                    "size": 178,
                    "sizes": []
                },
                "shape_divider_bottom_height": {
                    "unit": "px",
                    "size": 18,
                    "sizes": []
                },
                "shape_divider_bottom_flip": "yes",
                "margin": {
                    "unit": "px",
                    "top": "-16",
                    "right": 0,
                    "bottom": "0",
                    "left": 0,
                    "isLinked": false
                },
                "padding": {
                    "unit": "px",
                    "top": "48",
                    "right": "0",
                    "bottom": "48",
                    "left": "0",
                    "isLinked": false
                },
                "custom_height_mobile": {
                    "unit": "px",
                    "size": 200,
                    "sizes": []
                },
                "margin_mobile": {
                    "unit": "px",
                    "top": "-32",
                    "right": 0,
                    "bottom": "0",
                    "left": 0,
                    "isLinked": false
                }
            },
            "elements": [
                {
                    "id": "3bc9b4ec",
                    "settings": {
                        "_column_size": 100,
                        "_inline_size": null
                    },
                    "elements": [
                        {
                            "id": "4b515138",
                            "settings": {
                                "__dynamic__": {
                                    "title": "[elementor-tag id=\"\" name=\"archive-title\" settings=\"%7B%22include_context%22%3A%22yes%22%2C%22before%22%3A%22%22%2C%22after%22%3A%22%22%2C%22fallback%22%3A%22%22%7D\"]"
                                },
                                "title": "Add Your Heading Text Here",
                                "align": "center",
                                "title_color": "#FFFFFF"
                            },
                            "elements": [],
                            "isInner": false,
                            "widgetType": "theme-archive-title",
                            "elType": "widget"
                        }
                    ],
                    "isInner": false,
                    "elType": "column"
                }
            ],
            "isInner": false,
            "elType": "section"
        },
        {
            "id": "ae01bdb",
            "settings": {
                "gap": "wider",
                "padding": {
                    "unit": "px",
                    "top": "96",
                    "right": "0",
                    "bottom": "24",
                    "left": "0",
                    "isLinked": false
                },
                "padding_tablet": {
                    "unit": "px",
                    "top": "48",
                    "right": "0",
                    "bottom": "48",
                    "left": "0",
                    "isLinked": false
                }
            },
            "elements": [
                {
                    "id": "3d560303",
                    "settings": {
                        "_column_size": 100,
                        "_inline_size": null
                    },
                    "elements": [
                        {
                            "id": "12d08f83",
                            "settings": {
                                "_skin": "archive_cards",
                                "archive_classic_meta_separator": "\u2014",
                                "archive_classic_read_more_text": "Read More \u00bb",
                                "archive_cards_excerpt_length": 11,
                                "archive_cards_meta_data": [
                                    "author",
                                    "date",
                                    "comments"
                                ],
                                "archive_cards_meta_separator": "\u2022",
                                "archive_cards_read_more_text": "Read More \u2014",
                                "archive_full_content_meta_separator": "\/\/\/",
                                "archive_cards_badge_bg_color": "#6AB462",
                                "archive_cards_badge_size": {
                                    "unit": "px",
                                    "size": 11,
                                    "sizes": []
                                },
                                "archive_cards_badge_typography_typography": "custom",
                                "archive_cards_badge_typography_letter_spacing": {
                                    "unit": "px",
                                    "size": 2,
                                    "sizes": []
                                },
                                "archive_cards_title_color": "#333333",
                                "archive_cards_title_typography_typography": "custom",
                                "archive_cards_title_typography_font_family": "Nunito Sans",
                                "archive_cards_title_typography_font_size": {
                                    "unit": "px",
                                    "size": 21,
                                    "sizes": []
                                },
                                "archive_cards_title_typography_line_height": {
                                    "unit": "em",
                                    "size": 1.4,
                                    "sizes": []
                                },
                                "archive_cards_meta_separator_color": "#6AB462",
                                "archive_cards_meta_typography_typography": "custom",
                                "archive_cards_meta_typography_font_size": {
                                    "unit": "px",
                                    "size": 10,
                                    "sizes": []
                                },
                                "archive_cards_meta_typography_text_transform": "uppercase",
                                "archive_cards_meta_typography_letter_spacing": {
                                    "unit": "px",
                                    "size": 1,
                                    "sizes": []
                                },
                                "archive_cards_excerpt_typography_typography": "custom",
                                "archive_cards_excerpt_typography_font_size": {
                                    "unit": "px",
                                    "size": 16,
                                    "sizes": []
                                },
                                "archive_cards_read_more_typography_typography": "custom",
                                "archive_cards_read_more_typography_font_size": {
                                    "unit": "px",
                                    "size": 11,
                                    "sizes": []
                                },
                                "archive_cards_read_more_typography_font_weight": "600",
                                "archive_cards_read_more_typography_text_transform": "uppercase",
                                "archive_cards_read_more_typography_letter_spacing": {
                                    "unit": "px",
                                    "size": 2,
                                    "sizes": []
                                },
                                "pagination_page_limit": "5",
                                "pagination_prev_label": "&laquo; Previous",
                                "pagination_next_label": "Next &raquo;",
                                "pagination_typography_typography": "custom",
                                "pagination_typography_font_weight": "500",
                                "pagination_color": "#999999",
                                "pagination_active_color": "#333333",
                                "pagination_spacing": {
                                    "unit": "px",
                                    "size": 20,
                                    "sizes": []
                                },
                                "pagination_spacing_top": {
                                    "unit": "px",
                                    "size": 64,
                                    "sizes": []
                                },
                                "nothing_found_message": "It seems we can't find what you're looking for."
                            },
                            "elements": [],
                            "isInner": false,
                            "widgetType": "archive-posts",
                            "elType": "widget"
                        }
                    ],
                    "isInner": false,
                    "elType": "column"
                }
            ],
            "isInner": false,
            "elType": "section"
        }
    ]
}