{
    "version": "0.4",
    "title": "Blog",
    "type": "page",
    "metadata": {
        "template_type": "single-page",
        "include_in_zip": "1",
        "elementor_pro_required": "1",
        "wp_page_template": "elementor_header_footer"
    },
    "content": [
        {
            "id": "6ce5d145",
            "settings": {
                "gap": "wider",
                "height": "min-height",
                "custom_height": {
                    "unit": "px",
                    "size": 300,
                    "sizes": []
                },
                "background_background": "classic",
                "background_image": {
                    "url": "https:\/\/kit.detheme.com\/allfresh\/wp-content\/uploads\/sites\/9\/2020\/08\/counters-with-fresh-fruits-and-vegetables-PSTS95X.jpg",
                    "id": 737
                },
                "background_position": "bottom center",
                "background_xpos": {
                    "unit": "%",
                    "size": 50,
                    "sizes": []
                },
                "background_ypos": {
                    "unit": "%",
                    "size": 32,
                    "sizes": []
                },
                "background_size": "cover",
                "background_overlay_background": "classic",
                "background_overlay_color": "#000000",
                "background_overlay_opacity": {
                    "unit": "px",
                    "size": 0.29,
                    "sizes": []
                },
                "overlay_blend_mode": "multiply",
                "shape_divider_top": "wave-brush",
                "shape_divider_top_width": {
                    "unit": "%",
                    "size": 700,
                    "sizes": []
                },
                "shape_divider_top_height": {
                    "unit": "px",
                    "size": 45,
                    "sizes": []
                },
                "shape_divider_top_flip": "yes",
                "shape_divider_bottom": "wave-brush",
                "shape_divider_bottom_width": {
                    "unit": "%",
                    "size": 178,
                    "sizes": []
                },
                "shape_divider_bottom_height": {
                    "unit": "px",
                    "size": 18,
                    "sizes": []
                },
                "shape_divider_bottom_flip": "yes",
                "margin": {
                    "unit": "px",
                    "top": "-16",
                    "right": 0,
                    "bottom": "0",
                    "left": 0,
                    "isLinked": false
                },
                "padding": {
                    "unit": "px",
                    "top": "48",
                    "right": "0",
                    "bottom": "48",
                    "left": "0",
                    "isLinked": false
                },
                "custom_height_mobile": {
                    "unit": "px",
                    "size": 200,
                    "sizes": []
                },
                "margin_mobile": {
                    "unit": "px",
                    "top": "-32",
                    "right": 0,
                    "bottom": "0",
                    "left": 0,
                    "isLinked": false
                },
                "background_motion_fx_motion_fx_scrolling": "yes",
                "background_motion_fx_translateY_effect": "yes",
                "background_motion_fx_translateY_speed": {
                    "unit": "px",
                    "size": 10,
                    "sizes": []
                }
            },
            "elements": [
                {
                    "id": "102c54c3",
                    "settings": {
                        "_column_size": 100,
                        "_inline_size": null
                    },
                    "elements": [
                        {
                            "id": "59f7f6de",
                            "settings": {
                                "title": "Blog",
                                "header_size": "h1",
                                "align": "center",
                                "title_color": "#FFFFFF"
                            },
                            "elements": [],
                            "isInner": false,
                            "widgetType": "heading",
                            "elType": "widget"
                        }
                    ],
                    "isInner": false,
                    "elType": "column"
                }
            ],
            "isInner": false,
            "elType": "section"
        },
        {
            "id": "7b2e9a67",
            "settings": {
                "gap": "wider",
                "structure": "40",
                "padding": {
                    "unit": "px",
                    "top": "96",
                    "right": "0",
                    "bottom": "24",
                    "left": "0",
                    "isLinked": false
                },
                "padding_tablet": {
                    "unit": "px",
                    "top": "48",
                    "right": "0",
                    "bottom": "48",
                    "left": "0",
                    "isLinked": false
                }
            },
            "elements": [
                {
                    "id": "5b03b308",
                    "settings": {
                        "_column_size": 25,
                        "_inline_size": 66,
                        "padding": {
                            "unit": "px",
                            "top": "0",
                            "right": "30",
                            "bottom": "30",
                            "left": "30",
                            "isLinked": false
                        },
                        "_inline_size_tablet": 100
                    },
                    "elements": [
                        {
                            "id": "33425a58",
                            "settings": {
                                "classic_columns": "2",
                                "classic_item_ratio": {
                                    "unit": "px",
                                    "size": 1,
                                    "sizes": []
                                },
                                "classic_meta_separator": "\u2022",
                                "classic_read_more_text": "Read More \u2014",
                                "cards_thumbnail_size_size": "large",
                                "cards_meta_data": [],
                                "cards_meta_separator": "\u2022",
                                "cards_read_more_text": "Read More \u2014",
                                "full_content_meta_separator": "\/\/\/",
                                "pagination_page_limit": "5",
                                "pagination_prev_label": "&laquo; Previous",
                                "pagination_next_label": "Next &raquo;",
                                "cards_excerpt_length": 14,
                                "pagination_type": "numbers",
                                "classic_excerpt_length": 13,
                                "classic_column_gap": {
                                    "unit": "px",
                                    "size": 48,
                                    "sizes": []
                                },
                                "classic_row_gap": {
                                    "unit": "px",
                                    "size": 64,
                                    "sizes": []
                                },
                                "classic_image_spacing": {
                                    "unit": "px",
                                    "size": 32,
                                    "sizes": []
                                },
                                "classic_title_color": "#333333",
                                "classic_title_typography_typography": "custom",
                                "classic_title_typography_font_family": "Nunito Sans",
                                "classic_title_typography_font_size": {
                                    "unit": "px",
                                    "size": 21,
                                    "sizes": []
                                },
                                "classic_title_typography_font_weight": "500",
                                "classic_title_typography_line_height": {
                                    "unit": "em",
                                    "size": 1.4,
                                    "sizes": []
                                },
                                "classic_title_spacing": {
                                    "unit": "px",
                                    "size": 16,
                                    "sizes": []
                                },
                                "classic_meta_color": "#6AB462",
                                "classic_meta_typography_typography": "custom",
                                "classic_meta_typography_font_size": {
                                    "unit": "px",
                                    "size": 10,
                                    "sizes": []
                                },
                                "classic_meta_typography_font_weight": "500",
                                "classic_meta_typography_text_transform": "uppercase",
                                "classic_meta_typography_letter_spacing": {
                                    "unit": "px",
                                    "size": 1,
                                    "sizes": []
                                },
                                "classic_meta_spacing": {
                                    "unit": "px",
                                    "size": 16,
                                    "sizes": []
                                },
                                "classic_excerpt_typography_typography": "custom",
                                "classic_excerpt_typography_font_size": {
                                    "unit": "px",
                                    "size": 16,
                                    "sizes": []
                                },
                                "classic_excerpt_spacing": {
                                    "unit": "px",
                                    "size": 24,
                                    "sizes": []
                                },
                                "classic_read_more_color": "#6AB462",
                                "classic_read_more_typography_typography": "custom",
                                "classic_read_more_typography_font_size": {
                                    "unit": "px",
                                    "size": 12,
                                    "sizes": []
                                },
                                "classic_read_more_typography_text_transform": "uppercase",
                                "classic_read_more_typography_letter_spacing": {
                                    "unit": "px",
                                    "size": 2,
                                    "sizes": []
                                },
                                "classic_thumbnail_size_size": "large",
                                "pagination_spacing_top": {
                                    "unit": "px",
                                    "size": 96,
                                    "sizes": []
                                }
                            },
                            "elements": [],
                            "isInner": false,
                            "widgetType": "posts",
                            "elType": "widget"
                        }
                    ],
                    "isInner": false,
                    "elType": "column"
                },
                {
                    "id": "20394e22",
                    "settings": {
                        "_column_size": 25,
                        "_inline_size": 2
                    },
                    "elements": [],
                    "isInner": false,
                    "elType": "column"
                },
                {
                    "id": "7cbe4d2b",
                    "settings": {
                        "_column_size": 25,
                        "_inline_size": 29.462,
                        "_inline_size_tablet": 100,
                        "background_background": "classic",
                        "background_color": "#F9F6F5",
                        "padding": {
                            "unit": "px",
                            "top": "48",
                            "right": "48",
                            "bottom": "48",
                            "left": "48",
                            "isLinked": false
                        },
                        "padding_mobile": {
                            "unit": "px",
                            "top": "48",
                            "right": "30",
                            "bottom": "48",
                            "left": "30",
                            "isLinked": false
                        }
                    },
                    "elements": [
                        {
                            "id": "55a72339",
                            "settings": {
                                "placeholder": "Search...",
                                "button_text": "Search",
                                "icon": "arrow",
                                "size": {
                                    "unit": "px",
                                    "size": 46,
                                    "sizes": []
                                },
                                "input_background_color": "#FFFFFF",
                                "_margin": {
                                    "unit": "px",
                                    "top": "0",
                                    "right": "0",
                                    "bottom": "48",
                                    "left": "0",
                                    "isLinked": false
                                },
                                "border_radius": {
                                    "unit": "px",
                                    "size": 2,
                                    "sizes": []
                                },
                                "input_border_color": "rgba(255, 0, 0, 0)"
                            },
                            "elements": [],
                            "isInner": false,
                            "widgetType": "search-form",
                            "elType": "widget"
                        },
                        {
                            "id": "458e98a5",
                            "settings": {
                                "height_inner": "min-height",
                                "custom_height_inner": {
                                    "unit": "px",
                                    "size": 270,
                                    "sizes": []
                                },
                                "background_background": "classic",
                                "background_image": {
                                    "url": "https:\/\/kit.detheme.com\/allfresh\/wp-content\/uploads\/sites\/9\/2020\/08\/carrots-harvest-F5PK8RD.jpg",
                                    "id": 471
                                },
                                "background_size": "cover",
                                "background_repeat": "no-repeat",
                                "border_width": {
                                    "unit": "px",
                                    "top": "2",
                                    "right": "2",
                                    "bottom": "2",
                                    "left": "2",
                                    "isLinked": true
                                },
                                "border_color": "#FFFFFF",
                                "margin": {
                                    "unit": "px",
                                    "top": "0",
                                    "right": 0,
                                    "bottom": "48",
                                    "left": 0,
                                    "isLinked": false
                                },
                                "background_position": "bottom center"
                            },
                            "elements": [
                                {
                                    "id": "43eb0ce9",
                                    "settings": {
                                        "_column_size": 100,
                                        "_inline_size": null,
                                        "content_position": "bottom",
                                        "align": "center",
                                        "border_width": {
                                            "unit": "px",
                                            "top": "4",
                                            "right": "4",
                                            "bottom": "4",
                                            "left": "4",
                                            "isLinked": true
                                        },
                                        "border_color": "#FFFFFF",
                                        "box_shadow_box_shadow_type": "yes",
                                        "box_shadow_box_shadow": {
                                            "horizontal": 0,
                                            "vertical": 0,
                                            "blur": 0,
                                            "spread": "",
                                            "color": "#FFFFFF"
                                        },
                                        "box_shadow_box_shadow_position": "inset",
                                        "padding": {
                                            "unit": "px",
                                            "top": "24",
                                            "right": "24",
                                            "bottom": "24",
                                            "left": "24",
                                            "isLinked": true
                                        },
                                        "background_background": "gradient",
                                        "background_color": "rgba(255, 255, 255, 0)",
                                        "background_color_b": "rgba(0, 0, 0, 0.51)"
                                    },
                                    "elements": [
                                        {
                                            "id": "39406ebb",
                                            "settings": {
                                                "title": "Freshest picks",
                                                "header_size": "h3",
                                                "align": "center",
                                                "title_color": "#FFFFFF",
                                                "link": {
                                                    "url": "#",
                                                    "is_external": "",
                                                    "nofollow": "",
                                                    "custom_attributes": ""
                                                },
                                                "_padding": {
                                                    "unit": "px",
                                                    "top": "12",
                                                    "right": "24",
                                                    "bottom": "8",
                                                    "left": "24",
                                                    "isLinked": false
                                                },
                                                "_z_index": 2,
                                                "_background_color": "#FFFFFF",
                                                "_element_width": "auto",
                                                "typography_font_weight": "400"
                                            },
                                            "elements": [],
                                            "isInner": false,
                                            "widgetType": "heading",
                                            "elType": "widget"
                                        }
                                    ],
                                    "isInner": true,
                                    "elType": "column"
                                }
                            ],
                            "isInner": true,
                            "elType": "section"
                        },
                        {
                            "id": "cfc2fdc",
                            "settings": {
                                "height_inner": "min-height",
                                "custom_height_inner": {
                                    "unit": "px",
                                    "size": 270,
                                    "sizes": []
                                },
                                "background_background": "classic",
                                "background_image": {
                                    "url": "https:\/\/kit.detheme.com\/allfresh\/wp-content\/uploads\/sites\/9\/2020\/08\/new-harvest-PL4SMB3.jpg",
                                    "id": 486
                                },
                                "background_size": "cover",
                                "background_repeat": "no-repeat",
                                "border_width": {
                                    "unit": "px",
                                    "top": "2",
                                    "right": "2",
                                    "bottom": "2",
                                    "left": "2",
                                    "isLinked": true
                                },
                                "border_color": "#FFFFFF",
                                "margin": {
                                    "unit": "px",
                                    "top": "0",
                                    "right": 0,
                                    "bottom": "48",
                                    "left": 0,
                                    "isLinked": false
                                },
                                "background_position": "bottom center"
                            },
                            "elements": [
                                {
                                    "id": "35e9f1bc",
                                    "settings": {
                                        "_column_size": 100,
                                        "_inline_size": null,
                                        "content_position": "bottom",
                                        "align": "center",
                                        "border_width": {
                                            "unit": "px",
                                            "top": "4",
                                            "right": "4",
                                            "bottom": "4",
                                            "left": "4",
                                            "isLinked": true
                                        },
                                        "border_color": "#FFFFFF",
                                        "box_shadow_box_shadow_type": "yes",
                                        "box_shadow_box_shadow": {
                                            "horizontal": 0,
                                            "vertical": 0,
                                            "blur": 0,
                                            "spread": "",
                                            "color": "#FFFFFF"
                                        },
                                        "box_shadow_box_shadow_position": "inset",
                                        "padding": {
                                            "unit": "px",
                                            "top": "24",
                                            "right": "24",
                                            "bottom": "24",
                                            "left": "24",
                                            "isLinked": true
                                        },
                                        "background_background": "gradient",
                                        "background_color": "rgba(255, 255, 255, 0)",
                                        "background_color_b": "rgba(0, 0, 0, 0.51)"
                                    },
                                    "elements": [
                                        {
                                            "id": "192a67b5",
                                            "settings": {
                                                "title": "100% locally growns ",
                                                "header_size": "h3",
                                                "align": "center",
                                                "title_color": "#FFFFFF",
                                                "link": {
                                                    "url": "#",
                                                    "is_external": "",
                                                    "nofollow": "",
                                                    "custom_attributes": ""
                                                },
                                                "_padding": {
                                                    "unit": "px",
                                                    "top": "12",
                                                    "right": "24",
                                                    "bottom": "8",
                                                    "left": "24",
                                                    "isLinked": false
                                                },
                                                "_z_index": 2,
                                                "_background_color": "#FFFFFF",
                                                "_element_width": "auto"
                                            },
                                            "elements": [],
                                            "isInner": false,
                                            "widgetType": "heading",
                                            "elType": "widget"
                                        }
                                    ],
                                    "isInner": true,
                                    "elType": "column"
                                }
                            ],
                            "isInner": true,
                            "elType": "section"
                        },
                        {
                            "id": "7c03f84d",
                            "settings": {
                                "margin": {
                                    "unit": "px",
                                    "top": "0",
                                    "right": 0,
                                    "bottom": "48",
                                    "left": 0,
                                    "isLinked": false
                                }
                            },
                            "elements": [
                                {
                                    "id": "7a873ea",
                                    "settings": {
                                        "_column_size": 100,
                                        "_inline_size": null,
                                        "padding": {
                                            "unit": "px",
                                            "top": "0",
                                            "right": "0",
                                            "bottom": "0",
                                            "left": "0",
                                            "isLinked": false
                                        },
                                        "align": "center"
                                    },
                                    "elements": [
                                        {
                                            "id": "11d8b7bc",
                                            "settings": {
                                                "text": "Divider",
                                                "color": "#999999",
                                                "gap": {
                                                    "unit": "px",
                                                    "size": 0,
                                                    "sizes": []
                                                },
                                                "_margin": {
                                                    "unit": "px",
                                                    "top": "0",
                                                    "right": "0",
                                                    "bottom": "0",
                                                    "left": "0",
                                                    "isLinked": false
                                                },
                                                "_z_index": 0,
                                                "_position": "absolute",
                                                "_offset_y": {
                                                    "unit": "px",
                                                    "size": 24,
                                                    "sizes": []
                                                }
                                            },
                                            "elements": [],
                                            "isInner": false,
                                            "widgetType": "divider",
                                            "elType": "widget"
                                        },
                                        {
                                            "id": "18c6aeb4",
                                            "settings": {
                                                "title": "Follow Us",
                                                "header_size": "h3",
                                                "_margin": {
                                                    "unit": "px",
                                                    "top": "0",
                                                    "right": "0",
                                                    "bottom": "24",
                                                    "left": "0",
                                                    "isLinked": false
                                                },
                                                "_padding": {
                                                    "unit": "px",
                                                    "top": "0",
                                                    "right": "16",
                                                    "bottom": "0",
                                                    "left": "16",
                                                    "isLinked": false
                                                },
                                                "_z_index": 1,
                                                "_background_background": "classic",
                                                "_background_color": "#F7F4ED",
                                                "_element_width": "auto"
                                            },
                                            "elements": [],
                                            "isInner": false,
                                            "widgetType": "heading",
                                            "elType": "widget"
                                        },
                                        {
                                            "id": "1f44a115",
                                            "settings": {
                                                "social_icon_list": [
                                                    {
                                                        "social_icon": {
                                                            "value": "fab fa-facebook",
                                                            "library": "fa-brands"
                                                        },
                                                        "_id": "137cd67",
                                                        "link": {
                                                            "url": "",
                                                            "is_external": "true",
                                                            "nofollow": "",
                                                            "custom_attributes": ""
                                                        },
                                                        "item_icon_color": "default",
                                                        "item_icon_primary_color": "",
                                                        "item_icon_secondary_color": ""
                                                    },
                                                    {
                                                        "social_icon": {
                                                            "value": "fab fa-twitter",
                                                            "library": "fa-brands"
                                                        },
                                                        "_id": "eaa720a",
                                                        "link": {
                                                            "url": "",
                                                            "is_external": "true",
                                                            "nofollow": "",
                                                            "custom_attributes": ""
                                                        },
                                                        "item_icon_color": "default",
                                                        "item_icon_primary_color": "",
                                                        "item_icon_secondary_color": ""
                                                    },
                                                    {
                                                        "social_icon": {
                                                            "value": "fab fa-youtube",
                                                            "library": "fa-brands"
                                                        },
                                                        "_id": "3790639",
                                                        "link": {
                                                            "url": "",
                                                            "is_external": "true",
                                                            "nofollow": "",
                                                            "custom_attributes": ""
                                                        },
                                                        "item_icon_color": "default",
                                                        "item_icon_primary_color": "",
                                                        "item_icon_secondary_color": ""
                                                    },
                                                    {
                                                        "social_icon": {
                                                            "value": "fab fa-linkedin",
                                                            "library": "fa-brands"
                                                        },
                                                        "link": {
                                                            "url": "",
                                                            "is_external": "true",
                                                            "nofollow": "",
                                                            "custom_attributes": ""
                                                        },
                                                        "item_icon_color": "default",
                                                        "item_icon_primary_color": "",
                                                        "item_icon_secondary_color": "",
                                                        "_id": "580f044"
                                                    },
                                                    {
                                                        "social_icon": {
                                                            "value": "fab fa-instagram",
                                                            "library": "fa-brands"
                                                        },
                                                        "link": {
                                                            "url": "#",
                                                            "is_external": "true",
                                                            "nofollow": "",
                                                            "custom_attributes": ""
                                                        },
                                                        "item_icon_color": "default",
                                                        "item_icon_primary_color": "",
                                                        "item_icon_secondary_color": "",
                                                        "_id": "0b75838"
                                                    },
                                                    {
                                                        "social_icon": {
                                                            "value": "fab fa-pinterest",
                                                            "library": "fa-brands"
                                                        },
                                                        "link": {
                                                            "url": "#",
                                                            "is_external": "true",
                                                            "nofollow": "",
                                                            "custom_attributes": ""
                                                        },
                                                        "item_icon_color": "default",
                                                        "item_icon_primary_color": "",
                                                        "item_icon_secondary_color": "",
                                                        "_id": "2f86553"
                                                    }
                                                ],
                                                "align": "left",
                                                "icon_color": "custom",
                                                "icon_primary_color": "rgba(255, 255, 255, 0)",
                                                "icon_secondary_color": "#333333",
                                                "icon_size": {
                                                    "unit": "px",
                                                    "size": 17,
                                                    "sizes": []
                                                },
                                                "icon_spacing": {
                                                    "unit": "px",
                                                    "size": 11,
                                                    "sizes": []
                                                },
                                                "image_border_border": "solid",
                                                "image_border_width": {
                                                    "unit": "px",
                                                    "top": "1",
                                                    "right": "1",
                                                    "bottom": "1",
                                                    "left": "1",
                                                    "isLinked": true
                                                },
                                                "image_border_color": "#5A5A5A",
                                                "border_radius": {
                                                    "unit": "%",
                                                    "top": "50",
                                                    "right": "50",
                                                    "bottom": "50",
                                                    "left": "50",
                                                    "isLinked": true
                                                },
                                                "_margin": {
                                                    "unit": "px",
                                                    "top": "0",
                                                    "right": "0",
                                                    "bottom": "-15",
                                                    "left": "0",
                                                    "isLinked": false
                                                },
                                                "_padding": {
                                                    "unit": "px",
                                                    "top": "0",
                                                    "right": "0",
                                                    "bottom": "0",
                                                    "left": "0",
                                                    "isLinked": false
                                                },
                                                "align_tablet": "center"
                                            },
                                            "elements": [],
                                            "isInner": false,
                                            "widgetType": "social-icons",
                                            "elType": "widget"
                                        }
                                    ],
                                    "isInner": true,
                                    "elType": "column"
                                }
                            ],
                            "isInner": true,
                            "elType": "section"
                        },
                        {
                            "id": "578b7a5d",
                            "settings": {
                                "gap": "no",
                                "margin": {
                                    "unit": "px",
                                    "top": "0",
                                    "right": 0,
                                    "bottom": "0",
                                    "left": 0,
                                    "isLinked": false
                                }
                            },
                            "elements": [
                                {
                                    "id": "4fc402bc",
                                    "settings": {
                                        "_column_size": 100,
                                        "_inline_size": null,
                                        "align": "center"
                                    },
                                    "elements": [
                                        {
                                            "id": "1cd1fb27",
                                            "settings": {
                                                "title": "Recent Posts",
                                                "header_size": "h3",
                                                "_margin": {
                                                    "unit": "px",
                                                    "top": "0",
                                                    "right": "0",
                                                    "bottom": "24",
                                                    "left": "0",
                                                    "isLinked": false
                                                },
                                                "_padding": {
                                                    "unit": "px",
                                                    "top": "0",
                                                    "right": "16",
                                                    "bottom": "0",
                                                    "left": "16",
                                                    "isLinked": false
                                                },
                                                "_z_index": 1,
                                                "_background_background": "classic",
                                                "_background_color": "#F7F4ED",
                                                "_element_width": "auto"
                                            },
                                            "elements": [],
                                            "isInner": false,
                                            "widgetType": "heading",
                                            "elType": "widget"
                                        },
                                        {
                                            "id": "5fd906df",
                                            "settings": {
                                                "text": "Divider",
                                                "color": "#999999",
                                                "gap": {
                                                    "unit": "px",
                                                    "size": 0,
                                                    "sizes": []
                                                },
                                                "_margin": {
                                                    "unit": "px",
                                                    "top": "0",
                                                    "right": "0",
                                                    "bottom": "0",
                                                    "left": "0",
                                                    "isLinked": false
                                                },
                                                "_z_index": 0,
                                                "_position": "absolute",
                                                "_offset_y": {
                                                    "unit": "px",
                                                    "size": 24,
                                                    "sizes": []
                                                }
                                            },
                                            "elements": [],
                                            "isInner": false,
                                            "widgetType": "divider",
                                            "elType": "widget"
                                        },
                                        {
                                            "id": "26166b39",
                                            "settings": {
                                                "wp": {
                                                    "title": "&nbsp;",
                                                    "number": "5"
                                                },
                                                "_margin": {
                                                    "unit": "px",
                                                    "top": "-53",
                                                    "right": "0",
                                                    "bottom": "48",
                                                    "left": "0",
                                                    "isLinked": false
                                                }
                                            },
                                            "elements": [],
                                            "isInner": false,
                                            "widgetType": "wp-widget-recent-posts",
                                            "elType": "widget"
                                        }
                                    ],
                                    "isInner": true,
                                    "elType": "column"
                                }
                            ],
                            "isInner": true,
                            "elType": "section"
                        },
                        {
                            "id": "459cc196",
                            "settings": {
                                "gap": "no",
                                "margin_tablet": {
                                    "unit": "px",
                                    "top": "0",
                                    "right": 0,
                                    "bottom": "48",
                                    "left": 0,
                                    "isLinked": false
                                }
                            },
                            "elements": [
                                {
                                    "id": "1eba35e4",
                                    "settings": {
                                        "_column_size": 100,
                                        "_inline_size": null,
                                        "align": "center"
                                    },
                                    "elements": [
                                        {
                                            "id": "53fd8d5f",
                                            "settings": {
                                                "text": "Divider",
                                                "color": "#999999",
                                                "gap": {
                                                    "unit": "px",
                                                    "size": 0,
                                                    "sizes": []
                                                },
                                                "_margin": {
                                                    "unit": "px",
                                                    "top": "0",
                                                    "right": "0",
                                                    "bottom": "0",
                                                    "left": "0",
                                                    "isLinked": false
                                                },
                                                "_z_index": 0,
                                                "_position": "absolute",
                                                "_offset_y": {
                                                    "unit": "px",
                                                    "size": 24,
                                                    "sizes": []
                                                }
                                            },
                                            "elements": [],
                                            "isInner": false,
                                            "widgetType": "divider",
                                            "elType": "widget"
                                        },
                                        {
                                            "id": "43232f1f",
                                            "settings": {
                                                "title": "Get updated",
                                                "header_size": "h3",
                                                "_margin": {
                                                    "unit": "px",
                                                    "top": "0",
                                                    "right": "0",
                                                    "bottom": "24",
                                                    "left": "0",
                                                    "isLinked": false
                                                },
                                                "_padding": {
                                                    "unit": "px",
                                                    "top": "0",
                                                    "right": "16",
                                                    "bottom": "0",
                                                    "left": "16",
                                                    "isLinked": false
                                                },
                                                "_z_index": 1,
                                                "_background_background": "classic",
                                                "_background_color": "#F7F4ED",
                                                "_element_width": "auto"
                                            },
                                            "elements": [],
                                            "isInner": false,
                                            "widgetType": "heading",
                                            "elType": "widget"
                                        },
                                        {
                                            "id": "5fd6e1ab",
                                            "settings": {
                                                "editor": "<p>Integer posuere erat a ante venenatis dapibus posuere velit aliquet sites ulla vitae elit libero\u00a0<\/p>",
                                                "text_color": "#777777",
                                                "typography_typography": "custom",
                                                "typography_font_size": {
                                                    "unit": "px",
                                                    "size": 16,
                                                    "sizes": []
                                                }
                                            },
                                            "elements": [],
                                            "isInner": false,
                                            "widgetType": "text-editor",
                                            "elType": "widget"
                                        },
                                        {
                                            "id": "d458993",
                                            "settings": {
                                                "form_name": "New Form",
                                                "form_fields": [
                                                    {
                                                        "custom_id": "name",
                                                        "field_type": "text",
                                                        "field_label": "Name",
                                                        "placeholder": "Name",
                                                        "width": "100",
                                                        "_id": "806f58b",
                                                        "required": "",
                                                        "selected_icon": {
                                                            "value": "fas fa-star",
                                                            "library": "fa-solid"
                                                        },
                                                        "field_options": "",
                                                        "allow_multiple": "",
                                                        "select_size": "",
                                                        "inline_list": "",
                                                        "field_html": "",
                                                        "width_tablet": "",
                                                        "width_mobile": "",
                                                        "rows": 4,
                                                        "recaptcha_size": "normal",
                                                        "recaptcha_style": "light",
                                                        "recaptcha_badge": "bottomright",
                                                        "css_classes": "",
                                                        "field_value": ""
                                                    },
                                                    {
                                                        "custom_id": "email",
                                                        "field_type": "email",
                                                        "required": "true",
                                                        "field_label": "Email",
                                                        "placeholder": "Email",
                                                        "width": "100",
                                                        "_id": "5f223ab",
                                                        "selected_icon": {
                                                            "value": "fas fa-star",
                                                            "library": "fa-solid"
                                                        },
                                                        "field_options": "",
                                                        "allow_multiple": "",
                                                        "select_size": "",
                                                        "inline_list": "",
                                                        "field_html": "",
                                                        "width_tablet": "",
                                                        "width_mobile": "",
                                                        "rows": 4,
                                                        "recaptcha_size": "normal",
                                                        "recaptcha_style": "light",
                                                        "recaptcha_badge": "bottomright",
                                                        "css_classes": "",
                                                        "field_value": ""
                                                    }
                                                ],
                                                "show_labels": "",
                                                "step_next_label": "Next",
                                                "step_previous_label": "Previous",
                                                "button_text": "Subscribe",
                                                "submit_actions": [
                                                    "email",
                                                    "mailchimp"
                                                ],
                                                "email_content": "[all-fields]",
                                                "email_content_2": "[all-fields]",
                                                "success_message": "The form was sent successfully.",
                                                "error_message": "An error occured.",
                                                "required_field_message": "This field is required.",
                                                "invalid_message": "There's something wrong. The form is invalid.",
                                                "row_gap": {
                                                    "unit": "px",
                                                    "size": 18,
                                                    "sizes": []
                                                },
                                                "button_text_padding": {
                                                    "unit": "px",
                                                    "top": "20",
                                                    "right": "20",
                                                    "bottom": "20",
                                                    "left": "20",
                                                    "isLinked": true
                                                },
                                                "field_background_color": "#FFFFFF"
                                            },
                                            "elements": [],
                                            "isInner": false,
                                            "widgetType": "form",
                                            "elType": "widget"
                                        }
                                    ],
                                    "isInner": true,
                                    "elType": "column"
                                }
                            ],
                            "isInner": true,
                            "elType": "section"
                        }
                    ],
                    "isInner": false,
                    "elType": "column"
                },
                {
                    "id": "d7c64f",
                    "settings": {
                        "_column_size": 25,
                        "_inline_size": 2.403
                    },
                    "elements": [],
                    "isInner": false,
                    "elType": "column"
                }
            ],
            "isInner": false,
            "elType": "section"
        }
    ]
}