{
    "version": "0.4",
    "title": "Contact",
    "type": "page",
    "metadata": {
        "template_type": "single-page",
        "include_in_zip": "1",
        "elementor_pro_required": "1",
        "wp_page_template": "elementor_header_footer"
    },
    "content": [
        {
            "id": "114ff58e",
            "settings": {
                "layout": "full_width",
                "gap": "wider",
                "structure": "30",
                "border_border": "solid",
                "border_width": {
                    "unit": "px",
                    "top": "1",
                    "right": "0",
                    "bottom": "0",
                    "left": "0",
                    "isLinked": false
                },
                "border_color": "#DEDEDE"
            },
            "elements": [
                {
                    "id": "2626db01",
                    "settings": {
                        "_column_size": 33,
                        "_inline_size": 47.218,
                        "padding": {
                            "unit": "px",
                            "top": "0",
                            "right": "0",
                            "bottom": "0",
                            "left": "0",
                            "isLinked": true
                        }
                    },
                    "elements": [
                        {
                            "id": "114b197e",
                            "settings": {
                                "address": "London Eye, London, United Kingdom",
                                "zoom": {
                                    "unit": "px",
                                    "size": 14,
                                    "sizes": []
                                },
                                "height": {
                                    "unit": "px",
                                    "size": 1154,
                                    "sizes": []
                                },
                                "height_mobile": {
                                    "unit": "px",
                                    "size": 326,
                                    "sizes": []
                                },
                                "css_filters_hue": {
                                    "unit": "px",
                                    "size": 267,
                                    "sizes": []
                                }
                            },
                            "elements": [],
                            "isInner": false,
                            "widgetType": "google_maps",
                            "elType": "widget"
                        }
                    ],
                    "isInner": false,
                    "elType": "column"
                },
                {
                    "id": "1105af5a",
                    "settings": {
                        "_column_size": 33,
                        "_inline_size": 4
                    },
                    "elements": [],
                    "isInner": false,
                    "elType": "column"
                },
                {
                    "id": "536524ad",
                    "settings": {
                        "_column_size": 33,
                        "_inline_size": 48.115,
                        "padding": {
                            "unit": "px",
                            "top": "128",
                            "right": "0",
                            "bottom": "128",
                            "left": "0",
                            "isLinked": false
                        },
                        "padding_mobile": {
                            "unit": "px",
                            "top": "48",
                            "right": "30",
                            "bottom": "48",
                            "left": "30",
                            "isLinked": false
                        }
                    },
                    "elements": [
                        {
                            "id": "94dedda",
                            "settings": {
                                "gap": "no",
                                "margin": {
                                    "unit": "px",
                                    "top": "0",
                                    "right": 0,
                                    "bottom": "0",
                                    "left": 0,
                                    "isLinked": false
                                }
                            },
                            "elements": [
                                {
                                    "id": "7229e03a",
                                    "settings": {
                                        "_column_size": 100,
                                        "_inline_size": null
                                    },
                                    "elements": [
                                        {
                                            "id": "2b55b3b2",
                                            "settings": {
                                                "title": "Say Hello to Us",
                                                "header_size": "div",
                                                "typography_typography": "custom",
                                                "typography_font_size": {
                                                    "unit": "px",
                                                    "size": 12,
                                                    "sizes": []
                                                },
                                                "typography_font_weight": "600",
                                                "_margin": {
                                                    "unit": "px",
                                                    "top": "0",
                                                    "right": "0",
                                                    "bottom": "24",
                                                    "left": "0",
                                                    "isLinked": false
                                                },
                                                "ekit_we_effect_on": "none",
                                                "ekit_we_css_animation_fx": "",
                                                "ekit_we_css_animation": "ekit-fade",
                                                "ekit_we_css_animation_tablet": "",
                                                "ekit_we_css_animation_mobile": "",
                                                "ekit_we_css_animation_speed": "5",
                                                "ekit_we_css_animation_iteration_count": "infinite",
                                                "ekit_we_css_animation_direction": "normal",
                                                "ekit_we_css_transform_fx": "",
                                                "ekit_we_css_transform_fx_translate_toggle": "",
                                                "ekit_we_css_transform_fx_translate_x": {
                                                    "unit": "px",
                                                    "size": "",
                                                    "sizes": []
                                                },
                                                "ekit_we_css_transform_fx_translate_x_tablet": {
                                                    "unit": "px",
                                                    "size": "",
                                                    "sizes": []
                                                },
                                                "ekit_we_css_transform_fx_translate_x_mobile": {
                                                    "unit": "px",
                                                    "size": "",
                                                    "sizes": []
                                                },
                                                "ekit_we_css_transform_fx_translate_y": {
                                                    "unit": "px",
                                                    "size": "",
                                                    "sizes": []
                                                },
                                                "ekit_we_css_transform_fx_translate_y_tablet": {
                                                    "unit": "px",
                                                    "size": "",
                                                    "sizes": []
                                                },
                                                "ekit_we_css_transform_fx_translate_y_mobile": {
                                                    "unit": "px",
                                                    "size": "",
                                                    "sizes": []
                                                },
                                                "ekit_we_css_transform_fx_rotate_toggle": "",
                                                "ekit_we_css_transform_fx_rotate_z": {
                                                    "unit": "px",
                                                    "size": "",
                                                    "sizes": []
                                                },
                                                "ekit_we_css_transform_fx_rotate_z_tablet": {
                                                    "unit": "px",
                                                    "size": "",
                                                    "sizes": []
                                                },
                                                "ekit_we_css_transform_fx_rotate_z_mobile": {
                                                    "unit": "px",
                                                    "size": "",
                                                    "sizes": []
                                                },
                                                "ekit_we_css_transform_fx_rotate_x": {
                                                    "unit": "px",
                                                    "size": "",
                                                    "sizes": []
                                                },
                                                "ekit_we_css_transform_fx_rotate_x_tablet": {
                                                    "unit": "px",
                                                    "size": "",
                                                    "sizes": []
                                                },
                                                "ekit_we_css_transform_fx_rotate_x_mobile": {
                                                    "unit": "px",
                                                    "size": "",
                                                    "sizes": []
                                                },
                                                "ekit_we_css_transform_fx_rotate_y": {
                                                    "unit": "px",
                                                    "size": "",
                                                    "sizes": []
                                                },
                                                "ekit_we_css_transform_fx_rotate_y_tablet": {
                                                    "unit": "px",
                                                    "size": "",
                                                    "sizes": []
                                                },
                                                "ekit_we_css_transform_fx_rotate_y_mobile": {
                                                    "unit": "px",
                                                    "size": "",
                                                    "sizes": []
                                                },
                                                "ekit_we_css_transform_fx_scale_toggle": "",
                                                "ekit_we_css_transform_fx_scale_x": {
                                                    "unit": "px",
                                                    "size": 1,
                                                    "sizes": []
                                                },
                                                "ekit_we_css_transform_fx_scale_x_tablet": {
                                                    "unit": "px",
                                                    "size": "",
                                                    "sizes": []
                                                },
                                                "ekit_we_css_transform_fx_scale_x_mobile": {
                                                    "unit": "px",
                                                    "size": "",
                                                    "sizes": []
                                                },
                                                "ekit_we_css_transform_fx_scale_y": {
                                                    "unit": "px",
                                                    "size": 1,
                                                    "sizes": []
                                                },
                                                "ekit_we_css_transform_fx_scale_y_tablet": {
                                                    "unit": "px",
                                                    "size": "",
                                                    "sizes": []
                                                },
                                                "ekit_we_css_transform_fx_scale_y_mobile": {
                                                    "unit": "px",
                                                    "size": "",
                                                    "sizes": []
                                                },
                                                "ekit_we_css_transform_fx_skew_toggle": "",
                                                "ekit_we_css_transform_fx_skew_x": {
                                                    "unit": "px",
                                                    "size": "",
                                                    "sizes": []
                                                },
                                                "ekit_we_css_transform_fx_skew_x_tablet": {
                                                    "unit": "px",
                                                    "size": "",
                                                    "sizes": []
                                                },
                                                "ekit_we_css_transform_fx_skew_x_mobile": {
                                                    "unit": "px",
                                                    "size": "",
                                                    "sizes": []
                                                },
                                                "ekit_we_css_transform_fx_skew_y": {
                                                    "unit": "px",
                                                    "size": "",
                                                    "sizes": []
                                                },
                                                "ekit_we_css_transform_fx_skew_y_tablet": {
                                                    "unit": "px",
                                                    "size": "",
                                                    "sizes": []
                                                },
                                                "ekit_we_css_transform_fx_skew_y_mobile": {
                                                    "unit": "px",
                                                    "size": "",
                                                    "sizes": []
                                                },
                                                "ekit_we_on_test_mode": "on",
                                                "ekit_we_tilt_maxtilt": 20,
                                                "ekit_we_tilt_scale": 1,
                                                "ekit_we_tilt_disableaxis": "",
                                                "ekit_we_mousemove_parallax_speed": 40,
                                                "ekit_we_scroll_animation": "translateY",
                                                "ekit_we_scroll_animation_value": 250,
                                                "ekit_we_scroll_smoothness": 700,
                                                "ekit_we_scroll_offsettop": 0,
                                                "ekit_we_scroll_offsetbottom": 0,
                                                "ekit_sticky": "",
                                                "ekit_sticky_on": [
                                                    "desktop",
                                                    "tablet",
                                                    "mobile"
                                                ],
                                                "ekit_sticky_offset": {
                                                    "unit": "px",
                                                    "size": 0,
                                                    "sizes": []
                                                },
                                                "ekit_sticky_effect_offset": {
                                                    "unit": "px",
                                                    "size": 0,
                                                    "sizes": []
                                                },
                                                "title_color": "#7A7A7A",
                                                "typography_text_transform": "uppercase",
                                                "typography_line_height": {
                                                    "unit": "em",
                                                    "size": 1.5,
                                                    "sizes": []
                                                },
                                                "typography_letter_spacing": {
                                                    "unit": "px",
                                                    "size": 5,
                                                    "sizes": []
                                                },
                                                "_element_width": "auto"
                                            },
                                            "elements": [],
                                            "isInner": false,
                                            "widgetType": "heading",
                                            "elType": "widget"
                                        }
                                    ],
                                    "isInner": true,
                                    "elType": "column"
                                }
                            ],
                            "isInner": true,
                            "elType": "section"
                        },
                        {
                            "id": "56c5f11d",
                            "settings": {
                                "gap": "no",
                                "margin": {
                                    "unit": "px",
                                    "top": "0",
                                    "right": 0,
                                    "bottom": "0",
                                    "left": 0,
                                    "isLinked": false
                                }
                            },
                            "elements": [
                                {
                                    "id": "2219dbe5",
                                    "settings": {
                                        "_column_size": 100,
                                        "_inline_size": null
                                    },
                                    "elements": [
                                        {
                                            "id": "2a85c635",
                                            "settings": {
                                                "title": "Hey There, Let's talk",
                                                "align": "left",
                                                "_margin": {
                                                    "unit": "px",
                                                    "top": "0",
                                                    "right": "0",
                                                    "bottom": "16",
                                                    "left": "0",
                                                    "isLinked": false
                                                },
                                                "align_tablet": "left",
                                                "_element_width": "initial",
                                                "_element_custom_width": {
                                                    "unit": "px",
                                                    "size": 640,
                                                    "sizes": []
                                                }
                                            },
                                            "elements": [],
                                            "isInner": false,
                                            "widgetType": "heading",
                                            "elType": "widget"
                                        }
                                    ],
                                    "isInner": true,
                                    "elType": "column"
                                }
                            ],
                            "isInner": true,
                            "elType": "section"
                        },
                        {
                            "id": "441f5f08",
                            "settings": {
                                "gap": "no",
                                "margin": {
                                    "unit": "px",
                                    "top": "0",
                                    "right": 0,
                                    "bottom": "64",
                                    "left": 0,
                                    "isLinked": false
                                }
                            },
                            "elements": [
                                {
                                    "id": "1db950be",
                                    "settings": {
                                        "_column_size": 100,
                                        "_inline_size": null
                                    },
                                    "elements": [
                                        {
                                            "id": "1ccca5f1",
                                            "settings": {
                                                "_element_width": "initial",
                                                "_element_custom_width": {
                                                    "unit": "px",
                                                    "size": 640,
                                                    "sizes": []
                                                }
                                            },
                                            "elements": [],
                                            "isInner": false,
                                            "widgetType": "text-editor",
                                            "elType": "widget"
                                        },
                                        {
                                            "id": "6a3ec6fd",
                                            "settings": {
                                                "form_name": "New Form",
                                                "form_fields": [
                                                    {
                                                        "custom_id": "name",
                                                        "field_type": "text",
                                                        "field_label": "Name",
                                                        "placeholder": "Name",
                                                        "width": "100",
                                                        "_id": "811fe7e",
                                                        "required": "",
                                                        "selected_icon": {
                                                            "value": "fas fa-star",
                                                            "library": "fa-solid"
                                                        },
                                                        "field_options": "",
                                                        "allow_multiple": "",
                                                        "select_size": "",
                                                        "inline_list": "",
                                                        "field_html": "",
                                                        "width_tablet": "",
                                                        "width_mobile": "",
                                                        "rows": 4,
                                                        "recaptcha_size": "normal",
                                                        "recaptcha_style": "light",
                                                        "recaptcha_badge": "bottomright",
                                                        "css_classes": "",
                                                        "field_value": ""
                                                    },
                                                    {
                                                        "custom_id": "email",
                                                        "field_type": "email",
                                                        "required": "true",
                                                        "field_label": "Email",
                                                        "placeholder": "Email",
                                                        "width": "100",
                                                        "_id": "e9ecf58",
                                                        "selected_icon": {
                                                            "value": "fas fa-star",
                                                            "library": "fa-solid"
                                                        },
                                                        "field_options": "",
                                                        "allow_multiple": "",
                                                        "select_size": "",
                                                        "inline_list": "",
                                                        "field_html": "",
                                                        "width_tablet": "",
                                                        "width_mobile": "",
                                                        "rows": 4,
                                                        "recaptcha_size": "normal",
                                                        "recaptcha_style": "light",
                                                        "recaptcha_badge": "bottomright",
                                                        "css_classes": "",
                                                        "field_value": ""
                                                    },
                                                    {
                                                        "custom_id": "message",
                                                        "field_type": "textarea",
                                                        "field_label": "Message",
                                                        "placeholder": "Message",
                                                        "width": "100",
                                                        "_id": "564c927",
                                                        "required": "",
                                                        "selected_icon": {
                                                            "value": "fas fa-star",
                                                            "library": "fa-solid"
                                                        },
                                                        "field_options": "",
                                                        "allow_multiple": "",
                                                        "select_size": "",
                                                        "inline_list": "",
                                                        "field_html": "",
                                                        "width_tablet": "",
                                                        "width_mobile": "",
                                                        "rows": 4,
                                                        "recaptcha_size": "normal",
                                                        "recaptcha_style": "light",
                                                        "recaptcha_badge": "bottomright",
                                                        "css_classes": "",
                                                        "field_value": ""
                                                    }
                                                ],
                                                "show_labels": "",
                                                "button_width": "33",
                                                "step_next_label": "Next",
                                                "step_previous_label": "Previous",
                                                "button_text": "Send",
                                                "email_content": "[all-fields]",
                                                "email_content_2": "[all-fields]",
                                                "success_message": "The form was sent successfully.",
                                                "error_message": "An error occured.",
                                                "required_field_message": "This field is required.",
                                                "invalid_message": "There's something wrong. The form is invalid.",
                                                "row_gap": {
                                                    "unit": "px",
                                                    "size": 32,
                                                    "sizes": []
                                                },
                                                "_element_width": "initial",
                                                "_element_custom_width": {
                                                    "unit": "px",
                                                    "size": 640,
                                                    "sizes": []
                                                },
                                                "button_text_padding": {
                                                    "unit": "px",
                                                    "top": "20",
                                                    "right": "20",
                                                    "bottom": "20",
                                                    "left": "20",
                                                    "isLinked": true
                                                }
                                            },
                                            "elements": [],
                                            "isInner": false,
                                            "widgetType": "form",
                                            "elType": "widget"
                                        }
                                    ],
                                    "isInner": true,
                                    "elType": "column"
                                }
                            ],
                            "isInner": true,
                            "elType": "section"
                        },
                        {
                            "id": "75150193",
                            "settings": {
                                "margin": {
                                    "unit": "px",
                                    "top": "0",
                                    "right": 0,
                                    "bottom": "24",
                                    "left": 0,
                                    "isLinked": false
                                },
                                "margin_tablet": {
                                    "unit": "px",
                                    "top": "0",
                                    "right": 0,
                                    "bottom": "0",
                                    "left": 0,
                                    "isLinked": false
                                }
                            },
                            "elements": [
                                {
                                    "id": "313c260a",
                                    "settings": {
                                        "_column_size": 100,
                                        "_inline_size": null,
                                        "margin": {
                                            "unit": "%",
                                            "top": "0",
                                            "right": "0",
                                            "bottom": "0",
                                            "left": "0",
                                            "isLinked": false
                                        },
                                        "padding": {
                                            "unit": "px",
                                            "top": "0",
                                            "right": "0",
                                            "bottom": "0",
                                            "left": "0",
                                            "isLinked": false
                                        }
                                    },
                                    "elements": [
                                        {
                                            "id": "72f7e108",
                                            "settings": {
                                                "selected_icon": {
                                                    "value": "",
                                                    "library": ""
                                                },
                                                "title_text": "Call Us",
                                                "description_text": "<strong>Partner and General Inquiries<\/strong><br\/>\nPhone.<a href=\"#\">+1.555.897.1234<\/a>\nFax.<a href=\"#\">+1.125.431.6543<\/a>",
                                                "position": "left",
                                                "primary_color": "#6AB462",
                                                "hover_animation": "float",
                                                "icon_space": {
                                                    "unit": "px",
                                                    "size": 25,
                                                    "sizes": []
                                                },
                                                "icon_size": {
                                                    "unit": "px",
                                                    "size": 27,
                                                    "sizes": []
                                                },
                                                "title_typography_typography": "custom",
                                                "title_typography_font_size": {
                                                    "unit": "px",
                                                    "size": 38,
                                                    "sizes": []
                                                },
                                                "title_typography_line_height": {
                                                    "unit": "em",
                                                    "size": 1,
                                                    "sizes": []
                                                },
                                                "_margin": {
                                                    "unit": "%",
                                                    "top": "0",
                                                    "right": "7",
                                                    "bottom": "0",
                                                    "left": "0",
                                                    "isLinked": false
                                                },
                                                "_margin_mobile": {
                                                    "unit": "px",
                                                    "top": "0",
                                                    "right": "0",
                                                    "bottom": "48",
                                                    "left": "0",
                                                    "isLinked": false
                                                },
                                                "_padding": {
                                                    "unit": "px",
                                                    "top": "24",
                                                    "right": "24",
                                                    "bottom": "24",
                                                    "left": "0",
                                                    "isLinked": false
                                                },
                                                "_padding_mobile": {
                                                    "unit": "px",
                                                    "top": "0",
                                                    "right": "0",
                                                    "bottom": "0",
                                                    "left": "0",
                                                    "isLinked": false
                                                },
                                                "_element_width": "initial",
                                                "_element_custom_width": {
                                                    "unit": "px",
                                                    "size": 320,
                                                    "sizes": []
                                                },
                                                "text_align": "left",
                                                "content_vertical_alignment": "middle",
                                                "title_bottom_space": {
                                                    "unit": "px",
                                                    "size": 12,
                                                    "sizes": []
                                                },
                                                "description_color": "#6B6B6B"
                                            },
                                            "elements": [],
                                            "isInner": false,
                                            "widgetType": "icon-box",
                                            "elType": "widget"
                                        },
                                        {
                                            "id": "7d72f1cb",
                                            "settings": {
                                                "selected_icon": {
                                                    "value": "",
                                                    "library": ""
                                                },
                                                "title_text": "Post Address",
                                                "description_text": "<strong>Head Quarter<\/strong><br\/>\nVia Venezia 118 San Giacomo D Cosenza 87040",
                                                "position": "left",
                                                "primary_color": "#6AB462",
                                                "hover_animation": "float",
                                                "icon_space": {
                                                    "unit": "px",
                                                    "size": 25,
                                                    "sizes": []
                                                },
                                                "icon_size": {
                                                    "unit": "px",
                                                    "size": 27,
                                                    "sizes": []
                                                },
                                                "title_typography_typography": "custom",
                                                "title_typography_font_size": {
                                                    "unit": "px",
                                                    "size": 38,
                                                    "sizes": []
                                                },
                                                "title_typography_line_height": {
                                                    "unit": "em",
                                                    "size": 1,
                                                    "sizes": []
                                                },
                                                "_margin": {
                                                    "unit": "%",
                                                    "top": "0",
                                                    "right": "7",
                                                    "bottom": "0",
                                                    "left": "0",
                                                    "isLinked": false
                                                },
                                                "_margin_mobile": {
                                                    "unit": "px",
                                                    "top": "0",
                                                    "right": "0",
                                                    "bottom": "48",
                                                    "left": "0",
                                                    "isLinked": false
                                                },
                                                "_padding": {
                                                    "unit": "px",
                                                    "top": "24",
                                                    "right": "24",
                                                    "bottom": "24",
                                                    "left": "0",
                                                    "isLinked": false
                                                },
                                                "_padding_mobile": {
                                                    "unit": "px",
                                                    "top": "0",
                                                    "right": "0",
                                                    "bottom": "0",
                                                    "left": "0",
                                                    "isLinked": false
                                                },
                                                "_element_width": "initial",
                                                "_element_custom_width": {
                                                    "unit": "px",
                                                    "size": 320,
                                                    "sizes": []
                                                },
                                                "text_align": "left",
                                                "content_vertical_alignment": "middle",
                                                "title_bottom_space": {
                                                    "unit": "px",
                                                    "size": 12,
                                                    "sizes": []
                                                },
                                                "description_color": "#6B6B6B"
                                            },
                                            "elements": [],
                                            "isInner": false,
                                            "widgetType": "icon-box",
                                            "elType": "widget"
                                        }
                                    ],
                                    "isInner": true,
                                    "elType": "column"
                                }
                            ],
                            "isInner": true,
                            "elType": "section"
                        },
                        {
                            "id": "5537c9c1",
                            "settings": {
                                "margin": {
                                    "unit": "px",
                                    "top": "0",
                                    "right": 0,
                                    "bottom": "0",
                                    "left": 0,
                                    "isLinked": false
                                }
                            },
                            "elements": [
                                {
                                    "id": "1528729d",
                                    "settings": {
                                        "_column_size": 100,
                                        "_inline_size": null,
                                        "padding": {
                                            "unit": "px",
                                            "top": "0",
                                            "right": "0",
                                            "bottom": "0",
                                            "left": "0",
                                            "isLinked": false
                                        }
                                    },
                                    "elements": [
                                        {
                                            "id": "24d64c57",
                                            "settings": {
                                                "selected_icon": {
                                                    "value": "",
                                                    "library": ""
                                                },
                                                "title_text": "Assistance Hours",
                                                "description_text": "<strong>Monday \u2013 Friday<\/strong><br\/>\n6.am to 10.pm EST\n",
                                                "position": "left",
                                                "primary_color": "#6AB462",
                                                "hover_animation": "float",
                                                "icon_space": {
                                                    "unit": "px",
                                                    "size": 25,
                                                    "sizes": []
                                                },
                                                "icon_size": {
                                                    "unit": "px",
                                                    "size": 27,
                                                    "sizes": []
                                                },
                                                "title_typography_typography": "custom",
                                                "title_typography_font_size": {
                                                    "unit": "px",
                                                    "size": 38,
                                                    "sizes": []
                                                },
                                                "title_typography_line_height": {
                                                    "unit": "em",
                                                    "size": 1,
                                                    "sizes": []
                                                },
                                                "_margin": {
                                                    "unit": "%",
                                                    "top": "0",
                                                    "right": "7",
                                                    "bottom": "0",
                                                    "left": "0",
                                                    "isLinked": false
                                                },
                                                "_margin_mobile": {
                                                    "unit": "px",
                                                    "top": "0",
                                                    "right": "0",
                                                    "bottom": "48",
                                                    "left": "0",
                                                    "isLinked": false
                                                },
                                                "_padding": {
                                                    "unit": "px",
                                                    "top": "24",
                                                    "right": "24",
                                                    "bottom": "24",
                                                    "left": "0",
                                                    "isLinked": false
                                                },
                                                "_padding_mobile": {
                                                    "unit": "px",
                                                    "top": "0",
                                                    "right": "0",
                                                    "bottom": "0",
                                                    "left": "0",
                                                    "isLinked": false
                                                },
                                                "_element_width": "initial",
                                                "_element_custom_width": {
                                                    "unit": "px",
                                                    "size": 320,
                                                    "sizes": []
                                                },
                                                "text_align": "left",
                                                "content_vertical_alignment": "middle",
                                                "title_bottom_space": {
                                                    "unit": "px",
                                                    "size": 12,
                                                    "sizes": []
                                                },
                                                "description_color": "#6B6B6B"
                                            },
                                            "elements": [],
                                            "isInner": false,
                                            "widgetType": "icon-box",
                                            "elType": "widget"
                                        },
                                        {
                                            "id": "1f026a6c",
                                            "settings": {
                                                "selected_icon": {
                                                    "value": "",
                                                    "library": ""
                                                },
                                                "title_text": "Main Office",
                                                "description_text": "<strong>Virginia<\/strong><br\/>\n1428 Callison Building 201\n",
                                                "position": "left",
                                                "primary_color": "#6AB462",
                                                "hover_animation": "float",
                                                "icon_space": {
                                                    "unit": "px",
                                                    "size": 25,
                                                    "sizes": []
                                                },
                                                "icon_size": {
                                                    "unit": "px",
                                                    "size": 27,
                                                    "sizes": []
                                                },
                                                "title_typography_typography": "custom",
                                                "title_typography_font_size": {
                                                    "unit": "px",
                                                    "size": 38,
                                                    "sizes": []
                                                },
                                                "title_typography_line_height": {
                                                    "unit": "em",
                                                    "size": 1,
                                                    "sizes": []
                                                },
                                                "_margin": {
                                                    "unit": "%",
                                                    "top": "0",
                                                    "right": "7",
                                                    "bottom": "0",
                                                    "left": "0",
                                                    "isLinked": false
                                                },
                                                "_margin_mobile": {
                                                    "unit": "px",
                                                    "top": "0",
                                                    "right": "0",
                                                    "bottom": "48",
                                                    "left": "0",
                                                    "isLinked": false
                                                },
                                                "_padding": {
                                                    "unit": "px",
                                                    "top": "24",
                                                    "right": "24",
                                                    "bottom": "24",
                                                    "left": "0",
                                                    "isLinked": false
                                                },
                                                "_padding_mobile": {
                                                    "unit": "px",
                                                    "top": "0",
                                                    "right": "0",
                                                    "bottom": "0",
                                                    "left": "0",
                                                    "isLinked": false
                                                },
                                                "_element_width": "initial",
                                                "_element_custom_width": {
                                                    "unit": "px",
                                                    "size": 320,
                                                    "sizes": []
                                                },
                                                "text_align": "left",
                                                "content_vertical_alignment": "middle",
                                                "title_bottom_space": {
                                                    "unit": "px",
                                                    "size": 12,
                                                    "sizes": []
                                                },
                                                "description_color": "#6B6B6B"
                                            },
                                            "elements": [],
                                            "isInner": false,
                                            "widgetType": "icon-box",
                                            "elType": "widget"
                                        }
                                    ],
                                    "isInner": true,
                                    "elType": "column"
                                }
                            ],
                            "isInner": true,
                            "elType": "section"
                        }
                    ],
                    "isInner": false,
                    "elType": "column"
                }
            ],
            "isInner": false,
            "elType": "section"
        }
    ]
}