{
    "version": "0.4",
    "title": "Footer",
    "type": "footer",
    "metadata": {
        "template_type": "section-footer",
        "include_in_zip": "1",
        "elementor_pro_required": "1",
        "elementor_library_type": "footer",
        "elementor_pro_conditions": [
            "include\/general"
        ],
        "additional_template_information": [
            "This is a \"Footer\" template for Elementor Pro.",
            "This template will display on: Entire Site."
        ],
        "wp_page_template": "default"
    },
    "content": [
        {
            "id": "540d5f2a",
            "settings": {
                "gap": "no"
            },
            "elements": [
                {
                    "id": "6db9e60d",
                    "settings": {
                        "_column_size": 100,
                        "_inline_size": null
                    },
                    "elements": [
                        {
                            "id": "13d92397",
                            "settings": {
                                "gap": "wider",
                                "margin": {
                                    "unit": "px",
                                    "top": "0",
                                    "right": 0,
                                    "bottom": "0",
                                    "left": 0,
                                    "isLinked": false
                                }
                            },
                            "elements": [
                                {
                                    "id": "1f5dea19",
                                    "settings": {
                                        "_column_size": 100,
                                        "_inline_size": null,
                                        "align": "flex-start"
                                    },
                                    "elements": [
                                        {
                                            "id": "7ec8fdce",
                                            "settings": {
                                                "view": "inline",
                                                "icon_list": [
                                                    {
                                                        "text": " 9783 S Clarksburg Park Road, Suite 891, Chicago, SF",
                                                        "selected_icon": {
                                                            "value": "fas fa-map-marker-alt",
                                                            "library": "fa-solid"
                                                        },
                                                        "_id": "f570468",
                                                        "link": {
                                                            "url": "#",
                                                            "is_external": "",
                                                            "nofollow": "",
                                                            "custom_attributes": ""
                                                        }
                                                    },
                                                    {
                                                        "text": "22.786.567.333",
                                                        "selected_icon": {
                                                            "value": "fas fa-phone",
                                                            "library": "fa-solid"
                                                        },
                                                        "link": {
                                                            "url": "#",
                                                            "is_external": "",
                                                            "nofollow": "",
                                                            "custom_attributes": ""
                                                        },
                                                        "_id": "2b011e9"
                                                    },
                                                    {
                                                        "text": "98.212.777.817",
                                                        "selected_icon": {
                                                            "value": "fas fa-fax",
                                                            "library": "fa-solid"
                                                        },
                                                        "link": {
                                                            "url": "#",
                                                            "is_external": "",
                                                            "nofollow": "",
                                                            "custom_attributes": ""
                                                        },
                                                        "_id": "e2516a3"
                                                    },
                                                    {
                                                        "text": "hello@allfresh.detheme",
                                                        "selected_icon": {
                                                            "value": "fas fa-envelope",
                                                            "library": "fa-solid"
                                                        },
                                                        "link": {
                                                            "url": "#",
                                                            "is_external": "",
                                                            "nofollow": "",
                                                            "custom_attributes": ""
                                                        },
                                                        "_id": "41c8a56"
                                                    }
                                                ],
                                                "space_between": {
                                                    "unit": "px",
                                                    "size": 48,
                                                    "sizes": []
                                                },
                                                "divider": "yes",
                                                "divider_weight": {
                                                    "unit": "px",
                                                    "size": 3,
                                                    "sizes": []
                                                },
                                                "divider_height": {
                                                    "unit": "px",
                                                    "size": 3,
                                                    "sizes": []
                                                },
                                                "divider_color": "#6AB462",
                                                "_element_width": "auto",
                                                "text_color": "#888888",
                                                "text_color_hover": "#6AB462",
                                                "icon_typography_typography": "custom",
                                                "icon_typography_line_height_tablet": {
                                                    "unit": "em",
                                                    "size": 2.5,
                                                    "sizes": []
                                                },
                                                "icon_align_mobile": "center"
                                            },
                                            "elements": [],
                                            "isInner": false,
                                            "widgetType": "icon-list",
                                            "elType": "widget"
                                        }
                                    ],
                                    "isInner": true,
                                    "elType": "column"
                                }
                            ],
                            "isInner": true,
                            "elType": "section"
                        },
                        {
                            "id": "46e07473",
                            "settings": {
                                "gap": "wider",
                                "margin": {
                                    "unit": "px",
                                    "top": "0",
                                    "right": 0,
                                    "bottom": "0",
                                    "left": 0,
                                    "isLinked": false
                                }
                            },
                            "elements": [
                                {
                                    "id": "746b3226",
                                    "settings": {
                                        "_column_size": 100,
                                        "_inline_size": null,
                                        "padding": {
                                            "unit": "px",
                                            "top": "0",
                                            "right": "30",
                                            "bottom": "0",
                                            "left": "30",
                                            "isLinked": false
                                        }
                                    },
                                    "elements": [
                                        {
                                            "id": "7204d926",
                                            "settings": {
                                                "text": "Divider",
                                                "color": "#DEDEDE",
                                                "gap": {
                                                    "unit": "px",
                                                    "size": 0,
                                                    "sizes": []
                                                }
                                            },
                                            "elements": [],
                                            "isInner": false,
                                            "widgetType": "divider",
                                            "elType": "widget"
                                        }
                                    ],
                                    "isInner": true,
                                    "elType": "column"
                                }
                            ],
                            "isInner": true,
                            "elType": "section"
                        },
                        {
                            "id": "3e3259a8",
                            "settings": {
                                "gap": "wider",
                                "structure": "50",
                                "margin": {
                                    "unit": "px",
                                    "top": "0",
                                    "right": 0,
                                    "bottom": "0",
                                    "left": 0,
                                    "isLinked": false
                                },
                                "padding": {
                                    "unit": "px",
                                    "top": "48",
                                    "right": "48",
                                    "bottom": "0",
                                    "left": "0",
                                    "isLinked": false
                                },
                                "padding_tablet": {
                                    "unit": "px",
                                    "top": "8",
                                    "right": "0",
                                    "bottom": "0",
                                    "left": "0",
                                    "isLinked": false
                                }
                            },
                            "elements": [
                                {
                                    "id": "4eb6ea66",
                                    "settings": {
                                        "_column_size": 20,
                                        "_inline_size": 22.125,
                                        "content_position": "space-between",
                                        "_inline_size_tablet": 33.33
                                    },
                                    "elements": [
                                        {
                                            "id": "6e8e7962",
                                            "settings": {
                                                "image": {
                                                    "url": "https:\/\/kit.detheme.com\/allfresh\/wp-content\/uploads\/sites\/9\/2020\/08\/light.png",
                                                    "id": 340
                                                },
                                                "align": "left",
                                                "width": {
                                                    "unit": "px",
                                                    "size": 139,
                                                    "sizes": []
                                                },
                                                "_margin": {
                                                    "unit": "px",
                                                    "top": "0",
                                                    "right": "0",
                                                    "bottom": "24",
                                                    "left": "0",
                                                    "isLinked": false
                                                },
                                                "align_mobile": "center"
                                            },
                                            "elements": [],
                                            "isInner": false,
                                            "widgetType": "image",
                                            "elType": "widget"
                                        },
                                        {
                                            "id": "14866485",
                                            "settings": {
                                                "editor": "<p>Work hard pray harder.<\/p>",
                                                "typography_typography": "custom",
                                                "typography_font_size": {
                                                    "unit": "px",
                                                    "size": 10,
                                                    "sizes": []
                                                },
                                                "typography_font_weight": "600",
                                                "typography_text_transform": "uppercase",
                                                "typography_letter_spacing": {
                                                    "unit": "px",
                                                    "size": 2,
                                                    "sizes": []
                                                },
                                                "_margin": {
                                                    "unit": "px",
                                                    "top": "0",
                                                    "right": "0",
                                                    "bottom": "-10",
                                                    "left": "0",
                                                    "isLinked": false
                                                },
                                                "align_mobile": "center"
                                            },
                                            "elements": [],
                                            "isInner": false,
                                            "widgetType": "text-editor",
                                            "elType": "widget"
                                        }
                                    ],
                                    "isInner": true,
                                    "elType": "column"
                                },
                                {
                                    "id": "64e37bae",
                                    "settings": {
                                        "_column_size": 20,
                                        "_inline_size": 16.054,
                                        "_inline_size_tablet": 33.33
                                    },
                                    "elements": [
                                        {
                                            "id": "5ce6561",
                                            "settings": {
                                                "title": "The company",
                                                "header_size": "h4",
                                                "_margin": {
                                                    "unit": "px",
                                                    "top": "0",
                                                    "right": "0",
                                                    "bottom": "24",
                                                    "left": "0",
                                                    "isLinked": false
                                                },
                                                "align_mobile": "center"
                                            },
                                            "elements": [],
                                            "isInner": false,
                                            "widgetType": "heading",
                                            "elType": "widget"
                                        },
                                        {
                                            "id": "ca8943b",
                                            "settings": {
                                                "icon_list": [
                                                    {
                                                        "text": "About",
                                                        "selected_icon": {
                                                            "value": "",
                                                            "library": ""
                                                        },
                                                        "_id": "0b99c34",
                                                        "link": {
                                                            "url": "#",
                                                            "is_external": "",
                                                            "nofollow": "",
                                                            "custom_attributes": ""
                                                        }
                                                    },
                                                    {
                                                        "text": "Career",
                                                        "selected_icon": {
                                                            "value": "",
                                                            "library": ""
                                                        },
                                                        "link": {
                                                            "url": "#",
                                                            "is_external": "",
                                                            "nofollow": "",
                                                            "custom_attributes": ""
                                                        },
                                                        "_id": "65e0b51"
                                                    },
                                                    {
                                                        "text": "Our process",
                                                        "selected_icon": {
                                                            "value": "",
                                                            "library": ""
                                                        },
                                                        "link": {
                                                            "url": "#",
                                                            "is_external": "",
                                                            "nofollow": "",
                                                            "custom_attributes": ""
                                                        },
                                                        "_id": "0ad0e09"
                                                    },
                                                    {
                                                        "text": "Angel investors",
                                                        "selected_icon": {
                                                            "value": "",
                                                            "library": ""
                                                        },
                                                        "link": {
                                                            "url": "#",
                                                            "is_external": "",
                                                            "nofollow": "",
                                                            "custom_attributes": ""
                                                        },
                                                        "_id": "eff0ad0"
                                                    }
                                                ],
                                                "space_between": {
                                                    "unit": "px",
                                                    "size": 16,
                                                    "sizes": []
                                                },
                                                "text_color": "#6B6B6B",
                                                "text_color_hover": "#6AB462",
                                                "icon_align_mobile": "center"
                                            },
                                            "elements": [],
                                            "isInner": false,
                                            "widgetType": "icon-list",
                                            "elType": "widget"
                                        }
                                    ],
                                    "isInner": true,
                                    "elType": "column"
                                },
                                {
                                    "id": "499bac9b",
                                    "settings": {
                                        "_column_size": 20,
                                        "_inline_size": 18.211,
                                        "_inline_size_tablet": 33.33
                                    },
                                    "elements": [
                                        {
                                            "id": "7ebe401d",
                                            "settings": {
                                                "title": "Customer service",
                                                "header_size": "h4",
                                                "_margin": {
                                                    "unit": "px",
                                                    "top": "0",
                                                    "right": "0",
                                                    "bottom": "24",
                                                    "left": "0",
                                                    "isLinked": false
                                                },
                                                "align_mobile": "center"
                                            },
                                            "elements": [],
                                            "isInner": false,
                                            "widgetType": "heading",
                                            "elType": "widget"
                                        },
                                        {
                                            "id": "5f7baf8b",
                                            "settings": {
                                                "icon_list": [
                                                    {
                                                        "text": "Help & contact us",
                                                        "selected_icon": {
                                                            "value": "",
                                                            "library": ""
                                                        },
                                                        "_id": "0b99c34",
                                                        "link": {
                                                            "url": "#",
                                                            "is_external": "",
                                                            "nofollow": "",
                                                            "custom_attributes": ""
                                                        }
                                                    },
                                                    {
                                                        "text": "Returns & refunds",
                                                        "selected_icon": {
                                                            "value": "",
                                                            "library": ""
                                                        },
                                                        "link": {
                                                            "url": "#",
                                                            "is_external": "",
                                                            "nofollow": "",
                                                            "custom_attributes": ""
                                                        },
                                                        "_id": "65e0b51"
                                                    },
                                                    {
                                                        "text": "Online store",
                                                        "selected_icon": {
                                                            "value": "",
                                                            "library": ""
                                                        },
                                                        "link": {
                                                            "url": "#",
                                                            "is_external": "",
                                                            "nofollow": "",
                                                            "custom_attributes": ""
                                                        },
                                                        "_id": "0ad0e09"
                                                    },
                                                    {
                                                        "text": "Terms & conditions",
                                                        "selected_icon": {
                                                            "value": "",
                                                            "library": ""
                                                        },
                                                        "link": {
                                                            "url": "#",
                                                            "is_external": "",
                                                            "nofollow": "",
                                                            "custom_attributes": ""
                                                        },
                                                        "_id": "eff0ad0"
                                                    }
                                                ],
                                                "space_between": {
                                                    "unit": "px",
                                                    "size": 16,
                                                    "sizes": []
                                                },
                                                "text_color": "#6B6B6B",
                                                "text_color_hover": "#6AB462",
                                                "icon_align_mobile": "center"
                                            },
                                            "elements": [],
                                            "isInner": false,
                                            "widgetType": "icon-list",
                                            "elType": "widget"
                                        }
                                    ],
                                    "isInner": true,
                                    "elType": "column"
                                },
                                {
                                    "id": "384a37e7",
                                    "settings": {
                                        "_column_size": 20,
                                        "_inline_size": 12.54,
                                        "_inline_size_tablet": 33.33
                                    },
                                    "elements": [
                                        {
                                            "id": "73be27b1",
                                            "settings": {
                                                "title": "Follow us",
                                                "header_size": "h4",
                                                "_margin": {
                                                    "unit": "px",
                                                    "top": "0",
                                                    "right": "0",
                                                    "bottom": "24",
                                                    "left": "0",
                                                    "isLinked": false
                                                },
                                                "align_mobile": "center"
                                            },
                                            "elements": [],
                                            "isInner": false,
                                            "widgetType": "heading",
                                            "elType": "widget"
                                        },
                                        {
                                            "id": "18781075",
                                            "settings": {
                                                "icon_list": [
                                                    {
                                                        "text": "Facebook",
                                                        "selected_icon": {
                                                            "value": "",
                                                            "library": ""
                                                        },
                                                        "_id": "0b99c34",
                                                        "link": {
                                                            "url": "#",
                                                            "is_external": "",
                                                            "nofollow": "",
                                                            "custom_attributes": ""
                                                        }
                                                    },
                                                    {
                                                        "text": "Twitter",
                                                        "selected_icon": {
                                                            "value": "",
                                                            "library": ""
                                                        },
                                                        "link": {
                                                            "url": "#",
                                                            "is_external": "",
                                                            "nofollow": "",
                                                            "custom_attributes": ""
                                                        },
                                                        "_id": "65e0b51"
                                                    },
                                                    {
                                                        "text": "Youtube",
                                                        "selected_icon": {
                                                            "value": "",
                                                            "library": ""
                                                        },
                                                        "link": {
                                                            "url": "#",
                                                            "is_external": "",
                                                            "nofollow": "",
                                                            "custom_attributes": ""
                                                        },
                                                        "_id": "0ad0e09"
                                                    },
                                                    {
                                                        "text": "Instagram",
                                                        "selected_icon": {
                                                            "value": "",
                                                            "library": ""
                                                        },
                                                        "link": {
                                                            "url": "#",
                                                            "is_external": "",
                                                            "nofollow": "",
                                                            "custom_attributes": ""
                                                        },
                                                        "_id": "eff0ad0"
                                                    }
                                                ],
                                                "space_between": {
                                                    "unit": "px",
                                                    "size": 16,
                                                    "sizes": []
                                                },
                                                "text_color": "#6B6B6B",
                                                "text_color_hover": "#6AB462",
                                                "icon_align_mobile": "center"
                                            },
                                            "elements": [],
                                            "isInner": false,
                                            "widgetType": "icon-list",
                                            "elType": "widget"
                                        }
                                    ],
                                    "isInner": true,
                                    "elType": "column"
                                },
                                {
                                    "id": "2fad3362",
                                    "settings": {
                                        "_column_size": 20,
                                        "_inline_size": 31.067,
                                        "_inline_size_tablet": 66
                                    },
                                    "elements": [
                                        {
                                            "id": "4be5568a",
                                            "settings": {
                                                "title": "Subscribe our bi-weekly newsletter",
                                                "header_size": "h4",
                                                "_margin": {
                                                    "unit": "px",
                                                    "top": "0",
                                                    "right": "0",
                                                    "bottom": "24",
                                                    "left": "0",
                                                    "isLinked": false
                                                },
                                                "align_mobile": "center"
                                            },
                                            "elements": [],
                                            "isInner": false,
                                            "widgetType": "heading",
                                            "elType": "widget"
                                        },
                                        {
                                            "id": "4c071ae6",
                                            "settings": {
                                                "form_name": "New Form",
                                                "form_fields": [
                                                    {
                                                        "custom_id": "name",
                                                        "field_type": "text",
                                                        "field_label": "Name",
                                                        "placeholder": "Name",
                                                        "width": "100",
                                                        "_id": "aa77141",
                                                        "required": "",
                                                        "selected_icon": {
                                                            "value": "fas fa-star",
                                                            "library": "fa-solid"
                                                        },
                                                        "field_options": "",
                                                        "allow_multiple": "",
                                                        "select_size": "",
                                                        "inline_list": "",
                                                        "field_html": "",
                                                        "width_tablet": "",
                                                        "width_mobile": "",
                                                        "rows": 4,
                                                        "recaptcha_size": "normal",
                                                        "recaptcha_style": "light",
                                                        "recaptcha_badge": "bottomright",
                                                        "css_classes": "",
                                                        "field_value": ""
                                                    },
                                                    {
                                                        "custom_id": "email",
                                                        "field_type": "email",
                                                        "required": "true",
                                                        "field_label": "Email",
                                                        "placeholder": "Email",
                                                        "width": "100",
                                                        "_id": "0125ae1",
                                                        "selected_icon": {
                                                            "value": "fas fa-star",
                                                            "library": "fa-solid"
                                                        },
                                                        "field_options": "",
                                                        "allow_multiple": "",
                                                        "select_size": "",
                                                        "inline_list": "",
                                                        "field_html": "",
                                                        "width_tablet": "",
                                                        "width_mobile": "",
                                                        "rows": 4,
                                                        "recaptcha_size": "normal",
                                                        "recaptcha_style": "light",
                                                        "recaptcha_badge": "bottomright",
                                                        "css_classes": "",
                                                        "field_value": ""
                                                    }
                                                ],
                                                "show_labels": "",
                                                "step_next_label": "Next",
                                                "step_previous_label": "Previous",
                                                "button_text": "Subscribe",
                                                "submit_actions": [
                                                    "email",
                                                    "mailchimp"
                                                ],
                                                "email_content": "[all-fields]",
                                                "email_content_2": "[all-fields]",
                                                "success_message": "The form was sent successfully.",
                                                "error_message": "An error occured.",
                                                "required_field_message": "This field is required.",
                                                "invalid_message": "There's something wrong. The form is invalid.",
                                                "row_gap": {
                                                    "unit": "px",
                                                    "size": 16,
                                                    "sizes": []
                                                }
                                            },
                                            "elements": [],
                                            "isInner": false,
                                            "widgetType": "form",
                                            "elType": "widget"
                                        }
                                    ],
                                    "isInner": true,
                                    "elType": "column"
                                }
                            ],
                            "isInner": true,
                            "elType": "section"
                        }
                    ],
                    "isInner": false,
                    "elType": "column"
                }
            ],
            "isInner": false,
            "elType": "section"
        },
        {
            "id": "643c8e01",
            "settings": {
                "gap": "wider"
            },
            "elements": [
                {
                    "id": "34a6f80c",
                    "settings": {
                        "_column_size": 100,
                        "_inline_size": null
                    },
                    "elements": [
                        {
                            "id": "58c87f3e",
                            "settings": {
                                "text": "Divider",
                                "color": "#DEDEDE",
                                "gap": {
                                    "unit": "px",
                                    "size": 0,
                                    "sizes": []
                                }
                            },
                            "elements": [],
                            "isInner": false,
                            "widgetType": "divider",
                            "elType": "widget"
                        }
                    ],
                    "isInner": false,
                    "elType": "column"
                }
            ],
            "isInner": false,
            "elType": "section"
        },
        {
            "id": "652cd1e1",
            "settings": {
                "gap": "wider",
                "structure": "20",
                "reverse_order_mobile": "reverse-mobile",
                "margin": {
                    "unit": "px",
                    "top": "0",
                    "right": 0,
                    "bottom": "5",
                    "left": 0,
                    "isLinked": false
                }
            },
            "elements": [
                {
                    "id": "22c96e3c",
                    "settings": {
                        "_column_size": 50,
                        "_inline_size": null,
                        "content_position": "center",
                        "padding": {
                            "unit": "px",
                            "top": "0",
                            "right": "30",
                            "bottom": "16",
                            "left": "30",
                            "isLinked": false
                        },
                        "padding_mobile": {
                            "unit": "px",
                            "top": "8",
                            "right": "30",
                            "bottom": "36",
                            "left": "30",
                            "isLinked": false
                        }
                    },
                    "elements": [
                        {
                            "id": "5d88fd54",
                            "settings": {
                                "title": "Copyright 2020 Detheme. All rights reserved",
                                "header_size": "div",
                                "title_color": "#999999",
                                "typography_typography": "custom",
                                "typography_font_size": {
                                    "unit": "px",
                                    "size": 15,
                                    "sizes": []
                                },
                                "align_mobile": "center",
                                "typography_line_height_mobile": {
                                    "unit": "em",
                                    "size": 1.5,
                                    "sizes": []
                                }
                            },
                            "elements": [],
                            "isInner": false,
                            "widgetType": "heading",
                            "elType": "widget"
                        }
                    ],
                    "isInner": false,
                    "elType": "column"
                },
                {
                    "id": "144f2031",
                    "settings": {
                        "_column_size": 50,
                        "_inline_size": null,
                        "content_position": "center",
                        "padding": {
                            "unit": "px",
                            "top": "0",
                            "right": "30",
                            "bottom": "16",
                            "left": "30",
                            "isLinked": false
                        },
                        "padding_mobile": {
                            "unit": "px",
                            "top": "16",
                            "right": "30",
                            "bottom": "0",
                            "left": "30",
                            "isLinked": false
                        }
                    },
                    "elements": [
                        {
                            "id": "7117e856",
                            "settings": {
                                "view": "inline",
                                "icon_list": [
                                    {
                                        "text": "Privacy policy",
                                        "selected_icon": {
                                            "value": "",
                                            "library": ""
                                        },
                                        "_id": "169cacc",
                                        "link": {
                                            "url": "#",
                                            "is_external": "",
                                            "nofollow": "",
                                            "custom_attributes": ""
                                        }
                                    },
                                    {
                                        "text": "GDPR",
                                        "selected_icon": {
                                            "value": "",
                                            "library": ""
                                        },
                                        "link": {
                                            "url": "#",
                                            "is_external": "",
                                            "nofollow": "",
                                            "custom_attributes": ""
                                        },
                                        "_id": "f22e5a4"
                                    },
                                    {
                                        "text": "Career",
                                        "selected_icon": {
                                            "value": "",
                                            "library": ""
                                        },
                                        "link": {
                                            "url": "#",
                                            "is_external": "",
                                            "nofollow": "",
                                            "custom_attributes": ""
                                        },
                                        "_id": "40af41e"
                                    }
                                ],
                                "icon_align": "right",
                                "divider": "yes",
                                "divider_weight": {
                                    "unit": "px",
                                    "size": 2,
                                    "sizes": []
                                },
                                "divider_height": {
                                    "unit": "px",
                                    "size": 2,
                                    "sizes": []
                                },
                                "divider_color": "#333333",
                                "text_color": "#999999",
                                "text_color_hover": "#333333",
                                "icon_align_mobile": "center",
                                "icon_typography_typography": "custom",
                                "icon_typography_font_size": {
                                    "unit": "px",
                                    "size": 15,
                                    "sizes": []
                                },
                                "_margin_mobile": {
                                    "unit": "px",
                                    "top": "0",
                                    "right": "0",
                                    "bottom": "8",
                                    "left": "0",
                                    "isLinked": false
                                }
                            },
                            "elements": [],
                            "isInner": false,
                            "widgetType": "icon-list",
                            "elType": "widget"
                        }
                    ],
                    "isInner": false,
                    "elType": "column"
                }
            ],
            "isInner": false,
            "elType": "section"
        }
    ]
}