{
    "version": "0.4",
    "title": "Global Kit Styles",
    "type": "section",
    "metadata": {
        "template_type": "global-styles",
        "include_in_zip": "1",
        "elementor_pro_required": "1",
        "additional_template_information": [
            "These are the global theme styles configured through the Elementor Theme Styles area."
        ],
        "wp_page_template": "default"
    },
    "content": [],
    "page_settings": {
        "body_color": "#444444",
        "body_typography_typography": "custom",
        "body_typography_font_family": "Nunito Sans",
        "body_typography_font_size": {
            "unit": "px",
            "size": 16,
            "sizes": []
        },
        "body_typography_font_weight": "400",
        "body_typography_line_height": {
            "unit": "em",
            "size": 1.5,
            "sizes": []
        },
        "h1_color": "#333333",
        "h1_typography_typography": "custom",
        "h2_color": "#333333",
        "h2_typography_typography": "custom",
        "h2_typography_font_size": {
            "unit": "px",
            "size": 50,
            "sizes": []
        },
        "link_normal_color": "#6AB462",
        "h1_typography_font_family": "Amatic SC",
        "h1_typography_font_size": {
            "unit": "px",
            "size": 68,
            "sizes": []
        },
        "h1_typography_font_weight": "700",
        "h1_typography_line_height": {
            "unit": "em",
            "size": 1,
            "sizes": []
        },
        "h2_typography_font_family": "Amatic SC",
        "h2_typography_font_weight": "700",
        "h2_typography_letter_spacing": {
            "unit": "px",
            "size": 1.1,
            "sizes": []
        },
        "h3_color": "#333333",
        "h3_typography_typography": "custom",
        "h3_typography_font_family": "Amatic SC",
        "h3_typography_font_size": {
            "unit": "px",
            "size": 38,
            "sizes": []
        },
        "h3_typography_font_weight": "700",
        "h3_typography_line_height": {
            "unit": "em",
            "size": 1.2,
            "sizes": []
        },
        "h4_color": "#333333",
        "h4_typography_typography": "custom",
        "h4_typography_font_family": "Amatic SC",
        "h4_typography_font_weight": "700",
        "h4_typography_line_height": {
            "unit": "em",
            "size": 1.3,
            "sizes": []
        },
        "h5_color": "#333333",
        "h5_typography_typography": "custom",
        "h5_typography_font_family": "Amatic SC",
        "h5_typography_font_size": {
            "unit": "px",
            "size": 21,
            "sizes": []
        },
        "h5_typography_font_weight": "700",
        "h5_typography_line_height": {
            "unit": "em",
            "size": 1.4,
            "sizes": []
        },
        "h6_color": "#333333",
        "h6_typography_typography": "custom",
        "h6_typography_font_family": "Amatic SC",
        "h6_typography_font_size": {
            "unit": "px",
            "size": 16,
            "sizes": []
        },
        "h6_typography_font_weight": "700",
        "h6_typography_line_height": {
            "unit": "em",
            "size": 1.5,
            "sizes": []
        },
        "button_typography_typography": "custom",
        "button_typography_font_weight": "600",
        "button_text_color": "#FFFFFF",
        "button_background_color": "#6AB462",
        "button_border_border": "solid",
        "button_border_width": {
            "unit": "px",
            "top": "0",
            "right": "0",
            "bottom": "0",
            "left": "0",
            "isLinked": true
        },
        "button_border_radius": {
            "unit": "px",
            "top": "75",
            "right": "75",
            "bottom": "75",
            "left": "75",
            "isLinked": true
        },
        "button_hover_background_color": "#43763E",
        "button_typography_font_size": {
            "unit": "px",
            "size": 11,
            "sizes": []
        },
        "button_typography_text_transform": "uppercase",
        "button_typography_letter_spacing": {
            "unit": "px",
            "size": 3,
            "sizes": []
        },
        "form_field_border_border": "solid",
        "form_field_border_width": {
            "unit": "px",
            "top": "1",
            "right": "1",
            "bottom": "1",
            "left": "1",
            "isLinked": true
        },
        "form_field_border_color": "#DEDEDE",
        "default_generic_fonts": "Sans-serif",
        "container_width": {
            "unit": "px",
            "size": "1300",
            "sizes": []
        },
        "space_between_widgets": {
            "unit": "px",
            "size": 0,
            "sizes": []
        },
        "viewport_md": "",
        "viewport_lg": "",
        "custom_colors": [
            {
                "_id": "597dd688",
                "title": "Saved Color #5",
                "color": "#4054B2"
            },
            {
                "_id": "109ce5b2",
                "title": "Saved Color #6",
                "color": "#23A455"
            },
            {
                "_id": "77bbce5",
                "title": "Saved Color #7",
                "color": "#000"
            },
            {
                "_id": "214de4f9",
                "title": "Saved Color #8",
                "color": "#FFF"
            },
            {
                "_id": "7de9fbd4",
                "title": "Saved Color #9",
                "color": "#FF0000"
            },
            {
                "_id": "6e2c990b",
                "title": "Saved Color #10",
                "color": "#BB00FF"
            },
            {
                "_id": "51789dc3",
                "title": "Saved Color #11",
                "color": "#6AB462"
            },
            {
                "_id": "1c1ae0ed",
                "title": "Saved Color #12",
                "color": "#333333"
            },
            {
                "_id": "1281968",
                "title": "Saved Color #13",
                "color": "#F9F6F5"
            },
            {
                "_id": "e90c56f",
                "title": "Saved Color #14",
                "color": "#4E9247"
            },
            {
                "_id": "48e1f902",
                "title": "Saved Color #15",
                "color": "#F7F4ED"
            }
        ],
        "system_colors": [
            {
                "_id": "primary",
                "title": "Primary",
                "color": "#6EC1E4"
            },
            {
                "_id": "secondary",
                "title": "Secondary",
                "color": "#54595F"
            },
            {
                "_id": "text",
                "title": "Text",
                "color": "#7A7A7A"
            },
            {
                "_id": "accent",
                "title": "Accent",
                "color": "#61CE70"
            }
        ],
        "system_typography": [
            {
                "_id": "primary",
                "title": "Primary",
                "typography_typography": "custom",
                "typography_font_family": "Roboto",
                "typography_font_weight": "600"
            },
            {
                "_id": "secondary",
                "title": "Secondary",
                "typography_typography": "custom",
                "typography_font_family": "Roboto Slab",
                "typography_font_weight": "400"
            },
            {
                "_id": "text",
                "title": "Text",
                "typography_typography": "custom",
                "typography_font_family": "Roboto",
                "typography_font_weight": "400"
            },
            {
                "_id": "accent",
                "title": "Accent",
                "typography_typography": "custom",
                "typography_font_family": "Roboto",
                "typography_font_weight": "500"
            }
        ],
        "custom_typography": [],
        "site_name": "Allfresh \u2013 Premium Elementor Kits for grocery shop",
        "site_description": "Just another Premium Elementor Kit Templates site",
        "page_title_selector": "h1.entry-title"
    }
}