{
    "version": "0.4",
    "title": "Header",
    "type": "header",
    "metadata": {
        "template_type": "section-header",
        "include_in_zip": "1",
        "elementor_pro_required": "1",
        "elementor_library_type": "header",
        "elementor_pro_conditions": [
            "include\/general"
        ],
        "additional_template_information": [
            "This is a \"Header\" template for Elementor Pro.",
            "This template will display on: Entire Site."
        ],
        "wp_page_template": "default"
    },
    "content": [
        {
            "id": "51661414",
            "settings": {
                "layout": "full_width",
                "gap": "wider",
                "structure": "20",
                "z_index": 5,
                "margin": {
                    "unit": "px",
                    "top": "0",
                    "right": 0,
                    "bottom": "-92",
                    "left": 0,
                    "isLinked": false
                },
                "margin_tablet": {
                    "unit": "px",
                    "top": "0",
                    "right": 0,
                    "bottom": "-80",
                    "left": 0,
                    "isLinked": false
                },
                "margin_mobile": {
                    "unit": "px",
                    "top": "0",
                    "right": 0,
                    "bottom": "-95",
                    "left": 0,
                    "isLinked": false
                },
                "padding": {
                    "unit": "px",
                    "top": "30",
                    "right": "0",
                    "bottom": "30",
                    "left": "0",
                    "isLinked": false
                }
            },
            "elements": [
                {
                    "id": "572711f2",
                    "settings": {
                        "_column_size": 50,
                        "_inline_size": 33.015,
                        "content_position": "center",
                        "_inline_size_mobile": 50,
                        "padding_mobile": {
                            "unit": "px",
                            "top": "0",
                            "right": "0",
                            "bottom": "0",
                            "left": "30",
                            "isLinked": false
                        },
                        "padding": {
                            "unit": "px",
                            "top": "0",
                            "right": "30",
                            "bottom": "0",
                            "left": "30",
                            "isLinked": false
                        }
                    },
                    "elements": [
                        {
                            "id": "6ef4c773",
                            "settings": {
                                "image": {
                                    "url": "https:\/\/kit.detheme.com\/allfresh\/wp-content\/uploads\/sites\/9\/2020\/08\/light.png",
                                    "id": 340
                                },
                                "align": "left",
                                "width": {
                                    "unit": "px",
                                    "size": 140,
                                    "sizes": []
                                },
                                "_element_width": "auto",
                                "_margin": {
                                    "unit": "px",
                                    "top": "0",
                                    "right": "24",
                                    "bottom": "0",
                                    "left": "0",
                                    "isLinked": false
                                },
                                "width_mobile": {
                                    "unit": "px",
                                    "size": 98,
                                    "sizes": []
                                }
                            },
                            "elements": [],
                            "isInner": false,
                            "widgetType": "image",
                            "elType": "widget"
                        },
                        {
                            "id": "5ab014ad",
                            "settings": {
                                "image": {
                                    "url": "https:\/\/kit.detheme.com\/allfresh\/wp-content\/uploads\/sites\/9\/2020\/08\/menu-double-black.png",
                                    "id": 747
                                },
                                "width": {
                                    "unit": "px",
                                    "size": 22,
                                    "sizes": []
                                },
                                "_element_width": "auto",
                                "link_to": "custom",
                                "__dynamic__": {
                                    "link": "[elementor-tag id=\"487acec\" name=\"popup\" settings=\"%7B%22popup%22%3A%22705%22%7D\"]"
                                },
                                "hide_mobile": "hidden-phone"
                            },
                            "elements": [],
                            "isInner": false,
                            "widgetType": "image",
                            "elType": "widget"
                        }
                    ],
                    "isInner": false,
                    "elType": "column"
                },
                {
                    "id": "67234b48",
                    "settings": {
                        "_column_size": 50,
                        "_inline_size": 66.985,
                        "content_position": "center",
                        "align": "flex-end",
                        "content_position_tablet": "center",
                        "_inline_size_mobile": 50,
                        "padding_mobile": {
                            "unit": "px",
                            "top": "0",
                            "right": "30",
                            "bottom": "0",
                            "left": "0",
                            "isLinked": false
                        },
                        "padding": {
                            "unit": "px",
                            "top": "0",
                            "right": "30",
                            "bottom": "0",
                            "left": "30",
                            "isLinked": false
                        }
                    },
                    "elements": [
                        {
                            "id": "1ecb5abc",
                            "settings": {
                                "_element_width": "initial",
                                "pointer": "none",
                                "menu_typography_typography": "custom",
                                "menu_typography_font_size": {
                                    "unit": "px",
                                    "size": 15,
                                    "sizes": []
                                },
                                "menu_typography_font_weight": "600",
                                "color_menu_item": "#333333",
                                "color_menu_item_hover": "#6AB462",
                                "color_menu_item_active": "#6AB462",
                                "padding_horizontal_menu_item": {
                                    "unit": "px",
                                    "size": 0,
                                    "sizes": []
                                },
                                "menu_space_between": {
                                    "unit": "px",
                                    "size": 48,
                                    "sizes": []
                                },
                                "_margin": {
                                    "unit": "px",
                                    "top": "0",
                                    "right": "16",
                                    "bottom": "0",
                                    "left": "0",
                                    "isLinked": false
                                },
                                "align_items": "right",
                                "_element_custom_width": {
                                    "unit": "%",
                                    "size": 70,
                                    "sizes": []
                                },
                                "full_width": "stretch",
                                "color_dropdown_item": "#333333",
                                "dropdown_border_border": "solid",
                                "dropdown_border_width_tablet": {
                                    "unit": "px",
                                    "top": "20",
                                    "right": "0",
                                    "bottom": "20",
                                    "left": "0",
                                    "isLinked": false
                                },
                                "dropdown_border_color": "#FFFFFF",
                                "dropdown_box_shadow_box_shadow_type": "yes",
                                "dropdown_box_shadow_box_shadow": {
                                    "horizontal": 0,
                                    "vertical": 10,
                                    "blur": 30,
                                    "spread": -12,
                                    "color": "rgba(0, 0, 0, 0.15)"
                                },
                                "padding_horizontal_dropdown_item_tablet": {
                                    "unit": "px",
                                    "size": 31,
                                    "sizes": []
                                },
                                "padding_vertical_dropdown_item_tablet": {
                                    "unit": "px",
                                    "size": 12,
                                    "sizes": []
                                },
                                "toggle_color": "#333333",
                                "toggle_background_color": "rgba(2, 1, 1, 0)",
                                "_margin_tablet": {
                                    "unit": "px",
                                    "top": "0",
                                    "right": "0",
                                    "bottom": "0",
                                    "left": "0",
                                    "isLinked": false
                                },
                                "_padding_tablet": {
                                    "unit": "px",
                                    "top": "0",
                                    "right": "0",
                                    "bottom": "0",
                                    "left": "0",
                                    "isLinked": false
                                },
                                "_element_width_tablet": "auto",
                                "indicator": "none",
                                "color_dropdown_item_hover": "#6AB462",
                                "background_color_dropdown_item_hover": "rgba(2, 1, 1, 0)",
                                "color_dropdown_item_active": "#6AB462",
                                "dropdown_typography_typography": "custom",
                                "dropdown_typography_font_size": {
                                    "unit": "px",
                                    "size": 16,
                                    "sizes": []
                                },
                                "dropdown_border_width": {
                                    "unit": "px",
                                    "top": "16",
                                    "right": "16",
                                    "bottom": "16",
                                    "left": "0",
                                    "isLinked": false
                                },
                                "padding_vertical_dropdown_item": {
                                    "unit": "px",
                                    "size": 10,
                                    "sizes": []
                                }
                            },
                            "elements": [],
                            "isInner": false,
                            "widgetType": "nav-menu",
                            "elType": "widget"
                        },
                        {
                            "id": "3aaf8435",
                            "settings": {
                                "skin": "full_screen",
                                "placeholder": "Search...",
                                "button_text": "Search",
                                "toggle_background_color": "rgba(2, 1, 1, 0)",
                                "toggle_icon_size": {
                                    "unit": "px",
                                    "size": 41,
                                    "sizes": []
                                },
                                "_margin": {
                                    "unit": "px",
                                    "top": "0",
                                    "right": "16",
                                    "bottom": "0",
                                    "left": "0",
                                    "isLinked": false
                                },
                                "_element_width": "auto",
                                "_margin_mobile": {
                                    "unit": "px",
                                    "top": "0",
                                    "right": "0",
                                    "bottom": "0",
                                    "left": "0",
                                    "isLinked": false
                                }
                            },
                            "elements": [],
                            "isInner": false,
                            "widgetType": "search-form",
                            "elType": "widget"
                        },
                        {
                            "id": "41d200a0",
                            "settings": {
                                "toggle_button_border_width": {
                                    "unit": "px",
                                    "size": 0,
                                    "sizes": []
                                },
                                "_element_width": "auto",
                                "toggle_button_text_color": "#333333",
                                "toggle_button_background_color": "rgba(2, 1, 1, 0)",
                                "items_indicator_background_color": "#6AB462",
                                "toggle_button_typography_typography": "custom",
                                "toggle_button_typography_font_size": {
                                    "unit": "px",
                                    "size": 14,
                                    "sizes": []
                                },
                                "toggle_button_typography_letter_spacing": {
                                    "unit": "px",
                                    "size": 0,
                                    "sizes": []
                                },
                                "toggle_button_padding": {
                                    "unit": "px",
                                    "top": "0",
                                    "right": "0",
                                    "bottom": "0",
                                    "left": "0",
                                    "isLinked": false
                                },
                                "subtotal_color": "#333333",
                                "subtotal_typography_typography": "custom",
                                "subtotal_typography_font_size": {
                                    "unit": "px",
                                    "size": 16,
                                    "sizes": []
                                },
                                "subtotal_typography_font_weight": "500",
                                "product_title_color": "#333333",
                                "product_title_typography_typography": "custom",
                                "product_title_typography_font_size": {
                                    "unit": "px",
                                    "size": 16,
                                    "sizes": []
                                },
                                "product_price_color": "#6AB462",
                                "divider_color": "#DEDEDE",
                                "space_between_buttons": {
                                    "unit": "px",
                                    "size": 4,
                                    "sizes": []
                                },
                                "product_buttons_typography_typography": "custom",
                                "product_buttons_typography_font_size": {
                                    "unit": "px",
                                    "size": 11,
                                    "sizes": []
                                },
                                "product_buttons_typography_letter_spacing": {
                                    "unit": "px",
                                    "size": 2,
                                    "sizes": []
                                }
                            },
                            "elements": [],
                            "isInner": false,
                            "widgetType": "woocommerce-menu-cart",
                            "elType": "widget"
                        }
                    ],
                    "isInner": false,
                    "elType": "column"
                }
            ],
            "isInner": false,
            "elType": "section"
        },
        {
            "id": "1b6bb005",
            "settings": {
                "layout": "full_width",
                "gap": "wider",
                "structure": "20",
                "z_index": 5,
                "margin": {
                    "unit": "px",
                    "top": "0",
                    "right": 0,
                    "bottom": "0",
                    "left": 0,
                    "isLinked": false
                },
                "padding": {
                    "unit": "px",
                    "top": "16",
                    "right": "0",
                    "bottom": "16",
                    "left": "0",
                    "isLinked": false
                },
                "de_sticky_section_sticky": "yes",
                "de_sticky_section_sticky_z_index": 999,
                "de_sticky_section_sticky_margin": {
                    "unit": "px",
                    "top": "0",
                    "right": 0,
                    "bottom": "-106",
                    "left": 0,
                    "isLinked": false
                },
                "de_sticky_section_sticky_background_background": "classic",
                "de_sticky_section_sticky_background_color": "#FFFFFF",
                "de_sticky_section_sticky_box_shadow_box_shadow_type": "yes",
                "de_sticky_section_sticky_box_shadow_box_shadow": {
                    "horizontal": 0,
                    "vertical": 1,
                    "blur": 0,
                    "spread": 0,
                    "color": "#DEDEDE"
                },
                "de_sticky_section_sticky_transition": {
                    "unit": "px",
                    "size": 0.7,
                    "sizes": []
                }
            },
            "elements": [
                {
                    "id": "154c68d7",
                    "settings": {
                        "_column_size": 50,
                        "_inline_size": 33.015,
                        "content_position": "center",
                        "_inline_size_mobile": 50,
                        "padding_mobile": {
                            "unit": "px",
                            "top": "16",
                            "right": "0",
                            "bottom": "16",
                            "left": "30",
                            "isLinked": false
                        },
                        "padding": {
                            "unit": "px",
                            "top": "0",
                            "right": "30",
                            "bottom": "0",
                            "left": "30",
                            "isLinked": false
                        }
                    },
                    "elements": [
                        {
                            "id": "36e95c6d",
                            "settings": {
                                "image": {
                                    "url": "https:\/\/kit.detheme.com\/allfresh\/wp-content\/uploads\/sites\/9\/2020\/08\/light.png",
                                    "id": 340
                                },
                                "align": "left",
                                "width": {
                                    "unit": "px",
                                    "size": 140,
                                    "sizes": []
                                },
                                "_element_width": "auto",
                                "_margin": {
                                    "unit": "px",
                                    "top": "0",
                                    "right": "24",
                                    "bottom": "0",
                                    "left": "0",
                                    "isLinked": false
                                },
                                "width_mobile": {
                                    "unit": "px",
                                    "size": 98,
                                    "sizes": []
                                }
                            },
                            "elements": [],
                            "isInner": false,
                            "widgetType": "image",
                            "elType": "widget"
                        },
                        {
                            "id": "5843662d",
                            "settings": {
                                "image": {
                                    "url": "https:\/\/kit.detheme.com\/allfresh\/wp-content\/uploads\/sites\/9\/2020\/08\/menu-double-black.png",
                                    "id": 747
                                },
                                "width": {
                                    "unit": "px",
                                    "size": 22,
                                    "sizes": []
                                },
                                "_element_width": "auto",
                                "link_to": "custom",
                                "__dynamic__": {
                                    "link": "[elementor-tag id=\"487acec\" name=\"popup\" settings=\"%7B%22popup%22%3A%22705%22%7D\"]"
                                },
                                "hide_mobile": "hidden-phone"
                            },
                            "elements": [],
                            "isInner": false,
                            "widgetType": "image",
                            "elType": "widget"
                        }
                    ],
                    "isInner": false,
                    "elType": "column"
                },
                {
                    "id": "3e970073",
                    "settings": {
                        "_column_size": 50,
                        "_inline_size": 66.985,
                        "content_position": "center",
                        "align": "flex-end",
                        "content_position_tablet": "center",
                        "_inline_size_mobile": 50,
                        "padding_mobile": {
                            "unit": "px",
                            "top": "16",
                            "right": "30",
                            "bottom": "16",
                            "left": "0",
                            "isLinked": false
                        },
                        "padding": {
                            "unit": "px",
                            "top": "0",
                            "right": "30",
                            "bottom": "0",
                            "left": "30",
                            "isLinked": false
                        }
                    },
                    "elements": [
                        {
                            "id": "1e430097",
                            "settings": {
                                "_element_width": "initial",
                                "pointer": "none",
                                "menu_typography_typography": "custom",
                                "menu_typography_font_size": {
                                    "unit": "px",
                                    "size": 15,
                                    "sizes": []
                                },
                                "menu_typography_font_weight": "600",
                                "color_menu_item": "#333333",
                                "color_menu_item_hover": "#6AB462",
                                "color_menu_item_active": "#6AB462",
                                "padding_horizontal_menu_item": {
                                    "unit": "px",
                                    "size": 0,
                                    "sizes": []
                                },
                                "menu_space_between": {
                                    "unit": "px",
                                    "size": 48,
                                    "sizes": []
                                },
                                "_margin": {
                                    "unit": "px",
                                    "top": "0",
                                    "right": "16",
                                    "bottom": "0",
                                    "left": "0",
                                    "isLinked": false
                                },
                                "align_items": "right",
                                "_element_custom_width": {
                                    "unit": "%",
                                    "size": 70,
                                    "sizes": []
                                },
                                "full_width": "stretch",
                                "color_dropdown_item": "#333333",
                                "dropdown_border_border": "solid",
                                "dropdown_border_width_tablet": {
                                    "unit": "px",
                                    "top": "20",
                                    "right": "0",
                                    "bottom": "20",
                                    "left": "0",
                                    "isLinked": false
                                },
                                "dropdown_border_color": "#FFFFFF",
                                "dropdown_box_shadow_box_shadow_type": "yes",
                                "dropdown_box_shadow_box_shadow": {
                                    "horizontal": 0,
                                    "vertical": 10,
                                    "blur": 30,
                                    "spread": -12,
                                    "color": "rgba(0, 0, 0, 0.15)"
                                },
                                "padding_horizontal_dropdown_item_tablet": {
                                    "unit": "px",
                                    "size": 31,
                                    "sizes": []
                                },
                                "padding_vertical_dropdown_item_tablet": {
                                    "unit": "px",
                                    "size": 12,
                                    "sizes": []
                                },
                                "toggle_color": "#333333",
                                "_margin_tablet": {
                                    "unit": "px",
                                    "top": "0",
                                    "right": "0",
                                    "bottom": "0",
                                    "left": "0",
                                    "isLinked": false
                                },
                                "_padding_tablet": {
                                    "unit": "px",
                                    "top": "0",
                                    "right": "0",
                                    "bottom": "0",
                                    "left": "0",
                                    "isLinked": false
                                },
                                "_element_width_tablet": "auto",
                                "indicator": "none",
                                "color_dropdown_item_hover": "#6AB462",
                                "background_color_dropdown_item_hover": "rgba(2, 1, 1, 0)",
                                "color_dropdown_item_active": "#6AB462",
                                "dropdown_typography_typography": "custom",
                                "dropdown_typography_font_size": {
                                    "unit": "px",
                                    "size": 16,
                                    "sizes": []
                                },
                                "dropdown_border_width": {
                                    "unit": "px",
                                    "top": "16",
                                    "right": "16",
                                    "bottom": "16",
                                    "left": "0",
                                    "isLinked": false
                                },
                                "padding_vertical_dropdown_item": {
                                    "unit": "px",
                                    "size": 10,
                                    "sizes": []
                                },
                                "__globals__": {
                                    "toggle_background_color": "globals\/colors?id=214de4f9"
                                }
                            },
                            "elements": [],
                            "isInner": false,
                            "widgetType": "nav-menu",
                            "elType": "widget"
                        },
                        {
                            "id": "69934e4b",
                            "settings": {
                                "skin": "full_screen",
                                "placeholder": "Search...",
                                "button_text": "Search",
                                "toggle_background_color": "rgba(2, 1, 1, 0)",
                                "toggle_icon_size": {
                                    "unit": "px",
                                    "size": 41,
                                    "sizes": []
                                },
                                "_margin": {
                                    "unit": "px",
                                    "top": "0",
                                    "right": "16",
                                    "bottom": "0",
                                    "left": "0",
                                    "isLinked": false
                                },
                                "_element_width": "auto",
                                "_margin_mobile": {
                                    "unit": "px",
                                    "top": "0",
                                    "right": "0",
                                    "bottom": "0",
                                    "left": "0",
                                    "isLinked": false
                                }
                            },
                            "elements": [],
                            "isInner": false,
                            "widgetType": "search-form",
                            "elType": "widget"
                        },
                        {
                            "id": "3528c16e",
                            "settings": {
                                "toggle_button_border_width": {
                                    "unit": "px",
                                    "size": 0,
                                    "sizes": []
                                },
                                "_element_width": "auto",
                                "toggle_button_text_color": "#333333",
                                "toggle_button_background_color": "rgba(2, 1, 1, 0)",
                                "items_indicator_background_color": "#6AB462",
                                "toggle_button_typography_typography": "custom",
                                "toggle_button_typography_font_size": {
                                    "unit": "px",
                                    "size": 14,
                                    "sizes": []
                                },
                                "toggle_button_typography_letter_spacing": {
                                    "unit": "px",
                                    "size": 0,
                                    "sizes": []
                                },
                                "toggle_button_padding": {
                                    "unit": "px",
                                    "top": "0",
                                    "right": "0",
                                    "bottom": "0",
                                    "left": "0",
                                    "isLinked": false
                                },
                                "subtotal_color": "#333333",
                                "subtotal_typography_typography": "custom",
                                "subtotal_typography_font_size": {
                                    "unit": "px",
                                    "size": 16,
                                    "sizes": []
                                },
                                "subtotal_typography_font_weight": "500",
                                "product_title_color": "#333333",
                                "product_title_typography_typography": "custom",
                                "product_title_typography_font_size": {
                                    "unit": "px",
                                    "size": 16,
                                    "sizes": []
                                },
                                "product_price_color": "#6AB462",
                                "divider_color": "#DEDEDE",
                                "space_between_buttons": {
                                    "unit": "px",
                                    "size": 4,
                                    "sizes": []
                                },
                                "product_buttons_typography_typography": "custom",
                                "product_buttons_typography_font_size": {
                                    "unit": "px",
                                    "size": 11,
                                    "sizes": []
                                },
                                "product_buttons_typography_letter_spacing": {
                                    "unit": "px",
                                    "size": 2,
                                    "sizes": []
                                }
                            },
                            "elements": [],
                            "isInner": false,
                            "widgetType": "woocommerce-menu-cart",
                            "elType": "widget"
                        }
                    ],
                    "isInner": false,
                    "elType": "column"
                }
            ],
            "isInner": false,
            "elType": "section"
        }
    ]
}