{
    "version": "0.4",
    "title": "Portfolio",
    "type": "page",
    "metadata": {
        "template_type": "single-page",
        "include_in_zip": "1",
        "elementor_pro_required": "1",
        "wp_page_template": "elementor_header_footer"
    },
    "content": [
        {
            "id": "cd88fc9",
            "settings": {
                "gap": "wider",
                "height": "min-height",
                "custom_height": {
                    "unit": "px",
                    "size": 300,
                    "sizes": []
                },
                "background_background": "classic",
                "background_image": {
                    "url": "https:\/\/kit.detheme.com\/allfresh\/wp-content\/uploads\/sites\/9\/2020\/08\/closeup-of-farmer-holding-box-of-vegetables-HCQKB4T.jpg",
                    "id": 740
                },
                "background_position": "bottom center",
                "background_xpos": {
                    "unit": "%",
                    "size": 50,
                    "sizes": []
                },
                "background_ypos": {
                    "unit": "%",
                    "size": 32,
                    "sizes": []
                },
                "background_size": "cover",
                "background_overlay_background": "classic",
                "background_overlay_color": "#000000",
                "background_overlay_opacity": {
                    "unit": "px",
                    "size": 0.29,
                    "sizes": []
                },
                "overlay_blend_mode": "multiply",
                "shape_divider_top": "wave-brush",
                "shape_divider_top_width": {
                    "unit": "%",
                    "size": 700,
                    "sizes": []
                },
                "shape_divider_top_height": {
                    "unit": "px",
                    "size": 45,
                    "sizes": []
                },
                "shape_divider_top_flip": "yes",
                "shape_divider_bottom": "wave-brush",
                "shape_divider_bottom_width": {
                    "unit": "%",
                    "size": 178,
                    "sizes": []
                },
                "shape_divider_bottom_height": {
                    "unit": "px",
                    "size": 18,
                    "sizes": []
                },
                "shape_divider_bottom_flip": "yes",
                "margin": {
                    "unit": "px",
                    "top": "-16",
                    "right": 0,
                    "bottom": "0",
                    "left": 0,
                    "isLinked": false
                },
                "padding": {
                    "unit": "px",
                    "top": "48",
                    "right": "0",
                    "bottom": "48",
                    "left": "0",
                    "isLinked": false
                },
                "custom_height_mobile": {
                    "unit": "px",
                    "size": 200,
                    "sizes": []
                },
                "margin_mobile": {
                    "unit": "px",
                    "top": "-32",
                    "right": 0,
                    "bottom": "0",
                    "left": 0,
                    "isLinked": false
                },
                "background_motion_fx_motion_fx_scrolling": "yes",
                "background_motion_fx_translateY_effect": "yes",
                "background_motion_fx_translateY_speed": {
                    "unit": "px",
                    "size": 10,
                    "sizes": []
                }
            },
            "elements": [
                {
                    "id": "6d68135a",
                    "settings": {
                        "_column_size": 100,
                        "_inline_size": null
                    },
                    "elements": [
                        {
                            "id": "47d3a407",
                            "settings": {
                                "title": "Portfolio",
                                "header_size": "h1",
                                "align": "center",
                                "title_color": "#FFFFFF"
                            },
                            "elements": [],
                            "isInner": false,
                            "widgetType": "heading",
                            "elType": "widget"
                        }
                    ],
                    "isInner": false,
                    "elType": "column"
                }
            ],
            "isInner": false,
            "elType": "section"
        },
        {
            "id": "2d873c33",
            "settings": {
                "gap": "wider",
                "padding": {
                    "unit": "px",
                    "top": "96",
                    "right": "0",
                    "bottom": "96",
                    "left": "0",
                    "isLinked": false
                },
                "padding_tablet": {
                    "unit": "px",
                    "top": "48",
                    "right": "0",
                    "bottom": "48",
                    "left": "0",
                    "isLinked": false
                },
                "overflow": "hidden",
                "layout": "full_width"
            },
            "elements": [
                {
                    "id": "70970a06",
                    "settings": {
                        "_column_size": 100,
                        "_inline_size": null,
                        "padding": {
                            "unit": "px",
                            "top": "10",
                            "right": "10",
                            "bottom": "10",
                            "left": "10",
                            "isLinked": true
                        },
                        "padding_mobile": {
                            "unit": "px",
                            "top": "30",
                            "right": "30",
                            "bottom": "30",
                            "left": "30",
                            "isLinked": true
                        }
                    },
                    "elements": [
                        {
                            "id": "5bc3ad4e",
                            "settings": {
                                "dethemekit_gallery_img_size_select": "metro",
                                "dethemekit_gallery_images_fit": "cover",
                                "dethemekit_gallery_column_number": "25%",
                                "dethemekit_gallery_load_more_text": "Load More",
                                "dethemekit_gallery_first_cat_label": "All",
                                "dethemekit_gallery_cats_content": [
                                    {
                                        "dethemekit_gallery_img_cat": "Terrarium",
                                        "_id": "38da814",
                                        "dethemekit_gallery_img_cat_rotation": ""
                                    },
                                    {
                                        "dethemekit_gallery_img_cat": "Apostrophe",
                                        "_id": "016605d",
                                        "dethemekit_gallery_img_cat_rotation": ""
                                    },
                                    {
                                        "dethemekit_gallery_img_cat": "Colibri",
                                        "dethemekit_gallery_img_cat_rotation": "",
                                        "_id": "71f9992"
                                    }
                                ],
                                "dethemekit_gallery_img_content": [
                                    {
                                        "dethemekit_gallery_img_name": "Nullam id dolor",
                                        "dethemekit_gallery_img_category": "Terrarium",
                                        "_id": "1de9c2a",
                                        "dethemekit_gallery_img": {
                                            "url": "https:\/\/kit.detheme.com\/allfresh\/wp-content\/uploads\/sites\/9\/2020\/08\/carrots-harvest-F5PK8RD.jpg",
                                            "id": 471
                                        },
                                        "dethemekit_gallery_image_cell": {
                                            "unit": "px",
                                            "size": 4,
                                            "sizes": []
                                        },
                                        "dethemekit_gallery_image_cell_tablet": {
                                            "unit": "px",
                                            "size": "",
                                            "sizes": []
                                        },
                                        "dethemekit_gallery_image_cell_mobile": {
                                            "unit": "px",
                                            "size": 12,
                                            "sizes": []
                                        },
                                        "dethemekit_gallery_image_vcell": {
                                            "unit": "px",
                                            "size": 6,
                                            "sizes": []
                                        },
                                        "dethemekit_gallery_image_vcell_tablet": {
                                            "unit": "px",
                                            "size": "",
                                            "sizes": []
                                        },
                                        "dethemekit_gallery_image_vcell_mobile": {
                                            "unit": "px",
                                            "size": 12,
                                            "sizes": []
                                        },
                                        "dethemekit_gallery_video": "",
                                        "dethemekit_gallery_video_type": "youtube",
                                        "dethemekit_gallery_video_url": "",
                                        "dethemekit_gallery_video_self": {
                                            "url": "",
                                            "id": ""
                                        },
                                        "dethemekit_gallery_video_self_url": "",
                                        "dethemekit_gallery_video_controls": "true",
                                        "dethemekit_gallery_video_mute": "",
                                        "dethemekit_gallery_img_desc": "Terrarium",
                                        "dethemekit_gallery_img_link_type": "url",
                                        "dethemekit_gallery_img_link": {
                                            "url": "#",
                                            "is_external": "",
                                            "nofollow": "",
                                            "custom_attributes": ""
                                        },
                                        "dethemekit_gallery_img_existing": "",
                                        "dethemekit_gallery_link_whole": "",
                                        "dethemekit_gallery_lightbox_whole": ""
                                    },
                                    {
                                        "dethemekit_gallery_img_name": "Egestas sit",
                                        "dethemekit_gallery_img_category": "Apostrophe",
                                        "_id": "4f8758e",
                                        "dethemekit_gallery_img": {
                                            "url": "https:\/\/kit.detheme.com\/allfresh\/wp-content\/uploads\/sites\/9\/2020\/08\/new-harvest-PL4SMB3.jpg",
                                            "id": 486
                                        },
                                        "dethemekit_gallery_image_cell": {
                                            "unit": "px",
                                            "size": 4,
                                            "sizes": []
                                        },
                                        "dethemekit_gallery_image_cell_tablet": {
                                            "unit": "px",
                                            "size": "",
                                            "sizes": []
                                        },
                                        "dethemekit_gallery_image_cell_mobile": {
                                            "unit": "px",
                                            "size": 12,
                                            "sizes": []
                                        },
                                        "dethemekit_gallery_image_vcell": {
                                            "unit": "px",
                                            "size": 3,
                                            "sizes": []
                                        },
                                        "dethemekit_gallery_image_vcell_tablet": {
                                            "unit": "px",
                                            "size": "",
                                            "sizes": []
                                        },
                                        "dethemekit_gallery_image_vcell_mobile": {
                                            "unit": "px",
                                            "size": 12,
                                            "sizes": []
                                        },
                                        "dethemekit_gallery_video": "",
                                        "dethemekit_gallery_video_type": "youtube",
                                        "dethemekit_gallery_video_url": "",
                                        "dethemekit_gallery_video_self": {
                                            "url": "",
                                            "id": ""
                                        },
                                        "dethemekit_gallery_video_self_url": "",
                                        "dethemekit_gallery_video_controls": "true",
                                        "dethemekit_gallery_video_mute": "",
                                        "dethemekit_gallery_img_desc": "Apostrophe",
                                        "dethemekit_gallery_img_link_type": "url",
                                        "dethemekit_gallery_img_link": {
                                            "url": "#",
                                            "is_external": "",
                                            "nofollow": "",
                                            "custom_attributes": ""
                                        },
                                        "dethemekit_gallery_img_existing": "",
                                        "dethemekit_gallery_link_whole": "",
                                        "dethemekit_gallery_lightbox_whole": ""
                                    },
                                    {
                                        "dethemekit_gallery_img_name": "Ridiculus vestibulum",
                                        "dethemekit_gallery_img_category": "Colibri",
                                        "dethemekit_gallery_img": {
                                            "url": "https:\/\/kit.detheme.com\/allfresh\/wp-content\/uploads\/sites\/9\/2020\/08\/harvest-in-basket-PLBEUEN.jpg",
                                            "id": 485
                                        },
                                        "dethemekit_gallery_image_cell": {
                                            "unit": "px",
                                            "size": 4,
                                            "sizes": []
                                        },
                                        "dethemekit_gallery_image_cell_tablet": {
                                            "unit": "px",
                                            "size": "",
                                            "sizes": []
                                        },
                                        "dethemekit_gallery_image_cell_mobile": {
                                            "unit": "px",
                                            "size": 12,
                                            "sizes": []
                                        },
                                        "dethemekit_gallery_image_vcell": {
                                            "unit": "px",
                                            "size": 3,
                                            "sizes": []
                                        },
                                        "dethemekit_gallery_image_vcell_tablet": {
                                            "unit": "px",
                                            "size": "",
                                            "sizes": []
                                        },
                                        "dethemekit_gallery_image_vcell_mobile": {
                                            "unit": "px",
                                            "size": 12,
                                            "sizes": []
                                        },
                                        "dethemekit_gallery_video": "",
                                        "dethemekit_gallery_video_type": "youtube",
                                        "dethemekit_gallery_video_url": "",
                                        "dethemekit_gallery_video_self": {
                                            "url": "",
                                            "id": ""
                                        },
                                        "dethemekit_gallery_video_self_url": "",
                                        "dethemekit_gallery_video_controls": "true",
                                        "dethemekit_gallery_video_mute": "",
                                        "dethemekit_gallery_img_desc": "Colibri",
                                        "dethemekit_gallery_img_link_type": "url",
                                        "dethemekit_gallery_img_link": {
                                            "url": "#",
                                            "is_external": "",
                                            "nofollow": "",
                                            "custom_attributes": ""
                                        },
                                        "dethemekit_gallery_img_existing": "",
                                        "dethemekit_gallery_link_whole": "",
                                        "dethemekit_gallery_lightbox_whole": "",
                                        "_id": "1e1164d"
                                    },
                                    {
                                        "dethemekit_gallery_img_name": "Vehicula ut elit",
                                        "dethemekit_gallery_img_category": "Terrarium",
                                        "dethemekit_gallery_img": {
                                            "url": "https:\/\/kit.detheme.com\/allfresh\/wp-content\/uploads\/sites\/9\/2020\/08\/food-vegetable-colorful-background-tasty-fresh-veg-UP84QKF.jpg",
                                            "id": 673
                                        },
                                        "dethemekit_gallery_image_cell": {
                                            "unit": "px",
                                            "size": 8,
                                            "sizes": []
                                        },
                                        "dethemekit_gallery_image_cell_tablet": {
                                            "unit": "px",
                                            "size": "",
                                            "sizes": []
                                        },
                                        "dethemekit_gallery_image_cell_mobile": {
                                            "unit": "px",
                                            "size": 12,
                                            "sizes": []
                                        },
                                        "dethemekit_gallery_image_vcell": {
                                            "unit": "px",
                                            "size": 3,
                                            "sizes": []
                                        },
                                        "dethemekit_gallery_image_vcell_tablet": {
                                            "unit": "px",
                                            "size": "",
                                            "sizes": []
                                        },
                                        "dethemekit_gallery_image_vcell_mobile": {
                                            "unit": "px",
                                            "size": 12,
                                            "sizes": []
                                        },
                                        "dethemekit_gallery_video": "",
                                        "dethemekit_gallery_video_type": "youtube",
                                        "dethemekit_gallery_video_url": "",
                                        "dethemekit_gallery_video_self": {
                                            "url": "",
                                            "id": ""
                                        },
                                        "dethemekit_gallery_video_self_url": "",
                                        "dethemekit_gallery_video_controls": "true",
                                        "dethemekit_gallery_video_mute": "",
                                        "dethemekit_gallery_img_desc": "Terrarium",
                                        "dethemekit_gallery_img_link_type": "url",
                                        "dethemekit_gallery_img_link": {
                                            "url": "#",
                                            "is_external": "",
                                            "nofollow": "",
                                            "custom_attributes": ""
                                        },
                                        "dethemekit_gallery_img_existing": "",
                                        "dethemekit_gallery_link_whole": "",
                                        "dethemekit_gallery_lightbox_whole": "",
                                        "_id": "0e83a2e"
                                    },
                                    {
                                        "dethemekit_gallery_img_name": "Condimentum ullamcorper",
                                        "dethemekit_gallery_img_category": "Apostrophe",
                                        "dethemekit_gallery_img": {
                                            "url": "https:\/\/kit.detheme.com\/allfresh\/wp-content\/uploads\/sites\/9\/2020\/08\/fresh-organic-vegetables-on-wooden-table-NFYGQZE.jpg",
                                            "id": 141
                                        },
                                        "dethemekit_gallery_image_cell": {
                                            "unit": "px",
                                            "size": 5,
                                            "sizes": []
                                        },
                                        "dethemekit_gallery_image_cell_tablet": {
                                            "unit": "px",
                                            "size": "",
                                            "sizes": []
                                        },
                                        "dethemekit_gallery_image_cell_mobile": {
                                            "unit": "px",
                                            "size": 12,
                                            "sizes": []
                                        },
                                        "dethemekit_gallery_image_vcell": {
                                            "unit": "px",
                                            "size": 4,
                                            "sizes": []
                                        },
                                        "dethemekit_gallery_image_vcell_tablet": {
                                            "unit": "px",
                                            "size": "",
                                            "sizes": []
                                        },
                                        "dethemekit_gallery_image_vcell_mobile": {
                                            "unit": "px",
                                            "size": 12,
                                            "sizes": []
                                        },
                                        "dethemekit_gallery_video": "",
                                        "dethemekit_gallery_video_type": "youtube",
                                        "dethemekit_gallery_video_url": "",
                                        "dethemekit_gallery_video_self": {
                                            "url": "",
                                            "id": ""
                                        },
                                        "dethemekit_gallery_video_self_url": "",
                                        "dethemekit_gallery_video_controls": "true",
                                        "dethemekit_gallery_video_mute": "",
                                        "dethemekit_gallery_img_desc": "Apostrophe",
                                        "dethemekit_gallery_img_link_type": "url",
                                        "dethemekit_gallery_img_link": {
                                            "url": "#",
                                            "is_external": "",
                                            "nofollow": "",
                                            "custom_attributes": ""
                                        },
                                        "dethemekit_gallery_img_existing": "",
                                        "dethemekit_gallery_link_whole": "",
                                        "dethemekit_gallery_lightbox_whole": "",
                                        "_id": "6ad58cd"
                                    },
                                    {
                                        "dethemekit_gallery_img_name": "Malesuada inceptos",
                                        "dethemekit_gallery_img_category": "Colibri",
                                        "dethemekit_gallery_img": {
                                            "url": "https:\/\/kit.detheme.com\/allfresh\/wp-content\/uploads\/sites\/9\/2020\/08\/harvest-beets-and-carrots-L5BUW78.jpg",
                                            "id": 472
                                        },
                                        "dethemekit_gallery_image_cell": {
                                            "unit": "px",
                                            "size": 3,
                                            "sizes": []
                                        },
                                        "dethemekit_gallery_image_cell_tablet": {
                                            "unit": "px",
                                            "size": "",
                                            "sizes": []
                                        },
                                        "dethemekit_gallery_image_cell_mobile": {
                                            "unit": "px",
                                            "size": 12,
                                            "sizes": []
                                        },
                                        "dethemekit_gallery_image_vcell": {
                                            "unit": "px",
                                            "size": 4,
                                            "sizes": []
                                        },
                                        "dethemekit_gallery_image_vcell_tablet": {
                                            "unit": "px",
                                            "size": "",
                                            "sizes": []
                                        },
                                        "dethemekit_gallery_image_vcell_mobile": {
                                            "unit": "px",
                                            "size": 12,
                                            "sizes": []
                                        },
                                        "dethemekit_gallery_video": "",
                                        "dethemekit_gallery_video_type": "youtube",
                                        "dethemekit_gallery_video_url": "",
                                        "dethemekit_gallery_video_self": {
                                            "url": "",
                                            "id": ""
                                        },
                                        "dethemekit_gallery_video_self_url": "",
                                        "dethemekit_gallery_video_controls": "true",
                                        "dethemekit_gallery_video_mute": "",
                                        "dethemekit_gallery_img_desc": "Colibri",
                                        "dethemekit_gallery_img_link_type": "url",
                                        "dethemekit_gallery_img_link": {
                                            "url": "#",
                                            "is_external": "",
                                            "nofollow": "",
                                            "custom_attributes": ""
                                        },
                                        "dethemekit_gallery_img_existing": "",
                                        "dethemekit_gallery_link_whole": "",
                                        "dethemekit_gallery_lightbox_whole": "",
                                        "_id": "7f083a2"
                                    },
                                    {
                                        "dethemekit_gallery_img_name": "Vehicula ut id elit",
                                        "dethemekit_gallery_img_category": "Terrarium",
                                        "dethemekit_gallery_img": {
                                            "url": "https:\/\/kit.detheme.com\/allfresh\/wp-content\/uploads\/sites\/9\/2020\/08\/mix-of-tropical-fruits-with-banana-passion-fruit-a-PEVFD79.jpg",
                                            "id": 230
                                        },
                                        "dethemekit_gallery_image_cell": {
                                            "unit": "px",
                                            "size": 4,
                                            "sizes": []
                                        },
                                        "dethemekit_gallery_image_cell_tablet": {
                                            "unit": "px",
                                            "size": "",
                                            "sizes": []
                                        },
                                        "dethemekit_gallery_image_cell_mobile": {
                                            "unit": "px",
                                            "size": 12,
                                            "sizes": []
                                        },
                                        "dethemekit_gallery_image_vcell": {
                                            "unit": "px",
                                            "size": 4,
                                            "sizes": []
                                        },
                                        "dethemekit_gallery_image_vcell_tablet": {
                                            "unit": "px",
                                            "size": "",
                                            "sizes": []
                                        },
                                        "dethemekit_gallery_image_vcell_mobile": {
                                            "unit": "px",
                                            "size": 12,
                                            "sizes": []
                                        },
                                        "dethemekit_gallery_video": "",
                                        "dethemekit_gallery_video_type": "youtube",
                                        "dethemekit_gallery_video_url": "",
                                        "dethemekit_gallery_video_self": {
                                            "url": "",
                                            "id": ""
                                        },
                                        "dethemekit_gallery_video_self_url": "",
                                        "dethemekit_gallery_video_controls": "true",
                                        "dethemekit_gallery_video_mute": "",
                                        "dethemekit_gallery_img_desc": "Terrarium",
                                        "dethemekit_gallery_img_link_type": "url",
                                        "dethemekit_gallery_img_link": {
                                            "url": "#",
                                            "is_external": "",
                                            "nofollow": "",
                                            "custom_attributes": ""
                                        },
                                        "dethemekit_gallery_img_existing": "",
                                        "dethemekit_gallery_link_whole": "",
                                        "dethemekit_gallery_lightbox_whole": "",
                                        "_id": "2d6dbe4"
                                    }
                                ],
                                "dethemekit_gallery_gap": {
                                    "unit": "px",
                                    "size": 30,
                                    "sizes": []
                                },
                                "dethemekit_gallery_gap_tablet": {
                                    "unit": "px",
                                    "size": 2,
                                    "sizes": []
                                },
                                "dethemekit_gallery_img_effect": "trans",
                                "dethemekit_gallery_lightbox_type": "yes",
                                "dethemekit_gallery_icons_style_overlay": "rgba(0, 0, 0, 0.76)",
                                "dethemekit_gallery_title_color": "#FFFFFF",
                                "dethemekit_gallery_title_typo_typography": "custom",
                                "dethemekit_gallery_title_typo_font_size": {
                                    "unit": "px",
                                    "size": 48,
                                    "sizes": []
                                },
                                "dethemekit_gallery_title_typo_font_size_tablet": {
                                    "unit": "px",
                                    "size": 28,
                                    "sizes": []
                                },
                                "dethemekit_gallery_title_typo_font_weight": "700",
                                "dethemekit_gallery_description_color": "#DEDEDE",
                                "dethemekit_gallery_description_typo_typography": "custom",
                                "dethemekit_gallery_description_typo_font_size": {
                                    "unit": "px",
                                    "size": 11,
                                    "sizes": []
                                },
                                "dethemekit_gallery_description_typo_font_weight": "600",
                                "dethemekit_gallery_description_typo_text_transform": "uppercase",
                                "dethemekit_gallery_description_typo_letter_spacing": {
                                    "unit": "px",
                                    "size": 3,
                                    "sizes": []
                                },
                                "dethemekit_gallery_content_background_background": "gradient",
                                "dethemekit_gallery_content_background_color": "rgba(51, 51, 51, 0)",
                                "dethemekit_gallery_content_background_color_b": "rgba(0, 0, 0, 0.28)",
                                "dethemekit_gallery_content_background_color_b_stop": {
                                    "unit": "%",
                                    "size": 79,
                                    "sizes": []
                                },
                                "dethemekit_gallery_content_padding": {
                                    "unit": "%",
                                    "top": "20",
                                    "right": "0",
                                    "bottom": "5",
                                    "left": "0",
                                    "isLinked": false
                                },
                                "dethemekit_gallery_style1_icons_position": {
                                    "unit": "%",
                                    "size": 50,
                                    "sizes": []
                                },
                                "dethemekit_gallery_icons_style_background": "#FFFFFF",
                                "_margin_mobile": {
                                    "unit": "px",
                                    "top": "0",
                                    "right": "0",
                                    "bottom": "0",
                                    "left": "0",
                                    "isLinked": false
                                },
                                "_padding_mobile": {
                                    "unit": "px",
                                    "top": "0",
                                    "right": "0",
                                    "bottom": "0",
                                    "left": "0",
                                    "isLinked": false
                                },
                                "dethemekit_gallery_filter_margin_mobile": {
                                    "unit": "px",
                                    "top": "10",
                                    "right": "8",
                                    "bottom": "10",
                                    "left": "8",
                                    "isLinked": false
                                },
                                "dethemekit_gallery_filter_padding_mobile": {
                                    "unit": "px",
                                    "top": "0",
                                    "right": "0",
                                    "bottom": "0",
                                    "left": "0",
                                    "isLinked": false
                                },
                                "dethemekit_gallery_title_typo_font_family": "Amatic SC",
                                "dethemekit_gallery_filter_color": "#6B6B6B",
                                "dethemekit_gallery_filter_active_color": "#010202"
                            },
                            "elements": [],
                            "isInner": false,
                            "widgetType": "dethemekit-img-gallery",
                            "elType": "widget"
                        }
                    ],
                    "isInner": false,
                    "elType": "column"
                }
            ],
            "isInner": false,
            "elType": "section"
        }
    ]
}