{"content":[{"id":"1d25668d","settings":{"padding":{"unit":"px","top":"40","right":"40","bottom":"0","left":"40","isLinked":false},"padding_tablet":{"unit":"px","top":"60","right":"20","bottom":"60","left":"20","isLinked":false},"layout":"full_width","background_image":{"id":"3516","url":"https:\/\/cliente.shazamlnv.com\/setasolar\/wp-content\/uploads\/2022\/04\/Untitled-2.jpg"},"background_position":"center center","background_repeat":"no-repeat","background_size":"cover","margin":{"unit":"px","top":"0","right":0,"bottom":"0","left":0,"isLinked":false},"padding_mobile":{"unit":"em","top":"0","right":"0","bottom":"0","left":"0","isLinked":false}},"elements":[{"id":"579916b5","settings":{"_column_size":100,"_inline_size":null,"_inline_size_tablet":100,"content_position":"top","margin":{"unit":"px","top":"0","right":"0","bottom":"0","left":"0","isLinked":false},"margin_tablet":{"unit":"px","top":"0","right":"0","bottom":"0","left":"0","isLinked":false},"padding":{"unit":"px","top":"0","right":"0","bottom":"0","left":"0","isLinked":false},"margin_mobile":{"unit":"px","top":"0","right":"0","bottom":"0","left":"0","isLinked":false},"padding_mobile":{"unit":"px","top":"0","right":"0","bottom":"0","left":"0","isLinked":false}},"elements":[{"id":"3180bb4b","settings":{"structure":"20","z_index":2,"background_background":"classic","background_color":"#f4f5f7","padding":{"unit":"px","top":"80","right":"0","bottom":"80","left":"80","isLinked":false},"margin_mobile":{"unit":"px","top":"0","right":0,"bottom":"0","left":0,"isLinked":false},"padding_mobile":{"unit":"px","top":"30","right":"30","bottom":"30","left":"30","isLinked":false},"shape_divider_bottom_width":{"unit":"%","size":135},"shape_divider_bottom_height":{"unit":"px","size":295},"shape_divider_bottom_negative":"yes","margin_tablet":{"unit":"px","top":"0","right":0,"bottom":"0","left":0,"isLinked":true},"padding_tablet":{"unit":"em","top":"2","right":"2","bottom":"2","left":"2","isLinked":true}},"elements":[{"id":"2cf279a9","settings":{"_column_size":50,"_inline_size":null,"_inline_size_tablet":100,"margin":{"unit":"px","top":"0","right":"80","bottom":"0","left":"0","isLinked":false},"padding":{"unit":"px","top":"0","right":"0","bottom":"90","left":"0","isLinked":false},"margin_tablet":{"unit":"px","top":"0","right":"0","bottom":"0","left":"0","isLinked":false},"margin_mobile":{"unit":"px","top":"0","right":"0","bottom":"0","left":"0","isLinked":false},"padding_mobile":{"unit":"px","top":"0","right":"0","bottom":"40","left":"0","isLinked":false}},"elements":[{"id":"19527e63","settings":{"title":"Modernize Your Web Design","header_size":"h1","align":"left","align_tablet":"center","title_color":"#000000","typography_typography":"custom","typography_font_family":"Fredoka One","typography_font_size":{"unit":"rem","size":4},"typography_text_transform":"capitalize","typography_line_height":{"unit":"em","size":1.1999999999999999555910790149937383830547332763671875},"_margin":{"unit":"px","top":"0","right":"0","bottom":"30","left":"0","isLinked":false},"typography_font_size_mobile":{"unit":"px","size":30},"typography_line_height_mobile":{"unit":"px","size":40},"_animation":"fadeIn","typography_font_weight":"100","typography_letter_spacing":{"unit":"px","size":-1}},"elements":[],"isInner":false,"widgetType":"heading","elType":"widget"},{"id":"4e98b7b6","settings":{"space":{"unit":"px","size":42}},"elements":[],"isInner":false,"widgetType":"spacer","elType":"widget"},{"id":"413022a2","settings":{"align":"left","text_color":"#000000","typography_typography":"custom","typography_font_family":"Nunito","typography_font_size":{"unit":"px","size":16},"typography_line_height":{"unit":"px","size":24},"editor":"<p>Te maiorum pericula neglegentur sit, pro fabulas iracundia ad. Ne vim facilis feugait moderatius, nec eu perpetua scriptorem referrentur. Ut alii delicata mei. Cum case maluisset liberavisse ad.<\/p>","align_tablet":"center","_margin":{"unit":"px","top":"0","right":"0","bottom":"60","left":"0","isLinked":false},"typography_font_style":"oblique","_padding":{"unit":"em","top":"0","right":"3","bottom":"0","left":"0","isLinked":false}},"elements":[],"isInner":false,"widgetType":"text-editor","elType":"widget"},{"id":"727e4ae5","settings":{"text":"Go to Projects","align":"left","size":"md","icon_align":"right","icon_indent":{"unit":"px","size":14},"typography_typography":"custom","typography_font_family":"Poppins","typography_font_size":{"unit":"px","size":14},"typography_font_weight":"600","typography_text_transform":"uppercase","typography_letter_spacing":{"unit":"px","size":0.5},"button_text_color":"#ffffff","background_color":"#2572ff","hover_color":"#ffffff","button_background_hover_color":"#e032a6","border_radius":{"unit":"px","top":"30","right":"30","bottom":"30","left":"30","isLinked":true},"text_padding":{"unit":"px","top":"20","right":"40","bottom":"20","left":"40","isLinked":false},"border_width":{"unit":"px","top":"2","right":"2","bottom":"2","left":"2","isLinked":true},"align_tablet":"center","_margin":{"unit":"px","top":"30","right":"0","bottom":"0","left":"0","isLinked":false},"_margin_mobile":{"unit":"px","top":"0","right":"0","bottom":"0","left":"0","isLinked":false},"_padding":{"unit":"px","top":"0","right":"0","bottom":"0","left":"0","isLinked":true},"_animation":"fadeIn"},"elements":[],"isInner":false,"widgetType":"button","elType":"widget"}],"isInner":true,"elType":"column"},{"id":"4025ff8a","settings":{"_column_size":50,"_inline_size":null,"_inline_size_tablet":100,"content_position":"bottom","margin":{"unit":"px","top":"0","right":"0","bottom":"0","left":"0","isLinked":false},"padding":{"unit":"px","top":"0","right":"0","bottom":"0","left":"0","isLinked":false},"background_background":"classic","background_image":{"id":"3517","url":"https:\/\/cliente.shazamlnv.com\/setasolar\/wp-content\/uploads\/2022\/04\/shape-gradienta1.png"},"background_size":"cover","background_bg_width":{"unit":"%","size":120}},"elements":[{"id":"faa233d","settings":{"carousel":[{"id":"3518","url":"https:\/\/cliente.shazamlnv.com\/setasolar\/wp-content\/uploads\/2022\/04\/image-from-rawpixel-id-478019-deriv-trial.png"},{"id":"3519","url":"https:\/\/cliente.shazamlnv.com\/setasolar\/wp-content\/uploads\/2022\/04\/image-from-rawpixel-id-456067-deriv-1.png"}],"thumbnail_size":"full","slides_to_show":"1","slides_to_scroll":"1","navigation":"none","dots_size":{"unit":"px","size":10},"dots_color":"#2572ff","image_border_radius":{"unit":"px","top":"4","right":"4","bottom":"4","left":"4","isLinked":true},"_margin_mobile":{"unit":"px","top":"0","right":"0","bottom":"0","left":"0","isLinked":false},"_animation":"fadeIn","_box_shadow_box_shadow":{"horizontal":-10,"vertical":-10,"blur":50,"spread":0,"color":"rgba(0,0,0,0.1)"},"pause_on_hover":"no","effect":"fade","autoplay_speed":6000},"elements":[],"isInner":false,"widgetType":"image-carousel","elType":"widget"}],"isInner":true,"elType":"column"}],"isInner":true,"elType":"section"}],"isInner":false,"elType":"column"}],"isInner":false,"elType":"section"},{"id":"6859183a","settings":{"structure":"30","margin":{"unit":"px","top":"0","right":0,"bottom":"0","left":0,"isLinked":false},"z_index":2,"margin_mobile":{"unit":"px","top":"40","right":0,"bottom":"0","left":0,"isLinked":false},"padding_tablet":{"unit":"px","top":"0","right":"20","bottom":"0","left":"20","isLinked":false},"background_background":"classic","background_color":"#ffffff","border_border":"solid","border_width":{"unit":"px","top":"0","right":"40","bottom":"0","left":"40","isLinked":false},"border_color":"#ffffff","shape_divider_top":"curve-asymmetrical","shape_divider_top_color":"#f4f5f7","shape_divider_top_width":{"unit":"%","size":100},"shape_divider_top_height":{"unit":"px","size":220}},"elements":[{"id":"65178745","settings":{"_column_size":33,"_inline_size":null,"margin":{"unit":"px","top":"0","right":"40","bottom":"0","left":"0","isLinked":false},"padding":{"unit":"px","top":"0","right":"0","bottom":"0","left":"0","isLinked":false},"_inline_size_tablet":33,"margin_tablet":{"unit":"px","top":"0","right":"0","bottom":"0","left":"0","isLinked":false},"padding_tablet":{"unit":"px","top":"0","right":"0","bottom":"0","left":"0","isLinked":false},"animation":"fadeIn"},"elements":[{"id":"3b4bdca1","settings":{"space":{"unit":"px","size":236},"_background_background":"classic","_background_image":{"id":"3520","url":"https:\/\/cliente.shazamlnv.com\/setasolar\/wp-content\/uploads\/2022\/04\/screenshot-8-1550492713-300x802-1.jpg"},"_border_radius":{"unit":"px","top":"6","right":"6","bottom":"6","left":"6","isLinked":true},"_box_shadow_box_shadow_type":"yes","_box_shadow_box_shadow":{"horizontal":-10,"vertical":-10,"blur":49,"spread":-4,"color":"rgba(0,0,0,0.07)"},"_margin":{"unit":"px","top":"0","right":"120","bottom":"0","left":"0","isLinked":false},"_background_position":"top center","_background_size":"cover","space_tablet":{"unit":"px","size":153},"_margin_tablet":{"unit":"px","top":"-17","right":"40","bottom":"0","left":"0","isLinked":false}},"elements":[],"isInner":false,"widgetType":"spacer","elType":"widget"}],"isInner":false,"elType":"column"},{"id":"274d0e0c","settings":{"_column_size":33,"_inline_size":null,"margin":{"unit":"px","top":"0","right":"0","bottom":"0","left":"0","isLinked":false},"_inline_size_tablet":33,"margin_tablet":{"unit":"px","top":"0","right":"0","bottom":"0","left":"0","isLinked":false},"padding_tablet":{"unit":"px","top":"0","right":"0","bottom":"0","left":"0","isLinked":false},"animation":"fadeIn"},"elements":[{"id":"4b9d753d","settings":{"space":{"unit":"px","size":415},"_background_background":"classic","_background_image":{"id":"3521","url":"https:\/\/cliente.shazamlnv.com\/setasolar\/wp-content\/uploads\/2022\/04\/screenshot-6-1550491570-300x883-1.jpg"},"_border_radius":{"unit":"px","top":"6","right":"6","bottom":"6","left":"6","isLinked":true},"_box_shadow_box_shadow_type":"yes","_box_shadow_box_shadow":{"horizontal":-10,"vertical":-10,"blur":49,"spread":-4,"color":"rgba(0,0,0,0.07)"},"_margin":{"unit":"px","top":"0","right":"63","bottom":"0","left":"0","isLinked":false},"_background_position":"top center","_background_size":"cover","space_tablet":{"unit":"px","size":245},"_margin_tablet":{"unit":"px","top":"-38","right":"0","bottom":"0","left":"0","isLinked":false}},"elements":[],"isInner":false,"widgetType":"spacer","elType":"widget"}],"isInner":false,"elType":"column"},{"id":"324564f0","settings":{"_column_size":33,"_inline_size":null,"margin":{"unit":"px","top":"0","right":"0","bottom":"0","left":"40","isLinked":false},"padding":{"unit":"px","top":"0","right":"0","bottom":"0","left":"0","isLinked":false},"_inline_size_tablet":33,"margin_tablet":{"unit":"px","top":"0","right":"0","bottom":"0","left":"0","isLinked":false},"padding_tablet":{"unit":"px","top":"0","right":"0","bottom":"0","left":"0","isLinked":false},"animation":"fadeIn"},"elements":[{"id":"50aeeb45","settings":{"space":{"unit":"px","size":327},"_background_background":"classic","_background_image":{"id":"3522","url":"https:\/\/cliente.shazamlnv.com\/setasolar\/wp-content\/uploads\/2022\/04\/screenshot-244-1550499512-300x907-1.jpg"},"_border_radius":{"unit":"px","top":"6","right":"6","bottom":"6","left":"6","isLinked":true},"_box_shadow_box_shadow_type":"yes","_box_shadow_box_shadow":{"horizontal":-10,"vertical":-10,"blur":49,"spread":-4,"color":"rgba(0,0,0,0.07)"},"_margin":{"unit":"px","top":"0","right":"40","bottom":"0","left":"40","isLinked":false},"space_tablet":{"unit":"px","size":160},"_margin_tablet":{"unit":"px","top":"-19","right":"0","bottom":"0","left":"20","isLinked":false}},"elements":[],"isInner":false,"widgetType":"spacer","elType":"widget"}],"isInner":false,"elType":"column"}],"isInner":false,"elType":"section"},{"id":"549d12ce","settings":{"structure":"20","padding":{"unit":"px","top":"140","right":"0","bottom":"80","left":"0","isLinked":false},"background_background":"classic","background_position":"initial","background_size":"initial","background_xpos":{"unit":"px","size":-75},"background_ypos":{"unit":"px","size":-800},"background_bg_width":{"unit":"vw","size":54},"z_index":8,"background_color":"#ffffff","background_color_b":"#e0358b","background_gradient_angle":{"unit":"deg","size":90},"background_overlay_image":{"id":"3523","url":"https:\/\/cliente.shazamlnv.com\/setasolar\/wp-content\/uploads\/2022\/04\/shape-white.png"},"background_overlay_position":"top center","background_overlay_repeat":"no-repeat","background_overlay_size":"cover","background_overlay_opacity":{"unit":"px","size":1},"shape_divider_top_color":"#e2e9ff","shape_divider_top_width":{"unit":"%","size":90},"shape_divider_top_height":{"unit":"px","size":98},"padding_mobile":{"unit":"px","top":"60","right":"20","bottom":"60","left":"20","isLinked":false},"margin_tablet":{"unit":"px","top":"0","right":0,"bottom":"0","left":0,"isLinked":true},"padding_tablet":{"unit":"px","top":"0","right":"0","bottom":"0","left":"0","isLinked":true}},"elements":[{"id":"44910d07","settings":{"_column_size":50,"_inline_size":50,"content_position":"center","background_position":"center right","background_repeat":"no-repeat","background_size":"contain","_inline_size_tablet":100,"background_background":"classic","background_overlay_background":"classic","background_overlay_image":{"id":"3524","url":"https:\/\/cliente.shazamlnv.com\/setasolar\/wp-content\/uploads\/2022\/04\/shape-gradient2.png"},"background_overlay_position":"center center","background_overlay_repeat":"no-repeat","background_overlay_size":"contain","background_overlay_opacity":{"unit":"px","size":0.08000000000000000166533453693773481063544750213623046875},"css_filters_css_filter":"custom","css_filters_saturate":{"unit":"px","size":0},"padding":{"unit":"%","top":"10","right":"10","bottom":"10","left":"10","isLinked":false}},"elements":[{"id":"79f891ea","settings":{"structure":"30","margin":{"unit":"px","top":"0","right":0,"bottom":"0","left":0,"isLinked":false},"margin_tablet":{"unit":"px","top":"30","right":0,"bottom":"0","left":0,"isLinked":false},"animation":"fadeIn"},"elements":[{"id":"2dedbee6","settings":{"_column_size":33,"_inline_size":null,"_inline_size_tablet":50,"content_position":"bottom"},"elements":[{"id":"66b7d76d","settings":{"image":{"id":"3525","url":"https:\/\/cliente.shazamlnv.com\/setasolar\/wp-content\/uploads\/2022\/04\/on_image_like.png"},"image_border_radius":{"unit":"px","top":"4","right":"4","bottom":"4","left":"4","isLinked":true},"image_box_shadow_box_shadow_type":"yes","image_box_shadow_box_shadow":{"horizontal":-10,"vertical":-10,"blur":50,"spread":0,"color":"rgba(0,0,0,0.1)"},"width":{"unit":"%","size":52},"_margin":{"unit":"px","top":"0","right":"0","bottom":"-44","left":"0","isLinked":false}},"elements":[],"isInner":false,"widgetType":"image","elType":"widget"}],"isInner":true,"elType":"column"},{"id":"15e0faa","settings":{"_column_size":33,"_inline_size":28.32000000000000028421709430404007434844970703125,"_inline_size_tablet":50,"content_position":"center"},"elements":[{"id":"6ccea57f","settings":{"image":{"id":"3526","url":"https:\/\/cliente.shazamlnv.com\/setasolar\/wp-content\/uploads\/2022\/04\/under_image.png"},"image_border_radius":{"unit":"px","top":"4","right":"4","bottom":"4","left":"4","isLinked":true},"image_box_shadow_box_shadow_type":"yes","image_box_shadow_box_shadow":{"horizontal":-10,"vertical":-10,"blur":50,"spread":0,"color":"rgba(0,0,0,0.1)"},"align":"left","width":{"unit":"%","size":88}},"elements":[],"isInner":false,"widgetType":"image","elType":"widget"}],"isInner":true,"elType":"column"},{"id":"7bfbbae4","settings":{"_column_size":33,"_inline_size":38.3419999999999987494447850622236728668212890625,"_inline_size_tablet":50,"margin_tablet":{"unit":"px","top":"40","right":"0","bottom":"0","left":"0","isLinked":false}},"elements":[{"id":"36be2e65","settings":{"image":{"id":"3527","url":"https:\/\/cliente.shazamlnv.com\/setasolar\/wp-content\/uploads\/2022\/04\/on_image.png"},"image_border_radius":{"unit":"px","top":"4","right":"4","bottom":"4","left":"4","isLinked":true},"image_box_shadow_box_shadow_type":"yes","image_box_shadow_box_shadow":{"horizontal":-10,"vertical":-10,"blur":50,"spread":0,"color":"rgba(0,0,0,0.1)"},"align":"left","width":{"unit":"%","size":82}},"elements":[],"isInner":false,"widgetType":"image","elType":"widget"}],"isInner":true,"elType":"column"}],"isInner":true,"elType":"section"},{"id":"78f66f7c","settings":{"structure":"30","margin_tablet":{"unit":"px","top":"0","right":0,"bottom":"0","left":0,"isLinked":false},"animation":"fadeIn","margin":{"unit":"px","top":"0","right":0,"bottom":"0","left":0,"isLinked":true}},"elements":[{"id":"7466e5d9","settings":{"_column_size":33,"_inline_size":null,"_inline_size_tablet":50,"margin_tablet":{"unit":"px","top":"40","right":"0","bottom":"0","left":"0","isLinked":false}},"elements":[],"isInner":true,"elType":"column"},{"id":"e272e59","settings":{"_column_size":33,"_inline_size":null,"_inline_size_tablet":50,"margin_tablet":{"unit":"px","top":"40","right":"0","bottom":"0","left":"0","isLinked":false}},"elements":[{"id":"118138e4","settings":{"image":{"id":"3528","url":"https:\/\/cliente.shazamlnv.com\/setasolar\/wp-content\/uploads\/2022\/04\/default.png"},"image_border_radius":{"unit":"px","top":"4","right":"4","bottom":"4","left":"4","isLinked":true},"image_box_shadow_box_shadow_type":"yes","image_box_shadow_box_shadow":{"horizontal":-10,"vertical":-10,"blur":50,"spread":0,"color":"rgba(0,0,0,0.1)"},"align":"left","width":{"unit":"%","size":93}},"elements":[],"isInner":false,"widgetType":"image","elType":"widget"}],"isInner":true,"elType":"column"},{"id":"751ddf69","settings":{"_column_size":33,"_inline_size":null,"_inline_size_tablet":50,"margin_tablet":{"unit":"px","top":"40","right":"0","bottom":"0","left":"0","isLinked":false},"content_position":"center"},"elements":[{"id":"763e39c5","settings":{"image":{"id":"3529","url":"https:\/\/cliente.shazamlnv.com\/setasolar\/wp-content\/uploads\/2022\/04\/masonry_border.png"},"image_border_radius":{"unit":"px","top":"4","right":"4","bottom":"4","left":"4","isLinked":true},"image_box_shadow_box_shadow_type":"yes","image_box_shadow_box_shadow":{"horizontal":-10,"vertical":-10,"blur":50,"spread":0,"color":"rgba(0,0,0,0.1)"},"align":"left","width":{"unit":"%","size":60},"_margin":{"unit":"px","top":"0","right":"0","bottom":"0","left":"0","isLinked":false}},"elements":[],"isInner":false,"widgetType":"image","elType":"widget"}],"isInner":true,"elType":"column"}],"isInner":true,"elType":"section"}],"isInner":false,"elType":"column"},{"id":"74bb436d","settings":{"_column_size":50,"_inline_size":50,"_inline_size_tablet":100,"content_position":"top","margin":{"unit":"px","top":"0","right":"0","bottom":"0","left":"0","isLinked":false},"margin_tablet":{"unit":"px","top":"0","right":"0","bottom":"0","left":"0","isLinked":false},"animation":"fadeIn","padding":{"unit":"em","top":"5","right":"3","bottom":"5","left":"5","isLinked":false}},"elements":[{"id":"cfad71c","settings":{"title":"Awesome Features","align":"left","align_tablet":"center","title_color":"#4054b2","typography_typography":"custom","typography_font_family":"Nunito","typography_font_size":{"unit":"px","size":18},"typography_text_transform":"capitalize","typography_line_height":{"unit":"px","size":30},"header_size":"h4","_margin":{"unit":"px","top":"0","right":"0","bottom":"-10","left":"0","isLinked":false},"_padding":{"unit":"px","top":"0","right":"0","bottom":"0","left":"0","isLinked":false},"typography_font_weight":"400","typography_font_style":"italic"},"elements":[],"isInner":false,"widgetType":"heading","elType":"widget"},{"id":"14af4bc8","settings":{"title":"Fully Responsive","align":"left","align_tablet":"center","title_color":"#4054b2","typography_typography":"custom","typography_font_family":"Fredoka One","typography_font_size":{"unit":"rem","size":2.5},"typography_text_transform":"capitalize","typography_line_height":{"unit":"em","size":1.399999999999999911182158029987476766109466552734375},"typography_font_weight":"100","_animation":"fadeIn"},"elements":[],"isInner":false,"widgetType":"heading","elType":"widget"},{"id":"8b0bc40","settings":{"align":"left","typography_typography":"custom","typography_font_family":"Nunito","typography_font_size":{"unit":"px","size":16},"typography_line_height":{"unit":"px","size":24},"editor":"<p>Provide your mobile users with the best experience by sharing the most detailed images.<\/p><p>Lorem ipsum dolor sit amet, consectetur adipiscing elit. Ut elit tellus, luctus nec ullamcorper mattis, pulvinar dapibus leo.<\/p>","align_tablet":"center"},"elements":[],"isInner":false,"widgetType":"text-editor","elType":"widget"},{"id":"4ffbc67e","settings":{"text":"Test Now","align":"left","size":"md","icon":"fa fa-arrow-right","icon_align":"right","icon_indent":{"unit":"px","size":21},"typography_typography":"custom","typography_font_family":"Nunito","typography_font_size":{"unit":"px","size":14},"typography_font_weight":"900","typography_text_transform":"uppercase","typography_letter_spacing":{"unit":"px","size":0.5},"button_text_color":"#2572ff","background_color":"#ffffff","hover_color":"#ffffff","button_background_hover_color":"#2572ff","border_radius":{"unit":"px","top":"50","right":"50","bottom":"50","left":"50","isLinked":true},"text_padding":{"unit":"px","top":"18","right":"38","bottom":"18","left":"38","isLinked":false},"border_width":{"unit":"px","top":"4","right":"4","bottom":"4","left":"4","isLinked":true},"border_color":"#2572ff","_margin":{"unit":"px","top":"30","right":"0","bottom":"0","left":"0","isLinked":false},"align_tablet":"center","_css_classes":"envato-kit-128-grad-border","selected_icon":{"value":"fas fa-arrow-right","library":"fa-solid"}},"elements":[],"isInner":false,"widgetType":"button","elType":"widget"}],"isInner":false,"elType":"column"}],"isInner":false,"elType":"section"},{"id":"590e42ee","settings":{"margin":{"unit":"px","top":"-60","right":0,"bottom":"0","left":0,"isLinked":false},"padding":{"unit":"px","top":"0","right":"0","bottom":"40","left":"0","isLinked":false}},"elements":[{"id":"74e3de7","settings":{"_column_size":100,"padding_tablet":{"unit":"em","top":"2","right":"10","bottom":"0","left":"12","isLinked":false}},"elements":[{"id":"6fb0a56f","settings":{"image":{"id":"3530","url":"https:\/\/cliente.shazamlnv.com\/setasolar\/wp-content\/uploads\/2022\/04\/connector-flip.png"},"image_size":"full","_animation":"fadeInDown","_margin":{"unit":"px","top":"0","right":"0","bottom":"0","left":"0","isLinked":false},"_z_index":9},"elements":[],"isInner":false,"widgetType":"image","elType":"widget"}],"isInner":false,"elType":"column"}],"isInner":false,"elType":"section"},{"id":"5538fbf3","settings":{"background_background":"gradient","background_color":"#2572ff","padding":{"unit":"px","top":"80","right":"0","bottom":"80","left":"0","isLinked":false},"background_color_b":"#e032a6","background_gradient_angle":{"unit":"deg","size":90},"padding_mobile":{"unit":"px","top":"60","right":"20","bottom":"60","left":"20","isLinked":false},"animation":"fadeIn","background_overlay_background":"classic","background_overlay_image":{"id":"3531","url":"https:\/\/cliente.shazamlnv.com\/setasolar\/wp-content\/uploads\/2022\/04\/shape-gradient.png"},"background_overlay_position":"top right","background_overlay_attachment":"fixed","background_overlay_size":"cover","border_width":{"unit":"px","top":"0","right":"60","bottom":"0","left":"60","isLinked":false},"border_color":"#f4f4f4","box_shadow_box_shadow":{"horizontal":-1,"vertical":35,"blur":52,"spread":-28,"color":"rgba(0,0,0,0.5)"},"z_index":8,"shape_divider_top":"curve","shape_divider_top_width":{"unit":"%","size":180},"shape_divider_top_negative":"yes"},"elements":[{"id":"5dc194d2","settings":{"_column_size":100},"elements":[{"id":"7b1bbc01","settings":{"title":"We Produce Emotion","align":"center","align_tablet":"center","title_color":"#ffffff","typography_typography":"custom","typography_font_family":"Fredoka One","typography_font_size":{"unit":"rem","size":3},"typography_text_transform":"capitalize","typography_line_height":{"unit":"em","size":1.399999999999999911182158029987476766109466552734375},"typography_font_weight":"100","_animation":"fadeIn"},"elements":[],"isInner":false,"widgetType":"heading","elType":"widget"},{"id":"57732a2c","settings":{"align":"center","text_color":"#ffffff","typography_typography":"custom","typography_font_family":"Nunito","typography_font_size":{"unit":"rem","size":1.1999999999999999555910790149937383830547332763671875},"typography_line_height":{"unit":"px","size":24},"editor":"<p>Provide your mobile users with<br \/>the best experience by sharing the most<br \/>detailed images.<\/p>","_margin":{"unit":"px","top":"0","right":"0","bottom":"50","left":"0","isLinked":false},"typography_font_weight":"bold"},"elements":[],"isInner":false,"widgetType":"text-editor","elType":"widget"},{"id":"12bbe814","settings":{"structure":"30","gap":"extended"},"elements":[{"id":"49c9ff89","settings":{"_column_size":33,"_inline_size":null,"border_border":"solid","border_width":{"unit":"px","top":"2","right":"2","bottom":"2","left":"2","isLinked":true},"border_color":"#ffffff","border_radius":{"unit":"px","top":"6","right":"6","bottom":"6","left":"6","isLinked":true},"margin":{"unit":"px","top":"0","right":"20","bottom":"0","left":"20","isLinked":false},"padding":{"unit":"px","top":"40","right":"40","bottom":"40","left":"40","isLinked":true},"_inline_size_tablet":33,"margin_tablet":{"unit":"px","top":"0","right":"0","bottom":"30","left":"0","isLinked":false}},"elements":[{"id":"6bac355b","settings":{"title":"Great Documentation","align":"center","title_color":"#ffffff","typography_typography":"custom","typography_font_family":"Nunito","typography_font_size":{"unit":"rem","size":""},"typography_line_height":{"unit":"px","size":30},"typography_font_weight":"bold"},"elements":[],"isInner":false,"widgetType":"heading","elType":"widget"},{"id":"65a05d5","settings":{"align":"center","text_color":"#ffffff","typography_typography":"custom","typography_font_family":"Nunito","typography_font_size":{"unit":"px","size":16},"typography_line_height":{"unit":"px","size":24},"editor":"<p>Wheter you\u2019re a new or legacy user, our easy to navigate documention will make your experience enjoyable.<\/p>"},"elements":[],"isInner":false,"widgetType":"text-editor","elType":"widget"},{"id":"2d0ff0f9","settings":{"text":"Go to Docs","align":"center","size":"md","icon_align":"right","icon_indent":{"unit":"px","size":21},"typography_typography":"custom","typography_font_family":"Nunito","typography_font_size":{"unit":"px","size":12},"typography_font_weight":"800","typography_text_transform":"uppercase","typography_letter_spacing":{"unit":"px","size":0.5},"button_text_color":"#ffffff","background_color":"rgba(251,228,222,0)","border_border":"solid","border_width":{"unit":"px","top":"0","right":"0","bottom":"2","left":"0","isLinked":false},"border_color":"#ffffff","border_radius":{"unit":"px","top":"0","right":"0","bottom":"0","left":"0","isLinked":true},"text_padding":{"unit":"px","top":"14","right":"20","bottom":"8","left":"20","isLinked":false},"typography_line_height":{"unit":"px","size":12},"hover_color":"#2572ff","button_background_hover_color":"#ffffff"},"elements":[],"isInner":false,"widgetType":"button","elType":"widget"}],"isInner":true,"elType":"column"},{"id":"77332bd6","settings":{"_column_size":33,"_inline_size":null,"border_border":"solid","border_width":{"unit":"px","top":"2","right":"2","bottom":"2","left":"2","isLinked":true},"border_color":"#ffffff","border_radius":{"unit":"px","top":"6","right":"6","bottom":"6","left":"6","isLinked":true},"margin":{"unit":"px","top":"0","right":"20","bottom":"0","left":"20","isLinked":false},"padding":{"unit":"px","top":"40","right":"40","bottom":"40","left":"40","isLinked":true},"_inline_size_tablet":33,"margin_tablet":{"unit":"px","top":"0","right":"0","bottom":"30","left":"0","isLinked":false}},"elements":[{"id":"2990300e","settings":{"title":"Start Blogging","align":"center","title_color":"#ffffff","typography_typography":"custom","typography_font_family":"Nunito","typography_font_size":{"unit":"rem","size":""},"typography_line_height":{"unit":"px","size":30},"typography_font_weight":"bold"},"elements":[],"isInner":false,"widgetType":"heading","elType":"widget"},{"id":"125841f6","settings":{"align":"center","text_color":"#ffffff","typography_typography":"custom","typography_font_family":"Nunito","typography_font_size":{"unit":"px","size":16},"typography_line_height":{"unit":"px","size":24},"editor":"<p>Wheter you\u2019re a new or legacy user, our easy to navigate documention will make your experience enjoyable.<\/p>"},"elements":[],"isInner":false,"widgetType":"text-editor","elType":"widget"},{"id":"35a00473","settings":{"text":"Go to Blog","align":"center","size":"md","icon_align":"right","icon_indent":{"unit":"px","size":21},"typography_typography":"custom","typography_font_family":"Nunito","typography_font_size":{"unit":"px","size":12},"typography_font_weight":"800","typography_text_transform":"uppercase","typography_letter_spacing":{"unit":"px","size":0.5},"button_text_color":"#ffffff","background_color":"rgba(251,228,222,0)","border_border":"solid","border_width":{"unit":"px","top":"0","right":"0","bottom":"2","left":"0","isLinked":false},"border_color":"#ffffff","border_radius":{"unit":"px","top":"0","right":"0","bottom":"0","left":"0","isLinked":true},"text_padding":{"unit":"px","top":"14","right":"20","bottom":"8","left":"20","isLinked":false},"typography_line_height":{"unit":"px","size":12},"hover_color":"#2572ff","button_background_hover_color":"#ffffff"},"elements":[],"isInner":false,"widgetType":"button","elType":"widget"}],"isInner":true,"elType":"column"},{"id":"1afae388","settings":{"_column_size":33,"_inline_size":null,"border_border":"solid","border_width":{"unit":"px","top":"2","right":"2","bottom":"2","left":"2","isLinked":true},"border_color":"#ffffff","border_radius":{"unit":"px","top":"6","right":"6","bottom":"6","left":"6","isLinked":true},"margin":{"unit":"px","top":"0","right":"20","bottom":"0","left":"20","isLinked":false},"padding":{"unit":"px","top":"40","right":"40","bottom":"40","left":"40","isLinked":true},"_inline_size_tablet":33,"margin_tablet":{"unit":"px","top":"0","right":"0","bottom":"30","left":"0","isLinked":false}},"elements":[{"id":"1c8e9dd4","settings":{"title":"Easy Shopping","align":"center","title_color":"#ffffff","typography_typography":"custom","typography_font_family":"Nunito","typography_font_size":{"unit":"rem","size":""},"typography_line_height":{"unit":"px","size":30},"typography_font_weight":"bold"},"elements":[],"isInner":false,"widgetType":"heading","elType":"widget"},{"id":"87f6720","settings":{"align":"center","text_color":"#ffffff","typography_typography":"custom","typography_font_family":"Nunito","typography_font_size":{"unit":"px","size":16},"typography_line_height":{"unit":"px","size":24},"editor":"<p>Creative layouts to build your great shop, powered by the most popular WordPress eCommerce engine.<\/p>"},"elements":[],"isInner":false,"widgetType":"text-editor","elType":"widget"},{"id":"7a268527","settings":{"text":"Go to Demo","align":"center","size":"md","icon_align":"right","icon_indent":{"unit":"px","size":21},"typography_typography":"custom","typography_font_family":"Nunito","typography_font_size":{"unit":"px","size":12},"typography_font_weight":"800","typography_text_transform":"uppercase","typography_letter_spacing":{"unit":"px","size":0.5},"button_text_color":"#ffffff","background_color":"rgba(251,228,222,0)","border_border":"solid","border_width":{"unit":"px","top":"0","right":"0","bottom":"2","left":"0","isLinked":false},"border_color":"#ffffff","border_radius":{"unit":"px","top":"0","right":"0","bottom":"0","left":"0","isLinked":true},"text_padding":{"unit":"px","top":"14","right":"20","bottom":"8","left":"20","isLinked":false},"typography_line_height":{"unit":"px","size":12},"hover_color":"#2572ff","button_background_hover_color":"#ffffff"},"elements":[],"isInner":false,"widgetType":"button","elType":"widget"}],"isInner":true,"elType":"column"}],"isInner":true,"elType":"section"},{"id":"4ebef686","settings":{"text":"Buy Now","align":"center","size":"md","icon":"fa fa-arrow-right","icon_align":"right","icon_indent":{"unit":"px","size":21},"typography_typography":"custom","typography_font_family":"Poppins","typography_font_size":{"unit":"px","size":14},"typography_font_weight":"600","typography_text_transform":"uppercase","typography_letter_spacing":{"unit":"px","size":0.5},"button_text_color":"#2572ff","background_color":"#ffffff","hover_color":"#ffffff","button_background_hover_color":"#2572ff","border_radius":{"unit":"px","top":"50","right":"50","bottom":"50","left":"50","isLinked":true},"text_padding":{"unit":"px","top":"18","right":"38","bottom":"18","left":"38","isLinked":false},"border_border":"solid","border_width":{"unit":"px","top":"2","right":"2","bottom":"2","left":"2","isLinked":true},"border_color":"rgba(255,255,255,0)","_margin":{"unit":"px","top":"60","right":"0","bottom":"0","left":"0","isLinked":false},"_margin_mobile":{"unit":"px","top":"40","right":"0","bottom":"0","left":"0","isLinked":false},"selected_icon":{"value":"fas fa-arrow-right","library":"fa-solid"}},"elements":[],"isInner":false,"widgetType":"button","elType":"widget"}],"isInner":false,"elType":"column"}],"isInner":false,"elType":"section"},{"id":"7172b959","settings":{"structure":"20","padding":{"unit":"px","top":"40","right":"0","bottom":"80","left":"0","isLinked":false},"padding_tablet":{"unit":"px","top":"60","right":"20","bottom":"60","left":"20","isLinked":false},"background_image":{"id":"3532","url":"https:\/\/cliente.shazamlnv.com\/setasolar\/wp-content\/uploads\/2022\/04\/shapeoverlay1.png"},"background_position":"initial","background_repeat":"no-repeat","background_size":"cover","border_border":"solid","border_width":{"unit":"px","top":"1","right":"0","bottom":"0","left":"0","isLinked":false},"border_color":"#eeeeee","margin":{"unit":"px","top":"0","right":0,"bottom":"0","left":0,"isLinked":false},"margin_mobile":{"unit":"px","top":"0","right":0,"bottom":"0","left":0,"isLinked":false},"background_ypos":{"unit":"%","size":70}},"elements":[{"id":"464028b6","settings":{"_column_size":50,"_inline_size":50,"_inline_size_tablet":100,"content_position":"top","margin":{"unit":"px","top":"0","right":"0","bottom":"0","left":"0","isLinked":false},"margin_tablet":{"unit":"px","top":"0","right":"0","bottom":"0","left":"0","isLinked":false},"padding":{"unit":"em","top":"5","right":"3","bottom":"5","left":"5","isLinked":false},"animation":"fadeIn"},"elements":[{"id":"5506295d","settings":{"title":"Awesome Features","align":"left","align_tablet":"center","title_color":"#4054b2","typography_typography":"custom","typography_font_family":"Nunito","typography_font_size":{"unit":"px","size":18},"typography_text_transform":"capitalize","typography_line_height":{"unit":"px","size":30},"header_size":"h4","_margin":{"unit":"px","top":"0","right":"0","bottom":"-10","left":"0","isLinked":false},"_padding":{"unit":"px","top":"0","right":"0","bottom":"0","left":"0","isLinked":false},"typography_font_weight":"400","typography_font_style":"italic"},"elements":[],"isInner":false,"widgetType":"heading","elType":"widget"},{"id":"3f390c07","settings":{"title":"Fully Responsive","align":"left","align_tablet":"center","title_color":"#4054b2","typography_typography":"custom","typography_font_family":"Fredoka One","typography_font_size":{"unit":"rem","size":2.5},"typography_text_transform":"capitalize","typography_line_height":{"unit":"em","size":1.399999999999999911182158029987476766109466552734375},"_animation":"fadeIn","typography_font_weight":"100"},"elements":[],"isInner":false,"widgetType":"heading","elType":"widget"},{"id":"5bee448f","settings":{"align":"left","typography_typography":"custom","typography_font_family":"Nunito","typography_font_size":{"unit":"px","size":16},"typography_line_height":{"unit":"px","size":24},"editor":"<p>Provide your mobile users with the best experience by sharing the most detailed images.<\/p><p>Lorem ipsum dolor sit amet, consectetur adipiscing elit. Ut elit tellus, luctus nec ullamcorper mattis, pulvinar dapibus leo.<\/p>","align_tablet":"center"},"elements":[],"isInner":false,"widgetType":"text-editor","elType":"widget"},{"id":"6420a59b","settings":{"text":"Test Now","align":"left","size":"md","icon":"fa fa-arrow-right","icon_align":"right","icon_indent":{"unit":"px","size":21},"typography_typography":"custom","typography_font_family":"Nunito","typography_font_size":{"unit":"px","size":14},"typography_font_weight":"900","typography_text_transform":"uppercase","typography_letter_spacing":{"unit":"px","size":0.5},"button_text_color":"#2572ff","background_color":"#ffffff","hover_color":"#ffffff","button_background_hover_color":"#2572ff","border_radius":{"unit":"px","top":"50","right":"50","bottom":"50","left":"50","isLinked":true},"text_padding":{"unit":"px","top":"18","right":"38","bottom":"18","left":"38","isLinked":false},"border_width":{"unit":"px","top":"4","right":"4","bottom":"4","left":"4","isLinked":true},"border_color":"#2572ff","_margin":{"unit":"px","top":"30","right":"0","bottom":"0","left":"0","isLinked":false},"align_tablet":"center","_css_classes":"envato-kit-128-grad-border","selected_icon":{"value":"fas fa-arrow-right","library":"fa-solid"}},"elements":[],"isInner":false,"widgetType":"button","elType":"widget"}],"isInner":false,"elType":"column"},{"id":"ec2c249","settings":{"_column_size":50,"_inline_size":null,"content_position":"center","background_image":{"id":"3533","url":"https:\/\/cliente.shazamlnv.com\/setasolar\/wp-content\/uploads\/2022\/04\/hugo-barbosa-670010-unsplash.png"},"background_position":"center right","background_repeat":"no-repeat","background_size":"contain","_inline_size_tablet":100},"elements":[{"id":"3446ed0a","settings":{"youtube_url":"https:\/\/www.youtube.com\/watch?v=9uOETcuFjbE","vimeo_url":"https:\/\/vimeo.com\/235215203","dailymotion_url":"https:\/\/www.dailymotion.com\/video\/x6koazf","show_image_overlay":"yes","image_overlay":{"id":"3519","url":"https:\/\/cliente.shazamlnv.com\/setasolar\/wp-content\/uploads\/2022\/04\/image-from-rawpixel-id-456067-deriv-1.png"},"lightbox":"yes","play_icon_color":"#2572ff","play_icon_size":{"unit":"px","size":80},"play_icon_text_shadow_text_shadow_type":"yes","play_icon_text_shadow_text_shadow":{"horizontal":0,"vertical":0,"blur":10,"color":"rgba(0,0,0,0)"},"_animation":"fadeIn"},"elements":[],"isInner":false,"widgetType":"video","elType":"widget"}],"isInner":false,"elType":"column"}],"isInner":false,"elType":"section"},{"id":"3647ff33","settings":{"background_background":"classic","background_position":"initial","background_repeat":"repeat-y","background_size":"cover","background_overlay_background":"classic","background_overlay_position":"initial","background_overlay_repeat":"no-repeat","background_overlay_size":"initial","background_overlay_opacity":{"unit":"px","size":1},"padding":{"unit":"px","top":"0140","right":"0","bottom":"80","left":"0","isLinked":false},"background_color":"#ffffff","layout":"full_width","background_xpos":{"unit":"%","size":50},"background_ypos":{"unit":"px","size":-17},"background_bg_width":{"unit":"px","size":877},"background_overlay_color":"#ffffff","background_overlay_image":{"id":"3534","url":"https:\/\/cliente.shazamlnv.com\/setasolar\/wp-content\/uploads\/2022\/04\/mountains-graphic-cc0.png"},"background_overlay_xpos":{"unit":"px","size":175},"background_overlay_bg_width":{"unit":"vw","size":100},"css_filters_saturate":{"unit":"px","size":0},"shape_divider_top":"curve","shape_divider_top_width":{"unit":"%","size":124},"shape_divider_top_negative":"yes","background_overlay_image_mobile":{"id":"3534","url":"https:\/\/cliente.shazamlnv.com\/setasolar\/wp-content\/uploads\/2022\/04\/mountains-graphic-cc0.png"},"background_overlay_position_mobile":"bottom right","background_overlay_xpos_mobile":{"unit":"px","size":-41},"background_overlay_ypos_mobile":{"unit":"px","size":-244},"background_overlay_size_mobile":"initial","margin_mobile":{"unit":"px","top":"0","right":0,"bottom":"0","left":0,"isLinked":true},"padding_mobile":{"unit":"em","top":"","right":"","bottom":"","left":"","isLinked":true}},"elements":[{"id":"54c6a166","settings":{"_column_size":100,"padding":{"unit":"px","top":"0","right":"0","bottom":"0","left":"0","isLinked":false}},"elements":[{"id":"59c989fb","settings":{"content_width":{"unit":"px","size":700}},"elements":[{"id":"49ba266f","settings":{"_column_size":100,"_inline_size":null,"margin_tablet":{"unit":"%","top":"0","right":"36","bottom":"0","left":"0","isLinked":false},"margin_mobile":{"unit":"px","top":"0","right":"0","bottom":"0","left":"0","isLinked":true}},"elements":[{"id":"63fb8d42","settings":{"image":{"id":"3535","url":"https:\/\/cliente.shazamlnv.com\/setasolar\/wp-content\/uploads\/2022\/04\/connector.png"},"image_size":"full","_animation":"fadeInDown","_margin":{"unit":"px","top":"-230","right":"0","bottom":"80","left":"0","isLinked":false}},"elements":[],"isInner":false,"widgetType":"image","elType":"widget"},{"id":"154cc5cd","settings":{"title":"Your Content. Your Way","align":"center","align_tablet":"left","title_color":"#000000","typography_typography":"custom","typography_font_family":"Fredoka One","typography_font_size":{"unit":"rem","size":3},"typography_text_transform":"capitalize","typography_line_height":{"unit":"em","size":1.399999999999999911182158029987476766109466552734375},"_animation":"fadeIn","typography_font_weight":"100","align_mobile":"center","typography_font_size_tablet":{"unit":"px","size":37},"_margin_mobile":{"unit":"px","top":"0","right":"0","bottom":"0","left":"0","isLinked":true},"_padding_mobile":{"unit":"px","top":"0","right":"0","bottom":"0","left":"0","isLinked":true}},"elements":[],"isInner":false,"widgetType":"heading","elType":"widget"},{"id":"129b976a","settings":{"align":"center","typography_typography":"custom","typography_font_family":"Nunito","typography_font_size":{"unit":"px","size":16},"typography_line_height":{"unit":"px","size":24},"editor":"<p>Te maiorum pericula neglegentur sit, pro fabulas iracundia ad. Ne vim facilis feugait moderatius, nec eu perpetua scriptorem referrentur. Ut alii delicata mei.\u00a0<\/p>","align_tablet":"left","_margin_tablet":{"unit":"px","top":"-20","right":"0","bottom":"0","left":"0","isLinked":false},"_padding_tablet":{"unit":"px","top":"0","right":"0","bottom":"0","left":"0","isLinked":false},"align_mobile":"center"},"elements":[],"isInner":false,"widgetType":"text-editor","elType":"widget"}],"isInner":true,"elType":"column"}],"isInner":true,"elType":"section"},{"id":"26212a00","settings":{"structure":"80","margin":{"unit":"px","top":"50","right":0,"bottom":"40","left":0,"isLinked":false},"margin_tablet":{"unit":"px","top":"30","right":0,"bottom":"0","left":0,"isLinked":false},"animation":"fadeIn","layout":"full_width"},"elements":[{"id":"2885e6ae","settings":{"_column_size":12,"_inline_size":null,"_inline_size_tablet":50,"margin_tablet":{"unit":"px","top":"40","right":"0","bottom":"0","left":"0","isLinked":false}},"elements":[{"id":"6216bb29","settings":{"image":{"id":"3536","url":"https:\/\/cliente.shazamlnv.com\/setasolar\/wp-content\/uploads\/2022\/04\/masonry.png"},"image_border_radius":{"unit":"px","top":"4","right":"4","bottom":"4","left":"4","isLinked":true},"image_box_shadow_box_shadow_type":"yes","image_box_shadow_box_shadow":{"horizontal":-10,"vertical":-10,"blur":50,"spread":0,"color":"rgba(0,0,0,0.1)"},"align":"center","width":{"unit":"%","size":51}},"elements":[],"isInner":false,"widgetType":"image","elType":"widget"}],"isInner":true,"elType":"column"},{"id":"563ef500","settings":{"_column_size":12,"_inline_size":null,"_inline_size_tablet":50,"margin_tablet":{"unit":"px","top":"40","right":"0","bottom":"0","left":"0","isLinked":false}},"elements":[{"id":"7d312a51","settings":{"image":{"id":"3537","url":"https:\/\/cliente.shazamlnv.com\/setasolar\/wp-content\/uploads\/2022\/04\/list.png"},"image_border_radius":{"unit":"px","top":"4","right":"4","bottom":"4","left":"4","isLinked":true},"image_box_shadow_box_shadow_type":"yes","image_box_shadow_box_shadow":{"horizontal":-10,"vertical":-10,"blur":50,"spread":0,"color":"rgba(0,0,0,0.1)"},"width":{"unit":"%","size":81}},"elements":[],"isInner":false,"widgetType":"image","elType":"widget"}],"isInner":true,"elType":"column"},{"id":"72e74f43","settings":{"_column_size":12,"_inline_size":null,"_inline_size_tablet":50},"elements":[{"id":"6dd57731","settings":{"image":{"id":"3525","url":"https:\/\/cliente.shazamlnv.com\/setasolar\/wp-content\/uploads\/2022\/04\/on_image_like.png"},"image_border_radius":{"unit":"px","top":"4","right":"4","bottom":"4","left":"4","isLinked":true},"image_box_shadow_box_shadow_type":"yes","image_box_shadow_box_shadow":{"horizontal":-10,"vertical":-10,"blur":50,"spread":0,"color":"rgba(0,0,0,0.1)"}},"elements":[],"isInner":false,"widgetType":"image","elType":"widget"}],"isInner":true,"elType":"column"},{"id":"11b65f00","settings":{"_column_size":12,"_inline_size":null,"_inline_size_tablet":50,"margin_tablet":{"unit":"px","top":"40","right":"0","bottom":"0","left":"0","isLinked":false}},"elements":[{"id":"119eca32","settings":{"image":{"id":"3528","url":"https:\/\/cliente.shazamlnv.com\/setasolar\/wp-content\/uploads\/2022\/04\/default.png"},"image_border_radius":{"unit":"px","top":"4","right":"4","bottom":"4","left":"4","isLinked":true},"image_box_shadow_box_shadow_type":"yes","image_box_shadow_box_shadow":{"horizontal":-10,"vertical":-10,"blur":50,"spread":0,"color":"rgba(0,0,0,0.1)"},"align":"center","width":{"unit":"%","size":61},"_margin_mobile":{"unit":"px","top":"0","right":"0","bottom":"0","left":"0","isLinked":true},"_padding_mobile":{"unit":"px","top":"0","right":"0","bottom":"0","left":"0","isLinked":true}},"elements":[],"isInner":false,"widgetType":"image","elType":"widget"}],"isInner":true,"elType":"column"},{"id":"2b042510","settings":{"_column_size":12,"_inline_size":null,"_inline_size_tablet":50,"content_position":"center"},"elements":[{"id":"20177e17","settings":{"image":{"id":"3526","url":"https:\/\/cliente.shazamlnv.com\/setasolar\/wp-content\/uploads\/2022\/04\/under_image.png"},"image_border_radius":{"unit":"px","top":"4","right":"4","bottom":"4","left":"4","isLinked":true},"image_box_shadow_box_shadow_type":"yes","image_box_shadow_box_shadow":{"horizontal":-10,"vertical":-10,"blur":50,"spread":0,"color":"rgba(0,0,0,0.1)"},"align":"center","width":{"unit":"%","size":53},"_margin_mobile":{"unit":"px","top":"0","right":"0","bottom":"0","left":"0","isLinked":true},"_padding_mobile":{"unit":"px","top":"0","right":"0","bottom":"0","left":"0","isLinked":true}},"elements":[],"isInner":false,"widgetType":"image","elType":"widget"}],"isInner":true,"elType":"column"},{"id":"23bac24d","settings":{"_column_size":12,"_inline_size":null,"_inline_size_tablet":50,"margin_tablet":{"unit":"px","top":"40","right":"0","bottom":"0","left":"0","isLinked":false}},"elements":[{"id":"5479ccb3","settings":{"image":{"id":"3527","url":"https:\/\/cliente.shazamlnv.com\/setasolar\/wp-content\/uploads\/2022\/04\/on_image.png"},"image_border_radius":{"unit":"px","top":"4","right":"4","bottom":"4","left":"4","isLinked":true},"image_box_shadow_box_shadow_type":"yes","image_box_shadow_box_shadow":{"horizontal":-10,"vertical":-10,"blur":50,"spread":0,"color":"rgba(0,0,0,0.1)"},"align":"left","width":{"unit":"%","size":82},"align_mobile":"center","_margin_mobile":{"unit":"px","top":"0","right":"0","bottom":"0","left":"0","isLinked":true},"_padding_mobile":{"unit":"px","top":"0","right":"0","bottom":"0","left":"0","isLinked":true}},"elements":[],"isInner":false,"widgetType":"image","elType":"widget"}],"isInner":true,"elType":"column"},{"id":"f29c759","settings":{"_column_size":12,"_inline_size":null,"_inline_size_tablet":50,"margin_tablet":{"unit":"px","top":"40","right":"0","bottom":"0","left":"0","isLinked":false},"content_position":"center"},"elements":[{"id":"6a0e7063","settings":{"image":{"id":"3529","url":"https:\/\/cliente.shazamlnv.com\/setasolar\/wp-content\/uploads\/2022\/04\/masonry_border.png"},"image_border_radius":{"unit":"px","top":"4","right":"4","bottom":"4","left":"4","isLinked":true},"image_box_shadow_box_shadow_type":"yes","image_box_shadow_box_shadow":{"horizontal":-10,"vertical":-10,"blur":50,"spread":0,"color":"rgba(0,0,0,0.1)"},"align":"center","_margin":{"unit":"px","top":"0","right":"0","bottom":"0","left":"0","isLinked":false}},"elements":[],"isInner":false,"widgetType":"image","elType":"widget"}],"isInner":true,"elType":"column"},{"id":"25c21434","settings":{"_column_size":12,"_inline_size":null,"_inline_size_tablet":50,"margin_tablet":{"unit":"px","top":"40","right":"0","bottom":"0","left":"0","isLinked":false}},"elements":[{"id":"474f1da7","settings":{"image":{"id":"3538","url":"https:\/\/cliente.shazamlnv.com\/setasolar\/wp-content\/uploads\/2022\/04\/under_image_border.png"},"image_border_radius":{"unit":"px","top":"4","right":"4","bottom":"4","left":"4","isLinked":true},"image_box_shadow_box_shadow_type":"yes","image_box_shadow_box_shadow":{"horizontal":-10,"vertical":-10,"blur":50,"spread":0,"color":"rgba(0,0,0,0.1)"},"width":{"unit":"%","size":58},"_margin_mobile":{"unit":"px","top":"0","right":"0","bottom":"0","left":"0","isLinked":true},"_padding_mobile":{"unit":"px","top":"0","right":"0","bottom":"0","left":"0","isLinked":true}},"elements":[],"isInner":false,"widgetType":"image","elType":"widget"}],"isInner":true,"elType":"column"}],"isInner":true,"elType":"section"},{"id":"7ad5655b","settings":{"structure":"20"},"elements":[{"id":"1df0fd5b","settings":{"_column_size":50,"_inline_size":null},"elements":[{"id":"7464fac","settings":{"text":"Free Download","align":"right","size":"md","icon_align":"right","icon_indent":{"unit":"px","size":14},"typography_typography":"custom","typography_font_family":"Nunito","typography_font_size":{"unit":"px","size":14},"typography_font_weight":"900","typography_text_transform":"uppercase","typography_letter_spacing":{"unit":"px","size":0.5},"button_text_color":"#ffffff","background_color":"#2572ff","hover_color":"#ffffff","button_background_hover_color":"#ff26cc","border_radius":{"unit":"px","top":"30","right":"30","bottom":"30","left":"30","isLinked":true},"text_padding":{"unit":"px","top":"20","right":"40","bottom":"20","left":"40","isLinked":false},"border_width":{"unit":"px","top":"2","right":"2","bottom":"2","left":"2","isLinked":true},"border_color":"#2572ff","align_tablet":"right","_margin":{"unit":"px","top":"30","right":"0","bottom":"0","left":"0","isLinked":false},"_margin_mobile":{"unit":"px","top":"0","right":"0","bottom":"0","left":"0","isLinked":false},"_padding":{"unit":"px","top":"0","right":"0","bottom":"0","left":"0","isLinked":true},"_animation":"fadeIn","icon":"fa fa-cloud-download","align_mobile":"center","selected_icon":{"value":"fas fa-cloud-download-alt","library":"fa-solid"}},"elements":[],"isInner":false,"widgetType":"button","elType":"widget"}],"isInner":true,"elType":"column"},{"id":"46941b67","settings":{"_column_size":50,"_inline_size":null,"margin_mobile":{"unit":"px","top":"0","right":"0","bottom":"0","left":"0","isLinked":true},"padding_mobile":{"unit":"px","top":"0","right":"0","bottom":"0","left":"0","isLinked":true}},"elements":[{"id":"4ddb5a70","settings":{"text":"All Features","align":"left","size":"md","icon":"fa fa-arrow-right","icon_align":"right","icon_indent":{"unit":"px","size":21},"typography_typography":"custom","typography_font_family":"Nunito","typography_font_size":{"unit":"px","size":14},"typography_font_weight":"900","typography_text_transform":"uppercase","typography_letter_spacing":{"unit":"px","size":0.5},"button_text_color":"#2572ff","background_color":"#ffffff","hover_color":"#ffffff","button_background_hover_color":"#2572ff","border_radius":{"unit":"px","top":"50","right":"50","bottom":"50","left":"50","isLinked":true},"text_padding":{"unit":"px","top":"18","right":"38","bottom":"18","left":"38","isLinked":false},"border_width":{"unit":"px","top":"4","right":"4","bottom":"4","left":"4","isLinked":true},"border_color":"#2572ff","_margin":{"unit":"px","top":"30","right":"0","bottom":"0","left":"0","isLinked":false},"align_tablet":"left","_css_classes":"envato-kit-128-grad-border","align_mobile":"center","selected_icon":{"value":"fas fa-arrow-right","library":"fa-solid"}},"elements":[],"isInner":false,"widgetType":"button","elType":"widget"}],"isInner":true,"elType":"column"}],"isInner":true,"elType":"section"}],"isInner":false,"elType":"column"}],"isInner":false,"elType":"section"}],"page_settings":[],"version":"0.4","title":"PRODUTOS DIGITAL","type":"section"}