{"content":[{"id":"2dbea317","settings":{"content_width":{"unit":"px","size":700,"sizes":[]},"background_background":"classic","background_image":{"id":"3356","url":"https:\/\/cliente.shazamlnv.com\/setasolar\/wp-content\/uploads\/2022\/04\/whitney-wright-Nrz18y9kgPU-unsplash-min.jpg"},"padding":{"unit":"px","top":"120","right":"0","bottom":"120","left":"0","isLinked":""},"background_attachment":"fixed","background_overlay_background":"classic","background_overlay_color":"#272738","background_overlay_opacity":{"unit":"px","size":0.4899999999999999911182158029987476766109466552734375,"sizes":[]},"overlay_blend_mode":"multiply","shape_divider_bottom_color":"#272738","shape_divider_bottom_height":{"unit":"px","size":104,"sizes":[]},"height":"min-height","custom_height_tablet":{"unit":"vh","size":50,"sizes":[]},"custom_height_mobile":{"unit":"vh","size":100,"sizes":[]},"background_position":"center center","background_ypos":{"unit":"vh","size":-57,"sizes":[]},"background_repeat":"no-repeat","background_size":"cover","shape_divider_top_color":"#FFFFFF","shape_divider_top_width":{"unit":"%","size":100,"sizes":[]},"shape_divider_top_height":{"unit":"px","size":55,"sizes":[]},"padding_tablet":{"unit":"px","top":"0","right":"0","bottom":"0","left":"0","isLinked":""},"custom_height":{"unit":"vh","size":50,"sizes":[]}},"elements":[{"id":"28f2ef9c","settings":{"_column_size":"100"},"elements":[{"id":"4d70a13b","settings":{"title":"Taste","header_size":"h1","align":"center","title_color":"#EFE9D8","typography_typography":"custom","typography_font_family":"Bellefair","typography_font_size":{"unit":"em","size":4.5999999999999996447286321199499070644378662109375,"sizes":[]},"typography_text_transform":"uppercase","typography_font_size_tablet":{"unit":"px","size":"60","sizes":[]},"typography_font_size_mobile":{"unit":"em","size":"3","sizes":[]},"align_tablet":"center","typography_font_weight":"600"},"elements":[],"isInner":false,"widgetType":"heading","elType":"widget"},{"id":"23147516","settings":{"title":"of the","header_size":"h5","align":"center","title_color":"#efedd8","typography_typography":"custom","typography_font_family":"Belleza","typography_font_size":{"unit":"em","size":"1","sizes":[]},"typography_text_transform":"uppercase","typography_letter_spacing":{"unit":"px","size":"20","sizes":[]}},"elements":[],"isInner":false,"widgetType":"heading","elType":"widget"},{"id":"1ededcc0","settings":{"title":"mediterranean","header_size":"h1","align":"center","title_color":"#EFE9D8","typography_typography":"custom","typography_font_family":"Bellefair","typography_font_size":{"unit":"em","size":4.5999999999999996447286321199499070644378662109375,"sizes":[]},"typography_text_transform":"uppercase","typography_font_size_tablet":{"unit":"px","size":"60","sizes":[]},"typography_font_size_mobile":{"unit":"em","size":2.29999999999999982236431605997495353221893310546875,"sizes":[]},"align_tablet":"center","typography_font_weight":"600"},"elements":[],"isInner":false,"widgetType":"heading","elType":"widget"},{"id":"1166cc0d","settings":{"editor":"<p>Lorem ipsum dolor sit amet, consectetur adipiscing elit, sed do eiusmod tempor incididunt ut labore et dolore magna aliqua<\/p>","typography_typography":"custom","typography_font_family":"Belleza","typography_font_size":{"unit":"em","size":1.100000000000000088817841970012523233890533447265625,"sizes":[]},"typography_line_height":{"unit":"em","size":"1.6","sizes":[]},"align":"center","text_color":"#FFFFFF","typography_font_style":"italic"},"elements":[],"isInner":false,"widgetType":"text-editor","elType":"widget"},{"id":"16699267","settings":{"text":"Book a table","typography_typography":"custom","typography_font_family":"Arapey","typography_font_size":{"unit":"px","size":"14","sizes":[]},"typography_font_weight":"400","typography_text_transform":"uppercase","typography_letter_spacing":{"unit":"px","size":"2","sizes":[]},"button_text_color":"#FFFFFF","background_color":"#E39B44","border_border":"double","border_width":{"unit":"px","top":"4","right":"4","bottom":"4","left":"4","isLinked":"1"},"border_color":"#FFFFFF","border_radius":{"unit":"px","top":"2","right":"2","bottom":"2","left":"2","isLinked":"1"},"text_padding":{"unit":"px","top":"16","right":"30","bottom":"16","left":"30","isLinked":""},"align":"center","button_background_hover_color":"#EFE9D8","align_tablet":"center","hover_color":"#272738","button_hover_border_color":"#EFE9D8","button_box_shadow_box_shadow":{"horizontal":"5","vertical":"-5","blur":"0","spread":"0","color":"#EFE9D8"},"align_mobile":"justify","_margin_mobile":{"unit":"px","top":"0","right":"11","bottom":"0","left":"0","isLinked":false}},"elements":[],"isInner":false,"widgetType":"button","elType":"widget"}],"isInner":"","elType":"column"}],"isInner":"","elType":"section"},{"id":"2ac9ab01","settings":{"padding":{"unit":"px","top":"40","right":"0","bottom":"40","left":"0","isLinked":""},"padding_tablet":{"unit":"px","top":"20","right":"0","bottom":"0","left":"0","isLinked":""},"background_background":"classic","background_color":"#272738","layout":"full_width","height":"min-height","custom_height":{"unit":"vh","size":31,"sizes":[]},"background_position":"initial","background_xpos":{"unit":"px","size":-551,"sizes":[]},"background_ypos":{"unit":"px","size":42,"sizes":[]},"background_repeat":"no-repeat","background_size":"auto","background_overlay_image":{"id":"3357","url":"https:\/\/cliente.shazamlnv.com\/setasolar\/wp-content\/uploads\/2022\/04\/Chalkboard-Background.jpg"},"background_overlay_attachment":"fixed","background_overlay_size":"cover","background_overlay_opacity":{"unit":"px","size":0.340000000000000024424906541753443889319896697998046875,"sizes":[]},"overlay_blend_mode":"luminosity","margin_tablet":{"unit":"px","top":"0","right":"0","bottom":"0","left":"0","isLinked":""},"margin_mobile":{"unit":"px","top":"30","right":"0","bottom":"0","left":"0","isLinked":""},"background_overlay_background":"classic"},"elements":[{"id":"7776ed8c","settings":{"_column_size":"100"},"elements":[{"id":"3c4f7f68","settings":{"style":"squared","text":"Divider","color":"#EFE9D8","_margin":{"unit":"px","top":"-68","right":"0","bottom":"0","left":"0","isLinked":false}},"elements":[],"isInner":false,"widgetType":"divider","elType":"widget"},{"id":"6625fe1b","settings":{"structure":"30","margin_tablet":{"unit":"px","top":"0","right":"0","bottom":"0","left":"0","isLinked":""}},"elements":[{"id":"31a1c494","settings":{"_column_size":"33","_inline_size":27.018000000000000682121026329696178436279296875,"_inline_size_tablet":"100","content_position":"center"},"elements":[{"id":"43219109","settings":{"title":"Only Fresh Ingredients\n","align":"left","title_color":"#EFE9D8","typography_typography":"custom","typography_font_family":"Bellefair","typography_font_size":{"unit":"em","size":4,"sizes":[]},"typography_font_size_mobile":{"unit":"em","size":"3","sizes":[]},"align_tablet":"center","typography_font_size_tablet":{"unit":"px","size":"60","sizes":[]},"typography_font_weight":"900"},"elements":[],"isInner":false,"widgetType":"heading","elType":"widget"}],"isInner":"1","elType":"column"},{"id":"78f80be8","settings":{"_column_size":"33","_inline_size":39.31499999999999772626324556767940521240234375,"_inline_size_tablet":"100","padding":{"unit":"px","top":"0","right":"50","bottom":"0","left":"50","isLinked":""},"padding_mobile":{"unit":"em","top":"1","right":"1","bottom":"1","left":"1","isLinked":true},"content_position":"center"},"elements":[{"id":"2da740ec","settings":{"editor":"<p>How fresh ingredients are can play a factor in the taste of food. If a chef is working with old chicken or fish, those proteins are going to lose out on their flavor.\u00a0<\/p>","typography_typography":"custom","typography_font_family":"Belleza","typography_font_size":{"unit":"em","size":1.100000000000000088817841970012523233890533447265625,"sizes":[]},"typography_line_height":{"unit":"em","size":"1.6","sizes":[]},"align":"left","align_tablet":"center","text_color":"#FFFFFF","typography_font_style":"italic"},"elements":[],"isInner":false,"widgetType":"text-editor","elType":"widget"}],"isInner":"1","elType":"column"},{"id":"3262ffab","settings":{"_column_size":"33","_inline_size_tablet":"100","padding":{"unit":"em","top":"","right":"","bottom":"","left":"","isLinked":""},"content_position":"center"},"elements":[{"id":"6696a1ab","settings":{"icon_list":[{"text":"Offer house-made dressings and sauces using fresh ingredients","selected_icon":{"value":"far fa-check-circle","library":"fa-regular"},"_id":"5b384e2"},{"text":"Use fresh herbs and spices","selected_icon":{"value":"far fa-check-circle","library":"fa-regular"},"_id":"d97b3e5"},{"text":"Limit the use of processed foods","selected_icon":{"value":"far fa-check-circle","library":"fa-regular"},"_id":"386339e"}],"space_between":{"unit":"px","size":"10","sizes":[]},"icon_color":"#EFE9D8","icon_size":{"unit":"px","size":16,"sizes":[]},"text_indent":{"unit":"px","size":"18","sizes":[]},"icon_typography_typography":"custom","icon_typography_font_family":"Belleza","icon_typography_font_size":{"unit":"em","size":0.8000000000000000444089209850062616169452667236328125,"sizes":[]},"icon_typography_font_weight":"100","text_color":"#FFFFFF","icon_typography_line_height":{"unit":"em","size":1.399999999999999911182158029987476766109466552734375,"sizes":[]},"icon_typography_letter_spacing":{"unit":"px","size":0.40000000000000002220446049250313080847263336181640625,"sizes":[]},"icon_align_tablet":"center","icon_typography_text_transform":"uppercase"},"elements":[],"isInner":false,"widgetType":"icon-list","elType":"widget"}],"isInner":"1","elType":"column"}],"isInner":"1","elType":"section"},{"id":"28cd83da","settings":{"space":{"unit":"px","size":"30","sizes":[]}},"elements":[],"isInner":false,"widgetType":"spacer","elType":"widget"},{"id":"7857b19f","settings":{"structure":"20"},"elements":[{"id":"81d72e0","settings":{"_column_size":"50","_inline_size_tablet":50},"elements":[{"id":"2e370d09","settings":{"image":{"id":"3358","url":"https:\/\/cliente.shazamlnv.com\/setasolar\/wp-content\/uploads\/2022\/04\/jay-wennington-N_Y88TWmGwA-unsplas1h-min.jpg"},"image_size":"medium_large","image_custom_dimension":{"width":"600","height":""},"image_border_width":{"unit":"px","top":"4","right":"4","bottom":"4","left":"4","isLinked":"1"},"image_border_color":"#272738","image_box_shadow_box_shadow":{"horizontal":"-10","vertical":"-10","blur":"0","spread":"0","color":"#efedd8"},"_margin":{"unit":"%","top":"","right":"","bottom":"","left":"","isLinked":""},"_margin_tablet":{"unit":"px","top":"0","right":"0","bottom":"0","left":"0","isLinked":""},"_padding_tablet":{"unit":"px","top":"0","right":"0","bottom":"0","left":"0","isLinked":""},"image_border_border":"double","image_border_radius":{"unit":"px","top":"4","right":"4","bottom":"4","left":"4","isLinked":true}},"elements":[],"isInner":false,"widgetType":"image","elType":"widget"}],"isInner":"1","elType":"column"},{"id":"3b25567c","settings":{"_column_size":"50","_inline_size_tablet":50},"elements":[{"id":"7d686162","settings":{"image":{"id":"3359","url":"https:\/\/cliente.shazamlnv.com\/setasolar\/wp-content\/uploads\/2022\/04\/jason-leung-poI7DelFiVA-unsplash-min.jpg"},"image_size":"medium_large","image_custom_dimension":{"width":"600","height":""},"image_border_width":{"unit":"px","top":"4","right":"4","bottom":"4","left":"4","isLinked":"1"},"image_border_color":"#272738","image_box_shadow_box_shadow":{"horizontal":"-10","vertical":"-10","blur":"0","spread":"0","color":"#efedd8"},"_margin":{"unit":"%","top":"","right":"","bottom":"","left":"","isLinked":""},"_margin_tablet":{"unit":"px","top":"0","right":"0","bottom":"0","left":"0","isLinked":""},"_padding_tablet":{"unit":"px","top":"0","right":"0","bottom":"0","left":"0","isLinked":""},"image_border_border":"double","image_border_radius":{"unit":"px","top":"4","right":"4","bottom":"4","left":"4","isLinked":true}},"elements":[],"isInner":false,"widgetType":"image","elType":"widget"}],"isInner":"1","elType":"column"}],"isInner":"1","elType":"section"},{"id":"6a48b9f3","settings":{"style":"squared","text":"Divider","color":"#EFE9D8","gap":{"unit":"px","size":30,"sizes":[]},"_margin":{"unit":"px","top":"30","right":"0","bottom":"-40","left":"0","isLinked":false}},"elements":[],"isInner":false,"widgetType":"divider","elType":"widget"}],"isInner":"","elType":"column"}],"isInner":"","elType":"section"},{"id":"34f9a4e0","settings":{"background_background":"classic","background_color":"#272738","background_position":"initial","background_repeat":"no-repeat","background_size":"auto","background_overlay_opacity":{"unit":"px","size":0.340000000000000024424906541753443889319896697998046875,"sizes":[]},"padding":{"unit":"px","top":"40","right":"0","bottom":"80","left":"0","isLinked":""},"background_color_b":"#F2295B","background_overlay_image":{"id":"3357","url":"https:\/\/cliente.shazamlnv.com\/setasolar\/wp-content\/uploads\/2022\/04\/Chalkboard-Background.jpg"},"background_overlay_attachment":"fixed","background_overlay_size":"cover","custom_height":{"unit":"vh","size":30,"sizes":[]},"background_overlay_background":"classic","overlay_blend_mode":"luminosity","layout":"full_width","height":"min-height","background_xpos":{"unit":"px","size":-551,"sizes":[]},"background_ypos":{"unit":"px","size":42,"sizes":[]},"margin_tablet":{"unit":"px","top":"0","right":"0","bottom":"0","left":"0","isLinked":""},"margin_mobile":{"unit":"px","top":"30","right":"0","bottom":"0","left":"0","isLinked":""},"padding_tablet":{"unit":"px","top":"20","right":"0","bottom":"0","left":"0","isLinked":""}},"elements":[{"id":"3f2ea2ae","settings":{"_column_size":"100","content_position":"center","padding":{"unit":"px","top":"","right":"","bottom":"","left":"","isLinked":""},"padding_tablet":{"unit":"em","top":"3","right":"3","bottom":"3","left":"3","isLinked":true}},"elements":[{"id":"33733f8f","settings":{"structure":"40"},"elements":[{"id":"f3daabb","settings":{"_column_size":"25","_inline_size_tablet":50},"elements":[{"id":"230af040","settings":{"image":{"id":"3360","url":"https:\/\/cliente.shazamlnv.com\/setasolar\/wp-content\/uploads\/2022\/04\/lily-banse-YHSwy6uqvk-unsplash.png"},"image_size":"thumbnail","image_custom_dimension":{"width":"","height":"70"},"_margin":{"unit":"px","top":"0","right":"0","bottom":"10","left":"0","isLinked":""},"opacity":{"unit":"px","size":1,"sizes":[]},"css_filters_brightness":{"unit":"px","size":107,"sizes":[]},"css_filters_contrast":{"unit":"px","size":113,"sizes":[]},"width":{"unit":"%","size":50,"sizes":[]},"css_filters_css_filter":"custom","css_filters_saturate":{"unit":"px","size":96,"sizes":[]}},"elements":[],"isInner":false,"widgetType":"image","elType":"widget"},{"id":"2a039995","settings":{"title":"Dinner","header_size":"h4","align":"center","title_color":"#FFFFFF","typography_typography":"custom","typography_font_family":"Bellefair","typography_font_size":{"unit":"em","size":2,"sizes":[]},"typography_text_transform":"capitalize","typography_font_weight":"400","align_tablet":"center","typography_font_size_tablet":{"unit":"px","size":"60","sizes":[]},"typography_font_size_mobile":{"unit":"em","size":"3","sizes":[]}},"elements":[],"isInner":false,"widgetType":"heading","elType":"widget"},{"id":"27373460","settings":{"editor":"Sed ut perspiciatis unde omnis iste natus error sit voluptatem accusa ntium doloremque.","typography_typography":"custom","typography_font_family":"Belleza","typography_font_size":{"unit":"em","size":1,"sizes":[]},"typography_line_height":{"unit":"em","size":"1.6","sizes":[]},"align":"center","text_color":"#FFFFFF","typography_font_weight":"200","typography_font_style":"italic"},"elements":[],"isInner":false,"widgetType":"text-editor","elType":"widget"}],"isInner":"1","elType":"column"},{"id":"e0420b4","settings":{"_column_size":"25","_inline_size_tablet":50},"elements":[{"id":"2fec9eac","settings":{"image":{"id":"3361","url":"https:\/\/cliente.shazamlnv.com\/setasolar\/wp-content\/uploads\/2022\/04\/food1.png"},"image_size":"thumbnail","image_custom_dimension":{"width":"","height":"70"},"_margin":{"unit":"px","top":"0","right":"0","bottom":"10","left":"0","isLinked":""},"opacity":{"unit":"px","size":1,"sizes":[]},"css_filters_brightness":{"unit":"px","size":153,"sizes":[]},"css_filters_contrast":{"unit":"px","size":102,"sizes":[]},"width":{"unit":"%","size":50,"sizes":[]},"css_filters_css_filter":"custom","css_filters_saturate":{"unit":"px","size":67,"sizes":[]}},"elements":[],"isInner":false,"widgetType":"image","elType":"widget"},{"id":"b0d2cd0","settings":{"title":"Lunch","header_size":"h4","align":"center","title_color":"#FFFFFF","typography_typography":"custom","typography_font_family":"Bellefair","typography_font_size":{"unit":"em","size":2,"sizes":[]},"typography_text_transform":"capitalize","typography_font_weight":"400","align_tablet":"center","typography_font_size_tablet":{"unit":"px","size":"60","sizes":[]},"typography_font_size_mobile":{"unit":"em","size":"3","sizes":[]}},"elements":[],"isInner":false,"widgetType":"heading","elType":"widget"},{"id":"2f26c7b7","settings":{"editor":"Sed ut perspiciatis unde omnis iste natus error sit voluptatem accusa ntium doloremque.","typography_typography":"custom","typography_font_family":"Belleza","typography_font_size":{"unit":"em","size":1,"sizes":[]},"typography_line_height":{"unit":"em","size":"1.6","sizes":[]},"align":"center","text_color":"#FFFFFF","typography_font_weight":"200","typography_font_style":"italic"},"elements":[],"isInner":false,"widgetType":"text-editor","elType":"widget"}],"isInner":"1","elType":"column"},{"id":"57b3352f","settings":{"_column_size":"25","_inline_size_tablet":50},"elements":[{"id":"70a1d1c8","settings":{"image":{"id":"3362","url":"https:\/\/cliente.shazamlnv.com\/setasolar\/wp-content\/uploads\/2022\/04\/food3.png"},"image_size":"thumbnail","image_custom_dimension":{"width":"","height":"70"},"_margin":{"unit":"px","top":"0","right":"0","bottom":"10","left":"0","isLinked":""},"opacity":{"unit":"px","size":1,"sizes":[]},"css_filters_brightness":{"unit":"px","size":102,"sizes":[]},"css_filters_contrast":{"unit":"px","size":120,"sizes":[]},"css_filters_hue":{"unit":"px","size":360,"sizes":[]},"width":{"unit":"%","size":50,"sizes":[]}},"elements":[],"isInner":false,"widgetType":"image","elType":"widget"},{"id":"33e9656a","settings":{"title":"Breakfast","header_size":"h4","align":"center","title_color":"#FFFFFF","typography_typography":"custom","typography_font_family":"Bellefair","typography_font_size":{"unit":"em","size":2,"sizes":[]},"typography_text_transform":"capitalize","typography_font_weight":"400","align_tablet":"center","typography_font_size_tablet":{"unit":"px","size":"60","sizes":[]},"typography_font_size_mobile":{"unit":"em","size":"3","sizes":[]}},"elements":[],"isInner":false,"widgetType":"heading","elType":"widget"},{"id":"6ad0b028","settings":{"editor":"Sed ut perspiciatis unde omnis iste natus error sit voluptatem accusa ntium doloremque.","typography_typography":"custom","typography_font_family":"Belleza","typography_font_size":{"unit":"em","size":1,"sizes":[]},"typography_line_height":{"unit":"em","size":"1.6","sizes":[]},"align":"center","text_color":"#FFFFFF","typography_font_weight":"200","typography_font_style":"italic"},"elements":[],"isInner":false,"widgetType":"text-editor","elType":"widget"}],"isInner":"1","elType":"column"},{"id":"486b2f4a","settings":{"_column_size":"25","_inline_size_tablet":50},"elements":[{"id":"3a4ab89d","settings":{"image":{"id":"3363","url":"https:\/\/cliente.shazamlnv.com\/setasolar\/wp-content\/uploads\/2022\/04\/food5.png"},"image_size":"thumbnail","image_custom_dimension":{"width":"","height":"70"},"_margin":{"unit":"px","top":"0","right":"0","bottom":"10","left":"0","isLinked":""},"opacity":{"unit":"px","size":1,"sizes":[]},"css_filters_brightness":{"unit":"px","size":102,"sizes":[]},"css_filters_contrast":{"unit":"px","size":120,"sizes":[]},"css_filters_hue":{"unit":"px","size":360,"sizes":[]},"width":{"unit":"%","size":50,"sizes":[]}},"elements":[],"isInner":false,"widgetType":"image","elType":"widget"},{"id":"50fa9bf9","settings":{"title":"Dessert","header_size":"h4","align":"center","title_color":"#FFFFFF","typography_typography":"custom","typography_font_family":"Bellefair","typography_font_size":{"unit":"em","size":2,"sizes":[]},"typography_text_transform":"capitalize","typography_font_weight":"400","align_tablet":"center","typography_font_size_tablet":{"unit":"px","size":"60","sizes":[]},"typography_font_size_mobile":{"unit":"em","size":"3","sizes":[]}},"elements":[],"isInner":false,"widgetType":"heading","elType":"widget"},{"id":"62f290f5","settings":{"editor":"Sed ut perspiciatis unde omnis iste natus error sit voluptatem accusa ntium doloremque.","typography_typography":"custom","typography_font_family":"Belleza","typography_font_size":{"unit":"em","size":1,"sizes":[]},"typography_line_height":{"unit":"em","size":"1.6","sizes":[]},"align":"center","text_color":"#FFFFFF","typography_font_weight":"200","typography_font_style":"italic"},"elements":[],"isInner":false,"widgetType":"text-editor","elType":"widget"}],"isInner":"1","elType":"column"}],"isInner":"1","elType":"section"},{"id":"5667873b","settings":{"space":{"unit":"px","size":90,"sizes":[]}},"elements":[],"isInner":false,"widgetType":"spacer","elType":"widget"},{"id":"25a75e45","settings":{"structure":"20"},"elements":[{"id":"51c205de","settings":{"_column_size":50,"_inline_size":null,"_inline_size_tablet":"100","padding":{"unit":"px","top":"0","right":"50","bottom":"0","left":"0","isLinked":""},"padding_tablet":{"unit":"px","top":"0","right":"0","bottom":"0","left":"0","isLinked":""},"padding_mobile":{"unit":"px","top":"0","right":"0","bottom":"0","left":"0","isLinked":""}},"elements":[{"id":"30972160","settings":{"editor":"<p>Consectetur adipiscing elit w\/ iste natus \u200b\/ $10.95<\/p>","align_tablet":"center","text_color":"#FFFFFF","typography_typography":"custom","typography_font_family":"Belleza","typography_font_size":{"unit":"em","size":1.1999999999999999555910790149937383830547332763671875,"sizes":[]},"typography_font_weight":"100","align":"center","typography_line_height":{"unit":"em","size":"1.4","sizes":[]},"typography_letter_spacing":{"unit":"px","size":0.90000000000000002220446049250313080847263336181640625,"sizes":[]}},"elements":[],"isInner":false,"widgetType":"text-editor","elType":"widget"},{"id":"2267294e","settings":{"editor":"Aliquet lectus proin nibh nisl condimentum id venenatis.\nw\/Vegetables \/ 10.95","align_tablet":"center","text_color":"#FFFFFF","typography_typography":"custom","typography_font_family":"Belleza","typography_font_size":{"unit":"em","size":1.1999999999999999555910790149937383830547332763671875,"sizes":[]},"typography_font_weight":"100","align":"center","typography_line_height":{"unit":"em","size":"1.4","sizes":[]},"typography_letter_spacing":{"unit":"px","size":0.90000000000000002220446049250313080847263336181640625,"sizes":[]}},"elements":[],"isInner":false,"widgetType":"text-editor","elType":"widget"},{"id":"52a5fc4a","settings":{"editor":"<p>Urna condimentum mattis pellentesque id \/ 7:95<\/p>","align_tablet":"center","text_color":"#FFFFFF","typography_typography":"custom","typography_font_family":"Belleza","typography_font_size":{"unit":"em","size":1.1999999999999999555910790149937383830547332763671875,"sizes":[]},"typography_font_weight":"100","align":"center","typography_line_height":{"unit":"em","size":"1.4","sizes":[]},"typography_letter_spacing":{"unit":"px","size":0.90000000000000002220446049250313080847263336181640625,"sizes":[]}},"elements":[],"isInner":false,"widgetType":"text-editor","elType":"widget"},{"id":"784c9008","settings":{"editor":"Mediterranean Style Braised Goat\/ $10.95","align_tablet":"center","text_color":"#FFFFFF","typography_typography":"custom","typography_font_family":"Belleza","typography_font_size":{"unit":"em","size":1.1999999999999999555910790149937383830547332763671875,"sizes":[]},"typography_font_weight":"100","align":"center","typography_line_height":{"unit":"em","size":"1.4","sizes":[]},"typography_letter_spacing":{"unit":"px","size":0.90000000000000002220446049250313080847263336181640625,"sizes":[]}},"elements":[],"isInner":false,"widgetType":"text-editor","elType":"widget"}],"isInner":"1","elType":"column"},{"id":"ed77e15","settings":{"_column_size":50,"_inline_size":null,"_inline_size_tablet":"100","padding":{"unit":"px","top":"0","right":"50","bottom":"0","left":"0","isLinked":""},"padding_tablet":{"unit":"px","top":"0","right":"0","bottom":"0","left":"0","isLinked":""},"padding_mobile":{"unit":"px","top":"0","right":"0","bottom":"0","left":"0","isLinked":""}},"elements":[{"id":"60a0f0e6","settings":{"editor":"<p>Consectetur adipiscing elit w\/ iste natus \u200b\/ $10.95<\/p>","align_tablet":"center","text_color":"#FFFFFF","typography_typography":"custom","typography_font_family":"Belleza","typography_font_size":{"unit":"em","size":1.1999999999999999555910790149937383830547332763671875,"sizes":[]},"typography_font_weight":"100","align":"center","typography_line_height":{"unit":"em","size":"1.4","sizes":[]},"typography_letter_spacing":{"unit":"px","size":0.90000000000000002220446049250313080847263336181640625,"sizes":[]}},"elements":[],"isInner":false,"widgetType":"text-editor","elType":"widget"},{"id":"663805e6","settings":{"editor":"Aliquet lectus proin nibh nisl condimentum id venenatis.\nw\/Vegetables \/ 10.95","align_tablet":"center","text_color":"#FFFFFF","typography_typography":"custom","typography_font_family":"Belleza","typography_font_size":{"unit":"em","size":1.1999999999999999555910790149937383830547332763671875,"sizes":[]},"typography_font_weight":"100","align":"center","typography_line_height":{"unit":"em","size":"1.4","sizes":[]},"typography_letter_spacing":{"unit":"px","size":0.90000000000000002220446049250313080847263336181640625,"sizes":[]}},"elements":[],"isInner":false,"widgetType":"text-editor","elType":"widget"},{"id":"370c2c0c","settings":{"editor":"<p>Urna condimentum mattis pellentesque id \/ 7:95<\/p>","align_tablet":"center","text_color":"#FFFFFF","typography_typography":"custom","typography_font_family":"Belleza","typography_font_size":{"unit":"em","size":1.1999999999999999555910790149937383830547332763671875,"sizes":[]},"typography_font_weight":"100","align":"center","typography_line_height":{"unit":"em","size":"1.4","sizes":[]},"typography_letter_spacing":{"unit":"px","size":0.90000000000000002220446049250313080847263336181640625,"sizes":[]}},"elements":[],"isInner":false,"widgetType":"text-editor","elType":"widget"},{"id":"47a4653a","settings":{"editor":"Mediterranean Style Braised Goat\/ $10.95","align_tablet":"center","text_color":"#FFFFFF","typography_typography":"custom","typography_font_family":"Belleza","typography_font_size":{"unit":"em","size":1.1999999999999999555910790149937383830547332763671875,"sizes":[]},"typography_font_weight":"100","align":"center","typography_line_height":{"unit":"em","size":"1.4","sizes":[]},"typography_letter_spacing":{"unit":"px","size":0.90000000000000002220446049250313080847263336181640625,"sizes":[]}},"elements":[],"isInner":false,"widgetType":"text-editor","elType":"widget"}],"isInner":true,"elType":"column"}],"isInner":"1","elType":"section"},{"id":"7dad32e5","settings":{"space_tablet":{"unit":"px","size":"0","sizes":[]}},"elements":[],"isInner":false,"widgetType":"spacer","elType":"widget"}],"isInner":"","elType":"column"}],"isInner":"","elType":"section"},{"id":"2679aecc","settings":{"background_background":"classic","background_color":"#272738","background_position":"initial","background_repeat":"no-repeat","background_size":"auto","background_overlay_opacity":{"unit":"px","size":0.340000000000000024424906541753443889319896697998046875,"sizes":[]},"padding":{"unit":"px","top":"40","right":"0","bottom":"0","left":"0","isLinked":""},"background_color_b":"#F2295B","background_overlay_image":{"id":"3357","url":"https:\/\/cliente.shazamlnv.com\/setasolar\/wp-content\/uploads\/2022\/04\/Chalkboard-Background.jpg"},"background_overlay_attachment":"fixed","background_overlay_size":"cover","custom_height":{"unit":"vh","size":30,"sizes":[]},"padding_tablet":{"unit":"px","top":"20","right":"0","bottom":"0","left":"0","isLinked":""},"layout":"full_width","height":"min-height","background_xpos":{"unit":"px","size":-551,"sizes":[]},"background_ypos":{"unit":"px","size":42,"sizes":[]},"background_overlay_background":"classic","overlay_blend_mode":"luminosity","margin_tablet":{"unit":"px","top":"0","right":"0","bottom":"0","left":"0","isLinked":""},"margin_mobile":{"unit":"px","top":"30","right":"0","bottom":"0","left":"0","isLinked":""}},"elements":[{"id":"111274bf","settings":{"_column_size":"100","content_position":"center","padding":{"unit":"px","top":"","right":"","bottom":"","left":"","isLinked":""},"margin_tablet":{"unit":"%","top":"","right":"","bottom":"","left":"","isLinked":""},"padding_tablet":{"unit":"em","top":"","right":"","bottom":"","left":"","isLinked":""}},"elements":[{"id":"a227a51","settings":{"style":"squared","text":"Divider","color":"#EFE9D8","_margin":{"unit":"px","top":"0","right":"0","bottom":"0","left":"0","isLinked":false}},"elements":[],"isInner":false,"widgetType":"divider","elType":"widget"},{"id":"7a8f32d4","settings":{"slides":[{"content":"Lorem ipsum dolor sit amet, consectetur adipiscing elit. Ut elit tellus, luctus nec ullamcorper mattis, pulvinar dapibus leo.","name":"John Doe","title":"CEO","image":{"id":"3364","url":"https:\/\/cliente.shazamlnv.com\/setasolar\/wp-content\/uploads\/2022\/04\/pexels-photo-2588199.png"},"_id":"6dc8def"},{"content":"Lorem ipsum dolor sit amet, consectetur adipiscing elit. Ut elit tellus, luctus nec ullamcorper mattis, pulvinar dapibus leo.","name":"John Doe","title":"CEO","image":{"id":"3365","url":"https:\/\/cliente.shazamlnv.com\/setasolar\/wp-content\/uploads\/2022\/04\/bread.png"},"_id":"d8b337d"},{"content":"Lorem ipsum dolor sit amet, consectetur adipiscing elit. Ut elit tellus, luctus nec ullamcorper mattis, pulvinar dapibus leo.","name":"John Doe","title":"CEO","image":{"id":"3366","url":"https:\/\/cliente.shazamlnv.com\/setasolar\/wp-content\/uploads\/2022\/04\/food2.png"},"_id":"5825e82"}],"layout":"image_above","slides_per_view":"3","pagination":"","space_between":{"unit":"px","size":40,"sizes":[]},"slide_background_color":"#272738","slide_border_size":{"unit":"px","top":"1","right":"1","bottom":"1","left":"1","isLinked":true},"slide_border_radius":{"unit":"px","size":4,"sizes":[]},"slide_border_color":"#EFE9D8","slide_padding":{"unit":"px","top":"20","right":"20","bottom":"20","left":"20","isLinked":true},"content_color":"#FFFFFF","content_typography_typography":"custom","content_typography_font_family":"Belleza","content_typography_font_size":{"unit":"rem","size":1.1999999999999999555910790149937383830547332763671875,"sizes":[]},"content_typography_line_height":{"unit":"em","size":1.600000000000000088817841970012523233890533447265625,"sizes":[]},"name_color":"#E39B44","name_typography_typography":"custom","name_typography_font_family":"Belleza","name_typography_font_size":{"unit":"rem","size":1.100000000000000088817841970012523233890533447265625,"sizes":[]},"name_typography_font_style":"normal","name_typography_letter_spacing":{"unit":"px","size":0.59999999999999997779553950749686919152736663818359375,"sizes":[]},"title_color":"#EFE9D8","title_typography_typography":"custom","title_typography_font_family":"Belleza","title_typography_font_size":{"unit":"rem","size":0.8000000000000000444089209850062616169452667236328125,"sizes":[]},"title_typography_font_style":"normal","title_typography_letter_spacing":{"unit":"px","size":0.90000000000000002220446049250313080847263336181640625,"sizes":[]},"_padding":{"unit":"em","top":"0","right":"6","bottom":"0","left":"6","isLinked":false}},"elements":[],"isInner":false,"widgetType":"testimonial-carousel","elType":"widget"},{"id":"46e6c969","settings":{"style":"squared","text":"Divider","color":"#EFE9D8","gap":{"unit":"px","size":30,"sizes":[]},"_margin":{"unit":"px","top":"30","right":"0","bottom":"-30","left":"0","isLinked":false}},"elements":[],"isInner":false,"widgetType":"divider","elType":"widget"},{"id":"4cbce18e","settings":[],"elements":[],"isInner":false,"widgetType":"spacer","elType":"widget"}],"isInner":"","elType":"column"}],"isInner":"","elType":"section"},{"id":"dc99d54","settings":{"background_background":"classic","background_color":"#272738","background_position":"initial","background_repeat":"no-repeat","background_size":"auto","background_overlay_opacity":{"unit":"px","size":0.340000000000000024424906541753443889319896697998046875,"sizes":[]},"padding":{"unit":"px","top":"40","right":"0","bottom":"70","left":"0","isLinked":""},"background_color_b":"#F2295B","background_overlay_image":{"id":"3357","url":"https:\/\/cliente.shazamlnv.com\/setasolar\/wp-content\/uploads\/2022\/04\/Chalkboard-Background.jpg"},"background_overlay_attachment":"fixed","background_overlay_size":"cover","custom_height":{"unit":"vh","size":30,"sizes":[]},"background_overlay_background":"classic","overlay_blend_mode":"luminosity","layout":"full_width","height":"min-height","background_xpos":{"unit":"px","size":-551,"sizes":[]},"background_ypos":{"unit":"px","size":42,"sizes":[]},"margin_tablet":{"unit":"px","top":"0","right":"0","bottom":"0","left":"0","isLinked":""},"margin_mobile":{"unit":"px","top":"0","right":0,"bottom":"0","left":0,"isLinked":""},"padding_tablet":{"unit":"px","top":"20","right":"0","bottom":"0","left":"0","isLinked":""}},"elements":[{"id":"4c91f7e4","settings":{"_column_size":"100","content_position":"center","padding":{"unit":"px","top":"","right":"","bottom":"","left":"","isLinked":""}},"elements":[{"id":"770ded7b","settings":{"structure":"30"},"elements":[{"id":"2b532fc4","settings":{"_column_size":33,"_inline_size_tablet":"100","content_position":"center","padding":{"unit":"px","top":"0","right":"30","bottom":"0","left":"30","isLinked":""},"_inline_size":null},"elements":[{"id":"238a029d","settings":{"image":{"id":"3367","url":"https:\/\/cliente.shazamlnv.com\/setasolar\/wp-content\/uploads\/2022\/04\/soup.png"},"image_size":"medium_large","image_custom_dimension":{"width":"80","height":"80"},"_margin":{"unit":"px","top":"0","right":"0","bottom":"10","left":"0","isLinked":""},"opacity":{"unit":"px","size":"1","sizes":[]},"image_border_radius":{"unit":"%","top":"50","right":"50","bottom":"50","left":"50","isLinked":"1"},"width_tablet":{"unit":"%","size":58,"sizes":[]},"_margin_tablet":{"unit":"px","top":"-112","right":"0","bottom":"0","left":"0","isLinked":false}},"elements":[],"isInner":false,"widgetType":"image","elType":"widget"},{"id":"3ee551ae","settings":{"title":"Specialties","align":"center","title_color":"#EFE9D8","typography_typography":"custom","typography_font_family":"Bellefair","typography_font_size":{"unit":"em","size":3,"sizes":[]},"typography_text_transform":"capitalize","typography_font_weight":"600","align_tablet":"center","typography_font_size_tablet":{"unit":"px","size":"60","sizes":[]},"typography_font_size_mobile":{"unit":"em","size":"3","sizes":[]}},"elements":[],"isInner":false,"widgetType":"heading","elType":"widget"}],"isInner":"1","elType":"column"},{"id":"318d90f1","settings":{"_column_size":33,"_inline_size":null,"_inline_size_tablet":50,"padding":{"unit":"px","top":"40","right":"40","bottom":"40","left":"40","isLinked":"1"},"padding_tablet":{"unit":"px","top":"40","right":"40","bottom":"40","left":"40","isLinked":"1"},"padding_mobile":{"unit":"em","top":"","right":"","bottom":"","left":"","isLinked":""},"border_border":"double","border_width":{"unit":"px","top":"4","right":"4","bottom":"4","left":"4","isLinked":"1"},"border_color":"#EFE9D8","box_shadow_box_shadow":{"horizontal":"5","vertical":"-5","blur":"0","spread":"0","color":"#efedd8"},"margin":{"unit":"px","top":"0","right":"0","bottom":"0","left":"50","isLinked":""},"margin_tablet":{"unit":"px","top":"40","right":"0","bottom":"0","left":"0","isLinked":""},"content_position":"center","border_radius":{"unit":"px","top":"4","right":"4","bottom":"4","left":"4","isLinked":true}},"elements":[{"id":"6f065f35","settings":{"editor":"<p>Consectetur adipiscing elit w\/ iste natus \u200b\/ $10.95<\/p>","align_tablet":"center","text_color":"#efedd8","typography_typography":"custom","typography_font_family":"Bellefair","typography_font_size":{"unit":"em","size":1.1999999999999999555910790149937383830547332763671875,"sizes":[]},"typography_font_weight":"500","align":"left","typography_line_height":{"unit":"em","size":"1.4","sizes":[]},"typography_font_style":"italic"},"elements":[],"isInner":false,"widgetType":"text-editor","elType":"widget"},{"id":"21e0434b","settings":{"editor":"Aliquet lectus proin nibh nisl condimentum id venenatis.\nw\/Vegetables \/ 10.95","align_tablet":"center","text_color":"#efedd8","typography_typography":"custom","typography_font_family":"Bellefair","typography_font_size":{"unit":"em","size":1.1999999999999999555910790149937383830547332763671875,"sizes":[]},"typography_font_weight":"500","align":"left","typography_line_height":{"unit":"em","size":"1.4","sizes":[]},"typography_font_style":"italic"},"elements":[],"isInner":false,"widgetType":"text-editor","elType":"widget"},{"id":"59c596a6","settings":{"editor":"<p>Urna condimentum mattis pellentesque id \/ 7:95<\/p>","align_tablet":"center","text_color":"#efedd8","typography_typography":"custom","typography_font_family":"Bellefair","typography_font_size":{"unit":"em","size":1.1999999999999999555910790149937383830547332763671875,"sizes":[]},"typography_font_weight":"500","align":"left","typography_line_height":{"unit":"em","size":"1.4","sizes":[]},"typography_font_style":"italic"},"elements":[],"isInner":false,"widgetType":"text-editor","elType":"widget"},{"id":"5f541d31","settings":{"editor":"Mediterranean Style Braised Goat\/ $10.95","align_tablet":"center","text_color":"#efedd8","typography_typography":"custom","typography_font_family":"Bellefair","typography_font_size":{"unit":"em","size":1.1999999999999999555910790149937383830547332763671875,"sizes":[]},"typography_font_weight":"500","align":"left","typography_line_height":{"unit":"em","size":"1.4","sizes":[]},"typography_font_style":"italic"},"elements":[],"isInner":false,"widgetType":"text-editor","elType":"widget"}],"isInner":true,"elType":"column"},{"id":"5d89906a","settings":{"_column_size":33,"_inline_size":null,"_inline_size_tablet":50,"padding":{"unit":"px","top":"40","right":"40","bottom":"40","left":"40","isLinked":"1"},"padding_tablet":{"unit":"px","top":"40","right":"40","bottom":"40","left":"40","isLinked":"1"},"padding_mobile":{"unit":"px","top":"0","right":"0","bottom":"0","left":"0","isLinked":""},"border_border":"double","border_width":{"unit":"px","top":"4","right":"4","bottom":"4","left":"4","isLinked":"1"},"border_color":"#EFE9D8","box_shadow_box_shadow":{"horizontal":"5","vertical":"-5","blur":"0","spread":"0","color":"#efedd8"},"margin":{"unit":"px","top":"0","right":"0","bottom":"0","left":"50","isLinked":""},"margin_tablet":{"unit":"px","top":"40","right":"0","bottom":"0","left":"0","isLinked":""},"content_position":"center","border_radius":{"unit":"px","top":"4","right":"4","bottom":"4","left":"4","isLinked":true}},"elements":[{"id":"71b13b65","settings":{"editor":"<p>Consectetur adipiscing elit w\/ iste natus \u200b\/ $10.95<\/p>","align_tablet":"center","text_color":"#efedd8","typography_typography":"custom","typography_font_family":"Bellefair","typography_font_size":{"unit":"em","size":1.1999999999999999555910790149937383830547332763671875,"sizes":[]},"typography_font_weight":"500","align":"left","typography_line_height":{"unit":"em","size":"1.4","sizes":[]},"typography_font_style":"italic"},"elements":[],"isInner":false,"widgetType":"text-editor","elType":"widget"},{"id":"42f9ea7c","settings":{"editor":"Aliquet lectus proin nibh nisl condimentum id venenatis.\nw\/Vegetables \/ 10.95","align_tablet":"center","text_color":"#efedd8","typography_typography":"custom","typography_font_family":"Bellefair","typography_font_size":{"unit":"em","size":1.1999999999999999555910790149937383830547332763671875,"sizes":[]},"typography_font_weight":"500","align":"left","typography_line_height":{"unit":"em","size":"1.4","sizes":[]},"typography_font_style":"italic"},"elements":[],"isInner":false,"widgetType":"text-editor","elType":"widget"},{"id":"21f5f312","settings":{"editor":"<p>Urna condimentum mattis pellentesque id \/ 7:95<\/p>","align_tablet":"center","text_color":"#efedd8","typography_typography":"custom","typography_font_family":"Bellefair","typography_font_size":{"unit":"em","size":1.1999999999999999555910790149937383830547332763671875,"sizes":[]},"typography_font_weight":"500","align":"left","typography_line_height":{"unit":"em","size":"1.4","sizes":[]},"typography_font_style":"italic"},"elements":[],"isInner":false,"widgetType":"text-editor","elType":"widget"},{"id":"793bfdc5","settings":{"editor":"Mediterranean Style Braised Goat\/ $10.95","align_tablet":"center","text_color":"#efedd8","typography_typography":"custom","typography_font_family":"Bellefair","typography_font_size":{"unit":"em","size":1.1999999999999999555910790149937383830547332763671875,"sizes":[]},"typography_font_weight":"500","align":"left","typography_line_height":{"unit":"em","size":"1.4","sizes":[]},"typography_font_style":"italic"},"elements":[],"isInner":false,"widgetType":"text-editor","elType":"widget"}],"isInner":true,"elType":"column"}],"isInner":"1","elType":"section"},{"id":"20ace2e4","settings":[],"elements":[],"isInner":false,"widgetType":"spacer","elType":"widget"},{"id":"3b80f0e7","settings":[],"elements":[{"id":"44b5c5f7","settings":{"_column_size":"100"},"elements":[{"id":"2805a72","settings":{"text":"Full menu list","typography_typography":"custom","typography_font_family":"Arapey","typography_font_size":{"unit":"px","size":"14","sizes":[]},"typography_font_weight":"400","typography_text_transform":"uppercase","typography_letter_spacing":{"unit":"px","size":"2","sizes":[]},"button_text_color":"#FFFFFF","background_color":"rgba(227, 155, 68, 0)","border_border":"double","border_width":{"unit":"px","top":"0","right":"0","bottom":"4","left":"0","isLinked":false},"border_color":"#EFE9D8","border_radius":{"unit":"px","top":"2","right":"2","bottom":"2","left":"2","isLinked":"1"},"text_padding":{"unit":"px","top":"16","right":"30","bottom":"16","left":"30","isLinked":""},"align":"center","button_background_hover_color":"#272738","hover_color":"#FFFFFF","button_hover_border_color":"#272738","button_box_shadow_box_shadow":{"horizontal":"5","vertical":5,"blur":"0","spread":"0","color":"#EFE9D8"},"align_tablet":"center","align_mobile":"justify","_margin_mobile":{"unit":"px","top":"0","right":"11","bottom":"0","left":"0","isLinked":false}},"elements":[],"isInner":false,"widgetType":"button","elType":"widget"}],"isInner":"1","elType":"column"}],"isInner":"1","elType":"section"},{"id":"53c29529","settings":{"style":"squared","text":"Divider","color":"#EFE9D8","gap":{"unit":"px","size":30,"sizes":[]},"_margin":{"unit":"px","top":"30","right":"0","bottom":"-40","left":"0","isLinked":false}},"elements":[],"isInner":false,"widgetType":"divider","elType":"widget"}],"isInner":"","elType":"column"}],"isInner":"","elType":"section"},{"id":"66051dab","settings":{"background_background":"classic","background_color":"#272738","background_position":"initial","background_repeat":"no-repeat","background_size":"auto","background_overlay_opacity":{"unit":"px","size":0.340000000000000024424906541753443889319896697998046875,"sizes":[]},"padding":{"unit":"px","top":"40","right":"0","bottom":"70","left":"0","isLinked":""},"background_color_b":"#F2295B","background_overlay_image":{"id":"3357","url":"https:\/\/cliente.shazamlnv.com\/setasolar\/wp-content\/uploads\/2022\/04\/Chalkboard-Background.jpg"},"background_overlay_attachment":"fixed","background_overlay_size":"cover","custom_height":{"unit":"vh","size":30,"sizes":[]},"height":"min-height","layout":"full_width","background_xpos":{"unit":"px","size":-551,"sizes":[]},"background_ypos":{"unit":"px","size":42,"sizes":[]},"background_overlay_background":"classic","overlay_blend_mode":"luminosity","margin_tablet":{"unit":"px","top":"0","right":"0","bottom":"0","left":"0","isLinked":""},"margin_mobile":{"unit":"px","top":"0","right":0,"bottom":"0","left":0,"isLinked":""},"padding_tablet":{"unit":"px","top":"20","right":"0","bottom":"0","left":"0","isLinked":""}},"elements":[{"id":"6190c0ab","settings":{"_column_size":"100","content_position":"center","padding":{"unit":"px","top":"","right":"","bottom":"","left":"","isLinked":""},"padding_tablet":{"unit":"em","top":"4","right":"4","bottom":"4","left":"4","isLinked":true}},"elements":[{"id":"73f0d321","settings":{"content_width":{"unit":"px","size":"700","sizes":[]}},"elements":[{"id":"738a8605","settings":{"_column_size":"100","_inline_size_tablet":"100","content_position":"center","padding":{"unit":"em","top":"","right":"","bottom":"","left":"","isLinked":""},"padding_tablet":{"unit":"px","top":"0","right":"0","bottom":"0","left":"0","isLinked":""}},"elements":[{"id":"5b527b75","settings":{"title":"Our Chefs","align":"center","title_color":"#EFE9D8","typography_typography":"custom","typography_font_family":"Bellefair","typography_font_size":{"unit":"em","size":3.79999999999999982236431605997495353221893310546875,"sizes":[]},"typography_font_size_tablet":{"unit":"px","size":"60","sizes":[]},"typography_font_size_mobile":{"unit":"em","size":"3","sizes":[]},"align_tablet":"center","typography_font_weight":"600"},"elements":[],"isInner":false,"widgetType":"heading","elType":"widget"},{"id":"14f38a9","settings":{"title":"Award Winning","header_size":"h5","align":"center","title_color":"#ffffff","typography_typography":"custom","typography_font_family":"Belleza","typography_font_size":{"unit":"em","size":"1","sizes":[]},"typography_text_transform":"uppercase","typography_letter_spacing":{"unit":"px","size":2.5,"sizes":[]},"align_tablet":"center","typography_font_weight":"100"},"elements":[],"isInner":false,"widgetType":"heading","elType":"widget"}],"isInner":"1","elType":"column"}],"isInner":"1","elType":"section"},{"id":"34350fa3","settings":{"space":{"unit":"px","size":"30","sizes":[]},"space_tablet":{"unit":"px","size":"0","sizes":[]}},"elements":[],"isInner":false,"widgetType":"spacer","elType":"widget"},{"id":"28bbcc55","settings":{"structure":"40","margin":{"unit":"px","top":"0","right":"0","bottom":"0","left":"0","isLinked":""},"margin_tablet":{"unit":"px","top":"20","right":"0","bottom":"0","left":"0","isLinked":""},"padding_mobile":{"unit":"em","top":"","right":"","bottom":"","left":"","isLinked":""}},"elements":[{"id":"57b60c5c","settings":{"_column_size":"25","_inline_size_tablet":50,"content_position":"center","margin_tablet":{"unit":"px","top":"60","right":"0","bottom":"0","left":"0","isLinked":""},"padding":{"unit":"px","top":"0","right":"30","bottom":"0","left":"30","isLinked":""},"margin_mobile":{"unit":"px","top":"40","right":"0","bottom":"0","left":"0","isLinked":""},"padding_mobile":{"unit":"em","top":"0","right":"0","bottom":"0","left":"0","isLinked":""}},"elements":[{"id":"256c09ae","settings":{"image":{"id":"3368","url":"https:\/\/cliente.shazamlnv.com\/setasolar\/wp-content\/uploads\/2022\/04\/hamish-duncan-LlUbvBBjF_w-unsplash-min.jpg"},"image_size":"medium","image_custom_dimension":{"width":"600","height":""},"image_border_width":{"unit":"px","top":"4","right":"4","bottom":"4","left":"4","isLinked":"1"},"image_border_color":"#EFE9D8","image_box_shadow_box_shadow":{"horizontal":"-10","vertical":"-10","blur":"0","spread":"0","color":"#efedd8"},"_margin":{"unit":"%","top":"","right":"","bottom":"","left":"","isLinked":""},"_margin_tablet":{"unit":"px","top":"0","right":"0","bottom":"0","left":"0","isLinked":""},"_padding_tablet":{"unit":"px","top":"0","right":"0","bottom":"0","left":"0","isLinked":""},"_margin_mobile":{"unit":"px","top":"0","right":"0","bottom":"0","left":"0","isLinked":""},"image_border_radius":{"unit":"%","top":"3","right":"3","bottom":"3","left":"3","isLinked":"1"},"image_border_border":"double"},"elements":[],"isInner":false,"widgetType":"image","elType":"widget"},{"id":"270a954c","settings":{"title":"Tony Rucker","align":"center","title_color":"#FFFFFF","typography_typography":"custom","typography_font_family":"Bellefair","typography_font_size":{"unit":"em","size":2,"sizes":[]},"typography_text_transform":"capitalize","typography_font_size_mobile":{"unit":"rem","size":"","sizes":[]},"header_size":"h3","align_tablet":"center","typography_font_size_tablet":{"unit":"rem","size":"","sizes":[]},"typography_font_weight":"400"},"elements":[],"isInner":false,"widgetType":"heading","elType":"widget"}],"isInner":"1","elType":"column"},{"id":"61a3362b","settings":{"_column_size":"25","_inline_size_tablet":50,"content_position":"center","margin_tablet":{"unit":"px","top":"60","right":"0","bottom":"0","left":"0","isLinked":""},"padding":{"unit":"px","top":"0","right":"30","bottom":"0","left":"30","isLinked":""},"margin_mobile":{"unit":"px","top":"40","right":"0","bottom":"0","left":"0","isLinked":""},"padding_mobile":{"unit":"em","top":"0","right":"0","bottom":"0","left":"0","isLinked":""}},"elements":[{"id":"255672f2","settings":{"image":{"id":"3369","url":"https:\/\/cliente.shazamlnv.com\/setasolar\/wp-content\/uploads\/2022\/04\/hamish-duncan-LlUbvBBjF_w-unspla1sh-min.jpg"},"image_size":"medium","image_custom_dimension":{"width":"600","height":""},"image_border_width":{"unit":"px","top":"4","right":"4","bottom":"4","left":"4","isLinked":"1"},"image_border_color":"#EFE9D8","image_box_shadow_box_shadow":{"horizontal":"-10","vertical":"-10","blur":"0","spread":"0","color":"#efedd8"},"_margin":{"unit":"%","top":"","right":"","bottom":"","left":"","isLinked":""},"_margin_tablet":{"unit":"px","top":"0","right":"0","bottom":"0","left":"0","isLinked":""},"_padding_tablet":{"unit":"px","top":"0","right":"0","bottom":"0","left":"0","isLinked":""},"image_border_radius":{"unit":"%","top":"3","right":"3","bottom":"3","left":"3","isLinked":"1"},"image_border_border":"double","_margin_mobile":{"unit":"px","top":"0","right":"0","bottom":"0","left":"0","isLinked":""}},"elements":[],"isInner":false,"widgetType":"image","elType":"widget"},{"id":"6a3e2e6e","settings":{"title":"Robert Briggs","align":"center","title_color":"#FFFFFF","typography_typography":"custom","typography_font_family":"Bellefair","typography_font_size":{"unit":"em","size":2,"sizes":[]},"typography_text_transform":"capitalize","typography_font_size_mobile":{"unit":"rem","size":"","sizes":[]},"header_size":"h3","align_tablet":"center","typography_font_size_tablet":{"unit":"rem","size":"","sizes":[]},"typography_font_weight":"400"},"elements":[],"isInner":false,"widgetType":"heading","elType":"widget"}],"isInner":"1","elType":"column"},{"id":"439e6fc3","settings":{"_column_size":"25","_inline_size_tablet":50,"content_position":"center","margin_tablet":{"unit":"px","top":"60","right":"0","bottom":"0","left":"0","isLinked":""},"padding":{"unit":"px","top":"0","right":"30","bottom":"0","left":"30","isLinked":""},"margin_mobile":{"unit":"px","top":"40","right":"0","bottom":"0","left":"0","isLinked":""},"padding_mobile":{"unit":"em","top":"0","right":"0","bottom":"0","left":"0","isLinked":""}},"elements":[{"id":"6aa975e7","settings":{"image":{"id":"3370","url":"https:\/\/cliente.shazamlnv.com\/setasolar\/wp-content\/uploads\/2022\/04\/hamish-duncan-LlUbvBBjF_w-unsplas3h-min.jpg"},"image_size":"medium","image_custom_dimension":{"width":"600","height":""},"image_border_width":{"unit":"px","top":"4","right":"4","bottom":"4","left":"4","isLinked":"1"},"image_border_color":"#EFE9D8","image_box_shadow_box_shadow":{"horizontal":"-10","vertical":"-10","blur":"0","spread":"0","color":"#efedd8"},"_margin":{"unit":"%","top":"","right":"","bottom":"","left":"","isLinked":""},"_margin_tablet":{"unit":"px","top":"0","right":"0","bottom":"0","left":"0","isLinked":""},"_padding_tablet":{"unit":"px","top":"0","right":"0","bottom":"0","left":"0","isLinked":""},"image_border_radius":{"unit":"%","top":"3","right":"3","bottom":"3","left":"3","isLinked":"1"},"image_border_border":"double","_margin_mobile":{"unit":"px","top":"0","right":"0","bottom":"0","left":"0","isLinked":""}},"elements":[],"isInner":false,"widgetType":"image","elType":"widget"},{"id":"3e448c12","settings":{"title":"David Stokes","align":"center","title_color":"#FFFFFF","typography_typography":"custom","typography_font_family":"Bellefair","typography_font_size":{"unit":"em","size":2,"sizes":[]},"typography_text_transform":"capitalize","typography_font_size_mobile":{"unit":"rem","size":"","sizes":[]},"header_size":"h3","align_tablet":"center","typography_font_size_tablet":{"unit":"rem","size":"","sizes":[]},"typography_font_weight":"400"},"elements":[],"isInner":false,"widgetType":"heading","elType":"widget"}],"isInner":"1","elType":"column"},{"id":"192eb46d","settings":{"_column_size":"25","_inline_size_tablet":50,"content_position":"center","margin_tablet":{"unit":"px","top":"60","right":"0","bottom":"0","left":"0","isLinked":""},"padding":{"unit":"px","top":"0","right":"30","bottom":"0","left":"30","isLinked":""},"margin_mobile":{"unit":"px","top":"40","right":"0","bottom":"0","left":"0","isLinked":""},"padding_mobile":{"unit":"em","top":"0","right":"0","bottom":"0","left":"0","isLinked":""}},"elements":[{"id":"9662bf9","settings":{"image":{"id":"3371","url":"https:\/\/cliente.shazamlnv.com\/setasolar\/wp-content\/uploads\/2022\/04\/hamish-duncan-LlUbvBBjF_w-unspla4sh-min.jpg"},"image_size":"medium","image_custom_dimension":{"width":"600","height":""},"image_border_width":{"unit":"px","top":"4","right":"4","bottom":"4","left":"4","isLinked":"1"},"image_border_color":"#EFE9D8","image_box_shadow_box_shadow":{"horizontal":"-10","vertical":"-10","blur":"0","spread":"0","color":"#efedd8"},"_margin":{"unit":"%","top":"","right":"","bottom":"","left":"","isLinked":""},"_margin_tablet":{"unit":"px","top":"0","right":"0","bottom":"0","left":"0","isLinked":""},"_padding_tablet":{"unit":"px","top":"0","right":"0","bottom":"0","left":"0","isLinked":""},"image_border_radius":{"unit":"%","top":"3","right":"3","bottom":"3","left":"3","isLinked":"1"},"image_border_border":"double","_margin_mobile":{"unit":"px","top":"0","right":"0","bottom":"0","left":"0","isLinked":""}},"elements":[],"isInner":false,"widgetType":"image","elType":"widget"},{"id":"50428142","settings":{"title":"Evan Hoffmann","align":"center","title_color":"#FFFFFF","typography_typography":"custom","typography_font_family":"Bellefair","typography_font_size":{"unit":"em","size":2,"sizes":[]},"typography_text_transform":"capitalize","typography_font_size_mobile":{"unit":"rem","size":"","sizes":[]},"header_size":"h3","align_tablet":"center","typography_font_size_tablet":{"unit":"rem","size":"","sizes":[]},"typography_font_weight":"400"},"elements":[],"isInner":false,"widgetType":"heading","elType":"widget"}],"isInner":"1","elType":"column"}],"isInner":"1","elType":"section"}],"isInner":"","elType":"column"}],"isInner":"","elType":"section"},{"id":"2f95e49f","settings":{"structure":"20","padding":{"unit":"px","top":"120","right":"0","bottom":"120","left":"0","isLinked":""},"background_background":"classic","background_position":"center center","background_size":"cover","shape_divider_bottom_color":"#272738","shape_divider_bottom_height":{"unit":"px","size":104,"sizes":[]},"background_overlay_background":"classic","background_overlay_opacity":{"unit":"px","size":0.4899999999999999911182158029987476766109466552734375,"sizes":[]},"background_image":{"id":"3359","url":"https:\/\/cliente.shazamlnv.com\/setasolar\/wp-content\/uploads\/2022\/04\/jason-leung-poI7DelFiVA-unsplash-min.jpg"},"background_ypos":{"unit":"vh","size":-57,"sizes":[]},"background_repeat":"no-repeat","background_overlay_color":"#272738","overlay_blend_mode":"multiply","shape_divider_top_color":"#FFFFFF","shape_divider_top_width":{"unit":"%","size":100,"sizes":[]},"shape_divider_top_height":{"unit":"px","size":55,"sizes":[]},"padding_tablet":{"unit":"px","top":"0","right":"0","bottom":"0","left":"0","isLinked":""}},"elements":[{"id":"53d3cf66","settings":{"_column_size":50,"_inline_size_tablet":"100","content_position":"top","margin_tablet":{"unit":"px","top":"0","right":"0","bottom":"0","left":"0","isLinked":""},"padding":{"unit":"em","top":"4","right":"4","bottom":"2","left":"4","isLinked":false},"padding_tablet":{"unit":"px","top":"0","right":"20","bottom":"0","left":"20","isLinked":""},"_inline_size":null,"space_between_widgets":9},"elements":[{"id":"1e158044","settings":{"title":"Reservations","header_size":"h1","align":"center","title_color":"#FFFFFF","typography_typography":"custom","typography_font_family":"Bellefair","typography_font_size":{"unit":"em","size":4,"sizes":[]},"typography_text_transform":"uppercase","typography_font_size_tablet":{"unit":"px","size":"60","sizes":[]},"typography_font_size_mobile":{"unit":"em","size":"3","sizes":[]},"align_tablet":"center","typography_font_weight":"600"},"elements":[],"isInner":false,"widgetType":"heading","elType":"widget"},{"id":"7be000e5","settings":{"space":{"unit":"px","size":20,"sizes":[]}},"elements":[],"isInner":false,"widgetType":"spacer","elType":"widget"},{"id":"35f1b72d","settings":{"title":"Reserve a table  today and get 20% Off!","align":"left","title_color":"#FFFFFF","typography_typography":"custom","typography_font_family":"Bellefair","typography_font_size":{"unit":"em","size":3,"sizes":[]},"align_tablet":"center","typography_font_size_tablet":{"unit":"px","size":"60","sizes":[]},"typography_font_size_mobile":{"unit":"em","size":"3","sizes":[]},"typography_font_weight":"600"},"elements":[],"isInner":false,"widgetType":"heading","elType":"widget"},{"id":"4e55401f","settings":{"editor":"<p>Call <strong>(654) 123-4567<\/strong> from <strong>11:30am \u2013 10:00pm<\/strong> daily, or book online. <em>Reservations required for parties of 6 or more.<\/em><\/p>","typography_typography":"custom","typography_font_family":"Belleza","typography_font_size":{"unit":"em","size":1.100000000000000088817841970012523233890533447265625,"sizes":[]},"typography_line_height":{"unit":"em","size":"1.6","sizes":[]},"align":"left","text_color":"#FFFFFF","typography_font_style":"italic"},"elements":[],"isInner":false,"widgetType":"text-editor","elType":"widget"}],"isInner":false,"elType":"column"},{"id":"3458057f","settings":{"_column_size":50,"_inline_size_tablet":"100","margin_tablet":{"unit":"px","top":"50","right":"0","bottom":"0","left":"0","isLinked":""},"_inline_size":null,"content_position":"center","background_background":"classic","background_position":"bottom right","background_repeat":"no-repeat","background_size":"contain","background_overlay_background":"classic","background_overlay_position":"center center","background_overlay_repeat":"no-repeat","background_overlay_size":"contain","background_overlay_opacity":{"unit":"px","size":1,"sizes":[]},"css_filters_css_filter":"custom","css_filters_brightness":{"unit":"px","size":94,"sizes":[]},"css_filters_contrast":{"unit":"px","size":105,"sizes":[]},"padding":{"unit":"em","top":"4","right":"4","bottom":"4","left":"4","isLinked":true}},"elements":[{"id":"19821bf9","settings":{"form_name":"New Form","form_fields":[{"custom_id":"name","field_label":"Name","placeholder":"Your Name","_id":"a926609","rows":"4","previous_button":"","next_button":"","file_sizes":"","file_types":"","allow_multiple_upload":"","max_files":"","acceptance_text":"","checked_by_default":"","field_min":"","field_max":"","min_date":"","max_date":"","use_native_date":"","use_native_time":""},{"custom_id":"email","field_type":"email","required":"true","field_label":"Email","placeholder":"Your E-mail","_id":"c5bd81b","rows":"4","previous_button":"","next_button":"","file_sizes":"","file_types":"","allow_multiple_upload":"","max_files":"","acceptance_text":"","checked_by_default":"","field_min":"","field_max":"","min_date":"","max_date":"","use_native_date":"","use_native_time":""},{"custom_id":"message","field_type":"textarea","field_label":"Message","placeholder":"Message","_id":"864367d","rows":"4","previous_button":"","next_button":"","file_sizes":"","file_types":"","allow_multiple_upload":"","max_files":"","acceptance_text":"","checked_by_default":"","field_min":"","field_max":"","min_date":"","max_date":"","use_native_date":"","use_native_time":""}],"show_labels":"","button_text":"Send your message","email_content":"[all-fields]","email_content_2":"[all-fields]","success_message":"The form was sent successfully.","error_message":"An error occured.","required_field_message":"This field is required.","invalid_message":"There's something wrong. The form is invalid.","field_text_color":"#272738","field_typography_typography":"custom","field_typography_font_family":"Arapey","field_typography_font_size":{"unit":"em","size":"1","sizes":[]},"field_border_color":"#EFE9D8","field_border_width":{"unit":"px","top":"1","right":"1","bottom":"1","left":"1","isLinked":"1"},"field_border_radius":{"unit":"px","top":"4","right":"4","bottom":"4","left":"4","isLinked":"1"},"button_background_color":"#E39B44","button_typography_typography":"custom","button_typography_font_family":"Arapey","button_typography_font_weight":"700","button_typography_text_transform":"uppercase","button_typography_letter_spacing":{"unit":"px","size":"2","sizes":[]},"button_border_radius":{"unit":"px","top":"4","right":"4","bottom":"4","left":"4","isLinked":"1"},"button_text_padding":{"unit":"px","top":"16","right":"30","bottom":"16","left":"30","isLinked":""},"button_background_hover_color":"#272738","button_typography_font_size":{"unit":"px","size":"14","sizes":[]},"label_color":"#272738","html_color":"#272738","label_typography_typography":"custom","label_typography_font_family":"Arapey","html_typography_typography":"custom","html_typography_font_family":"Arapey","html_typography_font_style":"italic","field_typography_font_weight":"700","field_typography_font_style":"italic","button_text_color":"#EFE9D8","button_border_border":"double","button_border_width":{"unit":"px","top":"4","right":"4","bottom":"4","left":"4","isLinked":true},"button_border_color":"#EFE9D8","button_hover_border_color":"#272738","step_next_label":"Next","step_previous_label":"Previous"},"elements":[],"isInner":false,"widgetType":"form","elType":"widget"}],"isInner":false,"elType":"column"}],"isInner":"","elType":"section"}],"page_settings":{"hide_title":"yes"},"version":"0.4","title":"RESTAURANTE","type":"section"}