{"version":"0.4","title":"Church > Event","type":"page","content":[{"id":"490b6e34","settings":{"stretch_section":"section-stretched","background_background":"classic","background_image":{"url":"http:\/\/sitefacilitado.com.br\/membros\/wp-content\/uploads\/2020\/03\/landscape-nature-man-person.jpg","id":"7897"},"background_position":"bottom center","background_size":"cover","background_overlay_color":"#635442","background_overlay_opacity":{"unit":"px","size":"0.72"},"padding":{"unit":"px","top":"0","right":"0","bottom":"0","left":"0","isLinked":""},"padding_tablet":{"unit":"px","top":"80","right":"20","bottom":"0","left":"20","isLinked":""},"padding_mobile":{"unit":"px","top":"50","right":"20","bottom":"50","left":"20","isLinked":""},"background_attachment":"fixed","background_overlay_background":"classic"},"elements":[{"id":"6984779c","settings":{"_column_size":"100","_inline_size":""},"elements":[{"id":"243bbace","settings":{"space":{"unit":"px","size":"400"}},"elements":[],"isInner":false,"widgetType":"spacer","elType":"widget"}],"isInner":"","elType":"column"}],"isInner":"","elType":"section"},{"id":"725a83e","settings":{"padding_mobile":{"unit":"px","top":"0","right":"0","bottom":"0","left":"0","isLinked":""},"padding":{"unit":"px","top":"0","right":"0","bottom":"30","left":"0","isLinked":""},"padding_tablet":{"unit":"px","top":"0","right":"0","bottom":"0","left":"0","isLinked":""},"margin":{"unit":"px","top":"-50","right":"0","bottom":"0","left":"0","isLinked":""},"margin_tablet":{"unit":"px","top":"0","right":"0","bottom":"0","left":"0","isLinked":""},"z_index":"2"},"elements":[{"id":"7de376a1","settings":{"_column_size":"100","_inline_size":"","_inline_size_tablet":"100","content_position":"center","margin":{"unit":"px","top":"","right":"","bottom":"","left":"","isLinked":""},"margin_tablet":{"unit":"px","top":"0","right":"0","bottom":"0","left":"0","isLinked":""},"padding_tablet":{"unit":"px","top":"60","right":"40","bottom":"60","left":"40","isLinked":""},"background_background":"classic","background_color":"#c3ab97","box_shadow_box_shadow_type":"yes","box_shadow_box_shadow":{"horizontal":"0","vertical":"10","blur":"50","spread":"0","color":"rgba(178,142,121,0.2)"},"padding":{"unit":"px","top":"80","right":"80","bottom":"70","left":"80","isLinked":""},"padding_mobile":{"unit":"px","top":"30","right":"20","bottom":"30","left":"20","isLinked":""},"animation":"fadeIn","margin_mobile":{"unit":"px","top":"0","right":"0","bottom":"0","left":"0","isLinked":""}},"elements":[{"id":"6a11729d","settings":{"title":"John Baker Live on the mountain","title_color":"#ffffff","typography_typography":"custom","typography_font_family":"Merriweather","typography_font_size":{"unit":"px","size":"34"},"typography_line_height":{"unit":"px","size":"50"},"typography_text_transform":"capitalize","align_mobile":"center","_animation":"fadeIn","align_tablet":"center","typography_font_size_mobile":{"unit":"px","size":"30"},"typography_line_height_mobile":{"unit":"px","size":"40"},"align":"center"},"elements":[],"isInner":false,"widgetType":"heading","elType":"widget"},{"id":"4ebf4909","settings":{"structure":"20"},"elements":[{"id":"5c114db5","settings":{"_column_size":"50","_inline_size":""},"elements":[{"id":"30f94f74","settings":{"editor":"<p><strong>Venue<\/strong><\/p>","align_tablet":"center","text_color":"#ffffff","typography_typography":"custom","typography_font_family":"Karla","typography_font_size":{"unit":"px","size":"17"},"typography_line_height":{"unit":"px","size":"22"},"_margin":{"unit":"px","top":"20","right":"0","bottom":"0","left":"0","isLinked":""},"align":"center"},"elements":[],"isInner":false,"widgetType":"text-editor","elType":"widget"},{"id":"429376a6","settings":{"editor":"<p><em>2812 West Zone Street New York,<\/em><br \/><em>NY54134 United States<\/em><\/p>","typography_typography":"custom","typography_font_family":"Karla","typography_font_size":{"unit":"px","size":"16"},"typography_line_height":{"unit":"px","size":"27"},"_margin":{"unit":"px","top":"0","right":"0","bottom":"0","left":"0","isLinked":""},"align":"center","text_color":"#ffffff","_animation":"fadeIn","align_tablet":"center"},"elements":[],"isInner":false,"widgetType":"text-editor","elType":"widget"},{"id":"225fc759","settings":{"text":"Sign Up","typography_typography":"custom","typography_font_family":"Merriweather","typography_font_size":{"unit":"px","size":"14"},"typography_font_weight":"600","typography_text_transform":"uppercase","typography_letter_spacing":{"unit":"px","size":"0.5"},"background_color":"#b59982","button_background_hover_color":"#ffffff","border_radius":{"unit":"px","top":"0","right":"0","bottom":"0","left":"0","isLinked":""},"button_box_shadow_box_shadow_type":"yes","button_box_shadow_box_shadow":{"horizontal":"0","vertical":"10","blur":"50","spread":"0","color":"rgba(178,142,121,0.2)"},"text_padding":{"unit":"px","top":"20","right":"45","bottom":"20","left":"45","isLinked":""},"_margin":{"unit":"px","top":"40","right":"0","bottom":"0","left":"0","isLinked":""},"align":"center","_animation":"fadeIn","align_tablet":"center","icon":"fa fa-chevron-circle-right","icon_align":"right","icon_indent":{"unit":"px","size":"13"},"button_text_color":"#ffffff","hover_color":"#b59982"},"elements":[],"isInner":false,"widgetType":"button","elType":"widget"}],"isInner":"1","elType":"column"},{"id":"bb330ba","settings":{"_column_size":"50","_inline_size":""},"elements":[{"id":"55afc895","settings":{"social_icon_list":[{"social":"fa fa-facebook","_id":"c36741b","link":{"url":"","is_external":"true","nofollow":""}},{"social":"fa fa-twitter","_id":"c6ed38b","link":{"url":"","is_external":"true","nofollow":""}},{"social":"fa fa-google-plus","_id":"7c8790f","link":{"url":"","is_external":"true","nofollow":""}}],"shape":"circle","icon_color":"custom","icon_primary_color":"#b59982","icon_size":{"unit":"px","size":"12"},"icon_padding":{"unit":"em","size":"1"},"icon_spacing":{"unit":"px","size":"5"},"_animation":"fadeIn","align_tablet":"center","_margin":{"unit":"px","top":"0","right":"0","bottom":"0","left":"0","isLinked":""}},"elements":[],"isInner":false,"widgetType":"social-icons","elType":"widget"},{"id":"73d88c16","settings":{"editor":"<p><strong>Date<\/strong>:\u00a0<em>June 26<\/em><\/p>","align_tablet":"center","text_color":"#ffffff","typography_typography":"custom","typography_font_family":"Karla","typography_font_size":{"unit":"px","size":"17"},"typography_line_height":{"unit":"px","size":"22"},"align":"center"},"elements":[],"isInner":false,"widgetType":"text-editor","elType":"widget"},{"id":"707ac011","settings":{"editor":"<p><strong>Time:<\/strong> <em>4:00 pm - 8:00 pm<\/em><\/p>","align_tablet":"center","text_color":"#ffffff","typography_typography":"custom","typography_font_family":"Karla","typography_font_size":{"unit":"px","size":"17"},"typography_line_height":{"unit":"px","size":"22"},"_margin":{"unit":"px","top":"-15","right":"0","bottom":"0","left":"0","isLinked":""},"align":"center"},"elements":[],"isInner":false,"widgetType":"text-editor","elType":"widget"},{"id":"166c3e5a","settings":{"editor":"<p><strong>Organizer:<\/strong> <em>John Doe<\/em><\/p>","align_tablet":"center","text_color":"#ffffff","typography_typography":"custom","typography_font_family":"Karla","typography_font_size":{"unit":"px","size":"17"},"typography_line_height":{"unit":"px","size":"22"},"_margin":{"unit":"px","top":"-15","right":"0","bottom":"0","left":"0","isLinked":""},"align":"center"},"elements":[],"isInner":false,"widgetType":"text-editor","elType":"widget"},{"id":"2e7b6937","settings":{"editor":"<p><strong>Phone:<\/strong><em> 381-261-1902<\/em><\/p>","align_tablet":"center","text_color":"#ffffff","typography_typography":"custom","typography_font_family":"Karla","typography_font_size":{"unit":"px","size":"17"},"typography_line_height":{"unit":"px","size":"22"},"_margin":{"unit":"px","top":"020","right":"0","bottom":"0","left":"0","isLinked":""},"align":"center"},"elements":[],"isInner":false,"widgetType":"text-editor","elType":"widget"}],"isInner":"1","elType":"column"}],"isInner":"1","elType":"section"}],"isInner":"","elType":"column"}],"isInner":"","elType":"section"},{"id":"7eae9ad6","settings":{"content_width":{"unit":"px","size":"760"}},"elements":[{"id":"45aec16e","settings":{"_column_size":"100","padding_tablet":{"unit":"em","top":"2","right":"2","bottom":"2","left":"2","isLinked":"1"}},"elements":[{"id":"3b7e7805","settings":{"editor":"<p><strong>Senectus erat sem tincidunt mi duis vehicula, est diam molestie. Mauris in ut eget wisi, et mollis bibendum nulla, amet malesuada.<\/strong><\/p>","typography_typography":"custom","typography_font_family":"Karla","typography_font_size":{"unit":"px","size":"16"},"typography_line_height":{"unit":"px","size":"27"},"_margin":{"unit":"px","top":"40","right":"0","bottom":"0","left":"0","isLinked":""},"align":"left","text_color":"#54595f","_animation":"fadeIn","align_tablet":"center","align_mobile":"left"},"elements":[],"isInner":false,"widgetType":"text-editor","elType":"widget"},{"id":"580e99cc","settings":{"editor":"<p>Lorem ipsum dolor sit amet, consectetur adipiscing elit, sed do eiusmod tempor incididunt ut labore et dolore magna aliqua. Ut enim ad minim veniam, quis nostrud exercitation ullamco laboris nisi ut aliquip ex ea commodo consequat.<\/p><p>Duis aute irure dolor in reprehenderit in voluptate velit esse cillum dolore eu fugiat nulla pariatur. Excepteur sint occaecat cupidatat non proident, sunt in culpa qui officia deserunt mollit anim id est laborum.<\/p>","typography_typography":"custom","typography_font_family":"Karla","typography_font_size":{"unit":"px","size":"16"},"typography_line_height":{"unit":"px","size":"27"},"_margin":{"unit":"px","top":"0","right":"0","bottom":"0","left":"0","isLinked":""},"align":"left","_animation":"fadeIn","align_tablet":"center","align_mobile":"left"},"elements":[],"isInner":false,"widgetType":"text-editor","elType":"widget"}],"isInner":"","elType":"column"}],"isInner":"","elType":"section"},{"id":"14d81803","settings":{"padding":{"unit":"px","top":"40","right":"0","bottom":"40","left":"0","isLinked":""}},"elements":[{"id":"360e3206","settings":{"_column_size":"100"},"elements":[{"id":"14e5d9d6","settings":{"title":"Our next events\n","title_color":"#0c0c0c","typography_typography":"custom","typography_font_family":"Merriweather","typography_font_size":{"unit":"px","size":"34"},"typography_line_height":{"unit":"px","size":"50"},"typography_text_transform":"capitalize","align_mobile":"center","_animation":"fadeIn","align_tablet":"center","typography_font_size_mobile":{"unit":"px","size":"30"},"typography_line_height_mobile":{"unit":"px","size":"40"},"align":"center"},"elements":[],"isInner":false,"widgetType":"heading","elType":"widget"}],"isInner":"","elType":"column"}],"isInner":"","elType":"section"},{"id":"3810e73f","settings":{"structure":"40","padding":{"unit":"em","top":"","right":"","bottom":"","left":"","isLinked":""},"padding_tablet":{"unit":"px","top":"0","right":"20","bottom":"0","left":"20","isLinked":""}},"elements":[{"id":"458b5096","settings":{"_column_size":"25","_inline_size":"","_inline_size_tablet":"100","content_position":"top","margin":{"unit":"px","top":"0","right":"15","bottom":"0","left":"15","isLinked":""},"margin_tablet":{"unit":"px","top":"0","right":"0","bottom":"40","left":"0","isLinked":""},"padding_tablet":{"unit":"px","top":"40","right":"40","bottom":"40","left":"40","isLinked":""},"background_background":"classic","background_color":"#c3ab97","box_shadow_box_shadow_type":"yes","box_shadow_box_shadow":{"horizontal":"0","vertical":"10","blur":"50","spread":"0","color":"rgba(178,142,121,0.2)"},"padding":{"unit":"px","top":"50","right":"50","bottom":"60","left":"50","isLinked":""},"padding_mobile":{"unit":"px","top":"30","right":"20","bottom":"30","left":"20","isLinked":""},"animation":"fadeIn"},"elements":[{"id":"3e4d8f2b","settings":{"title":"Outreach","title_color":"#ffffff","typography_typography":"custom","typography_font_family":"Merriweather","typography_font_size":{"unit":"rem","size":"1.4"},"typography_line_height":{"unit":"em","size":"1.4"},"typography_text_transform":"capitalize","align_mobile":"center","_animation":"fadeIn","align_tablet":"center","typography_font_size_mobile":{"unit":"px","size":"30"},"typography_line_height_mobile":{"unit":"px","size":"40"}},"elements":[],"isInner":false,"widgetType":"heading","elType":"widget"},{"id":"571dd275","settings":{"editor":"<p><strong>Date<\/strong>:\u00a0<em>June 12<\/em><\/p>","align_tablet":"center","text_color":"#ffffff","typography_typography":"custom","typography_font_family":"Karla","typography_font_size":{"unit":"px","size":"17"},"typography_line_height":{"unit":"px","size":"22"}},"elements":[],"isInner":false,"widgetType":"text-editor","elType":"widget"},{"id":"13e98ba1","settings":{"text":"Show More","typography_typography":"custom","typography_font_family":"Merriweather","typography_font_size":{"unit":"px","size":"14"},"typography_font_weight":"600","typography_text_transform":"uppercase","typography_letter_spacing":{"unit":"px","size":"0.5"},"background_color":"rgba(255,255,255,0)","button_background_hover_color":"rgba(255,255,255,0)","border_radius":{"unit":"px","top":"0","right":"0","bottom":"0","left":"0","isLinked":""},"button_box_shadow_box_shadow":{"horizontal":"0","vertical":"10","blur":"50","spread":"0","color":"rgba(178,142,121,0.2)"},"text_padding":{"unit":"px","top":"0","right":"0","bottom":"10","left":"0","isLinked":""},"_margin":{"unit":"px","top":"20","right":"0","bottom":"0","left":"0","isLinked":""},"align":"left","_animation":"fadeIn","align_tablet":"center","icon":"fa fa-chevron-circle-right","icon_align":"right","icon_indent":{"unit":"px","size":"13"},"button_text_color":"#ffffff","hover_color":"#ffffff","hover_animation":"hang","border_border":"solid","border_width":{"unit":"px","top":"0","right":"0","bottom":"3","left":"0","isLinked":""},"border_color":"#ffffff"},"elements":[],"isInner":false,"widgetType":"button","elType":"widget"}],"isInner":"","elType":"column"},{"id":"6c0136f5","settings":{"_column_size":"25","_inline_size":"","_inline_size_tablet":"100","content_position":"top","margin":{"unit":"px","top":"0","right":"15","bottom":"0","left":"15","isLinked":""},"margin_tablet":{"unit":"px","top":"0","right":"0","bottom":"40","left":"0","isLinked":""},"padding_tablet":{"unit":"px","top":"40","right":"40","bottom":"40","left":"40","isLinked":""},"background_background":"classic","background_color":"#ffffff","box_shadow_box_shadow_type":"yes","box_shadow_box_shadow":{"horizontal":"0","vertical":"10","blur":"50","spread":"0","color":"rgba(178,142,121,0.2)"},"padding":{"unit":"px","top":"50","right":"50","bottom":"60","left":"50","isLinked":""},"padding_mobile":{"unit":"px","top":"30","right":"20","bottom":"30","left":"20","isLinked":""},"animation":"fadeIn","background_overlay_background":"classic","background_overlay_position":"center center","background_overlay_attachment":"fixed","background_overlay_size":"cover","background_overlay_opacity":{"unit":"px","size":"0.1"}},"elements":[{"id":"51a81075","settings":{"title":"Sunrise Park fundraiser","title_color":"#000000","typography_typography":"custom","typography_font_family":"Merriweather","typography_font_size":{"unit":"rem","size":"1.4"},"typography_line_height":{"unit":"em","size":"1.4"},"typography_text_transform":"capitalize","align_mobile":"center","_animation":"fadeIn","align_tablet":"center","typography_font_size_mobile":{"unit":"px","size":"30"},"typography_line_height_mobile":{"unit":"px","size":"40"}},"elements":[],"isInner":false,"widgetType":"heading","elType":"widget"},{"id":"7b2043d5","settings":{"editor":"<p><strong>Date<\/strong>:\u00a0<em>June 21<\/em><\/p>","typography_typography":"custom","typography_font_family":"Karla","typography_font_size":{"unit":"px","size":"17"},"typography_line_height":{"unit":"px","size":"22"},"align_tablet":"center"},"elements":[],"isInner":false,"widgetType":"text-editor","elType":"widget"},{"id":"692d4df3","settings":{"text":"Show More","typography_typography":"custom","typography_font_family":"Merriweather","typography_font_size":{"unit":"px","size":"14"},"typography_font_weight":"600","typography_text_transform":"uppercase","typography_letter_spacing":{"unit":"px","size":"0.5"},"background_color":"rgba(255,255,255,0)","button_background_hover_color":"rgba(255,255,255,0)","border_radius":{"unit":"px","top":"0","right":"0","bottom":"0","left":"0","isLinked":""},"button_box_shadow_box_shadow":{"horizontal":"0","vertical":"10","blur":"50","spread":"0","color":"rgba(178,142,121,0.2)"},"text_padding":{"unit":"px","top":"0","right":"0","bottom":"10","left":"0","isLinked":""},"_margin":{"unit":"px","top":"20","right":"0","bottom":"0","left":"0","isLinked":""},"align":"left","_animation":"fadeIn","align_tablet":"center","icon":"fa fa-chevron-circle-right","icon_align":"right","icon_indent":{"unit":"px","size":"13"},"button_text_color":"#c3ab97","hover_color":"#c3ab97","hover_animation":"hang","border_border":"solid","border_width":{"unit":"px","top":"0","right":"0","bottom":"3","left":"0","isLinked":""},"border_color":"#c3ab97"},"elements":[],"isInner":false,"widgetType":"button","elType":"widget"}],"isInner":"","elType":"column"},{"id":"301c0f72","settings":{"_column_size":"25","_inline_size":"","_inline_size_tablet":"100","content_position":"top","margin":{"unit":"px","top":"0","right":"15","bottom":"0","left":"15","isLinked":""},"margin_tablet":{"unit":"px","top":"0","right":"0","bottom":"40","left":"0","isLinked":""},"padding_tablet":{"unit":"px","top":"40","right":"40","bottom":"40","left":"40","isLinked":""},"background_background":"classic","background_color":"#c3ab97","box_shadow_box_shadow_type":"yes","box_shadow_box_shadow":{"horizontal":"0","vertical":"10","blur":"50","spread":"0","color":"rgba(178,142,121,0.2)"},"padding":{"unit":"px","top":"50","right":"50","bottom":"60","left":"50","isLinked":""},"padding_mobile":{"unit":"px","top":"30","right":"20","bottom":"30","left":"20","isLinked":""},"animation":"fadeIn"},"elements":[{"id":"578b691b","settings":{"title":"Forging a relationship with god","title_color":"#ffffff","typography_typography":"custom","typography_font_family":"Merriweather","typography_font_size":{"unit":"rem","size":"1.4"},"typography_line_height":{"unit":"em","size":"1.4"},"typography_text_transform":"capitalize","align_mobile":"center","_animation":"fadeIn","align_tablet":"center","typography_font_size_mobile":{"unit":"px","size":"30"},"typography_line_height_mobile":{"unit":"px","size":"40"}},"elements":[],"isInner":false,"widgetType":"heading","elType":"widget"},{"id":"390a5f44","settings":{"editor":"<p><strong>Date<\/strong>:\u00a0<em>June 24<\/em><\/p>","text_color":"#ffffff","typography_typography":"custom","typography_font_family":"Karla","typography_font_size":{"unit":"px","size":"17"},"typography_line_height":{"unit":"px","size":"22"},"align_tablet":"center"},"elements":[],"isInner":false,"widgetType":"text-editor","elType":"widget"},{"id":"42ab7d3","settings":{"text":"Show More","typography_typography":"custom","typography_font_family":"Merriweather","typography_font_size":{"unit":"px","size":"14"},"typography_font_weight":"600","typography_text_transform":"uppercase","typography_letter_spacing":{"unit":"px","size":"0.5"},"background_color":"rgba(255,255,255,0)","button_background_hover_color":"rgba(255,255,255,0)","border_radius":{"unit":"px","top":"0","right":"0","bottom":"0","left":"0","isLinked":""},"button_box_shadow_box_shadow":{"horizontal":"0","vertical":"10","blur":"50","spread":"0","color":"rgba(178,142,121,0.2)"},"text_padding":{"unit":"px","top":"0","right":"0","bottom":"10","left":"0","isLinked":""},"_margin":{"unit":"px","top":"20","right":"0","bottom":"0","left":"0","isLinked":""},"align":"left","_animation":"fadeIn","align_tablet":"center","icon":"fa fa-chevron-circle-right","icon_align":"right","icon_indent":{"unit":"px","size":"13"},"button_text_color":"#ffffff","hover_color":"#ffffff","hover_animation":"hang","border_border":"solid","border_width":{"unit":"px","top":"0","right":"0","bottom":"3","left":"0","isLinked":""},"border_color":"#ffffff"},"elements":[],"isInner":false,"widgetType":"button","elType":"widget"}],"isInner":"","elType":"column"},{"id":"4ab479ad","settings":{"_column_size":"25","_inline_size":"","_inline_size_tablet":"100","content_position":"top","margin":{"unit":"px","top":"0","right":"15","bottom":"0","left":"15","isLinked":""},"margin_tablet":{"unit":"px","top":"0","right":"0","bottom":"0","left":"0","isLinked":""},"padding_tablet":{"unit":"px","top":"40","right":"40","bottom":"40","left":"40","isLinked":""},"background_background":"classic","background_color":"#ffffff","box_shadow_box_shadow_type":"yes","box_shadow_box_shadow":{"horizontal":"0","vertical":"10","blur":"50","spread":"0","color":"rgba(178,142,121,0.2)"},"padding":{"unit":"px","top":"50","right":"50","bottom":"60","left":"50","isLinked":""},"padding_mobile":{"unit":"px","top":"30","right":"20","bottom":"30","left":"20","isLinked":""},"animation":"fadeIn","background_overlay_background":"classic","background_overlay_position":"center center","background_overlay_attachment":"fixed","background_overlay_size":"cover","background_overlay_opacity":{"unit":"px","size":"0.1"}},"elements":[{"id":"79ae777c","settings":{"title":"Mt. Vernon Youth Retreat","title_color":"#000000","typography_typography":"custom","typography_font_family":"Merriweather","typography_font_size":{"unit":"rem","size":"1.4"},"typography_line_height":{"unit":"em","size":"1.4"},"typography_text_transform":"capitalize","align_mobile":"center","_animation":"fadeIn","align_tablet":"center","typography_font_size_mobile":{"unit":"px","size":"30"},"typography_line_height_mobile":{"unit":"px","size":"40"}},"elements":[],"isInner":false,"widgetType":"heading","elType":"widget"},{"id":"2270ac6e","settings":{"editor":"<p><strong>Date<\/strong>:\u00a0<em>June 26-28<\/em><\/p>","typography_typography":"custom","typography_font_family":"Karla","typography_font_size":{"unit":"px","size":"17"},"typography_line_height":{"unit":"px","size":"22"},"align_tablet":"center"},"elements":[],"isInner":false,"widgetType":"text-editor","elType":"widget"},{"id":"660a858c","settings":{"text":"Show More","typography_typography":"custom","typography_font_family":"Merriweather","typography_font_size":{"unit":"px","size":"14"},"typography_font_weight":"600","typography_text_transform":"uppercase","typography_letter_spacing":{"unit":"px","size":"0.5"},"background_color":"rgba(255,255,255,0)","button_background_hover_color":"rgba(255,255,255,0)","border_radius":{"unit":"px","top":"0","right":"0","bottom":"0","left":"0","isLinked":""},"button_box_shadow_box_shadow":{"horizontal":"0","vertical":"10","blur":"50","spread":"0","color":"rgba(178,142,121,0.2)"},"text_padding":{"unit":"px","top":"0","right":"0","bottom":"10","left":"0","isLinked":""},"_margin":{"unit":"px","top":"20","right":"0","bottom":"0","left":"0","isLinked":""},"align":"left","_animation":"fadeIn","align_tablet":"center","icon":"fa fa-chevron-circle-right","icon_align":"right","icon_indent":{"unit":"px","size":"13"},"button_text_color":"#c3ab97","hover_color":"#c3ab97","hover_animation":"hang","border_border":"solid","border_width":{"unit":"px","top":"0","right":"0","bottom":"3","left":"0","isLinked":""},"border_color":"#c3ab97"},"elements":[],"isInner":false,"widgetType":"button","elType":"widget"}],"isInner":"","elType":"column"}],"isInner":"","elType":"section"},{"id":"9058f3","settings":{"stretch_section":"section-stretched","background_background":"classic","background_position":"center center","background_size":"cover","background_overlay_color":"#635442","background_overlay_opacity":{"unit":"px","size":"0.72"},"padding":{"unit":"em","top":"","right":"","bottom":"","left":"","isLinked":""},"background_attachment":"fixed","margin":{"unit":"px","top":"80","right":"0","bottom":"30","left":"0","isLinked":""},"margin_mobile":{"unit":"px","top":"20","right":"0","bottom":"0","left":"0","isLinked":""}},"elements":[{"id":"32a97f8e","settings":{"_column_size":"100","_inline_size":"","_inline_size_tablet":"100","padding_tablet":{"unit":"px","top":"80","right":"20","bottom":"80","left":"20","isLinked":""},"content_position":"center","background_background":"classic","background_image":{"url":"http:\/\/sitefacilitado.com.br\/membros\/wp-content\/uploads\/2020\/03\/priscilla-du-preez-172593-unsplash.jpg","id":"7900"},"background_overlay_background":"classic","background_overlay_color":"#635442","box_shadow_box_shadow_type":"yes","box_shadow_box_shadow":{"horizontal":"0","vertical":"10","blur":"50","spread":"0","color":"rgba(178,142,121,0.2)"},"margin":{"unit":"px","top":"0","right":"0","bottom":"0","left":"0","isLinked":""},"padding":{"unit":"px","top":"140","right":"20","bottom":"140","left":"20","isLinked":""}},"elements":[{"id":"27bb2f71","settings":{"title":"no one has ever <br>become poor by giving","title_color":"#ffffff","typography_typography":"custom","typography_font_family":"Merriweather","typography_font_size":{"unit":"px","size":"50"},"typography_line_height":{"unit":"px","size":"60"},"header_size":"h1","align":"center","typography_text_transform":"capitalize","_animation":"fadeIn","typography_font_size_mobile":{"unit":"px","size":"30"},"typography_line_height_mobile":{"unit":"px","size":"40"}},"elements":[],"isInner":false,"widgetType":"heading","elType":"widget"},{"id":"1e8d48e1","settings":{"editor":"Senectus erat sem tincidunt mi duis vehicula, est diam molestie.<br> Mauris in ut eget wisi, et mollis bibendum nulla, amet malesuada.","typography_typography":"custom","typography_font_family":"Karla","typography_font_size":{"unit":"px","size":"16"},"typography_line_height":{"unit":"px","size":"27"},"_margin":{"unit":"px","top":"20","right":"0","bottom":"0","left":"0","isLinked":""},"align":"center","text_color":"#ffffff","_animation":"fadeIn"},"elements":[],"isInner":false,"widgetType":"text-editor","elType":"widget"},{"id":"6eafd71a","settings":{"text":"get involved now!","typography_typography":"custom","typography_font_family":"Merriweather","typography_font_size":{"unit":"px","size":"14"},"typography_font_weight":"600","typography_text_transform":"uppercase","typography_letter_spacing":{"unit":"px","size":"0.5"},"background_color":"#c3ab97","button_background_hover_color":"#b59982","border_radius":{"unit":"px","top":"0","right":"0","bottom":"0","left":"0","isLinked":""},"button_box_shadow_box_shadow_type":"yes","button_box_shadow_box_shadow":{"horizontal":"0","vertical":"10","blur":"50","spread":"0","color":"rgba(178,142,121,0.2)"},"text_padding":{"unit":"px","top":"20","right":"45","bottom":"20","left":"45","isLinked":""},"_margin":{"unit":"px","top":"40","right":"0","bottom":"0","left":"0","isLinked":""},"align":"center","_animation":"fadeIn"},"elements":[],"isInner":false,"widgetType":"button","elType":"widget"}],"isInner":"","elType":"column"}],"isInner":"","elType":"section"}]}