{"version":"0.4","title":"Church > Contact Us","type":"page","content":[{"id":"773bcdf8","settings":{"stretch_section":"section-stretched","background_background":"classic","background_image":{"url":"http:\/\/sitefacilitado.com.br\/membros\/wp-content\/uploads\/2020\/03\/josh-applegate-141465-unsplash.jpg","id":"7896"},"background_position":"bottom center","background_size":"cover","background_overlay_background":"classic","background_overlay_color":"#635442","background_overlay_opacity":{"unit":"px","size":"0.72"},"padding":{"unit":"px","top":"80","right":"0","bottom":"80","left":"0","isLinked":""},"padding_tablet":{"unit":"px","top":"0","right":"20","bottom":"0","left":"20","isLinked":""},"padding_mobile":{"unit":"em","top":"2","right":"2","bottom":"2","left":"2","isLinked":"1"},"content_width":{"unit":"px","size":"760"},"height":"min-height","custom_height_tablet":{"unit":"vh","size":"40"}},"elements":[{"id":"15726bd8","settings":{"_column_size":"100","_inline_size":"","_inline_size_tablet":"100"},"elements":[{"id":"11e18a5e","settings":{"title":"Contact Us","title_color":"#ffffff","typography_typography":"custom","typography_font_family":"Merriweather","typography_font_size":{"unit":"px","size":"50"},"typography_line_height":{"unit":"px","size":"60"},"header_size":"h1","align":"center","typography_text_transform":"capitalize","_animation":"fadeIn","typography_font_weight":"700"},"elements":[],"isInner":false,"widgetType":"heading","elType":"widget"},{"id":"2c3b9bcf","settings":{"editor":"<p>Senectus erat sem tincidunt mi duis vehicula, est diam molestie. Mauris in ut eget wisi, et mollis bibendum nulla, amet malesuada.<\/p>","typography_typography":"custom","typography_font_family":"Karla","typography_font_size":{"unit":"rem","size":"1.2"},"typography_line_height":{"unit":"px","size":"27"},"_margin":{"unit":"px","top":"20","right":"0","bottom":"0","left":"0","isLinked":""},"align":"center","text_color":"#ffffff","_animation":"fadeIn"},"elements":[],"isInner":false,"widgetType":"text-editor","elType":"widget"},{"id":"33bb3f6e","settings":{"text":"Email","typography_typography":"custom","typography_font_family":"Merriweather","typography_font_size":{"unit":"px","size":"14"},"typography_font_weight":"600","typography_text_transform":"uppercase","typography_letter_spacing":{"unit":"px","size":"0.5"},"background_color":"#c3ab97","button_background_hover_color":"#b59982","border_radius":{"unit":"px","top":"0","right":"0","bottom":"0","left":"0","isLinked":""},"button_box_shadow_box_shadow_type":"yes","button_box_shadow_box_shadow":{"horizontal":"0","vertical":"10","blur":"50","spread":"0","color":"rgba(178,142,121,0.2)"},"text_padding":{"unit":"px","top":"20","right":"45","bottom":"20","left":"45","isLinked":""},"_margin":{"unit":"px","top":"40","right":"0","bottom":"0","left":"0","isLinked":""},"align":"center","_animation":"fadeIn"},"elements":[],"isInner":false,"widgetType":"button","elType":"widget"}],"isInner":"","elType":"column"}],"isInner":"","elType":"section"},{"id":"9f02171","settings":{"stretch_section":"section-stretched","layout":"full_width","structure":"20"},"elements":[{"id":"7f54b3d0","settings":{"_column_size":"50","_inline_size":"","_inline_size_tablet":"100","padding":{"unit":"px","top":"0","right":"0","bottom":"0","left":"0","isLinked":""}},"elements":[{"id":"7110b6a1","settings":{"address":"Youth Ministry  Reedley, CA 93654","height":{"unit":"px","size":"500"},"css_filters_css_filter":"custom","css_filters_saturate":{"unit":"px","size":"0"}},"elements":[],"isInner":false,"widgetType":"google_maps","elType":"widget"}],"isInner":"","elType":"column"},{"id":"33e9c5f0","settings":{"_column_size":"50","_inline_size":"","_inline_size_tablet":"100","content_position":"center","margin":{"unit":"px","top":"0","right":"0","bottom":"0","left":"80","isLinked":""},"margin_tablet":{"unit":"px","top":"0","right":"0","bottom":"0","left":"0","isLinked":""},"padding_tablet":{"unit":"px","top":"40","right":"0","bottom":"40","left":"0","isLinked":""}},"elements":[{"id":"7e56dc33","settings":{"title":"Risus ipsum commodo<Br> eveniet pede nulla, sed fusce<Br> sed eget, sit augue<Br> mauris feugiat","title_color":"#0c0c0c","typography_typography":"custom","typography_font_family":"Merriweather","typography_font_size":{"unit":"px","size":"34"},"typography_line_height":{"unit":"px","size":"44"},"typography_text_transform":"capitalize","align_mobile":"center","_animation":"fadeIn","align_tablet":"center","typography_font_size_mobile":{"unit":"px","size":"30"},"typography_line_height_mobile":{"unit":"px","size":"40"}},"elements":[],"isInner":false,"widgetType":"heading","elType":"widget"},{"id":"53b4a9b6","settings":{"color":"#c3ab97","width":{"unit":"px","size":"60"},"gap":{"unit":"px","size":"2"},"_margin":{"unit":"px","top":"-5","right":"0","bottom":"0","left":"0","isLinked":""},"align_mobile":"center","align_tablet":"center"},"elements":[],"isInner":false,"widgetType":"divider","elType":"widget"},{"id":"eb4ee74","settings":{"social_icon_list":[{"social":"fa fa-facebook","_id":"c36741b","link":{"url":"","is_external":"true","nofollow":""}},{"social":"fa fa-twitter","_id":"c6ed38b","link":{"url":"","is_external":"true","nofollow":""}},{"social":"fa fa-google-plus","_id":"7c8790f","link":{"url":"","is_external":"true","nofollow":""}}],"shape":"circle","icon_color":"custom","icon_primary_color":"#c3ab97","icon_size":{"unit":"px","size":"15"},"icon_padding":{"unit":"em","size":"1"},"icon_spacing":{"unit":"px","size":"20"},"_animation":"fadeIn","align":"left","align_tablet":"center","_margin":{"unit":"px","top":"20","right":"0","bottom":"0","left":"0","isLinked":""}},"elements":[],"isInner":false,"widgetType":"social-icons","elType":"widget"}],"isInner":"","elType":"column"}],"isInner":"","elType":"section"},{"id":"17390a8d","settings":{"padding_mobile":{"unit":"px","top":"40","right":"0","bottom":"0","left":"0","isLinked":""},"padding":{"unit":"px","top":"80","right":"0","bottom":"0","left":"0","isLinked":""},"padding_tablet":{"unit":"px","top":"0","right":"0","bottom":"0","left":"0","isLinked":""}},"elements":[{"id":"3fe86e1","settings":{"_column_size":"100"},"elements":[{"id":"3dd590d2","settings":{"title":"Join Our Mission to <br>Improve The Future For All","title_color":"#0c0c0c","typography_typography":"custom","typography_font_family":"Merriweather","typography_font_size":{"unit":"px","size":"34"},"typography_line_height":{"unit":"px","size":"44"},"align":"center","typography_text_transform":"capitalize","_animation":"fadeIn","typography_font_size_mobile":{"unit":"px","size":"30"},"typography_line_height_mobile":{"unit":"px","size":"40"}},"elements":[],"isInner":false,"widgetType":"heading","elType":"widget"},{"id":"669c8487","settings":{"color":"#c3ab97","width":{"unit":"px","size":"60"},"gap":{"unit":"px","size":"2"},"_margin":{"unit":"px","top":"0","right":"0","bottom":"30","left":"0","isLinked":""},"align":"center"},"elements":[],"isInner":false,"widgetType":"divider","elType":"widget"}],"isInner":"","elType":"column"}],"isInner":"","elType":"section"},{"id":"562a37c","settings":{"structure":"20","padding":{"unit":"px","top":"0","right":"0","bottom":"0","left":"0","isLinked":""},"margin_tablet":{"unit":"px","top":"0","right":"0","bottom":"0","left":"0","isLinked":""},"padding_tablet":{"unit":"px","top":"0","right":"0","bottom":"0","left":"0","isLinked":""}},"elements":[{"id":"2b28ae1","settings":{"_column_size":"50","_inline_size":"","margin":{"unit":"px","top":"0","right":"0","bottom":"0","left":"0","isLinked":""},"padding":{"unit":"px","top":"0","right":"0","bottom":"0","left":"0","isLinked":""},"content_position":"center","_inline_size_tablet":"100"},"elements":[{"id":"e9d298a","settings":{"image":{"url":"http:\/\/sitefacilitado.com.br\/membros\/wp-content\/uploads\/2020\/03\/pexels-photo-977460.jpeg","id":"7899"},"image_border_radius":{"unit":"%","top":"","right":"","bottom":"","left":"","isLinked":"1"},"_margin":{"unit":"px","top":"0","right":"0","bottom":"0","left":"0","isLinked":""},"_padding":{"unit":"px","top":"0","right":"0","bottom":"0","left":"0","isLinked":""},"_animation":"fadeIn"},"elements":[],"isInner":false,"widgetType":"image","elType":"widget"}],"isInner":"","elType":"column"},{"id":"531ba4b3","settings":{"_column_size":"50","_inline_size":"","margin":{"unit":"px","top":"0","right":"0","bottom":"0","left":"30","isLinked":""},"content_position":"center","_inline_size_tablet":"100","margin_tablet":{"unit":"px","top":"40","right":"0","bottom":"0","left":"0","isLinked":""},"padding_tablet":{"unit":"em","top":"2","right":"2","bottom":"2","left":"2","isLinked":"1"}},"elements":[{"id":"fc7aeb8","settings":{"icon_list":[{"text":"Risus ipsum commodo eveniet pede nulla, sed fusce sed eget, sit augue mauris feugiat, erat facilisis nibh ligula ante, feugiat fermentum ut facilisi dolor quis. Semper faucibus ullamcorper.","icon":"fa fa-check","_id":"e472582","link":{"url":"","is_external":"","nofollow":""}},{"text":"Dictum at pariatur donec, non nulla, pellentesque ipsum odio gravida aliquam et nibh, egestas faucibus sollicitudin, et nulla dictum proin neque at lorem. Vulputate volutpat ullamcorper blandit lectus tellus.","icon":"fa fa-times","_id":"37ceb57","link":{"url":"","is_external":"","nofollow":""}},{"text":"Senectus erat sem tincidunt mi duis vehicula, est diam molestie. Mauris in ut eget wisi, et mollis bibendum nulla, amet malesuada pharetra.","icon":"fa fa-dot-circle-o","_id":"e7edb71","link":{"url":"","is_external":"","nofollow":""}}],"space_between":{"unit":"px","size":"10"},"icon_color":"#c3ab97","icon_size":{"unit":"px","size":"23"},"text_indent":{"unit":"px","size":"22"},"icon_typography_typography":"custom","icon_typography_font_family":"Karla","icon_typography_font_size":{"unit":"px","size":"16"},"icon_typography_line_height":{"unit":"px","size":"27"}},"elements":[],"isInner":false,"widgetType":"icon-list","elType":"widget"}],"isInner":"","elType":"column"}],"isInner":"","elType":"section"},{"id":"4fc34a14","settings":{"padding":{"unit":"px","top":"50","right":"0","bottom":"0","left":"0","isLinked":""},"margin_tablet":{"unit":"px","top":"0","right":"0","bottom":"0","left":"0","isLinked":""},"padding_tablet":{"unit":"em","top":"1","right":"1","bottom":"1","left":"1","isLinked":"1"}},"elements":[{"id":"7c75f8d1","settings":{"_column_size":"100","_inline_size":"","margin":{"unit":"px","top":"0","right":"0","bottom":"0","left":"0","isLinked":""},"padding":{"unit":"px","top":"0","right":"0","bottom":"0","left":"0","isLinked":""},"content_position":"center","background_color":"#ffffff","background_overlay_background":"classic","background_overlay_image":{"url":"http:\/\/sitefacilitado.com.br\/membros\/wp-content\/uploads\/2020\/03\/neonbrand-265875-unsplash.jpg","id":"7893"},"background_overlay_position":"center center","background_overlay_repeat":"no-repeat","background_overlay_size":"cover","background_overlay_opacity":{"unit":"px","size":"0.32"},"border_radius":{"unit":"%","top":"","right":"","bottom":"","left":"","isLinked":"1"},"box_shadow_box_shadow":{"horizontal":"0","vertical":"-10","blur":"50","spread":"0","color":"rgba(178,142,121,0.2)"},"_inline_size_tablet":"100","margin_tablet":{"unit":"px","top":"0","right":"0","bottom":"0","left":"0","isLinked":""},"margin_mobile":{"unit":"px","top":"50","right":"0","bottom":"0","left":"0","isLinked":""},"padding_tablet":{"unit":"px","top":"0","right":"0","bottom":"0","left":"0","isLinked":""}},"elements":[{"id":"35e7c864","settings":{"structure":"20","border_border":"solid","border_width":{"unit":"px","top":"0","right":"0","bottom":"1","left":"0","isLinked":""},"border_color":"rgba(195,171,151,0.1)","margin":{"unit":"px","top":"-10","right":"0","bottom":"0","left":"0","isLinked":""},"padding":{"unit":"px","top":"20","right":"0","bottom":"20","left":"0","isLinked":""}},"elements":[{"id":"ed6d4da","settings":{"_column_size":"50","_inline_size":""},"elements":[{"id":"12e8d22b","settings":{"editor":"<p>1592 11th St. E<\/p><p>Reedley, CA 93654<\/p>","align_mobile":"center","text_color":"#000000","typography_typography":"custom","typography_font_family":"Merriweather","typography_font_size":{"unit":"rem","size":"1.4"},"typography_font_weight":"bold","typography_text_transform":"capitalize","typography_line_height":{"unit":"em","size":"1"}},"elements":[],"isInner":false,"widgetType":"text-editor","elType":"widget"}],"isInner":"1","elType":"column"},{"id":"789cb7c9","settings":{"_column_size":"50","_inline_size":""},"elements":[{"id":"78b45cce","settings":{"title":"+ 1 419 837 0000","title_color":"#0c0c0c","typography_typography":"custom","typography_font_family":"Merriweather","typography_font_size":{"unit":"px","size":"26"},"typography_line_height":{"unit":"px","size":"34"},"header_size":"h3","typography_text_transform":"capitalize","align_mobile":"center","align":"right"},"elements":[],"isInner":false,"widgetType":"heading","elType":"widget"}],"isInner":"1","elType":"column"}],"isInner":"1","elType":"section"}],"isInner":"","elType":"column"}],"isInner":"","elType":"section"},{"id":"73a1b4cc","settings":{"stretch_section":"section-stretched","structure":"20","background_background":"classic","background_color":"rgba(195,171,151,0.1)","padding":{"unit":"px","top":"30","right":"0","bottom":"30","left":"0","isLinked":""},"margin_tablet":{"unit":"px","top":"0","right":"0","bottom":"0","left":"0","isLinked":""},"padding_tablet":{"unit":"px","top":"60","right":"20","bottom":"60","left":"20","isLinked":""},"animation":"fadeIn","margin":{"unit":"px","top":"80","right":"0","bottom":"0","left":"0","isLinked":""}},"elements":[{"id":"225eacec","settings":{"_column_size":"50","_inline_size":"","content_position":"center"},"elements":[{"id":"71ccc421","settings":{"title":"small efforts make big change","title_color":"#0c0c0c","typography_typography":"custom","typography_font_family":"Merriweather","typography_font_size":{"unit":"px","size":"26"},"typography_line_height":{"unit":"px","size":"34"},"header_size":"h3","typography_text_transform":"capitalize","align_mobile":"center"},"elements":[],"isInner":false,"widgetType":"heading","elType":"widget"}],"isInner":"","elType":"column"},{"id":"338d7592","settings":{"_column_size":"50","_inline_size":""},"elements":[{"id":"2b9e5e0","settings":{"text":"Donate Now","typography_typography":"custom","typography_font_family":"Merriweather","typography_font_size":{"unit":"px","size":"14"},"typography_font_weight":"600","typography_text_transform":"uppercase","typography_letter_spacing":{"unit":"px","size":"0.5"},"button_text_color":"#c3ab97","background_color":"rgba(239,131,84,0)","hover_color":"#ffffff","button_background_hover_color":"#c3ab97","border_border":"solid","border_width":{"unit":"px","top":"3","right":"3","bottom":"3","left":"3","isLinked":"1"},"border_color":"#c3ab97","border_radius":{"unit":"px","top":"0","right":"0","bottom":"0","left":"0","isLinked":"1"},"button_box_shadow_box_shadow_type":"yes","button_box_shadow_box_shadow":{"horizontal":"0","vertical":"10","blur":"50","spread":"0","color":"rgba(178,142,121,0.2)"},"text_padding":{"unit":"px","top":"17","right":"42","bottom":"17","left":"42","isLinked":""},"align":"right","align_mobile":"center"},"elements":[],"isInner":false,"widgetType":"button","elType":"widget"}],"isInner":"","elType":"column"}],"isInner":"","elType":"section"},{"id":"4ecc42c5","settings":{"stretch_section":"section-stretched","background_background":"classic","background_image":{"url":"http:\/\/sitefacilitado.com.br\/membros\/wp-content\/uploads\/2020\/03\/priscilla-du-preez-172593-unsplash.jpg","id":"7900"},"background_position":"center center","background_size":"cover","background_overlay_background":"classic","background_overlay_color":"#635442","background_overlay_opacity":{"unit":"px","size":"0.72"},"padding":{"unit":"px","top":"80","right":"0","bottom":"80","left":"0","isLinked":""},"background_attachment":"fixed","content_width":{"unit":"px","size":"760"}},"elements":[{"id":"46e8bada","settings":{"_column_size":"100","_inline_size":"","_inline_size_tablet":"100","padding_tablet":{"unit":"px","top":"0","right":"20","bottom":"0","left":"20","isLinked":""}},"elements":[{"id":"4021c558","settings":{"title":"no one has ever become poor by giving","title_color":"#ffffff","typography_typography":"custom","typography_font_family":"Merriweather","typography_font_size":{"unit":"px","size":"50"},"typography_line_height":{"unit":"px","size":"60"},"header_size":"h1","align":"center","typography_text_transform":"capitalize","_animation":"fadeIn","typography_font_size_mobile":{"unit":"px","size":"30"},"typography_line_height_mobile":{"unit":"px","size":"40"}},"elements":[],"isInner":false,"widgetType":"heading","elType":"widget"},{"id":"92e2dcc","settings":{"editor":"<p>Senectus erat sem tincidunt mi duis vehicula, est diam molestie. Mauris in ut eget wisi, et mollis bibendum nulla, amet malesuada.<\/p>","typography_typography":"custom","typography_font_family":"Karla","typography_font_size":{"unit":"rem","size":"1.2"},"typography_line_height":{"unit":"px","size":"27"},"_margin":{"unit":"px","top":"20","right":"0","bottom":"0","left":"0","isLinked":""},"align":"center","text_color":"#ffffff","_animation":"fadeIn"},"elements":[],"isInner":false,"widgetType":"text-editor","elType":"widget"},{"id":"1669c95","settings":{"text":"get involved now!","typography_typography":"custom","typography_font_family":"Merriweather","typography_font_size":{"unit":"px","size":"14"},"typography_font_weight":"600","typography_text_transform":"uppercase","typography_letter_spacing":{"unit":"px","size":"0.5"},"background_color":"#c3ab97","button_background_hover_color":"#b59982","border_radius":{"unit":"px","top":"0","right":"0","bottom":"0","left":"0","isLinked":""},"button_box_shadow_box_shadow_type":"yes","button_box_shadow_box_shadow":{"horizontal":"0","vertical":"10","blur":"50","spread":"0","color":"rgba(178,142,121,0.2)"},"text_padding":{"unit":"px","top":"20","right":"45","bottom":"20","left":"45","isLinked":""},"_margin":{"unit":"px","top":"40","right":"0","bottom":"0","left":"0","isLinked":""},"align":"center","_animation":"fadeIn"},"elements":[],"isInner":false,"widgetType":"button","elType":"widget"}],"isInner":"","elType":"column"}],"isInner":"","elType":"section"}]}