{"version":"0.4","title":"Church > Popup","type":"popup","content":[{"id":"3dadea09","settings":{"content_width":{"unit":"px","size":"640"},"custom_height":{"unit":"vh","size":"100"},"padding_mobile":{"unit":"em","top":"1","right":"1","bottom":"1","left":"1","isLinked":"1"},"layout":"full_width"},"elements":[{"id":"51dbae78","settings":{"_column_size":"100","box_shadow_box_shadow_type":"yes","box_shadow_box_shadow":{"horizontal":"0","vertical":"0","blur":"65","spread":"10","color":"rgba(0,0,0,0.17)"},"margin":{"unit":"px","top":"0","right":"0","bottom":"0","left":"0","isLinked":"1"},"padding":{"unit":"px","top":"0","right":"0","bottom":"0","left":"0","isLinked":"1"}},"elements":[{"id":"4b2d7e47","settings":{"background_background":"classic","background_image":{"url":"http:\/\/sitefacilitado.com.br\/membros\/wp-content\/uploads\/2020\/03\/ricky-turner-579980-unsplash.jpg","id":"7894"},"background_position":"top center","background_size":"cover","background_overlay_background":"classic","background_overlay_color":"#635442","background_overlay_opacity":{"unit":"px","size":"0.72"},"shape_divider_bottom":"book","shape_divider_bottom_color":"#ffffff","margin":{"unit":"px","top":"0","right":"0","bottom":"0","left":"0","isLinked":"1"}},"elements":[{"id":"34dbed","settings":{"_column_size":"100","_inline_size":"","content_position":"center","padding":{"unit":"em","top":"3","right":"3","bottom":"3","left":"3","isLinked":"1"},"padding_mobile":{"unit":"em","top":"1","right":"1","bottom":"1","left":"1","isLinked":""}},"elements":[{"id":"67bd8cfa","settings":{"title":"Stay Inspired","title_color":"#ffffff","typography_typography":"custom","typography_font_family":"Merriweather","typography_font_size":{"unit":"px","size":"61"},"typography_line_height":{"unit":"px","size":"56"},"header_size":"h1","align":"center","typography_text_transform":"capitalize","align_mobile":"center","_animation":"fadeIn","align_tablet":"center","typography_font_size_tablet":{"unit":"rem","size":""},"_margin":{"unit":"px","top":"0","right":"0","bottom":"40","left":"0","isLinked":""},"typography_font_size_mobile":{"unit":"rem","size":"2.5"},"typography_line_height_mobile":{"unit":"em","size":"1.4"},"_margin_mobile":{"unit":"px","top":"0","right":"0","bottom":"0","left":"0","isLinked":"1"}},"elements":[],"isInner":false,"widgetType":"heading","elType":"widget"},{"id":"64072b36","settings":{"editor":"<p>Get daily aspirations and scriptures direct to your inbox and join 10,000+ believers in creating change.<\/p>","typography_typography":"custom","typography_font_family":"Karla","typography_font_size":{"unit":"px","size":"19"},"typography_line_height":{"unit":"px","size":"27"},"_margin":{"unit":"px","top":"20","right":"0","bottom":"0","left":"0","isLinked":""},"align":"center","text_color":"#ffffff","_animation":"fadeIn"},"elements":[],"isInner":false,"widgetType":"text-editor","elType":"widget"},{"id":"20d11458","settings":{"space":{"unit":"px","size":"53"},"space_mobile":{"unit":"px","size":"10"}},"elements":[],"isInner":false,"widgetType":"spacer","elType":"widget"}],"isInner":"1","elType":"column"}],"isInner":"1","elType":"section"},{"id":"2e64c50a","settings":{"form_name":"New Form","form_fields":[{"_id":"name","field_type":"text","field_label":"Name","placeholder":"Name","width":"50","field_value":"","required":"true","min_date":"","max_date":"","field_options":"","allow_multiple":"","select_size":"","inline_list":"","field_html":"","width_tablet":"","width_mobile":"","rows":"4","recaptcha_size":"normal","recaptcha_style":"light","css_classes":"","custom_id":"name"},{"_id":"email","field_type":"email","required":"true","field_label":"Email","placeholder":"Email","width":"50","field_value":"","min_date":"","max_date":"","field_options":"","allow_multiple":"","select_size":"","inline_list":"","field_html":"","width_tablet":"","width_mobile":"","rows":"4","recaptcha_size":"normal","recaptcha_style":"light","css_classes":"","custom_id":"email"}],"input_size":"md","show_labels":"","button_text":"Send","email_content":"[all-fields]","email_content_2":"[all-fields]","success_message":"The form was sent successfully.","error_message":"An error occured.","required_field_message":"This field is required.","invalid_message":"There's something wrong. The form is invalid.","label_color":"#000000","field_text_color":"#000000","field_typography_typography":"custom","field_typography_font_family":"Karla","field_typography_font_size":{"unit":"rem","size":"0.9"},"field_typography_font_weight":"bold","field_typography_text_transform":"uppercase","field_border_color":"#c3ab97","field_border_radius":{"unit":"px","top":"0","right":"0","bottom":"0","left":"0","isLinked":"1"},"button_background_color":"#c3ab97","button_typography_typography":"custom","button_typography_font_family":"Merriweather","button_typography_font_size":{"unit":"rem","size":"0.8"},"button_typography_font_weight":"bold","button_typography_text_transform":"uppercase","button_typography_letter_spacing":{"unit":"px","size":"1.8"},"button_border_radius":{"unit":"px","top":"0","right":"0","bottom":"0","left":"0","isLinked":"1"},"button_text_padding":{"unit":"px","top":"20","right":"20","bottom":"20","left":"20","isLinked":"1"},"message_typography_typography":"custom","message_typography_font_family":"Karla","message_typography_font_size":{"unit":"rem","size":"1"},"message_typography_line_height":{"unit":"em","size":"1.2"},"_padding":{"unit":"em","top":"1","right":"1","bottom":"1","left":"1","isLinked":"1"},"_padding_tablet":{"unit":"em","top":"2","right":"2","bottom":"2","left":"2","isLinked":"1"},"_margin":{"unit":"px","top":"-58","right":"0","bottom":"0","left":"0","isLinked":""}},"elements":[],"isInner":false,"widgetType":"form","elType":"widget"}],"isInner":"","elType":"column"}],"isInner":"","elType":"section"}],"page_settings":{"close_button_color":"#ffffff","template":"elementor_canvas"}}