{
    "version": "0.4",
    "title": "Global Kit Styles",
    "type": "section",
    "metadata": {
        "template_type": "global-styles",
        "include_in_zip": "1",
        "elementor_pro_required": "1",
        "additional_template_information": [
            "These are the global theme styles configured through the Elementor Theme Styles area."
        ],
        "wp_page_template": "default"
    },
    "content": [],
    "page_settings": {
        "body_background_background": "classic",
        "body_background_color": "#FFFFFF",
        "body_color": "#505645",
        "body_typography_typography": "custom",
        "body_typography_font_family": "Roboto",
        "body_typography_font_size": {
            "unit": "px",
            "size": "15",
            "sizes": []
        },
        "body_typography_line_height": {
            "unit": "px",
            "size": "30",
            "sizes": []
        },
        "link_normal_color": "#80BB01",
        "link_hover_color": "#F48241",
        "link_hover_typography_typography": "custom",
        "link_hover_typography_font_family": "Roboto",
        "link_hover_typography_font_size": {
            "unit": "px",
            "size": "15",
            "sizes": []
        },
        "h1_color": "#282828",
        "h1_typography_typography": "custom",
        "h1_typography_font_family": "Roboto",
        "h1_typography_font_size": {
            "unit": "px",
            "size": "36",
            "sizes": []
        },
        "h2_color": "#282828",
        "h2_typography_typography": "custom",
        "h2_typography_font_family": "Roboto",
        "h2_typography_font_size": {
            "unit": "px",
            "size": "32",
            "sizes": []
        },
        "h3_color": "#282828",
        "h3_typography_typography": "custom",
        "h3_typography_font_family": "Roboto",
        "h3_typography_font_size": {
            "unit": "px",
            "size": "28",
            "sizes": []
        },
        "h4_color": "#282828",
        "h4_typography_typography": "custom",
        "h4_typography_font_family": "Roboto",
        "h4_typography_font_size": {
            "unit": "px",
            "size": "24",
            "sizes": []
        },
        "h5_color": "#282828",
        "h5_typography_typography": "custom",
        "h5_typography_font_family": "Roboto",
        "h5_typography_font_size": {
            "unit": "px",
            "size": "20",
            "sizes": []
        },
        "h6_color": "#282828",
        "h6_typography_typography": "custom",
        "h6_typography_font_family": "Roboto",
        "h6_typography_font_size": {
            "unit": "px",
            "size": "14",
            "sizes": []
        },
        "h6_typography_text_transform": "uppercase",
        "h6_typography_letter_spacing": {
            "unit": "px",
            "size": "2",
            "sizes": []
        },
        "button_typography_typography": "custom",
        "button_typography_font_family": "Roboto",
        "button_typography_font_size": {
            "unit": "px",
            "size": "14",
            "sizes": []
        },
        "button_typography_font_weight": "500",
        "button_text_color": "#FFFFFF",
        "button_background_color": "#80BB01",
        "button_hover_text_color": "#FFFFFF",
        "button_hover_background_color": "#5C8700",
        "button_hover_border_border": "solid",
        "button_hover_border_width": {
            "unit": "px",
            "top": "1",
            "right": "1",
            "bottom": "1",
            "left": "1",
            "isLinked": "1"
        },
        "button_hover_border_color": "#80BB01",
        "button_hover_border_radius": {
            "unit": "px",
            "top": "0",
            "right": "0",
            "bottom": "0",
            "left": "0",
            "isLinked": "1"
        },
        "button_padding": {
            "unit": "px",
            "top": "15",
            "right": "25",
            "bottom": "15",
            "left": "25",
            "isLinked": ""
        },
        "form_label_color": "#282828",
        "form_label_typography_typography": "custom",
        "form_label_typography_font_family": "Roboto",
        "form_label_typography_font_size": {
            "unit": "px",
            "size": "14",
            "sizes": []
        },
        "form_field_typography_typography": "custom",
        "form_field_typography_font_family": "Roboto",
        "form_field_text_color": "#282828",
        "form_field_background_color": "#FFFFFF",
        "form_field_border_border": "solid",
        "form_field_border_width": {
            "unit": "px",
            "top": "1",
            "right": "1",
            "bottom": "1",
            "left": "1",
            "isLinked": "1"
        },
        "form_field_border_color": "#E9EEDD",
        "form_field_border_radius": {
            "unit": "px",
            "top": "0",
            "right": "0",
            "bottom": "0",
            "left": "0",
            "isLinked": "1"
        },
        "form_field_focus_text_color": "#282828",
        "form_field_focus_background_color": "#FFFFFF",
        "form_field_focus_box_shadow_box_shadow_type": "yes",
        "form_field_focus_box_shadow_box_shadow": {
            "horizontal": "0",
            "vertical": "0",
            "blur": "10",
            "spread": "0",
            "color": "rgba(80, 86, 69, 0.32)"
        },
        "form_field_focus_border_border": "solid",
        "form_field_focus_border_width": {
            "unit": "px",
            "top": "1",
            "right": "1",
            "bottom": "1",
            "left": "1",
            "isLinked": "1"
        },
        "form_field_focus_border_color": "#80BB01",
        "form_field_focus_transition_duration": {
            "unit": "px",
            "size": "200",
            "sizes": []
        },
        "form_field_padding": {
            "unit": "px",
            "top": "10",
            "right": "15",
            "bottom": "10",
            "left": "15",
            "isLinked": ""
        }
    }
}