{
    "version": "0.4",
    "title": "Growceries &#8211; Single Product",
    "type": "product",
    "metadata": {
        "template_type": "single-product",
        "include_in_zip": "1",
        "elementor_pro_required": "1",
        "elementor_library_type": "product",
        "elementor_pro_conditions": [
            "include\/product"
        ],
        "additional_template_information": [
            "This is a \"Product\" template for Elementor Pro.",
            "This template will display on: Products."
        ],
        "wp_page_template": "default"
    },
    "content": [
        {
            "id": "5aad4ddd",
            "settings": {
                "layout": "full_width",
                "gap": "no"
            },
            "elements": [
                {
                    "id": "1858e65f",
                    "settings": {
                        "_column_size": "100"
                    },
                    "elements": [
                        {
                            "id": "61cf063b",
                            "settings": {
                                "template_id": "177"
                            },
                            "elements": [],
                            "isInner": false,
                            "widgetType": "template",
                            "elType": "widget"
                        }
                    ],
                    "isInner": "",
                    "elType": "column"
                }
            ],
            "isInner": "",
            "elType": "section"
        },
        {
            "id": "71e1709",
            "settings": {
                "content_width": {
                    "unit": "px",
                    "size": "1280",
                    "sizes": []
                },
                "structure": "20",
                "margin": {
                    "unit": "px",
                    "top": "40",
                    "right": "0",
                    "bottom": "40",
                    "left": "0",
                    "isLinked": "1"
                },
                "border_width": {
                    "unit": "px",
                    "top": "0",
                    "right": "0",
                    "bottom": "1",
                    "left": "0",
                    "isLinked": ""
                },
                "border_color": "#E9EEDD",
                "gap": "wider"
            },
            "elements": [
                {
                    "id": "408610e6",
                    "settings": {
                        "_column_size": "50"
                    },
                    "elements": [
                        {
                            "id": "4437c2d1",
                            "settings": [],
                            "elements": [],
                            "isInner": false,
                            "widgetType": "woocommerce-product-images",
                            "elType": "widget"
                        }
                    ],
                    "isInner": "",
                    "elType": "column"
                },
                {
                    "id": "49f70972",
                    "settings": {
                        "_column_size": "50"
                    },
                    "elements": [
                        {
                            "id": "14dcc1a2",
                            "settings": {
                                "star_color": "#F48241",
                                "link_color": "#828972",
                                "text_typography_typography": "custom",
                                "text_typography_font_size": {
                                    "unit": "px",
                                    "size": "12",
                                    "sizes": []
                                }
                            },
                            "elements": [],
                            "isInner": false,
                            "widgetType": "woocommerce-product-rating",
                            "elType": "widget"
                        },
                        {
                            "id": "60dfc3db",
                            "settings": {
                                "__dynamic__": {
                                    "title": "[elementor-tag id=\"\" name=\"woocommerce-product-title-tag\" settings=\"%7B%22before%22%3A%22%22%2C%22after%22%3A%22%22%2C%22fallback%22%3A%22%22%7D\"]"
                                },
                                "title": "Add Your Heading Text Here",
                                "title_color": "#282828",
                                "typography_typography": "custom",
                                "typography_font_family": "Roboto",
                                "typography_font_size": {
                                    "unit": "px",
                                    "size": "36",
                                    "sizes": []
                                }
                            },
                            "elements": [],
                            "isInner": false,
                            "widgetType": "woocommerce-product-title",
                            "elType": "widget"
                        },
                        {
                            "id": "a484b93",
                            "settings": {
                                "typography_typography": "custom",
                                "typography_font_size": {
                                    "unit": "px",
                                    "size": "24",
                                    "sizes": []
                                },
                                "typography_text_decoration": "none"
                            },
                            "elements": [],
                            "isInner": false,
                            "widgetType": "woocommerce-product-price",
                            "elType": "widget"
                        },
                        {
                            "id": "7aa8400f",
                            "settings": {
                                "text_color": "#505645"
                            },
                            "elements": [],
                            "isInner": false,
                            "widgetType": "woocommerce-product-short-description",
                            "elType": "widget"
                        },
                        {
                            "id": "bde4d94",
                            "settings": {
                                "text_color": "#828972",
                                "text_typography_typography": "custom",
                                "text_typography_font_family": "Roboto",
                                "text_typography_font_size": {
                                    "unit": "px",
                                    "size": "12",
                                    "sizes": []
                                }
                            },
                            "elements": [],
                            "isInner": false,
                            "widgetType": "woocommerce-product-stock",
                            "elType": "widget"
                        },
                        {
                            "id": "57c84333",
                            "settings": {
                                "alignment": "left",
                                "button_typography_typography": "custom",
                                "button_typography_font_family": "Roboto",
                                "button_typography_font_size": {
                                    "unit": "px",
                                    "size": "14",
                                    "sizes": []
                                },
                                "button_typography_text_transform": "uppercase",
                                "button_typography_letter_spacing": {
                                    "unit": "px",
                                    "size": "2",
                                    "sizes": []
                                },
                                "button_border_radius": {
                                    "unit": "px",
                                    "top": "0",
                                    "right": "0",
                                    "bottom": "0",
                                    "left": "0",
                                    "isLinked": "1"
                                },
                                "button_padding": {
                                    "unit": "px",
                                    "top": "15",
                                    "right": "35",
                                    "bottom": "15",
                                    "left": "35",
                                    "isLinked": ""
                                },
                                "button_text_color": "#FFFFFF",
                                "button_bg_color": "#80BB01",
                                "quantity_border_radius": {
                                    "unit": "px",
                                    "top": "0",
                                    "right": "0",
                                    "bottom": "0",
                                    "left": "0",
                                    "isLinked": "1"
                                },
                                "quantity_border_color": "#E9EEDD",
                                "variations_label_typography_typography": "custom",
                                "variations_label_typography_font_family": "Roboto",
                                "variations_label_typography_font_size": {
                                    "unit": "px",
                                    "size": "13",
                                    "sizes": []
                                }
                            },
                            "elements": [],
                            "isInner": false,
                            "widgetType": "woocommerce-product-add-to-cart",
                            "elType": "widget"
                        },
                        {
                            "id": "6ea1e2f0",
                            "settings": {
                                "space_between": {
                                    "unit": "px",
                                    "size": "20",
                                    "sizes": []
                                },
                                "text_typography_typography": "custom",
                                "text_typography_font_family": "Roboto",
                                "text_typography_font_size": {
                                    "unit": "px",
                                    "size": "13",
                                    "sizes": []
                                },
                                "text_color": "#282828",
                                "link_color": "#80BB01"
                            },
                            "elements": [],
                            "isInner": false,
                            "widgetType": "woocommerce-product-meta",
                            "elType": "widget"
                        }
                    ],
                    "isInner": "",
                    "elType": "column"
                }
            ],
            "isInner": "",
            "elType": "section"
        },
        {
            "id": "7cf4233c",
            "settings": {
                "content_width": {
                    "unit": "px",
                    "size": "1280",
                    "sizes": []
                },
                "margin": {
                    "unit": "px",
                    "top": "0",
                    "right": "0",
                    "bottom": "50",
                    "left": "0",
                    "isLinked": ""
                },
                "gap": "no",
                "border_border": "solid",
                "border_width": {
                    "unit": "px",
                    "top": "1",
                    "right": "0",
                    "bottom": "0",
                    "left": "0",
                    "isLinked": ""
                },
                "border_color": "#E9EEDD"
            },
            "elements": [
                {
                    "id": "58d3470",
                    "settings": {
                        "_column_size": "100"
                    },
                    "elements": [
                        {
                            "id": "49200bd1",
                            "settings": {
                                "tab_text_color": "#282828",
                                "tab_bg_color": "#FFFFFF",
                                "tabs_border_color": "#FFFFFF",
                                "active_tab_text_color": "#80BB01",
                                "active_tab_bg_color": "#FFFFFF",
                                "active_tabs_border_color": "#E9EEDD",
                                "tab_typography_typography": "custom",
                                "tab_typography_font_family": "Roboto",
                                "tab_typography_font_size": {
                                    "unit": "px",
                                    "size": "14",
                                    "sizes": []
                                },
                                "tab_typography_line_height": {
                                    "unit": "px",
                                    "size": "20",
                                    "sizes": []
                                },
                                "tab_border_radius": {
                                    "unit": "px",
                                    "size": "0",
                                    "sizes": []
                                },
                                "text_color": "#505645",
                                "content_typography_typography": "custom",
                                "content_typography_font_family": "Roboto",
                                "content_typography_font_size": {
                                    "unit": "px",
                                    "size": "14",
                                    "sizes": []
                                },
                                "content_typography_line_height": {
                                    "unit": "px",
                                    "size": "30",
                                    "sizes": []
                                },
                                "heading_color": "#282828",
                                "content_heading_typography_typography": "custom",
                                "content_heading_typography_font_family": "Roboto",
                                "content_heading_typography_font_size": {
                                    "unit": "px",
                                    "size": "24",
                                    "sizes": []
                                },
                                "panel_border_radius": {
                                    "unit": "px",
                                    "top": "0",
                                    "right": "0",
                                    "bottom": "0",
                                    "left": "0",
                                    "isLinked": "1"
                                },
                                "_margin": {
                                    "unit": "px",
                                    "top": "-44",
                                    "right": "0",
                                    "bottom": "0",
                                    "left": "0",
                                    "isLinked": ""
                                }
                            },
                            "elements": [],
                            "isInner": false,
                            "widgetType": "woocommerce-product-data-tabs",
                            "elType": "widget"
                        }
                    ],
                    "isInner": "",
                    "elType": "column"
                }
            ],
            "isInner": "",
            "elType": "section"
        },
        {
            "id": "68a4ad05",
            "settings": {
                "content_width": {
                    "unit": "px",
                    "size": "1280",
                    "sizes": []
                },
                "gap": "no",
                "background_background": "classic",
                "background_color": "#F2F5E9",
                "background_position": "bottom center",
                "background_repeat": "repeat-x",
                "background_overlay_background": "classic",
                "background_overlay_image": {
                    "url": "https:\/\/templatekits.themewarrior.com\/groceries\/wp-content\/uploads\/sites\/3\/2020\/07\/grader-down-min.png",
                    "id": "167"
                },
                "background_overlay_position": "top center",
                "background_overlay_repeat": "repeat-x",
                "background_overlay_opacity": {
                    "unit": "px",
                    "size": "1",
                    "sizes": []
                },
                "padding": {
                    "unit": "px",
                    "top": "60",
                    "right": "0",
                    "bottom": "80",
                    "left": "0",
                    "isLinked": ""
                },
                "padding_tablet": {
                    "unit": "px",
                    "top": "40",
                    "right": "15",
                    "bottom": "40",
                    "left": "15",
                    "isLinked": ""
                }
            },
            "elements": [
                {
                    "id": "3ee34f7f",
                    "settings": {
                        "_column_size": "100"
                    },
                    "elements": [
                        {
                            "id": "350c7a0c",
                            "settings": {
                                "columns_tablet": "4",
                                "columns_mobile": "2",
                                "column_gap": {
                                    "unit": "px",
                                    "size": "30",
                                    "sizes": []
                                },
                                "column_gap_tablet": {
                                    "unit": "px",
                                    "size": "15",
                                    "sizes": []
                                },
                                "column_gap_mobile": {
                                    "unit": "px",
                                    "size": "15",
                                    "sizes": []
                                },
                                "row_gap": {
                                    "unit": "px",
                                    "size": "30",
                                    "sizes": []
                                },
                                "row_gap_tablet": {
                                    "unit": "px",
                                    "size": "20",
                                    "sizes": []
                                },
                                "row_gap_mobile": {
                                    "unit": "px",
                                    "size": "15",
                                    "sizes": []
                                },
                                "align": "center",
                                "title_color": "#282828",
                                "title_typography_typography": "custom",
                                "title_typography_font_family": "Roboto",
                                "title_typography_font_size": {
                                    "unit": "px",
                                    "size": "16",
                                    "sizes": []
                                },
                                "title_typography_font_weight": "500",
                                "title_spacing": {
                                    "unit": "px",
                                    "size": "0",
                                    "sizes": []
                                },
                                "star_size": {
                                    "unit": "em",
                                    "size": "13",
                                    "sizes": []
                                },
                                "rating_spacing": {
                                    "unit": "px",
                                    "size": "5",
                                    "sizes": []
                                },
                                "price_color": "#80BB01",
                                "button_text_color": "#FFFFFF",
                                "button_background_color": "#80BB01",
                                "button_typography_typography": "custom",
                                "button_typography_font_family": "Roboto",
                                "button_typography_font_size": {
                                    "unit": "px",
                                    "size": "12",
                                    "sizes": []
                                },
                                "button_typography_font_weight": "600",
                                "button_typography_text_transform": "uppercase",
                                "button_typography_letter_spacing": {
                                    "unit": "px",
                                    "size": "2",
                                    "sizes": []
                                },
                                "button_text_padding": {
                                    "unit": "px",
                                    "top": "15",
                                    "right": "25",
                                    "bottom": "15",
                                    "left": "25",
                                    "isLinked": ""
                                },
                                "button_spacing": {
                                    "unit": "px",
                                    "size": "13",
                                    "sizes": []
                                },
                                "heading_color": "#80BB01",
                                "heading_typography_typography": "custom",
                                "heading_typography_font_family": "Roboto",
                                "heading_typography_font_size": {
                                    "unit": "px",
                                    "size": "13",
                                    "sizes": []
                                },
                                "heading_typography_text_transform": "uppercase",
                                "heading_typography_letter_spacing": {
                                    "unit": "px",
                                    "size": "2",
                                    "sizes": []
                                },
                                "heading_text_align": "center"
                            },
                            "elements": [],
                            "isInner": false,
                            "widgetType": "woocommerce-product-related",
                            "elType": "widget"
                        }
                    ],
                    "isInner": "",
                    "elType": "column"
                }
            ],
            "isInner": "",
            "elType": "section"
        }
    ]
}