{
    "version": "0.4",
    "title": "Growceries \u2013 Masthead",
    "type": "header",
    "metadata": {
        "template_type": "section-header",
        "include_in_zip": "1",
        "elementor_pro_required": "1",
        "elementor_library_type": "header",
        "elementor_pro_conditions": [
            "include\/general"
        ],
        "additional_template_information": [
            "This is a \"Header\" template for Elementor Pro.",
            "This template will display on: Entire Site."
        ],
        "wp_page_template": "default"
    },
    "content": [
        {
            "id": "dc5e5d8",
            "settings": {
                "layout": "full_width",
                "gap": "no",
                "content_position": "middle",
                "background_background": "classic",
                "background_color": "#FFFFFF"
            },
            "elements": [
                {
                    "id": "20d92c09",
                    "settings": {
                        "_column_size": "100"
                    },
                    "elements": [
                        {
                            "id": "69df199b",
                            "settings": {
                                "gap": "no",
                                "structure": "20",
                                "background_background": "classic",
                                "background_color": "#F2F5E9",
                                "background_overlay_background": "classic",
                                "background_overlay_image": {
                                    "id": "85",
                                    "url": "https:\/\/templatekits.themewarrior.com\/groceries\/wp-content\/uploads\/sites\/3\/2020\/07\/grader-up-min.png"
                                },
                                "background_overlay_position": "initial",
                                "background_overlay_repeat": "repeat-x",
                                "background_overlay_opacity": {
                                    "unit": "px",
                                    "size": "1",
                                    "sizes": []
                                },
                                "padding": {
                                    "unit": "px",
                                    "top": "0",
                                    "right": "0",
                                    "bottom": "10",
                                    "left": "0",
                                    "isLinked": ""
                                },
                                "content_width": {
                                    "unit": "px",
                                    "size": "1240",
                                    "sizes": []
                                },
                                "background_overlay_ypos": {
                                    "unit": "%",
                                    "size": "102",
                                    "sizes": []
                                },
                                "border_border": "solid",
                                "border_width": {
                                    "unit": "px",
                                    "top": "0",
                                    "right": "0",
                                    "bottom": "1",
                                    "left": "0",
                                    "isLinked": ""
                                },
                                "border_color": "#FFFFFF",
                                "padding_tablet": {
                                    "unit": "px",
                                    "top": "0",
                                    "right": "15",
                                    "bottom": "5",
                                    "left": "15",
                                    "isLinked": ""
                                },
                                "hide_mobile": "hidden-phone"
                            },
                            "elements": [
                                {
                                    "id": "7e85d80a",
                                    "settings": {
                                        "_column_size": "50",
                                        "_inline_size_mobile": "50"
                                    },
                                    "elements": [
                                        {
                                            "id": "737a68e6",
                                            "settings": {
                                                "align_items": "left",
                                                "pointer": "none",
                                                "indicator": "chevron",
                                                "menu_typography_typography": "custom",
                                                "menu_typography_font_family": "Roboto",
                                                "menu_typography_font_size": {
                                                    "unit": "px",
                                                    "size": "12",
                                                    "sizes": []
                                                },
                                                "color_menu_item": "#828972",
                                                "color_menu_item_hover": "#80BB01",
                                                "padding_horizontal_menu_item": {
                                                    "unit": "px",
                                                    "size": "0",
                                                    "sizes": []
                                                },
                                                "padding_vertical_menu_item": {
                                                    "unit": "px",
                                                    "size": "10",
                                                    "sizes": []
                                                },
                                                "menu_space_between": {
                                                    "unit": "px",
                                                    "size": "25",
                                                    "sizes": []
                                                },
                                                "dropdown": "none"
                                            },
                                            "elements": [],
                                            "isInner": false,
                                            "widgetType": "nav-menu",
                                            "elType": "widget"
                                        }
                                    ],
                                    "isInner": "1",
                                    "elType": "column"
                                },
                                {
                                    "id": "2af444f0",
                                    "settings": {
                                        "_column_size": "50",
                                        "text_align": "right",
                                        "_inline_size_mobile": "50"
                                    },
                                    "elements": [],
                                    "isInner": "1",
                                    "elType": "column"
                                }
                            ],
                            "isInner": "1",
                            "elType": "section"
                        },
                        {
                            "id": "1ecc2d99",
                            "settings": {
                                "structure": "40",
                                "content_width": {
                                    "unit": "px",
                                    "size": "1240",
                                    "sizes": []
                                },
                                "padding_tablet": {
                                    "unit": "px",
                                    "top": "20",
                                    "right": "15",
                                    "bottom": "20",
                                    "left": "15",
                                    "isLinked": ""
                                },
                                "padding": {
                                    "unit": "px",
                                    "top": "20",
                                    "right": "0",
                                    "bottom": "20",
                                    "left": "0",
                                    "isLinked": ""
                                }
                            },
                            "elements": [
                                {
                                    "id": "7212cc8b",
                                    "settings": {
                                        "_column_size": "25",
                                        "_inline_size": "30",
                                        "_inline_size_tablet": "40",
                                        "content_position_tablet": "center",
                                        "content_position_mobile": "bottom",
                                        "align_mobile": "space-between"
                                    },
                                    "elements": [
                                        {
                                            "id": "4f90bc7e",
                                            "settings": {
                                                "full_width": "stretch",
                                                "toggle_align": "left",
                                                "menu_typography_typography": "custom",
                                                "menu_typography_font_family": "Roboto",
                                                "menu_typography_font_size": {
                                                    "unit": "px",
                                                    "size": "14",
                                                    "sizes": []
                                                },
                                                "menu_typography_font_weight": "500",
                                                "menu_typography_line_height": {
                                                    "unit": "px",
                                                    "size": "40",
                                                    "sizes": []
                                                },
                                                "color_menu_item": "#282828",
                                                "color_menu_item_hover": "#353535",
                                                "pointer_color_menu_item_hover": "#80BB01",
                                                "padding_vertical_menu_item": {
                                                    "unit": "px",
                                                    "size": "20",
                                                    "sizes": []
                                                },
                                                "padding_vertical_menu_item_tablet": {
                                                    "unit": "px",
                                                    "size": "0",
                                                    "sizes": []
                                                },
                                                "toggle_color": "#80BB01",
                                                "toggle_background_color": "#FFFFFF",
                                                "toggle_size": {
                                                    "unit": "px",
                                                    "size": "25",
                                                    "sizes": []
                                                },
                                                "toggle_border_width": {
                                                    "unit": "px",
                                                    "size": "0",
                                                    "sizes": []
                                                },
                                                "toggle_border_radius": {
                                                    "unit": "px",
                                                    "size": "0",
                                                    "sizes": []
                                                },
                                                "_margin_tablet": {
                                                    "unit": "px",
                                                    "top": "15",
                                                    "right": "15",
                                                    "bottom": "0",
                                                    "left": "15",
                                                    "isLinked": ""
                                                },
                                                "_margin_mobile": {
                                                    "unit": "px",
                                                    "top": "0",
                                                    "right": "0",
                                                    "bottom": "0",
                                                    "left": "0",
                                                    "isLinked": "1"
                                                },
                                                "_padding_mobile": {
                                                    "unit": "px",
                                                    "top": "0",
                                                    "right": "0",
                                                    "bottom": "0",
                                                    "left": "0",
                                                    "isLinked": "1"
                                                },
                                                "_element_width_tablet": "auto",
                                                "hide_desktop": "hidden-desktop",
                                                "indicator": "angle",
                                                "padding_horizontal_menu_item_tablet": {
                                                    "unit": "px",
                                                    "size": "0",
                                                    "sizes": []
                                                },
                                                "menu_space_between_tablet": {
                                                    "unit": "px",
                                                    "size": "0",
                                                    "sizes": []
                                                },
                                                "background_color_dropdown_item_hover": "#80BB01",
                                                "background_color_dropdown_item_active": "#E9EEDD",
                                                "dropdown_box_shadow_box_shadow_type": "yes",
                                                "dropdown_box_shadow_box_shadow": {
                                                    "horizontal": "0",
                                                    "vertical": "0",
                                                    "blur": "10",
                                                    "spread": "0",
                                                    "color": "rgba(80, 86, 69, 0.38)"
                                                },
                                                "padding_vertical_dropdown_item_tablet": {
                                                    "unit": "px",
                                                    "size": "0",
                                                    "sizes": []
                                                },
                                                "padding_vertical_dropdown_item_mobile": {
                                                    "unit": "px",
                                                    "size": "0",
                                                    "sizes": []
                                                },
                                                "dropdown_divider_border": "solid",
                                                "dropdown_divider_color": "#F2F5E9",
                                                "dropdown_divider_width": {
                                                    "unit": "px",
                                                    "size": "1",
                                                    "sizes": []
                                                },
                                                "_element_width_mobile": "auto",
                                                "align_items": "justify"
                                            },
                                            "elements": [],
                                            "isInner": false,
                                            "widgetType": "nav-menu",
                                            "elType": "widget"
                                        },
                                        {
                                            "id": "6d87c0f8",
                                            "settings": {
                                                "image": {
                                                    "id": "86",
                                                    "url": "https:\/\/templatekits.themewarrior.com\/groceries\/wp-content\/uploads\/sites\/3\/2020\/07\/growceries-logo-min.png"
                                                },
                                                "align": "left",
                                                "align_mobile": "center",
                                                "_margin_tablet": {
                                                    "unit": "px",
                                                    "top": "0",
                                                    "right": "0",
                                                    "bottom": "0",
                                                    "left": "0",
                                                    "isLinked": "1"
                                                },
                                                "_margin_mobile": {
                                                    "unit": "px",
                                                    "top": "0",
                                                    "right": "0",
                                                    "bottom": "0",
                                                    "left": "0",
                                                    "isLinked": "1"
                                                },
                                                "_padding_tablet": {
                                                    "unit": "px",
                                                    "top": "0",
                                                    "right": "0",
                                                    "bottom": "0",
                                                    "left": "0",
                                                    "isLinked": "1"
                                                },
                                                "_padding_mobile": {
                                                    "unit": "px",
                                                    "top": "0",
                                                    "right": "0",
                                                    "bottom": "0",
                                                    "left": "0",
                                                    "isLinked": "1"
                                                },
                                                "_element_width_tablet": "auto",
                                                "width_mobile": {
                                                    "unit": "px",
                                                    "size": "170",
                                                    "sizes": []
                                                },
                                                "space_mobile": {
                                                    "unit": "%",
                                                    "size": "100",
                                                    "sizes": []
                                                },
                                                "_element_width_mobile": "auto"
                                            },
                                            "elements": [],
                                            "isInner": false,
                                            "widgetType": "image",
                                            "elType": "widget"
                                        },
                                        {
                                            "id": "7ca8d9a5",
                                            "settings": {
                                                "show_subtotal": "",
                                                "toggle_button_text_color": "#80BB01",
                                                "toggle_button_icon_color": "#80BB01",
                                                "toggle_button_hover_text_color": "#5D8900",
                                                "toggle_button_hover_icon_color": "#5D8900",
                                                "toggle_button_border_width": {
                                                    "unit": "px",
                                                    "size": "0",
                                                    "sizes": []
                                                },
                                                "items_indicator_text_color": "#FFFFFF",
                                                "items_indicator_background_color": "#F48241",
                                                "alignment": "center",
                                                "_element_width": "auto",
                                                "_element_vertical_align": "center",
                                                "_element_vertical_align_mobile": "flex-start",
                                                "hide_desktop": "hidden-desktop",
                                                "hide_tablet": "hidden-tablet",
                                                "toggle_button_background_color": "#FFFFFF",
                                                "toggle_icon_size": {
                                                    "unit": "px",
                                                    "size": "20",
                                                    "sizes": []
                                                },
                                                "_margin_mobile": {
                                                    "unit": "px",
                                                    "top": "0",
                                                    "right": "0",
                                                    "bottom": "0",
                                                    "left": "0",
                                                    "isLinked": "1"
                                                },
                                                "_padding_mobile": {
                                                    "unit": "px",
                                                    "top": "0",
                                                    "right": "0",
                                                    "bottom": "0",
                                                    "left": "0",
                                                    "isLinked": "1"
                                                },
                                                "_element_width_mobile": "initial"
                                            },
                                            "elements": [],
                                            "isInner": false,
                                            "widgetType": "woocommerce-menu-cart",
                                            "elType": "widget"
                                        }
                                    ],
                                    "isInner": "1",
                                    "elType": "column"
                                },
                                {
                                    "id": "27083ca6",
                                    "settings": {
                                        "_column_size": "25",
                                        "_inline_size": "39",
                                        "_inline_size_tablet": "10",
                                        "hide_mobile": "hidden-phone"
                                    },
                                    "elements": [],
                                    "isInner": "1",
                                    "elType": "column"
                                },
                                {
                                    "id": "535f4fa1",
                                    "settings": {
                                        "_column_size": "25",
                                        "_inline_size": "16",
                                        "_inline_size_tablet": "25",
                                        "_inline_size_mobile": "50",
                                        "hide_mobile": "hidden-phone"
                                    },
                                    "elements": [
                                        {
                                            "id": "3198aa20",
                                            "settings": {
                                                "image": {
                                                    "id": "87",
                                                    "url": "https:\/\/templatekits.themewarrior.com\/groceries\/wp-content\/uploads\/sites\/3\/2020\/07\/delivery-free-min.png"
                                                },
                                                "title_text": "Free Delivery",
                                                "description_text": "For min. $50 orders",
                                                "position": "left",
                                                "image_space": {
                                                    "unit": "px",
                                                    "size": "12",
                                                    "sizes": []
                                                },
                                                "image_size": {
                                                    "unit": "%",
                                                    "size": "36",
                                                    "sizes": []
                                                },
                                                "text_align": "left",
                                                "title_bottom_space": {
                                                    "unit": "px",
                                                    "size": "0",
                                                    "sizes": []
                                                },
                                                "title_color": "#80BB01",
                                                "title_typography_typography": "custom",
                                                "title_typography_font_family": "Roboto",
                                                "title_typography_font_size": {
                                                    "unit": "px",
                                                    "size": "16",
                                                    "sizes": []
                                                },
                                                "title_typography_font_weight": "600",
                                                "title_typography_line_height": {
                                                    "unit": "px",
                                                    "size": "",
                                                    "sizes": []
                                                },
                                                "description_color": "#828972",
                                                "description_typography_typography": "custom",
                                                "description_typography_font_family": "Roboto",
                                                "description_typography_font_size": {
                                                    "unit": "px",
                                                    "size": "12",
                                                    "sizes": []
                                                },
                                                "description_typography_line_height": {
                                                    "unit": "px",
                                                    "size": "15",
                                                    "sizes": []
                                                }
                                            },
                                            "elements": [],
                                            "isInner": false,
                                            "widgetType": "image-box",
                                            "elType": "widget"
                                        }
                                    ],
                                    "isInner": "1",
                                    "elType": "column"
                                },
                                {
                                    "id": "4f0cad08",
                                    "settings": {
                                        "_column_size": "25",
                                        "_inline_size": "15",
                                        "_inline_size_tablet": "25",
                                        "_inline_size_mobile": "50",
                                        "hide_mobile": "hidden-phone"
                                    },
                                    "elements": [
                                        {
                                            "id": "3d4c13cb",
                                            "settings": {
                                                "image": {
                                                    "id": "88",
                                                    "url": "https:\/\/templatekits.themewarrior.com\/groceries\/wp-content\/uploads\/sites\/3\/2020\/07\/hotline-min.png"
                                                },
                                                "title_text": "Hotline",
                                                "description_text": "+01 7653248",
                                                "position": "left",
                                                "image_space": {
                                                    "unit": "px",
                                                    "size": "10",
                                                    "sizes": []
                                                },
                                                "image_size": {
                                                    "unit": "%",
                                                    "size": "36",
                                                    "sizes": []
                                                },
                                                "text_align": "left",
                                                "title_bottom_space": {
                                                    "unit": "px",
                                                    "size": "0",
                                                    "sizes": []
                                                },
                                                "title_color": "#828972",
                                                "title_typography_typography": "custom",
                                                "title_typography_font_family": "Roboto",
                                                "title_typography_font_size": {
                                                    "unit": "px",
                                                    "size": "12",
                                                    "sizes": []
                                                },
                                                "title_typography_font_weight": "400",
                                                "title_typography_line_height": {
                                                    "unit": "px",
                                                    "size": "15",
                                                    "sizes": []
                                                },
                                                "description_color": "#F48241",
                                                "description_typography_typography": "custom",
                                                "description_typography_font_family": "Roboto",
                                                "description_typography_font_size": {
                                                    "unit": "px",
                                                    "size": "16",
                                                    "sizes": []
                                                },
                                                "description_typography_font_weight": "600",
                                                "description_typography_line_height": {
                                                    "unit": "px",
                                                    "size": "15",
                                                    "sizes": []
                                                }
                                            },
                                            "elements": [],
                                            "isInner": false,
                                            "widgetType": "image-box",
                                            "elType": "widget"
                                        }
                                    ],
                                    "isInner": "1",
                                    "elType": "column"
                                }
                            ],
                            "isInner": "1",
                            "elType": "section"
                        },
                        {
                            "id": "278227df",
                            "settings": {
                                "content_width": {
                                    "unit": "px",
                                    "size": "1240",
                                    "sizes": []
                                },
                                "gap": "no",
                                "structure": "30",
                                "border_border": "solid",
                                "border_width": {
                                    "unit": "px",
                                    "top": "1",
                                    "right": "0",
                                    "bottom": "1",
                                    "left": "0",
                                    "isLinked": ""
                                },
                                "border_color": "#E9EEDD",
                                "content_position": "middle",
                                "hide_mobile": "hidden-phone"
                            },
                            "elements": [
                                {
                                    "id": "44abe71a",
                                    "settings": {
                                        "_column_size": "33",
                                        "_inline_size": "80",
                                        "_inline_size_tablet": "70",
                                        "_inline_size_mobile": "30",
                                        "padding_tablet": {
                                            "unit": "px",
                                            "top": "0",
                                            "right": "0",
                                            "bottom": "0",
                                            "left": "15",
                                            "isLinked": ""
                                        },
                                        "hide_mobile": "hidden-phone"
                                    },
                                    "elements": [
                                        {
                                            "id": "6afe1c13",
                                            "settings": {
                                                "full_width": "stretch",
                                                "toggle_align": "left",
                                                "menu_typography_typography": "custom",
                                                "menu_typography_font_family": "Roboto",
                                                "menu_typography_font_size": {
                                                    "unit": "px",
                                                    "size": "14",
                                                    "sizes": []
                                                },
                                                "menu_typography_font_weight": "500",
                                                "menu_typography_line_height": {
                                                    "unit": "px",
                                                    "size": "40",
                                                    "sizes": []
                                                },
                                                "color_menu_item": "#282828",
                                                "color_menu_item_hover": "#353535",
                                                "pointer_color_menu_item_hover": "#80BB01",
                                                "padding_vertical_menu_item": {
                                                    "unit": "px",
                                                    "size": "10",
                                                    "sizes": []
                                                },
                                                "padding_vertical_menu_item_tablet": {
                                                    "unit": "px",
                                                    "size": "0",
                                                    "sizes": []
                                                },
                                                "toggle_color": "#FFFFFF",
                                                "toggle_background_color": "#80BB01",
                                                "toggle_size": {
                                                    "unit": "px",
                                                    "size": "20",
                                                    "sizes": []
                                                },
                                                "toggle_border_width": {
                                                    "unit": "px",
                                                    "size": "0",
                                                    "sizes": []
                                                },
                                                "toggle_border_radius": {
                                                    "unit": "px",
                                                    "size": "0",
                                                    "sizes": []
                                                },
                                                "_margin_tablet": {
                                                    "unit": "px",
                                                    "top": "15",
                                                    "right": "0",
                                                    "bottom": "15",
                                                    "left": "0",
                                                    "isLinked": ""
                                                },
                                                "_margin_mobile": {
                                                    "unit": "px",
                                                    "top": "10",
                                                    "right": "0",
                                                    "bottom": "10",
                                                    "left": "0",
                                                    "isLinked": ""
                                                },
                                                "_padding_mobile": {
                                                    "unit": "px",
                                                    "top": "0",
                                                    "right": "0",
                                                    "bottom": "0",
                                                    "left": "0",
                                                    "isLinked": "1"
                                                },
                                                "hide_tablet": "hidden-tablet",
                                                "hide_mobile": "hidden-phone",
                                                "color_dropdown_item": "#FFFFFF",
                                                "background_color_dropdown_item": "#80BB01",
                                                "color_dropdown_item_hover": "#FFFFFF",
                                                "background_color_dropdown_item_hover": "#F48241",
                                                "color_dropdown_item_active": "rgba(255, 255, 255, 0.81)",
                                                "background_color_dropdown_item_active": "#639200",
                                                "padding_horizontal_dropdown_item": {
                                                    "unit": "px",
                                                    "size": "15",
                                                    "sizes": []
                                                },
                                                "color_menu_item_active": "#505645",
                                                "indicator": "angle"
                                            },
                                            "elements": [],
                                            "isInner": false,
                                            "widgetType": "nav-menu",
                                            "elType": "widget"
                                        }
                                    ],
                                    "isInner": "1",
                                    "elType": "column"
                                },
                                {
                                    "id": "36415a2",
                                    "settings": {
                                        "_column_size": "33",
                                        "_inline_size": "7.389",
                                        "_inline_size_tablet": "15",
                                        "_inline_size_mobile": "50",
                                        "content_position_mobile": "center",
                                        "align_mobile": "center"
                                    },
                                    "elements": [],
                                    "isInner": "1",
                                    "elType": "column"
                                },
                                {
                                    "id": "35c1919e",
                                    "settings": {
                                        "_column_size": "33",
                                        "_inline_size": "10",
                                        "_inline_size_tablet": "15",
                                        "_inline_size_mobile": "50",
                                        "border_border": "solid",
                                        "border_width": {
                                            "unit": "px",
                                            "top": "0",
                                            "right": "0",
                                            "bottom": "0",
                                            "left": "1",
                                            "isLinked": ""
                                        },
                                        "border_color": "#F2F5E9"
                                    },
                                    "elements": [
                                        {
                                            "id": "7805ab48",
                                            "settings": {
                                                "show_subtotal": "",
                                                "toggle_button_text_color": "#80BB01",
                                                "toggle_button_icon_color": "#80BB01",
                                                "toggle_button_hover_text_color": "#5D8900",
                                                "toggle_button_hover_icon_color": "#5D8900",
                                                "toggle_button_border_width": {
                                                    "unit": "px",
                                                    "size": "1",
                                                    "sizes": []
                                                },
                                                "items_indicator_text_color": "#FFFFFF",
                                                "items_indicator_background_color": "#F48241",
                                                "alignment": "center",
                                                "toggle_button_background_color": "rgba(2, 1, 1, 0)",
                                                "toggle_button_border_color": "rgba(2, 1, 1, 0)",
                                                "toggle_icon_size": {
                                                    "unit": "px",
                                                    "size": "20",
                                                    "sizes": []
                                                },
                                                "subtotal_color": "#5D8900",
                                                "subtotal_typography_typography": "custom",
                                                "product_title_typography_typography": "custom",
                                                "product_title_typography_font_size": {
                                                    "unit": "px",
                                                    "size": "16",
                                                    "sizes": []
                                                },
                                                "product_title_typography_line_height": {
                                                    "unit": "em",
                                                    "size": "1.2",
                                                    "sizes": []
                                                },
                                                "product_price_typography_typography": "custom",
                                                "product_price_typography_font_size": {
                                                    "unit": "px",
                                                    "size": "14",
                                                    "sizes": []
                                                },
                                                "product_price_typography_line_height": {
                                                    "unit": "em",
                                                    "size": "1.2",
                                                    "sizes": []
                                                },
                                                "divider_style": "solid",
                                                "divider_color": "#EEEEEE",
                                                "buttons_layout": "stacked",
                                                "checkout_button_background_color": "#F48241"
                                            },
                                            "elements": [],
                                            "isInner": false,
                                            "widgetType": "woocommerce-menu-cart",
                                            "elType": "widget"
                                        }
                                    ],
                                    "isInner": "1",
                                    "elType": "column"
                                }
                            ],
                            "isInner": "1",
                            "elType": "section"
                        }
                    ],
                    "isInner": "",
                    "elType": "column"
                }
            ],
            "isInner": "",
            "elType": "section"
        }
    ]
}