{
    "version": "0.4",
    "title": "Growceries \u2013 Blog Archive",
    "type": "archive",
    "metadata": {
        "template_type": "archive-blog",
        "include_in_zip": "1",
        "elementor_pro_required": "1",
        "elementor_library_type": "archive",
        "elementor_pro_conditions": [
            "include\/archive"
        ],
        "additional_template_information": [
            "This is a \"Archive\" template for Elementor Pro.",
            "This template will display on: All Archives."
        ],
        "wp_page_template": "default"
    },
    "content": [
        {
            "id": "5c55f6a",
            "settings": {
                "content_width": {
                    "unit": "px",
                    "size": "1260",
                    "sizes": []
                },
                "background_background": "classic",
                "background_color": "#80BB01"
            },
            "elements": [
                {
                    "id": "4001b6d8",
                    "settings": {
                        "_column_size": "100"
                    },
                    "elements": [
                        {
                            "id": "3512d68c",
                            "settings": {
                                "title": "Home",
                                "link": {
                                    "url": "\/templatekit\/growceries-homepage\/",
                                    "is_external": "",
                                    "nofollow": "",
                                    "custom_attributes": ""
                                },
                                "header_size": "span",
                                "title_color": "#FFFFFF",
                                "typography_typography": "custom",
                                "typography_font_family": "Roboto",
                                "typography_font_size": {
                                    "unit": "px",
                                    "size": "12",
                                    "sizes": []
                                },
                                "_element_width": "auto",
                                "_element_vertical_align": "center",
                                "__dynamic__": []
                            },
                            "elements": [],
                            "isInner": false,
                            "widgetType": "heading",
                            "elType": "widget"
                        },
                        {
                            "id": "222b3ec6",
                            "settings": {
                                "selected_icon": {
                                    "value": "fas fa-chevron-right",
                                    "library": "fa-solid"
                                },
                                "primary_color": "#FFFFFF",
                                "size": {
                                    "unit": "px",
                                    "size": "8",
                                    "sizes": []
                                },
                                "_margin": {
                                    "unit": "px",
                                    "top": "0",
                                    "right": "15",
                                    "bottom": "0",
                                    "left": "15",
                                    "isLinked": ""
                                },
                                "_element_width": "auto",
                                "_element_vertical_align": "center"
                            },
                            "elements": [],
                            "isInner": false,
                            "widgetType": "icon",
                            "elType": "widget"
                        },
                        {
                            "id": "41690612",
                            "settings": {
                                "title": "Home",
                                "link": {
                                    "url": "\/templatekit\/growceries-homepage\/",
                                    "is_external": "",
                                    "nofollow": "",
                                    "custom_attributes": ""
                                },
                                "header_size": "span",
                                "title_color": "#FFFFFF",
                                "typography_typography": "custom",
                                "typography_font_family": "Roboto",
                                "typography_font_size": {
                                    "unit": "px",
                                    "size": "12",
                                    "sizes": []
                                },
                                "_element_width": "auto",
                                "_element_vertical_align": "center",
                                "__dynamic__": {
                                    "title": "[elementor-tag id=\"c8c55b5\" name=\"archive-title\" settings=\"%7B%7D\"]"
                                }
                            },
                            "elements": [],
                            "isInner": false,
                            "widgetType": "heading",
                            "elType": "widget"
                        }
                    ],
                    "isInner": "",
                    "elType": "column"
                }
            ],
            "isInner": "",
            "elType": "section"
        },
        {
            "id": "205e0666",
            "settings": {
                "content_width": {
                    "unit": "px",
                    "size": "1260",
                    "sizes": []
                },
                "margin": {
                    "unit": "px",
                    "top": "50",
                    "right": "0",
                    "bottom": "40",
                    "left": "0",
                    "isLinked": ""
                },
                "margin_tablet": {
                    "unit": "px",
                    "top": "40",
                    "right": "0",
                    "bottom": "40",
                    "left": "0",
                    "isLinked": "1"
                },
                "margin_mobile": {
                    "unit": "px",
                    "top": "20",
                    "right": "0",
                    "bottom": "20",
                    "left": "0",
                    "isLinked": "1"
                }
            },
            "elements": [
                {
                    "id": "3bdf9a55",
                    "settings": {
                        "_column_size": "100"
                    },
                    "elements": [
                        {
                            "id": "2482f9dc",
                            "settings": {
                                "title": "Blogs",
                                "header_size": "h5",
                                "align_mobile": "center",
                                "title_color": "#80BB01",
                                "typography_typography": "custom",
                                "typography_font_family": "Roboto",
                                "typography_font_size": {
                                    "unit": "px",
                                    "size": "12",
                                    "sizes": []
                                },
                                "typography_font_weight": "600",
                                "typography_text_transform": "uppercase",
                                "typography_letter_spacing": {
                                    "unit": "px",
                                    "size": "2.7",
                                    "sizes": []
                                },
                                "align": "center"
                            },
                            "elements": [],
                            "isInner": false,
                            "widgetType": "heading",
                            "elType": "widget"
                        },
                        {
                            "id": "44158086",
                            "settings": {
                                "__dynamic__": {
                                    "title": "[elementor-tag id=\"\" name=\"archive-title\" settings=\"%7B%22include_context%22%3A%22yes%22%2C%22before%22%3A%22%22%2C%22after%22%3A%22%22%2C%22fallback%22%3A%22%22%7D\"]"
                                },
                                "title": "Add Your Heading Text Here",
                                "align": "center",
                                "align_mobile": "center",
                                "title_color": "#282828",
                                "typography_typography": "custom",
                                "typography_font_family": "Roboto",
                                "typography_font_size": {
                                    "unit": "px",
                                    "size": "32",
                                    "sizes": []
                                },
                                "typography_font_size_mobile": {
                                    "unit": "px",
                                    "size": "24",
                                    "sizes": []
                                },
                                "typography_font_weight": "700",
                                "_margin": {
                                    "unit": "px",
                                    "top": "0",
                                    "right": "0",
                                    "bottom": "20",
                                    "left": "0",
                                    "isLinked": ""
                                }
                            },
                            "elements": [],
                            "isInner": false,
                            "widgetType": "theme-archive-title",
                            "elType": "widget"
                        }
                    ],
                    "isInner": "",
                    "elType": "column"
                }
            ],
            "isInner": "",
            "elType": "section"
        },
        {
            "id": "7c6dde01",
            "settings": {
                "content_width": {
                    "unit": "px",
                    "size": "860",
                    "sizes": []
                },
                "margin": {
                    "unit": "px",
                    "top": "0",
                    "right": "0",
                    "bottom": "40",
                    "left": "0",
                    "isLinked": ""
                }
            },
            "elements": [
                {
                    "id": "76d5d863",
                    "settings": {
                        "_column_size": "100"
                    },
                    "elements": [
                        {
                            "id": "11fb4092",
                            "settings": {
                                "archive_classic_columns": "1",
                                "archive_classic_columns_tablet": "1",
                                "archive_classic_thumbnail_size_size": "large",
                                "archive_classic_item_ratio": {
                                    "unit": "px",
                                    "size": "0.56",
                                    "sizes": []
                                },
                                "archive_classic_meta_data": [
                                    "author",
                                    "date"
                                ],
                                "archive_classic_meta_separator": "",
                                "archive_classic_read_more_text": "Read More",
                                "archive_cards_meta_separator": "\u2022",
                                "archive_cards_read_more_text": "Read More \u00bb",
                                "archive_full_content_meta_separator": "\/\/\/",
                                "archive_classic_row_gap": {
                                    "unit": "px",
                                    "size": "50",
                                    "sizes": []
                                },
                                "archive_classic_image_spacing": {
                                    "unit": "px",
                                    "size": "30",
                                    "sizes": []
                                },
                                "archive_classic_title_color": "#282828",
                                "archive_classic_title_typography_typography": "custom",
                                "archive_classic_title_typography_font_family": "Roboto",
                                "archive_classic_title_typography_font_size": {
                                    "unit": "px",
                                    "size": "28",
                                    "sizes": []
                                },
                                "archive_classic_title_typography_font_size_mobile": {
                                    "unit": "px",
                                    "size": "20",
                                    "sizes": []
                                },
                                "archive_classic_title_spacing": {
                                    "unit": "px",
                                    "size": "15",
                                    "sizes": []
                                },
                                "archive_classic_meta_color": "#CACEC2",
                                "archive_classic_meta_typography_typography": "custom",
                                "archive_classic_meta_typography_font_family": "Roboto",
                                "archive_classic_meta_typography_font_size": {
                                    "unit": "px",
                                    "size": "14",
                                    "sizes": []
                                },
                                "archive_classic_meta_typography_font_size_mobile": {
                                    "unit": "px",
                                    "size": "13",
                                    "sizes": []
                                },
                                "archive_classic_meta_spacing": {
                                    "unit": "px",
                                    "size": "20",
                                    "sizes": []
                                },
                                "archive_classic_excerpt_color": "#828972",
                                "archive_classic_excerpt_typography_typography": "custom",
                                "archive_classic_excerpt_typography_font_family": "Roboto",
                                "archive_classic_excerpt_typography_font_size": {
                                    "unit": "px",
                                    "size": "16",
                                    "sizes": []
                                },
                                "archive_classic_excerpt_typography_font_size_mobile": {
                                    "unit": "px",
                                    "size": "14",
                                    "sizes": []
                                },
                                "archive_classic_excerpt_typography_line_height": {
                                    "unit": "px",
                                    "size": "30",
                                    "sizes": []
                                },
                                "archive_classic_excerpt_typography_line_height_mobile": {
                                    "unit": "px",
                                    "size": "24",
                                    "sizes": []
                                },
                                "archive_classic_read_more_color": "#80BB01",
                                "archive_classic_read_more_typography_typography": "custom",
                                "archive_classic_read_more_typography_font_size": {
                                    "unit": "px",
                                    "size": "14",
                                    "sizes": []
                                },
                                "archive_classic_read_more_typography_font_size_mobile": {
                                    "unit": "px",
                                    "size": "13",
                                    "sizes": []
                                },
                                "archive_classic_read_more_typography_font_weight": "500",
                                "pagination_page_limit": "5",
                                "pagination_prev_label": "&lsaquo; Previous",
                                "pagination_next_label": "&rsaquo; Next",
                                "pagination_typography_typography": "custom",
                                "pagination_typography_font_family": "Roboto",
                                "pagination_typography_font_size": {
                                    "unit": "px",
                                    "size": "14",
                                    "sizes": []
                                },
                                "pagination_typography_font_weight": "500",
                                "pagination_color": "#282828",
                                "pagination_hover_color": "#80BB01",
                                "pagination_active_color": "#828972",
                                "pagination_spacing": {
                                    "unit": "px",
                                    "size": "15",
                                    "sizes": []
                                },
                                "nothing_found_message": "It seems we can't find what you're looking for.",
                                "pagination_type": "numbers_and_prev_next",
                                "pagination_typography_line_height": {
                                    "unit": "px",
                                    "size": "30",
                                    "sizes": []
                                }
                            },
                            "elements": [],
                            "isInner": false,
                            "widgetType": "archive-posts",
                            "elType": "widget"
                        }
                    ],
                    "isInner": "",
                    "elType": "column"
                }
            ],
            "isInner": "",
            "elType": "section"
        }
    ]
}