{
    "version": "0.4",
    "title": "Growceries &#8211; Product Archive",
    "type": "product-archive",
    "metadata": {
        "template_type": "archive-product",
        "include_in_zip": "1",
        "elementor_pro_required": "1",
        "elementor_library_type": "product-archive",
        "elementor_pro_conditions": [
            "include\/product_archive\/shop_page"
        ],
        "additional_template_information": [
            "This is a \"Product Archive\" template for Elementor Pro.",
            "This template will display on: Shop Page."
        ],
        "wp_page_template": "default"
    },
    "content": [
        {
            "id": "38407ee2",
            "settings": {
                "content_width": {
                    "unit": "px",
                    "size": "1260",
                    "sizes": []
                },
                "background_background": "classic",
                "background_color": "#80BB01"
            },
            "elements": [
                {
                    "id": "5a82e025",
                    "settings": {
                        "_column_size": "100"
                    },
                    "elements": [
                        {
                            "id": "4cb9b1e1",
                            "settings": {
                                "title": "Home",
                                "link": {
                                    "url": "\/templatekit\/growceries-homepage\/",
                                    "is_external": "",
                                    "nofollow": "",
                                    "custom_attributes": ""
                                },
                                "header_size": "span",
                                "title_color": "#FFFFFF",
                                "typography_typography": "custom",
                                "typography_font_family": "Roboto",
                                "typography_font_size": {
                                    "unit": "px",
                                    "size": "12",
                                    "sizes": []
                                },
                                "_element_width": "auto",
                                "_element_vertical_align": "center",
                                "__dynamic__": []
                            },
                            "elements": [],
                            "isInner": false,
                            "widgetType": "heading",
                            "elType": "widget"
                        },
                        {
                            "id": "2ad4dc1",
                            "settings": {
                                "selected_icon": {
                                    "value": "fas fa-chevron-right",
                                    "library": "fa-solid"
                                },
                                "primary_color": "#FFFFFF",
                                "size": {
                                    "unit": "px",
                                    "size": "8",
                                    "sizes": []
                                },
                                "_margin": {
                                    "unit": "px",
                                    "top": "0",
                                    "right": "15",
                                    "bottom": "0",
                                    "left": "15",
                                    "isLinked": ""
                                },
                                "_element_width": "auto",
                                "_element_vertical_align": "center"
                            },
                            "elements": [],
                            "isInner": false,
                            "widgetType": "icon",
                            "elType": "widget"
                        },
                        {
                            "id": "217d11fd",
                            "settings": {
                                "title": "Home",
                                "link": {
                                    "url": "\/templatekit\/growceries-homepage\/",
                                    "is_external": "",
                                    "nofollow": "",
                                    "custom_attributes": ""
                                },
                                "header_size": "span",
                                "title_color": "#FFFFFF",
                                "typography_typography": "custom",
                                "typography_font_family": "Roboto",
                                "typography_font_size": {
                                    "unit": "px",
                                    "size": "12",
                                    "sizes": []
                                },
                                "_element_width": "auto",
                                "_element_vertical_align": "center",
                                "__dynamic__": {
                                    "title": "[elementor-tag id=\"3146794\" name=\"post-title\" settings=\"%7B%7D\"]"
                                }
                            },
                            "elements": [],
                            "isInner": false,
                            "widgetType": "heading",
                            "elType": "widget"
                        }
                    ],
                    "isInner": "",
                    "elType": "column"
                }
            ],
            "isInner": "",
            "elType": "section"
        },
        {
            "id": "1449152c",
            "settings": {
                "content_width": {
                    "unit": "px",
                    "size": "1260",
                    "sizes": []
                },
                "margin": {
                    "unit": "px",
                    "top": "50",
                    "right": "0",
                    "bottom": "40",
                    "left": "0",
                    "isLinked": ""
                },
                "margin_tablet": {
                    "unit": "px",
                    "top": "40",
                    "right": "0",
                    "bottom": "40",
                    "left": "0",
                    "isLinked": "1"
                },
                "margin_mobile": {
                    "unit": "px",
                    "top": "20",
                    "right": "0",
                    "bottom": "20",
                    "left": "0",
                    "isLinked": "1"
                }
            },
            "elements": [
                {
                    "id": "45add919",
                    "settings": {
                        "_column_size": "100"
                    },
                    "elements": [
                        {
                            "id": "38f379e6",
                            "settings": {
                                "title": "Shop",
                                "header_size": "h5",
                                "align_mobile": "center",
                                "title_color": "#80BB01",
                                "typography_typography": "custom",
                                "typography_font_family": "Roboto",
                                "typography_font_size": {
                                    "unit": "px",
                                    "size": "12",
                                    "sizes": []
                                },
                                "typography_font_weight": "600",
                                "typography_text_transform": "uppercase",
                                "typography_letter_spacing": {
                                    "unit": "px",
                                    "size": "2.7",
                                    "sizes": []
                                },
                                "align": "center"
                            },
                            "elements": [],
                            "isInner": false,
                            "widgetType": "heading",
                            "elType": "widget"
                        },
                        {
                            "id": "4f058387",
                            "settings": {
                                "title": "Shop our fresh produce",
                                "align_mobile": "center",
                                "title_color": "#282828",
                                "typography_typography": "custom",
                                "typography_font_family": "Roboto",
                                "typography_font_size": {
                                    "unit": "px",
                                    "size": "32",
                                    "sizes": []
                                },
                                "typography_font_size_mobile": {
                                    "unit": "px",
                                    "size": "24",
                                    "sizes": []
                                },
                                "typography_font_weight": "700",
                                "_margin": {
                                    "unit": "px",
                                    "top": "0",
                                    "right": "0",
                                    "bottom": "20",
                                    "left": "0",
                                    "isLinked": ""
                                },
                                "align": "center"
                            },
                            "elements": [],
                            "isInner": false,
                            "widgetType": "heading",
                            "elType": "widget"
                        }
                    ],
                    "isInner": "",
                    "elType": "column"
                }
            ],
            "isInner": "",
            "elType": "section"
        },
        {
            "id": "40e55626",
            "settings": {
                "content_width": {
                    "unit": "px",
                    "size": "1260",
                    "sizes": []
                },
                "margin": {
                    "unit": "px",
                    "top": "0",
                    "right": "0",
                    "bottom": "80",
                    "left": "0",
                    "isLinked": ""
                },
                "margin_tablet": {
                    "unit": "px",
                    "top": "0",
                    "right": "0",
                    "bottom": "50",
                    "left": "0",
                    "isLinked": ""
                },
                "margin_mobile": {
                    "unit": "px",
                    "top": "0",
                    "right": "0",
                    "bottom": "30",
                    "left": "0",
                    "isLinked": ""
                }
            },
            "elements": [
                {
                    "id": "59c6acd9",
                    "settings": {
                        "_column_size": "100"
                    },
                    "elements": [
                        {
                            "id": "daf4b15",
                            "settings": {
                                "column_gap": {
                                    "unit": "px",
                                    "size": "30",
                                    "sizes": []
                                },
                                "align": "center",
                                "image_spacing": {
                                    "unit": "px",
                                    "size": "20",
                                    "sizes": []
                                },
                                "title_color": "#000000",
                                "title_typography_typography": "custom",
                                "title_typography_font_family": "Roboto",
                                "title_typography_font_size": {
                                    "unit": "px",
                                    "size": "14",
                                    "sizes": []
                                },
                                "title_typography_font_weight": "600",
                                "title_spacing": {
                                    "unit": "px",
                                    "size": "5",
                                    "sizes": []
                                },
                                "star_size": {
                                    "unit": "em",
                                    "size": "0",
                                    "sizes": []
                                },
                                "rating_spacing": {
                                    "unit": "px",
                                    "size": "5",
                                    "sizes": []
                                },
                                "price_color": "#80BB01",
                                "price_typography_typography": "custom",
                                "price_typography_font_size": {
                                    "unit": "px",
                                    "size": "14",
                                    "sizes": []
                                },
                                "price_typography_line_height": {
                                    "unit": "px",
                                    "size": "10",
                                    "sizes": []
                                },
                                "old_price_color": "#828972",
                                "button_text_color": "#80BB01",
                                "button_background_color": "#FFFFFF",
                                "button_typography_typography": "custom",
                                "button_typography_font_family": "Roboto",
                                "button_typography_font_size": {
                                    "unit": "px",
                                    "size": "12",
                                    "sizes": []
                                },
                                "button_typography_text_transform": "uppercase",
                                "button_typography_letter_spacing": {
                                    "unit": "px",
                                    "size": "2",
                                    "sizes": []
                                },
                                "button_hover_color": "#F48241",
                                "button_text_padding": {
                                    "unit": "px",
                                    "top": "0",
                                    "right": "0",
                                    "bottom": "0",
                                    "left": "0",
                                    "isLinked": "1"
                                },
                                "button_spacing": {
                                    "unit": "px",
                                    "size": "5",
                                    "sizes": []
                                },
                                "pagination_spacing": {
                                    "unit": "px",
                                    "size": "30",
                                    "sizes": []
                                },
                                "pagination_border_color": "#E9EEDD",
                                "pagination_padding": {
                                    "unit": "px",
                                    "size": "15",
                                    "sizes": []
                                },
                                "pagination_typography_typography": "custom",
                                "pagination_typography_font_family": "Roboto",
                                "pagination_typography_font_size": {
                                    "unit": "px",
                                    "size": "14",
                                    "sizes": []
                                },
                                "pagination_typography_font_weight": "700",
                                "pagination_link_color": "#505645",
                                "pagination_link_bg_color": "#FFFFFF",
                                "pagination_link_color_hover": "#FFFFFF",
                                "pagination_link_bg_color_hover": "#80BB01",
                                "pagination_link_color_active": "#828972",
                                "pagination_link_bg_color_active": "#E9EEDD",
                                "onsale_text_background_color": "#80BB01",
                                "onsale_typography_typography": "custom",
                                "onsale_typography_line_height": {
                                    "unit": "px",
                                    "size": "10",
                                    "sizes": []
                                },
                                "onsale_border_radius": {
                                    "unit": "px",
                                    "size": "0",
                                    "sizes": []
                                },
                                "onsale_width": {
                                    "unit": "px",
                                    "size": "60",
                                    "sizes": []
                                },
                                "onsale_height": {
                                    "unit": "px",
                                    "size": "30",
                                    "sizes": []
                                },
                                "onsale_horizontal_position": "right",
                                "onsale_distance": {
                                    "unit": "px",
                                    "size": "0",
                                    "sizes": []
                                },
                                "nothing_found_message": "It seems we can't find what you're looking for."
                            },
                            "elements": [],
                            "isInner": false,
                            "widgetType": "wc-archive-products",
                            "elType": "widget"
                        }
                    ],
                    "isInner": "",
                    "elType": "column"
                }
            ],
            "isInner": "",
            "elType": "section"
        }
    ]
}