{
    "version": "0.4",
    "title": "Growceries \u2013 SIngle Post",
    "type": "single",
    "metadata": {
        "template_type": "single-post",
        "include_in_zip": "1",
        "elementor_pro_required": "1",
        "elementor_library_type": "single",
        "elementor_pro_conditions": [
            "include\/singular\/post"
        ],
        "additional_template_information": [
            "This is a \"Single\" template for Elementor Pro.",
            "This template will display on: Posts."
        ],
        "wp_page_template": "default"
    },
    "content": [
        {
            "id": "1e518b2e",
            "settings": {
                "content_width": {
                    "unit": "px",
                    "size": "860",
                    "sizes": []
                },
                "height": "min-height",
                "custom_height": {
                    "unit": "vh",
                    "size": "60",
                    "sizes": []
                },
                "column_position": "bottom",
                "content_position": "bottom",
                "background_background": "classic",
                "background_overlay_background": "classic",
                "background_overlay_color": "#1F211D",
                "padding": {
                    "unit": "px",
                    "top": "0",
                    "right": "0",
                    "bottom": "80",
                    "left": "0",
                    "isLinked": ""
                },
                "padding_tablet": {
                    "unit": "px",
                    "top": "30",
                    "right": "30",
                    "bottom": "30",
                    "left": "30",
                    "isLinked": "1"
                },
                "padding_mobile": {
                    "unit": "px",
                    "top": "0",
                    "right": "10",
                    "bottom": "20",
                    "left": "10",
                    "isLinked": ""
                },
                "__dynamic__": {
                    "background_image": "[elementor-tag id=\"de15773\" name=\"post-featured-image\" settings=\"%7B%7D\"]"
                },
                "background_size": "cover"
            },
            "elements": [
                {
                    "id": "6754f0f6",
                    "settings": {
                        "_column_size": "100"
                    },
                    "elements": [
                        {
                            "id": "654b88e7",
                            "settings": {
                                "__dynamic__": {
                                    "title": "[elementor-tag id=\"\" name=\"post-title\" settings=\"%7B%22before%22%3A%22%22%2C%22after%22%3A%22%22%2C%22fallback%22%3A%22%22%7D\"]"
                                },
                                "title": "Add Your Heading Text Here",
                                "align": "center",
                                "title_color": "#FFFFFF",
                                "typography_typography": "custom",
                                "typography_font_family": "Roboto",
                                "typography_font_size": {
                                    "unit": "px",
                                    "size": "36",
                                    "sizes": []
                                },
                                "typography_font_size_mobile": {
                                    "unit": "px",
                                    "size": "22",
                                    "sizes": []
                                },
                                "typography_font_weight": "700",
                                "_margin": {
                                    "unit": "px",
                                    "top": "0",
                                    "right": "0",
                                    "bottom": "20",
                                    "left": "0",
                                    "isLinked": ""
                                }
                            },
                            "elements": [],
                            "isInner": false,
                            "widgetType": "theme-post-title",
                            "elType": "widget"
                        },
                        {
                            "id": "25faafcd",
                            "settings": {
                                "icon_list": [
                                    {
                                        "type": "author",
                                        "selected_icon": {
                                            "value": "far fa-user-circle",
                                            "library": "fa-regular"
                                        },
                                        "_id": "23f7b35",
                                        "date_format": "default",
                                        "custom_date_format": "F j, Y",
                                        "time_format": "default",
                                        "custom_time_format": "g:i a",
                                        "taxonomy": [],
                                        "text_prefix": "",
                                        "show_avatar": "",
                                        "avatar_size": {
                                            "unit": "px",
                                            "size": "",
                                            "sizes": []
                                        },
                                        "avatar_size_tablet": {
                                            "unit": "px",
                                            "size": "",
                                            "sizes": []
                                        },
                                        "avatar_size_mobile": {
                                            "unit": "px",
                                            "size": "",
                                            "sizes": []
                                        },
                                        "comments_custom_strings": "",
                                        "string_no_comments": "",
                                        "string_one_comment": "",
                                        "string_comments": "",
                                        "custom_text": "",
                                        "link": "yes",
                                        "custom_url": {
                                            "url": "",
                                            "is_external": "",
                                            "nofollow": "",
                                            "custom_attributes": ""
                                        },
                                        "show_icon": "default"
                                    },
                                    {
                                        "type": "date",
                                        "selected_icon": {
                                            "value": "fas fa-calendar",
                                            "library": "fa-solid"
                                        },
                                        "_id": "00748f6",
                                        "date_format": "default",
                                        "custom_date_format": "F j, Y",
                                        "time_format": "default",
                                        "custom_time_format": "g:i a",
                                        "taxonomy": [],
                                        "text_prefix": "",
                                        "show_avatar": "",
                                        "avatar_size": {
                                            "unit": "px",
                                            "size": "",
                                            "sizes": []
                                        },
                                        "avatar_size_tablet": {
                                            "unit": "px",
                                            "size": "",
                                            "sizes": []
                                        },
                                        "avatar_size_mobile": {
                                            "unit": "px",
                                            "size": "",
                                            "sizes": []
                                        },
                                        "comments_custom_strings": "",
                                        "string_no_comments": "",
                                        "string_one_comment": "",
                                        "string_comments": "",
                                        "custom_text": "",
                                        "link": "yes",
                                        "custom_url": {
                                            "url": "",
                                            "is_external": "",
                                            "nofollow": "",
                                            "custom_attributes": ""
                                        },
                                        "show_icon": "default"
                                    },
                                    {
                                        "type": "time",
                                        "selected_icon": {
                                            "value": "far fa-clock",
                                            "library": "fa-regular"
                                        },
                                        "_id": "da58fdf",
                                        "date_format": "default",
                                        "custom_date_format": "F j, Y",
                                        "time_format": "default",
                                        "custom_time_format": "g:i a",
                                        "taxonomy": [],
                                        "text_prefix": "",
                                        "show_avatar": "",
                                        "avatar_size": {
                                            "unit": "px",
                                            "size": "",
                                            "sizes": []
                                        },
                                        "avatar_size_tablet": {
                                            "unit": "px",
                                            "size": "",
                                            "sizes": []
                                        },
                                        "avatar_size_mobile": {
                                            "unit": "px",
                                            "size": "",
                                            "sizes": []
                                        },
                                        "comments_custom_strings": "",
                                        "string_no_comments": "",
                                        "string_one_comment": "",
                                        "string_comments": "",
                                        "custom_text": "",
                                        "link": "yes",
                                        "custom_url": {
                                            "url": "",
                                            "is_external": "",
                                            "nofollow": "",
                                            "custom_attributes": ""
                                        },
                                        "show_icon": "default"
                                    },
                                    {
                                        "type": "comments",
                                        "selected_icon": {
                                            "value": "far fa-comment-dots",
                                            "library": "fa-regular"
                                        },
                                        "_id": "07bb47b",
                                        "date_format": "default",
                                        "custom_date_format": "F j, Y",
                                        "time_format": "default",
                                        "custom_time_format": "g:i a",
                                        "taxonomy": [],
                                        "text_prefix": "",
                                        "show_avatar": "",
                                        "avatar_size": {
                                            "unit": "px",
                                            "size": "",
                                            "sizes": []
                                        },
                                        "avatar_size_tablet": {
                                            "unit": "px",
                                            "size": "",
                                            "sizes": []
                                        },
                                        "avatar_size_mobile": {
                                            "unit": "px",
                                            "size": "",
                                            "sizes": []
                                        },
                                        "comments_custom_strings": "",
                                        "string_no_comments": "",
                                        "string_one_comment": "",
                                        "string_comments": "",
                                        "custom_text": "",
                                        "link": "yes",
                                        "custom_url": {
                                            "url": "",
                                            "is_external": "",
                                            "nofollow": "",
                                            "custom_attributes": ""
                                        },
                                        "show_icon": "default"
                                    }
                                ],
                                "space_between": {
                                    "unit": "px",
                                    "size": "24",
                                    "sizes": []
                                },
                                "icon_align": "center",
                                "icon_color": "#80BB01",
                                "text_indent": {
                                    "unit": "px",
                                    "size": "7",
                                    "sizes": []
                                },
                                "text_color": "#FFFFFF",
                                "icon_typography_typography": "custom",
                                "icon_typography_font_family": "Roboto",
                                "icon_typography_font_size": {
                                    "unit": "px",
                                    "size": "14",
                                    "sizes": []
                                }
                            },
                            "elements": [],
                            "isInner": false,
                            "widgetType": "post-info",
                            "elType": "widget"
                        }
                    ],
                    "isInner": "",
                    "elType": "column"
                }
            ],
            "isInner": "",
            "elType": "section"
        },
        {
            "id": "3a988768",
            "settings": {
                "content_width": {
                    "unit": "px",
                    "size": "940",
                    "sizes": []
                },
                "margin": {
                    "unit": "px",
                    "top": "30",
                    "right": "0",
                    "bottom": "30",
                    "left": "0",
                    "isLinked": "1"
                },
                "padding_tablet": {
                    "unit": "px",
                    "top": "0",
                    "right": "30",
                    "bottom": "0",
                    "left": "30",
                    "isLinked": ""
                },
                "padding_mobile": {
                    "unit": "px",
                    "top": "0",
                    "right": "10",
                    "bottom": "0",
                    "left": "10",
                    "isLinked": ""
                }
            },
            "elements": [
                {
                    "id": "4f0b2157",
                    "settings": {
                        "_column_size": "100"
                    },
                    "elements": [
                        {
                            "id": "16719bd3",
                            "settings": {
                                "text_color": "#828972",
                                "typography_typography": "custom",
                                "typography_font_family": "Roboto",
                                "typography_font_size": {
                                    "unit": "px",
                                    "size": "16",
                                    "sizes": []
                                },
                                "typography_line_height": {
                                    "unit": "px",
                                    "size": "30",
                                    "sizes": []
                                }
                            },
                            "elements": [],
                            "isInner": false,
                            "widgetType": "theme-post-content",
                            "elType": "widget"
                        },
                        {
                            "id": "349ad6a0",
                            "settings": {
                                "author_name": "John Doe",
                                "show_link": "",
                                "author_bio": "Lorem ipsum dolor sit amet consectetur adipiscing elit dolor",
                                "link_text": "All Posts",
                                "layout": "above",
                                "alignment": "center",
                                "image_gap": {
                                    "unit": "px",
                                    "size": "0",
                                    "sizes": []
                                },
                                "name_color": "#282828",
                                "name_typography_typography": "custom",
                                "name_typography_font_family": "Roboto",
                                "name_typography_font_size": {
                                    "unit": "px",
                                    "size": "18",
                                    "sizes": []
                                },
                                "name_typography_font_weight": "500",
                                "bio_color": "#828972",
                                "bio_typography_typography": "custom",
                                "bio_typography_font_family": "Roboto",
                                "bio_typography_font_size": {
                                    "unit": "px",
                                    "size": "14",
                                    "sizes": []
                                },
                                "bio_typography_font_weight": "400",
                                "author_avatar": {
                                    "id": "253",
                                    "url": "https:\/\/templatekits.themewarrior.com\/groceries\/wp-content\/uploads\/sites\/3\/2020\/07\/placeholder.png"
                                }
                            },
                            "elements": [],
                            "isInner": false,
                            "widgetType": "author-box",
                            "elType": "widget"
                        }
                    ],
                    "isInner": "",
                    "elType": "column"
                }
            ],
            "isInner": "",
            "elType": "section"
        },
        {
            "id": "56d00d69",
            "settings": {
                "content_width": {
                    "unit": "px",
                    "size": "940",
                    "sizes": []
                },
                "margin": {
                    "unit": "px",
                    "top": "30",
                    "right": "0",
                    "bottom": "30",
                    "left": "0",
                    "isLinked": "1"
                },
                "padding": {
                    "unit": "px",
                    "top": "20",
                    "right": "0",
                    "bottom": "20",
                    "left": "0",
                    "isLinked": ""
                }
            },
            "elements": [
                {
                    "id": "76cd18ee",
                    "settings": {
                        "_column_size": "100"
                    },
                    "elements": [
                        {
                            "id": "13123e12",
                            "settings": {
                                "prev_label": "Previous",
                                "next_label": "Next",
                                "show_borders": "",
                                "label_color": "#80BB01",
                                "label_typography_typography": "custom",
                                "label_typography_font_family": "Roboto",
                                "label_typography_font_size": {
                                    "unit": "px",
                                    "size": "12",
                                    "sizes": []
                                },
                                "label_typography_font_weight": "500",
                                "label_typography_text_transform": "uppercase",
                                "label_typography_letter_spacing": {
                                    "unit": "px",
                                    "size": "3.1",
                                    "sizes": []
                                },
                                "text_color": "#1F211D",
                                "title_typography_typography": "custom",
                                "title_typography_font_family": "Roboto",
                                "title_typography_font_size": {
                                    "unit": "px",
                                    "size": "16",
                                    "sizes": []
                                },
                                "title_typography_font_weight": "500"
                            },
                            "elements": [],
                            "isInner": false,
                            "widgetType": "post-navigation",
                            "elType": "widget"
                        }
                    ],
                    "isInner": "",
                    "elType": "column"
                }
            ],
            "isInner": "",
            "elType": "section"
        },
        {
            "id": "b07ad7a",
            "settings": {
                "content_width": {
                    "unit": "px",
                    "size": "1280",
                    "sizes": []
                },
                "gap": "no",
                "background_background": "classic",
                "background_color": "#F2F5E9",
                "background_position": "bottom center",
                "background_repeat": "repeat-x",
                "background_overlay_background": "classic",
                "background_overlay_image": {
                    "url": "https:\/\/templatekits.themewarrior.com\/groceries\/wp-content\/uploads\/sites\/3\/2020\/07\/grader-down-min.png",
                    "id": "167"
                },
                "background_overlay_position": "top center",
                "background_overlay_repeat": "repeat-x",
                "background_overlay_opacity": {
                    "unit": "px",
                    "size": "1",
                    "sizes": []
                },
                "padding": {
                    "unit": "px",
                    "top": "60",
                    "right": "0",
                    "bottom": "40",
                    "left": "0",
                    "isLinked": ""
                },
                "padding_tablet": {
                    "unit": "px",
                    "top": "50",
                    "right": "15",
                    "bottom": "50",
                    "left": "15",
                    "isLinked": ""
                },
                "padding_mobile": {
                    "unit": "px",
                    "top": "40",
                    "right": "15",
                    "bottom": "20",
                    "left": "15",
                    "isLinked": ""
                }
            },
            "elements": [
                {
                    "id": "42aba3a2",
                    "settings": {
                        "_column_size": "100"
                    },
                    "elements": [
                        {
                            "id": "1cffd52d",
                            "settings": {
                                "title": "Related Posts",
                                "align": "center",
                                "align_mobile": "center",
                                "title_color": "#282828",
                                "typography_typography": "custom",
                                "typography_font_family": "Roboto",
                                "typography_font_size": {
                                    "unit": "px",
                                    "size": "32",
                                    "sizes": []
                                },
                                "typography_font_size_mobile": {
                                    "unit": "px",
                                    "size": "24",
                                    "sizes": []
                                },
                                "typography_font_weight": "700",
                                "_margin": {
                                    "unit": "px",
                                    "top": "0",
                                    "right": "0",
                                    "bottom": "20",
                                    "left": "0",
                                    "isLinked": ""
                                }
                            },
                            "elements": [],
                            "isInner": false,
                            "widgetType": "heading",
                            "elType": "widget"
                        },
                        {
                            "id": "3b391b41",
                            "settings": {
                                "width": {
                                    "unit": "px",
                                    "size": "60",
                                    "sizes": []
                                },
                                "align": "center",
                                "text": "Divider",
                                "color": "#80BB01",
                                "weight": {
                                    "unit": "px",
                                    "size": "3",
                                    "sizes": []
                                },
                                "gap": {
                                    "unit": "px",
                                    "size": "2",
                                    "sizes": []
                                }
                            },
                            "elements": [],
                            "isInner": false,
                            "widgetType": "divider",
                            "elType": "widget"
                        },
                        {
                            "id": "34bbb194",
                            "settings": {
                                "classic_columns": "4",
                                "classic_columns_tablet": "1",
                                "classic_item_ratio": {
                                    "unit": "px",
                                    "size": "0.6",
                                    "sizes": []
                                },
                                "classic_show_excerpt": "",
                                "classic_meta_separator": " on",
                                "classic_show_read_more": "",
                                "classic_read_more_text": "Read More \u00bb",
                                "cards_meta_separator": "\u2022",
                                "cards_read_more_text": "Read More \u00bb",
                                "full_content_meta_separator": "\/\/\/",
                                "classic_row_gap": {
                                    "unit": "px",
                                    "size": "50",
                                    "sizes": []
                                },
                                "classic_image_spacing": {
                                    "unit": "px",
                                    "size": "30",
                                    "sizes": []
                                },
                                "classic_title_color": "#282828",
                                "classic_title_typography_typography": "custom",
                                "classic_title_typography_font_family": "Roboto",
                                "classic_title_typography_font_size": {
                                    "unit": "px",
                                    "size": "16",
                                    "sizes": []
                                },
                                "classic_title_typography_font_size_mobile": {
                                    "unit": "px",
                                    "size": "18",
                                    "sizes": []
                                },
                                "classic_title_typography_font_weight": "600",
                                "classic_title_spacing": {
                                    "unit": "px",
                                    "size": "25",
                                    "sizes": []
                                },
                                "classic_meta_color": "rgba(40, 40, 40, 0.44)",
                                "classic_meta_typography_typography": "custom",
                                "classic_meta_typography_font_family": "Roboto",
                                "classic_meta_typography_font_size": {
                                    "unit": "px",
                                    "size": "14",
                                    "sizes": []
                                },
                                "classic_meta_typography_font_size_mobile": {
                                    "unit": "px",
                                    "size": "12",
                                    "sizes": []
                                },
                                "classic_meta_spacing": {
                                    "unit": "px",
                                    "size": "19",
                                    "sizes": []
                                },
                                "classic_excerpt_color": "#828972",
                                "classic_excerpt_typography_typography": "custom",
                                "classic_excerpt_typography_font_family": "Roboto",
                                "classic_excerpt_typography_font_size": {
                                    "unit": "px",
                                    "size": "16",
                                    "sizes": []
                                },
                                "classic_excerpt_typography_font_size_mobile": {
                                    "unit": "px",
                                    "size": "14",
                                    "sizes": []
                                },
                                "classic_excerpt_typography_font_weight": "400",
                                "classic_excerpt_typography_line_height": {
                                    "unit": "px",
                                    "size": "30",
                                    "sizes": []
                                },
                                "classic_excerpt_typography_line_height_mobile": {
                                    "unit": "px",
                                    "size": "20",
                                    "sizes": []
                                },
                                "classic_excerpt_spacing": {
                                    "unit": "px",
                                    "size": "19",
                                    "sizes": []
                                },
                                "classic_read_more_color": "#80BB01",
                                "classic_read_more_typography_typography": "custom",
                                "classic_read_more_typography_font_family": "Roboto",
                                "classic_read_more_typography_font_size": {
                                    "unit": "px",
                                    "size": "16",
                                    "sizes": []
                                },
                                "classic_read_more_typography_font_weight": "500",
                                "classic_read_more_spacing": {
                                    "unit": "px",
                                    "size": "20",
                                    "sizes": []
                                },
                                "pagination_page_limit": "5",
                                "pagination_prev_label": "&laquo; Previous",
                                "pagination_next_label": "Next &raquo;",
                                "pagination_typography_typography": "custom",
                                "pagination_typography_font_family": "Roboto",
                                "pagination_typography_font_size": {
                                    "unit": "px",
                                    "size": "14",
                                    "sizes": []
                                },
                                "pagination_typography_font_weight": "500",
                                "pagination_color": "#282828",
                                "pagination_hover_color": "#80BB01",
                                "pagination_active_color": "#828972",
                                "pagination_spacing": {
                                    "unit": "px",
                                    "size": "15",
                                    "sizes": []
                                },
                                "classic_posts_per_page": "4"
                            },
                            "elements": [],
                            "isInner": false,
                            "widgetType": "posts",
                            "elType": "widget"
                        }
                    ],
                    "isInner": "",
                    "elType": "column"
                }
            ],
            "isInner": "",
            "elType": "section"
        }
    ]
}