{
    "version": "0.4",
    "title": "Growceries \u2013 404",
    "type": "single",
    "metadata": {
        "template_type": "single-404",
        "include_in_zip": "1",
        "elementor_pro_required": "1",
        "elementor_library_type": "single",
        "elementor_pro_conditions": [
            "include\/singular\/not_found404"
        ],
        "additional_template_information": [
            "This is a \"Single\" template for Elementor Pro.",
            "This template will display on: 404 Page."
        ],
        "wp_page_template": "default"
    },
    "content": [
        {
            "id": "72ecc886",
            "settings": [],
            "elements": [
                {
                    "id": "7d7375be",
                    "settings": {
                        "_column_size": "100"
                    },
                    "elements": [
                        {
                            "id": "6ee9052c",
                            "settings": {
                                "content_width": {
                                    "unit": "px",
                                    "size": "640",
                                    "sizes": []
                                },
                                "padding": {
                                    "unit": "px",
                                    "top": "60",
                                    "right": "0",
                                    "bottom": "0",
                                    "left": "0",
                                    "isLinked": ""
                                }
                            },
                            "elements": [
                                {
                                    "id": "282d7052",
                                    "settings": {
                                        "_column_size": "100"
                                    },
                                    "elements": [
                                        {
                                            "id": "4a2c8962",
                                            "settings": {
                                                "title": "404",
                                                "align": "center",
                                                "title_color": "#1F211D",
                                                "typography_typography": "custom",
                                                "typography_font_family": "Roboto",
                                                "typography_font_size": {
                                                    "unit": "px",
                                                    "size": "288",
                                                    "sizes": []
                                                },
                                                "typography_font_size_tablet": {
                                                    "unit": "px",
                                                    "size": "180",
                                                    "sizes": []
                                                },
                                                "typography_font_size_mobile": {
                                                    "unit": "px",
                                                    "size": "120",
                                                    "sizes": []
                                                },
                                                "typography_font_weight": "900"
                                            },
                                            "elements": [],
                                            "isInner": false,
                                            "widgetType": "heading",
                                            "elType": "widget"
                                        },
                                        {
                                            "id": "59b9f158",
                                            "settings": {
                                                "image": {
                                                    "id": "257",
                                                    "url": "https:\/\/templatekits.themewarrior.com\/groceries\/wp-content\/uploads\/sites\/3\/2020\/07\/Group-85.png"
                                                },
                                                "width_tablet": {
                                                    "unit": "px",
                                                    "size": "260",
                                                    "sizes": []
                                                },
                                                "width_mobile": {
                                                    "unit": "px",
                                                    "size": "160",
                                                    "sizes": []
                                                },
                                                "space_tablet": {
                                                    "unit": "%",
                                                    "size": "80",
                                                    "sizes": []
                                                },
                                                "_element_width": "auto",
                                                "_element_vertical_align": "flex-end",
                                                "_position": "absolute",
                                                "_offset_orientation_h": "end",
                                                "_offset_orientation_v": "end"
                                            },
                                            "elements": [],
                                            "isInner": false,
                                            "widgetType": "image",
                                            "elType": "widget"
                                        }
                                    ],
                                    "isInner": "1",
                                    "elType": "column"
                                }
                            ],
                            "isInner": "1",
                            "elType": "section"
                        },
                        {
                            "id": "17e6d6a7",
                            "settings": {
                                "content_width": {
                                    "unit": "px",
                                    "size": "640",
                                    "sizes": []
                                }
                            },
                            "elements": [
                                {
                                    "id": "57d7d87f",
                                    "settings": {
                                        "_column_size": "100"
                                    },
                                    "elements": [
                                        {
                                            "id": "3e62826c",
                                            "settings": {
                                                "editor": "<p>Sorry, the page you\u2019re looking for doesn\u2019t exist. Try cecky your url or search.<\/p>",
                                                "align": "center",
                                                "text_color": "#828972",
                                                "typography_typography": "custom",
                                                "typography_font_family": "Roboto",
                                                "typography_font_size": {
                                                    "unit": "px",
                                                    "size": "16",
                                                    "sizes": []
                                                },
                                                "typography_line_height": {
                                                    "unit": "px",
                                                    "size": "30",
                                                    "sizes": []
                                                },
                                                "align_mobile": "center"
                                            },
                                            "elements": [],
                                            "isInner": false,
                                            "widgetType": "text-editor",
                                            "elType": "widget"
                                        },
                                        {
                                            "id": "56fc1910",
                                            "settings": {
                                                "text": "Homepage",
                                                "align": "center",
                                                "align_mobile": "center",
                                                "typography_typography": "custom",
                                                "typography_font_family": "Roboto",
                                                "typography_font_size": {
                                                    "unit": "px",
                                                    "size": "14",
                                                    "sizes": []
                                                },
                                                "typography_font_weight": "500",
                                                "button_text_color": "#FFFFFF",
                                                "background_color": "#80BB01",
                                                "border_border": "solid",
                                                "border_width": {
                                                    "unit": "px",
                                                    "top": "1",
                                                    "right": "1",
                                                    "bottom": "1",
                                                    "left": "1",
                                                    "isLinked": "1"
                                                },
                                                "border_color": "#80BB01",
                                                "border_radius": {
                                                    "unit": "px",
                                                    "top": "0",
                                                    "right": "0",
                                                    "bottom": "0",
                                                    "left": "0",
                                                    "isLinked": "1"
                                                },
                                                "text_padding": {
                                                    "unit": "px",
                                                    "top": "15",
                                                    "right": "25",
                                                    "bottom": "15",
                                                    "left": "25",
                                                    "isLinked": ""
                                                },
                                                "link": {
                                                    "url": "",
                                                    "is_external": "",
                                                    "nofollow": "",
                                                    "custom_attributes": ""
                                                }
                                            },
                                            "elements": [],
                                            "isInner": false,
                                            "widgetType": "button",
                                            "elType": "widget"
                                        }
                                    ],
                                    "isInner": "1",
                                    "elType": "column"
                                }
                            ],
                            "isInner": "1",
                            "elType": "section"
                        }
                    ],
                    "isInner": "",
                    "elType": "column"
                }
            ],
            "isInner": "",
            "elType": "section"
        }
    ]
}