{
    "version": "0.4",
    "title": "Page : FAQ",
    "type": "section",
    "metadata": {
        "template_type": "section-faq",
        "include_in_zip": "1",
        "elementor_pro_required": "1",
        "wp_page_template": "elementor_header_footer"
    },
    "content": [
        {
            "id": "7dcd8da6",
            "settings": {
                "content_width": {
                    "unit": "px",
                    "size": "1260",
                    "sizes": []
                },
                "background_background": "classic",
                "background_color": "#80BB01"
            },
            "elements": [
                {
                    "id": "22984065",
                    "settings": {
                        "_column_size": "100"
                    },
                    "elements": [
                        {
                            "id": "68328002",
                            "settings": {
                                "title": "Home",
                                "link": {
                                    "url": "\/templatekit\/growceries-homepage\/",
                                    "is_external": "",
                                    "nofollow": "",
                                    "custom_attributes": ""
                                },
                                "header_size": "span",
                                "title_color": "#FFFFFF",
                                "typography_typography": "custom",
                                "typography_font_family": "Roboto",
                                "typography_font_size": {
                                    "unit": "px",
                                    "size": "12",
                                    "sizes": []
                                },
                                "_element_width": "auto",
                                "_element_vertical_align": "center",
                                "__dynamic__": []
                            },
                            "elements": [],
                            "isInner": false,
                            "widgetType": "heading",
                            "elType": "widget"
                        },
                        {
                            "id": "63847e3d",
                            "settings": {
                                "selected_icon": {
                                    "value": "fas fa-chevron-right",
                                    "library": "fa-solid"
                                },
                                "primary_color": "#FFFFFF",
                                "size": {
                                    "unit": "px",
                                    "size": "8",
                                    "sizes": []
                                },
                                "_margin": {
                                    "unit": "px",
                                    "top": "0",
                                    "right": "15",
                                    "bottom": "0",
                                    "left": "15",
                                    "isLinked": ""
                                },
                                "_element_width": "auto",
                                "_element_vertical_align": "center"
                            },
                            "elements": [],
                            "isInner": false,
                            "widgetType": "icon",
                            "elType": "widget"
                        },
                        {
                            "id": "11d7089f",
                            "settings": {
                                "title": "Home",
                                "link": {
                                    "url": "\/templatekit\/growceries-homepage\/",
                                    "is_external": "",
                                    "nofollow": "",
                                    "custom_attributes": ""
                                },
                                "header_size": "span",
                                "title_color": "#FFFFFF",
                                "typography_typography": "custom",
                                "typography_font_family": "Roboto",
                                "typography_font_size": {
                                    "unit": "px",
                                    "size": "12",
                                    "sizes": []
                                },
                                "_element_width": "auto",
                                "_element_vertical_align": "center",
                                "__dynamic__": {
                                    "title": "[elementor-tag id=\"3146794\" name=\"post-title\" settings=\"%7B%7D\"]"
                                }
                            },
                            "elements": [],
                            "isInner": false,
                            "widgetType": "heading",
                            "elType": "widget"
                        }
                    ],
                    "isInner": "",
                    "elType": "column"
                }
            ],
            "isInner": "",
            "elType": "section"
        },
        {
            "id": "77f0a434",
            "settings": {
                "content_width": {
                    "unit": "px",
                    "size": "1260",
                    "sizes": []
                },
                "margin": {
                    "unit": "px",
                    "top": "50",
                    "right": "0",
                    "bottom": "40",
                    "left": "0",
                    "isLinked": ""
                },
                "margin_tablet": {
                    "unit": "px",
                    "top": "40",
                    "right": "0",
                    "bottom": "40",
                    "left": "0",
                    "isLinked": "1"
                },
                "margin_mobile": {
                    "unit": "px",
                    "top": "20",
                    "right": "0",
                    "bottom": "20",
                    "left": "0",
                    "isLinked": "1"
                }
            },
            "elements": [
                {
                    "id": "2b82eafb",
                    "settings": {
                        "_column_size": "100"
                    },
                    "elements": [
                        {
                            "id": "7e83dda1",
                            "settings": {
                                "title": "FAQ",
                                "header_size": "h5",
                                "align_mobile": "center",
                                "title_color": "#80BB01",
                                "typography_typography": "custom",
                                "typography_font_family": "Roboto",
                                "typography_font_size": {
                                    "unit": "px",
                                    "size": "12",
                                    "sizes": []
                                },
                                "typography_font_weight": "600",
                                "typography_text_transform": "uppercase",
                                "typography_letter_spacing": {
                                    "unit": "px",
                                    "size": "2.7",
                                    "sizes": []
                                },
                                "align": "center"
                            },
                            "elements": [],
                            "isInner": false,
                            "widgetType": "heading",
                            "elType": "widget"
                        },
                        {
                            "id": "abbfb7c",
                            "settings": {
                                "title": "Frequently Asked Questions",
                                "align_mobile": "center",
                                "title_color": "#282828",
                                "typography_typography": "custom",
                                "typography_font_family": "Roboto",
                                "typography_font_size": {
                                    "unit": "px",
                                    "size": "32",
                                    "sizes": []
                                },
                                "typography_font_size_mobile": {
                                    "unit": "px",
                                    "size": "24",
                                    "sizes": []
                                },
                                "typography_font_weight": "700",
                                "_margin": {
                                    "unit": "px",
                                    "top": "0",
                                    "right": "0",
                                    "bottom": "20",
                                    "left": "0",
                                    "isLinked": ""
                                },
                                "align": "center"
                            },
                            "elements": [],
                            "isInner": false,
                            "widgetType": "heading",
                            "elType": "widget"
                        }
                    ],
                    "isInner": "",
                    "elType": "column"
                }
            ],
            "isInner": "",
            "elType": "section"
        },
        {
            "id": "11f2fd43",
            "settings": {
                "content_width": {
                    "unit": "px",
                    "size": "1260",
                    "sizes": []
                },
                "gap": "extended",
                "structure": "20",
                "margin": {
                    "unit": "px",
                    "top": "0",
                    "right": "0",
                    "bottom": "80",
                    "left": "0",
                    "isLinked": ""
                },
                "margin_tablet": {
                    "unit": "px",
                    "top": "0",
                    "right": "0",
                    "bottom": "50",
                    "left": "0",
                    "isLinked": ""
                },
                "margin_mobile": {
                    "unit": "px",
                    "top": "0",
                    "right": "0",
                    "bottom": "30",
                    "left": "0",
                    "isLinked": ""
                }
            },
            "elements": [
                {
                    "id": "5528c165",
                    "settings": {
                        "_column_size": "50",
                        "space_between_widgets": "0"
                    },
                    "elements": [
                        {
                            "id": "d03c4c4",
                            "settings": {
                                "title": "Shopping Information",
                                "title_color": "#80BB01",
                                "typography_typography": "custom",
                                "typography_font_family": "Roboto",
                                "typography_font_size": {
                                    "unit": "px",
                                    "size": "22",
                                    "sizes": []
                                }
                            },
                            "elements": [],
                            "isInner": false,
                            "widgetType": "heading",
                            "elType": "widget"
                        },
                        {
                            "id": "42dd1728",
                            "settings": {
                                "text": "Divider",
                                "color": "#F2F5E9"
                            },
                            "elements": [],
                            "isInner": false,
                            "widgetType": "divider",
                            "elType": "widget"
                        },
                        {
                            "id": "5771d852",
                            "settings": {
                                "tabs": [
                                    {
                                        "tab_title": "Delivery charges for orders from the Online Shop?",
                                        "tab_content": "Lorem ipsum dolor sit amet, consectetur adipiscing elit. Ut elit tellus, luctus nec ullamcorper mattis, pulvinar dapibus leo.",
                                        "_id": "599ffcb"
                                    },
                                    {
                                        "tab_title": "How long will delivery take? ",
                                        "tab_content": "Lorem ipsum dolor sit amet, consectetur adipiscing elit. Ut elit tellus, luctus nec ullamcorper mattis, pulvinar dapibus leo.",
                                        "_id": "bd0ee3a"
                                    },
                                    {
                                        "tab_title": "What exactly happens after ordering? ",
                                        "tab_content": "Lorem ipsum dolor sit amet, consectetur adipiscing elit. Ut elit tellus, luctus nec ullamcorper mattis, pulvinar dapibus leo.",
                                        "_id": "5a39c65"
                                    },
                                    {
                                        "tab_title": "Do I receive an invoice for my order? ",
                                        "tab_content": "Lorem ipsum dolor sit amet, consectetur adipiscing elit. Ut elit tellus, luctus nec ullamcorper mattis, pulvinar dapibus leo.",
                                        "_id": "13ae28a"
                                    },
                                    {
                                        "tab_title": "Tellus ridicdiam eleifend id ullamcorper?",
                                        "tab_content": "Lorem ipsum dolor sit amet, consectetur adipiscing elit. Ut elit tellus, luctus nec ullamcorper mattis, pulvinar dapibus leo.",
                                        "_id": "9154e0e"
                                    }
                                ],
                                "selected_icon": {
                                    "value": "fas fa-angle-down",
                                    "library": "fa-solid"
                                },
                                "selected_active_icon": {
                                    "value": "fas fa-angle-up",
                                    "library": "fa-solid"
                                },
                                "border_width": {
                                    "unit": "px",
                                    "size": "1",
                                    "sizes": []
                                },
                                "border_color": "#F2F5E9",
                                "title_color": "#282828",
                                "tab_active_color": "#282828",
                                "title_typography_typography": "custom",
                                "title_typography_font_family": "Roboto",
                                "title_typography_font_size": {
                                    "unit": "px",
                                    "size": "16",
                                    "sizes": []
                                },
                                "title_typography_font_weight": "600",
                                "icon_align": "right",
                                "icon_color": "#282828",
                                "icon_active_color": "#282828",
                                "content_color": "#828972",
                                "content_typography_typography": "custom",
                                "content_typography_font_family": "Roboto",
                                "content_typography_font_size": {
                                    "unit": "px",
                                    "size": "14",
                                    "sizes": []
                                },
                                "content_typography_line_height": {
                                    "unit": "px",
                                    "size": "24",
                                    "sizes": []
                                }
                            },
                            "elements": [],
                            "isInner": false,
                            "widgetType": "accordion",
                            "elType": "widget"
                        }
                    ],
                    "isInner": "",
                    "elType": "column"
                },
                {
                    "id": "6f6c3820",
                    "settings": {
                        "_column_size": "50",
                        "space_between_widgets": "0"
                    },
                    "elements": [
                        {
                            "id": "503827e9",
                            "settings": {
                                "title": "Payment Information",
                                "title_color": "#80BB01",
                                "typography_typography": "custom",
                                "typography_font_family": "Roboto",
                                "typography_font_size": {
                                    "unit": "px",
                                    "size": "22",
                                    "sizes": []
                                }
                            },
                            "elements": [],
                            "isInner": false,
                            "widgetType": "heading",
                            "elType": "widget"
                        },
                        {
                            "id": "2531fbe8",
                            "settings": {
                                "text": "Divider",
                                "color": "#F2F5E9"
                            },
                            "elements": [],
                            "isInner": false,
                            "widgetType": "divider",
                            "elType": "widget"
                        },
                        {
                            "id": "39e686d4",
                            "settings": {
                                "tabs": [
                                    {
                                        "tab_title": "When the order payment is taken of my bank account? ",
                                        "tab_content": "Lorem ipsum dolor sit amet, consectetur adipiscing elit. Ut elit tellus, luctus nec ullamcorper mattis, pulvinar dapibus leo.",
                                        "_id": "c013161"
                                    },
                                    {
                                        "tab_title": "What should I do if I receive a damaged or wrong product? ",
                                        "tab_content": "Lorem ipsum dolor sit amet, consectetur adipiscing elit. Ut elit tellus, luctus nec ullamcorper mattis, pulvinar dapibus leo.",
                                        "_id": "1d8c4bf"
                                    },
                                    {
                                        "tab_title": "Can I change or cancel my order? ",
                                        "tab_content": "Lorem ipsum dolor sit amet, consectetur adipiscing elit. Ut elit tellus, luctus nec ullamcorper mattis, pulvinar dapibus leo.",
                                        "_id": "f2eef49"
                                    },
                                    {
                                        "tab_title": "What is \"package tracking\" in my orders?",
                                        "tab_content": "Lorem ipsum dolor sit amet, consectetur adipiscing elit. Ut elit tellus, luctus nec ullamcorper mattis, pulvinar dapibus leo.",
                                        "_id": "99916c0"
                                    }
                                ],
                                "selected_icon": {
                                    "value": "fas fa-angle-down",
                                    "library": "fa-solid"
                                },
                                "selected_active_icon": {
                                    "value": "fas fa-angle-up",
                                    "library": "fa-solid"
                                },
                                "border_width": {
                                    "unit": "px",
                                    "size": "1",
                                    "sizes": []
                                },
                                "border_color": "#F2F5E9",
                                "title_color": "#282828",
                                "tab_active_color": "#282828",
                                "title_typography_typography": "custom",
                                "title_typography_font_family": "Roboto",
                                "title_typography_font_size": {
                                    "unit": "px",
                                    "size": "16",
                                    "sizes": []
                                },
                                "title_typography_font_weight": "600",
                                "icon_align": "right",
                                "icon_color": "#282828",
                                "icon_active_color": "#282828",
                                "content_color": "#828972",
                                "content_typography_typography": "custom",
                                "content_typography_font_family": "Roboto",
                                "content_typography_font_size": {
                                    "unit": "px",
                                    "size": "14",
                                    "sizes": []
                                },
                                "content_typography_line_height": {
                                    "unit": "px",
                                    "size": "24",
                                    "sizes": []
                                }
                            },
                            "elements": [],
                            "isInner": false,
                            "widgetType": "accordion",
                            "elType": "widget"
                        }
                    ],
                    "isInner": "",
                    "elType": "column"
                }
            ],
            "isInner": "",
            "elType": "section"
        }
    ]
}