{
    "version": "0.4",
    "title": "Page : Our Team",
    "type": "section",
    "metadata": {
        "template_type": "section-team",
        "include_in_zip": "1",
        "elementor_pro_required": null,
        "wp_page_template": "elementor_header_footer"
    },
    "content": [
        {
            "id": "53ae0e67",
            "settings": {
                "content_width": {
                    "unit": "px",
                    "size": "1260",
                    "sizes": []
                },
                "background_background": "classic",
                "background_color": "#80BB01"
            },
            "elements": [
                {
                    "id": "7e722ea2",
                    "settings": {
                        "_column_size": "100"
                    },
                    "elements": [
                        {
                            "id": "5419f7fd",
                            "settings": {
                                "title": "Home",
                                "link": {
                                    "url": "\/templatekit\/growceries-homepage\/",
                                    "is_external": "",
                                    "nofollow": "",
                                    "custom_attributes": ""
                                },
                                "header_size": "span",
                                "title_color": "#FFFFFF",
                                "typography_typography": "custom",
                                "typography_font_family": "Roboto",
                                "typography_font_size": {
                                    "unit": "px",
                                    "size": "12",
                                    "sizes": []
                                },
                                "_element_width": "auto",
                                "_element_vertical_align": "center",
                                "__dynamic__": []
                            },
                            "elements": [],
                            "isInner": false,
                            "widgetType": "heading",
                            "elType": "widget"
                        },
                        {
                            "id": "73989510",
                            "settings": {
                                "selected_icon": {
                                    "value": "fas fa-chevron-right",
                                    "library": "fa-solid"
                                },
                                "primary_color": "#FFFFFF",
                                "size": {
                                    "unit": "px",
                                    "size": "8",
                                    "sizes": []
                                },
                                "_margin": {
                                    "unit": "px",
                                    "top": "0",
                                    "right": "15",
                                    "bottom": "0",
                                    "left": "15",
                                    "isLinked": ""
                                },
                                "_element_width": "auto",
                                "_element_vertical_align": "center"
                            },
                            "elements": [],
                            "isInner": false,
                            "widgetType": "icon",
                            "elType": "widget"
                        },
                        {
                            "id": "76e18628",
                            "settings": {
                                "title": "Home",
                                "link": {
                                    "url": "\/templatekit\/growceries-homepage\/",
                                    "is_external": "",
                                    "nofollow": "",
                                    "custom_attributes": ""
                                },
                                "header_size": "span",
                                "title_color": "#FFFFFF",
                                "typography_typography": "custom",
                                "typography_font_family": "Roboto",
                                "typography_font_size": {
                                    "unit": "px",
                                    "size": "12",
                                    "sizes": []
                                },
                                "_element_width": "auto",
                                "_element_vertical_align": "center",
                                "__dynamic__": {
                                    "title": "[elementor-tag id=\"3146794\" name=\"post-title\" settings=\"%7B%7D\"]"
                                }
                            },
                            "elements": [],
                            "isInner": false,
                            "widgetType": "heading",
                            "elType": "widget"
                        }
                    ],
                    "isInner": "",
                    "elType": "column"
                }
            ],
            "isInner": "",
            "elType": "section"
        },
        {
            "id": "4e697793",
            "settings": {
                "content_width": {
                    "unit": "px",
                    "size": "1260",
                    "sizes": []
                },
                "margin": {
                    "unit": "px",
                    "top": "50",
                    "right": "0",
                    "bottom": "40",
                    "left": "0",
                    "isLinked": ""
                },
                "margin_tablet": {
                    "unit": "px",
                    "top": "40",
                    "right": "0",
                    "bottom": "40",
                    "left": "0",
                    "isLinked": "1"
                },
                "margin_mobile": {
                    "unit": "px",
                    "top": "20",
                    "right": "0",
                    "bottom": "20",
                    "left": "0",
                    "isLinked": "1"
                }
            },
            "elements": [
                {
                    "id": "714289a2",
                    "settings": {
                        "_column_size": "100"
                    },
                    "elements": [
                        {
                            "id": "6234d33c",
                            "settings": {
                                "title": "Our Team",
                                "header_size": "h5",
                                "align_mobile": "center",
                                "title_color": "#80BB01",
                                "typography_typography": "custom",
                                "typography_font_family": "Roboto",
                                "typography_font_size": {
                                    "unit": "px",
                                    "size": "12",
                                    "sizes": []
                                },
                                "typography_font_weight": "600",
                                "typography_text_transform": "uppercase",
                                "typography_letter_spacing": {
                                    "unit": "px",
                                    "size": "2.7",
                                    "sizes": []
                                },
                                "align": "center"
                            },
                            "elements": [],
                            "isInner": false,
                            "widgetType": "heading",
                            "elType": "widget"
                        },
                        {
                            "id": "d220634",
                            "settings": {
                                "title": "Great people behind Growceries",
                                "align_mobile": "center",
                                "title_color": "#282828",
                                "typography_typography": "custom",
                                "typography_font_family": "Roboto",
                                "typography_font_size": {
                                    "unit": "px",
                                    "size": "32",
                                    "sizes": []
                                },
                                "typography_font_size_mobile": {
                                    "unit": "px",
                                    "size": "24",
                                    "sizes": []
                                },
                                "typography_font_weight": "700",
                                "_margin": {
                                    "unit": "px",
                                    "top": "0",
                                    "right": "0",
                                    "bottom": "20",
                                    "left": "0",
                                    "isLinked": ""
                                },
                                "align": "center"
                            },
                            "elements": [],
                            "isInner": false,
                            "widgetType": "heading",
                            "elType": "widget"
                        }
                    ],
                    "isInner": "",
                    "elType": "column"
                }
            ],
            "isInner": "",
            "elType": "section"
        },
        {
            "id": "6721ab0",
            "settings": [],
            "elements": [
                {
                    "id": "5b1a4048",
                    "settings": {
                        "_column_size": "100"
                    },
                    "elements": [
                        {
                            "id": "37a7e0aa",
                            "settings": {
                                "layout": "full_width",
                                "gap": "extended",
                                "structure": "30",
                                "margin": {
                                    "unit": "px",
                                    "top": "0",
                                    "right": "0",
                                    "bottom": "0",
                                    "left": "0",
                                    "isLinked": ""
                                },
                                "margin_tablet": {
                                    "unit": "px",
                                    "top": "0",
                                    "right": "0",
                                    "bottom": "0",
                                    "left": "0",
                                    "isLinked": "1"
                                }
                            },
                            "elements": [
                                {
                                    "id": "5216a4b7",
                                    "settings": {
                                        "_column_size": "33",
                                        "border_border": "solid",
                                        "border_width": {
                                            "unit": "px",
                                            "top": "1",
                                            "right": "1",
                                            "bottom": "1",
                                            "left": "1",
                                            "isLinked": "1"
                                        },
                                        "border_color": "#F2F5E9",
                                        "margin": {
                                            "unit": "px",
                                            "top": "15",
                                            "right": "15",
                                            "bottom": "15",
                                            "left": "15",
                                            "isLinked": "1"
                                        },
                                        "padding": {
                                            "unit": "px",
                                            "top": "30",
                                            "right": "20",
                                            "bottom": "30",
                                            "left": "20",
                                            "isLinked": ""
                                        },
                                        "padding_mobile": {
                                            "unit": "px",
                                            "top": "15",
                                            "right": "15",
                                            "bottom": "15",
                                            "left": "15",
                                            "isLinked": "1"
                                        }
                                    },
                                    "elements": [
                                        {
                                            "id": "469b8a3d",
                                            "settings": {
                                                "image": {
                                                    "id": "367",
                                                    "url": "https:\/\/templatekits.themewarrior.com\/groceries\/wp-content\/uploads\/sites\/3\/2020\/07\/team-1-1.jpg"
                                                },
                                                "image_size": "thumbnail",
                                                "width": {
                                                    "unit": "px",
                                                    "size": "120",
                                                    "sizes": []
                                                },
                                                "space": {
                                                    "unit": "%",
                                                    "size": "80",
                                                    "sizes": []
                                                },
                                                "image_border_radius": {
                                                    "unit": "px",
                                                    "top": "75",
                                                    "right": "75",
                                                    "bottom": "75",
                                                    "left": "75",
                                                    "isLinked": "1"
                                                }
                                            },
                                            "elements": [],
                                            "isInner": false,
                                            "widgetType": "image",
                                            "elType": "widget"
                                        },
                                        {
                                            "id": "572283a9",
                                            "settings": {
                                                "title": "Claire Mccoy",
                                                "align": "center",
                                                "title_color": "#282828",
                                                "typography_typography": "custom",
                                                "typography_font_family": "Roboto",
                                                "typography_font_size": {
                                                    "unit": "px",
                                                    "size": "16",
                                                    "sizes": []
                                                },
                                                "typography_font_weight": "600"
                                            },
                                            "elements": [],
                                            "isInner": false,
                                            "widgetType": "heading",
                                            "elType": "widget"
                                        },
                                        {
                                            "id": "3748ce9",
                                            "settings": {
                                                "title": "Trust Office",
                                                "align": "center",
                                                "title_color": "#80BB01",
                                                "typography_typography": "custom",
                                                "typography_font_family": "Roboto",
                                                "typography_font_size": {
                                                    "unit": "px",
                                                    "size": "13",
                                                    "sizes": []
                                                },
                                                "typography_font_weight": "400"
                                            },
                                            "elements": [],
                                            "isInner": false,
                                            "widgetType": "heading",
                                            "elType": "widget"
                                        }
                                    ],
                                    "isInner": "1",
                                    "elType": "column"
                                },
                                {
                                    "id": "4f8e042f",
                                    "settings": {
                                        "_column_size": "33",
                                        "border_border": "solid",
                                        "border_width": {
                                            "unit": "px",
                                            "top": "1",
                                            "right": "1",
                                            "bottom": "1",
                                            "left": "1",
                                            "isLinked": "1"
                                        },
                                        "border_color": "#F2F5E9",
                                        "margin": {
                                            "unit": "px",
                                            "top": "15",
                                            "right": "15",
                                            "bottom": "15",
                                            "left": "15",
                                            "isLinked": "1"
                                        },
                                        "padding": {
                                            "unit": "px",
                                            "top": "30",
                                            "right": "20",
                                            "bottom": "30",
                                            "left": "20",
                                            "isLinked": ""
                                        },
                                        "padding_mobile": {
                                            "unit": "px",
                                            "top": "15",
                                            "right": "15",
                                            "bottom": "15",
                                            "left": "15",
                                            "isLinked": "1"
                                        }
                                    },
                                    "elements": [
                                        {
                                            "id": "36a5241a",
                                            "settings": {
                                                "image": {
                                                    "id": "368",
                                                    "url": "https:\/\/templatekits.themewarrior.com\/groceries\/wp-content\/uploads\/sites\/3\/2020\/07\/team-2-1.jpg"
                                                },
                                                "image_size": "medium",
                                                "width": {
                                                    "unit": "px",
                                                    "size": "120",
                                                    "sizes": []
                                                },
                                                "space": {
                                                    "unit": "%",
                                                    "size": "80",
                                                    "sizes": []
                                                },
                                                "image_border_radius": {
                                                    "unit": "px",
                                                    "top": "75",
                                                    "right": "75",
                                                    "bottom": "75",
                                                    "left": "75",
                                                    "isLinked": "1"
                                                }
                                            },
                                            "elements": [],
                                            "isInner": false,
                                            "widgetType": "image",
                                            "elType": "widget"
                                        },
                                        {
                                            "id": "44cf9ea8",
                                            "settings": {
                                                "title": "Arlene Henry",
                                                "align": "center",
                                                "title_color": "#282828",
                                                "typography_typography": "custom",
                                                "typography_font_family": "Roboto",
                                                "typography_font_size": {
                                                    "unit": "px",
                                                    "size": "16",
                                                    "sizes": []
                                                },
                                                "typography_font_weight": "600"
                                            },
                                            "elements": [],
                                            "isInner": false,
                                            "widgetType": "heading",
                                            "elType": "widget"
                                        },
                                        {
                                            "id": "6b475cf2",
                                            "settings": {
                                                "title": "Tax Officer",
                                                "align": "center",
                                                "title_color": "#80BB01",
                                                "typography_typography": "custom",
                                                "typography_font_family": "Roboto",
                                                "typography_font_size": {
                                                    "unit": "px",
                                                    "size": "13",
                                                    "sizes": []
                                                },
                                                "typography_font_weight": "400"
                                            },
                                            "elements": [],
                                            "isInner": false,
                                            "widgetType": "heading",
                                            "elType": "widget"
                                        }
                                    ],
                                    "isInner": "1",
                                    "elType": "column"
                                },
                                {
                                    "id": "7b3bc9c5",
                                    "settings": {
                                        "_column_size": "33",
                                        "border_border": "solid",
                                        "border_width": {
                                            "unit": "px",
                                            "top": "1",
                                            "right": "1",
                                            "bottom": "1",
                                            "left": "1",
                                            "isLinked": "1"
                                        },
                                        "border_color": "#F2F5E9",
                                        "margin": {
                                            "unit": "px",
                                            "top": "15",
                                            "right": "15",
                                            "bottom": "15",
                                            "left": "15",
                                            "isLinked": "1"
                                        },
                                        "padding": {
                                            "unit": "px",
                                            "top": "30",
                                            "right": "20",
                                            "bottom": "30",
                                            "left": "20",
                                            "isLinked": ""
                                        },
                                        "padding_mobile": {
                                            "unit": "px",
                                            "top": "15",
                                            "right": "15",
                                            "bottom": "15",
                                            "left": "15",
                                            "isLinked": "1"
                                        }
                                    },
                                    "elements": [
                                        {
                                            "id": "53000a94",
                                            "settings": {
                                                "image": {
                                                    "id": "369",
                                                    "url": "https:\/\/templatekits.themewarrior.com\/groceries\/wp-content\/uploads\/sites\/3\/2020\/07\/team-3-1.jpg"
                                                },
                                                "image_size": "thumbnail",
                                                "width": {
                                                    "unit": "px",
                                                    "size": "120",
                                                    "sizes": []
                                                },
                                                "space": {
                                                    "unit": "%",
                                                    "size": "80",
                                                    "sizes": []
                                                },
                                                "image_border_radius": {
                                                    "unit": "px",
                                                    "top": "75",
                                                    "right": "75",
                                                    "bottom": "75",
                                                    "left": "75",
                                                    "isLinked": "1"
                                                }
                                            },
                                            "elements": [],
                                            "isInner": false,
                                            "widgetType": "image",
                                            "elType": "widget"
                                        },
                                        {
                                            "id": "4f5ea84b",
                                            "settings": {
                                                "title": "Dianne Howard",
                                                "align": "center",
                                                "title_color": "#282828",
                                                "typography_typography": "custom",
                                                "typography_font_family": "Roboto",
                                                "typography_font_size": {
                                                    "unit": "px",
                                                    "size": "16",
                                                    "sizes": []
                                                },
                                                "typography_font_weight": "600"
                                            },
                                            "elements": [],
                                            "isInner": false,
                                            "widgetType": "heading",
                                            "elType": "widget"
                                        },
                                        {
                                            "id": "69150925",
                                            "settings": {
                                                "title": "Organization Administrator",
                                                "align": "center",
                                                "title_color": "#80BB01",
                                                "typography_typography": "custom",
                                                "typography_font_family": "Roboto",
                                                "typography_font_size": {
                                                    "unit": "px",
                                                    "size": "13",
                                                    "sizes": []
                                                },
                                                "typography_font_weight": "400"
                                            },
                                            "elements": [],
                                            "isInner": false,
                                            "widgetType": "heading",
                                            "elType": "widget"
                                        }
                                    ],
                                    "isInner": "1",
                                    "elType": "column"
                                }
                            ],
                            "isInner": "1",
                            "elType": "section"
                        },
                        {
                            "id": "7cf335e2",
                            "settings": {
                                "layout": "full_width",
                                "gap": "extended",
                                "structure": "30",
                                "margin": {
                                    "unit": "px",
                                    "top": "0",
                                    "right": "0",
                                    "bottom": "0",
                                    "left": "0",
                                    "isLinked": ""
                                }
                            },
                            "elements": [
                                {
                                    "id": "33626c3e",
                                    "settings": {
                                        "_column_size": "33",
                                        "border_border": "solid",
                                        "border_width": {
                                            "unit": "px",
                                            "top": "1",
                                            "right": "1",
                                            "bottom": "1",
                                            "left": "1",
                                            "isLinked": "1"
                                        },
                                        "border_color": "#F2F5E9",
                                        "margin": {
                                            "unit": "px",
                                            "top": "15",
                                            "right": "15",
                                            "bottom": "15",
                                            "left": "15",
                                            "isLinked": "1"
                                        },
                                        "padding": {
                                            "unit": "px",
                                            "top": "30",
                                            "right": "20",
                                            "bottom": "30",
                                            "left": "20",
                                            "isLinked": ""
                                        },
                                        "padding_mobile": {
                                            "unit": "px",
                                            "top": "15",
                                            "right": "15",
                                            "bottom": "15",
                                            "left": "15",
                                            "isLinked": "1"
                                        }
                                    },
                                    "elements": [
                                        {
                                            "id": "350211c6",
                                            "settings": {
                                                "image": {
                                                    "id": "370",
                                                    "url": "https:\/\/templatekits.themewarrior.com\/groceries\/wp-content\/uploads\/sites\/3\/2020\/07\/team-4-1.jpg"
                                                },
                                                "image_size": "thumbnail",
                                                "width": {
                                                    "unit": "px",
                                                    "size": "120",
                                                    "sizes": []
                                                },
                                                "space": {
                                                    "unit": "%",
                                                    "size": "80",
                                                    "sizes": []
                                                },
                                                "image_border_radius": {
                                                    "unit": "px",
                                                    "top": "75",
                                                    "right": "75",
                                                    "bottom": "75",
                                                    "left": "75",
                                                    "isLinked": "1"
                                                }
                                            },
                                            "elements": [],
                                            "isInner": false,
                                            "widgetType": "image",
                                            "elType": "widget"
                                        },
                                        {
                                            "id": "6afdaacd",
                                            "settings": {
                                                "title": "Rosemary Flores",
                                                "align": "center",
                                                "title_color": "#282828",
                                                "typography_typography": "custom",
                                                "typography_font_family": "Roboto",
                                                "typography_font_size": {
                                                    "unit": "px",
                                                    "size": "16",
                                                    "sizes": []
                                                },
                                                "typography_font_weight": "600"
                                            },
                                            "elements": [],
                                            "isInner": false,
                                            "widgetType": "heading",
                                            "elType": "widget"
                                        },
                                        {
                                            "id": "6d22b191",
                                            "settings": {
                                                "title": "Trust Administrator",
                                                "align": "center",
                                                "title_color": "#80BB01",
                                                "typography_typography": "custom",
                                                "typography_font_family": "Roboto",
                                                "typography_font_size": {
                                                    "unit": "px",
                                                    "size": "13",
                                                    "sizes": []
                                                },
                                                "typography_font_weight": "400"
                                            },
                                            "elements": [],
                                            "isInner": false,
                                            "widgetType": "heading",
                                            "elType": "widget"
                                        }
                                    ],
                                    "isInner": "1",
                                    "elType": "column"
                                },
                                {
                                    "id": "74a1a4c1",
                                    "settings": {
                                        "_column_size": "33",
                                        "border_border": "solid",
                                        "border_width": {
                                            "unit": "px",
                                            "top": "1",
                                            "right": "1",
                                            "bottom": "1",
                                            "left": "1",
                                            "isLinked": "1"
                                        },
                                        "border_color": "#F2F5E9",
                                        "margin": {
                                            "unit": "px",
                                            "top": "15",
                                            "right": "15",
                                            "bottom": "15",
                                            "left": "15",
                                            "isLinked": "1"
                                        },
                                        "padding": {
                                            "unit": "px",
                                            "top": "30",
                                            "right": "20",
                                            "bottom": "30",
                                            "left": "20",
                                            "isLinked": ""
                                        },
                                        "padding_mobile": {
                                            "unit": "px",
                                            "top": "15",
                                            "right": "15",
                                            "bottom": "15",
                                            "left": "15",
                                            "isLinked": "1"
                                        }
                                    },
                                    "elements": [
                                        {
                                            "id": "617738f4",
                                            "settings": {
                                                "image": {
                                                    "id": "371",
                                                    "url": "https:\/\/templatekits.themewarrior.com\/groceries\/wp-content\/uploads\/sites\/3\/2020\/07\/team-5-1.jpg"
                                                },
                                                "image_size": "thumbnail",
                                                "width": {
                                                    "unit": "px",
                                                    "size": "120",
                                                    "sizes": []
                                                },
                                                "space": {
                                                    "unit": "%",
                                                    "size": "80",
                                                    "sizes": []
                                                },
                                                "image_border_radius": {
                                                    "unit": "px",
                                                    "top": "75",
                                                    "right": "75",
                                                    "bottom": "75",
                                                    "left": "75",
                                                    "isLinked": "1"
                                                }
                                            },
                                            "elements": [],
                                            "isInner": false,
                                            "widgetType": "image",
                                            "elType": "widget"
                                        },
                                        {
                                            "id": "38aa66c0",
                                            "settings": {
                                                "title": "Jeremiah Williamson",
                                                "align": "center",
                                                "title_color": "#282828",
                                                "typography_typography": "custom",
                                                "typography_font_family": "Roboto",
                                                "typography_font_size": {
                                                    "unit": "px",
                                                    "size": "16",
                                                    "sizes": []
                                                },
                                                "typography_font_weight": "600"
                                            },
                                            "elements": [],
                                            "isInner": false,
                                            "widgetType": "heading",
                                            "elType": "widget"
                                        },
                                        {
                                            "id": "29ebf824",
                                            "settings": {
                                                "title": "Branch Manager",
                                                "align": "center",
                                                "title_color": "#80BB01",
                                                "typography_typography": "custom",
                                                "typography_font_family": "Roboto",
                                                "typography_font_size": {
                                                    "unit": "px",
                                                    "size": "13",
                                                    "sizes": []
                                                },
                                                "typography_font_weight": "400"
                                            },
                                            "elements": [],
                                            "isInner": false,
                                            "widgetType": "heading",
                                            "elType": "widget"
                                        }
                                    ],
                                    "isInner": "1",
                                    "elType": "column"
                                },
                                {
                                    "id": "5d7120e7",
                                    "settings": {
                                        "_column_size": "33",
                                        "border_border": "solid",
                                        "border_width": {
                                            "unit": "px",
                                            "top": "1",
                                            "right": "1",
                                            "bottom": "1",
                                            "left": "1",
                                            "isLinked": "1"
                                        },
                                        "border_color": "#F2F5E9",
                                        "margin": {
                                            "unit": "px",
                                            "top": "15",
                                            "right": "15",
                                            "bottom": "15",
                                            "left": "15",
                                            "isLinked": "1"
                                        },
                                        "padding": {
                                            "unit": "px",
                                            "top": "30",
                                            "right": "20",
                                            "bottom": "30",
                                            "left": "20",
                                            "isLinked": ""
                                        },
                                        "padding_mobile": {
                                            "unit": "px",
                                            "top": "15",
                                            "right": "15",
                                            "bottom": "15",
                                            "left": "15",
                                            "isLinked": "1"
                                        }
                                    },
                                    "elements": [
                                        {
                                            "id": "1cc9a713",
                                            "settings": {
                                                "image": {
                                                    "id": "372",
                                                    "url": "https:\/\/templatekits.themewarrior.com\/groceries\/wp-content\/uploads\/sites\/3\/2020\/07\/team-6-1.jpg"
                                                },
                                                "image_size": "thumbnail",
                                                "width": {
                                                    "unit": "px",
                                                    "size": "120",
                                                    "sizes": []
                                                },
                                                "space": {
                                                    "unit": "%",
                                                    "size": "80",
                                                    "sizes": []
                                                },
                                                "image_border_radius": {
                                                    "unit": "px",
                                                    "top": "75",
                                                    "right": "75",
                                                    "bottom": "75",
                                                    "left": "75",
                                                    "isLinked": "1"
                                                }
                                            },
                                            "elements": [],
                                            "isInner": false,
                                            "widgetType": "image",
                                            "elType": "widget"
                                        },
                                        {
                                            "id": "1bc9274e",
                                            "settings": {
                                                "title": "Tommy Watson",
                                                "align": "center",
                                                "title_color": "#282828",
                                                "typography_typography": "custom",
                                                "typography_font_family": "Roboto",
                                                "typography_font_size": {
                                                    "unit": "px",
                                                    "size": "16",
                                                    "sizes": []
                                                },
                                                "typography_font_weight": "600"
                                            },
                                            "elements": [],
                                            "isInner": false,
                                            "widgetType": "heading",
                                            "elType": "widget"
                                        },
                                        {
                                            "id": "3c0edd8e",
                                            "settings": {
                                                "title": "Vice President",
                                                "align": "center",
                                                "title_color": "#80BB01",
                                                "typography_typography": "custom",
                                                "typography_font_family": "Roboto",
                                                "typography_font_size": {
                                                    "unit": "px",
                                                    "size": "13",
                                                    "sizes": []
                                                },
                                                "typography_font_weight": "400"
                                            },
                                            "elements": [],
                                            "isInner": false,
                                            "widgetType": "heading",
                                            "elType": "widget"
                                        }
                                    ],
                                    "isInner": "1",
                                    "elType": "column"
                                }
                            ],
                            "isInner": "1",
                            "elType": "section"
                        }
                    ],
                    "isInner": "",
                    "elType": "column"
                }
            ],
            "isInner": "",
            "elType": "section"
        }
    ]
}