{"version":"0.4","title":"Startup Business > Coming soon","type":"page","content":[{"id":"1f432ea5","settings":{"background_background":"classic","background_image":{"url":"http:\/\/sitefacilitado.com.br\/membros\/wp-content\/uploads\/2020\/03\/top-min.png","id":"7998"},"background_position":"initial","background_repeat":"no-repeat","background_size":"cover","padding":{"unit":"px","top":"0","right":"0","bottom":"0","left":"0","isLinked":""},"padding_mobile":{"unit":"em","top":"1","right":"1","bottom":"1","left":"1","isLinked":"1"},"height":"min-height","custom_height":{"unit":"vh","size":"100","sizes":[]},"structure":"21","margin_tablet":{"unit":"px","top":"0","right":"0","bottom":"0","left":"0","isLinked":""},"padding_tablet":{"unit":"em","top":"0","right":"5","bottom":"0","left":"5","isLinked":""},"background_xpos":{"unit":"vw","size":"-55","sizes":[]},"background_ypos":{"unit":"vh","size":"0","sizes":[]},"reverse_order_tablet":"reverse-tablet","reverse_order_mobile":"reverse-mobile","background_color":"#ffffff"},"elements":[{"id":"72182359","settings":{"_column_size":"33","_inline_size":"40","_inline_size_tablet":"100","padding_tablet":{"unit":"px","top":"0","right":"0","bottom":"50","left":"0","isLinked":""},"padding_mobile":{"unit":"px","top":"0","right":"0","bottom":"0","left":"0","isLinked":""}},"elements":[{"id":"62cfa3eb","settings":{"title":"Coming soon","header_size":"h1","align":"left","title_color":"#f27640","typography_typography":"custom","typography_font_family":"Duru Sans","typography_font_size":{"unit":"px","size":"13","sizes":[]},"typography_font_weight":"700","typography_text_transform":"uppercase","align_tablet":"center","typography_letter_spacing":{"unit":"px","size":"1","sizes":[]}},"elements":[],"isInner":false,"widgetType":"heading","elType":"widget"},{"id":"58cbeb8b","settings":{"title":"Cutting-edge <br><strong>data visualization<\/strong> at your fingertips.","header_size":"h1","align":"left","title_color":"#000000","typography_typography":"custom","typography_font_family":"Didact Gothic","typography_font_size":{"unit":"px","size":"55","sizes":[]},"typography_font_weight":"400","typography_line_height":{"unit":"em","size":"1.2","sizes":[]},"typography_font_size_mobile":{"unit":"px","size":"31","sizes":[]},"align_tablet":"center"},"elements":[],"isInner":false,"widgetType":"heading","elType":"widget"},{"id":"19965172","settings":{"editor":"<p>Lorem ipsum dolor sit amet, consectetur adipiscing elit, sed do eiusmod tempor incididunt ut labore et dolore magna aliqua.\u00a0<\/p>","align":"left","typography_typography":"custom","typography_font_family":"Barlow","typography_font_size":{"unit":"px","size":"16","sizes":[]},"typography_line_height":{"unit":"px","size":"26","sizes":[]},"align_tablet":"center"},"elements":[],"isInner":false,"widgetType":"text-editor","elType":"widget"},{"id":"537eacd5","settings":{"form_name":"New Form","form_fields":[{"custom_id":"email","field_type":"email","required":"true","field_label":"","placeholder":"Enter email","width":"60","_id":"4b7e245","field_options":"","allow_multiple":"","select_size":"","inline_list":"","field_html":"","width_tablet":"100","width_mobile":"","rows":"4","recaptcha_size":"normal","recaptcha_style":"light","css_classes":"","field_value":""}],"button_text":"Notify me","button_width":"40","email_content":"[all-fields]","email_content_2":"[all-fields]","success_message":"The form was sent successfully.","error_message":"An error occured.","required_field_message":"This field is required.","invalid_message":"There's something wrong. The form is invalid.","field_text_color":"#000000","field_typography_typography":"custom","field_typography_font_family":"Didact Gothic","field_typography_font_size":{"unit":"px","size":"16","sizes":[]},"field_typography_line_height":{"unit":"px","size":"38","sizes":[]},"field_border_color":"#eeeeee","field_border_width":{"unit":"px","top":"1","right":"1","bottom":"1","left":"1","isLinked":"1"},"field_border_radius":{"unit":"px","top":"0","right":"0","bottom":"0","left":"0","isLinked":"1"},"button_background_color":"#f27b48","button_text_color":"#ffffff","button_typography_typography":"custom","button_typography_font_family":"Didact Gothic","button_typography_font_size":{"unit":"px","size":"13","sizes":[]},"button_typography_font_weight":"700","button_typography_text_transform":"uppercase","button_typography_letter_spacing":{"unit":"px","size":"2","sizes":[]},"button_border_radius":{"unit":"px","top":"4","right":"4","bottom":"4","left":"4","isLinked":"1"},"button_text_padding":{"unit":"px","top":"18","right":"34","bottom":"18","left":"34","isLinked":""},"button_background_hover_color":"#4f527e","button_width_tablet":"100","button_align_tablet":"stretch"},"elements":[],"isInner":false,"widgetType":"form","elType":"widget"},{"id":"3d796e7a","settings":{"structure":"20"},"elements":[{"id":"4d5f7d14","settings":{"_column_size":"50","_inline_size":"","_inline_size_tablet":"100","content_position":"center","padding":{"unit":"px","top":"0","right":"0","bottom":"0","left":"0","isLinked":""}},"elements":[{"id":"3ed78464","settings":{"show_labels":"","label_days":"Days","label_hours":"Hours","label_minutes":"Minutes","label_seconds":"Seconds","box_background_color":"#fef1ec","box_border_radius":{"unit":"px","top":"4","right":"4","bottom":"4","left":"4","isLinked":"1"},"box_spacing":{"unit":"px","size":"7","sizes":[]},"digits_color":"#f27640","digits_typography_typography":"custom","digits_typography_font_family":"Barlow","digits_typography_font_size":{"unit":"px","size":"16","sizes":[]},"digits_typography_font_weight":"700","digits_typography_line_height":{"unit":"px","size":"1","sizes":[]}},"elements":[],"isInner":false,"widgetType":"countdown","elType":"widget"}],"isInner":"1","elType":"column"},{"id":"36435354","settings":{"_column_size":"50","_inline_size":"","_inline_size_tablet":"100","margin":{"unit":"px","top":"0","right":"0","bottom":"0","left":"0","isLinked":""},"padding":{"unit":"px","top":"0","right":"0","bottom":"0","left":"40","isLinked":""},"padding_tablet":{"unit":"px","top":"0","right":"0","bottom":"0","left":"0","isLinked":""}},"elements":[{"id":"23abb858","settings":{"editor":"<p>*Time to start<\/p>","align_tablet":"center","typography_typography":"custom","typography_font_family":"Barlow","typography_font_size":{"unit":"px","size":"14","sizes":[]},"typography_line_height":{"unit":"px","size":"20","sizes":[]}},"elements":[],"isInner":false,"widgetType":"text-editor","elType":"widget"}],"isInner":"1","elType":"column"}],"isInner":"1","elType":"section"}],"isInner":"","elType":"column"},{"id":"741922ec","settings":{"_column_size":"66","_inline_size":"59.665","_inline_size_tablet":"100","content_position":"center","margin":{"unit":"px","top":"0","right":"0","bottom":"0","left":"0","isLinked":""},"margin_tablet":{"unit":"px","top":"0","right":"0","bottom":"0","left":"0","isLinked":""},"padding":{"unit":"px","top":"0","right":"0","bottom":"0","left":"60","isLinked":""},"padding_tablet":{"unit":"px","top":"50","right":"0","bottom":"50","left":"0","isLinked":""}},"elements":[{"id":"6fc602c1","settings":{"image":{"url":"http:\/\/sitefacilitado.com.br\/membros\/wp-content\/uploads\/2020\/03\/undraw_maker_launch_crhe-min.png","id":"8068"},"_margin":{"unit":"px","top":"0","right":"0","bottom":"0","left":"0","isLinked":""},"_margin_tablet":{"unit":"px","top":"0","right":"0","bottom":"0","left":"0","isLinked":""},"_padding_tablet":{"unit":"px","top":"0","right":"0","bottom":"0","left":"0","isLinked":""}},"elements":[],"isInner":false,"widgetType":"image","elType":"widget"}],"isInner":"","elType":"column"}],"isInner":"","elType":"section"}]}