{"version":"0.4","title":"Startup Business > Help &#038; Support (Pro)","type":"page","content":[{"id":"5e086b3f","settings":{"background_background":"classic","background_image":{"url":"http:\/\/sitefacilitado.com.br\/membros\/wp-content\/uploads\/2020\/03\/back-2.png","id":"8013"},"background_position":"top center","background_repeat":"no-repeat","background_size":"cover","padding":{"unit":"px","top":"100","right":"0","bottom":"40","left":"0","isLinked":""},"padding_mobile":{"unit":"px","top":"60","right":"20","bottom":"20","left":"20","isLinked":""},"structure":"20","padding_tablet":{"unit":"px","top":"80","right":"30","bottom":"0","left":"30","isLinked":""},"height":"min-height","custom_height":{"unit":"vh","size":"45","sizes":[]},"background_color":"#ffffff"},"elements":[{"id":"5e4dec5d","settings":{"_column_size":"50","_inline_size":"","_inline_size_tablet":"100","content_position":"center"},"elements":[{"id":"35a0a697","settings":{"title":"Help &amp;","header_size":"h1","align":"left","title_color":"#000000","typography_typography":"custom","typography_font_family":"Didact Gothic","typography_font_size":{"unit":"px","size":"60","sizes":[]},"typography_text_transform":"capitalize","typography_font_size_mobile":{"unit":"px","size":"50","sizes":[]},"typography_line_height_mobile":{"unit":"px","size":"60","sizes":[]},"align_tablet":"center","typography_font_size_tablet":{"unit":"px","size":"60","sizes":[]},"typography_line_height_tablet":{"unit":"px","size":"70","sizes":[]},"typography_font_weight":"400"},"elements":[],"isInner":false,"widgetType":"heading","elType":"widget"},{"id":"764d00e2","settings":{"title":"Support","header_size":"h1","align":"left","title_color":"#000000","typography_typography":"custom","typography_font_family":"Didact Gothic","typography_font_size":{"unit":"px","size":"70","sizes":[]},"typography_text_transform":"capitalize","typography_font_size_mobile":{"unit":"px","size":"50","sizes":[]},"typography_line_height_mobile":{"unit":"px","size":"60","sizes":[]},"align_tablet":"center","typography_font_size_tablet":{"unit":"px","size":"60","sizes":[]},"typography_line_height_tablet":{"unit":"px","size":"70","sizes":[]},"_margin":{"unit":"px","top":"-22","right":"0","bottom":"0","left":"0","isLinked":""}},"elements":[],"isInner":false,"widgetType":"heading","elType":"widget"},{"id":"69ad7b82","settings":{"editor":"<p>Lorem ipsum dolor sit amet, consectetur adipiscing elit, sed do eiusmod tempor incididunt ut labore et dolore magna aliqua. Ut enim ad minim veniam, quis nostrud exercitation ullamco laboris nisi ut aliquip ex ea commodo consequat.<\/p>","align":"left","typography_typography":"custom","typography_font_family":"Barlow","typography_font_size":{"unit":"px","size":"16","sizes":[]},"typography_line_height":{"unit":"px","size":"26","sizes":[]},"align_tablet":"center"},"elements":[],"isInner":false,"widgetType":"text-editor","elType":"widget"},{"id":"3dc86cc5","settings":{"text":"get updates","typography_typography":"custom","typography_font_family":"Didact Gothic","typography_font_size":{"unit":"px","size":"13","sizes":[]},"typography_font_weight":"700","typography_text_transform":"uppercase","typography_line_height":{"unit":"px","size":"","sizes":[]},"typography_letter_spacing":{"unit":"px","size":"2","sizes":[]},"button_text_color":"#ffffff","background_color":"#f27b48","border_radius":{"unit":"px","top":"0","right":"0","bottom":"0","left":"0","isLinked":"1"},"button_box_shadow_box_shadow":{"horizontal":"0","vertical":"4","blur":"34","spread":"0","color":"rgba(242,118,64,0.35)"},"text_padding":{"unit":"px","top":"18","right":"34","bottom":"18","left":"34","isLinked":""},"icon_align":"right","icon_indent":{"unit":"px","size":"20","sizes":[]},"hover_color":"#ffffff","button_background_hover_color":"#4f527e","button_box_shadow_box_shadow_type":"yes","align_tablet":"center","align_mobile":"justify","icon":"fa fa-cloud-upload","_padding":{"unit":"em","top":"2","right":"0","bottom":"0","left":"0","isLinked":""}},"elements":[],"isInner":false,"widgetType":"button","elType":"widget"}],"isInner":"","elType":"column"},{"id":"628ab24e","settings":{"_column_size":"50","_inline_size":"","_inline_size_tablet":"100","content_position":"bottom","padding":{"unit":"px","top":"","right":"","bottom":"","left":"","isLinked":""},"padding_tablet":{"unit":"px","top":"30","right":"0","bottom":"0","left":"0","isLinked":""},"background_color":"#f27640","border_radius":{"unit":"px","top":"20","right":"20","bottom":"20","left":"20","isLinked":"1"}},"elements":[{"id":"358e81f7","settings":{"background_background":"classic","background_color":"#f27d4b","padding":{"unit":"px","top":"50","right":"50","bottom":"50","left":"50","isLinked":"1"},"border_radius":{"unit":"px","top":"20","right":"20","bottom":"20","left":"20","isLinked":"1"},"padding_mobile":{"unit":"em","top":"4","right":"1","bottom":"1","left":"1","isLinked":""}},"elements":[{"id":"3fc58890","settings":{"_column_size":"100","_inline_size":""},"elements":[{"id":"70cbf4e6","settings":{"title":"Ask us anything.","align":"left","title_color":"#ffffff","typography_typography":"custom","typography_font_family":"Didact Gothic","typography_font_size":{"unit":"px","size":"36","sizes":[]},"typography_line_height":{"unit":"px","size":"42","sizes":[]},"_margin":{"unit":"px","top":"-10","right":"0","bottom":"0","left":"0","isLinked":""},"align_tablet":"center"},"elements":[],"isInner":false,"widgetType":"heading","elType":"widget"},{"id":"751b06ff","settings":{"editor":"<p>Lorem ipsum dolor sit amet, consectetur adipiscing elit.<\/p>","align":"left","typography_typography":"custom","typography_font_family":"Barlow","typography_font_size":{"unit":"px","size":"16","sizes":[]},"typography_line_height":{"unit":"px","size":"26","sizes":[]},"align_tablet":"center","text_color":"#ffffff","_margin":{"unit":"px","top":"-30","right":"0","bottom":"0","left":"0","isLinked":""}},"elements":[],"isInner":false,"widgetType":"text-editor","elType":"widget"},{"id":"7ad8e103","settings":{"form_name":"New Form","form_fields":[{"custom_id":"name","field_type":"text","field_label":"Name","placeholder":"Name","width":"50","_id":"cfd2818","required":"","field_options":"","allow_multiple":"","select_size":"","inline_list":"","field_html":"","width_tablet":"","width_mobile":"","rows":"4","recaptcha_size":"normal","recaptcha_style":"light","css_classes":"","field_value":""},{"custom_id":"email","field_type":"email","required":"true","field_label":"Email","placeholder":"Email","width":"50","_id":"98c71dd","field_options":"","allow_multiple":"","select_size":"","inline_list":"","field_html":"","width_tablet":"","width_mobile":"","rows":"4","recaptcha_size":"normal","recaptcha_style":"light","css_classes":"","field_value":""},{"custom_id":"field_1","field_type":"text","required":"true","field_label":"Company Name","placeholder":"Company Name","width":"100","_id":"e27c917","field_options":"","allow_multiple":"","select_size":"","inline_list":"","field_html":"","width_tablet":"","width_mobile":"","rows":"4","recaptcha_size":"normal","recaptcha_style":"light","css_classes":"","field_value":""},{"custom_id":"message","field_type":"textarea","field_label":"Description","placeholder":"Description","width":"100","_id":"15e57c8","required":"","field_options":"","allow_multiple":"","select_size":"","inline_list":"","field_html":"","width_tablet":"","width_mobile":"","rows":"2","recaptcha_size":"normal","recaptcha_style":"light","css_classes":"","field_value":""}],"show_labels":"","button_text":"open ticket","email_content":"[all-fields]","email_content_2":"[all-fields]","success_message":"The form was sent successfully.","error_message":"An error occured.","required_field_message":"This field is required.","invalid_message":"There's something wrong. The form is invalid.","field_text_color":"#000000","field_typography_typography":"custom","field_typography_font_family":"Didact Gothic","field_typography_font_size":{"unit":"px","size":"15","sizes":[]},"field_typography_line_height":{"unit":"px","size":"38","sizes":[]},"field_border_color":"#eeeeee","field_border_radius":{"unit":"px","top":"2","right":"2","bottom":"2","left":"2","isLinked":"1"},"button_background_color":"#4f527e","button_text_color":"#ffffff","button_typography_typography":"custom","button_typography_font_family":"Didact Gothic","button_typography_font_size":{"unit":"px","size":"13","sizes":[]},"button_typography_font_weight":"700","button_typography_text_transform":"uppercase","button_border_radius":{"unit":"px","top":"2","right":"2","bottom":"2","left":"2","isLinked":"1"},"button_text_padding":{"unit":"px","top":"18","right":"34","bottom":"18","left":"34","isLinked":""},"button_typography_letter_spacing":{"unit":"px","size":"2","sizes":[]},"field_typography_font_weight":"500","field_border_width":{"unit":"px","top":"1","right":"1","bottom":"1","left":"1","isLinked":"1"},"button_background_hover_color":"#f2e8e3","button_hover_color":"#f27b48"},"elements":[],"isInner":false,"widgetType":"form","elType":"widget"}],"isInner":"1","elType":"column"}],"isInner":"1","elType":"section"}],"isInner":"","elType":"column"}],"isInner":"","elType":"section"},{"id":"65ee11ab","settings":{"background_background":"classic","background_image":{"url":"http:\/\/sitefacilitado.com.br\/membros\/wp-content\/uploads\/2020\/03\/back-1-min.png","id":"7967"},"background_position":"top left","background_repeat":"no-repeat","background_size":"contain","margin":{"unit":"px","top":"0","right":"0","bottom":"0","left":"0","isLinked":""},"padding":{"unit":"px","top":"40","right":"0","bottom":"80","left":"0","isLinked":""},"margin_tablet":{"unit":"px","top":"0","right":"0","bottom":"0","left":"0","isLinked":""},"padding_tablet":{"unit":"px","top":"40","right":"30","bottom":"40","left":"30","isLinked":""},"padding_mobile":{"unit":"px","top":"0","right":"20","bottom":"0","left":"20","isLinked":""},"background_color":"#ffffff"},"elements":[{"id":"700af086","settings":{"_column_size":"100","_inline_size":""},"elements":[{"id":"760027ca","settings":[],"elements":[{"id":"7696bc0f","settings":{"_column_size":"100","_inline_size":""},"elements":[{"id":"af921f6","settings":{"title":"What do you need help with today?","title_color":"#000000","typography_typography":"custom","typography_font_family":"Didact Gothic","typography_font_size":{"unit":"px","size":"34","sizes":[]},"typography_font_weight":"600","typography_line_height":{"unit":"px","size":"","sizes":[]},"header_size":"h3","align":"left","_margin":{"unit":"px","top":"-10","right":"0","bottom":"0","left":"0","isLinked":""},"align_tablet":"center"},"elements":[],"isInner":false,"widgetType":"heading","elType":"widget"}],"isInner":"1","elType":"column"}],"isInner":"1","elType":"section"},{"id":"72e05874","settings":{"structure":"30","padding_tablet":{"unit":"px","top":"0","right":"0","bottom":"0","left":"0","isLinked":""}},"elements":[{"id":"13991fa3","settings":{"_column_size":"33","_inline_size":"","background_background":"classic","background_color":"#ffffff","background_hover_background":"classic","background_hover_color":"#fef1ec","border_border":"solid","border_width":{"unit":"px","top":"1","right":"1","bottom":"1","left":"1","isLinked":"1"},"border_color":"#f7f7f7","margin":{"unit":"px","top":"30","right":"30","bottom":"30","left":"30","isLinked":"1"},"padding":{"unit":"px","top":"40","right":"40","bottom":"40","left":"40","isLinked":"1"},"_inline_size_tablet":"50","margin_tablet":{"unit":"px","top":"20","right":"0","bottom":"0","left":"0","isLinked":""}},"elements":[{"id":"599f7b45","settings":{"image":{"url":"http:\/\/sitefacilitado.com.br\/membros\/wp-content\/uploads\/2020\/03\/icon-1.png","id":"7968"},"thumbnail_size":"custom","thumbnail_custom_dimension":{"width":"50","height":"50"},"title_text":"Setup & Configuration","description_text":"Click edit button to change this text. Lorem ipsum dolor sit amet, consectetur adipiscing elit. Ut elit tellus, luctus nec ullamcorper mattis, pulvinar dapibus leo.","link":{"url":"#","is_external":"","nofollow":""},"image_space":{"unit":"px","size":"0","sizes":[]},"text_align":"left","title_bottom_space":{"unit":"px","size":"9","sizes":[]},"title_color":"#000000","title_typography_typography":"custom","title_typography_font_family":"Didact Gothic","title_typography_font_size":{"unit":"px","size":"22","sizes":[]},"title_typography_font_weight":"400","description_typography_typography":"custom","description_typography_font_family":"Barlow","description_typography_font_size":{"unit":"px","size":"16","sizes":[]},"description_typography_line_height":{"unit":"px","size":"26","sizes":[]},"text_align_tablet":"center","title_typography_text_transform":"capitalize"},"elements":[],"isInner":false,"widgetType":"image-box","elType":"widget"},{"id":"6ed336ee","settings":{"text":"Learn more","typography_typography":"custom","typography_font_family":"Didact Gothic","typography_font_size":{"unit":"px","size":"12","sizes":[]},"typography_font_weight":"700","typography_text_transform":"uppercase","typography_line_height":{"unit":"px","size":"","sizes":[]},"typography_letter_spacing":{"unit":"px","size":"2","sizes":[]},"button_text_color":"#000000","background_color":"rgba(242,118,64,0)","border_radius":{"unit":"px","top":"0","right":"0","bottom":"0","left":"0","isLinked":"1"},"button_box_shadow_box_shadow":{"horizontal":"0","vertical":"4","blur":"34","spread":"0","color":"rgba(242,118,64,0.35)"},"text_padding":{"unit":"px","top":"8","right":"0","bottom":"8","left":"0","isLinked":""},"icon_align":"right","icon_indent":{"unit":"px","size":"15","sizes":[]},"hover_color":"#f25715","button_background_hover_color":"rgba(242,87,21,0)","button_hover_border_color":"#f25715","border_border":"solid","border_width":{"unit":"px","top":"0","right":"0","bottom":"2","left":"0","isLinked":""},"border_color":"#f27640","align_tablet":"center"},"elements":[],"isInner":false,"widgetType":"button","elType":"widget"}],"isInner":"1","elType":"column"},{"id":"6be96b26","settings":{"_column_size":"33","_inline_size":"","background_color":"#ffffff","background_hover_background":"classic","background_hover_color":"#fef1ec","border_border":"solid","border_width":{"unit":"px","top":"1","right":"1","bottom":"1","left":"1","isLinked":"1"},"border_color":"#f7f7f7","margin":{"unit":"px","top":"30","right":"30","bottom":"30","left":"30","isLinked":"1"},"padding":{"unit":"px","top":"40","right":"40","bottom":"40","left":"40","isLinked":"1"},"_inline_size_tablet":"50","background_background":"classic","margin_tablet":{"unit":"px","top":"20","right":"0","bottom":"0","left":"0","isLinked":""}},"elements":[{"id":"3cdc3211","settings":{"image":{"url":"http:\/\/sitefacilitado.com.br\/membros\/wp-content\/uploads\/2020\/03\/icon-2.png","id":"7969"},"thumbnail_size":"custom","thumbnail_custom_dimension":{"width":"50","height":"50"},"title_text":"Accounts & Security","description_text":"Click edit button to change this text. Lorem ipsum dolor sit amet, consectetur adipiscing elit. Ut elit tellus, luctus nec ullamcorper mattis, pulvinar dapibus leo.","link":{"url":"#","is_external":"","nofollow":""},"image_space":{"unit":"px","size":"0","sizes":[]},"text_align":"left","title_bottom_space":{"unit":"px","size":"9","sizes":[]},"title_color":"#000000","title_typography_typography":"custom","title_typography_font_family":"Didact Gothic","title_typography_font_size":{"unit":"px","size":"22","sizes":[]},"title_typography_font_weight":"400","description_typography_typography":"custom","description_typography_font_family":"Barlow","description_typography_font_size":{"unit":"px","size":"16","sizes":[]},"description_typography_line_height":{"unit":"px","size":"26","sizes":[]},"text_align_tablet":"center","title_typography_text_transform":"capitalize"},"elements":[],"isInner":false,"widgetType":"image-box","elType":"widget"},{"id":"5b17e10e","settings":{"text":"Learn more","typography_typography":"custom","typography_font_family":"Didact Gothic","typography_font_size":{"unit":"px","size":"12","sizes":[]},"typography_font_weight":"700","typography_text_transform":"uppercase","typography_line_height":{"unit":"px","size":"","sizes":[]},"typography_letter_spacing":{"unit":"px","size":"2","sizes":[]},"button_text_color":"#000000","background_color":"rgba(242,118,64,0)","border_radius":{"unit":"px","top":"0","right":"0","bottom":"0","left":"0","isLinked":"1"},"button_box_shadow_box_shadow":{"horizontal":"0","vertical":"4","blur":"34","spread":"0","color":"rgba(242,118,64,0.35)"},"text_padding":{"unit":"px","top":"8","right":"0","bottom":"8","left":"0","isLinked":""},"icon_align":"right","icon_indent":{"unit":"px","size":"15","sizes":[]},"hover_color":"#f25715","button_background_hover_color":"rgba(242,87,21,0)","button_hover_border_color":"#f25715","border_border":"solid","border_width":{"unit":"px","top":"0","right":"0","bottom":"2","left":"0","isLinked":""},"border_color":"#f27640","align_tablet":"center"},"elements":[],"isInner":false,"widgetType":"button","elType":"widget"}],"isInner":"1","elType":"column"},{"id":"35d2506c","settings":{"_column_size":"33","_inline_size":"","background_background":"classic","background_color":"#ffffff","background_hover_background":"classic","background_hover_color":"#fef1ec","border_border":"solid","border_width":{"unit":"px","top":"1","right":"1","bottom":"1","left":"1","isLinked":"1"},"border_color":"#f7f7f7","margin":{"unit":"px","top":"30","right":"30","bottom":"30","left":"30","isLinked":"1"},"padding":{"unit":"px","top":"40","right":"40","bottom":"40","left":"40","isLinked":"1"},"_inline_size_tablet":"100","margin_tablet":{"unit":"px","top":"20","right":"0","bottom":"0","left":"0","isLinked":""}},"elements":[{"id":"6c0c5187","settings":{"image":{"url":"http:\/\/sitefacilitado.com.br\/membros\/wp-content\/uploads\/2020\/03\/icon-4.png","id":"7970"},"thumbnail_size":"custom","thumbnail_custom_dimension":{"width":"50","height":"50"},"title_text":"Features & Training","description_text":"Click edit button to change this text. Lorem ipsum dolor sit amet, consectetur adipiscing elit. Ut elit tellus, luctus nec ullamcorper mattis, pulvinar dapibus leo.","link":{"url":"#","is_external":"","nofollow":""},"image_space":{"unit":"px","size":"0","sizes":[]},"text_align":"left","title_bottom_space":{"unit":"px","size":"9","sizes":[]},"title_color":"#000000","title_typography_typography":"custom","title_typography_font_family":"Didact Gothic","title_typography_font_size":{"unit":"px","size":"22","sizes":[]},"title_typography_font_weight":"400","description_typography_typography":"custom","description_typography_font_family":"Barlow","description_typography_font_size":{"unit":"px","size":"16","sizes":[]},"description_typography_line_height":{"unit":"px","size":"26","sizes":[]},"text_align_tablet":"center","title_typography_text_transform":"capitalize"},"elements":[],"isInner":false,"widgetType":"image-box","elType":"widget"},{"id":"365a67a","settings":{"text":"Learn more","typography_typography":"custom","typography_font_family":"Didact Gothic","typography_font_size":{"unit":"px","size":"12","sizes":[]},"typography_font_weight":"700","typography_text_transform":"uppercase","typography_line_height":{"unit":"px","size":"","sizes":[]},"typography_letter_spacing":{"unit":"px","size":"2","sizes":[]},"button_text_color":"#000000","background_color":"rgba(242,118,64,0)","border_radius":{"unit":"px","top":"0","right":"0","bottom":"0","left":"0","isLinked":"1"},"button_box_shadow_box_shadow":{"horizontal":"0","vertical":"4","blur":"34","spread":"0","color":"rgba(242,118,64,0.35)"},"text_padding":{"unit":"px","top":"8","right":"0","bottom":"8","left":"0","isLinked":""},"icon_align":"right","icon_indent":{"unit":"px","size":"15","sizes":[]},"hover_color":"#f25715","button_background_hover_color":"rgba(242,87,21,0)","button_hover_border_color":"#f25715","border_border":"solid","border_width":{"unit":"px","top":"0","right":"0","bottom":"2","left":"0","isLinked":""},"border_color":"#f27640","align_tablet":"center"},"elements":[],"isInner":false,"widgetType":"button","elType":"widget"}],"isInner":"1","elType":"column"}],"isInner":"1","elType":"section"}],"isInner":"","elType":"column"}],"isInner":"","elType":"section"},{"id":"7e1d8baa","settings":{"padding":{"unit":"px","top":"40","right":"0","bottom":"80","left":"0","isLinked":""},"padding_tablet":{"unit":"px","top":"0","right":"30","bottom":"0","left":"30","isLinked":""},"padding_mobile":{"unit":"px","top":"0","right":"20","bottom":"0","left":"20","isLinked":""},"background_background":"classic","background_color":"#ffffff"},"elements":[{"id":"101ccab0","settings":{"_column_size":"100"},"elements":[{"id":"44425d0b","settings":{"structure":"20"},"elements":[{"id":"2fe5d86e","settings":{"_column_size":"50","_inline_size":"","content_position":"center","padding":{"unit":"px","top":"0","right":"40","bottom":"0","left":"0","isLinked":""},"_inline_size_tablet":"100","padding_tablet":{"unit":"px","top":"40","right":"0","bottom":"0","left":"0","isLinked":""}},"elements":[{"id":"10f99a9b","settings":{"title":"Most popular questions","align":"left","title_color":"#000000","typography_typography":"custom","typography_font_family":"Didact Gothic","typography_font_size":{"unit":"px","size":"34","sizes":[]},"typography_line_height":{"unit":"px","size":"","sizes":[]},"_margin":{"unit":"px","top":"-10","right":"0","bottom":"0","left":"0","isLinked":""},"typography_font_weight":"600"},"elements":[],"isInner":false,"widgetType":"heading","elType":"widget"},{"id":"3e4b361","settings":{"tabs":[{"tab_title":"Do people need what I\u2019m selling?","tab_content":"<p>Lorem ipsum dolor sit amet, consectetur adipiscing elit, sed do eiusmod tempor incididunt ut labore et dolore magna aliqua. Ut enim ad minim veniam, quis nostrud exercitation ullamco laboris nisi ut aliquip ex ea commodo consequat.<\/p>","_id":"ecdaa39"},{"tab_title":"What do I need to know about the financial side of things?","tab_content":"<p>Lorem ipsum dolor sit amet, consectetur adipiscing elit, sed do eiusmod tempor incididunt ut labore et dolore magna aliqua. Ut enim ad minim veniam, quis nostrud exercitation ullamco laboris nisi ut aliquip ex ea commodo consequat.<\/p>","_id":"639ddb0"},{"tab_title":"Where can I get investment?","tab_content":"<p>Lorem ipsum dolor sit amet, consectetur adipiscing elit, sed do eiusmod tempor incididunt ut labore et dolore magna aliqua. Ut enim ad minim veniam, quis nostrud exercitation ullamco laboris nisi ut aliquip ex ea commodo consequat.<\/p>","_id":"54e2321"},{"tab_title":"What skills do I need?","tab_content":"<p>Lorem ipsum dolor sit amet, consectetur adipiscing elit, sed do eiusmod tempor incididunt ut labore et dolore magna aliqua. Ut enim ad minim veniam, quis nostrud exercitation ullamco laboris nisi ut aliquip ex ea commodo consequat.<\/p>","_id":"b02978e"}],"icon":"fa fa-angle-right","icon_active":"fa fa-angle-down","border_width":{"unit":"px","size":"1","sizes":[]},"border_color":"#eeeeee","space_between":{"unit":"px","size":"10","sizes":[]},"title_color":"#f27b48","title_typography_typography":"custom","title_typography_font_family":"Didact Gothic","title_typography_font_size":{"unit":"px","size":"18","sizes":[]},"title_typography_line_height":{"unit":"px","size":"24","sizes":[]},"title_padding":{"unit":"px","top":"","right":"","bottom":"","left":"","isLinked":""},"icon_align":"right","icon_active_color":"#f27640","icon_space":{"unit":"px","size":"10","sizes":[]},"content_background_color":"#ffffff","content_typography_typography":"custom","content_typography_font_family":"Barlow","content_typography_font_size":{"unit":"px","size":"16","sizes":[]},"content_typography_line_height":{"unit":"px","size":"26","sizes":[]},"content_padding":{"unit":"px","top":"0","right":"15","bottom":"15","left":"15","isLinked":""},"tab_active_color":"#000000"},"elements":[],"isInner":false,"widgetType":"toggle","elType":"widget"}],"isInner":"1","elType":"column"},{"id":"c79af60","settings":{"_column_size":"50","_inline_size":"","content_position":"top","_inline_size_tablet":"100","margin_tablet":{"unit":"px","top":"0","right":"0","bottom":"0","left":"0","isLinked":""},"padding_tablet":{"unit":"px","top":"60","right":"0","bottom":"60","left":"0","isLinked":""},"padding":{"unit":"px","top":"0","right":"0","bottom":"0","left":"40","isLinked":""}},"elements":[{"id":"65afdc8a","settings":{"title":"Getting Started","align":"left","title_color":"#000000","typography_typography":"custom","typography_font_family":"Didact Gothic","typography_font_size":{"unit":"px","size":"34","sizes":[]},"typography_line_height":{"unit":"px","size":"","sizes":[]},"_margin":{"unit":"px","top":"-10","right":"0","bottom":"0","left":"0","isLinked":""},"typography_font_weight":"600"},"elements":[],"isInner":false,"widgetType":"heading","elType":"widget"},{"id":"6993efac","settings":{"tabs":[{"tab_title":"Do people need what I\u2019m selling?","tab_content":"<p>Lorem ipsum dolor sit amet, consectetur adipiscing elit, sed do eiusmod tempor incididunt ut labore et dolore magna aliqua. Ut enim ad minim veniam, quis nostrud exercitation ullamco laboris nisi ut aliquip ex ea commodo consequat.<\/p>","_id":"ecdaa39"},{"tab_title":"What do I need to know about the financial side of things?","tab_content":"<p>Lorem ipsum dolor sit amet, consectetur adipiscing elit, sed do eiusmod tempor incididunt ut labore et dolore magna aliqua. Ut enim ad minim veniam, quis nostrud exercitation ullamco laboris nisi ut aliquip ex ea commodo consequat.<\/p>","_id":"639ddb0"},{"tab_title":"Where can I get investment?","tab_content":"<p>Lorem ipsum dolor sit amet, consectetur adipiscing elit, sed do eiusmod tempor incididunt ut labore et dolore magna aliqua. Ut enim ad minim veniam, quis nostrud exercitation ullamco laboris nisi ut aliquip ex ea commodo consequat.<\/p>","_id":"54e2321"},{"tab_title":"What skills do I need?","tab_content":"<p>Lorem ipsum dolor sit amet, consectetur adipiscing elit, sed do eiusmod tempor incididunt ut labore et dolore magna aliqua. Ut enim ad minim veniam, quis nostrud exercitation ullamco laboris nisi ut aliquip ex ea commodo consequat.<\/p>","_id":"b02978e"}],"icon":"fa fa-angle-right","icon_active":"fa fa-angle-down","border_width":{"unit":"px","size":"1","sizes":[]},"border_color":"#eeeeee","space_between":{"unit":"px","size":"10","sizes":[]},"title_color":"#f27b48","title_typography_typography":"custom","title_typography_font_family":"Didact Gothic","title_typography_font_size":{"unit":"px","size":"18","sizes":[]},"title_typography_line_height":{"unit":"px","size":"24","sizes":[]},"title_padding":{"unit":"px","top":"","right":"","bottom":"","left":"","isLinked":""},"icon_align":"right","icon_active_color":"#f27640","icon_space":{"unit":"px","size":"10","sizes":[]},"content_background_color":"#ffffff","content_typography_typography":"custom","content_typography_font_family":"Barlow","content_typography_font_size":{"unit":"px","size":"16","sizes":[]},"content_typography_line_height":{"unit":"px","size":"26","sizes":[]},"content_padding":{"unit":"px","top":"0","right":"15","bottom":"15","left":"15","isLinked":""},"tab_active_color":"#000000"},"elements":[],"isInner":false,"widgetType":"toggle","elType":"widget"}],"isInner":"1","elType":"column"}],"isInner":"1","elType":"section"}],"isInner":"","elType":"column"}],"isInner":"","elType":"section"},{"id":"6ee65dd8","settings":{"padding":{"unit":"px","top":"60","right":"0","bottom":"80","left":"0","isLinked":""},"padding_tablet":{"unit":"px","top":"20","right":"30","bottom":"0","left":"30","isLinked":""},"background_background":"classic","background_color":"#ffffff"},"elements":[{"id":"3b47623c","settings":{"_column_size":"100"},"elements":[{"id":"2ac10272","settings":{"structure":"20"},"elements":[{"id":"7d4f0ca6","settings":{"_column_size":"50","_inline_size":"","_inline_size_tablet":"100"},"elements":[{"id":"5e282873","settings":{"title":"Help & Support","title_color":"#000000","typography_typography":"custom","typography_font_family":"Didact Gothic","typography_font_size":{"unit":"px","size":"34","sizes":[]},"typography_font_weight":"600","typography_line_height":{"unit":"px","size":"","sizes":[]},"header_size":"h3","align":"left","_margin":{"unit":"px","top":"-10","right":"0","bottom":"0","left":"0","isLinked":""},"align_tablet":"left"},"elements":[],"isInner":false,"widgetType":"heading","elType":"widget"},{"id":"2d09358d","settings":{"editor":"<p>Lorem ipsum dolor sit amet, consectetur adipiscing elit, sed do eiusmod tempor incididunt ut labore et dolore magna aliqua.<\/p>","typography_typography":"custom","typography_font_family":"Barlow","typography_font_size":{"unit":"px","size":"16","sizes":[]},"typography_line_height":{"unit":"px","size":"26","sizes":[]},"align_tablet":"left","_margin":{"unit":"px","top":"-20","right":"0","bottom":"0","left":"0","isLinked":""},"align_mobile":"center"},"elements":[],"isInner":false,"widgetType":"text-editor","elType":"widget"}],"isInner":"1","elType":"column"},{"id":"88c7488","settings":{"_column_size":"50","_inline_size":""},"elements":[{"id":"47dd429f","settings":{"space":{"unit":"px","size":"10","sizes":[]}},"elements":[],"isInner":false,"widgetType":"spacer","elType":"widget"}],"isInner":"1","elType":"column"}],"isInner":"1","elType":"section"},{"id":"4080b3f3","settings":{"structure":"30"},"elements":[{"id":"2e64368","settings":{"_column_size":"33","_inline_size":"","_inline_size_tablet":"100","margin":{"unit":"px","top":"0","right":"40","bottom":"0","left":"0","isLinked":""},"margin_tablet":{"unit":"px","top":"0","right":"0","bottom":"0","left":"0","isLinked":""}},"elements":[{"id":"418537b6","settings":{"image":{"url":"http:\/\/sitefacilitado.com.br\/membros\/wp-content\/uploads\/2020\/03\/icon-7.png","id":"7979"},"thumbnail_size":"custom","thumbnail_custom_dimension":{"width":"50","height":"50"},"title_text":"Call Us","description_text":"+61 3 8376 6284 <br>+61 3 8376 6385\n","link":{"url":"#","is_external":"","nofollow":""},"image_space":{"unit":"px","size":"0","sizes":[]},"text_align":"left","title_bottom_space":{"unit":"px","size":"9","sizes":[]},"title_color":"#000000","title_typography_typography":"custom","title_typography_font_family":"Didact Gothic","title_typography_font_size":{"unit":"px","size":"18","sizes":[]},"title_typography_font_weight":"700","description_typography_typography":"custom","description_typography_font_family":"Barlow","description_typography_font_size":{"unit":"px","size":"16","sizes":[]},"description_typography_line_height":{"unit":"px","size":"26","sizes":[]},"text_align_tablet":"left","title_typography_text_transform":"capitalize","position":"left","text_align_mobile":"center","content_vertical_alignment":"middle","description_color":"#f27b48"},"elements":[],"isInner":false,"widgetType":"image-box","elType":"widget"}],"isInner":"1","elType":"column"},{"id":"305c1769","settings":{"_column_size":"33","_inline_size":"","_inline_size_tablet":"100","margin":{"unit":"px","top":"0","right":"40","bottom":"0","left":"0","isLinked":""},"margin_tablet":{"unit":"px","top":"0","right":"0","bottom":"0","left":"0","isLinked":""}},"elements":[{"id":"73768e3f","settings":{"image":{"url":"http:\/\/sitefacilitado.com.br\/membros\/wp-content\/uploads\/2020\/03\/icon-6.png","id":"7972"},"thumbnail_size":"custom","thumbnail_custom_dimension":{"width":"50","height":"50"},"title_text":"Location","description_text":"PO Box 16122 Collins Street West\nVictoria 8007 Australia","link":{"url":"#","is_external":"","nofollow":""},"image_space":{"unit":"px","size":"0","sizes":[]},"text_align":"left","title_bottom_space":{"unit":"px","size":"9","sizes":[]},"title_color":"#000000","title_typography_typography":"custom","title_typography_font_family":"Didact Gothic","title_typography_font_size":{"unit":"px","size":"18","sizes":[]},"title_typography_font_weight":"700","description_typography_typography":"custom","description_typography_font_family":"Barlow","description_typography_font_size":{"unit":"px","size":"16","sizes":[]},"description_typography_line_height":{"unit":"px","size":"26","sizes":[]},"text_align_tablet":"left","title_typography_text_transform":"capitalize","position":"left","text_align_mobile":"center","content_vertical_alignment":"middle","description_color":"#f27b48"},"elements":[],"isInner":false,"widgetType":"image-box","elType":"widget"}],"isInner":"1","elType":"column"},{"id":"b47000a","settings":{"_column_size":"33","_inline_size":"","_inline_size_tablet":"100","margin":{"unit":"px","top":"0","right":"40","bottom":"0","left":"0","isLinked":""},"margin_tablet":{"unit":"px","top":"0","right":"0","bottom":"0","left":"0","isLinked":""}},"elements":[{"id":"380c48da","settings":{"image":{"url":"http:\/\/sitefacilitado.com.br\/membros\/wp-content\/uploads\/2020\/03\/icon-10.png","id":"7980"},"thumbnail_size":"custom","thumbnail_custom_dimension":{"width":"50","height":"50"},"title_text":"Email Us","description_text":"info@gmail.com<br> admin@gmail.com","link":{"url":"#","is_external":"","nofollow":""},"image_space":{"unit":"px","size":"0","sizes":[]},"text_align":"left","title_bottom_space":{"unit":"px","size":"9","sizes":[]},"title_color":"#000000","title_typography_typography":"custom","title_typography_font_family":"Didact Gothic","title_typography_font_size":{"unit":"px","size":"18","sizes":[]},"title_typography_font_weight":"700","description_typography_typography":"custom","description_typography_font_family":"Barlow","description_typography_font_size":{"unit":"px","size":"16","sizes":[]},"description_typography_line_height":{"unit":"px","size":"26","sizes":[]},"text_align_tablet":"left","title_typography_text_transform":"capitalize","position":"left","text_align_mobile":"center","content_vertical_alignment":"middle","description_color":"#f27b48"},"elements":[],"isInner":false,"widgetType":"image-box","elType":"widget"}],"isInner":"1","elType":"column"}],"isInner":"1","elType":"section"}],"isInner":"","elType":"column"}],"isInner":"","elType":"section"}]}