{"version":"0.4","title":"Startup Business > About Us 1","type":"page","content":[{"id":"2967f7c2","settings":{"background_background":"classic","background_color":"#f27b48","background_position":"top center","background_repeat":"no-repeat","background_size":"contain","padding":{"unit":"px","top":"100","right":"0","bottom":"80","left":"0","isLinked":""},"padding_tablet":{"unit":"px","top":"80","right":"30","bottom":"100","left":"30","isLinked":""},"background_color_b":"#ffffff","shape_divider_bottom":"waves","shape_divider_bottom_color":"#ffffff","padding_mobile":{"unit":"px","top":"0","right":"20","bottom":"80","left":"20","isLinked":""},"reverse_order_mobile":"reverse-mobile"},"elements":[{"id":"69a7e22","settings":{"_column_size":"100","padding":{"unit":"px","top":"0","right":"0","bottom":"0","left":"0","isLinked":""},"_inline_size":""},"elements":[{"id":"7fc79998","settings":{"structure":"21","height_inner":"min-height","custom_height_inner":{"unit":"px","size":"491","sizes":[]},"reverse_order_mobile":"reverse-mobile"},"elements":[{"id":"20e503","settings":{"_column_size":"33","_inline_size":"49.737","_inline_size_tablet":"100","content_position":"center"},"elements":[{"id":"1b0626c4","settings":{"title":"About us","header_size":"h1","align":"left","title_color":"#ffffff","typography_typography":"custom","typography_font_family":"Didact Gothic","typography_font_size":{"unit":"px","size":"70","sizes":[]},"typography_text_transform":"capitalize","typography_line_height":{"unit":"px","size":"75","sizes":[]},"align_tablet":"center","_padding_tablet":{"unit":"px","top":"80","right":"0","bottom":"0","left":"0","isLinked":""},"typography_font_size_mobile":{"unit":"px","size":"50","sizes":[]},"_margin_mobile":{"unit":"px","top":"0","right":"0","bottom":"0","left":"0","isLinked":"1"},"_padding_mobile":{"unit":"px","top":"0","right":"0","bottom":"0","left":"0","isLinked":"1"}},"elements":[],"isInner":false,"widgetType":"heading","elType":"widget"},{"id":"75c23a6b","settings":{"editor":"<p>Lorem ipsum dolor sit amet, consectetur adipiscing elit, sed do eiusmod tempor incididunt ut labore et dolore magna aliqua. Ut enim ad minim veniam.<\/p>","align":"left","typography_typography":"custom","typography_font_family":"Barlow","typography_font_size":{"unit":"px","size":"16","sizes":[]},"typography_line_height":{"unit":"px","size":"26","sizes":[]},"align_tablet":"center","text_color":"#ffffff"},"elements":[],"isInner":false,"widgetType":"text-editor","elType":"widget"},{"id":"5baf18c6","settings":{"text":"Our team","typography_typography":"custom","typography_font_family":"Didact Gothic","typography_font_size":{"unit":"px","size":"13","sizes":[]},"typography_font_weight":"700","typography_text_transform":"uppercase","typography_line_height":{"unit":"px","size":"","sizes":[]},"typography_letter_spacing":{"unit":"px","size":"2","sizes":[]},"button_text_color":"#ffffff","background_color":"#4f527e","border_radius":{"unit":"px","top":"0","right":"0","bottom":"0","left":"0","isLinked":"1"},"button_box_shadow_box_shadow":{"horizontal":"0","vertical":"4","blur":"34","spread":"0","color":"rgba(122,122,122,0.35)"},"text_padding":{"unit":"px","top":"18","right":"34","bottom":"18","left":"34","isLinked":""},"icon_align":"right","icon_indent":{"unit":"px","size":"20","sizes":[]},"hover_color":"#ffffff","button_background_hover_color":"#f27b48","button_box_shadow_box_shadow_type":"yes","icon":"fa fa-angle-right","_margin":{"unit":"px","top":"0","right":"0","bottom":"0","left":"0","isLinked":""},"align_tablet":"center","link":{"url":"#ourteam","is_external":"","nofollow":""},"align":"left","align_mobile":"justify"},"elements":[],"isInner":false,"widgetType":"button","elType":"widget"}],"isInner":"1","elType":"column"},{"id":"2479f3e9","settings":{"_column_size":"66","_inline_size":"49.928","_inline_size_tablet":"100","margin_tablet":{"unit":"px","top":"0","right":"0","bottom":"0","left":"0","isLinked":""},"padding_tablet":{"unit":"px","top":"0","right":"0","bottom":"0","left":"0","isLinked":""}},"elements":[{"id":"1d98933b","settings":{"image":{"url":"http:\/\/sitefacilitado.com.br\/membros\/wp-content\/uploads\/2020\/03\/undraw_marketing_v0iu-min.png","id":"7978"},"_margin":{"unit":"px","top":"0","right":"0","bottom":"-29","left":"0","isLinked":""},"_margin_tablet":{"unit":"px","top":"0","right":"0","bottom":"0","left":"0","isLinked":""},"image_box_shadow_box_shadow":{"horizontal":"0","vertical":"4","blur":"34","spread":"0","color":"rgba(242,118,64,0.35)"},"_padding":{"unit":"px","top":"0","right":"0","bottom":"0","left":"30","isLinked":""},"_padding_tablet":{"unit":"px","top":"40","right":"0","bottom":"0","left":"0","isLinked":""},"width":{"unit":"%","size":"100","sizes":[]},"opacity":{"unit":"px","size":"1","sizes":[]},"image_border_radius":{"unit":"%","top":"","right":"","bottom":"","left":"","isLinked":"1"},"_background_color":"#ffffff","_border_radius":{"unit":"%","top":"100","right":"100","bottom":"100","left":"100","isLinked":"1"},"align_mobile":"left","width_mobile":{"unit":"%","size":"100","sizes":[]},"css_filters_css_filter":"custom","css_filters_brightness":{"unit":"px","size":"129","sizes":[]},"css_filters_contrast":{"unit":"px","size":"96","sizes":[]},"css_filters_saturate":{"unit":"px","size":"95","sizes":[]},"_margin_mobile":{"unit":"px","top":"0","right":"0","bottom":"0","left":"-40","isLinked":""}},"elements":[],"isInner":false,"widgetType":"image","elType":"widget"}],"isInner":"1","elType":"column"}],"isInner":"1","elType":"section"}],"isInner":"","elType":"column"}],"isInner":"","elType":"section"},{"id":"1b087d5e","settings":{"structure":"20","padding":{"unit":"px","top":"130","right":"0","bottom":"60","left":"0","isLinked":""},"background_background":"classic","background_color":"#ffffff","background_position":"top left","background_repeat":"no-repeat","background_size":"contain","margin":{"unit":"px","top":"0","right":"0","bottom":"0","left":"0","isLinked":""},"margin_tablet":{"unit":"px","top":"0","right":"0","bottom":"0","left":"0","isLinked":""},"padding_tablet":{"unit":"px","top":"30","right":"30","bottom":"0","left":"30","isLinked":""}},"elements":[{"id":"59f9d294","settings":{"_column_size":"50","_inline_size":"","_inline_size_tablet":"100","padding":{"unit":"px","top":"0","right":"20","bottom":"0","left":"0","isLinked":""},"padding_tablet":{"unit":"em","top":"2","right":"2","bottom":"2","left":"2","isLinked":"1"},"padding_mobile":{"unit":"em","top":"0","right":"0","bottom":"0","left":"0","isLinked":"1"}},"elements":[{"id":"5e22de2c","settings":{"image":{"url":"http:\/\/sitefacilitado.com.br\/membros\/wp-content\/uploads\/2020\/03\/undraw_Memory_storage_reh0.png","id":"8021"},"image_size":"full","image_custom_dimension":{"width":"600","height":"500"},"_margin":{"unit":"px","top":"0","right":"0","bottom":"0","left":"60","isLinked":""},"align":"left","align_mobile":"center","width":{"unit":"%","size":"76","sizes":[]},"css_filters_css_filter":"custom","css_filters_brightness":{"unit":"px","size":"121","sizes":[]},"css_filters_contrast":{"unit":"px","size":"93","sizes":[]},"css_filters_saturate":{"unit":"px","size":"89","sizes":[]},"css_filters_hue":{"unit":"px","size":"358","sizes":[]},"_margin_mobile":{"unit":"px","top":"0","right":"0","bottom":"0","left":"0","isLinked":""}},"elements":[],"isInner":false,"widgetType":"image","elType":"widget"},{"id":"3b89aad0","settings":{"space":{"unit":"px","size":"40","sizes":[]},"space_tablet":{"unit":"px","size":"0","sizes":[]}},"elements":[],"isInner":false,"widgetType":"spacer","elType":"widget"},{"id":"5569038e","settings":{"title":"Sed ut perspiciatis unde omnis iste natus error sit ","title_color":"#000000","typography_typography":"custom","typography_font_family":"Didact Gothic","typography_font_size":{"unit":"px","size":"34","sizes":[]},"typography_font_weight":"600","typography_line_height":{"unit":"px","size":"42","sizes":[]},"header_size":"h3","align":"left","typography_text_transform":"capitalize","_margin":{"unit":"px","top":"30","right":"0","bottom":"0","left":"0","isLinked":""},"align_tablet":"center"},"elements":[],"isInner":false,"widgetType":"heading","elType":"widget"},{"id":"3b65e300","settings":{"editor":"<p>Lorem ipsum dolor sit amet, consectetur adipiscing elit, sed do eiusmod tempor incididunt ut labore et dolore magna aliqua. Ut enim ad minim veniam, quis nostrud exercitation ullamco laboris nisi ut aliquip ex ea commodo consequat.<\/p>","align":"left","typography_typography":"custom","typography_font_family":"Barlow","typography_font_size":{"unit":"px","size":"16","sizes":[]},"typography_line_height":{"unit":"px","size":"26","sizes":[]},"align_tablet":"center","align_mobile":"justify"},"elements":[],"isInner":false,"widgetType":"text-editor","elType":"widget"}],"isInner":"1","elType":"column"},{"id":"25b1bbcf","settings":{"_column_size":"50","_inline_size":"","_inline_size_tablet":"100","padding":{"unit":"px","top":"0","right":"20","bottom":"0","left":"0","isLinked":""},"padding_tablet":{"unit":"em","top":"2","right":"2","bottom":"2","left":"2","isLinked":"1"},"padding_mobile":{"unit":"em","top":"2","right":"0","bottom":"0","left":"0","isLinked":""}},"elements":[{"id":"165baee1","settings":{"title":"Excepteur sint occaecat cupidatat non...","title_color":"#000000","typography_typography":"custom","typography_font_family":"Didact Gothic","typography_font_size":{"unit":"px","size":"34","sizes":[]},"typography_font_weight":"600","typography_line_height":{"unit":"px","size":"42","sizes":[]},"header_size":"h3","align":"left","typography_text_transform":"capitalize","_margin":{"unit":"px","top":"-10","right":"0","bottom":"0","left":"0","isLinked":""},"align_tablet":"center"},"elements":[],"isInner":false,"widgetType":"heading","elType":"widget"},{"id":"4bc20d71","settings":{"editor":"Lorem ipsum dolor sit amet, consectetur adipiscing elit, sed do eiusmod tempor incididunt ut labore et dolore magna aliqua. Ut enim ad minim veniam, quis nostrud exercitation ullamco laboris nisi ut aliquip ex ea commodo consequat.\n\nLorem ipsum dolor sit amet, consectetur adipiscing elit, sed do eiusmod tempor incididunt ut labore et dolore magna aliqua. Ut enim ad minim veniam, quis nostrud exercitation ullamco laboris nisi ut aliquip ex ea commodo consequat.","align":"left","typography_typography":"custom","typography_font_family":"Barlow","typography_font_size":{"unit":"px","size":"16","sizes":[]},"typography_line_height":{"unit":"px","size":"26","sizes":[]},"align_tablet":"center","align_mobile":"justify"},"elements":[],"isInner":false,"widgetType":"text-editor","elType":"widget"},{"id":"2bb3cf93","settings":{"space":{"unit":"px","size":"60","sizes":[]},"space_tablet":{"unit":"px","size":"0","sizes":[]}},"elements":[],"isInner":false,"widgetType":"spacer","elType":"widget"},{"id":"53d43eb1","settings":{"image":{"url":"http:\/\/sitefacilitado.com.br\/membros\/wp-content\/uploads\/2020\/03\/undraw_pie_graph_x9dy.png","id":"8022"},"image_size":"custom","image_custom_dimension":{"width":"600","height":"500"},"_margin":{"unit":"px","top":"0","right":"0","bottom":"0","left":"60","isLinked":""},"align":"left","width":{"unit":"%","size":"100","sizes":[]},"css_filters_css_filter":"custom","css_filters_brightness":{"unit":"px","size":"121","sizes":[]},"css_filters_contrast":{"unit":"px","size":"93","sizes":[]},"css_filters_saturate":{"unit":"px","size":"89","sizes":[]},"css_filters_hue":{"unit":"px","size":"358","sizes":[]},"_margin_mobile":{"unit":"px","top":"0","right":"0","bottom":"0","left":"0","isLinked":""}},"elements":[],"isInner":false,"widgetType":"image","elType":"widget"}],"isInner":"1","elType":"column"}],"isInner":"1","elType":"section"},{"id":"3834e510","settings":{"background_background":"classic","background_position":"top left","background_repeat":"no-repeat","background_size":"contain","margin":{"unit":"px","top":"0","right":"0","bottom":"0","left":"0","isLinked":""},"padding":{"unit":"px","top":"20","right":"0","bottom":"80","left":"0","isLinked":""},"margin_tablet":{"unit":"px","top":"0","right":"0","bottom":"0","left":"0","isLinked":""},"padding_tablet":{"unit":"px","top":"40","right":"30","bottom":"40","left":"30","isLinked":""},"padding_mobile":{"unit":"px","top":"0","right":"20","bottom":"0","left":"20","isLinked":""},"background_color":"#ffffff"},"elements":[{"id":"4402ca46","settings":{"_column_size":"100","_inline_size":""},"elements":[{"id":"b12a7ba","settings":{"content_width":{"unit":"px","size":"600","sizes":[]}},"elements":[{"id":"2551d07f","settings":{"_column_size":"100","_inline_size":""},"elements":[{"id":"36633360","settings":{"title":"Our Mission","title_color":"#000000","typography_typography":"custom","typography_font_family":"Didact Gothic","typography_font_size":{"unit":"px","size":"34","sizes":[]},"typography_font_weight":"600","typography_line_height":{"unit":"px","size":"42","sizes":[]},"header_size":"h3","align":"center","typography_text_transform":"capitalize","_margin":{"unit":"px","top":"-10","right":"0","bottom":"0","left":"0","isLinked":""}},"elements":[],"isInner":false,"widgetType":"heading","elType":"widget"},{"id":"248411d6","settings":{"editor":"<p>Lorem ipsum dolor sit amet, consectetur adipiscing elit, sed do eiusmod tempor incididunt ut labore et dolore magna aliqua. Ut enim ad minim veniam, quis nostrud exercitation ullamco laboris nisi ut aliquip ex ea commodo consequat.<\/p>","align":"center","typography_typography":"custom","typography_font_family":"Barlow","typography_font_size":{"unit":"px","size":"16","sizes":[]},"typography_line_height":{"unit":"px","size":"26","sizes":[]},"align_mobile":"center"},"elements":[],"isInner":false,"widgetType":"text-editor","elType":"widget"}],"isInner":"1","elType":"column"}],"isInner":"1","elType":"section"},{"id":"163cab9b","settings":{"structure":"30","padding_tablet":{"unit":"px","top":"0","right":"0","bottom":"0","left":"0","isLinked":""},"margin":{"unit":"px","top":"40","right":"0","bottom":"0","left":"0","isLinked":""}},"elements":[{"id":"768b381a","settings":{"_column_size":"33","_inline_size":"","_inline_size_tablet":"100","content_position":"center","margin":{"unit":"px","top":"0","right":"40","bottom":"0","left":"0","isLinked":""},"margin_tablet":{"unit":"px","top":"0","right":"0","bottom":"0","left":"0","isLinked":""}},"elements":[{"id":"34936787","settings":{"title":"Sed ut perspiciatis unde omnis iste natus","align":"left","title_color":"#000000","typography_typography":"custom","typography_font_family":"Didact Gothic","typography_font_size":{"unit":"px","size":"26","sizes":[]},"typography_line_height":{"unit":"px","size":"34","sizes":[]},"_margin":{"unit":"px","top":"0","right":"0","bottom":"0","left":"0","isLinked":""},"align_tablet":"center"},"elements":[],"isInner":false,"widgetType":"heading","elType":"widget"},{"id":"13cab3a","settings":{"editor":"<p>Lorem ipsum dolor sit amet, consectetur<br \/>adipiscing elit, sed do eiusmod tempor.<\/p>","align":"left","typography_typography":"custom","typography_font_family":"Barlow","typography_font_size":{"unit":"px","size":"16","sizes":[]},"typography_line_height":{"unit":"px","size":"26","sizes":[]},"align_tablet":"center"},"elements":[],"isInner":false,"widgetType":"text-editor","elType":"widget"}],"isInner":"1","elType":"column"},{"id":"46637dfa","settings":{"_column_size":"33","_inline_size":"","_inline_size_tablet":"100","content_position":"center","margin":{"unit":"px","top":"0","right":"40","bottom":"0","left":"0","isLinked":""},"margin_tablet":{"unit":"px","top":"0","right":"0","bottom":"0","left":"0","isLinked":""}},"elements":[{"id":"78a9c93d","settings":{"title":"Neque porro quisquam est, qui dolorem","align":"left","title_color":"#000000","typography_typography":"custom","typography_font_family":"Didact Gothic","typography_font_size":{"unit":"px","size":"26","sizes":[]},"typography_line_height":{"unit":"px","size":"34","sizes":[]},"_margin":{"unit":"px","top":"0","right":"0","bottom":"0","left":"0","isLinked":""},"align_tablet":"center","_margin_tablet":{"unit":"px","top":"0","right":"0","bottom":"0","left":"0","isLinked":""}},"elements":[],"isInner":false,"widgetType":"heading","elType":"widget"},{"id":"5144f10f","settings":{"editor":"<p>Lorem ipsum dolor sit amet, consectetur<br \/>adipiscing elit, sed do eiusmod tempor.<\/p>","align":"left","typography_typography":"custom","typography_font_family":"Barlow","typography_font_size":{"unit":"px","size":"16","sizes":[]},"typography_line_height":{"unit":"px","size":"26","sizes":[]},"align_tablet":"center"},"elements":[],"isInner":false,"widgetType":"text-editor","elType":"widget"}],"isInner":"1","elType":"column"},{"id":"3d9c4e2c","settings":{"_column_size":"33","_inline_size":"","_inline_size_tablet":"100","content_position":"center","margin":{"unit":"px","top":"0","right":"40","bottom":"0","left":"0","isLinked":""},"margin_tablet":{"unit":"px","top":"0","right":"0","bottom":"0","left":"0","isLinked":""}},"elements":[{"id":"75eb9d97","settings":{"title":"Ut enim ad minima veniam, quis nostrum","align":"left","title_color":"#000000","typography_typography":"custom","typography_font_family":"Didact Gothic","typography_font_size":{"unit":"px","size":"26","sizes":[]},"typography_line_height":{"unit":"px","size":"34","sizes":[]},"_margin":{"unit":"px","top":"0","right":"0","bottom":"0","left":"0","isLinked":""},"align_tablet":"center","_margin_tablet":{"unit":"px","top":"0","right":"0","bottom":"0","left":"0","isLinked":""}},"elements":[],"isInner":false,"widgetType":"heading","elType":"widget"},{"id":"50ddd65a","settings":{"editor":"<p>Lorem ipsum dolor sit amet, consectetur<br \/>adipiscing elit, sed do eiusmod tempor.<\/p>","align":"left","typography_typography":"custom","typography_font_family":"Barlow","typography_font_size":{"unit":"px","size":"16","sizes":[]},"typography_line_height":{"unit":"px","size":"26","sizes":[]},"align_tablet":"center"},"elements":[],"isInner":false,"widgetType":"text-editor","elType":"widget"}],"isInner":"1","elType":"column"}],"isInner":"1","elType":"section"},{"id":"9bb76fe","settings":{"text":"Play story","typography_typography":"custom","typography_font_family":"Didact Gothic","typography_font_size":{"unit":"px","size":"13","sizes":[]},"typography_font_weight":"700","typography_text_transform":"uppercase","typography_line_height":{"unit":"px","size":"","sizes":[]},"typography_letter_spacing":{"unit":"px","size":"2","sizes":[]},"button_text_color":"#ffffff","background_color":"#f27b48","border_radius":{"unit":"px","top":"0","right":"0","bottom":"0","left":"0","isLinked":"1"},"button_box_shadow_box_shadow":{"horizontal":"0","vertical":"4","blur":"34","spread":"0","color":"rgba(122,122,122,0.35)"},"text_padding":{"unit":"px","top":"18","right":"34","bottom":"18","left":"34","isLinked":""},"icon_align":"right","icon_indent":{"unit":"px","size":"20","sizes":[]},"hover_color":"#ffffff","button_background_hover_color":"#f27b48","button_box_shadow_box_shadow_type":"yes","link":{"url":"#howit","is_external":"","nofollow":""},"align_tablet":"center","icon":"fa fa-play-circle","align":"center","align_mobile":"justify","_margin":{"unit":"px","top":"40","right":"0","bottom":"0","left":"0","isLinked":""},"__dynamic__":{"link":"[elementor-tag id=\"0621934\" name=\"lightbox\" settings=\"%7B%22type%22%3A%22video%22%2C%22video_url%22%3A%22https%3A%2F%2Fwww.youtube.com%2Fwatch%3Fv%3DPER4OoA_5Jw%22%7D\"]"}},"elements":[],"isInner":false,"widgetType":"button","elType":"widget"}],"isInner":"","elType":"column"}],"isInner":"","elType":"section"},{"id":"4ed3502b","settings":{"background_background":"classic","background_color":"#fef1ec","background_position":"center right","background_repeat":"no-repeat","background_size":"contain","margin":{"unit":"px","top":"0","right":"0","bottom":"0","left":"0","isLinked":""},"padding":{"unit":"px","top":"80","right":"0","bottom":"60","left":"0","isLinked":""},"shape_divider_bottom_color":"#ffffff","shape_divider_bottom_width":{"unit":"%","size":"128","sizes":[]},"shape_divider_bottom_height":{"unit":"px","size":"42","sizes":[]},"shape_divider_bottom_flip":"yes","shape_divider_top":"waves","shape_divider_top_height":{"unit":"px","size":"26","sizes":[]},"shape_divider_top_negative":"yes"},"elements":[{"id":"1eebf6f4","settings":{"_column_size":"100","padding":{"unit":"px","top":"0","right":"0","bottom":"0","left":"0","isLinked":""}},"elements":[{"id":"28f1080d","settings":{"structure":"40"},"elements":[{"id":"7dc4d7e","settings":{"_column_size":"25","_inline_size":"","padding":{"unit":"em","top":"","right":"","bottom":"","left":"","isLinked":""},"_inline_size_tablet":"50","_inline_size_mobile":"50"},"elements":[{"id":"7686f3b0","settings":{"title":"Established","number_color":"#f27b48","typography_number_typography":"custom","typography_number_font_family":"Didact Gothic","typography_number_font_size":{"unit":"px","size":"60","sizes":[]},"typography_number_font_weight":"900","typography_number_line_height":{"unit":"px","size":"60","sizes":[]},"typography_number_letter_spacing":{"unit":"px","size":"1","sizes":[]},"typography_title_typography":"custom","typography_title_font_family":"Didact Gothic","typography_title_font_size":{"unit":"px","size":"13","sizes":[]},"typography_title_line_height":{"unit":"px","size":"26","sizes":[]},"title_color":"#f27b48","typography_title_font_weight":"bold","typography_title_text_transform":"uppercase","typography_title_letter_spacing":{"unit":"px","size":"1","sizes":[]}},"elements":[],"isInner":false,"widgetType":"counter","elType":"widget"}],"isInner":"1","elType":"column"},{"id":"5b119e54","settings":{"_column_size":"25","_inline_size":"","padding":{"unit":"em","top":"","right":"","bottom":"","left":"","isLinked":""},"_inline_size_tablet":"50","_inline_size_mobile":"50"},"elements":[{"id":"46339131","settings":{"title":"Happy clients","number_color":"#f27b48","typography_number_typography":"custom","typography_number_font_family":"Didact Gothic","typography_number_font_size":{"unit":"px","size":"60","sizes":[]},"typography_number_font_weight":"900","typography_number_line_height":{"unit":"px","size":"60","sizes":[]},"typography_number_letter_spacing":{"unit":"px","size":"1","sizes":[]},"typography_title_typography":"custom","typography_title_font_family":"Didact Gothic","typography_title_font_size":{"unit":"px","size":"13","sizes":[]},"typography_title_line_height":{"unit":"px","size":"26","sizes":[]},"ending_number":"120","suffix":"+","title_color":"#f27b48","typography_title_font_weight":"bold","typography_title_text_transform":"uppercase","typography_title_letter_spacing":{"unit":"px","size":"1","sizes":[]}},"elements":[],"isInner":false,"widgetType":"counter","elType":"widget"}],"isInner":"1","elType":"column"},{"id":"7496a82b","settings":{"_column_size":"25","_inline_size":"","padding":{"unit":"em","top":"","right":"","bottom":"","left":"","isLinked":""},"_inline_size_tablet":"50","_inline_size_mobile":"50"},"elements":[{"id":"66b37eb0","settings":{"title":"Succesful projects","number_color":"#f27b48","typography_number_typography":"custom","typography_number_font_family":"Didact Gothic","typography_number_font_size":{"unit":"px","size":"60","sizes":[]},"typography_number_font_weight":"900","typography_number_line_height":{"unit":"px","size":"60","sizes":[]},"typography_number_letter_spacing":{"unit":"px","size":"1","sizes":[]},"typography_title_typography":"custom","typography_title_font_family":"Didact Gothic","typography_title_font_size":{"unit":"px","size":"13","sizes":[]},"typography_title_line_height":{"unit":"px","size":"26","sizes":[]},"ending_number":"160","suffix":"+","title_color":"#f27b48","typography_title_font_weight":"bold","typography_title_text_transform":"uppercase","typography_title_letter_spacing":{"unit":"px","size":"1","sizes":[]}},"elements":[],"isInner":false,"widgetType":"counter","elType":"widget"}],"isInner":"1","elType":"column"},{"id":"346d3e4b","settings":{"_column_size":"25","_inline_size":"","padding":{"unit":"em","top":"","right":"","bottom":"","left":"","isLinked":""},"_inline_size_tablet":"50","_inline_size_mobile":"50"},"elements":[{"id":"49b692e6","settings":{"title":"Cup a tea","number_color":"#f27b48","typography_number_typography":"custom","typography_number_font_family":"Didact Gothic","typography_number_font_size":{"unit":"px","size":"60","sizes":[]},"typography_number_font_weight":"900","typography_number_line_height":{"unit":"px","size":"60","sizes":[]},"typography_number_letter_spacing":{"unit":"px","size":"1","sizes":[]},"typography_title_typography":"custom","typography_title_font_family":"Didact Gothic","typography_title_font_size":{"unit":"px","size":"13","sizes":[]},"typography_title_line_height":{"unit":"px","size":"26","sizes":[]},"ending_number":"35","suffix":"k","title_color":"#f27b48","typography_title_font_weight":"bold","typography_title_text_transform":"uppercase","typography_title_letter_spacing":{"unit":"px","size":"1","sizes":[]}},"elements":[],"isInner":false,"widgetType":"counter","elType":"widget"}],"isInner":"1","elType":"column"}],"isInner":"1","elType":"section"}],"isInner":"","elType":"column"}],"isInner":"","elType":"section"}]}