{"content":[{"id":"59fee03c","settings":{"content_width":{"unit":"px","size":570},"height":"min-height","custom_height":{"unit":"vh","size":70},"background_background":"classic","background_image":{"id":"3972","url":"https:\/\/cliente.shazamlnv.com\/setasolar\/wp-content\/uploads\/2022\/04\/pexels-photo-1855269.jpeg"},"background_position":"initial","background_ypos":{"unit":"%","size":41},"background_size":"cover","background_overlay_background":"classic","background_overlay_color":"#979b7c","background_overlay_opacity":{"unit":"px","size":0.1700000000000000122124532708767219446599483489990234375},"padding":{"unit":"em","top":"2","right":"2","bottom":"2","left":"2","isLinked":true}},"elements":[{"id":"320d125a","settings":{"_column_size":100},"elements":[{"id":"16af3435","settings":{"title":"Sports club","size":"xxl","header_size":"h1","align":"center","title_color":"#161616","typography_typography":"custom","typography_letter_spacing":{"unit":"px","size":5},"typography_font_weight":"900","text_shadow_text_shadow":{"horizontal":0,"vertical":0,"blur":10,"color":"rgba(12,12,12,0.3)"},"typography_font_size_tablet":{"unit":"rem","size":3},"typography_text_transform":"uppercase","_animation":"rollIn","_margin":{"unit":"px","top":"0","right":"0","bottom":"0","left":"-18","isLinked":false},"_padding":{"unit":"px","top":"0","right":"0","bottom":"0","left":"0","isLinked":false},"align_tablet":"center","align_mobile":"center","typography_letter_spacing_mobile":{"unit":"px","size":6.20000000000000017763568394002504646778106689453125},"typography_font_family":"Orbitron","typography_font_size":{"unit":"rem","size":6.29999999999999982236431605997495353221893310546875},"animation_duration":"fast","typography_font_style":"oblique","_padding_mobile":{"unit":"px","top":"0","right":"3","bottom":"0","left":"3","isLinked":false}},"elements":[],"isInner":false,"widgetType":"heading","elType":"widget"},{"id":"5d8e74b6","settings":{"margin":{"unit":"px","top":"0","right":0,"bottom":"-18","left":0,"isLinked":false},"content_position":"middle","margin_mobile":{"unit":"px","top":"0","right":0,"bottom":"10","left":0,"isLinked":false},"padding_mobile":{"unit":"px","top":"0","right":"0","bottom":"0","left":"0","isLinked":true},"animation_duration":"fast"},"elements":[{"id":"39a9fd4","settings":{"_column_size":100,"_inline_size":null,"_inline_size_tablet":40,"_inline_size_mobile":60},"elements":[{"id":"1b09d8c7","settings":{"color":"#1398d6","width":{"unit":"%","size":40},"_margin":{"unit":"px","top":"-30","right":"0","bottom":"-24","left":"0","isLinked":false},"_padding":{"unit":"px","top":"0","right":"0","bottom":"0","left":"0","isLinked":true},"_animation":"rollIn","weight":{"unit":"px","size":2},"align":"center","text":"Divis\u00f3ria"},"elements":[],"isInner":false,"widgetType":"divider","elType":"widget"},{"id":"34282df4","settings":{"editor":"<p>challenge.fun.friends<\/p>","align":"center","text_color":"#161616","typography_typography":"custom","typography_letter_spacing":{"unit":"px","size":2},"_animation":"zoomIn","typography_text_transform":"uppercase","typography_font_family":"Tauri","typography_font_size":{"unit":"rem","size":1.5},"typography_font_style":"oblique","typography_font_weight":"700","typography_font_size_mobile":{"unit":"rem","size":1}},"elements":[],"isInner":false,"widgetType":"text-editor","elType":"widget"},{"id":"48cfae26","settings":{"text":"Join Now","icon":"fa fa-caret-right","icon_align":"right","button_text_color":"#ffffff","background_color":"#00d877","hover_color":"#ffffff","button_background_hover_color":"rgba(0,216,119,0)","border_border":"solid","border_width":{"unit":"px","top":"2","right":"2","bottom":"2","left":"2","isLinked":true},"border_color":"#00d877","align":"center","size":"lg","typography_typography":"custom","typography_font_family":"Orbitron","typography_font_size":{"unit":"px","size":15},"typography_font_weight":"600","typography_text_transform":"uppercase","typography_font_style":"oblique","typography_letter_spacing":{"unit":"px","size":1},"button_hover_border_color":"#ffffff","border_radius":{"unit":"px","top":"0","right":"0","bottom":"0","left":"0","isLinked":true},"text_padding":{"unit":"em","top":"","right":"","bottom":"","left":"","isLinked":true},"_animation":"zoomIn","animation_duration":"fast","_border_width":{"unit":"px","top":"1","right":"1","bottom":"1","left":"1","isLinked":true},"_border_color":"#fdd247","align_mobile":"center","_margin":{"unit":"px","top":"0","right":"0","bottom":"0","left":"0","isLinked":false},"_margin_tablet":{"unit":"px","top":"0","right":"0","bottom":"0","left":"0","isLinked":true},"_padding":{"unit":"em","top":"6","right":"0","bottom":"3","left":"0","isLinked":false},"_padding_tablet":{"unit":"em","top":"4","right":"0","bottom":"5","left":"0","isLinked":false},"selected_icon":{"value":"fas fa-caret-right","library":"fa-solid"}},"elements":[],"isInner":false,"widgetType":"button","elType":"widget"}],"isInner":true,"elType":"column"}],"isInner":true,"elType":"section"}],"isInner":false,"elType":"column"}],"isInner":false,"elType":"section"},{"id":"34563afb","settings":{"background_background":"classic","background_color":"#ffffff","margin":{"unit":"px","top":"0","right":0,"bottom":"0","left":0,"isLinked":false},"padding":{"unit":"px","top":"85","right":"0","bottom":"80","left":"0","isLinked":false},"background_position":"center center","background_repeat":"no-repeat","background_overlay_background":"classic","background_overlay_opacity":{"unit":"px","size":0.409999999999999975575093458246556110680103302001953125},"margin_tablet":{"unit":"px","top":"0","right":0,"bottom":"0","left":0,"isLinked":false},"padding_tablet":{"unit":"px","top":"40","right":"0","bottom":"40","left":"0","isLinked":false},"background_size":"cover","overlay_blend_mode":"screen","background_overlay_image":{"id":"3973","url":"https:\/\/cliente.shazamlnv.com\/setasolar\/wp-content\/uploads\/2022\/04\/pattern1.jpg"},"background_overlay_position":"center center","background_overlay_attachment":"fixed","background_overlay_size":"cover","height":"min-height","custom_height":{"unit":"px","size":550},"custom_height_tablet":{"unit":"px","size":500},"background_color_b":"#db4025","background_gradient_angle":{"unit":"deg","size":360},"background_attachment":"fixed","background_overlay_color":"#000000","css_filters_blur":{"unit":"px","size":5.9000000000000003552713678800500929355621337890625},"animation":"fadeIn"},"elements":[{"id":"3732d15a","settings":{"_column_size":100,"background_color":"#ffffff","background_overlay_color":"#e0e0e0","_inline_size":null,"margin":{"unit":"px","top":"0","right":"0","bottom":"0","left":"0","isLinked":false},"padding":{"unit":"px","top":"0","right":"0","bottom":"0","left":"0","isLinked":false}},"elements":[{"id":"6eb27ecf","settings":{"margin":{"unit":"px","top":"0","right":0,"bottom":"0","left":0,"isLinked":false},"padding":{"unit":"em","top":"0","right":"0","bottom":"2","left":"0","isLinked":false},"animation":"fadeInUp","padding_tablet":{"unit":"em","top":"0","right":"0","bottom":"0","left":"0","isLinked":true},"structure":"20"},"elements":[{"id":"79f35194","settings":{"_column_size":50,"_inline_size":null,"content_position":"center","margin":{"unit":"px","top":"0","right":"0","bottom":"0","left":"0","isLinked":false},"padding":{"unit":"em","top":"3","right":"3","bottom":"3","left":"3","isLinked":true}},"elements":[{"id":"63659eb","settings":{"title":"Largest club in boston","align":"left","title_color":"#00d877","typography_typography":"custom","typography_font_weight":"700","typography_text_transform":"uppercase","typography_letter_spacing":{"unit":"px","size":1},"text_shadow_text_shadow":{"horizontal":0,"vertical":0,"blur":0,"color":"rgba(0,0,0,0.3)"},"_animation":"fadeIn","header_size":"h3","typography_font_family":"Tauri","typography_font_style":"oblique","animation_duration":"slow"},"elements":[],"isInner":false,"widgetType":"heading","elType":"widget"},{"id":"383ea845","settings":{"editor":"<p>Lorem ipsum dolor sit amet, consectetur adipiscing elit. Morbi scelerisque, nisl vitae scelerisque varius, est metus fermentum ligula, eu vestibulum tortor lectus vel turpis.\u00a0<\/p>","text_color":"#54595f","typography_typography":"custom","typography_line_height":{"unit":"em","size":1.6999999999999999555910790149937383830547332763671875},"_animation":"fadeIn","animation_duration":"slow","typography_font_family":"Lato","typography_font_size":{"unit":"rem","size":1.100000000000000088817841970012523233890533447265625},"typography_font_weight":"500"},"elements":[],"isInner":false,"widgetType":"text-editor","elType":"widget"},{"id":"6a1e6e22","settings":{"editor":"<p>Lorem ipsum dolor sit amet, consectetur adipiscing elit, sed do eiusmod tempor incididunt ut labore et dolore magna aliqua. Ut enim ad minim veniam, quis nostrud exercitation ullamco laboris nisi ut aliquip ex ea commodo consequat. Duis aute irure dolor in reprehenderit in voluptate velit esse cillum dolore eu fugiat nulla pariatur. Excepteur sint occaecat cupidatat non proident, sunt in culpa qui officia deserunt mollit anim id est laborum.<\/p>","text_color":"#54595f","typography_typography":"custom","typography_line_height":{"unit":"em","size":1.6999999999999999555910790149937383830547332763671875},"_animation":"fadeIn","animation_duration":"slow","typography_font_family":"Lato","typography_font_size":{"unit":"rem","size":1.100000000000000088817841970012523233890533447265625},"typography_font_weight":"500"},"elements":[],"isInner":false,"widgetType":"text-editor","elType":"widget"}],"isInner":true,"elType":"column"},{"id":"608187fb","settings":{"_column_size":50,"_inline_size":null,"content_position":"center","margin":{"unit":"px","top":"0","right":"0","bottom":"0","left":"0","isLinked":false},"padding":{"unit":"em","top":"3","right":"3","bottom":"3","left":"3","isLinked":true}},"elements":[{"id":"7fe3e303","settings":{"title":"all ages welcome","align":"left","title_color":"#00d877","typography_typography":"custom","typography_font_weight":"700","typography_text_transform":"uppercase","typography_letter_spacing":{"unit":"px","size":1},"text_shadow_text_shadow":{"horizontal":0,"vertical":0,"blur":0,"color":"rgba(0,0,0,0.3)"},"_animation":"fadeIn","header_size":"h3","typography_font_family":"Tauri","typography_font_style":"oblique","animation_duration":"slow"},"elements":[],"isInner":false,"widgetType":"heading","elType":"widget"},{"id":"54709a48","settings":{"editor":"<p>Lorem ipsum dolor sit amet, consectetur adipiscing elit. Morbi scelerisque, nisl vitae scelerisque varius, est metus fermentum ligula, eu vestibulum tortor lectus vel turpis.\u00a0<\/p>","text_color":"#54595f","typography_typography":"custom","typography_line_height":{"unit":"em","size":1.6999999999999999555910790149937383830547332763671875},"_animation":"fadeIn","animation_duration":"slow","typography_font_family":"Lato","typography_font_size":{"unit":"rem","size":1.100000000000000088817841970012523233890533447265625},"typography_font_weight":"500"},"elements":[],"isInner":false,"widgetType":"text-editor","elType":"widget"},{"id":"aa37304","settings":{"editor":"<p>Lorem ipsum dolor sit amet, consectetur adipiscing elit, sed do eiusmod tempor incididunt ut labore et dolore magna aliqua. Ut enim ad minim veniam, quis nostrud exercitation ullamco laboris nisi ut aliquip ex ea commodo consequat. Duis aute irure dolor in reprehenderit in voluptate velit esse cillum dolore eu fugiat nulla pariatur. Excepteur sint occaecat cupidatat non proident, sunt in culpa qui officia deserunt mollit anim id est laborum.<\/p>","text_color":"#54595f","typography_typography":"custom","typography_line_height":{"unit":"em","size":1.6999999999999999555910790149937383830547332763671875},"_animation":"fadeIn","animation_duration":"slow","typography_font_family":"Lato","typography_font_size":{"unit":"rem","size":1.100000000000000088817841970012523233890533447265625},"typography_font_weight":"500"},"elements":[],"isInner":false,"widgetType":"text-editor","elType":"widget"}],"isInner":true,"elType":"column"}],"isInner":true,"elType":"section"},{"id":"6be61c02","settings":{"structure":"30","margin":{"unit":"px","top":"30","right":0,"bottom":"10","left":0,"isLinked":false},"padding":{"unit":"em","top":"","right":"","bottom":"","left":"","isLinked":false},"padding_tablet":{"unit":"em","top":"3","right":"0","bottom":"0","left":"0","isLinked":false}},"elements":[{"id":"74959744","settings":{"_column_size":33,"background_color":"#ffffff","background_overlay_color":"#e0e0e0","_inline_size":null,"margin":{"unit":"px","top":"0","right":"0","bottom":"0","left":"0","isLinked":false},"padding":{"unit":"px","top":"0","right":"10","bottom":"0","left":"0","isLinked":false},"margin_mobile":{"unit":"px","top":"0","right":"0","bottom":"0","left":"0","isLinked":false},"padding_mobile":{"unit":"px","top":"0","right":"0","bottom":"0","left":"0","isLinked":false},"animation_duration":"fast"},"elements":[{"id":"8647cd0","settings":{"background_background":"classic","background_color":"#141414","box_shadow_box_shadow_type":"yes","box_shadow_box_shadow":{"horizontal":0,"vertical":5,"blur":53,"spread":4,"color":"rgba(0,0,0,0.08)"},"animation":"fadeInUp","margin":{"unit":"px","top":"0","right":0,"bottom":"0","left":0,"isLinked":false},"padding":{"unit":"em","top":"3","right":"3","bottom":"3","left":"3","isLinked":true},"margin_mobile":{"unit":"px","top":"0","right":0,"bottom":"0","left":0,"isLinked":false},"padding_mobile":{"unit":"em","top":"","right":"","bottom":"","left":"","isLinked":false}},"elements":[{"id":"20e536e5","settings":{"_column_size":100,"_inline_size":null,"margin":{"unit":"px","top":"0","right":"0","bottom":"0","left":"0","isLinked":true},"padding":{"unit":"px","top":"0","right":"0","bottom":"0","left":"0","isLinked":true}},"elements":[{"id":"3413781f","settings":{"icon":"fa fa-clock-o","primary_color":"#00d877","size":{"unit":"px","size":31},"rotate":{"unit":"deg","size":90},"_margin":{"unit":"px","top":"0","right":"0","bottom":"0","left":"0","isLinked":true},"_padding":{"unit":"px","top":"0","right":"0","bottom":"0","left":"0","isLinked":true}},"elements":[],"isInner":false,"widgetType":"icon","elType":"widget"},{"id":"74399406","settings":{"starting_number":"","ending_number":1020,"title":"Training hours","title_color":"#00d877","number_color":"#ffffff","typography_number_typography":"custom","typography_number_font_size_mobile":{"unit":"px","size":50},"typography_number_font_family":"Tauri","typography_title_typography":"custom","typography_title_font_family":"Tauri","typography_title_font_weight":"700","typography_title_text_transform":"uppercase","typography_number_font_size_tablet":{"unit":"rem","size":3},"typography_title_font_size":{"unit":"rem","size":""},"typography_title_font_size_tablet":{"unit":"rem","size":1},"typography_number_font_weight":"700","typography_number_letter_spacing":{"unit":"px","size":1},"typography_title_letter_spacing":{"unit":"px","size":1},"typography_number_font_size":{"unit":"px","size":53}},"elements":[],"isInner":false,"widgetType":"counter","elType":"widget"}],"isInner":true,"elType":"column"}],"isInner":true,"elType":"section"}],"isInner":true,"elType":"column"},{"id":"748a9932","settings":{"_column_size":33,"background_color":"#ffffff","background_overlay_color":"#e0e0e0","_inline_size":null,"padding":{"unit":"px","top":"0","right":"5","bottom":"0","left":"5","isLinked":false},"margin_mobile":{"unit":"px","top":"0","right":"0","bottom":"0","left":"0","isLinked":false},"padding_mobile":{"unit":"px","top":"0","right":"0","bottom":"0","left":"0","isLinked":false}},"elements":[{"id":"399fd74f","settings":{"background_background":"classic","background_color":"#141414","box_shadow_box_shadow_type":"yes","box_shadow_box_shadow":{"horizontal":0,"vertical":5,"blur":53,"spread":4,"color":"rgba(0,0,0,0.08)"},"animation":"fadeInUp","margin":{"unit":"px","top":"0","right":0,"bottom":"0","left":0,"isLinked":false},"padding":{"unit":"em","top":"3","right":"3","bottom":"3","left":"3","isLinked":true},"margin_mobile":{"unit":"px","top":"0","right":0,"bottom":"0","left":0,"isLinked":false},"padding_mobile":{"unit":"em","top":"","right":"","bottom":"","left":"","isLinked":false}},"elements":[{"id":"a2fbdc0","settings":{"_column_size":100,"_inline_size":null,"margin":{"unit":"px","top":"0","right":"0","bottom":"0","left":"0","isLinked":true},"padding":{"unit":"px","top":"0","right":"0","bottom":"0","left":"0","isLinked":true}},"elements":[{"id":"202ab2c2","settings":{"icon":"fa fa-trophy","primary_color":"#00d877","size":{"unit":"px","size":31},"rotate":{"unit":"deg","size":""},"_margin":{"unit":"px","top":"0","right":"0","bottom":"0","left":"0","isLinked":true},"_padding":{"unit":"px","top":"0","right":"0","bottom":"0","left":"0","isLinked":true}},"elements":[],"isInner":false,"widgetType":"icon","elType":"widget"},{"id":"1763ac40","settings":{"starting_number":"","ending_number":73,"title":"tournaments","title_color":"#00d877","number_color":"#ffffff","typography_number_typography":"custom","typography_number_font_size_mobile":{"unit":"px","size":50},"typography_number_font_family":"Tauri","typography_title_typography":"custom","typography_title_font_family":"Tauri","typography_title_font_weight":"700","typography_title_text_transform":"uppercase","typography_number_font_size_tablet":{"unit":"rem","size":3},"typography_title_font_size":{"unit":"rem","size":""},"typography_title_font_size_tablet":{"unit":"rem","size":1},"typography_number_font_weight":"700","typography_number_letter_spacing":{"unit":"px","size":1},"typography_title_letter_spacing":{"unit":"px","size":1},"typography_number_font_size":{"unit":"px","size":53}},"elements":[],"isInner":false,"widgetType":"counter","elType":"widget"}],"isInner":true,"elType":"column"}],"isInner":true,"elType":"section"}],"isInner":true,"elType":"column"},{"id":"3f92a7fa","settings":{"_column_size":33,"background_color":"#ffffff","background_overlay_color":"#e0e0e0","_inline_size":null,"padding":{"unit":"px","top":"0","right":"5","bottom":"0","left":"5","isLinked":false},"margin_mobile":{"unit":"px","top":"0","right":"0","bottom":"0","left":"0","isLinked":false},"padding_mobile":{"unit":"px","top":"0","right":"0","bottom":"0","left":"0","isLinked":false}},"elements":[{"id":"360773a5","settings":{"background_background":"classic","background_color":"#141414","box_shadow_box_shadow_type":"yes","box_shadow_box_shadow":{"horizontal":0,"vertical":5,"blur":53,"spread":4,"color":"rgba(0,0,0,0.08)"},"animation":"fadeInUp","margin":{"unit":"px","top":"0","right":0,"bottom":"0","left":0,"isLinked":false},"padding":{"unit":"em","top":"3","right":"3","bottom":"3","left":"3","isLinked":true},"margin_mobile":{"unit":"px","top":"0","right":0,"bottom":"0","left":0,"isLinked":false},"padding_mobile":{"unit":"em","top":"","right":"","bottom":"","left":"","isLinked":false}},"elements":[{"id":"6567dd93","settings":{"_column_size":100,"_inline_size":null,"margin":{"unit":"px","top":"0","right":"0","bottom":"0","left":"0","isLinked":true},"padding":{"unit":"px","top":"0","right":"0","bottom":"0","left":"0","isLinked":true}},"elements":[{"id":"2e686f12","settings":{"icon":"fa fa-fire","primary_color":"#00d877","size":{"unit":"px","size":31},"rotate":{"unit":"deg","size":""},"_margin":{"unit":"px","top":"0","right":"0","bottom":"0","left":"0","isLinked":true},"_padding":{"unit":"px","top":"0","right":"0","bottom":"0","left":"0","isLinked":true}},"elements":[],"isInner":false,"widgetType":"icon","elType":"widget"},{"id":"5adfee6d","settings":{"starting_number":"","ending_number":1140,"title":"calories","title_color":"#00d877","number_color":"#ffffff","typography_number_typography":"custom","typography_number_font_size_mobile":{"unit":"px","size":50},"typography_number_font_family":"Tauri","typography_title_typography":"custom","typography_title_font_family":"Tauri","typography_title_font_weight":"700","typography_title_text_transform":"uppercase","typography_number_font_size_tablet":{"unit":"rem","size":3},"typography_title_font_size":{"unit":"rem","size":""},"typography_title_font_size_tablet":{"unit":"rem","size":1},"typography_number_font_weight":"700","typography_number_letter_spacing":{"unit":"px","size":1},"typography_title_letter_spacing":{"unit":"px","size":1},"typography_number_font_size":{"unit":"px","size":53}},"elements":[],"isInner":false,"widgetType":"counter","elType":"widget"}],"isInner":true,"elType":"column"}],"isInner":true,"elType":"section"}],"isInner":true,"elType":"column"}],"isInner":true,"elType":"section"}],"isInner":false,"elType":"column"}],"isInner":false,"elType":"section"},{"id":"6d78a4dc","settings":{"structure":"20","background_background":"classic","background_color":"#1b1b1b","padding":{"unit":"px","top":"85","right":"0","bottom":"125","left":"0","isLinked":false},"content_position":"middle","padding_mobile":{"unit":"px","top":"40","right":"0","bottom":"40","left":"0","isLinked":false},"animation":"fadeIn","animation_duration":"slow","custom_height_tablet":{"unit":"px","size":0},"margin_tablet":{"unit":"px","top":"","right":0,"bottom":"","left":0,"isLinked":true},"padding_tablet":{"unit":"px","top":"40","right":"0","bottom":"050","left":"0","isLinked":false}},"elements":[{"id":"f90f47e","settings":{"_column_size":50,"_inline_size_tablet":50,"animation":"fadeInLeft","_inline_size":null},"elements":[{"id":"1b8c1122","settings":{"title":"do you want new challenges in exciting new places?\n","align":"right","title_color":"#ffffff","typography_typography":"custom","typography_font_family":"Tauri","typography_font_weight":"400","typography_text_transform":"uppercase","typography_line_height":{"unit":"em","size":1.5},"typography_letter_spacing":{"unit":"px","size":1.8000000000000000444089209850062616169452667236328125},"_padding":{"unit":"px","top":"18","right":"30","bottom":"18","left":"0","isLinked":false},"_border_border":"solid","_border_width":{"unit":"px","top":"0","right":"2","bottom":"0","left":"0","isLinked":false},"_border_color":"#1398d6","align_mobile":"center","_margin":{"unit":"px","top":"0","right":"0","bottom":"0","left":"0","isLinked":true},"_animation":"fadeInLeft","_margin_tablet":{"unit":"px","top":"0","right":"0","bottom":"0","left":"0","isLinked":false},"_padding_tablet":{"unit":"px","top":"30","right":"13","bottom":"30","left":"0","isLinked":false},"_margin_mobile":{"unit":"px","top":"-10","right":"030","bottom":"0","left":"030","isLinked":false},"_padding_mobile":{"unit":"px","top":"0","right":"0","bottom":"17","left":"0","isLinked":false},"_border_width_mobile":{"unit":"px","top":"0","right":"0","bottom":"2","left":"0","isLinked":false},"typography_font_style":"oblique"},"elements":[],"isInner":false,"widgetType":"heading","elType":"widget"}],"isInner":false,"elType":"column"},{"id":"1711ea67","settings":{"_column_size":50,"_inline_size":null,"_inline_size_tablet":50,"padding":{"unit":"px","top":"0","right":"0","bottom":"0","left":"20","isLinked":false},"animation":"fadeInRight","padding_tablet":{"unit":"px","top":"0","right":"30","bottom":"0","left":"10","isLinked":false},"margin_mobile":{"unit":"px","top":"0","right":"0","bottom":"0","left":"0","isLinked":true},"padding_mobile":{"unit":"px","top":"0","right":"30","bottom":"20","left":"30","isLinked":false}},"elements":[{"id":"1e5462a9","settings":{"text_color":"#ffffff","editor":"<p>Lorem ipsum dolor sit amet, consectetur adipiscing elit. Nullam eget bibendum dolor, fermentum pellentesque enim. Nam ac maximus neque.\u00a0Lorem ipsum dolor sit amet, consectetur adipiscing elit.<\/p>","typography_typography":"custom","typography_font_size":{"unit":"rem","size":1.100000000000000088817841970012523233890533447265625},"typography_line_height":{"unit":"em","size":1.6999999999999999555910790149937383830547332763671875},"typography_font_family":"Lato","typography_font_weight":"500","_animation":"fadeIn","animation_duration":"slow"},"elements":[],"isInner":false,"widgetType":"text-editor","elType":"widget"}],"isInner":false,"elType":"column"}],"isInner":false,"elType":"section"},{"id":"3038acd6","settings":{"structure":"40","padding":{"unit":"px","top":"80","right":"0","bottom":"80","left":"0","isLinked":false},"padding_tablet":{"unit":"px","top":"40","right":"0","bottom":"40","left":"0","isLinked":false},"margin":{"unit":"px","top":"0","right":0,"bottom":"0","left":0,"isLinked":false},"background_background":"classic","background_color":"#000000","height":"min-height","custom_height":{"unit":"px","size":550},"custom_height_tablet":{"unit":"px","size":500},"background_color_b":"#db4025","background_gradient_angle":{"unit":"deg","size":360},"background_position":"center center","background_attachment":"fixed","background_repeat":"no-repeat","background_size":"cover","background_overlay_background":"classic","background_overlay_color":"#000000","background_overlay_image":{"id":"3973","url":"https:\/\/cliente.shazamlnv.com\/setasolar\/wp-content\/uploads\/2022\/04\/pattern1.jpg"},"background_overlay_position":"center center","background_overlay_attachment":"fixed","background_overlay_size":"cover","background_overlay_opacity":{"unit":"px","size":0.409999999999999975575093458246556110680103302001953125},"css_filters_blur":{"unit":"px","size":5.9000000000000003552713678800500929355621337890625},"overlay_blend_mode":"screen","margin_tablet":{"unit":"px","top":"0","right":0,"bottom":"0","left":0,"isLinked":false},"animation":"fadeIn"},"elements":[{"id":"1ed70f8a","settings":{"_column_size":25,"_inline_size":null,"background_background":"classic","background_image":{"id":"3974","url":"https:\/\/cliente.shazamlnv.com\/setasolar\/wp-content\/uploads\/2022\/04\/person3Y.jpg"},"background_position":"center center","background_repeat":"no-repeat","background_size":"cover","background_hover_color":"#ffffff","background_overlay_background":"classic","background_overlay_color":"rgba(40,34,0,0.22)","background_overlay_hover_background":"classic","background_overlay_hover_color":"#000000","padding":{"unit":"px","top":"150","right":"20","bottom":"150","left":"20","isLinked":false},"content_position":"center","background_overlay_opacity":{"unit":"px","size":0.34999999999999997779553950749686919152736663818359375},"background_overlay_hover_transition":{"unit":"px","size":1},"padding_tablet":{"unit":"px","top":"40","right":"10","bottom":"40","left":"10","isLinked":false},"animation":"fadeInUp","background_overlay_hover_opacity":{"unit":"px","size":0.36999999999999999555910790149937383830547332763671875},"box_shadow_box_shadow_type":"yes","box_shadow_box_shadow":{"horizontal":0,"vertical":5,"blur":53,"spread":4,"color":"rgba(0,0,0,0.5)"},"margin":{"unit":"px","top":"0","right":"10","bottom":"0","left":"0","isLinked":false},"margin_mobile":{"unit":"px","top":"0","right":"0","bottom":"0","left":"0","isLinked":false}},"elements":[{"id":"61b42ca0","settings":{"background_background":"classic","background_color":"rgba(0,138,165,0)"},"elements":[{"id":"1ba24862","settings":{"_column_size":100,"_inline_size":null},"elements":[{"id":"2d6ff29c","settings":{"title":"Deer Creek","align":"center","title_color":"#ffffff","typography_typography":"custom","typography_font_weight":"700","typography_text_transform":"uppercase","size":"medium","header_size":"h3","typography_font_family":"Tauri","typography_font_style":"oblique","typography_letter_spacing":{"unit":"px","size":1},"text_shadow_text_shadow":{"horizontal":0,"vertical":0,"blur":0,"color":"rgba(0,0,0,0.3)"},"_animation":"fadeIn","animation_duration":"slow"},"elements":[],"isInner":false,"widgetType":"heading","elType":"widget"},{"id":"9f13ac1","settings":{"color":"#1398d6","width":{"unit":"%","size":40},"_margin":{"unit":"px","top":"-30","right":"0","bottom":"-24","left":"0","isLinked":false},"_padding":{"unit":"px","top":"0","right":"0","bottom":"0","left":"0","isLinked":true},"_animation":"rollIn","align":"center","weight":{"unit":"px","size":2},"text":"Divis\u00f3ria"},"elements":[],"isInner":false,"widgetType":"divider","elType":"widget"},{"id":"75e659b2","settings":{"editor":"<p>Lorem ipsum dolor sit amet, consectetur adipiscing elit.\u00a0Lorem ipsum dolor sit amet, consectetur adipiscing elit.<\/p>","align":"center","text_color":"#ffffff","typography_typography":"custom","typography_line_height":{"unit":"em","size":1.6999999999999999555910790149937383830547332763671875},"typography_font_family":"Lato","typography_font_weight":"400","typography_font_size":{"unit":"rem","size":0.90000000000000002220446049250313080847263336181640625},"typography_letter_spacing":{"unit":"px","size":1},"_padding":{"unit":"px","top":"0","right":"10","bottom":"0","left":"10","isLinked":false}},"elements":[],"isInner":false,"widgetType":"text-editor","elType":"widget"}],"isInner":true,"elType":"column"}],"isInner":true,"elType":"section"},{"id":"6e0133f4","settings":{"text":"","align":"center","icon":"fa fa-arrow-right","icon_align":"right","background_color":"#00d877","button_background_hover_color":"rgba(224,0,0,0)","border_border":"solid","_border_width":{"unit":"px","top":"1","right":"1","bottom":"1","left":"1","isLinked":true},"_border_color":"#fdd247","typography_typography":"custom","button_hover_border_color":"#ffffff","_animation":"fadeIn","animation_duration":"slow","hover_color":"#ffffff","typography_font_family":"Orbitron","typography_font_size":{"unit":"px","size":10},"typography_font_weight":"600","typography_text_transform":"uppercase","typography_font_style":"oblique","typography_letter_spacing":{"unit":"px","size":1},"button_text_color":"#ffffff","border_width":{"unit":"px","top":"2","right":"2","bottom":"2","left":"2","isLinked":true},"border_color":"#00d877","border_radius":{"unit":"px","top":"0","right":"0","bottom":"0","left":"0","isLinked":true},"text_padding":{"unit":"px","top":"10","right":"10","bottom":"0","left":"10","isLinked":false},"selected_icon":{"value":"fas fa-arrow-right","library":"fa-solid"}},"elements":[],"isInner":false,"widgetType":"button","elType":"widget"}],"isInner":false,"elType":"column"},{"id":"61725f98","settings":{"_column_size":25,"_inline_size":null,"background_background":"classic","background_image":{"id":"3975","url":"https:\/\/cliente.shazamlnv.com\/setasolar\/wp-content\/uploads\/2022\/04\/pexels-photo-1194233.jpeg"},"background_position":"center center","background_repeat":"no-repeat","background_size":"cover","background_hover_color":"#ffffff","background_overlay_background":"classic","background_overlay_color":"#35352a","background_overlay_hover_background":"classic","background_overlay_hover_color":"#000000","padding":{"unit":"px","top":"150","right":"20","bottom":"150","left":"20","isLinked":false},"content_position":"center","background_overlay_opacity":{"unit":"px","size":0.39000000000000001332267629550187848508358001708984375},"background_overlay_hover_transition":{"unit":"px","size":1},"padding_tablet":{"unit":"px","top":"40","right":"10","bottom":"40","left":"10","isLinked":false},"animation":"fadeInUp","box_shadow_box_shadow_type":"yes","box_shadow_box_shadow":{"horizontal":0,"vertical":5,"blur":53,"spread":4,"color":"rgba(0,0,0,0.5)"},"margin":{"unit":"px","top":"0","right":"10","bottom":"0","left":"0","isLinked":false},"margin_mobile":{"unit":"px","top":"0","right":"0","bottom":"0","left":"0","isLinked":false}},"elements":[{"id":"1c21a316","settings":{"background_background":"classic","background_color":"rgba(0,138,165,0)"},"elements":[{"id":"1509a07d","settings":{"_column_size":100,"_inline_size":null},"elements":[{"id":"1b4fd115","settings":{"title":"Chinook","align":"center","title_color":"#ffffff","typography_typography":"custom","typography_font_weight":"700","typography_text_transform":"uppercase","size":"medium","header_size":"h3","typography_font_family":"Tauri","typography_font_style":"oblique","typography_letter_spacing":{"unit":"px","size":1},"text_shadow_text_shadow":{"horizontal":0,"vertical":0,"blur":0,"color":"rgba(0,0,0,0.3)"},"_animation":"fadeIn","animation_duration":"slow"},"elements":[],"isInner":false,"widgetType":"heading","elType":"widget"},{"id":"2ff52cb1","settings":{"color":"#1398d6","width":{"unit":"%","size":40},"_margin":{"unit":"px","top":"-30","right":"0","bottom":"-24","left":"0","isLinked":false},"_padding":{"unit":"px","top":"0","right":"0","bottom":"0","left":"0","isLinked":true},"_animation":"rollIn","weight":{"unit":"px","size":2},"align":"center","text":"Divis\u00f3ria"},"elements":[],"isInner":false,"widgetType":"divider","elType":"widget"},{"id":"5c788f71","settings":{"editor":"<p>Lorem ipsum dolor sit amet, consectetur adipiscing elit.\u00a0Lorem ipsum dolor sit amet, consectetur adipiscing elit.<\/p>","align":"center","text_color":"#ffffff","typography_typography":"custom","typography_line_height":{"unit":"em","size":1.6999999999999999555910790149937383830547332763671875},"typography_font_family":"Lato","typography_font_weight":"400","typography_font_size":{"unit":"rem","size":0.90000000000000002220446049250313080847263336181640625},"typography_letter_spacing":{"unit":"px","size":1},"_padding":{"unit":"px","top":"0","right":"10","bottom":"0","left":"10","isLinked":false}},"elements":[],"isInner":false,"widgetType":"text-editor","elType":"widget"}],"isInner":true,"elType":"column"}],"isInner":true,"elType":"section"},{"id":"12cd9383","settings":{"text":"","align":"center","icon":"fa fa-arrow-right","icon_align":"right","background_color":"#00d877","button_background_hover_color":"rgba(224,0,0,0)","border_border":"solid","_border_width":{"unit":"px","top":"1","right":"1","bottom":"1","left":"1","isLinked":true},"_border_color":"#fdd247","typography_typography":"custom","button_hover_border_color":"#ffffff","_animation":"fadeIn","animation_duration":"slow","hover_color":"#ffffff","typography_font_family":"Orbitron","typography_font_size":{"unit":"px","size":10},"typography_font_weight":"600","typography_text_transform":"uppercase","typography_font_style":"oblique","typography_letter_spacing":{"unit":"px","size":1},"button_text_color":"#ffffff","border_width":{"unit":"px","top":"2","right":"2","bottom":"2","left":"2","isLinked":true},"border_color":"#00d877","border_radius":{"unit":"px","top":"0","right":"0","bottom":"0","left":"0","isLinked":true},"text_padding":{"unit":"px","top":"10","right":"10","bottom":"0","left":"10","isLinked":false},"selected_icon":{"value":"fas fa-arrow-right","library":"fa-solid"}},"elements":[],"isInner":false,"widgetType":"button","elType":"widget"}],"isInner":false,"elType":"column"},{"id":"5b3d4149","settings":{"_column_size":25,"_inline_size":null,"background_background":"classic","background_image":{"id":"3976","url":"https:\/\/cliente.shazamlnv.com\/setasolar\/wp-content\/uploads\/2022\/04\/pexels-photo-1001780.jpeg"},"background_position":"center center","background_repeat":"no-repeat","background_size":"cover","background_hover_color":"#ffffff","background_overlay_background":"classic","background_overlay_color":"rgba(63,62,49,0.76)","background_overlay_hover_background":"classic","background_overlay_hover_color":"#000000","padding":{"unit":"px","top":"150","right":"20","bottom":"150","left":"20","isLinked":false},"content_position":"center","background_overlay_opacity":{"unit":"px","size":0.56999999999999995115018691649311222136020660400390625},"background_overlay_hover_transition":{"unit":"px","size":1},"padding_tablet":{"unit":"px","top":"40","right":"10","bottom":"40","left":"10","isLinked":false},"animation":"fadeInUp","background_overlay_hover_opacity":{"unit":"px","size":0.36999999999999999555910790149937383830547332763671875},"box_shadow_box_shadow_type":"yes","box_shadow_box_shadow":{"horizontal":0,"vertical":5,"blur":53,"spread":4,"color":"rgba(0,0,0,0.5)"},"margin":{"unit":"px","top":"0","right":"10","bottom":"0","left":"0","isLinked":false},"margin_mobile":{"unit":"px","top":"0","right":"0","bottom":"0","left":"0","isLinked":false}},"elements":[{"id":"4d204ab4","settings":{"background_background":"classic","background_color":"rgba(0,138,165,0)"},"elements":[{"id":"5b13e7b0","settings":{"_column_size":100,"_inline_size":null},"elements":[{"id":"1cd2c939","settings":{"title":"Whitetail","align":"center","title_color":"#ffffff","typography_typography":"custom","typography_font_weight":"700","typography_text_transform":"uppercase","size":"medium","header_size":"h3","typography_font_family":"Tauri","typography_font_style":"oblique","typography_letter_spacing":{"unit":"px","size":1},"text_shadow_text_shadow":{"horizontal":0,"vertical":0,"blur":0,"color":"rgba(0,0,0,0.3)"},"_animation":"fadeIn","animation_duration":"slow"},"elements":[],"isInner":false,"widgetType":"heading","elType":"widget"},{"id":"5827071e","settings":{"color":"#1398d6","width":{"unit":"%","size":40},"_margin":{"unit":"px","top":"-30","right":"0","bottom":"-24","left":"0","isLinked":false},"_padding":{"unit":"px","top":"0","right":"0","bottom":"0","left":"0","isLinked":true},"_animation":"rollIn","weight":{"unit":"px","size":2},"align":"center","text":"Divis\u00f3ria"},"elements":[],"isInner":false,"widgetType":"divider","elType":"widget"},{"id":"42a65f71","settings":{"editor":"<p>Lorem ipsum dolor sit amet, consectetur adipiscing elit.\u00a0Lorem ipsum dolor sit amet, consectetur adipiscing elit.<\/p>","align":"center","text_color":"#ffffff","typography_typography":"custom","typography_line_height":{"unit":"em","size":1.6999999999999999555910790149937383830547332763671875},"typography_font_family":"Lato","typography_font_weight":"400","typography_font_size":{"unit":"rem","size":0.90000000000000002220446049250313080847263336181640625},"typography_letter_spacing":{"unit":"px","size":1},"_padding":{"unit":"px","top":"0","right":"10","bottom":"0","left":"10","isLinked":false}},"elements":[],"isInner":false,"widgetType":"text-editor","elType":"widget"}],"isInner":true,"elType":"column"}],"isInner":true,"elType":"section"},{"id":"46a06e3d","settings":{"text":"","align":"center","icon":"fa fa-arrow-right","icon_align":"right","background_color":"#00d877","button_background_hover_color":"rgba(224,0,0,0)","border_border":"solid","_border_width":{"unit":"px","top":"1","right":"1","bottom":"1","left":"1","isLinked":true},"_border_color":"#fdd247","typography_typography":"custom","button_hover_border_color":"#ffffff","_animation":"fadeIn","animation_duration":"slow","hover_color":"#ffffff","typography_font_family":"Orbitron","typography_font_size":{"unit":"px","size":10},"typography_font_weight":"600","typography_text_transform":"uppercase","typography_font_style":"oblique","typography_letter_spacing":{"unit":"px","size":1},"button_text_color":"#ffffff","border_width":{"unit":"px","top":"2","right":"2","bottom":"2","left":"2","isLinked":true},"border_color":"#00d877","border_radius":{"unit":"px","top":"0","right":"0","bottom":"0","left":"0","isLinked":true},"text_padding":{"unit":"px","top":"10","right":"10","bottom":"0","left":"10","isLinked":false},"selected_icon":{"value":"fas fa-arrow-right","library":"fa-solid"}},"elements":[],"isInner":false,"widgetType":"button","elType":"widget"}],"isInner":false,"elType":"column"},{"id":"3125674","settings":{"_column_size":25,"_inline_size":null,"background_background":"classic","background_image":{"id":"3977","url":"https:\/\/cliente.shazamlnv.com\/setasolar\/wp-content\/uploads\/2022\/04\/pexels-photo-1365425.jpeg"},"background_position":"center center","background_repeat":"no-repeat","background_size":"cover","background_hover_color":"#ffffff","background_overlay_background":"classic","background_overlay_color":"rgba(40,34,0,0.22)","background_overlay_hover_background":"classic","background_overlay_hover_color":"#000000","padding":{"unit":"px","top":"150","right":"20","bottom":"150","left":"20","isLinked":false},"content_position":"center","background_overlay_opacity":{"unit":"px","size":0.34999999999999997779553950749686919152736663818359375},"background_overlay_hover_transition":{"unit":"px","size":1},"padding_tablet":{"unit":"px","top":"40","right":"10","bottom":"40","left":"10","isLinked":false},"animation":"fadeInUp","background_overlay_hover_opacity":{"unit":"px","size":0.36999999999999999555910790149937383830547332763671875},"box_shadow_box_shadow_type":"yes","box_shadow_box_shadow":{"horizontal":0,"vertical":5,"blur":53,"spread":4,"color":"rgba(0,0,0,0.5)"},"margin":{"unit":"px","top":"0","right":"10","bottom":"0","left":"0","isLinked":false},"margin_mobile":{"unit":"px","top":"0","right":"0","bottom":"0","left":"0","isLinked":false}},"elements":[{"id":"7e538af7","settings":{"background_background":"classic","background_color":"rgba(0,138,165,0)"},"elements":[{"id":"6b89c345","settings":{"_column_size":100,"_inline_size":null},"elements":[{"id":"c454cc8","settings":{"title":"Red Ridge","align":"center","title_color":"#ffffff","typography_typography":"custom","typography_font_weight":"700","typography_text_transform":"uppercase","size":"medium","header_size":"h3","typography_font_family":"Tauri","typography_font_style":"oblique","typography_letter_spacing":{"unit":"px","size":1},"text_shadow_text_shadow":{"horizontal":0,"vertical":0,"blur":0,"color":"rgba(0,0,0,0.3)"},"_animation":"fadeIn","animation_duration":"slow"},"elements":[],"isInner":false,"widgetType":"heading","elType":"widget"},{"id":"d0dd90","settings":{"color":"#1398d6","width":{"unit":"%","size":40},"_margin":{"unit":"px","top":"-30","right":"0","bottom":"-24","left":"0","isLinked":false},"_padding":{"unit":"px","top":"0","right":"0","bottom":"0","left":"0","isLinked":true},"_animation":"rollIn","align":"center","weight":{"unit":"px","size":2},"text":"Divis\u00f3ria"},"elements":[],"isInner":false,"widgetType":"divider","elType":"widget"},{"id":"30d31b61","settings":{"editor":"<p>Lorem ipsum dolor sit amet, consectetur adipiscing elit.\u00a0Lorem ipsum dolor sit amet, consectetur adipiscing elit.<\/p>","align":"center","text_color":"#ffffff","typography_typography":"custom","typography_line_height":{"unit":"em","size":1.6999999999999999555910790149937383830547332763671875},"typography_font_family":"Lato","typography_font_weight":"400","typography_font_size":{"unit":"rem","size":0.90000000000000002220446049250313080847263336181640625},"typography_letter_spacing":{"unit":"px","size":1},"_padding":{"unit":"px","top":"0","right":"10","bottom":"0","left":"10","isLinked":false}},"elements":[],"isInner":false,"widgetType":"text-editor","elType":"widget"}],"isInner":true,"elType":"column"}],"isInner":true,"elType":"section"},{"id":"671dfff7","settings":{"text":"","align":"center","icon":"fa fa-arrow-right","icon_align":"right","background_color":"#00d877","button_background_hover_color":"rgba(224,0,0,0)","border_border":"solid","_border_width":{"unit":"px","top":"1","right":"1","bottom":"1","left":"1","isLinked":true},"_border_color":"#fdd247","typography_typography":"custom","button_hover_border_color":"#ffffff","_animation":"fadeIn","animation_duration":"slow","hover_color":"#ffffff","typography_font_family":"Orbitron","typography_font_size":{"unit":"px","size":10},"typography_font_weight":"600","typography_text_transform":"uppercase","typography_font_style":"oblique","typography_letter_spacing":{"unit":"px","size":1},"button_text_color":"#ffffff","border_width":{"unit":"px","top":"2","right":"2","bottom":"2","left":"2","isLinked":true},"border_color":"#00d877","border_radius":{"unit":"px","top":"0","right":"0","bottom":"0","left":"0","isLinked":true},"text_padding":{"unit":"px","top":"10","right":"10","bottom":"0","left":"10","isLinked":false},"selected_icon":{"value":"fas fa-arrow-right","library":"fa-solid"}},"elements":[],"isInner":false,"widgetType":"button","elType":"widget"}],"isInner":false,"elType":"column"}],"isInner":false,"elType":"section"},{"id":"4486af21","settings":{"custom_height":{"unit":"vh","size":60},"background_background":"classic","background_position":"top center","background_attachment":"fixed","background_repeat":"no-repeat","background_size":"cover","background_overlay_background":"classic","background_overlay_color":"#ffffff","shape_divider_bottom_width":{"unit":"%","size":300},"shape_divider_bottom_negative":"yes","structure":"20","shape_divider_bottom_height":{"unit":"px","size":0},"custom_height_tablet":{"unit":"px","size":439},"shape_divider_bottom_height_tablet":{"unit":"px","size":0},"margin_tablet":{"unit":"px","top":"","right":0,"bottom":"","left":0,"isLinked":true},"padding_mobile":{"unit":"em","top":"5","right":"1","bottom":"5","left":"1","isLinked":false},"background_video_link":"https:\/\/www.youtube.com\/watch?v=G5eaRMifvPQ","background_video_start":31,"background_video_end":60,"background_overlay_position":"center center","background_overlay_opacity":{"unit":"px","size":0},"padding_tablet":{"unit":"em","top":"8","right":"2","bottom":"8","left":"2","isLinked":false},"html_tag":"section","background_color":"#161616","margin":{"unit":"px","top":"0","right":0,"bottom":"0","left":0,"isLinked":false},"padding":{"unit":"em","top":"10","right":"02","bottom":"5","left":"02","isLinked":false},"shape_divider_top_color":"#ffffff","shape_divider_top_width":{"unit":"%","size":300},"shape_divider_top_height":{"unit":"px","size":180},"reverse_order_mobile":"reverse-mobile","reverse_order_tablet":"reverse-tablet"},"elements":[{"id":"5ee7e264","settings":{"_column_size":50,"_inline_size":null,"margin":{"unit":"px","top":"0","right":"0","bottom":"0","left":"0","isLinked":false},"padding":{"unit":"px","top":"0","right":"0","bottom":"0","left":"0","isLinked":false},"background_background":"classic","background_color":"#161616","background_position":"top left","background_overlay_background":"classic","background_overlay_color":"rgba(0,0,0,0)","content_position":"center","_inline_size_tablet":100},"elements":[{"id":"12a24528","settings":{"structure":"20","margin":{"unit":"px","top":"0","right":0,"bottom":"0","left":0,"isLinked":false},"padding":{"unit":"px","top":"0","right":"0","bottom":"0","left":"0","isLinked":false},"background_background":"classic","background_color":"#161616","animation":"fadeIn","padding_tablet":{"unit":"em","top":"0","right":"0","bottom":"0","left":"0","isLinked":false},"padding_mobile":{"unit":"em","top":"0","right":"0","bottom":"05","left":"0","isLinked":false}},"elements":[{"id":"3d364019","settings":{"_column_size":50,"_inline_size":null,"margin":{"unit":"px","top":"0","right":"0","bottom":"0","left":"0","isLinked":false},"padding":{"unit":"px","top":"0","right":"0","bottom":"0","left":"0","isLinked":false},"background_background":"classic","background_color":"#161616","content_position":"center","background_overlay_background":"classic","background_overlay_color":"#161616"},"elements":[{"id":"7934772a","settings":{"image":{"id":"3978","url":"https:\/\/cliente.shazamlnv.com\/setasolar\/wp-content\/uploads\/2022\/04\/pexels-photo-1098366.jpeg"},"hover_animation":"shrink","image_size":"custom","image_custom_dimension":{"width":"600","height":"600"}},"elements":[],"isInner":false,"widgetType":"image","elType":"widget"}],"isInner":true,"elType":"column"},{"id":"1f0b916c","settings":{"_column_size":50,"_inline_size":null,"margin":{"unit":"px","top":"0","right":"0","bottom":"0","left":"0","isLinked":false},"padding":{"unit":"px","top":"0","right":"0","bottom":"0","left":"0","isLinked":false}},"elements":[{"id":"2fbd2e86","settings":{"image":{"id":"3979","url":"https:\/\/cliente.shazamlnv.com\/setasolar\/wp-content\/uploads\/2022\/04\/pexels-photo-1035429.jpeg"},"hover_animation":"shrink","image_size":"custom","image_custom_dimension":{"width":"600","height":"600"}},"elements":[],"isInner":false,"widgetType":"image","elType":"widget"}],"isInner":true,"elType":"column"}],"isInner":true,"elType":"section"},{"id":"5d6aeca2","settings":{"structure":"20","animation":"fadeIn","animation_duration":"slow"},"elements":[{"id":"78f34aa5","settings":{"_column_size":50,"_inline_size":null,"margin":{"unit":"px","top":"0","right":"0","bottom":"0","left":"0","isLinked":false},"padding":{"unit":"px","top":"0","right":"0","bottom":"0","left":"0","isLinked":false}},"elements":[{"id":"66ff1895","settings":{"image":{"id":"3980","url":"https:\/\/cliente.shazamlnv.com\/setasolar\/wp-content\/uploads\/2022\/04\/pexels-photo-1305095.jpeg"},"hover_animation":"shrink","image_size":"custom","image_custom_dimension":{"width":"600","height":"600"}},"elements":[],"isInner":false,"widgetType":"image","elType":"widget"}],"isInner":true,"elType":"column"},{"id":"b0c027","settings":{"_column_size":50,"_inline_size":null,"margin":{"unit":"px","top":"0","right":"0","bottom":"0","left":"0","isLinked":false},"padding":{"unit":"px","top":"0","right":"0","bottom":"0","left":"0","isLinked":false}},"elements":[{"id":"7b20dfd0","settings":{"image":{"id":"3981","url":"https:\/\/cliente.shazamlnv.com\/setasolar\/wp-content\/uploads\/2022\/04\/pexels-photo-1070492.jpeg"},"hover_animation":"shrink","image_size":"custom","image_custom_dimension":{"width":"600","height":"600"}},"elements":[],"isInner":false,"widgetType":"image","elType":"widget"}],"isInner":true,"elType":"column"}],"isInner":true,"elType":"section"}],"isInner":false,"elType":"column"},{"id":"6d4b7a62","settings":{"_column_size":50,"_inline_size":null,"margin":{"unit":"px","top":"0","right":"0","bottom":"0","left":"30","isLinked":false},"content_position":"center","margin_mobile":{"unit":"px","top":"0","right":"0","bottom":"0","left":"0","isLinked":true}},"elements":[{"id":"61d2d58a","settings":{"title":"About extreme sports club\n","typography_typography":"custom","typography_font_weight":"700","typography_text_transform":"uppercase","typography_letter_spacing":{"unit":"px","size":1},"align":"left","title_color":"#00d877","typography_font_family":"Tauri","typography_font_style":"oblique","text_shadow_text_shadow":{"horizontal":0,"vertical":0,"blur":0,"color":"rgba(0,0,0,0.3)"},"_animation":"fadeIn","animation_duration":"slow"},"elements":[],"isInner":false,"widgetType":"heading","elType":"widget"},{"id":"4383621f","settings":{"color":"#00d877","width":{"unit":"%","size":40},"_margin":{"unit":"px","top":"-30","right":"0","bottom":"-24","left":"0","isLinked":false},"_padding":{"unit":"px","top":"0","right":"0","bottom":"0","left":"0","isLinked":true},"_animation":"fadeIn","animation_duration":"slow","weight":{"unit":"px","size":2},"text":"Divis\u00f3ria"},"elements":[],"isInner":false,"widgetType":"divider","elType":"widget"},{"id":"56b806d7","settings":{"editor":"Club\u2019s first player was John Harrison. After several years he was widely acclaimed as a natural coach and teacher. Over his 20-year volunteer career, it has been estimated that more than 200,000 children learned to play soccer at his club.\n","typography_typography":"custom","typography_line_height":{"unit":"em","size":1.6999999999999999555910790149937383830547332763671875},"text_color":"#ffffff","typography_font_family":"Lato","typography_font_size":{"unit":"rem","size":1.100000000000000088817841970012523233890533447265625},"typography_font_weight":"500","_animation":"fadeIn","animation_duration":"slow"},"elements":[],"isInner":false,"widgetType":"text-editor","elType":"widget"},{"id":"12d038b2","settings":{"space":{"unit":"px","size":12}},"elements":[],"isInner":false,"widgetType":"spacer","elType":"widget"},{"id":"4ee6d0ef","settings":{"text":"view events","icon":"fa fa-arrow-right","icon_align":"right","typography_typography":"custom","typography_font_size":{"unit":"px","size":10},"typography_text_transform":"uppercase","typography_letter_spacing":{"unit":"px","size":1},"button_text_color":"#00d877","background_color":"rgba(0,0,0,0)","hover_color":"#ffffff","border_radius":{"unit":"px","top":"0","right":"0","bottom":"0","left":"0","isLinked":true},"text_padding":{"unit":"em","top":"","right":"","bottom":"","left":"","isLinked":true},"align":"right","typography_font_family":"Orbitron","typography_font_weight":"600","typography_font_style":"oblique","button_background_hover_color":"rgba(0,216,119,0)","button_hover_border_color":"#ffffff","border_border":"solid","border_width":{"unit":"px","top":"2","right":"2","bottom":"2","left":"2","isLinked":true},"_animation":"fadeIn","animation_duration":"slow","_border_width":{"unit":"px","top":"1","right":"1","bottom":"1","left":"1","isLinked":true},"_border_color":"#fdd247","selected_icon":{"value":"fas fa-arrow-right","library":"fa-solid"}},"elements":[],"isInner":false,"widgetType":"button","elType":"widget"}],"isInner":false,"elType":"column"}],"isInner":false,"elType":"section"},{"id":"a30e7cb","settings":{"structure":"20","background_background":"classic","background_color":"#161616","padding":{"unit":"em","top":"5","right":"2","bottom":"5","left":"2","isLinked":false},"content_position":"middle","padding_mobile":{"unit":"em","top":"05","right":"1","bottom":"5","left":"1","isLinked":false},"animation_duration":"fast","custom_height_tablet":{"unit":"px","size":0},"margin_tablet":{"unit":"px","top":"","right":0,"bottom":"","left":0,"isLinked":true},"padding_tablet":{"unit":"em","top":"0","right":"2","bottom":"0","left":"2","isLinked":false},"shape_divider_top_width":{"unit":"%","size":300},"shape_divider_top_height":{"unit":"px","size":44}},"elements":[{"id":"7ce518f5","settings":{"_column_size":50,"_inline_size_tablet":50,"animation":"fadeInUp","_inline_size":null,"margin":{"unit":"px","top":"0","right":"0","bottom":"0","left":"0","isLinked":false},"padding":{"unit":"px","top":"0","right":"0","bottom":"0","left":"0","isLinked":false},"animation_duration":"fast"},"elements":[{"id":"3e21058e","settings":{"title":"do you want new challenges in exciting new places?\n","align":"right","title_color":"#ffffff","typography_typography":"custom","typography_font_family":"Tauri","typography_font_weight":"400","typography_text_transform":"uppercase","typography_line_height":{"unit":"em","size":1.5},"typography_letter_spacing":{"unit":"px","size":1.8000000000000000444089209850062616169452667236328125},"_padding":{"unit":"px","top":"18","right":"30","bottom":"18","left":"0","isLinked":false},"_border_border":"solid","_border_width":{"unit":"px","top":"0","right":"2","bottom":"0","left":"0","isLinked":false},"_border_color":"#1398d6","align_mobile":"center","_margin":{"unit":"px","top":"0","right":"0","bottom":"0","left":"0","isLinked":true},"_animation":"fadeInLeft","_margin_tablet":{"unit":"px","top":"0","right":"0","bottom":"0","left":"0","isLinked":false},"_padding_tablet":{"unit":"px","top":"30","right":"13","bottom":"30","left":"0","isLinked":false},"_margin_mobile":{"unit":"px","top":"-10","right":"030","bottom":"0","left":"030","isLinked":false},"_padding_mobile":{"unit":"px","top":"0","right":"0","bottom":"17","left":"0","isLinked":false},"_border_width_mobile":{"unit":"px","top":"0","right":"0","bottom":"2","left":"0","isLinked":false},"typography_font_style":"oblique"},"elements":[],"isInner":false,"widgetType":"heading","elType":"widget"}],"isInner":false,"elType":"column"},{"id":"296f9015","settings":{"_column_size":50,"_inline_size":null,"_inline_size_tablet":50,"padding":{"unit":"px","top":"0","right":"0","bottom":"0","left":"20","isLinked":false},"animation":"fadeInUp","padding_tablet":{"unit":"px","top":"0","right":"30","bottom":"0","left":"10","isLinked":false},"margin_mobile":{"unit":"px","top":"0","right":"0","bottom":"0","left":"0","isLinked":true},"padding_mobile":{"unit":"px","top":"0","right":"30","bottom":"20","left":"30","isLinked":false}},"elements":[{"id":"2622cb41","settings":{"text_color":"#ffffff","editor":"<p>Lorem ipsum dolor sit amet, consectetur adipiscing elit. Nullam eget bibendum dolor, fermentum pellentesque enim. Nam ac maximus neque.\u00a0Lorem ipsum dolor sit amet, consectetur adipiscing elit.<\/p>","typography_typography":"custom","typography_font_size":{"unit":"rem","size":1.100000000000000088817841970012523233890533447265625},"typography_line_height":{"unit":"em","size":1.6999999999999999555910790149937383830547332763671875},"typography_font_family":"Lato","typography_font_weight":"500","_animation":"fadeIn","animation_duration":"slow"},"elements":[],"isInner":false,"widgetType":"text-editor","elType":"widget"}],"isInner":false,"elType":"column"}],"isInner":false,"elType":"section"},{"id":"50b2226c","settings":{"custom_height":{"unit":"vh","size":60},"background_background":"classic","background_position":"top center","background_attachment":"fixed","background_repeat":"no-repeat","background_size":"cover","background_overlay_background":"classic","background_overlay_color":"#ffffff","shape_divider_bottom_width":{"unit":"%","size":300},"shape_divider_bottom_negative":"yes","structure":"20","shape_divider_bottom_height":{"unit":"px","size":44},"custom_height_tablet":{"unit":"px","size":439},"shape_divider_bottom_height_tablet":{"unit":"px","size":154},"margin_tablet":{"unit":"px","top":"0","right":0,"bottom":"0","left":0,"isLinked":true},"padding_mobile":{"unit":"em","top":"5","right":"1","bottom":"5","left":"1","isLinked":false},"background_video_link":"https:\/\/www.youtube.com\/watch?v=G5eaRMifvPQ","background_video_start":31,"background_video_end":60,"background_overlay_position":"center center","background_overlay_opacity":{"unit":"px","size":0},"padding_tablet":{"unit":"em","top":"8","right":"2","bottom":"8","left":"2","isLinked":false},"html_tag":"section","background_color":"#161616","margin":{"unit":"px","top":"0","right":0,"bottom":"0","left":0,"isLinked":false},"padding":{"unit":"em","top":"5","right":"2","bottom":"10","left":"2","isLinked":false},"shape_divider_top_color":"#ffffff","shape_divider_top_width":{"unit":"%","size":300},"shape_divider_top_height":{"unit":"px","size":180},"shape_divider_bottom_width_tablet":{"unit":"%","size":300}},"elements":[{"id":"67543287","settings":{"_column_size":50,"_inline_size":null,"content_position":"center","margin":{"unit":"px","top":"0","right":"0","bottom":"0","left":"0","isLinked":false},"padding":{"unit":"%","top":"10","right":"15","bottom":"10","left":"15","isLinked":false},"background_background":"classic","padding_mobile":{"unit":"em","top":"0","right":"0","bottom":"3","left":"0","isLinked":false},"_inline_size_tablet":100,"margin_tablet":{"unit":"px","top":"0","right":"0","bottom":"0","left":"0","isLinked":false},"padding_tablet":{"unit":"em","top":"0","right":"0","bottom":"5","left":"0","isLinked":false}},"elements":[{"id":"d14e27b","settings":{"margin":{"unit":"px","top":"0","right":0,"bottom":"0","left":0,"isLinked":false},"padding":{"unit":"em","top":"0","right":"0","bottom":"2","left":"0","isLinked":false},"animation":"fadeInUp"},"elements":[{"id":"28629f34","settings":{"_column_size":100,"_inline_size":null,"content_position":"center","margin":{"unit":"px","top":"0","right":"0","bottom":"0","left":"0","isLinked":false},"padding":{"unit":"px","top":"0","right":"0","bottom":"0","left":"0","isLinked":false}},"elements":[{"id":"2bd6bc77","settings":{"title":"need more info?","size":"large","typography_typography":"custom","typography_font_weight":"900","typography_letter_spacing":{"unit":"px","size":5},"title_color":"#ffffff","align":"center","typography_text_transform":"uppercase","_margin":{"unit":"px","top":"0","right":"0","bottom":"0","left":"-18","isLinked":false},"_padding":{"unit":"px","top":"0","right":"0","bottom":"0","left":"0","isLinked":false},"typography_font_family":"Orbitron","typography_font_style":"oblique","typography_font_size":{"unit":"rem","size":6.29999999999999982236431605997495353221893310546875},"typography_font_size_tablet":{"unit":"rem","size":3},"text_shadow_text_shadow":{"horizontal":0,"vertical":0,"blur":10,"color":"rgba(12,12,12,0.3)"},"_animation":"zoomIn","animation_duration":"fast","align_tablet":"center","align_mobile":"center","typography_letter_spacing_mobile":{"unit":"px","size":6.20000000000000017763568394002504646778106689453125},"_padding_mobile":{"unit":"px","top":"0","right":"3","bottom":"0","left":"3","isLinked":false}},"elements":[],"isInner":false,"widgetType":"heading","elType":"widget"},{"id":"5e9428e0","settings":{"editor":"<p>how can we help you?<\/p>","align":"center","text_color":"#00d877","typography_typography":"custom","typography_letter_spacing":{"unit":"px","size":1},"_animation":"fadeIn","typography_text_transform":"uppercase","animation_duration":"slow","typography_font_family":"Tauri","typography_font_weight":"700","typography_font_style":"oblique"},"elements":[],"isInner":false,"widgetType":"text-editor","elType":"widget"}],"isInner":true,"elType":"column"}],"isInner":true,"elType":"section"},{"id":"2a55e82f","settings":{"text":"View More","icon":"fa fa-arrow-right","icon_align":"right","typography_typography":"custom","typography_font_size":{"unit":"px","size":12},"typography_text_transform":"uppercase","typography_letter_spacing":{"unit":"px","size":1},"button_text_color":"#ffffff","background_color":"#00d877","hover_color":"#00d877","border_radius":{"unit":"px","top":"0","right":"0","bottom":"0","left":"0","isLinked":true},"text_padding":{"unit":"em","top":"","right":"","bottom":"","left":"","isLinked":true},"align":"center","typography_font_family":"Orbitron","typography_font_weight":"600","typography_font_style":"oblique","button_background_hover_color":"rgba(0,216,119,0)","button_hover_border_color":"#00d877","border_border":"solid","border_width":{"unit":"px","top":"2","right":"2","bottom":"2","left":"2","isLinked":true},"border_color":"#00d877","_animation":"fadeIn","animation_duration":"slow","_border_width":{"unit":"px","top":"1","right":"1","bottom":"1","left":"1","isLinked":true},"_border_color":"#fdd247","selected_icon":{"value":"fas fa-arrow-right","library":"fa-solid"}},"elements":[],"isInner":false,"widgetType":"button","elType":"widget"}],"isInner":false,"elType":"column"},{"id":"60115171","settings":{"_column_size":50,"_inline_size":null,"margin":{"unit":"px","top":"0","right":"0","bottom":"0","left":"0","isLinked":false},"padding":{"unit":"em","top":"0","right":"0","bottom":"0","left":"0","isLinked":true},"background_color":"#161616","box_shadow_box_shadow":{"horizontal":0,"vertical":5,"blur":53,"spread":4,"color":"rgba(0,0,0,0.5)"},"_inline_size_tablet":100,"padding_mobile":{"unit":"px","top":"0","right":"0","bottom":"0","left":"0","isLinked":false}},"elements":[{"id":"5dd321f6","settings":{"structure":"20","margin":{"unit":"px","top":"0","right":0,"bottom":"0","left":0,"isLinked":false},"padding":{"unit":"em","top":"0","right":"0","bottom":"0","left":"0","isLinked":false},"background_background":"classic","background_color":"#1b1b1b","animation":"fadeIn"},"elements":[{"id":"3ea7c2da","settings":{"_column_size":50,"_inline_size":null,"margin":{"unit":"px","top":"0","right":"0","bottom":"0","left":"0","isLinked":false},"padding":{"unit":"em","top":"1","right":"1","bottom":"1","left":"1","isLinked":true},"background_background":"classic","background_color":"#161616","box_shadow_box_shadow":{"horizontal":0,"vertical":5,"blur":53,"spread":4,"color":"rgba(0,0,0,0.5)"}},"elements":[{"id":"6f74060a","settings":{"title_text":"How to start","description_text":"Lorem ipsum dolor sit amet, consectetur adipiscing elit. Morbi scelerisque, nisl vitae scelerisque varius, est metus fermentum ligula, eu vestibulum tortor lectus vel turpis.","link":{"url":"#","is_external":"","nofollow":""},"content_vertical_alignment":"middle","title_color":"#00d877","title_typography_typography":"custom","title_typography_font_weight":"700","description_color":"#ffffff","description_typography_typography":"custom","description_typography_font_size":{"unit":"rem","size":0.90000000000000002220446049250313080847263336181640625},"description_typography_font_weight":"400","description_typography_line_height":{"unit":"em","size":1.6999999999999999555910790149937383830547332763671875},"_padding":{"unit":"em","top":"1","right":"1","bottom":"1","left":"1","isLinked":true},"_z_index":1,"_background_background":"classic","_background_color":"#161616","_box_shadow_box_shadow_type":"yes","_box_shadow_box_shadow":{"horizontal":0,"vertical":7,"blur":20,"spread":4,"color":"rgba(0,0,0,0.49)"},"icon":"fa fa-child","title_typography_text_transform":"uppercase","primary_color":"#f9d661","_animation":"zoomIn","title_typography_font_family":"Tauri","title_typography_font_size":{"unit":"rem","size":1.1999999999999999555910790149937383830547332763671875},"title_typography_font_style":"oblique","description_typography_font_family":"Lato","icon_size":{"unit":"px","size":34},"animation_duration":"fast","selected_icon":{"value":"fas fa-child","library":"fa-solid"}},"elements":[],"isInner":false,"widgetType":"icon-box","elType":"widget"}],"isInner":true,"elType":"column"},{"id":"5edf1525","settings":{"_column_size":50,"_inline_size":null,"margin":{"unit":"px","top":"0","right":"0","bottom":"0","left":"0","isLinked":false},"padding":{"unit":"em","top":"1","right":"1","bottom":"1","left":"1","isLinked":true},"background_background":"classic","background_color":"#161616","box_shadow_box_shadow":{"horizontal":0,"vertical":5,"blur":53,"spread":4,"color":"rgba(0,0,0,0.5)"}},"elements":[{"id":"73dbd6b4","settings":{"title_text":"Activities","description_text":"Lorem ipsum dolor sit amet, consectetur adipiscing elit. Morbi scelerisque, nisl vitae scelerisque varius, est metus fermentum ligula, eu vestibulum tortor lectus vel turpis.","link":{"url":"#","is_external":"","nofollow":""},"content_vertical_alignment":"middle","title_color":"#00d877","title_typography_typography":"custom","title_typography_font_weight":"700","description_color":"#ffffff","description_typography_typography":"custom","description_typography_font_size":{"unit":"rem","size":0.90000000000000002220446049250313080847263336181640625},"description_typography_font_weight":"400","description_typography_line_height":{"unit":"em","size":1.6999999999999999555910790149937383830547332763671875},"_padding":{"unit":"em","top":"1","right":"1","bottom":"1","left":"1","isLinked":true},"_z_index":1,"_background_background":"classic","_background_color":"#161616","_box_shadow_box_shadow_type":"yes","_box_shadow_box_shadow":{"horizontal":0,"vertical":7,"blur":20,"spread":4,"color":"rgba(0,0,0,0.49)"},"icon":"fa fa-motorcycle","title_typography_text_transform":"uppercase","primary_color":"#f9d661","_animation":"zoomIn","title_typography_font_family":"Tauri","title_typography_font_size":{"unit":"rem","size":1.1999999999999999555910790149937383830547332763671875},"title_typography_font_style":"oblique","description_typography_font_family":"Lato","icon_size":{"unit":"px","size":34},"animation_duration":"fast","selected_icon":{"value":"fas fa-motorcycle","library":"fa-solid"}},"elements":[],"isInner":false,"widgetType":"icon-box","elType":"widget"}],"isInner":true,"elType":"column"}],"isInner":true,"elType":"section"},{"id":"683a6c73","settings":{"structure":"20","margin":{"unit":"px","top":"0","right":0,"bottom":"0","left":0,"isLinked":false},"padding":{"unit":"em","top":"0","right":"0","bottom":"0","left":"0","isLinked":false},"background_background":"classic","background_color":"#1b1b1b","animation":"fadeIn"},"elements":[{"id":"726eecbf","settings":{"_column_size":50,"_inline_size":null,"margin":{"unit":"px","top":"0","right":"0","bottom":"0","left":"0","isLinked":false},"padding":{"unit":"em","top":"1","right":"1","bottom":"1","left":"1","isLinked":true},"background_background":"classic","background_color":"#161616","box_shadow_box_shadow":{"horizontal":0,"vertical":5,"blur":53,"spread":4,"color":"rgba(0,0,0,0.5)"}},"elements":[{"id":"2340dda8","settings":{"title_text":"Guide Directory","description_text":"Lorem ipsum dolor sit amet, consectetur adipiscing elit. Morbi scelerisque, nisl vitae scelerisque varius, est metus fermentum ligula, eu vestibulum tortor lectus vel turpis.","link":{"url":"#","is_external":"","nofollow":""},"content_vertical_alignment":"middle","title_color":"#00d877","title_typography_typography":"custom","title_typography_font_weight":"700","description_color":"#ffffff","description_typography_typography":"custom","description_typography_font_size":{"unit":"rem","size":0.90000000000000002220446049250313080847263336181640625},"description_typography_font_weight":"400","description_typography_line_height":{"unit":"em","size":1.6999999999999999555910790149937383830547332763671875},"_padding":{"unit":"em","top":"1","right":"1","bottom":"1","left":"1","isLinked":true},"_z_index":1,"_background_background":"classic","_background_color":"#161616","_box_shadow_box_shadow_type":"yes","_box_shadow_box_shadow":{"horizontal":0,"vertical":7,"blur":20,"spread":4,"color":"rgba(0,0,0,0.49)"},"icon":"fa fa-address-book","title_typography_text_transform":"uppercase","primary_color":"#f9d661","_animation":"zoomIn","title_typography_font_family":"Tauri","title_typography_font_size":{"unit":"rem","size":1.1999999999999999555910790149937383830547332763671875},"title_typography_font_style":"oblique","description_typography_font_family":"Lato","icon_size":{"unit":"px","size":34},"animation_duration":"fast","selected_icon":{"value":"fas fa-address-book","library":"fa-solid"}},"elements":[],"isInner":false,"widgetType":"icon-box","elType":"widget"}],"isInner":true,"elType":"column"},{"id":"6f513989","settings":{"_column_size":50,"_inline_size":null,"margin":{"unit":"px","top":"0","right":"0","bottom":"0","left":"0","isLinked":false},"padding":{"unit":"em","top":"1","right":"1","bottom":"1","left":"1","isLinked":true},"background_background":"classic","background_color":"#161616","box_shadow_box_shadow":{"horizontal":0,"vertical":5,"blur":53,"spread":4,"color":"rgba(0,0,0,0.5)"}},"elements":[{"id":"10120834","settings":{"title_text":"FAQ","description_text":"Lorem ipsum dolor sit amet, consectetur adipiscing elit. Morbi scelerisque, nisl vitae scelerisque varius, est metus fermentum ligula, eu vestibulum tortor lectus vel turpis.","link":{"url":"#","is_external":"","nofollow":""},"content_vertical_alignment":"middle","title_color":"#00d877","title_typography_typography":"custom","title_typography_font_weight":"700","description_color":"#ffffff","description_typography_typography":"custom","description_typography_font_size":{"unit":"rem","size":0.90000000000000002220446049250313080847263336181640625},"description_typography_font_weight":"400","description_typography_line_height":{"unit":"em","size":1.6999999999999999555910790149937383830547332763671875},"_padding":{"unit":"em","top":"1","right":"1","bottom":"1","left":"1","isLinked":true},"_z_index":1,"_background_background":"classic","_background_color":"#161616","_box_shadow_box_shadow_type":"yes","_box_shadow_box_shadow":{"horizontal":0,"vertical":7,"blur":20,"spread":4,"color":"rgba(0,0,0,0.49)"},"icon":"fa fa-question-circle","title_typography_text_transform":"uppercase","primary_color":"#f9d661","_animation":"zoomIn","title_typography_font_family":"Tauri","title_typography_font_size":{"unit":"rem","size":1.1999999999999999555910790149937383830547332763671875},"title_typography_font_style":"oblique","description_typography_font_family":"Lato","icon_size":{"unit":"px","size":34},"animation_duration":"fast","selected_icon":{"value":"fas fa-question-circle","library":"fa-solid"}},"elements":[],"isInner":false,"widgetType":"icon-box","elType":"widget"}],"isInner":true,"elType":"column"}],"isInner":true,"elType":"section"}],"isInner":false,"elType":"column"}],"isInner":false,"elType":"section"},{"id":"d5a84ad","settings":{"background_background":"classic","background_color":"#ffffff","background_position":"initial","background_repeat":"no-repeat","background_size":"initial","background_overlay_background":"classic","background_overlay_image":{"id":"3973","url":"https:\/\/cliente.shazamlnv.com\/setasolar\/wp-content\/uploads\/2022\/04\/pattern1.jpg"},"background_overlay_position":"center center","background_overlay_attachment":"fixed","background_overlay_size":"cover","background_overlay_opacity":{"unit":"px","size":0.14000000000000001332267629550187848508358001708984375},"overlay_blend_mode":"screen","margin":{"unit":"px","top":"0","right":0,"bottom":"0","left":0,"isLinked":false},"margin_tablet":{"unit":"px","top":"-34","right":0,"bottom":"0","left":0,"isLinked":false},"padding":{"unit":"em","top":"10","right":"2","bottom":"10","left":"2","isLinked":false},"padding_tablet":{"unit":"em","top":"8","right":"2","bottom":"8","left":"2","isLinked":false},"gap":"extended","html_tag":"section","background_bg_width":{"unit":"%","size":150},"border_border":"solid","border_width":{"unit":"px","top":"0","right":"0","bottom":"0","left":"0","isLinked":false},"border_color":"#eeeeee","padding_mobile":{"unit":"em","top":"5","right":"1","bottom":"5","left":"1","isLinked":false},"margin_mobile":{"unit":"px","top":"0","right":0,"bottom":"0","left":0,"isLinked":false},"background_image":{"id":"3982","url":"https:\/\/cliente.shazamlnv.com\/setasolar\/wp-content\/uploads\/2022\/04\/pexels-photo-547116.jpeg"},"background_ypos":{"unit":"%","size":74},"background_attachment":"fixed"},"elements":[{"id":"7b14de19","settings":{"_column_size":100,"_inline_size":null,"margin":{"unit":"px","top":"0","right":"0","bottom":"0","left":"0","isLinked":false},"margin_tablet":{"unit":"px","top":"0","right":"0","bottom":"0","left":"0","isLinked":false},"padding":{"unit":"px","top":"0","right":"0","bottom":"0","left":"0","isLinked":false},"padding_tablet":{"unit":"px","top":"0","right":"0","bottom":"0","left":"0","isLinked":false}},"elements":[{"id":"7fd3d035","settings":{"editor":"<p>the best prices from industrie<\/p>","align":"left","text_color":"#ffffff","typography_typography":"custom","typography_letter_spacing":{"unit":"px","size":1},"_animation":"fadeIn","typography_text_transform":"uppercase","animation_duration":"slow","typography_font_family":"Tauri","typography_font_weight":"700","typography_font_style":"oblique"},"elements":[],"isInner":false,"widgetType":"text-editor","elType":"widget"},{"id":"1bb495b0","settings":{"title":"membership pricing","size":"large","typography_typography":"custom","typography_font_weight":"600","typography_letter_spacing":{"unit":"px","size":2},"title_color":"#000000","_animation":"fadeIn","animation_duration":"slow","align":"left","typography_text_transform":"uppercase","text_shadow_text_shadow":{"horizontal":0,"vertical":0,"blur":0,"color":"rgba(0,0,0,0.3)"},"_margin":{"unit":"px","top":"0","right":"0","bottom":"0","left":"0","isLinked":false},"_padding":{"unit":"em","top":"","right":"","bottom":"","left":"","isLinked":true},"typography_font_family":"Orbitron","typography_font_size":{"unit":"rem","size":4.4000000000000003552713678800500929355621337890625},"typography_font_style":"oblique"},"elements":[],"isInner":false,"widgetType":"heading","elType":"widget"},{"id":"689b167a","settings":{"color":"#000000","_margin":{"unit":"px","top":"-30","right":"0","bottom":"-24","left":"0","isLinked":false},"_padding":{"unit":"px","top":"0","right":"0","bottom":"0","left":"0","isLinked":true},"_animation":"fadeIn","animation_duration":"slow","align":"left","weight":{"unit":"px","size":2},"text":"Divis\u00f3ria"},"elements":[],"isInner":false,"widgetType":"divider","elType":"widget"},{"id":"7401ea3b","settings":{"space":{"unit":"px","size":30}},"elements":[],"isInner":false,"widgetType":"spacer","elType":"widget"},{"id":"205c96ca","settings":{"structure":"30","background_color":"#1b1b1b","margin":{"unit":"px","top":"0","right":0,"bottom":"0","left":0,"isLinked":false},"padding":{"unit":"em","top":"","right":"","bottom":"","left":"","isLinked":false},"padding_tablet":{"unit":"px","top":"40","right":"0","bottom":"40","left":"0","isLinked":false}},"elements":[{"id":"6cbc84ba","settings":{"_column_size":33,"_inline_size":null,"background_background":"classic","background_color":"#141414","box_shadow_box_shadow_type":"yes","box_shadow_box_shadow":{"horizontal":"","vertical":7,"blur":20,"spread":4,"color":"rgba(0,0,0,0.49)"},"margin":{"unit":"px","top":"0","right":"10","bottom":"0","left":"0","isLinked":false},"padding":{"unit":"px","top":"40","right":"40","bottom":"40","left":"40","isLinked":true},"z_index":2,"_inline_size_tablet":100},"elements":[{"id":"517fb323","settings":{"title":"BASIC","align":"center","title_color":"#00d877","typography_typography":"custom","typography_font_family":"Tauri","typography_font_weight":"700","typography_text_transform":"uppercase","header_size":"h3","typography_font_size":{"unit":"rem","size":1.5},"typography_font_style":"oblique","typography_letter_spacing":{"unit":"px","size":1},"text_shadow_text_shadow":{"horizontal":0,"vertical":0,"blur":0,"color":"rgba(0,0,0,0.3)"},"_animation":"fadeIn","animation_duration":"slow"},"elements":[],"isInner":false,"widgetType":"heading","elType":"widget"},{"id":"489837aa","settings":{"weight":{"unit":"px","size":2},"color":"#00d877","text":"Divis\u00f3ria"},"elements":[],"isInner":false,"widgetType":"divider","elType":"widget"},{"id":"698b4782","settings":{"icon_list":[{"text":"30 Day Membership","icon":"fa fa-caret-right","_id":"d99a60d"},{"text":"Access to Club Events","icon":"fa fa-caret-right","_id":"f2250df"},{"text":"Club Workshops","icon":"fa fa-caret-right","_id":"7fa5b36"},{"text":"Shop Discounts","icon":"fa fa-caret-right","_id":"87b3feb"},{"text":"","icon":"fa fa-caret-right","_id":"80669d5"},{"text":"","icon":"fa fa-caret-right","_id":"ce6aeb8"}],"space_between":{"unit":"px","size":13},"icon_align":"center","icon_color":"rgba(12,12,12,0)","text_color":"#ffffff","icon_typography_typography":"custom","icon_typography_font_family":"Lato","icon_typography_font_size":{"unit":"rem","size":0.90000000000000002220446049250313080847263336181640625},"_padding":{"unit":"em","top":"2","right":"2","bottom":"2","left":"2","isLinked":true}},"elements":[],"isInner":false,"widgetType":"icon-list","elType":"widget"},{"id":"5e4f2552","settings":{"text":"Sign Up","align":"justify","icon":"fa fa-caret-right","icon_align":"right","button_text_color":"#000000","background_color":"#00d877","hover_color":"#00d877","button_background_hover_color":"rgba(0,216,119,0)","border_border":"solid","border_width":{"unit":"px","top":"2","right":"2","bottom":"2","left":"2","isLinked":true},"border_color":"#00d877","typography_typography":"custom","typography_font_family":"Orbitron","typography_font_size":{"unit":"px","size":15},"typography_font_weight":"600","typography_text_transform":"uppercase","typography_font_style":"oblique","typography_letter_spacing":{"unit":"px","size":1},"button_hover_border_color":"#00d877","border_radius":{"unit":"px","top":"0","right":"0","bottom":"0","left":"0","isLinked":true},"text_padding":{"unit":"em","top":"","right":"","bottom":"","left":"","isLinked":true},"_animation":"fadeIn","animation_duration":"slow","_border_width":{"unit":"px","top":"1","right":"1","bottom":"1","left":"1","isLinked":true},"_border_color":"#fdd247","selected_icon":{"value":"fas fa-caret-right","library":"fa-solid"}},"elements":[],"isInner":false,"widgetType":"button","elType":"widget"}],"isInner":false,"elType":"column"},{"id":"5594618c","settings":{"_column_size":33,"_inline_size":null,"background_background":"classic","background_color":"#141414","border_border":"solid","border_width":{"unit":"px","top":"4","right":"0","bottom":"0","left":"0","isLinked":false},"border_color":"#f9d661","box_shadow_box_shadow_type":"yes","box_shadow_box_shadow":{"horizontal":"","vertical":7,"blur":20,"spread":4,"color":"rgba(0,0,0,0.49)"},"margin":{"unit":"px","top":"0","right":"0","bottom":"0","left":"20","isLinked":false},"padding":{"unit":"px","top":"40","right":"40","bottom":"40","left":"40","isLinked":true},"z_index":2,"_inline_size_tablet":100},"elements":[{"id":"59735add","settings":{"title":"GOld","align":"center","title_color":"#f9d661","typography_typography":"custom","typography_font_family":"Tauri","typography_font_weight":"700","typography_text_transform":"uppercase","header_size":"h3","typography_font_size":{"unit":"rem","size":1.5},"typography_font_style":"oblique","typography_letter_spacing":{"unit":"px","size":1},"text_shadow_text_shadow":{"horizontal":0,"vertical":0,"blur":0,"color":"rgba(0,0,0,0.3)"},"_animation":"fadeIn","animation_duration":"slow"},"elements":[],"isInner":false,"widgetType":"heading","elType":"widget"},{"id":"183a70ee","settings":{"weight":{"unit":"px","size":2},"color":"#f9d661","text":"Divis\u00f3ria"},"elements":[],"isInner":false,"widgetType":"divider","elType":"widget"},{"id":"1c024bb2","settings":{"icon_list":[{"text":"90 Day Membership","icon":"fa fa-caret-right","_id":"d99a60d"},{"text":"Access to Club Events","icon":"fa fa-caret-right","_id":"f2250df"},{"text":"Cycling Workshop","icon":"fa fa-caret-right","_id":"7fa5b36"},{"text":"Shop Discounts","icon":"fa fa-caret-right","_id":"87b3feb"},{"text":"Club Sponsorship*","icon":"fa fa-caret-right","_id":"80669d5"},{"text":"","icon":"fa fa-caret-right","_id":"ce6aeb8"}],"space_between":{"unit":"px","size":13},"icon_align":"center","icon_color":"rgba(12,12,12,0)","text_color":"#ffffff","icon_typography_typography":"custom","icon_typography_font_family":"Lato","icon_typography_font_size":{"unit":"rem","size":0.90000000000000002220446049250313080847263336181640625},"_padding":{"unit":"em","top":"2","right":"2","bottom":"2","left":"2","isLinked":true}},"elements":[],"isInner":false,"widgetType":"icon-list","elType":"widget"},{"id":"52a24e05","settings":{"text":"Sign Up","icon":"fa fa-caret-right","icon_align":"right","button_text_color":"#000000","background_color":"#f9d661","hover_color":"#00d877","button_background_hover_color":"rgba(0,216,119,0)","border_border":"solid","border_width":{"unit":"px","top":"2","right":"2","bottom":"2","left":"2","isLinked":true},"border_color":"#f9d661","align":"justify","typography_typography":"custom","typography_font_family":"Orbitron","typography_font_size":{"unit":"px","size":15},"typography_font_weight":"600","typography_text_transform":"uppercase","typography_font_style":"oblique","typography_letter_spacing":{"unit":"px","size":1},"button_hover_border_color":"#00d877","border_radius":{"unit":"px","top":"0","right":"0","bottom":"0","left":"0","isLinked":true},"text_padding":{"unit":"em","top":"","right":"","bottom":"","left":"","isLinked":true},"_animation":"fadeIn","animation_duration":"slow","_border_width":{"unit":"px","top":"1","right":"1","bottom":"1","left":"1","isLinked":true},"_border_color":"#fdd247","selected_icon":{"value":"fas fa-caret-right","library":"fa-solid"}},"elements":[],"isInner":false,"widgetType":"button","elType":"widget"}],"isInner":false,"elType":"column"},{"id":"27c02ac2","settings":{"_column_size":33,"_inline_size":null,"background_background":"classic","background_color":"#141414","box_shadow_box_shadow_type":"yes","box_shadow_box_shadow":{"horizontal":"","vertical":7,"blur":20,"spread":4,"color":"rgba(0,0,0,0.49)"},"margin":{"unit":"px","top":"0","right":"0","bottom":"0","left":"20","isLinked":false},"padding":{"unit":"px","top":"40","right":"40","bottom":"40","left":"40","isLinked":true},"z_index":2,"_inline_size_tablet":100},"elements":[{"id":"3d60d53e","settings":{"title":"PREMIUM","align":"center","title_color":"#00d877","typography_typography":"custom","typography_font_family":"Tauri","typography_font_weight":"700","typography_text_transform":"uppercase","header_size":"h3","typography_font_size":{"unit":"rem","size":1.5},"typography_font_style":"oblique","typography_letter_spacing":{"unit":"px","size":1},"text_shadow_text_shadow":{"horizontal":0,"vertical":0,"blur":0,"color":"rgba(0,0,0,0.3)"},"_animation":"fadeIn","animation_duration":"slow"},"elements":[],"isInner":false,"widgetType":"heading","elType":"widget"},{"id":"60982c7b","settings":{"weight":{"unit":"px","size":2},"color":"#00d877","text":"Divis\u00f3ria"},"elements":[],"isInner":false,"widgetType":"divider","elType":"widget"},{"id":"5926fa2d","settings":{"icon_list":[{"text":"Yearly Membership","icon":"fa fa-caret-right","_id":"d99a60d"},{"text":"Access to Club Events","icon":"fa fa-caret-right","_id":"f2250df"},{"text":"Cycling Workshop","icon":"fa fa-caret-right","_id":"7fa5b36"},{"text":"Shop Discounts","icon":"fa fa-caret-right","_id":"87b3feb"},{"text":"Club Sponsorship","icon":"fa fa-caret-right","_id":"80669d5"},{"text":"Club Excursions","icon":"fa fa-caret-right","_id":"ce6aeb8"}],"space_between":{"unit":"px","size":13},"icon_align":"center","icon_color":"rgba(12,12,12,0)","text_color":"#ffffff","icon_typography_typography":"custom","icon_typography_font_family":"Lato","icon_typography_font_size":{"unit":"rem","size":0.90000000000000002220446049250313080847263336181640625},"_padding":{"unit":"em","top":"2","right":"2","bottom":"2","left":"2","isLinked":true}},"elements":[],"isInner":false,"widgetType":"icon-list","elType":"widget"},{"id":"fa96a45","settings":{"text":"Sign up","icon":"fa fa-caret-right","icon_align":"right","button_text_color":"#000000","background_color":"#00d877","hover_color":"#00d877","button_background_hover_color":"rgba(0,216,119,0)","border_border":"solid","border_width":{"unit":"px","top":"2","right":"2","bottom":"2","left":"2","isLinked":true},"border_color":"#00d877","align":"justify","typography_typography":"custom","typography_font_family":"Orbitron","typography_font_size":{"unit":"px","size":15},"typography_font_weight":"600","typography_text_transform":"uppercase","typography_font_style":"oblique","typography_letter_spacing":{"unit":"px","size":1},"button_hover_border_color":"#00d877","border_radius":{"unit":"px","top":"0","right":"0","bottom":"0","left":"0","isLinked":true},"text_padding":{"unit":"em","top":"","right":"","bottom":"","left":"","isLinked":true},"_animation":"fadeIn","animation_duration":"slow","_border_width":{"unit":"px","top":"1","right":"1","bottom":"1","left":"1","isLinked":true},"_border_color":"#fdd247","selected_icon":{"value":"fas fa-caret-right","library":"fa-solid"}},"elements":[],"isInner":false,"widgetType":"button","elType":"widget"}],"isInner":false,"elType":"column"}],"isInner":false,"elType":"section"}],"isInner":false,"elType":"column"}],"isInner":false,"elType":"section"},{"id":"1b568d7b","settings":{"structure":"20","background_background":"classic","background_color":"#161616","padding":{"unit":"em","top":"10","right":"2","bottom":"10","left":"2","isLinked":false},"content_position":"middle","padding_mobile":{"unit":"em","top":"5","right":"1","bottom":"5","left":"1","isLinked":false},"animation_duration":"fast","custom_height_tablet":{"unit":"px","size":0},"margin_tablet":{"unit":"px","top":"","right":0,"bottom":"","left":0,"isLinked":true},"padding_tablet":{"unit":"em","top":"8","right":"2","bottom":"8","left":"2","isLinked":false},"shape_divider_top_width":{"unit":"%","size":300},"shape_divider_top_height":{"unit":"px","size":44}},"elements":[{"id":"52d7ed74","settings":{"_column_size":50,"_inline_size":null,"margin":{"unit":"px","top":"0","right":"0","bottom":"0","left":"0","isLinked":false},"padding":{"unit":"%","top":"10","right":"15","bottom":"10","left":"15","isLinked":false},"content_position":"center","background_background":"classic","animation":"fadeInUp","margin_mobile":{"unit":"px","top":"0","right":"0","bottom":"0","left":"0","isLinked":false},"padding_mobile":{"unit":"em","top":"0","right":"0","bottom":"2","left":"0","isLinked":false}},"elements":[{"id":"48cef5b0","settings":{"title":"We excel at what we do","size":"large","typography_typography":"custom","typography_font_weight":"600","typography_letter_spacing":{"unit":"px","size":2},"title_color":"#ffffff","_animation":"fadeIn","animation_duration":"slow","align":"left","typography_text_transform":"uppercase","text_shadow_text_shadow":{"horizontal":0,"vertical":0,"blur":0,"color":"rgba(0,0,0,0.3)"},"_margin":{"unit":"px","top":"0","right":"0","bottom":"0","left":"0","isLinked":false},"_padding":{"unit":"em","top":"","right":"","bottom":"","left":"","isLinked":true},"typography_font_family":"Orbitron","typography_font_size":{"unit":"rem","size":3.79999999999999982236431605997495353221893310546875},"typography_font_style":"oblique"},"elements":[],"isInner":false,"widgetType":"heading","elType":"widget"},{"id":"1aefe597","settings":{"editor":"<p>the experience is with us<\/p>","align":"center","text_color":"#00d877","typography_typography":"custom","typography_letter_spacing":{"unit":"px","size":1},"_animation":"fadeIn","typography_text_transform":"uppercase","animation_duration":"slow","typography_font_family":"Tauri","typography_font_weight":"700","typography_font_style":"oblique"},"elements":[],"isInner":false,"widgetType":"text-editor","elType":"widget"}],"isInner":false,"elType":"column"},{"id":"34a9dfdb","settings":{"_column_size":50,"_inline_size_tablet":50,"animation":"fadeInUp","_inline_size":null,"margin":{"unit":"px","top":"0","right":"0","bottom":"0","left":"0","isLinked":false},"padding":{"unit":"px","top":"0","right":"0","bottom":"0","left":"0","isLinked":false},"animation_duration":"slow","margin_mobile":{"unit":"px","top":"0","right":"0","bottom":"0","left":"0","isLinked":false},"padding_mobile":{"unit":"px","top":"0","right":"0","bottom":"0","left":"0","isLinked":false}},"elements":[{"id":"7af2ac8d","settings":{"padding_mobile":{"unit":"em","top":"0","right":"0","bottom":"0","left":"0","isLinked":false}},"elements":[{"id":"3ad7db80","settings":{"_column_size":100,"_inline_size":null,"margin_mobile":{"unit":"px","top":"0","right":"0","bottom":"0","left":"0","isLinked":false},"padding_mobile":{"unit":"px","top":"0","right":"0","bottom":"0","left":"0","isLinked":false}},"elements":[{"id":"36ae633b","settings":{"title":"crossfit trainer directory","typography_typography":"custom","typography_font_weight":"700","typography_text_transform":"uppercase","typography_letter_spacing":{"unit":"px","size":1},"align":"left","title_color":"#1398d6","typography_font_family":"Tauri","typography_font_style":"oblique","text_shadow_text_shadow":{"horizontal":0,"vertical":0,"blur":0,"color":"rgba(0,0,0,0.3)"},"_animation":"fadeIn","animation_duration":"slow"},"elements":[],"isInner":false,"widgetType":"heading","elType":"widget"},{"id":"23f33c7b","settings":{"color":"#1398d6","width":{"unit":"%","size":40},"_margin":{"unit":"px","top":"-30","right":"0","bottom":"-24","left":"0","isLinked":false},"_padding":{"unit":"px","top":"0","right":"0","bottom":"0","left":"0","isLinked":true},"_animation":"rollIn","weight":{"unit":"px","size":2},"align":"left","text":"Divis\u00f3ria"},"elements":[],"isInner":false,"widgetType":"divider","elType":"widget"},{"id":"670b4781","settings":{"text_color":"#ffffff","editor":"<p>Lorem ipsum dolor sit amet, consectetur adipiscing elit. Nullam eget bibendum dolor, fermentum pellentesque enim. Nam ac maximus neque.\u00a0Lorem ipsum dolor sit amet, consectetur adipiscing elit.<\/p>","typography_typography":"custom","typography_font_size":{"unit":"rem","size":1.100000000000000088817841970012523233890533447265625},"typography_line_height":{"unit":"em","size":1.6999999999999999555910790149937383830547332763671875},"typography_font_family":"Lato","typography_font_weight":"500","_animation":"fadeIn","animation_duration":"slow","align":"justify"},"elements":[],"isInner":false,"widgetType":"text-editor","elType":"widget"},{"id":"249fdc12","settings":{"title":"Force level","percent":{"unit":"%","size":95},"inner_text":"Medium","title_color":"#ffffff","typography_typography":"custom","typography_font_weight":"bold","typography_line_height":{"unit":"em","size":2},"typography_text_transform":"uppercase","typography_font_style":"italic","typography_font_family":"Lato","bar_color":"#00d877"},"elements":[],"isInner":false,"widgetType":"progress","elType":"widget"},{"id":"2ae9eac4","settings":{"title":"strategy level","percent":{"unit":"%","size":91},"inner_text":"Expert","title_color":"#ffffff","typography_typography":"custom","typography_font_weight":"bold","typography_line_height":{"unit":"em","size":2},"typography_text_transform":"uppercase","typography_font_style":"italic","typography_font_family":"Lato","bar_color":"#00d877"},"elements":[],"isInner":false,"widgetType":"progress","elType":"widget"},{"id":"162cffca","settings":{"title":"Resistance level","inner_text":"Advance","title_color":"#ffffff","typography_typography":"custom","typography_font_weight":"bold","typography_line_height":{"unit":"em","size":2},"percent":{"unit":"%","size":86},"typography_text_transform":"uppercase","typography_font_style":"italic","typography_font_family":"Lato","bar_color":"#00d877"},"elements":[],"isInner":false,"widgetType":"progress","elType":"widget"}],"isInner":true,"elType":"column"}],"isInner":true,"elType":"section"}],"isInner":false,"elType":"column"}],"isInner":false,"elType":"section"}],"page_settings":[],"version":"0.4","title":"ESPORTE","type":"section"}