{
    "version": "0.4",
    "title": "404",
    "type": "error-404",
    "metadata": {
        "template_type": "single-404",
        "include_in_zip": "1",
        "elementor_pro_required": "1",
        "elementor_library_type": "error-404",
        "elementor_pro_conditions": [
            "include\/singular\/not_found404"
        ],
        "additional_template_information": [
            "This is a \"Error 404\" template for Elementor Pro.",
            "This template will display on: 404 Page."
        ],
        "wp_page_template": "default"
    },
    "content": [
        {
            "id": "6d655eb9",
            "settings": {
                "gap": "wider",
                "height": "min-height",
                "custom_height": {
                    "unit": "vh",
                    "size": "100",
                    "sizes": []
                },
                "custom_height_tablet": {
                    "unit": "vh",
                    "size": "",
                    "sizes": []
                },
                "custom_height_mobile": {
                    "unit": "vh",
                    "size": "",
                    "sizes": []
                },
                "background_background": "classic",
                "__globals__": {
                    "background_color": "globals\/colors?id=0125af7",
                    "background_overlay_color": "globals\/colors?id=aaafffe",
                    "background_overlay_color_b": "globals\/colors?id=primary"
                },
                "background_image": {
                    "url": "https:\/\/tkpro-demo2.envalab.com\/13\/wp-content\/uploads\/sites\/14\/2022\/03\/Image-PG45AXL.jpg",
                    "id": "137",
                    "alt": "",
                    "source": "library"
                },
                "background_position": "center center",
                "background_size": "cover",
                "background_overlay_background": "classic",
                "background_overlay_gradient_angle": {
                    "unit": "deg",
                    "size": "90",
                    "sizes": []
                },
                "background_overlay_opacity": {
                    "unit": "px",
                    "size": "0.85",
                    "sizes": []
                }
            },
            "elements": [
                {
                    "id": "2ff0c113",
                    "settings": {
                        "_column_size": "100",
                        "margin": {
                            "unit": "%",
                            "top": "0",
                            "right": "10",
                            "bottom": "0",
                            "left": "10",
                            "isLinked": ""
                        },
                        "margin_tablet": {
                            "unit": "%",
                            "top": "",
                            "right": "",
                            "bottom": "",
                            "left": "",
                            "isLinked": "1"
                        },
                        "margin_mobile": {
                            "unit": "%",
                            "top": "",
                            "right": "",
                            "bottom": "",
                            "left": "",
                            "isLinked": "1"
                        },
                        "align": "center"
                    },
                    "elements": [
                        {
                            "id": "6d6ef4e3",
                            "settings": {
                                "title": "404 Not Found",
                                "header_size": "h1",
                                "__globals__": {
                                    "title_color": "globals\/colors?id=11258d5",
                                    "typography_typography": "globals\/typography?id=9905d5b"
                                },
                                "align": "center",
                                "_animation": "fadeInDown"
                            },
                            "elements": [],
                            "isInner": false,
                            "widgetType": "heading",
                            "elType": "widget"
                        },
                        {
                            "id": "826203d",
                            "settings": {
                                "title": "Aaah! Something\u2019s Not Right!",
                                "align": "center",
                                "_margin": {
                                    "unit": "px",
                                    "top": "0",
                                    "right": "0",
                                    "bottom": "15",
                                    "left": "0",
                                    "isLinked": ""
                                },
                                "__globals__": {
                                    "title_color": "globals\/colors?id=11258d5"
                                },
                                "_animation": "fadeInUp"
                            },
                            "elements": [],
                            "isInner": false,
                            "widgetType": "heading",
                            "elType": "widget"
                        },
                        {
                            "id": "27d08f34",
                            "settings": {
                                "editor": "<p>Cras ultricies ligula sed magna dictum porta. Nulla quis lorem ut libero malesuada feugiat. Vestibulum ac diam sit amet quam vehicula elementum sed sit amet dui<\/p>",
                                "align": "center",
                                "__globals__": {
                                    "text_color": "globals\/colors?id=11258d5"
                                },
                                "_margin": {
                                    "unit": "px",
                                    "top": "0",
                                    "right": "0",
                                    "bottom": "15",
                                    "left": "0",
                                    "isLinked": ""
                                },
                                "_element_width": "initial",
                                "_element_custom_width": {
                                    "unit": "%",
                                    "size": "67",
                                    "sizes": []
                                },
                                "_animation": "fadeInUp"
                            },
                            "elements": [],
                            "isInner": false,
                            "widgetType": "text-editor",
                            "elType": "widget"
                        },
                        {
                            "id": "4aaaaeff",
                            "settings": {
                                "text": "Back to Home",
                                "align": "center",
                                "size": "md",
                                "button_text_color": "#FFFFFF",
                                "background_color": "#FF4605",
                                "_animation": "fadeIn",
                                "__globals__": {
                                    "background_color": "globals\/colors?id=secondary",
                                    "button_text_color": "globals\/colors?id=11258d5",
                                    "button_background_hover_color": "globals\/colors?id=b284c3f"
                                }
                            },
                            "elements": [],
                            "isInner": false,
                            "widgetType": "button",
                            "elType": "widget"
                        }
                    ],
                    "isInner": "",
                    "elType": "column"
                }
            ],
            "isInner": "",
            "elType": "section"
        }
    ],
    "page_settings": {
        "page_template": "elementor_canvas"
    }
}