{
    "version": "0.4",
    "title": "Blog Archive",
    "type": "archive",
    "metadata": {
        "template_type": "archive-blog",
        "include_in_zip": "1",
        "elementor_pro_required": "1",
        "elementor_library_type": "archive",
        "elementor_pro_conditions": [
            "include\/archive\/post_archive"
        ],
        "additional_template_information": [
            "This is a \"Archive\" template for Elementor Pro.",
            "This template will display on: Posts Archive."
        ],
        "wp_page_template": "default"
    },
    "content": [
        {
            "id": "51996b30",
            "settings": {
                "gap": "wider",
                "height": "min-height",
                "background_background": "classic",
                "__globals__": {
                    "background_color": "globals\/colors?id=primary",
                    "background_overlay_color": "globals\/colors?id=aaafffe"
                },
                "background_image": {
                    "url": "https:\/\/tkpro-demo2.envalab.com\/13\/wp-content\/uploads\/sites\/14\/2022\/03\/Image-PGUQ7F2.jpg",
                    "id": "138",
                    "alt": "",
                    "source": "library"
                },
                "background_position": "center center",
                "background_size": "cover",
                "background_overlay_background": "classic",
                "background_overlay_opacity": {
                    "unit": "px",
                    "size": "0.6",
                    "sizes": []
                },
                "custom_height_mobile": {
                    "unit": "px",
                    "size": "250",
                    "sizes": []
                },
                "padding_tablet": {
                    "unit": "px",
                    "top": "0",
                    "right": "0",
                    "bottom": "0",
                    "left": "0",
                    "isLinked": ""
                },
                "margin": {
                    "unit": "px",
                    "top": "-110",
                    "right": "0",
                    "bottom": "0",
                    "left": "0",
                    "isLinked": ""
                },
                "padding": {
                    "unit": "px",
                    "top": "0",
                    "right": "0",
                    "bottom": "0",
                    "left": "0",
                    "isLinked": ""
                },
                "column_position": "bottom"
            },
            "elements": [
                {
                    "id": "250fdd18",
                    "settings": {
                        "_column_size": "100",
                        "_inline_size_tablet": "100",
                        "content_position": "center",
                        "align_mobile": "center"
                    },
                    "elements": [
                        {
                            "id": "4725fd85",
                            "settings": {
                                "__dynamic__": {
                                    "title": "[elementor-tag id=\"\" name=\"archive-title\" settings=\"%7B%22include_context%22%3A%22yes%22%2C%22before%22%3A%22%22%2C%22after%22%3A%22%22%2C%22fallback%22%3A%22%22%7D\"]"
                                },
                                "title": "Add Your Heading Text Here",
                                "__globals__": {
                                    "title_color": "globals\/colors?id=11258d5",
                                    "typography_typography": ""
                                },
                                "align_mobile": "center",
                                "title_color": "#FFFFFF",
                                "typography_font_family": "Poppins",
                                "typography_font_size": {
                                    "unit": "px",
                                    "size": "50",
                                    "sizes": []
                                },
                                "typography_font_weight": "600",
                                "typography_text_transform": "capitalize",
                                "typography_line_height": {
                                    "unit": "em",
                                    "size": "1.1",
                                    "sizes": []
                                },
                                "typography_word_spacing": {
                                    "unit": "em",
                                    "size": "",
                                    "sizes": []
                                },
                                "_margin_mobile": {
                                    "unit": "px",
                                    "top": "0",
                                    "right": "0",
                                    "bottom": "15",
                                    "left": "0",
                                    "isLinked": ""
                                },
                                "_element_width": "auto",
                                "_element_width_mobile": "inherit"
                            },
                            "elements": [],
                            "isInner": false,
                            "widgetType": "theme-archive-title",
                            "elType": "widget"
                        }
                    ],
                    "isInner": "",
                    "elType": "column"
                }
            ],
            "isInner": "",
            "elType": "section"
        },
        {
            "id": "58fb791b",
            "settings": {
                "padding": {
                    "unit": "px",
                    "top": "90",
                    "right": "0",
                    "bottom": "90",
                    "left": "0",
                    "isLinked": ""
                },
                "padding_tablet": {
                    "unit": "px",
                    "top": "45",
                    "right": "0",
                    "bottom": "45",
                    "left": "0",
                    "isLinked": ""
                },
                "gap": "wider"
            },
            "elements": [
                {
                    "id": "585332b7",
                    "settings": {
                        "_column_size": "100"
                    },
                    "elements": [
                        {
                            "id": "68dabd86",
                            "settings": {
                                "archive_classic_thumbnail_size_size": "large",
                                "archive_classic_item_ratio": {
                                    "unit": "px",
                                    "size": "0.77",
                                    "sizes": []
                                },
                                "archive_classic_meta_separator": "-",
                                "archive_classic_read_more_text": "Read More \u00bb",
                                "archive_cards_meta_separator": "\u2022",
                                "archive_cards_read_more_text": "Read More \u00bb",
                                "archive_full_content_meta_separator": "\/\/\/",
                                "pagination_page_limit": "5",
                                "pagination_prev_label": "&laquo; Previous",
                                "pagination_next_label": "Next &raquo;",
                                "text": "Load More",
                                "load_more_no_posts_custom_message": "No more posts to show",
                                "nothing_found_message": "It seems we can&#039;t find what you&#039;re looking for.",
                                "_skin": "archive_cards",
                                "archive_cards_columns_tablet": "3",
                                "archive_cards_thumbnail_size_size": "large",
                                "archive_cards_show_read_more": "",
                                "archive_cards_show_badge": "",
                                "archive_cards_show_avatar": "",
                                "archive_cards_card_padding": {
                                    "unit": "px",
                                    "size": "0",
                                    "sizes": []
                                },
                                "archive_cards_box_shadow_box_shadow_type": "",
                                "archive_cards_hover_effect": "none",
                                "archive_cards_title_spacing": {
                                    "unit": "px",
                                    "size": "20",
                                    "sizes": []
                                },
                                "archive_cards_excerpt_spacing": {
                                    "unit": "px",
                                    "size": "10",
                                    "sizes": []
                                },
                                "pagination_type": "numbers_and_prev_next",
                                "__globals__": {
                                    "archive_cards_title_color": "globals\/colors?id=f718a60",
                                    "archive_cards_title_typography_typography": "globals\/typography?id=cc60d8e",
                                    "archive_cards_meta_color": "globals\/colors?id=text",
                                    "archive_cards_meta_separator_color": "globals\/colors?id=text",
                                    "archive_cards_meta_typography_typography": "globals\/typography?id=f258da7",
                                    "archive_cards_excerpt_color": "globals\/colors?id=text",
                                    "archive_cards_excerpt_typography_typography": "globals\/typography?id=text",
                                    "archive_cards_meta_border_color": "globals\/colors?id=456d867"
                                },
                                "archive_cards_item_ratio_mobile": {
                                    "unit": "px",
                                    "size": "0.96",
                                    "sizes": []
                                }
                            },
                            "elements": [],
                            "isInner": false,
                            "widgetType": "archive-posts",
                            "elType": "widget"
                        }
                    ],
                    "isInner": "",
                    "elType": "column"
                }
            ],
            "isInner": "",
            "elType": "section"
        }
    ]
}