{
    "version": "0.4",
    "title": "Blog",
    "type": "page",
    "metadata": {
        "template_type": "single-page",
        "include_in_zip": "1",
        "elementor_pro_required": "1",
        "wp_page_template": "elementor_header_footer"
    },
    "content": [
        {
            "id": "13f163a9",
            "settings": {
                "gap": "wider",
                "height": "min-height",
                "background_background": "classic",
                "__globals__": {
                    "background_color": "globals\/colors?id=primary",
                    "background_overlay_color": "globals\/colors?id=aaafffe"
                },
                "background_image": {
                    "url": "https:\/\/tkpro-demo2.envalab.com\/13\/wp-content\/uploads\/sites\/14\/2022\/03\/Image-PRAXRTR.jpg",
                    "id": "145",
                    "alt": "",
                    "source": "library"
                },
                "background_position": "center center",
                "background_size": "cover",
                "background_overlay_background": "classic",
                "background_overlay_opacity": {
                    "unit": "px",
                    "size": "0.6",
                    "sizes": []
                },
                "custom_height_mobile": {
                    "unit": "px",
                    "size": "250",
                    "sizes": []
                },
                "padding_tablet": {
                    "unit": "px",
                    "top": "0",
                    "right": "0",
                    "bottom": "0",
                    "left": "0",
                    "isLinked": ""
                },
                "margin": {
                    "unit": "px",
                    "top": "-110",
                    "right": "0",
                    "bottom": "0",
                    "left": "0",
                    "isLinked": ""
                },
                "padding": {
                    "unit": "px",
                    "top": "0",
                    "right": "0",
                    "bottom": "0",
                    "left": "0",
                    "isLinked": ""
                },
                "column_position": "bottom"
            },
            "elements": [
                {
                    "id": "5f680281",
                    "settings": {
                        "_column_size": "100",
                        "_inline_size_tablet": "100",
                        "content_position": "center",
                        "align_mobile": "center"
                    },
                    "elements": [
                        {
                            "id": "65be73b9",
                            "settings": {
                                "selected_icon": {
                                    "value": "fas fa-square-full",
                                    "library": "fa-solid"
                                },
                                "title_text": "Blog",
                                "description_text": "",
                                "position": "right",
                                "title_size": "h1",
                                "icon_space": {
                                    "unit": "px",
                                    "size": "8",
                                    "sizes": []
                                },
                                "icon_size": {
                                    "unit": "px",
                                    "size": "14",
                                    "sizes": []
                                },
                                "text_align": "left",
                                "text_align_mobile": "right",
                                "title_bottom_space": {
                                    "unit": "px",
                                    "size": "0",
                                    "sizes": []
                                },
                                "_element_width": "auto",
                                "__globals__": {
                                    "primary_color": "globals\/colors?id=secondary",
                                    "title_color": "globals\/colors?id=11258d5",
                                    "title_typography_typography": "globals\/typography?id=cbef613"
                                }
                            },
                            "elements": [],
                            "isInner": false,
                            "widgetType": "icon-box",
                            "elType": "widget"
                        }
                    ],
                    "isInner": "",
                    "elType": "column"
                }
            ],
            "isInner": "",
            "elType": "section"
        },
        {
            "id": "54b02d38",
            "settings": {
                "padding": {
                    "unit": "px",
                    "top": "90",
                    "right": "0",
                    "bottom": "0",
                    "left": "0",
                    "isLinked": ""
                },
                "background_background": "classic",
                "__globals__": {
                    "background_color": "globals\/colors?id=11258d5"
                },
                "padding_tablet": {
                    "unit": "px",
                    "top": "45",
                    "right": "0",
                    "bottom": "0",
                    "left": "0",
                    "isLinked": ""
                }
            },
            "elements": [
                {
                    "id": "75b22b8b",
                    "settings": {
                        "_column_size": "100"
                    },
                    "elements": [
                        {
                            "id": "4df31316",
                            "settings": {
                                "structure": "20"
                            },
                            "elements": [
                                {
                                    "id": "2af59e1b",
                                    "settings": {
                                        "_column_size": "50",
                                        "_inline_size": "89.803",
                                        "content_position": "center",
                                        "align_mobile": "center"
                                    },
                                    "elements": [
                                        {
                                            "id": "7ffecec8",
                                            "settings": {
                                                "title": "From Our Blog",
                                                "header_size": "div",
                                                "_margin": {
                                                    "unit": "px",
                                                    "top": "0",
                                                    "right": "0",
                                                    "bottom": "15",
                                                    "left": "0",
                                                    "isLinked": ""
                                                },
                                                "_element_width": "auto",
                                                "__globals__": {
                                                    "title_color": "globals\/colors?id=secondary",
                                                    "typography_typography": "globals\/typography?id=c66122b"
                                                }
                                            },
                                            "elements": [],
                                            "isInner": false,
                                            "widgetType": "heading",
                                            "elType": "widget"
                                        },
                                        {
                                            "id": "47fb8cab",
                                            "settings": {
                                                "title": "Featured Post",
                                                "_margin": {
                                                    "unit": "px",
                                                    "top": "0",
                                                    "right": "0",
                                                    "bottom": "20",
                                                    "left": "0",
                                                    "isLinked": ""
                                                },
                                                "align_mobile": "center"
                                            },
                                            "elements": [],
                                            "isInner": false,
                                            "widgetType": "heading",
                                            "elType": "widget"
                                        }
                                    ],
                                    "isInner": "1",
                                    "elType": "column"
                                },
                                {
                                    "id": "54737415",
                                    "settings": {
                                        "_column_size": "50",
                                        "_inline_size": "10",
                                        "content_position": "center",
                                        "align": "center"
                                    },
                                    "elements": [
                                        {
                                            "id": "625a7737",
                                            "settings": {
                                                "text": "More",
                                                "align": "right",
                                                "selected_icon": {
                                                    "value": "icon icon-arrow-right",
                                                    "library": "ekiticons"
                                                },
                                                "icon_align": "right",
                                                "icon_indent": {
                                                    "unit": "px",
                                                    "size": "10",
                                                    "sizes": []
                                                },
                                                "text_padding": {
                                                    "unit": "px",
                                                    "top": "0",
                                                    "right": "0",
                                                    "bottom": "0",
                                                    "left": "0",
                                                    "isLinked": "1"
                                                },
                                                "_element_width": "auto",
                                                "__globals__": {
                                                    "background_color": "globals\/colors?id=0125af7",
                                                    "button_text_color": "globals\/colors?id=accent",
                                                    "hover_color": "globals\/colors?id=accent"
                                                }
                                            },
                                            "elements": [],
                                            "isInner": false,
                                            "widgetType": "button",
                                            "elType": "widget"
                                        }
                                    ],
                                    "isInner": "1",
                                    "elType": "column"
                                }
                            ],
                            "isInner": "1",
                            "elType": "section"
                        },
                        {
                            "id": "50608054",
                            "settings": {
                                "margin": {
                                    "unit": "px",
                                    "top": "0",
                                    "right": "0",
                                    "bottom": "20",
                                    "left": "0",
                                    "isLinked": ""
                                }
                            },
                            "elements": [
                                {
                                    "id": "50b6e71e",
                                    "settings": {
                                        "_column_size": "100"
                                    },
                                    "elements": [
                                        {
                                            "id": "76499f57",
                                            "settings": {
                                                "_skin": "cards",
                                                "classic_meta_separator": "\/\/\/",
                                                "classic_read_more_text": "Read More \u00bb",
                                                "cards_posts_per_page": "3",
                                                "cards_thumbnail_size_size": "large",
                                                "cards_item_ratio": {
                                                    "unit": "px",
                                                    "size": "0.9",
                                                    "sizes": []
                                                },
                                                "cards_meta_separator": "\u2022",
                                                "cards_read_more_text": "Read More",
                                                "cards_show_badge": "",
                                                "cards_show_avatar": "",
                                                "full_content_meta_separator": "\/\/\/",
                                                "posts_offset": "9",
                                                "cards_card_bg_color": "#FFFFFF",
                                                "cards_card_border_width": {
                                                    "unit": "px",
                                                    "size": "0",
                                                    "sizes": []
                                                },
                                                "cards_card_padding": {
                                                    "unit": "px",
                                                    "size": "0",
                                                    "sizes": []
                                                },
                                                "cards_box_shadow_box_shadow_type": "",
                                                "cards_hover_effect": "none",
                                                "cards_title_color": "#222732",
                                                "cards_title_typography_typography": "custom",
                                                "cards_title_typography_font_family": "Poppins",
                                                "cards_title_typography_font_size": {
                                                    "unit": "px",
                                                    "size": "20",
                                                    "sizes": []
                                                },
                                                "cards_title_typography_font_weight": "600",
                                                "cards_title_typography_text_transform": "capitalize",
                                                "cards_title_typography_line_height": {
                                                    "unit": "em",
                                                    "size": "1.4",
                                                    "sizes": []
                                                },
                                                "cards_title_typography_word_spacing": {
                                                    "unit": "em",
                                                    "size": "",
                                                    "sizes": []
                                                },
                                                "cards_title_spacing": {
                                                    "unit": "px",
                                                    "size": "10",
                                                    "sizes": []
                                                },
                                                "cards_meta_color": "#6F6F6F",
                                                "cards_meta_separator_color": "#6F6F6F",
                                                "cards_meta_typography_typography": "custom",
                                                "cards_meta_typography_font_family": "Open Sans",
                                                "cards_meta_typography_font_size": {
                                                    "unit": "px",
                                                    "size": "12",
                                                    "sizes": []
                                                },
                                                "cards_meta_typography_font_weight": "400",
                                                "cards_meta_typography_line_height": {
                                                    "unit": "em",
                                                    "size": "1.5",
                                                    "sizes": []
                                                },
                                                "cards_meta_typography_word_spacing": {
                                                    "unit": "em",
                                                    "size": "",
                                                    "sizes": []
                                                },
                                                "cards_excerpt_color": "#6F6F6F",
                                                "cards_excerpt_typography_typography": "custom",
                                                "cards_excerpt_typography_font_family": "Open Sans",
                                                "cards_excerpt_typography_font_size": {
                                                    "unit": "px",
                                                    "size": "16",
                                                    "sizes": []
                                                },
                                                "cards_excerpt_typography_font_weight": "400",
                                                "cards_excerpt_typography_line_height": {
                                                    "unit": "em",
                                                    "size": "1.5",
                                                    "sizes": []
                                                },
                                                "cards_excerpt_spacing": {
                                                    "unit": "px",
                                                    "size": "10",
                                                    "sizes": []
                                                },
                                                "cards_read_more_color": "#FF4605",
                                                "cards_read_more_typography_typography": "custom",
                                                "cards_read_more_typography_font_family": "Open Sans",
                                                "cards_read_more_typography_font_size": {
                                                    "unit": "px",
                                                    "size": "14",
                                                    "sizes": []
                                                },
                                                "cards_read_more_typography_font_weight": "500",
                                                "cards_read_more_typography_line_height": {
                                                    "unit": "em",
                                                    "size": "",
                                                    "sizes": []
                                                },
                                                "cards_read_more_typography_letter_spacing": {
                                                    "unit": "px",
                                                    "size": "3",
                                                    "sizes": []
                                                },
                                                "cards_read_more_typography_word_spacing": {
                                                    "unit": "em",
                                                    "size": "",
                                                    "sizes": []
                                                },
                                                "cards_read_more_spacing": {
                                                    "unit": "px",
                                                    "size": "10",
                                                    "sizes": []
                                                },
                                                "pagination_page_limit": "5",
                                                "pagination_prev_label": "&laquo; Previous",
                                                "pagination_next_label": "Next &raquo;",
                                                "text": "Load More",
                                                "load_more_no_posts_custom_message": "No more posts to show",
                                                "__globals__": {
                                                    "cards_card_bg_color": "globals\/colors?id=11258d5",
                                                    "cards_card_border_color": "globals\/colors?id=456d867",
                                                    "cards_title_color": "globals\/colors?id=primary",
                                                    "cards_title_typography_typography": "globals\/typography?id=9e81345",
                                                    "cards_excerpt_color": "globals\/colors?id=text",
                                                    "cards_meta_color": "globals\/colors?id=text",
                                                    "cards_meta_separator_color": "globals\/colors?id=text",
                                                    "cards_meta_typography_typography": "globals\/typography?id=f258da7",
                                                    "cards_excerpt_typography_typography": "globals\/typography?id=text",
                                                    "cards_read_more_color": "globals\/colors?id=accent",
                                                    "cards_read_more_typography_typography": "globals\/typography?id=e3fcf11"
                                                },
                                                "cards_meta_data": [
                                                    "author",
                                                    "date"
                                                ],
                                                "cards_show_read_more": "",
                                                "cards_columns_tablet": "3",
                                                "cards_item_ratio_tablet": {
                                                    "unit": "px",
                                                    "size": "0.64",
                                                    "sizes": []
                                                },
                                                "cards_item_ratio_mobile": {
                                                    "unit": "px",
                                                    "size": "1",
                                                    "sizes": []
                                                }
                                            },
                                            "elements": [],
                                            "isInner": false,
                                            "widgetType": "posts",
                                            "elType": "widget"
                                        }
                                    ],
                                    "isInner": "1",
                                    "elType": "column"
                                }
                            ],
                            "isInner": "1",
                            "elType": "section"
                        }
                    ],
                    "isInner": "",
                    "elType": "column"
                }
            ],
            "isInner": "",
            "elType": "section"
        },
        {
            "id": "29946631",
            "settings": {
                "background_background": "classic",
                "padding": {
                    "unit": "px",
                    "top": "0",
                    "right": "0",
                    "bottom": "90",
                    "left": "0",
                    "isLinked": ""
                },
                "__globals__": {
                    "background_color": "globals\/colors?id=11258d5"
                },
                "padding_tablet": {
                    "unit": "px",
                    "top": "0",
                    "right": "0",
                    "bottom": "45",
                    "left": "0",
                    "isLinked": ""
                }
            },
            "elements": [
                {
                    "id": "48550a52",
                    "settings": {
                        "_column_size": "100"
                    },
                    "elements": [
                        {
                            "id": "14c4fda1",
                            "settings": {
                                "structure": "20",
                                "gap": "wider",
                                "border_border": "solid",
                                "border_width": {
                                    "unit": "px",
                                    "top": "0",
                                    "right": "0",
                                    "bottom": "1",
                                    "left": "0",
                                    "isLinked": ""
                                },
                                "margin": {
                                    "unit": "px",
                                    "top": "0",
                                    "right": "0",
                                    "bottom": "20",
                                    "left": "0",
                                    "isLinked": ""
                                },
                                "__globals__": {
                                    "border_color": "globals\/colors?id=456d867"
                                }
                            },
                            "elements": [
                                {
                                    "id": "4c6c0526",
                                    "settings": {
                                        "_column_size": "50",
                                        "_inline_size": "90.038",
                                        "content_position": "center",
                                        "padding": {
                                            "unit": "px",
                                            "top": "20",
                                            "right": "0",
                                            "bottom": "20",
                                            "left": "20",
                                            "isLinked": ""
                                        }
                                    },
                                    "elements": [
                                        {
                                            "id": "2b658acf",
                                            "settings": {
                                                "title": "Car Tips and Trick",
                                                "_margin": {
                                                    "unit": "px",
                                                    "top": "0",
                                                    "right": "0",
                                                    "bottom": "0",
                                                    "left": "0",
                                                    "isLinked": ""
                                                },
                                                "header_size": "h4",
                                                "align_mobile": "center"
                                            },
                                            "elements": [],
                                            "isInner": false,
                                            "widgetType": "heading",
                                            "elType": "widget"
                                        }
                                    ],
                                    "isInner": "1",
                                    "elType": "column"
                                },
                                {
                                    "id": "5a98a3e",
                                    "settings": {
                                        "_column_size": "50",
                                        "_inline_size": "9.765",
                                        "content_position": "center",
                                        "align": "center",
                                        "padding": {
                                            "unit": "px",
                                            "top": "20",
                                            "right": "0",
                                            "bottom": "20",
                                            "left": "0",
                                            "isLinked": ""
                                        }
                                    },
                                    "elements": [
                                        {
                                            "id": "c81430c",
                                            "settings": {
                                                "text": "More",
                                                "align": "right",
                                                "selected_icon": {
                                                    "value": "icon icon-arrow-right",
                                                    "library": "ekiticons"
                                                },
                                                "icon_align": "right",
                                                "icon_indent": {
                                                    "unit": "px",
                                                    "size": "10",
                                                    "sizes": []
                                                },
                                                "text_padding": {
                                                    "unit": "px",
                                                    "top": "0",
                                                    "right": "0",
                                                    "bottom": "0",
                                                    "left": "0",
                                                    "isLinked": "1"
                                                },
                                                "_element_width": "auto",
                                                "__globals__": {
                                                    "background_color": "globals\/colors?id=0125af7",
                                                    "button_text_color": "globals\/colors?id=accent",
                                                    "hover_color": "globals\/colors?id=accent"
                                                }
                                            },
                                            "elements": [],
                                            "isInner": false,
                                            "widgetType": "button",
                                            "elType": "widget"
                                        }
                                    ],
                                    "isInner": "1",
                                    "elType": "column"
                                }
                            ],
                            "isInner": "1",
                            "elType": "section"
                        },
                        {
                            "id": "4c34bf6a",
                            "settings": {
                                "margin": {
                                    "unit": "px",
                                    "top": "0",
                                    "right": "0",
                                    "bottom": "20",
                                    "left": "0",
                                    "isLinked": ""
                                }
                            },
                            "elements": [
                                {
                                    "id": "5dc9e27b",
                                    "settings": {
                                        "_column_size": "100"
                                    },
                                    "elements": [
                                        {
                                            "id": "6034994b",
                                            "settings": {
                                                "_skin": "cards",
                                                "classic_meta_separator": "\/\/\/",
                                                "classic_read_more_text": "Read More \u00bb",
                                                "cards_thumbnail_size_size": "large",
                                                "cards_item_ratio": {
                                                    "unit": "px",
                                                    "size": "0.53",
                                                    "sizes": []
                                                },
                                                "cards_meta_separator": "\u2022",
                                                "cards_read_more_text": "Read More",
                                                "cards_show_badge": "",
                                                "cards_show_avatar": "",
                                                "full_content_meta_separator": "\/\/\/",
                                                "posts_offset": "3",
                                                "cards_card_bg_color": "#FFFFFF",
                                                "cards_card_border_width": {
                                                    "unit": "px",
                                                    "size": "0",
                                                    "sizes": []
                                                },
                                                "cards_card_padding": {
                                                    "unit": "px",
                                                    "size": "0",
                                                    "sizes": []
                                                },
                                                "cards_box_shadow_box_shadow_type": "",
                                                "cards_hover_effect": "none",
                                                "cards_title_color": "#222732",
                                                "cards_title_typography_typography": "custom",
                                                "cards_title_typography_font_family": "Poppins",
                                                "cards_title_typography_font_size": {
                                                    "unit": "px",
                                                    "size": "20",
                                                    "sizes": []
                                                },
                                                "cards_title_typography_font_weight": "600",
                                                "cards_title_typography_text_transform": "capitalize",
                                                "cards_title_typography_line_height": {
                                                    "unit": "em",
                                                    "size": "1.4",
                                                    "sizes": []
                                                },
                                                "cards_title_typography_word_spacing": {
                                                    "unit": "em",
                                                    "size": "",
                                                    "sizes": []
                                                },
                                                "cards_title_spacing": {
                                                    "unit": "px",
                                                    "size": "10",
                                                    "sizes": []
                                                },
                                                "cards_meta_color": "#6F6F6F",
                                                "cards_meta_separator_color": "#6F6F6F",
                                                "cards_meta_typography_typography": "custom",
                                                "cards_meta_typography_font_family": "Open Sans",
                                                "cards_meta_typography_font_size": {
                                                    "unit": "px",
                                                    "size": "12",
                                                    "sizes": []
                                                },
                                                "cards_meta_typography_font_weight": "400",
                                                "cards_meta_typography_line_height": {
                                                    "unit": "em",
                                                    "size": "1.5",
                                                    "sizes": []
                                                },
                                                "cards_meta_typography_word_spacing": {
                                                    "unit": "em",
                                                    "size": "",
                                                    "sizes": []
                                                },
                                                "cards_excerpt_color": "#6F6F6F",
                                                "cards_excerpt_typography_typography": "custom",
                                                "cards_excerpt_typography_font_family": "Open Sans",
                                                "cards_excerpt_typography_font_size": {
                                                    "unit": "px",
                                                    "size": "16",
                                                    "sizes": []
                                                },
                                                "cards_excerpt_typography_font_weight": "400",
                                                "cards_excerpt_typography_line_height": {
                                                    "unit": "em",
                                                    "size": "1.5",
                                                    "sizes": []
                                                },
                                                "cards_excerpt_spacing": {
                                                    "unit": "px",
                                                    "size": "10",
                                                    "sizes": []
                                                },
                                                "cards_read_more_color": "#FF4605",
                                                "cards_read_more_typography_typography": "custom",
                                                "cards_read_more_typography_font_family": "Open Sans",
                                                "cards_read_more_typography_font_size": {
                                                    "unit": "px",
                                                    "size": "14",
                                                    "sizes": []
                                                },
                                                "cards_read_more_typography_font_weight": "500",
                                                "cards_read_more_typography_line_height": {
                                                    "unit": "em",
                                                    "size": "",
                                                    "sizes": []
                                                },
                                                "cards_read_more_typography_letter_spacing": {
                                                    "unit": "px",
                                                    "size": "3",
                                                    "sizes": []
                                                },
                                                "cards_read_more_typography_word_spacing": {
                                                    "unit": "em",
                                                    "size": "",
                                                    "sizes": []
                                                },
                                                "cards_read_more_spacing": {
                                                    "unit": "px",
                                                    "size": "10",
                                                    "sizes": []
                                                },
                                                "pagination_page_limit": "5",
                                                "pagination_prev_label": "&laquo; Previous",
                                                "pagination_next_label": "Next &raquo;",
                                                "text": "Load More",
                                                "load_more_no_posts_custom_message": "No more posts to show",
                                                "__globals__": {
                                                    "cards_card_bg_color": "globals\/colors?id=0125af7",
                                                    "cards_card_border_color": "globals\/colors?id=456d867",
                                                    "cards_title_color": "globals\/colors?id=primary",
                                                    "cards_title_typography_typography": "globals\/typography?id=9e81345",
                                                    "cards_excerpt_color": "globals\/colors?id=text",
                                                    "cards_meta_color": "globals\/colors?id=text",
                                                    "cards_meta_separator_color": "globals\/colors?id=text",
                                                    "cards_meta_typography_typography": "globals\/typography?id=f258da7",
                                                    "cards_excerpt_typography_typography": "globals\/typography?id=text",
                                                    "cards_read_more_color": "globals\/colors?id=accent",
                                                    "cards_read_more_typography_typography": "globals\/typography?id=e3fcf11"
                                                },
                                                "cards_meta_data": [
                                                    "author",
                                                    "date"
                                                ],
                                                "cards_show_read_more": "",
                                                "cards_image_spacing": {
                                                    "unit": "px",
                                                    "size": "10",
                                                    "sizes": []
                                                },
                                                "pagination_type": "numbers_and_prev_next",
                                                "pagination_spacing_top": {
                                                    "unit": "px",
                                                    "size": "64",
                                                    "sizes": []
                                                },
                                                "cards_columns_tablet": "3"
                                            },
                                            "elements": [],
                                            "isInner": false,
                                            "widgetType": "posts",
                                            "elType": "widget"
                                        }
                                    ],
                                    "isInner": "1",
                                    "elType": "column"
                                }
                            ],
                            "isInner": "1",
                            "elType": "section"
                        }
                    ],
                    "isInner": "",
                    "elType": "column"
                }
            ],
            "isInner": "",
            "elType": "section"
        }
    ],
    "page_settings": {
        "hide_title": "yes",
        "template": "elementor_header_footer"
    }
}