{
    "version": "0.4",
    "title": "Carsentro &#8211; Team Section",
    "type": "section",
    "metadata": {
        "template_type": "section-team",
        "include_in_zip": "1",
        "elementor_pro_required": "1",
        "wp_page_template": "elementor_canvas"
    },
    "content": [
        {
            "id": "d600fef",
            "settings": {
                "padding": {
                    "unit": "px",
                    "top": "90",
                    "right": "0",
                    "bottom": "90",
                    "left": "0",
                    "isLinked": ""
                },
                "padding_tablet": {
                    "unit": "px",
                    "top": "45",
                    "right": "0",
                    "bottom": "45",
                    "left": "0",
                    "isLinked": ""
                }
            },
            "elements": [
                {
                    "id": "35d01b66",
                    "settings": {
                        "_column_size": "100",
                        "align": "center"
                    },
                    "elements": [
                        {
                            "id": "25e5721e",
                            "settings": {
                                "gap": "wider",
                                "padding": {
                                    "unit": "px",
                                    "top": "0",
                                    "right": "0",
                                    "bottom": "0",
                                    "left": "0",
                                    "isLinked": ""
                                }
                            },
                            "elements": [
                                {
                                    "id": "576e789d",
                                    "settings": {
                                        "_column_size": "100",
                                        "align": "center"
                                    },
                                    "elements": [
                                        {
                                            "id": "551d2b0b",
                                            "settings": {
                                                "title": "Our Team",
                                                "header_size": "div",
                                                "align": "center",
                                                "_margin": {
                                                    "unit": "px",
                                                    "top": "0",
                                                    "right": "0",
                                                    "bottom": "15",
                                                    "left": "0",
                                                    "isLinked": ""
                                                },
                                                "_element_width": "auto",
                                                "__globals__": {
                                                    "title_color": "globals\/colors?id=accent",
                                                    "typography_typography": "globals\/typography?id=c66122b"
                                                },
                                                "_animation": "fadeInDown"
                                            },
                                            "elements": [],
                                            "isInner": false,
                                            "widgetType": "heading",
                                            "elType": "widget"
                                        },
                                        {
                                            "id": "75077288",
                                            "settings": {
                                                "title": "Our Experienced Team",
                                                "align": "center",
                                                "_margin": {
                                                    "unit": "px",
                                                    "top": "0",
                                                    "right": "0",
                                                    "bottom": "15",
                                                    "left": "0",
                                                    "isLinked": ""
                                                },
                                                "_animation": "fadeInDown"
                                            },
                                            "elements": [],
                                            "isInner": false,
                                            "widgetType": "heading",
                                            "elType": "widget"
                                        },
                                        {
                                            "id": "21d8f209",
                                            "settings": {
                                                "align": "center",
                                                "_element_width": "initial",
                                                "_element_custom_width": {
                                                    "unit": "%",
                                                    "size": "51",
                                                    "sizes": []
                                                },
                                                "_element_width_mobile": "inherit",
                                                "_animation": "fadeInDown"
                                            },
                                            "elements": [],
                                            "isInner": false,
                                            "widgetType": "text-editor",
                                            "elType": "widget"
                                        }
                                    ],
                                    "isInner": "1",
                                    "elType": "column"
                                }
                            ],
                            "isInner": "1",
                            "elType": "section"
                        },
                        {
                            "id": "27958b2e",
                            "settings": {
                                "gap": "wider",
                                "structure": "30"
                            },
                            "elements": [
                                {
                                    "id": "bc20834",
                                    "settings": {
                                        "_column_size": "33"
                                    },
                                    "elements": [
                                        {
                                            "id": "733e0799",
                                            "settings": {
                                                "graphic_element": "none",
                                                "title_text_a": "Alex Rins",
                                                "description_text_a": "CEO - Founder",
                                                "background_a_background": "classic",
                                                "background_a_color": "#02010100",
                                                "background_a_color_stop": {
                                                    "unit": "%",
                                                    "size": "68",
                                                    "sizes": []
                                                },
                                                "background_a_color_b": "#222732",
                                                "background_a_image": {
                                                    "url": "https:\/\/tkpro-demo2.envalab.com\/13\/wp-content\/uploads\/sites\/14\/2022\/03\/Image-CCXAYZL.jpg",
                                                    "id": "561",
                                                    "alt": "",
                                                    "source": "library"
                                                },
                                                "background_a_position": "center center",
                                                "background_a_size": "cover",
                                                "background_overlay_a": "#00000042",
                                                "title_text_b": "CEO - Founder",
                                                "description_text_b": "Quisque velit nisi, pretium ut lacinia in, elementum id enim. Sed porttitor lectus nibh.",
                                                "button_text": "FB - TW - IG",
                                                "background_b_background": "classic",
                                                "background_b_color": "#222732",
                                                "height": {
                                                    "unit": "px",
                                                    "size": "450",
                                                    "sizes": []
                                                },
                                                "flip_effect": "zoom-in",
                                                "flip_direction": "right",
                                                "alignment_a": "left",
                                                "vertical_position_a": "bottom",
                                                "title_spacing_a": {
                                                    "unit": "px",
                                                    "size": "5",
                                                    "sizes": []
                                                },
                                                "title_color_a": "#FFFFFF",
                                                "title_typography_a_typography": "custom",
                                                "title_typography_a_font_family": "Source Sans Pro",
                                                "title_typography_a_font_size": {
                                                    "unit": "px",
                                                    "size": "25",
                                                    "sizes": []
                                                },
                                                "title_typography_a_font_weight": "600",
                                                "title_typography_a_text_transform": "capitalize",
                                                "title_typography_a_line_height": {
                                                    "unit": "em",
                                                    "size": "1.3",
                                                    "sizes": []
                                                },
                                                "title_typography_a_word_spacing": {
                                                    "unit": "em",
                                                    "size": "",
                                                    "sizes": []
                                                },
                                                "text_stroke_text_stroke": {
                                                    "unit": "px",
                                                    "size": "1",
                                                    "sizes": []
                                                },
                                                "text_stroke_stroke_color": "#222732",
                                                "description_color_a": "#FFFFFF",
                                                "vertical_position_b": "middle",
                                                "title_spacing_b": {
                                                    "unit": "px",
                                                    "size": "5",
                                                    "sizes": []
                                                },
                                                "title_color_b": "#FFFFFF",
                                                "title_typography_b_typography": "custom",
                                                "title_typography_b_font_family": "Source Sans Pro",
                                                "title_typography_b_font_size": {
                                                    "unit": "px",
                                                    "size": "25",
                                                    "sizes": []
                                                },
                                                "title_typography_b_font_weight": "600",
                                                "title_typography_b_text_transform": "capitalize",
                                                "title_typography_b_line_height": {
                                                    "unit": "em",
                                                    "size": "1.3",
                                                    "sizes": []
                                                },
                                                "title_typography_b_word_spacing": {
                                                    "unit": "em",
                                                    "size": "",
                                                    "sizes": []
                                                },
                                                "description_spacing_b": {
                                                    "unit": "px",
                                                    "size": "5",
                                                    "sizes": []
                                                },
                                                "description_color_b": "#FFFFFF",
                                                "description_typography_b_typography": "custom",
                                                "description_typography_b_font_family": "Source Sans Pro",
                                                "description_typography_b_font_size": {
                                                    "unit": "px",
                                                    "size": "16",
                                                    "sizes": []
                                                },
                                                "description_typography_b_font_weight": "400",
                                                "description_typography_b_line_height": {
                                                    "unit": "em",
                                                    "size": "1.5",
                                                    "sizes": []
                                                },
                                                "button_size": "xs",
                                                "button_background_color": "#02010100",
                                                "button_border_color": "#02010100",
                                                "__globals__": {
                                                    "title_color_a": "globals\/colors?id=11258d5",
                                                    "title_typography_a_typography": "globals\/typography?id=9e81345",
                                                    "description_color_a": "globals\/colors?id=11258d5",
                                                    "background_a_color": "globals\/colors?id=0125af7",
                                                    "background_overlay_a": "",
                                                    "description_color_b": "globals\/colors?id=11258d5",
                                                    "description_typography_b_typography": "globals\/typography?id=text",
                                                    "button_background_color": "globals\/colors?id=0125af7",
                                                    "button_border_color": "globals\/colors?id=0125af7",
                                                    "title_color_b": "globals\/colors?id=11258d5",
                                                    "title_typography_b_typography": "globals\/typography?id=9e81345",
                                                    "background_b_color": "globals\/colors?id=primary",
                                                    "background_a_color_b": "globals\/colors?id=primary",
                                                    "text_stroke_stroke_color": "globals\/colors?id=primary"
                                                },
                                                "height_tablet": {
                                                    "unit": "px",
                                                    "size": "260",
                                                    "sizes": []
                                                }
                                            },
                                            "elements": [],
                                            "isInner": false,
                                            "widgetType": "flip-box",
                                            "elType": "widget"
                                        }
                                    ],
                                    "isInner": "1",
                                    "elType": "column"
                                },
                                {
                                    "id": "75f6014f",
                                    "settings": {
                                        "_column_size": "33"
                                    },
                                    "elements": [
                                        {
                                            "id": "2cb7f426",
                                            "settings": {
                                                "graphic_element": "none",
                                                "title_text_a": "Joan Mir",
                                                "description_text_a": "Co-Founder",
                                                "background_a_background": "classic",
                                                "background_a_color": "#222732",
                                                "background_a_image": {
                                                    "url": "https:\/\/tkpro-demo2.envalab.com\/13\/wp-content\/uploads\/sites\/14\/2022\/03\/Image-QBZFKJ7.jpg",
                                                    "id": "583",
                                                    "alt": "",
                                                    "source": "library"
                                                },
                                                "background_a_position": "center center",
                                                "background_a_size": "cover",
                                                "background_overlay_a": "#00000042",
                                                "title_text_b": "Co-Founder",
                                                "description_text_b": "Quisque velit nisi, pretium ut lacinia in, elementum id enim. Sed porttitor lectus nibh.",
                                                "button_text": "FB - TW - IG",
                                                "background_b_background": "classic",
                                                "height": {
                                                    "unit": "px",
                                                    "size": "450",
                                                    "sizes": []
                                                },
                                                "flip_effect": "zoom-in",
                                                "flip_direction": "right",
                                                "alignment_a": "left",
                                                "vertical_position_a": "bottom",
                                                "title_spacing_a": {
                                                    "unit": "px",
                                                    "size": "5",
                                                    "sizes": []
                                                },
                                                "title_color_a": "#FFFFFF",
                                                "title_typography_a_typography": "custom",
                                                "title_typography_a_font_family": "Source Sans Pro",
                                                "title_typography_a_font_size": {
                                                    "unit": "px",
                                                    "size": "25",
                                                    "sizes": []
                                                },
                                                "title_typography_a_font_weight": "600",
                                                "title_typography_a_text_transform": "capitalize",
                                                "title_typography_a_line_height": {
                                                    "unit": "em",
                                                    "size": "1.3",
                                                    "sizes": []
                                                },
                                                "title_typography_a_word_spacing": {
                                                    "unit": "em",
                                                    "size": "",
                                                    "sizes": []
                                                },
                                                "description_color_a": "#FFFFFF",
                                                "vertical_position_b": "middle",
                                                "title_spacing_b": {
                                                    "unit": "px",
                                                    "size": "5",
                                                    "sizes": []
                                                },
                                                "description_spacing_b": {
                                                    "unit": "px",
                                                    "size": "5",
                                                    "sizes": []
                                                },
                                                "button_size": "xs",
                                                "__globals__": {
                                                    "title_color_a": "globals\/colors?id=11258d5",
                                                    "title_typography_a_typography": "globals\/typography?id=9e81345",
                                                    "description_color_a": "globals\/colors?id=11258d5",
                                                    "background_a_color": "globals\/colors?id=primary",
                                                    "background_overlay_a": "",
                                                    "description_color_b": "globals\/colors?id=11258d5",
                                                    "description_typography_b_typography": "globals\/typography?id=text",
                                                    "button_background_color": "globals\/colors?id=0125af7",
                                                    "button_border_color": "globals\/colors?id=0125af7",
                                                    "title_color_b": "globals\/colors?id=11258d5",
                                                    "title_typography_b_typography": "globals\/typography?id=9e81345",
                                                    "background_b_color": "globals\/colors?id=primary"
                                                },
                                                "height_tablet": {
                                                    "unit": "px",
                                                    "size": "260",
                                                    "sizes": []
                                                }
                                            },
                                            "elements": [],
                                            "isInner": false,
                                            "widgetType": "flip-box",
                                            "elType": "widget"
                                        }
                                    ],
                                    "isInner": "1",
                                    "elType": "column"
                                },
                                {
                                    "id": "1868d027",
                                    "settings": {
                                        "_column_size": "33"
                                    },
                                    "elements": [
                                        {
                                            "id": "1193a238",
                                            "settings": {
                                                "graphic_element": "none",
                                                "title_text_a": "Marc Marquez",
                                                "description_text_a": "Business Analyst",
                                                "background_a_background": "classic",
                                                "background_a_color": "#222732",
                                                "background_a_image": {
                                                    "url": "https:\/\/tkpro-demo2.envalab.com\/13\/wp-content\/uploads\/sites\/14\/2022\/03\/Image-PQ3VUFU.jpg",
                                                    "id": "589",
                                                    "alt": "",
                                                    "source": "library"
                                                },
                                                "background_a_position": "center center",
                                                "background_a_size": "cover",
                                                "background_overlay_a": "#00000038",
                                                "title_text_b": "Business Analyst",
                                                "description_text_b": "Quisque velit nisi, pretium ut lacinia in, elementum id enim. Sed porttitor lectus nibh.",
                                                "button_text": "FB - TW - IG",
                                                "background_b_background": "classic",
                                                "height": {
                                                    "unit": "px",
                                                    "size": "450",
                                                    "sizes": []
                                                },
                                                "flip_effect": "zoom-in",
                                                "flip_direction": "right",
                                                "alignment_a": "left",
                                                "vertical_position_a": "bottom",
                                                "title_spacing_a": {
                                                    "unit": "px",
                                                    "size": "5",
                                                    "sizes": []
                                                },
                                                "title_color_a": "#FFFFFF",
                                                "title_typography_a_typography": "custom",
                                                "title_typography_a_font_family": "Source Sans Pro",
                                                "title_typography_a_font_size": {
                                                    "unit": "px",
                                                    "size": "25",
                                                    "sizes": []
                                                },
                                                "title_typography_a_font_weight": "600",
                                                "title_typography_a_text_transform": "capitalize",
                                                "title_typography_a_line_height": {
                                                    "unit": "em",
                                                    "size": "1.3",
                                                    "sizes": []
                                                },
                                                "title_typography_a_word_spacing": {
                                                    "unit": "em",
                                                    "size": "",
                                                    "sizes": []
                                                },
                                                "description_color_a": "#FFFFFF",
                                                "vertical_position_b": "middle",
                                                "title_spacing_b": {
                                                    "unit": "px",
                                                    "size": "5",
                                                    "sizes": []
                                                },
                                                "description_spacing_b": {
                                                    "unit": "px",
                                                    "size": "5",
                                                    "sizes": []
                                                },
                                                "button_size": "xs",
                                                "__globals__": {
                                                    "title_color_a": "globals\/colors?id=11258d5",
                                                    "title_typography_a_typography": "globals\/typography?id=9e81345",
                                                    "description_color_a": "globals\/colors?id=11258d5",
                                                    "background_a_color": "globals\/colors?id=primary",
                                                    "background_overlay_a": "",
                                                    "description_color_b": "globals\/colors?id=11258d5",
                                                    "description_typography_b_typography": "globals\/typography?id=text",
                                                    "button_background_color": "globals\/colors?id=0125af7",
                                                    "button_border_color": "globals\/colors?id=0125af7",
                                                    "title_color_b": "globals\/colors?id=11258d5",
                                                    "title_typography_b_typography": "globals\/typography?id=9e81345",
                                                    "background_b_color": "globals\/colors?id=primary"
                                                },
                                                "height_tablet": {
                                                    "unit": "px",
                                                    "size": "260",
                                                    "sizes": []
                                                }
                                            },
                                            "elements": [],
                                            "isInner": false,
                                            "widgetType": "flip-box",
                                            "elType": "widget"
                                        }
                                    ],
                                    "isInner": "1",
                                    "elType": "column"
                                }
                            ],
                            "isInner": "1",
                            "elType": "section"
                        },
                        {
                            "id": "53d98500",
                            "settings": {
                                "gap": "wider",
                                "structure": "30"
                            },
                            "elements": [
                                {
                                    "id": "7e6faf87",
                                    "settings": {
                                        "_column_size": "33"
                                    },
                                    "elements": [
                                        {
                                            "id": "179c8bff",
                                            "settings": {
                                                "graphic_element": "none",
                                                "title_text_a": "Bastian Vettel",
                                                "description_text_a": "Marketing Director",
                                                "background_a_background": "classic",
                                                "background_a_color": "#222732",
                                                "background_a_image": {
                                                    "url": "https:\/\/tkpro-demo2.envalab.com\/13\/wp-content\/uploads\/sites\/14\/2022\/03\/Image-KSAYUDC.jpg",
                                                    "id": "588",
                                                    "alt": "",
                                                    "source": "library"
                                                },
                                                "background_a_position": "center center",
                                                "background_a_size": "cover",
                                                "background_overlay_a": "#00000038",
                                                "title_text_b": "Marketing Director",
                                                "description_text_b": "Quisque velit nisi, pretium ut lacinia in, elementum id enim. Sed porttitor lectus nibh.",
                                                "button_text": "FB - TW - IG",
                                                "background_b_background": "classic",
                                                "height": {
                                                    "unit": "px",
                                                    "size": "450",
                                                    "sizes": []
                                                },
                                                "flip_effect": "zoom-in",
                                                "flip_direction": "right",
                                                "alignment_a": "left",
                                                "vertical_position_a": "bottom",
                                                "title_spacing_a": {
                                                    "unit": "px",
                                                    "size": "5",
                                                    "sizes": []
                                                },
                                                "title_color_a": "#FFFFFF",
                                                "title_typography_a_typography": "custom",
                                                "title_typography_a_font_family": "Source Sans Pro",
                                                "title_typography_a_font_size": {
                                                    "unit": "px",
                                                    "size": "25",
                                                    "sizes": []
                                                },
                                                "title_typography_a_font_weight": "600",
                                                "title_typography_a_text_transform": "capitalize",
                                                "title_typography_a_line_height": {
                                                    "unit": "em",
                                                    "size": "1.3",
                                                    "sizes": []
                                                },
                                                "title_typography_a_word_spacing": {
                                                    "unit": "em",
                                                    "size": "",
                                                    "sizes": []
                                                },
                                                "description_color_a": "#FFFFFF",
                                                "vertical_position_b": "middle",
                                                "title_spacing_b": {
                                                    "unit": "px",
                                                    "size": "5",
                                                    "sizes": []
                                                },
                                                "description_spacing_b": {
                                                    "unit": "px",
                                                    "size": "5",
                                                    "sizes": []
                                                },
                                                "button_size": "xs",
                                                "__globals__": {
                                                    "title_color_a": "globals\/colors?id=11258d5",
                                                    "title_typography_a_typography": "globals\/typography?id=9e81345",
                                                    "description_color_a": "globals\/colors?id=11258d5",
                                                    "background_a_color": "globals\/colors?id=primary",
                                                    "background_overlay_a": "",
                                                    "description_color_b": "globals\/colors?id=11258d5",
                                                    "description_typography_b_typography": "globals\/typography?id=text",
                                                    "button_background_color": "globals\/colors?id=0125af7",
                                                    "button_border_color": "globals\/colors?id=0125af7",
                                                    "title_color_b": "globals\/colors?id=11258d5",
                                                    "title_typography_b_typography": "globals\/typography?id=9e81345",
                                                    "background_b_color": "globals\/colors?id=primary"
                                                },
                                                "height_tablet": {
                                                    "unit": "px",
                                                    "size": "260",
                                                    "sizes": []
                                                }
                                            },
                                            "elements": [],
                                            "isInner": false,
                                            "widgetType": "flip-box",
                                            "elType": "widget"
                                        }
                                    ],
                                    "isInner": "1",
                                    "elType": "column"
                                },
                                {
                                    "id": "5908164",
                                    "settings": {
                                        "_column_size": "33"
                                    },
                                    "elements": [
                                        {
                                            "id": "26183f0d",
                                            "settings": {
                                                "graphic_element": "none",
                                                "title_text_a": "Sergio Perez",
                                                "description_text_a": "Chief Technology",
                                                "background_a_background": "classic",
                                                "background_a_color": "#222732",
                                                "background_a_image": {
                                                    "url": "https:\/\/tkpro-demo2.envalab.com\/13\/wp-content\/uploads\/sites\/14\/2022\/03\/Image-8MSCXZN.jpg",
                                                    "id": "587",
                                                    "alt": "",
                                                    "source": "library"
                                                },
                                                "background_a_position": "center center",
                                                "background_a_size": "cover",
                                                "background_overlay_a": "#00000038",
                                                "title_text_b": "Chief Technology",
                                                "description_text_b": "Quisque velit nisi, pretium ut lacinia in, elementum id enim. Sed porttitor lectus nibh.",
                                                "button_text": "FB - TW - IG",
                                                "background_b_background": "classic",
                                                "height": {
                                                    "unit": "px",
                                                    "size": "450",
                                                    "sizes": []
                                                },
                                                "flip_effect": "zoom-in",
                                                "flip_direction": "right",
                                                "alignment_a": "left",
                                                "vertical_position_a": "bottom",
                                                "title_spacing_a": {
                                                    "unit": "px",
                                                    "size": "5",
                                                    "sizes": []
                                                },
                                                "title_color_a": "#FFFFFF",
                                                "title_typography_a_typography": "custom",
                                                "title_typography_a_font_family": "Source Sans Pro",
                                                "title_typography_a_font_size": {
                                                    "unit": "px",
                                                    "size": "25",
                                                    "sizes": []
                                                },
                                                "title_typography_a_font_weight": "600",
                                                "title_typography_a_text_transform": "capitalize",
                                                "title_typography_a_line_height": {
                                                    "unit": "em",
                                                    "size": "1.3",
                                                    "sizes": []
                                                },
                                                "title_typography_a_word_spacing": {
                                                    "unit": "em",
                                                    "size": "",
                                                    "sizes": []
                                                },
                                                "description_color_a": "#FFFFFF",
                                                "vertical_position_b": "middle",
                                                "title_spacing_b": {
                                                    "unit": "px",
                                                    "size": "5",
                                                    "sizes": []
                                                },
                                                "description_spacing_b": {
                                                    "unit": "px",
                                                    "size": "5",
                                                    "sizes": []
                                                },
                                                "button_size": "xs",
                                                "__globals__": {
                                                    "title_color_a": "globals\/colors?id=11258d5",
                                                    "title_typography_a_typography": "globals\/typography?id=9e81345",
                                                    "description_color_a": "globals\/colors?id=11258d5",
                                                    "background_a_color": "globals\/colors?id=primary",
                                                    "background_overlay_a": "",
                                                    "description_color_b": "globals\/colors?id=11258d5",
                                                    "description_typography_b_typography": "globals\/typography?id=text",
                                                    "button_background_color": "globals\/colors?id=0125af7",
                                                    "button_border_color": "globals\/colors?id=0125af7",
                                                    "title_color_b": "globals\/colors?id=11258d5",
                                                    "title_typography_b_typography": "globals\/typography?id=9e81345",
                                                    "background_b_color": "globals\/colors?id=primary"
                                                },
                                                "height_tablet": {
                                                    "unit": "px",
                                                    "size": "260",
                                                    "sizes": []
                                                }
                                            },
                                            "elements": [],
                                            "isInner": false,
                                            "widgetType": "flip-box",
                                            "elType": "widget"
                                        }
                                    ],
                                    "isInner": "1",
                                    "elType": "column"
                                },
                                {
                                    "id": "18c06720",
                                    "settings": {
                                        "_column_size": "33"
                                    },
                                    "elements": [
                                        {
                                            "id": "6a251ab1",
                                            "settings": {
                                                "graphic_element": "none",
                                                "title_text_a": "Zhou Guanyu",
                                                "description_text_a": "Digital Strategist",
                                                "background_a_background": "classic",
                                                "background_a_color": "#222732",
                                                "background_a_image": {
                                                    "url": "https:\/\/tkpro-demo2.envalab.com\/13\/wp-content\/uploads\/sites\/14\/2022\/03\/Image-Q375YLM.jpg",
                                                    "id": "590",
                                                    "alt": "",
                                                    "source": "library"
                                                },
                                                "background_a_position": "center center",
                                                "background_a_size": "cover",
                                                "background_overlay_a": "#00000038",
                                                "title_text_b": "Digital Strategist",
                                                "description_text_b": "Quisque velit nisi, pretium ut lacinia in, elementum id enim. Sed porttitor lectus nibh.",
                                                "button_text": "FB - TW - IG",
                                                "background_b_background": "classic",
                                                "height": {
                                                    "unit": "px",
                                                    "size": "450",
                                                    "sizes": []
                                                },
                                                "flip_effect": "zoom-in",
                                                "flip_direction": "right",
                                                "alignment_a": "left",
                                                "vertical_position_a": "bottom",
                                                "title_spacing_a": {
                                                    "unit": "px",
                                                    "size": "5",
                                                    "sizes": []
                                                },
                                                "title_color_a": "#FFFFFF",
                                                "title_typography_a_typography": "custom",
                                                "title_typography_a_font_family": "Source Sans Pro",
                                                "title_typography_a_font_size": {
                                                    "unit": "px",
                                                    "size": "25",
                                                    "sizes": []
                                                },
                                                "title_typography_a_font_weight": "600",
                                                "title_typography_a_text_transform": "capitalize",
                                                "title_typography_a_line_height": {
                                                    "unit": "em",
                                                    "size": "1.3",
                                                    "sizes": []
                                                },
                                                "title_typography_a_word_spacing": {
                                                    "unit": "em",
                                                    "size": "",
                                                    "sizes": []
                                                },
                                                "description_color_a": "#FFFFFF",
                                                "vertical_position_b": "middle",
                                                "title_spacing_b": {
                                                    "unit": "px",
                                                    "size": "5",
                                                    "sizes": []
                                                },
                                                "description_spacing_b": {
                                                    "unit": "px",
                                                    "size": "5",
                                                    "sizes": []
                                                },
                                                "button_size": "xs",
                                                "__globals__": {
                                                    "title_color_a": "globals\/colors?id=11258d5",
                                                    "title_typography_a_typography": "globals\/typography?id=9e81345",
                                                    "description_color_a": "globals\/colors?id=11258d5",
                                                    "background_a_color": "globals\/colors?id=primary",
                                                    "background_overlay_a": "",
                                                    "description_color_b": "globals\/colors?id=11258d5",
                                                    "description_typography_b_typography": "globals\/typography?id=text",
                                                    "button_background_color": "globals\/colors?id=0125af7",
                                                    "button_border_color": "globals\/colors?id=0125af7",
                                                    "title_color_b": "globals\/colors?id=11258d5",
                                                    "title_typography_b_typography": "globals\/typography?id=9e81345",
                                                    "background_b_color": "globals\/colors?id=primary"
                                                },
                                                "height_tablet": {
                                                    "unit": "px",
                                                    "size": "260",
                                                    "sizes": []
                                                }
                                            },
                                            "elements": [],
                                            "isInner": false,
                                            "widgetType": "flip-box",
                                            "elType": "widget"
                                        }
                                    ],
                                    "isInner": "1",
                                    "elType": "column"
                                }
                            ],
                            "isInner": "1",
                            "elType": "section"
                        }
                    ],
                    "isInner": "",
                    "elType": "column"
                }
            ],
            "isInner": "",
            "elType": "section"
        }
    ],
    "page_settings": {
        "hide_title": "yes",
        "template": "elementor_canvas"
    }
}