{
    "version": "0.4",
    "title": "Carsentro &#8211; Hero Section",
    "type": "section",
    "metadata": {
        "template_type": "section-hero",
        "include_in_zip": "1",
        "elementor_pro_required": "1",
        "wp_page_template": "elementor_canvas"
    },
    "content": [
        {
            "id": "3f9b0705",
            "settings": {
                "background_background": "slideshow",
                "background_color_stop": {
                    "unit": "%",
                    "size": "39",
                    "sizes": []
                },
                "background_color_b_stop": {
                    "unit": "%",
                    "size": "9",
                    "sizes": []
                },
                "background_gradient_angle": {
                    "unit": "deg",
                    "size": "-90",
                    "sizes": []
                },
                "margin": {
                    "unit": "px",
                    "top": "0",
                    "right": "0",
                    "bottom": "0",
                    "left": "0",
                    "isLinked": ""
                },
                "padding": {
                    "unit": "px",
                    "top": "90",
                    "right": "0",
                    "bottom": "90",
                    "left": "0",
                    "isLinked": ""
                },
                "__globals__": {
                    "background_color": "globals\/colors?id=primary",
                    "background_color_b": "globals\/colors?id=0125af7",
                    "background_overlay_color": "globals\/colors?id=aaafffe"
                },
                "gap": "wider",
                "background_image": {
                    "url": "https:\/\/tkpro-demo2.envalab.com\/13\/wp-content\/uploads\/sites\/14\/2022\/04\/Image-YZ4LTF9.jpg",
                    "id": "2769",
                    "alt": "",
                    "source": "library"
                },
                "background_xpos": {
                    "unit": "px",
                    "size": "-543",
                    "sizes": []
                },
                "background_repeat": "no-repeat",
                "background_size": "cover",
                "background_overlay_background": "classic",
                "background_overlay_opacity": {
                    "unit": "px",
                    "size": "0.6",
                    "sizes": []
                },
                "custom_height": {
                    "unit": "px",
                    "size": "",
                    "sizes": []
                },
                "column_position": "bottom",
                "background_slideshow_gallery": [
                    {
                        "id": "2769",
                        "url": "https:\/\/tkpro-demo2.envalab.com\/13\/wp-content\/uploads\/sites\/14\/2022\/04\/Image-YZ4LTF9.jpg"
                    },
                    {
                        "id": "2768",
                        "url": "https:\/\/tkpro-demo2.envalab.com\/13\/wp-content\/uploads\/sites\/14\/2022\/04\/Image-YWV5K5J.jpg"
                    },
                    {
                        "id": "2757",
                        "url": "https:\/\/tkpro-demo2.envalab.com\/13\/wp-content\/uploads\/sites\/14\/2022\/04\/Image-MRQA7L3.jpg"
                    }
                ],
                "background_slideshow_background_size": "cover",
                "background_slideshow_background_position": "center center"
            },
            "elements": [
                {
                    "id": "46f6aa8f",
                    "settings": {
                        "_column_size": "100",
                        "background_background": "classic",
                        "margin": {
                            "unit": "%",
                            "top": "0",
                            "right": "50",
                            "bottom": "0",
                            "left": "0",
                            "isLinked": ""
                        },
                        "margin_tablet": {
                            "unit": "%",
                            "top": "0",
                            "right": "0",
                            "bottom": "0",
                            "left": "0",
                            "isLinked": ""
                        },
                        "margin_mobile": {
                            "unit": "%",
                            "top": "",
                            "right": "",
                            "bottom": "",
                            "left": "",
                            "isLinked": "1"
                        },
                        "__globals__": {
                            "background_color": "globals\/colors?id=0125af7"
                        },
                        "align_mobile": "center"
                    },
                    "elements": [
                        {
                            "id": "482c0146",
                            "settings": {
                                "title": "we have everything your car needs",
                                "header_size": "h1",
                                "__globals__": {
                                    "title_color": "globals\/colors?id=11258d5"
                                },
                                "align": "left",
                                "align_mobile": "center"
                            },
                            "elements": [],
                            "isInner": false,
                            "widgetType": "heading",
                            "elType": "widget"
                        },
                        {
                            "id": "2c7137d8",
                            "settings": {
                                "__globals__": {
                                    "text_color": "globals\/colors?id=11258d5"
                                },
                                "align": "left",
                                "editor": "<p>Curabitur aliquet quam id dui posuere blandit. Vivamus suscipit tortor eget felis porttitor volutpat. Nulla quis lorem ut libero malesuada feugiat..<\/p>",
                                "align_mobile": "center"
                            },
                            "elements": [],
                            "isInner": false,
                            "widgetType": "text-editor",
                            "elType": "widget"
                        },
                        {
                            "id": "797e7e9",
                            "settings": {
                                "text": "Discover More",
                                "size": "md",
                                "_element_width": "auto"
                            },
                            "elements": [],
                            "isInner": false,
                            "widgetType": "button",
                            "elType": "widget"
                        }
                    ],
                    "isInner": "",
                    "elType": "column"
                }
            ],
            "isInner": "",
            "elType": "section"
        }
    ],
    "page_settings": {
        "hide_title": "yes",
        "template": "elementor_canvas"
    }
}