{
    "version": "0.4",
    "title": "Carsentro &#8211; Pricing Section",
    "type": "section",
    "metadata": {
        "template_type": "section-pricing",
        "include_in_zip": "1",
        "elementor_pro_required": "1",
        "wp_page_template": "elementor_canvas"
    },
    "content": [
        {
            "id": "5b6ab126",
            "settings": {
                "gap": "wider",
                "background_background": "gradient",
                "background_color_stop": {
                    "unit": "%",
                    "size": "62",
                    "sizes": []
                },
                "background_color_b_stop": {
                    "unit": "%",
                    "size": "31",
                    "sizes": []
                },
                "padding": {
                    "unit": "px",
                    "top": "0",
                    "right": "0",
                    "bottom": "45",
                    "left": "0",
                    "isLinked": ""
                },
                "__globals__": {
                    "background_color": "globals\/colors?id=4fec0aa",
                    "background_color_b": "globals\/colors?id=0125af7"
                },
                "padding_mobile": {
                    "unit": "px",
                    "top": "0",
                    "right": "0",
                    "bottom": "0",
                    "left": "0",
                    "isLinked": ""
                }
            },
            "elements": [
                {
                    "id": "d86aad3",
                    "settings": {
                        "_column_size": "100",
                        "_inline_size": "",
                        "_inline_size_tablet": "100",
                        "padding": {
                            "unit": "px",
                            "top": "90",
                            "right": "60",
                            "bottom": "0",
                            "left": "30",
                            "isLinked": ""
                        },
                        "padding_tablet": {
                            "unit": "px",
                            "top": "45",
                            "right": "30",
                            "bottom": "45",
                            "left": "30",
                            "isLinked": ""
                        },
                        "margin": {
                            "unit": "%",
                            "top": "0",
                            "right": "20",
                            "bottom": "0",
                            "left": "0",
                            "isLinked": ""
                        },
                        "margin_tablet": {
                            "unit": "%",
                            "top": "",
                            "right": "",
                            "bottom": "",
                            "left": "",
                            "isLinked": "1"
                        },
                        "margin_mobile": {
                            "unit": "%",
                            "top": "",
                            "right": "",
                            "bottom": "",
                            "left": "",
                            "isLinked": "1"
                        }
                    },
                    "elements": [
                        {
                            "id": "3945700c",
                            "settings": {
                                "margin": {
                                    "unit": "px",
                                    "top": "0",
                                    "right": "0",
                                    "bottom": "0",
                                    "left": "0",
                                    "isLinked": ""
                                }
                            },
                            "elements": [
                                {
                                    "id": "525cdc82",
                                    "settings": {
                                        "_column_size": "100",
                                        "margin": {
                                            "unit": "%",
                                            "top": "0",
                                            "right": "0",
                                            "bottom": "0",
                                            "left": "0",
                                            "isLinked": "1"
                                        },
                                        "margin_tablet": {
                                            "unit": "%",
                                            "top": "",
                                            "right": "",
                                            "bottom": "",
                                            "left": "",
                                            "isLinked": "1"
                                        },
                                        "margin_mobile": {
                                            "unit": "%",
                                            "top": "",
                                            "right": "",
                                            "bottom": "",
                                            "left": "",
                                            "isLinked": "1"
                                        },
                                        "align_mobile": "center"
                                    },
                                    "elements": [
                                        {
                                            "id": "29181ef5",
                                            "settings": {
                                                "title": "Listing Price",
                                                "header_size": "div",
                                                "_margin": {
                                                    "unit": "px",
                                                    "top": "0",
                                                    "right": "0",
                                                    "bottom": "15",
                                                    "left": "0",
                                                    "isLinked": ""
                                                },
                                                "_element_width": "auto",
                                                "__globals__": {
                                                    "title_color": "globals\/colors?id=secondary",
                                                    "typography_typography": "globals\/typography?id=c66122b"
                                                },
                                                "_animation": "fadeInDown"
                                            },
                                            "elements": [],
                                            "isInner": false,
                                            "widgetType": "heading",
                                            "elType": "widget"
                                        },
                                        {
                                            "id": "5b6d8708",
                                            "settings": {
                                                "title": "Choose the Package that Suits Your Needs",
                                                "align_mobile": "center",
                                                "_animation": "fadeInDown"
                                            },
                                            "elements": [],
                                            "isInner": false,
                                            "widgetType": "heading",
                                            "elType": "widget"
                                        },
                                        {
                                            "id": "150386c2",
                                            "settings": {
                                                "align": "left",
                                                "align_mobile": "center",
                                                "_animation": "fadeInDown"
                                            },
                                            "elements": [],
                                            "isInner": false,
                                            "widgetType": "text-editor",
                                            "elType": "widget"
                                        }
                                    ],
                                    "isInner": "1",
                                    "elType": "column"
                                }
                            ],
                            "isInner": "1",
                            "elType": "section"
                        },
                        {
                            "id": "4f79bec6",
                            "settings": {
                                "structure": "20"
                            },
                            "elements": [
                                {
                                    "id": "1c279d06",
                                    "settings": {
                                        "_column_size": "50",
                                        "background_background": "classic",
                                        "margin": {
                                            "unit": "px",
                                            "top": "0",
                                            "right": "15",
                                            "bottom": "0",
                                            "left": "0",
                                            "isLinked": ""
                                        },
                                        "padding": {
                                            "unit": "px",
                                            "top": "0",
                                            "right": "0",
                                            "bottom": "0",
                                            "left": "0",
                                            "isLinked": "1"
                                        },
                                        "__globals__": {
                                            "background_color": "globals\/colors?id=0125af7"
                                        },
                                        "margin_mobile": {
                                            "unit": "px",
                                            "top": "0",
                                            "right": "0",
                                            "bottom": "15",
                                            "left": "0",
                                            "isLinked": ""
                                        }
                                    },
                                    "elements": [
                                        {
                                            "id": "4ab1d254",
                                            "settings": {
                                                "heading": "Silver",
                                                "sub_heading": "",
                                                "price": "89.99",
                                                "currency_format": ",",
                                                "period": "Years",
                                                "features_list": [
                                                    {
                                                        "item_text": "Malesuada quam Tortor",
                                                        "selected_item_icon": {
                                                            "value": "",
                                                            "library": ""
                                                        },
                                                        "_id": "ac89fb8"
                                                    },
                                                    {
                                                        "item_text": "Sed porttitor lectus nibh",
                                                        "selected_item_icon": {
                                                            "value": "",
                                                            "library": ""
                                                        },
                                                        "_id": "968f945"
                                                    },
                                                    {
                                                        "item_text": "Vivamus suscipit tortor",
                                                        "selected_item_icon": {
                                                            "value": "",
                                                            "library": ""
                                                        },
                                                        "_id": "49cf1ce"
                                                    },
                                                    {
                                                        "item_text": "Quisque velit nisi",
                                                        "selected_item_icon": {
                                                            "value": "",
                                                            "library": ""
                                                        },
                                                        "_id": "5c4022b"
                                                    }
                                                ],
                                                "button_text": "Get Started",
                                                "footer_additional_info": "",
                                                "show_ribbon": "",
                                                "ribbon_title": "Popular",
                                                "header_padding": {
                                                    "unit": "px",
                                                    "top": "20",
                                                    "right": "0",
                                                    "bottom": "0",
                                                    "left": "0",
                                                    "isLinked": ""
                                                },
                                                "pricing_element_padding": {
                                                    "unit": "px",
                                                    "top": "30",
                                                    "right": "0",
                                                    "bottom": "30",
                                                    "left": "0",
                                                    "isLinked": ""
                                                },
                                                "currency_size": {
                                                    "unit": "px",
                                                    "size": "100",
                                                    "sizes": []
                                                },
                                                "currency_vertical_position": "middle",
                                                "fractional-part_size": {
                                                    "unit": "px",
                                                    "size": "0",
                                                    "sizes": []
                                                },
                                                "fractional_part_vertical_position": "",
                                                "features_list_padding": {
                                                    "unit": "px",
                                                    "top": "20",
                                                    "right": "20",
                                                    "bottom": "20",
                                                    "left": "20",
                                                    "isLinked": ""
                                                },
                                                "features_list_alignment": "left",
                                                "divider_weight": {
                                                    "unit": "px",
                                                    "size": "1",
                                                    "sizes": []
                                                },
                                                "divider_width": {
                                                    "unit": "px",
                                                    "size": "88",
                                                    "sizes": []
                                                },
                                                "divider_gap": {
                                                    "unit": "px",
                                                    "size": "8",
                                                    "sizes": []
                                                },
                                                "button_size": "sm",
                                                "button_border_width": {
                                                    "unit": "px",
                                                    "top": "1",
                                                    "right": "1",
                                                    "bottom": "1",
                                                    "left": "1",
                                                    "isLinked": "1"
                                                },
                                                "button_hover_animation": "float",
                                                "_margin": {
                                                    "unit": "px",
                                                    "top": "0",
                                                    "right": "0",
                                                    "bottom": "0",
                                                    "left": "0",
                                                    "isLinked": ""
                                                },
                                                "_border_width": {
                                                    "unit": "px",
                                                    "top": "1",
                                                    "right": "1",
                                                    "bottom": "1",
                                                    "left": "1",
                                                    "isLinked": "1"
                                                },
                                                "__globals__": {
                                                    "header_bg_color": "globals\/colors?id=11258d5",
                                                    "heading_color": "globals\/colors?id=primary",
                                                    "heading_typography_typography": "globals\/typography?id=247308f",
                                                    "sub_heading_color": "globals\/colors?id=primary",
                                                    "pricing_element_bg_color": "globals\/colors?id=11258d5",
                                                    "price_color": "globals\/colors?id=primary",
                                                    "price_typography_typography": "globals\/typography?id=9482ada",
                                                    "period_color": "globals\/colors?id=primary",
                                                    "period_typography_typography": "globals\/typography?id=c66122b",
                                                    "features_list_bg_color": "globals\/colors?id=11258d5",
                                                    "features_list_color": "globals\/colors?id=primary",
                                                    "features_list_typography_typography": "globals\/typography?id=text",
                                                    "footer_bg_color": "globals\/colors?id=11258d5",
                                                    "button_typography_typography": "globals\/typography?id=e3fcf11",
                                                    "button_background_color": "globals\/colors?id=secondary",
                                                    "button_border_color": "globals\/colors?id=secondary",
                                                    "button_text_color": "globals\/colors?id=11258d5",
                                                    "button_hover_color": "globals\/colors?id=11258d5",
                                                    "button_background_hover_color": "globals\/colors?id=b284c3f",
                                                    "button_hover_border_color": "globals\/colors?id=0125af7",
                                                    "_border_color": "globals\/colors?id=456d867",
                                                    "divider_color": "globals\/colors?id=456d867"
                                                },
                                                "_box_shadow_box_shadow_type": "yes",
                                                "_box_shadow_box_shadow": {
                                                    "horizontal": "0",
                                                    "vertical": "10",
                                                    "blur": "30",
                                                    "spread": "0",
                                                    "color": "rgba(0, 0, 0, 0.11)"
                                                }
                                            },
                                            "elements": [],
                                            "isInner": false,
                                            "widgetType": "price-table",
                                            "elType": "widget"
                                        }
                                    ],
                                    "isInner": "1",
                                    "elType": "column"
                                },
                                {
                                    "id": "5b6640f7",
                                    "settings": {
                                        "_column_size": "50",
                                        "content_position": "center",
                                        "background_background": "classic",
                                        "margin": {
                                            "unit": "px",
                                            "top": "0",
                                            "right": "0",
                                            "bottom": "0",
                                            "left": "15",
                                            "isLinked": ""
                                        },
                                        "padding": {
                                            "unit": "px",
                                            "top": "0",
                                            "right": "0",
                                            "bottom": "0",
                                            "left": "0",
                                            "isLinked": "1"
                                        },
                                        "__globals__": {
                                            "background_color": "globals\/colors?id=0125af7"
                                        },
                                        "margin_mobile": {
                                            "unit": "px",
                                            "top": "0",
                                            "right": "0",
                                            "bottom": "0",
                                            "left": "0",
                                            "isLinked": ""
                                        }
                                    },
                                    "elements": [
                                        {
                                            "id": "1c8c90dc",
                                            "settings": {
                                                "heading": "Platinum",
                                                "sub_heading": "",
                                                "price": "199",
                                                "currency_format": ",",
                                                "period": "Years",
                                                "features_list": [
                                                    {
                                                        "item_text": "Malesuada quam Tortor",
                                                        "selected_item_icon": {
                                                            "value": "",
                                                            "library": ""
                                                        },
                                                        "_id": "ac89fb8"
                                                    },
                                                    {
                                                        "item_text": "Sed porttitor lectus nibh",
                                                        "selected_item_icon": {
                                                            "value": "",
                                                            "library": ""
                                                        },
                                                        "_id": "968f945"
                                                    },
                                                    {
                                                        "item_text": "Vivamus suscipit tortor",
                                                        "selected_item_icon": {
                                                            "value": "",
                                                            "library": ""
                                                        },
                                                        "_id": "49cf1ce"
                                                    },
                                                    {
                                                        "item_text": "Quisque velit nisi",
                                                        "selected_item_icon": {
                                                            "value": "",
                                                            "library": ""
                                                        },
                                                        "_id": "5c4022b"
                                                    }
                                                ],
                                                "button_text": "Get Started",
                                                "footer_additional_info": "",
                                                "show_ribbon": "",
                                                "ribbon_title": "Popular",
                                                "pricing_element_padding": {
                                                    "unit": "px",
                                                    "top": "20",
                                                    "right": "0",
                                                    "bottom": "20",
                                                    "left": "0",
                                                    "isLinked": ""
                                                },
                                                "currency_size": {
                                                    "unit": "px",
                                                    "size": "100",
                                                    "sizes": []
                                                },
                                                "currency_vertical_position": "middle",
                                                "fractional-part_size": {
                                                    "unit": "px",
                                                    "size": "0",
                                                    "sizes": []
                                                },
                                                "fractional_part_vertical_position": "",
                                                "features_list_padding": {
                                                    "unit": "px",
                                                    "top": "20",
                                                    "right": "20",
                                                    "bottom": "20",
                                                    "left": "20",
                                                    "isLinked": ""
                                                },
                                                "features_list_alignment": "left",
                                                "divider_weight": {
                                                    "unit": "px",
                                                    "size": "1",
                                                    "sizes": []
                                                },
                                                "divider_width": {
                                                    "unit": "px",
                                                    "size": "89",
                                                    "sizes": []
                                                },
                                                "divider_gap": {
                                                    "unit": "px",
                                                    "size": "8",
                                                    "sizes": []
                                                },
                                                "button_size": "sm",
                                                "button_hover_animation": "float",
                                                "_margin": {
                                                    "unit": "px",
                                                    "top": "0",
                                                    "right": "0",
                                                    "bottom": "0",
                                                    "left": "0",
                                                    "isLinked": ""
                                                },
                                                "_border_width": {
                                                    "unit": "px",
                                                    "top": "1",
                                                    "right": "1",
                                                    "bottom": "1",
                                                    "left": "1",
                                                    "isLinked": "1"
                                                },
                                                "__globals__": {
                                                    "header_bg_color": "globals\/colors?id=primary",
                                                    "heading_color": "globals\/colors?id=11258d5",
                                                    "heading_typography_typography": "globals\/typography?id=247308f",
                                                    "sub_heading_color": "globals\/colors?id=primary",
                                                    "pricing_element_bg_color": "globals\/colors?id=primary",
                                                    "price_color": "globals\/colors?id=11258d5",
                                                    "price_typography_typography": "globals\/typography?id=9482ada",
                                                    "period_color": "globals\/colors?id=11258d5",
                                                    "period_typography_typography": "globals\/typography?id=c66122b",
                                                    "features_list_bg_color": "globals\/colors?id=primary",
                                                    "features_list_color": "globals\/colors?id=11258d5",
                                                    "features_list_typography_typography": "globals\/typography?id=text",
                                                    "footer_bg_color": "globals\/colors?id=primary",
                                                    "button_typography_typography": "globals\/typography?id=e3fcf11",
                                                    "_border_color": "globals\/colors?id=456d867",
                                                    "divider_color": "globals\/colors?id=11258d5",
                                                    "button_background_hover_color": "globals\/colors?id=accent",
                                                    "button_hover_color": "globals\/colors?id=11258d5"
                                                },
                                                "_box_shadow_box_shadow_type": "yes",
                                                "_box_shadow_box_shadow": {
                                                    "horizontal": "0",
                                                    "vertical": "10",
                                                    "blur": "30",
                                                    "spread": "0",
                                                    "color": "rgba(0, 0, 0, 0.11)"
                                                }
                                            },
                                            "elements": [],
                                            "isInner": false,
                                            "widgetType": "price-table",
                                            "elType": "widget"
                                        }
                                    ],
                                    "isInner": "1",
                                    "elType": "column"
                                }
                            ],
                            "isInner": "1",
                            "elType": "section"
                        }
                    ],
                    "isInner": "",
                    "elType": "column"
                }
            ],
            "isInner": "",
            "elType": "section"
        }
    ],
    "page_settings": {
        "hide_title": "yes",
        "template": "elementor_canvas"
    }
}