{
    "version": "0.4",
    "title": "Carsentro &#8211; About Section",
    "type": "section",
    "metadata": {
        "template_type": "section-about",
        "include_in_zip": "1",
        "elementor_pro_required": "1",
        "wp_page_template": "elementor_canvas"
    },
    "content": [
        {
            "id": "676df2bd",
            "settings": {
                "gap": "wider",
                "structure": "20",
                "padding": {
                    "unit": "px",
                    "top": "90",
                    "right": "0",
                    "bottom": "90",
                    "left": "0",
                    "isLinked": ""
                },
                "padding_tablet": {
                    "unit": "px",
                    "top": "45",
                    "right": "0",
                    "bottom": "45",
                    "left": "0",
                    "isLinked": ""
                }
            },
            "elements": [
                {
                    "id": "7be51e56",
                    "settings": {
                        "_column_size": "50",
                        "_inline_size": "40.474",
                        "_inline_size_tablet": "100",
                        "align_mobile": "center"
                    },
                    "elements": [
                        {
                            "id": "20b31a7",
                            "settings": {
                                "title": "About Us",
                                "header_size": "div",
                                "_margin": {
                                    "unit": "px",
                                    "top": "0",
                                    "right": "0",
                                    "bottom": "15",
                                    "left": "0",
                                    "isLinked": ""
                                },
                                "_element_width": "auto",
                                "__globals__": {
                                    "title_color": "globals\/colors?id=secondary",
                                    "typography_typography": "globals\/typography?id=c66122b",
                                    "_background_color": "globals\/colors?id=0125af7",
                                    "_background_color_b": "globals\/colors?id=0125af7"
                                },
                                "_animation": "fadeInDown",
                                "_background_background": "classic",
                                "_background_color_stop": {
                                    "unit": "%",
                                    "size": "61",
                                    "sizes": []
                                },
                                "_background_color_b_stop": {
                                    "unit": "%",
                                    "size": "0",
                                    "sizes": []
                                },
                                "_background_gradient_angle": {
                                    "unit": "deg",
                                    "size": "90",
                                    "sizes": []
                                }
                            },
                            "elements": [],
                            "isInner": false,
                            "widgetType": "heading",
                            "elType": "widget"
                        },
                        {
                            "id": "2c32354f",
                            "settings": {
                                "title": "Leading Digital Marketplace for The Automotive Industry",
                                "_margin": {
                                    "unit": "px",
                                    "top": "0",
                                    "right": "0",
                                    "bottom": "15",
                                    "left": "0",
                                    "isLinked": ""
                                },
                                "align_mobile": "center",
                                "_animation": "fadeInDown"
                            },
                            "elements": [],
                            "isInner": false,
                            "widgetType": "heading",
                            "elType": "widget"
                        },
                        {
                            "id": "4a89d51c",
                            "settings": {
                                "space": {
                                    "unit": "px",
                                    "size": "110",
                                    "sizes": []
                                },
                                "space_tablet": {
                                    "unit": "px",
                                    "size": "59",
                                    "sizes": []
                                },
                                "space_mobile": {
                                    "unit": "px",
                                    "size": "50",
                                    "sizes": []
                                }
                            },
                            "elements": [],
                            "isInner": false,
                            "widgetType": "spacer",
                            "elType": "widget"
                        },
                        {
                            "id": "f9de77e",
                            "settings": {
                                "text": "Learn More",
                                "size": "md",
                                "hover_animation": "float",
                                "_element_width": "auto"
                            },
                            "elements": [],
                            "isInner": false,
                            "widgetType": "button",
                            "elType": "widget"
                        }
                    ],
                    "isInner": "",
                    "elType": "column"
                },
                {
                    "id": "34b6405a",
                    "settings": {
                        "_column_size": "50",
                        "_inline_size": "59.526",
                        "_inline_size_tablet": "100"
                    },
                    "elements": [
                        {
                            "id": "7ea2680b",
                            "settings": {
                                "editor": "<p>Nulla quis lorem ut libero malesuada feugiat. Pellentesque in ipsum id orci porta dapibus. Sed porttitor lectus nibh. Nulla quis lorem ut libero malesuada feugiat. Mauris blandit aliquet elit, eget tincidunt nibh pulvinar a. Vivamus magna justo, lacinia eget consectetur sed, convallis at tellus.<\/p><p>Lorem ipsum dolor sit amet, consectetur adipiscing elit. Curabitur arcu erat, accumsan id imperdiet et, porttitor at sem. Proin eget tortor risus. Vivamus suscipit tortor eget felis porttitor volutpat. Vivamus suscipit tortor eget felis porttitor volutpat. Donec sollicitudin molestie malesuada.<\/p>",
                                "text_columns": "2",
                                "text_columns_mobile": "1",
                                "align_mobile": "center",
                                "_animation": "fadeInDown"
                            },
                            "elements": [],
                            "isInner": false,
                            "widgetType": "text-editor",
                            "elType": "widget"
                        },
                        {
                            "id": "32ad21a5",
                            "settings": [],
                            "elements": [
                                {
                                    "id": "75a57678",
                                    "settings": {
                                        "_column_size": "100"
                                    },
                                    "elements": [
                                        {
                                            "id": "76208bfd",
                                            "settings": {
                                                "skin": "cover",
                                                "bg_image": {
                                                    "url": "https:\/\/tkpro-demo2.envalab.com\/13\/wp-content\/uploads\/sites\/14\/2022\/03\/Image-PPV3GYX.jpg",
                                                    "id": "143",
                                                    "alt": "",
                                                    "source": "library"
                                                },
                                                "title": "This is the heading",
                                                "description": "",
                                                "title_tag": "h5",
                                                "button": "",
                                                "min-height": {
                                                    "unit": "px",
                                                    "size": "379",
                                                    "sizes": []
                                                },
                                                "alignment": "left",
                                                "vertical_position": "bottom",
                                                "content_animation": "",
                                                "transformation": "",
                                                "__globals__": {
                                                    "title_color": "globals\/colors?id=0125af7",
                                                    "overlay_color": "globals\/colors?id=0125af7",
                                                    "overlay_color_hover": "globals\/colors?id=0125af7"
                                                },
                                                "min-height_mobile": {
                                                    "unit": "px",
                                                    "size": "208",
                                                    "sizes": []
                                                }
                                            },
                                            "elements": [],
                                            "isInner": false,
                                            "widgetType": "call-to-action",
                                            "elType": "widget"
                                        }
                                    ],
                                    "isInner": "1",
                                    "elType": "column"
                                }
                            ],
                            "isInner": "1",
                            "elType": "section"
                        }
                    ],
                    "isInner": "",
                    "elType": "column"
                }
            ],
            "isInner": "",
            "elType": "section"
        }
    ],
    "page_settings": {
        "hide_title": "yes",
        "template": "elementor_canvas"
    }
}