{
    "version": "0.4",
    "title": "Contact",
    "type": "page",
    "metadata": {
        "template_type": "single-page",
        "include_in_zip": "1",
        "elementor_pro_required": "1",
        "wp_page_template": "elementor_header_footer"
    },
    "content": [
        {
            "id": "403971a0",
            "settings": {
                "gap": "wider",
                "height": "min-height",
                "background_background": "classic",
                "__globals__": {
                    "background_color": "globals\/colors?id=secondary",
                    "background_overlay_color": "globals\/colors?id=aaafffe",
                    "shape_divider_top_color": "globals\/colors?id=secondary"
                },
                "background_image": {
                    "url": "https:\/\/tkpro-demo2.envalab.com\/13\/wp-content\/uploads\/sites\/14\/2022\/03\/Image-A7DVGF6.jpg",
                    "id": "126",
                    "alt": "",
                    "source": "library"
                },
                "background_size": "cover",
                "background_overlay_background": "classic",
                "background_overlay_opacity": {
                    "unit": "px",
                    "size": "0.6",
                    "sizes": []
                },
                "margin": {
                    "unit": "px",
                    "top": "-110",
                    "right": "0",
                    "bottom": "0",
                    "left": "0",
                    "isLinked": ""
                },
                "custom_height_tablet": {
                    "unit": "px",
                    "size": "300",
                    "sizes": []
                },
                "background_xpos": {
                    "unit": "px",
                    "size": "-497",
                    "sizes": []
                },
                "background_repeat": "no-repeat",
                "shape_divider_top_width": {
                    "unit": "%",
                    "size": "258",
                    "sizes": []
                },
                "margin_tablet": {
                    "unit": "px",
                    "top": "",
                    "right": "0",
                    "bottom": "",
                    "left": "0",
                    "isLinked": "1"
                },
                "margin_mobile": {
                    "unit": "px",
                    "top": "",
                    "right": "0",
                    "bottom": "",
                    "left": "0",
                    "isLinked": "1"
                },
                "padding_tablet": {
                    "unit": "px",
                    "top": "45",
                    "right": "0",
                    "bottom": "0",
                    "left": "0",
                    "isLinked": ""
                },
                "custom_height_mobile": {
                    "unit": "px",
                    "size": "250",
                    "sizes": []
                },
                "column_position": "bottom"
            },
            "elements": [
                {
                    "id": "fa52870",
                    "settings": {
                        "_column_size": "100",
                        "_inline_size_tablet": "100",
                        "content_position": "center",
                        "align_mobile": "center"
                    },
                    "elements": [
                        {
                            "id": "66026811",
                            "settings": {
                                "selected_icon": {
                                    "value": "fas fa-square-full",
                                    "library": "fa-solid"
                                },
                                "title_text": "Contact",
                                "description_text": "",
                                "position": "right",
                                "title_size": "h1",
                                "icon_space": {
                                    "unit": "px",
                                    "size": "8",
                                    "sizes": []
                                },
                                "icon_size": {
                                    "unit": "px",
                                    "size": "14",
                                    "sizes": []
                                },
                                "text_align_mobile": "right",
                                "title_bottom_space": {
                                    "unit": "px",
                                    "size": "0",
                                    "sizes": []
                                },
                                "_element_width": "auto",
                                "__globals__": {
                                    "primary_color": "globals\/colors?id=secondary",
                                    "title_color": "globals\/colors?id=11258d5",
                                    "title_typography_typography": "globals\/typography?id=cbef613"
                                },
                                "_margin": {
                                    "unit": "px",
                                    "top": "0",
                                    "right": "0",
                                    "bottom": "15",
                                    "left": "0",
                                    "isLinked": ""
                                }
                            },
                            "elements": [],
                            "isInner": false,
                            "widgetType": "icon-box",
                            "elType": "widget"
                        }
                    ],
                    "isInner": "",
                    "elType": "column"
                }
            ],
            "isInner": "",
            "elType": "section"
        },
        {
            "id": "5302f56d",
            "settings": {
                "gap": "wider",
                "structure": "20",
                "padding": {
                    "unit": "px",
                    "top": "90",
                    "right": "0",
                    "bottom": "90",
                    "left": "0",
                    "isLinked": ""
                },
                "background_background": "gradient",
                "background_color_stop": {
                    "unit": "%",
                    "size": "27",
                    "sizes": []
                },
                "background_color_b_stop": {
                    "unit": "%",
                    "size": "0",
                    "sizes": []
                },
                "background_gradient_angle": {
                    "unit": "deg",
                    "size": "90",
                    "sizes": []
                },
                "padding_tablet": {
                    "unit": "px",
                    "top": "45",
                    "right": "0",
                    "bottom": "45",
                    "left": "0",
                    "isLinked": ""
                },
                "__globals__": {
                    "background_color": "globals\/colors?id=11258d5",
                    "background_color_b": "globals\/colors?id=4fec0aa"
                }
            },
            "elements": [
                {
                    "id": "6fbafa0a",
                    "settings": {
                        "_column_size": "50",
                        "_inline_size": "32.133",
                        "_inline_size_tablet": "40",
                        "align_mobile": "center",
                        "background_background": "classic",
                        "padding": {
                            "unit": "px",
                            "top": "30",
                            "right": "60",
                            "bottom": "30",
                            "left": "30",
                            "isLinked": ""
                        },
                        "padding_mobile": {
                            "unit": "px",
                            "top": "30",
                            "right": "30",
                            "bottom": "30",
                            "left": "30",
                            "isLinked": ""
                        },
                        "__globals__": {
                            "background_color": "globals\/colors?id=primary"
                        }
                    },
                    "elements": [
                        {
                            "id": "752e9cf2",
                            "settings": {
                                "title": "Get in touch",
                                "header_size": "h3",
                                "align_mobile": "center",
                                "_margin": {
                                    "unit": "px",
                                    "top": "0",
                                    "right": "0",
                                    "bottom": "15",
                                    "left": "0",
                                    "isLinked": ""
                                },
                                "__globals__": {
                                    "title_color": "globals\/colors?id=11258d5"
                                }
                            },
                            "elements": [],
                            "isInner": false,
                            "widgetType": "heading",
                            "elType": "widget"
                        },
                        {
                            "id": "3fef7d0d",
                            "settings": {
                                "align_mobile": "center",
                                "__globals__": {
                                    "text_color": "globals\/colors?id=11258d5"
                                }
                            },
                            "elements": [],
                            "isInner": false,
                            "widgetType": "text-editor",
                            "elType": "widget"
                        },
                        {
                            "id": "42f192d5",
                            "settings": {
                                "title": "Head Office",
                                "header_size": "h5",
                                "align_mobile": "center",
                                "_margin": {
                                    "unit": "px",
                                    "top": "0",
                                    "right": "0",
                                    "bottom": "15",
                                    "left": "0",
                                    "isLinked": ""
                                },
                                "__globals__": {
                                    "title_color": "globals\/colors?id=11258d5"
                                }
                            },
                            "elements": [],
                            "isInner": false,
                            "widgetType": "heading",
                            "elType": "widget"
                        },
                        {
                            "id": "73164a01",
                            "settings": {
                                "icon_list": [
                                    {
                                        "text": "Birmingham -",
                                        "selected_icon": {
                                            "value": "",
                                            "library": ""
                                        },
                                        "_id": "6a5dfcc"
                                    },
                                    {
                                        "text": "329 Queensberry Street,",
                                        "selected_icon": {
                                            "value": "",
                                            "library": ""
                                        },
                                        "_id": "b023d4d"
                                    },
                                    {
                                        "text": "North Birmingham VIC 3051",
                                        "selected_icon": {
                                            "value": "",
                                            "library": ""
                                        },
                                        "_id": "182a4c9"
                                    }
                                ],
                                "space_between": {
                                    "unit": "px",
                                    "size": "5",
                                    "sizes": []
                                },
                                "icon_align": "left",
                                "icon_size": {
                                    "unit": "px",
                                    "size": "12",
                                    "sizes": []
                                },
                                "__globals__": {
                                    "text_color": "globals\/colors?id=11258d5",
                                    "icon_typography_typography": "globals\/typography?id=text",
                                    "icon_color": "globals\/colors?id=11258d5",
                                    "text_color_hover": "globals\/colors?id=11258d5",
                                    "icon_color_hover": "globals\/colors?id=47d171d"
                                },
                                "icon_align_mobile": "center",
                                "_margin": {
                                    "unit": "px",
                                    "top": "0",
                                    "right": "0",
                                    "bottom": "15",
                                    "left": "0",
                                    "isLinked": ""
                                }
                            },
                            "elements": [],
                            "isInner": false,
                            "widgetType": "icon-list",
                            "elType": "widget"
                        },
                        {
                            "id": "667dfbf4",
                            "settings": {
                                "title": "+2 345 6789",
                                "header_size": "h5",
                                "align_mobile": "center",
                                "_margin": {
                                    "unit": "px",
                                    "top": "0",
                                    "right": "0",
                                    "bottom": "15",
                                    "left": "0",
                                    "isLinked": ""
                                },
                                "__globals__": {
                                    "title_color": "globals\/colors?id=11258d5"
                                }
                            },
                            "elements": [],
                            "isInner": false,
                            "widgetType": "heading",
                            "elType": "widget"
                        },
                        {
                            "id": "3dfb6b67",
                            "settings": {
                                "icon_list": [
                                    {
                                        "text": "hello@carsentro.xom",
                                        "selected_icon": {
                                            "value": "",
                                            "library": ""
                                        },
                                        "_id": "6a5dfcc"
                                    }
                                ],
                                "space_between": {
                                    "unit": "px",
                                    "size": "5",
                                    "sizes": []
                                },
                                "icon_align": "left",
                                "icon_size": {
                                    "unit": "px",
                                    "size": "12",
                                    "sizes": []
                                },
                                "_element_width": "auto",
                                "__globals__": {
                                    "text_color": "globals\/colors?id=11258d5",
                                    "icon_typography_typography": "globals\/typography?id=text",
                                    "icon_color": "globals\/colors?id=11258d5",
                                    "text_color_hover": "globals\/colors?id=11258d5",
                                    "icon_color_hover": "globals\/colors?id=47d171d"
                                },
                                "_margin": {
                                    "unit": "px",
                                    "top": "0",
                                    "right": "0",
                                    "bottom": "15",
                                    "left": "0",
                                    "isLinked": ""
                                }
                            },
                            "elements": [],
                            "isInner": false,
                            "widgetType": "icon-list",
                            "elType": "widget"
                        },
                        {
                            "id": "4f55d4d2",
                            "settings": {
                                "social_icon_list": [
                                    {
                                        "social_icon": {
                                            "value": "icon icon-facebook",
                                            "library": "ekiticons"
                                        },
                                        "_id": "377884d"
                                    },
                                    {
                                        "social_icon": {
                                            "value": "fab fa-twitter",
                                            "library": "fa-brands"
                                        },
                                        "_id": "0f2aadf"
                                    },
                                    {
                                        "social_icon": {
                                            "value": "fab fa-youtube",
                                            "library": "fa-brands"
                                        },
                                        "_id": "641a48b"
                                    },
                                    {
                                        "_id": "cbcccde",
                                        "social_icon": {
                                            "value": "fab fa-instagram",
                                            "library": "fa-brands"
                                        }
                                    }
                                ],
                                "shape": "circle",
                                "align": "left",
                                "align_mobile": "center",
                                "icon_color": "custom",
                                "icon_size": {
                                    "unit": "px",
                                    "size": "12",
                                    "sizes": []
                                },
                                "icon_padding": {
                                    "unit": "em",
                                    "size": "1.1",
                                    "sizes": []
                                },
                                "hover_animation": "float",
                                "__globals__": {
                                    "icon_primary_color": "globals\/colors?id=4fec0aa",
                                    "icon_secondary_color": "globals\/colors?id=primary",
                                    "hover_primary_color": "globals\/colors?id=11258d5",
                                    "hover_secondary_color": "globals\/colors?id=primary"
                                }
                            },
                            "elements": [],
                            "isInner": false,
                            "widgetType": "social-icons",
                            "elType": "widget"
                        }
                    ],
                    "isInner": "",
                    "elType": "column"
                },
                {
                    "id": "58825d21",
                    "settings": {
                        "_column_size": "50",
                        "_inline_size": "67.867",
                        "_inline_size_tablet": "60",
                        "content_position": "center",
                        "background_background": "classic",
                        "padding": {
                            "unit": "px",
                            "top": "30",
                            "right": "30",
                            "bottom": "30",
                            "left": "60",
                            "isLinked": ""
                        },
                        "padding_tablet": {
                            "unit": "px",
                            "top": "30",
                            "right": "30",
                            "bottom": "30",
                            "left": "30",
                            "isLinked": ""
                        },
                        "padding_mobile": {
                            "unit": "px",
                            "top": "30",
                            "right": "30",
                            "bottom": "0",
                            "left": "30",
                            "isLinked": ""
                        },
                        "__globals__": {
                            "background_color": "globals\/colors?id=0125af7"
                        }
                    },
                    "elements": [
                        {
                            "id": "7942a8bf",
                            "settings": {
                                "title": "Send us message",
                                "header_size": "h4",
                                "_margin": {
                                    "unit": "px",
                                    "top": "0",
                                    "right": "0",
                                    "bottom": "20",
                                    "left": "0",
                                    "isLinked": ""
                                },
                                "align_mobile": "center"
                            },
                            "elements": [],
                            "isInner": false,
                            "widgetType": "heading",
                            "elType": "widget"
                        },
                        {
                            "id": "5a772fa1",
                            "settings": {
                                "form_name": "New Form",
                                "form_fields": [
                                    {
                                        "custom_id": "name",
                                        "field_label": "First Name *",
                                        "placeholder": "First Name",
                                        "width": "50",
                                        "_id": "38223c0"
                                    },
                                    {
                                        "custom_id": "field_9848f36",
                                        "field_label": "Last Name *",
                                        "placeholder": "Last Name",
                                        "width": "50",
                                        "_id": "9848f36"
                                    },
                                    {
                                        "custom_id": "email",
                                        "field_type": "email",
                                        "required": "true",
                                        "field_label": "Email*",
                                        "placeholder": "example@gmail.com",
                                        "width": "50",
                                        "_id": "7b8577b"
                                    },
                                    {
                                        "custom_id": "field_1510b2d",
                                        "field_type": "tel",
                                        "required": "true",
                                        "field_label": "Phone",
                                        "placeholder": "Phone",
                                        "width": "50",
                                        "_id": "1510b2d"
                                    },
                                    {
                                        "custom_id": "message",
                                        "field_type": "textarea",
                                        "field_label": "Message",
                                        "placeholder": "Message",
                                        "_id": "2fe56cd",
                                        "rows": "7"
                                    }
                                ],
                                "input_size": "md",
                                "button_size": "md",
                                "button_align": "start",
                                "step_next_label": "Next",
                                "step_previous_label": "Previous",
                                "button_text": "Send Message",
                                "email_content": "[all-fields]",
                                "email_content_2": "[all-fields]",
                                "success_message": "The form was sent successfully.",
                                "error_message": "An error occurred.",
                                "required_field_message": "This field is required.",
                                "invalid_message": "There&#039;s something wrong. The form is invalid.",
                                "column_gap": {
                                    "unit": "px",
                                    "size": "15",
                                    "sizes": []
                                },
                                "row_gap": {
                                    "unit": "px",
                                    "size": "20",
                                    "sizes": []
                                },
                                "label_spacing": {
                                    "unit": "px",
                                    "size": "8",
                                    "sizes": []
                                },
                                "field_border_width": {
                                    "unit": "px",
                                    "top": "1",
                                    "right": "1",
                                    "bottom": "1",
                                    "left": "1",
                                    "isLinked": "1"
                                },
                                "__globals__": {
                                    "label_color": "globals\/colors?id=f718a60",
                                    "label_typography_typography": "globals\/typography?id=primary",
                                    "field_border_color": "globals\/colors?id=456d867",
                                    "field_background_color": "globals\/colors?id=11258d5",
                                    "field_text_color": "globals\/colors?id=text",
                                    "field_typography_typography": "globals\/typography?id=text",
                                    "button_typography_typography": "globals\/typography?id=e3fcf11",
                                    "button_background_hover_color": "globals\/colors?id=b284c3f",
                                    "button_background_color": "globals\/colors?id=accent"
                                },
                                "button_align_mobile": "stretch",
                                "button_icon_align": "right",
                                "field_border_radius": {
                                    "unit": "px",
                                    "top": "0",
                                    "right": "0",
                                    "bottom": "0",
                                    "left": "0",
                                    "isLinked": "1"
                                },
                                "button_border_radius": {
                                    "unit": "px",
                                    "top": "0",
                                    "right": "0",
                                    "bottom": "0",
                                    "left": "0",
                                    "isLinked": "1"
                                },
                                "button_hover_animation": "float"
                            },
                            "elements": [],
                            "isInner": false,
                            "widgetType": "form",
                            "elType": "widget"
                        }
                    ],
                    "isInner": "",
                    "elType": "column"
                }
            ],
            "isInner": "",
            "elType": "section"
        },
        {
            "id": "145f9b4b",
            "settings": {
                "layout": "full_width"
            },
            "elements": [
                {
                    "id": "585143ba",
                    "settings": {
                        "_column_size": "100",
                        "padding": {
                            "unit": "px",
                            "top": "0",
                            "right": "0",
                            "bottom": "0",
                            "left": "0",
                            "isLinked": "1"
                        }
                    },
                    "elements": [
                        {
                            "id": "35ef17c",
                            "settings": {
                                "address": "London Eye, London, United Kingdom",
                                "height": {
                                    "unit": "px",
                                    "size": "500",
                                    "sizes": []
                                },
                                "css_filters_css_filter": "custom",
                                "css_filters_saturate": {
                                    "unit": "px",
                                    "size": "14",
                                    "sizes": []
                                },
                                "css_filters_hue": {
                                    "unit": "px",
                                    "size": "360",
                                    "sizes": []
                                },
                                "height_tablet": {
                                    "unit": "px",
                                    "size": "400",
                                    "sizes": []
                                },
                                "height_mobile": {
                                    "unit": "px",
                                    "size": "300",
                                    "sizes": []
                                }
                            },
                            "elements": [],
                            "isInner": false,
                            "widgetType": "google_maps",
                            "elType": "widget"
                        }
                    ],
                    "isInner": "",
                    "elType": "column"
                }
            ],
            "isInner": "",
            "elType": "section"
        }
    ],
    "page_settings": {
        "hide_title": "yes",
        "template": "elementor_header_footer"
    }
}