{
    "version": "0.4",
    "title": "Footer",
    "type": "footer",
    "metadata": {
        "template_type": "section-footer",
        "include_in_zip": "1",
        "elementor_pro_required": "1",
        "elementor_library_type": "footer",
        "elementor_pro_conditions": [
            "include\/general"
        ],
        "additional_template_information": [
            "This is a \"Footer\" template for Elementor Pro.",
            "This template will display on: Entire Site."
        ],
        "wp_page_template": "default"
    },
    "content": [
        {
            "id": "620d199f",
            "settings": {
                "gap": "wider",
                "background_background": "classic",
                "padding": {
                    "unit": "px",
                    "top": "90",
                    "right": "0",
                    "bottom": "45",
                    "left": "0",
                    "isLinked": ""
                },
                "__globals__": {
                    "background_color": "globals\/colors?id=aaafffe",
                    "shape_divider_bottom_color": "globals\/colors?id=bdf0018"
                },
                "structure": "40",
                "shape_divider_bottom_height": {
                    "unit": "px",
                    "size": "184",
                    "sizes": []
                },
                "padding_mobile": {
                    "unit": "px",
                    "top": "45",
                    "right": "0",
                    "bottom": "45",
                    "left": "0",
                    "isLinked": ""
                }
            },
            "elements": [
                {
                    "id": "15f3551a",
                    "settings": {
                        "_column_size": "25",
                        "_inline_size": "19.855",
                        "_inline_size_tablet": "20"
                    },
                    "elements": [
                        {
                            "id": "4992ecca",
                            "settings": {
                                "title": "Buying &amp; Selling",
                                "header_size": "h5",
                                "__globals__": {
                                    "title_color": "globals\/colors?id=11258d5"
                                },
                                "_margin": {
                                    "unit": "px",
                                    "top": "0",
                                    "right": "0",
                                    "bottom": "15",
                                    "left": "0",
                                    "isLinked": ""
                                },
                                "align_mobile": "center"
                            },
                            "elements": [],
                            "isInner": false,
                            "widgetType": "heading",
                            "elType": "widget"
                        },
                        {
                            "id": "5f79db2",
                            "settings": {
                                "icon_list": [
                                    {
                                        "text": "Find a Car",
                                        "selected_icon": {
                                            "value": "",
                                            "library": ""
                                        },
                                        "_id": "8fad907",
                                        "link": {
                                            "url": "#",
                                            "is_external": "",
                                            "nofollow": "",
                                            "custom_attributes": ""
                                        }
                                    },
                                    {
                                        "text": "Find a Dealer",
                                        "selected_icon": {
                                            "value": "",
                                            "library": ""
                                        },
                                        "_id": "1d708e7",
                                        "link": {
                                            "url": "#",
                                            "is_external": "",
                                            "nofollow": "",
                                            "custom_attributes": ""
                                        }
                                    },
                                    {
                                        "text": "Listing by City",
                                        "selected_icon": {
                                            "value": "",
                                            "library": ""
                                        },
                                        "link": {
                                            "url": "#",
                                            "is_external": "",
                                            "nofollow": "",
                                            "custom_attributes": ""
                                        },
                                        "_id": "2439dbb"
                                    },
                                    {
                                        "text": "Sell  Your Car",
                                        "selected_icon": {
                                            "value": "",
                                            "library": ""
                                        },
                                        "link": {
                                            "url": "#",
                                            "is_external": "",
                                            "nofollow": "",
                                            "custom_attributes": ""
                                        },
                                        "_id": "2de7353"
                                    }
                                ],
                                "space_between": {
                                    "unit": "px",
                                    "size": "10",
                                    "sizes": []
                                },
                                "__globals__": {
                                    "text_color": "globals\/colors?id=text",
                                    "text_color_hover": "globals\/colors?id=4fec0aa"
                                },
                                "icon_align_mobile": "center"
                            },
                            "elements": [],
                            "isInner": false,
                            "widgetType": "icon-list",
                            "elType": "widget"
                        }
                    ],
                    "isInner": "",
                    "elType": "column"
                },
                {
                    "id": "19b254de",
                    "settings": {
                        "_column_size": "25",
                        "_inline_size": "20.323",
                        "_inline_size_tablet": "20"
                    },
                    "elements": [
                        {
                            "id": "24f18100",
                            "settings": {
                                "title": "Explore Our Brand",
                                "header_size": "h5",
                                "__globals__": {
                                    "title_color": "globals\/colors?id=11258d5"
                                },
                                "_margin": {
                                    "unit": "px",
                                    "top": "0",
                                    "right": "0",
                                    "bottom": "15",
                                    "left": "0",
                                    "isLinked": ""
                                },
                                "align_mobile": "center"
                            },
                            "elements": [],
                            "isInner": false,
                            "widgetType": "heading",
                            "elType": "widget"
                        },
                        {
                            "id": "6ab29336",
                            "settings": {
                                "icon_list": [
                                    {
                                        "text": "Dealer Inspire",
                                        "selected_icon": {
                                            "value": "",
                                            "library": ""
                                        },
                                        "_id": "8fad907",
                                        "link": {
                                            "url": "#",
                                            "is_external": "",
                                            "nofollow": "",
                                            "custom_attributes": ""
                                        }
                                    },
                                    {
                                        "text": "Dealer Rater",
                                        "selected_icon": {
                                            "value": "",
                                            "library": ""
                                        },
                                        "_id": "1d708e7",
                                        "link": {
                                            "url": "#",
                                            "is_external": "",
                                            "nofollow": "",
                                            "custom_attributes": ""
                                        }
                                    },
                                    {
                                        "text": "Grow With Carsentro",
                                        "selected_icon": {
                                            "value": "",
                                            "library": ""
                                        },
                                        "link": {
                                            "url": "#",
                                            "is_external": "",
                                            "nofollow": "",
                                            "custom_attributes": ""
                                        },
                                        "_id": "2439dbb"
                                    },
                                    {
                                        "text": "Dealer Login",
                                        "selected_icon": {
                                            "value": "",
                                            "library": ""
                                        },
                                        "link": {
                                            "url": "#",
                                            "is_external": "",
                                            "nofollow": "",
                                            "custom_attributes": ""
                                        },
                                        "_id": "2de7353"
                                    }
                                ],
                                "space_between": {
                                    "unit": "px",
                                    "size": "10",
                                    "sizes": []
                                },
                                "__globals__": {
                                    "text_color": "globals\/colors?id=text",
                                    "text_color_hover": "globals\/colors?id=4fec0aa"
                                },
                                "icon_align_mobile": "center"
                            },
                            "elements": [],
                            "isInner": false,
                            "widgetType": "icon-list",
                            "elType": "widget"
                        }
                    ],
                    "isInner": "",
                    "elType": "column"
                },
                {
                    "id": "5bcdc247",
                    "settings": {
                        "_column_size": "25",
                        "_inline_size": "18.149",
                        "_inline_size_tablet": "20"
                    },
                    "elements": [
                        {
                            "id": "1579a7d0",
                            "settings": {
                                "title": "Our Network",
                                "header_size": "h5",
                                "__globals__": {
                                    "title_color": "globals\/colors?id=11258d5"
                                },
                                "_margin": {
                                    "unit": "px",
                                    "top": "0",
                                    "right": "0",
                                    "bottom": "15",
                                    "left": "0",
                                    "isLinked": ""
                                },
                                "align_mobile": "center"
                            },
                            "elements": [],
                            "isInner": false,
                            "widgetType": "heading",
                            "elType": "widget"
                        },
                        {
                            "id": "371f27e7",
                            "settings": {
                                "icon_list": [
                                    {
                                        "text": "Servicio",
                                        "selected_icon": {
                                            "value": "",
                                            "library": ""
                                        },
                                        "_id": "8fad907",
                                        "link": {
                                            "url": "#",
                                            "is_external": "",
                                            "nofollow": "",
                                            "custom_attributes": ""
                                        }
                                    },
                                    {
                                        "text": "Insigne",
                                        "selected_icon": {
                                            "value": "",
                                            "library": ""
                                        },
                                        "_id": "1d708e7",
                                        "link": {
                                            "url": "#",
                                            "is_external": "",
                                            "nofollow": "",
                                            "custom_attributes": ""
                                        }
                                    },
                                    {
                                        "text": "Hasseland",
                                        "selected_icon": {
                                            "value": "",
                                            "library": ""
                                        },
                                        "link": {
                                            "url": "#",
                                            "is_external": "",
                                            "nofollow": "",
                                            "custom_attributes": ""
                                        },
                                        "_id": "2439dbb"
                                    },
                                    {
                                        "text": "Hovenvalley",
                                        "selected_icon": {
                                            "value": "",
                                            "library": ""
                                        },
                                        "link": {
                                            "url": "#",
                                            "is_external": "",
                                            "nofollow": "",
                                            "custom_attributes": ""
                                        },
                                        "_id": "2de7353"
                                    }
                                ],
                                "space_between": {
                                    "unit": "px",
                                    "size": "10",
                                    "sizes": []
                                },
                                "__globals__": {
                                    "text_color": "globals\/colors?id=text",
                                    "text_color_hover": "globals\/colors?id=4fec0aa"
                                },
                                "icon_align_mobile": "center"
                            },
                            "elements": [],
                            "isInner": false,
                            "widgetType": "icon-list",
                            "elType": "widget"
                        }
                    ],
                    "isInner": "",
                    "elType": "column"
                },
                {
                    "id": "6ec61604",
                    "settings": {
                        "_column_size": "25",
                        "_inline_size": "41.578",
                        "_inline_size_tablet": "40"
                    },
                    "elements": [
                        {
                            "id": "4030b342",
                            "settings": {
                                "title": "Get Mobile App",
                                "header_size": "h5",
                                "__globals__": {
                                    "title_color": "globals\/colors?id=11258d5"
                                },
                                "_margin": {
                                    "unit": "px",
                                    "top": "0",
                                    "right": "0",
                                    "bottom": "15",
                                    "left": "0",
                                    "isLinked": ""
                                },
                                "align_mobile": "center"
                            },
                            "elements": [],
                            "isInner": false,
                            "widgetType": "heading",
                            "elType": "widget"
                        },
                        {
                            "id": "14fda4b6",
                            "settings": {
                                "icon_list": [
                                    {
                                        "text": "Android",
                                        "selected_icon": {
                                            "value": "fab fa-google-play",
                                            "library": "fa-brands"
                                        },
                                        "_id": "8fad907",
                                        "link": {
                                            "url": "#",
                                            "is_external": "",
                                            "nofollow": "",
                                            "custom_attributes": ""
                                        }
                                    },
                                    {
                                        "text": "IOS",
                                        "selected_icon": {
                                            "value": "fab fa-app-store-ios",
                                            "library": "fa-brands"
                                        },
                                        "_id": "1d708e7",
                                        "link": {
                                            "url": "#",
                                            "is_external": "",
                                            "nofollow": "",
                                            "custom_attributes": ""
                                        }
                                    }
                                ],
                                "space_between": {
                                    "unit": "px",
                                    "size": "28",
                                    "sizes": []
                                },
                                "__globals__": {
                                    "text_color": "globals\/colors?id=text",
                                    "text_color_hover": "globals\/colors?id=4fec0aa",
                                    "icon_color": "globals\/colors?id=text",
                                    "icon_color_hover": "globals\/colors?id=11258d5"
                                },
                                "icon_align_mobile": "center",
                                "view": "inline",
                                "icon_size": {
                                    "unit": "px",
                                    "size": "20",
                                    "sizes": []
                                },
                                "_margin": {
                                    "unit": "px",
                                    "top": "0",
                                    "right": "0",
                                    "bottom": "15",
                                    "left": "0",
                                    "isLinked": ""
                                }
                            },
                            "elements": [],
                            "isInner": false,
                            "widgetType": "icon-list",
                            "elType": "widget"
                        },
                        {
                            "id": "2c1682a4",
                            "settings": {
                                "title": "Stay connect with us",
                                "header_size": "h5",
                                "__globals__": {
                                    "title_color": "globals\/colors?id=11258d5"
                                },
                                "_margin": {
                                    "unit": "px",
                                    "top": "0",
                                    "right": "0",
                                    "bottom": "15",
                                    "left": "0",
                                    "isLinked": ""
                                },
                                "align_mobile": "center"
                            },
                            "elements": [],
                            "isInner": false,
                            "widgetType": "heading",
                            "elType": "widget"
                        },
                        {
                            "id": "6cca2c9c",
                            "settings": {
                                "form_name": "New Form",
                                "form_fields": [
                                    {
                                        "custom_id": "email",
                                        "field_type": "email",
                                        "required": "true",
                                        "field_label": "Email",
                                        "placeholder": "Enter your email",
                                        "width": "60",
                                        "_id": "9aa6cc2"
                                    }
                                ],
                                "input_size": "md",
                                "show_labels": "",
                                "button_width": "40",
                                "step_next_label": "Next",
                                "step_previous_label": "Previous",
                                "button_text": "Subscribe",
                                "email_content": "[all-fields]",
                                "email_content_2": "[all-fields]",
                                "success_message": "The form was sent successfully.",
                                "error_message": "An error occurred.",
                                "required_field_message": "This field is required.",
                                "invalid_message": "There&#039;s something wrong. The form is invalid.",
                                "field_border_width": {
                                    "unit": "px",
                                    "top": "0",
                                    "right": "0",
                                    "bottom": "0",
                                    "left": "0",
                                    "isLinked": "1"
                                },
                                "field_border_radius": {
                                    "unit": "px",
                                    "top": "0",
                                    "right": "0",
                                    "bottom": "0",
                                    "left": "0",
                                    "isLinked": "1"
                                },
                                "button_border_border": "solid",
                                "button_border_width": {
                                    "unit": "px",
                                    "top": "1",
                                    "right": "1",
                                    "bottom": "1",
                                    "left": "1",
                                    "isLinked": ""
                                },
                                "button_border_radius": {
                                    "unit": "px",
                                    "top": "0",
                                    "right": "0",
                                    "bottom": "0",
                                    "left": "0",
                                    "isLinked": "1"
                                },
                                "button_text_padding": {
                                    "unit": "px",
                                    "top": "10",
                                    "right": "10",
                                    "bottom": "10",
                                    "left": "10",
                                    "isLinked": "1"
                                },
                                "_margin": {
                                    "unit": "px",
                                    "top": "0",
                                    "right": "0",
                                    "bottom": "15",
                                    "left": "0",
                                    "isLinked": ""
                                },
                                "__globals__": {
                                    "field_background_color": "globals\/colors?id=bdf0018",
                                    "field_border_color": "globals\/colors?id=47d171d",
                                    "field_text_color": "globals\/colors?id=text",
                                    "field_typography_typography": "globals\/typography?id=primary",
                                    "button_background_color": "globals\/colors?id=secondary",
                                    "button_border_color": "globals\/colors?id=secondary",
                                    "button_typography_typography": "globals\/typography?id=e3fcf11",
                                    "button_background_hover_color": "globals\/colors?id=b284c3f",
                                    "button_hover_color": "globals\/colors?id=11258d5",
                                    "button_hover_border_color": "globals\/colors?id=b284c3f"
                                }
                            },
                            "elements": [],
                            "isInner": false,
                            "widgetType": "form",
                            "elType": "widget"
                        },
                        {
                            "id": "2404b74f",
                            "settings": {
                                "title": "For Lastest update Sign up here",
                                "header_size": "div",
                                "__globals__": {
                                    "title_color": "globals\/colors?id=text",
                                    "typography_typography": "globals\/typography?id=f258da7"
                                },
                                "_margin": {
                                    "unit": "px",
                                    "top": "0",
                                    "right": "0",
                                    "bottom": "0",
                                    "left": "0",
                                    "isLinked": ""
                                },
                                "align_mobile": "center"
                            },
                            "elements": [],
                            "isInner": false,
                            "widgetType": "heading",
                            "elType": "widget"
                        }
                    ],
                    "isInner": "",
                    "elType": "column"
                }
            ],
            "isInner": "",
            "elType": "section"
        },
        {
            "id": "476d73b6",
            "settings": {
                "gap": "wider",
                "structure": "30",
                "background_background": "classic",
                "border_color": "#6F6F6F",
                "__globals__": {
                    "background_color": "globals\/colors?id=bdf0018",
                    "border_color": "globals\/colors?id=text"
                },
                "border_width_mobile": {
                    "unit": "px",
                    "top": "0",
                    "right": "0",
                    "bottom": "0",
                    "left": "0",
                    "isLinked": "1"
                }
            },
            "elements": [
                {
                    "id": "896cb57",
                    "settings": {
                        "_column_size": "33",
                        "_inline_size": "23.417",
                        "content_position": "center",
                        "_inline_size_tablet": "20",
                        "padding_tablet": {
                            "unit": "px",
                            "top": "20",
                            "right": "20",
                            "bottom": "20",
                            "left": "20",
                            "isLinked": ""
                        }
                    },
                    "elements": [
                        {
                            "id": "77c02bce",
                            "settings": {
                                "title": "Carsentro",
                                "header_size": "h3",
                                "align": "left",
                                "__globals__": {
                                    "title_color": "globals\/colors?id=11258d5"
                                },
                                "_margin": {
                                    "unit": "px",
                                    "top": "0",
                                    "right": "0",
                                    "bottom": "0",
                                    "left": "0",
                                    "isLinked": ""
                                },
                                "align_tablet": "center"
                            },
                            "elements": [],
                            "isInner": false,
                            "widgetType": "heading",
                            "elType": "widget"
                        }
                    ],
                    "isInner": "",
                    "elType": "column"
                },
                {
                    "id": "5174c63",
                    "settings": {
                        "_column_size": "33",
                        "_inline_size": "50.585",
                        "content_position": "center",
                        "_inline_size_tablet": "50",
                        "content_position_tablet": "center",
                        "padding_tablet": {
                            "unit": "px",
                            "top": "20",
                            "right": "20",
                            "bottom": "20",
                            "left": "20",
                            "isLinked": "1"
                        }
                    },
                    "elements": [
                        {
                            "id": "44133d6a",
                            "settings": {
                                "view": "inline",
                                "icon_list": [
                                    {
                                        "text": "About Us",
                                        "selected_icon": {
                                            "value": "",
                                            "library": ""
                                        },
                                        "_id": "be95bfc",
                                        "link": {
                                            "url": "#",
                                            "is_external": "",
                                            "nofollow": "",
                                            "custom_attributes": ""
                                        }
                                    },
                                    {
                                        "_id": "1762778",
                                        "text": "Investor Relations",
                                        "selected_icon": {
                                            "value": "",
                                            "library": ""
                                        },
                                        "link": {
                                            "url": "#",
                                            "is_external": "",
                                            "nofollow": "",
                                            "custom_attributes": ""
                                        }
                                    },
                                    {
                                        "text": "Our Team",
                                        "selected_icon": {
                                            "value": "",
                                            "library": ""
                                        },
                                        "_id": "781f1cd",
                                        "link": {
                                            "url": "#",
                                            "is_external": "",
                                            "nofollow": "",
                                            "custom_attributes": ""
                                        }
                                    },
                                    {
                                        "text": "Career with Us",
                                        "selected_icon": {
                                            "value": "",
                                            "library": ""
                                        },
                                        "_id": "f927f80",
                                        "link": {
                                            "url": "#",
                                            "is_external": "",
                                            "nofollow": "",
                                            "custom_attributes": ""
                                        }
                                    }
                                ],
                                "space_between": {
                                    "unit": "px",
                                    "size": "50",
                                    "sizes": []
                                },
                                "icon_align": "left",
                                "__globals__": {
                                    "text_color": "globals\/colors?id=text",
                                    "icon_typography_typography": "globals\/typography?id=f258da7",
                                    "divider_color": "globals\/colors?id=text",
                                    "text_color_hover": "globals\/colors?id=4fec0aa"
                                },
                                "divider": "yes",
                                "divider_height": {
                                    "unit": "%",
                                    "size": "5",
                                    "sizes": []
                                },
                                "space_between_tablet": {
                                    "unit": "px",
                                    "size": "6",
                                    "sizes": []
                                },
                                "icon_align_tablet": "left",
                                "icon_align_mobile": "center"
                            },
                            "elements": [],
                            "isInner": false,
                            "widgetType": "icon-list",
                            "elType": "widget"
                        }
                    ],
                    "isInner": "",
                    "elType": "column"
                },
                {
                    "id": "15d27e57",
                    "settings": {
                        "_column_size": "33",
                        "_inline_size": "25.664",
                        "content_position": "center",
                        "_inline_size_tablet": "30",
                        "padding_tablet": {
                            "unit": "px",
                            "top": "20",
                            "right": "20",
                            "bottom": "20",
                            "left": "20",
                            "isLinked": "1"
                        }
                    },
                    "elements": [
                        {
                            "id": "1a6c7c04",
                            "settings": {
                                "social_icon_list": [
                                    {
                                        "social_icon": {
                                            "value": "fab fa-facebook",
                                            "library": "fa-brands"
                                        },
                                        "_id": "30b3ba1"
                                    },
                                    {
                                        "social_icon": {
                                            "value": "fab fa-twitter",
                                            "library": "fa-brands"
                                        },
                                        "_id": "9a0b506"
                                    },
                                    {
                                        "social_icon": {
                                            "value": "fab fa-youtube",
                                            "library": "fa-brands"
                                        },
                                        "_id": "7406c5b"
                                    },
                                    {
                                        "_id": "8637c71",
                                        "social_icon": {
                                            "value": "icon icon-instagram-1",
                                            "library": "ekiticons"
                                        }
                                    },
                                    {
                                        "_id": "3ed688c",
                                        "social_icon": {
                                            "value": "icon icon-linkedin",
                                            "library": "ekiticons"
                                        }
                                    }
                                ],
                                "align": "right",
                                "icon_color": "custom",
                                "icon_size": {
                                    "unit": "px",
                                    "size": "15",
                                    "sizes": []
                                },
                                "icon_spacing": {
                                    "unit": "px",
                                    "size": "15",
                                    "sizes": []
                                },
                                "hover_animation": "float",
                                "__globals__": {
                                    "icon_primary_color": "globals\/colors?id=0125af7",
                                    "icon_secondary_color": "globals\/colors?id=text"
                                },
                                "align_tablet": "center",
                                "icon_spacing_tablet": {
                                    "unit": "px",
                                    "size": "5",
                                    "sizes": []
                                }
                            },
                            "elements": [],
                            "isInner": false,
                            "widgetType": "social-icons",
                            "elType": "widget"
                        }
                    ],
                    "isInner": "",
                    "elType": "column"
                }
            ],
            "isInner": "",
            "elType": "section"
        },
        {
            "id": "7c89ede0",
            "settings": {
                "gap": "wider",
                "structure": "20",
                "background_background": "classic",
                "border_width": {
                    "unit": "px",
                    "top": "1",
                    "right": "0",
                    "bottom": "0",
                    "left": "0",
                    "isLinked": ""
                },
                "__globals__": {
                    "background_color": "globals\/colors?id=aaafffe",
                    "border_color": "globals\/colors?id=47d171d"
                }
            },
            "elements": [
                {
                    "id": "a8d2a94",
                    "settings": {
                        "_column_size": "50",
                        "content_position": "center",
                        "padding_mobile": {
                            "unit": "px",
                            "top": "20",
                            "right": "20",
                            "bottom": "10",
                            "left": "20",
                            "isLinked": ""
                        }
                    },
                    "elements": [
                        {
                            "id": "17770147",
                            "settings": {
                                "title": "\u00a9 2022 \u2013 Envalab.com. All Rights Reserved.",
                                "header_size": "div",
                                "__globals__": {
                                    "title_color": "globals\/colors?id=text",
                                    "typography_typography": "globals\/typography?id=f258da7"
                                },
                                "align_mobile": "center"
                            },
                            "elements": [],
                            "isInner": false,
                            "widgetType": "heading",
                            "elType": "widget"
                        }
                    ],
                    "isInner": "",
                    "elType": "column"
                },
                {
                    "id": "6040ecd4",
                    "settings": {
                        "_column_size": "50",
                        "content_position": "center",
                        "padding_mobile": {
                            "unit": "px",
                            "top": "10",
                            "right": "20",
                            "bottom": "20",
                            "left": "20",
                            "isLinked": ""
                        }
                    },
                    "elements": [
                        {
                            "id": "1f12920b",
                            "settings": {
                                "view": "inline",
                                "icon_list": [
                                    {
                                        "text": "Privacy Policy",
                                        "selected_icon": {
                                            "value": "",
                                            "library": ""
                                        },
                                        "_id": "be95bfc",
                                        "link": {
                                            "url": "#",
                                            "is_external": "",
                                            "nofollow": "",
                                            "custom_attributes": ""
                                        }
                                    },
                                    {
                                        "_id": "1762778",
                                        "text": "Term Of Services",
                                        "selected_icon": {
                                            "value": "",
                                            "library": ""
                                        },
                                        "link": {
                                            "url": "#",
                                            "is_external": "",
                                            "nofollow": "",
                                            "custom_attributes": ""
                                        }
                                    },
                                    {
                                        "text": "Cookies",
                                        "selected_icon": {
                                            "value": "",
                                            "library": ""
                                        },
                                        "_id": "781f1cd",
                                        "link": {
                                            "url": "#",
                                            "is_external": "",
                                            "nofollow": "",
                                            "custom_attributes": ""
                                        }
                                    }
                                ],
                                "space_between": {
                                    "unit": "px",
                                    "size": "31",
                                    "sizes": []
                                },
                                "icon_align": "right",
                                "__globals__": {
                                    "text_color": "globals\/colors?id=text",
                                    "icon_typography_typography": "globals\/typography?id=f258da7"
                                },
                                "icon_align_mobile": "center"
                            },
                            "elements": [],
                            "isInner": false,
                            "widgetType": "icon-list",
                            "elType": "widget"
                        }
                    ],
                    "isInner": "",
                    "elType": "column"
                }
            ],
            "isInner": "",
            "elType": "section"
        }
    ]
}