{
    "version": "0.4",
    "title": "Global Kit Styles",
    "type": "section",
    "metadata": {
        "template_type": "global-styles",
        "include_in_zip": "1",
        "elementor_pro_required": "1",
        "additional_template_information": [
            "These are the global theme styles configured through the Elementor Theme Styles area."
        ],
        "wp_page_template": "default"
    },
    "content": [],
    "page_settings": {
        "system_colors": [
            {
                "_id": "primary",
                "title": "Primary",
                "color": "#222732"
            },
            {
                "_id": "secondary",
                "title": "Secondary",
                "color": "#AB9C54"
            },
            {
                "_id": "text",
                "title": "Text",
                "color": "#6F6F6F"
            },
            {
                "_id": "accent",
                "title": "Accent",
                "color": "#AB9C54"
            }
        ],
        "custom_colors": [
            {
                "_id": "f718a60",
                "title": "Heading",
                "color": "#222732"
            },
            {
                "_id": "4fec0aa",
                "title": "Background",
                "color": "#EFF3FA"
            },
            {
                "_id": "11258d5",
                "title": "White",
                "color": "#FFFFFF"
            },
            {
                "_id": "aaafffe",
                "title": "Black",
                "color": "#000000"
            },
            {
                "_id": "0125af7",
                "title": "Transparant",
                "color": "#02010100"
            },
            {
                "_id": "47d171d",
                "title": "Border",
                "color": "#6F6F6F"
            },
            {
                "_id": "456d867",
                "title": "Light Border",
                "color": "#B3B3B3"
            },
            {
                "_id": "b284c3f",
                "title": "Hover Button",
                "color": "#AEA370"
            },
            {
                "_id": "bdf0018",
                "title": "Black Opacity",
                "color": "#0C0C0C"
            }
        ],
        "system_typography": [
            {
                "_id": "primary",
                "title": "Label",
                "typography_typography": "custom",
                "typography_font_family": "Barlow",
                "typography_font_weight": "400",
                "typography_font_size": {
                    "unit": "px",
                    "size": "14",
                    "sizes": []
                },
                "typography_text_transform": "capitalize"
            },
            {
                "_id": "secondary",
                "title": "Nav Menu",
                "typography_typography": "custom",
                "typography_font_family": "Barlow",
                "typography_font_weight": "500",
                "typography_font_size": {
                    "unit": "px",
                    "size": "16",
                    "sizes": []
                }
            },
            {
                "_id": "text",
                "title": "Text",
                "typography_typography": "custom",
                "typography_font_family": "Barlow",
                "typography_font_weight": "400",
                "typography_font_size": {
                    "unit": "px",
                    "size": "16",
                    "sizes": []
                },
                "typography_line_height": {
                    "unit": "em",
                    "size": "1.5",
                    "sizes": []
                }
            },
            {
                "_id": "accent",
                "title": "Accent",
                "typography_typography": "custom",
                "typography_font_family": "Barlow",
                "typography_font_weight": "400",
                "typography_font_size": {
                    "unit": "px",
                    "size": "14",
                    "sizes": []
                }
            }
        ],
        "custom_typography": [
            {
                "_id": "cbef613",
                "title": "Heading 1",
                "typography_typography": "custom",
                "typography_font_family": "Rajdhani",
                "typography_font_size": {
                    "unit": "px",
                    "size": "75",
                    "sizes": []
                },
                "typography_font_weight": "600",
                "typography_text_transform": "capitalize",
                "typography_line_height": {
                    "unit": "em",
                    "size": "1",
                    "sizes": []
                },
                "typography_font_size_mobile": {
                    "unit": "px",
                    "size": "50",
                    "sizes": []
                }
            },
            {
                "_id": "9482ada",
                "title": "Heading 2",
                "typography_typography": "custom",
                "typography_font_family": "Rajdhani",
                "typography_font_size": {
                    "unit": "px",
                    "size": "50",
                    "sizes": []
                },
                "typography_font_weight": "600",
                "typography_line_height": {
                    "unit": "em",
                    "size": "1.1",
                    "sizes": []
                }
            },
            {
                "_id": "247308f",
                "title": "Heading 3",
                "typography_typography": "custom",
                "typography_font_family": "Rajdhani",
                "typography_font_size": {
                    "unit": "px",
                    "size": "30",
                    "sizes": []
                },
                "typography_font_weight": "600",
                "typography_text_transform": "capitalize",
                "typography_line_height": {
                    "unit": "em",
                    "size": "1.2",
                    "sizes": []
                }
            },
            {
                "_id": "9e81345",
                "title": "Heading 4",
                "typography_typography": "custom",
                "typography_font_family": "Rajdhani",
                "typography_font_size": {
                    "unit": "px",
                    "size": "24",
                    "sizes": []
                },
                "typography_font_weight": "600",
                "typography_text_transform": "capitalize",
                "typography_line_height": {
                    "unit": "em",
                    "size": "1.3",
                    "sizes": []
                }
            },
            {
                "_id": "cc60d8e",
                "title": "Heading 5",
                "typography_typography": "custom",
                "typography_font_family": "Rajdhani",
                "typography_font_size": {
                    "unit": "px",
                    "size": "20",
                    "sizes": []
                },
                "typography_font_weight": "600",
                "typography_text_transform": "capitalize",
                "typography_line_height": {
                    "unit": "em",
                    "size": "1.4",
                    "sizes": []
                }
            },
            {
                "_id": "578c520",
                "title": "Heading 6",
                "typography_typography": "custom",
                "typography_font_family": "Rajdhani",
                "typography_font_size": {
                    "unit": "px",
                    "size": "15",
                    "sizes": []
                },
                "typography_font_weight": "600",
                "typography_text_transform": "capitalize",
                "typography_line_height": {
                    "unit": "em",
                    "size": "1.5",
                    "sizes": []
                }
            },
            {
                "_id": "c66122b",
                "title": "Subtitle",
                "typography_typography": "custom",
                "typography_font_family": "Barlow Condensed",
                "typography_font_size": {
                    "unit": "px",
                    "size": "21",
                    "sizes": []
                },
                "typography_font_weight": "400",
                "typography_line_height": {
                    "unit": "em",
                    "size": "1.2",
                    "sizes": []
                },
                "typography_letter_spacing": {
                    "unit": "px",
                    "size": "2",
                    "sizes": []
                }
            },
            {
                "_id": "7a6c33d",
                "title": "Quote Text",
                "typography_typography": "custom",
                "typography_font_family": "Barlow",
                "typography_font_size": {
                    "unit": "px",
                    "size": "16",
                    "sizes": []
                },
                "typography_font_weight": "400",
                "typography_line_height": {
                    "unit": "em",
                    "size": "1.5",
                    "sizes": []
                }
            },
            {
                "_id": "b0937a1",
                "title": "Counter Text",
                "typography_typography": "custom",
                "typography_font_family": "Barlow",
                "typography_font_size": {
                    "unit": "px",
                    "size": "50",
                    "sizes": []
                },
                "typography_font_weight": "200",
                "typography_text_transform": "capitalize",
                "typography_line_height": {
                    "unit": "em",
                    "size": "1.5",
                    "sizes": []
                }
            },
            {
                "_id": "f258da7",
                "title": "Small Text",
                "typography_typography": "custom",
                "typography_font_family": "Barlow",
                "typography_font_size": {
                    "unit": "px",
                    "size": "14",
                    "sizes": []
                },
                "typography_font_weight": "400",
                "typography_line_height": {
                    "unit": "em",
                    "size": "",
                    "sizes": []
                }
            },
            {
                "_id": "9905d5b",
                "title": "Big Text",
                "typography_typography": "custom",
                "typography_font_family": "Barlow",
                "typography_font_size": {
                    "unit": "px",
                    "size": "100",
                    "sizes": []
                },
                "typography_font_weight": "600",
                "typography_text_transform": "uppercase",
                "typography_line_height": {
                    "unit": "em",
                    "size": "1.5",
                    "sizes": []
                }
            },
            {
                "_id": "e3fcf11",
                "title": "Button Text",
                "typography_typography": "custom",
                "typography_font_family": "Barlow",
                "typography_font_size": {
                    "unit": "px",
                    "size": "15",
                    "sizes": []
                },
                "typography_font_weight": "600",
                "typography_line_height": {
                    "unit": "em",
                    "size": "",
                    "sizes": []
                },
                "typography_letter_spacing": {
                    "unit": "px",
                    "size": "2",
                    "sizes": []
                }
            }
        ],
        "default_generic_fonts": "Sans-serif",
        "container_width": {
            "unit": "px",
            "size": "1200",
            "sizes": []
        },
        "space_between_widgets": {
            "unit": "px",
            "size": "0",
            "sizes": []
        },
        "page_title_selector": "h1.entry-title",
        "default_page_template": "elementor_header_footer",
        "hello_footer_copyright_text": "All rights reserved",
        "activeItemIndex": "1",
        "__globals__": {
            "body_color": "globals\/colors?id=text",
            "body_typography_typography": "globals\/typography?id=text",
            "link_normal_color": "globals\/colors?id=accent",
            "link_normal_typography_typography": "globals\/typography?id=accent",
            "h1_color": "globals\/colors?id=f718a60",
            "h1_typography_typography": "globals\/typography?id=cbef613",
            "h2_color": "globals\/colors?id=f718a60",
            "h2_typography_typography": "globals\/typography?id=9482ada",
            "h3_color": "globals\/colors?id=f718a60",
            "h3_typography_typography": "globals\/typography?id=247308f",
            "h5_color": "globals\/colors?id=f718a60",
            "h5_typography_typography": "globals\/typography?id=cc60d8e",
            "h4_typography_typography": "globals\/typography?id=9e81345",
            "h4_color": "globals\/colors?id=f718a60",
            "h6_color": "globals\/colors?id=f718a60",
            "h6_typography_typography": "globals\/typography?id=578c520",
            "button_typography_typography": "globals\/typography?id=e3fcf11",
            "button_text_color": "globals\/colors?id=11258d5",
            "button_background_color": "globals\/colors?id=accent",
            "button_hover_background_color": "globals\/colors?id=b284c3f",
            "button_hover_text_color": "globals\/colors?id=11258d5",
            "settings_page_transitions_background_color": "globals\/colors?id=primary",
            "settings_page_transitions_preloader_color": "globals\/colors?id=primary"
        },
        "viewport_md": "768",
        "viewport_lg": "1025",
        "settings_page_transitions_preloader_animation_type": "circle-dashed",
        "settings_page_transitions_preloader_animation": "bounce",
        "hello_header_layout": "inverted",
        "hello_header_custom_width": {
            "unit": "px",
            "size": "0",
            "sizes": []
        },
        "button_border_radius": {
            "unit": "px",
            "top": "0",
            "right": "0",
            "bottom": "0",
            "left": "0",
            "isLinked": "1"
        }
    }
}