{
    "version": "0.4",
    "title": "Header",
    "type": "header",
    "metadata": {
        "template_type": "section-header",
        "include_in_zip": "1",
        "elementor_pro_required": "1",
        "elementor_library_type": "header",
        "elementor_pro_conditions": [
            "include\/general"
        ],
        "additional_template_information": [
            "This is a \"Header\" template for Elementor Pro.",
            "This template will display on: Entire Site."
        ],
        "wp_page_template": "default"
    },
    "content": [
        {
            "id": "33b4eb2f",
            "settings": {
                "gap": "wider",
                "structure": "30",
                "background_background": "classic",
                "__globals__": {
                    "background_color": "globals\/colors?id=primary"
                },
                "margin": {
                    "unit": "px",
                    "top": "0",
                    "right": "0",
                    "bottom": "0",
                    "left": "0",
                    "isLinked": ""
                },
                "margin_tablet": {
                    "unit": "px",
                    "top": "0",
                    "right": "0",
                    "bottom": "0",
                    "left": "0",
                    "isLinked": ""
                },
                "hide_mobile": "hidden-mobile",
                "hide_tablet": "hidden-tablet"
            },
            "elements": [
                {
                    "id": "7d13c982",
                    "settings": {
                        "_column_size": "33",
                        "_inline_size": "10",
                        "content_position": "center",
                        "_inline_size_tablet": "100",
                        "_inline_size_mobile": "80",
                        "border_width": {
                            "unit": "px",
                            "top": "0",
                            "right": "0",
                            "bottom": "0",
                            "left": "0",
                            "isLinked": "1"
                        },
                        "border_width_tablet": {
                            "unit": "px",
                            "top": "0",
                            "right": "0",
                            "bottom": "1",
                            "left": "0",
                            "isLinked": ""
                        },
                        "padding_tablet": {
                            "unit": "px",
                            "top": "20",
                            "right": "20",
                            "bottom": "20",
                            "left": "20",
                            "isLinked": ""
                        },
                        "__globals__": {
                            "border_color": "globals\/colors?id=456d867"
                        },
                        "align_tablet": "space-between",
                        "align_mobile": "flex-start",
                        "padding_mobile": {
                            "unit": "px",
                            "top": "20",
                            "right": "20",
                            "bottom": "20",
                            "left": "20",
                            "isLinked": ""
                        },
                        "z_index": "99",
                        "align": "center",
                        "hide_tablet": "hidden-tablet"
                    },
                    "elements": [
                        {
                            "id": "40eb8b18",
                            "settings": {
                                "selected_icon": {
                                    "value": "icon icon-menu-11",
                                    "library": "ekiticons"
                                },
                                "size": {
                                    "unit": "px",
                                    "size": "20",
                                    "sizes": []
                                },
                                "_margin": {
                                    "unit": "px",
                                    "top": "0",
                                    "right": "0",
                                    "bottom": "0",
                                    "left": "0",
                                    "isLinked": ""
                                },
                                "_element_vertical_align": "center",
                                "__globals__": {
                                    "primary_color": "globals\/colors?id=11258d5"
                                },
                                "__dynamic__": {
                                    "link": "[elementor-tag id=\"43e0af3\" name=\"popup\" settings=\"%7B%22popup%22%3A%2261%22%7D\"]"
                                },
                                "_element_width": "auto",
                                "_element_custom_width": {
                                    "unit": "%",
                                    "size": "6",
                                    "sizes": []
                                }
                            },
                            "elements": [],
                            "isInner": false,
                            "widgetType": "icon",
                            "elType": "widget"
                        }
                    ],
                    "isInner": "",
                    "elType": "column"
                },
                {
                    "id": "fa930c",
                    "settings": {
                        "_column_size": "33",
                        "_inline_size": "71.343",
                        "content_position": "center",
                        "_inline_size_tablet": "70",
                        "_inline_size_mobile": "20",
                        "align_tablet": "center",
                        "padding_tablet": {
                            "unit": "px",
                            "top": "20",
                            "right": "20",
                            "bottom": "20",
                            "left": "20",
                            "isLinked": ""
                        },
                        "align": "center",
                        "z_index": "99",
                        "background_background": "classic",
                        "margin": {
                            "unit": "px",
                            "top": "0",
                            "right": "0",
                            "bottom": "0",
                            "left": "0",
                            "isLinked": ""
                        },
                        "__globals__": {
                            "background_color": "globals\/colors?id=0125af7"
                        }
                    },
                    "elements": [
                        {
                            "id": "442ea67e",
                            "settings": {
                                "dropdown": "mobile",
                                "full_width": "stretch",
                                "pointer_width": {
                                    "unit": "px",
                                    "size": "1",
                                    "sizes": []
                                },
                                "menu_space_between": {
                                    "unit": "px",
                                    "size": "50",
                                    "sizes": []
                                },
                                "__globals__": {
                                    "menu_typography_typography": "globals\/typography?id=secondary",
                                    "color_menu_item": "globals\/colors?id=11258d5",
                                    "color_menu_item_hover": "globals\/colors?id=secondary",
                                    "color_menu_item_active": "globals\/colors?id=secondary",
                                    "pointer_color_menu_item_hover": "globals\/colors?id=secondary",
                                    "pointer_color_menu_item_active": "globals\/colors?id=primary",
                                    "dropdown_typography_typography": "globals\/typography?id=secondary",
                                    "background_color_dropdown_item_hover": "globals\/colors?id=11258d5",
                                    "color_dropdown_item_hover": "globals\/colors?id=secondary",
                                    "toggle_background_color": "globals\/colors?id=0125af7",
                                    "toggle_color": "globals\/colors?id=primary",
                                    "toggle_color_hover": "globals\/colors?id=primary",
                                    "color_dropdown_item_active": "globals\/colors?id=secondary"
                                },
                                "dropdown_box_shadow_box_shadow_type": "yes",
                                "dropdown_box_shadow_box_shadow": {
                                    "horizontal": "0",
                                    "vertical": "10",
                                    "blur": "20",
                                    "spread": "0",
                                    "color": "rgba(0, 0, 0, 0.16)"
                                },
                                "align_items": "center",
                                "animation_line": "grow",
                                "toggle_align": "right",
                                "padding_horizontal_menu_item": {
                                    "unit": "px",
                                    "size": "0",
                                    "sizes": []
                                },
                                "padding_horizontal_menu_item_tablet": {
                                    "unit": "px",
                                    "size": "0",
                                    "sizes": []
                                },
                                "menu_space_between_tablet": {
                                    "unit": "px",
                                    "size": "15",
                                    "sizes": []
                                },
                                "toggle_size_mobile": {
                                    "unit": "px",
                                    "size": "20",
                                    "sizes": []
                                },
                                "_element_width_tablet": "auto",
                                "_margin": {
                                    "unit": "px",
                                    "top": "0",
                                    "right": "40",
                                    "bottom": "0",
                                    "left": "0",
                                    "isLinked": ""
                                },
                                "_element_width": "auto",
                                "submenu_icon": {
                                    "value": "fas fa-angle-down",
                                    "library": "fa-solid"
                                },
                                "_margin_tablet": {
                                    "unit": "px",
                                    "top": "0",
                                    "right": "0",
                                    "bottom": "0",
                                    "left": "0",
                                    "isLinked": ""
                                }
                            },
                            "elements": [],
                            "isInner": false,
                            "widgetType": "nav-menu",
                            "elType": "widget"
                        },
                        {
                            "id": "7e4ed71f",
                            "settings": {
                                "title": "Carsentro",
                                "header_size": "h3",
                                "align": "center",
                                "_margin": {
                                    "unit": "px",
                                    "top": "0",
                                    "right": "0",
                                    "bottom": "0",
                                    "left": "0",
                                    "isLinked": ""
                                },
                                "__globals__": {
                                    "title_color": "globals\/colors?id=11258d5"
                                },
                                "_element_width": "auto"
                            },
                            "elements": [],
                            "isInner": false,
                            "widgetType": "heading",
                            "elType": "widget"
                        },
                        {
                            "id": "61e95c59",
                            "settings": {
                                "dropdown": "mobile",
                                "full_width": "stretch",
                                "pointer_width": {
                                    "unit": "px",
                                    "size": "1",
                                    "sizes": []
                                },
                                "menu_space_between": {
                                    "unit": "px",
                                    "size": "50",
                                    "sizes": []
                                },
                                "__globals__": {
                                    "menu_typography_typography": "globals\/typography?id=secondary",
                                    "color_menu_item": "globals\/colors?id=11258d5",
                                    "color_menu_item_hover": "globals\/colors?id=secondary",
                                    "color_menu_item_active": "globals\/colors?id=secondary",
                                    "pointer_color_menu_item_hover": "globals\/colors?id=secondary",
                                    "pointer_color_menu_item_active": "globals\/colors?id=primary",
                                    "dropdown_typography_typography": "globals\/typography?id=secondary",
                                    "background_color_dropdown_item_hover": "globals\/colors?id=11258d5",
                                    "color_dropdown_item_hover": "globals\/colors?id=secondary",
                                    "toggle_background_color": "globals\/colors?id=0125af7",
                                    "toggle_color": "globals\/colors?id=primary",
                                    "toggle_color_hover": "globals\/colors?id=primary",
                                    "color_dropdown_item_active": "globals\/colors?id=secondary"
                                },
                                "dropdown_box_shadow_box_shadow_type": "yes",
                                "dropdown_box_shadow_box_shadow": {
                                    "horizontal": "0",
                                    "vertical": "10",
                                    "blur": "20",
                                    "spread": "0",
                                    "color": "rgba(0, 0, 0, 0.16)"
                                },
                                "align_items": "center",
                                "animation_line": "grow",
                                "toggle_align": "right",
                                "padding_horizontal_menu_item": {
                                    "unit": "px",
                                    "size": "0",
                                    "sizes": []
                                },
                                "padding_horizontal_menu_item_tablet": {
                                    "unit": "px",
                                    "size": "0",
                                    "sizes": []
                                },
                                "menu_space_between_tablet": {
                                    "unit": "px",
                                    "size": "15",
                                    "sizes": []
                                },
                                "toggle_size_mobile": {
                                    "unit": "px",
                                    "size": "20",
                                    "sizes": []
                                },
                                "_element_width_tablet": "auto",
                                "_margin": {
                                    "unit": "px",
                                    "top": "0",
                                    "right": "0",
                                    "bottom": "0",
                                    "left": "40",
                                    "isLinked": ""
                                },
                                "_element_width": "auto",
                                "_margin_tablet": {
                                    "unit": "px",
                                    "top": "0",
                                    "right": "0",
                                    "bottom": "0",
                                    "left": "0",
                                    "isLinked": "1"
                                }
                            },
                            "elements": [],
                            "isInner": false,
                            "widgetType": "nav-menu",
                            "elType": "widget"
                        }
                    ],
                    "isInner": "",
                    "elType": "column"
                },
                {
                    "id": "465d1fe6",
                    "settings": {
                        "_column_size": "33",
                        "_inline_size": "18",
                        "align": "flex-end",
                        "_inline_size_tablet": "20",
                        "content_position": "center",
                        "content_position_tablet": "center",
                        "align_tablet": "space-between",
                        "padding_tablet": {
                            "unit": "px",
                            "top": "20",
                            "right": "20",
                            "bottom": "20",
                            "left": "20",
                            "isLinked": ""
                        },
                        "hide_mobile": "hidden-mobile",
                        "z_index": "99"
                    },
                    "elements": [
                        {
                            "id": "5fd48e7e",
                            "settings": {
                                "text": "Buy a Car",
                                "size": "xs",
                                "border_border": "solid",
                                "border_width": {
                                    "unit": "px",
                                    "top": "1",
                                    "right": "1",
                                    "bottom": "1",
                                    "left": "1",
                                    "isLinked": "1"
                                },
                                "_element_width": "auto",
                                "__globals__": {
                                    "border_color": "globals\/colors?id=11258d5",
                                    "background_color": "globals\/colors?id=0125af7",
                                    "button_text_color": "globals\/colors?id=11258d5",
                                    "hover_color": "globals\/colors?id=11258d5",
                                    "button_hover_border_color": "globals\/colors?id=secondary",
                                    "button_background_hover_color": "globals\/colors?id=secondary"
                                }
                            },
                            "elements": [],
                            "isInner": false,
                            "widgetType": "button",
                            "elType": "widget"
                        }
                    ],
                    "isInner": "",
                    "elType": "column"
                }
            ],
            "isInner": "",
            "elType": "section"
        },
        {
            "id": "19d8ca24",
            "settings": {
                "gap": "wider",
                "structure": "20",
                "background_background": "classic",
                "__globals__": {
                    "background_color": "globals\/colors?id=primary"
                },
                "margin": {
                    "unit": "px",
                    "top": "0",
                    "right": "0",
                    "bottom": "0",
                    "left": "0",
                    "isLinked": ""
                },
                "margin_tablet": {
                    "unit": "px",
                    "top": "0",
                    "right": "0",
                    "bottom": "0",
                    "left": "0",
                    "isLinked": ""
                },
                "hide_desktop": "hidden-desktop"
            },
            "elements": [
                {
                    "id": "454eb92f",
                    "settings": {
                        "_column_size": "50",
                        "_inline_size_mobile": "20",
                        "align_mobile": "center",
                        "z_index_mobile": "99",
                        "_inline_size_tablet": "20",
                        "align_tablet": "center",
                        "z_index_tablet": "99"
                    },
                    "elements": [
                        {
                            "id": "32125849",
                            "settings": {
                                "title": "Carsentro",
                                "header_size": "h3",
                                "align": "center",
                                "_margin": {
                                    "unit": "px",
                                    "top": "0",
                                    "right": "0",
                                    "bottom": "0",
                                    "left": "0",
                                    "isLinked": ""
                                },
                                "__globals__": {
                                    "title_color": "globals\/colors?id=11258d5"
                                },
                                "_element_width": "auto"
                            },
                            "elements": [],
                            "isInner": false,
                            "widgetType": "heading",
                            "elType": "widget"
                        }
                    ],
                    "isInner": "",
                    "elType": "column"
                },
                {
                    "id": "181e10c6",
                    "settings": {
                        "_column_size": "50",
                        "align": "center",
                        "_inline_size_tablet": "80",
                        "content_position": "center",
                        "content_position_tablet": "center",
                        "align_tablet": "space-between",
                        "padding_tablet": {
                            "unit": "px",
                            "top": "20",
                            "right": "20",
                            "bottom": "20",
                            "left": "20",
                            "isLinked": ""
                        },
                        "z_index": "99",
                        "_inline_size_mobile": "80",
                        "align_mobile": "flex-end"
                    },
                    "elements": [
                        {
                            "id": "5b5b26b2",
                            "settings": {
                                "dropdown": "mobile",
                                "full_width": "stretch",
                                "pointer_width": {
                                    "unit": "px",
                                    "size": "1",
                                    "sizes": []
                                },
                                "menu_space_between": {
                                    "unit": "px",
                                    "size": "70",
                                    "sizes": []
                                },
                                "__globals__": {
                                    "menu_typography_typography": "globals\/typography?id=secondary",
                                    "color_menu_item": "globals\/colors?id=11258d5",
                                    "color_menu_item_hover": "globals\/colors?id=11258d5",
                                    "color_menu_item_active": "globals\/colors?id=secondary",
                                    "pointer_color_menu_item_hover": "globals\/colors?id=11258d5",
                                    "pointer_color_menu_item_active": "globals\/colors?id=primary",
                                    "dropdown_typography_typography": "globals\/typography?id=secondary",
                                    "background_color_dropdown_item_hover": "globals\/colors?id=primary",
                                    "color_dropdown_item_hover": "globals\/colors?id=11258d5",
                                    "toggle_background_color": "globals\/colors?id=0125af7",
                                    "toggle_color": "globals\/colors?id=11258d5",
                                    "toggle_color_hover": "globals\/colors?id=11258d5"
                                },
                                "dropdown_box_shadow_box_shadow_type": "yes",
                                "dropdown_box_shadow_box_shadow": {
                                    "horizontal": "0",
                                    "vertical": "10",
                                    "blur": "20",
                                    "spread": "0",
                                    "color": "rgba(0, 0, 0, 0.16)"
                                },
                                "align_items": "center",
                                "animation_line": "grow",
                                "toggle_align": "right",
                                "padding_horizontal_menu_item": {
                                    "unit": "px",
                                    "size": "0",
                                    "sizes": []
                                },
                                "padding_horizontal_menu_item_tablet": {
                                    "unit": "px",
                                    "size": "0",
                                    "sizes": []
                                },
                                "menu_space_between_tablet": {
                                    "unit": "px",
                                    "size": "40",
                                    "sizes": []
                                },
                                "toggle_size_mobile": {
                                    "unit": "px",
                                    "size": "20",
                                    "sizes": []
                                },
                                "_element_width_tablet": "auto",
                                "_margin": {
                                    "unit": "px",
                                    "top": "0",
                                    "right": "0",
                                    "bottom": "0",
                                    "left": "0",
                                    "isLinked": "1"
                                },
                                "_element_width": "auto",
                                "_margin_tablet": {
                                    "unit": "px",
                                    "top": "0",
                                    "right": "20",
                                    "bottom": "0",
                                    "left": "0",
                                    "isLinked": ""
                                }
                            },
                            "elements": [],
                            "isInner": false,
                            "widgetType": "nav-menu",
                            "elType": "widget"
                        },
                        {
                            "id": "10295a83",
                            "settings": {
                                "text": "Buy a Car",
                                "size": "xs",
                                "border_border": "solid",
                                "border_width": {
                                    "unit": "px",
                                    "top": "1",
                                    "right": "1",
                                    "bottom": "1",
                                    "left": "1",
                                    "isLinked": "1"
                                },
                                "_element_width": "auto",
                                "__globals__": {
                                    "border_color": "globals\/colors?id=11258d5",
                                    "background_color": "globals\/colors?id=0125af7",
                                    "button_text_color": "globals\/colors?id=11258d5",
                                    "hover_color": "globals\/colors?id=11258d5",
                                    "button_hover_border_color": "globals\/colors?id=secondary",
                                    "button_background_hover_color": "globals\/colors?id=secondary"
                                }
                            },
                            "elements": [],
                            "isInner": false,
                            "widgetType": "button",
                            "elType": "widget"
                        }
                    ],
                    "isInner": "",
                    "elType": "column"
                }
            ],
            "isInner": "",
            "elType": "section"
        }
    ]
}