{
    "version": "0.4",
    "title": "Offcanvas",
    "type": "popup",
    "metadata": {
        "template_type": "section-popup",
        "include_in_zip": "1",
        "elementor_pro_required": "1",
        "elementor_library_type": "popup",
        "elementor_pro_conditions": [
            "include\/general"
        ],
        "additional_template_information": [
            "This is a \"Popup\" template for Elementor Pro.",
            "This template will display on: Entire Site."
        ],
        "wp_page_template": "default"
    },
    "content": [
        {
            "id": "6463be54",
            "settings": {
                "gap": "wider"
            },
            "elements": [
                {
                    "id": "1ab590ca",
                    "settings": {
                        "_column_size": "100",
                        "align": "space-between"
                    },
                    "elements": [
                        {
                            "id": "53467c66",
                            "settings": {
                                "title": "Carsentro",
                                "header_size": "h3",
                                "_margin": {
                                    "unit": "px",
                                    "top": "0",
                                    "right": "0",
                                    "bottom": "0",
                                    "left": "0",
                                    "isLinked": ""
                                },
                                "__globals__": {
                                    "title_color": "globals\/colors?id=11258d5"
                                }
                            },
                            "elements": [],
                            "isInner": false,
                            "widgetType": "heading",
                            "elType": "widget"
                        },
                        {
                            "id": "31d5c940",
                            "settings": {
                                "text": "Divider",
                                "gap": {
                                    "unit": "px",
                                    "size": "10",
                                    "sizes": []
                                },
                                "__globals__": {
                                    "color": "globals\/colors?id=text"
                                }
                            },
                            "elements": [],
                            "isInner": false,
                            "widgetType": "divider",
                            "elType": "widget"
                        },
                        {
                            "id": "318c904f",
                            "settings": {
                                "__globals__": {
                                    "text_color": "globals\/colors?id=11258d5",
                                    "typography_typography": "globals\/typography?id=text"
                                },
                                "editor": "<p>Lorem ipsum dolor sit amet, consectetur adipiscing elit. Ut elit tellus, luctus nec\u00a0<\/p>"
                            },
                            "elements": [],
                            "isInner": false,
                            "widgetType": "text-editor",
                            "elType": "widget"
                        },
                        {
                            "id": "1d395fed",
                            "settings": {
                                "gallery": [
                                    {
                                        "id": "148",
                                        "url": "https:\/\/tkpro-demo2.envalab.com\/13\/wp-content\/uploads\/sites\/14\/2022\/03\/Image-PT5QLVN.jpg"
                                    },
                                    {
                                        "id": "147",
                                        "url": "https:\/\/tkpro-demo2.envalab.com\/13\/wp-content\/uploads\/sites\/14\/2022\/03\/Image-PSL4AKA.jpg"
                                    },
                                    {
                                        "id": "146",
                                        "url": "https:\/\/tkpro-demo2.envalab.com\/13\/wp-content\/uploads\/sites\/14\/2022\/03\/Image-PRHB8QE.jpg"
                                    },
                                    {
                                        "id": "140",
                                        "url": "https:\/\/tkpro-demo2.envalab.com\/13\/wp-content\/uploads\/sites\/14\/2022\/03\/Image-PLC9X66.jpg"
                                    },
                                    {
                                        "id": "143",
                                        "url": "https:\/\/tkpro-demo2.envalab.com\/13\/wp-content\/uploads\/sites\/14\/2022\/03\/Image-PPV3GYX.jpg"
                                    },
                                    {
                                        "id": "144",
                                        "url": "https:\/\/tkpro-demo2.envalab.com\/13\/wp-content\/uploads\/sites\/14\/2022\/03\/Image-PQXKC6V.jpg"
                                    }
                                ],
                                "galleries": [
                                    {
                                        "gallery_title": "New Gallery",
                                        "_id": "00bdf63"
                                    }
                                ],
                                "columns": "3",
                                "aspect_ratio": "1:1",
                                "thumbnail_image_size": "large",
                                "show_all_galleries_label": "All",
                                "overlay_title": "caption",
                                "_margin": {
                                    "unit": "px",
                                    "top": "0",
                                    "right": "0",
                                    "bottom": "15",
                                    "left": "0",
                                    "isLinked": ""
                                }
                            },
                            "elements": [],
                            "isInner": false,
                            "widgetType": "gallery",
                            "elType": "widget"
                        },
                        {
                            "id": "5f43c019",
                            "settings": {
                                "title": "Office",
                                "header_size": "div",
                                "_margin": {
                                    "unit": "px",
                                    "top": "0",
                                    "right": "0",
                                    "bottom": "0",
                                    "left": "0",
                                    "isLinked": ""
                                },
                                "__globals__": {
                                    "title_color": "globals\/colors?id=11258d5",
                                    "typography_typography": "globals\/typography?id=9e81345"
                                }
                            },
                            "elements": [],
                            "isInner": false,
                            "widgetType": "heading",
                            "elType": "widget"
                        },
                        {
                            "id": "6c347dbe",
                            "settings": {
                                "text": "Divider",
                                "gap": {
                                    "unit": "px",
                                    "size": "10",
                                    "sizes": []
                                },
                                "__globals__": {
                                    "color": "globals\/colors?id=text"
                                }
                            },
                            "elements": [],
                            "isInner": false,
                            "widgetType": "divider",
                            "elType": "widget"
                        },
                        {
                            "id": "2c94de28",
                            "settings": {
                                "icon_list": [
                                    {
                                        "text": "United Kingdom -",
                                        "selected_icon": {
                                            "value": "",
                                            "library": ""
                                        },
                                        "_id": "6a5dfcc"
                                    },
                                    {
                                        "text": "329 Queensberry Street,",
                                        "selected_icon": {
                                            "value": "",
                                            "library": ""
                                        },
                                        "_id": "b023d4d"
                                    },
                                    {
                                        "text": "North Birmingham VIC 3051",
                                        "selected_icon": {
                                            "value": "",
                                            "library": ""
                                        },
                                        "_id": "182a4c9"
                                    }
                                ],
                                "space_between": {
                                    "unit": "px",
                                    "size": "5",
                                    "sizes": []
                                },
                                "icon_align": "left",
                                "icon_size": {
                                    "unit": "px",
                                    "size": "12",
                                    "sizes": []
                                },
                                "_element_width": "auto",
                                "__globals__": {
                                    "text_color": "globals\/colors?id=11258d5",
                                    "icon_typography_typography": "globals\/typography?id=primary",
                                    "icon_color": "globals\/colors?id=11258d5",
                                    "text_color_hover": "globals\/colors?id=11258d5",
                                    "icon_color_hover": "globals\/colors?id=47d171d"
                                }
                            },
                            "elements": [],
                            "isInner": false,
                            "widgetType": "icon-list",
                            "elType": "widget"
                        },
                        {
                            "id": "7f4a09d1",
                            "settings": {
                                "icon_list": [
                                    {
                                        "text": "Facebook",
                                        "selected_icon": {
                                            "value": "fab fa-facebook-f",
                                            "library": "fa-brands"
                                        },
                                        "_id": "6a5dfcc",
                                        "link": {
                                            "url": "#",
                                            "is_external": "",
                                            "nofollow": "",
                                            "custom_attributes": ""
                                        }
                                    },
                                    {
                                        "text": "Instagram",
                                        "selected_icon": {
                                            "value": "icon icon-instagram-1",
                                            "library": "ekiticons"
                                        },
                                        "_id": "b023d4d",
                                        "link": {
                                            "url": "#",
                                            "is_external": "",
                                            "nofollow": "",
                                            "custom_attributes": ""
                                        }
                                    },
                                    {
                                        "text": "Twitter",
                                        "selected_icon": {
                                            "value": "icon icon-twitter",
                                            "library": "ekiticons"
                                        },
                                        "_id": "182a4c9",
                                        "link": {
                                            "url": "#",
                                            "is_external": "",
                                            "nofollow": "",
                                            "custom_attributes": ""
                                        }
                                    }
                                ],
                                "space_between": {
                                    "unit": "px",
                                    "size": "5",
                                    "sizes": []
                                },
                                "icon_align": "left",
                                "icon_size": {
                                    "unit": "px",
                                    "size": "12",
                                    "sizes": []
                                },
                                "_element_width": "auto",
                                "__globals__": {
                                    "text_color": "globals\/colors?id=11258d5",
                                    "icon_typography_typography": "globals\/typography?id=primary",
                                    "icon_color": "globals\/colors?id=11258d5",
                                    "text_color_hover": "globals\/colors?id=47d171d",
                                    "icon_color_hover": "globals\/colors?id=47d171d"
                                }
                            },
                            "elements": [],
                            "isInner": false,
                            "widgetType": "icon-list",
                            "elType": "widget"
                        }
                    ],
                    "isInner": "",
                    "elType": "column"
                }
            ],
            "isInner": "",
            "elType": "section"
        }
    ],
    "page_settings": {
        "width": {
            "unit": "px",
            "size": "400",
            "sizes": []
        },
        "height_type": "fit_to_screen",
        "content_position": "center",
        "horizontal_position": "right",
        "entrance_animation": "slideInRight",
        "exit_animation": "slideInRight",
        "entrance_animation_duration": {
            "unit": "px",
            "size": "0.6",
            "sizes": []
        },
        "background_background": "classic",
        "__globals__": {
            "background_color": "globals\/colors?id=aaafffe",
            "close_button_color": "globals\/colors?id=11258d5",
            "close_button_background_color": "globals\/colors?id=0125af7"
        },
        "overlay_background_color": "#00000014",
        "icon_size": {
            "unit": "px",
            "size": "18",
            "sizes": []
        },
        "close_button_horizontal": {
            "unit": "%",
            "size": "88.5",
            "sizes": []
        }
    }
}