{
    "version": "0.4",
    "title": "Single post",
    "type": "single-post",
    "metadata": {
        "template_type": "single-post",
        "include_in_zip": "1",
        "elementor_pro_required": "1",
        "elementor_library_type": "single-post",
        "elementor_pro_conditions": [
            "include\/singular\/post"
        ],
        "additional_template_information": [
            "This is a \"Single Post\" template for Elementor Pro.",
            "This template will display on: Posts."
        ],
        "wp_page_template": "default"
    },
    "content": [
        {
            "id": "60445294",
            "settings": {
                "gap": "wider",
                "padding": {
                    "unit": "px",
                    "top": "90",
                    "right": "0",
                    "bottom": "90",
                    "left": "0",
                    "isLinked": ""
                },
                "background_background": "gradient",
                "background_color_stop": {
                    "unit": "%",
                    "size": "21",
                    "sizes": []
                },
                "background_color_b_stop": {
                    "unit": "%",
                    "size": "5",
                    "sizes": []
                },
                "__globals__": {
                    "background_color": "globals\/colors?id=4fec0aa",
                    "background_color_b": "globals\/colors?id=11258d5",
                    "background_overlay_color": "globals\/colors?id=0125af7"
                },
                "background_position": "center center",
                "background_size": "cover",
                "background_overlay_background": "classic",
                "background_overlay_opacity": {
                    "unit": "px",
                    "size": "",
                    "sizes": []
                },
                "__dynamic__": {
                    "background_image": "[elementor-tag id=\"b7cdc4d\" name=\"post-featured-image\" settings=\"%7B%7D\"]"
                }
            },
            "elements": [
                {
                    "id": "7d63d5d2",
                    "settings": {
                        "_column_size": "100"
                    },
                    "elements": [
                        {
                            "id": "75caabc1",
                            "settings": {
                                "content_width": {
                                    "unit": "px",
                                    "size": "900",
                                    "sizes": []
                                }
                            },
                            "elements": [
                                {
                                    "id": "6831724c",
                                    "settings": {
                                        "_column_size": "100"
                                    },
                                    "elements": [
                                        {
                                            "id": "2ef709b9",
                                            "settings": {
                                                "author_name": "John Doe",
                                                "author_name_tag": "h5",
                                                "show_link": "",
                                                "author_bio": "Lorem ipsum dolor sit amet consectetur adipiscing elit dolor",
                                                "link_text": "All Posts",
                                                "layout": "left",
                                                "alignment": "left",
                                                "image_vertical_align": "middle",
                                                "image_size": {
                                                    "unit": "px",
                                                    "size": "62",
                                                    "sizes": []
                                                },
                                                "image_gap": {
                                                    "unit": "px",
                                                    "size": "14",
                                                    "sizes": []
                                                },
                                                "_margin": {
                                                    "unit": "px",
                                                    "top": "0",
                                                    "right": "0",
                                                    "bottom": "15",
                                                    "left": "0",
                                                    "isLinked": ""
                                                },
                                                "__globals__": {
                                                    "name_color": "globals\/colors?id=primary",
                                                    "name_typography_typography": "globals\/typography?id=cc60d8e",
                                                    "bio_color": "globals\/colors?id=text",
                                                    "bio_typography_typography": "globals\/typography?id=f258da7"
                                                }
                                            },
                                            "elements": [],
                                            "isInner": false,
                                            "widgetType": "author-box",
                                            "elType": "widget"
                                        },
                                        {
                                            "id": "73ba139d",
                                            "settings": {
                                                "__dynamic__": {
                                                    "title": "[elementor-tag id=\"\" name=\"post-title\" settings=\"%7B%22before%22%3A%22%22%2C%22after%22%3A%22%22%2C%22fallback%22%3A%22%22%7D\"]"
                                                },
                                                "title": "Add Your Heading Text Here",
                                                "align": "left",
                                                "_margin": {
                                                    "unit": "px",
                                                    "top": "0",
                                                    "right": "0",
                                                    "bottom": "15",
                                                    "left": "0",
                                                    "isLinked": ""
                                                },
                                                "__globals__": {
                                                    "title_color": "globals\/colors?id=primary",
                                                    "typography_typography": "globals\/typography?id=9482ada"
                                                }
                                            },
                                            "elements": [],
                                            "isInner": false,
                                            "widgetType": "theme-post-title",
                                            "elType": "widget"
                                        },
                                        {
                                            "id": "6cfce784",
                                            "settings": {
                                                "icon_list": [
                                                    {
                                                        "selected_icon": {
                                                            "value": "icon icon-calendar3",
                                                            "library": "ekiticons"
                                                        },
                                                        "_id": "ae14104",
                                                        "custom_date_format": "F j, Y",
                                                        "custom_time_format": "g:i a",
                                                        "show_icon": "custom"
                                                    },
                                                    {
                                                        "type": "terms",
                                                        "selected_icon": {
                                                            "value": "icon icon-tag1",
                                                            "library": "ekiticons"
                                                        },
                                                        "_id": "e67b187",
                                                        "custom_date_format": "F j, Y",
                                                        "custom_time_format": "g:i a",
                                                        "taxonomy": "category",
                                                        "show_icon": "custom"
                                                    }
                                                ],
                                                "text_indent": {
                                                    "unit": "px",
                                                    "size": "8",
                                                    "sizes": []
                                                },
                                                "_margin": {
                                                    "unit": "px",
                                                    "top": "0",
                                                    "right": "0",
                                                    "bottom": "20",
                                                    "left": "0",
                                                    "isLinked": ""
                                                },
                                                "__globals__": {
                                                    "icon_color": "globals\/colors?id=text",
                                                    "text_color": "globals\/colors?id=text",
                                                    "icon_typography_typography": "globals\/typography?id=primary"
                                                }
                                            },
                                            "elements": [],
                                            "isInner": false,
                                            "widgetType": "post-info",
                                            "elType": "widget"
                                        },
                                        {
                                            "id": "5d332da8",
                                            "settings": {
                                                "__dynamic__": {
                                                    "image": "[elementor-tag id=\"\" name=\"post-featured-image\" settings=\"%7B%22fallback%22%3A%7B%22url%22%3A%22%22%2C%22id%22%3A%22%22%7D%7D\"]"
                                                },
                                                "width": {
                                                    "unit": "%",
                                                    "size": "100",
                                                    "sizes": []
                                                },
                                                "space": {
                                                    "unit": "%",
                                                    "size": "100",
                                                    "sizes": []
                                                },
                                                "object-fit": "cover",
                                                "_margin": {
                                                    "unit": "px",
                                                    "top": "0",
                                                    "right": "0",
                                                    "bottom": "20",
                                                    "left": "0",
                                                    "isLinked": ""
                                                }
                                            },
                                            "elements": [],
                                            "isInner": false,
                                            "widgetType": "theme-post-featured-image",
                                            "elType": "widget"
                                        },
                                        {
                                            "id": "42bd4c25",
                                            "settings": {
                                                "__globals__": {
                                                    "typography_typography": "globals\/typography?id=text"
                                                }
                                            },
                                            "elements": [],
                                            "isInner": false,
                                            "widgetType": "theme-post-content",
                                            "elType": "widget"
                                        },
                                        {
                                            "id": "42d79b12",
                                            "settings": {
                                                "text": "Divider",
                                                "__globals__": {
                                                    "color": "globals\/colors?id=456d867"
                                                }
                                            },
                                            "elements": [],
                                            "isInner": false,
                                            "widgetType": "divider",
                                            "elType": "widget"
                                        },
                                        {
                                            "id": "73a89e77",
                                            "settings": {
                                                "title": "Share ",
                                                "header_size": "h5",
                                                "_margin": {
                                                    "unit": "px",
                                                    "top": "0",
                                                    "right": "20",
                                                    "bottom": "0",
                                                    "left": "0",
                                                    "isLinked": ""
                                                },
                                                "_element_width": "auto",
                                                "_element_vertical_align": "center"
                                            },
                                            "elements": [],
                                            "isInner": false,
                                            "widgetType": "heading",
                                            "elType": "widget"
                                        },
                                        {
                                            "id": "46b2e0e5",
                                            "settings": {
                                                "share_buttons": [
                                                    {
                                                        "_id": "c4c8371"
                                                    },
                                                    {
                                                        "button": "twitter",
                                                        "_id": "43cebc2"
                                                    },
                                                    {
                                                        "button": "linkedin",
                                                        "_id": "c721bc8"
                                                    },
                                                    {
                                                        "_id": "95f2712",
                                                        "button": "pinterest"
                                                    }
                                                ],
                                                "view": "icon",
                                                "skin": "flat",
                                                "shape": "circle",
                                                "column_gap": {
                                                    "unit": "px",
                                                    "size": "0",
                                                    "sizes": []
                                                },
                                                "button_size": {
                                                    "unit": "px",
                                                    "size": "0.9",
                                                    "sizes": []
                                                },
                                                "color_source": "custom",
                                                "_element_width": "auto",
                                                "__globals__": {
                                                    "primary_color": "globals\/colors?id=0125af7",
                                                    "secondary_color": "globals\/colors?id=text"
                                                }
                                            },
                                            "elements": [],
                                            "isInner": false,
                                            "widgetType": "share-buttons",
                                            "elType": "widget"
                                        },
                                        {
                                            "id": "56050657",
                                            "settings": {
                                                "text": "Divider",
                                                "__globals__": {
                                                    "color": "globals\/colors?id=456d867"
                                                }
                                            },
                                            "elements": [],
                                            "isInner": false,
                                            "widgetType": "divider",
                                            "elType": "widget"
                                        },
                                        {
                                            "id": "8d96af3",
                                            "settings": {
                                                "author_name": "John Doe",
                                                "author_name_tag": "h5",
                                                "show_link": "",
                                                "author_bio": "Lorem ipsum dolor sit amet consectetur adipiscing elit dolor",
                                                "link_text": "All Posts",
                                                "layout": "left",
                                                "alignment": "left",
                                                "image_vertical_align": "middle",
                                                "image_size": {
                                                    "unit": "px",
                                                    "size": "62",
                                                    "sizes": []
                                                },
                                                "image_gap": {
                                                    "unit": "px",
                                                    "size": "14",
                                                    "sizes": []
                                                },
                                                "_margin": {
                                                    "unit": "px",
                                                    "top": "0",
                                                    "right": "0",
                                                    "bottom": "15",
                                                    "left": "0",
                                                    "isLinked": ""
                                                },
                                                "__globals__": {
                                                    "name_color": "globals\/colors?id=f718a60",
                                                    "name_typography_typography": "globals\/typography?id=cc60d8e",
                                                    "bio_color": "globals\/colors?id=text",
                                                    "bio_typography_typography": "globals\/typography?id=f258da7"
                                                }
                                            },
                                            "elements": [],
                                            "isInner": false,
                                            "widgetType": "author-box",
                                            "elType": "widget"
                                        },
                                        {
                                            "id": "6385eea9",
                                            "settings": {
                                                "_skin": "theme_comments"
                                            },
                                            "elements": [],
                                            "isInner": false,
                                            "widgetType": "post-comments",
                                            "elType": "widget"
                                        }
                                    ],
                                    "isInner": "1",
                                    "elType": "column"
                                }
                            ],
                            "isInner": "1",
                            "elType": "section"
                        }
                    ],
                    "isInner": "",
                    "elType": "column"
                }
            ],
            "isInner": "",
            "elType": "section"
        }
    ]
}