{
    "version": "0.4",
    "title": "Team",
    "type": "page",
    "metadata": {
        "template_type": "single-page",
        "include_in_zip": "1",
        "elementor_pro_required": "1",
        "wp_page_template": "elementor_header_footer"
    },
    "content": [
        {
            "id": "7b0cd567",
            "settings": {
                "gap": "wider",
                "height": "min-height",
                "background_background": "classic",
                "__globals__": {
                    "background_color": "globals\/colors?id=primary",
                    "background_overlay_color": "globals\/colors?id=aaafffe"
                },
                "background_image": {
                    "url": "https:\/\/tkpro-demo2.envalab.com\/13\/wp-content\/uploads\/sites\/14\/2022\/03\/Image-AFZ9JA9.jpg",
                    "id": "127",
                    "alt": "",
                    "source": "library"
                },
                "background_position": "center center",
                "background_size": "cover",
                "background_overlay_background": "classic",
                "background_overlay_opacity": {
                    "unit": "px",
                    "size": "0.6",
                    "sizes": []
                },
                "padding": {
                    "unit": "px",
                    "top": "0",
                    "right": "0",
                    "bottom": "0",
                    "left": "0",
                    "isLinked": ""
                },
                "shape_divider_bottom_flip": "yes",
                "margin": {
                    "unit": "px",
                    "top": "-110",
                    "right": "0",
                    "bottom": "0",
                    "left": "0",
                    "isLinked": ""
                },
                "column_position": "bottom",
                "custom_height_mobile": {
                    "unit": "px",
                    "size": "250",
                    "sizes": []
                }
            },
            "elements": [
                {
                    "id": "10f4c1d8",
                    "settings": {
                        "_column_size": "100",
                        "content_position": "center",
                        "align": "flex-start",
                        "margin": {
                            "unit": "%",
                            "top": "",
                            "right": "",
                            "bottom": "",
                            "left": "",
                            "isLinked": "1"
                        },
                        "margin_tablet": {
                            "unit": "%",
                            "top": "",
                            "right": "",
                            "bottom": "",
                            "left": "",
                            "isLinked": "1"
                        },
                        "margin_mobile": {
                            "unit": "%",
                            "top": "0",
                            "right": "0",
                            "bottom": "0",
                            "left": "0",
                            "isLinked": ""
                        },
                        "align_mobile": "center"
                    },
                    "elements": [
                        {
                            "id": "5638c5f6",
                            "settings": {
                                "selected_icon": {
                                    "value": "fas fa-square-full",
                                    "library": "fa-solid"
                                },
                                "title_text": "Team",
                                "description_text": "",
                                "position": "right",
                                "title_size": "h1",
                                "icon_space": {
                                    "unit": "px",
                                    "size": "8",
                                    "sizes": []
                                },
                                "icon_size": {
                                    "unit": "px",
                                    "size": "14",
                                    "sizes": []
                                },
                                "text_align": "left",
                                "text_align_mobile": "right",
                                "title_bottom_space": {
                                    "unit": "px",
                                    "size": "0",
                                    "sizes": []
                                },
                                "_element_width": "auto",
                                "__globals__": {
                                    "primary_color": "globals\/colors?id=secondary",
                                    "title_color": "globals\/colors?id=11258d5",
                                    "title_typography_typography": "globals\/typography?id=cbef613"
                                }
                            },
                            "elements": [],
                            "isInner": false,
                            "widgetType": "icon-box",
                            "elType": "widget"
                        }
                    ],
                    "isInner": "",
                    "elType": "column"
                }
            ],
            "isInner": "",
            "elType": "section"
        },
        {
            "id": "871726",
            "settings": {
                "padding": {
                    "unit": "px",
                    "top": "90",
                    "right": "0",
                    "bottom": "90",
                    "left": "0",
                    "isLinked": ""
                },
                "padding_tablet": {
                    "unit": "px",
                    "top": "45",
                    "right": "0",
                    "bottom": "45",
                    "left": "0",
                    "isLinked": ""
                }
            },
            "elements": [
                {
                    "id": "3d891149",
                    "settings": {
                        "_column_size": "100",
                        "align": "center"
                    },
                    "elements": [
                        {
                            "id": "13ac3685",
                            "settings": {
                                "gap": "wider",
                                "padding": {
                                    "unit": "px",
                                    "top": "0",
                                    "right": "0",
                                    "bottom": "0",
                                    "left": "0",
                                    "isLinked": ""
                                }
                            },
                            "elements": [
                                {
                                    "id": "796e3392",
                                    "settings": {
                                        "_column_size": "100",
                                        "align": "center"
                                    },
                                    "elements": [
                                        {
                                            "id": "1ce2b03a",
                                            "settings": {
                                                "title": "Our Team",
                                                "header_size": "div",
                                                "align": "center",
                                                "_margin": {
                                                    "unit": "px",
                                                    "top": "0",
                                                    "right": "0",
                                                    "bottom": "15",
                                                    "left": "0",
                                                    "isLinked": ""
                                                },
                                                "_element_width": "auto",
                                                "__globals__": {
                                                    "title_color": "globals\/colors?id=accent",
                                                    "typography_typography": "globals\/typography?id=c66122b"
                                                },
                                                "_animation": "fadeInDown"
                                            },
                                            "elements": [],
                                            "isInner": false,
                                            "widgetType": "heading",
                                            "elType": "widget"
                                        },
                                        {
                                            "id": "75c41fb9",
                                            "settings": {
                                                "title": "Our Experienced Team",
                                                "align": "center",
                                                "_margin": {
                                                    "unit": "px",
                                                    "top": "0",
                                                    "right": "0",
                                                    "bottom": "15",
                                                    "left": "0",
                                                    "isLinked": ""
                                                },
                                                "_animation": "fadeInDown"
                                            },
                                            "elements": [],
                                            "isInner": false,
                                            "widgetType": "heading",
                                            "elType": "widget"
                                        },
                                        {
                                            "id": "5289e861",
                                            "settings": {
                                                "align": "center",
                                                "_element_width": "initial",
                                                "_element_custom_width": {
                                                    "unit": "%",
                                                    "size": "51",
                                                    "sizes": []
                                                },
                                                "_element_width_mobile": "inherit",
                                                "_animation": "fadeInDown"
                                            },
                                            "elements": [],
                                            "isInner": false,
                                            "widgetType": "text-editor",
                                            "elType": "widget"
                                        }
                                    ],
                                    "isInner": "1",
                                    "elType": "column"
                                }
                            ],
                            "isInner": "1",
                            "elType": "section"
                        },
                        {
                            "id": "73c8be15",
                            "settings": {
                                "gap": "wider",
                                "structure": "30"
                            },
                            "elements": [
                                {
                                    "id": "5bd48dc3",
                                    "settings": {
                                        "_column_size": "33"
                                    },
                                    "elements": [
                                        {
                                            "id": "2c1adaae",
                                            "settings": {
                                                "graphic_element": "none",
                                                "title_text_a": "Alex Rins",
                                                "description_text_a": "CEO - Founder",
                                                "background_a_background": "classic",
                                                "background_a_color": "#02010100",
                                                "background_a_color_stop": {
                                                    "unit": "%",
                                                    "size": "68",
                                                    "sizes": []
                                                },
                                                "background_a_color_b": "#222732",
                                                "background_a_image": {
                                                    "url": "https:\/\/tkpro-demo2.envalab.com\/13\/wp-content\/uploads\/sites\/14\/2022\/03\/Image-CCXAYZL.jpg",
                                                    "id": "561",
                                                    "alt": "",
                                                    "source": "library"
                                                },
                                                "background_a_position": "center center",
                                                "background_a_size": "cover",
                                                "background_overlay_a": "#00000042",
                                                "title_text_b": "CEO - Founder",
                                                "description_text_b": "Quisque velit nisi, pretium ut lacinia in, elementum id enim. Sed porttitor lectus nibh.",
                                                "button_text": "FB - TW - IG",
                                                "background_b_background": "classic",
                                                "background_b_color": "#222732",
                                                "height": {
                                                    "unit": "px",
                                                    "size": "450",
                                                    "sizes": []
                                                },
                                                "flip_effect": "zoom-in",
                                                "flip_direction": "right",
                                                "alignment_a": "left",
                                                "vertical_position_a": "bottom",
                                                "title_spacing_a": {
                                                    "unit": "px",
                                                    "size": "5",
                                                    "sizes": []
                                                },
                                                "title_color_a": "#FFFFFF",
                                                "title_typography_a_typography": "custom",
                                                "title_typography_a_font_family": "Source Sans Pro",
                                                "title_typography_a_font_size": {
                                                    "unit": "px",
                                                    "size": "25",
                                                    "sizes": []
                                                },
                                                "title_typography_a_font_weight": "600",
                                                "title_typography_a_text_transform": "capitalize",
                                                "title_typography_a_line_height": {
                                                    "unit": "em",
                                                    "size": "1.3",
                                                    "sizes": []
                                                },
                                                "title_typography_a_word_spacing": {
                                                    "unit": "em",
                                                    "size": "",
                                                    "sizes": []
                                                },
                                                "text_stroke_text_stroke": {
                                                    "unit": "px",
                                                    "size": "1",
                                                    "sizes": []
                                                },
                                                "text_stroke_stroke_color": "#222732",
                                                "description_color_a": "#FFFFFF",
                                                "vertical_position_b": "middle",
                                                "title_spacing_b": {
                                                    "unit": "px",
                                                    "size": "5",
                                                    "sizes": []
                                                },
                                                "title_color_b": "#FFFFFF",
                                                "title_typography_b_typography": "custom",
                                                "title_typography_b_font_family": "Source Sans Pro",
                                                "title_typography_b_font_size": {
                                                    "unit": "px",
                                                    "size": "25",
                                                    "sizes": []
                                                },
                                                "title_typography_b_font_weight": "600",
                                                "title_typography_b_text_transform": "capitalize",
                                                "title_typography_b_line_height": {
                                                    "unit": "em",
                                                    "size": "1.3",
                                                    "sizes": []
                                                },
                                                "title_typography_b_word_spacing": {
                                                    "unit": "em",
                                                    "size": "",
                                                    "sizes": []
                                                },
                                                "description_spacing_b": {
                                                    "unit": "px",
                                                    "size": "5",
                                                    "sizes": []
                                                },
                                                "description_color_b": "#FFFFFF",
                                                "description_typography_b_typography": "custom",
                                                "description_typography_b_font_family": "Source Sans Pro",
                                                "description_typography_b_font_size": {
                                                    "unit": "px",
                                                    "size": "16",
                                                    "sizes": []
                                                },
                                                "description_typography_b_font_weight": "400",
                                                "description_typography_b_line_height": {
                                                    "unit": "em",
                                                    "size": "1.5",
                                                    "sizes": []
                                                },
                                                "button_size": "xs",
                                                "button_background_color": "#02010100",
                                                "button_border_color": "#02010100",
                                                "__globals__": {
                                                    "title_color_a": "globals\/colors?id=11258d5",
                                                    "title_typography_a_typography": "globals\/typography?id=9e81345",
                                                    "description_color_a": "globals\/colors?id=11258d5",
                                                    "background_a_color": "globals\/colors?id=0125af7",
                                                    "background_overlay_a": "",
                                                    "description_color_b": "globals\/colors?id=11258d5",
                                                    "description_typography_b_typography": "globals\/typography?id=text",
                                                    "button_background_color": "globals\/colors?id=0125af7",
                                                    "button_border_color": "globals\/colors?id=0125af7",
                                                    "title_color_b": "globals\/colors?id=11258d5",
                                                    "title_typography_b_typography": "globals\/typography?id=9e81345",
                                                    "background_b_color": "globals\/colors?id=primary",
                                                    "background_a_color_b": "globals\/colors?id=primary",
                                                    "text_stroke_stroke_color": "globals\/colors?id=primary"
                                                },
                                                "height_tablet": {
                                                    "unit": "px",
                                                    "size": "260",
                                                    "sizes": []
                                                }
                                            },
                                            "elements": [],
                                            "isInner": false,
                                            "widgetType": "flip-box",
                                            "elType": "widget"
                                        }
                                    ],
                                    "isInner": "1",
                                    "elType": "column"
                                },
                                {
                                    "id": "1857fc19",
                                    "settings": {
                                        "_column_size": "33"
                                    },
                                    "elements": [
                                        {
                                            "id": "97708de",
                                            "settings": {
                                                "graphic_element": "none",
                                                "title_text_a": "Joan Mir",
                                                "description_text_a": "Co-Founder",
                                                "background_a_background": "classic",
                                                "background_a_color": "#222732",
                                                "background_a_image": {
                                                    "url": "https:\/\/tkpro-demo2.envalab.com\/13\/wp-content\/uploads\/sites\/14\/2022\/03\/Image-QBZFKJ7.jpg",
                                                    "id": "583",
                                                    "alt": "",
                                                    "source": "library"
                                                },
                                                "background_a_position": "center center",
                                                "background_a_size": "cover",
                                                "background_overlay_a": "#00000042",
                                                "title_text_b": "Co-Founder",
                                                "description_text_b": "Quisque velit nisi, pretium ut lacinia in, elementum id enim. Sed porttitor lectus nibh.",
                                                "button_text": "FB - TW - IG",
                                                "background_b_background": "classic",
                                                "height": {
                                                    "unit": "px",
                                                    "size": "450",
                                                    "sizes": []
                                                },
                                                "flip_effect": "zoom-in",
                                                "flip_direction": "right",
                                                "alignment_a": "left",
                                                "vertical_position_a": "bottom",
                                                "title_spacing_a": {
                                                    "unit": "px",
                                                    "size": "5",
                                                    "sizes": []
                                                },
                                                "title_color_a": "#FFFFFF",
                                                "title_typography_a_typography": "custom",
                                                "title_typography_a_font_family": "Source Sans Pro",
                                                "title_typography_a_font_size": {
                                                    "unit": "px",
                                                    "size": "25",
                                                    "sizes": []
                                                },
                                                "title_typography_a_font_weight": "600",
                                                "title_typography_a_text_transform": "capitalize",
                                                "title_typography_a_line_height": {
                                                    "unit": "em",
                                                    "size": "1.3",
                                                    "sizes": []
                                                },
                                                "title_typography_a_word_spacing": {
                                                    "unit": "em",
                                                    "size": "",
                                                    "sizes": []
                                                },
                                                "description_color_a": "#FFFFFF",
                                                "vertical_position_b": "middle",
                                                "title_spacing_b": {
                                                    "unit": "px",
                                                    "size": "5",
                                                    "sizes": []
                                                },
                                                "description_spacing_b": {
                                                    "unit": "px",
                                                    "size": "5",
                                                    "sizes": []
                                                },
                                                "button_size": "xs",
                                                "__globals__": {
                                                    "title_color_a": "globals\/colors?id=11258d5",
                                                    "title_typography_a_typography": "globals\/typography?id=9e81345",
                                                    "description_color_a": "globals\/colors?id=11258d5",
                                                    "background_a_color": "globals\/colors?id=primary",
                                                    "background_overlay_a": "",
                                                    "description_color_b": "globals\/colors?id=11258d5",
                                                    "description_typography_b_typography": "globals\/typography?id=text",
                                                    "button_background_color": "globals\/colors?id=0125af7",
                                                    "button_border_color": "globals\/colors?id=0125af7",
                                                    "title_color_b": "globals\/colors?id=11258d5",
                                                    "title_typography_b_typography": "globals\/typography?id=9e81345",
                                                    "background_b_color": "globals\/colors?id=primary"
                                                },
                                                "height_tablet": {
                                                    "unit": "px",
                                                    "size": "260",
                                                    "sizes": []
                                                }
                                            },
                                            "elements": [],
                                            "isInner": false,
                                            "widgetType": "flip-box",
                                            "elType": "widget"
                                        }
                                    ],
                                    "isInner": "1",
                                    "elType": "column"
                                },
                                {
                                    "id": "671c0669",
                                    "settings": {
                                        "_column_size": "33"
                                    },
                                    "elements": [
                                        {
                                            "id": "570d2205",
                                            "settings": {
                                                "graphic_element": "none",
                                                "title_text_a": "Marc Marquez",
                                                "description_text_a": "Business Analyst",
                                                "background_a_background": "classic",
                                                "background_a_color": "#222732",
                                                "background_a_image": {
                                                    "url": "https:\/\/tkpro-demo2.envalab.com\/13\/wp-content\/uploads\/sites\/14\/2022\/03\/Image-PQ3VUFU.jpg",
                                                    "id": "589",
                                                    "alt": "",
                                                    "source": "library"
                                                },
                                                "background_a_position": "center center",
                                                "background_a_size": "cover",
                                                "background_overlay_a": "#00000038",
                                                "title_text_b": "Business Analyst",
                                                "description_text_b": "Quisque velit nisi, pretium ut lacinia in, elementum id enim. Sed porttitor lectus nibh.",
                                                "button_text": "FB - TW - IG",
                                                "background_b_background": "classic",
                                                "height": {
                                                    "unit": "px",
                                                    "size": "450",
                                                    "sizes": []
                                                },
                                                "flip_effect": "zoom-in",
                                                "flip_direction": "right",
                                                "alignment_a": "left",
                                                "vertical_position_a": "bottom",
                                                "title_spacing_a": {
                                                    "unit": "px",
                                                    "size": "5",
                                                    "sizes": []
                                                },
                                                "title_color_a": "#FFFFFF",
                                                "title_typography_a_typography": "custom",
                                                "title_typography_a_font_family": "Source Sans Pro",
                                                "title_typography_a_font_size": {
                                                    "unit": "px",
                                                    "size": "25",
                                                    "sizes": []
                                                },
                                                "title_typography_a_font_weight": "600",
                                                "title_typography_a_text_transform": "capitalize",
                                                "title_typography_a_line_height": {
                                                    "unit": "em",
                                                    "size": "1.3",
                                                    "sizes": []
                                                },
                                                "title_typography_a_word_spacing": {
                                                    "unit": "em",
                                                    "size": "",
                                                    "sizes": []
                                                },
                                                "description_color_a": "#FFFFFF",
                                                "vertical_position_b": "middle",
                                                "title_spacing_b": {
                                                    "unit": "px",
                                                    "size": "5",
                                                    "sizes": []
                                                },
                                                "description_spacing_b": {
                                                    "unit": "px",
                                                    "size": "5",
                                                    "sizes": []
                                                },
                                                "button_size": "xs",
                                                "__globals__": {
                                                    "title_color_a": "globals\/colors?id=11258d5",
                                                    "title_typography_a_typography": "globals\/typography?id=9e81345",
                                                    "description_color_a": "globals\/colors?id=11258d5",
                                                    "background_a_color": "globals\/colors?id=primary",
                                                    "background_overlay_a": "",
                                                    "description_color_b": "globals\/colors?id=11258d5",
                                                    "description_typography_b_typography": "globals\/typography?id=text",
                                                    "button_background_color": "globals\/colors?id=0125af7",
                                                    "button_border_color": "globals\/colors?id=0125af7",
                                                    "title_color_b": "globals\/colors?id=11258d5",
                                                    "title_typography_b_typography": "globals\/typography?id=9e81345",
                                                    "background_b_color": "globals\/colors?id=primary"
                                                },
                                                "height_tablet": {
                                                    "unit": "px",
                                                    "size": "260",
                                                    "sizes": []
                                                }
                                            },
                                            "elements": [],
                                            "isInner": false,
                                            "widgetType": "flip-box",
                                            "elType": "widget"
                                        }
                                    ],
                                    "isInner": "1",
                                    "elType": "column"
                                }
                            ],
                            "isInner": "1",
                            "elType": "section"
                        },
                        {
                            "id": "49d5e762",
                            "settings": {
                                "gap": "wider",
                                "structure": "30"
                            },
                            "elements": [
                                {
                                    "id": "3b41b753",
                                    "settings": {
                                        "_column_size": "33"
                                    },
                                    "elements": [
                                        {
                                            "id": "4d6fe762",
                                            "settings": {
                                                "graphic_element": "none",
                                                "title_text_a": "Bastian Vettel",
                                                "description_text_a": "Marketing Director",
                                                "background_a_background": "classic",
                                                "background_a_color": "#222732",
                                                "background_a_image": {
                                                    "url": "https:\/\/tkpro-demo2.envalab.com\/13\/wp-content\/uploads\/sites\/14\/2022\/03\/Image-KSAYUDC.jpg",
                                                    "id": "588",
                                                    "alt": "",
                                                    "source": "library"
                                                },
                                                "background_a_position": "center center",
                                                "background_a_size": "cover",
                                                "background_overlay_a": "#00000038",
                                                "title_text_b": "Marketing Director",
                                                "description_text_b": "Quisque velit nisi, pretium ut lacinia in, elementum id enim. Sed porttitor lectus nibh.",
                                                "button_text": "FB - TW - IG",
                                                "background_b_background": "classic",
                                                "height": {
                                                    "unit": "px",
                                                    "size": "450",
                                                    "sizes": []
                                                },
                                                "flip_effect": "zoom-in",
                                                "flip_direction": "right",
                                                "alignment_a": "left",
                                                "vertical_position_a": "bottom",
                                                "title_spacing_a": {
                                                    "unit": "px",
                                                    "size": "5",
                                                    "sizes": []
                                                },
                                                "title_color_a": "#FFFFFF",
                                                "title_typography_a_typography": "custom",
                                                "title_typography_a_font_family": "Source Sans Pro",
                                                "title_typography_a_font_size": {
                                                    "unit": "px",
                                                    "size": "25",
                                                    "sizes": []
                                                },
                                                "title_typography_a_font_weight": "600",
                                                "title_typography_a_text_transform": "capitalize",
                                                "title_typography_a_line_height": {
                                                    "unit": "em",
                                                    "size": "1.3",
                                                    "sizes": []
                                                },
                                                "title_typography_a_word_spacing": {
                                                    "unit": "em",
                                                    "size": "",
                                                    "sizes": []
                                                },
                                                "description_color_a": "#FFFFFF",
                                                "vertical_position_b": "middle",
                                                "title_spacing_b": {
                                                    "unit": "px",
                                                    "size": "5",
                                                    "sizes": []
                                                },
                                                "description_spacing_b": {
                                                    "unit": "px",
                                                    "size": "5",
                                                    "sizes": []
                                                },
                                                "button_size": "xs",
                                                "__globals__": {
                                                    "title_color_a": "globals\/colors?id=11258d5",
                                                    "title_typography_a_typography": "globals\/typography?id=9e81345",
                                                    "description_color_a": "globals\/colors?id=11258d5",
                                                    "background_a_color": "globals\/colors?id=primary",
                                                    "background_overlay_a": "",
                                                    "description_color_b": "globals\/colors?id=11258d5",
                                                    "description_typography_b_typography": "globals\/typography?id=text",
                                                    "button_background_color": "globals\/colors?id=0125af7",
                                                    "button_border_color": "globals\/colors?id=0125af7",
                                                    "title_color_b": "globals\/colors?id=11258d5",
                                                    "title_typography_b_typography": "globals\/typography?id=9e81345",
                                                    "background_b_color": "globals\/colors?id=primary"
                                                },
                                                "height_tablet": {
                                                    "unit": "px",
                                                    "size": "260",
                                                    "sizes": []
                                                }
                                            },
                                            "elements": [],
                                            "isInner": false,
                                            "widgetType": "flip-box",
                                            "elType": "widget"
                                        }
                                    ],
                                    "isInner": "1",
                                    "elType": "column"
                                },
                                {
                                    "id": "76019c8d",
                                    "settings": {
                                        "_column_size": "33"
                                    },
                                    "elements": [
                                        {
                                            "id": "ebba40f",
                                            "settings": {
                                                "graphic_element": "none",
                                                "title_text_a": "Sergio Perez",
                                                "description_text_a": "Chief Technology",
                                                "background_a_background": "classic",
                                                "background_a_color": "#222732",
                                                "background_a_image": {
                                                    "url": "https:\/\/tkpro-demo2.envalab.com\/13\/wp-content\/uploads\/sites\/14\/2022\/03\/Image-8MSCXZN.jpg",
                                                    "id": "587",
                                                    "alt": "",
                                                    "source": "library"
                                                },
                                                "background_a_position": "center center",
                                                "background_a_size": "cover",
                                                "background_overlay_a": "#00000038",
                                                "title_text_b": "Chief Technology",
                                                "description_text_b": "Quisque velit nisi, pretium ut lacinia in, elementum id enim. Sed porttitor lectus nibh.",
                                                "button_text": "FB - TW - IG",
                                                "background_b_background": "classic",
                                                "height": {
                                                    "unit": "px",
                                                    "size": "450",
                                                    "sizes": []
                                                },
                                                "flip_effect": "zoom-in",
                                                "flip_direction": "right",
                                                "alignment_a": "left",
                                                "vertical_position_a": "bottom",
                                                "title_spacing_a": {
                                                    "unit": "px",
                                                    "size": "5",
                                                    "sizes": []
                                                },
                                                "title_color_a": "#FFFFFF",
                                                "title_typography_a_typography": "custom",
                                                "title_typography_a_font_family": "Source Sans Pro",
                                                "title_typography_a_font_size": {
                                                    "unit": "px",
                                                    "size": "25",
                                                    "sizes": []
                                                },
                                                "title_typography_a_font_weight": "600",
                                                "title_typography_a_text_transform": "capitalize",
                                                "title_typography_a_line_height": {
                                                    "unit": "em",
                                                    "size": "1.3",
                                                    "sizes": []
                                                },
                                                "title_typography_a_word_spacing": {
                                                    "unit": "em",
                                                    "size": "",
                                                    "sizes": []
                                                },
                                                "description_color_a": "#FFFFFF",
                                                "vertical_position_b": "middle",
                                                "title_spacing_b": {
                                                    "unit": "px",
                                                    "size": "5",
                                                    "sizes": []
                                                },
                                                "description_spacing_b": {
                                                    "unit": "px",
                                                    "size": "5",
                                                    "sizes": []
                                                },
                                                "button_size": "xs",
                                                "__globals__": {
                                                    "title_color_a": "globals\/colors?id=11258d5",
                                                    "title_typography_a_typography": "globals\/typography?id=9e81345",
                                                    "description_color_a": "globals\/colors?id=11258d5",
                                                    "background_a_color": "globals\/colors?id=primary",
                                                    "background_overlay_a": "",
                                                    "description_color_b": "globals\/colors?id=11258d5",
                                                    "description_typography_b_typography": "globals\/typography?id=text",
                                                    "button_background_color": "globals\/colors?id=0125af7",
                                                    "button_border_color": "globals\/colors?id=0125af7",
                                                    "title_color_b": "globals\/colors?id=11258d5",
                                                    "title_typography_b_typography": "globals\/typography?id=9e81345",
                                                    "background_b_color": "globals\/colors?id=primary"
                                                },
                                                "height_tablet": {
                                                    "unit": "px",
                                                    "size": "260",
                                                    "sizes": []
                                                }
                                            },
                                            "elements": [],
                                            "isInner": false,
                                            "widgetType": "flip-box",
                                            "elType": "widget"
                                        }
                                    ],
                                    "isInner": "1",
                                    "elType": "column"
                                },
                                {
                                    "id": "4cd89bc5",
                                    "settings": {
                                        "_column_size": "33"
                                    },
                                    "elements": [
                                        {
                                            "id": "32dadec4",
                                            "settings": {
                                                "graphic_element": "none",
                                                "title_text_a": "Zhou Guanyu",
                                                "description_text_a": "Digital Strategist",
                                                "background_a_background": "classic",
                                                "background_a_color": "#222732",
                                                "background_a_image": {
                                                    "url": "https:\/\/tkpro-demo2.envalab.com\/13\/wp-content\/uploads\/sites\/14\/2022\/03\/Image-Q375YLM.jpg",
                                                    "id": "590",
                                                    "alt": "",
                                                    "source": "library"
                                                },
                                                "background_a_position": "center center",
                                                "background_a_size": "cover",
                                                "background_overlay_a": "#00000038",
                                                "title_text_b": "Digital Strategist",
                                                "description_text_b": "Quisque velit nisi, pretium ut lacinia in, elementum id enim. Sed porttitor lectus nibh.",
                                                "button_text": "FB - TW - IG",
                                                "background_b_background": "classic",
                                                "height": {
                                                    "unit": "px",
                                                    "size": "450",
                                                    "sizes": []
                                                },
                                                "flip_effect": "zoom-in",
                                                "flip_direction": "right",
                                                "alignment_a": "left",
                                                "vertical_position_a": "bottom",
                                                "title_spacing_a": {
                                                    "unit": "px",
                                                    "size": "5",
                                                    "sizes": []
                                                },
                                                "title_color_a": "#FFFFFF",
                                                "title_typography_a_typography": "custom",
                                                "title_typography_a_font_family": "Source Sans Pro",
                                                "title_typography_a_font_size": {
                                                    "unit": "px",
                                                    "size": "25",
                                                    "sizes": []
                                                },
                                                "title_typography_a_font_weight": "600",
                                                "title_typography_a_text_transform": "capitalize",
                                                "title_typography_a_line_height": {
                                                    "unit": "em",
                                                    "size": "1.3",
                                                    "sizes": []
                                                },
                                                "title_typography_a_word_spacing": {
                                                    "unit": "em",
                                                    "size": "",
                                                    "sizes": []
                                                },
                                                "description_color_a": "#FFFFFF",
                                                "vertical_position_b": "middle",
                                                "title_spacing_b": {
                                                    "unit": "px",
                                                    "size": "5",
                                                    "sizes": []
                                                },
                                                "description_spacing_b": {
                                                    "unit": "px",
                                                    "size": "5",
                                                    "sizes": []
                                                },
                                                "button_size": "xs",
                                                "__globals__": {
                                                    "title_color_a": "globals\/colors?id=11258d5",
                                                    "title_typography_a_typography": "globals\/typography?id=9e81345",
                                                    "description_color_a": "globals\/colors?id=11258d5",
                                                    "background_a_color": "globals\/colors?id=primary",
                                                    "background_overlay_a": "",
                                                    "description_color_b": "globals\/colors?id=11258d5",
                                                    "description_typography_b_typography": "globals\/typography?id=text",
                                                    "button_background_color": "globals\/colors?id=0125af7",
                                                    "button_border_color": "globals\/colors?id=0125af7",
                                                    "title_color_b": "globals\/colors?id=11258d5",
                                                    "title_typography_b_typography": "globals\/typography?id=9e81345",
                                                    "background_b_color": "globals\/colors?id=primary"
                                                },
                                                "height_tablet": {
                                                    "unit": "px",
                                                    "size": "260",
                                                    "sizes": []
                                                }
                                            },
                                            "elements": [],
                                            "isInner": false,
                                            "widgetType": "flip-box",
                                            "elType": "widget"
                                        }
                                    ],
                                    "isInner": "1",
                                    "elType": "column"
                                }
                            ],
                            "isInner": "1",
                            "elType": "section"
                        }
                    ],
                    "isInner": "",
                    "elType": "column"
                }
            ],
            "isInner": "",
            "elType": "section"
        },
        {
            "id": "6b40f0f",
            "settings": {
                "gap": "wider",
                "structure": "20",
                "background_background": "classic",
                "background_image": {
                    "url": "",
                    "id": "",
                    "alt": "",
                    "source": "library"
                },
                "background_position": "center center",
                "background_size": "cover",
                "background_overlay_background": "classic",
                "background_overlay_color_b_stop": {
                    "unit": "%",
                    "size": "74",
                    "sizes": []
                },
                "background_overlay_gradient_angle": {
                    "unit": "deg",
                    "size": "330",
                    "sizes": []
                },
                "background_overlay_opacity": {
                    "unit": "px",
                    "size": "",
                    "sizes": []
                },
                "padding": {
                    "unit": "px",
                    "top": "45",
                    "right": "0",
                    "bottom": "45",
                    "left": "0",
                    "isLinked": ""
                },
                "__globals__": {
                    "background_color": "globals\/colors?id=primary",
                    "background_overlay_color": "globals\/colors?id=0125af7",
                    "background_overlay_color_b": "globals\/colors?id=aaafffe",
                    "background_color_b": "globals\/colors?id=primary",
                    "shape_divider_bottom_color": "globals\/colors?id=11258d5"
                },
                "background_color_stop": {
                    "unit": "%",
                    "size": "100",
                    "sizes": []
                },
                "background_color_b_stop": {
                    "unit": "%",
                    "size": "0",
                    "sizes": []
                },
                "background_gradient_angle": {
                    "unit": "deg",
                    "size": "90",
                    "sizes": []
                },
                "shape_divider_bottom_width": {
                    "unit": "%",
                    "size": "300",
                    "sizes": []
                },
                "shape_divider_bottom_height": {
                    "unit": "px",
                    "size": "26",
                    "sizes": []
                },
                "shape_divider_bottom_negative": "yes"
            },
            "elements": [
                {
                    "id": "23fcaa83",
                    "settings": {
                        "_column_size": "50",
                        "_inline_size": "64.625",
                        "content_position": "center",
                        "background_background": "classic",
                        "__globals__": {
                            "background_color": "globals\/colors?id=0125af7"
                        }
                    },
                    "elements": [
                        {
                            "id": "43ae0e91",
                            "settings": {
                                "title": "Let's Create to Better Car-Buying Experience Together",
                                "_margin": {
                                    "unit": "px",
                                    "top": "0",
                                    "right": "0",
                                    "bottom": "10",
                                    "left": "0",
                                    "isLinked": ""
                                },
                                "__globals__": {
                                    "title_color": "globals\/colors?id=11258d5"
                                }
                            },
                            "elements": [],
                            "isInner": false,
                            "widgetType": "heading",
                            "elType": "widget"
                        }
                    ],
                    "isInner": "",
                    "elType": "column"
                },
                {
                    "id": "60099d1e",
                    "settings": {
                        "_column_size": "50",
                        "_inline_size": "35.375",
                        "content_position": "center",
                        "align": "center"
                    },
                    "elements": [
                        {
                            "id": "16a7c843",
                            "settings": {
                                "text": "Join with Our Team",
                                "size": "md",
                                "hover_animation": "float",
                                "border_width": {
                                    "unit": "px",
                                    "top": "1",
                                    "right": "1",
                                    "bottom": "1",
                                    "left": "1",
                                    "isLinked": "1"
                                },
                                "_element_width": "auto",
                                "__globals__": {
                                    "background_color": "globals\/colors?id=0125af7",
                                    "hover_color": "globals\/colors?id=11258d5",
                                    "button_background_hover_color": "globals\/colors?id=secondary",
                                    "border_color": "globals\/colors?id=11258d5",
                                    "button_hover_border_color": "globals\/colors?id=secondary"
                                },
                                "border_border": "solid"
                            },
                            "elements": [],
                            "isInner": false,
                            "widgetType": "button",
                            "elType": "widget"
                        }
                    ],
                    "isInner": "",
                    "elType": "column"
                }
            ],
            "isInner": "",
            "elType": "section"
        },
        {
            "id": "4d742e72",
            "settings": {
                "gap": "wider",
                "background_background": "classic",
                "padding": {
                    "unit": "px",
                    "top": "90",
                    "right": "0",
                    "bottom": "90",
                    "left": "0",
                    "isLinked": ""
                },
                "__globals__": {
                    "background_color": "globals\/colors?id=11258d5"
                },
                "padding_tablet": {
                    "unit": "px",
                    "top": "45",
                    "right": "0",
                    "bottom": "45",
                    "left": "0",
                    "isLinked": ""
                }
            },
            "elements": [
                {
                    "id": "5be934d2",
                    "settings": {
                        "_column_size": "100",
                        "align_mobile": "center"
                    },
                    "elements": [
                        {
                            "id": "7be05645",
                            "settings": {
                                "title": "From Our Blog",
                                "header_size": "div",
                                "align": "center",
                                "_margin": {
                                    "unit": "px",
                                    "top": "0",
                                    "right": "0",
                                    "bottom": "15",
                                    "left": "0",
                                    "isLinked": ""
                                },
                                "_element_width": "auto",
                                "__globals__": {
                                    "title_color": "globals\/colors?id=accent",
                                    "typography_typography": "globals\/typography?id=c66122b"
                                },
                                "_animation": "fadeInDown"
                            },
                            "elements": [],
                            "isInner": false,
                            "widgetType": "heading",
                            "elType": "widget"
                        },
                        {
                            "id": "1be0910f",
                            "settings": {
                                "title": "News &amp; Articles",
                                "align_mobile": "center",
                                "_margin": {
                                    "unit": "px",
                                    "top": "0",
                                    "right": "0",
                                    "bottom": "20",
                                    "left": "0",
                                    "isLinked": ""
                                },
                                "_animation": "fadeInDown"
                            },
                            "elements": [],
                            "isInner": false,
                            "widgetType": "heading",
                            "elType": "widget"
                        },
                        {
                            "id": "2153735e",
                            "settings": {
                                "_skin": "cards",
                                "classic_meta_separator": "\/\/\/",
                                "classic_read_more_text": "Read More \u00bb",
                                "cards_posts_per_page": "3",
                                "cards_thumbnail_size_size": "large",
                                "cards_item_ratio": {
                                    "unit": "px",
                                    "size": "0.56",
                                    "sizes": []
                                },
                                "cards_meta_separator": "\u2022",
                                "cards_read_more_text": "Read More",
                                "cards_show_badge": "",
                                "cards_show_avatar": "",
                                "full_content_meta_separator": "\/\/\/",
                                "posts_offset": "",
                                "cards_card_bg_color": "#FFFFFF",
                                "cards_card_border_width": {
                                    "unit": "px",
                                    "size": "0",
                                    "sizes": []
                                },
                                "cards_card_padding": {
                                    "unit": "px",
                                    "size": "0",
                                    "sizes": []
                                },
                                "cards_box_shadow_box_shadow_type": "",
                                "cards_hover_effect": "none",
                                "cards_title_color": "#222732",
                                "cards_title_typography_typography": "custom",
                                "cards_title_typography_font_family": "Poppins",
                                "cards_title_typography_font_size": {
                                    "unit": "px",
                                    "size": "20",
                                    "sizes": []
                                },
                                "cards_title_typography_font_weight": "600",
                                "cards_title_typography_text_transform": "capitalize",
                                "cards_title_typography_line_height": {
                                    "unit": "em",
                                    "size": "1.4",
                                    "sizes": []
                                },
                                "cards_title_typography_word_spacing": {
                                    "unit": "em",
                                    "size": "",
                                    "sizes": []
                                },
                                "cards_title_spacing": {
                                    "unit": "px",
                                    "size": "10",
                                    "sizes": []
                                },
                                "cards_meta_color": "#6F6F6F",
                                "cards_meta_separator_color": "#6F6F6F",
                                "cards_meta_typography_typography": "custom",
                                "cards_meta_typography_font_family": "Open Sans",
                                "cards_meta_typography_font_size": {
                                    "unit": "px",
                                    "size": "12",
                                    "sizes": []
                                },
                                "cards_meta_typography_font_weight": "400",
                                "cards_meta_typography_line_height": {
                                    "unit": "em",
                                    "size": "1.5",
                                    "sizes": []
                                },
                                "cards_meta_typography_word_spacing": {
                                    "unit": "em",
                                    "size": "",
                                    "sizes": []
                                },
                                "cards_excerpt_color": "#6F6F6F",
                                "cards_excerpt_typography_typography": "custom",
                                "cards_excerpt_typography_font_family": "Open Sans",
                                "cards_excerpt_typography_font_size": {
                                    "unit": "px",
                                    "size": "16",
                                    "sizes": []
                                },
                                "cards_excerpt_typography_font_weight": "400",
                                "cards_excerpt_typography_line_height": {
                                    "unit": "em",
                                    "size": "1.5",
                                    "sizes": []
                                },
                                "cards_excerpt_spacing": {
                                    "unit": "px",
                                    "size": "10",
                                    "sizes": []
                                },
                                "cards_read_more_color": "#FF4605",
                                "cards_read_more_typography_typography": "custom",
                                "cards_read_more_typography_font_family": "Open Sans",
                                "cards_read_more_typography_font_size": {
                                    "unit": "px",
                                    "size": "14",
                                    "sizes": []
                                },
                                "cards_read_more_typography_font_weight": "500",
                                "cards_read_more_typography_line_height": {
                                    "unit": "em",
                                    "size": "",
                                    "sizes": []
                                },
                                "cards_read_more_typography_letter_spacing": {
                                    "unit": "px",
                                    "size": "3",
                                    "sizes": []
                                },
                                "cards_read_more_typography_word_spacing": {
                                    "unit": "em",
                                    "size": "",
                                    "sizes": []
                                },
                                "cards_read_more_spacing": {
                                    "unit": "px",
                                    "size": "10",
                                    "sizes": []
                                },
                                "pagination_page_limit": "5",
                                "pagination_prev_label": "&laquo; Previous",
                                "pagination_next_label": "Next &raquo;",
                                "text": "Load More",
                                "load_more_no_posts_custom_message": "No more posts to show",
                                "__globals__": {
                                    "cards_card_bg_color": "globals\/colors?id=0125af7",
                                    "cards_card_border_color": "globals\/colors?id=456d867",
                                    "cards_title_color": "globals\/colors?id=primary",
                                    "cards_title_typography_typography": "globals\/typography?id=9e81345",
                                    "cards_excerpt_color": "globals\/colors?id=text",
                                    "cards_meta_color": "globals\/colors?id=text",
                                    "cards_meta_separator_color": "globals\/colors?id=text",
                                    "cards_meta_typography_typography": "globals\/typography?id=f258da7",
                                    "cards_excerpt_typography_typography": "globals\/typography?id=text",
                                    "cards_read_more_color": "globals\/colors?id=accent",
                                    "cards_read_more_typography_typography": "globals\/typography?id=e3fcf11"
                                },
                                "cards_meta_data": [
                                    "author",
                                    "date"
                                ],
                                "cards_show_read_more": "",
                                "cards_columns_tablet": "3",
                                "cards_item_ratio_tablet": {
                                    "unit": "px",
                                    "size": "0.64",
                                    "sizes": []
                                },
                                "cards_item_ratio_mobile": {
                                    "unit": "px",
                                    "size": "1",
                                    "sizes": []
                                },
                                "cards_image_spacing": {
                                    "unit": "px",
                                    "size": "0",
                                    "sizes": []
                                }
                            },
                            "elements": [],
                            "isInner": false,
                            "widgetType": "posts",
                            "elType": "widget"
                        }
                    ],
                    "isInner": "",
                    "elType": "column"
                }
            ],
            "isInner": "",
            "elType": "section"
        }
    ],
    "page_settings": {
        "hide_title": "yes",
        "template": "elementor_header_footer"
    }
}