{
    "version": "0.4",
    "title": "Testimonials",
    "type": "page",
    "metadata": {
        "template_type": "single-page",
        "include_in_zip": "1",
        "elementor_pro_required": "1",
        "wp_page_template": "elementor_header_footer"
    },
    "content": [
        {
            "id": "44a50725",
            "settings": {
                "gap": "wider",
                "height": "min-height",
                "background_background": "classic",
                "__globals__": {
                    "background_color": "globals\/colors?id=primary",
                    "background_overlay_color": "globals\/colors?id=aaafffe"
                },
                "background_image": {
                    "url": "https:\/\/tkpro-demo2.envalab.com\/13\/wp-content\/uploads\/sites\/14\/2022\/03\/Image-ZXPAC7J.jpg",
                    "id": "154",
                    "alt": "",
                    "source": "library"
                },
                "background_position": "center center",
                "background_size": "cover",
                "background_overlay_background": "classic",
                "background_overlay_opacity": {
                    "unit": "px",
                    "size": "0.6",
                    "sizes": []
                },
                "margin": {
                    "unit": "px",
                    "top": "-110",
                    "right": "0",
                    "bottom": "0",
                    "left": "0",
                    "isLinked": ""
                },
                "padding": {
                    "unit": "px",
                    "top": "0",
                    "right": "0",
                    "bottom": "0",
                    "left": "0",
                    "isLinked": ""
                },
                "column_position": "bottom",
                "custom_height_mobile": {
                    "unit": "px",
                    "size": "250",
                    "sizes": []
                }
            },
            "elements": [
                {
                    "id": "17d85ca2",
                    "settings": {
                        "_column_size": "100",
                        "content_position": "center",
                        "align_mobile": "center"
                    },
                    "elements": [
                        {
                            "id": "5781829a",
                            "settings": {
                                "selected_icon": {
                                    "value": "fas fa-square-full",
                                    "library": "fa-solid"
                                },
                                "title_text": "Testimonials",
                                "description_text": "",
                                "position": "right",
                                "title_size": "h1",
                                "icon_space": {
                                    "unit": "px",
                                    "size": "8",
                                    "sizes": []
                                },
                                "icon_size": {
                                    "unit": "px",
                                    "size": "14",
                                    "sizes": []
                                },
                                "text_align": "left",
                                "text_align_mobile": "right",
                                "title_bottom_space": {
                                    "unit": "px",
                                    "size": "0",
                                    "sizes": []
                                },
                                "_element_width": "auto",
                                "__globals__": {
                                    "primary_color": "globals\/colors?id=secondary",
                                    "title_color": "globals\/colors?id=11258d5",
                                    "title_typography_typography": "globals\/typography?id=cbef613"
                                }
                            },
                            "elements": [],
                            "isInner": false,
                            "widgetType": "icon-box",
                            "elType": "widget"
                        }
                    ],
                    "isInner": "",
                    "elType": "column"
                }
            ],
            "isInner": "",
            "elType": "section"
        },
        {
            "id": "799be915",
            "settings": {
                "gap": "wider",
                "structure": "20",
                "padding": {
                    "unit": "px",
                    "top": "90",
                    "right": "0",
                    "bottom": "90",
                    "left": "0",
                    "isLinked": ""
                },
                "padding_mobile": {
                    "unit": "px",
                    "top": "45",
                    "right": "0",
                    "bottom": "45",
                    "left": "0",
                    "isLinked": ""
                },
                "padding_tablet": {
                    "unit": "px",
                    "top": "45",
                    "right": "0",
                    "bottom": "45",
                    "left": "0",
                    "isLinked": ""
                }
            },
            "elements": [
                {
                    "id": "48f29284",
                    "settings": {
                        "_column_size": "50",
                        "_inline_size": "55.696",
                        "align_mobile": "center"
                    },
                    "elements": [
                        {
                            "id": "51c0ae11",
                            "settings": {
                                "title": "Our Purpose",
                                "header_size": "div",
                                "_margin": {
                                    "unit": "px",
                                    "top": "0",
                                    "right": "0",
                                    "bottom": "15",
                                    "left": "0",
                                    "isLinked": ""
                                },
                                "_element_width": "auto",
                                "__globals__": {
                                    "title_color": "globals\/colors?id=secondary",
                                    "typography_typography": "globals\/typography?id=c66122b"
                                }
                            },
                            "elements": [],
                            "isInner": false,
                            "widgetType": "heading",
                            "elType": "widget"
                        },
                        {
                            "id": "5c02ba7c",
                            "settings": {
                                "title": "To Drive Integrity by Being Honest &amp; Transparent in Every Interaction",
                                "_margin": {
                                    "unit": "px",
                                    "top": "0",
                                    "right": "0",
                                    "bottom": "15",
                                    "left": "0",
                                    "isLinked": ""
                                },
                                "align_mobile": "center"
                            },
                            "elements": [],
                            "isInner": false,
                            "widgetType": "heading",
                            "elType": "widget"
                        }
                    ],
                    "isInner": "",
                    "elType": "column"
                },
                {
                    "id": "6f15d849",
                    "settings": {
                        "_column_size": "50",
                        "_inline_size": "43.028",
                        "content_position": "center"
                    },
                    "elements": [
                        {
                            "id": "41fcc837",
                            "settings": {
                                "align_mobile": "center"
                            },
                            "elements": [],
                            "isInner": false,
                            "widgetType": "text-editor",
                            "elType": "widget"
                        },
                        {
                            "id": "59e12f0c",
                            "settings": {
                                "structure": "30"
                            },
                            "elements": [
                                {
                                    "id": "3b1a3fcd",
                                    "settings": {
                                        "_column_size": "33",
                                        "_inline_size_mobile": "30"
                                    },
                                    "elements": [
                                        {
                                            "id": "65333b2e",
                                            "settings": {
                                                "image": {
                                                    "url": "https:\/\/tkpro-demo2.envalab.com\/13\/wp-content\/uploads\/sites\/14\/2022\/03\/Logo-11.png",
                                                    "id": "806",
                                                    "alt": "",
                                                    "source": "library"
                                                },
                                                "width": {
                                                    "unit": "%",
                                                    "size": "100",
                                                    "sizes": []
                                                },
                                                "opacity": {
                                                    "unit": "px",
                                                    "size": "0.17",
                                                    "sizes": []
                                                },
                                                "opacity_hover": {
                                                    "unit": "px",
                                                    "size": "1",
                                                    "sizes": []
                                                }
                                            },
                                            "elements": [],
                                            "isInner": false,
                                            "widgetType": "image",
                                            "elType": "widget"
                                        }
                                    ],
                                    "isInner": "1",
                                    "elType": "column"
                                },
                                {
                                    "id": "6cca4e51",
                                    "settings": {
                                        "_column_size": "33",
                                        "_inline_size_mobile": "30"
                                    },
                                    "elements": [
                                        {
                                            "id": "6287129d",
                                            "settings": {
                                                "image": {
                                                    "url": "https:\/\/tkpro-demo2.envalab.com\/13\/wp-content\/uploads\/sites\/14\/2022\/03\/Logo-14.png",
                                                    "id": "809",
                                                    "alt": "",
                                                    "source": "library"
                                                },
                                                "width": {
                                                    "unit": "%",
                                                    "size": "100",
                                                    "sizes": []
                                                },
                                                "opacity": {
                                                    "unit": "px",
                                                    "size": "0.17",
                                                    "sizes": []
                                                },
                                                "opacity_hover": {
                                                    "unit": "px",
                                                    "size": "1",
                                                    "sizes": []
                                                }
                                            },
                                            "elements": [],
                                            "isInner": false,
                                            "widgetType": "image",
                                            "elType": "widget"
                                        }
                                    ],
                                    "isInner": "1",
                                    "elType": "column"
                                },
                                {
                                    "id": "ed2d961",
                                    "settings": {
                                        "_column_size": "33",
                                        "_inline_size_mobile": "30"
                                    },
                                    "elements": [
                                        {
                                            "id": "7e8c0fbe",
                                            "settings": {
                                                "image": {
                                                    "url": "https:\/\/tkpro-demo2.envalab.com\/13\/wp-content\/uploads\/sites\/14\/2022\/03\/Logo-12.png",
                                                    "id": "807",
                                                    "alt": "",
                                                    "source": "library"
                                                },
                                                "width": {
                                                    "unit": "%",
                                                    "size": "100",
                                                    "sizes": []
                                                },
                                                "opacity": {
                                                    "unit": "px",
                                                    "size": "0.17",
                                                    "sizes": []
                                                },
                                                "opacity_hover": {
                                                    "unit": "px",
                                                    "size": "1",
                                                    "sizes": []
                                                }
                                            },
                                            "elements": [],
                                            "isInner": false,
                                            "widgetType": "image",
                                            "elType": "widget"
                                        }
                                    ],
                                    "isInner": "1",
                                    "elType": "column"
                                }
                            ],
                            "isInner": "1",
                            "elType": "section"
                        }
                    ],
                    "isInner": "",
                    "elType": "column"
                }
            ],
            "isInner": "",
            "elType": "section"
        },
        {
            "id": "26aa68b5",
            "settings": {
                "background_background": "classic",
                "background_image": {
                    "url": "https:\/\/tkpro-demo2.envalab.com\/13\/wp-content\/uploads\/sites\/14\/2022\/03\/Image-PEJH5VW.jpg",
                    "id": "136",
                    "alt": "",
                    "source": "library"
                },
                "background_position": "center center",
                "background_xpos": {
                    "unit": "px",
                    "size": "-387",
                    "sizes": []
                },
                "background_repeat": "no-repeat",
                "background_size": "cover",
                "padding": {
                    "unit": "px",
                    "top": "90",
                    "right": "0",
                    "bottom": "90",
                    "left": "0",
                    "isLinked": ""
                },
                "height": "min-height",
                "background_color_stop": {
                    "unit": "%",
                    "size": "39",
                    "sizes": []
                },
                "background_color_b_stop": {
                    "unit": "%",
                    "size": "21",
                    "sizes": []
                },
                "background_gradient_angle": {
                    "unit": "deg",
                    "size": "320",
                    "sizes": []
                },
                "background_overlay_background": "classic",
                "background_overlay_color_stop": {
                    "unit": "%",
                    "size": "64",
                    "sizes": []
                },
                "background_overlay_color_b_stop": {
                    "unit": "%",
                    "size": "0",
                    "sizes": []
                },
                "background_overlay_gradient_angle": {
                    "unit": "deg",
                    "size": "150",
                    "sizes": []
                },
                "background_overlay_image": {
                    "url": "",
                    "id": "",
                    "alt": "",
                    "source": "library"
                },
                "background_overlay_position": "center center",
                "background_overlay_size": "cover",
                "background_overlay_opacity": {
                    "unit": "px",
                    "size": "0.73",
                    "sizes": []
                },
                "__globals__": {
                    "background_color": "globals\/colors?id=11258d5",
                    "background_color_b": "globals\/colors?id=0125af7",
                    "background_overlay_color": "globals\/colors?id=aaafffe",
                    "background_overlay_color_b": "globals\/colors?id=primary"
                },
                "gap": "wider"
            },
            "elements": [
                {
                    "id": "7da07abb",
                    "settings": {
                        "_column_size": "100"
                    },
                    "elements": [
                        {
                            "id": "73eaf8bc",
                            "settings": {
                                "gap": "wider",
                                "custom_height_inner": {
                                    "unit": "px",
                                    "size": "500",
                                    "sizes": []
                                },
                                "content_position": "middle",
                                "structure": "20",
                                "background_background": "gradient",
                                "background_color_stop": {
                                    "unit": "%",
                                    "size": "85",
                                    "sizes": []
                                },
                                "background_color_b_stop": {
                                    "unit": "%",
                                    "size": "0",
                                    "sizes": []
                                },
                                "background_gradient_angle": {
                                    "unit": "deg",
                                    "size": "90",
                                    "sizes": []
                                },
                                "padding": {
                                    "unit": "px",
                                    "top": "0",
                                    "right": "0",
                                    "bottom": "0",
                                    "left": "0",
                                    "isLinked": ""
                                },
                                "__globals__": {
                                    "background_color": "globals\/colors?id=primary",
                                    "background_color_b": "globals\/colors?id=0125af7"
                                }
                            },
                            "elements": [
                                {
                                    "id": "396625f3",
                                    "settings": {
                                        "_column_size": "50",
                                        "_inline_size": "35",
                                        "align_mobile": "center"
                                    },
                                    "elements": [
                                        {
                                            "id": "57ea86c1",
                                            "settings": {
                                                "selected_icon": {
                                                    "value": "icon icon-quote1",
                                                    "library": "ekiticons"
                                                },
                                                "view": "stacked",
                                                "_element_width": "auto",
                                                "_position": "absolute",
                                                "_offset_x": {
                                                    "size": "33",
                                                    "unit": "px"
                                                },
                                                "_offset_y": {
                                                    "size": "-30",
                                                    "unit": "px"
                                                },
                                                "__globals__": {
                                                    "primary_color": "globals\/colors?id=secondary",
                                                    "secondary_color": "globals\/colors?id=11258d5"
                                                },
                                                "_offset_x_mobile": {
                                                    "size": "-20",
                                                    "unit": "px"
                                                },
                                                "_offset_y_mobile": {
                                                    "size": "-32",
                                                    "unit": "px"
                                                },
                                                "_offset_x_tablet": {
                                                    "size": "165",
                                                    "unit": "px"
                                                },
                                                "_offset_y_tablet": {
                                                    "size": "-37",
                                                    "unit": "px"
                                                }
                                            },
                                            "elements": [],
                                            "isInner": false,
                                            "widgetType": "icon",
                                            "elType": "widget"
                                        },
                                        {
                                            "id": "64161162",
                                            "settings": {
                                                "title": "Testimonials",
                                                "header_size": "div",
                                                "_margin": {
                                                    "unit": "px",
                                                    "top": "0",
                                                    "right": "0",
                                                    "bottom": "15",
                                                    "left": "0",
                                                    "isLinked": ""
                                                },
                                                "_element_width": "auto",
                                                "__globals__": {
                                                    "title_color": "globals\/colors?id=secondary",
                                                    "typography_typography": "globals\/typography?id=c66122b"
                                                },
                                                "_animation": "fadeInDown"
                                            },
                                            "elements": [],
                                            "isInner": false,
                                            "widgetType": "heading",
                                            "elType": "widget"
                                        },
                                        {
                                            "id": "4e774826",
                                            "settings": {
                                                "title": "What Our Customer Are Saying",
                                                "align": "left",
                                                "_margin": {
                                                    "unit": "px",
                                                    "top": "0",
                                                    "right": "0",
                                                    "bottom": "15",
                                                    "left": "0",
                                                    "isLinked": ""
                                                },
                                                "__globals__": {
                                                    "title_color": "globals\/colors?id=11258d5"
                                                },
                                                "align_mobile": "center",
                                                "_animation": "fadeInDown"
                                            },
                                            "elements": [],
                                            "isInner": false,
                                            "widgetType": "heading",
                                            "elType": "widget"
                                        },
                                        {
                                            "id": "36a64bee",
                                            "settings": {
                                                "__globals__": {
                                                    "text_color": "globals\/colors?id=11258d5"
                                                },
                                                "align_mobile": "center",
                                                "_animation": "fadeInDown"
                                            },
                                            "elements": [],
                                            "isInner": false,
                                            "widgetType": "text-editor",
                                            "elType": "widget"
                                        }
                                    ],
                                    "isInner": "1",
                                    "elType": "column"
                                },
                                {
                                    "id": "5a39a281",
                                    "settings": {
                                        "_column_size": "50",
                                        "_inline_size": "65"
                                    },
                                    "elements": [
                                        {
                                            "id": "29f69e4b",
                                            "settings": {
                                                "slides": [
                                                    {
                                                        "content": "Lorem ipsum dolor sit amet, consectetur adipiscing elit. Ut elit tellus, luctus nec ullamcorper mattis, pulvinar dapibus leo.",
                                                        "name": "Max Schummacher",
                                                        "title": "Content Creator",
                                                        "image": {
                                                            "url": "https:\/\/tkpro-demo2.envalab.com\/13\/wp-content\/uploads\/sites\/14\/2022\/03\/Image-BDAU9DK.jpg",
                                                            "id": "719",
                                                            "alt": "",
                                                            "source": "library"
                                                        },
                                                        "_id": "81f5728"
                                                    },
                                                    {
                                                        "content": "Lorem ipsum dolor sit amet, consectetur adipiscing elit. Ut elit tellus, luctus nec ullamcorper mattis, pulvinar dapibus leo.",
                                                        "name": "Dani Pedrosa",
                                                        "title": "Business Owner",
                                                        "image": {
                                                            "url": "https:\/\/tkpro-demo2.envalab.com\/13\/wp-content\/uploads\/sites\/14\/2022\/03\/Image-PX3MUP4.jpg",
                                                            "id": "723",
                                                            "alt": "",
                                                            "source": "library"
                                                        },
                                                        "_id": "cd2a429"
                                                    },
                                                    {
                                                        "content": "Lorem ipsum dolor sit amet, consectetur adipiscing elit. Ut elit tellus, luctus nec ullamcorper mattis, pulvinar dapibus leo.",
                                                        "name": "Verstappen",
                                                        "title": "Car Racing",
                                                        "image": {
                                                            "url": "https:\/\/tkpro-demo2.envalab.com\/13\/wp-content\/uploads\/sites\/14\/2022\/03\/Image-FXXXGY4.jpg",
                                                            "id": "720",
                                                            "alt": "",
                                                            "source": "library"
                                                        },
                                                        "_id": "259792d"
                                                    }
                                                ],
                                                "layout": "image_above",
                                                "slides_per_view": "3",
                                                "width": {
                                                    "unit": "%",
                                                    "size": "100",
                                                    "sizes": []
                                                },
                                                "show_arrows": "",
                                                "slide_background_color": "#FFFFFF",
                                                "content_color": "#6F6F6F",
                                                "content_typography_typography": "custom",
                                                "content_typography_font_family": "Source Sans Pro",
                                                "content_typography_font_size": {
                                                    "unit": "px",
                                                    "size": "16",
                                                    "sizes": []
                                                },
                                                "content_typography_font_weight": "400",
                                                "content_typography_text_transform": "none",
                                                "content_typography_font_style": "normal",
                                                "content_typography_line_height": {
                                                    "unit": "em",
                                                    "size": "1.5",
                                                    "sizes": []
                                                },
                                                "name_color": "#222732",
                                                "name_typography_typography": "custom",
                                                "name_typography_font_family": "Source Sans Pro",
                                                "name_typography_font_size": {
                                                    "unit": "px",
                                                    "size": "15",
                                                    "sizes": []
                                                },
                                                "name_typography_font_weight": "600",
                                                "name_typography_text_transform": "capitalize",
                                                "name_typography_line_height": {
                                                    "unit": "em",
                                                    "size": "1.5",
                                                    "sizes": []
                                                },
                                                "name_typography_word_spacing": {
                                                    "unit": "em",
                                                    "size": "",
                                                    "sizes": []
                                                },
                                                "title_color": "#FF4605",
                                                "title_typography_typography": "custom",
                                                "title_typography_font_family": "Source Sans Pro",
                                                "title_typography_font_size": {
                                                    "unit": "px",
                                                    "size": "14",
                                                    "sizes": []
                                                },
                                                "title_typography_font_weight": "600",
                                                "title_typography_text_transform": "capitalize",
                                                "image_size": {
                                                    "unit": "px",
                                                    "size": "157",
                                                    "sizes": []
                                                },
                                                "image_border_radius": {
                                                    "unit": "px",
                                                    "size": "0",
                                                    "sizes": []
                                                },
                                                "pagination_color_inactive": "#EFF3FA",
                                                "pagination_color": "#FFFFFF",
                                                "__globals__": {
                                                    "content_color": "globals\/colors?id=primary",
                                                    "content_typography_typography": "",
                                                    "name_color": "globals\/colors?id=accent",
                                                    "name_typography_typography": "globals\/typography?id=578c520",
                                                    "title_color": "globals\/colors?id=primary",
                                                    "title_typography_typography": "globals\/typography?id=primary",
                                                    "slide_background_color": "globals\/colors?id=11258d5",
                                                    "pagination_color_inactive": "globals\/colors?id=11258d5",
                                                    "pagination_color": "globals\/colors?id=secondary"
                                                },
                                                "alignment_mobile": "center",
                                                "pagination": "progressbar",
                                                "slides_per_view_tablet": "2"
                                            },
                                            "elements": [],
                                            "isInner": false,
                                            "widgetType": "testimonial-carousel",
                                            "elType": "widget"
                                        }
                                    ],
                                    "isInner": "1",
                                    "elType": "column"
                                }
                            ],
                            "isInner": "1",
                            "elType": "section"
                        }
                    ],
                    "isInner": "",
                    "elType": "column"
                }
            ],
            "isInner": "",
            "elType": "section"
        },
        {
            "id": "35711c9d",
            "settings": {
                "gap": "wider",
                "padding": {
                    "unit": "px",
                    "top": "90",
                    "right": "0",
                    "bottom": "90",
                    "left": "0",
                    "isLinked": ""
                },
                "padding_mobile": {
                    "unit": "px",
                    "top": "45",
                    "right": "0",
                    "bottom": "45",
                    "left": "0",
                    "isLinked": ""
                },
                "padding_tablet": {
                    "unit": "px",
                    "top": "45",
                    "right": "0",
                    "bottom": "45",
                    "left": "0",
                    "isLinked": ""
                }
            },
            "elements": [
                {
                    "id": "3384a977",
                    "settings": {
                        "_column_size": "100",
                        "align": "center"
                    },
                    "elements": [
                        {
                            "id": "682f2f62",
                            "settings": {
                                "title": "FAQ",
                                "header_size": "div",
                                "_margin": {
                                    "unit": "px",
                                    "top": "0",
                                    "right": "0",
                                    "bottom": "15",
                                    "left": "0",
                                    "isLinked": ""
                                },
                                "_element_width": "auto",
                                "__globals__": {
                                    "title_color": "globals\/colors?id=secondary",
                                    "typography_typography": "globals\/typography?id=c66122b"
                                }
                            },
                            "elements": [],
                            "isInner": false,
                            "widgetType": "heading",
                            "elType": "widget"
                        },
                        {
                            "id": "6d2d6b26",
                            "settings": {
                                "title": "Have Any Questions ?",
                                "align": "center",
                                "_margin": {
                                    "unit": "px",
                                    "top": "0",
                                    "right": "0",
                                    "bottom": "15",
                                    "left": "0",
                                    "isLinked": ""
                                }
                            },
                            "elements": [],
                            "isInner": false,
                            "widgetType": "heading",
                            "elType": "widget"
                        },
                        {
                            "id": "39978c5a",
                            "settings": {
                                "structure": "30"
                            },
                            "elements": [
                                {
                                    "id": "152c683f",
                                    "settings": {
                                        "_column_size": "33"
                                    },
                                    "elements": [
                                        {
                                            "id": "753b1e64",
                                            "settings": {
                                                "tabs": [
                                                    {
                                                        "tab_title": "Vivamus magna justo",
                                                        "tab_content": "Lorem ipsum dolor sit amet, consectetur adipiscing elit. Ut elit tellus, luctus nec ullamcorper mattis, pulvinar dapibus leo.",
                                                        "_id": "5fc0333"
                                                    },
                                                    {
                                                        "tab_title": "Donec sollicitudin molestie",
                                                        "tab_content": "Lorem ipsum dolor sit amet, consectetur adipiscing elit. Ut elit tellus, luctus nec ullamcorper mattis, pulvinar dapibus leo.",
                                                        "_id": "f02ac2f"
                                                    },
                                                    {
                                                        "tab_title": "Praesent sapien massa",
                                                        "tab_content": "Lorem ipsum dolor sit amet, consectetur adipiscing elit. Ut elit tellus, luctus nec ullamcorper mattis, pulvinar dapibus leo.",
                                                        "_id": "01c350a"
                                                    },
                                                    {
                                                        "tab_title": "Curabitur aliquet quam",
                                                        "tab_content": "Lorem ipsum dolor sit amet, consectetur adipiscing elit. Ut elit tellus, luctus nec ullamcorper mattis, pulvinar dapibus leo.",
                                                        "_id": "6c5ab26"
                                                    }
                                                ],
                                                "space_between": {
                                                    "unit": "px",
                                                    "size": "0",
                                                    "sizes": []
                                                },
                                                "icon_space": {
                                                    "unit": "px",
                                                    "size": "10",
                                                    "sizes": []
                                                },
                                                "__globals__": {
                                                    "title_color": "globals\/colors?id=f718a60",
                                                    "tab_active_color": "globals\/colors?id=secondary",
                                                    "title_typography_typography": "globals\/typography?id=cc60d8e",
                                                    "content_typography_typography": "globals\/typography?id=text"
                                                }
                                            },
                                            "elements": [],
                                            "isInner": false,
                                            "widgetType": "toggle",
                                            "elType": "widget"
                                        }
                                    ],
                                    "isInner": "1",
                                    "elType": "column"
                                },
                                {
                                    "id": "3bb4173d",
                                    "settings": {
                                        "_column_size": "33"
                                    },
                                    "elements": [
                                        {
                                            "id": "6362eeca",
                                            "settings": {
                                                "tabs": [
                                                    {
                                                        "tab_title": "Vivamus magna justo",
                                                        "tab_content": "Lorem ipsum dolor sit amet, consectetur adipiscing elit. Ut elit tellus, luctus nec ullamcorper mattis, pulvinar dapibus leo.",
                                                        "_id": "5fc0333"
                                                    },
                                                    {
                                                        "tab_title": "Donec sollicitudin molestie",
                                                        "tab_content": "Lorem ipsum dolor sit amet, consectetur adipiscing elit. Ut elit tellus, luctus nec ullamcorper mattis, pulvinar dapibus leo.",
                                                        "_id": "f02ac2f"
                                                    },
                                                    {
                                                        "tab_title": "Praesent sapien massa",
                                                        "tab_content": "Lorem ipsum dolor sit amet, consectetur adipiscing elit. Ut elit tellus, luctus nec ullamcorper mattis, pulvinar dapibus leo.",
                                                        "_id": "01c350a"
                                                    },
                                                    {
                                                        "tab_title": "Curabitur aliquet quam",
                                                        "tab_content": "Lorem ipsum dolor sit amet, consectetur adipiscing elit. Ut elit tellus, luctus nec ullamcorper mattis, pulvinar dapibus leo.",
                                                        "_id": "6c5ab26"
                                                    }
                                                ],
                                                "space_between": {
                                                    "unit": "px",
                                                    "size": "0",
                                                    "sizes": []
                                                },
                                                "icon_space": {
                                                    "unit": "px",
                                                    "size": "10",
                                                    "sizes": []
                                                },
                                                "__globals__": {
                                                    "title_color": "globals\/colors?id=f718a60",
                                                    "tab_active_color": "globals\/colors?id=secondary",
                                                    "title_typography_typography": "globals\/typography?id=cc60d8e",
                                                    "content_typography_typography": "globals\/typography?id=text"
                                                }
                                            },
                                            "elements": [],
                                            "isInner": false,
                                            "widgetType": "toggle",
                                            "elType": "widget"
                                        }
                                    ],
                                    "isInner": "1",
                                    "elType": "column"
                                },
                                {
                                    "id": "31833f44",
                                    "settings": {
                                        "_column_size": "33"
                                    },
                                    "elements": [
                                        {
                                            "id": "152be409",
                                            "settings": {
                                                "tabs": [
                                                    {
                                                        "tab_title": "Vivamus magna justo",
                                                        "tab_content": "Lorem ipsum dolor sit amet, consectetur adipiscing elit. Ut elit tellus, luctus nec ullamcorper mattis, pulvinar dapibus leo.",
                                                        "_id": "5fc0333"
                                                    },
                                                    {
                                                        "tab_title": "Donec sollicitudin molestie",
                                                        "tab_content": "Lorem ipsum dolor sit amet, consectetur adipiscing elit. Ut elit tellus, luctus nec ullamcorper mattis, pulvinar dapibus leo.",
                                                        "_id": "f02ac2f"
                                                    },
                                                    {
                                                        "tab_title": "Praesent sapien massa",
                                                        "tab_content": "Lorem ipsum dolor sit amet, consectetur adipiscing elit. Ut elit tellus, luctus nec ullamcorper mattis, pulvinar dapibus leo.",
                                                        "_id": "01c350a"
                                                    },
                                                    {
                                                        "tab_title": "Curabitur aliquet quam",
                                                        "tab_content": "Lorem ipsum dolor sit amet, consectetur adipiscing elit. Ut elit tellus, luctus nec ullamcorper mattis, pulvinar dapibus leo.",
                                                        "_id": "6c5ab26"
                                                    }
                                                ],
                                                "space_between": {
                                                    "unit": "px",
                                                    "size": "0",
                                                    "sizes": []
                                                },
                                                "icon_space": {
                                                    "unit": "px",
                                                    "size": "10",
                                                    "sizes": []
                                                },
                                                "__globals__": {
                                                    "title_color": "globals\/colors?id=f718a60",
                                                    "tab_active_color": "globals\/colors?id=secondary",
                                                    "title_typography_typography": "globals\/typography?id=cc60d8e",
                                                    "content_typography_typography": "globals\/typography?id=text"
                                                }
                                            },
                                            "elements": [],
                                            "isInner": false,
                                            "widgetType": "toggle",
                                            "elType": "widget"
                                        }
                                    ],
                                    "isInner": "1",
                                    "elType": "column"
                                }
                            ],
                            "isInner": "1",
                            "elType": "section"
                        }
                    ],
                    "isInner": "",
                    "elType": "column"
                }
            ],
            "isInner": "",
            "elType": "section"
        }
    ],
    "page_settings": {
        "hide_title": "yes",
        "template": "elementor_header_footer"
    }
}