{"content":[{"id":"9d2b2af","settings":{"height":"min-height","background_background":"classic","background_image":{"id":"3476","url":"https:\/\/cliente.shazamlnv.com\/setasolar\/wp-content\/uploads\/2022\/04\/web-agency-bg2.jpg"},"shape_divider_bottom_width":{"unit":"%","size":106},"shape_divider_bottom_height":{"unit":"px","size":340},"shape_divider_bottom_negative":"yes","custom_height":{"unit":"vh","size":80},"background_position":"center center","background_repeat":"no-repeat","background_size":"cover","shape_divider_bottom":"curve","shape_divider_bottom_color":"#4C24CB","shape_divider_bottom_flip":"yes","padding":{"unit":"px","top":"80","right":"0","bottom":"60","left":"0","isLinked":false},"shape_divider_bottom_width_mobile":{"unit":"%","size":261},"shape_divider_bottom_height_tablet":{"unit":"px","size":262},"html_tag":"header","padding_tablet":{"unit":"em","top":"5","right":"2","bottom":"5","left":"2","isLinked":false},"padding_mobile":{"unit":"em","top":"3","right":"1","bottom":"3","left":"1","isLinked":false},"background_overlay_background":"gradient","background_overlay_color":"#4E6DFF","background_overlay_color_b":"#FF2424","background_attachment":"fixed","background_overlay_opacity":{"unit":"px","size":0.63000000000000000444089209850062616169452667236328125,"sizes":[]}},"elements":[{"id":"7c4886de","settings":{"_column_size":100,"_inline_size":null},"elements":[{"id":"178204ac","settings":{"style":"wavy","weight":{"unit":"px","size":6},"color":"#E92E93","width":{"unit":"px","size":128},"gap":{"unit":"px","size":2},"align":"center","text":"Divider"},"elements":[],"isInner":false,"widgetType":"divider","elType":"widget"},{"id":"7dfbba75","settings":{"title":"WELCOME TO","align":"center","title_color":"#FFFFFF","typography_typography":"custom","typography_font_size":{"unit":"px","size":16},"typography_font_weight":"bold","typography_letter_spacing":{"unit":"px","size":6},"_margin":{"unit":"px","top":"-12","right":"0","bottom":"-12","left":"0","isLinked":false},"_padding":{"unit":"px","top":"0","right":"0","bottom":"0","left":"10","isLinked":false},"typography_text_transform":"uppercase"},"elements":[],"isInner":false,"widgetType":"heading","elType":"widget"},{"id":"69e74ea1","settings":{"style":"wavy","weight":{"unit":"px","size":6},"color":"#E92E93","width":{"unit":"px","size":128},"gap":{"unit":"px","size":2},"align":"center","text":"Divider"},"elements":[],"isInner":false,"widgetType":"divider","elType":"widget"},{"id":"5097a86e","settings":{"title":"Creative Agency","align":"center","title_color":"#FFFFFF","typography_typography":"custom","typography_font_size":{"unit":"px","size":124},"typography_font_weight":"900","typography_letter_spacing":{"unit":"px","size":-2},"text_shadow_text_shadow_type":"yes","text_shadow_text_shadow":{"horizontal":2,"vertical":6,"blur":0,"color":"#d8d8d8"},"_margin":{"unit":"px","top":"0","right":"0","bottom":"50","left":"0","isLinked":false},"typography_font_size_mobile":{"unit":"rem","size":5},"header_size":"h1","_animation":"fadeIn"},"elements":[],"isInner":false,"widgetType":"heading","elType":"widget"},{"id":"447c4a0f","settings":{"align":"center","text_color":"#FFFFFF","typography_typography":"custom","typography_font_size":{"unit":"rem","size":1.399999999999999911182158029987476766109466552734375},"typography_font_weight":"600","typography_letter_spacing":{"unit":"px","size":""},"typography_line_height":{"unit":"em","size":""},"editor":"<p>Lorem ipsum dolor sit amet, consectetur adipiscing elit. Ut elit tellus, luctus nec ullamcorper mattis, pulvinar dapibus leo.&nbsp;<\/p>","_padding":{"unit":"%","top":"0","right":"19","bottom":"0","left":"19","isLinked":false},"_padding_mobile":{"unit":"px","top":"0","right":"0","bottom":"0","left":"0","isLinked":true},"typography_font_size_mobile":{"unit":"rem","size":0.90000000000000002220446049250313080847263336181640625}},"elements":[],"isInner":false,"widgetType":"text-editor","elType":"widget"},{"id":"51a6d740","settings":{"text":"what We do","typography_typography":"custom","typography_font_family":"Source Sans Pro","typography_font_size":{"unit":"px","size":18},"typography_font_weight":"bold","typography_text_decoration":"none","typography_line_height":{"unit":"em","size":1.399999999999999911182158029987476766109466552734375},"typography_letter_spacing":{"unit":"px","size":3},"button_text_color":"#ffffff","background_color":"#4C24CB","border_width":{"unit":"px","top":"1","right":"1","bottom":"1","left":"1","isLinked":true},"border_color":"rgba(255,255,255,0.4)","border_radius":{"unit":"px","top":"60","right":"60","bottom":"60","left":"60","isLinked":true},"button_box_shadow_box_shadow":{"horizontal":6,"vertical":6,"blur":100,"spread":19,"color":"rgba(0,0,0,0.29)"},"text_padding":{"unit":"px","top":"16","right":"26","bottom":"16","left":"26","isLinked":false},"_margin":{"unit":"px","top":"0","right":"0","bottom":"0","left":"0","isLinked":false},"_padding":{"unit":"px","top":"0","right":"0","bottom":"0","left":"0","isLinked":false},"align":"center","icon":"fa fa-arrow-down","icon_align":"right","link":{"url":"#services","is_external":"","nofollow":""},"align_mobile":"justify","typography_font_size_mobile":{"unit":"px","size":13},"typography_text_transform":"uppercase","text_padding_mobile":{"unit":"px","top":"15","right":"15","bottom":"15","left":"15","isLinked":true},"_animation":"zoomIn","_css_classes":"envato-kit-38-radial-out","selected_icon":{"value":"fas fa-arrow-down","library":"fa-solid"}},"elements":[],"isInner":false,"widgetType":"button","elType":"widget"}],"isInner":false,"elType":"column"}],"isInner":false,"elType":"section"},{"id":"165a6d0b","settings":{"background_background":"gradient","background_color":"#4C24CB","background_repeat":"no-repeat","background_size":"contain","padding":{"unit":"em","top":"6","right":"0","bottom":"0","left":"0","isLinked":false},"background_color_b":"#441845","background_overlay_background":"classic","background_overlay_image":{"id":"3477","url":"https:\/\/cliente.shazamlnv.com\/setasolar\/wp-content\/uploads\/2022\/04\/bg-png5.png"},"background_overlay_position":"center center","background_overlay_opacity":{"unit":"px","size":1},"shape_divider_bottom":"curve","shape_divider_bottom_width":{"unit":"%","size":106},"shape_divider_bottom_height":{"unit":"px","size":230},"shape_divider_bottom_color":"#E92E93","background_overlay_size":"auto","shape_divider_bottom_width_mobile":{"unit":"%","size":214},"content_position":"middle","background_overlay_repeat":"no-repeat","shape_divider_bottom_height_mobile":{"unit":"px","size":477},"padding_mobile":{"unit":"em","top":"3","right":"1","bottom":"0","left":"1","isLinked":false},"_element_id":"services","padding_tablet":{"unit":"em","top":"5","right":"2","bottom":"5","left":"2","isLinked":false}},"elements":[{"id":"3f098178","settings":{"_column_size":100,"_inline_size":null},"elements":[{"id":"3a9ffe00","settings":{"title":"What we can do for you ","align":"center","title_color":"#ffffff","typography_typography":"custom","typography_font_family":"Source Sans Pro","typography_font_size":{"unit":"px","size":76},"typography_font_weight":"900","typography_letter_spacing":{"unit":"px","size":-5},"text_shadow_text_shadow":{"horizontal":0,"vertical":0,"blur":4,"color":"rgba(0,0,0,0.2)"},"typography_font_size_mobile":{"unit":"rem","size":2.70000000000000017763568394002504646778106689453125},"align_mobile":"center","typography_font_size_tablet":{"unit":"px","size":60},"typography_line_height":{"unit":"px","size":90},"typography_line_height_tablet":{"unit":"em","size":1.100000000000000088817841970012523233890533447265625},"typography_letter_spacing_tablet":{"unit":"px","size":-1.5},"_margin":{"unit":"px","top":"0","right":"0","bottom":"0","left":"0","isLinked":false},"_animation":"fadeIn","typography_text_transform":"capitalize","_animation_delay":400},"elements":[],"isInner":false,"widgetType":"heading","elType":"widget"},{"id":"7e9557b3","settings":{"structure":"30","padding":{"unit":"px","top":"80","right":"0","bottom":"30","left":"0","isLinked":false},"content_position":"top","padding_mobile":{"unit":"px","top":"0","right":"0","bottom":"0","left":"0","isLinked":true}},"elements":[{"id":"3a102d79","settings":{"_column_size":33,"_inline_size":null,"background_background":"classic","background_color":"#ffffff","margin":{"unit":"px","top":"5","right":"5","bottom":"5","left":"5","isLinked":true},"padding":{"unit":"em","top":"2","right":"2","bottom":"2","left":"2","isLinked":true},"animation":"fadeIn","animation_delay":200,"box_shadow_hover_box_shadow":{"horizontal":6,"vertical":5,"blur":19,"spread":9,"color":"rgba(0,0,0,0.38)"},"border_radius":{"unit":"px","top":"6","right":"6","bottom":"6","left":"6","isLinked":true},"padding_tablet":{"unit":"em","top":"1","right":"1","bottom":"1","left":"1","isLinked":true},"padding_mobile":{"unit":"em","top":"2","right":"2","bottom":"2","left":"2","isLinked":true}},"elements":[{"id":"173d5da7","settings":{"icon":"fa fa-bold","primary_color":"#3d3aeb","size":{"unit":"px","size":78},"align":"left","hover_animation":"grow","align_mobile":"center"},"elements":[],"isInner":false,"widgetType":"icon","elType":"widget"},{"id":"2b5b0cdf","settings":{"title":"branding","align":"left","typography_font_family":"Source Sans Pro","typography_font_size":{"unit":"px","size":25},"typography_font_weight":"bold","typography_text_transform":"uppercase","typography_line_height":{"unit":"em","size":0.90000000000000002220446049250313080847263336181640625},"typography_letter_spacing":{"unit":"px","size":6},"_margin":{"unit":"px","top":"0","right":"0","bottom":"0","left":"0","isLinked":false},"_padding":{"unit":"px","top":"0","right":"0","bottom":"0","left":"0","isLinked":false},"typography_font_size_tablet":{"unit":"rem","size":1.3000000000000000444089209850062616169452667236328125},"typography_letter_spacing_tablet":{"unit":"px","size":2},"header_size":"h3","align_mobile":"center","typography_typography":"custom"},"elements":[],"isInner":false,"widgetType":"heading","elType":"widget"},{"id":"576be372","settings":{"typography_typography":"custom","typography_font_size":{"unit":"rem","size":0.90000000000000002220446049250313080847263336181640625},"typography_line_height":{"unit":"em","size":1.600000000000000088817841970012523233890533447265625},"editor":"<p>Click edit button to change this text. Lorem ipsum dolor sit amet, consectetur adipiscing elit. Ut elit tellus, luctus nec ullamcorper mattis, pulvinar dapibus leo.<\/p>","align_mobile":"center","text_color":"#342562","typography_font_family":"Noto Sans","typography_font_size_tablet":{"unit":"rem","size":0.8000000000000000444089209850062616169452667236328125,"sizes":[]}},"elements":[],"isInner":false,"widgetType":"text-editor","elType":"widget"}],"isInner":true,"elType":"column"},{"id":"4afb3eb9","settings":{"_column_size":33,"_inline_size":null,"background_background":"classic","background_color":"#ffffff","margin":{"unit":"px","top":"5","right":"5","bottom":"5","left":"5","isLinked":true},"padding":{"unit":"em","top":"2","right":"2","bottom":"2","left":"2","isLinked":true},"animation":"fadeIn","animation_delay":200,"border_radius":{"unit":"px","top":"6","right":"6","bottom":"6","left":"6","isLinked":true},"box_shadow_hover_box_shadow":{"horizontal":6,"vertical":5,"blur":19,"spread":9,"color":"rgba(0,0,0,0.38)"},"padding_tablet":{"unit":"em","top":"1","right":"1","bottom":"1","left":"1","isLinked":true},"padding_mobile":{"unit":"em","top":"2","right":"2","bottom":"2","left":"2","isLinked":true}},"elements":[{"id":"47b9c6b2","settings":{"icon":"fa fa-bomb","primary_color":"#ff488a","size":{"unit":"px","size":78},"align":"left","hover_animation":"shrink","align_mobile":"center","selected_icon":{"value":"fas fa-bomb","library":"fa-solid"},"__fa4_migrated":{"selected_icon":true}},"elements":[],"isInner":false,"widgetType":"icon","elType":"widget"},{"id":"47a3ae16","settings":{"title":"Illustrations","align":"left","typography_typography":"custom","typography_font_family":"Source Sans Pro","typography_font_size":{"unit":"px","size":25},"typography_font_weight":"bold","typography_letter_spacing":{"unit":"px","size":6},"typography_font_size_tablet":{"unit":"rem","size":1.3000000000000000444089209850062616169452667236328125},"typography_text_transform":"uppercase","typography_line_height":{"unit":"em","size":0.90000000000000002220446049250313080847263336181640625},"typography_letter_spacing_tablet":{"unit":"px","size":2},"_margin":{"unit":"px","top":"0","right":"0","bottom":"0","left":"0","isLinked":false},"_padding":{"unit":"px","top":"0","right":"0","bottom":"0","left":"0","isLinked":false},"header_size":"h3","align_mobile":"center"},"elements":[],"isInner":false,"widgetType":"heading","elType":"widget"},{"id":"3f930748","settings":{"typography_typography":"custom","typography_font_size":{"unit":"rem","size":0.90000000000000002220446049250313080847263336181640625},"typography_line_height":{"unit":"em","size":1.600000000000000088817841970012523233890533447265625},"align_mobile":"center","text_color":"#342562","typography_font_family":"Noto Sans","typography_font_size_tablet":{"unit":"rem","size":0.8000000000000000444089209850062616169452667236328125,"sizes":[]}},"elements":[],"isInner":false,"widgetType":"text-editor","elType":"widget"}],"isInner":true,"elType":"column"},{"id":"5b3da277","settings":{"_column_size":33,"_inline_size":null,"background_background":"classic","background_color":"#ffffff","margin":{"unit":"px","top":"5","right":"5","bottom":"5","left":"5","isLinked":true},"padding":{"unit":"em","top":"2","right":"2","bottom":"2","left":"2","isLinked":true},"animation":"fadeIn","animation_delay":200,"border_radius":{"unit":"px","top":"6","right":"6","bottom":"6","left":"6","isLinked":true},"box_shadow_hover_box_shadow":{"horizontal":6,"vertical":5,"blur":19,"spread":9,"color":"rgba(0,0,0,0.38)"},"padding_tablet":{"unit":"em","top":"1","right":"1","bottom":"1","left":"1","isLinked":true},"padding_mobile":{"unit":"em","top":"2","right":"2","bottom":"2","left":"2","isLinked":true}},"elements":[{"id":"6f5403e9","settings":{"icon":"fa fa-bullhorn","primary_color":"#7a28ed","size":{"unit":"px","size":78},"align":"left","hover_animation":"pulse-grow","align_mobile":"center"},"elements":[],"isInner":false,"widgetType":"icon","elType":"widget"},{"id":"6aed8ef4","settings":{"title":"Marketing","align":"left","typography_typography":"custom","typography_font_size":{"unit":"px","size":25},"typography_font_weight":"bold","typography_letter_spacing":{"unit":"px","size":6},"typography_font_size_tablet":{"unit":"rem","size":1.3000000000000000444089209850062616169452667236328125},"typography_text_transform":"uppercase","typography_line_height":{"unit":"em","size":0.90000000000000002220446049250313080847263336181640625},"typography_letter_spacing_tablet":{"unit":"px","size":2},"_margin":{"unit":"px","top":"0","right":"0","bottom":"0","left":"0","isLinked":false},"_padding":{"unit":"px","top":"0","right":"0","bottom":"0","left":"0","isLinked":false},"header_size":"h3","align_mobile":"center","typography_font_family":"Source Sans Pro"},"elements":[],"isInner":false,"widgetType":"heading","elType":"widget"},{"id":"43e43110","settings":{"typography_typography":"custom","typography_font_size":{"unit":"rem","size":0.90000000000000002220446049250313080847263336181640625},"typography_line_height":{"unit":"em","size":1.600000000000000088817841970012523233890533447265625},"align_mobile":"center","text_color":"#342562","typography_font_family":"Noto Sans","typography_font_size_tablet":{"unit":"rem","size":0.8000000000000000444089209850062616169452667236328125,"sizes":[]}},"elements":[],"isInner":false,"widgetType":"text-editor","elType":"widget"}],"isInner":true,"elType":"column"}],"isInner":true,"elType":"section"},{"id":"29347091","settings":{"structure":"30","padding":{"unit":"px","top":"30","right":"0","bottom":"60","left":"0","isLinked":false},"content_position":"top","padding_mobile":{"unit":"px","top":"0","right":"0","bottom":"0","left":"0","isLinked":true}},"elements":[{"id":"a1783e1","settings":{"_column_size":33,"_inline_size":null,"background_background":"classic","background_color":"#ffffff","margin":{"unit":"px","top":"5","right":"5","bottom":"5","left":"5","isLinked":true},"padding":{"unit":"em","top":"2","right":"2","bottom":"2","left":"2","isLinked":true},"animation":"fadeIn","animation_delay":200,"border_radius":{"unit":"px","top":"6","right":"6","bottom":"6","left":"6","isLinked":true},"box_shadow_hover_box_shadow":{"horizontal":6,"vertical":5,"blur":19,"spread":9,"color":"rgba(0,0,0,0.38)"},"padding_tablet":{"unit":"em","top":"1","right":"1","bottom":"1","left":"1","isLinked":true},"padding_mobile":{"unit":"em","top":"2","right":"2","bottom":"2","left":"2","isLinked":true}},"elements":[{"id":"3a9ebe25","settings":{"icon":"fa fa-bolt","primary_color":"#ff488a","size":{"unit":"px","size":78},"align":"left","hover_animation":"pop","align_mobile":"center"},"elements":[],"isInner":false,"widgetType":"icon","elType":"widget"},{"id":"c16e8ef","settings":{"title":"SEO Strategy","align":"left","typography_typography":"custom","typography_font_family":"Source Sans Pro","typography_font_size":{"unit":"px","size":25},"typography_font_weight":"bold","typography_letter_spacing":{"unit":"px","size":6},"typography_font_size_tablet":{"unit":"rem","size":1.3000000000000000444089209850062616169452667236328125},"typography_text_transform":"uppercase","typography_line_height":{"unit":"em","size":0.90000000000000002220446049250313080847263336181640625},"typography_letter_spacing_tablet":{"unit":"px","size":2},"_margin":{"unit":"px","top":"0","right":"0","bottom":"0","left":"0","isLinked":false},"_padding":{"unit":"px","top":"0","right":"0","bottom":"0","left":"0","isLinked":false},"header_size":"h3","align_mobile":"center"},"elements":[],"isInner":false,"widgetType":"heading","elType":"widget"},{"id":"33bddfd8","settings":{"typography_typography":"custom","typography_font_size":{"unit":"rem","size":0.90000000000000002220446049250313080847263336181640625},"typography_line_height":{"unit":"em","size":1.600000000000000088817841970012523233890533447265625},"align_mobile":"center","text_color":"#342562","typography_font_family":"Noto Sans","typography_font_size_tablet":{"unit":"rem","size":0.8000000000000000444089209850062616169452667236328125,"sizes":[]}},"elements":[],"isInner":false,"widgetType":"text-editor","elType":"widget"}],"isInner":true,"elType":"column"},{"id":"482df173","settings":{"_column_size":33,"_inline_size":null,"background_background":"classic","background_color":"#ffffff","margin":{"unit":"px","top":"5","right":"5","bottom":"5","left":"5","isLinked":true},"padding":{"unit":"em","top":"2","right":"2","bottom":"2","left":"2","isLinked":true},"animation":"fadeIn","animation_delay":200,"border_radius":{"unit":"px","top":"6","right":"6","bottom":"6","left":"6","isLinked":true},"box_shadow_hover_box_shadow":{"horizontal":6,"vertical":5,"blur":19,"spread":9,"color":"rgba(0,0,0,0.38)"},"padding_tablet":{"unit":"em","top":"1","right":"1","bottom":"1","left":"1","isLinked":true},"padding_mobile":{"unit":"em","top":"2","right":"2","bottom":"2","left":"2","isLinked":true}},"elements":[{"id":"1652f875","settings":{"icon":"fa fa-braille","primary_color":"#7a28ed","size":{"unit":"px","size":78},"align":"left","hover_animation":"float","align_mobile":"center"},"elements":[],"isInner":false,"widgetType":"icon","elType":"widget"},{"id":"24918b08","settings":{"title":"UX & UI","align":"left","typography_typography":"custom","typography_font_family":"Source Sans Pro","typography_font_size":{"unit":"px","size":25},"typography_font_weight":"bold","typography_letter_spacing":{"unit":"px","size":6},"typography_font_size_tablet":{"unit":"rem","size":1.3000000000000000444089209850062616169452667236328125},"typography_text_transform":"uppercase","typography_line_height":{"unit":"em","size":0.90000000000000002220446049250313080847263336181640625},"typography_letter_spacing_tablet":{"unit":"px","size":2},"_margin":{"unit":"px","top":"0","right":"0","bottom":"0","left":"0","isLinked":false},"_padding":{"unit":"px","top":"0","right":"0","bottom":"0","left":"0","isLinked":false},"header_size":"h3","align_mobile":"center"},"elements":[],"isInner":false,"widgetType":"heading","elType":"widget"},{"id":"a360b4e","settings":{"typography_typography":"custom","typography_font_size":{"unit":"rem","size":0.90000000000000002220446049250313080847263336181640625},"typography_line_height":{"unit":"em","size":1.600000000000000088817841970012523233890533447265625},"align_mobile":"center","text_color":"#342562","typography_font_family":"Noto Sans","typography_font_size_tablet":{"unit":"rem","size":0.8000000000000000444089209850062616169452667236328125,"sizes":[]}},"elements":[],"isInner":false,"widgetType":"text-editor","elType":"widget"}],"isInner":true,"elType":"column"},{"id":"4acc95df","settings":{"_column_size":33,"_inline_size":null,"background_background":"classic","background_color":"#ffffff","margin":{"unit":"px","top":"5","right":"5","bottom":"5","left":"5","isLinked":true},"padding":{"unit":"em","top":"2","right":"2","bottom":"2","left":"2","isLinked":true},"animation":"fadeIn","animation_delay":200,"border_radius":{"unit":"px","top":"6","right":"6","bottom":"6","left":"6","isLinked":true},"box_shadow_hover_box_shadow":{"horizontal":6,"vertical":5,"blur":19,"spread":9,"color":"rgba(0,0,0,0.38)"},"padding_tablet":{"unit":"em","top":"1","right":"1","bottom":"1","left":"1","isLinked":true},"padding_mobile":{"unit":"em","top":"2","right":"2","bottom":"2","left":"2","isLinked":true}},"elements":[{"id":"606473a2","settings":{"icon":"fa fa-bug","primary_color":"#3d3aeb","size":{"unit":"px","size":78},"align":"left","hover_animation":"shrink","align_mobile":"center"},"elements":[],"isInner":false,"widgetType":"icon","elType":"widget"},{"id":"639b0d4b","settings":{"title":"Web Security","align":"left","typography_typography":"custom","typography_font_family":"Source Sans Pro","typography_font_size":{"unit":"px","size":25},"typography_font_weight":"bold","typography_letter_spacing":{"unit":"px","size":6},"typography_font_size_tablet":{"unit":"px","size":21},"typography_text_transform":"uppercase","typography_line_height":{"unit":"em","size":0.90000000000000002220446049250313080847263336181640625},"typography_letter_spacing_tablet":{"unit":"px","size":2},"_margin":{"unit":"px","top":"0","right":"0","bottom":"0","left":"0","isLinked":false},"_padding":{"unit":"px","top":"0","right":"0","bottom":"0","left":"0","isLinked":false},"header_size":"h3","align_mobile":"center"},"elements":[],"isInner":false,"widgetType":"heading","elType":"widget"},{"id":"10031817","settings":{"typography_typography":"custom","typography_font_size":{"unit":"rem","size":0.90000000000000002220446049250313080847263336181640625},"typography_line_height":{"unit":"em","size":1.600000000000000088817841970012523233890533447265625},"align_mobile":"center","text_color":"#342562","typography_font_family":"Noto Sans","typography_font_size_tablet":{"unit":"rem","size":0.8000000000000000444089209850062616169452667236328125,"sizes":[]}},"elements":[],"isInner":false,"widgetType":"text-editor","elType":"widget"}],"isInner":true,"elType":"column"}],"isInner":true,"elType":"section"},{"id":"2fb02543","settings":{"margin":{"unit":"px","top":"0","right":0,"bottom":"0","left":0,"isLinked":true},"padding":{"unit":"em","top":"0","right":"0","bottom":"0","left":"0","isLinked":false},"padding_mobile":{"unit":"em","top":"2","right":"0","bottom":"2","left":"0","isLinked":false},"content_position":"middle"},"elements":[{"id":"3f44c86","settings":{"_column_size":100,"_inline_size":null,"content_position":"center","margin":{"unit":"px","top":"0","right":"0","bottom":"0","left":"0","isLinked":true},"padding":{"unit":"px","top":"0","right":"0","bottom":"0","left":"0","isLinked":true}},"elements":[{"id":"18a92d49","settings":{"text":"Want to hire us?","typography_typography":"custom","typography_font_family":"Source Sans Pro","typography_font_size":{"unit":"px","size":18},"typography_font_weight":"bold","typography_text_decoration":"none","typography_line_height":{"unit":"em","size":1.399999999999999911182158029987476766109466552734375},"typography_letter_spacing":{"unit":"px","size":3},"button_text_color":"#ffffff","background_color":"#4C24CB","border_width":{"unit":"px","top":"1","right":"1","bottom":"1","left":"1","isLinked":true},"border_color":"rgba(255,255,255,0.4)","border_radius":{"unit":"px","top":"60","right":"60","bottom":"60","left":"60","isLinked":true},"button_box_shadow_box_shadow_type":"yes","button_box_shadow_box_shadow":{"horizontal":6,"vertical":6,"blur":100,"spread":19,"color":"rgba(0,0,0,0.29)"},"text_padding":{"unit":"px","top":"16","right":"26","bottom":"16","left":"26","isLinked":false},"_margin":{"unit":"px","top":"0","right":"0","bottom":"0","left":"0","isLinked":false},"_padding":{"unit":"px","top":"0","right":"0","bottom":"0","left":"0","isLinked":false},"align":"center","align_mobile":"justify","typography_font_size_mobile":{"unit":"px","size":13},"typography_text_transform":"uppercase","text_padding_mobile":{"unit":"px","top":"15","right":"15","bottom":"15","left":"15","isLinked":true},"_animation":"zoomIn","_css_classes":"envato-kit-38-radial-out","_z_index":2},"elements":[],"isInner":false,"widgetType":"button","elType":"widget"}],"isInner":true,"elType":"column"}],"isInner":true,"elType":"section"}],"isInner":false,"elType":"column"}],"isInner":false,"elType":"section"},{"id":"7861a1f","settings":{"background_background":"classic","background_color":"#E92E93","background_repeat":"no-repeat","background_size":"contain","padding":{"unit":"em","top":"4","right":"0","bottom":"0","left":"0","isLinked":false},"shape_divider_top_color":"#000000","shape_divider_top_height":{"unit":"px","size":62},"shape_divider_top_negative":"yes","background_color_b":"#004cbf","background_color_b_stop":{"unit":"%","size":60},"background_overlay_opacity":{"unit":"px","size":0.85999999999999998667732370449812151491641998291015625},"shape_divider_bottom_width":{"unit":"%","size":102},"shape_divider_bottom_height":{"unit":"px","size":257},"shape_divider_bottom_flip":"yes","shape_divider_bottom_negative":"yes","shape_divider_bottom_width_mobile":{"unit":"%","size":177},"background_overlay_size":"cover","_element_id":"ourworks","gap":"no","column_position":"bottom","margin":{"unit":"px","top":"0","right":0,"bottom":"-33","left":0,"isLinked":false},"margin_mobile":{"unit":"px","top":"0","right":0,"bottom":"0","left":0,"isLinked":false},"padding_tablet":{"unit":"em","top":"5","right":"2","bottom":"5","left":"2","isLinked":false},"padding_mobile":{"unit":"em","top":"0","right":"1","bottom":"1","left":"1","isLinked":false}},"elements":[{"id":"77f51208","settings":{"_column_size":100,"_inline_size":null,"content_position":"top","margin":{"unit":"px","top":"0","right":"0","bottom":"0","left":"0","isLinked":true},"margin_tablet":{"unit":"px","top":"0","right":"0","bottom":"0","left":"0","isLinked":true},"margin_mobile":{"unit":"px","top":"0","right":"0","bottom":"0","left":"0","isLinked":true},"padding":{"unit":"px","top":"0","right":"0","bottom":"0","left":"0","isLinked":true},"padding_tablet":{"unit":"px","top":"0","right":"0","bottom":"0","left":"0","isLinked":true},"padding_mobile":{"unit":"px","top":"0","right":"0","bottom":"0","left":"0","isLinked":true},"background_background":"classic","background_color":"#FFFFFF","border_radius":{"unit":"px","top":"11","right":"11","bottom":"11","left":"11","isLinked":true}},"elements":[{"id":"415a249e","settings":{"slides":[{"content":"Lorem ipsum dolor sit amet, consectetur adipiscing elit. Ut elit tellus, luctus nec ullamcorper mattis, pulvinar dapibus leo.","name":"John Doe","title":"CEO","image":{"id":"3478","url":"https:\/\/cliente.shazamlnv.com\/setasolar\/wp-content\/uploads\/2022\/04\/pexels-photo-939817.jpeg"},"_id":"034c797"},{"content":"Lorem ipsum dolor sit amet, consectetur adipiscing elit. Ut elit tellus, luctus nec ullamcorper mattis, pulvinar dapibus leo.","name":"John Doe","title":"CEO","image":{"id":"3479","url":"https:\/\/cliente.shazamlnv.com\/setasolar\/wp-content\/uploads\/2022\/04\/pexels-photo-2062882.jpeg"},"_id":"3dd6d2e"},{"content":"Lorem ipsum dolor sit amet, consectetur adipiscing elit. Ut elit tellus, luctus nec ullamcorper mattis, pulvinar dapibus leo.","name":"John Doe","title":"CEO","image":{"id":"3480","url":"https:\/\/cliente.shazamlnv.com\/setasolar\/wp-content\/uploads\/2022\/04\/pexels-photo-3209221.jpeg"},"_id":"d2bed3d"}],"layout":"image_right","slides_per_view":"1","slides_to_scroll":"1","width":{"unit":"%","size":100,"sizes":[]},"space_between":{"unit":"px","size":0,"sizes":[]},"slide_border_size":{"unit":"px","top":"0","right":"0","bottom":"0","left":"0","isLinked":true},"slide_border_radius":{"unit":"px","size":8,"sizes":[]},"slide_padding":{"unit":"px","top":"30","right":"30","bottom":"30","left":"30","isLinked":true},"content_gap":{"unit":"px","size":100,"sizes":[]},"content_color":"#342562","content_typography_typography":"custom","name_color":"#F3278A","title_color":"#FFFFFF","image_size":{"unit":"px","size":200,"sizes":[]},"image_gap":{"unit":"px","size":0,"sizes":[]},"image_border_radius":{"unit":"px","size":0,"sizes":[]},"arrows_size":{"unit":"px","size":30,"sizes":[]},"arrows_color":"#4C24CB","pagination_size":{"unit":"px","size":0,"sizes":[]},"_margin":{"unit":"px","top":"0","right":"0","bottom":"-70","left":"0","isLinked":false},"_padding":{"unit":"em","top":"2","right":"2","bottom":"2","left":"2","isLinked":true},"slide_background_color":"#FFFFFF","content_typography_font_family":"Noto Sans","content_typography_font_size":{"unit":"rem","size":1.899999999999999911182158029987476766109466552734375,"sizes":[]},"slides_per_view_mobile":"1","width_mobile":{"unit":"%","size":100,"sizes":[]},"content_gap_mobile":{"unit":"px","size":13,"sizes":[]},"content_typography_font_size_mobile":{"unit":"rem","size":0.6999999999999999555910790149937383830547332763671875,"sizes":[]},"image_size_mobile":{"unit":"px","size":48,"sizes":[]},"_padding_mobile":{"unit":"px","top":"0","right":"0","bottom":"0","left":"0","isLinked":true},"_border_radius_mobile":{"unit":"px","top":"8","right":"8","bottom":"8","left":"8","isLinked":true}},"elements":[],"isInner":false,"widgetType":"testimonial-carousel","elType":"widget"}],"isInner":false,"elType":"column"}],"isInner":false,"elType":"section"},{"id":"1d4c1581","settings":{"stretch_section":"section-stretched","background_background":"classic","background_color_b":"#7a28ed","background_overlay_background":"classic","background_overlay_position":"top center","background_overlay_size":"contain","background_overlay_opacity":{"unit":"px","size":1},"shape_divider_bottom_color":"#4C24CB","shape_divider_bottom_width":{"unit":"%","size":106},"shape_divider_bottom_height":{"unit":"px","size":340},"padding":{"unit":"em","top":"0","right":"0","bottom":"6","left":"0","isLinked":false},"layout":"full_width","content_position":"middle","background_color":"#ffffff","background_repeat":"no-repeat","background_size":"contain","background_overlay_image":{"id":"3481","url":"https:\/\/cliente.shazamlnv.com\/setasolar\/wp-content\/uploads\/2022\/04\/web-agency-bg-overlay.png"},"shape_divider_bottom":"curve","shape_divider_bottom_width_mobile":{"unit":"%","size":127},"shape_divider_bottom_height_mobile":{"unit":"px","size":72},"shape_divider_bottom_negative":"yes","shape_divider_bottom_above_content":"yes","shape_divider_bottom_height_tablet":{"unit":"px","size":156},"padding_mobile":{"unit":"em","top":"0","right":"1","bottom":"3","left":"1","isLinked":false},"margin":{"unit":"px","top":"0","right":0,"bottom":"0","left":0,"isLinked":false},"padding_tablet":{"unit":"em","top":"0","right":"2","bottom":"5","left":"2","isLinked":false},"background_overlay_attachment":"fixed","background_attachment":"fixed"},"elements":[{"id":"2416ac78","settings":{"_column_size":100,"_inline_size":null,"padding":{"unit":"em","top":"","right":"","bottom":"","left":"","isLinked":false},"margin_mobile":{"unit":"px","top":"0","right":"0","bottom":"0","left":"0","isLinked":true},"padding_mobile":{"unit":"px","top":"0","right":"0","bottom":"0","left":"0","isLinked":true}},"elements":[{"id":"4729ff0b","settings":{"space":{"unit":"px","size":108},"space_mobile":{"unit":"px","size":81},"_margin":{"unit":"px","top":"-60","right":"0","bottom":"0","left":"0","isLinked":false},"_margin_mobile":{"unit":"px","top":"-40","right":"0","bottom":"0","left":"0","isLinked":false},"_animation":"fadeInUp","_animation_delay":400,"_background_background":"classic","_background_image":{"id":"3482","url":"https:\/\/cliente.shazamlnv.com\/setasolar\/wp-content\/uploads\/2022\/04\/line.png"},"_background_position":"center center","_background_repeat":"no-repeat","_background_size":"contain"},"elements":[],"isInner":false,"widgetType":"spacer","elType":"widget"},{"id":"337168dd","settings":{"structure":"20","margin_mobile":{"unit":"px","top":"0","right":0,"bottom":"0","left":0,"isLinked":true},"padding_mobile":{"unit":"px","top":"0","right":"0","bottom":"0","left":"0","isLinked":false},"background_color":"#7a28ee","shape_divider_top_color":"#ffffff","shape_divider_top_width":{"unit":"%","size":123},"shape_divider_top_height":{"unit":"px","size":400},"shape_divider_bottom_color":"#cd087d","shape_divider_bottom_negative":"yes","margin":{"unit":"px","top":"0","right":0,"bottom":"0","left":0,"isLinked":false},"padding":{"unit":"em","top":"6","right":"0","bottom":"0","left":"0","isLinked":false},"padding_tablet":{"unit":"em","top":"5","right":"2","bottom":"5","left":"2","isLinked":false},"column_position":"top"},"elements":[{"id":"2522ee8b","settings":{"_column_size":50,"_inline_size":40,"margin_mobile":{"unit":"px","top":"0","right":"0","bottom":"0","left":"0","isLinked":true},"padding_mobile":{"unit":"px","top":"0","right":"0","bottom":"0","left":"0","isLinked":true},"animation":"fadeInUp"},"elements":[{"id":"5729ecf8","settings":{"image":{"id":"3483","url":"https:\/\/cliente.shazamlnv.com\/setasolar\/wp-content\/uploads\/2022\/04\/freebie-mockup.png"},"width":{"unit":"%","size":100},"space":{"unit":"%","size":100},"css_filters_hue":{"unit":"px","size":360},"_margin":{"unit":"px","top":"-40","right":"-120","bottom":"20","left":"0","isLinked":false},"_z_index":22,"align_mobile":"center","css_filters_brightness":{"unit":"px","size":103},"css_filters_contrast":{"unit":"px","size":97},"css_filters_saturate":{"unit":"px","size":124},"_margin_mobile":{"unit":"px","top":"0","right":"0","bottom":"0","left":"0","isLinked":true},"css_filters_css_filter":"custom"},"elements":[],"isInner":false,"widgetType":"image","elType":"widget"}],"isInner":true,"elType":"column"},{"id":"fa3e477","settings":{"_column_size":50,"_inline_size":60,"background_color":"#F0EDF2","padding":{"unit":"em","top":"4","right":"6","bottom":"4","left":"8","isLinked":false},"margin_mobile":{"unit":"px","top":"0","right":"0","bottom":"0","left":"0","isLinked":true},"padding_tablet":{"unit":"%","top":"7","right":"5","bottom":"5","left":"32","isLinked":false},"padding_mobile":{"unit":"em","top":"2","right":"2","bottom":"2","left":"2","isLinked":true},"animation":"fadeInDown","animation_delay":600,"content_position":"center","space_between_widgets":0,"border_radius":{"unit":"px","top":"11","right":"11","bottom":"11","left":"11","isLinked":true}},"elements":[{"id":"3fdeebc3","settings":{"title":"Our Work","align":"left","title_color":"#E92E93","typography_typography":"custom","typography_font_family":"Noto Sans","typography_font_size":{"unit":"rem","size":0.8000000000000000444089209850062616169452667236328125},"typography_font_weight":"bold","typography_letter_spacing":{"unit":"px","size":4},"_margin":{"unit":"%","top":"","right":"","bottom":"","left":"","isLinked":false},"_padding":{"unit":"px","top":"0","right":"0","bottom":"0","left":"0","isLinked":false},"typography_text_transform":"uppercase","header_size":"h5","align_mobile":"center"},"elements":[],"isInner":false,"widgetType":"heading","elType":"widget"},{"id":"337ae171","settings":{"style":"wavy","weight":{"unit":"px","size":3},"color":"#E92E93","width":{"unit":"px","size":156},"gap":{"unit":"px","size":2},"text":"Divider","_margin":{"unit":"px","top":"0","right":"0","bottom":"0","left":"-48","isLinked":false},"_z_index":99,"_animation":"fadeInRight","align_mobile":"center","pattern_height":{"unit":"px","size":21.199999999999999289457264239899814128875732421875,"sizes":[]},"pattern_size":{"unit":"px","size":29,"sizes":[]},"_margin_mobile":{"unit":"px","top":"0","right":"0","bottom":"0","left":"0","isLinked":true}},"elements":[],"isInner":false,"widgetType":"divider","elType":"widget"},{"id":"72836a45","settings":{"title":"Somebrand","align":"left","typography_typography":"custom","typography_font_family":"Noto Sans","typography_font_size":{"unit":"px","size":37},"typography_font_weight":"900","typography_text_transform":"none","typography_line_height":{"unit":"em","size":0.90000000000000002220446049250313080847263336181640625},"typography_letter_spacing":{"unit":"px","size":-0.200000000000000011102230246251565404236316680908203125},"_margin":{"unit":"px","top":"8","right":"0","bottom":"24","left":"0","isLinked":false},"_padding":{"unit":"px","top":"0","right":"0","bottom":"0","left":"0","isLinked":false},"align_mobile":"center","header_size":"h3","title_color":"#342562"},"elements":[],"isInner":false,"widgetType":"heading","elType":"widget"},{"id":"4a54f040","settings":{"editor":"<p>Lorem ipsum dolor sit amet, timeam copiosae mandamus est ea, ne vero ridens voluptaria vim, an eam alia impetus vulputate. Mei odio clita ut, cu est duis harum qualisque.&nbsp;<\/p>","typography_typography":"custom","typography_font_size":{"unit":"rem","size":1},"typography_line_height":{"unit":"em","size":1.600000000000000088817841970012523233890533447265625},"align_mobile":"center","text_color":"#342562","typography_font_family":"Noto Sans"},"elements":[],"isInner":false,"widgetType":"text-editor","elType":"widget"},{"id":"668de60c","settings":{"text":"View Case Study","typography_typography":"custom","typography_font_family":"Source Sans Pro","typography_font_size":{"unit":"rem","size":0.8000000000000000444089209850062616169452667236328125},"typography_font_weight":"700","typography_text_decoration":"none","typography_line_height":{"unit":"em","size":1.399999999999999911182158029987476766109466552734375},"typography_letter_spacing":{"unit":"px","size":2},"button_text_color":"#342562","background_color":"rgba(230,44,145,0)","border_width":{"unit":"px","top":"2","right":"2","bottom":"2","left":"2","isLinked":true},"border_color":"#F3278A","border_radius":{"unit":"px","top":"60","right":"60","bottom":"60","left":"60","isLinked":true},"button_box_shadow_box_shadow":{"horizontal":6,"vertical":6,"blur":100,"spread":19,"color":"rgba(0,0,0,0.29)"},"text_padding":{"unit":"px","top":"12","right":"20","bottom":"12","left":"20","isLinked":false},"_margin":{"unit":"px","top":"30","right":"0","bottom":"0","left":"0","isLinked":false},"_padding":{"unit":"px","top":"0","right":"0","bottom":"0","left":"0","isLinked":false},"typography_text_transform":"uppercase","border_border":"solid","_css_classes":"envato-kit-38-radial-out","align_mobile":"center","button_hover_border_color":"#4C24CB"},"elements":[],"isInner":false,"widgetType":"button","elType":"widget"}],"isInner":true,"elType":"column"}],"isInner":true,"elType":"section"},{"id":"7e313a79","settings":{"structure":"20","margin_mobile":{"unit":"px","top":"40","right":0,"bottom":"40","left":0,"isLinked":true},"padding_mobile":{"unit":"px","top":"0","right":"0","bottom":"0","left":"0","isLinked":false},"background_color":"#7a28ee","shape_divider_top_color":"#ffffff","shape_divider_top_width":{"unit":"%","size":123},"shape_divider_top_height":{"unit":"px","size":400},"shape_divider_bottom_color":"#cd087d","shape_divider_bottom_negative":"yes","margin":{"unit":"px","top":"0","right":0,"bottom":"0","left":0,"isLinked":false},"padding":{"unit":"em","top":"6","right":"0","bottom":"0","left":"0","isLinked":false},"padding_tablet":{"unit":"em","top":"5","right":"2","bottom":"5","left":"2","isLinked":false},"column_position":"top","reverse_order_mobile":"reverse-mobile"},"elements":[{"id":"48098222","settings":{"_column_size":50,"_inline_size":60,"background_color":"#F0EDF2","padding":{"unit":"em","top":"4","right":"10","bottom":"4","left":"6","isLinked":false},"margin_mobile":{"unit":"px","top":"0","right":"0","bottom":"0","left":"0","isLinked":true},"padding_tablet":{"unit":"%","top":"7","right":"5","bottom":"5","left":"32","isLinked":false},"padding_mobile":{"unit":"em","top":"2","right":"2","bottom":"2","left":"2","isLinked":true},"animation":"fadeInDown","animation_delay":600,"content_position":"center","space_between_widgets":0,"border_radius":{"unit":"px","top":"11","right":"11","bottom":"11","left":"11","isLinked":true}},"elements":[{"id":"49bedcb6","settings":{"title":"Our Work","align":"right","title_color":"#E92E93","typography_typography":"custom","typography_font_family":"Noto Sans","typography_font_size":{"unit":"rem","size":0.8000000000000000444089209850062616169452667236328125},"typography_font_weight":"bold","typography_letter_spacing":{"unit":"px","size":4},"_margin":{"unit":"%","top":"","right":"","bottom":"","left":"","isLinked":false},"_padding":{"unit":"px","top":"0","right":"0","bottom":"0","left":"0","isLinked":false},"typography_text_transform":"uppercase","header_size":"h5","align_mobile":"center"},"elements":[],"isInner":false,"widgetType":"heading","elType":"widget"},{"id":"6c2f2cb0","settings":{"style":"wavy","weight":{"unit":"px","size":3},"color":"#E92E93","width":{"unit":"px","size":156},"gap":{"unit":"px","size":2},"text":"Divider","_margin":{"unit":"px","top":"0","right":"-74","bottom":"0","left":"0","isLinked":false},"_z_index":99,"_animation":"fadeInRight","align_mobile":"center","pattern_height":{"unit":"px","size":21.199999999999999289457264239899814128875732421875,"sizes":[]},"pattern_size":{"unit":"px","size":29,"sizes":[]},"_margin_mobile":{"unit":"px","top":"0","right":"0","bottom":"0","left":"0","isLinked":true},"align":"right"},"elements":[],"isInner":false,"widgetType":"divider","elType":"widget"},{"id":"1254343","settings":{"title":"Somebrand","align":"right","typography_typography":"custom","typography_font_family":"Noto Sans","typography_font_size":{"unit":"px","size":37},"typography_font_weight":"900","typography_text_transform":"none","typography_line_height":{"unit":"em","size":0.90000000000000002220446049250313080847263336181640625},"typography_letter_spacing":{"unit":"px","size":-0.200000000000000011102230246251565404236316680908203125},"_margin":{"unit":"px","top":"8","right":"0","bottom":"24","left":"0","isLinked":false},"_padding":{"unit":"px","top":"0","right":"0","bottom":"0","left":"0","isLinked":false},"align_mobile":"center","header_size":"h3","title_color":"#342562"},"elements":[],"isInner":false,"widgetType":"heading","elType":"widget"},{"id":"510feeb8","settings":{"editor":"<p>Lorem ipsum dolor sit amet, timeam copiosae mandamus est ea, ne vero ridens voluptaria vim, an eam alia impetus vulputate. Mei odio clita ut, cu est duis harum qualisque.&nbsp;<\/p>","typography_typography":"custom","typography_font_size":{"unit":"rem","size":1},"typography_line_height":{"unit":"em","size":1.600000000000000088817841970012523233890533447265625},"align_mobile":"center","align":"right","text_color":"#342562","typography_font_family":"Noto Sans"},"elements":[],"isInner":false,"widgetType":"text-editor","elType":"widget"},{"id":"1c234074","settings":{"text":"View Case Study","typography_typography":"custom","typography_font_family":"Source Sans Pro","typography_font_size":{"unit":"rem","size":0.8000000000000000444089209850062616169452667236328125},"typography_font_weight":"700","typography_text_decoration":"none","typography_line_height":{"unit":"em","size":1.399999999999999911182158029987476766109466552734375},"typography_letter_spacing":{"unit":"px","size":2},"button_text_color":"#342562","background_color":"rgba(230,44,145,0)","border_width":{"unit":"px","top":"2","right":"2","bottom":"2","left":"2","isLinked":true},"border_color":"#F3278A","border_radius":{"unit":"px","top":"60","right":"60","bottom":"60","left":"60","isLinked":true},"button_box_shadow_box_shadow":{"horizontal":6,"vertical":6,"blur":100,"spread":19,"color":"rgba(0,0,0,0.29)"},"text_padding":{"unit":"px","top":"12","right":"20","bottom":"12","left":"20","isLinked":false},"_margin":{"unit":"px","top":"30","right":"0","bottom":"0","left":"0","isLinked":false},"_padding":{"unit":"px","top":"0","right":"0","bottom":"0","left":"0","isLinked":false},"typography_text_transform":"uppercase","border_border":"solid","_css_classes":"envato-kit-38-radial-out","align_mobile":"center","align":"right","button_hover_border_color":"#4C24CB"},"elements":[],"isInner":false,"widgetType":"button","elType":"widget"}],"isInner":true,"elType":"column"},{"id":"6e88fb06","settings":{"_column_size":50,"_inline_size":40,"margin_mobile":{"unit":"px","top":"0","right":"0","bottom":"0","left":"0","isLinked":true},"padding_mobile":{"unit":"px","top":"0","right":"0","bottom":"0","left":"0","isLinked":true},"animation":"fadeInUp"},"elements":[{"id":"4b0309d0","settings":{"image":{"id":"3484","url":"https:\/\/cliente.shazamlnv.com\/setasolar\/wp-content\/uploads\/2022\/04\/mixkit-person-wearing-a-vr-mask-in-a-virtual-reality-room-64-original-large.jpg"},"width":{"unit":"%","size":100},"space":{"unit":"%","size":100},"css_filters_hue":{"unit":"px","size":335},"_margin":{"unit":"px","top":"-40","right":"0","bottom":"20","left":"-120","isLinked":false},"_z_index":2,"_margin_mobile":{"unit":"px","top":"0","right":"0","bottom":"0","left":"0","isLinked":true},"css_filters_css_filter":"custom","image_box_shadow_box_shadow_type":"yes","image_box_shadow_box_shadow":{"horizontal":24,"vertical":22,"blur":23,"spread":-11,"color":"rgba(66, 34, 51, 0.34)"},"image_border_radius":{"unit":"px","top":"11","right":"11","bottom":"11","left":"11","isLinked":true}},"elements":[],"isInner":false,"widgetType":"image","elType":"widget"}],"isInner":true,"elType":"column"}],"isInner":true,"elType":"section"},{"id":"51e7d440","settings":{"structure":"20","margin_mobile":{"unit":"px","top":"0","right":0,"bottom":"0","left":0,"isLinked":true},"padding_mobile":{"unit":"px","top":"0","right":"0","bottom":"0","left":"0","isLinked":false},"background_color":"#7a28ee","shape_divider_top_color":"#ffffff","shape_divider_top_width":{"unit":"%","size":123},"shape_divider_top_height":{"unit":"px","size":400},"shape_divider_bottom_color":"#cd087d","shape_divider_bottom_negative":"yes","margin":{"unit":"px","top":"0","right":0,"bottom":"0","left":0,"isLinked":false},"padding":{"unit":"em","top":"6","right":"0","bottom":"0","left":"0","isLinked":false},"padding_tablet":{"unit":"em","top":"5","right":"2","bottom":"5","left":"2","isLinked":false},"column_position":"top"},"elements":[{"id":"25274910","settings":{"_column_size":50,"_inline_size":40,"margin_mobile":{"unit":"px","top":"0","right":"0","bottom":"0","left":"0","isLinked":true},"padding_mobile":{"unit":"px","top":"0","right":"0","bottom":"0","left":"0","isLinked":true},"animation":"fadeInUp"},"elements":[{"id":"3a4fcebc","settings":{"image":{"id":"3485","url":"https:\/\/cliente.shazamlnv.com\/setasolar\/wp-content\/uploads\/2022\/04\/mixkit-woman-lying-on-a-couch-looking-at-her-mobile-phone-65-original-large.jpg"},"width":{"unit":"%","size":100},"space":{"unit":"%","size":100},"css_filters_hue":{"unit":"px","size":335},"_margin":{"unit":"px","top":"-40","right":"-120","bottom":"20","left":"0","isLinked":false},"_z_index":2,"_margin_mobile":{"unit":"px","top":"0","right":"0","bottom":"0","left":"0","isLinked":true},"image_box_shadow_box_shadow_type":"yes","image_box_shadow_box_shadow":{"horizontal":24,"vertical":22,"blur":23,"spread":-11,"color":"rgba(66, 34, 51, 0.34)"},"image_border_radius":{"unit":"px","top":"11","right":"11","bottom":"11","left":"11","isLinked":true}},"elements":[],"isInner":false,"widgetType":"image","elType":"widget"}],"isInner":true,"elType":"column"},{"id":"1a9f37f6","settings":{"_column_size":50,"_inline_size":60,"background_color":"#F0EDF2","padding":{"unit":"em","top":"4","right":"6","bottom":"4","left":"10","isLinked":false},"margin_mobile":{"unit":"px","top":"0","right":"0","bottom":"0","left":"0","isLinked":true},"padding_tablet":{"unit":"%","top":"7","right":"5","bottom":"5","left":"32","isLinked":false},"padding_mobile":{"unit":"em","top":"2","right":"2","bottom":"2","left":"2","isLinked":true},"animation":"fadeInDown","animation_delay":600,"content_position":"center","space_between_widgets":0,"border_radius":{"unit":"px","top":"11","right":"11","bottom":"11","left":"11","isLinked":true}},"elements":[{"id":"2820584a","settings":{"title":"Our Work","align":"left","title_color":"#E92E93","typography_typography":"custom","typography_font_family":"Noto Sans","typography_font_size":{"unit":"rem","size":0.8000000000000000444089209850062616169452667236328125},"typography_font_weight":"bold","typography_letter_spacing":{"unit":"px","size":4},"_margin":{"unit":"%","top":"","right":"","bottom":"","left":"","isLinked":false},"_padding":{"unit":"px","top":"0","right":"0","bottom":"0","left":"0","isLinked":false},"typography_text_transform":"uppercase","header_size":"h5","align_mobile":"center"},"elements":[],"isInner":false,"widgetType":"heading","elType":"widget"},{"id":"237fcdde","settings":{"style":"wavy","weight":{"unit":"px","size":3},"color":"#E92E93","width":{"unit":"px","size":156},"gap":{"unit":"px","size":2},"text":"Divider","_margin":{"unit":"px","top":"0","right":"0","bottom":"0","left":"-48","isLinked":false},"_z_index":99,"_animation":"fadeInRight","align_mobile":"center","pattern_height":{"unit":"px","size":21.199999999999999289457264239899814128875732421875,"sizes":[]},"pattern_size":{"unit":"px","size":29,"sizes":[]},"_margin_mobile":{"unit":"px","top":"0","right":"0","bottom":"0","left":"0","isLinked":true}},"elements":[],"isInner":false,"widgetType":"divider","elType":"widget"},{"id":"79fc2045","settings":{"title":"Somebrand","align":"left","typography_typography":"custom","typography_font_family":"Noto Sans","typography_font_size":{"unit":"px","size":37},"typography_font_weight":"900","typography_text_transform":"none","typography_line_height":{"unit":"em","size":0.90000000000000002220446049250313080847263336181640625},"typography_letter_spacing":{"unit":"px","size":-0.200000000000000011102230246251565404236316680908203125},"_margin":{"unit":"px","top":"8","right":"0","bottom":"24","left":"0","isLinked":false},"_padding":{"unit":"px","top":"0","right":"0","bottom":"0","left":"0","isLinked":false},"align_mobile":"center","header_size":"h3","title_color":"#342562"},"elements":[],"isInner":false,"widgetType":"heading","elType":"widget"},{"id":"6c581e94","settings":{"editor":"<p>Lorem ipsum dolor sit amet, timeam copiosae mandamus est ea, ne vero ridens voluptaria vim, an eam alia impetus vulputate. Mei odio clita ut, cu est duis harum qualisque.&nbsp;<\/p>","typography_typography":"custom","typography_font_size":{"unit":"rem","size":1},"typography_line_height":{"unit":"em","size":1.600000000000000088817841970012523233890533447265625},"align_mobile":"center","text_color":"#342562","typography_font_family":"Noto Sans"},"elements":[],"isInner":false,"widgetType":"text-editor","elType":"widget"},{"id":"172e36","settings":{"text":"View Case Study","typography_typography":"custom","typography_font_family":"Source Sans Pro","typography_font_size":{"unit":"rem","size":0.8000000000000000444089209850062616169452667236328125},"typography_font_weight":"700","typography_text_decoration":"none","typography_line_height":{"unit":"em","size":1.399999999999999911182158029987476766109466552734375},"typography_letter_spacing":{"unit":"px","size":2},"button_text_color":"#342562","background_color":"rgba(230,44,145,0)","border_width":{"unit":"px","top":"2","right":"2","bottom":"2","left":"2","isLinked":true},"border_color":"#F3278A","border_radius":{"unit":"px","top":"60","right":"60","bottom":"60","left":"60","isLinked":true},"button_box_shadow_box_shadow":{"horizontal":6,"vertical":6,"blur":100,"spread":19,"color":"rgba(0,0,0,0.29)"},"text_padding":{"unit":"px","top":"12","right":"20","bottom":"12","left":"20","isLinked":false},"_margin":{"unit":"px","top":"30","right":"0","bottom":"0","left":"0","isLinked":false},"_padding":{"unit":"px","top":"0","right":"0","bottom":"0","left":"0","isLinked":false},"typography_text_transform":"uppercase","border_border":"solid","_css_classes":"envato-kit-38-radial-out","align_mobile":"center","button_hover_border_color":"#4C24CB"},"elements":[],"isInner":false,"widgetType":"button","elType":"widget"}],"isInner":true,"elType":"column"}],"isInner":true,"elType":"section"}],"isInner":false,"elType":"column"}],"isInner":false,"elType":"section"},{"id":"10aa8bcd","settings":{"background_background":"classic","background_color":"#4C24CB","background_color_b":"#ff2a71","shape_divider_top_height":{"unit":"px","size":31},"padding":{"unit":"px","top":"80","right":"0","bottom":"80","left":"0","isLinked":false},"background_color_stop":{"unit":"%","size":10},"background_gradient_angle":{"unit":"deg","size":350},"background_overlay_background":"classic","background_overlay_image":{"id":"3486","url":"https:\/\/cliente.shazamlnv.com\/setasolar\/wp-content\/uploads\/2022\/04\/homeservc.png"},"background_overlay_position":"top center","background_overlay_repeat":"no-repeat","background_overlay_opacity":{"unit":"px","size":0.8000000000000000444089209850062616169452667236328125},"padding_mobile":{"unit":"em","top":"3","right":"1","bottom":"3","left":"1","isLinked":false},"padding_tablet":{"unit":"em","top":"5","right":"2","bottom":"5","left":"2","isLinked":false},"layout":"full_width","background_overlay_size":"cover"},"elements":[{"id":"5cb3174f","settings":{"_column_size":100},"elements":[{"id":"36fd8a61","settings":{"structure":"30"},"elements":[{"id":"2b1ada5d","settings":{"_column_size":33,"_inline_size":51.78600000000000136424205265939235687255859375,"_inline_size_tablet":50},"elements":[{"id":"3fdb4bac","settings":{"title":"Ready to be our next client ?","align":"left","title_color":"#ffffff","typography_typography":"custom","typography_font_family":"Source Sans Pro","typography_font_size":{"unit":"rem","size":4},"typography_letter_spacing":{"unit":"px","size":""},"text_shadow_text_shadow":{"horizontal":0,"vertical":0,"blur":4,"color":"rgba(0,0,0,0.2)"},"_margin":{"unit":"px","top":"0","right":"0","bottom":"0","left":"0","isLinked":false},"_padding":{"unit":"px","top":"0","right":"50","bottom":"0","left":"0","isLinked":false},"_background_background":"classic","_background_position":"bottom left","_background_repeat":"repeat-x","align_mobile":"center","typography_font_size_tablet":{"unit":"px","size":53},"_margin_mobile":{"unit":"px","top":"0","right":"0","bottom":"0","left":"0","isLinked":true},"_padding_mobile":{"unit":"em","top":"0","right":"0","bottom":"4","left":"0","isLinked":false}},"elements":[],"isInner":false,"widgetType":"heading","elType":"widget"},{"id":"17dcfed7","settings":{"style":"wavy","weight":{"unit":"px","size":6},"color":"#E92E93","width":{"unit":"px","size":459},"gap":{"unit":"px","size":2},"align":"left","text":"Divider","width_mobile":{"unit":"%","size":98,"sizes":[]},"_margin_mobile":{"unit":"px","top":"0","right":"0","bottom":"0","left":"0","isLinked":true}},"elements":[],"isInner":false,"widgetType":"divider","elType":"widget"},{"id":"2c3c84e9","settings":{"title":"us@oursite.co &nbsp;  \u2022  &nbsp; 212 - 222 - 2242","header_size":"div","align":"left","title_color":"#ffffff","_padding":{"unit":"em","top":"0","right":"0","bottom":"0","left":"1","isLinked":false},"typography_typography":"custom","typography_font_family":"Source Sans Pro","typography_font_size":{"unit":"rem","size":1,"sizes":[]},"typography_letter_spacing":{"unit":"px","size":0.90000000000000002220446049250313080847263336181640625,"sizes":[]},"align_mobile":"center"},"elements":[],"isInner":false,"widgetType":"heading","elType":"widget"},{"id":"4c63f147","settings":{"social_icon_list":[{"social":"fa fa-facebook","_id":"25cf035"},{"social":"fa fa-dribbble","_id":"abb6a83"},{"social":"fa fa-twitter","_id":"0caeeb9"},{"social":"fa fa-instagram","_id":"d08179a"}],"icon_color":"custom","icon_primary_color":"rgba(196,255,58,0)","icon_secondary_color":"#F3278A","icon_size":{"unit":"px","size":21},"icon_padding":{"unit":"em","size":0.40000000000000002220446049250313080847263336181640625},"icon_spacing":{"unit":"px","size":23},"hover_primary_color":"#e62c91","hover_secondary_color":"#FFFFFF","hover_animation":"pulse","border_radius":{"unit":"%","top":"","right":"","bottom":"","left":"","isLinked":true},"shape":"circle","align":"left","align_mobile":"center","icon_size_mobile":{"unit":"px","size":25}},"elements":[],"isInner":false,"widgetType":"social-icons","elType":"widget"}],"isInner":true,"elType":"column"},{"id":"45a26b5b","settings":{"_column_size":33,"_inline_size":2.08199999999999985078602549037896096706390380859375,"content_position":"center","_inline_size_tablet":4},"elements":[{"id":"107325a3","settings":{"icon":"fa fa-paper-plane-o","view":"stacked","link":{"url":"#","is_external":"","nofollow":""},"align_mobile":"center","primary_color":"#0150F0","secondary_color":"#FFFFFF","size":{"unit":"px","size":29},"_margin_mobile":{"unit":"px","top":"0","right":"0","bottom":"0","left":"0","isLinked":false},"_z_index":2,"_animation":"zoomIn","_css_classes":"envato-kit-38-radial-out"},"elements":[],"isInner":false,"widgetType":"icon","elType":"widget"}],"isInner":true,"elType":"column"},{"id":"2c63f7e8","settings":{"_column_size":33,"_inline_size":46.1280000000000001136868377216160297393798828125,"_inline_size_tablet":45,"margin_mobile":{"unit":"px","top":"-52","right":"0","bottom":"0","left":"0","isLinked":false}},"elements":[{"id":"58e39384","settings":{"carousel":[{"id":"3487","url":"https:\/\/cliente.shazamlnv.com\/setasolar\/wp-content\/uploads\/2022\/04\/logo1.png"},{"id":"3488","url":"https:\/\/cliente.shazamlnv.com\/setasolar\/wp-content\/uploads\/2022\/04\/logo5-1.png"},{"id":"3489","url":"https:\/\/cliente.shazamlnv.com\/setasolar\/wp-content\/uploads\/2022\/04\/logo2-1.png"},{"id":"3490","url":"https:\/\/cliente.shazamlnv.com\/setasolar\/wp-content\/uploads\/2022\/04\/logo7.png"},{"id":"3491","url":"https:\/\/cliente.shazamlnv.com\/setasolar\/wp-content\/uploads\/2022\/04\/logo4-1.png"},{"id":"3492","url":"https:\/\/cliente.shazamlnv.com\/setasolar\/wp-content\/uploads\/2022\/04\/logo3.png"},{"id":"3493","url":"https:\/\/cliente.shazamlnv.com\/setasolar\/wp-content\/uploads\/2022\/04\/logo6-1.png"}],"thumbnail_size":"full","slides_to_show":"2","navigation":"none","effect":"fade","_margin":{"unit":"px","top":"22","right":"50","bottom":"0","left":"0","isLinked":false},"_margin_tablet":{"unit":"px","top":"0","right":"0","bottom":"0","left":"0","isLinked":true},"_padding":{"unit":"em","top":"6","right":"4","bottom":"6","left":"4","isLinked":false},"_padding_tablet":{"unit":"%","top":"","right":"","bottom":"","left":"","isLinked":false},"_background_background":"classic","_background_color":"#E92E93","slides_to_show_mobile":"1","_border_radius":{"unit":"px","top":"11","right":"11","bottom":"11","left":"11","isLinked":true}},"elements":[],"isInner":false,"widgetType":"image-carousel","elType":"widget"}],"isInner":true,"elType":"column"}],"isInner":true,"elType":"section"}],"isInner":false,"elType":"column"}],"isInner":false,"elType":"section"}],"page_settings":[],"version":"0.4","title":"AG\u00caNCIA DE MKT","type":"section"}