{"content":[{"id":"31e25da8","settings":{"content_width":{"unit":"px","size":1200},"content_position":"middle","structure":"30","background_background":"classic","background_color":"#2e70ce","gap":"no","padding_mobile":{"unit":"px","top":"20","right":"0","bottom":"10","left":"0","isLinked":false},"stretch_section":"section-stretched","layout":"full_width","shape_divider_bottom_color":"#004ead","padding":{"unit":"%","top":"0","right":"6","bottom":"0","left":"6","isLinked":false}},"elements":[{"id":"41c60ca2","settings":{"_column_size":33,"_inline_size":12.028999999999999914734871708787977695465087890625,"space_between_widgets":0,"border_width":{"unit":"px","top":"0","right":"0","bottom":"0","left":"0","isLinked":true},"border_color":"#ffffff","box_shadow_box_shadow":{"horizontal":0,"vertical":0,"blur":0,"spread":5,"color":"rgba(244,81,56,0.5)"},"margin":{"unit":"px","top":"0","right":"0","bottom":"0","left":"0","isLinked":false},"padding":{"unit":"px","top":"5","right":"10","bottom":"5","left":"20","isLinked":false},"_inline_size_tablet":25},"elements":[{"id":"7241a0f6","settings":{"title":"Working Hours","align":"left","title_color":"#ffffff","typography_typography":"custom","typography_font_size":{"unit":"px","size":15},"typography_font_weight":"600","header_size":"h3","typography_font_size_tablet":{"unit":"rem","size":""},"typography_font_family":"Noto Sans","typography_letter_spacing":{"unit":"px","size":0},"_animation":"zoomIn","animation_duration":"fast","align_mobile":"center","_padding_mobile":{"unit":"px","top":"0","right":"0","bottom":"0","left":"0","isLinked":true},"typography_text_transform":"uppercase"},"elements":[],"isInner":false,"widgetType":"heading","elType":"widget"}],"isInner":false,"elType":"column"},{"id":"62cba8b9","settings":{"_column_size":33,"_inline_size":67.352000000000003865352482534945011138916015625,"space_between_widgets":0,"border_width":{"unit":"px","top":"0","right":"0","bottom":"0","left":"0","isLinked":true},"border_color":"#ffffff","box_shadow_box_shadow":{"horizontal":0,"vertical":0,"blur":0,"spread":5,"color":"rgba(244,81,56,0.5)"},"margin":{"unit":"px","top":"0","right":"0","bottom":"0","left":"0","isLinked":false},"padding":{"unit":"px","top":"5","right":"10","bottom":"5","left":"10","isLinked":false},"_inline_size_tablet":50,"padding_mobile":{"unit":"px","top":"0","right":"0","bottom":"0","left":"0","isLinked":true}},"elements":[{"id":"91e280d","settings":{"align":"left","text_color":"#ffffff","typography_typography":"custom","typography_font_family":"Noto Sans","typography_font_size":{"unit":"px","size":15},"typography_line_height":{"unit":"em","size":1.600000000000000088817841970012523233890533447265625},"editor":"<p><b>Mon - Fri <\/b>: 08 AM - 08 PM - <b>Sat<\/b>: 08 Am - 03 PM\u00a0<\/p>","_margin":{"unit":"px","top":"0","right":"0","bottom":"0","left":"0","isLinked":false},"align_mobile":"center","typography_line_height_mobile":{"unit":"em","size":1},"_padding_mobile":{"unit":"px","top":"0","right":"0","bottom":"0","left":"0","isLinked":true},"_animation":"fadeInLeft","animation_duration":"fast","align_tablet":"center","typography_font_size_tablet":{"unit":"rem","size":0.8000000000000000444089209850062616169452667236328125}},"elements":[],"isInner":false,"widgetType":"text-editor","elType":"widget"}],"isInner":false,"elType":"column"},{"id":"299ebcef","settings":{"_column_size":33,"_inline_size":20.614999999999998436805981327779591083526611328125,"padding":{"unit":"px","top":"5","right":"20","bottom":"5","left":"5","isLinked":false},"_inline_size_tablet":25,"space_between_widgets":0,"padding_mobile":{"unit":"px","top":"0","right":"0","bottom":"0","left":"0","isLinked":true}},"elements":[{"id":"28d82e27","settings":{"align":"right","text_color":"#ffffff","typography_typography":"custom","typography_font_family":"Noto Sans","typography_font_size":{"unit":"px","size":15},"typography_line_height":{"unit":"em","size":1.600000000000000088817841970012523233890533447265625},"editor":"<p>+ 0035 558 -264-32<\/p>","_margin":{"unit":"px","top":"0","right":"0","bottom":"0","left":"0","isLinked":false},"align_mobile":"center","typography_line_height_mobile":{"unit":"em","size":1},"_padding_mobile":{"unit":"px","top":"0","right":"0","bottom":"0","left":"0","isLinked":true},"_animation":"fadeInLeft","animation_duration":"fast","typography_font_size_tablet":{"unit":"rem","size":0.8000000000000000444089209850062616169452667236328125}},"elements":[],"isInner":false,"widgetType":"text-editor","elType":"widget"}],"isInner":false,"elType":"column"}],"isInner":false,"elType":"section"},{"id":"2eb423a3","settings":{"stretch_section":"section-stretched","layout":"full_width","height":"min-height","custom_height":{"unit":"vh","size":60},"column_position":"stretch","content_position":"middle","structure":"20","background_background":"gradient","background_color":"#ffffff","background_color_stop":{"unit":"%","size":54},"background_color_b":"#e9eff9","background_color_b_stop":{"unit":"%","size":95},"background_gradient_angle":{"unit":"deg","size":300},"shape_divider_top":"waves","shape_divider_top_color":"#2e70ce","shape_divider_top_width":{"unit":"%","size":300},"shape_divider_top_height":{"unit":"px","size":64},"shape_divider_bottom":"waves","shape_divider_bottom_color":"#e9eff9","shape_divider_bottom_width":{"unit":"%","size":300},"shape_divider_bottom_height":{"unit":"px","size":42},"padding":{"unit":"%","top":"6","right":"6","bottom":"6","left":"6","isLinked":true},"background_overlay_background":"classic","background_overlay_image":{"id":"3644","url":"https:\/\/cliente.shazamlnv.com\/setasolar\/wp-content\/uploads\/2022\/04\/undraw_medicine_trans.png"},"background_overlay_image_tablet":{"id":"3644","url":"https:\/\/cliente.shazamlnv.com\/setasolar\/wp-content\/uploads\/2022\/04\/undraw_medicine_trans.png"},"background_overlay_position":"bottom right","background_overlay_position_tablet":"initial","background_overlay_position_mobile":"top center","background_overlay_xpos_tablet":{"unit":"px","size":293},"background_overlay_ypos_tablet":{"unit":"px","size":158},"background_overlay_repeat":"no-repeat","background_overlay_size":"initial","background_overlay_size_tablet":"initial","background_overlay_size_mobile":"initial","background_overlay_bg_width":{"unit":"%","size":61},"background_overlay_bg_width_tablet":{"unit":"%","size":72},"background_overlay_bg_width_mobile":{"unit":"px","size":364},"background_overlay_opacity":{"unit":"px","size":1},"padding_tablet":{"unit":"em","top":"1","right":"1","bottom":"1","left":"1","isLinked":true}},"elements":[{"id":"4b9b61a6","settings":{"_column_size":50,"_inline_size":55,"content_position":"center","_inline_size_tablet":100},"elements":[{"id":"17037f0f","settings":{"icon":"fa fa-plus","primary_color":"rgba(69,118,216,0.22)","size":{"unit":"px","size":102},"_margin":{"unit":"px","top":"-57","right":"0","bottom":"17","left":"-78","isLinked":false},"_z_index":9,"_animation":"bounceIn","align":"left","animation_duration":"fast"},"elements":[],"isInner":false,"widgetType":"icon","elType":"widget"},{"id":"373fbbed","settings":{"icon":"fa fa-plus","align":"right","primary_color":"rgba(72,144,226,0.45)","size":{"unit":"px","size":44},"_margin":{"unit":"px","top":"0","right":"50","bottom":"0","left":"0","isLinked":false},"_z_index":9,"_animation":"fadeInUp","animation_duration":"fast","_animation_delay":200},"elements":[],"isInner":false,"widgetType":"icon","elType":"widget"},{"id":"f7ab720","settings":{"icon":"fa fa-plus","primary_color":"#f44e4e","size":{"unit":"px","size":24},"_margin":{"unit":"px","top":"0","right":"0","bottom":"-40","left":"135","isLinked":false},"_z_index":9,"_animation":"bounceIn","_animation_delay":100},"elements":[],"isInner":false,"widgetType":"icon","elType":"widget"},{"id":"7099f85f","settings":{"title":"Best Health Care","align":"left","title_color":"#2e70ce","typography_typography":"custom","typography_font_size":{"unit":"px","size":65},"typography_font_weight":"600","typography_font_family":"Noto Sans","typography_font_size_tablet":{"unit":"px","size":42},"typography_letter_spacing":{"unit":"px","size":-2.5},"_animation":"fadeInUp","animation_duration":"fast","_animation_delay":300,"align_mobile":"center","typography_font_size_mobile":{"unit":"rem","size":2.399999999999999911182158029987476766109466552734375},"_margin_mobile":{"unit":"px","top":"0","right":"0","bottom":"0","left":"0","isLinked":false},"_padding_mobile":{"unit":"px","top":"77","right":"0","bottom":"0","left":"0","isLinked":false}},"elements":[],"isInner":false,"widgetType":"heading","elType":"widget"},{"id":"3b373f4","settings":{"title":"Your health is our priority.","align":"left","title_color":"#1d2366","typography_typography":"custom","typography_font_size":{"unit":"rem","size":4},"typography_font_weight":"300","typography_font_family":"Noto Sans","typography_font_size_tablet":{"unit":"rem","size":2},"typography_letter_spacing":{"unit":"px","size":-2.5},"_animation":"fadeInUp","animation_duration":"fast","_animation_delay":300,"align_mobile":"center","typography_line_height":{"unit":"em","size":0.8000000000000000444089209850062616169452667236328125},"_margin":{"unit":"px","top":"0","right":"0","bottom":"0","left":"0","isLinked":false},"_z_index":9},"elements":[],"isInner":false,"widgetType":"heading","elType":"widget"},{"id":"3a91107f","settings":{"structure":"20","layout":"full_width"},"elements":[{"id":"4f9e4091","settings":{"_column_size":50,"_inline_size":64.875,"margin":{"unit":"px","top":"0","right":"0","bottom":"40","left":"0","isLinked":false},"padding":{"unit":"px","top":"0","right":"0","bottom":"0","left":"0","isLinked":true},"_inline_size_tablet":50,"margin_mobile":{"unit":"px","top":"0","right":"0","bottom":"0","left":"0","isLinked":true}},"elements":[{"id":"352d4511","settings":{"editor":"<p>From immunizations to checkups and\u00a0 preventive care,\u00a0 exams, our primary care physicians and providers work to keep you and your whole family healthy and strong each and every day.<\/p>","align":"left","text_color":"#3d79b5","typography_typography":"custom","typography_font_size":{"unit":"rem","size":1},"typography_line_height":{"unit":"em","size":1.600000000000000088817841970012523233890533447265625},"typography_font_family":"Noto Sans","typography_font_weight":"500","_animation":"fadeIn","animation_duration":"fast","_animation_delay":500,"align_mobile":"center","typography_font_size_mobile":{"unit":"rem","size":0.90000000000000002220446049250313080847263336181640625}},"elements":[],"isInner":false,"widgetType":"text-editor","elType":"widget"}],"isInner":true,"elType":"column"},{"id":"4d96259c","settings":{"_column_size":50,"_inline_size":35.125,"_inline_size_tablet":50,"margin_tablet":{"unit":"px","top":"0","right":"0","bottom":"0","left":"0","isLinked":true},"padding_tablet":{"unit":"px","top":"0","right":"0","bottom":"0","left":"0","isLinked":true}},"elements":[],"isInner":true,"elType":"column"}],"isInner":true,"elType":"section"},{"id":"52604dc","settings":{"structure":"30","padding":{"unit":"px","top":"40","right":"0","bottom":"0","left":"0","isLinked":false},"gap":"wider","padding_tablet":{"unit":"px","top":"60","right":"0","bottom":"0","left":"0","isLinked":false},"layout":"full_width","z_index":9,"margin_mobile":{"unit":"px","top":"0","right":0,"bottom":"0","left":0,"isLinked":true},"padding_mobile":{"unit":"px","top":"0","right":"0","bottom":"0","left":"0","isLinked":true}},"elements":[{"id":"5496f7fc","settings":{"_column_size":33,"_inline_size":32.46300000000000096633812063373625278472900390625,"padding_tablet":{"unit":"px","top":"15","right":"15","bottom":"15","left":"15","isLinked":true},"padding_mobile":{"unit":"em","top":"1","right":"1","bottom":"1","left":"1","isLinked":true},"space_between_widgets":0,"padding":{"unit":"px","top":"20","right":"20","bottom":"20","left":"0","isLinked":false},"animation":"fadeInUp","animation_duration":"fast","content_position":"top","_inline_size_tablet":33},"elements":[{"id":"2fee95aa","settings":{"title":"Appointments &amp; Exams","align":"left","title_color":"#2e70ce","typography_typography":"custom","typography_font_size":{"unit":"rem","size":1.1999999999999999555910790149937383830547332763671875},"header_size":"h4","typography_font_family":"Noto Sans","typography_letter_spacing":{"unit":"px","size":-0.299999999999999988897769753748434595763683319091796875},"typography_font_weight":"bold","align_mobile":"center","typography_font_size_tablet":{"unit":"rem","size":""},"typography_line_height":{"unit":"em","size":1},"_margin":{"unit":"px","top":"0","right":"0","bottom":"0","left":"4","isLinked":false},"animation_duration":"fast","_animation_delay":300},"elements":[],"isInner":false,"widgetType":"heading","elType":"widget"},{"id":"1ec8f4d0","settings":{"editor":"<p>In-person or online<\/p>","align":"left","text_color":"#3d79b5","typography_typography":"custom","typography_font_family":"Noto Sans","typography_font_size":{"unit":"rem","size":0.90000000000000002220446049250313080847263336181640625},"typography_line_height":{"unit":"em","size":1.399999999999999911182158029987476766109466552734375},"align_mobile":"center","typography_font_weight":"500","typography_font_style":"italic","_margin":{"unit":"px","top":"0","right":"0","bottom":"0","left":"2","isLinked":false},"animation_duration":"fast","_animation_delay":500},"elements":[],"isInner":false,"widgetType":"text-editor","elType":"widget"},{"id":"28e9cf0b","settings":{"text":"Book Online","align":"left","typography_typography":"custom","typography_font_size":{"unit":"px","size":11},"typography_font_weight":"700","typography_text_transform":"uppercase","button_text_color":"#ffffff","background_color":"#2e70ce","hover_color":"#ffffff","button_background_hover_color":"#5286ce","border_radius":{"unit":"px","top":"30","right":"30","bottom":"30","left":"30","isLinked":true},"text_padding":{"unit":"em","top":"","right":"","bottom":"","left":"","isLinked":false},"_padding":{"unit":"px","top":"0","right":"0","bottom":"0","left":"0","isLinked":false},"typography_font_family":"Noto Sans","typography_line_height":{"unit":"em","size":1.399999999999999911182158029987476766109466552734375},"button_hover_border_color":"#0056ce","hover_animation":"float","border_border":"solid","border_width":{"unit":"px","top":"0","right":"0","bottom":"0","left":"0","isLinked":true},"typography_letter_spacing":{"unit":"px","size":0.5},"_margin":{"unit":"px","top":"20","right":"0","bottom":"0","left":"0","isLinked":false},"size":"md","border_color":"#0055e8","button_box_shadow_box_shadow_type":"yes","button_box_shadow_box_shadow":{"horizontal":-2,"vertical":20,"blur":32,"spread":-17,"color":"rgba(97,192,211,0.84)"},"align_mobile":"center"},"elements":[],"isInner":false,"widgetType":"button","elType":"widget"}],"isInner":true,"elType":"column"},{"id":"553c82a0","settings":{"_column_size":33,"_inline_size":32.46300000000000096633812063373625278472900390625,"padding_tablet":{"unit":"px","top":"15","right":"15","bottom":"15","left":"15","isLinked":true},"padding_mobile":{"unit":"em","top":"1","right":"1","bottom":"1","left":"1","isLinked":true},"space_between_widgets":0,"padding":{"unit":"px","top":"20","right":"20","bottom":"20","left":"0","isLinked":false},"animation":"fadeInUp","animation_duration":"fast","content_position":"top","_inline_size_tablet":33},"elements":[{"id":"7eaeadeb","settings":{"title":"Directions &amp; Locations","align":"left","title_color":"#2e70ce","typography_typography":"custom","typography_font_size":{"unit":"rem","size":1.1999999999999999555910790149937383830547332763671875},"header_size":"h4","typography_font_family":"Noto Sans","typography_letter_spacing":{"unit":"px","size":-0.299999999999999988897769753748434595763683319091796875},"typography_font_weight":"bold","align_mobile":"center","typography_font_size_tablet":{"unit":"rem","size":""},"typography_line_height":{"unit":"em","size":1},"_margin":{"unit":"px","top":"0","right":"0","bottom":"0","left":"0","isLinked":false},"animation_duration":"fast","_animation_delay":300},"elements":[],"isInner":false,"widgetType":"heading","elType":"widget"},{"id":"1d7c0df9","settings":{"editor":"<p>Find a carer near you<\/p>","align":"left","text_color":"#3d79b5","typography_typography":"custom","typography_font_family":"Noto Sans","typography_font_size":{"unit":"rem","size":0.90000000000000002220446049250313080847263336181640625},"typography_line_height":{"unit":"em","size":1.399999999999999911182158029987476766109466552734375},"align_mobile":"center","typography_font_weight":"500","typography_font_style":"italic","_margin":{"unit":"px","top":"0","right":"0","bottom":"0","left":"0","isLinked":false},"animation_duration":"fast","_animation_delay":500},"elements":[],"isInner":false,"widgetType":"text-editor","elType":"widget"},{"id":"72fe601e","settings":{"text":"View a Map","align":"left","typography_typography":"custom","typography_font_size":{"unit":"rem","size":0.8000000000000000444089209850062616169452667236328125},"typography_font_weight":"700","typography_text_transform":"uppercase","button_text_color":"#2e70ce","background_color":"rgba(46,112,206,0)","hover_color":"#4054b2","button_background_hover_color":"rgba(29,35,102,0)","border_radius":{"unit":"px","top":"30","right":"30","bottom":"30","left":"30","isLinked":true},"text_padding":{"unit":"em","top":"0","right":"0","bottom":"0","left":"0","isLinked":false},"_padding":{"unit":"px","top":"0","right":"0","bottom":"0","left":"0","isLinked":false},"typography_font_family":"Noto Sans","typography_line_height":{"unit":"em","size":3.5},"button_hover_border_color":"#2e70ce","hover_animation":"float","border_border":"solid","border_width":{"unit":"px","top":"0","right":"0","bottom":"0","left":"0","isLinked":true},"typography_letter_spacing":{"unit":"px","size":0.5},"_margin":{"unit":"px","top":"20","right":"0","bottom":"0","left":"0","isLinked":false},"size":"md","icon":"fa fa-map","border_color":"#0055e8","align_mobile":"center","selected_icon":{"value":"fas fa-map","library":"fa-solid"}},"elements":[],"isInner":false,"widgetType":"button","elType":"widget"}],"isInner":true,"elType":"column"},{"id":"5ac556f9","settings":{"_column_size":33,"_inline_size":32.46300000000000096633812063373625278472900390625,"padding_tablet":{"unit":"px","top":"15","right":"15","bottom":"15","left":"15","isLinked":true},"padding_mobile":{"unit":"em","top":"1","right":"1","bottom":"1","left":"1","isLinked":true},"space_between_widgets":0,"padding":{"unit":"px","top":"20","right":"20","bottom":"20","left":"0","isLinked":false},"animation":"fadeInUp","animation_duration":"fast","content_position":"top","_inline_size_tablet":33},"elements":[{"id":"f4e4860","settings":{"title":"Our Doctors","align":"left","title_color":"#2e70ce","typography_typography":"custom","typography_font_size":{"unit":"rem","size":1.1999999999999999555910790149937383830547332763671875},"header_size":"h4","typography_font_family":"Noto Sans","typography_letter_spacing":{"unit":"px","size":-0.299999999999999988897769753748434595763683319091796875},"typography_font_weight":"bold","align_mobile":"center","typography_font_size_tablet":{"unit":"rem","size":""},"typography_line_height":{"unit":"em","size":1},"_margin":{"unit":"px","top":"0","right":"0","bottom":"0","left":"0","isLinked":false},"animation_duration":"fast","_animation_delay":300,"_margin_mobile":{"unit":"px","top":"0","right":"0","bottom":"0","left":"0","isLinked":true},"_padding_tablet":{"unit":"px","top":"0","right":"0","bottom":"19","left":"0","isLinked":false},"_padding_mobile":{"unit":"px","top":"0","right":"0","bottom":"0","left":"0","isLinked":true}},"elements":[],"isInner":false,"widgetType":"heading","elType":"widget"},{"id":"6cc88fde","settings":{"space":{"unit":"px","size":10}},"elements":[],"isInner":false,"widgetType":"spacer","elType":"widget"},{"id":"73539989","settings":{"editor":"<p>Fully Qualified<\/p>","align":"left","text_color":"#3d79b5","typography_typography":"custom","typography_font_family":"Noto Sans","typography_font_size":{"unit":"rem","size":0.90000000000000002220446049250313080847263336181640625},"typography_line_height":{"unit":"em","size":1.399999999999999911182158029987476766109466552734375},"align_mobile":"center","typography_font_weight":"500","typography_font_style":"italic","_margin":{"unit":"px","top":"-9","right":"0","bottom":"0","left":"0","isLinked":false},"animation_duration":"fast","_animation_delay":500,"_margin_mobile":{"unit":"px","top":"0","right":"0","bottom":"0","left":"0","isLinked":true},"_padding_mobile":{"unit":"px","top":"0","right":"0","bottom":"0","left":"0","isLinked":true}},"elements":[],"isInner":false,"widgetType":"text-editor","elType":"widget"},{"id":"1d0da4b0","settings":{"text":"Pick a Doctor","align":"left","typography_typography":"custom","typography_font_size":{"unit":"rem","size":0.8000000000000000444089209850062616169452667236328125},"typography_font_weight":"700","typography_text_transform":"uppercase","button_text_color":"#2e70ce","background_color":"rgba(46,112,206,0)","hover_color":"#4054b2","button_background_hover_color":"rgba(29,35,102,0)","border_radius":{"unit":"px","top":"30","right":"30","bottom":"30","left":"30","isLinked":true},"text_padding":{"unit":"em","top":"0","right":"0","bottom":"0","left":"0","isLinked":false},"_padding":{"unit":"px","top":"0","right":"0","bottom":"0","left":"0","isLinked":false},"typography_font_family":"Noto Sans","typography_line_height":{"unit":"em","size":3.5},"button_hover_border_color":"#2e70ce","hover_animation":"float","border_border":"solid","border_width":{"unit":"px","top":"0","right":"0","bottom":"0","left":"0","isLinked":true},"_margin":{"unit":"px","top":"20","right":"0","bottom":"0","left":"0","isLinked":false},"size":"md","icon":"fa fa-medkit","border_color":"#0055e8","align_mobile":"center","selected_icon":{"value":"fas fa-medkit","library":"fa-solid"}},"elements":[],"isInner":false,"widgetType":"button","elType":"widget"}],"isInner":true,"elType":"column"}],"isInner":true,"elType":"section"}],"isInner":false,"elType":"column"},{"id":"5a762a9","settings":{"_column_size":50,"_inline_size":45.02799999999999869260136620141565799713134765625,"content_position":"top","background_color":"#4054b2","background_size":"cover","background_overlay_background":"classic","background_overlay_position":"center center","background_overlay_size":"cover","background_overlay_opacity":{"unit":"px","size":1},"_inline_size_tablet":100},"elements":[{"id":"2992b186","settings":{"icon":"fa fa-plus","primary_color":"#f44e4e","size":{"unit":"px","size":76},"_margin":{"unit":"px","top":"0","right":"0","bottom":"-26","left":"0","isLinked":false},"_z_index":9,"_animation":"bounceIn","animation_duration":"fast","align":"right","align_tablet":"right","align_mobile":"center","_margin_tablet":{"unit":"%","top":"0","right":"0","bottom":"0","left":"0","isLinked":false}},"elements":[],"isInner":false,"widgetType":"icon","elType":"widget"}],"isInner":false,"elType":"column"}],"isInner":false,"elType":"section"},{"id":"1006935c","settings":{"gap":"no","custom_height":{"unit":"px","size":700},"content_position":"middle","padding":{"unit":"px","top":"120","right":"0","bottom":"120","left":"0","isLinked":false},"padding_tablet":{"unit":"px","top":"80","right":"20","bottom":"80","left":"20","isLinked":false},"padding_mobile":{"unit":"px","top":"50","right":"20","bottom":"50","left":"20","isLinked":false},"content_width":{"unit":"px","size":1400},"background_background":"classic","background_color":"#e9eff9","border_width":{"unit":"px","top":"1","right":"0","bottom":"0","left":"0","isLinked":false},"border_color":"#d4e3f9"},"elements":[{"id":"63a2e5bb","settings":{"_column_size":100,"space_between_widgets":0},"elements":[{"id":"36c39cdd","settings":{"title":"Why choose us?","align":"center","title_color":"#1d2366","typography_typography":"custom","typography_font_size":{"unit":"rem","size":2.5},"typography_font_weight":"300","header_size":"h3","typography_font_family":"Noto Sans","_animation":"fadeInUp","animation_duration":"fast","align_mobile":"center","typography_font_size_tablet":{"unit":"px","size":42},"typography_line_height":{"unit":"em","size":0.8000000000000000444089209850062616169452667236328125},"_margin":{"unit":"px","top":"0","right":"0","bottom":"40","left":"0","isLinked":false},"_animation_delay":300,"typography_font_size_mobile":{"unit":"rem","size":2.29999999999999982236431605997495353221893310546875}},"elements":[],"isInner":false,"widgetType":"heading","elType":"widget"},{"id":"7268d4a3","settings":{"structure":"40","padding":{"unit":"px","top":"20","right":"0","bottom":"0","left":"0","isLinked":false},"gap":"no","content_position":"top","padding_mobile":{"unit":"px","top":"0","right":"0","bottom":"0","left":"0","isLinked":true}},"elements":[{"id":"357f88f2","settings":{"_column_size":25,"_inline_size":null,"margin":{"unit":"px","top":"10","right":"10","bottom":"10","left":"10","isLinked":true},"padding":{"unit":"em","top":"2","right":"1","bottom":"2","left":"1","isLinked":false},"border_width":{"unit":"px","top":"1","right":"1","bottom":"1","left":"1","isLinked":true},"border_color":"#e5e5e5","border_hover_width":{"unit":"px","top":"1","right":"1","bottom":"1","left":"1","isLinked":true},"border_hover_color":"#01bf83","padding_tablet":{"unit":"px","top":"40","right":"15","bottom":"40","left":"15","isLinked":false},"box_shadow_hover_box_shadow":{"horizontal":0,"vertical":22,"blur":20,"spread":2,"color":"rgba(97,192,211,0.26)"},"animation":"fadeInUp","animation_duration":"fast","background_hover_background":"classic","background_hover_color":"#ffffff","background_hover_transition":{"unit":"px","size":0.90000000000000002220446049250313080847263336181640625},"border_radius":{"unit":"px","top":"10","right":"10","bottom":"10","left":"10","isLinked":true},"box_shadow_hover_box_shadow_type":"yes","background_background":"classic","background_color":"#e9eff9","_inline_size_tablet":50},"elements":[{"id":"5e553a9d","settings":{"text":"1","align":"center","size":"xs","typography_typography":"custom","typography_font_family":"Noto Sans","typography_font_size":{"unit":"rem","size":1},"typography_font_weight":"800","background_color":"#5286ce","border_radius":{"unit":"%","top":"100","right":"100","bottom":"100","left":"100","isLinked":true},"text_padding":{"unit":"px","top":"4","right":"8","bottom":"4","left":"8","isLinked":false},"_margin":{"unit":"px","top":"0","right":"0","bottom":"-36","left":"-65","isLinked":false},"_z_index":8},"elements":[],"isInner":false,"widgetType":"button","elType":"widget"},{"id":"5a628144","settings":{"image":{"id":"3645","url":"https:\/\/cliente.shazamlnv.com\/setasolar\/wp-content\/uploads\/2022\/04\/undraw_add_user_s.png"},"width":{"unit":"%","size":75},"css_filters_brightness":{"unit":"px","size":105},"css_filters_contrast":{"unit":"px","size":98},"css_filters_saturate":{"unit":"px","size":141},"css_filters_hue":{"unit":"px","size":53}},"elements":[],"isInner":false,"widgetType":"image","elType":"widget"},{"id":"2d227650","settings":{"title":"Qualified Doctors","align":"center","title_color":"#2e70ce","typography_typography":"custom","typography_font_size":{"unit":"rem","size":1.1999999999999999555910790149937383830547332763671875},"header_size":"h4","typography_font_family":"Noto Sans","typography_letter_spacing":{"unit":"px","size":-0.299999999999999988897769753748434595763683319091796875},"typography_font_weight":"bold","align_mobile":"center","typography_font_size_tablet":{"unit":"rem","size":""},"typography_line_height":{"unit":"em","size":0.40000000000000002220446049250313080847263336181640625},"_margin":{"unit":"px","top":"40","right":"0","bottom":"0","left":"4","isLinked":false},"animation_duration":"fast","_animation_delay":300},"elements":[],"isInner":false,"widgetType":"heading","elType":"widget"},{"id":"11850fa7","settings":{"align":"center","text_color":"#3d79b5","typography_typography":"custom","typography_font_family":"Noto Sans","typography_font_size":{"unit":"rem","size":0.90000000000000002220446049250313080847263336181640625},"typography_line_height":{"unit":"em","size":1.399999999999999911182158029987476766109466552734375},"editor":"<p>We fight the hardest conditions with hardest resources.<\/p>","align_mobile":"center","typography_font_weight":"500","typography_font_style":"italic","_margin":{"unit":"px","top":"0","right":"0","bottom":"0","left":"0","isLinked":false},"animation_duration":"fast","_animation_delay":500},"elements":[],"isInner":false,"widgetType":"text-editor","elType":"widget"},{"id":"bd2433f","settings":{"text":"Read More","align":"center","typography_typography":"custom","typography_font_size":{"unit":"px","size":11},"typography_font_weight":"700","typography_text_transform":"uppercase","button_text_color":"#2e70ce","background_color":"rgba(46,112,206,0)","hover_color":"#ffffff","button_background_hover_color":"#5286ce","border_radius":{"unit":"px","top":"30","right":"30","bottom":"30","left":"30","isLinked":true},"text_padding":{"unit":"em","top":"","right":"","bottom":"","left":"","isLinked":false},"_padding":{"unit":"px","top":"0","right":"0","bottom":"0","left":"0","isLinked":false},"typography_font_family":"Barlow","typography_line_height":{"unit":"em","size":1.399999999999999911182158029987476766109466552734375},"button_hover_border_color":"#2e70ce","hover_animation":"float","border_border":"solid","border_width":{"unit":"px","top":"0","right":"0","bottom":"0","left":"0","isLinked":true},"border_color":"#0055e8","icon":"fa fa-angle-right","icon_align":"right","typography_letter_spacing":{"unit":"px","size":0.5},"_margin":{"unit":"px","top":"20","right":"0","bottom":"0","left":"0","isLinked":false},"selected_icon":{"value":"fas fa-angle-right","library":"fa-solid"}},"elements":[],"isInner":false,"widgetType":"button","elType":"widget"}],"isInner":true,"elType":"column"},{"id":"4e3bbfa3","settings":{"_column_size":25,"_inline_size":null,"margin":{"unit":"px","top":"10","right":"10","bottom":"10","left":"10","isLinked":true},"padding":{"unit":"em","top":"2","right":"1","bottom":"2","left":"1","isLinked":false},"border_width":{"unit":"px","top":"1","right":"1","bottom":"1","left":"1","isLinked":true},"border_color":"#e5e5e5","border_hover_width":{"unit":"px","top":"1","right":"1","bottom":"1","left":"1","isLinked":true},"border_hover_color":"#01bf83","padding_tablet":{"unit":"px","top":"40","right":"15","bottom":"40","left":"15","isLinked":false},"animation":"fadeInUp","animation_duration":"fast","background_hover_background":"classic","background_hover_color":"#ffffff","background_hover_transition":{"unit":"px","size":0.90000000000000002220446049250313080847263336181640625},"border_radius":{"unit":"px","top":"10","right":"10","bottom":"10","left":"10","isLinked":true},"box_shadow_hover_box_shadow_type":"yes","box_shadow_hover_box_shadow":{"horizontal":0,"vertical":22,"blur":20,"spread":2,"color":"rgba(97,192,211,0.26)"},"background_background":"classic","background_color":"#e9eff9","_inline_size_tablet":50},"elements":[{"id":"49bc67a2","settings":{"text":"2","align":"center","size":"xs","typography_typography":"custom","typography_font_family":"Noto Sans","typography_font_size":{"unit":"rem","size":1},"typography_font_weight":"800","background_color":"#5286ce","border_radius":{"unit":"%","top":"100","right":"100","bottom":"100","left":"100","isLinked":true},"text_padding":{"unit":"px","top":"4","right":"8","bottom":"4","left":"8","isLinked":false},"_margin":{"unit":"px","top":"0","right":"0","bottom":"-36","left":"-65","isLinked":false},"_z_index":8},"elements":[],"isInner":false,"widgetType":"button","elType":"widget"},{"id":"26136901","settings":{"image":{"id":"3646","url":"https:\/\/cliente.shazamlnv.com\/setasolar\/wp-content\/uploads\/2022\/04\/undraw_calendar_s.png"},"width":{"unit":"%","size":57},"css_filters_brightness":{"unit":"px","size":105},"css_filters_contrast":{"unit":"px","size":98},"css_filters_saturate":{"unit":"px","size":141},"css_filters_hue":{"unit":"px","size":53}},"elements":[],"isInner":false,"widgetType":"image","elType":"widget"},{"id":"39a42f2d","settings":{"title":"Fast Response","align":"center","title_color":"#2e70ce","typography_typography":"custom","typography_font_size":{"unit":"rem","size":1.1999999999999999555910790149937383830547332763671875},"header_size":"h4","typography_font_family":"Noto Sans","typography_letter_spacing":{"unit":"px","size":-0.299999999999999988897769753748434595763683319091796875},"typography_font_weight":"bold","align_mobile":"center","typography_font_size_tablet":{"unit":"rem","size":""},"typography_line_height":{"unit":"em","size":0.40000000000000002220446049250313080847263336181640625},"_margin":{"unit":"px","top":"40","right":"0","bottom":"0","left":"4","isLinked":false},"animation_duration":"fast","_animation_delay":300},"elements":[],"isInner":false,"widgetType":"heading","elType":"widget"},{"id":"45df90c6","settings":{"align":"center","text_color":"#3d79b5","typography_typography":"custom","typography_font_family":"Noto Sans","typography_font_size":{"unit":"rem","size":0.90000000000000002220446049250313080847263336181640625},"typography_line_height":{"unit":"em","size":1.399999999999999911182158029987476766109466552734375},"editor":"<p>Help your most hard working muscle keep working.<\/p>","align_mobile":"center","typography_font_weight":"500","typography_font_style":"italic","_margin":{"unit":"px","top":"0","right":"0","bottom":"0","left":"0","isLinked":false},"animation_duration":"fast","_animation_delay":500},"elements":[],"isInner":false,"widgetType":"text-editor","elType":"widget"},{"id":"4adc56fe","settings":{"text":"Read More","align":"center","typography_typography":"custom","typography_font_size":{"unit":"px","size":11},"typography_font_weight":"700","typography_text_transform":"uppercase","button_text_color":"#2e70ce","background_color":"rgba(46,112,206,0)","hover_color":"#ffffff","button_background_hover_color":"#5286ce","border_radius":{"unit":"px","top":"30","right":"30","bottom":"30","left":"30","isLinked":true},"text_padding":{"unit":"em","top":"","right":"","bottom":"","left":"","isLinked":false},"_padding":{"unit":"px","top":"0","right":"0","bottom":"0","left":"0","isLinked":false},"typography_font_family":"Barlow","typography_line_height":{"unit":"em","size":1.399999999999999911182158029987476766109466552734375},"button_hover_border_color":"#2e70ce","hover_animation":"float","border_border":"solid","border_width":{"unit":"px","top":"0","right":"0","bottom":"0","left":"0","isLinked":true},"border_color":"#0055e8","icon":"fa fa-angle-right","icon_align":"right","typography_letter_spacing":{"unit":"px","size":0.5},"_margin":{"unit":"px","top":"20","right":"0","bottom":"0","left":"0","isLinked":false},"selected_icon":{"value":"fas fa-angle-right","library":"fa-solid"}},"elements":[],"isInner":false,"widgetType":"button","elType":"widget"}],"isInner":true,"elType":"column"},{"id":"40faf95b","settings":{"_column_size":25,"_inline_size":null,"margin":{"unit":"px","top":"10","right":"10","bottom":"10","left":"10","isLinked":true},"padding":{"unit":"em","top":"2","right":"1","bottom":"2","left":"1","isLinked":false},"border_width":{"unit":"px","top":"1","right":"1","bottom":"1","left":"1","isLinked":true},"border_color":"#e5e5e5","border_hover_width":{"unit":"px","top":"1","right":"1","bottom":"1","left":"1","isLinked":true},"border_hover_color":"#01bf83","padding_tablet":{"unit":"px","top":"40","right":"15","bottom":"40","left":"15","isLinked":false},"animation":"fadeInUp","animation_duration":"fast","background_hover_background":"classic","background_hover_color":"#ffffff","background_hover_transition":{"unit":"px","size":0.90000000000000002220446049250313080847263336181640625},"border_radius":{"unit":"px","top":"10","right":"10","bottom":"10","left":"10","isLinked":true},"box_shadow_hover_box_shadow_type":"yes","box_shadow_hover_box_shadow":{"horizontal":0,"vertical":22,"blur":20,"spread":2,"color":"rgba(97,192,211,0.26)"},"background_background":"classic","background_color":"#e9eff9","_inline_size_tablet":50},"elements":[{"id":"a9c00b2","settings":{"text":"3","align":"center","size":"xs","typography_typography":"custom","typography_font_family":"Noto Sans","typography_font_size":{"unit":"rem","size":1},"typography_font_weight":"800","background_color":"#5286ce","border_radius":{"unit":"%","top":"100","right":"100","bottom":"100","left":"100","isLinked":true},"text_padding":{"unit":"px","top":"4","right":"8","bottom":"4","left":"8","isLinked":false},"_margin":{"unit":"px","top":"0","right":"0","bottom":"-36","left":"-65","isLinked":false},"_z_index":8},"elements":[],"isInner":false,"widgetType":"button","elType":"widget"},{"id":"68f41106","settings":{"image":{"id":"3647","url":"https:\/\/cliente.shazamlnv.com\/setasolar\/wp-content\/uploads\/2022\/04\/undraw_typing_s.png"},"width":{"unit":"%","size":63},"css_filters_brightness":{"unit":"px","size":105},"css_filters_contrast":{"unit":"px","size":98},"css_filters_saturate":{"unit":"px","size":141},"css_filters_hue":{"unit":"px","size":53}},"elements":[],"isInner":false,"widgetType":"image","elType":"widget"},{"id":"1f10c0d0","settings":{"title":"Easy Checkups","align":"center","title_color":"#2e70ce","typography_typography":"custom","typography_font_size":{"unit":"rem","size":1.1999999999999999555910790149937383830547332763671875},"header_size":"h4","typography_font_family":"Noto Sans","typography_letter_spacing":{"unit":"px","size":-0.299999999999999988897769753748434595763683319091796875},"typography_font_weight":"bold","align_mobile":"center","typography_font_size_tablet":{"unit":"rem","size":""},"typography_line_height":{"unit":"em","size":0.40000000000000002220446049250313080847263336181640625},"_margin":{"unit":"px","top":"40","right":"0","bottom":"0","left":"4","isLinked":false},"animation_duration":"fast","_animation_delay":300},"elements":[],"isInner":false,"widgetType":"heading","elType":"widget"},{"id":"2bd6fb5e","settings":{"editor":"<p>Not only the brain, but the whole neuro-system of your body.<\/p>","align":"center","text_color":"#3d79b5","typography_typography":"custom","typography_font_family":"Noto Sans","typography_font_size":{"unit":"rem","size":0.90000000000000002220446049250313080847263336181640625},"typography_line_height":{"unit":"em","size":1.399999999999999911182158029987476766109466552734375},"align_mobile":"center","typography_font_weight":"500","typography_font_style":"italic","_margin":{"unit":"px","top":"0","right":"0","bottom":"0","left":"0","isLinked":false},"animation_duration":"fast","_animation_delay":500},"elements":[],"isInner":false,"widgetType":"text-editor","elType":"widget"},{"id":"573eaabc","settings":{"text":"Read More","align":"center","typography_typography":"custom","typography_font_size":{"unit":"px","size":11},"typography_font_weight":"700","typography_text_transform":"uppercase","button_text_color":"#2e70ce","background_color":"rgba(46,112,206,0)","hover_color":"#ffffff","button_background_hover_color":"#5286ce","border_radius":{"unit":"px","top":"30","right":"30","bottom":"30","left":"30","isLinked":true},"text_padding":{"unit":"em","top":"","right":"","bottom":"","left":"","isLinked":false},"_padding":{"unit":"px","top":"0","right":"0","bottom":"0","left":"0","isLinked":false},"typography_font_family":"Barlow","typography_line_height":{"unit":"em","size":1.399999999999999911182158029987476766109466552734375},"button_hover_border_color":"#2e70ce","hover_animation":"float","border_border":"solid","border_width":{"unit":"px","top":"0","right":"0","bottom":"0","left":"0","isLinked":true},"border_color":"#0055e8","icon":"fa fa-angle-right","icon_align":"right","typography_letter_spacing":{"unit":"px","size":0.5},"_margin":{"unit":"px","top":"20","right":"0","bottom":"0","left":"0","isLinked":false},"selected_icon":{"value":"fas fa-angle-right","library":"fa-solid"}},"elements":[],"isInner":false,"widgetType":"button","elType":"widget"}],"isInner":true,"elType":"column"},{"id":"77672764","settings":{"_column_size":25,"_inline_size":null,"margin":{"unit":"px","top":"10","right":"10","bottom":"10","left":"10","isLinked":true},"padding":{"unit":"em","top":"2","right":"1","bottom":"2","left":"1","isLinked":false},"border_width":{"unit":"px","top":"1","right":"1","bottom":"1","left":"1","isLinked":true},"border_color":"#e5e5e5","border_hover_width":{"unit":"px","top":"1","right":"1","bottom":"1","left":"1","isLinked":true},"border_hover_color":"#01bf83","padding_tablet":{"unit":"px","top":"40","right":"15","bottom":"40","left":"15","isLinked":false},"animation":"fadeInUp","animation_duration":"fast","background_hover_background":"classic","background_hover_color":"#ffffff","background_hover_transition":{"unit":"px","size":0.90000000000000002220446049250313080847263336181640625},"border_radius":{"unit":"px","top":"10","right":"10","bottom":"10","left":"10","isLinked":true},"box_shadow_hover_box_shadow_type":"yes","box_shadow_hover_box_shadow":{"horizontal":0,"vertical":22,"blur":20,"spread":2,"color":"rgba(97,192,211,0.26)"},"background_background":"classic","background_color":"#e9eff9","_inline_size_tablet":50},"elements":[{"id":"7988479e","settings":{"text":"4","align":"center","size":"xs","typography_typography":"custom","typography_font_family":"Noto Sans","typography_font_size":{"unit":"rem","size":1},"typography_font_weight":"800","background_color":"#5286ce","border_radius":{"unit":"%","top":"100","right":"100","bottom":"100","left":"100","isLinked":true},"text_padding":{"unit":"px","top":"4","right":"8","bottom":"4","left":"8","isLinked":false},"_margin":{"unit":"px","top":"0","right":"0","bottom":"-36","left":"-65","isLinked":false},"_z_index":8},"elements":[],"isInner":false,"widgetType":"button","elType":"widget"},{"id":"6fe85f39","settings":{"image":{"id":"3648","url":"https:\/\/cliente.shazamlnv.com\/setasolar\/wp-content\/uploads\/2022\/04\/undraw_safe_s.png"},"width":{"unit":"%","size":80},"css_filters_brightness":{"unit":"px","size":105},"css_filters_contrast":{"unit":"px","size":98},"css_filters_saturate":{"unit":"px","size":141},"css_filters_hue":{"unit":"px","size":53}},"elements":[],"isInner":false,"widgetType":"image","elType":"widget"},{"id":"51b0bf30","settings":{"title":"Safe &amp; Secure","align":"center","title_color":"#2e70ce","typography_typography":"custom","typography_font_size":{"unit":"rem","size":1.1999999999999999555910790149937383830547332763671875},"header_size":"h4","typography_font_family":"Noto Sans","typography_letter_spacing":{"unit":"px","size":-0.299999999999999988897769753748434595763683319091796875},"typography_font_weight":"bold","align_mobile":"center","typography_font_size_tablet":{"unit":"rem","size":""},"typography_line_height":{"unit":"em","size":0.40000000000000002220446049250313080847263336181640625},"_margin":{"unit":"px","top":"40","right":"0","bottom":"0","left":"4","isLinked":false},"animation_duration":"fast","_animation_delay":300},"elements":[],"isInner":false,"widgetType":"heading","elType":"widget"},{"id":"ba7c310","settings":{"align":"center","text_color":"#3d79b5","typography_typography":"custom","typography_font_family":"Noto Sans","typography_font_size":{"unit":"rem","size":0.90000000000000002220446049250313080847263336181640625},"typography_line_height":{"unit":"em","size":1.399999999999999911182158029987476766109466552734375},"editor":"<p>Your teeth will be taken care of the best possible way<\/p>","align_mobile":"center","typography_font_weight":"500","typography_font_style":"italic","_margin":{"unit":"px","top":"0","right":"0","bottom":"0","left":"0","isLinked":false},"animation_duration":"fast","_animation_delay":500},"elements":[],"isInner":false,"widgetType":"text-editor","elType":"widget"},{"id":"1c361e3c","settings":{"text":"Read More","align":"center","typography_typography":"custom","typography_font_size":{"unit":"px","size":11},"typography_font_weight":"700","typography_text_transform":"uppercase","button_text_color":"#2e70ce","background_color":"rgba(46,112,206,0)","hover_color":"#ffffff","button_background_hover_color":"#5286ce","border_radius":{"unit":"px","top":"30","right":"30","bottom":"30","left":"30","isLinked":true},"text_padding":{"unit":"em","top":"","right":"","bottom":"","left":"","isLinked":false},"_padding":{"unit":"px","top":"0","right":"0","bottom":"0","left":"0","isLinked":false},"typography_font_family":"Barlow","typography_line_height":{"unit":"em","size":1.399999999999999911182158029987476766109466552734375},"button_hover_border_color":"#2e70ce","hover_animation":"float","border_border":"solid","border_width":{"unit":"px","top":"0","right":"0","bottom":"0","left":"0","isLinked":true},"border_color":"#0055e8","icon":"fa fa-angle-right","icon_align":"right","typography_letter_spacing":{"unit":"px","size":0.5},"_margin":{"unit":"px","top":"20","right":"0","bottom":"0","left":"0","isLinked":false},"selected_icon":{"value":"fas fa-angle-right","library":"fa-solid"}},"elements":[],"isInner":false,"widgetType":"button","elType":"widget"}],"isInner":true,"elType":"column"}],"isInner":true,"elType":"section"},{"id":"62b6a36b","settings":{"text":"All the Departments","align":"center","typography_typography":"custom","typography_font_size":{"unit":"px","size":11},"typography_font_weight":"700","typography_text_transform":"uppercase","button_text_color":"#ffffff","background_color":"#2e70ce","hover_color":"#ffffff","button_background_hover_color":"#5286ce","border_radius":{"unit":"px","top":"30","right":"30","bottom":"30","left":"30","isLinked":true},"text_padding":{"unit":"em","top":"","right":"","bottom":"","left":"","isLinked":false},"_padding":{"unit":"px","top":"0","right":"0","bottom":"0","left":"0","isLinked":false},"typography_font_family":"Noto Sans","typography_line_height":{"unit":"em","size":1.399999999999999911182158029987476766109466552734375},"button_hover_border_color":"#0056ce","hover_animation":"float","border_border":"solid","border_width":{"unit":"px","top":"0","right":"0","bottom":"0","left":"0","isLinked":true},"typography_letter_spacing":{"unit":"px","size":0.5},"_margin":{"unit":"px","top":"40","right":"0","bottom":"0","left":"0","isLinked":false},"size":"md","border_color":"#0055e8","button_box_shadow_box_shadow_type":"yes","button_box_shadow_box_shadow":{"horizontal":-2,"vertical":20,"blur":32,"spread":-17,"color":"rgba(97,192,211,0.84)"}},"elements":[],"isInner":false,"widgetType":"button","elType":"widget"}],"isInner":false,"elType":"column"}],"isInner":false,"elType":"section"},{"id":"1188d4d8","settings":{"stretch_section":"section-stretched","content_width":{"unit":"px","size":700},"custom_height":{"unit":"px","size":700},"background_background":"classic","background_color":"#ffffff","background_color_stop":{"unit":"%","size":13},"background_color_b":"#e9eff9","background_color_b_stop":{"unit":"%","size":98},"background_gradient_angle":{"unit":"deg","size":360},"shape_divider_top":"waves","shape_divider_top_color":"#e9eff9","shape_divider_top_width":{"unit":"%","size":300},"shape_divider_top_height":{"unit":"px","size":35},"shape_divider_top_flip":"yes","shape_divider_top_negative":"yes","shape_divider_bottom":"waves","shape_divider_bottom_width":{"unit":"%","size":156},"shape_divider_bottom_height":{"unit":"px","size":142},"padding":{"unit":"px","top":"140","right":"0","bottom":"70","left":"0","isLinked":false},"margin_mobile":{"unit":"px","top":"0","right":0,"bottom":"0","left":0,"isLinked":true},"padding_tablet":{"unit":"em","top":"4","right":"1","bottom":"0","left":"1","isLinked":false},"padding_mobile":{"unit":"em","top":"3","right":"1","bottom":"0","left":"1","isLinked":false}},"elements":[{"id":"5b6c44fc","settings":{"_column_size":100,"_inline_size":null,"padding_mobile":{"unit":"em","top":"1","right":"1","bottom":"1","left":"1","isLinked":true}},"elements":[{"id":"7a14a2fb","settings":{"title":"How does it work?","align":"center","title_color":"#1d2366","typography_typography":"custom","typography_font_size":{"unit":"rem","size":2.5},"typography_font_weight":"300","header_size":"h3","typography_font_family":"Noto Sans","_animation":"fadeInUp","animation_duration":"fast","align_mobile":"center","typography_font_size_tablet":{"unit":"px","size":42},"typography_line_height":{"unit":"em","size":0.8000000000000000444089209850062616169452667236328125},"_margin":{"unit":"px","top":"0","right":"0","bottom":"40","left":"0","isLinked":false},"_animation_delay":300,"typography_font_size_mobile":{"unit":"rem","size":2.29999999999999982236431605997495353221893310546875}},"elements":[],"isInner":false,"widgetType":"heading","elType":"widget"},{"id":"8bbb513","settings":{"editor":"<p>From immunizations to checkups and\u00a0 preventive care,\u00a0 exams, our primary care physicians and providers work to keep you and your whole family healthy and strong each and every day.<\/p>","align":"center","text_color":"#3d79b5","typography_typography":"custom","typography_font_size":{"unit":"rem","size":1},"typography_line_height":{"unit":"em","size":1.600000000000000088817841970012523233890533447265625},"typography_font_family":"Noto Sans","typography_font_weight":"500","_animation":"fadeIn","animation_duration":"fast","_animation_delay":500,"align_mobile":"center"},"elements":[],"isInner":false,"widgetType":"text-editor","elType":"widget"}],"isInner":false,"elType":"column"}],"isInner":false,"elType":"section"},{"id":"15442bed","settings":{"stretch_section":"section-stretched","layout":"full_width","custom_height":{"unit":"px","size":700},"structure":"20","padding":{"unit":"%","top":"0","right":"6","bottom":"0","left":"6","isLinked":false},"padding_tablet":{"unit":"em","top":"1","right":"1","bottom":"1","left":"1","isLinked":true},"background_background":"classic","background_color":"#ffffff"},"elements":[{"id":"717e74d4","settings":{"_column_size":50,"_inline_size":null,"content_position":"center"},"elements":[{"id":"c04126c","settings":{"image":{"id":"3649","url":"https:\/\/cliente.shazamlnv.com\/setasolar\/wp-content\/uploads\/2022\/04\/undraw_group_chat_v059.png"},"align_tablet":"left","_margin_tablet":{"unit":"px","top":"0","right":"-57","bottom":"0","left":"-30","isLinked":false}},"elements":[],"isInner":false,"widgetType":"image","elType":"widget"}],"isInner":false,"elType":"column"},{"id":"6b8f7dec","settings":{"_column_size":50,"_inline_size":null,"padding":{"unit":"%","top":"10","right":"10","bottom":"10","left":"10","isLinked":true},"margin_tablet":{"unit":"px","top":"0","right":"0","bottom":"0","left":"0","isLinked":true},"padding_tablet":{"unit":"px","top":"0","right":"0","bottom":"0","left":"0","isLinked":true}},"elements":[{"id":"4d5d6b3f","settings":{"content_width":{"unit":"px","size":460}},"elements":[{"id":"5515e2b8","settings":{"_column_size":100,"_inline_size":null,"padding_tablet":{"unit":"em","top":"1","right":"1","bottom":"1","left":"1","isLinked":true}},"elements":[{"id":"7d28b7d3","settings":{"title":"Step 1","align":"left","title_color":"#2e70ce","typography_typography":"custom","typography_font_size":{"unit":"rem","size":0.90000000000000002220446049250313080847263336181640625},"header_size":"h4","typography_font_family":"Noto Sans","typography_letter_spacing":{"unit":"px","size":-0.299999999999999988897769753748434595763683319091796875},"typography_font_weight":"bold","align_mobile":"center","typography_font_size_tablet":{"unit":"rem","size":""},"typography_text_transform":"uppercase","typography_line_height":{"unit":"em","size":0.40000000000000002220446049250313080847263336181640625},"_margin":{"unit":"px","top":"40","right":"0","bottom":"0","left":"0","isLinked":false},"_animation":"fadeInDown","animation_duration":"fast","_animation_delay":300},"elements":[],"isInner":false,"widgetType":"heading","elType":"widget"},{"id":"7f2b104c","settings":{"title":"Get matched with the right doctor for you.","align":"left","title_color":"#1d2366","typography_typography":"custom","typography_font_size":{"unit":"rem","size":2.100000000000000088817841970012523233890533447265625},"typography_font_weight":"300","header_size":"h3","typography_font_family":"Noto Sans","_animation":"fadeInUp","animation_duration":"fast","align_mobile":"center","typography_font_size_tablet":{"unit":"rem","size":1.899999999999999911182158029987476766109466552734375},"typography_line_height":{"unit":"em","size":1},"_margin":{"unit":"px","top":"20","right":"0","bottom":"0","left":"0","isLinked":false},"_animation_delay":300},"elements":[],"isInner":false,"widgetType":"heading","elType":"widget"},{"id":"5ed8cc0","settings":{"editor":"<p>From immunizations to checkups and\u00a0 preventive care,\u00a0 exams, our primary care physicians and providers work to keep you and your whole family healthy and strong each and every day.<\/p>","align":"left","text_color":"#3d79b5","typography_typography":"custom","typography_font_size":{"unit":"rem","size":1},"typography_line_height":{"unit":"em","size":1.600000000000000088817841970012523233890533447265625},"typography_font_family":"Noto Sans","typography_font_weight":"500","_animation":"fadeIn","animation_duration":"fast","_animation_delay":500,"align_mobile":"center","_margin":{"unit":"px","top":"40","right":"0","bottom":"0","left":"0","isLinked":false},"_padding":{"unit":"%","top":"0","right":"0","bottom":"0","left":"0","isLinked":false},"typography_font_size_tablet":{"unit":"rem","size":0.90000000000000002220446049250313080847263336181640625},"typography_font_size_mobile":{"unit":"rem","size":0.8000000000000000444089209850062616169452667236328125}},"elements":[],"isInner":false,"widgetType":"text-editor","elType":"widget"}],"isInner":true,"elType":"column"}],"isInner":true,"elType":"section"}],"isInner":false,"elType":"column"}],"isInner":false,"elType":"section"},{"id":"5641a3f2","settings":{"stretch_section":"section-stretched","layout":"full_width","custom_height":{"unit":"px","size":700},"structure":"20","background_background":"classic","background_color":"#ffffff","background_color_stop":{"unit":"%","size":60},"background_color_b":"#e9eff9","background_color_b_stop":{"unit":"%","size":98},"background_gradient_angle":{"unit":"deg","size":290},"shape_divider_top":"waves","shape_divider_top_width":{"unit":"%","size":102},"shape_divider_top_height":{"unit":"px","size":98},"shape_divider_top_flip":"yes","shape_divider_top_negative":"yes","padding":{"unit":"%","top":"06","right":"6","bottom":"0","left":"6","isLinked":false},"margin_tablet":{"unit":"px","top":"0","right":0,"bottom":"0","left":0,"isLinked":true},"padding_tablet":{"unit":"em","top":"1","right":"1","bottom":"1","left":"1","isLinked":true},"reverse_order_mobile":"reverse-mobile"},"elements":[{"id":"19263e30","settings":{"_column_size":50,"_inline_size":null,"padding":{"unit":"%","top":"10","right":"10","bottom":"10","left":"10","isLinked":true},"margin_tablet":{"unit":"px","top":"0","right":"0","bottom":"0","left":"0","isLinked":true},"padding_tablet":{"unit":"px","top":"0","right":"0","bottom":"0","left":"0","isLinked":true}},"elements":[{"id":"481cc3aa","settings":{"content_width":{"unit":"px","size":460},"padding_mobile":{"unit":"em","top":"0","right":"0","bottom":"0","left":"0","isLinked":true}},"elements":[{"id":"4298f3c","settings":{"_column_size":100,"_inline_size":null,"padding_mobile":{"unit":"em","top":"1","right":"1","bottom":"1","left":"1","isLinked":true}},"elements":[{"id":"281a8799","settings":{"title":"step 2","align":"left","title_color":"#2e70ce","typography_typography":"custom","typography_font_size":{"unit":"rem","size":0.90000000000000002220446049250313080847263336181640625},"header_size":"h4","typography_font_family":"Noto Sans","typography_letter_spacing":{"unit":"px","size":-0.299999999999999988897769753748434595763683319091796875},"typography_font_weight":"bold","align_mobile":"center","typography_font_size_tablet":{"unit":"rem","size":""},"typography_text_transform":"uppercase","typography_line_height":{"unit":"em","size":0.40000000000000002220446049250313080847263336181640625},"_margin":{"unit":"px","top":"40","right":"0","bottom":"0","left":"0","isLinked":false},"_animation":"fadeInDown","animation_duration":"fast","_animation_delay":300},"elements":[],"isInner":false,"widgetType":"heading","elType":"widget"},{"id":"57b07015","settings":{"title":"Choose a date and time.","align":"left","title_color":"#1d2366","typography_typography":"custom","typography_font_size":{"unit":"rem","size":2.100000000000000088817841970012523233890533447265625},"typography_font_weight":"300","header_size":"h3","typography_font_family":"Noto Sans","_animation":"fadeInUp","animation_duration":"fast","align_mobile":"center","typography_font_size_tablet":{"unit":"rem","size":1.899999999999999911182158029987476766109466552734375},"typography_line_height":{"unit":"em","size":1},"_margin":{"unit":"px","top":"20","right":"0","bottom":"0","left":"0","isLinked":false},"_animation_delay":300},"elements":[],"isInner":false,"widgetType":"heading","elType":"widget"},{"id":"393cd19e","settings":{"editor":"<p>From immunizations to checkups and\u00a0 preventive care,\u00a0 exams, our primary care physicians and providers work to keep you and your whole family healthy and strong each and every day.<\/p>","align":"left","text_color":"#3d79b5","typography_typography":"custom","typography_font_size":{"unit":"rem","size":1},"typography_line_height":{"unit":"em","size":1.600000000000000088817841970012523233890533447265625},"typography_font_family":"Noto Sans","typography_font_weight":"500","_animation":"fadeIn","animation_duration":"fast","_animation_delay":500,"align_mobile":"center","_margin":{"unit":"px","top":"40","right":"0","bottom":"0","left":"0","isLinked":false},"_padding":{"unit":"%","top":"0","right":"0","bottom":"0","left":"0","isLinked":false},"typography_font_size_tablet":{"unit":"rem","size":0.90000000000000002220446049250313080847263336181640625},"typography_font_size_mobile":{"unit":"rem","size":0.8000000000000000444089209850062616169452667236328125}},"elements":[],"isInner":false,"widgetType":"text-editor","elType":"widget"}],"isInner":true,"elType":"column"}],"isInner":true,"elType":"section"}],"isInner":false,"elType":"column"},{"id":"573733a8","settings":{"_column_size":50,"_inline_size":null,"content_position":"center"},"elements":[{"id":"442fab6d","settings":{"image":{"id":"3650","url":"https:\/\/cliente.shazamlnv.com\/setasolar\/wp-content\/uploads\/2022\/04\/undraw_events_2p66.png"},"align_tablet":"left","_margin_tablet":{"unit":"px","top":"0","right":"-57","bottom":"0","left":"-30","isLinked":false}},"elements":[],"isInner":false,"widgetType":"image","elType":"widget"}],"isInner":false,"elType":"column"}],"isInner":false,"elType":"section"},{"id":"fa756d8","settings":{"stretch_section":"section-stretched","layout":"full_width","custom_height":{"unit":"px","size":700},"structure":"20","background_background":"classic","background_color":"#ffffff","background_color_stop":{"unit":"%","size":60},"background_color_b":"#e9eff9","background_color_b_stop":{"unit":"%","size":98},"background_gradient_angle":{"unit":"deg","size":30},"shape_divider_top":"waves","shape_divider_top_width":{"unit":"%","size":102},"shape_divider_top_height":{"unit":"px","size":98},"shape_divider_top_flip":"yes","shape_divider_top_negative":"yes","shape_divider_bottom":"waves","shape_divider_bottom_color":"#e9eff9","shape_divider_bottom_width":{"unit":"%","size":254},"shape_divider_bottom_height":{"unit":"px","size":35},"shape_divider_bottom_flip":"yes","shape_divider_bottom_above_content":"yes","padding":{"unit":"%","top":"0","right":"6","bottom":"0","left":"6","isLinked":false},"padding_tablet":{"unit":"em","top":"1","right":"1","bottom":"1","left":"1","isLinked":true},"reverse_order_tablet":"reverse-tablet"},"elements":[{"id":"1538152c","settings":{"_column_size":50,"_inline_size":null,"content_position":"bottom","_inline_size_tablet":100,"margin_tablet":{"unit":"px","top":"0","right":"0","bottom":"0","left":"0","isLinked":true},"padding_tablet":{"unit":"px","top":"0","right":"0","bottom":"0","left":"0","isLinked":true}},"elements":[{"id":"392a32a3","settings":{"image":{"id":"3651","url":"https:\/\/cliente.shazamlnv.com\/setasolar\/wp-content\/uploads\/2022\/04\/undraw_video_call_kxyp.png"},"_margin":{"unit":"px","top":"70","right":"0","bottom":"-48","left":"0","isLinked":false},"_margin_tablet":{"unit":"px","top":"0","right":"0","bottom":"0","left":"0","isLinked":true},"_padding_tablet":{"unit":"px","top":"0","right":"0","bottom":"0","left":"0","isLinked":true}},"elements":[],"isInner":false,"widgetType":"image","elType":"widget"}],"isInner":false,"elType":"column"},{"id":"3549e2ec","settings":{"_column_size":50,"_inline_size":null,"padding":{"unit":"%","top":"16","right":"16","bottom":"16","left":"16","isLinked":true},"_inline_size_tablet":100,"margin_tablet":{"unit":"px","top":"0","right":"0","bottom":"0","left":"0","isLinked":true},"padding_tablet":{"unit":"em","top":"0","right":"0","bottom":"0","left":"0","isLinked":true}},"elements":[{"id":"76231d6c","settings":{"content_width":{"unit":"px","size":460},"margin_tablet":{"unit":"px","top":"0","right":0,"bottom":"0","left":0,"isLinked":true},"padding_tablet":{"unit":"px","top":"0","right":"0","bottom":"0","left":"0","isLinked":true}},"elements":[{"id":"3b76d39f","settings":{"_column_size":100,"_inline_size":null},"elements":[{"id":"38ee18d","settings":{"title":"step 3","align":"left","title_color":"#2e70ce","typography_typography":"custom","typography_font_size":{"unit":"rem","size":0.90000000000000002220446049250313080847263336181640625},"header_size":"h4","typography_font_family":"Noto Sans","typography_letter_spacing":{"unit":"px","size":-0.299999999999999988897769753748434595763683319091796875},"typography_font_weight":"bold","align_mobile":"center","typography_font_size_tablet":{"unit":"rem","size":""},"typography_text_transform":"uppercase","typography_line_height":{"unit":"em","size":0.40000000000000002220446049250313080847263336181640625},"_margin":{"unit":"px","top":"40","right":"0","bottom":"0","left":"0","isLinked":false},"_animation":"fadeInDown","animation_duration":"fast","_animation_delay":300},"elements":[],"isInner":false,"widgetType":"heading","elType":"widget"},{"id":"6c24240f","settings":{"title":"Meet in the comfort of your own home.","align":"left","title_color":"#1d2366","typography_typography":"custom","typography_font_size":{"unit":"rem","size":2.100000000000000088817841970012523233890533447265625},"typography_font_weight":"300","header_size":"h3","typography_font_family":"Noto Sans","_animation":"fadeInUp","animation_duration":"fast","align_mobile":"center","typography_font_size_tablet":{"unit":"rem","size":""},"typography_line_height":{"unit":"em","size":1},"_margin":{"unit":"px","top":"20","right":"0","bottom":"0","left":"0","isLinked":false},"_animation_delay":300,"typography_font_size_mobile":{"unit":"rem","size":1.600000000000000088817841970012523233890533447265625}},"elements":[],"isInner":false,"widgetType":"heading","elType":"widget"},{"id":"1171f358","settings":{"editor":"<p>From immunizations to checkups and\u00a0 preventive care,\u00a0 exams, our primary care physicians and providers work to keep you and your whole family healthy and strong each and every day.<\/p>","align":"left","text_color":"#3d79b5","typography_typography":"custom","typography_font_size":{"unit":"rem","size":1},"typography_line_height":{"unit":"em","size":1.600000000000000088817841970012523233890533447265625},"typography_font_family":"Noto Sans","typography_font_weight":"500","_animation":"fadeIn","animation_duration":"fast","_animation_delay":500,"align_mobile":"center","_margin":{"unit":"px","top":"40","right":"0","bottom":"0","left":"0","isLinked":false},"_padding":{"unit":"%","top":"0","right":"0","bottom":"0","left":"0","isLinked":false},"typography_font_size_mobile":{"unit":"rem","size":0.8000000000000000444089209850062616169452667236328125}},"elements":[],"isInner":false,"widgetType":"text-editor","elType":"widget"},{"id":"4a8e7770","settings":{"text":"All the Departments","align":"left","typography_typography":"custom","typography_font_size":{"unit":"px","size":11},"typography_font_weight":"700","typography_text_transform":"uppercase","button_text_color":"#2e70ce","background_color":"rgba(46,112,206,0)","hover_color":"#4054b2","button_background_hover_color":"rgba(29,35,102,0)","border_radius":{"unit":"px","top":"30","right":"30","bottom":"30","left":"30","isLinked":true},"text_padding":{"unit":"em","top":"0","right":"0","bottom":"0","left":"0","isLinked":false},"_padding":{"unit":"px","top":"0","right":"0","bottom":"0","left":"0","isLinked":false},"typography_font_family":"Noto Sans","typography_line_height":{"unit":"em","size":1.399999999999999911182158029987476766109466552734375},"button_hover_border_color":"#2e70ce","hover_animation":"float","border_border":"solid","border_width":{"unit":"px","top":"0","right":"0","bottom":"0","left":"0","isLinked":true},"typography_letter_spacing":{"unit":"px","size":0.5},"_margin":{"unit":"px","top":"20","right":"0","bottom":"0","left":"0","isLinked":false},"size":"md","icon":"fa fa-long-arrow-right","border_color":"#0055e8","align_mobile":"center","selected_icon":{"value":"fas fa-long-arrow-alt-right","library":"fa-solid"}},"elements":[],"isInner":false,"widgetType":"button","elType":"widget"}],"isInner":true,"elType":"column"}],"isInner":true,"elType":"section"}],"isInner":false,"elType":"column"}],"isInner":false,"elType":"section"},{"id":"191d5fab","settings":{"gap":"no","custom_height":{"unit":"px","size":700},"content_position":"middle","padding":{"unit":"px","top":"80","right":"0","bottom":"80","left":"0","isLinked":false},"padding_tablet":{"unit":"px","top":"80","right":"20","bottom":"80","left":"20","isLinked":false},"padding_mobile":{"unit":"px","top":"50","right":"20","bottom":"50","left":"20","isLinked":false},"content_width":{"unit":"px","size":1200},"background_background":"classic","background_color":"#e9eff9","border_border":"solid","border_width":{"unit":"px","top":"1","right":"0","bottom":"0","left":"0","isLinked":false},"border_color":"#d4e3f9"},"elements":[{"id":"729db440","settings":{"_column_size":100,"space_between_widgets":0},"elements":[{"id":"1ee350b8","settings":{"structure":"30","padding":{"unit":"em","top":"","right":"","bottom":"","left":"","isLinked":false},"gap":"no","content_position":"top","padding_mobile":{"unit":"px","top":"0","right":"0","bottom":"0","left":"0","isLinked":true},"margin":{"unit":"px","top":"0","right":0,"bottom":"0","left":0,"isLinked":true},"content_width":{"unit":"px","size":1350}},"elements":[{"id":"57d9122f","settings":{"_column_size":33,"_inline_size":null,"margin":{"unit":"px","top":"0","right":"50","bottom":"0","left":"50","isLinked":false},"padding":{"unit":"em","top":"2","right":"1","bottom":"2","left":"1","isLinked":false},"border_width":{"unit":"px","top":"1","right":"1","bottom":"1","left":"1","isLinked":true},"border_color":"#e5e5e5","border_hover_width":{"unit":"px","top":"1","right":"1","bottom":"1","left":"1","isLinked":true},"border_hover_color":"#01bf83","padding_tablet":{"unit":"px","top":"40","right":"15","bottom":"40","left":"15","isLinked":false},"box_shadow_hover_box_shadow":{"horizontal":0,"vertical":22,"blur":20,"spread":2,"color":"rgba(97,192,211,0.26)"},"animation":"fadeInUp","animation_duration":"fast","background_hover_background":"classic","background_hover_color":"#ffffff","background_hover_transition":{"unit":"px","size":0.90000000000000002220446049250313080847263336181640625},"border_radius":{"unit":"%","top":"100","right":"100","bottom":"100","left":"100","isLinked":true},"box_shadow_hover_box_shadow_type":"yes","padding_mobile":{"unit":"em","top":"0","right":"0","bottom":"0","left":"0","isLinked":true}},"elements":[{"id":"66685338","settings":{"title":"Recommend Us","number_color":"#2e70ce1","typography_number_typography":"custom","typography_number_font_family":"Noto Sans","typography_number_line_height":{"unit":"em","size":1.8000000000000000444089209850062616169452667236328125},"typography_number_letter_spacing":{"unit":"px","size":-0.299999999999999988897769753748434595763683319091796875},"title_color":"#1d2366","typography_title_typography":"custom","typography_title_font_family":"Noto Sans","typography_title_font_size":{"unit":"rem","size":1},"typography_title_font_weight":"500","typography_title_font_style":"italic","typography_title_line_height":{"unit":"em","size":0.5},"typography_title_letter_spacing":{"unit":"px","size":0.299999999999999988897769753748434595763683319091796875},"_padding_mobile":{"unit":"em","top":"0","right":"1","bottom":"2","left":"1","isLinked":false},"ending_number":98,"suffix":"%","_margin":{"unit":"%","top":"0","right":"0","bottom":"0","left":"0","isLinked":false},"_padding":{"unit":"em","top":"0","right":"0","bottom":"0","left":"0","isLinked":false}},"elements":[],"isInner":false,"widgetType":"counter","elType":"widget"}],"isInner":true,"elType":"column"},{"id":"718ba5ec","settings":{"_column_size":33,"_inline_size":null,"margin":{"unit":"px","top":"0","right":"50","bottom":"0","left":"50","isLinked":false},"padding":{"unit":"em","top":"2","right":"1","bottom":"2","left":"1","isLinked":false},"border_width":{"unit":"px","top":"1","right":"1","bottom":"1","left":"1","isLinked":true},"border_color":"#e5e5e5","border_hover_width":{"unit":"px","top":"1","right":"1","bottom":"1","left":"1","isLinked":true},"border_hover_color":"#01bf83","padding_tablet":{"unit":"px","top":"40","right":"15","bottom":"40","left":"15","isLinked":false},"box_shadow_hover_box_shadow":{"horizontal":0,"vertical":22,"blur":20,"spread":2,"color":"rgba(97,192,211,0.26)"},"animation":"fadeInUp","animation_duration":"fast","background_hover_background":"classic","background_hover_color":"#ffffff","background_hover_transition":{"unit":"px","size":0.90000000000000002220446049250313080847263336181640625},"border_radius":{"unit":"%","top":"100","right":"100","bottom":"100","left":"100","isLinked":true},"box_shadow_hover_box_shadow_type":"yes","padding_mobile":{"unit":"em","top":"0","right":"0","bottom":"0","left":"0","isLinked":true}},"elements":[{"id":"289b75c3","settings":{"title":"Say It's Easy!","number_color":"#2e70ce1","typography_number_typography":"custom","typography_number_font_family":"Noto Sans","typography_number_line_height":{"unit":"em","size":1.8000000000000000444089209850062616169452667236328125},"typography_number_letter_spacing":{"unit":"px","size":-0.299999999999999988897769753748434595763683319091796875},"title_color":"#1d2366","typography_title_typography":"custom","typography_title_font_family":"Noto Sans","typography_title_font_size":{"unit":"rem","size":1},"typography_title_font_weight":"500","typography_title_font_style":"italic","typography_title_line_height":{"unit":"em","size":0.5},"typography_title_letter_spacing":{"unit":"px","size":0.299999999999999988897769753748434595763683319091796875},"_padding_mobile":{"unit":"em","top":"0","right":"1","bottom":"2","left":"1","isLinked":false},"ending_number":99,"suffix":"%"},"elements":[],"isInner":false,"widgetType":"counter","elType":"widget"}],"isInner":true,"elType":"column"},{"id":"5a1ad8b7","settings":{"_column_size":33,"_inline_size":null,"margin":{"unit":"px","top":"0","right":"50","bottom":"0","left":"50","isLinked":false},"padding":{"unit":"em","top":"2","right":"1","bottom":"2","left":"1","isLinked":false},"border_width":{"unit":"px","top":"1","right":"1","bottom":"1","left":"1","isLinked":true},"border_color":"#e5e5e5","border_hover_width":{"unit":"px","top":"1","right":"1","bottom":"1","left":"1","isLinked":true},"border_hover_color":"#01bf83","padding_tablet":{"unit":"px","top":"40","right":"15","bottom":"40","left":"15","isLinked":false},"box_shadow_hover_box_shadow":{"horizontal":0,"vertical":22,"blur":20,"spread":2,"color":"rgba(97,192,211,0.26)"},"animation":"fadeInUp","animation_duration":"fast","background_hover_background":"classic","background_hover_color":"#ffffff","background_hover_transition":{"unit":"px","size":0.90000000000000002220446049250313080847263336181640625},"border_radius":{"unit":"%","top":"100","right":"100","bottom":"100","left":"100","isLinked":true},"box_shadow_hover_box_shadow_type":"yes","padding_mobile":{"unit":"em","top":"0","right":"0","bottom":"0","left":"0","isLinked":true}},"elements":[{"id":"4da7330d","settings":{"title":"Average Savings","number_color":"#2e70ce1","typography_number_typography":"custom","typography_number_font_family":"Noto Sans","typography_number_line_height":{"unit":"em","size":1.8000000000000000444089209850062616169452667236328125},"typography_number_letter_spacing":{"unit":"px","size":-0.299999999999999988897769753748434595763683319091796875},"title_color":"#1d2366","typography_title_typography":"custom","typography_title_font_family":"Noto Sans","typography_title_font_size":{"unit":"rem","size":1},"typography_title_font_weight":"500","typography_title_font_style":"italic","typography_title_line_height":{"unit":"em","size":0.5},"typography_title_letter_spacing":{"unit":"px","size":0.299999999999999988897769753748434595763683319091796875},"_padding_mobile":{"unit":"em","top":"0","right":"1","bottom":"2","left":"1","isLinked":false},"ending_number":350,"prefix":"$"},"elements":[],"isInner":false,"widgetType":"counter","elType":"widget"}],"isInner":true,"elType":"column"}],"isInner":true,"elType":"section"}],"isInner":false,"elType":"column"}],"isInner":false,"elType":"section"},{"id":"47a0af5","settings":{"stretch_section":"section-stretched","content_width":{"unit":"px","size":700},"custom_height":{"unit":"px","size":700},"background_background":"classic","background_color":"#2e70ce","background_color_stop":{"unit":"%","size":13},"background_color_b":"#e9eff9","background_color_b_stop":{"unit":"%","size":98},"background_gradient_angle":{"unit":"deg","size":360},"background_overlay_background":"classic","background_overlay_image":{"id":"3652","url":"https:\/\/cliente.shazamlnv.com\/setasolar\/wp-content\/uploads\/2022\/04\/tic-tac-toe.png"},"background_overlay_opacity":{"unit":"px","size":1},"overlay_blend_mode":"multiply","shape_divider_top":"waves","shape_divider_top_color":"#e9eff9","shape_divider_top_width":{"unit":"%","size":300},"shape_divider_top_height":{"unit":"px","size":37},"shape_divider_top_negative":"yes","shape_divider_bottom_width":{"unit":"%","size":300},"shape_divider_bottom_height":{"unit":"px","size":37},"padding":{"unit":"px","top":"140","right":"0","bottom":"120","left":"0","isLinked":false},"padding_mobile":{"unit":"em","top":"4","right":"1","bottom":"3","left":"1","isLinked":false}},"elements":[{"id":"c503f83","settings":{"_column_size":100,"_inline_size":null},"elements":[{"id":"25cb11a","settings":{"title":"Join the healthy revolution today.","align":"center","title_color":"#ffffff","typography_typography":"custom","typography_font_size":{"unit":"rem","size":2.5},"typography_font_weight":"300","header_size":"h3","typography_font_family":"Noto Sans","_animation":"fadeInUp","animation_duration":"fast","align_mobile":"center","typography_font_size_tablet":{"unit":"px","size":42},"typography_line_height":{"unit":"em","size":0.8000000000000000444089209850062616169452667236328125},"_margin":{"unit":"px","top":"0","right":"0","bottom":"40","left":"0","isLinked":false},"_animation_delay":300,"typography_font_size_mobile":{"unit":"rem","size":2.29999999999999982236431605997495353221893310546875}},"elements":[],"isInner":false,"widgetType":"heading","elType":"widget"},{"id":"642cff24","settings":{"editor":"<p>From immunizations to checkups and\u00a0 preventive care,\u00a0 exams, our primary care physicians and providers work to keep you and your whole family healthy and strong each and every day.<\/p>","align":"center","text_color":"#ffffff","typography_typography":"custom","typography_font_size":{"unit":"rem","size":1},"typography_line_height":{"unit":"em","size":1.600000000000000088817841970012523233890533447265625},"typography_font_family":"Noto Sans","typography_font_weight":"500","_animation":"fadeIn","animation_duration":"fast","_animation_delay":500,"align_mobile":"center","typography_font_size_mobile":{"unit":"rem","size":0.90000000000000002220446049250313080847263336181640625}},"elements":[],"isInner":false,"widgetType":"text-editor","elType":"widget"},{"id":"5531239e","settings":{"text":"Sign up today","align":"center","typography_typography":"custom","typography_font_size":{"unit":"px","size":11},"typography_font_weight":"700","typography_text_transform":"uppercase","button_text_color":"#ffffff","background_color":"#fa4a57","hover_color":"#ffffff","button_background_hover_color":"#fa4a57","border_radius":{"unit":"px","top":"30","right":"30","bottom":"30","left":"30","isLinked":true},"text_padding":{"unit":"em","top":"","right":"","bottom":"","left":"","isLinked":false},"_padding":{"unit":"px","top":"0","right":"0","bottom":"0","left":"0","isLinked":false},"typography_font_family":"Noto Sans","typography_line_height":{"unit":"em","size":1.399999999999999911182158029987476766109466552734375},"button_hover_border_color":"#f92231","hover_animation":"float","border_border":"solid","border_width":{"unit":"px","top":"0","right":"0","bottom":"0","left":"0","isLinked":true},"typography_letter_spacing":{"unit":"px","size":0.5},"_margin":{"unit":"px","top":"40","right":"0","bottom":"0","left":"0","isLinked":false},"size":"md","border_color":"#fa4a57","button_box_shadow_box_shadow_type":"yes","button_box_shadow_box_shadow":{"horizontal":-2,"vertical":20,"blur":32,"spread":-17,"color":"rgba(221,116,102,0.84)"}},"elements":[],"isInner":false,"widgetType":"button","elType":"widget"}],"isInner":false,"elType":"column"}],"isInner":false,"elType":"section"}],"page_settings":[],"version":"0.4","title":"CL\u00cdNICA M\u00c9DICA","type":"section"}