{"version":"0.4","title":"Brewery > Beer Single","type":"page","content":[{"id":"3e80b274","settings":{"custom_height":{"unit":"vh","size":"40","sizes":[]},"background_background":"classic","background_color":"rgba(10,10,0,0.84)","background_size":"cover","background_overlay_opacity":{"unit":"px","size":"0.93","sizes":[]},"padding":{"unit":"em","top":"2","right":"0","bottom":"2","left":"0","isLinked":""},"padding_mobile":{"unit":"em","top":"1","right":"1","bottom":"1","left":"1","isLinked":"1"},"background_overlay_background":"classic","custom_height_tablet":{"unit":"vh","size":"46","sizes":[]},"background_color_b":"#011627","background_gradient_angle":{"unit":"deg","size":"200","sizes":[]},"background_position":"initial","background_repeat":"no-repeat","background_overlay_color":"#1c1815","background_overlay_color_b":"#892af7","background_overlay_gradient_angle":{"unit":"deg","size":"300","sizes":[]},"background_overlay_position":"center center","background_overlay_repeat":"no-repeat","background_overlay_size":"cover","css_filters_contrast":{"unit":"px","size":"0","sizes":[]},"shape_divider_top_color":"#fdfcfa","shape_divider_top_width":{"unit":"%","size":"100","sizes":[]},"shape_divider_top_width_mobile":{"unit":"%","size":"300","sizes":[]},"shape_divider_top_height":{"unit":"px","size":"50","sizes":[]},"shape_divider_top_height_mobile":{"unit":"px","size":"18","sizes":[]},"shape_divider_bottom_color":"#fffaf5","shape_divider_bottom_width":{"unit":"%","size":"100","sizes":[]},"shape_divider_bottom_width_tablet":{"unit":"%","size":"300","sizes":[]},"shape_divider_bottom_width_mobile":{"unit":"%","size":"300","sizes":[]},"shape_divider_bottom_height":{"unit":"px","size":"50","sizes":[]},"shape_divider_bottom_height_mobile":{"unit":"px","size":"18","sizes":[]},"margin_mobile":{"unit":"px","top":"0","right":"0","bottom":"0","left":"0","isLinked":"1"},"padding_tablet":{"unit":"em","top":"1","right":"1","bottom":"1","left":"1","isLinked":"1"},"background_image":{"url":"http:\/\/sitefacilitado.com.br\/membros\/wp-content\/uploads\/2020\/03\/alcohol-alcoholic-beverages-beer-1400255-demo-scaled.jpg","id":"5903"},"background_attachment":"fixed","shape_divider_top_width_tablet":{"unit":"%","size":"300","sizes":[]},"shape_divider_top_height_tablet":{"unit":"px","size":"18","sizes":[]},"shape_divider_bottom_height_tablet":{"unit":"px","size":"18","sizes":[]},"height":"min-height","shape_divider_bottom":"book","shape_divider_bottom_negative":"yes","background_ypos":{"unit":"px","size":"-173","sizes":[]},"shape_divider_top_negative":"yes"},"elements":[{"id":"336999ba","settings":{"_column_size":"100","_inline_size":"","margin":{"unit":"px","top":"0","right":"0","bottom":"0","left":"0","isLinked":"1"},"padding":{"unit":"px","top":"0","right":"0","bottom":"0","left":"0","isLinked":"1"}},"elements":[{"id":"3bc1ebb1","settings":{"content_width":{"unit":"px","size":"600","sizes":[]},"padding":{"unit":"em","top":"0","right":"0","bottom":"3","left":"0","isLinked":""},"margin":{"unit":"px","top":"0","right":"0","bottom":"0","left":"0","isLinked":"1"}},"elements":[{"id":"2dd5547","settings":{"_column_size":"100","_inline_size":"","space_between_widgets":"5","_inline_size_tablet":"100","background_background":"classic","padding":{"unit":"em","top":"4","right":"3","bottom":"4","left":"3","isLinked":""},"padding_mobile":{"unit":"em","top":"1","right":"1","bottom":"1","left":"1","isLinked":"1"}},"elements":[{"id":"19f0d7c6","settings":{"color":"#cdc7c2","width":{"unit":"%","size":"91","sizes":[]},"align":"center","gap":{"unit":"px","size":"9","sizes":[]},"weight":{"unit":"px","size":"2","sizes":[]},"_margin":{"unit":"px","top":"0","right":"0","bottom":"15","left":"0","isLinked":""}},"elements":[],"isInner":false,"widgetType":"divider","elType":"widget"},{"id":"36e1dac6","settings":{"title":"craft beer brewery","header_size":"h5","align":"center","title_color":"#fdfcfa","typography_typography":"custom","typography_font_family":"Oxygen","typography_font_size":{"unit":"em","size":"0.9","sizes":[]},"typography_font_weight":"500","typography_text_transform":"uppercase","typography_line_height":{"unit":"em","size":"1","sizes":[]},"typography_letter_spacing":{"unit":"px","size":"3","sizes":[]},"typography_font_size_mobile":{"unit":"em","size":"0.8","sizes":[]},"typography_line_height_mobile":{"unit":"em","size":"2","sizes":[]}},"elements":[],"isInner":false,"widgetType":"heading","elType":"widget"},{"id":"50c26e2f","settings":{"title":"Our Beers","align":"center","title_color":"#fdfcfa","typography_typography":"custom","typography_font_family":"Muli","typography_font_size":{"unit":"em","size":"5","sizes":[]},"typography_font_weight":"400","typography_text_transform":"uppercase","typography_line_height":{"unit":"em","size":"1","sizes":[]},"typography_font_size_mobile":{"unit":"em","size":"2","sizes":[]},"header_size":"h1"},"elements":[],"isInner":false,"widgetType":"heading","elType":"widget"},{"id":"6d874851","settings":{"color":"#fdfcfa","width":{"unit":"%","size":"30","sizes":[]},"gap":{"unit":"px","size":"5","sizes":[]},"align":"center"},"elements":[],"isInner":false,"widgetType":"divider","elType":"widget"},{"id":"5789b331","settings":{"title":"open since 1884","header_size":"h5","align":"center","title_color":"#fdfcfa","typography_typography":"custom","typography_font_family":"Oxygen","typography_font_size":{"unit":"em","size":"0.7","sizes":[]},"typography_font_weight":"500","typography_text_transform":"uppercase","typography_line_height":{"unit":"em","size":"1","sizes":[]},"typography_letter_spacing":{"unit":"px","size":"3","sizes":[]},"typography_font_size_mobile":{"unit":"em","size":"0.8","sizes":[]},"typography_line_height_mobile":{"unit":"em","size":"2","sizes":[]}},"elements":[],"isInner":false,"widgetType":"heading","elType":"widget"},{"id":"32e6c2b6","settings":{"color":"#cdc7c2","width":{"unit":"%","size":"91","sizes":[]},"align":"center","gap":{"unit":"px","size":"9","sizes":[]},"weight":{"unit":"px","size":"2","sizes":[]},"_margin":{"unit":"px","top":"15","right":"0","bottom":"0","left":"0","isLinked":""}},"elements":[],"isInner":false,"widgetType":"divider","elType":"widget"}],"isInner":"1","elType":"column"}],"isInner":"1","elType":"section"}],"isInner":"","elType":"column"}],"isInner":"","elType":"section"},{"id":"72f7d28d","settings":{"gap":"wider","structure":"20","padding":{"unit":"em","top":"4","right":"0","bottom":"4","left":"0","isLinked":""},"padding_mobile":{"unit":"em","top":"0","right":"0","bottom":"1","left":"0","isLinked":""},"background_background":"classic","background_color":"#fffaf5","shape_divider_top_color":"#ffffff","shape_divider_top_height":{"unit":"px","size":"300","sizes":[]},"margin":{"unit":"px","top":"0","right":"0","bottom":"0","left":"0","isLinked":""},"padding_tablet":{"unit":"em","top":"1","right":"1","bottom":"1","left":"1","isLinked":"1"},"margin_tablet":{"unit":"px","top":"0","right":"0","bottom":"0","left":"0","isLinked":"1"}},"elements":[{"id":"6c1ffcb","settings":{"_column_size":"50","_inline_size":"","padding":{"unit":"em","top":"0","right":"0","bottom":"0","left":"0","isLinked":""},"padding_tablet":{"unit":"em","top":"0","right":"1","bottom":"0","left":"1","isLinked":""},"content_position":"top","align":"center","margin":{"unit":"px","top":"0","right":"0","bottom":"0","left":"0","isLinked":"1"},"_inline_size_tablet":"100"},"elements":[{"id":"3a5fdca4","settings":{"image":{"url":"https:\/\/wp.envatoextensions.com\/collection-12\/wp-content\/uploads\/sites\/15\/2018\/08\/cc0-bottle-1.png","id":"1863"},"align":"center"},"elements":[],"isInner":false,"widgetType":"image","elType":"widget"},{"id":"7eb742a","settings":{"carousel":[{"id":"5904","url":"http:\/\/sitefacilitado.com.br\/membros\/wp-content\/uploads\/2020\/03\/demo-bottle-cc0-4.png"},{"id":"5897","url":"http:\/\/sitefacilitado.com.br\/membros\/wp-content\/uploads\/2020\/03\/demo-bottle-cc0-3.png"},{"id":"5850","url":"http:\/\/sitefacilitado.com.br\/membros\/wp-content\/uploads\/2020\/03\/demo-bottle-cc0-2.png"},{"id":"5905","url":"http:\/\/sitefacilitado.com.br\/membros\/wp-content\/uploads\/2020\/03\/demo-bottle-cc0-9.png"}],"thumbnail_size":"custom","thumbnail_custom_dimension":{"width":"150","height":"150"}},"elements":[],"isInner":false,"widgetType":"image-carousel","elType":"widget"}],"isInner":"","elType":"column"},{"id":"4cb1e213","settings":{"_column_size":"50","_inline_size":"","content_position":"center","space_between_widgets":"5","padding":{"unit":"em","top":"0","right":"2","bottom":"0","left":"2","isLinked":""},"padding_tablet":{"unit":"em","top":"1","right":"1","bottom":"1","left":"1","isLinked":"1"},"_inline_size_tablet":"100","margin_tablet":{"unit":"px","top":"0","right":"0","bottom":"0","left":"0","isLinked":"1"},"margin_mobile":{"unit":"px","top":"0","right":"0","bottom":"0","left":"0","isLinked":"1"},"padding_mobile":{"unit":"em","top":"1","right":"1","bottom":"1","left":"1","isLinked":"1"}},"elements":[{"id":"32948970","settings":{"color":"#cdc7c2","width":{"unit":"%","size":"91","sizes":[]},"align":"left","gap":{"unit":"px","size":"9","sizes":[]},"weight":{"unit":"px","size":"2","sizes":[]},"_margin":{"unit":"px","top":"0","right":"0","bottom":"30","left":"0","isLinked":""}},"elements":[],"isInner":false,"widgetType":"divider","elType":"widget"},{"id":"59d1463e","settings":{"title":"original recipe beer","align":"left","title_color":"#3f3521","typography_typography":"custom","typography_font_family":"Muli","typography_font_size":{"unit":"em","size":"1.8","sizes":[]},"typography_font_weight":"600","typography_text_transform":"capitalize","typography_line_height":{"unit":"em","size":"1","sizes":[]},"typography_font_size_mobile":{"unit":"em","size":"1.3","sizes":[]},"_margin":{"unit":"px","top":"0","right":"0","bottom":"010","left":"0","isLinked":""}},"elements":[],"isInner":false,"widgetType":"heading","elType":"widget"},{"id":"68a29a14","settings":{"title":"the taste of 1884","header_size":"h5","align":"left","title_color":"#352404","typography_typography":"custom","typography_font_family":"Muli","typography_font_size":{"unit":"em","size":"0.7","sizes":[]},"typography_font_size_mobile":{"unit":"em","size":"0.8","sizes":[]},"typography_font_weight":"600","typography_text_transform":"uppercase","typography_line_height":{"unit":"em","size":"1","sizes":[]},"typography_line_height_mobile":{"unit":"em","size":"2","sizes":[]},"typography_letter_spacing":{"unit":"px","size":"3","sizes":[]}},"elements":[],"isInner":false,"widgetType":"heading","elType":"widget"},{"id":"2bafdddb","settings":{"title":"Nulla sem nibh, luctus eu mi ac, tempor malesuada lacus. Morbi gravida est odio, sit amet iaculis urna dapibus non. Mauris porttitor placerat diam at cursus. Lacus. Morbi gravida est odio.","title_color":"#6e6d69","typography_typography":"custom","typography_font_family":"Nanum Myeongjo","typography_font_size":{"unit":"em","size":"1.1","sizes":[]},"typography_line_height":{"unit":"em","size":"1.6","sizes":[]},"_padding":{"unit":"em","top":"1","right":"0","bottom":"0","left":"0","isLinked":""},"align":"left","typography_font_size_mobile":{"unit":"em","size":"0.8","sizes":[]},"_margin":{"unit":"px","top":"0","right":"0","bottom":"0","left":"0","isLinked":"1"},"typography_font_weight":"600"},"elements":[],"isInner":false,"widgetType":"heading","elType":"widget"},{"id":"5312ed75","settings":{"editor":"<p>Integer laoreet rutrum est. Quisque ut mauris ut nibh scelerisque scelerisque. In nisi dolor, volutpat at augue ut, mattis vestibulum nisi. Aenean dapibus risus tortor, eget tincidunt ex dictum eget. Fusce nunc est, mattis rhoncus rhoncus sed, convallis at felis. Donec sed enim sed nunc lobortis rhoncus sed sollicitudin arcu. Integer dictum odio non consequat pretium. Vivamus est urna, posuere id porttitor at, commodo non tellus. Phasellus vel neque consequat, fermentum mi sit amet, convallis orci. Donec ac eros convallis, mattis enim et, interdum erat. Nulla eros ligula, fermentum posuere velit vitae, viverra mattis erat.<\/p><p>Morbi luctus tincidunt pretium. Integer tincidunt felis ac tempor efficitur. Sed mattis, tellus vel ultricies tincidunt, lectus urna hendrerit leo.<\/p>","text_color":"#333333","typography_typography":"custom","typography_font_family":"Muli","typography_font_size":{"unit":"em","size":"0.8","sizes":[]},"typography_line_height":{"unit":"em","size":"1.6","sizes":[]},"align":"left","typography_font_size_mobile":{"unit":"em","size":"0.8","sizes":[]},"_margin":{"unit":"px","top":"0","right":"0","bottom":"0","left":"0","isLinked":"1"},"_padding":{"unit":"em","top":"0","right":"0","bottom":"1","left":"0","isLinked":""}},"elements":[],"isInner":false,"widgetType":"text-editor","elType":"widget"},{"id":"266ba7e2","settings":{"rating":"4","align":"left","icon_size":{"unit":"px","size":"15","sizes":[]},"icon_space":{"unit":"px","size":"5","sizes":[]},"stars_color":"#b9b39e","_padding":{"unit":"em","top":"1","right":"0","bottom":"1","left":"0","isLinked":""}},"elements":[],"isInner":false,"widgetType":"star-rating","elType":"widget"},{"id":"71a39793","settings":{"tabs":[{"tab_title":"Recipe Details","tab_content":"<p>Lorem ipsum dolor sit amet, consectetur adipiscing elit, sed do eiusmod tempor incididunt Sed ut perspiciatis unde omnis iste natus. Lorem ipsum dolor sit amet, consectetur adipiscing elit, sed do eiusmod tempor incididunt Sed ut perspiciatis unde omnis iste natus.<\/p>","_id":"690c59b"},{"tab_title":"Where to buy in store","tab_content":"<p>Lorem ipsum dolor sit amet, consectetur adipiscing elit, sed do eiusmod tempor incididunt Sed ut perspiciatis unde omnis iste natus. Lorem ipsum dolor sit amet, consectetur adipiscing elit, sed do eiusmod tempor incididunt Sed ut perspiciatis unde omnis iste natus.<\/p>","_id":"9f0bde1"},{"tab_title":"International shipping options","tab_content":"<p>Lorem ipsum dolor sit amet, consectetur adipiscing elit, sed do eiusmod tempor incididunt Sed ut perspiciatis unde omnis iste natus. Lorem ipsum dolor sit amet, consectetur adipiscing elit, sed do eiusmod tempor incididunt Sed ut perspiciatis unde omnis iste natus.<\/p>","_id":"e7f6b57"},{"tab_title":"BREWERY BAR ","tab_content":"<p>Lorem ipsum dolor sit amet, consectetur adipiscing elit, sed do eiusmod tempor incididunt Sed ut perspiciatis unde omnis iste natus. Lorem ipsum dolor sit amet, consectetur adipiscing elit, sed do eiusmod tempor incididunt Sed ut perspiciatis unde omnis iste natus.<\/p>","_id":"9a0f932"}],"icon":"fa fa-angle-double-down","icon_active":"fa fa-angle-down","border_color":"rgba(185,179,158,0.68)","title_color":"#333333","title_typography_typography":"custom","title_typography_font_family":"Muli","title_typography_font_size":{"unit":"em","size":"0.8","sizes":[]},"title_typography_font_weight":"600","title_typography_text_transform":"uppercase","title_typography_line_height":{"unit":"em","size":"1","sizes":[]},"title_typography_letter_spacing":{"unit":"px","size":"3","sizes":[]},"icon_color":"#352404","icon_active_color":"#b9b39e","content_color":"#333333","content_typography_typography":"custom","content_typography_font_family":"Muli","content_typography_font_size":{"unit":"em","size":"0.8","sizes":[]},"content_typography_line_height":{"unit":"em","size":"1.6","sizes":[]},"border_width":{"unit":"px","size":"2","sizes":[]},"tab_active_color":"#b9b39e","title_padding":{"unit":"em","top":"2","right":"2","bottom":"2","left":"2","isLinked":"1"},"content_padding":{"unit":"em","top":"1","right":"1","bottom":"1","left":"2","isLinked":""},"_margin":{"unit":"px","top":"0","right":"0","bottom":"30","left":"0","isLinked":""},"_padding":{"unit":"px","top":"0","right":"0","bottom":"0","left":"0","isLinked":"1"},"_border_radius":{"unit":"px","top":"0","right":"0","bottom":"0","left":"0","isLinked":"1"}},"elements":[],"isInner":false,"widgetType":"toggle","elType":"widget"},{"id":"3e722baa","settings":{"text":"Order Online","align":"right","size":"xs","icon_indent":{"unit":"px","size":"13","sizes":[]},"typography_typography":"custom","typography_font_family":"Muli","button_text_color":"#6e6d69","background_color":"#fdfcfa","hover_color":"#b9b39e","button_background_hover_color":"rgba(185,179,158,0)","button_hover_border_color":"#b9b39e","border_border":"solid","border_width":{"unit":"px","top":"1","right":"1","bottom":"1","left":"1","isLinked":"1"},"border_color":"rgba(110,109,105,0)","align_mobile":"justify","typography_line_height":{"unit":"em","size":"1.5","sizes":[]},"icon":"fa fa-shopping-cart","icon_align":"right","border_radius":{"unit":"px","top":"50","right":"50","bottom":"50","left":"50","isLinked":"1"},"_element_width":"auto","_padding":{"unit":"em","top":"0","right":"0","bottom":"0","left":"1","isLinked":""}},"elements":[],"isInner":false,"widgetType":"button","elType":"widget"},{"id":"25780015","settings":{"text":"Allergy Info","align":"right","size":"xs","icon_indent":{"unit":"px","size":"13","sizes":[]},"typography_typography":"custom","typography_font_family":"Muli","button_text_color":"#6e6d69","background_color":"#fdfcfa","hover_color":"#b9b39e","button_background_hover_color":"rgba(185,179,158,0)","button_hover_border_color":"#b9b39e","border_border":"solid","border_width":{"unit":"px","top":"1","right":"1","bottom":"1","left":"1","isLinked":"1"},"border_color":"rgba(110,109,105,0)","align_mobile":"justify","typography_line_height":{"unit":"em","size":"1.5","sizes":[]},"icon":"fa fa-info-circle","icon_align":"right","border_radius":{"unit":"px","top":"50","right":"50","bottom":"50","left":"50","isLinked":"1"},"_element_width":"auto","_padding":{"unit":"em","top":"0","right":"0","bottom":"0","left":"1","isLinked":""}},"elements":[],"isInner":false,"widgetType":"button","elType":"widget"}],"isInner":"","elType":"column"}],"isInner":"","elType":"section"},{"id":"65c1ce80","settings":{"gap":"wider","padding":{"unit":"em","top":"0","right":"0","bottom":"4","left":"0","isLinked":""},"padding_mobile":{"unit":"em","top":"0","right":"0","bottom":"1","left":"0","isLinked":""},"background_background":"classic","background_color":"#fffaf5","shape_divider_top_color":"#ffffff","shape_divider_top_height":{"unit":"px","size":"300","sizes":[]},"margin":{"unit":"px","top":"0","right":"0","bottom":"0","left":"0","isLinked":""},"padding_tablet":{"unit":"em","top":"1","right":"1","bottom":"1","left":"1","isLinked":"1"},"custom_height":{"unit":"px","size":"320","sizes":[]},"column_position":"top","margin_tablet":{"unit":"px","top":"0","right":"0","bottom":"0","left":"0","isLinked":"1"}},"elements":[{"id":"6fc7f397","settings":{"_column_size":"100","_inline_size":"","padding":{"unit":"em","top":"0","right":"0","bottom":"0","left":"0","isLinked":""},"padding_tablet":{"unit":"em","top":"0","right":"1","bottom":"0","left":"1","isLinked":""},"content_position":"center","align":"center","margin":{"unit":"px","top":"0","right":"0","bottom":"0","left":"0","isLinked":"1"},"_inline_size_tablet":"100"},"elements":[{"id":"5e5bdacd","settings":{"tabs":[{"tab_title":"Product Information","tab_content":"<p>Aenean molestie ac nibh vel accumsan. Interdum et malesuada fames ac ante ipsum primis in faucibus. Nulla a faucibus lorem. Nunc congue, metus quis condimentum finibus, purus justo fringilla justo, vitae condimentum nisl dolor in nisl.<\/p><p>Donec sollicitudin gravida egestas. Proin vehicula aliquet mauris quis pellentesque. Curabitur facilisis, risus ac sodales eleifend, justo sapien commodo tellus, viverra sodales nisl lacus vitae est. Mauris vel venenatis odio, ut porttitor nibh. Pellentesque in euismod mi. Nulla sed felis id enim condimentum venenatis. Pellentesque habitant morbi tristique senectus et netus et malesuada fames ac turpis egestas. Ut fringilla est ut massa convallis, eu porttitor ligula porta. Vestibulum dictum enim id pharetra dictum. Sed tortor metus, feugiat non sem vestibulum, luctus lobortis nisl.<\/p><p>In vehicula, arcu et cursus mollis, sapien sem tempus mauris, vel consectetur nibh turpis ac mi. Etiam turpis turpis, tincidunt vel interdum nec, suscipit ultrices lacus. Integer nec dolor ante. Maecenas vel leo vel nunc euismod blandit. Morbi luctus tincidunt pretium. Integer tincidunt felis ac tempor efficitur. Sed mattis, tellus vel ultricies tincidunt, lectus urna hendrerit leo, sed aliquam ex velit sit amet dui. Maecenas odio nibh, porttitor a lacinia a, gravida non massa. Sed neque ipsum, condimentum sed cursus ut, lacinia sit amet enim. Praesent euismod eleifend rhoncus. Suspendisse a volutpat mi, sit amet convallis dui. Proin lacinia augue massa, a rhoncus risus cursus eu.<\/p><p>In aliquam, eros vitae varius congue, orci tellus interdum metus, ut dictum velit dui a eros. Vivamus tristique augue vel mi aliquam, malesuada egestas eros facilisis. Cras feugiat vel tellus sed ornare. Nullam et finibus lacus.<\/p>","_id":"e4c6bd0"},{"tab_title":"Reviews","tab_content":"<p>\"Sed porta, tortor sit amet feugiat rutrum, mi dui hendrerit lacus, at imperdiet odio odio ut nunc. Nulla tempor lorem eget tempus sodales. Class aptent taciti sociosqu ad litora torquent per conubia nostra, per inceptos himenaeos. \"<\/p><p><strong>- Mike W. London<\/strong><\/p><p>\u00a0<\/p><p>\"Curabitur finibus at tellus sed imperdiet. Aenean in quam accumsan, sagittis orci non, malesuada elit. Maecenas placerat accumsan aliquam. Nam id lorem maximus, pellentesque orci quis, tincidunt tortor. Class aptent taciti sociosqu ad litora torquent per conubia nostra, per inceptos himenaeos.\"<\/p><p><strong>- Jess N. Cheshire<\/strong><\/p><p>\u00a0<\/p><p>Donec sed enim sed nunc lobortis rhoncus sed sollicitudin arcu. Integer dictum odio non consequat pretium. Vivamus est urna, posuere id porttitor at, commodo non tellus. Phasellus vel neque consequat, fermentum mi sit amet, convallis orci. Donec ac eros convallis, mattis enim et, interdum erat.<\/p><p><strong>- John K. Ireland<\/strong><\/p>","_id":"7b7bced"}],"border_color":"#cdc7c2","tab_color":"#333333","tab_typography_typography":"custom","tab_typography_font_family":"Muli","tab_typography_font_size":{"unit":"em","size":"0.8","sizes":[]},"tab_typography_font_weight":"600","tab_typography_text_transform":"uppercase","tab_typography_line_height":{"unit":"em","size":"1","sizes":[]},"tab_typography_letter_spacing":{"unit":"px","size":"3","sizes":[]},"content_color":"#333333","content_typography_typography":"custom","content_typography_font_family":"Muli","content_typography_font_size":{"unit":"em","size":"0.8","sizes":[]},"content_typography_line_height":{"unit":"em","size":"1.6","sizes":[]},"_padding":{"unit":"em","top":"0","right":"17","bottom":"0","left":"0","isLinked":""},"border_width":{"unit":"px","size":"2","sizes":[]},"tab_active_color":"#51410c"},"elements":[],"isInner":false,"widgetType":"tabs","elType":"widget"},{"id":"45183bc6","settings":{"carousel":[{"id":"5905","url":"http:\/\/sitefacilitado.com.br\/membros\/wp-content\/uploads\/2020\/03\/demo-bottle-cc0-9.png"},{"id":"5848","url":"http:\/\/sitefacilitado.com.br\/membros\/wp-content\/uploads\/2020\/03\/demo-bottle-cc0-7.png"},{"id":"5849","url":"http:\/\/sitefacilitado.com.br\/membros\/wp-content\/uploads\/2020\/03\/demo-bottle-cc0-6.png"},{"id":"5906","url":"http:\/\/sitefacilitado.com.br\/membros\/wp-content\/uploads\/2020\/03\/demo-bottle-cc0-5.png"},{"id":"5904","url":"http:\/\/sitefacilitado.com.br\/membros\/wp-content\/uploads\/2020\/03\/demo-bottle-cc0-4.png"},{"id":"5897","url":"http:\/\/sitefacilitado.com.br\/membros\/wp-content\/uploads\/2020\/03\/demo-bottle-cc0-3.png"},{"id":"5850","url":"http:\/\/sitefacilitado.com.br\/membros\/wp-content\/uploads\/2020\/03\/demo-bottle-cc0-2.png"},{"id":"5896","url":"http:\/\/sitefacilitado.com.br\/membros\/wp-content\/uploads\/2020\/03\/demo-bottle-cc0-1.png"},{"id":"5907","url":"http:\/\/sitefacilitado.com.br\/membros\/wp-content\/uploads\/2020\/03\/demo-bottle-cc0-10.png"}],"slides_to_show":"6","thumbnail_size":"custom","thumbnail_custom_dimension":{"width":"150","height":"150"}},"elements":[],"isInner":false,"widgetType":"image-carousel","elType":"widget"}],"isInner":"","elType":"column"}],"isInner":"","elType":"section"},{"id":"2d7154c2","settings":{"custom_height":{"unit":"vh","size":"40","sizes":[]},"background_background":"classic","background_color":"rgba(10,10,0,0.84)","background_size":"cover","background_overlay_opacity":{"unit":"px","size":"0.86","sizes":[]},"padding":{"unit":"em","top":"6","right":"0","bottom":"6","left":"0","isLinked":""},"padding_mobile":{"unit":"em","top":"1","right":"1","bottom":"1","left":"1","isLinked":"1"},"background_overlay_background":"classic","custom_height_tablet":{"unit":"vh","size":"46","sizes":[]},"background_color_b":"#011627","background_gradient_angle":{"unit":"deg","size":"200","sizes":[]},"background_position":"bottom center","background_repeat":"no-repeat","background_overlay_color":"#1c1713","background_overlay_color_b":"#892af7","background_overlay_gradient_angle":{"unit":"deg","size":"300","sizes":[]},"background_overlay_position":"center center","background_overlay_repeat":"no-repeat","background_overlay_size":"cover","css_filters_contrast":{"unit":"px","size":"0","sizes":[]},"shape_divider_top_color":"#fffaf5","shape_divider_top_width":{"unit":"%","size":"100","sizes":[]},"shape_divider_top_width_mobile":{"unit":"%","size":"300","sizes":[]},"shape_divider_top_height":{"unit":"px","size":"50","sizes":[]},"shape_divider_top_height_mobile":{"unit":"px","size":"18","sizes":[]},"shape_divider_bottom_color":"#fdfcfa","shape_divider_bottom_width":{"unit":"%","size":"128","sizes":[]},"shape_divider_bottom_width_tablet":{"unit":"%","size":"300","sizes":[]},"shape_divider_bottom_width_mobile":{"unit":"%","size":"300","sizes":[]},"shape_divider_bottom_height":{"unit":"px","size":"18","sizes":[]},"shape_divider_bottom_height_mobile":{"unit":"px","size":"18","sizes":[]},"margin_mobile":{"unit":"px","top":"0","right":"0","bottom":"0","left":"0","isLinked":"1"},"padding_tablet":{"unit":"em","top":"1","right":"1","bottom":"1","left":"1","isLinked":"1"},"background_image":{"url":"http:\/\/sitefacilitado.com.br\/membros\/wp-content\/uploads\/2020\/03\/taylor-leopold-pElM4yerF5Q-unsplash-cover-scaled.jpg","id":"5855"},"background_attachment":"fixed","shape_divider_top":"book","shape_divider_top_width_tablet":{"unit":"%","size":"300","sizes":[]},"shape_divider_top_height_tablet":{"unit":"px","size":"18","sizes":[]},"shape_divider_bottom_height_tablet":{"unit":"px","size":"18","sizes":[]},"shape_divider_top_negative":"yes"},"elements":[{"id":"4e04d71e","settings":{"_column_size":"100","_inline_size":"","margin":{"unit":"px","top":"0","right":"0","bottom":"0","left":"0","isLinked":"1"},"padding":{"unit":"px","top":"0","right":"0","bottom":"0","left":"0","isLinked":"1"}},"elements":[{"id":"351c8632","settings":{"margin":{"unit":"px","top":"0","right":"0","bottom":"0","left":"0","isLinked":"1"},"padding":{"unit":"em","top":"0","right":"0","bottom":"0","left":"0","isLinked":""},"background_background":"classic","border_border":"solid","border_width":{"unit":"px","top":"1","right":"1","bottom":"1","left":"1","isLinked":"1"},"border_color":"rgba(233,236,239,0)","border_radius":{"unit":"px","top":"5","right":"5","bottom":"5","left":"5","isLinked":"1"},"box_shadow_box_shadow":{"horizontal":"0","vertical":"20","blur":"30","spread":"0","color":"rgba(233,236,239,0.2)"},"margin_mobile":{"unit":"px","top":"0","right":"0","bottom":"0","left":"0","isLinked":"1"},"padding_mobile":{"unit":"px","top":"1","right":"1","bottom":"1","left":"1","isLinked":"1"},"reverse_order_tablet":"reverse-tablet","reverse_order_mobile":"reverse-mobile","padding_tablet":{"unit":"em","top":"1","right":"1","bottom":"1","left":"1","isLinked":"1"},"content_width":{"unit":"px","size":"665","sizes":[]}},"elements":[{"id":"40d721e1","settings":{"_column_size":"100","_inline_size":"","content_position":"center","space_between_widgets":"5","padding":{"unit":"em","top":"0","right":"2","bottom":"0","left":"2","isLinked":""},"padding_tablet":{"unit":"em","top":"0","right":"1","bottom":"0","left":"1","isLinked":""},"_inline_size_tablet":"100","margin_mobile":{"unit":"px","top":"0","right":"0","bottom":"0","left":"0","isLinked":"1"},"padding_mobile":{"unit":"em","top":"1","right":"1","bottom":"1","left":"1","isLinked":"1"}},"elements":[{"id":"6048e90a","settings":{"color":"#cdc7c2","width":{"unit":"%","size":"91","sizes":[]},"align":"center","gap":{"unit":"px","size":"9","sizes":[]},"weight":{"unit":"px","size":"2","sizes":[]},"_margin":{"unit":"px","top":"0","right":"0","bottom":"15","left":"0","isLinked":""}},"elements":[],"isInner":false,"widgetType":"divider","elType":"widget"},{"id":"3f5b40bb","settings":{"title":"connect with us","header_size":"h5","align":"center","title_color":"#fdfcfa","typography_typography":"custom","typography_font_family":"Muli","typography_font_size":{"unit":"em","size":"0.7","sizes":[]},"typography_font_size_mobile":{"unit":"em","size":"0.8","sizes":[]},"typography_font_weight":"600","typography_text_transform":"uppercase","typography_line_height":{"unit":"em","size":"1","sizes":[]},"typography_line_height_mobile":{"unit":"em","size":"2","sizes":[]},"typography_letter_spacing":{"unit":"px","size":"3","sizes":[]}},"elements":[],"isInner":false,"widgetType":"heading","elType":"widget"},{"id":"3412b3a3","settings":{"title":"follow us online","align":"center","title_color":"#fdfcfa","typography_typography":"custom","typography_font_family":"Muli","typography_font_size":{"unit":"em","size":"3","sizes":[]},"typography_font_weight":"400","typography_text_transform":"uppercase","typography_line_height":{"unit":"em","size":"1","sizes":[]},"typography_font_size_mobile":{"unit":"em","size":"2","sizes":[]}},"elements":[],"isInner":false,"widgetType":"heading","elType":"widget"},{"id":"ef711de","settings":{"color":"#cdc7c2","width":{"unit":"%","size":"91","sizes":[]},"align":"center","weight":{"unit":"px","size":"2","sizes":[]},"_margin":{"unit":"px","top":"0","right":"0","bottom":"0","left":"0","isLinked":""}},"elements":[],"isInner":false,"widgetType":"divider","elType":"widget"},{"id":"a11dc7b","settings":{"social_icon_list":[{"social":"fa fa-youtube","link":{"url":"","is_external":"true","nofollow":""},"_id":"28ba356"},{"social":"fa fa-facebook","_id":"ae482ac","link":{"url":"","is_external":"true","nofollow":""}},{"social":"fa fa-twitter","_id":"6dc08df","link":{"url":"","is_external":"true","nofollow":""}},{"social":"fa fa-instagram","link":{"url":"","is_external":"true","nofollow":""},"_id":"5d5755b"},{"social":"fa fa-pinterest","link":{"url":"","is_external":"true","nofollow":""},"_id":"9141e3f"}],"icon_color":"custom","icon_primary_color":"#fdfcfa","icon_secondary_color":"#000000","icon_size":{"unit":"px","size":"22","sizes":[]},"icon_padding":{"unit":"em","size":"0.5","sizes":[]},"image_border_border":"solid","image_border_width":{"unit":"px","top":"1","right":"1","bottom":"1","left":"1","isLinked":"1"},"image_border_color":"rgba(81,65,12,0.18)","icon_size_mobile":{"unit":"px","size":"10","sizes":[]},"icon_spacing":{"unit":"px","size":"14","sizes":[]},"border_radius":{"unit":"px","top":"100","right":"100","bottom":"100","left":"100","isLinked":"1"},"hover_primary_color":"#fdfcfa","hover_secondary_color":"#000000","hover_animation":"pop","_padding":{"unit":"em","top":"2","right":"2","bottom":"2","left":"2","isLinked":"1"},"align_mobile":"center"},"elements":[],"isInner":false,"widgetType":"social-icons","elType":"widget"}],"isInner":"1","elType":"column"}],"isInner":"1","elType":"section"}],"isInner":"","elType":"column"}],"isInner":"","elType":"section"}],"page_settings":{"background_background":"classic","background_color":"#fdfcfa","template":"elementor_canvas"}}