{"version":"0.4","title":"Brewery > About Us 2","type":"page","content":[{"id":"7396712a","settings":{"custom_height":{"unit":"vh","size":"30","sizes":[]},"background_background":"classic","background_color":"rgba(10,10,0,0.84)","background_size":"cover","background_overlay_opacity":{"unit":"px","size":"0.86","sizes":[]},"padding":{"unit":"em","top":"6","right":"0","bottom":"6","left":"0","isLinked":""},"padding_mobile":{"unit":"em","top":"1","right":"1","bottom":"1","left":"1","isLinked":"1"},"background_overlay_background":"classic","custom_height_tablet":{"unit":"vh","size":"46","sizes":[]},"background_color_b":"#011627","background_gradient_angle":{"unit":"deg","size":"200","sizes":[]},"background_position":"center center","background_repeat":"no-repeat","background_overlay_color":"#1c1713","background_overlay_color_b":"#892af7","background_overlay_gradient_angle":{"unit":"deg","size":"300","sizes":[]},"background_overlay_position":"center center","background_overlay_repeat":"no-repeat","background_overlay_size":"cover","css_filters_contrast":{"unit":"px","size":"0","sizes":[]},"shape_divider_top_color":"#fdfcfa","shape_divider_top_width":{"unit":"%","size":"100","sizes":[]},"shape_divider_top_width_mobile":{"unit":"%","size":"300","sizes":[]},"shape_divider_top_height":{"unit":"px","size":"50","sizes":[]},"shape_divider_top_height_mobile":{"unit":"px","size":"18","sizes":[]},"shape_divider_bottom_color":"#fffaf5","shape_divider_bottom_width":{"unit":"%","size":"100","sizes":[]},"shape_divider_bottom_width_tablet":{"unit":"%","size":"300","sizes":[]},"shape_divider_bottom_width_mobile":{"unit":"%","size":"300","sizes":[]},"shape_divider_bottom_height":{"unit":"px","size":"50","sizes":[]},"shape_divider_bottom_height_mobile":{"unit":"px","size":"18","sizes":[]},"margin_mobile":{"unit":"px","top":"0","right":"0","bottom":"0","left":"0","isLinked":"1"},"padding_tablet":{"unit":"em","top":"1","right":"1","bottom":"1","left":"1","isLinked":"1"},"background_image":{"url":"http:\/\/sitefacilitado.com.br\/membros\/wp-content\/uploads\/2020\/03\/frank-luca-c-fbj_fTFUM-unsplash.jpg","id":"5844"},"background_attachment":"fixed","shape_divider_top_width_tablet":{"unit":"%","size":"300","sizes":[]},"shape_divider_top_height_tablet":{"unit":"px","size":"18","sizes":[]},"shape_divider_bottom_height_tablet":{"unit":"px","size":"18","sizes":[]},"height":"min-height","shape_divider_bottom":"book","shape_divider_bottom_negative":"yes"},"elements":[{"id":"60476fc2","settings":{"_column_size":"100","_inline_size":"","margin":{"unit":"px","top":"0","right":"0","bottom":"0","left":"0","isLinked":"1"},"padding":{"unit":"px","top":"0","right":"0","bottom":"0","left":"0","isLinked":"1"}},"elements":[{"id":"6a393e84","settings":{"content_width":{"unit":"px","size":"600","sizes":[]},"padding":{"unit":"em","top":"0","right":"0","bottom":"3","left":"0","isLinked":""},"margin":{"unit":"px","top":"0","right":"0","bottom":"0","left":"0","isLinked":"1"}},"elements":[{"id":"2b9407c6","settings":{"_column_size":"100","_inline_size":"","space_between_widgets":"5","_inline_size_tablet":"100","background_background":"classic","padding":{"unit":"em","top":"4","right":"3","bottom":"4","left":"3","isLinked":""},"padding_mobile":{"unit":"em","top":"1","right":"1","bottom":"1","left":"1","isLinked":"1"}},"elements":[{"id":"6c7c531b","settings":{"color":"#cdc7c2","width":{"unit":"%","size":"91","sizes":[]},"align":"center","gap":{"unit":"px","size":"9","sizes":[]},"weight":{"unit":"px","size":"2","sizes":[]},"_margin":{"unit":"px","top":"0","right":"0","bottom":"15","left":"0","isLinked":""}},"elements":[],"isInner":false,"widgetType":"divider","elType":"widget"},{"id":"570324f1","settings":{"title":"craft beer brewery","header_size":"h5","align":"center","title_color":"#fdfcfa","typography_typography":"custom","typography_font_family":"Oxygen","typography_font_size":{"unit":"em","size":"0.9","sizes":[]},"typography_font_weight":"500","typography_text_transform":"uppercase","typography_line_height":{"unit":"em","size":"1","sizes":[]},"typography_letter_spacing":{"unit":"px","size":"3","sizes":[]},"typography_font_size_mobile":{"unit":"em","size":"0.8","sizes":[]},"typography_line_height_mobile":{"unit":"em","size":"2","sizes":[]}},"elements":[],"isInner":false,"widgetType":"heading","elType":"widget"},{"id":"4ccfb2b3","settings":{"title":"About Us","align":"center","title_color":"#fdfcfa","typography_typography":"custom","typography_font_family":"Muli","typography_font_size":{"unit":"em","size":"5","sizes":[]},"typography_font_weight":"400","typography_text_transform":"uppercase","typography_line_height":{"unit":"em","size":"1","sizes":[]},"typography_font_size_mobile":{"unit":"em","size":"2","sizes":[]},"header_size":"h1"},"elements":[],"isInner":false,"widgetType":"heading","elType":"widget"},{"id":"1115b713","settings":{"color":"#fdfcfa","width":{"unit":"%","size":"30","sizes":[]},"gap":{"unit":"px","size":"5","sizes":[]},"align":"center"},"elements":[],"isInner":false,"widgetType":"divider","elType":"widget"},{"id":"653b4edd","settings":{"title":"watch the process","header_size":"h5","align":"center","title_color":"#fdfcfa","typography_typography":"custom","typography_font_family":"Oxygen","typography_font_size":{"unit":"em","size":"0.7","sizes":[]},"typography_font_weight":"500","typography_text_transform":"uppercase","typography_line_height":{"unit":"em","size":"1","sizes":[]},"typography_letter_spacing":{"unit":"px","size":"3","sizes":[]},"typography_font_size_mobile":{"unit":"em","size":"0.8","sizes":[]},"typography_line_height_mobile":{"unit":"em","size":"2","sizes":[]}},"elements":[],"isInner":false,"widgetType":"heading","elType":"widget"},{"id":"6be9cce0","settings":{"color":"#cdc7c2","width":{"unit":"%","size":"91","sizes":[]},"align":"center","gap":{"unit":"px","size":"9","sizes":[]},"weight":{"unit":"px","size":"2","sizes":[]},"_margin":{"unit":"px","top":"15","right":"0","bottom":"0","left":"0","isLinked":""}},"elements":[],"isInner":false,"widgetType":"divider","elType":"widget"}],"isInner":"1","elType":"column"}],"isInner":"1","elType":"section"}],"isInner":"","elType":"column"}],"isInner":"","elType":"section"},{"id":"74bc78c","settings":{"structure":"20","padding":{"unit":"em","top":"3","right":"0","bottom":"3","left":"0","isLinked":""},"padding_mobile":{"unit":"em","top":"1","right":"1","bottom":"1","left":"1","isLinked":"1"},"background_background":"classic","background_color":"#fffaf5","shape_divider_top_color":"#fdfcfa","shape_divider_top_height":{"unit":"px","size":"178","sizes":[]},"shape_divider_bottom_color":"#ffffff","shape_divider_bottom_height":{"unit":"px","size":"300","sizes":[]},"margin":{"unit":"px","top":"0","right":"0","bottom":"0","left":"0","isLinked":""},"margin_tablet":{"unit":"px","top":"0","right":"0","bottom":"0","left":"0","isLinked":"1"},"margin_mobile":{"unit":"px","top":"0","right":"0","bottom":"0","left":"0","isLinked":"1"},"padding_tablet":{"unit":"em","top":"0","right":"3","bottom":"0","left":"3","isLinked":""}},"elements":[{"id":"5073c33b","settings":{"_column_size":"50","_inline_size":"","content_position":"center","space_between_widgets":"5","padding":{"unit":"em","top":"0","right":"2","bottom":"0","left":"2","isLinked":""},"padding_tablet":{"unit":"em","top":"3","right":"3","bottom":"3","left":"3","isLinked":"1"},"margin_mobile":{"unit":"px","top":"0","right":"0","bottom":"0","left":"0","isLinked":"1"},"padding_mobile":{"unit":"em","top":"0","right":"0","bottom":"2","left":"0","isLinked":""},"_inline_size_tablet":"100"},"elements":[{"id":"244c8836","settings":{"content_width":{"unit":"px","size":"140","sizes":[]},"height_inner":"min-height","custom_height_inner_mobile":{"unit":"px","size":"250","sizes":[]},"margin_mobile":{"unit":"px","top":"0","right":"0","bottom":"0","left":"0","isLinked":"1"},"padding_mobile":{"unit":"px","top":"0","right":"0","bottom":"0","left":"0","isLinked":"1"},"custom_height_inner":{"unit":"px","size":"300","sizes":[]},"background_background":"classic","background_image":{"url":"http:\/\/sitefacilitado.com.br\/membros\/wp-content\/uploads\/2020\/03\/allef-vinicius-QHvtBAYVcfw-unsplash.jpg","id":"5875"},"background_position":"center right","background_repeat":"no-repeat","background_size":"cover","border_border":"solid","border_width":{"unit":"px","top":"10","right":"10","bottom":"30","left":"10","isLinked":""},"border_color":"#ffffff","border_radius":{"unit":"px","top":"6","right":"6","bottom":"6","left":"6","isLinked":"1"},"box_shadow_box_shadow_type":"yes","box_shadow_box_shadow":{"horizontal":"0","vertical":"8","blur":"10","spread":"-6","color":"rgba(0,0,0,0.37)"},"padding":{"unit":"em","top":"0","right":"0","bottom":"0","left":"0","isLinked":""},"margin_tablet":{"unit":"px","top":"0","right":"0","bottom":"0","left":"0","isLinked":"1"},"padding_tablet":{"unit":"px","top":"0","right":"0","bottom":"0","left":"0","isLinked":"1"},"background_hover_transition":{"unit":"px","size":"","sizes":[]},"background_overlay_background":"classic","background_overlay_color":"#26211e","css_filters_css_filter":"custom","css_filters_brightness":{"unit":"px","size":"200","sizes":[]},"css_filters_contrast":{"unit":"px","size":"114","sizes":[]},"css_filters_saturate":{"unit":"px","size":"36","sizes":[]}},"elements":[{"id":"7121467","settings":{"_column_size":"100","_inline_size":"","margin":{"unit":"px","top":"15","right":"15","bottom":"15","left":"15","isLinked":"1"},"padding":{"unit":"px","top":"0","right":"0","bottom":"0","left":"0","isLinked":"1"},"background_hover_transition":{"unit":"px","size":"","sizes":[]}},"elements":[{"id":"12c4adc9","settings":{"youtube_url":"https:\/\/www.youtube.com\/watch?v=WhWc3b3KhnY","vimeo_url":"","dailymotion_url":"","show_image_overlay":"yes","image_overlay":{"url":"http:\/\/sitefacilitado.com.br\/membros\/wp-content\/uploads\/2020\/03\/play.png","id":"5846"},"show_play_icon":"","lightbox":"yes","css_filters_css_filter":"custom","css_filters_contrast":{"unit":"px","size":"114","sizes":[]},"lightbox_color":"rgba(253,252,250,0.84)","lightbox_ui_color":"#352404","lightbox_ui_color_hover":"#352404","yt_privacy":"yes","modestbranding":"yes"},"elements":[],"isInner":false,"widgetType":"video","elType":"widget"}],"isInner":"1","elType":"column"}],"isInner":"1","elType":"section"}],"isInner":"","elType":"column"},{"id":"849f5ac","settings":{"_column_size":"50","_inline_size":"","content_position":"center","space_between_widgets":"5","padding":{"unit":"em","top":"0","right":"2","bottom":"0","left":"2","isLinked":""},"padding_tablet":{"unit":"em","top":"3","right":"3","bottom":"3","left":"3","isLinked":"1"},"padding_mobile":{"unit":"em","top":"1","right":"1","bottom":"1","left":"1","isLinked":"1"},"_inline_size_tablet":"100"},"elements":[{"id":"370a488c","settings":{"color":"#cdc7c2","width":{"unit":"%","size":"91","sizes":[]},"align":"left","gap":{"unit":"px","size":"9","sizes":[]},"weight":{"unit":"px","size":"2","sizes":[]},"_margin":{"unit":"px","top":"0","right":"0","bottom":"30","left":"0","isLinked":""}},"elements":[],"isInner":false,"widgetType":"divider","elType":"widget"},{"id":"74828584","settings":{"title":"craft beer brewery","align":"left","title_color":"#3f3521","typography_typography":"custom","typography_font_family":"Muli","typography_font_size":{"unit":"em","size":"1.8","sizes":[]},"typography_font_weight":"600","typography_text_transform":"capitalize","typography_line_height":{"unit":"em","size":"1","sizes":[]},"typography_font_size_mobile":{"unit":"em","size":"1.3","sizes":[]},"_margin":{"unit":"px","top":"0","right":"0","bottom":"010","left":"0","isLinked":""}},"elements":[],"isInner":false,"widgetType":"heading","elType":"widget"},{"id":"74c35b94","settings":{"title":"see how our beer is made","header_size":"h5","align":"left","title_color":"#352404","typography_typography":"custom","typography_font_family":"Muli","typography_font_size":{"unit":"em","size":"0.7","sizes":[]},"typography_font_size_mobile":{"unit":"em","size":"0.8","sizes":[]},"typography_font_weight":"600","typography_text_transform":"uppercase","typography_line_height":{"unit":"em","size":"1","sizes":[]},"typography_line_height_mobile":{"unit":"em","size":"2","sizes":[]},"typography_letter_spacing":{"unit":"px","size":"3","sizes":[]}},"elements":[],"isInner":false,"widgetType":"heading","elType":"widget"},{"id":"687dd0df","settings":{"title":"Sed ut perspiciatis unde omnis iste natus error sit voluptatem accusantium doloremque laudantium.","title_color":"#6e6d69","typography_typography":"custom","typography_font_family":"Nanum Myeongjo","typography_font_size":{"unit":"em","size":"1.1","sizes":[]},"typography_line_height":{"unit":"em","size":"1.6","sizes":[]},"_padding":{"unit":"em","top":"1","right":"0","bottom":"0","left":"0","isLinked":""},"align":"left","typography_font_size_mobile":{"unit":"em","size":"0.8","sizes":[]},"_margin":{"unit":"px","top":"0","right":"0","bottom":"0","left":"0","isLinked":"1"},"typography_font_weight":"600"},"elements":[],"isInner":false,"widgetType":"heading","elType":"widget"},{"id":"508c0219","settings":{"editor":"<p>Lorem ipsum dolor sit amet, consectetur adipiscing elit, sed do eiusmod tempor incididunt Sed ut perspiciatis unde omnis iste natus.<\/p>","text_color":"#333333","typography_typography":"custom","typography_font_family":"Muli","typography_font_size":{"unit":"em","size":"0.8","sizes":[]},"typography_line_height":{"unit":"em","size":"1.6","sizes":[]},"align":"left","typography_font_size_mobile":{"unit":"em","size":"0.8","sizes":[]},"_margin":{"unit":"px","top":"0","right":"0","bottom":"0","left":"0","isLinked":"1"},"_padding":{"unit":"em","top":"0","right":"0","bottom":"1","left":"0","isLinked":""}},"elements":[],"isInner":false,"widgetType":"text-editor","elType":"widget"},{"id":"4c962c69","settings":{"color":"#cdc7c2","width":{"unit":"%","size":"91","sizes":[]},"align":"left","gap":{"unit":"px","size":"9","sizes":[]},"weight":{"unit":"px","size":"2","sizes":[]},"_margin":{"unit":"px","top":"0","right":"0","bottom":"15","left":"0","isLinked":""}},"elements":[],"isInner":false,"widgetType":"divider","elType":"widget"},{"id":"4caa8383","settings":{"text":"Download","align":"justify","size":"xs","icon_indent":{"unit":"px","size":"13","sizes":[]},"typography_typography":"custom","typography_font_family":"Muli","button_text_color":"#fdfcfa","background_color":"#b9b39e","hover_color":"#fdfcfa","button_background_hover_color":"#baa86f","button_hover_border_color":"rgba(81,65,12,0.18)","border_border":"solid","border_width":{"unit":"px","top":"1","right":"1","bottom":"1","left":"1","isLinked":"1"},"border_color":"#b9b39e","align_mobile":"justify","typography_line_height":{"unit":"em","size":"1.5","sizes":[]},"icon":"fa fa-download","icon_align":"right","border_radius":{"unit":"px","top":"50","right":"50","bottom":"50","left":"50","isLinked":"1"},"_element_width":"initial","_element_custom_width":{"unit":"%","size":"33","sizes":[]}},"elements":[],"isInner":false,"widgetType":"button","elType":"widget"},{"id":"a3c3893","settings":{"text":"Video Details","align":"left","size":"xs","icon_indent":{"unit":"px","size":"13","sizes":[]},"typography_typography":"custom","typography_font_family":"Muli","button_text_color":"#6e6d69","background_color":"#fdfcfa","hover_color":"#b9b39e","button_background_hover_color":"rgba(185,179,158,0)","button_hover_border_color":"#b9b39e","border_border":"solid","border_width":{"unit":"px","top":"1","right":"1","bottom":"1","left":"1","isLinked":"1"},"border_color":"#6e6d69","align_mobile":"justify","typography_line_height":{"unit":"em","size":"1.5","sizes":[]},"icon":"fa fa-info","icon_align":"right","border_radius":{"unit":"px","top":"50","right":"50","bottom":"50","left":"50","isLinked":"1"},"_padding":{"unit":"em","top":"0","right":"0","bottom":"0","left":"1","isLinked":""},"_element_width":"auto"},"elements":[],"isInner":false,"widgetType":"button","elType":"widget"},{"id":"39f6d80a","settings":{"color":"#cdc7c2","width":{"unit":"%","size":"91","sizes":[]},"align":"left","gap":{"unit":"px","size":"9","sizes":[]},"weight":{"unit":"px","size":"2","sizes":[]},"_margin":{"unit":"px","top":"15","right":"0","bottom":"0","left":"0","isLinked":""}},"elements":[],"isInner":false,"widgetType":"divider","elType":"widget"}],"isInner":"","elType":"column"}],"isInner":"","elType":"section"},{"id":"588cf666","settings":{"structure":"20","padding":{"unit":"em","top":"3","right":"0","bottom":"3","left":"0","isLinked":""},"padding_mobile":{"unit":"em","top":"1","right":"1","bottom":"1","left":"1","isLinked":"1"},"background_background":"classic","shape_divider_top_color":"#fdfcfa","shape_divider_top_height":{"unit":"px","size":"178","sizes":[]},"shape_divider_bottom_color":"#ffffff","shape_divider_bottom_height":{"unit":"px","size":"300","sizes":[]},"margin":{"unit":"px","top":"0","right":"0","bottom":"0","left":"0","isLinked":""},"margin_tablet":{"unit":"px","top":"0","right":"0","bottom":"0","left":"0","isLinked":"1"},"margin_mobile":{"unit":"px","top":"0","right":"0","bottom":"0","left":"0","isLinked":"1"},"padding_tablet":{"unit":"em","top":"0","right":"3","bottom":"0","left":"3","isLinked":""},"background_color":"#fffaf5"},"elements":[{"id":"3c66c444","settings":{"_column_size":"50","_inline_size":"","content_position":"center","space_between_widgets":"5","padding":{"unit":"em","top":"0","right":"2","bottom":"0","left":"2","isLinked":""},"padding_tablet":{"unit":"em","top":"3","right":"3","bottom":"3","left":"3","isLinked":"1"},"padding_mobile":{"unit":"em","top":"1","right":"1","bottom":"1","left":"1","isLinked":"1"},"_inline_size_tablet":"100"},"elements":[{"id":"263ed0fd","settings":{"color":"#cdc7c2","width":{"unit":"%","size":"91","sizes":[]},"align":"left","gap":{"unit":"px","size":"9","sizes":[]},"weight":{"unit":"px","size":"2","sizes":[]},"_margin":{"unit":"px","top":"0","right":"0","bottom":"30","left":"0","isLinked":""}},"elements":[],"isInner":false,"widgetType":"divider","elType":"widget"},{"id":"695a67fa","settings":{"title":"discover our history","align":"left","title_color":"#3f3521","typography_typography":"custom","typography_font_family":"Muli","typography_font_size":{"unit":"em","size":"1.8","sizes":[]},"typography_font_weight":"600","typography_text_transform":"capitalize","typography_line_height":{"unit":"em","size":"1","sizes":[]},"typography_font_size_mobile":{"unit":"em","size":"1.3","sizes":[]},"_margin":{"unit":"px","top":"0","right":"0","bottom":"010","left":"0","isLinked":""}},"elements":[],"isInner":false,"widgetType":"heading","elType":"widget"},{"id":"71fff2dd","settings":{"title":"dating back over 100 years","header_size":"h5","align":"left","title_color":"#352404","typography_typography":"custom","typography_font_family":"Muli","typography_font_size":{"unit":"em","size":"0.7","sizes":[]},"typography_font_size_mobile":{"unit":"em","size":"0.8","sizes":[]},"typography_font_weight":"600","typography_text_transform":"uppercase","typography_line_height":{"unit":"em","size":"1","sizes":[]},"typography_line_height_mobile":{"unit":"em","size":"2","sizes":[]},"typography_letter_spacing":{"unit":"px","size":"3","sizes":[]}},"elements":[],"isInner":false,"widgetType":"heading","elType":"widget"},{"id":"60cfd260","settings":{"title":"Sed ut perspiciatis unde omnis iste natus error sit voluptatem accusantium doloremque laudantium, totam rem aperiam.","title_color":"#6e6d69","typography_typography":"custom","typography_font_family":"Nanum Myeongjo","typography_font_size":{"unit":"em","size":"1.1","sizes":[]},"typography_line_height":{"unit":"em","size":"1.6","sizes":[]},"_padding":{"unit":"em","top":"1","right":"0","bottom":"0","left":"0","isLinked":""},"align":"left","typography_font_size_mobile":{"unit":"em","size":"0.8","sizes":[]},"_margin":{"unit":"px","top":"0","right":"0","bottom":"0","left":"0","isLinked":"1"},"typography_font_weight":"600"},"elements":[],"isInner":false,"widgetType":"heading","elType":"widget"},{"id":"34cb32dc","settings":{"editor":"<p>Lorem ipsum dolor sit amet, consectetur adipiscing elit, sed do eiusmod tempor incididunt Sed ut perspiciatis unde omnis iste natus.<\/p>","text_color":"#333333","typography_typography":"custom","typography_font_family":"Muli","typography_font_size":{"unit":"em","size":"0.8","sizes":[]},"typography_line_height":{"unit":"em","size":"1.6","sizes":[]},"align":"left","typography_font_size_mobile":{"unit":"em","size":"0.8","sizes":[]},"_margin":{"unit":"px","top":"0","right":"0","bottom":"0","left":"0","isLinked":"1"},"_padding":{"unit":"em","top":"0","right":"0","bottom":"1","left":"0","isLinked":""}},"elements":[],"isInner":false,"widgetType":"text-editor","elType":"widget"},{"id":"3d4d9888","settings":{"color":"#cdc7c2","width":{"unit":"%","size":"91","sizes":[]},"align":"left","gap":{"unit":"px","size":"9","sizes":[]},"weight":{"unit":"px","size":"2","sizes":[]},"_margin":{"unit":"px","top":"0","right":"0","bottom":"15","left":"0","isLinked":""}},"elements":[],"isInner":false,"widgetType":"divider","elType":"widget"},{"id":"56caed6e","settings":{"text":"Download","align":"justify","size":"xs","icon_indent":{"unit":"px","size":"13","sizes":[]},"typography_typography":"custom","typography_font_family":"Muli","button_text_color":"#fdfcfa","background_color":"#b9b39e","hover_color":"#fdfcfa","button_background_hover_color":"#baa86f","button_hover_border_color":"rgba(81,65,12,0.18)","border_border":"solid","border_width":{"unit":"px","top":"1","right":"1","bottom":"1","left":"1","isLinked":"1"},"border_color":"#b9b39e","align_mobile":"justify","typography_line_height":{"unit":"em","size":"1.5","sizes":[]},"icon":"fa fa-download","icon_align":"right","border_radius":{"unit":"px","top":"50","right":"50","bottom":"50","left":"50","isLinked":"1"},"_element_width":"initial","_element_custom_width":{"unit":"%","size":"33","sizes":[]}},"elements":[],"isInner":false,"widgetType":"button","elType":"widget"},{"id":"4415bef4","settings":{"text":"Video Details","align":"left","size":"xs","icon_indent":{"unit":"px","size":"13","sizes":[]},"typography_typography":"custom","typography_font_family":"Muli","button_text_color":"#6e6d69","background_color":"#fdfcfa","hover_color":"#b9b39e","button_background_hover_color":"rgba(185,179,158,0)","button_hover_border_color":"#b9b39e","border_border":"solid","border_width":{"unit":"px","top":"1","right":"1","bottom":"1","left":"1","isLinked":"1"},"border_color":"#6e6d69","align_mobile":"justify","typography_line_height":{"unit":"em","size":"1.5","sizes":[]},"icon":"fa fa-info","icon_align":"right","border_radius":{"unit":"px","top":"50","right":"50","bottom":"50","left":"50","isLinked":"1"},"_padding":{"unit":"em","top":"0","right":"0","bottom":"0","left":"1","isLinked":""},"_element_width":"auto"},"elements":[],"isInner":false,"widgetType":"button","elType":"widget"},{"id":"1ce1da9d","settings":{"color":"#cdc7c2","align":"left","gap":{"unit":"px","size":"9","sizes":[]},"_margin":{"unit":"px","top":"15","right":"0","bottom":"0","left":"0","isLinked":""},"weight":{"unit":"px","size":"2","sizes":[]},"width":{"unit":"%","size":"91","sizes":[]}},"elements":[],"isInner":false,"widgetType":"divider","elType":"widget"}],"isInner":"","elType":"column"},{"id":"2c1e2c3d","settings":{"_column_size":"50","_inline_size":"","content_position":"center","space_between_widgets":"5","padding":{"unit":"em","top":"0","right":"2","bottom":"0","left":"2","isLinked":""},"padding_tablet":{"unit":"em","top":"3","right":"3","bottom":"3","left":"3","isLinked":"1"},"margin_mobile":{"unit":"px","top":"0","right":"0","bottom":"0","left":"0","isLinked":"1"},"padding_mobile":{"unit":"em","top":"0","right":"0","bottom":"2","left":"0","isLinked":""},"_inline_size_tablet":"100"},"elements":[{"id":"64f6f55d","settings":{"content_width":{"unit":"px","size":"140","sizes":[]},"height_inner":"min-height","custom_height_inner_mobile":{"unit":"px","size":"250","sizes":[]},"margin_mobile":{"unit":"px","top":"0","right":"0","bottom":"0","left":"0","isLinked":"1"},"padding_mobile":{"unit":"px","top":"0","right":"0","bottom":"0","left":"0","isLinked":"1"},"custom_height_inner":{"unit":"px","size":"300","sizes":[]},"background_background":"classic","background_image":{"url":"http:\/\/sitefacilitado.com.br\/membros\/wp-content\/uploads\/2020\/03\/black-and-white-elderly-hat-160422-v2.jpg","id":"5865"},"background_position":"center right","background_repeat":"no-repeat","background_size":"cover","border_border":"solid","border_width":{"unit":"px","top":"10","right":"10","bottom":"30","left":"10","isLinked":""},"border_color":"#ffffff","border_radius":{"unit":"px","top":"6","right":"6","bottom":"6","left":"6","isLinked":"1"},"box_shadow_box_shadow_type":"yes","box_shadow_box_shadow":{"horizontal":"0","vertical":"8","blur":"10","spread":"-6","color":"rgba(0,0,0,0.37)"},"padding":{"unit":"em","top":"0","right":"0","bottom":"0","left":"0","isLinked":""},"margin_tablet":{"unit":"px","top":"0","right":"0","bottom":"0","left":"0","isLinked":"1"},"padding_tablet":{"unit":"px","top":"0","right":"0","bottom":"0","left":"0","isLinked":"1"},"background_hover_transition":{"unit":"px","size":"","sizes":[]},"background_overlay_background":"classic","background_overlay_color":"#382d26","css_filters_css_filter":"custom","css_filters_brightness":{"unit":"px","size":"123","sizes":[]},"css_filters_contrast":{"unit":"px","size":"57","sizes":[]},"css_filters_saturate":{"unit":"px","size":"58","sizes":[]}},"elements":[{"id":"4bffed91","settings":{"_column_size":"100","_inline_size":"","margin":{"unit":"px","top":"15","right":"15","bottom":"15","left":"15","isLinked":"1"},"padding":{"unit":"px","top":"0","right":"0","bottom":"0","left":"0","isLinked":"1"},"background_hover_transition":{"unit":"px","size":"","sizes":[]}},"elements":[{"id":"396ba485","settings":{"youtube_url":"https:\/\/www.youtube.com\/watch?v=WhWc3b3KhnY","vimeo_url":"","dailymotion_url":"","show_image_overlay":"yes","image_overlay":{"url":"http:\/\/sitefacilitado.com.br\/membros\/wp-content\/uploads\/2020\/03\/play.png","id":"5846"},"show_play_icon":"","lightbox":"yes","css_filters_css_filter":"custom","css_filters_contrast":{"unit":"px","size":"114","sizes":[]},"lightbox_color":"rgba(253,252,250,0.84)","lightbox_ui_color":"#352404","lightbox_ui_color_hover":"#352404","yt_privacy":"yes","modestbranding":"yes"},"elements":[],"isInner":false,"widgetType":"video","elType":"widget"}],"isInner":"1","elType":"column"}],"isInner":"1","elType":"section"}],"isInner":"","elType":"column"}],"isInner":"","elType":"section"},{"id":"4211234b","settings":{"structure":"20","padding":{"unit":"em","top":"3","right":"0","bottom":"3","left":"0","isLinked":""},"padding_mobile":{"unit":"em","top":"1","right":"1","bottom":"1","left":"1","isLinked":"1"},"background_background":"classic","shape_divider_top_color":"#fdfcfa","shape_divider_top_height":{"unit":"px","size":"178","sizes":[]},"shape_divider_bottom_color":"#ffffff","shape_divider_bottom_height":{"unit":"px","size":"300","sizes":[]},"margin":{"unit":"px","top":"0","right":"0","bottom":"0","left":"0","isLinked":""},"margin_tablet":{"unit":"px","top":"0","right":"0","bottom":"0","left":"0","isLinked":"1"},"margin_mobile":{"unit":"px","top":"0","right":"0","bottom":"0","left":"0","isLinked":"1"},"padding_tablet":{"unit":"em","top":"0","right":"3","bottom":"0","left":"3","isLinked":""},"background_color":"#fffaf5"},"elements":[{"id":"6e6c83a5","settings":{"_column_size":"50","_inline_size":"","content_position":"center","space_between_widgets":"5","padding":{"unit":"em","top":"0","right":"2","bottom":"0","left":"2","isLinked":""},"padding_tablet":{"unit":"em","top":"3","right":"3","bottom":"3","left":"3","isLinked":"1"},"margin_mobile":{"unit":"px","top":"0","right":"0","bottom":"0","left":"0","isLinked":"1"},"padding_mobile":{"unit":"em","top":"0","right":"0","bottom":"2","left":"0","isLinked":""},"_inline_size_tablet":"100"},"elements":[{"id":"66348156","settings":{"content_width":{"unit":"px","size":"140","sizes":[]},"height_inner":"min-height","custom_height_inner_mobile":{"unit":"px","size":"250","sizes":[]},"margin_mobile":{"unit":"px","top":"0","right":"0","bottom":"0","left":"0","isLinked":"1"},"padding_mobile":{"unit":"px","top":"0","right":"0","bottom":"0","left":"0","isLinked":"1"},"custom_height_inner":{"unit":"px","size":"300","sizes":[]},"background_background":"classic","background_image":{"url":"http:\/\/sitefacilitado.com.br\/membros\/wp-content\/uploads\/2020\/03\/elevate-D6IZR-YsDYw-unsplash.jpg","id":"5876"},"background_position":"center right","background_repeat":"no-repeat","background_size":"cover","border_border":"solid","border_width":{"unit":"px","top":"10","right":"10","bottom":"30","left":"10","isLinked":""},"border_color":"#ffffff","border_radius":{"unit":"px","top":"6","right":"6","bottom":"6","left":"6","isLinked":"1"},"box_shadow_box_shadow_type":"yes","box_shadow_box_shadow":{"horizontal":"0","vertical":"8","blur":"10","spread":"-6","color":"rgba(0,0,0,0.37)"},"padding":{"unit":"em","top":"0","right":"0","bottom":"0","left":"0","isLinked":""},"margin_tablet":{"unit":"px","top":"0","right":"0","bottom":"0","left":"0","isLinked":"1"},"padding_tablet":{"unit":"px","top":"0","right":"0","bottom":"0","left":"0","isLinked":"1"},"background_hover_transition":{"unit":"px","size":"","sizes":[]},"background_overlay_background":"classic","background_overlay_color":"#352d25","css_filters_css_filter":"custom","css_filters_brightness":{"unit":"px","size":"156","sizes":[]},"css_filters_contrast":{"unit":"px","size":"65","sizes":[]},"css_filters_saturate":{"unit":"px","size":"58","sizes":[]}},"elements":[{"id":"726b3740","settings":{"_column_size":"100","_inline_size":"","margin":{"unit":"px","top":"15","right":"15","bottom":"15","left":"15","isLinked":"1"},"padding":{"unit":"px","top":"0","right":"0","bottom":"0","left":"0","isLinked":"1"},"background_hover_transition":{"unit":"px","size":"","sizes":[]}},"elements":[{"id":"646fb3a8","settings":{"youtube_url":"https:\/\/www.youtube.com\/watch?v=WhWc3b3KhnY","vimeo_url":"","dailymotion_url":"","show_image_overlay":"yes","image_overlay":{"url":"http:\/\/sitefacilitado.com.br\/membros\/wp-content\/uploads\/2020\/03\/play.png","id":"5846"},"show_play_icon":"","lightbox":"yes","css_filters_css_filter":"custom","css_filters_contrast":{"unit":"px","size":"114","sizes":[]},"lightbox_color":"rgba(253,252,250,0.84)","lightbox_ui_color":"#352404","lightbox_ui_color_hover":"#352404","yt_privacy":"yes","modestbranding":"yes"},"elements":[],"isInner":false,"widgetType":"video","elType":"widget"}],"isInner":"1","elType":"column"}],"isInner":"1","elType":"section"}],"isInner":"","elType":"column"},{"id":"64dc327b","settings":{"_column_size":"50","_inline_size":"","content_position":"center","space_between_widgets":"5","padding":{"unit":"em","top":"0","right":"2","bottom":"0","left":"2","isLinked":""},"padding_tablet":{"unit":"em","top":"3","right":"3","bottom":"3","left":"3","isLinked":"1"},"padding_mobile":{"unit":"em","top":"1","right":"1","bottom":"1","left":"1","isLinked":"1"},"_inline_size_tablet":"100"},"elements":[{"id":"19d4d0ec","settings":{"color":"#cdc7c2","width":{"unit":"%","size":"91","sizes":[]},"align":"left","gap":{"unit":"px","size":"9","sizes":[]},"weight":{"unit":"px","size":"2","sizes":[]},"_margin":{"unit":"px","top":"0","right":"0","bottom":"30","left":"0","isLinked":""}},"elements":[],"isInner":false,"widgetType":"divider","elType":"widget"},{"id":"3704a827","settings":{"title":"customer experience","align":"left","title_color":"#3f3521","typography_typography":"custom","typography_font_family":"Muli","typography_font_size":{"unit":"em","size":"1.8","sizes":[]},"typography_font_weight":"600","typography_text_transform":"capitalize","typography_line_height":{"unit":"em","size":"1","sizes":[]},"typography_font_size_mobile":{"unit":"em","size":"1.3","sizes":[]},"_margin":{"unit":"px","top":"0","right":"0","bottom":"010","left":"0","isLinked":""}},"elements":[],"isInner":false,"widgetType":"heading","elType":"widget"},{"id":"4b89b841","settings":{"title":"from the brewery floor","header_size":"h5","align":"left","title_color":"#352404","typography_typography":"custom","typography_font_family":"Muli","typography_font_size":{"unit":"em","size":"0.7","sizes":[]},"typography_font_size_mobile":{"unit":"em","size":"0.8","sizes":[]},"typography_font_weight":"600","typography_text_transform":"uppercase","typography_line_height":{"unit":"em","size":"1","sizes":[]},"typography_line_height_mobile":{"unit":"em","size":"2","sizes":[]},"typography_letter_spacing":{"unit":"px","size":"3","sizes":[]}},"elements":[],"isInner":false,"widgetType":"heading","elType":"widget"},{"id":"669be2b9","settings":{"title":"Sed ut perspiciatis unde omnis iste natus error sit voluptatem accusantium doloremque laudantium, totam rem.","title_color":"#6e6d69","typography_typography":"custom","typography_font_family":"Nanum Myeongjo","typography_font_size":{"unit":"em","size":"1.1","sizes":[]},"typography_line_height":{"unit":"em","size":"1.6","sizes":[]},"_padding":{"unit":"em","top":"1","right":"0","bottom":"0","left":"0","isLinked":""},"align":"left","typography_font_size_mobile":{"unit":"em","size":"0.8","sizes":[]},"_margin":{"unit":"px","top":"0","right":"0","bottom":"0","left":"0","isLinked":"1"},"typography_font_weight":"600"},"elements":[],"isInner":false,"widgetType":"heading","elType":"widget"},{"id":"d2ba0b6","settings":{"editor":"<p>Lorem ipsum dolor sit amet, consectetur adipiscing elit, sed do eiusmod tempor incididunt Sed ut perspiciatis unde omnis iste natus.<\/p>","text_color":"#333333","typography_typography":"custom","typography_font_family":"Muli","typography_font_size":{"unit":"em","size":"0.8","sizes":[]},"typography_line_height":{"unit":"em","size":"1.6","sizes":[]},"align":"left","typography_font_size_mobile":{"unit":"em","size":"0.8","sizes":[]},"_margin":{"unit":"px","top":"0","right":"0","bottom":"0","left":"0","isLinked":"1"},"_padding":{"unit":"em","top":"0","right":"0","bottom":"1","left":"0","isLinked":""}},"elements":[],"isInner":false,"widgetType":"text-editor","elType":"widget"},{"id":"4148853b","settings":{"color":"#cdc7c2","align":"left","gap":{"unit":"px","size":"9","sizes":[]},"_margin":{"unit":"px","top":"0","right":"0","bottom":"15","left":"0","isLinked":""},"weight":{"unit":"px","size":"2","sizes":[]},"width":{"unit":"%","size":"91","sizes":[]}},"elements":[],"isInner":false,"widgetType":"divider","elType":"widget"},{"id":"5d1d074e","settings":{"text":"Download","align":"justify","size":"xs","icon_indent":{"unit":"px","size":"13","sizes":[]},"typography_typography":"custom","typography_font_family":"Muli","button_text_color":"#fdfcfa","background_color":"#b9b39e","hover_color":"#fdfcfa","button_background_hover_color":"#baa86f","button_hover_border_color":"rgba(81,65,12,0.18)","border_border":"solid","border_width":{"unit":"px","top":"1","right":"1","bottom":"1","left":"1","isLinked":"1"},"border_color":"#b9b39e","align_mobile":"justify","typography_line_height":{"unit":"em","size":"1.5","sizes":[]},"icon":"fa fa-download","icon_align":"right","border_radius":{"unit":"px","top":"50","right":"50","bottom":"50","left":"50","isLinked":"1"},"_element_width":"initial","_element_custom_width":{"unit":"%","size":"33","sizes":[]}},"elements":[],"isInner":false,"widgetType":"button","elType":"widget"},{"id":"4ea65a52","settings":{"text":"Video Details","align":"left","size":"xs","icon_indent":{"unit":"px","size":"13","sizes":[]},"typography_typography":"custom","typography_font_family":"Muli","button_text_color":"#6e6d69","background_color":"#fdfcfa","hover_color":"#b9b39e","button_background_hover_color":"rgba(185,179,158,0)","button_hover_border_color":"#b9b39e","border_border":"solid","border_width":{"unit":"px","top":"1","right":"1","bottom":"1","left":"1","isLinked":"1"},"border_color":"#6e6d69","align_mobile":"justify","typography_line_height":{"unit":"em","size":"1.5","sizes":[]},"icon":"fa fa-info","icon_align":"right","border_radius":{"unit":"px","top":"50","right":"50","bottom":"50","left":"50","isLinked":"1"},"_padding":{"unit":"em","top":"0","right":"0","bottom":"0","left":"1","isLinked":""},"_element_width":"auto"},"elements":[],"isInner":false,"widgetType":"button","elType":"widget"},{"id":"7b58b500","settings":{"color":"#b9b39e","align":"center","gap":{"unit":"px","size":"20","sizes":[]},"_padding":{"unit":"em","top":"0","right":"0","bottom":"0","left":"0","isLinked":"1"},"_margin":{"unit":"px","top":"0","right":"0","bottom":"0","left":"0","isLinked":"1"}},"elements":[],"isInner":false,"widgetType":"divider","elType":"widget"}],"isInner":"","elType":"column"}],"isInner":"","elType":"section"},{"id":"51983e82","settings":{"custom_height":{"unit":"vh","size":"30","sizes":[]},"background_background":"classic","background_color":"rgba(10,10,0,0.84)","background_size":"cover","background_overlay_opacity":{"unit":"px","size":"0.91","sizes":[]},"padding":{"unit":"em","top":"6","right":"0","bottom":"6","left":"0","isLinked":""},"padding_mobile":{"unit":"em","top":"1","right":"1","bottom":"1","left":"1","isLinked":"1"},"background_overlay_background":"classic","custom_height_tablet":{"unit":"vh","size":"46","sizes":[]},"background_color_b":"#011627","background_gradient_angle":{"unit":"deg","size":"200","sizes":[]},"background_position":"bottom center","background_repeat":"no-repeat","background_overlay_color":"#23211e","background_overlay_color_b":"#892af7","background_overlay_gradient_angle":{"unit":"deg","size":"300","sizes":[]},"background_overlay_position":"center center","background_overlay_repeat":"no-repeat","background_overlay_size":"cover","css_filters_contrast":{"unit":"px","size":"0","sizes":[]},"shape_divider_top_color":"#fffaf5","shape_divider_top_width":{"unit":"%","size":"100","sizes":[]},"shape_divider_top_width_mobile":{"unit":"%","size":"300","sizes":[]},"shape_divider_top_height":{"unit":"px","size":"50","sizes":[]},"shape_divider_top_height_mobile":{"unit":"px","size":"18","sizes":[]},"shape_divider_bottom_color":"#fffaf5","shape_divider_bottom_width":{"unit":"%","size":"100","sizes":[]},"shape_divider_bottom_width_tablet":{"unit":"%","size":"300","sizes":[]},"shape_divider_bottom_width_mobile":{"unit":"%","size":"300","sizes":[]},"shape_divider_bottom_height":{"unit":"px","size":"50","sizes":[]},"shape_divider_bottom_height_mobile":{"unit":"px","size":"18","sizes":[]},"margin_mobile":{"unit":"px","top":"0","right":"0","bottom":"0","left":"0","isLinked":"1"},"padding_tablet":{"unit":"em","top":"1","right":"1","bottom":"1","left":"1","isLinked":"1"},"background_image":{"url":"http:\/\/sitefacilitado.com.br\/membros\/wp-content\/uploads\/2020\/03\/adult-alcohol-barrel-1370391-demo-scaled.jpg","id":"5868"},"background_attachment":"fixed","shape_divider_top":"book","shape_divider_top_width_tablet":{"unit":"%","size":"300","sizes":[]},"shape_divider_top_height_tablet":{"unit":"px","size":"18","sizes":[]},"shape_divider_bottom":"book","shape_divider_bottom_height_tablet":{"unit":"px","size":"18","sizes":[]},"height":"min-height","shape_divider_top_negative":"yes"},"elements":[{"id":"7184a806","settings":{"_column_size":"100","_inline_size":"","margin":{"unit":"px","top":"0","right":"0","bottom":"0","left":"0","isLinked":"1"},"padding":{"unit":"px","top":"0","right":"0","bottom":"0","left":"0","isLinked":"1"}},"elements":[{"id":"464dc883","settings":{"content_width":{"unit":"px","size":"600","sizes":[]},"padding":{"unit":"em","top":"0","right":"0","bottom":"0","left":"0","isLinked":""},"margin":{"unit":"px","top":"0","right":"0","bottom":"0","left":"0","isLinked":"1"}},"elements":[{"id":"46985b0b","settings":{"_column_size":"100","_inline_size":"","space_between_widgets":"5","_inline_size_tablet":"100","background_background":"classic","padding":{"unit":"em","top":"4","right":"3","bottom":"4","left":"3","isLinked":""},"padding_mobile":{"unit":"em","top":"1","right":"1","bottom":"1","left":"1","isLinked":"1"}},"elements":[{"id":"48d22c31","settings":{"color":"#cdc7c2","width":{"unit":"%","size":"91","sizes":[]},"align":"center","gap":{"unit":"px","size":"9","sizes":[]},"weight":{"unit":"px","size":"2","sizes":[]},"_margin":{"unit":"px","top":"0","right":"0","bottom":"15","left":"0","isLinked":""}},"elements":[],"isInner":false,"widgetType":"divider","elType":"widget"},{"id":"7bcb5884","settings":{"title":"live from the brewery","header_size":"h5","align":"center","title_color":"#fdfcfa","typography_typography":"custom","typography_font_family":"Muli","typography_font_size":{"unit":"em","size":"0.7","sizes":[]},"typography_font_size_mobile":{"unit":"em","size":"0.8","sizes":[]},"typography_font_weight":"600","typography_text_transform":"uppercase","typography_line_height":{"unit":"em","size":"1","sizes":[]},"typography_line_height_mobile":{"unit":"em","size":"2","sizes":[]},"typography_letter_spacing":{"unit":"px","size":"3","sizes":[]}},"elements":[],"isInner":false,"widgetType":"heading","elType":"widget"},{"id":"4f35b7fa","settings":{"title":"photo gallery","align":"center","title_color":"#fdfcfa","typography_typography":"custom","typography_font_family":"Muli","typography_font_size":{"unit":"em","size":"3","sizes":[]},"typography_font_weight":"400","typography_text_transform":"uppercase","typography_line_height":{"unit":"em","size":"1","sizes":[]},"typography_font_size_mobile":{"unit":"em","size":"2","sizes":[]},"header_size":"h3"},"elements":[],"isInner":false,"widgetType":"heading","elType":"widget"},{"id":"47f30699","settings":{"title":"Sed ut perspiciatis unde omnis iste natus error sit voluptatem accusantium doloremque laudantium, totam rem.","title_color":"#fdfcfa","typography_typography":"custom","typography_font_family":"Nanum Myeongjo","typography_font_size":{"unit":"em","size":"1.1","sizes":[]},"typography_line_height":{"unit":"em","size":"1.6","sizes":[]},"_padding":{"unit":"em","top":"1","right":"0","bottom":"0","left":"0","isLinked":""},"align":"center","typography_font_size_mobile":{"unit":"em","size":"0.8","sizes":[]},"_margin":{"unit":"px","top":"0","right":"0","bottom":"0","left":"0","isLinked":"1"},"typography_font_weight":"600","typography_font_style":"italic"},"elements":[],"isInner":false,"widgetType":"heading","elType":"widget"},{"id":"7f38e300","settings":{"color":"#cdc7c2","width":{"unit":"%","size":"91","sizes":[]},"align":"center","gap":{"unit":"px","size":"9","sizes":[]},"weight":{"unit":"px","size":"2","sizes":[]},"_margin":{"unit":"px","top":"15","right":"0","bottom":"0","left":"0","isLinked":""}},"elements":[],"isInner":false,"widgetType":"divider","elType":"widget"}],"isInner":"1","elType":"column"}],"isInner":"1","elType":"section"}],"isInner":"","elType":"column"}],"isInner":"","elType":"section"},{"id":"3ab22f03","settings":{"padding":{"unit":"em","top":"0","right":"0","bottom":"0","left":"0","isLinked":""},"padding_mobile":{"unit":"em","top":"1","right":"0","bottom":"1","left":"0","isLinked":""},"background_background":"classic","shape_divider_top_color":"#fdfcfa","shape_divider_top_height":{"unit":"px","size":"178","sizes":[]},"shape_divider_bottom_color":"#ffffff","shape_divider_bottom_height":{"unit":"px","size":"300","sizes":[]},"margin":{"unit":"px","top":"0","right":"0","bottom":"0","left":"0","isLinked":""},"margin_tablet":{"unit":"px","top":"0","right":"0","bottom":"0","left":"0","isLinked":"1"},"margin_mobile":{"unit":"px","top":"0","right":"0","bottom":"0","left":"0","isLinked":"1"},"z_index":"100","background_color":"#fffaf5"},"elements":[{"id":"2a978038","settings":{"_column_size":"100","_inline_size":"","content_position":"center","space_between_widgets":"5","padding":{"unit":"em","top":"0","right":"0","bottom":"0","left":"0","isLinked":""},"padding_tablet":{"unit":"em","top":"0","right":"1","bottom":"0","left":"1","isLinked":""},"padding_mobile":{"unit":"em","top":"1","right":"1","bottom":"1","left":"1","isLinked":"1"},"border_width":{"unit":"px","top":"5","right":"5","bottom":"5","left":"5","isLinked":"1"},"border_color":"#fdfcfa","border_radius":{"unit":"px","top":"6","right":"6","bottom":"6","left":"6","isLinked":"1"},"margin":{"unit":"px","top":"-120","right":"0","bottom":"-120","left":"0","isLinked":""}},"elements":[{"id":"3590534e","settings":{"wp_gallery":[{"id":"5877","url":"http:\/\/sitefacilitado.com.br\/membros\/wp-content\/uploads\/2020\/03\/giovanna-gomes-_8KV86shhPo-unsplash.jpg"},{"id":"5878","url":"http:\/\/sitefacilitado.com.br\/membros\/wp-content\/uploads\/2020\/03\/elevate-iqHHaTNF3BI-unsplash.jpg"},{"id":"5876","url":"http:\/\/sitefacilitado.com.br\/membros\/wp-content\/uploads\/2020\/03\/elevate-D6IZR-YsDYw-unsplash.jpg"},{"id":"5879","url":"http:\/\/sitefacilitado.com.br\/membros\/wp-content\/uploads\/2020\/03\/alcoholic-beverage-alcoholic-drink-beer-1796698-g.jpg"},{"id":"5880","url":"http:\/\/sitefacilitado.com.br\/membros\/wp-content\/uploads\/2020\/03\/alcohol-alcoholic-beverage-bar-1089930-g.jpg"},{"id":"5881","url":"http:\/\/sitefacilitado.com.br\/membros\/wp-content\/uploads\/2020\/03\/adults-alcohol-alcoholic-beverage-1267351-g.jpg"},{"id":"5882","url":"http:\/\/sitefacilitado.com.br\/membros\/wp-content\/uploads\/2020\/03\/adult-beer-brewing-1267347-g.jpg"},{"id":"5883","url":"http:\/\/sitefacilitado.com.br\/membros\/wp-content\/uploads\/2020\/03\/abandoned-antique-broken-1457806-g.jpg"},{"id":"5884","url":"http:\/\/sitefacilitado.com.br\/membros\/wp-content\/uploads\/2020\/03\/beer-chairs-dining-1095124-v2.jpg"},{"id":"5854","url":"http:\/\/sitefacilitado.com.br\/membros\/wp-content\/uploads\/2020\/03\/beer-blur-close-up-250465-v2.jpg"},{"id":"5885","url":"http:\/\/sitefacilitado.com.br\/membros\/wp-content\/uploads\/2020\/03\/beautiful-beauty-brown-eyes-1065084-v2.jpg"},{"id":"5886","url":"http:\/\/sitefacilitado.com.br\/membros\/wp-content\/uploads\/2020\/03\/barrels-beer-close-up-1267359-v2.jpg"},{"id":"5845","url":"http:\/\/sitefacilitado.com.br\/membros\/wp-content\/uploads\/2020\/03\/back-close-up-clouds-721999-v2.jpg"},{"id":"5887","url":"http:\/\/sitefacilitado.com.br\/membros\/wp-content\/uploads\/2020\/03\/alcohol-alcoholic-beverages-beer-1400255-v2.jpg"},{"id":"5863","url":"http:\/\/sitefacilitado.com.br\/membros\/wp-content\/uploads\/2020\/03\/agriculture-countryside-crop-2252618-v2.jpg"},{"id":"5857","url":"http:\/\/sitefacilitado.com.br\/membros\/wp-content\/uploads\/2020\/03\/adult-alcohol-barrel-1370391-v2.jpg"}],"thumbnail_size":"medium","gallery_columns":"4","image_spacing":"custom","image_spacing_custom":{"unit":"px","size":"10","sizes":[]},"_background_background":"classic","_background_color":"#fdfcfa","_border_border":"solid","_border_width":{"unit":"px","top":"10","right":"10","bottom":"10","left":"10","isLinked":"1"},"_border_color":"#fdfcfa","_border_radius":{"unit":"px","top":"6","right":"6","bottom":"6","left":"6","isLinked":"1"}},"elements":[],"isInner":false,"widgetType":"image-gallery","elType":"widget"}],"isInner":"","elType":"column"}],"isInner":"","elType":"section"},{"id":"e8d6567","settings":{"custom_height":{"unit":"vh","size":"30","sizes":[]},"background_background":"classic","background_color":"rgba(10,10,0,0.84)","background_size":"cover","background_overlay_opacity":{"unit":"px","size":"0.92","sizes":[]},"padding":{"unit":"em","top":"6","right":"0","bottom":"6","left":"0","isLinked":""},"padding_mobile":{"unit":"em","top":"1","right":"1","bottom":"1","left":"1","isLinked":"1"},"background_overlay_background":"classic","custom_height_tablet":{"unit":"vh","size":"46","sizes":[]},"background_color_b":"#011627","background_gradient_angle":{"unit":"deg","size":"200","sizes":[]},"background_position":"bottom center","background_repeat":"no-repeat","background_overlay_color":"#211d1c","background_overlay_color_b":"#892af7","background_overlay_gradient_angle":{"unit":"deg","size":"300","sizes":[]},"background_overlay_position":"center center","background_overlay_repeat":"no-repeat","background_overlay_size":"cover","css_filters_contrast":{"unit":"px","size":"0","sizes":[]},"shape_divider_top_color":"#fdfcfa","shape_divider_top_width":{"unit":"%","size":"100","sizes":[]},"shape_divider_top_width_mobile":{"unit":"%","size":"300","sizes":[]},"shape_divider_top_height":{"unit":"px","size":"50","sizes":[]},"shape_divider_top_height_mobile":{"unit":"px","size":"18","sizes":[]},"shape_divider_bottom_color":"#fdfcfa","shape_divider_bottom_width":{"unit":"%","size":"100","sizes":[]},"shape_divider_bottom_width_tablet":{"unit":"%","size":"300","sizes":[]},"shape_divider_bottom_width_mobile":{"unit":"%","size":"300","sizes":[]},"shape_divider_bottom_height":{"unit":"px","size":"50","sizes":[]},"shape_divider_bottom_height_mobile":{"unit":"px","size":"18","sizes":[]},"margin_mobile":{"unit":"px","top":"0","right":"0","bottom":"0","left":"0","isLinked":"1"},"padding_tablet":{"unit":"em","top":"1","right":"1","bottom":"1","left":"1","isLinked":"1"},"background_image":{"url":"http:\/\/sitefacilitado.com.br\/membros\/wp-content\/uploads\/2020\/03\/bar-club-crowd-2420266-scaled.jpg","id":"5888"},"background_attachment":"fixed","shape_divider_top_width_tablet":{"unit":"%","size":"300","sizes":[]},"shape_divider_top_height_tablet":{"unit":"px","size":"18","sizes":[]},"shape_divider_bottom_height_tablet":{"unit":"px","size":"18","sizes":[]},"height":"min-height","shape_divider_top_negative":"yes"},"elements":[{"id":"1b5a38d2","settings":{"_column_size":"100","_inline_size":"","margin":{"unit":"px","top":"0","right":"0","bottom":"0","left":"0","isLinked":"1"},"padding":{"unit":"px","top":"0","right":"0","bottom":"0","left":"0","isLinked":"1"}},"elements":[{"id":"1f164969","settings":{"margin":{"unit":"px","top":"0","right":"0","bottom":"0","left":"0","isLinked":"1"},"padding":{"unit":"em","top":"0","right":"0","bottom":"0","left":"0","isLinked":""},"content_width":{"unit":"px","size":"600","sizes":[]}},"elements":[{"id":"6fe415b5","settings":{"_column_size":"100","_inline_size":"","content_position":"center","space_between_widgets":"5","padding":{"unit":"em","top":"0","right":"2","bottom":"0","left":"2","isLinked":""},"padding_tablet":{"unit":"em","top":"0","right":"1","bottom":"0","left":"1","isLinked":""},"_inline_size_tablet":"100","margin_mobile":{"unit":"px","top":"0","right":"0","bottom":"0","left":"0","isLinked":"1"},"padding_mobile":{"unit":"em","top":"1","right":"1","bottom":"1","left":"1","isLinked":"1"}},"elements":[{"id":"732e249c","settings":{"color":"#cdc7c2","width":{"unit":"%","size":"91","sizes":[]},"align":"center","gap":{"unit":"px","size":"9","sizes":[]},"weight":{"unit":"px","size":"2","sizes":[]},"_margin":{"unit":"px","top":"0","right":"0","bottom":"15","left":"0","isLinked":""}},"elements":[],"isInner":false,"widgetType":"divider","elType":"widget"},{"id":"19e4caa0","settings":{"title":"connect with us","header_size":"h5","align":"center","title_color":"#fdfcfa","typography_typography":"custom","typography_font_family":"Muli","typography_font_size":{"unit":"em","size":"0.7","sizes":[]},"typography_font_size_mobile":{"unit":"em","size":"0.8","sizes":[]},"typography_font_weight":"600","typography_text_transform":"uppercase","typography_line_height":{"unit":"em","size":"1","sizes":[]},"typography_line_height_mobile":{"unit":"em","size":"2","sizes":[]},"typography_letter_spacing":{"unit":"px","size":"3","sizes":[]}},"elements":[],"isInner":false,"widgetType":"heading","elType":"widget"},{"id":"137c9102","settings":{"title":"share your visit","align":"center","title_color":"#fdfcfa","typography_typography":"custom","typography_font_family":"Muli","typography_font_size":{"unit":"em","size":"3","sizes":[]},"typography_font_weight":"400","typography_text_transform":"uppercase","typography_line_height":{"unit":"em","size":"1","sizes":[]},"typography_font_size_mobile":{"unit":"em","size":"2","sizes":[]},"header_size":"h3"},"elements":[],"isInner":false,"widgetType":"heading","elType":"widget"},{"id":"23f40eaa","settings":{"color":"#cdc7c2","width":{"unit":"%","size":"91","sizes":[]},"align":"center","weight":{"unit":"px","size":"2","sizes":[]},"_margin":{"unit":"px","top":"0","right":"0","bottom":"0","left":"0","isLinked":""}},"elements":[],"isInner":false,"widgetType":"divider","elType":"widget"},{"id":"e3e5f1c","settings":{"social_icon_list":[{"social":"fa fa-youtube","link":{"url":"","is_external":"true","nofollow":""},"_id":"28ba356"},{"social":"fa fa-facebook","_id":"ae482ac","link":{"url":"","is_external":"true","nofollow":""}},{"social":"fa fa-twitter","_id":"6dc08df","link":{"url":"","is_external":"true","nofollow":""}},{"social":"fa fa-instagram","link":{"url":"","is_external":"true","nofollow":""},"_id":"5d5755b"},{"social":"fa fa-pinterest","link":{"url":"","is_external":"true","nofollow":""},"_id":"9141e3f"}],"icon_color":"custom","icon_primary_color":"#fdfcfa","icon_secondary_color":"#000000","icon_size":{"unit":"px","size":"22","sizes":[]},"icon_padding":{"unit":"em","size":"0.5","sizes":[]},"image_border_border":"solid","image_border_width":{"unit":"px","top":"1","right":"1","bottom":"1","left":"1","isLinked":"1"},"image_border_color":"rgba(81,65,12,0.18)","icon_size_mobile":{"unit":"px","size":"10","sizes":[]},"icon_spacing":{"unit":"px","size":"14","sizes":[]},"border_radius":{"unit":"px","top":"100","right":"100","bottom":"100","left":"100","isLinked":"1"},"hover_primary_color":"#fdfcfa","hover_secondary_color":"#000000","hover_animation":"pop","_padding":{"unit":"em","top":"2","right":"2","bottom":"2","left":"2","isLinked":"1"},"align_mobile":"center"},"elements":[],"isInner":false,"widgetType":"social-icons","elType":"widget"}],"isInner":"1","elType":"column"}],"isInner":"1","elType":"section"}],"isInner":"","elType":"column"}],"isInner":"","elType":"section"}],"page_settings":{"background_background":"classic","background_color":"#fdfcfa","template":"elementor_canvas"}}