{"version":"0.4","title":"Brewery > About","type":"page","content":[{"id":"64093b18","settings":{"custom_height":{"unit":"vh","size":"40","sizes":[]},"background_background":"classic","background_color":"rgba(10,10,0,0.84)","background_size":"cover","background_overlay_opacity":{"unit":"px","size":"0.79","sizes":[]},"padding":{"unit":"em","top":"5","right":"0","bottom":"5","left":"0","isLinked":""},"padding_mobile":{"unit":"em","top":"1","right":"1","bottom":"1","left":"1","isLinked":"1"},"background_overlay_background":"classic","custom_height_tablet":{"unit":"vh","size":"46","sizes":[]},"background_color_b":"#011627","background_gradient_angle":{"unit":"deg","size":"200","sizes":[]},"background_position":"center center","background_repeat":"no-repeat","background_overlay_color":"#2d2826","background_overlay_color_b":"#892af7","background_overlay_gradient_angle":{"unit":"deg","size":"300","sizes":[]},"background_overlay_position":"center center","background_overlay_repeat":"no-repeat","background_overlay_size":"cover","css_filters_contrast":{"unit":"px","size":"0","sizes":[]},"shape_divider_top_color":"#fdfcfa","shape_divider_top_width":{"unit":"%","size":"128","sizes":[]},"shape_divider_top_width_mobile":{"unit":"%","size":"300","sizes":[]},"shape_divider_top_height":{"unit":"px","size":"18","sizes":[]},"shape_divider_top_height_mobile":{"unit":"px","size":"18","sizes":[]},"shape_divider_bottom_color":"#fdfcfa","shape_divider_bottom_width":{"unit":"%","size":"128","sizes":[]},"shape_divider_bottom_width_tablet":{"unit":"%","size":"300","sizes":[]},"shape_divider_bottom_width_mobile":{"unit":"%","size":"300","sizes":[]},"shape_divider_bottom_height":{"unit":"px","size":"18","sizes":[]},"shape_divider_bottom_height_mobile":{"unit":"px","size":"18","sizes":[]},"margin_mobile":{"unit":"px","top":"0","right":"0","bottom":"0","left":"0","isLinked":"1"},"padding_tablet":{"unit":"em","top":"1","right":"1","bottom":"1","left":"1","isLinked":"1"},"background_image":{"url":"http:\/\/sitefacilitado.com.br\/membros\/wp-content\/uploads\/2020\/03\/agriculture-countryside-crop-2252618-v2.jpg","id":"5863"},"background_attachment":"fixed","shape_divider_top_width_tablet":{"unit":"%","size":"300","sizes":[]},"shape_divider_top_height_tablet":{"unit":"px","size":"18","sizes":[]},"shape_divider_bottom_height_tablet":{"unit":"px","size":"18","sizes":[]},"height":"min-height"},"elements":[{"id":"49da43dc","settings":{"_column_size":"100","_inline_size":"","margin":{"unit":"px","top":"0","right":"0","bottom":"0","left":"0","isLinked":"1"},"padding":{"unit":"px","top":"0","right":"0","bottom":"0","left":"0","isLinked":"1"}},"elements":[{"id":"59745dce","settings":{"content_width":{"unit":"px","size":"600","sizes":[]},"padding":{"unit":"em","top":"0","right":"0","bottom":"3","left":"0","isLinked":""},"margin":{"unit":"px","top":"0","right":"0","bottom":"0","left":"0","isLinked":"1"}},"elements":[{"id":"162eeedb","settings":{"_column_size":"100","_inline_size":"","space_between_widgets":"5","_inline_size_tablet":"100","background_background":"classic","padding":{"unit":"em","top":"4","right":"3","bottom":"4","left":"3","isLinked":""},"padding_mobile":{"unit":"em","top":"1","right":"1","bottom":"1","left":"1","isLinked":"1"}},"elements":[{"id":"3de7f05c","settings":{"title":"craft beer brewery","header_size":"h5","align":"center","title_color":"#fdfcfa","typography_typography":"custom","typography_font_family":"Oxygen","typography_font_size":{"unit":"em","size":"0.9","sizes":[]},"typography_font_weight":"500","typography_text_transform":"uppercase","typography_line_height":{"unit":"em","size":"1","sizes":[]},"typography_letter_spacing":{"unit":"px","size":"3","sizes":[]},"typography_font_size_mobile":{"unit":"em","size":"0.8","sizes":[]},"typography_line_height_mobile":{"unit":"em","size":"2","sizes":[]}},"elements":[],"isInner":false,"widgetType":"heading","elType":"widget"},{"id":"2adb6e3e","settings":{"title":"About Us","align":"center","title_color":"#fdfcfa","typography_typography":"custom","typography_font_family":"Muli","typography_font_size":{"unit":"em","size":"5","sizes":[]},"typography_font_weight":"400","typography_text_transform":"uppercase","typography_line_height":{"unit":"em","size":"1","sizes":[]},"typography_font_size_mobile":{"unit":"em","size":"2","sizes":[]},"header_size":"h1"},"elements":[],"isInner":false,"widgetType":"heading","elType":"widget"},{"id":"1d7fd238","settings":{"color":"#cdc7c2","width":{"unit":"%","size":"91","sizes":[]},"gap":{"unit":"px","size":"9","sizes":[]},"align":"center","weight":{"unit":"px","size":"2","sizes":[]},"_margin":{"unit":"px","top":"0","right":"0","bottom":"15","left":"0","isLinked":""}},"elements":[],"isInner":false,"widgetType":"divider","elType":"widget"},{"id":"45b093be","settings":{"title":"open since 1884","header_size":"h5","align":"center","title_color":"#fdfcfa","typography_typography":"custom","typography_font_family":"Muli","typography_font_size":{"unit":"em","size":"0.7","sizes":[]},"typography_font_weight":"600","typography_text_transform":"uppercase","typography_line_height":{"unit":"em","size":"1","sizes":[]},"typography_letter_spacing":{"unit":"px","size":"3","sizes":[]},"typography_font_size_mobile":{"unit":"em","size":"0.8","sizes":[]},"typography_line_height_mobile":{"unit":"em","size":"2","sizes":[]}},"elements":[],"isInner":false,"widgetType":"heading","elType":"widget"}],"isInner":"1","elType":"column"}],"isInner":"1","elType":"section"}],"isInner":"","elType":"column"}],"isInner":"","elType":"section"},{"id":"6142c165","settings":{"padding":{"unit":"em","top":"0","right":"0","bottom":"6","left":"0","isLinked":""},"padding_mobile":{"unit":"em","top":"1","right":"1","bottom":"1","left":"1","isLinked":"1"},"background_background":"classic","shape_divider_top_color":"#fdfcfa","shape_divider_top_height":{"unit":"px","size":"178","sizes":[]},"shape_divider_bottom_color":"#ffffff","shape_divider_bottom_height":{"unit":"px","size":"300","sizes":[]},"margin":{"unit":"px","top":"0","right":"0","bottom":"0","left":"0","isLinked":""},"margin_tablet":{"unit":"px","top":"-160","right":"0","bottom":"0","left":"0","isLinked":""},"margin_mobile":{"unit":"px","top":"0","right":"0","bottom":"0","left":"0","isLinked":"1"},"background_color":"#fffaf5"},"elements":[{"id":"282066f1","settings":{"_column_size":"100","_inline_size":"","content_position":"center","space_between_widgets":"5","padding":{"unit":"em","top":"0","right":"2","bottom":"0","left":"2","isLinked":""},"padding_tablet":{"unit":"em","top":"0","right":"1","bottom":"0","left":"1","isLinked":""},"margin_mobile":{"unit":"px","top":"0","right":"0","bottom":"0","left":"0","isLinked":"1"},"padding_mobile":{"unit":"em","top":"0","right":"0","bottom":"0","left":"0","isLinked":"1"},"_inline_size_tablet":"100","margin":{"unit":"px","top":"-120","right":"0","bottom":"0","left":"0","isLinked":""}},"elements":[{"id":"54f3cac3","settings":{"content_width":{"unit":"px","size":"140","sizes":[]},"height_inner":"min-height","custom_height_inner_mobile":{"unit":"px","size":"250","sizes":[]},"margin_mobile":{"unit":"px","top":"0","right":"0","bottom":"0","left":"0","isLinked":"1"},"padding_mobile":{"unit":"px","top":"0","right":"0","bottom":"0","left":"0","isLinked":"1"},"custom_height_inner":{"unit":"px","size":"444","sizes":[]},"background_background":"classic","background_image":{"url":"http:\/\/sitefacilitado.com.br\/membros\/wp-content\/uploads\/2020\/03\/back-close-up-clouds-721999-v2-large.jpg","id":"5864"},"background_position":"center right","background_repeat":"no-repeat","background_size":"cover","border_border":"solid","border_width":{"unit":"px","top":"10","right":"10","bottom":"30","left":"10","isLinked":""},"border_color":"#ffffff","border_radius":{"unit":"px","top":"1","right":"1","bottom":"1","left":"1","isLinked":"1"},"box_shadow_box_shadow_type":"yes","box_shadow_box_shadow":{"horizontal":"0","vertical":"8","blur":"10","spread":"-6","color":"rgba(0,0,0,0.37)"},"padding":{"unit":"em","top":"0","right":"0","bottom":"0","left":"0","isLinked":""},"background_hover_transition":{"unit":"px","size":"","sizes":[]}},"elements":[{"id":"1664a253","settings":{"_column_size":"100","_inline_size":"","margin":{"unit":"px","top":"15","right":"15","bottom":"15","left":"15","isLinked":"1"},"padding":{"unit":"px","top":"0","right":"0","bottom":"0","left":"0","isLinked":"1"},"background_hover_transition":{"unit":"px","size":"","sizes":[]}},"elements":[{"id":"126279f9","settings":{"youtube_url":"https:\/\/www.youtube.com\/watch?v=WhWc3b3KhnY","vimeo_url":"","dailymotion_url":"","show_image_overlay":"yes","image_overlay":{"url":"http:\/\/sitefacilitado.com.br\/membros\/wp-content\/uploads\/2020\/03\/play.png","id":"5846"},"show_play_icon":"","lightbox":"yes","css_filters_css_filter":"custom","css_filters_contrast":{"unit":"px","size":"114","sizes":[]},"lightbox_color":"rgba(253,252,250,0.84)","lightbox_ui_color":"#352404","lightbox_ui_color_hover":"#352404","yt_privacy":"yes","modestbranding":"yes"},"elements":[],"isInner":false,"widgetType":"video","elType":"widget"}],"isInner":"1","elType":"column"}],"isInner":"1","elType":"section"}],"isInner":"","elType":"column"}],"isInner":"","elType":"section"},{"id":"58feb0f6","settings":{"structure":"30","padding":{"unit":"em","top":"0","right":"0","bottom":"6","left":"0","isLinked":""},"padding_mobile":{"unit":"em","top":"1","right":"1","bottom":"1","left":"1","isLinked":"1"},"background_background":"classic","shape_divider_top_color":"#fdfcfa","shape_divider_top_height":{"unit":"px","size":"178","sizes":[]},"shape_divider_bottom_color":"#ffffff","shape_divider_bottom_height":{"unit":"px","size":"300","sizes":[]},"margin":{"unit":"px","top":"0","right":"0","bottom":"0","left":"0","isLinked":""},"margin_tablet":{"unit":"px","top":"-160","right":"0","bottom":"0","left":"0","isLinked":""},"margin_mobile":{"unit":"px","top":"0","right":"0","bottom":"0","left":"0","isLinked":"1"},"background_color":"#fffaf5"},"elements":[{"id":"6347523f","settings":{"_column_size":"33","_inline_size":"","content_position":"center","space_between_widgets":"5","padding":{"unit":"em","top":"0","right":"2","bottom":"0","left":"2","isLinked":""},"padding_tablet":{"unit":"em","top":"0","right":"1","bottom":"0","left":"1","isLinked":""},"margin_mobile":{"unit":"px","top":"0","right":"0","bottom":"0","left":"0","isLinked":"1"},"padding_mobile":{"unit":"em","top":"0","right":"0","bottom":"2","left":"0","isLinked":""},"_inline_size_tablet":"100"},"elements":[{"id":"4ff8d23","settings":{"image":{"url":"http:\/\/sitefacilitado.com.br\/membros\/wp-content\/uploads\/2020\/03\/black-and-white-elderly-hat-160422-v2.jpg","id":"5865"},"image_size":"custom","image_custom_dimension":{"width":"450","height":"420"},"opacity":{"unit":"px","size":"1","sizes":[]},"image_border_border":"solid","image_border_width":{"unit":"px","top":"10","right":"10","bottom":"30","left":"10","isLinked":""},"image_border_color":"#ffffff","image_box_shadow_box_shadow_type":"yes","image_box_shadow_box_shadow":{"horizontal":"0","vertical":"8","blur":"10","spread":"-6","color":"rgba(0,0,0,0.37)"},"_margin":{"unit":"px","top":"0","right":"0","bottom":"0","left":"0","isLinked":"1"},"_padding":{"unit":"em","top":"0","right":"0","bottom":"2","left":"0","isLinked":""},"_background_color":"#011627","image_border_radius":{"unit":"px","top":"6","right":"6","bottom":"6","left":"6","isLinked":"1"},"css_filters_css_filter":"custom","css_filters_brightness":{"unit":"px","size":"191","sizes":[]},"css_filters_contrast":{"unit":"px","size":"97","sizes":[]}},"elements":[],"isInner":false,"widgetType":"image","elType":"widget"},{"id":"4e4bbe8a","settings":{"border_border":"solid","border_width":{"unit":"px","top":"2","right":"0","bottom":"2","left":"0","isLinked":""},"border_color":"#cdc7c2","border_radius":{"unit":"px","top":"0","right":"0","bottom":"0","left":"0","isLinked":""},"padding":{"unit":"em","top":"1","right":"0","bottom":"1","left":"0","isLinked":""}},"elements":[{"id":"430e2969","settings":{"_column_size":"100","_inline_size":"","space_between_widgets":"5"},"elements":[{"id":"4443ab9d","settings":{"title":"john brewston","align":"center","title_color":"#3f3521","typography_typography":"custom","typography_font_family":"Muli","typography_font_size":{"unit":"em","size":"1.8","sizes":[]},"typography_font_weight":"600","typography_text_transform":"capitalize","typography_font_size_mobile":{"unit":"em","size":"1.3","sizes":[]},"typography_line_height":{"unit":"em","size":"1","sizes":[]},"header_size":"h3","_margin":{"unit":"px","top":"0","right":"0","bottom":"010","left":"0","isLinked":""}},"elements":[],"isInner":false,"widgetType":"heading","elType":"widget"},{"id":"31cce1a4","settings":{"title":"it all started here","align":"center","title_color":"#352404","typography_typography":"custom","typography_font_family":"Muli","typography_font_size":{"unit":"em","size":"0.7","sizes":[]},"typography_font_weight":"600","typography_text_transform":"uppercase","header_size":"h5","typography_font_size_mobile":{"unit":"em","size":"0.8","sizes":[]},"typography_line_height":{"unit":"em","size":"1","sizes":[]},"typography_line_height_mobile":{"unit":"em","size":"2","sizes":[]},"typography_letter_spacing":{"unit":"px","size":"3","sizes":[]}},"elements":[],"isInner":false,"widgetType":"heading","elType":"widget"},{"id":"65f0a2e6","settings":{"editor":"<p>Lorem ipsum dolor sit amet, consectetur adipiscing elit, sed do eiusmod tempor incididunt Sed ut perspiciatis unde omnis iste natus.<\/p>","text_color":"#333333","typography_typography":"custom","typography_font_family":"Muli","typography_font_size":{"unit":"em","size":"0.8","sizes":[]},"typography_line_height":{"unit":"em","size":"1.6","sizes":[]},"align":"center","typography_font_size_mobile":{"unit":"em","size":"0.8","sizes":[]},"_margin":{"unit":"px","top":"0","right":"0","bottom":"0","left":"0","isLinked":"1"},"_padding":{"unit":"em","top":"0","right":"0","bottom":"1","left":"0","isLinked":""}},"elements":[],"isInner":false,"widgetType":"text-editor","elType":"widget"},{"id":"5f4f7685","settings":{"social_icon_list":[{"social":"fa fa-facebook","_id":"ae482ac","link":{"url":"","is_external":"true","nofollow":""}},{"social":"fa fa-twitter","_id":"6dc08df","link":{"url":"","is_external":"true","nofollow":""}},{"social":"fa fa-instagram","link":{"url":"","is_external":"true","nofollow":""},"_id":"5d5755b"}],"icon_color":"custom","icon_primary_color":"rgba(253,252,250,0)","icon_secondary_color":"#371a1b","icon_size":{"unit":"px","size":"18","sizes":[]},"icon_padding":{"unit":"em","size":"0.5","sizes":[]},"image_border_border":"solid","image_border_width":{"unit":"px","top":"0","right":"0","bottom":"0","left":"0","isLinked":"1"},"image_border_color":"rgba(81,65,12,0.18)","icon_size_mobile":{"unit":"px","size":"15","sizes":[]},"icon_spacing":{"unit":"px","size":"0","sizes":[]},"border_radius":{"unit":"px","top":"100","right":"100","bottom":"100","left":"100","isLinked":"1"},"hover_primary_color":"#fdfcfa","hover_secondary_color":"#000000","hover_animation":"pop"},"elements":[],"isInner":false,"widgetType":"social-icons","elType":"widget"}],"isInner":"1","elType":"column"}],"isInner":"1","elType":"section"}],"isInner":"","elType":"column"},{"id":"742ac5ef","settings":{"_column_size":"33","_inline_size":"","content_position":"center","space_between_widgets":"5","padding":{"unit":"em","top":"0","right":"2","bottom":"0","left":"2","isLinked":""},"padding_tablet":{"unit":"em","top":"0","right":"1","bottom":"0","left":"1","isLinked":""},"margin_mobile":{"unit":"px","top":"0","right":"0","bottom":"0","left":"0","isLinked":"1"},"padding_mobile":{"unit":"em","top":"0","right":"0","bottom":"2","left":"0","isLinked":""},"_inline_size_tablet":"100"},"elements":[{"id":"7d549664","settings":{"image":{"url":"http:\/\/sitefacilitado.com.br\/membros\/wp-content\/uploads\/2020\/03\/adult-blur-daytime-834863-v2.jpg","id":"5866"},"image_size":"custom","image_custom_dimension":{"width":"457","height":"300"},"opacity":{"unit":"px","size":"1","sizes":[]},"image_border_border":"solid","image_border_width":{"unit":"px","top":"10","right":"10","bottom":"30","left":"10","isLinked":""},"image_border_color":"#ffffff","image_box_shadow_box_shadow_type":"yes","image_box_shadow_box_shadow":{"horizontal":"0","vertical":"8","blur":"10","spread":"-6","color":"rgba(0,0,0,0.37)"},"_margin":{"unit":"px","top":"0","right":"0","bottom":"0","left":"0","isLinked":"1"},"_padding":{"unit":"em","top":"0","right":"0","bottom":"2","left":"0","isLinked":""},"_background_color":"#011627","image_border_radius":{"unit":"px","top":"6","right":"6","bottom":"6","left":"6","isLinked":"1"},"css_filters_css_filter":"custom","css_filters_brightness":{"unit":"px","size":"191","sizes":[]},"css_filters_contrast":{"unit":"px","size":"97","sizes":[]}},"elements":[],"isInner":false,"widgetType":"image","elType":"widget"},{"id":"3b78b605","settings":{"border_border":"solid","border_width":{"unit":"px","top":"2","right":"0","bottom":"2","left":"0","isLinked":""},"border_color":"#cdc7c2","border_radius":{"unit":"px","top":"0","right":"0","bottom":"0","left":"0","isLinked":""},"padding":{"unit":"em","top":"1","right":"0","bottom":"1","left":"0","isLinked":""}},"elements":[{"id":"70fbf2dd","settings":{"_column_size":"100","_inline_size":"","space_between_widgets":"5"},"elements":[{"id":"60f59d8e","settings":{"title":"Rich brewston","align":"center","title_color":"#3f3521","typography_typography":"custom","typography_font_family":"Muli","typography_font_size":{"unit":"em","size":"1.8","sizes":[]},"typography_font_weight":"600","typography_text_transform":"capitalize","typography_font_size_mobile":{"unit":"em","size":"1.3","sizes":[]},"typography_line_height":{"unit":"em","size":"1","sizes":[]},"header_size":"h3","_margin":{"unit":"px","top":"0","right":"0","bottom":"010","left":"0","isLinked":""}},"elements":[],"isInner":false,"widgetType":"heading","elType":"widget"},{"id":"6f0a69ab","settings":{"title":"ceo - craft beer","align":"center","title_color":"#352404","typography_typography":"custom","typography_font_family":"Muli","typography_font_size":{"unit":"em","size":"0.7","sizes":[]},"typography_font_weight":"600","typography_text_transform":"uppercase","header_size":"h5","typography_font_size_mobile":{"unit":"em","size":"0.8","sizes":[]},"typography_line_height":{"unit":"em","size":"1","sizes":[]},"typography_line_height_mobile":{"unit":"em","size":"2","sizes":[]},"typography_letter_spacing":{"unit":"px","size":"3","sizes":[]}},"elements":[],"isInner":false,"widgetType":"heading","elType":"widget"},{"id":"762c9520","settings":{"editor":"<p>Lorem ipsum dolor sit amet, consectetur adipiscing elit, sed do eiusmod tempor incididunt Sed ut perspiciatis unde omnis iste natus.<\/p>","text_color":"#333333","typography_typography":"custom","typography_font_family":"Muli","typography_font_size":{"unit":"em","size":"0.8","sizes":[]},"typography_line_height":{"unit":"em","size":"1.6","sizes":[]},"align":"center","typography_font_size_mobile":{"unit":"em","size":"0.8","sizes":[]},"_margin":{"unit":"px","top":"0","right":"0","bottom":"0","left":"0","isLinked":"1"},"_padding":{"unit":"em","top":"0","right":"0","bottom":"1","left":"0","isLinked":""}},"elements":[],"isInner":false,"widgetType":"text-editor","elType":"widget"},{"id":"563cee66","settings":{"social_icon_list":[{"social":"fa fa-facebook","_id":"ae482ac","link":{"url":"","is_external":"true","nofollow":""}},{"social":"fa fa-twitter","_id":"6dc08df","link":{"url":"","is_external":"true","nofollow":""}},{"social":"fa fa-instagram","link":{"url":"","is_external":"true","nofollow":""},"_id":"5d5755b"}],"icon_color":"custom","icon_primary_color":"rgba(253,252,250,0)","icon_secondary_color":"#371a1b","icon_size":{"unit":"px","size":"18","sizes":[]},"icon_padding":{"unit":"em","size":"0.5","sizes":[]},"image_border_border":"solid","image_border_width":{"unit":"px","top":"0","right":"0","bottom":"0","left":"0","isLinked":"1"},"image_border_color":"rgba(81,65,12,0.18)","icon_size_mobile":{"unit":"px","size":"15","sizes":[]},"icon_spacing":{"unit":"px","size":"0","sizes":[]},"border_radius":{"unit":"px","top":"100","right":"100","bottom":"100","left":"100","isLinked":"1"},"hover_primary_color":"#fdfcfa","hover_secondary_color":"#000000","hover_animation":"pop"},"elements":[],"isInner":false,"widgetType":"social-icons","elType":"widget"}],"isInner":"1","elType":"column"}],"isInner":"1","elType":"section"}],"isInner":"","elType":"column"},{"id":"747f742d","settings":{"_column_size":"33","_inline_size":"","content_position":"center","space_between_widgets":"5","padding":{"unit":"em","top":"0","right":"2","bottom":"0","left":"2","isLinked":""},"padding_tablet":{"unit":"em","top":"0","right":"1","bottom":"0","left":"1","isLinked":""},"margin_mobile":{"unit":"px","top":"0","right":"0","bottom":"0","left":"0","isLinked":"1"},"padding_mobile":{"unit":"em","top":"0","right":"0","bottom":"2","left":"0","isLinked":""},"_inline_size_tablet":"100"},"elements":[{"id":"53b176d4","settings":{"image":{"url":"http:\/\/sitefacilitado.com.br\/membros\/wp-content\/uploads\/2020\/03\/adult-blur-business-woman-1181690-v2.jpg","id":"5867"},"image_size":"custom","image_custom_dimension":{"width":"457","height":"300"},"opacity":{"unit":"px","size":"1","sizes":[]},"image_border_border":"solid","image_border_width":{"unit":"px","top":"10","right":"10","bottom":"30","left":"10","isLinked":""},"image_border_color":"#ffffff","image_box_shadow_box_shadow_type":"yes","image_box_shadow_box_shadow":{"horizontal":"0","vertical":"8","blur":"10","spread":"-6","color":"rgba(0,0,0,0.37)"},"_margin":{"unit":"px","top":"0","right":"0","bottom":"0","left":"0","isLinked":"1"},"_padding":{"unit":"em","top":"0","right":"0","bottom":"2","left":"0","isLinked":""},"_background_color":"#011627","image_border_radius":{"unit":"px","top":"6","right":"6","bottom":"6","left":"6","isLinked":"1"},"css_filters_css_filter":"custom","css_filters_brightness":{"unit":"px","size":"191","sizes":[]},"css_filters_contrast":{"unit":"px","size":"97","sizes":[]}},"elements":[],"isInner":false,"widgetType":"image","elType":"widget"},{"id":"4bd6c1a3","settings":{"border_border":"solid","border_width":{"unit":"px","top":"2","right":"0","bottom":"2","left":"0","isLinked":""},"border_color":"#cdc7c2","border_radius":{"unit":"px","top":"0","right":"0","bottom":"0","left":"0","isLinked":""},"padding":{"unit":"em","top":"1","right":"0","bottom":"1","left":"0","isLinked":""}},"elements":[{"id":"22abe1d9","settings":{"_column_size":"100","_inline_size":"","space_between_widgets":"5"},"elements":[{"id":"6eb96cb8","settings":{"title":"Lilly m. Harold","align":"center","title_color":"#3f3521","typography_typography":"custom","typography_font_family":"Muli","typography_font_size":{"unit":"em","size":"1.8","sizes":[]},"typography_font_weight":"600","typography_text_transform":"capitalize","typography_font_size_mobile":{"unit":"em","size":"1.3","sizes":[]},"typography_line_height":{"unit":"em","size":"1","sizes":[]},"header_size":"h3","_margin":{"unit":"px","top":"0","right":"0","bottom":"010","left":"0","isLinked":""}},"elements":[],"isInner":false,"widgetType":"heading","elType":"widget"},{"id":"6a7f0b71","settings":{"title":"regional manager","align":"center","title_color":"#352404","typography_typography":"custom","typography_font_family":"Muli","typography_font_size":{"unit":"em","size":"0.7","sizes":[]},"typography_font_weight":"600","typography_text_transform":"uppercase","header_size":"h5","typography_font_size_mobile":{"unit":"em","size":"0.8","sizes":[]},"typography_line_height":{"unit":"em","size":"1","sizes":[]},"typography_line_height_mobile":{"unit":"em","size":"2","sizes":[]},"typography_letter_spacing":{"unit":"px","size":"3","sizes":[]}},"elements":[],"isInner":false,"widgetType":"heading","elType":"widget"},{"id":"65af6105","settings":{"editor":"<p>Lorem ipsum dolor sit amet, consectetur adipiscing elit, sed do eiusmod tempor incididunt Sed ut perspiciatis unde omnis iste natus.<\/p>","text_color":"#333333","typography_typography":"custom","typography_font_family":"Muli","typography_font_size":{"unit":"em","size":"0.8","sizes":[]},"typography_line_height":{"unit":"em","size":"1.6","sizes":[]},"align":"center","typography_font_size_mobile":{"unit":"em","size":"0.8","sizes":[]},"_margin":{"unit":"px","top":"0","right":"0","bottom":"0","left":"0","isLinked":"1"},"_padding":{"unit":"em","top":"0","right":"0","bottom":"1","left":"0","isLinked":""}},"elements":[],"isInner":false,"widgetType":"text-editor","elType":"widget"},{"id":"5096c4ef","settings":{"social_icon_list":[{"social":"fa fa-facebook","_id":"ae482ac","link":{"url":"","is_external":"true","nofollow":""}},{"social":"fa fa-twitter","_id":"6dc08df","link":{"url":"","is_external":"true","nofollow":""}},{"social":"fa fa-instagram","link":{"url":"","is_external":"true","nofollow":""},"_id":"5d5755b"}],"icon_color":"custom","icon_primary_color":"rgba(253,252,250,0)","icon_secondary_color":"#371a1b","icon_size":{"unit":"px","size":"18","sizes":[]},"icon_padding":{"unit":"em","size":"0.5","sizes":[]},"image_border_border":"solid","image_border_width":{"unit":"px","top":"0","right":"0","bottom":"0","left":"0","isLinked":"1"},"image_border_color":"rgba(81,65,12,0.18)","icon_size_mobile":{"unit":"px","size":"15","sizes":[]},"icon_spacing":{"unit":"px","size":"0","sizes":[]},"border_radius":{"unit":"px","top":"100","right":"100","bottom":"100","left":"100","isLinked":"1"},"hover_primary_color":"#fdfcfa","hover_secondary_color":"#000000","hover_animation":"pop"},"elements":[],"isInner":false,"widgetType":"social-icons","elType":"widget"}],"isInner":"1","elType":"column"}],"isInner":"1","elType":"section"}],"isInner":"","elType":"column"}],"isInner":"","elType":"section"},{"id":"20fb5cd9","settings":{"custom_height":{"unit":"vh","size":"30","sizes":[]},"background_background":"classic","background_color":"rgba(10,10,0,0.84)","background_size":"cover","background_overlay_opacity":{"unit":"px","size":"0.91","sizes":[]},"padding":{"unit":"em","top":"6","right":"0","bottom":"6","left":"0","isLinked":""},"padding_mobile":{"unit":"em","top":"1","right":"1","bottom":"1","left":"1","isLinked":"1"},"background_overlay_background":"classic","custom_height_tablet":{"unit":"vh","size":"46","sizes":[]},"background_color_b":"#011627","background_gradient_angle":{"unit":"deg","size":"200","sizes":[]},"background_position":"bottom center","background_repeat":"no-repeat","background_overlay_color":"#23211e","background_overlay_color_b":"#892af7","background_overlay_gradient_angle":{"unit":"deg","size":"300","sizes":[]},"background_overlay_position":"center center","background_overlay_repeat":"no-repeat","background_overlay_size":"cover","css_filters_contrast":{"unit":"px","size":"0","sizes":[]},"shape_divider_top_color":"#fffaf5","shape_divider_top_width":{"unit":"%","size":"100","sizes":[]},"shape_divider_top_width_mobile":{"unit":"%","size":"300","sizes":[]},"shape_divider_top_height":{"unit":"px","size":"50","sizes":[]},"shape_divider_top_height_mobile":{"unit":"px","size":"18","sizes":[]},"shape_divider_bottom_color":"#fffaf5","shape_divider_bottom_width":{"unit":"%","size":"100","sizes":[]},"shape_divider_bottom_width_tablet":{"unit":"%","size":"300","sizes":[]},"shape_divider_bottom_width_mobile":{"unit":"%","size":"300","sizes":[]},"shape_divider_bottom_height":{"unit":"px","size":"50","sizes":[]},"shape_divider_bottom_height_mobile":{"unit":"px","size":"18","sizes":[]},"margin_mobile":{"unit":"px","top":"0","right":"0","bottom":"0","left":"0","isLinked":"1"},"padding_tablet":{"unit":"em","top":"1","right":"1","bottom":"1","left":"1","isLinked":"1"},"background_image":{"url":"http:\/\/sitefacilitado.com.br\/membros\/wp-content\/uploads\/2020\/03\/adult-alcohol-barrel-1370391-demo-scaled.jpg","id":"5868"},"background_attachment":"fixed","shape_divider_top":"book","shape_divider_top_width_tablet":{"unit":"%","size":"300","sizes":[]},"shape_divider_top_height_tablet":{"unit":"px","size":"18","sizes":[]},"shape_divider_bottom_height_tablet":{"unit":"px","size":"18","sizes":[]},"height":"min-height","shape_divider_bottom":"book"},"elements":[{"id":"45c2aa6d","settings":{"_column_size":"100","_inline_size":"","margin":{"unit":"px","top":"0","right":"0","bottom":"0","left":"0","isLinked":"1"},"padding":{"unit":"px","top":"0","right":"0","bottom":"0","left":"0","isLinked":"1"}},"elements":[{"id":"5435fe17","settings":{"margin":{"unit":"px","top":"0","right":"0","bottom":"0","left":"0","isLinked":"1"},"padding":{"unit":"em","top":"0","right":"0","bottom":"0","left":"0","isLinked":""},"background_background":"classic","border_border":"solid","border_width":{"unit":"px","top":"1","right":"1","bottom":"1","left":"1","isLinked":"1"},"border_color":"rgba(233,236,239,0)","border_radius":{"unit":"px","top":"5","right":"5","bottom":"5","left":"5","isLinked":"1"},"box_shadow_box_shadow":{"horizontal":"0","vertical":"20","blur":"30","spread":"0","color":"rgba(233,236,239,0.2)"},"margin_mobile":{"unit":"px","top":"0","right":"0","bottom":"0","left":"0","isLinked":"1"},"padding_mobile":{"unit":"px","top":"1","right":"1","bottom":"1","left":"1","isLinked":"1"},"reverse_order_tablet":"reverse-tablet","reverse_order_mobile":"reverse-mobile","padding_tablet":{"unit":"em","top":"1","right":"1","bottom":"1","left":"1","isLinked":"1"},"content_width":{"unit":"px","size":"700","sizes":[]}},"elements":[{"id":"3a3e570b","settings":{"_column_size":"100","_inline_size":"","content_position":"center","space_between_widgets":"5","padding":{"unit":"em","top":"0","right":"0","bottom":"0","left":"0","isLinked":""},"padding_tablet":{"unit":"em","top":"0","right":"1","bottom":"0","left":"1","isLinked":""},"_inline_size_tablet":"100","margin_mobile":{"unit":"px","top":"0","right":"0","bottom":"0","left":"0","isLinked":"1"},"padding_mobile":{"unit":"em","top":"1","right":"1","bottom":"1","left":"1","isLinked":"1"}},"elements":[{"id":"206cc8a3","settings":{"color":"#cdc7c2","width":{"unit":"%","size":"91","sizes":[]},"align":"center","gap":{"unit":"px","size":"9","sizes":[]},"weight":{"unit":"px","size":"2","sizes":[]},"_margin":{"unit":"px","top":"0","right":"0","bottom":"15","left":"0","isLinked":""}},"elements":[],"isInner":false,"widgetType":"divider","elType":"widget"},{"id":"4f575db4","settings":{"title":"family, friends &amp; beer","header_size":"h5","align":"center","title_color":"#fdfcfa","typography_typography":"custom","typography_font_family":"Muli","typography_font_size":{"unit":"em","size":"0.7","sizes":[]},"typography_font_size_mobile":{"unit":"em","size":"0.8","sizes":[]},"typography_font_weight":"600","typography_text_transform":"uppercase","typography_line_height":{"unit":"em","size":"1","sizes":[]},"typography_line_height_mobile":{"unit":"em","size":"2","sizes":[]},"typography_letter_spacing":{"unit":"px","size":"3","sizes":[]}},"elements":[],"isInner":false,"widgetType":"heading","elType":"widget"},{"id":"775895ab","settings":{"title":"family run, since 1884","align":"center","title_color":"#fdfcfa","typography_typography":"custom","typography_font_family":"Muli","typography_font_size":{"unit":"em","size":"3","sizes":[]},"typography_font_weight":"400","typography_text_transform":"uppercase","typography_line_height":{"unit":"em","size":"1","sizes":[]},"typography_font_size_mobile":{"unit":"em","size":"2","sizes":[]}},"elements":[],"isInner":false,"widgetType":"heading","elType":"widget"},{"id":"7c9cee4b","settings":{"color":"#fdfcfa","width":{"unit":"%","size":"20","sizes":[]},"align":"center","gap":{"unit":"px","size":"12","sizes":[]}},"elements":[],"isInner":false,"widgetType":"divider","elType":"widget"},{"id":"784bb537","settings":{"title":"Nulla sem nibh, luctus eu mi ac, tempor malesuada lacus. Morbi gravida est odio, sit amet iaculis urna dapibus non. Mauris porttitor placerat diam at cursus.","title_color":"#fdfcfa","typography_typography":"custom","typography_font_family":"Nanum Myeongjo","typography_font_size":{"unit":"em","size":"1.1","sizes":[]},"typography_line_height":{"unit":"em","size":"1.6","sizes":[]},"_padding":{"unit":"em","top":"1","right":"0","bottom":"0","left":"0","isLinked":""},"align":"center","typography_font_size_mobile":{"unit":"em","size":"0.8","sizes":[]},"_margin":{"unit":"px","top":"0","right":"0","bottom":"0","left":"0","isLinked":"1"},"typography_font_weight":"600","typography_font_style":"italic"},"elements":[],"isInner":false,"widgetType":"heading","elType":"widget"},{"id":"62b19382","settings":{"editor":"<p>Lorem ipsum dolor sit amet, consectetur adipiscing elit, sed do eiusmod tempor incididunt Sed ut perspiciatis unde omnis iste natus.<\/p>","text_color":"#fdfcfa","typography_typography":"custom","typography_font_family":"Muli","typography_font_size":{"unit":"em","size":"0.8","sizes":[]},"typography_line_height":{"unit":"em","size":"1.6","sizes":[]},"align":"center","typography_font_size_mobile":{"unit":"em","size":"0.8","sizes":[]},"_margin":{"unit":"px","top":"0","right":"0","bottom":"0","left":"0","isLinked":"1"},"_padding":{"unit":"em","top":"0","right":"0","bottom":"1","left":"0","isLinked":""}},"elements":[],"isInner":false,"widgetType":"text-editor","elType":"widget"},{"id":"5ea1a431","settings":{"editor":"- John Brews","align":"center","text_color":"#fffaf5","typography_typography":"custom","typography_font_family":"Arizonia","typography_font_size":{"unit":"em","size":"1.8","sizes":[]},"typography_font_size_mobile":{"unit":"em","size":"1.8","sizes":[]},"typography_line_height":{"unit":"em","size":"1.2","sizes":[]},"_padding":{"unit":"em","top":"0.25","right":"0","bottom":"0.25","left":"0","isLinked":""}},"elements":[],"isInner":false,"widgetType":"text-editor","elType":"widget"},{"id":"618cb928","settings":{"color":"#cdc7c2","width":{"unit":"%","size":"91","sizes":[]},"align":"center","gap":{"unit":"px","size":"9","sizes":[]},"weight":{"unit":"px","size":"2","sizes":[]},"_margin":{"unit":"px","top":"15","right":"0","bottom":"0","left":"0","isLinked":""}},"elements":[],"isInner":false,"widgetType":"divider","elType":"widget"}],"isInner":"1","elType":"column"}],"isInner":"1","elType":"section"}],"isInner":"","elType":"column"}],"isInner":"","elType":"section"},{"id":"15a1d43e","settings":{"gap":"wider","structure":"20","padding":{"unit":"em","top":"3","right":"0","bottom":"3","left":"0","isLinked":""},"padding_mobile":{"unit":"em","top":"1","right":"1","bottom":"1","left":"1","isLinked":"1"},"background_background":"classic","background_color":"#fffaf5","shape_divider_top_color":"#ffffff","shape_divider_top_height":{"unit":"px","size":"300","sizes":[]},"margin":{"unit":"px","top":"0","right":"0","bottom":"0","left":"0","isLinked":""},"margin_tablet":{"unit":"px","top":"0","right":"0","bottom":"0","left":"0","isLinked":"1"},"margin_mobile":{"unit":"px","top":"0","right":"0","bottom":"0","left":"0","isLinked":"1"},"padding_tablet":{"unit":"em","top":"5","right":"0","bottom":"0","left":"0","isLinked":""}},"elements":[{"id":"68c728a4","settings":{"_column_size":"50","_inline_size":"","padding":{"unit":"em","top":"0","right":"0","bottom":"0","left":"0","isLinked":""},"padding_tablet":{"unit":"em","top":"0","right":"1","bottom":"0","left":"1","isLinked":""},"content_position":"center","align":"center","margin":{"unit":"px","top":"0","right":"0","bottom":"0","left":"0","isLinked":"1"},"padding_mobile":{"unit":"em","top":"0","right":"0","bottom":"2","left":"0","isLinked":""},"_inline_size_tablet":"100","border_radius":{"unit":"px","top":"6","right":"6","bottom":"6","left":"6","isLinked":"1"}},"elements":[{"id":"62fc6923","settings":{"image":{"url":"http:\/\/sitefacilitado.com.br\/membros\/wp-content\/uploads\/2020\/03\/adult-alcohol-barrel-1370391-v2.jpg","id":"5857"},"image_size":"custom","image_custom_dimension":{"width":"457","height":"300"},"opacity":{"unit":"px","size":"1","sizes":[]},"image_border_border":"solid","image_border_width":{"unit":"px","top":"10","right":"10","bottom":"30","left":"10","isLinked":""},"image_border_color":"#ffffff","image_box_shadow_box_shadow_type":"yes","image_box_shadow_box_shadow":{"horizontal":"0","vertical":"8","blur":"10","spread":"-6","color":"rgba(0,0,0,0.37)"},"_margin":{"unit":"%","top":"","right":"","bottom":"","left":"","isLinked":"1"},"_padding":{"unit":"em","top":"0","right":"0","bottom":"0","left":"0","isLinked":""},"_background_color":"#011627","_margin_mobile":{"unit":"px","top":"0","right":"0","bottom":"0","left":"0","isLinked":"1"},"_padding_mobile":{"unit":"px","top":"0","right":"0","bottom":"0","left":"0","isLinked":"1"},"_margin_tablet":{"unit":"px","top":"0","right":"0","bottom":"0","left":"0","isLinked":"1"},"_padding_tablet":{"unit":"px","top":"0","right":"0","bottom":"0","left":"0","isLinked":"1"},"image_border_radius":{"unit":"px","top":"6","right":"6","bottom":"6","left":"6","isLinked":"1"}},"elements":[],"isInner":false,"widgetType":"image","elType":"widget"}],"isInner":"","elType":"column"},{"id":"d3cc4ea","settings":{"_column_size":"50","_inline_size":"","content_position":"center","space_between_widgets":"5","padding":{"unit":"em","top":"2","right":"2","bottom":"2","left":"2","isLinked":"1"},"padding_tablet":{"unit":"em","top":"3","right":"3","bottom":"3","left":"3","isLinked":"1"},"padding_mobile":{"unit":"em","top":"1","right":"1","bottom":"1","left":"1","isLinked":"1"},"_inline_size_tablet":"100"},"elements":[{"id":"73e486fc","settings":{"color":"#cdc7c2","width":{"unit":"%","size":"91","sizes":[]},"align":"left","gap":{"unit":"px","size":"9","sizes":[]},"weight":{"unit":"px","size":"2","sizes":[]},"_margin":{"unit":"px","top":"0","right":"0","bottom":"30","left":"0","isLinked":""}},"elements":[],"isInner":false,"widgetType":"divider","elType":"widget"},{"id":"2f069ead","settings":{"title":"craft beer brewery","align":"left","title_color":"#3f3521","typography_typography":"custom","typography_font_family":"Muli","typography_font_size":{"unit":"em","size":"1.8","sizes":[]},"typography_font_weight":"600","typography_text_transform":"capitalize","typography_line_height":{"unit":"em","size":"1","sizes":[]},"typography_font_size_mobile":{"unit":"em","size":"1.3","sizes":[]},"_margin":{"unit":"px","top":"0","right":"0","bottom":"010","left":"0","isLinked":""}},"elements":[],"isInner":false,"widgetType":"heading","elType":"widget"},{"id":"6e997539","settings":{"title":"open since 1884","header_size":"h5","align":"left","title_color":"#352404","typography_typography":"custom","typography_font_family":"Muli","typography_font_size":{"unit":"em","size":"0.7","sizes":[]},"typography_font_size_mobile":{"unit":"em","size":"0.8","sizes":[]},"typography_font_weight":"600","typography_text_transform":"uppercase","typography_line_height":{"unit":"em","size":"1","sizes":[]},"typography_line_height_mobile":{"unit":"em","size":"2","sizes":[]},"typography_letter_spacing":{"unit":"px","size":"3","sizes":[]}},"elements":[],"isInner":false,"widgetType":"heading","elType":"widget"},{"id":"3786a29b","settings":{"title":"Sed ut perspiciatis unde omnis iste natus error sit voluptatem accusantium doloremque laudantium, totam rem.","title_color":"#6e6d69","typography_typography":"custom","typography_font_family":"Nanum Myeongjo","typography_font_size":{"unit":"em","size":"1.1","sizes":[]},"typography_line_height":{"unit":"em","size":"1.6","sizes":[]},"_padding":{"unit":"em","top":"1","right":"0","bottom":"0","left":"0","isLinked":""},"align":"left","typography_font_size_mobile":{"unit":"em","size":"0.8","sizes":[]},"_margin":{"unit":"px","top":"0","right":"0","bottom":"0","left":"0","isLinked":"1"},"typography_font_weight":"600"},"elements":[],"isInner":false,"widgetType":"heading","elType":"widget"},{"id":"19c3f5a8","settings":{"editor":"<p>Lorem ipsum dolor sit amet, consectetur adipiscing elit, sed do eiusmod tempor incididunt Sed ut perspiciatis unde omnis iste natus.<\/p>","text_color":"#333333","typography_typography":"custom","typography_font_family":"Muli","typography_font_size":{"unit":"em","size":"0.8","sizes":[]},"typography_line_height":{"unit":"em","size":"1.6","sizes":[]},"align":"left","typography_font_size_mobile":{"unit":"em","size":"0.8","sizes":[]},"_margin":{"unit":"px","top":"0","right":"0","bottom":"0","left":"0","isLinked":"1"},"_padding":{"unit":"em","top":"0","right":"0","bottom":"1","left":"0","isLinked":""}},"elements":[],"isInner":false,"widgetType":"text-editor","elType":"widget"}],"isInner":"","elType":"column"}],"isInner":"","elType":"section"},{"id":"2d53bdd7","settings":{"structure":"20","padding":{"unit":"em","top":"0","right":"0","bottom":"0","left":"0","isLinked":""},"padding_mobile":{"unit":"em","top":"1","right":"1","bottom":"1","left":"1","isLinked":"1"},"background_background":"classic","shape_divider_top_color":"#ffffff","shape_divider_top_height":{"unit":"px","size":"300","sizes":[]},"margin":{"unit":"px","top":"0","right":"0","bottom":"0","left":"0","isLinked":""},"margin_tablet":{"unit":"px","top":"0","right":"0","bottom":"0","left":"0","isLinked":"1"},"margin_mobile":{"unit":"px","top":"0","right":"0","bottom":"0","left":"0","isLinked":"1"},"padding_tablet":{"unit":"em","top":"5","right":"0","bottom":"0","left":"0","isLinked":""},"gap":"wider","background_color":"#fffaf5"},"elements":[{"id":"22d89b33","settings":{"_column_size":"50","_inline_size":"","content_position":"center","space_between_widgets":"5","padding":{"unit":"em","top":"2","right":"2","bottom":"2","left":"2","isLinked":"1"},"padding_tablet":{"unit":"em","top":"3","right":"3","bottom":"3","left":"3","isLinked":"1"},"padding_mobile":{"unit":"em","top":"1","right":"1","bottom":"1","left":"1","isLinked":"1"},"_inline_size_tablet":"100"},"elements":[{"id":"2d6484d4","settings":{"color":"#cdc7c2","width":{"unit":"%","size":"91","sizes":[]},"align":"left","gap":{"unit":"px","size":"9","sizes":[]},"weight":{"unit":"px","size":"2","sizes":[]},"_margin":{"unit":"px","top":"0","right":"0","bottom":"30","left":"0","isLinked":""}},"elements":[],"isInner":false,"widgetType":"divider","elType":"widget"},{"id":"45592f9b","settings":{"title":"explore our history","align":"left","title_color":"#3f3521","typography_typography":"custom","typography_font_family":"Muli","typography_font_size":{"unit":"em","size":"1.8","sizes":[]},"typography_font_weight":"600","typography_text_transform":"capitalize","typography_line_height":{"unit":"em","size":"1","sizes":[]},"typography_font_size_mobile":{"unit":"em","size":"1.3","sizes":[]},"_margin":{"unit":"px","top":"0","right":"0","bottom":"010","left":"0","isLinked":""}},"elements":[],"isInner":false,"widgetType":"heading","elType":"widget"},{"id":"5578c17d","settings":{"title":"over 100 years","header_size":"h5","align":"left","title_color":"#352404","typography_typography":"custom","typography_font_family":"Muli","typography_font_size":{"unit":"em","size":"0.7","sizes":[]},"typography_font_size_mobile":{"unit":"em","size":"0.8","sizes":[]},"typography_font_weight":"600","typography_text_transform":"uppercase","typography_line_height":{"unit":"em","size":"1","sizes":[]},"typography_line_height_mobile":{"unit":"em","size":"2","sizes":[]},"typography_letter_spacing":{"unit":"px","size":"3","sizes":[]}},"elements":[],"isInner":false,"widgetType":"heading","elType":"widget"},{"id":"2860f2a3","settings":{"title":"Sed ut perspiciatis unde omnis iste natus error sit voluptatem accusantium doloremque laudantium, totam rem aperiam, eaque ipsa.","title_color":"#6e6d69","typography_typography":"custom","typography_font_family":"Nanum Myeongjo","typography_font_size":{"unit":"em","size":"1","sizes":[]},"typography_line_height":{"unit":"em","size":"1.6","sizes":[]},"_padding":{"unit":"em","top":"1","right":"0","bottom":"0","left":"0","isLinked":""},"align":"left","typography_font_size_mobile":{"unit":"em","size":"0.8","sizes":[]},"_margin":{"unit":"px","top":"0","right":"0","bottom":"0","left":"0","isLinked":"1"},"typography_font_weight":"600"},"elements":[],"isInner":false,"widgetType":"heading","elType":"widget"},{"id":"16f097e5","settings":{"editor":"<p>Lorem ipsum dolor sit amet, consectetur adipiscing elit, sed do eiusmod tempor incididunt Sed ut perspiciatis unde omnis iste natus.<\/p>","text_color":"#333333","typography_typography":"custom","typography_font_family":"Muli","typography_font_size":{"unit":"em","size":"0.8","sizes":[]},"typography_line_height":{"unit":"em","size":"1.6","sizes":[]},"align":"left","typography_font_size_mobile":{"unit":"em","size":"0.8","sizes":[]},"_margin":{"unit":"px","top":"0","right":"0","bottom":"0","left":"0","isLinked":"1"},"_padding":{"unit":"em","top":"0","right":"0","bottom":"1","left":"0","isLinked":""}},"elements":[],"isInner":false,"widgetType":"text-editor","elType":"widget"},{"id":"5a2f71c7","settings":{"text":"Our Brewery","align":"justify","size":"xs","icon_indent":{"unit":"px","size":"13","sizes":[]},"typography_typography":"custom","typography_font_family":"Muli","button_text_color":"#fdfcfa","background_color":"#b9b39e","hover_color":"#fdfcfa","button_background_hover_color":"#baa86f","button_hover_border_color":"rgba(81,65,12,0.18)","border_border":"solid","border_width":{"unit":"px","top":"1","right":"1","bottom":"1","left":"1","isLinked":"1"},"border_color":"#b9b39e","align_mobile":"justify","typography_line_height":{"unit":"em","size":"1.5","sizes":[]},"icon":"fa fa-angle-right","icon_align":"right","border_radius":{"unit":"px","top":"50","right":"50","bottom":"50","left":"50","isLinked":"1"},"_element_width":"initial","_element_custom_width":{"unit":"%","size":"33","sizes":[]}},"elements":[],"isInner":false,"widgetType":"button","elType":"widget"},{"id":"f1240cd","settings":{"text":"Our History","align":"left","size":"xs","icon_indent":{"unit":"px","size":"13","sizes":[]},"typography_typography":"custom","typography_font_family":"Muli","button_text_color":"#6e6d69","background_color":"#fdfcfa","hover_color":"#b9b39e","button_background_hover_color":"rgba(185,179,158,0)","button_hover_border_color":"#b9b39e","border_border":"solid","border_width":{"unit":"px","top":"1","right":"1","bottom":"1","left":"1","isLinked":"1"},"border_color":"#6e6d69","align_mobile":"justify","typography_line_height":{"unit":"em","size":"1.5","sizes":[]},"icon":"fa fa-angle-right","icon_align":"right","border_radius":{"unit":"px","top":"50","right":"50","bottom":"50","left":"50","isLinked":"1"},"_padding":{"unit":"em","top":"0","right":"0","bottom":"0","left":"1","isLinked":""},"_element_width":"auto"},"elements":[],"isInner":false,"widgetType":"button","elType":"widget"}],"isInner":"","elType":"column"},{"id":"18c4b68","settings":{"_column_size":"50","_inline_size":"","content_position":"center","space_between_widgets":"5","padding":{"unit":"em","top":"0","right":"2","bottom":"0","left":"2","isLinked":""},"padding_tablet":{"unit":"em","top":"0","right":"1","bottom":"0","left":"1","isLinked":""},"margin_mobile":{"unit":"px","top":"0","right":"0","bottom":"0","left":"0","isLinked":"1"},"padding_mobile":{"unit":"em","top":"0","right":"0","bottom":"0","left":"0","isLinked":""},"_inline_size_tablet":"100"},"elements":[{"id":"1c76c907","settings":{"content_width":{"unit":"px","size":"140","sizes":[]},"height_inner":"min-height","custom_height_inner_mobile":{"unit":"px","size":"250","sizes":[]},"margin_mobile":{"unit":"px","top":"0","right":"0","bottom":"0","left":"0","isLinked":"1"},"padding_mobile":{"unit":"px","top":"0","right":"0","bottom":"0","left":"0","isLinked":"1"},"custom_height_inner":{"unit":"px","size":"300","sizes":[]},"background_background":"classic","background_image":{"url":"http:\/\/sitefacilitado.com.br\/membros\/wp-content\/uploads\/2020\/03\/back-close-up-clouds-721999-v2.jpg","id":"5845"},"background_position":"center right","background_repeat":"no-repeat","background_size":"cover","border_border":"solid","border_width":{"unit":"px","top":"10","right":"10","bottom":"30","left":"10","isLinked":""},"border_color":"#ffffff","border_radius":{"unit":"px","top":"6","right":"6","bottom":"6","left":"6","isLinked":"1"},"box_shadow_box_shadow_type":"yes","box_shadow_box_shadow":{"horizontal":"0","vertical":"8","blur":"10","spread":"-6","color":"rgba(0,0,0,0.37)"},"padding":{"unit":"em","top":"0","right":"0","bottom":"0","left":"0","isLinked":""},"margin":{"unit":"px","top":"0","right":"0","bottom":"0","left":"0","isLinked":""}},"elements":[{"id":"3498095e","settings":{"_column_size":"100","_inline_size":"","margin":{"unit":"px","top":"15","right":"15","bottom":"15","left":"15","isLinked":"1"},"padding":{"unit":"px","top":"0","right":"0","bottom":"0","left":"0","isLinked":"1"},"background_hover_transition":{"unit":"px","size":"","sizes":[]}},"elements":[{"id":"6cab2d26","settings":{"youtube_url":"https:\/\/www.youtube.com\/watch?v=WhWc3b3KhnY","vimeo_url":"","dailymotion_url":"","show_image_overlay":"yes","image_overlay":{"url":"http:\/\/sitefacilitado.com.br\/membros\/wp-content\/uploads\/2020\/03\/play.png","id":"5846"},"show_play_icon":"","lightbox":"yes","css_filters_css_filter":"custom","css_filters_contrast":{"unit":"px","size":"114","sizes":[]},"lightbox_color":"rgba(253,252,250,0.84)","lightbox_ui_color":"#352404","lightbox_ui_color_hover":"#352404","yt_privacy":"yes","modestbranding":"yes"},"elements":[],"isInner":false,"widgetType":"video","elType":"widget"}],"isInner":"1","elType":"column"}],"isInner":"1","elType":"section"}],"isInner":"","elType":"column"}],"isInner":"","elType":"section"},{"id":"615b37ae","settings":{"gap":"wider","structure":"20","padding":{"unit":"em","top":"0","right":"0","bottom":"8","left":"0","isLinked":""},"padding_mobile":{"unit":"em","top":"1","right":"1","bottom":"1","left":"1","isLinked":"1"},"background_background":"classic","background_color":"#fffaf5","shape_divider_top_color":"#ffffff","shape_divider_top_height":{"unit":"px","size":"300","sizes":[]},"margin":{"unit":"px","top":"0","right":"0","bottom":"0","left":"0","isLinked":""},"margin_tablet":{"unit":"px","top":"0","right":"0","bottom":"0","left":"0","isLinked":"1"},"margin_mobile":{"unit":"px","top":"0","right":"0","bottom":"0","left":"0","isLinked":"1"},"padding_tablet":{"unit":"em","top":"5","right":"0","bottom":"0","left":"0","isLinked":""}},"elements":[{"id":"329dab0a","settings":{"_column_size":"50","_inline_size":"","padding":{"unit":"em","top":"0","right":"0","bottom":"0","left":"0","isLinked":""},"padding_tablet":{"unit":"em","top":"0","right":"1","bottom":"0","left":"1","isLinked":""},"content_position":"center","align":"center","margin":{"unit":"px","top":"0","right":"0","bottom":"0","left":"0","isLinked":"1"},"padding_mobile":{"unit":"em","top":"0","right":"0","bottom":"2","left":"0","isLinked":""},"_inline_size_tablet":"100","margin_tablet":{"unit":"px","top":"0","right":"0","bottom":"0","left":"0","isLinked":"1"}},"elements":[{"id":"7e2e592f","settings":{"image":{"url":"http:\/\/sitefacilitado.com.br\/membros\/wp-content\/uploads\/2020\/03\/pexels-photo-442969-v2.jpg","id":"5870"},"image_size":"custom","image_custom_dimension":{"width":"457","height":"300"},"opacity":{"unit":"px","size":"1","sizes":[]},"image_border_border":"solid","image_border_width":{"unit":"px","top":"10","right":"10","bottom":"30","left":"10","isLinked":""},"image_border_color":"#ffffff","image_box_shadow_box_shadow_type":"yes","image_box_shadow_box_shadow":{"horizontal":"0","vertical":"8","blur":"10","spread":"-6","color":"rgba(0,0,0,0.37)"},"_margin":{"unit":"px","top":"-100","right":"-100","bottom":"-200","left":"-100","isLinked":""},"_padding":{"unit":"em","top":"0","right":"0","bottom":"0","left":"0","isLinked":""},"_background_color":"#011627","_margin_mobile":{"unit":"px","top":"0","right":"0","bottom":"0","left":"0","isLinked":"1"},"_padding_mobile":{"unit":"px","top":"0","right":"0","bottom":"0","left":"0","isLinked":"1"},"_margin_tablet":{"unit":"px","top":"0","right":"0","bottom":"0","left":"0","isLinked":"1"},"_padding_tablet":{"unit":"em","top":"5","right":"0","bottom":"0","left":"0","isLinked":""},"image_border_radius":{"unit":"px","top":"6","right":"6","bottom":"6","left":"6","isLinked":"1"}},"elements":[],"isInner":false,"widgetType":"image","elType":"widget"}],"isInner":"","elType":"column"},{"id":"1319db3b","settings":{"_column_size":"50","_inline_size":"","content_position":"center","space_between_widgets":"5","padding":{"unit":"em","top":"2","right":"2","bottom":"2","left":"2","isLinked":"1"},"padding_tablet":{"unit":"em","top":"3","right":"3","bottom":"3","left":"3","isLinked":"1"},"padding_mobile":{"unit":"em","top":"1","right":"1","bottom":"1","left":"1","isLinked":"1"},"_inline_size_tablet":"100"},"elements":[{"id":"24c83f1","settings":{"color":"#cdc7c2","width":{"unit":"%","size":"91","sizes":[]},"align":"left","gap":{"unit":"px","size":"9","sizes":[]},"weight":{"unit":"px","size":"2","sizes":[]},"_margin":{"unit":"px","top":"0","right":"0","bottom":"30","left":"0","isLinked":""}},"elements":[],"isInner":false,"widgetType":"divider","elType":"widget"},{"id":"4c03d791","settings":{"title":"gift shop &amp; sales","align":"left","title_color":"#3f3521","typography_typography":"custom","typography_font_family":"Muli","typography_font_size":{"unit":"em","size":"1.8","sizes":[]},"typography_font_weight":"600","typography_text_transform":"capitalize","typography_line_height":{"unit":"em","size":"1","sizes":[]},"typography_font_size_mobile":{"unit":"em","size":"1.3","sizes":[]},"_margin":{"unit":"px","top":"0","right":"0","bottom":"010","left":"0","isLinked":""}},"elements":[],"isInner":false,"widgetType":"heading","elType":"widget"},{"id":"18970b90","settings":{"title":"browse our stock","header_size":"h5","align":"left","title_color":"#352404","typography_typography":"custom","typography_font_family":"Muli","typography_font_size":{"unit":"em","size":"0.7","sizes":[]},"typography_font_size_mobile":{"unit":"em","size":"0.8","sizes":[]},"typography_font_weight":"600","typography_text_transform":"uppercase","typography_line_height":{"unit":"em","size":"1","sizes":[]},"typography_line_height_mobile":{"unit":"em","size":"2","sizes":[]},"typography_letter_spacing":{"unit":"px","size":"3","sizes":[]}},"elements":[],"isInner":false,"widgetType":"heading","elType":"widget"},{"id":"136c5faf","settings":{"title":"Nulla sem nibh, luctus eu mi ac, tempor malesuada lacus. Morbi gravida est odio, sit amet iaculis urna dapibus non. Mauris porttitor placerat diam at cursus.","title_color":"#6e6d69","typography_typography":"custom","typography_font_family":"Nanum Myeongjo","typography_font_size":{"unit":"em","size":"1","sizes":[]},"typography_line_height":{"unit":"em","size":"1.6","sizes":[]},"_padding":{"unit":"em","top":"1","right":"0","bottom":"0","left":"0","isLinked":""},"align":"left","typography_font_size_mobile":{"unit":"em","size":"0.8","sizes":[]},"_margin":{"unit":"px","top":"0","right":"0","bottom":"0","left":"0","isLinked":"1"},"typography_font_weight":"600"},"elements":[],"isInner":false,"widgetType":"heading","elType":"widget"},{"id":"31d7ccec","settings":{"editor":"<p>Lorem ipsum dolor sit amet, consectetur adipiscing elit, sed do eiusmod tempor incididunt Sed ut perspiciatis unde omnis iste natus.<\/p>","text_color":"#333333","typography_typography":"custom","typography_font_family":"Muli","typography_font_size":{"unit":"em","size":"0.8","sizes":[]},"typography_line_height":{"unit":"em","size":"1.6","sizes":[]},"align":"left","typography_font_size_mobile":{"unit":"em","size":"0.8","sizes":[]},"_margin":{"unit":"px","top":"0","right":"0","bottom":"0","left":"0","isLinked":"1"},"_padding":{"unit":"em","top":"0","right":"0","bottom":"1","left":"0","isLinked":""}},"elements":[],"isInner":false,"widgetType":"text-editor","elType":"widget"},{"id":"383a9b03","settings":{"text":"Shop Now","align":"justify","size":"xs","icon_indent":{"unit":"px","size":"13","sizes":[]},"typography_typography":"custom","typography_font_family":"Muli","button_text_color":"#fdfcfa","background_color":"#b9b39e","hover_color":"#fdfcfa","button_background_hover_color":"#baa86f","button_hover_border_color":"rgba(81,65,12,0.18)","border_border":"solid","border_width":{"unit":"px","top":"1","right":"1","bottom":"1","left":"1","isLinked":"1"},"border_color":"#b9b39e","align_mobile":"justify","typography_line_height":{"unit":"em","size":"1.5","sizes":[]},"icon":"fa fa-angle-right","icon_align":"right","border_radius":{"unit":"px","top":"50","right":"50","bottom":"50","left":"50","isLinked":"1"},"_element_width":"initial","_element_custom_width":{"unit":"%","size":"33","sizes":[]}},"elements":[],"isInner":false,"widgetType":"button","elType":"widget"}],"isInner":"","elType":"column"}],"isInner":"","elType":"section"},{"id":"59a57d68","settings":{"custom_height":{"unit":"vh","size":"40","sizes":[]},"background_background":"classic","background_color":"rgba(10,10,0,0.84)","background_size":"cover","background_overlay_opacity":{"unit":"px","size":"0.86","sizes":[]},"padding":{"unit":"em","top":"8","right":"0","bottom":"6","left":"0","isLinked":""},"padding_mobile":{"unit":"em","top":"1","right":"1","bottom":"1","left":"1","isLinked":"1"},"background_overlay_background":"classic","custom_height_tablet":{"unit":"vh","size":"46","sizes":[]},"background_color_b":"#011627","background_gradient_angle":{"unit":"deg","size":"200","sizes":[]},"background_position":"bottom center","background_repeat":"no-repeat","background_overlay_color":"#1c1713","background_overlay_color_b":"#892af7","background_overlay_gradient_angle":{"unit":"deg","size":"300","sizes":[]},"background_overlay_position":"center center","background_overlay_repeat":"no-repeat","background_overlay_size":"cover","css_filters_contrast":{"unit":"px","size":"0","sizes":[]},"shape_divider_top_color":"#fdfcfa","shape_divider_top_width":{"unit":"%","size":"100","sizes":[]},"shape_divider_top_width_mobile":{"unit":"%","size":"300","sizes":[]},"shape_divider_top_height":{"unit":"px","size":"50","sizes":[]},"shape_divider_top_height_mobile":{"unit":"px","size":"18","sizes":[]},"shape_divider_bottom_color":"#fdfcfa","shape_divider_bottom_width":{"unit":"%","size":"128","sizes":[]},"shape_divider_bottom_width_tablet":{"unit":"%","size":"300","sizes":[]},"shape_divider_bottom_width_mobile":{"unit":"%","size":"300","sizes":[]},"shape_divider_bottom_height":{"unit":"px","size":"18","sizes":[]},"shape_divider_bottom_height_mobile":{"unit":"px","size":"18","sizes":[]},"margin_mobile":{"unit":"px","top":"0","right":"0","bottom":"0","left":"0","isLinked":"1"},"padding_tablet":{"unit":"em","top":"1","right":"1","bottom":"1","left":"1","isLinked":"1"},"background_image":{"url":"http:\/\/sitefacilitado.com.br\/membros\/wp-content\/uploads\/2020\/03\/taylor-leopold-pElM4yerF5Q-unsplash-cover-scaled.jpg","id":"5855"},"background_attachment":"fixed","shape_divider_top_width_tablet":{"unit":"%","size":"300","sizes":[]},"shape_divider_top_height_tablet":{"unit":"px","size":"18","sizes":[]},"shape_divider_bottom_height_tablet":{"unit":"px","size":"18","sizes":[]},"content_width":{"unit":"px","size":"700","sizes":[]},"shape_divider_top_negative":"yes","margin":{"unit":"px","top":"0","right":"0","bottom":"0","left":"0","isLinked":"1"}},"elements":[{"id":"3ddc05b0","settings":{"_column_size":"100","_inline_size":"","margin":{"unit":"px","top":"0","right":"0","bottom":"0","left":"0","isLinked":"1"},"padding":{"unit":"px","top":"0","right":"0","bottom":"0","left":"0","isLinked":"1"}},"elements":[{"id":"4017da23","settings":{"content_width":{"unit":"px","size":"500","sizes":[]},"padding":{"unit":"em","top":"0","right":"0","bottom":"0","left":"0","isLinked":""},"margin_mobile":{"unit":"px","top":"0","right":"0","bottom":"0","left":"0","isLinked":"1"},"padding_mobile":{"unit":"em","top":"0","right":"0","bottom":"0","left":"0","isLinked":"1"},"margin":{"unit":"px","top":"0","right":"0","bottom":"0","left":"0","isLinked":"1"}},"elements":[{"id":"475b643c","settings":{"_column_size":"100","_inline_size":"","content_position":"center","align":"center","space_between_widgets":"5","border_border":"solid","border_width":{"unit":"px","top":"3","right":"0","bottom":"3","left":"0","isLinked":""},"border_color":"#cdc7c2","margin":{"unit":"px","top":"0","right":"0","bottom":"0","left":"0","isLinked":"1"},"padding":{"unit":"px","top":"25","right":"25","bottom":"25","left":"25","isLinked":"1"},"border_radius":{"unit":"px","top":"0","right":"0","bottom":"0","left":"0","isLinked":"1"}},"elements":[{"id":"3cbef5da","settings":{"title":"BREWERY","align":"center","title_color":"#fdfcfa","typography_typography":"custom","typography_font_family":"Muli","typography_font_size":{"unit":"em","size":"5","sizes":[]},"typography_font_size_mobile":{"unit":"em","size":"2.5","sizes":[]},"typography_font_weight":"400","typography_text_transform":"capitalize","typography_line_height":{"unit":"em","size":"1","sizes":[]},"header_size":"h1"},"elements":[],"isInner":false,"widgetType":"heading","elType":"widget"},{"id":"349b42c3","settings":{"title":"fine beers &amp; ale EST 1884","header_size":"h5","align":"center","title_color":"#fdfcfa","typography_typography":"custom","typography_font_family":"Muli","typography_font_size":{"unit":"em","size":"0.7","sizes":[]},"typography_font_size_mobile":{"unit":"em","size":"0.8","sizes":[]},"typography_font_weight":"600","typography_text_transform":"uppercase","typography_line_height":{"unit":"em","size":"1","sizes":[]},"typography_line_height_mobile":{"unit":"em","size":"2","sizes":[]},"typography_letter_spacing":{"unit":"px","size":"3","sizes":[]}},"elements":[],"isInner":false,"widgetType":"heading","elType":"widget"},{"id":"5f1882db","settings":{"color":"#fdfcfa","width":{"unit":"%","size":"30","sizes":[]},"align":"center","gap":{"unit":"px","size":"5","sizes":[]}},"elements":[],"isInner":false,"widgetType":"divider","elType":"widget"},{"id":"2f7de6bc","settings":{"social_icon_list":[{"social":"fa fa-youtube","link":{"url":"","is_external":"true","nofollow":""},"_id":"28ba356"},{"social":"fa fa-facebook","_id":"ae482ac","link":{"url":"","is_external":"true","nofollow":""}},{"social":"fa fa-twitter","_id":"6dc08df","link":{"url":"","is_external":"true","nofollow":""}},{"social":"fa fa-instagram","link":{"url":"","is_external":"true","nofollow":""},"_id":"5d5755b"},{"social":"fa fa-pinterest","link":{"url":"","is_external":"true","nofollow":""},"_id":"9141e3f"}],"icon_color":"custom","icon_primary_color":"#fdfcfa","icon_secondary_color":"#000000","icon_size":{"unit":"px","size":"20","sizes":[]},"icon_padding":{"unit":"em","size":"0.2","sizes":[]},"image_border_border":"solid","image_border_width":{"unit":"px","top":"1","right":"1","bottom":"1","left":"1","isLinked":"1"},"image_border_color":"rgba(81,65,12,0.18)","icon_size_mobile":{"unit":"px","size":"10","sizes":[]},"icon_spacing":{"unit":"px","size":"14","sizes":[]},"border_radius":{"unit":"px","top":"100","right":"100","bottom":"100","left":"100","isLinked":"1"},"hover_primary_color":"#fdfcfa","hover_secondary_color":"#000000","hover_animation":"pop","_padding":{"unit":"em","top":"0","right":"0","bottom":"0","left":"0","isLinked":"1"},"align_mobile":"center","_margin":{"unit":"px","top":"30","right":"0","bottom":"0","left":"0","isLinked":""}},"elements":[],"isInner":false,"widgetType":"social-icons","elType":"widget"}],"isInner":"1","elType":"column"}],"isInner":"1","elType":"section"}],"isInner":"","elType":"column"}],"isInner":"","elType":"section"}],"page_settings":{"background_background":"classic","background_color":"#fdfcfa","template":"elementor_canvas"}}