{
    "version": "0.4",
    "title": "Getstall \u2013 Colofon",
    "type": "footer",
    "metadata": {
        "template_type": "section-footer",
        "include_in_zip": "1",
        "elementor_pro_required": "1",
        "elementor_library_type": "footer",
        "elementor_pro_conditions": [
            "include\/general"
        ],
        "additional_template_information": [
            "This is a \"Footer\" template for Elementor Pro.",
            "This template will display on: Entire Site."
        ],
        "wp_page_template": "default"
    },
    "content": [
        {
            "id": "2f20e",
            "settings": {
                "content_width": {
                    "unit": "px",
                    "size": "1180",
                    "sizes": []
                },
                "structure": "30",
                "margin": {
                    "unit": "px",
                    "top": "60",
                    "right": "0",
                    "bottom": "0",
                    "left": "0",
                    "isLinked": ""
                },
                "padding_tablet": {
                    "unit": "%",
                    "top": "0",
                    "right": "0",
                    "bottom": "0",
                    "left": "0",
                    "isLinked": "1"
                },
                "reverse_order_tablet": "reverse-tablet",
                "reverse_order_mobile": "reverse-mobile"
            },
            "elements": [
                {
                    "id": "2502ae3e",
                    "settings": {
                        "_column_size": "33",
                        "_inline_size": "40.763",
                        "_inline_size_tablet": "100",
                        "border_border": "solid",
                        "border_width": {
                            "unit": "px",
                            "top": "0",
                            "right": "0",
                            "bottom": "0",
                            "left": "0",
                            "isLinked": "1"
                        },
                        "border_width_mobile": {
                            "unit": "px",
                            "top": "1",
                            "right": "0",
                            "bottom": "0",
                            "left": "0",
                            "isLinked": ""
                        },
                        "border_color": "#EBEBEB",
                        "padding_mobile": {
                            "unit": "px",
                            "top": "30",
                            "right": "0",
                            "bottom": "0",
                            "left": "0",
                            "isLinked": ""
                        }
                    },
                    "elements": [
                        {
                            "id": "7ad3b9e",
                            "settings": {
                                "image": {
                                    "id": "6",
                                    "url": "https:\/\/templatekits.themewarrior.com\/getstall\/wp-content\/uploads\/sites\/5\/2020\/07\/logo.png"
                                },
                                "align": "left",
                                "align_tablet": "center",
                                "link_to": "custom",
                                "__dynamic__": {
                                    "link": "[elementor-tag id=\"9c77ee0\" name=\"site-url\" settings=\"%7B%7D\"]"
                                },
                                "_margin": {
                                    "unit": "px",
                                    "top": "0",
                                    "right": "0",
                                    "bottom": "10",
                                    "left": "0",
                                    "isLinked": ""
                                }
                            },
                            "elements": [],
                            "isInner": false,
                            "widgetType": "image",
                            "elType": "widget"
                        },
                        {
                            "id": "61a83e8a",
                            "settings": {
                                "icon_list": [
                                    {
                                        "text": "5171 W Campbell Ave undefined Kent, Utah 53127 United States",
                                        "selected_icon": {
                                            "value": "fas fa-map-marker-alt",
                                            "library": "fa-solid"
                                        },
                                        "_id": "00c9c49",
                                        "link": {
                                            "url": "",
                                            "is_external": "",
                                            "nofollow": "",
                                            "custom_attributes": ""
                                        }
                                    },
                                    {
                                        "text": "(808) 555-0111",
                                        "selected_icon": {
                                            "value": "fas fa-phone-alt",
                                            "library": "fa-solid"
                                        },
                                        "link": {
                                            "url": "",
                                            "is_external": "",
                                            "nofollow": "",
                                            "custom_attributes": ""
                                        },
                                        "_id": "8236ff2"
                                    },
                                    {
                                        "text": "(684) 555-0102",
                                        "selected_icon": {
                                            "value": "fas fa-phone-alt",
                                            "library": "fa-solid"
                                        },
                                        "link": {
                                            "url": "",
                                            "is_external": "",
                                            "nofollow": "",
                                            "custom_attributes": ""
                                        },
                                        "_id": "8a3ed5a"
                                    },
                                    {
                                        "text": "sayhi@growceries.com",
                                        "selected_icon": {
                                            "value": "far fa-envelope",
                                            "library": "fa-regular"
                                        },
                                        "link": {
                                            "url": "",
                                            "is_external": "",
                                            "nofollow": "",
                                            "custom_attributes": ""
                                        },
                                        "_id": "ce0be25"
                                    }
                                ],
                                "space_between": {
                                    "unit": "px",
                                    "size": "14",
                                    "sizes": []
                                },
                                "icon_color": "#60AD56",
                                "text_color": "#666666",
                                "icon_typography_typography": "custom",
                                "icon_typography_font_family": "Poppins",
                                "icon_align_tablet": "center"
                            },
                            "elements": [],
                            "isInner": false,
                            "widgetType": "icon-list",
                            "elType": "widget"
                        }
                    ],
                    "isInner": "",
                    "elType": "column"
                },
                {
                    "id": "67e4102a",
                    "settings": {
                        "_column_size": "33",
                        "_inline_size": "25.551",
                        "_inline_size_tablet": "50",
                        "_inline_size_mobile": "50",
                        "padding_tablet": {
                            "unit": "%",
                            "top": "0",
                            "right": "0",
                            "bottom": "0",
                            "left": "30",
                            "isLinked": ""
                        },
                        "padding_mobile": {
                            "unit": "px",
                            "top": "15",
                            "right": "15",
                            "bottom": "15",
                            "left": "15",
                            "isLinked": "1"
                        }
                    },
                    "elements": [
                        {
                            "id": "686b8a03",
                            "settings": {
                                "title": "Information",
                                "title_color": "#60AD56",
                                "typography_typography": "custom",
                                "typography_font_family": "Poppins",
                                "typography_font_size": {
                                    "unit": "px",
                                    "size": "16",
                                    "sizes": []
                                },
                                "typography_font_weight": "600",
                                "_margin": {
                                    "unit": "px",
                                    "top": "20",
                                    "right": "0",
                                    "bottom": "20",
                                    "left": "0",
                                    "isLinked": ""
                                }
                            },
                            "elements": [],
                            "isInner": false,
                            "widgetType": "heading",
                            "elType": "widget"
                        },
                        {
                            "id": "1d1c2157",
                            "settings": {
                                "layout": "vertical",
                                "align_items": "left",
                                "pointer": "none",
                                "dropdown": "none",
                                "menu_typography_typography": "custom",
                                "menu_typography_font_family": "Poppins",
                                "menu_typography_font_weight": "500",
                                "color_menu_item": "#000000",
                                "color_menu_item_hover": "#60AD56",
                                "color_menu_item_active": "#666666",
                                "padding_horizontal_menu_item": {
                                    "unit": "px",
                                    "size": "0",
                                    "sizes": []
                                },
                                "padding_vertical_menu_item": {
                                    "unit": "px",
                                    "size": "0",
                                    "sizes": []
                                },
                                "menu_space_between": {
                                    "unit": "px",
                                    "size": "15",
                                    "sizes": []
                                }
                            },
                            "elements": [],
                            "isInner": false,
                            "widgetType": "nav-menu",
                            "elType": "widget"
                        }
                    ],
                    "isInner": "",
                    "elType": "column"
                },
                {
                    "id": "11b7777f",
                    "settings": {
                        "_column_size": "33",
                        "_inline_size_tablet": "100",
                        "border_border": "solid",
                        "border_width": {
                            "unit": "px",
                            "top": "0",
                            "right": "0",
                            "bottom": "0",
                            "left": "0",
                            "isLinked": "1"
                        },
                        "border_width_tablet": {
                            "unit": "px",
                            "top": "1",
                            "right": "0",
                            "bottom": "1",
                            "left": "0",
                            "isLinked": ""
                        },
                        "border_color": "#EBEBEB",
                        "margin_tablet": {
                            "unit": "%",
                            "top": "0",
                            "right": "0",
                            "bottom": "0",
                            "left": "0",
                            "isLinked": ""
                        },
                        "padding_tablet": {
                            "unit": "%",
                            "top": "3",
                            "right": "15",
                            "bottom": "3",
                            "left": "15",
                            "isLinked": ""
                        },
                        "padding_mobile": {
                            "unit": "px",
                            "top": "20",
                            "right": "20",
                            "bottom": "20",
                            "left": "20",
                            "isLinked": "1"
                        }
                    },
                    "elements": [
                        {
                            "id": "760e3e1c",
                            "settings": {
                                "title": "Newsletter",
                                "align_tablet": "center",
                                "title_color": "#60AD56",
                                "typography_typography": "custom",
                                "typography_font_family": "Poppins",
                                "typography_font_size": {
                                    "unit": "px",
                                    "size": "16",
                                    "sizes": []
                                },
                                "typography_font_weight": "600",
                                "_margin": {
                                    "unit": "px",
                                    "top": "20",
                                    "right": "0",
                                    "bottom": "20",
                                    "left": "0",
                                    "isLinked": ""
                                }
                            },
                            "elements": [],
                            "isInner": false,
                            "widgetType": "heading",
                            "elType": "widget"
                        },
                        {
                            "id": "632fd813",
                            "settings": {
                                "editor": "<p>Ex cupidatat irure deserunt in magna occaecat.<\/p>",
                                "align": "left",
                                "align_tablet": "center",
                                "text_color": "#666666",
                                "typography_typography": "custom",
                                "typography_font_family": "Poppins"
                            },
                            "elements": [],
                            "isInner": false,
                            "widgetType": "text-editor",
                            "elType": "widget"
                        },
                        {
                            "id": "2b056b85",
                            "settings": {
                                "form_name": "New Form",
                                "form_fields": [
                                    {
                                        "custom_id": "email",
                                        "field_type": "email",
                                        "required": "true",
                                        "field_label": "Email",
                                        "placeholder": "Email",
                                        "width": "100",
                                        "_id": "66a61f4",
                                        "field_options": "",
                                        "allow_multiple": "",
                                        "select_size": "",
                                        "inline_list": "",
                                        "field_html": "",
                                        "width_tablet": "",
                                        "width_mobile": "",
                                        "rows": "4",
                                        "recaptcha_size": "normal",
                                        "recaptcha_style": "light",
                                        "recaptcha_badge": "bottomright",
                                        "css_classes": "",
                                        "field_value": "",
                                        "selected_icon": {
                                            "value": "fas fa-star",
                                            "library": "fa-solid"
                                        },
                                        "file_sizes": "",
                                        "file_types": "",
                                        "allow_multiple_upload": "",
                                        "max_files": "",
                                        "acceptance_text": "",
                                        "checked_by_default": "",
                                        "field_min": "",
                                        "field_max": "",
                                        "min_date": "",
                                        "max_date": "",
                                        "use_native_date": "",
                                        "use_native_time": ""
                                    }
                                ],
                                "show_labels": "",
                                "button_text": "Subscribe",
                                "button_align": "start",
                                "button_align_tablet": "center",
                                "email_content": "[all-fields]",
                                "email_content_2": "[all-fields]",
                                "success_message": "The form was sent successfully.",
                                "error_message": "An error occured.",
                                "required_field_message": "This field is required.",
                                "invalid_message": "There's something wrong. The form is invalid.",
                                "html_typography_typography": "custom",
                                "html_typography_font_family": "Poppins",
                                "field_text_color": "#666666",
                                "field_typography_typography": "custom",
                                "field_typography_font_family": "Poppins",
                                "field_typography_font_size": {
                                    "unit": "px",
                                    "size": "14",
                                    "sizes": []
                                },
                                "field_border_color": "#EBEBEB",
                                "field_border_radius": {
                                    "unit": "px",
                                    "top": "5",
                                    "right": "5",
                                    "bottom": "5",
                                    "left": "5",
                                    "isLinked": "1"
                                },
                                "button_background_color": "#60AD56",
                                "button_text_color": "#FFFFFF",
                                "button_typography_typography": "custom",
                                "button_typography_font_family": "Poppins",
                                "button_typography_font_size": {
                                    "unit": "px",
                                    "size": "14",
                                    "sizes": []
                                },
                                "button_typography_font_weight": "500",
                                "button_background_hover_color": "#7ECD73",
                                "button_hover_color": "#FFFFFF",
                                "step_next_label": "Next",
                                "step_previous_label": "Previous"
                            },
                            "elements": [],
                            "isInner": false,
                            "widgetType": "form",
                            "elType": "widget"
                        }
                    ],
                    "isInner": "",
                    "elType": "column"
                }
            ],
            "isInner": "",
            "elType": "section"
        },
        {
            "id": "7e179ce0",
            "settings": {
                "content_width": {
                    "unit": "px",
                    "size": "1180",
                    "sizes": []
                },
                "gap": "wider",
                "border_border": "solid",
                "border_width": {
                    "unit": "px",
                    "top": "1",
                    "right": "0",
                    "bottom": "0",
                    "left": "0",
                    "isLinked": ""
                },
                "border_color": "#EBEBEB"
            },
            "elements": [
                {
                    "id": "63bc947",
                    "settings": {
                        "_column_size": "100"
                    },
                    "elements": [
                        {
                            "id": "35169aa6",
                            "settings": {
                                "title": "\u00a9 2020 GetStall - All Rights Reserved",
                                "align": "center",
                                "title_color": "#666666",
                                "typography_typography": "custom",
                                "typography_font_family": "Poppins",
                                "typography_font_size": {
                                    "unit": "px",
                                    "size": "14",
                                    "sizes": []
                                },
                                "typography_font_weight": "400"
                            },
                            "elements": [],
                            "isInner": false,
                            "widgetType": "heading",
                            "elType": "widget"
                        }
                    ],
                    "isInner": "",
                    "elType": "column"
                }
            ],
            "isInner": "",
            "elType": "section"
        }
    ]
}