{
    "version": "0.4",
    "title": "Getstall &#8211; Testimony Section",
    "type": "section",
    "metadata": {
        "template_type": "section-testimonial",
        "include_in_zip": "1",
        "elementor_pro_required": "1",
        "wp_page_template": "elementor_header_footer"
    },
    "content": [
        {
            "id": "56f39dc9",
            "settings": {
                "content_width": {
                    "unit": "px",
                    "size": "1180",
                    "sizes": []
                }
            },
            "elements": [
                {
                    "id": "72bebefb",
                    "settings": {
                        "_column_size": "100"
                    },
                    "elements": [
                        {
                            "id": "5f637339",
                            "settings": {
                                "layout": "full_width",
                                "gap": "extended",
                                "structure": "20"
                            },
                            "elements": [
                                {
                                    "id": "2b1478f3",
                                    "settings": {
                                        "_column_size": "50",
                                        "_inline_size_tablet": "100"
                                    },
                                    "elements": [
                                        {
                                            "id": "3bdb25a4",
                                            "settings": {
                                                "slides": [
                                                    {
                                                        "content": "Having a Dream House of your own is everyone\u2019s ultimate goal and we are no exception to it. Luckyly, we stumbled upon Roomah and reached out to them, man the guys were amazingly helpful!",
                                                        "name": "John Doe",
                                                        "title": "CEO",
                                                        "image": {
                                                            "id": "481",
                                                            "url": "https:\/\/templatekits.themewarrior.com\/getstall\/wp-content\/uploads\/sites\/5\/2020\/07\/person-4.jpg"
                                                        },
                                                        "_id": "0bf1173"
                                                    }
                                                ],
                                                "layout": "image_stacked",
                                                "width": {
                                                    "unit": "%",
                                                    "size": "100",
                                                    "sizes": []
                                                },
                                                "slide_border_radius": {
                                                    "unit": "px",
                                                    "size": "0",
                                                    "sizes": []
                                                },
                                                "content_color": "#666666",
                                                "content_typography_typography": "custom",
                                                "content_typography_font_family": "Poppins",
                                                "content_typography_font_size": {
                                                    "unit": "px",
                                                    "size": "18",
                                                    "sizes": []
                                                },
                                                "content_typography_font_size_mobile": {
                                                    "unit": "px",
                                                    "size": "13",
                                                    "sizes": []
                                                },
                                                "content_typography_font_style": "normal",
                                                "content_typography_line_height": {
                                                    "unit": "px",
                                                    "size": "30",
                                                    "sizes": []
                                                },
                                                "content_typography_line_height_mobile": {
                                                    "unit": "px",
                                                    "size": "24",
                                                    "sizes": []
                                                },
                                                "name_color": "#1B1D33",
                                                "name_typography_typography": "custom",
                                                "name_typography_font_family": "Poppins",
                                                "name_typography_font_size": {
                                                    "unit": "px",
                                                    "size": "16",
                                                    "sizes": []
                                                },
                                                "name_typography_font_weight": "600",
                                                "name_typography_font_style": "normal",
                                                "title_color": "#60AD56",
                                                "title_typography_typography": "custom",
                                                "title_typography_font_family": "Poppins",
                                                "title_typography_font_size": {
                                                    "unit": "px",
                                                    "size": "14",
                                                    "sizes": []
                                                },
                                                "title_typography_font_weight": "500",
                                                "title_typography_font_style": "normal",
                                                "image_size": {
                                                    "unit": "px",
                                                    "size": "96",
                                                    "sizes": []
                                                },
                                                "image_border_radius": {
                                                    "unit": "px",
                                                    "size": "100",
                                                    "sizes": []
                                                },
                                                "arrows_color": "#1B1D33",
                                                "slide_padding": {
                                                    "unit": "px",
                                                    "top": "0",
                                                    "right": "0",
                                                    "bottom": "0",
                                                    "left": "0",
                                                    "isLinked": "1"
                                                },
                                                "_margin_mobile": {
                                                    "unit": "px",
                                                    "top": "0",
                                                    "right": "0",
                                                    "bottom": "0",
                                                    "left": "0",
                                                    "isLinked": "1"
                                                },
                                                "_padding_mobile": {
                                                    "unit": "px",
                                                    "top": "0",
                                                    "right": "0",
                                                    "bottom": "0",
                                                    "left": "0",
                                                    "isLinked": "1"
                                                },
                                                "alignment": "left",
                                                "width_tablet": {
                                                    "unit": "%",
                                                    "size": "100",
                                                    "sizes": []
                                                },
                                                "content_gap_mobile": {
                                                    "unit": "px",
                                                    "size": "11",
                                                    "sizes": []
                                                },
                                                "image_size_mobile": {
                                                    "unit": "px",
                                                    "size": "60",
                                                    "sizes": []
                                                }
                                            },
                                            "elements": [],
                                            "isInner": false,
                                            "widgetType": "testimonial-carousel",
                                            "elType": "widget"
                                        }
                                    ],
                                    "isInner": "1",
                                    "elType": "column"
                                },
                                {
                                    "id": "e85a71e",
                                    "settings": {
                                        "_column_size": "50",
                                        "_inline_size_tablet": "100"
                                    },
                                    "elements": [
                                        {
                                            "id": "7e5bf0e2",
                                            "settings": {
                                                "slides": [
                                                    {
                                                        "content": "Lorem ipsum dolor sit amet, consectetur adipiscing elit. Ut elit tellus, luctus nec ullamcorper mattis, pulvinar dapibus leo.",
                                                        "name": "John Doe",
                                                        "title": "CEO",
                                                        "image": {
                                                            "id": "483",
                                                            "url": "https:\/\/templatekits.themewarrior.com\/getstall\/wp-content\/uploads\/sites\/5\/2020\/07\/person-2.jpg"
                                                        },
                                                        "_id": "c352386"
                                                    }
                                                ],
                                                "layout": "image_stacked",
                                                "width": {
                                                    "unit": "%",
                                                    "size": "100",
                                                    "sizes": []
                                                },
                                                "slide_border_radius": {
                                                    "unit": "px",
                                                    "size": "0",
                                                    "sizes": []
                                                },
                                                "content_color": "#666666",
                                                "content_typography_typography": "custom",
                                                "content_typography_font_family": "Poppins",
                                                "content_typography_font_size": {
                                                    "unit": "px",
                                                    "size": "18",
                                                    "sizes": []
                                                },
                                                "content_typography_font_size_mobile": {
                                                    "unit": "px",
                                                    "size": "13",
                                                    "sizes": []
                                                },
                                                "content_typography_font_style": "normal",
                                                "content_typography_line_height": {
                                                    "unit": "px",
                                                    "size": "30",
                                                    "sizes": []
                                                },
                                                "content_typography_line_height_mobile": {
                                                    "unit": "px",
                                                    "size": "24",
                                                    "sizes": []
                                                },
                                                "name_color": "#1B1D33",
                                                "name_typography_typography": "custom",
                                                "name_typography_font_family": "Poppins",
                                                "name_typography_font_size": {
                                                    "unit": "px",
                                                    "size": "16",
                                                    "sizes": []
                                                },
                                                "name_typography_font_weight": "600",
                                                "name_typography_font_style": "normal",
                                                "title_color": "#60AD56",
                                                "title_typography_typography": "custom",
                                                "title_typography_font_family": "Poppins",
                                                "title_typography_font_size": {
                                                    "unit": "px",
                                                    "size": "14",
                                                    "sizes": []
                                                },
                                                "title_typography_font_weight": "500",
                                                "title_typography_font_style": "normal",
                                                "image_size": {
                                                    "unit": "px",
                                                    "size": "96",
                                                    "sizes": []
                                                },
                                                "image_border_radius": {
                                                    "unit": "px",
                                                    "size": "100",
                                                    "sizes": []
                                                },
                                                "arrows_color": "#1B1D33",
                                                "slide_padding": {
                                                    "unit": "px",
                                                    "top": "0",
                                                    "right": "0",
                                                    "bottom": "0",
                                                    "left": "0",
                                                    "isLinked": "1"
                                                },
                                                "_margin_mobile": {
                                                    "unit": "px",
                                                    "top": "0",
                                                    "right": "0",
                                                    "bottom": "0",
                                                    "left": "0",
                                                    "isLinked": "1"
                                                },
                                                "_padding_mobile": {
                                                    "unit": "px",
                                                    "top": "0",
                                                    "right": "0",
                                                    "bottom": "0",
                                                    "left": "0",
                                                    "isLinked": "1"
                                                },
                                                "alignment": "left",
                                                "width_tablet": {
                                                    "unit": "%",
                                                    "size": "100",
                                                    "sizes": []
                                                },
                                                "content_gap_mobile": {
                                                    "unit": "px",
                                                    "size": "11",
                                                    "sizes": []
                                                },
                                                "image_size_mobile": {
                                                    "unit": "px",
                                                    "size": "60",
                                                    "sizes": []
                                                }
                                            },
                                            "elements": [],
                                            "isInner": false,
                                            "widgetType": "testimonial-carousel",
                                            "elType": "widget"
                                        }
                                    ],
                                    "isInner": "1",
                                    "elType": "column"
                                }
                            ],
                            "isInner": "1",
                            "elType": "section"
                        },
                        {
                            "id": "4dcb89f2",
                            "settings": {
                                "layout": "full_width",
                                "gap": "extended",
                                "structure": "20"
                            },
                            "elements": [
                                {
                                    "id": "2aaa1698",
                                    "settings": {
                                        "_column_size": "50",
                                        "_inline_size_tablet": "100"
                                    },
                                    "elements": [
                                        {
                                            "id": "33632326",
                                            "settings": {
                                                "slides": [
                                                    {
                                                        "content": "Lorem ipsum dolor sit amet, consectetur adipiscing elit. Ut elit tellus, luctus nec ullamcorper mattis, pulvinar dapibus leo.",
                                                        "name": "John Doe",
                                                        "title": "CEO",
                                                        "image": {
                                                            "id": "482",
                                                            "url": "https:\/\/templatekits.themewarrior.com\/getstall\/wp-content\/uploads\/sites\/5\/2020\/07\/person-1.jpg"
                                                        },
                                                        "_id": "f8c9c38"
                                                    }
                                                ],
                                                "layout": "image_stacked",
                                                "width": {
                                                    "unit": "%",
                                                    "size": "100",
                                                    "sizes": []
                                                },
                                                "slide_border_radius": {
                                                    "unit": "px",
                                                    "size": "0",
                                                    "sizes": []
                                                },
                                                "content_color": "#666666",
                                                "content_typography_typography": "custom",
                                                "content_typography_font_family": "Poppins",
                                                "content_typography_font_size": {
                                                    "unit": "px",
                                                    "size": "18",
                                                    "sizes": []
                                                },
                                                "content_typography_font_size_mobile": {
                                                    "unit": "px",
                                                    "size": "13",
                                                    "sizes": []
                                                },
                                                "content_typography_font_style": "normal",
                                                "content_typography_line_height": {
                                                    "unit": "px",
                                                    "size": "30",
                                                    "sizes": []
                                                },
                                                "content_typography_line_height_mobile": {
                                                    "unit": "px",
                                                    "size": "24",
                                                    "sizes": []
                                                },
                                                "name_color": "#1B1D33",
                                                "name_typography_typography": "custom",
                                                "name_typography_font_family": "Poppins",
                                                "name_typography_font_size": {
                                                    "unit": "px",
                                                    "size": "16",
                                                    "sizes": []
                                                },
                                                "name_typography_font_weight": "600",
                                                "name_typography_font_style": "normal",
                                                "title_color": "#60AD56",
                                                "title_typography_typography": "custom",
                                                "title_typography_font_family": "Poppins",
                                                "title_typography_font_size": {
                                                    "unit": "px",
                                                    "size": "14",
                                                    "sizes": []
                                                },
                                                "title_typography_font_weight": "500",
                                                "title_typography_font_style": "normal",
                                                "image_size": {
                                                    "unit": "px",
                                                    "size": "96",
                                                    "sizes": []
                                                },
                                                "image_border_radius": {
                                                    "unit": "px",
                                                    "size": "100",
                                                    "sizes": []
                                                },
                                                "arrows_color": "#1B1D33",
                                                "slide_padding": {
                                                    "unit": "px",
                                                    "top": "0",
                                                    "right": "0",
                                                    "bottom": "0",
                                                    "left": "0",
                                                    "isLinked": "1"
                                                },
                                                "_margin_mobile": {
                                                    "unit": "px",
                                                    "top": "0",
                                                    "right": "0",
                                                    "bottom": "0",
                                                    "left": "0",
                                                    "isLinked": "1"
                                                },
                                                "_padding_mobile": {
                                                    "unit": "px",
                                                    "top": "0",
                                                    "right": "0",
                                                    "bottom": "0",
                                                    "left": "0",
                                                    "isLinked": "1"
                                                },
                                                "alignment": "left",
                                                "width_tablet": {
                                                    "unit": "%",
                                                    "size": "100",
                                                    "sizes": []
                                                },
                                                "content_gap_mobile": {
                                                    "unit": "px",
                                                    "size": "11",
                                                    "sizes": []
                                                },
                                                "image_size_mobile": {
                                                    "unit": "px",
                                                    "size": "60",
                                                    "sizes": []
                                                }
                                            },
                                            "elements": [],
                                            "isInner": false,
                                            "widgetType": "testimonial-carousel",
                                            "elType": "widget"
                                        }
                                    ],
                                    "isInner": "1",
                                    "elType": "column"
                                },
                                {
                                    "id": "6c87c3f1",
                                    "settings": {
                                        "_column_size": "50",
                                        "_inline_size_tablet": "100"
                                    },
                                    "elements": [
                                        {
                                            "id": "5a1eae3f",
                                            "settings": {
                                                "slides": [
                                                    {
                                                        "content": "Having a Dream House of your own is everyone\u2019s ultimate goal and we are no exception to it. Luckyly, we stumbled upon Roomah and reached out to them, man the guys were amazingly helpful!",
                                                        "name": "John Doe",
                                                        "title": "CEO",
                                                        "image": {
                                                            "id": "484",
                                                            "url": "https:\/\/templatekits.themewarrior.com\/getstall\/wp-content\/uploads\/sites\/5\/2020\/07\/person-3.jpg"
                                                        },
                                                        "_id": "0bf1173"
                                                    }
                                                ],
                                                "layout": "image_stacked",
                                                "width": {
                                                    "unit": "%",
                                                    "size": "100",
                                                    "sizes": []
                                                },
                                                "slide_border_radius": {
                                                    "unit": "px",
                                                    "size": "0",
                                                    "sizes": []
                                                },
                                                "content_color": "#666666",
                                                "content_typography_typography": "custom",
                                                "content_typography_font_family": "Poppins",
                                                "content_typography_font_size": {
                                                    "unit": "px",
                                                    "size": "18",
                                                    "sizes": []
                                                },
                                                "content_typography_font_size_mobile": {
                                                    "unit": "px",
                                                    "size": "13",
                                                    "sizes": []
                                                },
                                                "content_typography_font_style": "normal",
                                                "content_typography_line_height": {
                                                    "unit": "px",
                                                    "size": "30",
                                                    "sizes": []
                                                },
                                                "content_typography_line_height_mobile": {
                                                    "unit": "px",
                                                    "size": "24",
                                                    "sizes": []
                                                },
                                                "name_color": "#1B1D33",
                                                "name_typography_typography": "custom",
                                                "name_typography_font_family": "Poppins",
                                                "name_typography_font_size": {
                                                    "unit": "px",
                                                    "size": "16",
                                                    "sizes": []
                                                },
                                                "name_typography_font_weight": "600",
                                                "name_typography_font_style": "normal",
                                                "title_color": "#60AD56",
                                                "title_typography_typography": "custom",
                                                "title_typography_font_family": "Poppins",
                                                "title_typography_font_size": {
                                                    "unit": "px",
                                                    "size": "14",
                                                    "sizes": []
                                                },
                                                "title_typography_font_weight": "500",
                                                "title_typography_font_style": "normal",
                                                "image_size": {
                                                    "unit": "px",
                                                    "size": "96",
                                                    "sizes": []
                                                },
                                                "image_border_radius": {
                                                    "unit": "px",
                                                    "size": "100",
                                                    "sizes": []
                                                },
                                                "arrows_color": "#1B1D33",
                                                "slide_padding": {
                                                    "unit": "px",
                                                    "top": "0",
                                                    "right": "0",
                                                    "bottom": "0",
                                                    "left": "0",
                                                    "isLinked": "1"
                                                },
                                                "_margin_mobile": {
                                                    "unit": "px",
                                                    "top": "0",
                                                    "right": "0",
                                                    "bottom": "0",
                                                    "left": "0",
                                                    "isLinked": "1"
                                                },
                                                "_padding_mobile": {
                                                    "unit": "px",
                                                    "top": "0",
                                                    "right": "0",
                                                    "bottom": "0",
                                                    "left": "0",
                                                    "isLinked": "1"
                                                },
                                                "alignment": "left",
                                                "width_tablet": {
                                                    "unit": "%",
                                                    "size": "100",
                                                    "sizes": []
                                                },
                                                "content_gap_mobile": {
                                                    "unit": "px",
                                                    "size": "11",
                                                    "sizes": []
                                                },
                                                "image_size_mobile": {
                                                    "unit": "px",
                                                    "size": "60",
                                                    "sizes": []
                                                }
                                            },
                                            "elements": [],
                                            "isInner": false,
                                            "widgetType": "testimonial-carousel",
                                            "elType": "widget"
                                        }
                                    ],
                                    "isInner": "1",
                                    "elType": "column"
                                }
                            ],
                            "isInner": "1",
                            "elType": "section"
                        }
                    ],
                    "isInner": "",
                    "elType": "column"
                }
            ],
            "isInner": "",
            "elType": "section"
        }
    ]
}