{
    "version": "0.4",
    "title": "Getstall &#8211; Shop Archive",
    "type": "product-archive",
    "metadata": {
        "template_type": "archive-product",
        "include_in_zip": "1",
        "elementor_pro_required": "1",
        "elementor_library_type": "product-archive",
        "elementor_pro_conditions": [
            "include\/product_archive"
        ],
        "additional_template_information": [
            "This is a \"Product Archive\" template for Elementor Pro.",
            "This template will display on: All Product Archives."
        ],
        "wp_page_template": "default"
    },
    "content": [
        {
            "id": "65179f77",
            "settings": {
                "content_width": {
                    "unit": "px",
                    "size": "1180",
                    "sizes": []
                },
                "margin": {
                    "unit": "px",
                    "top": "30",
                    "right": "0",
                    "bottom": "30",
                    "left": "0",
                    "isLinked": "1"
                }
            },
            "elements": [
                {
                    "id": "7fe4abf0",
                    "settings": {
                        "_column_size": "100",
                        "space_between_widgets": "0",
                        "align": "center"
                    },
                    "elements": [
                        {
                            "id": "3885c024",
                            "settings": {
                                "layout": "full_width",
                                "gap": "no"
                            },
                            "elements": [
                                {
                                    "id": "509157e6",
                                    "settings": {
                                        "_column_size": "100"
                                    },
                                    "elements": [
                                        {
                                            "id": "3fbe80f4",
                                            "settings": {
                                                "title": "Homepage",
                                                "link": {
                                                    "url": "\/getstall-homepage\/",
                                                    "is_external": "",
                                                    "nofollow": "",
                                                    "custom_attributes": ""
                                                },
                                                "title_color": "#60AD56",
                                                "typography_typography": "custom",
                                                "typography_font_family": "Poppins",
                                                "typography_font_size": {
                                                    "unit": "px",
                                                    "size": "13",
                                                    "sizes": []
                                                },
                                                "typography_font_weight": "500",
                                                "_element_width": "auto",
                                                "_element_vertical_align": "center",
                                                "__dynamic__": {
                                                    "link": "[elementor-tag id=\"73ffe1f\" name=\"site-url\" settings=\"%7B%7D\"]"
                                                }
                                            },
                                            "elements": [],
                                            "isInner": false,
                                            "widgetType": "heading",
                                            "elType": "widget"
                                        },
                                        {
                                            "id": "33b712ee",
                                            "settings": {
                                                "selected_icon": {
                                                    "value": "fas fa-angle-right",
                                                    "library": "fa-solid"
                                                },
                                                "primary_color": "#60AD56",
                                                "size": {
                                                    "unit": "px",
                                                    "size": "12",
                                                    "sizes": []
                                                },
                                                "_margin": {
                                                    "unit": "px",
                                                    "top": "0",
                                                    "right": "10",
                                                    "bottom": "0",
                                                    "left": "10",
                                                    "isLinked": ""
                                                },
                                                "_element_width": "auto"
                                            },
                                            "elements": [],
                                            "isInner": false,
                                            "widgetType": "icon",
                                            "elType": "widget"
                                        },
                                        {
                                            "id": "450dd535",
                                            "settings": {
                                                "title": "Homepage",
                                                "link": {
                                                    "url": "\/getstall-homepage\/",
                                                    "is_external": "",
                                                    "nofollow": "",
                                                    "custom_attributes": ""
                                                },
                                                "title_color": "#60AD56",
                                                "typography_typography": "custom",
                                                "typography_font_family": "Poppins",
                                                "typography_font_size": {
                                                    "unit": "px",
                                                    "size": "13",
                                                    "sizes": []
                                                },
                                                "typography_font_weight": "500",
                                                "_element_width": "auto",
                                                "_element_vertical_align": "center",
                                                "__dynamic__": {
                                                    "title": "[elementor-tag id=\"92f035e\" name=\"post-title\" settings=\"%7B%7D\"]"
                                                }
                                            },
                                            "elements": [],
                                            "isInner": false,
                                            "widgetType": "heading",
                                            "elType": "widget"
                                        }
                                    ],
                                    "isInner": "1",
                                    "elType": "column"
                                }
                            ],
                            "isInner": "1",
                            "elType": "section"
                        },
                        {
                            "id": "56db8573",
                            "settings": {
                                "title": "Shop",
                                "title_color": "#000000",
                                "typography_typography": "custom",
                                "typography_font_family": "Poppins",
                                "typography_font_size": {
                                    "unit": "px",
                                    "size": "46",
                                    "sizes": []
                                },
                                "typography_font_size_mobile": {
                                    "unit": "px",
                                    "size": "24",
                                    "sizes": []
                                },
                                "typography_font_weight": "700",
                                "typography_line_height": {
                                    "unit": "px",
                                    "size": "56",
                                    "sizes": []
                                },
                                "align": "left",
                                "typography_font_size_tablet": {
                                    "unit": "px",
                                    "size": "38",
                                    "sizes": []
                                },
                                "__dynamic__": {
                                    "title": "[elementor-tag id=\"4f63c93\" name=\"archive-title\" settings=\"%7B%7D\"]"
                                }
                            },
                            "elements": [],
                            "isInner": false,
                            "widgetType": "heading",
                            "elType": "widget"
                        }
                    ],
                    "isInner": "",
                    "elType": "column"
                }
            ],
            "isInner": "",
            "elType": "section"
        },
        {
            "id": "4358395b",
            "settings": {
                "content_width": {
                    "unit": "px",
                    "size": "1180",
                    "sizes": []
                }
            },
            "elements": [
                {
                    "id": "7c0542b4",
                    "settings": {
                        "_column_size": "100"
                    },
                    "elements": [
                        {
                            "id": "b8d0fb4",
                            "settings": {
                                "columns_tablet": "4",
                                "columns_mobile": "2",
                                "column_gap": {
                                    "unit": "px",
                                    "size": "0",
                                    "sizes": []
                                },
                                "column_gap_tablet": {
                                    "unit": "px",
                                    "size": "0",
                                    "sizes": []
                                },
                                "column_gap_mobile": {
                                    "unit": "px",
                                    "size": "0",
                                    "sizes": []
                                },
                                "row_gap": {
                                    "unit": "px",
                                    "size": "0",
                                    "sizes": []
                                },
                                "row_gap_tablet": {
                                    "unit": "px",
                                    "size": "0",
                                    "sizes": []
                                },
                                "row_gap_mobile": {
                                    "unit": "px",
                                    "size": "0",
                                    "sizes": []
                                },
                                "align": "center",
                                "image_spacing": {
                                    "unit": "px",
                                    "size": "10",
                                    "sizes": []
                                },
                                "title_color": "#000000",
                                "title_typography_typography": "custom",
                                "title_typography_font_family": "Poppins",
                                "title_typography_font_size": {
                                    "unit": "px",
                                    "size": "14",
                                    "sizes": []
                                },
                                "title_typography_font_weight": "600",
                                "title_spacing": {
                                    "unit": "px",
                                    "size": "1",
                                    "sizes": []
                                },
                                "price_color": "#60AD56",
                                "price_typography_typography": "custom",
                                "price_typography_font_family": "Poppins",
                                "price_typography_font_size": {
                                    "unit": "px",
                                    "size": "18",
                                    "sizes": []
                                },
                                "price_typography_font_weight": "600",
                                "price_typography_text_decoration": "none",
                                "old_price_color": "#666666",
                                "old_price_typography_typography": "custom",
                                "old_price_typography_font_family": "Poppins",
                                "old_price_typography_font_size": {
                                    "unit": "px",
                                    "size": "16",
                                    "sizes": []
                                },
                                "old_price_typography_font_weight": "400",
                                "button_text_color": "#FFFFFF",
                                "button_background_color": "#60AD56",
                                "button_typography_typography": "custom",
                                "button_typography_font_family": "Poppins",
                                "button_typography_font_size": {
                                    "unit": "px",
                                    "size": "13",
                                    "sizes": []
                                },
                                "button_typography_font_weight": "600",
                                "button_typography_line_height": {
                                    "unit": "px",
                                    "size": "20",
                                    "sizes": []
                                },
                                "view_cart_color": "#60AD56",
                                "view_cart_typography_typography": "custom",
                                "view_cart_typography_font_family": "Poppins",
                                "view_cart_typography_font_size": {
                                    "unit": "px",
                                    "size": "14",
                                    "sizes": []
                                },
                                "box_border_width": {
                                    "unit": "px",
                                    "top": ".5",
                                    "right": ".5",
                                    "bottom": ".5",
                                    "left": ".5",
                                    "isLinked": "1"
                                },
                                "box_padding": {
                                    "unit": "px",
                                    "top": "15",
                                    "right": "15",
                                    "bottom": "15",
                                    "left": "15",
                                    "isLinked": "1"
                                },
                                "box_border_color": "#EBEBEB",
                                "onsale_text_color": "#FFFFFF",
                                "onsale_text_background_color": "#60AD56",
                                "onsale_border_radius": {
                                    "unit": "px",
                                    "size": "0",
                                    "sizes": []
                                },
                                "onsale_height": {
                                    "unit": "px",
                                    "size": "20",
                                    "sizes": []
                                },
                                "onsale_horizontal_position": "right",
                                "onsale_distance": {
                                    "unit": "px",
                                    "size": "2",
                                    "sizes": []
                                },
                                "_border_border": "solid",
                                "_border_width": {
                                    "unit": "px",
                                    "top": "0",
                                    "right": "0",
                                    "bottom": "0",
                                    "left": "0",
                                    "isLinked": "1"
                                },
                                "_border_width_mobile": {
                                    "unit": "px",
                                    "top": "0",
                                    "right": "0",
                                    "bottom": "1",
                                    "left": "1",
                                    "isLinked": ""
                                },
                                "_border_color": "#EBEBEB",
                                "paginate": "yes",
                                "allow_order": "yes",
                                "show_result_count": "yes",
                                "pagination_border_color": "#EBEBEB",
                                "pagination_padding": {
                                    "unit": "px",
                                    "size": "10",
                                    "sizes": []
                                },
                                "pagination_typography_typography": "custom",
                                "pagination_typography_font_family": "Poppins",
                                "pagination_typography_font_size": {
                                    "unit": "px",
                                    "size": "12",
                                    "sizes": []
                                },
                                "pagination_typography_font_weight": "700",
                                "pagination_link_color": "#000000",
                                "pagination_link_color_active": "#FFFFFF",
                                "pagination_link_bg_color_active": "#60AD56",
                                "onsale_typography_typography": "custom",
                                "onsale_typography_font_family": "Poppins",
                                "onsale_typography_font_size": {
                                    "unit": "px",
                                    "size": "11",
                                    "sizes": []
                                },
                                "onsale_typography_text_transform": "uppercase",
                                "onsale_typography_letter_spacing": {
                                    "unit": "px",
                                    "size": "2",
                                    "sizes": []
                                },
                                "onsale_width": {
                                    "unit": "px",
                                    "size": "62",
                                    "sizes": []
                                }
                            },
                            "elements": [],
                            "isInner": false,
                            "widgetType": "woocommerce-products",
                            "elType": "widget"
                        }
                    ],
                    "isInner": "",
                    "elType": "column"
                }
            ],
            "isInner": "",
            "elType": "section"
        }
    ]
}