{
    "version": "0.4",
    "title": "Getstall &#8211; Blog Archive",
    "type": "archive",
    "metadata": {
        "template_type": "archive-blog",
        "include_in_zip": "1",
        "elementor_pro_required": "1",
        "elementor_library_type": "archive",
        "elementor_pro_conditions": [
            "include\/archive\/post_archive"
        ],
        "additional_template_information": [
            "This is a \"Archive\" template for Elementor Pro.",
            "This template will display on: Posts Archive."
        ],
        "wp_page_template": "default"
    },
    "content": [
        {
            "id": "1ccfd934",
            "settings": {
                "content_width": {
                    "unit": "px",
                    "size": "940",
                    "sizes": []
                },
                "margin": {
                    "unit": "px",
                    "top": "0",
                    "right": "0",
                    "bottom": "50",
                    "left": "0",
                    "isLinked": ""
                },
                "background_background": "classic",
                "background_color": "#60AD56",
                "padding": {
                    "unit": "px",
                    "top": "60",
                    "right": "0",
                    "bottom": "60",
                    "left": "0",
                    "isLinked": ""
                }
            },
            "elements": [
                {
                    "id": "e125ee",
                    "settings": {
                        "_column_size": "100",
                        "space_between_widgets": "0",
                        "align": "center"
                    },
                    "elements": [
                        {
                            "id": "3d5100a6",
                            "settings": {
                                "layout": "full_width",
                                "gap": "no"
                            },
                            "elements": [
                                {
                                    "id": "581d96fd",
                                    "settings": {
                                        "_column_size": "100",
                                        "align": "center"
                                    },
                                    "elements": [
                                        {
                                            "id": "324798f0",
                                            "settings": {
                                                "title": "Homepage",
                                                "link": {
                                                    "url": "\/getstall-homepage\/",
                                                    "is_external": "",
                                                    "nofollow": "",
                                                    "custom_attributes": ""
                                                },
                                                "title_color": "#FFFFFF",
                                                "typography_typography": "custom",
                                                "typography_font_family": "Poppins",
                                                "typography_font_size": {
                                                    "unit": "px",
                                                    "size": "13",
                                                    "sizes": []
                                                },
                                                "typography_font_weight": "500",
                                                "_element_width": "auto",
                                                "_element_vertical_align": "center",
                                                "__dynamic__": {
                                                    "link": "[elementor-tag id=\"73ffe1f\" name=\"site-url\" settings=\"%7B%7D\"]"
                                                }
                                            },
                                            "elements": [],
                                            "isInner": false,
                                            "widgetType": "heading",
                                            "elType": "widget"
                                        },
                                        {
                                            "id": "55eb8a49",
                                            "settings": {
                                                "selected_icon": {
                                                    "value": "fas fa-angle-right",
                                                    "library": "fa-solid"
                                                },
                                                "primary_color": "#FFFFFF",
                                                "size": {
                                                    "unit": "px",
                                                    "size": "12",
                                                    "sizes": []
                                                },
                                                "_margin": {
                                                    "unit": "px",
                                                    "top": "0",
                                                    "right": "10",
                                                    "bottom": "0",
                                                    "left": "10",
                                                    "isLinked": ""
                                                },
                                                "_element_width": "auto",
                                                "hover_primary_color": "rgba(255, 255, 255, 0.43)"
                                            },
                                            "elements": [],
                                            "isInner": false,
                                            "widgetType": "icon",
                                            "elType": "widget"
                                        },
                                        {
                                            "id": "43d2ab00",
                                            "settings": {
                                                "title": "Page",
                                                "title_color": "#FFFFFF",
                                                "typography_typography": "custom",
                                                "typography_font_family": "Poppins",
                                                "typography_font_size": {
                                                    "unit": "px",
                                                    "size": "13",
                                                    "sizes": []
                                                },
                                                "typography_font_weight": "500",
                                                "_element_width": "auto",
                                                "_element_vertical_align": "center",
                                                "__dynamic__": {
                                                    "title": "[elementor-tag id=\"7fc2aed\" name=\"archive-title\" settings=\"%7B%7D\"]"
                                                }
                                            },
                                            "elements": [],
                                            "isInner": false,
                                            "widgetType": "heading",
                                            "elType": "widget"
                                        }
                                    ],
                                    "isInner": "1",
                                    "elType": "column"
                                }
                            ],
                            "isInner": "1",
                            "elType": "section"
                        },
                        {
                            "id": "299c5063",
                            "settings": {
                                "__dynamic__": {
                                    "title": "[elementor-tag id=\"\" name=\"archive-title\" settings=\"%7B%22include_context%22%3A%22yes%22%2C%22before%22%3A%22%22%2C%22after%22%3A%22%22%2C%22fallback%22%3A%22%22%7D\"]"
                                },
                                "title": "Add Your Heading Text Here",
                                "align": "center",
                                "title_color": "#FFFFFF",
                                "typography_typography": "custom",
                                "typography_font_family": "Poppins",
                                "typography_font_size": {
                                    "unit": "px",
                                    "size": "46",
                                    "sizes": []
                                },
                                "typography_font_size_tablet": {
                                    "unit": "px",
                                    "size": "38",
                                    "sizes": []
                                },
                                "typography_font_size_mobile": {
                                    "unit": "px",
                                    "size": "24",
                                    "sizes": []
                                },
                                "typography_font_weight": "700",
                                "typography_line_height": {
                                    "unit": "px",
                                    "size": "56",
                                    "sizes": []
                                }
                            },
                            "elements": [],
                            "isInner": false,
                            "widgetType": "theme-archive-title",
                            "elType": "widget"
                        }
                    ],
                    "isInner": "",
                    "elType": "column"
                }
            ],
            "isInner": "",
            "elType": "section"
        },
        {
            "id": "64f93704",
            "settings": {
                "content_width": {
                    "unit": "px",
                    "size": "940",
                    "sizes": []
                },
                "padding_tablet": {
                    "unit": "px",
                    "top": "0",
                    "right": "15",
                    "bottom": "0",
                    "left": "15",
                    "isLinked": ""
                }
            },
            "elements": [
                {
                    "id": "2fd8c37a",
                    "settings": {
                        "_column_size": "100"
                    },
                    "elements": [
                        {
                            "id": "4a6bbd2d",
                            "settings": {
                                "archive_classic_columns": "1",
                                "archive_classic_thumbnail_size_size": "medium_large",
                                "archive_classic_excerpt_length": "45",
                                "archive_classic_meta_data": [
                                    "author",
                                    "date",
                                    "comments"
                                ],
                                "archive_classic_meta_separator": " - ",
                                "archive_classic_show_read_more": "",
                                "archive_classic_read_more_text": "Read More \u00bb",
                                "archive_cards_meta_separator": "\u2022",
                                "archive_cards_read_more_text": "Read More \u00bb",
                                "archive_full_content_meta_separator": "\/\/\/",
                                "archive_classic_row_gap": {
                                    "unit": "px",
                                    "size": "60",
                                    "sizes": []
                                },
                                "archive_classic_image_spacing": {
                                    "unit": "px",
                                    "size": "30",
                                    "sizes": []
                                },
                                "archive_classic_title_color": "#000000",
                                "archive_classic_title_typography_typography": "custom",
                                "archive_classic_title_typography_font_family": "Poppins",
                                "archive_classic_title_typography_font_size": {
                                    "unit": "px",
                                    "size": "32",
                                    "sizes": []
                                },
                                "archive_classic_title_spacing": {
                                    "unit": "px",
                                    "size": "10",
                                    "sizes": []
                                },
                                "archive_classic_meta_color": "#C9C9C9",
                                "archive_classic_meta_typography_typography": "custom",
                                "archive_classic_meta_typography_font_family": "Poppins",
                                "archive_classic_meta_typography_font_size": {
                                    "unit": "px",
                                    "size": "14",
                                    "sizes": []
                                },
                                "archive_classic_meta_spacing": {
                                    "unit": "px",
                                    "size": "30",
                                    "sizes": []
                                },
                                "archive_classic_excerpt_color": "#666666",
                                "archive_classic_excerpt_typography_typography": "custom",
                                "archive_classic_excerpt_typography_font_family": "Poppins",
                                "archive_classic_excerpt_typography_font_size": {
                                    "unit": "px",
                                    "size": "16",
                                    "sizes": []
                                },
                                "pagination_page_limit": "5",
                                "pagination_prev_label": "&laquo; Previous",
                                "pagination_next_label": "Next &raquo;",
                                "pagination_typography_typography": "custom",
                                "pagination_typography_font_family": "Poppins",
                                "pagination_typography_font_size": {
                                    "unit": "px",
                                    "size": "14",
                                    "sizes": []
                                },
                                "pagination_typography_font_weight": "500",
                                "pagination_color": "#666666",
                                "pagination_hover_color": "#60AD56",
                                "pagination_active_color": "#7ECD73",
                                "pagination_spacing": {
                                    "unit": "px",
                                    "size": "15",
                                    "sizes": []
                                },
                                "nothing_found_message": "It seems we can't find what you're looking for.",
                                "archive_classic_columns_tablet": "1",
                                "archive_classic_title_typography_font_size_mobile": {
                                    "unit": "px",
                                    "size": "20",
                                    "sizes": []
                                },
                                "archive_classic_meta_typography_font_size_mobile": {
                                    "unit": "px",
                                    "size": "12",
                                    "sizes": []
                                },
                                "archive_classic_excerpt_typography_font_size_mobile": {
                                    "unit": "px",
                                    "size": "0",
                                    "sizes": []
                                },
                                "archive_classic_excerpt_spacing": {
                                    "unit": "px",
                                    "size": "30",
                                    "sizes": []
                                },
                                "pagination_type": "numbers_and_prev_next",
                                "pagination_numbers_shorten": "yes"
                            },
                            "elements": [],
                            "isInner": false,
                            "widgetType": "archive-posts",
                            "elType": "widget"
                        }
                    ],
                    "isInner": "",
                    "elType": "column"
                }
            ],
            "isInner": "",
            "elType": "section"
        }
    ]
}