{
    "version": "0.4",
    "title": "Getstall &#8211; CTA Section",
    "type": "section",
    "metadata": {
        "template_type": "section-cta",
        "include_in_zip": "1",
        "elementor_pro_required": "1",
        "wp_page_template": "elementor_header_footer"
    },
    "content": [
        {
            "id": "1799ad8e",
            "settings": {
                "content_width": {
                    "unit": "px",
                    "size": "1180",
                    "sizes": []
                },
                "gap": "extended",
                "height": "min-height",
                "custom_height": {
                    "unit": "vh",
                    "size": "40",
                    "sizes": []
                },
                "content_position": "middle",
                "structure": "20",
                "background_background": "gradient",
                "background_color": "#DFE1DF",
                "background_color_b": "#FFFFFF",
                "background_color_b_stop": {
                    "unit": "%",
                    "size": "66",
                    "sizes": []
                },
                "background_gradient_angle": {
                    "unit": "deg",
                    "size": "200",
                    "sizes": []
                },
                "padding": {
                    "unit": "px",
                    "top": "50",
                    "right": "0",
                    "bottom": "150",
                    "left": "0",
                    "isLinked": ""
                },
                "reverse_order_tablet": "reverse-tablet",
                "reverse_order_mobile": "reverse-mobile"
            },
            "elements": [
                {
                    "id": "721d9ed9",
                    "settings": {
                        "_column_size": "50",
                        "_inline_size_tablet": "100"
                    },
                    "elements": [
                        {
                            "id": "42144f85",
                            "settings": {
                                "image": {
                                    "id": "70",
                                    "url": "https:\/\/templatekits.themewarrior.com\/getstall\/wp-content\/uploads\/sites\/5\/2020\/07\/Group-78.png"
                                }
                            },
                            "elements": [],
                            "isInner": false,
                            "widgetType": "image",
                            "elType": "widget"
                        }
                    ],
                    "isInner": "",
                    "elType": "column"
                },
                {
                    "id": "3706ce9c",
                    "settings": {
                        "_column_size": "50",
                        "_inline_size_tablet": "100",
                        "align_tablet": "center"
                    },
                    "elements": [
                        {
                            "id": "661484bf",
                            "settings": {
                                "title": "Healthy life.<br>\nHappy Perfect Life",
                                "align_tablet": "center",
                                "title_color": "#000000",
                                "typography_typography": "custom",
                                "typography_font_family": "Poppins",
                                "typography_font_size": {
                                    "unit": "px",
                                    "size": "46",
                                    "sizes": []
                                },
                                "typography_font_size_tablet": {
                                    "unit": "px",
                                    "size": "36",
                                    "sizes": []
                                },
                                "typography_font_size_mobile": {
                                    "unit": "px",
                                    "size": "24",
                                    "sizes": []
                                },
                                "typography_font_weight": "700",
                                "typography_line_height": {
                                    "unit": "px",
                                    "size": "60",
                                    "sizes": []
                                },
                                "typography_line_height_tablet": {
                                    "unit": "px",
                                    "size": "42",
                                    "sizes": []
                                },
                                "typography_line_height_mobile": {
                                    "unit": "px",
                                    "size": "36",
                                    "sizes": []
                                }
                            },
                            "elements": [],
                            "isInner": false,
                            "widgetType": "heading",
                            "elType": "widget"
                        },
                        {
                            "id": "6e7941a9",
                            "settings": {
                                "title": "From reserved farms around the world",
                                "align_tablet": "center",
                                "title_color": "#666666",
                                "typography_typography": "custom",
                                "typography_font_family": "Poppins",
                                "typography_font_size": {
                                    "unit": "px",
                                    "size": "14",
                                    "sizes": []
                                },
                                "typography_font_weight": "400"
                            },
                            "elements": [],
                            "isInner": false,
                            "widgetType": "heading",
                            "elType": "widget"
                        },
                        {
                            "id": "69e10ed2",
                            "settings": {
                                "text": "Shop Now",
                                "align_tablet": "center",
                                "typography_typography": "custom",
                                "typography_font_family": "Poppins",
                                "typography_font_size": {
                                    "unit": "px",
                                    "size": "14",
                                    "sizes": []
                                },
                                "typography_font_weight": "500",
                                "button_text_color": "#FFFFFF",
                                "background_color": "#60AD56",
                                "button_background_hover_color": "#60AD56"
                            },
                            "elements": [],
                            "isInner": false,
                            "widgetType": "button",
                            "elType": "widget"
                        }
                    ],
                    "isInner": "",
                    "elType": "column"
                }
            ],
            "isInner": "",
            "elType": "section"
        }
    ]
}