{
    "version": "0.4",
    "title": "Getstall &#8211; Partners Section",
    "type": "section",
    "metadata": {
        "template_type": "section-clients",
        "include_in_zip": "1",
        "elementor_pro_required": "1",
        "wp_page_template": "elementor_header_footer"
    },
    "content": [
        {
            "id": "2dc1454c",
            "settings": {
                "content_width": {
                    "unit": "px",
                    "size": "1080",
                    "sizes": []
                },
                "background_color": "#F1F3F1",
                "background_color_b": "#FFFFFF",
                "background_color_b_stop": {
                    "unit": "%",
                    "size": "35",
                    "sizes": []
                },
                "background_gradient_angle": {
                    "unit": "deg",
                    "size": "190",
                    "sizes": []
                },
                "background_overlay_color": "rgba(255, 255, 255, 0)",
                "background_overlay_color_stop": {
                    "unit": "%",
                    "size": "50",
                    "sizes": []
                },
                "background_overlay_color_b": "#FFFFFF",
                "background_overlay_color_b_stop": {
                    "unit": "%",
                    "size": "50",
                    "sizes": []
                },
                "margin": {
                    "unit": "px",
                    "top": "0",
                    "right": "0",
                    "bottom": "0",
                    "left": "0",
                    "isLinked": ""
                }
            },
            "elements": [
                {
                    "id": "438437c5",
                    "settings": {
                        "_column_size": "100"
                    },
                    "elements": [
                        {
                            "id": "669291be",
                            "settings": {
                                "title": "Our Partners",
                                "align": "center",
                                "title_color": "#60AD56",
                                "typography_typography": "custom",
                                "typography_font_family": "Poppins",
                                "typography_font_size": {
                                    "unit": "px",
                                    "size": "14",
                                    "sizes": []
                                },
                                "typography_font_weight": "600",
                                "typography_text_transform": "uppercase",
                                "typography_letter_spacing": {
                                    "unit": "px",
                                    "size": "3.2",
                                    "sizes": []
                                }
                            },
                            "elements": [],
                            "isInner": false,
                            "widgetType": "heading",
                            "elType": "widget"
                        },
                        {
                            "id": "30e14895",
                            "settings": {
                                "content_position": "middle",
                                "structure": "60",
                                "background_background": "classic",
                                "background_color": "#FFFFFF",
                                "box_shadow_box_shadow_type": "yes",
                                "box_shadow_box_shadow": {
                                    "horizontal": "0",
                                    "vertical": "10",
                                    "blur": "23",
                                    "spread": "0",
                                    "color": "rgba(69, 95, 66, 0.08)"
                                },
                                "padding": {
                                    "unit": "px",
                                    "top": "20",
                                    "right": "20",
                                    "bottom": "20",
                                    "left": "20",
                                    "isLinked": "1"
                                },
                                "padding_mobile": {
                                    "unit": "px",
                                    "top": "5",
                                    "right": "5",
                                    "bottom": "5",
                                    "left": "5",
                                    "isLinked": "1"
                                }
                            },
                            "elements": [
                                {
                                    "id": "18141cb4",
                                    "settings": {
                                        "_column_size": "16",
                                        "_inline_size_mobile": "33.333"
                                    },
                                    "elements": [
                                        {
                                            "id": "198f5877",
                                            "settings": {
                                                "image": {
                                                    "id": "176",
                                                    "url": "https:\/\/templatekits.themewarrior.com\/getstall\/wp-content\/uploads\/sites\/5\/2020\/07\/aven.png"
                                                },
                                                "space": {
                                                    "unit": "%",
                                                    "size": "100",
                                                    "sizes": []
                                                }
                                            },
                                            "elements": [],
                                            "isInner": false,
                                            "widgetType": "image",
                                            "elType": "widget"
                                        }
                                    ],
                                    "isInner": "1",
                                    "elType": "column"
                                },
                                {
                                    "id": "8d5468a",
                                    "settings": {
                                        "_column_size": "16",
                                        "_inline_size_mobile": "33.333"
                                    },
                                    "elements": [
                                        {
                                            "id": "44c77eed",
                                            "settings": {
                                                "image": {
                                                    "id": "177",
                                                    "url": "https:\/\/templatekits.themewarrior.com\/getstall\/wp-content\/uploads\/sites\/5\/2020\/07\/fox-hub.png"
                                                },
                                                "space": {
                                                    "unit": "%",
                                                    "size": "100",
                                                    "sizes": []
                                                }
                                            },
                                            "elements": [],
                                            "isInner": false,
                                            "widgetType": "image",
                                            "elType": "widget"
                                        }
                                    ],
                                    "isInner": "1",
                                    "elType": "column"
                                },
                                {
                                    "id": "2d1933a1",
                                    "settings": {
                                        "_column_size": "16",
                                        "_inline_size_mobile": "33.333"
                                    },
                                    "elements": [
                                        {
                                            "id": "6390cc3c",
                                            "settings": {
                                                "image": {
                                                    "id": "178",
                                                    "url": "https:\/\/templatekits.themewarrior.com\/getstall\/wp-content\/uploads\/sites\/5\/2020\/07\/goldline.png"
                                                },
                                                "space": {
                                                    "unit": "%",
                                                    "size": "100",
                                                    "sizes": []
                                                }
                                            },
                                            "elements": [],
                                            "isInner": false,
                                            "widgetType": "image",
                                            "elType": "widget"
                                        }
                                    ],
                                    "isInner": "1",
                                    "elType": "column"
                                },
                                {
                                    "id": "48423504",
                                    "settings": {
                                        "_column_size": "16",
                                        "_inline_size_mobile": "33.333"
                                    },
                                    "elements": [
                                        {
                                            "id": "2e51c041",
                                            "settings": {
                                                "image": {
                                                    "id": "180",
                                                    "url": "https:\/\/templatekits.themewarrior.com\/getstall\/wp-content\/uploads\/sites\/5\/2020\/07\/amara.png"
                                                },
                                                "space": {
                                                    "unit": "%",
                                                    "size": "100",
                                                    "sizes": []
                                                }
                                            },
                                            "elements": [],
                                            "isInner": false,
                                            "widgetType": "image",
                                            "elType": "widget"
                                        }
                                    ],
                                    "isInner": "1",
                                    "elType": "column"
                                },
                                {
                                    "id": "4376c9de",
                                    "settings": {
                                        "_column_size": "16",
                                        "_inline_size_mobile": "33.333"
                                    },
                                    "elements": [
                                        {
                                            "id": "5561ec96",
                                            "settings": {
                                                "image": {
                                                    "id": "180",
                                                    "url": "https:\/\/templatekits.themewarrior.com\/getstall\/wp-content\/uploads\/sites\/5\/2020\/07\/amara.png"
                                                },
                                                "space": {
                                                    "unit": "%",
                                                    "size": "100",
                                                    "sizes": []
                                                }
                                            },
                                            "elements": [],
                                            "isInner": false,
                                            "widgetType": "image",
                                            "elType": "widget"
                                        }
                                    ],
                                    "isInner": "1",
                                    "elType": "column"
                                },
                                {
                                    "id": "a5acac4",
                                    "settings": {
                                        "_column_size": "16",
                                        "_inline_size_mobile": "33.333"
                                    },
                                    "elements": [
                                        {
                                            "id": "77b9a68d",
                                            "settings": {
                                                "image": {
                                                    "id": "181",
                                                    "url": "https:\/\/templatekits.themewarrior.com\/getstall\/wp-content\/uploads\/sites\/5\/2020\/07\/asgardia.png"
                                                },
                                                "space": {
                                                    "unit": "%",
                                                    "size": "100",
                                                    "sizes": []
                                                }
                                            },
                                            "elements": [],
                                            "isInner": false,
                                            "widgetType": "image",
                                            "elType": "widget"
                                        }
                                    ],
                                    "isInner": "1",
                                    "elType": "column"
                                }
                            ],
                            "isInner": "1",
                            "elType": "section"
                        }
                    ],
                    "isInner": "",
                    "elType": "column"
                }
            ],
            "isInner": "",
            "elType": "section"
        }
    ]
}