{
    "version": "0.4",
    "title": "Getstall \u2013 Masthead",
    "type": "header",
    "metadata": {
        "template_type": "section-header",
        "include_in_zip": "1",
        "elementor_pro_required": "1",
        "elementor_library_type": "header",
        "elementor_pro_conditions": [
            "include\/general"
        ],
        "additional_template_information": [
            "This is a \"Header\" template for Elementor Pro.",
            "This template will display on: Entire Site."
        ],
        "wp_page_template": "default"
    },
    "content": [
        {
            "id": "453fd970",
            "settings": {
                "layout": "full_width",
                "gap": "no",
                "background_background": "classic",
                "background_color": "#FFFFFF",
                "box_shadow_box_shadow": {
                    "horizontal": "2",
                    "vertical": "0",
                    "blur": "10",
                    "spread": "0",
                    "color": "rgba(99, 114, 68, 0.34)"
                }
            },
            "elements": [
                {
                    "id": "29741e4c",
                    "settings": {
                        "_column_size": "100"
                    },
                    "elements": [
                        {
                            "id": "36cbcf61",
                            "settings": {
                                "content_width": {
                                    "unit": "px",
                                    "size": "1180",
                                    "sizes": []
                                },
                                "gap": "wide",
                                "background_background": "classic",
                                "background_color": "#000000",
                                "hide_mobile": "hidden-phone"
                            },
                            "elements": [
                                {
                                    "id": "1a45112e",
                                    "settings": {
                                        "_column_size": "100",
                                        "color_link": "#60AD56"
                                    },
                                    "elements": [
                                        {
                                            "id": "343631f9",
                                            "settings": {
                                                "title": "<b>Atention<\/b>! We're having a scheduled maintenance on September, 24 2020. All orders will be processed once the maintenance is done.",
                                                "align": "center",
                                                "title_color": "#FFFFFF",
                                                "typography_typography": "custom",
                                                "typography_font_family": "Poppins",
                                                "typography_font_size": {
                                                    "unit": "px",
                                                    "size": "12",
                                                    "sizes": []
                                                },
                                                "_margin": {
                                                    "unit": "px",
                                                    "top": "0",
                                                    "right": "0",
                                                    "bottom": "0",
                                                    "left": "0",
                                                    "isLinked": "1"
                                                }
                                            },
                                            "elements": [],
                                            "isInner": false,
                                            "widgetType": "heading",
                                            "elType": "widget"
                                        }
                                    ],
                                    "isInner": "1",
                                    "elType": "column"
                                }
                            ],
                            "isInner": "1",
                            "elType": "section"
                        },
                        {
                            "id": "719b0b86",
                            "settings": {
                                "content_width": {
                                    "unit": "px",
                                    "size": "1180",
                                    "sizes": []
                                },
                                "gap": "wide",
                                "content_position": "middle",
                                "structure": "30",
                                "border_border": "solid",
                                "border_width": {
                                    "unit": "px",
                                    "top": "0",
                                    "right": "0",
                                    "bottom": "1",
                                    "left": "0",
                                    "isLinked": ""
                                },
                                "border_color": "#EBEBEB",
                                "margin": {
                                    "unit": "px",
                                    "top": "0",
                                    "right": "0",
                                    "bottom": "0",
                                    "left": "0",
                                    "isLinked": "1"
                                },
                                "padding": {
                                    "unit": "px",
                                    "top": "20",
                                    "right": "0",
                                    "bottom": "20",
                                    "left": "0",
                                    "isLinked": ""
                                },
                                "padding_tablet": {
                                    "unit": "px",
                                    "top": "0",
                                    "right": "0",
                                    "bottom": "0",
                                    "left": "0",
                                    "isLinked": "1"
                                }
                            },
                            "elements": [
                                {
                                    "id": "4c61648",
                                    "settings": {
                                        "_column_size": "33",
                                        "_inline_size": "30",
                                        "_inline_size_mobile": "25",
                                        "content_position_tablet": "center",
                                        "align": "flex-start",
                                        "padding_tablet": {
                                            "unit": "px",
                                            "top": "15",
                                            "right": "15",
                                            "bottom": "15",
                                            "left": "15",
                                            "isLinked": "1"
                                        },
                                        "padding_mobile": {
                                            "unit": "px",
                                            "top": "15",
                                            "right": "0",
                                            "bottom": "0",
                                            "left": "15",
                                            "isLinked": ""
                                        }
                                    },
                                    "elements": [
                                        {
                                            "id": "3189dcf2",
                                            "settings": {
                                                "align_items": "center",
                                                "full_width": "stretch",
                                                "toggle_align": "left",
                                                "menu_typography_typography": "custom",
                                                "menu_typography_font_family": "Poppins",
                                                "menu_typography_font_size": {
                                                    "unit": "px",
                                                    "size": "14",
                                                    "sizes": []
                                                },
                                                "menu_typography_font_weight": "500",
                                                "color_menu_item": "#000000",
                                                "color_menu_item_hover": "#60AD56",
                                                "pointer_color_menu_item_hover": "#60AD56",
                                                "color_menu_item_active": "#666666",
                                                "pointer_color_menu_item_active": "#60AD56",
                                                "padding_horizontal_menu_item": {
                                                    "unit": "px",
                                                    "size": "15",
                                                    "sizes": []
                                                },
                                                "padding_vertical_menu_item": {
                                                    "unit": "px",
                                                    "size": "15",
                                                    "sizes": []
                                                },
                                                "toggle_color": "#FFFFFF",
                                                "toggle_background_color": "#60AD56",
                                                "toggle_size": {
                                                    "unit": "px",
                                                    "size": "18",
                                                    "sizes": []
                                                },
                                                "toggle_border_width": {
                                                    "unit": "px",
                                                    "size": "0",
                                                    "sizes": []
                                                },
                                                "toggle_border_radius": {
                                                    "unit": "px",
                                                    "size": "0",
                                                    "sizes": []
                                                },
                                                "_margin_tablet": {
                                                    "unit": "px",
                                                    "top": "20",
                                                    "right": "0",
                                                    "bottom": "10",
                                                    "left": "0",
                                                    "isLinked": ""
                                                },
                                                "_element_width_tablet": "auto",
                                                "hide_desktop": "hidden-desktop",
                                                "_margin_mobile": {
                                                    "unit": "px",
                                                    "top": "0",
                                                    "right": "0",
                                                    "bottom": "0",
                                                    "left": "0",
                                                    "isLinked": "1"
                                                }
                                            },
                                            "elements": [],
                                            "isInner": false,
                                            "widgetType": "nav-menu",
                                            "elType": "widget"
                                        },
                                        {
                                            "id": "7f31acc9",
                                            "settings": {
                                                "image": {
                                                    "id": "5",
                                                    "url": "https:\/\/templatekits.themewarrior.com\/getstall\/wp-content\/uploads\/sites\/5\/2020\/07\/VoiceCallF715.png"
                                                },
                                                "title_text": "Call us",
                                                "description_text": "(505) 555-0125",
                                                "position": "left",
                                                "image_space": {
                                                    "unit": "px",
                                                    "size": "10",
                                                    "sizes": []
                                                },
                                                "image_size": {
                                                    "unit": "%",
                                                    "size": "10",
                                                    "sizes": []
                                                },
                                                "text_align": "left",
                                                "content_vertical_alignment": "middle",
                                                "title_bottom_space": {
                                                    "unit": "px",
                                                    "size": "0",
                                                    "sizes": []
                                                },
                                                "title_color": "#666666",
                                                "title_typography_typography": "custom",
                                                "title_typography_font_family": "Poppins",
                                                "title_typography_font_size": {
                                                    "unit": "px",
                                                    "size": "12",
                                                    "sizes": []
                                                },
                                                "title_typography_font_weight": "400",
                                                "title_typography_text_transform": "uppercase",
                                                "title_typography_letter_spacing": {
                                                    "unit": "px",
                                                    "size": "1",
                                                    "sizes": []
                                                },
                                                "description_color": "#000000",
                                                "description_typography_typography": "custom",
                                                "description_typography_font_family": "Poppins",
                                                "description_typography_font_size": {
                                                    "unit": "px",
                                                    "size": "14",
                                                    "sizes": []
                                                },
                                                "description_typography_font_weight": "700",
                                                "_element_width_tablet": "auto",
                                                "hide_tablet": "hidden-tablet",
                                                "hide_mobile": "hidden-phone"
                                            },
                                            "elements": [],
                                            "isInner": false,
                                            "widgetType": "image-box",
                                            "elType": "widget"
                                        }
                                    ],
                                    "isInner": "1",
                                    "elType": "column"
                                },
                                {
                                    "id": "3b37f3ee",
                                    "settings": {
                                        "_column_size": "33",
                                        "_inline_size": "40",
                                        "_inline_size_mobile": "50",
                                        "padding_tablet": {
                                            "unit": "px",
                                            "top": "15",
                                            "right": "15",
                                            "bottom": "15",
                                            "left": "15",
                                            "isLinked": "1"
                                        },
                                        "padding_mobile": {
                                            "unit": "px",
                                            "top": "0",
                                            "right": "15",
                                            "bottom": "0",
                                            "left": "15",
                                            "isLinked": ""
                                        }
                                    },
                                    "elements": [
                                        {
                                            "id": "2f39fd5",
                                            "settings": {
                                                "image": {
                                                    "id": "6",
                                                    "url": "https:\/\/templatekits.themewarrior.com\/getstall\/wp-content\/uploads\/sites\/5\/2020\/07\/logo.png"
                                                },
                                                "align_tablet": "center",
                                                "align_mobile": "center",
                                                "space_mobile": {
                                                    "unit": "px",
                                                    "size": "80",
                                                    "sizes": []
                                                },
                                                "link_to": "custom",
                                                "__dynamic__": {
                                                    "link": "[elementor-tag id=\"ed96132\" name=\"site-url\" settings=\"%7B%7D\"]"
                                                }
                                            },
                                            "elements": [],
                                            "isInner": false,
                                            "widgetType": "image",
                                            "elType": "widget"
                                        }
                                    ],
                                    "isInner": "1",
                                    "elType": "column"
                                },
                                {
                                    "id": "735cfdb5",
                                    "settings": {
                                        "_column_size": "33",
                                        "_inline_size": "29.666",
                                        "_inline_size_mobile": "25",
                                        "align": "flex-end",
                                        "padding_tablet": {
                                            "unit": "px",
                                            "top": "15",
                                            "right": "15",
                                            "bottom": "15",
                                            "left": "15",
                                            "isLinked": "1"
                                        },
                                        "padding_mobile": {
                                            "unit": "px",
                                            "top": "0",
                                            "right": "15",
                                            "bottom": "0",
                                            "left": "15",
                                            "isLinked": ""
                                        }
                                    },
                                    "elements": [
                                        {
                                            "id": "469c32f2",
                                            "settings": {
                                                "image": {
                                                    "url": "",
                                                    "id": ""
                                                },
                                                "title_text": "",
                                                "description_text": "My Account",
                                                "position": "right",
                                                "image_space": {
                                                    "unit": "px",
                                                    "size": "10",
                                                    "sizes": []
                                                },
                                                "image_size": {
                                                    "unit": "%",
                                                    "size": "40",
                                                    "sizes": []
                                                },
                                                "text_align": "left",
                                                "content_vertical_alignment": "middle",
                                                "title_bottom_space": {
                                                    "unit": "px",
                                                    "size": "0",
                                                    "sizes": []
                                                },
                                                "title_color": "#666666",
                                                "title_typography_typography": "custom",
                                                "title_typography_font_family": "Poppins",
                                                "title_typography_font_size": {
                                                    "unit": "px",
                                                    "size": "12",
                                                    "sizes": []
                                                },
                                                "title_typography_font_weight": "400",
                                                "title_typography_text_transform": "uppercase",
                                                "title_typography_letter_spacing": {
                                                    "unit": "px",
                                                    "size": "1",
                                                    "sizes": []
                                                },
                                                "description_color": "#000000",
                                                "description_typography_typography": "custom",
                                                "description_typography_font_family": "Poppins",
                                                "description_typography_font_size": {
                                                    "unit": "px",
                                                    "size": "14",
                                                    "sizes": []
                                                },
                                                "description_typography_font_weight": "700",
                                                "_element_width": "auto",
                                                "hide_mobile": "hidden-phone"
                                            },
                                            "elements": [],
                                            "isInner": false,
                                            "widgetType": "image-box",
                                            "elType": "widget"
                                        }
                                    ],
                                    "isInner": "1",
                                    "elType": "column"
                                }
                            ],
                            "isInner": "1",
                            "elType": "section"
                        },
                        {
                            "id": "293816af",
                            "settings": {
                                "content_width": {
                                    "unit": "px",
                                    "size": "1180",
                                    "sizes": []
                                },
                                "gap": "no",
                                "border_border": "solid",
                                "border_width": {
                                    "unit": "px",
                                    "top": "0",
                                    "right": "0",
                                    "bottom": "1",
                                    "left": "0",
                                    "isLinked": ""
                                },
                                "border_color": "#EBEBEB",
                                "hide_tablet": "hidden-tablet",
                                "hide_mobile": "hidden-phone"
                            },
                            "elements": [
                                {
                                    "id": "2376f09d",
                                    "settings": {
                                        "_column_size": "100",
                                        "align": "center"
                                    },
                                    "elements": [
                                        {
                                            "id": "3c586664",
                                            "settings": {
                                                "align_items": "center",
                                                "toggle_align": "left",
                                                "menu_typography_typography": "custom",
                                                "menu_typography_font_family": "Poppins",
                                                "menu_typography_font_size": {
                                                    "unit": "px",
                                                    "size": "14",
                                                    "sizes": []
                                                },
                                                "menu_typography_font_weight": "500",
                                                "color_menu_item": "#000000",
                                                "color_menu_item_hover": "#60AD56",
                                                "pointer_color_menu_item_hover": "#60AD56",
                                                "color_menu_item_active": "#666666",
                                                "pointer_color_menu_item_active": "#60AD56",
                                                "padding_horizontal_menu_item": {
                                                    "unit": "px",
                                                    "size": "15",
                                                    "sizes": []
                                                },
                                                "padding_vertical_menu_item": {
                                                    "unit": "px",
                                                    "size": "15",
                                                    "sizes": []
                                                },
                                                "hide_tablet": "hidden-tablet",
                                                "hide_mobile": "hidden-phone",
                                                "indicator": "chevron",
                                                "color_dropdown_item": "#666666",
                                                "color_dropdown_item_hover": "#FFFFFF",
                                                "background_color_dropdown_item_hover": "#60AD56",
                                                "dropdown_typography_typography": "custom",
                                                "dropdown_typography_font_family": "Poppins",
                                                "dropdown_typography_font_size": {
                                                    "unit": "px",
                                                    "size": "13",
                                                    "sizes": []
                                                },
                                                "padding_horizontal_dropdown_item": {
                                                    "unit": "px",
                                                    "size": "15",
                                                    "sizes": []
                                                },
                                                "padding_vertical_dropdown_item": {
                                                    "unit": "px",
                                                    "size": "10",
                                                    "sizes": []
                                                },
                                                "dropdown_box_shadow_box_shadow_type": "yes",
                                                "dropdown_box_shadow_box_shadow": {
                                                    "horizontal": "0",
                                                    "vertical": "5",
                                                    "blur": "21",
                                                    "spread": "-10",
                                                    "color": "rgba(50, 67, 48, 0.35)"
                                                }
                                            },
                                            "elements": [],
                                            "isInner": false,
                                            "widgetType": "nav-menu",
                                            "elType": "widget"
                                        }
                                    ],
                                    "isInner": "1",
                                    "elType": "column"
                                }
                            ],
                            "isInner": "1",
                            "elType": "section"
                        }
                    ],
                    "isInner": "",
                    "elType": "column"
                }
            ],
            "isInner": "",
            "elType": "section"
        }
    ]
}