{
    "version": "0.4",
    "title": "Getstall &#8211; Story Section",
    "type": "section",
    "metadata": {
        "template_type": "section-about",
        "include_in_zip": "1",
        "elementor_pro_required": "1",
        "wp_page_template": "elementor_header_footer"
    },
    "content": [
        {
            "id": "21b6afbd",
            "settings": {
                "content_width": {
                    "unit": "px",
                    "size": "1180",
                    "sizes": []
                },
                "structure": "20",
                "padding_tablet": {
                    "unit": "px",
                    "top": "0",
                    "right": "30",
                    "bottom": "0",
                    "left": "30",
                    "isLinked": ""
                },
                "padding_mobile": {
                    "unit": "px",
                    "top": "0",
                    "right": "0",
                    "bottom": "0",
                    "left": "0",
                    "isLinked": "1"
                }
            },
            "elements": [
                {
                    "id": "5ecc9619",
                    "settings": {
                        "_column_size": "50",
                        "_inline_size": "49.746",
                        "_inline_size_tablet": "70",
                        "background_background": "classic",
                        "background_image": {
                            "id": "312",
                            "url": "https:\/\/templatekits.themewarrior.com\/getstall\/wp-content\/uploads\/sites\/5\/2020\/07\/RightDoubleQuoteE9B1.png"
                        },
                        "background_position": "top left",
                        "background_repeat": "no-repeat",
                        "padding": {
                            "unit": "px",
                            "top": "20",
                            "right": "30",
                            "bottom": "20",
                            "left": "30",
                            "isLinked": ""
                        },
                        "padding_mobile": {
                            "unit": "px",
                            "top": "20",
                            "right": "20",
                            "bottom": "20",
                            "left": "20",
                            "isLinked": "1"
                        }
                    },
                    "elements": [
                        {
                            "id": "51f3e131",
                            "settings": {
                                "title": "We are not colleagues, we're a family with mission",
                                "title_color": "#000000",
                                "typography_typography": "custom",
                                "typography_font_family": "Poppins",
                                "typography_font_size": {
                                    "unit": "px",
                                    "size": "46",
                                    "sizes": []
                                },
                                "typography_font_size_tablet": {
                                    "unit": "px",
                                    "size": "36",
                                    "sizes": []
                                },
                                "typography_font_size_mobile": {
                                    "unit": "px",
                                    "size": "26",
                                    "sizes": []
                                },
                                "typography_font_weight": "700",
                                "typography_line_height": {
                                    "unit": "px",
                                    "size": "56",
                                    "sizes": []
                                },
                                "typography_line_height_mobile": {
                                    "unit": "px",
                                    "size": "32",
                                    "sizes": []
                                }
                            },
                            "elements": [],
                            "isInner": false,
                            "widgetType": "heading",
                            "elType": "widget"
                        }
                    ],
                    "isInner": "",
                    "elType": "column"
                },
                {
                    "id": "7f46612a",
                    "settings": {
                        "_column_size": "50",
                        "_inline_size": "50.254",
                        "_inline_size_tablet": "100",
                        "margin": {
                            "unit": "%",
                            "top": "0",
                            "right": "0",
                            "bottom": "0",
                            "left": "5",
                            "isLinked": ""
                        },
                        "margin_tablet": {
                            "unit": "px",
                            "top": "0",
                            "right": "0",
                            "bottom": "0",
                            "left": "0",
                            "isLinked": "1"
                        }
                    },
                    "elements": [
                        {
                            "id": "2ed031ab",
                            "settings": {
                                "structure": "20"
                            },
                            "elements": [
                                {
                                    "id": "6ebf3a1d",
                                    "settings": {
                                        "_column_size": "50"
                                    },
                                    "elements": [
                                        {
                                            "id": "5efd91fb",
                                            "settings": {
                                                "editor": "<p>Est dolore fugiat tempor culpa ullamco velit laboris duis pariatur dolor proident minim enim. Nulla excepteur do quis dolore.<\/p>",
                                                "text_color": "#666666",
                                                "typography_typography": "custom",
                                                "typography_font_family": "Poppins",
                                                "typography_font_size": {
                                                    "unit": "px",
                                                    "size": "14",
                                                    "sizes": []
                                                },
                                                "typography_line_height": {
                                                    "unit": "px",
                                                    "size": "30",
                                                    "sizes": []
                                                }
                                            },
                                            "elements": [],
                                            "isInner": false,
                                            "widgetType": "text-editor",
                                            "elType": "widget"
                                        }
                                    ],
                                    "isInner": "1",
                                    "elType": "column"
                                },
                                {
                                    "id": "6dfca66c",
                                    "settings": {
                                        "_column_size": "50"
                                    },
                                    "elements": [
                                        {
                                            "id": "e83b8e1",
                                            "settings": {
                                                "editor": "<p>Veniam officia officia ullamco nisi enim non irure. Fugiat sit aliquip id tempor adipisicing consectetur non id excepteur nulla voluptate anim.<\/p>",
                                                "text_color": "#666666",
                                                "typography_typography": "custom",
                                                "typography_font_family": "Poppins",
                                                "typography_font_size": {
                                                    "unit": "px",
                                                    "size": "14",
                                                    "sizes": []
                                                },
                                                "typography_line_height": {
                                                    "unit": "px",
                                                    "size": "30",
                                                    "sizes": []
                                                }
                                            },
                                            "elements": [],
                                            "isInner": false,
                                            "widgetType": "text-editor",
                                            "elType": "widget"
                                        }
                                    ],
                                    "isInner": "1",
                                    "elType": "column"
                                }
                            ],
                            "isInner": "1",
                            "elType": "section"
                        },
                        {
                            "id": "7a04f7e3",
                            "settings": {
                                "structure": "20"
                            },
                            "elements": [
                                {
                                    "id": "6c032d88",
                                    "settings": {
                                        "_column_size": "50"
                                    },
                                    "elements": [
                                        {
                                            "id": "42a10545",
                                            "settings": {
                                                "editor": "<p>Aliquip laborum sunt elit proident consectetur proident esse id. Id ea non aliqua id nisi deserunt officia veniam est occaecat reprehenderit amet Lorem.<\/p>",
                                                "text_color": "#666666",
                                                "typography_typography": "custom",
                                                "typography_font_family": "Poppins",
                                                "typography_font_size": {
                                                    "unit": "px",
                                                    "size": "14",
                                                    "sizes": []
                                                },
                                                "typography_line_height": {
                                                    "unit": "px",
                                                    "size": "30",
                                                    "sizes": []
                                                }
                                            },
                                            "elements": [],
                                            "isInner": false,
                                            "widgetType": "text-editor",
                                            "elType": "widget"
                                        }
                                    ],
                                    "isInner": "1",
                                    "elType": "column"
                                },
                                {
                                    "id": "72cf3f10",
                                    "settings": {
                                        "_column_size": "50"
                                    },
                                    "elements": [
                                        {
                                            "id": "60238f99",
                                            "settings": {
                                                "editor": "<p>Deserunt ipsum culpa cupidatat do tempor laborum excepteur dolor tempor quis ea proident in incididunt. Commodo aute officia<\/p>",
                                                "text_color": "#666666",
                                                "typography_typography": "custom",
                                                "typography_font_family": "Poppins",
                                                "typography_font_size": {
                                                    "unit": "px",
                                                    "size": "14",
                                                    "sizes": []
                                                },
                                                "typography_line_height": {
                                                    "unit": "px",
                                                    "size": "30",
                                                    "sizes": []
                                                }
                                            },
                                            "elements": [],
                                            "isInner": false,
                                            "widgetType": "text-editor",
                                            "elType": "widget"
                                        }
                                    ],
                                    "isInner": "1",
                                    "elType": "column"
                                }
                            ],
                            "isInner": "1",
                            "elType": "section"
                        }
                    ],
                    "isInner": "",
                    "elType": "column"
                }
            ],
            "isInner": "",
            "elType": "section"
        }
    ]
}