{
    "version": "0.4",
    "title": "Getstall &#8211; Single Product",
    "type": "product",
    "metadata": {
        "template_type": "single-product",
        "include_in_zip": "1",
        "elementor_pro_required": "1",
        "elementor_library_type": "product",
        "elementor_pro_conditions": [
            "include\/product"
        ],
        "additional_template_information": [
            "This is a \"Product\" template for Elementor Pro.",
            "This template will display on: Products."
        ],
        "wp_page_template": "default"
    },
    "content": [
        {
            "id": "74c16813",
            "settings": {
                "content_width": {
                    "unit": "px",
                    "size": "1180",
                    "sizes": []
                },
                "structure": "21",
                "margin": {
                    "unit": "px",
                    "top": "40",
                    "right": "0",
                    "bottom": "0",
                    "left": "0",
                    "isLinked": ""
                }
            },
            "elements": [
                {
                    "id": "70ec2eab",
                    "settings": {
                        "_column_size": "33",
                        "_inline_size": "42.627"
                    },
                    "elements": [
                        {
                            "id": "3b977ef3",
                            "settings": {
                                "spacing": {
                                    "unit": "px",
                                    "size": "10",
                                    "sizes": []
                                },
                                "thumbs_border_width": {
                                    "unit": "px",
                                    "top": "1",
                                    "right": "1",
                                    "bottom": "1",
                                    "left": "1",
                                    "isLinked": "1"
                                },
                                "thumbs_border_color": "#D4D4D4",
                                "spacing_thumbs": {
                                    "unit": "px",
                                    "size": "10",
                                    "sizes": []
                                }
                            },
                            "elements": [],
                            "isInner": false,
                            "widgetType": "woocommerce-product-images",
                            "elType": "widget"
                        }
                    ],
                    "isInner": "",
                    "elType": "column"
                },
                {
                    "id": "44117d2",
                    "settings": {
                        "_column_size": "66",
                        "margin": {
                            "unit": "px",
                            "top": "0",
                            "right": "0",
                            "bottom": "0",
                            "left": "40",
                            "isLinked": ""
                        },
                        "_inline_size": "56.945"
                    },
                    "elements": [
                        {
                            "id": "2072a1f2",
                            "settings": {
                                "__dynamic__": {
                                    "title": "[elementor-tag id=\"\" name=\"woocommerce-product-title-tag\" settings=\"%7B%22before%22%3A%22%22%2C%22after%22%3A%22%22%2C%22fallback%22%3A%22%22%7D\"]"
                                },
                                "title": "Add Your Heading Text Here",
                                "typography_typography": "custom",
                                "typography_font_family": "Poppins",
                                "typography_font_size": {
                                    "unit": "px",
                                    "size": "42",
                                    "sizes": []
                                },
                                "typography_font_weight": "700"
                            },
                            "elements": [],
                            "isInner": false,
                            "widgetType": "woocommerce-product-title",
                            "elType": "widget"
                        },
                        {
                            "id": "245e27c6",
                            "settings": {
                                "star_color": "#60AD56",
                                "empty_star_color": "#E0E6DF",
                                "link_color": "#60AD56",
                                "text_typography_typography": "custom",
                                "text_typography_font_family": "Poppins",
                                "text_typography_font_size": {
                                    "unit": "px",
                                    "size": "13",
                                    "sizes": []
                                },
                                "star_size": {
                                    "unit": "em",
                                    "size": "15",
                                    "sizes": []
                                },
                                "space_between": {
                                    "unit": "px",
                                    "size": "5",
                                    "sizes": []
                                },
                                "alignment": "left"
                            },
                            "elements": [],
                            "isInner": false,
                            "widgetType": "woocommerce-product-rating",
                            "elType": "widget"
                        },
                        {
                            "id": "71cadcab",
                            "settings": {
                                "text_align": "left",
                                "price_color": "#60AD56",
                                "typography_typography": "custom",
                                "typography_font_family": "Poppins",
                                "typography_font_size": {
                                    "unit": "px",
                                    "size": "24",
                                    "sizes": []
                                },
                                "typography_font_weight": "600",
                                "sale_price_color": "#60AD56",
                                "sale_price_typography_typography": "custom",
                                "sale_price_typography_font_family": "Poppins"
                            },
                            "elements": [],
                            "isInner": false,
                            "widgetType": "woocommerce-product-price",
                            "elType": "widget"
                        },
                        {
                            "id": "4e79ac86",
                            "settings": {
                                "_padding": {
                                    "unit": "px",
                                    "top": "0",
                                    "right": "0",
                                    "bottom": "0",
                                    "left": "0",
                                    "isLinked": ""
                                },
                                "text_align": "left",
                                "text_color": "#666666",
                                "text_typography_typography": "custom",
                                "text_typography_font_family": "Poppins",
                                "text_typography_font_size": {
                                    "unit": "px",
                                    "size": "15",
                                    "sizes": []
                                },
                                "text_typography_line_height": {
                                    "unit": "px",
                                    "size": "30",
                                    "sizes": []
                                }
                            },
                            "elements": [],
                            "isInner": false,
                            "widgetType": "woocommerce-product-short-description",
                            "elType": "widget"
                        },
                        {
                            "id": "52c9c89f",
                            "settings": {
                                "alignment": "left",
                                "button_typography_typography": "custom",
                                "button_typography_font_family": "Poppins",
                                "button_typography_font_size": {
                                    "unit": "px",
                                    "size": "15",
                                    "sizes": []
                                },
                                "button_typography_line_height": {
                                    "unit": "px",
                                    "size": "24",
                                    "sizes": []
                                },
                                "button_border_radius": {
                                    "unit": "px",
                                    "top": "5",
                                    "right": "5",
                                    "bottom": "5",
                                    "left": "5",
                                    "isLinked": "1"
                                },
                                "button_text_color": "#FFFFFF",
                                "button_bg_color": "#60AD56",
                                "button_text_color_hover": "#FFFFFF",
                                "button_bg_color_hover": "#46983B",
                                "spacing": {
                                    "unit": "px",
                                    "size": "20",
                                    "sizes": []
                                },
                                "quantity_typography_typography": "custom",
                                "quantity_typography_font_family": "Poppins",
                                "quantity_typography_font_size": {
                                    "unit": "px",
                                    "size": "15",
                                    "sizes": []
                                },
                                "quantity_typography_line_height": {
                                    "unit": "px",
                                    "size": "30",
                                    "sizes": []
                                },
                                "quantity_text_color": "#666666",
                                "quantity_border_color": "#EBEBEB",
                                "variations_width": {
                                    "unit": "%",
                                    "size": "100",
                                    "sizes": []
                                },
                                "variations_spacing": {
                                    "unit": "px",
                                    "size": "30",
                                    "sizes": []
                                },
                                "variations_space_between": {
                                    "unit": "px",
                                    "size": "20",
                                    "sizes": []
                                },
                                "variations_label_color_focus": "#000000",
                                "variations_label_typography_typography": "custom",
                                "variations_label_typography_font_family": "Poppins",
                                "variations_label_typography_font_size": {
                                    "unit": "px",
                                    "size": "14",
                                    "sizes": []
                                },
                                "variations_label_typography_font_weight": "500",
                                "variations_select_color": "#000000",
                                "variations_select_bg_color": "#FFFFFF",
                                "variations_select_border_color": "#EBEBEB",
                                "variations_select_typography_typography": "custom",
                                "variations_select_typography_font_family": "Poppins",
                                "variations_select_typography_font_size": {
                                    "unit": "px",
                                    "size": "14",
                                    "sizes": []
                                },
                                "variations_select_border_radius": {
                                    "unit": "px",
                                    "size": "0",
                                    "sizes": []
                                }
                            },
                            "elements": [],
                            "isInner": false,
                            "widgetType": "woocommerce-product-add-to-cart",
                            "elType": "widget"
                        },
                        {
                            "id": "619a8315",
                            "settings": {
                                "view": "stacked",
                                "space_between": {
                                    "unit": "px",
                                    "size": "10",
                                    "sizes": []
                                },
                                "text_typography_typography": "custom",
                                "text_typography_font_family": "Poppins",
                                "text_typography_font_size": {
                                    "unit": "px",
                                    "size": "12",
                                    "sizes": []
                                },
                                "text_typography_line_height": {
                                    "unit": "px",
                                    "size": "16",
                                    "sizes": []
                                },
                                "text_color": "#666666",
                                "link_color": "#60AD56",
                                "_margin": {
                                    "unit": "px",
                                    "top": "20",
                                    "right": "0",
                                    "bottom": "20",
                                    "left": "0",
                                    "isLinked": ""
                                },
                                "_padding": {
                                    "unit": "px",
                                    "top": "20",
                                    "right": "0",
                                    "bottom": "20",
                                    "left": "0",
                                    "isLinked": ""
                                },
                                "_border_border": "solid",
                                "_border_width": {
                                    "unit": "px",
                                    "top": "1",
                                    "right": "0",
                                    "bottom": "1",
                                    "left": "0",
                                    "isLinked": ""
                                },
                                "_border_color": "#EBEBEB"
                            },
                            "elements": [],
                            "isInner": false,
                            "widgetType": "woocommerce-product-meta",
                            "elType": "widget"
                        }
                    ],
                    "isInner": "",
                    "elType": "column"
                }
            ],
            "isInner": "",
            "elType": "section"
        },
        {
            "id": "29b3477",
            "settings": {
                "content_width": {
                    "unit": "px",
                    "size": "1210",
                    "sizes": []
                },
                "border_border": "solid",
                "border_width": {
                    "unit": "px",
                    "top": "1",
                    "right": "0",
                    "bottom": "0",
                    "left": "0",
                    "isLinked": ""
                },
                "border_color": "#EBEBEB",
                "margin": {
                    "unit": "px",
                    "top": "50",
                    "right": "0",
                    "bottom": "0",
                    "left": "0",
                    "isLinked": ""
                },
                "padding": {
                    "unit": "px",
                    "top": "0",
                    "right": "0",
                    "bottom": "30",
                    "left": "0",
                    "isLinked": ""
                }
            },
            "elements": [
                {
                    "id": "5b136fd3",
                    "settings": {
                        "_column_size": "100",
                        "margin": {
                            "unit": "px",
                            "top": "0",
                            "right": "0",
                            "bottom": "0",
                            "left": "0",
                            "isLinked": ""
                        }
                    },
                    "elements": [
                        {
                            "id": "661af46a",
                            "settings": {
                                "tab_text_color": "#666666",
                                "tab_bg_color": "#FFFFFF",
                                "tabs_border_color": "#FFFFFF",
                                "active_tab_text_color": "#60AD56",
                                "active_tab_bg_color": "#FFFFFF",
                                "active_tabs_border_color": "#EBEBEB",
                                "tab_typography_typography": "custom",
                                "tab_typography_font_family": "Poppins",
                                "tab_typography_font_size": {
                                    "unit": "px",
                                    "size": "14",
                                    "sizes": []
                                },
                                "tab_typography_font_weight": "500",
                                "tab_border_radius": {
                                    "unit": "px",
                                    "size": "0",
                                    "sizes": []
                                },
                                "text_color": "#666666",
                                "content_typography_typography": "custom",
                                "content_typography_font_family": "Poppins",
                                "content_typography_font_size": {
                                    "unit": "px",
                                    "size": "15",
                                    "sizes": []
                                },
                                "content_typography_font_weight": "400",
                                "heading_color": "#000000",
                                "content_heading_typography_typography": "custom",
                                "content_heading_typography_font_size": {
                                    "unit": "px",
                                    "size": "24",
                                    "sizes": []
                                },
                                "panel_border_width": {
                                    "unit": "px",
                                    "top": "1",
                                    "right": "1",
                                    "bottom": "1",
                                    "left": "1",
                                    "isLinked": "1"
                                },
                                "panel_border_radius": {
                                    "unit": "px",
                                    "top": "0",
                                    "right": "0",
                                    "bottom": "0",
                                    "left": "0",
                                    "isLinked": "1"
                                },
                                "_margin": {
                                    "unit": "px",
                                    "top": "-49",
                                    "right": "0",
                                    "bottom": "0",
                                    "left": "0",
                                    "isLinked": ""
                                }
                            },
                            "elements": [],
                            "isInner": false,
                            "widgetType": "woocommerce-product-data-tabs",
                            "elType": "widget"
                        }
                    ],
                    "isInner": "",
                    "elType": "column"
                }
            ],
            "isInner": "",
            "elType": "section"
        },
        {
            "id": "4a6b4ff4",
            "settings": {
                "content_width": {
                    "unit": "px",
                    "size": "1200",
                    "sizes": []
                },
                "background_background": "classic",
                "background_color": "#F6F8F6",
                "padding": {
                    "unit": "px",
                    "top": "30",
                    "right": "0",
                    "bottom": "30",
                    "left": "0",
                    "isLinked": ""
                }
            },
            "elements": [
                {
                    "id": "1a13c5a1",
                    "settings": {
                        "_column_size": "100"
                    },
                    "elements": [
                        {
                            "id": "5ea31fe5",
                            "settings": {
                                "columns_tablet": "4",
                                "columns_mobile": "2",
                                "column_gap": {
                                    "unit": "px",
                                    "size": "0",
                                    "sizes": []
                                },
                                "column_gap_tablet": {
                                    "unit": "px",
                                    "size": "0",
                                    "sizes": []
                                },
                                "column_gap_mobile": {
                                    "unit": "px",
                                    "size": "0",
                                    "sizes": []
                                },
                                "row_gap": {
                                    "unit": "px",
                                    "size": "0",
                                    "sizes": []
                                },
                                "row_gap_tablet": {
                                    "unit": "px",
                                    "size": "0",
                                    "sizes": []
                                },
                                "row_gap_mobile": {
                                    "unit": "px",
                                    "size": "0",
                                    "sizes": []
                                },
                                "align": "center",
                                "image_spacing": {
                                    "unit": "px",
                                    "size": "10",
                                    "sizes": []
                                },
                                "title_color": "#000000",
                                "title_typography_typography": "custom",
                                "title_typography_font_family": "Poppins",
                                "title_typography_font_size": {
                                    "unit": "px",
                                    "size": "14",
                                    "sizes": []
                                },
                                "title_typography_font_weight": "600",
                                "title_spacing": {
                                    "unit": "px",
                                    "size": "1",
                                    "sizes": []
                                },
                                "star_color": "#60AD56",
                                "empty_star_color": "#EBEBEB",
                                "price_color": "#60AD56",
                                "price_typography_typography": "custom",
                                "price_typography_font_family": "Poppins",
                                "price_typography_font_size": {
                                    "unit": "px",
                                    "size": "18",
                                    "sizes": []
                                },
                                "price_typography_font_weight": "600",
                                "price_typography_text_decoration": "none",
                                "old_price_color": "#666666",
                                "old_price_typography_typography": "custom",
                                "old_price_typography_font_family": "Poppins",
                                "old_price_typography_font_size": {
                                    "unit": "px",
                                    "size": "16",
                                    "sizes": []
                                },
                                "old_price_typography_font_weight": "400",
                                "button_text_color": "#FFFFFF",
                                "button_background_color": "#60AD56",
                                "button_typography_typography": "custom",
                                "button_typography_font_family": "Poppins",
                                "button_typography_font_size": {
                                    "unit": "px",
                                    "size": "13",
                                    "sizes": []
                                },
                                "button_typography_font_weight": "600",
                                "button_typography_line_height": {
                                    "unit": "px",
                                    "size": "20",
                                    "sizes": []
                                },
                                "view_cart_color": "#60AD56",
                                "view_cart_typography_typography": "custom",
                                "view_cart_typography_font_family": "Poppins",
                                "view_cart_typography_font_size": {
                                    "unit": "px",
                                    "size": "14",
                                    "sizes": []
                                },
                                "heading_color": "#000000",
                                "heading_typography_typography": "custom",
                                "heading_typography_font_family": "Poppins",
                                "heading_typography_font_size": {
                                    "unit": "px",
                                    "size": "32",
                                    "sizes": []
                                },
                                "heading_text_align": "center",
                                "heading_spacing": {
                                    "unit": "px",
                                    "size": "30",
                                    "sizes": []
                                },
                                "box_border_width": {
                                    "unit": "px",
                                    "top": ".5",
                                    "right": ".5",
                                    "bottom": ".5",
                                    "left": ".5",
                                    "isLinked": "1"
                                },
                                "box_padding": {
                                    "unit": "px",
                                    "top": "15",
                                    "right": "15",
                                    "bottom": "15",
                                    "left": "15",
                                    "isLinked": "1"
                                },
                                "box_bg_color": "#FFFFFF",
                                "box_border_color": "#EBEBEB",
                                "pagination_border_color": "#EBEBEB",
                                "pagination_padding": {
                                    "unit": "px",
                                    "size": "10",
                                    "sizes": []
                                },
                                "pagination_typography_typography": "custom",
                                "pagination_typography_font_family": "Poppins",
                                "pagination_typography_font_size": {
                                    "unit": "px",
                                    "size": "12",
                                    "sizes": []
                                },
                                "pagination_typography_font_weight": "700",
                                "pagination_link_color": "#000000",
                                "pagination_link_color_active": "#FFFFFF",
                                "pagination_link_bg_color_active": "#60AD56",
                                "onsale_text_color": "#FFFFFF",
                                "onsale_text_background_color": "#60AD56",
                                "onsale_typography_typography": "custom",
                                "onsale_typography_font_family": "Poppins",
                                "onsale_typography_font_size": {
                                    "unit": "px",
                                    "size": "11",
                                    "sizes": []
                                },
                                "onsale_typography_text_transform": "uppercase",
                                "onsale_typography_letter_spacing": {
                                    "unit": "px",
                                    "size": "2",
                                    "sizes": []
                                },
                                "onsale_border_radius": {
                                    "unit": "px",
                                    "size": "0",
                                    "sizes": []
                                },
                                "onsale_width": {
                                    "unit": "px",
                                    "size": "62",
                                    "sizes": []
                                },
                                "onsale_height": {
                                    "unit": "px",
                                    "size": "20",
                                    "sizes": []
                                },
                                "onsale_horizontal_position": "right",
                                "onsale_distance": {
                                    "unit": "px",
                                    "size": "2",
                                    "sizes": []
                                },
                                "_border_border": "solid",
                                "_border_width": {
                                    "unit": "px",
                                    "top": "0",
                                    "right": "0",
                                    "bottom": "0",
                                    "left": "0",
                                    "isLinked": "1"
                                },
                                "_border_width_mobile": {
                                    "unit": "px",
                                    "top": "0",
                                    "right": "0",
                                    "bottom": "1",
                                    "left": "1",
                                    "isLinked": ""
                                },
                                "_border_color": "#EBEBEB"
                            },
                            "elements": [],
                            "isInner": false,
                            "widgetType": "woocommerce-product-related",
                            "elType": "widget"
                        }
                    ],
                    "isInner": "",
                    "elType": "column"
                }
            ],
            "isInner": "",
            "elType": "section"
        }
    ]
}