{
    "version": "0.4",
    "title": "Getstall &#8211; Single Page",
    "type": "single",
    "metadata": {
        "template_type": "single-page",
        "include_in_zip": "1",
        "elementor_pro_required": "1",
        "elementor_library_type": "single",
        "elementor_pro_conditions": [
            "include\/singular\/page"
        ],
        "additional_template_information": [
            "This is a \"Single\" template for Elementor Pro.",
            "This template will display on: Pages."
        ],
        "wp_page_template": "default"
    },
    "content": [
        {
            "id": "445ab4da",
            "settings": {
                "content_width": {
                    "unit": "px",
                    "size": "1180",
                    "sizes": []
                },
                "margin": {
                    "unit": "px",
                    "top": "0",
                    "right": "0",
                    "bottom": "30",
                    "left": "0",
                    "isLinked": ""
                },
                "background_background": "classic",
                "background_color": "#60AD56",
                "background_overlay_background": "classic",
                "background_overlay_position": "center center",
                "background_overlay_size": "cover",
                "padding": {
                    "unit": "px",
                    "top": "70",
                    "right": "0",
                    "bottom": "40",
                    "left": "0",
                    "isLinked": ""
                },
                "__dynamic__": {
                    "background_overlay_image": "[elementor-tag id=\"390f577\" name=\"post-featured-image\" settings=\"%7B%7D\"]"
                }
            },
            "elements": [
                {
                    "id": "6809f0ca",
                    "settings": {
                        "_column_size": "100",
                        "space_between_widgets": "0",
                        "align": "center"
                    },
                    "elements": [
                        {
                            "id": "2c008d4a",
                            "settings": {
                                "layout": "full_width",
                                "gap": "no"
                            },
                            "elements": [
                                {
                                    "id": "5b695f32",
                                    "settings": {
                                        "_column_size": "100"
                                    },
                                    "elements": [
                                        {
                                            "id": "709f274a",
                                            "settings": {
                                                "title": "Homepage",
                                                "link": {
                                                    "url": "\/getstall-homepage\/",
                                                    "is_external": "",
                                                    "nofollow": "",
                                                    "custom_attributes": ""
                                                },
                                                "title_color": "#FFFFFF",
                                                "typography_typography": "custom",
                                                "typography_font_family": "Poppins",
                                                "typography_font_size": {
                                                    "unit": "px",
                                                    "size": "13",
                                                    "sizes": []
                                                },
                                                "typography_font_weight": "500",
                                                "_element_width": "auto",
                                                "_element_vertical_align": "center",
                                                "__dynamic__": {
                                                    "link": "[elementor-tag id=\"73ffe1f\" name=\"site-url\" settings=\"%7B%7D\"]"
                                                }
                                            },
                                            "elements": [],
                                            "isInner": false,
                                            "widgetType": "heading",
                                            "elType": "widget"
                                        },
                                        {
                                            "id": "343345a9",
                                            "settings": {
                                                "selected_icon": {
                                                    "value": "fas fa-angle-right",
                                                    "library": "fa-solid"
                                                },
                                                "primary_color": "#FFFFFF",
                                                "size": {
                                                    "unit": "px",
                                                    "size": "12",
                                                    "sizes": []
                                                },
                                                "_margin": {
                                                    "unit": "px",
                                                    "top": "0",
                                                    "right": "10",
                                                    "bottom": "0",
                                                    "left": "10",
                                                    "isLinked": ""
                                                },
                                                "_element_width": "auto"
                                            },
                                            "elements": [],
                                            "isInner": false,
                                            "widgetType": "icon",
                                            "elType": "widget"
                                        },
                                        {
                                            "id": "4ddb1374",
                                            "settings": {
                                                "title": "Homepage",
                                                "title_color": "#FFFFFF",
                                                "typography_typography": "custom",
                                                "typography_font_family": "Poppins",
                                                "typography_font_size": {
                                                    "unit": "px",
                                                    "size": "13",
                                                    "sizes": []
                                                },
                                                "typography_font_weight": "500",
                                                "_element_width": "auto",
                                                "_element_vertical_align": "center",
                                                "__dynamic__": {
                                                    "title": "[elementor-tag id=\"92f035e\" name=\"post-title\" settings=\"%7B%7D\"]"
                                                }
                                            },
                                            "elements": [],
                                            "isInner": false,
                                            "widgetType": "heading",
                                            "elType": "widget"
                                        }
                                    ],
                                    "isInner": "1",
                                    "elType": "column"
                                }
                            ],
                            "isInner": "1",
                            "elType": "section"
                        },
                        {
                            "id": "472aa5a0",
                            "settings": {
                                "title": "Shop",
                                "title_color": "#FFFFFF",
                                "typography_typography": "custom",
                                "typography_font_family": "Poppins",
                                "typography_font_size": {
                                    "unit": "px",
                                    "size": "46",
                                    "sizes": []
                                },
                                "typography_font_size_mobile": {
                                    "unit": "px",
                                    "size": "24",
                                    "sizes": []
                                },
                                "typography_font_weight": "700",
                                "typography_line_height": {
                                    "unit": "px",
                                    "size": "56",
                                    "sizes": []
                                },
                                "align": "left",
                                "typography_font_size_tablet": {
                                    "unit": "px",
                                    "size": "38",
                                    "sizes": []
                                },
                                "__dynamic__": {
                                    "title": "[elementor-tag id=\"4f63c93\" name=\"archive-title\" settings=\"%7B%7D\"]"
                                }
                            },
                            "elements": [],
                            "isInner": false,
                            "widgetType": "heading",
                            "elType": "widget"
                        }
                    ],
                    "isInner": "",
                    "elType": "column"
                }
            ],
            "isInner": "",
            "elType": "section"
        },
        {
            "id": "78b4e876",
            "settings": {
                "content_width": {
                    "unit": "px",
                    "size": "1180",
                    "sizes": []
                }
            },
            "elements": [
                {
                    "id": "70741af8",
                    "settings": {
                        "_column_size": "100"
                    },
                    "elements": [
                        {
                            "id": "5d2723ed",
                            "settings": {
                                "text_color": "#666666",
                                "typography_typography": "custom",
                                "typography_font_family": "Poppins",
                                "typography_font_size": {
                                    "unit": "px",
                                    "size": "15",
                                    "sizes": []
                                },
                                "typography_line_height": {
                                    "unit": "px",
                                    "size": "30",
                                    "sizes": []
                                }
                            },
                            "elements": [],
                            "isInner": false,
                            "widgetType": "theme-post-content",
                            "elType": "widget"
                        }
                    ],
                    "isInner": "",
                    "elType": "column"
                }
            ],
            "isInner": "",
            "elType": "section"
        }
    ]
}