{
    "version": "0.4",
    "title": "Global Kit Styles",
    "type": "section",
    "metadata": {
        "template_type": "global-styles",
        "include_in_zip": "1",
        "elementor_pro_required": "1",
        "additional_template_information": [
            "These are the global theme styles configured through the Elementor Theme Styles area."
        ],
        "wp_page_template": "default"
    },
    "content": [],
    "page_settings": {
        "body_color": "#666666",
        "body_typography_typography": "custom",
        "body_typography_font_family": "Poppins",
        "body_typography_font_size": {
            "unit": "px",
            "size": "15",
            "sizes": []
        },
        "body_typography_line_height": {
            "unit": "px",
            "size": "28",
            "sizes": []
        },
        "paragraph_spacing": {
            "unit": "px",
            "size": "0",
            "sizes": []
        },
        "link_normal_color": "#60AD56",
        "link_normal_typography_typography": "custom",
        "link_normal_typography_font_family": "Poppins",
        "link_normal_typography_font_size": {
            "unit": "px",
            "size": "15",
            "sizes": []
        },
        "link_normal_typography_font_size_tablet": {
            "unit": "px",
            "size": "15",
            "sizes": []
        },
        "link_normal_typography_font_size_mobile": {
            "unit": "px",
            "size": "15",
            "sizes": []
        },
        "link_hover_color": "#23A455",
        "h1_color": "#000000",
        "h1_typography_typography": "custom",
        "h1_typography_font_size": {
            "unit": "px",
            "size": "50",
            "sizes": []
        },
        "h1_typography_font_size_tablet": {
            "unit": "px",
            "size": "48",
            "sizes": []
        },
        "h1_typography_font_size_mobile": {
            "unit": "px",
            "size": "32",
            "sizes": []
        },
        "h1_typography_font_weight": "700",
        "h2_color": "#000000",
        "h2_typography_typography": "custom",
        "h2_typography_font_family": "Poppins",
        "h2_typography_font_size": {
            "unit": "px",
            "size": "48",
            "sizes": []
        },
        "h2_typography_font_size_tablet": {
            "unit": "px",
            "size": "36",
            "sizes": []
        },
        "h2_typography_font_size_mobile": {
            "unit": "px",
            "size": "26",
            "sizes": []
        },
        "h2_typography_font_weight": "700",
        "h3_color": "#000000",
        "h3_typography_typography": "custom",
        "h3_typography_font_size": {
            "unit": "px",
            "size": "36",
            "sizes": []
        },
        "h3_typography_font_size_tablet": {
            "unit": "px",
            "size": "30",
            "sizes": []
        },
        "h3_typography_font_size_mobile": {
            "unit": "px",
            "size": "24",
            "sizes": []
        },
        "h3_typography_font_weight": "700",
        "h4_color": "#000000",
        "h4_typography_typography": "custom",
        "h4_typography_font_family": "Poppins",
        "h4_typography_font_size": {
            "unit": "px",
            "size": "24",
            "sizes": []
        },
        "h4_typography_font_size_tablet": {
            "unit": "px",
            "size": "20",
            "sizes": []
        },
        "h4_typography_font_size_mobile": {
            "unit": "px",
            "size": "20",
            "sizes": []
        },
        "h4_typography_font_weight": "700",
        "h5_color": "#000000",
        "h5_typography_typography": "custom",
        "h5_typography_font_family": "Poppins",
        "h5_typography_font_size": {
            "unit": "px",
            "size": "18",
            "sizes": []
        },
        "h5_typography_font_size_tablet": {
            "unit": "px",
            "size": "16",
            "sizes": []
        },
        "h5_typography_font_size_mobile": {
            "unit": "px",
            "size": "16",
            "sizes": []
        },
        "h5_typography_font_weight": "600",
        "h6_color": "#000000",
        "h6_typography_typography": "custom",
        "h6_typography_font_family": "Poppins",
        "h6_typography_font_size": {
            "unit": "px",
            "size": "15",
            "sizes": []
        },
        "h6_typography_font_size_tablet": {
            "unit": "px",
            "size": "14",
            "sizes": []
        },
        "h6_typography_font_size_mobile": {
            "unit": "px",
            "size": "14",
            "sizes": []
        },
        "h6_typography_font_weight": "500",
        "button_typography_typography": "custom",
        "button_typography_font_family": "Poppins",
        "button_typography_font_size": {
            "unit": "px",
            "size": "15",
            "sizes": []
        },
        "button_typography_font_weight": "500",
        "button_text_color": "#FFFFFF",
        "button_background_color": "#60AD56",
        "button_border_radius": {
            "unit": "px",
            "top": "5",
            "right": "5",
            "bottom": "5",
            "left": "5",
            "isLinked": "1"
        },
        "button_padding": {
            "unit": "px",
            "top": "15",
            "right": "35",
            "bottom": "15",
            "left": "35",
            "isLinked": ""
        },
        "form_label_color": "#000000",
        "form_label_typography_typography": "custom",
        "form_label_typography_font_family": "Poppins",
        "form_label_typography_font_size": {
            "unit": "px",
            "size": "14",
            "sizes": []
        },
        "form_field_typography_typography": "custom",
        "form_field_typography_font_family": "Poppins",
        "form_field_typography_font_size": {
            "unit": "px",
            "size": "16",
            "sizes": []
        },
        "form_field_text_color": "#666666",
        "form_field_background_color": "#FFFFFF",
        "form_field_border_radius": {
            "unit": "px",
            "top": "5",
            "right": "5",
            "bottom": "5",
            "left": "5",
            "isLinked": "1"
        },
        "form_field_focus_text_color": "#000000",
        "form_field_focus_border_border": "solid",
        "form_field_focus_border_width": {
            "unit": "px",
            "top": "1",
            "right": "1",
            "bottom": "1",
            "left": "1",
            "isLinked": "1"
        },
        "form_field_focus_border_color": "#60AD56",
        "form_field_padding": {
            "unit": "px",
            "top": "10",
            "right": "15",
            "bottom": "10",
            "left": "15",
            "isLinked": ""
        },
        "h1_typography_font_family": "Poppins",
        "h3_typography_font_family": "Poppins"
    }
}