{"content":[{"id":"d0bce14","settings":{"gap":"extended","height":"min-height","custom_height":{"unit":"vh","size":70},"background_background":"classic","background_image":{"id":"3892","url":"https:\/\/cliente.shazamlnv.com\/setasolar\/wp-content\/uploads\/2022\/04\/pexels-photo-1223648.jpeg"},"background_position":"initial","background_repeat":"no-repeat","background_size":"cover","background_overlay_background":"classic","background_overlay_color":"#2b2b2b","background_overlay_opacity":{"unit":"px","size":0.270000000000000017763568394002504646778106689453125},"padding":{"unit":"px","top":"60","right":"0","bottom":"60","left":"0","isLinked":false},"shape_divider_bottom":"arrow","shape_divider_bottom_width":{"unit":"%","size":130},"shape_divider_bottom_height":{"unit":"px","size":20},"background_color":"#ffffff","padding_mobile":{"unit":"em","top":"1","right":"1","bottom":"8","left":"1","isLinked":false},"background_position_tablet":"center center","background_ypos":{"unit":"px","size":-764},"shape_divider_bottom_color":"#f4f4f4","shape_divider_bottom_negative":"yes","shape_divider_bottom_above_content":"yes","html_tag":"header"},"elements":[{"id":"1692734e","settings":{"_column_size":100,"_inline_size":null,"_inline_size_tablet":100,"margin":{"unit":"%","top":"0","right":"41","bottom":"0","left":"1","isLinked":false},"margin_mobile":{"unit":"px","top":"0","right":"0","bottom":"0","left":"0","isLinked":false},"padding":{"unit":"%","top":"","right":"","bottom":"","left":"","isLinked":true},"padding_tablet":{"unit":"px","top":"0","right":"0","bottom":"0","left":"15","isLinked":false},"padding_mobile":{"unit":"%","top":"0","right":"0","bottom":"0","left":"0","isLinked":false}},"elements":[{"id":"75fc0503","settings":{"editor":"<p>The great canyon<\/p>","text_color":"#ffffff","typography_typography":"custom","typography_font_family":"Open Sans","typography_font_size":{"unit":"rem","size":1},"typography_text_transform":"uppercase","typography_letter_spacing":{"unit":"px","size":5},"typography_font_size_mobile":{"unit":"px","size":14},"typography_letter_spacing_mobile":{"unit":"px","size":1},"align_tablet":"left","typography_font_weight":"normal","_margin":{"unit":"px","top":"0","right":"0","bottom":"-20","left":"0","isLinked":false},"_animation":"fadeInDown"},"elements":[],"isInner":false,"widgetType":"text-editor","elType":"widget"},{"id":"13acb1c9","settings":{"title":"Enjoy ","title_color":"#ffffff","typography_typography":"custom","typography_font_family":"Viga","typography_font_size":{"unit":"rem","size":9.9000000000000003552713678800500929355621337890625},"typography_font_weight":"400","typography_letter_spacing":{"unit":"px","size":-2.29999999999999982236431605997495353221893310546875},"_margin":{"unit":"px","top":"0","right":"0","bottom":"0","left":"0","isLinked":false},"typography_font_size_mobile":{"unit":"rem","size":3.70000000000000017763568394002504646778106689453125},"typography_letter_spacing_mobile":{"unit":"px","size":-0.1000000000000000055511151231257827021181583404541015625},"header_size":"h1","align":"left","_animation":"fadeInUp","text_shadow_text_shadow":{"horizontal":3,"vertical":6,"blur":0,"color":"rgba(239,63,57,0.23)"},"typography_text_transform":"capitalize"},"elements":[],"isInner":false,"widgetType":"heading","elType":"widget"},{"id":"71ceb6e2","settings":{"title":"the view","title_color":"#ffffff","typography_typography":"custom","typography_font_family":"Viga","typography_font_size":{"unit":"rem","size":7.4000000000000003552713678800500929355621337890625},"typography_font_weight":"400","typography_letter_spacing":{"unit":"px","size":-2.29999999999999982236431605997495353221893310546875},"_margin":{"unit":"px","top":"-42","right":"0","bottom":"60","left":"0","isLinked":false},"typography_font_size_mobile":{"unit":"rem","size":3.70000000000000017763568394002504646778106689453125},"typography_letter_spacing_mobile":{"unit":"px","size":-0.1000000000000000055511151231257827021181583404541015625},"header_size":"h1","align":"left","_animation":"fadeInUp","text_shadow_text_shadow":{"horizontal":3,"vertical":6,"blur":0,"color":"rgba(239,63,57,0.23)"},"typography_text_transform":"capitalize"},"elements":[],"isInner":false,"widgetType":"heading","elType":"widget"},{"id":"62fd7eb4","settings":{"editor":"<p>Lorem ipsum dolor sit amet, consectetur adipiscing elit. Aenean faucibus vehicula leo, at feugiat nibh consequat bibendum. Sed eget dapibus quam.\u00a0<\/p>","text_color":"#ffffff","typography_typography":"custom","typography_font_family":"Open Sans","typography_font_size":{"unit":"em","size":1.1999999999999999555910790149937383830547332763671875},"typography_line_height":{"unit":"em","size":1.600000000000000088817841970012523233890533447265625},"_margin":{"unit":"px","top":"0","right":"0","bottom":"30","left":"0","isLinked":false},"hide_mobile":"hidden-phone","align":"left","typography_font_weight":"400"},"elements":[],"isInner":false,"widgetType":"text-editor","elType":"widget"},{"id":"7ffe7e90","settings":{"text":"Book Travel","typography_typography":"custom","typography_font_family":"Open Sans","typography_font_size":{"unit":"px","size":14},"typography_font_weight":"600","typography_text_transform":"uppercase","background_color":"#f44336","button_background_hover_color":"#36f485","hover_animation":"sink","border_radius":{"unit":"px","top":"100","right":"100","bottom":"100","left":"100","isLinked":true},"text_padding":{"unit":"px","top":"15","right":"30","bottom":"15","left":"30","isLinked":false},"align":"left","align_mobile":"center","text_padding_mobile":{"unit":"em","top":"1","right":"7","bottom":"1","left":"7","isLinked":false},"_margin_mobile":{"unit":"%","top":"","right":"","bottom":"","left":"","isLinked":false},"_padding_mobile":{"unit":"%","top":"0","right":"0","bottom":"0","left":"0","isLinked":false}},"elements":[],"isInner":false,"widgetType":"button","elType":"widget"}],"isInner":false,"elType":"column"}],"isInner":false,"elType":"section"},{"id":"37b06d0b","settings":{"gap":"extended","background_background":"classic","background_color":"#f4f4f4","padding":{"unit":"px","top":"60","right":"0","bottom":"50","left":"0","isLinked":false},"html_tag":"section"},"elements":[{"id":"5dce324f","settings":{"_column_size":100},"elements":[{"id":"df637dc","settings":{"editor":"<p>What we Do<\/p>","text_color":"#5e5e5e","typography_typography":"custom","typography_font_family":"Open Sans","typography_font_size":{"unit":"rem","size":""},"typography_font_weight":"normal","typography_text_transform":"uppercase","typography_letter_spacing":{"unit":"px","size":5},"_margin":{"unit":"px","top":"0","right":"0","bottom":"-20","left":"0","isLinked":false},"align":"center","typography_font_size_mobile":{"unit":"px","size":14},"typography_letter_spacing_mobile":{"unit":"px","size":1},"_animation":"fadeInDown"},"elements":[],"isInner":false,"widgetType":"text-editor","elType":"widget"},{"id":"35d2a23d","settings":{"title":"Our Services","title_color":"#000000","typography_typography":"custom","typography_font_family":"Unica One","typography_font_size":{"unit":"rem","size":3.399999999999999911182158029987476766109466552734375},"typography_font_weight":"600","typography_letter_spacing":{"unit":"px","size":-2.399999999999999911182158029987476766109466552734375},"_margin":{"unit":"px","top":"0","right":"0","bottom":"60","left":"0","isLinked":false},"align":"center","typography_font_size_mobile":{"unit":"px","size":40},"_animation":"fadeInUp"},"elements":[],"isInner":false,"widgetType":"heading","elType":"widget"},{"id":"1ad34033","settings":{"gap":"extended","structure":"30","background_background":"classic","background_color":"#f4f4f4","padding":{"unit":"px","top":"0","right":"0","bottom":"60","left":"0","isLinked":false}},"elements":[{"id":"4e7bc8dc","settings":{"_column_size":33,"_inline_size":null,"_inline_size_tablet":50},"elements":[{"id":"43f52834","settings":{"icon":"fa fa-plane","view":"stacked","title_text":"Plane Travel","description_text":"Vestibulum rhoncus, dolor sit amet porta tincidunt, elit est congue dui, ac feugiat risus leo nec velit. ","position":"left","primary_color":"#ffffff","secondary_color":"#f44336","icon_space":{"unit":"px","size":25},"icon_size":{"unit":"px","size":35},"icon_padding":{"unit":"px","size":18},"content_vertical_alignment":"middle","title_color":"#000000","title_typography_typography":"custom","title_typography_font_family":"Oswald","title_typography_font_weight":"400","title_typography_text_transform":"uppercase","description_typography_typography":"custom","description_typography_font_family":"Open Sans","description_typography_font_size":{"unit":"rem","size":0.90000000000000002220446049250313080847263336181640625},"description_typography_line_height":{"unit":"em","size":1.8000000000000000444089209850062616169452667236328125},"title_typography_font_size":{"unit":"rem","size":1.100000000000000088817841970012523233890533447265625},"selected_icon":{"value":"fas fa-plane","library":"fa-solid"}},"elements":[],"isInner":false,"widgetType":"icon-box","elType":"widget"},{"id":"5d4a5023","settings":{"icon":"fa fa-train","view":"stacked","title_text":"Train Travel","description_text":"Vestibulum rhoncus, dolor sit amet porta tincidunt, elit est congue dui, ac feugiat risus leo nec velit. ","position":"left","primary_color":"#ffffff","secondary_color":"#f44336","icon_space":{"unit":"px","size":25},"icon_size":{"unit":"px","size":35},"icon_padding":{"unit":"px","size":18},"content_vertical_alignment":"middle","title_color":"#000000","title_typography_typography":"custom","title_typography_font_family":"Oswald","title_typography_font_weight":"400","title_typography_text_transform":"uppercase","description_typography_typography":"custom","description_typography_font_family":"Open Sans","description_typography_font_size":{"unit":"rem","size":0.90000000000000002220446049250313080847263336181640625},"description_typography_line_height":{"unit":"em","size":1.8000000000000000444089209850062616169452667236328125},"title_typography_font_size":{"unit":"rem","size":1.100000000000000088817841970012523233890533447265625},"selected_icon":{"value":"fas fa-train","library":"fa-solid"}},"elements":[],"isInner":false,"widgetType":"icon-box","elType":"widget"}],"isInner":false,"elType":"column"},{"id":"74ab3882","settings":{"_column_size":33,"_inline_size":null,"_inline_size_tablet":50},"elements":[{"id":"28772bc9","settings":{"icon":"fa fa-motorcycle","view":"stacked","title_text":"Trike Travel","description_text":"Vestibulum rhoncus, dolor sit amet porta tincidunt, elit est congue dui, ac feugiat risus leo nec velit. ","position":"left","primary_color":"#ffffff","secondary_color":"#f44336","icon_space":{"unit":"px","size":25},"icon_size":{"unit":"px","size":35},"icon_padding":{"unit":"px","size":18},"content_vertical_alignment":"middle","title_color":"#000000","title_typography_typography":"custom","title_typography_font_family":"Oswald","title_typography_font_weight":"400","title_typography_text_transform":"uppercase","description_typography_typography":"custom","description_typography_font_family":"Open Sans","description_typography_font_size":{"unit":"rem","size":0.90000000000000002220446049250313080847263336181640625},"description_typography_line_height":{"unit":"em","size":1.8000000000000000444089209850062616169452667236328125},"title_typography_font_size":{"unit":"rem","size":1.100000000000000088817841970012523233890533447265625},"selected_icon":{"value":"fas fa-motorcycle","library":"fa-solid"}},"elements":[],"isInner":false,"widgetType":"icon-box","elType":"widget"},{"id":"1817dafa","settings":{"icon":"fa fa-ship","view":"stacked","title_text":"Cruise","description_text":"Vestibulum rhoncus, dolor sit amet porta tincidunt, elit est congue dui, ac feugiat risus leo nec velit. ","position":"left","primary_color":"#ffffff","secondary_color":"#f44336","icon_space":{"unit":"px","size":25},"icon_size":{"unit":"px","size":35},"icon_padding":{"unit":"px","size":18},"content_vertical_alignment":"middle","title_color":"#000000","title_typography_typography":"custom","title_typography_font_family":"Oswald","title_typography_font_weight":"400","title_typography_text_transform":"uppercase","description_typography_typography":"custom","description_typography_font_family":"Open Sans","description_typography_font_size":{"unit":"rem","size":0.90000000000000002220446049250313080847263336181640625},"description_typography_line_height":{"unit":"em","size":1.8000000000000000444089209850062616169452667236328125},"title_typography_font_size":{"unit":"rem","size":1.100000000000000088817841970012523233890533447265625},"selected_icon":{"value":"fas fa-ship","library":"fa-solid"}},"elements":[],"isInner":false,"widgetType":"icon-box","elType":"widget"}],"isInner":false,"elType":"column"},{"id":"4750fa5d","settings":{"_column_size":33,"_inline_size":null,"_inline_size_tablet":100},"elements":[{"id":"791f5936","settings":{"icon":"fa fa-fort-awesome","view":"stacked","title_text":"HIstory Travel","description_text":"Vestibulum rhoncus, dolor sit amet porta tincidunt, elit est congue dui, ac feugiat risus leo nec velit. ","position":"left","primary_color":"#ffffff","secondary_color":"#f44336","icon_space":{"unit":"px","size":25},"icon_size":{"unit":"px","size":35},"icon_padding":{"unit":"px","size":18},"content_vertical_alignment":"middle","title_color":"#000000","title_typography_typography":"custom","title_typography_font_family":"Oswald","title_typography_font_weight":"400","title_typography_text_transform":"uppercase","description_typography_typography":"custom","description_typography_font_family":"Open Sans","description_typography_font_size":{"unit":"rem","size":0.90000000000000002220446049250313080847263336181640625},"description_typography_line_height":{"unit":"em","size":1.8000000000000000444089209850062616169452667236328125},"title_typography_font_size":{"unit":"rem","size":1.100000000000000088817841970012523233890533447265625},"selected_icon":{"value":"fab fa-fort-awesome","library":"fa-brands"}},"elements":[],"isInner":false,"widgetType":"icon-box","elType":"widget"},{"id":"37337c0f","settings":{"icon":"fa fa-automobile","view":"stacked","title_text":"Rental Free","description_text":"Vestibulum rhoncus, dolor sit amet porta tincidunt, elit est congue dui, ac feugiat risus leo nec velit. ","position":"left","primary_color":"#ffffff","secondary_color":"#f44336","icon_space":{"unit":"px","size":25},"icon_size":{"unit":"px","size":35},"icon_padding":{"unit":"px","size":18},"content_vertical_alignment":"middle","title_color":"#000000","title_typography_typography":"custom","title_typography_font_family":"Oswald","title_typography_font_weight":"400","title_typography_text_transform":"uppercase","description_typography_typography":"custom","description_typography_font_family":"Open Sans","description_typography_font_size":{"unit":"rem","size":0.90000000000000002220446049250313080847263336181640625},"description_typography_line_height":{"unit":"em","size":1.8000000000000000444089209850062616169452667236328125},"title_typography_font_size":{"unit":"rem","size":1.100000000000000088817841970012523233890533447265625},"selected_icon":{"value":"fas fa-car","library":"fa-solid"}},"elements":[],"isInner":false,"widgetType":"icon-box","elType":"widget"}],"isInner":false,"elType":"column"}],"isInner":false,"elType":"section"},{"id":"8c9e1d6","settings":{"text":"contact us","align":"center","typography_typography":"custom","typography_font_family":"Open Sans","typography_font_size":{"unit":"px","size":14},"typography_font_weight":"600","typography_text_transform":"uppercase","background_color":"#f44336","button_background_hover_color":"#36f485","hover_animation":"sink","border_radius":{"unit":"px","top":"100","right":"100","bottom":"100","left":"100","isLinked":true},"text_padding":{"unit":"px","top":"15","right":"30","bottom":"15","left":"30","isLinked":false},"align_mobile":"center","text_padding_mobile":{"unit":"em","top":"1","right":"7","bottom":"1","left":"7","isLinked":false},"_margin_mobile":{"unit":"%","top":"","right":"","bottom":"","left":"","isLinked":false},"_padding_mobile":{"unit":"%","top":"0","right":"0","bottom":"0","left":"0","isLinked":false}},"elements":[],"isInner":false,"widgetType":"button","elType":"widget"}],"isInner":false,"elType":"column"}],"isInner":false,"elType":"section"},{"id":"612db108","settings":{"gap":"extended","background_background":"classic","padding":{"unit":"px","top":"60","right":"0","bottom":"0","left":"0","isLinked":false},"content_width":{"unit":"px","size":850},"background_color":"#ffffff","html_tag":"section"},"elements":[{"id":"2508e54a","settings":{"_column_size":100,"_inline_size":null},"elements":[{"id":"3e8a7a00","settings":{"editor":"<p>What most people like<\/p>","text_color":"#5e5e5e","typography_typography":"custom","typography_font_family":"Open Sans","typography_font_size":{"unit":"px","size":16},"typography_font_weight":"normal","typography_text_transform":"uppercase","typography_letter_spacing":{"unit":"px","size":5},"_margin":{"unit":"px","top":"0","right":"0","bottom":"-20","left":"0","isLinked":false},"align":"center","typography_font_size_mobile":{"unit":"px","size":14},"typography_letter_spacing_mobile":{"unit":"px","size":1},"_animation":"fadeInDown"},"elements":[],"isInner":false,"widgetType":"text-editor","elType":"widget"},{"id":"1d3a0879","settings":{"title":"Favorite Places","title_color":"#000000","typography_typography":"custom","typography_font_family":"Unica One","typography_font_size":{"unit":"rem","size":3.399999999999999911182158029987476766109466552734375},"typography_font_weight":"600","typography_letter_spacing":{"unit":"px","size":-2.399999999999999911182158029987476766109466552734375},"_margin":{"unit":"px","top":"0","right":"0","bottom":"60","left":"0","isLinked":false},"align":"center","typography_font_size_mobile":{"unit":"px","size":40},"_animation":"fadeInUp"},"elements":[],"isInner":false,"widgetType":"heading","elType":"widget"},{"id":"19b7d91f","settings":{"editor":"<p>Lorem ipsum dolor sit amet, consectetur adipiscing elit. Aenean faucibus vehicula leo, at feugiat nibh consequat bibendum. Sed eget dapibus quam. Vestibulum ultricies diam elementum velit imperdiet commodo.<\/p>","typography_typography":"custom","typography_font_family":"Open Sans","typography_font_size":{"unit":"rem","size":0.90000000000000002220446049250313080847263336181640625},"typography_line_height":{"unit":"em","size":1.600000000000000088817841970012523233890533447265625},"align":"center"},"elements":[],"isInner":false,"widgetType":"text-editor","elType":"widget"}],"isInner":false,"elType":"column"}],"isInner":false,"elType":"section"},{"id":"3df331b6","settings":{"gap":"extended","structure":"30","padding":{"unit":"px","top":"","right":"","bottom":"","left":"","isLinked":false},"background_background":"classic","background_color":"#ffffff","html_tag":"section"},"elements":[{"id":"7eb205","settings":{"_column_size":33,"_inline_size":null,"_inline_size_tablet":50},"elements":[{"id":"caa7886","settings":{"image":{"id":"3893","url":"https:\/\/cliente.shazamlnv.com\/setasolar\/wp-content\/uploads\/2022\/04\/7.jpg"},"image_size":"full","link_to":"file","open_lightbox":"yes","hover_animation":"shrink","_background_background":"classic","_background_color":"#f4f4f4"},"elements":[],"isInner":false,"widgetType":"image","elType":"widget"},{"id":"58533657","settings":{"editor":"<p>New Delhi<\/p>","typography_typography":"custom","typography_font_family":"Open Sans","typography_font_size":{"unit":"rem","size":0.90000000000000002220446049250313080847263336181640625},"typography_text_transform":"uppercase","typography_letter_spacing":{"unit":"px","size":3},"_margin":{"unit":"px","top":"0","right":"0","bottom":"-20","left":"0","isLinked":false}},"elements":[],"isInner":false,"widgetType":"text-editor","elType":"widget"},{"id":"548c33dd","settings":{"title":"India","title_color":"#000000","typography_typography":"custom","typography_font_family":"Unica One","typography_font_size":{"unit":"rem","size":2},"typography_font_weight":"500","typography_text_transform":"uppercase","typography_letter_spacing":{"unit":"px","size":-1.399999999999999911182158029987476766109466552734375},"_margin":{"unit":"px","top":"0","right":"0","bottom":"30","left":"0","isLinked":false},"link":{"url":"#","is_external":"","nofollow":""},"header_size":"h3"},"elements":[],"isInner":false,"widgetType":"heading","elType":"widget"}],"isInner":false,"elType":"column"},{"id":"429b59e9","settings":{"_column_size":33,"_inline_size":null,"_inline_size_tablet":50},"elements":[{"id":"4c014f10","settings":{"image":{"id":"3894","url":"https:\/\/cliente.shazamlnv.com\/setasolar\/wp-content\/uploads\/2022\/04\/6-1.jpg"},"image_size":"full","link_to":"file","open_lightbox":"yes","hover_animation":"shrink","_background_background":"classic","_background_color":"#f4f4f4"},"elements":[],"isInner":false,"widgetType":"image","elType":"widget"},{"id":"1965e810","settings":{"editor":"<p>SOuth East Asia<\/p>","typography_typography":"custom","typography_font_family":"Open Sans","typography_font_size":{"unit":"rem","size":0.90000000000000002220446049250313080847263336181640625},"typography_text_transform":"uppercase","typography_letter_spacing":{"unit":"px","size":3},"_margin":{"unit":"px","top":"0","right":"0","bottom":"-20","left":"0","isLinked":false}},"elements":[],"isInner":false,"widgetType":"text-editor","elType":"widget"},{"id":"d9d097d","settings":{"title":"Singapore","title_color":"#000000","typography_typography":"custom","typography_font_family":"Unica One","typography_font_size":{"unit":"rem","size":2},"typography_font_weight":"500","typography_text_transform":"uppercase","typography_letter_spacing":{"unit":"px","size":-1.399999999999999911182158029987476766109466552734375},"link":{"url":"#","is_external":"","nofollow":""},"header_size":"h3","_margin":{"unit":"px","top":"0","right":"0","bottom":"30","left":"0","isLinked":false}},"elements":[],"isInner":false,"widgetType":"heading","elType":"widget"}],"isInner":false,"elType":"column"},{"id":"6781e7a4","settings":{"_column_size":33,"_inline_size":null,"_inline_size_tablet":100},"elements":[{"id":"d1169cd","settings":{"image":{"id":"3895","url":"https:\/\/cliente.shazamlnv.com\/setasolar\/wp-content\/uploads\/2022\/04\/5-1.jpg"},"image_size":"full","link_to":"file","open_lightbox":"yes","hover_animation":"shrink","_background_background":"classic","_background_color":"#f4f4f4"},"elements":[],"isInner":false,"widgetType":"image","elType":"widget"},{"id":"42343702","settings":{"editor":"<p>Pacific Ocean<\/p>","typography_typography":"custom","typography_font_family":"Open Sans","typography_font_size":{"unit":"rem","size":0.90000000000000002220446049250313080847263336181640625},"typography_text_transform":"uppercase","typography_letter_spacing":{"unit":"px","size":3},"_margin":{"unit":"px","top":"0","right":"0","bottom":"-20","left":"0","isLinked":false}},"elements":[],"isInner":false,"widgetType":"text-editor","elType":"widget"},{"id":"848b97b","settings":{"title":"New Zealand","title_color":"#000000","typography_typography":"custom","typography_font_family":"Unica One","typography_font_size":{"unit":"rem","size":2},"typography_font_weight":"500","typography_text_transform":"uppercase","typography_letter_spacing":{"unit":"px","size":-1.399999999999999911182158029987476766109466552734375},"_margin":{"unit":"px","top":"0","right":"0","bottom":"30","left":"0","isLinked":false},"link":{"url":"#","is_external":"","nofollow":""},"header_size":"h3"},"elements":[],"isInner":false,"widgetType":"heading","elType":"widget"}],"isInner":false,"elType":"column"}],"isInner":false,"elType":"section"},{"id":"1dd434dd","settings":{"gap":"extended","structure":"30","padding":{"unit":"px","top":"0","right":"0","bottom":"60","left":"0","isLinked":false},"background_background":"classic","background_color":"#ffffff","html_tag":"section"},"elements":[{"id":"785a185","settings":{"_column_size":33,"_inline_size":null,"_inline_size_tablet":100},"elements":[{"id":"3a61fca1","settings":{"image":{"id":"3896","url":"https:\/\/cliente.shazamlnv.com\/setasolar\/wp-content\/uploads\/2022\/04\/10.jpg"},"image_size":"full","link_to":"file","open_lightbox":"yes","hover_animation":"shrink","_background_background":"classic","_background_color":"#f4f4f4"},"elements":[],"isInner":false,"widgetType":"image","elType":"widget"},{"id":"50900909","settings":{"editor":"<p>Hawaii<\/p>","typography_typography":"custom","typography_font_family":"Open Sans","typography_font_size":{"unit":"rem","size":0.90000000000000002220446049250313080847263336181640625},"typography_text_transform":"uppercase","typography_letter_spacing":{"unit":"px","size":3},"_margin":{"unit":"px","top":"0","right":"0","bottom":"-20","left":"0","isLinked":false}},"elements":[],"isInner":false,"widgetType":"text-editor","elType":"widget"},{"id":"5bc9c446","settings":{"title":"Honolulu","title_color":"#000000","typography_typography":"custom","typography_font_family":"Unica One","typography_font_size":{"unit":"rem","size":2},"typography_font_weight":"500","typography_text_transform":"uppercase","typography_letter_spacing":{"unit":"px","size":-1.399999999999999911182158029987476766109466552734375},"_margin":{"unit":"px","top":"0","right":"0","bottom":"30","left":"0","isLinked":false},"link":{"url":"#","is_external":"","nofollow":""},"header_size":"h3"},"elements":[],"isInner":false,"widgetType":"heading","elType":"widget"}],"isInner":false,"elType":"column"},{"id":"846d6a4","settings":{"_column_size":33,"_inline_size":null,"_inline_size_tablet":50},"elements":[{"id":"2e29ca6c","settings":{"image":{"id":"3897","url":"https:\/\/cliente.shazamlnv.com\/setasolar\/wp-content\/uploads\/2022\/04\/8.jpg"},"image_size":"full","link_to":"file","open_lightbox":"yes","hover_animation":"shrink","_background_background":"classic","_background_color":"#f4f4f4"},"elements":[],"isInner":false,"widgetType":"image","elType":"widget"},{"id":"93aa993","settings":{"editor":"<p>Indonesia<\/p>","typography_typography":"custom","typography_font_family":"Open Sans","typography_font_size":{"unit":"rem","size":0.90000000000000002220446049250313080847263336181640625},"typography_text_transform":"uppercase","typography_letter_spacing":{"unit":"px","size":3},"_margin":{"unit":"px","top":"0","right":"0","bottom":"-20","left":"0","isLinked":false}},"elements":[],"isInner":false,"widgetType":"text-editor","elType":"widget"},{"id":"7deabe64","settings":{"title":"Kuta Bali","title_color":"#000000","typography_typography":"custom","typography_font_family":"Unica One","typography_font_size":{"unit":"rem","size":2},"typography_font_weight":"500","typography_text_transform":"uppercase","typography_letter_spacing":{"unit":"px","size":-1.399999999999999911182158029987476766109466552734375},"_margin":{"unit":"px","top":"0","right":"0","bottom":"30","left":"0","isLinked":false},"link":{"url":"#","is_external":"","nofollow":""},"header_size":"h3"},"elements":[],"isInner":false,"widgetType":"heading","elType":"widget"}],"isInner":false,"elType":"column"},{"id":"36f4689c","settings":{"_column_size":33,"_inline_size":null,"_inline_size_tablet":50},"elements":[{"id":"72d97b1a","settings":{"image":{"id":"3898","url":"https:\/\/cliente.shazamlnv.com\/setasolar\/wp-content\/uploads\/2022\/04\/9.jpg"},"image_size":"full","link_to":"file","open_lightbox":"yes","hover_animation":"shrink","_background_background":"classic","_background_color":"#f4f4f4"},"elements":[],"isInner":false,"widgetType":"image","elType":"widget"},{"id":"426e1b53","settings":{"editor":"<p>Nepal<\/p>","typography_typography":"custom","typography_font_family":"Open Sans","typography_font_size":{"unit":"rem","size":0.90000000000000002220446049250313080847263336181640625},"typography_text_transform":"uppercase","typography_letter_spacing":{"unit":"px","size":3},"_margin":{"unit":"px","top":"0","right":"0","bottom":"-20","left":"0","isLinked":false}},"elements":[],"isInner":false,"widgetType":"text-editor","elType":"widget"},{"id":"7270a523","settings":{"title":"Himalayas ","title_color":"#000000","typography_typography":"custom","typography_font_family":"Unica One","typography_font_size":{"unit":"rem","size":2},"typography_font_weight":"500","typography_text_transform":"uppercase","typography_letter_spacing":{"unit":"px","size":-1.399999999999999911182158029987476766109466552734375},"_margin":{"unit":"px","top":"0","right":"0","bottom":"30","left":"0","isLinked":false},"link":{"url":"#","is_external":"","nofollow":""},"header_size":"h3"},"elements":[],"isInner":false,"widgetType":"heading","elType":"widget"}],"isInner":false,"elType":"column"}],"isInner":false,"elType":"section"},{"id":"379b22e","settings":{"gap":"extended","content_position":"middle","structure":"20","background_background":"classic","background_image":{"id":"3899","url":"https:\/\/cliente.shazamlnv.com\/setasolar\/wp-content\/uploads\/2022\/04\/pexels-photo-1002272.jpeg"},"background_position":"center center","background_attachment":"fixed","background_size":"cover","background_overlay_background":"classic","background_overlay_color":"#000000","background_overlay_opacity":{"unit":"px","size":0.179999999999999993338661852249060757458209991455078125},"padding":{"unit":"%","top":"7","right":"0","bottom":"6","left":"0","isLinked":false},"shape_divider_top_height":{"unit":"px","size":48},"shape_divider_bottom_color":"#f4f4f4","shape_divider_bottom_height":{"unit":"px","size":35},"background_color":"#ffffff","shape_divider_top_width":{"unit":"%","size":127},"shape_divider_bottom_width":{"unit":"%","size":200},"padding_mobile":{"unit":"%","top":"21","right":"0","bottom":"25","left":"0","isLinked":false},"shape_divider_top_width_tablet":{"unit":"%","size":225},"padding_tablet":{"unit":"em","top":"2","right":"2","bottom":"2","left":"2","isLinked":true},"html_tag":"section"},"elements":[{"id":"1fa9ce80","settings":{"_column_size":50,"_inline_size":null,"_inline_size_tablet":100},"elements":[{"id":"636c81bc","settings":{"editor":"<p>The most affordable price<\/p>","text_color":"rgba(255,255,255,0.84)","typography_typography":"custom","typography_font_family":"Open Sans","typography_font_size":{"unit":"px","size":16},"typography_font_weight":"normal","typography_text_transform":"uppercase","typography_letter_spacing":{"unit":"px","size":5},"_margin":{"unit":"px","top":"0","right":"0","bottom":"-20","left":"0","isLinked":false},"align_tablet":"left","typography_font_size_mobile":{"unit":"px","size":14},"typography_letter_spacing_mobile":{"unit":"px","size":1},"_animation":"fadeInDown"},"elements":[],"isInner":false,"widgetType":"text-editor","elType":"widget"},{"id":"5ce7c488","settings":{"title":"Get 20% discount <br>on select packages!","title_color":"#ffffff","typography_typography":"custom","typography_font_family":"Viga","typography_font_size":{"unit":"rem","size":3.70000000000000017763568394002504646778106689453125},"typography_font_weight":"400","typography_letter_spacing":{"unit":"px","size":-0.299999999999999988897769753748434595763683319091796875},"_margin":{"unit":"px","top":"0","right":"0","bottom":"60","left":"0","isLinked":false},"typography_font_size_mobile":{"unit":"px","size":40},"_animation":"fadeInUp"},"elements":[],"isInner":false,"widgetType":"heading","elType":"widget"}],"isInner":false,"elType":"column"},{"id":"2726595f","settings":{"_column_size":50,"_inline_size":null,"_inline_size_tablet":100},"elements":[{"id":"338c92e1","settings":{"text":"Book Now","align":"right","typography_typography":"custom","typography_font_family":"Open Sans","typography_font_size":{"unit":"px","size":14},"typography_font_weight":"600","typography_text_transform":"uppercase","background_color":"#f44336","button_background_hover_color":"#36f485","hover_animation":"sink","border_radius":{"unit":"px","top":"100","right":"100","bottom":"100","left":"100","isLinked":true},"text_padding":{"unit":"px","top":"15","right":"30","bottom":"15","left":"30","isLinked":false},"align_tablet":"center","align_mobile":"center","text_padding_mobile":{"unit":"em","top":"1","right":"7","bottom":"1","left":"7","isLinked":false},"_margin_mobile":{"unit":"%","top":"","right":"","bottom":"","left":"","isLinked":false},"_padding_mobile":{"unit":"%","top":"0","right":"0","bottom":"0","left":"0","isLinked":false}},"elements":[],"isInner":false,"widgetType":"button","elType":"widget"}],"isInner":false,"elType":"column"}],"isInner":false,"elType":"section"},{"id":"19a473d7","settings":{"gap":"extended","background_background":"classic","padding":{"unit":"px","top":"60","right":"0","bottom":"0","left":"0","isLinked":false},"content_width":{"unit":"px","size":850},"background_color":"#ffffff","html_tag":"section"},"elements":[{"id":"612ba21b","settings":{"_column_size":100,"_inline_size":null},"elements":[{"id":"190682e4","settings":{"editor":"<p>From our instagram<\/p>","text_color":"#5e5e5e","typography_typography":"custom","typography_font_family":"Open Sans","typography_font_size":{"unit":"px","size":16},"typography_font_weight":"normal","typography_text_transform":"uppercase","typography_letter_spacing":{"unit":"px","size":5},"_margin":{"unit":"px","top":"0","right":"0","bottom":"-20","left":"0","isLinked":false},"align":"center","typography_font_size_mobile":{"unit":"px","size":14},"typography_letter_spacing_mobile":{"unit":"px","size":1}},"elements":[],"isInner":false,"widgetType":"text-editor","elType":"widget"},{"id":"6992be93","settings":{"title":"#travelnow","title_color":"#000000","typography_typography":"custom","typography_font_family":"Unica One","typography_font_size":{"unit":"rem","size":3.399999999999999911182158029987476766109466552734375},"typography_font_weight":"600","typography_letter_spacing":{"unit":"px","size":-2.399999999999999911182158029987476766109466552734375},"_margin":{"unit":"px","top":"0","right":"0","bottom":"60","left":"0","isLinked":false},"align":"center","typography_font_size_mobile":{"unit":"px","size":40},"_animation":"fadeInUp"},"elements":[],"isInner":false,"widgetType":"heading","elType":"widget"},{"id":"838290e","settings":{"editor":"<p>Lorem ipsum dolor sit amet, consectetur adipiscing elit. Aenean faucibus vehicula leo, at feugiat nibh consequat bibendum. Sed eget dapibus quam. Vestibulum ultricies diam elementum velit imperdiet commodo.<\/p>","typography_typography":"custom","typography_font_family":"Open Sans","typography_font_size":{"unit":"px","size":14},"typography_line_height":{"unit":"em","size":1.600000000000000088817841970012523233890533447265625},"_margin":{"unit":"px","top":"0","right":"0","bottom":"60","left":"0","isLinked":false},"hide_mobile":"hidden-phone","align":"center"},"elements":[],"isInner":false,"widgetType":"text-editor","elType":"widget"}],"isInner":false,"elType":"column"}],"isInner":false,"elType":"section"},{"id":"12459d72","settings":{"gap":"no","structure":"20","padding":{"unit":"px","top":"0","right":"0","bottom":"60","left":"0","isLinked":false},"content_position":"bottom","background_background":"classic","background_color":"#ffffff","html_tag":"section"},"elements":[{"id":"1f7ae4fa","settings":{"_column_size":50,"_inline_size":49.8250000000000028421709430404007434844970703125,"_inline_size_tablet":100},"elements":[{"id":"5e2c307d","settings":{"gap":"no","content_position":"bottom","background_background":"classic","background_color":"#ffffff","margin":{"unit":"%","top":"0","right":0,"bottom":"0","left":0,"isLinked":true},"padding":{"unit":"%","top":"0","right":"0","bottom":"0","left":"0","isLinked":false}},"elements":[{"id":"adfe9cf","settings":{"_column_size":100,"_inline_size":null,"background_background":"classic","background_position":"center center","background_size":"cover","background_overlay_background":"classic","background_overlay_color":"#000000","background_overlay_opacity":{"unit":"px","size":0},"background_overlay_hover_background":"classic","background_overlay_hover_color":"#000000","background_overlay_hover_opacity":{"unit":"px","size":0.11000000000000000055511151231257827021181583404541015625},"margin":{"unit":"px","top":"10","right":"10","bottom":"10","left":"10","isLinked":true},"padding":{"unit":"px","top":"10","right":"10","bottom":"10","left":"10","isLinked":true},"_inline_size_tablet":100},"elements":[{"id":"5a9a5376","settings":{"image":{"id":"3900","url":"https:\/\/cliente.shazamlnv.com\/setasolar\/wp-content\/uploads\/2022\/04\/pexels-photo-1418357.jpeg"},"hover_animation":"shrink","width":{"unit":"%","size":100,"sizes":[]},"height":{"unit":"px","size":398,"sizes":[]},"_margin":{"unit":"em","top":"-2","right":"-1","bottom":"-1","left":"-1","isLinked":false}},"elements":[],"isInner":false,"widgetType":"image","elType":"widget"}],"isInner":true,"elType":"column"}],"isInner":true,"elType":"section"}],"isInner":false,"elType":"column"},{"id":"42f5b6bc","settings":{"_column_size":50,"_inline_size":50.1749999999999971578290569595992565155029296875,"_inline_size_tablet":100},"elements":[{"id":"b99c2bb","settings":{"structure":"20","gap":"extended","background_background":"classic","background_color":"#ffffff","margin":{"unit":"px","top":"0","right":0,"bottom":"0","left":0,"isLinked":true}},"elements":[{"id":"462985a4","settings":{"_column_size":50,"_inline_size":null},"elements":[{"id":"759b719a","settings":{"image":{"id":"3901","url":"https:\/\/cliente.shazamlnv.com\/setasolar\/wp-content\/uploads\/2022\/04\/family2.jpg"},"image_size":"custom","link_to":"file","open_lightbox":"yes","hover_animation":"shrink","_background_background":"classic","_background_color":"#f4f4f4","image_custom_dimension":{"width":"680","height":"440"}},"elements":[],"isInner":false,"widgetType":"image","elType":"widget"}],"isInner":true,"elType":"column"},{"id":"7ba79ee3","settings":{"_column_size":50,"_inline_size":null},"elements":[{"id":"463e486a","settings":{"link":"https:\/\/www.youtube.com\/watch?v=L3V7LKYPIUQ","vimeo_link":"https:\/\/vimeo.com\/235215203","yt_controls":"","yt_showinfo":"","show_image_overlay":"yes","image_overlay":{"id":"3902","url":"https:\/\/cliente.shazamlnv.com\/setasolar\/wp-content\/uploads\/2022\/04\/bg2.jpg"},"lightbox":"yes","play_icon_size":{"unit":"px","size":50},"_border_hover_width":{"unit":"px","top":"3","right":"3","bottom":"3","left":"3","isLinked":true},"_box_shadow_hover_box_shadow_type":"yes","_box_shadow_hover_box_shadow":{"horizontal":0,"vertical":0,"blur":0,"spread":10,"color":"#f4f4f4"},"youtube_url":"https:\/\/www.youtube.com\/watch?v=L3V7LKYPIUQ","vimeo_url":"https:\/\/vimeo.com\/235215203","dailymotion_url":"https:\/\/www.dailymotion.com\/video\/x6tqhqb"},"elements":[],"isInner":false,"widgetType":"video","elType":"widget"}],"isInner":true,"elType":"column"}],"isInner":true,"elType":"section"},{"id":"47a23e03","settings":{"structure":"20","gap":"extended","background_background":"classic","background_color":"#ffffff"},"elements":[{"id":"64dfb9d6","settings":{"_column_size":50,"_inline_size":null},"elements":[{"id":"17068d16","settings":{"link":"https:\/\/www.youtube.com\/watch?v=L3V7LKYPIUQ","vimeo_link":"https:\/\/vimeo.com\/235215203","yt_controls":"","yt_showinfo":"","show_image_overlay":"yes","image_overlay":{"id":"3896","url":"https:\/\/cliente.shazamlnv.com\/setasolar\/wp-content\/uploads\/2022\/04\/10.jpg"},"lightbox":"yes","play_icon_size":{"unit":"px","size":50},"_box_shadow_hover_box_shadow_type":"yes","_box_shadow_hover_box_shadow":{"horizontal":0,"vertical":0,"blur":0,"spread":10,"color":"#f4f4f4"},"youtube_url":"https:\/\/www.youtube.com\/watch?v=L3V7LKYPIUQ","vimeo_url":"https:\/\/vimeo.com\/235215203","dailymotion_url":"https:\/\/www.dailymotion.com\/video\/x6tqhqb"},"elements":[],"isInner":false,"widgetType":"video","elType":"widget"}],"isInner":true,"elType":"column"},{"id":"78846d35","settings":{"_column_size":50,"_inline_size":null},"elements":[{"id":"5609201d","settings":{"image":{"id":"3893","url":"https:\/\/cliente.shazamlnv.com\/setasolar\/wp-content\/uploads\/2022\/04\/7.jpg"},"link_to":"file","open_lightbox":"yes","image_size":"custom","hover_animation":"shrink","_background_background":"classic","_background_color":"#f4f4f4","image_custom_dimension":{"width":"640","height":"460"}},"elements":[],"isInner":false,"widgetType":"image","elType":"widget"}],"isInner":true,"elType":"column"}],"isInner":true,"elType":"section"}],"isInner":false,"elType":"column"}],"isInner":false,"elType":"section"},{"id":"7bce6912","settings":{"gap":"no","background_background":"classic","background_color":"#ffffff","padding":{"unit":"px","top":"100","right":"0","bottom":"100","left":"0","isLinked":false},"background_overlay_background":"classic","background_overlay_opacity":{"unit":"px","size":0.200000000000000011102230246251565404236316680908203125},"background_image":{"id":"3903","url":"https:\/\/cliente.shazamlnv.com\/setasolar\/wp-content\/uploads\/2022\/04\/pexels-photo-584327.jpeg"},"background_position":"initial","background_position_tablet":"bottom center","background_ypos":{"unit":"px","size":675},"background_repeat":"repeat","background_size":"cover","background_overlay_color":"#000000","shape_divider_top_color":"#ffffff","shape_divider_top_width":{"unit":"%","size":177},"shape_divider_top_height":{"unit":"px","size":45},"shape_divider_bottom_color":"#ffffff","shape_divider_bottom_width":{"unit":"%","size":100},"shape_divider_bottom_height":{"unit":"px","size":60},"padding_tablet":{"unit":"em","top":"2","right":"2","bottom":"2","left":"2","isLinked":true},"html_tag":"section"},"elements":[{"id":"40c09d8f","settings":{"_column_size":100,"_inline_size":75,"_inline_size_tablet":100,"padding_tablet":{"unit":"em","top":"1","right":"1","bottom":"1","left":"1","isLinked":true}},"elements":[{"id":"3fb38e13","settings":{"title":"This is how memories are made!","title_color":"#ffffff","typography_typography":"custom","typography_font_family":"Viga","typography_font_size":{"unit":"rem","size":3.79999999999999982236431605997495353221893310546875},"typography_font_weight":"400","typography_letter_spacing":{"unit":"px","size":-1.399999999999999911182158029987476766109466552734375},"_margin":{"unit":"px","top":"0","right":"0","bottom":"30","left":"0","isLinked":false},"link":{"url":"#","is_external":"","nofollow":""},"typography_font_size_tablet":{"unit":"rem","size":4.70000000000000017763568394002504646778106689453125},"typography_font_size_mobile":{"unit":"px","size":40},"_padding_tablet":{"unit":"em","top":"0","right":"0","bottom":"0","left":"0","isLinked":true},"_animation":"fadeInUp"},"elements":[],"isInner":false,"widgetType":"heading","elType":"widget"},{"id":"21423ca5","settings":{"editor":"<p>Lorem ipsum dolor sit amet, consectetur adipiscing elit. Aenean faucibus vehicula leo, at feugiat nibh consequat bibendum. Sed eget dapibus quam. Vestibulum ultricies diam elementum velit imperdiet commodo.<\/p>","typography_typography":"custom","typography_font_family":"Open Sans","typography_font_size":{"unit":"px","size":14},"typography_line_height":{"unit":"em","size":1.600000000000000088817841970012523233890533447265625},"_margin":{"unit":"px","top":"0","right":"0","bottom":"60","left":"0","isLinked":false},"hide_mobile":"hidden-phone","align":"left","text_color":"#ffffff"},"elements":[],"isInner":false,"widgetType":"text-editor","elType":"widget"}],"isInner":false,"elType":"column"},{"id":"141aa1a4","settings":{"_column_size":100,"_inline_size":25,"_inline_size_tablet":100,"content_position":"center","padding_tablet":{"unit":"em","top":"1","right":"1","bottom":"1","left":"1","isLinked":true}},"elements":[{"id":"1133f9a3","settings":{"text":"Contact us","align":"right","typography_typography":"custom","typography_font_family":"Open Sans","typography_font_size":{"unit":"px","size":14},"typography_font_weight":"600","typography_text_transform":"uppercase","background_color":"#f44336","button_background_hover_color":"#36f485","hover_animation":"sink","border_radius":{"unit":"px","top":"100","right":"100","bottom":"100","left":"100","isLinked":true},"text_padding":{"unit":"px","top":"15","right":"30","bottom":"15","left":"30","isLinked":false},"align_tablet":"left","align_mobile":"center","text_padding_mobile":{"unit":"em","top":"1","right":"7","bottom":"1","left":"7","isLinked":false}},"elements":[],"isInner":false,"widgetType":"button","elType":"widget"}],"isInner":false,"elType":"column"}],"isInner":false,"elType":"section"}],"page_settings":[],"version":"0.4","title":"EMPRESA DE TURISMO","type":"section"}