{
    "version": "0.4",
    "title": "404 Page",
    "type": "page",
    "metadata": {
        "template_type": "single-page",
        "include_in_zip": "1",
        "elementor_pro_required": null,
        "wp_page_template": "elementor_canvas"
    },
    "content": [
        {
            "id": "71f3a100",
            "settings": {
                "padding": {
                    "unit": "px",
                    "top": "200",
                    "right": "0",
                    "bottom": "200",
                    "left": "0",
                    "isLinked": false
                },
                "z_index": 9,
                "margin_mobile": {
                    "unit": "px",
                    "top": "-511",
                    "right": 0,
                    "bottom": "0",
                    "left": 0,
                    "isLinked": false
                },
                "padding_mobile": {
                    "unit": "em",
                    "top": "13",
                    "right": "1",
                    "bottom": "4",
                    "left": "1",
                    "isLinked": false
                },
                "background_background": "classic",
                "background_color": "#FFFFFF",
                "background_position": "center center",
                "background_repeat": "no-repeat",
                "background_size": "auto",
                "margin": {
                    "unit": "px",
                    "top": "0",
                    "right": 0,
                    "bottom": "0",
                    "left": 0,
                    "isLinked": false
                },
                "margin_tablet": {
                    "unit": "px",
                    "top": "-165",
                    "right": 0,
                    "bottom": "0",
                    "left": 0,
                    "isLinked": false
                },
                "padding_tablet": {
                    "unit": "em",
                    "top": "12",
                    "right": "0",
                    "bottom": "4",
                    "left": "0",
                    "isLinked": false
                },
                "background_image": {
                    "id": 10,
                    "url": "https:\/\/creativedigital.tech\/foodkit\/wp-content\/uploads\/2020\/11\/Group-1.png"
                },
                "height": "full"
            },
            "elements": [
                {
                    "id": "41d7d801",
                    "settings": {
                        "_column_size": 100,
                        "_inline_size": null,
                        "margin": {
                            "unit": "px",
                            "top": "0",
                            "right": "0",
                            "bottom": "0",
                            "left": "0",
                            "isLinked": false
                        }
                    },
                    "elements": [
                        {
                            "id": "474fd1a9",
                            "settings": {
                                "title": "Coming Soon",
                                "align": "center",
                                "title_color": "#FFFFFF",
                                "typography_typography": "custom",
                                "typography_font_family": "Open Sans",
                                "typography_font_size": {
                                    "unit": "px",
                                    "size": 22,
                                    "sizes": []
                                },
                                "typography_font_weight": "600",
                                "typography_line_height": {
                                    "unit": "px",
                                    "size": 26,
                                    "sizes": []
                                },
                                "typography_letter_spacing": {
                                    "unit": "px",
                                    "size": 0,
                                    "sizes": []
                                },
                                "_padding": {
                                    "unit": "em",
                                    "top": "0",
                                    "right": "2",
                                    "bottom": "0",
                                    "left": "2",
                                    "isLinked": false
                                },
                                "_background_image": {
                                    "id": "207",
                                    "url": "https:\/\/creativedigital.tech\/foodkit\/wp-content\/uploads\/2020\/11\/draw.svg"
                                },
                                "_background_position": "initial",
                                "_background_xpos": {
                                    "unit": "px",
                                    "size": 669,
                                    "sizes": []
                                },
                                "_background_ypos": {
                                    "unit": "px",
                                    "size": 116,
                                    "sizes": []
                                },
                                "_background_repeat": "no-repeat",
                                "typography_text_transform": "capitalize",
                                "typography_font_size_mobile": {
                                    "unit": "px",
                                    "size": 30,
                                    "sizes": []
                                },
                                "typography_line_height_mobile": {
                                    "unit": "px",
                                    "size": 36,
                                    "sizes": []
                                },
                                "_animation": "fadeInUp",
                                "align_mobile": "center",
                                "_margin_mobile": {
                                    "unit": "px",
                                    "top": "0",
                                    "right": "0",
                                    "bottom": "0",
                                    "left": "0",
                                    "isLinked": false
                                },
                                "_padding_mobile": {
                                    "unit": "px",
                                    "top": "0",
                                    "right": "0",
                                    "bottom": "0",
                                    "left": "0",
                                    "isLinked": false
                                }
                            },
                            "elements": [],
                            "isInner": false,
                            "widgetType": "heading",
                            "elType": "widget"
                        },
                        {
                            "id": "3a0a2dab",
                            "settings": {
                                "title": "404",
                                "align": "center",
                                "title_color": "#FFFFFF",
                                "typography_typography": "custom",
                                "typography_font_family": "Playfair Display",
                                "typography_font_size": {
                                    "unit": "px",
                                    "size": 140,
                                    "sizes": []
                                },
                                "typography_font_weight": "600",
                                "typography_line_height": {
                                    "unit": "px",
                                    "size": 168,
                                    "sizes": []
                                },
                                "typography_letter_spacing": {
                                    "unit": "px",
                                    "size": 0,
                                    "sizes": []
                                },
                                "_padding": {
                                    "unit": "em",
                                    "top": "0",
                                    "right": "2",
                                    "bottom": "0",
                                    "left": "2",
                                    "isLinked": false
                                },
                                "_background_image": {
                                    "id": "207",
                                    "url": "https:\/\/creativedigital.tech\/foodkit\/wp-content\/uploads\/2020\/11\/draw.svg"
                                },
                                "_background_position": "initial",
                                "_background_xpos": {
                                    "unit": "px",
                                    "size": 669,
                                    "sizes": []
                                },
                                "_background_ypos": {
                                    "unit": "px",
                                    "size": 116,
                                    "sizes": []
                                },
                                "_background_repeat": "no-repeat",
                                "typography_text_transform": "capitalize",
                                "typography_font_size_mobile": {
                                    "unit": "px",
                                    "size": 30,
                                    "sizes": []
                                },
                                "typography_line_height_mobile": {
                                    "unit": "px",
                                    "size": 36,
                                    "sizes": []
                                },
                                "_animation": "fadeInUp",
                                "align_mobile": "center",
                                "_margin_mobile": {
                                    "unit": "px",
                                    "top": "0",
                                    "right": "0",
                                    "bottom": "0",
                                    "left": "0",
                                    "isLinked": false
                                },
                                "_padding_mobile": {
                                    "unit": "px",
                                    "top": "0",
                                    "right": "0",
                                    "bottom": "0",
                                    "left": "0",
                                    "isLinked": false
                                },
                                "_margin": {
                                    "unit": "px",
                                    "top": "-50",
                                    "right": "0",
                                    "bottom": "0",
                                    "left": "0",
                                    "isLinked": false
                                }
                            },
                            "elements": [],
                            "isInner": false,
                            "widgetType": "heading",
                            "elType": "widget"
                        },
                        {
                            "id": "3da222a6",
                            "settings": {
                                "text": "Back To Home",
                                "align": "center",
                                "button_text_color": "#FFFFFF",
                                "background_color": "#61CE7000",
                                "hover_color": "#FFFFFF",
                                "button_background_hover_color": "#07082D",
                                "button_hover_border_color": "#07082D",
                                "hover_animation": "grow",
                                "border_border": "solid",
                                "border_width": {
                                    "unit": "px",
                                    "top": "1",
                                    "right": "1",
                                    "bottom": "1",
                                    "left": "1",
                                    "isLinked": true
                                },
                                "border_color": "#FFFFFF",
                                "border_radius": {
                                    "unit": "px",
                                    "top": "1000",
                                    "right": "1000",
                                    "bottom": "1000",
                                    "left": "1000",
                                    "isLinked": false
                                },
                                "text_padding": {
                                    "unit": "px",
                                    "top": "18",
                                    "right": "35",
                                    "bottom": "18",
                                    "left": "35",
                                    "isLinked": false
                                },
                                "_padding": {
                                    "unit": "px",
                                    "top": "0",
                                    "right": "0",
                                    "bottom": "0",
                                    "left": "0",
                                    "isLinked": false
                                },
                                "align_mobile": "center",
                                "_margin": {
                                    "unit": "px",
                                    "top": "50",
                                    "right": "0",
                                    "bottom": "0",
                                    "left": "0",
                                    "isLinked": false
                                },
                                "align_tablet": "center"
                            },
                            "elements": [],
                            "isInner": false,
                            "widgetType": "button",
                            "elType": "widget"
                        }
                    ],
                    "isInner": false,
                    "elType": "column"
                }
            ],
            "isInner": false,
            "elType": "section"
        }
    ]
}