{
    "version": "0.4",
    "title": "Footer",
    "type": "section",
    "metadata": {
        "template_type": "section-footer",
        "include_in_zip": "1",
        "elementor_pro_required": null,
        "wp_page_template": "elementor_canvas"
    },
    "content": [
        {
            "id": "33fbf884",
            "settings": {
                "content_width": {
                    "unit": "px",
                    "size": 1260,
                    "sizes": []
                },
                "structure": "32",
                "padding": {
                    "unit": "px",
                    "top": "100",
                    "right": "0",
                    "bottom": "100",
                    "left": "0",
                    "isLinked": false
                },
                "background_background": "classic",
                "background_image": {
                    "url": "https:\/\/creativedigital.tech\/foodkit\/wp-content\/uploads\/2020\/11\/Group-497.png",
                    "id": 124
                },
                "background_position": "initial",
                "background_xpos": {
                    "unit": "vw",
                    "size": 80,
                    "sizes": []
                },
                "background_ypos": {
                    "unit": "px",
                    "size": 220,
                    "sizes": []
                },
                "background_repeat": "no-repeat",
                "background_size": "auto",
                "z_index": 10
            },
            "elements": [
                {
                    "id": "198c1889",
                    "settings": {
                        "_column_size": 50,
                        "_inline_size": null
                    },
                    "elements": [
                        {
                            "id": "7816ceea",
                            "settings": {
                                "image": {
                                    "url": "https:\/\/creativedigital.tech\/foodkit\/wp-content\/uploads\/2020\/11\/foodkit.png",
                                    "id": 11
                                },
                                "image_size": "full",
                                "align": "left"
                            },
                            "elements": [],
                            "isInner": false,
                            "widgetType": "image",
                            "elType": "widget"
                        },
                        {
                            "id": "3e5fe3b6",
                            "settings": {
                                "editor": "any where, anytime. enjoy your<br>\nlearning time!",
                                "align": "left",
                                "text_color": "#808398",
                                "typography_typography": "custom",
                                "typography_font_family": "Open Sans",
                                "typography_font_size": {
                                    "unit": "px",
                                    "size": 16,
                                    "sizes": []
                                },
                                "typography_font_weight": "400",
                                "typography_line_height": {
                                    "unit": "px",
                                    "size": 24,
                                    "sizes": []
                                },
                                "_margin": {
                                    "unit": "px",
                                    "top": "0",
                                    "right": "0",
                                    "bottom": "0",
                                    "left": "0",
                                    "isLinked": false
                                }
                            },
                            "elements": [],
                            "isInner": false,
                            "widgetType": "text-editor",
                            "elType": "widget"
                        },
                        {
                            "id": "22519b01",
                            "settings": {
                                "social_icon_list": [
                                    {
                                        "social_icon": {
                                            "value": "fab fa-facebook",
                                            "library": "fa-brands"
                                        },
                                        "_id": "aac8043"
                                    },
                                    {
                                        "social_icon": {
                                            "value": "fab fa-twitter",
                                            "library": "fa-brands"
                                        },
                                        "_id": "89330e7"
                                    },
                                    {
                                        "social_icon": {
                                            "value": "fab fa-youtube",
                                            "library": "fa-brands"
                                        },
                                        "_id": "bdeadbe"
                                    },
                                    {
                                        "social_icon": {
                                            "value": "fab fa-telegram",
                                            "library": "fa-brands"
                                        },
                                        "_id": "0f6d1ca"
                                    }
                                ],
                                "align": "left",
                                "icon_color": "custom",
                                "icon_primary_color": "#FFFFFF",
                                "icon_secondary_color": "#0C102A",
                                "icon_size": {
                                    "unit": "px",
                                    "size": 16,
                                    "sizes": []
                                },
                                "icon_spacing": {
                                    "unit": "px",
                                    "size": 18,
                                    "sizes": []
                                },
                                "image_border_border": "solid",
                                "image_border_width": {
                                    "unit": "px",
                                    "top": "1",
                                    "right": "1",
                                    "bottom": "1",
                                    "left": "1",
                                    "isLinked": true
                                },
                                "border_radius": {
                                    "unit": "px",
                                    "top": "50",
                                    "right": "50",
                                    "bottom": "50",
                                    "left": "50",
                                    "isLinked": true
                                },
                                "hover_primary_color": "#000000",
                                "hover_secondary_color": "#FFFFFF",
                                "_margin": {
                                    "unit": "px",
                                    "top": "20",
                                    "right": "0",
                                    "bottom": "0",
                                    "left": "0",
                                    "isLinked": false
                                }
                            },
                            "elements": [],
                            "isInner": false,
                            "widgetType": "social-icons",
                            "elType": "widget"
                        }
                    ],
                    "isInner": false,
                    "elType": "column"
                },
                {
                    "id": "637fb8cf",
                    "settings": {
                        "_column_size": 25,
                        "_inline_size": null
                    },
                    "elements": [
                        {
                            "id": "4a63a03b",
                            "settings": {
                                "title": "information",
                                "align": "left",
                                "title_color": "#0C102A",
                                "typography_typography": "custom",
                                "typography_font_family": "Open Sans",
                                "typography_font_size": {
                                    "unit": "px",
                                    "size": 15,
                                    "sizes": []
                                },
                                "typography_font_weight": "600",
                                "typography_text_transform": "capitalize",
                                "typography_line_height": {
                                    "unit": "px",
                                    "size": 24,
                                    "sizes": []
                                },
                                "typography_letter_spacing": {
                                    "unit": "px",
                                    "size": 0,
                                    "sizes": []
                                }
                            },
                            "elements": [],
                            "isInner": false,
                            "widgetType": "heading",
                            "elType": "widget"
                        },
                        {
                            "id": "5f7a4e91",
                            "settings": {
                                "menu": "footer-menu-1",
                                "dropdown": "none",
                                "resp_align": "left",
                                "menu_typography_typography": "custom",
                                "menu_typography_font_family": "Open Sans",
                                "menu_typography_font_size": {
                                    "unit": "px",
                                    "size": 16,
                                    "sizes": []
                                },
                                "menu_typography_font_weight": "400",
                                "color_menu_item": "#808398",
                                "color_menu_item_hover": "#808398",
                                "color_menu_item_active": "#808398",
                                "_margin": {
                                    "unit": "px",
                                    "top": "0",
                                    "right": "0",
                                    "bottom": "0",
                                    "left": "-15",
                                    "isLinked": false
                                },
                                "_padding": {
                                    "unit": "px",
                                    "top": "0",
                                    "right": "160",
                                    "bottom": "0",
                                    "left": "0",
                                    "isLinked": false
                                }
                            },
                            "elements": [],
                            "isInner": false,
                            "widgetType": "navigation-menu",
                            "elType": "widget"
                        }
                    ],
                    "isInner": false,
                    "elType": "column"
                },
                {
                    "id": "693a3e60",
                    "settings": {
                        "_column_size": 25,
                        "_inline_size": null
                    },
                    "elements": [
                        {
                            "id": "46bd59ef",
                            "settings": {
                                "title": "our menu",
                                "align": "left",
                                "title_color": "#0C102A",
                                "typography_typography": "custom",
                                "typography_font_family": "Open Sans",
                                "typography_font_size": {
                                    "unit": "px",
                                    "size": 15,
                                    "sizes": []
                                },
                                "typography_font_weight": "600",
                                "typography_text_transform": "capitalize",
                                "typography_line_height": {
                                    "unit": "px",
                                    "size": 24,
                                    "sizes": []
                                },
                                "typography_letter_spacing": {
                                    "unit": "px",
                                    "size": 0,
                                    "sizes": []
                                }
                            },
                            "elements": [],
                            "isInner": false,
                            "widgetType": "heading",
                            "elType": "widget"
                        },
                        {
                            "id": "480312e",
                            "settings": {
                                "menu": "footer-menu-2",
                                "dropdown": "none",
                                "resp_align": "left",
                                "menu_typography_typography": "custom",
                                "menu_typography_font_family": "Open Sans",
                                "menu_typography_font_size": {
                                    "unit": "px",
                                    "size": 16,
                                    "sizes": []
                                },
                                "menu_typography_font_weight": "400",
                                "color_menu_item": "#808398",
                                "color_menu_item_hover": "#808398",
                                "color_menu_item_active": "#808398",
                                "_margin": {
                                    "unit": "px",
                                    "top": "0",
                                    "right": "0",
                                    "bottom": "0",
                                    "left": "-15",
                                    "isLinked": false
                                },
                                "_padding": {
                                    "unit": "px",
                                    "top": "0",
                                    "right": "160",
                                    "bottom": "0",
                                    "left": "0",
                                    "isLinked": false
                                }
                            },
                            "elements": [],
                            "isInner": false,
                            "widgetType": "navigation-menu",
                            "elType": "widget"
                        }
                    ],
                    "isInner": false,
                    "elType": "column"
                }
            ],
            "isInner": false,
            "elType": "section"
        }
    ]
}