{
    "version": "0.4",
    "title": "Hero Section",
    "type": "section",
    "metadata": {
        "template_type": "section-hero",
        "include_in_zip": "1",
        "elementor_pro_required": null,
        "wp_page_template": "elementor_canvas"
    },
    "content": [
        {
            "id": "12cf7aff",
            "settings": {
                "content_width": {
                    "unit": "px",
                    "size": 1260,
                    "sizes": []
                },
                "content_position": "middle",
                "structure": "20",
                "margin": {
                    "unit": "px",
                    "top": "0",
                    "right": 0,
                    "bottom": "0",
                    "left": 0,
                    "isLinked": false
                },
                "padding": {
                    "unit": "px",
                    "top": "100",
                    "right": "0",
                    "bottom": "100",
                    "left": "0",
                    "isLinked": false
                },
                "gap": "wider"
            },
            "elements": [
                {
                    "id": "507e7e16",
                    "settings": {
                        "_column_size": 50,
                        "_inline_size": 50
                    },
                    "elements": [
                        {
                            "id": "49a121d9",
                            "settings": {
                                "image": {
                                    "url": "https:\/\/creativedigital.tech\/foodkit\/wp-content\/uploads\/2020\/11\/Group-1.png",
                                    "id": 10
                                },
                                "image_size": "tk_preview",
                                "align": "left"
                            },
                            "elements": [],
                            "isInner": false,
                            "widgetType": "image",
                            "elType": "widget"
                        }
                    ],
                    "isInner": false,
                    "elType": "column"
                },
                {
                    "id": "550fba3d",
                    "settings": {
                        "_column_size": 50,
                        "_inline_size": 49.9560000000000030695446184836328029632568359375
                    },
                    "elements": [
                        {
                            "id": "130451b2",
                            "settings": {
                                "title": "Enjoy our\ndelicious meal",
                                "align": "left",
                                "title_color": "#0C102A",
                                "typography_typography": "custom",
                                "typography_font_family": "Playfair Display",
                                "typography_font_size": {
                                    "unit": "px",
                                    "size": 70,
                                    "sizes": []
                                },
                                "typography_font_weight": "600",
                                "typography_text_transform": "capitalize",
                                "typography_line_height": {
                                    "unit": "px",
                                    "size": 85,
                                    "sizes": []
                                }
                            },
                            "elements": [],
                            "isInner": false,
                            "widgetType": "heading",
                            "elType": "widget"
                        },
                        {
                            "id": "374f9733",
                            "settings": {
                                "editor": "<p>Good Slogans for Food Delivery Business are the Key to attract the More Customer and Earn Good Money. and especially Business.<\/p>",
                                "align": "left",
                                "text_color": "#808398",
                                "typography_typography": "custom",
                                "typography_font_family": "Open Sans",
                                "typography_font_size": {
                                    "unit": "px",
                                    "size": 16,
                                    "sizes": []
                                },
                                "typography_font_weight": "400",
                                "typography_line_height": {
                                    "unit": "px",
                                    "size": 24,
                                    "sizes": []
                                },
                                "_margin": {
                                    "unit": "px",
                                    "top": "10",
                                    "right": "0",
                                    "bottom": "0",
                                    "left": "0",
                                    "isLinked": false
                                }
                            },
                            "elements": [],
                            "isInner": false,
                            "widgetType": "text-editor",
                            "elType": "widget"
                        },
                        {
                            "id": "5ea4f6a7",
                            "settings": {
                                "text": "explore now",
                                "align": "left",
                                "typography_typography": "custom",
                                "typography_font_family": "Open Sans",
                                "typography_font_size": {
                                    "unit": "px",
                                    "size": 16,
                                    "sizes": []
                                },
                                "typography_font_weight": "600",
                                "typography_line_height": {
                                    "unit": "px",
                                    "size": 24,
                                    "sizes": []
                                },
                                "typography_letter_spacing": {
                                    "unit": "px",
                                    "size": 0,
                                    "sizes": []
                                },
                                "button_text_color": "#FFFFFF",
                                "background_color": "#F0735D",
                                "hover_color": "#F0735D",
                                "button_background_hover_color": "#FFFFFF",
                                "hover_animation": "pulse-grow",
                                "border_border": "solid",
                                "border_width": {
                                    "unit": "px",
                                    "top": "2",
                                    "right": "2",
                                    "bottom": "2",
                                    "left": "2",
                                    "isLinked": true
                                },
                                "border_radius": {
                                    "unit": "px",
                                    "top": "50",
                                    "right": "50",
                                    "bottom": "50",
                                    "left": "50",
                                    "isLinked": true
                                },
                                "text_padding": {
                                    "unit": "px",
                                    "top": "14",
                                    "right": "30",
                                    "bottom": "15",
                                    "left": "30",
                                    "isLinked": false
                                }
                            },
                            "elements": [],
                            "isInner": false,
                            "widgetType": "button",
                            "elType": "widget"
                        }
                    ],
                    "isInner": false,
                    "elType": "column"
                }
            ],
            "isInner": false,
            "elType": "section"
        }
    ]
}