{"content":[{"id":"5081037e","settings":{"height":"full","background_background":"classic","background_image":{"id":2668,"url":"https:\/\/cliente.shazamlnv.com\/wp-content\/uploads\/2022\/02\/inked_hero.jpg","alt":"","source":"library"},"background_position":"center center","background_attachment":"fixed","background_repeat":"no-repeat","background_size":"cover","background_overlay_background":"gradient","background_overlay_color":"#000d35","background_overlay_gradient_angle":{"unit":"deg","size":90},"background_overlay_opacity":{"unit":"px","size":0.299999999999999988897769753748434595763683319091796875},"padding_mobile":{"unit":"px","top":"100","right":"0","bottom":"100","left":"0","isLinked":false}},"elements":[{"id":"25d13062","settings":{"_column_size":100},"elements":[{"id":"5cd9ede6","settings":{"title":"Voc\u00ea Pensa, N\u00f3s Pintamos","header_size":"h1","align":"center","title_color":"#ffffff","typography_typography":"custom","typography_font_family":"Cardo","typography_font_size":{"unit":"px","size":66},"typography_font_size_mobile":{"unit":"px","size":36}},"elements":[],"isInner":false,"widgetType":"heading","elType":"widget"},{"id":"2bff7440","settings":{"title":"ESTABELECIDO EM 1993","header_size":"p","align":"center","title_color":"#ffffff","typography_typography":"custom","typography_font_family":"Raleway","typography_font_size":{"unit":"px","size":16},"typography_font_weight":"100","typography_text_transform":"uppercase","typography_letter_spacing":{"unit":"px","size":4},"text_shadow_text_shadow_type":"yes"},"elements":[],"isInner":false,"widgetType":"heading","elType":"widget"},{"id":"c056e36","settings":{"weight":{"unit":"px","size":3},"color":"#ffe200","width":{"unit":"%","size":7},"align":"center","gap":{"unit":"px","size":30},"text":"Divis\u00f3ria"},"elements":[],"isInner":false,"widgetType":"divider","elType":"widget"},{"id":"1b316b51","settings":{"text":"MARQUE UMA CONSULTA","align":"center","size":"lg","typography_typography":"custom","typography_font_family":"Raleway","typography_font_size":{"unit":"px","size":14},"typography_font_weight":"bold","typography_text_transform":"uppercase","button_text_color":"#000000","background_color":"#ffe200","border_radius":{"unit":"px","top":"0","right":"0","bottom":"0","left":"0","isLinked":true},"text_padding":{"unit":"px","top":"25","right":"45","bottom":"25","left":"45","isLinked":false},"link":{"url":"#contact","is_external":"","nofollow":""}},"elements":[],"isInner":false,"widgetType":"button","elType":"widget"}],"isInner":false,"elType":"column"}],"isInner":false,"elType":"section"},{"id":"7159c8d","settings":{"gap":"no","background_background":"classic","background_color":"#1d0033","background_color_stop":{"unit":"%","size":69},"background_color_b":"#630040","background_gradient_type":"radial","background_gradient_angle":{"unit":"deg","size":140},"background_gradient_position":"top left"},"elements":[{"id":"1bf79ad2","settings":{"_column_size":100},"elements":[{"id":"15b645fd","settings":[],"elements":[],"isInner":false,"widgetType":"spacer","elType":"widget"},{"id":"63bcf802","settings":{"title":"bem-vindo","align":"center","title_color":"rgba(255,255,255,0.04)","typography_typography":"custom","typography_font_family":"Cardo","typography_font_size":{"unit":"em","size":10},"typography_font_size_tablet":{"unit":"em","size":7},"typography_font_size_mobile":{"unit":"em","size":4},"typography_text_transform":"uppercase","_margin":{"unit":"px","top":"0","right":"0","bottom":"-105","left":"0","isLinked":false},"_animation":"fadeIn","hide_mobile":"hidden-phone"},"elements":[],"isInner":false,"widgetType":"heading","elType":"widget"},{"id":"32e65825","settings":{"title":"Sobre N\u00f3s","header_size":"h1","align":"center","title_color":"#ffffff","typography_typography":"custom","typography_font_family":"Cardo","typography_font_size":{"unit":"px","size":66},"typography_font_size_mobile":{"unit":"px","size":36}},"elements":[],"isInner":false,"widgetType":"heading","elType":"widget"},{"id":"64433681","settings":[],"elements":[],"isInner":false,"widgetType":"spacer","elType":"widget"}],"isInner":false,"elType":"column"}],"isInner":false,"elType":"section"},{"id":"52c2f037","settings":{"background_background":"gradient","background_color":"#1d0033","gap":"no","background_color_stop":{"unit":"%","size":69},"background_color_b":"#630040","background_gradient_type":"radial","background_gradient_position":"top left"},"elements":[{"id":"758a9fa4","settings":{"_column_size":100,"margin":{"unit":"px","top":"0","right":"80","bottom":"0","left":"0","isLinked":false},"margin_mobile":{"unit":"px","top":"0","right":"0","bottom":"0","left":"0","isLinked":true},"padding_mobile":{"unit":"px","top":"0","right":"0","bottom":"0","left":"0","isLinked":true}},"elements":[{"id":"56bc8aae","settings":{"structure":"20","background_background":"classic","padding":{"unit":"px","top":"80","right":"50","bottom":"0","left":"50","isLinked":false},"background_image":{"id":"852","url":"https:\/\/cliente.shazamlnv.com\/wp-content\/uploads\/2021\/12\/inked_bg_about.jpg"},"background_position":"center center","background_attachment":"fixed","background_repeat":"no-repeat","background_size":"cover","background_overlay_background":"classic","background_overlay_color":"#1d0033","background_overlay_opacity":{"unit":"px","size":0.88000000000000000444089209850062616169452667236328125},"reverse_order_mobile":"reverse-mobile"},"elements":[{"id":"383c22c0","settings":{"_column_size":50,"_inline_size":60,"padding":{"unit":"px","top":"60","right":"60","bottom":"0","left":"0","isLinked":false},"padding_mobile":{"unit":"px","top":"0","right":"0","bottom":"0","left":"0","isLinked":true}},"elements":[{"id":"78bc10bc","settings":{"editor":"<p><span>Situada na Avenida de Berlim, em meio \u00e0 localidade influente de Hollywood, nossa loja de tatuagem abriu suas portas em 1992 e tem sido uma fornecedora proeminente de design de tatuagem art\u00edstica especializada, consultoria e servi\u00e7os superiores de piercing.\u00a0<\/span><span>Um santu\u00e1rio de autoexpress\u00e3o criativa, o est\u00fadio mant\u00e9m uma pol\u00edtica de atitude zero.\u00a0<\/span><span>Cada cliente \u00e9 tratado com integridade e respeito e n\u00e3o discriminamos ra\u00e7a, nacionalidade, forma\u00e7\u00e3o religiosa ou orienta\u00e7\u00e3o sexual.\u00a0<\/span><span>N\u00f3s combinamos valores da velha escola com padr\u00f5es de seguran\u00e7a modernos.\u00a0<\/span><span>Nossos tatuadores e artistas de piercing s\u00e3o totalmente licenciados e altamente qualificados.\u00a0<\/span><span>Por favor, n\u00e3o hesite em nos visitar ou nos contatar se tiver perguntas.\u00a0<\/span><span>Estamos ansiosos para conhec\u00ea-lo.<\/span><\/p>","text_color":"#ffffff","typography_typography":"custom","typography_font_family":"Raleway","typography_font_size":{"unit":"px","size":16},"typography_line_height":{"unit":"em","size":1.8000000000000000444089209850062616169452667236328125}},"elements":[],"isInner":false,"widgetType":"text-editor","elType":"widget"}],"isInner":true,"elType":"column"},{"id":"256d1ba9","settings":{"_column_size":50,"_inline_size":40},"elements":[{"id":"60f5971c","settings":{"_margin":{"unit":"px","top":"0","right":"-100","bottom":"-80","left":"0","isLinked":false},"image":{"id":2669,"url":"https:\/\/cliente.shazamlnv.com\/wp-content\/uploads\/2022\/02\/inked_fg_about.jpg","alt":"","source":"library"},"image_box_shadow_box_shadow_type":"yes","image_box_shadow_box_shadow":{"horizontal":0,"vertical":0,"blur":50,"spread":0,"color":"rgba(0,0,0,0.33)"},"_animation":"fadeIn","animation_duration":"fast","_box_shadow_box_shadow_type":"yes","_margin_mobile":{"unit":"px","top":"0","right":"0","bottom":"0","left":"0","isLinked":true},"_padding_mobile":{"unit":"px","top":"0","right":"0","bottom":"0","left":"0","isLinked":true}},"elements":[],"isInner":false,"widgetType":"image","elType":"widget"}],"isInner":true,"elType":"column"}],"isInner":true,"elType":"section"},{"id":"31cbca2d","settings":{"space":{"unit":"px","size":200},"space_mobile":{"unit":"px","size":0}},"elements":[],"isInner":false,"widgetType":"spacer","elType":"widget"}],"isInner":false,"elType":"column"}],"isInner":false,"elType":"section"},{"id":"33625f1e","settings":{"background_background":"gradient","background_color":"#1d0033","gap":"no","background_color_stop":{"unit":"%","size":69},"background_color_b":"#630040","background_gradient_type":"radial","background_gradient_position":"top left"},"elements":[{"id":"250eff59","settings":{"_column_size":100},"elements":[{"id":"26cadf16","settings":{"space":{"unit":"px","size":100}},"elements":[],"isInner":false,"widgetType":"spacer","elType":"widget"},{"id":"2659fef9","settings":{"title":"Nossos Servi\u00e7os","header_size":"h1","align":"center","title_color":"#ffffff","typography_typography":"custom","typography_font_family":"Cardo","typography_font_size":{"unit":"px","size":66},"_margin":{"unit":"px","top":"0","right":"0","bottom":"-10","left":"0","isLinked":false},"typography_font_size_mobile":{"unit":"px","size":36}},"elements":[],"isInner":false,"widgetType":"heading","elType":"widget"},{"id":"3618541e","settings":{"title":"RETIRE A CARGA E FIQUE UM POUCO","header_size":"p","align":"center","title_color":"#ffffff","typography_typography":"custom","typography_font_family":"Raleway","typography_font_size":{"unit":"px","size":16},"typography_font_weight":"100","typography_text_transform":"uppercase","typography_letter_spacing":{"unit":"px","size":4},"text_shadow_text_shadow_type":"yes","typography_font_size_mobile":{"unit":"px","size":14}},"elements":[],"isInner":false,"widgetType":"heading","elType":"widget"},{"id":"24741721","settings":{"weight":{"unit":"px","size":3},"color":"#ffe200","width":{"unit":"%","size":7},"align":"center","gap":{"unit":"px","size":30},"text":"Divis\u00f3ria"},"elements":[],"isInner":false,"widgetType":"divider","elType":"widget"},{"id":"640988c","settings":{"gap":"wide","structure":"20"},"elements":[{"id":"1081c32c","settings":{"_column_size":50,"_inline_size":null,"background_background":"gradient","background_color":"#2b0036","background_color_stop":{"unit":"%","size":81},"background_color_b":"#630040","background_gradient_type":"radial","background_gradient_angle":{"unit":"deg","size":160},"background_gradient_position":"top left","box_shadow_box_shadow_type":"yes","box_shadow_box_shadow":{"horizontal":0,"vertical":0,"blur":50,"spread":0,"color":"rgba(0,0,0,0.12)"},"margin":{"unit":"px","top":"0","right":"15","bottom":"0","left":"0","isLinked":false},"padding":{"unit":"px","top":"80","right":"80","bottom":"80","left":"80","isLinked":true},"margin_mobile":{"unit":"px","top":"0","right":"0","bottom":"0","left":"0","isLinked":true},"padding_tablet":{"unit":"px","top":"30","right":"30","bottom":"30","left":"30","isLinked":true}},"elements":[{"id":"5f1f4603","settings":{"image":{"id":2671,"url":"https:\/\/cliente.shazamlnv.com\/wp-content\/uploads\/2022\/02\/tattoo5.png","alt":"","source":"library"}},"elements":[],"isInner":false,"widgetType":"image","elType":"widget"},{"id":"15e5b7a","settings":{"title":"tatuagem","header_size":"p","align":"center","title_color":"#ffffff","typography_typography":"custom","typography_font_family":"Raleway","typography_font_size":{"unit":"px","size":16},"typography_font_weight":"bold","typography_text_transform":"uppercase","typography_letter_spacing":{"unit":"px","size":3},"text_shadow_text_shadow_type":"yes","_margin":{"unit":"px","top":"0","right":"0","bottom":"30","left":"0","isLinked":false}},"elements":[],"isInner":false,"widgetType":"heading","elType":"widget"},{"id":"322deabc","settings":{"editor":"<p><span>Situada na Avenida de Berlim, em meio \u00e0 localidade influente de Hollywood, nossa loja de tatuagem abriu suas portas em 1992 e tem sido uma fornecedora proeminente de design de tatuagem art\u00edstica especializada, consultoria e servi\u00e7os superiores de piercing.\u00a0<\/span><span>Um santu\u00e1rio de autoexpress\u00e3o criativa, o est\u00fadio mant\u00e9m uma pol\u00edtica de atitude zero.\u00a0<\/span><span>Cada cliente \u00e9 tratado com integridade e respeito e n\u00e3o discriminamos ra\u00e7a, nacionalidade, forma\u00e7\u00e3o religiosa ou orienta\u00e7\u00e3o sexual.\u00a0<\/span><span>N\u00f3s combinamos valores da velha escola com padr\u00f5es de seguran\u00e7a modernos.\u00a0<\/span><span>Nossos tatuadores e artistas de piercing s\u00e3o totalmente licenciados e altamente qualificados.\u00a0<\/span><\/p>","align":"center","text_color":"#ffffff","typography_typography":"custom","typography_font_family":"Raleway","typography_font_size":{"unit":"px","size":16},"typography_line_height":{"unit":"em","size":1.8000000000000000444089209850062616169452667236328125}},"elements":[],"isInner":false,"widgetType":"text-editor","elType":"widget"},{"id":"48a986c5","settings":{"title":"A partir de R$299","header_size":"p","align":"center","title_color":"#ffe200","typography_typography":"custom","typography_font_family":"Raleway","typography_font_size":{"unit":"px","size":14},"typography_font_weight":"normal","typography_text_transform":"uppercase","typography_letter_spacing":{"unit":"px","size":0},"text_shadow_text_shadow_type":"yes","_margin":{"unit":"px","top":"0","right":"0","bottom":"30","left":"0","isLinked":false},"typography_font_style":"italic"},"elements":[],"isInner":false,"widgetType":"heading","elType":"widget"}],"isInner":true,"elType":"column"},{"id":"3f5711db","settings":{"_column_size":50,"_inline_size":null,"background_background":"gradient","background_color":"#2b0036","background_color_stop":{"unit":"%","size":81},"background_color_b":"#630040","background_gradient_type":"radial","background_gradient_angle":{"unit":"deg","size":160},"background_gradient_position":"top left","box_shadow_box_shadow_type":"yes","box_shadow_box_shadow":{"horizontal":0,"vertical":0,"blur":50,"spread":0,"color":"rgba(0,0,0,0.12)"},"margin":{"unit":"px","top":"0","right":"0","bottom":"0","left":"15","isLinked":false},"padding":{"unit":"px","top":"80","right":"80","bottom":"80","left":"80","isLinked":true},"margin_mobile":{"unit":"px","top":"0","right":"0","bottom":"0","left":"0","isLinked":true},"padding_tablet":{"unit":"px","top":"30","right":"30","bottom":"30","left":"30","isLinked":true}},"elements":[{"id":"4aa1cfc5","settings":{"image":{"id":2672,"url":"https:\/\/cliente.shazamlnv.com\/wp-content\/uploads\/2022\/02\/tattoo3.png","alt":"","source":"library"}},"elements":[],"isInner":false,"widgetType":"image","elType":"widget"},{"id":"aa7a112","settings":{"title":"Piercing","header_size":"p","align":"center","title_color":"#ffffff","typography_typography":"custom","typography_font_family":"Raleway","typography_font_size":{"unit":"px","size":16},"typography_font_weight":"bold","typography_text_transform":"uppercase","typography_letter_spacing":{"unit":"px","size":3},"text_shadow_text_shadow_type":"yes","_margin":{"unit":"px","top":"0","right":"0","bottom":"30","left":"0","isLinked":false}},"elements":[],"isInner":false,"widgetType":"heading","elType":"widget"},{"id":"152d9c5b","settings":{"editor":"<p><span>Situada na Avenida de Berlim, em meio \u00e0 localidade influente de Hollywood, nossa loja de tatuagem abriu suas portas em 1992 e tem sido uma fornecedora proeminente de design de tatuagem art\u00edstica especializada, consultoria e servi\u00e7os superiores de piercing.\u00a0<\/span><span>Um santu\u00e1rio de autoexpress\u00e3o criativa, o est\u00fadio mant\u00e9m uma pol\u00edtica de atitude zero.\u00a0<\/span><span>Cada cliente \u00e9 tratado com integridade e respeito e n\u00e3o discriminamos ra\u00e7a, nacionalidade, forma\u00e7\u00e3o religiosa ou orienta\u00e7\u00e3o sexual.\u00a0<\/span><span>N\u00f3s combinamos valores da velha escola com padr\u00f5es de seguran\u00e7a modernos.\u00a0<\/span><span>Nossos tatuadores e artistas de piercing s\u00e3o totalmente licenciados e altamente qualificados.\u00a0<\/span><\/p>","align":"center","text_color":"#ffffff","typography_typography":"custom","typography_font_family":"Raleway","typography_font_size":{"unit":"px","size":16},"typography_line_height":{"unit":"em","size":1.8000000000000000444089209850062616169452667236328125}},"elements":[],"isInner":false,"widgetType":"text-editor","elType":"widget"},{"id":"2cc1f1c8","settings":{"title":"A partir de R$49","header_size":"p","align":"center","title_color":"#ffe200","typography_typography":"custom","typography_font_family":"Raleway","typography_font_size":{"unit":"px","size":14},"typography_font_weight":"normal","typography_text_transform":"uppercase","typography_letter_spacing":{"unit":"px","size":0},"text_shadow_text_shadow_type":"yes","_margin":{"unit":"px","top":"0","right":"0","bottom":"30","left":"0","isLinked":false},"typography_font_style":"italic"},"elements":[],"isInner":false,"widgetType":"heading","elType":"widget"}],"isInner":true,"elType":"column"}],"isInner":true,"elType":"section"},{"id":"7bb86745","settings":{"space":{"unit":"px","size":10}},"elements":[],"isInner":false,"widgetType":"spacer","elType":"widget"},{"id":"356b3c1d","settings":{"gap":"wide","structure":"20","margin_mobile":{"unit":"px","top":"0","right":0,"bottom":"0","left":0,"isLinked":true},"padding_mobile":{"unit":"px","top":"0","right":"0","bottom":"0","left":"0","isLinked":true}},"elements":[{"id":"79815a2e","settings":{"_column_size":50,"_inline_size":null,"background_background":"gradient","background_color":"#2b0036","background_color_stop":{"unit":"%","size":81},"background_color_b":"#630040","background_gradient_type":"radial","background_gradient_angle":{"unit":"deg","size":160},"background_gradient_position":"top left","box_shadow_box_shadow_type":"yes","box_shadow_box_shadow":{"horizontal":0,"vertical":0,"blur":50,"spread":0,"color":"rgba(0,0,0,0.12)"},"margin":{"unit":"px","top":"0","right":"15","bottom":"0","left":"0","isLinked":false},"padding":{"unit":"px","top":"80","right":"80","bottom":"80","left":"80","isLinked":true},"margin_mobile":{"unit":"px","top":"0","right":"0","bottom":"0","left":"0","isLinked":true},"padding_tablet":{"unit":"px","top":"30","right":"30","bottom":"30","left":"30","isLinked":true}},"elements":[{"id":"23b9c036","settings":{"image":{"id":2673,"url":"https:\/\/cliente.shazamlnv.com\/wp-content\/uploads\/2022\/02\/tattoo2.png","alt":"","source":"library"}},"elements":[],"isInner":false,"widgetType":"image","elType":"widget"},{"id":"1a590eb2","settings":{"title":"Remo\u00e7\u00e3o de tatuagem","header_size":"p","align":"center","title_color":"#ffffff","typography_typography":"custom","typography_font_family":"Raleway","typography_font_size":{"unit":"px","size":16},"typography_font_weight":"bold","typography_text_transform":"uppercase","typography_letter_spacing":{"unit":"px","size":3},"text_shadow_text_shadow_type":"yes","_margin":{"unit":"px","top":"0","right":"0","bottom":"30","left":"0","isLinked":false}},"elements":[],"isInner":false,"widgetType":"heading","elType":"widget"},{"id":"1549d2e1","settings":{"editor":"<p><span>Situada na Avenida de Berlim, em meio \u00e0 localidade influente de Hollywood, nossa loja de tatuagem abriu suas portas em 1992 e tem sido uma fornecedora proeminente de design de tatuagem art\u00edstica especializada, consultoria e servi\u00e7os superiores de piercing.\u00a0<\/span><span>Um santu\u00e1rio de autoexpress\u00e3o criativa, o est\u00fadio mant\u00e9m uma atitude zero.<\/span><\/p>","align":"center","text_color":"#ffffff","typography_typography":"custom","typography_font_family":"Raleway","typography_font_size":{"unit":"px","size":16},"typography_line_height":{"unit":"em","size":1.8000000000000000444089209850062616169452667236328125}},"elements":[],"isInner":false,"widgetType":"text-editor","elType":"widget"},{"id":"320fb1fc","settings":{"title":"A partir de R$499","header_size":"p","align":"center","title_color":"#ffe200","typography_typography":"custom","typography_font_family":"Raleway","typography_font_size":{"unit":"px","size":14},"typography_font_weight":"normal","typography_text_transform":"uppercase","typography_letter_spacing":{"unit":"px","size":0},"text_shadow_text_shadow_type":"yes","_margin":{"unit":"px","top":"0","right":"0","bottom":"30","left":"0","isLinked":false},"typography_font_style":"italic"},"elements":[],"isInner":false,"widgetType":"heading","elType":"widget"}],"isInner":true,"elType":"column"},{"id":"2f30ac02","settings":{"_column_size":50,"_inline_size":null,"background_background":"gradient","background_color":"#2b0036","background_color_stop":{"unit":"%","size":81},"background_color_b":"#630040","background_gradient_type":"radial","background_gradient_angle":{"unit":"deg","size":160},"background_gradient_position":"top left","box_shadow_box_shadow_type":"yes","box_shadow_box_shadow":{"horizontal":0,"vertical":0,"blur":50,"spread":0,"color":"rgba(0,0,0,0.12)"},"margin":{"unit":"px","top":"0","right":"0","bottom":"0","left":"15","isLinked":false},"padding":{"unit":"px","top":"80","right":"80","bottom":"80","left":"80","isLinked":true},"margin_mobile":{"unit":"px","top":"0","right":"0","bottom":"0","left":"0","isLinked":true},"padding_tablet":{"unit":"px","top":"30","right":"30","bottom":"30","left":"30","isLinked":true}},"elements":[{"id":"54b50cdd","settings":{"image":{"id":2674,"url":"https:\/\/cliente.shazamlnv.com\/wp-content\/uploads\/2022\/02\/tattoo4.png","alt":"","source":"library"}},"elements":[],"isInner":false,"widgetType":"image","elType":"widget"},{"id":"5eb8ad","settings":{"title":"COSM\u00c9TICA PERMANENTE E MAQUILHAGEM","header_size":"p","align":"center","title_color":"#ffffff","typography_typography":"custom","typography_font_family":"Raleway","typography_font_size":{"unit":"px","size":16},"typography_font_weight":"bold","typography_text_transform":"uppercase","typography_letter_spacing":{"unit":"px","size":3},"text_shadow_text_shadow_type":"yes","_margin":{"unit":"px","top":"0","right":"0","bottom":"30","left":"0","isLinked":false}},"elements":[],"isInner":false,"widgetType":"heading","elType":"widget"},{"id":"63c79b71","settings":{"editor":"<p><span>Situada na Avenida de Berlim, em meio \u00e0 localidade influente de Hollywood, nossa loja de tatuagem abriu suas portas em 1992 e tem sido uma fornecedora proeminente de design de tatuagem art\u00edstica especializada, consultoria e servi\u00e7os superiores de piercing.\u00a0<\/span><span>Um santu\u00e1rio de autoexpress\u00e3o criativa, o est\u00fadio mant\u00e9m uma pol\u00edtica de atitude zero.\u00a0<\/span><span>Cada cliente \u00e9 tratado com integridade e respeito e n\u00e3o discriminamos ra\u00e7a, nacionalidade, forma\u00e7\u00e3o religiosa ou orienta\u00e7\u00e3o sexual.<\/span><\/p>","align":"center","text_color":"#ffffff","typography_typography":"custom","typography_font_family":"Raleway","typography_font_size":{"unit":"px","size":16},"typography_line_height":{"unit":"em","size":1.8000000000000000444089209850062616169452667236328125}},"elements":[],"isInner":false,"widgetType":"text-editor","elType":"widget"},{"id":"50fe632b","settings":{"title":"A partir de R$199","header_size":"p","align":"center","title_color":"#ffe200","typography_typography":"custom","typography_font_family":"Raleway","typography_font_size":{"unit":"px","size":14},"typography_font_weight":"normal","typography_text_transform":"uppercase","typography_letter_spacing":{"unit":"px","size":0},"text_shadow_text_shadow_type":"yes","_margin":{"unit":"px","top":"0","right":"0","bottom":"30","left":"0","isLinked":false},"typography_font_style":"italic"},"elements":[],"isInner":false,"widgetType":"heading","elType":"widget"}],"isInner":true,"elType":"column"}],"isInner":true,"elType":"section"},{"id":"3b1a0223","settings":{"space":{"unit":"px","size":100},"space_mobile":{"unit":"px","size":0}},"elements":[],"isInner":false,"widgetType":"spacer","elType":"widget"}],"isInner":false,"elType":"column"}],"isInner":false,"elType":"section"},{"id":"12770932","settings":{"gap":"no","background_background":"classic","background_image":{"id":2675,"url":"https:\/\/cliente.shazamlnv.com\/wp-content\/uploads\/2022\/02\/inked_bg_cta.jpg","alt":"","source":"library"},"background_position":"center center","background_attachment":"fixed","background_repeat":"no-repeat","background_size":"cover","background_overlay_background":"classic","background_overlay_color":"#1d0033","background_overlay_opacity":{"unit":"px","size":0.88000000000000000444089209850062616169452667236328125}},"elements":[{"id":"6cbf2e96","settings":{"_column_size":100},"elements":[{"id":"6288bf89","settings":{"space":{"unit":"px","size":100},"space_mobile":{"unit":"px","size":50}},"elements":[],"isInner":false,"widgetType":"spacer","elType":"widget"},{"id":"1fd72af8","settings":{"title":"Pr\u00eamios","align":"center","title_color":"#ffffff","typography_typography":"custom","typography_font_family":"Cardo","typography_font_size":{"unit":"px","size":40},"_margin":{"unit":"px","top":"0","right":"0","bottom":"-10","left":"0","isLinked":false}},"elements":[],"isInner":false,"widgetType":"heading","elType":"widget"},{"id":"1ca900cd","settings":{"space":{"unit":"px","size":10}},"elements":[],"isInner":false,"widgetType":"spacer","elType":"widget"},{"id":"6e3647ce","settings":{"editor":"<div class=\"elementor-element elementor-element-6c88bba2 elementor-widget elementor-widget-heading\" data-id=\"6c88bba2\" data-element_type=\"widget\" data-widget_type=\"heading.default\"><div class=\"elementor-widget-container\">\u00a0<\/div><\/div><div class=\"elementor-element elementor-element-2affad8a elementor-widget elementor-widget-text-editor\" data-id=\"2affad8a\" data-element_type=\"widget\" data-widget_type=\"text-editor.default\"><div class=\"elementor-widget-container\"><p><span>Um bom trabalho leva tempo e gostar\u00edamos de garantir que voc\u00ea tenha a melhor experi\u00eancia poss\u00edvel em nossa loja.\u00a0As visitas s\u00e3o bem-vindas, dependendo da disponibilidade - mas s\u00e3o prefer\u00edveis marca\u00e7\u00f5es.\u00a0Entre em contato conosco para agendar sua sess\u00e3o hoje.\u00a0Crie uma obra-prima conosco!<\/span><\/p><\/div><\/div>","align":"center","text_color":"#ffffff","typography_typography":"custom","typography_font_family":"Raleway","typography_font_size":{"unit":"px","size":16},"typography_line_height":{"unit":"em","size":1.8000000000000000444089209850062616169452667236328125},"_padding":{"unit":"px","top":"0","right":"200","bottom":"0","left":"200","isLinked":false},"_padding_tablet":{"unit":"px","top":"0","right":"100","bottom":"0","left":"100","isLinked":false},"_padding_mobile":{"unit":"px","top":"20","right":"20","bottom":"20","left":"20","isLinked":true}},"elements":[],"isInner":false,"widgetType":"text-editor","elType":"widget"},{"id":"1845aeda","settings":{"text":"Instagram","align":"center","size":"lg","typography_typography":"custom","typography_font_family":"Raleway","typography_font_size":{"unit":"px","size":14},"typography_font_weight":"bold","typography_text_transform":"uppercase","button_text_color":"#000000","background_color":"#ffe200","border_radius":{"unit":"px","top":"0","right":"0","bottom":"0","left":"0","isLinked":true},"text_padding":{"unit":"px","top":"25","right":"45","bottom":"25","left":"45","isLinked":false},"icon":"fa fa-instagram"},"elements":[],"isInner":false,"widgetType":"button","elType":"widget"},{"id":"7691eeba","settings":{"space":{"unit":"px","size":100},"space_mobile":{"unit":"px","size":50}},"elements":[],"isInner":false,"widgetType":"spacer","elType":"widget"}],"isInner":false,"elType":"column"}],"isInner":false,"elType":"section"},{"id":"7488ffbe","settings":{"background_background":"gradient","background_color":"#1d0033","gap":"no","background_color_stop":{"unit":"%","size":69},"background_color_b":"#630040","background_gradient_type":"radial","background_gradient_position":"top left"},"elements":[{"id":"56313f8","settings":{"_column_size":100},"elements":[{"id":"66cac0c6","settings":{"space":{"unit":"px","size":100},"space_mobile":{"unit":"px","size":50}},"elements":[],"isInner":false,"widgetType":"spacer","elType":"widget"},{"id":"5b68c18a","settings":{"title":"Artistas","header_size":"h1","align":"center","title_color":"#ffffff","typography_typography":"custom","typography_font_family":"Cardo","typography_font_size":{"unit":"px","size":66},"_margin":{"unit":"px","top":"0","right":"0","bottom":"-10","left":"0","isLinked":false},"typography_font_size_mobile":{"unit":"px","size":36}},"elements":[],"isInner":false,"widgetType":"heading","elType":"widget"},{"id":"4fbf4d9b","settings":{"title":"QUALIDADE N\u00c3O \u00c9 UM ATO, \u00c9 UM H\u00c1BITO","header_size":"p","align":"center","title_color":"#ffffff","typography_typography":"custom","typography_font_family":"Raleway","typography_font_size":{"unit":"px","size":16},"typography_font_weight":"100","typography_text_transform":"uppercase","typography_letter_spacing":{"unit":"px","size":4},"text_shadow_text_shadow_type":"yes","typography_font_size_mobile":{"unit":"px","size":14}},"elements":[],"isInner":false,"widgetType":"heading","elType":"widget"},{"id":"14be5b91","settings":{"weight":{"unit":"px","size":3},"color":"#ffe200","width":{"unit":"%","size":7},"align":"center","gap":{"unit":"px","size":30},"text":"Divis\u00f3ria"},"elements":[],"isInner":false,"widgetType":"divider","elType":"widget"},{"id":"6cc7530a","settings":{"gap":"extended","structure":"30"},"elements":[{"id":"68e395df","settings":{"_column_size":33,"_inline_size":null,"background_background":"classic","background_color_stop":{"unit":"%","size":81},"background_color_b":"#630040","background_gradient_type":"radial","background_gradient_angle":{"unit":"deg","size":160},"background_gradient_position":"top left","box_shadow_box_shadow_type":"yes","box_shadow_box_shadow":{"horizontal":0,"vertical":0,"blur":50,"spread":0,"color":"rgba(0,0,0,0.12)"}},"elements":[{"id":"74947b5b","settings":{"image":{"id":2676,"url":"https:\/\/cliente.shazamlnv.com\/wp-content\/uploads\/2022\/02\/inked01.jpg","alt":"","source":"library"},"title_text":"Daniel Johnson","description_text":"Tattoo Artist","image_size":{"unit":"%","size":100},"title_bottom_space":{"unit":"px","size":3},"title_color":"#282828","title_typography_typography":"custom","title_typography_font_family":"Raleway","title_typography_font_size":{"unit":"px","size":18},"title_typography_font_weight":"bold","title_typography_text_transform":"uppercase","description_color":"#282828","description_typography_typography":"custom","description_typography_font_family":"Raleway","description_typography_font_size":{"unit":"px","size":16},"description_typography_font_weight":"normal","description_typography_font_style":"italic","_margin":{"unit":"px","top":"0","right":"0","bottom":"-20","left":"0","isLinked":false},"_background_background":"classic","_background_color":"#ffe200"},"elements":[],"isInner":false,"widgetType":"image-box","elType":"widget"},{"id":"67e834e4","settings":{"social_icon_list":[{"social":"fa fa-facebook","_id":"eea61d7"},{"social":"fa fa-twitter","_id":"3d129fd"},{"social":"fa fa-google-plus","_id":"85eb8aa"}],"shape":"circle","icon_color":"custom","icon_primary_color":"#282828","icon_secondary_color":"#ffe200","icon_size":{"unit":"px","size":16},"_padding":{"unit":"px","top":"20","right":"0","bottom":"20","left":"0","isLinked":false},"_background_background":"classic","_background_color":"#ffe200"},"elements":[],"isInner":false,"widgetType":"social-icons","elType":"widget"}],"isInner":true,"elType":"column"},{"id":"35fbd148","settings":{"_column_size":33,"_inline_size":null,"background_background":"classic","background_color_stop":{"unit":"%","size":81},"background_color_b":"#630040","background_gradient_type":"radial","background_gradient_angle":{"unit":"deg","size":160},"background_gradient_position":"top left","box_shadow_box_shadow_type":"yes","box_shadow_box_shadow":{"horizontal":0,"vertical":0,"blur":50,"spread":0,"color":"rgba(0,0,0,0.12)"}},"elements":[{"id":"76f31ef8","settings":{"image":{"id":2677,"url":"https:\/\/cliente.shazamlnv.com\/wp-content\/uploads\/2022\/02\/inked02.jpg","alt":"","source":"library"},"title_text":"Barbara Parker","description_text":"Piercing Artist","image_size":{"unit":"%","size":100},"title_bottom_space":{"unit":"px","size":3},"title_color":"#282828","title_typography_typography":"custom","title_typography_font_family":"Raleway","title_typography_font_size":{"unit":"px","size":18},"title_typography_font_weight":"bold","title_typography_text_transform":"uppercase","description_color":"#282828","description_typography_typography":"custom","description_typography_font_family":"Raleway","description_typography_font_size":{"unit":"px","size":16},"description_typography_font_weight":"normal","description_typography_font_style":"italic","_margin":{"unit":"px","top":"0","right":"0","bottom":"-20","left":"0","isLinked":false},"_background_background":"classic","_background_color":"#ffe200"},"elements":[],"isInner":false,"widgetType":"image-box","elType":"widget"},{"id":"6647cf8","settings":{"social_icon_list":[{"social":"fa fa-facebook","_id":"eea61d7"},{"social":"fa fa-twitter","_id":"3d129fd"},{"social":"fa fa-google-plus","_id":"85eb8aa"}],"shape":"circle","icon_color":"custom","icon_primary_color":"#282828","icon_secondary_color":"#ffe200","icon_size":{"unit":"px","size":16},"_padding":{"unit":"px","top":"20","right":"0","bottom":"20","left":"0","isLinked":false},"_background_background":"classic","_background_color":"#ffe200"},"elements":[],"isInner":false,"widgetType":"social-icons","elType":"widget"}],"isInner":true,"elType":"column"},{"id":"40ba73cb","settings":{"_column_size":33,"_inline_size":null,"background_background":"classic","background_color_stop":{"unit":"%","size":81},"background_color_b":"#630040","background_gradient_type":"radial","background_gradient_angle":{"unit":"deg","size":160},"background_gradient_position":"top left","box_shadow_box_shadow_type":"yes","box_shadow_box_shadow":{"horizontal":0,"vertical":0,"blur":50,"spread":0,"color":"rgba(0,0,0,0.12)"}},"elements":[{"id":"4a7c35f5","settings":{"image":{"id":2678,"url":"https:\/\/cliente.shazamlnv.com\/wp-content\/uploads\/2022\/02\/inked03.jpg","alt":"","source":"library"},"title_text":"Peter Balboa","description_text":"Tattoo Artist","image_size":{"unit":"%","size":100},"title_bottom_space":{"unit":"px","size":3},"title_color":"#282828","title_typography_typography":"custom","title_typography_font_family":"Raleway","title_typography_font_size":{"unit":"px","size":18},"title_typography_font_weight":"bold","title_typography_text_transform":"uppercase","description_color":"#282828","description_typography_typography":"custom","description_typography_font_family":"Raleway","description_typography_font_size":{"unit":"px","size":16},"description_typography_font_weight":"normal","description_typography_font_style":"italic","_margin":{"unit":"px","top":"0","right":"0","bottom":"-20","left":"0","isLinked":false},"_background_background":"classic","_background_color":"#ffe200"},"elements":[],"isInner":false,"widgetType":"image-box","elType":"widget"},{"id":"2e3466ee","settings":{"social_icon_list":[{"social":"fa fa-facebook","_id":"eea61d7"},{"social":"fa fa-twitter","_id":"3d129fd"},{"social":"fa fa-google-plus","_id":"85eb8aa"}],"shape":"circle","icon_color":"custom","icon_primary_color":"#282828","icon_secondary_color":"#ffe200","icon_size":{"unit":"px","size":16},"_padding":{"unit":"px","top":"20","right":"0","bottom":"20","left":"0","isLinked":false},"_background_background":"classic","_background_color":"#ffe200"},"elements":[],"isInner":false,"widgetType":"social-icons","elType":"widget"}],"isInner":true,"elType":"column"}],"isInner":true,"elType":"section"},{"id":"79baaf7","settings":{"gap":"extended","structure":"30"},"elements":[{"id":"377bd137","settings":{"_column_size":33,"_inline_size":null,"background_background":"classic","background_color_stop":{"unit":"%","size":81},"background_color_b":"#630040","background_gradient_type":"radial","background_gradient_angle":{"unit":"deg","size":160},"background_gradient_position":"top left","box_shadow_box_shadow_type":"yes","box_shadow_box_shadow":{"horizontal":0,"vertical":0,"blur":50,"spread":0,"color":"rgba(0,0,0,0.12)"}},"elements":[{"id":"7c699fe8","settings":{"image":{"id":2679,"url":"https:\/\/cliente.shazamlnv.com\/wp-content\/uploads\/2022\/02\/inked04.jpg","alt":"","source":"library"},"title_text":"Steve Miller","description_text":"Tattoo Artist","image_size":{"unit":"%","size":100},"title_bottom_space":{"unit":"px","size":3},"title_color":"#282828","title_typography_typography":"custom","title_typography_font_family":"Raleway","title_typography_font_size":{"unit":"px","size":18},"title_typography_font_weight":"bold","title_typography_text_transform":"uppercase","description_color":"#282828","description_typography_typography":"custom","description_typography_font_family":"Raleway","description_typography_font_size":{"unit":"px","size":16},"description_typography_font_weight":"normal","description_typography_font_style":"italic","_margin":{"unit":"px","top":"0","right":"0","bottom":"-20","left":"0","isLinked":false},"_background_background":"classic","_background_color":"#ffe200"},"elements":[],"isInner":false,"widgetType":"image-box","elType":"widget"},{"id":"5f1f361d","settings":{"social_icon_list":[{"social":"fa fa-facebook","_id":"eea61d7"},{"social":"fa fa-twitter","_id":"3d129fd"},{"social":"fa fa-google-plus","_id":"85eb8aa"}],"shape":"circle","icon_color":"custom","icon_primary_color":"#282828","icon_secondary_color":"#ffe200","icon_size":{"unit":"px","size":16},"_padding":{"unit":"px","top":"20","right":"0","bottom":"20","left":"0","isLinked":false},"_background_background":"classic","_background_color":"#ffe200"},"elements":[],"isInner":false,"widgetType":"social-icons","elType":"widget"}],"isInner":true,"elType":"column"},{"id":"88920f5","settings":{"_column_size":33,"_inline_size":null,"background_background":"classic","background_color_stop":{"unit":"%","size":81},"background_color_b":"#630040","background_gradient_type":"radial","background_gradient_angle":{"unit":"deg","size":160},"background_gradient_position":"top left","box_shadow_box_shadow_type":"yes","box_shadow_box_shadow":{"horizontal":0,"vertical":0,"blur":50,"spread":0,"color":"rgba(0,0,0,0.12)"}},"elements":[{"id":"4b64f0c1","settings":{"image":{"id":2680,"url":"https:\/\/cliente.shazamlnv.com\/wp-content\/uploads\/2022\/02\/inked05.jpg","alt":"","source":"library"},"title_text":"Bob Peterson","description_text":"Tattoo Artist","image_size":{"unit":"%","size":100},"title_bottom_space":{"unit":"px","size":3},"title_color":"#282828","title_typography_typography":"custom","title_typography_font_family":"Raleway","title_typography_font_size":{"unit":"px","size":18},"title_typography_font_weight":"bold","title_typography_text_transform":"uppercase","description_color":"#282828","description_typography_typography":"custom","description_typography_font_family":"Raleway","description_typography_font_size":{"unit":"px","size":16},"description_typography_font_weight":"normal","description_typography_font_style":"italic","_margin":{"unit":"px","top":"0","right":"0","bottom":"-20","left":"0","isLinked":false},"_background_background":"classic","_background_color":"#ffe200"},"elements":[],"isInner":false,"widgetType":"image-box","elType":"widget"},{"id":"5a9a914e","settings":{"social_icon_list":[{"social":"fa fa-facebook","_id":"eea61d7"},{"social":"fa fa-twitter","_id":"3d129fd"},{"social":"fa fa-google-plus","_id":"85eb8aa"}],"shape":"circle","icon_color":"custom","icon_primary_color":"#282828","icon_secondary_color":"#ffe200","icon_size":{"unit":"px","size":16},"_padding":{"unit":"px","top":"20","right":"0","bottom":"20","left":"0","isLinked":false},"_background_background":"classic","_background_color":"#ffe200"},"elements":[],"isInner":false,"widgetType":"social-icons","elType":"widget"}],"isInner":true,"elType":"column"},{"id":"457cc4f1","settings":{"_column_size":33,"_inline_size":null,"background_background":"classic","background_color_stop":{"unit":"%","size":81},"background_color_b":"#630040","background_gradient_type":"radial","background_gradient_angle":{"unit":"deg","size":160},"background_gradient_position":"top left","box_shadow_box_shadow_type":"yes","box_shadow_box_shadow":{"horizontal":0,"vertical":0,"blur":50,"spread":0,"color":"rgba(0,0,0,0.12)"}},"elements":[{"id":"400822e5","settings":{"image":{"id":2681,"url":"https:\/\/cliente.shazamlnv.com\/wp-content\/uploads\/2022\/02\/inked06.jpg","alt":"","source":"library"},"title_text":"Elizabeth Norton","description_text":"Tattoo Artist","image_size":{"unit":"%","size":100},"title_bottom_space":{"unit":"px","size":3},"title_color":"#282828","title_typography_typography":"custom","title_typography_font_family":"Raleway","title_typography_font_size":{"unit":"px","size":18},"title_typography_font_weight":"bold","title_typography_text_transform":"uppercase","description_color":"#282828","description_typography_typography":"custom","description_typography_font_family":"Raleway","description_typography_font_size":{"unit":"px","size":16},"description_typography_font_weight":"normal","description_typography_font_style":"italic","_margin":{"unit":"px","top":"0","right":"0","bottom":"-20","left":"0","isLinked":false},"_background_background":"classic","_background_color":"#ffe200"},"elements":[],"isInner":false,"widgetType":"image-box","elType":"widget"},{"id":"7afd57f2","settings":{"social_icon_list":[{"social":"fa fa-facebook","_id":"eea61d7"},{"social":"fa fa-twitter","_id":"3d129fd"},{"social":"fa fa-google-plus","_id":"85eb8aa"}],"shape":"circle","icon_color":"custom","icon_primary_color":"#282828","icon_secondary_color":"#ffe200","icon_size":{"unit":"px","size":16},"_padding":{"unit":"px","top":"20","right":"0","bottom":"20","left":"0","isLinked":false},"_background_background":"classic","_background_color":"#ffe200"},"elements":[],"isInner":false,"widgetType":"social-icons","elType":"widget"}],"isInner":true,"elType":"column"}],"isInner":true,"elType":"section"},{"id":"f8dc0de","settings":{"space":{"unit":"px","size":100},"space_mobile":{"unit":"px","size":50}},"elements":[],"isInner":false,"widgetType":"spacer","elType":"widget"}],"isInner":false,"elType":"column"}],"isInner":false,"elType":"section"},{"id":"63871077","settings":{"gap":"no","background_background":"classic","background_image":{"id":2675,"url":"https:\/\/cliente.shazamlnv.com\/wp-content\/uploads\/2022\/02\/inked_bg_cta.jpg","alt":"","source":"library"},"background_position":"center center","background_attachment":"fixed","background_repeat":"no-repeat","background_size":"cover","background_overlay_background":"classic","background_overlay_color":"#1d0033","background_overlay_opacity":{"unit":"px","size":0.88000000000000000444089209850062616169452667236328125}},"elements":[{"id":"4f9a6fef","settings":{"_column_size":100},"elements":[{"id":"757a11c7","settings":{"space":{"unit":"px","size":100},"space_mobile":{"unit":"px","size":50}},"elements":[],"isInner":false,"widgetType":"spacer","elType":"widget"},{"id":"211b19e5","settings":{"title":"Boas-Vindas. Compromissos Preferidos.","align":"center","title_color":"#ffffff","typography_typography":"custom","typography_font_family":"Cardo","typography_font_size":{"unit":"px","size":40},"_margin":{"unit":"px","top":"0","right":"0","bottom":"-10","left":"0","isLinked":false}},"elements":[],"isInner":false,"widgetType":"heading","elType":"widget"},{"id":"3f90ea59","settings":{"space":{"unit":"px","size":10}},"elements":[],"isInner":false,"widgetType":"spacer","elType":"widget"},{"id":"7cfaf27d","settings":{"editor":"<p><span>Um bom trabalho leva tempo e gostar\u00edamos de garantir que voc\u00ea tenha a melhor experi\u00eancia poss\u00edvel em nossa loja.\u00a0<\/span><span>As visitas s\u00e3o bem-vindas, dependendo da disponibilidade - mas s\u00e3o prefer\u00edveis marca\u00e7\u00f5es.\u00a0<\/span><span>Entre em contato conosco para agendar sua sess\u00e3o hoje.\u00a0<\/span><span>Crie uma obra-prima conosco!<\/span><\/p>","align":"center","text_color":"#ffffff","typography_typography":"custom","typography_font_family":"Raleway","typography_font_size":{"unit":"px","size":16},"typography_line_height":{"unit":"em","size":1.8000000000000000444089209850062616169452667236328125},"_padding":{"unit":"px","top":"0","right":"200","bottom":"0","left":"200","isLinked":false},"_padding_tablet":{"unit":"px","top":"0","right":"100","bottom":"0","left":"100","isLinked":false},"_padding_mobile":{"unit":"px","top":"20","right":"20","bottom":"20","left":"20","isLinked":true}},"elements":[],"isInner":false,"widgetType":"text-editor","elType":"widget"},{"id":"6f2e39e4","settings":{"text":"MARQUE UMA CONSULTA","align":"center","size":"lg","typography_typography":"custom","typography_font_family":"Raleway","typography_font_size":{"unit":"px","size":14},"typography_font_weight":"bold","typography_text_transform":"uppercase","button_text_color":"#000000","background_color":"#ffe200","border_radius":{"unit":"px","top":"0","right":"0","bottom":"0","left":"0","isLinked":true},"text_padding":{"unit":"px","top":"25","right":"45","bottom":"25","left":"45","isLinked":false},"link":{"url":"#contact","is_external":"","nofollow":""}},"elements":[],"isInner":false,"widgetType":"button","elType":"widget"},{"id":"69b492d0","settings":{"space":{"unit":"px","size":100},"space_mobile":{"unit":"px","size":50}},"elements":[],"isInner":false,"widgetType":"spacer","elType":"widget"}],"isInner":false,"elType":"column"}],"isInner":false,"elType":"section"},{"id":"30889937","settings":{"background_background":"gradient","background_color":"#1d0033","gap":"no","background_color_stop":{"unit":"%","size":69},"background_color_b":"#630040","background_gradient_type":"radial","background_gradient_position":"top left"},"elements":[{"id":"146b9f75","settings":{"_column_size":100},"elements":[{"id":"320c7adb","settings":{"space":{"unit":"px","size":100},"space_mobile":{"unit":"px","size":50}},"elements":[],"isInner":false,"widgetType":"spacer","elType":"widget"},{"id":"394f3790","settings":{"title":"Testemunhos","header_size":"h1","align":"center","title_color":"#ffffff","typography_typography":"custom","typography_font_family":"Cardo","typography_font_size":{"unit":"px","size":66},"_margin":{"unit":"px","top":"0","right":"0","bottom":"-10","left":"0","isLinked":false},"typography_font_size_mobile":{"unit":"px","size":36}},"elements":[],"isInner":false,"widgetType":"heading","elType":"widget"},{"id":"5e1a3b3d","settings":{"title":"O QUE NOSSOS CLIENTES EST\u00c3O DIZENDO","header_size":"p","align":"center","title_color":"#ffffff","typography_typography":"custom","typography_font_family":"Raleway","typography_font_size":{"unit":"px","size":16},"typography_font_weight":"100","typography_text_transform":"uppercase","typography_letter_spacing":{"unit":"px","size":4},"text_shadow_text_shadow_type":"yes","typography_font_size_mobile":{"unit":"px","size":14}},"elements":[],"isInner":false,"widgetType":"heading","elType":"widget"},{"id":"3e15ec96","settings":{"weight":{"unit":"px","size":3},"color":"#ffe200","width":{"unit":"%","size":7},"align":"center","gap":{"unit":"px","size":30},"_margin":{"unit":"px","top":"0","right":"0","bottom":"55","left":"0","isLinked":false},"text":"Divis\u00f3ria"},"elements":[],"isInner":false,"widgetType":"divider","elType":"widget"},{"id":"68eb03e4","settings":{"gap":"wide","structure":"30"},"elements":[{"id":"336aafcb","settings":{"_column_size":33,"_inline_size":null,"background_background":"gradient","background_color":"#2b0036","background_color_stop":{"unit":"%","size":81},"background_color_b":"#630040","background_gradient_type":"radial","background_gradient_angle":{"unit":"deg","size":160},"background_gradient_position":"top left","box_shadow_box_shadow_type":"yes","box_shadow_box_shadow":{"horizontal":0,"vertical":0,"blur":50,"spread":0,"color":"rgba(0,0,0,0.12)"},"margin":{"unit":"px","top":"0","right":"15","bottom":"0","left":"15","isLinked":false},"padding":{"unit":"px","top":"40","right":"40","bottom":"40","left":"40","isLinked":true},"margin_mobile":{"unit":"px","top":"0","right":"0","bottom":"0","left":"0","isLinked":false},"padding_tablet":{"unit":"px","top":"15","right":"15","bottom":"15","left":"15","isLinked":true},"padding_mobile":{"unit":"px","top":"0","right":"20","bottom":"50","left":"20","isLinked":false}},"elements":[{"id":"3dd2df12","settings":{"title":"\"","header_size":"span","align":"center","title_color":"#ffe200","typography_typography":"custom","typography_font_family":"Cardo","typography_font_size":{"unit":"px","size":160},"_margin":{"unit":"px","top":"0","right":"0","bottom":"-55","left":"0","isLinked":false},"typography_line_height":{"unit":"em","size":0},"typography_font_size_mobile":{"unit":"px","size":54},"text_shadow_text_shadow_type":"yes","_margin_mobile":{"unit":"px","top":"0","right":"0","bottom":"0","left":"0","isLinked":true}},"elements":[],"isInner":false,"widgetType":"heading","elType":"widget"},{"id":"2f135b1d","settings":{"editor":"<p><span>Foi uma experi\u00eancia excelente para mim, \u00e9 um lugar limpo e saud\u00e1vel para ir.\u00a0<\/span><span>Eles s\u00e3o todos muito amig\u00e1veis \u200b\u200be fazem voc\u00ea se sentir confort\u00e1vel.\u00a0<\/span><span>Peter \u00e9 um artista incr\u00edvel !!! \u201d<\/span><\/p>","align":"center","text_color":"#ffffff","typography_typography":"custom","typography_font_family":"Raleway","typography_font_size":{"unit":"px","size":16},"typography_line_height":{"unit":"em","size":1.8000000000000000444089209850062616169452667236328125},"typography_font_style":"italic"},"elements":[],"isInner":false,"widgetType":"text-editor","elType":"widget"},{"id":"117ec1a8","settings":{"image":{"id":2682,"url":"https:\/\/cliente.shazamlnv.com\/wp-content\/uploads\/2022\/02\/test03.jpg","alt":"","source":"library"},"image_size":"thumbnail","space":{"unit":"%","size":20},"image_border_radius":{"unit":"px","top":"150","right":"150","bottom":"150","left":"150","isLinked":true},"_margin":{"unit":"px","top":"0","right":"0","bottom":"25","left":"0","isLinked":false}},"elements":[],"isInner":false,"widgetType":"image","elType":"widget"},{"id":"1723d26b","settings":{"title":"Elizabeth Norton","header_size":"p","align":"center","title_color":"#ffffff","typography_typography":"custom","typography_font_family":"Raleway","typography_font_size":{"unit":"px","size":12},"typography_font_weight":"bold","typography_text_transform":"uppercase","typography_letter_spacing":{"unit":"px","size":3},"text_shadow_text_shadow_type":"yes","_margin":{"unit":"px","top":"0","right":"0","bottom":"-15","left":"0","isLinked":false}},"elements":[],"isInner":false,"widgetType":"heading","elType":"widget"},{"id":"21bad525","settings":{"title":"Designer","header_size":"p","align":"center","title_color":"#ffe200","typography_typography":"custom","typography_font_family":"Raleway","typography_font_size":{"unit":"px","size":12},"typography_font_weight":"normal","typography_letter_spacing":{"unit":"px","size":0},"text_shadow_text_shadow_type":"yes","_margin":{"unit":"px","top":"0","right":"0","bottom":"0","left":"0","isLinked":false},"typography_font_style":"italic"},"elements":[],"isInner":false,"widgetType":"heading","elType":"widget"}],"isInner":true,"elType":"column"},{"id":"6cde23ac","settings":{"_column_size":33,"_inline_size":null,"background_background":"gradient","background_color":"#2b0036","background_color_stop":{"unit":"%","size":81},"background_color_b":"#630040","background_gradient_type":"radial","background_gradient_angle":{"unit":"deg","size":160},"background_gradient_position":"top left","box_shadow_box_shadow_type":"yes","box_shadow_box_shadow":{"horizontal":0,"vertical":0,"blur":50,"spread":0,"color":"rgba(0,0,0,0.12)"},"margin":{"unit":"px","top":"0","right":"15","bottom":"0","left":"15","isLinked":false},"padding":{"unit":"px","top":"40","right":"40","bottom":"40","left":"40","isLinked":true},"margin_mobile":{"unit":"px","top":"0","right":"0","bottom":"0","left":"0","isLinked":true},"padding_tablet":{"unit":"px","top":"15","right":"15","bottom":"15","left":"15","isLinked":true},"padding_mobile":{"unit":"px","top":"0","right":"20","bottom":"50","left":"20","isLinked":false}},"elements":[{"id":"3ac98729","settings":{"title":"\"","header_size":"span","align":"center","title_color":"#ffe200","typography_typography":"custom","typography_font_family":"Cardo","typography_font_size":{"unit":"px","size":160},"_margin":{"unit":"px","top":"0","right":"0","bottom":"-55","left":"0","isLinked":false},"typography_line_height":{"unit":"em","size":0},"typography_font_size_mobile":{"unit":"px","size":54},"_margin_mobile":{"unit":"px","top":"0","right":"0","bottom":"0","left":"0","isLinked":true}},"elements":[],"isInner":false,"widgetType":"heading","elType":"widget"},{"id":"20bb2ea2","settings":{"editor":"<p><span>Muito r\u00e1pido e completo.\u00a0<\/span><span>B\u00e1rbara perfurou minha cartilagem e ela explicou tudo do in\u00edcio ao fim.\u00a0<\/span><span>Fez quest\u00e3o de perguntar onde queria colocar o piercing e me disse o que esperar.<\/span><\/p>","align":"center","text_color":"#ffffff","typography_typography":"custom","typography_font_family":"Raleway","typography_font_size":{"unit":"px","size":16},"typography_line_height":{"unit":"em","size":1.8000000000000000444089209850062616169452667236328125},"typography_font_style":"italic"},"elements":[],"isInner":false,"widgetType":"text-editor","elType":"widget"},{"id":"4c19fd74","settings":{"image":{"id":2683,"url":"https:\/\/cliente.shazamlnv.com\/wp-content\/uploads\/2022\/02\/test04.jpg","alt":"","source":"library"},"image_size":"thumbnail","space":{"unit":"%","size":20},"image_border_radius":{"unit":"px","top":"150","right":"150","bottom":"150","left":"150","isLinked":true},"_margin":{"unit":"px","top":"0","right":"0","bottom":"25","left":"0","isLinked":false}},"elements":[],"isInner":false,"widgetType":"image","elType":"widget"},{"id":"42c8560e","settings":{"title":"Elsa Morisson","header_size":"p","align":"center","title_color":"#ffffff","typography_typography":"custom","typography_font_family":"Raleway","typography_font_size":{"unit":"px","size":12},"typography_font_weight":"bold","typography_text_transform":"uppercase","typography_letter_spacing":{"unit":"px","size":3},"text_shadow_text_shadow_type":"yes","_margin":{"unit":"px","top":"0","right":"0","bottom":"-15","left":"0","isLinked":false}},"elements":[],"isInner":false,"widgetType":"heading","elType":"widget"},{"id":"630baa0e","settings":{"title":"Singer","header_size":"p","align":"center","title_color":"#ffe200","typography_typography":"custom","typography_font_family":"Raleway","typography_font_size":{"unit":"px","size":12},"typography_font_weight":"normal","typography_letter_spacing":{"unit":"px","size":0},"text_shadow_text_shadow_type":"yes","_margin":{"unit":"px","top":"0","right":"0","bottom":"0","left":"0","isLinked":false},"typography_font_style":"italic"},"elements":[],"isInner":false,"widgetType":"heading","elType":"widget"}],"isInner":true,"elType":"column"},{"id":"14d1b4f2","settings":{"_column_size":33,"_inline_size":null,"background_background":"gradient","background_color":"#2b0036","background_color_stop":{"unit":"%","size":81},"background_color_b":"#630040","background_gradient_type":"radial","background_gradient_angle":{"unit":"deg","size":160},"background_gradient_position":"top left","box_shadow_box_shadow_type":"yes","box_shadow_box_shadow":{"horizontal":0,"vertical":0,"blur":50,"spread":0,"color":"rgba(0,0,0,0.12)"},"margin":{"unit":"px","top":"0","right":"15","bottom":"0","left":"15","isLinked":false},"padding":{"unit":"px","top":"40","right":"40","bottom":"40","left":"40","isLinked":true},"margin_mobile":{"unit":"px","top":"0","right":"0","bottom":"0","left":"0","isLinked":true},"padding_tablet":{"unit":"px","top":"15","right":"15","bottom":"15","left":"15","isLinked":true},"padding_mobile":{"unit":"px","top":"0","right":"20","bottom":"50","left":"20","isLinked":false}},"elements":[{"id":"1a818e02","settings":{"title":"\"","header_size":"span","align":"center","title_color":"#ffe200","typography_typography":"custom","typography_font_family":"Cardo","typography_font_size":{"unit":"px","size":160},"_margin":{"unit":"px","top":"0","right":"0","bottom":"-55","left":"0","isLinked":false},"typography_line_height":{"unit":"em","size":0},"typography_font_size_mobile":{"unit":"px","size":54},"typography_line_height_mobile":{"unit":"px","size":0},"typography_letter_spacing_mobile":{"unit":"px","size":0},"_margin_mobile":{"unit":"px","top":"0","right":"0","bottom":"0","left":"0","isLinked":true}},"elements":[],"isInner":false,"widgetType":"heading","elType":"widget"},{"id":"5204c1c3","settings":{"editor":"<p><span>Foi uma experi\u00eancia excelente para mim, \u00e9 um lugar limpo e saud\u00e1vel para ir.\u00a0<\/span><span>Eles s\u00e3o todos muito amig\u00e1veis \u200b\u200be fazem voc\u00ea se sentir confort\u00e1vel.\u00a0<\/span><span>Peter \u00e9 um artista incr\u00edvel !!! \u201d<\/span><\/p>","align":"center","text_color":"#ffffff","typography_typography":"custom","typography_font_family":"Raleway","typography_font_size":{"unit":"px","size":16},"typography_line_height":{"unit":"em","size":1.8000000000000000444089209850062616169452667236328125},"typography_font_style":"italic"},"elements":[],"isInner":false,"widgetType":"text-editor","elType":"widget"},{"id":"1e723af","settings":{"image":{"id":2684,"url":"https:\/\/cliente.shazamlnv.com\/wp-content\/uploads\/2022\/02\/test01.jpg","alt":"","source":"library"},"image_size":"thumbnail","space":{"unit":"%","size":20},"image_border_radius":{"unit":"px","top":"150","right":"150","bottom":"150","left":"150","isLinked":true},"_margin":{"unit":"px","top":"0","right":"0","bottom":"25","left":"0","isLinked":false}},"elements":[],"isInner":false,"widgetType":"image","elType":"widget"},{"id":"17653451","settings":{"title":"Maria Monroe","header_size":"p","align":"center","title_color":"#ffffff","typography_typography":"custom","typography_font_family":"Raleway","typography_font_size":{"unit":"px","size":12},"typography_font_weight":"bold","typography_text_transform":"uppercase","typography_letter_spacing":{"unit":"px","size":3},"text_shadow_text_shadow_type":"yes","_margin":{"unit":"px","top":"0","right":"0","bottom":"-15","left":"0","isLinked":false}},"elements":[],"isInner":false,"widgetType":"heading","elType":"widget"},{"id":"431be0b8","settings":{"title":"Actress","header_size":"p","align":"center","title_color":"#ffe200","typography_typography":"custom","typography_font_family":"Raleway","typography_font_size":{"unit":"px","size":12},"typography_font_weight":"normal","typography_letter_spacing":{"unit":"px","size":0},"text_shadow_text_shadow_type":"yes","_margin":{"unit":"px","top":"0","right":"0","bottom":"0","left":"0","isLinked":false},"typography_font_style":"italic"},"elements":[],"isInner":false,"widgetType":"heading","elType":"widget"}],"isInner":true,"elType":"column"}],"isInner":true,"elType":"section"},{"id":"45e747da","settings":{"space":{"unit":"px","size":100},"space_mobile":{"unit":"px","size":0}},"elements":[],"isInner":false,"widgetType":"spacer","elType":"widget"}],"isInner":false,"elType":"column"}],"isInner":false,"elType":"section"},{"id":"282232eb","settings":{"background_background":"gradient","background_color":"#1d0033","gap":"no","background_color_stop":{"unit":"%","size":69},"background_color_b":"#630040","background_gradient_type":"radial","background_gradient_position":"top left","layout":"full_width"},"elements":[{"id":"595e4215","settings":{"_column_size":100},"elements":[{"id":"6e482c77","settings":{"space":{"unit":"px","size":100},"space_mobile":{"unit":"px","size":50}},"elements":[],"isInner":false,"widgetType":"spacer","elType":"widget"},{"id":"21cf8768","settings":{"title":"\u00daltimas Tintas","header_size":"h1","align":"center","title_color":"#ffffff","typography_typography":"custom","typography_font_family":"Cardo","typography_font_size":{"unit":"px","size":66},"_margin":{"unit":"px","top":"0","right":"0","bottom":"-10","left":"0","isLinked":false},"typography_font_size_mobile":{"unit":"px","size":35}},"elements":[],"isInner":false,"widgetType":"heading","elType":"widget"},{"id":"570016ca","settings":{"title":"UMA PEQUENA AMOSTRA DO QUE PODEMOS FAZER","header_size":"p","align":"center","title_color":"#ffffff","typography_typography":"custom","typography_font_family":"Raleway","typography_font_size":{"unit":"px","size":16},"typography_font_weight":"100","typography_text_transform":"uppercase","typography_letter_spacing":{"unit":"px","size":4},"text_shadow_text_shadow_type":"yes","typography_font_size_mobile":{"unit":"px","size":14}},"elements":[],"isInner":false,"widgetType":"heading","elType":"widget"},{"id":"1f09ba71","settings":{"weight":{"unit":"px","size":3},"color":"#ffe200","width":{"unit":"%","size":7},"align":"center","gap":{"unit":"px","size":30},"_margin":{"unit":"px","top":"0","right":"0","bottom":"55","left":"0","isLinked":false},"text":"Divis\u00f3ria"},"elements":[],"isInner":false,"widgetType":"divider","elType":"widget"},{"id":"677f1f4e","settings":{"text":"MARQUE UMA CONSULTA","align":"center","size":"lg","typography_typography":"custom","typography_font_family":"Raleway","typography_font_size":{"unit":"px","size":14},"typography_font_weight":"bold","typography_text_transform":"uppercase","button_text_color":"#000000","background_color":"#ffe200","border_radius":{"unit":"px","top":"0","right":"0","bottom":"0","left":"0","isLinked":true},"text_padding":{"unit":"px","top":"25","right":"45","bottom":"25","left":"45","isLinked":false},"link":{"url":"#contact","is_external":"","nofollow":""}},"elements":[],"isInner":false,"widgetType":"button","elType":"widget"},{"id":"4cc3126a","settings":{"space":{"unit":"px","size":100},"space_mobile":{"unit":"px","size":50}},"elements":[],"isInner":false,"widgetType":"spacer","elType":"widget"}],"isInner":false,"elType":"column"}],"isInner":false,"elType":"section"},{"id":"5f801add","settings":{"gap":"no","background_background":"classic","background_image":{"id":2675,"url":"https:\/\/cliente.shazamlnv.com\/wp-content\/uploads\/2022\/02\/inked_bg_cta.jpg","alt":"","source":"library"},"background_position":"center center","background_attachment":"fixed","background_repeat":"no-repeat","background_size":"cover","background_overlay_background":"classic","background_overlay_color":"#1d0033","background_overlay_opacity":{"unit":"px","size":0.88000000000000000444089209850062616169452667236328125}},"elements":[{"id":"b54cd64","settings":{"_column_size":100},"elements":[{"id":"51380b94","settings":{"space":{"unit":"px","size":100},"space_mobile":{"unit":"px","size":50}},"elements":[],"isInner":false,"widgetType":"spacer","elType":"widget"},{"id":"63513d86","settings":{"title":"Boletim De Not\u00edcias","align":"center","title_color":"#ffffff","typography_typography":"custom","typography_font_family":"Cardo","typography_font_size":{"unit":"px","size":40},"_margin":{"unit":"px","top":"0","right":"0","bottom":"-10","left":"0","isLinked":false}},"elements":[],"isInner":false,"widgetType":"heading","elType":"widget"},{"id":"5eaee6a4","settings":{"space":{"unit":"px","size":10}},"elements":[],"isInner":false,"widgetType":"spacer","elType":"widget"},{"id":"2a3bbd52","settings":{"editor":"<p>Assine nossa newsletter para receber ofertas exclusivas e as \u00faltimas novidades sobre nossos produtos e servi\u00e7os.<\/p>","align":"center","text_color":"#ffffff","typography_typography":"custom","typography_font_family":"Raleway","typography_font_size":{"unit":"px","size":16},"typography_line_height":{"unit":"em","size":1.8000000000000000444089209850062616169452667236328125}},"elements":[],"isInner":false,"widgetType":"text-editor","elType":"widget"},{"id":"4f829541","settings":{"structure":"30"},"elements":[{"id":"47862e5","settings":{"_column_size":33,"_inline_size":25},"elements":[],"isInner":true,"elType":"column"},{"id":"dd22ff3","settings":{"_column_size":33,"_inline_size":49.332999999999998408384271897375583648681640625},"elements":[{"id":"600d7f7f","settings":{"form_name":"New Form","form_fields":[{"_id":"email","field_type":"email","required":"true","field_label":"E-mail","placeholder":"E-mail","width":"75","file_sizes":"","file_types":"","allow_multiple_upload":"","max_files":"","acceptance_text":"","checked_by_default":"","field_min":"","field_max":"","min_date":"","max_date":"","use_native_date":"","use_native_time":"","previous_button":"","next_button":""}],"input_size":"lg","show_labels":"","button_text":"Enviar","button_size":"lg","button_width":"25","email_content":"[all-fields]","email_content_2":"[all-fields]","success_message":"The form was sent successfully!","error_message":"Please fill in the required fields.","required_field_message":"Required","invalid_message":"There's something wrong. The form is invalid.","column_gap":{"unit":"px","size":0},"field_text_color":"#ffffff","field_typography_typography":"custom","field_typography_font_family":"Raleway","field_typography_font_size":{"unit":"px","size":16},"field_typography_font_weight":"300","field_typography_font_style":"italic","field_background_color":"#1d0033","field_border_width":{"unit":"px","top":"0","right":"0","bottom":"0","left":"0","isLinked":true},"field_border_radius":{"unit":"px","top":"0","right":"0","bottom":"0","left":"0","isLinked":true},"button_text_color":"#000000","button_typography_typography":"custom","button_typography_font_family":"Raleway","button_background_color":"#ffe200","button_border_radius":{"unit":"px","top":"0","right":"0","bottom":"0","left":"0","isLinked":true},"_border_border":"solid","_border_width":{"unit":"px","top":"5","right":"5","bottom":"5","left":"5","isLinked":true},"_border_color":"#12001c","_border_radius":{"unit":"px","top":"0","right":"0","bottom":"0","left":"0","isLinked":true},"step_next_label":"Next","step_previous_label":"Previous"},"elements":[],"isInner":false,"widgetType":"form","elType":"widget"}],"isInner":true,"elType":"column"},{"id":"433158ef","settings":{"_column_size":33,"_inline_size":25},"elements":[],"isInner":true,"elType":"column"}],"isInner":true,"elType":"section"},{"id":"381a3f68","settings":{"space":{"unit":"px","size":100},"space_mobile":{"unit":"px","size":50}},"elements":[],"isInner":false,"widgetType":"spacer","elType":"widget"}],"isInner":false,"elType":"column"}],"isInner":false,"elType":"section"},{"id":"36db4e39","settings":{"gap":"no","background_background":"classic","background_color":"#1d0033","background_color_stop":{"unit":"%","size":69},"background_color_b":"#630040","background_gradient_type":"radial","background_gradient_angle":{"unit":"deg","size":140},"background_gradient_position":"top left"},"elements":[{"id":"1e9b0748","settings":{"_column_size":100},"elements":[{"id":"443b86ad","settings":[],"elements":[],"isInner":false,"widgetType":"spacer","elType":"widget"},{"id":"51e17533","settings":{"title":"Contato","align":"center","title_color":"rgba(255,255,255,0.04)","typography_typography":"custom","typography_font_family":"Cardo","typography_font_size":{"unit":"em","size":10},"typography_font_size_tablet":{"unit":"em","size":7},"typography_font_size_mobile":{"unit":"em","size":4},"typography_text_transform":"uppercase","_margin":{"unit":"px","top":"0","right":"0","bottom":"-105","left":"0","isLinked":false},"_animation":"fadeIn","hide_mobile":"hidden-phone"},"elements":[],"isInner":false,"widgetType":"heading","elType":"widget"},{"id":"3362b286","settings":{"title":"Onde Nos Encontrar","header_size":"h1","align":"center","title_color":"#ffffff","typography_typography":"custom","typography_font_family":"Cardo","typography_font_size":{"unit":"px","size":66},"typography_font_size_mobile":{"unit":"px","size":36}},"elements":[],"isInner":false,"widgetType":"heading","elType":"widget"},{"id":"539bd908","settings":{"weight":{"unit":"px","size":3},"color":"#ffe200","width":{"unit":"%","size":7},"align":"center","gap":{"unit":"px","size":30},"_margin":{"unit":"px","top":"0","right":"0","bottom":"55","left":"0","isLinked":false},"text":"Divis\u00f3ria"},"elements":[],"isInner":false,"widgetType":"divider","elType":"widget"}],"isInner":false,"elType":"column"}],"isInner":false,"elType":"section"},{"id":"1e1b5fb8","settings":{"background_background":"gradient","background_color":"#1d0033","gap":"no","background_color_stop":{"unit":"%","size":69},"background_color_b":"#630040","background_gradient_type":"radial","background_gradient_position":"top left","z_index":1},"elements":[{"id":"667be95c","settings":{"_column_size":100,"margin":{"unit":"px","top":"0","right":"80","bottom":"0","left":"0","isLinked":false},"margin_mobile":{"unit":"px","top":"0","right":"0","bottom":"0","left":"0","isLinked":true},"padding_mobile":{"unit":"px","top":"0","right":"0","bottom":"0","left":"0","isLinked":true}},"elements":[{"id":"24929a79","settings":{"structure":"20","background_background":"classic","padding":{"unit":"px","top":"80","right":"50","bottom":"0","left":"50","isLinked":false},"background_image":{"id":2670,"url":"https:\/\/cliente.shazamlnv.com\/wp-content\/uploads\/2022\/02\/inked_bg_about.jpg","alt":"","source":"library"},"background_position":"center center","background_attachment":"fixed","background_repeat":"no-repeat","background_size":"cover","background_overlay_background":"classic","background_overlay_color":"#1d0033","background_overlay_opacity":{"unit":"px","size":0.88000000000000000444089209850062616169452667236328125},"padding_mobile":{"unit":"px","top":"30","right":"30","bottom":"30","left":"30","isLinked":true}},"elements":[{"id":"63a4c774","settings":{"_column_size":50,"_inline_size":60,"padding":{"unit":"px","top":"60","right":"60","bottom":"0","left":"0","isLinked":false},"padding_mobile":{"unit":"px","top":"0","right":"0","bottom":"0","left":"0","isLinked":true}},"elements":[{"id":"371465e6","settings":{"editor":"<p><span>Tem um projeto que est\u00e1 interessado em discutir conosco?\u00a0<\/span><span>Escreva-nos abaixo, adorar\u00edamos conversar.<\/span><\/p>","text_color":"#ffffff","typography_typography":"custom","typography_font_family":"Raleway","typography_font_size":{"unit":"px","size":16},"typography_line_height":{"unit":"em","size":1.8000000000000000444089209850062616169452667236328125}},"elements":[],"isInner":false,"widgetType":"text-editor","elType":"widget"},{"id":"504a36a4","settings":{"title_text":"Our Studio","description_text":"301 Lakewood, Custard Factory<br\/>\nLos Angeles, E1234","position":"left","primary_color":"#ffe200","icon_size":{"unit":"px","size":28},"title_bottom_space":{"unit":"px","size":5},"title_color":"#ffe200","title_typography_typography":"custom","title_typography_font_family":"Raleway","title_typography_font_size":{"unit":"px","size":18},"title_typography_font_weight":"800","description_color":"#ffffff"},"elements":[],"isInner":false,"widgetType":"icon-box","elType":"widget"},{"id":"5239bdca","settings":{"title_text":"Phone","description_text":"+00 98765-4321","position":"left","primary_color":"#ffe200","icon_space":{"unit":"px","size":18},"icon_size":{"unit":"px","size":28},"title_bottom_space":{"unit":"px","size":5},"title_color":"#ffe200","title_typography_typography":"custom","title_typography_font_family":"Raleway","title_typography_font_size":{"unit":"px","size":18},"title_typography_font_weight":"800","description_color":"#ffffff"},"elements":[],"isInner":false,"widgetType":"icon-box","elType":"widget"},{"id":"5c4525b","settings":{"title_text":"Email","description_text":"inked@cssigniter.com","position":"left","primary_color":"#ffe200","icon_space":{"unit":"px","size":18},"icon_size":{"unit":"px","size":28},"title_bottom_space":{"unit":"px","size":5},"title_color":"#ffe200","title_typography_typography":"custom","title_typography_font_family":"Raleway","title_typography_font_size":{"unit":"px","size":18},"title_typography_font_weight":"800","description_color":"#ffffff"},"elements":[],"isInner":false,"widgetType":"icon-box","elType":"widget"},{"id":"68d35ffa","settings":{"title_text":"Opening Hours","description_text":"Mon-Fri: 10:00am - 20:00pm","position":"left","primary_color":"#ffe200","icon_space":{"unit":"px","size":18},"icon_size":{"unit":"px","size":28},"title_bottom_space":{"unit":"px","size":5},"title_color":"#ffe200","title_typography_typography":"custom","title_typography_font_family":"Raleway","title_typography_font_size":{"unit":"px","size":18},"title_typography_font_weight":"800","description_color":"#ffffff"},"elements":[],"isInner":false,"widgetType":"icon-box","elType":"widget"},{"id":"620c5e5","settings":{"space":{"unit":"px","size":30}},"elements":[],"isInner":false,"widgetType":"spacer","elType":"widget"}],"isInner":true,"elType":"column"},{"id":"42fd1823","settings":{"_column_size":50,"_inline_size":40},"elements":[],"isInner":true,"elType":"column"}],"isInner":true,"elType":"section"},{"id":"53538a64","settings":{"space":{"unit":"px","size":150},"space_mobile":{"unit":"px","size":0}},"elements":[],"isInner":false,"widgetType":"spacer","elType":"widget"}],"isInner":false,"elType":"column"}],"isInner":false,"elType":"section"},{"id":"820d7a1","settings":{"gap":"no","background_background":"classic","background_color":"#1d0033","background_color_stop":{"unit":"%","size":69},"background_color_b":"#630040","background_gradient_type":"radial","background_gradient_angle":{"unit":"deg","size":140},"background_gradient_position":"top left"},"elements":[{"id":"519768a1","settings":{"_column_size":100},"elements":[{"id":"38ff77d8","settings":{"space":{"unit":"px","size":100},"space_mobile":{"unit":"px","size":50}},"elements":[],"isInner":false,"widgetType":"spacer","elType":"widget"},{"id":"39230a02","settings":{"title":"Contato","align":"center","title_color":"rgba(255,255,255,0.04)","typography_typography":"custom","typography_font_family":"Cardo","typography_font_size":{"unit":"em","size":10},"typography_font_size_tablet":{"unit":"em","size":7},"typography_font_size_mobile":{"unit":"em","size":4},"typography_text_transform":"uppercase","_margin":{"unit":"px","top":"0","right":"0","bottom":"-105","left":"0","isLinked":false},"_animation":"fadeIn","hide_mobile":"hidden-phone"},"elements":[],"isInner":false,"widgetType":"heading","elType":"widget"},{"id":"55348e97","settings":{"title":"Entrar Em Contato","header_size":"h1","align":"center","title_color":"#ffffff","typography_typography":"custom","typography_font_family":"Cardo","typography_font_size":{"unit":"px","size":66},"typography_font_size_mobile":{"unit":"px","size":36}},"elements":[],"isInner":false,"widgetType":"heading","elType":"widget"},{"id":"39085cd6","settings":{"weight":{"unit":"px","size":3},"color":"#ffe200","width":{"unit":"%","size":7},"align":"center","gap":{"unit":"px","size":30},"_margin":{"unit":"px","top":"0","right":"0","bottom":"55","left":"0","isLinked":false},"text":"Divis\u00f3ria"},"elements":[],"isInner":false,"widgetType":"divider","elType":"widget"},{"id":"32f3fb8e","settings":{"structure":"30"},"elements":[{"id":"10effd4d","settings":{"_column_size":33,"_inline_size":25},"elements":[],"isInner":true,"elType":"column"},{"id":"20918ff1","settings":{"_column_size":33,"_inline_size":49.332999999999998408384271897375583648681640625},"elements":[{"id":"22e562e3","settings":{"anchor":"contact"},"elements":[],"isInner":false,"widgetType":"menu-anchor","elType":"widget"},{"id":"370975d8","settings":{"form_name":"New Form","form_fields":[{"_id":"email","required":"true","field_label":"Nome","placeholder":"Nome","file_sizes":"","file_types":"","allow_multiple_upload":"","max_files":"","acceptance_text":"","checked_by_default":"","field_min":"","field_max":"","min_date":"","max_date":"","use_native_date":"","use_native_time":"","previous_button":"","next_button":""},{"_id":"field_1","field_type":"email","required":"true","field_label":"E-mail","placeholder":"E-mail","file_sizes":"","file_types":"","allow_multiple_upload":"","max_files":"","acceptance_text":"","checked_by_default":"","field_min":"","field_max":"","min_date":"","max_date":"","use_native_date":"","use_native_time":"","previous_button":"","next_button":""},{"_id":"field_2","field_type":"textarea","required":"true","field_label":"Mensagem","placeholder":"Mensagem","file_sizes":"","file_types":"","allow_multiple_upload":"","max_files":"","acceptance_text":"","checked_by_default":"","field_min":"","field_max":"","min_date":"","max_date":"","use_native_date":"","use_native_time":"","rows":6,"previous_button":"","next_button":""}],"input_size":"lg","show_labels":"","button_text":"Enviar","button_size":"lg","button_width":"25","email_content":"[all-fields]","email_content_2":"[all-fields]","success_message":"The form was sent successfully!","error_message":"Please fill in the required fields.","required_field_message":"Required","invalid_message":"There's something wrong. The form is invalid.","column_gap":{"unit":"px","size":0},"field_text_color":"#ffffff","field_typography_typography":"custom","field_typography_font_family":"Raleway","field_typography_font_size":{"unit":"px","size":16},"field_typography_font_weight":"300","field_typography_font_style":"italic","field_background_color":"#12001c","field_border_width":{"unit":"px","top":"0","right":"0","bottom":"0","left":"0","isLinked":true},"field_border_radius":{"unit":"px","top":"0","right":"0","bottom":"0","left":"0","isLinked":true},"button_text_color":"#000000","button_typography_typography":"custom","button_typography_font_family":"Raleway","button_background_color":"#ffe200","button_border_radius":{"unit":"px","top":"0","right":"0","bottom":"0","left":"0","isLinked":true},"_border_width":{"unit":"px","top":"5","right":"5","bottom":"5","left":"5","isLinked":true},"_border_radius":{"unit":"px","top":"0","right":"0","bottom":"0","left":"0","isLinked":true},"row_gap":{"unit":"px","size":30},"step_next_label":"Next","step_previous_label":"Previous"},"elements":[],"isInner":false,"widgetType":"form","elType":"widget"}],"isInner":true,"elType":"column"},{"id":"77f3b12b","settings":{"_column_size":33,"_inline_size":25},"elements":[],"isInner":true,"elType":"column"}],"isInner":true,"elType":"section"},{"id":"2a41c488","settings":{"space":{"unit":"px","size":100},"space_mobile":{"unit":"px","size":50}},"elements":[],"isInner":false,"widgetType":"spacer","elType":"widget"}],"isInner":false,"elType":"column"}],"isInner":false,"elType":"section"},{"id":"ae97a1b","settings":{"gap":"no","background_background":"classic","background_color":"#12001c","background_color_stop":{"unit":"%","size":69},"background_color_b":"#630040","background_gradient_type":"radial","background_gradient_angle":{"unit":"deg","size":140},"background_gradient_position":"top left","content_position":"middle","padding":{"unit":"px","top":"5","right":"0","bottom":"5","left":"0","isLinked":false}},"elements":[{"id":"3758ca71","settings":{"_column_size":100},"elements":[{"id":"2f761424","settings":{"structure":"30","content_position":"middle"},"elements":[{"id":"21f06646","settings":{"_column_size":33,"_inline_size":25},"elements":[{"id":"e1c9731","settings":{"title":"Inked.","header_size":"h3","align":"center","title_color":"#ffffff","typography_typography":"custom","typography_font_family":"Cardo","typography_font_size":{"unit":"px","size":26},"typography_font_size_mobile":{"unit":"px","size":36}},"elements":[],"isInner":false,"widgetType":"heading","elType":"widget"}],"isInner":true,"elType":"column"},{"id":"8a7ab30","settings":{"_column_size":33,"_inline_size":49.332999999999998408384271897375583648681640625,"content_position":"center"},"elements":[{"id":"3893893c","settings":{"title":"Inked - Desenvolvido por <font color=\"#ffd100\">Shazam\/LNV<\/font>","header_size":"div","align":"center","title_color":"#ffffff","typography_typography":"custom","typography_font_family":"Raleway","typography_font_size":{"unit":"px","size":13},"typography_font_weight":"300"},"elements":[],"isInner":false,"widgetType":"heading","elType":"widget"}],"isInner":true,"elType":"column"},{"id":"3e9cff9","settings":{"_column_size":33,"_inline_size":25},"elements":[{"id":"735a739f","settings":{"social_icon_list":[{"social":"fa fa-facebook","_id":"eea61d7","social_icon":{"value":"fab fa-facebook-f","library":"fa-brands"},"__fa4_migrated":{"social_icon":true}},{"social":"fa fa-twitter","_id":"3d129fd","social_icon":{"value":"fab fa-twitter","library":"fa-brands"},"__fa4_migrated":{"social_icon":true}},{"social":"fa fa-google-plus","_id":"85eb8aa","social_icon":{"value":"fab fa-google-plus-g","library":"fa-brands"},"__fa4_migrated":{"social_icon":true}}],"shape":"circle","icon_color":"custom","icon_primary_color":"#ffe200","icon_secondary_color":"#282828","icon_size":{"unit":"px","size":13},"_background_background":"classic"},"elements":[],"isInner":false,"widgetType":"social-icons","elType":"widget"}],"isInner":true,"elType":"column"}],"isInner":true,"elType":"section"}],"isInner":false,"elType":"column"}],"isInner":false,"elType":"section"}],"page_settings":[],"version":"0.4","title":"ESTUDIO DE TATUAGEM 3","type":"page"}