{
    "version": "0.4",
    "title": "About Us #2",
    "type": "page",
    "metadata": {
        "template_type": "single-page",
        "include_in_zip": "1",
        "elementor_pro_required": "1",
        "wp_page_template": "elementor_header_footer"
    },
    "content": [
        {
            "id": "19da9d7",
            "settings": {
                "padding": {
                    "unit": "%",
                    "top": "0",
                    "right": "3",
                    "bottom": "0",
                    "left": "3",
                    "isLinked": false
                },
                "content_width": {
                    "unit": "px",
                    "size": 768,
                    "sizes": []
                }
            },
            "elements": [
                {
                    "id": "243f1aff",
                    "settings": {
                        "_column_size": 100,
                        "_inline_size": 100
                    },
                    "elements": [
                        {
                            "id": "3421533f",
                            "settings": {
                                "text_color": "#3C3C3C",
                                "link_color": "#979797",
                                "text_typography_typography": "custom",
                                "text_typography_font_family": "Inconsolata",
                                "_margin": {
                                    "unit": "px",
                                    "top": "20",
                                    "right": "0",
                                    "bottom": "0",
                                    "left": "0",
                                    "isLinked": false
                                }
                            },
                            "elements": [],
                            "isInner": false,
                            "widgetType": "woocommerce-breadcrumb",
                            "elType": "widget"
                        }
                    ],
                    "isInner": false,
                    "elType": "column"
                }
            ],
            "isInner": false,
            "elType": "section"
        },
        {
            "id": "36b1917b",
            "settings": {
                "layout": "full_width",
                "background_background": "gradient",
                "padding": {
                    "unit": "%",
                    "top": "0",
                    "right": "3",
                    "bottom": "0",
                    "left": "3",
                    "isLinked": false
                },
                "custom_height": {
                    "unit": "vh",
                    "size": 50,
                    "sizes": []
                },
                "column_position": "stretch",
                "margin": {
                    "unit": "px",
                    "top": "20",
                    "right": 0,
                    "bottom": "0",
                    "left": 0,
                    "isLinked": false
                },
                "margin_tablet": {
                    "unit": "px",
                    "top": "0",
                    "right": 0,
                    "bottom": "0",
                    "left": 0,
                    "isLinked": true
                },
                "padding_tablet": {
                    "unit": "%",
                    "top": "0",
                    "right": "0",
                    "bottom": "0",
                    "left": "0",
                    "isLinked": true
                },
                "height": "min-height",
                "background_color_stop": {
                    "unit": "%",
                    "size": 60,
                    "sizes": []
                },
                "background_color_b_stop": {
                    "unit": "%",
                    "size": 0,
                    "sizes": []
                },
                "background_gradient_angle": {
                    "unit": "deg",
                    "size": 90,
                    "sizes": []
                }
            },
            "elements": [
                {
                    "id": "78aab56b",
                    "settings": {
                        "_column_size": 100,
                        "_inline_size": null,
                        "background_background": "classic",
                        "background_position": "center center",
                        "background_repeat": "no-repeat",
                        "background_size": "cover",
                        "background_color": "#F6F4F6",
                        "content_position": "center",
                        "background_overlay_background": "classic",
                        "background_overlay_image": {
                            "url": "https:\/\/kits.seventhqueen.com\/elementor-luxury-shop\/wp-content\/uploads\/sites\/3\/2020\/02\/dots-white.png",
                            "id": 2423
                        },
                        "background_overlay_position": "initial",
                        "background_overlay_xpos": {
                            "unit": "vw",
                            "size": 60,
                            "sizes": []
                        },
                        "background_overlay_ypos": {
                            "unit": "px",
                            "size": -350,
                            "sizes": []
                        },
                        "background_overlay_repeat": "no-repeat",
                        "background_image": {
                            "url": "https:\/\/kits.seventhqueen.com\/elementor-luxury-shop\/wp-content\/uploads\/sites\/3\/2020\/03\/close-up-view-of-the-diamond-rings-SDWSW8V.jpg",
                            "id": 4192
                        }
                    },
                    "elements": [
                        {
                            "id": "52e87417",
                            "settings": {
                                "view": "inline",
                                "icon_list": [
                                    {
                                        "text": "Follow us on \u2014\u2014",
                                        "selected_icon": {
                                            "value": "",
                                            "library": ""
                                        },
                                        "link": {
                                            "url": "",
                                            "is_external": "",
                                            "nofollow": "",
                                            "custom_attributes": ""
                                        },
                                        "_id": "7c317e9"
                                    },
                                    {
                                        "text": "",
                                        "selected_icon": {
                                            "value": "fab fa-facebook-f",
                                            "library": "fa-brands"
                                        },
                                        "link": {
                                            "url": "#",
                                            "is_external": "",
                                            "nofollow": "",
                                            "custom_attributes": ""
                                        },
                                        "_id": "9c0cf9d"
                                    },
                                    {
                                        "text": "",
                                        "selected_icon": {
                                            "value": "fab fa-twitter",
                                            "library": "fa-brands"
                                        },
                                        "link": {
                                            "url": "#",
                                            "is_external": "",
                                            "nofollow": "",
                                            "custom_attributes": ""
                                        },
                                        "_id": "1dffb43"
                                    },
                                    {
                                        "text": "",
                                        "selected_icon": {
                                            "value": "fab fa-instagram",
                                            "library": "fa-brands"
                                        },
                                        "link": {
                                            "url": "#",
                                            "is_external": "",
                                            "nofollow": "",
                                            "custom_attributes": ""
                                        },
                                        "_id": "d3a53cd"
                                    }
                                ],
                                "_element_width": "auto",
                                "_offset_x": {
                                    "size": 3,
                                    "unit": "%"
                                },
                                "_offset_y": {
                                    "size": 100,
                                    "unit": "%"
                                },
                                "icon_color": "#FFFFFF",
                                "icon_color_hover": "#FF0061",
                                "text_color": "#FFFFFF",
                                "_animation": "fadeIn",
                                "reference_point": "top-left",
                                "angle": {
                                    "unit": "px",
                                    "size": 90,
                                    "sizes": []
                                },
                                "_offset_x_tablet": {
                                    "unit": "px",
                                    "size": -4,
                                    "sizes": []
                                },
                                "_margin": {
                                    "unit": "px",
                                    "top": "0",
                                    "right": "0",
                                    "bottom": "0",
                                    "left": "50",
                                    "isLinked": false
                                },
                                "_z_index": 10,
                                "sticky_offset": 300,
                                "sticky_parent": "yes",
                                "icon_typography_typography": "custom",
                                "icon_typography_font_family": "Inconsolata",
                                "_position": "absolute",
                                "hide_tablet": "hidden-tablet",
                                "hide_mobile": "hidden-phone"
                            },
                            "elements": [],
                            "isInner": false,
                            "widgetType": "icon-list",
                            "elType": "widget"
                        }
                    ],
                    "isInner": false,
                    "elType": "column"
                }
            ],
            "isInner": false,
            "elType": "section"
        },
        {
            "id": "bbc31e7",
            "settings": {
                "structure": "20",
                "content_width": {
                    "unit": "px",
                    "size": 768,
                    "sizes": []
                },
                "background_overlay_background": "gradient",
                "background_overlay_color": "rgba(255, 255, 255, 0)",
                "background_overlay_color_stop": {
                    "unit": "%",
                    "size": 20,
                    "sizes": []
                },
                "background_overlay_color_b": "#FFFFFF",
                "background_overlay_color_b_stop": {
                    "unit": "%",
                    "size": 0,
                    "sizes": []
                },
                "background_overlay_gradient_angle": {
                    "unit": "deg",
                    "size": 90,
                    "sizes": []
                },
                "background_overlay_opacity": {
                    "unit": "px",
                    "size": 1,
                    "sizes": []
                },
                "margin": {
                    "unit": "px",
                    "top": "-150",
                    "right": 0,
                    "bottom": "150",
                    "left": 0,
                    "isLinked": false
                },
                "margin_tablet": {
                    "unit": "px",
                    "top": "-100",
                    "right": 0,
                    "bottom": "100",
                    "left": 0,
                    "isLinked": false
                },
                "padding": {
                    "unit": "%",
                    "top": "0",
                    "right": "3",
                    "bottom": "0",
                    "left": "3",
                    "isLinked": false
                }
            },
            "elements": [
                {
                    "id": "31523b10",
                    "settings": {
                        "_column_size": 50,
                        "_inline_size": null,
                        "margin": {
                            "unit": "px",
                            "top": "150",
                            "right": "0",
                            "bottom": "0",
                            "left": "0",
                            "isLinked": false
                        }
                    },
                    "elements": [
                        {
                            "id": "70eb841e",
                            "settings": {
                                "title": "The Company",
                                "subtitle_show": "",
                                "subtitle": "",
                                "subtitle_tag": "span",
                                "description_section_show": "",
                                "content_align": "left",
                                "title_color": "#3C3C3C",
                                "title_typography_typography": "custom",
                                "title_typography_font_family": "EB Garamond",
                                "title_typography_font_size": {
                                    "unit": "px",
                                    "size": 54,
                                    "sizes": []
                                },
                                "title_typography_font_weight": "400",
                                "subtitle_color": "#3C3C3C",
                                "subtitle_typography_typography": "custom",
                                "subtitle_typography_font_family": "Inconsolata",
                                "subtitle_typography_text_decoration": "underline",
                                "_animation": "fadeIn",
                                "highlighted_title_color": "#FF0061",
                                "show_separator": "",
                                "_margin": {
                                    "unit": "px",
                                    "top": "0",
                                    "right": "0",
                                    "bottom": "20",
                                    "left": "0",
                                    "isLinked": false
                                },
                                "title_typography_font_size_tablet": {
                                    "unit": "px",
                                    "size": 42,
                                    "sizes": []
                                },
                                "title_typography_font_size_mobile": {
                                    "unit": "px",
                                    "size": 32,
                                    "sizes": []
                                }
                            },
                            "elements": [],
                            "isInner": false,
                            "widgetType": "stax-el-heading",
                            "elType": "widget"
                        },
                        {
                            "id": "ee73a39",
                            "settings": {
                                "title": "Lorem ipsum dolor sit amet, consectetur adipisicing elit, sed do eiusmod tempor incididunt ut labore et dolore magna aliqua. Ut enim ad minim veniam",
                                "title_color": "#3C3C3C",
                                "typography_typography": "custom",
                                "typography_font_family": "EB Garamond",
                                "typography_font_size": {
                                    "unit": "px",
                                    "size": 24,
                                    "sizes": []
                                },
                                "typography_font_weight": "400",
                                "_animation": "fadeIn",
                                "typography_line_height": {
                                    "unit": "em",
                                    "size": 1.3999999999999999,
                                    "sizes": []
                                },
                                "_animation_delay": 600,
                                "_margin": {
                                    "unit": "px",
                                    "top": "0",
                                    "right": "-100",
                                    "bottom": "30",
                                    "left": "-100",
                                    "isLinked": false
                                },
                                "_margin_tablet": {
                                    "unit": "px",
                                    "top": "0",
                                    "right": "0",
                                    "bottom": "0",
                                    "left": "0",
                                    "isLinked": false
                                },
                                "typography_line_height_mobile": {
                                    "unit": "em",
                                    "size": 1.2,
                                    "sizes": []
                                }
                            },
                            "elements": [],
                            "isInner": false,
                            "widgetType": "heading",
                            "elType": "widget"
                        },
                        {
                            "id": "51ac9a9e",
                            "settings": {
                                "editor": "Quis nostrud exercitation ullamco laboris nisi ut aliquip ex ea commodo consequat. Duis aute irure dolor in reprehenderit in voluptate velit esse cillum dolore eu fugiat nulla pariatur. Excepteur sint occaecat cupidatat non proident, sunt in culpa qui officia deserunt mollit anim id est laborum.",
                                "text_color": "#3C3C3C",
                                "typography_typography": "custom",
                                "typography_font_family": "Inconsolata"
                            },
                            "elements": [],
                            "isInner": false,
                            "widgetType": "text-editor",
                            "elType": "widget"
                        },
                        {
                            "id": "51e56d3e",
                            "settings": {
                                "editor": "Sed ut perspiciatis unde omnis iste natus error sit voluptatem accusantium doloremque laudantium, totam rem aperiam, eaque ipsa quae ab illo inventore veritatis et quasi architecto beatae vitae dicta sunt explicabo. Nemo enim ipsam voluptatem quia voluptas sit aspernatur aut odit aut fugit",
                                "text_color": "#3C3C3C",
                                "typography_typography": "custom",
                                "typography_font_family": "Inconsolata",
                                "_margin": {
                                    "unit": "px",
                                    "top": "0",
                                    "right": "0",
                                    "bottom": "50",
                                    "left": "0",
                                    "isLinked": false
                                },
                                "_margin_mobile": {
                                    "unit": "px",
                                    "top": "0",
                                    "right": "0",
                                    "bottom": "20",
                                    "left": "0",
                                    "isLinked": false
                                }
                            },
                            "elements": [],
                            "isInner": false,
                            "widgetType": "text-editor",
                            "elType": "widget"
                        },
                        {
                            "id": "6606fdb1",
                            "settings": {
                                "image": {
                                    "url": "https:\/\/kits.seventhqueen.com\/elementor-luxury-shop\/wp-content\/uploads\/sites\/3\/2020\/03\/signature.jpg",
                                    "id": 3085
                                },
                                "align": "left"
                            },
                            "elements": [],
                            "isInner": false,
                            "widgetType": "image",
                            "elType": "widget"
                        }
                    ],
                    "isInner": false,
                    "elType": "column"
                },
                {
                    "id": "7c7a2216",
                    "settings": {
                        "_column_size": 50,
                        "_inline_size": null,
                        "padding": {
                            "unit": "px",
                            "top": "0",
                            "right": "0",
                            "bottom": "0",
                            "left": "100",
                            "isLinked": false
                        },
                        "margin": {
                            "unit": "px",
                            "top": "150",
                            "right": "0",
                            "bottom": "0",
                            "left": "0",
                            "isLinked": false
                        },
                        "margin_mobile": {
                            "unit": "px",
                            "top": "100",
                            "right": "0",
                            "bottom": "0",
                            "left": "0",
                            "isLinked": false
                        },
                        "padding_tablet": {
                            "unit": "px",
                            "top": "0",
                            "right": "0",
                            "bottom": "0",
                            "left": "0",
                            "isLinked": false
                        }
                    },
                    "elements": [
                        {
                            "id": "22d73564",
                            "settings": {
                                "image": {
                                    "url": "https:\/\/kits.seventhqueen.com\/elementor-luxury-shop\/wp-content\/uploads\/sites\/3\/2020\/03\/young-woman-making-jewelry-at-home-PT474FM.jpg",
                                    "id": 4184
                                },
                                "image_size": "custom",
                                "image_custom_dimension": {
                                    "width": "400",
                                    "height": "600"
                                },
                                "align": "right",
                                "_margin": {
                                    "unit": "px",
                                    "top": "0",
                                    "right": "-100",
                                    "bottom": "0",
                                    "left": "0",
                                    "isLinked": false
                                },
                                "_background_background": "gradient",
                                "_background_color_stop": {
                                    "unit": "%",
                                    "size": 59,
                                    "sizes": []
                                },
                                "_margin_tablet": {
                                    "unit": "px",
                                    "top": "0",
                                    "right": "0",
                                    "bottom": "0",
                                    "left": "50",
                                    "isLinked": false
                                }
                            },
                            "elements": [],
                            "isInner": false,
                            "widgetType": "image",
                            "elType": "widget"
                        }
                    ],
                    "isInner": false,
                    "elType": "column"
                }
            ],
            "isInner": false,
            "elType": "section"
        },
        {
            "id": "292200b5",
            "settings": {
                "content_width": {
                    "unit": "px",
                    "size": 1400,
                    "sizes": []
                },
                "margin": {
                    "unit": "px",
                    "top": "150",
                    "right": 0,
                    "bottom": "150",
                    "left": 0,
                    "isLinked": false
                },
                "padding": {
                    "unit": "%",
                    "top": "0",
                    "right": "3",
                    "bottom": "0",
                    "left": "3",
                    "isLinked": false
                },
                "background_background": "classic",
                "background_image": {
                    "url": "https:\/\/kits.seventhqueen.com\/elementor-luxury-shop\/wp-content\/uploads\/sites\/3\/2020\/04\/dots-bg-grey.png",
                    "id": 3618
                },
                "background_position": "initial",
                "background_xpos": {
                    "unit": "%",
                    "size": 66,
                    "sizes": []
                },
                "background_ypos": {
                    "unit": "%",
                    "size": 25,
                    "sizes": []
                },
                "background_repeat": "no-repeat",
                "background_size": "initial",
                "background_bg_width": {
                    "unit": "px",
                    "size": 300,
                    "sizes": []
                },
                "margin_tablet": {
                    "unit": "px",
                    "top": "100",
                    "right": 0,
                    "bottom": "100",
                    "left": 0,
                    "isLinked": false
                }
            },
            "elements": [
                {
                    "id": "6898afac",
                    "settings": {
                        "_column_size": 100,
                        "_inline_size": null
                    },
                    "elements": [
                        {
                            "id": "72716aa",
                            "settings": {
                                "title": "People Behind The Shoppix",
                                "header_size": "p",
                                "title_color": "#3C3C3C",
                                "typography_typography": "custom",
                                "typography_font_family": "Inconsolata",
                                "_animation": "fadeInUp",
                                "typography_font_size": {
                                    "unit": "px",
                                    "size": 14,
                                    "sizes": []
                                },
                                "typography_text_transform": "uppercase",
                                "typography_letter_spacing": {
                                    "unit": "px",
                                    "size": 1,
                                    "sizes": []
                                },
                                "_margin": {
                                    "unit": "px",
                                    "top": "0",
                                    "right": "0",
                                    "bottom": "5",
                                    "left": "0",
                                    "isLinked": false
                                }
                            },
                            "elements": [],
                            "isInner": false,
                            "widgetType": "heading",
                            "elType": "widget"
                        },
                        {
                            "id": "7d4ffaa1",
                            "settings": {
                                "title": "Meet Our Team",
                                "title_color": "#3C3C3C",
                                "typography_typography": "custom",
                                "typography_font_family": "EB Garamond",
                                "typography_font_size": {
                                    "unit": "px",
                                    "size": 54,
                                    "sizes": []
                                },
                                "typography_font_weight": "400",
                                "_animation": "fadeIn",
                                "typography_font_size_tablet": {
                                    "unit": "px",
                                    "size": 42,
                                    "sizes": []
                                },
                                "typography_font_size_mobile": {
                                    "unit": "px",
                                    "size": 32,
                                    "sizes": []
                                },
                                "_margin": {
                                    "unit": "px",
                                    "top": "0",
                                    "right": "0",
                                    "bottom": "25",
                                    "left": "0",
                                    "isLinked": false
                                }
                            },
                            "elements": [],
                            "isInner": false,
                            "widgetType": "heading",
                            "elType": "widget"
                        },
                        {
                            "id": "1baa4ae2",
                            "settings": {
                                "width": {
                                    "unit": "px",
                                    "size": 30,
                                    "sizes": []
                                },
                                "align": "center",
                                "text": "Divider",
                                "color": "#C8C8C8",
                                "_margin": {
                                    "unit": "px",
                                    "top": "0",
                                    "right": "0",
                                    "bottom": "-30",
                                    "left": "0",
                                    "isLinked": false
                                },
                                "angle": {
                                    "unit": "px",
                                    "size": 90,
                                    "sizes": []
                                },
                                "_element_width": "auto"
                            },
                            "elements": [],
                            "isInner": false,
                            "widgetType": "divider",
                            "elType": "widget"
                        },
                        {
                            "id": "472db",
                            "settings": {
                                "layout": "full_width",
                                "gap": "no",
                                "structure": "30",
                                "margin": {
                                    "unit": "px",
                                    "top": "50",
                                    "right": 0,
                                    "bottom": "0",
                                    "left": 0,
                                    "isLinked": false
                                }
                            },
                            "elements": [
                                {
                                    "id": "48c93fe1",
                                    "settings": {
                                        "_column_size": 33,
                                        "_inline_size": null
                                    },
                                    "elements": [
                                        {
                                            "id": "647dfbbc",
                                            "settings": {
                                                "image": {
                                                    "url": "https:\/\/kits.seventhqueen.com\/elementor-luxury-shop\/wp-content\/uploads\/sites\/3\/2020\/02\/portrait-of-smiling-young-woman-6H5U2GA.jpg",
                                                    "id": 3984
                                                },
                                                "image_size": "custom",
                                                "image_custom_dimension": {
                                                    "width": "400",
                                                    "height": "400"
                                                },
                                                "align": "left"
                                            },
                                            "elements": [],
                                            "isInner": false,
                                            "widgetType": "image",
                                            "elType": "widget"
                                        },
                                        {
                                            "id": "16b9b8f7",
                                            "settings": {
                                                "title": "Store Manager",
                                                "header_size": "p",
                                                "title_color": "#979797",
                                                "typography_typography": "custom",
                                                "typography_font_family": "Inconsolata",
                                                "_animation": "fadeInUp",
                                                "typography_font_size": {
                                                    "unit": "px",
                                                    "size": 14,
                                                    "sizes": []
                                                },
                                                "typography_text_transform": "uppercase",
                                                "typography_letter_spacing": {
                                                    "unit": "px",
                                                    "size": 1,
                                                    "sizes": []
                                                }
                                            },
                                            "elements": [],
                                            "isInner": false,
                                            "widgetType": "heading",
                                            "elType": "widget"
                                        },
                                        {
                                            "id": "6309f00c",
                                            "settings": {
                                                "title": "Aditya Shanahan",
                                                "title_color": "#3C3C3C",
                                                "typography_typography": "custom",
                                                "typography_font_family": "EB Garamond",
                                                "typography_font_size": {
                                                    "unit": "px",
                                                    "size": 24,
                                                    "sizes": []
                                                },
                                                "typography_font_weight": "400",
                                                "_animation": "fadeIn",
                                                "typography_line_height": {
                                                    "unit": "em",
                                                    "size": 1.5,
                                                    "sizes": []
                                                },
                                                "_animation_delay": 600
                                            },
                                            "elements": [],
                                            "isInner": false,
                                            "widgetType": "heading",
                                            "elType": "widget"
                                        },
                                        {
                                            "id": "39cde8f1",
                                            "settings": {
                                                "editor": "<p>Mauris pellentesque pulvinar pellentesque habitant morbi. Volutpat commodo sed egestas egestas fringilla phasellus faucibus scelerisque.<\/p>",
                                                "text_color": "#3C3C3C",
                                                "typography_typography": "custom",
                                                "typography_font_family": "Inconsolata",
                                                "_padding": {
                                                    "unit": "px",
                                                    "top": "0",
                                                    "right": "50",
                                                    "bottom": "0",
                                                    "left": "0",
                                                    "isLinked": false
                                                }
                                            },
                                            "elements": [],
                                            "isInner": false,
                                            "widgetType": "text-editor",
                                            "elType": "widget"
                                        }
                                    ],
                                    "isInner": true,
                                    "elType": "column"
                                },
                                {
                                    "id": "583b6a9a",
                                    "settings": {
                                        "_column_size": 33,
                                        "_inline_size": null,
                                        "margin_mobile": {
                                            "unit": "px",
                                            "top": "50",
                                            "right": "0",
                                            "bottom": "0",
                                            "left": "0",
                                            "isLinked": false
                                        }
                                    },
                                    "elements": [
                                        {
                                            "id": "519b50d7",
                                            "settings": {
                                                "image": {
                                                    "url": "https:\/\/kits.seventhqueen.com\/elementor-luxury-shop\/wp-content\/uploads\/sites\/3\/2020\/02\/portrait-of-happy-young-businessman-posing-at-came-3MRXVKU.jpg",
                                                    "id": 3986
                                                },
                                                "image_size": "custom",
                                                "image_custom_dimension": {
                                                    "width": "400",
                                                    "height": "400"
                                                },
                                                "align": "left"
                                            },
                                            "elements": [],
                                            "isInner": false,
                                            "widgetType": "image",
                                            "elType": "widget"
                                        },
                                        {
                                            "id": "3f516ece",
                                            "settings": {
                                                "title": "Product Designer",
                                                "header_size": "p",
                                                "title_color": "#979797",
                                                "typography_typography": "custom",
                                                "typography_font_family": "Inconsolata",
                                                "_animation": "fadeInUp",
                                                "typography_font_size": {
                                                    "unit": "px",
                                                    "size": 14,
                                                    "sizes": []
                                                },
                                                "typography_text_transform": "uppercase",
                                                "typography_letter_spacing": {
                                                    "unit": "px",
                                                    "size": 1,
                                                    "sizes": []
                                                }
                                            },
                                            "elements": [],
                                            "isInner": false,
                                            "widgetType": "heading",
                                            "elType": "widget"
                                        },
                                        {
                                            "id": "4aac55a",
                                            "settings": {
                                                "title": "Zackary Bauch",
                                                "title_color": "#3C3C3C",
                                                "typography_typography": "custom",
                                                "typography_font_family": "EB Garamond",
                                                "typography_font_size": {
                                                    "unit": "px",
                                                    "size": 24,
                                                    "sizes": []
                                                },
                                                "typography_font_weight": "400",
                                                "_animation": "fadeIn",
                                                "typography_line_height": {
                                                    "unit": "em",
                                                    "size": 1.5,
                                                    "sizes": []
                                                },
                                                "_animation_delay": 600
                                            },
                                            "elements": [],
                                            "isInner": false,
                                            "widgetType": "heading",
                                            "elType": "widget"
                                        },
                                        {
                                            "id": "41ed2afb",
                                            "settings": {
                                                "editor": "Consectetur adipiscing elit, sed do eiusmod tempor incididunt ut labore et dolore magna aliqua. Amet cursus sit amet dictum. Est lorem ipsum dolor sit amet consectetur adipiscing.",
                                                "text_color": "#3C3C3C",
                                                "typography_typography": "custom",
                                                "typography_font_family": "Inconsolata",
                                                "_padding": {
                                                    "unit": "px",
                                                    "top": "0",
                                                    "right": "50",
                                                    "bottom": "0",
                                                    "left": "0",
                                                    "isLinked": false
                                                }
                                            },
                                            "elements": [],
                                            "isInner": false,
                                            "widgetType": "text-editor",
                                            "elType": "widget"
                                        }
                                    ],
                                    "isInner": true,
                                    "elType": "column"
                                },
                                {
                                    "id": "7f47886c",
                                    "settings": {
                                        "_column_size": 33,
                                        "_inline_size": null,
                                        "margin_mobile": {
                                            "unit": "px",
                                            "top": "50",
                                            "right": "0",
                                            "bottom": "0",
                                            "left": "0",
                                            "isLinked": false
                                        }
                                    },
                                    "elements": [
                                        {
                                            "id": "2e045bfa",
                                            "settings": {
                                                "image": {
                                                    "url": "https:\/\/kits.seventhqueen.com\/elementor-luxury-shop\/wp-content\/uploads\/sites\/3\/2020\/03\/boho-woman-PN62TDP-1.jpg",
                                                    "id": 3991
                                                },
                                                "image_size": "custom",
                                                "image_custom_dimension": {
                                                    "width": "400",
                                                    "height": "400"
                                                },
                                                "align": "left"
                                            },
                                            "elements": [],
                                            "isInner": false,
                                            "widgetType": "image",
                                            "elType": "widget"
                                        },
                                        {
                                            "id": "94f86f0",
                                            "settings": {
                                                "title": "Content Writer",
                                                "header_size": "p",
                                                "title_color": "#979797",
                                                "typography_typography": "custom",
                                                "typography_font_family": "Inconsolata",
                                                "_animation": "fadeInUp",
                                                "typography_font_size": {
                                                    "unit": "px",
                                                    "size": 14,
                                                    "sizes": []
                                                },
                                                "typography_text_transform": "uppercase",
                                                "typography_letter_spacing": {
                                                    "unit": "px",
                                                    "size": 1,
                                                    "sizes": []
                                                }
                                            },
                                            "elements": [],
                                            "isInner": false,
                                            "widgetType": "heading",
                                            "elType": "widget"
                                        },
                                        {
                                            "id": "5ff5f369",
                                            "settings": {
                                                "title": "Jazmyne Shields",
                                                "title_color": "#3C3C3C",
                                                "typography_typography": "custom",
                                                "typography_font_family": "EB Garamond",
                                                "typography_font_size": {
                                                    "unit": "px",
                                                    "size": 24,
                                                    "sizes": []
                                                },
                                                "typography_font_weight": "400",
                                                "_animation": "fadeIn",
                                                "typography_line_height": {
                                                    "unit": "em",
                                                    "size": 1.5,
                                                    "sizes": []
                                                },
                                                "_animation_delay": 600
                                            },
                                            "elements": [],
                                            "isInner": false,
                                            "widgetType": "heading",
                                            "elType": "widget"
                                        },
                                        {
                                            "id": "3a14ada6",
                                            "settings": {
                                                "editor": "Duis aute irure dolor in reprehenderit in voluptate velit esse cillum dolore eu fugiat nulla pariatur.",
                                                "text_color": "#3C3C3C",
                                                "typography_typography": "custom",
                                                "typography_font_family": "Inconsolata",
                                                "_padding": {
                                                    "unit": "px",
                                                    "top": "0",
                                                    "right": "50",
                                                    "bottom": "0",
                                                    "left": "0",
                                                    "isLinked": false
                                                }
                                            },
                                            "elements": [],
                                            "isInner": false,
                                            "widgetType": "text-editor",
                                            "elType": "widget"
                                        }
                                    ],
                                    "isInner": true,
                                    "elType": "column"
                                }
                            ],
                            "isInner": true,
                            "elType": "section"
                        }
                    ],
                    "isInner": false,
                    "elType": "column"
                }
            ],
            "isInner": false,
            "elType": "section"
        },
        {
            "id": "57cb61b7",
            "settings": {
                "content_width": {
                    "unit": "px",
                    "size": 1400,
                    "sizes": []
                },
                "structure": "30",
                "margin": {
                    "unit": "px",
                    "top": "150",
                    "right": 0,
                    "bottom": "150",
                    "left": 0,
                    "isLinked": true
                },
                "margin_tablet": {
                    "unit": "px",
                    "top": "100",
                    "right": 0,
                    "bottom": "100",
                    "left": 0,
                    "isLinked": true
                },
                "padding": {
                    "unit": "%",
                    "top": "0",
                    "right": "3",
                    "bottom": "0",
                    "left": "3",
                    "isLinked": false
                }
            },
            "elements": [
                {
                    "id": "3570b57d",
                    "settings": {
                        "_column_size": 33,
                        "_inline_size": null,
                        "_inline_size_tablet": 50
                    },
                    "elements": [
                        {
                            "id": "5d4b29bd",
                            "settings": {
                                "selected_icon": {
                                    "value": "fas fa-glass-cheers",
                                    "library": "fa-solid"
                                },
                                "title_text": "Happy Customers",
                                "description_text": "Lorem ipsum dolor sit amet, consectetur adipiscing elit. Ut elit tellus, luctus nec ullamcorper mattis, pulvinar leo.",
                                "primary_color": "#3C3C3C",
                                "icon_size": {
                                    "unit": "px",
                                    "size": 24,
                                    "sizes": []
                                },
                                "title_color": "#3C3C3C",
                                "title_typography_typography": "custom",
                                "title_typography_font_family": "EB Garamond",
                                "title_typography_font_size": {
                                    "unit": "px",
                                    "size": 32,
                                    "sizes": []
                                },
                                "title_typography_font_weight": "400",
                                "description_color": "#3C3C3C",
                                "description_typography_typography": "custom",
                                "description_typography_font_family": "Inconsolata",
                                "view": "framed",
                                "position": "left",
                                "hover_animation": "push",
                                "icon_space": {
                                    "unit": "px",
                                    "size": 20,
                                    "sizes": []
                                },
                                "rotate": {
                                    "unit": "deg",
                                    "size": "",
                                    "sizes": []
                                },
                                "border_width": {
                                    "unit": "px",
                                    "top": "2",
                                    "right": "2",
                                    "bottom": "2",
                                    "left": "2",
                                    "isLinked": true
                                },
                                "_padding": {
                                    "unit": "px",
                                    "top": "30",
                                    "right": "30",
                                    "bottom": "30",
                                    "left": "30",
                                    "isLinked": true
                                },
                                "_animation": "fadeIn",
                                "_background_background": "classic",
                                "_background_color": "#F6F4F6",
                                "icon_size_tablet": {
                                    "unit": "px",
                                    "size": 18,
                                    "sizes": []
                                },
                                "title_typography_font_size_mobile": {
                                    "unit": "px",
                                    "size": 24,
                                    "sizes": []
                                },
                                "title_typography_line_height_tablet": {
                                    "unit": "em",
                                    "size": 1,
                                    "sizes": []
                                }
                            },
                            "elements": [],
                            "isInner": false,
                            "widgetType": "icon-box",
                            "elType": "widget"
                        }
                    ],
                    "isInner": false,
                    "elType": "column"
                },
                {
                    "id": "24c94420",
                    "settings": {
                        "_column_size": 33,
                        "_inline_size": null,
                        "_inline_size_tablet": 50,
                        "margin_mobile": {
                            "unit": "px",
                            "top": "50",
                            "right": "0",
                            "bottom": "0",
                            "left": "0",
                            "isLinked": false
                        }
                    },
                    "elements": [
                        {
                            "id": "153566ec",
                            "settings": {
                                "selected_icon": {
                                    "value": "far fa-star",
                                    "library": "fa-regular"
                                },
                                "title_text": "10 Awars Won",
                                "description_text": "Sed ut perspiciatis unde omnis iste natus error sit voluptatem accusantium doloremque laudantium.",
                                "primary_color": "#3C3C3C",
                                "icon_size": {
                                    "unit": "px",
                                    "size": 24,
                                    "sizes": []
                                },
                                "title_color": "#3C3C3C",
                                "title_typography_typography": "custom",
                                "title_typography_font_family": "EB Garamond",
                                "title_typography_font_size": {
                                    "unit": "px",
                                    "size": 32,
                                    "sizes": []
                                },
                                "title_typography_font_weight": "400",
                                "description_color": "#3C3C3C",
                                "description_typography_typography": "custom",
                                "description_typography_font_family": "Inconsolata",
                                "view": "framed",
                                "position": "left",
                                "hover_animation": "push",
                                "icon_space": {
                                    "unit": "px",
                                    "size": 20,
                                    "sizes": []
                                },
                                "rotate": {
                                    "unit": "deg",
                                    "size": "",
                                    "sizes": []
                                },
                                "border_width": {
                                    "unit": "px",
                                    "top": "2",
                                    "right": "2",
                                    "bottom": "2",
                                    "left": "2",
                                    "isLinked": true
                                },
                                "_padding": {
                                    "unit": "px",
                                    "top": "30",
                                    "right": "30",
                                    "bottom": "30",
                                    "left": "30",
                                    "isLinked": true
                                },
                                "_animation": "fadeIn",
                                "_background_background": "classic",
                                "_background_color": "#F6F4F6",
                                "icon_size_tablet": {
                                    "unit": "px",
                                    "size": 18,
                                    "sizes": []
                                },
                                "title_typography_font_size_mobile": {
                                    "unit": "px",
                                    "size": 24,
                                    "sizes": []
                                },
                                "title_typography_line_height_tablet": {
                                    "unit": "em",
                                    "size": 1,
                                    "sizes": []
                                }
                            },
                            "elements": [],
                            "isInner": false,
                            "widgetType": "icon-box",
                            "elType": "widget"
                        }
                    ],
                    "isInner": false,
                    "elType": "column"
                },
                {
                    "id": "4828ef10",
                    "settings": {
                        "_column_size": 33,
                        "_inline_size": null,
                        "_inline_size_tablet": 100,
                        "margin_mobile": {
                            "unit": "px",
                            "top": "50",
                            "right": "0",
                            "bottom": "0",
                            "left": "0",
                            "isLinked": false
                        }
                    },
                    "elements": [
                        {
                            "id": "7bc577c",
                            "settings": {
                                "selected_icon": {
                                    "value": "far fa-gem",
                                    "library": "fa-regular"
                                },
                                "title_text": "17 Years of Experiences",
                                "description_text": "Amet cursus sit amet dictum. Est lorem ipsum dolor sit amet consectetur adipiscing.",
                                "primary_color": "#3C3C3C",
                                "icon_size": {
                                    "unit": "px",
                                    "size": 24,
                                    "sizes": []
                                },
                                "title_color": "#3C3C3C",
                                "title_typography_typography": "custom",
                                "title_typography_font_family": "EB Garamond",
                                "title_typography_font_size": {
                                    "unit": "px",
                                    "size": 32,
                                    "sizes": []
                                },
                                "title_typography_font_weight": "400",
                                "description_color": "#3C3C3C",
                                "description_typography_typography": "custom",
                                "description_typography_font_family": "Inconsolata",
                                "view": "framed",
                                "position": "left",
                                "hover_animation": "push",
                                "icon_space": {
                                    "unit": "px",
                                    "size": 20,
                                    "sizes": []
                                },
                                "rotate": {
                                    "unit": "deg",
                                    "size": "",
                                    "sizes": []
                                },
                                "border_width": {
                                    "unit": "px",
                                    "top": "2",
                                    "right": "2",
                                    "bottom": "2",
                                    "left": "2",
                                    "isLinked": true
                                },
                                "_padding": {
                                    "unit": "px",
                                    "top": "30",
                                    "right": "30",
                                    "bottom": "30",
                                    "left": "30",
                                    "isLinked": true
                                },
                                "_animation": "fadeIn",
                                "_background_background": "classic",
                                "_background_color": "#F6F4F6",
                                "icon_size_tablet": {
                                    "unit": "px",
                                    "size": 18,
                                    "sizes": []
                                },
                                "title_typography_font_size_mobile": {
                                    "unit": "px",
                                    "size": 24,
                                    "sizes": []
                                },
                                "title_typography_line_height_tablet": {
                                    "unit": "em",
                                    "size": 1,
                                    "sizes": []
                                }
                            },
                            "elements": [],
                            "isInner": false,
                            "widgetType": "icon-box",
                            "elType": "widget"
                        }
                    ],
                    "isInner": false,
                    "elType": "column"
                }
            ],
            "isInner": false,
            "elType": "section"
        },
        {
            "id": "15edd203",
            "settings": {
                "content_width": {
                    "unit": "px",
                    "size": 768,
                    "sizes": []
                },
                "margin": {
                    "unit": "px",
                    "top": "150",
                    "right": 0,
                    "bottom": "150",
                    "left": 0,
                    "isLinked": false
                },
                "padding": {
                    "unit": "%",
                    "top": "0",
                    "right": "3",
                    "bottom": "0",
                    "left": "3",
                    "isLinked": false
                },
                "margin_tablet": {
                    "unit": "px",
                    "top": "100",
                    "right": 0,
                    "bottom": "100",
                    "left": 0,
                    "isLinked": true
                },
                "margin_mobile": {
                    "unit": "px",
                    "top": "100",
                    "right": 0,
                    "bottom": "100",
                    "left": 0,
                    "isLinked": false
                }
            },
            "elements": [
                {
                    "id": "4b644bf7",
                    "settings": {
                        "_column_size": 100,
                        "_inline_size": null,
                        "align": "center"
                    },
                    "elements": [
                        {
                            "id": "5e81796c",
                            "settings": {
                                "title": "Join The Community",
                                "header_size": "p",
                                "title_color": "#3C3C3C",
                                "typography_typography": "custom",
                                "typography_font_family": "Inconsolata",
                                "align": "center",
                                "_animation": "fadeInUp",
                                "typography_font_size": {
                                    "unit": "px",
                                    "size": 14,
                                    "sizes": []
                                },
                                "typography_text_transform": "uppercase",
                                "typography_letter_spacing": {
                                    "unit": "px",
                                    "size": 1,
                                    "sizes": []
                                },
                                "_margin": {
                                    "unit": "px",
                                    "top": "0",
                                    "right": "0",
                                    "bottom": "5",
                                    "left": "0",
                                    "isLinked": false
                                }
                            },
                            "elements": [],
                            "isInner": false,
                            "widgetType": "heading",
                            "elType": "widget"
                        },
                        {
                            "id": "6fb30a20",
                            "settings": {
                                "title": "What's New",
                                "title_color": "#3C3C3C",
                                "typography_typography": "custom",
                                "typography_font_family": "EB Garamond",
                                "typography_font_size": {
                                    "unit": "px",
                                    "size": 54,
                                    "sizes": []
                                },
                                "typography_font_weight": "400",
                                "_animation": "fadeIn",
                                "align": "center",
                                "typography_font_size_mobile": {
                                    "unit": "px",
                                    "size": 32,
                                    "sizes": []
                                },
                                "typography_font_size_tablet": {
                                    "unit": "px",
                                    "size": 42,
                                    "sizes": []
                                }
                            },
                            "elements": [],
                            "isInner": false,
                            "widgetType": "heading",
                            "elType": "widget"
                        },
                        {
                            "id": "730a323f",
                            "settings": {
                                "width": {
                                    "unit": "px",
                                    "size": 30,
                                    "sizes": []
                                },
                                "align": "center",
                                "text": "Divider",
                                "color": "#C8C8C8",
                                "angle": {
                                    "unit": "px",
                                    "size": 90,
                                    "sizes": []
                                },
                                "_element_width": "auto"
                            },
                            "elements": [],
                            "isInner": false,
                            "widgetType": "divider",
                            "elType": "widget"
                        },
                        {
                            "id": "489bbb52",
                            "settings": {
                                "title": "Sign up for exclusive early sale access and tailored new arrivals.",
                                "title_color": "#3C3C3C",
                                "typography_typography": "custom",
                                "typography_font_family": "EB Garamond",
                                "typography_font_size": {
                                    "unit": "px",
                                    "size": 32,
                                    "sizes": []
                                },
                                "typography_font_weight": "400",
                                "_animation": "fadeIn",
                                "align": "center",
                                "typography_line_height": {
                                    "unit": "em",
                                    "size": 1.2,
                                    "sizes": []
                                },
                                "_margin": {
                                    "unit": "px",
                                    "top": "20",
                                    "right": "0",
                                    "bottom": "50",
                                    "left": "0",
                                    "isLinked": false
                                },
                                "_margin_mobile": {
                                    "unit": "px",
                                    "top": "20",
                                    "right": "0",
                                    "bottom": "30",
                                    "left": "0",
                                    "isLinked": false
                                },
                                "typography_font_size_mobile": {
                                    "unit": "px",
                                    "size": 24,
                                    "sizes": []
                                }
                            },
                            "elements": [],
                            "isInner": false,
                            "widgetType": "heading",
                            "elType": "widget"
                        },
                        {
                            "id": "1fd6146",
                            "settings": {
                                "form_name": "New Form",
                                "form_fields": [
                                    {
                                        "custom_id": "name",
                                        "field_type": "text",
                                        "field_label": "Name",
                                        "placeholder": "Yes, here's my email",
                                        "width": "66",
                                        "_id": "cebb6e2",
                                        "required": "",
                                        "field_options": "",
                                        "allow_multiple": "",
                                        "select_size": "",
                                        "inline_list": "",
                                        "field_html": "",
                                        "width_tablet": "",
                                        "width_mobile": "",
                                        "rows": 4,
                                        "recaptcha_size": "normal",
                                        "recaptcha_style": "light",
                                        "recaptcha_badge": "bottomright",
                                        "css_classes": "",
                                        "field_value": ""
                                    }
                                ],
                                "input_size": "lg",
                                "button_text": "Sign me up",
                                "button_size": "lg",
                                "button_width": "33",
                                "email_content": "[all-fields]",
                                "email_content_2": "[all-fields]",
                                "success_message": "The form was sent successfully.",
                                "error_message": "An error occured.",
                                "required_field_message": "This field is required.",
                                "invalid_message": "There's something wrong. The form is invalid.",
                                "label_color": "#3C3C3C",
                                "html_color": "#3C3C3C",
                                "field_text_color": "#3C3C3C",
                                "field_border_color": "#C8C8C8",
                                "field_border_width": {
                                    "unit": "px",
                                    "top": "2",
                                    "right": "2",
                                    "bottom": "2",
                                    "left": "2",
                                    "isLinked": true
                                },
                                "field_border_radius": {
                                    "unit": "px",
                                    "top": "0",
                                    "right": "0",
                                    "bottom": "0",
                                    "left": "0",
                                    "isLinked": true
                                },
                                "button_background_color": "#3C3C3C",
                                "button_border_border": "solid",
                                "button_border_width": {
                                    "unit": "px",
                                    "top": "2",
                                    "right": "2",
                                    "bottom": "2",
                                    "left": "2",
                                    "isLinked": true
                                },
                                "button_border_color": "#3C3C3C",
                                "button_border_radius": {
                                    "unit": "px",
                                    "top": "0",
                                    "right": "0",
                                    "bottom": "0",
                                    "left": "0",
                                    "isLinked": true
                                },
                                "button_text_padding": {
                                    "unit": "px",
                                    "top": "0",
                                    "right": "0",
                                    "bottom": "0",
                                    "left": "0",
                                    "isLinked": true
                                },
                                "button_background_hover_color": "rgba(2, 1, 1, 0)",
                                "button_hover_color": "#3C3C3C",
                                "show_labels": "",
                                "label_spacing": {
                                    "unit": "px",
                                    "size": 10,
                                    "sizes": []
                                },
                                "label_typography_typography": "custom",
                                "label_typography_font_family": "Inconsolata",
                                "field_typography_typography": "custom",
                                "field_typography_font_family": "Inconsolata",
                                "button_typography_typography": "custom",
                                "button_typography_font_family": "Inconsolata",
                                "message_typography_typography": "custom",
                                "message_typography_font_family": "Inconsolata",
                                "message_typography_line_height": {
                                    "unit": "em",
                                    "size": 1.5,
                                    "sizes": []
                                },
                                "error_message_color": "#FF0061"
                            },
                            "elements": [],
                            "isInner": false,
                            "widgetType": "form",
                            "elType": "widget"
                        }
                    ],
                    "isInner": false,
                    "elType": "column"
                }
            ],
            "isInner": false,
            "elType": "section"
        }
    ]
}