{
    "version": "0.4",
    "title": "Archive &#8211; Shop",
    "type": "product-archive",
    "metadata": {
        "template_type": "archive-product",
        "include_in_zip": "1",
        "elementor_pro_required": "1",
        "elementor_library_type": "product-archive",
        "elementor_pro_conditions": [
            "include\/product_archive"
        ],
        "additional_template_information": [
            "This is a \"Product Archive\" template for Elementor Pro.",
            "This template will display on: All Product Archives."
        ],
        "wp_page_template": "default"
    },
    "content": [
        {
            "id": "725107ce",
            "settings": {
                "content_width": {
                    "unit": "px",
                    "size": 768,
                    "sizes": []
                },
                "margin": {
                    "unit": "px",
                    "top": "",
                    "right": 0,
                    "bottom": "",
                    "left": 0,
                    "isLinked": true
                },
                "layout": "full_width",
                "padding": {
                    "unit": "%",
                    "top": "0",
                    "right": "3",
                    "bottom": "0",
                    "left": "3",
                    "isLinked": false
                },
                "background_background": "classic",
                "background_color": "#000000"
            },
            "elements": [
                {
                    "id": "1c281924",
                    "settings": {
                        "_column_size": 100,
                        "_inline_size": null,
                        "align": "center",
                        "background_background": "classic"
                    },
                    "elements": [
                        {
                            "id": "22e00db7",
                            "settings": {
                                "content_width": {
                                    "unit": "px",
                                    "size": 768,
                                    "sizes": []
                                },
                                "gap": "no",
                                "margin": {
                                    "unit": "px",
                                    "top": "50",
                                    "right": 0,
                                    "bottom": "0",
                                    "left": 0,
                                    "isLinked": false
                                }
                            },
                            "elements": [
                                {
                                    "id": "53fccf6",
                                    "settings": {
                                        "_column_size": 100,
                                        "_inline_size": null,
                                        "align": "center"
                                    },
                                    "elements": [
                                        {
                                            "id": "59d2640b",
                                            "settings": {
                                                "title": "Jewelry Collection",
                                                "header_size": "h1",
                                                "align": "center",
                                                "title_color": "#FF0061",
                                                "typography_typography": "custom",
                                                "typography_font_family": "EB Garamond",
                                                "typography_font_size": {
                                                    "unit": "px",
                                                    "size": 84,
                                                    "sizes": []
                                                },
                                                "typography_font_weight": "400",
                                                "typography_line_height": {
                                                    "unit": "em",
                                                    "size": 1.071,
                                                    "sizes": []
                                                },
                                                "_animation": "fadeIn",
                                                "_animation_delay": 600,
                                                "typography_font_size_tablet": {
                                                    "unit": "px",
                                                    "size": 70,
                                                    "sizes": []
                                                },
                                                "typography_font_size_mobile": {
                                                    "unit": "px",
                                                    "size": 54,
                                                    "sizes": []
                                                }
                                            },
                                            "elements": [],
                                            "isInner": false,
                                            "widgetType": "heading",
                                            "elType": "widget"
                                        },
                                        {
                                            "id": "2083af11",
                                            "settings": {
                                                "title": "Unique jewelry, handcrafted on the beautiful island of Flinders using fine silver and semi precious stones.",
                                                "header_size": "h1",
                                                "align": "center",
                                                "title_color": "#F1E3CF",
                                                "typography_typography": "custom",
                                                "typography_font_family": "EB Garamond",
                                                "typography_font_size": {
                                                    "unit": "px",
                                                    "size": 32,
                                                    "sizes": []
                                                },
                                                "typography_font_weight": "400",
                                                "typography_line_height": {
                                                    "unit": "em",
                                                    "size": 1.143,
                                                    "sizes": []
                                                },
                                                "_animation": "fadeIn",
                                                "_animation_delay": 600,
                                                "typography_font_size_mobile": {
                                                    "unit": "px",
                                                    "size": 24,
                                                    "sizes": []
                                                }
                                            },
                                            "elements": [],
                                            "isInner": false,
                                            "widgetType": "heading",
                                            "elType": "widget"
                                        }
                                    ],
                                    "isInner": true,
                                    "elType": "column"
                                }
                            ],
                            "isInner": true,
                            "elType": "section"
                        }
                    ],
                    "isInner": false,
                    "elType": "column"
                }
            ],
            "isInner": false,
            "elType": "section"
        },
        {
            "id": "48f7bb98",
            "settings": {
                "padding": {
                    "unit": "%",
                    "top": "0",
                    "right": "3",
                    "bottom": "0",
                    "left": "3",
                    "isLinked": false
                },
                "content_width": {
                    "unit": "px",
                    "size": 1400,
                    "sizes": []
                },
                "layout": "full_width",
                "background_background": "classic",
                "background_color": "#000000"
            },
            "elements": [
                {
                    "id": "52b0b8b8",
                    "settings": {
                        "_column_size": 100,
                        "_inline_size": 100,
                        "background_background": "classic",
                        "background_color": "#000000"
                    },
                    "elements": [
                        {
                            "id": "157281a0",
                            "settings": {
                                "text_color": "#979797",
                                "link_color": "#F1E3CF",
                                "text_typography_typography": "custom",
                                "text_typography_font_family": "Inconsolata",
                                "_margin": {
                                    "unit": "px",
                                    "top": "20",
                                    "right": "0",
                                    "bottom": "0",
                                    "left": "0",
                                    "isLinked": false
                                },
                                "alignment": "center"
                            },
                            "elements": [],
                            "isInner": false,
                            "widgetType": "woocommerce-breadcrumb",
                            "elType": "widget"
                        }
                    ],
                    "isInner": false,
                    "elType": "column"
                }
            ],
            "isInner": false,
            "elType": "section"
        },
        {
            "id": "531e6878",
            "settings": {
                "content_width": {
                    "unit": "px",
                    "size": 1400,
                    "sizes": []
                },
                "padding": {
                    "unit": "%",
                    "top": "0",
                    "right": "3",
                    "bottom": "0",
                    "left": "3",
                    "isLinked": false
                },
                "margin": {
                    "unit": "px",
                    "top": "0",
                    "right": 0,
                    "bottom": "150",
                    "left": 0,
                    "isLinked": false
                },
                "layout": "full_width",
                "background_background": "classic",
                "background_image": {
                    "url": "https:\/\/kits.seventhqueen.com\/elementor-luxury-shop\/wp-content\/uploads\/sites\/3\/2020\/04\/dots-bg-grey.png",
                    "id": 3618
                },
                "background_position": "initial",
                "background_xpos": {
                    "unit": "%",
                    "size": 12,
                    "sizes": []
                },
                "background_ypos": {
                    "unit": "%",
                    "size": 92,
                    "sizes": []
                },
                "background_repeat": "no-repeat",
                "background_size": "initial",
                "background_bg_width": {
                    "unit": "px",
                    "size": 300,
                    "sizes": []
                },
                "box_shadow_box_shadow": {
                    "horizontal": -1200,
                    "vertical": 0,
                    "blur": 0,
                    "spread": 0,
                    "color": "#D4ECEF"
                },
                "box_shadow_box_shadow_position": "inset",
                "background_overlay_background": "gradient",
                "background_overlay_color_stop": {
                    "unit": "%",
                    "size": 50,
                    "sizes": []
                },
                "background_overlay_color_b": "",
                "background_overlay_color_b_stop": {
                    "unit": "%",
                    "size": 50,
                    "sizes": []
                },
                "background_overlay_gradient_angle": {
                    "unit": "deg",
                    "size": 90,
                    "sizes": []
                },
                "background_overlay_opacity": {
                    "unit": "px",
                    "size": 1,
                    "sizes": []
                },
                "background_color": "#000000",
                "z_index": 0,
                "margin_tablet": {
                    "unit": "px",
                    "top": "0",
                    "right": 0,
                    "bottom": "100",
                    "left": 0,
                    "isLinked": false
                },
                "padding_mobile": {
                    "unit": "px",
                    "top": "0",
                    "right": "0",
                    "bottom": "0",
                    "left": "0",
                    "isLinked": true
                }
            },
            "elements": [
                {
                    "id": "26d295bd",
                    "settings": {
                        "_column_size": 100,
                        "_inline_size": null,
                        "align": "center",
                        "padding": {
                            "unit": "px",
                            "top": "0",
                            "right": "0",
                            "bottom": "0",
                            "left": "0",
                            "isLinked": true
                        },
                        "background_background": "classic",
                        "box_shadow_box_shadow": {
                            "horizontal": -840,
                            "vertical": 0,
                            "blur": 0,
                            "spread": 0,
                            "color": "#F6F4F6"
                        },
                        "box_shadow_box_shadow_position": "inset"
                    },
                    "elements": [
                        {
                            "id": "34cce718",
                            "settings": {
                                "width": {
                                    "unit": "px",
                                    "size": 30,
                                    "sizes": []
                                },
                                "align": "center",
                                "text": "Divider",
                                "color": "#3C3C3C",
                                "_margin": {
                                    "unit": "px",
                                    "top": "-15",
                                    "right": "0",
                                    "bottom": "15",
                                    "left": "0",
                                    "isLinked": false
                                },
                                "angle": {
                                    "unit": "px",
                                    "size": 90,
                                    "sizes": []
                                },
                                "_element_width": "auto",
                                "_animation": "fadeIn",
                                "_z_index": 10,
                                "_position": "absolute",
                                "_offset_x": {
                                    "unit": "%",
                                    "size": 50,
                                    "sizes": []
                                },
                                "_offset_y": {
                                    "unit": "%",
                                    "size": 0,
                                    "sizes": []
                                }
                            },
                            "elements": [],
                            "isInner": false,
                            "widgetType": "divider",
                            "elType": "widget"
                        },
                        {
                            "id": "2cefad3d",
                            "settings": {
                                "layout": "full_width",
                                "gap": "no",
                                "structure": "30"
                            },
                            "elements": [
                                {
                                    "id": "387e7264",
                                    "settings": {
                                        "_column_size": 33,
                                        "_inline_size": null,
                                        "background_background": "classic",
                                        "background_color": "#1C1C1C",
                                        "background_hover_background": "classic",
                                        "background_hover_color": "#1C1C1C"
                                    },
                                    "elements": [
                                        {
                                            "id": "32ddb84f",
                                            "settings": {
                                                "columns": 1,
                                                "number": 1,
                                                "column_gap": {
                                                    "unit": "px",
                                                    "size": 0,
                                                    "sizes": []
                                                },
                                                "title_color": "#F1E3CF",
                                                "title_typography_typography": "custom",
                                                "title_typography_font_family": "EB Garamond",
                                                "title_typography_font_size": {
                                                    "unit": "px",
                                                    "size": 32,
                                                    "sizes": []
                                                },
                                                "title_typography_font_weight": "400",
                                                "count_color": "#7A7A7A",
                                                "count_typography_typography": "custom",
                                                "count_typography_font_family": "Open Sans",
                                                "count_typography_font_size": {
                                                    "unit": "px",
                                                    "size": 25,
                                                    "sizes": []
                                                },
                                                "count_typography_font_weight": "400",
                                                "_z_index": 1,
                                                "_animation": "fadeIn",
                                                "source": "by_id",
                                                "categories": [
                                                    "69"
                                                ],
                                                "orderby": "count",
                                                "align": "center",
                                                "_padding": {
                                                    "unit": "px",
                                                    "top": "0",
                                                    "right": "0",
                                                    "bottom": "30",
                                                    "left": "0",
                                                    "isLinked": false
                                                },
                                                "_background_background": "classic",
                                                "_background_color": "#1C1C1C",
                                                "_background_hover_background": "classic",
                                                "_background_hover_color": "#3C3C3C",
                                                "_border_width": {
                                                    "unit": "px",
                                                    "top": "0",
                                                    "right": "0",
                                                    "bottom": "0",
                                                    "left": "0",
                                                    "isLinked": true
                                                },
                                                "_border_radius": {
                                                    "unit": "px",
                                                    "top": "0",
                                                    "right": "0",
                                                    "bottom": "0",
                                                    "left": "0",
                                                    "isLinked": false
                                                },
                                                "_border_hover_width": {
                                                    "unit": "px",
                                                    "top": "0",
                                                    "right": "0",
                                                    "bottom": "0",
                                                    "left": "0",
                                                    "isLinked": true
                                                },
                                                "columns_tablet": 1,
                                                "title_typography_font_size_tablet": {
                                                    "unit": "px",
                                                    "size": 24,
                                                    "sizes": []
                                                }
                                            },
                                            "elements": [],
                                            "isInner": false,
                                            "widgetType": "wc-categories",
                                            "elType": "widget"
                                        }
                                    ],
                                    "isInner": true,
                                    "elType": "column"
                                },
                                {
                                    "id": "6eb17971",
                                    "settings": {
                                        "_column_size": 33,
                                        "_inline_size": null,
                                        "background_background": "classic",
                                        "background_color": "#FAF5ED",
                                        "background_hover_background": "classic",
                                        "background_hover_color": "#1C1C1C",
                                        "background_overlay_background": "classic",
                                        "align": "center"
                                    },
                                    "elements": [
                                        {
                                            "id": "281124c6",
                                            "settings": {
                                                "columns": 1,
                                                "number": 1,
                                                "column_gap": {
                                                    "unit": "px",
                                                    "size": 0,
                                                    "sizes": []
                                                },
                                                "title_color": "#3C3C3C",
                                                "title_typography_typography": "custom",
                                                "title_typography_font_family": "EB Garamond",
                                                "title_typography_font_size": {
                                                    "unit": "px",
                                                    "size": 32,
                                                    "sizes": []
                                                },
                                                "title_typography_font_weight": "400",
                                                "count_color": "#7A7A7A",
                                                "count_typography_typography": "custom",
                                                "count_typography_font_family": "Open Sans",
                                                "count_typography_font_size": {
                                                    "unit": "px",
                                                    "size": 25,
                                                    "sizes": []
                                                },
                                                "count_typography_font_weight": "400",
                                                "_z_index": 1,
                                                "_animation": "fadeIn",
                                                "source": "by_id",
                                                "categories": [
                                                    "71"
                                                ],
                                                "orderby": "count",
                                                "align": "center",
                                                "_padding": {
                                                    "unit": "px",
                                                    "top": "0",
                                                    "right": "0",
                                                    "bottom": "30",
                                                    "left": "0",
                                                    "isLinked": false
                                                },
                                                "_background_background": "classic",
                                                "_background_color": "#FAF5ED",
                                                "_background_hover_background": "classic",
                                                "_background_hover_color": "#F1E3CF",
                                                "_border_width": {
                                                    "unit": "px",
                                                    "top": "0",
                                                    "right": "0",
                                                    "bottom": "0",
                                                    "left": "0",
                                                    "isLinked": true
                                                },
                                                "_border_radius": {
                                                    "unit": "px",
                                                    "top": "0",
                                                    "right": "0",
                                                    "bottom": "0",
                                                    "left": "0",
                                                    "isLinked": false
                                                },
                                                "_border_hover_width": {
                                                    "unit": "px",
                                                    "top": "0",
                                                    "right": "0",
                                                    "bottom": "0",
                                                    "left": "0",
                                                    "isLinked": true
                                                },
                                                "columns_tablet": 1,
                                                "title_typography_font_size_tablet": {
                                                    "unit": "px",
                                                    "size": 24,
                                                    "sizes": []
                                                }
                                            },
                                            "elements": [],
                                            "isInner": false,
                                            "widgetType": "wc-categories",
                                            "elType": "widget"
                                        }
                                    ],
                                    "isInner": true,
                                    "elType": "column"
                                },
                                {
                                    "id": "3c9b393a",
                                    "settings": {
                                        "_column_size": 33,
                                        "_inline_size": null,
                                        "background_background": "classic",
                                        "background_color": "#FAF5ED",
                                        "background_hover_background": "classic",
                                        "background_hover_color": "#1C1C1C"
                                    },
                                    "elements": [
                                        {
                                            "id": "b3b5d2e",
                                            "settings": {
                                                "columns": 1,
                                                "number": 1,
                                                "column_gap": {
                                                    "unit": "px",
                                                    "size": 0,
                                                    "sizes": []
                                                },
                                                "title_color": "#3C3C3C",
                                                "title_typography_typography": "custom",
                                                "title_typography_font_family": "EB Garamond",
                                                "title_typography_font_size": {
                                                    "unit": "px",
                                                    "size": 32,
                                                    "sizes": []
                                                },
                                                "title_typography_font_weight": "400",
                                                "count_color": "#7A7A7A",
                                                "count_typography_typography": "custom",
                                                "count_typography_font_family": "Open Sans",
                                                "count_typography_font_size": {
                                                    "unit": "px",
                                                    "size": 25,
                                                    "sizes": []
                                                },
                                                "count_typography_font_weight": "400",
                                                "_z_index": 1,
                                                "_animation": "fadeIn",
                                                "source": "by_id",
                                                "categories": [
                                                    "70"
                                                ],
                                                "orderby": "count",
                                                "align": "center",
                                                "_padding": {
                                                    "unit": "px",
                                                    "top": "0",
                                                    "right": "0",
                                                    "bottom": "30",
                                                    "left": "0",
                                                    "isLinked": false
                                                },
                                                "_background_background": "classic",
                                                "_background_color": "#FAF5ED",
                                                "_background_hover_background": "classic",
                                                "_background_hover_color": "#F1E3CF",
                                                "_border_width": {
                                                    "unit": "px",
                                                    "top": "0",
                                                    "right": "0",
                                                    "bottom": "0",
                                                    "left": "0",
                                                    "isLinked": true
                                                },
                                                "_border_radius": {
                                                    "unit": "px",
                                                    "top": "0",
                                                    "right": "0",
                                                    "bottom": "0",
                                                    "left": "0",
                                                    "isLinked": false
                                                },
                                                "_border_hover_width": {
                                                    "unit": "px",
                                                    "top": "0",
                                                    "right": "0",
                                                    "bottom": "0",
                                                    "left": "0",
                                                    "isLinked": true
                                                },
                                                "columns_tablet": 1,
                                                "title_typography_font_size_tablet": {
                                                    "unit": "px",
                                                    "size": 24,
                                                    "sizes": []
                                                }
                                            },
                                            "elements": [],
                                            "isInner": false,
                                            "widgetType": "wc-categories",
                                            "elType": "widget"
                                        }
                                    ],
                                    "isInner": true,
                                    "elType": "column"
                                }
                            ],
                            "isInner": true,
                            "elType": "section"
                        }
                    ],
                    "isInner": false,
                    "elType": "column"
                }
            ],
            "isInner": false,
            "elType": "section"
        },
        {
            "id": "444b3165",
            "settings": {
                "margin": {
                    "unit": "px",
                    "top": "150",
                    "right": 0,
                    "bottom": "0",
                    "left": 0,
                    "isLinked": false
                },
                "padding": {
                    "unit": "%",
                    "top": "0",
                    "right": "3",
                    "bottom": "0",
                    "left": "3",
                    "isLinked": false
                },
                "background_background": "classic",
                "background_position": "initial",
                "background_xpos": {
                    "unit": "%",
                    "size": 66,
                    "sizes": []
                },
                "background_ypos": {
                    "unit": "%",
                    "size": 25,
                    "sizes": []
                },
                "background_repeat": "no-repeat",
                "background_size": "initial",
                "background_bg_width": {
                    "unit": "px",
                    "size": 300,
                    "sizes": []
                },
                "margin_tablet": {
                    "unit": "px",
                    "top": "100",
                    "right": 0,
                    "bottom": "0",
                    "left": 0,
                    "isLinked": false
                }
            },
            "elements": [
                {
                    "id": "5e427545",
                    "settings": {
                        "_column_size": 100,
                        "_inline_size": null
                    },
                    "elements": [
                        {
                            "id": "6ece3e13",
                            "settings": {
                                "title": "Headline",
                                "header_size": "p",
                                "title_color": "#3C3C3C",
                                "typography_typography": "custom",
                                "typography_font_family": "Inconsolata",
                                "_animation": "fadeInUp",
                                "typography_font_size": {
                                    "unit": "px",
                                    "size": 14,
                                    "sizes": []
                                },
                                "typography_text_transform": "uppercase",
                                "typography_letter_spacing": {
                                    "unit": "px",
                                    "size": 1,
                                    "sizes": []
                                },
                                "_margin": {
                                    "unit": "px",
                                    "top": "0",
                                    "right": "0",
                                    "bottom": "5",
                                    "left": "0",
                                    "isLinked": false
                                }
                            },
                            "elements": [],
                            "isInner": false,
                            "widgetType": "heading",
                            "elType": "widget"
                        },
                        {
                            "id": "59582e40",
                            "settings": {
                                "title": "Our Latest",
                                "title_color": "#3C3C3C",
                                "typography_typography": "custom",
                                "typography_font_family": "EB Garamond",
                                "typography_font_size": {
                                    "unit": "px",
                                    "size": 54,
                                    "sizes": []
                                },
                                "typography_font_weight": "400",
                                "_animation": "fadeIn",
                                "typography_font_size_tablet": {
                                    "unit": "px",
                                    "size": 42,
                                    "sizes": []
                                },
                                "typography_font_size_mobile": {
                                    "unit": "px",
                                    "size": 32,
                                    "sizes": []
                                },
                                "_margin": {
                                    "unit": "px",
                                    "top": "0",
                                    "right": "0",
                                    "bottom": "25",
                                    "left": "0",
                                    "isLinked": false
                                }
                            },
                            "elements": [],
                            "isInner": false,
                            "widgetType": "heading",
                            "elType": "widget"
                        },
                        {
                            "id": "188e5741",
                            "settings": {
                                "width": {
                                    "unit": "px",
                                    "size": 30,
                                    "sizes": []
                                },
                                "align": "center",
                                "text": "Divider",
                                "color": "#C8C8C8",
                                "angle": {
                                    "unit": "px",
                                    "size": 90,
                                    "sizes": []
                                },
                                "_element_width": "auto",
                                "_animation": "fadeIn",
                                "_margin": {
                                    "unit": "px",
                                    "top": "15",
                                    "right": "0",
                                    "bottom": "-15",
                                    "left": "0",
                                    "isLinked": false
                                }
                            },
                            "elements": [],
                            "isInner": false,
                            "widgetType": "divider",
                            "elType": "widget"
                        }
                    ],
                    "isInner": false,
                    "elType": "column"
                }
            ],
            "isInner": false,
            "elType": "section"
        },
        {
            "id": "4bcd3c41",
            "settings": {
                "content_width": {
                    "unit": "px",
                    "size": 1400,
                    "sizes": []
                },
                "padding": {
                    "unit": "%",
                    "top": "0",
                    "right": "3",
                    "bottom": "0",
                    "left": "3",
                    "isLinked": false
                },
                "margin": {
                    "unit": "px",
                    "top": "0",
                    "right": 0,
                    "bottom": "150",
                    "left": 0,
                    "isLinked": false
                },
                "background_background": "classic",
                "background_image": {
                    "url": "https:\/\/kits.seventhqueen.com\/elementor-luxury-shop\/wp-content\/uploads\/sites\/3\/2020\/04\/dots-bg-grey.png",
                    "id": 3618
                },
                "background_position": "initial",
                "background_xpos": {
                    "unit": "%",
                    "size": 66,
                    "sizes": []
                },
                "background_repeat": "no-repeat",
                "background_size": "initial",
                "background_bg_width": {
                    "unit": "px",
                    "size": 300,
                    "sizes": []
                },
                "margin_tablet": {
                    "unit": "px",
                    "top": "0",
                    "right": 0,
                    "bottom": "100",
                    "left": 0,
                    "isLinked": false
                },
                "margin_mobile": {
                    "unit": "px",
                    "top": "0",
                    "right": 0,
                    "bottom": "50",
                    "left": 0,
                    "isLinked": false
                }
            },
            "elements": [
                {
                    "id": "355fbef5",
                    "settings": {
                        "_column_size": 100,
                        "_inline_size": null,
                        "align": "center",
                        "margin": {
                            "unit": "px",
                            "top": "50",
                            "right": "0",
                            "bottom": "0",
                            "left": "0",
                            "isLinked": false
                        }
                    },
                    "elements": [
                        {
                            "id": "1d4ea663",
                            "settings": {
                                "column_gap": {
                                    "unit": "px",
                                    "size": 70,
                                    "sizes": []
                                },
                                "align": "center",
                                "title_color": "#3C3C3C",
                                "title_typography_typography": "custom",
                                "title_typography_font_family": "EB Garamond",
                                "title_typography_font_size": {
                                    "unit": "px",
                                    "size": 24,
                                    "sizes": []
                                },
                                "title_typography_font_weight": "400",
                                "star_color": "#FF0061",
                                "rating_spacing": {
                                    "unit": "px",
                                    "size": 14,
                                    "sizes": []
                                },
                                "price_color": "#3C3C3C",
                                "price_typography_typography": "custom",
                                "price_typography_font_family": "Inconsolata",
                                "price_typography_font_weight": "bold",
                                "old_price_color": "#3C3C3C",
                                "button_text_color": "#3C3C3C",
                                "button_background_color": "#F0F0F0",
                                "button_border_color": "#F0F0F0",
                                "button_typography_typography": "custom",
                                "button_typography_font_family": "Inconsolata",
                                "button_typography_font_size": {
                                    "unit": "px",
                                    "size": 14,
                                    "sizes": []
                                },
                                "button_typography_font_weight": "500",
                                "button_hover_color": "#3C3C3C",
                                "button_hover_background_color": "rgba(2, 1, 1, 0)",
                                "button_hover_border_color": "#3C3C3C",
                                "button_border_border": "solid",
                                "button_border_width": {
                                    "unit": "px",
                                    "top": "2",
                                    "right": "2",
                                    "bottom": "2",
                                    "left": "2",
                                    "isLinked": true
                                },
                                "view_cart_color": "#FF0061",
                                "view_cart_typography_typography": "custom",
                                "view_cart_typography_font_family": "Inconsolata",
                                "view_cart_typography_font_size": {
                                    "unit": "px",
                                    "size": 14,
                                    "sizes": []
                                },
                                "box_padding": {
                                    "unit": "px",
                                    "top": "0",
                                    "right": "0",
                                    "bottom": "50",
                                    "left": "0",
                                    "isLinked": false
                                },
                                "box_border_color": "#C8C8C8",
                                "box_shadow_hover_box_shadow_type": "yes",
                                "box_shadow_hover_box_shadow": {
                                    "horizontal": 0,
                                    "vertical": 0,
                                    "blur": 50,
                                    "spread": 0,
                                    "color": "rgba(0, 0, 0, 0.1)"
                                },
                                "show_pagination_border": "",
                                "pagination_padding": {
                                    "unit": "px",
                                    "size": 15,
                                    "sizes": []
                                },
                                "pagination_typography_typography": "custom",
                                "pagination_typography_font_family": "Inconsolata",
                                "pagination_typography_font_size": {
                                    "unit": "px",
                                    "size": 18,
                                    "sizes": []
                                },
                                "pagination_link_color": "#3C3C3C",
                                "pagination_link_bg_color_hover": "#FAFAFA",
                                "pagination_link_color_active": "#FF0061",
                                "pagination_link_bg_color_active": "#FAFAFA",
                                "onsale_text_background_color": "#FF0061",
                                "onsale_typography_typography": "custom",
                                "onsale_typography_font_family": "Inconsolata",
                                "onsale_border_radius": {
                                    "unit": "px",
                                    "size": 0,
                                    "sizes": []
                                },
                                "onsale_width": {
                                    "unit": "px",
                                    "size": 70,
                                    "sizes": []
                                },
                                "onsale_height": {
                                    "unit": "px",
                                    "size": 30,
                                    "sizes": []
                                },
                                "_animation": "fadeIn",
                                "_animation_delay": 600,
                                "paginate": "yes",
                                "query_offset": "",
                                "pagination_spacing": {
                                    "unit": "px",
                                    "size": 10,
                                    "sizes": []
                                }
                            },
                            "elements": [],
                            "isInner": false,
                            "widgetType": "stax-woo-products",
                            "elType": "widget"
                        }
                    ],
                    "isInner": false,
                    "elType": "column"
                }
            ],
            "isInner": false,
            "elType": "section"
        },
        {
            "id": "41dc79c1",
            "settings": {
                "content_width": {
                    "unit": "px",
                    "size": 1400,
                    "sizes": []
                },
                "structure": "21",
                "margin": {
                    "unit": "px",
                    "top": "150",
                    "right": 0,
                    "bottom": "150",
                    "left": 0,
                    "isLinked": true
                },
                "margin_tablet": {
                    "unit": "px",
                    "top": "100",
                    "right": 0,
                    "bottom": "100",
                    "left": 0,
                    "isLinked": true
                },
                "margin_mobile": {
                    "unit": "px",
                    "top": "50",
                    "right": 0,
                    "bottom": "50",
                    "left": 0,
                    "isLinked": true
                }
            },
            "elements": [
                {
                    "id": "79f2bf21",
                    "settings": {
                        "_column_size": 33,
                        "_inline_size": null
                    },
                    "elements": [
                        {
                            "id": "63767f05",
                            "settings": {
                                "slider_height": {
                                    "unit": "px",
                                    "size": 400,
                                    "sizes": []
                                },
                                "nav_arrows": "",
                                "nav_pagination": "",
                                "list": [
                                    {
                                        "list_title": "Exclusive styles",
                                        "list_sub_title": "Royal Diamond",
                                        "list_description": "Collection",
                                        "list_btn_text": "Shop Now!",
                                        "_id": "c24e01e",
                                        "list_background_background": "classic",
                                        "list_background_color": "#1C1C1C",
                                        "list_background_color_stop": {
                                            "unit": "%",
                                            "size": 0,
                                            "sizes": []
                                        },
                                        "list_background_color_b": "#f2295b",
                                        "list_background_color_b_stop": {
                                            "unit": "%",
                                            "size": 100,
                                            "sizes": []
                                        },
                                        "list_background_gradient_type": "linear",
                                        "list_background_gradient_angle": {
                                            "unit": "deg",
                                            "size": 180,
                                            "sizes": []
                                        },
                                        "list_background_gradient_position": "center center",
                                        "list_background_image": {
                                            "url": "",
                                            "id": ""
                                        },
                                        "list_background_image_tablet": {
                                            "url": "",
                                            "id": ""
                                        },
                                        "list_background_image_mobile": {
                                            "url": "",
                                            "id": ""
                                        },
                                        "list_background_position": "center center",
                                        "list_background_position_tablet": "",
                                        "list_background_position_mobile": "",
                                        "list_background_xpos": {
                                            "unit": "px",
                                            "size": 0,
                                            "sizes": []
                                        },
                                        "list_background_xpos_tablet": {
                                            "unit": "px",
                                            "size": 0,
                                            "sizes": []
                                        },
                                        "list_background_xpos_mobile": {
                                            "unit": "px",
                                            "size": 0,
                                            "sizes": []
                                        },
                                        "list_background_ypos": {
                                            "unit": "px",
                                            "size": 0,
                                            "sizes": []
                                        },
                                        "list_background_ypos_tablet": {
                                            "unit": "px",
                                            "size": 0,
                                            "sizes": []
                                        },
                                        "list_background_ypos_mobile": {
                                            "unit": "px",
                                            "size": 0,
                                            "sizes": []
                                        },
                                        "list_background_attachment": "",
                                        "list_background_repeat": "no-repeat",
                                        "list_background_repeat_tablet": "",
                                        "list_background_repeat_mobile": "",
                                        "list_background_size": "cover",
                                        "list_background_size_tablet": "",
                                        "list_background_size_mobile": "",
                                        "list_background_bg_width": {
                                            "unit": "%",
                                            "size": 100,
                                            "sizes": []
                                        },
                                        "list_background_bg_width_tablet": {
                                            "unit": "px",
                                            "size": "",
                                            "sizes": []
                                        },
                                        "list_background_bg_width_mobile": {
                                            "unit": "px",
                                            "size": "",
                                            "sizes": []
                                        },
                                        "list_background_video_link": "",
                                        "list_background_video_start": "",
                                        "list_background_video_end": "",
                                        "list_background_play_once": "",
                                        "list_background_play_on_mobile": "",
                                        "list_background_video_fallback": {
                                            "url": "",
                                            "id": ""
                                        },
                                        "list_background_slideshow_gallery": [],
                                        "list_background_slideshow_loop": "yes",
                                        "list_background_slideshow_slide_duration": 5000,
                                        "list_background_slideshow_slide_transition": "fade",
                                        "list_background_slideshow_transition_duration": 500,
                                        "list_background_slideshow_background_size": "",
                                        "list_background_slideshow_background_size_tablet": "",
                                        "list_background_slideshow_background_size_mobile": "",
                                        "list_background_slideshow_background_position": "",
                                        "list_background_slideshow_background_position_tablet": "",
                                        "list_background_slideshow_background_position_mobile": "",
                                        "list_background_slideshow_ken_burns": "",
                                        "list_background_slideshow_ken_burns_zoom_direction": "in",
                                        "list_default_style": "1",
                                        "list_btn_link": {
                                            "url": "",
                                            "is_external": false,
                                            "nofollow": false,
                                            "custom_attributes": ""
                                        },
                                        "align_horizontal": "flex-start",
                                        "align_horizontal_tablet": "",
                                        "align_horizontal_mobile": "",
                                        "align_vertical": "",
                                        "align_vertical_tablet": "",
                                        "align_vertical_mobile": "",
                                        "list_overlay_color": "rgba(0, 0, 0, 0.1)",
                                        "list_title_color": "#EDDAC0",
                                        "list_sub_title_color": "#FAF5ED",
                                        "list_description_color": "#FAF5ED",
                                        "list_title_shadow_text_shadow_type": "",
                                        "list_title_shadow_text_shadow": {
                                            "horizontal": 0,
                                            "vertical": 0,
                                            "blur": 10,
                                            "color": "rgba(0,0,0,0.3)"
                                        },
                                        "list_sub_title_shadow_text_shadow_type": "",
                                        "list_sub_title_shadow_text_shadow": {
                                            "horizontal": 0,
                                            "vertical": 0,
                                            "blur": 10,
                                            "color": "rgba(0,0,0,0.3)"
                                        },
                                        "list_description_shadow_text_shadow_type": "",
                                        "list_description_shadow_text_shadow": {
                                            "horizontal": 0,
                                            "vertical": 0,
                                            "blur": 10,
                                            "color": "rgba(0,0,0,0.3)"
                                        },
                                        "list_btn_color": "#EDDAC0",
                                        "list_btn_hover_color": "#3C3C3C",
                                        "list_btn_bg_color": "",
                                        "list_btn_hover_bg_color": "#FAF5ED",
                                        "list_btn_border_color": "#EDDAC0",
                                        "list_btn_hover_border_color": "#FAF5ED"
                                    }
                                ],
                                "slide_padding": {
                                    "unit": "px",
                                    "top": "50",
                                    "right": "50",
                                    "bottom": "50",
                                    "left": "50",
                                    "isLinked": true
                                },
                                "title_typography_typography": "custom",
                                "title_typography_font_family": "Dancing Script",
                                "title_typography_font_size": {
                                    "unit": "px",
                                    "size": 24,
                                    "sizes": []
                                },
                                "subtitle_typography_typography": "custom",
                                "subtitle_typography_font_family": "EB Garamond",
                                "subtitle_typography_font_size": {
                                    "unit": "px",
                                    "size": 42,
                                    "sizes": []
                                },
                                "subtitle_typography_font_weight": "600",
                                "description_typography_typography": "custom",
                                "description_typography_font_family": "EB Garamond",
                                "description_typography_font_size": {
                                    "unit": "px",
                                    "size": 42,
                                    "sizes": []
                                },
                                "description_typography_font_weight": "600",
                                "description_margin": {
                                    "unit": "px",
                                    "top": "-10",
                                    "right": "0",
                                    "bottom": "0",
                                    "left": "0",
                                    "isLinked": false
                                },
                                "btn_typography_typography": "custom",
                                "btn_typography_font_family": "Inconsolata",
                                "btn_border_border": "solid",
                                "btn_border_width": {
                                    "unit": "px",
                                    "top": "2",
                                    "right": "2",
                                    "bottom": "2",
                                    "left": "2",
                                    "isLinked": true
                                },
                                "btn_margin": {
                                    "unit": "px",
                                    "top": "50",
                                    "right": "0",
                                    "bottom": "20",
                                    "left": "0",
                                    "isLinked": false
                                },
                                "btn_padding": {
                                    "unit": "px",
                                    "top": "10",
                                    "right": "30",
                                    "bottom": "10",
                                    "left": "30",
                                    "isLinked": false
                                },
                                "_margin": {
                                    "unit": "px",
                                    "top": "0",
                                    "right": "20",
                                    "bottom": "0",
                                    "left": "0",
                                    "isLinked": false
                                },
                                "slide_padding_tablet": {
                                    "unit": "px",
                                    "top": "30",
                                    "right": "30",
                                    "bottom": "30",
                                    "left": "30",
                                    "isLinked": true
                                },
                                "subtitle_typography_font_size_tablet": {
                                    "unit": "px",
                                    "size": 32,
                                    "sizes": []
                                },
                                "description_typography_font_size_tablet": {
                                    "unit": "px",
                                    "size": 32,
                                    "sizes": []
                                },
                                "_margin_tablet": {
                                    "unit": "px",
                                    "top": "0",
                                    "right": "0",
                                    "bottom": "0",
                                    "left": "0",
                                    "isLinked": true
                                },
                                "_margin_mobile": {
                                    "unit": "px",
                                    "top": "0",
                                    "right": "0",
                                    "bottom": "50",
                                    "left": "0",
                                    "isLinked": false
                                }
                            },
                            "elements": [],
                            "isInner": false,
                            "widgetType": "stax-el-slider",
                            "elType": "widget"
                        }
                    ],
                    "isInner": false,
                    "elType": "column"
                },
                {
                    "id": "73ab6ad3",
                    "settings": {
                        "_column_size": 66,
                        "_inline_size": null
                    },
                    "elements": [
                        {
                            "id": "2c499e5b",
                            "settings": {
                                "slider_height": {
                                    "unit": "px",
                                    "size": 400,
                                    "sizes": []
                                },
                                "nav_arrows": "",
                                "nav_pagination": "",
                                "list": [
                                    {
                                        "list_title": "30 off",
                                        "list_sub_title": "On Youor First Purchase",
                                        "list_description": "",
                                        "list_btn_text": "Shop Now!",
                                        "_id": "c24e01e",
                                        "list_background_background": "classic",
                                        "list_background_color": "#1C1C1C",
                                        "list_background_color_stop": {
                                            "unit": "%",
                                            "size": 0,
                                            "sizes": []
                                        },
                                        "list_background_color_b": "#f2295b",
                                        "list_background_color_b_stop": {
                                            "unit": "%",
                                            "size": 100,
                                            "sizes": []
                                        },
                                        "list_background_gradient_type": "linear",
                                        "list_background_gradient_angle": {
                                            "unit": "deg",
                                            "size": 180,
                                            "sizes": []
                                        },
                                        "list_background_gradient_position": "center center",
                                        "list_background_image": {
                                            "url": "https:\/\/kits.seventhqueen.com\/elementor-luxury-shop\/wp-content\/uploads\/sites\/3\/2020\/02\/beautiful-diamonds-on-black-background-KDGS89J.jpg",
                                            "id": 4261
                                        },
                                        "list_background_image_tablet": {
                                            "url": "",
                                            "id": ""
                                        },
                                        "list_background_image_mobile": {
                                            "url": "",
                                            "id": ""
                                        },
                                        "list_background_position": "center center",
                                        "list_background_position_tablet": "",
                                        "list_background_position_mobile": "",
                                        "list_background_xpos": {
                                            "unit": "px",
                                            "size": 0,
                                            "sizes": []
                                        },
                                        "list_background_xpos_tablet": {
                                            "unit": "px",
                                            "size": 0,
                                            "sizes": []
                                        },
                                        "list_background_xpos_mobile": {
                                            "unit": "px",
                                            "size": 0,
                                            "sizes": []
                                        },
                                        "list_background_ypos": {
                                            "unit": "px",
                                            "size": 0,
                                            "sizes": []
                                        },
                                        "list_background_ypos_tablet": {
                                            "unit": "px",
                                            "size": 0,
                                            "sizes": []
                                        },
                                        "list_background_ypos_mobile": {
                                            "unit": "px",
                                            "size": 0,
                                            "sizes": []
                                        },
                                        "list_background_attachment": "",
                                        "list_background_repeat": "no-repeat",
                                        "list_background_repeat_tablet": "",
                                        "list_background_repeat_mobile": "",
                                        "list_background_size": "cover",
                                        "list_background_size_tablet": "",
                                        "list_background_size_mobile": "",
                                        "list_background_bg_width": {
                                            "unit": "%",
                                            "size": 100,
                                            "sizes": []
                                        },
                                        "list_background_bg_width_tablet": {
                                            "unit": "px",
                                            "size": "",
                                            "sizes": []
                                        },
                                        "list_background_bg_width_mobile": {
                                            "unit": "px",
                                            "size": "",
                                            "sizes": []
                                        },
                                        "list_background_video_link": "",
                                        "list_background_video_start": "",
                                        "list_background_video_end": "",
                                        "list_background_play_once": "",
                                        "list_background_play_on_mobile": "",
                                        "list_background_video_fallback": {
                                            "url": "",
                                            "id": ""
                                        },
                                        "list_background_slideshow_gallery": [],
                                        "list_background_slideshow_loop": "yes",
                                        "list_background_slideshow_slide_duration": 5000,
                                        "list_background_slideshow_slide_transition": "fade",
                                        "list_background_slideshow_transition_duration": 500,
                                        "list_background_slideshow_background_size": "",
                                        "list_background_slideshow_background_size_tablet": "",
                                        "list_background_slideshow_background_size_mobile": "",
                                        "list_background_slideshow_background_position": "",
                                        "list_background_slideshow_background_position_tablet": "",
                                        "list_background_slideshow_background_position_mobile": "",
                                        "list_background_slideshow_ken_burns": "",
                                        "list_background_slideshow_ken_burns_zoom_direction": "in",
                                        "list_default_style": "1",
                                        "list_btn_link": {
                                            "url": "",
                                            "is_external": false,
                                            "nofollow": false,
                                            "custom_attributes": ""
                                        },
                                        "align_horizontal": "flex-start",
                                        "align_horizontal_tablet": "",
                                        "align_horizontal_mobile": "",
                                        "align_vertical": "",
                                        "align_vertical_tablet": "",
                                        "align_vertical_mobile": "",
                                        "list_overlay_color": "",
                                        "list_title_color": "#FAF5ED",
                                        "list_sub_title_color": "#FAF5ED",
                                        "list_description_color": "#FAF5ED",
                                        "list_title_shadow_text_shadow_type": "",
                                        "list_title_shadow_text_shadow": {
                                            "horizontal": 0,
                                            "vertical": 0,
                                            "blur": 10,
                                            "color": "rgba(0,0,0,0.3)"
                                        },
                                        "list_sub_title_shadow_text_shadow_type": "",
                                        "list_sub_title_shadow_text_shadow": {
                                            "horizontal": 0,
                                            "vertical": 0,
                                            "blur": 10,
                                            "color": "rgba(0,0,0,0.3)"
                                        },
                                        "list_description_shadow_text_shadow_type": "",
                                        "list_description_shadow_text_shadow": {
                                            "horizontal": 0,
                                            "vertical": 0,
                                            "blur": 10,
                                            "color": "rgba(0,0,0,0.3)"
                                        },
                                        "list_btn_color": "#EDDAC0",
                                        "list_btn_hover_color": "#3C3C3C",
                                        "list_btn_bg_color": "",
                                        "list_btn_hover_bg_color": "#FAF5ED",
                                        "list_btn_border_color": "#EDDAC0",
                                        "list_btn_hover_border_color": "#FAF5ED"
                                    }
                                ],
                                "slide_padding": {
                                    "unit": "px",
                                    "top": "50",
                                    "right": "50",
                                    "bottom": "50",
                                    "left": "50",
                                    "isLinked": true
                                },
                                "title_typography_typography": "custom",
                                "title_typography_font_family": "EB Garamond",
                                "title_typography_font_size": {
                                    "unit": "px",
                                    "size": 84,
                                    "sizes": []
                                },
                                "title_typography_font_weight": "400",
                                "subtitle_typography_typography": "custom",
                                "subtitle_typography_font_family": "EB Garamond",
                                "subtitle_typography_font_size": {
                                    "unit": "px",
                                    "size": 42,
                                    "sizes": []
                                },
                                "subtitle_typography_font_weight": "600",
                                "subtitle_margin": {
                                    "unit": "px",
                                    "top": "-10",
                                    "right": "0",
                                    "bottom": "0",
                                    "left": "0",
                                    "isLinked": false
                                },
                                "description_typography_typography": "custom",
                                "description_typography_font_family": "Inconsolata",
                                "btn_typography_typography": "custom",
                                "btn_typography_font_family": "Inconsolata",
                                "btn_border_border": "solid",
                                "btn_border_width": {
                                    "unit": "px",
                                    "top": "2",
                                    "right": "2",
                                    "bottom": "2",
                                    "left": "2",
                                    "isLinked": true
                                },
                                "btn_margin": {
                                    "unit": "px",
                                    "top": "50",
                                    "right": "0",
                                    "bottom": "20",
                                    "left": "0",
                                    "isLinked": false
                                },
                                "btn_padding": {
                                    "unit": "px",
                                    "top": "10",
                                    "right": "30",
                                    "bottom": "10",
                                    "left": "30",
                                    "isLinked": false
                                },
                                "_margin": {
                                    "unit": "px",
                                    "top": "0",
                                    "right": "0",
                                    "bottom": "0",
                                    "left": "20",
                                    "isLinked": false
                                },
                                "slide_padding_tablet": {
                                    "unit": "px",
                                    "top": "30",
                                    "right": "30",
                                    "bottom": "30",
                                    "left": "30",
                                    "isLinked": true
                                },
                                "title_typography_font_size_tablet": {
                                    "unit": "px",
                                    "size": 54,
                                    "sizes": []
                                },
                                "subtitle_typography_font_size_tablet": {
                                    "unit": "px",
                                    "size": 32,
                                    "sizes": []
                                },
                                "_margin_tablet": {
                                    "unit": "px",
                                    "top": "0",
                                    "right": "0",
                                    "bottom": "0",
                                    "left": "0",
                                    "isLinked": true
                                }
                            },
                            "elements": [],
                            "isInner": false,
                            "widgetType": "stax-el-slider",
                            "elType": "widget"
                        }
                    ],
                    "isInner": false,
                    "elType": "column"
                }
            ],
            "isInner": false,
            "elType": "section"
        }
    ]
}