{
    "version": "0.4",
    "title": "Contact Us",
    "type": "page",
    "metadata": {
        "template_type": "single-page",
        "include_in_zip": "1",
        "elementor_pro_required": "1",
        "wp_page_template": "elementor_header_footer"
    },
    "content": [
        {
            "id": "50426b6b",
            "settings": {
                "content_width": {
                    "unit": "px",
                    "size": 768,
                    "sizes": []
                },
                "margin": {
                    "unit": "px",
                    "top": "50",
                    "right": 0,
                    "bottom": "50",
                    "left": 0,
                    "isLinked": false
                },
                "padding": {
                    "unit": "%",
                    "top": "0",
                    "right": "3",
                    "bottom": "0",
                    "left": "3",
                    "isLinked": false
                },
                "margin_tablet": {
                    "unit": "px",
                    "top": "50",
                    "right": 0,
                    "bottom": "25",
                    "left": 0,
                    "isLinked": false
                }
            },
            "elements": [
                {
                    "id": "5770ff7a",
                    "settings": {
                        "_column_size": 100,
                        "_inline_size": null,
                        "align": "center"
                    },
                    "elements": [
                        {
                            "id": "5ae998e0",
                            "settings": {
                                "title": "Contact us",
                                "header_size": "h1",
                                "align": "center",
                                "title_color": "#3C3C3C",
                                "typography_typography": "custom",
                                "typography_font_family": "EB Garamond",
                                "typography_font_size": {
                                    "unit": "px",
                                    "size": 84,
                                    "sizes": []
                                },
                                "typography_font_weight": "400",
                                "typography_line_height": {
                                    "unit": "em",
                                    "size": 1.071,
                                    "sizes": []
                                },
                                "_animation": "fadeIn",
                                "_animation_delay": 600,
                                "typography_font_size_tablet": {
                                    "unit": "px",
                                    "size": 70,
                                    "sizes": []
                                },
                                "typography_font_size_mobile": {
                                    "unit": "px",
                                    "size": 54,
                                    "sizes": []
                                }
                            },
                            "elements": [],
                            "isInner": false,
                            "widgetType": "heading",
                            "elType": "widget"
                        },
                        {
                            "id": "1522c092",
                            "settings": {
                                "title": "Get in touch with our friendly team.",
                                "header_size": "h1",
                                "align": "center",
                                "title_color": "#3C3C3C",
                                "typography_typography": "custom",
                                "typography_font_family": "EB Garamond",
                                "typography_font_size": {
                                    "unit": "px",
                                    "size": 32,
                                    "sizes": []
                                },
                                "typography_font_weight": "400",
                                "typography_line_height": {
                                    "unit": "em",
                                    "size": 1.143,
                                    "sizes": []
                                },
                                "_animation": "fadeIn",
                                "_animation_delay": 600,
                                "typography_font_size_mobile": {
                                    "unit": "px",
                                    "size": 24,
                                    "sizes": []
                                },
                                "_margin": {
                                    "unit": "px",
                                    "top": "0",
                                    "right": "0",
                                    "bottom": "25",
                                    "left": "0",
                                    "isLinked": false
                                },
                                "_margin_tablet": {
                                    "unit": "px",
                                    "top": "0",
                                    "right": "0",
                                    "bottom": "0",
                                    "left": "0",
                                    "isLinked": true
                                }
                            },
                            "elements": [],
                            "isInner": false,
                            "widgetType": "heading",
                            "elType": "widget"
                        },
                        {
                            "id": "2999602d",
                            "settings": {
                                "width": {
                                    "unit": "px",
                                    "size": 30,
                                    "sizes": []
                                },
                                "align": "center",
                                "text": "Divider",
                                "color": "#C8C8C8",
                                "angle": {
                                    "unit": "px",
                                    "size": 90,
                                    "sizes": []
                                },
                                "_element_width": "auto"
                            },
                            "elements": [],
                            "isInner": false,
                            "widgetType": "divider",
                            "elType": "widget"
                        }
                    ],
                    "isInner": false,
                    "elType": "column"
                }
            ],
            "isInner": false,
            "elType": "section"
        },
        {
            "id": "1db49ed5",
            "settings": {
                "height": "min-height",
                "custom_height": {
                    "unit": "vh",
                    "size": 40,
                    "sizes": []
                },
                "column_position": "stretch",
                "layout": "full_width",
                "background_background": "classic",
                "margin": {
                    "unit": "px",
                    "top": "",
                    "right": 0,
                    "bottom": "",
                    "left": 0,
                    "isLinked": true
                },
                "margin_tablet": {
                    "unit": "px",
                    "top": "0",
                    "right": 0,
                    "bottom": "0",
                    "left": 0,
                    "isLinked": true
                },
                "padding": {
                    "unit": "%",
                    "top": "0",
                    "right": "3",
                    "bottom": "0",
                    "left": "3",
                    "isLinked": false
                },
                "padding_tablet": {
                    "unit": "%",
                    "top": "0",
                    "right": "0",
                    "bottom": "0",
                    "left": "0",
                    "isLinked": true
                }
            },
            "elements": [
                {
                    "id": "481693db",
                    "settings": {
                        "_column_size": 100,
                        "_inline_size": null,
                        "background_background": "classic",
                        "background_image": {
                            "url": "https:\/\/kits.seventhqueen.com\/elementor-luxury-shop\/wp-content\/uploads\/sites\/3\/2020\/03\/ring-with-a-polished-gemstone-BNRKWHP.jpg",
                            "id": 4166
                        },
                        "background_position": "bottom center",
                        "background_repeat": "no-repeat",
                        "background_size": "cover"
                    },
                    "elements": [],
                    "isInner": false,
                    "elType": "column"
                }
            ],
            "isInner": false,
            "elType": "section"
        },
        {
            "id": "2d16b927",
            "settings": {
                "content_width": {
                    "unit": "px",
                    "size": 1400,
                    "sizes": []
                },
                "margin": {
                    "unit": "px",
                    "top": "-150",
                    "right": 0,
                    "bottom": "50",
                    "left": 0,
                    "isLinked": false
                },
                "background_overlay_background": "gradient",
                "background_overlay_color": "#FFFFFF",
                "background_overlay_color_stop": {
                    "unit": "%",
                    "size": 80,
                    "sizes": []
                },
                "background_overlay_color_b": "rgba(242, 41, 91, 0)",
                "background_overlay_color_b_stop": {
                    "unit": "%",
                    "size": 0,
                    "sizes": []
                },
                "background_overlay_gradient_angle": {
                    "unit": "deg",
                    "size": 90,
                    "sizes": []
                },
                "background_overlay_opacity": {
                    "unit": "px",
                    "size": 1,
                    "sizes": []
                },
                "z_index": 1,
                "margin_tablet": {
                    "unit": "px",
                    "top": "-100",
                    "right": 0,
                    "bottom": "50",
                    "left": 0,
                    "isLinked": false
                },
                "margin_mobile": {
                    "unit": "px",
                    "top": "-50",
                    "right": 0,
                    "bottom": "50",
                    "left": 0,
                    "isLinked": false
                },
                "padding": {
                    "unit": "%",
                    "top": "0",
                    "right": "3",
                    "bottom": "0",
                    "left": "3",
                    "isLinked": false
                }
            },
            "elements": [
                {
                    "id": "52f21a0c",
                    "settings": {
                        "_column_size": 100,
                        "_inline_size": null,
                        "background_background": "classic",
                        "background_overlay_background": "gradient",
                        "background_overlay_color_stop": {
                            "unit": "%",
                            "size": 80,
                            "sizes": []
                        },
                        "background_overlay_color_b_stop": {
                            "unit": "%",
                            "size": 0,
                            "sizes": []
                        },
                        "background_overlay_gradient_angle": {
                            "unit": "deg",
                            "size": 90,
                            "sizes": []
                        }
                    },
                    "elements": [
                        {
                            "id": "2e14153d",
                            "settings": {
                                "content_width": {
                                    "unit": "px",
                                    "size": 768,
                                    "sizes": []
                                },
                                "gap": "no",
                                "structure": "30",
                                "background_background": "classic",
                                "margin": {
                                    "unit": "px",
                                    "top": "150",
                                    "right": 0,
                                    "bottom": "50",
                                    "left": 0,
                                    "isLinked": false
                                },
                                "margin_tablet": {
                                    "unit": "px",
                                    "top": "100",
                                    "right": 0,
                                    "bottom": "0",
                                    "left": 0,
                                    "isLinked": false
                                },
                                "margin_mobile": {
                                    "unit": "px",
                                    "top": "50",
                                    "right": 0,
                                    "bottom": "0",
                                    "left": 0,
                                    "isLinked": false
                                }
                            },
                            "elements": [
                                {
                                    "id": "322493b5",
                                    "settings": {
                                        "_column_size": 33,
                                        "_inline_size": null
                                    },
                                    "elements": [
                                        {
                                            "id": "44e484e0",
                                            "settings": {
                                                "title": "",
                                                "subtitle": "Call us",
                                                "description": "<p>(+61) 555-1408<\/p><p>(+61) 555-1247<\/p>",
                                                "show_separator": "",
                                                "title_color": "#3C3C3C",
                                                "title_typography_typography": "custom",
                                                "title_typography_font_family": "Inconsolata",
                                                "title_typography_font_size": {
                                                    "unit": "px",
                                                    "size": 16,
                                                    "sizes": []
                                                },
                                                "highlighted_title_color": "#FF0061",
                                                "subtitle_color": "#3C3C3C",
                                                "subtitle_typography_typography": "custom",
                                                "subtitle_typography_font_family": "EB Garamond",
                                                "subtitle_typography_font_size": {
                                                    "unit": "px",
                                                    "size": 24,
                                                    "sizes": []
                                                },
                                                "subtitle_typography_font_weight": "400",
                                                "subtitle_margin": {
                                                    "unit": "px",
                                                    "top": "0",
                                                    "right": "0",
                                                    "bottom": "20",
                                                    "left": "0",
                                                    "isLinked": false
                                                },
                                                "description_color": "#3C3C3C",
                                                "description_typography_typography": "custom",
                                                "description_typography_font_family": "Inconsolata",
                                                "description_typography_line_height": {
                                                    "unit": "em",
                                                    "size": 1,
                                                    "sizes": []
                                                }
                                            },
                                            "elements": [],
                                            "isInner": false,
                                            "widgetType": "stax-el-heading",
                                            "elType": "widget"
                                        }
                                    ],
                                    "isInner": true,
                                    "elType": "column"
                                },
                                {
                                    "id": "19033194",
                                    "settings": {
                                        "_column_size": 33,
                                        "_inline_size": null,
                                        "margin_mobile": {
                                            "unit": "px",
                                            "top": "50",
                                            "right": "0",
                                            "bottom": "0",
                                            "left": "0",
                                            "isLinked": false
                                        }
                                    },
                                    "elements": [
                                        {
                                            "id": "493bb078",
                                            "settings": {
                                                "title": "",
                                                "subtitle": "Email us",
                                                "description": "<p>sales@shoppix.com<\/p><p>support@shoppix.com<\/p>",
                                                "show_separator": "",
                                                "title_color": "#3C3C3C",
                                                "title_typography_typography": "custom",
                                                "title_typography_font_family": "Inconsolata",
                                                "title_typography_font_size": {
                                                    "unit": "px",
                                                    "size": 16,
                                                    "sizes": []
                                                },
                                                "highlighted_title_color": "#FF0061",
                                                "subtitle_color": "#3C3C3C",
                                                "subtitle_typography_typography": "custom",
                                                "subtitle_typography_font_family": "EB Garamond",
                                                "subtitle_typography_font_size": {
                                                    "unit": "px",
                                                    "size": 24,
                                                    "sizes": []
                                                },
                                                "subtitle_typography_font_weight": "400",
                                                "subtitle_margin": {
                                                    "unit": "px",
                                                    "top": "0",
                                                    "right": "0",
                                                    "bottom": "20",
                                                    "left": "0",
                                                    "isLinked": false
                                                },
                                                "description_color": "#3C3C3C",
                                                "description_typography_typography": "custom",
                                                "description_typography_font_family": "Inconsolata",
                                                "description_typography_line_height": {
                                                    "unit": "em",
                                                    "size": 1,
                                                    "sizes": []
                                                }
                                            },
                                            "elements": [],
                                            "isInner": false,
                                            "widgetType": "stax-el-heading",
                                            "elType": "widget"
                                        }
                                    ],
                                    "isInner": true,
                                    "elType": "column"
                                },
                                {
                                    "id": "5dff0045",
                                    "settings": {
                                        "_column_size": 33,
                                        "_inline_size": null,
                                        "margin_mobile": {
                                            "unit": "px",
                                            "top": "50",
                                            "right": "0",
                                            "bottom": "0",
                                            "left": "0",
                                            "isLinked": false
                                        }
                                    },
                                    "elements": [
                                        {
                                            "id": "134330ee",
                                            "settings": {
                                                "title": "",
                                                "subtitle": "Visit us",
                                                "description": "<p>1408 Blocks Valley, Sydney,<\/p><p>NSW 2060, Australia<\/p>",
                                                "show_separator": "",
                                                "title_color": "#3C3C3C",
                                                "title_typography_typography": "custom",
                                                "title_typography_font_family": "Inconsolata",
                                                "title_typography_font_size": {
                                                    "unit": "px",
                                                    "size": 16,
                                                    "sizes": []
                                                },
                                                "highlighted_title_color": "#FF0061",
                                                "subtitle_color": "#3C3C3C",
                                                "subtitle_typography_typography": "custom",
                                                "subtitle_typography_font_family": "EB Garamond",
                                                "subtitle_typography_font_size": {
                                                    "unit": "px",
                                                    "size": 24,
                                                    "sizes": []
                                                },
                                                "subtitle_typography_font_weight": "400",
                                                "subtitle_margin": {
                                                    "unit": "px",
                                                    "top": "0",
                                                    "right": "0",
                                                    "bottom": "20",
                                                    "left": "0",
                                                    "isLinked": false
                                                },
                                                "description_color": "#3C3C3C",
                                                "description_typography_typography": "custom",
                                                "description_typography_font_family": "Inconsolata",
                                                "description_typography_line_height": {
                                                    "unit": "em",
                                                    "size": 1,
                                                    "sizes": []
                                                }
                                            },
                                            "elements": [],
                                            "isInner": false,
                                            "widgetType": "stax-el-heading",
                                            "elType": "widget"
                                        }
                                    ],
                                    "isInner": true,
                                    "elType": "column"
                                }
                            ],
                            "isInner": true,
                            "elType": "section"
                        }
                    ],
                    "isInner": false,
                    "elType": "column"
                }
            ],
            "isInner": false,
            "elType": "section"
        },
        {
            "id": "5ab0f639",
            "settings": {
                "content_width": {
                    "unit": "px",
                    "size": 768,
                    "sizes": []
                },
                "margin": {
                    "unit": "px",
                    "top": "50",
                    "right": 0,
                    "bottom": "150",
                    "left": 0,
                    "isLinked": false
                },
                "padding": {
                    "unit": "%",
                    "top": "0",
                    "right": "3",
                    "bottom": "0",
                    "left": "3",
                    "isLinked": false
                },
                "margin_tablet": {
                    "unit": "px",
                    "top": "50",
                    "right": 0,
                    "bottom": "100",
                    "left": 0,
                    "isLinked": false
                },
                "margin_mobile": {
                    "unit": "px",
                    "top": "50",
                    "right": 0,
                    "bottom": "50",
                    "left": 0,
                    "isLinked": true
                }
            },
            "elements": [
                {
                    "id": "2d8c79f8",
                    "settings": {
                        "_column_size": 100,
                        "_inline_size": null
                    },
                    "elements": [
                        {
                            "id": "2054d649",
                            "settings": {
                                "title": "or, Send us a message.",
                                "header_size": "h1",
                                "align": "center",
                                "title_color": "#3C3C3C",
                                "typography_typography": "custom",
                                "typography_font_family": "EB Garamond",
                                "typography_font_size": {
                                    "unit": "px",
                                    "size": 32,
                                    "sizes": []
                                },
                                "typography_font_weight": "400",
                                "typography_line_height": {
                                    "unit": "em",
                                    "size": 1.143,
                                    "sizes": []
                                },
                                "_animation": "fadeIn",
                                "_animation_delay": 600,
                                "_margin": {
                                    "unit": "px",
                                    "top": "0",
                                    "right": "0",
                                    "bottom": "50",
                                    "left": "0",
                                    "isLinked": false
                                },
                                "_margin_tablet": {
                                    "unit": "px",
                                    "top": "0",
                                    "right": "0",
                                    "bottom": "0",
                                    "left": "0",
                                    "isLinked": false
                                }
                            },
                            "elements": [],
                            "isInner": false,
                            "widgetType": "heading",
                            "elType": "widget"
                        },
                        {
                            "id": "3c24830",
                            "settings": {
                                "form_name": "Contact form",
                                "form_fields": [
                                    {
                                        "custom_id": "name",
                                        "field_type": "text",
                                        "field_label": "",
                                        "placeholder": "Name",
                                        "width": "100",
                                        "_id": "70d2e10",
                                        "required": "",
                                        "field_options": "",
                                        "allow_multiple": "",
                                        "select_size": "",
                                        "inline_list": "",
                                        "field_html": "",
                                        "width_tablet": "",
                                        "width_mobile": "",
                                        "rows": 4,
                                        "recaptcha_size": "normal",
                                        "recaptcha_style": "light",
                                        "recaptcha_badge": "bottomright",
                                        "css_classes": "",
                                        "field_value": ""
                                    },
                                    {
                                        "custom_id": "email",
                                        "field_type": "email",
                                        "required": "true",
                                        "field_label": "",
                                        "placeholder": "Email",
                                        "width": "100",
                                        "_id": "09c14b9",
                                        "field_options": "",
                                        "allow_multiple": "",
                                        "select_size": "",
                                        "inline_list": "",
                                        "field_html": "",
                                        "width_tablet": "",
                                        "width_mobile": "",
                                        "rows": 4,
                                        "recaptcha_size": "normal",
                                        "recaptcha_style": "light",
                                        "recaptcha_badge": "bottomright",
                                        "css_classes": "",
                                        "field_value": ""
                                    },
                                    {
                                        "custom_id": "field_1",
                                        "field_type": "number",
                                        "field_label": "",
                                        "placeholder": "Phone (optional)",
                                        "width": "100",
                                        "required": "",
                                        "field_options": "",
                                        "allow_multiple": "",
                                        "select_size": "",
                                        "inline_list": "",
                                        "field_html": "",
                                        "width_tablet": "",
                                        "width_mobile": "",
                                        "rows": 4,
                                        "recaptcha_size": "normal",
                                        "recaptcha_style": "light",
                                        "recaptcha_badge": "bottomright",
                                        "css_classes": "",
                                        "field_value": "",
                                        "_id": "bd7da91"
                                    },
                                    {
                                        "custom_id": "message",
                                        "field_type": "textarea",
                                        "field_label": "",
                                        "placeholder": "Message",
                                        "width": "100",
                                        "_id": "63e55c3",
                                        "required": "",
                                        "field_options": "",
                                        "allow_multiple": "",
                                        "select_size": "",
                                        "inline_list": "",
                                        "field_html": "",
                                        "width_tablet": "",
                                        "width_mobile": "",
                                        "rows": 4,
                                        "recaptcha_size": "normal",
                                        "recaptcha_style": "light",
                                        "recaptcha_badge": "bottomright",
                                        "css_classes": "",
                                        "field_value": ""
                                    }
                                ],
                                "button_text": "Send message",
                                "button_size": "md",
                                "email_content": "[all-fields]",
                                "email_content_2": "[all-fields]",
                                "success_message": "The form was sent successfully.",
                                "error_message": "An error occured.",
                                "required_field_message": "This field is required.",
                                "invalid_message": "There's something wrong. The form is invalid.",
                                "column_gap": {
                                    "unit": "px",
                                    "size": "",
                                    "sizes": []
                                },
                                "label_spacing": {
                                    "unit": "px",
                                    "size": 8,
                                    "sizes": []
                                },
                                "label_color": "#39373B",
                                "label_typography_typography": "custom",
                                "label_typography_font_family": "Rubik",
                                "label_typography_font_size": {
                                    "unit": "px",
                                    "size": 14,
                                    "sizes": []
                                },
                                "label_typography_line_height": {
                                    "unit": "px",
                                    "size": "",
                                    "sizes": []
                                },
                                "html_spacing": {
                                    "unit": "px",
                                    "size": "",
                                    "sizes": []
                                },
                                "html_color": "#39373B",
                                "field_text_color": "#39373B",
                                "field_border_color": "#EAE7E5",
                                "field_border_radius": {
                                    "unit": "px",
                                    "top": "5",
                                    "right": "5",
                                    "bottom": "5",
                                    "left": "5",
                                    "isLinked": true
                                },
                                "button_background_color": "#3C3C3C",
                                "_padding": {
                                    "unit": "px",
                                    "top": "40",
                                    "right": "40",
                                    "bottom": "40",
                                    "left": "40",
                                    "isLinked": true
                                },
                                "_background_background": "classic",
                                "_box_shadow_box_shadow": {
                                    "horizontal": 3,
                                    "vertical": 3,
                                    "blur": 6,
                                    "spread": 0,
                                    "color": "rgba(0, 0, 0, 0.05)"
                                },
                                "input_size": "md",
                                "custom_messages": "yes",
                                "field_background_color": "#FFFFFF",
                                "button_background_hover_color": "#1C1C1C",
                                "_padding_mobile": {
                                    "unit": "px",
                                    "top": "40",
                                    "right": "0",
                                    "bottom": "0",
                                    "left": "0",
                                    "isLinked": false
                                }
                            },
                            "elements": [],
                            "isInner": false,
                            "widgetType": "form",
                            "elType": "widget"
                        }
                    ],
                    "isInner": false,
                    "elType": "column"
                }
            ],
            "isInner": false,
            "elType": "section"
        }
    ]
}