{
    "version": "0.4",
    "title": "FAQs",
    "type": "page",
    "metadata": {
        "template_type": "single-page",
        "include_in_zip": "1",
        "elementor_pro_required": "1",
        "wp_page_template": "elementor_header_footer"
    },
    "content": [
        {
            "id": "29b1a726",
            "settings": {
                "padding": {
                    "unit": "%",
                    "top": "0",
                    "right": "3",
                    "bottom": "0",
                    "left": "3",
                    "isLinked": false
                },
                "content_width": {
                    "unit": "px",
                    "size": 768,
                    "sizes": []
                }
            },
            "elements": [
                {
                    "id": "6139d165",
                    "settings": {
                        "_column_size": 100,
                        "_inline_size": 100
                    },
                    "elements": [
                        {
                            "id": "1313c4b9",
                            "settings": {
                                "text_color": "#3C3C3C",
                                "link_color": "#979797",
                                "text_typography_typography": "custom",
                                "text_typography_font_family": "Inconsolata",
                                "_margin": {
                                    "unit": "px",
                                    "top": "20",
                                    "right": "0",
                                    "bottom": "0",
                                    "left": "0",
                                    "isLinked": false
                                }
                            },
                            "elements": [],
                            "isInner": false,
                            "widgetType": "woocommerce-breadcrumb",
                            "elType": "widget"
                        }
                    ],
                    "isInner": false,
                    "elType": "column"
                }
            ],
            "isInner": false,
            "elType": "section"
        },
        {
            "id": "26c6db9f",
            "settings": {
                "layout": "full_width",
                "background_background": "classic",
                "padding": {
                    "unit": "%",
                    "top": "0",
                    "right": "3",
                    "bottom": "0",
                    "left": "3",
                    "isLinked": false
                },
                "custom_height": {
                    "unit": "vh",
                    "size": 30,
                    "sizes": []
                },
                "column_position": "stretch",
                "margin": {
                    "unit": "px",
                    "top": "20",
                    "right": 0,
                    "bottom": "150",
                    "left": 0,
                    "isLinked": false
                },
                "margin_tablet": {
                    "unit": "px",
                    "top": "20",
                    "right": 0,
                    "bottom": "100",
                    "left": 0,
                    "isLinked": false
                },
                "padding_tablet": {
                    "unit": "%",
                    "top": "0",
                    "right": "0",
                    "bottom": "0",
                    "left": "0",
                    "isLinked": true
                }
            },
            "elements": [
                {
                    "id": "484f28ca",
                    "settings": {
                        "_column_size": 100,
                        "_inline_size": null,
                        "background_background": "classic",
                        "background_position": "top center",
                        "background_repeat": "no-repeat",
                        "background_size": "cover",
                        "background_overlay_background": "classic",
                        "background_overlay_image": {
                            "url": "https:\/\/kits.seventhqueen.com\/elementor-luxury-shop\/wp-content\/uploads\/sites\/3\/2020\/02\/dots-white.png",
                            "id": 2423
                        },
                        "background_overlay_position": "initial",
                        "background_overlay_xpos": {
                            "unit": "vw",
                            "size": 60,
                            "sizes": []
                        },
                        "background_overlay_ypos": {
                            "unit": "px",
                            "size": -350,
                            "sizes": []
                        },
                        "background_overlay_repeat": "no-repeat"
                    },
                    "elements": [
                        {
                            "id": "28e3115e",
                            "settings": {
                                "slider_height": {
                                    "unit": "%",
                                    "size": 100,
                                    "sizes": []
                                },
                                "nav_arrows": "",
                                "nav_pagination": "",
                                "list": [
                                    {
                                        "list_title": "FAQs",
                                        "list_sub_title": "",
                                        "list_description": "Aenean commodo dictum odio sit amet cursus. Integer id nunc sit amet ex pharetra aliquet. Duis metus magna, feugiat vel ullamcorper ac, commodo at velit.",
                                        "list_btn_text": "",
                                        "_id": "76b2c3f",
                                        "list_background_background": "classic",
                                        "list_background_color": "",
                                        "list_background_color_stop": {
                                            "unit": "%",
                                            "size": 0,
                                            "sizes": []
                                        },
                                        "list_background_color_b": "#f2295b",
                                        "list_background_color_b_stop": {
                                            "unit": "%",
                                            "size": 100,
                                            "sizes": []
                                        },
                                        "list_background_gradient_type": "linear",
                                        "list_background_gradient_angle": {
                                            "unit": "deg",
                                            "size": 180,
                                            "sizes": []
                                        },
                                        "list_background_gradient_position": "center center",
                                        "list_background_image": {
                                            "url": "https:\/\/kits.seventhqueen.com\/elementor-luxury-shop\/wp-content\/uploads\/sites\/3\/2020\/03\/brooks-leibee-omYSP6oYUs4-unsplash.jpg",
                                            "id": 3087
                                        },
                                        "list_background_image_tablet": {
                                            "url": "",
                                            "id": ""
                                        },
                                        "list_background_image_mobile": {
                                            "url": "",
                                            "id": ""
                                        },
                                        "list_background_position": "center center",
                                        "list_background_position_tablet": "",
                                        "list_background_position_mobile": "",
                                        "list_background_xpos": {
                                            "unit": "px",
                                            "size": 0,
                                            "sizes": []
                                        },
                                        "list_background_xpos_tablet": {
                                            "unit": "px",
                                            "size": 0,
                                            "sizes": []
                                        },
                                        "list_background_xpos_mobile": {
                                            "unit": "px",
                                            "size": 0,
                                            "sizes": []
                                        },
                                        "list_background_ypos": {
                                            "unit": "px",
                                            "size": 0,
                                            "sizes": []
                                        },
                                        "list_background_ypos_tablet": {
                                            "unit": "px",
                                            "size": 0,
                                            "sizes": []
                                        },
                                        "list_background_ypos_mobile": {
                                            "unit": "px",
                                            "size": 0,
                                            "sizes": []
                                        },
                                        "list_background_attachment": "",
                                        "list_background_repeat": "no-repeat",
                                        "list_background_repeat_tablet": "",
                                        "list_background_repeat_mobile": "",
                                        "list_background_size": "cover",
                                        "list_background_size_tablet": "",
                                        "list_background_size_mobile": "",
                                        "list_background_bg_width": {
                                            "unit": "%",
                                            "size": 100,
                                            "sizes": []
                                        },
                                        "list_background_bg_width_tablet": {
                                            "unit": "px",
                                            "size": "",
                                            "sizes": []
                                        },
                                        "list_background_bg_width_mobile": {
                                            "unit": "px",
                                            "size": "",
                                            "sizes": []
                                        },
                                        "list_background_video_link": "",
                                        "list_background_video_start": "",
                                        "list_background_video_end": "",
                                        "list_background_play_once": "",
                                        "list_background_play_on_mobile": "",
                                        "list_background_video_fallback": {
                                            "url": "",
                                            "id": ""
                                        },
                                        "list_background_slideshow_gallery": [],
                                        "list_background_slideshow_loop": "yes",
                                        "list_background_slideshow_slide_duration": 5000,
                                        "list_background_slideshow_slide_transition": "fade",
                                        "list_background_slideshow_transition_duration": 500,
                                        "list_background_slideshow_background_size": "",
                                        "list_background_slideshow_background_size_tablet": "",
                                        "list_background_slideshow_background_size_mobile": "",
                                        "list_background_slideshow_background_position": "",
                                        "list_background_slideshow_background_position_tablet": "",
                                        "list_background_slideshow_background_position_mobile": "",
                                        "list_background_slideshow_ken_burns": "",
                                        "list_background_slideshow_ken_burns_zoom_direction": "in",
                                        "list_default_style": "1",
                                        "list_btn_link": {
                                            "url": "",
                                            "is_external": false,
                                            "nofollow": false,
                                            "custom_attributes": ""
                                        },
                                        "align_horizontal": "center",
                                        "align_horizontal_tablet": "",
                                        "align_horizontal_mobile": "",
                                        "align_vertical": "",
                                        "align_vertical_tablet": "",
                                        "align_vertical_mobile": "",
                                        "list_overlay_color": "rgba(0, 0, 0, 0.5)",
                                        "list_title_color": "#FFFFFF",
                                        "list_sub_title_color": "#FFFFFF",
                                        "list_description_color": "#FFFFFF",
                                        "list_title_shadow_text_shadow_type": "",
                                        "list_title_shadow_text_shadow": {
                                            "horizontal": 0,
                                            "vertical": 0,
                                            "blur": 10,
                                            "color": "rgba(0,0,0,0.3)"
                                        },
                                        "list_sub_title_shadow_text_shadow_type": "",
                                        "list_sub_title_shadow_text_shadow": {
                                            "horizontal": 0,
                                            "vertical": 0,
                                            "blur": 10,
                                            "color": "rgba(0,0,0,0.3)"
                                        },
                                        "list_description_shadow_text_shadow_type": "",
                                        "list_description_shadow_text_shadow": {
                                            "horizontal": 0,
                                            "vertical": 0,
                                            "blur": 10,
                                            "color": "rgba(0,0,0,0.3)"
                                        },
                                        "list_btn_color": "#FFFFFF",
                                        "list_btn_hover_color": "#3C3C3C",
                                        "list_btn_bg_color": "rgba(2, 1, 1, 0)",
                                        "list_btn_hover_bg_color": "#FFFFFF",
                                        "list_btn_border_color": "#FFFFFF",
                                        "list_btn_hover_border_color": ""
                                    }
                                ],
                                "slide_padding": {
                                    "unit": "%",
                                    "top": "10",
                                    "right": "20",
                                    "bottom": "10",
                                    "left": "20",
                                    "isLinked": false
                                },
                                "title_typography_typography": "custom",
                                "title_typography_font_family": "EB Garamond",
                                "title_typography_font_size": {
                                    "unit": "px",
                                    "size": 84,
                                    "sizes": []
                                },
                                "title_typography_font_weight": "400",
                                "title_margin": {
                                    "unit": "px",
                                    "top": "0",
                                    "right": "0",
                                    "bottom": "30",
                                    "left": "0",
                                    "isLinked": false
                                },
                                "subtitle_typography_typography": "custom",
                                "subtitle_typography_font_family": "EB Garamond",
                                "subtitle_typography_font_size": {
                                    "unit": "px",
                                    "size": 42,
                                    "sizes": []
                                },
                                "subtitle_typography_font_weight": "600",
                                "subtitle_margin": {
                                    "unit": "px",
                                    "top": "-20",
                                    "right": "0",
                                    "bottom": "0",
                                    "left": "0",
                                    "isLinked": false
                                },
                                "description_typography_typography": "custom",
                                "description_typography_font_family": "Inconsolata",
                                "description_typography_font_size": {
                                    "unit": "px",
                                    "size": 24,
                                    "sizes": []
                                },
                                "btn_typography_typography": "custom",
                                "btn_typography_font_family": "Inconsolata",
                                "btn_border_border": "solid",
                                "btn_border_width": {
                                    "unit": "px",
                                    "top": "2",
                                    "right": "2",
                                    "bottom": "2",
                                    "left": "2",
                                    "isLinked": true
                                },
                                "btn_margin": {
                                    "unit": "px",
                                    "top": "50",
                                    "right": "0",
                                    "bottom": "20",
                                    "left": "0",
                                    "isLinked": false
                                },
                                "btn_padding": {
                                    "unit": "px",
                                    "top": "10",
                                    "right": "30",
                                    "bottom": "10",
                                    "left": "30",
                                    "isLinked": false
                                },
                                "slide_padding_mobile": {
                                    "unit": "px",
                                    "top": "50",
                                    "right": "20",
                                    "bottom": "50",
                                    "left": "20",
                                    "isLinked": false
                                },
                                "title_typography_font_size_tablet": {
                                    "unit": "px",
                                    "size": 70,
                                    "sizes": []
                                },
                                "title_typography_font_size_mobile": {
                                    "unit": "px",
                                    "size": 54,
                                    "sizes": []
                                },
                                "subtitle_typography_font_size_tablet": {
                                    "unit": "px",
                                    "size": 32,
                                    "sizes": []
                                },
                                "description_typography_font_size_mobile": {
                                    "unit": "px",
                                    "size": 20,
                                    "sizes": []
                                },
                                "description_typography_line_height_mobile": {
                                    "unit": "em",
                                    "size": 1.2,
                                    "sizes": []
                                }
                            },
                            "elements": [],
                            "isInner": false,
                            "widgetType": "stax-el-slider",
                            "elType": "widget"
                        }
                    ],
                    "isInner": false,
                    "elType": "column"
                }
            ],
            "isInner": false,
            "elType": "section"
        },
        {
            "id": "679781c5",
            "settings": {
                "content_width": {
                    "unit": "px",
                    "size": 768,
                    "sizes": []
                },
                "margin": {
                    "unit": "px",
                    "top": "150",
                    "right": 0,
                    "bottom": "150",
                    "left": 0,
                    "isLinked": true
                },
                "margin_tablet": {
                    "unit": "px",
                    "top": "100",
                    "right": 0,
                    "bottom": "100",
                    "left": 0,
                    "isLinked": true
                },
                "padding": {
                    "unit": "%",
                    "top": "0",
                    "right": "3",
                    "bottom": "0",
                    "left": "3",
                    "isLinked": false
                }
            },
            "elements": [
                {
                    "id": "3774b658",
                    "settings": {
                        "_column_size": 100,
                        "_inline_size": null
                    },
                    "elements": [
                        {
                            "id": "3d7ad525",
                            "settings": {
                                "title": "Shipping",
                                "subtitle_show": "",
                                "subtitle": "",
                                "subtitle_tag": "span",
                                "description_section_show": "",
                                "content_align": "left",
                                "title_color": "#3C3C3C",
                                "title_typography_typography": "custom",
                                "title_typography_font_family": "EB Garamond",
                                "title_typography_font_size": {
                                    "unit": "px",
                                    "size": 54,
                                    "sizes": []
                                },
                                "title_typography_font_weight": "400",
                                "subtitle_color": "#3C3C3C",
                                "subtitle_typography_typography": "custom",
                                "subtitle_typography_font_family": "Inconsolata",
                                "subtitle_typography_text_decoration": "underline",
                                "_animation": "fadeIn",
                                "highlighted_title_color": "#FF0061",
                                "show_separator": "",
                                "_margin": {
                                    "unit": "px",
                                    "top": "0",
                                    "right": "0",
                                    "bottom": "20",
                                    "left": "0",
                                    "isLinked": false
                                },
                                "title_typography_font_size_tablet": {
                                    "unit": "px",
                                    "size": 42,
                                    "sizes": []
                                },
                                "title_typography_font_size_mobile": {
                                    "unit": "px",
                                    "size": 32,
                                    "sizes": []
                                },
                                "_margin_tablet": {
                                    "unit": "px",
                                    "top": "0",
                                    "right": "0",
                                    "bottom": "0",
                                    "left": "0",
                                    "isLinked": true
                                }
                            },
                            "elements": [],
                            "isInner": false,
                            "widgetType": "stax-el-heading",
                            "elType": "widget"
                        },
                        {
                            "id": "2e744b4d",
                            "settings": {
                                "tabs": [
                                    {
                                        "tab_title": "When will my item arrive?",
                                        "tab_content": "Quis nostrud exercitation ullamco laboris nisi ut aliquip ex ea commodo consequat. Duis aute irure dolor in reprehenderit in voluptate velit esse cillum dolore eu fugiat nulla pariatur. Excepteur sint occaecat cupidatat non proident, sunt in culpa qui officia deserunt mollit anim id est laborum.",
                                        "_id": "3989d42"
                                    },
                                    {
                                        "tab_title": "Do you offer same-day delivery?",
                                        "tab_content": "<p>Quis nostrud exercitation ullamco laboris nisi ut aliquip ex ea commodo consequat. Duis aute irure dolor in reprehenderit in voluptate velit esse cillum dolore eu fugiat nulla pariatur.<\/p><p>Excepteur sint occaecat cupidatat non proident, sunt in culpa qui officia deserunt mollit anim id est laborum. Commodo viverra maecenas accumsan lacus vel. Vivamus arcu felis bibendum ut. Ipsum a arcu cursus vitae congue mauris rhoncus aenean.<\/p><p>Malesuada pellentesque elit eget gravida cum sociis. Fringilla est ullamcorper eget nulla. Massa tincidunt nunc pulvinar sapien.\u00a0<\/p>",
                                        "_id": "66bdfdd"
                                    }
                                ],
                                "border_width": {
                                    "unit": "px",
                                    "size": 0,
                                    "sizes": []
                                },
                                "title_typography_typography": "custom",
                                "title_typography_font_family": "EB Garamond",
                                "title_typography_font_size": {
                                    "unit": "px",
                                    "size": 24,
                                    "sizes": []
                                },
                                "title_typography_font_weight": "400",
                                "icon_align": "right",
                                "icon_color": "#C8C8C8",
                                "icon_active_color": "#FF0061",
                                "content_color": "#3C3C3C",
                                "content_typography_typography": "custom",
                                "_background_background": "classic",
                                "_border_radius": {
                                    "unit": "px",
                                    "top": "10",
                                    "right": "10",
                                    "bottom": "10",
                                    "left": "10",
                                    "isLinked": true
                                },
                                "_box_shadow_box_shadow": {
                                    "horizontal": 11,
                                    "vertical": 11,
                                    "blur": 55,
                                    "spread": 0,
                                    "color": "rgba(114, 119, 142, 0.15)"
                                },
                                "title_color": "#3C3C3C",
                                "tab_active_color": "#FF0061",
                                "title_padding": {
                                    "unit": "px",
                                    "top": "20",
                                    "right": "0",
                                    "bottom": "20",
                                    "left": "0",
                                    "isLinked": false
                                },
                                "content_typography_font_family": "Inconsolata",
                                "content_padding": {
                                    "unit": "px",
                                    "top": "20",
                                    "right": "0",
                                    "bottom": "20",
                                    "left": "0",
                                    "isLinked": false
                                },
                                "_margin": {
                                    "unit": "px",
                                    "top": "0",
                                    "right": "0",
                                    "bottom": "40",
                                    "left": "0",
                                    "isLinked": false
                                },
                                "_margin_tablet": {
                                    "unit": "px",
                                    "top": "0",
                                    "right": "0",
                                    "bottom": "0",
                                    "left": "0",
                                    "isLinked": true
                                }
                            },
                            "elements": [],
                            "isInner": false,
                            "widgetType": "accordion",
                            "elType": "widget"
                        },
                        {
                            "id": "5fb9afe8",
                            "settings": {
                                "text": "Divider",
                                "color": "#F0F0F0"
                            },
                            "elements": [],
                            "isInner": false,
                            "widgetType": "divider",
                            "elType": "widget"
                        },
                        {
                            "id": "66c4424d",
                            "settings": {
                                "title": "Payment",
                                "subtitle_show": "",
                                "subtitle": "",
                                "subtitle_tag": "span",
                                "description_section_show": "",
                                "content_align": "left",
                                "title_color": "#3C3C3C",
                                "title_typography_typography": "custom",
                                "title_typography_font_family": "EB Garamond",
                                "title_typography_font_size": {
                                    "unit": "px",
                                    "size": 54,
                                    "sizes": []
                                },
                                "title_typography_font_weight": "400",
                                "subtitle_color": "#3C3C3C",
                                "subtitle_typography_typography": "custom",
                                "subtitle_typography_font_family": "Inconsolata",
                                "subtitle_typography_text_decoration": "underline",
                                "_animation": "fadeIn",
                                "highlighted_title_color": "#FF0061",
                                "show_separator": "",
                                "_margin": {
                                    "unit": "px",
                                    "top": "50",
                                    "right": "0",
                                    "bottom": "20",
                                    "left": "0",
                                    "isLinked": false
                                },
                                "title_typography_font_size_tablet": {
                                    "unit": "px",
                                    "size": 42,
                                    "sizes": []
                                },
                                "title_typography_font_size_mobile": {
                                    "unit": "px",
                                    "size": 32,
                                    "sizes": []
                                },
                                "_margin_tablet": {
                                    "unit": "px",
                                    "top": "20",
                                    "right": "0",
                                    "bottom": "0",
                                    "left": "0",
                                    "isLinked": false
                                }
                            },
                            "elements": [],
                            "isInner": false,
                            "widgetType": "stax-el-heading",
                            "elType": "widget"
                        },
                        {
                            "id": "2d8b952d",
                            "settings": {
                                "tabs": [
                                    {
                                        "tab_title": "Which payment methods can I use?",
                                        "tab_content": "<p>Lorem ipsum dolor sit amet, consectetur adipiscing elit. Ut elit tellus, luctus nec ullamcorper mattis, pulvinar dapibus leo.<\/p><p>Tortor condimentum lacinia quis vel eros donec ac odio. Odio ut enim blandit volutpat maecenas. Fermentum leo vel orci porta non. Ullamcorper a lacus vestibulum sed. Ut diam quam nulla porttitor massa id. Nibh sed pulvinar proin gravida hendrerit lectus a. At varius vel pharetra vel turpis. Nibh mauris cursus mattis molestie a iaculis. Elementum eu facilisis sed odio morbi quis. Habitasse platea dictumst vestibulum rhoncus est pellentesque elit ullamcorper. Aenean et tortor at risus viverra adipiscing at in tellus.<\/p>",
                                        "_id": "3a17771"
                                    },
                                    {
                                        "tab_title": "Can I purchase gift vouchers?",
                                        "tab_content": "<p>Lacus luctus accumsan tortor posuere ac ut consequat. Sagittis id consectetur purus ut faucibus pulvinar elementum. Tincidunt tortor aliquam nulla facilisi.<\/p><p>Lorem ipsum dolor sit amet, consectetur adipiscing elit. Ut elit tellus, luctus nec ullamcorper mattis, pulvinar dapibus leo.<\/p>",
                                        "_id": "3e81ff0"
                                    }
                                ],
                                "selected_icon": {
                                    "value": "fas fa-plus",
                                    "library": "fa-solid"
                                },
                                "selected_active_icon": {
                                    "value": "fas fa-minus",
                                    "library": "fa-solid"
                                },
                                "border_width": {
                                    "unit": "px",
                                    "size": 0,
                                    "sizes": []
                                },
                                "title_color": "#3C3C3C",
                                "tab_active_color": "#FF0061",
                                "title_typography_typography": "custom",
                                "title_typography_font_family": "EB Garamond",
                                "title_typography_font_size": {
                                    "unit": "px",
                                    "size": 24,
                                    "sizes": []
                                },
                                "title_typography_font_weight": "400",
                                "title_padding": {
                                    "unit": "px",
                                    "top": "20",
                                    "right": "0",
                                    "bottom": "20",
                                    "left": "0",
                                    "isLinked": false
                                },
                                "icon_align": "right",
                                "icon_color": "#C8C8C8",
                                "icon_active_color": "#FF0061",
                                "content_color": "#3C3C3C",
                                "content_typography_typography": "custom",
                                "content_typography_font_family": "Inconsolata",
                                "content_padding": {
                                    "unit": "px",
                                    "top": "20",
                                    "right": "0",
                                    "bottom": "20",
                                    "left": "0",
                                    "isLinked": false
                                },
                                "_background_background": "classic",
                                "_border_radius": {
                                    "unit": "px",
                                    "top": "10",
                                    "right": "10",
                                    "bottom": "10",
                                    "left": "10",
                                    "isLinked": true
                                },
                                "_box_shadow_box_shadow": {
                                    "horizontal": 11,
                                    "vertical": 11,
                                    "blur": 55,
                                    "spread": 0,
                                    "color": "rgba(114, 119, 142, 0.15)"
                                },
                                "_margin": {
                                    "unit": "px",
                                    "top": "0",
                                    "right": "0",
                                    "bottom": "40",
                                    "left": "0",
                                    "isLinked": false
                                },
                                "_margin_tablet": {
                                    "unit": "px",
                                    "top": "0",
                                    "right": "0",
                                    "bottom": "0",
                                    "left": "0",
                                    "isLinked": true
                                }
                            },
                            "elements": [],
                            "isInner": false,
                            "widgetType": "toggle",
                            "elType": "widget"
                        },
                        {
                            "id": "118297ff",
                            "settings": {
                                "text": "Divider",
                                "color": "#F0F0F0"
                            },
                            "elements": [],
                            "isInner": false,
                            "widgetType": "divider",
                            "elType": "widget"
                        },
                        {
                            "id": "4dabcd95",
                            "settings": {
                                "title": "Returns & Refunds",
                                "subtitle_show": "",
                                "subtitle": "",
                                "subtitle_tag": "span",
                                "description_section_show": "",
                                "content_align": "left",
                                "title_color": "#3C3C3C",
                                "title_typography_typography": "custom",
                                "title_typography_font_family": "EB Garamond",
                                "title_typography_font_size": {
                                    "unit": "px",
                                    "size": 54,
                                    "sizes": []
                                },
                                "title_typography_font_weight": "400",
                                "subtitle_color": "#3C3C3C",
                                "subtitle_typography_typography": "custom",
                                "subtitle_typography_font_family": "Inconsolata",
                                "subtitle_typography_text_decoration": "underline",
                                "_animation": "fadeIn",
                                "highlighted_title_color": "#FF0061",
                                "show_separator": "",
                                "_margin": {
                                    "unit": "px",
                                    "top": "50",
                                    "right": "0",
                                    "bottom": "20",
                                    "left": "0",
                                    "isLinked": false
                                },
                                "title_typography_font_size_tablet": {
                                    "unit": "px",
                                    "size": 42,
                                    "sizes": []
                                },
                                "title_typography_font_size_mobile": {
                                    "unit": "px",
                                    "size": 32,
                                    "sizes": []
                                },
                                "_margin_tablet": {
                                    "unit": "px",
                                    "top": "20",
                                    "right": "0",
                                    "bottom": "0",
                                    "left": "0",
                                    "isLinked": false
                                }
                            },
                            "elements": [],
                            "isInner": false,
                            "widgetType": "stax-el-heading",
                            "elType": "widget"
                        },
                        {
                            "id": "66c29fe5",
                            "settings": {
                                "tabs": [
                                    {
                                        "tab_title": "Which payment methods can I use?",
                                        "tab_content": "<p>Lorem ipsum dolor sit amet, consectetur adipiscing elit. Ut elit tellus, luctus nec ullamcorper mattis, pulvinar dapibus leo.<\/p><p>Lacus luctus accumsan tortor posuere ac ut consequat. Sagittis id consectetur purus ut faucibus pulvinar elementum. Tincidunt tortor aliquam nulla facilisi.<\/p>",
                                        "_id": "3a17771"
                                    },
                                    {
                                        "tab_title": "How do I package an item for return?",
                                        "tab_content": "<p>Sagittis id consectetur purus ut faucibus pulvinar elementum. Tincidunt tortor aliquam nulla facilisi.<\/p><p>Lorem ipsum dolor sit amet, consectetur adipiscing elit. Ut elit tellus, luctus nec ullamcorper mattis, pulvinar dapibus leo.<\/p>",
                                        "_id": "3e81ff0"
                                    }
                                ],
                                "selected_icon": {
                                    "value": "fas fa-plus",
                                    "library": "fa-solid"
                                },
                                "selected_active_icon": {
                                    "value": "fas fa-minus",
                                    "library": "fa-solid"
                                },
                                "border_width": {
                                    "unit": "px",
                                    "size": 0,
                                    "sizes": []
                                },
                                "title_color": "#3C3C3C",
                                "tab_active_color": "#FF0061",
                                "title_typography_typography": "custom",
                                "title_typography_font_family": "EB Garamond",
                                "title_typography_font_size": {
                                    "unit": "px",
                                    "size": 24,
                                    "sizes": []
                                },
                                "title_typography_font_weight": "400",
                                "title_padding": {
                                    "unit": "px",
                                    "top": "20",
                                    "right": "0",
                                    "bottom": "20",
                                    "left": "0",
                                    "isLinked": false
                                },
                                "icon_align": "right",
                                "icon_color": "#C8C8C8",
                                "icon_active_color": "#FF0061",
                                "content_color": "#3C3C3C",
                                "content_typography_typography": "custom",
                                "content_typography_font_family": "Inconsolata",
                                "content_padding": {
                                    "unit": "px",
                                    "top": "20",
                                    "right": "0",
                                    "bottom": "20",
                                    "left": "0",
                                    "isLinked": false
                                },
                                "_background_background": "classic",
                                "_border_radius": {
                                    "unit": "px",
                                    "top": "10",
                                    "right": "10",
                                    "bottom": "10",
                                    "left": "10",
                                    "isLinked": true
                                },
                                "_box_shadow_box_shadow": {
                                    "horizontal": 11,
                                    "vertical": 11,
                                    "blur": 55,
                                    "spread": 0,
                                    "color": "rgba(114, 119, 142, 0.15)"
                                },
                                "_margin": {
                                    "unit": "px",
                                    "top": "0",
                                    "right": "0",
                                    "bottom": "40",
                                    "left": "0",
                                    "isLinked": false
                                },
                                "_margin_tablet": {
                                    "unit": "px",
                                    "top": "0",
                                    "right": "0",
                                    "bottom": "0",
                                    "left": "0",
                                    "isLinked": true
                                }
                            },
                            "elements": [],
                            "isInner": false,
                            "widgetType": "toggle",
                            "elType": "widget"
                        },
                        {
                            "id": "5fdbc68b",
                            "settings": {
                                "text": "Divider",
                                "color": "#F0F0F0"
                            },
                            "elements": [],
                            "isInner": false,
                            "widgetType": "divider",
                            "elType": "widget"
                        }
                    ],
                    "isInner": false,
                    "elType": "column"
                }
            ],
            "isInner": false,
            "elType": "section"
        },
        {
            "id": "fb00db2",
            "settings": {
                "custom_height": {
                    "unit": "vh",
                    "size": 60,
                    "sizes": []
                },
                "column_position": "stretch",
                "background_background": "classic",
                "margin": {
                    "unit": "px",
                    "top": "150",
                    "right": 0,
                    "bottom": "0",
                    "left": 0,
                    "isLinked": false
                },
                "padding": {
                    "unit": "%",
                    "top": "0",
                    "right": "3",
                    "bottom": "0",
                    "left": "3",
                    "isLinked": false
                },
                "content_width": {
                    "unit": "px",
                    "size": 768,
                    "sizes": []
                },
                "background_image": {
                    "url": "https:\/\/kits.seventhqueen.com\/elementor-luxury-shop\/wp-content\/uploads\/sites\/3\/2020\/04\/dots-bg-grey.png",
                    "id": 3618
                },
                "background_position": "initial",
                "background_xpos": {
                    "unit": "px",
                    "size": 297,
                    "sizes": []
                },
                "background_ypos": {
                    "unit": "px",
                    "size": -174,
                    "sizes": []
                },
                "background_repeat": "no-repeat",
                "background_bg_width": {
                    "unit": "px",
                    "size": 300,
                    "sizes": []
                },
                "background_size": "initial",
                "z_index": 1,
                "margin_tablet": {
                    "unit": "px",
                    "top": "100",
                    "right": 0,
                    "bottom": "0",
                    "left": 0,
                    "isLinked": false
                }
            },
            "elements": [
                {
                    "id": "62b0a2f0",
                    "settings": {
                        "_column_size": 100,
                        "_inline_size": null,
                        "align": "center"
                    },
                    "elements": [
                        {
                            "id": "17a22b15",
                            "settings": {
                                "title": "Testimonials",
                                "header_size": "p",
                                "title_color": "#3C3C3C",
                                "typography_typography": "custom",
                                "typography_font_family": "Inconsolata",
                                "align": "center",
                                "_animation": "fadeInUp",
                                "typography_font_size": {
                                    "unit": "px",
                                    "size": 14,
                                    "sizes": []
                                },
                                "typography_text_transform": "uppercase",
                                "typography_letter_spacing": {
                                    "unit": "px",
                                    "size": 1,
                                    "sizes": []
                                },
                                "_margin": {
                                    "unit": "px",
                                    "top": "0",
                                    "right": "0",
                                    "bottom": "5",
                                    "left": "0",
                                    "isLinked": false
                                }
                            },
                            "elements": [],
                            "isInner": false,
                            "widgetType": "heading",
                            "elType": "widget"
                        },
                        {
                            "id": "1b0528f3",
                            "settings": {
                                "title": "What Our Customers Are Saying",
                                "title_color": "#3C3C3C",
                                "typography_typography": "custom",
                                "typography_font_family": "EB Garamond",
                                "typography_font_size": {
                                    "unit": "px",
                                    "size": 54,
                                    "sizes": []
                                },
                                "typography_font_weight": "400",
                                "align": "center",
                                "_animation": "fadeIn",
                                "typography_font_size_mobile": {
                                    "unit": "px",
                                    "size": 32,
                                    "sizes": []
                                },
                                "typography_font_size_tablet": {
                                    "unit": "px",
                                    "size": 42,
                                    "sizes": []
                                }
                            },
                            "elements": [],
                            "isInner": false,
                            "widgetType": "heading",
                            "elType": "widget"
                        },
                        {
                            "id": "5794a7ab",
                            "settings": {
                                "width": {
                                    "unit": "px",
                                    "size": 30,
                                    "sizes": []
                                },
                                "align": "center",
                                "text": "Divider",
                                "color": "#C8C8C8",
                                "angle": {
                                    "unit": "px",
                                    "size": 90,
                                    "sizes": []
                                },
                                "_element_width": "auto",
                                "width_mobile": {
                                    "unit": "px",
                                    "size": 30,
                                    "sizes": []
                                }
                            },
                            "elements": [],
                            "isInner": false,
                            "widgetType": "divider",
                            "elType": "widget"
                        }
                    ],
                    "isInner": false,
                    "elType": "column"
                }
            ],
            "isInner": false,
            "elType": "section"
        },
        {
            "id": "45c6546d",
            "settings": {
                "content_width": {
                    "unit": "px",
                    "size": 900,
                    "sizes": []
                },
                "structure": "20",
                "margin": {
                    "unit": "px",
                    "top": "0",
                    "right": 0,
                    "bottom": "150",
                    "left": 0,
                    "isLinked": false
                },
                "margin_tablet": {
                    "unit": "px",
                    "top": "0",
                    "right": 0,
                    "bottom": "100",
                    "left": 0,
                    "isLinked": false
                },
                "padding": {
                    "unit": "%",
                    "top": "0",
                    "right": "3",
                    "bottom": "0",
                    "left": "3",
                    "isLinked": false
                }
            },
            "elements": [
                {
                    "id": "3996508e",
                    "settings": {
                        "_column_size": 50,
                        "_inline_size": 50,
                        "padding": {
                            "unit": "px",
                            "top": "10",
                            "right": "30",
                            "bottom": "10",
                            "left": "10",
                            "isLinked": false
                        },
                        "padding_mobile": {
                            "unit": "px",
                            "top": "10",
                            "right": "10",
                            "bottom": "10",
                            "left": "10",
                            "isLinked": true
                        }
                    },
                    "elements": [
                        {
                            "id": "731046ea",
                            "settings": {
                                "title": "The best kind of fashion comes with joy",
                                "title_color": "#3C3C3C",
                                "typography_typography": "custom",
                                "typography_font_family": "EB Garamond",
                                "typography_font_size": {
                                    "unit": "px",
                                    "size": 32,
                                    "sizes": []
                                },
                                "typography_font_weight": "400",
                                "_animation": "fadeIn",
                                "typography_line_height": {
                                    "unit": "em",
                                    "size": 1.2,
                                    "sizes": []
                                },
                                "typography_font_size_mobile": {
                                    "unit": "px",
                                    "size": 24,
                                    "sizes": []
                                }
                            },
                            "elements": [],
                            "isInner": false,
                            "widgetType": "heading",
                            "elType": "widget"
                        },
                        {
                            "id": "a355ca7",
                            "settings": {
                                "text_color": "#3C3C3C",
                                "typography_typography": "custom",
                                "typography_font_family": "Inconsolata"
                            },
                            "elements": [],
                            "isInner": false,
                            "widgetType": "text-editor",
                            "elType": "widget"
                        },
                        {
                            "id": "5615042",
                            "settings": {
                                "layout": "full_width",
                                "gap": "no",
                                "content_position": "middle"
                            },
                            "elements": [
                                {
                                    "id": "752c5f96",
                                    "settings": {
                                        "_column_size": 100,
                                        "_inline_size": null,
                                        "_inline_size_mobile": 75
                                    },
                                    "elements": [
                                        {
                                            "id": "5c0b1630",
                                            "settings": {
                                                "image": {
                                                    "url": "https:\/\/kits.seventhqueen.com\/elementor-luxury-shop\/wp-content\/uploads\/sites\/3\/2020\/02\/portrait-of-smiling-young-woman-6H5U2GA.jpg",
                                                    "id": 3984
                                                },
                                                "image_size": "custom",
                                                "image_custom_dimension": {
                                                    "width": "150",
                                                    "height": "150"
                                                },
                                                "width": {
                                                    "unit": "px",
                                                    "size": "",
                                                    "sizes": []
                                                },
                                                "image_border_radius": {
                                                    "unit": "%",
                                                    "top": "50",
                                                    "right": "50",
                                                    "bottom": "50",
                                                    "left": "50",
                                                    "isLinked": true
                                                },
                                                "space": {
                                                    "unit": "px",
                                                    "size": 60,
                                                    "sizes": []
                                                },
                                                "align": "left",
                                                "_margin": {
                                                    "unit": "px",
                                                    "top": "0",
                                                    "right": "20",
                                                    "bottom": "0",
                                                    "left": "0",
                                                    "isLinked": false
                                                },
                                                "_element_width": "auto"
                                            },
                                            "elements": [],
                                            "isInner": false,
                                            "widgetType": "image",
                                            "elType": "widget"
                                        },
                                        {
                                            "id": "5fdcba9d",
                                            "settings": {
                                                "title": "Samantha William",
                                                "subtitle": "Valued Client",
                                                "title_color": "#3C3C3C",
                                                "title_typography_typography": "custom",
                                                "title_typography_font_family": "EB Garamond",
                                                "title_typography_font_size": {
                                                    "unit": "px",
                                                    "size": 18,
                                                    "sizes": []
                                                },
                                                "subtitle_color": "#979797",
                                                "subtitle_typography_typography": "custom",
                                                "subtitle_typography_font_family": "EB Garamond",
                                                "subtitle_typography_font_size": {
                                                    "unit": "px",
                                                    "size": 18,
                                                    "sizes": []
                                                },
                                                "subtitle_margin": {
                                                    "unit": "px",
                                                    "top": "5",
                                                    "right": "0",
                                                    "bottom": "0",
                                                    "left": "0",
                                                    "isLinked": false
                                                },
                                                "description_section_show": "",
                                                "show_separator": "",
                                                "_element_width": "auto"
                                            },
                                            "elements": [],
                                            "isInner": false,
                                            "widgetType": "stax-el-heading",
                                            "elType": "widget"
                                        }
                                    ],
                                    "isInner": true,
                                    "elType": "column"
                                }
                            ],
                            "isInner": true,
                            "elType": "section"
                        }
                    ],
                    "isInner": false,
                    "elType": "column"
                },
                {
                    "id": "6a511421",
                    "settings": {
                        "_column_size": 50,
                        "_inline_size": 50,
                        "padding": {
                            "unit": "px",
                            "top": "10",
                            "right": "10",
                            "bottom": "10",
                            "left": "30",
                            "isLinked": false
                        },
                        "padding_mobile": {
                            "unit": "px",
                            "top": "50",
                            "right": "10",
                            "bottom": "10",
                            "left": "10",
                            "isLinked": false
                        }
                    },
                    "elements": [
                        {
                            "id": "1f534047",
                            "settings": {
                                "title": "Discover the best way to express yourself",
                                "title_color": "#3C3C3C",
                                "typography_typography": "custom",
                                "typography_font_family": "EB Garamond",
                                "typography_font_size": {
                                    "unit": "px",
                                    "size": 32,
                                    "sizes": []
                                },
                                "typography_font_weight": "400",
                                "_animation": "fadeIn",
                                "typography_line_height": {
                                    "unit": "em",
                                    "size": 1.2,
                                    "sizes": []
                                },
                                "typography_font_size_mobile": {
                                    "unit": "px",
                                    "size": 24,
                                    "sizes": []
                                }
                            },
                            "elements": [],
                            "isInner": false,
                            "widgetType": "heading",
                            "elType": "widget"
                        },
                        {
                            "id": "31d633a",
                            "settings": {
                                "editor": "<p>Sit amet justo donec enim. Quam nulla porttitor massa id neque aliquam. Adipiscing commodo elit at imperdiet dui accumsan sit amet nulla. Nibh tellus molestie nunc non blandit massa enim nec.<\/p>",
                                "text_color": "#3C3C3C",
                                "typography_typography": "custom",
                                "typography_font_family": "Inconsolata"
                            },
                            "elements": [],
                            "isInner": false,
                            "widgetType": "text-editor",
                            "elType": "widget"
                        },
                        {
                            "id": "281dad4c",
                            "settings": {
                                "layout": "full_width",
                                "gap": "no",
                                "content_position": "middle"
                            },
                            "elements": [
                                {
                                    "id": "ee5be3c",
                                    "settings": {
                                        "_column_size": 100,
                                        "_inline_size": null,
                                        "_inline_size_mobile": 75
                                    },
                                    "elements": [
                                        {
                                            "id": "1c067782",
                                            "settings": {
                                                "image": {
                                                    "url": "https:\/\/kits.seventhqueen.com\/elementor-luxury-shop\/wp-content\/uploads\/sites\/3\/2020\/02\/portrait-of-happy-young-businessman-posing-at-came-3MRXVKU.jpg",
                                                    "id": 3986
                                                },
                                                "image_size": "custom",
                                                "image_custom_dimension": {
                                                    "width": "150",
                                                    "height": "150"
                                                },
                                                "width": {
                                                    "unit": "px",
                                                    "size": "",
                                                    "sizes": []
                                                },
                                                "image_border_radius": {
                                                    "unit": "%",
                                                    "top": "50",
                                                    "right": "50",
                                                    "bottom": "50",
                                                    "left": "50",
                                                    "isLinked": true
                                                },
                                                "space": {
                                                    "unit": "px",
                                                    "size": 60,
                                                    "sizes": []
                                                },
                                                "align": "left",
                                                "_margin": {
                                                    "unit": "px",
                                                    "top": "0",
                                                    "right": "20",
                                                    "bottom": "0",
                                                    "left": "0",
                                                    "isLinked": false
                                                },
                                                "_element_width": "auto"
                                            },
                                            "elements": [],
                                            "isInner": false,
                                            "widgetType": "image",
                                            "elType": "widget"
                                        },
                                        {
                                            "id": "1db120b4",
                                            "settings": {
                                                "title": "Jonathan Hope",
                                                "subtitle": "Valued Client",
                                                "title_color": "#3C3C3C",
                                                "title_typography_typography": "custom",
                                                "title_typography_font_family": "EB Garamond",
                                                "title_typography_font_size": {
                                                    "unit": "px",
                                                    "size": 18,
                                                    "sizes": []
                                                },
                                                "subtitle_color": "#979797",
                                                "subtitle_typography_typography": "custom",
                                                "subtitle_typography_font_family": "EB Garamond",
                                                "subtitle_typography_font_size": {
                                                    "unit": "px",
                                                    "size": 18,
                                                    "sizes": []
                                                },
                                                "subtitle_margin": {
                                                    "unit": "px",
                                                    "top": "5",
                                                    "right": "0",
                                                    "bottom": "0",
                                                    "left": "0",
                                                    "isLinked": false
                                                },
                                                "description_section_show": "",
                                                "show_separator": "",
                                                "_element_width": "auto"
                                            },
                                            "elements": [],
                                            "isInner": false,
                                            "widgetType": "stax-el-heading",
                                            "elType": "widget"
                                        }
                                    ],
                                    "isInner": true,
                                    "elType": "column"
                                }
                            ],
                            "isInner": true,
                            "elType": "section"
                        }
                    ],
                    "isInner": false,
                    "elType": "column"
                }
            ],
            "isInner": false,
            "elType": "section"
        }
    ]
}