{
    "version": "0.4",
    "title": "Footer",
    "type": "footer",
    "metadata": {
        "template_type": "section-footer",
        "include_in_zip": "1",
        "elementor_pro_required": "1",
        "elementor_library_type": "footer",
        "elementor_pro_conditions": [
            "include\/general"
        ],
        "additional_template_information": [
            "This is a \"Footer\" template for Elementor Pro.",
            "This template will display on: Entire Site."
        ],
        "wp_page_template": "default"
    },
    "content": [
        {
            "id": "63b95c55",
            "settings": {
                "content_width": {
                    "unit": "px",
                    "size": 1400,
                    "sizes": []
                },
                "structure": "50",
                "margin": {
                    "unit": "px",
                    "top": "0",
                    "right": 0,
                    "bottom": "50",
                    "left": 0,
                    "isLinked": false
                },
                "padding": {
                    "unit": "%",
                    "top": "0",
                    "right": "3",
                    "bottom": "0",
                    "left": "3",
                    "isLinked": false
                }
            },
            "elements": [
                {
                    "id": "641076b3",
                    "settings": {
                        "_column_size": 20,
                        "_inline_size": null,
                        "background_color": "#FFFFFF",
                        "border_radius": {
                            "unit": "px",
                            "top": "0",
                            "right": "0",
                            "bottom": "0",
                            "left": "0",
                            "isLinked": "1"
                        },
                        "margin": {
                            "unit": "px",
                            "top": "44",
                            "right": "0",
                            "bottom": "0",
                            "left": "0",
                            "isLinked": false
                        },
                        "_inline_size_tablet": 100,
                        "margin_tablet": {
                            "unit": "px",
                            "top": "0",
                            "right": "0",
                            "bottom": "0",
                            "left": "0",
                            "isLinked": true
                        },
                        "_inline_size_mobile": 100
                    },
                    "elements": [
                        {
                            "id": "2a326726",
                            "settings": {
                                "text": "Shoppix",
                                "typography_typography": "custom",
                                "typography_font_size": {
                                    "unit": "px",
                                    "size": 34,
                                    "sizes": []
                                },
                                "button_text_color": "#3C3C3C",
                                "background_color": "rgba(255, 255, 255, 0)",
                                "border_radius": {
                                    "unit": "px",
                                    "top": "0",
                                    "right": "0",
                                    "bottom": "0",
                                    "left": "0",
                                    "isLinked": "1"
                                },
                                "button_box_shadow_box_shadow": {
                                    "horizontal": "0",
                                    "vertical": "0",
                                    "blur": "30",
                                    "spread": "0",
                                    "color": "rgba(0,0,0,0.3)"
                                },
                                "text_padding": {
                                    "unit": "px",
                                    "top": "0",
                                    "right": "0",
                                    "bottom": "0",
                                    "left": "0",
                                    "isLinked": ""
                                },
                                "__dynamic__": [],
                                "hover_color": "#304659",
                                "button_background_hover_color": "#FFFFFF",
                                "typography_font_family": "EB Garamond",
                                "typography_font_weight": "400",
                                "_margin": {
                                    "unit": "px",
                                    "top": "0",
                                    "right": "0",
                                    "bottom": "4",
                                    "left": "0",
                                    "isLinked": false
                                },
                                "align_tablet": "center"
                            },
                            "elements": [],
                            "isInner": false,
                            "widgetType": "button",
                            "elType": "widget"
                        },
                        {
                            "id": "2681a990",
                            "settings": {
                                "editor": "Sed sed risus pretium quam vulputate dignissim suspendisse in est. Semper eget duis at tellus.",
                                "text_color": "#3C3C3C",
                                "typography_typography": "custom",
                                "typography_font_family": "Inconsolata",
                                "align_tablet": "center"
                            },
                            "elements": [],
                            "isInner": false,
                            "widgetType": "text-editor",
                            "elType": "widget"
                        },
                        {
                            "id": "53a18ce0",
                            "settings": {
                                "show_offset": {
                                    "unit": "px",
                                    "size": 400,
                                    "sizes": []
                                },
                                "size": "md",
                                "button_text_color": "#3C3C3C",
                                "background_color": "#F6F4F6",
                                "button_box_shadow_box_shadow_type": "yes",
                                "button_box_shadow_box_shadow": {
                                    "horizontal": 0,
                                    "vertical": 0,
                                    "blur": 0,
                                    "spread": 2,
                                    "color": "#FFFFFF"
                                },
                                "hover_color": "#FFFFFF",
                                "button_background_hover_color": "#3C3C3C",
                                "button_hover_box_shadow_box_shadow_type": "yes",
                                "button_hover_box_shadow_box_shadow": {
                                    "horizontal": 0,
                                    "vertical": 0,
                                    "blur": 0,
                                    "spread": 2,
                                    "color": "#3C3C3C"
                                },
                                "border_radius": {
                                    "unit": "%",
                                    "top": "50",
                                    "right": "50",
                                    "bottom": "50",
                                    "left": "50",
                                    "isLinked": true
                                },
                                "text_padding": {
                                    "unit": "px",
                                    "top": "17",
                                    "right": "20",
                                    "bottom": "17",
                                    "left": "20",
                                    "isLinked": false
                                },
                                "_element_width": "auto",
                                "_position": "fixed",
                                "_offset_orientation_h": "end",
                                "_offset_x_end": {
                                    "unit": "px",
                                    "size": 100,
                                    "sizes": []
                                },
                                "_offset_orientation_v": "end",
                                "_offset_y_end": {
                                    "unit": "px",
                                    "size": 60,
                                    "sizes": []
                                },
                                "hide_tablet": "hidden-tablet",
                                "hide_mobile": "hidden-phone"
                            },
                            "elements": [],
                            "isInner": false,
                            "widgetType": "stax-el-scroll-top",
                            "elType": "widget"
                        }
                    ],
                    "isInner": false,
                    "elType": "column"
                },
                {
                    "id": "68cbeecf",
                    "settings": {
                        "_column_size": 20,
                        "_inline_size": null,
                        "background_color": "#FFFFFF",
                        "border_radius": {
                            "unit": "px",
                            "top": "0",
                            "right": "0",
                            "bottom": "0",
                            "left": "0",
                            "isLinked": "1"
                        },
                        "margin": {
                            "unit": "px",
                            "top": "50",
                            "right": "0",
                            "bottom": "0",
                            "left": "0",
                            "isLinked": false
                        },
                        "_inline_size_tablet": 25,
                        "margin_mobile": {
                            "unit": "px",
                            "top": "20",
                            "right": "0",
                            "bottom": "0",
                            "left": "0",
                            "isLinked": false
                        },
                        "_inline_size_mobile": 50
                    },
                    "elements": [
                        {
                            "id": "59c6d1ed",
                            "settings": {
                                "title": "Products",
                                "title_color": "#3C3C3C",
                                "typography_typography": "custom",
                                "typography_font_family": "EB Garamond",
                                "typography_font_size": {
                                    "unit": "px",
                                    "size": 24,
                                    "sizes": []
                                },
                                "_margin": {
                                    "unit": "px",
                                    "top": "05",
                                    "right": "0",
                                    "bottom": "0",
                                    "left": "0",
                                    "isLinked": false
                                },
                                "typography_font_weight": "400"
                            },
                            "elements": [],
                            "isInner": false,
                            "widgetType": "heading",
                            "elType": "widget"
                        },
                        {
                            "id": "6bd7effe",
                            "settings": {
                                "layout": "vertical",
                                "pointer": "none",
                                "toggle": "",
                                "menu_typography_typography": "custom",
                                "menu_typography_font_family": "Inconsolata",
                                "color_menu_item": "#3C3C3C",
                                "padding_horizontal_menu_item": {
                                    "unit": "px",
                                    "size": 0,
                                    "sizes": []
                                },
                                "padding_vertical_menu_item": {
                                    "unit": "px",
                                    "size": 5,
                                    "sizes": []
                                },
                                "color_menu_item_hover": "#979797",
                                "dropdown": "none",
                                "menu_typography_font_weight": "normal"
                            },
                            "elements": [],
                            "isInner": false,
                            "widgetType": "nav-menu",
                            "elType": "widget"
                        }
                    ],
                    "isInner": false,
                    "elType": "column"
                },
                {
                    "id": "29e46e59",
                    "settings": {
                        "_column_size": 20,
                        "_inline_size": null,
                        "background_color": "#FFFFFF",
                        "border_radius": {
                            "unit": "px",
                            "top": "0",
                            "right": "0",
                            "bottom": "0",
                            "left": "0",
                            "isLinked": "1"
                        },
                        "margin": {
                            "unit": "px",
                            "top": "50",
                            "right": "0",
                            "bottom": "0",
                            "left": "0",
                            "isLinked": false
                        },
                        "_inline_size_tablet": 25,
                        "margin_mobile": {
                            "unit": "px",
                            "top": "20",
                            "right": "0",
                            "bottom": "0",
                            "left": "0",
                            "isLinked": false
                        },
                        "_inline_size_mobile": 50
                    },
                    "elements": [
                        {
                            "id": "71cb9937",
                            "settings": {
                                "title": "Company",
                                "title_color": "#3C3C3C",
                                "typography_typography": "custom",
                                "typography_font_family": "EB Garamond",
                                "typography_font_size": {
                                    "unit": "px",
                                    "size": 24,
                                    "sizes": []
                                },
                                "_margin": {
                                    "unit": "px",
                                    "top": "05",
                                    "right": "0",
                                    "bottom": "0",
                                    "left": "0",
                                    "isLinked": false
                                },
                                "typography_font_weight": "400"
                            },
                            "elements": [],
                            "isInner": false,
                            "widgetType": "heading",
                            "elType": "widget"
                        },
                        {
                            "id": "4b7de9b3",
                            "settings": {
                                "layout": "vertical",
                                "pointer": "none",
                                "toggle": "",
                                "menu_typography_typography": "custom",
                                "menu_typography_font_family": "Inconsolata",
                                "color_menu_item": "#3C3C3C",
                                "padding_horizontal_menu_item": {
                                    "unit": "px",
                                    "size": 0,
                                    "sizes": []
                                },
                                "padding_vertical_menu_item": {
                                    "unit": "px",
                                    "size": 5,
                                    "sizes": []
                                },
                                "color_menu_item_hover": "#979797",
                                "dropdown": "none",
                                "menu_typography_font_weight": "normal"
                            },
                            "elements": [],
                            "isInner": false,
                            "widgetType": "nav-menu",
                            "elType": "widget"
                        }
                    ],
                    "isInner": false,
                    "elType": "column"
                },
                {
                    "id": "4a8789b6",
                    "settings": {
                        "_column_size": 20,
                        "_inline_size": null,
                        "background_color": "#FFFFFF",
                        "border_radius": {
                            "unit": "px",
                            "top": "0",
                            "right": "0",
                            "bottom": "0",
                            "left": "0",
                            "isLinked": "1"
                        },
                        "margin": {
                            "unit": "px",
                            "top": "50",
                            "right": "0",
                            "bottom": "0",
                            "left": "0",
                            "isLinked": false
                        },
                        "_inline_size_tablet": 25,
                        "margin_mobile": {
                            "unit": "px",
                            "top": "20",
                            "right": "0",
                            "bottom": "0",
                            "left": "0",
                            "isLinked": false
                        },
                        "_inline_size_mobile": 100
                    },
                    "elements": [
                        {
                            "id": "3a9ec95",
                            "settings": {
                                "title": "Contact Us",
                                "title_color": "#3C3C3C",
                                "typography_typography": "custom",
                                "typography_font_family": "EB Garamond",
                                "typography_font_size": {
                                    "unit": "px",
                                    "size": 24,
                                    "sizes": []
                                },
                                "_margin": {
                                    "unit": "px",
                                    "top": "05",
                                    "right": "0",
                                    "bottom": "0",
                                    "left": "0",
                                    "isLinked": false
                                },
                                "typography_font_weight": "400",
                                "align_mobile": "center"
                            },
                            "elements": [],
                            "isInner": false,
                            "widgetType": "heading",
                            "elType": "widget"
                        },
                        {
                            "id": "37fbee46",
                            "settings": {
                                "editor": "1408 Blocks Valley, Sydney,\nNSW 2060,\u00a0Australia\n\n(+61) 555-1408\ninfo@shoppix.com",
                                "text_color": "#3C3C3C",
                                "typography_typography": "custom",
                                "typography_font_family": "Inconsolata",
                                "align_mobile": "center"
                            },
                            "elements": [],
                            "isInner": false,
                            "widgetType": "text-editor",
                            "elType": "widget"
                        }
                    ],
                    "isInner": false,
                    "elType": "column"
                },
                {
                    "id": "f32b47c",
                    "settings": {
                        "_column_size": 20,
                        "_inline_size": null,
                        "background_color": "#FFFFFF",
                        "border_radius": {
                            "unit": "px",
                            "top": "0",
                            "right": "0",
                            "bottom": "0",
                            "left": "0",
                            "isLinked": "1"
                        },
                        "margin": {
                            "unit": "px",
                            "top": "50",
                            "right": "0",
                            "bottom": "0",
                            "left": "0",
                            "isLinked": false
                        },
                        "_inline_size_tablet": 25,
                        "margin_mobile": {
                            "unit": "px",
                            "top": "20",
                            "right": "0",
                            "bottom": "0",
                            "left": "0",
                            "isLinked": false
                        },
                        "_inline_size_mobile": 100
                    },
                    "elements": [
                        {
                            "id": "6a282723",
                            "settings": {
                                "title": "Our best choices",
                                "title_color": "#3C3C3C",
                                "typography_typography": "custom",
                                "typography_font_family": "EB Garamond",
                                "typography_font_size": {
                                    "unit": "px",
                                    "size": 24,
                                    "sizes": []
                                },
                                "_margin": {
                                    "unit": "px",
                                    "top": "05",
                                    "right": "0",
                                    "bottom": "0",
                                    "left": "0",
                                    "isLinked": false
                                },
                                "typography_font_weight": "400",
                                "align_mobile": "center"
                            },
                            "elements": [],
                            "isInner": false,
                            "widgetType": "heading",
                            "elType": "widget"
                        },
                        {
                            "id": "36fd16d3",
                            "settings": {
                                "gallery": [
                                    {
                                        "id": 3731,
                                        "url": "https:\/\/kits.seventhqueen.com\/elementor-luxury-shop\/wp-content\/uploads\/sites\/3\/2020\/04\/pink-diamond-bridal-wedding-engagement-ring-FB6JR2C.jpg"
                                    },
                                    {
                                        "id": 3725,
                                        "url": "https:\/\/kits.seventhqueen.com\/elementor-luxury-shop\/wp-content\/uploads\/sites\/3\/2020\/04\/diamond-solitaire-engagement-wedding-ring-round-br-XZSLG95.jpg"
                                    },
                                    {
                                        "id": 3669,
                                        "url": "https:\/\/kits.seventhqueen.com\/elementor-luxury-shop\/wp-content\/uploads\/sites\/3\/2020\/04\/pink-diamond-stud-earrings-pair-PU467FZ.jpg"
                                    },
                                    {
                                        "id": 3673,
                                        "url": "https:\/\/kits.seventhqueen.com\/elementor-luxury-shop\/wp-content\/uploads\/sites\/3\/2020\/04\/yellow-diamond-citrine-topaz-stud-earrings-pair-KAV4QY2.jpg"
                                    },
                                    {
                                        "id": 3743,
                                        "url": "https:\/\/kits.seventhqueen.com\/elementor-luxury-shop\/wp-content\/uploads\/sites\/3\/2020\/04\/wedding-rings-set-P5HGT4W.jpg"
                                    }
                                ],
                                "galleries": [
                                    {
                                        "gallery_title": "New Gallery",
                                        "_id": "f043550",
                                        "multiple_gallery": []
                                    }
                                ],
                                "columns": 3,
                                "aspect_ratio": "1:1",
                                "show_all_galleries_label": "All",
                                "image_border_radius": {
                                    "unit": "px",
                                    "size": 2,
                                    "sizes": []
                                },
                                "__dynamic__": [],
                                "columns_mobile": 3
                            },
                            "elements": [],
                            "isInner": false,
                            "widgetType": "gallery",
                            "elType": "widget"
                        }
                    ],
                    "isInner": false,
                    "elType": "column"
                }
            ],
            "isInner": false,
            "elType": "section"
        },
        {
            "id": "47fe03d0",
            "settings": {
                "content_width": {
                    "unit": "px",
                    "size": 1400,
                    "sizes": []
                },
                "content_position": "middle",
                "structure": "30",
                "border_border": "solid",
                "border_width": {
                    "unit": "px",
                    "top": "1",
                    "right": "0",
                    "bottom": "0",
                    "left": "0",
                    "isLinked": false
                },
                "border_color": "#F0F0F0",
                "padding": {
                    "unit": "%",
                    "top": "0",
                    "right": "3",
                    "bottom": "0",
                    "left": "3",
                    "isLinked": false
                }
            },
            "elements": [
                {
                    "id": "16a33937",
                    "settings": {
                        "_column_size": 33,
                        "_inline_size": null,
                        "margin": {
                            "unit": "px",
                            "top": "20",
                            "right": "0",
                            "bottom": "20",
                            "left": "0",
                            "isLinked": false
                        },
                        "margin_mobile": {
                            "unit": "px",
                            "top": "30",
                            "right": "0",
                            "bottom": "10",
                            "left": "0",
                            "isLinked": false
                        }
                    },
                    "elements": [
                        {
                            "id": "4ebf3f04",
                            "settings": {
                                "title": "Copyright \u00a9 2020 Shopix",
                                "header_size": "p",
                                "title_color": "#3C3C3C",
                                "typography_typography": "custom",
                                "typography_font_family": "Inconsolata",
                                "typography_font_size": {
                                    "unit": "px",
                                    "size": 14,
                                    "sizes": []
                                },
                                "typography_font_weight": "normal",
                                "align_mobile": "center"
                            },
                            "elements": [],
                            "isInner": false,
                            "widgetType": "heading",
                            "elType": "widget"
                        }
                    ],
                    "isInner": false,
                    "elType": "column"
                },
                {
                    "id": "3b080c94",
                    "settings": {
                        "_column_size": 33,
                        "_inline_size": null,
                        "align": "center",
                        "margin": {
                            "unit": "px",
                            "top": "20",
                            "right": "0",
                            "bottom": "20",
                            "left": "0",
                            "isLinked": false
                        },
                        "margin_mobile": {
                            "unit": "px",
                            "top": "0",
                            "right": "0",
                            "bottom": "0",
                            "left": "0",
                            "isLinked": true
                        }
                    },
                    "elements": [
                        {
                            "id": "9fc0f04",
                            "settings": {
                                "social_icon_list": [
                                    {
                                        "social_icon": {
                                            "value": "fab fa-facebook-f",
                                            "library": "fa-brands"
                                        },
                                        "_id": "9d7492f",
                                        "link": {
                                            "url": "",
                                            "is_external": "true",
                                            "nofollow": "",
                                            "custom_attributes": ""
                                        },
                                        "item_icon_color": "default",
                                        "item_icon_primary_color": "",
                                        "item_icon_secondary_color": ""
                                    },
                                    {
                                        "social_icon": {
                                            "value": "fab fa-twitter",
                                            "library": "fa-brands"
                                        },
                                        "_id": "5efc26c",
                                        "link": {
                                            "url": "",
                                            "is_external": "true",
                                            "nofollow": "",
                                            "custom_attributes": ""
                                        },
                                        "item_icon_color": "default",
                                        "item_icon_primary_color": "",
                                        "item_icon_secondary_color": ""
                                    },
                                    {
                                        "social_icon": {
                                            "value": "fab fa-youtube",
                                            "library": "fa-brands"
                                        },
                                        "_id": "6088594",
                                        "link": {
                                            "url": "",
                                            "is_external": "true",
                                            "nofollow": "",
                                            "custom_attributes": ""
                                        },
                                        "item_icon_color": "default",
                                        "item_icon_primary_color": "",
                                        "item_icon_secondary_color": ""
                                    },
                                    {
                                        "social_icon": {
                                            "value": "fab fa-pinterest",
                                            "library": "fa-brands"
                                        },
                                        "link": {
                                            "url": "",
                                            "is_external": "true",
                                            "nofollow": "",
                                            "custom_attributes": ""
                                        },
                                        "item_icon_color": "default",
                                        "item_icon_primary_color": "",
                                        "item_icon_secondary_color": "",
                                        "_id": "3186a3e"
                                    },
                                    {
                                        "social_icon": {
                                            "value": "fab fa-instagram",
                                            "library": "fa-brands"
                                        },
                                        "link": {
                                            "url": "",
                                            "is_external": "true",
                                            "nofollow": "",
                                            "custom_attributes": ""
                                        },
                                        "item_icon_color": "default",
                                        "item_icon_primary_color": "",
                                        "item_icon_secondary_color": "",
                                        "_id": "4f2fdd1"
                                    }
                                ],
                                "align": "",
                                "icon_color": "custom",
                                "icon_primary_color": "rgba(97, 206, 112, 0)",
                                "icon_secondary_color": "#3C3C3C",
                                "icon_size": {
                                    "unit": "px",
                                    "size": 14,
                                    "sizes": []
                                },
                                "icon_spacing": {
                                    "unit": "px",
                                    "size": 10,
                                    "sizes": []
                                },
                                "border_radius": {
                                    "unit": "px",
                                    "top": "0",
                                    "right": "0",
                                    "bottom": "0",
                                    "left": "0",
                                    "isLinked": true
                                },
                                "hover_secondary_color": "#979797",
                                "hover_animation": "float",
                                "_element_width": "auto"
                            },
                            "elements": [],
                            "isInner": false,
                            "widgetType": "social-icons",
                            "elType": "widget"
                        }
                    ],
                    "isInner": false,
                    "elType": "column"
                },
                {
                    "id": "11f16b1c",
                    "settings": {
                        "_column_size": 33,
                        "_inline_size": null,
                        "align": "flex-end",
                        "margin": {
                            "unit": "px",
                            "top": "20",
                            "right": "0",
                            "bottom": "20",
                            "left": "0",
                            "isLinked": false
                        },
                        "margin_mobile": {
                            "unit": "px",
                            "top": "0",
                            "right": "0",
                            "bottom": "20",
                            "left": "0",
                            "isLinked": false
                        }
                    },
                    "elements": [
                        {
                            "id": "1f4ceeff",
                            "settings": {
                                "align_items": "center",
                                "pointer": "none",
                                "toggle": "",
                                "menu_typography_typography": "custom",
                                "menu_typography_font_family": "Inconsolata",
                                "color_menu_item": "#3C3C3C",
                                "menu_typography_font_size": {
                                    "unit": "px",
                                    "size": 14,
                                    "sizes": []
                                },
                                "color_menu_item_hover": "#979797",
                                "dropdown": "none",
                                "menu_typography_font_weight": "normal",
                                "padding_vertical_menu_item": {
                                    "unit": "px",
                                    "size": 0,
                                    "sizes": []
                                },
                                "padding_vertical_menu_item_tablet": {
                                    "unit": "px",
                                    "size": 5,
                                    "sizes": []
                                }
                            },
                            "elements": [],
                            "isInner": false,
                            "widgetType": "nav-menu",
                            "elType": "widget"
                        }
                    ],
                    "isInner": false,
                    "elType": "column"
                }
            ],
            "isInner": false,
            "elType": "section"
        }
    ],
    "page_settings": {
        "background_background": "classic",
        "background_color": "#FFFFFF"
    }
}