{
    "version": "0.4",
    "title": "Header Menu &#8211; Light",
    "type": "header",
    "metadata": {
        "template_type": "section-header",
        "include_in_zip": "1",
        "elementor_pro_required": "1",
        "elementor_library_type": "header",
        "elementor_pro_conditions": [
            "exclude\/woocommerce\/product_archive",
            "include\/general"
        ],
        "additional_template_information": [
            "This is a \"Header\" template for Elementor Pro.",
            "This template will display on: Entire Site."
        ],
        "wp_page_template": "default"
    },
    "content": [
        {
            "id": "14b16c85",
            "settings": {
                "layout": "full_width",
                "structure": "20",
                "background_background": "classic",
                "border_width": {
                    "unit": "px",
                    "top": "0",
                    "right": "0",
                    "bottom": "1",
                    "left": "0",
                    "isLinked": false
                },
                "border_color": "#F0F0F0",
                "padding": {
                    "unit": "%",
                    "top": "0",
                    "right": "3",
                    "bottom": "0",
                    "left": "3",
                    "isLinked": false
                },
                "content_position": "middle",
                "border_border": "solid",
                "content_width": {
                    "unit": "px",
                    "size": 1400,
                    "sizes": []
                },
                "border_width_tablet": {
                    "unit": "px",
                    "top": "1",
                    "right": "1",
                    "bottom": "1",
                    "left": "1",
                    "isLinked": true
                }
            },
            "elements": [
                {
                    "id": "2913445f",
                    "settings": {
                        "_column_size": 50,
                        "_inline_size": null,
                        "align_mobile": "center"
                    },
                    "elements": [
                        {
                            "id": "22606d56",
                            "settings": {
                                "view": "inline",
                                "icon_list": [
                                    {
                                        "text": "Hotline: +01 234 567 890",
                                        "selected_icon": {
                                            "value": "",
                                            "library": ""
                                        },
                                        "link": {
                                            "url": "",
                                            "is_external": "",
                                            "nofollow": "",
                                            "custom_attributes": ""
                                        },
                                        "_id": "dbcb5da"
                                    },
                                    {
                                        "text": "Chat",
                                        "selected_icon": {
                                            "value": "",
                                            "library": ""
                                        },
                                        "link": {
                                            "url": "#",
                                            "is_external": "",
                                            "nofollow": "",
                                            "custom_attributes": ""
                                        },
                                        "_id": "9d62c95"
                                    },
                                    {
                                        "text": "Contact Us",
                                        "selected_icon": {
                                            "value": "",
                                            "library": ""
                                        },
                                        "link": {
                                            "url": "#",
                                            "is_external": "",
                                            "nofollow": "",
                                            "custom_attributes": ""
                                        },
                                        "_id": "ef734ad"
                                    }
                                ],
                                "icon_color": "#3C3C3C",
                                "text_color": "#3C3C3C",
                                "icon_typography_typography": "custom",
                                "icon_typography_font_family": "Inconsolata",
                                "icon_typography_font_size": {
                                    "unit": "px",
                                    "size": 14,
                                    "sizes": []
                                },
                                "_element_width": "auto",
                                "space_between": {
                                    "unit": "px",
                                    "size": 30,
                                    "sizes": []
                                },
                                "divider": "yes",
                                "icon_align_mobile": "center"
                            },
                            "elements": [],
                            "isInner": false,
                            "widgetType": "icon-list",
                            "elType": "widget"
                        }
                    ],
                    "isInner": false,
                    "elType": "column"
                },
                {
                    "id": "332567f",
                    "settings": {
                        "_column_size": 50,
                        "_inline_size": null,
                        "align": "flex-end",
                        "align_mobile": "center"
                    },
                    "elements": [
                        {
                            "id": "35a324e3",
                            "settings": {
                                "view": "inline",
                                "icon_list": [
                                    {
                                        "text": "Log In",
                                        "selected_icon": {
                                            "value": "",
                                            "library": ""
                                        },
                                        "link": {
                                            "url": "#",
                                            "is_external": "",
                                            "nofollow": "",
                                            "custom_attributes": ""
                                        },
                                        "_id": "9d62c95"
                                    },
                                    {
                                        "text": "Register",
                                        "selected_icon": {
                                            "value": "",
                                            "library": ""
                                        },
                                        "link": {
                                            "url": "#",
                                            "is_external": "",
                                            "nofollow": "",
                                            "custom_attributes": ""
                                        },
                                        "_id": "ef734ad"
                                    }
                                ],
                                "icon_color": "#3C3C3C",
                                "text_color": "#3C3C3C",
                                "icon_typography_typography": "custom",
                                "icon_typography_font_family": "Inconsolata",
                                "icon_typography_font_size": {
                                    "unit": "px",
                                    "size": 14,
                                    "sizes": []
                                },
                                "_element_width": "auto",
                                "space_between": {
                                    "unit": "px",
                                    "size": 30,
                                    "sizes": []
                                },
                                "divider": "yes"
                            },
                            "elements": [],
                            "isInner": false,
                            "widgetType": "icon-list",
                            "elType": "widget"
                        }
                    ],
                    "isInner": false,
                    "elType": "column"
                }
            ],
            "isInner": false,
            "elType": "section"
        },
        {
            "id": "23490351",
            "settings": {
                "layout": "full_width",
                "background_background": "classic",
                "padding": {
                    "unit": "%",
                    "top": "0",
                    "right": "3",
                    "bottom": "0",
                    "left": "3",
                    "isLinked": false
                },
                "height": "min-height",
                "custom_height": {
                    "unit": "px",
                    "size": 100,
                    "sizes": []
                },
                "background_color": "#FFFFFF",
                "border_width": {
                    "unit": "px",
                    "top": "0",
                    "right": "0",
                    "bottom": "1",
                    "left": "0",
                    "isLinked": false
                },
                "border_color": "#F0F0F0",
                "sticky": "top",
                "sticky_effects_offset": 100,
                "content_width": {
                    "unit": "px",
                    "size": 1400,
                    "sizes": []
                },
                "html_tag": "header",
                "sticky_on": [
                    "desktop",
                    "tablet"
                ]
            },
            "elements": [
                {
                    "id": "6c318a7d",
                    "settings": {
                        "_column_size": 100,
                        "_inline_size": null,
                        "border_width": {
                            "unit": "px",
                            "top": "0",
                            "right": "0",
                            "bottom": "1",
                            "left": "0",
                            "isLinked": false
                        },
                        "border_color": "#E1E9F0",
                        "padding_mobile": {
                            "unit": "px",
                            "top": "0",
                            "right": "0",
                            "bottom": "0",
                            "left": "0",
                            "isLinked": true
                        }
                    },
                    "elements": [
                        {
                            "id": "5cc06b7",
                            "settings": {
                                "background_background": "classic",
                                "structure": "20",
                                "gap": "no",
                                "layout": "full_width"
                            },
                            "elements": [
                                {
                                    "id": "5155b33c",
                                    "settings": {
                                        "_column_size": 50,
                                        "_inline_size": 30,
                                        "content_position": "center",
                                        "_inline_size_mobile": 68,
                                        "_inline_size_tablet": 50
                                    },
                                    "elements": [
                                        {
                                            "id": "41bf67ee",
                                            "settings": {
                                                "text": "Menu",
                                                "selected_icon": {
                                                    "value": "fas fa-align-left",
                                                    "library": "fa-solid"
                                                },
                                                "icon_indent": {
                                                    "unit": "px",
                                                    "size": 10,
                                                    "sizes": []
                                                },
                                                "button_text_color": "#3C3C3C",
                                                "background_color": "rgba(246, 244, 246, 0)",
                                                "hover_color": "#FF0061",
                                                "border_radius": {
                                                    "unit": "px",
                                                    "top": "50",
                                                    "right": "50",
                                                    "bottom": "50",
                                                    "left": "50",
                                                    "isLinked": true
                                                },
                                                "text_padding": {
                                                    "unit": "px",
                                                    "top": "14",
                                                    "right": "20",
                                                    "bottom": "14",
                                                    "left": "20",
                                                    "isLinked": false
                                                },
                                                "_element_width": "auto",
                                                "__dynamic__": {
                                                    "link": "[elementor-tag id=\"917b716\" name=\"popup\" settings=\"%7B%22popup%22%3A%221384%22%7D\"]"
                                                },
                                                "_margin": {
                                                    "unit": "px",
                                                    "top": "0",
                                                    "right": "15",
                                                    "bottom": "0",
                                                    "left": "0",
                                                    "isLinked": false
                                                },
                                                "typography_typography": "custom",
                                                "typography_font_family": "Inconsolata",
                                                "typography_font_size": {
                                                    "unit": "px",
                                                    "size": 16,
                                                    "sizes": []
                                                },
                                                "typography_font_weight": "400",
                                                "border_border": "solid",
                                                "border_width": {
                                                    "unit": "px",
                                                    "top": "1",
                                                    "right": "1",
                                                    "bottom": "1",
                                                    "left": "1",
                                                    "isLinked": true
                                                },
                                                "border_color": "#E0E0E0"
                                            },
                                            "elements": [],
                                            "isInner": false,
                                            "widgetType": "button",
                                            "elType": "widget"
                                        },
                                        {
                                            "id": "53d95788",
                                            "settings": {
                                                "title": "Shoppix",
                                                "title_color": "#3C3C3C",
                                                "align": "center",
                                                "typography_typography": "custom",
                                                "typography_font_family": "EB Garamond",
                                                "typography_font_size": {
                                                    "unit": "px",
                                                    "size": 34,
                                                    "sizes": []
                                                },
                                                "__dynamic__": {
                                                    "link": "[elementor-tag id=\"452e454\" name=\"site-url\" settings=\"%7B%7D\"]",
                                                    "title": "[elementor-tag id=\"9db9958\" name=\"site-title\" settings=\"%7B%7D\"]"
                                                },
                                                "typography_font_weight": "400",
                                                "_element_width": "auto",
                                                "_margin": {
                                                    "unit": "px",
                                                    "top": "0",
                                                    "right": "0",
                                                    "bottom": "4",
                                                    "left": "0",
                                                    "isLinked": false
                                                },
                                                "typography_font_size_mobile": {
                                                    "unit": "px",
                                                    "size": 30,
                                                    "sizes": []
                                                }
                                            },
                                            "elements": [],
                                            "isInner": false,
                                            "widgetType": "heading",
                                            "elType": "widget"
                                        }
                                    ],
                                    "isInner": true,
                                    "elType": "column"
                                },
                                {
                                    "id": "6e8bbbf0",
                                    "settings": {
                                        "_column_size": 50,
                                        "_inline_size": 70,
                                        "content_position": "center",
                                        "_inline_size_mobile": 32,
                                        "align": "flex-end",
                                        "_inline_size_tablet": 50,
                                        "align_mobile": "flex-end"
                                    },
                                    "elements": [
                                        {
                                            "id": "3a8ba0f4",
                                            "settings": {
                                                "menu_typography_typography": "custom",
                                                "menu_typography_font_family": "Inconsolata",
                                                "color_menu_item": "#3C3C3C",
                                                "padding_horizontal_menu_item": {
                                                    "unit": "px",
                                                    "size": 10,
                                                    "sizes": []
                                                },
                                                "_element_width": "auto",
                                                "animation_line": "grow",
                                                "indicator": "chevron",
                                                "dropdown": "none",
                                                "pointer_color_menu_item_hover": "#FF0061",
                                                "menu_typography_font_weight": "400",
                                                "color_dropdown_item": "#3C3C3C",
                                                "color_dropdown_item_hover": "#FFFFFF",
                                                "dropdown_typography_typography": "custom",
                                                "dropdown_typography_font_family": "Inconsolata",
                                                "dropdown_box_shadow_box_shadow_type": "yes",
                                                "dropdown_box_shadow_box_shadow": {
                                                    "horizontal": 8,
                                                    "vertical": 10,
                                                    "blur": 20,
                                                    "spread": 0,
                                                    "color": "rgba(99, 115, 129, 0.07)"
                                                },
                                                "_z_index": 1,
                                                "color_menu_item_hover": "#FF0061",
                                                "background_color_dropdown_item_hover": "#FF0061",
                                                "hide_tablet": "hidden-tablet",
                                                "hide_mobile": "hidden-phone"
                                            },
                                            "elements": [],
                                            "isInner": false,
                                            "widgetType": "nav-menu",
                                            "elType": "widget"
                                        },
                                        {
                                            "id": "517e256a",
                                            "settings": {
                                                "text": "",
                                                "selected_icon": {
                                                    "value": "fas fa-search",
                                                    "library": "fa-solid"
                                                },
                                                "icon_indent": {
                                                    "unit": "px",
                                                    "size": 0,
                                                    "sizes": []
                                                },
                                                "button_text_color": "#3C3C3C",
                                                "background_color": "rgba(246, 244, 246, 0)",
                                                "hover_color": "#FF0061",
                                                "border_radius": {
                                                    "unit": "px",
                                                    "top": "50",
                                                    "right": "50",
                                                    "bottom": "50",
                                                    "left": "50",
                                                    "isLinked": true
                                                },
                                                "text_padding": {
                                                    "unit": "px",
                                                    "top": "14",
                                                    "right": "14",
                                                    "bottom": "14",
                                                    "left": "14",
                                                    "isLinked": true
                                                },
                                                "_margin": {
                                                    "unit": "px",
                                                    "top": "0",
                                                    "right": "10",
                                                    "bottom": "0",
                                                    "left": "10",
                                                    "isLinked": false
                                                },
                                                "_element_width": "auto",
                                                "__dynamic__": {
                                                    "link": "[elementor-tag id=\"917b716\" name=\"popup\" settings=\"%7B%22popup%22%3A%221759%22%7D\"]"
                                                },
                                                "border_border": "solid",
                                                "border_width": {
                                                    "unit": "px",
                                                    "top": "1",
                                                    "right": "1",
                                                    "bottom": "1",
                                                    "left": "1",
                                                    "isLinked": true
                                                },
                                                "border_color": "#E0E0E0",
                                                "_margin_mobile": {
                                                    "unit": "px",
                                                    "top": "0",
                                                    "right": "0",
                                                    "bottom": "0",
                                                    "left": "0",
                                                    "isLinked": true
                                                }
                                            },
                                            "elements": [],
                                            "isInner": false,
                                            "widgetType": "button",
                                            "elType": "widget"
                                        },
                                        {
                                            "id": "3565657a",
                                            "settings": {
                                                "icon": "cart-solid",
                                                "show_subtotal": "",
                                                "toggle_button_text_color": "#3C3C3C",
                                                "toggle_button_border_width": {
                                                    "unit": "px",
                                                    "size": 1,
                                                    "sizes": []
                                                },
                                                "toggle_button_border_radius": {
                                                    "unit": "%",
                                                    "size": 50,
                                                    "sizes": []
                                                },
                                                "toggle_icon_size": {
                                                    "unit": "px",
                                                    "size": 20,
                                                    "sizes": []
                                                },
                                                "toggle_button_padding": {
                                                    "unit": "px",
                                                    "top": "10",
                                                    "right": "10",
                                                    "bottom": "10",
                                                    "left": "10",
                                                    "isLinked": true
                                                },
                                                "items_indicator_distance": {
                                                    "unit": "em",
                                                    "size": 1.1000000000000001,
                                                    "sizes": []
                                                },
                                                "items_indicator_background_color": "#FF0061",
                                                "_element_width_mobile": "auto",
                                                "subtotal_typography_typography": "custom",
                                                "subtotal_typography_font_family": "EB Garamond",
                                                "subtotal_typography_font_size": {
                                                    "unit": "px",
                                                    "size": 20,
                                                    "sizes": []
                                                },
                                                "subtotal_typography_font_weight": "400",
                                                "subtotal_color": "#3C3C3C",
                                                "product_title_color": "#3C3C3C",
                                                "product_title_typography_typography": "custom",
                                                "product_title_typography_font_family": "Inconsolata",
                                                "product_price_color": "#3C3C3C",
                                                "product_price_typography_typography": "custom",
                                                "product_price_typography_font_family": "Inconsolata",
                                                "space_between_buttons": {
                                                    "unit": "px",
                                                    "size": 5,
                                                    "sizes": []
                                                },
                                                "product_buttons_typography_typography": "custom",
                                                "product_buttons_typography_font_family": "Inconsolata",
                                                "product_buttons_typography_font_size": {
                                                    "unit": "px",
                                                    "size": 14,
                                                    "sizes": []
                                                },
                                                "view_cart_button_text_color": "#FFFFFF",
                                                "view_cart_button_background_color": "#3C3C3C",
                                                "checkout_button_text_color": "#FFFFFF",
                                                "checkout_button_background_color": "#3C3C3C",
                                                "divider_color": "#E1E9F0",
                                                "divider_width": {
                                                    "unit": "px",
                                                    "size": 1,
                                                    "sizes": []
                                                },
                                                "_element_width": "auto",
                                                "toggle_button_hover_text_color": "#FF0061",
                                                "toggle_button_hover_icon_color": "#FF0061",
                                                "_margin": {
                                                    "unit": "px",
                                                    "top": "0",
                                                    "right": "0",
                                                    "bottom": "0",
                                                    "left": "10",
                                                    "isLinked": false
                                                },
                                                "toggle_button_border_color": "#E0E0E0",
                                                "_z_index": 10,
                                                "angle": {
                                                    "unit": "px",
                                                    "size": "",
                                                    "sizes": []
                                                }
                                            },
                                            "elements": [],
                                            "isInner": false,
                                            "widgetType": "woocommerce-menu-cart",
                                            "elType": "widget"
                                        }
                                    ],
                                    "isInner": true,
                                    "elType": "column"
                                }
                            ],
                            "isInner": true,
                            "elType": "section"
                        }
                    ],
                    "isInner": false,
                    "elType": "column"
                }
            ],
            "isInner": false,
            "elType": "section"
        }
    ]
}