{
    "version": "0.4",
    "title": "Page 404",
    "type": "single",
    "metadata": {
        "template_type": "single-404",
        "include_in_zip": "1",
        "elementor_pro_required": "1",
        "elementor_library_type": "single",
        "elementor_pro_conditions": [
            "include\/singular\/not_found404"
        ],
        "additional_template_information": [
            "This is a \"Single\" template for Elementor Pro.",
            "This template will display on: 404 Page."
        ],
        "wp_page_template": "default"
    },
    "content": [
        {
            "id": "318b097d",
            "settings": {
                "content_width": {
                    "unit": "px",
                    "size": 768,
                    "sizes": []
                },
                "margin": {
                    "unit": "px",
                    "top": "0",
                    "right": 0,
                    "bottom": "150",
                    "left": 0,
                    "isLinked": false
                },
                "padding": {
                    "unit": "%",
                    "top": "0",
                    "right": "3",
                    "bottom": "0",
                    "left": "3",
                    "isLinked": false
                },
                "padding_mobile": {
                    "unit": "%",
                    "top": "0",
                    "right": "4",
                    "bottom": "0",
                    "left": "4",
                    "isLinked": false
                },
                "height": "min-height",
                "custom_height": {
                    "unit": "vh",
                    "size": 30,
                    "sizes": []
                },
                "margin_tablet": {
                    "unit": "px",
                    "top": "0",
                    "right": 0,
                    "bottom": "50",
                    "left": 0,
                    "isLinked": false
                }
            },
            "elements": [
                {
                    "id": "4087974f",
                    "settings": {
                        "_column_size": 100,
                        "_inline_size": null,
                        "align_tablet": "center"
                    },
                    "elements": [
                        {
                            "id": "2e20c002",
                            "settings": {
                                "image": {
                                    "url": "https:\/\/kits.seventhqueen.com\/elementor-luxury-shop\/wp-content\/uploads\/sites\/3\/2020\/02\/diamonds-NL7EMP.png",
                                    "id": 4175
                                },
                                "image_size": "full",
                                "_element_width_tablet": "initial",
                                "_element_width_mobile": "inherit",
                                "_element_custom_width_tablet": {
                                    "unit": "%",
                                    "size": 50,
                                    "sizes": []
                                }
                            },
                            "elements": [],
                            "isInner": false,
                            "widgetType": "image",
                            "elType": "widget"
                        },
                        {
                            "id": "29955b65",
                            "settings": {
                                "title": "ERROR 404",
                                "header_size": "p",
                                "title_color": "#3C3C3C",
                                "typography_typography": "custom",
                                "typography_font_family": "Inconsolata",
                                "align": "center",
                                "_animation": "fadeInUp",
                                "typography_font_size": {
                                    "unit": "px",
                                    "size": 14,
                                    "sizes": []
                                },
                                "typography_text_transform": "uppercase",
                                "typography_letter_spacing": {
                                    "unit": "px",
                                    "size": 1,
                                    "sizes": []
                                },
                                "_margin": {
                                    "unit": "px",
                                    "top": "0",
                                    "right": "0",
                                    "bottom": "5",
                                    "left": "0",
                                    "isLinked": false
                                }
                            },
                            "elements": [],
                            "isInner": false,
                            "widgetType": "heading",
                            "elType": "widget"
                        },
                        {
                            "id": "46699cda",
                            "settings": {
                                "title": "Ooooops",
                                "typography_typography": "custom",
                                "typography_font_size": {
                                    "unit": "px",
                                    "size": 54,
                                    "sizes": []
                                },
                                "align": "center",
                                "typography_font_family": "EB Garamond",
                                "title_color": "#3C3C3C",
                                "typography_font_weight": "400",
                                "_animation": "fadeIn",
                                "typography_font_size_tablet": {
                                    "unit": "px",
                                    "size": 42,
                                    "sizes": []
                                }
                            },
                            "elements": [],
                            "isInner": false,
                            "widgetType": "heading",
                            "elType": "widget"
                        },
                        {
                            "id": "999c64b",
                            "settings": {
                                "editor": "The page you are looking for might have been removed, had its name changed, or is temporarily unavailable. Maybe try a search?",
                                "align": "center",
                                "text_color": "#3C3C3C",
                                "typography_typography": "custom",
                                "typography_font_size": {
                                    "unit": "px",
                                    "size": 24,
                                    "sizes": []
                                },
                                "typography_font_family": "EB Garamond",
                                "typography_font_weight": "400",
                                "_animation": "fadeIn",
                                "_animation_delay": 600,
                                "typography_line_height_mobile": {
                                    "unit": "em",
                                    "size": 1.2,
                                    "sizes": []
                                }
                            },
                            "elements": [],
                            "isInner": false,
                            "widgetType": "text-editor",
                            "elType": "widget"
                        },
                        {
                            "id": "603403e7",
                            "settings": {
                                "skin": "minimal",
                                "placeholder": "Search...",
                                "button_text": "Search",
                                "input_text_color": "#3C3C3C",
                                "input_background_color": "rgba(245, 249, 252, 0)",
                                "input_background_color_focus": "#FFFFFF",
                                "input_border_color_focus": "#E1E0DF",
                                "button_border_width": {
                                    "unit": "px",
                                    "top": "2",
                                    "right": "2",
                                    "bottom": "2",
                                    "left": "2",
                                    "isLinked": true
                                },
                                "border_radius": {
                                    "unit": "px",
                                    "size": 0,
                                    "sizes": []
                                },
                                "_margin": {
                                    "unit": "px",
                                    "top": "30",
                                    "right": "100",
                                    "bottom": "30",
                                    "left": "100",
                                    "isLinked": false
                                },
                                "input_typography_typography": "custom",
                                "input_typography_font_family": "Rubik",
                                "_margin_tablet": {
                                    "unit": "px",
                                    "top": "30",
                                    "right": "0",
                                    "bottom": "30",
                                    "left": "0",
                                    "isLinked": false
                                },
                                "input_border_color": "#C8C8C8"
                            },
                            "elements": [],
                            "isInner": false,
                            "widgetType": "search-form",
                            "elType": "widget"
                        }
                    ],
                    "isInner": false,
                    "elType": "column"
                }
            ],
            "isInner": false,
            "elType": "section"
        }
    ],
    "page_settings": {
        "page_template": "elementor_header_footer"
    }
}