{
    "version": "0.4",
    "title": "Popup menu",
    "type": "popup",
    "metadata": {
        "template_type": "section-popup",
        "include_in_zip": "1",
        "elementor_pro_required": "1",
        "elementor_library_type": "popup",
        "additional_template_information": [
            "This is a \"Popup\" template for Elementor Pro."
        ],
        "wp_page_template": "default"
    },
    "content": [
        {
            "id": "7545143a",
            "settings": {
                "padding": {
                    "unit": "%",
                    "top": "0",
                    "right": "5",
                    "bottom": "0",
                    "left": "5",
                    "isLinked": false
                },
                "column_position": "stretch"
            },
            "elements": [
                {
                    "id": "1b0ecb0e",
                    "settings": {
                        "_column_size": 100,
                        "_inline_size": null,
                        "margin": {
                            "unit": "px",
                            "top": "20",
                            "right": "0",
                            "bottom": "20",
                            "left": "0",
                            "isLinked": false
                        }
                    },
                    "elements": [
                        {
                            "id": "1febc927",
                            "settings": {
                                "title": "Add Your Heading Text Here",
                                "title_color": "#3C3C3C",
                                "typography_typography": "custom",
                                "typography_font_family": "EB Garamond",
                                "typography_font_size": {
                                    "unit": "px",
                                    "size": 34,
                                    "sizes": []
                                },
                                "typography_font_weight": "400",
                                "__dynamic__": {
                                    "title": "[elementor-tag id=\"8f28825\" name=\"site-title\" settings=\"%7B%7D\"]"
                                },
                                "align": "center",
                                "_margin": {
                                    "unit": "px",
                                    "top": "0",
                                    "right": "0",
                                    "bottom": "50",
                                    "left": "0",
                                    "isLinked": false
                                },
                                "_element_width": "auto"
                            },
                            "elements": [],
                            "isInner": false,
                            "widgetType": "heading",
                            "elType": "widget"
                        },
                        {
                            "id": "594f6c64",
                            "settings": {
                                "layout": "dropdown",
                                "dropdown": "none",
                                "menu_typography_typography": "custom",
                                "menu_typography_font_size": {
                                    "unit": "px",
                                    "size": 18,
                                    "sizes": []
                                },
                                "padding_vertical_menu_item": {
                                    "unit": "px",
                                    "size": 10,
                                    "sizes": []
                                },
                                "pointer": "none",
                                "menu_typography_font_family": "Open Sans",
                                "color_menu_item": "#304659",
                                "color_menu_item_hover": "#FF0061",
                                "color_menu_item_active": "#FF0061",
                                "padding_horizontal_menu_item": {
                                    "unit": "px",
                                    "size": 0,
                                    "sizes": []
                                },
                                "toggle": "",
                                "menu_typography_font_weight": "600",
                                "menu_space_between": {
                                    "unit": "px",
                                    "size": 10,
                                    "sizes": []
                                },
                                "color_dropdown_item": "#3C3C3C",
                                "color_dropdown_item_hover": "#FF0061",
                                "background_color_dropdown_item_hover": "rgba(2, 1, 1, 0)",
                                "color_dropdown_item_active": "#FF0061",
                                "dropdown_typography_typography": "custom",
                                "dropdown_typography_font_family": "Inconsolata",
                                "dropdown_typography_font_size": {
                                    "unit": "px",
                                    "size": 18,
                                    "sizes": []
                                },
                                "dropdown_typography_letter_spacing": {
                                    "unit": "px",
                                    "size": -1,
                                    "sizes": []
                                },
                                "padding_horizontal_dropdown_item": {
                                    "unit": "px",
                                    "size": 0,
                                    "sizes": []
                                },
                                "background_color_dropdown_item_active": "rgba(2, 1, 1, 0)",
                                "dropdown_divider_color": "#F0F0F0",
                                "dropdown_divider_width": {
                                    "unit": "px",
                                    "size": 1,
                                    "sizes": []
                                },
                                "dropdown_top_distance": {
                                    "unit": "px",
                                    "size": 0,
                                    "sizes": []
                                },
                                "_padding": {
                                    "unit": "px",
                                    "top": "0",
                                    "right": "0",
                                    "bottom": "20",
                                    "left": "0",
                                    "isLinked": false
                                },
                                "_border_border": "solid",
                                "_border_width": {
                                    "unit": "px",
                                    "top": "0",
                                    "right": "0",
                                    "bottom": "1",
                                    "left": "0",
                                    "isLinked": false
                                },
                                "_border_color": "#F0F0F0",
                                "hide_desktop": "hidden-desktop"
                            },
                            "elements": [],
                            "isInner": false,
                            "widgetType": "nav-menu",
                            "elType": "widget"
                        },
                        {
                            "id": "bcc9c36",
                            "settings": {
                                "layout": "dropdown",
                                "dropdown": "none",
                                "menu_typography_typography": "custom",
                                "menu_typography_font_size": {
                                    "unit": "px",
                                    "size": 18,
                                    "sizes": []
                                },
                                "padding_vertical_menu_item": {
                                    "unit": "px",
                                    "size": 10,
                                    "sizes": []
                                },
                                "pointer": "none",
                                "menu_typography_font_family": "Open Sans",
                                "color_menu_item": "#304659",
                                "color_menu_item_hover": "#FF0061",
                                "color_menu_item_active": "#FF0061",
                                "padding_horizontal_menu_item": {
                                    "unit": "px",
                                    "size": 0,
                                    "sizes": []
                                },
                                "toggle": "",
                                "menu_typography_font_weight": "600",
                                "menu_space_between": {
                                    "unit": "px",
                                    "size": 10,
                                    "sizes": []
                                },
                                "color_dropdown_item": "#3C3C3C",
                                "color_dropdown_item_hover": "#FF0061",
                                "background_color_dropdown_item_hover": "rgba(2, 1, 1, 0)",
                                "color_dropdown_item_active": "#FF0061",
                                "dropdown_typography_typography": "custom",
                                "dropdown_typography_font_family": "Inconsolata",
                                "dropdown_typography_font_size": {
                                    "unit": "px",
                                    "size": 18,
                                    "sizes": []
                                },
                                "dropdown_typography_letter_spacing": {
                                    "unit": "px",
                                    "size": -1,
                                    "sizes": []
                                },
                                "padding_horizontal_dropdown_item": {
                                    "unit": "px",
                                    "size": 0,
                                    "sizes": []
                                },
                                "background_color_dropdown_item_active": "rgba(2, 1, 1, 0)",
                                "dropdown_divider_color": "#F0F0F0",
                                "dropdown_divider_width": {
                                    "unit": "px",
                                    "size": 1,
                                    "sizes": []
                                },
                                "dropdown_top_distance": {
                                    "unit": "px",
                                    "size": 0,
                                    "sizes": []
                                },
                                "_padding": {
                                    "unit": "px",
                                    "top": "0",
                                    "right": "0",
                                    "bottom": "30",
                                    "left": "0",
                                    "isLinked": false
                                }
                            },
                            "elements": [],
                            "isInner": false,
                            "widgetType": "nav-menu",
                            "elType": "widget"
                        },
                        {
                            "id": "6de7f24a",
                            "settings": {
                                "view": "inline",
                                "icon_list": [
                                    {
                                        "text": "",
                                        "selected_icon": {
                                            "value": "fab fa-apple-pay",
                                            "library": "fa-brands"
                                        },
                                        "_id": "192f941",
                                        "link": {
                                            "url": "",
                                            "is_external": "",
                                            "nofollow": "",
                                            "custom_attributes": ""
                                        }
                                    },
                                    {
                                        "text": "",
                                        "selected_icon": {
                                            "value": "fab fa-paypal",
                                            "library": "fa-brands"
                                        },
                                        "link": {
                                            "url": "",
                                            "is_external": "",
                                            "nofollow": "",
                                            "custom_attributes": ""
                                        },
                                        "_id": "c7b961e"
                                    },
                                    {
                                        "text": "",
                                        "selected_icon": {
                                            "value": "fab fa-cc-visa",
                                            "library": "fa-brands"
                                        },
                                        "link": {
                                            "url": "",
                                            "is_external": "",
                                            "nofollow": "",
                                            "custom_attributes": ""
                                        },
                                        "_id": "258a805"
                                    },
                                    {
                                        "text": "",
                                        "selected_icon": {
                                            "value": "fab fa-cc-mastercard",
                                            "library": "fa-brands"
                                        },
                                        "link": {
                                            "url": "",
                                            "is_external": "",
                                            "nofollow": "",
                                            "custom_attributes": ""
                                        },
                                        "_id": "27e6de5"
                                    },
                                    {
                                        "text": "",
                                        "selected_icon": {
                                            "value": "fab fa-cc-stripe",
                                            "library": "fa-brands"
                                        },
                                        "link": {
                                            "url": "",
                                            "is_external": "",
                                            "nofollow": "",
                                            "custom_attributes": ""
                                        },
                                        "_id": "880497f"
                                    },
                                    {
                                        "text": "",
                                        "selected_icon": {
                                            "value": "fab fa-amazon-pay",
                                            "library": "fa-brands"
                                        },
                                        "link": {
                                            "url": "",
                                            "is_external": "",
                                            "nofollow": "",
                                            "custom_attributes": ""
                                        },
                                        "_id": "a3f0888"
                                    }
                                ],
                                "space_between": {
                                    "unit": "px",
                                    "size": 5,
                                    "sizes": []
                                },
                                "icon_size": {
                                    "unit": "px",
                                    "size": 26,
                                    "sizes": []
                                },
                                "icon_self_align": "center",
                                "icon_color": "#3C3C3C"
                            },
                            "elements": [],
                            "isInner": false,
                            "widgetType": "icon-list",
                            "elType": "widget"
                        },
                        {
                            "id": "3581ce67",
                            "settings": {
                                "editor": "<p>Pellentesque mollis nec orci id tincidunt. Sed mollis risus eu nisi aliquet, sit amet fermentum justo dapibus.<\/p>",
                                "text_color": "#3C3C3C",
                                "typography_typography": "custom",
                                "typography_font_family": "Inconsolata",
                                "typography_font_size": {
                                    "unit": "px",
                                    "size": 14,
                                    "sizes": []
                                },
                                "_margin": {
                                    "unit": "px",
                                    "top": "0",
                                    "right": "0",
                                    "bottom": "30",
                                    "left": "0",
                                    "isLinked": false
                                },
                                "typography_line_height": {
                                    "unit": "px",
                                    "size": "",
                                    "sizes": []
                                }
                            },
                            "elements": [],
                            "isInner": false,
                            "widgetType": "text-editor",
                            "elType": "widget"
                        },
                        {
                            "id": "2033a3cd",
                            "settings": {
                                "icon_list": [
                                    {
                                        "text": "(+612) 2531 5600",
                                        "selected_icon": {
                                            "value": "",
                                            "library": ""
                                        },
                                        "_id": "192f941",
                                        "link": {
                                            "url": "",
                                            "is_external": "",
                                            "nofollow": "",
                                            "custom_attributes": ""
                                        }
                                    },
                                    {
                                        "text": "PO Box 1622 Colins Street West",
                                        "selected_icon": {
                                            "value": "",
                                            "library": ""
                                        },
                                        "link": {
                                            "url": "",
                                            "is_external": "",
                                            "nofollow": "",
                                            "custom_attributes": ""
                                        },
                                        "_id": "c7b961e"
                                    }
                                ],
                                "space_between": {
                                    "unit": "px",
                                    "size": 5,
                                    "sizes": []
                                },
                                "icon_size": {
                                    "unit": "px",
                                    "size": 26,
                                    "sizes": []
                                },
                                "text_color": "#3C3C3C",
                                "icon_typography_typography": "custom",
                                "icon_typography_font_family": "Inconsolata",
                                "icon_typography_font_size": {
                                    "unit": "px",
                                    "size": 14,
                                    "sizes": []
                                },
                                "_margin": {
                                    "unit": "px",
                                    "top": "0",
                                    "right": "0",
                                    "bottom": "30",
                                    "left": "0",
                                    "isLinked": false
                                }
                            },
                            "elements": [],
                            "isInner": false,
                            "widgetType": "icon-list",
                            "elType": "widget"
                        },
                        {
                            "id": "21b2fd51",
                            "settings": {
                                "text": "Google Map",
                                "icon_indent": {
                                    "unit": "px",
                                    "size": 0,
                                    "sizes": []
                                },
                                "typography_typography": "custom",
                                "typography_font_family": "Inconsolata",
                                "button_text_color": "#3C3C3C",
                                "background_color": "rgba(2, 1, 1, 0)",
                                "hover_color": "#FF0061",
                                "border_border": "solid",
                                "border_width": {
                                    "unit": "px",
                                    "top": "0",
                                    "right": "0",
                                    "bottom": "2",
                                    "left": "0",
                                    "isLinked": false
                                },
                                "border_radius": {
                                    "unit": "px",
                                    "top": "0",
                                    "right": "0",
                                    "bottom": "0",
                                    "left": "0",
                                    "isLinked": true
                                },
                                "text_padding": {
                                    "unit": "px",
                                    "top": "0",
                                    "right": "0",
                                    "bottom": "0",
                                    "left": "0",
                                    "isLinked": true
                                },
                                "_margin": {
                                    "unit": "px",
                                    "top": "0",
                                    "right": "0",
                                    "bottom": "30",
                                    "left": "0",
                                    "isLinked": false
                                },
                                "typography_font_size": {
                                    "unit": "px",
                                    "size": 14,
                                    "sizes": []
                                }
                            },
                            "elements": [],
                            "isInner": false,
                            "widgetType": "button",
                            "elType": "widget"
                        },
                        {
                            "id": "5e6c98e3",
                            "settings": {
                                "editor": "\u00a9 2020 Shoppix - All rights reserved.",
                                "text_color": "#3C3C3C",
                                "typography_typography": "custom",
                                "typography_font_family": "Inconsolata",
                                "typography_font_size": {
                                    "unit": "px",
                                    "size": 14,
                                    "sizes": []
                                }
                            },
                            "elements": [],
                            "isInner": false,
                            "widgetType": "text-editor",
                            "elType": "widget"
                        }
                    ],
                    "isInner": false,
                    "elType": "column"
                }
            ],
            "isInner": false,
            "elType": "section"
        }
    ],
    "page_settings": {
        "width": {
            "unit": "px",
            "size": "360",
            "sizes": []
        },
        "height_type": "fit_to_screen",
        "horizontal_position": "left",
        "entrance_animation": "fadeInLeft",
        "exit_animation": "fadeInLeft",
        "entrance_animation_duration": {
            "unit": "px",
            "size": "0.4",
            "sizes": []
        },
        "overlay_background_color": "rgba(0, 0, 0, 0.25)"
    }
}