{
    "version": "0.4",
    "title": "Search popup",
    "type": "popup",
    "metadata": {
        "template_type": "section-popup",
        "include_in_zip": "1",
        "elementor_pro_required": "1",
        "elementor_library_type": "popup",
        "additional_template_information": [
            "This is a \"Popup\" template for Elementor Pro."
        ],
        "wp_page_template": "default"
    },
    "content": [
        {
            "id": "2c9e1ce2",
            "settings": {
                "content_width": {
                    "unit": "px",
                    "size": 768,
                    "sizes": []
                },
                "height": "full",
                "content_position": "middle",
                "margin_mobile": {
                    "unit": "%",
                    "top": "",
                    "right": 0,
                    "bottom": "",
                    "left": 0,
                    "isLinked": true
                },
                "padding": {
                    "unit": "%",
                    "top": "0",
                    "right": "3",
                    "bottom": "0",
                    "left": "3",
                    "isLinked": false
                }
            },
            "elements": [
                {
                    "id": "522f2f69",
                    "settings": {
                        "_column_size": 100,
                        "_inline_size": null
                    },
                    "elements": [
                        {
                            "id": "d518c1e",
                            "settings": {
                                "skin": "minimal",
                                "placeholder": "Search for ...",
                                "button_text": "Search",
                                "size": {
                                    "unit": "px",
                                    "size": 60,
                                    "sizes": []
                                },
                                "icon_size_minimal": {
                                    "unit": "px",
                                    "size": 16,
                                    "sizes": []
                                },
                                "input_typography_typography": "custom",
                                "input_typography_font_family": "Inconsolata",
                                "input_typography_font_size": {
                                    "unit": "px",
                                    "size": 20,
                                    "sizes": []
                                },
                                "input_text_color": "#3C3C3C",
                                "input_background_color": "rgba(255, 255, 255, 0)",
                                "input_border_color": "#C8C8C8",
                                "input_background_color_focus": "rgba(255, 255, 255, 0)",
                                "input_border_color_focus": "#979797",
                                "input_box_shadow_focus_box_shadow": {
                                    "horizontal": 0,
                                    "vertical": 0,
                                    "blur": 10,
                                    "spread": 0,
                                    "color": "rgba(0, 0, 0, 0.05)"
                                },
                                "button_border_width": {
                                    "unit": "px",
                                    "top": "0",
                                    "right": "0",
                                    "bottom": "2",
                                    "left": "0",
                                    "isLinked": false
                                },
                                "border_radius": {
                                    "unit": "px",
                                    "size": 0,
                                    "sizes": []
                                },
                                "_animation": "fadeInDown"
                            },
                            "elements": [],
                            "isInner": false,
                            "widgetType": "search-form",
                            "elType": "widget"
                        }
                    ],
                    "isInner": false,
                    "elType": "column"
                }
            ],
            "isInner": false,
            "elType": "section"
        }
    ],
    "page_settings": {
        "width": {
            "unit": "vw",
            "size": "100",
            "sizes": []
        },
        "height_type": "fit_to_screen",
        "height": {
            "unit": "px",
            "size": "100",
            "sizes": []
        },
        "entrance_animation": "fadeIn",
        "exit_animation": "fadeIn",
        "entrance_animation_duration": {
            "unit": "px",
            "size": "0.4",
            "sizes": []
        },
        "overlay_background_color": "rgba(0, 0, 0, 0)",
        "icon_size": {
            "unit": "px",
            "size": "24",
            "sizes": []
        },
        "avoid_multiple_popups": "yes",
        "background_background": "classic",
        "close_button_color": "#3C3C3C",
        "close_button_hover_color": "#000000",
        "prevent_scroll": "yes",
        "content_position": "center",
        "horizontal_position_mobile": "center",
        "vertical_position_mobile": "center"
    }
}