{
    "version": "0.4",
    "title": "Single Product #2",
    "type": "product",
    "metadata": {
        "template_type": "single-product",
        "include_in_zip": "1",
        "elementor_pro_required": "1",
        "elementor_library_type": "product",
        "elementor_pro_conditions": [
            "include\/product\/in_product_cat\/70"
        ],
        "additional_template_information": [
            "This is a \"Product\" template for Elementor Pro.",
            "This template will display on: In Category #70."
        ],
        "wp_page_template": "default"
    },
    "content": [
        {
            "id": "1eefb9ad",
            "settings": {
                "padding": {
                    "unit": "%",
                    "top": "0",
                    "right": "3",
                    "bottom": "0",
                    "left": "3",
                    "isLinked": false
                },
                "content_width": {
                    "unit": "px",
                    "size": 1400,
                    "sizes": []
                }
            },
            "elements": [
                {
                    "id": "234ae7b0",
                    "settings": {
                        "_column_size": 100,
                        "_inline_size": 100
                    },
                    "elements": [
                        {
                            "id": "37ab56d0",
                            "settings": {
                                "text_color": "#3C3C3C",
                                "link_color": "#979797",
                                "text_typography_typography": "custom",
                                "text_typography_font_family": "Inconsolata",
                                "_margin": {
                                    "unit": "px",
                                    "top": "20",
                                    "right": "0",
                                    "bottom": "0",
                                    "left": "0",
                                    "isLinked": false
                                }
                            },
                            "elements": [],
                            "isInner": false,
                            "widgetType": "woocommerce-breadcrumb",
                            "elType": "widget"
                        }
                    ],
                    "isInner": false,
                    "elType": "column"
                }
            ],
            "isInner": false,
            "elType": "section"
        },
        {
            "id": "364b6579",
            "settings": {
                "structure": "22",
                "padding": {
                    "unit": "%",
                    "top": "0",
                    "right": "3",
                    "bottom": "0",
                    "left": "3",
                    "isLinked": false
                },
                "content_width": {
                    "unit": "px",
                    "size": 1400,
                    "sizes": []
                },
                "margin": {
                    "unit": "px",
                    "top": "0",
                    "right": 0,
                    "bottom": "150",
                    "left": 0,
                    "isLinked": false
                },
                "margin_tablet": {
                    "unit": "px",
                    "top": "0",
                    "right": 0,
                    "bottom": "100",
                    "left": 0,
                    "isLinked": false
                }
            },
            "elements": [
                {
                    "id": "dbd1009",
                    "settings": {
                        "_column_size": 66,
                        "_inline_size": null,
                        "_inline_size_tablet": 100,
                        "box_shadow_box_shadow": {
                            "horizontal": 0,
                            "vertical": 8,
                            "blur": 60,
                            "spread": 0,
                            "color": "rgba(0, 0, 0, 0.18)"
                        },
                        "background_background": "classic",
                        "padding": {
                            "unit": "px",
                            "top": "0",
                            "right": "30",
                            "bottom": "0",
                            "left": "0",
                            "isLinked": false
                        },
                        "padding_tablet": {
                            "unit": "px",
                            "top": "0",
                            "right": "0",
                            "bottom": "0",
                            "left": "0",
                            "isLinked": true
                        }
                    },
                    "elements": [
                        {
                            "id": "423a6a2e",
                            "settings": {
                                "sale_flash": "",
                                "image_border_color": "#7A7A7A",
                                "spacing_thumbs": {
                                    "unit": "px",
                                    "size": 10,
                                    "sizes": []
                                },
                                "_animation": "fadeIn",
                                "_animation_delay": 0,
                                "_background_background": "classic"
                            },
                            "elements": [],
                            "isInner": false,
                            "widgetType": "stax-woo-product-images",
                            "elType": "widget"
                        }
                    ],
                    "isInner": false,
                    "elType": "column"
                },
                {
                    "id": "314c7935",
                    "settings": {
                        "_column_size": 33,
                        "_inline_size": null,
                        "_inline_size_tablet": 100,
                        "padding": {
                            "unit": "px",
                            "top": "0",
                            "right": "0",
                            "bottom": "0",
                            "left": "30",
                            "isLinked": false
                        },
                        "padding_tablet": {
                            "unit": "px",
                            "top": "100",
                            "right": "10",
                            "bottom": "0",
                            "left": "10",
                            "isLinked": false
                        }
                    },
                    "elements": [
                        {
                            "id": "6f48bbf9",
                            "settings": {
                                "__dynamic__": {
                                    "title": "[elementor-tag id=\"\" name=\"woocommerce-product-title-tag\" settings=\"%7B%22before%22%3A%22%22%2C%22after%22%3A%22%22%2C%22fallback%22%3A%22%22%7D\"]"
                                },
                                "title": "Add Your Heading Text Here",
                                "title_color": "#3C3C3C",
                                "typography_typography": "custom",
                                "typography_font_family": "EB Garamond",
                                "typography_font_size": {
                                    "unit": "px",
                                    "size": 54,
                                    "sizes": []
                                },
                                "typography_font_weight": "400",
                                "_animation": "fadeIn",
                                "_animation_delay": 0,
                                "typography_font_size_tablet": {
                                    "unit": "px",
                                    "size": 42,
                                    "sizes": []
                                }
                            },
                            "elements": [],
                            "isInner": false,
                            "widgetType": "woocommerce-product-title",
                            "elType": "widget"
                        },
                        {
                            "id": "34bc9783",
                            "settings": {
                                "star_color": "#FF0061",
                                "text_typography_typography": "custom",
                                "text_typography_font_family": "Inconsolata",
                                "text_typography_font_size": {
                                    "unit": "px",
                                    "size": 14,
                                    "sizes": []
                                },
                                "star_size": {
                                    "unit": "em",
                                    "size": 0.69999999999999996,
                                    "sizes": []
                                }
                            },
                            "elements": [],
                            "isInner": false,
                            "widgetType": "woocommerce-product-rating",
                            "elType": "widget"
                        },
                        {
                            "id": "761ab216",
                            "settings": {
                                "space_between": {
                                    "unit": "px",
                                    "size": 30,
                                    "sizes": []
                                },
                                "divider_weight": {
                                    "unit": "px",
                                    "size": 14,
                                    "sizes": []
                                },
                                "text_typography_typography": "custom",
                                "text_typography_font_family": "Inconsolata",
                                "text_typography_font_size": {
                                    "unit": "px",
                                    "size": 14,
                                    "sizes": []
                                },
                                "text_color": "#979797",
                                "link_typography_typography": "custom",
                                "link_typography_font_family": "Inconsolata",
                                "link_typography_font_size": {
                                    "unit": "px",
                                    "size": 14,
                                    "sizes": []
                                },
                                "link_typography_text_decoration": "underline",
                                "link_color": "#979797",
                                "_animation": "fadeIn",
                                "_animation_delay": 100
                            },
                            "elements": [],
                            "isInner": false,
                            "widgetType": "woocommerce-product-meta",
                            "elType": "widget"
                        },
                        {
                            "id": "46908784",
                            "settings": {
                                "width": {
                                    "unit": "px",
                                    "size": 50,
                                    "sizes": []
                                },
                                "align": "left",
                                "text": "Divider",
                                "color": "#C8C8C8"
                            },
                            "elements": [],
                            "isInner": false,
                            "widgetType": "divider",
                            "elType": "widget"
                        },
                        {
                            "id": "6ef55f75",
                            "settings": {
                                "text_color": "#3C3C3C",
                                "text_typography_typography": "custom",
                                "text_typography_font_family": "Inconsolata",
                                "text_typography_line_height": {
                                    "unit": "px",
                                    "size": "",
                                    "sizes": []
                                }
                            },
                            "elements": [],
                            "isInner": false,
                            "widgetType": "woocommerce-product-short-description",
                            "elType": "widget"
                        },
                        {
                            "id": "22537541",
                            "settings": {
                                "price_color": "#3C3C3C",
                                "typography_typography": "custom",
                                "typography_font_family": "Inconsolata",
                                "typography_font_size": {
                                    "unit": "px",
                                    "size": 25,
                                    "sizes": []
                                },
                                "typography_font_weight": "400",
                                "sale_price_color": "#3C3C3C",
                                "sale_price_typography_typography": "custom",
                                "sale_price_typography_font_family": "Inconsolata",
                                "sale_price_typography_font_size": {
                                    "unit": "px",
                                    "size": 35,
                                    "sizes": []
                                },
                                "sale_price_typography_font_weight": "400",
                                "_animation": "fadeIn",
                                "_animation_delay": 400
                            },
                            "elements": [],
                            "isInner": false,
                            "widgetType": "woocommerce-product-price",
                            "elType": "widget"
                        },
                        {
                            "id": "1580b4f2",
                            "settings": {
                                "button_typography_typography": "custom",
                                "button_typography_font_family": "Inconsolata",
                                "button_typography_font_weight": "600",
                                "button_border_radius": {
                                    "unit": "px",
                                    "top": "0",
                                    "right": "0",
                                    "bottom": "0",
                                    "left": "0",
                                    "isLinked": true
                                },
                                "button_padding": {
                                    "unit": "px",
                                    "top": "10",
                                    "right": "60",
                                    "bottom": "10",
                                    "left": "60",
                                    "isLinked": false
                                },
                                "button_bg_color": "#3C3C3C",
                                "quantity_typography_typography": "custom",
                                "quantity_typography_font_family": "Inconsolata",
                                "quantity_border_radius": {
                                    "unit": "px",
                                    "top": "0",
                                    "right": "0",
                                    "bottom": "0",
                                    "left": "0",
                                    "isLinked": true
                                },
                                "quantity_padding": {
                                    "unit": "px",
                                    "top": "15",
                                    "right": "0",
                                    "bottom": "15",
                                    "left": "10",
                                    "isLinked": false
                                },
                                "quantity_text_color": "#3C3C3C",
                                "quantity_bg_color": "#F5F5F5",
                                "quantity_border_color": "rgba(2, 1, 1, 0)",
                                "variations_label_color_focus": "#3C3C3C",
                                "variations_label_typography_typography": "custom",
                                "variations_label_typography_font_family": "Open Sans",
                                "variations_select_color": "#3C3C3C",
                                "variations_select_typography_typography": "custom",
                                "variations_select_typography_font_family": "Inconsolata",
                                "_margin": {
                                    "unit": "px",
                                    "top": "0",
                                    "right": "0",
                                    "bottom": "50",
                                    "left": "0",
                                    "isLinked": false
                                },
                                "_animation": "fadeIn",
                                "_animation_delay": 500,
                                "button_border_border": "solid",
                                "button_border_width": {
                                    "unit": "px",
                                    "top": "2",
                                    "right": "2",
                                    "bottom": "2",
                                    "left": "2",
                                    "isLinked": true
                                },
                                "button_border_color": "#3C3C3C",
                                "button_text_color_hover": "#3C3C3C",
                                "button_bg_color_hover": "rgba(2, 1, 1, 0)",
                                "button_border_color_hover": "#3C3C3C",
                                "_margin_tablet": {
                                    "unit": "px",
                                    "top": "0",
                                    "right": "0",
                                    "bottom": "0",
                                    "left": "0",
                                    "isLinked": true
                                }
                            },
                            "elements": [],
                            "isInner": false,
                            "widgetType": "woocommerce-product-add-to-cart",
                            "elType": "widget"
                        }
                    ],
                    "isInner": false,
                    "elType": "column"
                }
            ],
            "isInner": false,
            "elType": "section"
        },
        {
            "id": "14fb3da0",
            "settings": {
                "content_width": {
                    "unit": "px",
                    "size": 1400,
                    "sizes": []
                },
                "background_background": "classic",
                "background_position": "initial",
                "background_xpos": {
                    "unit": "%",
                    "size": 61,
                    "sizes": []
                },
                "background_ypos": {
                    "unit": "px",
                    "size": -102,
                    "sizes": []
                },
                "background_repeat": "no-repeat",
                "background_size": "initial",
                "background_bg_width": {
                    "unit": "px",
                    "size": 300,
                    "sizes": []
                },
                "margin": {
                    "unit": "px",
                    "top": "150",
                    "right": 0,
                    "bottom": "150",
                    "left": 0,
                    "isLinked": true
                },
                "padding": {
                    "unit": "%",
                    "top": "0",
                    "right": "3",
                    "bottom": "0",
                    "left": "3",
                    "isLinked": false
                },
                "margin_tablet": {
                    "unit": "px",
                    "top": "100",
                    "right": 0,
                    "bottom": "50",
                    "left": 0,
                    "isLinked": false
                }
            },
            "elements": [
                {
                    "id": "2dc1a6cc",
                    "settings": {
                        "_column_size": 100,
                        "_inline_size": null
                    },
                    "elements": [
                        {
                            "id": "5c8cd66b",
                            "settings": {
                                "content_width": {
                                    "unit": "px",
                                    "size": 768,
                                    "sizes": []
                                },
                                "gap": "no"
                            },
                            "elements": [
                                {
                                    "id": "45eb7baf",
                                    "settings": {
                                        "_column_size": 100,
                                        "_inline_size": null
                                    },
                                    "elements": [
                                        {
                                            "id": "4d4876a5",
                                            "settings": {
                                                "tab_text_color": "#3C3C3C",
                                                "tabs_border_color": "rgba(225, 233, 240, 0)",
                                                "active_tab_bg_color": "#FFFFFF",
                                                "tab_typography_typography": "custom",
                                                "tab_typography_font_family": "Inconsolata",
                                                "tab_typography_font_size": {
                                                    "unit": "px",
                                                    "size": 14,
                                                    "sizes": []
                                                },
                                                "tab_typography_font_weight": "400",
                                                "tab_border_radius": {
                                                    "unit": "px",
                                                    "size": 0,
                                                    "sizes": []
                                                },
                                                "text_color": "#3C3C3C",
                                                "content_typography_typography": "custom",
                                                "content_typography_font_family": "Inconsolata",
                                                "heading_color": "#3C3C3C",
                                                "content_heading_typography_typography": "custom",
                                                "content_heading_typography_font_family": "EB Garamond",
                                                "content_heading_typography_font_size": {
                                                    "unit": "px",
                                                    "size": 24,
                                                    "sizes": []
                                                },
                                                "content_heading_typography_font_weight": "400",
                                                "active_tabs_border_color": "rgba(225, 233, 240, 0)",
                                                "_animation": "fadeIn",
                                                "_animation_delay": 600,
                                                "_background_background": "classic",
                                                "tab_bg_color": "#F5F5F5",
                                                "_margin_tablet": {
                                                    "unit": "px",
                                                    "top": "0",
                                                    "right": "0",
                                                    "bottom": "0",
                                                    "left": "-20",
                                                    "isLinked": false
                                                }
                                            },
                                            "elements": [],
                                            "isInner": false,
                                            "widgetType": "woocommerce-product-data-tabs",
                                            "elType": "widget"
                                        }
                                    ],
                                    "isInner": true,
                                    "elType": "column"
                                }
                            ],
                            "isInner": true,
                            "elType": "section"
                        },
                        {
                            "id": "759af1fb",
                            "settings": {
                                "title_color": "#3C3C3C",
                                "title_typography_typography": "custom",
                                "title_typography_font_family": "EB Garamond",
                                "button_text_color": "#3C3C3C",
                                "button_background_color": "#F0F0F0",
                                "heading_color": "#3C3C3C",
                                "heading_typography_typography": "custom",
                                "heading_typography_font_family": "EB Garamond",
                                "heading_typography_font_size": {
                                    "unit": "px",
                                    "size": 54,
                                    "sizes": []
                                },
                                "heading_typography_font_weight": "400",
                                "_animation": "fadeIn",
                                "_animation_delay": 600,
                                "button_typography_typography": "custom",
                                "button_typography_font_family": "Inconsolata",
                                "button_typography_font_size": {
                                    "unit": "px",
                                    "size": 14,
                                    "sizes": []
                                },
                                "price_color": "#3C3C3C",
                                "price_typography_typography": "custom",
                                "price_typography_font_family": "Inconsolata",
                                "old_price_color": "#3C3C3C",
                                "button_border_color": "#F0F0F0",
                                "button_hover_color": "#3C3C3C",
                                "button_hover_background_color": "rgba(2, 1, 1, 0)",
                                "button_hover_border_color": "#3C3C3C",
                                "button_border_border": "solid",
                                "button_border_width": {
                                    "unit": "px",
                                    "top": "2",
                                    "right": "2",
                                    "bottom": "2",
                                    "left": "2",
                                    "isLinked": true
                                },
                                "view_cart_typography_typography": "custom",
                                "view_cart_typography_font_family": "Inconsolata",
                                "view_cart_typography_font_size": {
                                    "unit": "px",
                                    "size": 14,
                                    "sizes": []
                                },
                                "align": "center",
                                "title_typography_font_size": {
                                    "unit": "px",
                                    "size": 24,
                                    "sizes": []
                                },
                                "title_typography_font_weight": "400",
                                "star_color": "#FF0061",
                                "price_typography_font_weight": "bold",
                                "column_gap": {
                                    "unit": "px",
                                    "size": 50,
                                    "sizes": []
                                },
                                "rating_spacing": {
                                    "unit": "px",
                                    "size": 14,
                                    "sizes": []
                                },
                                "button_typography_font_weight": "500",
                                "view_cart_color": "#FF0061",
                                "heading_text_align": "center",
                                "heading_spacing": {
                                    "unit": "px",
                                    "size": 100,
                                    "sizes": []
                                },
                                "box_padding": {
                                    "unit": "px",
                                    "top": "0",
                                    "right": "0",
                                    "bottom": "50",
                                    "left": "0",
                                    "isLinked": false
                                },
                                "box_border_color": "#C8C8C8",
                                "box_shadow_hover_box_shadow_type": "yes",
                                "box_shadow_hover_box_shadow": {
                                    "horizontal": 0,
                                    "vertical": 0,
                                    "blur": 50,
                                    "spread": 0,
                                    "color": "rgba(0, 0, 0, 0.1)"
                                },
                                "show_pagination_border": "",
                                "pagination_padding": {
                                    "unit": "px",
                                    "size": 15,
                                    "sizes": []
                                },
                                "pagination_typography_typography": "custom",
                                "pagination_typography_font_family": "Inconsolata",
                                "pagination_typography_font_size": {
                                    "unit": "px",
                                    "size": 18,
                                    "sizes": []
                                },
                                "pagination_link_color": "#3C3C3C",
                                "pagination_link_bg_color_hover": "#F0F0F0",
                                "pagination_link_color_active": "#FF0061",
                                "pagination_link_bg_color_active": "#F0F0F0",
                                "onsale_text_background_color": "#FF0061",
                                "onsale_typography_typography": "custom",
                                "onsale_typography_font_family": "Inconsolata",
                                "onsale_border_radius": {
                                    "unit": "px",
                                    "size": 0,
                                    "sizes": []
                                },
                                "onsale_width": {
                                    "unit": "px",
                                    "size": 70,
                                    "sizes": []
                                },
                                "onsale_height": {
                                    "unit": "px",
                                    "size": 30,
                                    "sizes": []
                                },
                                "_margin": {
                                    "unit": "px",
                                    "top": "100",
                                    "right": "0",
                                    "bottom": "0",
                                    "left": "0",
                                    "isLinked": false
                                },
                                "columns_tablet": 2,
                                "heading_typography_font_size_tablet": {
                                    "unit": "px",
                                    "size": 42,
                                    "sizes": []
                                },
                                "heading_spacing_tablet": {
                                    "unit": "px",
                                    "size": 50,
                                    "sizes": []
                                },
                                "_margin_tablet": {
                                    "unit": "px",
                                    "top": "50",
                                    "right": "0",
                                    "bottom": "0",
                                    "left": "0",
                                    "isLinked": false
                                },
                                "heading_typography_font_size_mobile": {
                                    "unit": "px",
                                    "size": 32,
                                    "sizes": []
                                }
                            },
                            "elements": [],
                            "isInner": false,
                            "widgetType": "woocommerce-product-related",
                            "elType": "widget"
                        },
                        {
                            "id": "174b5834",
                            "settings": {
                                "column_gap": {
                                    "unit": "px",
                                    "size": 50,
                                    "sizes": []
                                },
                                "align": "center",
                                "title_color": "#3C3C3C",
                                "title_typography_typography": "custom",
                                "title_typography_font_family": "EB Garamond",
                                "title_typography_font_size": {
                                    "unit": "px",
                                    "size": 24,
                                    "sizes": []
                                },
                                "title_typography_font_weight": "400",
                                "star_color": "#FF0061",
                                "rating_spacing": {
                                    "unit": "px",
                                    "size": 14,
                                    "sizes": []
                                },
                                "price_color": "#3C3C3C",
                                "price_typography_typography": "custom",
                                "price_typography_font_family": "Inconsolata",
                                "price_typography_font_weight": "bold",
                                "old_price_color": "#3C3C3C",
                                "button_text_color": "#3C3C3C",
                                "button_background_color": "#F0F0F0",
                                "button_border_color": "#F0F0F0",
                                "button_typography_typography": "custom",
                                "button_typography_font_family": "Inconsolata",
                                "button_typography_font_size": {
                                    "unit": "px",
                                    "size": 14,
                                    "sizes": []
                                },
                                "button_typography_font_weight": "500",
                                "button_hover_color": "#3C3C3C",
                                "button_hover_background_color": "rgba(2, 1, 1, 0)",
                                "button_hover_border_color": "#3C3C3C",
                                "button_border_border": "solid",
                                "button_border_width": {
                                    "unit": "px",
                                    "top": "2",
                                    "right": "2",
                                    "bottom": "2",
                                    "left": "2",
                                    "isLinked": true
                                },
                                "view_cart_color": "#FF0061",
                                "view_cart_typography_typography": "custom",
                                "view_cart_typography_font_family": "Inconsolata",
                                "view_cart_typography_font_size": {
                                    "unit": "px",
                                    "size": 14,
                                    "sizes": []
                                },
                                "heading_color": "#3C3C3C",
                                "heading_typography_typography": "custom",
                                "heading_typography_font_family": "EB Garamond",
                                "heading_typography_font_size": {
                                    "unit": "px",
                                    "size": 54,
                                    "sizes": []
                                },
                                "heading_typography_font_weight": "400",
                                "heading_text_align": "center",
                                "heading_spacing": {
                                    "unit": "px",
                                    "size": 100,
                                    "sizes": []
                                },
                                "box_padding": {
                                    "unit": "px",
                                    "top": "0",
                                    "right": "0",
                                    "bottom": "50",
                                    "left": "0",
                                    "isLinked": false
                                },
                                "box_border_color": "#C8C8C8",
                                "box_shadow_hover_box_shadow_type": "yes",
                                "box_shadow_hover_box_shadow": {
                                    "horizontal": 0,
                                    "vertical": 0,
                                    "blur": 50,
                                    "spread": 0,
                                    "color": "rgba(0, 0, 0, 0.1)"
                                },
                                "show_pagination_border": "",
                                "pagination_padding": {
                                    "unit": "px",
                                    "size": 15,
                                    "sizes": []
                                },
                                "pagination_typography_typography": "custom",
                                "pagination_typography_font_family": "Inconsolata",
                                "pagination_typography_font_size": {
                                    "unit": "px",
                                    "size": 18,
                                    "sizes": []
                                },
                                "pagination_link_color": "#3C3C3C",
                                "pagination_link_bg_color_hover": "#F0F0F0",
                                "pagination_link_color_active": "#FF0061",
                                "pagination_link_bg_color_active": "#F0F0F0",
                                "onsale_text_background_color": "#FF0061",
                                "onsale_typography_typography": "custom",
                                "onsale_typography_font_family": "Inconsolata",
                                "onsale_border_radius": {
                                    "unit": "px",
                                    "size": 0,
                                    "sizes": []
                                },
                                "onsale_width": {
                                    "unit": "px",
                                    "size": 70,
                                    "sizes": []
                                },
                                "onsale_height": {
                                    "unit": "px",
                                    "size": 30,
                                    "sizes": []
                                },
                                "_animation": "fadeIn",
                                "_animation_delay": 600,
                                "_margin": {
                                    "unit": "px",
                                    "top": "100",
                                    "right": "0",
                                    "bottom": "0",
                                    "left": "0",
                                    "isLinked": false
                                },
                                "columns_tablet": 2,
                                "heading_typography_font_size_tablet": {
                                    "unit": "px",
                                    "size": 42,
                                    "sizes": []
                                },
                                "heading_spacing_tablet": {
                                    "unit": "px",
                                    "size": 50,
                                    "sizes": []
                                },
                                "_margin_tablet": {
                                    "unit": "px",
                                    "top": "50",
                                    "right": "0",
                                    "bottom": "0",
                                    "left": "0",
                                    "isLinked": false
                                },
                                "heading_typography_font_size_mobile": {
                                    "unit": "px",
                                    "size": 32,
                                    "sizes": []
                                }
                            },
                            "elements": [],
                            "isInner": false,
                            "widgetType": "woocommerce-product-upsell",
                            "elType": "widget"
                        }
                    ],
                    "isInner": false,
                    "elType": "column"
                }
            ],
            "isInner": false,
            "elType": "section"
        }
    ],
    "page_settings": {
        "page_template": "elementor_header_footer"
    }
}