{
    "version": "0.4",
    "title": "Single Product #1",
    "type": "product",
    "metadata": {
        "template_type": "single-product",
        "include_in_zip": "1",
        "elementor_pro_required": "1",
        "elementor_library_type": "product",
        "elementor_pro_conditions": [
            "include\/product"
        ],
        "additional_template_information": [
            "This is a \"Product\" template for Elementor Pro.",
            "This template will display on: Products."
        ],
        "wp_page_template": "default"
    },
    "content": [
        {
            "id": "ad36c00",
            "settings": {
                "layout": "full_width",
                "padding": {
                    "unit": "%",
                    "top": "0",
                    "right": "3",
                    "bottom": "0",
                    "left": "3",
                    "isLinked": false
                }
            },
            "elements": [
                {
                    "id": "4fe49956",
                    "settings": {
                        "_column_size": 100,
                        "_inline_size": 100
                    },
                    "elements": [
                        {
                            "id": "33899f86",
                            "settings": {
                                "text_color": "#3C3C3C",
                                "link_color": "#979797",
                                "text_typography_typography": "custom",
                                "text_typography_font_family": "Inconsolata",
                                "_margin": {
                                    "unit": "px",
                                    "top": "20",
                                    "right": "0",
                                    "bottom": "0",
                                    "left": "0",
                                    "isLinked": false
                                }
                            },
                            "elements": [],
                            "isInner": false,
                            "widgetType": "woocommerce-breadcrumb",
                            "elType": "widget"
                        }
                    ],
                    "isInner": false,
                    "elType": "column"
                }
            ],
            "isInner": false,
            "elType": "section"
        },
        {
            "id": "6d9fbd",
            "settings": {
                "layout": "full_width",
                "structure": "30",
                "padding": {
                    "unit": "%",
                    "top": "0",
                    "right": "3",
                    "bottom": "0",
                    "left": "3",
                    "isLinked": false
                },
                "margin": {
                    "unit": "px",
                    "top": "0",
                    "right": 0,
                    "bottom": "150",
                    "left": 0,
                    "isLinked": false
                },
                "margin_tablet": {
                    "unit": "px",
                    "top": "0",
                    "right": 0,
                    "bottom": "101",
                    "left": 0,
                    "isLinked": false
                }
            },
            "elements": [
                {
                    "id": "480bf653",
                    "settings": {
                        "_column_size": 33,
                        "_inline_size": 40,
                        "_inline_size_tablet": 100,
                        "box_shadow_box_shadow": {
                            "horizontal": 0,
                            "vertical": 8,
                            "blur": 60,
                            "spread": 0,
                            "color": "rgba(0, 0, 0, 0.18)"
                        },
                        "background_background": "classic",
                        "padding": {
                            "unit": "px",
                            "top": "0",
                            "right": "0",
                            "bottom": "0",
                            "left": "0",
                            "isLinked": true
                        }
                    },
                    "elements": [
                        {
                            "id": "55244cfb",
                            "settings": {
                                "sale_flash": "",
                                "image_border_color": "#7A7A7A",
                                "spacing_thumbs": {
                                    "unit": "px",
                                    "size": 20,
                                    "sizes": []
                                },
                                "_animation": "fadeIn",
                                "_animation_delay": 0,
                                "_background_background": "classic"
                            },
                            "elements": [],
                            "isInner": false,
                            "widgetType": "stax-woo-product-images",
                            "elType": "widget"
                        }
                    ],
                    "isInner": false,
                    "elType": "column"
                },
                {
                    "id": "4a67e4a",
                    "settings": {
                        "_column_size": 33,
                        "_inline_size": 40,
                        "_inline_size_tablet": 100,
                        "padding": {
                            "unit": "px",
                            "top": "30",
                            "right": "50",
                            "bottom": "30",
                            "left": "50",
                            "isLinked": false
                        },
                        "background_background": "classic",
                        "padding_tablet": {
                            "unit": "px",
                            "top": "100",
                            "right": "0",
                            "bottom": "50",
                            "left": "0",
                            "isLinked": false
                        }
                    },
                    "elements": [
                        {
                            "id": "e6e4340",
                            "settings": {
                                "__dynamic__": {
                                    "title": "[elementor-tag id=\"\" name=\"woocommerce-product-title-tag\" settings=\"%7B%22before%22%3A%22%22%2C%22after%22%3A%22%22%2C%22fallback%22%3A%22%22%7D\"]"
                                },
                                "title": "Add Your Heading Text Here",
                                "title_color": "#3C3C3C",
                                "typography_typography": "custom",
                                "typography_font_family": "EB Garamond",
                                "typography_font_size": {
                                    "unit": "px",
                                    "size": 54,
                                    "sizes": []
                                },
                                "typography_font_weight": "400",
                                "_animation": "fadeIn",
                                "_animation_delay": 0,
                                "typography_font_size_tablet": {
                                    "unit": "px",
                                    "size": 42,
                                    "sizes": []
                                }
                            },
                            "elements": [],
                            "isInner": false,
                            "widgetType": "woocommerce-product-title",
                            "elType": "widget"
                        },
                        {
                            "id": "3f5ec157",
                            "settings": {
                                "star_color": "#FF0061",
                                "text_typography_typography": "custom",
                                "text_typography_font_family": "Inconsolata",
                                "text_typography_font_size": {
                                    "unit": "px",
                                    "size": 14,
                                    "sizes": []
                                },
                                "star_size": {
                                    "unit": "em",
                                    "size": 0.69999999999999996,
                                    "sizes": []
                                }
                            },
                            "elements": [],
                            "isInner": false,
                            "widgetType": "woocommerce-product-rating",
                            "elType": "widget"
                        },
                        {
                            "id": "6afd8174",
                            "settings": {
                                "space_between": {
                                    "unit": "px",
                                    "size": 30,
                                    "sizes": []
                                },
                                "divider_weight": {
                                    "unit": "px",
                                    "size": 14,
                                    "sizes": []
                                },
                                "text_typography_typography": "custom",
                                "text_typography_font_family": "Inconsolata",
                                "text_typography_font_size": {
                                    "unit": "px",
                                    "size": 14,
                                    "sizes": []
                                },
                                "text_color": "#979797",
                                "link_typography_typography": "custom",
                                "link_typography_font_family": "Inconsolata",
                                "link_typography_font_size": {
                                    "unit": "px",
                                    "size": 14,
                                    "sizes": []
                                },
                                "link_typography_text_decoration": "underline",
                                "link_color": "#979797",
                                "_animation": "fadeIn",
                                "_animation_delay": 100,
                                "space_between_mobile": {
                                    "unit": "px",
                                    "size": 20,
                                    "sizes": []
                                }
                            },
                            "elements": [],
                            "isInner": false,
                            "widgetType": "woocommerce-product-meta",
                            "elType": "widget"
                        },
                        {
                            "id": "2ac742da",
                            "settings": {
                                "width": {
                                    "unit": "px",
                                    "size": 50,
                                    "sizes": []
                                },
                                "align": "left",
                                "text": "Divider",
                                "color": "#C8C8C8"
                            },
                            "elements": [],
                            "isInner": false,
                            "widgetType": "divider",
                            "elType": "widget"
                        },
                        {
                            "id": "589e1fbe",
                            "settings": {
                                "text_color": "#3C3C3C",
                                "text_typography_typography": "custom",
                                "text_typography_font_family": "Inconsolata",
                                "text_typography_line_height": {
                                    "unit": "px",
                                    "size": "",
                                    "sizes": []
                                }
                            },
                            "elements": [],
                            "isInner": false,
                            "widgetType": "woocommerce-product-short-description",
                            "elType": "widget"
                        },
                        {
                            "id": "248a3099",
                            "settings": {
                                "price_color": "#3C3C3C",
                                "typography_typography": "custom",
                                "typography_font_family": "Inconsolata",
                                "typography_font_size": {
                                    "unit": "px",
                                    "size": 24,
                                    "sizes": []
                                },
                                "typography_font_weight": "400",
                                "sale_price_color": "#3C3C3C",
                                "sale_price_typography_typography": "custom",
                                "sale_price_typography_font_family": "Inconsolata",
                                "sale_price_typography_font_size": {
                                    "unit": "px",
                                    "size": 32,
                                    "sizes": []
                                },
                                "sale_price_typography_font_weight": "400",
                                "_animation": "fadeIn",
                                "_animation_delay": 400,
                                "typography_font_size_tablet": {
                                    "unit": "px",
                                    "size": 20,
                                    "sizes": []
                                },
                                "sale_price_typography_font_size_tablet": {
                                    "unit": "px",
                                    "size": 24,
                                    "sizes": []
                                }
                            },
                            "elements": [],
                            "isInner": false,
                            "widgetType": "woocommerce-product-price",
                            "elType": "widget"
                        },
                        {
                            "id": "62cfcb6c",
                            "settings": {
                                "button_typography_typography": "custom",
                                "button_typography_font_family": "Inconsolata",
                                "button_typography_font_weight": "600",
                                "button_border_radius": {
                                    "unit": "px",
                                    "top": "0",
                                    "right": "0",
                                    "bottom": "0",
                                    "left": "0",
                                    "isLinked": true
                                },
                                "button_padding": {
                                    "unit": "px",
                                    "top": "10",
                                    "right": "60",
                                    "bottom": "10",
                                    "left": "60",
                                    "isLinked": false
                                },
                                "button_bg_color": "#3C3C3C",
                                "quantity_typography_typography": "custom",
                                "quantity_typography_font_family": "Inconsolata",
                                "quantity_border_radius": {
                                    "unit": "px",
                                    "top": "0",
                                    "right": "0",
                                    "bottom": "0",
                                    "left": "0",
                                    "isLinked": true
                                },
                                "quantity_padding": {
                                    "unit": "px",
                                    "top": "15",
                                    "right": "0",
                                    "bottom": "15",
                                    "left": "10",
                                    "isLinked": false
                                },
                                "quantity_text_color": "#3C3C3C",
                                "quantity_bg_color": "#F5F5F5",
                                "quantity_border_color": "rgba(2, 1, 1, 0)",
                                "variations_label_color_focus": "#3C3C3C",
                                "variations_label_typography_typography": "custom",
                                "variations_label_typography_font_family": "Open Sans",
                                "variations_select_color": "#3C3C3C",
                                "variations_select_typography_typography": "custom",
                                "variations_select_typography_font_family": "Inconsolata",
                                "_margin": {
                                    "unit": "px",
                                    "top": "0",
                                    "right": "0",
                                    "bottom": "50",
                                    "left": "0",
                                    "isLinked": false
                                },
                                "_animation": "fadeIn",
                                "_animation_delay": 500,
                                "button_border_border": "solid",
                                "button_border_width": {
                                    "unit": "px",
                                    "top": "2",
                                    "right": "2",
                                    "bottom": "2",
                                    "left": "2",
                                    "isLinked": true
                                },
                                "button_border_color": "#3C3C3C",
                                "button_text_color_hover": "#3C3C3C",
                                "button_bg_color_hover": "rgba(2, 1, 1, 0)",
                                "button_border_color_hover": "#3C3C3C"
                            },
                            "elements": [],
                            "isInner": false,
                            "widgetType": "woocommerce-product-add-to-cart",
                            "elType": "widget"
                        },
                        {
                            "id": "2ac2b99d",
                            "settings": {
                                "tab_text_color": "#3C3C3C",
                                "tabs_border_color": "rgba(225, 233, 240, 0)",
                                "active_tab_bg_color": "#FFFFFF",
                                "tab_typography_typography": "custom",
                                "tab_typography_font_family": "Inconsolata",
                                "tab_typography_font_size": {
                                    "unit": "px",
                                    "size": 14,
                                    "sizes": []
                                },
                                "tab_typography_font_weight": "400",
                                "tab_border_radius": {
                                    "unit": "px",
                                    "size": 0,
                                    "sizes": []
                                },
                                "text_color": "#3C3C3C",
                                "content_typography_typography": "custom",
                                "content_typography_font_family": "Inconsolata",
                                "heading_color": "#3C3C3C",
                                "content_heading_typography_typography": "custom",
                                "content_heading_typography_font_family": "EB Garamond",
                                "content_heading_typography_font_size": {
                                    "unit": "px",
                                    "size": 32,
                                    "sizes": []
                                },
                                "content_heading_typography_font_weight": "400",
                                "active_tabs_border_color": "rgba(225, 233, 240, 0)",
                                "_animation": "fadeIn",
                                "_animation_delay": 600,
                                "_background_background": "classic",
                                "_margin_tablet": {
                                    "unit": "px",
                                    "top": "0",
                                    "right": "0",
                                    "bottom": "0",
                                    "left": "-20",
                                    "isLinked": false
                                }
                            },
                            "elements": [],
                            "isInner": false,
                            "widgetType": "woocommerce-product-data-tabs",
                            "elType": "widget"
                        }
                    ],
                    "isInner": false,
                    "elType": "column"
                },
                {
                    "id": "896a363",
                    "settings": {
                        "_column_size": 33,
                        "_inline_size": 19.675999999999998,
                        "_inline_size_tablet": 100,
                        "background_background": "classic",
                        "padding": {
                            "unit": "px",
                            "top": "0",
                            "right": "0",
                            "bottom": "0",
                            "left": "0",
                            "isLinked": true
                        }
                    },
                    "elements": [
                        {
                            "id": "4882fff5",
                            "settings": {
                                "columns": 2,
                                "title_color": "#3C3C3C",
                                "title_typography_typography": "custom",
                                "title_typography_font_family": "EB Garamond",
                                "button_text_color": "#3C3C3C",
                                "button_background_color": "#F0F0F0",
                                "button_border_radius": {
                                    "unit": "px",
                                    "top": "2",
                                    "right": "2",
                                    "bottom": "2",
                                    "left": "2",
                                    "isLinked": true
                                },
                                "heading_color": "#3C3C3C",
                                "heading_typography_typography": "custom",
                                "heading_typography_font_family": "EB Garamond",
                                "heading_typography_font_size": {
                                    "unit": "px",
                                    "size": 32,
                                    "sizes": []
                                },
                                "heading_typography_font_weight": "400",
                                "show_onsale_flash": "",
                                "_animation": "fadeIn",
                                "_animation_delay": 300,
                                "button_typography_typography": "custom",
                                "button_typography_font_family": "Inconsolata",
                                "button_typography_font_size": {
                                    "unit": "px",
                                    "size": 14,
                                    "sizes": []
                                },
                                "price_color": "#3C3C3C",
                                "price_typography_typography": "custom",
                                "price_typography_font_family": "Inconsolata",
                                "old_price_color": "#3C3C3C",
                                "button_border_color": "#F0F0F0",
                                "button_hover_color": "#3C3C3C",
                                "button_hover_background_color": "rgba(2, 1, 1, 0)",
                                "button_hover_border_color": "#3C3C3C",
                                "button_border_border": "solid",
                                "button_border_width": {
                                    "unit": "px",
                                    "top": "2",
                                    "right": "2",
                                    "bottom": "2",
                                    "left": "2",
                                    "isLinked": true
                                },
                                "view_cart_typography_typography": "custom",
                                "view_cart_typography_font_family": "Inconsolata",
                                "view_cart_typography_font_size": {
                                    "unit": "px",
                                    "size": 14,
                                    "sizes": []
                                },
                                "align": "center",
                                "title_typography_font_size": {
                                    "unit": "px",
                                    "size": 20,
                                    "sizes": []
                                },
                                "title_typography_font_weight": "400",
                                "star_color": "#FF0061",
                                "price_typography_font_weight": "400",
                                "star_size": {
                                    "unit": "em",
                                    "size": 0.69999999999999996,
                                    "sizes": []
                                },
                                "button_typography_font_weight": "500",
                                "columns_tablet": 4,
                                "columns_mobile": 2
                            },
                            "elements": [],
                            "isInner": false,
                            "widgetType": "woocommerce-product-related",
                            "elType": "widget"
                        }
                    ],
                    "isInner": false,
                    "elType": "column"
                }
            ],
            "isInner": false,
            "elType": "section"
        },
        {
            "id": "4dac1055",
            "settings": {
                "content_width": {
                    "unit": "px",
                    "size": 1400,
                    "sizes": []
                },
                "background_background": "classic",
                "background_image": {
                    "url": "https:\/\/kits.seventhqueen.com\/elementor-luxury-shop\/wp-content\/uploads\/sites\/3\/2020\/04\/dots-bg-grey.png",
                    "id": 3618
                },
                "background_position": "initial",
                "background_xpos": {
                    "unit": "%",
                    "size": 61,
                    "sizes": []
                },
                "background_ypos": {
                    "unit": "px",
                    "size": -102,
                    "sizes": []
                },
                "background_repeat": "no-repeat",
                "background_size": "initial",
                "background_bg_width": {
                    "unit": "px",
                    "size": 300,
                    "sizes": []
                },
                "margin": {
                    "unit": "px",
                    "top": "150",
                    "right": 0,
                    "bottom": "150",
                    "left": 0,
                    "isLinked": true
                },
                "padding": {
                    "unit": "%",
                    "top": "0",
                    "right": "3",
                    "bottom": "0",
                    "left": "3",
                    "isLinked": false
                },
                "margin_tablet": {
                    "unit": "px",
                    "top": "100",
                    "right": 0,
                    "bottom": "50",
                    "left": 0,
                    "isLinked": false
                },
                "margin_mobile": {
                    "unit": "px",
                    "top": "50",
                    "right": 0,
                    "bottom": "50",
                    "left": 0,
                    "isLinked": true
                }
            },
            "elements": [
                {
                    "id": "481cffdf",
                    "settings": {
                        "_column_size": 100,
                        "_inline_size": null
                    },
                    "elements": [
                        {
                            "id": "386cad45",
                            "settings": {
                                "column_gap": {
                                    "unit": "px",
                                    "size": 50,
                                    "sizes": []
                                },
                                "align": "center",
                                "title_color": "#3C3C3C",
                                "title_typography_typography": "custom",
                                "title_typography_font_family": "EB Garamond",
                                "title_typography_font_size": {
                                    "unit": "px",
                                    "size": 24,
                                    "sizes": []
                                },
                                "title_typography_font_weight": "400",
                                "star_color": "#FF0061",
                                "rating_spacing": {
                                    "unit": "px",
                                    "size": 14,
                                    "sizes": []
                                },
                                "price_color": "#3C3C3C",
                                "price_typography_typography": "custom",
                                "price_typography_font_family": "Inconsolata",
                                "price_typography_font_weight": "bold",
                                "old_price_color": "#3C3C3C",
                                "button_text_color": "#3C3C3C",
                                "button_background_color": "#F0F0F0",
                                "button_border_color": "#F0F0F0",
                                "button_typography_typography": "custom",
                                "button_typography_font_family": "Inconsolata",
                                "button_typography_font_size": {
                                    "unit": "px",
                                    "size": 14,
                                    "sizes": []
                                },
                                "button_typography_font_weight": "500",
                                "button_hover_color": "#3C3C3C",
                                "button_hover_background_color": "rgba(2, 1, 1, 0)",
                                "button_hover_border_color": "#3C3C3C",
                                "button_border_border": "solid",
                                "button_border_width": {
                                    "unit": "px",
                                    "top": "2",
                                    "right": "2",
                                    "bottom": "2",
                                    "left": "2",
                                    "isLinked": true
                                },
                                "view_cart_color": "#FF0061",
                                "view_cart_typography_typography": "custom",
                                "view_cart_typography_font_family": "Inconsolata",
                                "view_cart_typography_font_size": {
                                    "unit": "px",
                                    "size": 14,
                                    "sizes": []
                                },
                                "heading_color": "#3C3C3C",
                                "heading_typography_typography": "custom",
                                "heading_typography_font_family": "EB Garamond",
                                "heading_typography_font_size": {
                                    "unit": "px",
                                    "size": 54,
                                    "sizes": []
                                },
                                "heading_typography_font_weight": "400",
                                "heading_text_align": "center",
                                "heading_spacing": {
                                    "unit": "px",
                                    "size": 100,
                                    "sizes": []
                                },
                                "box_padding": {
                                    "unit": "px",
                                    "top": "0",
                                    "right": "0",
                                    "bottom": "50",
                                    "left": "0",
                                    "isLinked": false
                                },
                                "box_border_color": "#C8C8C8",
                                "box_shadow_hover_box_shadow_type": "yes",
                                "box_shadow_hover_box_shadow": {
                                    "horizontal": 0,
                                    "vertical": 0,
                                    "blur": 50,
                                    "spread": 0,
                                    "color": "rgba(0, 0, 0, 0.1)"
                                },
                                "show_pagination_border": "",
                                "pagination_padding": {
                                    "unit": "px",
                                    "size": 15,
                                    "sizes": []
                                },
                                "pagination_typography_typography": "custom",
                                "pagination_typography_font_family": "Inconsolata",
                                "pagination_typography_font_size": {
                                    "unit": "px",
                                    "size": 18,
                                    "sizes": []
                                },
                                "pagination_link_color": "#3C3C3C",
                                "pagination_link_bg_color_hover": "#F0F0F0",
                                "pagination_link_color_active": "#FF0061",
                                "pagination_link_bg_color_active": "#F0F0F0",
                                "onsale_text_background_color": "#FF0061",
                                "onsale_typography_typography": "custom",
                                "onsale_typography_font_family": "Inconsolata",
                                "onsale_border_radius": {
                                    "unit": "px",
                                    "size": 0,
                                    "sizes": []
                                },
                                "onsale_width": {
                                    "unit": "px",
                                    "size": 70,
                                    "sizes": []
                                },
                                "onsale_height": {
                                    "unit": "px",
                                    "size": 30,
                                    "sizes": []
                                },
                                "_animation": "fadeIn",
                                "_animation_delay": 600,
                                "columns_tablet": 2,
                                "heading_typography_font_size_tablet": {
                                    "unit": "px",
                                    "size": 42,
                                    "sizes": []
                                },
                                "heading_typography_font_size_mobile": {
                                    "unit": "px",
                                    "size": 32,
                                    "sizes": []
                                },
                                "heading_spacing_tablet": {
                                    "unit": "px",
                                    "size": 50,
                                    "sizes": []
                                }
                            },
                            "elements": [],
                            "isInner": false,
                            "widgetType": "woocommerce-product-upsell",
                            "elType": "widget"
                        }
                    ],
                    "isInner": false,
                    "elType": "column"
                }
            ],
            "isInner": false,
            "elType": "section"
        },
        {
            "id": "3925b186",
            "settings": {
                "content_width": {
                    "unit": "px",
                    "size": 1400,
                    "sizes": []
                },
                "structure": "30",
                "margin": {
                    "unit": "px",
                    "top": "150",
                    "right": 0,
                    "bottom": "150",
                    "left": 0,
                    "isLinked": true
                },
                "margin_tablet": {
                    "unit": "px",
                    "top": "50",
                    "right": 0,
                    "bottom": "50",
                    "left": 0,
                    "isLinked": true
                },
                "padding": {
                    "unit": "%",
                    "top": "0",
                    "right": "3",
                    "bottom": "0",
                    "left": "3",
                    "isLinked": false
                },
                "margin_mobile": {
                    "unit": "px",
                    "top": "50",
                    "right": 0,
                    "bottom": "50",
                    "left": 0,
                    "isLinked": true
                }
            },
            "elements": [
                {
                    "id": "3086e790",
                    "settings": {
                        "_column_size": 33,
                        "_inline_size": null,
                        "_inline_size_tablet": 50
                    },
                    "elements": [
                        {
                            "id": "2d486f88",
                            "settings": {
                                "selected_icon": {
                                    "value": "fas fa-glass-cheers",
                                    "library": "fa-solid"
                                },
                                "title_text": "Happy Customers",
                                "description_text": "Lorem ipsum dolor sit amet, consectetur adipiscing elit. Ut elit tellus, luctus nec ullamcorper mattis, pulvinar leo.",
                                "primary_color": "#3C3C3C",
                                "icon_size": {
                                    "unit": "px",
                                    "size": 24,
                                    "sizes": []
                                },
                                "title_color": "#3C3C3C",
                                "title_typography_typography": "custom",
                                "title_typography_font_family": "EB Garamond",
                                "title_typography_font_size": {
                                    "unit": "px",
                                    "size": 32,
                                    "sizes": []
                                },
                                "title_typography_font_weight": "400",
                                "description_color": "#3C3C3C",
                                "description_typography_typography": "custom",
                                "description_typography_font_family": "Inconsolata",
                                "view": "framed",
                                "position": "left",
                                "hover_animation": "push",
                                "icon_space": {
                                    "unit": "px",
                                    "size": 20,
                                    "sizes": []
                                },
                                "rotate": {
                                    "unit": "deg",
                                    "size": "",
                                    "sizes": []
                                },
                                "border_width": {
                                    "unit": "px",
                                    "top": "2",
                                    "right": "2",
                                    "bottom": "2",
                                    "left": "2",
                                    "isLinked": true
                                },
                                "_padding": {
                                    "unit": "px",
                                    "top": "30",
                                    "right": "30",
                                    "bottom": "30",
                                    "left": "30",
                                    "isLinked": true
                                },
                                "_animation": "fadeIn",
                                "_background_background": "classic",
                                "_background_color": "#F6F4F6",
                                "icon_size_tablet": {
                                    "unit": "px",
                                    "size": 18,
                                    "sizes": []
                                },
                                "title_typography_font_size_mobile": {
                                    "unit": "px",
                                    "size": 24,
                                    "sizes": []
                                },
                                "title_typography_line_height_tablet": {
                                    "unit": "em",
                                    "size": 1,
                                    "sizes": []
                                }
                            },
                            "elements": [],
                            "isInner": false,
                            "widgetType": "icon-box",
                            "elType": "widget"
                        }
                    ],
                    "isInner": false,
                    "elType": "column"
                },
                {
                    "id": "43626d08",
                    "settings": {
                        "_column_size": 33,
                        "_inline_size": null,
                        "_inline_size_tablet": 50,
                        "margin_mobile": {
                            "unit": "px",
                            "top": "50",
                            "right": "0",
                            "bottom": "0",
                            "left": "0",
                            "isLinked": false
                        }
                    },
                    "elements": [
                        {
                            "id": "5afacbfc",
                            "settings": {
                                "selected_icon": {
                                    "value": "far fa-star",
                                    "library": "fa-regular"
                                },
                                "title_text": "10 Awars Won",
                                "description_text": "Sed ut perspiciatis unde omnis iste natus error sit voluptatem accusantium doloremque laudantium.",
                                "primary_color": "#3C3C3C",
                                "icon_size": {
                                    "unit": "px",
                                    "size": 24,
                                    "sizes": []
                                },
                                "title_color": "#3C3C3C",
                                "title_typography_typography": "custom",
                                "title_typography_font_family": "EB Garamond",
                                "title_typography_font_size": {
                                    "unit": "px",
                                    "size": 32,
                                    "sizes": []
                                },
                                "title_typography_font_weight": "400",
                                "description_color": "#3C3C3C",
                                "description_typography_typography": "custom",
                                "description_typography_font_family": "Inconsolata",
                                "view": "framed",
                                "position": "left",
                                "hover_animation": "push",
                                "icon_space": {
                                    "unit": "px",
                                    "size": 20,
                                    "sizes": []
                                },
                                "rotate": {
                                    "unit": "deg",
                                    "size": "",
                                    "sizes": []
                                },
                                "border_width": {
                                    "unit": "px",
                                    "top": "2",
                                    "right": "2",
                                    "bottom": "2",
                                    "left": "2",
                                    "isLinked": true
                                },
                                "_padding": {
                                    "unit": "px",
                                    "top": "30",
                                    "right": "30",
                                    "bottom": "30",
                                    "left": "30",
                                    "isLinked": true
                                },
                                "_animation": "fadeIn",
                                "_background_background": "classic",
                                "_background_color": "#F6F4F6",
                                "icon_size_tablet": {
                                    "unit": "px",
                                    "size": 18,
                                    "sizes": []
                                },
                                "title_typography_font_size_mobile": {
                                    "unit": "px",
                                    "size": 24,
                                    "sizes": []
                                },
                                "title_typography_line_height_tablet": {
                                    "unit": "em",
                                    "size": 1,
                                    "sizes": []
                                }
                            },
                            "elements": [],
                            "isInner": false,
                            "widgetType": "icon-box",
                            "elType": "widget"
                        }
                    ],
                    "isInner": false,
                    "elType": "column"
                },
                {
                    "id": "7fef55a0",
                    "settings": {
                        "_column_size": 33,
                        "_inline_size": null,
                        "_inline_size_tablet": 100,
                        "margin_mobile": {
                            "unit": "px",
                            "top": "50",
                            "right": "0",
                            "bottom": "0",
                            "left": "0",
                            "isLinked": false
                        }
                    },
                    "elements": [
                        {
                            "id": "50a499ca",
                            "settings": {
                                "selected_icon": {
                                    "value": "far fa-gem",
                                    "library": "fa-regular"
                                },
                                "title_text": "17 Years of Experiences",
                                "description_text": "Amet cursus sit amet dictum. Est lorem ipsum dolor sit amet consectetur adipiscing.",
                                "primary_color": "#3C3C3C",
                                "icon_size": {
                                    "unit": "px",
                                    "size": 24,
                                    "sizes": []
                                },
                                "title_color": "#3C3C3C",
                                "title_typography_typography": "custom",
                                "title_typography_font_family": "EB Garamond",
                                "title_typography_font_size": {
                                    "unit": "px",
                                    "size": 32,
                                    "sizes": []
                                },
                                "title_typography_font_weight": "400",
                                "description_color": "#3C3C3C",
                                "description_typography_typography": "custom",
                                "description_typography_font_family": "Inconsolata",
                                "view": "framed",
                                "position": "left",
                                "hover_animation": "push",
                                "icon_space": {
                                    "unit": "px",
                                    "size": 20,
                                    "sizes": []
                                },
                                "rotate": {
                                    "unit": "deg",
                                    "size": "",
                                    "sizes": []
                                },
                                "border_width": {
                                    "unit": "px",
                                    "top": "2",
                                    "right": "2",
                                    "bottom": "2",
                                    "left": "2",
                                    "isLinked": true
                                },
                                "_padding": {
                                    "unit": "px",
                                    "top": "30",
                                    "right": "30",
                                    "bottom": "30",
                                    "left": "30",
                                    "isLinked": true
                                },
                                "_animation": "fadeIn",
                                "_background_background": "classic",
                                "_background_color": "#F6F4F6",
                                "icon_size_tablet": {
                                    "unit": "px",
                                    "size": 18,
                                    "sizes": []
                                },
                                "title_typography_font_size_mobile": {
                                    "unit": "px",
                                    "size": 24,
                                    "sizes": []
                                },
                                "title_typography_line_height_tablet": {
                                    "unit": "em",
                                    "size": 1,
                                    "sizes": []
                                }
                            },
                            "elements": [],
                            "isInner": false,
                            "widgetType": "icon-box",
                            "elType": "widget"
                        }
                    ],
                    "isInner": false,
                    "elType": "column"
                }
            ],
            "isInner": false,
            "elType": "section"
        }
    ],
    "page_settings": {
        "background_background": "classic"
    }
}