{"version":"0.4","title":"Travel Agency > Specials 1","type":"page","content":[{"id":"224ab982","settings":{"background_background":"classic","background_image":{"id":"7020","url":"http:\/\/sitefacilitado.com.br\/membros\/wp-content\/uploads\/2020\/03\/bay-beach-blue-2242207.jpg"},"background_size":"cover","background_overlay_background":"gradient","background_overlay_color":"#60e8ea","padding":{"unit":"px","top":"0","right":"0","bottom":"0","left":"0","isLinked":""},"background_overlay_color_b":"#0b0bb7","background_overlay_opacity":{"unit":"px","size":"0.14"},"background_color":"#ffffff","height":"min-height","custom_height":{"unit":"vh","size":"85","sizes":[]},"html_tag":"section","background_attachment":"fixed","padding_mobile":{"unit":"px","top":"120","right":"0","bottom":"0","left":"0","isLinked":""},"column_position":"stretch","background_position":"initial","background_xpos":{"unit":"%","size":"1","sizes":[]},"background_ypos":{"unit":"%","size":"75","sizes":[]}},"elements":[{"id":"81f088","settings":{"_column_size":"100","content_position":"bottom","align":"center","padding":{"unit":"px","top":"0","right":"0","bottom":"90","left":"0","isLinked":""}},"elements":[{"id":"187e0825","settings":{"title":"springtime in","align":"center","title_color":"#1989e5","typography_typography":"custom","typography_font_family":"Source Sans Pro","_margin":{"unit":"%","top":"0","right":"0","bottom":"0","left":"0","isLinked":""},"typography_font_size":{"unit":"px","size":"18"},"typography_font_weight":"bold","typography_text_transform":"uppercase","typography_letter_spacing":{"unit":"px","size":"0.5"},"_element_custom_width":{"unit":"px","size":"223","sizes":[]},"align_mobile":"left","_margin_mobile":{"unit":"px","top":"0","right":"42","bottom":"0","left":"30","isLinked":""},"_padding":{"unit":"px","top":"8","right":"8","bottom":"8","left":"8","isLinked":"1"},"_background_background":"classic","_background_color":"#ffffff","_element_width":"initial","_element_vertical_align":"center"},"elements":[],"isInner":false,"widgetType":"heading","elType":"widget"},{"id":"45727f7f","settings":{"title":"ibiza, Spain","align":"center","title_color":"#ffffff","typography_typography":"custom","typography_font_family":"Source Sans Pro","typography_font_size":{"unit":"rem","size":"6"},"typography_font_weight":"bold","typography_text_transform":"uppercase","_margin":{"unit":"px","top":"0","right":"0","bottom":"0","left":"0","isLinked":""},"_padding":{"unit":"em","top":"0","right":"0","bottom":"1","left":"0","isLinked":""},"header_size":"h1","typography_font_size_mobile":{"unit":"rem","size":"3.8"},"typography_font_style":"normal","typography_text_decoration":"none","_padding_mobile":{"unit":"px","top":"0","right":"0","bottom":"0","left":"0","isLinked":""}},"elements":[],"isInner":false,"widgetType":"heading","elType":"widget"},{"id":"3e9d3371","settings":{"title":"$1559.99","align":"center","title_color":"#ffffff","typography_typography":"custom","typography_font_family":"Source Sans Pro","typography_font_size":{"unit":"rem","size":"2.5"},"typography_font_weight":"700","typography_text_transform":"uppercase","_margin":{"unit":"px","top":"-30","right":"0","bottom":"0","left":"0","isLinked":""},"_padding":{"unit":"em","top":"","right":"","bottom":"","left":"","isLinked":"1"},"typography_line_height":{"unit":"em","size":"2.1","sizes":[]},"header_size":"h3","typography_font_style":"normal","typography_text_decoration":"none"},"elements":[],"isInner":false,"widgetType":"heading","elType":"widget"}],"isInner":"","elType":"column"}],"isInner":"","elType":"section"},{"id":"12c784c4","settings":{"gap":"no","custom_height":{"unit":"px","size":"800"},"content_position":"middle","structure":"20","padding":{"unit":"em","top":"5","right":"0","bottom":"8","left":"0","isLinked":""},"padding_tablet":{"unit":"px","top":"100","right":"25","bottom":"100","left":"25","isLinked":""},"padding_mobile":{"unit":"px","top":"50","right":"20","bottom":"50","left":"20","isLinked":""},"content_width":{"unit":"px","size":"1140"},"html_tag":"section","background_background":"classic","background_color":"#fffcf7"},"elements":[{"id":"3044f34c","settings":{"_column_size":"50","_inline_size":"50","content_position":"top","margin_mobile":{"unit":"px","top":"0","right":"0","bottom":"0","left":"0","isLinked":""},"padding":{"unit":"em","top":"1","right":"1","bottom":"1","left":"1","isLinked":"1"},"padding_mobile":{"unit":"px","top":"0","right":"0","bottom":"0","left":"0","isLinked":""}},"elements":[{"id":"445015b9","settings":{"title":"Discover Spain","align":"left","title_color":"#1989e5","typography_typography":"custom","typography_font_family":"Source Sans Pro","_margin":{"unit":"px","top":"0","right":"0","bottom":"0","left":"0","isLinked":""},"header_size":"span","typography_font_size":{"unit":"rem","size":"1.5"},"typography_font_weight":"700","typography_text_transform":"none","typography_font_style":"normal","typography_text_decoration":"none","align_mobile":"center"},"elements":[],"isInner":false,"widgetType":"heading","elType":"widget"},{"id":"2aff984a","settings":{"title":"top 10 destination","align":"left","title_color":"#000000","typography_typography":"custom","typography_font_family":"Source Sans Pro","typography_font_size":{"unit":"rem","size":"3.8"},"typography_font_weight":"bold","typography_text_transform":"uppercase","_margin":{"unit":"px","top":"0","right":"0","bottom":"0","left":"0","isLinked":""},"_padding":{"unit":"px","top":"0","right":"0","bottom":"00","left":"0","isLinked":""},"align_mobile":"center","typography_font_size_mobile":{"unit":"rem","size":"3","sizes":[]},"_z_index":"11"},"elements":[],"isInner":false,"widgetType":"heading","elType":"widget"},{"id":"20d6c397","settings":{"align":"left","typography_typography":"custom","typography_font_family":"Open Sans","typography_font_size":{"unit":"rem","size":"1"},"typography_line_height":{"unit":"em","size":"1.5"},"editor":"<p>I am text block. Click edit button to change this text. Lorem ipsum dolor sit amet, consectetur adipiscing elit. Ut elit tellus, luctus nec ullamcorper mattis, pulvinar dapibus leo.<\/p>","typography_letter_spacing":{"unit":"px","size":"0"},"text_color":"#7a7a7a","typography_font_weight":"400","typography_text_transform":"none","typography_font_style":"normal","typography_text_decoration":"none","align_mobile":"center"},"elements":[],"isInner":false,"widgetType":"text-editor","elType":"widget"},{"id":"23d5606b","settings":{"image":{"url":"http:\/\/sitefacilitado.com.br\/membros\/wp-content\/uploads\/2020\/03\/maximilien-t-scharner-318691-unsplash.jpg","id":"7022"},"_margin":{"unit":"%","top":"8","right":"-15","bottom":"-10","left":"-5","isLinked":""},"_animation":"fadeInUp","image_size":"custom","image_custom_dimension":{"width":"600","height":"600"},"image_border_radius":{"unit":"px","top":"4","right":"4","bottom":"4","left":"4","isLinked":"1"},"_z_index":"11","_margin_mobile":{"unit":"px","top":"0","right":"0","bottom":"0","left":"0","isLinked":"1"}},"elements":[],"isInner":false,"widgetType":"image","elType":"widget"}],"isInner":"","elType":"column"},{"id":"5e09c74f","settings":{"_column_size":"50","_inline_size":"50","content_position":"top","padding":{"unit":"em","top":"3","right":"3","bottom":"3","left":"3","isLinked":"1"},"background_background":"classic","background_color":"#ffffff","border_width":{"unit":"px","top":"1","right":"1","bottom":"1","left":"1","isLinked":"1"},"border_color":"#f7f6d7","box_shadow_box_shadow":{"horizontal":"0","vertical":"0","blur":"5","spread":"0","color":"rgba(0,0,0,0.11)"},"border_radius":{"unit":"px","top":"5","right":"5","bottom":"5","left":"5","isLinked":"1"},"border_hover_width":{"unit":"px","top":"2","right":"2","bottom":"2","left":"2","isLinked":"1"},"border_hover_color":"#f7f3e1","box_shadow_hover_box_shadow_type":"yes","box_shadow_hover_box_shadow":{"horizontal":"0","vertical":"0","blur":"20","spread":"0","color":"rgba(0,0,0,0.17)"},"margin":{"unit":"%","top":"2","right":"2","bottom":"2","left":"2","isLinked":"1"}},"elements":[{"id":"48da26a5","settings":{"image":{"url":"http:\/\/sitefacilitado.com.br\/membros\/wp-content\/uploads\/2020\/03\/Traveling_icons_20.png","id":"7036"},"title_text":"Free transport","description_text":"Click edit button to change this text. Lorem ipsum dolor sit amet, consectetur adipiscing elit. Ut elit tellus, luctus nec ullamcorper mattis, pulvinar dapibus leo.","position":"left","title_size":"span","image_space":{"unit":"px","size":"24","sizes":[]},"image_size":{"unit":"%","size":"16","sizes":[]},"css_filters_css_filter":"custom","css_filters_brightness":{"unit":"px","size":"112","sizes":[]},"css_filters_contrast":{"unit":"px","size":"50","sizes":[]},"css_filters_saturate":{"unit":"px","size":"85","sizes":[]},"css_filters_hue":{"unit":"px","size":"186","sizes":[]},"background_hover_transition":{"unit":"px","size":"","sizes":[]},"title_color":"#000000","title_typography_typography":"custom","title_typography_font_family":"Source Sans Pro","title_typography_font_size":{"unit":"rem","size":"1.4","sizes":[]},"title_typography_font_weight":"700","title_typography_text_transform":"uppercase","title_typography_line_height":{"unit":"em","size":"2.1","sizes":[]},"description_typography_typography":"custom","description_typography_font_family":"Open Sans","description_typography_font_size":{"unit":"rem","size":"0.9","sizes":[]},"description_typography_line_height":{"unit":"em","size":"1.5","sizes":[]},"_margin":{"unit":"px","top":"0","right":"0","bottom":"0","left":"0","isLinked":""},"_margin_mobile":{"unit":"px","top":"0","right":"0","bottom":"0","left":"0","isLinked":""},"_padding":{"unit":"em","top":"0","right":"0","bottom":"0","left":"5","isLinked":""},"image_space_tablet":{"unit":"px","size":"14","sizes":[]},"image_size_tablet":{"unit":"%","size":"24","sizes":[]},"title_bottom_space_tablet":{"unit":"px","size":"10","sizes":[]},"title_typography_line_height_tablet":{"unit":"em","size":"1.2","sizes":[]},"_margin_tablet":{"unit":"px","top":"0","right":"0","bottom":"0","left":"0","isLinked":"1"},"_padding_tablet":{"unit":"px","top":"0","right":"0","bottom":"0","left":"0","isLinked":"1"}},"elements":[],"isInner":false,"widgetType":"image-box","elType":"widget"},{"id":"5782d83f","settings":{"space":{"unit":"px","size":"30","sizes":[]}},"elements":[],"isInner":false,"widgetType":"spacer","elType":"widget"},{"id":"9c38a8f","settings":{"image":{"url":"http:\/\/sitefacilitado.com.br\/membros\/wp-content\/uploads\/2020\/03\/net.png","id":"7063"},"title_text":"wireless internet","description_text":"Click edit button to change this text. Lorem ipsum dolor sit amet, consectetur adipiscing elit. Ut elit tellus, luctus nec ullamcorper mattis, pulvinar dapibus leo.","position":"left","title_size":"span","image_space":{"unit":"px","size":"24","sizes":[]},"image_size":{"unit":"%","size":"16","sizes":[]},"css_filters_css_filter":"custom","css_filters_brightness":{"unit":"px","size":"112","sizes":[]},"css_filters_contrast":{"unit":"px","size":"50","sizes":[]},"css_filters_saturate":{"unit":"px","size":"85","sizes":[]},"css_filters_hue":{"unit":"px","size":"186","sizes":[]},"background_hover_transition":{"unit":"px","size":"","sizes":[]},"title_color":"#000000","title_typography_typography":"custom","title_typography_font_family":"Source Sans Pro","title_typography_font_size":{"unit":"rem","size":"1.4","sizes":[]},"title_typography_font_weight":"700","title_typography_text_transform":"uppercase","title_typography_line_height":{"unit":"em","size":"2.1","sizes":[]},"description_typography_typography":"custom","description_typography_font_family":"Open Sans","description_typography_font_size":{"unit":"rem","size":"0.9","sizes":[]},"description_typography_line_height":{"unit":"em","size":"1.5","sizes":[]},"_margin":{"unit":"px","top":"0","right":"0","bottom":"0","left":"0","isLinked":""},"_margin_mobile":{"unit":"px","top":"0","right":"0","bottom":"0","left":"0","isLinked":""},"_padding":{"unit":"em","top":"0","right":"0","bottom":"0","left":"5","isLinked":""},"image_space_tablet":{"unit":"px","size":"14","sizes":[]},"image_size_tablet":{"unit":"%","size":"24","sizes":[]},"title_bottom_space_tablet":{"unit":"px","size":"10","sizes":[]},"title_typography_line_height_tablet":{"unit":"em","size":"1.2","sizes":[]},"_margin_tablet":{"unit":"px","top":"0","right":"0","bottom":"0","left":"0","isLinked":"1"},"_padding_tablet":{"unit":"px","top":"0","right":"0","bottom":"0","left":"0","isLinked":"1"}},"elements":[],"isInner":false,"widgetType":"image-box","elType":"widget"},{"id":"7c404f92","settings":{"space":{"unit":"px","size":"30","sizes":[]}},"elements":[],"isInner":false,"widgetType":"spacer","elType":"widget"},{"id":"1523b2db","settings":{"image":{"url":"http:\/\/sitefacilitado.com.br\/membros\/wp-content\/uploads\/2020\/03\/parking.png","id":"7012"},"title_text":"optional parking","description_text":"Click edit button to change this text. Lorem ipsum dolor sit amet, consectetur adipiscing elit. Ut elit tellus, luctus nec ullamcorper mattis, pulvinar dapibus leo.","position":"left","title_size":"span","image_space":{"unit":"px","size":"24","sizes":[]},"image_size":{"unit":"%","size":"16","sizes":[]},"css_filters_css_filter":"custom","css_filters_brightness":{"unit":"px","size":"112","sizes":[]},"css_filters_contrast":{"unit":"px","size":"50","sizes":[]},"css_filters_saturate":{"unit":"px","size":"85","sizes":[]},"css_filters_hue":{"unit":"px","size":"186","sizes":[]},"background_hover_transition":{"unit":"px","size":"","sizes":[]},"title_color":"#000000","title_typography_typography":"custom","title_typography_font_family":"Source Sans Pro","title_typography_font_size":{"unit":"rem","size":"1.4","sizes":[]},"title_typography_font_weight":"700","title_typography_text_transform":"uppercase","title_typography_line_height":{"unit":"em","size":"2.1","sizes":[]},"description_typography_typography":"custom","description_typography_font_family":"Open Sans","description_typography_font_size":{"unit":"rem","size":"0.9","sizes":[]},"description_typography_line_height":{"unit":"em","size":"1.5","sizes":[]},"_margin":{"unit":"px","top":"0","right":"0","bottom":"0","left":"0","isLinked":""},"_margin_mobile":{"unit":"px","top":"0","right":"0","bottom":"0","left":"0","isLinked":""},"_padding":{"unit":"em","top":"0","right":"0","bottom":"0","left":"5","isLinked":""},"image_space_tablet":{"unit":"px","size":"14","sizes":[]},"image_size_tablet":{"unit":"%","size":"24","sizes":[]},"title_bottom_space_tablet":{"unit":"px","size":"10","sizes":[]},"title_typography_line_height_tablet":{"unit":"em","size":"1.2","sizes":[]},"_margin_tablet":{"unit":"px","top":"0","right":"0","bottom":"0","left":"0","isLinked":"1"},"_padding_tablet":{"unit":"px","top":"0","right":"0","bottom":"0","left":"0","isLinked":"1"}},"elements":[],"isInner":false,"widgetType":"image-box","elType":"widget"},{"id":"3bf18212","settings":{"space":{"unit":"px","size":"30","sizes":[]}},"elements":[],"isInner":false,"widgetType":"spacer","elType":"widget"},{"id":"77d1bc12","settings":{"image":{"url":"http:\/\/sitefacilitado.com.br\/membros\/wp-content\/uploads\/2020\/03\/suns.png","id":"7042"},"title_text":"group tours","description_text":"Click edit button to change this text. Lorem ipsum dolor sit amet, consectetur adipiscing elit. Ut elit tellus, luctus nec ullamcorper mattis, pulvinar dapibus leo.","position":"left","title_size":"span","image_space":{"unit":"px","size":"24","sizes":[]},"image_size":{"unit":"%","size":"16","sizes":[]},"css_filters_css_filter":"custom","css_filters_brightness":{"unit":"px","size":"112","sizes":[]},"css_filters_contrast":{"unit":"px","size":"50","sizes":[]},"css_filters_saturate":{"unit":"px","size":"85","sizes":[]},"css_filters_hue":{"unit":"px","size":"186","sizes":[]},"background_hover_transition":{"unit":"px","size":"","sizes":[]},"title_color":"#000000","title_typography_typography":"custom","title_typography_font_family":"Source Sans Pro","title_typography_font_size":{"unit":"rem","size":"1.4","sizes":[]},"title_typography_font_weight":"700","title_typography_text_transform":"uppercase","title_typography_line_height":{"unit":"em","size":"2.1","sizes":[]},"description_typography_typography":"custom","description_typography_font_family":"Open Sans","description_typography_font_size":{"unit":"rem","size":"0.9","sizes":[]},"description_typography_line_height":{"unit":"em","size":"1.5","sizes":[]},"_margin":{"unit":"px","top":"0","right":"0","bottom":"0","left":"0","isLinked":""},"_margin_mobile":{"unit":"px","top":"0","right":"0","bottom":"0","left":"0","isLinked":""},"_padding":{"unit":"em","top":"0","right":"0","bottom":"0","left":"5","isLinked":""},"image_space_tablet":{"unit":"px","size":"14","sizes":[]},"image_size_tablet":{"unit":"%","size":"24","sizes":[]},"title_bottom_space_tablet":{"unit":"px","size":"10","sizes":[]},"title_typography_line_height_tablet":{"unit":"em","size":"1.2","sizes":[]},"_margin_tablet":{"unit":"px","top":"0","right":"0","bottom":"0","left":"0","isLinked":"1"},"_padding_tablet":{"unit":"px","top":"0","right":"0","bottom":"0","left":"0","isLinked":"1"}},"elements":[],"isInner":false,"widgetType":"image-box","elType":"widget"}],"isInner":"","elType":"column"}],"isInner":"","elType":"section"},{"id":"313a2373","settings":{"custom_height":{"unit":"vh","size":"30"},"padding":{"unit":"em","top":"5","right":"0","bottom":"5","left":"0","isLinked":""},"padding_tablet":{"unit":"em","top":"4","right":"0","bottom":"4","left":"0","isLinked":""},"padding_mobile":{"unit":"em","top":"3","right":"1","bottom":"1","left":"1","isLinked":""},"html_tag":"section","structure":"20","background_background":"classic","background_color":"#ffffff","background_ypos":{"unit":"%","size":"81","sizes":[]},"background_overlay_gradient_angle":{"unit":"deg","size":"0","sizes":[]},"background_overlay_opacity":{"unit":"px","size":"0.18","sizes":[]},"height":"min-height","background_image":{"id":"7023","url":"http:\/\/sitefacilitado.com.br\/membros\/wp-content\/uploads\/2020\/03\/beach-beachlife-blue-307007.jpg"},"background_position":"bottom center","background_attachment":"fixed","background_repeat":"no-repeat","background_size":"cover","background_overlay_background":"gradient","background_overlay_color":"rgba(255,144,119,0.79)","background_overlay_color_b":"#4bddc5","margin_tablet":{"unit":"px","top":"0","right":"0","bottom":"0","left":"0","isLinked":""},"margin_mobile":{"unit":"px","top":"0","right":"0","bottom":"0","left":"0","isLinked":""},"background_position_tablet":"center center","background_ypos_tablet":{"unit":"px","size":"44","sizes":[]},"background_size_tablet":"cover","reverse_order_tablet":"reverse-tablet","reverse_order_mobile":"reverse-mobile"},"elements":[{"id":"72d733cd","settings":{"_column_size":"50","_inline_size":"60","_inline_size_tablet":"100"},"elements":[{"id":"7e674ed","settings":{"structure":"20","animation":"fadeInUp"},"elements":[{"id":"3612e918","settings":{"_column_size":"50","_inline_size":"","content_position":"top","padding":{"unit":"em","top":"1","right":"1","bottom":"1","left":"1","isLinked":"1"},"box_shadow_box_shadow_type":"yes","box_shadow_box_shadow":{"horizontal":"0","vertical":"0","blur":"5","spread":"0","color":"rgba(0,0,0,0.11)"},"margin":{"unit":"px","top":"20","right":"20","bottom":"20","left":"20","isLinked":"1"},"border_border":"solid","border_width":{"unit":"px","top":"1","right":"1","bottom":"1","left":"1","isLinked":"1"},"border_color":"#f7f6d7","border_radius":{"unit":"px","top":"5","right":"5","bottom":"5","left":"5","isLinked":"1"},"border_hover_width":{"unit":"px","top":"2","right":"2","bottom":"2","left":"2","isLinked":"1"},"border_hover_color":"#f7f3e1","box_shadow_hover_box_shadow_type":"yes","box_shadow_hover_box_shadow":{"horizontal":"0","vertical":"0","blur":"20","spread":"0","color":"rgba(0,0,0,0.17)"},"background_background":"classic","background_color":"#ffffff"},"elements":[{"id":"4b196d1e","settings":{"image":{"id":"7036","url":"http:\/\/sitefacilitado.com.br\/membros\/wp-content\/uploads\/2020\/03\/Traveling_icons_20.png"},"image_size":"full","align":"center","opacity":{"unit":"px","size":"1","sizes":[]},"css_filters_brightness":{"unit":"px","size":"112","sizes":[]},"css_filters_contrast":{"unit":"px","size":"50","sizes":[]},"css_filters_saturate":{"unit":"px","size":"85","sizes":[]},"css_filters_hue":{"unit":"px","size":"186","sizes":[]},"_padding":{"unit":"em","top":"1","right":"1","bottom":"1","left":"1","isLinked":"1"},"css_filters_css_filter":"custom"},"elements":[],"isInner":false,"widgetType":"image","elType":"widget"},{"id":"2e93c6d8","settings":{"title":"city tour","align":"center","title_color":"#000000","typography_typography":"custom","typography_font_family":"Source Sans Pro","typography_font_size":{"unit":"rem","size":"1.7"},"typography_font_weight":"700","typography_text_transform":"uppercase","header_size":"h3","typography_font_style":"normal","typography_text_decoration":"none","_padding":{"unit":"em","top":"","right":"","bottom":"","left":"","isLinked":"1"}},"elements":[],"isInner":false,"widgetType":"heading","elType":"widget"},{"id":"4a174ff5","settings":{"align":"center","typography_typography":"custom","typography_font_family":"Open Sans","typography_font_size":{"unit":"rem","size":"1"},"typography_line_height":{"unit":"em","size":"1.6"},"editor":"<p>Lorem ipsum dolor sit amet, consectetur adipiscing elit.&nbsp;<\/p>","_padding":{"unit":"em","top":"","right":"","bottom":"","left":"","isLinked":""},"typography_letter_spacing":{"unit":"px","size":"0"},"text_color":"#7a7a7a","typography_font_size_tablet":{"unit":"rem","size":"1","sizes":[]},"typography_text_transform":"none","typography_font_style":"normal","typography_text_decoration":"none"},"elements":[],"isInner":false,"widgetType":"text-editor","elType":"widget"},{"id":"12b7aae1","settings":{"text":"From $899","align":"right","icon_align":"right","icon_indent":{"unit":"px","size":"10"},"typography_typography":"custom","typography_font_family":"Open Sans","typography_font_size":{"unit":"rem","size":"0.9"},"typography_font_weight":"700","typography_text_transform":"uppercase","typography_letter_spacing":{"unit":"px","size":"0"},"button_text_color":"#1989e5","background_color":"rgba(229,226,215,0.31)","hover_color":"#ffffff","button_background_hover_color":"#ef4c5d","button_hover_border_color":"#ef182d","border_color":"#000000","border_radius":{"unit":"px","top":"0","right":"0","bottom":"0","left":"0","isLinked":"1"},"button_box_shadow_box_shadow":{"horizontal":"0","vertical":"0","blur":"0","spread":"2","color":"rgba(255,220,74,0.4)"},"button_box_shadow_box_shadow_position":"inset","text_padding":{"unit":"px","top":"10","right":"15","bottom":"10","left":"10","isLinked":""},"_margin":{"unit":"px","top":"0","right":"-18","bottom":"-18","left":"0","isLinked":""},"_padding":{"unit":"px","top":"0","right":"0","bottom":"0","left":"0","isLinked":""},"size":"md","typography_font_style":"normal","typography_text_decoration":"none","icon":"fa fa-angle-right","typography_line_height":{"unit":"em","size":"1","sizes":[]},"align_mobile":"center"},"elements":[],"isInner":false,"widgetType":"button","elType":"widget"}],"isInner":"1","elType":"column"},{"id":"6d5a8dda","settings":{"_column_size":"50","_inline_size":"","content_position":"top","padding":{"unit":"em","top":"1","right":"1","bottom":"1","left":"1","isLinked":"1"},"box_shadow_box_shadow_type":"yes","box_shadow_box_shadow":{"horizontal":"0","vertical":"0","blur":"5","spread":"0","color":"rgba(0,0,0,0.11)"},"margin":{"unit":"px","top":"20","right":"20","bottom":"20","left":"20","isLinked":"1"},"border_border":"solid","border_width":{"unit":"px","top":"1","right":"1","bottom":"1","left":"1","isLinked":"1"},"border_color":"#f7f6d7","border_radius":{"unit":"px","top":"5","right":"5","bottom":"5","left":"5","isLinked":"1"},"border_hover_width":{"unit":"px","top":"2","right":"2","bottom":"2","left":"2","isLinked":"1"},"border_hover_color":"#f7f3e1","box_shadow_hover_box_shadow_type":"yes","box_shadow_hover_box_shadow":{"horizontal":"0","vertical":"0","blur":"20","spread":"0","color":"rgba(0,0,0,0.17)"},"background_background":"classic","background_color":"#ffffff"},"elements":[{"id":"1f9fb6ad","settings":{"image":{"id":"7043","url":"http:\/\/sitefacilitado.com.br\/membros\/wp-content\/uploads\/2020\/03\/coffee.png"},"image_size":"full","align":"center","opacity":{"unit":"px","size":"1","sizes":[]},"css_filters_brightness":{"unit":"px","size":"112","sizes":[]},"css_filters_contrast":{"unit":"px","size":"50","sizes":[]},"css_filters_saturate":{"unit":"px","size":"85","sizes":[]},"css_filters_hue":{"unit":"px","size":"186","sizes":[]},"_padding":{"unit":"em","top":"1","right":"1","bottom":"1","left":"1","isLinked":"1"},"css_filters_css_filter":"custom"},"elements":[],"isInner":false,"widgetType":"image","elType":"widget"},{"id":"35bcdeab","settings":{"title":"free breakfast","align":"center","title_color":"#000000","typography_typography":"custom","typography_font_family":"Source Sans Pro","typography_font_size":{"unit":"rem","size":"1.7"},"typography_font_weight":"700","typography_text_transform":"uppercase","header_size":"h3","typography_font_style":"normal","typography_text_decoration":"none","_padding":{"unit":"em","top":"","right":"","bottom":"","left":"","isLinked":"1"}},"elements":[],"isInner":false,"widgetType":"heading","elType":"widget"},{"id":"dfef49f","settings":{"align":"center","typography_typography":"custom","typography_font_family":"Open Sans","typography_font_size":{"unit":"rem","size":"1"},"typography_line_height":{"unit":"em","size":"1.6"},"editor":"<p>Lorem ipsum dolor sit amet, consectetur adipiscing elit.&nbsp;<\/p>","_padding":{"unit":"em","top":"","right":"","bottom":"","left":"","isLinked":""},"typography_letter_spacing":{"unit":"px","size":"0"},"text_color":"#7a7a7a","typography_font_size_tablet":{"unit":"rem","size":"1","sizes":[]},"typography_text_transform":"none","typography_font_style":"normal","typography_text_decoration":"none","typography_font_size_mobile":{"unit":"rem","size":"0.8","sizes":[]}},"elements":[],"isInner":false,"widgetType":"text-editor","elType":"widget"},{"id":"de1b3b1","settings":{"text":"From $899","align":"right","icon_align":"right","icon_indent":{"unit":"px","size":"10"},"typography_typography":"custom","typography_font_family":"Open Sans","typography_font_size":{"unit":"rem","size":"0.9"},"typography_font_weight":"700","typography_text_transform":"uppercase","typography_letter_spacing":{"unit":"px","size":"0"},"button_text_color":"#1989e5","background_color":"rgba(229,226,215,0.31)","hover_color":"#ffffff","button_background_hover_color":"#ef4c5d","button_hover_border_color":"#ef182d","border_color":"#000000","border_radius":{"unit":"px","top":"0","right":"0","bottom":"0","left":"0","isLinked":"1"},"button_box_shadow_box_shadow":{"horizontal":"0","vertical":"0","blur":"0","spread":"2","color":"rgba(255,220,74,0.4)"},"button_box_shadow_box_shadow_position":"inset","text_padding":{"unit":"px","top":"10","right":"15","bottom":"10","left":"10","isLinked":""},"_margin":{"unit":"px","top":"0","right":"-18","bottom":"-18","left":"0","isLinked":""},"_padding":{"unit":"px","top":"0","right":"0","bottom":"0","left":"0","isLinked":""},"size":"md","typography_font_style":"normal","typography_text_decoration":"none","icon":"fa fa-angle-right","typography_line_height":{"unit":"em","size":"1","sizes":[]},"align_mobile":"center"},"elements":[],"isInner":false,"widgetType":"button","elType":"widget"}],"isInner":"1","elType":"column"}],"isInner":"1","elType":"section"}],"isInner":"","elType":"column"},{"id":"5adda8a7","settings":{"_column_size":"50","_inline_size":"40","_inline_size_tablet":"100","content_position":"center","padding":{"unit":"em","top":"1","right":"1","bottom":"1","left":"1","isLinked":"1"}},"elements":[{"id":"32a110a5","settings":{"title":"explore spain","align":"right","title_color":"#1989e5","typography_typography":"custom","typography_font_family":"Source Sans Pro","_margin":{"unit":"px","top":"0","right":"0","bottom":"0","left":"0","isLinked":""},"typography_font_size":{"unit":"rem","size":"1.5"},"header_size":"span","typography_font_weight":"700","typography_text_transform":"capitalize","typography_font_style":"normal","typography_text_decoration":"none","align_tablet":"center"},"elements":[],"isInner":false,"widgetType":"heading","elType":"widget"},{"id":"b415849","settings":{"title":"villa malaga","align":"right","title_color":"#ffffff","typography_typography":"custom","typography_font_family":"Source Sans Pro","typography_font_size":{"unit":"px","size":"60"},"typography_font_weight":"bold","typography_text_transform":"uppercase","_margin":{"unit":"px","top":"0","right":"0","bottom":"0","left":"0","isLinked":""},"_padding":{"unit":"px","top":"0","right":"0","bottom":"00","left":"0","isLinked":""},"align_tablet":"center","typography_font_size_mobile":{"unit":"rem","size":"3","sizes":[]}},"elements":[],"isInner":false,"widgetType":"heading","elType":"widget"},{"id":"372ffd31","settings":{"align":"right","typography_typography":"custom","typography_font_family":"Open Sans","typography_font_size":{"unit":"rem","size":"1"},"typography_line_height":{"unit":"em","size":"1.5"},"editor":"<p>I am text block. Click edit button to change this text. Lorem ipsum dolor sit amet, consectetur adipiscing elit. Ut elit tellus, luctus nec ullamcorper mattis, pulvinar dapibus leo.<\/p>","typography_letter_spacing":{"unit":"px","size":"0"},"text_color":"#ffffff","typography_font_weight":"400","typography_text_transform":"none","typography_font_style":"normal","typography_text_decoration":"none","align_mobile":"center"},"elements":[],"isInner":false,"widgetType":"text-editor","elType":"widget"},{"id":"66de9c2b","settings":{"text":"all features","align":"right","icon_align":"right","icon_indent":{"unit":"px","size":"10"},"typography_typography":"custom","typography_font_family":"Source Sans Pro","typography_font_size":{"unit":"rem","size":"1.1"},"typography_font_weight":"700","typography_text_transform":"uppercase","typography_letter_spacing":{"unit":"px","size":"0.5"},"button_text_color":"#ffffff","background_color":"#1989e5","hover_color":"#ffffff","button_background_hover_color":"#ef4c5d","button_hover_border_color":"#ef182d","border_color":"#000000","border_radius":{"unit":"px","top":"0","right":"0","bottom":"0","left":"0","isLinked":"1"},"button_box_shadow_box_shadow":{"horizontal":"0","vertical":"0","blur":"0","spread":"2","color":"rgba(255,220,74,0.4)"},"button_box_shadow_box_shadow_position":"inset","text_padding":{"unit":"em","top":"","right":"","bottom":"","left":"","isLinked":"1"},"_margin":{"unit":"px","top":"30","right":"0","bottom":"0","left":"0","isLinked":""},"_padding":{"unit":"px","top":"0","right":"0","bottom":"0","left":"0","isLinked":""},"size":"md","typography_font_style":"normal","typography_text_decoration":"none","hover_animation":"bob","align_tablet":"center","align_mobile":"justify"},"elements":[],"isInner":false,"widgetType":"button","elType":"widget"}],"isInner":"","elType":"column"}],"isInner":"","elType":"section"},{"id":"a2906df","settings":{"gap":"no","custom_height":{"unit":"px","size":"800"},"content_position":"middle","structure":"30","padding":{"unit":"em","top":"3","right":"0","bottom":"3","left":"0","isLinked":""},"padding_tablet":{"unit":"px","top":"100","right":"25","bottom":"100","left":"25","isLinked":""},"padding_mobile":{"unit":"px","top":"50","right":"20","bottom":"50","left":"20","isLinked":""},"content_width":{"unit":"px","size":"1140"},"html_tag":"section","background_background":"classic","background_color":"#fffcf7"},"elements":[{"id":"2904069c","settings":{"_column_size":"33","_inline_size":""},"elements":[{"id":"719360d9","settings":{"title":"city tours","align":"left","title_color":"#1989e5","typography_typography":"custom","typography_font_family":"Source Sans Pro","_margin":{"unit":"px","top":"0","right":"0","bottom":"0","left":"0","isLinked":""},"typography_font_size":{"unit":"rem","size":"1.5"},"typography_font_weight":"700","typography_text_transform":"capitalize","typography_font_style":"normal","typography_text_decoration":"none","align_mobile":"center"},"elements":[],"isInner":false,"widgetType":"heading","elType":"widget"},{"id":"592a154d","settings":{"title":"explore <br>old town","align":"left","title_color":"#000000","typography_typography":"custom","typography_font_family":"Source Sans Pro","typography_font_size":{"unit":"rem","size":"3.8"},"typography_font_weight":"bold","typography_text_transform":"uppercase","_margin":{"unit":"px","top":"0","right":"0","bottom":"0","left":"0","isLinked":""},"_padding":{"unit":"px","top":"0","right":"0","bottom":"00","left":"0","isLinked":""},"align_mobile":"center","typography_font_size_tablet":{"unit":"rem","size":"3","sizes":[]}},"elements":[],"isInner":false,"widgetType":"heading","elType":"widget"},{"id":"1f3bc8eb","settings":{"text":"dates & detail","align":"left","icon_align":"right","icon_indent":{"unit":"px","size":"10"},"typography_typography":"custom","typography_font_family":"Source Sans Pro","typography_font_size":{"unit":"rem","size":"1.1"},"typography_font_weight":"700","typography_text_transform":"uppercase","typography_letter_spacing":{"unit":"px","size":"0.5"},"button_text_color":"#ffffff","background_color":"#1989e5","hover_color":"#ffffff","button_background_hover_color":"#ef4c5d","button_hover_border_color":"#ef182d","border_color":"#000000","border_radius":{"unit":"px","top":"0","right":"0","bottom":"0","left":"0","isLinked":"1"},"button_box_shadow_box_shadow":{"horizontal":"0","vertical":"0","blur":"0","spread":"2","color":"rgba(255,220,74,0.4)"},"button_box_shadow_box_shadow_position":"inset","text_padding":{"unit":"em","top":"","right":"","bottom":"","left":"","isLinked":"1"},"_margin":{"unit":"px","top":"30","right":"0","bottom":"0","left":"0","isLinked":""},"_padding":{"unit":"px","top":"0","right":"0","bottom":"0","left":"0","isLinked":""},"size":"md","typography_font_style":"normal","typography_text_decoration":"none","hover_animation":"bob","align_mobile":"justify"},"elements":[],"isInner":false,"widgetType":"button","elType":"widget"}],"isInner":"","elType":"column"},{"id":"4d00da8e","settings":{"_column_size":"33","_inline_size":"","padding":{"unit":"em","top":"2","right":"2","bottom":"2","left":"2","isLinked":"1"},"padding_tablet":{"unit":"px","top":"15","right":"15","bottom":"15","left":"15","isLinked":"1"},"padding_mobile":{"unit":"px","top":"25","right":"0","bottom":"0","left":"0","isLinked":""},"animation":"fadeInUp"},"elements":[{"id":"47b70726","settings":{"image":{"id":"7067","url":"http:\/\/sitefacilitado.com.br\/membros\/wp-content\/uploads\/2020\/03\/architecture-buildings-city-541217.jpg"},"image_size":"full","hover_animation":"grow","css_filters_css_filter":"custom","css_filters_brightness":{"unit":"px","size":"114","sizes":[]},"image_border_radius":{"unit":"px","top":"4","right":"4","bottom":"4","left":"4","isLinked":"1"}},"elements":[],"isInner":false,"widgetType":"image","elType":"widget"},{"id":"5c0b7460","settings":{"align":"left","typography_typography":"custom","typography_font_family":"Open Sans","typography_font_size":{"unit":"rem","size":"1"},"typography_line_height":{"unit":"em","size":"1.5"},"editor":"<p>Lorem ipsum dolor sit amet, consectetur adipiscing elit. Ut elit tellus, luctus nec ullamcorper mattis.<\/p>","typography_letter_spacing":{"unit":"px","size":"0"},"text_color":"#7a7a7a","typography_font_weight":"400","typography_text_transform":"none","typography_font_style":"normal","typography_text_decoration":"none","typography_font_size_tablet":{"unit":"rem","size":"0.8","sizes":[]}},"elements":[],"isInner":false,"widgetType":"text-editor","elType":"widget"}],"isInner":"","elType":"column"},{"id":"3b12ec11","settings":{"_column_size":"33","_inline_size":"","padding":{"unit":"em","top":"2","right":"2","bottom":"2","left":"2","isLinked":"1"},"padding_tablet":{"unit":"px","top":"15","right":"15","bottom":"15","left":"15","isLinked":"1"},"padding_mobile":{"unit":"px","top":"25","right":"0","bottom":"0","left":"0","isLinked":""}},"elements":[{"id":"789fa991","settings":{"align":"left","typography_typography":"custom","typography_font_family":"Open Sans","typography_font_size":{"unit":"rem","size":"1"},"typography_line_height":{"unit":"em","size":"1.5"},"editor":"<p>I am text block. Click edit button to change this text. Lorem ipsum dolor sit amet, consectetur adipiscing elit. Ut elit tellus, luctus nec ullamcorper mattis, pulvinar dapibus leo. Ut elit tellus, luctus nec ullamcorper mattis, pulvinar dapibus leo.<\/p>","typography_letter_spacing":{"unit":"px","size":"0"},"text_color":"#7a7a7a","typography_font_weight":"400","typography_text_transform":"none","typography_font_style":"normal","typography_text_decoration":"none","typography_font_size_tablet":{"unit":"rem","size":"0.8","sizes":[]}},"elements":[],"isInner":false,"widgetType":"text-editor","elType":"widget"},{"id":"1692f8a6","settings":{"image":{"id":"7072","url":"http:\/\/sitefacilitado.com.br\/membros\/wp-content\/uploads\/2020\/03\/architecture-balcony-buildings-723465.jpg"},"image_size":"custom","hover_animation":"grow","image_custom_dimension":{"width":"600","height":"700"},"css_filters_css_filter":"custom","css_filters_brightness":{"unit":"px","size":"112","sizes":[]},"image_border_radius":{"unit":"px","top":"4","right":"4","bottom":"4","left":"4","isLinked":"1"}},"elements":[],"isInner":false,"widgetType":"image","elType":"widget"}],"isInner":"","elType":"column"}],"isInner":"","elType":"section"},{"id":"244e6bfb","settings":{"layout":"full_width","structure":"50"},"elements":[{"id":"4ff2e614","settings":{"_column_size":"20","_inline_size":"","background_background":"classic","background_image":{"id":"7021","url":"http:\/\/sitefacilitado.com.br\/membros\/wp-content\/uploads\/2020\/03\/architecture-buildings-canary-2265767.jpg"},"background_position":"bottom right","background_repeat":"no-repeat","background_size":"cover","background_overlay_gradient_angle":{"unit":"deg","size":"190"},"background_overlay_opacity":{"unit":"px","size":"0"},"background_overlay_hover_opacity":{"unit":"px","size":"0.32"},"background_overlay_hover_transition":{"unit":"px","size":"2.1"},"content_position":"top","background_color_b":"#ffdc4a","background_hover_color":"#ffdc4a","background_overlay_background":"classic","background_overlay_color":"#ffffff","background_overlay_color_b":"#ff0008","background_overlay_hover_background":"gradient","background_overlay_hover_color":"#ffdc4a","border_width":{"unit":"px","top":"0","right":"0","bottom":"0","left":"0","isLinked":"1"},"border_color":"#ffdc4a","box_shadow_box_shadow":{"horizontal":"0","vertical":"0","blur":"46","spread":"-14","color":"rgba(0,0,0,0.45)"},"border_hover_color":"#ff6d24","margin":{"unit":"%","top":"0","right":"0","bottom":"0","left":"0","isLinked":"1"},"margin_mobile":{"unit":"px","top":"0","right":"0","bottom":"3","left":"0","isLinked":""},"padding":{"unit":"px","top":"0","right":"0","bottom":"0","left":"0","isLinked":""},"padding_mobile":{"unit":"em","top":"0","right":"0","bottom":"5","left":"0","isLinked":""}},"elements":[{"id":"2e77334b","settings":{"space":{"unit":"px","size":"250","sizes":[]}},"elements":[],"isInner":false,"widgetType":"spacer","elType":"widget"}],"isInner":"","elType":"column"},{"id":"7b05e217","settings":{"_column_size":"20","_inline_size":"","background_background":"classic","background_image":{"id":"7020","url":"http:\/\/sitefacilitado.com.br\/membros\/wp-content\/uploads\/2020\/03\/bay-beach-blue-2242207.jpg"},"background_position":"bottom right","background_repeat":"no-repeat","background_size":"cover","background_overlay_gradient_angle":{"unit":"deg","size":"190"},"background_overlay_opacity":{"unit":"px","size":"0"},"background_overlay_hover_opacity":{"unit":"px","size":"0.32"},"background_overlay_hover_transition":{"unit":"px","size":"2.1"},"content_position":"top","background_color_b":"#ffdc4a","background_hover_color":"#ffdc4a","background_overlay_background":"classic","background_overlay_color":"#ffffff","background_overlay_color_b":"#ff0008","background_overlay_hover_background":"gradient","background_overlay_hover_color":"#ffdc4a","border_width":{"unit":"px","top":"0","right":"0","bottom":"0","left":"0","isLinked":"1"},"border_color":"#ffdc4a","box_shadow_box_shadow":{"horizontal":"0","vertical":"0","blur":"46","spread":"-14","color":"rgba(0,0,0,0.45)"},"border_hover_color":"#ff6d24","margin":{"unit":"%","top":"0","right":"0","bottom":"0","left":"0","isLinked":"1"},"margin_mobile":{"unit":"px","top":"0","right":"0","bottom":"3","left":"0","isLinked":""},"padding":{"unit":"px","top":"0","right":"0","bottom":"0","left":"0","isLinked":""},"padding_mobile":{"unit":"em","top":"0","right":"0","bottom":"5","left":"0","isLinked":""}},"elements":[{"id":"7ebaa719","settings":{"space":{"unit":"px","size":"250","sizes":[]}},"elements":[],"isInner":false,"widgetType":"spacer","elType":"widget"}],"isInner":"","elType":"column"},{"id":"781f5bce","settings":{"_column_size":"20","_inline_size":"","background_background":"classic","background_image":{"id":"7023","url":"http:\/\/sitefacilitado.com.br\/membros\/wp-content\/uploads\/2020\/03\/beach-beachlife-blue-307007.jpg"},"background_position":"bottom right","background_repeat":"no-repeat","background_size":"cover","background_overlay_gradient_angle":{"unit":"deg","size":"190"},"background_overlay_opacity":{"unit":"px","size":"0"},"background_overlay_hover_opacity":{"unit":"px","size":"0.32"},"background_overlay_hover_transition":{"unit":"px","size":"2.1"},"content_position":"top","background_color_b":"#ffdc4a","background_hover_color":"#ffdc4a","background_overlay_background":"classic","background_overlay_color":"#ffffff","background_overlay_color_b":"#ff0008","background_overlay_hover_background":"gradient","background_overlay_hover_color":"#ffdc4a","border_width":{"unit":"px","top":"0","right":"0","bottom":"0","left":"0","isLinked":"1"},"border_color":"#ffdc4a","box_shadow_box_shadow":{"horizontal":"0","vertical":"0","blur":"46","spread":"-14","color":"rgba(0,0,0,0.45)"},"border_hover_color":"#ff6d24","margin":{"unit":"%","top":"0","right":"0","bottom":"0","left":"0","isLinked":"1"},"margin_mobile":{"unit":"px","top":"0","right":"0","bottom":"3","left":"0","isLinked":""},"padding":{"unit":"px","top":"0","right":"0","bottom":"0","left":"0","isLinked":""},"padding_mobile":{"unit":"em","top":"0","right":"0","bottom":"5","left":"0","isLinked":""}},"elements":[{"id":"1d0a0716","settings":{"space":{"unit":"px","size":"250","sizes":[]}},"elements":[],"isInner":false,"widgetType":"spacer","elType":"widget"}],"isInner":"","elType":"column"},{"id":"e944108","settings":{"_column_size":"20","_inline_size":"","background_background":"classic","background_image":{"id":"7018","url":"http:\/\/sitefacilitado.com.br\/membros\/wp-content\/uploads\/2020\/03\/pexels-photo-586687-scaled.jpeg"},"background_position":"center center","background_repeat":"no-repeat","background_size":"cover","background_overlay_gradient_angle":{"unit":"deg","size":"190"},"background_overlay_opacity":{"unit":"px","size":"0"},"background_overlay_hover_opacity":{"unit":"px","size":"0.32"},"background_overlay_hover_transition":{"unit":"px","size":"2.1"},"content_position":"top","background_color_b":"#ffdc4a","background_hover_color":"#ffdc4a","background_overlay_background":"classic","background_overlay_color":"#ffffff","background_overlay_color_b":"#ff0008","background_overlay_hover_background":"gradient","background_overlay_hover_color":"#ffdc4a","border_width":{"unit":"px","top":"0","right":"0","bottom":"0","left":"0","isLinked":"1"},"border_color":"#ffdc4a","box_shadow_box_shadow":{"horizontal":"0","vertical":"0","blur":"46","spread":"-14","color":"rgba(0,0,0,0.45)"},"border_hover_color":"#ff6d24","margin":{"unit":"%","top":"0","right":"0","bottom":"0","left":"0","isLinked":"1"},"margin_mobile":{"unit":"px","top":"0","right":"0","bottom":"3","left":"0","isLinked":""},"padding":{"unit":"px","top":"0","right":"0","bottom":"0","left":"0","isLinked":""},"padding_mobile":{"unit":"em","top":"0","right":"0","bottom":"5","left":"0","isLinked":""}},"elements":[{"id":"753eb4f6","settings":{"space":{"unit":"px","size":"250","sizes":[]}},"elements":[],"isInner":false,"widgetType":"spacer","elType":"widget"}],"isInner":"","elType":"column"},{"id":"69903afe","settings":{"_column_size":"20","_inline_size":"","background_background":"classic","background_image":{"id":"7022","url":"http:\/\/sitefacilitado.com.br\/membros\/wp-content\/uploads\/2020\/03\/maximilien-t-scharner-318691-unsplash.jpg"},"background_position":"initial","background_repeat":"no-repeat","background_size":"cover","content_position":"top","background_color_b":"#ffdc4a","background_hover_color":"#ffdc4a","background_overlay_background":"classic","background_overlay_color":"#ffffff","background_overlay_color_b":"#ff0008","background_overlay_gradient_angle":{"unit":"deg","size":"190"},"background_overlay_opacity":{"unit":"px","size":"0"},"background_overlay_hover_background":"gradient","background_overlay_hover_color":"#ffdc4a","background_overlay_hover_opacity":{"unit":"px","size":"0.32"},"background_overlay_hover_transition":{"unit":"px","size":"2.1"},"border_width":{"unit":"px","top":"0","right":"0","bottom":"0","left":"0","isLinked":"1"},"border_color":"#ffdc4a","box_shadow_box_shadow":{"horizontal":"0","vertical":"0","blur":"46","spread":"-14","color":"rgba(0,0,0,0.45)"},"border_hover_color":"#ff6d24","margin":{"unit":"%","top":"0","right":"0","bottom":"0","left":"0","isLinked":"1"},"margin_mobile":{"unit":"px","top":"0","right":"0","bottom":"3","left":"0","isLinked":""},"padding":{"unit":"px","top":"0","right":"0","bottom":"0","left":"0","isLinked":""},"padding_mobile":{"unit":"em","top":"0","right":"0","bottom":"5","left":"0","isLinked":""}},"elements":[{"id":"76951241","settings":{"space":{"unit":"px","size":"250","sizes":[]}},"elements":[],"isInner":false,"widgetType":"spacer","elType":"widget"}],"isInner":"","elType":"column"}],"isInner":"","elType":"section"}]}