{"version":"0.4","title":"Travel Agency > Offers 1","type":"page","content":[{"id":"1c0cc3d2","settings":{"height":"min-height","background_background":"classic","background_image":{"id":"7035","url":"http:\/\/sitefacilitado.com.br\/membros\/wp-content\/uploads\/2020\/03\/oliver-cole-252386-unsplash.jpg"},"background_size":"cover","background_overlay_background":"gradient","background_overlay_color":"#ffdc4a","padding":{"unit":"em","top":"4","right":"0","bottom":"4","left":"0","isLinked":""},"background_overlay_color_b":"#ef182d","background_overlay_opacity":{"unit":"px","size":"0.14"},"background_color":"#ffffff","padding_mobile":{"unit":"em","top":"1","right":"1","bottom":"1","left":"1","isLinked":"1"},"html_tag":"section","custom_height":{"unit":"vh","size":"78","sizes":[]},"column_position":"stretch","background_position":"bottom center","background_xpos":{"unit":"%","size":"1","sizes":[]},"background_ypos":{"unit":"px","size":"2","sizes":[]},"background_attachment":"fixed"},"elements":[{"id":"7ec7881","settings":{"_column_size":"100","margin":{"unit":"px","top":"0","right":"0","bottom":"0","left":"0","isLinked":""},"padding":{"unit":"%","top":"10","right":"0","bottom":"0","left":"0","isLinked":""},"content_position":"center"},"elements":[{"id":"4128680d","settings":{"title":"featured tours","align":"center","title_color":"#1989e5","typography_typography":"custom","typography_font_family":"Source Sans Pro","_margin":{"unit":"px","top":"0","right":"0","bottom":"0","left":"0","isLinked":""},"typography_font_size":{"unit":"rem","size":"1.5"},"typography_font_weight":"700","typography_text_transform":"capitalize","typography_font_style":"normal","typography_text_decoration":"none"},"elements":[],"isInner":false,"widgetType":"heading","elType":"widget"},{"id":"4eac35cf","settings":{"title":"offers","align":"center","title_color":"#ffffff","typography_typography":"custom","typography_font_family":"Source Sans Pro","typography_font_size":{"unit":"rem","size":"6"},"typography_font_weight":"bold","typography_text_transform":"uppercase","_margin":{"unit":"px","top":"0","right":"0","bottom":"0","left":"0","isLinked":""},"_padding":{"unit":"em","top":"0","right":"0","bottom":"1","left":"0","isLinked":""},"typography_font_size_mobile":{"unit":"rem","size":"4"},"_padding_mobile":{"unit":"px","top":"0","right":"0","bottom":"0","left":"0","isLinked":""},"header_size":"h1","typography_font_style":"normal","typography_text_decoration":"none"},"elements":[],"isInner":false,"widgetType":"heading","elType":"widget"},{"id":"2cda3fef","settings":{"structure":"30","background_background":"classic","content_width":{"unit":"px","size":"1120"},"gap":"wider","padding":{"unit":"px","top":"20","right":"0","bottom":"10","left":"0","isLinked":""},"height_inner":"min-height","custom_height_inner":{"unit":"px","size":"261"},"animation":"fadeInUp","content_position":"middle"},"elements":[{"id":"4df5aaa3","settings":{"_column_size":"33","_inline_size":"","background_background":"classic","background_color":"#ef182d","border_width":{"unit":"px","top":"0","right":"0","bottom":"0","left":"0","isLinked":"1"},"border_color":"#ffdc4a","box_shadow_box_shadow":{"horizontal":"0","vertical":"0","blur":"46","spread":"-14","color":"rgba(0,0,0,0.45)"},"border_hover_color":"#ff6d24","margin":{"unit":"%","top":"2","right":"2","bottom":"2","left":"2","isLinked":"1"},"padding":{"unit":"px","top":"0","right":"0","bottom":"0","left":"0","isLinked":""},"content_position":"bottom","background_image":{"id":"7014","url":"http:\/\/sitefacilitado.com.br\/membros\/wp-content\/uploads\/2020\/03\/sinziana-susa-490601-unsplash.jpg"},"background_repeat":"no-repeat","background_size":"cover","background_overlay_background":"classic","background_overlay_color":"#ffffff","background_overlay_color_b":"#ff0008","background_overlay_gradient_angle":{"unit":"deg","size":"190"},"background_overlay_opacity":{"unit":"px","size":"0"},"background_overlay_hover_background":"gradient","background_overlay_hover_opacity":{"unit":"px","size":"0.32"},"background_color_b":"#ffdc4a","background_hover_color":"#ffdc4a","background_overlay_hover_color":"#ffdc4a","background_overlay_hover_transition":{"unit":"px","size":"2.1"},"background_position":"bottom right","margin_mobile":{"unit":"px","top":"10","right":"10","bottom":"10","left":"10","isLinked":"1"},"padding_mobile":{"unit":"px","top":"","right":"","bottom":"","left":"","isLinked":""},"border_radius":{"unit":"px","top":"4","right":"4","bottom":"4","left":"4","isLinked":"1"},"padding_tablet":{"unit":"px","top":"0","right":"0","bottom":"0","left":"0","isLinked":"1"}},"elements":[{"id":"15e3c945","settings":{"title":"VENICE - 4 days","title_color":"#1989e5","typography_typography":"custom","typography_font_family":"Source Sans Pro","typography_font_size":{"unit":"rem","size":"1.4","sizes":[]},"typography_font_size_tablet":{"unit":"rem","size":"1.2","sizes":[]},"typography_font_weight":"700","typography_text_transform":"uppercase","typography_font_style":"normal","typography_text_decoration":"none","_margin":{"unit":"%","top":"6","right":"20","bottom":"0","left":"0","isLinked":""},"_margin_tablet":{"unit":"%","top":"6","right":"015","bottom":"0","left":"0","isLinked":""},"_padding":{"unit":"px","top":"10","right":"10","bottom":"10","left":"10","isLinked":"1"},"_background_background":"classic","_background_color":"#ffffff","_border_border":"solid","_border_width":{"unit":"px","top":"0","right":"0","bottom":"2","left":"0","isLinked":""},"_border_color":"#6ec1e4"},"elements":[],"isInner":false,"widgetType":"heading","elType":"widget"},{"id":"3980b122","settings":{"space":{"unit":"px","size":"30","sizes":[]},"space_mobile":{"unit":"px","size":"60","sizes":[]}},"elements":[],"isInner":false,"widgetType":"spacer","elType":"widget"},{"id":"38185e36","settings":{"text":"From $899","align":"right","icon_align":"right","icon_indent":{"unit":"px","size":"10"},"typography_typography":"custom","typography_font_family":"Open Sans","typography_font_size":{"unit":"rem","size":"0.9"},"typography_font_weight":"700","typography_text_transform":"uppercase","typography_letter_spacing":{"unit":"px","size":"0"},"button_text_color":"#ffffff","background_color":"rgba(25,137,229,0.99)","hover_color":"#ffffff","button_background_hover_color":"#ef4c5d","button_hover_border_color":"#ef182d","border_color":"#000000","border_radius":{"unit":"px","top":"0","right":"0","bottom":"0","left":"0","isLinked":"1"},"button_box_shadow_box_shadow":{"horizontal":"0","vertical":"0","blur":"0","spread":"2","color":"rgba(255,220,74,0.4)"},"button_box_shadow_box_shadow_position":"inset","text_padding":{"unit":"px","top":"10","right":"15","bottom":"10","left":"10","isLinked":""},"_margin":{"unit":"px","top":"0","right":"0","bottom":"0","left":"0","isLinked":""},"_padding":{"unit":"px","top":"0","right":"0","bottom":"0","left":"0","isLinked":""},"size":"md","typography_font_style":"normal","typography_text_decoration":"none","icon":"fa fa-angle-right","typography_line_height":{"unit":"em","size":"1","sizes":[]},"align_mobile":"center"},"elements":[],"isInner":false,"widgetType":"button","elType":"widget"}],"isInner":"1","elType":"column"},{"id":"51646e67","settings":{"_column_size":"33","_inline_size":"","background_background":"classic","background_color":"#ef182d","border_width":{"unit":"px","top":"0","right":"0","bottom":"0","left":"0","isLinked":"1"},"border_color":"#ffdc4a","box_shadow_box_shadow":{"horizontal":"0","vertical":"0","blur":"46","spread":"-14","color":"rgba(0,0,0,0.45)"},"border_hover_color":"#ff6d24","margin":{"unit":"%","top":"2","right":"2","bottom":"2","left":"2","isLinked":"1"},"padding":{"unit":"px","top":"0","right":"0","bottom":"0","left":"0","isLinked":""},"content_position":"bottom","background_image":{"id":"7015","url":"http:\/\/sitefacilitado.com.br\/membros\/wp-content\/uploads\/2020\/03\/sasha-stories-684488-unsplash.jpg"},"background_repeat":"no-repeat","background_size":"cover","background_overlay_background":"classic","background_overlay_color":"#ffffff","background_overlay_color_b":"#ff0008","background_overlay_gradient_angle":{"unit":"deg","size":"190"},"background_overlay_opacity":{"unit":"px","size":"0"},"background_overlay_hover_background":"gradient","background_overlay_hover_opacity":{"unit":"px","size":"0.32"},"background_color_b":"#ffdc4a","background_hover_color":"#ffdc4a","background_overlay_hover_color":"#ffdc4a","background_overlay_hover_transition":{"unit":"px","size":"2.1"},"background_position":"bottom right","margin_mobile":{"unit":"px","top":"10","right":"10","bottom":"10","left":"10","isLinked":"1"},"padding_mobile":{"unit":"px","top":"","right":"","bottom":"","left":"","isLinked":""},"border_radius":{"unit":"px","top":"4","right":"4","bottom":"4","left":"4","isLinked":"1"}},"elements":[{"id":"72ef083c","settings":{"title":"San Francisco - 7 days","title_color":"#1989e5","typography_typography":"custom","typography_font_family":"Source Sans Pro","typography_font_size":{"unit":"rem","size":"1.4","sizes":[]},"typography_font_size_tablet":{"unit":"rem","size":"1.2","sizes":[]},"typography_font_weight":"700","typography_text_transform":"uppercase","typography_font_style":"normal","typography_text_decoration":"none","_margin":{"unit":"%","top":"6","right":"20","bottom":"0","left":"0","isLinked":""},"_margin_tablet":{"unit":"%","top":"6","right":"015","bottom":"0","left":"0","isLinked":""},"_padding":{"unit":"px","top":"10","right":"10","bottom":"10","left":"10","isLinked":"1"},"_background_background":"classic","_background_color":"#ffffff","_border_border":"solid","_border_width":{"unit":"px","top":"0","right":"0","bottom":"2","left":"0","isLinked":""},"_border_color":"#6ec1e4"},"elements":[],"isInner":false,"widgetType":"heading","elType":"widget"},{"id":"130325e1","settings":{"space":{"unit":"px","size":"30","sizes":[]},"space_mobile":{"unit":"px","size":"60","sizes":[]}},"elements":[],"isInner":false,"widgetType":"spacer","elType":"widget"},{"id":"1e2d7abf","settings":{"text":"From $899","align":"right","icon_align":"right","icon_indent":{"unit":"px","size":"10"},"typography_typography":"custom","typography_font_family":"Open Sans","typography_font_size":{"unit":"rem","size":"0.9"},"typography_font_weight":"700","typography_text_transform":"uppercase","typography_letter_spacing":{"unit":"px","size":"0"},"button_text_color":"#ffffff","background_color":"rgba(25,137,229,0.99)","hover_color":"#ffffff","button_background_hover_color":"#ef4c5d","button_hover_border_color":"#ef182d","border_color":"#000000","border_radius":{"unit":"px","top":"0","right":"0","bottom":"0","left":"0","isLinked":"1"},"button_box_shadow_box_shadow":{"horizontal":"0","vertical":"0","blur":"0","spread":"2","color":"rgba(255,220,74,0.4)"},"button_box_shadow_box_shadow_position":"inset","text_padding":{"unit":"px","top":"10","right":"15","bottom":"10","left":"10","isLinked":""},"_margin":{"unit":"px","top":"0","right":"0","bottom":"0","left":"0","isLinked":""},"_padding":{"unit":"px","top":"0","right":"0","bottom":"0","left":"0","isLinked":""},"size":"md","typography_font_style":"normal","typography_text_decoration":"none","icon":"fa fa-angle-right","typography_line_height":{"unit":"em","size":"1","sizes":[]},"align_mobile":"center"},"elements":[],"isInner":false,"widgetType":"button","elType":"widget"}],"isInner":"1","elType":"column"},{"id":"29330bac","settings":{"_column_size":"33","_inline_size":"","background_background":"classic","background_color":"#ef182d","border_width":{"unit":"px","top":"0","right":"0","bottom":"0","left":"0","isLinked":"1"},"border_color":"#ffdc4a","box_shadow_box_shadow":{"horizontal":"0","vertical":"0","blur":"46","spread":"-14","color":"rgba(0,0,0,0.45)"},"border_hover_color":"#ff6d24","margin":{"unit":"%","top":"2","right":"2","bottom":"2","left":"2","isLinked":"1"},"padding":{"unit":"px","top":"0","right":"0","bottom":"0","left":"0","isLinked":""},"content_position":"bottom","background_image":{"id":"7016","url":"http:\/\/sitefacilitado.com.br\/membros\/wp-content\/uploads\/2020\/03\/andrew-ruiz-268701-unsplash-scaled.jpg"},"background_repeat":"no-repeat","background_size":"cover","background_overlay_background":"classic","background_overlay_color":"#ffffff","background_overlay_color_b":"#ff0008","background_overlay_gradient_angle":{"unit":"deg","size":"190"},"background_overlay_opacity":{"unit":"px","size":"0"},"background_overlay_hover_background":"gradient","background_overlay_hover_opacity":{"unit":"px","size":"0.32"},"background_color_b":"#ffdc4a","background_hover_color":"#ffdc4a","background_overlay_hover_color":"#ffdc4a","background_overlay_hover_transition":{"unit":"px","size":"2.1"},"background_position":"bottom right","margin_mobile":{"unit":"px","top":"10","right":"10","bottom":"10","left":"10","isLinked":"1"},"padding_mobile":{"unit":"px","top":"","right":"","bottom":"","left":"","isLinked":""},"border_radius":{"unit":"px","top":"4","right":"4","bottom":"4","left":"4","isLinked":"1"}},"elements":[{"id":"354136c3","settings":{"title":"Brazil - 7 days","title_color":"#1989e5","typography_typography":"custom","typography_font_family":"Source Sans Pro","typography_font_size":{"unit":"rem","size":"1.4","sizes":[]},"typography_font_size_tablet":{"unit":"rem","size":"1.2","sizes":[]},"typography_font_weight":"700","typography_text_transform":"uppercase","typography_font_style":"normal","typography_text_decoration":"none","_margin":{"unit":"%","top":"6","right":"20","bottom":"0","left":"0","isLinked":""},"_margin_tablet":{"unit":"%","top":"6","right":"015","bottom":"0","left":"0","isLinked":""},"_padding":{"unit":"px","top":"10","right":"10","bottom":"10","left":"10","isLinked":"1"},"_background_background":"classic","_background_color":"#ffffff","_border_border":"solid","_border_width":{"unit":"px","top":"0","right":"0","bottom":"2","left":"0","isLinked":""},"_border_color":"#6ec1e4"},"elements":[],"isInner":false,"widgetType":"heading","elType":"widget"},{"id":"1aaf35b1","settings":{"space":{"unit":"px","size":"30","sizes":[]},"space_mobile":{"unit":"px","size":"60","sizes":[]}},"elements":[],"isInner":false,"widgetType":"spacer","elType":"widget"},{"id":"5b7ad57f","settings":{"text":"From $899","align":"right","icon_align":"right","icon_indent":{"unit":"px","size":"10"},"typography_typography":"custom","typography_font_family":"Open Sans","typography_font_size":{"unit":"rem","size":"0.9"},"typography_font_weight":"700","typography_text_transform":"uppercase","typography_letter_spacing":{"unit":"px","size":"0"},"button_text_color":"#ffffff","background_color":"rgba(25,137,229,0.99)","hover_color":"#ffffff","button_background_hover_color":"#ef4c5d","button_hover_border_color":"#ef182d","border_color":"#000000","border_radius":{"unit":"px","top":"0","right":"0","bottom":"0","left":"0","isLinked":"1"},"button_box_shadow_box_shadow":{"horizontal":"0","vertical":"0","blur":"0","spread":"2","color":"rgba(255,220,74,0.4)"},"button_box_shadow_box_shadow_position":"inset","text_padding":{"unit":"px","top":"10","right":"15","bottom":"10","left":"10","isLinked":""},"_margin":{"unit":"px","top":"0","right":"0","bottom":"0","left":"0","isLinked":""},"_padding":{"unit":"px","top":"0","right":"0","bottom":"0","left":"0","isLinked":""},"size":"md","typography_font_style":"normal","typography_text_decoration":"none","icon":"fa fa-angle-right","typography_line_height":{"unit":"em","size":"1","sizes":[]},"align_mobile":"center"},"elements":[],"isInner":false,"widgetType":"button","elType":"widget"}],"isInner":"1","elType":"column"}],"isInner":"1","elType":"section"}],"isInner":"","elType":"column"}],"isInner":"","elType":"section"},{"id":"35b09a0b","settings":{"gap":"no","custom_height":{"unit":"px","size":"1100"},"content_position":"middle","padding":{"unit":"em","top":"2","right":"0","bottom":"4","left":"0","isLinked":""},"padding_tablet":{"unit":"px","top":"100","right":"25","bottom":"100","left":"25","isLinked":""},"padding_mobile":{"unit":"em","top":"","right":"","bottom":"","left":"","isLinked":""},"content_width":{"unit":"px","size":"1140"},"margin":{"unit":"px","top":"0","right":"0","bottom":"0","left":"0","isLinked":""},"margin_mobile":{"unit":"px","top":"0","right":"0","bottom":"0","left":"0","isLinked":""},"html_tag":"section","background_background":"classic","background_color":"#fffcf7"},"elements":[{"id":"3e9d2f1c","settings":{"_column_size":"100"},"elements":[{"id":"421d715c","settings":{"structure":"20","border_width":{"unit":"px","top":"1","right":"0","bottom":"0","left":"0","isLinked":""},"border_color":"#ededed","padding":{"unit":"em","top":"2","right":"0","bottom":"0","left":"0","isLinked":""}},"elements":[{"id":"4438fd84","settings":{"_column_size":"50","_inline_size":"","content_position":"bottom","background_background":"classic","padding":{"unit":"em","top":"1","right":"1","bottom":"1","left":"1","isLinked":"1"}},"elements":[{"id":"4a7f9ec1","settings":{"title":"Hot summer deals","align":"left","title_color":"#1989e5","typography_typography":"custom","typography_font_family":"Source Sans Pro","_margin":{"unit":"px","top":"0","right":"0","bottom":"0","left":"0","isLinked":""},"typography_font_size":{"unit":"rem","size":"1.5"},"header_size":"span","typography_font_weight":"700","typography_text_transform":"capitalize","typography_font_style":"normal","typography_text_decoration":"none"},"elements":[],"isInner":false,"widgetType":"heading","elType":"widget"},{"id":"7181a496","settings":{"title":"Destinations","align":"left","title_color":"#000000","typography_typography":"custom","typography_font_family":"Source Sans Pro","typography_font_size":{"unit":"rem","size":"3.8"},"typography_font_weight":"bold","typography_text_transform":"uppercase","_margin":{"unit":"px","top":"0","right":"0","bottom":"0","left":"0","isLinked":""},"_padding":{"unit":"px","top":"0","right":"0","bottom":"00","left":"0","isLinked":""},"typography_font_size_mobile":{"unit":"rem","size":"2.6","sizes":[]},"typography_font_style":"normal","typography_text_decoration":"none","typography_font_size_tablet":{"unit":"rem","size":"3","sizes":[]}},"elements":[],"isInner":false,"widgetType":"heading","elType":"widget"}],"isInner":"1","elType":"column"},{"id":"14830781","settings":{"_column_size":"50","_inline_size":"","content_position":"bottom","space_between_widgets":"0","padding":{"unit":"em","top":"1","right":"1","bottom":"1","left":"1","isLinked":"1"}},"elements":[{"id":"723e668d","settings":{"editor":"<p>Lorem ipsum dolor sit amet, consectetur adipiscing elit, sed do eiusmod tempor Lorem ipsum dolor sit amet.<\/p>","align":"left","typography_typography":"custom","typography_font_family":"Open Sans","typography_font_size":{"unit":"rem","size":"1"},"typography_line_height":{"unit":"em","size":"1.5"},"typography_letter_spacing":{"unit":"px","size":"0"},"text_color":"#7a7a7a","typography_font_weight":"400","typography_text_transform":"none","typography_font_style":"normal","typography_text_decoration":"none","_margin":{"unit":"px","top":"0","right":"0","bottom":"0","left":"0","isLinked":""},"_padding":{"unit":"px","top":"0","right":"0","bottom":"0","left":"0","isLinked":"1"}},"elements":[],"isInner":false,"widgetType":"text-editor","elType":"widget"}],"isInner":"1","elType":"column"}],"isInner":"1","elType":"section"},{"id":"469f359d","settings":{"space":{"unit":"px","size":"30","sizes":[]},"space_mobile":{"unit":"px","size":"0","sizes":[]}},"elements":[],"isInner":false,"widgetType":"spacer","elType":"widget"},{"id":"2d448b1","settings":{"structure":"30","background_background":"classic","content_width":{"unit":"px","size":"1120"},"gap":"wider","padding":{"unit":"px","top":"20","right":"0","bottom":"10","left":"0","isLinked":""},"height_inner":"min-height","custom_height_inner":{"unit":"px","size":"261"},"animation":"fadeInUp","content_position":"middle"},"elements":[{"id":"62011fd4","settings":{"_column_size":"33","_inline_size":"","background_background":"classic","background_color":"#ef182d","border_width":{"unit":"px","top":"0","right":"0","bottom":"0","left":"0","isLinked":"1"},"border_color":"#ffdc4a","box_shadow_box_shadow":{"horizontal":"0","vertical":"0","blur":"46","spread":"-14","color":"rgba(0,0,0,0.45)"},"border_hover_color":"#ff6d24","margin":{"unit":"%","top":"2","right":"2","bottom":"2","left":"2","isLinked":"1"},"padding":{"unit":"px","top":"0","right":"0","bottom":"0","left":"0","isLinked":""},"content_position":"bottom","background_image":{"id":"7022","url":"http:\/\/sitefacilitado.com.br\/membros\/wp-content\/uploads\/2020\/03\/maximilien-t-scharner-318691-unsplash.jpg"},"background_repeat":"no-repeat","background_size":"cover","background_overlay_background":"classic","background_overlay_color":"#ffffff","background_overlay_color_b":"#ff0008","background_overlay_gradient_angle":{"unit":"deg","size":"190"},"background_overlay_opacity":{"unit":"px","size":"0"},"background_overlay_hover_background":"gradient","background_overlay_hover_opacity":{"unit":"px","size":"0.32"},"background_color_b":"#ffdc4a","background_hover_color":"#ffdc4a","background_overlay_hover_color":"#ffdc4a","background_overlay_hover_transition":{"unit":"px","size":"2.1"},"background_position":"bottom right","margin_mobile":{"unit":"px","top":"0","right":"0","bottom":"3","left":"0","isLinked":""},"padding_mobile":{"unit":"em","top":"0","right":"0","bottom":"0","left":"0","isLinked":""},"border_radius":{"unit":"px","top":"4","right":"4","bottom":"4","left":"4","isLinked":"1"},"align":"flex-end"},"elements":[{"id":"37253ab2","settings":{"title":"italy - 6 days","title_color":"#1989e5","typography_typography":"custom","typography_font_family":"Source Sans Pro","typography_font_size":{"unit":"rem","size":"1.4","sizes":[]},"typography_font_size_tablet":{"unit":"rem","size":"1.2","sizes":[]},"typography_font_weight":"700","typography_text_transform":"uppercase","typography_font_style":"normal","typography_text_decoration":"none","_margin":{"unit":"%","top":"6","right":"20","bottom":"0","left":"0","isLinked":""},"_margin_tablet":{"unit":"%","top":"6","right":"015","bottom":"0","left":"0","isLinked":""},"_padding":{"unit":"px","top":"10","right":"10","bottom":"10","left":"10","isLinked":"1"},"_background_background":"classic","_background_color":"#ffffff","_border_border":"solid","_border_width":{"unit":"px","top":"0","right":"0","bottom":"2","left":"0","isLinked":""},"_border_color":"#6ec1e4"},"elements":[],"isInner":false,"widgetType":"heading","elType":"widget"},{"id":"a7a919c","settings":{"space":{"unit":"px","size":"30","sizes":[]},"space_mobile":{"unit":"px","size":"60","sizes":[]}},"elements":[],"isInner":false,"widgetType":"spacer","elType":"widget"},{"id":"299836b","settings":{"text":"From $899","align":"right","icon_align":"right","icon_indent":{"unit":"px","size":"10"},"typography_typography":"custom","typography_font_family":"Open Sans","typography_font_size":{"unit":"rem","size":"0.9"},"typography_font_weight":"700","typography_text_transform":"uppercase","typography_letter_spacing":{"unit":"px","size":"0"},"button_text_color":"#ffffff","background_color":"rgba(25,137,229,0.99)","hover_color":"#ffffff","button_background_hover_color":"#ef4c5d","button_hover_border_color":"#ef182d","border_color":"#000000","border_radius":{"unit":"px","top":"0","right":"0","bottom":"0","left":"0","isLinked":"1"},"button_box_shadow_box_shadow":{"horizontal":"0","vertical":"0","blur":"0","spread":"2","color":"rgba(255,220,74,0.4)"},"button_box_shadow_box_shadow_position":"inset","text_padding":{"unit":"px","top":"10","right":"15","bottom":"10","left":"10","isLinked":""},"_margin":{"unit":"px","top":"0","right":"0","bottom":"0","left":"0","isLinked":""},"_padding":{"unit":"px","top":"0","right":"0","bottom":"0","left":"0","isLinked":""},"size":"md","typography_font_style":"normal","typography_text_decoration":"none","icon":"fa fa-angle-right","typography_line_height":{"unit":"em","size":"1","sizes":[]},"align_mobile":"center"},"elements":[],"isInner":false,"widgetType":"button","elType":"widget"}],"isInner":"1","elType":"column"},{"id":"66187ca7","settings":{"_column_size":"33","_inline_size":"","background_background":"classic","background_color":"#ef182d","border_width":{"unit":"px","top":"0","right":"0","bottom":"0","left":"0","isLinked":"1"},"border_color":"#ffdc4a","box_shadow_box_shadow":{"horizontal":"0","vertical":"0","blur":"46","spread":"-14","color":"rgba(0,0,0,0.45)"},"border_hover_color":"#ff6d24","margin":{"unit":"%","top":"2","right":"2","bottom":"2","left":"2","isLinked":"1"},"padding":{"unit":"px","top":"0","right":"0","bottom":"0","left":"0","isLinked":""},"content_position":"bottom","background_image":{"id":"7019","url":"http:\/\/sitefacilitado.com.br\/membros\/wp-content\/uploads\/2020\/03\/tim-trad-196418-unsplash.jpg"},"background_repeat":"no-repeat","background_size":"cover","background_overlay_background":"classic","background_overlay_color":"#ffffff","background_overlay_color_b":"#ff0008","background_overlay_gradient_angle":{"unit":"deg","size":"190"},"background_overlay_opacity":{"unit":"px","size":"0"},"background_overlay_hover_background":"gradient","background_overlay_hover_opacity":{"unit":"px","size":"0.32"},"background_color_b":"#ffdc4a","background_hover_color":"#ffdc4a","background_overlay_hover_color":"#ffdc4a","background_overlay_hover_transition":{"unit":"px","size":"2.1"},"background_position":"bottom right","margin_mobile":{"unit":"px","top":"0","right":"0","bottom":"3","left":"0","isLinked":""},"padding_mobile":{"unit":"em","top":"0","right":"0","bottom":"0","left":"0","isLinked":""},"border_radius":{"unit":"px","top":"4","right":"4","bottom":"4","left":"4","isLinked":"1"},"align":"flex-end"},"elements":[{"id":"33ba2739","settings":{"title":"iceland - 7 days","title_color":"#1989e5","typography_typography":"custom","typography_font_family":"Source Sans Pro","typography_font_size":{"unit":"rem","size":"1.4","sizes":[]},"typography_font_size_tablet":{"unit":"rem","size":"1.2","sizes":[]},"typography_font_weight":"700","typography_text_transform":"uppercase","typography_font_style":"normal","typography_text_decoration":"none","_margin":{"unit":"%","top":"6","right":"20","bottom":"0","left":"0","isLinked":""},"_margin_tablet":{"unit":"%","top":"6","right":"015","bottom":"0","left":"0","isLinked":""},"_padding":{"unit":"px","top":"10","right":"10","bottom":"10","left":"10","isLinked":"1"},"_background_background":"classic","_background_color":"#ffffff","_border_border":"solid","_border_width":{"unit":"px","top":"0","right":"0","bottom":"2","left":"0","isLinked":""},"_border_color":"#6ec1e4"},"elements":[],"isInner":false,"widgetType":"heading","elType":"widget"},{"id":"50e98d7f","settings":{"space":{"unit":"px","size":"30","sizes":[]},"space_mobile":{"unit":"px","size":"60","sizes":[]}},"elements":[],"isInner":false,"widgetType":"spacer","elType":"widget"},{"id":"6fa770e9","settings":{"text":"From $2499","align":"right","icon_align":"right","icon_indent":{"unit":"px","size":"10"},"typography_typography":"custom","typography_font_family":"Open Sans","typography_font_size":{"unit":"rem","size":"0.9"},"typography_font_weight":"700","typography_text_transform":"uppercase","typography_letter_spacing":{"unit":"px","size":"0"},"button_text_color":"#ffffff","background_color":"rgba(25,137,229,0.99)","hover_color":"#ffffff","button_background_hover_color":"#ef4c5d","button_hover_border_color":"#ef182d","border_color":"#000000","border_radius":{"unit":"px","top":"0","right":"0","bottom":"0","left":"0","isLinked":"1"},"button_box_shadow_box_shadow":{"horizontal":"0","vertical":"0","blur":"0","spread":"2","color":"rgba(255,220,74,0.4)"},"button_box_shadow_box_shadow_position":"inset","text_padding":{"unit":"px","top":"10","right":"15","bottom":"10","left":"10","isLinked":""},"_margin":{"unit":"px","top":"0","right":"0","bottom":"0","left":"0","isLinked":""},"_padding":{"unit":"px","top":"0","right":"0","bottom":"0","left":"0","isLinked":""},"size":"md","typography_font_style":"normal","typography_text_decoration":"none","icon":"fa fa-angle-right","typography_line_height":{"unit":"em","size":"1","sizes":[]},"align_mobile":"center"},"elements":[],"isInner":false,"widgetType":"button","elType":"widget"}],"isInner":"1","elType":"column"},{"id":"5b3b9d87","settings":{"_column_size":"33","_inline_size":"","background_background":"classic","background_color":"#ef182d","border_width":{"unit":"px","top":"0","right":"0","bottom":"0","left":"0","isLinked":"1"},"border_color":"#ffdc4a","box_shadow_box_shadow":{"horizontal":"0","vertical":"0","blur":"46","spread":"-14","color":"rgba(0,0,0,0.45)"},"border_hover_color":"#ff6d24","margin":{"unit":"%","top":"2","right":"2","bottom":"2","left":"2","isLinked":"1"},"padding":{"unit":"px","top":"0","right":"0","bottom":"0","left":"0","isLinked":""},"content_position":"bottom","background_image":{"id":"7053","url":"http:\/\/sitefacilitado.com.br\/membros\/wp-content\/uploads\/2020\/03\/destination1_3.jpg"},"background_repeat":"no-repeat","background_size":"cover","background_overlay_background":"classic","background_overlay_color":"#ffffff","background_overlay_color_b":"#ff0008","background_overlay_gradient_angle":{"unit":"deg","size":"190"},"background_overlay_opacity":{"unit":"px","size":"0"},"background_overlay_hover_background":"gradient","background_overlay_hover_opacity":{"unit":"px","size":"0.32"},"background_color_b":"#ffdc4a","background_hover_color":"#ffdc4a","background_overlay_hover_color":"#ffdc4a","background_overlay_hover_transition":{"unit":"px","size":"2.1"},"background_position":"bottom right","margin_mobile":{"unit":"px","top":"0","right":"0","bottom":"3","left":"0","isLinked":""},"padding_mobile":{"unit":"em","top":"0","right":"0","bottom":"0","left":"0","isLinked":""},"border_radius":{"unit":"px","top":"4","right":"4","bottom":"4","left":"4","isLinked":"1"},"align":"flex-end"},"elements":[{"id":"fbc9d30","settings":{"title":"Canada - 7 days","title_color":"#1989e5","typography_typography":"custom","typography_font_family":"Source Sans Pro","typography_font_size":{"unit":"rem","size":"1.4","sizes":[]},"typography_font_size_tablet":{"unit":"rem","size":"1.2","sizes":[]},"typography_font_weight":"700","typography_text_transform":"uppercase","typography_font_style":"normal","typography_text_decoration":"none","_margin":{"unit":"%","top":"6","right":"20","bottom":"0","left":"0","isLinked":""},"_margin_tablet":{"unit":"%","top":"6","right":"015","bottom":"0","left":"0","isLinked":""},"_padding":{"unit":"px","top":"10","right":"10","bottom":"10","left":"10","isLinked":"1"},"_background_background":"classic","_background_color":"#ffffff","_border_border":"solid","_border_width":{"unit":"px","top":"0","right":"0","bottom":"2","left":"0","isLinked":""},"_border_color":"#6ec1e4"},"elements":[],"isInner":false,"widgetType":"heading","elType":"widget"},{"id":"6f7930c3","settings":{"space":{"unit":"px","size":"30","sizes":[]},"space_mobile":{"unit":"px","size":"60","sizes":[]}},"elements":[],"isInner":false,"widgetType":"spacer","elType":"widget"},{"id":"766c5b77","settings":{"text":"From $699","align":"right","icon_align":"right","icon_indent":{"unit":"px","size":"10"},"typography_typography":"custom","typography_font_family":"Open Sans","typography_font_size":{"unit":"rem","size":"0.9"},"typography_font_weight":"700","typography_text_transform":"uppercase","typography_letter_spacing":{"unit":"px","size":"0"},"button_text_color":"#ffffff","background_color":"rgba(25,137,229,0.99)","hover_color":"#ffffff","button_background_hover_color":"#ef4c5d","button_hover_border_color":"#ef182d","border_color":"#000000","border_radius":{"unit":"px","top":"0","right":"0","bottom":"0","left":"0","isLinked":"1"},"button_box_shadow_box_shadow":{"horizontal":"0","vertical":"0","blur":"0","spread":"2","color":"rgba(255,220,74,0.4)"},"button_box_shadow_box_shadow_position":"inset","text_padding":{"unit":"px","top":"10","right":"15","bottom":"10","left":"10","isLinked":""},"_margin":{"unit":"px","top":"0","right":"0","bottom":"0","left":"0","isLinked":""},"_padding":{"unit":"px","top":"0","right":"0","bottom":"0","left":"0","isLinked":""},"size":"md","typography_font_style":"normal","typography_text_decoration":"none","icon":"fa fa-angle-right","typography_line_height":{"unit":"em","size":"1","sizes":[]},"align_mobile":"center","_margin_mobile":{"unit":"px","top":"0","right":"0","bottom":"0","left":"0","isLinked":"1"},"_padding_mobile":{"unit":"px","top":"0","right":"0","bottom":"0","left":"0","isLinked":"1"}},"elements":[],"isInner":false,"widgetType":"button","elType":"widget"}],"isInner":"1","elType":"column"}],"isInner":"1","elType":"section"},{"id":"5498115e","settings":{"structure":"30","background_background":"classic","content_width":{"unit":"px","size":"1120"},"gap":"wider","padding":{"unit":"px","top":"20","right":"0","bottom":"10","left":"0","isLinked":""},"height_inner":"min-height","custom_height_inner":{"unit":"px","size":"261"},"animation":"fadeInUp","content_position":"middle"},"elements":[{"id":"1d1fb352","settings":{"_column_size":"33","_inline_size":"","background_background":"classic","background_color":"#ef182d","border_width":{"unit":"px","top":"0","right":"0","bottom":"0","left":"0","isLinked":"1"},"border_color":"#ffdc4a","box_shadow_box_shadow":{"horizontal":"0","vertical":"0","blur":"46","spread":"-14","color":"rgba(0,0,0,0.45)"},"border_hover_color":"#ff6d24","margin":{"unit":"%","top":"2","right":"2","bottom":"2","left":"2","isLinked":"1"},"padding":{"unit":"px","top":"0","right":"0","bottom":"0","left":"0","isLinked":""},"content_position":"bottom","background_image":{"id":"7024","url":"http:\/\/sitefacilitado.com.br\/membros\/wp-content\/uploads\/2020\/03\/roxanne-desgagnes-102178-unsplash.jpg"},"background_repeat":"no-repeat","background_size":"cover","background_overlay_background":"classic","background_overlay_color":"#ffffff","background_overlay_color_b":"#ff0008","background_overlay_gradient_angle":{"unit":"deg","size":"190"},"background_overlay_opacity":{"unit":"px","size":"0"},"background_overlay_hover_background":"gradient","background_overlay_hover_opacity":{"unit":"px","size":"0.32"},"background_color_b":"#ffdc4a","background_hover_color":"#ffdc4a","background_overlay_hover_color":"#ffdc4a","background_overlay_hover_transition":{"unit":"px","size":"2.1"},"background_position":"bottom right","margin_mobile":{"unit":"px","top":"0","right":"0","bottom":"3","left":"0","isLinked":""},"padding_mobile":{"unit":"em","top":"0","right":"0","bottom":"0","left":"0","isLinked":""},"border_radius":{"unit":"px","top":"4","right":"4","bottom":"4","left":"4","isLinked":"1"}},"elements":[{"id":"42e9823b","settings":{"title":"South Africa - 4 days","title_color":"#1989e5","typography_typography":"custom","typography_font_family":"Source Sans Pro","typography_font_size":{"unit":"rem","size":"1.4","sizes":[]},"typography_font_size_tablet":{"unit":"rem","size":"1.2","sizes":[]},"typography_font_weight":"700","typography_text_transform":"uppercase","typography_font_style":"normal","typography_text_decoration":"none","_margin":{"unit":"%","top":"6","right":"20","bottom":"0","left":"0","isLinked":""},"_margin_tablet":{"unit":"%","top":"6","right":"015","bottom":"0","left":"0","isLinked":""},"_padding":{"unit":"px","top":"10","right":"10","bottom":"10","left":"10","isLinked":"1"},"_background_background":"classic","_background_color":"#ffffff","_border_border":"solid","_border_width":{"unit":"px","top":"0","right":"0","bottom":"2","left":"0","isLinked":""},"_border_color":"#6ec1e4"},"elements":[],"isInner":false,"widgetType":"heading","elType":"widget"},{"id":"583c4a96","settings":{"space":{"unit":"px","size":"30","sizes":[]},"space_mobile":{"unit":"px","size":"60","sizes":[]},"_margin":{"unit":"px","top":"0","right":"0","bottom":"0","left":"0","isLinked":""},"_padding":{"unit":"px","top":"0","right":"0","bottom":"0","left":"0","isLinked":""}},"elements":[],"isInner":false,"widgetType":"spacer","elType":"widget"},{"id":"40695561","settings":{"text":"From $899","align":"right","icon_align":"right","icon_indent":{"unit":"px","size":"10"},"typography_typography":"custom","typography_font_family":"Open Sans","typography_font_size":{"unit":"rem","size":"0.9"},"typography_font_weight":"700","typography_text_transform":"uppercase","typography_letter_spacing":{"unit":"px","size":"0"},"button_text_color":"#ffffff","background_color":"rgba(25,137,229,0.99)","hover_color":"#ffffff","button_background_hover_color":"#ef4c5d","button_hover_border_color":"#ef182d","border_color":"#000000","border_radius":{"unit":"px","top":"0","right":"0","bottom":"0","left":"0","isLinked":"1"},"button_box_shadow_box_shadow":{"horizontal":"0","vertical":"0","blur":"0","spread":"2","color":"rgba(255,220,74,0.4)"},"button_box_shadow_box_shadow_position":"inset","text_padding":{"unit":"px","top":"10","right":"15","bottom":"10","left":"10","isLinked":""},"_margin":{"unit":"px","top":"0","right":"0","bottom":"0","left":"0","isLinked":""},"_padding":{"unit":"px","top":"0","right":"0","bottom":"0","left":"0","isLinked":""},"size":"md","typography_font_style":"normal","typography_text_decoration":"none","icon":"fa fa-angle-right","typography_line_height":{"unit":"em","size":"1","sizes":[]},"align_mobile":"center"},"elements":[],"isInner":false,"widgetType":"button","elType":"widget"}],"isInner":"1","elType":"column"},{"id":"755b026c","settings":{"_column_size":"33","_inline_size":"","background_background":"classic","background_color":"#ef182d","border_width":{"unit":"px","top":"0","right":"0","bottom":"0","left":"0","isLinked":"1"},"border_color":"#ffdc4a","box_shadow_box_shadow":{"horizontal":"0","vertical":"0","blur":"46","spread":"-14","color":"rgba(0,0,0,0.45)"},"border_hover_color":"#ff6d24","margin":{"unit":"%","top":"2","right":"2","bottom":"2","left":"2","isLinked":"1"},"padding":{"unit":"px","top":"0","right":"0","bottom":"0","left":"0","isLinked":""},"content_position":"bottom","background_image":{"id":"7054","url":"http:\/\/sitefacilitado.com.br\/membros\/wp-content\/uploads\/2020\/03\/destination1.jpg"},"background_repeat":"no-repeat","background_size":"cover","background_overlay_background":"classic","background_overlay_color":"#ffffff","background_overlay_color_b":"#ff0008","background_overlay_gradient_angle":{"unit":"deg","size":"190"},"background_overlay_opacity":{"unit":"px","size":"0"},"background_overlay_hover_background":"gradient","background_overlay_hover_opacity":{"unit":"px","size":"0.32"},"background_color_b":"#ffdc4a","background_hover_color":"#ffdc4a","background_overlay_hover_color":"#ffdc4a","background_overlay_hover_transition":{"unit":"px","size":"2.1"},"background_position":"bottom right","margin_mobile":{"unit":"px","top":"0","right":"0","bottom":"3","left":"0","isLinked":""},"padding_mobile":{"unit":"em","top":"0","right":"0","bottom":"0","left":"0","isLinked":""},"border_radius":{"unit":"px","top":"4","right":"4","bottom":"4","left":"4","isLinked":"1"}},"elements":[{"id":"2441ff45","settings":{"title":"Austria - 7 days","title_color":"#1989e5","typography_typography":"custom","typography_font_family":"Source Sans Pro","typography_font_size":{"unit":"rem","size":"1.4","sizes":[]},"typography_font_size_tablet":{"unit":"rem","size":"1.2","sizes":[]},"typography_font_weight":"700","typography_text_transform":"uppercase","typography_font_style":"normal","typography_text_decoration":"none","_margin":{"unit":"%","top":"6","right":"20","bottom":"0","left":"0","isLinked":""},"_margin_tablet":{"unit":"%","top":"6","right":"015","bottom":"0","left":"0","isLinked":""},"_padding":{"unit":"px","top":"10","right":"10","bottom":"10","left":"10","isLinked":"1"},"_background_background":"classic","_background_color":"#ffffff","_border_border":"solid","_border_width":{"unit":"px","top":"0","right":"0","bottom":"2","left":"0","isLinked":""},"_border_color":"#6ec1e4"},"elements":[],"isInner":false,"widgetType":"heading","elType":"widget"},{"id":"3b971234","settings":{"space":{"unit":"px","size":"30","sizes":[]},"space_mobile":{"unit":"px","size":"60","sizes":[]}},"elements":[],"isInner":false,"widgetType":"spacer","elType":"widget"},{"id":"12aa55b6","settings":{"text":"From $1299","align":"right","icon_align":"right","icon_indent":{"unit":"px","size":"10"},"typography_typography":"custom","typography_font_family":"Open Sans","typography_font_size":{"unit":"rem","size":"0.9"},"typography_font_weight":"700","typography_text_transform":"uppercase","typography_letter_spacing":{"unit":"px","size":"0"},"button_text_color":"#ffffff","background_color":"rgba(25,137,229,0.99)","hover_color":"#ffffff","button_background_hover_color":"#ef4c5d","button_hover_border_color":"#ef182d","border_color":"#000000","border_radius":{"unit":"px","top":"0","right":"0","bottom":"0","left":"0","isLinked":"1"},"button_box_shadow_box_shadow":{"horizontal":"0","vertical":"0","blur":"0","spread":"2","color":"rgba(255,220,74,0.4)"},"button_box_shadow_box_shadow_position":"inset","text_padding":{"unit":"px","top":"10","right":"15","bottom":"10","left":"10","isLinked":""},"_margin":{"unit":"px","top":"0","right":"0","bottom":"0","left":"0","isLinked":""},"_padding":{"unit":"px","top":"0","right":"0","bottom":"0","left":"0","isLinked":""},"size":"md","typography_font_style":"normal","typography_text_decoration":"none","icon":"fa fa-angle-right","typography_line_height":{"unit":"em","size":"1","sizes":[]},"align_mobile":"center"},"elements":[],"isInner":false,"widgetType":"button","elType":"widget"}],"isInner":"1","elType":"column"},{"id":"196d8eaf","settings":{"_column_size":"33","_inline_size":"","background_background":"classic","background_color":"#ef182d","border_width":{"unit":"px","top":"0","right":"0","bottom":"0","left":"0","isLinked":"1"},"border_color":"#ffdc4a","box_shadow_box_shadow":{"horizontal":"0","vertical":"0","blur":"46","spread":"-14","color":"rgba(0,0,0,0.45)"},"border_hover_color":"#ff6d24","margin":{"unit":"%","top":"2","right":"2","bottom":"2","left":"2","isLinked":"1"},"padding":{"unit":"px","top":"0","right":"0","bottom":"0","left":"0","isLinked":""},"content_position":"bottom","background_image":{"id":"7055","url":"http:\/\/sitefacilitado.com.br\/membros\/wp-content\/uploads\/2020\/03\/bb.jpg"},"background_repeat":"no-repeat","background_size":"cover","background_overlay_background":"classic","background_overlay_color":"#ffffff","background_overlay_color_b":"#ff0008","background_overlay_gradient_angle":{"unit":"deg","size":"190"},"background_overlay_opacity":{"unit":"px","size":"0"},"background_overlay_hover_background":"gradient","background_overlay_hover_opacity":{"unit":"px","size":"0.32"},"background_color_b":"#ffdc4a","background_hover_color":"#ffdc4a","background_overlay_hover_color":"#ffdc4a","background_overlay_hover_transition":{"unit":"px","size":"2.1"},"background_position":"bottom right","margin_mobile":{"unit":"px","top":"0","right":"0","bottom":"3","left":"0","isLinked":""},"padding_mobile":{"unit":"em","top":"0","right":"0","bottom":"0","left":"0","isLinked":""},"border_radius":{"unit":"px","top":"4","right":"4","bottom":"4","left":"4","isLinked":"1"}},"elements":[{"id":"4715bc65","settings":{"title":"South Africa - 7 days","title_color":"#1989e5","typography_typography":"custom","typography_font_family":"Source Sans Pro","typography_font_size":{"unit":"rem","size":"1.4","sizes":[]},"typography_font_size_tablet":{"unit":"rem","size":"1.2","sizes":[]},"typography_font_weight":"700","typography_text_transform":"uppercase","typography_font_style":"normal","typography_text_decoration":"none","_margin":{"unit":"%","top":"6","right":"20","bottom":"0","left":"0","isLinked":""},"_margin_tablet":{"unit":"%","top":"6","right":"015","bottom":"0","left":"0","isLinked":""},"_padding":{"unit":"px","top":"10","right":"10","bottom":"10","left":"10","isLinked":"1"},"_background_background":"classic","_background_color":"#ffffff","_border_border":"solid","_border_width":{"unit":"px","top":"0","right":"0","bottom":"2","left":"0","isLinked":""},"_border_color":"#6ec1e4"},"elements":[],"isInner":false,"widgetType":"heading","elType":"widget"},{"id":"d0fc724","settings":{"space":{"unit":"px","size":"30","sizes":[]},"space_mobile":{"unit":"px","size":"60","sizes":[]}},"elements":[],"isInner":false,"widgetType":"spacer","elType":"widget"},{"id":"7252d0d","settings":{"text":"From $1899","align":"right","icon_align":"right","icon_indent":{"unit":"px","size":"10"},"typography_typography":"custom","typography_font_family":"Open Sans","typography_font_size":{"unit":"rem","size":"0.9"},"typography_font_weight":"700","typography_text_transform":"uppercase","typography_letter_spacing":{"unit":"px","size":"0"},"button_text_color":"#ffffff","background_color":"rgba(25,137,229,0.99)","hover_color":"#ffffff","button_background_hover_color":"#ef4c5d","button_hover_border_color":"#ef182d","border_color":"#000000","border_radius":{"unit":"px","top":"0","right":"0","bottom":"0","left":"0","isLinked":"1"},"button_box_shadow_box_shadow":{"horizontal":"0","vertical":"0","blur":"0","spread":"2","color":"rgba(255,220,74,0.4)"},"button_box_shadow_box_shadow_position":"inset","text_padding":{"unit":"px","top":"10","right":"15","bottom":"10","left":"10","isLinked":""},"_margin":{"unit":"px","top":"0","right":"0","bottom":"0","left":"0","isLinked":""},"_padding":{"unit":"px","top":"0","right":"0","bottom":"0","left":"0","isLinked":""},"size":"md","typography_font_style":"normal","typography_text_decoration":"none","icon":"fa fa-angle-right","typography_line_height":{"unit":"em","size":"1","sizes":[]},"align_mobile":"center"},"elements":[],"isInner":false,"widgetType":"button","elType":"widget"}],"isInner":"1","elType":"column"}],"isInner":"1","elType":"section"}],"isInner":"","elType":"column"}],"isInner":"","elType":"section"},{"id":"2fd89608","settings":{"height":"min-height","custom_height":{"unit":"vh","size":"40"},"background_background":"classic","background_image":{"id":"7056","url":"http:\/\/sitefacilitado.com.br\/membros\/wp-content\/uploads\/2020\/03\/nikldn-690502-unsplash.jpg"},"background_size":"cover","background_overlay_background":"classic","background_overlay_color":"rgba(244,238,115,0.79)","background_overlay_opacity":{"unit":"px","size":"0.08","sizes":[]},"padding":{"unit":"em","top":"5","right":"0","bottom":"5","left":"0","isLinked":""},"background_position":"center center","html_tag":"section","background_color":"#ffffff","background_repeat":"no-repeat","padding_mobile":{"unit":"em","top":"1","right":"1","bottom":"1","left":"1","isLinked":"1"},"margin_tablet":{"unit":"px","top":"0","right":"0","bottom":"0","left":"0","isLinked":""},"margin_mobile":{"unit":"px","top":"0","right":"0","bottom":"0","left":"0","isLinked":""},"padding_tablet":{"unit":"em","top":"4","right":"0","bottom":"4","left":"0","isLinked":""},"background_attachment":"fixed"},"elements":[{"id":"16fad4f8","settings":{"_column_size":"100","background_background":"classic","background_color":"rgba(255,252,247,0.43)","padding":{"unit":"em","top":"1","right":"1","bottom":"1","left":"1","isLinked":"1"},"margin":{"unit":"px","top":"20","right":"20","bottom":"20","left":"20","isLinked":"1"},"content_position":"top","border_width":{"unit":"px","top":"1","right":"1","bottom":"1","left":"1","isLinked":"1"},"border_color":"#f7f6d7","border_radius":{"unit":"px","top":"5","right":"5","bottom":"5","left":"5","isLinked":"1"},"box_shadow_box_shadow_type":"yes","box_shadow_box_shadow":{"horizontal":"0","vertical":"0","blur":"5","spread":"0","color":"rgba(0,0,0,0.11)"},"border_hover_width":{"unit":"px","top":"2","right":"2","bottom":"2","left":"2","isLinked":"1"},"border_hover_color":"#f7f3e1","box_shadow_hover_box_shadow_type":"yes","box_shadow_hover_box_shadow":{"horizontal":"0","vertical":"0","blur":"20","spread":"0","color":"rgba(0,0,0,0.17)"},"margin_mobile":{"unit":"px","top":"0","right":"0","bottom":"0","left":"0","isLinked":"1"}},"elements":[{"id":"6b500721","settings":{"content_width":{"unit":"px","size":"724"}},"elements":[{"id":"8a90aad","settings":{"_column_size":"100","_inline_size":""},"elements":[{"id":"7d6be967","settings":{"title":"Our Next Tour","align":"center","title_color":"#1989e5","typography_typography":"custom","typography_font_family":"Source Sans Pro","_margin":{"unit":"%","top":"0","right":"30","bottom":"0","left":"30","isLinked":""},"typography_font_size":{"unit":"px","size":"18"},"typography_letter_spacing":{"unit":"px","size":"0.5"},"typography_font_weight":"bold","typography_text_transform":"uppercase","align_mobile":"center","_margin_mobile":{"unit":"%","top":"0","right":"0","bottom":"0","left":"0","isLinked":""},"_padding":{"unit":"px","top":"8","right":"8","bottom":"8","left":"8","isLinked":"1"},"_background_color":"#ffffff"},"elements":[],"isInner":false,"widgetType":"heading","elType":"widget"},{"id":"217ac1d7","settings":{"title":"mozambique","align":"center","title_color":"#1989e5","typography_typography":"custom","typography_font_family":"Source Sans Pro","typography_font_size":{"unit":"rem","size":"5.5"},"typography_font_weight":"bold","typography_text_transform":"uppercase","_margin":{"unit":"px","top":"0","right":"0","bottom":"0","left":"0","isLinked":""},"_padding":{"unit":"px","top":"0","right":"0","bottom":"10","left":"0","isLinked":""},"typography_font_size_mobile":{"unit":"rem","size":"2.8"}},"elements":[],"isInner":false,"widgetType":"heading","elType":"widget"}],"isInner":"1","elType":"column"}],"isInner":"1","elType":"section"},{"id":"7f712575","settings":{"structure":"30","content_width":{"unit":"px","size":"724"}},"elements":[{"id":"272da140","settings":{"_column_size":"33","_inline_size":"","padding_mobile":{"unit":"px","top":"00","right":"00","bottom":"00","left":"00","isLinked":"1"}},"elements":[{"id":"7d76df2d","settings":{"starting_number":"","ending_number":"12","title":"Spots Left","number_color":"#1989e5","typography_number_typography":"custom","typography_number_font_family":"Source Sans Pro","typography_number_font_size":{"unit":"rem","size":"4"},"typography_number_font_weight":"bold","title_color":"#1989e5","typography_title_typography":"custom","typography_title_font_family":"Source Sans Pro","typography_title_font_size":{"unit":"rem","size":"1.5"},"typography_title_font_weight":"700","typography_number_text_transform":"uppercase","typography_number_font_style":"normal","typography_number_text_decoration":"none","typography_title_text_transform":"capitalize","typography_title_font_style":"normal","typography_title_text_decoration":"none","typography_title_letter_spacing":{"unit":"px","size":"0.4","sizes":[]},"_margin":{"unit":"%","top":"0","right":"0","bottom":"0","left":"0","isLinked":""},"_margin_mobile":{"unit":"px","top":"0","right":"0","bottom":"0","left":"0","isLinked":"1"},"_padding_mobile":{"unit":"px","top":"0","right":"0","bottom":"0","left":"0","isLinked":""}},"elements":[],"isInner":false,"widgetType":"counter","elType":"widget"}],"isInner":"1","elType":"column"},{"id":"2efd1a76","settings":{"_column_size":"33","_inline_size":""},"elements":[{"id":"61146402","settings":{"starting_number":"","ending_number":"1999","duration":"1300","title":"Price","number_color":"#1989e5","typography_number_typography":"custom","typography_number_font_family":"Source Sans Pro","typography_number_font_size":{"unit":"rem","size":"4"},"typography_number_font_weight":"bold","title_color":"#1989e5","typography_title_typography":"custom","typography_title_font_family":"Source Sans Pro","typography_title_font_size":{"unit":"rem","size":"1.5"},"typography_title_font_weight":"700","thousand_separator":"","typography_number_text_transform":"uppercase","typography_number_font_style":"normal","typography_number_text_decoration":"none","typography_title_text_transform":"capitalize","typography_title_font_style":"normal","typography_title_text_decoration":"none","typography_title_letter_spacing":{"unit":"px","size":"0.4","sizes":[]},"_margin":{"unit":"%","top":"0","right":"0","bottom":"0","left":"0","isLinked":""},"_margin_mobile":{"unit":"px","top":"0","right":"0","bottom":"0","left":"0","isLinked":"1"},"_padding_mobile":{"unit":"px","top":"0","right":"0","bottom":"0","left":"0","isLinked":""}},"elements":[],"isInner":false,"widgetType":"counter","elType":"widget"}],"isInner":"1","elType":"column"},{"id":"6f964ea6","settings":{"_column_size":"33","_inline_size":""},"elements":[{"id":"6cc9b85b","settings":{"starting_number":"","ending_number":"7","duration":"1300","title":"Days","number_color":"#1989e5","typography_number_typography":"custom","typography_number_font_family":"Source Sans Pro","typography_number_font_size":{"unit":"rem","size":"4"},"typography_number_font_weight":"bold","title_color":"#1989e5","typography_title_typography":"custom","typography_title_font_family":"Source Sans Pro","typography_title_font_size":{"unit":"rem","size":"1.5"},"typography_title_font_weight":"700","typography_number_text_transform":"uppercase","typography_number_font_style":"normal","typography_number_text_decoration":"none","typography_title_text_transform":"capitalize","typography_title_font_style":"normal","typography_title_text_decoration":"none","typography_title_letter_spacing":{"unit":"px","size":"0.4","sizes":[]},"_margin":{"unit":"%","top":"0","right":"0","bottom":"0","left":"0","isLinked":""},"_margin_mobile":{"unit":"px","top":"0","right":"0","bottom":"0","left":"0","isLinked":"1"},"_padding_mobile":{"unit":"px","top":"0","right":"0","bottom":"0","left":"0","isLinked":""}},"elements":[],"isInner":false,"widgetType":"counter","elType":"widget"}],"isInner":"1","elType":"column"}],"isInner":"1","elType":"section"},{"id":"1ac0e362","settings":{"space":{"unit":"px","size":"30","sizes":[]}},"elements":[],"isInner":false,"widgetType":"spacer","elType":"widget"},{"id":"1694dc41","settings":{"text":"dates & booking","align":"center","icon_align":"right","icon_indent":{"unit":"px","size":"10"},"typography_typography":"custom","typography_font_family":"Source Sans Pro","typography_font_size":{"unit":"rem","size":"1.1"},"typography_font_weight":"700","typography_text_transform":"uppercase","typography_letter_spacing":{"unit":"px","size":"0.5"},"button_text_color":"#ffffff","background_color":"#1989e5","hover_color":"#ffffff","button_background_hover_color":"#ef4c5d","button_hover_border_color":"#ef182d","border_color":"#000000","border_radius":{"unit":"px","top":"0","right":"0","bottom":"0","left":"0","isLinked":"1"},"button_box_shadow_box_shadow":{"horizontal":"0","vertical":"0","blur":"0","spread":"2","color":"rgba(255,220,74,0.4)"},"button_box_shadow_box_shadow_position":"inset","text_padding":{"unit":"em","top":"","right":"","bottom":"","left":"","isLinked":"1"},"_margin":{"unit":"px","top":"0","right":"0","bottom":"0","left":"0","isLinked":""},"_padding":{"unit":"px","top":"0","right":"0","bottom":"0","left":"0","isLinked":""},"size":"md","typography_font_style":"normal","typography_text_decoration":"none","hover_animation":"bob"},"elements":[],"isInner":false,"widgetType":"button","elType":"widget"}],"isInner":"","elType":"column"}],"isInner":"","elType":"section"},{"id":"16f7fd86","settings":{"gap":"no","custom_height":{"unit":"px","size":"1100"},"content_position":"middle","padding":{"unit":"em","top":"1","right":"0","bottom":"4","left":"0","isLinked":""},"padding_tablet":{"unit":"px","top":"100","right":"25","bottom":"100","left":"25","isLinked":""},"padding_mobile":{"unit":"em","top":"","right":"","bottom":"","left":"","isLinked":""},"content_width":{"unit":"px","size":"1140"},"margin":{"unit":"px","top":"0","right":"0","bottom":"0","left":"0","isLinked":""},"margin_mobile":{"unit":"px","top":"0","right":"0","bottom":"0","left":"0","isLinked":""},"html_tag":"section","background_background":"classic","background_color":"#fffcf7"},"elements":[{"id":"7d1cff76","settings":{"_column_size":"100","content_position":"center","space_between_widgets":"5"},"elements":[{"id":"4bf551c3","settings":{"structure":"30","padding":{"unit":"em","top":"2","right":"0","bottom":"0","left":"0","isLinked":""},"border_width":{"unit":"px","top":"1","right":"0","bottom":"0","left":"0","isLinked":""},"border_color":"#ededed"},"elements":[{"id":"31cd43e8","settings":{"_column_size":"33","_inline_size":"","content_position":"top","padding":{"unit":"em","top":"1","right":"1","bottom":"1","left":"1","isLinked":"1"},"box_shadow_box_shadow_type":"yes","box_shadow_box_shadow":{"horizontal":"0","vertical":"0","blur":"5","spread":"0","color":"rgba(0,0,0,0.11)"},"margin":{"unit":"px","top":"20","right":"20","bottom":"20","left":"20","isLinked":"1"},"border_border":"solid","border_width":{"unit":"px","top":"1","right":"1","bottom":"1","left":"1","isLinked":"1"},"border_color":"#f7f6d7","border_radius":{"unit":"px","top":"5","right":"5","bottom":"5","left":"5","isLinked":"1"},"border_hover_width":{"unit":"px","top":"2","right":"2","bottom":"2","left":"2","isLinked":"1"},"border_hover_color":"#f7f3e1","box_shadow_hover_box_shadow_type":"yes","box_shadow_hover_box_shadow":{"horizontal":"0","vertical":"0","blur":"20","spread":"0","color":"rgba(0,0,0,0.17)"},"background_background":"classic","background_color":"#ffffff"},"elements":[{"id":"4068e2d0","settings":{"rating":"4.5","align":"center","stars_color":"#1989e5","stars_unmarked_color":"#83bf8b","_padding":{"unit":"em","top":"1","right":"1","bottom":"1","left":"1","isLinked":"1"}},"elements":[],"isInner":false,"widgetType":"star-rating","elType":"widget"},{"id":"2c544a51","settings":{"testimonial_content":"\" I had great time with travel agency! Cozy trip and best travel service so far! \"","testimonial_image":{"id":"7026","url":"http:\/\/sitefacilitado.com.br\/membros\/wp-content\/uploads\/2020\/03\/team1-2.jpg"},"testimonial_name":"Denise Griffin","testimonial_job":"IBIZA, 2018","content_content_color":"#353535","content_typography_typography":"custom","content_typography_font_family":"Georgia","content_typography_font_size":{"unit":"rem","size":"1.2"},"content_typography_font_style":"italic","image_border_border":"solid","image_border_width":{"unit":"px","top":"3","right":"3","bottom":"3","left":"3","isLinked":"1"},"image_border_color":"#f4edd2","name_text_color":"#1989e5","name_typography_typography":"custom","name_typography_font_family":"Source Sans Pro","name_typography_font_size":{"unit":"rem","size":"1"},"name_typography_font_weight":"600","job_typography_typography":"custom","job_typography_font_family":"Open Sans","job_typography_font_size":{"unit":"rem","size":"0.7"},"job_typography_font_weight":"600","job_text_color":"#000000","job_typography_text_transform":"uppercase","content_typography_text_transform":"none","content_typography_text_decoration":"none","image_size":{"unit":"px","size":"48","sizes":[]},"testimonial_image_size":"thumbnail","image_border_radius":{"unit":"px","top":"3","right":"3","bottom":"3","left":"3","isLinked":"1"},"job_typography_font_style":"oblique","_padding":{"unit":"px","top":"0","right":"10","bottom":"0","left":"10","isLinked":""}},"elements":[],"isInner":false,"widgetType":"testimonial","elType":"widget"}],"isInner":"1","elType":"column"},{"id":"3a57d987","settings":{"_column_size":"33","_inline_size":"","content_position":"top","padding":{"unit":"em","top":"1","right":"1","bottom":"1","left":"1","isLinked":"1"},"box_shadow_box_shadow_type":"yes","box_shadow_box_shadow":{"horizontal":"0","vertical":"0","blur":"5","spread":"0","color":"rgba(0,0,0,0.11)"},"margin":{"unit":"px","top":"20","right":"20","bottom":"20","left":"20","isLinked":"1"},"border_border":"solid","border_width":{"unit":"px","top":"1","right":"1","bottom":"1","left":"1","isLinked":"1"},"border_color":"#f7f6d7","border_radius":{"unit":"px","top":"5","right":"5","bottom":"5","left":"5","isLinked":"1"},"border_hover_width":{"unit":"px","top":"2","right":"2","bottom":"2","left":"2","isLinked":"1"},"border_hover_color":"#f7f3e1","box_shadow_hover_box_shadow_type":"yes","box_shadow_hover_box_shadow":{"horizontal":"0","vertical":"0","blur":"20","spread":"0","color":"rgba(0,0,0,0.17)"},"background_background":"classic","background_color":"#ffffff"},"elements":[{"id":"26fadf76","settings":{"align":"center","stars_color":"#1989e5","stars_unmarked_color":"#83bf8b","_padding":{"unit":"em","top":"1","right":"1","bottom":"1","left":"1","isLinked":"1"}},"elements":[],"isInner":false,"widgetType":"star-rating","elType":"widget"},{"id":"29e1f217","settings":{"testimonial_content":"\" I had great time with travel agency! Cozy trip and best travel service so far! \"","testimonial_image":{"id":"7033","url":"http:\/\/sitefacilitado.com.br\/membros\/wp-content\/uploads\/2020\/03\/team5-1.jpg"},"testimonial_name":"Jeff Douglas","testimonial_job":"IBIZA, 2018","content_content_color":"#353535","content_typography_typography":"custom","content_typography_font_family":"Georgia","content_typography_font_size":{"unit":"rem","size":"1.2"},"content_typography_font_style":"italic","image_border_border":"solid","image_border_width":{"unit":"px","top":"3","right":"3","bottom":"3","left":"3","isLinked":"1"},"image_border_color":"#f4edd2","name_text_color":"#1989e5","name_typography_typography":"custom","name_typography_font_family":"Source Sans Pro","name_typography_font_size":{"unit":"rem","size":"1"},"name_typography_font_weight":"600","job_typography_typography":"custom","job_typography_font_family":"Open Sans","job_typography_font_size":{"unit":"rem","size":"0.7"},"job_typography_font_weight":"600","job_text_color":"#000000","job_typography_text_transform":"uppercase","content_typography_text_transform":"none","content_typography_text_decoration":"none","image_size":{"unit":"px","size":"48","sizes":[]},"testimonial_image_size":"thumbnail","image_border_radius":{"unit":"px","top":"3","right":"3","bottom":"3","left":"3","isLinked":"1"},"job_typography_font_style":"oblique","_padding":{"unit":"px","top":"0","right":"10","bottom":"0","left":"10","isLinked":""}},"elements":[],"isInner":false,"widgetType":"testimonial","elType":"widget"}],"isInner":"1","elType":"column"},{"id":"694abcdd","settings":{"_column_size":"33","_inline_size":"","content_position":"top","padding":{"unit":"em","top":"1","right":"1","bottom":"1","left":"1","isLinked":"1"},"box_shadow_box_shadow_type":"yes","box_shadow_box_shadow":{"horizontal":"0","vertical":"0","blur":"5","spread":"0","color":"rgba(0,0,0,0.11)"},"margin":{"unit":"px","top":"20","right":"20","bottom":"20","left":"20","isLinked":"1"},"border_border":"solid","border_width":{"unit":"px","top":"1","right":"1","bottom":"1","left":"1","isLinked":"1"},"border_color":"#f7f6d7","border_radius":{"unit":"px","top":"5","right":"5","bottom":"5","left":"5","isLinked":"1"},"border_hover_width":{"unit":"px","top":"2","right":"2","bottom":"2","left":"2","isLinked":"1"},"border_hover_color":"#f7f3e1","box_shadow_hover_box_shadow_type":"yes","box_shadow_hover_box_shadow":{"horizontal":"0","vertical":"0","blur":"20","spread":"0","color":"rgba(0,0,0,0.17)"},"background_background":"classic","background_color":"#ffffff"},"elements":[{"id":"31d837ea","settings":{"rating":"4.5","align":"center","stars_color":"#1989e5","stars_unmarked_color":"#83bf8b","_padding":{"unit":"em","top":"1","right":"1","bottom":"1","left":"1","isLinked":"1"}},"elements":[],"isInner":false,"widgetType":"star-rating","elType":"widget"},{"id":"30cd35c4","settings":{"testimonial_content":"\" I had great time with travel agency! Cozy trip and best travel service so far! \"","testimonial_image":{"id":"7034","url":"http:\/\/sitefacilitado.com.br\/membros\/wp-content\/uploads\/2020\/03\/team4-1.jpg"},"testimonial_name":"Kelly Bezos","testimonial_job":"IBIZA, 2018","content_content_color":"#353535","content_typography_typography":"custom","content_typography_font_family":"Georgia","content_typography_font_size":{"unit":"rem","size":"1.2"},"content_typography_font_style":"italic","image_border_border":"solid","image_border_width":{"unit":"px","top":"3","right":"3","bottom":"3","left":"3","isLinked":"1"},"image_border_color":"#f4edd2","name_text_color":"#1989e5","name_typography_typography":"custom","name_typography_font_family":"Source Sans Pro","name_typography_font_size":{"unit":"rem","size":"1"},"name_typography_font_weight":"600","job_typography_typography":"custom","job_typography_font_family":"Open Sans","job_typography_font_size":{"unit":"rem","size":"0.7"},"job_typography_font_weight":"600","job_text_color":"#000000","job_typography_text_transform":"uppercase","content_typography_text_transform":"none","content_typography_text_decoration":"none","image_size":{"unit":"px","size":"48","sizes":[]},"testimonial_image_size":"thumbnail","image_border_radius":{"unit":"px","top":"3","right":"3","bottom":"3","left":"3","isLinked":"1"},"job_typography_font_style":"oblique","_padding":{"unit":"px","top":"0","right":"10","bottom":"0","left":"10","isLinked":""}},"elements":[],"isInner":false,"widgetType":"testimonial","elType":"widget"}],"isInner":"1","elType":"column"}],"isInner":"1","elType":"section"},{"id":"3f29f5","settings":{"text":"dates & booking","align":"center","icon_align":"right","icon_indent":{"unit":"px","size":"10"},"typography_typography":"custom","typography_font_family":"Source Sans Pro","typography_font_size":{"unit":"rem","size":"1.1"},"typography_font_weight":"700","typography_text_transform":"uppercase","typography_letter_spacing":{"unit":"px","size":"0.5"},"button_text_color":"#ffffff","background_color":"#1989e5","hover_color":"#ffffff","button_background_hover_color":"#ef4c5d","button_hover_border_color":"#ef182d","border_color":"#000000","border_radius":{"unit":"px","top":"0","right":"0","bottom":"0","left":"0","isLinked":"1"},"button_box_shadow_box_shadow":{"horizontal":"0","vertical":"0","blur":"0","spread":"2","color":"rgba(255,220,74,0.4)"},"button_box_shadow_box_shadow_position":"inset","text_padding":{"unit":"em","top":"","right":"","bottom":"","left":"","isLinked":"1"},"_margin":{"unit":"px","top":"60","right":"0","bottom":"0","left":"0","isLinked":""},"_padding":{"unit":"px","top":"0","right":"0","bottom":"0","left":"0","isLinked":""},"size":"md","typography_font_style":"normal","typography_text_decoration":"none","hover_animation":"bob"},"elements":[],"isInner":false,"widgetType":"button","elType":"widget"}],"isInner":"","elType":"column"}],"isInner":"","elType":"section"}]}