{"version":"0.4","title":"Travel Agency > Destination 2","type":"page","content":[{"id":"1bbbf3b8","settings":{"height":"min-height","background_background":"classic","background_image":{"id":"7037","url":"http:\/\/sitefacilitado.com.br\/membros\/wp-content\/uploads\/2020\/03\/amelie-ohlrogge-737337-unsplash.jpg"},"background_size":"cover","background_overlay_background":"gradient","background_overlay_color":"#ffdc4a","padding":{"unit":"px","top":"0","right":"0","bottom":"0","left":"0","isLinked":""},"background_overlay_opacity":{"unit":"px","size":"0.28"},"padding_mobile":{"unit":"px","top":"120","right":"0","bottom":"0","left":"0","isLinked":""},"custom_height":{"unit":"vh","size":"100","sizes":[]},"column_position":"stretch","html_tag":"section","background_xpos":{"unit":"%","size":"5","sizes":[]},"background_ypos":{"unit":"%","size":"6","sizes":[]},"background_color":"#ffffff","background_position":"initial","background_attachment":"fixed","background_overlay_color_b":"#492832"},"elements":[{"id":"a13486c","settings":{"_column_size":"100","content_position":"bottom"},"elements":[{"id":"288f5a16","settings":{"content_width":{"unit":"px","size":"400","sizes":[]}},"elements":[{"id":"1e2ca4ad","settings":{"_column_size":"100","_inline_size":""},"elements":[{"id":"65a37368","settings":{"title":"Visit &amp; Explore","align":"center","title_color":"#ffffff","typography_typography":"custom","typography_font_family":"Source Sans Pro","_margin":{"unit":"%","top":"0","right":"0","bottom":"0","left":"0","isLinked":""},"typography_font_size":{"unit":"px","size":"18"},"typography_font_weight":"bold","typography_text_transform":"uppercase","typography_letter_spacing":{"unit":"px","size":"0.5"},"align_mobile":"center","_margin_mobile":{"unit":"%","top":"","right":"","bottom":"","left":"","isLinked":""},"_padding":{"unit":"px","top":"8","right":"8","bottom":"8","left":"8","isLinked":"1"},"_animation":"fadeInLeft","_background_color":"#ffffff","_element_width":"inherit","_element_vertical_align":"center"},"elements":[],"isInner":false,"widgetType":"heading","elType":"widget"}],"isInner":"1","elType":"column"}],"isInner":"1","elType":"section"},{"id":"3d71db","settings":{"title":"Brazil","align":"center","title_color":"#ffffff","typography_typography":"custom","typography_font_family":"Source Sans Pro","typography_font_size":{"unit":"rem","size":"8.9"},"typography_font_weight":"bold","typography_text_transform":"uppercase","_margin":{"unit":"px","top":"0","right":"0","bottom":"0","left":"0","isLinked":""},"_padding":{"unit":"em","top":"0","right":"0","bottom":"1","left":"0","isLinked":""},"_padding_mobile":{"unit":"px","top":"0","right":"0","bottom":"0","left":"0","isLinked":""},"header_size":"h1","typography_font_size_mobile":{"unit":"rem","size":"5"},"typography_font_style":"normal","typography_text_decoration":"none","typography_letter_spacing_mobile":{"unit":"px","size":"-3.3","sizes":[]},"_animation":"fadeInUp"},"elements":[],"isInner":false,"widgetType":"heading","elType":"widget"},{"id":"175939ac","settings":{"structure":"30","background_background":"classic","content_width":{"unit":"px","size":"1140"},"gap":"wider","padding":{"unit":"em","top":"","right":"","bottom":"","left":"","isLinked":""},"animation":"fadeInUp"},"elements":[{"id":"799d8ba8","settings":{"_column_size":"33","_inline_size":"","background_background":"classic","background_color":"#ffffff","border_border":"solid","border_width":{"unit":"px","top":"1","right":"1","bottom":"1","left":"1","isLinked":"1"},"border_color":"#f7f6d7","box_shadow_box_shadow":{"horizontal":"0","vertical":"0","blur":"5","spread":"0","color":"rgba(0,0,0,0.11)"},"border_hover_width":{"unit":"px","top":"2","right":"2","bottom":"2","left":"2","isLinked":"1"},"border_hover_color":"#f7f3e1","margin":{"unit":"%","top":"2","right":"2","bottom":"2","left":"2","isLinked":"1"},"padding":{"unit":"em","top":"2","right":"2","bottom":"2","left":"2","isLinked":"1"},"content_position":"center","border_radius":{"unit":"px","top":"5","right":"5","bottom":"5","left":"5","isLinked":"1"},"box_shadow_box_shadow_type":"yes","box_shadow_hover_box_shadow_type":"yes","box_shadow_hover_box_shadow":{"horizontal":"0","vertical":"0","blur":"20","spread":"0","color":"rgba(0,0,0,0.17)"},"margin_tablet":{"unit":"px","top":"10","right":"10","bottom":"10","left":"10","isLinked":"1"},"padding_tablet":{"unit":"px","top":"10","right":"10","bottom":"10","left":"10","isLinked":"1"}},"elements":[{"id":"4002daac","settings":{"weight":{"unit":"px","size":"3","sizes":[]},"color":"#1989e5","width":{"unit":"%","size":"46","sizes":[]},"align_mobile":"center"},"elements":[],"isInner":false,"widgetType":"divider","elType":"widget"},{"id":"6f74c3ef","settings":{"title":"ALL INCLUSIVE","align":"left","title_color":"#000000","typography_typography":"custom","typography_font_family":"Source Sans Pro","typography_font_size":{"unit":"rem","size":"1.7"},"typography_font_weight":"700","header_size":"h4","typography_text_transform":"uppercase","typography_font_style":"normal","typography_text_decoration":"none","_padding":{"unit":"em","top":"","right":"","bottom":"","left":"","isLinked":"1"},"align_mobile":"center"},"elements":[],"isInner":false,"widgetType":"heading","elType":"widget"},{"id":"57b50f55","settings":{"editor":"<p>Lorem ipsum dolor sit amet, consectetur adipiscing elit, sed do eiusmod tempor<\/p>","align":"left","typography_typography":"custom","typography_font_family":"Open Sans","typography_font_size":{"unit":"rem","size":"0.8"},"typography_line_height":{"unit":"em","size":"1.6"},"typography_letter_spacing":{"unit":"px","size":"0"},"text_color":"#7a7a7a","typography_font_size_tablet":{"unit":"rem","size":"0.8","sizes":[]},"typography_text_transform":"none","typography_font_style":"normal","typography_text_decoration":"none","_padding":{"unit":"em","top":"","right":"","bottom":"","left":"","isLinked":""},"align_mobile":"center"},"elements":[],"isInner":false,"widgetType":"text-editor","elType":"widget"}],"isInner":"1","elType":"column"},{"id":"62f218f7","settings":{"_column_size":"33","_inline_size":"","background_background":"classic","background_color":"#ffffff","border_border":"solid","border_width":{"unit":"px","top":"1","right":"1","bottom":"1","left":"1","isLinked":"1"},"border_color":"#f7f6d7","margin":{"unit":"%","top":"2","right":"2","bottom":"2","left":"2","isLinked":"1"},"padding":{"unit":"em","top":"2","right":"2","bottom":"2","left":"2","isLinked":"1"},"box_shadow_box_shadow":{"horizontal":"0","vertical":"0","blur":"5","spread":"0","color":"rgba(0,0,0,0.11)"},"border_hover_width":{"unit":"px","top":"2","right":"2","bottom":"2","left":"2","isLinked":"1"},"border_hover_color":"#f7f3e1","content_position":"center","border_radius":{"unit":"px","top":"5","right":"5","bottom":"5","left":"5","isLinked":"1"},"box_shadow_box_shadow_type":"yes","box_shadow_hover_box_shadow_type":"yes","box_shadow_hover_box_shadow":{"horizontal":"0","vertical":"0","blur":"20","spread":"0","color":"rgba(0,0,0,0.17)"},"margin_tablet":{"unit":"px","top":"10","right":"10","bottom":"10","left":"10","isLinked":"1"},"padding_tablet":{"unit":"px","top":"10","right":"10","bottom":"10","left":"10","isLinked":"1"}},"elements":[{"id":"2103ebc6","settings":{"weight":{"unit":"px","size":"3","sizes":[]},"color":"#1989e5","width":{"unit":"%","size":"46","sizes":[]},"align_mobile":"center"},"elements":[],"isInner":false,"widgetType":"divider","elType":"widget"},{"id":"63743986","settings":{"title":"Family Groups","align":"left","title_color":"#000000","typography_typography":"custom","typography_font_family":"Source Sans Pro","typography_font_size":{"unit":"rem","size":"1.7"},"typography_font_weight":"700","typography_text_transform":"uppercase","typography_font_style":"normal","typography_text_decoration":"none","_padding":{"unit":"em","top":"","right":"","bottom":"","left":"","isLinked":"1"},"header_size":"h4","align_mobile":"center"},"elements":[],"isInner":false,"widgetType":"heading","elType":"widget"},{"id":"50aa70ec","settings":{"editor":"<p>Lorem ipsum dolor sit amet, consectetur adipiscing elit, sed do eiusmod tempor<\/p>","align":"left","typography_typography":"custom","typography_font_family":"Open Sans","typography_font_size":{"unit":"rem","size":"0.8"},"typography_line_height":{"unit":"em","size":"1.6"},"typography_letter_spacing":{"unit":"px","size":"0"},"text_color":"#7a7a7a","typography_font_size_tablet":{"unit":"rem","size":"0.8","sizes":[]},"typography_text_transform":"none","typography_font_style":"normal","typography_text_decoration":"none","_padding":{"unit":"em","top":"","right":"","bottom":"","left":"","isLinked":""},"align_mobile":"center"},"elements":[],"isInner":false,"widgetType":"text-editor","elType":"widget"}],"isInner":"1","elType":"column"},{"id":"460baa7c","settings":{"_column_size":"33","_inline_size":"","background_background":"classic","background_color":"#ffffff","border_border":"solid","border_width":{"unit":"px","top":"1","right":"1","bottom":"1","left":"1","isLinked":"1"},"border_color":"#f7f6d7","margin":{"unit":"%","top":"2","right":"2","bottom":"2","left":"2","isLinked":"1"},"padding":{"unit":"em","top":"2","right":"2","bottom":"2","left":"2","isLinked":"1"},"box_shadow_box_shadow":{"horizontal":"0","vertical":"0","blur":"5","spread":"0","color":"rgba(0,0,0,0.11)"},"border_hover_width":{"unit":"px","top":"2","right":"2","bottom":"2","left":"2","isLinked":"1"},"border_hover_color":"#f7f3e1","content_position":"center","border_radius":{"unit":"px","top":"5","right":"5","bottom":"5","left":"5","isLinked":"1"},"box_shadow_box_shadow_type":"yes","box_shadow_hover_box_shadow_type":"yes","box_shadow_hover_box_shadow":{"horizontal":"0","vertical":"0","blur":"20","spread":"0","color":"rgba(0,0,0,0.17)"},"margin_tablet":{"unit":"px","top":"10","right":"10","bottom":"10","left":"10","isLinked":"1"},"padding_tablet":{"unit":"px","top":"10","right":"10","bottom":"10","left":"10","isLinked":"1"}},"elements":[{"id":"4601938b","settings":{"weight":{"unit":"px","size":"3","sizes":[]},"color":"#1989e5","width":{"unit":"%","size":"46","sizes":[]},"align_mobile":"center"},"elements":[],"isInner":false,"widgetType":"divider","elType":"widget"},{"id":"73932c85","settings":{"title":"solo Tours","align":"left","title_color":"#000000","typography_typography":"custom","typography_font_family":"Source Sans Pro","typography_font_size":{"unit":"rem","size":"1.7"},"typography_font_weight":"700","typography_text_transform":"uppercase","typography_font_style":"normal","typography_text_decoration":"none","_padding":{"unit":"em","top":"","right":"","bottom":"","left":"","isLinked":"1"},"header_size":"h4","align_mobile":"center"},"elements":[],"isInner":false,"widgetType":"heading","elType":"widget"},{"id":"280ae589","settings":{"editor":"<p>Lorem ipsum dolor sit amet, consectetur adipiscing elit, sed do eiusmod tempor<\/p>","align":"left","typography_typography":"custom","typography_font_family":"Open Sans","typography_font_size":{"unit":"rem","size":"0.8"},"typography_line_height":{"unit":"em","size":"1.6"},"typography_letter_spacing":{"unit":"px","size":"0"},"text_color":"#7a7a7a","typography_font_size_tablet":{"unit":"rem","size":"0.8","sizes":[]},"typography_text_transform":"none","typography_font_style":"normal","typography_text_decoration":"none","_padding":{"unit":"em","top":"","right":"","bottom":"","left":"","isLinked":""},"align_mobile":"center"},"elements":[],"isInner":false,"widgetType":"text-editor","elType":"widget"}],"isInner":"1","elType":"column"}],"isInner":"1","elType":"section"},{"id":"7cba887b","settings":{"icon":"fa fa-angle-down","primary_color":"#ffffff","hover_animation":"bob"},"elements":[],"isInner":false,"widgetType":"icon","elType":"widget"}],"isInner":"","elType":"column"}],"isInner":"","elType":"section"},{"id":"270fcedf","settings":{"gap":"no","custom_height":{"unit":"px","size":"1100"},"content_position":"middle","padding":{"unit":"em","top":"6","right":"0","bottom":"0","left":"0","isLinked":""},"padding_tablet":{"unit":"px","top":"100","right":"25","bottom":"100","left":"25","isLinked":""},"padding_mobile":{"unit":"em","top":"1","right":"1","bottom":"1","left":"1","isLinked":"1"},"content_width":{"unit":"px","size":"1140"},"html_tag":"section","background_background":"classic","background_color":"#fffcf7","margin":{"unit":"px","top":"0","right":"0","bottom":"0","left":"0","isLinked":""},"margin_mobile":{"unit":"px","top":"0","right":"0","bottom":"0","left":"0","isLinked":""}},"elements":[{"id":"11d9aad2","settings":{"_column_size":"100","_inline_size":"","padding":{"unit":"%","top":"0","right":"0","bottom":"0","left":"0","isLinked":""},"_inline_size_tablet":"100","padding_tablet":{"unit":"px","top":"25","right":"25","bottom":"25","left":"25","isLinked":"1"},"padding_mobile":{"unit":"em","top":"0","right":"0","bottom":"0","left":"0","isLinked":""},"margin":{"unit":"px","top":"0","right":"0","bottom":"0","left":"0","isLinked":"1"},"margin_mobile":{"unit":"px","top":"0","right":"0","bottom":"0","left":"0","isLinked":"1"}},"elements":[{"id":"1438fb21","settings":{"content_width":{"unit":"px","size":"934"},"margin":{"unit":"px","top":"20","right":"0","bottom":"0","left":"0","isLinked":""}},"elements":[{"id":"4d5dd80a","settings":{"_column_size":"100","_inline_size":""},"elements":[{"id":"16b9172b","settings":{"title":"featured tour","align":"center","title_color":"#1989e5","typography_typography":"custom","typography_font_family":"Source Sans Pro","_margin":{"unit":"px","top":"0","right":"0","bottom":"0","left":"0","isLinked":""},"typography_font_size":{"unit":"rem","size":"1.5"},"header_size":"span","typography_font_weight":"700","typography_text_transform":"capitalize","typography_font_style":"normal","typography_text_decoration":"none"},"elements":[],"isInner":false,"widgetType":"heading","elType":"widget"},{"id":"2cc1206d","settings":{"title":"peace &amp; Serenity","align":"center","title_color":"#000000","typography_typography":"custom","typography_font_family":"Source Sans Pro","typography_font_size":{"unit":"rem","size":"3.8"},"typography_font_weight":"bold","typography_text_transform":"uppercase","_margin":{"unit":"px","top":"0","right":"0","bottom":"0","left":"0","isLinked":""},"_padding":{"unit":"px","top":"0","right":"0","bottom":"00","left":"0","isLinked":""},"typography_font_size_mobile":{"unit":"rem","size":"3","sizes":[]}},"elements":[],"isInner":false,"widgetType":"heading","elType":"widget"},{"id":"44f7c68c","settings":{"editor":"<p>Lorem ipsum dolor sit amet, consectetur adipiscing elit, sed do eiusmod tempor Lorem ipsum dolor sit amet, consectetur adipiscing elit, sed do eiusmod tempor Lorem ipsum dolor sit amet, consectetur adipiscing elit<\/p>","align":"center","typography_typography":"custom","typography_font_family":"Open Sans","typography_font_size":{"unit":"rem","size":"1"},"typography_line_height":{"unit":"em","size":"1.5"},"typography_letter_spacing":{"unit":"px","size":"0"},"text_color":"#7a7a7a","typography_font_weight":"400","typography_text_transform":"none","typography_font_style":"normal","typography_text_decoration":"none"},"elements":[],"isInner":false,"widgetType":"text-editor","elType":"widget"},{"id":"51c061e1","settings":{"carousel":[{"id":"7016","url":"http:\/\/sitefacilitado.com.br\/membros\/wp-content\/uploads\/2020\/03\/andrew-ruiz-268701-unsplash-scaled.jpg"},{"id":"7013","url":"http:\/\/sitefacilitado.com.br\/membros\/wp-content\/uploads\/2020\/03\/aishath-naj-460116-unsplash-scaled.jpg"},{"id":"995","url":"https:\/\/wp.envatoextensions.com\/collection-23\/wp-content\/uploads\/sites\/26\/2018\/06\/linus-nylund-310532-unsplash.jpg"}],"thumbnail_size":"custom","slides_to_show":"1","slides_to_scroll":"1","navigation":"arrows","effect":"fade","arrows_size":{"unit":"px","size":"36"},"arrows_color":"#ffffff","dots_size":{"unit":"px","size":"10"},"dots_color":"#ff6d24","_margin":{"unit":"px","top":"50","right":"0","bottom":"0","left":"0","isLinked":""},"_box_shadow_box_shadow_type":"yes","_box_shadow_box_shadow":{"horizontal":"0","vertical":"0","blur":"43","spread":"-24","color":"#000000"},"thumbnail_custom_dimension":{"width":"1200","height":"700"},"image_border_radius":{"unit":"px","top":"4","right":"4","bottom":"4","left":"4","isLinked":"1"},"_margin_mobile":{"unit":"px","top":"0","right":"0","bottom":"0","left":"0","isLinked":"1"}},"elements":[],"isInner":false,"widgetType":"image-carousel","elType":"widget"}],"isInner":"1","elType":"column"}],"isInner":"1","elType":"section"}],"isInner":"","elType":"column"}],"isInner":"","elType":"section"},{"id":"17cd7e92","settings":{"content_width":{"unit":"px","size":"800"},"margin":{"unit":"px","top":"0","right":"0","bottom":"0","left":"0","isLinked":""},"margin_mobile":{"unit":"px","top":"0","right":"0","bottom":"0","left":"0","isLinked":""},"padding_mobile":{"unit":"em","top":"2","right":"2","bottom":"2","left":"2","isLinked":"1"},"padding":{"unit":"em","top":"3","right":"0","bottom":"3","left":"0","isLinked":""},"html_tag":"section","background_background":"classic","background_color":"#fffcf7","gap":"no","custom_height":{"unit":"px","size":"1100"},"content_position":"middle","padding_tablet":{"unit":"px","top":"100","right":"25","bottom":"100","left":"25","isLinked":""}},"elements":[{"id":"343e2da4","settings":{"_column_size":"100","_inline_size":""},"elements":[{"id":"66ab4702","settings":{"testimonial_content":"\" I had great time with travel agency! Cozy trip and best travel service so far! \"","testimonial_image":{"id":"7026","url":"http:\/\/sitefacilitado.com.br\/membros\/wp-content\/uploads\/2020\/03\/team1-2.jpg"},"testimonial_name":"Denise Griffin","testimonial_job":"IBIZA, 2018","content_content_color":"#353535","content_typography_typography":"custom","content_typography_font_family":"Georgia","content_typography_font_size":{"unit":"rem","size":"1.8"},"content_typography_font_style":"italic","image_border_border":"solid","image_border_width":{"unit":"px","top":"3","right":"3","bottom":"3","left":"3","isLinked":"1"},"image_border_color":"#f4edd2","name_text_color":"#1989e5","name_typography_typography":"custom","name_typography_font_family":"Source Sans Pro","name_typography_font_size":{"unit":"px","size":"20"},"name_typography_font_weight":"600","job_typography_typography":"custom","job_typography_font_family":"Open Sans","job_typography_font_size":{"unit":"rem","size":"0.7"},"job_typography_font_weight":"600","job_text_color":"#000000","job_typography_text_transform":"uppercase","content_typography_text_transform":"none","content_typography_text_decoration":"none","image_size":{"unit":"px","size":"48","sizes":[]},"testimonial_image_size":"thumbnail","image_border_radius":{"unit":"px","top":"3","right":"3","bottom":"3","left":"3","isLinked":"1"},"job_typography_font_style":"oblique","_padding":{"unit":"px","top":"0","right":"10","bottom":"0","left":"10","isLinked":""},"content_typography_font_size_mobile":{"unit":"rem","size":"1","sizes":[]}},"elements":[],"isInner":false,"widgetType":"testimonial","elType":"widget"},{"id":"1119336d","settings":{"text":"dates & booking","align":"center","icon_align":"right","icon_indent":{"unit":"px","size":"10"},"typography_typography":"custom","typography_font_family":"Source Sans Pro","typography_font_size":{"unit":"rem","size":"1.1"},"typography_font_weight":"700","typography_text_transform":"uppercase","typography_letter_spacing":{"unit":"px","size":"0.5"},"button_text_color":"#ffffff","background_color":"#1989e5","hover_color":"#ffffff","button_background_hover_color":"#ef4c5d","button_hover_border_color":"#ef182d","border_color":"#000000","border_radius":{"unit":"px","top":"0","right":"0","bottom":"0","left":"0","isLinked":"1"},"button_box_shadow_box_shadow":{"horizontal":"0","vertical":"0","blur":"0","spread":"2","color":"rgba(255,220,74,0.4)"},"button_box_shadow_box_shadow_position":"inset","text_padding":{"unit":"em","top":"","right":"","bottom":"","left":"","isLinked":"1"},"_margin":{"unit":"px","top":"0","right":"0","bottom":"0","left":"0","isLinked":""},"_padding":{"unit":"px","top":"0","right":"0","bottom":"0","left":"0","isLinked":""},"size":"md","typography_font_style":"normal","typography_text_decoration":"none","hover_animation":"bob"},"elements":[],"isInner":false,"widgetType":"button","elType":"widget"}],"isInner":"","elType":"column"}],"isInner":"","elType":"section"},{"id":"5a165c2c","settings":{"gap":"no","custom_height":{"unit":"px","size":"1100"},"content_position":"middle","padding":{"unit":"em","top":"6","right":"0","bottom":"0","left":"0","isLinked":""},"padding_tablet":{"unit":"em","top":"3","right":"1","bottom":"1","left":"1","isLinked":""},"padding_mobile":{"unit":"em","top":"","right":"","bottom":"","left":"","isLinked":""},"content_width":{"unit":"px","size":"1140"},"margin":{"unit":"px","top":"0","right":"0","bottom":"0","left":"0","isLinked":""},"margin_mobile":{"unit":"px","top":"0","right":"0","bottom":"0","left":"0","isLinked":""},"html_tag":"section","background_background":"classic","background_color":"#fffcf7"},"elements":[{"id":"4253fad9","settings":{"_column_size":"100"},"elements":[{"id":"3101ff89","settings":{"structure":"20","border_border":"solid","border_width":{"unit":"px","top":"1","right":"0","bottom":"0","left":"0","isLinked":""},"border_color":"#ededed","padding":{"unit":"em","top":"2","right":"0","bottom":"0","left":"0","isLinked":""}},"elements":[{"id":"71a12a21","settings":{"_column_size":"50","_inline_size":"","content_position":"bottom","background_background":"classic","padding":{"unit":"em","top":"1","right":"1","bottom":"1","left":"1","isLinked":"1"}},"elements":[{"id":"2b1fb085","settings":{"title":"Itinerary","align":"left","title_color":"#1989e5","typography_typography":"custom","typography_font_family":"Source Sans Pro","_margin":{"unit":"px","top":"0","right":"0","bottom":"0","left":"0","isLinked":""},"typography_font_size":{"unit":"rem","size":"1.5"},"header_size":"span","typography_font_weight":"700","typography_text_transform":"none","typography_font_style":"normal","typography_text_decoration":"none","align_mobile":"center"},"elements":[],"isInner":false,"widgetType":"heading","elType":"widget"},{"id":"3295229e","settings":{"title":"Destinations","align":"left","title_color":"#000000","typography_typography":"custom","typography_font_family":"Source Sans Pro","typography_font_size":{"unit":"rem","size":"3.8"},"typography_font_weight":"bold","typography_text_transform":"uppercase","_margin":{"unit":"px","top":"0","right":"0","bottom":"0","left":"0","isLinked":""},"_padding":{"unit":"px","top":"0","right":"0","bottom":"00","left":"0","isLinked":""},"typography_font_size_mobile":{"unit":"rem","size":"2.6","sizes":[]},"typography_font_style":"normal","typography_text_decoration":"none","align_mobile":"center","typography_font_size_tablet":{"unit":"rem","size":"3","sizes":[]}},"elements":[],"isInner":false,"widgetType":"heading","elType":"widget"}],"isInner":"1","elType":"column"},{"id":"27b41d34","settings":{"_column_size":"50","_inline_size":"","content_position":"bottom","space_between_widgets":"0","padding":{"unit":"em","top":"1","right":"1","bottom":"1","left":"1","isLinked":"1"}},"elements":[{"id":"2d0ddb62","settings":{"editor":"<p>Lorem ipsum dolor sit amet, consectetur adipiscing elit, sed do eiusmod tempor Lorem ipsum dolor sit amet.<\/p>","align":"left","typography_typography":"custom","typography_font_family":"Open Sans","typography_font_size":{"unit":"rem","size":"1"},"typography_line_height":{"unit":"em","size":"1.5"},"typography_letter_spacing":{"unit":"px","size":"0"},"text_color":"#7a7a7a","typography_font_weight":"400","typography_text_transform":"none","typography_font_style":"normal","typography_text_decoration":"none","_margin":{"unit":"px","top":"0","right":"0","bottom":"0","left":"0","isLinked":""},"_padding":{"unit":"px","top":"0","right":"0","bottom":"0","left":"0","isLinked":"1"},"align_mobile":"center","typography_font_size_mobile":{"unit":"rem","size":"0.9","sizes":[]}},"elements":[],"isInner":false,"widgetType":"text-editor","elType":"widget"}],"isInner":"1","elType":"column"}],"isInner":"1","elType":"section"},{"id":"57028751","settings":{"space":{"unit":"px","size":"30","sizes":[]},"space_mobile":{"unit":"px","size":"0","sizes":[]}},"elements":[],"isInner":false,"widgetType":"spacer","elType":"widget"},{"id":"4d3c7688","settings":{"margin":{"unit":"px","top":"0","right":"0","bottom":"90","left":"0","isLinked":""},"padding":{"unit":"px","top":"10","right":"0","bottom":"0","left":"0","isLinked":""},"gap":"extended","structure":"30","margin_mobile":{"unit":"px","top":"0","right":"0","bottom":"0","left":"0","isLinked":"1"}},"elements":[{"id":"5bef4e4","settings":{"_column_size":"33","_inline_size":""},"elements":[{"id":"a66cff0","settings":{"image":{"url":"http:\/\/sitefacilitado.com.br\/membros\/wp-content\/uploads\/2020\/03\/andrew-ruiz-268701-unsplash-scaled.jpg","id":"7016"},"title_text":"Thailand","description_text":"Click edit button to change this text. Lorem ipsum dolor sit amet, consectetur adipiscing elit. Ut elit tellus, luctus nec ullamcorper mattis, pulvinar dapibus leo.","image_size":{"unit":"%","size":"100","sizes":[]},"hover_animation":"grow","text_align":"left","title_color":"#1989e5","title_typography_typography":"custom","title_typography_font_family":"Source Sans Pro","title_typography_font_size":{"unit":"rem","size":"1.4","sizes":[]},"title_typography_font_weight":"700","title_typography_text_transform":"uppercase","description_typography_typography":"custom","description_typography_font_family":"Source Sans Pro","description_typography_font_size":{"unit":"rem","size":"1","sizes":[]},"description_typography_line_height":{"unit":"em","size":"1.6","sizes":[]},"_border_radius":{"unit":"px","top":"4","right":"4","bottom":"4","left":"4","isLinked":"1"},"thumbnail_size":"custom","thumbnail_custom_dimension":{"width":"400","height":"320"},"description_typography_font_size_tablet":{"unit":"rem","size":"0.8","sizes":[]},"text_align_mobile":"center"},"elements":[],"isInner":false,"widgetType":"image-box","elType":"widget"}],"isInner":"","elType":"column"},{"id":"4b3049e5","settings":{"_column_size":"33","_inline_size":"31.431"},"elements":[{"id":"3579ed15","settings":{"image":{"url":"http:\/\/sitefacilitado.com.br\/membros\/wp-content\/uploads\/2020\/03\/bay-beach-blue-2242207.jpg","id":"7020"},"title_text":"Spain","description_text":"Click edit button to change this text. Lorem ipsum dolor sit amet, consectetur adipiscing elit. Ut elit tellus, luctus nec ullamcorper mattis, pulvinar dapibus leo.","image_size":{"unit":"%","size":"100","sizes":[]},"hover_animation":"grow","text_align":"left","title_color":"#1989e5","title_typography_typography":"custom","title_typography_font_family":"Source Sans Pro","title_typography_font_size":{"unit":"rem","size":"1.4","sizes":[]},"title_typography_font_weight":"700","title_typography_text_transform":"uppercase","description_typography_typography":"custom","description_typography_font_family":"Source Sans Pro","description_typography_font_size":{"unit":"rem","size":"1","sizes":[]},"description_typography_line_height":{"unit":"em","size":"1.6","sizes":[]},"thumbnail_size":"custom","thumbnail_custom_dimension":{"width":"400","height":"340"},"description_typography_font_size_tablet":{"unit":"rem","size":"0.8","sizes":[]},"_border_radius":{"unit":"px","top":"4","right":"4","bottom":"4","left":"4","isLinked":"1"},"text_align_mobile":"center"},"elements":[],"isInner":false,"widgetType":"image-box","elType":"widget"}],"isInner":"","elType":"column"},{"id":"403a58e8","settings":{"_column_size":"33","_inline_size":"35.233"},"elements":[{"id":"7fd6a5e9","settings":{"image":{"url":"http:\/\/sitefacilitado.com.br\/membros\/wp-content\/uploads\/2020\/03\/sasha-stories-684488-unsplash.jpg","id":"7015"},"title_text":"San Francisco","description_text":"Click edit button to change this text. Lorem ipsum dolor sit amet, consectetur adipiscing elit. Ut elit tellus, luctus nec ullamcorper mattis, pulvinar dapibus leo.","image_size":{"unit":"%","size":"100","sizes":[]},"hover_animation":"grow","text_align":"left","title_color":"#1989e5","title_typography_typography":"custom","title_typography_font_family":"Source Sans Pro","title_typography_font_size":{"unit":"rem","size":"1.4","sizes":[]},"title_typography_font_weight":"700","title_typography_text_transform":"uppercase","description_typography_typography":"custom","description_typography_font_family":"Source Sans Pro","description_typography_font_size":{"unit":"rem","size":"1","sizes":[]},"description_typography_line_height":{"unit":"em","size":"1.6","sizes":[]},"thumbnail_size":"custom","thumbnail_custom_dimension":{"width":"400","height":"300"},"description_typography_font_size_tablet":{"unit":"rem","size":"0.8","sizes":[]},"_border_radius":{"unit":"px","top":"4","right":"4","bottom":"4","left":"4","isLinked":"1"},"text_align_mobile":"center"},"elements":[],"isInner":false,"widgetType":"image-box","elType":"widget"}],"isInner":"","elType":"column"}],"isInner":"","elType":"section"},{"id":"72ba72a2","settings":{"margin":{"unit":"px","top":"0","right":"0","bottom":"90","left":"0","isLinked":""},"padding":{"unit":"px","top":"10","right":"0","bottom":"0","left":"0","isLinked":""},"gap":"extended","structure":"30"},"elements":[{"id":"7d0c2c1","settings":{"_column_size":"33","_inline_size":""},"elements":[{"id":"607c9d8d","settings":{"image":{"url":"http:\/\/sitefacilitado.com.br\/membros\/wp-content\/uploads\/2020\/03\/toa-heftiba-270794-unsplash.jpg","id":"7009"},"title_text":"Seychelles","description_text":"Click edit button to change this text. Lorem ipsum dolor sit amet, consectetur adipiscing elit. Ut elit tellus, luctus nec ullamcorper mattis, pulvinar dapibus leo.","image_size":{"unit":"%","size":"100","sizes":[]},"hover_animation":"grow","text_align":"left","title_color":"#1989e5","title_typography_typography":"custom","title_typography_font_family":"Source Sans Pro","title_typography_font_size":{"unit":"rem","size":"1.4","sizes":[]},"title_typography_font_weight":"700","title_typography_text_transform":"uppercase","description_typography_typography":"custom","description_typography_font_family":"Source Sans Pro","description_typography_font_size":{"unit":"rem","size":"1","sizes":[]},"description_typography_line_height":{"unit":"em","size":"1.6","sizes":[]},"thumbnail_size":"custom","thumbnail_custom_dimension":{"width":"400","height":"320"},"description_typography_font_size_tablet":{"unit":"rem","size":"0.8","sizes":[]},"_border_radius":{"unit":"px","top":"4","right":"4","bottom":"4","left":"4","isLinked":"1"},"text_align_mobile":"center"},"elements":[],"isInner":false,"widgetType":"image-box","elType":"widget"}],"isInner":"","elType":"column"},{"id":"2bd0d2d9","settings":{"_column_size":"33","_inline_size":"35.233"},"elements":[{"id":"22da6327","settings":{"image":{"url":"http:\/\/sitefacilitado.com.br\/membros\/wp-content\/uploads\/2020\/03\/pexels-photo-586687-scaled.jpeg","id":"7018"},"thumbnail_size":"custom","thumbnail_custom_dimension":{"width":"640","height":"480"},"title_text":"Venice","description_text":"Click edit button to change this text. Lorem ipsum dolor sit amet, consectetur adipiscing elit. Ut elit tellus, luctus nec ullamcorper mattis, pulvinar dapibus leo.","image_size":{"unit":"%","size":"100","sizes":[]},"hover_animation":"grow","text_align":"left","title_color":"#1989e5","title_typography_typography":"custom","title_typography_font_family":"Source Sans Pro","title_typography_font_size":{"unit":"rem","size":"1.4","sizes":[]},"title_typography_font_weight":"700","title_typography_text_transform":"uppercase","description_typography_typography":"custom","description_typography_font_family":"Source Sans Pro","description_typography_font_size":{"unit":"rem","size":"1","sizes":[]},"description_typography_line_height":{"unit":"em","size":"1.6","sizes":[]},"description_typography_font_size_tablet":{"unit":"rem","size":"0.8","sizes":[]},"_border_radius":{"unit":"px","top":"4","right":"4","bottom":"4","left":"4","isLinked":"1"},"text_align_mobile":"center"},"elements":[],"isInner":false,"widgetType":"image-box","elType":"widget"}],"isInner":"","elType":"column"},{"id":"54ae68ef","settings":{"_column_size":"33","_inline_size":"31.431"},"elements":[{"id":"6c0fe7a6","settings":{"image":{"url":"http:\/\/sitefacilitado.com.br\/membros\/wp-content\/uploads\/2020\/03\/beach-beachlife-blue-307007.jpg","id":"7023"},"title_text":"Ibiza","description_text":"Click edit button to change this text. Lorem ipsum dolor sit amet, consectetur adipiscing elit. Ut elit tellus, luctus nec ullamcorper mattis, pulvinar dapibus leo.","image_size":{"unit":"%","size":"100","sizes":[]},"hover_animation":"grow","text_align":"left","title_color":"#1989e5","title_typography_typography":"custom","title_typography_font_family":"Source Sans Pro","title_typography_font_size":{"unit":"rem","size":"1.4","sizes":[]},"title_typography_font_weight":"700","title_typography_text_transform":"uppercase","description_typography_typography":"custom","description_typography_font_family":"Source Sans Pro","description_typography_font_size":{"unit":"rem","size":"1","sizes":[]},"description_typography_line_height":{"unit":"em","size":"1.6","sizes":[]},"thumbnail_size":"custom","thumbnail_custom_dimension":{"width":"400","height":"320"},"description_typography_font_size_tablet":{"unit":"rem","size":"0.8","sizes":[]},"_border_radius":{"unit":"px","top":"4","right":"4","bottom":"4","left":"4","isLinked":"1"},"text_align_mobile":"center"},"elements":[],"isInner":false,"widgetType":"image-box","elType":"widget"}],"isInner":"","elType":"column"}],"isInner":"","elType":"section"}],"isInner":"","elType":"column"}],"isInner":"","elType":"section"},{"id":"2a5a8d6d","settings":{"layout":"full_width","custom_height":{"unit":"vh","size":"40"},"background_background":"classic","background_image":{"id":"7009","url":"http:\/\/sitefacilitado.com.br\/membros\/wp-content\/uploads\/2020\/03\/toa-heftiba-270794-unsplash.jpg"},"background_repeat":"no-repeat","background_size":"cover","background_overlay_background":"classic","background_overlay_color":"rgba(244,238,115,0.79)","padding":{"unit":"em","top":"5","right":"0","bottom":"5","left":"0","isLinked":""},"background_position":"center center","margin_mobile":{"unit":"px","top":"0","right":"0","bottom":"0","left":"0","isLinked":""},"padding_mobile":{"unit":"em","top":"1","right":"1","bottom":"1","left":"1","isLinked":"1"},"margin_tablet":{"unit":"px","top":"0","right":"0","bottom":"0","left":"0","isLinked":""},"padding_tablet":{"unit":"em","top":"4","right":"0","bottom":"4","left":"0","isLinked":""},"html_tag":"section","background_color":"#ffffff","background_overlay_opacity":{"unit":"px","size":"0.15","sizes":[]},"height":"min-height","background_position_tablet":"initial","background_position_mobile":"initial","background_xpos_mobile":{"unit":"px","size":"-163","sizes":[]}},"elements":[{"id":"699675bb","settings":{"_column_size":"100","_inline_size":"","background_background":"classic","background_color":"rgba(249,233,207,0.45)","background_color_b":"rgba(252,137,70,0.34)","background_gradient_angle":{"unit":"deg","size":"320"},"padding":{"unit":"em","top":"4","right":"4","bottom":"4","left":"1","isLinked":""},"_inline_size_tablet":"66","margin_mobile":{"unit":"px","top":"0","right":"0","bottom":"0","left":"0","isLinked":""},"padding_mobile":{"unit":"em","top":"1","right":"1","bottom":"1","left":"1","isLinked":"1"},"margin":{"unit":"%","top":"0","right":"50","bottom":"0","left":"0","isLinked":""},"margin_tablet":{"unit":"px","top":"0","right":"0","bottom":"0","left":"0","isLinked":""},"padding_tablet":{"unit":"em","top":"","right":"","bottom":"","left":"","isLinked":""}},"elements":[{"id":"c8e48ec","settings":{"title":"Adventure Awaits","align":"right","title_color":"#1989e5","typography_typography":"custom","typography_font_family":"Source Sans Pro","typography_font_size":{"unit":"px","size":"18"},"typography_font_weight":"bold","typography_text_transform":"uppercase","typography_letter_spacing":{"unit":"px","size":"0.5"},"_margin":{"unit":"%","top":"0","right":"0","bottom":"0","left":"63","isLinked":""},"_padding":{"unit":"px","top":"8","right":"8","bottom":"8","left":"8","isLinked":"1"},"_background_background":"classic","_background_color":"#ffffff","align_mobile":"left","_margin_mobile":{"unit":"%","top":"","right":"","bottom":"","left":"","isLinked":""},"_margin_tablet":{"unit":"px","top":"0","right":"0","bottom":"0","left":"0","isLinked":"1"}},"elements":[],"isInner":false,"widgetType":"heading","elType":"widget"},{"id":"54198079","settings":{"structure":"20"},"elements":[{"id":"57803433","settings":{"_column_size":"50","_inline_size":"39.321","_inline_size_tablet":"100"},"elements":[],"isInner":"1","elType":"column"},{"id":"54fffc1d","settings":{"_column_size":"50","_inline_size":"60.623","padding":{"unit":"%","top":"0","right":"0","bottom":"0","left":"025","isLinked":""},"_inline_size_tablet":"100","margin_mobile":{"unit":"px","top":"0","right":"0","bottom":"0","left":"0","isLinked":"1"},"padding_mobile":{"unit":"px","top":"0","right":"0","bottom":"0","left":"0","isLinked":"1"}},"elements":[{"id":"7ea201c7","settings":{"title":"Get Amazing <br>off-season deals","align":"right","title_color":"#1989e5","typography_typography":"custom","typography_font_family":"Source Sans Pro","typography_font_size":{"unit":"rem","size":"2.5"},"typography_font_weight":"bold","typography_text_transform":"uppercase","_margin":{"unit":"%","top":"0","right":"0","bottom":"0","left":"0","isLinked":""},"align_mobile":"left","_margin_mobile":{"unit":"px","top":"0","right":"0","bottom":"0","left":"0","isLinked":"1"},"_padding_mobile":{"unit":"em","top":"","right":"","bottom":"","left":"","isLinked":""},"typography_font_size_mobile":{"unit":"rem","size":"2.6","sizes":[]}},"elements":[],"isInner":false,"widgetType":"heading","elType":"widget"},{"id":"7d92e834","settings":{"align":"right","typography_typography":"custom","typography_font_family":"Open Sans","typography_font_size":{"unit":"rem","size":"1"},"typography_line_height":{"unit":"em","size":"1.6"},"editor":"<p>Lorem ipsum dolor sit amet, consectetur adipiscing elit. Ut elit tellus, luctus nec ullamcorper mattis, pulvinar dapibus leo.&nbsp;<\/p>","text_color":"rgba(0,0,0,0.58)","_padding":{"unit":"%","top":"3","right":"0","bottom":"0","left":"0","isLinked":""},"typography_letter_spacing":{"unit":"px","size":"0"},"align_mobile":"left","_padding_mobile":{"unit":"em","top":"","right":"","bottom":"","left":"","isLinked":""},"typography_font_weight":"400","typography_text_transform":"none","typography_font_style":"normal","typography_text_decoration":"none"},"elements":[],"isInner":false,"widgetType":"text-editor","elType":"widget"}],"isInner":"1","elType":"column"}],"isInner":"1","elType":"section"},{"id":"28b3ead1","settings":{"text":"see current offers","align":"right","icon_align":"right","icon_indent":{"unit":"px","size":"10"},"typography_typography":"custom","typography_font_family":"Source Sans Pro","typography_font_size":{"unit":"rem","size":"1.1"},"typography_font_weight":"700","typography_text_transform":"uppercase","typography_letter_spacing":{"unit":"px","size":"0.5"},"button_text_color":"#ffffff","background_color":"#1989e5","hover_color":"#ffffff","button_background_hover_color":"#ef4c5d","button_hover_border_color":"#ef182d","border_color":"#000000","border_radius":{"unit":"px","top":"0","right":"0","bottom":"0","left":"0","isLinked":"1"},"button_box_shadow_box_shadow":{"horizontal":"0","vertical":"0","blur":"0","spread":"2","color":"rgba(255,220,74,0.4)"},"button_box_shadow_box_shadow_position":"inset","text_padding":{"unit":"em","top":"","right":"","bottom":"","left":"","isLinked":"1"},"_margin":{"unit":"px","top":"0","right":"0","bottom":"0","left":"0","isLinked":""},"_padding":{"unit":"px","top":"0","right":"0","bottom":"0","left":"0","isLinked":""},"size":"md","typography_font_style":"normal","typography_text_decoration":"none","hover_animation":"bob","align_mobile":"justify"},"elements":[],"isInner":false,"widgetType":"button","elType":"widget"}],"isInner":"","elType":"column"}],"isInner":"","elType":"section"}]}