{"content":[{"id":"451826e2","settings":{"content_width":{"unit":"px","size":1170,"sizes":[]},"structure":"20","background_background":"classic","background_color":"#ffffff","margin":{"unit":"%","top":"0","right":0,"bottom":"0","left":0,"isLinked":false},"padding":{"unit":"px","top":"100","right":"0","bottom":"60","left":"0","isLinked":false},"animation":"fadeIn","motion_fx_translateY_effect":"yes","motion_fx_translateY_speed":{"unit":"px","size":2,"sizes":[]},"padding_tablet":{"unit":"px","top":"80","right":"15","bottom":"40","left":"15","isLinked":false},"padding_mobile":{"unit":"px","top":"55","right":"15","bottom":"45","left":"15","isLinked":false},"height":"min-height","custom_height":{"unit":"vh","size":50,"sizes":[]},"column_position":"stretch","html_tag":"section","shape_divider_top":"waves-pattern","shape_divider_top_color":"rgba(51,46,109,0.06)","shape_divider_top_width":{"unit":"%","size":102,"sizes":[]},"shape_divider_top_height":{"unit":"px","size":500,"sizes":[]},"shape_divider_top_flip":"yes","reverse_order_mobile":"reverse-mobile"},"elements":[{"id":"4701823","settings":{"_column_size":50,"_inline_size":43,"space_between_widgets":0,"margin":{"unit":"px","top":"0","right":"0","bottom":"0","left":"0","isLinked":false},"padding":{"unit":"px","top":"0","right":"0","bottom":"0","left":"0","isLinked":false},"padding_tablet":{"unit":"px","top":"10","right":"0","bottom":"0","left":"0","isLinked":false},"_inline_size_tablet":50,"padding_mobile":{"unit":"px","top":"0","right":"0","bottom":"0","left":"0","isLinked":false},"content_position":"center"},"elements":[{"id":"5cd87613","settings":{"title":"UNLIMITED WEB HOSTING","header_size":"h3","align":"left","title_color":"#ff4935","typography_typography":"custom","typography_font_family":"Tajawal","typography_font_size":{"unit":"em","size":0.875,"sizes":[]},"typography_font_weight":"700","typography_text_transform":"uppercase","typography_line_height":{"unit":"em","size":1.5,"sizes":[]},"typography_letter_spacing":{"unit":"px","size":4.20000000000000017763568394002504646778106689453125,"sizes":[]},"typography_font_size_tablet":{"unit":"em","size":0.8000000000000000444089209850062616169452667236328125,"sizes":[]},"_animation":"fadeInUp","animation_duration":"fast","_animation_delay":300,"align_mobile":"center"},"elements":[],"isInner":false,"widgetType":"heading","elType":"widget"},{"id":"191d150e","settings":{"title":"Your Success Is Our Purpose","header_size":"h1","align":"left","title_color":"#080f44","typography_typography":"custom","typography_font_family":"Jaldi","typography_font_size":{"unit":"em","size":5,"sizes":[]},"typography_line_height":{"unit":"em","size":1,"sizes":[]},"typography_letter_spacing":{"unit":"px","size":0,"sizes":[]},"_padding":{"unit":"px","top":"31","right":"0","bottom":"0","left":"0","isLinked":false},"typography_font_size_tablet":{"unit":"em","size":4,"sizes":[]},"_padding_tablet":{"unit":"px","top":"20","right":"0","bottom":"0","left":"0","isLinked":false},"_animation":"fadeInUp","animation_duration":"fast","_animation_delay":400,"typography_font_size_mobile":{"unit":"em","size":3.5,"sizes":[]},"_padding_mobile":{"unit":"px","top":"7","right":"0","bottom":"0","left":"0","isLinked":false},"align_mobile":"center"},"elements":[],"isInner":false,"widgetType":"heading","elType":"widget"},{"id":"4a3c152","settings":{"text":"START NOW","align":"left","typography_typography":"custom","typography_font_family":"Tajawal","typography_font_size":{"unit":"em","size":1,"sizes":[]},"typography_line_height":{"unit":"em","size":1.5,"sizes":[]},"typography_letter_spacing":{"unit":"px","size":3.20000000000000017763568394002504646778106689453125,"sizes":[]},"button_text_color":"#ffffff","background_color":"#ff4935","hover_color":"#ffffff","button_background_hover_color":"#4e4699","border_radius":{"unit":"px","top":"50","right":"50","bottom":"50","left":"50","isLinked":true},"text_padding":{"unit":"em","top":"","right":"","bottom":"","left":"","isLinked":false},"text_padding_tablet":{"unit":"em","top":"","right":"","bottom":"","left":"","isLinked":false},"_animation":"fadeInUp","_animation_delay":500,"typography_font_weight":"700","_margin":{"unit":"px","top":"0","right":"0","bottom":"0","left":"0","isLinked":false},"_padding":{"unit":"px","top":"46","right":"0","bottom":"0","left":"0","isLinked":false},"_padding_mobile":{"unit":"px","top":"36","right":"0","bottom":"0","left":"0","isLinked":false},"align_mobile":"justify","button_box_shadow_box_shadow_type":"yes","button_box_shadow_box_shadow":{"horizontal":0,"vertical":2,"blur":0,"spread":0,"color":"#e23522"}},"elements":[],"isInner":false,"widgetType":"button","elType":"widget"}],"isInner":false,"elType":"column"},{"id":"18b38c9d","settings":{"_column_size":50,"_inline_size":57,"space_between_widgets":0,"margin":{"unit":"px","top":"0","right":"0","bottom":"0","left":"0","isLinked":false},"padding":{"unit":"px","top":"0","right":"0","bottom":"0","left":"0","isLinked":false},"_inline_size_tablet":50,"margin_tablet":{"unit":"px","top":"0","right":"0","bottom":"0","left":"0","isLinked":false},"padding_tablet":{"unit":"px","top":"0","right":"0","bottom":"0","left":"0","isLinked":false},"padding_mobile":{"unit":"px","top":"0","right":"0","bottom":"0","left":"0","isLinked":false},"background_background":"classic","background_image":{"id":"3546","url":"https:\/\/cliente.shazamlnv.com\/setasolar\/wp-content\/uploads\/2022\/04\/huumans_wireframe1.png"},"background_position":"center center","background_repeat":"no-repeat","background_size":"contain"},"elements":[{"id":"57d24bcd","settings":{"space":{"unit":"px","size":500,"sizes":[]},"_background_background":"classic","_background_image":{"id":"3547","url":"https:\/\/cliente.shazamlnv.com\/setasolar\/wp-content\/uploads\/2022\/04\/standing-9.png"},"_background_position":"center center","_background_repeat":"no-repeat","_background_size":"contain"},"elements":[],"isInner":false,"widgetType":"spacer","elType":"widget"}],"isInner":false,"elType":"column"}],"isInner":false,"elType":"section"},{"id":"6b36c7fa","settings":{"content_width":{"unit":"px","size":960,"sizes":[]},"background_background":"classic","background_color":"#ffffff","margin":{"unit":"%","top":"0","right":0,"bottom":"0","left":0,"isLinked":false},"padding":{"unit":"px","top":"50","right":"0","bottom":"50","left":"0","isLinked":false},"padding_tablet":{"unit":"px","top":"80","right":"15","bottom":"0","left":"15","isLinked":false},"padding_mobile":{"unit":"px","top":"43","right":"15","bottom":"0","left":"15","isLinked":false},"html_tag":"section"},"elements":[{"id":"4819bf10","settings":{"_column_size":100,"space_between_widgets":0,"margin":{"unit":"px","top":"0","right":"0","bottom":"0","left":"0","isLinked":false},"padding":{"unit":"px","top":"0","right":"0","bottom":"0","left":"0","isLinked":false},"motion_fx_translateY_effect":"yes","motion_fx_translateY_speed":{"unit":"px","size":1,"sizes":[]},"padding_tablet":{"unit":"px","top":"0","right":"0","bottom":"0","left":"0","isLinked":false},"margin_mobile":{"unit":"px","top":"0","right":"0","bottom":"0","left":"0","isLinked":false},"padding_mobile":{"unit":"px","top":"0","right":"0","bottom":"0","left":"0","isLinked":false}},"elements":[{"id":"4f8bbd6a","settings":{"title":"Upgrade Your Brand","align":"center","title_color":"#080f44","typography_typography":"custom","typography_font_family":"Jaldi","typography_font_size":{"unit":"em","size":3.600000000000000088817841970012523233890533447265625,"sizes":[]},"typography_font_weight":"500","typography_line_height":{"unit":"em","size":1,"sizes":[]},"typography_letter_spacing":{"unit":"px","size":0,"sizes":[]},"_padding":{"unit":"px","top":"0","right":"0","bottom":"0","left":"0","isLinked":false},"typography_font_size_tablet":{"unit":"em","size":4,"sizes":[]},"_padding_tablet":{"unit":"px","top":"20","right":"0","bottom":"0","left":"0","isLinked":false},"_animation":"fadeInUp","typography_font_size_mobile":{"unit":"em","size":3.5,"sizes":[]},"_padding_mobile":{"unit":"px","top":"7","right":"0","bottom":"0","left":"0","isLinked":false},"animation_duration":"fast","_animation_delay":400},"elements":[],"isInner":false,"widgetType":"heading","elType":"widget"},{"id":"36f1f6c0","settings":{"editor":"<p>Lorem ipsum dolor sit amet, consectetur adipisicing elit, sed do eiusmod tempor incididunt ut labore et dolore magna aliqua. Ut enim ad minim veniam, quis nostrud exercitation ullamco laboris nisi ut aliquip ex ea commodo consequat.<\/p>","align":"center","text_color":"#5e6067","typography_typography":"custom","typography_font_family":"Tajawal","typography_font_size":{"unit":"em","size":1.375,"sizes":[]},"typography_font_weight":"300","typography_line_height":{"unit":"em","size":1.5449999999999999289457264239899814128875732421875,"sizes":[]},"typography_letter_spacing":{"unit":"px","size":0,"sizes":[]},"typography_line_height_tablet":{"unit":"em","size":1.3000000000000000444089209850062616169452667236328125,"sizes":[]},"_margin":{"unit":"px","top":"0","right":"0","bottom":"0","left":"0","isLinked":false},"_padding":{"unit":"px","top":"0","right":"0","bottom":"0","left":"0","isLinked":false},"_animation":"fadeInUp","_padding_tablet":{"unit":"px","top":"30","right":"15","bottom":"0","left":"15","isLinked":false},"typography_font_size_mobile":{"unit":"em","size":1.1999999999999999555910790149937383830547332763671875,"sizes":[]},"_padding_mobile":{"unit":"px","top":"0","right":"0","bottom":"0","left":"0","isLinked":false}},"elements":[],"isInner":false,"widgetType":"text-editor","elType":"widget"}],"isInner":false,"elType":"column"}],"isInner":false,"elType":"section"},{"id":"4f7a7bf1","settings":{"content_width":{"unit":"px","size":1170,"sizes":[]},"structure":"30","background_background":"classic","background_color":"#ffffff","margin":{"unit":"px","top":"0","right":0,"bottom":"0","left":0,"isLinked":false},"padding":{"unit":"px","top":"72","right":"0","bottom":"100","left":"0","isLinked":false},"motion_fx_translateY_effect":"yes","motion_fx_translateY_speed":{"unit":"px","size":1,"sizes":[]},"padding_tablet":{"unit":"px","top":"60","right":"15","bottom":"80","left":"15","isLinked":false},"padding_mobile":{"unit":"px","top":"35","right":"15","bottom":"46","left":"15","isLinked":false}},"elements":[{"id":"49aec277","settings":{"_column_size":33,"_inline_size":null,"space_between_widgets":0,"margin":{"unit":"px","top":"0","right":"20","bottom":"0","left":"0","isLinked":false},"padding":{"unit":"px","top":"0","right":"0","bottom":"0","left":"0","isLinked":false},"margin_mobile":{"unit":"px","top":"0","right":"0","bottom":"0","left":"0","isLinked":false}},"elements":[{"id":"3b01379a","settings":{"image_size":"full","image":{"id":"3548","url":"https:\/\/cliente.shazamlnv.com\/setasolar\/wp-content\/uploads\/2022\/04\/share.png"},"image_custom_dimension":{"width":"120","height":"120"},"_animation":"zoomIn","_animation_delay":300,"space_tablet":{"unit":"%","size":50,"sizes":[]},"space_mobile":{"unit":"%","size":30,"sizes":[]},"css_filters_css_filter":"custom","css_filters_brightness":{"unit":"px","size":79,"sizes":[]},"css_filters_contrast":{"unit":"px","size":75,"sizes":[]},"css_filters_saturate":{"unit":"px","size":113,"sizes":[]}},"elements":[],"isInner":false,"widgetType":"image","elType":"widget"},{"id":"7c69497e","settings":{"title":"Solid-State Drive for All Plans","align":"center","title_color":"#141824","typography_typography":"custom","typography_font_family":"Jaldi","typography_font_size":{"unit":"em","size":1.375,"sizes":[]},"typography_font_weight":"400","typography_line_height":{"unit":"em","size":1.2729999999999999094058011905872263014316558837890625,"sizes":[]},"typography_letter_spacing":{"unit":"px","size":0,"sizes":[]},"_margin":{"unit":"px","top":"0","right":"0","bottom":"0","left":"0","isLinked":false},"_padding":{"unit":"px","top":"33","right":"0","bottom":"0","left":"0","isLinked":false},"_animation":"fadeInUp","typography_font_size_tablet":{"unit":"em","size":1.1999999999999999555910790149937383830547332763671875,"sizes":[]},"_padding_tablet":{"unit":"px","top":"20","right":"0","bottom":"0","left":"0","isLinked":false},"_padding_mobile":{"unit":"px","top":"15","right":"0","bottom":"0","left":"0","isLinked":false}},"elements":[],"isInner":false,"widgetType":"heading","elType":"widget"},{"id":"7792138f","settings":{"editor":"Lorem ipsum dolor sit amet, consectetur adipisicing elit, sed do eiusmod.","align":"center","text_color":"#5e6067","typography_typography":"custom","typography_font_family":"Tajawal","typography_font_size":{"unit":"em","size":1.1999999999999999555910790149937383830547332763671875,"sizes":[]},"typography_font_weight":"300","typography_line_height":{"unit":"em","size":1.5449999999999999289457264239899814128875732421875,"sizes":[]},"typography_letter_spacing":{"unit":"px","size":0,"sizes":[]},"_margin":{"unit":"px","top":"25","right":"0","bottom":"0","left":"0","isLinked":false},"_padding":{"unit":"px","top":"0","right":"0","bottom":"0","left":"0","isLinked":false},"_animation":"fadeInUp","typography_line_height_tablet":{"unit":"em","size":1.3000000000000000444089209850062616169452667236328125,"sizes":[]},"_padding_mobile":{"unit":"px","top":"0","right":"0","bottom":"0","left":"0","isLinked":false},"typography_font_size_mobile":{"unit":"rem","size":0.90000000000000002220446049250313080847263336181640625,"sizes":[]},"_padding_tablet":{"unit":"px","top":"30","right":"15","bottom":"0","left":"15","isLinked":false}},"elements":[],"isInner":false,"widgetType":"text-editor","elType":"widget"}],"isInner":false,"elType":"column"},{"id":"5062a41e","settings":{"_column_size":33,"_inline_size":null,"space_between_widgets":0,"margin":{"unit":"px","top":"0","right":"10","bottom":"0","left":"10","isLinked":false},"padding":{"unit":"px","top":"0","right":"0","bottom":"0","left":"0","isLinked":false},"margin_mobile":{"unit":"px","top":"30","right":"0","bottom":"0","left":"0","isLinked":false},"padding_mobile":{"unit":"px","top":"0","right":"0","bottom":"0","left":"0","isLinked":false}},"elements":[{"id":"1057f36d","settings":{"image_size":"full","image":{"id":"3549","url":"https:\/\/cliente.shazamlnv.com\/setasolar\/wp-content\/uploads\/2022\/04\/startup-1.png"},"image_custom_dimension":{"width":"120","height":"120"},"_animation":"zoomIn","_animation_delay":300,"space_tablet":{"unit":"%","size":50,"sizes":[]},"space_mobile":{"unit":"%","size":30,"sizes":[]},"css_filters_css_filter":"custom","css_filters_brightness":{"unit":"px","size":79,"sizes":[]},"css_filters_contrast":{"unit":"px","size":75,"sizes":[]},"css_filters_saturate":{"unit":"px","size":113,"sizes":[]}},"elements":[],"isInner":false,"widgetType":"image","elType":"widget"},{"id":"2dc4a2b2","settings":{"title":"Own Firewall Security Rules","align":"center","title_color":"#141824","typography_typography":"custom","typography_font_family":"Jaldi","typography_font_size":{"unit":"em","size":1.375,"sizes":[]},"typography_font_weight":"400","typography_line_height":{"unit":"em","size":1.2729999999999999094058011905872263014316558837890625,"sizes":[]},"typography_letter_spacing":{"unit":"px","size":0,"sizes":[]},"_margin":{"unit":"px","top":"0","right":"0","bottom":"0","left":"0","isLinked":false},"_padding":{"unit":"px","top":"33","right":"0","bottom":"0","left":"0","isLinked":false},"_animation":"fadeInUp","typography_font_size_tablet":{"unit":"em","size":1.1999999999999999555910790149937383830547332763671875,"sizes":[]},"_padding_tablet":{"unit":"px","top":"20","right":"0","bottom":"0","left":"0","isLinked":false},"_padding_mobile":{"unit":"px","top":"15","right":"0","bottom":"0","left":"0","isLinked":false}},"elements":[],"isInner":false,"widgetType":"heading","elType":"widget"},{"id":"79e82560","settings":{"editor":"Lorem ipsum dolor sit amet, consectetur adipisicing elit, sed do eiusmod.","align":"center","text_color":"#5e6067","typography_typography":"custom","typography_font_family":"Tajawal","typography_font_size":{"unit":"em","size":1.1999999999999999555910790149937383830547332763671875,"sizes":[]},"typography_font_weight":"300","typography_line_height":{"unit":"em","size":1.5449999999999999289457264239899814128875732421875,"sizes":[]},"typography_letter_spacing":{"unit":"px","size":0,"sizes":[]},"_margin":{"unit":"px","top":"25","right":"0","bottom":"0","left":"0","isLinked":false},"_padding":{"unit":"px","top":"0","right":"0","bottom":"0","left":"0","isLinked":false},"_animation":"fadeInUp","typography_line_height_tablet":{"unit":"em","size":1.3000000000000000444089209850062616169452667236328125,"sizes":[]},"_padding_mobile":{"unit":"px","top":"0","right":"0","bottom":"0","left":"0","isLinked":false},"typography_font_size_mobile":{"unit":"rem","size":0.90000000000000002220446049250313080847263336181640625,"sizes":[]},"_padding_tablet":{"unit":"px","top":"30","right":"15","bottom":"0","left":"15","isLinked":false}},"elements":[],"isInner":false,"widgetType":"text-editor","elType":"widget"}],"isInner":false,"elType":"column"},{"id":"1917ff3d","settings":{"_column_size":33,"_inline_size":null,"space_between_widgets":0,"margin":{"unit":"px","top":"0","right":"0","bottom":"0","left":"20","isLinked":false},"padding":{"unit":"px","top":"0","right":"0","bottom":"0","left":"0","isLinked":false},"margin_mobile":{"unit":"px","top":"30","right":"0","bottom":"0","left":"0","isLinked":false},"padding_mobile":{"unit":"px","top":"0","right":"0","bottom":"0","left":"0","isLinked":false}},"elements":[{"id":"2b2f7dc8","settings":{"image_size":"full","image":{"id":"3550","url":"https:\/\/cliente.shazamlnv.com\/setasolar\/wp-content\/uploads\/2022\/04\/support.png"},"image_custom_dimension":{"width":"120","height":"120"},"_animation":"zoomIn","_animation_delay":300,"space_tablet":{"unit":"%","size":50,"sizes":[]},"space_mobile":{"unit":"%","size":30,"sizes":[]},"css_filters_css_filter":"custom","css_filters_brightness":{"unit":"px","size":79,"sizes":[]},"css_filters_contrast":{"unit":"px","size":75,"sizes":[]},"css_filters_saturate":{"unit":"px","size":113,"sizes":[]}},"elements":[],"isInner":false,"widgetType":"image","elType":"widget"},{"id":"2ef40c71","settings":{"title":"The Most Stable Platform","align":"center","title_color":"#141824","typography_typography":"custom","typography_font_family":"Jaldi","typography_font_size":{"unit":"em","size":1.375,"sizes":[]},"typography_font_weight":"400","typography_line_height":{"unit":"em","size":1.2729999999999999094058011905872263014316558837890625,"sizes":[]},"typography_letter_spacing":{"unit":"px","size":0,"sizes":[]},"_margin":{"unit":"px","top":"0","right":"0","bottom":"0","left":"0","isLinked":false},"_padding":{"unit":"px","top":"33","right":"0","bottom":"0","left":"0","isLinked":false},"_animation":"fadeInUp","typography_font_size_tablet":{"unit":"em","size":1.1999999999999999555910790149937383830547332763671875,"sizes":[]},"_padding_tablet":{"unit":"px","top":"20","right":"0","bottom":"0","left":"0","isLinked":false},"_padding_mobile":{"unit":"px","top":"15","right":"0","bottom":"0","left":"0","isLinked":false}},"elements":[],"isInner":false,"widgetType":"heading","elType":"widget"},{"id":"657a6e84","settings":{"editor":"Lorem ipsum dolor sit amet, consectetur adipisicing elit, sed do eiusmod.","align":"center","text_color":"#5e6067","typography_typography":"custom","typography_font_family":"Tajawal","typography_font_size":{"unit":"em","size":1.1999999999999999555910790149937383830547332763671875,"sizes":[]},"typography_font_weight":"300","typography_line_height":{"unit":"em","size":1.5449999999999999289457264239899814128875732421875,"sizes":[]},"typography_letter_spacing":{"unit":"px","size":0,"sizes":[]},"_margin":{"unit":"px","top":"25","right":"0","bottom":"0","left":"0","isLinked":false},"_padding":{"unit":"px","top":"0","right":"0","bottom":"0","left":"0","isLinked":false},"_animation":"fadeInUp","typography_line_height_tablet":{"unit":"em","size":1.3000000000000000444089209850062616169452667236328125,"sizes":[]},"_padding_mobile":{"unit":"px","top":"0","right":"0","bottom":"0","left":"0","isLinked":false},"typography_font_size_mobile":{"unit":"rem","size":0.90000000000000002220446049250313080847263336181640625,"sizes":[]},"_padding_tablet":{"unit":"px","top":"30","right":"15","bottom":"0","left":"15","isLinked":false}},"elements":[],"isInner":false,"widgetType":"text-editor","elType":"widget"}],"isInner":false,"elType":"column"}],"isInner":false,"elType":"section"},{"id":"17c1372e","settings":{"content_width":{"unit":"px","size":1170,"sizes":[]},"structure":"20","background_background":"classic","background_color":"#ffffff","margin":{"unit":"px","top":"0","right":0,"bottom":"0","left":0,"isLinked":false},"padding":{"unit":"px","top":"50","right":"0","bottom":"50","left":"0","isLinked":false},"motion_fx_translateY_effect":"yes","motion_fx_translateY_speed":{"unit":"px","size":1,"sizes":[]},"padding_tablet":{"unit":"px","top":"80","right":"15","bottom":"80","left":"15","isLinked":false},"padding_mobile":{"unit":"px","top":"50","right":"15","bottom":"42","left":"15","isLinked":false}},"elements":[{"id":"5efdca50","settings":{"_column_size":50,"_inline_size":null,"space_between_widgets":0,"margin":{"unit":"px","top":"0","right":"0","bottom":"0","left":"0","isLinked":false},"padding":{"unit":"px","top":"15","right":"15","bottom":"0","left":"0","isLinked":false},"margin_mobile":{"unit":"px","top":"0","right":"0","bottom":"0","left":"0","isLinked":false},"padding_mobile":{"unit":"px","top":"0","right":"0","bottom":"0","left":"0","isLinked":false}},"elements":[{"id":"556ea4ce","settings":{"image":{"id":"3551","url":"https:\/\/cliente.shazamlnv.com\/setasolar\/wp-content\/uploads\/2022\/04\/aum-cc02-recolor2.png"},"image_size":"full","image_custom_dimension":{"width":"570","height":"457"},"_animation":"zoomIn","space_mobile":{"unit":"%","size":80,"sizes":[]}},"elements":[],"isInner":false,"widgetType":"image","elType":"widget"}],"isInner":false,"elType":"column"},{"id":"2c24de00","settings":{"_column_size":50,"_inline_size":null,"space_between_widgets":0,"margin":{"unit":"px","top":"0","right":"0","bottom":"0","left":"0","isLinked":false},"padding":{"unit":"px","top":"0","right":"0","bottom":"0","left":"116","isLinked":false},"margin_tablet":{"unit":"px","top":"0","right":"0","bottom":"0","left":"0","isLinked":false},"padding_tablet":{"unit":"px","top":"0","right":"0","bottom":"0","left":"15","isLinked":false},"margin_mobile":{"unit":"px","top":"0","right":"0","bottom":"0","left":"0","isLinked":false},"padding_mobile":{"unit":"px","top":"30","right":"0","bottom":"0","left":"0","isLinked":false}},"elements":[{"id":"1d09da58","settings":{"title":"TOP IDEAS","header_size":"h4","title_color":"#ff4935","typography_typography":"custom","typography_font_family":"Tajawal","typography_font_size":{"unit":"em","size":0.875,"sizes":[]},"typography_font_weight":"700","typography_line_height":{"unit":"em","size":1.5,"sizes":[]},"typography_letter_spacing":{"unit":"px","size":4.20000000000000017763568394002504646778106689453125,"sizes":[]},"_animation":"fadeInUp","animation_duration":"fast","align":"left","align_mobile":"center","typography_font_size_tablet":{"unit":"em","size":0.8000000000000000444089209850062616169452667236328125,"sizes":[]},"typography_text_transform":"uppercase","_animation_delay":300},"elements":[],"isInner":false,"widgetType":"heading","elType":"widget"},{"id":"476b051b","settings":{"title":"Top Strategies for Advertising Agencies to Keep Your Audience Connected","header_size":"h3","title_color":"#141824","typography_typography":"custom","typography_font_family":"Jaldi","typography_font_size":{"unit":"em","size":2.25,"sizes":[]},"typography_font_weight":"400","typography_line_height":{"unit":"em","size":1.278000000000000024868995751603506505489349365234375,"sizes":[]},"typography_letter_spacing":{"unit":"px","size":0,"sizes":[]},"_margin":{"unit":"px","top":"0","right":"0","bottom":"0","left":"0","isLinked":false},"_padding":{"unit":"px","top":"36","right":"0","bottom":"0","left":"0","isLinked":false},"_animation":"fadeInUp","animation_duration":"fast","typography_font_size_tablet":{"unit":"em","size":2,"sizes":[]},"typography_font_size_mobile":{"unit":"em","size":1.8000000000000000444089209850062616169452667236328125,"sizes":[]},"_padding_mobile":{"unit":"px","top":"7","right":"0","bottom":"0","left":"0","isLinked":false},"align_mobile":"center"},"elements":[],"isInner":false,"widgetType":"heading","elType":"widget"},{"id":"57ae33d9","settings":{"editor":"Lorem ipsum dolor sit amet, consectetur adipisicing elit, sed do eiusmod tempor incididunt ut labore et dolore.","align":"left","text_color":"#5e6067","typography_typography":"custom","typography_font_family":"Tajawal","typography_font_size":{"unit":"em","size":1.125,"sizes":[]},"typography_font_weight":"300","typography_line_height":{"unit":"em","size":1.6670000000000000373034936274052597582340240478515625,"sizes":[]},"typography_letter_spacing":{"unit":"px","size":0,"sizes":[]},"_margin":{"unit":"px","top":"0","right":"0","bottom":"0","left":"0","isLinked":false},"_padding":{"unit":"px","top":"25","right":"0","bottom":"0","left":"0","isLinked":false},"_animation":"fadeInUp","animation_duration":"fast","typography_line_height_tablet":{"unit":"em","size":1.3000000000000000444089209850062616169452667236328125,"sizes":[]},"_padding_mobile":{"unit":"px","top":"15","right":"0","bottom":"0","left":"0","isLinked":false},"align_mobile":"center"},"elements":[],"isInner":false,"widgetType":"text-editor","elType":"widget"},{"id":"5057d5ae","settings":{"icon_list":[{"text":"Mobile App Design","icon":"fa fa-check","_id":"f3b89a7"},{"text":"Vector Design for All Types of Web Projects","icon":"fa fa-check","_id":"800d9cf"},{"text":"Experts Delivering Marketing Analysis","icon":"fa fa-check","_id":"77fac60"}],"icon_color":"#ff4935","icon_size":{"unit":"px","size":20,"sizes":[]},"text_color":"#141824","text_indent":{"unit":"px","size":18,"sizes":[]},"icon_typography_typography":"custom","icon_typography_font_family":"Jaldi","icon_typography_font_size":{"unit":"em","size":1.375,"sizes":[]},"icon_typography_font_weight":"400","icon_typography_line_height":{"unit":"em","size":1.2729999999999999094058011905872263014316558837890625,"sizes":[]},"icon_typography_letter_spacing":{"unit":"px","size":0,"sizes":[]},"_margin":{"unit":"px","top":"0","right":"0","bottom":"0","left":"0","isLinked":false},"_padding":{"unit":"px","top":"41","right":"0","bottom":"0","left":"0","isLinked":false},"space_between":{"unit":"px","size":12,"sizes":[]},"icon_align":"left","_css_classes":"envato-kit-175-list-style-light","_animation":"fadeInUp","animation_duration":"fast","icon_typography_font_size_tablet":{"unit":"em","size":1.1999999999999999555910790149937383830547332763671875,"sizes":[]},"icon_typography_line_height_tablet":{"unit":"em","size":1.1999999999999999555910790149937383830547332763671875,"sizes":[]},"_padding_tablet":{"unit":"px","top":"30","right":"0","bottom":"0","left":"0","isLinked":false},"_padding_mobile":{"unit":"px","top":"24","right":"0","bottom":"0","left":"0","isLinked":false}},"elements":[],"isInner":false,"widgetType":"icon-list","elType":"widget"}],"isInner":false,"elType":"column"}],"isInner":false,"elType":"section"},{"id":"17db957d","settings":{"background_color":"#ffffff","background_position":"center center","background_repeat":"no-repeat","background_size":"cover","background_overlay_color":"#030408","background_overlay_image":{"id":"3552","url":"https:\/\/cliente.shazamlnv.com\/setasolar\/wp-content\/uploads\/2022\/04\/noisy-texture-300x300-o5-d10-c-f34379-t1.png"},"background_overlay_opacity":{"unit":"px","size":0.8000000000000000444089209850062616169452667236328125},"padding":{"unit":"px","top":"50","right":"0","bottom":"50","left":"0","isLinked":false},"padding_mobile":{"unit":"em","top":"5","right":"0","bottom":"5","left":"0","isLinked":false},"structure":"20","background_background":"classic"},"elements":[{"id":"6e98594a","settings":{"_column_size":50,"padding_mobile":{"unit":"em","top":"0","right":"1","bottom":"0","left":"1","isLinked":false},"_inline_size":null,"padding":{"unit":"em","top":"3","right":"4","bottom":"1","left":"2","isLinked":false},"padding_tablet":{"unit":"em","top":"1","right":"1","bottom":"1","left":"1","isLinked":true}},"elements":[{"id":"1109d14d","settings":{"title":"Platform Features","title_color":"#080f44","typography_typography":"custom","typography_font_family":"Jaldi","typography_font_size":{"unit":"em","size":3.600000000000000088817841970012523233890533447265625,"sizes":[]},"typography_font_size_tablet":{"unit":"em","size":4,"sizes":[]},"typography_font_size_mobile":{"unit":"em","size":3.5,"sizes":[]},"typography_font_weight":"500","typography_line_height":{"unit":"em","size":1,"sizes":[]},"typography_letter_spacing":{"unit":"px","size":0,"sizes":[]},"size":"xl","_padding":{"unit":"px","top":"0","right":"0","bottom":"0","left":"0","isLinked":false},"_padding_mobile":{"unit":"px","top":"7","right":"0","bottom":"0","left":"0","isLinked":false},"_animation":"fadeInUp","animation_duration":"fast","align":"left","_padding_tablet":{"unit":"px","top":"20","right":"0","bottom":"0","left":"0","isLinked":false},"_animation_delay":400},"elements":[],"isInner":false,"widgetType":"heading","elType":"widget"},{"id":"403b7be6","settings":{"editor":"<p>Sem integer vitae justo eget magna fermentum iaculis eu non. Eget sit amet tellus cras adipiscing enim eu turpis egestas.<\/p>","text_color":"#5e6067","typography_typography":"custom","typography_font_family":"Tajawal","typography_font_size":{"unit":"em","size":1.125,"sizes":[]},"typography_line_height":{"unit":"em","size":1.6670000000000000373034936274052597582340240478515625,"sizes":[]},"align":"left","typography_letter_spacing":{"unit":"px","size":0,"sizes":[]},"typography_line_height_tablet":{"unit":"em","size":1.3000000000000000444089209850062616169452667236328125,"sizes":[]},"align_mobile":"center","typography_font_weight":"300","_margin":{"unit":"px","top":"0","right":"0","bottom":"0","left":"0","isLinked":false},"_padding":{"unit":"px","top":"0","right":"0","bottom":"0","left":"0","isLinked":false},"_padding_mobile":{"unit":"px","top":"15","right":"0","bottom":"0","left":"0","isLinked":false},"_animation":"fadeInUp","animation_duration":"fast"},"elements":[],"isInner":false,"widgetType":"text-editor","elType":"widget"},{"id":"6c9c3314","settings":{"text":"Discover More","typography_font_size":{"unit":"em","size":1,"sizes":[]},"typography_line_height":{"unit":"em","size":1.5,"sizes":[]},"typography_letter_spacing":{"unit":"px","size":3.20000000000000017763568394002504646778106689453125,"sizes":[]},"button_text_color":"#ffffff","background_color":"#ff4935","hover_color":"#ffffff","button_background_hover_color":"#4e4699","align":"left","button_box_shadow_box_shadow_type":"yes","button_box_shadow_box_shadow":{"horizontal":0,"vertical":2,"blur":0,"spread":0,"color":"#e23522"},"_margin":{"unit":"px","top":"0","right":"0","bottom":"0","left":"0","isLinked":false},"_animation":"fadeInUp","align_mobile":"justify","typography_typography":"custom","typography_font_family":"Tajawal","typography_font_weight":"700","typography_text_transform":"uppercase","border_radius":{"unit":"px","top":"50","right":"50","bottom":"50","left":"50","isLinked":true},"text_padding":{"unit":"em","top":"","right":"","bottom":"","left":"","isLinked":false},"text_padding_tablet":{"unit":"em","top":"","right":"","bottom":"","left":"","isLinked":false},"_padding":{"unit":"px","top":"46","right":"0","bottom":"0","left":"0","isLinked":false},"_padding_mobile":{"unit":"px","top":"0","right":"0","bottom":"0","left":"0","isLinked":false},"_animation_delay":500},"elements":[],"isInner":false,"widgetType":"button","elType":"widget"}],"isInner":false,"elType":"column"},{"id":"1020f14d","settings":{"_column_size":50,"padding_mobile":{"unit":"em","top":"0","right":"1","bottom":"0","left":"1","isLinked":false},"_inline_size":null,"padding":{"unit":"em","top":"","right":"","bottom":"","left":"","isLinked":true}},"elements":[{"id":"5bfd6e0b","settings":{"structure":"20","padding":{"unit":"em","top":"01.5","right":"0","bottom":"0.3","left":"0","isLinked":false}},"elements":[{"id":"1f29820a","settings":{"_column_size":50,"_inline_size":null},"elements":[{"id":"5f5cbac1","settings":{"title":"Strategy","title_color":"#ff4935","typography_typography":"custom","typography_font_family":"Tajawal","typography_font_size":{"unit":"em","size":0.875,"sizes":[]},"typography_line_height":{"unit":"em","size":1.5,"sizes":[]},"typography_font_size_tablet":{"unit":"em","size":0.8000000000000000444089209850062616169452667236328125,"sizes":[]},"typography_letter_spacing":{"unit":"px","size":4.20000000000000017763568394002504646778106689453125,"sizes":[]},"header_size":"h3","typography_text_transform":"uppercase","align":"left","align_mobile":"center","typography_font_weight":"700","_animation":"fadeInUp","animation_duration":"fast","_animation_delay":300},"elements":[],"isInner":false,"widgetType":"heading","elType":"widget"},{"id":"7649cd40","settings":{"editor":"<p>Vel elit scelerisque mauris pellentesque pulvinar. Nec nam aliquam sem et tortor.<\/p>","typography_typography":"custom","typography_font_family":"Tajawal","typography_font_size":{"unit":"em","size":1.125,"sizes":[]},"typography_line_height":{"unit":"em","size":1.6670000000000000373034936274052597582340240478515625,"sizes":[]},"text_color":"#5e6067","align":"left","typography_line_height_tablet":{"unit":"em","size":1.3000000000000000444089209850062616169452667236328125,"sizes":[]},"typography_letter_spacing":{"unit":"px","size":0,"sizes":[]},"align_mobile":"center","typography_font_weight":"300","_margin":{"unit":"px","top":"0","right":"0","bottom":"0","left":"0","isLinked":false},"_padding":{"unit":"px","top":"0","right":"0","bottom":"0","left":"0","isLinked":false},"_padding_mobile":{"unit":"px","top":"15","right":"0","bottom":"0","left":"0","isLinked":false},"_animation":"fadeInUp","animation_duration":"fast"},"elements":[],"isInner":false,"widgetType":"text-editor","elType":"widget"}],"isInner":true,"elType":"column"},{"id":"b4e11d4","settings":{"_column_size":50,"_inline_size":null},"elements":[{"id":"6d22d53f","settings":{"title":"Planning","title_color":"#ff4935","typography_typography":"custom","typography_font_family":"Tajawal","typography_font_size":{"unit":"em","size":0.875,"sizes":[]},"typography_line_height":{"unit":"em","size":1.5,"sizes":[]},"typography_font_size_tablet":{"unit":"em","size":0.8000000000000000444089209850062616169452667236328125,"sizes":[]},"typography_letter_spacing":{"unit":"px","size":4.20000000000000017763568394002504646778106689453125,"sizes":[]},"header_size":"h3","typography_text_transform":"uppercase","align":"left","align_mobile":"center","typography_font_weight":"700","_animation":"fadeInUp","animation_duration":"fast","_animation_delay":300},"elements":[],"isInner":false,"widgetType":"heading","elType":"widget"},{"id":"407e7f21","settings":{"editor":"<p>Mauris pellentesque tortor consequat id porta. Sodales ut etiam sit amet nisl purus in mollis.<\/p>","typography_typography":"custom","typography_font_family":"Tajawal","typography_font_size":{"unit":"em","size":1.125,"sizes":[]},"typography_line_height":{"unit":"em","size":1.6670000000000000373034936274052597582340240478515625,"sizes":[]},"text_color":"#5e6067","align":"left","typography_line_height_tablet":{"unit":"em","size":1.3000000000000000444089209850062616169452667236328125,"sizes":[]},"typography_letter_spacing":{"unit":"px","size":0,"sizes":[]},"align_mobile":"center","typography_font_weight":"300","_margin":{"unit":"px","top":"0","right":"0","bottom":"0","left":"0","isLinked":false},"_padding":{"unit":"px","top":"0","right":"0","bottom":"0","left":"0","isLinked":false},"_padding_mobile":{"unit":"px","top":"15","right":"0","bottom":"0","left":"0","isLinked":false},"_animation":"fadeInUp","animation_duration":"fast"},"elements":[],"isInner":false,"widgetType":"text-editor","elType":"widget"}],"isInner":true,"elType":"column"}],"isInner":true,"elType":"section"},{"id":"1157e8ad","settings":{"structure":"20"},"elements":[{"id":"a56b5b3","settings":{"_column_size":50,"_inline_size":null},"elements":[{"id":"4ccd1154","settings":{"title":"Development","title_color":"#ff4935","typography_typography":"custom","typography_font_family":"Tajawal","typography_font_size":{"unit":"em","size":0.875,"sizes":[]},"typography_line_height":{"unit":"em","size":1.5,"sizes":[]},"typography_font_size_tablet":{"unit":"em","size":0.8000000000000000444089209850062616169452667236328125,"sizes":[]},"typography_letter_spacing":{"unit":"px","size":4.20000000000000017763568394002504646778106689453125,"sizes":[]},"header_size":"h3","typography_text_transform":"uppercase","align":"left","align_mobile":"center","typography_font_weight":"700","_animation":"fadeInUp","animation_duration":"fast","_animation_delay":300},"elements":[],"isInner":false,"widgetType":"heading","elType":"widget"},{"id":"349287c0","settings":{"editor":"<p>Mauris pellentesque tortor consequat id porta. Sodales ut etis sit amet nisl purus in mollis.<\/p>","typography_typography":"custom","typography_font_family":"Tajawal","typography_font_size":{"unit":"em","size":1.125,"sizes":[]},"typography_line_height":{"unit":"em","size":1.6670000000000000373034936274052597582340240478515625,"sizes":[]},"text_color":"#5e6067","align":"left","typography_line_height_tablet":{"unit":"em","size":1.3000000000000000444089209850062616169452667236328125,"sizes":[]},"typography_letter_spacing":{"unit":"px","size":0,"sizes":[]},"align_mobile":"center","typography_font_weight":"300","_margin":{"unit":"px","top":"0","right":"0","bottom":"0","left":"0","isLinked":false},"_padding":{"unit":"px","top":"0","right":"0","bottom":"0","left":"0","isLinked":false},"_padding_mobile":{"unit":"px","top":"15","right":"0","bottom":"0","left":"0","isLinked":false},"_animation":"fadeInUp","animation_duration":"fast"},"elements":[],"isInner":false,"widgetType":"text-editor","elType":"widget"}],"isInner":true,"elType":"column"},{"id":"13387fea","settings":{"_column_size":50,"_inline_size":null},"elements":[{"id":"1b0d78d8","settings":{"title":"Quick Launch","title_color":"#ff4935","typography_typography":"custom","typography_font_family":"Tajawal","typography_font_size":{"unit":"em","size":0.875,"sizes":[]},"typography_line_height":{"unit":"em","size":1.5,"sizes":[]},"typography_font_size_tablet":{"unit":"em","size":0.8000000000000000444089209850062616169452667236328125,"sizes":[]},"typography_letter_spacing":{"unit":"px","size":4.20000000000000017763568394002504646778106689453125,"sizes":[]},"header_size":"h3","typography_text_transform":"uppercase","align":"left","align_mobile":"center","typography_font_weight":"700","_animation":"fadeInUp","animation_duration":"fast","_animation_delay":300},"elements":[],"isInner":false,"widgetType":"heading","elType":"widget"},{"id":"3e1cd0b0","settings":{"editor":"<p>Vel elit scelerisque mauris pellentesque pulvinar. Nec nam aliquam sem et tortor.<\/p>","typography_typography":"custom","typography_font_family":"Tajawal","typography_font_size":{"unit":"em","size":1.125,"sizes":[]},"typography_line_height":{"unit":"em","size":1.6670000000000000373034936274052597582340240478515625,"sizes":[]},"text_color":"#5e6067","align":"left","typography_line_height_tablet":{"unit":"em","size":1.3000000000000000444089209850062616169452667236328125,"sizes":[]},"typography_letter_spacing":{"unit":"px","size":0,"sizes":[]},"align_mobile":"center","typography_font_weight":"300","_margin":{"unit":"px","top":"0","right":"0","bottom":"0","left":"0","isLinked":false},"_padding":{"unit":"px","top":"0","right":"0","bottom":"0","left":"0","isLinked":false},"_padding_mobile":{"unit":"px","top":"15","right":"0","bottom":"0","left":"0","isLinked":false},"_animation":"fadeInUp","animation_duration":"fast"},"elements":[],"isInner":false,"widgetType":"text-editor","elType":"widget"}],"isInner":true,"elType":"column"}],"isInner":true,"elType":"section"}],"isInner":false,"elType":"column"}],"isInner":false,"elType":"section"},{"id":"a97ed2a","settings":{"content_width":{"unit":"px","size":960,"sizes":[]},"background_background":"classic","background_color":"#ffffff","margin":{"unit":"%","top":"0","right":0,"bottom":"0","left":0,"isLinked":false},"padding":{"unit":"px","top":"50","right":"0","bottom":"50","left":"0","isLinked":false},"padding_tablet":{"unit":"px","top":"80","right":"15","bottom":"0","left":"15","isLinked":false},"padding_mobile":{"unit":"px","top":"43","right":"15","bottom":"0","left":"15","isLinked":false},"html_tag":"section"},"elements":[{"id":"5ff6f61b","settings":{"_column_size":100,"space_between_widgets":0,"margin":{"unit":"px","top":"0","right":"0","bottom":"0","left":"0","isLinked":false},"padding":{"unit":"px","top":"0","right":"0","bottom":"0","left":"0","isLinked":false},"motion_fx_translateY_effect":"yes","motion_fx_translateY_speed":{"unit":"px","size":1,"sizes":[]},"padding_tablet":{"unit":"px","top":"0","right":"0","bottom":"0","left":"0","isLinked":false},"margin_mobile":{"unit":"px","top":"0","right":"0","bottom":"0","left":"0","isLinked":false},"padding_mobile":{"unit":"px","top":"0","right":"0","bottom":"0","left":"0","isLinked":false}},"elements":[{"id":"3b36a157","settings":{"title":"WordPress Hosting","align":"center","title_color":"#080f44","typography_typography":"custom","typography_font_family":"Jaldi","typography_font_size":{"unit":"em","size":3.600000000000000088817841970012523233890533447265625,"sizes":[]},"typography_font_weight":"500","typography_line_height":{"unit":"em","size":1,"sizes":[]},"typography_letter_spacing":{"unit":"px","size":0,"sizes":[]},"_padding":{"unit":"px","top":"0","right":"0","bottom":"0","left":"0","isLinked":false},"typography_font_size_tablet":{"unit":"em","size":4,"sizes":[]},"_padding_tablet":{"unit":"px","top":"20","right":"0","bottom":"0","left":"0","isLinked":false},"_animation":"fadeInUp","typography_font_size_mobile":{"unit":"em","size":3.5,"sizes":[]},"_padding_mobile":{"unit":"px","top":"7","right":"0","bottom":"0","left":"0","isLinked":false},"animation_duration":"fast","_animation_delay":400},"elements":[],"isInner":false,"widgetType":"heading","elType":"widget"},{"id":"46a4b124","settings":{"editor":"<p>Lorem ipsum dolor sit amet, consectetur adipisicing elit, sed do eiusmod tempor incididunt ut labore et dolore magna aliqua. Ut enim ad minim veniam, quis nostrud exercitation ullamco laboris nisi ut aliquip ex ea commodo consequat.<\/p>","align":"center","text_color":"#5e6067","typography_typography":"custom","typography_font_family":"Tajawal","typography_font_size":{"unit":"em","size":1.375,"sizes":[]},"typography_font_weight":"300","typography_line_height":{"unit":"em","size":1.5449999999999999289457264239899814128875732421875,"sizes":[]},"typography_letter_spacing":{"unit":"px","size":0,"sizes":[]},"typography_line_height_tablet":{"unit":"em","size":1.3000000000000000444089209850062616169452667236328125,"sizes":[]},"_margin":{"unit":"px","top":"0","right":"0","bottom":"0","left":"0","isLinked":false},"_padding":{"unit":"px","top":"0","right":"0","bottom":"0","left":"0","isLinked":false},"_animation":"fadeInUp","_padding_tablet":{"unit":"px","top":"30","right":"15","bottom":"0","left":"15","isLinked":false},"typography_font_size_mobile":{"unit":"rem","size":0.90000000000000002220446049250313080847263336181640625,"sizes":[]},"_padding_mobile":{"unit":"px","top":"0","right":"0","bottom":"0","left":"0","isLinked":false}},"elements":[],"isInner":false,"widgetType":"text-editor","elType":"widget"}],"isInner":false,"elType":"column"}],"isInner":false,"elType":"section"},{"id":"7bb2d973","settings":{"content_width":{"unit":"px","size":1170,"sizes":[]},"structure":"30","border_width":{"unit":"px","top":"0","right":"0","bottom":"5","left":"0","isLinked":false},"border_color":"#f5f7ff","margin":{"unit":"px","top":"0","right":0,"bottom":"0","left":0,"isLinked":false},"padding":{"unit":"px","top":"50","right":"0","bottom":"50","left":"0","isLinked":false},"motion_fx_translateY_effect":"yes","motion_fx_translateY_speed":{"unit":"px","size":1,"sizes":[]},"padding_tablet":{"unit":"em","top":"4","right":"4","bottom":"4","left":"4","isLinked":true},"padding_mobile":{"unit":"px","top":"50","right":"15","bottom":"50","left":"15","isLinked":false},"shape_divider_bottom":"waves","shape_divider_bottom_color":"rgba(51,46,109,0.06)","shape_divider_bottom_width":{"unit":"%","size":110,"sizes":[]},"shape_divider_bottom_height":{"unit":"px","size":200,"sizes":[]}},"elements":[{"id":"7efc8f6a","settings":{"_column_size":33,"_inline_size":null,"space_between_widgets":0,"background_background":"classic","background_color":"#c3c3d8","border_radius":{"unit":"px","top":"20","right":"20","bottom":"20","left":"20","isLinked":true},"margin":{"unit":"px","top":"5","right":"5","bottom":"5","left":"5","isLinked":true},"padding":{"unit":"px","top":"60","right":"50","bottom":"50","left":"60","isLinked":false},"animation":"fadeInUp","animation_duration":"fast","animation_delay":300,"padding_tablet":{"unit":"px","top":"40","right":"50","bottom":"40","left":"40","isLinked":false},"margin_mobile":{"unit":"px","top":"10","right":"10","bottom":"10","left":"10","isLinked":true},"padding_mobile":{"unit":"px","top":"30","right":"30","bottom":"20","left":"30","isLinked":false},"_inline_size_tablet":100},"elements":[{"id":"75eb72b","settings":{"title":"starter","header_size":"h4","title_color":"#ff4935","typography_typography":"custom","typography_font_family":"Tajawal","typography_font_size":{"unit":"em","size":0.875,"sizes":[]},"typography_font_weight":"700","typography_line_height":{"unit":"em","size":1.5,"sizes":[]},"typography_letter_spacing":{"unit":"px","size":4.20000000000000017763568394002504646778106689453125,"sizes":[]},"_animation":"fadeInUp","align":"left","typography_font_size_tablet":{"unit":"em","size":0.8000000000000000444089209850062616169452667236328125,"sizes":[]},"typography_text_transform":"uppercase","animation_duration":"fast","_animation_delay":300},"elements":[],"isInner":false,"widgetType":"heading","elType":"widget"},{"id":"5111786d","settings":{"title":"8.99 P\/Mo","header_size":"h3","title_color":"#ffffff","typography_typography":"custom","typography_font_family":"Jaldi","typography_font_size":{"unit":"em","size":2.25,"sizes":[]},"typography_font_weight":"400","typography_line_height":{"unit":"em","size":1.278000000000000024868995751603506505489349365234375,"sizes":[]},"typography_letter_spacing":{"unit":"px","size":0,"sizes":[]},"_margin":{"unit":"px","top":"0","right":"0","bottom":"0","left":"0","isLinked":false},"_padding":{"unit":"px","top":"43","right":"20","bottom":"0","left":"0","isLinked":false},"_animation":"fadeInUp","typography_font_size_tablet":{"unit":"em","size":2,"sizes":[]},"_padding_tablet":{"unit":"px","top":"25","right":"0","bottom":"0","left":"0","isLinked":false},"typography_font_size_mobile":{"unit":"em","size":1.8000000000000000444089209850062616169452667236328125,"sizes":[]},"_padding_mobile":{"unit":"px","top":"7","right":"0","bottom":"0","left":"0","isLinked":false}},"elements":[],"isInner":false,"widgetType":"heading","elType":"widget"},{"id":"14fc45ac","settings":{"editor":"<p>Mauris pellentesque tortor consequat id porta. Sodales ut etis sit amet nisl purus in mollis.<\/p>","typography_typography":"custom","typography_font_family":"Tajawal","typography_font_size":{"unit":"em","size":1,"sizes":[]},"typography_line_height":{"unit":"em","size":1.6670000000000000373034936274052597582340240478515625,"sizes":[]},"text_color":"#5e6067","align":"left","typography_line_height_tablet":{"unit":"em","size":1.3000000000000000444089209850062616169452667236328125,"sizes":[]},"typography_letter_spacing":{"unit":"px","size":0,"sizes":[]},"typography_font_weight":"300","typography_font_style":"italic","_margin":{"unit":"px","top":"0","right":"0","bottom":"0","left":"0","isLinked":false},"_padding":{"unit":"px","top":"0","right":"0","bottom":"0","left":"0","isLinked":false},"_padding_mobile":{"unit":"px","top":"15","right":"0","bottom":"0","left":"0","isLinked":false},"_animation":"fadeInUp","animation_duration":"fast"},"elements":[],"isInner":false,"widgetType":"text-editor","elType":"widget"},{"id":"67981981","settings":{"icon_list":[{"text":"Mobile App Design","icon":"fa fa-check","_id":"f3b89a7"},{"text":"Vector Design for All Types of Web Projects","icon":"fa fa-check","_id":"800d9cf"},{"text":"Experts Delivering Marketing Analysis","icon":"fa fa-check","_id":"77fac60"}],"icon_color":"#ff4935","icon_size":{"unit":"px","size":12,"sizes":[]},"text_color":"#141824","text_indent":{"unit":"px","size":18,"sizes":[]},"icon_typography_typography":"custom","icon_typography_font_family":"Jaldi","icon_typography_font_size":{"unit":"em","size":1,"sizes":[]},"icon_typography_font_weight":"400","icon_typography_line_height":{"unit":"em","size":1.2729999999999999094058011905872263014316558837890625,"sizes":[]},"icon_typography_letter_spacing":{"unit":"px","size":0,"sizes":[]},"_margin":{"unit":"px","top":"0","right":"0","bottom":"0","left":"0","isLinked":false},"_padding":{"unit":"px","top":"41","right":"0","bottom":"0","left":"0","isLinked":false},"space_between":{"unit":"px","size":12,"sizes":[]},"icon_align":"left","_css_classes":"envato-kit-175-list-style-light","_animation":"fadeInUp","animation_duration":"fast","icon_typography_font_size_tablet":{"unit":"em","size":1.1999999999999999555910790149937383830547332763671875,"sizes":[]},"icon_typography_line_height_tablet":{"unit":"em","size":1.1999999999999999555910790149937383830547332763671875,"sizes":[]},"_padding_tablet":{"unit":"px","top":"30","right":"0","bottom":"0","left":"0","isLinked":false},"_padding_mobile":{"unit":"px","top":"24","right":"0","bottom":"0","left":"0","isLinked":false}},"elements":[],"isInner":false,"widgetType":"icon-list","elType":"widget"},{"id":"21823a31","settings":{"icon":"fa fa-angle-right","align":"right","primary_color":"#ffffff","size":{"unit":"px","size":37,"sizes":[]},"_margin":{"unit":"px","top":"0","right":"0","bottom":"0","left":"0","isLinked":false},"_padding":{"unit":"px","top":"61","right":"0","bottom":"0","left":"0","isLinked":false},"link":{"url":"#","is_external":"","nofollow":""},"hover_animation":"float","_animation":"fadeInUp","_padding_tablet":{"unit":"px","top":"20","right":"0","bottom":"0","left":"0","isLinked":false},"align_mobile":"left","_padding_mobile":{"unit":"px","top":"10","right":"0","bottom":"0","left":"0","isLinked":false}},"elements":[],"isInner":false,"widgetType":"icon","elType":"widget"}],"isInner":false,"elType":"column"},{"id":"58a0bade","settings":{"_column_size":33,"_inline_size":null,"space_between_widgets":0,"background_background":"classic","background_color":"#c1dee2","border_radius":{"unit":"px","top":"20","right":"20","bottom":"20","left":"20","isLinked":true},"margin":{"unit":"px","top":"5","right":"5","bottom":"5","left":"5","isLinked":true},"padding":{"unit":"px","top":"60","right":"50","bottom":"50","left":"60","isLinked":false},"animation":"fadeInUp","animation_duration":"fast","animation_delay":400,"padding_tablet":{"unit":"px","top":"40","right":"50","bottom":"40","left":"40","isLinked":false},"margin_mobile":{"unit":"px","top":"10","right":"10","bottom":"10","left":"10","isLinked":true},"padding_mobile":{"unit":"px","top":"30","right":"30","bottom":"20","left":"30","isLinked":false},"_inline_size_tablet":100},"elements":[{"id":"27080cd1","settings":{"title":"freelance","header_size":"h4","title_color":"#ff4935","typography_typography":"custom","typography_font_family":"Tajawal","typography_font_size":{"unit":"em","size":0.875,"sizes":[]},"typography_font_weight":"700","typography_line_height":{"unit":"em","size":1.5,"sizes":[]},"typography_letter_spacing":{"unit":"px","size":4.20000000000000017763568394002504646778106689453125,"sizes":[]},"_animation":"fadeInUp","align":"left","typography_font_size_tablet":{"unit":"em","size":0.8000000000000000444089209850062616169452667236328125,"sizes":[]},"typography_text_transform":"uppercase","animation_duration":"fast","_animation_delay":300},"elements":[],"isInner":false,"widgetType":"heading","elType":"widget"},{"id":"8a98269","settings":{"title":"24.99 P\/Mo","header_size":"h3","title_color":"#ffffff","typography_typography":"custom","typography_font_family":"Jaldi","typography_font_size":{"unit":"em","size":2.25,"sizes":[]},"typography_font_weight":"400","typography_line_height":{"unit":"em","size":1.278000000000000024868995751603506505489349365234375,"sizes":[]},"typography_letter_spacing":{"unit":"px","size":0,"sizes":[]},"_margin":{"unit":"px","top":"0","right":"0","bottom":"0","left":"0","isLinked":false},"_padding":{"unit":"px","top":"43","right":"20","bottom":"0","left":"0","isLinked":false},"_animation":"fadeInUp","typography_font_size_tablet":{"unit":"em","size":2,"sizes":[]},"_padding_tablet":{"unit":"px","top":"25","right":"0","bottom":"0","left":"0","isLinked":false},"typography_font_size_mobile":{"unit":"em","size":1.8000000000000000444089209850062616169452667236328125,"sizes":[]},"_padding_mobile":{"unit":"px","top":"7","right":"0","bottom":"0","left":"0","isLinked":false}},"elements":[],"isInner":false,"widgetType":"heading","elType":"widget"},{"id":"469e5e0f","settings":{"editor":"<p>Mauris pellentesque tortor consequat id porta. Sodales ut etis sit amet nisl purus in mollis.<\/p>","typography_typography":"custom","typography_font_family":"Tajawal","typography_font_size":{"unit":"em","size":1,"sizes":[]},"typography_line_height":{"unit":"em","size":1.6670000000000000373034936274052597582340240478515625,"sizes":[]},"text_color":"#5e6067","align":"left","typography_line_height_tablet":{"unit":"em","size":1.3000000000000000444089209850062616169452667236328125,"sizes":[]},"typography_letter_spacing":{"unit":"px","size":0,"sizes":[]},"typography_font_weight":"300","typography_font_style":"italic","_margin":{"unit":"px","top":"0","right":"0","bottom":"0","left":"0","isLinked":false},"_padding":{"unit":"px","top":"0","right":"0","bottom":"0","left":"0","isLinked":false},"_padding_mobile":{"unit":"px","top":"15","right":"0","bottom":"0","left":"0","isLinked":false},"_animation":"fadeInUp","animation_duration":"fast"},"elements":[],"isInner":false,"widgetType":"text-editor","elType":"widget"},{"id":"16060e75","settings":{"icon_list":[{"text":"Mobile App Design","icon":"fa fa-check","_id":"f3b89a7"},{"text":"Vector Design for All Types of Web Projects","icon":"fa fa-check","_id":"800d9cf"},{"text":"Experts Delivering Marketing Analysis","icon":"fa fa-check","_id":"77fac60"}],"icon_color":"#ff4935","icon_size":{"unit":"px","size":12,"sizes":[]},"text_color":"#141824","text_indent":{"unit":"px","size":18,"sizes":[]},"icon_typography_typography":"custom","icon_typography_font_family":"Jaldi","icon_typography_font_size":{"unit":"em","size":1,"sizes":[]},"icon_typography_font_weight":"400","icon_typography_line_height":{"unit":"em","size":1.2729999999999999094058011905872263014316558837890625,"sizes":[]},"icon_typography_letter_spacing":{"unit":"px","size":0,"sizes":[]},"_margin":{"unit":"px","top":"0","right":"0","bottom":"0","left":"0","isLinked":false},"_padding":{"unit":"px","top":"41","right":"0","bottom":"0","left":"0","isLinked":false},"space_between":{"unit":"px","size":12,"sizes":[]},"icon_align":"left","_css_classes":"envato-kit-175-list-style-light","_animation":"fadeInUp","animation_duration":"fast","icon_typography_font_size_tablet":{"unit":"em","size":1.1999999999999999555910790149937383830547332763671875,"sizes":[]},"icon_typography_line_height_tablet":{"unit":"em","size":1.1999999999999999555910790149937383830547332763671875,"sizes":[]},"_padding_tablet":{"unit":"px","top":"30","right":"0","bottom":"0","left":"0","isLinked":false},"_padding_mobile":{"unit":"px","top":"24","right":"0","bottom":"0","left":"0","isLinked":false}},"elements":[],"isInner":false,"widgetType":"icon-list","elType":"widget"},{"id":"12d9c371","settings":{"icon":"fa fa-angle-right","align":"right","primary_color":"#ffffff","size":{"unit":"px","size":37,"sizes":[]},"_margin":{"unit":"px","top":"0","right":"0","bottom":"0","left":"0","isLinked":false},"_padding":{"unit":"px","top":"61","right":"0","bottom":"0","left":"0","isLinked":false},"link":{"url":"#","is_external":"","nofollow":""},"hover_animation":"float","_animation":"fadeInUp","_padding_tablet":{"unit":"px","top":"20","right":"0","bottom":"0","left":"0","isLinked":false},"align_mobile":"left","_padding_mobile":{"unit":"px","top":"10","right":"0","bottom":"0","left":"0","isLinked":false}},"elements":[],"isInner":false,"widgetType":"icon","elType":"widget"}],"isInner":false,"elType":"column"},{"id":"35a1193c","settings":{"_column_size":33,"_inline_size":null,"space_between_widgets":0,"background_background":"classic","background_color":"#c5cfd6","border_radius":{"unit":"px","top":"20","right":"20","bottom":"20","left":"20","isLinked":true},"margin":{"unit":"px","top":"5","right":"5","bottom":"5","left":"5","isLinked":true},"padding":{"unit":"px","top":"60","right":"50","bottom":"50","left":"60","isLinked":false},"animation":"fadeInUp","animation_duration":"fast","animation_delay":300,"padding_tablet":{"unit":"px","top":"40","right":"50","bottom":"40","left":"40","isLinked":false},"margin_mobile":{"unit":"px","top":"10","right":"10","bottom":"10","left":"10","isLinked":true},"padding_mobile":{"unit":"px","top":"30","right":"30","bottom":"20","left":"30","isLinked":false},"_inline_size_tablet":100},"elements":[{"id":"6111619e","settings":{"title":"agency","header_size":"h4","title_color":"#ff4935","typography_typography":"custom","typography_font_family":"Tajawal","typography_font_size":{"unit":"em","size":0.875,"sizes":[]},"typography_font_weight":"700","typography_line_height":{"unit":"em","size":1.5,"sizes":[]},"typography_letter_spacing":{"unit":"px","size":4.20000000000000017763568394002504646778106689453125,"sizes":[]},"_animation":"fadeInUp","align":"left","typography_font_size_tablet":{"unit":"em","size":0.8000000000000000444089209850062616169452667236328125,"sizes":[]},"typography_text_transform":"uppercase","animation_duration":"fast","_animation_delay":300},"elements":[],"isInner":false,"widgetType":"heading","elType":"widget"},{"id":"1de19f81","settings":{"title":"49.99 P\/Mo","header_size":"h3","title_color":"#ffffff","typography_typography":"custom","typography_font_family":"Jaldi","typography_font_size":{"unit":"em","size":2.25,"sizes":[]},"typography_font_weight":"400","typography_line_height":{"unit":"em","size":1.278000000000000024868995751603506505489349365234375,"sizes":[]},"typography_letter_spacing":{"unit":"px","size":0,"sizes":[]},"_margin":{"unit":"px","top":"0","right":"0","bottom":"0","left":"0","isLinked":false},"_padding":{"unit":"px","top":"43","right":"20","bottom":"0","left":"0","isLinked":false},"_animation":"fadeInUp","typography_font_size_tablet":{"unit":"em","size":2,"sizes":[]},"_padding_tablet":{"unit":"px","top":"25","right":"0","bottom":"0","left":"0","isLinked":false},"typography_font_size_mobile":{"unit":"em","size":1.8000000000000000444089209850062616169452667236328125,"sizes":[]},"_padding_mobile":{"unit":"px","top":"7","right":"0","bottom":"0","left":"0","isLinked":false}},"elements":[],"isInner":false,"widgetType":"heading","elType":"widget"},{"id":"40317c43","settings":{"editor":"<p>Mauris pellentesque tortor consequat id porta. Sodales ut etis sit amet nisl purus in mollis.<\/p>","typography_typography":"custom","typography_font_family":"Tajawal","typography_font_size":{"unit":"em","size":1,"sizes":[]},"typography_line_height":{"unit":"em","size":1.6670000000000000373034936274052597582340240478515625,"sizes":[]},"text_color":"#5e6067","align":"left","typography_line_height_tablet":{"unit":"em","size":1.3000000000000000444089209850062616169452667236328125,"sizes":[]},"typography_letter_spacing":{"unit":"px","size":0,"sizes":[]},"typography_font_weight":"300","typography_font_style":"italic","_margin":{"unit":"px","top":"0","right":"0","bottom":"0","left":"0","isLinked":false},"_padding":{"unit":"px","top":"0","right":"0","bottom":"0","left":"0","isLinked":false},"_padding_mobile":{"unit":"px","top":"15","right":"0","bottom":"0","left":"0","isLinked":false},"_animation":"fadeInUp","animation_duration":"fast"},"elements":[],"isInner":false,"widgetType":"text-editor","elType":"widget"},{"id":"41e0cbbb","settings":{"icon_list":[{"text":"Mobile App Design","icon":"fa fa-check","_id":"f3b89a7"},{"text":"Vector Design for All Types of Web Projects","icon":"fa fa-check","_id":"800d9cf"},{"text":"Experts Delivering Marketing Analysis","icon":"fa fa-check","_id":"77fac60"}],"icon_color":"#ff4935","icon_size":{"unit":"px","size":12,"sizes":[]},"text_color":"#141824","text_indent":{"unit":"px","size":18,"sizes":[]},"icon_typography_typography":"custom","icon_typography_font_family":"Jaldi","icon_typography_font_size":{"unit":"em","size":1,"sizes":[]},"icon_typography_font_weight":"400","icon_typography_line_height":{"unit":"em","size":1.2729999999999999094058011905872263014316558837890625,"sizes":[]},"icon_typography_letter_spacing":{"unit":"px","size":0,"sizes":[]},"_margin":{"unit":"px","top":"0","right":"0","bottom":"0","left":"0","isLinked":false},"_padding":{"unit":"px","top":"41","right":"0","bottom":"0","left":"0","isLinked":false},"space_between":{"unit":"px","size":12,"sizes":[]},"icon_align":"left","_css_classes":"envato-kit-175-list-style-light","_animation":"fadeInUp","animation_duration":"fast","icon_typography_font_size_tablet":{"unit":"em","size":1.1999999999999999555910790149937383830547332763671875,"sizes":[]},"icon_typography_line_height_tablet":{"unit":"em","size":1.1999999999999999555910790149937383830547332763671875,"sizes":[]},"_padding_tablet":{"unit":"px","top":"30","right":"0","bottom":"0","left":"0","isLinked":false},"_padding_mobile":{"unit":"px","top":"24","right":"0","bottom":"0","left":"0","isLinked":false}},"elements":[],"isInner":false,"widgetType":"icon-list","elType":"widget"},{"id":"7edae98c","settings":{"icon":"fa fa-angle-right","align":"right","primary_color":"#ffffff","size":{"unit":"px","size":37,"sizes":[]},"_margin":{"unit":"px","top":"0","right":"0","bottom":"0","left":"0","isLinked":false},"_padding":{"unit":"px","top":"61","right":"0","bottom":"0","left":"0","isLinked":false},"link":{"url":"#","is_external":"","nofollow":""},"hover_animation":"float","_animation":"fadeInUp","_padding_tablet":{"unit":"px","top":"20","right":"0","bottom":"0","left":"0","isLinked":false},"align_mobile":"left","_padding_mobile":{"unit":"px","top":"10","right":"0","bottom":"0","left":"0","isLinked":false}},"elements":[],"isInner":false,"widgetType":"icon","elType":"widget"}],"isInner":false,"elType":"column"}],"isInner":false,"elType":"section"},{"id":"33f59c29","settings":{"content_width":{"unit":"px","size":1170,"sizes":[]},"structure":"20","background_background":"classic","background_color":"#f3f3f6","shape_divider_top_color":"#ffffff","shape_divider_top_width":{"unit":"%","size":214,"sizes":[]},"shape_divider_top_height":{"unit":"px","size":100,"sizes":[]},"margin":{"unit":"px","top":"0","right":0,"bottom":"0","left":0,"isLinked":false},"padding":{"unit":"px","top":"50","right":"0","bottom":"0","left":"0","isLinked":false},"padding_tablet":{"unit":"em","top":"","right":"","bottom":"","left":"","isLinked":false},"shape_divider_top_width_mobile":{"unit":"%","size":300,"sizes":[]},"shape_divider_top_height_mobile":{"unit":"px","size":45,"sizes":[]},"padding_mobile":{"unit":"px","top":"90","right":"15","bottom":"0","left":"15","isLinked":false},"height":"min-height","custom_height":{"unit":"px","size":499,"sizes":[]},"column_position":"stretch","content_position":"middle"},"elements":[{"id":"70d5b67a","settings":{"_column_size":50,"_inline_size":55,"space_between_widgets":0,"margin":{"unit":"px","top":"0","right":"73","bottom":"0","left":"0","isLinked":false},"padding":{"unit":"px","top":"0","right":"0","bottom":"0","left":"0","isLinked":false},"motion_fx_translateY_effect":"yes","motion_fx_translateY_speed":{"unit":"px","size":1,"sizes":[]},"margin_tablet":{"unit":"px","top":"0","right":"15","bottom":"0","left":"0","isLinked":false},"padding_tablet":{"unit":"em","top":"0","right":"0","bottom":"0","left":"1","isLinked":false},"margin_mobile":{"unit":"px","top":"0","right":"0","bottom":"0","left":"0","isLinked":false}},"elements":[{"id":"7935324d","settings":{"title":"TOP IDEAS","header_size":"h4","title_color":"#ff4935","typography_typography":"custom","typography_font_family":"Tajawal","typography_font_size":{"unit":"em","size":0.875,"sizes":[]},"typography_font_weight":"700","typography_line_height":{"unit":"em","size":1.5,"sizes":[]},"typography_letter_spacing":{"unit":"px","size":4.20000000000000017763568394002504646778106689453125,"sizes":[]},"_animation":"fadeInUp","animation_duration":"fast","align":"left","align_mobile":"center","typography_font_size_tablet":{"unit":"em","size":0.8000000000000000444089209850062616169452667236328125,"sizes":[]},"typography_text_transform":"uppercase","_animation_delay":300},"elements":[],"isInner":false,"widgetType":"heading","elType":"widget"},{"id":"1a49dd5a","settings":{"title":"Legendary Support","align":"left","title_color":"#080f44","typography_typography":"custom","typography_font_family":"Jaldi","typography_font_size":{"unit":"em","size":3.600000000000000088817841970012523233890533447265625,"sizes":[]},"typography_font_weight":"500","typography_line_height":{"unit":"em","size":1,"sizes":[]},"typography_letter_spacing":{"unit":"px","size":0,"sizes":[]},"_padding":{"unit":"px","top":"25","right":"0","bottom":"0","left":"0","isLinked":false},"typography_font_size_tablet":{"unit":"em","size":4,"sizes":[]},"_padding_tablet":{"unit":"px","top":"20","right":"0","bottom":"0","left":"0","isLinked":false},"_animation":"fadeInUp","animation_duration":"fast","_animation_delay":400,"typography_font_size_mobile":{"unit":"em","size":3.5,"sizes":[]},"align_mobile":"center","_padding_mobile":{"unit":"px","top":"7","right":"0","bottom":"0","left":"0","isLinked":false}},"elements":[],"isInner":false,"widgetType":"heading","elType":"widget"},{"id":"19cd12e5","settings":{"editor":"Lorem ipsum dolor sit amet, consectetur adipisicing elit, sed do eiusmod tempor incididunt ut labore et dolore magna aliqua. Ut enim ad minim veniam, quis nostrud exercitation ullamco laboris nisi ut aliquip ex ea commodo consequat.","align":"left","text_color":"#5e6067","typography_typography":"custom","typography_font_family":"Tajawal","typography_font_size":{"unit":"em","size":1.125,"sizes":[]},"typography_font_weight":"300","_margin":{"unit":"px","top":"20","right":"0","bottom":"0","left":"0","isLinked":false},"_padding":{"unit":"px","top":"0","right":"0","bottom":"0","left":"0","isLinked":false},"typography_line_height":{"unit":"em","size":1.6670000000000000373034936274052597582340240478515625,"sizes":[]},"typography_letter_spacing":{"unit":"px","size":0,"sizes":[]},"_animation":"fadeInUp","animation_duration":"fast","typography_line_height_tablet":{"unit":"em","size":1.3000000000000000444089209850062616169452667236328125,"sizes":[]},"_padding_mobile":{"unit":"px","top":"15","right":"0","bottom":"0","left":"0","isLinked":false},"align_mobile":"center"},"elements":[],"isInner":false,"widgetType":"text-editor","elType":"widget"},{"id":"5129a116","settings":{"text":"START NOW","align":"left","typography_typography":"custom","typography_font_family":"Tajawal","typography_font_size":{"unit":"em","size":1,"sizes":[]},"typography_line_height":{"unit":"em","size":1.5,"sizes":[]},"typography_letter_spacing":{"unit":"px","size":3.20000000000000017763568394002504646778106689453125,"sizes":[]},"button_text_color":"#ffffff","background_color":"#ff4935","hover_color":"#ffffff","button_background_hover_color":"#4e4699","border_radius":{"unit":"px","top":"50","right":"50","bottom":"50","left":"50","isLinked":true},"text_padding":{"unit":"em","top":"","right":"","bottom":"","left":"","isLinked":false},"text_padding_tablet":{"unit":"em","top":"","right":"","bottom":"","left":"","isLinked":false},"_animation":"fadeInUp","_animation_delay":500,"typography_font_weight":"700","_margin":{"unit":"px","top":"0","right":"0","bottom":"0","left":"0","isLinked":false},"_padding":{"unit":"px","top":"46","right":"0","bottom":"0","left":"0","isLinked":false},"_padding_mobile":{"unit":"px","top":"36","right":"0","bottom":"0","left":"0","isLinked":false},"align_mobile":"justify"},"elements":[],"isInner":false,"widgetType":"button","elType":"widget"},{"id":"7c0889a7","settings":[],"elements":[],"isInner":false,"widgetType":"spacer","elType":"widget"}],"isInner":false,"elType":"column"},{"id":"1b806630","settings":{"_column_size":50,"_inline_size":45,"space_between_widgets":0,"background_background":"classic","border_radius":{"unit":"px","top":"20","right":"20","bottom":"20","left":"20","isLinked":true},"margin":{"unit":"px","top":"0","right":"0","bottom":"0","left":"0","isLinked":false},"padding":{"unit":"em","top":"","right":"","bottom":"","left":"","isLinked":false},"animation":"zoomIn","motion_fx_translateY_effect":"yes","motion_fx_translateY_speed":{"unit":"px","size":1,"sizes":[]},"margin_tablet":{"unit":"px","top":"0","right":"0","bottom":"0","left":"15","isLinked":false},"padding_tablet":{"unit":"px","top":"40","right":"40","bottom":"40","left":"40","isLinked":false},"margin_mobile":{"unit":"px","top":"30","right":"0","bottom":"0","left":"0","isLinked":false},"padding_mobile":{"unit":"px","top":"30","right":"30","bottom":"30","left":"30","isLinked":true},"content_position":"top","background_image":{"id":"3553","url":"https:\/\/cliente.shazamlnv.com\/setasolar\/wp-content\/uploads\/2022\/04\/huumans3.png"},"background_position":"bottom center","background_repeat":"no-repeat","background_size":"contain","background_size_tablet":"initial","background_bg_width_tablet":{"unit":"px","size":641,"sizes":[]}},"elements":[{"id":"16234de6","settings":{"space_mobile":{"unit":"px","size":512,"sizes":[]}},"elements":[],"isInner":false,"widgetType":"spacer","elType":"widget"}],"isInner":false,"elType":"column"}],"isInner":false,"elType":"section"}],"page_settings":[],"version":"0.4","title":"TECNOLOGIA","type":"section"}