{"version":"0.4","title":"10 cafe","type":"page","content":[{"id":"68c9f350","settings":{"gap":"extended","height":"min-height","custom_height":{"unit":"vh","size":"50"},"content_position":"middle","background_background":"classic","background_image":{"url":"http:\/\/sitefacilitado.com.br\/wp-content\/uploads\/2020\/02\/daan-evers-tKN1WXrzQ3s-unsplash-scaled.jpg","id":"126"},"background_position":"top center","background_attachment":"fixed","background_size":"cover","background_overlay_background":"classic","background_overlay_color":"rgba(239,129,129,0.93)","background_overlay_opacity":{"unit":"px","size":"1"},"shape_divider_bottom":"split","shape_divider_bottom_width":{"unit":"%","size":"300"},"shape_divider_bottom_height":{"unit":"px","size":"30"},"background_video_fallback":{"url":"https:\/\/wp.envatoextensions.com\/kit-190\/wp-content\/uploads\/sites\/186\/2019\/08\/icons8-team-NtwdMDylfTw-unsplash-home-1.jpg","id":"13"},"custom_height_tablet":{"unit":"px","size":"570"},"custom_height_mobile":{"unit":"px","size":"472"},"padding":{"unit":"px","top":"50","right":"0","bottom":"50","left":"0","isLinked":""},"html_tag":"header","shape_divider_bottom_color":"#ffffff"},"elements":[{"id":"679f0b12","settings":{"_column_size":"100","space_between_widgets":"20","_inline_size_tablet":"100","padding_tablet":{"unit":"em","top":"0","right":"0","bottom":"0","left":"2","isLinked":""},"padding_mobile":{"unit":"em","top":"1","right":"1","bottom":"1","left":"1","isLinked":"1"}},"elements":[{"id":"55760cbb","settings":{"title":"Indie Cafe","title_color":"#ffffff","typography_typography":"custom","typography_font_family":"Kaushan Script","typography_font_size":{"unit":"px","size":"55"},"typography_font_weight":"700","_margin":{"unit":"px","top":"0","right":"0","bottom":"-15","left":"0","isLinked":""},"align":"center","typography_letter_spacing":{"unit":"px","size":"-1.3"},"typography_font_size_tablet":{"unit":"px","size":"40"},"_animation":"fadeInDown"},"elements":[],"isInner":false,"widgetType":"heading","elType":"widget"},{"id":"591adde9","settings":{"title":"Contate-nos","title_color":"#ffffff","typography_typography":"custom","typography_font_family":"Comfortaa","typography_font_size":{"unit":"em","size":"4.42"},"typography_font_weight":"700","_margin":{"unit":"px","top":"0","right":"0","bottom":"0","left":"0","isLinked":""},"typography_letter_spacing":{"unit":"px","size":"-1.3"},"typography_font_size_tablet":{"unit":"px","size":"50"},"_animation":"fadeInDown","_animation_delay":"200","header_size":"h1","align":"center","typography_font_size_mobile":{"unit":"em","size":"2.1","sizes":[]}},"elements":[],"isInner":false,"widgetType":"heading","elType":"widget"},{"id":"3379efe1","settings":{"style":"dashed","weight":{"unit":"px","size":"3","sizes":[]},"color":"#efb6b6","width":{"unit":"%","size":"30","sizes":[]},"align":"center","gap":{"unit":"px","size":"2","sizes":[]},"_margin":{"unit":"px","top":"-12","right":"0","bottom":"0","left":"5","isLinked":""},"text":"Divisor"},"elements":[],"isInner":false,"widgetType":"divider","elType":"widget"},{"id":"141989d7","settings":{"editor":"<p>Send Us A Message!<\/p>","align":"center","typography_typography":"custom","typography_line_height":{"unit":"px","size":"25"},"_margin":{"unit":"px","top":"-30","right":"0","bottom":"0","left":"5","isLinked":""},"text_color":"#ffffff","hide_mobile":"hidden-phone","_animation":"fadeInUp","_animation_delay":"400","_margin_mobile":{"unit":"px","top":"-30","right":"0","bottom":"0","left":"0","isLinked":""},"_padding":{"unit":"em","top":"0","right":"0","bottom":"0","left":"0","isLinked":""},"_padding_mobile":{"unit":"px","top":"0","right":"0","bottom":"0","left":"0","isLinked":"1"},"typography_font_weight":"700","typography_font_family":"Muli"},"elements":[],"isInner":false,"widgetType":"text-editor","elType":"widget"}],"isInner":"","elType":"column"}],"isInner":"","elType":"section"},{"id":"5e30c28d","settings":{"padding":{"unit":"em","top":"4","right":"0","bottom":"2","left":"0","isLinked":""},"background_background":"classic","background_color":"#ffffff","padding_tablet":{"unit":"em","top":"2","right":"1","bottom":"1","left":"1","isLinked":""},"margin":{"unit":"px","top":"0","right":"0","bottom":"0","left":"0","isLinked":""},"background_position":"center right","background_repeat":"no-repeat","background_size":"cover","background_overlay_color":"#ffffff","background_overlay_opacity":{"unit":"px","size":"0.85","sizes":[]},"margin_tablet":{"unit":"px","top":"1","right":"0","bottom":"1","left":"0","isLinked":"1"},"padding_mobile":{"unit":"em","top":"2","right":"1","bottom":"2","left":"1","isLinked":""}},"elements":[{"id":"3aa1b9d1","settings":{"_column_size":"100","_inline_size_tablet":"100"},"elements":[{"id":"6f767f2a","settings":{"title":"Send'a Message! - Contact The Cafe","align":"center","title_color":"#efb6b6","typography_typography":"custom","typography_font_family":"Comfortaa","typography_font_size":{"unit":"em","size":"2.4"},"typography_font_weight":"700","typography_font_size_tablet":{"unit":"px","size":"40"},"typography_letter_spacing":{"unit":"px","size":"-1.3"},"_margin":{"unit":"px","top":"0","right":"0","bottom":"0","left":"0","isLinked":""},"_animation":"fadeInDown","align_tablet":"center","typography_line_height":{"unit":"em","size":"1","sizes":[]},"align_mobile":"center","typography_font_size_mobile":{"unit":"em","size":"2.1","sizes":[]}},"elements":[],"isInner":false,"widgetType":"heading","elType":"widget"},{"id":"7145a01f","settings":{"editor":"<p>We're Open Monday - Friday, 8AM - 5PM<\/p>","typography_typography":"custom","typography_font_weight":"700","typography_line_height":{"unit":"em","size":"1"},"align_tablet":"center","_margin":{"unit":"px","top":"-10","right":"0","bottom":"10","left":"6","isLinked":""},"_padding":{"unit":"px","top":"0","right":"0","bottom":"0","left":"0","isLinked":"1"},"align":"center","typography_font_size_mobile":{"unit":"em","size":"0.9","sizes":[]},"typography_font_family":"Muli","typography_font_size":{"unit":"rem","size":"1.2","sizes":[]}},"elements":[],"isInner":false,"widgetType":"text-editor","elType":"widget"}],"isInner":"","elType":"column"}],"isInner":"","elType":"section"},{"id":"69417d99","settings":{"padding":{"unit":"em","top":"3","right":"0","bottom":"4","left":"0","isLinked":""},"background_background":"classic","background_color":"#ffffff","padding_tablet":{"unit":"em","top":"6","right":"1","bottom":"0","left":"1","isLinked":""},"background_overlay_background":"classic","background_overlay_color":"#ffffff","background_overlay_opacity":{"unit":"px","size":"0.85","sizes":[]},"shape_divider_top":"split","shape_divider_top_color":"#ffffff","shape_divider_top_width":{"unit":"%","size":"300","sizes":[]},"shape_divider_top_height":{"unit":"px","size":"30","sizes":[]},"shape_divider_bottom_color":"#ffffff","shape_divider_bottom_width":{"unit":"%","size":"300","sizes":[]},"shape_divider_bottom_height":{"unit":"px","size":"30","sizes":[]},"padding_mobile":{"unit":"em","top":"4","right":"1","bottom":"2","left":"1","isLinked":""},"content_width":{"unit":"px","size":"800","sizes":[]}},"elements":[{"id":"21e9ac2b","settings":{"_column_size":"100","content_position":"center","align":"center","space_between_widgets":"10","padding":{"unit":"em","top":"0","right":"0","bottom":"0","left":"0","isLinked":""},"_inline_size_tablet":"100","padding_tablet":{"unit":"em","top":"0","right":"0","bottom":"0","left":"0","isLinked":""},"background_background":"classic","background_color":"#ffffff","border_width":{"unit":"px","top":"4","right":"4","bottom":"4","left":"4","isLinked":"1"},"border_color":"#efb6b6","border_radius":{"unit":"px","top":"35","right":"35","bottom":"35","left":"35","isLinked":"1"},"margin":{"unit":"px","top":"10","right":"10","bottom":"10","left":"10","isLinked":"1"},"margin_tablet":{"unit":"px","top":"0","right":"0","bottom":"80","left":"0","isLinked":""},"margin_mobile":{"unit":"px","top":"0","right":"0","bottom":"0","left":"0","isLinked":"1"},"padding_mobile":{"unit":"px","top":"0","right":"0","bottom":"0","left":"0","isLinked":"1"},"border_border":"dashed"},"elements":[{"id":"3efc8077","settings":{"icon":"fa fa-telegram","view":"stacked","primary_color":"#efb6b6","secondary_color":"#ffffff","size":{"unit":"px","size":"50","sizes":[]},"border_radius":{"unit":"px","top":"-2","right":"-2","bottom":"-2","left":"-2","isLinked":"1"},"_margin":{"unit":"px","top":"-60","right":"0","bottom":"0","left":"0","isLinked":""},"_border_color":"#ffffff"},"elements":[],"isInner":false,"widgetType":"icon","elType":"widget"},{"id":"13f4281b","settings":{"title":"Get In Touch!","align":"center","title_color":"#efb6b6","typography_typography":"custom","typography_font_family":"Comfortaa","typography_font_size":{"unit":"em","size":"2.4"},"typography_font_weight":"700","typography_font_size_tablet":{"unit":"px","size":"40"},"typography_letter_spacing":{"unit":"px","size":"-1.3"},"_margin":{"unit":"px","top":"0","right":"0","bottom":"0","left":"0","isLinked":""},"_animation":"fadeInDown","typography_line_height":{"unit":"em","size":"1","sizes":[]},"align_tablet":"center","align_mobile":"center","typography_font_size_mobile":{"unit":"em","size":"2.1","sizes":[]}},"elements":[],"isInner":false,"widgetType":"heading","elType":"widget"},{"id":"ab68b57","settings":{"editor":"<p>We're An Instagram-Friendly Cafe - Photo Away!<\/p>","typography_typography":"custom","typography_font_weight":"600","typography_line_height":{"unit":"em","size":"1","sizes":[]},"align_tablet":"center","_margin":{"unit":"px","top":"-10","right":"0","bottom":"20","left":"5","isLinked":""},"_padding":{"unit":"px","top":"0","right":"0","bottom":"0","left":"0","isLinked":"1"},"align":"center","typography_font_size_mobile":{"unit":"em","size":"0.9","sizes":[]},"typography_font_family":"Muli"},"elements":[],"isInner":false,"widgetType":"text-editor","elType":"widget"},{"id":"7af95dc5","settings":{"style":"dashed","weight":{"unit":"px","size":"3","sizes":[]},"color":"#efb6b6","width":{"unit":"%","size":"50","sizes":[]},"align":"center","gap":{"unit":"px","size":"6","sizes":[]},"text":"Divisor"},"elements":[],"isInner":false,"widgetType":"divider","elType":"widget"},{"id":"2642de93","settings":{"editor":"<p>Duis sed diam orci. Donec finibus libero id arcu ornare aliquet. Integer arcu nisi, ornare nec hendrerit vel, vulputate nec lorem. Maecenas\u00a0 dignissim urna at consequat. Maecenas lectus ullamcorper, finibus metus mattis, laoreet odio. Curabitur suscipit nec justo sed accumsan. Ut vehicula enim nulla, a condimentum est facilisis nec. <\/p>","text_color":"#9b9b9b","typography_typography":"custom","typography_font_family":"Muli","typography_font_size":{"unit":"em","size":"0.85"},"typography_font_weight":"500","typography_line_height":{"unit":"em","size":"1.5"},"align_mobile":"center","typography_font_size_mobile":{"unit":"rem","size":"0.9"},"align_tablet":"center","align":"center","_margin":{"unit":"px","top":"-20","right":"29","bottom":"15","left":"29","isLinked":""},"_padding":{"unit":"px","top":"0","right":"0","bottom":"0","left":"0","isLinked":"1"}},"elements":[],"isInner":false,"widgetType":"text-editor","elType":"widget"},{"id":"6d1de241","settings":{"form_name":"New Form","form_fields":[{"custom_id":"name","field_type":"text","field_label":"","placeholder":"Name","width":"100","_id":"23d4725","required":"","field_options":"","allow_multiple":"","select_size":"","inline_list":"","field_html":"","width_tablet":"","width_mobile":"","rows":"4","recaptcha_size":"normal","recaptcha_style":"light","css_classes":"","field_value":"","recaptcha_badge":"bottomright"},{"custom_id":"email","field_type":"email","required":"true","field_label":"","placeholder":"Email","width":"100","_id":"3a5564d","field_options":"","allow_multiple":"","select_size":"","inline_list":"","field_html":"","width_tablet":"","width_mobile":"","rows":"4","recaptcha_size":"normal","recaptcha_style":"light","css_classes":"","field_value":"","recaptcha_badge":"bottomright"},{"custom_id":"message","field_type":"textarea","field_label":"","placeholder":"Message","width":"100","_id":"62eeaa5","required":"","field_options":"","allow_multiple":"","select_size":"","inline_list":"","field_html":"","width_tablet":"","width_mobile":"","rows":"4","recaptcha_size":"normal","recaptcha_style":"light","css_classes":"","field_value":"","recaptcha_badge":"bottomright"},{"custom_id":"field_1","field_type":"text","field_label":"","placeholder":"Phone Number","width":"66","_id":"112c23d","required":"","field_options":"","allow_multiple":"","select_size":"","inline_list":"","field_html":"","width_tablet":"","width_mobile":"","rows":"4","recaptcha_size":"normal","recaptcha_style":"light","css_classes":"","field_value":"","recaptcha_badge":"bottomright"}],"button_text":"Send","button_width":"33","email_content":"[all-fields]","email_content_2":"[all-fields]","success_message":"The form was sent successfully.","error_message":"An error occured.","required_field_message":"This field is required.","invalid_message":"There's something wrong. The form is invalid.","label_color":"#000000","field_text_color":"#000000","field_typography_typography":"custom","field_typography_font_family":"Muli","field_background_color":"rgba(255,255,255,0.42)","field_border_color":"rgba(234,234,234,0.8)","field_border_radius":{"unit":"px","top":"5","right":"5","bottom":"5","left":"5","isLinked":"1"},"button_background_color":"#83d2ef","button_typography_typography":"custom","button_typography_font_family":"Encode Sans Expanded","button_typography_font_size":{"unit":"px","size":"13","sizes":[]},"button_typography_font_weight":"500","button_typography_letter_spacing":{"unit":"px","size":"1.3","sizes":[]},"button_border_radius":{"unit":"px","top":"0","right":"35","bottom":"0","left":"35","isLinked":""},"button_background_hover_color":"#00ebef","button_hover_animation":"push","_padding":{"unit":"em","top":"1","right":"1","bottom":"1","left":"1","isLinked":"1"}},"elements":[],"isInner":false,"widgetType":"form","elType":"widget"},{"id":"5d5c9d65","settings":{"structure":"50","border_width":{"unit":"px","top":"0","right":"0","bottom":"0","left":"0","isLinked":""},"border_color":"#e2e2e2","border_radius":{"unit":"px","top":"0","right":"0","bottom":"0","left":"0","isLinked":""},"margin":{"unit":"px","top":"-4","right":"0","bottom":"0","left":"0","isLinked":""}},"elements":[{"id":"75083cde","settings":{"_column_size":"20","_inline_size_tablet":"20","_inline_size_mobile":"20","margin":{"unit":"px","top":"0","right":"0","bottom":"0","left":"0","isLinked":""},"background_background":"classic","background_color":"#efb6b6","background_hover_background":"classic","background_hover_color":"#ef9494","background_hover_transition":{"unit":"px","size":"1","sizes":[]},"border_radius":{"unit":"px","top":"0","right":"0","bottom":"0","left":"30","isLinked":""}},"elements":[{"id":"19b95c9","settings":{"social_icon_list":[{"social":"fa fa-instagram","_id":"3766b87","link":{"url":"#","is_external":"true","nofollow":""},"social_icon":{"value":"fab fa-wordpress","library":"fa-brands"},"item_icon_color":"default","item_icon_primary_color":"","item_icon_secondary_color":""}],"shape":"circle","icon_color":"custom","icon_primary_color":"rgba(239,182,182,0)","icon_secondary_color":"#ffffff","hover_primary_color":"rgba(239,148,148,0)","hover_secondary_color":"#ffffff","_margin":{"unit":"px","top":"0","right":"0","bottom":"0","left":"0","isLinked":"1"},"_padding":{"unit":"px","top":"0","right":"0","bottom":"0","left":"0","isLinked":"1"}},"elements":[],"isInner":false,"widgetType":"social-icons","elType":"widget"}],"isInner":"1","elType":"column"},{"id":"1f8339ba","settings":{"_column_size":"20","_inline_size_tablet":"20","_inline_size_mobile":"20","margin":{"unit":"px","top":"0","right":"0","bottom":"0","left":"0","isLinked":""},"background_background":"classic","background_color":"#83d2ef","background_hover_background":"classic","background_hover_color":"#00ebef","background_hover_transition":{"unit":"px","size":"1","sizes":[]}},"elements":[{"id":"37732d95","settings":{"social_icon_list":[{"social":"fa fa-facebook","_id":"3766b87","link":{"url":"#","is_external":"true","nofollow":""},"social_icon":{"value":"fab fa-wordpress","library":"fa-brands"},"item_icon_color":"default","item_icon_primary_color":"","item_icon_secondary_color":""}],"shape":"circle","icon_color":"custom","icon_primary_color":"rgba(239,182,182,0)","icon_secondary_color":"#ffffff","hover_primary_color":"rgba(239,148,148,0)","hover_secondary_color":"#ffffff","_margin":{"unit":"px","top":"0","right":"0","bottom":"0","left":"0","isLinked":"1"},"_padding":{"unit":"px","top":"0","right":"0","bottom":"0","left":"0","isLinked":"1"}},"elements":[],"isInner":false,"widgetType":"social-icons","elType":"widget"}],"isInner":"1","elType":"column"},{"id":"6b6891bf","settings":{"_column_size":"20","_inline_size_tablet":"20","_inline_size_mobile":"20","margin":{"unit":"px","top":"0","right":"0","bottom":"0","left":"0","isLinked":""},"background_background":"classic","background_color":"#efb6b6","background_hover_background":"classic","background_hover_color":"#ef9494","background_hover_transition":{"unit":"px","size":"1","sizes":[]},"border_radius":{"unit":"px","top":"0","right":"0","bottom":"0","left":"0","isLinked":""}},"elements":[{"id":"7afbcc14","settings":{"social_icon_list":[{"social":"fa fa-skype","_id":"3766b87","link":{"url":"#","is_external":"true","nofollow":""},"social_icon":{"value":"fab fa-wordpress","library":"fa-brands"},"item_icon_color":"default","item_icon_primary_color":"","item_icon_secondary_color":""}],"shape":"circle","icon_color":"custom","icon_primary_color":"rgba(239,182,182,0)","icon_secondary_color":"#ffffff","hover_primary_color":"rgba(239,148,148,0)","hover_secondary_color":"#ffffff","_margin":{"unit":"px","top":"0","right":"0","bottom":"0","left":"0","isLinked":"1"},"_padding":{"unit":"px","top":"0","right":"0","bottom":"0","left":"0","isLinked":"1"}},"elements":[],"isInner":false,"widgetType":"social-icons","elType":"widget"}],"isInner":"1","elType":"column"},{"id":"7a79d585","settings":{"_column_size":"20","_inline_size_tablet":"20","_inline_size_mobile":"20","margin":{"unit":"px","top":"0","right":"0","bottom":"0","left":"0","isLinked":""},"background_background":"classic","background_color":"#83d2ef","background_hover_background":"classic","background_hover_color":"#00ebef","background_hover_transition":{"unit":"px","size":"1","sizes":[]}},"elements":[{"id":"582e2167","settings":{"social_icon_list":[{"social":"fa fa-yelp","_id":"3766b87","link":{"url":"","is_external":"true","nofollow":""},"social_icon":{"value":"fab fa-wordpress","library":"fa-brands"},"item_icon_color":"default","item_icon_primary_color":"","item_icon_secondary_color":""}],"shape":"circle","icon_color":"custom","icon_primary_color":"rgba(239,182,182,0)","icon_secondary_color":"#ffffff","hover_primary_color":"rgba(239,148,148,0)","hover_secondary_color":"#ffffff","_margin":{"unit":"px","top":"0","right":"0","bottom":"0","left":"0","isLinked":"1"},"_padding":{"unit":"px","top":"0","right":"0","bottom":"0","left":"0","isLinked":"1"}},"elements":[],"isInner":false,"widgetType":"social-icons","elType":"widget"}],"isInner":"1","elType":"column"},{"id":"7b74eea3","settings":{"_column_size":"20","_inline_size_tablet":"20","margin":{"unit":"px","top":"0","right":"0","bottom":"0","left":"0","isLinked":""},"_inline_size_mobile":"20","background_background":"classic","background_color":"#efb6b6","background_hover_background":"classic","background_hover_color":"#ef9494","background_hover_transition":{"unit":"px","size":"1","sizes":[]},"border_radius":{"unit":"px","top":"0","right":"0","bottom":"30","left":"0","isLinked":""}},"elements":[{"id":"45e7bd8","settings":{"social_icon_list":[{"social":"fa fa-whatsapp","_id":"3766b87","link":{"url":"#","is_external":"true","nofollow":""},"social_icon":{"value":"fab fa-wordpress","library":"fa-brands"},"item_icon_color":"default","item_icon_primary_color":"","item_icon_secondary_color":""}],"shape":"circle","icon_color":"custom","icon_primary_color":"rgba(239,182,182,0)","icon_secondary_color":"#ffffff","hover_primary_color":"rgba(239,148,148,0)","hover_secondary_color":"#ffffff","_margin":{"unit":"px","top":"0","right":"0","bottom":"0","left":"0","isLinked":"1"},"_padding":{"unit":"px","top":"0","right":"0","bottom":"0","left":"0","isLinked":"1"}},"elements":[],"isInner":false,"widgetType":"social-icons","elType":"widget"}],"isInner":"1","elType":"column"}],"isInner":"1","elType":"section"}],"isInner":"","elType":"column"}],"isInner":"","elType":"section"},{"id":"53cd191b","settings":{"gap":"extended","height":"min-height","custom_height":{"unit":"vh","size":"30"},"content_position":"middle","background_background":"classic","background_position":"center center","background_attachment":"fixed","background_size":"cover","background_overlay_color":"#000000","background_overlay_opacity":{"unit":"px","size":"0.19"},"shape_divider_bottom_width":{"unit":"%","size":"300"},"shape_divider_bottom_height":{"unit":"px","size":"30"},"background_video_fallback":{"url":"https:\/\/wp.envatoextensions.com\/kit-190\/wp-content\/uploads\/sites\/186\/2019\/08\/icons8-team-NtwdMDylfTw-unsplash-home-1.jpg","id":"13"},"custom_height_tablet":{"unit":"vh","size":"35"},"custom_height_mobile":{"unit":"px","size":"472"},"padding":{"unit":"em","top":"4","right":"0","bottom":"3","left":"0","isLinked":""},"html_tag":"header","shape_divider_top":"split","shape_divider_top_color":"#ffffff","shape_divider_top_width":{"unit":"%","size":"300","sizes":[]},"shape_divider_top_height":{"unit":"px","size":"30","sizes":[]},"shape_divider_bottom_color":"#ffffff","background_color":"#ef9494","background_repeat":"no-repeat","padding_mobile":{"unit":"em","top":"2","right":"1","bottom":"2","left":"1","isLinked":""}},"elements":[{"id":"7242c6b1","settings":{"_column_size":"100","space_between_widgets":"20","margin":{"unit":"px","top":"0","right":"0","bottom":"0","left":"0","isLinked":"1"},"padding":{"unit":"px","top":"0","right":"0","bottom":"0","left":"0","isLinked":"1"}},"elements":[{"id":"7b5170ac","settings":{"content_width":{"unit":"px","size":"665","sizes":[]},"margin":{"unit":"px","top":"0","right":"0","bottom":"0","left":"0","isLinked":"1"},"padding":{"unit":"px","top":"0","right":"0","bottom":"0","left":"0","isLinked":"1"}},"elements":[{"id":"2992d2ea","settings":{"_column_size":"100","space_between_widgets":"20"},"elements":[{"id":"17a58744","settings":{"title":"Indie Cafe","title_color":"#ffffff","typography_typography":"custom","typography_font_family":"Kaushan Script","typography_font_size":{"unit":"px","size":"55"},"typography_font_weight":"700","_margin":{"unit":"px","top":"0","right":"0","bottom":"-15","left":"0","isLinked":""},"align":"center","typography_letter_spacing":{"unit":"px","size":"-1.3"},"typography_font_size_tablet":{"unit":"px","size":"40"},"_animation":"fadeInDown"},"elements":[],"isInner":false,"widgetType":"heading","elType":"widget"},{"id":"3ced54bc","settings":{"title":"Navegue na Galeria","title_color":"#ffffff","typography_typography":"custom","typography_font_family":"Comfortaa","typography_font_size":{"unit":"em","size":"4.42"},"typography_font_weight":"700","_margin":{"unit":"px","top":"0","right":"0","bottom":"0","left":"0","isLinked":""},"typography_letter_spacing":{"unit":"px","size":"-1.3"},"typography_font_size_tablet":{"unit":"px","size":"50"},"_animation":"fadeInDown","_animation_delay":"200","align":"center","typography_font_size_mobile":{"unit":"em","size":"2.1","sizes":[]}},"elements":[],"isInner":false,"widgetType":"heading","elType":"widget"},{"id":"65fbc62f","settings":{"style":"dashed","weight":{"unit":"px","size":"3","sizes":[]},"color":"#efb6b6","width":{"unit":"%","size":"80","sizes":[]},"align":"center","gap":{"unit":"px","size":"2","sizes":[]},"_margin":{"unit":"px","top":"-12","right":"0","bottom":"0","left":"5","isLinked":""},"text":"Divisor"},"elements":[],"isInner":false,"widgetType":"divider","elType":"widget"},{"id":"4c59f954","settings":{"editor":"<p>Maecenas id vitae\u00a0 est non sapien consectetur sagittis facilisis vel ante. Quisque vitae tellus eget massa pellentesque sagittis .<\/p>","align":"center","typography_typography":"custom","typography_line_height":{"unit":"px","size":"25"},"_margin":{"unit":"px","top":"-30","right":"0","bottom":"0","left":"5","isLinked":""},"text_color":"#ffffff","hide_mobile":"hidden-phone","_animation":"fadeInUp","_animation_delay":"400","typography_font_weight":"700","_padding":{"unit":"em","top":"0","right":"0","bottom":"0","left":"0","isLinked":""},"typography_font_family":"Muli"},"elements":[],"isInner":false,"widgetType":"text-editor","elType":"widget"},{"id":"4ce2897f","settings":{"text":"Browse Gallery","align":"center","icon_indent":{"unit":"px","size":"0","sizes":[]},"typography_typography":"custom","typography_font_family":"Encode Sans Expanded","typography_font_size":{"unit":"em","size":"0.9","sizes":[]},"typography_font_weight":"500","typography_text_transform":"capitalize","button_text_color":"#ffffff","background_color":"#efb6b6","hover_color":"#ffffff","button_background_hover_color":"#efb6b6","hover_animation":"push","typography_line_height":{"unit":"em","size":"1","sizes":[]},"align_tablet":"center","text_padding":{"unit":"px","top":"20","right":"60","bottom":"20","left":"60","isLinked":""},"_margin":{"unit":"px","top":"0","right":"0","bottom":"0","left":"0","isLinked":""},"_padding":{"unit":"px","top":"0","right":"0","bottom":"0","left":"0","isLinked":""},"border_radius":{"unit":"px","top":"35","right":"0","bottom":"35","left":"0","isLinked":""}},"elements":[],"isInner":false,"widgetType":"button","elType":"widget"}],"isInner":"1","elType":"column"}],"isInner":"1","elType":"section"}],"isInner":"","elType":"column"}],"isInner":"","elType":"section"},{"id":"5e33101b","settings":{"layout":"full_width","gap":"no","margin":{"unit":"px","top":"0","right":"0","bottom":"0","left":"0","isLinked":"1"},"padding":{"unit":"px","top":"0","right":"0","bottom":"0","left":"0","isLinked":"1"},"padding_mobile":{"unit":"em","top":"0","right":"0","bottom":"0","left":"0","isLinked":"1"}},"elements":[{"id":"13144138","settings":{"_column_size":"100"},"elements":[{"id":"1bc15bd2","settings":{"wp_gallery":[{"id":"75","url":"http:\/\/sitefacilitado.com.br\/wp-content\/uploads\/2020\/02\/cake-gal-6-1.jpg"},{"id":"74","url":"http:\/\/sitefacilitado.com.br\/wp-content\/uploads\/2020\/02\/cake-gal-3-1.jpg"},{"id":"73","url":"http:\/\/sitefacilitado.com.br\/wp-content\/uploads\/2020\/02\/cake-gal-5-1.jpg"},{"id":"72","url":"http:\/\/sitefacilitado.com.br\/wp-content\/uploads\/2020\/02\/cake-gal-2-1.jpg"},{"id":"71","url":"http:\/\/sitefacilitado.com.br\/wp-content\/uploads\/2020\/02\/cake-gal-4-1.jpg"},{"id":"70","url":"http:\/\/sitefacilitado.com.br\/wp-content\/uploads\/2020\/02\/cake-gal-1-1.jpg"}],"thumbnail_size":"full","gallery_columns":"6","image_spacing":"custom","image_spacing_custom":{"unit":"px","size":"0","sizes":[]},"_margin":{"unit":"px","top":"0","right":"0","bottom":"0","left":"0","isLinked":"1"},"_padding":{"unit":"px","top":"0","right":"0","bottom":"0","left":"0","isLinked":"1"}},"elements":[],"isInner":false,"widgetType":"image-gallery","elType":"widget"}],"isInner":"","elType":"column"}],"isInner":"","elType":"section"}]}