{"version":"0.4","title":"Contabilidade 8","type":"page","content":[{"id":"10a06b0d","settings":{"background_background":"classic","background_image":{"url":"http:\/\/sitefacilitado.com.br\/membros\/wp-content\/uploads\/2020\/03\/image-from-rawpixel-id-580725-jpeg.jpg","id":"4795"},"background_position":"top left","background_repeat":"no-repeat","background_size":"cover","background_overlay_opacity":{"unit":"px","size":"0.5","sizes":[]},"padding":{"unit":"px","top":"100","right":"0","bottom":"100","left":"0","isLinked":""},"custom_height":{"unit":"px","size":"400","sizes":[]},"background_color":"#126bd1","background_color_stop":{"unit":"%","size":"0","sizes":[]},"background_color_b_stop":{"unit":"%","size":"100","sizes":[]},"background_gradient_angle":{"unit":"deg","size":"180","sizes":[]},"background_xpos":{"unit":"px","size":"0","sizes":[]},"background_xpos_tablet":{"unit":"px","size":"0","sizes":[]},"background_xpos_mobile":{"unit":"px","size":"0","sizes":[]},"background_ypos":{"unit":"px","size":"0","sizes":[]},"background_ypos_tablet":{"unit":"px","size":"0","sizes":[]},"background_ypos_mobile":{"unit":"px","size":"0","sizes":[]},"background_attachment":"fixed","background_bg_width":{"unit":"%","size":"100","sizes":[]},"background_hover_color_stop":{"unit":"%","size":"0","sizes":[]},"background_hover_color_b_stop":{"unit":"%","size":"100","sizes":[]},"background_hover_gradient_angle":{"unit":"deg","size":"180","sizes":[]},"background_hover_xpos":{"unit":"px","size":"0","sizes":[]},"background_hover_xpos_tablet":{"unit":"px","size":"0","sizes":[]},"background_hover_xpos_mobile":{"unit":"px","size":"0","sizes":[]},"background_hover_ypos":{"unit":"px","size":"0","sizes":[]},"background_hover_ypos_tablet":{"unit":"px","size":"0","sizes":[]},"background_hover_ypos_mobile":{"unit":"px","size":"0","sizes":[]},"background_hover_bg_width":{"unit":"%","size":"100","sizes":[]},"background_hover_transition":{"unit":"px","size":"0.3","sizes":[]},"background_overlay_color_stop":{"unit":"%","size":"0","sizes":[]},"background_overlay_color_b_stop":{"unit":"%","size":"100","sizes":[]},"background_overlay_gradient_angle":{"unit":"deg","size":"180","sizes":[]},"background_overlay_xpos":{"unit":"px","size":"0","sizes":[]},"background_overlay_xpos_tablet":{"unit":"px","size":"0","sizes":[]},"background_overlay_xpos_mobile":{"unit":"px","size":"0","sizes":[]},"background_overlay_ypos":{"unit":"px","size":"0","sizes":[]},"background_overlay_ypos_tablet":{"unit":"px","size":"0","sizes":[]},"background_overlay_ypos_mobile":{"unit":"px","size":"0","sizes":[]},"background_overlay_bg_width":{"unit":"%","size":"100","sizes":[]},"css_filters_blur":{"unit":"px","size":"0","sizes":[]},"css_filters_brightness":{"unit":"px","size":"100","sizes":[]},"css_filters_contrast":{"unit":"px","size":"100","sizes":[]},"css_filters_saturate":{"unit":"px","size":"100","sizes":[]},"css_filters_hue":{"unit":"px","size":"0","sizes":[]},"background_overlay_hover_color_stop":{"unit":"%","size":"0","sizes":[]},"background_overlay_hover_color_b_stop":{"unit":"%","size":"100","sizes":[]},"background_overlay_hover_gradient_angle":{"unit":"deg","size":"180","sizes":[]},"background_overlay_hover_xpos":{"unit":"px","size":"0","sizes":[]},"background_overlay_hover_xpos_tablet":{"unit":"px","size":"0","sizes":[]},"background_overlay_hover_xpos_mobile":{"unit":"px","size":"0","sizes":[]},"background_overlay_hover_ypos":{"unit":"px","size":"0","sizes":[]},"background_overlay_hover_ypos_tablet":{"unit":"px","size":"0","sizes":[]},"background_overlay_hover_ypos_mobile":{"unit":"px","size":"0","sizes":[]},"background_overlay_hover_bg_width":{"unit":"%","size":"100","sizes":[]},"background_overlay_hover_opacity":{"unit":"px","size":"0.5","sizes":[]},"css_filters_hover_blur":{"unit":"px","size":"0","sizes":[]},"css_filters_hover_brightness":{"unit":"px","size":"100","sizes":[]},"css_filters_hover_contrast":{"unit":"px","size":"100","sizes":[]},"css_filters_hover_saturate":{"unit":"px","size":"100","sizes":[]},"css_filters_hover_hue":{"unit":"px","size":"0","sizes":[]},"background_overlay_hover_transition":{"unit":"px","size":"0.3","sizes":[]},"border_hover_transition":{"unit":"px","size":"0.3","sizes":[]}},"elements":[{"id":"47a38efc","settings":{"_column_size":"100","space_between_widgets":"24","background_color_stop":{"unit":"%","size":"0","sizes":[]},"background_color_b_stop":{"unit":"%","size":"100","sizes":[]},"background_gradient_angle":{"unit":"deg","size":"180","sizes":[]},"background_xpos":{"unit":"px","size":"0","sizes":[]},"background_xpos_tablet":{"unit":"px","size":"0","sizes":[]},"background_xpos_mobile":{"unit":"px","size":"0","sizes":[]},"background_ypos":{"unit":"px","size":"0","sizes":[]},"background_ypos_tablet":{"unit":"px","size":"0","sizes":[]},"background_ypos_mobile":{"unit":"px","size":"0","sizes":[]},"background_bg_width":{"unit":"%","size":"100","sizes":[]},"background_hover_color_stop":{"unit":"%","size":"0","sizes":[]},"background_hover_color_b_stop":{"unit":"%","size":"100","sizes":[]},"background_hover_gradient_angle":{"unit":"deg","size":"180","sizes":[]},"background_hover_xpos":{"unit":"px","size":"0","sizes":[]},"background_hover_xpos_tablet":{"unit":"px","size":"0","sizes":[]},"background_hover_xpos_mobile":{"unit":"px","size":"0","sizes":[]},"background_hover_ypos":{"unit":"px","size":"0","sizes":[]},"background_hover_ypos_tablet":{"unit":"px","size":"0","sizes":[]},"background_hover_ypos_mobile":{"unit":"px","size":"0","sizes":[]},"background_hover_bg_width":{"unit":"%","size":"100","sizes":[]},"background_hover_transition":{"unit":"px","size":"0.3","sizes":[]},"background_overlay_color_stop":{"unit":"%","size":"0","sizes":[]},"background_overlay_color_b_stop":{"unit":"%","size":"100","sizes":[]},"background_overlay_gradient_angle":{"unit":"deg","size":"180","sizes":[]},"background_overlay_xpos":{"unit":"px","size":"0","sizes":[]},"background_overlay_xpos_tablet":{"unit":"px","size":"0","sizes":[]},"background_overlay_xpos_mobile":{"unit":"px","size":"0","sizes":[]},"background_overlay_ypos":{"unit":"px","size":"0","sizes":[]},"background_overlay_ypos_tablet":{"unit":"px","size":"0","sizes":[]},"background_overlay_ypos_mobile":{"unit":"px","size":"0","sizes":[]},"background_overlay_bg_width":{"unit":"%","size":"100","sizes":[]},"background_overlay_opacity":{"unit":"px","size":"0.5","sizes":[]},"css_filters_blur":{"unit":"px","size":"0","sizes":[]},"css_filters_brightness":{"unit":"px","size":"100","sizes":[]},"css_filters_contrast":{"unit":"px","size":"100","sizes":[]},"css_filters_saturate":{"unit":"px","size":"100","sizes":[]},"css_filters_hue":{"unit":"px","size":"0","sizes":[]},"background_overlay_hover_color_stop":{"unit":"%","size":"0","sizes":[]},"background_overlay_hover_color_b_stop":{"unit":"%","size":"100","sizes":[]},"background_overlay_hover_gradient_angle":{"unit":"deg","size":"180","sizes":[]},"background_overlay_hover_xpos":{"unit":"px","size":"0","sizes":[]},"background_overlay_hover_xpos_tablet":{"unit":"px","size":"0","sizes":[]},"background_overlay_hover_xpos_mobile":{"unit":"px","size":"0","sizes":[]},"background_overlay_hover_ypos":{"unit":"px","size":"0","sizes":[]},"background_overlay_hover_ypos_tablet":{"unit":"px","size":"0","sizes":[]},"background_overlay_hover_ypos_mobile":{"unit":"px","size":"0","sizes":[]},"background_overlay_hover_bg_width":{"unit":"%","size":"100","sizes":[]},"background_overlay_hover_opacity":{"unit":"px","size":"0.5","sizes":[]},"css_filters_hover_blur":{"unit":"px","size":"0","sizes":[]},"css_filters_hover_brightness":{"unit":"px","size":"100","sizes":[]},"css_filters_hover_contrast":{"unit":"px","size":"100","sizes":[]},"css_filters_hover_saturate":{"unit":"px","size":"100","sizes":[]},"css_filters_hover_hue":{"unit":"px","size":"0","sizes":[]},"background_overlay_hover_transition":{"unit":"px","size":"0.3","sizes":[]},"border_hover_transition":{"unit":"px","size":"0.3","sizes":[]}},"elements":[{"id":"b9a8f22","settings":{"title":"Service Detail","header_size":"h1","align":"center","title_color":"#1d2f52","typography_typography":"custom","typography_font_size":{"unit":"px","size":"56"},"align_tablet":"center","typography_font_family":"Volkhov","typography_font_size_mobile":{"unit":"px","size":"28"},"typography_font_weight":"700","typography_text_transform":"capitalize","typography_letter_spacing":{"unit":"px","size":"-2.2","sizes":[]},"_background_color_stop":{"unit":"%","size":"0","sizes":[]},"_background_color_b_stop":{"unit":"%","size":"100","sizes":[]},"_background_gradient_angle":{"unit":"deg","size":"180","sizes":[]},"_background_xpos":{"unit":"px","size":"0","sizes":[]},"_background_xpos_tablet":{"unit":"px","size":"0","sizes":[]},"_background_xpos_mobile":{"unit":"px","size":"0","sizes":[]},"_background_ypos":{"unit":"px","size":"0","sizes":[]},"_background_ypos_tablet":{"unit":"px","size":"0","sizes":[]},"_background_ypos_mobile":{"unit":"px","size":"0","sizes":[]},"_background_bg_width":{"unit":"%","size":"100","sizes":[]},"_background_hover_color_stop":{"unit":"%","size":"0","sizes":[]},"_background_hover_color_b_stop":{"unit":"%","size":"100","sizes":[]},"_background_hover_gradient_angle":{"unit":"deg","size":"180","sizes":[]},"_background_hover_xpos":{"unit":"px","size":"0","sizes":[]},"_background_hover_xpos_tablet":{"unit":"px","size":"0","sizes":[]},"_background_hover_xpos_mobile":{"unit":"px","size":"0","sizes":[]},"_background_hover_ypos":{"unit":"px","size":"0","sizes":[]},"_background_hover_ypos_tablet":{"unit":"px","size":"0","sizes":[]},"_background_hover_ypos_mobile":{"unit":"px","size":"0","sizes":[]},"_background_hover_bg_width":{"unit":"%","size":"100","sizes":[]}},"elements":[],"isInner":false,"widgetType":"heading","elType":"widget"}],"isInner":"","elType":"column"}],"isInner":"","elType":"section"},{"id":"3e57175d","settings":{"structure":"20","padding":{"unit":"px","top":"100","right":"0","bottom":"100","left":"0","isLinked":""},"content_width":{"unit":"px","size":"960","sizes":[]},"background_background":"classic","background_color":"#ffffff"},"elements":[{"id":"4d96b640","settings":{"_column_size":"50","_inline_size":"25"},"elements":[{"id":"70b5134b","settings":{"background_background":"classic","background_color":"#f8f8f9","margin":{"unit":"px","top":"0","right":"0","bottom":"0","left":"0","isLinked":"1"},"padding":{"unit":"px","top":"0","right":"0","bottom":"0","left":"0","isLinked":"1"}},"elements":[{"id":"6da5a9d0","settings":{"_column_size":"100"},"elements":[{"id":"45fa0c39","settings":{"icon_list":[{"text":"Tax Services","icon":"fa fa-fax","_id":"e1499a5","link":{"url":"","is_external":"","nofollow":""},"selected_icon":{"value":"fas fa-check","library":"fa-solid"}},{"text":"Business Filing","icon":"fa fa-briefcase","_id":"8d61a1d","link":{"url":"","is_external":"","nofollow":""},"selected_icon":{"value":"fas fa-check","library":"fa-solid"}},{"text":"General Finance","icon":"fa fa-dollar","_id":"00076cd","link":{"url":"","is_external":"","nofollow":""},"selected_icon":{"value":"fas fa-check","library":"fa-solid"}},{"text":"Forensic Accounting","icon":"fa fa-eye","_id":"60ea76b","link":{"url":"","is_external":"","nofollow":""},"selected_icon":{"value":"fas fa-check","library":"fa-solid"}}],"space_between":{"unit":"px","size":"15"},"icon_align":"left","divider":"yes","divider_weight":{"unit":"px","size":"1","sizes":[]},"divider_width":{"unit":"%","size":"93","sizes":[]},"divider_color":"rgba(168,175,193,0.29)","icon_color":"#ff482f","icon_size":{"unit":"px","size":"12"},"text_color":"#1d2f52","text_color_hover":"#ff482f","text_indent":{"unit":"px","size":"12","sizes":[]},"icon_typography_typography":"custom","icon_typography_font_family":"Work Sans","icon_typography_font_size":{"unit":"rem","size":"0.9","sizes":[]},"icon_typography_line_height":{"unit":"em","size":"1.5"},"_margin":{"unit":"px","top":"0","right":"0","bottom":"28","left":"0","isLinked":""},"_background_color_stop":{"unit":"%","size":"0","sizes":[]},"_background_color_b_stop":{"unit":"%","size":"100","sizes":[]},"_background_gradient_angle":{"unit":"deg","size":"180","sizes":[]},"_background_xpos":{"unit":"px","size":"0","sizes":[]},"_background_xpos_tablet":{"unit":"px","size":"0","sizes":[]},"_background_xpos_mobile":{"unit":"px","size":"0","sizes":[]},"_background_ypos":{"unit":"px","size":"0","sizes":[]},"_background_ypos_tablet":{"unit":"px","size":"0","sizes":[]},"_background_ypos_mobile":{"unit":"px","size":"0","sizes":[]},"_background_bg_width":{"unit":"%","size":"100","sizes":[]},"_background_hover_color_stop":{"unit":"%","size":"0","sizes":[]},"_background_hover_color_b_stop":{"unit":"%","size":"100","sizes":[]},"_background_hover_gradient_angle":{"unit":"deg","size":"180","sizes":[]},"_background_hover_xpos":{"unit":"px","size":"0","sizes":[]},"_background_hover_xpos_tablet":{"unit":"px","size":"0","sizes":[]},"_background_hover_xpos_mobile":{"unit":"px","size":"0","sizes":[]},"_background_hover_ypos":{"unit":"px","size":"0","sizes":[]},"_background_hover_ypos_tablet":{"unit":"px","size":"0","sizes":[]},"_background_hover_ypos_mobile":{"unit":"px","size":"0","sizes":[]},"_background_hover_bg_width":{"unit":"%","size":"100","sizes":[]}},"elements":[],"isInner":false,"widgetType":"icon-list","elType":"widget"}],"isInner":"1","elType":"column"}],"isInner":"1","elType":"section"},{"id":"3473f2c7","settings":{"animation":"fadeIn","animation_duration":"slow","custom_height_inner":{"unit":"px","size":"400","sizes":[]},"background_color_stop":{"unit":"%","size":"0","sizes":[]},"background_color_b_stop":{"unit":"%","size":"100","sizes":[]},"background_gradient_angle":{"unit":"deg","size":"180","sizes":[]},"background_xpos":{"unit":"px","size":"0","sizes":[]},"background_xpos_tablet":{"unit":"px","size":"0","sizes":[]},"background_xpos_mobile":{"unit":"px","size":"0","sizes":[]},"background_ypos":{"unit":"px","size":"0","sizes":[]},"background_ypos_tablet":{"unit":"px","size":"0","sizes":[]},"background_ypos_mobile":{"unit":"px","size":"0","sizes":[]},"background_bg_width":{"unit":"%","size":"100","sizes":[]},"background_hover_color_stop":{"unit":"%","size":"0","sizes":[]},"background_hover_color_b_stop":{"unit":"%","size":"100","sizes":[]},"background_hover_gradient_angle":{"unit":"deg","size":"180","sizes":[]},"background_hover_xpos":{"unit":"px","size":"0","sizes":[]},"background_hover_xpos_tablet":{"unit":"px","size":"0","sizes":[]},"background_hover_xpos_mobile":{"unit":"px","size":"0","sizes":[]},"background_hover_ypos":{"unit":"px","size":"0","sizes":[]},"background_hover_ypos_tablet":{"unit":"px","size":"0","sizes":[]},"background_hover_ypos_mobile":{"unit":"px","size":"0","sizes":[]},"background_hover_bg_width":{"unit":"%","size":"100","sizes":[]},"background_hover_transition":{"unit":"px","size":"0.3","sizes":[]},"background_overlay_color_stop":{"unit":"%","size":"0","sizes":[]},"background_overlay_color_b_stop":{"unit":"%","size":"100","sizes":[]},"background_overlay_gradient_angle":{"unit":"deg","size":"180","sizes":[]},"background_overlay_xpos":{"unit":"px","size":"0","sizes":[]},"background_overlay_xpos_tablet":{"unit":"px","size":"0","sizes":[]},"background_overlay_xpos_mobile":{"unit":"px","size":"0","sizes":[]},"background_overlay_ypos":{"unit":"px","size":"0","sizes":[]},"background_overlay_ypos_tablet":{"unit":"px","size":"0","sizes":[]},"background_overlay_ypos_mobile":{"unit":"px","size":"0","sizes":[]},"background_overlay_bg_width":{"unit":"%","size":"100","sizes":[]},"background_overlay_opacity":{"unit":"px","size":"0.5","sizes":[]},"css_filters_blur":{"unit":"px","size":"0","sizes":[]},"css_filters_brightness":{"unit":"px","size":"100","sizes":[]},"css_filters_contrast":{"unit":"px","size":"100","sizes":[]},"css_filters_saturate":{"unit":"px","size":"100","sizes":[]},"css_filters_hue":{"unit":"px","size":"0","sizes":[]},"background_overlay_hover_color_stop":{"unit":"%","size":"0","sizes":[]},"background_overlay_hover_color_b_stop":{"unit":"%","size":"100","sizes":[]},"background_overlay_hover_gradient_angle":{"unit":"deg","size":"180","sizes":[]},"background_overlay_hover_xpos":{"unit":"px","size":"0","sizes":[]},"background_overlay_hover_xpos_tablet":{"unit":"px","size":"0","sizes":[]},"background_overlay_hover_xpos_mobile":{"unit":"px","size":"0","sizes":[]},"background_overlay_hover_ypos":{"unit":"px","size":"0","sizes":[]},"background_overlay_hover_ypos_tablet":{"unit":"px","size":"0","sizes":[]},"background_overlay_hover_ypos_mobile":{"unit":"px","size":"0","sizes":[]},"background_overlay_hover_bg_width":{"unit":"%","size":"100","sizes":[]},"background_overlay_hover_opacity":{"unit":"px","size":"0.5","sizes":[]},"css_filters_hover_blur":{"unit":"px","size":"0","sizes":[]},"css_filters_hover_brightness":{"unit":"px","size":"100","sizes":[]},"css_filters_hover_contrast":{"unit":"px","size":"100","sizes":[]},"css_filters_hover_saturate":{"unit":"px","size":"100","sizes":[]},"css_filters_hover_hue":{"unit":"px","size":"0","sizes":[]},"background_overlay_hover_transition":{"unit":"px","size":"0.3","sizes":[]},"border_hover_transition":{"unit":"px","size":"0.3","sizes":[]}},"elements":[{"id":"5d4801c","settings":{"_column_size":"100","space_between_widgets":"10","margin_mobile":{"unit":"px","top":"0","right":"0","bottom":"40","left":"0","isLinked":""},"background_color_stop":{"unit":"%","size":"0","sizes":[]},"background_color_b_stop":{"unit":"%","size":"100","sizes":[]},"background_gradient_angle":{"unit":"deg","size":"180","sizes":[]},"background_xpos":{"unit":"px","size":"0","sizes":[]},"background_xpos_tablet":{"unit":"px","size":"0","sizes":[]},"background_xpos_mobile":{"unit":"px","size":"0","sizes":[]},"background_ypos":{"unit":"px","size":"0","sizes":[]},"background_ypos_tablet":{"unit":"px","size":"0","sizes":[]},"background_ypos_mobile":{"unit":"px","size":"0","sizes":[]},"background_bg_width":{"unit":"%","size":"100","sizes":[]},"background_hover_color_stop":{"unit":"%","size":"0","sizes":[]},"background_hover_color_b_stop":{"unit":"%","size":"100","sizes":[]},"background_hover_gradient_angle":{"unit":"deg","size":"180","sizes":[]},"background_hover_xpos":{"unit":"px","size":"0","sizes":[]},"background_hover_xpos_tablet":{"unit":"px","size":"0","sizes":[]},"background_hover_xpos_mobile":{"unit":"px","size":"0","sizes":[]},"background_hover_ypos":{"unit":"px","size":"0","sizes":[]},"background_hover_ypos_tablet":{"unit":"px","size":"0","sizes":[]},"background_hover_ypos_mobile":{"unit":"px","size":"0","sizes":[]},"background_hover_bg_width":{"unit":"%","size":"100","sizes":[]},"background_hover_transition":{"unit":"px","size":"0.3","sizes":[]},"background_overlay_color_stop":{"unit":"%","size":"0","sizes":[]},"background_overlay_color_b_stop":{"unit":"%","size":"100","sizes":[]},"background_overlay_gradient_angle":{"unit":"deg","size":"180","sizes":[]},"background_overlay_xpos":{"unit":"px","size":"0","sizes":[]},"background_overlay_xpos_tablet":{"unit":"px","size":"0","sizes":[]},"background_overlay_xpos_mobile":{"unit":"px","size":"0","sizes":[]},"background_overlay_ypos":{"unit":"px","size":"0","sizes":[]},"background_overlay_ypos_tablet":{"unit":"px","size":"0","sizes":[]},"background_overlay_ypos_mobile":{"unit":"px","size":"0","sizes":[]},"background_overlay_bg_width":{"unit":"%","size":"100","sizes":[]},"background_overlay_opacity":{"unit":"px","size":"0.5","sizes":[]},"css_filters_blur":{"unit":"px","size":"0","sizes":[]},"css_filters_brightness":{"unit":"px","size":"100","sizes":[]},"css_filters_contrast":{"unit":"px","size":"100","sizes":[]},"css_filters_saturate":{"unit":"px","size":"100","sizes":[]},"css_filters_hue":{"unit":"px","size":"0","sizes":[]},"background_overlay_hover_color_stop":{"unit":"%","size":"0","sizes":[]},"background_overlay_hover_color_b_stop":{"unit":"%","size":"100","sizes":[]},"background_overlay_hover_gradient_angle":{"unit":"deg","size":"180","sizes":[]},"background_overlay_hover_xpos":{"unit":"px","size":"0","sizes":[]},"background_overlay_hover_xpos_tablet":{"unit":"px","size":"0","sizes":[]},"background_overlay_hover_xpos_mobile":{"unit":"px","size":"0","sizes":[]},"background_overlay_hover_ypos":{"unit":"px","size":"0","sizes":[]},"background_overlay_hover_ypos_tablet":{"unit":"px","size":"0","sizes":[]},"background_overlay_hover_ypos_mobile":{"unit":"px","size":"0","sizes":[]},"background_overlay_hover_bg_width":{"unit":"%","size":"100","sizes":[]},"background_overlay_hover_opacity":{"unit":"px","size":"0.5","sizes":[]},"css_filters_hover_blur":{"unit":"px","size":"0","sizes":[]},"css_filters_hover_brightness":{"unit":"px","size":"100","sizes":[]},"css_filters_hover_contrast":{"unit":"px","size":"100","sizes":[]},"css_filters_hover_saturate":{"unit":"px","size":"100","sizes":[]},"css_filters_hover_hue":{"unit":"px","size":"0","sizes":[]},"background_overlay_hover_transition":{"unit":"px","size":"0.3","sizes":[]},"border_hover_transition":{"unit":"px","size":"0.3","sizes":[]}},"elements":[{"id":"352ffe0e","settings":{"image":{"url":"http:\/\/sitefacilitado.com.br\/membros\/wp-content\/uploads\/2020\/03\/adult-businesswoman-coffee-265036.jpg","id":"4819"},"width":{"unit":"%","size":"100"},"image_border_radius":{"unit":"px","top":"5","right":"5","bottom":"5","left":"5","isLinked":"1"},"css_filters_blur":{"unit":"px","size":"0","sizes":[]},"css_filters_brightness":{"unit":"px","size":"100","sizes":[]},"css_filters_contrast":{"unit":"px","size":"100","sizes":[]},"css_filters_saturate":{"unit":"px","size":"100","sizes":[]},"css_filters_hue":{"unit":"px","size":"0","sizes":[]},"css_filters_hover_blur":{"unit":"px","size":"0","sizes":[]},"css_filters_hover_brightness":{"unit":"px","size":"100","sizes":[]},"css_filters_hover_contrast":{"unit":"px","size":"100","sizes":[]},"css_filters_hover_saturate":{"unit":"px","size":"100","sizes":[]},"css_filters_hover_hue":{"unit":"px","size":"0","sizes":[]},"_background_color_stop":{"unit":"%","size":"0","sizes":[]},"_background_color_b_stop":{"unit":"%","size":"100","sizes":[]},"_background_gradient_angle":{"unit":"deg","size":"180","sizes":[]},"_background_xpos":{"unit":"px","size":"0","sizes":[]},"_background_xpos_tablet":{"unit":"px","size":"0","sizes":[]},"_background_xpos_mobile":{"unit":"px","size":"0","sizes":[]},"_background_ypos":{"unit":"px","size":"0","sizes":[]},"_background_ypos_tablet":{"unit":"px","size":"0","sizes":[]},"_background_ypos_mobile":{"unit":"px","size":"0","sizes":[]},"_background_bg_width":{"unit":"%","size":"100","sizes":[]},"_background_hover_color_stop":{"unit":"%","size":"0","sizes":[]},"_background_hover_color_b_stop":{"unit":"%","size":"100","sizes":[]},"_background_hover_gradient_angle":{"unit":"deg","size":"180","sizes":[]},"_background_hover_xpos":{"unit":"px","size":"0","sizes":[]},"_background_hover_xpos_tablet":{"unit":"px","size":"0","sizes":[]},"_background_hover_xpos_mobile":{"unit":"px","size":"0","sizes":[]},"_background_hover_ypos":{"unit":"px","size":"0","sizes":[]},"_background_hover_ypos_tablet":{"unit":"px","size":"0","sizes":[]},"_background_hover_ypos_mobile":{"unit":"px","size":"0","sizes":[]},"_background_hover_bg_width":{"unit":"%","size":"100","sizes":[]}},"elements":[],"isInner":false,"widgetType":"image","elType":"widget"},{"id":"a9e3d45","settings":{"title":"Call us Today","header_size":"h5","title_color":"#ff482f","typography_typography":"custom","_margin":{"unit":"px","top":"24","right":"0","bottom":"0","left":"0","isLinked":""},"typography_font_family":"Work Sans","typography_text_transform":"uppercase","_background_color_stop":{"unit":"%","size":"0","sizes":[]},"_background_color_b_stop":{"unit":"%","size":"100","sizes":[]},"_background_gradient_angle":{"unit":"deg","size":"180","sizes":[]},"_background_xpos":{"unit":"px","size":"0","sizes":[]},"_background_xpos_tablet":{"unit":"px","size":"0","sizes":[]},"_background_xpos_mobile":{"unit":"px","size":"0","sizes":[]},"_background_ypos":{"unit":"px","size":"0","sizes":[]},"_background_ypos_tablet":{"unit":"px","size":"0","sizes":[]},"_background_ypos_mobile":{"unit":"px","size":"0","sizes":[]},"_background_bg_width":{"unit":"%","size":"100","sizes":[]},"_background_hover_color_stop":{"unit":"%","size":"0","sizes":[]},"_background_hover_color_b_stop":{"unit":"%","size":"100","sizes":[]},"_background_hover_gradient_angle":{"unit":"deg","size":"180","sizes":[]},"_background_hover_xpos":{"unit":"px","size":"0","sizes":[]},"_background_hover_xpos_tablet":{"unit":"px","size":"0","sizes":[]},"_background_hover_xpos_mobile":{"unit":"px","size":"0","sizes":[]},"_background_hover_ypos":{"unit":"px","size":"0","sizes":[]},"_background_hover_ypos_tablet":{"unit":"px","size":"0","sizes":[]},"_background_hover_ypos_mobile":{"unit":"px","size":"0","sizes":[]},"_background_hover_bg_width":{"unit":"%","size":"100","sizes":[]}},"elements":[],"isInner":false,"widgetType":"heading","elType":"widget"},{"id":"351a52c0","settings":{"title":"+1 213 456 7890","header_size":"h4","typography_typography":"custom","typography_font_size":{"unit":"px","size":"18"},"title_color":"#1d2f52","typography_font_family":"Work Sans","typography_font_weight":"600","_background_color_stop":{"unit":"%","size":"0","sizes":[]},"_background_color_b_stop":{"unit":"%","size":"100","sizes":[]},"_background_gradient_angle":{"unit":"deg","size":"180","sizes":[]},"_background_xpos":{"unit":"px","size":"0","sizes":[]},"_background_xpos_tablet":{"unit":"px","size":"0","sizes":[]},"_background_xpos_mobile":{"unit":"px","size":"0","sizes":[]},"_background_ypos":{"unit":"px","size":"0","sizes":[]},"_background_ypos_tablet":{"unit":"px","size":"0","sizes":[]},"_background_ypos_mobile":{"unit":"px","size":"0","sizes":[]},"_background_bg_width":{"unit":"%","size":"100","sizes":[]},"_background_hover_color_stop":{"unit":"%","size":"0","sizes":[]},"_background_hover_color_b_stop":{"unit":"%","size":"100","sizes":[]},"_background_hover_gradient_angle":{"unit":"deg","size":"180","sizes":[]},"_background_hover_xpos":{"unit":"px","size":"0","sizes":[]},"_background_hover_xpos_tablet":{"unit":"px","size":"0","sizes":[]},"_background_hover_xpos_mobile":{"unit":"px","size":"0","sizes":[]},"_background_hover_ypos":{"unit":"px","size":"0","sizes":[]},"_background_hover_ypos_tablet":{"unit":"px","size":"0","sizes":[]},"_background_hover_ypos_mobile":{"unit":"px","size":"0","sizes":[]},"_background_hover_bg_width":{"unit":"%","size":"100","sizes":[]}},"elements":[],"isInner":false,"widgetType":"heading","elType":"widget"},{"id":"17be02d","settings":{"editor":"<p>I am text block. Click edit button to change this text. Lorem ipsum dolor sit amet, consectetur<\/p>","_margin":{"unit":"px","top":"0","right":"0","bottom":"24","left":"0","isLinked":""},"typography_typography":"custom","typography_line_height":{"unit":"em","size":"1.5"},"text_color":"#606a7c","typography_font_family":"Work Sans","typography_font_size":{"unit":"rem","size":"0.9","sizes":[]},"drop_cap_size":{"unit":"px","size":"5","sizes":[]},"drop_cap_space":{"unit":"px","size":"10","sizes":[]},"_background_color_stop":{"unit":"%","size":"0","sizes":[]},"_background_color_b_stop":{"unit":"%","size":"100","sizes":[]},"_background_gradient_angle":{"unit":"deg","size":"180","sizes":[]},"_background_xpos":{"unit":"px","size":"0","sizes":[]},"_background_xpos_tablet":{"unit":"px","size":"0","sizes":[]},"_background_xpos_mobile":{"unit":"px","size":"0","sizes":[]},"_background_ypos":{"unit":"px","size":"0","sizes":[]},"_background_ypos_tablet":{"unit":"px","size":"0","sizes":[]},"_background_ypos_mobile":{"unit":"px","size":"0","sizes":[]},"_background_bg_width":{"unit":"%","size":"100","sizes":[]},"_background_hover_color_stop":{"unit":"%","size":"0","sizes":[]},"_background_hover_color_b_stop":{"unit":"%","size":"100","sizes":[]},"_background_hover_gradient_angle":{"unit":"deg","size":"180","sizes":[]},"_background_hover_xpos":{"unit":"px","size":"0","sizes":[]},"_background_hover_xpos_tablet":{"unit":"px","size":"0","sizes":[]},"_background_hover_xpos_mobile":{"unit":"px","size":"0","sizes":[]},"_background_hover_ypos":{"unit":"px","size":"0","sizes":[]},"_background_hover_ypos_tablet":{"unit":"px","size":"0","sizes":[]},"_background_hover_ypos_mobile":{"unit":"px","size":"0","sizes":[]},"_background_hover_bg_width":{"unit":"%","size":"100","sizes":[]}},"elements":[],"isInner":false,"widgetType":"text-editor","elType":"widget"},{"id":"3b02bdad","settings":{"social_icon_list":[{"social":"fa fa-facebook","_id":"20bc11e","link":{"url":"","is_external":"true","nofollow":""},"social_icon":{"value":"fab fa-wordpress","library":"fa-brands"},"item_icon_color":"default","item_icon_primary_color":"","item_icon_secondary_color":""},{"social":"fa fa-twitter","_id":"535c4cf","link":{"url":"","is_external":"true","nofollow":""},"social_icon":{"value":"fab fa-wordpress","library":"fa-brands"},"item_icon_color":"default","item_icon_primary_color":"","item_icon_secondary_color":""},{"social":"fa fa-linkedin","link":{"url":"","is_external":"true","nofollow":""},"_id":"86c6b5b","social_icon":{"value":"fab fa-wordpress","library":"fa-brands"},"item_icon_color":"default","item_icon_primary_color":"","item_icon_secondary_color":""}],"shape":"circle","align":"left","icon_size":{"unit":"px","size":"14"},"_background_color_stop":{"unit":"%","size":"0","sizes":[]},"_background_color_b_stop":{"unit":"%","size":"100","sizes":[]},"_background_gradient_angle":{"unit":"deg","size":"180","sizes":[]},"_background_xpos":{"unit":"px","size":"0","sizes":[]},"_background_xpos_tablet":{"unit":"px","size":"0","sizes":[]},"_background_xpos_mobile":{"unit":"px","size":"0","sizes":[]},"_background_ypos":{"unit":"px","size":"0","sizes":[]},"_background_ypos_tablet":{"unit":"px","size":"0","sizes":[]},"_background_ypos_mobile":{"unit":"px","size":"0","sizes":[]},"_background_bg_width":{"unit":"%","size":"100","sizes":[]},"_background_hover_color_stop":{"unit":"%","size":"0","sizes":[]},"_background_hover_color_b_stop":{"unit":"%","size":"100","sizes":[]},"_background_hover_gradient_angle":{"unit":"deg","size":"180","sizes":[]},"_background_hover_xpos":{"unit":"px","size":"0","sizes":[]},"_background_hover_xpos_tablet":{"unit":"px","size":"0","sizes":[]},"_background_hover_xpos_mobile":{"unit":"px","size":"0","sizes":[]},"_background_hover_ypos":{"unit":"px","size":"0","sizes":[]},"_background_hover_ypos_tablet":{"unit":"px","size":"0","sizes":[]},"_background_hover_ypos_mobile":{"unit":"px","size":"0","sizes":[]},"_background_hover_bg_width":{"unit":"%","size":"100","sizes":[]}},"elements":[],"isInner":false,"widgetType":"social-icons","elType":"widget"}],"isInner":"1","elType":"column"}],"isInner":"1","elType":"section"}],"isInner":"","elType":"column"},{"id":"3ddcd139","settings":{"_column_size":"50","_inline_size":"75","space_between_widgets":"34","_inline_size_tablet":"80","background_color_stop":{"unit":"%","size":"0","sizes":[]},"background_color_b_stop":{"unit":"%","size":"100","sizes":[]},"background_gradient_angle":{"unit":"deg","size":"180","sizes":[]},"background_xpos":{"unit":"px","size":"0","sizes":[]},"background_xpos_tablet":{"unit":"px","size":"0","sizes":[]},"background_xpos_mobile":{"unit":"px","size":"0","sizes":[]},"background_ypos":{"unit":"px","size":"0","sizes":[]},"background_ypos_tablet":{"unit":"px","size":"0","sizes":[]},"background_ypos_mobile":{"unit":"px","size":"0","sizes":[]},"background_bg_width":{"unit":"%","size":"100","sizes":[]},"background_hover_color_stop":{"unit":"%","size":"0","sizes":[]},"background_hover_color_b_stop":{"unit":"%","size":"100","sizes":[]},"background_hover_gradient_angle":{"unit":"deg","size":"180","sizes":[]},"background_hover_xpos":{"unit":"px","size":"0","sizes":[]},"background_hover_xpos_tablet":{"unit":"px","size":"0","sizes":[]},"background_hover_xpos_mobile":{"unit":"px","size":"0","sizes":[]},"background_hover_ypos":{"unit":"px","size":"0","sizes":[]},"background_hover_ypos_tablet":{"unit":"px","size":"0","sizes":[]},"background_hover_ypos_mobile":{"unit":"px","size":"0","sizes":[]},"background_hover_bg_width":{"unit":"%","size":"100","sizes":[]},"background_hover_transition":{"unit":"px","size":"0.3","sizes":[]},"background_overlay_color_stop":{"unit":"%","size":"0","sizes":[]},"background_overlay_color_b_stop":{"unit":"%","size":"100","sizes":[]},"background_overlay_gradient_angle":{"unit":"deg","size":"180","sizes":[]},"background_overlay_xpos":{"unit":"px","size":"0","sizes":[]},"background_overlay_xpos_tablet":{"unit":"px","size":"0","sizes":[]},"background_overlay_xpos_mobile":{"unit":"px","size":"0","sizes":[]},"background_overlay_ypos":{"unit":"px","size":"0","sizes":[]},"background_overlay_ypos_tablet":{"unit":"px","size":"0","sizes":[]},"background_overlay_ypos_mobile":{"unit":"px","size":"0","sizes":[]},"background_overlay_bg_width":{"unit":"%","size":"100","sizes":[]},"background_overlay_opacity":{"unit":"px","size":"0.5","sizes":[]},"css_filters_blur":{"unit":"px","size":"0","sizes":[]},"css_filters_brightness":{"unit":"px","size":"100","sizes":[]},"css_filters_contrast":{"unit":"px","size":"100","sizes":[]},"css_filters_saturate":{"unit":"px","size":"100","sizes":[]},"css_filters_hue":{"unit":"px","size":"0","sizes":[]},"background_overlay_hover_color_stop":{"unit":"%","size":"0","sizes":[]},"background_overlay_hover_color_b_stop":{"unit":"%","size":"100","sizes":[]},"background_overlay_hover_gradient_angle":{"unit":"deg","size":"180","sizes":[]},"background_overlay_hover_xpos":{"unit":"px","size":"0","sizes":[]},"background_overlay_hover_xpos_tablet":{"unit":"px","size":"0","sizes":[]},"background_overlay_hover_xpos_mobile":{"unit":"px","size":"0","sizes":[]},"background_overlay_hover_ypos":{"unit":"px","size":"0","sizes":[]},"background_overlay_hover_ypos_tablet":{"unit":"px","size":"0","sizes":[]},"background_overlay_hover_ypos_mobile":{"unit":"px","size":"0","sizes":[]},"background_overlay_hover_bg_width":{"unit":"%","size":"100","sizes":[]},"background_overlay_hover_opacity":{"unit":"px","size":"0.5","sizes":[]},"css_filters_hover_blur":{"unit":"px","size":"0","sizes":[]},"css_filters_hover_brightness":{"unit":"px","size":"100","sizes":[]},"css_filters_hover_contrast":{"unit":"px","size":"100","sizes":[]},"css_filters_hover_saturate":{"unit":"px","size":"100","sizes":[]},"css_filters_hover_hue":{"unit":"px","size":"0","sizes":[]},"background_overlay_hover_transition":{"unit":"px","size":"0.3","sizes":[]},"border_hover_transition":{"unit":"px","size":"0.3","sizes":[]},"padding":{"unit":"em","top":"0","right":"0","bottom":"0","left":"2","isLinked":""}},"elements":[{"id":"6a6c17b4","settings":{"editor":"Lorem Ipsum is simply dummy text of the printing and typesetting industry. Lorem Ipsum has been the industry's standard dummy text ever since the 1500s.","typography_typography":"custom","typography_font_size":{"unit":"px","size":"20"},"typography_line_height":{"unit":"em","size":"1.5"},"text_color":"#606a7c","typography_font_family":"Volkhov","typography_font_weight":"400","typography_font_style":"italic","drop_cap_size":{"unit":"px","size":"5","sizes":[]},"drop_cap_space":{"unit":"px","size":"10","sizes":[]},"_background_color_stop":{"unit":"%","size":"0","sizes":[]},"_background_color_b_stop":{"unit":"%","size":"100","sizes":[]},"_background_gradient_angle":{"unit":"deg","size":"180","sizes":[]},"_background_xpos":{"unit":"px","size":"0","sizes":[]},"_background_xpos_tablet":{"unit":"px","size":"0","sizes":[]},"_background_xpos_mobile":{"unit":"px","size":"0","sizes":[]},"_background_ypos":{"unit":"px","size":"0","sizes":[]},"_background_ypos_tablet":{"unit":"px","size":"0","sizes":[]},"_background_ypos_mobile":{"unit":"px","size":"0","sizes":[]},"_background_bg_width":{"unit":"%","size":"100","sizes":[]},"_background_hover_color_stop":{"unit":"%","size":"0","sizes":[]},"_background_hover_color_b_stop":{"unit":"%","size":"100","sizes":[]},"_background_hover_gradient_angle":{"unit":"deg","size":"180","sizes":[]},"_background_hover_xpos":{"unit":"px","size":"0","sizes":[]},"_background_hover_xpos_tablet":{"unit":"px","size":"0","sizes":[]},"_background_hover_xpos_mobile":{"unit":"px","size":"0","sizes":[]},"_background_hover_ypos":{"unit":"px","size":"0","sizes":[]},"_background_hover_ypos_tablet":{"unit":"px","size":"0","sizes":[]},"_background_hover_ypos_mobile":{"unit":"px","size":"0","sizes":[]},"_background_hover_bg_width":{"unit":"%","size":"100","sizes":[]}},"elements":[],"isInner":false,"widgetType":"text-editor","elType":"widget"},{"id":"2d43b94b","settings":{"image":{"url":"http:\/\/sitefacilitado.com.br\/membros\/wp-content\/uploads\/2020\/03\/arts-arts-and-crafts-concept-1314543.jpg","id":"4841"},"align":"left","caption_source":"custom","image_size":"full","css_filters_css_filter":"custom","css_filters_blur":{"unit":"px","size":"0","sizes":[]},"css_filters_brightness":{"unit":"px","size":"100","sizes":[]},"css_filters_contrast":{"unit":"px","size":"100","sizes":[]},"css_filters_saturate":{"unit":"px","size":"98","sizes":[]},"css_filters_hue":{"unit":"px","size":"360","sizes":[]},"css_filters_hover_blur":{"unit":"px","size":"0","sizes":[]},"css_filters_hover_brightness":{"unit":"px","size":"100","sizes":[]},"css_filters_hover_contrast":{"unit":"px","size":"100","sizes":[]},"css_filters_hover_saturate":{"unit":"px","size":"100","sizes":[]},"css_filters_hover_hue":{"unit":"px","size":"0","sizes":[]},"image_border_radius":{"unit":"px","top":"6","right":"6","bottom":"6","left":"6","isLinked":"1"},"_background_color_stop":{"unit":"%","size":"0","sizes":[]},"_background_color_b_stop":{"unit":"%","size":"100","sizes":[]},"_background_gradient_angle":{"unit":"deg","size":"180","sizes":[]},"_background_xpos":{"unit":"px","size":"0","sizes":[]},"_background_xpos_tablet":{"unit":"px","size":"0","sizes":[]},"_background_xpos_mobile":{"unit":"px","size":"0","sizes":[]},"_background_ypos":{"unit":"px","size":"0","sizes":[]},"_background_ypos_tablet":{"unit":"px","size":"0","sizes":[]},"_background_ypos_mobile":{"unit":"px","size":"0","sizes":[]},"_background_bg_width":{"unit":"%","size":"100","sizes":[]},"_background_hover_color_stop":{"unit":"%","size":"0","sizes":[]},"_background_hover_color_b_stop":{"unit":"%","size":"100","sizes":[]},"_background_hover_gradient_angle":{"unit":"deg","size":"180","sizes":[]},"_background_hover_xpos":{"unit":"px","size":"0","sizes":[]},"_background_hover_xpos_tablet":{"unit":"px","size":"0","sizes":[]},"_background_hover_xpos_mobile":{"unit":"px","size":"0","sizes":[]},"_background_hover_ypos":{"unit":"px","size":"0","sizes":[]},"_background_hover_ypos_tablet":{"unit":"px","size":"0","sizes":[]},"_background_hover_ypos_mobile":{"unit":"px","size":"0","sizes":[]},"_background_hover_bg_width":{"unit":"%","size":"100","sizes":[]}},"elements":[],"isInner":false,"widgetType":"image","elType":"widget"},{"id":"14e4443f","settings":{"editor":"<p><strong>Lorem Ipsum<\/strong>\u00a0is simply dummy text of the printing and typesetting industry. Lorem Ipsum has been the industry's standard dummy text ever since the 1500s, when an unknown printer took a galley of type and scrambled it to make a type specimen book. It has survived not only five centuries, but also the leap into electronic typesetting, remaining essentially unchanged. It was popularised in the 1960s with the release of Letraset sheets containing Lorem Ipsum passages, and more recently with desktop publishing software like Aldus PageMaker including versions of Lorem Ipsum.<\/p>","typography_typography":"custom","typography_line_height":{"unit":"em","size":"1.5"},"align":"left","align_tablet":"center","text_color":"#606a7c","typography_font_family":"Work Sans","typography_font_size":{"unit":"px","size":"15"},"drop_cap_size":{"unit":"px","size":"5","sizes":[]},"drop_cap_space":{"unit":"px","size":"10","sizes":[]},"_background_color_stop":{"unit":"%","size":"0","sizes":[]},"_background_color_b_stop":{"unit":"%","size":"100","sizes":[]},"_background_gradient_angle":{"unit":"deg","size":"180","sizes":[]},"_background_xpos":{"unit":"px","size":"0","sizes":[]},"_background_xpos_tablet":{"unit":"px","size":"0","sizes":[]},"_background_xpos_mobile":{"unit":"px","size":"0","sizes":[]},"_background_ypos":{"unit":"px","size":"0","sizes":[]},"_background_ypos_tablet":{"unit":"px","size":"0","sizes":[]},"_background_ypos_mobile":{"unit":"px","size":"0","sizes":[]},"_background_bg_width":{"unit":"%","size":"100","sizes":[]},"_background_hover_color_stop":{"unit":"%","size":"0","sizes":[]},"_background_hover_color_b_stop":{"unit":"%","size":"100","sizes":[]},"_background_hover_gradient_angle":{"unit":"deg","size":"180","sizes":[]},"_background_hover_xpos":{"unit":"px","size":"0","sizes":[]},"_background_hover_xpos_tablet":{"unit":"px","size":"0","sizes":[]},"_background_hover_xpos_mobile":{"unit":"px","size":"0","sizes":[]},"_background_hover_ypos":{"unit":"px","size":"0","sizes":[]},"_background_hover_ypos_tablet":{"unit":"px","size":"0","sizes":[]},"_background_hover_ypos_mobile":{"unit":"px","size":"0","sizes":[]},"_background_hover_bg_width":{"unit":"%","size":"100","sizes":[]}},"elements":[],"isInner":false,"widgetType":"text-editor","elType":"widget"},{"id":"42a283fb","settings":{"wp_gallery":[{"id":"4797","url":"http:\/\/sitefacilitado.com.br\/membros\/wp-content\/uploads\/2020\/03\/blur-blurry-coffee-273222.jpg"},{"id":"4798","url":"http:\/\/sitefacilitado.com.br\/membros\/wp-content\/uploads\/2020\/03\/adult-attire-commerce-1367269.jpg"}],"thumbnail_size":"full","gallery_columns":"2","image_spacing":"custom","image_spacing_custom":{"unit":"px","size":"20"},"align":"left","gallery_link":"none","open_lightbox":"no","typography_typography":"custom","typography_line_height":{"unit":"em","size":"2.7"},"_margin":{"unit":"px","top":"0","right":"0","bottom":"0","left":"0","isLinked":""},"image_border_radius":{"unit":"px","top":"6","right":"6","bottom":"6","left":"6","isLinked":"1"},"_background_color_stop":{"unit":"%","size":"0","sizes":[]},"_background_color_b_stop":{"unit":"%","size":"100","sizes":[]},"_background_gradient_angle":{"unit":"deg","size":"180","sizes":[]},"_background_xpos":{"unit":"px","size":"0","sizes":[]},"_background_xpos_tablet":{"unit":"px","size":"0","sizes":[]},"_background_xpos_mobile":{"unit":"px","size":"0","sizes":[]},"_background_ypos":{"unit":"px","size":"0","sizes":[]},"_background_ypos_tablet":{"unit":"px","size":"0","sizes":[]},"_background_ypos_mobile":{"unit":"px","size":"0","sizes":[]},"_background_bg_width":{"unit":"%","size":"100","sizes":[]},"_background_hover_color_stop":{"unit":"%","size":"0","sizes":[]},"_background_hover_color_b_stop":{"unit":"%","size":"100","sizes":[]},"_background_hover_gradient_angle":{"unit":"deg","size":"180","sizes":[]},"_background_hover_xpos":{"unit":"px","size":"0","sizes":[]},"_background_hover_xpos_tablet":{"unit":"px","size":"0","sizes":[]},"_background_hover_xpos_mobile":{"unit":"px","size":"0","sizes":[]},"_background_hover_ypos":{"unit":"px","size":"0","sizes":[]},"_background_hover_ypos_tablet":{"unit":"px","size":"0","sizes":[]},"_background_hover_ypos_mobile":{"unit":"px","size":"0","sizes":[]},"_background_hover_bg_width":{"unit":"%","size":"100","sizes":[]}},"elements":[],"isInner":false,"widgetType":"image-gallery","elType":"widget"},{"id":"576ceac0","settings":{"tabs":[{"tab_title":"Legal Consulting","tab_content":"<p><strong>Lorem Ipsum<\/strong>\u00a0is simply dummy text of the printing and typesetting industry. Lorem Ipsum has been the industry's standard dummy text ever since the 1500s, when an unknown printer took a galley of type and scrambled it to make a type specimen book. It has survived not only five centuries, but also the leap into electronic typesetting, remaining essentially unchanged. It was popularised in the 1960s with the release of Letraset sheets containing Lorem Ipsum passages, and more recently with desktop publishing software like Aldus PageMaker including versions of Lorem Ipsum.<\/p>","_id":"26e67af"},{"tab_title":"Audit","tab_content":"<p>Contrary to popular belief, Lorem Ipsum is not simply random text. It has roots in a piece of classical Latin literature from 45 BC, making it over 2000 years old. Richard McClintock, a Latin professor at Hampden-Sydney College in Virginia, looked up one of the more obscure Latin words, consectetur<\/p>","_id":"74524f2"},{"tab_title":"Business Registration","tab_content":"<p>There are many variations of passages of Lorem Ipsum available, but the majority have suffered alteration in some form, by injected humour, or randomised words which don't look even slightly believable. If you are going to use a passage of Lorem Ipsum, you need to be sure there isn't anything embarrassing<\/p>","_id":"ea29acc"}],"border_color":"#dee3ea","content_typography_typography":"custom","content_typography_line_height":{"unit":"em","size":"1.5"},"_margin":{"unit":"px","top":"0","right":"0","bottom":"24","left":"0","isLinked":""},"border_width":{"unit":"px","size":"1","sizes":[]},"background_color":"#f8f8f9","tab_color":"#1d2f52","tab_active_color":"#ff482f","tab_typography_typography":"custom","tab_typography_font_family":"Work Sans","tab_typography_font_weight":"600","tab_typography_letter_spacing":{"unit":"px","size":"-0.3","sizes":[]},"content_color":"#606a7c","content_typography_font_family":"Work Sans","content_typography_font_size":{"unit":"px","size":"15","sizes":[]},"_background_color_stop":{"unit":"%","size":"0","sizes":[]},"_background_color_b_stop":{"unit":"%","size":"100","sizes":[]},"_background_gradient_angle":{"unit":"deg","size":"180","sizes":[]},"_background_xpos":{"unit":"px","size":"0","sizes":[]},"_background_xpos_tablet":{"unit":"px","size":"0","sizes":[]},"_background_xpos_mobile":{"unit":"px","size":"0","sizes":[]},"_background_ypos":{"unit":"px","size":"0","sizes":[]},"_background_ypos_tablet":{"unit":"px","size":"0","sizes":[]},"_background_ypos_mobile":{"unit":"px","size":"0","sizes":[]},"_background_bg_width":{"unit":"%","size":"100","sizes":[]},"_background_hover_color_stop":{"unit":"%","size":"0","sizes":[]},"_background_hover_color_b_stop":{"unit":"%","size":"100","sizes":[]},"_background_hover_gradient_angle":{"unit":"deg","size":"180","sizes":[]},"_background_hover_xpos":{"unit":"px","size":"0","sizes":[]},"_background_hover_xpos_tablet":{"unit":"px","size":"0","sizes":[]},"_background_hover_xpos_mobile":{"unit":"px","size":"0","sizes":[]},"_background_hover_ypos":{"unit":"px","size":"0","sizes":[]},"_background_hover_ypos_tablet":{"unit":"px","size":"0","sizes":[]},"_background_hover_ypos_mobile":{"unit":"px","size":"0","sizes":[]},"_background_hover_bg_width":{"unit":"%","size":"100","sizes":[]}},"elements":[],"isInner":false,"widgetType":"tabs","elType":"widget"}],"isInner":"","elType":"column"}],"isInner":"","elType":"section"},{"id":"70378547","settings":{"padding":{"unit":"px","top":"100","right":"0","bottom":"100","left":"0","isLinked":""},"background_background":"classic","background_color":"#1d2f52","custom_height":{"unit":"px","size":"400","sizes":[]},"background_color_stop":{"unit":"%","size":"0","sizes":[]},"background_color_b_stop":{"unit":"%","size":"100","sizes":[]},"background_gradient_angle":{"unit":"deg","size":"180","sizes":[]},"background_position":"center center","background_xpos":{"unit":"px","size":"0","sizes":[]},"background_xpos_tablet":{"unit":"px","size":"0","sizes":[]},"background_xpos_mobile":{"unit":"px","size":"0","sizes":[]},"background_ypos":{"unit":"px","size":"0","sizes":[]},"background_ypos_tablet":{"unit":"px","size":"0","sizes":[]},"background_ypos_mobile":{"unit":"px","size":"0","sizes":[]},"background_repeat":"no-repeat","background_size":"cover","background_bg_width":{"unit":"%","size":"100","sizes":[]},"background_hover_color_stop":{"unit":"%","size":"0","sizes":[]},"background_hover_color_b_stop":{"unit":"%","size":"100","sizes":[]},"background_hover_gradient_angle":{"unit":"deg","size":"180","sizes":[]},"background_hover_xpos":{"unit":"px","size":"0","sizes":[]},"background_hover_xpos_tablet":{"unit":"px","size":"0","sizes":[]},"background_hover_xpos_mobile":{"unit":"px","size":"0","sizes":[]},"background_hover_ypos":{"unit":"px","size":"0","sizes":[]},"background_hover_ypos_tablet":{"unit":"px","size":"0","sizes":[]},"background_hover_ypos_mobile":{"unit":"px","size":"0","sizes":[]},"background_hover_bg_width":{"unit":"%","size":"100","sizes":[]},"background_hover_transition":{"unit":"px","size":"0.3","sizes":[]},"background_overlay_background":"classic","background_overlay_color_stop":{"unit":"%","size":"0","sizes":[]},"background_overlay_color_b_stop":{"unit":"%","size":"100","sizes":[]},"background_overlay_gradient_angle":{"unit":"deg","size":"180","sizes":[]},"background_overlay_image":{"url":"http:\/\/sitefacilitado.com.br\/membros\/wp-content\/uploads\/2020\/03\/image-from-rawpixel-id-580725-jpeg.jpg","id":"4795"},"background_overlay_position":"center center","background_overlay_xpos":{"unit":"px","size":"0","sizes":[]},"background_overlay_xpos_tablet":{"unit":"px","size":"0","sizes":[]},"background_overlay_xpos_mobile":{"unit":"px","size":"0","sizes":[]},"background_overlay_ypos":{"unit":"px","size":"0","sizes":[]},"background_overlay_ypos_tablet":{"unit":"px","size":"0","sizes":[]},"background_overlay_ypos_mobile":{"unit":"px","size":"0","sizes":[]},"background_overlay_attachment":"fixed","background_overlay_size":"cover","background_overlay_bg_width":{"unit":"%","size":"100","sizes":[]},"background_overlay_opacity":{"unit":"px","size":"0.13"},"css_filters_blur":{"unit":"px","size":"0","sizes":[]},"css_filters_brightness":{"unit":"px","size":"100","sizes":[]},"css_filters_contrast":{"unit":"px","size":"100","sizes":[]},"css_filters_saturate":{"unit":"px","size":"100","sizes":[]},"css_filters_hue":{"unit":"px","size":"0","sizes":[]},"overlay_blend_mode":"lighten","background_overlay_hover_color_stop":{"unit":"%","size":"0","sizes":[]},"background_overlay_hover_color_b_stop":{"unit":"%","size":"100","sizes":[]},"background_overlay_hover_gradient_angle":{"unit":"deg","size":"180","sizes":[]},"background_overlay_hover_xpos":{"unit":"px","size":"0","sizes":[]},"background_overlay_hover_xpos_tablet":{"unit":"px","size":"0","sizes":[]},"background_overlay_hover_xpos_mobile":{"unit":"px","size":"0","sizes":[]},"background_overlay_hover_ypos":{"unit":"px","size":"0","sizes":[]},"background_overlay_hover_ypos_tablet":{"unit":"px","size":"0","sizes":[]},"background_overlay_hover_ypos_mobile":{"unit":"px","size":"0","sizes":[]},"background_overlay_hover_bg_width":{"unit":"%","size":"100","sizes":[]},"background_overlay_hover_opacity":{"unit":"px","size":"0.5","sizes":[]},"css_filters_hover_blur":{"unit":"px","size":"0","sizes":[]},"css_filters_hover_brightness":{"unit":"px","size":"100","sizes":[]},"css_filters_hover_contrast":{"unit":"px","size":"100","sizes":[]},"css_filters_hover_saturate":{"unit":"px","size":"100","sizes":[]},"css_filters_hover_hue":{"unit":"px","size":"0","sizes":[]},"background_overlay_hover_transition":{"unit":"px","size":"0.3","sizes":[]},"border_hover_transition":{"unit":"px","size":"0.3","sizes":[]}},"elements":[{"id":"7f8a0aac","settings":{"_column_size":"100","space_between_widgets":"24","background_color_stop":{"unit":"%","size":"0","sizes":[]},"background_color_b_stop":{"unit":"%","size":"100","sizes":[]},"background_gradient_angle":{"unit":"deg","size":"180","sizes":[]},"background_xpos":{"unit":"px","size":"0","sizes":[]},"background_xpos_tablet":{"unit":"px","size":"0","sizes":[]},"background_xpos_mobile":{"unit":"px","size":"0","sizes":[]},"background_ypos":{"unit":"px","size":"0","sizes":[]},"background_ypos_tablet":{"unit":"px","size":"0","sizes":[]},"background_ypos_mobile":{"unit":"px","size":"0","sizes":[]},"background_bg_width":{"unit":"%","size":"100","sizes":[]},"background_hover_color_stop":{"unit":"%","size":"0","sizes":[]},"background_hover_color_b_stop":{"unit":"%","size":"100","sizes":[]},"background_hover_gradient_angle":{"unit":"deg","size":"180","sizes":[]},"background_hover_xpos":{"unit":"px","size":"0","sizes":[]},"background_hover_xpos_tablet":{"unit":"px","size":"0","sizes":[]},"background_hover_xpos_mobile":{"unit":"px","size":"0","sizes":[]},"background_hover_ypos":{"unit":"px","size":"0","sizes":[]},"background_hover_ypos_tablet":{"unit":"px","size":"0","sizes":[]},"background_hover_ypos_mobile":{"unit":"px","size":"0","sizes":[]},"background_hover_bg_width":{"unit":"%","size":"100","sizes":[]},"background_hover_transition":{"unit":"px","size":"0.3","sizes":[]},"background_overlay_color_stop":{"unit":"%","size":"0","sizes":[]},"background_overlay_color_b_stop":{"unit":"%","size":"100","sizes":[]},"background_overlay_gradient_angle":{"unit":"deg","size":"180","sizes":[]},"background_overlay_xpos":{"unit":"px","size":"0","sizes":[]},"background_overlay_xpos_tablet":{"unit":"px","size":"0","sizes":[]},"background_overlay_xpos_mobile":{"unit":"px","size":"0","sizes":[]},"background_overlay_ypos":{"unit":"px","size":"0","sizes":[]},"background_overlay_ypos_tablet":{"unit":"px","size":"0","sizes":[]},"background_overlay_ypos_mobile":{"unit":"px","size":"0","sizes":[]},"background_overlay_bg_width":{"unit":"%","size":"100","sizes":[]},"background_overlay_opacity":{"unit":"px","size":"0.5","sizes":[]},"css_filters_blur":{"unit":"px","size":"0","sizes":[]},"css_filters_brightness":{"unit":"px","size":"100","sizes":[]},"css_filters_contrast":{"unit":"px","size":"100","sizes":[]},"css_filters_saturate":{"unit":"px","size":"100","sizes":[]},"css_filters_hue":{"unit":"px","size":"0","sizes":[]},"background_overlay_hover_color_stop":{"unit":"%","size":"0","sizes":[]},"background_overlay_hover_color_b_stop":{"unit":"%","size":"100","sizes":[]},"background_overlay_hover_gradient_angle":{"unit":"deg","size":"180","sizes":[]},"background_overlay_hover_xpos":{"unit":"px","size":"0","sizes":[]},"background_overlay_hover_xpos_tablet":{"unit":"px","size":"0","sizes":[]},"background_overlay_hover_xpos_mobile":{"unit":"px","size":"0","sizes":[]},"background_overlay_hover_ypos":{"unit":"px","size":"0","sizes":[]},"background_overlay_hover_ypos_tablet":{"unit":"px","size":"0","sizes":[]},"background_overlay_hover_ypos_mobile":{"unit":"px","size":"0","sizes":[]},"background_overlay_hover_bg_width":{"unit":"%","size":"100","sizes":[]},"background_overlay_hover_opacity":{"unit":"px","size":"0.5","sizes":[]},"css_filters_hover_blur":{"unit":"px","size":"0","sizes":[]},"css_filters_hover_brightness":{"unit":"px","size":"100","sizes":[]},"css_filters_hover_contrast":{"unit":"px","size":"100","sizes":[]},"css_filters_hover_saturate":{"unit":"px","size":"100","sizes":[]},"css_filters_hover_hue":{"unit":"px","size":"0","sizes":[]},"background_overlay_hover_transition":{"unit":"px","size":"0.3","sizes":[]},"border_hover_transition":{"unit":"px","size":"0.3","sizes":[]}},"elements":[{"id":"50cb0a","settings":{"title":"We advise global leaders on their most critical issues and opportunities.","align":"center","typography_typography":"custom","typography_font_size":{"unit":"px","size":"32"},"title_color":"#ffffff","align_mobile":"center","typography_font_family":"Work Sans","_margin":{"unit":"px","top":"0","right":"0","bottom":"0","left":"0","isLinked":""},"_background_color_stop":{"unit":"%","size":"0","sizes":[]},"_background_color_b_stop":{"unit":"%","size":"100","sizes":[]},"_background_gradient_angle":{"unit":"deg","size":"180","sizes":[]},"_background_xpos":{"unit":"px","size":"0","sizes":[]},"_background_xpos_tablet":{"unit":"px","size":"0","sizes":[]},"_background_xpos_mobile":{"unit":"px","size":"0","sizes":[]},"_background_ypos":{"unit":"px","size":"0","sizes":[]},"_background_ypos_tablet":{"unit":"px","size":"0","sizes":[]},"_background_ypos_mobile":{"unit":"px","size":"0","sizes":[]},"_background_bg_width":{"unit":"%","size":"100","sizes":[]},"_background_hover_color_stop":{"unit":"%","size":"0","sizes":[]},"_background_hover_color_b_stop":{"unit":"%","size":"100","sizes":[]},"_background_hover_gradient_angle":{"unit":"deg","size":"180","sizes":[]},"_background_hover_xpos":{"unit":"px","size":"0","sizes":[]},"_background_hover_xpos_tablet":{"unit":"px","size":"0","sizes":[]},"_background_hover_xpos_mobile":{"unit":"px","size":"0","sizes":[]},"_background_hover_ypos":{"unit":"px","size":"0","sizes":[]},"_background_hover_ypos_tablet":{"unit":"px","size":"0","sizes":[]},"_background_hover_ypos_mobile":{"unit":"px","size":"0","sizes":[]},"_background_hover_bg_width":{"unit":"%","size":"100","sizes":[]}},"elements":[],"isInner":false,"widgetType":"heading","elType":"widget"},{"id":"4b2b108","settings":{"text":"Get in Touch","align":"center","size":"md","button_text_color":"#f8f8f9","background_color":"#ff482f","align_mobile":"center","typography_typography":"custom","typography_font_family":"Work Sans","hover_animation":"shrink","border_border":"solid","border_width":{"unit":"px","top":"2","right":"2","bottom":"2","left":"2","isLinked":"1"},"border_color":"#ff482f","_background_color_stop":{"unit":"%","size":"0","sizes":[]},"_background_color_b_stop":{"unit":"%","size":"100","sizes":[]},"_background_gradient_angle":{"unit":"deg","size":"180","sizes":[]},"_background_xpos":{"unit":"px","size":"0","sizes":[]},"_background_xpos_tablet":{"unit":"px","size":"0","sizes":[]},"_background_xpos_mobile":{"unit":"px","size":"0","sizes":[]},"_background_ypos":{"unit":"px","size":"0","sizes":[]},"_background_ypos_tablet":{"unit":"px","size":"0","sizes":[]},"_background_ypos_mobile":{"unit":"px","size":"0","sizes":[]},"_background_bg_width":{"unit":"%","size":"100","sizes":[]},"_background_hover_color_stop":{"unit":"%","size":"0","sizes":[]},"_background_hover_color_b_stop":{"unit":"%","size":"100","sizes":[]},"_background_hover_gradient_angle":{"unit":"deg","size":"180","sizes":[]},"_background_hover_xpos":{"unit":"px","size":"0","sizes":[]},"_background_hover_xpos_tablet":{"unit":"px","size":"0","sizes":[]},"_background_hover_xpos_mobile":{"unit":"px","size":"0","sizes":[]},"_background_hover_ypos":{"unit":"px","size":"0","sizes":[]},"_background_hover_ypos_tablet":{"unit":"px","size":"0","sizes":[]},"_background_hover_ypos_mobile":{"unit":"px","size":"0","sizes":[]},"_background_hover_bg_width":{"unit":"%","size":"100","sizes":[]}},"elements":[],"isInner":false,"widgetType":"button","elType":"widget"}],"isInner":"","elType":"column"}],"isInner":"","elType":"section"}],"page_settings":{"background_color_stop":{"unit":"%","size":"0","sizes":[]},"background_color_b_stop":{"unit":"%","size":"100","sizes":[]},"background_gradient_angle":{"unit":"deg","size":"180","sizes":[]},"background_xpos":{"unit":"px","size":"0","sizes":[]},"background_xpos_tablet":{"unit":"px","size":"0","sizes":[]},"background_xpos_mobile":{"unit":"px","size":"0","sizes":[]},"background_ypos":{"unit":"px","size":"0","sizes":[]},"background_ypos_tablet":{"unit":"px","size":"0","sizes":[]},"background_ypos_mobile":{"unit":"px","size":"0","sizes":[]},"background_bg_width":{"unit":"%","size":"100","sizes":[]},"background_bg_width_tablet":{"unit":"px","size":"","sizes":[]},"background_bg_width_mobile":{"unit":"px","size":"","sizes":[]},"template":"elementor_canvas"}}