{
    "version": "0.4",
    "title": "404",
    "type": "single",
    "metadata": {
        "template_type": "single-404",
        "include_in_zip": "1",
        "elementor_pro_required": "1",
        "elementor_library_type": "single",
        "elementor_pro_conditions": [
            "include\/singular\/not_found404"
        ],
        "additional_template_information": [
            "This is a \"Single\" template for Elementor Pro.",
            "This template will display on: 404 Page."
        ],
        "wp_page_template": "default"
    },
    "content": [
        {
            "id": "3193efad",
            "settings": {
                "height": "min-height",
                "custom_height": {
                    "unit": "vh",
                    "size": 100,
                    "sizes": []
                },
                "background_background": "classic",
                "gap": "wider",
                "structure": "30",
                "background_image": {
                    "id": 633,
                    "url": "https:\/\/kit.detheme.com\/dexor\/wp-content\/uploads\/sites\/8\/2020\/08\/minimal-interior-with-furniture-P8X647W.jpg"
                },
                "background_position": "initial",
                "background_xpos": {
                    "unit": "%",
                    "size": 50,
                    "sizes": []
                },
                "background_ypos": {
                    "unit": "%",
                    "size": 0,
                    "sizes": []
                },
                "background_repeat": "no-repeat",
                "background_size": "cover"
            },
            "elements": [
                {
                    "id": "3f970c6",
                    "settings": {
                        "_column_size": 33,
                        "_inline_size": 16
                    },
                    "elements": [],
                    "isInner": false,
                    "elType": "column"
                },
                {
                    "id": "4cadac59",
                    "settings": {
                        "_column_size": 33,
                        "_inline_size": 67.332,
                        "align": "center",
                        "_inline_size_tablet": 100
                    },
                    "elements": [
                        {
                            "id": "2fdf7357",
                            "settings": {
                                "title": "Oops, page not found",
                                "align": "center",
                                "title_color": "#333333",
                                "typography_typography": "custom",
                                "typography_text_transform": "none",
                                "_margin": {
                                    "unit": "px",
                                    "top": "0",
                                    "right": "0",
                                    "bottom": "24",
                                    "left": "0",
                                    "isLinked": false
                                },
                                "typography_font_size": {
                                    "unit": "px",
                                    "size": 78,
                                    "sizes": []
                                },
                                "typography_font_size_mobile": {
                                    "unit": "px",
                                    "size": 40,
                                    "sizes": []
                                }
                            },
                            "elements": [],
                            "isInner": false,
                            "widgetType": "heading",
                            "elType": "widget"
                        },
                        {
                            "id": "deb7c88",
                            "settings": {
                                "editor": "<p>The page you are looking for might have been removed, had its name changed or is temporarily unavailable<\/p>",
                                "align": "center",
                                "text_color": "#333333",
                                "_margin": {
                                    "unit": "px",
                                    "top": "0",
                                    "right": "0",
                                    "bottom": "48",
                                    "left": "0",
                                    "isLinked": false
                                },
                                "_element_width": "initial",
                                "_element_custom_width": {
                                    "unit": "px",
                                    "size": 500,
                                    "sizes": []
                                }
                            },
                            "elements": [],
                            "isInner": false,
                            "widgetType": "text-editor",
                            "elType": "widget"
                        },
                        {
                            "id": "2b42c903",
                            "settings": {
                                "placeholder": "Search...",
                                "button_text": "Search",
                                "input_text_color": "#333333",
                                "input_background_color": "#FFFFFF",
                                "_element_width": "initial",
                                "_element_custom_width": {
                                    "unit": "px",
                                    "size": 400,
                                    "sizes": []
                                },
                                "border_radius": {
                                    "unit": "px",
                                    "size": 2,
                                    "sizes": []
                                },
                                "button_text_color": "#FFFFFF",
                                "button_background_color": "#333333",
                                "size": {
                                    "unit": "px",
                                    "size": 62,
                                    "sizes": []
                                },
                                "input_border_color": "#333333",
                                "button_border_width": {
                                    "unit": "px",
                                    "top": "0",
                                    "right": "0",
                                    "bottom": "0",
                                    "left": "0",
                                    "isLinked": false
                                },
                                "icon_size": {
                                    "unit": "px",
                                    "size": 12,
                                    "sizes": []
                                },
                                "button_width": {
                                    "unit": "px",
                                    "size": 1,
                                    "sizes": []
                                }
                            },
                            "elements": [],
                            "isInner": false,
                            "widgetType": "search-form",
                            "elType": "widget"
                        }
                    ],
                    "isInner": false,
                    "elType": "column"
                },
                {
                    "id": "37fad271",
                    "settings": {
                        "_column_size": 33,
                        "_inline_size": 16
                    },
                    "elements": [],
                    "isInner": false,
                    "elType": "column"
                }
            ],
            "isInner": false,
            "elType": "section"
        }
    ],
    "page_settings": {
        "page_template": "elementor_canvas"
    }
}