{
    "version": "0.4",
    "title": "Blog Archive",
    "type": "archive",
    "metadata": {
        "template_type": "archive-blog",
        "include_in_zip": "1",
        "elementor_pro_required": "1",
        "elementor_library_type": "archive",
        "elementor_pro_conditions": [
            "include\/archive"
        ],
        "additional_template_information": [
            "This is a \"Archive\" template for Elementor Pro.",
            "This template will display on: All Archives."
        ],
        "wp_page_template": "default"
    },
    "content": [
        {
            "id": "746458b1",
            "settings": {
                "layout": "full_width",
                "gap": "wider",
                "custom_height": {
                    "unit": "px",
                    "size": 200,
                    "sizes": []
                },
                "overflow": "hidden",
                "background_background": "classic",
                "background_color": "#F2F2F2",
                "background_image": {
                    "url": "https:\/\/kit.detheme.com\/dexor\/wp-content\/uploads\/sites\/8\/2020\/08\/abstract-line.png",
                    "id": 382
                },
                "background_position": "initial",
                "background_xpos": {
                    "unit": "%",
                    "size": 19,
                    "sizes": []
                },
                "background_ypos": {
                    "unit": "%",
                    "size": 74,
                    "sizes": []
                },
                "background_repeat": "no-repeat",
                "background_size": "cover",
                "background_bg_width": {
                    "unit": "px",
                    "size": 469,
                    "sizes": []
                },
                "background_overlay_background": "classic",
                "background_overlay_color": "#F2F2F2",
                "background_overlay_opacity": {
                    "unit": "px",
                    "size": 0,
                    "sizes": []
                },
                "border_border": "solid",
                "border_width": {
                    "unit": "px",
                    "top": "0",
                    "right": "40",
                    "bottom": "0",
                    "left": "40",
                    "isLinked": false
                },
                "border_color": "#FFFFFF",
                "padding": {
                    "unit": "px",
                    "top": "0",
                    "right": "0",
                    "bottom": "0",
                    "left": "0",
                    "isLinked": false
                },
                "border_width_tablet": {
                    "unit": "px",
                    "top": "0",
                    "right": "0",
                    "bottom": "0",
                    "left": "0",
                    "isLinked": true
                },
                "animation": "fadeIn",
                "animation_duration": "slow",
                "animation_delay": 100
            },
            "elements": [
                {
                    "id": "3e34e73",
                    "settings": {
                        "_column_size": 100,
                        "_inline_size": null,
                        "padding": {
                            "unit": "px",
                            "top": "128",
                            "right": "0",
                            "bottom": "128",
                            "left": "0",
                            "isLinked": false
                        },
                        "padding_tablet": {
                            "unit": "px",
                            "top": "96",
                            "right": "30",
                            "bottom": "96",
                            "left": "30",
                            "isLinked": false
                        }
                    },
                    "elements": [
                        {
                            "id": "92bf1a9",
                            "settings": {
                                "space": {
                                    "unit": "px",
                                    "size": 325,
                                    "sizes": []
                                },
                                "_animation": "slideInLeft",
                                "animation_duration": "slow",
                                "_animation_delay": 500,
                                "_background_background": "classic",
                                "_background_color": "#F2F2F2",
                                "_position": "absolute",
                                "_offset_x": {
                                    "unit": "%",
                                    "size": 100,
                                    "sizes": []
                                },
                                "_offset_orientation_v": "end",
                                "_offset_y": {
                                    "unit": "%",
                                    "size": "",
                                    "sizes": []
                                },
                                "_offset_y_end": {
                                    "unit": "%",
                                    "size": -190,
                                    "sizes": []
                                },
                                "_offset_x_mobile": {
                                    "unit": "%",
                                    "size": 110,
                                    "sizes": []
                                },
                                "_offset_x_tablet": {
                                    "unit": "%",
                                    "size": 105,
                                    "sizes": []
                                }
                            },
                            "elements": [],
                            "isInner": false,
                            "widgetType": "spacer",
                            "elType": "widget"
                        },
                        {
                            "id": "15b544b6",
                            "settings": {
                                "__dynamic__": {
                                    "title": "[elementor-tag id=\"\" name=\"archive-title\" settings=\"%7B%22include_context%22%3A%22yes%22%2C%22before%22%3A%22%22%2C%22after%22%3A%22%22%2C%22fallback%22%3A%22%22%7D\"]"
                                },
                                "title": "Add Your Heading Text Here",
                                "align": "center"
                            },
                            "elements": [],
                            "isInner": false,
                            "widgetType": "theme-archive-title",
                            "elType": "widget"
                        }
                    ],
                    "isInner": false,
                    "elType": "column"
                }
            ],
            "isInner": false,
            "elType": "section"
        },
        {
            "id": "3bd008eb",
            "settings": {
                "gap": "wider",
                "padding": {
                    "unit": "px",
                    "top": "96",
                    "right": "0",
                    "bottom": "96",
                    "left": "0",
                    "isLinked": false
                }
            },
            "elements": [
                {
                    "id": "ae04a69",
                    "settings": {
                        "_column_size": 100,
                        "_inline_size": null
                    },
                    "elements": [
                        {
                            "id": "5f05e263",
                            "settings": {
                                "_skin": "archive_cards",
                                "archive_classic_meta_separator": "\/\/\/",
                                "archive_classic_read_more_text": "Read More \u00bb",
                                "archive_cards_excerpt_length": 18,
                                "archive_cards_meta_separator": "\u2022",
                                "archive_cards_read_more_text": "Read More \u2014",
                                "archive_full_content_meta_separator": "\/\/\/",
                                "archive_cards_badge_bg_color": "#333333",
                                "archive_cards_badge_size": {
                                    "unit": "px",
                                    "size": 11,
                                    "sizes": []
                                },
                                "archive_cards_badge_typography_typography": "custom",
                                "archive_cards_badge_typography_letter_spacing": {
                                    "unit": "px",
                                    "size": 2,
                                    "sizes": []
                                },
                                "archive_cards_title_color": "#333333",
                                "archive_cards_title_typography_typography": "custom",
                                "archive_cards_title_typography_font_size": {
                                    "unit": "px",
                                    "size": 21,
                                    "sizes": []
                                },
                                "archive_cards_title_typography_line_height": {
                                    "unit": "em",
                                    "size": 1.4,
                                    "sizes": []
                                },
                                "archive_cards_meta_typography_typography": "custom",
                                "archive_cards_meta_typography_font_size": {
                                    "unit": "px",
                                    "size": 12,
                                    "sizes": []
                                },
                                "archive_cards_meta_typography_text_transform": "uppercase",
                                "archive_cards_meta_typography_letter_spacing": {
                                    "unit": "px",
                                    "size": 1,
                                    "sizes": []
                                },
                                "archive_cards_excerpt_typography_typography": "custom",
                                "archive_cards_excerpt_typography_font_size": {
                                    "unit": "px",
                                    "size": 16,
                                    "sizes": []
                                },
                                "archive_cards_read_more_typography_typography": "custom",
                                "archive_cards_read_more_typography_font_size": {
                                    "unit": "px",
                                    "size": 12,
                                    "sizes": []
                                },
                                "archive_cards_read_more_typography_font_weight": "600",
                                "archive_cards_read_more_typography_text_transform": "uppercase",
                                "archive_cards_read_more_typography_letter_spacing": {
                                    "unit": "px",
                                    "size": 2,
                                    "sizes": []
                                },
                                "pagination_page_limit": "5",
                                "pagination_prev_label": "&laquo; Previous",
                                "pagination_next_label": "Next &raquo;",
                                "pagination_typography_typography": "custom",
                                "pagination_typography_font_weight": "500",
                                "pagination_color": "#999999",
                                "pagination_active_color": "#333333",
                                "pagination_spacing": {
                                    "unit": "px",
                                    "size": 20,
                                    "sizes": []
                                },
                                "pagination_spacing_top": {
                                    "unit": "px",
                                    "size": 64,
                                    "sizes": []
                                },
                                "nothing_found_message": "It seems we can't find what you're looking for."
                            },
                            "elements": [],
                            "isInner": false,
                            "widgetType": "archive-posts",
                            "elType": "widget"
                        }
                    ],
                    "isInner": false,
                    "elType": "column"
                }
            ],
            "isInner": false,
            "elType": "section"
        }
    ]
}