{
    "version": "0.4",
    "title": "Blog",
    "type": "page",
    "metadata": {
        "template_type": "single-page",
        "include_in_zip": "1",
        "elementor_pro_required": "1",
        "wp_page_template": "elementor_header_footer"
    },
    "content": [
        {
            "id": "4f3a5408",
            "settings": {
                "layout": "full_width",
                "gap": "wider",
                "custom_height": {
                    "unit": "px",
                    "size": 200,
                    "sizes": []
                },
                "overflow": "hidden",
                "background_background": "classic",
                "background_color": "#F2F2F2",
                "background_image": {
                    "url": "https:\/\/kit.detheme.com\/dexor\/wp-content\/uploads\/sites\/8\/2020\/08\/abstract-line.png",
                    "id": 382
                },
                "background_position": "initial",
                "background_xpos": {
                    "unit": "%",
                    "size": 19,
                    "sizes": []
                },
                "background_ypos": {
                    "unit": "%",
                    "size": 74,
                    "sizes": []
                },
                "background_repeat": "no-repeat",
                "background_size": "cover",
                "background_bg_width": {
                    "unit": "px",
                    "size": 469,
                    "sizes": []
                },
                "background_overlay_background": "classic",
                "background_overlay_color": "#F2F2F2",
                "background_overlay_opacity": {
                    "unit": "px",
                    "size": 0,
                    "sizes": []
                },
                "border_border": "solid",
                "border_width": {
                    "unit": "px",
                    "top": "0",
                    "right": "40",
                    "bottom": "0",
                    "left": "40",
                    "isLinked": false
                },
                "border_color": "#FFFFFF",
                "padding": {
                    "unit": "px",
                    "top": "0",
                    "right": "0",
                    "bottom": "0",
                    "left": "0",
                    "isLinked": false
                },
                "border_width_tablet": {
                    "unit": "px",
                    "top": "0",
                    "right": "0",
                    "bottom": "0",
                    "left": "0",
                    "isLinked": true
                },
                "animation": "fadeIn",
                "animation_duration": "slow",
                "animation_delay": 100
            },
            "elements": [
                {
                    "id": "1309e9cc",
                    "settings": {
                        "_column_size": 100,
                        "_inline_size": null,
                        "padding": {
                            "unit": "px",
                            "top": "128",
                            "right": "0",
                            "bottom": "128",
                            "left": "0",
                            "isLinked": false
                        },
                        "padding_tablet": {
                            "unit": "px",
                            "top": "96",
                            "right": "30",
                            "bottom": "96",
                            "left": "30",
                            "isLinked": false
                        }
                    },
                    "elements": [
                        {
                            "id": "302f0f37",
                            "settings": {
                                "space": {
                                    "unit": "px",
                                    "size": 325,
                                    "sizes": []
                                },
                                "_animation": "slideInLeft",
                                "animation_duration": "slow",
                                "_animation_delay": 500,
                                "_background_background": "classic",
                                "_background_color": "#F2F2F2",
                                "_position": "absolute",
                                "_offset_x": {
                                    "unit": "%",
                                    "size": 100,
                                    "sizes": []
                                },
                                "_offset_orientation_v": "end",
                                "_offset_y": {
                                    "unit": "%",
                                    "size": "",
                                    "sizes": []
                                },
                                "_offset_y_end": {
                                    "unit": "%",
                                    "size": -190,
                                    "sizes": []
                                },
                                "_offset_x_mobile": {
                                    "unit": "%",
                                    "size": 110,
                                    "sizes": []
                                },
                                "_offset_x_tablet": {
                                    "unit": "%",
                                    "size": 105,
                                    "sizes": []
                                }
                            },
                            "elements": [],
                            "isInner": false,
                            "widgetType": "spacer",
                            "elType": "widget"
                        },
                        {
                            "id": "73aacc42",
                            "settings": {
                                "title": "Blog",
                                "header_size": "h1",
                                "align": "center",
                                "_z_index": 2,
                                "align_tablet": "left"
                            },
                            "elements": [],
                            "isInner": false,
                            "widgetType": "heading",
                            "elType": "widget"
                        }
                    ],
                    "isInner": false,
                    "elType": "column"
                }
            ],
            "isInner": false,
            "elType": "section"
        },
        {
            "id": "258a341a",
            "settings": {
                "gap": "wider",
                "structure": "30",
                "padding": {
                    "unit": "px",
                    "top": "96",
                    "right": "0",
                    "bottom": "24",
                    "left": "0",
                    "isLinked": false
                },
                "padding_tablet": {
                    "unit": "px",
                    "top": "48",
                    "right": "0",
                    "bottom": "48",
                    "left": "0",
                    "isLinked": false
                }
            },
            "elements": [
                {
                    "id": "29c67c9c",
                    "settings": {
                        "_column_size": 33,
                        "_inline_size": 68,
                        "padding": {
                            "unit": "px",
                            "top": "0",
                            "right": "30",
                            "bottom": "30",
                            "left": "30",
                            "isLinked": false
                        },
                        "_inline_size_tablet": 100
                    },
                    "elements": [
                        {
                            "id": "52570086",
                            "settings": {
                                "_skin": "cards",
                                "classic_columns": "4",
                                "classic_posts_per_page": 4,
                                "classic_item_ratio": {
                                    "unit": "px",
                                    "size": 1.08,
                                    "sizes": []
                                },
                                "classic_meta_separator": "\/\/\/",
                                "classic_read_more_text": "Read More \u00bb",
                                "cards_columns": "2",
                                "cards_thumbnail_size_size": "large",
                                "cards_item_ratio": {
                                    "unit": "px",
                                    "size": 0.7,
                                    "sizes": []
                                },
                                "cards_meta_data": [],
                                "cards_meta_separator": "\u2022",
                                "cards_read_more_text": "Read More \u2014",
                                "full_content_meta_separator": "\/\/\/",
                                "cards_column_gap": {
                                    "unit": "px",
                                    "size": 60,
                                    "sizes": []
                                },
                                "cards_box_shadow_box_shadow_type": "",
                                "cards_badge_bg_color": "#333333",
                                "cards_badge_size": {
                                    "unit": "px",
                                    "size": 10,
                                    "sizes": []
                                },
                                "cards_badge_typography_typography": "custom",
                                "cards_badge_typography_font_weight": "500",
                                "cards_badge_typography_letter_spacing": {
                                    "unit": "px",
                                    "size": 3,
                                    "sizes": []
                                },
                                "cards_title_color": "#333333",
                                "cards_title_typography_typography": "custom",
                                "cards_title_typography_font_size": {
                                    "unit": "px",
                                    "size": 18,
                                    "sizes": []
                                },
                                "cards_title_typography_font_weight": "700",
                                "cards_meta_color": "#A4A4A4",
                                "cards_meta_typography_typography": "custom",
                                "cards_meta_typography_font_size": {
                                    "unit": "px",
                                    "size": 12,
                                    "sizes": []
                                },
                                "cards_meta_typography_font_weight": "400",
                                "cards_meta_typography_text_transform": "uppercase",
                                "cards_meta_typography_letter_spacing": {
                                    "unit": "px",
                                    "size": 1,
                                    "sizes": []
                                },
                                "cards_excerpt_typography_typography": "custom",
                                "cards_excerpt_typography_font_size": {
                                    "unit": "px",
                                    "size": 16,
                                    "sizes": []
                                },
                                "cards_read_more_typography_typography": "custom",
                                "cards_read_more_typography_font_size": {
                                    "unit": "px",
                                    "size": 12,
                                    "sizes": []
                                },
                                "cards_read_more_typography_font_weight": "500",
                                "cards_read_more_typography_letter_spacing": {
                                    "unit": "px",
                                    "size": 1,
                                    "sizes": []
                                },
                                "cards_read_more_spacing": {
                                    "unit": "px",
                                    "size": 19,
                                    "sizes": []
                                },
                                "pagination_page_limit": "5",
                                "pagination_prev_label": "&laquo; Previous",
                                "pagination_next_label": "Next &raquo;",
                                "cards_card_padding": {
                                    "unit": "px",
                                    "size": 0,
                                    "sizes": []
                                },
                                "cards_card_vertical_padding": {
                                    "unit": "px",
                                    "size": 0,
                                    "sizes": []
                                },
                                "cards_excerpt_length": 14,
                                "pagination_type": "numbers",
                                "pagination_typography_typography": "custom",
                                "pagination_typography_font_weight": "500",
                                "pagination_color": "#999999",
                                "pagination_active_color": "#333333",
                                "pagination_spacing": {
                                    "unit": "px",
                                    "size": 20,
                                    "sizes": []
                                },
                                "pagination_spacing_top": {
                                    "unit": "px",
                                    "size": 64,
                                    "sizes": []
                                },
                                "cards_badge_margin": {
                                    "unit": "px",
                                    "size": "",
                                    "sizes": []
                                },
                                "cards_avatar_size": {
                                    "unit": "px",
                                    "size": 48,
                                    "sizes": []
                                }
                            },
                            "elements": [],
                            "isInner": false,
                            "widgetType": "posts",
                            "elType": "widget"
                        }
                    ],
                    "isInner": false,
                    "elType": "column"
                },
                {
                    "id": "2e446ba7",
                    "settings": {
                        "_column_size": 33,
                        "_inline_size": 2.23
                    },
                    "elements": [],
                    "isInner": false,
                    "elType": "column"
                },
                {
                    "id": "4731533e",
                    "settings": {
                        "_column_size": 33,
                        "_inline_size": 29.343,
                        "_inline_size_tablet": 100,
                        "background_background": "classic",
                        "background_color": "#F2F2F2",
                        "padding": {
                            "unit": "px",
                            "top": "48",
                            "right": "48",
                            "bottom": "48",
                            "left": "48",
                            "isLinked": true
                        },
                        "padding_mobile": {
                            "unit": "px",
                            "top": "48",
                            "right": "30",
                            "bottom": "48",
                            "left": "30",
                            "isLinked": false
                        }
                    },
                    "elements": [
                        {
                            "id": "6e333445",
                            "settings": {
                                "placeholder": "Search...",
                                "button_text": "go",
                                "icon": "arrow",
                                "size": {
                                    "unit": "px",
                                    "size": 33,
                                    "sizes": []
                                },
                                "input_background_color": "#FFFFFF",
                                "_margin": {
                                    "unit": "px",
                                    "top": "0",
                                    "right": "0",
                                    "bottom": "48",
                                    "left": "0",
                                    "isLinked": false
                                },
                                "border_radius": {
                                    "unit": "px",
                                    "size": 2,
                                    "sizes": []
                                },
                                "button_type": "text",
                                "button_typography_typography": "custom",
                                "button_typography_font_size": {
                                    "unit": "px",
                                    "size": 13,
                                    "sizes": []
                                },
                                "button_typography_font_weight": "400",
                                "button_width": {
                                    "unit": "px",
                                    "size": 1.8,
                                    "sizes": []
                                },
                                "__globals__": {
                                    "input_background_color": "globals\/colors?id=28b6ea98",
                                    "input_border_color": "",
                                    "button_typography_typography": "",
                                    "button_background_color": "globals\/colors?id=2a8c938d"
                                }
                            },
                            "elements": [],
                            "isInner": false,
                            "widgetType": "search-form",
                            "elType": "widget"
                        },
                        {
                            "id": "60164571",
                            "settings": {
                                "height_inner": "min-height",
                                "custom_height_inner": {
                                    "unit": "px",
                                    "size": 270,
                                    "sizes": []
                                },
                                "background_background": "classic",
                                "background_image": {
                                    "url": "https:\/\/kit.detheme.com\/dexor\/wp-content\/uploads\/sites\/8\/2020\/08\/toy-car-in-bedroom-PFS58QN.jpg",
                                    "id": 500
                                },
                                "background_size": "cover",
                                "background_repeat": "no-repeat",
                                "border_width": {
                                    "unit": "px",
                                    "top": "2",
                                    "right": "2",
                                    "bottom": "2",
                                    "left": "2",
                                    "isLinked": true
                                },
                                "border_color": "#FFFFFF",
                                "margin": {
                                    "unit": "px",
                                    "top": "0",
                                    "right": 0,
                                    "bottom": "48",
                                    "left": 0,
                                    "isLinked": false
                                },
                                "background_position": "center center"
                            },
                            "elements": [
                                {
                                    "id": "2ac8a0fc",
                                    "settings": {
                                        "_column_size": 100,
                                        "_inline_size": null,
                                        "content_position": "center",
                                        "align": "center",
                                        "border_width": {
                                            "unit": "px",
                                            "top": "4",
                                            "right": "4",
                                            "bottom": "4",
                                            "left": "4",
                                            "isLinked": true
                                        },
                                        "border_color": "#FFFFFF",
                                        "box_shadow_box_shadow_type": "yes",
                                        "box_shadow_box_shadow": {
                                            "horizontal": 0,
                                            "vertical": 0,
                                            "blur": 0,
                                            "spread": "",
                                            "color": "#FFFFFF"
                                        },
                                        "box_shadow_box_shadow_position": "inset",
                                        "padding": {
                                            "unit": "px",
                                            "top": "0",
                                            "right": "0",
                                            "bottom": "0",
                                            "left": "0",
                                            "isLinked": true
                                        }
                                    },
                                    "elements": [
                                        {
                                            "id": "e3fbb04",
                                            "settings": {
                                                "title": "Best kid's toys",
                                                "header_size": "h6",
                                                "align": "center",
                                                "title_color": "#333333",
                                                "link": {
                                                    "url": "#",
                                                    "is_external": "",
                                                    "nofollow": "",
                                                    "custom_attributes": ""
                                                },
                                                "_padding": {
                                                    "unit": "px",
                                                    "top": "12",
                                                    "right": "24",
                                                    "bottom": "8",
                                                    "left": "24",
                                                    "isLinked": false
                                                },
                                                "_z_index": 2,
                                                "_background_background": "classic",
                                                "_background_color": "#FFFFFF",
                                                "_element_width": "auto"
                                            },
                                            "elements": [],
                                            "isInner": false,
                                            "widgetType": "heading",
                                            "elType": "widget"
                                        }
                                    ],
                                    "isInner": true,
                                    "elType": "column"
                                }
                            ],
                            "isInner": true,
                            "elType": "section"
                        },
                        {
                            "id": "11a76b3a",
                            "settings": {
                                "height_inner": "min-height",
                                "custom_height_inner": {
                                    "unit": "px",
                                    "size": 270,
                                    "sizes": []
                                },
                                "background_background": "classic",
                                "background_image": {
                                    "url": "https:\/\/kit.detheme.com\/dexor\/wp-content\/uploads\/sites\/8\/2020\/08\/womens-hand-touch-the-leaf-of-the-houseplant-on-wh-7YJFVZ7.jpg",
                                    "id": 486
                                },
                                "background_size": "cover",
                                "background_repeat": "no-repeat",
                                "border_width": {
                                    "unit": "px",
                                    "top": "2",
                                    "right": "2",
                                    "bottom": "2",
                                    "left": "2",
                                    "isLinked": true
                                },
                                "border_color": "#FFFFFF",
                                "margin": {
                                    "unit": "px",
                                    "top": "0",
                                    "right": 0,
                                    "bottom": "48",
                                    "left": 0,
                                    "isLinked": false
                                },
                                "background_position": "center center"
                            },
                            "elements": [
                                {
                                    "id": "5f20420d",
                                    "settings": {
                                        "_column_size": 100,
                                        "_inline_size": null,
                                        "content_position": "center",
                                        "align": "center",
                                        "border_width": {
                                            "unit": "px",
                                            "top": "4",
                                            "right": "4",
                                            "bottom": "4",
                                            "left": "4",
                                            "isLinked": true
                                        },
                                        "border_color": "#FFFFFF",
                                        "box_shadow_box_shadow_type": "yes",
                                        "box_shadow_box_shadow": {
                                            "horizontal": 0,
                                            "vertical": 0,
                                            "blur": 0,
                                            "spread": "",
                                            "color": "#FFFFFF"
                                        },
                                        "box_shadow_box_shadow_position": "inset",
                                        "padding": {
                                            "unit": "px",
                                            "top": "0",
                                            "right": "0",
                                            "bottom": "0",
                                            "left": "0",
                                            "isLinked": true
                                        }
                                    },
                                    "elements": [
                                        {
                                            "id": "7c04f205",
                                            "settings": {
                                                "title": "Natural terrarium",
                                                "header_size": "h6",
                                                "align": "center",
                                                "title_color": "#333333",
                                                "link": {
                                                    "url": "#",
                                                    "is_external": "",
                                                    "nofollow": "",
                                                    "custom_attributes": ""
                                                },
                                                "_padding": {
                                                    "unit": "px",
                                                    "top": "12",
                                                    "right": "24",
                                                    "bottom": "8",
                                                    "left": "24",
                                                    "isLinked": false
                                                },
                                                "_z_index": 2,
                                                "_background_background": "classic",
                                                "_background_color": "#F6FAFB",
                                                "_element_width": "auto"
                                            },
                                            "elements": [],
                                            "isInner": false,
                                            "widgetType": "heading",
                                            "elType": "widget"
                                        }
                                    ],
                                    "isInner": true,
                                    "elType": "column"
                                }
                            ],
                            "isInner": true,
                            "elType": "section"
                        },
                        {
                            "id": "39dda536",
                            "settings": {
                                "margin": {
                                    "unit": "px",
                                    "top": "0",
                                    "right": 0,
                                    "bottom": "48",
                                    "left": 0,
                                    "isLinked": false
                                }
                            },
                            "elements": [
                                {
                                    "id": "40a62535",
                                    "settings": {
                                        "_column_size": 100,
                                        "_inline_size": null,
                                        "padding": {
                                            "unit": "px",
                                            "top": "0",
                                            "right": "0",
                                            "bottom": "0",
                                            "left": "0",
                                            "isLinked": false
                                        }
                                    },
                                    "elements": [
                                        {
                                            "id": "73120ef7",
                                            "settings": {
                                                "text": "Divider",
                                                "color": "#999999",
                                                "gap": {
                                                    "unit": "px",
                                                    "size": 0,
                                                    "sizes": []
                                                },
                                                "_margin": {
                                                    "unit": "px",
                                                    "top": "0",
                                                    "right": "0",
                                                    "bottom": "0",
                                                    "left": "0",
                                                    "isLinked": false
                                                },
                                                "_z_index": 0,
                                                "_position": "absolute",
                                                "_offset_y": {
                                                    "unit": "px",
                                                    "size": 14,
                                                    "sizes": []
                                                }
                                            },
                                            "elements": [],
                                            "isInner": false,
                                            "widgetType": "divider",
                                            "elType": "widget"
                                        },
                                        {
                                            "id": "749c5af8",
                                            "settings": {
                                                "title": "Follow our social media",
                                                "header_size": "h5",
                                                "_margin": {
                                                    "unit": "px",
                                                    "top": "0",
                                                    "right": "0",
                                                    "bottom": "24",
                                                    "left": "0",
                                                    "isLinked": false
                                                },
                                                "_padding": {
                                                    "unit": "px",
                                                    "top": "0",
                                                    "right": "16",
                                                    "bottom": "0",
                                                    "left": "0",
                                                    "isLinked": false
                                                },
                                                "_z_index": 1,
                                                "_background_background": "classic",
                                                "_background_color": "#F2F2F2",
                                                "_element_width": "auto"
                                            },
                                            "elements": [],
                                            "isInner": false,
                                            "widgetType": "heading",
                                            "elType": "widget"
                                        },
                                        {
                                            "id": "56ce75e9",
                                            "settings": {
                                                "social_icon_list": [
                                                    {
                                                        "social_icon": {
                                                            "value": "fab fa-facebook",
                                                            "library": "fa-brands"
                                                        },
                                                        "_id": "137cd67"
                                                    },
                                                    {
                                                        "social_icon": {
                                                            "value": "fab fa-twitter",
                                                            "library": "fa-brands"
                                                        },
                                                        "_id": "eaa720a"
                                                    },
                                                    {
                                                        "social_icon": {
                                                            "value": "fab fa-youtube",
                                                            "library": "fa-brands"
                                                        },
                                                        "_id": "3790639"
                                                    },
                                                    {
                                                        "social_icon": {
                                                            "value": "fab fa-linkedin",
                                                            "library": "fa-brands"
                                                        },
                                                        "_id": "580f044"
                                                    },
                                                    {
                                                        "social_icon": {
                                                            "value": "fab fa-instagram",
                                                            "library": "fa-brands"
                                                        },
                                                        "link": {
                                                            "url": "#",
                                                            "is_external": "true",
                                                            "nofollow": "",
                                                            "custom_attributes": ""
                                                        },
                                                        "_id": "0b75838"
                                                    },
                                                    {
                                                        "social_icon": {
                                                            "value": "fab fa-pinterest",
                                                            "library": "fa-brands"
                                                        },
                                                        "link": {
                                                            "url": "#",
                                                            "is_external": "true",
                                                            "nofollow": "",
                                                            "custom_attributes": ""
                                                        },
                                                        "_id": "2f86553"
                                                    }
                                                ],
                                                "align": "left",
                                                "icon_color": "custom",
                                                "icon_primary_color": "rgba(255, 255, 255, 0)",
                                                "icon_secondary_color": "#333333",
                                                "icon_size": {
                                                    "unit": "px",
                                                    "size": 17,
                                                    "sizes": []
                                                },
                                                "icon_spacing": {
                                                    "unit": "px",
                                                    "size": 8,
                                                    "sizes": []
                                                },
                                                "image_border_border": "solid",
                                                "image_border_width": {
                                                    "unit": "px",
                                                    "top": "1",
                                                    "right": "1",
                                                    "bottom": "1",
                                                    "left": "1",
                                                    "isLinked": true
                                                },
                                                "image_border_color": "#5A5A5A",
                                                "border_radius": {
                                                    "unit": "%",
                                                    "top": "50",
                                                    "right": "50",
                                                    "bottom": "50",
                                                    "left": "50",
                                                    "isLinked": true
                                                },
                                                "_margin": {
                                                    "unit": "px",
                                                    "top": "0",
                                                    "right": "0",
                                                    "bottom": "-15",
                                                    "left": "0",
                                                    "isLinked": false
                                                },
                                                "_padding": {
                                                    "unit": "px",
                                                    "top": "0",
                                                    "right": "0",
                                                    "bottom": "0",
                                                    "left": "0",
                                                    "isLinked": false
                                                },
                                                "align_tablet": "center"
                                            },
                                            "elements": [],
                                            "isInner": false,
                                            "widgetType": "social-icons",
                                            "elType": "widget"
                                        }
                                    ],
                                    "isInner": true,
                                    "elType": "column"
                                }
                            ],
                            "isInner": true,
                            "elType": "section"
                        },
                        {
                            "id": "1f30cd97",
                            "settings": {
                                "gap": "no",
                                "margin": {
                                    "unit": "px",
                                    "top": "0",
                                    "right": 0,
                                    "bottom": "0",
                                    "left": 0,
                                    "isLinked": false
                                }
                            },
                            "elements": [
                                {
                                    "id": "224a32c7",
                                    "settings": {
                                        "_column_size": 100,
                                        "_inline_size": null
                                    },
                                    "elements": [
                                        {
                                            "id": "217bc07e",
                                            "settings": {
                                                "title": "Recent Posts",
                                                "header_size": "h5",
                                                "_margin": {
                                                    "unit": "px",
                                                    "top": "0",
                                                    "right": "0",
                                                    "bottom": "24",
                                                    "left": "0",
                                                    "isLinked": false
                                                },
                                                "_padding": {
                                                    "unit": "px",
                                                    "top": "0",
                                                    "right": "16",
                                                    "bottom": "0",
                                                    "left": "0",
                                                    "isLinked": false
                                                },
                                                "_z_index": 1,
                                                "_background_background": "classic",
                                                "_background_color": "#F2F2F2",
                                                "_element_width": "auto"
                                            },
                                            "elements": [],
                                            "isInner": false,
                                            "widgetType": "heading",
                                            "elType": "widget"
                                        },
                                        {
                                            "id": "634d9d80",
                                            "settings": {
                                                "text": "Divider",
                                                "color": "#999999",
                                                "gap": {
                                                    "unit": "px",
                                                    "size": 0,
                                                    "sizes": []
                                                },
                                                "_margin": {
                                                    "unit": "px",
                                                    "top": "0",
                                                    "right": "0",
                                                    "bottom": "0",
                                                    "left": "0",
                                                    "isLinked": false
                                                },
                                                "_z_index": 0,
                                                "_position": "absolute",
                                                "_offset_y": {
                                                    "unit": "px",
                                                    "size": 14,
                                                    "sizes": []
                                                }
                                            },
                                            "elements": [],
                                            "isInner": false,
                                            "widgetType": "divider",
                                            "elType": "widget"
                                        },
                                        {
                                            "id": "1d9e8792",
                                            "settings": {
                                                "wp": {
                                                    "title": "&nbsp;",
                                                    "number": "5"
                                                },
                                                "_margin": {
                                                    "unit": "px",
                                                    "top": "-53",
                                                    "right": "0",
                                                    "bottom": "48",
                                                    "left": "0",
                                                    "isLinked": false
                                                }
                                            },
                                            "elements": [],
                                            "isInner": false,
                                            "widgetType": "wp-widget-recent-posts",
                                            "elType": "widget"
                                        }
                                    ],
                                    "isInner": true,
                                    "elType": "column"
                                }
                            ],
                            "isInner": true,
                            "elType": "section"
                        },
                        {
                            "id": "30668030",
                            "settings": {
                                "gap": "no",
                                "margin_tablet": {
                                    "unit": "px",
                                    "top": "0",
                                    "right": 0,
                                    "bottom": "48",
                                    "left": 0,
                                    "isLinked": false
                                }
                            },
                            "elements": [
                                {
                                    "id": "55e26a55",
                                    "settings": {
                                        "_column_size": 100,
                                        "_inline_size": null
                                    },
                                    "elements": [
                                        {
                                            "id": "1133eac5",
                                            "settings": {
                                                "text": "Divider",
                                                "color": "#999999",
                                                "gap": {
                                                    "unit": "px",
                                                    "size": 0,
                                                    "sizes": []
                                                },
                                                "_margin": {
                                                    "unit": "px",
                                                    "top": "0",
                                                    "right": "0",
                                                    "bottom": "0",
                                                    "left": "0",
                                                    "isLinked": false
                                                },
                                                "_z_index": 0,
                                                "_position": "absolute",
                                                "_offset_y": {
                                                    "unit": "px",
                                                    "size": 14,
                                                    "sizes": []
                                                }
                                            },
                                            "elements": [],
                                            "isInner": false,
                                            "widgetType": "divider",
                                            "elType": "widget"
                                        },
                                        {
                                            "id": "4ea99d6",
                                            "settings": {
                                                "title": "Subscribe weekly news",
                                                "header_size": "h5",
                                                "_margin": {
                                                    "unit": "px",
                                                    "top": "0",
                                                    "right": "0",
                                                    "bottom": "24",
                                                    "left": "0",
                                                    "isLinked": false
                                                },
                                                "_padding": {
                                                    "unit": "px",
                                                    "top": "0",
                                                    "right": "16",
                                                    "bottom": "0",
                                                    "left": "0",
                                                    "isLinked": false
                                                },
                                                "_z_index": 1,
                                                "_background_background": "classic",
                                                "_background_color": "#F2F2F2",
                                                "_element_width": "auto"
                                            },
                                            "elements": [],
                                            "isInner": false,
                                            "widgetType": "heading",
                                            "elType": "widget"
                                        },
                                        {
                                            "id": "34652e9c",
                                            "settings": {
                                                "editor": "<p>Integer posuere erat a ante venenatis dapibus posuere velit aliquet sites ulla vitae elit libero\u00a0<\/p>",
                                                "text_color": "#777777",
                                                "typography_typography": "custom",
                                                "typography_font_size": {
                                                    "unit": "px",
                                                    "size": 16,
                                                    "sizes": []
                                                }
                                            },
                                            "elements": [],
                                            "isInner": false,
                                            "widgetType": "text-editor",
                                            "elType": "widget"
                                        },
                                        {
                                            "id": "2e231fa7",
                                            "settings": {
                                                "form_name": "New Form",
                                                "form_fields": [
                                                    {
                                                        "custom_id": "name",
                                                        "field_label": "Name",
                                                        "placeholder": "Name",
                                                        "_id": "806f58b"
                                                    },
                                                    {
                                                        "custom_id": "email",
                                                        "field_type": "email",
                                                        "required": "true",
                                                        "field_label": "Email",
                                                        "placeholder": "Email",
                                                        "_id": "5f223ab"
                                                    }
                                                ],
                                                "show_labels": "",
                                                "step_next_label": "Next",
                                                "step_previous_label": "Previous",
                                                "button_text": "Subscribe",
                                                "submit_actions": [
                                                    "email",
                                                    "mailchimp"
                                                ],
                                                "email_content": "[all-fields]",
                                                "email_content_2": "[all-fields]",
                                                "success_message": "The form was sent successfully.",
                                                "error_message": "An error occured.",
                                                "required_field_message": "This field is required.",
                                                "invalid_message": "There's something wrong. The form is invalid.",
                                                "row_gap": {
                                                    "unit": "px",
                                                    "size": 18,
                                                    "sizes": []
                                                },
                                                "button_text_padding": {
                                                    "unit": "px",
                                                    "top": "20",
                                                    "right": "20",
                                                    "bottom": "20",
                                                    "left": "20",
                                                    "isLinked": true
                                                },
                                                "field_background_color": "#FFFFFF"
                                            },
                                            "elements": [],
                                            "isInner": false,
                                            "widgetType": "form",
                                            "elType": "widget"
                                        }
                                    ],
                                    "isInner": true,
                                    "elType": "column"
                                }
                            ],
                            "isInner": true,
                            "elType": "section"
                        }
                    ],
                    "isInner": false,
                    "elType": "column"
                }
            ],
            "isInner": false,
            "elType": "section"
        }
    ]
}