{
    "version": "0.4",
    "title": "FAQ",
    "type": "page",
    "metadata": {
        "template_type": "single-page",
        "include_in_zip": "1",
        "elementor_pro_required": "1",
        "wp_page_template": "elementor_header_footer"
    },
    "content": [
        {
            "id": "3449b264",
            "settings": {
                "layout": "full_width",
                "gap": "wider",
                "custom_height": {
                    "unit": "px",
                    "size": 200,
                    "sizes": []
                },
                "overflow": "hidden",
                "background_background": "classic",
                "background_color": "#F2F2F2",
                "background_image": {
                    "url": "https:\/\/kit.detheme.com\/dexor\/wp-content\/uploads\/sites\/8\/2020\/08\/abstract-line.png",
                    "id": 382
                },
                "background_position": "initial",
                "background_xpos": {
                    "unit": "%",
                    "size": 19,
                    "sizes": []
                },
                "background_ypos": {
                    "unit": "%",
                    "size": 74,
                    "sizes": []
                },
                "background_repeat": "no-repeat",
                "background_size": "cover",
                "background_bg_width": {
                    "unit": "px",
                    "size": 469,
                    "sizes": []
                },
                "background_overlay_background": "classic",
                "background_overlay_color": "#F2F2F2",
                "background_overlay_opacity": {
                    "unit": "px",
                    "size": 0,
                    "sizes": []
                },
                "border_border": "solid",
                "border_width": {
                    "unit": "px",
                    "top": "0",
                    "right": "40",
                    "bottom": "0",
                    "left": "40",
                    "isLinked": false
                },
                "border_color": "#FFFFFF",
                "padding": {
                    "unit": "px",
                    "top": "0",
                    "right": "0",
                    "bottom": "0",
                    "left": "0",
                    "isLinked": false
                },
                "border_width_tablet": {
                    "unit": "px",
                    "top": "0",
                    "right": "0",
                    "bottom": "0",
                    "left": "0",
                    "isLinked": true
                },
                "animation": "fadeIn",
                "animation_duration": "slow",
                "animation_delay": 100
            },
            "elements": [
                {
                    "id": "40166381",
                    "settings": {
                        "_column_size": 100,
                        "_inline_size": null,
                        "padding": {
                            "unit": "px",
                            "top": "128",
                            "right": "0",
                            "bottom": "128",
                            "left": "0",
                            "isLinked": false
                        },
                        "padding_tablet": {
                            "unit": "px",
                            "top": "96",
                            "right": "30",
                            "bottom": "96",
                            "left": "30",
                            "isLinked": false
                        }
                    },
                    "elements": [
                        {
                            "id": "585f1d90",
                            "settings": {
                                "space": {
                                    "unit": "px",
                                    "size": 325,
                                    "sizes": []
                                },
                                "_animation": "slideInLeft",
                                "animation_duration": "slow",
                                "_animation_delay": 500,
                                "_background_background": "classic",
                                "_background_color": "#F2F2F2",
                                "_position": "absolute",
                                "_offset_x": {
                                    "unit": "%",
                                    "size": 100,
                                    "sizes": []
                                },
                                "_offset_orientation_v": "end",
                                "_offset_y": {
                                    "unit": "%",
                                    "size": "",
                                    "sizes": []
                                },
                                "_offset_y_end": {
                                    "unit": "%",
                                    "size": -190,
                                    "sizes": []
                                },
                                "_offset_x_mobile": {
                                    "unit": "%",
                                    "size": 110,
                                    "sizes": []
                                },
                                "_offset_x_tablet": {
                                    "unit": "%",
                                    "size": 105,
                                    "sizes": []
                                }
                            },
                            "elements": [],
                            "isInner": false,
                            "widgetType": "spacer",
                            "elType": "widget"
                        },
                        {
                            "id": "46d15995",
                            "settings": {
                                "title": "FAQ",
                                "header_size": "h1",
                                "align": "center",
                                "_z_index": 2,
                                "align_tablet": "left"
                            },
                            "elements": [],
                            "isInner": false,
                            "widgetType": "heading",
                            "elType": "widget"
                        }
                    ],
                    "isInner": false,
                    "elType": "column"
                }
            ],
            "isInner": false,
            "elType": "section"
        },
        {
            "id": "75c8e58",
            "settings": {
                "gap": "wider",
                "structure": "30",
                "padding": {
                    "unit": "px",
                    "top": "96",
                    "right": "0",
                    "bottom": "24",
                    "left": "0",
                    "isLinked": false
                },
                "padding_tablet": {
                    "unit": "px",
                    "top": "48",
                    "right": "0",
                    "bottom": "48",
                    "left": "0",
                    "isLinked": false
                },
                "reverse_order_mobile": "reverse-mobile"
            },
            "elements": [
                {
                    "id": "6407bacf",
                    "settings": {
                        "_column_size": 33,
                        "_inline_size": 25,
                        "_inline_size_tablet": 40
                    },
                    "elements": [
                        {
                            "id": "16b1b2d8",
                            "settings": {
                                "background_background": "classic",
                                "background_color": "#F2F2F2",
                                "padding": {
                                    "unit": "px",
                                    "top": "32",
                                    "right": "32",
                                    "bottom": "32",
                                    "left": "32",
                                    "isLinked": true
                                },
                                "margin": {
                                    "unit": "px",
                                    "top": "0",
                                    "right": 0,
                                    "bottom": "64",
                                    "left": 0,
                                    "isLinked": false
                                }
                            },
                            "elements": [
                                {
                                    "id": "12c40f18",
                                    "settings": {
                                        "_column_size": 100,
                                        "_inline_size": null
                                    },
                                    "elements": [
                                        {
                                            "id": "5ec1611e",
                                            "settings": {
                                                "icon_list": [
                                                    {
                                                        "text": "Ordering and payment",
                                                        "selected_icon": {
                                                            "value": "fas fa-chevron-right",
                                                            "library": "fa-solid"
                                                        },
                                                        "_id": "e93768a",
                                                        "link": {
                                                            "url": "#1",
                                                            "is_external": "",
                                                            "nofollow": "",
                                                            "custom_attributes": ""
                                                        }
                                                    },
                                                    {
                                                        "text": "Your account",
                                                        "selected_icon": {
                                                            "value": "fas fa-chevron-right",
                                                            "library": "fa-solid"
                                                        },
                                                        "link": {
                                                            "url": "#2",
                                                            "is_external": "",
                                                            "nofollow": "",
                                                            "custom_attributes": ""
                                                        },
                                                        "_id": "edcf340"
                                                    },
                                                    {
                                                        "text": "Delivery",
                                                        "selected_icon": {
                                                            "value": "fas fa-chevron-right",
                                                            "library": "fa-solid"
                                                        },
                                                        "link": {
                                                            "url": "#3",
                                                            "is_external": "",
                                                            "nofollow": "",
                                                            "custom_attributes": ""
                                                        },
                                                        "_id": "92c08db"
                                                    },
                                                    {
                                                        "text": "Refund",
                                                        "selected_icon": {
                                                            "value": "fas fa-chevron-right",
                                                            "library": "fa-solid"
                                                        },
                                                        "link": {
                                                            "url": "#4",
                                                            "is_external": "",
                                                            "nofollow": "",
                                                            "custom_attributes": ""
                                                        },
                                                        "_id": "2704137"
                                                    },
                                                    {
                                                        "text": "Invoice",
                                                        "selected_icon": {
                                                            "value": "fas fa-chevron-right",
                                                            "library": "fa-solid"
                                                        },
                                                        "link": {
                                                            "url": "#5",
                                                            "is_external": "",
                                                            "nofollow": "",
                                                            "custom_attributes": ""
                                                        },
                                                        "_id": "cd7f576"
                                                    },
                                                    {
                                                        "text": "Payment",
                                                        "selected_icon": {
                                                            "value": "fas fa-chevron-right",
                                                            "library": "fa-solid"
                                                        },
                                                        "link": {
                                                            "url": "#6",
                                                            "is_external": "",
                                                            "nofollow": "",
                                                            "custom_attributes": ""
                                                        },
                                                        "_id": "699dded"
                                                    },
                                                    {
                                                        "text": "Shipping",
                                                        "selected_icon": {
                                                            "value": "fas fa-chevron-right",
                                                            "library": "fa-solid"
                                                        },
                                                        "link": {
                                                            "url": "#7",
                                                            "is_external": "",
                                                            "nofollow": "",
                                                            "custom_attributes": ""
                                                        },
                                                        "_id": "01d7323"
                                                    }
                                                ],
                                                "space_between": {
                                                    "unit": "px",
                                                    "size": 12,
                                                    "sizes": []
                                                },
                                                "icon_size": {
                                                    "unit": "px",
                                                    "size": 10,
                                                    "sizes": []
                                                },
                                                "icon_typography_typography": "custom"
                                            },
                                            "elements": [],
                                            "isInner": false,
                                            "widgetType": "icon-list",
                                            "elType": "widget"
                                        }
                                    ],
                                    "isInner": true,
                                    "elType": "column"
                                }
                            ],
                            "isInner": true,
                            "elType": "section"
                        },
                        {
                            "id": "4141605b",
                            "settings": {
                                "height_inner": "min-height",
                                "custom_height_inner": {
                                    "unit": "px",
                                    "size": 329,
                                    "sizes": []
                                },
                                "background_background": "classic",
                                "background_image": {
                                    "url": "https:\/\/kit.detheme.com\/dexor\/wp-content\/uploads\/sites\/8\/2020\/08\/desk-96FVZNK.jpg",
                                    "id": 487
                                },
                                "background_size": "cover",
                                "background_repeat": "no-repeat",
                                "border_width": {
                                    "unit": "px",
                                    "top": "2",
                                    "right": "2",
                                    "bottom": "2",
                                    "left": "2",
                                    "isLinked": true
                                },
                                "border_color": "#FFFFFF",
                                "margin": {
                                    "unit": "px",
                                    "top": "0",
                                    "right": 0,
                                    "bottom": "0",
                                    "left": 0,
                                    "isLinked": false
                                },
                                "background_position_tablet": "center center",
                                "background_position": "bottom center"
                            },
                            "elements": [
                                {
                                    "id": "677d7e6d",
                                    "settings": {
                                        "_column_size": 100,
                                        "_inline_size": null,
                                        "content_position": "center",
                                        "align": "center",
                                        "border_width": {
                                            "unit": "px",
                                            "top": "4",
                                            "right": "4",
                                            "bottom": "4",
                                            "left": "4",
                                            "isLinked": true
                                        },
                                        "border_color": "#FFFFFF",
                                        "box_shadow_box_shadow_type": "yes",
                                        "box_shadow_box_shadow": {
                                            "horizontal": 0,
                                            "vertical": 0,
                                            "blur": 0,
                                            "spread": "",
                                            "color": "#FFFFFF"
                                        },
                                        "box_shadow_box_shadow_position": "inset",
                                        "padding": {
                                            "unit": "px",
                                            "top": "0",
                                            "right": "0",
                                            "bottom": "0",
                                            "left": "0",
                                            "isLinked": true
                                        }
                                    },
                                    "elements": [
                                        {
                                            "id": "615d7697",
                                            "settings": {
                                                "title": "Home office inspiration",
                                                "header_size": "h6",
                                                "align": "center",
                                                "title_color": "#333333",
                                                "link": {
                                                    "url": "#",
                                                    "is_external": "",
                                                    "nofollow": "",
                                                    "custom_attributes": ""
                                                },
                                                "_padding": {
                                                    "unit": "px",
                                                    "top": "12",
                                                    "right": "24",
                                                    "bottom": "8",
                                                    "left": "24",
                                                    "isLinked": false
                                                },
                                                "_z_index": 2,
                                                "_background_background": "classic",
                                                "_background_color": "#FFFFFF",
                                                "_element_width": "auto",
                                                "_margin": {
                                                    "unit": "px",
                                                    "top": "0",
                                                    "right": "0",
                                                    "bottom": "0",
                                                    "left": "0",
                                                    "isLinked": false
                                                }
                                            },
                                            "elements": [],
                                            "isInner": false,
                                            "widgetType": "heading",
                                            "elType": "widget"
                                        }
                                    ],
                                    "isInner": true,
                                    "elType": "column"
                                }
                            ],
                            "isInner": true,
                            "elType": "section"
                        }
                    ],
                    "isInner": false,
                    "elType": "column"
                },
                {
                    "id": "19e328d3",
                    "settings": {
                        "_column_size": 33,
                        "_inline_size": 2.333
                    },
                    "elements": [],
                    "isInner": false,
                    "elType": "column"
                },
                {
                    "id": "39a7347e",
                    "settings": {
                        "_column_size": 33,
                        "_inline_size": 72,
                        "_inline_size_tablet": 56
                    },
                    "elements": [
                        {
                            "id": "15d1db6f",
                            "settings": {
                                "margin": {
                                    "unit": "px",
                                    "top": "0",
                                    "right": 0,
                                    "bottom": "48",
                                    "left": 0,
                                    "isLinked": false
                                },
                                "_element_id": "1"
                            },
                            "elements": [
                                {
                                    "id": "1f5c6bb8",
                                    "settings": {
                                        "_column_size": 100,
                                        "_inline_size": null,
                                        "padding_mobile": {
                                            "unit": "px",
                                            "top": "0",
                                            "right": "0",
                                            "bottom": "0",
                                            "left": "0",
                                            "isLinked": false
                                        }
                                    },
                                    "elements": [
                                        {
                                            "id": "21e4c24e",
                                            "settings": {
                                                "title": "1. Ordering and payment",
                                                "header_size": "h5",
                                                "_margin": {
                                                    "unit": "px",
                                                    "top": "0",
                                                    "right": "0",
                                                    "bottom": "0",
                                                    "left": "0",
                                                    "isLinked": false
                                                },
                                                "_padding": {
                                                    "unit": "px",
                                                    "top": "0",
                                                    "right": "0",
                                                    "bottom": "32",
                                                    "left": "0",
                                                    "isLinked": false
                                                },
                                                "_border_border": "solid",
                                                "_border_width": {
                                                    "unit": "px",
                                                    "top": "0",
                                                    "right": "0",
                                                    "bottom": "1",
                                                    "left": "0",
                                                    "isLinked": false
                                                },
                                                "_border_color": "#DEDEDE"
                                            },
                                            "elements": [],
                                            "isInner": false,
                                            "widgetType": "heading",
                                            "elType": "widget"
                                        },
                                        {
                                            "id": "956805f",
                                            "settings": {
                                                "tabs": [
                                                    {
                                                        "tab_title": "What information should I input when ordering?",
                                                        "tab_content": "Lorem ipsum dolor sit amet, consectetur adipiscing elit. Ut elit tellus, luctus nec ullamcorper mattis, pulvinar dapibus leo.",
                                                        "_id": "28d1f03"
                                                    },
                                                    {
                                                        "tab_title": "How can I order",
                                                        "tab_content": "Lorem ipsum dolor sit amet, consectetur adipiscing elit. Ut elit tellus, luctus nec ullamcorper mattis, pulvinar dapibus leo.",
                                                        "_id": "7ac8611"
                                                    },
                                                    {
                                                        "tab_title": "Why should I buy online?",
                                                        "tab_content": "Lorem ipsum dolor sit amet, consectetur adipiscing elit. Ut elit tellus, luctus nec ullamcorper mattis, pulvinar dapibus leo.",
                                                        "_id": "32b6d8d"
                                                    },
                                                    {
                                                        "tab_title": "What payment methods can I use?",
                                                        "tab_content": "Lorem ipsum dolor sit amet, consectetur adipiscing elit. Ut elit tellus, luctus nec ullamcorper mattis, pulvinar dapibus leo.",
                                                        "_id": "81e45bd"
                                                    }
                                                ],
                                                "selected_icon": {
                                                    "value": "fas fa-angle-down",
                                                    "library": "fa-solid"
                                                },
                                                "selected_active_icon": {
                                                    "value": "fas fa-angle-up",
                                                    "library": "fa-solid"
                                                },
                                                "border_color": "#DEDEDE",
                                                "title_color": "#6B6B6B",
                                                "tab_active_color": "#333333",
                                                "title_padding": {
                                                    "unit": "px",
                                                    "top": "16",
                                                    "right": "0",
                                                    "bottom": "16",
                                                    "left": "0",
                                                    "isLinked": false
                                                },
                                                "icon_align": "right",
                                                "icon_color": "#333333",
                                                "content_padding": {
                                                    "unit": "px",
                                                    "top": "8",
                                                    "right": "0",
                                                    "bottom": "16",
                                                    "left": "0",
                                                    "isLinked": false
                                                },
                                                "title_typography_typography": "custom",
                                                "title_typography_line_height": {
                                                    "unit": "em",
                                                    "size": 1.4,
                                                    "sizes": []
                                                }
                                            },
                                            "elements": [],
                                            "isInner": false,
                                            "widgetType": "toggle",
                                            "elType": "widget"
                                        }
                                    ],
                                    "isInner": true,
                                    "elType": "column"
                                }
                            ],
                            "isInner": true,
                            "elType": "section"
                        },
                        {
                            "id": "1aeb57af",
                            "settings": {
                                "margin": {
                                    "unit": "px",
                                    "top": "0",
                                    "right": 0,
                                    "bottom": "48",
                                    "left": 0,
                                    "isLinked": false
                                },
                                "_element_id": "2"
                            },
                            "elements": [
                                {
                                    "id": "6bb9b66c",
                                    "settings": {
                                        "_column_size": 100,
                                        "_inline_size": null,
                                        "padding_mobile": {
                                            "unit": "px",
                                            "top": "0",
                                            "right": "0",
                                            "bottom": "0",
                                            "left": "0",
                                            "isLinked": false
                                        }
                                    },
                                    "elements": [
                                        {
                                            "id": "2ec21bd0",
                                            "settings": {
                                                "title": "2. Your account",
                                                "header_size": "h5",
                                                "_margin": {
                                                    "unit": "px",
                                                    "top": "0",
                                                    "right": "0",
                                                    "bottom": "0",
                                                    "left": "0",
                                                    "isLinked": false
                                                },
                                                "_padding": {
                                                    "unit": "px",
                                                    "top": "0",
                                                    "right": "0",
                                                    "bottom": "32",
                                                    "left": "0",
                                                    "isLinked": false
                                                },
                                                "_border_border": "solid",
                                                "_border_width": {
                                                    "unit": "px",
                                                    "top": "0",
                                                    "right": "0",
                                                    "bottom": "1",
                                                    "left": "0",
                                                    "isLinked": false
                                                },
                                                "_border_color": "#DEDEDE"
                                            },
                                            "elements": [],
                                            "isInner": false,
                                            "widgetType": "heading",
                                            "elType": "widget"
                                        },
                                        {
                                            "id": "2d07602c",
                                            "settings": {
                                                "tabs": [
                                                    {
                                                        "tab_title": "What information should I input when ordering?",
                                                        "tab_content": "Lorem ipsum dolor sit amet, consectetur adipiscing elit. Ut elit tellus, luctus nec ullamcorper mattis, pulvinar dapibus leo.",
                                                        "_id": "28d1f03"
                                                    },
                                                    {
                                                        "tab_title": "How can I order",
                                                        "tab_content": "Lorem ipsum dolor sit amet, consectetur adipiscing elit. Ut elit tellus, luctus nec ullamcorper mattis, pulvinar dapibus leo.",
                                                        "_id": "7ac8611"
                                                    },
                                                    {
                                                        "tab_title": "Why should I buy online?",
                                                        "tab_content": "Lorem ipsum dolor sit amet, consectetur adipiscing elit. Ut elit tellus, luctus nec ullamcorper mattis, pulvinar dapibus leo.",
                                                        "_id": "32b6d8d"
                                                    },
                                                    {
                                                        "tab_title": "What payment methods can I use?",
                                                        "tab_content": "Lorem ipsum dolor sit amet, consectetur adipiscing elit. Ut elit tellus, luctus nec ullamcorper mattis, pulvinar dapibus leo.",
                                                        "_id": "81e45bd"
                                                    }
                                                ],
                                                "selected_icon": {
                                                    "value": "fas fa-angle-down",
                                                    "library": "fa-solid"
                                                },
                                                "selected_active_icon": {
                                                    "value": "fas fa-angle-up",
                                                    "library": "fa-solid"
                                                },
                                                "border_color": "#DEDEDE",
                                                "title_color": "#6B6B6B",
                                                "tab_active_color": "#333333",
                                                "title_padding": {
                                                    "unit": "px",
                                                    "top": "16",
                                                    "right": "0",
                                                    "bottom": "16",
                                                    "left": "0",
                                                    "isLinked": false
                                                },
                                                "icon_align": "right",
                                                "icon_color": "#333333",
                                                "content_padding": {
                                                    "unit": "px",
                                                    "top": "8",
                                                    "right": "0",
                                                    "bottom": "16",
                                                    "left": "0",
                                                    "isLinked": false
                                                },
                                                "title_typography_typography": "custom",
                                                "title_typography_line_height": {
                                                    "unit": "em",
                                                    "size": 1.4,
                                                    "sizes": []
                                                }
                                            },
                                            "elements": [],
                                            "isInner": false,
                                            "widgetType": "toggle",
                                            "elType": "widget"
                                        }
                                    ],
                                    "isInner": true,
                                    "elType": "column"
                                }
                            ],
                            "isInner": true,
                            "elType": "section"
                        },
                        {
                            "id": "1dcbd43d",
                            "settings": {
                                "margin": {
                                    "unit": "px",
                                    "top": "0",
                                    "right": 0,
                                    "bottom": "48",
                                    "left": 0,
                                    "isLinked": false
                                },
                                "_element_id": "3"
                            },
                            "elements": [
                                {
                                    "id": "63ab3b8",
                                    "settings": {
                                        "_column_size": 100,
                                        "_inline_size": null,
                                        "padding_mobile": {
                                            "unit": "px",
                                            "top": "0",
                                            "right": "0",
                                            "bottom": "0",
                                            "left": "0",
                                            "isLinked": false
                                        }
                                    },
                                    "elements": [
                                        {
                                            "id": "1d16143d",
                                            "settings": {
                                                "title": "3. Delivery",
                                                "header_size": "h5",
                                                "_margin": {
                                                    "unit": "px",
                                                    "top": "0",
                                                    "right": "0",
                                                    "bottom": "0",
                                                    "left": "0",
                                                    "isLinked": false
                                                },
                                                "_padding": {
                                                    "unit": "px",
                                                    "top": "0",
                                                    "right": "0",
                                                    "bottom": "32",
                                                    "left": "0",
                                                    "isLinked": false
                                                },
                                                "_border_border": "solid",
                                                "_border_width": {
                                                    "unit": "px",
                                                    "top": "0",
                                                    "right": "0",
                                                    "bottom": "1",
                                                    "left": "0",
                                                    "isLinked": false
                                                },
                                                "_border_color": "#DEDEDE"
                                            },
                                            "elements": [],
                                            "isInner": false,
                                            "widgetType": "heading",
                                            "elType": "widget"
                                        },
                                        {
                                            "id": "df540f3",
                                            "settings": {
                                                "tabs": [
                                                    {
                                                        "tab_title": "What information should I input when ordering?",
                                                        "tab_content": "Lorem ipsum dolor sit amet, consectetur adipiscing elit. Ut elit tellus, luctus nec ullamcorper mattis, pulvinar dapibus leo.",
                                                        "_id": "28d1f03"
                                                    },
                                                    {
                                                        "tab_title": "How can I order",
                                                        "tab_content": "Lorem ipsum dolor sit amet, consectetur adipiscing elit. Ut elit tellus, luctus nec ullamcorper mattis, pulvinar dapibus leo.",
                                                        "_id": "7ac8611"
                                                    },
                                                    {
                                                        "tab_title": "Why should I buy online?",
                                                        "tab_content": "Lorem ipsum dolor sit amet, consectetur adipiscing elit. Ut elit tellus, luctus nec ullamcorper mattis, pulvinar dapibus leo.",
                                                        "_id": "32b6d8d"
                                                    },
                                                    {
                                                        "tab_title": "What payment methods can I use?",
                                                        "tab_content": "Lorem ipsum dolor sit amet, consectetur adipiscing elit. Ut elit tellus, luctus nec ullamcorper mattis, pulvinar dapibus leo.",
                                                        "_id": "81e45bd"
                                                    }
                                                ],
                                                "selected_icon": {
                                                    "value": "fas fa-angle-down",
                                                    "library": "fa-solid"
                                                },
                                                "selected_active_icon": {
                                                    "value": "fas fa-angle-up",
                                                    "library": "fa-solid"
                                                },
                                                "border_color": "#DEDEDE",
                                                "title_color": "#6B6B6B",
                                                "tab_active_color": "#333333",
                                                "title_padding": {
                                                    "unit": "px",
                                                    "top": "16",
                                                    "right": "0",
                                                    "bottom": "16",
                                                    "left": "0",
                                                    "isLinked": false
                                                },
                                                "icon_align": "right",
                                                "icon_color": "#333333",
                                                "content_padding": {
                                                    "unit": "px",
                                                    "top": "8",
                                                    "right": "0",
                                                    "bottom": "16",
                                                    "left": "0",
                                                    "isLinked": false
                                                },
                                                "title_typography_typography": "custom",
                                                "title_typography_line_height": {
                                                    "unit": "em",
                                                    "size": 1.4,
                                                    "sizes": []
                                                }
                                            },
                                            "elements": [],
                                            "isInner": false,
                                            "widgetType": "toggle",
                                            "elType": "widget"
                                        }
                                    ],
                                    "isInner": true,
                                    "elType": "column"
                                }
                            ],
                            "isInner": true,
                            "elType": "section"
                        },
                        {
                            "id": "7bdd9577",
                            "settings": {
                                "margin": {
                                    "unit": "px",
                                    "top": "0",
                                    "right": 0,
                                    "bottom": "48",
                                    "left": 0,
                                    "isLinked": false
                                },
                                "_element_id": "4"
                            },
                            "elements": [
                                {
                                    "id": "f33d0d6",
                                    "settings": {
                                        "_column_size": 100,
                                        "_inline_size": null,
                                        "padding_mobile": {
                                            "unit": "px",
                                            "top": "0",
                                            "right": "0",
                                            "bottom": "0",
                                            "left": "0",
                                            "isLinked": false
                                        }
                                    },
                                    "elements": [
                                        {
                                            "id": "3f00462f",
                                            "settings": {
                                                "title": "4. Refund",
                                                "header_size": "h5",
                                                "_margin": {
                                                    "unit": "px",
                                                    "top": "0",
                                                    "right": "0",
                                                    "bottom": "0",
                                                    "left": "0",
                                                    "isLinked": false
                                                },
                                                "_padding": {
                                                    "unit": "px",
                                                    "top": "0",
                                                    "right": "0",
                                                    "bottom": "32",
                                                    "left": "0",
                                                    "isLinked": false
                                                },
                                                "_border_border": "solid",
                                                "_border_width": {
                                                    "unit": "px",
                                                    "top": "0",
                                                    "right": "0",
                                                    "bottom": "1",
                                                    "left": "0",
                                                    "isLinked": false
                                                },
                                                "_border_color": "#DEDEDE"
                                            },
                                            "elements": [],
                                            "isInner": false,
                                            "widgetType": "heading",
                                            "elType": "widget"
                                        },
                                        {
                                            "id": "4022d37",
                                            "settings": {
                                                "tabs": [
                                                    {
                                                        "tab_title": "What information should I input when ordering?",
                                                        "tab_content": "Lorem ipsum dolor sit amet, consectetur adipiscing elit. Ut elit tellus, luctus nec ullamcorper mattis, pulvinar dapibus leo.",
                                                        "_id": "28d1f03"
                                                    },
                                                    {
                                                        "tab_title": "How can I order",
                                                        "tab_content": "Lorem ipsum dolor sit amet, consectetur adipiscing elit. Ut elit tellus, luctus nec ullamcorper mattis, pulvinar dapibus leo.",
                                                        "_id": "7ac8611"
                                                    },
                                                    {
                                                        "tab_title": "Why should I buy online?",
                                                        "tab_content": "Lorem ipsum dolor sit amet, consectetur adipiscing elit. Ut elit tellus, luctus nec ullamcorper mattis, pulvinar dapibus leo.",
                                                        "_id": "32b6d8d"
                                                    },
                                                    {
                                                        "tab_title": "What payment methods can I use?",
                                                        "tab_content": "Lorem ipsum dolor sit amet, consectetur adipiscing elit. Ut elit tellus, luctus nec ullamcorper mattis, pulvinar dapibus leo.",
                                                        "_id": "81e45bd"
                                                    }
                                                ],
                                                "selected_icon": {
                                                    "value": "fas fa-angle-down",
                                                    "library": "fa-solid"
                                                },
                                                "selected_active_icon": {
                                                    "value": "fas fa-angle-up",
                                                    "library": "fa-solid"
                                                },
                                                "border_color": "#DEDEDE",
                                                "title_color": "#6B6B6B",
                                                "tab_active_color": "#333333",
                                                "title_padding": {
                                                    "unit": "px",
                                                    "top": "16",
                                                    "right": "0",
                                                    "bottom": "16",
                                                    "left": "0",
                                                    "isLinked": false
                                                },
                                                "icon_align": "right",
                                                "icon_color": "#333333",
                                                "content_padding": {
                                                    "unit": "px",
                                                    "top": "8",
                                                    "right": "0",
                                                    "bottom": "16",
                                                    "left": "0",
                                                    "isLinked": false
                                                },
                                                "title_typography_typography": "custom",
                                                "title_typography_line_height": {
                                                    "unit": "em",
                                                    "size": 1.4,
                                                    "sizes": []
                                                }
                                            },
                                            "elements": [],
                                            "isInner": false,
                                            "widgetType": "toggle",
                                            "elType": "widget"
                                        }
                                    ],
                                    "isInner": true,
                                    "elType": "column"
                                }
                            ],
                            "isInner": true,
                            "elType": "section"
                        },
                        {
                            "id": "3fc6a33b",
                            "settings": {
                                "margin": {
                                    "unit": "px",
                                    "top": "0",
                                    "right": 0,
                                    "bottom": "48",
                                    "left": 0,
                                    "isLinked": false
                                },
                                "_element_id": "5"
                            },
                            "elements": [
                                {
                                    "id": "63b784a2",
                                    "settings": {
                                        "_column_size": 100,
                                        "_inline_size": null,
                                        "padding_mobile": {
                                            "unit": "px",
                                            "top": "0",
                                            "right": "0",
                                            "bottom": "0",
                                            "left": "0",
                                            "isLinked": false
                                        }
                                    },
                                    "elements": [
                                        {
                                            "id": "2ce3fbd3",
                                            "settings": {
                                                "title": "5. Invoice",
                                                "header_size": "h5",
                                                "_margin": {
                                                    "unit": "px",
                                                    "top": "0",
                                                    "right": "0",
                                                    "bottom": "0",
                                                    "left": "0",
                                                    "isLinked": false
                                                },
                                                "_padding": {
                                                    "unit": "px",
                                                    "top": "0",
                                                    "right": "0",
                                                    "bottom": "32",
                                                    "left": "0",
                                                    "isLinked": false
                                                },
                                                "_border_border": "solid",
                                                "_border_width": {
                                                    "unit": "px",
                                                    "top": "0",
                                                    "right": "0",
                                                    "bottom": "1",
                                                    "left": "0",
                                                    "isLinked": false
                                                },
                                                "_border_color": "#DEDEDE"
                                            },
                                            "elements": [],
                                            "isInner": false,
                                            "widgetType": "heading",
                                            "elType": "widget"
                                        },
                                        {
                                            "id": "708f1a08",
                                            "settings": {
                                                "tabs": [
                                                    {
                                                        "tab_title": "What information should I input when ordering?",
                                                        "tab_content": "Lorem ipsum dolor sit amet, consectetur adipiscing elit. Ut elit tellus, luctus nec ullamcorper mattis, pulvinar dapibus leo.",
                                                        "_id": "28d1f03"
                                                    },
                                                    {
                                                        "tab_title": "How can I order",
                                                        "tab_content": "Lorem ipsum dolor sit amet, consectetur adipiscing elit. Ut elit tellus, luctus nec ullamcorper mattis, pulvinar dapibus leo.",
                                                        "_id": "7ac8611"
                                                    },
                                                    {
                                                        "tab_title": "Why should I buy online?",
                                                        "tab_content": "Lorem ipsum dolor sit amet, consectetur adipiscing elit. Ut elit tellus, luctus nec ullamcorper mattis, pulvinar dapibus leo.",
                                                        "_id": "32b6d8d"
                                                    },
                                                    {
                                                        "tab_title": "What payment methods can I use?",
                                                        "tab_content": "Lorem ipsum dolor sit amet, consectetur adipiscing elit. Ut elit tellus, luctus nec ullamcorper mattis, pulvinar dapibus leo.",
                                                        "_id": "81e45bd"
                                                    }
                                                ],
                                                "selected_icon": {
                                                    "value": "fas fa-angle-down",
                                                    "library": "fa-solid"
                                                },
                                                "selected_active_icon": {
                                                    "value": "fas fa-angle-up",
                                                    "library": "fa-solid"
                                                },
                                                "border_color": "#DEDEDE",
                                                "title_color": "#6B6B6B",
                                                "tab_active_color": "#333333",
                                                "title_padding": {
                                                    "unit": "px",
                                                    "top": "16",
                                                    "right": "0",
                                                    "bottom": "16",
                                                    "left": "0",
                                                    "isLinked": false
                                                },
                                                "icon_align": "right",
                                                "icon_color": "#333333",
                                                "content_padding": {
                                                    "unit": "px",
                                                    "top": "8",
                                                    "right": "0",
                                                    "bottom": "16",
                                                    "left": "0",
                                                    "isLinked": false
                                                },
                                                "title_typography_typography": "custom",
                                                "title_typography_line_height": {
                                                    "unit": "em",
                                                    "size": 1.4,
                                                    "sizes": []
                                                }
                                            },
                                            "elements": [],
                                            "isInner": false,
                                            "widgetType": "toggle",
                                            "elType": "widget"
                                        }
                                    ],
                                    "isInner": true,
                                    "elType": "column"
                                }
                            ],
                            "isInner": true,
                            "elType": "section"
                        },
                        {
                            "id": "4250b5fa",
                            "settings": {
                                "margin": {
                                    "unit": "px",
                                    "top": "0",
                                    "right": 0,
                                    "bottom": "48",
                                    "left": 0,
                                    "isLinked": false
                                },
                                "_element_id": "6"
                            },
                            "elements": [
                                {
                                    "id": "3735fb88",
                                    "settings": {
                                        "_column_size": 100,
                                        "_inline_size": null,
                                        "padding_mobile": {
                                            "unit": "px",
                                            "top": "0",
                                            "right": "0",
                                            "bottom": "0",
                                            "left": "0",
                                            "isLinked": false
                                        }
                                    },
                                    "elements": [
                                        {
                                            "id": "716580a1",
                                            "settings": {
                                                "title": "6. Payment",
                                                "header_size": "h5",
                                                "_margin": {
                                                    "unit": "px",
                                                    "top": "0",
                                                    "right": "0",
                                                    "bottom": "0",
                                                    "left": "0",
                                                    "isLinked": false
                                                },
                                                "_padding": {
                                                    "unit": "px",
                                                    "top": "0",
                                                    "right": "0",
                                                    "bottom": "32",
                                                    "left": "0",
                                                    "isLinked": false
                                                },
                                                "_border_border": "solid",
                                                "_border_width": {
                                                    "unit": "px",
                                                    "top": "0",
                                                    "right": "0",
                                                    "bottom": "1",
                                                    "left": "0",
                                                    "isLinked": false
                                                },
                                                "_border_color": "#DEDEDE"
                                            },
                                            "elements": [],
                                            "isInner": false,
                                            "widgetType": "heading",
                                            "elType": "widget"
                                        },
                                        {
                                            "id": "7e25bca0",
                                            "settings": {
                                                "tabs": [
                                                    {
                                                        "tab_title": "What information should I input when ordering?",
                                                        "tab_content": "Lorem ipsum dolor sit amet, consectetur adipiscing elit. Ut elit tellus, luctus nec ullamcorper mattis, pulvinar dapibus leo.",
                                                        "_id": "28d1f03"
                                                    },
                                                    {
                                                        "tab_title": "How can I order",
                                                        "tab_content": "Lorem ipsum dolor sit amet, consectetur adipiscing elit. Ut elit tellus, luctus nec ullamcorper mattis, pulvinar dapibus leo.",
                                                        "_id": "7ac8611"
                                                    },
                                                    {
                                                        "tab_title": "Why should I buy online?",
                                                        "tab_content": "Lorem ipsum dolor sit amet, consectetur adipiscing elit. Ut elit tellus, luctus nec ullamcorper mattis, pulvinar dapibus leo.",
                                                        "_id": "32b6d8d"
                                                    },
                                                    {
                                                        "tab_title": "What payment methods can I use?",
                                                        "tab_content": "Lorem ipsum dolor sit amet, consectetur adipiscing elit. Ut elit tellus, luctus nec ullamcorper mattis, pulvinar dapibus leo.",
                                                        "_id": "81e45bd"
                                                    }
                                                ],
                                                "selected_icon": {
                                                    "value": "fas fa-angle-down",
                                                    "library": "fa-solid"
                                                },
                                                "selected_active_icon": {
                                                    "value": "fas fa-angle-up",
                                                    "library": "fa-solid"
                                                },
                                                "border_color": "#DEDEDE",
                                                "title_color": "#6B6B6B",
                                                "tab_active_color": "#333333",
                                                "title_padding": {
                                                    "unit": "px",
                                                    "top": "16",
                                                    "right": "0",
                                                    "bottom": "16",
                                                    "left": "0",
                                                    "isLinked": false
                                                },
                                                "icon_align": "right",
                                                "icon_color": "#333333",
                                                "content_padding": {
                                                    "unit": "px",
                                                    "top": "8",
                                                    "right": "0",
                                                    "bottom": "16",
                                                    "left": "0",
                                                    "isLinked": false
                                                },
                                                "title_typography_typography": "custom",
                                                "title_typography_line_height": {
                                                    "unit": "em",
                                                    "size": 1.4,
                                                    "sizes": []
                                                }
                                            },
                                            "elements": [],
                                            "isInner": false,
                                            "widgetType": "toggle",
                                            "elType": "widget"
                                        }
                                    ],
                                    "isInner": true,
                                    "elType": "column"
                                }
                            ],
                            "isInner": true,
                            "elType": "section"
                        },
                        {
                            "id": "5f69f77a",
                            "settings": {
                                "margin": {
                                    "unit": "px",
                                    "top": "0",
                                    "right": 0,
                                    "bottom": "0",
                                    "left": 0,
                                    "isLinked": false
                                },
                                "z_index": 7
                            },
                            "elements": [
                                {
                                    "id": "4adf2e5c",
                                    "settings": {
                                        "_column_size": 100,
                                        "_inline_size": null,
                                        "padding_mobile": {
                                            "unit": "px",
                                            "top": "0",
                                            "right": "0",
                                            "bottom": "0",
                                            "left": "0",
                                            "isLinked": false
                                        }
                                    },
                                    "elements": [
                                        {
                                            "id": "b841a59",
                                            "settings": {
                                                "title": "7. Shipping",
                                                "header_size": "h5",
                                                "_margin": {
                                                    "unit": "px",
                                                    "top": "0",
                                                    "right": "0",
                                                    "bottom": "0",
                                                    "left": "0",
                                                    "isLinked": false
                                                },
                                                "_padding": {
                                                    "unit": "px",
                                                    "top": "0",
                                                    "right": "0",
                                                    "bottom": "32",
                                                    "left": "0",
                                                    "isLinked": false
                                                },
                                                "_border_border": "solid",
                                                "_border_width": {
                                                    "unit": "px",
                                                    "top": "0",
                                                    "right": "0",
                                                    "bottom": "1",
                                                    "left": "0",
                                                    "isLinked": false
                                                },
                                                "_border_color": "#DEDEDE"
                                            },
                                            "elements": [],
                                            "isInner": false,
                                            "widgetType": "heading",
                                            "elType": "widget"
                                        },
                                        {
                                            "id": "64c8748",
                                            "settings": {
                                                "tabs": [
                                                    {
                                                        "tab_title": "What information should I input when ordering?",
                                                        "tab_content": "Lorem ipsum dolor sit amet, consectetur adipiscing elit. Ut elit tellus, luctus nec ullamcorper mattis, pulvinar dapibus leo.",
                                                        "_id": "28d1f03"
                                                    },
                                                    {
                                                        "tab_title": "How can I order",
                                                        "tab_content": "Lorem ipsum dolor sit amet, consectetur adipiscing elit. Ut elit tellus, luctus nec ullamcorper mattis, pulvinar dapibus leo.",
                                                        "_id": "7ac8611"
                                                    },
                                                    {
                                                        "tab_title": "Why should I buy online?",
                                                        "tab_content": "Lorem ipsum dolor sit amet, consectetur adipiscing elit. Ut elit tellus, luctus nec ullamcorper mattis, pulvinar dapibus leo.",
                                                        "_id": "32b6d8d"
                                                    },
                                                    {
                                                        "tab_title": "What payment methods can I use?",
                                                        "tab_content": "Lorem ipsum dolor sit amet, consectetur adipiscing elit. Ut elit tellus, luctus nec ullamcorper mattis, pulvinar dapibus leo.",
                                                        "_id": "81e45bd"
                                                    }
                                                ],
                                                "selected_icon": {
                                                    "value": "fas fa-angle-down",
                                                    "library": "fa-solid"
                                                },
                                                "selected_active_icon": {
                                                    "value": "fas fa-angle-up",
                                                    "library": "fa-solid"
                                                },
                                                "border_color": "#DEDEDE",
                                                "title_color": "#6B6B6B",
                                                "tab_active_color": "#333333",
                                                "title_padding": {
                                                    "unit": "px",
                                                    "top": "16",
                                                    "right": "0",
                                                    "bottom": "16",
                                                    "left": "0",
                                                    "isLinked": false
                                                },
                                                "icon_align": "right",
                                                "icon_color": "#333333",
                                                "content_padding": {
                                                    "unit": "px",
                                                    "top": "8",
                                                    "right": "0",
                                                    "bottom": "16",
                                                    "left": "0",
                                                    "isLinked": false
                                                },
                                                "title_typography_typography": "custom",
                                                "title_typography_line_height": {
                                                    "unit": "em",
                                                    "size": 1.4,
                                                    "sizes": []
                                                }
                                            },
                                            "elements": [],
                                            "isInner": false,
                                            "widgetType": "toggle",
                                            "elType": "widget"
                                        }
                                    ],
                                    "isInner": true,
                                    "elType": "column"
                                }
                            ],
                            "isInner": true,
                            "elType": "section"
                        }
                    ],
                    "isInner": false,
                    "elType": "column"
                }
            ],
            "isInner": false,
            "elType": "section"
        }
    ]
}