{
    "version": "0.4",
    "title": "Global Kit Styles",
    "type": "section",
    "metadata": {
        "template_type": "global-styles",
        "include_in_zip": "1",
        "elementor_pro_required": "1",
        "additional_template_information": [
            "These are the global theme styles configured through the Elementor Theme Styles area."
        ],
        "wp_page_template": "default"
    },
    "content": [],
    "page_settings": {
        "body_color": "#6B6B6B",
        "body_typography_typography": "custom",
        "body_typography_font_family": "Hind Siliguri",
        "body_typography_font_size": {
            "unit": "px",
            "size": 16,
            "sizes": []
        },
        "body_typography_font_weight": "300",
        "body_typography_line_height": {
            "unit": "em",
            "size": 1.5,
            "sizes": []
        },
        "paragraph_spacing": {
            "unit": "em",
            "size": 1.5,
            "sizes": []
        },
        "link_normal_color": "#000000",
        "link_normal_typography_typography": "custom",
        "h1_color": "#333333",
        "h1_typography_typography": "custom",
        "h1_typography_font_family": "Hind Siliguri",
        "h1_typography_font_size": {
            "unit": "px",
            "size": 68,
            "sizes": []
        },
        "h1_typography_font_weight": "700",
        "h1_typography_line_height": {
            "unit": "em",
            "size": 1,
            "sizes": []
        },
        "h2_color": "#333333",
        "h2_typography_typography": "custom",
        "h2_typography_font_family": "Hind Siliguri",
        "h2_typography_font_size": {
            "unit": "px",
            "size": 50,
            "sizes": []
        },
        "h2_typography_font_weight": "700",
        "h2_typography_line_height": {
            "unit": "em",
            "size": 1.1,
            "sizes": []
        },
        "h3_color": "#333333",
        "h3_typography_typography": "custom",
        "h3_typography_font_family": "Hind Siliguri",
        "h3_typography_font_size": {
            "unit": "px",
            "size": 38,
            "sizes": []
        },
        "h3_typography_font_weight": "700",
        "h3_typography_line_height": {
            "unit": "em",
            "size": 1.2,
            "sizes": []
        },
        "h4_color": "#333333",
        "h4_typography_typography": "custom",
        "h4_typography_font_size": {
            "unit": "px",
            "size": 28,
            "sizes": []
        },
        "h4_typography_font_weight": "700",
        "h4_typography_line_height": {
            "unit": "em",
            "size": 1.3,
            "sizes": []
        },
        "h5_color": "#333333",
        "h5_typography_typography": "custom",
        "h5_typography_font_family": "Hind Siliguri",
        "h5_typography_font_size": {
            "unit": "px",
            "size": 21,
            "sizes": []
        },
        "h5_typography_font_weight": "700",
        "h5_typography_line_height": {
            "unit": "em",
            "size": 1.4,
            "sizes": []
        },
        "h6_color": "#333333",
        "h6_typography_typography": "custom",
        "h6_typography_font_family": "Hind Siliguri",
        "h6_typography_font_size": {
            "unit": "px",
            "size": 16,
            "sizes": []
        },
        "h6_typography_font_weight": "700",
        "h6_typography_line_height": {
            "unit": "em",
            "size": 1.5,
            "sizes": []
        },
        "button_typography_typography": "custom",
        "button_typography_font_size": {
            "unit": "px",
            "size": 12,
            "sizes": []
        },
        "button_typography_font_weight": "500",
        "button_typography_text_transform": "uppercase",
        "button_typography_letter_spacing": {
            "unit": "px",
            "size": 2,
            "sizes": []
        },
        "button_text_color": "#FFFFFF",
        "button_background_color": "#333333",
        "button_border_border": "solid",
        "button_border_width": {
            "unit": "px",
            "top": "0",
            "right": "0",
            "bottom": "0",
            "left": "0",
            "isLinked": true
        },
        "button_border_radius": {
            "unit": "px",
            "top": "75",
            "right": "75",
            "bottom": "75",
            "left": "75",
            "isLinked": true
        },
        "button_hover_background_color": "#000000",
        "h1_typography_font_size_tablet": {
            "unit": "px",
            "size": 50,
            "sizes": []
        },
        "h2_typography_font_size_tablet": {
            "unit": "px",
            "size": 38,
            "sizes": []
        },
        "h3_typography_font_size_tablet": {
            "unit": "px",
            "size": 28,
            "sizes": []
        },
        "h4_typography_font_size_tablet": {
            "unit": "px",
            "size": 21,
            "sizes": []
        },
        "form_field_border_border": "solid",
        "form_field_border_width": {
            "unit": "px",
            "top": "1",
            "right": "1",
            "bottom": "1",
            "left": "1",
            "isLinked": true
        },
        "form_field_border_color": "#DEDEDE",
        "form_field_padding": {
            "unit": "px",
            "top": "12",
            "right": "12",
            "bottom": "12",
            "left": "12",
            "isLinked": true
        },
        "default_generic_fonts": "Sans-serif",
        "container_width": {
            "unit": "px",
            "size": "1300",
            "sizes": []
        },
        "viewport_md": "",
        "viewport_lg": "",
        "custom_colors": [
            {
                "_id": "2a8c938d",
                "title": "Saved Color #1",
                "color": "#333333"
            },
            {
                "_id": "4ab33001",
                "title": "Saved Color #2",
                "color": "#6B6B6B"
            },
            {
                "_id": "28b6ea98",
                "title": "Saved Color #3",
                "color": "#FFFFFF"
            },
            {
                "_id": "34cb65ea",
                "title": "Saved Color #4",
                "color": "#F2F2F2"
            },
            {
                "_id": "7013e676",
                "title": "Saved Color #5",
                "color": "#DEDEDE"
            },
            {
                "_id": "6e4e1d83",
                "title": "Saved Color #6",
                "color": "#010202"
            },
            {
                "_id": "2fb30f47",
                "title": "Saved Color #7",
                "color": "#4D87BD"
            }
        ],
        "system_colors": [
            {
                "_id": "primary",
                "title": "Primary",
                "color": "#6EC1E4"
            },
            {
                "_id": "secondary",
                "title": "Secondary",
                "color": "#54595F"
            },
            {
                "_id": "text",
                "title": "Text",
                "color": "#7A7A7A"
            },
            {
                "_id": "accent",
                "title": "Accent",
                "color": "#61CE70"
            }
        ],
        "system_typography": [
            {
                "_id": "primary",
                "title": "Primary",
                "typography_typography": "custom",
                "typography_font_family": "Roboto",
                "typography_font_weight": "600"
            },
            {
                "_id": "secondary",
                "title": "Secondary",
                "typography_typography": "custom",
                "typography_font_family": "Roboto Slab",
                "typography_font_weight": "400"
            },
            {
                "_id": "text",
                "title": "Text",
                "typography_typography": "custom",
                "typography_font_family": "Roboto",
                "typography_font_weight": "400"
            },
            {
                "_id": "accent",
                "title": "Accent",
                "typography_typography": "custom",
                "typography_font_family": "Roboto",
                "typography_font_weight": "500"
            }
        ],
        "custom_typography": [],
        "site_name": "Dexor \u2014 Premium Home decor elementor kit",
        "site_description": "Just another Premium Elementor Kit Templates site",
        "space_between_widgets": {
            "unit": "px",
            "size": 0,
            "sizes": []
        },
        "page_title_selector": "h1.entry-title"
    }
}