{
    "version": "0.4",
    "title": "Header",
    "type": "header",
    "metadata": {
        "template_type": "section-header",
        "include_in_zip": "1",
        "elementor_pro_required": "1",
        "elementor_library_type": "header",
        "elementor_pro_conditions": [
            "include\/general"
        ],
        "additional_template_information": [
            "This is a \"Header\" template for Elementor Pro.",
            "This template will display on: Entire Site."
        ],
        "wp_page_template": "default"
    },
    "content": [
        {
            "id": "4ca2d9d5",
            "settings": {
                "structure": "30",
                "gap": "wider",
                "z_index": 999,
                "reverse_order_tablet": "reverse-tablet",
                "reverse_order_mobile": "reverse-mobile"
            },
            "elements": [
                {
                    "id": "5c9c86d3",
                    "settings": {
                        "_column_size": 33,
                        "_inline_size": 40,
                        "content_position": "center",
                        "_inline_size_tablet": 50,
                        "_inline_size_mobile": 50,
                        "align_tablet": "flex-end",
                        "padding_tablet": {
                            "unit": "px",
                            "top": "16",
                            "right": "30",
                            "bottom": "16",
                            "left": "30",
                            "isLinked": false
                        }
                    },
                    "elements": [
                        {
                            "id": "35f0a962",
                            "settings": {
                                "padding_horizontal_menu_item": {
                                    "unit": "px",
                                    "size": 0,
                                    "sizes": []
                                },
                                "menu_space_between": {
                                    "unit": "px",
                                    "size": 32,
                                    "sizes": []
                                },
                                "animation_text": "skew",
                                "indicator": "chevron",
                                "full_width": "stretch",
                                "menu_typography_typography": "custom",
                                "menu_typography_font_size": {
                                    "unit": "px",
                                    "size": 13,
                                    "sizes": []
                                },
                                "menu_typography_font_weight": "600",
                                "menu_typography_text_transform": "uppercase",
                                "menu_typography_letter_spacing": {
                                    "unit": "px",
                                    "size": 2,
                                    "sizes": []
                                },
                                "color_menu_item": "#333333",
                                "dropdown_typography_typography": "custom",
                                "dropdown_typography_font_weight": "500",
                                "dropdown_typography_text_transform": "uppercase",
                                "dropdown_typography_letter_spacing": {
                                    "unit": "px",
                                    "size": 2,
                                    "sizes": []
                                },
                                "dropdown_border_border": "solid",
                                "dropdown_border_width": {
                                    "unit": "px",
                                    "top": "16",
                                    "right": "12",
                                    "bottom": "16",
                                    "left": "0",
                                    "isLinked": false
                                },
                                "dropdown_border_color": "#FFFFFF",
                                "dropdown_border_radius": {
                                    "unit": "px",
                                    "top": "2",
                                    "right": "2",
                                    "bottom": "2",
                                    "left": "2",
                                    "isLinked": true
                                },
                                "dropdown_box_shadow_box_shadow_type": "yes",
                                "dropdown_box_shadow_box_shadow": {
                                    "horizontal": 0,
                                    "vertical": 0,
                                    "blur": 30,
                                    "spread": 0,
                                    "color": "rgba(0, 0, 0, 0.06)"
                                },
                                "_z_index": 999,
                                "padding_horizontal_dropdown_item_tablet": {
                                    "unit": "px",
                                    "size": 30,
                                    "sizes": []
                                },
                                "_element_width_tablet": "auto",
                                "animation_line": "drop-out",
                                "color_menu_item_hover": "#333333",
                                "pointer_color_menu_item_hover": "#6B6B6B",
                                "color_menu_item_active": "#000000",
                                "pointer_color_menu_item_active": "#6B6B6B",
                                "pointer_width": {
                                    "unit": "px",
                                    "size": 2,
                                    "sizes": []
                                },
                                "color_dropdown_item": "#6B6B6B",
                                "color_dropdown_item_hover": "#000000",
                                "background_color_dropdown_item_hover": "rgba(2, 1, 1, 0)",
                                "toggle_color": "#333333",
                                "toggle_background_color": "#F2F2F2",
                                "padding_vertical_dropdown_item": {
                                    "unit": "px",
                                    "size": 8,
                                    "sizes": []
                                }
                            },
                            "elements": [],
                            "isInner": false,
                            "widgetType": "nav-menu",
                            "elType": "widget"
                        }
                    ],
                    "isInner": false,
                    "elType": "column"
                },
                {
                    "id": "73f82be0",
                    "settings": {
                        "_column_size": 33,
                        "_inline_size": 19.332,
                        "content_position": "center",
                        "_inline_size_tablet": 50,
                        "_inline_size_mobile": 50,
                        "padding_tablet": {
                            "unit": "px",
                            "top": "16",
                            "right": "30",
                            "bottom": "16",
                            "left": "30",
                            "isLinked": false
                        }
                    },
                    "elements": [
                        {
                            "id": "33b90efa",
                            "settings": {
                                "image": {
                                    "url": "https:\/\/kit.detheme.com\/dexor\/wp-content\/uploads\/sites\/8\/2020\/08\/De\u0300xo-dark.png",
                                    "id": 144
                                },
                                "width": {
                                    "unit": "px",
                                    "size": 93,
                                    "sizes": []
                                },
                                "align_tablet": "left"
                            },
                            "elements": [],
                            "isInner": false,
                            "widgetType": "image",
                            "elType": "widget"
                        }
                    ],
                    "isInner": false,
                    "elType": "column"
                },
                {
                    "id": "2409d2a9",
                    "settings": {
                        "_column_size": 33,
                        "_inline_size": 40,
                        "content_position": "center",
                        "align": "flex-end",
                        "_inline_size_tablet": 100,
                        "margin_tablet": {
                            "unit": "px",
                            "top": "-193",
                            "right": "0",
                            "bottom": "0",
                            "left": "0",
                            "isLinked": false
                        },
                        "margin_mobile": {
                            "unit": "%",
                            "top": "",
                            "right": "",
                            "bottom": "",
                            "left": "",
                            "isLinked": true
                        }
                    },
                    "elements": [
                        {
                            "id": "5eb214ed",
                            "settings": {
                                "toggle_button_text_color": "#6B6B6B",
                                "toggle_button_border_width": {
                                    "unit": "px",
                                    "size": 0,
                                    "sizes": []
                                },
                                "toggle_button_padding": {
                                    "unit": "px",
                                    "top": "0",
                                    "right": "0",
                                    "bottom": "0",
                                    "left": "0",
                                    "isLinked": false
                                },
                                "_margin": {
                                    "unit": "px",
                                    "top": "0",
                                    "right": "40",
                                    "bottom": "0",
                                    "left": "0",
                                    "isLinked": false
                                },
                                "_element_width": "auto",
                                "toggle_button_background_color": "rgba(2, 1, 1, 0)",
                                "toggle_button_typography_typography": "custom",
                                "toggle_button_typography_font_weight": "500",
                                "toggle_icon_size": {
                                    "unit": "px",
                                    "size": 17,
                                    "sizes": []
                                },
                                "items_indicator_background_color": "#333333"
                            },
                            "elements": [],
                            "isInner": false,
                            "widgetType": "woocommerce-menu-cart",
                            "elType": "widget"
                        },
                        {
                            "id": "53b2bf4b",
                            "settings": {
                                "text": "Login",
                                "selected_icon": {
                                    "value": "far fa-user",
                                    "library": "fa-regular"
                                },
                                "button_text_color": "#333333",
                                "background_color": "rgba(2, 1, 1, 0)",
                                "text_padding": {
                                    "unit": "px",
                                    "top": "0",
                                    "right": "0",
                                    "bottom": "0",
                                    "left": "0",
                                    "isLinked": false
                                },
                                "_margin": {
                                    "unit": "px",
                                    "top": "0",
                                    "right": "24",
                                    "bottom": "0",
                                    "left": "0",
                                    "isLinked": false
                                },
                                "_element_width": "auto",
                                "typography_typography": "custom",
                                "typography_font_size": {
                                    "unit": "px",
                                    "size": 13,
                                    "sizes": []
                                },
                                "typography_font_weight": "500",
                                "typography_line_height": {
                                    "unit": "em",
                                    "size": 1.1,
                                    "sizes": []
                                },
                                "__dynamic__": {
                                    "link": "[elementor-tag id=\"ddda46b\" name=\"popup\" settings=\"%7B%22popup%22%3A%22789%22%7D\"]"
                                }
                            },
                            "elements": [],
                            "isInner": false,
                            "widgetType": "button",
                            "elType": "widget"
                        },
                        {
                            "id": "44732be8",
                            "settings": {
                                "skin": "full_screen",
                                "placeholder": "Search...",
                                "button_text": "Search",
                                "toggle_color": "#333333",
                                "toggle_background_color": "rgba(2, 1, 1, 0)",
                                "toggle_icon_size": {
                                    "unit": "px",
                                    "size": 36,
                                    "sizes": []
                                },
                                "_margin": {
                                    "unit": "px",
                                    "top": "0",
                                    "right": "24",
                                    "bottom": "0",
                                    "left": "0",
                                    "isLinked": false
                                },
                                "_element_width": "auto"
                            },
                            "elements": [],
                            "isInner": false,
                            "widgetType": "search-form",
                            "elType": "widget"
                        },
                        {
                            "id": "6d24c73e",
                            "settings": {
                                "image": {
                                    "url": "https:\/\/kit.detheme.com\/dexor\/wp-content\/uploads\/sites\/8\/2020\/08\/menu-double-black.png",
                                    "id": 80
                                },
                                "width": {
                                    "unit": "px",
                                    "size": 22,
                                    "sizes": []
                                },
                                "_element_width": "auto",
                                "link_to": "custom",
                                "__dynamic__": {
                                    "link": "[elementor-tag id=\"487acec\" name=\"popup\" settings=\"%7B%22popup%22%3A%22543%22%7D\"]"
                                }
                            },
                            "elements": [],
                            "isInner": false,
                            "widgetType": "image",
                            "elType": "widget"
                        }
                    ],
                    "isInner": false,
                    "elType": "column"
                }
            ],
            "isInner": false,
            "elType": "section"
        }
    ]
}