{
    "version": "0.4",
    "title": "Login",
    "type": "popup",
    "metadata": {
        "template_type": "section-other",
        "include_in_zip": "1",
        "elementor_pro_required": "1",
        "elementor_library_type": "popup",
        "additional_template_information": [
            "This is a \"Popup\" template for Elementor Pro."
        ],
        "wp_page_template": "default"
    },
    "content": [
        {
            "id": "12152850",
            "settings": [],
            "elements": [
                {
                    "id": "3d782fc",
                    "settings": {
                        "_column_size": 100,
                        "_inline_size": null
                    },
                    "elements": [
                        {
                            "id": "7a2b462f",
                            "settings": {
                                "input_size": "md",
                                "button_text": "Log In",
                                "align": "start",
                                "custom_labels": "yes",
                                "user_label": "",
                                "user_placeholder": "Username or Email Address",
                                "password_label": "",
                                "password_placeholder": "Password",
                                "row_gap": {
                                    "unit": "px",
                                    "size": 23,
                                    "sizes": []
                                },
                                "label_spacing": {
                                    "unit": "px",
                                    "size": 4,
                                    "sizes": []
                                },
                                "label_color": "#999999",
                                "label_typography_typography": "custom",
                                "label_typography_font_size": {
                                    "unit": "px",
                                    "size": 14,
                                    "sizes": []
                                },
                                "button_size": "md",
                                "message_typography_typography": "custom",
                                "message_typography_font_size": {
                                    "unit": "px",
                                    "size": 16,
                                    "sizes": []
                                }
                            },
                            "elements": [],
                            "isInner": false,
                            "widgetType": "login",
                            "elType": "widget"
                        }
                    ],
                    "isInner": false,
                    "elType": "column"
                }
            ],
            "isInner": false,
            "elType": "section"
        }
    ],
    "page_settings": {
        "width": {
            "unit": "px",
            "size": 360,
            "sizes": []
        },
        "padding": {
            "unit": "px",
            "top": "32",
            "right": "32",
            "bottom": "32",
            "left": "32",
            "isLinked": true
        }
    }
}