{
    "version": "0.4",
    "title": "Portfolio",
    "type": "page",
    "metadata": {
        "template_type": "single-page",
        "include_in_zip": "1",
        "elementor_pro_required": "1",
        "wp_page_template": "elementor_header_footer"
    },
    "content": [
        {
            "id": "b3456f7",
            "settings": {
                "layout": "full_width",
                "gap": "wider",
                "custom_height": {
                    "unit": "px",
                    "size": 200,
                    "sizes": []
                },
                "overflow": "hidden",
                "background_background": "classic",
                "background_color": "#F2F2F2",
                "background_image": {
                    "url": "https:\/\/kit.detheme.com\/dexor\/wp-content\/uploads\/sites\/8\/2020\/08\/abstract-line.png",
                    "id": 382
                },
                "background_position": "initial",
                "background_xpos": {
                    "unit": "%",
                    "size": 19,
                    "sizes": []
                },
                "background_ypos": {
                    "unit": "%",
                    "size": 74,
                    "sizes": []
                },
                "background_repeat": "no-repeat",
                "background_size": "cover",
                "background_bg_width": {
                    "unit": "px",
                    "size": 469,
                    "sizes": []
                },
                "background_overlay_background": "classic",
                "background_overlay_color": "#F2F2F2",
                "background_overlay_opacity": {
                    "unit": "px",
                    "size": 0,
                    "sizes": []
                },
                "border_border": "solid",
                "border_width": {
                    "unit": "px",
                    "top": "0",
                    "right": "40",
                    "bottom": "0",
                    "left": "40",
                    "isLinked": false
                },
                "border_color": "#FFFFFF",
                "padding": {
                    "unit": "px",
                    "top": "0",
                    "right": "0",
                    "bottom": "0",
                    "left": "0",
                    "isLinked": false
                },
                "border_width_tablet": {
                    "unit": "px",
                    "top": "0",
                    "right": "0",
                    "bottom": "0",
                    "left": "0",
                    "isLinked": true
                },
                "animation": "fadeIn",
                "animation_duration": "slow",
                "animation_delay": 100
            },
            "elements": [
                {
                    "id": "561e552b",
                    "settings": {
                        "_column_size": 100,
                        "_inline_size": null,
                        "padding": {
                            "unit": "px",
                            "top": "128",
                            "right": "0",
                            "bottom": "128",
                            "left": "0",
                            "isLinked": false
                        },
                        "padding_tablet": {
                            "unit": "px",
                            "top": "96",
                            "right": "30",
                            "bottom": "96",
                            "left": "30",
                            "isLinked": false
                        }
                    },
                    "elements": [
                        {
                            "id": "4106f71a",
                            "settings": {
                                "space": {
                                    "unit": "px",
                                    "size": 325,
                                    "sizes": []
                                },
                                "_animation": "slideInLeft",
                                "animation_duration": "slow",
                                "_animation_delay": 500,
                                "_background_background": "classic",
                                "_background_color": "#F2F2F2",
                                "_position": "absolute",
                                "_offset_x": {
                                    "unit": "%",
                                    "size": 100,
                                    "sizes": []
                                },
                                "_offset_orientation_v": "end",
                                "_offset_y": {
                                    "unit": "%",
                                    "size": "",
                                    "sizes": []
                                },
                                "_offset_y_end": {
                                    "unit": "%",
                                    "size": -190,
                                    "sizes": []
                                },
                                "_offset_x_mobile": {
                                    "unit": "%",
                                    "size": 110,
                                    "sizes": []
                                },
                                "_offset_x_tablet": {
                                    "unit": "%",
                                    "size": 110,
                                    "sizes": []
                                }
                            },
                            "elements": [],
                            "isInner": false,
                            "widgetType": "spacer",
                            "elType": "widget"
                        },
                        {
                            "id": "56a2745d",
                            "settings": {
                                "title": "Portfolio",
                                "header_size": "h1",
                                "align": "center",
                                "_z_index": 2,
                                "align_tablet": "left"
                            },
                            "elements": [],
                            "isInner": false,
                            "widgetType": "heading",
                            "elType": "widget"
                        }
                    ],
                    "isInner": false,
                    "elType": "column"
                }
            ],
            "isInner": false,
            "elType": "section"
        },
        {
            "id": "106c4953",
            "settings": {
                "gap": "wider",
                "padding": {
                    "unit": "px",
                    "top": "96",
                    "right": "0",
                    "bottom": "96",
                    "left": "0",
                    "isLinked": false
                },
                "padding_tablet": {
                    "unit": "px",
                    "top": "48",
                    "right": "0",
                    "bottom": "48",
                    "left": "0",
                    "isLinked": false
                },
                "overflow": "hidden",
                "layout": "full_width"
            },
            "elements": [
                {
                    "id": "7ca8ff24",
                    "settings": {
                        "_column_size": 100,
                        "_inline_size": null,
                        "padding": {
                            "unit": "px",
                            "top": "10",
                            "right": "10",
                            "bottom": "10",
                            "left": "10",
                            "isLinked": true
                        },
                        "padding_mobile": {
                            "unit": "px",
                            "top": "30",
                            "right": "30",
                            "bottom": "30",
                            "left": "30",
                            "isLinked": true
                        }
                    },
                    "elements": [
                        {
                            "id": "791daac4",
                            "settings": {
                                "dethemekit_gallery_img_size_select": "metro",
                                "dethemekit_gallery_images_fit": "cover",
                                "dethemekit_gallery_column_number": "25%",
                                "dethemekit_gallery_load_more_text": "Load More",
                                "dethemekit_gallery_first_cat_label": "All",
                                "dethemekit_gallery_cats_content": [
                                    {
                                        "dethemekit_gallery_img_cat": "Terrarium",
                                        "_id": "38da814",
                                        "dethemekit_gallery_img_cat_rotation": ""
                                    },
                                    {
                                        "dethemekit_gallery_img_cat": "Apostrophe",
                                        "_id": "016605d",
                                        "dethemekit_gallery_img_cat_rotation": ""
                                    },
                                    {
                                        "dethemekit_gallery_img_cat": "Colibri",
                                        "dethemekit_gallery_img_cat_rotation": "",
                                        "_id": "71f9992"
                                    }
                                ],
                                "dethemekit_gallery_img_content": [
                                    {
                                        "dethemekit_gallery_img_name": "Nullam id dolor",
                                        "dethemekit_gallery_img_category": "Terrarium",
                                        "_id": "1de9c2a",
                                        "dethemekit_gallery_img": {
                                            "url": "https:\/\/kit.detheme.com\/dexor\/wp-content\/uploads\/sites\/8\/2020\/08\/desk-96FVZNK.jpg",
                                            "id": 487
                                        },
                                        "dethemekit_gallery_image_cell": {
                                            "unit": "px",
                                            "size": 4,
                                            "sizes": []
                                        },
                                        "dethemekit_gallery_image_cell_tablet": {
                                            "unit": "px",
                                            "size": "",
                                            "sizes": []
                                        },
                                        "dethemekit_gallery_image_cell_mobile": {
                                            "unit": "px",
                                            "size": 12,
                                            "sizes": []
                                        },
                                        "dethemekit_gallery_image_vcell": {
                                            "unit": "px",
                                            "size": 6,
                                            "sizes": []
                                        },
                                        "dethemekit_gallery_image_vcell_tablet": {
                                            "unit": "px",
                                            "size": "",
                                            "sizes": []
                                        },
                                        "dethemekit_gallery_image_vcell_mobile": {
                                            "unit": "px",
                                            "size": 12,
                                            "sizes": []
                                        },
                                        "dethemekit_gallery_video": "",
                                        "dethemekit_gallery_video_type": "youtube",
                                        "dethemekit_gallery_video_url": "",
                                        "dethemekit_gallery_video_self": {
                                            "url": "",
                                            "id": ""
                                        },
                                        "dethemekit_gallery_video_self_url": "",
                                        "dethemekit_gallery_video_controls": "true",
                                        "dethemekit_gallery_video_mute": "",
                                        "dethemekit_gallery_img_desc": "Terrarium",
                                        "dethemekit_gallery_img_link_type": "url",
                                        "dethemekit_gallery_img_link": {
                                            "url": "#",
                                            "is_external": "",
                                            "nofollow": "",
                                            "custom_attributes": ""
                                        },
                                        "dethemekit_gallery_img_existing": "",
                                        "dethemekit_gallery_link_whole": "",
                                        "dethemekit_gallery_lightbox_whole": ""
                                    },
                                    {
                                        "dethemekit_gallery_img_name": "Vehicula ut id elit",
                                        "dethemekit_gallery_img_category": "Apostrophe",
                                        "_id": "4f8758e",
                                        "dethemekit_gallery_img": {
                                            "url": "https:\/\/kit.detheme.com\/dexor\/wp-content\/uploads\/sites\/8\/2020\/08\/graceful-openwork-heart-with-notes-on-concrete-wal-5BVNS3N.jpg",
                                            "id": 485
                                        },
                                        "dethemekit_gallery_image_cell": {
                                            "unit": "px",
                                            "size": 4,
                                            "sizes": []
                                        },
                                        "dethemekit_gallery_image_cell_tablet": {
                                            "unit": "px",
                                            "size": "",
                                            "sizes": []
                                        },
                                        "dethemekit_gallery_image_cell_mobile": {
                                            "unit": "px",
                                            "size": 12,
                                            "sizes": []
                                        },
                                        "dethemekit_gallery_image_vcell": {
                                            "unit": "px",
                                            "size": 3,
                                            "sizes": []
                                        },
                                        "dethemekit_gallery_image_vcell_tablet": {
                                            "unit": "px",
                                            "size": "",
                                            "sizes": []
                                        },
                                        "dethemekit_gallery_image_vcell_mobile": {
                                            "unit": "px",
                                            "size": 12,
                                            "sizes": []
                                        },
                                        "dethemekit_gallery_video": "",
                                        "dethemekit_gallery_video_type": "youtube",
                                        "dethemekit_gallery_video_url": "",
                                        "dethemekit_gallery_video_self": {
                                            "url": "",
                                            "id": ""
                                        },
                                        "dethemekit_gallery_video_self_url": "",
                                        "dethemekit_gallery_video_controls": "true",
                                        "dethemekit_gallery_video_mute": "",
                                        "dethemekit_gallery_img_desc": "Apostrophe",
                                        "dethemekit_gallery_img_link_type": "url",
                                        "dethemekit_gallery_img_link": {
                                            "url": "#",
                                            "is_external": "",
                                            "nofollow": "",
                                            "custom_attributes": ""
                                        },
                                        "dethemekit_gallery_img_existing": "",
                                        "dethemekit_gallery_link_whole": "",
                                        "dethemekit_gallery_lightbox_whole": ""
                                    },
                                    {
                                        "dethemekit_gallery_img_name": "Egestas sit",
                                        "dethemekit_gallery_img_category": "Colibri",
                                        "dethemekit_gallery_img": {
                                            "url": "https:\/\/kit.detheme.com\/dexor\/wp-content\/uploads\/sites\/8\/2020\/08\/womens-hand-touch-the-leaf-of-the-houseplant-on-wh-7YJFVZ7.jpg",
                                            "id": 486
                                        },
                                        "dethemekit_gallery_image_cell": {
                                            "unit": "px",
                                            "size": 4,
                                            "sizes": []
                                        },
                                        "dethemekit_gallery_image_cell_tablet": {
                                            "unit": "px",
                                            "size": "",
                                            "sizes": []
                                        },
                                        "dethemekit_gallery_image_cell_mobile": {
                                            "unit": "px",
                                            "size": 12,
                                            "sizes": []
                                        },
                                        "dethemekit_gallery_image_vcell": {
                                            "unit": "px",
                                            "size": 3,
                                            "sizes": []
                                        },
                                        "dethemekit_gallery_image_vcell_tablet": {
                                            "unit": "px",
                                            "size": "",
                                            "sizes": []
                                        },
                                        "dethemekit_gallery_image_vcell_mobile": {
                                            "unit": "px",
                                            "size": 12,
                                            "sizes": []
                                        },
                                        "dethemekit_gallery_video": "",
                                        "dethemekit_gallery_video_type": "youtube",
                                        "dethemekit_gallery_video_url": "",
                                        "dethemekit_gallery_video_self": {
                                            "url": "",
                                            "id": ""
                                        },
                                        "dethemekit_gallery_video_self_url": "",
                                        "dethemekit_gallery_video_controls": "true",
                                        "dethemekit_gallery_video_mute": "",
                                        "dethemekit_gallery_img_desc": "Colibri",
                                        "dethemekit_gallery_img_link_type": "url",
                                        "dethemekit_gallery_img_link": {
                                            "url": "#",
                                            "is_external": "",
                                            "nofollow": "",
                                            "custom_attributes": ""
                                        },
                                        "dethemekit_gallery_img_existing": "",
                                        "dethemekit_gallery_link_whole": "",
                                        "dethemekit_gallery_lightbox_whole": "",
                                        "_id": "1e1164d"
                                    },
                                    {
                                        "dethemekit_gallery_img_name": "Ridiculus vestibulum",
                                        "dethemekit_gallery_img_category": "Terrarium",
                                        "dethemekit_gallery_img": {
                                            "url": "https:\/\/kit.detheme.com\/dexor\/wp-content\/uploads\/sites\/8\/2020\/08\/striped-grey-carpet-PK3HTDE-1.jpg",
                                            "id": 562
                                        },
                                        "dethemekit_gallery_image_cell": {
                                            "unit": "px",
                                            "size": 8,
                                            "sizes": []
                                        },
                                        "dethemekit_gallery_image_cell_tablet": {
                                            "unit": "px",
                                            "size": "",
                                            "sizes": []
                                        },
                                        "dethemekit_gallery_image_cell_mobile": {
                                            "unit": "px",
                                            "size": 12,
                                            "sizes": []
                                        },
                                        "dethemekit_gallery_image_vcell": {
                                            "unit": "px",
                                            "size": 3,
                                            "sizes": []
                                        },
                                        "dethemekit_gallery_image_vcell_tablet": {
                                            "unit": "px",
                                            "size": "",
                                            "sizes": []
                                        },
                                        "dethemekit_gallery_image_vcell_mobile": {
                                            "unit": "px",
                                            "size": 12,
                                            "sizes": []
                                        },
                                        "dethemekit_gallery_video": "",
                                        "dethemekit_gallery_video_type": "youtube",
                                        "dethemekit_gallery_video_url": "",
                                        "dethemekit_gallery_video_self": {
                                            "url": "",
                                            "id": ""
                                        },
                                        "dethemekit_gallery_video_self_url": "",
                                        "dethemekit_gallery_video_controls": "true",
                                        "dethemekit_gallery_video_mute": "",
                                        "dethemekit_gallery_img_desc": "Terrarium",
                                        "dethemekit_gallery_img_link_type": "url",
                                        "dethemekit_gallery_img_link": {
                                            "url": "#",
                                            "is_external": "",
                                            "nofollow": "",
                                            "custom_attributes": ""
                                        },
                                        "dethemekit_gallery_img_existing": "",
                                        "dethemekit_gallery_link_whole": "",
                                        "dethemekit_gallery_lightbox_whole": "",
                                        "_id": "0e83a2e"
                                    },
                                    {
                                        "dethemekit_gallery_img_name": "Vehicula ut elit",
                                        "dethemekit_gallery_img_category": "Apostrophe",
                                        "dethemekit_gallery_img": {
                                            "url": "https:\/\/kit.detheme.com\/dexor\/wp-content\/uploads\/sites\/8\/2020\/08\/houseplants-in-various-pots-on-table-against-wall-WQ4GACX.jpg",
                                            "id": 491
                                        },
                                        "dethemekit_gallery_image_cell": {
                                            "unit": "px",
                                            "size": 5,
                                            "sizes": []
                                        },
                                        "dethemekit_gallery_image_cell_tablet": {
                                            "unit": "px",
                                            "size": "",
                                            "sizes": []
                                        },
                                        "dethemekit_gallery_image_cell_mobile": {
                                            "unit": "px",
                                            "size": 12,
                                            "sizes": []
                                        },
                                        "dethemekit_gallery_image_vcell": {
                                            "unit": "px",
                                            "size": 4,
                                            "sizes": []
                                        },
                                        "dethemekit_gallery_image_vcell_tablet": {
                                            "unit": "px",
                                            "size": "",
                                            "sizes": []
                                        },
                                        "dethemekit_gallery_image_vcell_mobile": {
                                            "unit": "px",
                                            "size": 12,
                                            "sizes": []
                                        },
                                        "dethemekit_gallery_video": "",
                                        "dethemekit_gallery_video_type": "youtube",
                                        "dethemekit_gallery_video_url": "",
                                        "dethemekit_gallery_video_self": {
                                            "url": "",
                                            "id": ""
                                        },
                                        "dethemekit_gallery_video_self_url": "",
                                        "dethemekit_gallery_video_controls": "true",
                                        "dethemekit_gallery_video_mute": "",
                                        "dethemekit_gallery_img_desc": "Apostrophe",
                                        "dethemekit_gallery_img_link_type": "url",
                                        "dethemekit_gallery_img_link": {
                                            "url": "#",
                                            "is_external": "",
                                            "nofollow": "",
                                            "custom_attributes": ""
                                        },
                                        "dethemekit_gallery_img_existing": "",
                                        "dethemekit_gallery_link_whole": "",
                                        "dethemekit_gallery_lightbox_whole": "",
                                        "_id": "6ad58cd"
                                    },
                                    {
                                        "dethemekit_gallery_img_name": "Condimentum ullamcorper",
                                        "dethemekit_gallery_img_category": "Colibri",
                                        "dethemekit_gallery_img": {
                                            "url": "https:\/\/kit.detheme.com\/dexor\/wp-content\/uploads\/sites\/8\/2020\/08\/wooden-stool-and-rug-in-white-simple-living-room-i-63GYQD4.jpg",
                                            "id": 492
                                        },
                                        "dethemekit_gallery_image_cell": {
                                            "unit": "px",
                                            "size": 3,
                                            "sizes": []
                                        },
                                        "dethemekit_gallery_image_cell_tablet": {
                                            "unit": "px",
                                            "size": "",
                                            "sizes": []
                                        },
                                        "dethemekit_gallery_image_cell_mobile": {
                                            "unit": "px",
                                            "size": 12,
                                            "sizes": []
                                        },
                                        "dethemekit_gallery_image_vcell": {
                                            "unit": "px",
                                            "size": 4,
                                            "sizes": []
                                        },
                                        "dethemekit_gallery_image_vcell_tablet": {
                                            "unit": "px",
                                            "size": "",
                                            "sizes": []
                                        },
                                        "dethemekit_gallery_image_vcell_mobile": {
                                            "unit": "px",
                                            "size": 12,
                                            "sizes": []
                                        },
                                        "dethemekit_gallery_video": "",
                                        "dethemekit_gallery_video_type": "youtube",
                                        "dethemekit_gallery_video_url": "",
                                        "dethemekit_gallery_video_self": {
                                            "url": "",
                                            "id": ""
                                        },
                                        "dethemekit_gallery_video_self_url": "",
                                        "dethemekit_gallery_video_controls": "true",
                                        "dethemekit_gallery_video_mute": "",
                                        "dethemekit_gallery_img_desc": "Colibri",
                                        "dethemekit_gallery_img_link_type": "url",
                                        "dethemekit_gallery_img_link": {
                                            "url": "#",
                                            "is_external": "",
                                            "nofollow": "",
                                            "custom_attributes": ""
                                        },
                                        "dethemekit_gallery_img_existing": "",
                                        "dethemekit_gallery_link_whole": "",
                                        "dethemekit_gallery_lightbox_whole": "",
                                        "_id": "7f083a2"
                                    },
                                    {
                                        "dethemekit_gallery_img_name": "Malesuada inceptos",
                                        "dethemekit_gallery_img_category": "Terrarium",
                                        "dethemekit_gallery_img": {
                                            "url": "https:\/\/kit.detheme.com\/dexor\/wp-content\/uploads\/sites\/8\/2020\/08\/white-minimalist-interior-PSYFGGR.jpg",
                                            "id": 269
                                        },
                                        "dethemekit_gallery_image_cell": {
                                            "unit": "px",
                                            "size": 4,
                                            "sizes": []
                                        },
                                        "dethemekit_gallery_image_cell_tablet": {
                                            "unit": "px",
                                            "size": "",
                                            "sizes": []
                                        },
                                        "dethemekit_gallery_image_cell_mobile": {
                                            "unit": "px",
                                            "size": 12,
                                            "sizes": []
                                        },
                                        "dethemekit_gallery_image_vcell": {
                                            "unit": "px",
                                            "size": 4,
                                            "sizes": []
                                        },
                                        "dethemekit_gallery_image_vcell_tablet": {
                                            "unit": "px",
                                            "size": "",
                                            "sizes": []
                                        },
                                        "dethemekit_gallery_image_vcell_mobile": {
                                            "unit": "px",
                                            "size": 12,
                                            "sizes": []
                                        },
                                        "dethemekit_gallery_video": "",
                                        "dethemekit_gallery_video_type": "youtube",
                                        "dethemekit_gallery_video_url": "",
                                        "dethemekit_gallery_video_self": {
                                            "url": "",
                                            "id": ""
                                        },
                                        "dethemekit_gallery_video_self_url": "",
                                        "dethemekit_gallery_video_controls": "true",
                                        "dethemekit_gallery_video_mute": "",
                                        "dethemekit_gallery_img_desc": "Terrarium",
                                        "dethemekit_gallery_img_link_type": "url",
                                        "dethemekit_gallery_img_link": {
                                            "url": "#",
                                            "is_external": "",
                                            "nofollow": "",
                                            "custom_attributes": ""
                                        },
                                        "dethemekit_gallery_img_existing": "",
                                        "dethemekit_gallery_link_whole": "",
                                        "dethemekit_gallery_lightbox_whole": "",
                                        "_id": "2d6dbe4"
                                    }
                                ],
                                "dethemekit_gallery_gap": {
                                    "unit": "px",
                                    "size": 30,
                                    "sizes": []
                                },
                                "dethemekit_gallery_gap_tablet": {
                                    "unit": "px",
                                    "size": 2,
                                    "sizes": []
                                },
                                "dethemekit_gallery_img_effect": "trans",
                                "dethemekit_gallery_content_align": "right",
                                "dethemekit_gallery_lightbox_type": "yes",
                                "dethemekit_gallery_icons_style_overlay": "rgba(0, 0, 0, 0.76)",
                                "dethemekit_gallery_title_color": "#FFFFFF",
                                "dethemekit_gallery_title_typo_typography": "custom",
                                "dethemekit_gallery_title_typo_font_size": {
                                    "unit": "px",
                                    "size": 28,
                                    "sizes": []
                                },
                                "dethemekit_gallery_title_typo_font_size_tablet": {
                                    "unit": "px",
                                    "size": 21,
                                    "sizes": []
                                },
                                "dethemekit_gallery_title_typo_font_weight": "700",
                                "dethemekit_gallery_description_color": "#DEDEDE",
                                "dethemekit_gallery_description_typo_typography": "custom",
                                "dethemekit_gallery_description_typo_font_size": {
                                    "unit": "px",
                                    "size": 13,
                                    "sizes": []
                                },
                                "dethemekit_gallery_description_typo_font_weight": "500",
                                "dethemekit_gallery_description_typo_text_transform": "uppercase",
                                "dethemekit_gallery_description_typo_letter_spacing": {
                                    "unit": "px",
                                    "size": 3,
                                    "sizes": []
                                },
                                "dethemekit_gallery_content_background_background": "gradient",
                                "dethemekit_gallery_content_background_color": "rgba(51, 51, 51, 0)",
                                "dethemekit_gallery_content_background_color_b": "rgba(0, 0, 0, 0.28)",
                                "dethemekit_gallery_content_background_color_b_stop": {
                                    "unit": "%",
                                    "size": 79,
                                    "sizes": []
                                },
                                "dethemekit_gallery_content_padding": {
                                    "unit": "%",
                                    "top": "20",
                                    "right": "10",
                                    "bottom": "5",
                                    "left": "0",
                                    "isLinked": false
                                },
                                "dethemekit_gallery_style1_icons_position": {
                                    "unit": "%",
                                    "size": 50,
                                    "sizes": []
                                },
                                "dethemekit_gallery_icons_style_background": "#FFFFFF",
                                "_margin_mobile": {
                                    "unit": "px",
                                    "top": "0",
                                    "right": "0",
                                    "bottom": "0",
                                    "left": "0",
                                    "isLinked": false
                                },
                                "_padding_mobile": {
                                    "unit": "px",
                                    "top": "0",
                                    "right": "0",
                                    "bottom": "0",
                                    "left": "0",
                                    "isLinked": false
                                },
                                "dethemekit_gallery_filter_margin_mobile": {
                                    "unit": "px",
                                    "top": "10",
                                    "right": "8",
                                    "bottom": "10",
                                    "left": "8",
                                    "isLinked": false
                                },
                                "dethemekit_gallery_filter_padding_mobile": {
                                    "unit": "px",
                                    "top": "0",
                                    "right": "0",
                                    "bottom": "0",
                                    "left": "0",
                                    "isLinked": false
                                },
                                "dethemekit_gallery_filter_color": "#6B6B6B",
                                "dethemekit_gallery_filter_active_color": "#010202"
                            },
                            "elements": [],
                            "isInner": false,
                            "widgetType": "dethemekit-img-gallery",
                            "elType": "widget"
                        }
                    ],
                    "isInner": false,
                    "elType": "column"
                }
            ],
            "isInner": false,
            "elType": "section"
        },
        {
            "id": "5e360c3d",
            "settings": {
                "gap": "no",
                "margin": {
                    "unit": "px",
                    "top": "0",
                    "right": 0,
                    "bottom": "0",
                    "left": 0,
                    "isLinked": false
                },
                "layout": "full_width",
                "border_border": "solid",
                "border_width": {
                    "unit": "px",
                    "top": "0",
                    "right": "40",
                    "bottom": "0",
                    "left": "40",
                    "isLinked": false
                },
                "border_color": "#FFFFFF",
                "border_radius": {
                    "unit": "px",
                    "top": "0",
                    "right": "0",
                    "bottom": "0",
                    "left": "0",
                    "isLinked": false
                },
                "border_width_tablet": {
                    "unit": "px",
                    "top": "0",
                    "right": "0",
                    "bottom": "0",
                    "left": "0",
                    "isLinked": true
                }
            },
            "elements": [
                {
                    "id": "33f92e0",
                    "settings": {
                        "_column_size": 100,
                        "_inline_size": null
                    },
                    "elements": [
                        {
                            "id": "7db456fd",
                            "settings": {
                                "structure": "30",
                                "background_background": "classic",
                                "background_color": "#F2F2F2",
                                "padding": {
                                    "unit": "px",
                                    "top": "128",
                                    "right": "30",
                                    "bottom": "128",
                                    "left": "30",
                                    "isLinked": false
                                },
                                "margin": {
                                    "unit": "px",
                                    "top": "0",
                                    "right": 0,
                                    "bottom": "0",
                                    "left": 0,
                                    "isLinked": false
                                },
                                "padding_tablet": {
                                    "unit": "px",
                                    "top": "48",
                                    "right": "0",
                                    "bottom": "48",
                                    "left": "0",
                                    "isLinked": false
                                }
                            },
                            "elements": [
                                {
                                    "id": "6e246151",
                                    "settings": {
                                        "_column_size": 33,
                                        "_inline_size": 16
                                    },
                                    "elements": [],
                                    "isInner": true,
                                    "elType": "column"
                                },
                                {
                                    "id": "34c92313",
                                    "settings": {
                                        "_column_size": 33,
                                        "_inline_size": 67.333,
                                        "align": "center",
                                        "_inline_size_tablet": 100,
                                        "padding_mobile": {
                                            "unit": "px",
                                            "top": "30",
                                            "right": "30",
                                            "bottom": "30",
                                            "left": "30",
                                            "isLinked": true
                                        }
                                    },
                                    "elements": [
                                        {
                                            "id": "3a4dddc6",
                                            "settings": {
                                                "title": "Cozy Lumox",
                                                "header_size": "div",
                                                "typography_typography": "custom",
                                                "typography_font_size": {
                                                    "unit": "px",
                                                    "size": 12,
                                                    "sizes": []
                                                },
                                                "typography_font_weight": "600",
                                                "_margin": {
                                                    "unit": "px",
                                                    "top": "0",
                                                    "right": "0",
                                                    "bottom": "24",
                                                    "left": "0",
                                                    "isLinked": false
                                                },
                                                "ekit_we_effect_on": "none",
                                                "ekit_we_css_animation_fx": "",
                                                "ekit_we_css_animation": "ekit-fade",
                                                "ekit_we_css_animation_tablet": "",
                                                "ekit_we_css_animation_mobile": "",
                                                "ekit_we_css_animation_speed": "5",
                                                "ekit_we_css_animation_iteration_count": "infinite",
                                                "ekit_we_css_animation_direction": "normal",
                                                "ekit_we_css_transform_fx": "",
                                                "ekit_we_css_transform_fx_translate_toggle": "",
                                                "ekit_we_css_transform_fx_translate_x": {
                                                    "unit": "px",
                                                    "size": "",
                                                    "sizes": []
                                                },
                                                "ekit_we_css_transform_fx_translate_x_tablet": {
                                                    "unit": "px",
                                                    "size": "",
                                                    "sizes": []
                                                },
                                                "ekit_we_css_transform_fx_translate_x_mobile": {
                                                    "unit": "px",
                                                    "size": "",
                                                    "sizes": []
                                                },
                                                "ekit_we_css_transform_fx_translate_y": {
                                                    "unit": "px",
                                                    "size": "",
                                                    "sizes": []
                                                },
                                                "ekit_we_css_transform_fx_translate_y_tablet": {
                                                    "unit": "px",
                                                    "size": "",
                                                    "sizes": []
                                                },
                                                "ekit_we_css_transform_fx_translate_y_mobile": {
                                                    "unit": "px",
                                                    "size": "",
                                                    "sizes": []
                                                },
                                                "ekit_we_css_transform_fx_rotate_toggle": "",
                                                "ekit_we_css_transform_fx_rotate_z": {
                                                    "unit": "px",
                                                    "size": "",
                                                    "sizes": []
                                                },
                                                "ekit_we_css_transform_fx_rotate_z_tablet": {
                                                    "unit": "px",
                                                    "size": "",
                                                    "sizes": []
                                                },
                                                "ekit_we_css_transform_fx_rotate_z_mobile": {
                                                    "unit": "px",
                                                    "size": "",
                                                    "sizes": []
                                                },
                                                "ekit_we_css_transform_fx_rotate_x": {
                                                    "unit": "px",
                                                    "size": "",
                                                    "sizes": []
                                                },
                                                "ekit_we_css_transform_fx_rotate_x_tablet": {
                                                    "unit": "px",
                                                    "size": "",
                                                    "sizes": []
                                                },
                                                "ekit_we_css_transform_fx_rotate_x_mobile": {
                                                    "unit": "px",
                                                    "size": "",
                                                    "sizes": []
                                                },
                                                "ekit_we_css_transform_fx_rotate_y": {
                                                    "unit": "px",
                                                    "size": "",
                                                    "sizes": []
                                                },
                                                "ekit_we_css_transform_fx_rotate_y_tablet": {
                                                    "unit": "px",
                                                    "size": "",
                                                    "sizes": []
                                                },
                                                "ekit_we_css_transform_fx_rotate_y_mobile": {
                                                    "unit": "px",
                                                    "size": "",
                                                    "sizes": []
                                                },
                                                "ekit_we_css_transform_fx_scale_toggle": "",
                                                "ekit_we_css_transform_fx_scale_x": {
                                                    "unit": "px",
                                                    "size": 1,
                                                    "sizes": []
                                                },
                                                "ekit_we_css_transform_fx_scale_x_tablet": {
                                                    "unit": "px",
                                                    "size": "",
                                                    "sizes": []
                                                },
                                                "ekit_we_css_transform_fx_scale_x_mobile": {
                                                    "unit": "px",
                                                    "size": "",
                                                    "sizes": []
                                                },
                                                "ekit_we_css_transform_fx_scale_y": {
                                                    "unit": "px",
                                                    "size": 1,
                                                    "sizes": []
                                                },
                                                "ekit_we_css_transform_fx_scale_y_tablet": {
                                                    "unit": "px",
                                                    "size": "",
                                                    "sizes": []
                                                },
                                                "ekit_we_css_transform_fx_scale_y_mobile": {
                                                    "unit": "px",
                                                    "size": "",
                                                    "sizes": []
                                                },
                                                "ekit_we_css_transform_fx_skew_toggle": "",
                                                "ekit_we_css_transform_fx_skew_x": {
                                                    "unit": "px",
                                                    "size": "",
                                                    "sizes": []
                                                },
                                                "ekit_we_css_transform_fx_skew_x_tablet": {
                                                    "unit": "px",
                                                    "size": "",
                                                    "sizes": []
                                                },
                                                "ekit_we_css_transform_fx_skew_x_mobile": {
                                                    "unit": "px",
                                                    "size": "",
                                                    "sizes": []
                                                },
                                                "ekit_we_css_transform_fx_skew_y": {
                                                    "unit": "px",
                                                    "size": "",
                                                    "sizes": []
                                                },
                                                "ekit_we_css_transform_fx_skew_y_tablet": {
                                                    "unit": "px",
                                                    "size": "",
                                                    "sizes": []
                                                },
                                                "ekit_we_css_transform_fx_skew_y_mobile": {
                                                    "unit": "px",
                                                    "size": "",
                                                    "sizes": []
                                                },
                                                "ekit_we_on_test_mode": "on",
                                                "ekit_we_tilt_maxtilt": 20,
                                                "ekit_we_tilt_scale": 1,
                                                "ekit_we_tilt_disableaxis": "",
                                                "ekit_we_mousemove_parallax_speed": 40,
                                                "ekit_we_scroll_animation": "translateY",
                                                "ekit_we_scroll_animation_value": 250,
                                                "ekit_we_scroll_smoothness": 700,
                                                "ekit_we_scroll_offsettop": 0,
                                                "ekit_we_scroll_offsetbottom": 0,
                                                "ekit_sticky": "",
                                                "ekit_sticky_on": [
                                                    "desktop",
                                                    "tablet",
                                                    "mobile"
                                                ],
                                                "ekit_sticky_offset": {
                                                    "unit": "px",
                                                    "size": 0,
                                                    "sizes": []
                                                },
                                                "ekit_sticky_effect_offset": {
                                                    "unit": "px",
                                                    "size": 0,
                                                    "sizes": []
                                                },
                                                "title_color": "#8F8F8F",
                                                "typography_text_transform": "uppercase",
                                                "typography_line_height": {
                                                    "unit": "em",
                                                    "size": 1.5,
                                                    "sizes": []
                                                },
                                                "typography_letter_spacing": {
                                                    "unit": "px",
                                                    "size": 5,
                                                    "sizes": []
                                                },
                                                "_element_width": "auto",
                                                "_margin_tablet": {
                                                    "unit": "px",
                                                    "top": "0",
                                                    "right": "0",
                                                    "bottom": "16",
                                                    "left": "0",
                                                    "isLinked": false
                                                }
                                            },
                                            "elements": [],
                                            "isInner": false,
                                            "widgetType": "heading",
                                            "elType": "widget"
                                        },
                                        {
                                            "id": "1b638816",
                                            "settings": {
                                                "title": "Subscribe to our newsletter",
                                                "_margin": {
                                                    "unit": "px",
                                                    "top": "0",
                                                    "right": "0",
                                                    "bottom": "16",
                                                    "left": "0",
                                                    "isLinked": false
                                                },
                                                "align": "center",
                                                "header_size": "h3"
                                            },
                                            "elements": [],
                                            "isInner": false,
                                            "widgetType": "heading",
                                            "elType": "widget"
                                        },
                                        {
                                            "id": "5eb29c0f",
                                            "settings": {
                                                "editor": "<p>Get 40 % discount storewide just by subscribing to our weekly newsletter<\/p>",
                                                "align": "center",
                                                "_margin": {
                                                    "unit": "px",
                                                    "top": "0",
                                                    "right": "0",
                                                    "bottom": "48",
                                                    "left": "0",
                                                    "isLinked": false
                                                }
                                            },
                                            "elements": [],
                                            "isInner": false,
                                            "widgetType": "text-editor",
                                            "elType": "widget"
                                        },
                                        {
                                            "id": "11218fba",
                                            "settings": {
                                                "form_name": "Subscribe",
                                                "form_fields": [
                                                    {
                                                        "custom_id": "email",
                                                        "field_type": "email",
                                                        "required": "true",
                                                        "field_label": "Email",
                                                        "placeholder": "Email",
                                                        "width": "66",
                                                        "_id": "1737d1b",
                                                        "selected_icon": {
                                                            "value": "fas fa-star",
                                                            "library": "fa-solid"
                                                        },
                                                        "field_options": "",
                                                        "allow_multiple": "",
                                                        "select_size": "",
                                                        "inline_list": "",
                                                        "field_html": "",
                                                        "width_tablet": "",
                                                        "width_mobile": "",
                                                        "rows": 4,
                                                        "recaptcha_size": "normal",
                                                        "recaptcha_style": "light",
                                                        "recaptcha_badge": "bottomright",
                                                        "css_classes": "",
                                                        "field_value": ""
                                                    }
                                                ],
                                                "step_next_label": "Next",
                                                "step_previous_label": "Previous",
                                                "button_text": "Subscribe",
                                                "submit_actions": [
                                                    "email",
                                                    "mailchimp"
                                                ],
                                                "email_content": "[all-fields]",
                                                "email_content_2": "[all-fields]",
                                                "success_message": "The form was sent successfully.",
                                                "error_message": "An error occured.",
                                                "required_field_message": "This field is required.",
                                                "invalid_message": "There's something wrong. The form is invalid.",
                                                "show_labels": "",
                                                "button_width": "33",
                                                "_element_width": "initial",
                                                "_element_custom_width": {
                                                    "unit": "px",
                                                    "size": 600,
                                                    "sizes": []
                                                },
                                                "button_text_padding": {
                                                    "unit": "px",
                                                    "top": "21",
                                                    "right": "21",
                                                    "bottom": "21",
                                                    "left": "21",
                                                    "isLinked": true
                                                }
                                            },
                                            "elements": [],
                                            "isInner": false,
                                            "widgetType": "form",
                                            "elType": "widget"
                                        }
                                    ],
                                    "isInner": true,
                                    "elType": "column"
                                },
                                {
                                    "id": "1182cf87",
                                    "settings": {
                                        "_column_size": 33,
                                        "_inline_size": 16
                                    },
                                    "elements": [],
                                    "isInner": true,
                                    "elType": "column"
                                }
                            ],
                            "isInner": true,
                            "elType": "section"
                        }
                    ],
                    "isInner": false,
                    "elType": "column"
                }
            ],
            "isInner": false,
            "elType": "section"
        }
    ]
}