{
    "version": "0.4",
    "title": "Product Carousel",
    "type": "section",
    "metadata": {
        "template_type": "section-product",
        "include_in_zip": "1",
        "elementor_pro_required": "1",
        "wp_page_template": "default"
    },
    "content": [
        {
            "id": "33efd6f8",
            "settings": {
                "gap": "wider"
            },
            "elements": [
                {
                    "id": "53558175",
                    "settings": {
                        "_column_size": 100,
                        "_inline_size": null
                    },
                    "elements": [
                        {
                            "id": "225105a0",
                            "settings": {
                                "rows": 1,
                                "query_post_type": "by_id",
                                "column_gap": {
                                    "unit": "px",
                                    "size": 40,
                                    "sizes": []
                                },
                                "row_gap": {
                                    "unit": "px",
                                    "size": 80,
                                    "sizes": []
                                },
                                "align": "center",
                                "title_typography_typography": "custom",
                                "title_typography_font_size": {
                                    "unit": "px",
                                    "size": 16,
                                    "sizes": []
                                },
                                "title_typography_font_weight": "700",
                                "title_spacing": {
                                    "unit": "px",
                                    "size": 0,
                                    "sizes": []
                                },
                                "price_color": "#6B6B6B",
                                "price_typography_typography": "custom",
                                "price_typography_font_size": {
                                    "unit": "px",
                                    "size": 16,
                                    "sizes": []
                                },
                                "button_background_color": "rgba(2, 1, 1, 0)",
                                "button_border_color": "#B4B4B4",
                                "button_typography_typography": "custom",
                                "button_typography_font_size": {
                                    "unit": "px",
                                    "size": 12,
                                    "sizes": []
                                },
                                "button_typography_font_weight": "500",
                                "button_typography_text_transform": "uppercase",
                                "button_typography_line_height": {
                                    "unit": "em",
                                    "size": 1.5,
                                    "sizes": []
                                },
                                "button_typography_letter_spacing": {
                                    "unit": "px",
                                    "size": 1.4,
                                    "sizes": []
                                },
                                "button_hover_color": "#000000",
                                "button_hover_border_color": "#000000",
                                "button_border_border": "solid",
                                "button_border_width": {
                                    "unit": "px",
                                    "top": "0",
                                    "right": "0",
                                    "bottom": "1",
                                    "left": "0",
                                    "isLinked": false
                                },
                                "button_border_radius": {
                                    "unit": "px",
                                    "top": "0",
                                    "right": "0",
                                    "bottom": "0",
                                    "left": "0",
                                    "isLinked": true
                                },
                                "button_text_padding": {
                                    "unit": "px",
                                    "top": "0",
                                    "right": "0",
                                    "bottom": "0",
                                    "left": "0",
                                    "isLinked": false
                                },
                                "onsale_text_background_color": "#333333",
                                "onsale_typography_typography": "custom",
                                "onsale_typography_font_size": {
                                    "unit": "px",
                                    "size": 10,
                                    "sizes": []
                                },
                                "onsale_typography_font_weight": "500",
                                "onsale_typography_text_transform": "uppercase",
                                "onsale_typography_letter_spacing": {
                                    "unit": "px",
                                    "size": 1.2,
                                    "sizes": []
                                },
                                "onsale_width": {
                                    "unit": "px",
                                    "size": 48,
                                    "sizes": []
                                },
                                "onsale_height": {
                                    "unit": "px",
                                    "size": 48,
                                    "sizes": []
                                },
                                "onsale_distance": {
                                    "unit": "px",
                                    "size": -20,
                                    "sizes": []
                                },
                                "columns": 1,
                                "columns_tablet": 1
                            },
                            "elements": [],
                            "isInner": false,
                            "widgetType": "woocommerce-products",
                            "elType": "widget"
                        }
                    ],
                    "isInner": false,
                    "elType": "column"
                }
            ],
            "isInner": false,
            "elType": "section"
        }
    ]
}