{"content":[{"id":"1d3c89bc","settings":{"gap":"no","margin":{"unit":"px","top":"0","right":0,"bottom":"0","left":0,"isLinked":false},"height":"min-height","custom_height":{"unit":"vh","size":85,"sizes":[]},"background_background":"classic","background_image":{"id":"3835","url":"https:\/\/cliente.shazamlnv.com\/setasolar\/wp-content\/uploads\/2022\/04\/7-seth-1240709-unsplash.jpg"},"padding":{"unit":"em","top":"0","right":"0","bottom":"0","left":"4","isLinked":false},"background_position":"center center","background_size":"cover","background_overlay_background":"classic","background_overlay_color":"#000000","background_overlay_opacity":{"unit":"px","size":0.320000000000000006661338147750939242541790008544921875,"sizes":[]},"padding_tablet":{"unit":"px","top":"0","right":"0","bottom":"0","left":"0","isLinked":true},"animation":"fadeIn"},"elements":[{"id":"7fcd842b","settings":{"_column_size":100,"margin_tablet":{"unit":"px","top":"0","right":"0","bottom":"0","left":"0","isLinked":true},"padding_tablet":{"unit":"px","top":"0","right":"0","bottom":"0","left":"0","isLinked":true}},"elements":[{"id":"7d231a03","settings":{"image":{"id":"3836","url":"https:\/\/cliente.shazamlnv.com\/setasolar\/wp-content\/uploads\/2022\/04\/logo3-cc0.png"}},"elements":[],"isInner":false,"widgetType":"image","elType":"widget"},{"id":"1e0f3419","settings":{"title":"Landon &amp; Sons Funeral Home","title_color":"#ffffff","typography_typography":"custom","typography_font_family":"Rosario","typography_font_size":{"unit":"em","size":2,"sizes":[]},"typography_font_weight":"700","align":"center","typography_font_size_tablet":{"unit":"em","size":1.6999999999999999555910790149937383830547332763671875,"sizes":[]},"typography_font_size_mobile":{"unit":"em","size":1.5,"sizes":[]},"_margin":{"unit":"px","top":"0","right":"0","bottom":"20","left":"0","isLinked":false},"typography_font_style":"italic"},"elements":[],"isInner":false,"widgetType":"heading","elType":"widget"},{"id":"741ff674","settings":{"title":"Here, You're Family","header_size":"h1","align":"center","title_color":"#ffffff","typography_typography":"custom","typography_font_family":"Rufina","typography_font_size":{"unit":"rem","size":7,"sizes":[]},"typography_font_weight":"700","typography_line_height":{"unit":"em","size":1.1999999999999999555910790149937383830547332763671875,"sizes":[]},"typography_letter_spacing":{"unit":"px","size":-5,"sizes":[]},"typography_font_size_mobile":{"unit":"rem","size":2.70000000000000017763568394002504646778106689453125,"sizes":[]}},"elements":[],"isInner":false,"widgetType":"heading","elType":"widget"},{"id":"3b688f63","settings":{"title":"(615) 222 - 5678","align":"center","title_color":"#ffffff","typography_typography":"custom","typography_font_family":"Rosario","typography_font_size":{"unit":"rem","size":3.20000000000000017763568394002504646778106689453125,"sizes":[]},"typography_font_weight":"bold","typography_text_transform":"uppercase","typography_letter_spacing":{"unit":"px","size":1,"sizes":[]},"typography_font_size_mobile":{"unit":"rem","size":1.8000000000000000444089209850062616169452667236328125,"sizes":[]}},"elements":[],"isInner":false,"widgetType":"heading","elType":"widget"}],"isInner":false,"elType":"column"}],"isInner":false,"elType":"section"},{"id":"6777af35","settings":{"padding":{"unit":"px","top":"90","right":"0","bottom":"50","left":"0","isLinked":false},"content_width":{"unit":"px","size":1300,"sizes":[]},"background_background":"classic","background_color":"#ffffff"},"elements":[{"id":"18e7133c","settings":{"_column_size":100},"elements":[{"id":"38a7fa24","settings":{"structure":"30","margin":{"unit":"px","top":"0","right":0,"bottom":"30","left":0,"isLinked":false},"layout":"full_width","animation":"fadeIn"},"elements":[{"id":"36f2574d","settings":{"_column_size":33,"_inline_size":null,"padding_mobile":{"unit":"em","top":"1","right":"1","bottom":"1","left":"1","isLinked":true}},"elements":[{"id":"17264228","settings":{"image":{"id":"3837","url":"https:\/\/cliente.shazamlnv.com\/setasolar\/wp-content\/uploads\/2022\/04\/adult-aging-close-up-1305302.jpg"},"thumbnail_size":"custom","thumbnail_custom_dimension":{"width":"300","height":"300"},"title_text":"Preplanning","description_text":"Lorem ipsum dolor sit amet, consectetur adipiscing elit.","position":"left","image_size":{"unit":"%","size":40,"sizes":[]},"title_bottom_space":{"unit":"px","size":13,"sizes":[]},"title_color":"#071019","title_typography_typography":"custom","title_typography_font_family":"Rosario","title_typography_font_size":{"unit":"em","size":1,"sizes":[]},"description_color":"#4e5156","description_typography_typography":"custom","description_typography_font_family":"Siemreap","description_typography_font_size":{"unit":"em","size":0.82999999999999996003197111349436454474925994873046875,"sizes":[]},"description_typography_line_height":{"unit":"em","size":1.5,"sizes":[]},"title_typography_font_size_tablet":{"unit":"em","size":1,"sizes":[]},"title_typography_font_weight":"bold","title_typography_text_transform":"uppercase","title_typography_letter_spacing":{"unit":"px","size":1.1999999999999999555910790149937383830547332763671875,"sizes":[]},"_margin":{"unit":"px","top":"0","right":"0","bottom":"0","left":"0","isLinked":false},"image_size_tablet":{"unit":"%","size":63,"sizes":[]}},"elements":[],"isInner":false,"widgetType":"image-box","elType":"widget"}],"isInner":true,"elType":"column"},{"id":"5e076ed9","settings":{"_column_size":33,"_inline_size":null,"padding_mobile":{"unit":"em","top":"1","right":"1","bottom":"1","left":"1","isLinked":true}},"elements":[{"id":"1ede057a","settings":{"image":{"id":"3838","url":"https:\/\/cliente.shazamlnv.com\/setasolar\/wp-content\/uploads\/2022\/04\/artem-maltsev-1430948-unsplash.jpg"},"thumbnail_size":"custom","thumbnail_custom_dimension":{"width":"300","height":"300"},"title_text":"Collection & Care","description_text":"Lorem ipsum dolor sit amet, consectetur adipiscing elit.","position":"left","image_size":{"unit":"%","size":40,"sizes":[]},"title_bottom_space":{"unit":"px","size":13,"sizes":[]},"title_color":"#071019","title_typography_typography":"custom","title_typography_font_family":"Rosario","title_typography_font_size":{"unit":"em","size":1,"sizes":[]},"title_typography_font_size_tablet":{"unit":"em","size":1,"sizes":[]},"description_color":"#4e5156","description_typography_typography":"custom","description_typography_font_family":"Siemreap","description_typography_font_size":{"unit":"em","size":0.82999999999999996003197111349436454474925994873046875,"sizes":[]},"description_typography_line_height":{"unit":"em","size":1.5,"sizes":[]},"title_typography_font_weight":"bold","title_typography_text_transform":"uppercase","title_typography_letter_spacing":{"unit":"px","size":1.1999999999999999555910790149937383830547332763671875,"sizes":[]},"_margin":{"unit":"px","top":"0","right":"0","bottom":"0","left":"0","isLinked":false},"image_size_tablet":{"unit":"%","size":63,"sizes":[]}},"elements":[],"isInner":false,"widgetType":"image-box","elType":"widget"}],"isInner":true,"elType":"column"},{"id":"3a105375","settings":{"_column_size":33,"_inline_size":null,"padding_mobile":{"unit":"em","top":"1","right":"1","bottom":"1","left":"1","isLinked":true}},"elements":[{"id":"2f3fcca3","settings":{"image":{"id":"3839","url":"https:\/\/cliente.shazamlnv.com\/setasolar\/wp-content\/uploads\/2022\/04\/christian-fregnan-1393575-unsplash.jpg"},"thumbnail_size":"custom","thumbnail_custom_dimension":{"width":"300","height":"300"},"title_text":"Funeral Services","description_text":"Lorem ipsum dolor sit amet, consectetur adipiscing elit.","position":"left","image_size":{"unit":"%","size":40,"sizes":[]},"title_bottom_space":{"unit":"px","size":13,"sizes":[]},"title_color":"#071019","title_typography_typography":"custom","title_typography_font_family":"Rosario","title_typography_font_size":{"unit":"em","size":1,"sizes":[]},"title_typography_font_size_tablet":{"unit":"em","size":1,"sizes":[]},"description_color":"#4e5156","description_typography_typography":"custom","description_typography_font_family":"Siemreap","description_typography_font_size":{"unit":"em","size":0.82999999999999996003197111349436454474925994873046875,"sizes":[]},"description_typography_line_height":{"unit":"em","size":1.5,"sizes":[]},"title_typography_font_weight":"bold","title_typography_text_transform":"uppercase","title_typography_letter_spacing":{"unit":"px","size":1.1999999999999999555910790149937383830547332763671875,"sizes":[]},"_margin":{"unit":"px","top":"0","right":"0","bottom":"0","left":"0","isLinked":false},"image_size_tablet":{"unit":"%","size":63,"sizes":[]}},"elements":[],"isInner":false,"widgetType":"image-box","elType":"widget"}],"isInner":true,"elType":"column"}],"isInner":true,"elType":"section"},{"id":"1d90508e","settings":{"structure":"30","margin":{"unit":"px","top":"0","right":0,"bottom":"40","left":0,"isLinked":false},"layout":"full_width","animation":"fadeIn","animation_delay":200},"elements":[{"id":"c04fe94","settings":{"_column_size":33,"_inline_size":null,"padding_mobile":{"unit":"em","top":"1","right":"1","bottom":"1","left":"1","isLinked":true}},"elements":[{"id":"1c8612b0","settings":{"image":{"id":"3840","url":"https:\/\/cliente.shazamlnv.com\/setasolar\/wp-content\/uploads\/2022\/04\/mayron-oliveira-1224441-unsplash-1.jpg"},"thumbnail_size":"custom","thumbnail_custom_dimension":{"width":"300","height":"300"},"title_text":"Caksets","description_text":"Lorem ipsum dolor sit amet, consectetur adipiscing elit.","position":"left","image_size":{"unit":"%","size":40,"sizes":[]},"title_bottom_space":{"unit":"px","size":13,"sizes":[]},"title_color":"#071019","title_typography_typography":"custom","title_typography_font_family":"Rosario","title_typography_font_size":{"unit":"em","size":1,"sizes":[]},"title_typography_font_size_tablet":{"unit":"em","size":1,"sizes":[]},"description_color":"#4e5156","description_typography_typography":"custom","description_typography_font_family":"Siemreap","description_typography_font_size":{"unit":"em","size":0.82999999999999996003197111349436454474925994873046875,"sizes":[]},"description_typography_line_height":{"unit":"em","size":1.5,"sizes":[]},"title_typography_font_weight":"bold","title_typography_text_transform":"uppercase","title_typography_letter_spacing":{"unit":"px","size":1.1999999999999999555910790149937383830547332763671875,"sizes":[]},"_margin":{"unit":"px","top":"0","right":"0","bottom":"0","left":"0","isLinked":false},"image_size_tablet":{"unit":"%","size":63,"sizes":[]}},"elements":[],"isInner":false,"widgetType":"image-box","elType":"widget"}],"isInner":true,"elType":"column"},{"id":"59a92152","settings":{"_column_size":33,"_inline_size":null,"padding_mobile":{"unit":"em","top":"1","right":"1","bottom":"1","left":"1","isLinked":true}},"elements":[{"id":"1d05ae70","settings":{"image":{"id":"3841","url":"https:\/\/cliente.shazamlnv.com\/setasolar\/wp-content\/uploads\/2022\/04\/samuel-zeller-485722-unsplash.jpg"},"thumbnail_size":"custom","thumbnail_custom_dimension":{"width":"300","height":"300"},"title_text":"Cremation","description_text":"Lorem ipsum dolor sit amet, consectetur adipiscing elit.","position":"left","image_size":{"unit":"%","size":40,"sizes":[]},"title_bottom_space":{"unit":"px","size":13,"sizes":[]},"title_color":"#071019","title_typography_typography":"custom","title_typography_font_family":"Rosario","title_typography_font_size":{"unit":"em","size":1,"sizes":[]},"title_typography_font_size_tablet":{"unit":"em","size":1,"sizes":[]},"description_color":"#4e5156","description_typography_typography":"custom","description_typography_font_family":"Siemreap","description_typography_font_size":{"unit":"em","size":0.82999999999999996003197111349436454474925994873046875,"sizes":[]},"description_typography_line_height":{"unit":"em","size":1.5,"sizes":[]},"title_typography_font_weight":"bold","title_typography_text_transform":"uppercase","title_typography_letter_spacing":{"unit":"px","size":1.1999999999999999555910790149937383830547332763671875,"sizes":[]},"_margin":{"unit":"px","top":"0","right":"0","bottom":"0","left":"0","isLinked":false},"image_size_tablet":{"unit":"%","size":63,"sizes":[]}},"elements":[],"isInner":false,"widgetType":"image-box","elType":"widget"}],"isInner":true,"elType":"column"},{"id":"729ba932","settings":{"_column_size":33,"_inline_size":null,"padding_mobile":{"unit":"em","top":"1","right":"1","bottom":"1","left":"1","isLinked":true}},"elements":[{"id":"183db0b4","settings":{"image":{"id":"3842","url":"https:\/\/cliente.shazamlnv.com\/setasolar\/wp-content\/uploads\/2022\/04\/artem-maltsev-1318976-unsplash.jpg"},"thumbnail_size":"custom","thumbnail_custom_dimension":{"width":"300","height":"300"},"title_text":"Grief & Healing","description_text":"Lorem ipsum dolor sit amet, consectetur adipiscing elit.","position":"left","image_size":{"unit":"%","size":40,"sizes":[]},"title_bottom_space":{"unit":"px","size":13,"sizes":[]},"title_color":"#071019","title_typography_typography":"custom","title_typography_font_family":"Rosario","title_typography_font_size":{"unit":"em","size":1,"sizes":[]},"title_typography_font_size_tablet":{"unit":"em","size":1,"sizes":[]},"description_color":"#4e5156","description_typography_typography":"custom","description_typography_font_family":"Siemreap","description_typography_font_size":{"unit":"em","size":0.82999999999999996003197111349436454474925994873046875,"sizes":[]},"description_typography_line_height":{"unit":"em","size":1.5,"sizes":[]},"title_typography_font_weight":"bold","title_typography_text_transform":"uppercase","title_typography_letter_spacing":{"unit":"px","size":1.1999999999999999555910790149937383830547332763671875,"sizes":[]},"_margin":{"unit":"px","top":"0","right":"0","bottom":"0","left":"0","isLinked":false},"image_size_tablet":{"unit":"%","size":63,"sizes":[]}},"elements":[],"isInner":false,"widgetType":"image-box","elType":"widget"}],"isInner":true,"elType":"column"}],"isInner":true,"elType":"section"}],"isInner":false,"elType":"column"}],"isInner":false,"elType":"section"},{"id":"386c183f","settings":{"background_background":"classic","background_position":"center left","background_repeat":"no-repeat","background_overlay_background":"classic","background_overlay_position":"center left","background_overlay_repeat":"no-repeat","padding":{"unit":"px","top":"0","right":"0","bottom":"50","left":"0","isLinked":false},"content_width":{"unit":"px","size":1300,"sizes":[]},"background_color":"#ffffff","shape_divider_top":"split","shape_divider_top_color":"#ffffff","shape_divider_top_height":{"unit":"px","size":20,"sizes":[]},"shape_divider_top_above_content":"yes"},"elements":[{"id":"68ac1238","settings":{"_column_size":100,"background_background":"classic","background_color":"rgba(63,0,15,0.08)","margin":{"unit":"px","top":"5","right":"0","bottom":"0","left":"0","isLinked":false}},"elements":[{"id":"2999462d","settings":{"carousel":[{"id":"3843","url":"https:\/\/cliente.shazamlnv.com\/setasolar\/wp-content\/uploads\/2022\/04\/ancient-architecture-coffin-1007425.jpg"},{"id":"3844","url":"https:\/\/cliente.shazamlnv.com\/setasolar\/wp-content\/uploads\/2022\/04\/pexels-photo-205342.jpeg"},{"id":"3845","url":"https:\/\/cliente.shazamlnv.com\/setasolar\/wp-content\/uploads\/2022\/04\/orlova-maria-1349339-unsplash.jpg"},{"id":"3839","url":"https:\/\/cliente.shazamlnv.com\/setasolar\/wp-content\/uploads\/2022\/04\/christian-fregnan-1393575-unsplash.jpg"}],"thumbnail_size":"custom","thumbnail_custom_dimension":{"width":"1280","height":"800"},"slides_to_show":"1","_padding":{"unit":"em","top":"2","right":"2","bottom":"2","left":"2","isLinked":true},"navigation":"arrows","_animation":"fadeIn"},"elements":[],"isInner":false,"widgetType":"image-carousel","elType":"widget"}],"isInner":false,"elType":"column"}],"isInner":false,"elType":"section"},{"id":"79e67f4b","settings":{"content_width":{"unit":"px","size":1300,"sizes":[]},"background_background":"classic","background_color":"#ffffff","margin":{"unit":"px","top":"","right":0,"bottom":"","left":0,"isLinked":true},"padding":{"unit":"px","top":"90","right":"0","bottom":"90","left":"0","isLinked":false},"background_position":"center center","background_size":"cover"},"elements":[{"id":"3823c777","settings":{"_column_size":100,"background_overlay_opacity":{"unit":"px","size":0.14000000000000001332267629550187848508358001708984375,"sizes":[]},"background_background":"classic","background_position":"center center","background_size":"cover","background_overlay_background":"classic","background_overlay_position":"center center","background_overlay_size":"cover"},"elements":[{"id":"750831ee","settings":{"title":"We guide you through the process <br>each step of the way.","title_color":"#071019","typography_typography":"custom","typography_font_family":"Rufina","typography_font_size":{"unit":"rem","size":2,"sizes":[]},"typography_font_weight":"900","align":"center","typography_font_size_tablet":{"unit":"rem","size":"","sizes":[]},"typography_letter_spacing":{"unit":"px","size":-0.5,"sizes":[]},"_margin":{"unit":"px","top":"0","right":"0","bottom":"0","left":"0","isLinked":false},"_animation":"fadeIn"},"elements":[],"isInner":false,"widgetType":"heading","elType":"widget"},{"id":"31aa7cd4","settings":{"title":"Direct Funeral typically takes 2 weeks","header_size":"div","title_color":"#071019","typography_typography":"custom","typography_font_family":"Siemreap","typography_font_size":{"unit":"em","size":0.90000000000000002220446049250313080847263336181640625,"sizes":[]},"typography_font_weight":"normal","align":"center","typography_font_size_tablet":{"unit":"em","size":0.82999999999999996003197111349436454474925994873046875,"sizes":[]},"typography_line_height":{"unit":"em","size":1.5,"sizes":[]},"_animation":"fadeInDown"},"elements":[],"isInner":false,"widgetType":"heading","elType":"widget"},{"id":"75dd01a6","settings":{"space":{"unit":"px","size":25,"sizes":[]}},"elements":[],"isInner":false,"widgetType":"spacer","elType":"widget"},{"id":"15c73c48","settings":{"structure":"40","margin":{"unit":"px","top":"","right":0,"bottom":"","left":0,"isLinked":true},"layout":"full_width"},"elements":[{"id":"2630aca4","settings":{"_column_size":25,"_inline_size":null,"margin":{"unit":"px","top":"0","right":"0","bottom":"0","left":"0","isLinked":false},"_inline_size_tablet":50,"margin_tablet":{"unit":"px","top":"0","right":"0","bottom":"0","left":"0","isLinked":true},"padding":{"unit":"em","top":"1","right":"1","bottom":"1","left":"1","isLinked":true},"animation":"fadeIn"},"elements":[{"id":"45066a4c","settings":{"image":{"id":"3848","url":"https:\/\/cliente.shazamlnv.com\/setasolar\/wp-content\/uploads\/2022\/04\/taylor-grote-347601-unsplash.jpg"},"image_size":"custom","image_custom_dimension":{"width":"400","height":"300"},"link":{"url":"#","is_external":"","nofollow":""},"open_lightbox":"yes","image_border_radius":{"unit":"%","top":"","right":"","bottom":"","left":"","isLinked":true}},"elements":[],"isInner":false,"widgetType":"image","elType":"widget"},{"id":"1d36c2b5","settings":{"title":"Step 1","header_size":"h6","title_color":"#071019","typography_typography":"custom","typography_font_family":"Rosario","typography_font_size":{"unit":"rem","size":1,"sizes":[]},"typography_font_weight":"bold","align":"center","typography_font_size_tablet":{"unit":"em","size":1.100000000000000088817841970012523233890533447265625,"sizes":[]},"typography_letter_spacing":{"unit":"px","size":1.1999999999999999555910790149937383830547332763671875,"sizes":[]},"_margin":{"unit":"px","top":"0","right":"0","bottom":"0","left":"0","isLinked":false},"typography_text_transform":"uppercase"},"elements":[],"isInner":false,"widgetType":"heading","elType":"widget"},{"id":"2d52160e","settings":{"title":"Arrangement","header_size":"h4","title_color":"#071019","typography_typography":"custom","typography_font_family":"Rufina","typography_font_size":{"unit":"rem","size":1.600000000000000088817841970012523233890533447265625,"sizes":[]},"typography_font_weight":"900","align":"center","typography_font_size_tablet":{"unit":"rem","size":"","sizes":[]},"typography_letter_spacing":{"unit":"px","size":-0.5,"sizes":[]},"_margin":{"unit":"px","top":"0","right":"0","bottom":"0","left":"0","isLinked":false}},"elements":[],"isInner":false,"widgetType":"heading","elType":"widget"},{"id":"116d1027","settings":{"editor":"Lorem ipsum dolor sit amet, consectetur adipiscing elit. Sed at diam ut tellus dignissim pharetra. Fusce venenatis dapibus efficitur. ","align":"center","text_color":"#4e5156","typography_typography":"custom","typography_font_family":"Siemreap","typography_font_size":{"unit":"em","size":0.8000000000000000444089209850062616169452667236328125,"sizes":[]},"typography_font_size_tablet":{"unit":"em","size":0.82999999999999996003197111349436454474925994873046875,"sizes":[]},"typography_line_height":{"unit":"em","size":1.5,"sizes":[]}},"elements":[],"isInner":false,"widgetType":"text-editor","elType":"widget"}],"isInner":true,"elType":"column"},{"id":"b5669b7","settings":{"_column_size":25,"_inline_size":null,"_inline_size_tablet":50,"margin":{"unit":"px","top":"0","right":"0","bottom":"0","left":"0","isLinked":false},"margin_tablet":{"unit":"px","top":"0","right":"0","bottom":"0","left":"0","isLinked":true},"padding":{"unit":"em","top":"1","right":"1","bottom":"1","left":"1","isLinked":true},"animation":"fadeIn","animation_delay":200},"elements":[{"id":"9781c18","settings":{"image":{"id":"3842","url":"https:\/\/cliente.shazamlnv.com\/setasolar\/wp-content\/uploads\/2022\/04\/artem-maltsev-1318976-unsplash.jpg"},"image_size":"custom","image_custom_dimension":{"width":"400","height":"300"},"link":{"url":"#","is_external":"","nofollow":""},"open_lightbox":"yes","image_border_radius":{"unit":"%","top":"","right":"","bottom":"","left":"","isLinked":true}},"elements":[],"isInner":false,"widgetType":"image","elType":"widget"},{"id":"12131b9c","settings":{"title":"Step 2","header_size":"h6","title_color":"#071019","typography_typography":"custom","typography_font_family":"Rosario","typography_font_size":{"unit":"rem","size":1,"sizes":[]},"typography_font_weight":"bold","align":"center","typography_font_size_tablet":{"unit":"em","size":1.100000000000000088817841970012523233890533447265625,"sizes":[]},"typography_letter_spacing":{"unit":"px","size":1.1999999999999999555910790149937383830547332763671875,"sizes":[]},"_margin":{"unit":"px","top":"0","right":"0","bottom":"0","left":"0","isLinked":false},"typography_text_transform":"uppercase"},"elements":[],"isInner":false,"widgetType":"heading","elType":"widget"},{"id":"2cc20034","settings":{"title":"Collection","header_size":"h4","title_color":"#071019","typography_typography":"custom","typography_font_family":"Rufina","typography_font_size":{"unit":"rem","size":1.600000000000000088817841970012523233890533447265625,"sizes":[]},"typography_font_weight":"900","align":"center","typography_font_size_tablet":{"unit":"rem","size":"","sizes":[]},"typography_letter_spacing":{"unit":"px","size":-0.5,"sizes":[]},"_margin":{"unit":"px","top":"0","right":"0","bottom":"0","left":"0","isLinked":false}},"elements":[],"isInner":false,"widgetType":"heading","elType":"widget"},{"id":"55c4b597","settings":{"editor":"Lorem ipsum dolor sit amet, consectetur adipiscing elit. Sed at diam ut tellus dignissim pharetra. Fusce venenatis dapibus efficitur. ","align":"center","text_color":"#4e5156","typography_typography":"custom","typography_font_family":"Siemreap","typography_font_size":{"unit":"em","size":0.8000000000000000444089209850062616169452667236328125,"sizes":[]},"typography_font_size_tablet":{"unit":"em","size":0.82999999999999996003197111349436454474925994873046875,"sizes":[]},"typography_line_height":{"unit":"em","size":1.5,"sizes":[]}},"elements":[],"isInner":false,"widgetType":"text-editor","elType":"widget"}],"isInner":true,"elType":"column"},{"id":"63a62501","settings":{"_column_size":25,"_inline_size":null,"_inline_size_tablet":50,"margin":{"unit":"px","top":"0","right":"0","bottom":"0","left":"0","isLinked":false},"margin_tablet":{"unit":"px","top":"0","right":"0","bottom":"0","left":"0","isLinked":true},"padding":{"unit":"em","top":"1","right":"1","bottom":"1","left":"1","isLinked":true},"animation":"fadeIn","animation_delay":400},"elements":[{"id":"33e1a8ec","settings":{"image":{"id":"3839","url":"https:\/\/cliente.shazamlnv.com\/setasolar\/wp-content\/uploads\/2022\/04\/christian-fregnan-1393575-unsplash.jpg"},"image_size":"custom","image_custom_dimension":{"width":"400","height":"300"},"link":{"url":"#","is_external":"","nofollow":""},"open_lightbox":"yes","image_border_radius":{"unit":"%","top":"","right":"","bottom":"","left":"","isLinked":true}},"elements":[],"isInner":false,"widgetType":"image","elType":"widget"},{"id":"bc6a3e4","settings":{"title":"Step 3","header_size":"h6","title_color":"#071019","typography_typography":"custom","typography_font_family":"Rosario","typography_font_size":{"unit":"rem","size":1,"sizes":[]},"typography_font_weight":"bold","align":"center","typography_font_size_tablet":{"unit":"em","size":1.100000000000000088817841970012523233890533447265625,"sizes":[]},"typography_letter_spacing":{"unit":"px","size":1.1999999999999999555910790149937383830547332763671875,"sizes":[]},"_margin":{"unit":"px","top":"0","right":"0","bottom":"0","left":"0","isLinked":false},"typography_text_transform":"uppercase"},"elements":[],"isInner":false,"widgetType":"heading","elType":"widget"},{"id":"7a233a0c","settings":{"title":"Registration","header_size":"h4","title_color":"#071019","typography_typography":"custom","typography_font_family":"Rufina","typography_font_size":{"unit":"rem","size":1.600000000000000088817841970012523233890533447265625,"sizes":[]},"typography_font_weight":"900","align":"center","typography_font_size_tablet":{"unit":"rem","size":"","sizes":[]},"typography_letter_spacing":{"unit":"px","size":-0.5,"sizes":[]},"_margin":{"unit":"px","top":"0","right":"0","bottom":"0","left":"0","isLinked":false}},"elements":[],"isInner":false,"widgetType":"heading","elType":"widget"},{"id":"574b122d","settings":{"editor":"Lorem ipsum dolor sit amet, consectetur adipiscing elit. Sed at diam ut tellus dignissim pharetra. Fusce venenatis dapibus efficitur. ","align":"center","text_color":"#4e5156","typography_typography":"custom","typography_font_family":"Siemreap","typography_font_size":{"unit":"em","size":0.8000000000000000444089209850062616169452667236328125,"sizes":[]},"typography_font_size_tablet":{"unit":"em","size":0.82999999999999996003197111349436454474925994873046875,"sizes":[]},"typography_line_height":{"unit":"em","size":1.5,"sizes":[]}},"elements":[],"isInner":false,"widgetType":"text-editor","elType":"widget"}],"isInner":true,"elType":"column"},{"id":"63c21e28","settings":{"_column_size":25,"_inline_size":null,"margin":{"unit":"px","top":"0","right":"0","bottom":"0","left":"0","isLinked":false},"_inline_size_tablet":50,"margin_tablet":{"unit":"px","top":"0","right":"0","bottom":"0","left":"0","isLinked":true},"padding":{"unit":"em","top":"1","right":"1","bottom":"1","left":"1","isLinked":true},"animation":"fadeIn","animation_delay":600},"elements":[{"id":"3483cb8a","settings":{"image":{"id":"3840","url":"https:\/\/cliente.shazamlnv.com\/setasolar\/wp-content\/uploads\/2022\/04\/mayron-oliveira-1224441-unsplash-1.jpg"},"image_size":"custom","image_custom_dimension":{"width":"400","height":"300"},"link":{"url":"#","is_external":"","nofollow":""},"open_lightbox":"yes","image_border_radius":{"unit":"%","top":"","right":"","bottom":"","left":"","isLinked":true}},"elements":[],"isInner":false,"widgetType":"image","elType":"widget"},{"id":"56200746","settings":{"title":"Step 4","header_size":"h6","title_color":"#071019","typography_typography":"custom","typography_font_family":"Rosario","typography_font_size":{"unit":"rem","size":1,"sizes":[]},"typography_font_weight":"bold","align":"center","typography_font_size_tablet":{"unit":"em","size":1.100000000000000088817841970012523233890533447265625,"sizes":[]},"typography_letter_spacing":{"unit":"px","size":1.1999999999999999555910790149937383830547332763671875,"sizes":[]},"_margin":{"unit":"px","top":"0","right":"0","bottom":"0","left":"0","isLinked":false},"typography_text_transform":"uppercase"},"elements":[],"isInner":false,"widgetType":"heading","elType":"widget"},{"id":"51567d71","settings":{"title":"Funeral","header_size":"h4","title_color":"#071019","typography_typography":"custom","typography_font_family":"Rufina","typography_font_size":{"unit":"rem","size":1.600000000000000088817841970012523233890533447265625,"sizes":[]},"typography_font_weight":"900","align":"center","typography_font_size_tablet":{"unit":"rem","size":"","sizes":[]},"typography_letter_spacing":{"unit":"px","size":-0.5,"sizes":[]},"_margin":{"unit":"px","top":"0","right":"0","bottom":"0","left":"0","isLinked":false}},"elements":[],"isInner":false,"widgetType":"heading","elType":"widget"},{"id":"201946d9","settings":{"editor":"Lorem ipsum dolor sit amet, consectetur adipiscing elit. Sed at diam ut tellus dignissim pharetra. Fusce venenatis dapibus efficitur. ","align":"center","text_color":"#4e5156","typography_typography":"custom","typography_font_family":"Siemreap","typography_font_size":{"unit":"em","size":0.8000000000000000444089209850062616169452667236328125,"sizes":[]},"typography_font_size_tablet":{"unit":"em","size":0.82999999999999996003197111349436454474925994873046875,"sizes":[]},"typography_line_height":{"unit":"em","size":1.5,"sizes":[]}},"elements":[],"isInner":false,"widgetType":"text-editor","elType":"widget"}],"isInner":true,"elType":"column"}],"isInner":true,"elType":"section"},{"id":"141f7d2a","settings":{"text":"Learn More","icon":"fa fa-angle-double-right","icon_indent":{"unit":"px","size":18,"sizes":[]},"typography_typography":"custom","typography_font_family":"Rosario","button_text_color":"#54595f","background_color":"rgba(63,0,15,0.09)","hover_color":"#54595f","button_background_hover_color":"#ffffff","border_border":"solid","border_width":{"unit":"px","top":"2","right":"2","bottom":"2","left":"2","isLinked":true},"border_color":"rgba(84,89,95,0)","border_radius":{"unit":"%","top":"0","right":"0","bottom":"0","left":"0","isLinked":true},"text_padding":{"unit":"px","top":"15","right":"30","bottom":"15","left":"30","isLinked":false},"align":"center","_margin":{"unit":"px","top":"25","right":"0","bottom":"5","left":"0","isLinked":false},"typography_font_size":{"unit":"rem","size":0.8000000000000000444089209850062616169452667236328125,"sizes":[]},"typography_letter_spacing":{"unit":"px","size":2,"sizes":[]},"typography_font_weight":"bold","typography_text_transform":"uppercase","icon_align":"right","button_hover_border_color":"#777777","_animation":"fadeIn","selected_icon":{"value":"fas fa-angle-double-right","library":"fa-solid"}},"elements":[],"isInner":false,"widgetType":"button","elType":"widget"}],"isInner":false,"elType":"column"}],"isInner":false,"elType":"section"},{"id":"6bdfe321","settings":{"background_background":"classic","background_color":"rgba(63,0,15,0.08)","animation":"fadeIn"},"elements":[{"id":"155856ac","settings":{"_column_size":100},"elements":[{"id":"7a8b8980","settings":{"content_width":{"unit":"px","size":736,"sizes":[]},"background_background":"classic","background_overlay_image":{"id":"3849","url":"https:\/\/cliente.shazamlnv.com\/setasolar\/wp-content\/uploads\/2022\/04\/ligature-symbols_2-11-0_quote_225_13_bdc3c7_none.png"},"background_overlay_position":"top left","background_overlay_repeat":"no-repeat","background_overlay_opacity":{"unit":"px","size":0.1000000000000000055511151231257827021181583404541015625,"sizes":[]},"padding":{"unit":"px","top":"40","right":"0","bottom":"40","left":"0","isLinked":false},"background_overlay_size":"initial","background_overlay_bg_width":{"unit":"%","size":19,"sizes":[]}},"elements":[{"id":"47a2afa6","settings":{"_column_size":100,"_inline_size":null,"background_background":"classic","background_overlay_background":"classic","background_overlay_image":{"id":"3849","url":"https:\/\/cliente.shazamlnv.com\/setasolar\/wp-content\/uploads\/2022\/04\/ligature-symbols_2-11-0_quote_225_13_bdc3c7_none.png"},"background_overlay_position":"top left","background_overlay_repeat":"no-repeat","background_overlay_size":"initial","background_overlay_bg_width":{"unit":"px","size":91,"sizes":[]},"background_overlay_opacity":{"unit":"px","size":0.13000000000000000444089209850062616169452667236328125,"sizes":[]},"padding":{"unit":"em","top":"3","right":"3","bottom":"3","left":"3","isLinked":true}},"elements":[{"id":"21599e9c","settings":{"testimonial_content":"Click edit button to change this text. Lorem ipsum dolor sit amet, consectetur adipiscing elit. Ut elit tellus, luctus nec ullamcorper mattis, pulvinar dapibus leo.","testimonial_image":{"url":"","id":""},"testimonial_image_size":"thumbnail","testimonial_name":"John Doe","testimonial_job":"Burlington, Colorado","testimonial_alignment":"left","content_content_color":"#444751","content_typography_typography":"custom","content_typography_font_family":"Rosario","content_typography_font_size":{"unit":"em","size":1.1999999999999999555910790149937383830547332763671875,"sizes":[]},"content_typography_font_size_tablet":{"unit":"em","size":1.1999999999999999555910790149937383830547332763671875,"sizes":[]},"content_typography_font_style":"italic","content_typography_line_height":{"unit":"em","size":1.5,"sizes":[]},"image_border_width":{"unit":"px","size":"","sizes":[]},"image_border_width_tablet":{"unit":"px","size":"","sizes":[]},"image_border_width_mobile":{"unit":"px","size":"","sizes":[]},"image_border_color":"#000","image_border_radius":{"unit":"px","size":"","sizes":[]},"name_text_color":"#394957","name_typography_typography":"custom","name_typography_font_family":"Rosario","name_typography_font_size":{"unit":"em","size":1,"sizes":[]},"name_typography_font_size_tablet":{"unit":"em","size":0.90000000000000002220446049250313080847263336181640625,"sizes":[]},"name_typography_font_weight":"bold","name_typography_text_transform":"uppercase","job_text_color":"#777777","job_typography_typography":"custom","job_typography_font_family":"Siemreap","job_typography_font_size":{"unit":"rem","size":0.6999999999999999555910790149937383830547332763671875,"sizes":[]},"job_typography_text_transform":"uppercase"},"elements":[],"isInner":false,"widgetType":"testimonial","elType":"widget"}],"isInner":true,"elType":"column"}],"isInner":true,"elType":"section"}],"isInner":false,"elType":"column"}],"isInner":false,"elType":"section"},{"id":"7388991a","settings":{"background_background":"classic","background_position":"center left","background_repeat":"no-repeat","background_overlay_background":"classic","background_overlay_position":"center left","background_overlay_repeat":"no-repeat","padding":{"unit":"px","top":"60","right":"0","bottom":"60","left":"0","isLinked":false},"background_color":"#ffffff"},"elements":[{"id":"37403ef","settings":{"_column_size":100},"elements":[{"id":"69cd0ed5","settings":{"title":"In Loving Memory...","title_color":"#071019","typography_typography":"custom","typography_font_family":"Rufina","typography_font_size":{"unit":"rem","size":2,"sizes":[]},"typography_font_weight":"900","align":"center","typography_font_size_tablet":{"unit":"rem","size":"","sizes":[]},"typography_letter_spacing":{"unit":"px","size":-0.5,"sizes":[]},"_margin":{"unit":"px","top":"0","right":"0","bottom":"0","left":"0","isLinked":false},"_animation":"fadeIn"},"elements":[],"isInner":false,"widgetType":"heading","elType":"widget"},{"id":"b2855ae","settings":{"editor":"<p>Lorem ipsum dolor sit amet, consectetur adipiscing elit. Sed at diam ut tellus dignissim pharetra. Fusce venenatis dapibus efficitur.<\/p>","align":"center","text_color":"#4e5156","typography_typography":"custom","typography_font_family":"Siemreap","typography_font_size":{"unit":"em","size":0.90000000000000002220446049250313080847263336181640625,"sizes":[]},"typography_font_size_tablet":{"unit":"em","size":0.82999999999999996003197111349436454474925994873046875,"sizes":[]},"typography_line_height":{"unit":"em","size":1.5,"sizes":[]},"_animation":"fadeInDown"},"elements":[],"isInner":false,"widgetType":"text-editor","elType":"widget"},{"id":"6197416a","settings":{"structure":"40","animation":"fadeIn"},"elements":[{"id":"74cfd026","settings":{"_column_size":25,"_inline_size":null,"_inline_size_mobile":50},"elements":[{"id":"52b0f95","settings":{"image":{"id":"3850","url":"https:\/\/cliente.shazamlnv.com\/setasolar\/wp-content\/uploads\/2022\/04\/sage-kirk-485982-unsplash.jpg"},"thumbnail_custom_dimension":{"width":"600","height":"600"},"title_text":"Jane Aldrich","description_text":"1979 - 2019","image_size":{"unit":"px","size":100,"sizes":[]},"image_size_tablet":{"unit":"px","size":"","sizes":[]},"image_size_mobile":{"unit":"px","size":"","sizes":[]},"text_align":"center","title_color":"#071019","title_typography_typography":"custom","title_typography_font_family":"Rosario","title_typography_font_size":{"unit":"rem","size":1,"sizes":[]},"title_typography_font_weight":"bold","title_typography_text_transform":"uppercase","title_typography_letter_spacing":{"unit":"px","size":1.1999999999999999555910790149937383830547332763671875,"sizes":[]},"description_color":"#4e5156","description_typography_typography":"custom","description_typography_font_family":"Siemreap","description_typography_font_size":{"unit":"rem","size":0.8000000000000000444089209850062616169452667236328125,"sizes":[]},"description_typography_line_height":{"unit":"em","size":0.1000000000000000055511151231257827021181583404541015625,"sizes":[]},"description_typography_font_weight":"bold","description_typography_font_style":"italic"},"elements":[],"isInner":false,"widgetType":"image-box","elType":"widget"}],"isInner":true,"elType":"column"},{"id":"5329b4fb","settings":{"_column_size":25,"_inline_size":null,"_inline_size_mobile":50},"elements":[{"id":"31b1b979","settings":{"image":{"id":"3851","url":"https:\/\/cliente.shazamlnv.com\/setasolar\/wp-content\/uploads\/2022\/04\/bahram-bayat-1168562-unsplash.jpg"},"thumbnail_size":"custom","thumbnail_custom_dimension":{"width":"600","height":"600"},"title_text":"Dean McCabe","description_text":"1955 - 2019","image_size":{"unit":"px","size":100,"sizes":[]},"image_size_tablet":{"unit":"px","size":"","sizes":[]},"image_size_mobile":{"unit":"px","size":"","sizes":[]},"title_color":"#071019","title_typography_typography":"custom","title_typography_font_family":"Rosario","title_typography_font_size":{"unit":"rem","size":1,"sizes":[]},"title_typography_font_weight":"bold","title_typography_text_transform":"uppercase","title_typography_letter_spacing":{"unit":"px","size":1.1999999999999999555910790149937383830547332763671875,"sizes":[]},"description_color":"#4e5156","description_typography_typography":"custom","description_typography_font_family":"Siemreap","description_typography_font_size":{"unit":"rem","size":0.8000000000000000444089209850062616169452667236328125,"sizes":[]},"description_typography_line_height":{"unit":"em","size":0.1000000000000000055511151231257827021181583404541015625,"sizes":[]},"text_align":"center","description_typography_font_weight":"bold","description_typography_font_style":"italic"},"elements":[],"isInner":false,"widgetType":"image-box","elType":"widget"}],"isInner":true,"elType":"column"},{"id":"5c33b6a6","settings":{"_column_size":25,"_inline_size":null,"_inline_size_mobile":50},"elements":[{"id":"3f3933f0","settings":{"image":{"id":"3852","url":"https:\/\/cliente.shazamlnv.com\/setasolar\/wp-content\/uploads\/2022\/04\/aziz-acharki-592558-unsplash.jpg"},"thumbnail_size":"custom","thumbnail_custom_dimension":{"width":"600","height":"600"},"title_text":"Daniel Vasquez","description_text":"1954 - 2019","image_size":{"unit":"px","size":100,"sizes":[]},"image_size_tablet":{"unit":"px","size":"","sizes":[]},"image_size_mobile":{"unit":"px","size":"","sizes":[]},"title_color":"#071019","title_typography_typography":"custom","title_typography_font_family":"Rosario","title_typography_font_size":{"unit":"rem","size":1,"sizes":[]},"title_typography_font_weight":"bold","title_typography_text_transform":"uppercase","title_typography_letter_spacing":{"unit":"px","size":1.1999999999999999555910790149937383830547332763671875,"sizes":[]},"description_color":"#4e5156","description_typography_typography":"custom","description_typography_font_family":"Siemreap","description_typography_font_size":{"unit":"rem","size":0.8000000000000000444089209850062616169452667236328125,"sizes":[]},"description_typography_line_height":{"unit":"em","size":0.1000000000000000055511151231257827021181583404541015625,"sizes":[]},"text_align":"center","description_typography_font_weight":"bold","description_typography_font_style":"italic"},"elements":[],"isInner":false,"widgetType":"image-box","elType":"widget"}],"isInner":true,"elType":"column"},{"id":"5ee170fc","settings":{"_column_size":25,"_inline_size":null,"_inline_size_mobile":50},"elements":[{"id":"4ca76c6c","settings":{"image":{"id":"3853","url":"https:\/\/cliente.shazamlnv.com\/setasolar\/wp-content\/uploads\/2022\/04\/pexels-photo-236214.jpeg"},"thumbnail_size":"thumbnail","thumbnail_custom_dimension":{"width":"600","height":"600"},"title_text":"James Eberton","description_text":"1939 - 2019","image_size":{"unit":"px","size":100,"sizes":[]},"image_size_tablet":{"unit":"px","size":"","sizes":[]},"image_size_mobile":{"unit":"px","size":100,"sizes":[]},"title_color":"#071019","title_typography_typography":"custom","title_typography_font_family":"Rosario","title_typography_font_size":{"unit":"rem","size":1,"sizes":[]},"title_typography_font_weight":"bold","title_typography_text_transform":"uppercase","title_typography_letter_spacing":{"unit":"px","size":1.1999999999999999555910790149937383830547332763671875,"sizes":[]},"description_color":"#4e5156","description_typography_typography":"custom","description_typography_font_family":"Siemreap","description_typography_font_size":{"unit":"rem","size":0.8000000000000000444089209850062616169452667236328125,"sizes":[]},"description_typography_line_height":{"unit":"em","size":0.1000000000000000055511151231257827021181583404541015625,"sizes":[]},"text_align":"center","description_typography_font_weight":"bold","description_typography_font_style":"italic"},"elements":[],"isInner":false,"widgetType":"image-box","elType":"widget"}],"isInner":true,"elType":"column"}],"isInner":true,"elType":"section"},{"id":"36815399","settings":{"text":"More memorials","icon":"fa fa-angle-double-right","icon_indent":{"unit":"px","size":18,"sizes":[]},"typography_typography":"custom","typography_font_family":"Rosario","button_text_color":"#54595f","background_color":"rgba(63,0,15,0.08)","hover_color":"#54595f","button_background_hover_color":"#ffffff","border_border":"solid","border_width":{"unit":"px","top":"2","right":"2","bottom":"2","left":"2","isLinked":true},"border_color":"rgba(84,89,95,0)","border_radius":{"unit":"%","top":"0","right":"0","bottom":"0","left":"0","isLinked":true},"text_padding":{"unit":"px","top":"15","right":"30","bottom":"15","left":"30","isLinked":false},"align":"center","_margin":{"unit":"px","top":"25","right":"0","bottom":"5","left":"0","isLinked":false},"typography_font_size":{"unit":"rem","size":0.8000000000000000444089209850062616169452667236328125,"sizes":[]},"typography_letter_spacing":{"unit":"px","size":2,"sizes":[]},"typography_font_weight":"bold","typography_text_transform":"uppercase","icon_align":"right","button_hover_border_color":"#777777","_animation":"fadeIn","selected_icon":{"value":"fas fa-angle-double-right","library":"fa-solid"}},"elements":[],"isInner":false,"widgetType":"button","elType":"widget"}],"isInner":false,"elType":"column"}],"isInner":false,"elType":"section"},{"id":"49b8f56d","settings":{"content_width":{"unit":"px","size":1300,"sizes":[]},"gap":"no","height":"min-height","custom_height":{"unit":"vh","size":60,"sizes":[]},"column_position":"stretch","structure":"20","background_background":"classic","background_color":"#ffffff","background_overlay_background":"classic","background_overlay_position":"initial","background_overlay_xpos":{"unit":"%","size":100,"sizes":[]},"background_overlay_ypos":{"unit":"px","size":-251,"sizes":[]},"background_overlay_attachment":"fixed","background_overlay_repeat":"no-repeat","background_overlay_opacity":{"unit":"px","size":0.040000000000000000832667268468867405317723751068115234375,"sizes":[]}},"elements":[{"id":"18040449","settings":{"_column_size":50,"_inline_size":60,"background_background":"classic","background_image":{"id":"3854","url":"https:\/\/cliente.shazamlnv.com\/setasolar\/wp-content\/uploads\/2022\/04\/cc0fromcanva.jpg"},"background_position":"initial","background_size":"cover","background_xpos":{"unit":"%","size":0,"sizes":[]},"background_ypos":{"unit":"%","size":37,"sizes":[]},"animation":"fadeIn"},"elements":[{"id":"42112dce","settings":{"space":{"unit":"px","size":530,"sizes":[]}},"elements":[],"isInner":false,"widgetType":"spacer","elType":"widget"}],"isInner":false,"elType":"column"},{"id":"28a096d3","settings":{"_column_size":50,"_inline_size":40,"content_position":"center","padding":{"unit":"%","top":"10","right":"10","bottom":"10","left":"10","isLinked":true}},"elements":[{"id":"42c8c2a5","settings":{"content_width":{"unit":"px","size":700,"sizes":[]},"animation":"fadeIn","animation_delay":200},"elements":[{"id":"6adffe20","settings":{"_column_size":100,"_inline_size":null},"elements":[{"id":"7a1c632b","settings":{"title":"About Us","title_color":"#071019","typography_typography":"custom","typography_font_family":"Rufina","typography_font_size":{"unit":"rem","size":2,"sizes":[]},"typography_font_weight":"900","align":"left","typography_font_size_tablet":{"unit":"rem","size":"","sizes":[]},"typography_letter_spacing":{"unit":"px","size":-0.5,"sizes":[]},"_margin":{"unit":"px","top":"0","right":"0","bottom":"0","left":"0","isLinked":false},"align_tablet":"left","align_mobile":"center","_animation_delay":200},"elements":[],"isInner":false,"widgetType":"heading","elType":"widget"},{"id":"3e599081","settings":{"editor":"<p>Lorem ipsum dolor sit amet, consectetur adipiscing elit. Sed at diam ut tellus dignissim pharetra. Fusce venenatis dapibus efficitur.<\/p>","align":"left","text_color":"#4e5156","typography_typography":"custom","typography_font_family":"Siemreap","typography_font_size":{"unit":"em","size":0.90000000000000002220446049250313080847263336181640625,"sizes":[]},"typography_font_size_tablet":{"unit":"em","size":0.82999999999999996003197111349436454474925994873046875,"sizes":[]},"typography_line_height":{"unit":"em","size":1.5,"sizes":[]},"align_mobile":"center"},"elements":[],"isInner":false,"widgetType":"text-editor","elType":"widget"}],"isInner":true,"elType":"column"}],"isInner":true,"elType":"section"},{"id":"6ccc521c","settings":{"content_width":{"unit":"px","size":700,"sizes":[]},"margin":{"unit":"px","top":"0","right":0,"bottom":"30","left":0,"isLinked":false},"animation":"fadeIn","animation_delay":300},"elements":[{"id":"5662333e","settings":{"_column_size":100,"_inline_size":null},"elements":[{"id":"fb9b6b1","settings":{"text":"Contact Us","icon":"fa fa-envelope-open-o","icon_indent":{"unit":"px","size":18,"sizes":[]},"typography_typography":"custom","typography_font_family":"Rosario","button_text_color":"#ffffff","background_color":"#2d2d2d","hover_color":"#54595f","button_background_hover_color":"#ffffff","border_border":"solid","border_width":{"unit":"px","top":"2","right":"2","bottom":"2","left":"2","isLinked":true},"border_color":"#1b2952","border_radius":{"unit":"%","top":"0","right":"0","bottom":"0","left":"0","isLinked":true},"text_padding":{"unit":"px","top":"15","right":"30","bottom":"15","left":"30","isLinked":false},"align":"left","_margin":{"unit":"px","top":"25","right":"0","bottom":"25","left":"0","isLinked":false},"typography_font_size":{"unit":"rem","size":0.90000000000000002220446049250313080847263336181640625,"sizes":[]},"typography_letter_spacing":{"unit":"px","size":2,"sizes":[]},"typography_font_weight":"bold","typography_text_transform":"uppercase","button_hover_border_color":"#707070","align_mobile":"justify","selected_icon":{"value":"far fa-envelope-open","library":"fa-regular"}},"elements":[],"isInner":false,"widgetType":"button","elType":"widget"}],"isInner":true,"elType":"column"}],"isInner":true,"elType":"section"}],"isInner":false,"elType":"column"}],"isInner":false,"elType":"section"}],"page_settings":[],"version":"0.4","title":"SERVI\u00c7OS FUNER\u00c1RIOS","type":"section"}