{
    "version": "0.4",
    "title": "Project detail",
    "type": "section",
    "metadata": {
        "template_type": "single-post",
        "include_in_zip": "1",
        "elementor_pro_required": "1",
        "wp_page_template": "elementor_header_footer"
    },
    "content": [
        {
            "id": "317c3b35",
            "settings": {
                "height": "min-height",
                "custom_height": {
                    "unit": "px",
                    "size": 750,
                    "sizes": []
                },
                "content_position": "middle",
                "background_background": "classic",
                "background_image": {
                    "url": "https:\/\/hando.themezaa.com\/wp-content\/uploads\/2020\/02\/img-31.jpg",
                    "id": 3070
                },
                "content_width": {
                    "unit": "px",
                    "size": 1170,
                    "sizes": []
                },
                "background_position": "center center",
                "background_repeat": "no-repeat",
                "background_size": "cover",
                "custom_height_tablet": {
                    "unit": "px",
                    "size": 510,
                    "sizes": []
                },
                "custom_height_mobile": {
                    "unit": "px",
                    "size": 450,
                    "sizes": []
                },
                "background_color": "#232323"
            },
            "elements": [
                {
                    "id": "24b79576",
                    "settings": {
                        "_column_size": 100,
                        "_inline_size": null
                    },
                    "elements": [
                        {
                            "id": "c370df7",
                            "settings": {
                                "title": "creative design studio",
                                "header_size": "div",
                                "align": "center",
                                "title_color": "rgba(255, 255, 255, 0.5)",
                                "typography_typography": "custom",
                                "typography_font_family": "Poppins",
                                "typography_font_size": {
                                    "unit": "px",
                                    "size": 20,
                                    "sizes": []
                                },
                                "typography_font_weight": "400",
                                "typography_line_height": {
                                    "unit": "px",
                                    "size": 28,
                                    "sizes": []
                                },
                                "typography_font_size_mobile": {
                                    "unit": "px",
                                    "size": 16,
                                    "sizes": []
                                },
                                "typography_line_height_mobile": {
                                    "unit": "px",
                                    "size": 26,
                                    "sizes": []
                                }
                            },
                            "elements": [],
                            "isInner": false,
                            "widgetType": "heading",
                            "elType": "widget"
                        },
                        {
                            "id": "4e9bafd9",
                            "settings": {
                                "title": "the Themezaa",
                                "header_size": "div",
                                "align": "center",
                                "title_color": "#FFFFFF",
                                "typography_typography": "custom",
                                "typography_font_family": "Poppins",
                                "typography_font_size": {
                                    "unit": "px",
                                    "size": 75,
                                    "sizes": []
                                },
                                "typography_font_weight": "700",
                                "typography_line_height": {
                                    "unit": "px",
                                    "size": 80,
                                    "sizes": []
                                },
                                "_padding": {
                                    "unit": "%",
                                    "top": "",
                                    "right": "",
                                    "bottom": "",
                                    "left": "",
                                    "isLinked": true
                                },
                                "typography_font_size_tablet": {
                                    "unit": "px",
                                    "size": 60,
                                    "sizes": []
                                },
                                "typography_line_height_tablet": {
                                    "unit": "px",
                                    "size": 56,
                                    "sizes": []
                                },
                                "typography_font_size_mobile": {
                                    "unit": "px",
                                    "size": 48,
                                    "sizes": []
                                },
                                "typography_line_height_mobile": {
                                    "unit": "px",
                                    "size": "",
                                    "sizes": []
                                },
                                "typography_text_transform": "uppercase",
                                "__dynamic__": {
                                    "title": "[elementor-tag id=\"7b60e6c\" name=\"post-title\" settings=\"%7B%7D\"]"
                                }
                            },
                            "elements": [],
                            "isInner": false,
                            "widgetType": "heading",
                            "elType": "widget"
                        }
                    ],
                    "isInner": false,
                    "elType": "column"
                }
            ],
            "isInner": false,
            "elType": "section"
        },
        {
            "id": "1774fe23",
            "settings": {
                "layout": "full_width",
                "structure": "20",
                "margin": {
                    "unit": "px",
                    "top": "130",
                    "right": 0,
                    "bottom": "130",
                    "left": 0,
                    "isLinked": true
                },
                "padding": {
                    "unit": "%",
                    "top": "0",
                    "right": "16",
                    "bottom": "0",
                    "left": "16",
                    "isLinked": false
                },
                "margin_tablet": {
                    "unit": "px",
                    "top": "80",
                    "right": 0,
                    "bottom": "80",
                    "left": 0,
                    "isLinked": false
                },
                "margin_mobile": {
                    "unit": "px",
                    "top": "50",
                    "right": 0,
                    "bottom": "50",
                    "left": 0,
                    "isLinked": true
                },
                "padding_tablet": {
                    "unit": "px",
                    "top": "0",
                    "right": "0",
                    "bottom": "0",
                    "left": "0",
                    "isLinked": false
                }
            },
            "elements": [
                {
                    "id": "16c6a246",
                    "settings": {
                        "_column_size": 50,
                        "_inline_size": 38,
                        "padding": {
                            "unit": "px",
                            "top": "0",
                            "right": "15",
                            "bottom": "0",
                            "left": "15",
                            "isLinked": false
                        },
                        "margin_mobile": {
                            "unit": "px",
                            "top": "0",
                            "right": "0",
                            "bottom": "40",
                            "left": "0",
                            "isLinked": false
                        }
                    },
                    "elements": [
                        {
                            "id": "b35c0",
                            "settings": {
                                "title": "About the<br>\nproject",
                                "header_size": "h3",
                                "title_color": "#272B36",
                                "typography_typography": "custom",
                                "typography_font_family": "Poppins",
                                "typography_font_size": {
                                    "unit": "px",
                                    "size": 30,
                                    "sizes": []
                                },
                                "typography_font_weight": "500",
                                "typography_line_height": {
                                    "unit": "px",
                                    "size": 35,
                                    "sizes": []
                                },
                                "_margin": {
                                    "unit": "px",
                                    "top": "0",
                                    "right": "0",
                                    "bottom": "35",
                                    "left": "0",
                                    "isLinked": false
                                },
                                "typography_font_size_mobile": {
                                    "unit": "px",
                                    "size": 28,
                                    "sizes": []
                                },
                                "typography_line_height_mobile": {
                                    "unit": "px",
                                    "size": 36,
                                    "sizes": []
                                },
                                "_margin_mobile": {
                                    "unit": "px",
                                    "top": "0",
                                    "right": "0",
                                    "bottom": "15",
                                    "left": "0",
                                    "isLinked": false
                                },
                                "text_shadow_text_shadow_type": "yes",
                                "text_shadow_text_shadow": {
                                    "horizontal": 0,
                                    "vertical": 0,
                                    "blur": 10,
                                    "color": ""
                                }
                            },
                            "elements": [],
                            "isInner": false,
                            "widgetType": "heading",
                            "elType": "widget"
                        },
                        {
                            "id": "124951da",
                            "settings": {
                                "structure": "20",
                                "margin": {
                                    "unit": "px",
                                    "top": "0",
                                    "right": 0,
                                    "bottom": "58",
                                    "left": 0,
                                    "isLinked": false
                                },
                                "padding": {
                                    "unit": "%",
                                    "top": "0",
                                    "right": "14",
                                    "bottom": "0",
                                    "left": "0",
                                    "isLinked": false
                                },
                                "padding_tablet": {
                                    "unit": "px",
                                    "top": "0",
                                    "right": "0",
                                    "bottom": "0",
                                    "left": "0",
                                    "isLinked": false
                                },
                                "html_tag": "div"
                            },
                            "elements": [
                                {
                                    "id": "2a2672f3",
                                    "settings": {
                                        "_column_size": 50,
                                        "_inline_size": null,
                                        "space_between_widgets": 0,
                                        "padding": {
                                            "unit": "%",
                                            "top": "0",
                                            "right": "0",
                                            "bottom": "0",
                                            "left": "0",
                                            "isLinked": false
                                        },
                                        "_inline_size_mobile": 50
                                    },
                                    "elements": [
                                        {
                                            "id": "694ed3ed",
                                            "settings": {
                                                "title": "Date\n",
                                                "header_size": "div",
                                                "title_color": "#272B36",
                                                "typography_typography": "custom",
                                                "typography_font_family": "Poppins",
                                                "typography_font_size": {
                                                    "unit": "px",
                                                    "size": 14,
                                                    "sizes": []
                                                },
                                                "typography_font_weight": "500",
                                                "typography_text_transform": "uppercase",
                                                "typography_line_height": {
                                                    "unit": "px",
                                                    "size": 26,
                                                    "sizes": []
                                                }
                                            },
                                            "elements": [],
                                            "isInner": false,
                                            "widgetType": "heading",
                                            "elType": "widget"
                                        },
                                        {
                                            "id": "39c03b8b",
                                            "settings": {
                                                "title": "28 March 2020",
                                                "header_size": "span",
                                                "title_color": "#828282",
                                                "typography_typography": "custom",
                                                "typography_font_family": "Roboto",
                                                "typography_font_size": {
                                                    "unit": "px",
                                                    "size": 14,
                                                    "sizes": []
                                                },
                                                "typography_line_height": {
                                                    "unit": "px",
                                                    "size": 30,
                                                    "sizes": []
                                                },
                                                "typography_font_weight": "400"
                                            },
                                            "elements": [],
                                            "isInner": false,
                                            "widgetType": "heading",
                                            "elType": "widget"
                                        }
                                    ],
                                    "isInner": true,
                                    "elType": "column"
                                },
                                {
                                    "id": "60a11a3b",
                                    "settings": {
                                        "_column_size": 50,
                                        "_inline_size": null,
                                        "space_between_widgets": 0,
                                        "padding": {
                                            "unit": "px",
                                            "top": "0",
                                            "right": "0",
                                            "bottom": "0",
                                            "left": "0",
                                            "isLinked": false
                                        },
                                        "_inline_size_mobile": 50
                                    },
                                    "elements": [
                                        {
                                            "id": "a7014eb",
                                            "settings": {
                                                "title": "Client\n",
                                                "header_size": "div",
                                                "title_color": "#272B36",
                                                "typography_typography": "custom",
                                                "typography_font_family": "Poppins",
                                                "typography_font_size": {
                                                    "unit": "px",
                                                    "size": 14,
                                                    "sizes": []
                                                },
                                                "typography_font_weight": "500",
                                                "typography_text_transform": "uppercase",
                                                "typography_line_height": {
                                                    "unit": "px",
                                                    "size": 26,
                                                    "sizes": []
                                                }
                                            },
                                            "elements": [],
                                            "isInner": false,
                                            "widgetType": "heading",
                                            "elType": "widget"
                                        },
                                        {
                                            "id": "5f8d72dd",
                                            "settings": {
                                                "title": "Brian Smith",
                                                "header_size": "span",
                                                "title_color": "#828282",
                                                "typography_typography": "custom",
                                                "typography_font_family": "Roboto",
                                                "typography_font_size": {
                                                    "unit": "px",
                                                    "size": 14,
                                                    "sizes": []
                                                },
                                                "typography_line_height": {
                                                    "unit": "px",
                                                    "size": 30,
                                                    "sizes": []
                                                }
                                            },
                                            "elements": [],
                                            "isInner": false,
                                            "widgetType": "heading",
                                            "elType": "widget"
                                        }
                                    ],
                                    "isInner": true,
                                    "elType": "column"
                                }
                            ],
                            "isInner": true,
                            "elType": "section"
                        },
                        {
                            "id": "74b767dc",
                            "settings": {
                                "structure": "20",
                                "margin": {
                                    "unit": "px",
                                    "top": "0",
                                    "right": 0,
                                    "bottom": "58",
                                    "left": 0,
                                    "isLinked": false
                                },
                                "padding": {
                                    "unit": "%",
                                    "top": "0",
                                    "right": "14",
                                    "bottom": "0",
                                    "left": "0",
                                    "isLinked": false
                                },
                                "padding_tablet": {
                                    "unit": "px",
                                    "top": "0",
                                    "right": "0",
                                    "bottom": "0",
                                    "left": "0",
                                    "isLinked": false
                                },
                                "html_tag": "div"
                            },
                            "elements": [
                                {
                                    "id": "3a458114",
                                    "settings": {
                                        "_column_size": 50,
                                        "_inline_size": null,
                                        "space_between_widgets": 0,
                                        "padding": {
                                            "unit": "%",
                                            "top": "0",
                                            "right": "0",
                                            "bottom": "0",
                                            "left": "0",
                                            "isLinked": false
                                        },
                                        "_inline_size_mobile": 50
                                    },
                                    "elements": [
                                        {
                                            "id": "7e18a3b7",
                                            "settings": {
                                                "title": "Category\n",
                                                "header_size": "div",
                                                "title_color": "#272B36",
                                                "typography_typography": "custom",
                                                "typography_font_family": "Poppins",
                                                "typography_font_size": {
                                                    "unit": "px",
                                                    "size": 14,
                                                    "sizes": []
                                                },
                                                "typography_font_weight": "500",
                                                "typography_text_transform": "uppercase",
                                                "typography_line_height": {
                                                    "unit": "px",
                                                    "size": 26,
                                                    "sizes": []
                                                }
                                            },
                                            "elements": [],
                                            "isInner": false,
                                            "widgetType": "heading",
                                            "elType": "widget"
                                        },
                                        {
                                            "id": "473d2050",
                                            "settings": {
                                                "title": "Branding",
                                                "header_size": "span",
                                                "title_color": "#828282",
                                                "typography_typography": "custom",
                                                "typography_font_family": "Roboto",
                                                "typography_font_size": {
                                                    "unit": "px",
                                                    "size": 14,
                                                    "sizes": []
                                                },
                                                "typography_line_height": {
                                                    "unit": "px",
                                                    "size": 30,
                                                    "sizes": []
                                                }
                                            },
                                            "elements": [],
                                            "isInner": false,
                                            "widgetType": "heading",
                                            "elType": "widget"
                                        }
                                    ],
                                    "isInner": true,
                                    "elType": "column"
                                },
                                {
                                    "id": "351cb8ca",
                                    "settings": {
                                        "_column_size": 50,
                                        "_inline_size": null,
                                        "space_between_widgets": 0,
                                        "padding": {
                                            "unit": "px",
                                            "top": "0",
                                            "right": "0",
                                            "bottom": "0",
                                            "left": "0",
                                            "isLinked": false
                                        },
                                        "_inline_size_mobile": 50
                                    },
                                    "elements": [
                                        {
                                            "id": "567eaec4",
                                            "settings": {
                                                "title": "Tags\n",
                                                "header_size": "div",
                                                "title_color": "#272B36",
                                                "typography_typography": "custom",
                                                "typography_font_family": "Poppins",
                                                "typography_font_size": {
                                                    "unit": "px",
                                                    "size": 14,
                                                    "sizes": []
                                                },
                                                "typography_font_weight": "500",
                                                "typography_text_transform": "uppercase",
                                                "typography_line_height": {
                                                    "unit": "px",
                                                    "size": 26,
                                                    "sizes": []
                                                }
                                            },
                                            "elements": [],
                                            "isInner": false,
                                            "widgetType": "heading",
                                            "elType": "widget"
                                        },
                                        {
                                            "id": "4bc831be",
                                            "settings": {
                                                "title": "Design",
                                                "header_size": "span",
                                                "title_color": "#828282",
                                                "typography_typography": "custom",
                                                "typography_font_family": "Roboto",
                                                "typography_font_size": {
                                                    "unit": "px",
                                                    "size": 14,
                                                    "sizes": []
                                                },
                                                "typography_line_height": {
                                                    "unit": "px",
                                                    "size": 30,
                                                    "sizes": []
                                                }
                                            },
                                            "elements": [],
                                            "isInner": false,
                                            "widgetType": "heading",
                                            "elType": "widget"
                                        }
                                    ],
                                    "isInner": true,
                                    "elType": "column"
                                }
                            ],
                            "isInner": true,
                            "elType": "section"
                        },
                        {
                            "id": "34da72a3",
                            "settings": {
                                "margin": {
                                    "unit": "px",
                                    "top": "",
                                    "right": 0,
                                    "bottom": "",
                                    "left": 0,
                                    "isLinked": true
                                },
                                "padding": {
                                    "unit": "%",
                                    "top": "0",
                                    "right": "18",
                                    "bottom": "0",
                                    "left": "0",
                                    "isLinked": false
                                },
                                "padding_tablet": {
                                    "unit": "px",
                                    "top": "0",
                                    "right": "0",
                                    "bottom": "0",
                                    "left": "0",
                                    "isLinked": false
                                },
                                "html_tag": "div"
                            },
                            "elements": [
                                {
                                    "id": "536c7eba",
                                    "settings": {
                                        "_column_size": 100,
                                        "_inline_size": null,
                                        "space_between_widgets": 0,
                                        "padding": {
                                            "unit": "%",
                                            "top": "0",
                                            "right": "0",
                                            "bottom": "0",
                                            "left": "0",
                                            "isLinked": false
                                        }
                                    },
                                    "elements": [
                                        {
                                            "id": "16e05383",
                                            "settings": {
                                                "title": "Share\n",
                                                "header_size": "div",
                                                "title_color": "#272B36",
                                                "typography_typography": "custom",
                                                "typography_font_family": "Poppins",
                                                "typography_font_size": {
                                                    "unit": "px",
                                                    "size": 14,
                                                    "sizes": []
                                                },
                                                "typography_font_weight": "500",
                                                "typography_text_transform": "uppercase",
                                                "typography_line_height": {
                                                    "unit": "px",
                                                    "size": 26,
                                                    "sizes": []
                                                },
                                                "_margin": {
                                                    "unit": "px",
                                                    "top": "0",
                                                    "right": "0",
                                                    "bottom": "12",
                                                    "left": "0",
                                                    "isLinked": false
                                                }
                                            },
                                            "elements": [],
                                            "isInner": false,
                                            "widgetType": "heading",
                                            "elType": "widget"
                                        },
                                        {
                                            "id": "4dd101bd",
                                            "settings": {
                                                "share_buttons": [
                                                    {
                                                        "button": "facebook",
                                                        "_id": "a8fc5f6",
                                                        "text": ""
                                                    },
                                                    {
                                                        "button": "pinterest",
                                                        "_id": "47dda30",
                                                        "text": ""
                                                    },
                                                    {
                                                        "button": "twitter",
                                                        "_id": "69411c3",
                                                        "text": ""
                                                    },
                                                    {
                                                        "button": "linkedin",
                                                        "text": "",
                                                        "_id": "628cb65"
                                                    }
                                                ],
                                                "view": "icon",
                                                "skin": "flat",
                                                "alignment": "left",
                                                "column_gap": {
                                                    "unit": "px",
                                                    "size": 8,
                                                    "sizes": []
                                                },
                                                "row_gap": {
                                                    "unit": "px",
                                                    "size": 0,
                                                    "sizes": []
                                                },
                                                "button_size": {
                                                    "unit": "px",
                                                    "size": 0.55,
                                                    "sizes": []
                                                },
                                                "icon_size": {
                                                    "unit": "px",
                                                    "size": 14,
                                                    "sizes": []
                                                },
                                                "color_source": "custom",
                                                "primary_color": "rgba(2, 1, 1, 0)",
                                                "secondary_color": "#272B36",
                                                "secondary_color_hover": "#828282"
                                            },
                                            "elements": [],
                                            "isInner": false,
                                            "widgetType": "share-buttons",
                                            "elType": "widget"
                                        }
                                    ],
                                    "isInner": true,
                                    "elType": "column"
                                }
                            ],
                            "isInner": true,
                            "elType": "section"
                        }
                    ],
                    "isInner": false,
                    "elType": "column"
                },
                {
                    "id": "4f638f4a",
                    "settings": {
                        "_column_size": 50,
                        "_inline_size": 62,
                        "padding": {
                            "unit": "px",
                            "top": "0",
                            "right": "15",
                            "bottom": "0",
                            "left": "15",
                            "isLinked": false
                        }
                    },
                    "elements": [
                        {
                            "id": "1fd02a28",
                            "settings": {
                                "title": "The Themezaa creative studeo",
                                "header_size": "div",
                                "title_color": "#272B36",
                                "typography_typography": "custom",
                                "typography_font_family": "Poppins",
                                "typography_font_size": {
                                    "unit": "px",
                                    "size": 15,
                                    "sizes": []
                                },
                                "typography_font_weight": "500",
                                "typography_text_transform": "uppercase",
                                "typography_line_height": {
                                    "unit": "px",
                                    "size": 28,
                                    "sizes": []
                                }
                            },
                            "elements": [],
                            "isInner": false,
                            "widgetType": "heading",
                            "elType": "widget"
                        },
                        {
                            "id": "491ed8ee",
                            "settings": {
                                "editor": "<p>Lorem ipsum is simply dummy text of the printing and typesetting industry. lorem ipsum has been the industry's standard dummy text ever since when an unknown printer took a galley of type and scrambled it to make a type specimen book. It has survived not only five centuries, but also leap into in the 1960s with the release simply text printing typesetting industry lorem ipsum has typesetting.<\/p>",
                                "text_color": "#828282",
                                "typography_typography": "custom",
                                "typography_font_family": "Roboto",
                                "typography_font_size": {
                                    "unit": "px",
                                    "size": 15,
                                    "sizes": []
                                },
                                "typography_font_weight": "400",
                                "typography_line_height": {
                                    "unit": "px",
                                    "size": 28,
                                    "sizes": []
                                },
                                "_margin": {
                                    "unit": "px",
                                    "top": "0",
                                    "right": "0",
                                    "bottom": "4",
                                    "left": "0",
                                    "isLinked": false
                                }
                            },
                            "elements": [],
                            "isInner": false,
                            "widgetType": "text-editor",
                            "elType": "widget"
                        },
                        {
                            "id": "744f1a8b",
                            "settings": {
                                "editor": "<p>Printer ipsum is simply dummy text of the printing and typesetting industry. lorem ipsum has been the industry's standard dummy text ever since when an unknown printer took a galley of type and scrambled it to make a type specimen book. It has survived not only five centuries, but also leap into in the 1960s.<\/p>",
                                "text_color": "#828282",
                                "typography_typography": "custom",
                                "typography_font_family": "Roboto",
                                "typography_font_size": {
                                    "unit": "px",
                                    "size": 15,
                                    "sizes": []
                                },
                                "typography_font_weight": "400",
                                "typography_line_height": {
                                    "unit": "px",
                                    "size": 28,
                                    "sizes": []
                                },
                                "_margin": {
                                    "unit": "px",
                                    "top": "0",
                                    "right": "0",
                                    "bottom": "4",
                                    "left": "0",
                                    "isLinked": false
                                }
                            },
                            "elements": [],
                            "isInner": false,
                            "widgetType": "text-editor",
                            "elType": "widget"
                        },
                        {
                            "id": "d4f2ab3",
                            "settings": {
                                "editor": "<p>Typesetting is simply dummy text of the printing and typesetting industry. lorem ipsum has been the industry's standard dummy text ever since when an unknown printer took a galley of type and scrambled it to make a type specimen book. It has survived not only five centuries.<\/p>",
                                "text_color": "#828282",
                                "typography_typography": "custom",
                                "typography_font_family": "Roboto",
                                "typography_font_size": {
                                    "unit": "px",
                                    "size": 15,
                                    "sizes": []
                                },
                                "typography_font_weight": "400",
                                "typography_line_height": {
                                    "unit": "px",
                                    "size": 28,
                                    "sizes": []
                                },
                                "_margin": {
                                    "unit": "px",
                                    "top": "0",
                                    "right": "0",
                                    "bottom": "25",
                                    "left": "0",
                                    "isLinked": false
                                }
                            },
                            "elements": [],
                            "isInner": false,
                            "widgetType": "text-editor",
                            "elType": "widget"
                        },
                        {
                            "id": "3999a9ed",
                            "settings": {
                                "text": "View Project",
                                "typography_typography": "custom",
                                "typography_font_family": "Poppins",
                                "typography_font_size": {
                                    "unit": "px",
                                    "size": 12,
                                    "sizes": []
                                },
                                "typography_font_weight": "500",
                                "typography_text_transform": "uppercase",
                                "typography_line_height": {
                                    "unit": "px",
                                    "size": 24,
                                    "sizes": []
                                },
                                "typography_letter_spacing": {
                                    "unit": "px",
                                    "size": 1,
                                    "sizes": []
                                },
                                "button_text_color": "#272B36",
                                "background_color": "rgba(2, 1, 1, 0)",
                                "hover_color": "#FFFFFF",
                                "button_background_hover_color": "#272B36",
                                "border_border": "solid",
                                "border_width": {
                                    "unit": "px",
                                    "top": "1",
                                    "right": "1",
                                    "bottom": "1",
                                    "left": "1",
                                    "isLinked": true
                                },
                                "border_color": "#272B36",
                                "border_radius": {
                                    "unit": "px",
                                    "top": "0",
                                    "right": "0",
                                    "bottom": "0",
                                    "left": "0",
                                    "isLinked": true
                                },
                                "text_padding": {
                                    "unit": "px",
                                    "top": "13",
                                    "right": "35",
                                    "bottom": "13",
                                    "left": "35",
                                    "isLinked": false
                                },
                                "text_shadow_text_shadow_type": "yes",
                                "text_shadow_text_shadow": {
                                    "horizontal": 0,
                                    "vertical": 0,
                                    "blur": 10,
                                    "color": ""
                                },
                                "link": {
                                    "url": "#",
                                    "is_external": "on",
                                    "nofollow": "",
                                    "custom_attributes": ""
                                }
                            },
                            "elements": [],
                            "isInner": false,
                            "widgetType": "button",
                            "elType": "widget"
                        }
                    ],
                    "isInner": false,
                    "elType": "column"
                }
            ],
            "isInner": false,
            "elType": "section"
        },
        {
            "id": "4f04bdea",
            "settings": {
                "content_width": {
                    "unit": "px",
                    "size": 1170,
                    "sizes": []
                },
                "padding": {
                    "unit": "%",
                    "top": "0",
                    "right": "8.5",
                    "bottom": "0",
                    "left": "8.5",
                    "isLinked": false
                },
                "layout": "full_width",
                "padding_tablet": {
                    "unit": "px",
                    "top": "0",
                    "right": "0",
                    "bottom": "0",
                    "left": "0",
                    "isLinked": false
                }
            },
            "elements": [
                {
                    "id": "3625710a",
                    "settings": {
                        "_column_size": 100,
                        "_inline_size": null,
                        "padding": {
                            "unit": "px",
                            "top": "0",
                            "right": "15",
                            "bottom": "0",
                            "left": "15",
                            "isLinked": false
                        }
                    },
                    "elements": [
                        {
                            "id": "33dbdbef",
                            "settings": {
                                "image": {
                                    "url": "https:\/\/hando.themezaa.com\/wp-content\/uploads\/2020\/02\/img-32.jpg",
                                    "id": 3243
                                },
                                "image_size": "full"
                            },
                            "elements": [],
                            "isInner": false,
                            "widgetType": "image",
                            "elType": "widget"
                        }
                    ],
                    "isInner": false,
                    "elType": "column"
                }
            ],
            "isInner": false,
            "elType": "section"
        },
        {
            "id": "d9c33c6",
            "settings": {
                "layout": "full_width",
                "structure": "20",
                "margin": {
                    "unit": "px",
                    "top": "130",
                    "right": 0,
                    "bottom": "130",
                    "left": 0,
                    "isLinked": true
                },
                "padding": {
                    "unit": "%",
                    "top": "0",
                    "right": "16",
                    "bottom": "0",
                    "left": "16",
                    "isLinked": false
                },
                "margin_tablet": {
                    "unit": "px",
                    "top": "80",
                    "right": 0,
                    "bottom": "80",
                    "left": 0,
                    "isLinked": true
                },
                "margin_mobile": {
                    "unit": "px",
                    "top": "50",
                    "right": 0,
                    "bottom": "50",
                    "left": 0,
                    "isLinked": true
                },
                "padding_tablet": {
                    "unit": "px",
                    "top": "0",
                    "right": "0",
                    "bottom": "0",
                    "left": "0",
                    "isLinked": false
                }
            },
            "elements": [
                {
                    "id": "4fc542de",
                    "settings": {
                        "_column_size": 50,
                        "_inline_size": 40,
                        "padding": {
                            "unit": "px",
                            "top": "0",
                            "right": "15",
                            "bottom": "0",
                            "left": "15",
                            "isLinked": false
                        },
                        "_inline_size_tablet": 50
                    },
                    "elements": [
                        {
                            "id": "4e2ac66",
                            "settings": {
                                "title": "We create digital ideas that are bigger, broader, braver and better.",
                                "header_size": "h3",
                                "typography_typography": "custom",
                                "typography_font_family": "Poppins",
                                "typography_font_size": {
                                    "unit": "px",
                                    "size": 30,
                                    "sizes": []
                                },
                                "typography_font_weight": "500",
                                "typography_line_height": {
                                    "unit": "px",
                                    "size": 35,
                                    "sizes": []
                                },
                                "title_color": "#272B36",
                                "typography_font_size_tablet": {
                                    "unit": "px",
                                    "size": 28,
                                    "sizes": []
                                },
                                "typography_font_size_mobile": {
                                    "unit": "px",
                                    "size": 26,
                                    "sizes": []
                                },
                                "typography_line_height_tablet": {
                                    "unit": "px",
                                    "size": 36,
                                    "sizes": []
                                },
                                "typography_line_height_mobile": {
                                    "unit": "px",
                                    "size": 32,
                                    "sizes": []
                                },
                                "_margin_mobile": {
                                    "unit": "px",
                                    "top": "0",
                                    "right": "0",
                                    "bottom": "25",
                                    "left": "0",
                                    "isLinked": false
                                },
                                "_element_width": "initial",
                                "_element_custom_width": {
                                    "unit": "%",
                                    "size": 80,
                                    "sizes": []
                                },
                                "_element_width_tablet": "inherit"
                            },
                            "elements": [],
                            "isInner": false,
                            "widgetType": "heading",
                            "elType": "widget"
                        }
                    ],
                    "isInner": false,
                    "elType": "column"
                },
                {
                    "id": "77b6396b",
                    "settings": {
                        "_column_size": 50,
                        "_inline_size": 60.003,
                        "padding": {
                            "unit": "px",
                            "top": "0",
                            "right": "15",
                            "bottom": "0",
                            "left": "15",
                            "isLinked": false
                        },
                        "_inline_size_tablet": 50
                    },
                    "elements": [
                        {
                            "id": "7ee771de",
                            "settings": {
                                "editor": "Lorem ipsum is simply dummy text of the printing and typesetting industry. lorem ipsum has been the industry's\nstandard dummy text ever since when an unknown printer took a galley of type and scrambled it to make a type\nIt has survived not only five centuries, but also leap into in the 1960s with the release.",
                                "text_color": "#828282",
                                "typography_typography": "custom",
                                "typography_font_family": "Roboto",
                                "typography_font_size": {
                                    "unit": "px",
                                    "size": 15,
                                    "sizes": []
                                },
                                "typography_font_weight": "400",
                                "typography_line_height": {
                                    "unit": "px",
                                    "size": 28,
                                    "sizes": []
                                }
                            },
                            "elements": [],
                            "isInner": false,
                            "widgetType": "text-editor",
                            "elType": "widget"
                        }
                    ],
                    "isInner": false,
                    "elType": "column"
                }
            ],
            "isInner": false,
            "elType": "section"
        },
        {
            "id": "b101665",
            "settings": {
                "content_width": {
                    "unit": "px",
                    "size": 1170,
                    "sizes": []
                },
                "padding": {
                    "unit": "%",
                    "top": "0",
                    "right": "8.5",
                    "bottom": "0",
                    "left": "8.5",
                    "isLinked": false
                },
                "layout": "full_width",
                "margin_tablet": {
                    "unit": "px",
                    "top": "",
                    "right": 0,
                    "bottom": "",
                    "left": 0,
                    "isLinked": true
                },
                "padding_tablet": {
                    "unit": "px",
                    "top": "0",
                    "right": "0",
                    "bottom": "0",
                    "left": "0",
                    "isLinked": false
                },
                "margin": {
                    "unit": "px",
                    "top": "",
                    "right": 0,
                    "bottom": "",
                    "left": 0,
                    "isLinked": true
                }
            },
            "elements": [
                {
                    "id": "523e1452",
                    "settings": {
                        "_column_size": 100,
                        "_inline_size": null,
                        "padding": {
                            "unit": "px",
                            "top": "0",
                            "right": "15",
                            "bottom": "0",
                            "left": "15",
                            "isLinked": false
                        }
                    },
                    "elements": [
                        {
                            "id": "a19d081",
                            "settings": {
                                "layout": "full_width",
                                "structure": "20",
                                "margin": {
                                    "unit": "px",
                                    "top": "0",
                                    "right": 0,
                                    "bottom": "0",
                                    "left": 0,
                                    "isLinked": false
                                },
                                "html_tag": "div"
                            },
                            "elements": [
                                {
                                    "id": "6464fba9",
                                    "settings": {
                                        "_column_size": 50,
                                        "_inline_size": null,
                                        "padding": {
                                            "unit": "px",
                                            "top": "0",
                                            "right": "0",
                                            "bottom": "0",
                                            "left": "0",
                                            "isLinked": true
                                        }
                                    },
                                    "elements": [
                                        {
                                            "id": "7cdc7628",
                                            "settings": {
                                                "image": {
                                                    "url": "https:\/\/hando.themezaa.com\/wp-content\/uploads\/2020\/03\/img-33.jpg",
                                                    "id": 4509
                                                },
                                                "image_size": "full"
                                            },
                                            "elements": [],
                                            "isInner": false,
                                            "widgetType": "image",
                                            "elType": "widget"
                                        }
                                    ],
                                    "isInner": true,
                                    "elType": "column"
                                },
                                {
                                    "id": "5b1e89bd",
                                    "settings": {
                                        "_column_size": 50,
                                        "_inline_size": null,
                                        "padding": {
                                            "unit": "px",
                                            "top": "0",
                                            "right": "0",
                                            "bottom": "0",
                                            "left": "0",
                                            "isLinked": false
                                        }
                                    },
                                    "elements": [
                                        {
                                            "id": "764ca217",
                                            "settings": {
                                                "image": {
                                                    "url": "https:\/\/hando.themezaa.com\/wp-content\/uploads\/2020\/03\/img-34.jpg",
                                                    "id": 4510
                                                },
                                                "image_size": "full"
                                            },
                                            "elements": [],
                                            "isInner": false,
                                            "widgetType": "image",
                                            "elType": "widget"
                                        }
                                    ],
                                    "isInner": true,
                                    "elType": "column"
                                }
                            ],
                            "isInner": true,
                            "elType": "section"
                        }
                    ],
                    "isInner": false,
                    "elType": "column"
                }
            ],
            "isInner": false,
            "elType": "section"
        },
        {
            "id": "660ad483",
            "settings": {
                "content_width": {
                    "unit": "px",
                    "size": 1170,
                    "sizes": []
                },
                "padding": {
                    "unit": "%",
                    "top": "0",
                    "right": "8.5",
                    "bottom": "0",
                    "left": "8.5",
                    "isLinked": false
                },
                "layout": "full_width",
                "margin": {
                    "unit": "px",
                    "top": "130",
                    "right": 0,
                    "bottom": "130",
                    "left": 0,
                    "isLinked": true
                },
                "margin_tablet": {
                    "unit": "px",
                    "top": "80",
                    "right": 0,
                    "bottom": "80",
                    "left": 0,
                    "isLinked": true
                },
                "margin_mobile": {
                    "unit": "px",
                    "top": "50",
                    "right": 0,
                    "bottom": "50",
                    "left": 0,
                    "isLinked": true
                },
                "padding_tablet": {
                    "unit": "px",
                    "top": "0",
                    "right": "0",
                    "bottom": "0",
                    "left": "0",
                    "isLinked": false
                }
            },
            "elements": [
                {
                    "id": "79ae0440",
                    "settings": {
                        "_column_size": 100,
                        "_inline_size": null,
                        "padding": {
                            "unit": "px",
                            "top": "0",
                            "right": "15",
                            "bottom": "0",
                            "left": "15",
                            "isLinked": false
                        }
                    },
                    "elements": [
                        {
                            "id": "2c427400",
                            "settings": {
                                "image": {
                                    "url": "https:\/\/hando.themezaa.com\/wp-content\/uploads\/2020\/02\/img-35.jpg",
                                    "id": 3254
                                },
                                "image_size": "full"
                            },
                            "elements": [],
                            "isInner": false,
                            "widgetType": "image",
                            "elType": "widget"
                        }
                    ],
                    "isInner": false,
                    "elType": "column"
                }
            ],
            "isInner": false,
            "elType": "section"
        },
        {
            "id": "63a8a877",
            "settings": {
                "layout": "full_width",
                "padding": {
                    "unit": "%",
                    "top": "0",
                    "right": "8.5",
                    "bottom": "0",
                    "left": "8.5",
                    "isLinked": false
                },
                "padding_tablet": {
                    "unit": "px",
                    "top": "0",
                    "right": "0",
                    "bottom": "0",
                    "left": "0",
                    "isLinked": false
                }
            },
            "elements": [
                {
                    "id": "2fd5daa3",
                    "settings": {
                        "_column_size": 100,
                        "_inline_size": null,
                        "padding": {
                            "unit": "px",
                            "top": "0",
                            "right": "15",
                            "bottom": "0",
                            "left": "15",
                            "isLinked": false
                        }
                    },
                    "elements": [
                        {
                            "id": "73a01b9b",
                            "settings": {
                                "image": {
                                    "url": "https:\/\/hando.themezaa.com\/wp-content\/uploads\/2020\/03\/img-36-new.jpg",
                                    "id": 4507
                                },
                                "image_size": "full"
                            },
                            "elements": [],
                            "isInner": false,
                            "widgetType": "image",
                            "elType": "widget"
                        }
                    ],
                    "isInner": false,
                    "elType": "column"
                }
            ],
            "isInner": false,
            "elType": "section"
        },
        {
            "id": "284cbb33",
            "settings": {
                "layout": "full_width",
                "structure": "30",
                "margin": {
                    "unit": "px",
                    "top": "130",
                    "right": 0,
                    "bottom": "130",
                    "left": 0,
                    "isLinked": true
                },
                "padding": {
                    "unit": "%",
                    "top": "0",
                    "right": "8.5",
                    "bottom": "0",
                    "left": "08.5",
                    "isLinked": false
                },
                "margin_tablet": {
                    "unit": "px",
                    "top": "80",
                    "right": 0,
                    "bottom": "80",
                    "left": 0,
                    "isLinked": false
                },
                "margin_mobile": {
                    "unit": "px",
                    "top": "50",
                    "right": 0,
                    "bottom": "50",
                    "left": 0,
                    "isLinked": true
                },
                "padding_tablet": {
                    "unit": "px",
                    "top": "0",
                    "right": "0",
                    "bottom": "0",
                    "left": "0",
                    "isLinked": false
                }
            },
            "elements": [
                {
                    "id": "4cbfbc15",
                    "settings": {
                        "_column_size": 33,
                        "_inline_size": null,
                        "padding": {
                            "unit": "px",
                            "top": "0",
                            "right": "15",
                            "bottom": "0",
                            "left": "15",
                            "isLinked": false
                        },
                        "margin_mobile": {
                            "unit": "px",
                            "top": "0",
                            "right": "0",
                            "bottom": "30",
                            "left": "0",
                            "isLinked": false
                        }
                    },
                    "elements": [
                        {
                            "id": "763e5bc8",
                            "settings": {
                                "image": {
                                    "url": "https:\/\/hando.themezaa.com\/wp-content\/uploads\/2020\/02\/img-38.jpg",
                                    "id": 3257
                                },
                                "image_size": "full"
                            },
                            "elements": [],
                            "isInner": false,
                            "widgetType": "image",
                            "elType": "widget"
                        }
                    ],
                    "isInner": false,
                    "elType": "column"
                },
                {
                    "id": "29bc8c97",
                    "settings": {
                        "_column_size": 33,
                        "_inline_size": null,
                        "padding": {
                            "unit": "px",
                            "top": "0",
                            "right": "15",
                            "bottom": "0",
                            "left": "15",
                            "isLinked": false
                        },
                        "margin_mobile": {
                            "unit": "px",
                            "top": "0",
                            "right": "0",
                            "bottom": "30",
                            "left": "0",
                            "isLinked": false
                        }
                    },
                    "elements": [
                        {
                            "id": "61588807",
                            "settings": {
                                "image": {
                                    "url": "https:\/\/hando.themezaa.com\/wp-content\/uploads\/2020\/02\/img-39.jpg",
                                    "id": 3258
                                },
                                "image_size": "full"
                            },
                            "elements": [],
                            "isInner": false,
                            "widgetType": "image",
                            "elType": "widget"
                        }
                    ],
                    "isInner": false,
                    "elType": "column"
                },
                {
                    "id": "31dcd5e8",
                    "settings": {
                        "_column_size": 33,
                        "_inline_size": null,
                        "padding": {
                            "unit": "px",
                            "top": "0",
                            "right": "15",
                            "bottom": "0",
                            "left": "15",
                            "isLinked": false
                        }
                    },
                    "elements": [
                        {
                            "id": "62e06e73",
                            "settings": {
                                "image": {
                                    "url": "https:\/\/hando.themezaa.com\/wp-content\/uploads\/2020\/02\/img-40.jpg",
                                    "id": 3259
                                },
                                "image_size": "full"
                            },
                            "elements": [],
                            "isInner": false,
                            "widgetType": "image",
                            "elType": "widget"
                        }
                    ],
                    "isInner": false,
                    "elType": "column"
                }
            ],
            "isInner": false,
            "elType": "section"
        },
        {
            "id": "4f373dcb",
            "settings": {
                "padding": {
                    "unit": "px",
                    "top": "0",
                    "right": "0",
                    "bottom": "130",
                    "left": "0",
                    "isLinked": false
                },
                "margin_tablet": {
                    "unit": "px",
                    "top": "0",
                    "right": 0,
                    "bottom": "80",
                    "left": 0,
                    "isLinked": false
                },
                "padding_tablet": {
                    "unit": "px",
                    "top": "0",
                    "right": "0",
                    "bottom": "0",
                    "left": "0",
                    "isLinked": false
                },
                "padding_mobile": {
                    "unit": "px",
                    "top": "0",
                    "right": "0",
                    "bottom": "50",
                    "left": "0",
                    "isLinked": false
                }
            },
            "elements": [
                {
                    "id": "5e607e21",
                    "settings": {
                        "_column_size": 100,
                        "_inline_size": null,
                        "padding": {
                            "unit": "px",
                            "top": "0",
                            "right": "15",
                            "bottom": "0",
                            "left": "15",
                            "isLinked": false
                        }
                    },
                    "elements": [
                        {
                            "id": "b6aa14f",
                            "settings": {
                                "image": {
                                    "url": "https:\/\/hando.themezaa.com\/wp-content\/uploads\/2020\/02\/img-41.png",
                                    "id": 3260
                                }
                            },
                            "elements": [],
                            "isInner": false,
                            "widgetType": "image",
                            "elType": "widget"
                        }
                    ],
                    "isInner": false,
                    "elType": "column"
                }
            ],
            "isInner": false,
            "elType": "section"
        }
    ]
}