{"content":[{"id":"6c9efaf","settings":{"content_width":{"unit":"px","size":"1040"},"background_background":"classic","background_image":{"id":2810,"url":"https:\/\/cliente.shazamlnv.com\/wp-content\/uploads\/2022\/02\/easter-flat-lay-of-eggs-on-yellow.jpg"},"background_position":"center center","background_attachment":"fixed","background_repeat":"no-repeat","background_size":"cover","background_overlay_background":"gradient","background_overlay_color":"rgba(189, 121, 121, 0.64)","background_overlay_opacity":{"unit":"px","size":0.2300000000000000099920072216264088638126850128173828125},"text_align":"center","padding":{"unit":"px","top":"0100","right":"0","bottom":"0100","left":"0","isLinked":""},"custom_height":{"unit":"vh","size":"75"},"height":"min-height","column_position":"stretch","content_position":"bottom","background_position_mobile":"initial","jet_parallax_layout_list":[{"jet_parallax_layout_image":{"url":"","id":""},"jet_parallax_layout_image_tablet":{"url":"","id":""},"jet_parallax_layout_image_mobile":{"url":"","id":""},"jet_parallax_layout_speed":{"unit":"%","size":50,"sizes":[]},"jet_parallax_layout_type":"scroll","jet_parallax_layout_direction":"1","jet_parallax_layout_fx_direction":"fade-in","jet_parallax_layout_z_index":"","jet_parallax_layout_bg_x":50,"jet_parallax_layout_bg_y":50,"jet_parallax_layout_bg_size":"auto","jet_parallax_layout_animation_prop":"transform","jet_parallax_layout_on":["desktop","tablet"],"_id":"ad8db34"}],"background_overlay_color_b":"#2B0E0E","background_overlay_gradient_angle":{"unit":"deg","size":160,"sizes":[]},"shape_divider_bottom":"drops","shape_divider_bottom_color":"#482121","shape_divider_bottom_height":{"unit":"px","size":254,"sizes":[]},"shape_divider_bottom_height_mobile":{"unit":"px","size":159,"sizes":[]}},"elements":[{"id":"5e1fadd6","settings":{"_column_size":"100","content_position":"center","align":"center","margin_mobile":{"unit":"px","top":"-96","right":"10","bottom":"0","left":"10","isLinked":false},"padding_mobile":{"unit":"px","top":"0","right":"0","bottom":"0","left":"0","isLinked":false}},"elements":[{"id":"20ad080c","settings":{"gap":"no","jet_parallax_layout_list":[{"jet_parallax_layout_image":{"url":"","id":""},"jet_parallax_layout_image_tablet":{"url":"","id":""},"jet_parallax_layout_image_mobile":{"url":"","id":""},"jet_parallax_layout_speed":{"unit":"%","size":50,"sizes":[]},"jet_parallax_layout_type":"scroll","jet_parallax_layout_direction":"1","jet_parallax_layout_fx_direction":"fade-in","jet_parallax_layout_z_index":"","jet_parallax_layout_bg_x":50,"jet_parallax_layout_bg_y":50,"jet_parallax_layout_bg_size":"auto","jet_parallax_layout_animation_prop":"transform","jet_parallax_layout_on":["desktop","tablet"],"_id":"bdaadda"}]},"elements":[{"id":"5992b142","settings":{"_column_size":100,"space_between_widgets":"0","_inline_size":null},"elements":[{"id":"186e8ab5","settings":{"title":"Descubra como faturar mais de 5 Mil Reais trabalhando com Ovos de P\u00e1scoa da suas casa!","align":"center","title_color":"#421F1F","typography_typography":"custom","typography_font_family":"Orienta","typography_font_size":{"unit":"px","size":53,"sizes":[]},"_margin":{"unit":"px","top":"0","right":"100","bottom":"0","left":"80","isLinked":false},"_padding":{"unit":"px","top":"0","right":"0","bottom":"0","left":"0","isLinked":false},"align_mobile":"center","typography_font_size_mobile":{"unit":"px","size":24,"sizes":[]},"_margin_mobile":{"unit":"px","top":"0","right":"0","bottom":"0","left":"0","isLinked":false},"_padding_mobile":{"unit":"px","top":"0","right":"0","bottom":"0","left":"0","isLinked":false},"typography_text_transform":"uppercase","typography_letter_spacing":{"unit":"px","size":-0.90000000000000002220446049250313080847263336181640625,"sizes":[]},"text_shadow_text_shadow_type":"yes","text_shadow_text_shadow":{"horizontal":3,"vertical":-2,"blur":31,"color":"#EEF424"}},"elements":[],"isInner":false,"widgetType":"heading","elType":"widget"},{"id":"20746c9b","settings":{"youtube_url":"https:\/\/www.youtube.com\/watch?v=XHOmBV4js_E","vimeo_url":"https:\/\/vimeo.com\/235215203","dailymotion_url":"https:\/\/www.dailymotion.com\/video\/x6tqhqb","show_image_overlay":"yes","image_overlay":{"id":2809,"url":"https:\/\/cliente.shazamlnv.com\/wp-content\/uploads\/2022\/02\/PNG-1.png"},"lazy_load":"yes","lightbox":"yes","_margin":{"unit":"px","top":"-450","right":"0","bottom":"-450","left":"0","isLinked":false},"_margin_mobile":{"unit":"px","top":"-106","right":"0","bottom":"-108","left":"0","isLinked":false},"_padding_mobile":{"unit":"px","top":"20","right":"0","bottom":"16","left":"0","isLinked":false}},"elements":[],"isInner":false,"widgetType":"video","elType":"widget"},{"id":"6d48b7eb","settings":{"title":"mesmo que voc\u00ea n\u00e3o tenha habilidades com a culin\u00e1ria ou equipamentos profissionais","title_color":"#ffffff","typography_typography":"custom","typography_font_family":"Roboto","typography_font_size":{"unit":"rem","size":"1.25"},"typography_font_weight":"400","typography_line_height":{"unit":"em","size":"1.4"},"typography_letter_spacing":{"unit":"px","size":"0.15"},"_animation":"fadeIn","_animation_delay":"200","typography_font_size_mobile":{"unit":"rem","size":1.1999999999999999555910790149937383830547332763671875},"align":"center","align_mobile":"center","_margin":{"unit":"px","top":"0","right":"0","bottom":"0","left":"0","isLinked":""},"_margin_mobile":{"unit":"px","top":"0","right":"10","bottom":"0","left":"10","isLinked":false}},"elements":[],"isInner":false,"widgetType":"heading","elType":"widget"},{"id":"10d57a6a","settings":{"weight":{"unit":"px","size":"4"},"color":"#cc9955","width":{"unit":"px","size":"48"},"gap":{"unit":"px","size":"28"},"_animation":"fadeIn","_animation_delay":"300","align":"center","align_mobile":"center","text":"Divisor"},"elements":[],"isInner":false,"widgetType":"divider","elType":"widget"}],"isInner":true,"elType":"column"}],"isInner":"1","elType":"section"},{"id":"6dd2456a","settings":{"gap":"narrow","animation":"fadeIn","animation_delay":"400","jet_parallax_layout_list":[{"jet_parallax_layout_image":{"url":"","id":""},"jet_parallax_layout_image_tablet":{"url":"","id":""},"jet_parallax_layout_image_mobile":{"url":"","id":""},"jet_parallax_layout_speed":{"unit":"%","size":50,"sizes":[]},"jet_parallax_layout_type":"scroll","jet_parallax_layout_direction":"1","jet_parallax_layout_fx_direction":"fade-in","jet_parallax_layout_z_index":"","jet_parallax_layout_bg_x":50,"jet_parallax_layout_bg_y":50,"jet_parallax_layout_bg_size":"auto","jet_parallax_layout_animation_prop":"transform","jet_parallax_layout_on":["desktop","tablet"],"_id":"b5f8fda"}]},"elements":[{"id":"4cc1a544","settings":{"_column_size":100,"_inline_size":null,"_inline_size_tablet":"50"},"elements":[{"id":"2f5ac0ee","settings":{"text":"EU QUERO COME\u00c7AR AGORA","align":"center","size":"md","typography_typography":"custom","typography_font_family":"Roboto","typography_font_size":{"unit":"rem","size":2.70000000000000017763568394002504646778106689453125},"typography_font_weight":"500","button_text_color":"#482121","background_color":"#D7D7D7","hover_color":"#cc9955","button_background_hover_color":"#ffffff","border_border":"solid","border_width":{"unit":"px","top":"3","right":"3","bottom":"3","left":"3","isLinked":"1"},"border_color":"#482121","border_radius":{"unit":"px","top":"24","right":"24","bottom":"24","left":"24","isLinked":"1"},"align_mobile":"justify","icon_indent":{"unit":"px","size":"8"},"typography_font_size_mobile":{"unit":"px","size":18,"sizes":[]},"_margin_mobile":{"unit":"px","top":"0","right":"0","bottom":"0","left":"0","isLinked":false},"_padding_mobile":{"unit":"px","top":"0","right":"0","bottom":"0","left":"0","isLinked":false},"_margin":{"unit":"px","top":"0","right":"0","bottom":"0","left":"0","isLinked":false},"_padding":{"unit":"px","top":"0","right":"0","bottom":"130","left":"0","isLinked":false}},"elements":[],"isInner":false,"widgetType":"button","elType":"widget"}],"isInner":"1","elType":"column"}],"isInner":"1","elType":"section"}],"isInner":"","elType":"column"}],"isInner":"","elType":"section"},{"id":"26ccf18c","settings":{"custom_height":{"unit":"vh","size":"100"},"column_position":"bottom","background_background":"classic","background_position":"center center","background_repeat":"no-repeat","background_size":"cover","background_image":{"id":2812,"url":"https:\/\/cliente.shazamlnv.com\/wp-content\/uploads\/2022\/02\/easter-composition.jpg"},"background_overlay_background":"gradient","background_overlay_color":"#482121","background_overlay_opacity":{"unit":"px","size":0.58999999999999996891375531049561686813831329345703125},"content_width":{"unit":"px","size":"1300"},"shape_divider_bottom_width":{"unit":"%","size":"144"},"shape_divider_bottom_height":{"unit":"px","size":"398"},"jet_parallax_layout_list":[{"jet_parallax_layout_image":{"url":"","id":""},"jet_parallax_layout_image_tablet":{"url":"","id":""},"jet_parallax_layout_image_mobile":{"url":"","id":""},"jet_parallax_layout_speed":{"unit":"%","size":50,"sizes":[]},"jet_parallax_layout_type":"scroll","jet_parallax_layout_direction":"1","jet_parallax_layout_fx_direction":"fade-in","jet_parallax_layout_z_index":"","jet_parallax_layout_bg_x":50,"jet_parallax_layout_bg_y":50,"jet_parallax_layout_bg_size":"auto","jet_parallax_layout_animation_prop":"transform","jet_parallax_layout_on":["desktop","tablet"],"_id":"c9ea320"}],"background_attachment":"fixed","shape_divider_top":"drops","shape_divider_top_color":"#482121","shape_divider_top_height":{"unit":"px","size":148,"sizes":[]},"background_overlay_color_stop":{"unit":"%","size":39,"sizes":[]},"background_overlay_color_b":"#030303"},"elements":[{"id":"274b441f","settings":{"_column_size":"100","background_background":"classic","padding":{"unit":"px","top":"80","right":"50","bottom":"80","left":"80","isLinked":""},"padding_mobile":{"unit":"px","top":"30","right":"30","bottom":"30","left":"30","isLinked":"1"}},"elements":[{"id":"5afcd999","settings":{"content_width":{"unit":"px","size":"700"},"jet_parallax_layout_list":[{"jet_parallax_layout_image":{"url":"","id":""},"jet_parallax_layout_image_tablet":{"url":"","id":""},"jet_parallax_layout_image_mobile":{"url":"","id":""},"jet_parallax_layout_speed":{"unit":"%","size":50,"sizes":[]},"jet_parallax_layout_type":"scroll","jet_parallax_layout_direction":"1","jet_parallax_layout_fx_direction":"fade-in","jet_parallax_layout_z_index":"","jet_parallax_layout_bg_x":50,"jet_parallax_layout_bg_y":50,"jet_parallax_layout_bg_size":"auto","jet_parallax_layout_animation_prop":"transform","jet_parallax_layout_on":["desktop","tablet"],"_id":"0386304"}]},"elements":[{"id":"77a6df92","settings":{"_column_size":"100","margin_mobile":{"unit":"px","top":"-81","right":"0","bottom":"0","left":"0","isLinked":false}},"elements":[{"id":"2f43260f","settings":{"title":"DESCUBRA","header_size":"h3","title_color":"#ffffff","typography_typography":"custom","typography_font_family":"Nunito","typography_font_size":{"unit":"em","size":"1"},"typography_font_weight":"800","typography_letter_spacing":{"unit":"px","size":"4"},"typography_text_transform":"uppercase","align_mobile":"center","align":"center","_css_classes":"envato-kit-138-bracket"},"elements":[],"isInner":false,"widgetType":"heading","elType":"widget"},{"id":"54e23a01","settings":{"title":"Os tr\u00eas passos principais","title_color":"#ffffff","typography_typography":"custom","typography_font_size":{"unit":"em","size":"3.8"},"align":"center","typography_font_size_tablet":{"unit":"em","size":"3.5"},"typography_font_family":"Nunito Sans","align_mobile":"center","typography_font_size_mobile":{"unit":"em","size":"2.5"},"typography_font_weight":"800"},"elements":[],"isInner":false,"widgetType":"heading","elType":"widget"},{"id":"48b0b00d","settings":{"space":{"unit":"px","size":"30"}},"elements":[],"isInner":false,"widgetType":"spacer","elType":"widget"}],"isInner":"1","elType":"column"}],"isInner":"1","elType":"section"},{"id":"2917d606","settings":[],"elements":[],"isInner":false,"widgetType":"spacer","elType":"widget"},{"id":"2257c353","settings":{"structure":"30","z_index":"3","jet_parallax_layout_list":[{"jet_parallax_layout_image":{"url":"","id":""},"jet_parallax_layout_image_tablet":{"url":"","id":""},"jet_parallax_layout_image_mobile":{"url":"","id":""},"jet_parallax_layout_speed":{"unit":"%","size":50,"sizes":[]},"jet_parallax_layout_type":"scroll","jet_parallax_layout_direction":"1","jet_parallax_layout_fx_direction":"fade-in","jet_parallax_layout_z_index":"","jet_parallax_layout_bg_x":50,"jet_parallax_layout_bg_y":50,"jet_parallax_layout_bg_size":"auto","jet_parallax_layout_animation_prop":"transform","jet_parallax_layout_on":["desktop","tablet"],"_id":"c8761c8"}],"margin_mobile":{"unit":"px","top":"10","right":0,"bottom":"0","left":0,"isLinked":false}},"elements":[{"id":"19db8642","settings":{"_column_size":33,"background_background":"classic","margin":{"unit":"px","top":"20","right":"20","bottom":"20","left":"20","isLinked":"1"},"padding":{"unit":"px","top":"20","right":"20","bottom":"20","left":"20","isLinked":"1"},"_inline_size_tablet":"100","margin_tablet":{"unit":"px","top":"20","right":"20","bottom":"60","left":"0","isLinked":""},"margin_mobile":{"unit":"px","top":"0","right":"0","bottom":"75","left":"0","isLinked":""},"border_border":"solid","border_width":{"unit":"px","top":"2","right":"2","bottom":"2","left":"2","isLinked":"1"},"border_color":"rgba(255,171,0,0.62)","border_radius":{"unit":"px","top":"0","right":"0","bottom":"0","left":"0","isLinked":"1"},"background_image":{"id":2811,"url":"https:\/\/cliente.shazamlnv.com\/wp-content\/uploads\/2022\/02\/lee-miller-47629-unsplash-1.jpg"},"background_attachment":"fixed","background_size":"cover","background_overlay_background":"classic","background_overlay_color":"#ffffff","background_overlay_opacity":{"unit":"px","size":"0.9"},"background_motion_fx_translateY_effect":"yes","background_motion_fx_translateY_speed":{"unit":"px","size":2.5,"sizes":[]},"motion_fx_motion_fx_scrolling":"yes","animation":"fadeInLeft","_inline_size":null},"elements":[{"id":"eba8e53","settings":{"view":"stacked","primary_color":"#482121","_margin":{"unit":"px","top":"-70","right":"0","bottom":"0","left":"0","isLinked":""},"icon":"fa fa-street-view","shape":"square","selected_icon":{"value":"fas fa-cash-register","library":"fa-solid"},"__fa4_migrated":{"selected_icon":true}},"elements":[],"isInner":false,"widgetType":"icon","elType":"widget"},{"id":"6eda0004","settings":{"title":"PLANEJAMENTO E COMPRAS","header_size":"h3","align":"center","title_color":"#212121","typography_typography":"custom","typography_font_size":{"unit":"em","size":"1.5"},"typography_font_family":"Nunito","typography_font_weight":"bold","_margin":{"unit":"px","top":"0","right":"0","bottom":"0","left":"0","isLinked":false},"_padding":{"unit":"px","top":"0","right":"0","bottom":"0","left":"0","isLinked":false}},"elements":[],"isInner":false,"widgetType":"heading","elType":"widget"},{"id":"5ee46500","settings":{"weight":{"unit":"px","size":2},"color":"#482121","width":{"unit":"px","size":117},"align":"center","gap":{"unit":"px","size":23},"_margin":{"unit":"px","top":"-10","right":"0","bottom":"0","left":"0","isLinked":""},"text":"Divisor"},"elements":[],"isInner":false,"widgetType":"divider","elType":"widget"},{"id":"28c1e50d","settings":{"editor":"<p>\u00a0Lorem ipsum dolor sit amet, consectetur adipiscing elit. Vestibulum sodales nisl ac metus congue vehicula. Integer eros tellus, pretium sagittis metus nec, efficitur mattis ligula.<\/p>","align":"center","typography_typography":"custom","typography_font_size":{"unit":"rem","size":"1"},"typography_line_height":{"unit":"em","size":"1.7"},"text_color":"#757575","typography_font_family":"Nunito"},"elements":[],"isInner":false,"widgetType":"text-editor","elType":"widget"}],"isInner":"1","elType":"column"},{"id":"3e1f8946","settings":{"_column_size":33,"background_background":"classic","margin":{"unit":"px","top":"20","right":"20","bottom":"20","left":"20","isLinked":"1"},"padding":{"unit":"px","top":"20","right":"20","bottom":"20","left":"20","isLinked":"1"},"_inline_size_tablet":"100","margin_tablet":{"unit":"px","top":"20","right":"20","bottom":"60","left":"0","isLinked":""},"margin_mobile":{"unit":"px","top":"0","right":"0","bottom":"75","left":"0","isLinked":""},"border_border":"solid","border_width":{"unit":"px","top":"2","right":"2","bottom":"2","left":"2","isLinked":"1"},"border_color":"rgba(255,171,0,0.62)","border_radius":{"unit":"px","top":"0","right":"0","bottom":"0","left":"0","isLinked":"1"},"background_image":{"id":2811,"url":"https:\/\/cliente.shazamlnv.com\/wp-content\/uploads\/2022\/02\/lee-miller-47629-unsplash-1.jpg"},"background_attachment":"fixed","background_size":"cover","background_overlay_background":"classic","background_overlay_color":"#ffffff","background_overlay_opacity":{"unit":"px","size":"0.9"},"background_motion_fx_translateY_effect":"yes","background_motion_fx_translateY_speed":{"unit":"px","size":2.5,"sizes":[]},"motion_fx_motion_fx_scrolling":"yes","animation":"fadeInLeft","_inline_size":null},"elements":[{"id":"4f9c64f9","settings":{"view":"stacked","primary_color":"#482121","_margin":{"unit":"px","top":"-70","right":"0","bottom":"0","left":"0","isLinked":""},"icon":"fa fa-street-view","shape":"square","selected_icon":{"value":"fas fa-egg","library":"fa-solid"},"__fa4_migrated":{"selected_icon":true}},"elements":[],"isInner":false,"widgetType":"icon","elType":"widget"},{"id":"23d90bc6","settings":{"title":"PRODU\u00c7\u00c3O DOS OVOS","header_size":"h3","align":"center","title_color":"#212121","typography_typography":"custom","typography_font_size":{"unit":"em","size":"1.5"},"typography_font_family":"Nunito","typography_font_weight":"bold","_margin":{"unit":"px","top":"0","right":"0","bottom":"0","left":"0","isLinked":false},"_padding":{"unit":"px","top":"0","right":"0","bottom":"0","left":"0","isLinked":false}},"elements":[],"isInner":false,"widgetType":"heading","elType":"widget"},{"id":"46927824","settings":{"weight":{"unit":"px","size":2},"color":"#482121","width":{"unit":"px","size":117},"align":"center","gap":{"unit":"px","size":23},"_margin":{"unit":"px","top":"-10","right":"0","bottom":"0","left":"0","isLinked":""},"text":"Divisor"},"elements":[],"isInner":false,"widgetType":"divider","elType":"widget"},{"id":"685e5f7a","settings":{"editor":"<p>\u00a0Lorem ipsum dolor sit amet, consectetur adipiscing elit. Vestibulum sodales nisl ac metus congue vehicula. Integer eros tellus, pretium sagittis metus nec, efficitur mattis ligula.<\/p>","align":"center","typography_typography":"custom","typography_font_size":{"unit":"rem","size":"1"},"typography_line_height":{"unit":"em","size":"1.7"},"text_color":"#757575","typography_font_family":"Nunito"},"elements":[],"isInner":false,"widgetType":"text-editor","elType":"widget"}],"isInner":true,"elType":"column"},{"id":"172c779","settings":{"_column_size":33,"background_background":"classic","margin":{"unit":"px","top":"20","right":"20","bottom":"20","left":"20","isLinked":"1"},"padding":{"unit":"px","top":"20","right":"20","bottom":"20","left":"20","isLinked":"1"},"_inline_size_tablet":"100","margin_tablet":{"unit":"px","top":"20","right":"20","bottom":"60","left":"0","isLinked":""},"margin_mobile":{"unit":"px","top":"0","right":"0","bottom":"75","left":"0","isLinked":""},"border_border":"solid","border_width":{"unit":"px","top":"2","right":"2","bottom":"2","left":"2","isLinked":"1"},"border_color":"rgba(255,171,0,0.62)","border_radius":{"unit":"px","top":"0","right":"0","bottom":"0","left":"0","isLinked":"1"},"background_image":{"id":2811,"url":"https:\/\/cliente.shazamlnv.com\/wp-content\/uploads\/2022\/02\/lee-miller-47629-unsplash-1.jpg"},"background_attachment":"fixed","background_size":"cover","background_overlay_background":"classic","background_overlay_color":"#ffffff","background_overlay_opacity":{"unit":"px","size":"0.9"},"background_motion_fx_translateY_effect":"yes","background_motion_fx_translateY_speed":{"unit":"px","size":2.5,"sizes":[]},"motion_fx_motion_fx_scrolling":"yes","animation":"fadeInLeft","_inline_size":null},"elements":[{"id":"5dc71b07","settings":{"view":"stacked","primary_color":"#482121","_margin":{"unit":"px","top":"-70","right":"0","bottom":"0","left":"0","isLinked":""},"icon":"fa fa-street-view","shape":"square","selected_icon":{"value":"far fa-money-bill-alt","library":"fa-regular"},"__fa4_migrated":{"selected_icon":true}},"elements":[],"isInner":false,"widgetType":"icon","elType":"widget"},{"id":"48b2da27","settings":{"title":"DIVULGA\u00c7\u00c3O E VENDAS","header_size":"h3","align":"center","title_color":"#212121","typography_typography":"custom","typography_font_size":{"unit":"em","size":"1.5"},"typography_font_family":"Nunito","typography_font_weight":"bold","_margin":{"unit":"px","top":"0","right":"0","bottom":"0","left":"0","isLinked":false},"_padding":{"unit":"px","top":"0","right":"0","bottom":"0","left":"0","isLinked":false}},"elements":[],"isInner":false,"widgetType":"heading","elType":"widget"},{"id":"17531d3","settings":{"weight":{"unit":"px","size":2},"color":"#482121","width":{"unit":"px","size":117},"align":"center","gap":{"unit":"px","size":23},"_margin":{"unit":"px","top":"-10","right":"0","bottom":"0","left":"0","isLinked":""},"text":"Divisor"},"elements":[],"isInner":false,"widgetType":"divider","elType":"widget"},{"id":"34d63645","settings":{"editor":"<p>\u00a0Lorem ipsum dolor sit amet, consectetur adipiscing elit. Vestibulum sodales nisl ac metus congue vehicula. Integer eros tellus, pretium sagittis metus nec, efficitur mattis ligula.<\/p>","align":"center","typography_typography":"custom","typography_font_size":{"unit":"rem","size":"1"},"typography_line_height":{"unit":"em","size":"1.7"},"text_color":"#757575","typography_font_family":"Nunito"},"elements":[],"isInner":false,"widgetType":"text-editor","elType":"widget"}],"isInner":true,"elType":"column"}],"isInner":"1","elType":"section"},{"id":"7135d1c1","settings":{"space":{"unit":"px","size":"10"}},"elements":[],"isInner":false,"widgetType":"spacer","elType":"widget"},{"id":"624eef23","settings":{"text":"PRECISO DO M\u00c9TODO ","align":"center","size":"md","typography_typography":"custom","typography_font_family":"Roboto","typography_font_size":{"unit":"rem","size":2.70000000000000017763568394002504646778106689453125},"typography_font_weight":"500","button_text_color":"#ffffff","background_color":"rgba(242, 146, 18, 0)","hover_color":"#482121","button_background_hover_color":"#ffffff","border_border":"solid","border_width":{"unit":"px","top":"1","right":"1","bottom":"1","left":"1","isLinked":"1"},"border_color":"#FFFFFF","border_radius":{"unit":"px","top":"24","right":"24","bottom":"24","left":"24","isLinked":"1"},"align_mobile":"justify","icon_indent":{"unit":"px","size":"8"},"typography_font_size_mobile":{"unit":"px","size":18,"sizes":[]},"_margin_mobile":{"unit":"px","top":"-35","right":"0","bottom":"31","left":"0","isLinked":false},"_padding_mobile":{"unit":"px","top":"0","right":"0","bottom":"0","left":"0","isLinked":false},"_animation":"bounceIn","animation_duration":"slow","_margin":{"unit":"px","top":"20","right":"0","bottom":"20","left":"0","isLinked":false},"_padding":{"unit":"px","top":"0","right":"0","bottom":"0","left":"0","isLinked":false}},"elements":[],"isInner":false,"widgetType":"button","elType":"widget"}],"isInner":"","elType":"column"}],"isInner":"","elType":"section"},{"id":"4e3b2630","settings":{"background_color":"#f9f9f9","padding":{"unit":"px","top":"100","right":"0","bottom":"100","left":"0","isLinked":""},"background_position":"center center","background_repeat":"no-repeat","background_size":"cover","background_overlay_background":"classic","background_overlay_color":"#ffffff","background_overlay_opacity":{"unit":"px","size":0.14000000000000001332267629550187848508358001708984375},"content_position":"middle","layout":"full_width","padding_tablet":{"unit":"px","top":"80","right":"0","bottom":"80","left":"0","isLinked":""},"background_background":"classic","background_overlay_image":{"id":2810,"url":"https:\/\/cliente.shazamlnv.com\/wp-content\/uploads\/2022\/02\/easter-flat-lay-of-eggs-on-yellow.jpg"},"background_overlay_position":"center center","background_overlay_size":"cover","css_filters_css_filter":"custom","css_filters_saturate":{"unit":"px","size":"0"},"jet_parallax_layout_list":[{"jet_parallax_layout_image":{"url":"","id":""},"jet_parallax_layout_image_tablet":{"url":"","id":""},"jet_parallax_layout_image_mobile":{"url":"","id":""},"jet_parallax_layout_speed":{"unit":"%","size":50,"sizes":[]},"jet_parallax_layout_type":"scroll","jet_parallax_layout_direction":"1","jet_parallax_layout_fx_direction":"fade-in","jet_parallax_layout_z_index":"","jet_parallax_layout_bg_x":50,"jet_parallax_layout_bg_y":50,"jet_parallax_layout_bg_size":"auto","jet_parallax_layout_animation_prop":"transform","jet_parallax_layout_on":["desktop","tablet"],"_id":"5fc3698"}]},"elements":[{"id":"4a8efe5","settings":{"_column_size":"100","background_image":{"id":2813,"url":"https:\/\/cliente.shazamlnv.com\/wp-content\/uploads\/2022\/02\/placeholder-4.png"},"background_position":"center center","background_repeat":"no-repeat","background_size":"cover","background_overlay_background":"classic","background_overlay_color":"#222222","background_overlay_opacity":{"unit":"px","size":"0.85"},"padding":{"unit":"px","top":"0","right":"0","bottom":"0","left":"0","isLinked":""}},"elements":[{"id":"7d0b35e9","settings":{"content_width":{"unit":"px","size":"620"},"jet_parallax_layout_list":[{"jet_parallax_layout_image":{"url":"","id":""},"jet_parallax_layout_image_tablet":{"url":"","id":""},"jet_parallax_layout_image_mobile":{"url":"","id":""},"jet_parallax_layout_speed":{"unit":"%","size":50,"sizes":[]},"jet_parallax_layout_type":"scroll","jet_parallax_layout_direction":"1","jet_parallax_layout_fx_direction":"fade-in","jet_parallax_layout_z_index":"","jet_parallax_layout_bg_x":50,"jet_parallax_layout_bg_y":50,"jet_parallax_layout_bg_size":"auto","jet_parallax_layout_animation_prop":"transform","jet_parallax_layout_on":["desktop","tablet"],"_id":"dd3224c"}]},"elements":[{"id":"66a60fdf","settings":{"_column_size":"100","space_between_widgets":"22"},"elements":[{"id":"22ed41cf","settings":{"title":"depoimentos","title_color":"rgba(99,115,129,0.5)","typography_typography":"custom","typography_font_family":"Karla","typography_font_size":{"unit":"px","size":"16"},"typography_font_weight":"700","typography_text_transform":"uppercase","typography_letter_spacing":{"unit":"px","size":"1.6"},"_margin":{"unit":"px","top":"0","right":"0","bottom":"0","left":"0","isLinked":""},"_padding":{"unit":"px","top":"0","right":"0","bottom":"0","left":"0","isLinked":""},"align":"center","header_size":"h5","typography_line_height":{"unit":"px","size":"26"},"_margin_mobile":{"unit":"px","top":"-33","right":"0","bottom":"0","left":"0","isLinked":false},"_padding_mobile":{"unit":"px","top":"0","right":"0","bottom":"0","left":"0","isLinked":false}},"elements":[],"isInner":false,"widgetType":"heading","elType":"widget"},{"id":"6aa388cc","settings":{"title":"O que dizem nossos alunos","title_color":"#482121","typography_typography":"custom","typography_font_family":"Orienta","typography_font_size":{"unit":"px","size":31},"typography_font_weight":"400","typography_letter_spacing":{"unit":"px","size":1.3000000000000000444089209850062616169452667236328125},"_padding":{"unit":"px","top":"0","right":"0","bottom":"5","left":"0","isLinked":""},"typography_line_height":{"unit":"px","size":"82"},"_background_image":{"id":2813,"url":"https:\/\/cliente.shazamlnv.com\/wp-content\/uploads\/2022\/02\/placeholder-4.png"},"_margin":{"unit":"px","top":"-28","right":"0","bottom":"0","left":"0","isLinked":""},"align":"center","typography_font_size_tablet":{"unit":"px","size":"52"},"typography_font_size_mobile":{"unit":"px","size":24},"typography_line_height_tablet":{"unit":"px","size":"60"},"typography_line_height_mobile":{"unit":"px","size":"50"},"_margin_mobile":{"unit":"px","top":"0","right":"0","bottom":"0","left":"0","isLinked":false}},"elements":[],"isInner":false,"widgetType":"heading","elType":"widget"},{"id":"64cd3991","settings":{"weight":{"unit":"px","size":"1.8"},"color":"#482121","width":{"unit":"px","size":"70"},"_margin":{"unit":"px","top":"0","right":"0","bottom":"0","left":"0","isLinked":""},"gap":{"unit":"px","size":"7"},"align":"center","text":"Divisor"},"elements":[],"isInner":false,"widgetType":"divider","elType":"widget"}],"isInner":"1","elType":"column"}],"isInner":"1","elType":"section"},{"id":"16c0f178","settings":{"gap":"wider","structure":"20","jet_parallax_layout_list":[{"jet_parallax_layout_image":{"url":"","id":""},"jet_parallax_layout_image_tablet":{"url":"","id":""},"jet_parallax_layout_image_mobile":{"url":"","id":""},"jet_parallax_layout_speed":{"unit":"%","size":50,"sizes":[]},"jet_parallax_layout_type":"scroll","jet_parallax_layout_direction":"1","jet_parallax_layout_fx_direction":"fade-in","jet_parallax_layout_z_index":"","jet_parallax_layout_bg_x":50,"jet_parallax_layout_bg_y":50,"jet_parallax_layout_bg_size":"auto","jet_parallax_layout_animation_prop":"transform","jet_parallax_layout_on":["desktop","tablet"],"_id":"01300a8"}]},"elements":[{"id":"77acdc0e","settings":{"_column_size":"50","space_between_widgets":"2","animation":"rotateInUpRight","background_background":"classic","background_color":"#482121"},"elements":[{"id":"724f15fb","settings":{"testimonial_content":"\"Eu achava que depois dos 40 era imposs\u00edvel ter uma barriga de tanquinho. Eu treinava, tentava comer direito mas n\u00e3o conseguia resultado. Era magro, mas meu percentual de gordura era muito alto. Com o V17 eu perdi 12kgs sequei minha barriga e tenho orgulho de andar e treinar sem camisa.\"","testimonial_image":{"id":2814,"url":"https:\/\/cliente.shazamlnv.com\/wp-content\/uploads\/2022\/02\/photo-1519345182560-3f2917c472ef-scaled-1.jpg"},"testimonial_name":"<font style=\"vertical-align: inherit;\"><font style=\"vertical-align: inherit;\">Carlor Baker<\/font><\/font>","testimonial_job":"<font style=\"vertical-align: inherit;\"><font style=\"vertical-align: inherit;\"><font style=\"vertical-align: inherit;\"><font style=\"vertical-align: inherit;\">jornalista<\/font><\/font><\/font><\/font><font style=\"vertical-align: inherit;\"><font style=\"vertical-align: inherit;\"><\/font><\/font>","testimonial_alignment":"left","content_content_color":"#727982","content_typography_typography":"custom","content_typography_font_family":"Hind","content_typography_font_size":{"unit":"px","size":"15"},"content_typography_font_weight":"400","content_typography_line_height":{"unit":"px","size":"26"},"content_typography_letter_spacing":{"unit":"px","size":"0"},"image_size":{"unit":"px","size":"86"},"name_text_color":"#16202f","name_typography_typography":"custom","name_typography_font_family":"Prata","name_typography_font_size":{"unit":"px","size":"20"},"name_typography_font_weight":"400","name_typography_line_height":{"unit":"px","size":"26"},"name_typography_letter_spacing":{"unit":"px","size":"0"},"job_text_color":"rgba(99,115,129,0.5)","job_typography_typography":"custom","job_typography_font_family":"Karla","job_typography_font_size":{"unit":"px","size":"13"},"job_typography_font_weight":"700","job_typography_text_transform":"uppercase","job_typography_line_height":{"unit":"px","size":"25"},"job_typography_letter_spacing":{"unit":"px","size":"1.2"},"_padding":{"unit":"px","top":"40","right":"40","bottom":"35","left":"40","isLinked":""},"_border_border":"solid","_border_width":{"unit":"px","top":"1","right":"1","bottom":"1","left":"1","isLinked":"1"},"_border_color":"rgba(216,218,220,0)","_border_radius":{"unit":"px","top":"0","right":"0","bottom":"0","left":"0","isLinked":"1"},"_box_shadow_box_shadow_type":"yes","_box_shadow_box_shadow":{"horizontal":"-6","vertical":"8","blur":"0","spread":"0","color":"rgba(216,218,220,0.26)"},"_background_background":"classic","_background_color":"#ffffff"},"elements":[],"isInner":false,"widgetType":"testimonial","elType":"widget"}],"isInner":"1","elType":"column"},{"id":"3d5f965c","settings":{"_column_size":"50","space_between_widgets":"2","animation":"rotateInUpRight","background_background":"classic","background_color":"#482121"},"elements":[{"id":"959fac8","settings":{"testimonial_content":"\"Sou m\u00e3e de 3 filhos e sempre cuidei de todo mundo e esquecia de mim. Fui ficando cada vez mais gorda, comia sem perceber, me sentia muito mal com o meu corpo e minha sa\u00fade estava piorando por causa do sobrepeso. Eu at\u00e9 parecia muito mais velha do que eu sou. Meu marido conheceu o V17.","testimonial_image":{"id":2815,"url":"https:\/\/cliente.shazamlnv.com\/wp-content\/uploads\/2022\/02\/photo-1523303821445-f2983744a23e-1.jpg"},"testimonial_name":"Andrea do Valle","testimonial_job":"Aluna","testimonial_alignment":"left","content_content_color":"#727982","content_typography_typography":"custom","content_typography_font_family":"Hind","content_typography_font_size":{"unit":"px","size":"15"},"content_typography_font_weight":"400","content_typography_line_height":{"unit":"px","size":"26"},"content_typography_letter_spacing":{"unit":"px","size":"0"},"image_size":{"unit":"px","size":"86"},"name_text_color":"#16202f","name_typography_typography":"custom","name_typography_font_family":"Prata","name_typography_font_size":{"unit":"px","size":"20"},"name_typography_font_weight":"400","name_typography_line_height":{"unit":"px","size":"26"},"name_typography_letter_spacing":{"unit":"px","size":"0"},"job_text_color":"rgba(99,115,129,0.5)","job_typography_typography":"custom","job_typography_font_family":"Karla","job_typography_font_size":{"unit":"px","size":"13"},"job_typography_font_weight":"700","job_typography_text_transform":"uppercase","job_typography_line_height":{"unit":"px","size":"25"},"job_typography_letter_spacing":{"unit":"px","size":"1.2"},"_padding":{"unit":"px","top":"40","right":"40","bottom":"35","left":"40","isLinked":""},"_border_border":"solid","_border_width":{"unit":"px","top":"1","right":"1","bottom":"1","left":"1","isLinked":"1"},"_border_color":"rgba(216,218,220,0)","_border_radius":{"unit":"px","top":"0","right":"0","bottom":"0","left":"0","isLinked":"1"},"_box_shadow_box_shadow_type":"yes","_box_shadow_box_shadow":{"horizontal":"-6","vertical":"8","blur":"0","spread":"0","color":"rgba(216,218,220,0.26)"},"_background_background":"classic","_background_color":"#ffffff"},"elements":[],"isInner":false,"widgetType":"testimonial","elType":"widget"}],"isInner":"1","elType":"column"}],"isInner":"1","elType":"section"},{"id":"4cbbd12e","settings":{"gap":"wider","structure":"20","jet_parallax_layout_list":[{"jet_parallax_layout_image":{"url":"","id":""},"jet_parallax_layout_image_tablet":{"url":"","id":""},"jet_parallax_layout_image_mobile":{"url":"","id":""},"jet_parallax_layout_speed":{"unit":"%","size":50,"sizes":[]},"jet_parallax_layout_type":"scroll","jet_parallax_layout_direction":"1","jet_parallax_layout_fx_direction":"fade-in","jet_parallax_layout_z_index":"","jet_parallax_layout_bg_x":50,"jet_parallax_layout_bg_y":50,"jet_parallax_layout_bg_size":"auto","jet_parallax_layout_animation_prop":"transform","jet_parallax_layout_on":["desktop","tablet"],"_id":"9df81a8"}]},"elements":[{"id":"7191a93a","settings":{"_column_size":"50","space_between_widgets":"2","animation":"rotateInUpRight","background_background":"classic","background_color":"#482121"},"elements":[{"id":"4efe64c","settings":{"testimonial_content":"\"Sou m\u00e3e, casada, trabalho fora e com a correria e o estresse acabei ganhando muito peso. J\u00e1 tinha tentado todas as dietas quando conheci o STC. J\u00e1 eliminei 40kgs e minha barriga est\u00e1 ficando chapada!\"","testimonial_image":{"id":2816,"url":"https:\/\/cliente.shazamlnv.com\/wp-content\/uploads\/2022\/02\/photo-1510678960173-b52e15cbcfb4-1.jpg"},"testimonial_name":"Ellen Cassimira","testimonial_job":"Fot\u00f3grafa","testimonial_alignment":"left","content_content_color":"#727982","content_typography_typography":"custom","content_typography_font_family":"Hind","content_typography_font_size":{"unit":"px","size":"15"},"content_typography_font_weight":"400","content_typography_line_height":{"unit":"px","size":"26"},"content_typography_letter_spacing":{"unit":"px","size":"0"},"image_size":{"unit":"px","size":"86"},"name_text_color":"#16202f","name_typography_typography":"custom","name_typography_font_family":"Prata","name_typography_font_size":{"unit":"px","size":"20"},"name_typography_font_weight":"400","name_typography_line_height":{"unit":"px","size":"26"},"name_typography_letter_spacing":{"unit":"px","size":"0"},"job_text_color":"rgba(99,115,129,0.5)","job_typography_typography":"custom","job_typography_font_family":"Karla","job_typography_font_size":{"unit":"px","size":"13"},"job_typography_font_weight":"700","job_typography_text_transform":"uppercase","job_typography_line_height":{"unit":"px","size":"25"},"job_typography_letter_spacing":{"unit":"px","size":"1.2"},"_padding":{"unit":"px","top":"40","right":"40","bottom":"35","left":"40","isLinked":""},"_border_border":"solid","_border_width":{"unit":"px","top":"1","right":"1","bottom":"1","left":"1","isLinked":"1"},"_border_color":"rgba(216,218,220,0)","_border_radius":{"unit":"px","top":"0","right":"0","bottom":"0","left":"0","isLinked":"1"},"_box_shadow_box_shadow_type":"yes","_box_shadow_box_shadow":{"horizontal":"-6","vertical":"8","blur":"0","spread":"0","color":"rgba(216,218,220,0.26)"},"_background_background":"classic","_background_color":"#ffffff"},"elements":[],"isInner":false,"widgetType":"testimonial","elType":"widget"}],"isInner":"1","elType":"column"},{"id":"12b02f61","settings":{"_column_size":"50","space_between_widgets":"2","animation":"rotateInUpRight","background_background":"classic","background_color":"#482121"},"elements":[{"id":"bd92fcd","settings":{"testimonial_content":"\"Antes do V17 eu tinha vergonha do meu corpo, e principalmente do meu bra\u00e7o. J\u00e1 tinha tentado fazer todas as dietas mas nunca conseguia seguir. Ficava frustrada e acabava comendo mais ainda. Depois do acompanhamento.","testimonial_image":{"id":2817,"url":"https:\/\/cliente.shazamlnv.com\/wp-content\/uploads\/2022\/02\/photo-1542033474370-d28774f3338d-1.jpeg"},"testimonial_name":"Isa Hollght","testimonial_job":"Designer","testimonial_alignment":"left","content_content_color":"#727982","content_typography_typography":"custom","content_typography_font_family":"Hind","content_typography_font_size":{"unit":"px","size":"15"},"content_typography_font_weight":"400","content_typography_line_height":{"unit":"px","size":"26"},"content_typography_letter_spacing":{"unit":"px","size":"0"},"image_size":{"unit":"px","size":"86"},"name_text_color":"#16202f","name_typography_typography":"custom","name_typography_font_family":"Prata","name_typography_font_size":{"unit":"px","size":"20"},"name_typography_font_weight":"400","name_typography_line_height":{"unit":"px","size":"26"},"name_typography_letter_spacing":{"unit":"px","size":"0"},"job_text_color":"rgba(99,115,129,0.5)","job_typography_typography":"custom","job_typography_font_family":"Karla","job_typography_font_size":{"unit":"px","size":"13"},"job_typography_font_weight":"700","job_typography_text_transform":"uppercase","job_typography_line_height":{"unit":"px","size":"25"},"job_typography_letter_spacing":{"unit":"px","size":"1.2"},"_padding":{"unit":"px","top":"40","right":"40","bottom":"35","left":"40","isLinked":""},"_border_border":"solid","_border_width":{"unit":"px","top":"1","right":"1","bottom":"1","left":"1","isLinked":"1"},"_border_color":"rgba(216,218,220,0)","_border_radius":{"unit":"px","top":"0","right":"0","bottom":"0","left":"0","isLinked":"1"},"_box_shadow_box_shadow_type":"yes","_box_shadow_box_shadow":{"horizontal":"-6","vertical":"8","blur":"0","spread":"0","color":"rgba(216,218,220,0.26)"},"_background_background":"classic","_background_color":"#ffffff"},"elements":[],"isInner":false,"widgetType":"testimonial","elType":"widget"}],"isInner":"1","elType":"column"}],"isInner":"1","elType":"section"}],"isInner":"","elType":"column"}],"isInner":"","elType":"section"},{"id":"77760926","settings":{"content_position":"middle","structure":"22","background_background":"classic","background_image":{"id":2824,"url":"https:\/\/cliente.shazamlnv.com\/wp-content\/uploads\/2022\/02\/239001-P2YJAX-233-scaled-1.jpg"},"background_position":"initial","background_size":"cover","background_overlay_background":"classic","background_overlay_color":"#482121","background_overlay_opacity":{"unit":"px","size":0.85999999999999998667732370449812151491641998291015625},"padding":{"unit":"px","top":"100","right":"0","bottom":"100","left":"0","isLinked":""},"height":"min-height","custom_height":{"unit":"vh","size":"30"},"padding_tablet":{"unit":"em","top":"3","right":"3","bottom":"3","left":"3","isLinked":"1"},"padding_mobile":{"unit":"em","top":"1","right":"1","bottom":"1","left":"1","isLinked":"1"},"background_ypos":{"unit":"px","size":-107,"sizes":[]},"background_position_mobile":"initial","background_xpos_mobile":{"unit":"px","size":-91,"sizes":[]},"jet_parallax_layout_list":[{"jet_parallax_layout_image":{"url":"","id":""},"jet_parallax_layout_image_tablet":{"url":"","id":""},"jet_parallax_layout_image_mobile":{"url":"","id":""},"jet_parallax_layout_speed":{"unit":"%","size":50,"sizes":[]},"jet_parallax_layout_type":"scroll","jet_parallax_layout_direction":"1","jet_parallax_layout_fx_direction":"fade-in","jet_parallax_layout_z_index":"","jet_parallax_layout_bg_x":50,"jet_parallax_layout_bg_y":50,"jet_parallax_layout_bg_size":"auto","jet_parallax_layout_animation_prop":"transform","jet_parallax_layout_on":["desktop","tablet"],"_id":"f525190"}],"margin_mobile":{"unit":"px","top":"-81","right":0,"bottom":"0","left":0,"isLinked":false}},"elements":[{"id":"34c60ab","settings":{"_column_size":"66","_inline_size_tablet":"100","padding":{"unit":"em","top":"1","right":"1","bottom":"1","left":"1","isLinked":"1"},"_inline_size":58.8029999999999972715158946812152862548828125},"elements":[{"id":"6565f809","settings":{"editor":"<p>conhe\u00e7a os resultados de alguns alunos do curso<\/p>","align_tablet":"center","typography_typography":"custom","typography_font_family":"Rubik","typography_font_size":{"unit":"px","size":"18"},"typography_font_size_mobile":{"unit":"px","size":"14"},"typography_text_transform":"uppercase","typography_letter_spacing":{"unit":"px","size":"3"},"typography_letter_spacing_mobile":{"unit":"px","size":"1"},"_animation":"fadeInDown","align":"left","text_color":"rgba(255,255,255,0.64)"},"elements":[],"isInner":false,"widgetType":"text-editor","elType":"widget"},{"id":"4c2abd47","settings":{"title":"p\u00e1scoa com 5 mil no bolso","align_tablet":"center","title_color":"#ffffff","typography_typography":"custom","typography_font_family":"Oswald","typography_font_size":{"unit":"rem","size":"5.4"},"typography_font_size_mobile":{"unit":"px","size":23},"typography_font_weight":"500","typography_text_transform":"uppercase","typography_line_height":{"unit":"em","size":"1"},"_margin":{"unit":"px","top":"0","right":"0","bottom":"30","left":"0","isLinked":""},"_animation":"fadeIn","animation_duration":"slow","_animation_delay":"600","align":"left"},"elements":[],"isInner":false,"widgetType":"heading","elType":"widget"}],"isInner":"","elType":"column"},{"id":"5c961874","settings":{"_column_size":"33","_inline_size_tablet":"100","content_position":"center","padding":{"unit":"em","top":"0","right":"0","bottom":"0","left":"0","isLinked":""},"_inline_size":41},"elements":[{"id":"248bae99","settings":{"wp_gallery":[{"id":2818,"url":"https:\/\/cliente.shazamlnv.com\/wp-content\/uploads\/2022\/02\/unnamed-1.jpg"},{"id":2819,"url":"https:\/\/cliente.shazamlnv.com\/wp-content\/uploads\/2022\/02\/unnamed.jpg"},{"id":2820,"url":"https:\/\/cliente.shazamlnv.com\/wp-content\/uploads\/2022\/02\/9df7acae383d574e14fa4be58edcb6b1.jpg"}],"thumbnail_size":"full","gallery_columns":"3"},"elements":[],"isInner":false,"widgetType":"image-gallery","elType":"widget"},{"id":"76176e27","settings":{"wp_gallery":[{"id":2821,"url":"https:\/\/cliente.shazamlnv.com\/wp-content\/uploads\/2022\/02\/ovos-de-pascoa-garoto-personalizados-de-colher-p.jpg"},{"id":2818,"url":"https:\/\/cliente.shazamlnv.com\/wp-content\/uploads\/2022\/02\/unnamed-1.jpg"},{"id":2822,"url":"https:\/\/cliente.shazamlnv.com\/wp-content\/uploads\/2022\/02\/MiniOvos_Melken__1000x1000.jpg"}],"thumbnail_size":"full","gallery_columns":"3"},"elements":[],"isInner":false,"widgetType":"image-gallery","elType":"widget"},{"id":"75549c57","settings":{"wp_gallery":[{"id":2823,"url":"https:\/\/cliente.shazamlnv.com\/wp-content\/uploads\/2022\/02\/ovos-pascoa-gourmet-chocolate.jpg"},{"id":2819,"url":"https:\/\/cliente.shazamlnv.com\/wp-content\/uploads\/2022\/02\/unnamed.jpg"},{"id":2821,"url":"https:\/\/cliente.shazamlnv.com\/wp-content\/uploads\/2022\/02\/ovos-de-pascoa-garoto-personalizados-de-colher-p.jpg"}],"thumbnail_size":"full","gallery_columns":"3"},"elements":[],"isInner":false,"widgetType":"image-gallery","elType":"widget"}],"isInner":"","elType":"column"}],"isInner":"","elType":"section"},{"id":"aee68f8","settings":{"padding":{"unit":"px","top":"80","right":"0","bottom":"0","left":"0","isLinked":""},"background_position":"bottom center","background_repeat":"no-repeat","background_size":"cover","padding_tablet":{"unit":"px","top":"0","right":"20","bottom":"0","left":"20","isLinked":""},"background_background":"classic","background_overlay_color":"#ffffff","background_overlay_opacity":{"unit":"px","size":"0.86"},"margin":{"unit":"px","top":"0","right":"0","bottom":"140","left":"0","isLinked":""},"stretch_section":"section-stretched","background_color":"#ffffff","jet_parallax_layout_list":[{"jet_parallax_layout_image":{"url":"","id":""},"jet_parallax_layout_image_tablet":{"url":"","id":""},"jet_parallax_layout_image_mobile":{"url":"","id":""},"jet_parallax_layout_speed":{"unit":"%","size":50,"sizes":[]},"jet_parallax_layout_type":"scroll","jet_parallax_layout_direction":"1","jet_parallax_layout_fx_direction":"fade-in","jet_parallax_layout_z_index":"","jet_parallax_layout_bg_x":50,"jet_parallax_layout_bg_y":50,"jet_parallax_layout_bg_size":"auto","jet_parallax_layout_animation_prop":"transform","jet_parallax_layout_on":["desktop","tablet"],"_id":"f8bf4e9"}]},"elements":[{"id":"4f48600f","settings":{"_column_size":"100","_inline_size_tablet":"100","content_position":"center","margin":{"unit":"%","top":"","right":"","bottom":"","left":"","isLinked":""},"margin_tablet":{"unit":"px","top":"60","right":"0","bottom":"0","left":"0","isLinked":""},"padding":{"unit":"px","top":"0","right":"0","bottom":"0","left":"0","isLinked":""}},"elements":[{"id":"4eefa98b","settings":{"padding":{"unit":"%","top":"0","right":"0","bottom":"0","left":"0","isLinked":"1"},"background_position":"top center","background_repeat":"no-repeat","background_size":"cover","padding_tablet":{"unit":"px","top":"0","right":"20","bottom":"0","left":"20","isLinked":""},"custom_height":{"unit":"px","size":""},"background_background":"classic","background_overlay_color":"#ffffff","background_overlay_color_stop":{"unit":"%","size":"58"},"background_overlay_color_b":"rgba(255,255,255,0)","background_overlay_color_b_stop":{"unit":"%","size":"49"},"background_overlay_gradient_angle":{"unit":"deg","size":"70"},"background_overlay_opacity":{"unit":"px","size":"0.97"},"shape_divider_top_color":"#f7f7f7","shape_divider_top_width":{"unit":"%","size":"100"},"shape_divider_top_height":{"unit":"px","size":"600"},"shape_divider_top_flip":"yes","content_width":{"unit":"px","size":"700"},"gap":"no","jet_parallax_layout_list":[{"jet_parallax_layout_image":{"url":"","id":""},"jet_parallax_layout_image_tablet":{"url":"","id":""},"jet_parallax_layout_image_mobile":{"url":"","id":""},"jet_parallax_layout_speed":{"unit":"%","size":50,"sizes":[]},"jet_parallax_layout_type":"scroll","jet_parallax_layout_direction":"1","jet_parallax_layout_fx_direction":"fade-in","jet_parallax_layout_z_index":"","jet_parallax_layout_bg_x":50,"jet_parallax_layout_bg_y":50,"jet_parallax_layout_bg_size":"auto","jet_parallax_layout_animation_prop":"transform","jet_parallax_layout_on":["desktop","tablet"],"_id":"c7c9dcd"}],"margin_mobile":{"unit":"px","top":"-100","right":0,"bottom":"-54","left":0,"isLinked":false}},"elements":[{"id":"3a8a57b5","settings":{"_column_size":"100","_inline_size_tablet":"100","content_position":"top","margin":{"unit":"px","top":"0","right":"0","bottom":"0","left":"0","isLinked":""},"margin_tablet":{"unit":"px","top":"60","right":"0","bottom":"0","left":"0","isLinked":""},"padding":{"unit":"em","top":"1","right":"1","bottom":"1","left":"1","isLinked":"1"},"space_between_widgets":"0"},"elements":[{"id":"63d37c7c","settings":{"title":"","title_color":"#000000","typography_typography":"custom","typography_font_family":"Josefin Sans","typography_font_size":{"unit":"rem","size":"3.8"},"typography_text_transform":"uppercase","align":"center","align_tablet":"center","typography_font_weight":"600","typography_line_height":{"unit":"em","size":"1"},"typography_letter_spacing":{"unit":"px","size":"3.8"},"_margin":{"unit":"px","top":"0","right":"0","bottom":"0","left":"0","isLinked":"1"},"_margin_tablet":{"unit":"px","top":"0","right":"0","bottom":"40","left":"0","isLinked":""},"_padding":{"unit":"px","top":"0","right":"0","bottom":"0","left":"0","isLinked":"1"},"hide_mobile":"hidden-phone"},"elements":[],"isInner":false,"widgetType":"heading","elType":"widget"},{"id":"7bd7a9b4","settings":{"title":"QUAL SEU INVESTIMENTO?","align_tablet":"center","title_color":"#482121","typography_typography":"custom","typography_font_family":"Oswald","typography_font_size":{"unit":"rem","size":"5.4"},"typography_font_size_mobile":{"unit":"px","size":23},"typography_font_weight":"500","typography_text_transform":"uppercase","typography_line_height":{"unit":"em","size":"1"},"_margin":{"unit":"px","top":"0","right":"0","bottom":"30","left":"0","isLinked":""},"_animation":"fadeIn","animation_duration":"slow","_animation_delay":"600","align":"center"},"elements":[],"isInner":false,"widgetType":"heading","elType":"widget"}],"isInner":"","elType":"column"}],"isInner":"","elType":"section"},{"id":"423f89a0","settings":{"space":{"unit":"px","size":"40"}},"elements":[],"isInner":false,"widgetType":"spacer","elType":"widget"},{"id":"208577da","settings":{"background_color":"#ffffff","structure":"30","jet_parallax_layout_list":[{"jet_parallax_layout_image":{"url":"","id":""},"jet_parallax_layout_image_tablet":{"url":"","id":""},"jet_parallax_layout_image_mobile":{"url":"","id":""},"jet_parallax_layout_speed":{"unit":"%","size":50,"sizes":[]},"jet_parallax_layout_type":"scroll","jet_parallax_layout_direction":"1","jet_parallax_layout_fx_direction":"fade-in","jet_parallax_layout_z_index":"","jet_parallax_layout_bg_x":50,"jet_parallax_layout_bg_y":50,"jet_parallax_layout_bg_size":"auto","jet_parallax_layout_animation_prop":"transform","jet_parallax_layout_on":["desktop","tablet"],"_id":"72f198e"}]},"elements":[{"id":"16ddc64d","settings":{"_column_size":"33","background_background":"classic","background_color":"#ffffff","box_shadow_box_shadow_type":"yes","box_shadow_box_shadow":{"horizontal":"20","vertical":"20","blur":"80","spread":"0","color":"rgba(0,0,0,0.1)"},"margin":{"unit":"px","top":"0","right":"0","bottom":"0","left":"0","isLinked":""},"padding":{"unit":"em","top":"4","right":"1","bottom":"4","left":"1","isLinked":""},"padding_mobile":{"unit":"px","top":"40","right":"20","bottom":"40","left":"20","isLinked":""},"box_shadow_hover_box_shadow_type":"yes","box_shadow_hover_box_shadow":{"horizontal":"0","vertical":"0","blur":"10","spread":"0","color":"rgba(0,0,0,0.12)"},"_inline_size":20},"elements":[],"isInner":"1","elType":"column"},{"id":"38c52813","settings":{"_column_size":"33","background_background":"classic","background_color":"#482121","box_shadow_box_shadow_type":"yes","box_shadow_box_shadow":{"horizontal":"20","vertical":"20","blur":"80","spread":"0","color":"rgba(0,0,0,0.1)"},"margin":{"unit":"px","top":"-25","right":"0","bottom":"-25","left":"0","isLinked":""},"padding":{"unit":"em","top":"4","right":"1","bottom":"4","left":"1","isLinked":""},"padding_mobile":{"unit":"px","top":"40","right":"20","bottom":"40","left":"20","isLinked":""},"box_shadow_hover_box_shadow_type":"yes","box_shadow_hover_box_shadow":{"horizontal":"0","vertical":"0","blur":"10","spread":"0","color":"rgba(0,0,0,0.12)"},"animation":"wobble","_inline_size":59.83200000000000073896444519050419330596923828125},"elements":[{"id":"11421386","settings":{"heading":"P\u00c1SCOA 5K","sub_heading":"COME\u00c7A POR ","price":"97","period":"APENAS HOJE","features_list":[{"item_text":"Lista de Compras","item_icon":"fa fa-circle-thin","_id":"ee613c4","selected_item_icon":{"value":"far fa-circle","library":"fa-regular"},"__fa4_migrated":{"selected_item_icon":true}},{"item_text":"Lista de Lanches","item_icon":"fa fa-circle-thin","_id":"b5241c9","selected_item_icon":{"value":"far fa-circle","library":"fa-regular"},"__fa4_migrated":{"selected_item_icon":true}},{"item_text":"Ebook + Portal de Receitas Fit","item_icon":"fa fa-circle-thin","_id":"fb50625","selected_item_icon":{"value":"far fa-circle","library":"fa-regular"},"__fa4_migrated":{"selected_item_icon":true}}],"button_text":"INICIAR AGORA","footer_additional_info":"","show_ribbon":"","ribbon_title":"Popular","header_bg_color":"#3A1F1F","header_padding":{"unit":"em","top":"","right":"","bottom":"","left":"","isLinked":""},"heading_color":"#ffffff","heading_typography_typography":"custom","heading_typography_font_family":"Josefin Sans","heading_typography_font_size":{"unit":"rem","size":2.5},"heading_typography_font_weight":"500","sub_heading_color":"#ffffff","sub_heading_typography_typography":"custom","sub_heading_typography_font_family":"Roboto Mono","sub_heading_typography_font_size":{"unit":"rem","size":"0.8"},"sub_heading_typography_font_weight":"300","price_color":"#ffffff","price_typography_typography":"custom","price_typography_font_family":"Josefin Sans","price_typography_font_size":{"unit":"px","size":65},"period_color":"#ffffff","period_typography_typography":"custom","period_typography_font_family":"Roboto Mono","period_typography_font_size":{"unit":"px","size":"14"},"features_list_padding":{"unit":"px","top":"0","right":"20","bottom":"0","left":"20","isLinked":""},"features_list_color":"#ffffff","features_list_typography_typography":"custom","features_list_typography_font_family":"Roboto Mono","features_list_typography_font_size":{"unit":"px","size":"12"},"divider_color":"#1C1C1C","divider_weight":{"unit":"px","size":"1"},"footer_bg_color":"#412D2D","footer_padding":{"unit":"px","top":"40","right":"20","bottom":"50","left":"20","isLinked":""},"button_text_color":"#ffffff","button_typography_typography":"custom","button_typography_font_family":"Roboto Mono","button_typography_font_size":{"unit":"rem","size":1.5},"button_typography_font_weight":"400","button_typography_text_transform":"uppercase","button_background_color":"rgba(255, 255, 255, 0)","button_border_width":{"unit":"px","top":"2","right":"2","bottom":"2","left":"2","isLinked":"1"},"button_border_radius":{"unit":"px","top":"60","right":"60","bottom":"60","left":"60","isLinked":"1"},"button_text_padding":{"unit":"em","top":"","right":"","bottom":"","left":"","isLinked":""},"_margin":{"unit":"px","top":"0","right":"0","bottom":"0","left":"0","isLinked":""},"_margin_tablet":{"unit":"px","top":"0","right":"0","bottom":"0","left":"0","isLinked":""},"_padding":{"unit":"px","top":"0","right":"0","bottom":"0","left":"0","isLinked":""},"_border_width":{"unit":"px","top":"4","right":"4","bottom":"4","left":"4","isLinked":"1"},"_border_color":"#f7cf20","_border_radius":{"unit":"px","top":"0","right":"0","bottom":"0","left":"0","isLinked":"1"},"heading_typography_text_transform":"uppercase","heading_typography_letter_spacing":{"unit":"px","size":"1"},"sub_heading_typography_text_transform":"uppercase","sub_heading_typography_line_height":{"unit":"em","size":"1.4"},"sub_heading_typography_letter_spacing":{"unit":"px","size":"1.8"},"pricing_element_bg_color":"#412D2D","price_typography_font_weight":"900","period_typography_font_weight":"300","period_typography_line_height":{"unit":"em","size":"1"},"features_list_bg_color":"#412D2D","features_list_typography_font_weight":"300","features_list_typography_line_height":{"unit":"em","size":"1.4"},"features_list_typography_letter_spacing":{"unit":"px","size":"1"},"features_list_alignment":"left","item_width":{"unit":"px","size":"67"},"divider_gap":{"unit":"px","size":"21"},"button_size":"sm","button_typography_line_height":{"unit":"em","size":"1.4"},"button_border_border":"solid","button_border_color":"rgba(255, 255, 255, 0.8)","button_hover_color":"rgba(223,98,54,0.8)","button_background_hover_color":"rgba(0,0,0,0)","button_hover_border_color":"rgba(223,98,54,0.8)","_background_background":"classic","_background_color":"#ffffff","currency_symbol":"custom","currency_symbol_custom":"R$"},"elements":[],"isInner":false,"widgetType":"price-table","elType":"widget"}],"isInner":"1","elType":"column"},{"id":"3799d4f3","settings":{"_column_size":"33","background_background":"classic","background_color":"#ffffff","box_shadow_box_shadow_type":"yes","box_shadow_box_shadow":{"horizontal":"20","vertical":"20","blur":"80","spread":"0","color":"rgba(0,0,0,0.1)"},"margin":{"unit":"px","top":"0","right":"0","bottom":"0","left":"0","isLinked":""},"padding":{"unit":"em","top":"4","right":"1","bottom":"4","left":"1","isLinked":""},"padding_mobile":{"unit":"px","top":"40","right":"20","bottom":"40","left":"20","isLinked":""},"box_shadow_hover_box_shadow_type":"yes","box_shadow_hover_box_shadow":{"horizontal":"0","vertical":"0","blur":"10","spread":"0","color":"rgba(0,0,0,0.12)"},"_inline_size":20.006000000000000227373675443232059478759765625},"elements":[],"isInner":"1","elType":"column"}],"isInner":"1","elType":"section"}],"isInner":"","elType":"column"}],"isInner":"","elType":"section"},{"id":"eef186","settings":{"background_background":"gradient","background_color":"#412D2D","margin":{"unit":"px","top":"0","right":0,"bottom":"0","left":0,"isLinked":false},"padding":{"unit":"px","top":"28","right":"0","bottom":"39","left":"0","isLinked":false},"animation":"tada","jet_parallax_layout_list":[{"jet_parallax_layout_image":{"url":"","id":""},"jet_parallax_layout_image_tablet":{"url":"","id":""},"jet_parallax_layout_image_mobile":{"url":"","id":""},"jet_parallax_layout_speed":{"unit":"%","size":50,"sizes":[]},"jet_parallax_layout_type":"scroll","jet_parallax_layout_direction":"1","jet_parallax_layout_fx_direction":"fade-in","jet_parallax_layout_z_index":"","jet_parallax_layout_bg_x":50,"jet_parallax_layout_bg_y":50,"jet_parallax_layout_bg_size":"auto","jet_parallax_layout_animation_prop":"transform","jet_parallax_layout_on":["desktop","tablet"],"_id":"9514997"}],"background_color_b":"#381010","background_gradient_angle":{"unit":"deg","size":190,"sizes":[]},"margin_mobile":{"unit":"px","top":"-48","right":0,"bottom":"36","left":0,"isLinked":false}},"elements":[{"id":"37802240","settings":{"_column_size":100,"_inline_size":null},"elements":[{"id":"105a4abb","settings":{"title":"SUA OPORTUNIDADE ACABA EM...","align":"center","title_color":"#FBFBFB"},"elements":[],"isInner":false,"widgetType":"heading","elType":"widget"}],"isInner":false,"elType":"column"}],"isInner":false,"elType":"section"},{"id":"59eaae50","settings":{"background_background":"classic","background_position":"center center","background_size":"cover","padding":{"unit":"px","top":"90","right":"0","bottom":"90","left":"0","isLinked":""},"background_overlay_color":"rgba(255, 255, 255, 0.79)","background_overlay_opacity":{"unit":"px","size":"0.43"},"background_repeat":"no-repeat","padding_tablet":{"unit":"px","top":"90","right":"10","bottom":"90","left":"10","isLinked":""},"background_color":"#FFFFFF","background_overlay_background":"classic","jet_parallax_layout_list":[{"jet_parallax_layout_image":{"url":"","id":""},"jet_parallax_layout_image_tablet":{"url":"","id":""},"jet_parallax_layout_image_mobile":{"url":"","id":""},"jet_parallax_layout_speed":{"unit":"%","size":50,"sizes":[]},"jet_parallax_layout_type":"scroll","jet_parallax_layout_direction":"1","jet_parallax_layout_fx_direction":"fade-in","jet_parallax_layout_z_index":"","jet_parallax_layout_bg_x":50,"jet_parallax_layout_bg_y":50,"jet_parallax_layout_bg_size":"auto","jet_parallax_layout_animation_prop":"transform","jet_parallax_layout_on":["desktop","tablet"],"_id":"27d8ea8"}]},"elements":[{"id":"f1de743","settings":{"_column_size":"100","content_position":"center","background_background":"classic","background_color":"#ffffff","border_radius":{"unit":"px","top":"5","right":"5","bottom":"5","left":"5","isLinked":"1"},"margin":{"unit":"px","top":"0","right":"10","bottom":"0","left":"0","isLinked":""},"padding":{"unit":"px","top":"10","right":"10","bottom":"10","left":"0","isLinked":""},"box_shadow_box_shadow_type":"yes","box_shadow_box_shadow":{"horizontal":"0","vertical":"0","blur":"42","spread":"1","color":"rgba(0,0,0,0.5)"},"content_position_mobile":"center","align_mobile":"center","margin_mobile":{"unit":"px","top":"0","right":"0","bottom":"0","left":"0","isLinked":false},"padding_mobile":{"unit":"px","top":"0","right":"0","bottom":"0","left":"0","isLinked":false}},"elements":[{"id":"199f46ca","settings":{"structure":"20","margin":{"unit":"px","top":"-10","right":"0","bottom":"-10","left":"0","isLinked":""},"padding":{"unit":"px","top":"0","right":"0","bottom":"0","left":"0","isLinked":"1"},"border_radius":{"unit":"px","top":"0","right":"0","bottom":"5","left":"5","isLinked":""},"height_inner":"min-height","custom_height_inner":{"unit":"px","size":207},"animation":"fadeInDown","custom_height_inner_mobile":{"unit":"px","size":"1167"},"margin_mobile":{"unit":"px","top":"-66","right":0,"bottom":"-312","left":0,"isLinked":""},"padding_mobile":{"unit":"px","top":"0","right":"0","bottom":"0","left":"0","isLinked":false},"content_width":{"unit":"px","size":1600,"sizes":[]},"jet_parallax_layout_list":[{"jet_parallax_layout_image":{"url":"","id":""},"jet_parallax_layout_image_tablet":{"url":"","id":""},"jet_parallax_layout_image_mobile":{"url":"","id":""},"jet_parallax_layout_speed":{"unit":"%","size":50,"sizes":[]},"jet_parallax_layout_type":"scroll","jet_parallax_layout_direction":"1","jet_parallax_layout_fx_direction":"fade-in","jet_parallax_layout_z_index":"","jet_parallax_layout_bg_x":50,"jet_parallax_layout_bg_y":50,"jet_parallax_layout_bg_size":"auto","jet_parallax_layout_animation_prop":"transform","jet_parallax_layout_on":["desktop","tablet"],"_id":"6d125de"}]},"elements":[{"id":"2c3f814d","settings":{"_column_size":"50","_inline_size":"50","border_radius":{"unit":"px","top":"5","right":"0","bottom":"0","left":"5","isLinked":""},"padding":{"unit":"px","top":"0","right":"0","bottom":"0","left":"0","isLinked":"1"},"background_background":"classic","background_image":{"id":2825,"url":"https:\/\/cliente.shazamlnv.com\/wp-content\/uploads\/2022\/02\/14-dias-de-garantia.png"},"background_size":"cover","_inline_size_mobile":100,"margin_mobile":{"unit":"px","top":"0","right":"0","bottom":"0","left":"10","isLinked":""},"padding_mobile":{"unit":"px","top":"0","right":"0","bottom":"0","left":"0","isLinked":"1"},"content_position_mobile":"center","align_mobile":"center","background_position":"center center"},"elements":[],"isInner":"1","elType":"column"},{"id":"44bc605b","settings":{"_column_size":"50","_inline_size":"50","padding":{"unit":"px","top":"40","right":"40","bottom":"40","left":"40","isLinked":"1"},"padding_mobile":{"unit":"px","top":"0","right":"10","bottom":"0","left":"10","isLinked":""},"margin_mobile":{"unit":"px","top":"0","right":"0","bottom":"0","left":"0","isLinked":false}},"elements":[{"id":"65977059","settings":{"title":"SOBRE A GARANTIA","align":"left","title_color":"#482121","typography_typography":"custom","typography_font_family":"Poppins","typography_font_size":{"unit":"px","size":"48"},"typography_font_weight":"bold","typography_letter_spacing":{"unit":"px","size":"-1"},"_padding":{"unit":"px","top":"0","right":"0","bottom":"0","left":"0","isLinked":"1"},"align_mobile":"center","typography_font_size_mobile":{"unit":"px","size":23,"sizes":[]}},"elements":[],"isInner":false,"widgetType":"heading","elType":"widget"},{"id":"2b6ef25d","settings":{"editor":"<p><span style=\"vertical-align: inherit;\"><span style=\"vertical-align: inherit;\">Eu sei que mesmo depois do que te mostramos aqui, voc\u00ea pode ainda estar insegura. Mas n\u00f3s vamos\u00a0 facilitar a sua vida. Vamos deixar voc\u00ea experimentar o M\u00e9todo V17 (Com direito a todos os brindes) por 14 dias para voc\u00ea ver o resultado que vai ter nesse per\u00edodo. Se por qualquer raz\u00e3o voc\u00ea n\u00e3o gostar ou se adaptar, nos envie um e-mail dentro desse per\u00edodo que simplesmente devolvemos 100% do valor que voc\u00ea pagou.\u00a0<\/span><\/span><\/p><p><span style=\"vertical-align: inherit;\"><span style=\"vertical-align: inherit;\">\u00a0<\/span><\/span><\/p>","align":"left","typography_typography":"custom","typography_font_family":"Lato","typography_font_size":{"unit":"px","size":"18"},"typography_line_height":{"unit":"em","size":"1.5"},"_padding":{"unit":"px","top":"0","right":"10","bottom":"0","left":"0","isLinked":""},"align_mobile":"justify","typography_font_size_mobile":{"unit":"px","size":13,"sizes":[]},"_margin_mobile":{"unit":"px","top":"19","right":"0","bottom":"0","left":"0","isLinked":false}},"elements":[],"isInner":false,"widgetType":"text-editor","elType":"widget"},{"id":"346f0dbe","settings":{"color":"#482121","width":{"unit":"%","size":"15"},"align":"left","_margin":{"unit":"px","top":"-15","right":"0","bottom":"0","left":"0","isLinked":""},"_padding":{"unit":"px","top":"0","right":"0","bottom":"0","left":"0","isLinked":"1"},"weight":{"unit":"px","size":"2"},"text":"Divisor"},"elements":[],"isInner":false,"widgetType":"divider","elType":"widget"}],"isInner":"1","elType":"column"}],"isInner":"1","elType":"section"}],"isInner":"","elType":"column"}],"isInner":"","elType":"section"},{"id":"4f1d4946","settings":{"content_width":{"unit":"px","size":"1040"},"background_background":"classic","background_image":{"id":2812,"url":"https:\/\/cliente.shazamlnv.com\/wp-content\/uploads\/2022\/02\/easter-composition.jpg"},"background_position":"center center","background_attachment":"fixed","background_repeat":"no-repeat","background_size":"cover","background_overlay_background":"classic","background_overlay_color":"#000000","background_overlay_opacity":{"unit":"px","size":0.90000000000000002220446049250313080847263336181640625},"padding":{"unit":"px","top":"80","right":"0","bottom":"80","left":"0","isLinked":""},"custom_height":{"unit":"vh","size":"75"},"gap":"wide","content_position":"middle","padding_mobile":{"unit":"px","top":"40","right":"0","bottom":"40","left":"0","isLinked":""},"text_align":"center","jet_parallax_layout_list":[{"jet_parallax_layout_image":{"url":"","id":""},"jet_parallax_layout_image_tablet":{"url":"","id":""},"jet_parallax_layout_image_mobile":{"url":"","id":""},"jet_parallax_layout_speed":{"unit":"%","size":50,"sizes":[]},"jet_parallax_layout_type":"scroll","jet_parallax_layout_direction":"1","jet_parallax_layout_fx_direction":"fade-in","jet_parallax_layout_z_index":"","jet_parallax_layout_bg_x":50,"jet_parallax_layout_bg_y":50,"jet_parallax_layout_bg_size":"auto","jet_parallax_layout_animation_prop":"transform","jet_parallax_layout_on":["desktop","tablet"],"_id":"1fc1eac"}]},"elements":[{"id":"362b74ad","settings":{"_column_size":"100","space_between_widgets":"12","animation":"slideInUp"},"elements":[{"id":"30839e9c","settings":{"title":"PRECISA DE AJUDA?","title_color":"#cc9955","typography_typography":"custom","typography_font_family":"Roboto","typography_font_size":{"unit":"rem","size":"0.875"},"typography_font_size_mobile":{"unit":"rem","size":"0.75"},"typography_font_weight":"500","typography_text_transform":"uppercase","typography_letter_spacing":{"unit":"px","size":"1.5"},"_animation":"fadeIn","_animation_delay":"50"},"elements":[],"isInner":false,"widgetType":"heading","elType":"widget"},{"id":"773ab945","settings":{"title":"FAQs","title_color":"#ffffff","typography_typography":"custom","typography_font_family":"Roboto","typography_font_size":{"unit":"rem","size":"3"},"typography_font_weight":"500","typography_line_height":{"unit":"em","size":"1.1666"},"_animation":"fadeIn","_animation_delay":"100","typography_font_size_tablet":{"unit":"rem","size":"3"},"typography_font_size_mobile":{"unit":"rem","size":"2.5"}},"elements":[],"isInner":false,"widgetType":"heading","elType":"widget"},{"id":"9e15701","settings":{"weight":{"unit":"px","size":"4"},"color":"#cc9955","width":{"unit":"px","size":"48"},"gap":{"unit":"px","size":"8"},"_animation":"fadeIn","_animation_delay":"300","text":"Divisor"},"elements":[],"isInner":false,"widgetType":"divider","elType":"widget"},{"id":"1b185dde","settings":{"content_width":{"unit":"px","size":"760"},"margin":{"unit":"px","top":"40","right":"0","bottom":"0","left":"0","isLinked":""},"jet_parallax_layout_list":[{"jet_parallax_layout_image":{"url":"","id":""},"jet_parallax_layout_image_tablet":{"url":"","id":""},"jet_parallax_layout_image_mobile":{"url":"","id":""},"jet_parallax_layout_speed":{"unit":"%","size":50,"sizes":[]},"jet_parallax_layout_type":"scroll","jet_parallax_layout_direction":"1","jet_parallax_layout_fx_direction":"fade-in","jet_parallax_layout_z_index":"","jet_parallax_layout_bg_x":50,"jet_parallax_layout_bg_y":50,"jet_parallax_layout_bg_size":"auto","jet_parallax_layout_animation_prop":"transform","jet_parallax_layout_on":["desktop","tablet"],"_id":"4fe5b4b"}]},"elements":[{"id":"5c760fc7","settings":{"_column_size":"100"},"elements":[{"id":"42c1b846","settings":{"tabs":[{"tab_title":"D\u00e1 pra lucrar 5k com ovos de p\u00e1scoa mesmo?","tab_content":"<p><span style=\"vertical-align: inherit;\"><span style=\"vertical-align: inherit;\">Sim. Ap\u00f3s voc\u00ea der in\u00edcio\u00a0 ao programa voc\u00ea n\u00e3o precisar\u00e1 mais de tomar nada para emagrecer, pois s\u00f3 basta voc\u00ea seguir certinho que os resultados ser\u00e3o mais saud\u00e1veis do que com as c\u00e1psulas.<\/span><\/span><\/p>","_id":"c831189"},{"tab_title":"Voc\u00eas passam contato de fornecedores?","tab_content":"<p><span style=\"vertical-align: inherit;\"><span style=\"vertical-align: inherit;\">N\u00e3o. Voc\u00ea faz apenas um \u00fanico pagamento e poder\u00e1 participar pelo tempo que quiser sem cobran\u00e7as adicionais.<\/span><\/span><\/p>","_id":"6c05cdd"},{"tab_title":"Vamos aprender marketing tamb\u00e9m?","tab_content":"<p><span style=\"vertical-align: inherit;\"><span style=\"vertical-align: inherit;\">Definitivamente esse \u00e9 o programa mais indicado para voc\u00ea, pois ele \u00e9 a forma mais simplificada para ter resultados com sa\u00fade e r\u00e1pido. Voc\u00ea vai amar participar e seguir o nosso programa.<\/span><\/span><\/p>","_id":"3a1be3b"},{"tab_title":"Vai mostrar como fabricar embalagens artesanais?","tab_content":"<p><span style=\"vertical-align: inherit;\"><span style=\"vertical-align: inherit;\"><span style=\"vertical-align: inherit;\"><span style=\"vertical-align: inherit;\">Camarilha n\u00e3o Bot\u00e3o para aiterar Editar este texto. <\/span><\/span><\/span><span style=\"vertical-align: inherit;\"><span style=\"vertical-align: inherit;\"><span style=\"vertical-align: inherit;\">Lorem ipsum dolor sit amet, consectetur adipiscing elit. <\/span><\/span><\/span><span style=\"vertical-align: inherit;\"><span style=\"vertical-align: inherit;\"><span style=\"vertical-align: inherit;\">Ut elit elit, nec luctus ullamcorper mattis dapibus leo pulvinar.<\/span><\/span><\/span><\/span><\/p>","_id":"40d4c68"}],"icon":"fa fa-chevron-circle-down","icon_active":"fa fa-chevron-circle-up","title_html_tag":"h2","border_width":{"unit":"px","size":"4"},"border_color":"rgba(0,0,0,0)","title_background":"rgba(43,43,43,0.86)","title_color":"#ffffff","tab_active_color":"#cc9955","title_typography_typography":"custom","title_typography_font_family":"Roboto","title_typography_font_size":{"unit":"rem","size":"1.125"},"title_typography_font_weight":"400","title_padding":{"unit":"px","top":"24","right":"24","bottom":"24","left":"24","isLinked":"1"},"icon_align":"right","icon_space":{"unit":"px","size":"0"},"content_color":"rgba(255,255,255,0.7)","content_typography_typography":"custom","content_typography_font_family":"Roboto","content_typography_font_size":{"unit":"rem","size":"1"},"content_typography_font_weight":"400","content_typography_line_height":{"unit":"em","size":"1.617"},"content_padding":{"unit":"px","top":"24","right":"24","bottom":"24","left":"24","isLinked":"1"},"title_typography_font_size_mobile":{"unit":"rem","size":"1"},"selected_icon":{"value":"fas fa-chevron-circle-down","library":"fa-solid"},"selected_active_icon":{"value":"fas fa-chevron-circle-up","library":"fa-solid"},"__fa4_migrated":{"selected_icon":true,"selected_active_icon":true}},"elements":[],"isInner":false,"widgetType":"accordion","elType":"widget"},{"id":"58e825e3","settings":{"text":"EU quero come\u00e7ar meus ovos!","align":"center","align_tablet":"center","size":"lg","icon":"fa fa-play-circle-o","icon_align":"right","icon_indent":{"unit":"px","size":"18"},"typography_typography":"custom","typography_font_family":"Oswald","typography_font_size":{"unit":"px","size":"17"},"typography_font_weight":"400","typography_text_transform":"uppercase","background_color":"#F07213","hover_color":"#ffffff","button_background_hover_color":"rgba(32,0,45,0)","hover_animation":"shrink","border_radius":{"unit":"px","top":"100","right":"100","bottom":"100","left":"100","isLinked":"1"},"align_mobile":"center","button_hover_border_color":"#ffffff","border_border":"solid","border_width":{"unit":"px","top":"2","right":"2","bottom":"2","left":"2","isLinked":"1"},"border_color":"#FFFFFF","link":{"url":"","is_external":"","nofollow":"","custom_attributes":""},"__fa4_migrated":{"selected_icon":true},"_margin":{"unit":"px","top":"40","right":"0","bottom":"0","left":"0","isLinked":false},"_padding":{"unit":"px","top":"0","right":"0","bottom":"0","left":"0","isLinked":false}},"elements":[],"isInner":false,"widgetType":"button","elType":"widget"}],"isInner":"1","elType":"column"}],"isInner":"1","elType":"section"}],"isInner":"","elType":"column"}],"isInner":"","elType":"section"},{"id":"2aa17d2","settings":{"background_background":"classic","background_image":{"id":"478","url":"https:\/\/cliente.shazamlnv.com\/wp-content\/uploads\/2021\/12\/image-1-3.png"},"background_position":"center center","background_size":"cover","background_overlay_background":"classic","background_overlay_color":"#000011","background_overlay_opacity":{"unit":"px","size":"0.84"},"padding":{"unit":"px","top":"0","right":"0","bottom":"0","left":"0","isLinked":""},"padding_tablet":{"unit":"px","top":"30","right":"20","bottom":"30","left":"20","isLinked":""},"padding_mobile":{"unit":"px","top":"30","right":"20","bottom":"30","left":"20","isLinked":""},"overlay_blend_mode":"multiply","background_attachment":"fixed","jet_parallax_layout_list":[{"jet_parallax_layout_image":{"url":"","id":""},"jet_parallax_layout_image_tablet":{"url":"","id":""},"jet_parallax_layout_image_mobile":{"url":"","id":""},"jet_parallax_layout_speed":{"unit":"%","size":50,"sizes":[]},"jet_parallax_layout_type":"scroll","jet_parallax_layout_direction":"1","jet_parallax_layout_fx_direction":"fade-in","jet_parallax_layout_z_index":"","jet_parallax_layout_bg_x":50,"jet_parallax_layout_bg_y":50,"jet_parallax_layout_bg_size":"auto","jet_parallax_layout_animation_prop":"transform","jet_parallax_layout_on":["desktop","tablet"],"_id":"4464143"}]},"elements":[{"id":"12d631eb","settings":{"_column_size":"100","padding_mobile":{"unit":"px","top":"0","right":"0","bottom":"0","left":"0","isLinked":""}},"elements":[{"id":"374200d9","settings":{"editor":"<p><span style=\"vertical-align: inherit;\"><span style=\"vertical-align: inherit;\"><span style=\"vertical-align: inherit;\"><span style=\"vertical-align: inherit;\">P\u00e1gina de vendas feita por <strong><span style=\"color: #ffd100;\">Shazam\/LNV<\/span><\/strong><\/span><\/span><\/span><\/span><\/p>","align":"center","text_color":"#F4F4F4","typography_typography":"custom","typography_font_size":{"unit":"px","size":19,"sizes":[]},"typography_font_size_mobile":{"unit":"px","size":12,"sizes":[]},"_margin":{"unit":"px","top":"0","right":"0","bottom":"0","left":"0","isLinked":false},"_padding":{"unit":"px","top":"0","right":"0","bottom":"0","left":"0","isLinked":false}},"elements":[],"isInner":false,"widgetType":"text-editor","elType":"widget"}],"isInner":"","elType":"column"}],"isInner":"","elType":"section"}],"page_settings":{"eael_ext_toc_title":"Table of Content"},"version":"0.4","title":"PASCOA 4","type":"page"}