{"content":[{"id":"4ffaefd8","settings":{"border_width":{"unit":"px","top":"0","right":"0","bottom":"1","left":"0","isLinked":false},"border_color":"#eeeeee","background_image":{"id":"3657","url":"https:\/\/cliente.shazamlnv.com\/setasolar\/wp-content\/uploads\/2022\/04\/kira-auf-der-heide-47e5659-unsplash.jpg"},"background_position":"center center","background_size":"cover","background_background":"classic","margin":{"unit":"px","top":"0","right":0,"bottom":"0","left":0,"isLinked":false},"content_width":{"unit":"px","size":800},"background_overlay_background":"classic","background_overlay_color":"#000000"},"elements":[{"id":"68f8cc6","settings":{"_column_size":100,"_inline_size":null,"content_position":"center","margin":{"unit":"px","top":"0","right":"0","bottom":"0","left":"0","isLinked":false},"padding":{"unit":"px","top":"150","right":"0","bottom":"150","left":"0","isLinked":false},"_inline_size_tablet":100,"padding_tablet":{"unit":"px","top":"60","right":"20","bottom":"60","left":"20","isLinked":false}},"elements":[{"id":"bab515a","settings":{"image":{"id":"3658","url":"https:\/\/cliente.shazamlnv.com\/setasolar\/wp-content\/uploads\/2022\/04\/tamarcus-brown-134928-unsplash.jpg"},"image_size":"custom","image_custom_dimension":{"width":"80","height":"80"},"image_border_radius":{"unit":"%","top":"100","right":"100","bottom":"100","left":"100","isLinked":true},"_margin":{"unit":"px","top":"0","right":"0","bottom":"30","left":"0","isLinked":false}},"elements":[],"isInner":false,"widgetType":"image","elType":"widget"},{"id":"5ae4ed83","settings":{"title":"I'am Trevor Runner licensed & Relable therapist","typography_typography":"custom","typography_font_family":"Nothing You Could Do","header_size":"h1","title_color":"#ffffff","typography_font_size":{"unit":"px","size":80},"typography_text_transform":"capitalize","align_tablet":"center","typography_font_size_tablet":{"unit":"px","size":60},"typography_font_size_mobile":{"unit":"px","size":50},"_animation":"fadeIn","align":"center"},"elements":[],"isInner":false,"widgetType":"heading","elType":"widget"},{"id":"46798adb","settings":{"editor":"<p>Aret oporteat inciderint te est. Sed no errem deseruisse.<br \/>Consequat cotidieque qui id, ceteros electram eos in.<\/p>","typography_typography":"custom","typography_font_family":"Karla","typography_font_size":{"unit":"px","size":16},"typography_line_height":{"unit":"px","size":26},"_margin":{"unit":"px","top":"30","right":"0","bottom":"0","left":"0","isLinked":false},"align_tablet":"center","_animation":"fadeIn","align":"center","text_color":"#ffffff"},"elements":[],"isInner":false,"widgetType":"text-editor","elType":"widget"},{"id":"273a4f94","settings":{"text":"My services","icon":"fa fa-chevron-circle-down","icon_align":"right","icon_indent":{"unit":"px","size":15},"typography_typography":"custom","typography_font_family":"Karla","typography_font_size":{"unit":"px","size":15},"typography_font_weight":"600","typography_text_transform":"uppercase","typography_line_height":{"unit":"px","size":15},"typography_letter_spacing":{"unit":"px","size":0.5},"button_text_color":"#ffffff","background_color":"#e6b28f","button_background_hover_color":"#e5c6b3","button_hover_border_color":"#e5c6b3","border_border":"solid","border_width":{"unit":"px","top":"3","right":"3","bottom":"3","left":"3","isLinked":true},"border_color":"#e6b28f","border_radius":{"unit":"px","top":"0","right":"0","bottom":"0","left":"0","isLinked":true},"button_box_shadow_box_shadow_type":"yes","button_box_shadow_box_shadow":{"horizontal":0,"vertical":10,"blur":50,"spread":0,"color":"rgba(230,178,143,0.25)"},"text_padding":{"unit":"px","top":"14","right":"24","bottom":"14","left":"24","isLinked":false},"_margin":{"unit":"px","top":"30","right":"0","bottom":"0","left":"0","isLinked":false},"align_tablet":"center","_animation":"fadeInUp","link":{"url":"#kit-118-services","is_external":"","nofollow":""},"align":"center","selected_icon":{"value":"fas fa-chevron-circle-down","library":"fa-solid"}},"elements":[],"isInner":false,"widgetType":"button","elType":"widget"}],"isInner":false,"elType":"column"}],"isInner":false,"elType":"section"},{"id":"430add70","settings":{"background_color":"rgba(238,238,238,0.39)","margin_tablet":{"unit":"px","top":"0","right":0,"bottom":"0","left":0,"isLinked":false},"padding":{"unit":"px","top":"0","right":"0","bottom":"0","left":"0","isLinked":false},"padding_tablet":{"unit":"px","top":"0","right":"0","bottom":"0","left":"0","isLinked":false},"stretch_section":"section-stretched","layout":"full_width","margin":{"unit":"px","top":"0","right":0,"bottom":"0","left":0,"isLinked":false},"_element_id":"kit-118-services"},"elements":[{"id":"6f9ba7ab","settings":{"_column_size":100,"_inline_size":null,"_inline_size_tablet":100,"background_background":"classic","background_color":"rgba(238,238,238,0)","background_hover_background":"classic","background_hover_color":"#ffffff","padding":{"unit":"em","top":"0","right":"0","bottom":"0","left":"0","isLinked":false},"padding_mobile":{"unit":"px","top":"30","right":"20","bottom":"0","left":"20","isLinked":false},"animation":"fadeIn"},"elements":[{"id":"1225c340","settings":{"structure":"30","background_background":"classic","background_color":"#f2f2f2","border_border":"solid","border_width":{"unit":"px","top":"1","right":"0","bottom":"1","left":"1","isLinked":false},"border_color":"#eeeeee","padding":{"unit":"em","top":"2","right":"0","bottom":"0","left":"0","isLinked":false}},"elements":[{"id":"7e8d2bde","settings":{"_column_size":33,"_inline_size":null,"background_background":"classic","background_color":"rgba(0,0,0,0)","background_hover_background":"classic","background_hover_color":"#ffffff","padding":{"unit":"px","top":"50","right":"50","bottom":"50","left":"50","isLinked":true},"_inline_size_tablet":100,"padding_mobile":{"unit":"px","top":"20","right":"20","bottom":"20","left":"20","isLinked":true}},"elements":[{"id":"5b3d7268","settings":{"title":"Group\/Workshop","link":{"url":"#","is_external":"","nofollow":""},"title_color":"#000000","typography_typography":"custom","typography_font_family":"Raleway","typography_font_size":{"unit":"px","size":20},"typography_line_height":{"unit":"px","size":30},"_margin":{"unit":"px","top":"0","right":"0","bottom":"-10","left":"0","isLinked":false},"align_tablet":"center"},"elements":[],"isInner":false,"widgetType":"heading","elType":"widget"},{"id":"5c8eac26","settings":{"editor":"Aret oporteat inciderint te est. Sed no errem deseruisse. \nConsequat cotidieque qui id, ceteros electram eos in.","typography_typography":"custom","typography_font_family":"Karla","typography_font_size":{"unit":"px","size":16},"typography_line_height":{"unit":"px","size":26},"_margin":{"unit":"px","top":"0","right":"0","bottom":"0","left":"0","isLinked":false},"align_tablet":"center"},"elements":[],"isInner":false,"widgetType":"text-editor","elType":"widget"},{"id":"23d8b6e2","settings":{"image":{"id":"3659","url":"https:\/\/cliente.shazamlnv.com\/setasolar\/wp-content\/uploads\/2022\/04\/candice-picard-1057183-unsplash.jpg"}},"elements":[],"isInner":false,"widgetType":"image","elType":"widget"}],"isInner":true,"elType":"column"},{"id":"107ac2ee","settings":{"_column_size":33,"_inline_size":null,"background_background":"classic","background_color":"rgba(0,0,0,0)","background_hover_background":"classic","background_hover_color":"#ffffff","padding":{"unit":"px","top":"50","right":"50","bottom":"50","left":"50","isLinked":true},"_inline_size_tablet":100,"padding_mobile":{"unit":"px","top":"20","right":"20","bottom":"20","left":"20","isLinked":true}},"elements":[{"id":"39ebc327","settings":{"title":"Personal Therapy","link":{"url":"#","is_external":"","nofollow":""},"title_color":"#000000","typography_typography":"custom","typography_font_family":"Raleway","typography_font_size":{"unit":"px","size":20},"typography_line_height":{"unit":"px","size":30},"_margin":{"unit":"px","top":"0","right":"0","bottom":"-10","left":"0","isLinked":false},"align_tablet":"center"},"elements":[],"isInner":false,"widgetType":"heading","elType":"widget"},{"id":"27ffa364","settings":{"editor":"Aret oporteat inciderint te est. Sed no errem deseruisse. \nConsequat cotidieque qui id, ceteros electram eos in.","typography_typography":"custom","typography_font_family":"Karla","typography_font_size":{"unit":"px","size":16},"typography_line_height":{"unit":"px","size":26},"_margin":{"unit":"px","top":"0","right":"0","bottom":"0","left":"0","isLinked":false},"align_tablet":"center"},"elements":[],"isInner":false,"widgetType":"text-editor","elType":"widget"},{"id":"179da9ef","settings":{"image":{"id":"3660","url":"https:\/\/cliente.shazamlnv.com\/setasolar\/wp-content\/uploads\/2022\/04\/neko-tai-1082487-unsplash.jpg"}},"elements":[],"isInner":false,"widgetType":"image","elType":"widget"}],"isInner":true,"elType":"column"},{"id":"5ee6370e","settings":{"_column_size":33,"_inline_size":null,"background_background":"classic","background_color":"rgba(0,0,0,0)","background_hover_background":"classic","background_hover_color":"#ffffff","padding":{"unit":"px","top":"50","right":"50","bottom":"50","left":"50","isLinked":true},"_inline_size_tablet":100,"padding_mobile":{"unit":"px","top":"20","right":"20","bottom":"20","left":"20","isLinked":true}},"elements":[{"id":"84761b9","settings":{"title":"Self-Esteem","link":{"url":"#","is_external":"","nofollow":""},"title_color":"#000000","typography_typography":"custom","typography_font_family":"Raleway","typography_font_size":{"unit":"px","size":20},"typography_line_height":{"unit":"px","size":30},"_margin":{"unit":"px","top":"0","right":"0","bottom":"-10","left":"0","isLinked":false},"align_tablet":"center"},"elements":[],"isInner":false,"widgetType":"heading","elType":"widget"},{"id":"7ad8648a","settings":{"editor":"Aret oporteat inciderint te est. Sed no errem deseruisse. \nConsequat cotidieque qui id, ceteros electram eos in.","typography_typography":"custom","typography_font_family":"Karla","typography_font_size":{"unit":"px","size":16},"typography_line_height":{"unit":"px","size":26},"_margin":{"unit":"px","top":"0","right":"0","bottom":"0","left":"0","isLinked":false},"align_tablet":"center"},"elements":[],"isInner":false,"widgetType":"text-editor","elType":"widget"},{"id":"5aa01725","settings":{"image":{"id":"3661","url":"https:\/\/cliente.shazamlnv.com\/setasolar\/wp-content\/uploads\/2022\/04\/kira-auf-der-heide-475659-unsplash.jpg"}},"elements":[],"isInner":false,"widgetType":"image","elType":"widget"}],"isInner":true,"elType":"column"}],"isInner":true,"elType":"section"},{"id":"1a92acac","settings":{"structure":"30","background_background":"classic","background_color":"#f2f2f2","border_border":"solid","border_width":{"unit":"px","top":"1","right":"0","bottom":"1","left":"1","isLinked":false},"border_color":"#eeeeee"},"elements":[{"id":"642546e7","settings":{"_column_size":33,"_inline_size":null,"background_background":"classic","background_color":"rgba(0,0,0,0)","background_hover_background":"classic","background_hover_color":"#ffffff","padding":{"unit":"px","top":"50","right":"50","bottom":"50","left":"50","isLinked":true},"_inline_size_tablet":100,"padding_mobile":{"unit":"px","top":"20","right":"20","bottom":"20","left":"20","isLinked":true}},"elements":[{"id":"2d59bbb5","settings":{"title":"Anger Management","link":{"url":"#","is_external":"","nofollow":""},"title_color":"#000000","typography_typography":"custom","typography_font_family":"Raleway","typography_font_size":{"unit":"px","size":20},"typography_line_height":{"unit":"px","size":30},"_margin":{"unit":"px","top":"0","right":"0","bottom":"-10","left":"0","isLinked":false},"align_tablet":"center"},"elements":[],"isInner":false,"widgetType":"heading","elType":"widget"},{"id":"602316b5","settings":{"editor":"Aret oporteat inciderint te est. Sed no errem deseruisse. \nConsequat cotidieque qui id, ceteros electram eos in.","typography_typography":"custom","typography_font_family":"Karla","typography_font_size":{"unit":"px","size":16},"typography_line_height":{"unit":"px","size":26},"_margin":{"unit":"px","top":"0","right":"0","bottom":"0","left":"0","isLinked":false},"align_tablet":"center"},"elements":[],"isInner":false,"widgetType":"text-editor","elType":"widget"},{"id":"49cc8b5c","settings":{"image":{"id":"3662","url":"https:\/\/cliente.shazamlnv.com\/setasolar\/wp-content\/uploads\/2022\/04\/jonathan-daniels-385131-unsplash.jpg"}},"elements":[],"isInner":false,"widgetType":"image","elType":"widget"}],"isInner":true,"elType":"column"},{"id":"126ad673","settings":{"_column_size":33,"_inline_size":null,"background_background":"classic","background_color":"rgba(0,0,0,0)","background_hover_background":"classic","background_hover_color":"#ffffff","padding":{"unit":"px","top":"50","right":"50","bottom":"50","left":"50","isLinked":true},"_inline_size_tablet":100,"padding_mobile":{"unit":"px","top":"20","right":"20","bottom":"20","left":"20","isLinked":true}},"elements":[{"id":"4a250b54","settings":{"title":"Communication Skills","link":{"url":"#","is_external":"","nofollow":""},"title_color":"#000000","typography_typography":"custom","typography_font_family":"Raleway","typography_font_size":{"unit":"px","size":20},"typography_line_height":{"unit":"px","size":30},"_margin":{"unit":"px","top":"0","right":"0","bottom":"-10","left":"0","isLinked":false},"align_tablet":"center"},"elements":[],"isInner":false,"widgetType":"heading","elType":"widget"},{"id":"34d880b","settings":{"editor":"Aret oporteat inciderint te est. Sed no errem deseruisse. \nConsequat cotidieque qui id, ceteros electram eos in.","typography_typography":"custom","typography_font_family":"Karla","typography_font_size":{"unit":"px","size":16},"typography_line_height":{"unit":"px","size":26},"_margin":{"unit":"px","top":"0","right":"0","bottom":"0","left":"0","isLinked":false},"align_tablet":"center"},"elements":[],"isInner":false,"widgetType":"text-editor","elType":"widget"},{"id":"5170b6a1","settings":{"image":{"id":"3663","url":"https:\/\/cliente.shazamlnv.com\/setasolar\/wp-content\/uploads\/2022\/04\/rawpixel-752506-unsplash.jpg"}},"elements":[],"isInner":false,"widgetType":"image","elType":"widget"}],"isInner":true,"elType":"column"},{"id":"604c8c57","settings":{"_column_size":33,"_inline_size":null,"background_background":"classic","background_color":"rgba(0,0,0,0)","background_hover_background":"classic","background_hover_color":"#ffffff","padding":{"unit":"px","top":"50","right":"50","bottom":"50","left":"50","isLinked":true},"_inline_size_tablet":100,"padding_mobile":{"unit":"px","top":"20","right":"20","bottom":"20","left":"20","isLinked":true}},"elements":[{"id":"1b2131ac","settings":{"title":"Self-Esteem","link":{"url":"#","is_external":"","nofollow":""},"title_color":"#000000","typography_typography":"custom","typography_font_family":"Raleway","typography_font_size":{"unit":"px","size":20},"typography_line_height":{"unit":"px","size":30},"_margin":{"unit":"px","top":"0","right":"0","bottom":"-10","left":"0","isLinked":false},"align_tablet":"center"},"elements":[],"isInner":false,"widgetType":"heading","elType":"widget"},{"id":"46563b8a","settings":{"editor":"Aret oporteat inciderint te est. Sed no errem deseruisse. \nConsequat cotidieque qui id, ceteros electram eos in.","typography_typography":"custom","typography_font_family":"Karla","typography_font_size":{"unit":"px","size":16},"typography_line_height":{"unit":"px","size":26},"_margin":{"unit":"px","top":"0","right":"0","bottom":"0","left":"0","isLinked":false},"align_tablet":"center"},"elements":[],"isInner":false,"widgetType":"text-editor","elType":"widget"},{"id":"7cf28ee8","settings":{"image":{"id":"3664","url":"https:\/\/cliente.shazamlnv.com\/setasolar\/wp-content\/uploads\/2022\/04\/rawpixel-584290-unsplash.jpg"}},"elements":[],"isInner":false,"widgetType":"image","elType":"widget"}],"isInner":true,"elType":"column"}],"isInner":true,"elType":"section"}],"isInner":false,"elType":"column"}],"isInner":false,"elType":"section"},{"id":"5a21b31","settings":{"border_border":"solid","border_width":{"unit":"px","top":"0","right":"0","bottom":"1","left":"0","isLinked":false},"border_color":"#eeeeee","padding":{"unit":"px","top":"60","right":"0","bottom":"60","left":"0","isLinked":false},"padding_tablet":{"unit":"px","top":"50","right":"20","bottom":"50","left":"20","isLinked":false}},"elements":[{"id":"6ec66422","settings":{"_column_size":100,"padding":{"unit":"px","top":"0","right":"0","bottom":"0","left":"0","isLinked":false},"margin_mobile":{"unit":"px","top":"0","right":"0","bottom":"0","left":"0","isLinked":false},"padding_mobile":{"unit":"px","top":"0","right":"0","bottom":"0","left":"0","isLinked":false}},"elements":[{"id":"28ca3b2d","settings":{"structure":"22"},"elements":[{"id":"1e06b63a","settings":{"_column_size":66,"_inline_size":null,"_inline_size_tablet":100,"content_position":"top","margin":{"unit":"px","top":"0","right":"0","bottom":"0","left":"0","isLinked":false},"padding":{"unit":"px","top":"0","right":"40","bottom":"0","left":"0","isLinked":false},"padding_mobile":{"unit":"px","top":"0","right":"0","bottom":"0","left":"0","isLinked":false}},"elements":[{"id":"707527da","settings":{"editor":"<p>Pri at facilis vivendum tractatos, alienum appetere scriptorem usu ex. Eam ut integre habemus, posse conceptam ne has.\u00a0<\/p>","typography_typography":"custom","typography_font_family":"Raleway","typography_font_size":{"unit":"px","size":26},"typography_line_height":{"unit":"px","size":36},"_margin":{"unit":"px","top":"0","right":"0","bottom":"0","left":"0","isLinked":false},"text_color":"#000000","typography_font_weight":"600","_animation":"fadeIn","align_tablet":"center"},"elements":[],"isInner":false,"widgetType":"text-editor","elType":"widget"}],"isInner":true,"elType":"column"},{"id":"4d909654","settings":{"_column_size":33,"_inline_size":null,"_inline_size_tablet":100,"content_position":"top","padding_tablet":{"unit":"px","top":"0","right":"0","bottom":"0","left":"0","isLinked":false},"animation":"fadeIn"},"elements":[{"id":"663c841e","settings":{"editor":"Aret oporteat inciderint te est. Sed no errem deseruisse. \nConsequat cotidieque qui id, ceteros electram eos in.","typography_typography":"custom","typography_font_family":"Karla","typography_font_size":{"unit":"px","size":16},"typography_line_height":{"unit":"px","size":26},"_margin":{"unit":"px","top":"0","right":"0","bottom":"0","left":"0","isLinked":false},"align_tablet":"center"},"elements":[],"isInner":false,"widgetType":"text-editor","elType":"widget"},{"id":"253a1304","settings":{"text":"About me","icon":"fa fa-chevron-circle-right","icon_align":"right","icon_indent":{"unit":"px","size":15},"typography_typography":"custom","typography_font_family":"Karla","typography_font_size":{"unit":"px","size":13},"typography_font_weight":"600","typography_text_transform":"uppercase","typography_line_height":{"unit":"px","size":15},"typography_letter_spacing":{"unit":"px","size":0.5},"button_text_color":"#ffffff","background_color":"#e6b28f","button_background_hover_color":"#e5c6b3","button_hover_border_color":"#e5c6b3","border_border":"solid","border_width":{"unit":"px","top":"3","right":"3","bottom":"3","left":"3","isLinked":true},"border_color":"#e6b28f","border_radius":{"unit":"px","top":"0","right":"0","bottom":"0","left":"0","isLinked":true},"button_box_shadow_box_shadow_type":"yes","button_box_shadow_box_shadow":{"horizontal":0,"vertical":10,"blur":50,"spread":0,"color":"rgba(230,178,143,0.25)"},"text_padding":{"unit":"px","top":"10","right":"20","bottom":"10","left":"20","isLinked":false},"_margin":{"unit":"px","top":"30","right":"0","bottom":"0","left":"0","isLinked":false},"align_tablet":"center","_margin_tablet":{"unit":"px","top":"0","right":"0","bottom":"50","left":"0","isLinked":false},"selected_icon":{"value":"fas fa-chevron-circle-right","library":"fa-solid"}},"elements":[],"isInner":false,"widgetType":"button","elType":"widget"}],"isInner":true,"elType":"column"}],"isInner":true,"elType":"section"},{"id":"62651ba9","settings":{"padding_tablet":{"unit":"px","top":"0","right":"0","bottom":"0","left":"0","isLinked":false},"margin_mobile":{"unit":"px","top":"0","right":0,"bottom":"0","left":0,"isLinked":false},"padding_mobile":{"unit":"px","top":"0","right":"0","bottom":"0","left":"0","isLinked":false}},"elements":[{"id":"6d2dbe1e","settings":{"_column_size":100,"_inline_size":null,"_inline_size_tablet":100,"content_position":"top","margin_tablet":{"unit":"px","top":"0","right":"0","bottom":"0","left":"0","isLinked":false},"padding":{"unit":"px","top":"30","right":"50","bottom":"30","left":"50","isLinked":false},"padding_tablet":{"unit":"px","top":"50","right":"50","bottom":"50","left":"50","isLinked":true},"animation":"fadeIn","background_background":"classic","background_color":"#e6b28f","margin":{"unit":"px","top":"40","right":"0","bottom":"0","left":"0","isLinked":false}},"elements":[{"id":"356f112","settings":{"title":"You can turn your life around today.","align_tablet":"center","title_color":"#ffffff","typography_typography":"custom","typography_font_family":"Raleway","typography_font_size":{"unit":"px","size":26},"typography_font_weight":"600","typography_line_height":{"unit":"px","size":36},"_margin":{"unit":"px","top":"0","right":"0","bottom":"0","left":"0","isLinked":false},"_animation":"fadeIn"},"elements":[],"isInner":false,"widgetType":"heading","elType":"widget"},{"id":"5a5e3110","settings":{"editor":"<p>Family and of is of text see began feel decision-making. If but well croissants but clear timing stiff.<\/p>","typography_typography":"custom","typography_font_family":"Karla","typography_font_size":{"unit":"px","size":20},"typography_line_height":{"unit":"px","size":26},"_margin":{"unit":"px","top":"0","right":"0","bottom":"0","left":"0","isLinked":false},"align_tablet":"center","text_color":"#ffffff"},"elements":[],"isInner":false,"widgetType":"text-editor","elType":"widget"},{"id":"f270aa0","settings":{"text":"Free Consultation?","icon_align":"right","icon_indent":{"unit":"px","size":15},"typography_typography":"custom","typography_font_family":"Karla","typography_font_size":{"unit":"px","size":13},"typography_font_weight":"600","typography_text_transform":"uppercase","typography_line_height":{"unit":"px","size":15},"typography_letter_spacing":{"unit":"px","size":0.5},"button_text_color":"#ffffff","background_color":"rgba(0,0,0,0)","button_background_hover_color":"#e5c6b3","button_hover_border_color":"#e5c6b3","border_border":"solid","border_width":{"unit":"px","top":"2","right":"2","bottom":"2","left":"2","isLinked":true},"border_color":"#ffffff","border_radius":{"unit":"px","top":"0","right":"0","bottom":"0","left":"0","isLinked":true},"button_box_shadow_box_shadow":{"horizontal":0,"vertical":10,"blur":50,"spread":0,"color":"rgba(230,178,143,0.25)"},"text_padding":{"unit":"px","top":"10","right":"20","bottom":"10","left":"20","isLinked":false},"_margin":{"unit":"px","top":"05","right":"0","bottom":"0","left":"0","isLinked":false},"align":"left","_animation":"fadeIn","align_tablet":"center","hover_color":"#ffffff"},"elements":[],"isInner":false,"widgetType":"button","elType":"widget"}],"isInner":true,"elType":"column"}],"isInner":true,"elType":"section"}],"isInner":false,"elType":"column"}],"isInner":false,"elType":"section"},{"id":"42352f67","settings":{"height":"min-height","custom_height":{"unit":"px","size":600},"background_background":"classic","background_image":{"id":"3660","url":"https:\/\/cliente.shazamlnv.com\/setasolar\/wp-content\/uploads\/2022\/04\/neko-tai-1082487-unsplash.jpg"},"background_position":"bottom center","background_attachment":"fixed","background_size":"cover","background_overlay_color":"#000000","background_overlay_background":"classic"},"elements":[{"id":"609816c4","settings":{"_column_size":100},"elements":[{"id":"5a406d81","settings":{"youtube_url":"https:\/\/www.youtube.com\/watch?v=9uOETcuFjbE","vimeo_url":"https:\/\/vimeo.com\/235215203","dailymotion_url":"https:\/\/www.dailymotion.com\/video\/x6koazf","show_image_overlay":"yes","image_overlay":{"id":"3665","url":"https:\/\/cliente.shazamlnv.com\/setasolar\/wp-content\/uploads\/2022\/04\/transparent-min.png"},"image_overlay_size":"custom","image_overlay_custom_dimension":{"width":"12","height":"1"},"lightbox":"yes","play_icon_color":"#ffffff","play_icon_size":{"unit":"px","size":80},"play_icon_text_shadow_text_shadow_type":"yes","play_icon_text_shadow_text_shadow":{"horizontal":10,"vertical":10,"blur":40,"color":"rgba(0,0,0,0)"}},"elements":[],"isInner":false,"widgetType":"video","elType":"widget"},{"id":"4e2412b1","settings":{"editor":"How do I work <br>with my clients?","typography_typography":"custom","typography_font_family":"Nothing You Could Do","typography_font_size":{"unit":"px","size":80},"typography_text_transform":"capitalize","align":"center","text_color":"#ffffff","align_tablet":"center","typography_font_size_tablet":{"unit":"px","size":60},"typography_font_size_mobile":{"unit":"px","size":50},"_animation":"fadeIn"},"elements":[],"isInner":false,"widgetType":"text-editor","elType":"widget"}],"isInner":false,"elType":"column"}],"isInner":false,"elType":"section"},{"id":"15bd656b","settings":{"content_width":{"unit":"px","size":800},"padding":{"unit":"px","top":"60","right":"0","bottom":"60","left":"0","isLinked":false},"padding_tablet":{"unit":"px","top":"50","right":"20","bottom":"0","left":"20","isLinked":false},"padding_mobile":{"unit":"px","top":"0","right":"20","bottom":"0","left":"20","isLinked":false},"margin_mobile":{"unit":"px","top":"40","right":0,"bottom":"0","left":0,"isLinked":false}},"elements":[{"id":"1a821d72","settings":{"_column_size":100},"elements":[{"id":"24c3ef01","settings":{"title":"Frequently Asked Questions","align":"center","align_tablet":"center","title_color":"#000000","typography_typography":"custom","typography_font_family":"Raleway","typography_font_size":{"unit":"px","size":34},"typography_font_weight":"700","typography_text_transform":"capitalize","typography_line_height":{"unit":"px","size":40},"_margin":{"unit":"px","top":"0","right":"0","bottom":"30","left":"0","isLinked":false},"_animation":"fadeIn"},"elements":[],"isInner":false,"widgetType":"heading","elType":"widget"},{"id":"4dfa0146","settings":{"editor":"<p>Aret oporteat inciderint te est. Sed no errem deseruisse.<\/p>","typography_typography":"custom","typography_font_family":"Karla","typography_font_size":{"unit":"px","size":16},"typography_line_height":{"unit":"px","size":26},"_margin":{"unit":"px","top":"0","right":"0","bottom":"0","left":"0","isLinked":false},"_animation":"fadeIn","align_tablet":"center","align":"center"},"elements":[],"isInner":false,"widgetType":"text-editor","elType":"widget"},{"id":"591a60cb","settings":{"tabs":[{"tab_title":" How do I know when it is time to get support?","tab_content":"<p>Suas bonorum legendos ad qui, sed vitae munere suscipiantur no. Quot graece at usu, eum te libris atomorum sensibus, omnesque consulatu et vel. Eu eos scripta definiebas adversarium, mundi laudem tamquam id vim.<\/p>","_id":"facddc3"},{"tab_title":"What is a Marriage and Family Therapist?","tab_content":"<p>Suas bonorum legendos ad qui, sed vitae munere suscipiantur no. Quot graece at usu, eum te libris atomorum sensibus, omnesque consulatu et vel. Eu eos scripta definiebas adversarium, mundi laudem tamquam id vim.<\/p>","_id":"9067aad"},{"tab_title":"How long does therapy last?","tab_content":"<p>Suas bonorum legendos ad qui, sed vitae munere suscipiantur no. Quot graece at usu, eum te libris atomorum sensibus, omnesque consulatu et vel. Eu eos scripta definiebas adversarium, mundi laudem tamquam id vim.<\/p>","_id":"8a9fbf7"}],"icon":"fa fa-arrow-circle-down","icon_active":"fa fa-arrow-circle-up","border_color":"#eeeeee","title_color":"#000000","title_typography_typography":"custom","title_typography_font_family":"Raleway","title_typography_font_size":{"unit":"px","size":17},"title_padding":{"unit":"px","top":"20","right":"30","bottom":"20","left":"30","isLinked":false},"icon_align":"right","icon_color":"#e6b28f","content_typography_typography":"custom","content_typography_font_family":"Karla","content_typography_font_size":{"unit":"px","size":16},"content_typography_line_height":{"unit":"px","size":26},"content_padding":{"unit":"px","top":"10","right":"30","bottom":"10","left":"30","isLinked":false}},"elements":[],"isInner":false,"widgetType":"accordion","elType":"widget"}],"isInner":false,"elType":"column"}],"isInner":false,"elType":"section"},{"id":"2549cbbd","settings":{"border_border":"solid","border_width":{"unit":"px","top":"1","right":"0","bottom":"1","left":"0","isLinked":false},"border_color":"#eeeeee","padding":{"unit":"px","top":"60","right":"0","bottom":"60","left":"0","isLinked":false},"margin_tablet":{"unit":"px","top":"40","right":0,"bottom":"0","left":0,"isLinked":false},"padding_tablet":{"unit":"px","top":"40","right":"0","bottom":"40","left":"0","isLinked":false}},"elements":[{"id":"489bf159","settings":{"_column_size":100,"_inline_size":null,"_inline_size_tablet":100,"padding":{"unit":"px","top":"0","right":"0","bottom":"0","left":"0","isLinked":false}},"elements":[{"id":"4851f300","settings":[],"elements":[{"id":"16029fc3","settings":{"_column_size":100,"_inline_size":null},"elements":[{"id":"5b2517bf","settings":{"title":"My results","align":"center","title_color":"#000000","typography_typography":"custom","typography_font_family":"Raleway","typography_font_size":{"unit":"px","size":34},"typography_font_weight":"700","typography_text_transform":"capitalize","typography_line_height":{"unit":"px","size":40},"_margin":{"unit":"px","top":"0","right":"0","bottom":"0","left":"0","isLinked":false},"_animation":"fadeIn"},"elements":[],"isInner":false,"widgetType":"heading","elType":"widget"}],"isInner":true,"elType":"column"}],"isInner":true,"elType":"section"},{"id":"381028fa","settings":{"content_width":{"unit":"px","size":800},"structure":"30","margin":{"unit":"px","top":"20","right":0,"bottom":"20","left":0,"isLinked":false}},"elements":[{"id":"5b4b16da","settings":{"_column_size":33,"_inline_size":null,"_inline_size_tablet":100},"elements":[{"id":"9808e59","settings":{"ending_number":4,"suffix":"+","title":"years work <br>experience","number_color":"#e6b28f","typography_title_typography":"custom","typography_title_font_family":"Karla","typography_title_font_size":{"unit":"px","size":16},"typography_title_font_weight":"600","_animation":"fadeIn","typography_number_typography":"custom","typography_number_font_size":{"unit":"px","size":70},"typography_number_line_height":{"unit":"px","size":90},"typography_title_text_transform":"capitalize","typography_title_line_height":{"unit":"px","size":20}},"elements":[],"isInner":false,"widgetType":"counter","elType":"widget"}],"isInner":true,"elType":"column"},{"id":"6c64a98f","settings":{"_column_size":33,"_inline_size":null,"_inline_size_tablet":100},"elements":[{"id":"24157215","settings":{"ending_number":320,"title":"Customers <br>worldwide","number_color":"#e6b28f","typography_title_typography":"custom","typography_title_font_family":"Karla","typography_title_font_size":{"unit":"px","size":16},"typography_title_font_weight":"600","_animation":"fadeIn","typography_number_typography":"custom","typography_number_font_size":{"unit":"px","size":70},"typography_number_line_height":{"unit":"px","size":90},"typography_title_text_transform":"capitalize","typography_title_line_height":{"unit":"px","size":20}},"elements":[],"isInner":false,"widgetType":"counter","elType":"widget"}],"isInner":true,"elType":"column"},{"id":"19d00d2c","settings":{"_column_size":33,"_inline_size":null,"_inline_size_tablet":100},"elements":[{"id":"44ae2e31","settings":{"ending_number":242,"title":"Salvaged <br>families","number_color":"#e6b28f","typography_title_typography":"custom","typography_title_font_family":"Karla","typography_title_font_size":{"unit":"px","size":16},"typography_title_font_weight":"600","_animation":"fadeIn","typography_number_typography":"custom","typography_number_font_size":{"unit":"px","size":70},"typography_number_line_height":{"unit":"px","size":90},"typography_title_text_transform":"capitalize","typography_title_line_height":{"unit":"px","size":20}},"elements":[],"isInner":false,"widgetType":"counter","elType":"widget"}],"isInner":true,"elType":"column"}],"isInner":true,"elType":"section"}],"isInner":false,"elType":"column"}],"isInner":false,"elType":"section"},{"id":"26105e8c","settings":{"background_background":"classic","background_color":"#e6b28f","border_width":{"unit":"px","top":"0","right":"0","bottom":"1","left":"0","isLinked":false},"border_color":"#eeeeee","padding":{"unit":"px","top":"60","right":"0","bottom":"60","left":"0","isLinked":false},"padding_tablet":{"unit":"px","top":"50","right":"20","bottom":"50","left":"20","isLinked":false}},"elements":[{"id":"7fd2eb75","settings":{"_column_size":100,"padding":{"unit":"px","top":"0","right":"0","bottom":"0","left":"0","isLinked":false},"margin_tablet":{"unit":"px","top":"0","right":"0","bottom":"0","left":"0","isLinked":false},"padding_tablet":{"unit":"px","top":"0","right":"0","bottom":"0","left":"0","isLinked":false}},"elements":[{"id":"2fded2b3","settings":{"structure":"30"},"elements":[{"id":"490e8036","settings":{"_column_size":33,"_inline_size":45.43900000000000005684341886080801486968994140625,"_inline_size_tablet":100,"content_position":"top","margin":{"unit":"px","top":"0","right":"0","bottom":"0","left":"0","isLinked":false},"padding":{"unit":"px","top":"0","right":"40","bottom":"0","left":"0","isLinked":false},"margin_tablet":{"unit":"px","top":"0","right":"0","bottom":"0","left":"0","isLinked":false},"padding_tablet":{"unit":"px","top":"0","right":"0","bottom":"0","left":"0","isLinked":false}},"elements":[{"id":"3553102b","settings":{"editor":"<p>Pri at facilis vivendum tractatos, alienum appetere scriptorem usu ex.\u00a0<\/p>","typography_typography":"custom","typography_font_family":"Raleway","typography_font_size":{"unit":"px","size":26},"typography_line_height":{"unit":"px","size":36},"_margin":{"unit":"px","top":"-20","right":"0","bottom":"0","left":"0","isLinked":false},"text_color":"#ffffff","typography_font_weight":"600","_animation":"fadeIn","align_tablet":"center"},"elements":[],"isInner":false,"widgetType":"text-editor","elType":"widget"}],"isInner":true,"elType":"column"},{"id":"716d6883","settings":{"_column_size":33,"_inline_size":24.22500000000000142108547152020037174224853515625,"_inline_size_tablet":100,"padding_tablet":{"unit":"px","top":"0","right":"0","bottom":"0","left":"0","isLinked":false}},"elements":[{"id":"61030db5","settings":{"editor":"Aret oporteat inciderint te est. Sed no errem deseruisse. \nConsequat cotidieque qui id, ceteros electram eos in.","typography_typography":"custom","typography_font_family":"Karla","typography_font_size":{"unit":"px","size":16},"typography_line_height":{"unit":"px","size":26},"_margin":{"unit":"px","top":"0","right":"0","bottom":"0","left":"0","isLinked":false},"text_color":"#ffffff","_animation":"fadeIn","align_tablet":"center"},"elements":[],"isInner":false,"widgetType":"text-editor","elType":"widget"}],"isInner":true,"elType":"column"},{"id":"63bc53b2","settings":{"_column_size":33,"_inline_size":30,"content_position":"top","_inline_size_tablet":100},"elements":[{"id":"2cb07084","settings":{"text":"Contact Me","icon":"fa fa-chevron-circle-down","icon_align":"right","icon_indent":{"unit":"px","size":15},"typography_typography":"custom","typography_font_family":"Karla","typography_font_size":{"unit":"px","size":13},"typography_font_weight":"600","typography_text_transform":"uppercase","typography_line_height":{"unit":"px","size":15},"typography_letter_spacing":{"unit":"px","size":0.5},"button_text_color":"#ffffff","background_color":"rgba(0,0,0,0)","button_background_hover_color":"#e5c6b3","button_hover_border_color":"#e5c6b3","border_border":"solid","border_width":{"unit":"px","top":"2","right":"2","bottom":"2","left":"2","isLinked":true},"border_color":"#ffffff","border_radius":{"unit":"px","top":"0","right":"0","bottom":"0","left":"0","isLinked":true},"button_box_shadow_box_shadow":{"horizontal":0,"vertical":10,"blur":50,"spread":0,"color":"rgba(230,178,143,0.25)"},"text_padding":{"unit":"px","top":"10","right":"20","bottom":"10","left":"20","isLinked":false},"_margin":{"unit":"px","top":"05","right":"0","bottom":"0","left":"0","isLinked":false},"align":"right","_animation":"fadeIn","align_tablet":"center","hover_color":"#ffffff","selected_icon":{"value":"fas fa-chevron-circle-down","library":"fa-solid"}},"elements":[],"isInner":false,"widgetType":"button","elType":"widget"}],"isInner":true,"elType":"column"}],"isInner":true,"elType":"section"}],"isInner":false,"elType":"column"}],"isInner":false,"elType":"section"},{"id":"71629f07","settings":{"border_border":"solid","border_width":{"unit":"px","top":"0","right":"0","bottom":"1","left":"0","isLinked":false},"border_color":"#eeeeee","margin_tablet":{"unit":"px","top":"0","right":0,"bottom":"0","left":0,"isLinked":false},"padding":{"unit":"px","top":"0","right":"0","bottom":"0","left":"0","isLinked":false},"padding_tablet":{"unit":"px","top":"0","right":"20","bottom":"0","left":"20","isLinked":false}},"elements":[{"id":"6f28be04","settings":{"_column_size":100,"margin":{"unit":"px","top":"0","right":"0","bottom":"0","left":"0","isLinked":false},"padding":{"unit":"px","top":"0","right":"0","bottom":"0","left":"0","isLinked":false}},"elements":[{"id":"39dacc13","settings":{"structure":"32","padding_tablet":{"unit":"px","top":"0","right":"0","bottom":"50","left":"0","isLinked":false}},"elements":[{"id":"d2f97f","settings":{"_column_size":50,"_inline_size":null,"_inline_size_tablet":100,"content_position":"top","border_border":"solid","border_width":{"unit":"px","top":"0","right":"1","bottom":"0","left":"0","isLinked":false},"border_color":"#eeeeee","margin":{"unit":"px","top":"0","right":"60","bottom":"0","left":"0","isLinked":false},"margin_tablet":{"unit":"px","top":"0","right":"0","bottom":"0","left":"0","isLinked":false},"padding":{"unit":"px","top":"50","right":"60","bottom":"50","left":"0","isLinked":false},"padding_tablet":{"unit":"px","top":"50","right":"0","bottom":"50","left":"0","isLinked":false}},"elements":[{"id":"7e1fd367","settings":{"editor":"<p>Trevor Runner<\/p>","typography_typography":"custom","typography_font_family":"Nothing You Could Do","typography_font_size":{"unit":"px","size":49},"text_color":"#000000","typography_font_weight":"bold","_animation":"fadeIn","align_tablet":"center","align":"left","typography_font_size_tablet":{"unit":"px","size":60},"typography_font_size_mobile":{"unit":"px","size":50},"typography_text_transform":"capitalize"},"elements":[],"isInner":false,"widgetType":"text-editor","elType":"widget"},{"id":"1ae810f7","settings":{"editor":"<p>Licensed Therapist<\/p>","typography_typography":"custom","typography_font_family":"Karla","typography_font_size":{"unit":"px","size":18},"typography_font_weight":"600","typography_text_transform":"uppercase","align_tablet":"center","_margin":{"unit":"px","top":"-42","right":"0","bottom":"0","left":"0","isLinked":false}},"elements":[],"isInner":false,"widgetType":"text-editor","elType":"widget"}],"isInner":true,"elType":"column"},{"id":"4c3a7d81","settings":{"_column_size":25,"_inline_size":null,"_inline_size_tablet":50,"content_position":"top","margin_tablet":{"unit":"px","top":"0","right":"0","bottom":"0","left":"0","isLinked":false},"padding":{"unit":"px","top":"50","right":"20","bottom":"50","left":"20","isLinked":false},"padding_tablet":{"unit":"px","top":"0","right":"0","bottom":"0","left":"0","isLinked":false},"animation":"fadeIn"},"elements":[{"id":"3af80ea2","settings":{"editor":"<p>Offices<\/p>","typography_typography":"custom","typography_font_family":"Karla","typography_font_size":{"unit":"px","size":14},"typography_font_weight":"600","typography_text_transform":"uppercase","align_tablet":"center"},"elements":[],"isInner":false,"widgetType":"text-editor","elType":"widget"},{"id":"afab15c","settings":{"editor":"<p>Collins Street West <br \/>Victoria 8007 Australia<\/p>","text_color":"#000000","typography_typography":"custom","typography_font_family":"Raleway","typography_font_size":{"unit":"px","size":16},"typography_font_weight":"600","typography_line_height":{"unit":"px","size":26},"align_tablet":"center"},"elements":[],"isInner":false,"widgetType":"text-editor","elType":"widget"},{"id":"59ef169d","settings":{"text":"Show map","icon":"fa fa-map-o","icon_align":"right","icon_indent":{"unit":"px","size":15},"typography_typography":"custom","typography_font_family":"Karla","typography_font_size":{"unit":"px","size":13},"typography_font_weight":"600","typography_text_transform":"uppercase","typography_line_height":{"unit":"px","size":15},"typography_letter_spacing":{"unit":"px","size":0.5},"button_text_color":"#000000","background_color":"rgba(0,0,0,0)","button_background_hover_color":"#e5c6b3","button_hover_border_color":"#e5c6b3","border_border":"solid","border_width":{"unit":"px","top":"2","right":"2","bottom":"2","left":"2","isLinked":true},"border_color":"#e5c6b3","border_radius":{"unit":"px","top":"0","right":"0","bottom":"0","left":"0","isLinked":true},"button_box_shadow_box_shadow":{"horizontal":0,"vertical":10,"blur":50,"spread":0,"color":"rgba(230,178,143,0.25)"},"text_padding":{"unit":"px","top":"10","right":"20","bottom":"10","left":"20","isLinked":false},"_margin":{"unit":"px","top":"05","right":"0","bottom":"0","left":"0","isLinked":false},"_animation":"fadeIn","align_tablet":"center","align":"left","hover_color":"#ffffff","selected_icon":{"value":"far fa-map","library":"fa-regular"}},"elements":[],"isInner":false,"widgetType":"button","elType":"widget"}],"isInner":true,"elType":"column"},{"id":"619a9d88","settings":{"_column_size":25,"_inline_size":null,"_inline_size_tablet":50,"margin_tablet":{"unit":"px","top":"0","right":"0","bottom":"0","left":"0","isLinked":false},"padding":{"unit":"px","top":"50","right":"20","bottom":"50","left":"20","isLinked":false},"padding_tablet":{"unit":"px","top":"0","right":"0","bottom":"0","left":"0","isLinked":false},"animation":"fadeIn"},"elements":[{"id":"4ed45e62","settings":{"editor":"<p>Contacts<\/p>","typography_typography":"custom","typography_font_family":"Karla","typography_font_size":{"unit":"px","size":14},"typography_font_weight":"600","typography_text_transform":"uppercase","align_tablet":"center"},"elements":[],"isInner":false,"widgetType":"text-editor","elType":"widget"},{"id":"78ab7b98","settings":{"editor":"+61 3 8376 6284<br> mail@gmail.com","text_color":"#000000","typography_typography":"custom","typography_font_family":"Raleway","typography_font_size":{"unit":"px","size":16},"typography_font_weight":"600","typography_line_height":{"unit":"px","size":26},"align_tablet":"center"},"elements":[],"isInner":false,"widgetType":"text-editor","elType":"widget"}],"isInner":true,"elType":"column"}],"isInner":true,"elType":"section"}],"isInner":false,"elType":"column"}],"isInner":false,"elType":"section"}],"page_settings":[],"version":"0.4","title":"TERAPEUTA","type":"section"}