{"version":"0.4","title":"Advogado 8","type":"page","content":[{"id":"49d17ac5","settings":{"background_background":"classic","background_image":{"url":"http:\/\/sitefacilitado.com.br\/membros\/wp-content\/uploads\/2020\/03\/rawpixel-592442-unsplash-copyright-min.jpg","id":"4674"},"content_width":{"unit":"px","size":"960"},"background_position":"center center","background_repeat":"no-repeat","background_size":"cover","background_overlay_background":"classic","background_overlay_color":"#131212","padding":{"unit":"em","top":"","right":"","bottom":"","left":"","isLinked":""},"padding_tablet":{"unit":"px","top":"75","right":"0","bottom":"80","left":"0","isLinked":""},"padding_mobile":{"unit":"px","top":"50","right":"15","bottom":"50","left":"15","isLinked":""},"height":"min-height","custom_height":{"unit":"vh","size":"50"}},"elements":[{"id":"72f4233b","settings":{"_column_size":"100","padding":{"unit":"px","top":"0","right":"0","bottom":"0","left":"0","isLinked":""}},"elements":[{"id":"7afe4814","settings":{"title":"Lawson & Associates","header_size":"p","align":"left","title_color":"#d28c0e","typography_typography":"custom","typography_font_family":"Amiri","typography_font_size":{"unit":"px","size":"22"},"typography_font_weight":"700","typography_font_style":"italic","typography_line_height":{"unit":"px","size":""},"typography_letter_spacing":{"unit":"px","size":"1.1"},"_margin":{"unit":"px","top":"10","right":"0","bottom":"0","left":"0","isLinked":""},"_margin_tablet":{"unit":"px","top":"10","right":"0","bottom":"0","left":"0","isLinked":""},"_animation":"fadeInLeft","_animation_delay":"200"},"elements":[],"isInner":false,"widgetType":"heading","elType":"widget"},{"id":"213f912c","settings":{"title":"About Us","title_color":"#ffffff","header_size":"h1","align":"left","typography_typography":"custom","typography_font_family":"Amiri","typography_font_size":{"unit":"px","size":"90"},"typography_font_size_tablet":{"unit":"px","size":"80"},"typography_font_size_mobile":{"unit":"px","size":"55"},"typography_font_weight":"700","typography_line_height":{"unit":"px","size":"90"},"typography_line_height_tablet":{"unit":"px","size":"80"},"typography_line_height_mobile":{"unit":"px","size":"55"},"_margin":{"unit":"px","top":"0","right":"0","bottom":"0","left":"0","isLinked":""},"_margin_tablet":{"unit":"px","top":"0","right":"0","bottom":"0","left":"0","isLinked":""},"_padding":{"unit":"px","top":"0","right":"0","bottom":"0","left":"0","isLinked":""},"_padding_tablet":{"unit":"px","top":"0","right":"0","bottom":"0","left":"0","isLinked":""},"_animation":"fadeInUp","_animation_delay":"300"},"elements":[],"isInner":false,"widgetType":"heading","elType":"widget"}],"isInner":"","elType":"column"}],"isInner":"","elType":"section"},{"id":"e735","settings":{"content_width":{"unit":"px","size":"1170"},"padding":{"unit":"px","top":"120","right":"0","bottom":"120","left":"0","isLinked":""},"padding_tablet":{"unit":"px","top":"80","right":"15","bottom":"80","left":"15","isLinked":""},"padding_mobile":{"unit":"px","top":"50","right":"15","bottom":"50","left":"15","isLinked":""}},"elements":[{"id":"1d7a7f42","settings":{"_column_size":"100","padding":{"unit":"px","top":"0","right":"0","bottom":"0","left":"0","isLinked":""}},"elements":[{"id":"678f49a9","settings":{"image":{"url":"http:\/\/sitefacilitado.com.br\/membros\/wp-content\/uploads\/2020\/03\/giammarco-boscaro-380907-unsplash-copyright-min.jpg","id":"4683"},"image_size":"custom","image_custom_dimension":{"width":"1170","height":"430"},"_animation":"fadeInUp"},"elements":[],"isInner":false,"widgetType":"image","elType":"widget"},{"id":"5e577e98","settings":{"title":"Dedication to Unparalleled Service Is Reflected in Our Mission","title_color":"#202125","typography_typography":"custom","align":"center","typography_font_family":"Amiri","typography_font_size":{"unit":"px","size":"55"},"typography_font_size_mobile":{"unit":"px","size":"29"},"typography_font_weight":"700","typography_line_height":{"unit":"px","size":"55"},"typography_line_height_mobile":{"unit":"em","size":"1.4"},"_margin":{"unit":"px","top":"30","right":"0","bottom":"0","left":"0","isLinked":""},"_margin_tablet":{"unit":"px","top":"0","right":"0","bottom":"0","left":"0","isLinked":""},"_padding":{"unit":"px","top":"0","right":"0","bottom":"0","left":"0","isLinked":""},"_padding_tablet":{"unit":"px","top":"0","right":"0","bottom":"0","left":"0","isLinked":""},"_animation":"fadeInUp","typography_font_size_tablet":{"unit":"px","size":"50"},"typography_line_height_tablet":{"unit":"px","size":"55"}},"elements":[],"isInner":false,"widgetType":"heading","elType":"widget"},{"id":"124c3675","settings":{"title":"Our Philosophy","header_size":"p","align":"center","title_color":"#d28c0e","typography_typography":"custom","typography_font_family":"Amiri","typography_font_size":{"unit":"px","size":"22"},"typography_font_weight":"700","typography_font_style":"italic","typography_line_height":{"unit":"px","size":""},"typography_letter_spacing":{"unit":"px","size":"1.1"},"_margin":{"unit":"px","top":"25","right":"0","bottom":"0","left":"0","isLinked":""},"_margin_tablet":{"unit":"px","top":"10","right":"0","bottom":"0","left":"0","isLinked":""},"_margin_mobile":{"unit":"px","top":"0","right":"0","bottom":"0","left":"0","isLinked":""},"_animation":"fadeInUp","_animation_delay":"200"},"elements":[],"isInner":false,"widgetType":"heading","elType":"widget"},{"id":"1723bfde","settings":{"editor":"<p>Lorem ipsum dolor sit amet, consectetur adipiscing elit, sed do eiusmod tempor incididunt ut labore et dolore magna aliqua. Ut enim ad minim veniam, quis nostrud exercitation ullamco laboris nisi ut aliquip ex ea commodo consequat.<\/p>","align":"center","text_color":"#48494c","typography_typography":"custom","typography_font_family":"Didact Gothic","typography_font_size":{"unit":"px","size":"20"},"typography_font_weight":"400","typography_line_height":{"unit":"px","size":"34"},"typography_letter_spacing":{"unit":"px","size":"0.4"},"_margin":{"unit":"px","top":"32","right":"0","bottom":"0","left":"0","isLinked":""},"_margin_tablet":{"unit":"px","top":"0","right":"0","bottom":"0","left":"0","isLinked":""},"_margin_mobile":{"unit":"px","top":"-5","right":"0","bottom":"0","left":"0","isLinked":""},"_padding":{"unit":"px","top":"0","right":"120","bottom":"0","left":"120","isLinked":""},"_padding_tablet":{"unit":"px","top":"0","right":"0","bottom":"0","left":"0","isLinked":""},"_animation":"fadeInUp","_animation_delay":"400","align_mobile":"center","typography_font_size_mobile":{"unit":"px","size":"18"},"typography_line_height_mobile":{"unit":"em","size":"1.4"}},"elements":[],"isInner":false,"widgetType":"text-editor","elType":"widget"},{"id":"8516be2","settings":{"text":"PRactice Areas","align":"center","typography_typography":"custom","typography_font_family":"Amiri","typography_font_size":{"unit":"px","size":"14"},"typography_font_weight":"700","typography_text_transform":"uppercase","typography_letter_spacing":{"unit":"px","size":"4.2"},"button_text_color":"#d28c0e","background_color":"rgba(255,255,255,0)","hover_color":"#ffffff","button_background_hover_color":"#d28c0e","button_hover_border_color":"#d28c0e","border_border":"solid","border_width":{"unit":"px","top":"4","right":"4","bottom":"4","left":"4","isLinked":"1"},"border_color":"#d28c0e","border_radius":{"unit":"px","top":"0","right":"0","bottom":"0","left":"0","isLinked":"1"},"text_padding":{"unit":"px","top":"26","right":"46","bottom":"22","left":"46","isLinked":""},"_margin":{"unit":"px","top":"52","right":"0","bottom":"0","left":"0","isLinked":""},"_margin_tablet":{"unit":"px","top":"30","right":"0","bottom":"0","left":"0","isLinked":""},"_margin_mobile":{"unit":"px","top":"30","right":"0","bottom":"0","left":"0","isLinked":""},"_animation":"fadeInUp","_animation_delay":"600"},"elements":[],"isInner":false,"widgetType":"button","elType":"widget"}],"isInner":"","elType":"column"}],"isInner":"","elType":"section"},{"id":"2ff70d8c","settings":{"background_background":"video","content_width":{"unit":"px","size":"720"},"background_overlay_background":"classic","background_overlay_color":"#161a28","padding":{"unit":"em","top":"4","right":"0","bottom":"4","left":"0","isLinked":""},"padding_tablet":{"unit":"px","top":"75","right":"15","bottom":"120","left":"15","isLinked":""},"padding_mobile":{"unit":"px","top":"45","right":"15","bottom":"10","left":"15","isLinked":""},"background_overlay_opacity":{"unit":"px","size":"0.92"},"background_color":"#f4f4f4","background_video_link":"https:\/\/www.youtube.com\/watch?v=FlEyvI6J8DM","background_video_fallback":{"url":"http:\/\/sitefacilitado.com.br\/membros\/wp-content\/uploads\/2020\/03\/rawpixel-633841-unsplash-copyright.jpg","id":"4671"},"margin":{"unit":"px","top":"0","right":"0","bottom":"0","left":"0","isLinked":""}},"elements":[{"id":"1f5efd4a","settings":{"_column_size":"100","background_background":"classic","space_between_widgets":"0","padding":{"unit":"px","top":"0","right":"0","bottom":"0","left":"0","isLinked":""}},"elements":[{"id":"667ebb59","settings":{"weight":{"unit":"px","size":"5"},"color":"#d28c0e","width":{"unit":"%","size":"11"},"width_mobile":{"unit":"%","size":"17"},"align":"center","gap":{"unit":"px","size":"10"},"_animation":"fadeInUp","text":"Divisor"},"elements":[],"isInner":false,"widgetType":"divider","elType":"widget"},{"id":"2d709244","settings":{"title":"Civil Litigation","align":"center","title_color":"#ffffff","typography_typography":"custom","typography_font_family":"Amiri","typography_font_size":{"unit":"px","size":"70"},"typography_font_size_mobile":{"unit":"px","size":"60"},"typography_font_weight":"700","typography_line_height_mobile":{"unit":"px","size":"60"},"_margin":{"unit":"px","top":"40","right":"0","bottom":"0","left":"0","isLinked":""},"_margin_mobile":{"unit":"px","top":"20","right":"0","bottom":"0","left":"0","isLinked":""},"_animation":"fadeInUp"},"elements":[],"isInner":false,"widgetType":"heading","elType":"widget"},{"id":"3fe5337a","settings":{"editor":"<p>A Successful Strategy, From the First Day of Consultation<\/p>","align":"center","text_color":"#ffffff","typography_typography":"custom","typography_font_family":"Amiri","typography_font_size":{"unit":"px","size":"34"},"typography_font_weight":"700","typography_line_height":{"unit":"px","size":"40"},"_margin":{"unit":"px","top":"-25","right":"0","bottom":"0","left":"0","isLinked":""},"_animation":"fadeInUp","_animation_delay":"200"},"elements":[],"isInner":false,"widgetType":"text-editor","elType":"widget"},{"id":"6541c781","settings":{"content_width":{"unit":"px","size":"100"},"margin":{"unit":"px","top":"47","right":"0","bottom":"0","left":"0","isLinked":""},"margin_tablet":{"unit":"px","top":"0","right":"0","bottom":"0","left":"0","isLinked":""},"margin_mobile":{"unit":"px","top":"-10","right":"0","bottom":"0","left":"0","isLinked":""},"animation":"fadeInUp","animation_delay":"400"},"elements":[{"id":"34a7a9f8","settings":{"_column_size":"100","padding":{"unit":"px","top":"0","right":"0","bottom":"0","left":"0","isLinked":""}},"elements":[{"id":"5b2e8d41","settings":{"youtube_url":"https:\/\/www.youtube.com\/watch?v=9uOETcuFjbE","vimeo_url":"https:\/\/vimeo.com\/235215203","dailymotion_url":"https:\/\/www.dailymotion.com\/video\/x6koazf","show_image_overlay":"yes","image_overlay":{"url":"http:\/\/sitefacilitado.com.br\/membros\/wp-content\/uploads\/2020\/03\/play-icon-1.png","id":"4672"},"show_play_icon":"","lightbox":"yes"},"elements":[],"isInner":false,"widgetType":"video","elType":"widget"}],"isInner":"1","elType":"column"}],"isInner":"1","elType":"section"}],"isInner":"","elType":"column"}],"isInner":"","elType":"section"},{"id":"419fa3db","settings":{"background_background":"classic","background_color":"#ffffff","padding":{"unit":"em","top":"6","right":"0","bottom":"4","left":"0","isLinked":""},"padding_tablet":{"unit":"px","top":"75","right":"15","bottom":"60","left":"15","isLinked":""},"padding_mobile":{"unit":"px","top":"50","right":"15","bottom":"30","left":"15","isLinked":""},"background_overlay_background":"classic","background_overlay_size":"contain","background_overlay_opacity":{"unit":"px","size":"0.04"}},"elements":[{"id":"2a1e1a81","settings":{"_column_size":"100","space_between_widgets":"0","padding":{"unit":"px","top":"0","right":"0","bottom":"0","left":"0","isLinked":""}},"elements":[{"id":"717443ec","settings":{"animation_type":"swirl","marker":"underline","before_text":"Reaching the stars for","highlighted_text":"You","rotating_text":"Reliable\nDedicated\n","alignment":"left","tag":"h2","marker_color":"#d28c0e","title_color":"#202125","title_typography_typography":"custom","title_typography_font_family":"Amiri","title_typography_font_size":{"unit":"px","size":"54"},"title_typography_font_weight":"700","title_typography_text_transform":"capitalize","words_color":"#202125","words_typography_typography":"custom","words_typography_font_family":"Amiri","words_typography_font_weight":"700","_margin":{"unit":"px","top":"-23","right":"0","bottom":"0","left":"0","isLinked":""},"_padding_tablet":{"unit":"px","top":"0","right":"0","bottom":"0","left":"0","isLinked":""},"_animation":"fadeInLeft","_animation_delay":"200"},"elements":[],"isInner":false,"widgetType":"animated-headline","elType":"widget"},{"id":"4dcd39c","settings":{"editor":"<p>Lorem ipsum dolor sit amet, consectetur adipiscing elit, sed do eiusmod tempor incididunt ut labore et dolore magna aliqua. Ut enim ad minim veniam.<\/p>","align":"left","text_color":"#48494c","typography_typography":"custom","typography_font_family":"Didact Gothic","typography_font_size":{"unit":"px","size":"20"},"typography_font_weight":"400","typography_line_height":{"unit":"px","size":"34"},"typography_letter_spacing":{"unit":"px","size":"0.4"},"_margin":{"unit":"px","top":"32","right":"0","bottom":"0","left":"0","isLinked":""},"_margin_tablet":{"unit":"px","top":"0","right":"0","bottom":"0","left":"0","isLinked":""},"_margin_mobile":{"unit":"px","top":"-5","right":"0","bottom":"0","left":"0","isLinked":""},"_padding":{"unit":"%","top":"0","right":"0","bottom":"0","left":"0","isLinked":""},"_padding_tablet":{"unit":"px","top":"0","right":"100","bottom":"0","left":"0","isLinked":""},"_padding_mobile":{"unit":"px","top":"0","right":"0","bottom":"0","left":"0","isLinked":""},"_animation":"fadeInLeft","_animation_delay":"400"},"elements":[],"isInner":false,"widgetType":"text-editor","elType":"widget"}],"isInner":"","elType":"column"}],"isInner":"","elType":"section"},{"id":"1aa6f93e","settings":{"content_width":{"unit":"px","size":"1170"},"structure":"20","background_background":"classic","padding_tablet":{"unit":"px","top":"75","right":"15","bottom":"60","left":"15","isLinked":""},"background_overlay_background":"classic","background_overlay_size":"contain","background_overlay_opacity":{"unit":"px","size":"0.04"},"padding":{"unit":"em","top":"2","right":"0","bottom":"2","left":"0","isLinked":""},"padding_mobile":{"unit":"px","top":"50","right":"15","bottom":"30","left":"15","isLinked":""}},"elements":[{"id":"14d575ef","settings":{"_column_size":"50","margin":{"unit":"px","top":"0","right":"15","bottom":"0","left":"0","isLinked":""},"padding":{"unit":"px","top":"0","right":"0","bottom":"0","left":"0","isLinked":""},"padding_tablet":{"unit":"em","top":"0","right":"0","bottom":"0","left":"0","isLinked":"1"}},"elements":[{"id":"748114ff","settings":{"structure":"20","margin":{"unit":"px","top":"0","right":"15","bottom":"0","left":"0","isLinked":""},"animation":"fadeInLeft","box_shadow_box_shadow":{"horizontal":"0","vertical":"3","blur":"46","spread":"0","color":"rgba(0,0,0,0.07)"},"box_shadow_hover_box_shadow_type":"yes","box_shadow_hover_box_shadow":{"horizontal":"0","vertical":"3","blur":"46","spread":"0","color":"rgba(0,0,0,0.12)"},"padding":{"unit":"em","top":"","right":"","bottom":"","left":"","isLinked":""},"padding_tablet":{"unit":"em","top":"","right":"","bottom":"","left":"","isLinked":""},"padding_mobile":{"unit":"em","top":"","right":"","bottom":"","left":"","isLinked":""}},"elements":[{"id":"314f18b8","settings":{"_column_size":"50","_inline_size":"26","content_position":"center","background_background":"classic","background_color":"#141318","padding":{"unit":"px","top":"0","right":"0","bottom":"0","left":"0","isLinked":""},"padding_mobile":{"unit":"px","top":"30","right":"0","bottom":"30","left":"0","isLinked":""}},"elements":[{"id":"4fa85492","settings":{"image":{"url":"http:\/\/sitefacilitado.com.br\/membros\/wp-content\/uploads\/2020\/03\/home1-icon1.png","id":"4665"}},"elements":[],"isInner":false,"widgetType":"image","elType":"widget"}],"isInner":"1","elType":"column"},{"id":"6d8c1887","settings":{"_column_size":"50","_inline_size":"74","space_between_widgets":"0","background_background":"classic","background_color":"#ffffff","margin":{"unit":"px","top":"0","right":"0","bottom":"0","left":"0","isLinked":""},"padding":{"unit":"px","top":"37","right":"0","bottom":"16","left":"40","isLinked":""},"padding_tablet":{"unit":"px","top":"10","right":"20","bottom":"010","left":"20","isLinked":""}},"elements":[{"id":"ed24915","settings":{"title":"Litigation","link":{"url":"#","is_external":"","nofollow":""},"header_size":"h5","align":"left","title_color":"#202125","typography_typography":"custom","typography_font_family":"Amiri","typography_font_size":{"unit":"px","size":"17"},"typography_font_weight":"700","typography_letter_spacing":{"unit":"px","size":"0.85"},"_margin":{"unit":"px","top":"0","right":"0","bottom":"0","left":"0","isLinked":""},"_padding":{"unit":"px","top":"0","right":"0","bottom":"0","left":"0","isLinked":""},"typography_text_transform":"uppercase","_margin_tablet":{"unit":"px","top":"20","right":"0","bottom":"0","left":"0","isLinked":""}},"elements":[],"isInner":false,"widgetType":"heading","elType":"widget"},{"id":"7a20db85","settings":{"editor":"<p>Lorem ipsum dolor sit amet, consectetur adipiscing elit, sed do eiusmod<\/p>","text_color":"#48494c","typography_typography":"custom","typography_font_family":"Didact Gothic","typography_font_size":{"unit":"px","size":"17"},"typography_font_weight":"400","typography_line_height":{"unit":"px","size":"27"},"typography_letter_spacing":{"unit":"px","size":"0.34"},"_margin":{"unit":"px","top":"0","right":"0","bottom":"0","left":"0","isLinked":""},"_margin_tablet":{"unit":"px","top":"-10","right":"0","bottom":"0","left":"0","isLinked":""},"_margin_mobile":{"unit":"px","top":"-5","right":"0","bottom":"0","left":"0","isLinked":""},"_padding":{"unit":"px","top":"0","right":"0","bottom":"0","left":"0","isLinked":""}},"elements":[],"isInner":false,"widgetType":"text-editor","elType":"widget"}],"isInner":"1","elType":"column"}],"isInner":"1","elType":"section"}],"isInner":"","elType":"column"},{"id":"105ec71a","settings":{"_column_size":"50","margin":{"unit":"px","top":"0","right":"0","bottom":"0","left":"15","isLinked":""},"margin_mobile":{"unit":"px","top":"30","right":"0","bottom":"0","left":"0","isLinked":""},"padding":{"unit":"px","top":"0","right":"0","bottom":"0","left":"0","isLinked":""}},"elements":[{"id":"78fa46e6","settings":{"structure":"20","margin":{"unit":"px","top":"0","right":"15","bottom":"0","left":"0","isLinked":""},"animation":"fadeInLeft","box_shadow_box_shadow":{"horizontal":"0","vertical":"3","blur":"46","spread":"0","color":"rgba(0,0,0,0.07)"},"box_shadow_hover_box_shadow_type":"yes","box_shadow_hover_box_shadow":{"horizontal":"0","vertical":"3","blur":"46","spread":"0","color":"rgba(0,0,0,0.12)"},"padding":{"unit":"em","top":"","right":"","bottom":"","left":"","isLinked":""},"padding_tablet":{"unit":"em","top":"","right":"","bottom":"","left":"","isLinked":""},"padding_mobile":{"unit":"em","top":"","right":"","bottom":"","left":"","isLinked":""}},"elements":[{"id":"768a61c7","settings":{"_column_size":"50","_inline_size":"26","content_position":"center","space_between_widgets":"0","background_background":"classic","background_color":"#141318","margin":{"unit":"px","top":"0","right":"0","bottom":"0","left":"0","isLinked":""},"padding":{"unit":"px","top":"0","right":"0","bottom":"0","left":"0","isLinked":""},"padding_mobile":{"unit":"px","top":"30","right":"0","bottom":"30","left":"0","isLinked":""}},"elements":[{"id":"5476592a","settings":{"image":{"url":"http:\/\/sitefacilitado.com.br\/membros\/wp-content\/uploads\/2020\/03\/home1-icon3.png","id":"4667"}},"elements":[],"isInner":false,"widgetType":"image","elType":"widget"}],"isInner":"1","elType":"column"},{"id":"1e6ac924","settings":{"_column_size":"50","_inline_size":"74","space_between_widgets":"0","background_background":"classic","background_color":"#ffffff","margin":{"unit":"px","top":"0","right":"0","bottom":"0","left":"0","isLinked":""},"padding":{"unit":"px","top":"37","right":"0","bottom":"16","left":"40","isLinked":""},"padding_tablet":{"unit":"px","top":"10","right":"20","bottom":"010","left":"20","isLinked":""}},"elements":[{"id":"26bb7d35","settings":{"title":"DIVORCE","link":{"url":"#","is_external":"","nofollow":""},"header_size":"h5","align":"left","title_color":"#202125","typography_typography":"custom","typography_font_family":"Amiri","typography_font_size":{"unit":"px","size":"17"},"typography_font_weight":"700","typography_letter_spacing":{"unit":"px","size":"0.85"},"_margin":{"unit":"px","top":"0","right":"0","bottom":"0","left":"0","isLinked":""},"_padding":{"unit":"px","top":"0","right":"0","bottom":"0","left":"0","isLinked":""},"typography_text_transform":"uppercase","_margin_tablet":{"unit":"px","top":"20","right":"0","bottom":"0","left":"0","isLinked":""}},"elements":[],"isInner":false,"widgetType":"heading","elType":"widget"},{"id":"74f2aa34","settings":{"editor":"<p>Lorem ipsum dolor sit amet, consectetur adipiscing elit, sed do eiusmod<\/p>","text_color":"#48494c","typography_typography":"custom","typography_font_family":"Didact Gothic","typography_font_size":{"unit":"px","size":"17"},"typography_font_weight":"400","typography_line_height":{"unit":"px","size":"27"},"typography_letter_spacing":{"unit":"px","size":"0.34"},"_margin":{"unit":"px","top":"0","right":"0","bottom":"0","left":"0","isLinked":""},"_margin_tablet":{"unit":"px","top":"-10","right":"0","bottom":"0","left":"0","isLinked":""},"_margin_mobile":{"unit":"px","top":"-5","right":"0","bottom":"0","left":"0","isLinked":""},"_padding":{"unit":"px","top":"0","right":"0","bottom":"0","left":"0","isLinked":""}},"elements":[],"isInner":false,"widgetType":"text-editor","elType":"widget"}],"isInner":"1","elType":"column"}],"isInner":"1","elType":"section"}],"isInner":"","elType":"column"}],"isInner":"","elType":"section"},{"id":"7026747b","settings":{"content_width":{"unit":"px","size":"1170"},"structure":"20","background_background":"classic","padding":{"unit":"em","top":"2","right":"0","bottom":"4","left":"0","isLinked":""},"padding_tablet":{"unit":"px","top":"75","right":"15","bottom":"60","left":"15","isLinked":""},"padding_mobile":{"unit":"px","top":"50","right":"15","bottom":"30","left":"15","isLinked":""},"background_overlay_background":"classic","background_overlay_size":"contain","background_overlay_opacity":{"unit":"px","size":"0.04"}},"elements":[{"id":"464a7888","settings":{"_column_size":"50","margin":{"unit":"px","top":"0","right":"15","bottom":"0","left":"0","isLinked":""},"margin_mobile":{"unit":"px","top":"0","right":"0","bottom":"0","left":"0","isLinked":""},"padding":{"unit":"px","top":"0","right":"0","bottom":"0","left":"0","isLinked":""}},"elements":[{"id":"865587e","settings":{"structure":"20","margin":{"unit":"px","top":"0","right":"15","bottom":"0","left":"0","isLinked":""},"animation":"fadeInLeft","box_shadow_box_shadow":{"horizontal":"0","vertical":"3","blur":"46","spread":"0","color":"rgba(0,0,0,0.07)"},"box_shadow_hover_box_shadow_type":"yes","box_shadow_hover_box_shadow":{"horizontal":"0","vertical":"3","blur":"46","spread":"0","color":"rgba(0,0,0,0.12)"},"padding":{"unit":"em","top":"","right":"","bottom":"","left":"","isLinked":""},"padding_tablet":{"unit":"em","top":"","right":"","bottom":"","left":"","isLinked":""},"padding_mobile":{"unit":"em","top":"","right":"","bottom":"","left":"","isLinked":""}},"elements":[{"id":"687d147e","settings":{"_column_size":"50","_inline_size":"26","content_position":"center","background_background":"classic","background_color":"#141318","margin_mobile":{"unit":"px","top":"0","right":"0","bottom":"0","left":"0","isLinked":""},"padding":{"unit":"px","top":"0","right":"0","bottom":"0","left":"0","isLinked":""},"padding_mobile":{"unit":"px","top":"30","right":"0","bottom":"30","left":"0","isLinked":""}},"elements":[{"id":"eb32405","settings":{"image":{"url":"http:\/\/sitefacilitado.com.br\/membros\/wp-content\/uploads\/2020\/03\/home1-icon6.png","id":"4670"}},"elements":[],"isInner":false,"widgetType":"image","elType":"widget"}],"isInner":"1","elType":"column"},{"id":"e861cb1","settings":{"_column_size":"50","_inline_size":"74","space_between_widgets":"0","background_background":"classic","background_color":"#ffffff","margin":{"unit":"px","top":"0","right":"0","bottom":"0","left":"0","isLinked":""},"padding":{"unit":"px","top":"37","right":"0","bottom":"16","left":"40","isLinked":""},"padding_tablet":{"unit":"px","top":"10","right":"20","bottom":"010","left":"20","isLinked":""}},"elements":[{"id":"71fb6703","settings":{"title":"Contracts","link":{"url":"#","is_external":"","nofollow":""},"header_size":"h5","align":"left","title_color":"#202125","typography_typography":"custom","typography_font_family":"Amiri","typography_font_size":{"unit":"px","size":"17"},"typography_font_weight":"700","typography_letter_spacing":{"unit":"px","size":"0.85"},"_margin":{"unit":"px","top":"0","right":"0","bottom":"0","left":"0","isLinked":""},"_padding":{"unit":"px","top":"0","right":"0","bottom":"0","left":"0","isLinked":""},"typography_text_transform":"uppercase","_margin_tablet":{"unit":"px","top":"20","right":"0","bottom":"0","left":"0","isLinked":""}},"elements":[],"isInner":false,"widgetType":"heading","elType":"widget"},{"id":"52837059","settings":{"editor":"<p>Lorem ipsum dolor sit amet, consectetur adipiscing elit, sed do eiusmod<\/p>","text_color":"#48494c","typography_typography":"custom","typography_font_family":"Didact Gothic","typography_font_size":{"unit":"px","size":"17"},"typography_font_weight":"400","typography_line_height":{"unit":"px","size":"27"},"typography_letter_spacing":{"unit":"px","size":"0.34"},"_margin":{"unit":"px","top":"0","right":"0","bottom":"0","left":"0","isLinked":""},"_margin_tablet":{"unit":"px","top":"-10","right":"0","bottom":"0","left":"0","isLinked":""},"_margin_mobile":{"unit":"px","top":"-5","right":"0","bottom":"0","left":"0","isLinked":""},"_padding":{"unit":"px","top":"0","right":"0","bottom":"0","left":"0","isLinked":""}},"elements":[],"isInner":false,"widgetType":"text-editor","elType":"widget"}],"isInner":"1","elType":"column"}],"isInner":"1","elType":"section"}],"isInner":"","elType":"column"},{"id":"7b37f5e","settings":{"_column_size":"50","margin":{"unit":"px","top":"0","right":"0","bottom":"0","left":"15","isLinked":""},"margin_mobile":{"unit":"px","top":"0","right":"0","bottom":"0","left":"0","isLinked":""},"padding":{"unit":"px","top":"0","right":"0","bottom":"0","left":"0","isLinked":""},"padding_mobile":{"unit":"px","top":"0","right":"0","bottom":"0","left":"0","isLinked":""}},"elements":[{"id":"2b2ce890","settings":{"structure":"20","margin":{"unit":"px","top":"0","right":"15","bottom":"0","left":"0","isLinked":""},"animation":"fadeInLeft","box_shadow_box_shadow":{"horizontal":"0","vertical":"3","blur":"46","spread":"0","color":"rgba(0,0,0,0.07)"},"box_shadow_hover_box_shadow_type":"yes","box_shadow_hover_box_shadow":{"horizontal":"0","vertical":"3","blur":"46","spread":"0","color":"rgba(0,0,0,0.12)"},"padding":{"unit":"em","top":"","right":"","bottom":"","left":"","isLinked":""},"padding_tablet":{"unit":"em","top":"","right":"","bottom":"","left":"","isLinked":""},"padding_mobile":{"unit":"em","top":"","right":"","bottom":"","left":"","isLinked":""}},"elements":[{"id":"3935ef86","settings":{"_column_size":"50","_inline_size":"26","content_position":"center","background_background":"classic","background_color":"#141318","margin_mobile":{"unit":"px","top":"0","right":"0","bottom":"0","left":"0","isLinked":""},"padding":{"unit":"px","top":"0","right":"0","bottom":"0","left":"0","isLinked":""},"padding_mobile":{"unit":"px","top":"30","right":"0","bottom":"30","left":"0","isLinked":""}},"elements":[{"id":"a3bc510","settings":{"image":{"url":"http:\/\/sitefacilitado.com.br\/membros\/wp-content\/uploads\/2020\/03\/home1-icon5.png","id":"4669"}},"elements":[],"isInner":false,"widgetType":"image","elType":"widget"}],"isInner":"1","elType":"column"},{"id":"4c0cc4ce","settings":{"_column_size":"50","_inline_size":"74","space_between_widgets":"0","background_background":"classic","background_color":"#ffffff","margin":{"unit":"px","top":"0","right":"0","bottom":"0","left":"0","isLinked":""},"padding":{"unit":"px","top":"37","right":"0","bottom":"16","left":"40","isLinked":""},"padding_tablet":{"unit":"px","top":"10","right":"20","bottom":"010","left":"20","isLinked":""}},"elements":[{"id":"6700beb8","settings":{"title":"Patents","link":{"url":"#","is_external":"","nofollow":""},"header_size":"h5","align":"left","title_color":"#202125","typography_typography":"custom","typography_font_family":"Amiri","typography_font_size":{"unit":"px","size":"17"},"typography_font_weight":"700","typography_letter_spacing":{"unit":"px","size":"0.85"},"_margin":{"unit":"px","top":"0","right":"0","bottom":"0","left":"0","isLinked":""},"_padding":{"unit":"px","top":"0","right":"0","bottom":"0","left":"0","isLinked":""},"typography_text_transform":"uppercase","_margin_tablet":{"unit":"px","top":"20","right":"0","bottom":"0","left":"0","isLinked":""}},"elements":[],"isInner":false,"widgetType":"heading","elType":"widget"},{"id":"64d01c78","settings":{"editor":"<p>Lorem ipsum dolor sit amet, consectetur adipiscing elit, sed do eiusmod<\/p>","text_color":"#48494c","typography_typography":"custom","typography_font_family":"Didact Gothic","typography_font_size":{"unit":"px","size":"17"},"typography_font_weight":"400","typography_line_height":{"unit":"px","size":"27"},"typography_letter_spacing":{"unit":"px","size":"0.34"},"_margin":{"unit":"px","top":"0","right":"0","bottom":"0","left":"0","isLinked":""},"_margin_tablet":{"unit":"px","top":"-10","right":"0","bottom":"0","left":"0","isLinked":""},"_margin_mobile":{"unit":"px","top":"-5","right":"0","bottom":"0","left":"0","isLinked":""},"_padding":{"unit":"px","top":"0","right":"0","bottom":"0","left":"0","isLinked":""}},"elements":[],"isInner":false,"widgetType":"text-editor","elType":"widget"}],"isInner":"1","elType":"column"}],"isInner":"1","elType":"section"}],"isInner":"","elType":"column"}],"isInner":"","elType":"section"},{"id":"10d29ba2","settings":{"content_width":{"unit":"px","size":"1170"},"padding":{"unit":"em","top":"6","right":"0","bottom":"4","left":"0","isLinked":""},"padding_tablet":{"unit":"px","top":"75","right":"15","bottom":"60","left":"15","isLinked":""},"padding_mobile":{"unit":"px","top":"50","right":"15","bottom":"30","left":"15","isLinked":""},"background_background":"classic","background_color":"#f4f4f4","background_overlay_background":"classic","background_overlay_image":{"url":"http:\/\/sitefacilitado.com.br\/membros\/wp-content\/uploads\/2020\/03\/4-16-scaled.jpg","id":"4673"},"background_overlay_size":"contain","background_overlay_opacity":{"unit":"px","size":"0.04"}},"elements":[{"id":"3e5f6af6","settings":{"_column_size":"100","space_between_widgets":"0","padding":{"unit":"px","top":"0","right":"0","bottom":"0","left":"0","isLinked":""}},"elements":[{"id":"1ddf1436","settings":{"title":"Testimonials","align":"center","title_color":"#202125","typography_typography":"custom","typography_font_family":"Amiri","typography_font_size":{"unit":"px","size":"60"},"typography_font_size_mobile":{"unit":"px","size":"55"},"typography_font_weight":"700","typography_line_height_mobile":{"unit":"px","size":"60"},"_margin":{"unit":"px","top":"0","right":"0","bottom":"0","left":"0","isLinked":""},"_margin_tablet":{"unit":"px","top":"0","right":"0","bottom":"0","left":"0","isLinked":""},"_animation":"fadeInUp"},"elements":[],"isInner":false,"widgetType":"heading","elType":"widget"},{"id":"77387a92","settings":{"image":{"url":"http:\/\/sitefacilitado.com.br\/membros\/wp-content\/uploads\/2020\/03\/two-quotes.png","id":"4698"},"_margin":{"unit":"px","top":"48","right":"0","bottom":"0","left":"0","isLinked":""},"_margin_tablet":{"unit":"px","top":"20","right":"0","bottom":"0","left":"0","isLinked":""},"_animation":"fadeInUp","_animation_delay":"400"},"elements":[],"isInner":false,"widgetType":"image","elType":"widget"},{"id":"798f9789","settings":{"editor":"<p>We Want to Express Our Deep Gratitude to You in the Service That You Provided for Us in Dealing With the Most Difficult Situation<\/p>","align":"center","align_tablet":"center","text_color":"#202125","typography_typography":"custom","typography_font_family":"Amiri","typography_font_size":{"unit":"px","size":"34"},"typography_font_size_tablet":{"unit":"px","size":"30"},"typography_font_size_mobile":{"unit":"px","size":"26"},"typography_font_weight":"400","typography_font_style":"italic","typography_line_height":{"unit":"px","size":"50"},"typography_line_height_tablet":{"unit":"px","size":"40"},"typography_line_height_mobile":{"unit":"px","size":"36"},"_animation":"fadeInUp","_margin":{"unit":"px","top":"-8","right":"0","bottom":"0","left":"0","isLinked":""},"_animation_delay":"400"},"elements":[],"isInner":false,"widgetType":"text-editor","elType":"widget"},{"id":"6c21c4da","settings":{"title":"Roosevelt Coulter","header_size":"h5","align":"center","title_color":"#202125","typography_typography":"custom","typography_font_family":"Amiri","typography_font_size":{"unit":"px","size":"22"},"typography_font_weight":"700","_margin_tablet":{"unit":"px","top":"-10","right":"0","bottom":"0","left":"0","isLinked":""},"_animation":"fadeInUp","_animation_delay":"600"},"elements":[],"isInner":false,"widgetType":"heading","elType":"widget"},{"id":"766b63ec","settings":{"editor":"<p>Criminal Lawyer<\/p>","text_color":"#7d7f81","typography_typography":"custom","typography_font_family":"Didact Gothic","typography_font_size":{"unit":"px","size":"15"},"typography_letter_spacing":{"unit":"px","size":"0.3"},"_margin":{"unit":"px","top":"-10","right":"0","bottom":"0","left":"0","isLinked":""},"_margin_tablet":{"unit":"px","top":"-10","right":"0","bottom":"0","left":"0","isLinked":""},"align":"center","_animation":"fadeInUp","_animation_delay":"600"},"elements":[],"isInner":false,"widgetType":"text-editor","elType":"widget"}],"isInner":"","elType":"column"}],"isInner":"","elType":"section"},{"id":"ce05810","settings":{"background_background":"classic","background_overlay_background":"classic","background_overlay_color":"#161a28","background_overlay_opacity":{"unit":"px","size":"0.92"},"padding":{"unit":"em","top":"4","right":"0","bottom":"4","left":"0","isLinked":""},"padding_tablet":{"unit":"px","top":"75","right":"15","bottom":"120","left":"15","isLinked":""},"padding_mobile":{"unit":"px","top":"45","right":"15","bottom":"10","left":"15","isLinked":""},"background_color":"#f4f4f4","background_video_link":"https:\/\/www.youtube.com\/watch?v=FlEyvI6J8DM","margin":{"unit":"px","top":"0","right":"0","bottom":"0","left":"0","isLinked":""},"background_image":{"url":"http:\/\/sitefacilitado.com.br\/membros\/wp-content\/uploads\/2020\/03\/about2-footer.jpg","id":"4699"},"background_size":"cover"},"elements":[{"id":"7e742f87","settings":{"_column_size":"100","padding":{"unit":"%","top":"0","right":"25","bottom":"0","left":"0","isLinked":""},"padding_tablet":{"unit":"em","top":"1","right":"0","bottom":"0","left":"0","isLinked":""},"padding_mobile":{"unit":"px","top":"0","right":"0","bottom":"0","left":"0","isLinked":""}},"elements":[{"id":"2f790a86","settings":{"title":"Lawson &amp; Associates","header_size":"p","align":"left","title_color":"#d28c0e","typography_typography":"custom","typography_font_family":"Amiri","typography_font_size":{"unit":"px","size":"24"},"typography_font_weight":"700","typography_font_style":"italic","typography_line_height":{"unit":"px","size":""},"_margin":{"unit":"px","top":"15","right":"0","bottom":"0","left":"0","isLinked":""},"_margin_tablet":{"unit":"px","top":"10","right":"0","bottom":"0","left":"0","isLinked":""},"_animation":"fadeInLeft","align_tablet":"center"},"elements":[],"isInner":false,"widgetType":"heading","elType":"widget"},{"id":"153fdd8a","settings":{"headline_style":"rotate","animation_type":"swirl","before_text":"Looking for a","highlighted_text":"Amazing","rotating_text":"Reliable\nDedicated\n","after_text":"Partner?","alignment":"left","tag":"h2","title_color":"#ffffff","title_typography_typography":"custom","title_typography_font_family":"Amiri","title_typography_font_weight":"700","title_typography_text_transform":"uppercase","words_color":"#d28c0e","words_typography_typography":"custom","words_typography_font_family":"Amiri","words_typography_font_weight":"700","words_typography_text_transform":"uppercase","_margin":{"unit":"px","top":"-23","right":"0","bottom":"0","left":"0","isLinked":""},"_padding_tablet":{"unit":"px","top":"0","right":"0","bottom":"0","left":"0","isLinked":""},"_animation":"fadeInLeft","_animation_delay":"200"},"elements":[],"isInner":false,"widgetType":"animated-headline","elType":"widget"},{"id":"3402f4c8","settings":{"editor":"<p>Lorem ipsum dolor sit amet, consectetur adipisicing elit, sed do eiusmod tempor incididunt ut labore et dolore magna aliqua. Ut enim ad minim veniam, quis nostrud exercitation ullamco laboris nisi ut aliquip ex ea commodo consequat. Duis aute irure dolor in reprehenderit in voluptate velit.<\/p>","text_color":"#ffffff","typography_typography":"custom","typography_font_family":"Didact Gothic","typography_font_size":{"unit":"px","size":"17"},"typography_font_weight":"400","typography_line_height":{"unit":"px","size":"27"},"typography_letter_spacing":{"unit":"px","size":"0.34"},"_margin":{"unit":"px","top":"35","right":"0","bottom":"0","left":"0","isLinked":""},"_margin_tablet":{"unit":"px","top":"0","right":"0","bottom":"0","left":"0","isLinked":""},"_margin_mobile":{"unit":"px","top":"-10","right":"0","bottom":"0","left":"0","isLinked":""},"_padding":{"unit":"px","top":"0","right":"0","bottom":"0","left":"0","isLinked":""},"_padding_tablet":{"unit":"px","top":"0","right":"0","bottom":"0","left":"0","isLinked":""},"_padding_mobile":{"unit":"px","top":"0","right":"0","bottom":"0","left":"0","isLinked":""},"_animation":"fadeInLeft","_animation_delay":"400","align_tablet":"center","typography_font_size_mobile":{"unit":"px","size":"14"},"typography_line_height_mobile":{"unit":"em","size":"1.4"}},"elements":[],"isInner":false,"widgetType":"text-editor","elType":"widget"},{"id":"7a73a81b","settings":{"text":"Contact Us","align":"left","typography_typography":"custom","typography_font_family":"Amiri","typography_font_size":{"unit":"px","size":"16"},"typography_font_weight":"700","typography_text_transform":"uppercase","typography_letter_spacing":{"unit":"px","size":"4.2"},"background_color":"#d28c0e","hover_color":"#d28c0e","button_background_hover_color":"rgba(255,255,255,0)","border_radius":{"unit":"px","top":"0","right":"0","bottom":"0","left":"0","isLinked":"1"},"text_padding":{"unit":"px","top":"30","right":"48","bottom":"26","left":"48","isLinked":""},"_margin":{"unit":"px","top":"42","right":"7","bottom":"0","left":"0","isLinked":""},"_margin_tablet":{"unit":"px","top":"20","right":"7","bottom":"0","left":"0","isLinked":""},"_margin_mobile":{"unit":"px","top":"0","right":"7","bottom":"0","left":"0","isLinked":""},"align_tablet":"center","typography_font_size_mobile":{"unit":"px","size":"14"},"border_border":"solid","border_width":{"unit":"px","top":"3","right":"3","bottom":"3","left":"3","isLinked":"1"},"border_color":"#d28c0e"},"elements":[],"isInner":false,"widgetType":"button","elType":"widget"}],"isInner":"","elType":"column"}],"isInner":"","elType":"section"}]}