{"version":"0.4","title":"Advogado 12","type":"page","content":[{"id":"43250db0","settings":{"stretch_section":"section-stretched","layout":"full_width","background_background":"classic","height":"min-height","custom_height":{"unit":"vh","size":"30"},"column_position":"stretch","background_image":{"url":"http:\/\/sitefacilitado.com.br\/membros\/wp-content\/uploads\/2020\/03\/giammarco-boscaro-380907-unsplash-copyright-min.jpg","id":"4683"},"background_position":"center center","background_size":"cover","background_overlay_background":"classic","background_overlay_color":"#10152d","background_overlay_opacity":{"unit":"px","size":"0.18"}},"elements":[{"id":"366c970e","settings":{"_column_size":"100","background_background":"classic","padding":{"unit":"px","top":"0","right":"0","bottom":"0","left":"0","isLinked":""}},"elements":[{"id":"65be9339","settings":{"space":{"unit":"px","size":"10"}},"elements":[],"isInner":false,"widgetType":"spacer","elType":"widget"}],"isInner":"","elType":"column"}],"isInner":"","elType":"section"},{"id":"14399aab","settings":{"content_width":{"unit":"px","size":"1170"},"background_background":"classic","background_color":"#141318","padding":{"unit":"px","top":"66","right":"0","bottom":"36","left":"0","isLinked":""},"padding_tablet":{"unit":"px","top":"50","right":"15","bottom":"50","left":"15","isLinked":""},"padding_mobile":{"unit":"px","top":"40","right":"15","bottom":"50","left":"15","isLinked":""}},"elements":[{"id":"4a2eba97","settings":{"_column_size":"100","padding":{"unit":"px","top":"0","right":"0","bottom":"0","left":"0","isLinked":""},"content_position":"center","space_between_widgets":"0","_inline_size_tablet":"60"},"elements":[{"id":"79306a37","settings":{"title":"F.A.Q","header_size":"h1","align":"left","title_color":"#ffffff","typography_typography":"custom","typography_font_family":"Amiri","typography_font_size":{"unit":"px","size":"90"},"typography_font_size_tablet":{"unit":"px","size":"80"},"typography_font_size_mobile":{"unit":"px","size":"46"},"typography_font_weight":"700","typography_line_height":{"unit":"em","size":"1"},"typography_line_height_tablet":{"unit":"px","size":"80"},"typography_line_height_mobile":{"unit":"px","size":"52"},"_margin":{"unit":"px","top":"0","right":"0","bottom":"0","left":"0","isLinked":""},"_margin_tablet":{"unit":"px","top":"0","right":"0","bottom":"0","left":"0","isLinked":""},"_padding":{"unit":"px","top":"0","right":"0","bottom":"0","left":"0","isLinked":""},"_padding_tablet":{"unit":"px","top":"0","right":"0","bottom":"0","left":"0","isLinked":""},"_animation":"fadeInLeft","_animation_delay":"300","align_mobile":"center"},"elements":[],"isInner":false,"widgetType":"heading","elType":"widget"},{"id":"522352bf","settings":{"title":"Lawson & Associates","header_size":"p","align":"left","title_color":"#d28c0e","typography_typography":"custom","typography_font_family":"Amiri","typography_font_size":{"unit":"px","size":"22"},"typography_font_weight":"700","typography_font_style":"italic","typography_line_height":{"unit":"px","size":""},"typography_letter_spacing":{"unit":"px","size":"1.1"},"_margin":{"unit":"px","top":"0","right":"0","bottom":"0","left":"0","isLinked":""},"_margin_tablet":{"unit":"px","top":"10","right":"0","bottom":"0","left":"0","isLinked":""},"_animation":"fadeInLeft","_animation_delay":"200","align_mobile":"center"},"elements":[],"isInner":false,"widgetType":"heading","elType":"widget"}],"isInner":"","elType":"column"}],"isInner":"","elType":"section"},{"id":"b869703","settings":{"background_background":"classic","content_width":{"unit":"px","size":"1170"},"background_overlay_background":"classic","background_overlay_opacity":{"unit":"px","size":"0.04"},"padding":{"unit":"em","top":"6","right":"0","bottom":"6","left":"0","isLinked":""},"padding_tablet":{"unit":"em","top":"2","right":"2","bottom":"2","left":"2","isLinked":"1"},"padding_mobile":{"unit":"px","top":"50","right":"15","bottom":"30","left":"15","isLinked":""},"background_color":"#f4f4f4","background_overlay_image":{"url":"http:\/\/sitefacilitado.com.br\/membros\/wp-content\/uploads\/2020\/03\/4-16-scaled.jpg","id":"4673"},"background_overlay_repeat":"repeat","background_overlay_size":"contain"},"elements":[{"id":"514be837","settings":{"_column_size":"100","space_between_widgets":"0","padding":{"unit":"px","top":"0","right":"0","bottom":"0","left":"0","isLinked":""}},"elements":[{"id":"4db7438","settings":{"title":"01.","header_size":"p","align":"left","title_color":"#d28c0e","typography_typography":"custom","typography_font_family":"Amiri","typography_font_size":{"unit":"px","size":"90"},"typography_font_size_tablet":{"unit":"px","size":"70"},"typography_font_weight":"700","_margin":{"unit":"px","top":"0","right":"0","bottom":"0","left":"0","isLinked":""},"_animation":"fadeInLeft","_animation_delay":"1000"},"elements":[],"isInner":false,"widgetType":"heading","elType":"widget"},{"id":"75437971","settings":{"title":"What Types of Cases Does Your Firm Work On?","header_size":"h4","align":"left","title_color":"#202125","typography_typography":"custom","typography_font_family":"Amiri","typography_font_size":{"unit":"px","size":"34"},"typography_font_weight":"700","typography_line_height":{"unit":"px","size":"30"},"typography_line_height_mobile":{"unit":"px","size":"36"},"_margin":{"unit":"px","top":"15","right":"0","bottom":"0","left":"0","isLinked":""},"_margin_tablet":{"unit":"px","top":"10","right":"0","bottom":"0","left":"0","isLinked":""},"_margin_mobile":{"unit":"px","top":"20","right":"0","bottom":"0","left":"0","isLinked":""}},"elements":[],"isInner":false,"widgetType":"heading","elType":"widget"},{"id":"293aab9e","settings":{"editor":"<p>Lorem ipsum dolor sit amet, consectetur adipisicing elit, sed do eiusmod tempor incididunt ut labore et dolore magna aliqua. Ut enim ad minim veniam, quis nostrud exercitation ullamco.<\/p><p>Laboris nisi ut aliquip ex ea commodo consequat. Duis aute irure dolor in reprehenderit in voluptate velit esse cillum dolore eu fugiat nulla pariatur. Excepteur sint occaecat cupidatat non proident, sunt in culpa qui officia deserunt mollit anim id est laborum. Sed ut perspiciatis unde omnis iste natus error.<\/p>","text_color":"#48494c","typography_typography":"custom","typography_font_family":"Didact Gothic","typography_font_size":{"unit":"px","size":"20"},"typography_font_weight":"400","typography_line_height":{"unit":"px","size":"27"},"typography_letter_spacing":{"unit":"px","size":"0.34"},"_margin":{"unit":"px","top":"24","right":"0","bottom":"0","left":"0","isLinked":""},"_margin_tablet":{"unit":"px","top":"0","right":"0","bottom":"0","left":"0","isLinked":""},"_margin_mobile":{"unit":"px","top":"-5","right":"0","bottom":"0","left":"0","isLinked":""},"_padding":{"unit":"px","top":"0","right":"0","bottom":"0","left":"0","isLinked":""}},"elements":[],"isInner":false,"widgetType":"text-editor","elType":"widget"}],"isInner":"","elType":"column"}],"isInner":"","elType":"section"},{"id":"2bd0558b","settings":{"structure":"20","content_width":{"unit":"px","size":"1170"},"padding":{"unit":"px","top":"115","right":"0","bottom":"100","left":"0","isLinked":""},"padding_tablet":{"unit":"px","top":"70","right":"15","bottom":"60","left":"15","isLinked":""},"padding_mobile":{"unit":"px","top":"45","right":"15","bottom":"30","left":"15","isLinked":""}},"elements":[{"id":"5198143","settings":{"_column_size":"50","space_between_widgets":"0","margin":{"unit":"px","top":"0","right":"15","bottom":"0","left":"0","isLinked":""},"margin_mobile":{"unit":"px","top":"0","right":"0","bottom":"0","left":"0","isLinked":""},"padding":{"unit":"px","top":"0","right":"0","bottom":"0","left":"0","isLinked":""},"animation":"fadeInLeft"},"elements":[{"id":"14c6242","settings":{"image":{"url":"http:\/\/sitefacilitado.com.br\/membros\/wp-content\/uploads\/2020\/03\/home1-line2.png","id":"4725"},"align":"left","_margin":{"unit":"px","top":"0","right":"0","bottom":"0","left":"0","isLinked":"1"}},"elements":[],"isInner":false,"widgetType":"image","elType":"widget"},{"id":"5fe13cf1","settings":{"title":"02.","header_size":"p","align":"left","title_color":"#202125","typography_typography":"custom","typography_font_family":"Amiri","typography_font_size":{"unit":"px","size":"55"},"typography_font_weight":"700","typography_line_height":{"unit":"px","size":"55"},"typography_line_height_mobile":{"unit":"px","size":"44"},"_margin":{"unit":"px","top":"24","right":"0","bottom":"0","left":"0","isLinked":""},"_margin_tablet":{"unit":"px","top":"20","right":"0","bottom":"0","left":"0","isLinked":""},"_margin_mobile":{"unit":"px","top":"20","right":"0","bottom":"0","left":"0","isLinked":""}},"elements":[],"isInner":false,"widgetType":"heading","elType":"widget"},{"id":"1c8a2946","settings":{"title":"How much is my claim worth?","header_size":"h3","align":"left","title_color":"#202125","typography_typography":"custom","typography_font_family":"Amiri","typography_font_size":{"unit":"px","size":"30"},"typography_font_weight":"700","typography_line_height":{"unit":"px","size":"30"},"typography_line_height_mobile":{"unit":"px","size":"36"},"_margin":{"unit":"px","top":"15","right":"0","bottom":"0","left":"0","isLinked":""},"_margin_tablet":{"unit":"px","top":"10","right":"0","bottom":"0","left":"0","isLinked":""},"_margin_mobile":{"unit":"px","top":"20","right":"0","bottom":"0","left":"0","isLinked":""}},"elements":[],"isInner":false,"widgetType":"heading","elType":"widget"},{"id":"47c4ca4c","settings":{"editor":"<p>Lorem ipsum dolor sit amet, consectetur adipiscing elit, sed do eiusmod tempor incididunt ut labore et dolore magna aliqua. Ut enim ad minim veniam, quis nostrud exercitation ullamco laboris.<\/p>","text_color":"#48494c","typography_typography":"custom","typography_font_family":"Didact Gothic","typography_font_size":{"unit":"px","size":"17"},"typography_font_weight":"400","typography_line_height":{"unit":"px","size":"27"},"typography_letter_spacing":{"unit":"px","size":"0.34"},"_margin":{"unit":"px","top":"24","right":"0","bottom":"0","left":"0","isLinked":""},"_margin_tablet":{"unit":"px","top":"0","right":"0","bottom":"0","left":"0","isLinked":""},"_margin_mobile":{"unit":"px","top":"-5","right":"0","bottom":"0","left":"0","isLinked":""},"_padding":{"unit":"px","top":"0","right":"0","bottom":"0","left":"0","isLinked":""}},"elements":[],"isInner":false,"widgetType":"text-editor","elType":"widget"},{"id":"7c847cd3","settings":{"image":{"url":"http:\/\/sitefacilitado.com.br\/membros\/wp-content\/uploads\/2020\/03\/home1-line2.png","id":"4725"},"align":"left","_margin":{"unit":"px","top":"65","right":"0","bottom":"0","left":"0","isLinked":""},"_margin_tablet":{"unit":"px","top":"45","right":"0","bottom":"0","left":"0","isLinked":""},"_margin_mobile":{"unit":"px","top":"30","right":"0","bottom":"0","left":"0","isLinked":""}},"elements":[],"isInner":false,"widgetType":"image","elType":"widget"},{"id":"6e4ab3b3","settings":{"title":"03.","header_size":"p","align":"left","title_color":"#202125","typography_typography":"custom","typography_font_family":"Amiri","typography_font_size":{"unit":"px","size":"55"},"typography_font_weight":"700","typography_line_height":{"unit":"px","size":"55"},"typography_line_height_mobile":{"unit":"px","size":"44"},"_margin":{"unit":"px","top":"28","right":"0","bottom":"0","left":"0","isLinked":""},"_margin_tablet":{"unit":"px","top":"20","right":"0","bottom":"0","left":"0","isLinked":""},"_margin_mobile":{"unit":"px","top":"20","right":"0","bottom":"0","left":"0","isLinked":""}},"elements":[],"isInner":false,"widgetType":"heading","elType":"widget"},{"id":"fe67f4e","settings":{"title":"Do I have to go to trial?","header_size":"h3","align":"left","title_color":"#202125","typography_typography":"custom","typography_font_family":"Amiri","typography_font_size":{"unit":"px","size":"30"},"typography_font_weight":"700","typography_line_height":{"unit":"px","size":"30"},"typography_line_height_mobile":{"unit":"px","size":"36"},"_margin":{"unit":"px","top":"12","right":"0","bottom":"0","left":"0","isLinked":""},"_margin_tablet":{"unit":"px","top":"10","right":"0","bottom":"0","left":"0","isLinked":""},"_margin_mobile":{"unit":"px","top":"20","right":"0","bottom":"0","left":"0","isLinked":""}},"elements":[],"isInner":false,"widgetType":"heading","elType":"widget"},{"id":"79a967b5","settings":{"editor":"<p>Lorem ipsum dolor sit amet, consectetur adipiscing elit, sed do eiusmod tempor incididunt ut labore et dolore magna aliqua. Ut enim ad minim veniam, quis nostrud exercitation ullamco laboris.<\/p>","text_color":"#48494c","typography_typography":"custom","typography_font_family":"Didact Gothic","typography_font_size":{"unit":"px","size":"17"},"typography_font_weight":"400","typography_line_height":{"unit":"px","size":"27"},"typography_letter_spacing":{"unit":"px","size":"0.34"},"_margin":{"unit":"px","top":"24","right":"0","bottom":"0","left":"0","isLinked":""},"_margin_tablet":{"unit":"px","top":"0","right":"0","bottom":"0","left":"0","isLinked":""},"_margin_mobile":{"unit":"px","top":"-5","right":"0","bottom":"0","left":"0","isLinked":""},"_padding":{"unit":"px","top":"0","right":"0","bottom":"0","left":"0","isLinked":""}},"elements":[],"isInner":false,"widgetType":"text-editor","elType":"widget"}],"isInner":"","elType":"column"},{"id":"c0fddce","settings":{"_column_size":"50","space_between_widgets":"0","margin":{"unit":"px","top":"0","right":"0","bottom":"0","left":"15","isLinked":""},"margin_mobile":{"unit":"px","top":"10","right":"0","bottom":"0","left":"0","isLinked":""},"padding":{"unit":"px","top":"0","right":"0","bottom":"0","left":"0","isLinked":""},"animation":"fadeInRight"},"elements":[{"id":"4300c9e9","settings":{"image":{"url":"http:\/\/sitefacilitado.com.br\/membros\/wp-content\/uploads\/2020\/03\/home1-line2.png","id":"4725"},"align":"left","_margin":{"unit":"px","top":"0","right":"0","bottom":"0","left":"0","isLinked":"1"}},"elements":[],"isInner":false,"widgetType":"image","elType":"widget"},{"id":"60c3669f","settings":{"title":"04.","header_size":"p","align":"left","title_color":"#202125","typography_typography":"custom","typography_font_family":"Amiri","typography_font_size":{"unit":"px","size":"55"},"typography_font_weight":"700","typography_line_height":{"unit":"px","size":"55"},"typography_line_height_mobile":{"unit":"px","size":"44"},"_margin":{"unit":"px","top":"24","right":"0","bottom":"0","left":"0","isLinked":""},"_margin_tablet":{"unit":"px","top":"20","right":"0","bottom":"0","left":"0","isLinked":""},"_margin_mobile":{"unit":"px","top":"20","right":"0","bottom":"0","left":"0","isLinked":""}},"elements":[],"isInner":false,"widgetType":"heading","elType":"widget"},{"id":"13654ca8","settings":{"title":"How much does an attorney cost?","header_size":"h3","align":"left","title_color":"#202125","typography_typography":"custom","typography_font_family":"Amiri","typography_font_size":{"unit":"px","size":"30"},"typography_font_weight":"700","typography_line_height":{"unit":"px","size":"30"},"typography_line_height_mobile":{"unit":"px","size":"36"},"_margin":{"unit":"px","top":"15","right":"0","bottom":"0","left":"0","isLinked":""},"_margin_tablet":{"unit":"px","top":"10","right":"0","bottom":"0","left":"0","isLinked":""},"_margin_mobile":{"unit":"px","top":"20","right":"0","bottom":"0","left":"0","isLinked":""}},"elements":[],"isInner":false,"widgetType":"heading","elType":"widget"},{"id":"51e0951f","settings":{"editor":"<p>Lorem ipsum dolor sit amet, consectetur adipisicing elit, sed do eiusmod tempor incididunt ut labore et dolore magna aliqua. Ut enim ad minim veniam, quis nostrud exercitation ullamco laboris nisi ut aliquip ex ea commodo consequat. Duis aute irure dolor in reprehenderit in voluptate velit esse cillum dolore eu fugiat nulla pariatur.<\/p>","text_color":"#48494c","typography_typography":"custom","typography_font_family":"Didact Gothic","typography_font_size":{"unit":"px","size":"17"},"typography_font_weight":"400","typography_line_height":{"unit":"px","size":"27"},"typography_letter_spacing":{"unit":"px","size":"0.34"},"_margin":{"unit":"px","top":"24","right":"0","bottom":"0","left":"0","isLinked":""},"_margin_tablet":{"unit":"px","top":"0","right":"0","bottom":"0","left":"0","isLinked":""},"_margin_mobile":{"unit":"px","top":"-5","right":"0","bottom":"0","left":"0","isLinked":""},"_padding":{"unit":"px","top":"0","right":"0","bottom":"0","left":"0","isLinked":""}},"elements":[],"isInner":false,"widgetType":"text-editor","elType":"widget"},{"id":"34afcacd","settings":{"image":{"url":"http:\/\/sitefacilitado.com.br\/membros\/wp-content\/uploads\/2020\/03\/home1-line2.png","id":"4725"},"align":"left","_margin":{"unit":"px","top":"65","right":"0","bottom":"0","left":"0","isLinked":""},"_margin_tablet":{"unit":"px","top":"45","right":"0","bottom":"0","left":"0","isLinked":""},"_margin_mobile":{"unit":"px","top":"30","right":"0","bottom":"0","left":"0","isLinked":""}},"elements":[],"isInner":false,"widgetType":"image","elType":"widget"},{"id":"71f0aa4c","settings":{"title":"05.","header_size":"p","align":"left","title_color":"#202125","typography_typography":"custom","typography_font_family":"Amiri","typography_font_size":{"unit":"px","size":"55"},"typography_font_weight":"700","typography_line_height":{"unit":"px","size":"55"},"typography_line_height_mobile":{"unit":"px","size":"44"},"_margin":{"unit":"px","top":"28","right":"0","bottom":"0","left":"0","isLinked":""},"_margin_tablet":{"unit":"px","top":"20","right":"0","bottom":"0","left":"0","isLinked":""},"_margin_mobile":{"unit":"px","top":"20","right":"0","bottom":"0","left":"0","isLinked":""}},"elements":[],"isInner":false,"widgetType":"heading","elType":"widget"},{"id":"5b7a8726","settings":{"title":"Do you handle Wills?","header_size":"h3","align":"left","title_color":"#202125","typography_typography":"custom","typography_font_family":"Amiri","typography_font_size":{"unit":"px","size":"30"},"typography_font_weight":"700","typography_line_height":{"unit":"px","size":"30"},"typography_line_height_mobile":{"unit":"px","size":"36"},"_margin":{"unit":"px","top":"12","right":"0","bottom":"0","left":"0","isLinked":""},"_margin_tablet":{"unit":"px","top":"10","right":"0","bottom":"0","left":"0","isLinked":""},"_margin_mobile":{"unit":"px","top":"20","right":"0","bottom":"0","left":"0","isLinked":""}},"elements":[],"isInner":false,"widgetType":"heading","elType":"widget"},{"id":"1f148d5c","settings":{"editor":"<p>Lorem ipsum dolor sit amet, consectetur adipisicing elit, sed do eiusmod tempor incididunt ut labore et dolore magna aliqua.<\/p>","text_color":"#48494c","typography_typography":"custom","typography_font_family":"Didact Gothic","typography_font_size":{"unit":"px","size":"17"},"typography_font_weight":"400","typography_line_height":{"unit":"px","size":"27"},"typography_letter_spacing":{"unit":"px","size":"0.34"},"_margin":{"unit":"px","top":"24","right":"0","bottom":"0","left":"0","isLinked":""},"_margin_tablet":{"unit":"px","top":"0","right":"0","bottom":"0","left":"0","isLinked":""},"_margin_mobile":{"unit":"px","top":"-5","right":"0","bottom":"0","left":"0","isLinked":""},"_padding":{"unit":"px","top":"0","right":"0","bottom":"0","left":"0","isLinked":""}},"elements":[],"isInner":false,"widgetType":"text-editor","elType":"widget"}],"isInner":"","elType":"column"}],"isInner":"","elType":"section"},{"id":"68cbfd73","settings":{"background_background":"classic","background_image":{"url":"http:\/\/sitefacilitado.com.br\/membros\/wp-content\/uploads\/2020\/03\/rawpixel-423656-unsplash-min-copyright.jpg","id":"4697"},"background_position":"top center","background_repeat":"no-repeat","background_size":"cover","background_overlay_background":"classic","background_overlay_color":"#131212","background_overlay_opacity":{"unit":"px","size":"0.7"},"shape_divider_bottom_width":{"unit":"%","size":"206"},"shape_divider_bottom_height":{"unit":"px","size":"0"},"padding":{"unit":"px","top":"210","right":"0","bottom":"250","left":"0","isLinked":""},"padding_tablet":{"unit":"px","top":"55","right":"15","bottom":"80","left":"15","isLinked":""},"padding_mobile":{"unit":"px","top":"30","right":"15","bottom":"50","left":"15","isLinked":""}},"elements":[{"id":"33759d64","settings":{"_column_size":"100","margin":{"unit":"px","top":"0","right":"0","bottom":"0","left":"0","isLinked":""},"padding":{"unit":"px","top":"0","right":"0","bottom":"0","left":"0","isLinked":""}},"elements":[{"id":"eab48ca","settings":{"title":"Have Problems But Can't Consult Anyone?","header_size":"h3","align":"center","title_color":"#ffffff","typography_typography":"custom","typography_font_family":"Amiri","typography_font_size":{"unit":"px","size":"36"},"typography_font_weight":"700","typography_line_height":{"unit":"px","size":"40"},"typography_line_height_mobile":{"unit":"px","size":"42"},"_margin":{"unit":"px","top":"30","right":"0","bottom":"0","left":"0","isLinked":""},"_margin_tablet":{"unit":"px","top":"20","right":"0","bottom":"0","left":"0","isLinked":""},"_margin_mobile":{"unit":"px","top":"20","right":"0","bottom":"0","left":"0","isLinked":""},"_animation":"fadeInUp"},"elements":[],"isInner":false,"widgetType":"heading","elType":"widget"},{"id":"6ce1b0b0","settings":{"title":"(123) 456 7890","link":{"url":"tel:(123) 4567 45 89","is_external":"","nofollow":""},"header_size":"h4","align":"center","title_color":"#ffffff","typography_typography":"custom","typography_font_family":"Amiri","typography_font_size":{"unit":"px","size":"80"},"typography_font_size_tablet":{"unit":"px","size":"60"},"typography_font_size_mobile":{"unit":"px","size":"40"},"typography_font_weight":"700","typography_line_height_mobile":{"unit":"px","size":"44"},"_margin":{"unit":"px","top":"0","right":"0","bottom":"0","left":"0","isLinked":""},"_margin_mobile":{"unit":"px","top":"-15","right":"0","bottom":"0","left":"0","isLinked":""},"_animation":"fadeInUp","_animation_delay":"200","typography_font_style":"italic"},"elements":[],"isInner":false,"widgetType":"heading","elType":"widget"},{"id":"22f071dc","settings":{"text":"Free Consultation","align":"center","typography_typography":"custom","typography_font_family":"Amiri","typography_font_size":{"unit":"px","size":"17"},"typography_font_weight":"700","typography_text_transform":"uppercase","typography_letter_spacing":{"unit":"px","size":"3.4"},"background_color":"#d28c0e","button_background_hover_color":"#ad6c0c","border_radius":{"unit":"px","top":"0","right":"0","bottom":"0","left":"0","isLinked":"1"},"text_padding":{"unit":"px","top":"28","right":"48","bottom":"24","left":"48","isLinked":""},"text_padding_mobile":{"unit":"px","top":"28","right":"40","bottom":"24","left":"40","isLinked":""},"_margin":{"unit":"px","top":"32","right":"0","bottom":"0","left":"0","isLinked":""},"_margin_mobile":{"unit":"px","top":"30","right":"0","bottom":"0","left":"0","isLinked":""},"_animation":"fadeInUp","_animation_delay":"400"},"elements":[],"isInner":false,"widgetType":"button","elType":"widget"}],"isInner":"","elType":"column"}],"isInner":"","elType":"section"}]}