{"version":"0.4","title":"Advogado 5","type":"page","content":[{"id":"467918a5","settings":{"background_background":"classic","background_overlay_background":"classic","background_overlay_color":"#141521","background_overlay_opacity":{"unit":"px","size":"0.92"},"padding":{"unit":"px","top":"115","right":"0","bottom":"165","left":"0","isLinked":""},"padding_tablet":{"unit":"px","top":"75","right":"15","bottom":"120","left":"15","isLinked":""},"padding_mobile":{"unit":"px","top":"45","right":"15","bottom":"10","left":"15","isLinked":""},"background_color":"#f4f4f4","background_video_link":"https:\/\/www.youtube.com\/watch?v=FlEyvI6J8DM","background_video_fallback":{"url":"http:\/\/sitefacilitado.com.br\/membros\/wp-content\/uploads\/2020\/03\/rawpixel-633841-unsplash-copyright.jpg","id":"4671"},"margin":{"unit":"px","top":"0","right":"0","bottom":"0","left":"0","isLinked":""},"background_image":{"url":"http:\/\/sitefacilitado.com.br\/membros\/wp-content\/uploads\/2020\/03\/rawpixel-558596-unsplash-copyright-min.jpg","id":"4692"},"background_position":"center center","background_size":"cover"},"elements":[{"id":"6150d942","settings":{"_column_size":"100","space_between_widgets":"0","padding":{"unit":"em","top":"2","right":"2","bottom":"2","left":"2","isLinked":"1"},"background_color":"#ffffff","padding_tablet":{"unit":"em","top":"4","right":"4","bottom":"4","left":"4","isLinked":"1"},"padding_mobile":{"unit":"em","top":"1","right":"1","bottom":"1","left":"1","isLinked":"1"}},"elements":[{"id":"49f3aac8","settings":{"weight":{"unit":"px","size":"5"},"color":"#d28c0e","width":{"unit":"%","size":"11"},"align":"left","gap":{"unit":"px","size":"16"},"_animation":"fadeInUp","text":"Divisor"},"elements":[],"isInner":false,"widgetType":"divider","elType":"widget"},{"id":"6fa2a72","settings":{"title":"Services","header_size":"h1","align":"left","title_color":"#ffffff","typography_typography":"custom","typography_font_family":"Amiri","typography_font_size":{"unit":"px","size":"90"},"typography_font_size_tablet":{"unit":"px","size":"80"},"typography_font_size_mobile":{"unit":"px","size":"46"},"typography_font_weight":"700","typography_line_height":{"unit":"px","size":"90"},"typography_line_height_tablet":{"unit":"px","size":"80"},"typography_line_height_mobile":{"unit":"px","size":"52"},"_margin":{"unit":"px","top":"0","right":"0","bottom":"0","left":"0","isLinked":""},"_margin_tablet":{"unit":"px","top":"0","right":"0","bottom":"0","left":"0","isLinked":""},"_padding":{"unit":"px","top":"0","right":"0","bottom":"0","left":"0","isLinked":""},"_padding_tablet":{"unit":"px","top":"0","right":"0","bottom":"0","left":"0","isLinked":""},"_animation":"fadeInLeft","_animation_delay":"300","align_mobile":"center"},"elements":[],"isInner":false,"widgetType":"heading","elType":"widget"}],"isInner":"","elType":"column"}],"isInner":"","elType":"section"},{"id":"46af7d99","settings":{"content_width":{"unit":"px","size":"1170"},"padding":{"unit":"px","top":"110","right":"0","bottom":"50","left":"0","isLinked":""},"padding_tablet":{"unit":"px","top":"75","right":"15","bottom":"50","left":"15","isLinked":""},"padding_mobile":{"unit":"px","top":"50","right":"15","bottom":"30","left":"15","isLinked":""}},"elements":[{"id":"71a9384b","settings":{"_column_size":"100","padding":{"unit":"px","top":"0","right":"300","bottom":"0","left":"0","isLinked":""},"padding_tablet":{"unit":"px","top":"0","right":"0","bottom":"0","left":"0","isLinked":""},"padding_mobile":{"unit":"px","top":"0","right":"0","bottom":"0","left":"0","isLinked":""}},"elements":[{"id":"22c5ac79","settings":{"title":"We Offer a Partnership to Help \nShare Your Vision","align":"left","title_color":"#202125","typography_typography":"custom","typography_font_family":"Amiri","typography_font_size":{"unit":"px","size":"55"},"typography_font_size_mobile":{"unit":"px","size":"45"},"typography_font_weight":"700","typography_line_height":{"unit":"px","size":"55"},"typography_line_height_mobile":{"unit":"px","size":"45"},"_margin":{"unit":"px","top":"0","right":"0","bottom":"0","left":"0","isLinked":""},"_margin_tablet":{"unit":"px","top":"0","right":"0","bottom":"0","left":"0","isLinked":""},"_margin_mobile":{"unit":"px","top":"0","right":"0","bottom":"0","left":"0","isLinked":""},"_padding_tablet":{"unit":"px","top":"0","right":"0","bottom":"0","left":"0","isLinked":""},"_padding_mobile":{"unit":"px","top":"0","right":"0","bottom":"0","left":"0","isLinked":""},"_animation":"fadeInLeft"},"elements":[],"isInner":false,"widgetType":"heading","elType":"widget"},{"id":"50d9eff","settings":{"title":"More than legal advice","header_size":"p","align":"left","title_color":"#d28c0e","typography_typography":"custom","typography_font_family":"Amiri","typography_font_size":{"unit":"px","size":"22"},"typography_font_weight":"700","typography_font_style":"italic","typography_line_height":{"unit":"px","size":""},"typography_letter_spacing":{"unit":"px","size":"1.1"},"_margin":{"unit":"px","top":"25","right":"0","bottom":"0","left":"0","isLinked":""},"_margin_tablet":{"unit":"px","top":"10","right":"0","bottom":"0","left":"0","isLinked":""},"_margin_mobile":{"unit":"px","top":"0","right":"0","bottom":"0","left":"0","isLinked":""},"_animation":"fadeInUp","_animation_delay":"200","typography_text_transform":"capitalize"},"elements":[],"isInner":false,"widgetType":"heading","elType":"widget"}],"isInner":"","elType":"column"}],"isInner":"","elType":"section"},{"id":"94d571e","settings":{"structure":"30","content_width":{"unit":"px","size":"1170"},"padding":{"unit":"px","top":"55","right":"0","bottom":"117","left":"0","isLinked":""},"padding_tablet":{"unit":"px","top":"30","right":"15","bottom":"80","left":"15","isLinked":""},"padding_mobile":{"unit":"px","top":"30","right":"15","bottom":"50","left":"15","isLinked":""}},"elements":[{"id":"52926d3c","settings":{"_column_size":"33","margin":{"unit":"px","top":"0","right":"20","bottom":"0","left":"0","isLinked":""},"margin_tablet":{"unit":"px","top":"0","right":"10","bottom":"0","left":"0","isLinked":""},"padding":{"unit":"px","top":"0","right":"0","bottom":"0","left":"0","isLinked":""},"animation":"fadeInLeft"},"elements":[{"id":"1c444b2b","settings":{"image":{"url":"http:\/\/sitefacilitado.com.br\/membros\/wp-content\/uploads\/2020\/03\/matt-popovich-60437-unsplash-copyright-min.jpg","id":"4684"},"image_size":"custom","image_custom_dimension":{"width":"370","height":"436"}},"elements":[],"isInner":false,"widgetType":"image","elType":"widget"},{"id":"61ac1d0f","settings":{"title":"Antitrust and Competition","header_size":"h4","title_color":"#202125","typography_typography":"custom","typography_font_family":"Amiri","typography_font_size":{"unit":"px","size":"27"},"typography_font_weight":"700","_margin":{"unit":"px","top":"40","right":"0","bottom":"0","left":"0","isLinked":""},"_margin_tablet":{"unit":"px","top":"30","right":"0","bottom":"0","left":"0","isLinked":""}},"elements":[],"isInner":false,"widgetType":"heading","elType":"widget"},{"id":"1552b05b","settings":{"editor":"<p>Lorem ipsum dolor sit amet, consectetur elit, sed do eiusmod tempor incididunt ut labore et dolore magna aliqua. Ut enim ad minim.<\/p>","align":"left","text_color":"#48494c","typography_typography":"custom","typography_font_family":"Didact Gothic","typography_font_size":{"unit":"px","size":"17"},"typography_font_weight":"400","typography_line_height":{"unit":"px","size":"27"},"typography_letter_spacing":{"unit":"px","size":"0.34"},"_margin":{"unit":"px","top":"22","right":"0","bottom":"0","left":"0","isLinked":""},"_margin_tablet":{"unit":"px","top":"-10","right":"0","bottom":"0","left":"0","isLinked":""},"_margin_mobile":{"unit":"px","top":"-10","right":"0","bottom":"0","left":"0","isLinked":""},"_padding":{"unit":"px","top":"0","right":"0","bottom":"0","left":"0","isLinked":""}},"elements":[],"isInner":false,"widgetType":"text-editor","elType":"widget"},{"id":"7170f56e","settings":{"text":"Read More","align":"left","typography_typography":"custom","typography_font_family":"Amiri","typography_font_size":{"unit":"px","size":"18"},"typography_font_weight":"700","typography_line_height":{"unit":"px","size":"18"},"typography_letter_spacing":{"unit":"px","size":"0.9"},"button_text_color":"#d28c0e","background_color":"rgba(0,0,0,0)","hover_animation":"float","text_padding":{"unit":"px","top":"0","right":"0","bottom":"0","left":"0","isLinked":""},"_margin":{"unit":"px","top":"30","right":"0","bottom":"0","left":"0","isLinked":""},"_margin_tablet":{"unit":"px","top":"0","right":"0","bottom":"0","left":"0","isLinked":""}},"elements":[],"isInner":false,"widgetType":"button","elType":"widget"}],"isInner":"","elType":"column"},{"id":"7a74ce51","settings":{"_column_size":"33","margin":{"unit":"px","top":"0","right":"10","bottom":"0","left":"10","isLinked":""},"margin_tablet":{"unit":"px","top":"0","right":"5","bottom":"0","left":"5","isLinked":""},"margin_mobile":{"unit":"px","top":"30","right":"0","bottom":"0","left":"0","isLinked":""},"padding":{"unit":"px","top":"0","right":"0","bottom":"0","left":"0","isLinked":""},"animation":"fadeInUp"},"elements":[{"id":"456d9973","settings":{"image":{"url":"http:\/\/sitefacilitado.com.br\/membros\/wp-content\/uploads\/2020\/03\/rawpixel-351764-unsplash-copyright-min.jpg","id":"4693"},"image_size":"custom","image_custom_dimension":{"width":"370","height":"436"}},"elements":[],"isInner":false,"widgetType":"image","elType":"widget"},{"id":"5cebe171","settings":{"title":"Litigation","header_size":"h4","title_color":"#202125","typography_typography":"custom","typography_font_family":"Amiri","typography_font_size":{"unit":"px","size":"27"},"typography_font_weight":"700","_margin":{"unit":"px","top":"40","right":"0","bottom":"0","left":"0","isLinked":""},"_margin_tablet":{"unit":"px","top":"30","right":"0","bottom":"0","left":"0","isLinked":""}},"elements":[],"isInner":false,"widgetType":"heading","elType":"widget"},{"id":"119043ad","settings":{"editor":"<p>Lorem ipsum dolor sit amet, consectetur elit, sed do eiusmod tempor incididunt ut labore et dolore magna aliqua. Ut enim ad minim.<\/p>","align":"left","text_color":"#48494c","typography_typography":"custom","typography_font_family":"Didact Gothic","typography_font_size":{"unit":"px","size":"17"},"typography_font_weight":"400","typography_line_height":{"unit":"px","size":"27"},"typography_letter_spacing":{"unit":"px","size":"0.34"},"_margin":{"unit":"px","top":"22","right":"0","bottom":"0","left":"0","isLinked":""},"_margin_tablet":{"unit":"px","top":"-10","right":"0","bottom":"0","left":"0","isLinked":""},"_margin_mobile":{"unit":"px","top":"-10","right":"0","bottom":"0","left":"0","isLinked":""},"_padding":{"unit":"px","top":"0","right":"0","bottom":"0","left":"0","isLinked":""}},"elements":[],"isInner":false,"widgetType":"text-editor","elType":"widget"},{"id":"1da5bbc8","settings":{"text":"Read More","align":"left","typography_typography":"custom","typography_font_family":"Amiri","typography_font_size":{"unit":"px","size":"18"},"typography_font_weight":"700","typography_line_height":{"unit":"px","size":"18"},"typography_letter_spacing":{"unit":"px","size":"0.9"},"button_text_color":"#d28c0e","background_color":"rgba(0,0,0,0)","hover_animation":"float","text_padding":{"unit":"px","top":"0","right":"0","bottom":"0","left":"0","isLinked":""},"_margin":{"unit":"px","top":"30","right":"0","bottom":"0","left":"0","isLinked":""},"_margin_tablet":{"unit":"px","top":"0","right":"0","bottom":"0","left":"0","isLinked":""}},"elements":[],"isInner":false,"widgetType":"button","elType":"widget"}],"isInner":"","elType":"column"},{"id":"6064d283","settings":{"_column_size":"33","margin":{"unit":"px","top":"0","right":"0","bottom":"0","left":"20","isLinked":""},"margin_tablet":{"unit":"px","top":"0","right":"0","bottom":"0","left":"10","isLinked":""},"margin_mobile":{"unit":"px","top":"30","right":"0","bottom":"0","left":"0","isLinked":""},"padding":{"unit":"px","top":"0","right":"0","bottom":"0","left":"0","isLinked":""},"animation":"fadeInRight"},"elements":[{"id":"4fc90b8b","settings":{"image":{"url":"http:\/\/sitefacilitado.com.br\/membros\/wp-content\/uploads\/2020\/03\/rawpixel-648562-unsplash-copyright-min.jpg","id":"4679"},"image_size":"custom","image_custom_dimension":{"width":"370","height":"436"}},"elements":[],"isInner":false,"widgetType":"image","elType":"widget"},{"id":"6317dcc3","settings":{"title":"International Arbitration","header_size":"h4","title_color":"#202125","typography_typography":"custom","typography_font_family":"Amiri","typography_font_size":{"unit":"px","size":"27"},"typography_font_weight":"700","_margin":{"unit":"px","top":"40","right":"0","bottom":"0","left":"0","isLinked":""},"_margin_tablet":{"unit":"px","top":"30","right":"0","bottom":"0","left":"0","isLinked":""}},"elements":[],"isInner":false,"widgetType":"heading","elType":"widget"},{"id":"7e2e4ced","settings":{"editor":"<p>Lorem ipsum dolor sit amet, consectetur elit, sed do eiusmod tempor incididunt ut labore et dolore magna aliqua. Ut enim ad minim.<\/p>","align":"left","text_color":"#48494c","typography_typography":"custom","typography_font_family":"Didact Gothic","typography_font_size":{"unit":"px","size":"17"},"typography_font_weight":"400","typography_line_height":{"unit":"px","size":"27"},"typography_letter_spacing":{"unit":"px","size":"0.34"},"_margin":{"unit":"px","top":"22","right":"0","bottom":"0","left":"0","isLinked":""},"_margin_tablet":{"unit":"px","top":"-10","right":"0","bottom":"0","left":"0","isLinked":""},"_margin_mobile":{"unit":"px","top":"-10","right":"0","bottom":"0","left":"0","isLinked":""},"_padding":{"unit":"px","top":"0","right":"0","bottom":"0","left":"0","isLinked":""}},"elements":[],"isInner":false,"widgetType":"text-editor","elType":"widget"},{"id":"31ff5476","settings":{"text":"Read More","align":"left","typography_typography":"custom","typography_font_family":"Amiri","typography_font_size":{"unit":"px","size":"18"},"typography_font_weight":"700","typography_line_height":{"unit":"px","size":"18"},"typography_letter_spacing":{"unit":"px","size":"0.9"},"button_text_color":"#d28c0e","background_color":"rgba(0,0,0,0)","hover_animation":"float","text_padding":{"unit":"px","top":"0","right":"0","bottom":"0","left":"0","isLinked":""},"_margin":{"unit":"px","top":"30","right":"0","bottom":"0","left":"0","isLinked":""},"_margin_tablet":{"unit":"px","top":"0","right":"0","bottom":"0","left":"0","isLinked":""}},"elements":[],"isInner":false,"widgetType":"button","elType":"widget"}],"isInner":"","elType":"column"}],"isInner":"","elType":"section"},{"id":"432f5192","settings":{"background_background":"classic","background_image":{"url":"http:\/\/sitefacilitado.com.br\/membros\/wp-content\/uploads\/2020\/03\/rawpixel-592442-unsplash-copyright-min.jpg","id":"4674"},"content_width":{"unit":"px","size":"850"},"background_position":"center center","background_repeat":"no-repeat","background_size":"cover","background_overlay_background":"classic","background_overlay_color":"#131212","padding":{"unit":"px","top":"185","right":"0","bottom":"182","left":"0","isLinked":""},"padding_tablet":{"unit":"px","top":"120","right":"15","bottom":"120","left":"15","isLinked":""},"padding_mobile":{"unit":"px","top":"80","right":"15","bottom":"80","left":"15","isLinked":""}},"elements":[{"id":"3bcc662b","settings":{"_column_size":"100","padding":{"unit":"px","top":"0","right":"0","bottom":"0","left":"0","isLinked":""}},"elements":[{"id":"5489a380","settings":{"slides":[{"content":"I am slide content. Click edit button to change this text. Lorem ipsum dolor sit amet, consectetur adipiscing elit. Ut elit tellus, luctus nec ullamcorper mattis, pulvinar dapibus leo.","name":"John Doe","title":"MSNCB","image":{"url":"","id":""},"_id":"d6f04d8"},{"content":"I am slide content. Click edit button to change this text. Lorem ipsum dolor sit amet, consectetur adipiscing elit. Ut elit tellus, luctus nec ullamcorper mattis, pulvinar dapibus leo.","name":"Judge Karen Masterson","title":"Somer County District Court","image":{"url":"","id":""},"_id":"3c92b50"},{"content":"I am slide content. Click edit button to change this text. Lorem ipsum dolor sit amet, consectetur adipiscing elit. Ut elit tellus, luctus nec ullamcorper mattis, pulvinar dapibus leo.","name":"Dave Matthews","title":"Law & Order Magazine","image":{"url":"","id":""},"_id":"d2df082"}],"content_color":"#ffffff","content_typography_typography":"custom","content_typography_font_family":"Amiri","content_typography_font_size":{"unit":"px","size":"40"},"content_typography_font_size_tablet":{"unit":"px","size":"25"},"content_typography_font_size_mobile":{"unit":"px","size":"21"},"content_typography_line_height":{"unit":"px","size":"50"},"content_typography_line_height_mobile":{"unit":"em","size":"1.2"},"name_color":"#d28c0e","name_typography_typography":"custom","name_typography_font_family":"Amiri","name_typography_font_size":{"unit":"px","size":"18"},"name_typography_font_weight":"700","name_typography_line_height":{"unit":"px","size":""},"title_color":"#ffffff","title_typography_typography":"custom","title_typography_font_family":"Didact Gothic","title_typography_font_weight":"bold","_animation":"fadeInUp"},"elements":[],"isInner":false,"widgetType":"testimonial-carousel","elType":"widget"}],"isInner":"","elType":"column"}],"isInner":"","elType":"section"},{"id":"1fa88627","settings":{"content_width":{"unit":"px","size":"1170"},"padding":{"unit":"px","top":"110","right":"0","bottom":"120","left":"0","isLinked":""},"padding_tablet":{"unit":"px","top":"70","right":"15","bottom":"80","left":"15","isLinked":""},"padding_mobile":{"unit":"px","top":"45","right":"15","bottom":"50","left":"15","isLinked":""}},"elements":[{"id":"113c201f","settings":{"_column_size":"100","space_between_widgets":"0","margin":{"unit":"px","top":"0","right":"0","bottom":"0","left":"0","isLinked":""},"padding":{"unit":"px","top":"0","right":"0","bottom":"0","left":"0","isLinked":""},"padding_tablet":{"unit":"em","top":"1","right":"1","bottom":"1","left":"1","isLinked":"1"},"padding_mobile":{"unit":"em","top":"0","right":"0","bottom":"0","left":"0","isLinked":"1"}},"elements":[{"id":"2551f162","settings":{"title":"Lawson & Associates","header_size":"p","align":"left","title_color":"#d28c0e","typography_typography":"custom","typography_font_family":"Amiri","typography_font_size":{"unit":"px","size":"22"},"typography_font_weight":"700","typography_font_style":"italic","typography_line_height":{"unit":"px","size":""},"typography_letter_spacing":{"unit":"px","size":"1.1"},"_margin":{"unit":"px","top":"15","right":"0","bottom":"0","left":"0","isLinked":""},"_margin_tablet":{"unit":"px","top":"20","right":"0","bottom":"0","left":"0","isLinked":""},"_animation":"fadeInUp","_animation_delay":"200"},"elements":[],"isInner":false,"widgetType":"heading","elType":"widget"},{"id":"3b59104a","settings":{"title":"Modern Law Firm Offering Financial Advice And Management To Businesses Great And Small","title_color":"#202125","header_size":"h3","align":"left","typography_typography":"custom","typography_font_family":"Amiri","typography_font_size":{"unit":"px","size":"36"},"typography_font_weight":"700","typography_line_height":{"unit":"px","size":"40"},"typography_line_height_mobile":{"unit":"px","size":"44"},"_margin":{"unit":"px","top":"30","right":"0","bottom":"0","left":"0","isLinked":""},"_margin_mobile":{"unit":"px","top":"20","right":"0","bottom":"0","left":"0","isLinked":""},"_animation":"fadeInUp","_margin_tablet":{"unit":"px","top":"20","right":"0","bottom":"0","left":"0","isLinked":""},"typography_font_size_mobile":{"unit":"px","size":"27"}},"elements":[],"isInner":false,"widgetType":"heading","elType":"widget"},{"id":"4cc6e574","settings":{"structure":"20","content_width":{"unit":"px","size":"1170"},"margin":{"unit":"px","top":"55","right":"0","bottom":"0","left":"0","isLinked":""},"margin_tablet":{"unit":"px","top":"40","right":"0","bottom":"0","left":"0","isLinked":""},"margin_mobile":{"unit":"px","top":"30","right":"0","bottom":"0","left":"0","isLinked":""}},"elements":[{"id":"7f28a656","settings":{"_column_size":"50","box_shadow_box_shadow_type":"yes","box_shadow_box_shadow":{"horizontal":"0","vertical":"3","blur":"46","spread":"0","color":"rgba(0,0,0,0.07)"},"margin":{"unit":"px","top":"0","right":"15","bottom":"0","left":"0","isLinked":""},"padding":{"unit":"px","top":"55","right":"80","bottom":"55","left":"58","isLinked":""},"padding_tablet":{"unit":"px","top":"55","right":"40","bottom":"55","left":"40","isLinked":""},"padding_mobile":{"unit":"px","top":"40","right":"40","bottom":"40","left":"40","isLinked":""},"animation":"fadeInLeft"},"elements":[{"id":"684c8b26","settings":{"title":"Banking &amp; Finance","header_size":"h5","align":"left","title_color":"#202125","typography_typography":"custom","typography_font_family":"Amiri","typography_font_size":{"unit":"px","size":"24"},"typography_font_size_tablet":{"unit":"px","size":"22"},"typography_font_weight":"700","typography_line_height":{"unit":"px","size":"34"}},"elements":[],"isInner":false,"widgetType":"heading","elType":"widget"},{"id":"778ff8b4","settings":{"editor":"<p>Lorem ipsum dolor sit amet, consectetur adipiscing elit, sed do eiusmod tempor incididunt ut labore et dolore magna aliqua. Ut enim ad minim.<\/p>","text_color":"#48494c","typography_typography":"custom","typography_font_family":"Didact Gothic","typography_font_size":{"unit":"px","size":"17"},"typography_font_weight":"400","typography_line_height":{"unit":"px","size":"27"},"typography_letter_spacing":{"unit":"px","size":"0.34"},"_margin":{"unit":"px","top":"0","right":"0","bottom":"0","left":"0","isLinked":""},"_margin_tablet":{"unit":"px","top":"0","right":"0","bottom":"0","left":"0","isLinked":""},"_margin_mobile":{"unit":"px","top":"-5","right":"0","bottom":"0","left":"0","isLinked":""},"_padding":{"unit":"px","top":"0","right":"0","bottom":"0","left":"0","isLinked":""}},"elements":[],"isInner":false,"widgetType":"text-editor","elType":"widget"},{"id":"73163fae","settings":{"text":"Read More","align":"left","typography_typography":"custom","typography_font_family":"Amiri","typography_font_size":{"unit":"px","size":"18"},"typography_font_weight":"700","typography_line_height":{"unit":"px","size":"18"},"typography_letter_spacing":{"unit":"px","size":"0.9"},"button_text_color":"#d28c0e","background_color":"rgba(0,0,0,0)","hover_animation":"float","text_padding":{"unit":"px","top":"0","right":"0","bottom":"0","left":"0","isLinked":""},"_margin":{"unit":"px","top":"20","right":"0","bottom":"0","left":"0","isLinked":""},"_margin_tablet":{"unit":"px","top":"0","right":"0","bottom":"0","left":"0","isLinked":""}},"elements":[],"isInner":false,"widgetType":"button","elType":"widget"}],"isInner":"1","elType":"column"},{"id":"7deed8a9","settings":{"_column_size":"50","box_shadow_box_shadow_type":"yes","box_shadow_box_shadow":{"horizontal":"0","vertical":"3","blur":"46","spread":"0","color":"rgba(0,0,0,0.07)"},"margin":{"unit":"px","top":"0","right":"0","bottom":"0","left":"15","isLinked":""},"padding":{"unit":"px","top":"55","right":"80","bottom":"55","left":"58","isLinked":""},"margin_mobile":{"unit":"px","top":"30","right":"0","bottom":"0","left":"0","isLinked":""},"padding_tablet":{"unit":"px","top":"55","right":"30","bottom":"55","left":"40","isLinked":""},"padding_mobile":{"unit":"px","top":"40","right":"40","bottom":"40","left":"40","isLinked":""},"animation":"fadeInRight"},"elements":[{"id":"63583b9a","settings":{"title":"Business Acquisition Procedure","header_size":"h5","align":"left","title_color":"#202125","typography_typography":"custom","typography_font_family":"Amiri","typography_font_size":{"unit":"px","size":"24"},"typography_font_size_tablet":{"unit":"px","size":"22"},"typography_font_weight":"700","typography_line_height":{"unit":"px","size":"34"}},"elements":[],"isInner":false,"widgetType":"heading","elType":"widget"},{"id":"4bb6af91","settings":{"editor":"<p>Lorem ipsum dolor sit amet, consectetur adipiscing elit, sed do eiusmod tempor incididunt ut labore et dolore magna aliqua. Ut enim ad minim.<\/p>","text_color":"#48494c","typography_typography":"custom","typography_font_family":"Didact Gothic","typography_font_size":{"unit":"px","size":"17"},"typography_font_weight":"400","typography_line_height":{"unit":"px","size":"27"},"typography_letter_spacing":{"unit":"px","size":"0.34"},"_margin":{"unit":"px","top":"0","right":"0","bottom":"0","left":"0","isLinked":""},"_margin_tablet":{"unit":"px","top":"0","right":"0","bottom":"0","left":"0","isLinked":""},"_margin_mobile":{"unit":"px","top":"-5","right":"0","bottom":"0","left":"0","isLinked":""},"_padding":{"unit":"px","top":"0","right":"0","bottom":"0","left":"0","isLinked":""}},"elements":[],"isInner":false,"widgetType":"text-editor","elType":"widget"},{"id":"415e5f16","settings":{"text":"Read More","align":"left","typography_typography":"custom","typography_font_family":"Amiri","typography_font_size":{"unit":"px","size":"18"},"typography_font_weight":"700","typography_line_height":{"unit":"px","size":"18"},"typography_letter_spacing":{"unit":"px","size":"0.9"},"button_text_color":"#d28c0e","background_color":"rgba(0,0,0,0)","hover_animation":"float","text_padding":{"unit":"px","top":"0","right":"0","bottom":"0","left":"0","isLinked":""},"_margin":{"unit":"px","top":"20","right":"0","bottom":"0","left":"0","isLinked":""},"_margin_tablet":{"unit":"px","top":"0","right":"0","bottom":"0","left":"0","isLinked":""}},"elements":[],"isInner":false,"widgetType":"button","elType":"widget"}],"isInner":"1","elType":"column"}],"isInner":"1","elType":"section"},{"id":"5647783a","settings":{"structure":"20","content_width":{"unit":"px","size":"1170"},"margin":{"unit":"px","top":"55","right":"0","bottom":"0","left":"0","isLinked":""},"margin_tablet":{"unit":"px","top":"40","right":"0","bottom":"0","left":"0","isLinked":""},"margin_mobile":{"unit":"px","top":"30","right":"0","bottom":"0","left":"0","isLinked":""}},"elements":[{"id":"6fcfa4be","settings":{"_column_size":"50","box_shadow_box_shadow_type":"yes","box_shadow_box_shadow":{"horizontal":"0","vertical":"3","blur":"46","spread":"0","color":"rgba(0,0,0,0.07)"},"margin":{"unit":"px","top":"0","right":"15","bottom":"0","left":"0","isLinked":""},"padding":{"unit":"px","top":"55","right":"80","bottom":"55","left":"58","isLinked":""},"padding_tablet":{"unit":"px","top":"55","right":"40","bottom":"55","left":"40","isLinked":""},"padding_mobile":{"unit":"px","top":"40","right":"40","bottom":"40","left":"40","isLinked":""},"animation":"fadeInLeft"},"elements":[{"id":"58e66aac","settings":{"title":"Contract Litigation","header_size":"h5","align":"left","title_color":"#202125","typography_typography":"custom","typography_font_family":"Amiri","typography_font_size":{"unit":"px","size":"24"},"typography_font_size_tablet":{"unit":"px","size":"22"},"typography_font_weight":"700","typography_line_height":{"unit":"px","size":"34"}},"elements":[],"isInner":false,"widgetType":"heading","elType":"widget"},{"id":"492e4a38","settings":{"editor":"<p>Lorem ipsum dolor sit amet, consectetur adipiscing elit, sed do eiusmod tempor incididunt ut labore et dolore magna aliqua. Ut enim ad minim.<\/p>","text_color":"#48494c","typography_typography":"custom","typography_font_family":"Didact Gothic","typography_font_size":{"unit":"px","size":"17"},"typography_font_weight":"400","typography_line_height":{"unit":"px","size":"27"},"typography_letter_spacing":{"unit":"px","size":"0.34"},"_margin":{"unit":"px","top":"0","right":"0","bottom":"0","left":"0","isLinked":""},"_margin_tablet":{"unit":"px","top":"0","right":"0","bottom":"0","left":"0","isLinked":""},"_margin_mobile":{"unit":"px","top":"-5","right":"0","bottom":"0","left":"0","isLinked":""},"_padding":{"unit":"px","top":"0","right":"0","bottom":"0","left":"0","isLinked":""}},"elements":[],"isInner":false,"widgetType":"text-editor","elType":"widget"},{"id":"2dab19e7","settings":{"text":"Read More","align":"left","typography_typography":"custom","typography_font_family":"Amiri","typography_font_size":{"unit":"px","size":"18"},"typography_font_weight":"700","typography_line_height":{"unit":"px","size":"18"},"typography_letter_spacing":{"unit":"px","size":"0.9"},"button_text_color":"#d28c0e","background_color":"rgba(0,0,0,0)","hover_animation":"float","text_padding":{"unit":"px","top":"0","right":"0","bottom":"0","left":"0","isLinked":""},"_margin":{"unit":"px","top":"20","right":"0","bottom":"0","left":"0","isLinked":""},"_margin_tablet":{"unit":"px","top":"0","right":"0","bottom":"0","left":"0","isLinked":""}},"elements":[],"isInner":false,"widgetType":"button","elType":"widget"}],"isInner":"1","elType":"column"},{"id":"a161bd1","settings":{"_column_size":"50","box_shadow_box_shadow_type":"yes","box_shadow_box_shadow":{"horizontal":"0","vertical":"3","blur":"46","spread":"0","color":"rgba(0,0,0,0.07)"},"margin":{"unit":"px","top":"0","right":"0","bottom":"0","left":"15","isLinked":""},"padding":{"unit":"px","top":"55","right":"80","bottom":"55","left":"58","isLinked":""},"margin_mobile":{"unit":"px","top":"30","right":"0","bottom":"0","left":"0","isLinked":""},"padding_tablet":{"unit":"px","top":"55","right":"30","bottom":"55","left":"40","isLinked":""},"padding_mobile":{"unit":"px","top":"40","right":"40","bottom":"40","left":"40","isLinked":""},"animation":"fadeInRight"},"elements":[{"id":"6abae656","settings":{"title":"Patent Research","header_size":"h5","align":"left","title_color":"#202125","typography_typography":"custom","typography_font_family":"Amiri","typography_font_size":{"unit":"px","size":"24"},"typography_font_size_tablet":{"unit":"px","size":"22"},"typography_font_weight":"700","typography_line_height":{"unit":"px","size":"34"}},"elements":[],"isInner":false,"widgetType":"heading","elType":"widget"},{"id":"d01c646","settings":{"editor":"<p>Lorem ipsum dolor sit amet, consectetur adipiscing elit, sed do eiusmod tempor incididunt ut labore et dolore magna aliqua. Ut enim ad minim.<\/p>","text_color":"#48494c","typography_typography":"custom","typography_font_family":"Didact Gothic","typography_font_size":{"unit":"px","size":"17"},"typography_font_weight":"400","typography_line_height":{"unit":"px","size":"27"},"typography_letter_spacing":{"unit":"px","size":"0.34"},"_margin":{"unit":"px","top":"0","right":"0","bottom":"0","left":"0","isLinked":""},"_margin_tablet":{"unit":"px","top":"0","right":"0","bottom":"0","left":"0","isLinked":""},"_margin_mobile":{"unit":"px","top":"-5","right":"0","bottom":"0","left":"0","isLinked":""},"_padding":{"unit":"px","top":"0","right":"0","bottom":"0","left":"0","isLinked":""}},"elements":[],"isInner":false,"widgetType":"text-editor","elType":"widget"},{"id":"4b8f7642","settings":{"text":"Read More","align":"left","typography_typography":"custom","typography_font_family":"Amiri","typography_font_size":{"unit":"px","size":"18"},"typography_font_weight":"700","typography_line_height":{"unit":"px","size":"18"},"typography_letter_spacing":{"unit":"px","size":"0.9"},"button_text_color":"#d28c0e","background_color":"rgba(0,0,0,0)","hover_animation":"float","text_padding":{"unit":"px","top":"0","right":"0","bottom":"0","left":"0","isLinked":""},"_margin":{"unit":"px","top":"20","right":"0","bottom":"0","left":"0","isLinked":""},"_margin_tablet":{"unit":"px","top":"0","right":"0","bottom":"0","left":"0","isLinked":""}},"elements":[],"isInner":false,"widgetType":"button","elType":"widget"}],"isInner":"1","elType":"column"}],"isInner":"1","elType":"section"}],"isInner":"","elType":"column"}],"isInner":"","elType":"section"},{"id":"348ee5a7","settings":{"background_background":"classic","background_color":"#141318","padding":{"unit":"px","top":"55","right":"0","bottom":"95","left":"0","isLinked":""},"padding_tablet":{"unit":"px","top":"20","right":"15","bottom":"50","left":"15","isLinked":""}},"elements":[{"id":"2be55886","settings":{"_column_size":"100","space_between_widgets":"0","margin":{"unit":"px","top":"0","right":"0","bottom":"0","left":"0","isLinked":""},"padding":{"unit":"px","top":"0","right":"0","bottom":"0","left":"0","isLinked":""}},"elements":[{"id":"5ccdca6c","settings":{"editor":"<p>Have Problems But Can't Consult Anyone?<\/p>","align":"center","text_color":"#ffffff","typography_typography":"custom","typography_font_family":"Amiri","typography_font_size":{"unit":"px","size":"36"},"typography_font_weight":"700","typography_line_height":{"unit":"px","size":"46"},"_margin":{"unit":"px","top":"0","right":"0","bottom":"0","left":"0","isLinked":""},"_animation":"fadeInUp","typography_font_size_tablet":{"unit":"px","size":"34"},"typography_font_size_mobile":{"unit":"px","size":"32"},"typography_line_height_mobile":{"unit":"px","size":"38"},"_margin_tablet":{"unit":"px","top":"0","right":"0","bottom":"0","left":"0","isLinked":""},"_padding":{"unit":"px","top":"0","right":"0","bottom":"0","left":"0","isLinked":""}},"elements":[],"isInner":false,"widgetType":"text-editor","elType":"widget"},{"id":"681d4835","settings":{"title":"Call (123) 456 4589","link":{"url":"tel:(123) 4567 45 89","is_external":"","nofollow":""},"header_size":"h4","align":"center","title_color":"#ffffff","typography_typography":"custom","typography_font_family":"Amiri","typography_font_size":{"unit":"px","size":"70"},"typography_font_size_tablet":{"unit":"px","size":"60"},"typography_font_size_mobile":{"unit":"px","size":"40"},"typography_font_weight":"700","typography_line_height_mobile":{"unit":"px","size":"44"},"_margin":{"unit":"px","top":"-18","right":"0","bottom":"0","left":"0","isLinked":""},"_margin_mobile":{"unit":"px","top":"-15","right":"0","bottom":"0","left":"0","isLinked":""},"_animation":"fadeInUp","_animation_delay":"200","typography_font_style":"italic"},"elements":[],"isInner":false,"widgetType":"heading","elType":"widget"},{"id":"73f5432","settings":{"text":"FREE CONSULTATION","align":"center","typography_typography":"custom","typography_font_family":"Amiri","typography_font_size":{"unit":"px","size":"16"},"typography_font_weight":"700","typography_text_transform":"uppercase","typography_letter_spacing":{"unit":"px","size":"4.2"},"background_color":"#d28c0e","button_background_hover_color":"rgba(255,255,255,0)","border_radius":{"unit":"px","top":"0","right":"0","bottom":"0","left":"0","isLinked":"1"},"text_padding":{"unit":"px","top":"30","right":"48","bottom":"26","left":"48","isLinked":""},"_margin":{"unit":"px","top":"42","right":"7","bottom":"0","left":"0","isLinked":""},"_margin_mobile":{"unit":"px","top":"20","right":"7","bottom":"0","left":"0","isLinked":""},"typography_font_size_mobile":{"unit":"px","size":"13"},"hover_color":"#d28c0e","border_border":"solid","border_width":{"unit":"px","top":"3","right":"3","bottom":"3","left":"3","isLinked":"1"},"border_color":"#d28c0e","_margin_tablet":{"unit":"px","top":"20","right":"7","bottom":"0","left":"0","isLinked":""}},"elements":[],"isInner":false,"widgetType":"button","elType":"widget"}],"isInner":"","elType":"column"}],"isInner":"","elType":"section"}]}