{"version":"0.4","title":"Advogado 10","type":"page","content":[{"id":"2dffe484","settings":{"stretch_section":"section-stretched","layout":"full_width","background_background":"classic","height":"min-height","custom_height":{"unit":"vh","size":"30"},"column_position":"stretch","background_image":{"url":"http:\/\/sitefacilitado.com.br\/membros\/wp-content\/uploads\/2020\/03\/rawpixel-558596-unsplash-copyright-min.jpg","id":"4692"},"background_position":"center center","background_size":"cover","background_overlay_background":"classic","background_overlay_color":"#10152d"},"elements":[{"id":"44a6ca32","settings":{"_column_size":"100","background_background":"classic","padding":{"unit":"px","top":"0","right":"0","bottom":"0","left":"0","isLinked":""}},"elements":[{"id":"6f1f7f61","settings":{"space":{"unit":"px","size":"10"}},"elements":[],"isInner":false,"widgetType":"spacer","elType":"widget"}],"isInner":"","elType":"column"}],"isInner":"","elType":"section"},{"id":"6f637ccd","settings":{"content_width":{"unit":"px","size":"1170"},"background_background":"classic","background_color":"#141318","padding":{"unit":"px","top":"66","right":"0","bottom":"36","left":"0","isLinked":""},"padding_tablet":{"unit":"px","top":"50","right":"15","bottom":"50","left":"15","isLinked":""},"padding_mobile":{"unit":"px","top":"40","right":"15","bottom":"50","left":"15","isLinked":""},"structure":"20"},"elements":[{"id":"a0db5de","settings":{"_column_size":"50","padding":{"unit":"px","top":"0","right":"0","bottom":"0","left":"0","isLinked":""},"content_position":"center","space_between_widgets":"0","_inline_size_tablet":"60"},"elements":[{"id":"750ae98b","settings":{"title":"Our Team","header_size":"h1","align":"left","title_color":"#ffffff","typography_typography":"custom","typography_font_family":"Amiri","typography_font_size":{"unit":"px","size":"90"},"typography_font_size_tablet":{"unit":"px","size":"80"},"typography_font_size_mobile":{"unit":"px","size":"46"},"typography_font_weight":"700","typography_line_height":{"unit":"em","size":"1"},"typography_line_height_tablet":{"unit":"px","size":"80"},"typography_line_height_mobile":{"unit":"px","size":"52"},"_margin":{"unit":"px","top":"0","right":"0","bottom":"0","left":"0","isLinked":""},"_margin_tablet":{"unit":"px","top":"0","right":"0","bottom":"0","left":"0","isLinked":""},"_padding":{"unit":"px","top":"0","right":"0","bottom":"0","left":"0","isLinked":""},"_padding_tablet":{"unit":"px","top":"0","right":"0","bottom":"0","left":"0","isLinked":""},"_animation":"fadeInLeft","_animation_delay":"300","align_mobile":"center"},"elements":[],"isInner":false,"widgetType":"heading","elType":"widget"},{"id":"3d390e60","settings":{"title":"Lawson & Associates","header_size":"p","align":"left","title_color":"#d28c0e","typography_typography":"custom","typography_font_family":"Amiri","typography_font_size":{"unit":"px","size":"22"},"typography_font_weight":"700","typography_font_style":"italic","typography_line_height":{"unit":"px","size":""},"typography_letter_spacing":{"unit":"px","size":"1.1"},"_margin":{"unit":"px","top":"0","right":"0","bottom":"0","left":"0","isLinked":""},"_margin_tablet":{"unit":"px","top":"10","right":"0","bottom":"0","left":"0","isLinked":""},"_animation":"fadeInLeft","_animation_delay":"200","align_mobile":"center"},"elements":[],"isInner":false,"widgetType":"heading","elType":"widget"}],"isInner":"","elType":"column"},{"id":"4c6efeae","settings":{"_column_size":"50","content_position":"center","padding":{"unit":"px","top":"0","right":"0","bottom":"0","left":"0","isLinked":""},"_inline_size_tablet":"40","padding_mobile":{"unit":"em","top":"1","right":"0","bottom":"0","left":"0","isLinked":""}},"elements":[{"id":"7a29b5","settings":{"text":"Free Consultation","align":"right","typography_typography":"custom","typography_font_family":"Amiri","typography_font_size":{"unit":"px","size":"16"},"typography_font_weight":"700","typography_text_transform":"uppercase","typography_letter_spacing":{"unit":"px","size":"4.2"},"background_color":"#d28c0e","hover_color":"#d28c0e","button_background_hover_color":"rgba(255,255,255,0)","border_radius":{"unit":"px","top":"0","right":"0","bottom":"0","left":"0","isLinked":"1"},"text_padding":{"unit":"px","top":"30","right":"48","bottom":"26","left":"48","isLinked":""},"_margin":{"unit":"px","top":"0","right":"0","bottom":"0","left":"0","isLinked":""},"_margin_tablet":{"unit":"px","top":"0","right":"7","bottom":"0","left":"0","isLinked":""},"_margin_mobile":{"unit":"px","top":"0","right":"7","bottom":"0","left":"0","isLinked":""},"align_tablet":"center","typography_font_size_mobile":{"unit":"px","size":"14"},"border_border":"solid","border_width":{"unit":"px","top":"3","right":"3","bottom":"3","left":"3","isLinked":"1"},"border_color":"#d28c0e","text_padding_tablet":{"unit":"px","top":"20","right":"20","bottom":"20","left":"20","isLinked":"1"}},"elements":[],"isInner":false,"widgetType":"button","elType":"widget"}],"isInner":"","elType":"column"}],"isInner":"","elType":"section"},{"id":"28e9f813","settings":{"content_width":{"unit":"px","size":"1170"},"structure":"20","padding":{"unit":"px","top":"126","right":"0","bottom":"20","left":"0","isLinked":""},"padding_tablet":{"unit":"px","top":"65","right":"15","bottom":"20","left":"15","isLinked":""},"padding_mobile":{"unit":"px","top":"35","right":"15","bottom":"50","left":"15","isLinked":""}},"elements":[{"id":"401ecb26","settings":{"_column_size":"50","space_between_widgets":"0","color_link":"#d28c0e","color_link_hover":"#ad6c0c","margin_tablet":{"unit":"px","top":"0","right":"0","bottom":"0","left":"0","isLinked":""},"padding":{"unit":"px","top":"0","right":"0","bottom":"0","left":"0","isLinked":""},"padding_tablet":{"unit":"px","top":"0","right":"0","bottom":"0","left":"0","isLinked":""},"animation":"fadeInLeft","_inline_size_tablet":"66"},"elements":[{"id":"2f5690e8","settings":{"title":"Helen Lawson","header_size":"h5","align":"left","align_mobile":"center","title_color":"#202125","typography_typography":"custom","typography_font_family":"Amiri","typography_font_size":{"unit":"px","size":"48"},"typography_font_size_tablet":{"unit":"px","size":"60"},"typography_font_size_mobile":{"unit":"px","size":"50"},"typography_font_weight":"700","typography_line_height":{"unit":"px","size":"40"},"typography_line_height_mobile":{"unit":"px","size":"44"},"_margin":{"unit":"px","top":"0","right":"0","bottom":"0","left":"0","isLinked":""},"_margin_tablet":{"unit":"px","top":"20","right":"0","bottom":"0","left":"0","isLinked":""},"_margin_mobile":{"unit":"px","top":"20","right":"0","bottom":"0","left":"0","isLinked":""},"_padding":{"unit":"px","top":"0","right":"0","bottom":"0","left":"0","isLinked":""}},"elements":[],"isInner":false,"widgetType":"heading","elType":"widget"},{"id":"465316b5","settings":{"structure":"20","padding_mobile":{"unit":"em","top":"1","right":"1","bottom":"1","left":"1","isLinked":"1"}},"elements":[{"id":"3528e04d","settings":{"_column_size":"50","_inline_size":"32.991","_inline_size_tablet":"40"},"elements":[{"id":"9b684ef","settings":{"text":"(123) 456 7899","align":"left","align_mobile":"center","icon":"fa fa-phone","icon_indent":{"unit":"px","size":"10"},"typography_typography":"custom","typography_font_family":"Amiri","typography_font_size":{"unit":"px","size":"20"},"typography_font_size_tablet":{"unit":"px","size":"19"},"typography_font_size_mobile":{"unit":"px","size":"24"},"typography_font_weight":"700","typography_font_style":"italic","typography_line_height":{"unit":"em","size":"1.6"},"typography_line_height_tablet":{"unit":"px","size":"28"},"button_text_color":"#d28c0e","background_color":"rgba(0,0,0,0)","hover_animation":"grow","text_padding":{"unit":"em","top":"0","right":"0","bottom":"0","left":"0","isLinked":""},"_margin":{"unit":"px","top":"0","right":"0","bottom":"0","left":"0","isLinked":""},"_margin_tablet":{"unit":"px","top":"-10","right":"0","bottom":"0","left":"0","isLinked":""}},"elements":[],"isInner":false,"widgetType":"button","elType":"widget"}],"isInner":"1","elType":"column"},{"id":"68e3d1e0","settings":{"_column_size":"50","_inline_size":"67.009","_inline_size_tablet":"50"},"elements":[{"id":"320d53cd","settings":{"text":"h.stevens@lsa-firm.com","align":"left","align_mobile":"center","icon":"fa fa-envelope-o","icon_indent":{"unit":"px","size":"10"},"typography_typography":"custom","typography_font_family":"Amiri","typography_font_size":{"unit":"px","size":"20"},"typography_font_size_tablet":{"unit":"px","size":"19"},"typography_font_size_mobile":{"unit":"px","size":"24"},"typography_font_weight":"700","typography_font_style":"italic","typography_line_height":{"unit":"em","size":"1.6"},"typography_line_height_tablet":{"unit":"px","size":"28"},"button_text_color":"#d28c0e","background_color":"rgba(0,0,0,0)","hover_animation":"grow","text_padding":{"unit":"em","top":"0","right":"0","bottom":"0","left":"0","isLinked":""},"_margin":{"unit":"px","top":"0","right":"0","bottom":"0","left":"0","isLinked":""},"_margin_tablet":{"unit":"px","top":"-10","right":"0","bottom":"0","left":"0","isLinked":""}},"elements":[],"isInner":false,"widgetType":"button","elType":"widget"}],"isInner":"1","elType":"column"}],"isInner":"1","elType":"section"}],"isInner":"","elType":"column"},{"id":"a378f4c","settings":{"_column_size":"50","margin_mobile":{"unit":"px","top":"0","right":"0","bottom":"0","left":"0","isLinked":""},"padding":{"unit":"px","top":"12","right":"0","bottom":"0","left":"0","isLinked":""},"padding_mobile":{"unit":"px","top":"0","right":"0","bottom":"0","left":"0","isLinked":""},"_inline_size_tablet":"33"},"elements":[{"id":"10ae3c1f","settings":{"text":"Book Meeting","align":"right","align_mobile":"center","typography_typography":"custom","typography_font_family":"Amiri","typography_font_size":{"unit":"px","size":"14"},"typography_font_weight":"700","typography_text_transform":"uppercase","typography_letter_spacing":{"unit":"px","size":"4.2"},"background_color":"rgba(255,255,255,0)","hover_color":"#ffffff","button_background_hover_color":"#d28c0e","border_radius":{"unit":"px","top":"0","right":"0","bottom":"0","left":"0","isLinked":"1"},"text_padding":{"unit":"px","top":"26","right":"46","bottom":"22","left":"46","isLinked":""},"_margin":{"unit":"px","top":"0","right":"0","bottom":"0","left":"0","isLinked":""},"_margin_tablet":{"unit":"px","top":"0","right":"0","bottom":"0","left":"0","isLinked":""},"_margin_mobile":{"unit":"px","top":"30","right":"0","bottom":"0","left":"0","isLinked":""},"_animation":"fadeInUp","button_text_color":"#d28c0e","button_hover_border_color":"#d28c0e","border_border":"solid","border_width":{"unit":"px","top":"4","right":"4","bottom":"4","left":"4","isLinked":"1"},"border_color":"#d28c0e","text_padding_tablet":{"unit":"px","top":"20","right":"20","bottom":"20","left":"20","isLinked":"1"}},"elements":[],"isInner":false,"widgetType":"button","elType":"widget"}],"isInner":"","elType":"column"}],"isInner":"","elType":"section"},{"id":"7da16aa6","settings":{"content_width":{"unit":"px","size":"1170"},"padding":{"unit":"em","top":"0","right":"0","bottom":"2","left":"0","isLinked":""},"padding_tablet":{"unit":"px","top":"0","right":"15","bottom":"70","left":"15","isLinked":""},"padding_mobile":{"unit":"px","top":"0","right":"15","bottom":"40","left":"15","isLinked":""},"animation":"fadeInUp"},"elements":[{"id":"28133208","settings":{"_column_size":"100","padding":{"unit":"px","top":"0","right":"0","bottom":"0","left":"0","isLinked":""}},"elements":[{"id":"277797e5","settings":{"image":{"url":"http:\/\/sitefacilitado.com.br\/membros\/wp-content\/uploads\/2020\/03\/team1-1-1.jpg","id":"4714"},"image_size":"custom","image_custom_dimension":{"width":"1170","height":"430"},"css_filters_css_filter":"custom","css_filters_hue":{"unit":"px","size":"10"}},"elements":[],"isInner":false,"widgetType":"image","elType":"widget"}],"isInner":"","elType":"column"}],"isInner":"","elType":"section"},{"id":"beb61bb","settings":{"content_width":{"unit":"px","size":"1170"},"padding":{"unit":"em","top":"2","right":"0","bottom":"4","left":"0","isLinked":""},"padding_tablet":{"unit":"em","top":"2","right":"2","bottom":"2","left":"2","isLinked":"1"},"padding_mobile":{"unit":"px","top":"50","right":"15","bottom":"30","left":"15","isLinked":""},"background_background":"classic","background_overlay_background":"classic","background_overlay_size":"contain","background_overlay_opacity":{"unit":"px","size":"0.04"}},"elements":[{"id":"21d87de4","settings":{"_column_size":"100","space_between_widgets":"0","margin":{"unit":"px","top":"0","right":"0","bottom":"0","left":"0","isLinked":""},"padding":{"unit":"px","top":"0","right":"0","bottom":"0","left":"0","isLinked":""},"padding_tablet":{"unit":"em","top":"1","right":"1","bottom":"1","left":"1","isLinked":"1"},"padding_mobile":{"unit":"em","top":"0","right":"0","bottom":"0","left":"0","isLinked":"1"}},"elements":[{"id":"5322b7fb","settings":{"title":"Lawson & Associates","header_size":"p","align":"left","title_color":"#d28c0e","typography_typography":"custom","typography_font_family":"Amiri","typography_font_size":{"unit":"px","size":"22"},"typography_font_weight":"700","typography_font_style":"italic","typography_line_height":{"unit":"px","size":""},"typography_letter_spacing":{"unit":"px","size":"1.1"},"_margin":{"unit":"px","top":"15","right":"0","bottom":"0","left":"0","isLinked":""},"_margin_tablet":{"unit":"px","top":"20","right":"0","bottom":"0","left":"0","isLinked":""},"_animation":"fadeInUp","_animation_delay":"200","align_mobile":"center"},"elements":[],"isInner":false,"widgetType":"heading","elType":"widget"},{"id":"153f1345","settings":{"title":"General Counsel","title_color":"#202125","header_size":"h3","align":"left","typography_typography":"custom","typography_font_family":"Amiri","typography_font_size":{"unit":"px","size":"36"},"typography_font_weight":"700","typography_line_height":{"unit":"px","size":"40"},"typography_line_height_mobile":{"unit":"px","size":"44"},"_margin":{"unit":"px","top":"20","right":"0","bottom":"0","left":"0","isLinked":""},"_margin_mobile":{"unit":"px","top":"20","right":"0","bottom":"0","left":"0","isLinked":""},"_animation":"fadeInUp","_margin_tablet":{"unit":"px","top":"20","right":"0","bottom":"0","left":"0","isLinked":""},"typography_font_size_mobile":{"unit":"px","size":"43"},"align_mobile":"center"},"elements":[],"isInner":false,"widgetType":"heading","elType":"widget"}],"isInner":"","elType":"column"}],"isInner":"","elType":"section"},{"id":"2cf9c3b1","settings":{"structure":"40","content_width":{"unit":"px","size":"1170"},"padding":{"unit":"px","top":"0","right":"0","bottom":"100","left":"0","isLinked":""},"padding_tablet":{"unit":"px","top":"0","right":"15","bottom":"65","left":"15","isLinked":""},"padding_mobile":{"unit":"px","top":"0","right":"15","bottom":"35","left":"15","isLinked":""}},"elements":[{"id":"37b59444","settings":{"_column_size":"25","margin":{"unit":"px","top":"0","right":"22","bottom":"0","left":"0","isLinked":""},"margin_tablet":{"unit":"px","top":"0","right":"11","bottom":"0","left":"0","isLinked":""},"margin_mobile":{"unit":"px","top":"0","right":"0","bottom":"0","left":"0","isLinked":""},"padding":{"unit":"px","top":"0","right":"0","bottom":"0","left":"0","isLinked":""},"animation":"fadeInUp"},"elements":[{"id":"28b03f67","settings":{"image":{"url":"http:\/\/sitefacilitado.com.br\/membros\/wp-content\/uploads\/2020\/03\/rawpixel-795583-unsplash-copyright-min.jpg","id":"4715"},"image_size":"custom","image_custom_dimension":{"width":"270","height":"400"}},"elements":[],"isInner":false,"widgetType":"image","elType":"widget"},{"id":"7948cc45","settings":{"title":"Audrey Wiliams","header_size":"h5","align":"center","title_color":"#202125","typography_typography":"custom","typography_font_family":"Amiri","typography_font_size":{"unit":"px","size":"24"},"typography_font_size_tablet":{"unit":"px","size":"22"},"typography_font_weight":"700","typography_line_height":{"unit":"px","size":"34"},"_margin":{"unit":"px","top":"32","right":"0","bottom":"0","left":"0","isLinked":""},"_margin_tablet":{"unit":"px","top":"0","right":"0","bottom":"0","left":"0","isLinked":""}},"elements":[],"isInner":false,"widgetType":"heading","elType":"widget"},{"id":"1317296b","settings":{"editor":"<p>Lorem ipsum dolor sit amet, adipiscing elit, sed eiusmod tempor.<\/p>","align":"center","text_color":"#48494c","typography_typography":"custom","typography_font_family":"Didact Gothic","typography_font_size":{"unit":"px","size":"17"},"typography_font_weight":"400","typography_line_height":{"unit":"px","size":"27"},"typography_letter_spacing":{"unit":"px","size":"0.34"},"_margin":{"unit":"px","top":"-7","right":"0","bottom":"0","left":"0","isLinked":""},"_margin_tablet":{"unit":"px","top":"-15","right":"0","bottom":"0","left":"0","isLinked":""},"_margin_mobile":{"unit":"px","top":"-15","right":"0","bottom":"0","left":"0","isLinked":""},"_padding":{"unit":"px","top":"0","right":"20","bottom":"0","left":"20","isLinked":""},"_padding_tablet":{"unit":"px","top":"0","right":"0","bottom":"0","left":"0","isLinked":""}},"elements":[],"isInner":false,"widgetType":"text-editor","elType":"widget"}],"isInner":"","elType":"column"},{"id":"764d9165","settings":{"_column_size":"25","margin":{"unit":"px","top":"0","right":"15","bottom":"0","left":"8","isLinked":""},"margin_tablet":{"unit":"px","top":"0","right":"7","bottom":"0","left":"4","isLinked":""},"margin_mobile":{"unit":"px","top":"10","right":"0","bottom":"0","left":"0","isLinked":""},"padding":{"unit":"px","top":"0","right":"0","bottom":"0","left":"0","isLinked":""},"animation":"fadeInUp","animation_delay":"200"},"elements":[{"id":"44f3095f","settings":{"image":{"url":"http:\/\/sitefacilitado.com.br\/membros\/wp-content\/uploads\/2020\/03\/rawpixel-651370-unsplash-copyright-min.jpg","id":"4716"},"image_size":"custom","image_custom_dimension":{"width":"270","height":"400"}},"elements":[],"isInner":false,"widgetType":"image","elType":"widget"},{"id":"4ccf3eff","settings":{"title":"Holly Monroe","header_size":"h5","align":"center","title_color":"#202125","typography_typography":"custom","typography_font_family":"Amiri","typography_font_size":{"unit":"px","size":"24"},"typography_font_size_tablet":{"unit":"px","size":"22"},"typography_font_weight":"700","typography_line_height":{"unit":"px","size":"34"},"_margin":{"unit":"px","top":"32","right":"0","bottom":"0","left":"0","isLinked":""},"_margin_tablet":{"unit":"px","top":"0","right":"0","bottom":"0","left":"0","isLinked":""}},"elements":[],"isInner":false,"widgetType":"heading","elType":"widget"},{"id":"3150e53c","settings":{"editor":"<p>Lorem ipsum dolor sit amet, adipiscing elit, sed eiusmod tempor.<\/p>","align":"center","text_color":"#48494c","typography_typography":"custom","typography_font_family":"Didact Gothic","typography_font_size":{"unit":"px","size":"17"},"typography_font_weight":"400","typography_line_height":{"unit":"px","size":"27"},"typography_letter_spacing":{"unit":"px","size":"0.34"},"_margin":{"unit":"px","top":"-7","right":"0","bottom":"0","left":"0","isLinked":""},"_margin_tablet":{"unit":"px","top":"-15","right":"0","bottom":"0","left":"0","isLinked":""},"_margin_mobile":{"unit":"px","top":"-15","right":"0","bottom":"0","left":"0","isLinked":""},"_padding":{"unit":"px","top":"0","right":"20","bottom":"0","left":"20","isLinked":""},"_padding_tablet":{"unit":"px","top":"0","right":"0","bottom":"0","left":"0","isLinked":""}},"elements":[],"isInner":false,"widgetType":"text-editor","elType":"widget"}],"isInner":"","elType":"column"},{"id":"1ca5185e","settings":{"_column_size":"25","margin":{"unit":"px","top":"0","right":"8","bottom":"0","left":"15","isLinked":""},"margin_tablet":{"unit":"px","top":"0","right":"4","bottom":"0","left":"7","isLinked":""},"margin_mobile":{"unit":"px","top":"10","right":"0","bottom":"0","left":"0","isLinked":""},"padding":{"unit":"px","top":"0","right":"0","bottom":"0","left":"0","isLinked":""},"animation":"fadeInUp","animation_delay":"400"},"elements":[{"id":"24364019","settings":{"image":{"url":"http:\/\/sitefacilitado.com.br\/membros\/wp-content\/uploads\/2020\/03\/rawpixel-268375-unsplash-copyright-min.jpg","id":"4717"},"image_size":"custom","image_custom_dimension":{"width":"270","height":"400"}},"elements":[],"isInner":false,"widgetType":"image","elType":"widget"},{"id":"50d057a","settings":{"title":"Wiliam Gardner","header_size":"h5","align":"center","title_color":"#202125","typography_typography":"custom","typography_font_family":"Amiri","typography_font_size":{"unit":"px","size":"24"},"typography_font_size_tablet":{"unit":"px","size":"22"},"typography_font_weight":"700","typography_line_height":{"unit":"px","size":"34"},"_margin":{"unit":"px","top":"32","right":"0","bottom":"0","left":"0","isLinked":""},"_margin_tablet":{"unit":"px","top":"0","right":"0","bottom":"0","left":"0","isLinked":""}},"elements":[],"isInner":false,"widgetType":"heading","elType":"widget"},{"id":"58dd97d8","settings":{"editor":"<p>Lorem ipsum dolor sit amet, adipiscing elit, sed eiusmod tempor.<\/p>","align":"center","text_color":"#48494c","typography_typography":"custom","typography_font_family":"Didact Gothic","typography_font_size":{"unit":"px","size":"17"},"typography_font_weight":"400","typography_line_height":{"unit":"px","size":"27"},"typography_letter_spacing":{"unit":"px","size":"0.34"},"_margin":{"unit":"px","top":"-7","right":"0","bottom":"0","left":"0","isLinked":""},"_margin_tablet":{"unit":"px","top":"-15","right":"0","bottom":"0","left":"0","isLinked":""},"_margin_mobile":{"unit":"px","top":"-15","right":"0","bottom":"0","left":"0","isLinked":""},"_padding":{"unit":"px","top":"0","right":"20","bottom":"0","left":"20","isLinked":""},"_padding_tablet":{"unit":"px","top":"0","right":"0","bottom":"0","left":"0","isLinked":""}},"elements":[],"isInner":false,"widgetType":"text-editor","elType":"widget"}],"isInner":"","elType":"column"},{"id":"16859a00","settings":{"_column_size":"25","margin":{"unit":"px","top":"0","right":"0","bottom":"0","left":"22","isLinked":""},"margin_tablet":{"unit":"px","top":"0","right":"0","bottom":"0","left":"11","isLinked":""},"margin_mobile":{"unit":"px","top":"10","right":"0","bottom":"0","left":"0","isLinked":""},"padding":{"unit":"px","top":"0","right":"0","bottom":"0","left":"0","isLinked":""},"animation":"fadeInUp","animation_delay":"600"},"elements":[{"id":"34eecbc4","settings":{"image":{"url":"http:\/\/sitefacilitado.com.br\/membros\/wp-content\/uploads\/2020\/03\/ali-morshedlou-566510-unsplash-copyright-min-scaled.jpg","id":"4703"},"image_size":"custom","image_custom_dimension":{"width":"270","height":"400"}},"elements":[],"isInner":false,"widgetType":"image","elType":"widget"},{"id":"5b8e9252","settings":{"title":"Juan Black","header_size":"h5","align":"center","title_color":"#202125","typography_typography":"custom","typography_font_family":"Amiri","typography_font_size":{"unit":"px","size":"24"},"typography_font_size_tablet":{"unit":"px","size":"22"},"typography_font_weight":"700","typography_line_height":{"unit":"px","size":"34"},"_margin":{"unit":"px","top":"32","right":"0","bottom":"0","left":"0","isLinked":""},"_margin_tablet":{"unit":"px","top":"0","right":"0","bottom":"0","left":"0","isLinked":""}},"elements":[],"isInner":false,"widgetType":"heading","elType":"widget"},{"id":"306a9a45","settings":{"editor":"<p>Lorem ipsum dolor sit amet, adipiscing elit, sed eiusmod tempor.<\/p>","align":"center","text_color":"#48494c","typography_typography":"custom","typography_font_family":"Didact Gothic","typography_font_size":{"unit":"px","size":"17"},"typography_font_weight":"400","typography_line_height":{"unit":"px","size":"27"},"typography_letter_spacing":{"unit":"px","size":"0.34"},"_margin":{"unit":"px","top":"-7","right":"0","bottom":"0","left":"0","isLinked":""},"_margin_tablet":{"unit":"px","top":"-15","right":"0","bottom":"0","left":"0","isLinked":""},"_margin_mobile":{"unit":"px","top":"-15","right":"0","bottom":"0","left":"0","isLinked":""},"_padding":{"unit":"px","top":"0","right":"20","bottom":"0","left":"20","isLinked":""},"_padding_tablet":{"unit":"px","top":"0","right":"0","bottom":"0","left":"0","isLinked":""}},"elements":[],"isInner":false,"widgetType":"text-editor","elType":"widget"}],"isInner":"","elType":"column"}],"isInner":"","elType":"section"},{"id":"d692e43","settings":{"background_background":"classic","background_image":{"url":"http:\/\/sitefacilitado.com.br\/membros\/wp-content\/uploads\/2020\/03\/giammarco-boscaro-380907-unsplash-copyright-min.jpg","id":"4683"},"content_width":{"unit":"px","size":"1170"},"background_position":"center center","background_repeat":"no-repeat","background_size":"cover","background_overlay_background":"classic","background_overlay_color":"#131212","background_overlay_opacity":{"unit":"px","size":"0.7"},"padding":{"unit":"px","top":"205","right":"0","bottom":"240","left":"0","isLinked":""},"padding_tablet":{"unit":"px","top":"60","right":"15","bottom":"70","left":"15","isLinked":""},"padding_mobile":{"unit":"px","top":"30","right":"15","bottom":"50","left":"15","isLinked":""}},"elements":[{"id":"46f10415","settings":{"_column_size":"100"},"elements":[{"id":"4bc409bb","settings":{"title":"Welcome to the Law Firm","header_size":"p","align":"center","title_color":"#d28c0e","typography_typography":"custom","typography_font_family":"Amiri","typography_font_size":{"unit":"px","size":"22"},"typography_font_weight":"700","typography_font_style":"italic","typography_line_height":{"unit":"px","size":""},"typography_letter_spacing":{"unit":"px","size":"1.1"},"_margin":{"unit":"px","top":"28","right":"0","bottom":"0","left":"0","isLinked":""},"_margin_tablet":{"unit":"px","top":"10","right":"0","bottom":"0","left":"0","isLinked":""},"_animation":"fadeInUp","_animation_delay":"200"},"elements":[],"isInner":false,"widgetType":"heading","elType":"widget"},{"id":"6761fa8a","settings":{"title":"Compassionate Support Backed by Decades of Experience","header_size":"h3","align":"center","title_color":"#ffffff","typography_typography":"custom","typography_font_family":"Amiri","typography_font_size":{"unit":"px","size":"70"},"typography_font_size_tablet":{"unit":"px","size":"60"},"typography_font_size_mobile":{"unit":"px","size":"38"},"typography_font_weight":"700","typography_line_height_mobile":{"unit":"px","size":"46"},"_margin":{"unit":"px","top":"30","right":"0","bottom":"0","left":"0","isLinked":""},"_margin_tablet":{"unit":"px","top":"0","right":"0","bottom":"0","left":"0","isLinked":""},"_animation":"fadeInUp","_animation_delay":"400"},"elements":[],"isInner":false,"widgetType":"heading","elType":"widget"},{"id":"7b99fdca","settings":{"text":"More Information","align":"center","align_mobile":"center","typography_typography":"custom","typography_font_family":"Amiri","typography_font_size":{"unit":"px","size":"16"},"typography_font_weight":"700","typography_text_transform":"uppercase","typography_letter_spacing":{"unit":"px","size":"4.2"},"background_color":"#d28c0e","hover_color":"#d28c0e","button_background_hover_color":"rgba(255,255,255,0)","border_border":"solid","border_width":{"unit":"px","top":"3","right":"3","bottom":"3","left":"3","isLinked":"1"},"border_color":"#d28c0e","border_radius":{"unit":"px","top":"0","right":"0","bottom":"0","left":"0","isLinked":"1"},"text_padding":{"unit":"px","top":"26","right":"48","bottom":"26","left":"48","isLinked":""},"text_padding_mobile":{"unit":"px","top":"20","right":"20","bottom":"20","left":"20","isLinked":"1"},"_margin":{"unit":"px","top":"0","right":"0","bottom":"0","left":"0","isLinked":""},"_margin_mobile":{"unit":"px","top":"20","right":"7","bottom":"0","left":"0","isLinked":""},"_margin_tablet":{"unit":"px","top":"20","right":"7","bottom":"0","left":"0","isLinked":""}},"elements":[],"isInner":false,"widgetType":"button","elType":"widget"}],"isInner":"","elType":"column"}],"isInner":"","elType":"section"}]}