{"content":[{"id":"6da92451","settings":{"content_width":{"unit":"px","size":935},"background_background":"classic","background_image":{"id":"3445","url":"https:\/\/cliente.shazamlnv.com\/setasolar\/wp-content\/uploads\/2022\/04\/giammarco-boscaro-380907-unsplash-copyright-min.jpg"},"background_position":"center center","background_repeat":"no-repeat","background_size":"cover","background_overlay_background":"classic","background_overlay_color":"#202125","background_overlay_opacity":{"unit":"px","size":0.6999999999999999555910790149937383830547332763671875},"padding":{"unit":"px","top":"248","right":"0","bottom":"250","left":"0","isLinked":false},"padding_tablet":{"unit":"px","top":"70","right":"15","bottom":"80","left":"15","isLinked":false},"padding_mobile":{"unit":"px","top":"50","right":"15","bottom":"50","left":"15","isLinked":false},"background_overlay_color_stop":{"unit":"%","size":44},"background_overlay_color_b":"rgba(255,255,255,0)","background_overlay_color_b_stop":{"unit":"%","size":39},"overlay_blend_mode":"multiply"},"elements":[{"id":"2575d1fd","settings":{"_column_size":100,"background_background":"classic","padding":{"unit":"px","top":"0","right":"0","bottom":"0","left":"0","isLinked":false}},"elements":[{"id":"30391ec6","settings":{"title":"Welcome to the Law Firm","header_size":"p","align":"center","title_color":"#d28c0e","typography_typography":"custom","typography_font_family":"Amiri","typography_font_size":{"unit":"px","size":30},"typography_font_weight":"700","typography_font_style":"italic","typography_line_height":{"unit":"px","size":""},"typography_letter_spacing":{"unit":"px","size":1.5},"_margin":{"unit":"px","top":"0","right":"0","bottom":"0","left":"0","isLinked":false},"_margin_tablet":{"unit":"px","top":"10","right":"0","bottom":"0","left":"0","isLinked":false},"_animation":"fadeInUp","_animation_delay":300,"typography_font_size_mobile":{"unit":"px","size":26}},"elements":[],"isInner":false,"widgetType":"heading","elType":"widget"},{"id":"4abc5939","settings":{"title":"Compassionate Support Backed by Decades of Experience","header_size":"h1","title_color":"#ffffff","align":"center","typography_typography":"custom","typography_font_family":"Amiri","typography_font_size":{"unit":"px","size":90},"typography_font_size_tablet":{"unit":"px","size":80},"typography_font_size_mobile":{"unit":"px","size":46},"typography_font_weight":"700","typography_line_height":{"unit":"px","size":90},"typography_line_height_tablet":{"unit":"px","size":80},"typography_line_height_mobile":{"unit":"px","size":52},"_margin":{"unit":"px","top":"22","right":"0","bottom":"0","left":"0","isLinked":false},"_margin_tablet":{"unit":"px","top":"0","right":"0","bottom":"0","left":"0","isLinked":false},"_padding":{"unit":"px","top":"0","right":"0","bottom":"0","left":"0","isLinked":false},"_padding_tablet":{"unit":"px","top":"0","right":"0","bottom":"0","left":"0","isLinked":false},"_animation":"fadeInUp","_animation_delay":500},"elements":[],"isInner":false,"widgetType":"heading","elType":"widget"}],"isInner":false,"elType":"column"}],"isInner":false,"elType":"section"},{"id":"2f967a8","settings":{"structure":"20","background_background":"classic","background_color":"#141318","content_width":{"unit":"px","size":1170},"padding":{"unit":"px","top":"60","right":"0","bottom":"60","left":"0","isLinked":false},"padding_tablet":{"unit":"px","top":"50","right":"15","bottom":"50","left":"15","isLinked":false},"padding_mobile":{"unit":"px","top":"30","right":"0","bottom":"50","left":"0","isLinked":false}},"elements":[{"id":"5ae68417","settings":{"_column_size":50,"_inline_size":65,"content_position":"center","margin":{"unit":"px","top":"0","right":"0","bottom":"0","left":"0","isLinked":true},"padding":{"unit":"px","top":"0","right":"0","bottom":"0","left":"0","isLinked":false},"animation":"fadeInLeft"},"elements":[{"id":"5a4daafb","settings":{"title":"LOOKING FOR A RELIABLE & DEDICATED PARTNER?","header_size":"h4","title_color":"#ffffff","align":"left","align_mobile":"center","typography_typography":"custom","typography_font_family":"Amiri","typography_font_size":{"unit":"px","size":30},"typography_font_size_mobile":{"unit":"px","size":26},"typography_font_weight":"700","typography_text_transform":"uppercase","typography_line_height":{"unit":"px","size":34},"_margin":{"unit":"px","top":"0","right":"0","bottom":"0","left":"0","isLinked":false},"_margin_tablet":{"unit":"px","top":"0","right":"0","bottom":"0","left":"0","isLinked":false},"_padding":{"unit":"px","top":"0","right":"0","bottom":"0","left":"0","isLinked":false}},"elements":[],"isInner":false,"widgetType":"heading","elType":"widget"}],"isInner":false,"elType":"column"},{"id":"2c969215","settings":{"_column_size":50,"_inline_size":35,"content_position":"center","padding":{"unit":"px","top":"0","right":"0","bottom":"0","left":"0","isLinked":false},"margin":{"unit":"px","top":"0","right":"0","bottom":"0","left":"0","isLinked":true}},"elements":[{"id":"684806ad","settings":{"text":"Request Consultation","align":"right","typography_typography":"custom","typography_font_family":"Amiri","typography_font_size":{"unit":"px","size":16},"typography_font_weight":"700","typography_text_transform":"uppercase","typography_letter_spacing":{"unit":"px","size":4.20000000000000017763568394002504646778106689453125},"background_color":"#d28c0e","hover_color":"#d28c0e","button_background_hover_color":"rgba(255,255,255,0)","border_radius":{"unit":"px","top":"0","right":"0","bottom":"0","left":"0","isLinked":true},"text_padding":{"unit":"px","top":"26","right":"48","bottom":"26","left":"48","isLinked":false},"_margin":{"unit":"px","top":"0","right":"0","bottom":"0","left":"0","isLinked":false},"_margin_tablet":{"unit":"px","top":"20","right":"7","bottom":"0","left":"0","isLinked":false},"_margin_mobile":{"unit":"px","top":"0","right":"7","bottom":"0","left":"0","isLinked":false},"border_border":"solid","border_width":{"unit":"px","top":"3","right":"3","bottom":"3","left":"3","isLinked":true},"border_color":"#d28c0e"},"elements":[],"isInner":false,"widgetType":"button","elType":"widget"}],"isInner":false,"elType":"column"}],"isInner":false,"elType":"section"},{"id":"2f7b7494","settings":{"structure":"20","content_width":{"unit":"px","size":1170},"padding":{"unit":"px","top":"120","right":"0","bottom":"120","left":"0","isLinked":false},"padding_tablet":{"unit":"px","top":"80","right":"15","bottom":"80","left":"15","isLinked":false},"padding_mobile":{"unit":"px","top":"50","right":"15","bottom":"0","left":"15","isLinked":false},"background_background":"classic","background_overlay_background":"classic","background_overlay_size":"contain","background_overlay_opacity":{"unit":"px","size":0.0299999999999999988897769753748434595763683319091796875}},"elements":[{"id":"8b41455","settings":{"_column_size":50,"_inline_size":null,"background_background":"classic","background_image":{"id":"3446","url":"https:\/\/cliente.shazamlnv.com\/setasolar\/wp-content\/uploads\/2022\/04\/rawpixel-592442-unsplash-copyright-min.jpg"},"background_position":"center center","background_repeat":"no-repeat","background_size":"cover","background_overlay_background":"classic","background_overlay_color":"#131212","background_overlay_opacity":{"unit":"px","size":0.59999999999999997779553950749686919152736663818359375},"padding":{"unit":"px","top":"142","right":"0","bottom":"136","left":"70","isLinked":false},"padding_tablet":{"unit":"px","top":"100","right":"20","bottom":"100","left":"40","isLinked":false},"padding_mobile":{"unit":"px","top":"40","right":"15","bottom":"50","left":"15","isLinked":false},"animation":"fadeInLeft"},"elements":[{"id":"68b6ad5f","settings":{"content_width":{"unit":"px","size":100},"padding":{"unit":"px","top":"0","right":"411","bottom":"0","left":"0","isLinked":false},"padding_tablet":{"unit":"px","top":"0","right":"196","bottom":"0","left":"0","isLinked":false},"padding_mobile":{"unit":"px","top":"0","right":"0","bottom":"0","left":"0","isLinked":false}},"elements":[{"id":"69256ffe","settings":{"_column_size":100,"_inline_size":null,"padding":{"unit":"px","top":"0","right":"0","bottom":"0","left":"0","isLinked":false}},"elements":[{"id":"6c979d66","settings":{"youtube_url":"https:\/\/www.youtube.com\/watch?v=9uOETcuFjbE","vimeo_url":"https:\/\/vimeo.com\/235215203","dailymotion_url":"https:\/\/www.dailymotion.com\/video\/x6koazf","show_image_overlay":"yes","image_overlay":{"id":"3447","url":"https:\/\/cliente.shazamlnv.com\/setasolar\/wp-content\/uploads\/2022\/04\/play-icon.png"},"show_play_icon":"","lightbox":"yes","_margin_tablet":{"unit":"px","top":"0","right":"0","bottom":"0","left":"0","isLinked":false},"_padding_tablet":{"unit":"px","top":"0","right":"0","bottom":"0","left":"0","isLinked":false}},"elements":[],"isInner":false,"widgetType":"video","elType":"widget"}],"isInner":true,"elType":"column"}],"isInner":true,"elType":"section"},{"id":"77660a0a","settings":{"title":"Consultation Process","header_size":"h5","align":"left","align_tablet":"left","align_mobile":"center","title_color":"#ffffff","typography_typography":"custom","typography_font_family":"Amiri","typography_font_size":{"unit":"px","size":36},"typography_font_size_tablet":{"unit":"px","size":30},"typography_font_size_mobile":{"unit":"px","size":26},"typography_font_weight":"700","typography_font_style":"italic","typography_line_height":{"unit":"px","size":44},"typography_line_height_tablet":{"unit":"px","size":40},"typography_line_height_mobile":{"unit":"px","size":36},"_margin":{"unit":"px","top":"20","right":"0","bottom":"0","left":"0","isLinked":false}},"elements":[],"isInner":false,"widgetType":"heading","elType":"widget"}],"isInner":false,"elType":"column"},{"id":"8f45f99","settings":{"_column_size":50,"_inline_size":null,"_inline_size_tablet":50,"content_position":"center","space_between_widgets":0,"margin_mobile":{"unit":"px","top":"30","right":"0","bottom":"30","left":"0","isLinked":false},"padding":{"unit":"px","top":"0","right":"0","bottom":"0","left":"100","isLinked":false},"padding_tablet":{"unit":"px","top":"0","right":"0","bottom":"0","left":"30","isLinked":false},"padding_mobile":{"unit":"px","top":"0","right":"0","bottom":"0","left":"0","isLinked":false},"animation":"fadeInRight"},"elements":[{"id":"5ebfdf18","settings":{"title":"Reaching The Stars For Our Clients","align":"left","title_color":"#202125","typography_typography":"custom","typography_font_family":"Amiri","typography_font_size":{"unit":"px","size":55},"typography_font_size_mobile":{"unit":"px","size":44},"typography_font_weight":"700","typography_line_height":{"unit":"px","size":55},"typography_line_height_mobile":{"unit":"px","size":48},"_margin":{"unit":"px","top":"0","right":"0","bottom":"0","left":"0","isLinked":false},"_margin_tablet":{"unit":"px","top":"0","right":"0","bottom":"0","left":"0","isLinked":false},"_padding":{"unit":"px","top":"0","right":"0","bottom":"0","left":"0","isLinked":false},"_padding_tablet":{"unit":"px","top":"0","right":"0","bottom":"0","left":"0","isLinked":false}},"elements":[],"isInner":false,"widgetType":"heading","elType":"widget"},{"id":"68ca1fb8","settings":{"title":"Welcome to the Law Firm","header_size":"p","align":"left","title_color":"#d28c0e","typography_typography":"custom","typography_font_family":"Amiri","typography_font_size":{"unit":"px","size":20},"typography_font_weight":"700","typography_font_style":"italic","typography_line_height":{"unit":"px","size":""},"typography_letter_spacing":{"unit":"px","size":1},"_margin":{"unit":"px","top":"15","right":"0","bottom":"0","left":"0","isLinked":false},"_margin_tablet":{"unit":"px","top":"10","right":"0","bottom":"0","left":"0","isLinked":false}},"elements":[],"isInner":false,"widgetType":"heading","elType":"widget"},{"id":"5c2fa1ef","settings":{"editor":"<p>Lorem ipsum dolor sit amet, consectetur adipiscing elit, sed do eiusmod tempor incididunt ut labore et dolore magna aliqua.<\/p><p>Ut enim ad minim veniam, quis nostrud exercitation ullamco laboris nisi ut aliquip ex ea commodo consequat. Duis aute irure dolor in reprehenderit in voluptate velit.<\/p>","text_color":"#48494c","typography_typography":"custom","typography_font_family":"Didact Gothic","typography_font_size":{"unit":"px","size":17},"typography_font_weight":"400","typography_line_height":{"unit":"px","size":27},"typography_letter_spacing":{"unit":"px","size":0.340000000000000024424906541753443889319896697998046875},"_margin":{"unit":"px","top":"35","right":"0","bottom":"0","left":"0","isLinked":false},"_margin_tablet":{"unit":"px","top":"0","right":"0","bottom":"0","left":"0","isLinked":false},"_margin_mobile":{"unit":"px","top":"-5","right":"0","bottom":"0","left":"0","isLinked":false},"_padding":{"unit":"px","top":"0","right":"0","bottom":"0","left":"0","isLinked":false}},"elements":[],"isInner":false,"widgetType":"text-editor","elType":"widget"}],"isInner":false,"elType":"column"}],"isInner":false,"elType":"section"},{"id":"49ec39af","settings":{"content_width":{"unit":"px","size":900},"background_background":"classic","background_image":{"id":"3448","url":"https:\/\/cliente.shazamlnv.com\/setasolar\/wp-content\/uploads\/2022\/04\/rawpixel-633841-unsplash-copyright.jpg"},"background_position":"center center","background_repeat":"no-repeat","background_size":"cover","background_overlay_background":"classic","background_overlay_color":"#202125","background_overlay_opacity":{"unit":"px","size":0.6999999999999999555910790149937383830547332763671875},"padding":{"unit":"px","top":"195","right":"0","bottom":"200","left":"0","isLinked":false},"padding_tablet":{"unit":"px","top":"75","right":"15","bottom":"80","left":"15","isLinked":false},"padding_mobile":{"unit":"px","top":"30","right":"15","bottom":"50","left":"15","isLinked":false},"overlay_blend_mode":"multiply"},"elements":[{"id":"25363eeb","settings":{"_column_size":100,"background_background":"classic","padding":{"unit":"px","top":"0","right":"0","bottom":"0","left":"0","isLinked":false}},"elements":[{"id":"11254807","settings":{"title":"Civil Litigation","align":"center","title_color":"#ffffff","typography_typography":"custom","typography_font_family":"Amiri","typography_font_size":{"unit":"px","size":70},"typography_font_size_mobile":{"unit":"px","size":44},"typography_font_weight":"700","typography_line_height_mobile":{"unit":"px","size":48},"_margin":{"unit":"px","top":"0","right":"0","bottom":"0","left":"0","isLinked":false},"_margin_mobile":{"unit":"px","top":"20","right":"0","bottom":"0","left":"0","isLinked":false},"_animation":"fadeInUp"},"elements":[],"isInner":false,"widgetType":"heading","elType":"widget"},{"id":"7ed66344","settings":{"editor":"<p>A Successful Strategy, From the First Day of Consultation<\/p>","align":"center","text_color":"#ffffff","typography_typography":"custom","typography_font_family":"Amiri","typography_font_size":{"unit":"px","size":30},"typography_font_weight":"700","typography_line_height":{"unit":"px","size":38},"_margin":{"unit":"px","top":"-25","right":"0","bottom":"0","left":"0","isLinked":false},"_animation":"fadeInUp","_animation_delay":200,"typography_font_style":"italic","_margin_mobile":{"unit":"px","top":"-15","right":"0","bottom":"0","left":"0","isLinked":false}},"elements":[],"isInner":false,"widgetType":"text-editor","elType":"widget"},{"id":"14106823","settings":{"editor":"<p>Lorem ipsum dolor sit amet, consectetur adipisicing elit, sed do eiusmod tempor incididunt ut labore et dolore magna aliqua. Ut enim ad minim veniam, quis nostrud exercitation ullamco.<\/p>","text_color":"#ffffff","align":"center","typography_typography":"custom","typography_font_family":"Didact Gothic","typography_font_size":{"unit":"px","size":20},"typography_font_size_mobile":{"unit":"px","size":18},"typography_font_weight":"400","typography_line_height":{"unit":"px","size":34},"typography_line_height_mobile":{"unit":"px","size":30},"typography_letter_spacing":{"unit":"px","size":0.40000000000000002220446049250313080847263336181640625},"_margin":{"unit":"px","top":"25","right":"0","bottom":"0","left":"0","isLinked":false},"_margin_tablet":{"unit":"px","top":"0","right":"0","bottom":"0","left":"0","isLinked":false},"_margin_mobile":{"unit":"px","top":"-15","right":"0","bottom":"0","left":"0","isLinked":false},"_padding":{"unit":"px","top":"0","right":"0","bottom":"0","left":"0","isLinked":false},"_padding_tablet":{"unit":"px","top":"0","right":"50","bottom":"0","left":"50","isLinked":false},"_padding_mobile":{"unit":"px","top":"0","right":"0","bottom":"0","left":"0","isLinked":false},"_animation":"fadeInUp","_animation_delay":400},"elements":[],"isInner":false,"widgetType":"text-editor","elType":"widget"},{"id":"442b103c","settings":{"structure":"30","margin":{"unit":"px","top":"40","right":0,"bottom":"0","left":0,"isLinked":false},"margin_mobile":{"unit":"px","top":"30","right":0,"bottom":"0","left":0,"isLinked":false},"animation":"fadeInUp","animation_delay":600},"elements":[{"id":"6c591e4a","settings":{"_column_size":33,"_inline_size":42.77799999999999869260136620141565799713134765625,"_inline_size_tablet":48,"content_position":"center","margin_mobile":{"unit":"px","top":"0","right":"0","bottom":"0","left":"0","isLinked":false},"padding":{"unit":"px","top":"0","right":"40","bottom":"0","left":"0","isLinked":false},"padding_mobile":{"unit":"px","top":"0","right":"0","bottom":"0","left":"0","isLinked":false}},"elements":[],"isInner":true,"elType":"column"},{"id":"1cf750b8","settings":{"_column_size":33,"_inline_size":9.5559999999999991615595718030817806720733642578125,"_inline_size_tablet":10,"_inline_size_mobile":25,"margin_mobile":{"unit":"px","top":"30","right":"0","bottom":"0","left":"0","isLinked":false},"padding":{"unit":"px","top":"0","right":"0","bottom":"0","left":"0","isLinked":false},"animation":"fadeInRight"},"elements":[{"id":"5df59f24","settings":{"youtube_url":"https:\/\/www.youtube.com\/watch?v=9uOETcuFjbE","vimeo_url":"https:\/\/vimeo.com\/235215203","dailymotion_url":"https:\/\/www.dailymotion.com\/video\/x6koazf","show_image_overlay":"yes","image_overlay":{"id":"3447","url":"https:\/\/cliente.shazamlnv.com\/setasolar\/wp-content\/uploads\/2022\/04\/play-icon.png"},"show_play_icon":"","lightbox":"yes"},"elements":[],"isInner":false,"widgetType":"video","elType":"widget"}],"isInner":true,"elType":"column"},{"id":"3240081f","settings":{"_column_size":33,"_inline_size":46.99799999999999755573298898525536060333251953125,"_inline_size_mobile":75,"content_position":"center","margin_mobile":{"unit":"px","top":"30","right":"0","bottom":"0","left":"0","isLinked":false},"padding":{"unit":"px","top":"0","right":"0","bottom":"0","left":"20","isLinked":false}},"elements":[{"id":"17953b08","settings":{"title":"Watch Overview","header_size":"h5","title_color":"#ffffff","typography_typography":"custom","typography_font_family":"Amiri","typography_font_size":{"unit":"px","size":22},"typography_font_weight":"700"},"elements":[],"isInner":false,"widgetType":"heading","elType":"widget"}],"isInner":true,"elType":"column"}],"isInner":true,"elType":"section"}],"isInner":false,"elType":"column"}],"isInner":false,"elType":"section"},{"id":"16477ee0","settings":{"structure":"20","content_width":{"unit":"px","size":1170},"background_background":"classic","background_color":"#f4f4f4","padding":{"unit":"px","top":"115","right":"0","bottom":"120","left":"0","isLinked":false},"padding_tablet":{"unit":"px","top":"75","right":"15","bottom":"60","left":"15","isLinked":false},"padding_mobile":{"unit":"px","top":"50","right":"15","bottom":"30","left":"15","isLinked":false},"background_overlay_background":"classic","background_overlay_image":{"id":"3449","url":"https:\/\/cliente.shazamlnv.com\/setasolar\/wp-content\/uploads\/2022\/04\/4-1.jpg"},"background_overlay_size":"contain","background_overlay_opacity":{"unit":"px","size":0.040000000000000000832667268468867405317723751068115234375}},"elements":[{"id":"5a75e718","settings":{"_column_size":50,"_inline_size":null,"space_between_widgets":0,"padding":{"unit":"px","top":"0","right":"100","bottom":"0","left":"0","isLinked":false},"padding_tablet":{"unit":"px","top":"0","right":"20","bottom":"0","left":"0","isLinked":false},"animation":"fadeInLeft"},"elements":[{"id":"1de35a31","settings":{"title":"Devoted To Our Fellow Citizens","align":"left","title_color":"#202125","typography_typography":"custom","typography_font_family":"Amiri","typography_font_size":{"unit":"px","size":55},"typography_font_size_mobile":{"unit":"px","size":44},"typography_font_weight":"700","typography_line_height":{"unit":"px","size":55},"typography_line_height_mobile":{"unit":"px","size":48},"_margin":{"unit":"px","top":"0","right":"0","bottom":"0","left":"0","isLinked":false},"_margin_tablet":{"unit":"px","top":"0","right":"0","bottom":"0","left":"0","isLinked":false},"_padding":{"unit":"px","top":"0","right":"50","bottom":"0","left":"0","isLinked":false},"_padding_tablet":{"unit":"px","top":"0","right":"0","bottom":"0","left":"0","isLinked":false}},"elements":[],"isInner":false,"widgetType":"heading","elType":"widget"},{"id":"5b7cccac","settings":{"title":"Practice Areas","header_size":"p","align":"left","title_color":"#d28c0e","typography_typography":"custom","typography_font_family":"Amiri","typography_font_size":{"unit":"px","size":20},"typography_font_weight":"700","typography_font_style":"italic","typography_line_height":{"unit":"px","size":""},"typography_letter_spacing":{"unit":"px","size":1},"_margin":{"unit":"px","top":"13","right":"0","bottom":"0","left":"0","isLinked":false},"_margin_tablet":{"unit":"px","top":"10","right":"0","bottom":"0","left":"0","isLinked":false}},"elements":[],"isInner":false,"widgetType":"heading","elType":"widget"},{"id":"6acbebf1","settings":{"editor":"<p>Ut enim ad minim veniam, quis nostrud exercitation ullamco laboris nisi ut aliquip ex ea commodo consequat. Duis aute irure dolor in reprehenderit in voluptate velit.<\/p>","text_color":"#48494c","typography_typography":"custom","typography_font_family":"Didact Gothic","typography_font_size":{"unit":"px","size":16},"typography_font_weight":"400","typography_line_height":{"unit":"px","size":27},"typography_letter_spacing":{"unit":"px","size":0.320000000000000006661338147750939242541790008544921875},"_margin":{"unit":"px","top":"45","right":"0","bottom":"0","left":"0","isLinked":false},"_margin_tablet":{"unit":"px","top":"0","right":"0","bottom":"0","left":"0","isLinked":false},"_margin_mobile":{"unit":"px","top":"-5","right":"0","bottom":"0","left":"0","isLinked":false},"_padding":{"unit":"px","top":"0","right":"0","bottom":"0","left":"0","isLinked":false}},"elements":[],"isInner":false,"widgetType":"text-editor","elType":"widget"},{"id":"4a0a4926","settings":{"text":"MORE ABOUT US","align":"left","typography_typography":"custom","typography_font_family":"Amiri","typography_font_size":{"unit":"px","size":14},"typography_font_weight":"700","typography_text_transform":"uppercase","typography_letter_spacing":{"unit":"px","size":4.20000000000000017763568394002504646778106689453125},"background_color":"rgba(255,255,255,0.3)","hover_color":"#ffffff","button_background_hover_color":"#d28c0e","border_radius":{"unit":"px","top":"0","right":"0","bottom":"0","left":"0","isLinked":true},"text_padding":{"unit":"px","top":"26","right":"46","bottom":"22","left":"46","isLinked":false},"_margin":{"unit":"px","top":"40","right":"0","bottom":"0","left":"0","isLinked":false},"_margin_mobile":{"unit":"px","top":"0","right":"0","bottom":"0","left":"0","isLinked":false},"_animation_delay":700,"button_text_color":"#d28c0e","button_hover_border_color":"#d28c0e","border_border":"solid","border_width":{"unit":"px","top":"4","right":"4","bottom":"4","left":"4","isLinked":true},"border_color":"#d28c0e","_animation":"fadeInUp"},"elements":[],"isInner":false,"widgetType":"button","elType":"widget"}],"isInner":false,"elType":"column"},{"id":"aaaef8e","settings":{"_column_size":50,"_inline_size":null,"space_between_widgets":0,"margin":{"unit":"px","top":"0","right":"0","bottom":"0","left":"13","isLinked":false},"margin_mobile":{"unit":"px","top":"30","right":"0","bottom":"0","left":"0","isLinked":false},"padding":{"unit":"px","top":"5","right":"0","bottom":"0","left":"0","isLinked":false},"animation":"fadeInRight"},"elements":[{"id":"351e0013","settings":{"title":"15,890+","header_size":"h5","align":"left","title_color":"#202125","typography_typography":"custom","typography_font_family":"Amiri","typography_font_size":{"unit":"px","size":70},"typography_font_size_tablet":{"unit":"px","size":50},"typography_font_weight":"700","_margin":{"unit":"px","top":"0","right":"0","bottom":"0","left":"-8","isLinked":false},"_margin_mobile":{"unit":"px","top":"0","right":"0","bottom":"0","left":"0","isLinked":false}},"elements":[],"isInner":false,"widgetType":"heading","elType":"widget"},{"id":"62fd4b6f","settings":{"title":"CRIMINAL DEFENSE CASE SERVED","link":{"url":"#","is_external":"","nofollow":""},"header_size":"h5","align":"left","title_color":"#202125","typography_typography":"custom","typography_font_family":"Amiri","typography_font_size":{"unit":"px","size":17},"typography_font_weight":"700","typography_letter_spacing":{"unit":"px","size":0.84999999999999997779553950749686919152736663818359375},"_margin":{"unit":"px","top":"0","right":"0","bottom":"0","left":"0","isLinked":false},"_padding":{"unit":"px","top":"0","right":"0","bottom":"0","left":"0","isLinked":false},"typography_text_transform":"uppercase","_margin_tablet":{"unit":"px","top":"20","right":"0","bottom":"0","left":"0","isLinked":false}},"elements":[],"isInner":false,"widgetType":"heading","elType":"widget"},{"id":"6464fcf","settings":{"editor":"<p>Lorem ipsum dolor sit amet, consectetur adipiscing elit, sed do eiusmod tempor incididunt ut labore et dolore magna aliqua.<\/p>","text_color":"#48494c","typography_typography":"custom","typography_font_family":"Didact Gothic","typography_font_size":{"unit":"px","size":16},"typography_font_weight":"400","typography_line_height":{"unit":"px","size":27},"typography_letter_spacing":{"unit":"px","size":0.320000000000000006661338147750939242541790008544921875},"_margin":{"unit":"px","top":"26","right":"0","bottom":"0","left":"0","isLinked":false},"_margin_tablet":{"unit":"px","top":"0","right":"0","bottom":"0","left":"0","isLinked":false},"_margin_mobile":{"unit":"px","top":"-5","right":"0","bottom":"0","left":"0","isLinked":false},"_padding":{"unit":"px","top":"0","right":"0","bottom":"0","left":"0","isLinked":false}},"elements":[],"isInner":false,"widgetType":"text-editor","elType":"widget"},{"id":"5c24fbce","settings":{"title":"$12,468","header_size":"h5","align":"left","title_color":"#202125","typography_typography":"custom","typography_font_family":"Amiri","typography_font_size":{"unit":"px","size":70},"typography_font_size_tablet":{"unit":"px","size":50},"typography_font_weight":"700","_margin":{"unit":"px","top":"47","right":"0","bottom":"0","left":"0","isLinked":false},"_margin_tablet":{"unit":"px","top":"40","right":"0","bottom":"0","left":"0","isLinked":false},"_margin_mobile":{"unit":"px","top":"30","right":"0","bottom":"0","left":"0","isLinked":false}},"elements":[],"isInner":false,"widgetType":"heading","elType":"widget"},{"id":"60496ff","settings":{"title":"FLEXIBLE PAYMENT STRUCTURE","link":{"url":"#","is_external":"","nofollow":""},"header_size":"h5","align":"left","title_color":"#202125","typography_typography":"custom","typography_font_family":"Amiri","typography_font_size":{"unit":"px","size":17},"typography_font_weight":"700","typography_letter_spacing":{"unit":"px","size":0.84999999999999997779553950749686919152736663818359375},"_margin":{"unit":"px","top":"0","right":"0","bottom":"0","left":"0","isLinked":false},"_padding":{"unit":"px","top":"0","right":"0","bottom":"0","left":"0","isLinked":false},"typography_text_transform":"uppercase","_margin_tablet":{"unit":"px","top":"20","right":"0","bottom":"0","left":"0","isLinked":false}},"elements":[],"isInner":false,"widgetType":"heading","elType":"widget"},{"id":"6ea420f2","settings":{"editor":"<p>Lorem ipsum dolor sit amet, consectetur adipiscing elit, sed do eiusmod tempor incididunt ut labore et dolore magna aliqua.<\/p>","text_color":"#48494c","typography_typography":"custom","typography_font_family":"Didact Gothic","typography_font_size":{"unit":"px","size":16},"typography_font_weight":"400","typography_line_height":{"unit":"px","size":27},"typography_letter_spacing":{"unit":"px","size":0.320000000000000006661338147750939242541790008544921875},"_margin":{"unit":"px","top":"26","right":"0","bottom":"0","left":"0","isLinked":false},"_margin_tablet":{"unit":"px","top":"0","right":"0","bottom":"0","left":"0","isLinked":false},"_margin_mobile":{"unit":"px","top":"-5","right":"0","bottom":"0","left":"0","isLinked":false},"_padding":{"unit":"px","top":"0","right":"0","bottom":"0","left":"0","isLinked":false}},"elements":[],"isInner":false,"widgetType":"text-editor","elType":"widget"}],"isInner":false,"elType":"column"}],"isInner":false,"elType":"section"},{"id":"12cf06d7","settings":{"content_width":{"unit":"px","size":720},"background_background":"classic","margin":{"unit":"px","top":"0","right":0,"bottom":"0","left":0,"isLinked":false},"padding":{"unit":"px","top":"95","right":"0","bottom":"35","left":"0","isLinked":false},"padding_tablet":{"unit":"px","top":"75","right":"15","bottom":"20","left":"15","isLinked":false},"padding_mobile":{"unit":"px","top":"45","right":"15","bottom":"10","left":"15","isLinked":false}},"elements":[{"id":"4dd6e375","settings":{"_column_size":100,"space_between_widgets":0,"padding":{"unit":"px","top":"0","right":"0","bottom":"0","left":"0","isLinked":false}},"elements":[{"id":"7f66a783","settings":{"weight":{"unit":"px","size":5},"color":"#d28c0e","width":{"unit":"%","size":11},"align":"center","gap":{"unit":"px","size":10},"_animation":"fadeInUp","text":"Divis\u00f3ria"},"elements":[],"isInner":false,"widgetType":"divider","elType":"widget"},{"id":"68ffb477","settings":{"title":"Our Expertise","title_color":"#202125","align":"center","typography_typography":"custom","typography_font_family":"Amiri","typography_font_size":{"unit":"px","size":70},"typography_font_size_mobile":{"unit":"px","size":44},"typography_font_weight":"700","typography_line_height_mobile":{"unit":"px","size":48},"_margin":{"unit":"px","top":"25","right":"0","bottom":"0","left":"0","isLinked":false},"_margin_tablet":{"unit":"px","top":"15","right":"0","bottom":"0","left":"0","isLinked":false},"_animation":"fadeInUp"},"elements":[],"isInner":false,"widgetType":"heading","elType":"widget"},{"id":"631fea27","settings":{"title":"What We Offer","header_size":"p","align":"center","title_color":"#d28c0e","typography_typography":"custom","typography_font_family":"Amiri","typography_font_size":{"unit":"px","size":20},"typography_font_weight":"700","typography_font_style":"italic","typography_line_height":{"unit":"px","size":""},"typography_letter_spacing":{"unit":"px","size":1},"_margin":{"unit":"px","top":"12","right":"0","bottom":"0","left":"0","isLinked":false},"_animation":"fadeInUp","_animation_delay":200},"elements":[],"isInner":false,"widgetType":"heading","elType":"widget"},{"id":"11628d80","settings":{"editor":"<p>Lorem ipsum dolor sit amet, consectetur adipiscing elit, sed do eiusmod tempor incididunt ut labore et dolore magna aliqua.<\/p>","align":"center","text_color":"#48494c","typography_typography":"custom","typography_font_family":"Didact Gothic","typography_font_size":{"unit":"px","size":20},"typography_font_weight":"400","typography_line_height":{"unit":"px","size":32},"_margin":{"unit":"px","top":"34","right":"0","bottom":"0","left":"0","isLinked":false},"_margin_tablet":{"unit":"px","top":"0","right":"0","bottom":"0","left":"0","isLinked":false},"_margin_mobile":{"unit":"px","top":"-5","right":"0","bottom":"0","left":"0","isLinked":false},"_padding":{"unit":"px","top":"0","right":"0","bottom":"0","left":"0","isLinked":false},"_animation":"fadeInUp","_animation_delay":400},"elements":[],"isInner":false,"widgetType":"text-editor","elType":"widget"}],"isInner":false,"elType":"column"}],"isInner":false,"elType":"section"},{"id":"68e2d075","settings":{"structure":"40","content_width":{"unit":"px","size":1170},"margin":{"unit":"px","top":"0","right":0,"bottom":"0","left":0,"isLinked":false},"padding":{"unit":"px","top":"0","right":"0","bottom":"115","left":"0","isLinked":false},"padding_tablet":{"unit":"px","top":"0","right":"15","bottom":"80","left":"15","isLinked":false},"padding_mobile":{"unit":"px","top":"0","right":"0","bottom":"50","left":"0","isLinked":false}},"elements":[{"id":"30fe9499","settings":{"_column_size":25,"_inline_size":null,"_inline_size_tablet":50,"space_between_widgets":0,"margin":{"unit":"px","top":"0","right":"22","bottom":"0","left":"0","isLinked":false},"margin_tablet":{"unit":"px","top":"0","right":"15","bottom":"0","left":"0","isLinked":false},"margin_mobile":{"unit":"px","top":"0","right":"0","bottom":"0","left":"0","isLinked":false},"padding":{"unit":"px","top":"0","right":"0","bottom":"0","left":"0","isLinked":false},"animation":"fadeInUp"},"elements":[{"id":"73bb75fc","settings":{"image":{"id":"3450","url":"https:\/\/cliente.shazamlnv.com\/setasolar\/wp-content\/uploads\/2022\/04\/matt-popovich-60437-unsplash-copyright-min.jpg"},"image_size":"custom","image_custom_dimension":{"width":"270","height":"180"},"align":"left","align_tablet":"center"},"elements":[],"isInner":false,"widgetType":"image","elType":"widget"},{"id":"150d865","settings":{"text":"Civil","link":{"url":"","is_external":"","nofollow":""},"align":"center","typography_typography":"custom","typography_font_family":"Amiri","typography_font_size":{"unit":"px","size":12},"typography_font_weight":"700","typography_text_transform":"uppercase","typography_letter_spacing":{"unit":"px","size":2.399999999999999911182158029987476766109466552734375},"background_color":"#000000","border_radius":{"unit":"px","top":"0","right":"0","bottom":"0","left":"0","isLinked":true},"text_padding":{"unit":"px","top":"11","right":"15","bottom":"7","left":"15","isLinked":false},"_margin":{"unit":"px","top":"-20","right":"0","bottom":"0","left":"0","isLinked":false},"_animation":"fadeInDown"},"elements":[],"isInner":false,"widgetType":"button","elType":"widget"},{"id":"7b63fca7","settings":{"title":"Dispute Resolution","header_size":"h5","align":"center","title_color":"#202125","typography_typography":"custom","typography_font_family":"Amiri","typography_font_size":{"unit":"px","size":24},"typography_font_size_tablet":{"unit":"px","size":22},"typography_font_weight":"700","typography_line_height":{"unit":"px","size":34},"typography_letter_spacing":{"unit":"px","size":0.82999999999999996003197111349436454474925994873046875},"_margin":{"unit":"px","top":"20","right":"0","bottom":"0","left":"0","isLinked":false}},"elements":[],"isInner":false,"widgetType":"heading","elType":"widget"},{"id":"8f52df7","settings":{"editor":"<p>Lorem ipsum dolor sit amet, adipisicing elit, sed eiusmod tempor.<\/p>","align":"center","text_color":"#48494c","typography_typography":"custom","typography_font_family":"Didact Gothic","typography_font_size":{"unit":"px","size":16},"typography_font_weight":"400","typography_line_height":{"unit":"px","size":27},"_margin":{"unit":"px","top":"-2","right":"0","bottom":"0","left":"0","isLinked":false},"_margin_tablet":{"unit":"px","top":"-10","right":"0","bottom":"0","left":"0","isLinked":false},"_margin_mobile":{"unit":"px","top":"-5","right":"0","bottom":"0","left":"0","isLinked":false},"_padding":{"unit":"px","top":"0","right":"45","bottom":"0","left":"45","isLinked":false},"_padding_tablet":{"unit":"px","top":"0","right":"50","bottom":"0","left":"50","isLinked":false}},"elements":[],"isInner":false,"widgetType":"text-editor","elType":"widget"},{"id":"3cd6037d","settings":{"text":"Read More","align":"center","typography_typography":"custom","typography_font_family":"Amiri","typography_font_size":{"unit":"px","size":18},"typography_font_weight":"700","typography_line_height":{"unit":"px","size":18},"typography_letter_spacing":{"unit":"px","size":0.90000000000000002220446049250313080847263336181640625},"button_text_color":"#d28c0e","background_color":"rgba(0,0,0,0)","hover_animation":"float","text_padding":{"unit":"px","top":"0","right":"0","bottom":"0","left":"0","isLinked":false},"_margin":{"unit":"px","top":"30","right":"0","bottom":"0","left":"0","isLinked":false},"_margin_tablet":{"unit":"px","top":"0","right":"0","bottom":"0","left":"0","isLinked":false}},"elements":[],"isInner":false,"widgetType":"button","elType":"widget"}],"isInner":false,"elType":"column"},{"id":"491848fd","settings":{"_column_size":25,"_inline_size":null,"_inline_size_tablet":50,"space_between_widgets":0,"margin":{"unit":"px","top":"0","right":"14","bottom":"0","left":"8","isLinked":false},"margin_tablet":{"unit":"px","top":"0","right":"0","bottom":"0","left":"15","isLinked":false},"margin_mobile":{"unit":"px","top":"30","right":"0","bottom":"0","left":"0","isLinked":false},"padding":{"unit":"px","top":"0","right":"0","bottom":"0","left":"0","isLinked":false},"animation":"fadeInUp","animation_delay":200},"elements":[{"id":"12e238e8","settings":{"image":{"id":"3451","url":"https:\/\/cliente.shazamlnv.com\/setasolar\/wp-content\/uploads\/2022\/04\/rawpixel-649905-unsplash-min-copyright.jpg"},"image_size":"custom","image_custom_dimension":{"width":"270","height":"180"}},"elements":[],"isInner":false,"widgetType":"image","elType":"widget"},{"id":"6395da41","settings":{"text":"PRIVATE","link":{"url":"","is_external":"","nofollow":""},"align":"center","typography_typography":"custom","typography_font_family":"Amiri","typography_font_size":{"unit":"px","size":12},"typography_font_weight":"700","typography_text_transform":"uppercase","typography_letter_spacing":{"unit":"px","size":2.399999999999999911182158029987476766109466552734375},"background_color":"#000000","border_radius":{"unit":"px","top":"0","right":"0","bottom":"0","left":"0","isLinked":true},"text_padding":{"unit":"px","top":"11","right":"15","bottom":"7","left":"15","isLinked":false},"_margin":{"unit":"px","top":"-20","right":"0","bottom":"0","left":"0","isLinked":false},"_animation":"fadeInDown"},"elements":[],"isInner":false,"widgetType":"button","elType":"widget"},{"id":"4d0ce087","settings":{"title":"Family Law","header_size":"h5","align":"center","title_color":"#202125","typography_typography":"custom","typography_font_family":"Amiri","typography_font_size":{"unit":"px","size":24},"typography_font_size_tablet":{"unit":"px","size":22},"typography_font_weight":"700","typography_line_height":{"unit":"px","size":34},"typography_letter_spacing":{"unit":"px","size":0.82999999999999996003197111349436454474925994873046875},"_margin":{"unit":"px","top":"20","right":"0","bottom":"0","left":"0","isLinked":false}},"elements":[],"isInner":false,"widgetType":"heading","elType":"widget"},{"id":"526d1da","settings":{"editor":"<p>Lorem ipsum dolor sit amet, adipisicing elit, sed eiusmod tempor.<\/p>","align":"center","text_color":"#48494c","typography_typography":"custom","typography_font_family":"Didact Gothic","typography_font_size":{"unit":"px","size":16},"typography_font_weight":"400","typography_line_height":{"unit":"px","size":27},"_margin":{"unit":"px","top":"-2","right":"0","bottom":"0","left":"0","isLinked":false},"_margin_tablet":{"unit":"px","top":"-10","right":"0","bottom":"0","left":"0","isLinked":false},"_margin_mobile":{"unit":"px","top":"-5","right":"0","bottom":"0","left":"0","isLinked":false},"_padding":{"unit":"px","top":"0","right":"45","bottom":"0","left":"45","isLinked":false},"_padding_tablet":{"unit":"px","top":"0","right":"50","bottom":"0","left":"50","isLinked":false}},"elements":[],"isInner":false,"widgetType":"text-editor","elType":"widget"},{"id":"11c94148","settings":{"text":"Read More","align":"center","typography_typography":"custom","typography_font_family":"Amiri","typography_font_size":{"unit":"px","size":18},"typography_font_weight":"700","typography_line_height":{"unit":"px","size":18},"typography_letter_spacing":{"unit":"px","size":0.90000000000000002220446049250313080847263336181640625},"button_text_color":"#d28c0e","background_color":"rgba(0,0,0,0)","hover_animation":"float","text_padding":{"unit":"px","top":"0","right":"0","bottom":"0","left":"0","isLinked":false},"_margin":{"unit":"px","top":"30","right":"0","bottom":"0","left":"0","isLinked":false},"_margin_tablet":{"unit":"px","top":"0","right":"0","bottom":"0","left":"0","isLinked":false}},"elements":[],"isInner":false,"widgetType":"button","elType":"widget"}],"isInner":false,"elType":"column"},{"id":"4e857a10","settings":{"_column_size":25,"_inline_size":null,"_inline_size_tablet":50,"space_between_widgets":0,"margin":{"unit":"px","top":"0","right":"8","bottom":"0","left":"14","isLinked":false},"margin_tablet":{"unit":"px","top":"30","right":"15","bottom":"0","left":"0","isLinked":false},"margin_mobile":{"unit":"px","top":"30","right":"0","bottom":"0","left":"0","isLinked":false},"padding":{"unit":"px","top":"0","right":"0","bottom":"0","left":"0","isLinked":false},"animation":"fadeInUp","animation_delay":400},"elements":[{"id":"356a693a","settings":{"image":{"id":"3452","url":"https:\/\/cliente.shazamlnv.com\/setasolar\/wp-content\/uploads\/2022\/04\/rawpixel-567016-unsplash-copyright-min.jpg"},"image_size":"custom","image_custom_dimension":{"width":"270","height":"180"}},"elements":[],"isInner":false,"widgetType":"image","elType":"widget"},{"id":"70f200a4","settings":{"text":"FINANCE","link":{"url":"","is_external":"","nofollow":""},"align":"center","typography_typography":"custom","typography_font_family":"Amiri","typography_font_size":{"unit":"px","size":12},"typography_font_weight":"700","typography_text_transform":"uppercase","typography_letter_spacing":{"unit":"px","size":2.399999999999999911182158029987476766109466552734375},"background_color":"#000000","border_radius":{"unit":"px","top":"0","right":"0","bottom":"0","left":"0","isLinked":true},"text_padding":{"unit":"px","top":"11","right":"15","bottom":"7","left":"15","isLinked":false},"_margin":{"unit":"px","top":"-20","right":"0","bottom":"0","left":"0","isLinked":false},"_animation":"fadeInDown"},"elements":[],"isInner":false,"widgetType":"button","elType":"widget"},{"id":"33b493d4","settings":{"title":"Banking & Finance","header_size":"h5","align":"center","title_color":"#202125","typography_typography":"custom","typography_font_family":"Amiri","typography_font_size":{"unit":"px","size":24},"typography_font_size_tablet":{"unit":"px","size":22},"typography_font_weight":"700","typography_line_height":{"unit":"px","size":34},"typography_letter_spacing":{"unit":"px","size":0.82999999999999996003197111349436454474925994873046875},"_margin":{"unit":"px","top":"20","right":"0","bottom":"0","left":"0","isLinked":false}},"elements":[],"isInner":false,"widgetType":"heading","elType":"widget"},{"id":"5c0f93fe","settings":{"editor":"<p>Lorem ipsum dolor sit amet, adipisicing elit, sed eiusmod tempor.<\/p>","align":"center","text_color":"#48494c","typography_typography":"custom","typography_font_family":"Didact Gothic","typography_font_size":{"unit":"px","size":16},"typography_font_weight":"400","typography_line_height":{"unit":"px","size":27},"_margin":{"unit":"px","top":"-2","right":"0","bottom":"0","left":"0","isLinked":false},"_margin_tablet":{"unit":"px","top":"-10","right":"0","bottom":"0","left":"0","isLinked":false},"_margin_mobile":{"unit":"px","top":"-5","right":"0","bottom":"0","left":"0","isLinked":false},"_padding":{"unit":"px","top":"0","right":"45","bottom":"0","left":"45","isLinked":false},"_padding_tablet":{"unit":"px","top":"0","right":"50","bottom":"0","left":"50","isLinked":false}},"elements":[],"isInner":false,"widgetType":"text-editor","elType":"widget"},{"id":"104e72f7","settings":{"text":"Read More","align":"center","typography_typography":"custom","typography_font_family":"Amiri","typography_font_size":{"unit":"px","size":18},"typography_font_weight":"700","typography_line_height":{"unit":"px","size":18},"typography_letter_spacing":{"unit":"px","size":0.90000000000000002220446049250313080847263336181640625},"button_text_color":"#d28c0e","background_color":"rgba(0,0,0,0)","hover_animation":"float","text_padding":{"unit":"px","top":"0","right":"0","bottom":"0","left":"0","isLinked":false},"_margin":{"unit":"px","top":"30","right":"0","bottom":"0","left":"0","isLinked":false},"_margin_tablet":{"unit":"px","top":"0","right":"0","bottom":"0","left":"0","isLinked":false}},"elements":[],"isInner":false,"widgetType":"button","elType":"widget"}],"isInner":false,"elType":"column"},{"id":"bd26489","settings":{"_column_size":25,"_inline_size":null,"_inline_size_tablet":50,"space_between_widgets":0,"margin":{"unit":"px","top":"0","right":"0","bottom":"0","left":"22","isLinked":false},"margin_tablet":{"unit":"px","top":"30","right":"0","bottom":"0","left":"15","isLinked":false},"margin_mobile":{"unit":"px","top":"30","right":"0","bottom":"0","left":"0","isLinked":false},"padding":{"unit":"px","top":"0","right":"0","bottom":"0","left":"0","isLinked":false},"animation":"fadeInUp","animation_delay":600},"elements":[{"id":"2032b4a4","settings":{"image":{"id":"3453","url":"https:\/\/cliente.shazamlnv.com\/setasolar\/wp-content\/uploads\/2022\/04\/alvaro-serrano-133360-unsplash-copyright.jpg"},"image_size":"custom","image_custom_dimension":{"width":"270","height":"180"},"align":"right","align_tablet":"center"},"elements":[],"isInner":false,"widgetType":"image","elType":"widget"},{"id":"60a649f0","settings":{"text":"Property","link":{"url":"","is_external":"","nofollow":""},"align":"center","typography_typography":"custom","typography_font_family":"Amiri","typography_font_size":{"unit":"px","size":12},"typography_font_weight":"700","typography_text_transform":"uppercase","typography_letter_spacing":{"unit":"px","size":2.399999999999999911182158029987476766109466552734375},"background_color":"#000000","border_radius":{"unit":"px","top":"0","right":"0","bottom":"0","left":"0","isLinked":true},"text_padding":{"unit":"px","top":"11","right":"15","bottom":"7","left":"15","isLinked":false},"_margin":{"unit":"px","top":"-20","right":"0","bottom":"0","left":"0","isLinked":false},"_animation":"fadeInDown"},"elements":[],"isInner":false,"widgetType":"button","elType":"widget"},{"id":"7ad759ee","settings":{"title":"Intellectual Property","header_size":"h5","align":"center","title_color":"#202125","typography_typography":"custom","typography_font_family":"Amiri","typography_font_size":{"unit":"px","size":24},"typography_font_size_tablet":{"unit":"px","size":22},"typography_font_weight":"700","typography_line_height":{"unit":"px","size":34},"typography_letter_spacing":{"unit":"px","size":0.82999999999999996003197111349436454474925994873046875},"_margin":{"unit":"px","top":"20","right":"0","bottom":"0","left":"0","isLinked":false}},"elements":[],"isInner":false,"widgetType":"heading","elType":"widget"},{"id":"1e34886d","settings":{"editor":"<p>Lorem ipsum dolor sit amet, adipisicing elit, sed eiusmod tempor.<\/p>","align":"center","text_color":"#48494c","typography_typography":"custom","typography_font_family":"Didact Gothic","typography_font_size":{"unit":"px","size":16},"typography_font_weight":"400","typography_line_height":{"unit":"px","size":27},"_margin":{"unit":"px","top":"-2","right":"0","bottom":"0","left":"0","isLinked":false},"_margin_tablet":{"unit":"px","top":"-10","right":"0","bottom":"0","left":"0","isLinked":false},"_margin_mobile":{"unit":"px","top":"-5","right":"0","bottom":"0","left":"0","isLinked":false},"_padding":{"unit":"px","top":"0","right":"45","bottom":"0","left":"45","isLinked":false},"_padding_tablet":{"unit":"px","top":"0","right":"50","bottom":"0","left":"50","isLinked":false}},"elements":[],"isInner":false,"widgetType":"text-editor","elType":"widget"},{"id":"2b9a3896","settings":{"text":"Read More","align":"center","typography_typography":"custom","typography_font_family":"Amiri","typography_font_size":{"unit":"px","size":18},"typography_font_weight":"700","typography_line_height":{"unit":"px","size":18},"typography_letter_spacing":{"unit":"px","size":0.90000000000000002220446049250313080847263336181640625},"button_text_color":"#d28c0e","background_color":"rgba(0,0,0,0)","hover_animation":"float","text_padding":{"unit":"px","top":"0","right":"0","bottom":"0","left":"0","isLinked":false},"_margin":{"unit":"px","top":"30","right":"0","bottom":"0","left":"0","isLinked":false},"_margin_tablet":{"unit":"px","top":"0","right":"0","bottom":"0","left":"0","isLinked":false}},"elements":[],"isInner":false,"widgetType":"button","elType":"widget"}],"isInner":false,"elType":"column"}],"isInner":false,"elType":"section"},{"id":"3b988048","settings":{"background_background":"classic","background_color":"#141318","padding":{"unit":"px","top":"55","right":"0","bottom":"95","left":"0","isLinked":false},"padding_tablet":{"unit":"px","top":"20","right":"15","bottom":"50","left":"15","isLinked":false},"background_size":"contain","background_overlay_background":"classic","background_overlay_color":"#202125","background_overlay_size":"contain","background_overlay_opacity":{"unit":"px","size":0.95999999999999996447286321199499070644378662109375},"overlay_blend_mode":"darken"},"elements":[{"id":"1fe7314a","settings":{"_column_size":100,"space_between_widgets":0,"margin":{"unit":"px","top":"0","right":"0","bottom":"0","left":"0","isLinked":false},"padding":{"unit":"px","top":"0","right":"0","bottom":"0","left":"0","isLinked":false}},"elements":[{"id":"61378272","settings":{"editor":"<p>Have Problems But Can't Consult Anyone?<\/p>","align":"center","text_color":"#ffffff","typography_typography":"custom","typography_font_family":"Amiri","typography_font_size":{"unit":"px","size":36},"typography_font_weight":"700","typography_line_height":{"unit":"px","size":46},"_margin":{"unit":"px","top":"0","right":"0","bottom":"0","left":"0","isLinked":false},"_animation":"fadeInUp","typography_font_size_tablet":{"unit":"px","size":34},"typography_font_size_mobile":{"unit":"px","size":32},"typography_font_style":"italic","typography_line_height_mobile":{"unit":"px","size":38},"_margin_tablet":{"unit":"px","top":"0","right":"0","bottom":"0","left":"0","isLinked":false},"_padding":{"unit":"px","top":"0","right":"0","bottom":"0","left":"0","isLinked":false}},"elements":[],"isInner":false,"widgetType":"text-editor","elType":"widget"},{"id":"2dce7e44","settings":{"title":"Call (123) 456 4589","link":{"url":"tel:(123) 4567 45 89","is_external":"","nofollow":""},"header_size":"h4","align":"center","title_color":"#ffffff","typography_typography":"custom","typography_font_family":"Amiri","typography_font_size":{"unit":"px","size":70},"typography_font_size_tablet":{"unit":"px","size":60},"typography_font_size_mobile":{"unit":"px","size":40},"typography_font_weight":"700","typography_line_height_mobile":{"unit":"px","size":44},"_margin":{"unit":"px","top":"-14","right":"0","bottom":"0","left":"0","isLinked":false},"_margin_mobile":{"unit":"px","top":"-15","right":"0","bottom":"0","left":"0","isLinked":false},"_animation":"fadeInUp","_animation_delay":200},"elements":[],"isInner":false,"widgetType":"heading","elType":"widget"},{"id":"392ca77","settings":{"text":"FREE CONSULTATION","align":"center","typography_typography":"custom","typography_font_family":"Amiri","typography_font_size":{"unit":"px","size":17},"typography_font_weight":"700","typography_text_transform":"uppercase","typography_letter_spacing":{"unit":"px","size":3.399999999999999911182158029987476766109466552734375},"background_color":"#d28c0e","button_background_hover_color":"rgba(232,207,194,0)","border_radius":{"unit":"px","top":"0","right":"0","bottom":"0","left":"0","isLinked":true},"text_padding":{"unit":"px","top":"28","right":"48","bottom":"24","left":"48","isLinked":false},"text_padding_mobile":{"unit":"px","top":"28","right":"40","bottom":"24","left":"40","isLinked":false},"_margin":{"unit":"px","top":"32","right":"0","bottom":"0","left":"0","isLinked":false},"_margin_mobile":{"unit":"px","top":"30","right":"0","bottom":"0","left":"0","isLinked":false},"_animation":"fadeInUp","_animation_delay":400,"hover_color":"#d28c0e","border_border":"solid","border_width":{"unit":"px","top":"3","right":"3","bottom":"3","left":"3","isLinked":true},"border_color":"#d28c0e"},"elements":[],"isInner":false,"widgetType":"button","elType":"widget"}],"isInner":false,"elType":"column"}],"isInner":false,"elType":"section"}],"page_settings":[],"version":"0.4","title":"ADVOCACIA","type":"section"}