{"content":[{"id":"79910952","settings":{"layout":"full_width","gap":"no","margin":{"unit":"px","top":"","right":0,"bottom":"","left":0,"isLinked":true},"html_tag":"header","height":"min-height","background_background":"gradient","padding":{"unit":"em","top":"2","right":"2","bottom":"2","left":"2","isLinked":true},"custom_height":{"unit":"px","size":768,"sizes":[]},"column_position":"top","content_position":"top","structure":"20","background_color":"#2E396F","background_color_b":"#091441","background_position":"center center","background_attachment":"scroll","background_repeat":"no-repeat","background_size":"cover","background_overlay_background":"classic","background_overlay_color":"#2E396F","background_overlay_color_stop":{"unit":"%","size":64,"sizes":[]},"background_overlay_color_b":"#091441","background_overlay_image":{"id":"3276","url":"https:\/\/cliente.shazamlnv.com\/setasolar\/wp-content\/uploads\/2022\/04\/dakota-roos-dSRhwPe6v9c-unsplash.jpg"},"background_overlay_position":"center center","background_overlay_attachment":"scroll","background_overlay_repeat":"no-repeat","background_overlay_size":"cover","background_overlay_opacity":{"unit":"px","size":0.070000000000000006661338147750939242541790008544921875,"sizes":[]},"css_filters_css_filter":"custom","css_filters_blur":{"unit":"px","size":4.4000000000000003552713678800500929355621337890625,"sizes":[]},"css_filters_saturate":{"unit":"px","size":0,"sizes":[]},"padding_mobile":{"unit":"em","top":"2","right":"2","bottom":"2","left":"2","isLinked":true}},"elements":[{"id":"162432d2","settings":{"_column_size":50,"_inline_size":51.453000000000002955857780762016773223876953125,"content_position":"center","padding":{"unit":"em","top":"3","right":"3","bottom":"3","left":"3","isLinked":true},"_inline_size_tablet":100,"padding_tablet":{"unit":"em","top":"2","right":"2","bottom":"2","left":"2","isLinked":true},"padding_mobile":{"unit":"px","top":"0","right":"0","bottom":"0","left":"0","isLinked":false}},"elements":[{"id":"2cc1f174","settings":{"title":"all construction needs in one place","header_size":"h4","title_color":"#AEAEAE","align_mobile":"center"},"elements":[],"isInner":false,"widgetType":"heading","elType":"widget"},{"id":"4c7e8f4b","settings":{"title":"Industrial construction and innovation worldwide","header_size":"h1","align_mobile":"center"},"elements":[],"isInner":false,"widgetType":"heading","elType":"widget"},{"id":"38906304","settings":{"weight":{"unit":"px","size":3.29999999999999982236431605997495353221893310546875},"color":"#FF5E14","width":{"unit":"px","size":591},"gap":{"unit":"px","size":2},"_margin":{"unit":"px","top":"-15","right":"0","bottom":"0","left":"0","isLinked":false},"style":"slashes","align":"left","text":"Divider","pattern_height":{"unit":"px","size":6.5,"sizes":[]},"pattern_size":{"unit":"px","size":12.199999999999999289457264239899814128875732421875,"sizes":[]},"width_tablet":{"unit":"%","size":99,"sizes":[]},"align_mobile":"center","width_mobile":{"unit":"%","size":100,"sizes":[]}},"elements":[],"isInner":false,"widgetType":"divider","elType":"widget"},{"id":"77d5576b","settings":{"text":"services","size":"md","selected_icon":{"value":"fas fa-arrow-alt-circle-right","library":"fa-solid"},"icon_align":"right","icon_indent":{"unit":"px","size":20,"sizes":[]},"align_mobile":"justify","_padding_mobile":{"unit":"em","top":"0","right":"0","bottom":"3","left":"0","isLinked":false}},"elements":[],"isInner":false,"widgetType":"button","elType":"widget"}],"isInner":false,"elType":"column"},{"id":"30d1020b","settings":{"_column_size":50,"_inline_size":48.4669999999999987494447850622236728668212890625,"background_background":"classic","background_image":{"id":"3277","url":"https:\/\/cliente.shazamlnv.com\/setasolar\/wp-content\/uploads\/2022\/04\/image-from-rawpixel-id-83772-jpeg.jpg"},"background_position":"center right","background_attachment":"scroll","background_repeat":"no-repeat","background_size":"cover","margin":{"unit":"%","top":"0","right":"0","bottom":"0","left":"0","isLinked":false},"padding":{"unit":"em","top":"0","right":"0","bottom":"0","left":"7","isLinked":false},"_inline_size_tablet":100,"background_position_mobile":"initial","background_xpos_mobile":{"unit":"px","size":-691,"sizes":[]},"background_repeat_mobile":"no-repeat","background_size_mobile":"cover","margin_mobile":{"unit":"px","top":"0","right":"0","bottom":"0","left":"0","isLinked":false},"padding_mobile":{"unit":"px","top":"0","right":"0","bottom":"0","left":"0","isLinked":false}},"elements":[{"id":"390a0581","settings":{"space":{"unit":"px","size":445,"sizes":[]}},"elements":[],"isInner":false,"widgetType":"spacer","elType":"widget"},{"id":"353fcec8","settings":{"height_inner":"min-height","custom_height_inner":{"unit":"px","size":241,"sizes":[]},"structure":"20","margin":{"unit":"%","top":"0","right":0,"bottom":"-17","left":0,"isLinked":false},"padding":{"unit":"em","top":"3","right":"0","bottom":"0","left":"0","isLinked":false},"margin_tablet":{"unit":"%","top":"0","right":0,"bottom":"-16","left":0,"isLinked":false},"padding_tablet":{"unit":"px","top":"0","right":"0","bottom":"0","left":"0","isLinked":false},"z_index":1},"elements":[{"id":"97f55a7","settings":{"_column_size":50,"_inline_size":49.74000000000000198951966012828052043914794921875,"background_background":"classic","background_image":{"id":"3255","url":"https:\/\/cliente.shazamlnv.com\/setasolar\/wp-content\/uploads\/2022\/04\/ant-rozetsky-140870-unsplash.jpg"},"background_position":"center center","background_attachment":"scroll","background_repeat":"no-repeat","background_size":"cover","hide_mobile":"hidden-phone"},"elements":[],"isInner":true,"elType":"column"},{"id":"7e777bc3","settings":{"_column_size":50,"_inline_size":50.23299999999999698729880037717521190643310546875,"background_background":"classic","background_color":"#FFFFFF","background_size":"cover","border_border":"solid","border_width":{"unit":"px","top":"0","right":"5","bottom":"5","left":"0","isLinked":false},"border_color":"#FF5E14","padding":{"unit":"em","top":"2","right":"2","bottom":"2","left":"2","isLinked":true},"background_overlay_background":"classic"},"elements":[{"id":"7ac20e23","settings":{"title":"Add Your Heading Text Here","header_size":"h3"},"elements":[],"isInner":false,"widgetType":"heading","elType":"widget"},{"id":"263661ca","settings":{"text_color":"#54595F"},"elements":[],"isInner":false,"widgetType":"text-editor","elType":"widget"}],"isInner":true,"elType":"column"}],"isInner":true,"elType":"section"}],"isInner":false,"elType":"column"}],"isInner":false,"elType":"section"},{"id":"614697c8","settings":{"layout":"full_width","structure":"50","background_background":"classic","background_color":"#091441","padding":{"unit":"em","top":"6","right":"4","bottom":"6","left":"4","isLinked":false},"padding_mobile":{"unit":"em","top":"1","right":"1","bottom":"1","left":"1","isLinked":true},"reverse_order_tablet":"reverse-tablet","reverse_order_mobile":"reverse-mobile","padding_tablet":{"unit":"em","top":"2","right":"2","bottom":"2","left":"2","isLinked":true}},"elements":[{"id":"5acdce3","settings":{"_column_size":20,"_inline_size":null,"background_background":"classic","background_color":"#ffffff","border_border":"solid","border_width":{"unit":"px","top":"0","right":"0","bottom":"2","left":"0","isLinked":false},"border_color":"#FFFFFF","margin":{"unit":"px","top":"0","right":"0","bottom":"0","left":"0","isLinked":false},"padding":{"unit":"em","top":"2","right":"2","bottom":"2","left":"2","isLinked":true},"css_classes":"home-out-col","background_hover_background":"classic","background_hover_color":"#FFFFFF","border_hover_border":"solid","border_hover_width":{"unit":"px","top":"0","right":"0","bottom":"2","left":"0","isLinked":false},"border_hover_color":"#FF5E14","box_shadow_box_shadow":{"horizontal":0,"vertical":11,"blur":10,"spread":0,"color":"rgba(0, 0, 0, 0.31)"},"box_shadow_hover_box_shadow_type":"yes","box_shadow_hover_box_shadow":{"horizontal":0,"vertical":19,"blur":10,"spread":-9,"color":"rgba(0, 0, 0, 0.3)"},"_inline_size_tablet":50,"margin_tablet":{"unit":"%","top":"3","right":"3","bottom":"3","left":"3","isLinked":true},"animation":"fadeInUp","animation_delay":450},"elements":[{"id":"24caf306","settings":{"icon":"fa fa-ship","align":"left","primary_color":"#FF5E14","size":{"unit":"px","size":33},"_padding":{"unit":"em","top":"0","right":"0","bottom":"1","left":"0","isLinked":false},"selected_icon":{"value":"fas fa-ship","library":"fa-solid"},"__fa4_migrated":{"selected_icon":true}},"elements":[],"isInner":false,"widgetType":"icon","elType":"widget"},{"id":"17eea743","settings":{"title":"OIL PLATFORM INNOVATION","header_size":"h3","title_color":"#091441","typography_typography":"custom","typography_font_family":"Rajdhani","typography_font_size":{"unit":"em","size":1.3000000000000000444089209850062616169452667236328125,"sizes":[]},"typography_font_weight":"700"},"elements":[],"isInner":false,"widgetType":"heading","elType":"widget"},{"id":"1f784545","settings":{"weight":{"unit":"px","size":2},"color":"#7A7A7A","width":{"unit":"px","size":55},"gap":{"unit":"px","size":2},"_margin":{"unit":"px","top":"-15","right":"0","bottom":"0","left":"0","isLinked":false},"text":"Divider","align":"left"},"elements":[],"isInner":false,"widgetType":"divider","elType":"widget"},{"id":"20f3720b","settings":{"editor":"<p>Lorem ipsum dolor sit amet, consectetur adipiscing elit, sed.<\/p>","text_color":"#434343","typography_typography":"custom","typography_font_size":{"unit":"em","size":1},"typography_line_height":{"unit":"em","size":1.600000000000000088817841970012523233890533447265625},"_border_width":{"unit":"px","top":"0","right":"0","bottom":"0","left":"0","isLinked":true},"_border_radius":{"unit":"px","top":"0","right":"0","bottom":"0","left":"0","isLinked":true},"typography_font_family":"Open Sans","typography_font_weight":"300"},"elements":[],"isInner":false,"widgetType":"text-editor","elType":"widget"},{"id":"3305141a","settings":{"text":"innovation","align":"left","icon":"fa fa-arrow-right","icon_align":"right","icon_indent":{"unit":"px","size":26},"typography_typography":"custom","typography_font_weight":"600","typography_line_height":{"unit":"em","size":1.5},"button_text_color":"#091441","background_color":"#FFFFFF","hover_color":"#ffffff","button_background_hover_color":"#FF5E14","button_hover_border_color":"#ff3600","border_width":{"unit":"px","top":"1","right":"1","bottom":"1","left":"1","isLinked":true},"border_color":"#ff3600","border_radius":{"unit":"px","top":"0","right":"0","bottom":"0","left":"0","isLinked":true},"selected_icon":{"value":"fas fa-arrow-right","library":"fa-solid"},"typography_font_family":"Rajdhani","typography_font_size":{"unit":"em","size":1,"sizes":[]},"typography_text_transform":"uppercase","typography_font_style":"normal","typography_text_decoration":"none","hover_animation":"float","_margin":{"unit":"%","top":"","right":"","bottom":"","left":"","isLinked":true},"_padding":{"unit":"em","top":"0","right":"1","bottom":"0","left":"0","isLinked":false},"_element_width":"auto","__fa4_migrated":{"selected_icon":true}},"elements":[],"isInner":false,"widgetType":"button","elType":"widget"}],"isInner":false,"elType":"column"},{"id":"21ca5e86","settings":{"_column_size":20,"_inline_size":null,"background_background":"classic","background_color":"#ffffff","border_border":"solid","border_width":{"unit":"px","top":"0","right":"0","bottom":"2","left":"0","isLinked":false},"border_color":"#FFFFFF","margin":{"unit":"px","top":"0","right":"0","bottom":"0","left":"0","isLinked":false},"padding":{"unit":"em","top":"2","right":"2","bottom":"2","left":"2","isLinked":true},"css_classes":"home-out-col","background_hover_background":"classic","background_hover_color":"#FFFFFF","border_hover_border":"solid","border_hover_width":{"unit":"px","top":"0","right":"0","bottom":"2","left":"0","isLinked":false},"border_hover_color":"#FF5E14","box_shadow_box_shadow":{"horizontal":0,"vertical":11,"blur":10,"spread":0,"color":"rgba(0, 0, 0, 0.31)"},"box_shadow_hover_box_shadow_type":"yes","box_shadow_hover_box_shadow":{"horizontal":0,"vertical":19,"blur":10,"spread":-9,"color":"rgba(0, 0, 0, 0.3)"},"_inline_size_tablet":50,"margin_tablet":{"unit":"%","top":"3","right":"3","bottom":"3","left":"3","isLinked":true},"animation":"fadeInUp","animation_delay":450},"elements":[{"id":"2c28165d","settings":{"icon":"fa fa-usb","align":"left","primary_color":"#FF5E14","size":{"unit":"px","size":33},"_padding":{"unit":"em","top":"0","right":"0","bottom":"1","left":"0","isLinked":false}},"elements":[],"isInner":false,"widgetType":"icon","elType":"widget"},{"id":"441b28be","settings":{"title":"ELECTRICAL\nENGINEERING","header_size":"h3","title_color":"#091441","typography_typography":"custom","typography_font_family":"Rajdhani","typography_font_size":{"unit":"em","size":1.3000000000000000444089209850062616169452667236328125,"sizes":[]},"typography_font_weight":"700"},"elements":[],"isInner":false,"widgetType":"heading","elType":"widget"},{"id":"21bc02aa","settings":{"weight":{"unit":"px","size":2},"color":"#7A7A7A","width":{"unit":"px","size":55},"gap":{"unit":"px","size":2},"_margin":{"unit":"px","top":"-15","right":"0","bottom":"0","left":"0","isLinked":false},"text":"Divider","align":"left"},"elements":[],"isInner":false,"widgetType":"divider","elType":"widget"},{"id":"2328bdb4","settings":{"editor":"<p>Mi proin sed libero enim sed faucibus. Convallis aenean et tortor at risus .<\/p>","text_color":"#434343","typography_typography":"custom","typography_font_size":{"unit":"em","size":1},"typography_line_height":{"unit":"em","size":1.600000000000000088817841970012523233890533447265625},"typography_font_family":"Open Sans","typography_font_weight":"300","_border_width":{"unit":"px","top":"0","right":"0","bottom":"0","left":"0","isLinked":true},"_border_radius":{"unit":"px","top":"0","right":"0","bottom":"0","left":"0","isLinked":true}},"elements":[],"isInner":false,"widgetType":"text-editor","elType":"widget"},{"id":"bea7f22","settings":{"text":"engineering","align":"left","icon":"fa fa-arrow-right","icon_align":"right","icon_indent":{"unit":"px","size":26},"typography_typography":"custom","typography_font_weight":"600","typography_line_height":{"unit":"em","size":1.5},"button_text_color":"#091441","background_color":"#FFFFFF","hover_color":"#ffffff","button_background_hover_color":"#FF5E14","button_hover_border_color":"#ff3600","border_width":{"unit":"px","top":"1","right":"1","bottom":"1","left":"1","isLinked":true},"border_color":"#ff3600","border_radius":{"unit":"px","top":"0","right":"0","bottom":"0","left":"0","isLinked":true},"selected_icon":{"value":"fas fa-arrow-right","library":"fa-solid"},"typography_font_family":"Rajdhani","typography_font_size":{"unit":"em","size":1,"sizes":[]},"typography_text_transform":"uppercase","typography_font_style":"normal","typography_text_decoration":"none","hover_animation":"float","_margin":{"unit":"%","top":"","right":"","bottom":"","left":"","isLinked":true},"_padding":{"unit":"em","top":"0","right":"1","bottom":"0","left":"0","isLinked":false},"_element_width":"auto"},"elements":[],"isInner":false,"widgetType":"button","elType":"widget"}],"isInner":false,"elType":"column"},{"id":"3f31feae","settings":{"_column_size":20,"_inline_size":null,"background_background":"classic","background_color":"#ffffff","border_border":"solid","border_width":{"unit":"px","top":"0","right":"0","bottom":"2","left":"0","isLinked":false},"border_color":"#FFFFFF","margin":{"unit":"px","top":"0","right":"0","bottom":"0","left":"0","isLinked":false},"padding":{"unit":"em","top":"2","right":"2","bottom":"2","left":"2","isLinked":true},"css_classes":"home-out-col","background_hover_background":"classic","background_hover_color":"#FFFFFF","border_hover_border":"solid","border_hover_width":{"unit":"px","top":"0","right":"0","bottom":"2","left":"0","isLinked":false},"border_hover_color":"#FF5E14","box_shadow_box_shadow":{"horizontal":0,"vertical":11,"blur":10,"spread":0,"color":"rgba(0, 0, 0, 0.31)"},"box_shadow_hover_box_shadow_type":"yes","box_shadow_hover_box_shadow":{"horizontal":0,"vertical":19,"blur":10,"spread":-9,"color":"rgba(0, 0, 0, 0.3)"},"_inline_size_tablet":50,"margin_tablet":{"unit":"%","top":"3","right":"3","bottom":"3","left":"3","isLinked":true},"animation":"fadeInUp","animation_delay":450},"elements":[{"id":"5df77165","settings":{"icon":"fa fa-assistive-listening-systems","align":"left","primary_color":"#FF5E14","size":{"unit":"px","size":33},"_padding":{"unit":"em","top":"0","right":"0","bottom":"1","left":"0","isLinked":false}},"elements":[],"isInner":false,"widgetType":"icon","elType":"widget"},{"id":"7bd955d5","settings":{"title":"GEOTHERMAL TECHNOLOGY","header_size":"h3","title_color":"#091441","typography_typography":"custom","typography_font_family":"Rajdhani","typography_font_size":{"unit":"em","size":1.3000000000000000444089209850062616169452667236328125,"sizes":[]},"typography_font_weight":"700"},"elements":[],"isInner":false,"widgetType":"heading","elType":"widget"},{"id":"7cd401cb","settings":{"weight":{"unit":"px","size":2},"color":"#7A7A7A","width":{"unit":"px","size":55},"gap":{"unit":"px","size":2},"_margin":{"unit":"px","top":"-15","right":"0","bottom":"0","left":"0","isLinked":false},"text":"Divider","align":"left"},"elements":[],"isInner":false,"widgetType":"divider","elType":"widget"},{"id":"2c46eed2","settings":{"editor":"<p>Sem integer vitae justo eget magna fermentum iaculis eu non lorem.<\/p>","text_color":"#434343","typography_typography":"custom","typography_font_size":{"unit":"em","size":1},"typography_line_height":{"unit":"em","size":1.600000000000000088817841970012523233890533447265625},"typography_font_family":"Open Sans","typography_font_weight":"300","_border_width":{"unit":"px","top":"0","right":"0","bottom":"0","left":"0","isLinked":true},"_border_radius":{"unit":"px","top":"0","right":"0","bottom":"0","left":"0","isLinked":true}},"elements":[],"isInner":false,"widgetType":"text-editor","elType":"widget"},{"id":"1e068b6a","settings":{"text":"technology","align":"left","icon":"fa fa-arrow-right","icon_align":"right","icon_indent":{"unit":"px","size":26},"typography_typography":"custom","typography_font_weight":"600","typography_line_height":{"unit":"em","size":1.5},"button_text_color":"#091441","background_color":"#FFFFFF","hover_color":"#ffffff","button_background_hover_color":"#FF5E14","button_hover_border_color":"#ff3600","border_width":{"unit":"px","top":"1","right":"1","bottom":"1","left":"1","isLinked":true},"border_color":"#ff3600","border_radius":{"unit":"px","top":"0","right":"0","bottom":"0","left":"0","isLinked":true},"selected_icon":{"value":"fas fa-arrow-right","library":"fa-solid"},"typography_font_family":"Rajdhani","typography_font_size":{"unit":"em","size":1,"sizes":[]},"typography_text_transform":"uppercase","typography_font_style":"normal","typography_text_decoration":"none","hover_animation":"float","_margin":{"unit":"%","top":"","right":"","bottom":"","left":"","isLinked":true},"_padding":{"unit":"em","top":"0","right":"1","bottom":"0","left":"0","isLinked":false},"_element_width":"auto"},"elements":[],"isInner":false,"widgetType":"button","elType":"widget"}],"isInner":false,"elType":"column"},{"id":"92b8e57","settings":{"_column_size":20,"_inline_size":null,"background_background":"classic","background_color":"#ffffff","margin":{"unit":"px","top":"0","right":"0","bottom":"0","left":"0","isLinked":false},"padding":{"unit":"em","top":"2","right":"2","bottom":"2","left":"2","isLinked":true},"css_classes":"home-out-col","background_hover_background":"classic","background_hover_color":"#FFFFFF","border_border":"solid","border_width":{"unit":"px","top":"0","right":"0","bottom":"2","left":"0","isLinked":false},"border_color":"#FFFFFF","border_hover_border":"solid","border_hover_width":{"unit":"px","top":"0","right":"0","bottom":"2","left":"0","isLinked":false},"border_hover_color":"#FF5E14","box_shadow_box_shadow":{"horizontal":0,"vertical":11,"blur":10,"spread":0,"color":"rgba(0, 0, 0, 0.31)"},"box_shadow_hover_box_shadow_type":"yes","box_shadow_hover_box_shadow":{"horizontal":0,"vertical":19,"blur":10,"spread":-9,"color":"rgba(0, 0, 0, 0.3)"},"_inline_size_tablet":50,"margin_tablet":{"unit":"%","top":"3","right":"3","bottom":"3","left":"3","isLinked":true},"animation":"fadeInUp","animation_delay":450},"elements":[{"id":"5751ef06","settings":{"icon":"fa fa-steam","align":"left","primary_color":"#FF5E14","size":{"unit":"px","size":33},"_padding":{"unit":"em","top":"0","right":"0","bottom":"1","left":"0","isLinked":false}},"elements":[],"isInner":false,"widgetType":"icon","elType":"widget"},{"id":"150cf2d0","settings":{"title":"AUTOMOTIVE<br>\nTECH","header_size":"h3","title_color":"#091441","typography_typography":"custom","typography_font_family":"Rajdhani","typography_font_size":{"unit":"em","size":1.3000000000000000444089209850062616169452667236328125,"sizes":[]},"typography_font_weight":"700"},"elements":[],"isInner":false,"widgetType":"heading","elType":"widget"},{"id":"3eb026c9","settings":{"weight":{"unit":"px","size":2},"color":"#7A7A7A","width":{"unit":"px","size":55},"gap":{"unit":"px","size":2},"_margin":{"unit":"px","top":"-15","right":"0","bottom":"0","left":"0","isLinked":false},"text":"Divider","align":"left"},"elements":[],"isInner":false,"widgetType":"divider","elType":"widget"},{"id":"752a39c0","settings":{"editor":"<p>Ut ornare lectus sit amet est placerat in egestas erat. Malesuada.<\/p>","text_color":"#434343","typography_typography":"custom","typography_font_size":{"unit":"em","size":1},"typography_line_height":{"unit":"em","size":1.600000000000000088817841970012523233890533447265625},"typography_font_family":"Open Sans","typography_font_weight":"300","_border_width":{"unit":"px","top":"0","right":"0","bottom":"0","left":"0","isLinked":true},"_border_radius":{"unit":"px","top":"0","right":"0","bottom":"0","left":"0","isLinked":true}},"elements":[],"isInner":false,"widgetType":"text-editor","elType":"widget"},{"id":"24b6b63d","settings":{"text":"automotive","align":"left","icon":"fa fa-arrow-right","icon_align":"right","icon_indent":{"unit":"px","size":26},"typography_typography":"custom","typography_font_weight":"600","typography_line_height":{"unit":"em","size":1.5},"button_text_color":"#091441","background_color":"#FFFFFF","hover_color":"#ffffff","button_background_hover_color":"#FF5E14","button_hover_border_color":"#ff3600","border_width":{"unit":"px","top":"1","right":"1","bottom":"1","left":"1","isLinked":true},"border_color":"#ff3600","border_radius":{"unit":"px","top":"0","right":"0","bottom":"0","left":"0","isLinked":true},"selected_icon":{"value":"fas fa-arrow-right","library":"fa-solid"},"typography_font_family":"Rajdhani","typography_font_size":{"unit":"em","size":1,"sizes":[]},"typography_text_transform":"uppercase","typography_font_style":"normal","typography_text_decoration":"none","hover_animation":"float","_margin":{"unit":"%","top":"","right":"","bottom":"","left":"","isLinked":true},"_padding":{"unit":"em","top":"0","right":"1","bottom":"0","left":"0","isLinked":false},"_element_width":"auto"},"elements":[],"isInner":false,"widgetType":"button","elType":"widget"}],"isInner":false,"elType":"column"},{"id":"3fd757f5","settings":{"_column_size":20,"_inline_size":null,"content_position":"center","padding":{"unit":"em","top":"2","right":"2","bottom":"2","left":"2","isLinked":true},"_inline_size_tablet":100,"padding_tablet":{"unit":"em","top":"8","right":"2","bottom":"2","left":"2","isLinked":false},"padding_mobile":{"unit":"em","top":"4","right":"1","bottom":"1","left":"1","isLinked":false}},"elements":[{"id":"48b7cd7b","settings":{"title":"industrial operational services","title_color":"#FFFFFF","align_mobile":"center","align_tablet":"center"},"elements":[],"isInner":false,"widgetType":"heading","elType":"widget"},{"id":"6f70f75b","settings":{"weight":{"unit":"px","size":3.29999999999999982236431605997495353221893310546875},"color":"#FF5E14","width":{"unit":"%","size":71},"gap":{"unit":"px","size":2},"_margin":{"unit":"px","top":"-15","right":"0","bottom":"0","left":"0","isLinked":false},"style":"slashes","align":"left","text":"Divider","pattern_height":{"unit":"px","size":6.5,"sizes":[]},"pattern_size":{"unit":"px","size":12.199999999999999289457264239899814128875732421875,"sizes":[]},"width_tablet":{"unit":"%","size":32,"sizes":[]},"align_mobile":"center","width_mobile":{"unit":"%","size":99,"sizes":[]}},"elements":[],"isInner":false,"widgetType":"divider","elType":"widget"}],"isInner":false,"elType":"column"}],"isInner":false,"elType":"section"},{"id":"a9c6c38","settings":{"layout":"full_width","structure":"20"},"elements":[{"id":"5d815abd","settings":{"_column_size":50,"_inline_size":null,"padding":{"unit":"em","top":"4","right":"4","bottom":"4","left":"4","isLinked":true},"_inline_size_tablet":100,"margin":{"unit":"%","top":"0","right":"0","bottom":"0","left":"0","isLinked":false},"padding_mobile":{"unit":"em","top":"1.5","right":"1.5","bottom":"1.5","left":"1.5","isLinked":true},"padding_tablet":{"unit":"em","top":"2","right":"2","bottom":"2","left":"2","isLinked":true}},"elements":[{"id":"58939385","settings":{"title":"our specialty","header_size":"h3","align":"left","title_color":"#7A7A7A","typography_typography":"custom","typography_font_size":{"unit":"em","size":1.5,"sizes":[]},"typography_font_weight":"400","typography_font_family":"Rajdhani","typography_text_transform":"capitalize","typography_font_style":"normal","typography_text_decoration":"none","align_mobile":"center","_margin":{"unit":"%","top":"","right":"","bottom":"","left":"","isLinked":true},"_padding":{"unit":"em","top":"5","right":"0","bottom":"0","left":"0","isLinked":false}},"elements":[],"isInner":false,"widgetType":"heading","elType":"widget"},{"id":"14847178","settings":{"title":"Project management","align_mobile":"center"},"elements":[],"isInner":false,"widgetType":"heading","elType":"widget"},{"id":"7a9659f2","settings":{"weight":{"unit":"px","size":3.29999999999999982236431605997495353221893310546875},"color":"#FF5E14","width":{"unit":"px","size":214},"gap":{"unit":"px","size":2},"_margin":{"unit":"px","top":"-15","right":"0","bottom":"0","left":"0","isLinked":false},"text":"Divider","align":"left","style":"slashes","pattern_height":{"unit":"px","size":6.5,"sizes":[]},"pattern_size":{"unit":"px","size":12.199999999999999289457264239899814128875732421875,"sizes":[]},"align_mobile":"center","width_mobile":{"unit":"%","size":100,"sizes":[]},"width_tablet":{"unit":"%","size":62,"sizes":[]}},"elements":[],"isInner":false,"widgetType":"divider","elType":"widget"},{"id":"37b1de38","settings":{"editor":"<p>Lorem ipsum dolor sit amet, consectetur adipiscing elit, sed do eiusmod tempor incididunt ut labore et dolore magna aliqua. Ut tellus elementum sagittis vitae et. Nunc consequat interdum varius sit amet mattis vulputate enim nulla. Amet consectetur adipiscing elit duis tristique sollicitudin nibh sit. Purus in mollis nunc sed id semper. Orci phasellus egestas tellus rutrum tellus pellentesque.\u00a0<\/p>","align_mobile":"justify","typography_typography":"custom","typography_line_height_mobile":{"unit":"em","size":1.8000000000000000444089209850062616169452667236328125,"sizes":[]},"text_columns":"2","text_columns_mobile":"1"},"elements":[],"isInner":false,"widgetType":"text-editor","elType":"widget"},{"id":"1eb817c3","settings":{"title":"Sales Growth","percent":{"unit":"%","size":70},"inner_text":"","bar_color":"#2E396F","title_color":"#7A7A7A","typography_typography":"custom","typography_line_height":{"unit":"em","size":2.20000000000000017763568394002504646778106689453125,"sizes":[]},"bar_bg_color":"#DDDDDD","bar_height":{"unit":"px","size":20,"sizes":[]},"bar_inner_typography_typography":"custom","bar_inner_typography_font_family":"Rajdhani","bar_inner_typography_font_size":{"unit":"em","size":1,"sizes":[]},"typography_font_family":"Open Sans","typography_font_size":{"unit":"em","size":1,"sizes":[]},"_margin":{"unit":"%","top":"0","right":"0","bottom":"0","left":"0","isLinked":false},"_padding":{"unit":"em","top":"0","right":"1","bottom":"0","left":"0","isLinked":false},"_element_width":"initial","_element_custom_width":{"unit":"%","size":50,"sizes":[]}},"elements":[],"isInner":false,"widgetType":"progress","elType":"widget"},{"id":"43b3ef38","settings":{"title":"Project Schedule","percent":{"unit":"%","size":92},"inner_text":"","bar_color":"#2E396F","title_color":"#7A7A7A","typography_typography":"custom","typography_line_height":{"unit":"em","size":2.20000000000000017763568394002504646778106689453125,"sizes":[]},"bar_bg_color":"#DDDDDD","bar_height":{"unit":"px","size":20,"sizes":[]},"bar_inner_typography_typography":"custom","bar_inner_typography_font_family":"Rajdhani","bar_inner_typography_font_size":{"unit":"em","size":1,"sizes":[]},"typography_font_family":"Open Sans","typography_font_size":{"unit":"em","size":1,"sizes":[]},"_margin":{"unit":"%","top":"0","right":"0","bottom":"0","left":"0","isLinked":false},"_padding":{"unit":"em","top":"0","right":"1","bottom":"0","left":"0","isLinked":false},"_element_width":"initial","_element_custom_width":{"unit":"%","size":50,"sizes":[]}},"elements":[],"isInner":false,"widgetType":"progress","elType":"widget"},{"id":"67286b19","settings":{"text":"service details","size":"md","selected_icon":{"value":"fas fa-arrow-alt-circle-right","library":"fa-solid"},"icon_align":"right","icon_indent":{"unit":"px","size":20,"sizes":[]},"_padding":{"unit":"em","top":"3","right":"0","bottom":"3","left":"0","isLinked":false},"align_mobile":"justify"},"elements":[],"isInner":false,"widgetType":"button","elType":"widget"}],"isInner":false,"elType":"column"},{"id":"3dc34d95","settings":{"_column_size":50,"_inline_size":null,"background_background":"classic","background_image":{"id":"3278","url":"https:\/\/cliente.shazamlnv.com\/setasolar\/wp-content\/uploads\/2022\/04\/image-from-rawpixel-id-83704-jpeg.jpg"},"background_position":"center center","background_attachment":"scroll","background_repeat":"no-repeat","background_size":"cover","_inline_size_tablet":100,"content_position":"bottom","align":"flex-end","margin":{"unit":"%","top":"0","right":"0","bottom":"0","left":"0","isLinked":false},"padding":{"unit":"em","top":"3","right":"3","bottom":"3","left":"3","isLinked":true},"padding_tablet":{"unit":"em","top":"10","right":"2","bottom":"2","left":"2","isLinked":false}},"elements":[{"id":"807b6cd","settings":{"ending_number":54,"prefix":"+","title":"Completed Projects","number_color":"#FFFFFF","title_color":"#FFFFFF","typography_title_typography":"custom","typography_title_line_height":{"unit":"em","size":1.100000000000000088817841970012523233890533447265625,"sizes":[]},"_margin":{"unit":"%","top":"0","right":"0","bottom":"0","left":"0","isLinked":true},"_padding":{"unit":"em","top":"3","right":"2","bottom":"3","left":"2","isLinked":false},"_background_background":"classic","_background_color":"#2E396F","_border_border":"solid","_border_width":{"unit":"px","top":"15","right":"15","bottom":"15","left":"15","isLinked":true},"_border_color":"#FFFFFF","_offset_x":{"size":322,"unit":"px"},"_offset_y":{"size":487,"unit":"px"},"typography_number_typography":"custom","typography_number_font_family":"Rajdhani","typography_title_font_family":"Open Sans","_element_width":"auto"},"elements":[],"isInner":false,"widgetType":"counter","elType":"widget"}],"isInner":false,"elType":"column"}],"isInner":false,"elType":"section"},{"id":"3b44fe2b","settings":{"stretch_section":"section-stretched","content_position":"middle","structure":"30","background_background":"classic","padding":{"unit":"em","top":"6","right":"2","bottom":"6","left":"2","isLinked":false},"background_position":"center center","background_repeat":"no-repeat","background_size":"cover","html_tag":"section","background_color":"#FF5E14","padding_tablet":{"unit":"em","top":"2","right":"2","bottom":"2","left":"2","isLinked":true}},"elements":[{"id":"e2943c","settings":{"_column_size":33,"_inline_size":null,"border_width":{"unit":"px","top":"0","right":"1","bottom":"0","left":"0","isLinked":false},"border_color":"rgba(255,255,255,0.35)","padding":{"unit":"em","top":"2","right":"2","bottom":"2","left":"2","isLinked":true},"margin":{"unit":"px","top":"0","right":"0","bottom":"50","left":"0","isLinked":false},"_inline_size_tablet":33,"padding_tablet":{"unit":"px","top":"1","right":"1","bottom":"1","left":"1","isLinked":true}},"elements":[{"id":"74a0d0a6","settings":{"selected_icon":{"value":"fas fa-cogs","library":"fa-solid"},"primary_color":"#FFFFFF","size":{"unit":"px","size":43,"sizes":[]}},"elements":[],"isInner":false,"widgetType":"icon","elType":"widget"},{"id":"5e379a67","settings":{"prefix":"+","title":"Innovative Projects","number_color":"#FFFFFF","typography_number_typography":"custom","typography_number_font_family":"Rajdhani","typography_number_font_size":{"unit":"em","size":3,"sizes":[]},"title_color":"#FFFFFF","typography_title_typography":"custom","typography_title_font_family":"Rajdhani","typography_title_font_size":{"unit":"em","size":1.600000000000000088817841970012523233890533447265625,"sizes":[]},"typography_title_font_weight":"400","typography_title_text_transform":"capitalize","typography_title_font_style":"normal","typography_title_text_decoration":"none","typography_number_line_height_tablet":{"unit":"em","size":0.8000000000000000444089209850062616169452667236328125,"sizes":[]},"typography_title_line_height_tablet":{"unit":"em","size":1.1999999999999999555910790149937383830547332763671875,"sizes":[]}},"elements":[],"isInner":false,"widgetType":"counter","elType":"widget"}],"isInner":false,"elType":"column"},{"id":"58b9f824","settings":{"_column_size":33,"_inline_size":null,"border_width":{"unit":"px","top":"0","right":"1","bottom":"0","left":"0","isLinked":false},"border_color":"rgba(255,255,255,0.35)","padding":{"unit":"em","top":"2","right":"2","bottom":"2","left":"2","isLinked":true},"margin":{"unit":"px","top":"0","right":"0","bottom":"50","left":"0","isLinked":false},"_inline_size_tablet":33,"padding_tablet":{"unit":"px","top":"1","right":"1","bottom":"1","left":"1","isLinked":true}},"elements":[{"id":"39837243","settings":{"selected_icon":{"value":"fas fa-people-carry","library":"fa-solid"},"primary_color":"#FFFFFF","size":{"unit":"px","size":43,"sizes":[]}},"elements":[],"isInner":false,"widgetType":"icon","elType":"widget"},{"id":"4f437d66","settings":{"ending_number":625,"prefix":"+","title":"Extraordinary people","number_color":"#FFFFFF","typography_number_typography":"custom","typography_number_font_family":"Rajdhani","typography_number_font_size":{"unit":"em","size":3,"sizes":[]},"title_color":"#FFFFFF","typography_title_typography":"custom","typography_title_font_family":"Rajdhani","typography_title_font_size":{"unit":"em","size":1.600000000000000088817841970012523233890533447265625,"sizes":[]},"typography_title_font_weight":"400","typography_title_text_transform":"capitalize","typography_title_font_style":"normal","typography_title_text_decoration":"none","typography_number_line_height_tablet":{"unit":"em","size":0.8000000000000000444089209850062616169452667236328125,"sizes":[]},"typography_title_line_height_tablet":{"unit":"em","size":1.1999999999999999555910790149937383830547332763671875,"sizes":[]}},"elements":[],"isInner":false,"widgetType":"counter","elType":"widget"}],"isInner":false,"elType":"column"},{"id":"6620675e","settings":{"_column_size":33,"_inline_size":null,"border_width":{"unit":"px","top":"0","right":"1","bottom":"0","left":"0","isLinked":false},"border_color":"rgba(255,255,255,0.35)","padding":{"unit":"em","top":"2","right":"2","bottom":"2","left":"2","isLinked":true},"margin":{"unit":"px","top":"0","right":"0","bottom":"50","left":"0","isLinked":false},"_inline_size_tablet":33,"padding_tablet":{"unit":"px","top":"1","right":"1","bottom":"1","left":"1","isLinked":true}},"elements":[{"id":"35a1460d","settings":{"selected_icon":{"value":"fas fa-globe-europe","library":"fa-solid"},"primary_color":"#FFFFFF","size":{"unit":"px","size":43,"sizes":[]}},"elements":[],"isInner":false,"widgetType":"icon","elType":"widget"},{"id":"146eba5e","settings":{"ending_number":8,"prefix":"+","title":"world offices","number_color":"#FFFFFF","typography_number_typography":"custom","typography_number_font_family":"Rajdhani","typography_number_font_size":{"unit":"em","size":3,"sizes":[]},"title_color":"#FFFFFF","typography_title_typography":"custom","typography_title_font_family":"Rajdhani","typography_title_font_size":{"unit":"em","size":1.600000000000000088817841970012523233890533447265625,"sizes":[]},"typography_title_font_weight":"400","typography_title_text_transform":"capitalize","typography_title_font_style":"normal","typography_title_text_decoration":"none","typography_number_line_height_tablet":{"unit":"em","size":0.8000000000000000444089209850062616169452667236328125,"sizes":[]},"typography_title_line_height_tablet":{"unit":"em","size":1.1999999999999999555910790149937383830547332763671875,"sizes":[]}},"elements":[],"isInner":false,"widgetType":"counter","elType":"widget"}],"isInner":false,"elType":"column"}],"isInner":false,"elType":"section"},{"id":"6f7637be","settings":{"custom_height":{"unit":"px","size":500},"content_position":"middle","structure":"30","html_tag":"section","background_background":"classic","background_color":"#ffffff","margin":{"unit":"px","top":"0","right":0,"bottom":"0","left":0,"isLinked":false},"padding":{"unit":"px","top":"0","right":"0","bottom":"0","left":"0","isLinked":false},"z_index":1},"elements":[{"id":"39f1cab5","settings":{"_column_size":33,"_inline_size":25,"padding":{"unit":"em","top":"2","right":"2","bottom":"2","left":"2","isLinked":true},"space_between_widgets":20,"padding_mobile":{"unit":"em","top":"5","right":"2","bottom":"5","left":"2","isLinked":false},"_inline_size_tablet":50},"elements":[{"id":"3acaf786","settings":{"title":"Problem","header_size":"h3","align":"left","title_color":"#7A7A7A","typography_typography":"custom","typography_font_size":{"unit":"em","size":1.5,"sizes":[]},"typography_font_weight":"400","typography_font_family":"Rajdhani","typography_text_transform":"capitalize","typography_font_style":"normal","typography_text_decoration":"none"},"elements":[],"isInner":false,"widgetType":"heading","elType":"widget"},{"id":"2f3a8051","settings":{"title":"Analysis","align":"left","title_color":"#1d1d37","typography_typography":"custom","typography_font_size":{"unit":"em","size":3},"typography_font_weight":"700","_margin":{"unit":"%","top":"-5","right":"0","bottom":"0","left":"0","isLinked":false},"typography_font_family":"Rajdhani","typography_text_transform":"capitalize","typography_font_style":"normal","typography_text_decoration":"none","typography_font_size_tablet":{"unit":"em","size":2.5,"sizes":[]}},"elements":[],"isInner":false,"widgetType":"heading","elType":"widget"},{"id":"7545dfcc","settings":{"weight":{"unit":"px","size":3.29999999999999982236431605997495353221893310546875},"color":"#FF5E14","width":{"unit":"px","size":214},"gap":{"unit":"px","size":2},"_margin":{"unit":"px","top":"-15","right":"0","bottom":"0","left":"0","isLinked":false},"text":"Divider","align":"left","style":"slashes","pattern_height":{"unit":"px","size":6.5,"sizes":[]},"pattern_size":{"unit":"px","size":12.199999999999999289457264239899814128875732421875,"sizes":[]},"width_tablet":{"unit":"%","size":90,"sizes":[]}},"elements":[],"isInner":false,"widgetType":"divider","elType":"widget"},{"id":"ada12c4","settings":{"editor":"<p>Lorem ipsum dolor sit amet, consectetur adipiscing elit, sed do eiusmod tempor incididunt ut labore et dolore magna aliqua. Ut tellus elementum sagittis vitae et.\u00a0<\/p>","align":"justify"},"elements":[],"isInner":false,"widgetType":"text-editor","elType":"widget"}],"isInner":false,"elType":"column"},{"id":"6b87d189","settings":{"_column_size":33,"_inline_size":49.33200000000000073896444519050419330596923828125,"background_background":"classic","background_color":"#FF5E14","padding":{"unit":"em","top":"6","right":"2","bottom":"6","left":"2","isLinked":false},"background_image":{"id":"3279","url":"https:\/\/cliente.shazamlnv.com\/setasolar\/wp-content\/uploads\/2022\/04\/image-from-rawpixel-id-1390-jpeg.jpg"},"background_position":"center center","background_attachment":"scroll","background_repeat":"no-repeat","background_size":"cover","margin":{"unit":"%","top":"-10","right":"0","bottom":"-10","left":"0","isLinked":false},"margin_mobile":{"unit":"px","top":"0","right":"0","bottom":"0","left":"0","isLinked":false},"padding_mobile":{"unit":"px","top":"0","right":"0","bottom":"0","left":"0","isLinked":false},"_inline_size_tablet":33,"animation":"fadeInUp","hide_tablet":"hidden-tablet","hide_mobile":"hidden-phone"},"elements":[{"id":"38f71cf0","settings":{"space":{"unit":"px","size":457,"sizes":[]}},"elements":[],"isInner":false,"widgetType":"spacer","elType":"widget"}],"isInner":false,"elType":"column"},{"id":"6bdf211c","settings":{"_column_size":33,"_inline_size":25,"padding":{"unit":"em","top":"2","right":"2","bottom":"2","left":"2","isLinked":true},"padding_mobile":{"unit":"em","top":"5","right":"2","bottom":"5","left":"2","isLinked":false},"_inline_size_tablet":50},"elements":[{"id":"6279a7b0","settings":{"title":"Integrate","header_size":"h3","align":"left","title_color":"#7A7A7A","typography_typography":"custom","typography_font_size":{"unit":"em","size":1.5,"sizes":[]},"typography_font_weight":"400","typography_font_family":"Rajdhani","typography_text_transform":"capitalize","typography_font_style":"normal","typography_text_decoration":"none"},"elements":[],"isInner":false,"widgetType":"heading","elType":"widget"},{"id":"7d9d130f","settings":{"title":"Implement","align":"left","title_color":"#1d1d37","typography_typography":"custom","typography_font_size":{"unit":"em","size":3},"typography_font_weight":"700","_margin":{"unit":"%","top":"-5","right":"0","bottom":"0","left":"0","isLinked":false},"typography_font_family":"Rajdhani","typography_text_transform":"capitalize","typography_font_style":"normal","typography_text_decoration":"none","typography_font_size_tablet":{"unit":"em","size":2.5,"sizes":[]}},"elements":[],"isInner":false,"widgetType":"heading","elType":"widget"},{"id":"44b57543","settings":{"weight":{"unit":"px","size":3.29999999999999982236431605997495353221893310546875},"color":"#FF5E14","width":{"unit":"px","size":214},"gap":{"unit":"px","size":2},"_margin":{"unit":"px","top":"-15","right":"0","bottom":"0","left":"0","isLinked":false},"text":"Divider","align":"left","style":"slashes","pattern_height":{"unit":"px","size":6.5,"sizes":[]},"pattern_size":{"unit":"px","size":12.199999999999999289457264239899814128875732421875,"sizes":[]},"width_tablet":{"unit":"%","size":100,"sizes":[]}},"elements":[],"isInner":false,"widgetType":"divider","elType":"widget"},{"id":"27fd9f6","settings":{"editor":"<p>Nunc consequat interdum varius sit amet mattis vulputate enim nulla. Amet consectetur adipiscing elit duis tristique sollicitudin nibh sit. Purus in mollis nunc sed id semper. Orci phasellus egestas tellus rutrum tellus pellentesque.\u00a0<\/p>","align":"justify"},"elements":[],"isInner":false,"widgetType":"text-editor","elType":"widget"}],"isInner":false,"elType":"column"}],"isInner":false,"elType":"section"},{"id":"67c0ba21","settings":{"layout":"full_width","padding_tablet":{"unit":"em","top":"","right":"","bottom":"","left":"","isLinked":true}},"elements":[{"id":"29f7ab6c","settings":{"_column_size":100,"_inline_size":null,"html_tag":"section","background_background":"gradient","background_color":"#091441","background_color_b":"#2E396F","background_overlay_color":"#091441","background_overlay_position":"center center","background_overlay_attachment":"fixed","background_overlay_repeat":"no-repeat","background_overlay_size":"cover","background_overlay_opacity":{"unit":"px","size":0.61999999999999999555910790149937383830547332763671875,"sizes":[]},"css_filters_css_filter":"custom","css_filters_saturate":{"unit":"px","size":0,"sizes":[]},"overlay_blend_mode":"darken","padding":{"unit":"em","top":"9","right":"4","bottom":"6","left":"4","isLinked":false},"padding_tablet":{"unit":"em","top":"4","right":"2","bottom":"4","left":"2","isLinked":false},"padding_mobile":{"unit":"em","top":"2","right":"2","bottom":"2","left":"2","isLinked":true}},"elements":[{"id":"5a058523","settings":{"layout":"full_width","height_inner":"min-height","custom_height_inner":{"unit":"px","size":500,"sizes":[]},"structure":"40","animation":"fadeInUp"},"elements":[{"id":"2aa5e1ab","settings":{"_column_size":25,"_inline_size":null,"background_background":"classic","background_color":"#FF5E14","margin":{"unit":"px","top":"0","right":"0","bottom":"0","left":"0","isLinked":true},"padding":{"unit":"em","top":"5","right":"2","bottom":"5","left":"2","isLinked":false},"padding_tablet":{"unit":"px","top":"20","right":"20","bottom":"20","left":"20","isLinked":true},"_inline_size_tablet":100,"padding_mobile":{"unit":"em","top":"5","right":"2","bottom":"5","left":"2","isLinked":false},"animation":"fadeInLeft"},"elements":[{"id":"51831f31","settings":{"selected_icon":{"value":"fas fa-vr-cardboard","library":"fa-solid"},"align":"left","primary_color":"#FFFFFF","size":{"unit":"px","size":37,"sizes":[]}},"elements":[],"isInner":false,"widgetType":"icon","elType":"widget"},{"id":"23cd04d0","settings":{"title":"Successful Recent projects ","align":"left","title_color":"#FFFFFF","typography_typography":"custom","typography_font_size":{"unit":"em","size":3},"typography_font_weight":"700","_margin":{"unit":"px","top":"-13","right":"0","bottom":"0","left":"0","isLinked":false},"typography_font_family":"Rajdhani","typography_text_transform":"capitalize","typography_font_style":"normal","typography_text_decoration":"none"},"elements":[],"isInner":false,"widgetType":"heading","elType":"widget"},{"id":"2fd6262a","settings":{"weight":{"unit":"px","size":3.29999999999999982236431605997495353221893310546875},"color":"#FFFFFF","width":{"unit":"px","size":214},"gap":{"unit":"px","size":2},"_margin":{"unit":"px","top":"-15","right":"0","bottom":"0","left":"0","isLinked":false},"text":"Divider","align":"left","style":"slashes","pattern_height":{"unit":"px","size":6.5,"sizes":[]},"pattern_size":{"unit":"px","size":12.199999999999999289457264239899814128875732421875,"sizes":[]}},"elements":[],"isInner":false,"widgetType":"divider","elType":"widget"},{"id":"22177030","settings":{"editor":"Duis aute irure dolor in reprehenderit in voluptate velit esse cillum dolore eu fugiat nulla pariatur. Excepteur sint occaecat cupidatat non proident, sunt in culpa qui officia deserunt mollit anim id est laborum.","text_color":"#FFFFFF","typography_typography":"custom","typography_line_height":{"unit":"em","size":1.5},"align":"left","typography_font_family":"Open Sans","typography_font_size":{"unit":"em","size":0.90000000000000002220446049250313080847263336181640625}},"elements":[],"isInner":false,"widgetType":"text-editor","elType":"widget"}],"isInner":true,"elType":"column"},{"id":"2a924a96","settings":{"_column_size":25,"_inline_size":null,"_inline_size_tablet":33,"content_position":"bottom","background_background":"classic","background_image":{"id":"3280","url":"https:\/\/cliente.shazamlnv.com\/setasolar\/wp-content\/uploads\/2022\/04\/wes-hicks-WqhJFa1ilsc-unsplash.jpg"},"background_position":"center center","background_attachment":"scroll","background_repeat":"no-repeat","background_size":"cover","background_overlay_background":"classic","background_overlay_color":"#2E396F","background_overlay_color_stop":{"unit":"%","size":36,"sizes":[]},"background_overlay_color_b":"#2E396F","background_overlay_opacity":{"unit":"px","size":0.4899999999999999911182158029987476766109466552734375,"sizes":[]},"css_filters_css_filter":"custom","background_overlay_hover_background":"classic","background_overlay_hover_color":"#2E396F","background_overlay_hover_color_b":"#091441","background_overlay_hover_opacity":{"unit":"px","size":0.299999999999999988897769753748434595763683319091796875,"sizes":[]},"background_overlay_hover_transition":{"unit":"px","size":1.1999999999999999555910790149937383830547332763671875,"sizes":[]},"border_border":"solid","border_width":{"unit":"px","top":"0","right":"0","bottom":"3","left":"0","isLinked":false},"border_color":"#2E396F","border_hover_border":"solid","border_hover_width":{"unit":"px","top":"0","right":"0","bottom":"3","left":"0","isLinked":false},"border_hover_color":"#FF5E14","margin":{"unit":"%","top":"","right":"","bottom":"","left":"","isLinked":true},"padding":{"unit":"em","top":"1","right":"1","bottom":"1","left":"1","isLinked":true},"padding_tablet":{"unit":"em","top":"15","right":"1","bottom":"1","left":"1","isLinked":false}},"elements":[{"id":"6e98839a","settings":{"gap":"no","padding":{"unit":"em","top":"","right":"","bottom":"","left":"","isLinked":true}},"elements":[{"id":"48dbabfc","settings":{"_column_size":100,"_inline_size":null},"elements":[{"id":"5b5c6c87","settings":{"title":"parking cosntruction","header_size":"h3","title_color":"#FFFFFF","typography_typography":"custom","typography_font_family":"Rajdhani","typography_font_size":{"unit":"em","size":1.3000000000000000444089209850062616169452667236328125,"sizes":[]},"typography_font_weight":"700","typography_text_transform":"capitalize","typography_font_style":"normal","typography_text_decoration":"none","_padding":{"unit":"px","top":"15","right":"15","bottom":"15","left":"15","isLinked":true},"_background_background":"classic","_background_color":"#2E396F","_border_border":"solid","_border_width":{"unit":"px","top":"0","right":"0","bottom":"0","left":"3","isLinked":false},"_border_color":"#FF5E14","_element_width":"auto","_element_custom_width":{"unit":"%","size":100,"sizes":[]}},"elements":[],"isInner":false,"widgetType":"heading","elType":"widget"},{"id":"5c74e780","settings":{"text":"more","align":"left","icon":"fa fa-arrow-right","icon_align":"right","icon_indent":{"unit":"px","size":26},"typography_typography":"custom","typography_font_weight":"600","typography_line_height":{"unit":"em","size":1.5},"button_text_color":"#091441","background_color":"#FFFFFF","hover_color":"#ffffff","button_background_hover_color":"#FF5E14","button_hover_border_color":"#ff3600","border_width":{"unit":"px","top":"1","right":"1","bottom":"1","left":"1","isLinked":true},"border_color":"#ff3600","border_radius":{"unit":"px","top":"0","right":"0","bottom":"0","left":"0","isLinked":true},"selected_icon":{"value":"fas fa-arrow-right","library":"fa-solid"},"typography_font_family":"Rajdhani","typography_font_size":{"unit":"em","size":1,"sizes":[]},"typography_text_transform":"uppercase","typography_font_style":"normal","typography_text_decoration":"none","hover_animation":"float","_margin":{"unit":"%","top":"","right":"","bottom":"","left":"","isLinked":true},"_padding":{"unit":"em","top":"0","right":"0","bottom":"0","left":"0","isLinked":false},"_element_width":"initial","__fa4_migrated":{"selected_icon":true},"align_mobile":"justify","_margin_mobile":{"unit":"px","top":"0","right":"0","bottom":"0","left":"0","isLinked":false},"_padding_mobile":{"unit":"px","top":"0","right":"0","bottom":"0","left":"0","isLinked":false},"_element_width_mobile":"inherit","_element_custom_width":{"unit":"%","size":100,"sizes":[]}},"elements":[],"isInner":false,"widgetType":"button","elType":"widget"}],"isInner":true,"elType":"column"}],"isInner":true,"elType":"section"}],"isInner":true,"elType":"column"},{"id":"21914672","settings":{"_column_size":25,"_inline_size":null,"_inline_size_tablet":33,"content_position":"bottom","background_background":"classic","background_image":{"id":"3259","url":"https:\/\/cliente.shazamlnv.com\/setasolar\/wp-content\/uploads\/2022\/04\/ricardo-gomez-angel-sYK-jN0sKBY-unsplash.jpg"},"background_position":"center center","background_attachment":"scroll","background_repeat":"no-repeat","background_size":"cover","background_overlay_background":"classic","background_overlay_color":"#2E396F","background_overlay_color_stop":{"unit":"%","size":36,"sizes":[]},"background_overlay_color_b":"#2E396F","background_overlay_opacity":{"unit":"px","size":0.4899999999999999911182158029987476766109466552734375,"sizes":[]},"css_filters_css_filter":"custom","background_overlay_hover_background":"classic","background_overlay_hover_color":"#2E396F","background_overlay_hover_color_b":"#091441","background_overlay_hover_opacity":{"unit":"px","size":0.299999999999999988897769753748434595763683319091796875,"sizes":[]},"background_overlay_hover_transition":{"unit":"px","size":1.1999999999999999555910790149937383830547332763671875,"sizes":[]},"border_border":"solid","border_width":{"unit":"px","top":"0","right":"0","bottom":"3","left":"0","isLinked":false},"border_color":"#2E396F","border_hover_border":"solid","border_hover_width":{"unit":"px","top":"0","right":"0","bottom":"3","left":"0","isLinked":false},"border_hover_color":"#FF5E14","margin":{"unit":"%","top":"","right":"","bottom":"","left":"","isLinked":true},"padding":{"unit":"em","top":"1","right":"1","bottom":"1","left":"1","isLinked":true},"padding_tablet":{"unit":"em","top":"15","right":"1","bottom":"1","left":"1","isLinked":false}},"elements":[{"id":"1e4a238","settings":{"gap":"no","padding":{"unit":"em","top":"","right":"","bottom":"","left":"","isLinked":true}},"elements":[{"id":"5717e021","settings":{"_column_size":100,"_inline_size":null},"elements":[{"id":"23315baa","settings":{"title":"underground Militar facility","header_size":"h3","title_color":"#FFFFFF","typography_typography":"custom","typography_font_family":"Rajdhani","typography_font_size":{"unit":"em","size":1.3000000000000000444089209850062616169452667236328125,"sizes":[]},"typography_font_weight":"700","typography_text_transform":"capitalize","typography_font_style":"normal","typography_text_decoration":"none","_padding":{"unit":"px","top":"15","right":"15","bottom":"15","left":"15","isLinked":true},"_background_background":"classic","_background_color":"#2E396F","_border_border":"solid","_border_width":{"unit":"px","top":"0","right":"0","bottom":"0","left":"3","isLinked":false},"_border_color":"#FF5E14","_element_width":"auto","_element_custom_width":{"unit":"%","size":100,"sizes":[]}},"elements":[],"isInner":false,"widgetType":"heading","elType":"widget"},{"id":"41d339d7","settings":{"text":"more","align":"left","icon":"fa fa-arrow-right","icon_align":"right","icon_indent":{"unit":"px","size":26},"typography_typography":"custom","typography_font_weight":"600","typography_line_height":{"unit":"em","size":1.5},"button_text_color":"#091441","background_color":"#FFFFFF","hover_color":"#ffffff","button_background_hover_color":"#FF5E14","button_hover_border_color":"#ff3600","border_width":{"unit":"px","top":"1","right":"1","bottom":"1","left":"1","isLinked":true},"border_color":"#ff3600","border_radius":{"unit":"px","top":"0","right":"0","bottom":"0","left":"0","isLinked":true},"selected_icon":{"value":"fas fa-arrow-right","library":"fa-solid"},"typography_font_family":"Rajdhani","typography_font_size":{"unit":"em","size":1,"sizes":[]},"typography_text_transform":"uppercase","typography_font_style":"normal","typography_text_decoration":"none","hover_animation":"float","_margin":{"unit":"%","top":"","right":"","bottom":"","left":"","isLinked":true},"_padding":{"unit":"em","top":"0","right":"0","bottom":"0","left":"0","isLinked":false},"_element_width":"initial","__fa4_migrated":{"selected_icon":true},"align_mobile":"justify","_margin_mobile":{"unit":"px","top":"0","right":"0","bottom":"0","left":"0","isLinked":false},"_padding_mobile":{"unit":"px","top":"0","right":"0","bottom":"0","left":"0","isLinked":false},"_element_width_mobile":"inherit","_element_custom_width":{"unit":"%","size":100,"sizes":[]}},"elements":[],"isInner":false,"widgetType":"button","elType":"widget"}],"isInner":true,"elType":"column"}],"isInner":true,"elType":"section"}],"isInner":true,"elType":"column"},{"id":"3ca24da4","settings":{"_column_size":25,"_inline_size":null,"_inline_size_tablet":33,"content_position":"bottom","background_background":"classic","background_image":{"id":"3260","url":"https:\/\/cliente.shazamlnv.com\/setasolar\/wp-content\/uploads\/2022\/04\/jason-forrest-pZTokRouVdc-unsplash.jpg"},"background_position":"center center","background_attachment":"scroll","background_repeat":"no-repeat","background_size":"cover","background_overlay_background":"classic","background_overlay_color":"#2E396F","background_overlay_color_stop":{"unit":"%","size":36,"sizes":[]},"background_overlay_color_b":"#2E396F","background_overlay_opacity":{"unit":"px","size":0.4899999999999999911182158029987476766109466552734375,"sizes":[]},"css_filters_css_filter":"custom","background_overlay_hover_background":"classic","background_overlay_hover_color":"#2E396F","background_overlay_hover_color_b":"#091441","background_overlay_hover_opacity":{"unit":"px","size":0.299999999999999988897769753748434595763683319091796875,"sizes":[]},"background_overlay_hover_transition":{"unit":"px","size":1.1999999999999999555910790149937383830547332763671875,"sizes":[]},"border_border":"solid","border_width":{"unit":"px","top":"0","right":"0","bottom":"3","left":"0","isLinked":false},"border_color":"#2E396F","border_hover_border":"solid","border_hover_width":{"unit":"px","top":"0","right":"0","bottom":"3","left":"0","isLinked":false},"border_hover_color":"#FF5E14","margin":{"unit":"%","top":"","right":"","bottom":"","left":"","isLinked":true},"padding":{"unit":"em","top":"1","right":"1","bottom":"1","left":"1","isLinked":true},"padding_tablet":{"unit":"em","top":"15","right":"1","bottom":"1","left":"1","isLinked":false}},"elements":[{"id":"2f3f0ee7","settings":{"gap":"no","padding":{"unit":"em","top":"","right":"","bottom":"","left":"","isLinked":true}},"elements":[{"id":"67150d65","settings":{"_column_size":100,"_inline_size":null},"elements":[{"id":"790cf373","settings":{"title":"Skycraper taipei","header_size":"h3","title_color":"#FFFFFF","typography_typography":"custom","typography_font_family":"Rajdhani","typography_font_size":{"unit":"em","size":1.3000000000000000444089209850062616169452667236328125,"sizes":[]},"typography_font_weight":"700","typography_text_transform":"capitalize","typography_font_style":"normal","typography_text_decoration":"none","_padding":{"unit":"px","top":"15","right":"15","bottom":"15","left":"15","isLinked":true},"_background_background":"classic","_background_color":"#2E396F","_border_border":"solid","_border_width":{"unit":"px","top":"0","right":"0","bottom":"0","left":"3","isLinked":false},"_border_color":"#FF5E14","_element_width":"auto","_element_custom_width":{"unit":"%","size":100,"sizes":[]}},"elements":[],"isInner":false,"widgetType":"heading","elType":"widget"},{"id":"7e1b1539","settings":{"text":"more","align":"left","icon":"fa fa-arrow-right","icon_align":"right","icon_indent":{"unit":"px","size":26},"typography_typography":"custom","typography_font_weight":"600","typography_line_height":{"unit":"em","size":1.5},"button_text_color":"#091441","background_color":"#FFFFFF","hover_color":"#ffffff","button_background_hover_color":"#FF5E14","button_hover_border_color":"#ff3600","border_width":{"unit":"px","top":"1","right":"1","bottom":"1","left":"1","isLinked":true},"border_color":"#ff3600","border_radius":{"unit":"px","top":"0","right":"0","bottom":"0","left":"0","isLinked":true},"selected_icon":{"value":"fas fa-arrow-right","library":"fa-solid"},"typography_font_family":"Rajdhani","typography_font_size":{"unit":"em","size":1,"sizes":[]},"typography_text_transform":"uppercase","typography_font_style":"normal","typography_text_decoration":"none","hover_animation":"float","_margin":{"unit":"%","top":"","right":"","bottom":"","left":"","isLinked":true},"_padding":{"unit":"em","top":"0","right":"0","bottom":"0","left":"0","isLinked":false},"_element_width":"initial","__fa4_migrated":{"selected_icon":true},"align_mobile":"justify","_margin_mobile":{"unit":"px","top":"0","right":"0","bottom":"0","left":"0","isLinked":false},"_padding_mobile":{"unit":"px","top":"0","right":"0","bottom":"0","left":"0","isLinked":false},"_element_width_mobile":"inherit","_element_custom_width":{"unit":"%","size":100,"sizes":[]}},"elements":[],"isInner":false,"widgetType":"button","elType":"widget"}],"isInner":true,"elType":"column"}],"isInner":true,"elType":"section"}],"isInner":true,"elType":"column"}],"isInner":true,"elType":"section"}],"isInner":false,"elType":"column"}],"isInner":false,"elType":"section"},{"id":"1b17030","settings":{"structure":"20","margin":{"unit":"px","top":"","right":0,"bottom":"","left":0,"isLinked":true},"background_background":"classic","background_color":"#E3E3E3","padding":{"unit":"em","top":"5","right":"4","bottom":"5","left":"4","isLinked":false},"html_tag":"section","background_position":"center center","background_attachment":"scroll","background_repeat":"no-repeat","background_size":"auto","background_overlay_background":"classic","background_overlay_image":{"id":"3256","url":"https:\/\/cliente.shazamlnv.com\/setasolar\/wp-content\/uploads\/2022\/04\/image-from-rawpixel-id-585155.jpg"},"background_overlay_attachment":"fixed","background_overlay_repeat":"no-repeat","background_overlay_size":"cover","background_overlay_opacity":{"unit":"px","size":0.479999999999999982236431605997495353221893310546875,"sizes":[]},"padding_mobile":{"unit":"em","top":"3","right":"2","bottom":"3","left":"2","isLinked":false},"layout":"full_width","padding_tablet":{"unit":"em","top":"6","right":"2","bottom":"2","left":"2","isLinked":false}},"elements":[{"id":"57630583","settings":{"_column_size":50,"_inline_size":24.85900000000000176214598468504846096038818359375,"content_position":"center","margin_mobile":{"unit":"px","top":"0","right":"0","bottom":"0","left":"0","isLinked":false},"padding":{"unit":"em","top":"2","right":"2","bottom":"2","left":"2","isLinked":true},"padding_mobile":{"unit":"em","top":"0","right":"0","bottom":"3","left":"0","isLinked":false},"_inline_size_tablet":100,"padding_tablet":{"unit":"em","top":"0","right":"2","bottom":"2","left":"0","isLinked":false}},"elements":[{"id":"93b8702","settings":{"title":"clients  feedback","header_size":"h4"},"elements":[],"isInner":false,"widgetType":"heading","elType":"widget"},{"id":"2bc9a822","settings":{"title":"rock solid trust in our services","title_color":"#1d1d37","typography_typography":"custom","typography_font_size":{"unit":"em","size":3},"align":"left","typography_font_family":"Rajdhani","typography_font_weight":"700","typography_text_transform":"capitalize","typography_font_style":"normal","typography_text_decoration":"none","_margin":{"unit":"%","top":"0","right":"0","bottom":"0","left":"0","isLinked":false}},"elements":[],"isInner":false,"widgetType":"heading","elType":"widget"},{"id":"6902cf85","settings":{"weight":{"unit":"px","size":3.29999999999999982236431605997495353221893310546875},"color":"#FF5E14","width":{"unit":"px","size":214},"gap":{"unit":"px","size":2},"_margin":{"unit":"px","top":"-15","right":"0","bottom":"0","left":"0","isLinked":false},"text":"Divider","align":"left","style":"slashes","pattern_height":{"unit":"px","size":6.5,"sizes":[]},"pattern_size":{"unit":"px","size":12.199999999999999289457264239899814128875732421875,"sizes":[]}},"elements":[],"isInner":false,"widgetType":"divider","elType":"widget"}],"isInner":false,"elType":"column"},{"id":"421a31c1","settings":{"_column_size":50,"_inline_size":75.1410000000000053432813729159533977508544921875,"space_between_widgets":10,"background_background":"classic","background_color":"#FFFFFF","box_shadow_box_shadow_type":"yes","box_shadow_box_shadow":{"horizontal":0,"vertical":34,"blur":10,"spread":-20,"color":"rgba(0, 0, 0, 0.25)"},"padding":{"unit":"em","top":"2","right":"2","bottom":"2","left":"2","isLinked":true},"padding_mobile":{"unit":"em","top":"0","right":"0","bottom":"0","left":"0","isLinked":true},"animation":"fadeInUp","_inline_size_tablet":100},"elements":[{"id":"5369fa8e","settings":{"structure":"20","margin":{"unit":"px","top":"0","right":0,"bottom":"20","left":0,"isLinked":false}},"elements":[{"id":"398b3e95","settings":{"_column_size":50,"_inline_size":null,"space_between_widgets":10,"padding":{"unit":"em","top":"2","right":"2","bottom":"2","left":"2","isLinked":true},"margin_mobile":{"unit":"%","top":"","right":"","bottom":"","left":"","isLinked":true}},"elements":[{"id":"1a974b60","settings":{"testimonial_content":"Lorem ipsum dolor sit amet, consectetur adipiscing elit. Ut elit tellus, luctus nec ullamcorper mattis, pulvinar dapibus leo.","testimonial_image":{"id":"3281","url":"https:\/\/cliente.shazamlnv.com\/setasolar\/wp-content\/uploads\/2022\/04\/ryan-hoffman-v7Jja2ChN6s-unsplash.jpg"},"testimonial_name":"Terry Franklin","testimonial_job":"architect","content_content_color":"#7A7A7A","content_typography_typography":"custom","content_typography_font_family":"Open Sans","content_typography_font_size":{"unit":"em","size":1,"sizes":[]},"content_typography_font_weight":"400","content_typography_text_transform":"none","content_typography_font_style":"normal","content_typography_text_decoration":"none","image_size":{"unit":"px","size":76,"sizes":[]},"name_text_color":"#FF5E14","name_typography_typography":"custom","name_typography_font_family":"Rajdhani","name_typography_font_size":{"unit":"em","size":1.1999999999999999555910790149937383830547332763671875,"sizes":[]},"name_typography_font_weight":"600","name_typography_text_transform":"none","name_typography_font_style":"normal","name_typography_text_decoration":"none","job_text_color":"#7A7A7A","job_typography_typography":"custom"},"elements":[],"isInner":false,"widgetType":"testimonial","elType":"widget"}],"isInner":true,"elType":"column"},{"id":"43efcb21","settings":{"_column_size":50,"_inline_size":null,"space_between_widgets":10,"padding":{"unit":"em","top":"2","right":"2","bottom":"2","left":"2","isLinked":true}},"elements":[{"id":"4736eb15","settings":{"testimonial_content":"Arcu non sodales neque sodales ut etiam sit amet. Bibendum ut tristique et egestas quis ipsum. In ornare quam viverra orci sagittis.","testimonial_image":{"id":"3282","url":"https:\/\/cliente.shazamlnv.com\/setasolar\/wp-content\/uploads\/2022\/04\/female-engineer-with-equipment-3862635.jpg"},"testimonial_name":"Terry Franklin","testimonial_job":"architect","content_content_color":"#7A7A7A","content_typography_typography":"custom","content_typography_font_family":"Open Sans","content_typography_font_size":{"unit":"em","size":1,"sizes":[]},"content_typography_font_weight":"400","content_typography_text_transform":"none","content_typography_font_style":"normal","content_typography_text_decoration":"none","image_size":{"unit":"px","size":76,"sizes":[]},"name_text_color":"#FF5E14","name_typography_typography":"custom","name_typography_font_family":"Rajdhani","name_typography_font_size":{"unit":"em","size":1.1999999999999999555910790149937383830547332763671875,"sizes":[]},"name_typography_font_weight":"600","name_typography_text_transform":"none","name_typography_font_style":"normal","name_typography_text_decoration":"none","job_text_color":"#7A7A7A","job_typography_typography":"custom"},"elements":[],"isInner":false,"widgetType":"testimonial","elType":"widget"}],"isInner":true,"elType":"column"}],"isInner":true,"elType":"section"},{"id":"327be0cf","settings":{"structure":"20","margin":{"unit":"px","top":"0","right":0,"bottom":"20","left":0,"isLinked":false}},"elements":[{"id":"5a1ab1c7","settings":{"_column_size":50,"_inline_size":null,"space_between_widgets":10,"padding":{"unit":"em","top":"2","right":"2","bottom":"2","left":"2","isLinked":true}},"elements":[{"id":"5dac50bf","settings":{"testimonial_content":"Arcu non sodales neque sodales ut etiam sit amet. Bibendum ut tristique et egestas quis ipsum. In ornare quam viverra orci sagittis.","testimonial_image":{"id":"3283","url":"https:\/\/cliente.shazamlnv.com\/setasolar\/wp-content\/uploads\/2022\/04\/anastasiya-pavlova-7ip-IOC2yvA-unsplash.jpg"},"testimonial_name":"Terry Franklin","testimonial_job":"architect","content_content_color":"#7A7A7A","content_typography_typography":"custom","content_typography_font_family":"Open Sans","content_typography_font_size":{"unit":"em","size":1,"sizes":[]},"content_typography_font_weight":"400","content_typography_text_transform":"none","content_typography_font_style":"normal","content_typography_text_decoration":"none","image_size":{"unit":"px","size":76,"sizes":[]},"name_text_color":"#FF5E14","name_typography_typography":"custom","name_typography_font_family":"Rajdhani","name_typography_font_size":{"unit":"em","size":1.1999999999999999555910790149937383830547332763671875,"sizes":[]},"name_typography_font_weight":"600","name_typography_text_transform":"none","name_typography_font_style":"normal","name_typography_text_decoration":"none","job_text_color":"#7A7A7A","job_typography_typography":"custom"},"elements":[],"isInner":false,"widgetType":"testimonial","elType":"widget"}],"isInner":true,"elType":"column"},{"id":"67396a57","settings":{"_column_size":50,"_inline_size":null,"space_between_widgets":10,"padding":{"unit":"em","top":"2","right":"2","bottom":"2","left":"2","isLinked":true}},"elements":[{"id":"7f725b2","settings":{"testimonial_content":"Lorem ipsum dolor sit amet, consectetur adipiscing elit. Ut elit tellus, luctus nec ullamcorper mattis, pulvinar dapibus leo.","testimonial_image":{"id":"3284","url":"https:\/\/cliente.shazamlnv.com\/setasolar\/wp-content\/uploads\/2022\/04\/jurica-koletic-7YVZYZeITc8-unsplash.jpg"},"testimonial_name":"Terry Franklin","testimonial_job":"architect","content_content_color":"#7A7A7A","content_typography_typography":"custom","content_typography_font_family":"Open Sans","content_typography_font_size":{"unit":"em","size":1,"sizes":[]},"content_typography_font_weight":"400","content_typography_text_transform":"none","content_typography_font_style":"normal","content_typography_text_decoration":"none","image_size":{"unit":"px","size":76,"sizes":[]},"name_text_color":"#FF5E14","name_typography_typography":"custom","name_typography_font_family":"Rajdhani","name_typography_font_size":{"unit":"em","size":1.1999999999999999555910790149937383830547332763671875,"sizes":[]},"name_typography_font_weight":"600","name_typography_text_transform":"none","name_typography_font_style":"normal","name_typography_text_decoration":"none","job_text_color":"#7A7A7A","job_typography_typography":"custom"},"elements":[],"isInner":false,"widgetType":"testimonial","elType":"widget"}],"isInner":true,"elType":"column"}],"isInner":true,"elType":"section"}],"isInner":false,"elType":"column"}],"isInner":false,"elType":"section"},{"id":"1b2123a8","settings":{"layout":"full_width","content_position":"middle","structure":"40","html_tag":"section","height":"min-height"},"elements":[{"id":"5e088e02","settings":{"_column_size":25,"_inline_size":null,"margin":{"unit":"px","top":"0","right":"0","bottom":"0","left":"0","isLinked":true},"padding":{"unit":"px","top":"0","right":"0","bottom":"0","left":"0","isLinked":true},"background_background":"classic","background_image":{"id":"3285","url":"https:\/\/cliente.shazamlnv.com\/setasolar\/wp-content\/uploads\/2022\/04\/specialty3.jpg"},"background_position":"center center","background_repeat":"no-repeat","background_size":"cover","_inline_size_tablet":50},"elements":[{"id":"6970785f","settings":{"image":{"id":"3286","url":"https:\/\/cliente.shazamlnv.com\/setasolar\/wp-content\/uploads\/2022\/04\/trans-600x800-1.png"},"image_size":"custom","image_custom_dimension":{"width":"600","height":"800"}},"elements":[],"isInner":false,"widgetType":"image","elType":"widget"}],"isInner":false,"elType":"column"},{"id":"3b0b18e9","settings":{"_column_size":25,"_inline_size":null,"background_background":"classic","background_color":"#FF5E14","margin":{"unit":"px","top":"0","right":"0","bottom":"0","left":"0","isLinked":true},"padding":{"unit":"em","top":"5","right":"2","bottom":"5","left":"2","isLinked":false},"padding_tablet":{"unit":"px","top":"20","right":"20","bottom":"20","left":"20","isLinked":true},"_inline_size_tablet":50,"padding_mobile":{"unit":"em","top":"5","right":"2","bottom":"5","left":"2","isLinked":false},"animation":"fadeInLeft"},"elements":[{"id":"76f7a3fa","settings":{"title":"Cost-effective Industrial Solutions","title_color":"#FFFFFF","typography_typography":"custom","typography_font_weight":"700","align":"left","typography_font_family":"Rajdhani","typography_font_size":{"unit":"em","size":3},"typography_text_transform":"capitalize","typography_font_style":"normal","typography_text_decoration":"none","_margin":{"unit":"%","top":"0","right":"0","bottom":"0","left":"0","isLinked":false}},"elements":[],"isInner":false,"widgetType":"heading","elType":"widget"},{"id":"dc0979e","settings":{"weight":{"unit":"px","size":3.29999999999999982236431605997495353221893310546875},"color":"#FFFFFF","width":{"unit":"px","size":214},"gap":{"unit":"px","size":2},"_margin":{"unit":"px","top":"-15","right":"0","bottom":"0","left":"0","isLinked":false},"text":"Divider","align":"left","style":"slashes","pattern_height":{"unit":"px","size":6.5,"sizes":[]},"pattern_size":{"unit":"px","size":12.199999999999999289457264239899814128875732421875,"sizes":[]}},"elements":[],"isInner":false,"widgetType":"divider","elType":"widget"},{"id":"510e61a0","settings":{"editor":"Duis aute irure dolor in reprehenderit in voluptate velit esse cillum dolore eu fugiat nulla pariatur. Excepteur sint occaecat cupidatat non proident, sunt in culpa qui officia deserunt mollit anim id est laborum.","text_color":"#FFFFFF","typography_typography":"custom","typography_line_height":{"unit":"em","size":1.5},"align":"left","typography_font_family":"Open Sans","typography_font_size":{"unit":"em","size":0.90000000000000002220446049250313080847263336181640625}},"elements":[],"isInner":false,"widgetType":"text-editor","elType":"widget"},{"id":"1b964720","settings":{"text":"Learn More","icon":"fa fa-long-arrow-right","icon_align":"right","background_color":"#FFFFFF","hover_color":"#ffffff","button_background_hover_color":"#FF5E14","border_width":{"unit":"px","top":"1","right":"1","bottom":"1","left":"1","isLinked":true},"border_color":"#ff3600","border_radius":{"unit":"px","top":"0","right":"0","bottom":"0","left":"0","isLinked":true},"selected_icon":{"value":"fas fa-angle-right","library":"fa-solid"},"align":"left","align_mobile":"justify","icon_indent":{"unit":"px","size":26},"typography_typography":"custom","typography_font_family":"Rajdhani","typography_font_size":{"unit":"em","size":1,"sizes":[]},"typography_font_weight":"600","typography_text_transform":"uppercase","typography_font_style":"normal","typography_text_decoration":"none","typography_line_height":{"unit":"em","size":1.5},"button_text_color":"#2E396F","button_hover_border_color":"#ff3600","hover_animation":"float","__fa4_migrated":{"selected_icon":true}},"elements":[],"isInner":false,"widgetType":"button","elType":"widget"}],"isInner":false,"elType":"column"},{"id":"2e42b82d","settings":{"_column_size":25,"_inline_size":null,"margin":{"unit":"px","top":"0","right":"0","bottom":"0","left":"0","isLinked":true},"padding":{"unit":"px","top":"0","right":"0","bottom":"0","left":"0","isLinked":true},"background_background":"classic","background_image":{"id":"3287","url":"https:\/\/cliente.shazamlnv.com\/setasolar\/wp-content\/uploads\/2022\/04\/specialty2.jpg"},"background_position":"center center","background_size":"cover","_inline_size_tablet":50},"elements":[{"id":"4a10c4de","settings":{"image":{"id":"3286","url":"https:\/\/cliente.shazamlnv.com\/setasolar\/wp-content\/uploads\/2022\/04\/trans-600x800-1.png"},"image_size":"custom","image_custom_dimension":{"width":"600","height":"800"}},"elements":[],"isInner":false,"widgetType":"image","elType":"widget"}],"isInner":false,"elType":"column"},{"id":"d9e27f7","settings":{"_column_size":25,"_inline_size":null,"background_background":"classic","background_color":"#2E396F","margin":{"unit":"px","top":"0","right":"0","bottom":"0","left":"0","isLinked":true},"padding":{"unit":"em","top":"5","right":"2","bottom":"5","left":"2","isLinked":false},"_inline_size_tablet":50,"padding_tablet":{"unit":"px","top":"20","right":"20","bottom":"20","left":"20","isLinked":true},"padding_mobile":{"unit":"em","top":"5","right":"2","bottom":"5","left":"2","isLinked":false},"animation":"fadeInLeft"},"elements":[{"id":"53409036","settings":{"title":"Robust Inventory of Parts and Products","title_color":"#FFFFFF","typography_typography":"custom","typography_font_weight":"700","align":"left","typography_font_family":"Rajdhani","typography_font_size":{"unit":"em","size":3},"typography_text_transform":"capitalize","typography_font_style":"normal","typography_text_decoration":"none","_margin":{"unit":"%","top":"0","right":"0","bottom":"0","left":"0","isLinked":false}},"elements":[],"isInner":false,"widgetType":"heading","elType":"widget"},{"id":"2a15fc7e","settings":{"weight":{"unit":"px","size":3.29999999999999982236431605997495353221893310546875},"color":"#FFFFFF","width":{"unit":"px","size":214},"gap":{"unit":"px","size":2},"_margin":{"unit":"px","top":"-15","right":"0","bottom":"0","left":"0","isLinked":false},"text":"Divider","align":"left","style":"slashes","pattern_height":{"unit":"px","size":6.5,"sizes":[]},"pattern_size":{"unit":"px","size":12.199999999999999289457264239899814128875732421875,"sizes":[]}},"elements":[],"isInner":false,"widgetType":"divider","elType":"widget"},{"id":"4f44c3c6","settings":{"editor":"<p>Duis aute irure dolor in reprehenderit in voluptate velit esse cillum dolore eu fugiat nulla pariatur. Excepteur sint occaecat cupidatat non proident, sunt in culpa qui officia deserunt mollit anim id est laborum.<\/p>","text_color":"#FFFFFF","typography_typography":"custom","typography_line_height":{"unit":"em","size":1.5},"align":"left","typography_font_family":"Open Sans","typography_font_size":{"unit":"em","size":0.90000000000000002220446049250313080847263336181640625}},"elements":[],"isInner":false,"widgetType":"text-editor","elType":"widget"},{"id":"64f791bd","settings":{"text":"Learn More","icon":"fa fa-long-arrow-right","icon_align":"right","background_color":"#FFFFFF","hover_color":"#ffffff","button_background_hover_color":"#FF5E14","border_width":{"unit":"px","top":"1","right":"1","bottom":"1","left":"1","isLinked":true},"border_color":"#ff3600","border_radius":{"unit":"px","top":"0","right":"0","bottom":"0","left":"0","isLinked":true},"selected_icon":{"value":"fas fa-long-arrow-alt-right","library":"fa-solid"},"align":"left","align_mobile":"justify","icon_indent":{"unit":"px","size":26},"typography_typography":"custom","typography_font_family":"Rajdhani","typography_font_size":{"unit":"em","size":1,"sizes":[]},"typography_font_weight":"600","typography_text_transform":"uppercase","typography_font_style":"normal","typography_text_decoration":"none","typography_line_height":{"unit":"em","size":1.5},"button_text_color":"#2E396F","button_hover_border_color":"#ff3600","hover_animation":"float","__fa4_migrated":{"selected_icon":true}},"elements":[],"isInner":false,"widgetType":"button","elType":"widget"}],"isInner":false,"elType":"column"}],"isInner":false,"elType":"section"},{"id":"5ae75325","settings":{"background_background":"classic","background_color":"#ECECEC","padding":{"unit":"em","top":"5","right":"2","bottom":"6","left":"2","isLinked":false},"layout":"full_width","structure":"20","reverse_order_tablet":"reverse-tablet","reverse_order_mobile":"reverse-mobile"},"elements":[{"id":"64096394","settings":{"_column_size":50,"_inline_size":76.35800000000000409272615797817707061767578125,"_inline_size_tablet":100,"padding":{"unit":"em","top":"2","right":"2","bottom":"2","left":"2","isLinked":true},"padding_tablet":{"unit":"px","top":"0","right":"0","bottom":"0","left":"0","isLinked":false}},"elements":[{"id":"3ced5c3a","settings":{"structure":"40","height_inner":"min-height","custom_height_inner":{"unit":"px","size":205,"sizes":[]}},"elements":[{"id":"4003cd95","settings":{"_column_size":25,"_inline_size":null,"content_position":"center","align":"center","background_background":"classic","background_color":"#FFFFFF","box_shadow_box_shadow_type":"yes","box_shadow_box_shadow":{"horizontal":0,"vertical":11,"blur":10,"spread":0,"color":"rgba(0, 0, 0, 0.34)"},"margin":{"unit":"%","top":"3","right":"3","bottom":"3","left":"3","isLinked":true}},"elements":[{"id":"2fc587d2","settings":{"image":{"id":"3270","url":"https:\/\/cliente.shazamlnv.com\/setasolar\/wp-content\/uploads\/2022\/04\/Screen-Shot-2020-05-11-at-2.06.59-PM.png"},"image_size":"medium","width":{"unit":"%","size":75,"sizes":[]},"width_tablet":{"unit":"%","size":100,"sizes":[]}},"elements":[],"isInner":false,"widgetType":"image","elType":"widget"}],"isInner":true,"elType":"column"},{"id":"717d8ebf","settings":{"_column_size":25,"_inline_size":null,"content_position":"center","align":"center","background_background":"classic","background_color":"#FFFFFF","box_shadow_box_shadow_type":"yes","box_shadow_box_shadow":{"horizontal":0,"vertical":11,"blur":10,"spread":0,"color":"rgba(0, 0, 0, 0.34)"},"margin":{"unit":"%","top":"3","right":"3","bottom":"3","left":"3","isLinked":true}},"elements":[{"id":"172c880f","settings":{"image":{"id":"3271","url":"https:\/\/cliente.shazamlnv.com\/setasolar\/wp-content\/uploads\/2022\/04\/Screen-Shot-2020-05-11-at-2.07.12-PM.png"},"image_size":"medium","width":{"unit":"%","size":75,"sizes":[]},"width_tablet":{"unit":"%","size":100,"sizes":[]}},"elements":[],"isInner":false,"widgetType":"image","elType":"widget"}],"isInner":true,"elType":"column"},{"id":"91f0c37","settings":{"_column_size":25,"_inline_size":null,"content_position":"center","align":"center","background_background":"classic","background_color":"#FFFFFF","box_shadow_box_shadow_type":"yes","box_shadow_box_shadow":{"horizontal":0,"vertical":11,"blur":10,"spread":0,"color":"rgba(0, 0, 0, 0.34)"},"margin":{"unit":"%","top":"3","right":"3","bottom":"3","left":"3","isLinked":true}},"elements":[{"id":"37ef03be","settings":{"image":{"id":"3272","url":"https:\/\/cliente.shazamlnv.com\/setasolar\/wp-content\/uploads\/2022\/04\/Screen-Shot-2020-05-11-at-2.07.30-PM.png"},"image_size":"medium","width":{"unit":"%","size":75,"sizes":[]},"width_tablet":{"unit":"%","size":100,"sizes":[]}},"elements":[],"isInner":false,"widgetType":"image","elType":"widget"}],"isInner":true,"elType":"column"},{"id":"6903e922","settings":{"_column_size":25,"_inline_size":null,"content_position":"center","align":"center","background_background":"classic","background_color":"#FFFFFF","box_shadow_box_shadow_type":"yes","box_shadow_box_shadow":{"horizontal":0,"vertical":11,"blur":10,"spread":0,"color":"rgba(0, 0, 0, 0.34)"},"margin":{"unit":"%","top":"3","right":"3","bottom":"3","left":"3","isLinked":true}},"elements":[{"id":"4b51bfe4","settings":{"image":{"id":"3273","url":"https:\/\/cliente.shazamlnv.com\/setasolar\/wp-content\/uploads\/2022\/04\/Screen-Shot-2020-05-11-at-2.07.19-PM.png"},"image_size":"medium","width":{"unit":"%","size":75,"sizes":[]},"width_tablet":{"unit":"%","size":100,"sizes":[]}},"elements":[],"isInner":false,"widgetType":"image","elType":"widget"}],"isInner":true,"elType":"column"}],"isInner":true,"elType":"section"}],"isInner":false,"elType":"column"},{"id":"277938d8","settings":{"_column_size":50,"_inline_size":23.641999999999999459987520822323858737945556640625,"_inline_size_tablet":100,"content_position":"center"},"elements":[{"id":"231dac9a","settings":{"title":"global relationships","header_size":"h4"},"elements":[],"isInner":false,"widgetType":"heading","elType":"widget"},{"id":"2452287b","settings":{"title":"company partners","align":"left","title_color":"#1d1d37","typography_typography":"custom","typography_font_size":{"unit":"em","size":3},"typography_font_weight":"700","_margin":{"unit":"px","top":"-13","right":"0","bottom":"0","left":"0","isLinked":false},"typography_font_family":"Rajdhani","typography_text_transform":"capitalize","typography_font_style":"normal","typography_text_decoration":"none"},"elements":[],"isInner":false,"widgetType":"heading","elType":"widget"},{"id":"3250a8aa","settings":{"weight":{"unit":"px","size":3.29999999999999982236431605997495353221893310546875},"color":"#FF5E14","width":{"unit":"px","size":214},"gap":{"unit":"px","size":2},"_margin":{"unit":"px","top":"-15","right":"0","bottom":"0","left":"0","isLinked":false},"text":"Divider","align":"left","style":"slashes","pattern_height":{"unit":"px","size":6.5,"sizes":[]},"pattern_size":{"unit":"px","size":12.199999999999999289457264239899814128875732421875,"sizes":[]}},"elements":[],"isInner":false,"widgetType":"divider","elType":"widget"}],"isInner":false,"elType":"column"}],"isInner":false,"elType":"section"},{"id":"7084e1b4","settings":{"height":"min-height","html_tag":"section","background_background":"gradient","background_color":"#091441","padding_tablet":{"unit":"em","top":"0","right":"0","bottom":"0","left":"0","isLinked":false},"background_color_b":"#2E396F","padding":{"unit":"em","top":"2","right":"2","bottom":"2","left":"2","isLinked":true}},"elements":[{"id":"29c6745f","settings":{"_column_size":100,"_inline_size":null,"background_color":"#091441","box_shadow_box_shadow":{"horizontal":0,"vertical":31,"blur":10,"spread":-19,"color":"rgba(0,0,0,0.5)"},"margin":{"unit":"%","top":"0","right":"0","bottom":"0","left":"0","isLinked":false},"padding":{"unit":"em","top":"2","right":"2","bottom":"2","left":"2","isLinked":true},"z_index":1,"animation":"fadeInUp","padding_tablet":{"unit":"em","top":"3","right":"1","bottom":"3","left":"1","isLinked":false}},"elements":[{"id":"72ee682a","settings":{"selected_icon":{"value":"fas fa-info","library":"fa-solid"},"primary_color":"#FF5E14","size":{"unit":"px","size":34,"sizes":[]}},"elements":[],"isInner":false,"widgetType":"icon","elType":"widget"},{"id":"78852006","settings":{"title":"start your project now","header_size":"h4","align":"center","title_color":"#7A7A7A","typography_typography":"custom","typography_font_size":{"unit":"em","size":1.5,"sizes":[]},"typography_font_weight":"400","typography_font_family":"Rajdhani","typography_text_transform":"capitalize","typography_font_style":"normal","typography_text_decoration":"none","align_mobile":"center"},"elements":[],"isInner":false,"widgetType":"heading","elType":"widget"},{"id":"5a411e7a","settings":{"title":"contact us today","align":"center","title_color":"#FFFFFF"},"elements":[],"isInner":false,"widgetType":"heading","elType":"widget"},{"id":"64a2fe92","settings":{"weight":{"unit":"px","size":3.29999999999999982236431605997495353221893310546875},"color":"#FF5E14","width":{"unit":"px","size":371},"gap":{"unit":"px","size":2},"_margin":{"unit":"px","top":"-15","right":"0","bottom":"0","left":"0","isLinked":false},"text":"Divider","align":"center","style":"slashes","pattern_height":{"unit":"px","size":6.5,"sizes":[]},"pattern_size":{"unit":"px","size":12.199999999999999289457264239899814128875732421875,"sizes":[]},"align_mobile":"center","width_mobile":{"unit":"%","size":100,"sizes":[]}},"elements":[],"isInner":false,"widgetType":"divider","elType":"widget"},{"id":"2ac41ef0","settings":{"structure":"30","gap":"no"},"elements":[{"id":"62a79a4f","settings":{"_column_size":33,"_inline_size":null,"content_position":"center","align":"center","background_background":"classic","background_color":"#FFFFFF","border_border":"solid","border_width":{"unit":"px","top":"0","right":"0","bottom":"3","left":"0","isLinked":false},"border_color":"#FFFFFF","box_shadow_box_shadow_type":"yes","box_shadow_box_shadow":{"horizontal":0,"vertical":1,"blur":10,"spread":2,"color":"rgba(0, 0, 0, 0.34)"},"border_hover_border":"solid","border_hover_width":{"unit":"px","top":"0","right":"0","bottom":"3","left":"0","isLinked":false},"border_hover_color":"#FF5E14","margin":{"unit":"%","top":"3","right":"3","bottom":"3","left":"3","isLinked":true},"padding":{"unit":"em","top":"3","right":"3","bottom":"3","left":"3","isLinked":true},"padding_tablet":{"unit":"em","top":"3","right":"1","bottom":"3","left":"1","isLinked":false},"padding_mobile":{"unit":"em","top":"1","right":"1","bottom":"1","left":"1","isLinked":true}},"elements":[{"id":"70147738","settings":{"view":"stacked","icon":"fa fa-envelope-open-o","align":"left","primary_color":"#FF5E14","size":{"unit":"px","size":24},"selected_icon":{"value":"far fa-envelope-open","library":"fa-regular"},"__fa4_migrated":{"selected_icon":true}},"elements":[],"isInner":false,"widgetType":"icon","elType":"widget"},{"id":"295e3f34","settings":{"title":"support@industry.com\u200b","header_size":"h3","title_color":"#091441","typography_typography":"custom","typography_font_size":{"unit":"em","size":1.5,"sizes":[]},"align":"left","typography_font_family":"Rajdhani","typography_font_weight":"700","_padding":{"unit":"em","top":"0","right":"0","bottom":"0","left":"0","isLinked":false},"typography_font_size_tablet":{"unit":"em","size":1.3000000000000000444089209850062616169452667236328125,"sizes":[]}},"elements":[],"isInner":false,"widgetType":"heading","elType":"widget"},{"id":"684d9084","settings":{"editor":"<p><span style=\"color: #434343;\">We reply within 24 hours<\/span><\/p>"},"elements":[],"isInner":false,"widgetType":"text-editor","elType":"widget"}],"isInner":true,"elType":"column"},{"id":"3bcddddf","settings":{"_column_size":33,"_inline_size":null,"content_position":"center","align":"center","background_background":"classic","background_color":"#FFFFFF","border_border":"solid","border_width":{"unit":"px","top":"0","right":"0","bottom":"3","left":"0","isLinked":false},"border_color":"#FFFFFF","box_shadow_box_shadow_type":"yes","box_shadow_box_shadow":{"horizontal":0,"vertical":1,"blur":10,"spread":2,"color":"rgba(0, 0, 0, 0.34)"},"border_hover_border":"solid","border_hover_width":{"unit":"px","top":"0","right":"0","bottom":"3","left":"0","isLinked":false},"border_hover_color":"#FF5E14","margin":{"unit":"%","top":"3","right":"3","bottom":"3","left":"3","isLinked":true},"padding":{"unit":"em","top":"3","right":"3","bottom":"3","left":"3","isLinked":true},"padding_tablet":{"unit":"em","top":"3","right":"1","bottom":"3","left":"1","isLinked":false},"padding_mobile":{"unit":"em","top":"1","right":"1","bottom":"1","left":"1","isLinked":true}},"elements":[{"id":"4476b385","settings":{"view":"stacked","icon":"fa fa-envelope-open-o","align":"left","primary_color":"#FF5E14","size":{"unit":"px","size":24},"selected_icon":{"value":"fas fa-phone-alt","library":"fa-solid"},"__fa4_migrated":{"selected_icon":true}},"elements":[],"isInner":false,"widgetType":"icon","elType":"widget"},{"id":"19eb7cf5","settings":{"title":"Have any questions?\u200b","header_size":"h3","title_color":"#091441","typography_typography":"custom","typography_font_size":{"unit":"em","size":1.5,"sizes":[]},"align":"left","typography_font_family":"Rajdhani","typography_font_weight":"700","_padding":{"unit":"em","top":"0","right":"0","bottom":"0","left":"0","isLinked":false},"typography_font_size_tablet":{"unit":"em","size":1.3000000000000000444089209850062616169452667236328125,"sizes":[]}},"elements":[],"isInner":false,"widgetType":"heading","elType":"widget"},{"id":"31f79d8","settings":{"editor":"<p>+62 887 788 9090<\/p>"},"elements":[],"isInner":false,"widgetType":"text-editor","elType":"widget"}],"isInner":true,"elType":"column"},{"id":"67c38efe","settings":{"_column_size":33,"_inline_size":null,"content_position":"center","align":"center","background_background":"classic","background_color":"#FFFFFF","border_border":"solid","border_width":{"unit":"px","top":"0","right":"0","bottom":"3","left":"0","isLinked":false},"border_color":"#FFFFFF","box_shadow_box_shadow_type":"yes","box_shadow_box_shadow":{"horizontal":0,"vertical":1,"blur":10,"spread":2,"color":"rgba(0, 0, 0, 0.34)"},"border_hover_border":"solid","border_hover_width":{"unit":"px","top":"0","right":"0","bottom":"3","left":"0","isLinked":false},"border_hover_color":"#FF5E14","margin":{"unit":"%","top":"3","right":"3","bottom":"3","left":"3","isLinked":true},"padding":{"unit":"em","top":"3","right":"3","bottom":"3","left":"3","isLinked":true},"padding_tablet":{"unit":"em","top":"3","right":"1","bottom":"3","left":"1","isLinked":false},"padding_mobile":{"unit":"em","top":"1","right":"1","bottom":"1","left":"1","isLinked":true}},"elements":[{"id":"c7ef93c","settings":{"view":"stacked","icon":"fa fa-envelope-open-o","align":"left","primary_color":"#FF5E14","size":{"unit":"px","size":24},"selected_icon":{"value":"far fa-clock","library":"fa-regular"},"__fa4_migrated":{"selected_icon":true}},"elements":[],"isInner":false,"widgetType":"icon","elType":"widget"},{"id":"ac81b1c","settings":{"title":"Working hours\u200b","header_size":"h3","title_color":"#091441","typography_typography":"custom","typography_font_size":{"unit":"em","size":1.5,"sizes":[]},"align":"left","typography_font_family":"Rajdhani","typography_font_weight":"700","_padding":{"unit":"em","top":"0","right":"0","bottom":"0","left":"0","isLinked":false},"typography_font_size_tablet":{"unit":"em","size":1.3000000000000000444089209850062616169452667236328125,"sizes":[]}},"elements":[],"isInner":false,"widgetType":"heading","elType":"widget"},{"id":"6d50b186","settings":{"editor":"<p>Mon-Fri, 9am until 6pm<\/p>","align":"left","align_mobile":"justify","text_color":"#7A7A7A","typography_typography":"custom","typography_font_family":"Open Sans","typography_font_size":{"unit":"em","size":1},"typography_font_weight":"400","typography_text_transform":"none","typography_font_style":"normal","typography_text_decoration":"none","typography_line_height":{"unit":"em","size":1.5},"typography_line_height_mobile":{"unit":"em","size":1.899999999999999911182158029987476766109466552734375,"sizes":[]}},"elements":[],"isInner":false,"widgetType":"text-editor","elType":"widget"}],"isInner":true,"elType":"column"}],"isInner":true,"elType":"section"},{"id":"19042a31","settings":{"address":"London Eye, London, United Kingdom","_padding":{"unit":"em","top":"1","right":"1","bottom":"1","left":"1","isLinked":true}},"elements":[],"isInner":false,"widgetType":"google_maps","elType":"widget"}],"isInner":false,"elType":"column"}],"isInner":false,"elType":"section"}],"page_settings":[],"version":"0.4","title":"CONSTRU\u00c7\u00c3O","type":"section"}