{
    "version": "0.4",
    "title": "blog",
    "type": "page",
    "metadata": {
        "template_type": "single-page",
        "include_in_zip": "1",
        "elementor_pro_required": "1",
        "wp_page_template": "default"
    },
    "content": [
        {
            "id": "547bc116",
            "settings": {
                "gap": "no",
                "padding": {
                    "unit": "%",
                    "top": "0",
                    "right": "2",
                    "bottom": "0",
                    "left": "20",
                    "isLinked": ""
                },
                "padding_tablet": {
                    "unit": "px",
                    "top": "0",
                    "right": "0",
                    "bottom": "0",
                    "left": "0",
                    "isLinked": ""
                },
                "layout": "full_width",
                "custom_height": {
                    "unit": "px",
                    "size": "300",
                    "sizes": []
                },
                "margin": {
                    "unit": "px",
                    "top": "-2",
                    "right": "0",
                    "bottom": "0",
                    "left": "0",
                    "isLinked": ""
                },
                "background_background": "classic",
                "background_image": {
                    "url": "https:\/\/kit.detheme.com\/odyssey\/wp-content\/uploads\/sites\/36\/2020\/11\/jogger-checking-smart-watch-PS4T42V.jpg",
                    "id": 770
                },
                "background_position": "bottom center",
                "background_size": "cover",
                "background_size_tablet": "cover",
                "background_size_mobile": "cover",
                "background_bg_width": {
                    "unit": "vw",
                    "size": 82,
                    "sizes": []
                },
                "background_motion_fx_translateY_effect": "yes",
                "background_overlay_background": "classic",
                "background_overlay_opacity": {
                    "unit": "px",
                    "size": 0.3,
                    "sizes": []
                },
                "__globals__": {
                    "background_overlay_color": "globals\/colors?id=a047deb"
                }
            },
            "elements": [
                {
                    "id": "56a53114",
                    "settings": {
                        "_column_size": "100"
                    },
                    "elements": [
                        {
                            "id": "7c14e378",
                            "settings": {
                                "height_inner": "min-height",
                                "background_position": "center center",
                                "background_size": "cover",
                                "background_overlay_opacity": {
                                    "unit": "px",
                                    "size": "0.32",
                                    "sizes": []
                                },
                                "margin": {
                                    "unit": "px",
                                    "top": "0",
                                    "right": "0",
                                    "bottom": "0",
                                    "left": "0",
                                    "isLinked": ""
                                },
                                "__globals__": {
                                    "background_overlay_color": "globals\/colors?id=a047deb"
                                },
                                "gap": "wider",
                                "custom_height_inner_mobile": {
                                    "unit": "px",
                                    "size": "0",
                                    "sizes": []
                                },
                                "structure": "30",
                                "background_repeat": "no-repeat",
                                "padding": {
                                    "unit": "%",
                                    "top": "0",
                                    "right": "2",
                                    "bottom": "0",
                                    "left": "2",
                                    "isLinked": false
                                },
                                "padding_mobile": {
                                    "unit": "px",
                                    "top": "0",
                                    "right": "0",
                                    "bottom": "0",
                                    "left": "0",
                                    "isLinked": false
                                }
                            },
                            "elements": [
                                {
                                    "id": "19eae419",
                                    "settings": {
                                        "_column_size": "33",
                                        "_inline_size": "32.018",
                                        "content_position": "center",
                                        "align": "center",
                                        "padding_mobile": {
                                            "unit": "px",
                                            "top": "30",
                                            "right": "30",
                                            "bottom": "0",
                                            "left": "30",
                                            "isLinked": ""
                                        }
                                    },
                                    "elements": [
                                        {
                                            "id": "644a900a",
                                            "settings": {
                                                "title": "News &amp; Article",
                                                "header_size": "h1",
                                                "align": "left",
                                                "__globals__": {
                                                    "title_color": "globals\/colors?id=ec25634"
                                                },
                                                "align_mobile": "center",
                                                "_margin": {
                                                    "unit": "px",
                                                    "top": "0",
                                                    "right": "0",
                                                    "bottom": "0",
                                                    "left": "0",
                                                    "isLinked": ""
                                                },
                                                "_margin_mobile": {
                                                    "unit": "px",
                                                    "top": "0",
                                                    "right": "0",
                                                    "bottom": "24",
                                                    "left": "0",
                                                    "isLinked": ""
                                                }
                                            },
                                            "elements": [],
                                            "isInner": false,
                                            "widgetType": "heading",
                                            "elType": "widget"
                                        }
                                    ],
                                    "isInner": "1",
                                    "elType": "column"
                                },
                                {
                                    "id": "1bd3b15d",
                                    "settings": {
                                        "_column_size": "33",
                                        "_inline_size": "39.315",
                                        "content_position": "center",
                                        "padding_mobile": {
                                            "unit": "px",
                                            "top": "0",
                                            "right": "30",
                                            "bottom": "30",
                                            "left": "30",
                                            "isLinked": ""
                                        }
                                    },
                                    "elements": [],
                                    "isInner": "1",
                                    "elType": "column"
                                },
                                {
                                    "id": "4848ffe2",
                                    "settings": {
                                        "_column_size": "33",
                                        "_inline_size": "27.972",
                                        "content_position": "center"
                                    },
                                    "elements": [
                                        {
                                            "id": "7412e7a3",
                                            "settings": {
                                                "editor": "<p>Lorem ipsum dolor sit amet, consectetur adipiscing elit. Ut elit tellus, luctus nec ullamcorper mattis, pulvinar&nbsp;<\/p>",
                                                "align": "left",
                                                "align_mobile": "center",
                                                "_margin": {
                                                    "unit": "px",
                                                    "top": "0",
                                                    "right": "0",
                                                    "bottom": "-23",
                                                    "left": "0",
                                                    "isLinked": ""
                                                },
                                                "_element_custom_width": {
                                                    "unit": "px",
                                                    "size": "400",
                                                    "sizes": []
                                                },
                                                "__globals__": {
                                                    "text_color": "globals\/colors?id=ec25634"
                                                }
                                            },
                                            "elements": [],
                                            "isInner": false,
                                            "widgetType": "text-editor",
                                            "elType": "widget"
                                        }
                                    ],
                                    "isInner": "1",
                                    "elType": "column"
                                }
                            ],
                            "isInner": "1",
                            "elType": "section"
                        }
                    ],
                    "isInner": "",
                    "elType": "column"
                }
            ],
            "isInner": "",
            "elType": "section"
        },
        {
            "id": "4784ab42",
            "settings": {
                "gap": "wider",
                "padding": {
                    "unit": "%",
                    "top": "3",
                    "right": "2",
                    "bottom": "3",
                    "left": "20",
                    "isLinked": false
                },
                "padding_tablet": {
                    "unit": "px",
                    "top": "0",
                    "right": "0",
                    "bottom": "0",
                    "left": "0",
                    "isLinked": false
                }
            },
            "elements": [
                {
                    "id": "3a897383",
                    "settings": {
                        "_column_size": 100,
                        "_inline_size": null
                    },
                    "elements": [
                        {
                            "id": "55a94edf",
                            "settings": {
                                "classic_thumbnail": "none",
                                "classic_excerpt_length": "14",
                                "classic_meta_separator": "\u00b7",
                                "classic_read_more_text": "Read More",
                                "cards_meta_separator": "\u2022",
                                "cards_read_more_text": "Read More \u00bb",
                                "full_content_meta_separator": "\/\/\/",
                                "classic_column_gap": {
                                    "unit": "px",
                                    "size": "0",
                                    "sizes": []
                                },
                                "classic_row_gap": {
                                    "unit": "px",
                                    "size": "0",
                                    "sizes": []
                                },
                                "classic_box_border_width": {
                                    "unit": "px",
                                    "top": "1",
                                    "right": "1",
                                    "bottom": "1",
                                    "left": "1",
                                    "isLinked": "1"
                                },
                                "classic_box_padding": {
                                    "unit": "px",
                                    "top": "48",
                                    "right": "48",
                                    "bottom": "48",
                                    "left": "48",
                                    "isLinked": "1"
                                },
                                "classic_box_shadow_box_shadow": {
                                    "horizontal": "1",
                                    "vertical": "1",
                                    "blur": "0",
                                    "spread": "0",
                                    "color": "#DEDEDE"
                                },
                                "classic_box_shadow_box_shadow_position": "inset",
                                "classic_title_spacing": {
                                    "unit": "px",
                                    "size": "8",
                                    "sizes": []
                                },
                                "classic_excerpt_spacing": {
                                    "unit": "px",
                                    "size": "24",
                                    "sizes": []
                                },
                                "pagination_page_limit": "5",
                                "pagination_prev_label": "&laquo; Previous",
                                "pagination_next_label": "Next &raquo;",
                                "_element_width": "initial",
                                "_element_custom_width": {
                                    "unit": "vw",
                                    "size": "93",
                                    "sizes": []
                                },
                                "__globals__": {
                                    "classic_title_typography_typography": "globals\/typography?id=48207f0",
                                    "classic_excerpt_typography_typography": "globals\/typography?id=primary",
                                    "classic_read_more_typography_typography": "globals\/typography?id=secondary",
                                    "classic_meta_typography_typography": "globals\/typography?id=text",
                                    "classic_box_border_color": "globals\/colors?id=07414c8",
                                    "classic_title_color": "globals\/colors?id=secondary",
                                    "_border_color": "globals\/colors?id=785b64d"
                                },
                                "classic_columns_tablet": "1",
                                "classic_box_shadow_box_shadow_type": "yes",
                                "_margin": {
                                    "unit": "px",
                                    "top": "0",
                                    "right": "0",
                                    "bottom": "-1",
                                    "left": "0",
                                    "isLinked": ""
                                },
                                "_border_border": "solid",
                                "_border_width": {
                                    "unit": "px",
                                    "top": "0",
                                    "right": "1",
                                    "bottom": "1",
                                    "left": "0",
                                    "isLinked": ""
                                },
                                "classic_columns": "2",
                                "classic_posts_per_page": 2,
                                "classic_item_ratio": {
                                    "unit": "px",
                                    "size": 0.5,
                                    "sizes": []
                                },
                                "classic_image_width": {
                                    "unit": "%",
                                    "size": 48,
                                    "sizes": []
                                }
                            },
                            "elements": [],
                            "isInner": false,
                            "widgetType": "posts",
                            "elType": "widget"
                        },
                        {
                            "id": "26616bab",
                            "settings": {
                                "classic_thumbnail": "none",
                                "classic_excerpt_length": "14",
                                "classic_meta_separator": "\u00b7",
                                "classic_read_more_text": "Read More",
                                "cards_meta_separator": "\u2022",
                                "cards_read_more_text": "Read More \u00bb",
                                "full_content_meta_separator": "\/\/\/",
                                "classic_column_gap": {
                                    "unit": "px",
                                    "size": "0",
                                    "sizes": []
                                },
                                "classic_row_gap": {
                                    "unit": "px",
                                    "size": "0",
                                    "sizes": []
                                },
                                "classic_box_border_width": {
                                    "unit": "px",
                                    "top": "0",
                                    "right": "0",
                                    "bottom": "0",
                                    "left": "0",
                                    "isLinked": "1"
                                },
                                "classic_box_padding": {
                                    "unit": "px",
                                    "top": "48",
                                    "right": "48",
                                    "bottom": "48",
                                    "left": "48",
                                    "isLinked": "1"
                                },
                                "classic_box_shadow_box_shadow": {
                                    "horizontal": "1",
                                    "vertical": "1",
                                    "blur": "0",
                                    "spread": "0",
                                    "color": "#DEDEDE"
                                },
                                "classic_box_shadow_box_shadow_position": "inset",
                                "classic_title_spacing": {
                                    "unit": "px",
                                    "size": "8",
                                    "sizes": []
                                },
                                "classic_excerpt_spacing": {
                                    "unit": "px",
                                    "size": "24",
                                    "sizes": []
                                },
                                "pagination_page_limit": "5",
                                "pagination_prev_label": "&laquo; Previous",
                                "pagination_next_label": "Next &raquo;",
                                "_element_width": "initial",
                                "_element_custom_width": {
                                    "unit": "vw",
                                    "size": "93",
                                    "sizes": []
                                },
                                "__globals__": {
                                    "classic_title_typography_typography": "globals\/typography?id=48207f0",
                                    "classic_excerpt_typography_typography": "globals\/typography?id=primary",
                                    "classic_read_more_typography_typography": "globals\/typography?id=secondary",
                                    "classic_meta_typography_typography": "globals\/typography?id=text",
                                    "classic_box_border_color": "globals\/colors?id=07414c8",
                                    "classic_title_color": "globals\/colors?id=secondary",
                                    "_border_color": "globals\/colors?id=785b64d"
                                },
                                "classic_columns_tablet": "1",
                                "classic_box_shadow_box_shadow_type": "yes",
                                "_margin": {
                                    "unit": "px",
                                    "top": "0",
                                    "right": "0",
                                    "bottom": "-1",
                                    "left": "0",
                                    "isLinked": ""
                                },
                                "_border_border": "solid",
                                "_border_width": {
                                    "unit": "px",
                                    "top": "0",
                                    "right": "1",
                                    "bottom": "1",
                                    "left": "0",
                                    "isLinked": ""
                                }
                            },
                            "elements": [],
                            "isInner": false,
                            "widgetType": "posts",
                            "elType": "widget"
                        }
                    ],
                    "isInner": false,
                    "elType": "column"
                }
            ],
            "isInner": false,
            "elType": "section"
        },
        {
            "id": "1eb32b9c",
            "settings": {
                "structure": "20",
                "background_background": "classic",
                "background_size": "cover",
                "padding": {
                    "unit": "%",
                    "top": "3",
                    "right": "2",
                    "bottom": "3",
                    "left": "20",
                    "isLinked": false
                },
                "gap": "wider",
                "padding_tablet": {
                    "unit": "px",
                    "top": "0",
                    "right": "0",
                    "bottom": "0",
                    "left": "0",
                    "isLinked": true
                },
                "__globals__": {
                    "background_color": "globals\/colors?id=d3ae19d"
                },
                "layout": "full_width",
                "custom_height": {
                    "unit": "px",
                    "size": 600,
                    "sizes": []
                },
                "background_position": "center center",
                "background_xpos": {
                    "unit": "px",
                    "size": 165,
                    "sizes": []
                },
                "margin": {
                    "unit": "%",
                    "top": "",
                    "right": 0,
                    "bottom": "",
                    "left": 0,
                    "isLinked": true
                }
            },
            "elements": [
                {
                    "id": "2d7dfe81",
                    "settings": {
                        "_column_size": 50,
                        "_inline_size": null,
                        "_inline_size_tablet": 40
                    },
                    "elements": [
                        {
                            "id": "1898a473",
                            "settings": {
                                "title": "Get our latest news",
                                "_margin": {
                                    "unit": "px",
                                    "top": "0",
                                    "right": "0",
                                    "bottom": "8",
                                    "left": "0",
                                    "isLinked": false
                                },
                                "align": "left",
                                "header_size": "h3",
                                "align_tablet": "left",
                                "align_mobile": "center",
                                "_animation": "fadeInLeft"
                            },
                            "elements": [],
                            "isInner": false,
                            "widgetType": "heading",
                            "elType": "widget"
                        },
                        {
                            "id": "498118f3",
                            "settings": {
                                "editor": "<p>Luctus nec ullamcorper mattis, pulvinar dapibus leo.<\/p>",
                                "_margin": {
                                    "unit": "px",
                                    "top": "0",
                                    "right": "0",
                                    "bottom": "-27",
                                    "left": "0",
                                    "isLinked": false
                                },
                                "_element_width": "initial",
                                "_element_custom_width": {
                                    "unit": "px",
                                    "size": 500,
                                    "sizes": []
                                },
                                "align_mobile": "center",
                                "_margin_mobile": {
                                    "unit": "px",
                                    "top": "0",
                                    "right": "0",
                                    "bottom": "0",
                                    "left": "0",
                                    "isLinked": false
                                },
                                "_animation": "fadeInLeft"
                            },
                            "elements": [],
                            "isInner": false,
                            "widgetType": "text-editor",
                            "elType": "widget"
                        }
                    ],
                    "isInner": false,
                    "elType": "column"
                },
                {
                    "id": "335338f9",
                    "settings": {
                        "_column_size": 50,
                        "_inline_size": null,
                        "content_position": "center",
                        "_inline_size_tablet": 60,
                        "padding_mobile": {
                            "unit": "px",
                            "top": "0",
                            "right": "30",
                            "bottom": "30",
                            "left": "30",
                            "isLinked": false
                        }
                    },
                    "elements": [
                        {
                            "id": "65f651bd",
                            "settings": {
                                "form_name": "Subscribe",
                                "form_fields": [
                                    {
                                        "custom_id": "email",
                                        "field_type": "email",
                                        "required": "true",
                                        "field_label": "Email",
                                        "placeholder": "Email",
                                        "width": "66",
                                        "_id": "2bb2220"
                                    }
                                ],
                                "show_labels": "",
                                "button_width": "33",
                                "step_next_label": "Next",
                                "step_previous_label": "Previous",
                                "button_text": "Subscribe",
                                "submit_actions": [
                                    "email",
                                    "mailchimp"
                                ],
                                "email_content": "[all-fields]",
                                "email_content_2": "[all-fields]",
                                "success_message": "The form was sent successfully.",
                                "error_message": "An error occured.",
                                "required_field_message": "This field is required.",
                                "invalid_message": "There's something wrong. The form is invalid.",
                                "input_size": "md",
                                "__globals__": {
                                    "field_background_color": "globals\/colors?id=ec25634"
                                },
                                "button_size": "md",
                                "_animation": "fadeInRight"
                            },
                            "elements": [],
                            "isInner": false,
                            "widgetType": "form",
                            "elType": "widget"
                        }
                    ],
                    "isInner": false,
                    "elType": "column"
                }
            ],
            "isInner": false,
            "elType": "section"
        }
    ]
}