{
    "version": "0.4",
    "title": "Footer",
    "type": "footer",
    "metadata": {
        "template_type": "section-footer",
        "include_in_zip": "1",
        "elementor_pro_required": "1",
        "elementor_library_type": "footer",
        "elementor_pro_conditions": [
            "include\/general"
        ],
        "additional_template_information": [
            "This is a \"Footer\" template for Elementor Pro.",
            "This template will display on: Entire Site."
        ],
        "wp_page_template": "default"
    },
    "content": [
        {
            "id": "4031c620",
            "settings": {
                "gap": "wider",
                "structure": "30",
                "padding": {
                    "unit": "%",
                    "top": "3",
                    "right": "2",
                    "bottom": "3",
                    "left": "20",
                    "isLinked": false
                },
                "padding_mobile": {
                    "unit": "px",
                    "top": "48",
                    "right": "0",
                    "bottom": "48",
                    "left": "0",
                    "isLinked": false
                },
                "padding_tablet": {
                    "unit": "px",
                    "top": "0",
                    "right": "0",
                    "bottom": "0",
                    "left": "0",
                    "isLinked": false
                }
            },
            "elements": [
                {
                    "id": "392b27b5",
                    "settings": {
                        "_column_size": 33,
                        "_inline_size": 12
                    },
                    "elements": [],
                    "isInner": false,
                    "elType": "column"
                },
                {
                    "id": "4ccef76",
                    "settings": {
                        "_column_size": 33,
                        "_inline_size": 75.333,
                        "content_position": "center",
                        "__globals__": {
                            "color_link": "globals\/colors?id=8fa36e4",
                            "color_link_hover": "globals\/colors?id=b41e63e"
                        },
                        "align_mobile": "center"
                    },
                    "elements": [
                        {
                            "id": "11025fac",
                            "settings": {
                                "editor": "<p>10 Franklin Street<br \/>Apex, NY 27502<\/p>",
                                "align": "right",
                                "_margin": {
                                    "unit": "px",
                                    "top": "0",
                                    "right": "0",
                                    "bottom": "-24",
                                    "left": "0",
                                    "isLinked": false
                                },
                                "_padding": {
                                    "unit": "px",
                                    "top": "0",
                                    "right": "32",
                                    "bottom": "0",
                                    "left": "0",
                                    "isLinked": false
                                },
                                "_element_width": "initial",
                                "_element_custom_width": {
                                    "unit": "%",
                                    "size": 40,
                                    "sizes": []
                                },
                                "__globals__": {
                                    "text_color": "globals\/colors?id=8fa36e4"
                                },
                                "align_mobile": "center",
                                "_margin_mobile": {
                                    "unit": "px",
                                    "top": "0",
                                    "right": "0",
                                    "bottom": "0",
                                    "left": "0",
                                    "isLinked": false
                                },
                                "_padding_mobile": {
                                    "unit": "px",
                                    "top": "0",
                                    "right": "0",
                                    "bottom": "0",
                                    "left": "0",
                                    "isLinked": false
                                },
                                "_element_width_mobile": "inherit"
                            },
                            "elements": [],
                            "isInner": false,
                            "widgetType": "text-editor",
                            "elType": "widget"
                        },
                        {
                            "id": "70b9bb99",
                            "settings": {
                                "image": {
                                    "url": "https:\/\/kit.detheme.com\/odyssey\/wp-content\/uploads\/sites\/36\/2020\/11\/dark.png",
                                    "id": 89
                                },
                                "width": {
                                    "unit": "px",
                                    "size": 120,
                                    "sizes": []
                                },
                                "_element_width": "initial",
                                "_element_custom_width": {
                                    "unit": "%",
                                    "size": 20,
                                    "sizes": []
                                },
                                "width_mobile": {
                                    "unit": "px",
                                    "size": "",
                                    "sizes": []
                                },
                                "_margin_mobile": {
                                    "unit": "px",
                                    "top": "0",
                                    "right": "0",
                                    "bottom": "24",
                                    "left": "0",
                                    "isLinked": false
                                },
                                "_element_width_mobile": "inherit"
                            },
                            "elements": [],
                            "isInner": false,
                            "widgetType": "image",
                            "elType": "widget"
                        },
                        {
                            "id": "be9b4a0",
                            "settings": {
                                "editor": "<p><a href=\"#\">hello@odyssey.detheme<\/a><br \/><a href=\"#\">+62.8123.135.060<\/a><\/p>",
                                "align": "left",
                                "_margin": {
                                    "unit": "px",
                                    "top": "0",
                                    "right": "0",
                                    "bottom": "-24",
                                    "left": "0",
                                    "isLinked": false
                                },
                                "_padding": {
                                    "unit": "px",
                                    "top": "0",
                                    "right": "0",
                                    "bottom": "0",
                                    "left": "32",
                                    "isLinked": false
                                },
                                "_element_width": "initial",
                                "_element_custom_width": {
                                    "unit": "%",
                                    "size": 40,
                                    "sizes": []
                                },
                                "__globals__": {
                                    "text_color": "globals\/colors?id=8fa36e4"
                                },
                                "align_mobile": "center",
                                "_padding_mobile": {
                                    "unit": "px",
                                    "top": "0",
                                    "right": "0",
                                    "bottom": "0",
                                    "left": "0",
                                    "isLinked": false
                                },
                                "_element_width_mobile": "inherit"
                            },
                            "elements": [],
                            "isInner": false,
                            "widgetType": "text-editor",
                            "elType": "widget"
                        }
                    ],
                    "isInner": false,
                    "elType": "column"
                },
                {
                    "id": "21b851ea",
                    "settings": {
                        "_column_size": 33,
                        "_inline_size": 12
                    },
                    "elements": [],
                    "isInner": false,
                    "elType": "column"
                }
            ],
            "isInner": false,
            "elType": "section"
        },
        {
            "id": "4fbd2809",
            "settings": {
                "gap": "wider",
                "background_background": "classic",
                "__globals__": {
                    "background_color": "",
                    "border_color": "globals\/colors?id=785b64d"
                },
                "padding": {
                    "unit": "%",
                    "top": "0",
                    "right": "2",
                    "bottom": "0",
                    "left": "20",
                    "isLinked": false
                },
                "border_border": "solid",
                "border_width": {
                    "unit": "px",
                    "top": "1",
                    "right": "0",
                    "bottom": "0",
                    "left": "0",
                    "isLinked": false
                },
                "padding_tablet": {
                    "unit": "px",
                    "top": "0",
                    "right": "0",
                    "bottom": "0",
                    "left": "0",
                    "isLinked": false
                }
            },
            "elements": [
                {
                    "id": "6e224574",
                    "settings": {
                        "_column_size": 100,
                        "_inline_size": null
                    },
                    "elements": [
                        {
                            "id": "7d7beec2",
                            "settings": {
                                "shortcode": "Copyright \u00a9 [dtk_current_year] Detheme Studio Surabaya. All rights reserved.",
                                "align": "center",
                                "__globals__": {
                                    "caption_typography_typography": "globals\/typography?id=5ec7628",
                                    "title_color": "globals\/colors?id=8fa36e4"
                                }
                            },
                            "elements": [],
                            "isInner": false,
                            "widgetType": "copyright",
                            "elType": "widget"
                        }
                    ],
                    "isInner": false,
                    "elType": "column"
                }
            ],
            "isInner": false,
            "elType": "section"
        }
    ]
}