{
    "version": "0.4",
    "title": "Optin",
    "type": "popup",
    "metadata": {
        "template_type": "section-popup",
        "include_in_zip": "1",
        "elementor_pro_required": "1",
        "elementor_library_type": "popup",
        "elementor_pro_conditions": [
            "include\/general"
        ],
        "additional_template_information": [
            "This is a \"Popup\" template for Elementor Pro.",
            "This template will display on: Entire Site."
        ],
        "wp_page_template": "default"
    },
    "content": [
        {
            "id": "74a9636",
            "settings": {
                "structure": "20",
                "border_radius": {
                    "unit": "px",
                    "top": "4",
                    "right": "4",
                    "bottom": "4",
                    "left": "4",
                    "isLinked": true
                },
                "gap": "wider",
                "height": "min-height",
                "column_position": "bottom",
                "background_background": "classic",
                "background_image": {
                    "id": 113,
                    "url": "https:\/\/kit.detheme.com\/odyssey\/wp-content\/uploads\/sites\/36\/2020\/11\/portrait-of-elegant-businessman-at-dark-photo-stud-K7V7TUY.jpg"
                },
                "background_position": "center center",
                "background_repeat": "no-repeat",
                "background_size": "cover",
                "background_overlay_background": "gradient",
                "background_overlay_color_stop": {
                    "unit": "%",
                    "size": 45,
                    "sizes": []
                },
                "background_overlay_color_b_stop": {
                    "unit": "%",
                    "size": 6,
                    "sizes": []
                },
                "background_overlay_gradient_angle": {
                    "unit": "deg",
                    "size": 250,
                    "sizes": []
                },
                "background_overlay_opacity": {
                    "unit": "px",
                    "size": 1,
                    "sizes": []
                },
                "__globals__": {
                    "background_overlay_color_b": "globals\/colors?id=ec25634",
                    "background_overlay_color": "globals\/colors?id=07414c8"
                },
                "custom_height_mobile": {
                    "unit": "px",
                    "size": 0,
                    "sizes": []
                },
                "background_size_mobile": "initial",
                "background_bg_width_mobile": {
                    "unit": "px",
                    "size": 0,
                    "sizes": []
                },
                "padding_mobile": {
                    "unit": "px",
                    "top": "32",
                    "right": "0",
                    "bottom": "32",
                    "left": "0",
                    "isLinked": false
                }
            },
            "elements": [
                {
                    "id": "3cadbbfe",
                    "settings": {
                        "_column_size": 50,
                        "_inline_size": null
                    },
                    "elements": [
                        {
                            "id": "93c274f",
                            "settings": {
                                "title": "Subscribe to our newsletter",
                                "header_size": "h5",
                                "align": "left",
                                "_margin": {
                                    "unit": "px",
                                    "top": "0",
                                    "right": "0",
                                    "bottom": "8",
                                    "left": "0",
                                    "isLinked": false
                                }
                            },
                            "elements": [],
                            "isInner": false,
                            "widgetType": "heading",
                            "elType": "widget"
                        },
                        {
                            "id": "5af7db8b",
                            "settings": {
                                "editor": "<p>Sign up to receive updates, promotions, and sneak peaks of upcoming products. Plus 20% off your next order.<\/p>",
                                "_margin": {
                                    "unit": "px",
                                    "top": "0",
                                    "right": "0",
                                    "bottom": "24",
                                    "left": "0",
                                    "isLinked": false
                                },
                                "__globals__": {
                                    "typography_typography": "globals\/typography?id=primary",
                                    "text_color": ""
                                },
                                "typography_typography": "custom",
                                "typography_font_family": "Roboto",
                                "typography_font_size": {
                                    "unit": "px",
                                    "size": 16,
                                    "sizes": []
                                },
                                "typography_font_weight": "300",
                                "typography_line_height": {
                                    "unit": "em",
                                    "size": 1.5,
                                    "sizes": []
                                }
                            },
                            "elements": [],
                            "isInner": false,
                            "widgetType": "text-editor",
                            "elType": "widget"
                        },
                        {
                            "id": "1ec06162",
                            "settings": {
                                "form_name": "Subscribe",
                                "form_fields": [
                                    {
                                        "custom_id": "email",
                                        "field_type": "email",
                                        "required": "true",
                                        "field_label": "Email",
                                        "placeholder": "your email address",
                                        "width": "60",
                                        "_id": "1737d1b",
                                        "previous_button": "",
                                        "next_button": "",
                                        "file_sizes": "",
                                        "file_types": "",
                                        "allow_multiple_upload": "",
                                        "max_files": "",
                                        "acceptance_text": "",
                                        "checked_by_default": "",
                                        "field_min": "",
                                        "field_max": "",
                                        "min_date": "",
                                        "max_date": "",
                                        "use_native_date": "",
                                        "use_native_time": ""
                                    }
                                ],
                                "step_next_label": "Next",
                                "step_previous_label": "Previous",
                                "button_text": "Subscribe",
                                "submit_actions": [
                                    "email",
                                    "mailchimp"
                                ],
                                "email_content": "[all-fields]",
                                "email_content_2": "[all-fields]",
                                "success_message": "The form was sent successfully.",
                                "error_message": "An error occured.",
                                "required_field_message": "This field is required.",
                                "invalid_message": "There's something wrong. The form is invalid.",
                                "show_labels": "",
                                "button_width": "33",
                                "_element_width": "initial",
                                "_element_custom_width": {
                                    "unit": "px",
                                    "size": 500,
                                    "sizes": []
                                },
                                "input_size": "md",
                                "button_size": "md",
                                "column_gap": {
                                    "unit": "px",
                                    "size": 0,
                                    "sizes": []
                                },
                                "row_gap": {
                                    "unit": "px",
                                    "size": 0,
                                    "sizes": []
                                },
                                "_margin": {
                                    "unit": "px",
                                    "top": "0",
                                    "right": "0",
                                    "bottom": "16",
                                    "left": "0",
                                    "isLinked": false
                                },
                                "_padding": {
                                    "unit": "px",
                                    "top": "0",
                                    "right": "0",
                                    "bottom": "0",
                                    "left": "0",
                                    "isLinked": false
                                }
                            },
                            "elements": [],
                            "isInner": false,
                            "widgetType": "form",
                            "elType": "widget"
                        },
                        {
                            "id": "18c24aa9",
                            "settings": {
                                "title": "Promotion nulla vitae elit libero a pharetra augue",
                                "header_size": "div",
                                "__globals__": {
                                    "typography_typography": "globals\/typography?id=5ec7628",
                                    "title_color": "globals\/colors?id=8fa36e4"
                                }
                            },
                            "elements": [],
                            "isInner": false,
                            "widgetType": "heading",
                            "elType": "widget"
                        }
                    ],
                    "isInner": false,
                    "elType": "column"
                },
                {
                    "id": "63ff5a08",
                    "settings": {
                        "_column_size": 50,
                        "_inline_size": null
                    },
                    "elements": [],
                    "isInner": false,
                    "elType": "column"
                }
            ],
            "isInner": false,
            "elType": "section"
        }
    ],
    "page_settings": {
        "entrance_animation": "slideInUp",
        "exit_animation": "fadeIn",
        "entrance_animation_duration": {
            "unit": "px",
            "size": 0.6,
            "sizes": []
        },
        "margin": {
            "unit": "px",
            "top": "24",
            "right": "24",
            "bottom": "24",
            "left": "24",
            "isLinked": true
        },
        "padding": {
            "unit": "px",
            "top": "0",
            "right": "0",
            "bottom": "0",
            "left": "0",
            "isLinked": true
        },
        "margin_mobile": {
            "unit": "px",
            "top": "0",
            "right": "0",
            "bottom": "0",
            "left": "0",
            "isLinked": true
        },
        "width": {
            "unit": "px",
            "size": 700,
            "sizes": []
        },
        "border_radius": {
            "unit": "px",
            "top": "4",
            "right": "4",
            "bottom": "4",
            "left": "4",
            "isLinked": true
        },
        "__globals__": {
            "close_button_color": "globals\/colors?id=secondary"
        }
    }
}