{
    "version": "0.4",
    "title": "Portfolio",
    "type": "page",
    "metadata": {
        "template_type": "single-page",
        "include_in_zip": "1",
        "elementor_pro_required": "1",
        "wp_page_template": "default"
    },
    "content": [
        {
            "id": "7efd7527",
            "settings": {
                "gap": "no",
                "padding": {
                    "unit": "%",
                    "top": "0",
                    "right": "2",
                    "bottom": "0",
                    "left": "20",
                    "isLinked": ""
                },
                "padding_tablet": {
                    "unit": "px",
                    "top": "0",
                    "right": "0",
                    "bottom": "0",
                    "left": "0",
                    "isLinked": ""
                },
                "layout": "full_width",
                "custom_height": {
                    "unit": "px",
                    "size": "300",
                    "sizes": []
                },
                "margin": {
                    "unit": "px",
                    "top": "-2",
                    "right": "0",
                    "bottom": "0",
                    "left": "0",
                    "isLinked": ""
                },
                "background_background": "classic",
                "background_image": {
                    "url": "https:\/\/kit.detheme.com\/odyssey\/wp-content\/uploads\/sites\/36\/2020\/11\/woman-check-the-time-on-the-smart-watch-in-the-air-MCFCTCP.jpg",
                    "id": 781
                },
                "background_position": "center center",
                "background_size": "initial",
                "background_size_tablet": "cover",
                "background_size_mobile": "cover",
                "background_bg_width": {
                    "unit": "vw",
                    "size": 82,
                    "sizes": []
                },
                "background_motion_fx_translateY_effect": "yes",
                "background_overlay_background": "classic",
                "background_overlay_opacity": {
                    "unit": "px",
                    "size": 0.3,
                    "sizes": []
                },
                "__globals__": {
                    "background_overlay_color": "globals\/colors?id=a047deb"
                }
            },
            "elements": [
                {
                    "id": "716990e2",
                    "settings": {
                        "_column_size": "100"
                    },
                    "elements": [
                        {
                            "id": "7a8c3a48",
                            "settings": {
                                "height_inner": "min-height",
                                "background_position": "center center",
                                "background_size": "cover",
                                "background_overlay_opacity": {
                                    "unit": "px",
                                    "size": "0.32",
                                    "sizes": []
                                },
                                "margin": {
                                    "unit": "px",
                                    "top": "0",
                                    "right": "0",
                                    "bottom": "0",
                                    "left": "0",
                                    "isLinked": ""
                                },
                                "__globals__": {
                                    "background_overlay_color": "globals\/colors?id=a047deb"
                                },
                                "gap": "wider",
                                "custom_height_inner_mobile": {
                                    "unit": "px",
                                    "size": "0",
                                    "sizes": []
                                },
                                "structure": "30",
                                "background_repeat": "no-repeat",
                                "padding": {
                                    "unit": "%",
                                    "top": "0",
                                    "right": "2",
                                    "bottom": "0",
                                    "left": "2",
                                    "isLinked": false
                                },
                                "padding_mobile": {
                                    "unit": "px",
                                    "top": "0",
                                    "right": "0",
                                    "bottom": "0",
                                    "left": "0",
                                    "isLinked": false
                                }
                            },
                            "elements": [
                                {
                                    "id": "6148997c",
                                    "settings": {
                                        "_column_size": "33",
                                        "_inline_size": "32.018",
                                        "content_position": "center",
                                        "align": "center",
                                        "padding_mobile": {
                                            "unit": "px",
                                            "top": "30",
                                            "right": "30",
                                            "bottom": "0",
                                            "left": "30",
                                            "isLinked": ""
                                        }
                                    },
                                    "elements": [
                                        {
                                            "id": "4c8bb6f6",
                                            "settings": {
                                                "title": "Our Portfolio",
                                                "header_size": "h1",
                                                "align": "left",
                                                "__globals__": {
                                                    "title_color": "globals\/colors?id=ec25634"
                                                },
                                                "align_mobile": "center",
                                                "_margin": {
                                                    "unit": "px",
                                                    "top": "0",
                                                    "right": "0",
                                                    "bottom": "0",
                                                    "left": "0",
                                                    "isLinked": ""
                                                },
                                                "_margin_mobile": {
                                                    "unit": "px",
                                                    "top": "0",
                                                    "right": "0",
                                                    "bottom": "24",
                                                    "left": "0",
                                                    "isLinked": ""
                                                }
                                            },
                                            "elements": [],
                                            "isInner": false,
                                            "widgetType": "heading",
                                            "elType": "widget"
                                        }
                                    ],
                                    "isInner": "1",
                                    "elType": "column"
                                },
                                {
                                    "id": "61a91dc8",
                                    "settings": {
                                        "_column_size": "33",
                                        "_inline_size": "39.315",
                                        "content_position": "center",
                                        "padding_mobile": {
                                            "unit": "px",
                                            "top": "0",
                                            "right": "30",
                                            "bottom": "30",
                                            "left": "30",
                                            "isLinked": ""
                                        }
                                    },
                                    "elements": [],
                                    "isInner": "1",
                                    "elType": "column"
                                },
                                {
                                    "id": "7811bc9c",
                                    "settings": {
                                        "_column_size": "33",
                                        "_inline_size": "27.972",
                                        "content_position": "center"
                                    },
                                    "elements": [
                                        {
                                            "id": "7e0f8e06",
                                            "settings": {
                                                "editor": "<p>Lorem ipsum dolor sit amet, consectetur adipiscing elit. Ut elit tellus, luctus nec ullamcorper mattis, pulvinar&nbsp;<\/p>",
                                                "align": "left",
                                                "align_mobile": "center",
                                                "_margin": {
                                                    "unit": "px",
                                                    "top": "0",
                                                    "right": "0",
                                                    "bottom": "-23",
                                                    "left": "0",
                                                    "isLinked": ""
                                                },
                                                "_element_custom_width": {
                                                    "unit": "px",
                                                    "size": "400",
                                                    "sizes": []
                                                },
                                                "__globals__": {
                                                    "text_color": "globals\/colors?id=ec25634"
                                                }
                                            },
                                            "elements": [],
                                            "isInner": false,
                                            "widgetType": "text-editor",
                                            "elType": "widget"
                                        }
                                    ],
                                    "isInner": "1",
                                    "elType": "column"
                                }
                            ],
                            "isInner": "1",
                            "elType": "section"
                        }
                    ],
                    "isInner": "",
                    "elType": "column"
                }
            ],
            "isInner": "",
            "elType": "section"
        },
        {
            "id": "5d3d4184",
            "settings": {
                "structure": "30",
                "gap": "wider",
                "padding": {
                    "unit": "%",
                    "top": "3",
                    "right": "2",
                    "bottom": "0",
                    "left": "20",
                    "isLinked": false
                },
                "padding_tablet": {
                    "unit": "px",
                    "top": "0",
                    "right": "0",
                    "bottom": "0",
                    "left": "0",
                    "isLinked": false
                },
                "background_background": "classic",
                "background_position": "center left",
                "background_overlay_background": "classic",
                "background_overlay_opacity": {
                    "unit": "px",
                    "size": 0.6,
                    "sizes": []
                },
                "__globals__": {
                    "background_color": "",
                    "background_overlay_color": ""
                }
            },
            "elements": [
                {
                    "id": "9b6de71",
                    "settings": {
                        "_column_size": 33,
                        "_inline_size": 37.105
                    },
                    "elements": [
                        {
                            "id": "5a2e7840",
                            "settings": {
                                "title": "we have All poppular brand in the world",
                                "header_size": "h4",
                                "align_mobile": "center",
                                "_animation": "fadeInLeft"
                            },
                            "elements": [],
                            "isInner": false,
                            "widgetType": "heading",
                            "elType": "widget"
                        }
                    ],
                    "isInner": false,
                    "elType": "column"
                },
                {
                    "id": "4cf77652",
                    "settings": {
                        "_column_size": 33,
                        "_inline_size": 7.105,
                        "_inline_size_tablet": 2
                    },
                    "elements": [],
                    "isInner": false,
                    "elType": "column"
                },
                {
                    "id": "15b8368e",
                    "settings": {
                        "_column_size": 33,
                        "_inline_size": 55.122,
                        "_inline_size_tablet": 59
                    },
                    "elements": [
                        {
                            "id": "14749b73",
                            "settings": {
                                "editor": "<p>Morbi leo risus, porta ac consectetur ac, vestibulum at eros. Donec ullamcorper nulla non metus auctor fringilla. Donec sed odio dui. Lorem ipsum dolor sit amet, consectetur adipiscing elit. Ut elit tellus, luctus nec ullamcorper mattis, pulvinar\u00a0<\/p>",
                                "align_mobile": "center"
                            },
                            "elements": [],
                            "isInner": false,
                            "widgetType": "text-editor",
                            "elType": "widget"
                        }
                    ],
                    "isInner": false,
                    "elType": "column"
                }
            ],
            "isInner": false,
            "elType": "section"
        },
        {
            "id": "53a9ac9b",
            "settings": {
                "gap": "wider",
                "padding": {
                    "unit": "%",
                    "top": "3",
                    "right": "2",
                    "bottom": "3",
                    "left": "20",
                    "isLinked": false
                },
                "padding_tablet": {
                    "unit": "px",
                    "top": "0",
                    "right": "0",
                    "bottom": "0",
                    "left": "0",
                    "isLinked": false
                },
                "background_background": "classic",
                "__globals__": {
                    "background_color": "",
                    "background_overlay_color": ""
                },
                "background_position": "center left",
                "background_overlay_background": "classic",
                "background_overlay_opacity": {
                    "unit": "px",
                    "size": 0.6,
                    "sizes": []
                }
            },
            "elements": [
                {
                    "id": "617c8b20",
                    "settings": {
                        "_column_size": 100,
                        "_inline_size": null,
                        "padding": {
                            "unit": "px",
                            "top": "10",
                            "right": "10",
                            "bottom": "10",
                            "left": "10",
                            "isLinked": true
                        },
                        "padding_mobile": {
                            "unit": "px",
                            "top": "30",
                            "right": "30",
                            "bottom": "30",
                            "left": "30",
                            "isLinked": true
                        }
                    },
                    "elements": [
                        {
                            "id": "60b272f3",
                            "settings": {
                                "dethemekit_gallery_img_size_select": "metro",
                                "dethemekit_gallery_images_fit": "cover",
                                "dethemekit_gallery_column_number": "25%",
                                "dethemekit_gallery_load_more_text": "Load More",
                                "dethemekit_gallery_first_cat_label": "All",
                                "dethemekit_gallery_cats_content": [
                                    {
                                        "dethemekit_gallery_img_cat": "Feature Brand",
                                        "_id": "38da814",
                                        "dethemekit_gallery_img_cat_rotation": ""
                                    },
                                    {
                                        "dethemekit_gallery_img_cat": "Most Popular",
                                        "_id": "016605d",
                                        "dethemekit_gallery_img_cat_rotation": ""
                                    },
                                    {
                                        "dethemekit_gallery_img_cat": "Best Seller",
                                        "dethemekit_gallery_img_cat_rotation": "",
                                        "_id": "71f9992"
                                    }
                                ],
                                "dethemekit_gallery_img_content": [
                                    {
                                        "dethemekit_gallery_img_name": "Black Watch",
                                        "dethemekit_gallery_img_category": "Most Popular",
                                        "_id": "1de9c2a",
                                        "dethemekit_gallery_img": {
                                            "url": "https:\/\/kit.detheme.com\/odyssey\/wp-content\/uploads\/sites\/36\/2020\/11\/man-checking-notifications-on-his-smart-watch-FZWYFQR.jpg",
                                            "id": 772
                                        },
                                        "dethemekit_gallery_image_cell": {
                                            "unit": "px",
                                            "size": 4,
                                            "sizes": []
                                        },
                                        "dethemekit_gallery_image_cell_tablet": {
                                            "unit": "px",
                                            "size": "",
                                            "sizes": []
                                        },
                                        "dethemekit_gallery_image_cell_mobile": {
                                            "unit": "px",
                                            "size": 12,
                                            "sizes": []
                                        },
                                        "dethemekit_gallery_image_vcell": {
                                            "unit": "px",
                                            "size": 6,
                                            "sizes": []
                                        },
                                        "dethemekit_gallery_image_vcell_tablet": {
                                            "unit": "px",
                                            "size": "",
                                            "sizes": []
                                        },
                                        "dethemekit_gallery_image_vcell_mobile": {
                                            "unit": "px",
                                            "size": 12,
                                            "sizes": []
                                        },
                                        "dethemekit_gallery_video": "",
                                        "dethemekit_gallery_video_type": "youtube",
                                        "dethemekit_gallery_video_url": "",
                                        "dethemekit_gallery_video_self": {
                                            "url": "",
                                            "id": ""
                                        },
                                        "dethemekit_gallery_video_self_url": "",
                                        "dethemekit_gallery_video_controls": "true",
                                        "dethemekit_gallery_video_mute": "",
                                        "dethemekit_gallery_img_desc": "Most Popular",
                                        "dethemekit_gallery_img_link_type": "url",
                                        "dethemekit_gallery_img_link": {
                                            "url": "#",
                                            "is_external": "",
                                            "nofollow": "",
                                            "custom_attributes": ""
                                        },
                                        "dethemekit_gallery_img_existing": "",
                                        "dethemekit_gallery_link_whole": "",
                                        "dethemekit_gallery_lightbox_whole": ""
                                    },
                                    {
                                        "dethemekit_gallery_img_name": "Egestas sit",
                                        "dethemekit_gallery_img_category": "Feature Brand",
                                        "_id": "4f8758e",
                                        "dethemekit_gallery_img": {
                                            "url": "https:\/\/kit.detheme.com\/odyssey\/wp-content\/uploads\/sites\/36\/2020\/11\/boy-verifying-time-on-his-silver-watch-on-his-hand-Y348Y5G.jpg",
                                            "id": 765
                                        },
                                        "dethemekit_gallery_image_cell": {
                                            "unit": "px",
                                            "size": 4,
                                            "sizes": []
                                        },
                                        "dethemekit_gallery_image_cell_tablet": {
                                            "unit": "px",
                                            "size": "",
                                            "sizes": []
                                        },
                                        "dethemekit_gallery_image_cell_mobile": {
                                            "unit": "px",
                                            "size": 12,
                                            "sizes": []
                                        },
                                        "dethemekit_gallery_image_vcell": {
                                            "unit": "px",
                                            "size": 3,
                                            "sizes": []
                                        },
                                        "dethemekit_gallery_image_vcell_tablet": {
                                            "unit": "px",
                                            "size": "",
                                            "sizes": []
                                        },
                                        "dethemekit_gallery_image_vcell_mobile": {
                                            "unit": "px",
                                            "size": 12,
                                            "sizes": []
                                        },
                                        "dethemekit_gallery_video": "",
                                        "dethemekit_gallery_video_type": "youtube",
                                        "dethemekit_gallery_video_url": "",
                                        "dethemekit_gallery_video_self": {
                                            "url": "",
                                            "id": ""
                                        },
                                        "dethemekit_gallery_video_self_url": "",
                                        "dethemekit_gallery_video_controls": "true",
                                        "dethemekit_gallery_video_mute": "",
                                        "dethemekit_gallery_img_desc": "Feature Brand",
                                        "dethemekit_gallery_img_link_type": "url",
                                        "dethemekit_gallery_img_link": {
                                            "url": "#",
                                            "is_external": "",
                                            "nofollow": "",
                                            "custom_attributes": ""
                                        },
                                        "dethemekit_gallery_img_existing": "",
                                        "dethemekit_gallery_link_whole": "",
                                        "dethemekit_gallery_lightbox_whole": ""
                                    },
                                    {
                                        "dethemekit_gallery_img_name": "Ridiculus vestibulum",
                                        "dethemekit_gallery_img_category": "Feature Brand",
                                        "dethemekit_gallery_img": {
                                            "url": "https:\/\/kit.detheme.com\/odyssey\/wp-content\/uploads\/sites\/36\/2020\/11\/cropped-shot-of-businessman-checking-time-on-smart-6EGV9PY.jpg",
                                            "id": 767
                                        },
                                        "dethemekit_gallery_image_cell": {
                                            "unit": "px",
                                            "size": 4,
                                            "sizes": []
                                        },
                                        "dethemekit_gallery_image_cell_tablet": {
                                            "unit": "px",
                                            "size": "",
                                            "sizes": []
                                        },
                                        "dethemekit_gallery_image_cell_mobile": {
                                            "unit": "px",
                                            "size": 12,
                                            "sizes": []
                                        },
                                        "dethemekit_gallery_image_vcell": {
                                            "unit": "px",
                                            "size": 3,
                                            "sizes": []
                                        },
                                        "dethemekit_gallery_image_vcell_tablet": {
                                            "unit": "px",
                                            "size": "",
                                            "sizes": []
                                        },
                                        "dethemekit_gallery_image_vcell_mobile": {
                                            "unit": "px",
                                            "size": 12,
                                            "sizes": []
                                        },
                                        "dethemekit_gallery_video": "",
                                        "dethemekit_gallery_video_type": "youtube",
                                        "dethemekit_gallery_video_url": "",
                                        "dethemekit_gallery_video_self": {
                                            "url": "",
                                            "id": ""
                                        },
                                        "dethemekit_gallery_video_self_url": "",
                                        "dethemekit_gallery_video_controls": "true",
                                        "dethemekit_gallery_video_mute": "",
                                        "dethemekit_gallery_img_desc": "Feature Brand",
                                        "dethemekit_gallery_img_link_type": "url",
                                        "dethemekit_gallery_img_link": {
                                            "url": "#",
                                            "is_external": "",
                                            "nofollow": "",
                                            "custom_attributes": ""
                                        },
                                        "dethemekit_gallery_img_existing": "",
                                        "dethemekit_gallery_link_whole": "",
                                        "dethemekit_gallery_lightbox_whole": "",
                                        "_id": "1e1164d"
                                    },
                                    {
                                        "dethemekit_gallery_img_name": "Silver Watch",
                                        "dethemekit_gallery_img_category": "Most Popular",
                                        "dethemekit_gallery_img": {
                                            "url": "https:\/\/kit.detheme.com\/odyssey\/wp-content\/uploads\/sites\/36\/2020\/11\/a-man-putting-on-a-watch-XQUZSNG.jpg",
                                            "id": 764
                                        },
                                        "dethemekit_gallery_image_cell": {
                                            "unit": "px",
                                            "size": 8,
                                            "sizes": []
                                        },
                                        "dethemekit_gallery_image_cell_tablet": {
                                            "unit": "px",
                                            "size": "",
                                            "sizes": []
                                        },
                                        "dethemekit_gallery_image_cell_mobile": {
                                            "unit": "px",
                                            "size": 12,
                                            "sizes": []
                                        },
                                        "dethemekit_gallery_image_vcell": {
                                            "unit": "px",
                                            "size": 3,
                                            "sizes": []
                                        },
                                        "dethemekit_gallery_image_vcell_tablet": {
                                            "unit": "px",
                                            "size": "",
                                            "sizes": []
                                        },
                                        "dethemekit_gallery_image_vcell_mobile": {
                                            "unit": "px",
                                            "size": 12,
                                            "sizes": []
                                        },
                                        "dethemekit_gallery_video": "",
                                        "dethemekit_gallery_video_type": "youtube",
                                        "dethemekit_gallery_video_url": "",
                                        "dethemekit_gallery_video_self": {
                                            "url": "",
                                            "id": ""
                                        },
                                        "dethemekit_gallery_video_self_url": "",
                                        "dethemekit_gallery_video_controls": "true",
                                        "dethemekit_gallery_video_mute": "",
                                        "dethemekit_gallery_img_desc": "Most Popular",
                                        "dethemekit_gallery_img_link_type": "url",
                                        "dethemekit_gallery_img_link": {
                                            "url": "#",
                                            "is_external": "",
                                            "nofollow": "",
                                            "custom_attributes": ""
                                        },
                                        "dethemekit_gallery_img_existing": "",
                                        "dethemekit_gallery_link_whole": "",
                                        "dethemekit_gallery_lightbox_whole": "",
                                        "_id": "0e83a2e"
                                    },
                                    {
                                        "dethemekit_gallery_img_name": "Smart Watch",
                                        "dethemekit_gallery_img_category": "Best Seller",
                                        "dethemekit_gallery_img": {
                                            "url": "https:\/\/kit.detheme.com\/odyssey\/wp-content\/uploads\/sites\/36\/2020\/11\/fit-man-checking-smart-watch-H8GR7B4.jpg",
                                            "id": 768
                                        },
                                        "dethemekit_gallery_image_cell": {
                                            "unit": "px",
                                            "size": 5,
                                            "sizes": []
                                        },
                                        "dethemekit_gallery_image_cell_tablet": {
                                            "unit": "px",
                                            "size": "",
                                            "sizes": []
                                        },
                                        "dethemekit_gallery_image_cell_mobile": {
                                            "unit": "px",
                                            "size": 12,
                                            "sizes": []
                                        },
                                        "dethemekit_gallery_image_vcell": {
                                            "unit": "px",
                                            "size": 4,
                                            "sizes": []
                                        },
                                        "dethemekit_gallery_image_vcell_tablet": {
                                            "unit": "px",
                                            "size": "",
                                            "sizes": []
                                        },
                                        "dethemekit_gallery_image_vcell_mobile": {
                                            "unit": "px",
                                            "size": 12,
                                            "sizes": []
                                        },
                                        "dethemekit_gallery_video": "",
                                        "dethemekit_gallery_video_type": "youtube",
                                        "dethemekit_gallery_video_url": "",
                                        "dethemekit_gallery_video_self": {
                                            "url": "",
                                            "id": ""
                                        },
                                        "dethemekit_gallery_video_self_url": "",
                                        "dethemekit_gallery_video_controls": "true",
                                        "dethemekit_gallery_video_mute": "",
                                        "dethemekit_gallery_img_desc": "Best Seller",
                                        "dethemekit_gallery_img_link_type": "url",
                                        "dethemekit_gallery_img_link": {
                                            "url": "#",
                                            "is_external": "",
                                            "nofollow": "",
                                            "custom_attributes": ""
                                        },
                                        "dethemekit_gallery_img_existing": "",
                                        "dethemekit_gallery_link_whole": "",
                                        "dethemekit_gallery_lightbox_whole": "",
                                        "_id": "6ad58cd"
                                    },
                                    {
                                        "dethemekit_gallery_img_name": "Lor inceptos",
                                        "dethemekit_gallery_img_category": "Best Seller",
                                        "dethemekit_gallery_img": {
                                            "url": "https:\/\/kit.detheme.com\/odyssey\/wp-content\/uploads\/sites\/36\/2020\/11\/must-stop-running-in-such-a-view-FPZCDS4.jpg",
                                            "id": 777
                                        },
                                        "dethemekit_gallery_image_cell": {
                                            "unit": "px",
                                            "size": 3,
                                            "sizes": []
                                        },
                                        "dethemekit_gallery_image_cell_tablet": {
                                            "unit": "px",
                                            "size": "",
                                            "sizes": []
                                        },
                                        "dethemekit_gallery_image_cell_mobile": {
                                            "unit": "px",
                                            "size": 12,
                                            "sizes": []
                                        },
                                        "dethemekit_gallery_image_vcell": {
                                            "unit": "px",
                                            "size": 4,
                                            "sizes": []
                                        },
                                        "dethemekit_gallery_image_vcell_tablet": {
                                            "unit": "px",
                                            "size": "",
                                            "sizes": []
                                        },
                                        "dethemekit_gallery_image_vcell_mobile": {
                                            "unit": "px",
                                            "size": 12,
                                            "sizes": []
                                        },
                                        "dethemekit_gallery_video": "",
                                        "dethemekit_gallery_video_type": "youtube",
                                        "dethemekit_gallery_video_url": "",
                                        "dethemekit_gallery_video_self": {
                                            "url": "",
                                            "id": ""
                                        },
                                        "dethemekit_gallery_video_self_url": "",
                                        "dethemekit_gallery_video_controls": "true",
                                        "dethemekit_gallery_video_mute": "",
                                        "dethemekit_gallery_img_desc": "Best Seller",
                                        "dethemekit_gallery_img_link_type": "url",
                                        "dethemekit_gallery_img_link": {
                                            "url": "#",
                                            "is_external": "",
                                            "nofollow": "",
                                            "custom_attributes": ""
                                        },
                                        "dethemekit_gallery_img_existing": "",
                                        "dethemekit_gallery_link_whole": "",
                                        "dethemekit_gallery_lightbox_whole": "",
                                        "_id": "7f083a2"
                                    },
                                    {
                                        "dethemekit_gallery_img_name": "Vehicula ut id elit",
                                        "dethemekit_gallery_img_category": "Most Popular",
                                        "dethemekit_gallery_img": {
                                            "url": "https:\/\/kit.detheme.com\/odyssey\/wp-content\/uploads\/sites\/36\/2020\/11\/man-wearing-smart-watch-G7XTMRJ.jpg",
                                            "id": 776
                                        },
                                        "dethemekit_gallery_image_cell": {
                                            "unit": "px",
                                            "size": 4,
                                            "sizes": []
                                        },
                                        "dethemekit_gallery_image_cell_tablet": {
                                            "unit": "px",
                                            "size": "",
                                            "sizes": []
                                        },
                                        "dethemekit_gallery_image_cell_mobile": {
                                            "unit": "px",
                                            "size": 12,
                                            "sizes": []
                                        },
                                        "dethemekit_gallery_image_vcell": {
                                            "unit": "px",
                                            "size": 4,
                                            "sizes": []
                                        },
                                        "dethemekit_gallery_image_vcell_tablet": {
                                            "unit": "px",
                                            "size": "",
                                            "sizes": []
                                        },
                                        "dethemekit_gallery_image_vcell_mobile": {
                                            "unit": "px",
                                            "size": 12,
                                            "sizes": []
                                        },
                                        "dethemekit_gallery_video": "",
                                        "dethemekit_gallery_video_type": "youtube",
                                        "dethemekit_gallery_video_url": "",
                                        "dethemekit_gallery_video_self": {
                                            "url": "",
                                            "id": ""
                                        },
                                        "dethemekit_gallery_video_self_url": "",
                                        "dethemekit_gallery_video_controls": "true",
                                        "dethemekit_gallery_video_mute": "",
                                        "dethemekit_gallery_img_desc": "Most Popular",
                                        "dethemekit_gallery_img_link_type": "url",
                                        "dethemekit_gallery_img_link": {
                                            "url": "#",
                                            "is_external": "",
                                            "nofollow": "",
                                            "custom_attributes": ""
                                        },
                                        "dethemekit_gallery_img_existing": "",
                                        "dethemekit_gallery_link_whole": "",
                                        "dethemekit_gallery_lightbox_whole": "",
                                        "_id": "2d6dbe4"
                                    }
                                ],
                                "dethemekit_gallery_gap": {
                                    "unit": "px",
                                    "size": 30,
                                    "sizes": []
                                },
                                "dethemekit_gallery_gap_tablet": {
                                    "unit": "px",
                                    "size": 2,
                                    "sizes": []
                                },
                                "dethemekit_gallery_img_effect": "trans",
                                "dethemekit_gallery_lightbox_type": "yes",
                                "dethemekit_gallery_icons_style_overlay": "rgba(0, 0, 0, 0.76)",
                                "dethemekit_gallery_title_color": "#FFFFFF",
                                "dethemekit_gallery_description_color": "#DEDEDE",
                                "dethemekit_gallery_content_background_background": "gradient",
                                "dethemekit_gallery_content_background_color": "rgba(51, 51, 51, 0)",
                                "dethemekit_gallery_content_background_color_b": "rgba(0, 0, 0, 0.28)",
                                "dethemekit_gallery_content_background_color_b_stop": {
                                    "unit": "%",
                                    "size": 79,
                                    "sizes": []
                                },
                                "dethemekit_gallery_content_padding": {
                                    "unit": "%",
                                    "top": "20",
                                    "right": "0",
                                    "bottom": "5",
                                    "left": "0",
                                    "isLinked": false
                                },
                                "dethemekit_gallery_style1_icons_position": {
                                    "unit": "%",
                                    "size": 50,
                                    "sizes": []
                                },
                                "dethemekit_gallery_icons_style_background": "#FFFFFF",
                                "_margin_mobile": {
                                    "unit": "px",
                                    "top": "0",
                                    "right": "0",
                                    "bottom": "0",
                                    "left": "0",
                                    "isLinked": false
                                },
                                "_padding_mobile": {
                                    "unit": "px",
                                    "top": "0",
                                    "right": "0",
                                    "bottom": "0",
                                    "left": "0",
                                    "isLinked": false
                                },
                                "dethemekit_gallery_filter_margin_mobile": {
                                    "unit": "px",
                                    "top": "10",
                                    "right": "8",
                                    "bottom": "10",
                                    "left": "8",
                                    "isLinked": false
                                },
                                "dethemekit_gallery_filter_padding_mobile": {
                                    "unit": "px",
                                    "top": "0",
                                    "right": "0",
                                    "bottom": "0",
                                    "left": "0",
                                    "isLinked": false
                                },
                                "dethemekit_gallery_filter_color": "#6B6B6B",
                                "dethemekit_gallery_filter_active_color": "#010202",
                                "__globals__": {
                                    "dethemekit_gallery_title_typo_typography": "",
                                    "dethemekit_gallery_description_typo_typography": "globals\/typography?id=text"
                                },
                                "dethemekit_gallery_title_typo_typography": "custom",
                                "dethemekit_gallery_title_typo_font_size": {
                                    "unit": "px",
                                    "size": 28,
                                    "sizes": []
                                },
                                "dethemekit_gallery_title_typo_font_weight": "700",
                                "dethemekit_gallery_title_typo_line_height": {
                                    "unit": "em",
                                    "size": 1.3,
                                    "sizes": []
                                },
                                "dethemekit_gallery_description_typo_typography": "custom",
                                "dethemekit_gallery_description_typo_font_family": "Inter",
                                "dethemekit_gallery_description_typo_font_size": {
                                    "unit": "px",
                                    "size": 12,
                                    "sizes": []
                                },
                                "dethemekit_gallery_description_typo_font_weight": "600",
                                "dethemekit_gallery_description_typo_text_transform": "uppercase",
                                "dethemekit_gallery_description_typo_line_height": {
                                    "unit": "em",
                                    "size": 2,
                                    "sizes": []
                                },
                                "dethemekit_gallery_description_typo_letter_spacing": {
                                    "unit": "px",
                                    "size": 3,
                                    "sizes": []
                                }
                            },
                            "elements": [],
                            "isInner": false,
                            "widgetType": "dethemekit-img-gallery",
                            "elType": "widget"
                        }
                    ],
                    "isInner": false,
                    "elType": "column"
                }
            ],
            "isInner": false,
            "elType": "section"
        },
        {
            "id": "6e349183",
            "settings": {
                "gap": "wider",
                "background_background": "classic",
                "padding": {
                    "unit": "%",
                    "top": "6",
                    "right": "2",
                    "bottom": "6",
                    "left": "20",
                    "isLinked": false
                },
                "padding_tablet": {
                    "unit": "px",
                    "top": "0",
                    "right": "0",
                    "bottom": "0",
                    "left": "0",
                    "isLinked": false
                },
                "__globals__": {
                    "background_color": "globals\/colors?id=primary"
                }
            },
            "elements": [
                {
                    "id": "2161b9a6",
                    "settings": {
                        "_column_size": 100,
                        "_inline_size": null,
                        "padding": {
                            "unit": "%",
                            "top": "0",
                            "right": "4",
                            "bottom": "0",
                            "left": "4",
                            "isLinked": false
                        }
                    },
                    "elements": [
                        {
                            "id": "620658ad",
                            "settings": {
                                "slides": [
                                    {
                                        "image": {
                                            "url": "https:\/\/kit.detheme.com\/kelud\/wp-content\/uploads\/sites\/2\/2020\/07\/Group.png",
                                            "id": 646
                                        },
                                        "_id": "c7510e2"
                                    },
                                    {
                                        "image": {
                                            "url": "https:\/\/kit.detheme.com\/kelud\/wp-content\/uploads\/sites\/2\/2020\/07\/Group-1.png",
                                            "id": 645
                                        },
                                        "_id": "ed475d6"
                                    },
                                    {
                                        "image": {
                                            "url": "https:\/\/kit.detheme.com\/kelud\/wp-content\/uploads\/sites\/2\/2020\/07\/Group-2.png",
                                            "id": 644
                                        },
                                        "_id": "a964410"
                                    },
                                    {
                                        "image": {
                                            "url": "https:\/\/kit.detheme.com\/kelud\/wp-content\/uploads\/sites\/2\/2020\/07\/Group-3.png",
                                            "id": 643
                                        },
                                        "_id": "0843549"
                                    },
                                    {
                                        "image": {
                                            "url": "https:\/\/kit.detheme.com\/kelud\/wp-content\/uploads\/sites\/2\/2020\/07\/Group-4.png",
                                            "id": 642
                                        },
                                        "_id": "443f01c"
                                    },
                                    {
                                        "image": {
                                            "url": "https:\/\/kit.detheme.com\/kelud\/wp-content\/uploads\/sites\/2\/2020\/07\/Group-6.png",
                                            "id": 640
                                        },
                                        "_id": "162a28f"
                                    },
                                    {
                                        "image": {
                                            "url": "https:\/\/kit.detheme.com\/kelud\/wp-content\/uploads\/sites\/2\/2020\/07\/Group-7.png",
                                            "id": 639
                                        },
                                        "_id": "425da01"
                                    },
                                    {
                                        "image": {
                                            "url": "https:\/\/kit.detheme.com\/kelud\/wp-content\/uploads\/sites\/2\/2020\/07\/Group-8.png",
                                            "id": 638
                                        },
                                        "_id": "6e9aa14"
                                    }
                                ],
                                "slides_per_view": "5",
                                "height": {
                                    "unit": "px",
                                    "size": 90,
                                    "sizes": []
                                },
                                "width": {
                                    "unit": "px",
                                    "size": "",
                                    "sizes": []
                                },
                                "show_arrows": "",
                                "pagination": "",
                                "speed": 800,
                                "autoplay_speed": 2000,
                                "image_fit": "contain",
                                "space_between": {
                                    "unit": "px",
                                    "size": 64,
                                    "sizes": []
                                },
                                "slides_per_view_mobile": "2",
                                "slides_to_scroll_mobile": "1",
                                "space_between_mobile": {
                                    "unit": "px",
                                    "size": 40,
                                    "sizes": []
                                },
                                "slides_per_view_tablet": "4",
                                "space_between_tablet": {
                                    "unit": "px",
                                    "size": 64,
                                    "sizes": []
                                }
                            },
                            "elements": [],
                            "isInner": false,
                            "widgetType": "media-carousel",
                            "elType": "widget"
                        }
                    ],
                    "isInner": false,
                    "elType": "column"
                }
            ],
            "isInner": false,
            "elType": "section"
        },
        {
            "id": "69a066ea",
            "settings": {
                "gap": "wider",
                "padding": {
                    "unit": "%",
                    "top": "3",
                    "right": "2",
                    "bottom": "3",
                    "left": "20",
                    "isLinked": false
                },
                "padding_tablet": {
                    "unit": "px",
                    "top": "0",
                    "right": "0",
                    "bottom": "0",
                    "left": "0",
                    "isLinked": false
                },
                "structure": "30",
                "background_background": "classic",
                "__globals__": {
                    "background_color": "globals\/colors?id=d3ae19d",
                    "background_overlay_color": ""
                },
                "background_position": "center left",
                "background_overlay_background": "classic",
                "background_overlay_opacity": {
                    "unit": "px",
                    "size": 0.6,
                    "sizes": []
                }
            },
            "elements": [
                {
                    "id": "44982f97",
                    "settings": {
                        "_column_size": 33,
                        "_inline_size": 16
                    },
                    "elements": [],
                    "isInner": false,
                    "elType": "column"
                },
                {
                    "id": "72418e8",
                    "settings": {
                        "_column_size": 33,
                        "_inline_size": 67.332
                    },
                    "elements": [
                        {
                            "id": "6d24b9ef",
                            "settings": {
                                "title": "Interested? Let's get in touch!",
                                "align": "center",
                                "_margin": {
                                    "unit": "px",
                                    "top": "0",
                                    "right": "0",
                                    "bottom": "24",
                                    "left": "0",
                                    "isLinked": false
                                },
                                "_animation": "fadeInDown"
                            },
                            "elements": [],
                            "isInner": false,
                            "widgetType": "heading",
                            "elType": "widget"
                        },
                        {
                            "id": "3f00ac17",
                            "settings": {
                                "align": "center",
                                "_animation": "fadeInUp"
                            },
                            "elements": [],
                            "isInner": false,
                            "widgetType": "text-editor",
                            "elType": "widget"
                        },
                        {
                            "id": "7cc4a03a",
                            "settings": {
                                "text": "Get started",
                                "align": "center",
                                "_animation": "fadeInUp"
                            },
                            "elements": [],
                            "isInner": false,
                            "widgetType": "button",
                            "elType": "widget"
                        }
                    ],
                    "isInner": false,
                    "elType": "column"
                },
                {
                    "id": "33f47826",
                    "settings": {
                        "_column_size": 33,
                        "_inline_size": 16
                    },
                    "elements": [],
                    "isInner": false,
                    "elType": "column"
                }
            ],
            "isInner": false,
            "elType": "section"
        }
    ]
}