{
    "version": "0.4",
    "title": "Shop",
    "type": "page",
    "metadata": {
        "template_type": "single-page",
        "include_in_zip": "1",
        "elementor_pro_required": "1",
        "wp_page_template": "default"
    },
    "content": [
        {
            "id": "ea30543",
            "settings": {
                "gap": "no",
                "padding": {
                    "unit": "%",
                    "top": "0",
                    "right": "2",
                    "bottom": "0",
                    "left": "20",
                    "isLinked": ""
                },
                "padding_tablet": {
                    "unit": "px",
                    "top": "0",
                    "right": "0",
                    "bottom": "0",
                    "left": "0",
                    "isLinked": ""
                },
                "layout": "full_width",
                "custom_height": {
                    "unit": "px",
                    "size": "300",
                    "sizes": []
                },
                "margin": {
                    "unit": "px",
                    "top": "-2",
                    "right": "0",
                    "bottom": "0",
                    "left": "0",
                    "isLinked": ""
                },
                "background_background": "classic",
                "background_image": {
                    "url": "https:\/\/kit.detheme.com\/odyssey\/wp-content\/uploads\/sites\/36\/2020\/11\/guy-in-sunglasses-talking-on-the-mobile-phone-on-b-G4DRNWL.jpg",
                    "id": 499
                },
                "background_position": "center center",
                "background_size": "initial",
                "background_size_tablet": "cover",
                "background_size_mobile": "cover",
                "background_bg_width": {
                    "unit": "vw",
                    "size": 82,
                    "sizes": []
                },
                "background_motion_fx_translateY_effect": "yes",
                "background_overlay_background": "classic",
                "background_overlay_opacity": {
                    "unit": "px",
                    "size": 0.3,
                    "sizes": []
                },
                "__globals__": {
                    "background_overlay_color": "globals\/colors?id=a047deb"
                }
            },
            "elements": [
                {
                    "id": "6c24469e",
                    "settings": {
                        "_column_size": "100"
                    },
                    "elements": [
                        {
                            "id": "528e033e",
                            "settings": {
                                "height_inner": "min-height",
                                "background_position": "center center",
                                "background_size": "cover",
                                "background_overlay_opacity": {
                                    "unit": "px",
                                    "size": "0.32",
                                    "sizes": []
                                },
                                "margin": {
                                    "unit": "px",
                                    "top": "0",
                                    "right": "0",
                                    "bottom": "0",
                                    "left": "0",
                                    "isLinked": ""
                                },
                                "__globals__": {
                                    "background_overlay_color": "globals\/colors?id=a047deb"
                                },
                                "gap": "wider",
                                "custom_height_inner_mobile": {
                                    "unit": "px",
                                    "size": "0",
                                    "sizes": []
                                },
                                "structure": "30",
                                "background_repeat": "no-repeat",
                                "padding": {
                                    "unit": "%",
                                    "top": "0",
                                    "right": "2",
                                    "bottom": "0",
                                    "left": "2",
                                    "isLinked": false
                                },
                                "padding_mobile": {
                                    "unit": "px",
                                    "top": "0",
                                    "right": "0",
                                    "bottom": "0",
                                    "left": "0",
                                    "isLinked": false
                                }
                            },
                            "elements": [
                                {
                                    "id": "757d849d",
                                    "settings": {
                                        "_column_size": "33",
                                        "_inline_size": "32.018",
                                        "content_position": "center",
                                        "align": "center",
                                        "padding_mobile": {
                                            "unit": "px",
                                            "top": "30",
                                            "right": "30",
                                            "bottom": "0",
                                            "left": "30",
                                            "isLinked": ""
                                        }
                                    },
                                    "elements": [
                                        {
                                            "id": "4a5951e4",
                                            "settings": {
                                                "title": "Shop",
                                                "header_size": "h1",
                                                "align": "left",
                                                "__globals__": {
                                                    "title_color": "globals\/colors?id=ec25634"
                                                },
                                                "align_mobile": "center",
                                                "_margin": {
                                                    "unit": "px",
                                                    "top": "0",
                                                    "right": "0",
                                                    "bottom": "0",
                                                    "left": "0",
                                                    "isLinked": ""
                                                },
                                                "_margin_mobile": {
                                                    "unit": "px",
                                                    "top": "0",
                                                    "right": "0",
                                                    "bottom": "24",
                                                    "left": "0",
                                                    "isLinked": ""
                                                }
                                            },
                                            "elements": [],
                                            "isInner": false,
                                            "widgetType": "heading",
                                            "elType": "widget"
                                        }
                                    ],
                                    "isInner": "1",
                                    "elType": "column"
                                },
                                {
                                    "id": "6118f4f2",
                                    "settings": {
                                        "_column_size": "33",
                                        "_inline_size": "39.315",
                                        "content_position": "center",
                                        "padding_mobile": {
                                            "unit": "px",
                                            "top": "0",
                                            "right": "30",
                                            "bottom": "30",
                                            "left": "30",
                                            "isLinked": ""
                                        }
                                    },
                                    "elements": [],
                                    "isInner": "1",
                                    "elType": "column"
                                },
                                {
                                    "id": "4cb42776",
                                    "settings": {
                                        "_column_size": "33",
                                        "_inline_size": "27.972",
                                        "content_position": "center"
                                    },
                                    "elements": [
                                        {
                                            "id": "153dd1e2",
                                            "settings": {
                                                "editor": "<p>Lorem ipsum dolor sit amet, consectetur adipiscing elit. Ut elit tellus, luctus nec ullamcorper mattis, pulvinar&nbsp;<\/p>",
                                                "align": "left",
                                                "align_mobile": "center",
                                                "_margin": {
                                                    "unit": "px",
                                                    "top": "0",
                                                    "right": "0",
                                                    "bottom": "-23",
                                                    "left": "0",
                                                    "isLinked": ""
                                                },
                                                "_element_custom_width": {
                                                    "unit": "px",
                                                    "size": "400",
                                                    "sizes": []
                                                },
                                                "__globals__": {
                                                    "text_color": "globals\/colors?id=ec25634"
                                                }
                                            },
                                            "elements": [],
                                            "isInner": false,
                                            "widgetType": "text-editor",
                                            "elType": "widget"
                                        }
                                    ],
                                    "isInner": "1",
                                    "elType": "column"
                                }
                            ],
                            "isInner": "1",
                            "elType": "section"
                        }
                    ],
                    "isInner": "",
                    "elType": "column"
                }
            ],
            "isInner": "",
            "elType": "section"
        },
        {
            "id": "43664a2f",
            "settings": {
                "gap": "wider",
                "structure": "30",
                "padding": {
                    "unit": "%",
                    "top": "7",
                    "right": "2",
                    "bottom": "4",
                    "left": "20",
                    "isLinked": ""
                },
                "padding_tablet": {
                    "unit": "px",
                    "top": "48",
                    "right": "0",
                    "bottom": "0",
                    "left": "0",
                    "isLinked": ""
                },
                "overflow": "hidden",
                "margin": {
                    "unit": "px",
                    "top": "0",
                    "right": 0,
                    "bottom": "0",
                    "left": 0,
                    "isLinked": ""
                },
                "margin_mobile": {
                    "unit": "px",
                    "top": "0",
                    "right": "0",
                    "bottom": "0",
                    "left": "0",
                    "isLinked": ""
                }
            },
            "elements": [
                {
                    "id": "aede9df",
                    "settings": {
                        "_column_size": "33",
                        "_inline_size": "67.632",
                        "_inline_size_tablet": "100",
                        "padding": {
                            "unit": "px",
                            "top": "0",
                            "right": "30",
                            "bottom": "0",
                            "left": "30",
                            "isLinked": ""
                        },
                        "padding_mobile": {
                            "unit": "px",
                            "top": "30",
                            "right": "30",
                            "bottom": "30",
                            "left": "30",
                            "isLinked": "1"
                        }
                    },
                    "elements": [
                        {
                            "id": "39a98843",
                            "settings": {
                                "column_gap": {
                                    "unit": "px",
                                    "size": 24,
                                    "sizes": []
                                },
                                "row_gap": {
                                    "unit": "px",
                                    "size": 48,
                                    "sizes": []
                                },
                                "align": "center",
                                "title_typography_typography": "custom",
                                "title_typography_font_size": {
                                    "unit": "px",
                                    "size": "16",
                                    "sizes": []
                                },
                                "title_typography_font_weight": "700",
                                "title_spacing": {
                                    "unit": "px",
                                    "size": "0",
                                    "sizes": []
                                },
                                "price_typography_typography": "custom",
                                "price_typography_font_size": {
                                    "unit": "px",
                                    "size": "16",
                                    "sizes": []
                                },
                                "button_background_color": "rgba(2, 1, 1, 0)",
                                "button_border_color": "#F36400",
                                "button_typography_typography": "custom",
                                "button_typography_font_size": {
                                    "unit": "px",
                                    "size": "10",
                                    "sizes": []
                                },
                                "button_typography_font_weight": "700",
                                "button_typography_text_transform": "uppercase",
                                "button_typography_line_height": {
                                    "unit": "em",
                                    "size": "1.5",
                                    "sizes": []
                                },
                                "button_typography_letter_spacing": {
                                    "unit": "px",
                                    "size": "3",
                                    "sizes": []
                                },
                                "button_hover_color": "#000000",
                                "button_hover_border_color": "#000000",
                                "button_border_border": "solid",
                                "button_border_width": {
                                    "unit": "px",
                                    "top": "0",
                                    "right": "0",
                                    "bottom": "1",
                                    "left": "0",
                                    "isLinked": ""
                                },
                                "button_border_radius": {
                                    "unit": "px",
                                    "top": "0",
                                    "right": "0",
                                    "bottom": "0",
                                    "left": "0",
                                    "isLinked": "1"
                                },
                                "button_text_padding": {
                                    "unit": "px",
                                    "top": "0",
                                    "right": "0",
                                    "bottom": "0",
                                    "left": "0",
                                    "isLinked": ""
                                },
                                "onsale_text_background_color": "#FB700E",
                                "onsale_typography_typography": "custom",
                                "onsale_typography_font_size": {
                                    "unit": "px",
                                    "size": "10",
                                    "sizes": []
                                },
                                "onsale_typography_font_weight": "500",
                                "onsale_typography_text_transform": "uppercase",
                                "onsale_typography_letter_spacing": {
                                    "unit": "px",
                                    "size": "1.2",
                                    "sizes": []
                                },
                                "onsale_width": {
                                    "unit": "px",
                                    "size": "48",
                                    "sizes": []
                                },
                                "onsale_height": {
                                    "unit": "px",
                                    "size": "48",
                                    "sizes": []
                                },
                                "onsale_distance": {
                                    "unit": "px",
                                    "size": "-20",
                                    "sizes": []
                                },
                                "paginate": "yes",
                                "price_typography_font_weight": "300",
                                "button_text_color": "#FB700E",
                                "view_cart_typography_typography": "custom",
                                "view_cart_typography_font_size": {
                                    "unit": "px",
                                    "size": "11",
                                    "sizes": []
                                },
                                "view_cart_typography_font_weight": "700",
                                "view_cart_typography_text_transform": "uppercase",
                                "view_cart_typography_line_height": {
                                    "unit": "em",
                                    "size": "1.5",
                                    "sizes": []
                                },
                                "view_cart_typography_letter_spacing": {
                                    "unit": "px",
                                    "size": "3",
                                    "sizes": []
                                },
                                "__globals__": {
                                    "button_border_color": "globals\/colors?id=primary",
                                    "button_text_color": "globals\/colors?id=primary",
                                    "onsale_text_background_color": "globals\/colors?id=primary",
                                    "view_cart_typography_typography": "globals\/typography?id=secondary",
                                    "button_typography_typography": "",
                                    "price_color": "globals\/colors?id=secondary",
                                    "pagination_link_bg_color_active": "globals\/colors?id=primary",
                                    "pagination_link_color_active": "globals\/colors?id=ec25634",
                                    "onsale_text_color": "globals\/colors?id=ec25634",
                                    "price_typography_typography": "globals\/typography?id=5ec7628",
                                    "button_hover_color": "globals\/colors?id=b41e63e",
                                    "button_hover_border_color": "globals\/colors?id=b41e63e"
                                },
                                "pagination_spacing": {
                                    "unit": "px",
                                    "size": "96",
                                    "sizes": []
                                },
                                "show_pagination_border": "",
                                "image_spacing": {
                                    "unit": "px",
                                    "size": 0,
                                    "sizes": []
                                },
                                "show_onsale_flash": ""
                            },
                            "elements": [],
                            "isInner": false,
                            "widgetType": "woocommerce-products",
                            "elType": "widget"
                        }
                    ],
                    "isInner": "",
                    "elType": "column"
                },
                {
                    "id": "54be7204",
                    "settings": {
                        "_column_size": "33",
                        "_inline_size": 6.144
                    },
                    "elements": [],
                    "isInner": "",
                    "elType": "column"
                },
                {
                    "id": "6edbe2d3",
                    "settings": {
                        "_column_size": "33",
                        "_inline_size": 25.797,
                        "_inline_size_tablet": "100",
                        "padding": {
                            "unit": "px",
                            "top": "48",
                            "right": "48",
                            "bottom": "48",
                            "left": "48",
                            "isLinked": "1"
                        },
                        "background_background": "classic",
                        "padding_mobile": {
                            "unit": "px",
                            "top": "48",
                            "right": "30",
                            "bottom": "48",
                            "left": "30",
                            "isLinked": ""
                        },
                        "__globals__": {
                            "background_color": "globals\/colors?id=d3ae19d"
                        }
                    },
                    "elements": [
                        {
                            "id": "5b6f9193",
                            "settings": {
                                "placeholder": "Search...",
                                "button_text": "go",
                                "size": {
                                    "unit": "px",
                                    "size": 48,
                                    "sizes": []
                                },
                                "border_radius": {
                                    "unit": "px",
                                    "size": "2",
                                    "sizes": []
                                },
                                "_margin": {
                                    "unit": "px",
                                    "top": "0",
                                    "right": "0",
                                    "bottom": "48",
                                    "left": "0",
                                    "isLinked": ""
                                },
                                "icon": "arrow",
                                "button_type": "text",
                                "button_width": {
                                    "unit": "px",
                                    "size": 1,
                                    "sizes": []
                                },
                                "__globals__": {
                                    "input_background_color": "globals\/colors?id=ec25634",
                                    "input_border_color": "",
                                    "button_typography_typography": "globals\/typography?id=secondary",
                                    "button_background_color": "globals\/colors?id=primary"
                                },
                                "button_typography_typography": "custom",
                                "button_typography_font_size": {
                                    "unit": "px",
                                    "size": "11",
                                    "sizes": []
                                },
                                "button_typography_font_weight": "700",
                                "button_typography_text_transform": "uppercase",
                                "button_typography_line_height": {
                                    "unit": "em",
                                    "size": "1.5",
                                    "sizes": []
                                },
                                "button_typography_letter_spacing": {
                                    "unit": "px",
                                    "size": "3",
                                    "sizes": []
                                },
                                "button_background_color": "#FB700E"
                            },
                            "elements": [],
                            "isInner": false,
                            "widgetType": "search-form",
                            "elType": "widget"
                        },
                        {
                            "id": "611dbfe7",
                            "settings": {
                                "margin": {
                                    "unit": "px",
                                    "top": "0",
                                    "right": "0",
                                    "bottom": "48",
                                    "left": "0",
                                    "isLinked": ""
                                }
                            },
                            "elements": [
                                {
                                    "id": "68e70b30",
                                    "settings": {
                                        "_column_size": "100",
                                        "padding": {
                                            "unit": "px",
                                            "top": "0",
                                            "right": "0",
                                            "bottom": "0",
                                            "left": "0",
                                            "isLinked": ""
                                        }
                                    },
                                    "elements": [
                                        {
                                            "id": "149da312",
                                            "settings": {
                                                "text": "Divider",
                                                "color": "#999999",
                                                "gap": {
                                                    "unit": "px",
                                                    "size": "0",
                                                    "sizes": []
                                                },
                                                "_margin": {
                                                    "unit": "px",
                                                    "top": "0",
                                                    "right": "0",
                                                    "bottom": "0",
                                                    "left": "0",
                                                    "isLinked": ""
                                                },
                                                "_z_index": "0",
                                                "_position": "absolute",
                                                "_offset_y": {
                                                    "unit": "px",
                                                    "size": "14",
                                                    "sizes": []
                                                }
                                            },
                                            "elements": [],
                                            "isInner": false,
                                            "widgetType": "divider",
                                            "elType": "widget"
                                        },
                                        {
                                            "id": "7e759a40",
                                            "settings": {
                                                "title": "Categories",
                                                "header_size": "h5",
                                                "_margin": {
                                                    "unit": "px",
                                                    "top": "0",
                                                    "right": "0",
                                                    "bottom": "24",
                                                    "left": "0",
                                                    "isLinked": ""
                                                },
                                                "_padding": {
                                                    "unit": "px",
                                                    "top": "0",
                                                    "right": "16",
                                                    "bottom": "0",
                                                    "left": "0",
                                                    "isLinked": ""
                                                },
                                                "_z_index": "1",
                                                "_background_background": "classic",
                                                "_element_width": "auto",
                                                "__globals__": {
                                                    "_background_color": "globals\/colors?id=d3ae19d"
                                                }
                                            },
                                            "elements": [],
                                            "isInner": false,
                                            "widgetType": "heading",
                                            "elType": "widget"
                                        },
                                        {
                                            "id": "4b715dd1",
                                            "settings": {
                                                "columns": "2",
                                                "column_gap": {
                                                    "unit": "px",
                                                    "size": "22",
                                                    "sizes": []
                                                },
                                                "title_typography_typography": "custom",
                                                "title_typography_font_size": {
                                                    "unit": "px",
                                                    "size": "15",
                                                    "sizes": []
                                                },
                                                "count_color": "#ADADAD",
                                                "count_typography_typography": "custom",
                                                "count_typography_font_size": {
                                                    "unit": "px",
                                                    "size": "12",
                                                    "sizes": []
                                                },
                                                "number": "6",
                                                "source": "by_parent",
                                                "columns_tablet": "2"
                                            },
                                            "elements": [],
                                            "isInner": false,
                                            "widgetType": "wc-categories",
                                            "elType": "widget"
                                        }
                                    ],
                                    "isInner": "1",
                                    "elType": "column"
                                }
                            ],
                            "isInner": "1",
                            "elType": "section"
                        },
                        {
                            "id": "60b272e7",
                            "settings": {
                                "margin": {
                                    "unit": "px",
                                    "top": "0",
                                    "right": "0",
                                    "bottom": "48",
                                    "left": "0",
                                    "isLinked": ""
                                }
                            },
                            "elements": [
                                {
                                    "id": "6e8b6876",
                                    "settings": {
                                        "_column_size": "100",
                                        "padding": {
                                            "unit": "px",
                                            "top": "0",
                                            "right": "0",
                                            "bottom": "0",
                                            "left": "0",
                                            "isLinked": ""
                                        }
                                    },
                                    "elements": [
                                        {
                                            "id": "307beee9",
                                            "settings": {
                                                "text": "Divider",
                                                "color": "#999999",
                                                "gap": {
                                                    "unit": "px",
                                                    "size": "0",
                                                    "sizes": []
                                                },
                                                "_margin": {
                                                    "unit": "px",
                                                    "top": "0",
                                                    "right": "0",
                                                    "bottom": "0",
                                                    "left": "0",
                                                    "isLinked": ""
                                                },
                                                "_z_index": "0",
                                                "_position": "absolute",
                                                "_offset_y": {
                                                    "unit": "px",
                                                    "size": "14",
                                                    "sizes": []
                                                }
                                            },
                                            "elements": [],
                                            "isInner": false,
                                            "widgetType": "divider",
                                            "elType": "widget"
                                        },
                                        {
                                            "id": "2da44200",
                                            "settings": {
                                                "title": "Testimonials",
                                                "header_size": "h5",
                                                "_margin": {
                                                    "unit": "px",
                                                    "top": "0",
                                                    "right": "0",
                                                    "bottom": "24",
                                                    "left": "0",
                                                    "isLinked": ""
                                                },
                                                "_padding": {
                                                    "unit": "px",
                                                    "top": "0",
                                                    "right": "16",
                                                    "bottom": "0",
                                                    "left": "0",
                                                    "isLinked": ""
                                                },
                                                "_z_index": "1",
                                                "_background_background": "classic",
                                                "_element_width": "auto",
                                                "__globals__": {
                                                    "_background_color": "globals\/colors?id=d3ae19d"
                                                }
                                            },
                                            "elements": [],
                                            "isInner": false,
                                            "widgetType": "heading",
                                            "elType": "widget"
                                        },
                                        {
                                            "id": "11041e2f",
                                            "settings": {
                                                "slides": [
                                                    {
                                                        "content": "\u201cLorem ipsum dolor sit amet, consectetur adipiscing elit. Ut elit tellus, luctus nec ullamcorper mattis, pulvinar dapibus leo\u201d",
                                                        "name": "John Doe",
                                                        "title": "Accountant, Colibri",
                                                        "image": {
                                                            "url": "https:\/\/kit.detheme.com\/dexor\/wp-content\/uploads\/sites\/8\/2020\/08\/slice3.jpg",
                                                            "id": "215"
                                                        },
                                                        "_id": "074a119"
                                                    },
                                                    {
                                                        "content": "\u201cLorem ipsum dolor sit amet, consectetur adipiscing elit. Ut elit tellus, luctus nec ullamcorper mattis, pulvinar dapibus leo\u201d",
                                                        "name": "Max Powell",
                                                        "title": "CEO, Falcon",
                                                        "image": {
                                                            "url": "https:\/\/kit.detheme.com\/dexor\/wp-content\/uploads\/sites\/8\/2020\/08\/slice2.jpg",
                                                            "id": "214"
                                                        },
                                                        "_id": "eb46ccf"
                                                    },
                                                    {
                                                        "content": "\u201cLorem ipsum dolor sit amet, consectetur adipiscing elit. Ut elit tellus, luctus nec ullamcorper mattis, pulvinar dapibus leo\u201d",
                                                        "name": "Alex Palo",
                                                        "title": "Owner, Eagle",
                                                        "image": {
                                                            "url": "https:\/\/kit.detheme.com\/dexor\/wp-content\/uploads\/sites\/8\/2020\/08\/slice1.jpg",
                                                            "id": "213"
                                                        },
                                                        "_id": "5439117"
                                                    }
                                                ],
                                                "alignment": "left",
                                                "show_arrows": "",
                                                "speed": "900",
                                                "slide_padding": {
                                                    "unit": "px",
                                                    "top": "0",
                                                    "right": "0",
                                                    "bottom": "0",
                                                    "left": "0",
                                                    "isLinked": ""
                                                },
                                                "content_typography_typography": "custom",
                                                "content_typography_font_size": {
                                                    "unit": "px",
                                                    "size": "18",
                                                    "sizes": []
                                                },
                                                "content_typography_font_weight": "100",
                                                "content_typography_font_style": "normal",
                                                "name_color": "#333333",
                                                "name_typography_typography": "custom",
                                                "name_typography_font_size": {
                                                    "unit": "px",
                                                    "size": "16",
                                                    "sizes": []
                                                },
                                                "name_typography_font_weight": "700",
                                                "title_typography_typography": "custom",
                                                "title_typography_font_size": {
                                                    "unit": "px",
                                                    "size": "11",
                                                    "sizes": []
                                                },
                                                "title_typography_font_weight": "500",
                                                "title_typography_text_transform": "uppercase",
                                                "title_typography_letter_spacing": {
                                                    "unit": "px",
                                                    "size": "1",
                                                    "sizes": []
                                                },
                                                "_margin": {
                                                    "unit": "px",
                                                    "top": "0",
                                                    "right": "-9",
                                                    "bottom": "0",
                                                    "left": "-9",
                                                    "isLinked": ""
                                                },
                                                "__globals__": {
                                                    "title_typography_typography": ""
                                                }
                                            },
                                            "elements": [],
                                            "isInner": false,
                                            "widgetType": "testimonial-carousel",
                                            "elType": "widget"
                                        }
                                    ],
                                    "isInner": "1",
                                    "elType": "column"
                                }
                            ],
                            "isInner": "1",
                            "elType": "section"
                        },
                        {
                            "id": "12142c35",
                            "settings": {
                                "height_inner": "min-height",
                                "custom_height_inner": {
                                    "unit": "px",
                                    "size": 340,
                                    "sizes": []
                                },
                                "background_background": "classic",
                                "background_image": {
                                    "url": "https:\/\/kit.detheme.com\/odyssey\/wp-content\/uploads\/sites\/36\/2020\/11\/fashionable-guy-with-muscular-hands-posing-in-stud-4DDCVQS.jpg",
                                    "id": 142
                                },
                                "background_size": "cover",
                                "background_repeat": "no-repeat",
                                "border_width": {
                                    "unit": "px",
                                    "top": "2",
                                    "right": "2",
                                    "bottom": "2",
                                    "left": "2",
                                    "isLinked": "1"
                                },
                                "border_color": "#FFFFFF",
                                "margin": {
                                    "unit": "px",
                                    "top": "0",
                                    "right": "0",
                                    "bottom": "0",
                                    "left": "0",
                                    "isLinked": ""
                                },
                                "background_position_tablet": "center center",
                                "background_position": "center center",
                                "custom_height_inner_tablet": {
                                    "unit": "px",
                                    "size": 700,
                                    "sizes": []
                                },
                                "custom_height_inner_mobile": {
                                    "unit": "px",
                                    "size": 400,
                                    "sizes": []
                                }
                            },
                            "elements": [
                                {
                                    "id": "e5e7fb1",
                                    "settings": {
                                        "_column_size": "100",
                                        "content_position": "bottom",
                                        "align": "center",
                                        "border_width": {
                                            "unit": "px",
                                            "top": "4",
                                            "right": "4",
                                            "bottom": "4",
                                            "left": "4",
                                            "isLinked": "1"
                                        },
                                        "border_color": "#FFFFFF",
                                        "box_shadow_box_shadow_type": "yes",
                                        "box_shadow_box_shadow": {
                                            "horizontal": "0",
                                            "vertical": "0",
                                            "blur": "0",
                                            "spread": "",
                                            "color": "#FFFFFF"
                                        },
                                        "box_shadow_box_shadow_position": "inset",
                                        "padding": {
                                            "unit": "px",
                                            "top": "0",
                                            "right": "0",
                                            "bottom": "0",
                                            "left": "0",
                                            "isLinked": "1"
                                        }
                                    },
                                    "elements": [
                                        {
                                            "id": "7e0fdf21",
                                            "settings": {
                                                "title": "Odyssey watches",
                                                "header_size": "h6",
                                                "align": "center",
                                                "title_color": "#333333",
                                                "link": {
                                                    "url": "#",
                                                    "is_external": "",
                                                    "nofollow": "",
                                                    "custom_attributes": ""
                                                },
                                                "_padding": {
                                                    "unit": "px",
                                                    "top": "12",
                                                    "right": "24",
                                                    "bottom": "8",
                                                    "left": "24",
                                                    "isLinked": ""
                                                },
                                                "_z_index": "2",
                                                "_background_background": "classic",
                                                "_element_width": "auto",
                                                "_margin": {
                                                    "unit": "px",
                                                    "top": "0",
                                                    "right": "0",
                                                    "bottom": "0",
                                                    "left": "0",
                                                    "isLinked": ""
                                                },
                                                "__globals__": {
                                                    "_background_color": "globals\/colors?id=d3ae19d"
                                                }
                                            },
                                            "elements": [],
                                            "isInner": false,
                                            "widgetType": "heading",
                                            "elType": "widget"
                                        }
                                    ],
                                    "isInner": "1",
                                    "elType": "column"
                                }
                            ],
                            "isInner": "1",
                            "elType": "section"
                        }
                    ],
                    "isInner": "",
                    "elType": "column"
                }
            ],
            "isInner": "",
            "elType": "section"
        },
        {
            "id": "2518c1cc",
            "settings": {
                "gap": "wider",
                "padding": {
                    "unit": "%",
                    "top": "0",
                    "right": "2",
                    "bottom": "0",
                    "left": "20",
                    "isLinked": false
                },
                "padding_tablet": {
                    "unit": "px",
                    "top": "0",
                    "right": "0",
                    "bottom": "0",
                    "left": "0",
                    "isLinked": false
                }
            },
            "elements": [
                {
                    "id": "14834a2c",
                    "settings": {
                        "_column_size": 100,
                        "_inline_size": null,
                        "column_link": {
                            "url": "#",
                            "is_external": "",
                            "nofollow": "",
                            "custom_attributes": ""
                        },
                        "padding": {
                            "unit": "px",
                            "top": "30",
                            "right": "0",
                            "bottom": "30",
                            "left": "30",
                            "isLinked": false
                        },
                        "padding_tablet": {
                            "unit": "px",
                            "top": "0",
                            "right": "0",
                            "bottom": "0",
                            "left": "0",
                            "isLinked": false
                        }
                    },
                    "elements": [
                        {
                            "id": "555a8517",
                            "settings": {
                                "gap": "wider",
                                "height_inner": "min-height",
                                "custom_height_inner_mobile": {
                                    "unit": "px",
                                    "size": 700,
                                    "sizes": []
                                },
                                "structure": "20",
                                "background_background": "classic",
                                "background_image": {
                                    "url": "https:\/\/kit.detheme.com\/odyssey\/wp-content\/uploads\/sites\/36\/2020\/11\/watch-computer-for-diving-in-water-streams-on-a-bl-PA4S9WX.jpg",
                                    "id": 516
                                },
                                "background_position": "center center",
                                "background_size": "cover",
                                "margin": {
                                    "unit": "px",
                                    "top": "0",
                                    "right": 0,
                                    "bottom": "0",
                                    "left": 0,
                                    "isLinked": false
                                },
                                "padding": {
                                    "unit": "px",
                                    "top": "64",
                                    "right": "64",
                                    "bottom": "64",
                                    "left": "64",
                                    "isLinked": true
                                },
                                "padding_mobile": {
                                    "unit": "px",
                                    "top": "0",
                                    "right": "0",
                                    "bottom": "0",
                                    "left": "0",
                                    "isLinked": false
                                },
                                "custom_height_inner": {
                                    "unit": "px",
                                    "size": 174,
                                    "sizes": []
                                },
                                "background_motion_fx_motion_fx_scrolling": "yes",
                                "background_motion_fx_translateY_effect": "yes",
                                "background_motion_fx_devices": [
                                    "desktop",
                                    "tablet"
                                ]
                            },
                            "elements": [
                                {
                                    "id": "53ccbdee",
                                    "settings": {
                                        "_column_size": 50,
                                        "_inline_size": null,
                                        "content_position": "center"
                                    },
                                    "elements": [
                                        {
                                            "id": "6c44acf9",
                                            "settings": {
                                                "title": "End year sale",
                                                "header_size": "div",
                                                "align_mobile": "center",
                                                "_margin": {
                                                    "unit": "px",
                                                    "top": "0",
                                                    "right": "0",
                                                    "bottom": "16",
                                                    "left": "0",
                                                    "isLinked": false
                                                },
                                                "__globals__": {
                                                    "typography_typography": "globals\/typography?id=text",
                                                    "title_color": "globals\/colors?id=8fa36e4"
                                                }
                                            },
                                            "elements": [],
                                            "isInner": false,
                                            "widgetType": "heading",
                                            "elType": "widget"
                                        },
                                        {
                                            "id": "48b7f1b2",
                                            "settings": {
                                                "title": "All item 40% off",
                                                "header_size": "h5",
                                                "align_mobile": "center",
                                                "__globals__": {
                                                    "title_color": "globals\/colors?id=ec25634"
                                                }
                                            },
                                            "elements": [],
                                            "isInner": false,
                                            "widgetType": "heading",
                                            "elType": "widget"
                                        }
                                    ],
                                    "isInner": true,
                                    "elType": "column"
                                },
                                {
                                    "id": "ecf7e62",
                                    "settings": {
                                        "_column_size": 50,
                                        "_inline_size": null,
                                        "content_position_mobile": "bottom",
                                        "content_position": "center",
                                        "margin_mobile": {
                                            "unit": "px",
                                            "top": "0",
                                            "right": "0",
                                            "bottom": "48",
                                            "left": "0",
                                            "isLinked": false
                                        }
                                    },
                                    "elements": [
                                        {
                                            "id": "6c56d0ba",
                                            "settings": {
                                                "title": "Buy now",
                                                "header_size": "div",
                                                "align": "right",
                                                "align_mobile": "center",
                                                "_margin": {
                                                    "unit": "px",
                                                    "top": "0",
                                                    "right": "0",
                                                    "bottom": "16",
                                                    "left": "0",
                                                    "isLinked": false
                                                },
                                                "__globals__": {
                                                    "typography_typography": "globals\/typography?id=text",
                                                    "title_color": "globals\/colors?id=8fa36e4"
                                                }
                                            },
                                            "elements": [],
                                            "isInner": false,
                                            "widgetType": "heading",
                                            "elType": "widget"
                                        },
                                        {
                                            "id": "3cefd1b1",
                                            "settings": {
                                                "title": "Limited offer ends tonight",
                                                "header_size": "h5",
                                                "align": "right",
                                                "align_mobile": "center",
                                                "__globals__": {
                                                    "title_color": "globals\/colors?id=ec25634"
                                                }
                                            },
                                            "elements": [],
                                            "isInner": false,
                                            "widgetType": "heading",
                                            "elType": "widget"
                                        }
                                    ],
                                    "isInner": true,
                                    "elType": "column"
                                }
                            ],
                            "isInner": true,
                            "elType": "section"
                        }
                    ],
                    "isInner": false,
                    "elType": "column"
                }
            ],
            "isInner": false,
            "elType": "section"
        }
    ]
}