{"content":[{"id":"76edc55a","settings":{"layout":"full_width","gap":"no","height":"full","column_position":"stretch","structure":"20","background_position":"center center","background_attachment":"fixed","background_repeat":"no-repeat","background_size":"cover","background_overlay_background":"gradient","background_overlay_color":"#ffffff","background_overlay_color_stop":{"unit":"%","size":50},"background_overlay_color_b":"rgba(242,41,91,0)","background_overlay_color_b_stop":{"unit":"%","size":0},"background_overlay_gradient_angle":{"unit":"deg","size":90},"background_overlay_opacity":{"unit":"px","size":0.84999999999999997779553950749686919152736663818359375},"padding":{"unit":"px","top":"0","right":"0","bottom":"0","left":"0","isLinked":false}},"elements":[{"id":"307eddd5","settings":{"_column_size":50,"_inline_size":null,"content_position":"center","padding":{"unit":"%","top":"10","right":"10","bottom":"10","left":"10","isLinked":true}},"elements":[{"id":"730525c9","settings":{"image":{"id":"3212","url":"https:\/\/cliente.shazamlnv.com\/setasolar\/wp-content\/uploads\/2022\/04\/ico-draft.png"},"align":"left","width_tablet":{"unit":"%","size":49},"_animation":"fadeInUp","image_size":"full"},"elements":[],"isInner":false,"widgetType":"image","elType":"widget"},{"id":"587e703d","settings":{"title":"An Interior Design\n&amp; Lifestyle Agency.","typography_typography":"custom","typography_font_family":"Josefin Sans","typography_font_size":{"unit":"em","size":3.100000000000000088817841970012523233890533447265625},"header_size":"h1","title_color":"#000000","typography_font_size_tablet":{"unit":"em","size":3},"_animation":"fadeInUp","_animation_delay":300,"typography_letter_spacing":{"unit":"px","size":-4}},"elements":[],"isInner":false,"widgetType":"heading","elType":"widget"},{"id":"74512040","settings":{"title":"We Build Inspired Home Spaces.","align":"left","title_color":"#c48e4c","typography_typography":"custom","typography_font_family":"Raleway","typography_font_size":{"unit":"px","size":28},"typography_font_weight":"400","typography_letter_spacing":{"unit":"px","size":-0.5},"_animation":"fadeInUp","_animation_delay":500},"elements":[],"isInner":false,"widgetType":"heading","elType":"widget"},{"id":"2a54a017","settings":{"editor":"<p>Ut elit tellus, luctus nec ullamcorper mattis, pulvinar dapibus leo. Lorem ipsum dolor sit amet, consectetur adipiscing elit. Ut elit tellus, luctus nec ullamcorper mattis, pulvinar dapibus leo.<\/p>","text_color":"#222222","typography_typography":"custom","typography_font_family":"Raleway","typography_line_height":{"unit":"em","size":1.8000000000000000444089209850062616169452667236328125},"typography_font_size":{"unit":"px","size":16},"_animation":"fadeInUp","_animation_delay":500},"elements":[],"isInner":false,"widgetType":"text-editor","elType":"widget"},{"id":"63b7d843","settings":{"text":"About Us","align":"left","size":"md","icon":"fa fa-long-arrow-right","icon_align":"right","icon_indent":{"unit":"px","size":11},"typography_typography":"custom","typography_font_family":"Josefin Sans","typography_font_weight":"800","typography_text_transform":"uppercase","button_text_color":"#0c0c0c","background_color":"rgba(0,0,0,0)","hover_animation":"bounce-in","border_border":"solid","border_width":{"unit":"px","top":"0","right":"0","bottom":"2","left":"0","isLinked":false},"border_radius":{"unit":"px","top":"0","right":"0","bottom":"0","left":"0","isLinked":true},"text_padding":{"unit":"px","top":"0","right":"0","bottom":"10","left":"0","isLinked":false},"_margin":{"unit":"px","top":"40","right":"0","bottom":"0","left":"0","isLinked":false},"_animation":"fadeInUp","_animation_delay":700,"typography_font_size":{"unit":"rem","size":0.8000000000000000444089209850062616169452667236328125},"selected_icon":{"value":"fas fa-long-arrow-alt-right","library":"fa-solid"}},"elements":[],"isInner":false,"widgetType":"button","elType":"widget"}],"isInner":false,"elType":"column"},{"id":"19d0b816","settings":{"_column_size":50,"_inline_size":null,"content_position":"center"},"elements":[{"id":"69be2d9d","settings":{"slides":[{"heading":"","description":"","button_text":"","background_color":"#000000","_id":"f03d83e","background_image":{"id":"3213","url":"https:\/\/cliente.shazamlnv.com\/setasolar\/wp-content\/uploads\/2022\/04\/jason-briscoe-332508-unsplash.jpg"}},{"heading":"","description":"","button_text":"","background_color":"#000000","_id":"060c32c","background_image":{"id":"3214","url":"https:\/\/cliente.shazamlnv.com\/setasolar\/wp-content\/uploads\/2022\/04\/rune-enstad-1090369-unsplash.jpg"}},{"heading":"","description":"","button_text":"","background_color":"#000000","_id":"79f34f2","background_image":{"id":"3215","url":"https:\/\/cliente.shazamlnv.com\/setasolar\/wp-content\/uploads\/2022\/04\/outsite-co-322866-unsplash.jpg"}}],"slides_height":{"unit":"vh","size":100}},"elements":[],"isInner":false,"widgetType":"slides","elType":"widget"}],"isInner":false,"elType":"column"}],"isInner":false,"elType":"section"},{"id":"546474b7","settings":{"background_background":"classic","background_image":{"id":"3216","url":"https:\/\/cliente.shazamlnv.com\/setasolar\/wp-content\/uploads\/2022\/04\/davide-cantelli-240809-unsplash.jpg"},"background_position":"center center","background_attachment":"fixed","background_repeat":"no-repeat","background_size":"cover","background_overlay_background":"classic","background_overlay_color":"rgba(196,160,115,0.63)","padding":{"unit":"px","top":"0","right":"0","bottom":"50","left":"0","isLinked":false},"background_overlay_opacity":{"unit":"px","size":0.84999999999999997779553950749686919152736663818359375}},"elements":[{"id":"2fbfd7fc","settings":{"_column_size":100},"elements":[{"id":"3d756434","settings":{"gap":"wider","structure":"30"},"elements":[{"id":"7989bc0e","settings":{"_column_size":33,"_inline_size":31.641999999999999459987520822323858737945556640625,"content_position":"center","_inline_size_tablet":30},"elements":[{"id":"4e9a50","settings":{"icon":"fa fa-lightbulb-o","view":"framed","title_text":"Creative","description_text":"Lorem ipsum dolor sit amet, consectetur adipiscing elit. Ut elit tellus, luctus nec ullamcorper mattis, pulvinar dapibus leo.","primary_color":"#ffffff","icon_space":{"unit":"px","size":0},"icon_size":{"unit":"px","size":40},"icon_size_tablet":{"unit":"px","size":22},"title_bottom_space":{"unit":"px","size":11},"title_color":"#ffffff","title_typography_typography":"custom","title_typography_font_family":"Josefin Sans","title_typography_font_size":{"unit":"em","size":2},"title_typography_font_size_tablet":{"unit":"em","size":1.5},"description_color":"#ffffff","description_typography_typography":"custom","description_typography_font_family":"Raleway","description_typography_font_size":{"unit":"px","size":14},"description_typography_line_height":{"unit":"em","size":1.600000000000000088817841970012523233890533447265625},"_margin":{"unit":"px","top":"50","right":"0","bottom":"0","left":"0","isLinked":false},"_animation":"fadeInUp","_animation_delay":500,"border_width":{"unit":"px","top":"0","right":"0","bottom":"2","left":"0","isLinked":false},"border_radius":{"unit":"px","top":"0","right":"0","bottom":"0","left":"0","isLinked":true},"title_typography_letter_spacing":{"unit":"px","size":-2},"selected_icon":{"value":"far fa-lightbulb","library":"fa-regular"}},"elements":[],"isInner":false,"widgetType":"icon-box","elType":"widget"}],"isInner":true,"elType":"column"},{"id":"4a3e9c32","settings":{"_column_size":33,"_inline_size":39.8010000000000019326762412674725055694580078125,"content_position":"center","background_background":"classic","background_color":"#c48e4c","margin":{"unit":"px","top":"-80","right":"0","bottom":"0","left":"0","isLinked":false},"margin_mobile":{"unit":"px","top":"0","right":"0","bottom":"0","left":"0","isLinked":false},"padding":{"unit":"px","top":"40","right":"40","bottom":"40","left":"40","isLinked":true},"animation":"bounceInUp","animation_delay":300},"elements":[{"id":"56b2bc78","settings":{"title":"Why You Should Choose Us","typography_typography":"custom","typography_font_family":"Josefin Sans","typography_font_size":{"unit":"em","size":3},"title_color":"#ffffff","typography_font_size_tablet":{"unit":"em","size":2},"_animation":"fadeInUp","_animation_delay":300,"align":"center","typography_letter_spacing":{"unit":"px","size":-4}},"elements":[],"isInner":false,"widgetType":"heading","elType":"widget"},{"id":"3b6891a2","settings":{"editor":"<p>Ut elit tellus, luctus nec ullamcorper mattis, pulvinar dapibus leo. Lorem ipsum dolor sit amet, consectetur adipiscing elit. Ut elit tellus, luctus nec ullamcorper mattis.<\/p>","text_color":"#ffffff","typography_typography":"custom","typography_font_family":"Raleway","typography_line_height":{"unit":"em","size":1.8000000000000000444089209850062616169452667236328125},"typography_font_size":{"unit":"px","size":16},"_animation":"fadeInUp","_animation_delay":500,"align":"center"},"elements":[],"isInner":false,"widgetType":"text-editor","elType":"widget"}],"isInner":true,"elType":"column"},{"id":"64b83ebb","settings":{"_column_size":33,"_inline_size":31.641999999999999459987520822323858737945556640625,"content_position":"center","_inline_size_tablet":30},"elements":[{"id":"f63e2e7","settings":{"icon":"fa fa-clipboard","view":"framed","title_text":"Professional","description_text":"Lorem ipsum dolor sit amet, consectetur adipiscing elit. Ut elit tellus, luctus nec ullamcorper mattis, pulvinar dapibus leo.","primary_color":"#ffffff","icon_space":{"unit":"px","size":0},"icon_size":{"unit":"px","size":40},"icon_size_tablet":{"unit":"px","size":22},"title_bottom_space":{"unit":"px","size":11},"title_color":"#ffffff","title_typography_typography":"custom","title_typography_font_family":"Josefin Sans","title_typography_font_size":{"unit":"em","size":2},"title_typography_font_size_tablet":{"unit":"em","size":1.5},"description_color":"#ffffff","description_typography_typography":"custom","description_typography_font_family":"Raleway","description_typography_font_size":{"unit":"px","size":14},"description_typography_line_height":{"unit":"em","size":1.600000000000000088817841970012523233890533447265625},"_margin":{"unit":"px","top":"50","right":"0","bottom":"0","left":"0","isLinked":false},"_animation":"fadeInUp","_animation_delay":500,"border_width":{"unit":"px","top":"0","right":"0","bottom":"2","left":"0","isLinked":false},"border_radius":{"unit":"px","top":"0","right":"0","bottom":"0","left":"0","isLinked":true},"title_typography_letter_spacing":{"unit":"px","size":-2},"selected_icon":{"value":"far fa-clipboard","library":"fa-regular"}},"elements":[],"isInner":false,"widgetType":"icon-box","elType":"widget"}],"isInner":true,"elType":"column"}],"isInner":true,"elType":"section"},{"id":"3a19e7d1","settings":[],"elements":[{"id":"7b994ef2","settings":{"_column_size":100,"_inline_size":null},"elements":[{"id":"44a0b4ee","settings":{"text":"Get Quote","align":"center","size":"md","typography_typography":"custom","typography_font_family":"Josefin Sans","typography_font_weight":"800","typography_text_transform":"uppercase","button_text_color":"#ffffff","background_color":"rgba(0,0,0,0)","border_border":"solid","border_width":{"unit":"px","top":"0","right":"0","bottom":"2","left":"0","isLinked":false},"border_radius":{"unit":"px","top":"0","right":"0","bottom":"0","left":"0","isLinked":true},"_margin":{"unit":"px","top":"40","right":"0","bottom":"0","left":"0","isLinked":false},"_animation":"fadeInUp","_animation_delay":700,"link":{"url":"#quote","is_external":"","nofollow":""},"icon":"fa fa-long-arrow-right","icon_align":"right","icon_indent":{"unit":"px","size":11},"typography_font_size":{"unit":"rem","size":1},"hover_animation":"bounce-in","text_padding":{"unit":"px","top":"0","right":"0","bottom":"10","left":"0","isLinked":false},"selected_icon":{"value":"fas fa-long-arrow-alt-right","library":"fa-solid"}},"elements":[],"isInner":false,"widgetType":"button","elType":"widget"}],"isInner":true,"elType":"column"}],"isInner":true,"elType":"section"}],"isInner":false,"elType":"column"}],"isInner":false,"elType":"section"},{"id":"2c675d03","settings":{"gap":"no","height":"full","column_position":"stretch","structure":"20","background_background":"classic","background_image":{"id":"3217","url":"https:\/\/cliente.shazamlnv.com\/setasolar\/wp-content\/uploads\/2022\/04\/samuel-zeller-110931-unsplash.jpg"},"background_position":"center center","background_attachment":"fixed","background_repeat":"no-repeat","background_size":"cover","background_overlay_background":"gradient","background_overlay_color":"#ffffff","background_overlay_color_stop":{"unit":"%","size":50},"background_overlay_color_b":"rgba(242,41,91,0)","background_overlay_color_b_stop":{"unit":"%","size":0},"background_overlay_gradient_angle":{"unit":"deg","size":90},"background_overlay_opacity":{"unit":"px","size":0.84999999999999997779553950749686919152736663818359375},"padding":{"unit":"px","top":"0","right":"0","bottom":"0","left":"0","isLinked":false},"padding_mobile":{"unit":"px","top":"80","right":"0","bottom":"80","left":"0","isLinked":false}},"elements":[{"id":"6e0c7392","settings":{"_column_size":50,"_inline_size":null,"content_position":"center","margin_tablet":{"unit":"px","top":"30","right":"30","bottom":"30","left":"30","isLinked":true}},"elements":[{"id":"34db4453","settings":{"title":"We Bring Ideas Home.","typography_typography":"custom","typography_font_family":"Josefin Sans","typography_font_size":{"unit":"em","size":2.899999999999999911182158029987476766109466552734375},"_animation":"fadeInUp","_animation_delay":300,"title_color":"#000000","typography_font_size_tablet":{"unit":"em","size":3},"typography_letter_spacing":{"unit":"px","size":-4}},"elements":[],"isInner":false,"widgetType":"heading","elType":"widget"},{"id":"1094f86a","settings":{"editor":"<p>Ut elit tellus, luctus nec ullamcorper mattis, pulvinar dapibus leo. Lorem ipsum dolor sit amet, consectetur adipiscing elit. Ut elit tellus, luctus nec ullamcorper mattis, pulvinar dapibus leo.<\/p>","text_color":"#222222","typography_typography":"custom","typography_font_family":"Raleway","typography_line_height":{"unit":"em","size":1.8000000000000000444089209850062616169452667236328125},"typography_font_size":{"unit":"px","size":16},"_animation":"fadeInUp","_animation_delay":500},"elements":[],"isInner":false,"widgetType":"text-editor","elType":"widget"},{"id":"3ee415f","settings":{"view":"inline","icon_list":[{"text":"Interior Design","icon":"fa fa-pencil","_id":"ba26ea4"},{"text":"Architecture","icon":"fa fa-home","_id":"fb56691"},{"text":"Project Management","icon":"fa fa-trello","_id":"ed7220a"}],"space_between":{"unit":"px","size":30},"icon_align":"left","icon_color":"#c48e4c","icon_size":{"unit":"px","size":20},"text_color":"#c48e4c","icon_typography_typography":"custom","icon_typography_font_family":"Raleway","icon_typography_font_size":{"unit":"em","size":0.8000000000000000444089209850062616169452667236328125},"icon_typography_line_height":{"unit":"em","size":1.600000000000000088817841970012523233890533447265625},"_margin":{"unit":"px","top":"30","right":"0","bottom":"50","left":"0","isLinked":false},"_animation":"fadeInUp","_animation_delay":700,"space_between_tablet":{"unit":"px","size":50},"icon_align_tablet":"left","icon_typography_font_weight":"500","icon_typography_text_transform":"uppercase","icon_typography_line_height_tablet":{"unit":"em","size":2.70000000000000017763568394002504646778106689453125},"icon_typography_letter_spacing":{"unit":"px","size":1}},"elements":[],"isInner":false,"widgetType":"icon-list","elType":"widget"},{"id":"50d38b20","settings":{"text":"Our Services","align":"left","size":"md","icon":"fa fa-long-arrow-right","icon_align":"right","icon_indent":{"unit":"px","size":11},"typography_typography":"custom","typography_font_family":"Josefin Sans","typography_font_weight":"800","typography_text_transform":"uppercase","button_text_color":"#0c0c0c","background_color":"rgba(0,0,0,0)","hover_animation":"bounce-in","border_border":"solid","border_width":{"unit":"px","top":"0","right":"0","bottom":"2","left":"0","isLinked":false},"border_radius":{"unit":"px","top":"0","right":"0","bottom":"0","left":"0","isLinked":true},"text_padding":{"unit":"px","top":"0","right":"0","bottom":"10","left":"0","isLinked":false},"_margin":{"unit":"px","top":"40","right":"0","bottom":"0","left":"0","isLinked":false},"_animation":"fadeInUp","_animation_delay":700,"typography_font_size":{"unit":"rem","size":0.8000000000000000444089209850062616169452667236328125},"selected_icon":{"value":"fas fa-long-arrow-alt-right","library":"fa-solid"}},"elements":[],"isInner":false,"widgetType":"button","elType":"widget"}],"isInner":false,"elType":"column"},{"id":"5b60fa8e","settings":{"_column_size":50,"_inline_size":null,"content_position":"center"},"elements":[],"isInner":false,"elType":"column"}],"isInner":false,"elType":"section"},{"id":"6d3764aa","settings":{"padding":{"unit":"px","top":"100","right":"0","bottom":"100","left":"0","isLinked":false}},"elements":[{"id":"46b5323b","settings":{"_column_size":100},"elements":[{"id":"56086a83","settings":{"width":{"unit":"%","size":13},"align":"center","_css_classes":"envato-kit-122-vertical-divider","weight":{"unit":"px","size":2},"text":"Divis\u00f3ria"},"elements":[],"isInner":false,"widgetType":"divider","elType":"widget"},{"id":"16dfa4bb","settings":{"title":"We Build Inspired Home Space.","typography_typography":"custom","typography_font_family":"Josefin Sans","typography_font_size":{"unit":"em","size":2.899999999999999911182158029987476766109466552734375},"align":"center","_animation":"fadeInUp","_animation_delay":300,"title_color":"#000000","typography_font_size_tablet":{"unit":"em","size":3},"typography_letter_spacing":{"unit":"px","size":-4}},"elements":[],"isInner":false,"widgetType":"heading","elType":"widget"},{"id":"56901c9f","settings":{"editor":"<p>&nbsp;Lorem ipsum dolor sit amet, consectetur adipiscing elit. Ut elit tellus, luctus nec ullamcorper mattis, pulvinar dapibus leo.<\/p>","text_color":"#222222","typography_typography":"custom","typography_font_family":"Raleway","typography_line_height":{"unit":"em","size":1.8000000000000000444089209850062616169452667236328125},"align":"center","typography_font_size":{"unit":"px","size":16},"_animation":"fadeInUp","_animation_delay":500},"elements":[],"isInner":false,"widgetType":"text-editor","elType":"widget"},{"id":"3cb48d4d","settings":{"wp_gallery":[{"id":"3218","url":"https:\/\/cliente.shazamlnv.com\/setasolar\/wp-content\/uploads\/2022\/04\/hamed-alishahi-1129786-unsplash.jpg"},{"id":"3219","url":"https:\/\/cliente.shazamlnv.com\/setasolar\/wp-content\/uploads\/2022\/04\/nastuh-abootalebi-284881-unsplash.jpg"},{"id":"3220","url":"https:\/\/cliente.shazamlnv.com\/setasolar\/wp-content\/uploads\/2022\/04\/aaron-huber-401200-unsplash.jpg"},{"id":"3221","url":"https:\/\/cliente.shazamlnv.com\/setasolar\/wp-content\/uploads\/2022\/04\/loewe-technologies-1105956-unsplash.jpg"},{"id":"3222","url":"https:\/\/cliente.shazamlnv.com\/setasolar\/wp-content\/uploads\/2022\/04\/sabri-tuzcu-458563-unsplash.jpg"},{"id":"3223","url":"https:\/\/cliente.shazamlnv.com\/setasolar\/wp-content\/uploads\/2022\/04\/jason-leung-537357-unsplash.jpg"},{"id":"3224","url":"https:\/\/cliente.shazamlnv.com\/setasolar\/wp-content\/uploads\/2022\/04\/kyle-head-364351-unsplash-1.jpg"},{"id":"3225","url":"https:\/\/cliente.shazamlnv.com\/setasolar\/wp-content\/uploads\/2022\/04\/rune-enstad-1090367-unsplash.jpg"},{"id":"3214","url":"https:\/\/cliente.shazamlnv.com\/setasolar\/wp-content\/uploads\/2022\/04\/rune-enstad-1090369-unsplash.jpg"}],"thumbnail_size":"large","gallery_columns":"3","image_spacing":"custom","image_spacing_custom":{"unit":"px","size":10},"_margin":{"unit":"px","top":"80","right":"0","bottom":"80","left":"0","isLinked":false},"_animation":"fadeIn","_animation_delay":300,"gallery_display_caption":"none"},"elements":[],"isInner":false,"widgetType":"image-gallery","elType":"widget"},{"id":"2f9af66a","settings":{"text":"View Portfolio","align":"center","size":"md","icon":"fa fa-long-arrow-right","icon_align":"right","icon_indent":{"unit":"px","size":11},"typography_typography":"custom","typography_font_family":"Josefin Sans","typography_font_weight":"800","typography_text_transform":"uppercase","button_text_color":"#0c0c0c","background_color":"rgba(0,0,0,0)","hover_animation":"bounce-in","border_border":"solid","border_width":{"unit":"px","top":"0","right":"0","bottom":"2","left":"0","isLinked":false},"border_radius":{"unit":"px","top":"0","right":"0","bottom":"0","left":"0","isLinked":true},"text_padding":{"unit":"px","top":"0","right":"0","bottom":"10","left":"0","isLinked":false},"_margin":{"unit":"px","top":"40","right":"0","bottom":"0","left":"0","isLinked":false},"_animation":"fadeInUp","_animation_delay":700,"typography_font_size":{"unit":"rem","size":0.8000000000000000444089209850062616169452667236328125},"selected_icon":{"value":"fas fa-long-arrow-alt-right","library":"fa-solid"}},"elements":[],"isInner":false,"widgetType":"button","elType":"widget"}],"isInner":false,"elType":"column"}],"isInner":false,"elType":"section"},{"id":"60122457","settings":{"gap":"wider","height":"min-height","column_position":"stretch","background_background":"classic","background_image":{"id":"3226","url":"https:\/\/cliente.shazamlnv.com\/setasolar\/wp-content\/uploads\/2022\/04\/hutomo-abrianto-576207-unsplash.jpg"},"background_position":"center center","background_attachment":"fixed","background_repeat":"no-repeat","background_size":"cover","background_overlay_background":"classic","background_overlay_color":"rgba(196,160,115,0.63)","background_overlay_color_stop":{"unit":"%","size":50},"background_overlay_color_b":"rgba(0,0,0,0.75)","background_overlay_color_b_stop":{"unit":"%","size":0},"background_overlay_gradient_angle":{"unit":"deg","size":90},"background_overlay_opacity":{"unit":"px","size":0.84999999999999997779553950749686919152736663818359375},"padding":{"unit":"px","top":"0","right":"0","bottom":"0","left":"0","isLinked":false},"animation":"pulse","custom_height":{"unit":"vh","size":70}},"elements":[{"id":"5268be82","settings":{"_column_size":100,"_inline_size":null,"content_position":"center"},"elements":[{"id":"d3bad0a","settings":{"before_text":"","highlighted_text":"3000+","rotating_text":"Better\nBigger\nFaster","tag":"h2","marker_color":"#c48e4c","title_color":"#ffffff","title_typography_typography":"custom","title_typography_font_size":{"unit":"rem","size":5},"words_color":"#c48e4c","words_typography_typography":"custom","words_typography_font_family":"Josefin Sans","_margin":{"unit":"px","top":"0","right":"0","bottom":"-20","left":"0","isLinked":false},"after_text":" <br\/>Customers Love Us","title_typography_font_family":"Josefin Sans","title_typography_font_weight":"normal","title_typography_letter_spacing":{"unit":"px","size":-4},"words_typography_font_weight":"400","words_typography_letter_spacing":{"unit":"px","size":-5}},"elements":[],"isInner":false,"widgetType":"animated-headline","elType":"widget"},{"id":"292e670e","settings":{"slides":[{"content":"Lorem ipsum dolor sit amet, consectetur adipiscing elit. Ut elit tellus, luctus nec ullamcorper mattis, pulvinar dapibus leo.","name":"John Doe","title":"CEO","image":{"id":"3227","url":"https:\/\/cliente.shazamlnv.com\/setasolar\/wp-content\/uploads\/2022\/04\/person3.jpg"},"_id":"37bf872"},{"content":"Lorem ipsum dolor sit amet, consectetur adipiscing elit. Ut elit tellus, luctus nec ullamcorper mattis, pulvinar dapibus leo.","name":"John Doe","title":"CEO","image":{"id":"3228","url":"https:\/\/cliente.shazamlnv.com\/setasolar\/wp-content\/uploads\/2022\/04\/person1.jpg"},"_id":"1b7b2cd"},{"content":"Lorem ipsum dolor sit amet, consectetur adipiscing elit. Ut elit tellus, luctus nec ullamcorper mattis, pulvinar dapibus leo.","name":"John Doe","title":"CEO","image":{"id":"3229","url":"https:\/\/cliente.shazamlnv.com\/setasolar\/wp-content\/uploads\/2022\/04\/persion2.jpg"},"_id":"2fcbb2a"}],"skin":"bubble","layout":"image_above","slides_per_view":"3","content_color":"#000000","content_typography_typography":"custom","content_typography_font_family":"Raleway","content_typography_font_size":{"unit":"px","size":14},"content_typography_font_style":"normal","content_typography_line_height":{"unit":"em","size":1.600000000000000088817841970012523233890533447265625},"name_color":"#ffffff","name_typography_typography":"custom","name_typography_font_family":"Raleway","name_typography_font_size":{"unit":"px","size":14},"title_color":"#ffffff","arrows_size":{"unit":"px","size":34},"arrows_color":"#ffffff","pagination_color":"#ffffff","background_color":"#ffffff","title_typography_typography":"custom","title_typography_font_family":"Raleway","title_typography_font_size":{"unit":"rem","size":0.59999999999999997779553950749686919152736663818359375},"show_arrows":"","title_typography_font_weight":"bold","title_typography_letter_spacing":{"unit":"px","size":0.90000000000000002220446049250313080847263336181640625}},"elements":[],"isInner":false,"widgetType":"testimonial-carousel","elType":"widget"},{"id":"78107415","settings":{"content_width":{"unit":"px","size":700}},"elements":[{"id":"2f309280","settings":{"_column_size":100,"_inline_size":null},"elements":[],"isInner":true,"elType":"column"}],"isInner":true,"elType":"section"}],"isInner":false,"elType":"column"}],"isInner":false,"elType":"section"},{"id":"5c3aaef4","settings":{"background_background":"classic","background_image":{"id":"3216","url":"https:\/\/cliente.shazamlnv.com\/setasolar\/wp-content\/uploads\/2022\/04\/davide-cantelli-240809-unsplash.jpg"},"background_position":"center center","background_attachment":"fixed","background_repeat":"no-repeat","background_size":"cover","background_overlay_background":"classic","background_overlay_color":"#ffffff","padding":{"unit":"px","top":"0","right":"0","bottom":"50","left":"0","isLinked":false},"background_overlay_opacity":{"unit":"px","size":0.939999999999999946709294817992486059665679931640625}},"elements":[{"id":"10b94063","settings":{"_column_size":100},"elements":[{"id":"2ed035f0","settings":{"gap":"wider","structure":"30"},"elements":[{"id":"4bb220a7","settings":{"_column_size":33,"_inline_size":31.641999999999999459987520822323858737945556640625,"content_position":"center","_inline_size_tablet":30,"padding_tablet":{"unit":"em","top":"0","right":"0","bottom":"0","left":"0","isLinked":true}},"elements":[{"id":"5da5ea77","settings":{"title":"Request a free quote today.","typography_typography":"custom","typography_font_family":"Josefin Sans","typography_font_size":{"unit":"em","size":2.899999999999999911182158029987476766109466552734375},"_animation":"fadeInUp","_animation_delay":300,"title_color":"#000000","typography_font_size_tablet":{"unit":"em","size":3},"typography_letter_spacing":{"unit":"px","size":-4}},"elements":[],"isInner":false,"widgetType":"heading","elType":"widget"}],"isInner":true,"elType":"column"},{"id":"378494bb","settings":{"_column_size":33,"_inline_size":31.641999999999999459987520822323858737945556640625,"content_position":"bottom","_inline_size_tablet":30,"padding_tablet":{"unit":"em","top":"1","right":"1","bottom":"1","left":"1","isLinked":true}},"elements":[{"id":"2b9c3eb2","settings":{"text_color":"#000000","typography_typography":"custom","typography_font_family":"Raleway","typography_line_height":{"unit":"em","size":1.600000000000000088817841970012523233890533447265625},"align":"left","typography_font_size":{"unit":"px","size":16},"_margin":{"unit":"px","top":"0","right":"0","bottom":"50","left":"0","isLinked":false},"_animation":"fadeInUp","_animation_delay":500},"elements":[],"isInner":false,"widgetType":"text-editor","elType":"widget"}],"isInner":true,"elType":"column"},{"id":"33ae5f81","settings":{"_column_size":33,"_inline_size":39.8010000000000019326762412674725055694580078125,"content_position":"center","background_background":"classic","background_color":"#c48e4c","margin":{"unit":"px","top":"-80","right":"0","bottom":"0","left":"0","isLinked":false},"margin_mobile":{"unit":"px","top":"0","right":"0","bottom":"0","left":"0","isLinked":false},"padding":{"unit":"px","top":"40","right":"40","bottom":"40","left":"40","isLinked":true},"animation":"bounceInUp","animation_delay":300,"padding_tablet":{"unit":"em","top":"2","right":"2","bottom":"2","left":"2","isLinked":true}},"elements":[{"id":"35f2fc34","settings":{"form_name":"New Form","form_fields":[{"_id":"name","field_label":"Name","placeholder":"Name","width":"50","required":"true","min_date":"","max_date":"","custom_id":"name","previous_button":"","next_button":"","file_sizes":"","file_types":"","allow_multiple_upload":"","max_files":"","acceptance_text":"","checked_by_default":"","field_min":"","field_max":"","use_native_date":"","use_native_time":""},{"_id":"email","field_type":"email","required":"true","field_label":"Email","placeholder":"Email","width":"50","min_date":"","max_date":"","custom_id":"email","previous_button":"","next_button":"","file_sizes":"","file_types":"","allow_multiple_upload":"","max_files":"","acceptance_text":"","checked_by_default":"","field_min":"","field_max":"","use_native_date":"","use_native_time":""},{"_id":"867c309","required":"true","field_label":"Area Size","placeholder":"Area Size","width":"50","min_date":"","max_date":"","custom_id":"867c309","previous_button":"","next_button":"","file_sizes":"","file_types":"","allow_multiple_upload":"","max_files":"","acceptance_text":"","checked_by_default":"","field_min":"","field_max":"","use_native_date":"","use_native_time":""},{"_id":"4807c9f","required":"true","field_label":"Budget","placeholder":"Budget","width":"50","min_date":"","max_date":"","custom_id":"4807c9f","previous_button":"","next_button":"","file_sizes":"","file_types":"","allow_multiple_upload":"","max_files":"","acceptance_text":"","checked_by_default":"","field_min":"","field_max":"","use_native_date":"","use_native_time":""},{"_id":"message","field_type":"textarea","field_label":"Message","placeholder":"Tell us about your project...","min_date":"","max_date":"","custom_id":"message","previous_button":"","next_button":"","file_sizes":"","file_types":"","allow_multiple_upload":"","max_files":"","acceptance_text":"","checked_by_default":"","field_min":"","field_max":"","use_native_date":"","use_native_time":""}],"show_labels":"","button_text":"Request Quote","button_width":"","email_content":"[all-fields]","email_content_2":"[all-fields]","success_message":"The form was sent successfully.","error_message":"An error occured.","required_field_message":"This field is required.","invalid_message":"There's something wrong. The form is invalid.","field_text_color":"#ffffff","field_typography_typography":"custom","field_typography_font_family":"Raleway","field_typography_font_size":{"unit":"px","size":14},"field_typography_line_height":{"unit":"em","size":1.5},"field_border_color":"#ffffff","field_border_width":{"unit":"px","top":"2","right":"2","bottom":"2","left":"2","isLinked":true},"field_border_radius":{"unit":"px","top":"0","right":"0","bottom":"0","left":"0","isLinked":true},"button_background_color":"#ffffff","button_typography_typography":"custom","button_typography_font_family":"Raleway","button_typography_font_size":{"unit":"px","size":13},"button_border_radius":{"unit":"px","top":"0","right":"0","bottom":"0","left":"0","isLinked":true},"input_size":"md","field_background_color":"rgba(255,255,255,0)","button_text_color":"#000000","button_typography_font_weight":"bold","button_typography_text_transform":"uppercase","button_hover_color":"#c4a073","step_next_label":"Next","step_previous_label":"Previous"},"elements":[],"isInner":false,"widgetType":"form","elType":"widget"}],"isInner":true,"elType":"column"}],"isInner":true,"elType":"section"}],"isInner":false,"elType":"column"}],"isInner":false,"elType":"section"}],"page_settings":[],"version":"0.4","title":"Arquitetura","type":"section"}