{"version":"0.4","title":"esporte 14","type":"page","content":[{"id":"2d98bc7c","settings":{"gap":"no","height":"min-height","custom_height":{"unit":"vh","size":"100","sizes":[]},"background_background":"video","background_video_link":"https:\/\/www.youtube.com\/watch?v=PGKkRxnyKDs","background_video_start":"9","background_overlay_background":"classic","background_overlay_color":"#2d41b5","background_overlay_image":{"url":"http:\/\/sitefacilitado.com.br\/wp-content\/uploads\/2020\/02\/glowybg-kappy-scaled.jpg","id":"355"},"background_overlay_opacity":{"unit":"px","size":"0.96","sizes":[]},"background_overlay_position":"top left","background_overlay_size":"cover","padding":{"unit":"px","top":"80","right":"0","bottom":"80","left":"0","isLinked":""},"background_video_fallback":{"url":"http:\/\/sitefacilitado.com.br\/wp-content\/uploads\/2020\/02\/27529824866_bbc109b26d_b.jpg","id":"393"}},"elements":[{"id":"5de2404d","settings":{"_column_size":"100","content_position":"space-around","align":"space-evenly"},"elements":[{"id":"66e12449","settings":{"title":"Coming Soon","header_size":"h1","title_color":"#ffffff","typography_typography":"custom","typography_font_family":"Press Start 2P","typography_font_size":{"unit":"px","size":"24","sizes":[]},"typography_font_weight":"700","typography_text_transform":"uppercase","typography_font_size_mobile":{"unit":"px","size":"50","sizes":[]},"typography_line_height_mobile":{"unit":"px","size":"60","sizes":[]},"align_mobile":"center","align":"center","typography_letter_spacing":{"unit":"px","size":"10","sizes":[]}},"elements":[],"isInner":false,"widgetType":"heading","elType":"widget"},{"id":"520bb96c","settings":{"title":"esports","header_size":"h3","title_color":"#ffffff","typography_typography":"custom","typography_font_family":"Press Start 2P","typography_font_size":{"unit":"px","size":"104","sizes":[]},"typography_text_transform":"uppercase","typography_letter_spacing":{"unit":"px","size":"10","sizes":[]},"align":"center","align_mobile":"center","typography_font_size_mobile":{"unit":"px","size":"50","sizes":[]},"typography_line_height_mobile":{"unit":"px","size":"60","sizes":[]}},"elements":[],"isInner":false,"widgetType":"heading","elType":"widget"},{"id":"46473b30","settings":{"due_date":"2020-06-30 08:16","label_days":"Days","label_hours":"Hours","label_minutes":"Minutes","label_seconds":"Seconds","container_width":{"unit":"%","size":"98","sizes":[]},"container_width_mobile":{"unit":"%","size":"0","sizes":[]},"box_background_color":"rgba(0,0,0,0)","box_spacing":{"unit":"px","size":"17","sizes":[]},"box_spacing_mobile":{"unit":"px","size":"20","sizes":[]},"digits_typography_typography":"custom","digits_typography_font_family":"Press Start 2P","digits_typography_font_size":{"unit":"px","size":"70","sizes":[]},"digits_typography_font_size_tablet":{"unit":"px","size":"40","sizes":[]},"digits_typography_font_size_mobile":{"unit":"px","size":"25","sizes":[]},"digits_typography_font_weight":"700","digits_typography_line_height":{"unit":"px","size":"90","sizes":[]},"digits_typography_line_height_mobile":{"unit":"px","size":"60","sizes":[]},"label_typography_typography":"custom","label_typography_font_family":"IBM Plex Mono","label_typography_font_size":{"unit":"px","size":"16","sizes":[]},"label_typography_font_size_mobile":{"unit":"px","size":"12","sizes":[]},"label_typography_line_height":{"unit":"px","size":"20","sizes":[]},"label_typography_line_height_mobile":{"unit":"px","size":"20","sizes":[]},"digits_color":"#ffffff","label_color":"#ffffff"},"elements":[],"isInner":false,"widgetType":"countdown","elType":"widget"},{"id":"4217acca","settings":{"space":{"unit":"px","size":"40","sizes":[]}},"elements":[],"isInner":false,"widgetType":"spacer","elType":"widget"},{"id":"1c27922d","settings":{"structure":"20"},"elements":[{"id":"7dcd7286","settings":{"_column_size":"50","content_position":"center","align":"flex-start","padding":{"unit":"px","top":"4","right":"0","bottom":"0","left":"0","isLinked":""}},"elements":[{"id":"2253bf05","settings":{"title":"Support us","title_color":"#ffffff","typography_typography":"custom","typography_font_family":"Press Start 2P","typography_font_size":{"unit":"px","size":"20","sizes":[]},"typography_text_transform":"uppercase","typography_letter_spacing":{"unit":"px","size":"1","sizes":[]},"_element_width":"auto","align_tablet":"center","typography_line_height":{"unit":"em","size":"2.5","sizes":[]},"_padding":{"unit":"em","top":"0","right":"2","bottom":"0","left":"0","isLinked":""}},"elements":[],"isInner":false,"widgetType":"heading","elType":"widget"},{"id":"31d8678d","settings":{"social_icon_list":[{"social":"fa fa-facebook","_id":"c9e32cc","link":{"url":"","is_external":"true","nofollow":""},"social_icon":{"value":"fab fa-wordpress","library":"fa-brands"},"item_icon_color":"default","item_icon_primary_color":"","item_icon_secondary_color":""},{"social":"fa fa-twitter","_id":"633bf88","link":{"url":"","is_external":"true","nofollow":""},"social_icon":{"value":"fab fa-wordpress","library":"fa-brands"},"item_icon_color":"default","item_icon_primary_color":"","item_icon_secondary_color":""},{"social":"fa fa-twitch","_id":"b1c61a3","link":{"url":"","is_external":"true","nofollow":""},"social_icon":{"value":"fab fa-wordpress","library":"fa-brands"},"item_icon_color":"default","item_icon_primary_color":"","item_icon_secondary_color":""},{"social":"fa fa-youtube","_id":"100b394","link":{"url":"","is_external":"true","nofollow":""},"social_icon":{"value":"fab fa-wordpress","library":"fa-brands"},"item_icon_color":"default","item_icon_primary_color":"","item_icon_secondary_color":""}],"shape":"square","icon_color":"custom","icon_primary_color":"#8e67ea","icon_secondary_color":"#ffffff","icon_size":{"unit":"px","size":"20","sizes":[]},"icon_size_mobile":{"unit":"px","size":"20","sizes":[]},"icon_padding":{"unit":"em","size":"0.6","sizes":[]},"icon_spacing":{"unit":"px","size":"30","sizes":[]},"icon_spacing_mobile":{"unit":"px","size":"10","sizes":[]},"align":"right","border_radius":{"unit":"px","top":"4","right":"4","bottom":"4","left":"4","isLinked":"1"},"_element_width":"auto"},"elements":[],"isInner":false,"widgetType":"social-icons","elType":"widget"}],"isInner":"1","elType":"column"},{"id":"610f2853","settings":{"_column_size":"50"},"elements":[{"id":"1270f5d9","settings":{"form_name":"New Form","form_fields":[{"custom_id":"field_1","field_type":"text","field_label":"","placeholder":"Get Notified","width":"60","_id":"587f868","required":"","field_options":"","allow_multiple":"","select_size":"","inline_list":"","field_html":"","width_tablet":"","width_mobile":"","rows":"4","recaptcha_size":"normal","recaptcha_style":"light","css_classes":"","field_value":"","recaptcha_badge":"bottomright"}],"button_text":"","email_content":"[all-fields]","email_content_2":"[all-fields]","success_message":"The form was sent successfully.","error_message":"An error occured.","required_field_message":"This field is required.","invalid_message":"There's something wrong. The form is invalid.","column_gap":{"unit":"px","size":"20","sizes":[]},"row_gap":{"unit":"px","size":"20","sizes":[]},"label_typography_typography":"custom","label_typography_font_family":"IBM Plex Mono","label_typography_font_size":{"unit":"px","size":"14","sizes":[]},"label_typography_line_height":{"unit":"em","size":"20","sizes":[]},"field_text_color":"#ffffff","field_typography_typography":"custom","field_typography_font_family":"IBM Plex Mono","field_typography_font_size":{"unit":"px","size":"14","sizes":[]},"field_typography_line_height":{"unit":"px","size":"40","sizes":[]},"field_background_color":"rgba(255,255,255,0)","field_border_color":"#ffffff","field_border_width":{"unit":"px","top":"3","right":"3","bottom":"3","left":"3","isLinked":"1"},"field_border_radius":{"unit":"px","top":"0","right":"0","bottom":"0","left":"0","isLinked":"1"},"button_background_color":"#8e67ea","button_text_color":"#ffffff","button_typography_typography":"custom","button_typography_font_family":"IBM Plex Mono","button_typography_font_size":{"unit":"px","size":"14","sizes":[]},"button_typography_font_weight":"700","button_typography_text_transform":"uppercase","button_typography_letter_spacing":{"unit":"px","size":"1","sizes":[]},"button_text_padding":{"unit":"px","top":"22","right":"50","bottom":"022","left":"50","isLinked":""},"button_background_hover_color":"#5700ef","success_message_color":"#41379e","error_message_color":"#bc536d","inline_message_color":"#e59330","button_width":"25","button_icon":"fa fa-send","button_border_radius":{"unit":"px","top":"0","right":"0","bottom":"0","left":"0","isLinked":"1"}},"elements":[],"isInner":false,"widgetType":"form","elType":"widget"}],"isInner":"1","elType":"column"}],"isInner":"1","elType":"section"}],"isInner":"","elType":"column"}],"isInner":"","elType":"section"}]}