{"content":[{"id":"7c2695e7","settings":{"custom_height":{"unit":"px","size":700},"structure":"20","background_image":{"id":"3779","url":"https:\/\/cliente.shazamlnv.com\/setasolar\/wp-content\/uploads\/2022\/04\/jason-wong-502107-unsplash-min.jpg"},"background_position":"top right","background_size":"cover","padding":{"unit":"px","top":"250","right":"0","bottom":"120","left":"0","isLinked":false},"background_color":"#ffffff","background_color_b":"rgba(193,119,54,0.1)","background_gradient_angle":{"unit":"deg","size":200},"background_overlay_background":"classic","background_overlay_position":"top center","background_overlay_repeat":"no-repeat","background_overlay_size":"cover","background_overlay_opacity":{"unit":"px","size":0.60999999999999998667732370449812151491641998291015625},"background_color_stop":{"unit":"%","size":24},"custom_height_tablet":{"unit":"px","size":0},"padding_tablet":{"unit":"px","top":"80","right":"20","bottom":"80","left":"20","isLinked":false},"animation":"fadeIn","background_background":"classic","background_overlay_color":"#635442"},"elements":[{"id":"ec1e936","settings":{"_column_size":50,"_inline_size":null,"_inline_size_tablet":100,"content_position":"center","margin_tablet":{"unit":"px","top":"0","right":"0","bottom":"20","left":"0","isLinked":false},"padding":{"unit":"px","top":"0","right":"50","bottom":"0","left":"50","isLinked":false},"padding_mobile":{"unit":"px","top":"0","right":"0","bottom":"0","left":"0","isLinked":false}},"elements":[{"id":"56a56e21","settings":{"title":"Together we can make a difference","title_color":"#ffffff","typography_typography":"custom","typography_font_family":"Merriweather","typography_font_size":{"unit":"px","size":60},"typography_line_height":{"unit":"px","size":70},"header_size":"h1","align":"left","typography_text_transform":"capitalize","align_mobile":"center","_animation":"fadeIn","align_tablet":"center","typography_font_size_tablet":{"unit":"px","size":40},"typography_line_height_tablet":{"unit":"px","size":50}},"elements":[],"isInner":false,"widgetType":"heading","elType":"widget"},{"id":"547957cf","settings":{"editor":"<p>Senectus erat sem tincidunt mi duis vehicula, est diam molestie. Mauris in ut eget wisi, et mollis bibendum nulla, amet malesuada.<\/p>","typography_typography":"custom","typography_font_family":"Karla","typography_font_size":{"unit":"px","size":16},"typography_line_height":{"unit":"px","size":27},"_margin":{"unit":"px","top":"30","right":"0","bottom":"0","left":"0","isLinked":false},"align_mobile":"center","_animation":"fadeIn","align_tablet":"center","text_color":"#ffffff"},"elements":[],"isInner":false,"widgetType":"text-editor","elType":"widget"},{"id":"1ffe1f89","settings":{"margin":{"unit":"px","top":"40","right":0,"bottom":"30","left":0,"isLinked":false}},"elements":[{"id":"70914d1b","settings":{"_column_size":100,"_inline_size":null,"padding":{"unit":"px","top":"0","right":"0","bottom":"0","left":"0","isLinked":false}},"elements":[{"id":"77058685","settings":{"text":"Show More","typography_typography":"custom","typography_font_family":"Merriweather","typography_font_size":{"unit":"px","size":14},"typography_font_weight":"600","typography_text_transform":"uppercase","typography_letter_spacing":{"unit":"px","size":0.5},"button_text_color":"#ffffff","background_color":"rgba(239,131,84,0)","border_border":"solid","border_width":{"unit":"px","top":"0","right":"0","bottom":"3","left":"0","isLinked":false},"border_color":"#ffffff","border_radius":{"unit":"px","top":"0","right":"0","bottom":"0","left":"0","isLinked":true},"button_box_shadow_box_shadow":{"horizontal":0,"vertical":10,"blur":50,"spread":0,"color":"rgba(178,142,121,0.2)"},"text_padding":{"unit":"px","top":"0","right":"0","bottom":"010","left":"0","isLinked":false},"align":"left","align_mobile":"center","_animation":"fadeIn","link":{"url":"#block-2","is_external":"","nofollow":""},"align_tablet":"center","icon":"fa fa-chevron-circle-down","icon_align":"right","icon_indent":{"unit":"px","size":11},"typography_line_height":{"unit":"px","size":""},"hover_animation":"bob","selected_icon":{"value":"fas fa-chevron-circle-down","library":"fa-solid"}},"elements":[],"isInner":false,"widgetType":"button","elType":"widget"}],"isInner":true,"elType":"column"}],"isInner":true,"elType":"section"}],"isInner":false,"elType":"column"},{"id":"3f683616","settings":{"_column_size":50,"_inline_size":null,"_inline_size_tablet":100,"content_position":"bottom","background_image":{"id":"3780","url":"https:\/\/cliente.shazamlnv.com\/setasolar\/wp-content\/uploads\/2022\/04\/samuel-zeller-364229-unsplash-min.jpg"},"background_position":"center center","background_size":"cover","margin":{"unit":"px","top":"0","right":"0","bottom":"-150","left":"0","isLinked":false},"margin_tablet":{"unit":"px","top":"20","right":"0","bottom":"0","left":"0","isLinked":false},"padding":{"unit":"px","top":"0","right":"0","bottom":"0","left":"0","isLinked":false},"animation":"fadeIn"},"elements":[{"id":"4fcf1358","settings":{"background_background":"classic","background_color":"#c3ab97","margin":{"unit":"px","top":"0","right":0,"bottom":"0","left":0,"isLinked":false},"margin_mobile":{"unit":"px","top":"0","right":0,"bottom":"0","left":0,"isLinked":false},"padding":{"unit":"px","top":"80","right":"50","bottom":"80","left":"50","isLinked":false},"padding_mobile":{"unit":"px","top":"40","right":"0","bottom":"0","left":"0","isLinked":false}},"elements":[{"id":"5073f7fe","settings":{"_column_size":100,"_inline_size":null,"content_position":"center","margin":{"unit":"px","top":"0","right":"0","bottom":"0","left":"0","isLinked":false},"padding":{"unit":"px","top":"0","right":"0","bottom":"0","left":"0","isLinked":false}},"elements":[{"id":"523de47f","settings":{"youtube_url":"https:\/\/www.youtube.com\/watch?v=9uOETcuFjbE","vimeo_url":"https:\/\/vimeo.com\/235215203","dailymotion_url":"https:\/\/www.dailymotion.com\/video\/x6koazf","show_image_overlay":"yes","image_overlay":{"id":"3781","url":"https:\/\/cliente.shazamlnv.com\/setasolar\/wp-content\/uploads\/2022\/04\/transparent-min1.png"},"image_overlay_size":"custom","image_overlay_custom_dimension":{"width":"100","height":"10"},"lightbox":"yes","play_icon_color":"#ffffff","play_icon_size":{"unit":"px","size":92},"play_icon_text_shadow_text_shadow_type":"yes","play_icon_text_shadow_text_shadow":{"horizontal":10,"vertical":0,"blur":16,"color":"rgba(178,142,121,0.36)"},"_margin":{"unit":"%","top":"","right":"","bottom":"","left":"","isLinked":false},"_margin_tablet":{"unit":"px","top":"0","right":"0","bottom":"0","left":"0","isLinked":false},"_padding_tablet":{"unit":"px","top":"0","right":"0","bottom":"0","left":"0","isLinked":false},"_animation":"fadeIn"},"elements":[],"isInner":false,"widgetType":"video","elType":"widget"},{"id":"61383516","settings":{"title":"Jesus is our saviour","title_color":"#ffffff","typography_typography":"custom","typography_font_family":"Merriweather","typography_font_size":{"unit":"px","size":24},"typography_line_height":{"unit":"px","size":34},"header_size":"h3","align":"center","typography_text_transform":"capitalize","_animation":"fadeIn","typography_font_weight":"700","align_mobile":"center","_margin":{"unit":"%","top":"0","right":"0","bottom":"0","left":"0","isLinked":false},"_padding":{"unit":"px","top":"0","right":"0","bottom":"0","left":"0","isLinked":false},"_background_color":"#ffffff"},"elements":[],"isInner":false,"widgetType":"heading","elType":"widget"},{"id":"13efde7d","settings":{"editor":"<p>Senectus erat sem tincidunt mi duis vehicula, est diam molestie.<\/p>","typography_typography":"custom","typography_font_family":"Karla","typography_font_size":{"unit":"px","size":16},"typography_line_height":{"unit":"px","size":20},"_margin":{"unit":"px","top":"-5","right":"0","bottom":"0","left":"0","isLinked":false},"align_mobile":"center","_animation":"fadeIn","align":"center","text_color":"#ffffff"},"elements":[],"isInner":false,"widgetType":"text-editor","elType":"widget"}],"isInner":true,"elType":"column"}],"isInner":true,"elType":"section"}],"isInner":false,"elType":"column"}],"isInner":false,"elType":"section"},{"id":"2b92dc56","settings":{"padding":{"unit":"px","top":"80","right":"0","bottom":"80","left":"0","isLinked":false},"padding_mobile":{"unit":"px","top":"30","right":"0","bottom":"0","left":"0","isLinked":false}},"elements":[{"id":"3accf33a","settings":{"_column_size":100,"_inline_size":null,"content_position":"center","padding_tablet":{"unit":"em","top":"2","right":"2","bottom":"2","left":"2","isLinked":true}},"elements":[{"id":"65660152","settings":[],"elements":[{"id":"5d43b52e","settings":{"_column_size":100,"_inline_size":null},"elements":[{"id":"15f19daf","settings":{"title":"Our Events","title_color":"#0c0c0c","typography_typography":"custom","typography_font_family":"Merriweather","typography_font_size":{"unit":"px","size":50},"typography_line_height":{"unit":"px","size":60},"header_size":"h1","align":"center","typography_text_transform":"capitalize","_animation":"fadeIn","typography_font_weight":"700","typography_font_size_tablet":{"unit":"px","size":40},"typography_line_height_tablet":{"unit":"px","size":50},"_margin":{"unit":"px","top":"0","right":"0","bottom":"0","left":"0","isLinked":false}},"elements":[],"isInner":false,"widgetType":"heading","elType":"widget"},{"id":"169f4399","settings":{"editor":"Senectus erat sem tincidunt mi duis vehicula, est diam molestie. Mauris in<br> ut eget wisi, et mollis bibendum nulla, amet malesuada.","typography_typography":"custom","typography_font_family":"Karla","typography_font_size":{"unit":"px","size":16},"typography_line_height":{"unit":"px","size":27},"_margin":{"unit":"px","top":"10","right":"0","bottom":"30","left":"0","isLinked":false},"align":"center","_animation":"fadeIn"},"elements":[],"isInner":false,"widgetType":"text-editor","elType":"widget"}],"isInner":true,"elType":"column"}],"isInner":true,"elType":"section"},{"id":"6d507f13","settings":{"structure":"32","border_border":"solid","border_width":{"unit":"px","top":"0","right":"0","bottom":"1","left":"0","isLinked":false},"border_color":"#eeeeee","padding":{"unit":"px","top":"15","right":"0","bottom":"15","left":"0","isLinked":false}},"elements":[{"id":"11994d47","settings":{"_column_size":50,"_inline_size":null,"padding":{"unit":"px","top":"0","right":"0","bottom":"0","left":"0","isLinked":false}},"elements":[{"id":"bb9066a","settings":{"title":"Justo, vel vitae porttitor nam vehicula duis.","title_color":"#0c0c0c","typography_typography":"custom","typography_font_family":"Merriweather","typography_font_size":{"unit":"px","size":24},"typography_line_height":{"unit":"px","size":34},"align":"left","_animation":"fadeIn","_margin":{"unit":"px","top":"0","right":"0","bottom":"0","left":"0","isLinked":false},"align_mobile":"center","typography_font_size_tablet":{"unit":"rem","size":1.1999999999999999555910790149937383830547332763671875}},"elements":[],"isInner":false,"widgetType":"heading","elType":"widget"}],"isInner":true,"elType":"column"},{"id":"2671a498","settings":{"_column_size":25,"_inline_size":null},"elements":[{"id":"34263c23","settings":{"title":"25 September 2018","title_color":"#7c7c7c","typography_typography":"custom","typography_font_family":"Merriweather","typography_font_size":{"unit":"px","size":18},"typography_line_height":{"unit":"px","size":34},"align":"center","_animation":"fadeIn","_margin":{"unit":"px","top":"0","right":"0","bottom":"0","left":"0","isLinked":false},"typography_font_style":"italic","typography_font_size_tablet":{"unit":"rem","size":1}},"elements":[],"isInner":false,"widgetType":"heading","elType":"widget"}],"isInner":true,"elType":"column"},{"id":"4cb40652","settings":{"_column_size":25,"_inline_size":null},"elements":[{"id":"75744e7b","settings":{"text":"Read More","typography_typography":"custom","typography_font_family":"Merriweather","typography_font_size":{"unit":"px","size":14},"typography_font_weight":"600","typography_text_transform":"uppercase","typography_letter_spacing":{"unit":"px","size":0.5},"button_text_color":"#c3ab97","background_color":"rgba(239,131,84,0)","hover_color":"#ffffff","button_background_hover_color":"#c3ab97","border_border":"solid","border_width":{"unit":"px","top":"3","right":"3","bottom":"3","left":"3","isLinked":true},"border_color":"#c3ab97","border_radius":{"unit":"px","top":"0","right":"0","bottom":"0","left":"0","isLinked":true},"button_box_shadow_box_shadow_type":"yes","button_box_shadow_box_shadow":{"horizontal":0,"vertical":10,"blur":50,"spread":0,"color":"rgba(178,142,121,0.2)"},"text_padding":{"unit":"px","top":"12","right":"30","bottom":"12","left":"30","isLinked":false},"align":"right","align_mobile":"center","_animation":"fadeIn","align_tablet":"center","typography_font_size_tablet":{"unit":"rem","size":0.8000000000000000444089209850062616169452667236328125}},"elements":[],"isInner":false,"widgetType":"button","elType":"widget"}],"isInner":true,"elType":"column"}],"isInner":true,"elType":"section"},{"id":"30c2e6fb","settings":{"structure":"32","border_border":"solid","border_width":{"unit":"px","top":"0","right":"0","bottom":"1","left":"0","isLinked":false},"border_color":"#eeeeee","padding":{"unit":"px","top":"15","right":"0","bottom":"15","left":"0","isLinked":false}},"elements":[{"id":"7d6d3f91","settings":{"_column_size":50,"_inline_size":null,"padding":{"unit":"px","top":"0","right":"0","bottom":"0","left":"0","isLinked":false}},"elements":[{"id":"73c36c28","settings":{"title":"Magnis, cupiditate pharetra phasellus.","title_color":"#0c0c0c","typography_typography":"custom","typography_font_family":"Merriweather","typography_font_size":{"unit":"px","size":24},"typography_line_height":{"unit":"px","size":34},"align":"left","_animation":"fadeIn","_margin":{"unit":"px","top":"0","right":"0","bottom":"0","left":"0","isLinked":false},"align_mobile":"center","typography_font_size_tablet":{"unit":"rem","size":1.1999999999999999555910790149937383830547332763671875}},"elements":[],"isInner":false,"widgetType":"heading","elType":"widget"}],"isInner":true,"elType":"column"},{"id":"363f5cc9","settings":{"_column_size":25,"_inline_size":null},"elements":[{"id":"617a24d","settings":{"title":"03 October 2018","title_color":"#7c7c7c","typography_typography":"custom","typography_font_family":"Merriweather","typography_font_size":{"unit":"px","size":18},"typography_line_height":{"unit":"px","size":34},"align":"center","_animation":"fadeIn","_margin":{"unit":"px","top":"0","right":"0","bottom":"0","left":"0","isLinked":false},"typography_font_style":"italic","typography_font_size_tablet":{"unit":"rem","size":1}},"elements":[],"isInner":false,"widgetType":"heading","elType":"widget"}],"isInner":true,"elType":"column"},{"id":"2ad5beb4","settings":{"_column_size":25,"_inline_size":null},"elements":[{"id":"428bd0bc","settings":{"text":"Read More","typography_typography":"custom","typography_font_family":"Merriweather","typography_font_size":{"unit":"px","size":14},"typography_font_weight":"600","typography_text_transform":"uppercase","typography_letter_spacing":{"unit":"px","size":0.5},"button_text_color":"#c3ab97","background_color":"rgba(239,131,84,0)","hover_color":"#ffffff","button_background_hover_color":"#c3ab97","border_border":"solid","border_width":{"unit":"px","top":"3","right":"3","bottom":"3","left":"3","isLinked":true},"border_color":"#c3ab97","border_radius":{"unit":"px","top":"0","right":"0","bottom":"0","left":"0","isLinked":true},"button_box_shadow_box_shadow_type":"yes","button_box_shadow_box_shadow":{"horizontal":0,"vertical":10,"blur":50,"spread":0,"color":"rgba(178,142,121,0.2)"},"text_padding":{"unit":"px","top":"12","right":"30","bottom":"12","left":"30","isLinked":false},"align":"right","align_mobile":"center","_animation":"fadeIn","align_tablet":"center","typography_font_size_tablet":{"unit":"rem","size":0.8000000000000000444089209850062616169452667236328125}},"elements":[],"isInner":false,"widgetType":"button","elType":"widget"}],"isInner":true,"elType":"column"}],"isInner":true,"elType":"section"},{"id":"5b9259bf","settings":{"structure":"32","border_border":"solid","border_width":{"unit":"px","top":"0","right":"0","bottom":"1","left":"0","isLinked":false},"border_color":"#eeeeee","padding":{"unit":"px","top":"15","right":"0","bottom":"15","left":"0","isLinked":false}},"elements":[{"id":"19a2fe01","settings":{"_column_size":50,"_inline_size":null,"padding":{"unit":"px","top":"0","right":"0","bottom":"0","left":"0","isLinked":false}},"elements":[{"id":"60d155f8","settings":{"title":"Metus ante donec est diam id, non.","title_color":"#0c0c0c","typography_typography":"custom","typography_font_family":"Merriweather","typography_font_size":{"unit":"px","size":24},"typography_line_height":{"unit":"px","size":34},"align":"left","_animation":"fadeIn","_margin":{"unit":"px","top":"0","right":"0","bottom":"0","left":"0","isLinked":false},"align_mobile":"center","typography_font_size_tablet":{"unit":"rem","size":1.1999999999999999555910790149937383830547332763671875}},"elements":[],"isInner":false,"widgetType":"heading","elType":"widget"}],"isInner":true,"elType":"column"},{"id":"17335248","settings":{"_column_size":25,"_inline_size":null},"elements":[{"id":"65988b20","settings":{"title":"08 October 2018","title_color":"#7c7c7c","typography_typography":"custom","typography_font_family":"Merriweather","typography_font_size":{"unit":"px","size":18},"typography_line_height":{"unit":"px","size":34},"align":"center","_animation":"fadeIn","_margin":{"unit":"px","top":"0","right":"0","bottom":"0","left":"0","isLinked":false},"typography_font_style":"italic","typography_font_size_tablet":{"unit":"rem","size":1}},"elements":[],"isInner":false,"widgetType":"heading","elType":"widget"}],"isInner":true,"elType":"column"},{"id":"cccc806","settings":{"_column_size":25,"_inline_size":null},"elements":[{"id":"64c60d0a","settings":{"text":"Read More","typography_typography":"custom","typography_font_family":"Merriweather","typography_font_size":{"unit":"px","size":14},"typography_font_weight":"600","typography_text_transform":"uppercase","typography_letter_spacing":{"unit":"px","size":0.5},"button_text_color":"#c3ab97","background_color":"rgba(239,131,84,0)","hover_color":"#ffffff","button_background_hover_color":"#c3ab97","border_border":"solid","border_width":{"unit":"px","top":"3","right":"3","bottom":"3","left":"3","isLinked":true},"border_color":"#c3ab97","border_radius":{"unit":"px","top":"0","right":"0","bottom":"0","left":"0","isLinked":true},"button_box_shadow_box_shadow_type":"yes","button_box_shadow_box_shadow":{"horizontal":0,"vertical":10,"blur":50,"spread":0,"color":"rgba(178,142,121,0.2)"},"text_padding":{"unit":"px","top":"12","right":"30","bottom":"12","left":"30","isLinked":false},"align":"right","align_mobile":"center","_animation":"fadeIn","align_tablet":"center","typography_font_size_tablet":{"unit":"rem","size":0.8000000000000000444089209850062616169452667236328125}},"elements":[],"isInner":false,"widgetType":"button","elType":"widget"}],"isInner":true,"elType":"column"}],"isInner":true,"elType":"section"},{"id":"49391f88","settings":{"structure":"32","border_border":"solid","border_width":{"unit":"px","top":"0","right":"0","bottom":"1","left":"0","isLinked":false},"border_color":"#eeeeee","padding":{"unit":"px","top":"15","right":"0","bottom":"15","left":"0","isLinked":false}},"elements":[{"id":"84b98e5","settings":{"_column_size":50,"_inline_size":null,"padding":{"unit":"px","top":"0","right":"0","bottom":"0","left":"0","isLinked":false}},"elements":[{"id":"19fea49a","settings":{"title":"Lorem ipsum dolor sit amet, cursus tellus.","title_color":"#0c0c0c","typography_typography":"custom","typography_font_family":"Merriweather","typography_font_size":{"unit":"px","size":24},"typography_line_height":{"unit":"px","size":34},"align":"left","_animation":"fadeIn","_margin":{"unit":"px","top":"0","right":"0","bottom":"0","left":"0","isLinked":false},"align_mobile":"center","typography_font_size_tablet":{"unit":"rem","size":1.1999999999999999555910790149937383830547332763671875}},"elements":[],"isInner":false,"widgetType":"heading","elType":"widget"}],"isInner":true,"elType":"column"},{"id":"1b6e40d5","settings":{"_column_size":25,"_inline_size":null},"elements":[{"id":"69d0502c","settings":{"title":"12 October 2018","title_color":"#7c7c7c","typography_typography":"custom","typography_font_family":"Merriweather","typography_font_size":{"unit":"px","size":18},"typography_line_height":{"unit":"px","size":34},"align":"center","_animation":"fadeIn","_margin":{"unit":"px","top":"0","right":"0","bottom":"0","left":"0","isLinked":false},"typography_font_style":"italic","typography_font_size_tablet":{"unit":"rem","size":1}},"elements":[],"isInner":false,"widgetType":"heading","elType":"widget"}],"isInner":true,"elType":"column"},{"id":"148c45b6","settings":{"_column_size":25,"_inline_size":null},"elements":[{"id":"5891a531","settings":{"text":"Read More","typography_typography":"custom","typography_font_family":"Merriweather","typography_font_size":{"unit":"px","size":14},"typography_font_weight":"600","typography_text_transform":"uppercase","typography_letter_spacing":{"unit":"px","size":0.5},"button_text_color":"#c3ab97","background_color":"rgba(239,131,84,0)","hover_color":"#ffffff","button_background_hover_color":"#c3ab97","border_border":"solid","border_width":{"unit":"px","top":"3","right":"3","bottom":"3","left":"3","isLinked":true},"border_color":"#c3ab97","border_radius":{"unit":"px","top":"0","right":"0","bottom":"0","left":"0","isLinked":true},"button_box_shadow_box_shadow_type":"yes","button_box_shadow_box_shadow":{"horizontal":0,"vertical":10,"blur":50,"spread":0,"color":"rgba(178,142,121,0.2)"},"text_padding":{"unit":"px","top":"12","right":"30","bottom":"12","left":"30","isLinked":false},"align":"right","align_mobile":"center","_animation":"fadeIn","align_tablet":"center","typography_font_size_tablet":{"unit":"rem","size":0.8000000000000000444089209850062616169452667236328125}},"elements":[],"isInner":false,"widgetType":"button","elType":"widget"}],"isInner":true,"elType":"column"}],"isInner":true,"elType":"section"},{"id":"a30b94b","settings":{"structure":"32","border_border":"solid","border_width":{"unit":"px","top":"0","right":"0","bottom":"1","left":"0","isLinked":false},"border_color":"#eeeeee","padding":{"unit":"px","top":"15","right":"0","bottom":"15","left":"0","isLinked":false}},"elements":[{"id":"593e2223","settings":{"_column_size":50,"_inline_size":null,"padding":{"unit":"px","top":"0","right":"0","bottom":"0","left":"0","isLinked":false}},"elements":[{"id":"25fd05e2","settings":{"title":"In suscipit quam vestibulum justo velit.","title_color":"#0c0c0c","typography_typography":"custom","typography_font_family":"Merriweather","typography_font_size":{"unit":"px","size":24},"typography_line_height":{"unit":"px","size":34},"align":"left","_animation":"fadeIn","_margin":{"unit":"px","top":"0","right":"0","bottom":"0","left":"0","isLinked":false},"align_mobile":"center","typography_font_size_tablet":{"unit":"rem","size":1.1999999999999999555910790149937383830547332763671875}},"elements":[],"isInner":false,"widgetType":"heading","elType":"widget"}],"isInner":true,"elType":"column"},{"id":"3cef89d5","settings":{"_column_size":25,"_inline_size":null},"elements":[{"id":"45dce304","settings":{"title":"15 October 2018","title_color":"#7c7c7c","typography_typography":"custom","typography_font_family":"Merriweather","typography_font_size":{"unit":"px","size":18},"typography_line_height":{"unit":"px","size":34},"align":"center","_animation":"fadeIn","_margin":{"unit":"px","top":"0","right":"0","bottom":"0","left":"0","isLinked":false},"typography_font_style":"italic","typography_font_size_tablet":{"unit":"rem","size":1}},"elements":[],"isInner":false,"widgetType":"heading","elType":"widget"}],"isInner":true,"elType":"column"},{"id":"7993b2ef","settings":{"_column_size":25,"_inline_size":null},"elements":[{"id":"350ba713","settings":{"text":"Read More","typography_typography":"custom","typography_font_family":"Merriweather","typography_font_size":{"unit":"px","size":14},"typography_font_weight":"600","typography_text_transform":"uppercase","typography_letter_spacing":{"unit":"px","size":0.5},"button_text_color":"#c3ab97","background_color":"rgba(239,131,84,0)","hover_color":"#ffffff","button_background_hover_color":"#c3ab97","border_border":"solid","border_width":{"unit":"px","top":"3","right":"3","bottom":"3","left":"3","isLinked":true},"border_color":"#c3ab97","border_radius":{"unit":"px","top":"0","right":"0","bottom":"0","left":"0","isLinked":true},"button_box_shadow_box_shadow_type":"yes","button_box_shadow_box_shadow":{"horizontal":0,"vertical":10,"blur":50,"spread":0,"color":"rgba(178,142,121,0.2)"},"text_padding":{"unit":"px","top":"12","right":"30","bottom":"12","left":"30","isLinked":false},"align":"right","align_mobile":"center","_animation":"fadeIn","align_tablet":"center","typography_font_size_tablet":{"unit":"rem","size":0.8000000000000000444089209850062616169452667236328125}},"elements":[],"isInner":false,"widgetType":"button","elType":"widget"}],"isInner":true,"elType":"column"}],"isInner":true,"elType":"section"}],"isInner":false,"elType":"column"}],"isInner":false,"elType":"section"},{"id":"1f18c9ab","settings":{"padding":{"unit":"px","top":"0","right":"0","bottom":"80","left":"0","isLinked":false},"padding_tablet":{"unit":"px","top":"0","right":"20","bottom":"0","left":"20","isLinked":false},"padding_mobile":{"unit":"px","top":"30","right":"20","bottom":"0","left":"20","isLinked":false}},"elements":[{"id":"63d7062e","settings":{"_column_size":100,"_inline_size":null,"content_position":"center","margin_mobile":{"unit":"px","top":"0","right":"0","bottom":"0","left":"0","isLinked":false},"padding":{"unit":"px","top":"0","right":"0","bottom":"0","left":"0","isLinked":false},"padding_mobile":{"unit":"px","top":"0","right":"0","bottom":"0","left":"0","isLinked":false}},"elements":[{"id":"5818c9b5","settings":[],"elements":[{"id":"234e63c2","settings":{"_column_size":100,"_inline_size":null},"elements":[{"id":"5885bdd1","settings":{"title":"Risus ipsum commodo<br> eveniet pede nulla, sed<br> fusce sed eget.","title_color":"#0c0c0c","typography_typography":"custom","typography_font_family":"Merriweather","typography_font_size":{"unit":"px","size":50},"typography_line_height":{"unit":"px","size":60},"header_size":"h1","align":"center","typography_text_transform":"capitalize","_animation":"fadeIn","typography_font_weight":"700","typography_font_size_tablet":{"unit":"px","size":40},"typography_line_height_tablet":{"unit":"px","size":50},"_margin":{"unit":"px","top":"0","right":"0","bottom":"0","left":"0","isLinked":false},"typography_font_size_mobile":{"unit":"rem","size":1.5},"typography_line_height_mobile":{"unit":"em","size":1.399999999999999911182158029987476766109466552734375}},"elements":[],"isInner":false,"widgetType":"heading","elType":"widget"}],"isInner":true,"elType":"column"}],"isInner":true,"elType":"section"},{"id":"50a6a2ca","settings":{"structure":"20","margin":{"unit":"px","top":"30","right":0,"bottom":"0","left":0,"isLinked":false}},"elements":[{"id":"2c67d8a8","settings":{"_column_size":50,"_inline_size":null,"_inline_size_tablet":100,"margin_mobile":{"unit":"px","top":"0","right":"0","bottom":"0","left":"0","isLinked":false},"padding":{"unit":"px","top":"0","right":"30","bottom":"0","left":"0","isLinked":false},"padding_mobile":{"unit":"px","top":"0","right":"0","bottom":"0","left":"0","isLinked":false}},"elements":[{"id":"2213ca75","settings":{"editor":"<p align=\"justify\">Et ligula sit quam, sapien lorem. Nec risus lorem vestibulum mi facilisis. Tincidunt urna accumsan nec, risus fermentum ut vestibulum, maecenas luctus viverra, tortor nulla et tellus quam. Neque facilisis donec eget sagittis eligendi dapibus, vulputate sapien praesent. Commodo felis curabitur placerat wisi tellus, cum etiam leo, feugiat sodales blandit ultricies est ultrices.<\/p><p align=\"justify\">Risus ipsum commodo eveniet pede nulla, sed fusce sed eget, sit augue mauris feugiat, erat facilisis nibh ligula ante, feugiat fermentum ut facilisi dolor quis. Semper faucibus ullamcorper sed pulvinar ut, arcu magna, at elementum. Rhoncus rutrum dictum at pariatur donec, non nulla, pellentesque.<\/p><p align=\"justify\">\u00a0<\/p><p align=\"justify\">Lorem ipsum dolor sit amet, cursus tellus nec neque posuere massa nec, vel consectetuer fusce erat. Metus ante donec est diam id, non diam urna justo, vel vitae porttitor nam vehicula duis, mus magnis, cupiditate pharetra phasellus.<\/p><p align=\"justify\">\u00a0<\/p>","typography_typography":"custom","typography_font_family":"Karla","typography_font_size":{"unit":"px","size":16},"typography_line_height":{"unit":"px","size":27}},"elements":[],"isInner":false,"widgetType":"text-editor","elType":"widget"}],"isInner":true,"elType":"column"},{"id":"6d46887f","settings":{"_column_size":50,"_inline_size":null,"_inline_size_tablet":100,"padding":{"unit":"px","top":"0","right":"0","bottom":"0","left":"30","isLinked":false},"padding_tablet":{"unit":"px","top":"0","right":"0","bottom":"0","left":"0","isLinked":false}},"elements":[{"id":"14f08e34","settings":{"image":{"id":"3782","url":"https:\/\/cliente.shazamlnv.com\/setasolar\/wp-content\/uploads\/2022\/04\/jeremy-wermeille-705882-unsplash.jpg"}},"elements":[],"isInner":false,"widgetType":"image","elType":"widget"},{"id":"6df5a767","settings":{"editor":"<p align=\"justify\">Rhoncus rutrum dictum at pariatur donec, non nulla, pellentesque ipsum odio gravida aliquam et nibh, egestas faucibus sollicitudin, et nulla dictum proin neque at lorem. Vulputate volutpat ullamcorper blandit lectus tellus. Diam ut, orci amet. Ac donec tortor tincidunt lorem.\u00a0<\/p>","typography_typography":"custom","typography_font_family":"Karla","typography_font_size":{"unit":"px","size":16},"typography_line_height":{"unit":"px","size":27}},"elements":[],"isInner":false,"widgetType":"text-editor","elType":"widget"}],"isInner":true,"elType":"column"}],"isInner":true,"elType":"section"}],"isInner":false,"elType":"column"}],"isInner":false,"elType":"section"},{"id":"5676eded","settings":{"structure":"30","margin":{"unit":"px","top":"100","right":0,"bottom":"0","left":0,"isLinked":false}},"elements":[{"id":"1a049366","settings":{"_column_size":33,"_inline_size":null,"_inline_size_tablet":100,"background_background":"classic","background_color":"#ffffff","box_shadow_box_shadow_type":"yes","box_shadow_box_shadow":{"horizontal":0,"vertical":10,"blur":50,"spread":0,"color":"rgba(0,0,0,0.05)"},"margin":{"unit":"px","top":"0","right":"15","bottom":"0","left":"15","isLinked":false},"padding":{"unit":"px","top":"0","right":"50","bottom":"20","left":"50","isLinked":false}},"elements":[{"id":"47d23523","settings":{"image":{"id":"3783","url":"https:\/\/cliente.shazamlnv.com\/setasolar\/wp-content\/uploads\/2022\/04\/guilherme-stecanella-587579-unsplash.jpg"},"image_border_radius":{"unit":"%","top":"50","right":"50","bottom":"50","left":"50","isLinked":true},"_margin":{"unit":"px","top":"-70","right":"0","bottom":"0","left":"0","isLinked":false},"_box_shadow_box_shadow":{"horizontal":0,"vertical":10,"blur":50,"spread":0,"color":"rgba(178,142,121,0.2)"}},"elements":[],"isInner":false,"widgetType":"image","elType":"widget"},{"id":"43387024","settings":{"title":"In suscipit quam vestibulum justo.","title_color":"#0c0c0c","typography_typography":"custom","typography_font_family":"Merriweather","typography_font_size":{"unit":"px","size":24},"typography_line_height":{"unit":"px","size":34},"align":"center","_animation":"fadeIn","_margin":{"unit":"px","top":"0","right":"0","bottom":"0","left":"0","isLinked":false}},"elements":[],"isInner":false,"widgetType":"heading","elType":"widget"},{"id":"7c195d6d","settings":{"editor":"<p>Senectus erat sem tincidunt mi duis vehicula, est diam molestie. Mauris ut eget wisi, et mollis bibendum nulla.<\/p>","typography_typography":"custom","typography_font_family":"Karla","typography_font_size":{"unit":"px","size":16},"typography_line_height":{"unit":"px","size":27},"_margin":{"unit":"px","top":"10","right":"0","bottom":"30","left":"0","isLinked":false},"align":"center","_animation":"fadeIn"},"elements":[],"isInner":false,"widgetType":"text-editor","elType":"widget"}],"isInner":false,"elType":"column"},{"id":"3258628e","settings":{"_column_size":33,"_inline_size":null,"_inline_size_tablet":100,"background_background":"classic","background_color":"#ffffff","box_shadow_box_shadow_type":"yes","box_shadow_box_shadow":{"horizontal":0,"vertical":10,"blur":50,"spread":0,"color":"rgba(0,0,0,0.05)"},"margin":{"unit":"px","top":"0","right":"15","bottom":"0","left":"15","isLinked":false},"margin_tablet":{"unit":"px","top":"100","right":"0","bottom":"0","left":"0","isLinked":false},"padding":{"unit":"px","top":"0","right":"50","bottom":"20","left":"50","isLinked":false}},"elements":[{"id":"1082bea6","settings":{"image":{"id":"3784","url":"https:\/\/cliente.shazamlnv.com\/setasolar\/wp-content\/uploads\/2022\/04\/pexels-photo-1073097.jpeg"},"image_border_radius":{"unit":"%","top":"50","right":"50","bottom":"50","left":"50","isLinked":true},"_margin":{"unit":"px","top":"-70","right":"0","bottom":"0","left":"0","isLinked":false},"_box_shadow_box_shadow":{"horizontal":0,"vertical":10,"blur":50,"spread":0,"color":"rgba(178,142,121,0.2)"},"image_size":"custom","image_custom_dimension":{"width":"600","height":"600"}},"elements":[],"isInner":false,"widgetType":"image","elType":"widget"},{"id":"4dbaf396","settings":{"title":"\"Mauris in ut\"","title_color":"#0c0c0c","typography_typography":"custom","typography_font_family":"Merriweather","typography_font_size":{"unit":"px","size":24},"typography_line_height":{"unit":"px","size":34},"align":"center","_animation":"fadeIn","_margin":{"unit":"px","top":"0","right":"0","bottom":"0","left":"0","isLinked":false}},"elements":[],"isInner":false,"widgetType":"heading","elType":"widget"},{"id":"1dcb21f5","settings":{"editor":"<p>Senectus erat sem tincidunt mi duis vehicula, est diam molestie. Mollis bibendum nulla, amet malesuada.\u00a0\u00a0Est diam molestie.<\/p>","typography_typography":"custom","typography_font_family":"Karla","typography_font_size":{"unit":"px","size":16},"typography_line_height":{"unit":"px","size":27},"_margin":{"unit":"px","top":"10","right":"0","bottom":"30","left":"0","isLinked":false},"align":"center","_animation":"fadeIn"},"elements":[],"isInner":false,"widgetType":"text-editor","elType":"widget"}],"isInner":false,"elType":"column"},{"id":"1538c890","settings":{"_column_size":33,"_inline_size":null,"_inline_size_tablet":100,"background_background":"classic","background_color":"#ffffff","box_shadow_box_shadow_type":"yes","box_shadow_box_shadow":{"horizontal":0,"vertical":10,"blur":50,"spread":0,"color":"rgba(0,0,0,0.05)"},"margin":{"unit":"px","top":"0","right":"15","bottom":"0","left":"15","isLinked":false},"margin_tablet":{"unit":"px","top":"100","right":"0","bottom":"0","left":"0","isLinked":false},"padding":{"unit":"px","top":"0","right":"50","bottom":"20","left":"50","isLinked":false}},"elements":[{"id":"637a27f2","settings":{"image":{"id":"3785","url":"https:\/\/cliente.shazamlnv.com\/setasolar\/wp-content\/uploads\/2022\/04\/pexels-photo-462680.jpeg"},"image_border_radius":{"unit":"%","top":"50","right":"50","bottom":"50","left":"50","isLinked":true},"_margin":{"unit":"px","top":"-70","right":"0","bottom":"0","left":"0","isLinked":false},"_box_shadow_box_shadow":{"horizontal":0,"vertical":10,"blur":50,"spread":0,"color":"rgba(178,142,121,0.2)"},"image_size":"custom","image_custom_dimension":{"width":"600","height":"600"}},"elements":[],"isInner":false,"widgetType":"image","elType":"widget"},{"id":"5f9352dd","settings":{"title":"Quam vestibulum justo velit.","title_color":"#0c0c0c","typography_typography":"custom","typography_font_family":"Merriweather","typography_font_size":{"unit":"px","size":24},"typography_line_height":{"unit":"px","size":34},"align":"center","_animation":"fadeIn","_margin":{"unit":"px","top":"0","right":"0","bottom":"0","left":"0","isLinked":false}},"elements":[],"isInner":false,"widgetType":"heading","elType":"widget"},{"id":"2f68bd36","settings":{"editor":"<p>Senectus erat sem tincidunt mi duis vehicula, est diam molestie. Mget wisi, et mollis bibendum nulla, amet malesuada.<\/p>","typography_typography":"custom","typography_font_family":"Karla","typography_font_size":{"unit":"px","size":16},"typography_line_height":{"unit":"px","size":27},"_margin":{"unit":"px","top":"10","right":"0","bottom":"30","left":"0","isLinked":false},"align":"center","_animation":"fadeIn"},"elements":[],"isInner":false,"widgetType":"text-editor","elType":"widget"}],"isInner":false,"elType":"column"}],"isInner":false,"elType":"section"},{"id":"28a7f80f","settings":{"structure":"20","padding":{"unit":"px","top":"0","right":"0","bottom":"0","left":"0","isLinked":false},"margin_tablet":{"unit":"px","top":"70","right":0,"bottom":"0","left":0,"isLinked":false},"padding_tablet":{"unit":"px","top":"0","right":"0","bottom":"0","left":"0","isLinked":false},"margin":{"unit":"px","top":"100","right":0,"bottom":"0","left":0,"isLinked":false}},"elements":[{"id":"4f3f9ac5","settings":{"_column_size":50,"_inline_size":20,"margin":{"unit":"px","top":"0","right":"0","bottom":"0","left":"0","isLinked":false},"padding":{"unit":"em","top":"","right":"","bottom":"","left":"","isLinked":false},"content_position":"center","_inline_size_tablet":100},"elements":[{"id":"242fe4bc","settings":{"image":{"id":"3788","url":"https:\/\/cliente.shazamlnv.com\/setasolar\/wp-content\/uploads\/2022\/04\/ryan-holloway-351140-unsplash.jpg"},"image_size":"custom","image_custom_dimension":{"width":"200","height":"200"},"align_tablet":"center","align_mobile":"center","image_border_radius":{"unit":"%","top":"50","right":"50","bottom":"50","left":"50","isLinked":true},"image_box_shadow_box_shadow_type":"yes","image_box_shadow_box_shadow":{"horizontal":0,"vertical":10,"blur":50,"spread":0,"color":"rgba(178,142,121,0.2)"},"_animation":"fadeIn"},"elements":[],"isInner":false,"widgetType":"image","elType":"widget"}],"isInner":false,"elType":"column"},{"id":"67e32aec","settings":{"_column_size":50,"_inline_size":80,"margin":{"unit":"px","top":"0","right":"0","bottom":"0","left":"60","isLinked":false},"padding":{"unit":"px","top":"70","right":"15","bottom":"0","left":"15","isLinked":false},"content_position":"center","_inline_size_tablet":100,"background_background":"classic","background_position":"top center","background_repeat":"no-repeat","background_overlay_background":"classic","background_overlay_image":{"id":"3789","url":"https:\/\/cliente.shazamlnv.com\/setasolar\/wp-content\/uploads\/2022\/04\/quotes123.png"},"background_overlay_position":"top left","background_overlay_repeat":"no-repeat","background_overlay_opacity":{"unit":"px","size":0.7600000000000000088817841970012523233890533447265625},"margin_tablet":{"unit":"px","top":"0","right":"0","bottom":"0","left":"0","isLinked":false},"padding_tablet":{"unit":"px","top":"60","right":"20","bottom":"0","left":"20","isLinked":false},"animation":"fadeIn"},"elements":[{"id":"1255bcaf","settings":{"title":"Senectus erat sem tincidunt mi duis vehicula, est diam molestie. Mauris in ut eget wisi, et mollis bibendum nulla, amet malesuada.\u00a0Mauris in ut eget wisi, et mollis bibendum nulla, amet malesuada.","title_color":"#0c0c0c","typography_typography":"custom","typography_font_family":"Merriweather","typography_font_size":{"unit":"px","size":34},"typography_line_height":{"unit":"px","size":44},"align":"left","_animation":"fadeIn","typography_font_size_mobile":{"unit":"rem","size":1.3000000000000000444089209850062616169452667236328125},"typography_line_height_mobile":{"unit":"em","size":1.399999999999999911182158029987476766109466552734375},"_margin":{"unit":"px","top":"10","right":"0","bottom":"0","left":"0","isLinked":false},"align_mobile":"center","align_tablet":"center"},"elements":[],"isInner":false,"widgetType":"heading","elType":"widget"},{"id":"6f7d928","settings":{"editor":"<p>Max Jewell<\/p>","typography_typography":"custom","typography_font_family":"Karla","typography_font_size":{"unit":"px","size":16},"typography_line_height":{"unit":"px","size":27},"_margin":{"unit":"px","top":"-10","right":"0","bottom":"0","left":"0","isLinked":false},"align":"left","text_color":"#0c0c0c","_animation":"fadeIn","typography_font_weight":"600","align_mobile":"center","align_tablet":"center"},"elements":[],"isInner":false,"widgetType":"text-editor","elType":"widget"}],"isInner":false,"elType":"column"}],"isInner":false,"elType":"section"},{"id":"45e5542d","settings":{"stretch_section":"section-stretched","background_background":"classic","background_image":{"id":"3790","url":"https:\/\/cliente.shazamlnv.com\/setasolar\/wp-content\/uploads\/2022\/04\/ben-white-146947-unsplash.jpg"},"background_position":"center center","background_size":"cover","background_overlay_background":"classic","background_overlay_color":"#635442","background_overlay_opacity":{"unit":"px","size":0.7199999999999999733546474089962430298328399658203125},"padding":{"unit":"px","top":"120","right":"0","bottom":"120","left":"0","isLinked":false},"padding_tablet":{"unit":"px","top":"60","right":"20","bottom":"60","left":"20","isLinked":false},"padding_mobile":{"unit":"px","top":"50","right":"0","bottom":"50","left":"0","isLinked":false},"background_attachment":"fixed","margin":{"unit":"px","top":"80","right":0,"bottom":"0","left":0,"isLinked":false}},"elements":[{"id":"5debc99e","settings":{"_column_size":100,"_inline_size":null,"_inline_size_tablet":100},"elements":[{"id":"761185f8","settings":{"title":"Et ligula sit quam, sapien lorem. Nec risus lorem vestibulum mi facilisis. Tincidunt urna accumsan nec, risus fermentum.","title_color":"#ffffff","typography_typography":"custom","typography_font_family":"Merriweather","typography_font_size":{"unit":"px","size":50},"typography_line_height":{"unit":"px","size":60},"header_size":"h1","align":"left","_animation":"fadeIn","typography_font_weight":"700","align_tablet":"center","typography_font_size_tablet":{"unit":"px","size":40},"typography_line_height_tablet":{"unit":"px","size":50},"typography_font_size_mobile":{"unit":"rem","size":1.3000000000000000444089209850062616169452667236328125},"typography_line_height_mobile":{"unit":"em","size":1.399999999999999911182158029987476766109466552734375}},"elements":[],"isInner":false,"widgetType":"heading","elType":"widget"},{"id":"21a9745a","settings":{"editor":"Senectus erat sem tincidunt mi duis vehicula, est diam molestie. <br>Mauris in ut eget wisi, et mollis bibendum nulla, amet malesuada.","typography_typography":"custom","typography_font_family":"Karla","typography_font_size":{"unit":"px","size":16},"typography_line_height":{"unit":"px","size":27},"_margin":{"unit":"px","top":"20","right":"0","bottom":"0","left":"0","isLinked":false},"align":"left","text_color":"#ffffff","_animation":"fadeIn","align_tablet":"center"},"elements":[],"isInner":false,"widgetType":"text-editor","elType":"widget"},{"id":"208ee6ee","settings":{"text":"Read More","typography_typography":"custom","typography_font_family":"Merriweather","typography_font_size":{"unit":"px","size":14},"typography_font_weight":"600","typography_text_transform":"uppercase","typography_letter_spacing":{"unit":"px","size":0.5},"background_color":"#c3ab97","button_background_hover_color":"#b59982","border_radius":{"unit":"px","top":"0","right":"0","bottom":"0","left":"0","isLinked":false},"button_box_shadow_box_shadow_type":"yes","button_box_shadow_box_shadow":{"horizontal":0,"vertical":10,"blur":50,"spread":0,"color":"rgba(178,142,121,0.2)"},"text_padding":{"unit":"px","top":"20","right":"45","bottom":"20","left":"45","isLinked":false},"_margin":{"unit":"px","top":"40","right":"0","bottom":"0","left":"0","isLinked":false},"align":"left","_animation":"fadeIn","align_tablet":"center"},"elements":[],"isInner":false,"widgetType":"button","elType":"widget"}],"isInner":false,"elType":"column"}],"isInner":false,"elType":"section"},{"id":"2464e81a","settings":{"stretch_section":"section-stretched","structure":"20","background_background":"classic","background_color":"rgba(195,171,151,0.1)","padding":{"unit":"px","top":"30","right":"0","bottom":"30","left":"0","isLinked":false},"margin_tablet":{"unit":"px","top":"0","right":0,"bottom":"0","left":0,"isLinked":false},"padding_tablet":{"unit":"px","top":"60","right":"20","bottom":"60","left":"20","isLinked":false},"animation":"fadeIn","margin":{"unit":"px","top":"0","right":0,"bottom":"0","left":0,"isLinked":false}},"elements":[{"id":"4df01614","settings":{"_column_size":50,"_inline_size":null,"content_position":"center"},"elements":[{"id":"3e713413","settings":{"title":"small efforts make big change","title_color":"#0c0c0c","typography_typography":"custom","typography_font_family":"Merriweather","typography_font_size":{"unit":"px","size":26},"typography_line_height":{"unit":"px","size":34},"header_size":"h3","typography_text_transform":"capitalize","align_mobile":"center","typography_font_size_tablet":{"unit":"rem","size":2.399999999999999911182158029987476766109466552734375}},"elements":[],"isInner":false,"widgetType":"heading","elType":"widget"}],"isInner":false,"elType":"column"},{"id":"4ec2ad54","settings":{"_column_size":50,"_inline_size":null},"elements":[{"id":"1f8136f5","settings":{"text":"Donate Now","typography_typography":"custom","typography_font_family":"Merriweather","typography_font_size":{"unit":"px","size":14},"typography_font_weight":"600","typography_text_transform":"uppercase","typography_letter_spacing":{"unit":"px","size":0.5},"button_text_color":"#c3ab97","background_color":"rgba(239,131,84,0)","hover_color":"#ffffff","button_background_hover_color":"#c3ab97","border_border":"solid","border_width":{"unit":"px","top":"3","right":"3","bottom":"3","left":"3","isLinked":true},"border_color":"#c3ab97","border_radius":{"unit":"px","top":"0","right":"0","bottom":"0","left":"0","isLinked":true},"button_box_shadow_box_shadow_type":"yes","button_box_shadow_box_shadow":{"horizontal":0,"vertical":10,"blur":50,"spread":0,"color":"rgba(178,142,121,0.2)"},"text_padding":{"unit":"px","top":"17","right":"42","bottom":"17","left":"42","isLinked":false},"align":"right","align_mobile":"center"},"elements":[],"isInner":false,"widgetType":"button","elType":"widget"}],"isInner":false,"elType":"column"}],"isInner":false,"elType":"section"}],"page_settings":[],"version":"0.4","title":"IGREJA","type":"section"}