{
    "version": "0.4",
    "title": "404 Page",
    "type": "single",
    "metadata": {
        "template_type": "single-404",
        "include_in_zip": "1",
        "elementor_pro_required": "1",
        "elementor_library_type": "single",
        "elementor_pro_conditions": [
            "include\/singular\/not_found404"
        ],
        "additional_template_information": [
            "This is a \"Single\" template for Elementor Pro.",
            "This template will display on: 404 Page."
        ],
        "wp_page_template": "default"
    },
    "content": [
        {
            "id": "216f76b3",
            "settings": {
                "layout": "full_width",
                "gap": "no",
                "structure": "20",
                "margin": {
                    "unit": "px",
                    "top": "0",
                    "right": 0,
                    "bottom": "0",
                    "left": 0,
                    "isLinked": true
                },
                "padding": {
                    "unit": "px",
                    "top": "0",
                    "right": "0",
                    "bottom": "0",
                    "left": "0",
                    "isLinked": true
                },
                "_title": "Page",
                "height": "full",
                "overflow": "hidden",
                "margin_mobile": {
                    "unit": "px",
                    "top": "0",
                    "right": 0,
                    "bottom": "0",
                    "left": 0,
                    "isLinked": false
                },
                "padding_mobile": {
                    "unit": "px",
                    "top": "0",
                    "right": "0",
                    "bottom": "0",
                    "left": "0",
                    "isLinked": true
                }
            },
            "elements": [
                {
                    "id": "418c3a93",
                    "settings": {
                        "_column_size": 50,
                        "_inline_size": 55,
                        "space_between_widgets": 0,
                        "background_background": "classic",
                        "background_image": {
                            "url": "https:\/\/bubup.elementor.42theme.com\/wp-content\/uploads\/2020\/08\/sad-little-schoolgirl-8XB95G7-scaled.jpg",
                            "id": 2521
                        },
                        "background_position": "center right",
                        "background_repeat": "no-repeat",
                        "background_size": "cover",
                        "margin": {
                            "unit": "px",
                            "top": "0",
                            "right": "0",
                            "bottom": "0",
                            "left": "0",
                            "isLinked": true
                        },
                        "padding": {
                            "unit": "px",
                            "top": "0",
                            "right": "0",
                            "bottom": "0",
                            "left": "0",
                            "isLinked": true
                        },
                        "hide_mobile": "hidden-phone"
                    },
                    "elements": [
                        {
                            "id": "157f843e",
                            "settings": {
                                "space": {
                                    "unit": "px",
                                    "size": 1050,
                                    "sizes": []
                                }
                            },
                            "elements": [],
                            "isInner": false,
                            "widgetType": "spacer",
                            "elType": "widget"
                        }
                    ],
                    "isInner": false,
                    "elType": "column"
                },
                {
                    "id": "417dcd6",
                    "settings": {
                        "_column_size": 50,
                        "_inline_size": 45,
                        "content_position": "center",
                        "space_between_widgets": 0,
                        "margin": {
                            "unit": "px",
                            "top": "0",
                            "right": "0",
                            "bottom": "0",
                            "left": "0",
                            "isLinked": false
                        },
                        "padding": {
                            "unit": "px",
                            "top": "0",
                            "right": "0",
                            "bottom": "0",
                            "left": "0",
                            "isLinked": true
                        },
                        "space_between_widgets_tablet": 0,
                        "margin_tablet": {
                            "unit": "px",
                            "top": "0",
                            "right": "0",
                            "bottom": "0",
                            "left": "0",
                            "isLinked": false
                        },
                        "margin_mobile": {
                            "unit": "px",
                            "top": "0",
                            "right": "0",
                            "bottom": "0",
                            "left": "0",
                            "isLinked": false
                        },
                        "padding_tablet": {
                            "unit": "px",
                            "top": "0",
                            "right": "30",
                            "bottom": "0",
                            "left": "30",
                            "isLinked": false
                        },
                        "padding_mobile": {
                            "unit": "px",
                            "top": "130",
                            "right": "15",
                            "bottom": "0",
                            "left": "15",
                            "isLinked": false
                        }
                    },
                    "elements": [
                        {
                            "id": "176c4657",
                            "settings": {
                                "title": "404",
                                "header_size": "div",
                                "align": "center",
                                "title_color": "#AA8163",
                                "typography_typography": "custom",
                                "typography_font_family": "Montserrat",
                                "typography_font_size": {
                                    "unit": "px",
                                    "size": 200,
                                    "sizes": []
                                },
                                "typography_font_weight": "800",
                                "align_tablet": "center",
                                "typography_font_size_tablet": {
                                    "unit": "px",
                                    "size": 130,
                                    "sizes": []
                                },
                                "_margin": {
                                    "unit": "px",
                                    "top": "0",
                                    "right": "0",
                                    "bottom": "0",
                                    "left": "0",
                                    "isLinked": true
                                },
                                "_padding": {
                                    "unit": "px",
                                    "top": "0",
                                    "right": "0",
                                    "bottom": "0",
                                    "left": "0",
                                    "isLinked": true
                                },
                                "_background_image_mobile": {
                                    "url": "https:\/\/bubup.elementor.42theme.com\/wp-content\/uploads\/2020\/08\/sad-little-schoolgirl-8XB95G7-scaled.jpg",
                                    "id": 2521
                                },
                                "_offset_x": {
                                    "size": -159,
                                    "unit": "px"
                                },
                                "_offset_y": {
                                    "size": 189,
                                    "unit": "px"
                                }
                            },
                            "elements": [],
                            "isInner": false,
                            "widgetType": "heading",
                            "elType": "widget"
                        },
                        {
                            "id": "3551625f",
                            "settings": {
                                "title": "We can\u2019t found the page\nthat you\u2019re looking for.",
                                "header_size": "h6",
                                "align": "center",
                                "align_tablet": "center",
                                "_margin": {
                                    "unit": "px",
                                    "top": "30",
                                    "right": "0",
                                    "bottom": "50",
                                    "left": "0",
                                    "isLinked": false
                                }
                            },
                            "elements": [],
                            "isInner": false,
                            "widgetType": "heading",
                            "elType": "widget"
                        },
                        {
                            "id": "702cbcbc",
                            "settings": {
                                "text": "Back to Home",
                                "button_text_color": "#1A1A1A",
                                "background_color": "#FFFFFF",
                                "button_hover_border_color": "#A3A3A3",
                                "border_border": "solid",
                                "border_width": {
                                    "unit": "px",
                                    "top": "1",
                                    "right": "1",
                                    "bottom": "1",
                                    "left": "1",
                                    "isLinked": true
                                },
                                "border_color": "rgba(163, 163, 163, 0.5)",
                                "border_radius": {
                                    "unit": "px",
                                    "top": "4",
                                    "right": "4",
                                    "bottom": "4",
                                    "left": "4",
                                    "isLinked": true
                                },
                                "align_mobile": "justify",
                                "link": {
                                    "url": "\/",
                                    "is_external": "",
                                    "nofollow": "",
                                    "custom_attributes": ""
                                },
                                "align": "center",
                                "_margin": {
                                    "unit": "px",
                                    "top": "0",
                                    "right": "0",
                                    "bottom": "0",
                                    "left": "0",
                                    "isLinked": false
                                }
                            },
                            "elements": [],
                            "isInner": false,
                            "widgetType": "button",
                            "elType": "widget"
                        },
                        {
                            "id": "cffb31f",
                            "settings": {
                                "image": {
                                    "url": "https:\/\/bubup.elementor.42theme.com\/wp-content\/uploads\/2020\/08\/balloon2.png",
                                    "id": 525
                                },
                                "motion_fx_motion_fx_mouse": "yes",
                                "motion_fx_mouseTrack_effect": "yes",
                                "motion_fx_mouseTrack_speed": {
                                    "unit": "px",
                                    "size": 0.200000000000000011102230246251565404236316680908203125,
                                    "sizes": []
                                },
                                "_animation": "fadeInUp",
                                "_animation_tablet": "none",
                                "_animation_mobile": "none",
                                "animation_duration": "slow",
                                "_element_width": "initial",
                                "_element_custom_width": {
                                    "unit": "%",
                                    "size": 16,
                                    "sizes": []
                                },
                                "_position": "absolute",
                                "_offset_orientation_h": "end",
                                "_offset_x_end": {
                                    "size": 18.21900000000000119371179607696831226348876953125,
                                    "unit": "px"
                                },
                                "_offset_y": {
                                    "size": 91.59399999999999408828443847596645355224609375,
                                    "unit": "px"
                                },
                                "_offset_x_end_tablet": {
                                    "size": 25.952999999999999403144101961515843868255615234375,
                                    "unit": "px"
                                },
                                "_offset_y_tablet": {
                                    "size": -105.3910000000000053432813729159533977508544921875,
                                    "unit": "px"
                                },
                                "hide_tablet": "hidden-tablet",
                                "hide_mobile": "hidden-phone",
                                "_element_width_mobile": "initial",
                                "_element_custom_width_mobile": {
                                    "unit": "px",
                                    "size": 47
                                },
                                "_offset_x_end_mobile": {
                                    "size": -0.2660000000000000142108547152020037174224853515625,
                                    "unit": "px"
                                },
                                "_offset_y_mobile": {
                                    "size": -58.39099999999999823785401531495153903961181640625,
                                    "unit": "px"
                                },
                                "_animation_delay": 100
                            },
                            "elements": [],
                            "isInner": false,
                            "widgetType": "image",
                            "elType": "widget"
                        }
                    ],
                    "isInner": false,
                    "elType": "column"
                }
            ],
            "isInner": false,
            "elType": "section"
        }
    ],
    "page_settings": {
        "page_template": "elementor_canvas"
    }
}