{
    "version": "0.4",
    "title": "Block: Visit",
    "type": "section",
    "metadata": {
        "template_type": "section-other",
        "include_in_zip": "1",
        "elementor_pro_required": "1",
        "wp_page_template": "elementor_header_footer"
    },
    "content": [
        {
            "id": "4c8647ea",
            "settings": {
                "gap": "no",
                "margin": {
                    "unit": "px",
                    "top": "0",
                    "right": 0,
                    "bottom": "180",
                    "left": 0,
                    "isLinked": false
                },
                "_title": "Visit",
                "margin_tablet": {
                    "unit": "px",
                    "top": "0",
                    "right": 0,
                    "bottom": "90",
                    "left": 0,
                    "isLinked": false
                },
                "padding_tablet": {
                    "unit": "px",
                    "top": "0",
                    "right": "30",
                    "bottom": "0",
                    "left": "30",
                    "isLinked": false
                },
                "margin_mobile": {
                    "unit": "px",
                    "top": "0",
                    "right": 0,
                    "bottom": "60",
                    "left": 0,
                    "isLinked": false
                },
                "padding_mobile": {
                    "unit": "px",
                    "top": "0",
                    "right": "15",
                    "bottom": "0",
                    "left": "15",
                    "isLinked": false
                }
            },
            "elements": [
                {
                    "id": "836705",
                    "settings": {
                        "_column_size": 100,
                        "_inline_size": null,
                        "content_position": "center",
                        "space_between_widgets": 0,
                        "margin": {
                            "unit": "px",
                            "top": "0",
                            "right": "0",
                            "bottom": "0",
                            "left": "0",
                            "isLinked": false
                        },
                        "padding": {
                            "unit": "px",
                            "top": "0",
                            "right": "0",
                            "bottom": "0",
                            "left": "0",
                            "isLinked": true
                        }
                    },
                    "elements": [
                        {
                            "id": "411235e3",
                            "settings": {
                                "gap": "no",
                                "structure": "20",
                                "margin": {
                                    "unit": "px",
                                    "top": "0",
                                    "right": 0,
                                    "bottom": "0",
                                    "left": 0,
                                    "isLinked": true
                                },
                                "padding": {
                                    "unit": "px",
                                    "top": "0",
                                    "right": "0",
                                    "bottom": "0",
                                    "left": "0",
                                    "isLinked": true
                                },
                                "margin_mobile": {
                                    "unit": "px",
                                    "top": "0",
                                    "right": 0,
                                    "bottom": "0",
                                    "left": 0,
                                    "isLinked": true
                                }
                            },
                            "elements": [
                                {
                                    "id": "3e90c2b4",
                                    "settings": {
                                        "_column_size": 50,
                                        "_inline_size": 50,
                                        "content_position": "center",
                                        "space_between_widgets": 0,
                                        "margin": {
                                            "unit": "px",
                                            "top": "0",
                                            "right": "60",
                                            "bottom": "0",
                                            "left": "0",
                                            "isLinked": false
                                        },
                                        "padding": {
                                            "unit": "px",
                                            "top": "0",
                                            "right": "0",
                                            "bottom": "0",
                                            "left": "0",
                                            "isLinked": true
                                        },
                                        "animation_tablet": "none",
                                        "animation_mobile": "none",
                                        "margin_tablet": {
                                            "unit": "px",
                                            "top": "0",
                                            "right": "30",
                                            "bottom": "0",
                                            "left": "0",
                                            "isLinked": false
                                        },
                                        "_inline_size_tablet": 40,
                                        "_inline_size_mobile": 100,
                                        "space_between_widgets_tablet": 0,
                                        "space_between_widgets_mobile": 0,
                                        "margin_mobile": {
                                            "unit": "px",
                                            "top": "0",
                                            "right": "0",
                                            "bottom": "0",
                                            "left": "0",
                                            "isLinked": true
                                        },
                                        "padding_mobile": {
                                            "unit": "px",
                                            "top": "0",
                                            "right": "0",
                                            "bottom": "0",
                                            "left": "0",
                                            "isLinked": true
                                        }
                                    },
                                    "elements": [
                                        {
                                            "id": "35f9d2b3",
                                            "settings": {
                                                "title": "Come Around for a Visit ",
                                                "align": "left",
                                                "align_mobile": "center",
                                                "header_size": "h3",
                                                "typography_typography": "custom",
                                                "typography_font_size_tablet": {
                                                    "unit": "px",
                                                    "size": 22,
                                                    "sizes": []
                                                },
                                                "typography_font_size_mobile": {
                                                    "unit": "px",
                                                    "size": 20,
                                                    "sizes": []
                                                },
                                                "_margin_mobile": {
                                                    "unit": "px",
                                                    "top": "0",
                                                    "right": "0",
                                                    "bottom": "0",
                                                    "left": "0",
                                                    "isLinked": true
                                                },
                                                "_padding_mobile": {
                                                    "unit": "px",
                                                    "top": "0",
                                                    "right": "0",
                                                    "bottom": "0",
                                                    "left": "0",
                                                    "isLinked": true
                                                }
                                            },
                                            "elements": [],
                                            "isInner": false,
                                            "widgetType": "heading",
                                            "elType": "widget"
                                        },
                                        {
                                            "id": "77382d53",
                                            "settings": {
                                                "editor": "Eget velit aliquet sagittis id consectetur purus ut. Condimentum id venenatis a condimentum vitae. Odio ut enim blandit volutpat maecenas volutpat. Curabitur gravida arcu ac tortor dignissim. Felis imperdiet proin fermentum leo vel orci porta non.",
                                                "_margin": {
                                                    "unit": "px",
                                                    "top": "30",
                                                    "right": "0",
                                                    "bottom": "50",
                                                    "left": "0",
                                                    "isLinked": false
                                                },
                                                "_padding": {
                                                    "unit": "px",
                                                    "top": "0",
                                                    "right": "0",
                                                    "bottom": "0",
                                                    "left": "0",
                                                    "isLinked": true
                                                },
                                                "align": "left",
                                                "align_mobile": "left",
                                                "text_columns": "1",
                                                "text_columns_tablet": "1",
                                                "column_gap": {
                                                    "unit": "px",
                                                    "size": 60,
                                                    "sizes": []
                                                },
                                                "column_gap_tablet": {
                                                    "unit": "px",
                                                    "size": 30,
                                                    "sizes": []
                                                },
                                                "_margin_mobile": {
                                                    "unit": "px",
                                                    "top": "16",
                                                    "right": "0",
                                                    "bottom": "30",
                                                    "left": "0",
                                                    "isLinked": false
                                                },
                                                "_padding_mobile": {
                                                    "unit": "px",
                                                    "top": "0",
                                                    "right": "0",
                                                    "bottom": "0",
                                                    "left": "0",
                                                    "isLinked": true
                                                },
                                                "hide_tablet": "hidden-tablet"
                                            },
                                            "elements": [],
                                            "isInner": false,
                                            "widgetType": "text-editor",
                                            "elType": "widget"
                                        },
                                        {
                                            "id": "3aed8e0b",
                                            "settings": {
                                                "text": "Get in Touch",
                                                "align_mobile": "justify",
                                                "align": "left",
                                                "_margin": {
                                                    "unit": "px",
                                                    "top": "0",
                                                    "right": "0",
                                                    "bottom": "0",
                                                    "left": "0",
                                                    "isLinked": true
                                                },
                                                "_padding": {
                                                    "unit": "px",
                                                    "top": "0",
                                                    "right": "0",
                                                    "bottom": "0",
                                                    "left": "0",
                                                    "isLinked": true
                                                },
                                                "_margin_tablet": {
                                                    "unit": "px",
                                                    "top": "30",
                                                    "right": "0",
                                                    "bottom": "0",
                                                    "left": "0",
                                                    "isLinked": false
                                                },
                                                "_margin_mobile": {
                                                    "unit": "px",
                                                    "top": "0",
                                                    "right": "0",
                                                    "bottom": "0",
                                                    "left": "0",
                                                    "isLinked": true
                                                }
                                            },
                                            "elements": [],
                                            "isInner": false,
                                            "widgetType": "button",
                                            "elType": "widget"
                                        },
                                        {
                                            "id": "40d6eaac",
                                            "settings": {
                                                "image": {
                                                    "url": "https:\/\/bubup.elementor.42theme.com\/wp-content\/uploads\/2020\/08\/stars2.png",
                                                    "id": 555
                                                },
                                                "_animation_tablet": "none",
                                                "_animation_mobile": "none",
                                                "animation_duration": "slow",
                                                "_element_width": "initial",
                                                "_element_custom_width": {
                                                    "unit": "%",
                                                    "size": 60,
                                                    "sizes": []
                                                },
                                                "_position": "absolute",
                                                "_offset_x": {
                                                    "size": -252.09399999999999408828443847596645355224609375,
                                                    "unit": "px"
                                                },
                                                "_offset_y": {
                                                    "size": -44.34400000000000119371179607696831226348876953125,
                                                    "unit": "px"
                                                },
                                                "_element_width_tablet": "initial",
                                                "_element_custom_width_tablet": {
                                                    "unit": "%",
                                                    "size": 60,
                                                    "sizes": []
                                                },
                                                "_offset_x_tablet": {
                                                    "size": 18,
                                                    "unit": "px"
                                                },
                                                "_offset_y_tablet": {
                                                    "size": 13.6410000000000000142108547152020037174224853515625,
                                                    "unit": "px"
                                                },
                                                "hide_mobile": "hidden-phone"
                                            },
                                            "elements": [],
                                            "isInner": false,
                                            "widgetType": "image",
                                            "elType": "widget"
                                        },
                                        {
                                            "id": "26ffca90",
                                            "settings": {
                                                "image": {
                                                    "url": "https:\/\/bubup.elementor.42theme.com\/wp-content\/uploads\/2020\/08\/star4.png",
                                                    "id": 951
                                                },
                                                "motion_fx_motion_fx_mouse": "yes",
                                                "motion_fx_mouseTrack_effect": "yes",
                                                "motion_fx_mouseTrack_direction": "negative",
                                                "motion_fx_mouseTrack_speed": {
                                                    "unit": "px",
                                                    "size": 0.200000000000000011102230246251565404236316680908203125,
                                                    "sizes": []
                                                },
                                                "_animation": "fadeIn",
                                                "_animation_tablet": "none",
                                                "_animation_mobile": "none",
                                                "animation_duration": "slow",
                                                "_animation_delay": 400,
                                                "_element_width": "initial",
                                                "_element_custom_width": {
                                                    "unit": "%",
                                                    "size": 6,
                                                    "sizes": []
                                                },
                                                "_position": "absolute",
                                                "_offset_x": {
                                                    "size": 108.8910000000000053432813729159533977508544921875,
                                                    "unit": "px"
                                                },
                                                "_offset_y": {
                                                    "size": 39.65599999999999880628820392303168773651123046875,
                                                    "unit": "px"
                                                },
                                                "_element_width_tablet": "initial",
                                                "_element_custom_width_tablet": {
                                                    "unit": "%",
                                                    "size": 10,
                                                    "sizes": []
                                                },
                                                "_offset_x_tablet": {
                                                    "size": 187.890999999999991132426657713949680328369140625,
                                                    "unit": "px"
                                                },
                                                "_offset_y_tablet": {
                                                    "size": -46.34400000000000119371179607696831226348876953125,
                                                    "unit": "px"
                                                },
                                                "hide_mobile": "hidden-phone"
                                            },
                                            "elements": [],
                                            "isInner": false,
                                            "widgetType": "image",
                                            "elType": "widget"
                                        },
                                        {
                                            "id": "12c87508",
                                            "settings": {
                                                "image": {
                                                    "url": "https:\/\/bubup.elementor.42theme.com\/wp-content\/uploads\/2020\/08\/star4.png",
                                                    "id": 951
                                                },
                                                "motion_fx_motion_fx_mouse": "yes",
                                                "motion_fx_mouseTrack_effect": "yes",
                                                "motion_fx_mouseTrack_direction": "negative",
                                                "motion_fx_mouseTrack_speed": {
                                                    "unit": "px",
                                                    "size": 0.200000000000000011102230246251565404236316680908203125,
                                                    "sizes": []
                                                },
                                                "_animation": "flash",
                                                "_animation_tablet": "none",
                                                "_animation_mobile": "none",
                                                "_animation_delay": 900,
                                                "_element_width": "initial",
                                                "_element_custom_width": {
                                                    "unit": "%",
                                                    "size": 3,
                                                    "sizes": []
                                                },
                                                "_position": "absolute",
                                                "_offset_x": {
                                                    "size": 228.890999999999991132426657713949680328369140625,
                                                    "unit": "px"
                                                },
                                                "_offset_y": {
                                                    "size": -3.343999999999999861444166526780463755130767822265625,
                                                    "unit": "px"
                                                },
                                                "_element_width_tablet": "initial",
                                                "_element_custom_width_tablet": {
                                                    "unit": "%",
                                                    "size": 7,
                                                    "sizes": []
                                                },
                                                "_offset_x_tablet": {
                                                    "size": 235.890999999999991132426657713949680328369140625,
                                                    "unit": "px"
                                                },
                                                "_offset_y_tablet": {
                                                    "size": 53.64099999999999823785401531495153903961181640625,
                                                    "unit": "px"
                                                },
                                                "hide_mobile": "hidden-phone"
                                            },
                                            "elements": [],
                                            "isInner": false,
                                            "widgetType": "image",
                                            "elType": "widget"
                                        },
                                        {
                                            "id": "6d63c4a6",
                                            "settings": {
                                                "image": {
                                                    "url": "https:\/\/bubup.elementor.42theme.com\/wp-content\/uploads\/2020\/08\/star3.png",
                                                    "id": 950
                                                },
                                                "motion_fx_motion_fx_mouse": "yes",
                                                "motion_fx_mouseTrack_effect": "yes",
                                                "motion_fx_mouseTrack_speed": {
                                                    "unit": "px",
                                                    "size": 0.59999999999999997779553950749686919152736663818359375,
                                                    "sizes": []
                                                },
                                                "_animation": "fadeIn",
                                                "_animation_tablet": "none",
                                                "_animation_mobile": "none",
                                                "animation_duration": "slow",
                                                "_animation_delay": 200,
                                                "_element_width": "initial",
                                                "_element_custom_width": {
                                                    "unit": "%",
                                                    "size": 7,
                                                    "sizes": []
                                                },
                                                "_position": "absolute",
                                                "_offset_x": {
                                                    "size": 121.8910000000000053432813729159533977508544921875,
                                                    "unit": "px"
                                                },
                                                "_offset_y": {
                                                    "size": -53.34400000000000119371179607696831226348876953125,
                                                    "unit": "px"
                                                },
                                                "_element_width_tablet": "initial",
                                                "_element_custom_width_tablet": {
                                                    "unit": "%",
                                                    "size": 15,
                                                    "sizes": []
                                                },
                                                "_offset_x_tablet": {
                                                    "size": 344.89100000000001955413608811795711517333984375,
                                                    "unit": "px"
                                                },
                                                "_offset_y_tablet": {
                                                    "size": -58.34400000000000119371179607696831226348876953125,
                                                    "unit": "px"
                                                },
                                                "hide_mobile": "hidden-phone"
                                            },
                                            "elements": [],
                                            "isInner": false,
                                            "widgetType": "image",
                                            "elType": "widget"
                                        },
                                        {
                                            "id": "54cfc701",
                                            "settings": {
                                                "image": {
                                                    "url": "https:\/\/bubup.elementor.42theme.com\/wp-content\/uploads\/2020\/08\/horse.png",
                                                    "id": 890
                                                },
                                                "_animation": "tada",
                                                "_animation_tablet": "none",
                                                "_animation_mobile": "none",
                                                "animation_duration": "slow",
                                                "_animation_delay": 100,
                                                "_element_width": "initial",
                                                "_element_custom_width": {
                                                    "unit": "%",
                                                    "size": 55,
                                                    "sizes": []
                                                },
                                                "_position": "absolute",
                                                "_offset_x": {
                                                    "size": -242.390999999999991132426657713949680328369140625,
                                                    "unit": "px"
                                                },
                                                "_offset_y": {
                                                    "size": -146.34399999999999408828443847596645355224609375,
                                                    "unit": "px"
                                                },
                                                "_element_width_tablet": "initial",
                                                "_element_custom_width_tablet": {
                                                    "unit": "%",
                                                    "size": 65,
                                                    "sizes": []
                                                },
                                                "_offset_x_tablet": {
                                                    "size": 16,
                                                    "unit": "px"
                                                },
                                                "_offset_y_tablet": {
                                                    "size": -58.34400000000000119371179607696831226348876953125,
                                                    "unit": "px"
                                                },
                                                "hide_mobile": "hidden-phone"
                                            },
                                            "elements": [],
                                            "isInner": false,
                                            "widgetType": "image",
                                            "elType": "widget"
                                        }
                                    ],
                                    "isInner": true,
                                    "elType": "column"
                                },
                                {
                                    "id": "5113ffb9",
                                    "settings": {
                                        "_column_size": 50,
                                        "_inline_size": 50,
                                        "space_between_widgets": 0,
                                        "margin": {
                                            "unit": "px",
                                            "top": "0",
                                            "right": "0",
                                            "bottom": "0",
                                            "left": "0",
                                            "isLinked": true
                                        },
                                        "padding": {
                                            "unit": "px",
                                            "top": "0",
                                            "right": "0",
                                            "bottom": "0",
                                            "left": "0",
                                            "isLinked": true
                                        },
                                        "animation_tablet": "none",
                                        "animation_mobile": "none",
                                        "animation_delay": 0,
                                        "_inline_size_tablet": 60,
                                        "space_between_widgets_tablet": 0
                                    },
                                    "elements": [
                                        {
                                            "id": "6076a671",
                                            "settings": {
                                                "image": {
                                                    "url": "https:\/\/bubup.elementor.42theme.com\/wp-content\/uploads\/2020\/08\/little-boy-trying-on-shoes-in-kids-store-UTVBDY5-scaled.jpg",
                                                    "id": 1783
                                                },
                                                "_margin_mobile": {
                                                    "unit": "px",
                                                    "top": "40",
                                                    "right": "0",
                                                    "bottom": "0",
                                                    "left": "0",
                                                    "isLinked": false
                                                }
                                            },
                                            "elements": [],
                                            "isInner": false,
                                            "widgetType": "image",
                                            "elType": "widget"
                                        },
                                        {
                                            "id": "3a3e65ec",
                                            "settings": {
                                                "image": {
                                                    "url": "https:\/\/bubup.elementor.42theme.com\/wp-content\/uploads\/2020\/08\/ball.png",
                                                    "id": 944
                                                },
                                                "motion_fx_motion_fx_mouse": "yes",
                                                "motion_fx_mouseTrack_effect": "yes",
                                                "motion_fx_mouseTrack_speed": {
                                                    "unit": "px",
                                                    "size": 0.299999999999999988897769753748434595763683319091796875,
                                                    "sizes": []
                                                },
                                                "_animation": "rotateIn",
                                                "_animation_tablet": "none",
                                                "_animation_mobile": "none",
                                                "animation_duration": "slow",
                                                "_animation_delay": 300,
                                                "_element_width": "initial",
                                                "_element_custom_width": {
                                                    "unit": "%",
                                                    "size": 20,
                                                    "sizes": []
                                                },
                                                "_position": "absolute",
                                                "_offset_x": {
                                                    "size": -62.34400000000000119371179607696831226348876953125,
                                                    "unit": "px"
                                                },
                                                "_offset_y": {
                                                    "size": 360.9379999999999881765688769519329071044921875,
                                                    "unit": "px"
                                                },
                                                "_offset_x_tablet": {
                                                    "size": -42.34400000000000119371179607696831226348876953125,
                                                    "unit": "px"
                                                },
                                                "_offset_y_tablet": {
                                                    "size": 302.9379999999999881765688769519329071044921875,
                                                    "unit": "px"
                                                },
                                                "_element_width_tablet": "initial",
                                                "_element_custom_width_tablet": {
                                                    "unit": "%",
                                                    "size": 15,
                                                    "sizes": []
                                                },
                                                "hide_mobile": "hidden-phone"
                                            },
                                            "elements": [],
                                            "isInner": false,
                                            "widgetType": "image",
                                            "elType": "widget"
                                        }
                                    ],
                                    "isInner": true,
                                    "elType": "column"
                                }
                            ],
                            "isInner": true,
                            "elType": "section"
                        }
                    ],
                    "isInner": false,
                    "elType": "column"
                }
            ],
            "isInner": false,
            "elType": "section"
        }
    ]
}