{
    "version": "0.4",
    "title": "Block: Sale",
    "type": "section",
    "metadata": {
        "template_type": "section-other",
        "include_in_zip": "1",
        "elementor_pro_required": "1",
        "wp_page_template": "elementor_header_footer"
    },
    "content": [
        {
            "id": "556c2b2d",
            "settings": {
                "gap": "no",
                "custom_height": {
                    "unit": "px",
                    "size": 240,
                    "sizes": []
                },
                "column_position": "stretch",
                "content_position": "middle",
                "structure": "20",
                "background_background": "classic",
                "background_color": "#F7F7F7",
                "margin": {
                    "unit": "px",
                    "top": "0",
                    "right": 0,
                    "bottom": "180",
                    "left": 0,
                    "isLinked": false
                },
                "_title": "Sale",
                "margin_tablet": {
                    "unit": "px",
                    "top": "0",
                    "right": 0,
                    "bottom": "90",
                    "left": 0,
                    "isLinked": false
                },
                "padding_tablet": {
                    "unit": "px",
                    "top": "0",
                    "right": "30",
                    "bottom": "0",
                    "left": "30",
                    "isLinked": false
                },
                "margin_mobile": {
                    "unit": "px",
                    "top": "0",
                    "right": 0,
                    "bottom": "60",
                    "left": 0,
                    "isLinked": false
                },
                "padding_mobile": {
                    "unit": "px",
                    "top": "0",
                    "right": "15",
                    "bottom": "0",
                    "left": "15",
                    "isLinked": false
                },
                "height": "min-height",
                "custom_height_tablet": {
                    "unit": "px",
                    "size": 150,
                    "sizes": []
                },
                "custom_height_mobile": {
                    "unit": "px",
                    "size": 250,
                    "sizes": []
                }
            },
            "elements": [
                {
                    "id": "39b7fdb2",
                    "settings": {
                        "_column_size": 50,
                        "_inline_size": 16,
                        "space_between_widgets": 0,
                        "padding": {
                            "unit": "px",
                            "top": "0",
                            "right": "0",
                            "bottom": "0",
                            "left": "0",
                            "isLinked": false
                        },
                        "_inline_size_tablet": 24,
                        "space_between_widgets_tablet": 0,
                        "margin_tablet": {
                            "unit": "px",
                            "top": "0",
                            "right": "0",
                            "bottom": "0",
                            "left": "0",
                            "isLinked": false
                        },
                        "padding_tablet": {
                            "unit": "px",
                            "top": "0",
                            "right": "0",
                            "bottom": "0",
                            "left": "0",
                            "isLinked": true
                        },
                        "_inline_size_mobile": 100,
                        "space_between_widgets_mobile": 0,
                        "margin_mobile": {
                            "unit": "px",
                            "top": "0",
                            "right": "0",
                            "bottom": "0",
                            "left": "0",
                            "isLinked": true
                        },
                        "padding_mobile": {
                            "unit": "px",
                            "top": "0",
                            "right": "0",
                            "bottom": "0",
                            "left": "0",
                            "isLinked": true
                        },
                        "margin": {
                            "unit": "px",
                            "top": "0",
                            "right": "0",
                            "bottom": "0",
                            "left": "0",
                            "isLinked": false
                        },
                        "content_position": "center"
                    },
                    "elements": [
                        {
                            "id": "3e54d80",
                            "settings": {
                                "title": "50% sale",
                                "header_size": "h3",
                                "_margin": {
                                    "unit": "px",
                                    "top": "0",
                                    "right": "0",
                                    "bottom": "08",
                                    "left": "0",
                                    "isLinked": false
                                },
                                "align_mobile": "center",
                                "typography_typography": "custom",
                                "typography_font_size_mobile": {
                                    "unit": "px",
                                    "size": 20,
                                    "sizes": []
                                },
                                "_margin_mobile": {
                                    "unit": "px",
                                    "top": "0",
                                    "right": "0",
                                    "bottom": "4",
                                    "left": "0",
                                    "isLinked": false
                                },
                                "align": "left",
                                "typography_font_weight": "600"
                            },
                            "elements": [],
                            "isInner": false,
                            "widgetType": "heading",
                            "elType": "widget"
                        },
                        {
                            "id": "3a59a457",
                            "settings": {
                                "editor": "Make shopping easy",
                                "align_mobile": "center",
                                "_margin_mobile": {
                                    "unit": "px",
                                    "top": "0",
                                    "right": "0",
                                    "bottom": "0",
                                    "left": "0",
                                    "isLinked": true
                                },
                                "_padding_mobile": {
                                    "unit": "px",
                                    "top": "0",
                                    "right": "0",
                                    "bottom": "0",
                                    "left": "0",
                                    "isLinked": true
                                }
                            },
                            "elements": [],
                            "isInner": false,
                            "widgetType": "text-editor",
                            "elType": "widget"
                        }
                    ],
                    "isInner": false,
                    "elType": "column"
                },
                {
                    "id": "654f25e1",
                    "settings": {
                        "_column_size": 50,
                        "_inline_size": 84,
                        "space_between_widgets": 0,
                        "padding": {
                            "unit": "px",
                            "top": "0",
                            "right": "0",
                            "bottom": "0",
                            "left": "0",
                            "isLinked": false
                        },
                        "_inline_size_tablet": 56,
                        "space_between_widgets_tablet": 0,
                        "margin_tablet": {
                            "unit": "px",
                            "top": "0",
                            "right": "0",
                            "bottom": "0",
                            "left": "20",
                            "isLinked": false
                        },
                        "padding_tablet": {
                            "unit": "px",
                            "top": "0",
                            "right": "0",
                            "bottom": "0",
                            "left": "0",
                            "isLinked": true
                        },
                        "_inline_size_mobile": 100,
                        "space_between_widgets_mobile": 0,
                        "margin_mobile": {
                            "unit": "px",
                            "top": "0",
                            "right": "0",
                            "bottom": "60",
                            "left": "0",
                            "isLinked": false
                        },
                        "padding_mobile": {
                            "unit": "px",
                            "top": "0",
                            "right": "0",
                            "bottom": "0",
                            "left": "0",
                            "isLinked": true
                        },
                        "margin": {
                            "unit": "px",
                            "top": "0",
                            "right": "0",
                            "bottom": "0",
                            "left": "30",
                            "isLinked": false
                        },
                        "content_position": "center",
                        "content_position_mobile": "top"
                    },
                    "elements": [
                        {
                            "id": "cd4622",
                            "settings": {
                                "text": "Get Promo Code",
                                "align_mobile": "justify",
                                "button_text_color": "#1A1A1A",
                                "background_color": "rgba(255, 255, 255, 0)",
                                "button_hover_border_color": "#9E7456",
                                "border_border": "solid",
                                "border_width": {
                                    "unit": "px",
                                    "top": "1",
                                    "right": "1",
                                    "bottom": "1",
                                    "left": "1",
                                    "isLinked": true
                                },
                                "border_color": "#AA8163",
                                "border_radius": {
                                    "unit": "px",
                                    "top": "4",
                                    "right": "4",
                                    "bottom": "4",
                                    "left": "4",
                                    "isLinked": true
                                },
                                "align": "left",
                                "hover_color": "#FFFFFF",
                                "button_background_hover_color": "#9E7456",
                                "_margin": {
                                    "unit": "px",
                                    "top": "0",
                                    "right": "0",
                                    "bottom": "0",
                                    "left": "0",
                                    "isLinked": false
                                }
                            },
                            "elements": [],
                            "isInner": false,
                            "widgetType": "button",
                            "elType": "widget"
                        },
                        {
                            "id": "22b52a2d",
                            "settings": {
                                "image": {
                                    "url": "https:\/\/bubup.elementor.42theme.com\/wp-content\/uploads\/2020\/08\/02.png",
                                    "id": 1415
                                },
                                "motion_fx_mouseTrack_effect": "yes",
                                "motion_fx_mouseTrack_speed": {
                                    "unit": "px",
                                    "size": 0.200000000000000011102230246251565404236316680908203125,
                                    "sizes": []
                                },
                                "_animation_tablet": "none",
                                "_animation_mobile": "none",
                                "animation_duration": "slow",
                                "_element_width": "initial",
                                "_element_custom_width": {
                                    "unit": "%",
                                    "size": 50,
                                    "sizes": []
                                },
                                "_position": "absolute",
                                "_offset_orientation_h": "end",
                                "_offset_x_end": {
                                    "size": -107.9369999999999976125764078460633754730224609375,
                                    "unit": "px"
                                },
                                "_offset_y": {
                                    "size": -117,
                                    "unit": "px"
                                },
                                "_offset_x_end_tablet": {
                                    "size": -169.8120000000000118234311230480670928955078125,
                                    "unit": "px"
                                },
                                "_offset_y_tablet": {
                                    "size": -60,
                                    "unit": "px"
                                },
                                "_offset_x_end_mobile": {
                                    "size": 43.89099999999999823785401531495153903961181640625,
                                    "unit": "px"
                                },
                                "_offset_y_mobile": {
                                    "size": 26,
                                    "unit": "px"
                                },
                                "_element_width_tablet": "initial",
                                "_element_custom_width_tablet": {
                                    "unit": "%",
                                    "size": 75,
                                    "sizes": []
                                },
                                "hide_mobile": "hidden-phone"
                            },
                            "elements": [],
                            "isInner": false,
                            "widgetType": "image",
                            "elType": "widget"
                        },
                        {
                            "id": "6e273572",
                            "settings": {
                                "image": {
                                    "url": "https:\/\/bubup.elementor.42theme.com\/wp-content\/uploads\/2020\/08\/footwear.png",
                                    "id": 531
                                },
                                "motion_fx_mouseTrack_effect": "yes",
                                "motion_fx_mouseTrack_speed": {
                                    "unit": "px",
                                    "size": 0.200000000000000011102230246251565404236316680908203125,
                                    "sizes": []
                                },
                                "_animation": "zoomIn",
                                "_animation_tablet": "none",
                                "_animation_mobile": "none",
                                "_animation_delay": 300,
                                "_element_width": "initial",
                                "_element_custom_width": {
                                    "unit": "%",
                                    "size": 13,
                                    "sizes": []
                                },
                                "_position": "absolute",
                                "_offset_orientation_h": "end",
                                "_offset_x_end": {
                                    "size": 115.75,
                                    "unit": "px"
                                },
                                "_offset_y": {
                                    "size": 127,
                                    "unit": "px"
                                },
                                "_offset_x_end_tablet": {
                                    "size": -140.984000000000008867573342286050319671630859375,
                                    "unit": "px"
                                },
                                "_offset_y_tablet": {
                                    "size": 74,
                                    "unit": "px"
                                },
                                "_offset_x_end_mobile": {
                                    "size": 15.1410000000000000142108547152020037174224853515625,
                                    "unit": "px"
                                },
                                "_offset_y_mobile": {
                                    "size": 80,
                                    "unit": "px"
                                },
                                "_element_width_tablet": "initial",
                                "_element_width_mobile": "initial",
                                "_element_custom_width_tablet": {
                                    "unit": "%",
                                    "size": 23,
                                    "sizes": []
                                },
                                "_element_custom_width_mobile": {
                                    "unit": "%",
                                    "size": 35,
                                    "sizes": []
                                }
                            },
                            "elements": [],
                            "isInner": false,
                            "widgetType": "image",
                            "elType": "widget"
                        },
                        {
                            "id": "582c7c85",
                            "settings": {
                                "image": {
                                    "url": "https:\/\/bubup.elementor.42theme.com\/wp-content\/uploads\/2020\/08\/07.png",
                                    "id": 1426
                                },
                                "motion_fx_mouseTrack_effect": "yes",
                                "motion_fx_mouseTrack_speed": {
                                    "unit": "px",
                                    "size": 0.200000000000000011102230246251565404236316680908203125,
                                    "sizes": []
                                },
                                "_animation": "zoomIn",
                                "_animation_tablet": "none",
                                "_animation_mobile": "none",
                                "_animation_delay": 500,
                                "_element_width": "initial",
                                "_element_custom_width": {
                                    "unit": "%",
                                    "size": 16,
                                    "sizes": []
                                },
                                "_position": "absolute",
                                "_offset_orientation_h": "end",
                                "_offset_x_end": {
                                    "size": -40.625,
                                    "unit": "px"
                                },
                                "_offset_y": {
                                    "size": 28,
                                    "unit": "px"
                                },
                                "_offset_x_end_tablet": {
                                    "size": -162.546999999999997044142219237983226776123046875,
                                    "unit": "px"
                                },
                                "_offset_y_tablet": {
                                    "size": 53,
                                    "unit": "px"
                                },
                                "_offset_x_end_mobile": {
                                    "size": 273.9379999999999881765688769519329071044921875,
                                    "unit": "px"
                                },
                                "_offset_y_mobile": {
                                    "size": -141,
                                    "unit": "px"
                                },
                                "_element_width_tablet": "initial",
                                "_element_custom_width_tablet": {
                                    "unit": "%",
                                    "size": 24,
                                    "sizes": []
                                },
                                "hide_tablet": "hidden-tablet",
                                "hide_mobile": "hidden-phone"
                            },
                            "elements": [],
                            "isInner": false,
                            "widgetType": "image",
                            "elType": "widget"
                        },
                        {
                            "id": "53510bda",
                            "settings": {
                                "image": {
                                    "url": "https:\/\/bubup.elementor.42theme.com\/wp-content\/uploads\/2020\/08\/04.png",
                                    "id": 1425
                                },
                                "motion_fx_mouseTrack_effect": "yes",
                                "motion_fx_mouseTrack_speed": {
                                    "unit": "px",
                                    "size": 0.200000000000000011102230246251565404236316680908203125,
                                    "sizes": []
                                },
                                "_animation": "zoomIn",
                                "_animation_tablet": "none",
                                "_animation_mobile": "none",
                                "_animation_delay": 700,
                                "_element_width": "initial",
                                "_element_custom_width": {
                                    "unit": "%",
                                    "size": 18,
                                    "sizes": []
                                },
                                "_position": "absolute",
                                "_offset_orientation_h": "end",
                                "_offset_x_end": {
                                    "size": -119.078000000000002955857780762016773223876953125,
                                    "unit": "px"
                                },
                                "_offset_y": {
                                    "size": 59,
                                    "unit": "px"
                                },
                                "_offset_x_end_tablet": {
                                    "size": -179.4370000000000118234311230480670928955078125,
                                    "unit": "px"
                                },
                                "_offset_y_tablet": {
                                    "size": 51,
                                    "unit": "px"
                                },
                                "_offset_x_end_mobile": {
                                    "size": 266.15600000000000591171556152403354644775390625,
                                    "unit": "px"
                                },
                                "_offset_y_mobile": {
                                    "size": -130,
                                    "unit": "px"
                                },
                                "_element_width_tablet": "initial",
                                "_element_custom_width_tablet": {
                                    "unit": "%",
                                    "size": 28
                                },
                                "hide_tablet": "hidden-tablet",
                                "hide_mobile": "hidden-phone"
                            },
                            "elements": [],
                            "isInner": false,
                            "widgetType": "image",
                            "elType": "widget"
                        },
                        {
                            "id": "5b97e364",
                            "settings": {
                                "image": {
                                    "url": "https:\/\/bubup.elementor.42theme.com\/wp-content\/uploads\/2020\/08\/03.png",
                                    "id": 1424
                                },
                                "motion_fx_mouseTrack_effect": "yes",
                                "motion_fx_mouseTrack_speed": {
                                    "unit": "px",
                                    "size": 0.200000000000000011102230246251565404236316680908203125,
                                    "sizes": []
                                },
                                "_animation": "wobble",
                                "_animation_tablet": "none",
                                "_animation_mobile": "none",
                                "animation_duration": "slow",
                                "_animation_delay": 1000,
                                "_element_width": "initial",
                                "_element_custom_width": {
                                    "unit": "%",
                                    "size": 9,
                                    "sizes": []
                                },
                                "_position": "absolute",
                                "_offset_orientation_h": "end",
                                "_offset_x_end": {
                                    "size": 33.26599999999999823785401531495153903961181640625,
                                    "unit": "px"
                                },
                                "_offset_y": {
                                    "size": -43,
                                    "unit": "px"
                                },
                                "_offset_x_end_tablet": {
                                    "size": -129.59399999999999408828443847596645355224609375,
                                    "unit": "px"
                                },
                                "_offset_y_tablet": {
                                    "size": 10,
                                    "unit": "px"
                                },
                                "_element_width_tablet": "initial",
                                "_element_custom_width_tablet": {
                                    "unit": "%",
                                    "size": 15,
                                    "sizes": []
                                },
                                "_offset_x_end_mobile": {
                                    "size": 188.5,
                                    "unit": "px"
                                },
                                "_offset_y_mobile": {
                                    "size": 111,
                                    "unit": "px"
                                },
                                "hide_mobile": "hidden-phone"
                            },
                            "elements": [],
                            "isInner": false,
                            "widgetType": "image",
                            "elType": "widget"
                        },
                        {
                            "id": "152aa2b0",
                            "settings": {
                                "image": {
                                    "url": "https:\/\/bubup.elementor.42theme.com\/wp-content\/uploads\/2020\/08\/clothes.png",
                                    "id": 1421
                                },
                                "motion_fx_mouseTrack_effect": "yes",
                                "motion_fx_mouseTrack_speed": {
                                    "unit": "px",
                                    "size": 0.200000000000000011102230246251565404236316680908203125,
                                    "sizes": []
                                },
                                "_animation": "zoomIn",
                                "_animation_tablet": "none",
                                "_animation_mobile": "none",
                                "_animation_delay": 0,
                                "_element_width": "initial",
                                "_element_custom_width": {
                                    "unit": "%",
                                    "size": 27,
                                    "sizes": []
                                },
                                "_position": "absolute",
                                "_offset_orientation_h": "end",
                                "_offset_x_end": {
                                    "size": 127.65600000000000591171556152403354644775390625,
                                    "unit": "px"
                                },
                                "_offset_y": {
                                    "size": -84,
                                    "unit": "px"
                                },
                                "_offset_x_end_tablet": {
                                    "size": -65.8119999999999976125764078460633754730224609375,
                                    "unit": "px"
                                },
                                "_offset_y_tablet": {
                                    "size": -36,
                                    "unit": "px"
                                },
                                "_element_width_tablet": "initial",
                                "_element_custom_width_tablet": {
                                    "unit": "%",
                                    "size": 45,
                                    "sizes": []
                                },
                                "_offset_x_end_mobile": {
                                    "size": 189.6879999999999881765688769519329071044921875,
                                    "unit": "px"
                                },
                                "_offset_y_mobile": {
                                    "size": 67,
                                    "unit": "px"
                                },
                                "hide_mobile": "hidden-phone"
                            },
                            "elements": [],
                            "isInner": false,
                            "widgetType": "image",
                            "elType": "widget"
                        },
                        {
                            "id": "3b59fc47",
                            "settings": {
                                "image": {
                                    "url": "https:\/\/bubup.elementor.42theme.com\/wp-content\/uploads\/2020\/08\/star5.png",
                                    "id": 1434
                                },
                                "image_custom_dimension": {
                                    "width": "200",
                                    "height": ""
                                },
                                "align": "right",
                                "_animation": "fadeIn",
                                "animation_duration": "slow",
                                "_offset_x": {
                                    "size": 55.22500000000000142108547152020037174224853515625,
                                    "unit": "%"
                                },
                                "_offset_y": {
                                    "size": 197,
                                    "unit": "px"
                                },
                                "align_tablet": "left",
                                "_animation_tablet": "none",
                                "_animation_mobile": "none",
                                "_element_width": "initial",
                                "_element_custom_width": {
                                    "unit": "%",
                                    "size": 2,
                                    "sizes": []
                                },
                                "_position": "absolute",
                                "motion_fx_motion_fx_mouse": "yes",
                                "motion_fx_mouseTrack_effect": "yes",
                                "motion_fx_mouseTrack_speed": {
                                    "unit": "px",
                                    "size": 0.59999999999999997779553950749686919152736663818359375,
                                    "sizes": []
                                },
                                "_animation_delay": 1400,
                                "_element_width_tablet": "initial",
                                "_element_custom_width_tablet": {
                                    "unit": "%",
                                    "size": 4,
                                    "sizes": []
                                },
                                "_offset_x_tablet": {
                                    "size": 248.71899999999999408828443847596645355224609375,
                                    "unit": "px"
                                },
                                "_offset_x_mobile": {
                                    "size": 166.71899999999999408828443847596645355224609375,
                                    "unit": "px"
                                },
                                "_offset_y_tablet": {
                                    "size": 121,
                                    "unit": "px"
                                },
                                "_offset_y_mobile": {
                                    "size": 129,
                                    "unit": "px"
                                },
                                "hide_tablet": "hidden-tablet",
                                "hide_mobile": "hidden-phone"
                            },
                            "elements": [],
                            "isInner": false,
                            "widgetType": "image",
                            "elType": "widget"
                        },
                        {
                            "id": "3a19a7b6",
                            "settings": {
                                "image": {
                                    "url": "https:\/\/bubup.elementor.42theme.com\/wp-content\/uploads\/2020\/08\/star5.png",
                                    "id": 1434
                                },
                                "image_custom_dimension": {
                                    "width": "200",
                                    "height": ""
                                },
                                "align": "right",
                                "_animation": "fadeIn",
                                "animation_duration": "slow",
                                "_offset_x": {
                                    "size": 83.3610000000000042064129956997931003570556640625,
                                    "unit": "%"
                                },
                                "_offset_y": {
                                    "size": 61,
                                    "unit": "px"
                                },
                                "align_tablet": "left",
                                "_animation_tablet": "none",
                                "_animation_mobile": "none",
                                "_element_width": "initial",
                                "_element_custom_width": {
                                    "unit": "%",
                                    "size": 3,
                                    "sizes": []
                                },
                                "_position": "absolute",
                                "motion_fx_motion_fx_mouse": "yes",
                                "motion_fx_mouseTrack_effect": "yes",
                                "motion_fx_mouseTrack_direction": "negative",
                                "motion_fx_mouseTrack_speed": {
                                    "unit": "px",
                                    "size": 0.40000000000000002220446049250313080847263336181640625,
                                    "sizes": []
                                },
                                "_element_width_tablet": "initial",
                                "_element_custom_width_tablet": {
                                    "unit": "%",
                                    "size": 6,
                                    "sizes": []
                                },
                                "_offset_x_tablet": {
                                    "size": 375.95299999999997453414835035800933837890625,
                                    "unit": "px"
                                },
                                "_offset_x_mobile": {
                                    "unit": "px",
                                    "size": 0,
                                    "sizes": []
                                },
                                "_offset_y_tablet": {
                                    "size": 58,
                                    "unit": "px"
                                },
                                "_offset_y_mobile": {
                                    "unit": "px",
                                    "size": 0,
                                    "sizes": []
                                },
                                "hide_tablet": "hidden-tablet",
                                "hide_mobile": "hidden-phone"
                            },
                            "elements": [],
                            "isInner": false,
                            "widgetType": "image",
                            "elType": "widget"
                        },
                        {
                            "id": "3028a551",
                            "settings": {
                                "image": {
                                    "url": "https:\/\/bubup.elementor.42theme.com\/wp-content\/uploads\/2020\/08\/star5.png",
                                    "id": 1434
                                },
                                "image_custom_dimension": {
                                    "width": "200",
                                    "height": ""
                                },
                                "align": "right",
                                "_animation": "flash",
                                "animation_duration": "slow",
                                "_offset_x": {
                                    "size": 48.32300000000000039790393202565610408782958984375,
                                    "unit": "%"
                                },
                                "_offset_y": {
                                    "size": -28,
                                    "unit": "px"
                                },
                                "align_tablet": "left",
                                "_animation_tablet": "none",
                                "_animation_mobile": "none",
                                "_element_width": "initial",
                                "_element_custom_width": {
                                    "unit": "%",
                                    "size": 6,
                                    "sizes": []
                                },
                                "_position": "absolute",
                                "motion_fx_motion_fx_mouse": "yes",
                                "motion_fx_mouseTrack_effect": "yes",
                                "motion_fx_mouseTrack_direction": "negative",
                                "motion_fx_mouseTrack_speed": {
                                    "unit": "px",
                                    "size": 0.5,
                                    "sizes": []
                                },
                                "_animation_delay": 1600,
                                "_element_width_tablet": "initial",
                                "_element_custom_width_tablet": {
                                    "unit": "%",
                                    "size": 10,
                                    "sizes": []
                                },
                                "_offset_x_tablet": {
                                    "size": 190.765999999999991132426657713949680328369140625,
                                    "unit": "px"
                                },
                                "_offset_x_mobile": {
                                    "unit": "px",
                                    "size": 0,
                                    "sizes": []
                                },
                                "_offset_y_tablet": {
                                    "size": -11,
                                    "unit": "px"
                                },
                                "_offset_y_mobile": {
                                    "unit": "px",
                                    "size": 0,
                                    "sizes": []
                                },
                                "hide_tablet": "hidden-tablet",
                                "hide_mobile": "hidden-phone"
                            },
                            "elements": [],
                            "isInner": false,
                            "widgetType": "image",
                            "elType": "widget"
                        },
                        {
                            "id": "170803b5",
                            "settings": {
                                "image": {
                                    "url": "https:\/\/bubup.elementor.42theme.com\/wp-content\/uploads\/2020\/08\/star5.png",
                                    "id": 1434
                                },
                                "image_size": "2048x2048",
                                "image_custom_dimension": {
                                    "width": "200",
                                    "height": ""
                                },
                                "align": "right",
                                "_animation": "fadeIn",
                                "animation_duration": "slow",
                                "_offset_x": {
                                    "size": 105.4380000000000023874235921539366245269775390625,
                                    "unit": "%"
                                },
                                "_offset_y": {
                                    "size": -25,
                                    "unit": "px"
                                },
                                "align_tablet": "left",
                                "_animation_tablet": "none",
                                "_animation_mobile": "none",
                                "_element_width": "initial",
                                "_element_custom_width": {
                                    "unit": "%",
                                    "size": 5,
                                    "sizes": []
                                },
                                "_position": "absolute",
                                "motion_fx_motion_fx_mouse": "yes",
                                "motion_fx_mouseTrack_effect": "yes",
                                "motion_fx_mouseTrack_speed": {
                                    "unit": "px",
                                    "size": 0.200000000000000011102230246251565404236316680908203125,
                                    "sizes": []
                                },
                                "_animation_delay": 1200,
                                "_element_width_tablet": "initial",
                                "_element_custom_width_tablet": {
                                    "unit": "%",
                                    "size": 8,
                                    "sizes": []
                                },
                                "_offset_x_tablet": {
                                    "size": 507.39100000000001955413608811795711517333984375,
                                    "unit": "px"
                                },
                                "_offset_x_mobile": {
                                    "size": 298,
                                    "unit": "px"
                                },
                                "_offset_y_tablet": {
                                    "size": -13,
                                    "unit": "px"
                                },
                                "_offset_y_mobile": {
                                    "size": -99,
                                    "unit": "px"
                                }
                            },
                            "elements": [],
                            "isInner": false,
                            "widgetType": "image",
                            "elType": "widget"
                        },
                        {
                            "id": "30c9f714",
                            "settings": {
                                "image": {
                                    "url": "https:\/\/bubup.elementor.42theme.com\/wp-content\/uploads\/2020\/08\/star5.png",
                                    "id": 1434
                                },
                                "image_size": "2048x2048",
                                "image_custom_dimension": {
                                    "width": "200",
                                    "height": ""
                                },
                                "align": "right",
                                "_animation": "fadeIn",
                                "animation_duration": "slow",
                                "_offset_x": {
                                    "size": 60.76599999999999823785401531495153903961181640625,
                                    "unit": "%"
                                },
                                "_offset_y": {
                                    "size": 114,
                                    "unit": "px"
                                },
                                "align_tablet": "left",
                                "_animation_tablet": "none",
                                "_animation_mobile": "none",
                                "_element_width": "initial",
                                "_element_custom_width": {
                                    "unit": "%",
                                    "size": 5,
                                    "sizes": []
                                },
                                "_position": "absolute",
                                "_animation_delay": 1200,
                                "_element_width_tablet": "initial",
                                "_element_custom_width_tablet": {
                                    "unit": "%",
                                    "size": 8,
                                    "sizes": []
                                },
                                "_offset_x_tablet": {
                                    "size": 280.14100000000001955413608811795711517333984375,
                                    "unit": "px"
                                },
                                "_offset_x_mobile": {
                                    "size": 5.15599999999999969446662362315692007541656494140625,
                                    "unit": "px"
                                },
                                "_offset_y_tablet": {
                                    "size": 79,
                                    "unit": "px"
                                },
                                "_offset_y_mobile": {
                                    "size": 107,
                                    "unit": "px"
                                }
                            },
                            "elements": [],
                            "isInner": false,
                            "widgetType": "image",
                            "elType": "widget"
                        },
                        {
                            "id": "415632e8",
                            "settings": {
                                "image": {
                                    "url": "https:\/\/bubup.elementor.42theme.com\/wp-content\/uploads\/2020\/08\/star5.png",
                                    "id": 1434
                                },
                                "image_size": "2048x2048",
                                "image_custom_dimension": {
                                    "width": "200",
                                    "height": ""
                                },
                                "align": "right",
                                "_animation": "flash",
                                "animation_duration": "slow",
                                "_offset_x": {
                                    "size": 101.30500000000000682121026329696178436279296875,
                                    "unit": "%"
                                },
                                "_offset_y": {
                                    "size": 42,
                                    "unit": "px"
                                },
                                "align_tablet": "left",
                                "_animation_tablet": "none",
                                "_animation_mobile": "none",
                                "_element_width": "initial",
                                "_element_custom_width": {
                                    "unit": "%",
                                    "size": 2,
                                    "sizes": []
                                },
                                "_position": "absolute",
                                "_animation_delay": 1400,
                                "_element_width_tablet": "initial",
                                "_element_custom_width_tablet": {
                                    "unit": "%",
                                    "size": 4,
                                    "sizes": []
                                },
                                "_offset_x_tablet": {
                                    "size": 427.64100000000001955413608811795711517333984375,
                                    "unit": "px"
                                },
                                "_offset_x_mobile": {
                                    "unit": "px",
                                    "size": 0,
                                    "sizes": []
                                },
                                "_offset_y_tablet": {
                                    "size": 65,
                                    "unit": "px"
                                },
                                "_offset_y_mobile": {
                                    "unit": "px",
                                    "size": 0,
                                    "sizes": []
                                },
                                "hide_tablet": "hidden-tablet",
                                "hide_mobile": "hidden-phone"
                            },
                            "elements": [],
                            "isInner": false,
                            "widgetType": "image",
                            "elType": "widget"
                        },
                        {
                            "id": "2937a566",
                            "settings": {
                                "image": {
                                    "url": "https:\/\/bubup.elementor.42theme.com\/wp-content\/uploads\/2020\/08\/star5.png",
                                    "id": 1434
                                },
                                "image_size": "2048x2048",
                                "image_custom_dimension": {
                                    "width": "200",
                                    "height": ""
                                },
                                "align": "right",
                                "_animation": "fadeIn",
                                "animation_duration": "slow",
                                "_offset_x": {
                                    "size": 107.9020000000000010231815394945442676544189453125,
                                    "unit": "%"
                                },
                                "_offset_y": {
                                    "size": 36,
                                    "unit": "px"
                                },
                                "align_tablet": "left",
                                "_animation_tablet": "none",
                                "_animation_mobile": "none",
                                "_element_width": "initial",
                                "_element_custom_width": {
                                    "unit": "%",
                                    "size": 3,
                                    "sizes": []
                                },
                                "_position": "absolute",
                                "_animation_delay": 1300,
                                "_element_width_tablet": "initial",
                                "_element_custom_width_tablet": {
                                    "unit": "%",
                                    "size": 6,
                                    "sizes": []
                                },
                                "_offset_x_tablet": {
                                    "size": 336.8129999999999881765688769519329071044921875,
                                    "unit": "px"
                                },
                                "_offset_x_mobile": {
                                    "unit": "px",
                                    "size": 0,
                                    "sizes": []
                                },
                                "_offset_y_tablet": {
                                    "size": 122,
                                    "unit": "px"
                                },
                                "_offset_y_mobile": {
                                    "unit": "px",
                                    "size": 0,
                                    "sizes": []
                                },
                                "hide_mobile": "hidden-phone"
                            },
                            "elements": [],
                            "isInner": false,
                            "widgetType": "image",
                            "elType": "widget"
                        },
                        {
                            "id": "14de9431",
                            "settings": {
                                "image": {
                                    "url": "https:\/\/bubup.elementor.42theme.com\/wp-content\/uploads\/2020\/08\/star5.png",
                                    "id": 1434
                                },
                                "image_size": "2048x2048",
                                "image_custom_dimension": {
                                    "width": "200",
                                    "height": ""
                                },
                                "align": "right",
                                "_animation": "fadeIn",
                                "animation_duration": "slow",
                                "_offset_x": {
                                    "size": 63.10300000000000153477230924181640148162841796875,
                                    "unit": "%"
                                },
                                "_offset_y": {
                                    "size": 178,
                                    "unit": "px"
                                },
                                "align_tablet": "left",
                                "_animation_tablet": "none",
                                "_animation_mobile": "none",
                                "_element_width": "initial",
                                "_element_custom_width": {
                                    "unit": "%",
                                    "size": 3,
                                    "sizes": []
                                },
                                "_position": "absolute",
                                "motion_fx_motion_fx_mouse": "yes",
                                "motion_fx_mouseTrack_effect": "yes",
                                "motion_fx_mouseTrack_direction": "negative",
                                "motion_fx_mouseTrack_speed": {
                                    "unit": "px",
                                    "size": 0.8000000000000000444089209850062616169452667236328125,
                                    "sizes": []
                                },
                                "_animation_delay": 1300,
                                "_element_width_tablet": "initial",
                                "_element_custom_width_tablet": {
                                    "unit": "%",
                                    "size": 6,
                                    "sizes": []
                                },
                                "_offset_x_tablet": {
                                    "size": 276.21899999999999408828443847596645355224609375,
                                    "unit": "px"
                                },
                                "_offset_x_mobile": {
                                    "size": 143.21899999999999408828443847596645355224609375,
                                    "unit": "px"
                                },
                                "_offset_y_tablet": {
                                    "size": 103,
                                    "unit": "px"
                                },
                                "_offset_y_mobile": {
                                    "size": 91,
                                    "unit": "px"
                                },
                                "hide_tablet": "hidden-tablet"
                            },
                            "elements": [],
                            "isInner": false,
                            "widgetType": "image",
                            "elType": "widget"
                        }
                    ],
                    "isInner": false,
                    "elType": "column"
                }
            ],
            "isInner": false,
            "elType": "section"
        }
    ]
}