{
    "version": "0.4",
    "title": "Block: Show FAQ",
    "type": "section",
    "metadata": {
        "template_type": "section-other",
        "include_in_zip": "1",
        "elementor_pro_required": "1",
        "wp_page_template": "elementor_header_footer"
    },
    "content": [
        {
            "id": "30b57abe",
            "settings": {
                "gap": "no",
                "column_position": "stretch",
                "content_position": "middle",
                "background_background": "classic",
                "background_color": "#F7F7F7",
                "margin": {
                    "unit": "px",
                    "top": "0",
                    "right": 0,
                    "bottom": "180",
                    "left": 0,
                    "isLinked": false
                },
                "_title": "Show FAQs",
                "margin_tablet": {
                    "unit": "px",
                    "top": "0",
                    "right": 0,
                    "bottom": "90",
                    "left": 0,
                    "isLinked": false
                },
                "padding_tablet": {
                    "unit": "px",
                    "top": "0",
                    "right": "30",
                    "bottom": "0",
                    "left": "30",
                    "isLinked": false
                },
                "margin_mobile": {
                    "unit": "px",
                    "top": "0",
                    "right": 0,
                    "bottom": "60",
                    "left": 0,
                    "isLinked": false
                },
                "padding_mobile": {
                    "unit": "px",
                    "top": "0",
                    "right": "15",
                    "bottom": "0",
                    "left": "15",
                    "isLinked": false
                },
                "height": "min-height",
                "custom_height_tablet": {
                    "unit": "px",
                    "size": 300,
                    "sizes": []
                },
                "custom_height_mobile": {
                    "unit": "px",
                    "size": 350,
                    "sizes": []
                }
            },
            "elements": [
                {
                    "id": "37db3e9e",
                    "settings": {
                        "_column_size": 100,
                        "_inline_size": null,
                        "space_between_widgets": 0,
                        "padding": {
                            "unit": "px",
                            "top": "0",
                            "right": "0",
                            "bottom": "0",
                            "left": "0",
                            "isLinked": false
                        },
                        "_inline_size_tablet": 100,
                        "space_between_widgets_tablet": 0,
                        "margin_tablet": {
                            "unit": "px",
                            "top": "0",
                            "right": "0",
                            "bottom": "0",
                            "left": "0",
                            "isLinked": false
                        },
                        "padding_tablet": {
                            "unit": "px",
                            "top": "0",
                            "right": "0",
                            "bottom": "0",
                            "left": "0",
                            "isLinked": true
                        },
                        "_inline_size_mobile": 100,
                        "space_between_widgets_mobile": 0,
                        "margin_mobile": {
                            "unit": "px",
                            "top": "0",
                            "right": "0",
                            "bottom": "0",
                            "left": "0",
                            "isLinked": true
                        },
                        "padding_mobile": {
                            "unit": "px",
                            "top": "0",
                            "right": "0",
                            "bottom": "0",
                            "left": "0",
                            "isLinked": true
                        },
                        "margin": {
                            "unit": "px",
                            "top": "0",
                            "right": "0",
                            "bottom": "0",
                            "left": "0",
                            "isLinked": false
                        },
                        "content_position": "center"
                    },
                    "elements": [
                        {
                            "id": "7284fb88",
                            "settings": {
                                "title": "Any questions left?",
                                "header_size": "h4",
                                "_margin": {
                                    "unit": "px",
                                    "top": "0",
                                    "right": "0",
                                    "bottom": "0",
                                    "left": "0",
                                    "isLinked": false
                                },
                                "align_mobile": "center",
                                "typography_typography": "custom",
                                "typography_font_size_mobile": {
                                    "unit": "px",
                                    "size": 20,
                                    "sizes": []
                                },
                                "_margin_mobile": {
                                    "unit": "px",
                                    "top": "0",
                                    "right": "0",
                                    "bottom": "4",
                                    "left": "0",
                                    "isLinked": false
                                },
                                "align": "center",
                                "typography_font_weight": "600",
                                "typography_letter_spacing": {
                                    "unit": "px",
                                    "size": 1,
                                    "sizes": []
                                }
                            },
                            "elements": [],
                            "isInner": false,
                            "widgetType": "heading",
                            "elType": "widget"
                        },
                        {
                            "id": "504b383f",
                            "settings": {
                                "editor": "<p>Tristique risus nec feugiat in fermentum posuere urna nec. Elementum etiam non quam. Pharetra vel turpis nunc eget lorem dolor sed ipsum.\u00a0\u00a0<\/p>",
                                "align_mobile": "center",
                                "_margin_mobile": {
                                    "unit": "px",
                                    "top": "0",
                                    "right": "0",
                                    "bottom": "0",
                                    "left": "0",
                                    "isLinked": true
                                },
                                "_padding_mobile": {
                                    "unit": "px",
                                    "top": "0",
                                    "right": "0",
                                    "bottom": "0",
                                    "left": "0",
                                    "isLinked": true
                                },
                                "align": "center",
                                "_margin": {
                                    "unit": "px",
                                    "top": "20",
                                    "right": "0",
                                    "bottom": "40",
                                    "left": "0",
                                    "isLinked": false
                                },
                                "_margin_tablet": {
                                    "unit": "px",
                                    "top": "16",
                                    "right": "0",
                                    "bottom": "30",
                                    "left": "0",
                                    "isLinked": false
                                },
                                "_padding": {
                                    "unit": "px",
                                    "top": "0",
                                    "right": "200",
                                    "bottom": "0",
                                    "left": "200",
                                    "isLinked": false
                                },
                                "_padding_tablet": {
                                    "unit": "px",
                                    "top": "0",
                                    "right": "100",
                                    "bottom": "0",
                                    "left": "100",
                                    "isLinked": false
                                }
                            },
                            "elements": [],
                            "isInner": false,
                            "widgetType": "text-editor",
                            "elType": "widget"
                        },
                        {
                            "id": "2ae1a704",
                            "settings": {
                                "text": " Show FAQ",
                                "align_mobile": "justify",
                                "align": "center"
                            },
                            "elements": [],
                            "isInner": false,
                            "widgetType": "button",
                            "elType": "widget"
                        },
                        {
                            "id": "6c33ede1",
                            "settings": {
                                "image": {
                                    "url": "https:\/\/bubup.elementor.42theme.com\/wp-content\/uploads\/2020\/08\/stars2.png",
                                    "id": 555
                                },
                                "motion_fx_mouseTrack_speed": {
                                    "unit": "px",
                                    "size": 0.40000000000000002220446049250313080847263336181640625,
                                    "sizes": []
                                },
                                "_animation_tablet": "none",
                                "_animation_mobile": "none",
                                "_animation_delay": 0,
                                "_element_width": "initial",
                                "_element_custom_width": {
                                    "unit": "%",
                                    "size": 30,
                                    "sizes": []
                                },
                                "_position": "absolute",
                                "_offset_orientation_h": "end",
                                "_offset_x_end": {
                                    "size": 967.7190000000000509317032992839813232421875,
                                    "unit": "px"
                                },
                                "_offset_y": {
                                    "size": -31.26599999999999823785401531495153903961181640625,
                                    "unit": "px"
                                },
                                "_offset_x_end_tablet": {
                                    "size": 519.3590000000000372892827726900577545166015625,
                                    "unit": "px"
                                },
                                "_offset_y_tablet": {
                                    "size": 102,
                                    "unit": "px"
                                },
                                "_offset_x_end_mobile": {
                                    "size": 273.9379999999999881765688769519329071044921875,
                                    "unit": "px"
                                },
                                "_offset_y_mobile": {
                                    "size": -141,
                                    "unit": "px"
                                },
                                "_element_width_tablet": "initial",
                                "_element_custom_width_tablet": {
                                    "unit": "%",
                                    "size": 24,
                                    "sizes": []
                                },
                                "hide_tablet": "hidden-tablet",
                                "hide_mobile": "hidden-phone"
                            },
                            "elements": [],
                            "isInner": false,
                            "widgetType": "image",
                            "elType": "widget"
                        },
                        {
                            "id": "234374e6",
                            "settings": {
                                "image": {
                                    "url": "https:\/\/bubup.elementor.42theme.com\/wp-content\/uploads\/2020\/08\/lamb.png",
                                    "id": 587
                                },
                                "motion_fx_mouseTrack_effect": "yes",
                                "motion_fx_mouseTrack_speed": {
                                    "unit": "px",
                                    "size": 0.200000000000000011102230246251565404236316680908203125,
                                    "sizes": []
                                },
                                "_animation": "slideInRight",
                                "_animation_tablet": "none",
                                "_animation_mobile": "none",
                                "_animation_delay": 0,
                                "_element_width": "initial",
                                "_element_custom_width": {
                                    "unit": "%",
                                    "size": 26,
                                    "sizes": []
                                },
                                "_position": "absolute",
                                "_offset_orientation_h": "end",
                                "_offset_x_end": {
                                    "size": -205.15600000000000591171556152403354644775390625,
                                    "unit": "px"
                                },
                                "_offset_y": {
                                    "size": 50.51599999999999823785401531495153903961181640625,
                                    "unit": "px"
                                },
                                "_offset_x_end_tablet": {
                                    "size": -19.187000000000001165290086646564304828643798828125,
                                    "unit": "px"
                                },
                                "_offset_y_tablet": {
                                    "size": 138,
                                    "unit": "px"
                                },
                                "_offset_x_end_mobile": {
                                    "size": 273.9379999999999881765688769519329071044921875,
                                    "unit": "px"
                                },
                                "_offset_y_mobile": {
                                    "size": -141,
                                    "unit": "px"
                                },
                                "_element_width_tablet": "initial",
                                "_element_custom_width_tablet": {
                                    "unit": "%",
                                    "size": 24,
                                    "sizes": []
                                },
                                "hide_mobile": "hidden-phone",
                                "animation_duration": "slow"
                            },
                            "elements": [],
                            "isInner": false,
                            "widgetType": "image",
                            "elType": "widget"
                        },
                        {
                            "id": "1c588da9",
                            "settings": {
                                "image": {
                                    "url": "https:\/\/bubup.elementor.42theme.com\/wp-content\/uploads\/2020\/08\/balloon5.png",
                                    "id": 628
                                },
                                "motion_fx_mouseTrack_effect": "yes",
                                "motion_fx_mouseTrack_speed": {
                                    "unit": "px",
                                    "size": 0.40000000000000002220446049250313080847263336181640625,
                                    "sizes": []
                                },
                                "_animation": "slideInUp",
                                "_animation_tablet": "none",
                                "_animation_mobile": "none",
                                "_animation_delay": 300,
                                "_element_width": "initial",
                                "_element_custom_width": {
                                    "unit": "%",
                                    "size": 12,
                                    "sizes": []
                                },
                                "_position": "absolute",
                                "_offset_orientation_h": "end",
                                "_offset_x_end": {
                                    "size": 1103.14100000000007639755494892597198486328125,
                                    "unit": "px"
                                },
                                "_offset_y": {
                                    "size": -75.46899999999999408828443847596645355224609375,
                                    "unit": "px"
                                },
                                "_offset_x_end_tablet": {
                                    "size": 597.2190000000000509317032992839813232421875,
                                    "unit": "px"
                                },
                                "_offset_y_tablet": {
                                    "size": -6,
                                    "unit": "px"
                                },
                                "_offset_x_end_mobile": {
                                    "size": 273.9379999999999881765688769519329071044921875,
                                    "unit": "px"
                                },
                                "_offset_y_mobile": {
                                    "size": -141,
                                    "unit": "px"
                                },
                                "_element_width_tablet": "initial",
                                "_element_custom_width_tablet": {
                                    "unit": "%",
                                    "size": 24,
                                    "sizes": []
                                },
                                "hide_tablet": "hidden-tablet",
                                "hide_mobile": "hidden-phone",
                                "motion_fx_motion_fx_mouse": "yes"
                            },
                            "elements": [],
                            "isInner": false,
                            "widgetType": "image",
                            "elType": "widget"
                        }
                    ],
                    "isInner": false,
                    "elType": "column"
                }
            ],
            "isInner": false,
            "elType": "section"
        }
    ]
}