{
    "version": "0.4",
    "title": "Block: From Journal",
    "type": "section",
    "metadata": {
        "template_type": "section-other",
        "include_in_zip": "1",
        "elementor_pro_required": "1",
        "wp_page_template": "elementor_header_footer"
    },
    "content": [
        {
            "id": "1f7a45be",
            "settings": {
                "gap": "no",
                "margin": {
                    "unit": "px",
                    "top": "180",
                    "right": 0,
                    "bottom": "180",
                    "left": 0,
                    "isLinked": true
                },
                "_title": "From Journal",
                "margin_tablet": {
                    "unit": "px",
                    "top": "90",
                    "right": 0,
                    "bottom": "90",
                    "left": 0,
                    "isLinked": true
                },
                "margin_mobile": {
                    "unit": "px",
                    "top": "60",
                    "right": 0,
                    "bottom": "60",
                    "left": 0,
                    "isLinked": true
                },
                "padding": {
                    "unit": "px",
                    "top": "0",
                    "right": "0",
                    "bottom": "0",
                    "left": "0",
                    "isLinked": true
                },
                "padding_tablet": {
                    "unit": "px",
                    "top": "0",
                    "right": "30",
                    "bottom": "0",
                    "left": "30",
                    "isLinked": false
                },
                "padding_mobile": {
                    "unit": "px",
                    "top": "0",
                    "right": "15",
                    "bottom": "0",
                    "left": "15",
                    "isLinked": false
                }
            },
            "elements": [
                {
                    "id": "250965e",
                    "settings": {
                        "_column_size": 100,
                        "_inline_size": null,
                        "space_between_widgets": 0
                    },
                    "elements": [
                        {
                            "id": "79e4b60d",
                            "settings": {
                                "title": "From the journal",
                                "align": "center",
                                "typography_typography": "custom",
                                "typography_letter_spacing": {
                                    "unit": "px",
                                    "size": 1,
                                    "sizes": []
                                }
                            },
                            "elements": [],
                            "isInner": false,
                            "widgetType": "heading",
                            "elType": "widget"
                        },
                        {
                            "id": "1332418f",
                            "settings": {
                                "width": {
                                    "unit": "%",
                                    "size": 8.5999999999999996447286321199499070644378662109375,
                                    "sizes": []
                                },
                                "align": "center",
                                "text": "Divider",
                                "weight": {
                                    "unit": "px",
                                    "size": 2,
                                    "sizes": []
                                },
                                "gap": {
                                    "unit": "px",
                                    "size": 20,
                                    "sizes": []
                                },
                                "color": "rgba(163, 163, 163, 0.6)"
                            },
                            "elements": [],
                            "isInner": false,
                            "widgetType": "divider",
                            "elType": "widget"
                        },
                        {
                            "id": "791d6039",
                            "settings": {
                                "editor": "Mattis pellentesque id nibh tortor id aliquet lobortis. Fames ac turpis egestas sed tempus urna.",
                                "align": "center",
                                "_margin": {
                                    "unit": "px",
                                    "top": "0",
                                    "right": "0",
                                    "bottom": "60",
                                    "left": "0",
                                    "isLinked": false
                                },
                                "_padding": {
                                    "unit": "px",
                                    "top": "0",
                                    "right": "250",
                                    "bottom": "0",
                                    "left": "250",
                                    "isLinked": false
                                },
                                "_margin_tablet": {
                                    "unit": "px",
                                    "top": "0",
                                    "right": "0",
                                    "bottom": "30",
                                    "left": "0",
                                    "isLinked": false
                                },
                                "_padding_tablet": {
                                    "unit": "px",
                                    "top": "0",
                                    "right": "120",
                                    "bottom": "0",
                                    "left": "120",
                                    "isLinked": false
                                },
                                "_margin_mobile": {
                                    "unit": "px",
                                    "top": "0",
                                    "right": "0",
                                    "bottom": "30",
                                    "left": "0",
                                    "isLinked": false
                                },
                                "_padding_mobile": {
                                    "unit": "px",
                                    "top": "0",
                                    "right": "0",
                                    "bottom": "0",
                                    "left": "0",
                                    "isLinked": true
                                }
                            },
                            "elements": [],
                            "isInner": false,
                            "widgetType": "text-editor",
                            "elType": "widget"
                        },
                        {
                            "id": "64e52470",
                            "settings": {
                                "classic_thumbnail_size_size": "2048x2048",
                                "classic_item_ratio": {
                                    "unit": "px",
                                    "size": 1.3000000000000000444089209850062616169452667236328125,
                                    "sizes": []
                                },
                                "classic_show_excerpt": "",
                                "classic_meta_data": [
                                    "date"
                                ],
                                "classic_meta_separator": "|",
                                "classic_show_read_more": "",
                                "classic_read_more_text": "Read More \u00bb",
                                "cards_meta_separator": "\u2022",
                                "cards_read_more_text": "Read More \u00bb",
                                "full_content_meta_separator": "\/\/\/",
                                "pagination_page_limit": "5",
                                "pagination_prev_label": "&laquo; Previous",
                                "pagination_next_label": "Next &raquo;",
                                "classic_row_gap": {
                                    "unit": "px",
                                    "size": 30,
                                    "sizes": []
                                },
                                "classic_image_spacing": {
                                    "unit": "px",
                                    "size": 24,
                                    "sizes": []
                                },
                                "classic_thumbnail_filters_saturate": {
                                    "unit": "px",
                                    "size": 70,
                                    "sizes": []
                                },
                                "classic_thumbnail_hover_filters_css_filter": "custom",
                                "classic_thumbnail_hover_filters_saturate": {
                                    "unit": "px",
                                    "size": 110,
                                    "sizes": []
                                },
                                "classic_title_tag": "h4",
                                "classic_title_typography_font_family": "Montserrat",
                                "classic_title_typography_font_size": {
                                    "unit": "px",
                                    "size": 22,
                                    "sizes": []
                                },
                                "classic_title_spacing": {
                                    "unit": "px",
                                    "size": 8,
                                    "sizes": []
                                },
                                "classic_meta_color": "#A3A3A3",
                                "classic_meta_separator_color": "rgba(163, 163, 163, 0.6)",
                                "classic_meta_typography_typography": "custom",
                                "classic_meta_typography_font_family": "Montserrat",
                                "classic_meta_typography_font_size": {
                                    "unit": "px",
                                    "size": 16,
                                    "sizes": []
                                },
                                "classic_meta_typography_font_weight": "300",
                                "classic_meta_typography_line_height": {
                                    "unit": "em",
                                    "size": 1.5,
                                    "sizes": []
                                },
                                "classic_meta_spacing": {
                                    "unit": "px",
                                    "size": 0,
                                    "sizes": []
                                },
                                "classic_columns_tablet": "3",
                                "classic_item_ratio_tablet": {
                                    "unit": "px",
                                    "size": 1.399999999999999911182158029987476766109466552734375,
                                    "sizes": []
                                },
                                "classic_item_ratio_mobile": {
                                    "unit": "px",
                                    "size": 1,
                                    "sizes": []
                                },
                                "classic_alignment": "left",
                                "classic_title_typography_typography": "custom",
                                "classic_title_typography_font_size_tablet": {
                                    "unit": "px",
                                    "size": 16,
                                    "sizes": []
                                },
                                "classic_posts_per_page": 3,
                                "classic_box_shadow_box_shadow": {
                                    "horizontal": 0,
                                    "vertical": 0,
                                    "blur": 50,
                                    "spread": 0,
                                    "color": "rgba(0,0,0,0.5)"
                                },
                                "classic_thumbnail_filters_css_filter": "custom"
                            },
                            "elements": [],
                            "isInner": false,
                            "widgetType": "posts",
                            "elType": "widget"
                        }
                    ],
                    "isInner": false,
                    "elType": "column"
                }
            ],
            "isInner": false,
            "elType": "section"
        }
    ]
}