{
    "version": "0.4",
    "title": "Block: Header",
    "type": "section",
    "metadata": {
        "template_type": "section-hero",
        "include_in_zip": "1",
        "elementor_pro_required": "1",
        "wp_page_template": "elementor_header_footer"
    },
    "content": [
        {
            "id": "1c156833",
            "settings": {
                "gap": "no",
                "custom_height": {
                    "unit": "px",
                    "size": 800,
                    "sizes": []
                },
                "background_image": {
                    "url": "https:\/\/bubup.elementor.42theme.com\/wp-content\/uploads\/2020\/08\/winter-portrait-of-little-girl-PR5FHXQ-scaled.jpg",
                    "id": 118
                },
                "background_position": "center center",
                "background_repeat": "no-repeat",
                "background_size": "cover",
                "margin": {
                    "unit": "px",
                    "top": "0",
                    "right": 0,
                    "bottom": "0",
                    "left": 0,
                    "isLinked": true
                },
                "padding": {
                    "unit": "px",
                    "top": "0",
                    "right": "0",
                    "bottom": "0",
                    "left": "0",
                    "isLinked": true
                },
                "_title": "Header",
                "layout": "full_width",
                "custom_height_tablet": {
                    "unit": "px",
                    "size": 500,
                    "sizes": []
                },
                "overflow": "hidden",
                "background_position_tablet": "top left"
            },
            "elements": [
                {
                    "id": "1ed99577",
                    "settings": {
                        "_column_size": 100,
                        "_inline_size": null
                    },
                    "elements": [
                        {
                            "id": "131b0009",
                            "settings": {
                                "slides": [
                                    {
                                        "heading": "Knit for baby",
                                        "description": "Eget gravida cum sociis natoque penatibus et magnis dis parturient",
                                        "button_text": "Products",
                                        "background_color": "#F2F2F2",
                                        "_id": "a342249",
                                        "background_image": {
                                            "url": "https:\/\/bubup.elementor.42theme.com\/wp-content\/uploads\/2020\/08\/winter-portrait-of-little-girl-PR5FHXQ-scaled.jpg",
                                            "id": 118
                                        },
                                        "background_size": "cover",
                                        "background_ken_burns": "yes",
                                        "zoom_direction": "in",
                                        "background_overlay": "yes",
                                        "background_overlay_color": "rgba(163, 163, 163, 0.21176470588235294)",
                                        "background_overlay_blend_mode": "multiply",
                                        "link": {
                                            "url": "#",
                                            "is_external": "",
                                            "nofollow": "",
                                            "custom_attributes": ""
                                        },
                                        "link_click": "button",
                                        "custom_style": "",
                                        "horizontal_position": "",
                                        "vertical_position": "",
                                        "text_align": "",
                                        "content_color": "",
                                        "repeater_text_shadow_text_shadow_type": "",
                                        "repeater_text_shadow_text_shadow": {
                                            "horizontal": 0,
                                            "vertical": 0,
                                            "blur": 10,
                                            "color": "rgba(0,0,0,0.3)"
                                        }
                                    },
                                    {
                                        "heading": "Best brands",
                                        "description": "Tellus id interdum velit laoreet id donec ",
                                        "button_text": "Buy Now",
                                        "background_color": "#F2F2F2",
                                        "_id": "3f348e3",
                                        "background_image": {
                                            "url": "https:\/\/bubup.elementor.42theme.com\/wp-content\/uploads\/2020\/08\/kid-girl-in-hat-playing-ukulele-at-home-9BLWFJN-scaled.jpg",
                                            "id": 843
                                        },
                                        "background_size": "cover",
                                        "background_ken_burns": "yes",
                                        "zoom_direction": "in",
                                        "background_overlay": "yes",
                                        "background_overlay_color": "rgba(163, 163, 163, 0.21176470588235294)",
                                        "background_overlay_blend_mode": "multiply",
                                        "link": {
                                            "url": "#",
                                            "is_external": "",
                                            "nofollow": "",
                                            "custom_attributes": ""
                                        },
                                        "link_click": "button",
                                        "custom_style": "",
                                        "horizontal_position": "",
                                        "vertical_position": "",
                                        "text_align": "",
                                        "content_color": "",
                                        "repeater_text_shadow_text_shadow_type": "",
                                        "repeater_text_shadow_text_shadow": {
                                            "horizontal": 0,
                                            "vertical": 0,
                                            "blur": 10,
                                            "color": "rgba(0,0,0,0.3)"
                                        }
                                    },
                                    {
                                        "background_color": "#F2F2F2",
                                        "background_image": {
                                            "url": "https:\/\/bubup.elementor.42theme.com\/wp-content\/uploads\/2020\/08\/little-girl-with-a-plate-T9CGSAE-scaled.jpg",
                                            "id": 115
                                        },
                                        "background_size": "cover",
                                        "background_ken_burns": "yes",
                                        "zoom_direction": "in",
                                        "background_overlay": "yes",
                                        "background_overlay_color": "rgba(163, 163, 163, 0.21176470588235294)",
                                        "background_overlay_blend_mode": "multiply",
                                        "heading": "School collection",
                                        "description": "Faucibus a pellentesque sit amet porttitor nisi lacus sed viverra",
                                        "button_text": "Products",
                                        "link": {
                                            "url": "#",
                                            "is_external": "",
                                            "nofollow": "",
                                            "custom_attributes": ""
                                        },
                                        "link_click": "button",
                                        "custom_style": "",
                                        "horizontal_position": "",
                                        "vertical_position": "",
                                        "text_align": "",
                                        "content_color": "",
                                        "repeater_text_shadow_text_shadow_type": "",
                                        "repeater_text_shadow_text_shadow": {
                                            "horizontal": 0,
                                            "vertical": 0,
                                            "blur": 10,
                                            "color": "rgba(0,0,0,0.3)"
                                        },
                                        "_id": "61ee6b9"
                                    }
                                ],
                                "content_max_width": {
                                    "unit": "%",
                                    "size": 100,
                                    "sizes": []
                                },
                                "text_shadow_text_shadow": {
                                    "horizontal": 0,
                                    "vertical": 0,
                                    "blur": 0,
                                    "color": "rgba(163, 163, 163, 0)"
                                },
                                "heading_typography_typography": "custom",
                                "heading_typography_font_size": {
                                    "unit": "px",
                                    "size": 110,
                                    "sizes": []
                                },
                                "heading_typography_text_transform": "uppercase",
                                "description_typography_typography": "custom",
                                "description_typography_font_size": {
                                    "unit": "px",
                                    "size": 20,
                                    "sizes": []
                                },
                                "description_typography_font_weight": "400",
                                "description_typography_text_transform": "uppercase",
                                "button_color": "#FFFFFF",
                                "button_typography_typography": "custom",
                                "button_typography_font_size": {
                                    "unit": "px",
                                    "size": 14,
                                    "sizes": []
                                },
                                "button_typography_font_weight": "500",
                                "button_typography_line_height": {
                                    "unit": "em",
                                    "size": 1,
                                    "sizes": []
                                },
                                "button_typography_letter_spacing": {
                                    "unit": "px",
                                    "size": 1,
                                    "sizes": []
                                },
                                "slides_height": {
                                    "unit": "px",
                                    "size": 900,
                                    "sizes": []
                                },
                                "navigation": "none",
                                "transition_speed": 800,
                                "content_animation": "zoomIn",
                                "slides_padding": {
                                    "unit": "px",
                                    "top": "0",
                                    "right": "0",
                                    "bottom": "0",
                                    "left": "0",
                                    "isLinked": true
                                },
                                "heading_spacing": {
                                    "unit": "px",
                                    "size": 20,
                                    "sizes": []
                                },
                                "heading_color": "#FFFFFF",
                                "heading_typography_font_weight": "800",
                                "heading_typography_line_height": {
                                    "unit": "em",
                                    "size": 1,
                                    "sizes": []
                                },
                                "heading_typography_letter_spacing": {
                                    "unit": "px",
                                    "size": 0,
                                    "sizes": []
                                },
                                "description_spacing": {
                                    "unit": "px",
                                    "size": 120,
                                    "sizes": []
                                },
                                "description_color": "#F2F2F2",
                                "description_typography_line_height": {
                                    "unit": "em",
                                    "size": 1,
                                    "sizes": []
                                },
                                "description_typography_letter_spacing": {
                                    "unit": "px",
                                    "size": 0,
                                    "sizes": []
                                },
                                "button_border_width": {
                                    "unit": "px",
                                    "size": 0,
                                    "sizes": []
                                },
                                "button_text_color": "#FFFFFF",
                                "button_background_color": "#AA8163",
                                "button_border_color": "#AA8163",
                                "button_hover_text_color": "#FFFFFF",
                                "button_hover_background_color": "#9E7456",
                                "button_hover_border_color": "#9E7456",
                                "slides_height_tablet": {
                                    "unit": "px",
                                    "size": 670,
                                    "sizes": []
                                },
                                "content_max_width_tablet": {
                                    "unit": "%",
                                    "size": 80,
                                    "sizes": []
                                },
                                "slides_padding_tablet": {
                                    "unit": "px",
                                    "top": "0",
                                    "right": "0",
                                    "bottom": "0",
                                    "left": "0",
                                    "isLinked": true
                                },
                                "heading_typography_font_size_tablet": {
                                    "unit": "px",
                                    "size": 70,
                                    "sizes": []
                                },
                                "heading_typography_line_height_tablet": {
                                    "unit": "em",
                                    "size": 1,
                                    "sizes": []
                                },
                                "heading_typography_letter_spacing_tablet": {
                                    "unit": "px",
                                    "size": 0,
                                    "sizes": []
                                },
                                "description_typography_font_size_tablet": {
                                    "unit": "px",
                                    "size": 16,
                                    "sizes": []
                                },
                                "description_typography_line_height_tablet": {
                                    "unit": "em",
                                    "size": 1.3000000000000000444089209850062616169452667236328125,
                                    "sizes": []
                                },
                                "description_typography_letter_spacing_tablet": {
                                    "unit": "px",
                                    "size": 0,
                                    "sizes": []
                                },
                                "button_typography_font_size_tablet": {
                                    "unit": "px",
                                    "size": 12,
                                    "sizes": []
                                },
                                "slides_height_mobile": {
                                    "unit": "px",
                                    "size": 450,
                                    "sizes": []
                                },
                                "content_max_width_mobile": {
                                    "unit": "%",
                                    "size": 80,
                                    "sizes": []
                                },
                                "slides_padding_mobile": {
                                    "unit": "px",
                                    "top": "0",
                                    "right": "0",
                                    "bottom": "0",
                                    "left": "0",
                                    "isLinked": true
                                },
                                "heading_typography_font_size_mobile": {
                                    "unit": "px",
                                    "size": 46,
                                    "sizes": []
                                },
                                "_margin_mobile": {
                                    "unit": "px",
                                    "top": "0",
                                    "right": "0",
                                    "bottom": "0",
                                    "left": "0",
                                    "isLinked": true
                                },
                                "_padding_mobile": {
                                    "unit": "px",
                                    "top": "0",
                                    "right": "0",
                                    "bottom": "0",
                                    "left": "0",
                                    "isLinked": true
                                },
                                "autoplay_speed": 2700
                            },
                            "elements": [],
                            "isInner": false,
                            "widgetType": "slides",
                            "elType": "widget"
                        }
                    ],
                    "isInner": false,
                    "elType": "column"
                }
            ],
            "isInner": false,
            "elType": "section"
        }
    ]
}