{
    "version": "0.4",
    "title": "Block: Collections",
    "type": "section",
    "metadata": {
        "template_type": "section-other",
        "include_in_zip": "1",
        "elementor_pro_required": "1",
        "wp_page_template": "elementor_header_footer"
    },
    "content": [
        {
            "id": "1d251aad",
            "settings": {
                "layout": "full_width",
                "gap": "no",
                "margin": {
                    "unit": "px",
                    "top": "0",
                    "right": 0,
                    "bottom": "0",
                    "left": 0,
                    "isLinked": true
                },
                "padding": {
                    "unit": "px",
                    "top": "0",
                    "right": "0",
                    "bottom": "0",
                    "left": "0",
                    "isLinked": true
                },
                "_title": "Best Collections",
                "overflow": "hidden"
            },
            "elements": [
                {
                    "id": "5142acd9",
                    "settings": {
                        "_column_size": 100,
                        "_inline_size": null,
                        "space_between_widgets": 0,
                        "margin": {
                            "unit": "px",
                            "top": "0",
                            "right": "0",
                            "bottom": "0",
                            "left": "0",
                            "isLinked": true
                        },
                        "padding": {
                            "unit": "px",
                            "top": "0",
                            "right": "0",
                            "bottom": "0",
                            "left": "0",
                            "isLinked": true
                        },
                        "space_between_widgets_mobile": 0
                    },
                    "elements": [
                        {
                            "id": "6b62f04e",
                            "settings": {
                                "layout": "full_width",
                                "gap": "no",
                                "structure": "40",
                                "margin": {
                                    "unit": "px",
                                    "top": "0",
                                    "right": 0,
                                    "bottom": "0",
                                    "left": 0,
                                    "isLinked": true
                                },
                                "padding": {
                                    "unit": "px",
                                    "top": "0",
                                    "right": "0",
                                    "bottom": "0",
                                    "left": "0",
                                    "isLinked": true
                                },
                                "height_inner": "min-height",
                                "content_position": "middle",
                                "custom_height_inner": {
                                    "unit": "px",
                                    "size": 600,
                                    "sizes": []
                                },
                                "custom_height_inner_mobile": {
                                    "unit": "px",
                                    "size": 1200,
                                    "sizes": []
                                }
                            },
                            "elements": [
                                {
                                    "id": "3499a4a1",
                                    "settings": {
                                        "_column_size": 25,
                                        "_inline_size": null,
                                        "space_between_widgets": 0,
                                        "background_background": "classic",
                                        "background_color": "#AA8163",
                                        "content_position": "center",
                                        "_inline_size_tablet": 100,
                                        "space_between_widgets_tablet": 0,
                                        "margin_tablet": {
                                            "unit": "px",
                                            "top": "-200",
                                            "right": "0",
                                            "bottom": "-200",
                                            "left": "0",
                                            "isLinked": false
                                        },
                                        "padding_tablet": {
                                            "unit": "px",
                                            "top": "0",
                                            "right": "0",
                                            "bottom": "0",
                                            "left": "0",
                                            "isLinked": true
                                        },
                                        "margin_mobile": {
                                            "unit": "px",
                                            "top": "0",
                                            "right": "0",
                                            "bottom": "0",
                                            "left": "0",
                                            "isLinked": true
                                        },
                                        "padding_mobile": {
                                            "unit": "px",
                                            "top": "0",
                                            "right": "0",
                                            "bottom": "0",
                                            "left": "0",
                                            "isLinked": true
                                        }
                                    },
                                    "elements": [
                                        {
                                            "id": "4ffd9b98",
                                            "settings": {
                                                "title": "Best collections",
                                                "header_size": "h4",
                                                "align": "center",
                                                "title_color": "#FFFFFF",
                                                "_margin": {
                                                    "unit": "px",
                                                    "top": "0",
                                                    "right": "0",
                                                    "bottom": "10",
                                                    "left": "0",
                                                    "isLinked": false
                                                },
                                                "_padding": {
                                                    "unit": "px",
                                                    "top": "0",
                                                    "right": "0",
                                                    "bottom": "0",
                                                    "left": "0",
                                                    "isLinked": false
                                                },
                                                "typography_typography": "custom",
                                                "typography_letter_spacing": {
                                                    "unit": "px",
                                                    "size": 1,
                                                    "sizes": []
                                                }
                                            },
                                            "elements": [],
                                            "isInner": false,
                                            "widgetType": "heading",
                                            "elType": "widget"
                                        },
                                        {
                                            "id": "6ac6dfa8",
                                            "settings": {
                                                "editor": "<p>Nunc pulvinar sapien et ligula<\/p>",
                                                "align": "center",
                                                "text_color": "#F2F2F2",
                                                "column_gap": {
                                                    "unit": "px",
                                                    "size": 0,
                                                    "sizes": []
                                                },
                                                "typography_typography": "custom"
                                            },
                                            "elements": [],
                                            "isInner": false,
                                            "widgetType": "text-editor",
                                            "elType": "widget"
                                        }
                                    ],
                                    "isInner": true,
                                    "elType": "column"
                                },
                                {
                                    "id": "2042d54",
                                    "settings": {
                                        "_column_size": 25,
                                        "_inline_size": null,
                                        "content_position": "bottom",
                                        "align": "center",
                                        "space_between_widgets": 0,
                                        "background_background": "classic",
                                        "background_image": {
                                            "url": "https:\/\/bubup.elementor.42theme.com\/wp-content\/uploads\/2020\/08\/little-girl-with-a-suitcase-at-the-airport-AGWGHQY-scaled.jpg",
                                            "id": 238
                                        },
                                        "background_position": "center center",
                                        "background_repeat": "no-repeat",
                                        "background_size": "cover",
                                        "margin": {
                                            "unit": "px",
                                            "top": "0",
                                            "right": "0",
                                            "bottom": "0",
                                            "left": "0",
                                            "isLinked": false
                                        },
                                        "_inline_size_tablet": 33,
                                        "space_between_widgets_tablet": 0,
                                        "space_between_widgets_mobile": 0,
                                        "background_position_mobile": "center center",
                                        "background_repeat_mobile": "no-repeat",
                                        "background_size_mobile": "cover",
                                        "margin_mobile": {
                                            "unit": "px",
                                            "top": "0",
                                            "right": "0",
                                            "bottom": "0",
                                            "left": "0",
                                            "isLinked": true
                                        },
                                        "padding_mobile": {
                                            "unit": "px",
                                            "top": "0",
                                            "right": "0",
                                            "bottom": "0",
                                            "left": "0",
                                            "isLinked": true
                                        },
                                        "background_overlay_hover_background": "classic",
                                        "background_overlay_hover_color": "#484848",
                                        "background_overlay_hover_opacity": {
                                            "unit": "px",
                                            "size": 0.299999999999999988897769753748434595763683319091796875,
                                            "sizes": []
                                        },
                                        "border_hover_border": "solid",
                                        "border_hover_width": {
                                            "unit": "px",
                                            "top": "0",
                                            "right": "0",
                                            "bottom": "0",
                                            "left": "0",
                                            "isLinked": false
                                        },
                                        "border_radius_hover": {
                                            "unit": "px",
                                            "top": "0",
                                            "right": "0",
                                            "bottom": "0",
                                            "left": "0",
                                            "isLinked": false
                                        }
                                    },
                                    "elements": [
                                        {
                                            "id": "4a08b2bd",
                                            "settings": {
                                                "space_mobile": {
                                                    "unit": "px",
                                                    "size": 200,
                                                    "sizes": []
                                                }
                                            },
                                            "elements": [],
                                            "isInner": false,
                                            "widgetType": "spacer",
                                            "elType": "widget"
                                        },
                                        {
                                            "id": "32297ec9",
                                            "settings": {
                                                "title": "Staycation Edit",
                                                "link": {
                                                    "url": "#",
                                                    "is_external": "",
                                                    "nofollow": "",
                                                    "custom_attributes": ""
                                                },
                                                "header_size": "h6",
                                                "align": "center",
                                                "_margin": {
                                                    "unit": "px",
                                                    "top": "0",
                                                    "right": "64",
                                                    "bottom": "24",
                                                    "left": "64",
                                                    "isLinked": false
                                                },
                                                "_padding": {
                                                    "unit": "px",
                                                    "top": "24",
                                                    "right": "38",
                                                    "bottom": "24",
                                                    "left": "48",
                                                    "isLinked": false
                                                },
                                                "_background_background": "classic",
                                                "_background_color": "#FFFFFF",
                                                "_offset_orientation_v": "end",
                                                "_element_vertical_align": "center",
                                                "_offset_orientation_h": "end",
                                                "_border_border": "solid",
                                                "_border_width": {
                                                    "unit": "px",
                                                    "top": "0",
                                                    "right": "10",
                                                    "bottom": "0",
                                                    "left": "1",
                                                    "isLinked": false
                                                },
                                                "_border_color": "#FFFFFF",
                                                "_border_hover_border": "solid",
                                                "_border_hover_width": {
                                                    "unit": "px",
                                                    "top": "0",
                                                    "right": "1",
                                                    "bottom": "0",
                                                    "left": "10",
                                                    "isLinked": false
                                                },
                                                "_border_hover_color": "#FFFFFF",
                                                "_border_radius_hover": {
                                                    "unit": "px",
                                                    "top": "0",
                                                    "right": "0",
                                                    "bottom": "0",
                                                    "left": "0",
                                                    "isLinked": false
                                                },
                                                "_margin_tablet": {
                                                    "unit": "px",
                                                    "top": "0",
                                                    "right": "32",
                                                    "bottom": "16",
                                                    "left": "32",
                                                    "isLinked": false
                                                },
                                                "typography_typography": "custom",
                                                "typography_font_size_tablet": {
                                                    "unit": "px",
                                                    "size": 14,
                                                    "sizes": []
                                                },
                                                "_padding_tablet": {
                                                    "unit": "px",
                                                    "top": "16",
                                                    "right": "24",
                                                    "bottom": "16",
                                                    "left": "24",
                                                    "isLinked": false
                                                },
                                                "_border_width_tablet": {
                                                    "unit": "px",
                                                    "top": "0",
                                                    "right": "0",
                                                    "bottom": "0",
                                                    "left": "0",
                                                    "isLinked": true
                                                },
                                                "_border_radius_tablet": {
                                                    "unit": "px",
                                                    "top": "0",
                                                    "right": "0",
                                                    "bottom": "0",
                                                    "left": "0",
                                                    "isLinked": true
                                                },
                                                "_border_hover_width_tablet": {
                                                    "unit": "px",
                                                    "top": "0",
                                                    "right": "0",
                                                    "bottom": "0",
                                                    "left": "0",
                                                    "isLinked": true
                                                },
                                                "_border_radius_hover_tablet": {
                                                    "unit": "px",
                                                    "top": "0",
                                                    "right": "0",
                                                    "bottom": "0",
                                                    "left": "0",
                                                    "isLinked": true
                                                }
                                            },
                                            "elements": [],
                                            "isInner": false,
                                            "widgetType": "heading",
                                            "elType": "widget"
                                        }
                                    ],
                                    "isInner": true,
                                    "elType": "column"
                                },
                                {
                                    "id": "2e985cf1",
                                    "settings": {
                                        "_column_size": 25,
                                        "_inline_size": null,
                                        "content_position": "bottom",
                                        "align": "center",
                                        "space_between_widgets": 0,
                                        "background_background": "classic",
                                        "background_image": {
                                            "url": "https:\/\/bubup.elementor.42theme.com\/wp-content\/uploads\/2020\/08\/little-girl-in-beautiful-pink-dress-with-tutu-skir-6HB3X3Y-scaled.jpg",
                                            "id": 237
                                        },
                                        "background_position": "center center",
                                        "background_repeat": "no-repeat",
                                        "background_size": "cover",
                                        "margin": {
                                            "unit": "px",
                                            "top": "0",
                                            "right": "0",
                                            "bottom": "00",
                                            "left": "0",
                                            "isLinked": false
                                        },
                                        "_inline_size_tablet": 33,
                                        "space_between_widgets_tablet": 0,
                                        "background_overlay_hover_background": "classic",
                                        "background_overlay_hover_color": "#484848",
                                        "background_overlay_hover_opacity": {
                                            "unit": "px",
                                            "size": 0.299999999999999988897769753748434595763683319091796875,
                                            "sizes": []
                                        }
                                    },
                                    "elements": [
                                        {
                                            "id": "56bf7e0a",
                                            "settings": {
                                                "space_mobile": {
                                                    "unit": "px",
                                                    "size": 200,
                                                    "sizes": []
                                                }
                                            },
                                            "elements": [],
                                            "isInner": false,
                                            "widgetType": "spacer",
                                            "elType": "widget"
                                        },
                                        {
                                            "id": "17b2fae4",
                                            "settings": {
                                                "title": "Holiday Collection",
                                                "link": {
                                                    "url": "#",
                                                    "is_external": "",
                                                    "nofollow": "",
                                                    "custom_attributes": ""
                                                },
                                                "header_size": "h6",
                                                "align": "center",
                                                "_margin": {
                                                    "unit": "px",
                                                    "top": "0",
                                                    "right": "64",
                                                    "bottom": "24",
                                                    "left": "64",
                                                    "isLinked": false
                                                },
                                                "_padding": {
                                                    "unit": "px",
                                                    "top": "24",
                                                    "right": "38",
                                                    "bottom": "24",
                                                    "left": "48",
                                                    "isLinked": false
                                                },
                                                "_background_background": "classic",
                                                "_background_color": "#FFFFFF",
                                                "_offset_orientation_v": "end",
                                                "_element_vertical_align": "center",
                                                "_offset_orientation_h": "end",
                                                "_border_border": "solid",
                                                "_border_width": {
                                                    "unit": "px",
                                                    "top": "0",
                                                    "right": "10",
                                                    "bottom": "0",
                                                    "left": "1",
                                                    "isLinked": false
                                                },
                                                "_border_color": "#FFFFFF",
                                                "_border_hover_border": "solid",
                                                "_border_hover_width": {
                                                    "unit": "px",
                                                    "top": "0",
                                                    "right": "1",
                                                    "bottom": "0",
                                                    "left": "10",
                                                    "isLinked": false
                                                },
                                                "_border_hover_color": "#FFFFFF",
                                                "_border_radius_hover": {
                                                    "unit": "px",
                                                    "top": "0",
                                                    "right": "0",
                                                    "bottom": "0",
                                                    "left": "0",
                                                    "isLinked": false
                                                },
                                                "typography_typography": "custom",
                                                "typography_font_size_tablet": {
                                                    "unit": "px",
                                                    "size": 14,
                                                    "sizes": []
                                                },
                                                "_margin_tablet": {
                                                    "unit": "px",
                                                    "top": "0",
                                                    "right": "32",
                                                    "bottom": "16",
                                                    "left": "32",
                                                    "isLinked": false
                                                },
                                                "_padding_tablet": {
                                                    "unit": "px",
                                                    "top": "16",
                                                    "right": "24",
                                                    "bottom": "16",
                                                    "left": "24",
                                                    "isLinked": false
                                                },
                                                "_border_width_tablet": {
                                                    "unit": "px",
                                                    "top": "0",
                                                    "right": "0",
                                                    "bottom": "0",
                                                    "left": "0",
                                                    "isLinked": true
                                                },
                                                "_border_radius_tablet": {
                                                    "unit": "px",
                                                    "top": "0",
                                                    "right": "0",
                                                    "bottom": "0",
                                                    "left": "0",
                                                    "isLinked": true
                                                },
                                                "_border_hover_width_tablet": {
                                                    "unit": "px",
                                                    "top": "0",
                                                    "right": "0",
                                                    "bottom": "0",
                                                    "left": "0",
                                                    "isLinked": true
                                                },
                                                "_border_radius_hover_tablet": {
                                                    "unit": "px",
                                                    "top": "0",
                                                    "right": "0",
                                                    "bottom": "0",
                                                    "left": "0",
                                                    "isLinked": true
                                                }
                                            },
                                            "elements": [],
                                            "isInner": false,
                                            "widgetType": "heading",
                                            "elType": "widget"
                                        }
                                    ],
                                    "isInner": true,
                                    "elType": "column"
                                },
                                {
                                    "id": "5e530163",
                                    "settings": {
                                        "_column_size": 25,
                                        "_inline_size": null,
                                        "content_position": "bottom",
                                        "align": "center",
                                        "space_between_widgets": 0,
                                        "background_background": "classic",
                                        "background_image": {
                                            "url": "https:\/\/bubup.elementor.42theme.com\/wp-content\/uploads\/2020\/08\/smiling-pretty-barefoot-girl-in-festive-dress-AXXWKNG-scaled.jpg",
                                            "id": 240
                                        },
                                        "background_position": "center center",
                                        "background_repeat": "no-repeat",
                                        "background_size": "cover",
                                        "margin": {
                                            "unit": "px",
                                            "top": "0",
                                            "right": "0",
                                            "bottom": "00",
                                            "left": "0",
                                            "isLinked": false
                                        },
                                        "_inline_size_tablet": 34,
                                        "space_between_widgets_tablet": 0,
                                        "background_overlay_hover_background": "classic",
                                        "background_overlay_hover_color": "#484848",
                                        "background_overlay_hover_opacity": {
                                            "unit": "px",
                                            "size": 0.299999999999999988897769753748434595763683319091796875,
                                            "sizes": []
                                        }
                                    },
                                    "elements": [
                                        {
                                            "id": "15280dcd",
                                            "settings": {
                                                "space_mobile": {
                                                    "unit": "px",
                                                    "size": 200,
                                                    "sizes": []
                                                }
                                            },
                                            "elements": [],
                                            "isInner": false,
                                            "widgetType": "spacer",
                                            "elType": "widget"
                                        },
                                        {
                                            "id": "107130d1",
                                            "settings": {
                                                "title": "Summer Edit",
                                                "link": {
                                                    "url": "#",
                                                    "is_external": "",
                                                    "nofollow": "",
                                                    "custom_attributes": ""
                                                },
                                                "header_size": "h6",
                                                "align": "center",
                                                "_margin": {
                                                    "unit": "px",
                                                    "top": "0",
                                                    "right": "64",
                                                    "bottom": "24",
                                                    "left": "64",
                                                    "isLinked": false
                                                },
                                                "_padding": {
                                                    "unit": "px",
                                                    "top": "24",
                                                    "right": "38",
                                                    "bottom": "24",
                                                    "left": "48",
                                                    "isLinked": false
                                                },
                                                "_background_background": "classic",
                                                "_background_color": "#FFFFFF",
                                                "_offset_orientation_v": "end",
                                                "_element_vertical_align": "center",
                                                "_offset_orientation_h": "end",
                                                "_border_border": "solid",
                                                "_border_width": {
                                                    "unit": "px",
                                                    "top": "0",
                                                    "right": "10",
                                                    "bottom": "0",
                                                    "left": "1",
                                                    "isLinked": false
                                                },
                                                "_border_color": "#FFFFFF",
                                                "_border_hover_border": "solid",
                                                "_border_hover_width": {
                                                    "unit": "px",
                                                    "top": "0",
                                                    "right": "1",
                                                    "bottom": "0",
                                                    "left": "10",
                                                    "isLinked": false
                                                },
                                                "_border_hover_color": "#FFFFFF",
                                                "_border_radius_hover": {
                                                    "unit": "px",
                                                    "top": "0",
                                                    "right": "0",
                                                    "bottom": "0",
                                                    "left": "0",
                                                    "isLinked": false
                                                },
                                                "typography_typography": "custom",
                                                "typography_font_size_tablet": {
                                                    "unit": "px",
                                                    "size": 14,
                                                    "sizes": []
                                                },
                                                "_margin_tablet": {
                                                    "unit": "px",
                                                    "top": "0",
                                                    "right": "32",
                                                    "bottom": "16",
                                                    "left": "32",
                                                    "isLinked": false
                                                },
                                                "_padding_tablet": {
                                                    "unit": "px",
                                                    "top": "16",
                                                    "right": "24",
                                                    "bottom": "16",
                                                    "left": "24",
                                                    "isLinked": false
                                                },
                                                "_border_width_tablet": {
                                                    "unit": "px",
                                                    "top": "0",
                                                    "right": "0",
                                                    "bottom": "0",
                                                    "left": "0",
                                                    "isLinked": true
                                                },
                                                "_border_radius_tablet": {
                                                    "unit": "px",
                                                    "top": "0",
                                                    "right": "0",
                                                    "bottom": "0",
                                                    "left": "0",
                                                    "isLinked": true
                                                },
                                                "_border_hover_width_tablet": {
                                                    "unit": "px",
                                                    "top": "0",
                                                    "right": "0",
                                                    "bottom": "0",
                                                    "left": "0",
                                                    "isLinked": true
                                                },
                                                "_border_radius_hover_tablet": {
                                                    "unit": "px",
                                                    "top": "0",
                                                    "right": "0",
                                                    "bottom": "0",
                                                    "left": "0",
                                                    "isLinked": true
                                                }
                                            },
                                            "elements": [],
                                            "isInner": false,
                                            "widgetType": "heading",
                                            "elType": "widget"
                                        }
                                    ],
                                    "isInner": true,
                                    "elType": "column"
                                }
                            ],
                            "isInner": true,
                            "elType": "section"
                        }
                    ],
                    "isInner": false,
                    "elType": "column"
                }
            ],
            "isInner": false,
            "elType": "section"
        }
    ]
}