{
    "version": "0.4",
    "title": "Block: Workshop",
    "type": "section",
    "metadata": {
        "template_type": "section-other",
        "include_in_zip": "1",
        "elementor_pro_required": "1",
        "wp_page_template": "elementor_header_footer"
    },
    "content": [
        {
            "id": "274dbc7c",
            "settings": {
                "layout": "full_width",
                "gap": "no",
                "height": "min-height",
                "background_background": "classic",
                "background_image": {
                    "url": "https:\/\/bubup.elementor.42theme.com\/wp-content\/uploads\/2020\/08\/handmade-toy-making-artisan-workplace-PA82UB3-1-scaled.jpg",
                    "id": 1721
                },
                "background_position": "center center",
                "background_repeat": "no-repeat",
                "background_size": "cover",
                "background_overlay_background": "classic",
                "background_overlay_color": "#484848",
                "background_overlay_opacity": {
                    "unit": "px",
                    "size": 0.25,
                    "sizes": []
                },
                "margin": {
                    "unit": "px",
                    "top": "0",
                    "right": 0,
                    "bottom": "180",
                    "left": 0,
                    "isLinked": false
                },
                "_title": "Our Workshop",
                "custom_height_tablet": {
                    "unit": "px",
                    "size": 300,
                    "sizes": []
                },
                "margin_tablet": {
                    "unit": "px",
                    "top": "0",
                    "right": 0,
                    "bottom": "90",
                    "left": 0,
                    "isLinked": false
                },
                "padding_tablet": {
                    "unit": "px",
                    "top": "0",
                    "right": "0",
                    "bottom": "0",
                    "left": "0",
                    "isLinked": true
                },
                "custom_height_mobile": {
                    "unit": "px",
                    "size": 200,
                    "sizes": []
                },
                "margin_mobile": {
                    "unit": "px",
                    "top": "60",
                    "right": 0,
                    "bottom": "60",
                    "left": 0,
                    "isLinked": false
                },
                "padding_mobile": {
                    "unit": "px",
                    "top": "0",
                    "right": "15",
                    "bottom": "0",
                    "left": "15",
                    "isLinked": false
                }
            },
            "elements": [
                {
                    "id": "44104c83",
                    "settings": {
                        "_column_size": 100,
                        "_inline_size": null,
                        "space_between_widgets": 0,
                        "margin": {
                            "unit": "px",
                            "top": "0",
                            "right": "0",
                            "bottom": "0",
                            "left": "0",
                            "isLinked": true
                        },
                        "padding": {
                            "unit": "px",
                            "top": "0",
                            "right": "0",
                            "bottom": "0",
                            "left": "0",
                            "isLinked": true
                        }
                    },
                    "elements": [
                        {
                            "id": "6945e2aa",
                            "settings": {
                                "editor": "Our Workshop",
                                "align": "center",
                                "text_color": "#F7F7F7",
                                "typography_typography": "custom",
                                "typography_font_family": "Montserrat",
                                "typography_font_size": {
                                    "unit": "px",
                                    "size": 16,
                                    "sizes": []
                                },
                                "typography_font_size_tablet": {
                                    "unit": "px",
                                    "size": 14,
                                    "sizes": []
                                },
                                "typography_font_size_mobile": {
                                    "unit": "px",
                                    "size": 14,
                                    "sizes": []
                                },
                                "typography_font_weight": "500",
                                "typography_text_transform": "uppercase",
                                "typography_letter_spacing": {
                                    "unit": "px",
                                    "size": 1,
                                    "sizes": []
                                },
                                "column_gap": {
                                    "unit": "px",
                                    "size": 0,
                                    "sizes": []
                                },
                                "_margin": {
                                    "unit": "px",
                                    "top": "0",
                                    "right": "0",
                                    "bottom": "8",
                                    "left": "0",
                                    "isLinked": false
                                },
                                "_padding": {
                                    "unit": "px",
                                    "top": "0",
                                    "right": "0",
                                    "bottom": "0",
                                    "left": "0",
                                    "isLinked": true
                                }
                            },
                            "elements": [],
                            "isInner": false,
                            "widgetType": "text-editor",
                            "elType": "widget"
                        },
                        {
                            "id": "195459a6",
                            "settings": {
                                "title": "A Place of Commitment and Creativity ",
                                "align": "center",
                                "title_color": "#FFFFFF",
                                "_padding": {
                                    "unit": "px",
                                    "top": "0",
                                    "right": "400",
                                    "bottom": "0",
                                    "left": "400",
                                    "isLinked": false
                                },
                                "_margin_tablet": {
                                    "unit": "px",
                                    "top": "0",
                                    "right": "0",
                                    "bottom": "0",
                                    "left": "0",
                                    "isLinked": true
                                },
                                "_padding_tablet": {
                                    "unit": "px",
                                    "top": "0",
                                    "right": "200",
                                    "bottom": "0",
                                    "left": "200",
                                    "isLinked": false
                                },
                                "_margin_mobile": {
                                    "unit": "px",
                                    "top": "0",
                                    "right": "0",
                                    "bottom": "0",
                                    "left": "0",
                                    "isLinked": true
                                },
                                "_padding_mobile": {
                                    "unit": "px",
                                    "top": "0",
                                    "right": "0",
                                    "bottom": "0",
                                    "left": "0",
                                    "isLinked": true
                                }
                            },
                            "elements": [],
                            "isInner": false,
                            "widgetType": "heading",
                            "elType": "widget"
                        }
                    ],
                    "isInner": false,
                    "elType": "column"
                }
            ],
            "isInner": false,
            "elType": "section"
        }
    ]
}