{
    "version": "0.4",
    "title": "Block: Values",
    "type": "section",
    "metadata": {
        "template_type": "section-other",
        "include_in_zip": "1",
        "elementor_pro_required": "1",
        "wp_page_template": "elementor_header_footer"
    },
    "content": [
        {
            "id": "62a5cbf7",
            "settings": {
                "gap": "no",
                "margin": {
                    "unit": "px",
                    "top": "0",
                    "right": 0,
                    "bottom": "180",
                    "left": 0,
                    "isLinked": false
                },
                "margin_tablet": {
                    "unit": "px",
                    "top": "0",
                    "right": 0,
                    "bottom": "90",
                    "left": 0,
                    "isLinked": false
                },
                "margin_mobile": {
                    "unit": "px",
                    "top": "0",
                    "right": 0,
                    "bottom": "60",
                    "left": 0,
                    "isLinked": false
                },
                "padding_tablet": {
                    "unit": "px",
                    "top": "0",
                    "right": "30",
                    "bottom": "0",
                    "left": "30",
                    "isLinked": false
                },
                "padding_mobile": {
                    "unit": "px",
                    "top": "0",
                    "right": "15",
                    "bottom": "0",
                    "left": "15",
                    "isLinked": false
                },
                "_title": "Our Values"
            },
            "elements": [
                {
                    "id": "5ca5807d",
                    "settings": {
                        "_column_size": 100,
                        "_inline_size": null,
                        "space_between_widgets": 0
                    },
                    "elements": [
                        {
                            "id": "445fd9a9",
                            "settings": {
                                "title": "Our Values Underpin Our<br\/>Company Culture",
                                "align": "center",
                                "typography_typography": "custom",
                                "typography_font_size_mobile": {
                                    "unit": "px",
                                    "size": 20,
                                    "sizes": []
                                }
                            },
                            "elements": [],
                            "isInner": false,
                            "widgetType": "heading",
                            "elType": "widget"
                        },
                        {
                            "id": "5fedbdad",
                            "settings": {
                                "image": {
                                    "url": "https:\/\/bubup.elementor.42theme.com\/wp-content\/uploads\/2020\/08\/cloud2.png",
                                    "id": 551
                                },
                                "motion_fx_motion_fx_mouse": "yes",
                                "motion_fx_mouseTrack_effect": "yes",
                                "motion_fx_mouseTrack_speed": {
                                    "unit": "px",
                                    "size": 0.299999999999999988897769753748434595763683319091796875,
                                    "sizes": []
                                },
                                "_animation": "fadeInLeft",
                                "_animation_tablet": "none",
                                "_animation_mobile": "none",
                                "animation_duration": "slow",
                                "_animation_delay": 0,
                                "_element_width": "initial",
                                "_element_custom_width": {
                                    "unit": "%",
                                    "size": 20,
                                    "sizes": []
                                },
                                "_position": "absolute",
                                "_offset_x": {
                                    "size": -271.35899999999998044586391188204288482666015625,
                                    "unit": "px"
                                },
                                "_offset_y": {
                                    "size": 495.9379999999999881765688769519329071044921875,
                                    "unit": "px"
                                },
                                "_element_width_tablet": "initial",
                                "_element_custom_width_tablet": {
                                    "unit": "%",
                                    "size": 22,
                                    "sizes": []
                                },
                                "_offset_x_tablet": {
                                    "size": -32,
                                    "unit": "px"
                                },
                                "_offset_x_mobile": {
                                    "size": -42,
                                    "unit": "px"
                                },
                                "_offset_y_tablet": {
                                    "size": 411.9379999999999881765688769519329071044921875,
                                    "unit": "px"
                                },
                                "_offset_y_mobile": {
                                    "size": 295.9379999999999881765688769519329071044921875,
                                    "unit": "px"
                                },
                                "hide_mobile": "hidden-phone"
                            },
                            "elements": [],
                            "isInner": false,
                            "widgetType": "image",
                            "elType": "widget"
                        },
                        {
                            "id": "7f3dc5d9",
                            "settings": {
                                "gap": "no",
                                "structure": "40",
                                "margin": {
                                    "unit": "px",
                                    "top": "80",
                                    "right": 0,
                                    "bottom": "0",
                                    "left": 0,
                                    "isLinked": false
                                },
                                "padding": {
                                    "unit": "px",
                                    "top": "0",
                                    "right": "0",
                                    "bottom": "0",
                                    "left": "0",
                                    "isLinked": true
                                },
                                "margin_mobile": {
                                    "unit": "px",
                                    "top": "30",
                                    "right": 0,
                                    "bottom": "0",
                                    "left": 0,
                                    "isLinked": false
                                },
                                "padding_mobile": {
                                    "unit": "px",
                                    "top": "0",
                                    "right": "0",
                                    "bottom": "0",
                                    "left": "0",
                                    "isLinked": true
                                }
                            },
                            "elements": [
                                {
                                    "id": "127fc128",
                                    "settings": {
                                        "_column_size": 25,
                                        "_inline_size": null,
                                        "space_between_widgets": 0,
                                        "margin": {
                                            "unit": "px",
                                            "top": "0",
                                            "right": "20",
                                            "bottom": "0",
                                            "left": "5",
                                            "isLinked": false
                                        },
                                        "space_between_widgets_tablet": 0,
                                        "margin_tablet": {
                                            "unit": "px",
                                            "top": "0",
                                            "right": "15",
                                            "bottom": "0",
                                            "left": "0",
                                            "isLinked": false
                                        },
                                        "margin_mobile": {
                                            "unit": "px",
                                            "top": "0",
                                            "right": "0",
                                            "bottom": "0",
                                            "left": "0",
                                            "isLinked": true
                                        }
                                    },
                                    "elements": [
                                        {
                                            "id": "5d40a7ce",
                                            "settings": {
                                                "image": {
                                                    "url": "https:\/\/bubup.elementor.42theme.com\/wp-content\/uploads\/2020\/08\/elephant.png",
                                                    "id": 584
                                                },
                                                "title_text": "Respect & Fairness",
                                                "description_text": "Ipsum dolor sit amet odio ut sem nulla pharet tur.",
                                                "title_size": "h6",
                                                "image_space": {
                                                    "unit": "px",
                                                    "size": 20,
                                                    "sizes": []
                                                },
                                                "image_size": {
                                                    "unit": "%",
                                                    "size": 50,
                                                    "sizes": []
                                                },
                                                "text_align": "center",
                                                "title_color": "#9E7456",
                                                "_animation_tablet": "none",
                                                "_animation_mobile": "none",
                                                "animation_duration": "fast",
                                                "image_space_tablet": {
                                                    "unit": "px",
                                                    "size": 0,
                                                    "sizes": []
                                                },
                                                "image_space_mobile": {
                                                    "unit": "px",
                                                    "size": 0,
                                                    "sizes": []
                                                },
                                                "image_size_tablet": {
                                                    "unit": "%",
                                                    "size": 80,
                                                    "sizes": []
                                                },
                                                "image_size_mobile": {
                                                    "unit": "%",
                                                    "size": 60,
                                                    "sizes": []
                                                },
                                                "title_typography_typography": "custom",
                                                "title_typography_font_size_tablet": {
                                                    "unit": "px",
                                                    "size": 14,
                                                    "sizes": []
                                                },
                                                "title_typography_font_size_mobile": {
                                                    "unit": "px",
                                                    "size": 16,
                                                    "sizes": []
                                                },
                                                "title_typography_line_height_tablet": {
                                                    "unit": "em",
                                                    "size": 1,
                                                    "sizes": []
                                                },
                                                "title_typography_line_height_mobile": {
                                                    "unit": "em",
                                                    "size": 1,
                                                    "sizes": []
                                                },
                                                "description_typography_typography": "custom"
                                            },
                                            "elements": [],
                                            "isInner": false,
                                            "widgetType": "image-box",
                                            "elType": "widget"
                                        }
                                    ],
                                    "isInner": true,
                                    "elType": "column"
                                },
                                {
                                    "id": "1033b3c0",
                                    "settings": {
                                        "_column_size": 25,
                                        "_inline_size": null,
                                        "space_between_widgets": 0,
                                        "margin": {
                                            "unit": "px",
                                            "top": "0",
                                            "right": "20",
                                            "bottom": "0",
                                            "left": "5",
                                            "isLinked": false
                                        },
                                        "space_between_widgets_tablet": 0,
                                        "margin_tablet": {
                                            "unit": "px",
                                            "top": "0",
                                            "right": "15",
                                            "bottom": "0",
                                            "left": "0",
                                            "isLinked": false
                                        },
                                        "margin_mobile": {
                                            "unit": "px",
                                            "top": "30",
                                            "right": "0",
                                            "bottom": "0",
                                            "left": "0",
                                            "isLinked": false
                                        }
                                    },
                                    "elements": [
                                        {
                                            "id": "33a7779b",
                                            "settings": {
                                                "image": {
                                                    "url": "https:\/\/bubup.elementor.42theme.com\/wp-content\/uploads\/2020\/08\/1-1.png",
                                                    "id": 2859
                                                },
                                                "title_text": "Sustainability",
                                                "description_text": "Netus et malesuada fames ac turpis egestas.",
                                                "title_size": "h6",
                                                "image_space": {
                                                    "unit": "px",
                                                    "size": 20,
                                                    "sizes": []
                                                },
                                                "image_size": {
                                                    "unit": "%",
                                                    "size": 50,
                                                    "sizes": []
                                                },
                                                "text_align": "center",
                                                "title_color": "#9E7456",
                                                "_animation_tablet": "none",
                                                "_animation_mobile": "none",
                                                "animation_duration": "fast",
                                                "image_space_tablet": {
                                                    "unit": "px",
                                                    "size": 0,
                                                    "sizes": []
                                                },
                                                "image_space_mobile": {
                                                    "unit": "px",
                                                    "size": 0,
                                                    "sizes": []
                                                },
                                                "image_size_tablet": {
                                                    "unit": "%",
                                                    "size": 80,
                                                    "sizes": []
                                                },
                                                "image_size_mobile": {
                                                    "unit": "%",
                                                    "size": 60,
                                                    "sizes": []
                                                },
                                                "title_typography_typography": "custom",
                                                "title_typography_font_size_tablet": {
                                                    "unit": "px",
                                                    "size": 14,
                                                    "sizes": []
                                                },
                                                "title_typography_font_size_mobile": {
                                                    "unit": "px",
                                                    "size": 16,
                                                    "sizes": []
                                                },
                                                "title_typography_line_height_tablet": {
                                                    "unit": "em",
                                                    "size": 1,
                                                    "sizes": []
                                                },
                                                "title_typography_line_height_mobile": {
                                                    "unit": "em",
                                                    "size": 1,
                                                    "sizes": []
                                                },
                                                "description_typography_typography": "custom"
                                            },
                                            "elements": [],
                                            "isInner": false,
                                            "widgetType": "image-box",
                                            "elType": "widget"
                                        }
                                    ],
                                    "isInner": true,
                                    "elType": "column"
                                },
                                {
                                    "id": "6baf7395",
                                    "settings": {
                                        "_column_size": 25,
                                        "_inline_size": null,
                                        "space_between_widgets": 0,
                                        "margin": {
                                            "unit": "px",
                                            "top": "0",
                                            "right": "20",
                                            "bottom": "0",
                                            "left": "5",
                                            "isLinked": false
                                        },
                                        "space_between_widgets_tablet": 0,
                                        "margin_tablet": {
                                            "unit": "px",
                                            "top": "0",
                                            "right": "15",
                                            "bottom": "0",
                                            "left": "0",
                                            "isLinked": false
                                        },
                                        "margin_mobile": {
                                            "unit": "px",
                                            "top": "30",
                                            "right": "0",
                                            "bottom": "0",
                                            "left": "0",
                                            "isLinked": false
                                        }
                                    },
                                    "elements": [
                                        {
                                            "id": "421d95d8",
                                            "settings": {
                                                "image": {
                                                    "url": "https:\/\/bubup.elementor.42theme.com\/wp-content\/uploads\/2020\/08\/fox.png",
                                                    "id": 585
                                                },
                                                "title_text": "Creativity",
                                                "description_text": "Amet purus gravida quis blandit turpis cursus.",
                                                "title_size": "h6",
                                                "image_space": {
                                                    "unit": "px",
                                                    "size": 20,
                                                    "sizes": []
                                                },
                                                "image_size": {
                                                    "unit": "%",
                                                    "size": 50,
                                                    "sizes": []
                                                },
                                                "text_align": "center",
                                                "title_color": "#9E7456",
                                                "_animation_tablet": "none",
                                                "_animation_mobile": "none",
                                                "animation_duration": "fast",
                                                "image_space_tablet": {
                                                    "unit": "px",
                                                    "size": 0,
                                                    "sizes": []
                                                },
                                                "image_space_mobile": {
                                                    "unit": "px",
                                                    "size": 0,
                                                    "sizes": []
                                                },
                                                "image_size_tablet": {
                                                    "unit": "%",
                                                    "size": 80,
                                                    "sizes": []
                                                },
                                                "image_size_mobile": {
                                                    "unit": "%",
                                                    "size": 60,
                                                    "sizes": []
                                                },
                                                "title_typography_typography": "custom",
                                                "title_typography_font_size_tablet": {
                                                    "unit": "px",
                                                    "size": 14,
                                                    "sizes": []
                                                },
                                                "title_typography_font_size_mobile": {
                                                    "unit": "px",
                                                    "size": 16,
                                                    "sizes": []
                                                },
                                                "title_typography_line_height_tablet": {
                                                    "unit": "em",
                                                    "size": 1,
                                                    "sizes": []
                                                },
                                                "title_typography_line_height_mobile": {
                                                    "unit": "em",
                                                    "size": 1,
                                                    "sizes": []
                                                },
                                                "description_typography_typography": "custom"
                                            },
                                            "elements": [],
                                            "isInner": false,
                                            "widgetType": "image-box",
                                            "elType": "widget"
                                        }
                                    ],
                                    "isInner": true,
                                    "elType": "column"
                                },
                                {
                                    "id": "19d264b0",
                                    "settings": {
                                        "_column_size": 25,
                                        "_inline_size": null,
                                        "space_between_widgets": 0,
                                        "margin": {
                                            "unit": "px",
                                            "top": "0",
                                            "right": "20",
                                            "bottom": "0",
                                            "left": "5",
                                            "isLinked": false
                                        },
                                        "space_between_widgets_tablet": 0,
                                        "margin_tablet": {
                                            "unit": "px",
                                            "top": "0",
                                            "right": "15",
                                            "bottom": "0",
                                            "left": "0",
                                            "isLinked": false
                                        },
                                        "margin_mobile": {
                                            "unit": "px",
                                            "top": "30",
                                            "right": "0",
                                            "bottom": "0",
                                            "left": "0",
                                            "isLinked": false
                                        }
                                    },
                                    "elements": [
                                        {
                                            "id": "61b89f06",
                                            "settings": {
                                                "image": {
                                                    "url": "https:\/\/bubup.elementor.42theme.com\/wp-content\/uploads\/2020\/08\/lamb.png",
                                                    "id": 587
                                                },
                                                "title_text": "Love & Kindness",
                                                "description_text": "Sed pulvinar proin gravida hendrerit lectus a.",
                                                "title_size": "h6",
                                                "image_space": {
                                                    "unit": "px",
                                                    "size": 20,
                                                    "sizes": []
                                                },
                                                "image_size": {
                                                    "unit": "%",
                                                    "size": 50,
                                                    "sizes": []
                                                },
                                                "text_align": "center",
                                                "title_color": "#9E7456",
                                                "_animation_tablet": "none",
                                                "_animation_mobile": "none",
                                                "animation_duration": "fast",
                                                "image_space_tablet": {
                                                    "unit": "px",
                                                    "size": 0,
                                                    "sizes": []
                                                },
                                                "image_space_mobile": {
                                                    "unit": "px",
                                                    "size": 0,
                                                    "sizes": []
                                                },
                                                "image_size_tablet": {
                                                    "unit": "%",
                                                    "size": 80,
                                                    "sizes": []
                                                },
                                                "image_size_mobile": {
                                                    "unit": "%",
                                                    "size": 60,
                                                    "sizes": []
                                                },
                                                "title_typography_typography": "custom",
                                                "title_typography_font_size_tablet": {
                                                    "unit": "px",
                                                    "size": 14,
                                                    "sizes": []
                                                },
                                                "title_typography_font_size_mobile": {
                                                    "unit": "px",
                                                    "size": 16,
                                                    "sizes": []
                                                },
                                                "title_typography_line_height_tablet": {
                                                    "unit": "em",
                                                    "size": 1,
                                                    "sizes": []
                                                },
                                                "title_typography_line_height_mobile": {
                                                    "unit": "em",
                                                    "size": 1,
                                                    "sizes": []
                                                },
                                                "description_typography_typography": "custom"
                                            },
                                            "elements": [],
                                            "isInner": false,
                                            "widgetType": "image-box",
                                            "elType": "widget"
                                        }
                                    ],
                                    "isInner": true,
                                    "elType": "column"
                                }
                            ],
                            "isInner": true,
                            "elType": "section"
                        },
                        {
                            "id": "9d2c56",
                            "settings": {
                                "image": {
                                    "url": "https:\/\/bubup.elementor.42theme.com\/wp-content\/uploads\/2020\/08\/balloon5.png",
                                    "id": 628
                                },
                                "motion_fx_motion_fx_mouse": "yes",
                                "motion_fx_mouseTrack_effect": "yes",
                                "motion_fx_mouseTrack_speed": {
                                    "unit": "px",
                                    "size": 0.5,
                                    "sizes": []
                                },
                                "_animation": "fadeInUp",
                                "_animation_tablet": "none",
                                "_animation_mobile": "none",
                                "animation_duration": "slow",
                                "_animation_delay": 0,
                                "_element_width": "initial",
                                "_element_custom_width": {
                                    "unit": "%",
                                    "size": 11,
                                    "sizes": []
                                },
                                "_position": "absolute",
                                "_offset_x": {
                                    "size": 1187.5940000000000509317032992839813232421875,
                                    "unit": "px"
                                },
                                "_offset_y": {
                                    "size": -42.0619999999999976125764078460633754730224609375,
                                    "unit": "px"
                                },
                                "motion_fx_mouseTrack_direction": "negative",
                                "_element_width_tablet": "initial",
                                "_element_custom_width_tablet": {
                                    "unit": "%",
                                    "size": 14,
                                    "sizes": []
                                },
                                "_offset_x_tablet": {
                                    "size": 641,
                                    "unit": "px"
                                },
                                "_offset_y_tablet": {
                                    "size": -82.046999999999997044142219237983226776123046875,
                                    "unit": "px"
                                },
                                "hide_mobile": "hidden-phone"
                            },
                            "elements": [],
                            "isInner": false,
                            "widgetType": "image",
                            "elType": "widget"
                        }
                    ],
                    "isInner": false,
                    "elType": "column"
                }
            ],
            "isInner": false,
            "elType": "section"
        }
    ]
}