{
    "version": "0.4",
    "title": "Block: Contact",
    "type": "section",
    "metadata": {
        "template_type": "section-contact",
        "include_in_zip": "1",
        "elementor_pro_required": "1",
        "wp_page_template": "elementor_header_footer"
    },
    "content": [
        {
            "id": "32103f85",
            "settings": {
                "gap": "no",
                "margin": {
                    "unit": "px",
                    "top": "0",
                    "right": 0,
                    "bottom": "180",
                    "left": 0,
                    "isLinked": false
                },
                "padding": {
                    "unit": "px",
                    "top": "0",
                    "right": "0",
                    "bottom": "0",
                    "left": "0",
                    "isLinked": true
                },
                "_title": "Contact",
                "margin_tablet": {
                    "unit": "px",
                    "top": "0",
                    "right": 0,
                    "bottom": "90",
                    "left": 0,
                    "isLinked": false
                },
                "padding_tablet": {
                    "unit": "px",
                    "top": "0",
                    "right": "30",
                    "bottom": "0",
                    "left": "30",
                    "isLinked": false
                },
                "margin_mobile": {
                    "unit": "px",
                    "top": "0",
                    "right": 0,
                    "bottom": "60",
                    "left": 0,
                    "isLinked": false
                },
                "padding_mobile": {
                    "unit": "px",
                    "top": "0",
                    "right": "15",
                    "bottom": "0",
                    "left": "15",
                    "isLinked": false
                }
            },
            "elements": [
                {
                    "id": "142f4972",
                    "settings": {
                        "_column_size": 100,
                        "_inline_size": null,
                        "space_between_widgets": 0,
                        "margin": {
                            "unit": "px",
                            "top": "0",
                            "right": "0",
                            "bottom": "0",
                            "left": "0",
                            "isLinked": true
                        },
                        "padding": {
                            "unit": "px",
                            "top": "0",
                            "right": "0",
                            "bottom": "0",
                            "left": "0",
                            "isLinked": true
                        }
                    },
                    "elements": [
                        {
                            "id": "3d2ef387",
                            "settings": {
                                "gap": "no",
                                "structure": "20",
                                "margin": {
                                    "unit": "px",
                                    "top": "0",
                                    "right": 0,
                                    "bottom": "0",
                                    "left": 0,
                                    "isLinked": true
                                },
                                "padding": {
                                    "unit": "px",
                                    "top": "0",
                                    "right": "0",
                                    "bottom": "0",
                                    "left": "0",
                                    "isLinked": true
                                },
                                "margin_mobile": {
                                    "unit": "px",
                                    "top": "0",
                                    "right": 0,
                                    "bottom": "0",
                                    "left": 0,
                                    "isLinked": true
                                }
                            },
                            "elements": [
                                {
                                    "id": "d471278",
                                    "settings": {
                                        "_column_size": 50,
                                        "_inline_size": 40,
                                        "space_between_widgets": 0,
                                        "animation": "none",
                                        "animation_tablet": "none",
                                        "animation_mobile": "none",
                                        "animation_delay": 0,
                                        "_inline_size_mobile": 100,
                                        "space_between_widgets_mobile": 0,
                                        "margin_mobile": {
                                            "unit": "px",
                                            "top": "0",
                                            "right": "0",
                                            "bottom": "20",
                                            "left": "0",
                                            "isLinked": false
                                        }
                                    },
                                    "elements": [
                                        {
                                            "id": "7a403fdc",
                                            "settings": {
                                                "image": {
                                                    "url": "https:\/\/bubup.elementor.42theme.com\/wp-content\/uploads\/2020\/08\/young-african-american-girl-with-dark-curly-hair-s-PXL2NY9-scaled.jpg",
                                                    "id": 426
                                                },
                                                "image_size": "1536x1536"
                                            },
                                            "elements": [],
                                            "isInner": false,
                                            "widgetType": "image",
                                            "elType": "widget"
                                        }
                                    ],
                                    "isInner": true,
                                    "elType": "column"
                                },
                                {
                                    "id": "5bd1be1c",
                                    "settings": {
                                        "_column_size": 50,
                                        "_inline_size": 60,
                                        "content_position": "center",
                                        "space_between_widgets": 0,
                                        "margin": {
                                            "unit": "px",
                                            "top": "0",
                                            "right": "0",
                                            "bottom": "0",
                                            "left": "0",
                                            "isLinked": true
                                        },
                                        "padding": {
                                            "unit": "px",
                                            "top": "0",
                                            "right": "0",
                                            "bottom": "0",
                                            "left": "90",
                                            "isLinked": false
                                        },
                                        "content_position_tablet": "center",
                                        "space_between_widgets_tablet": 0,
                                        "padding_tablet": {
                                            "unit": "px",
                                            "top": "0",
                                            "right": "0",
                                            "bottom": "0",
                                            "left": "30",
                                            "isLinked": false
                                        },
                                        "animation": "none",
                                        "animation_tablet": "none",
                                        "animation_mobile": "none",
                                        "animation_delay": 0,
                                        "_inline_size_mobile": 100,
                                        "space_between_widgets_mobile": 0,
                                        "margin_mobile": {
                                            "unit": "px",
                                            "top": "0",
                                            "right": "0",
                                            "bottom": "0",
                                            "left": "0",
                                            "isLinked": true
                                        },
                                        "padding_mobile": {
                                            "unit": "px",
                                            "top": "0",
                                            "right": "0",
                                            "bottom": "0",
                                            "left": "0",
                                            "isLinked": true
                                        }
                                    },
                                    "elements": [
                                        {
                                            "id": "652a942e",
                                            "settings": {
                                                "title": "Visit Our Store in the Beautiful City Center",
                                                "align": "left",
                                                "align_mobile": "center"
                                            },
                                            "elements": [],
                                            "isInner": false,
                                            "widgetType": "heading",
                                            "elType": "widget"
                                        },
                                        {
                                            "id": "a80ca98",
                                            "settings": {
                                                "editor": "1153 Nostrand Ave\nBrooklyn, NY 11225, US\n\n<br\/>Phone: + 111 - 10 25 968\n<br\/>Email: info@42Theme.com\n\n<br>Opening Hours\n<br\/>Monday\u2013Friday: 9 am \u2013 6 pm\n<br\/>Saturday: 10 am \u2013 7 pm",
                                                "_margin": {
                                                    "unit": "px",
                                                    "top": "30",
                                                    "right": "0",
                                                    "bottom": "50",
                                                    "left": "0",
                                                    "isLinked": false
                                                },
                                                "_padding": {
                                                    "unit": "px",
                                                    "top": "0",
                                                    "right": "0",
                                                    "bottom": "0",
                                                    "left": "0",
                                                    "isLinked": true
                                                },
                                                "align": "left",
                                                "text_columns": "2",
                                                "text_columns_tablet": "1",
                                                "column_gap": {
                                                    "unit": "px",
                                                    "size": 60,
                                                    "sizes": []
                                                },
                                                "column_gap_tablet": {
                                                    "unit": "px",
                                                    "size": 30,
                                                    "sizes": []
                                                },
                                                "align_mobile": "left",
                                                "_margin_mobile": {
                                                    "unit": "px",
                                                    "top": "20",
                                                    "right": "0",
                                                    "bottom": "30",
                                                    "left": "0",
                                                    "isLinked": false
                                                }
                                            },
                                            "elements": [],
                                            "isInner": false,
                                            "widgetType": "text-editor",
                                            "elType": "widget"
                                        },
                                        {
                                            "id": "66f56ece",
                                            "settings": {
                                                "text": "Contact",
                                                "button_text_color": "#1A1A1A",
                                                "background_color": "#FFFFFF",
                                                "button_hover_border_color": "#A3A3A3",
                                                "border_border": "solid",
                                                "border_width": {
                                                    "unit": "px",
                                                    "top": "1",
                                                    "right": "1",
                                                    "bottom": "1",
                                                    "left": "1",
                                                    "isLinked": true
                                                },
                                                "border_color": "rgba(163, 163, 163, 0.5)",
                                                "border_radius": {
                                                    "unit": "px",
                                                    "top": "4",
                                                    "right": "4",
                                                    "bottom": "4",
                                                    "left": "4",
                                                    "isLinked": true
                                                },
                                                "align_mobile": "justify"
                                            },
                                            "elements": [],
                                            "isInner": false,
                                            "widgetType": "button",
                                            "elType": "widget"
                                        },
                                        {
                                            "id": "1769280c",
                                            "settings": {
                                                "image": {
                                                    "url": "https:\/\/bubup.elementor.42theme.com\/wp-content\/uploads\/2020\/08\/hut2.png",
                                                    "id": 630
                                                },
                                                "motion_fx_motion_fx_mouse": "yes",
                                                "motion_fx_mouseTrack_effect": "yes",
                                                "motion_fx_mouseTrack_speed": {
                                                    "unit": "px",
                                                    "size": 0.40000000000000002220446049250313080847263336181640625,
                                                    "sizes": []
                                                },
                                                "_animation": "fadeInRight",
                                                "_animation_tablet": "none",
                                                "_animation_mobile": "none",
                                                "_element_width": "initial",
                                                "_element_custom_width": {
                                                    "unit": "%",
                                                    "size": 60,
                                                    "sizes": []
                                                },
                                                "_position": "absolute",
                                                "_offset_orientation_h": "end",
                                                "_offset_x_end": {
                                                    "size": -251.421999999999997044142219237983226776123046875,
                                                    "unit": "px"
                                                },
                                                "_offset_y": {
                                                    "size": 427,
                                                    "unit": "px"
                                                },
                                                "_offset_x_end_tablet": {
                                                    "size": -23.547000000000000596855898038484156131744384765625,
                                                    "unit": "px"
                                                },
                                                "_offset_y_tablet": {
                                                    "size": 203,
                                                    "unit": "px"
                                                },
                                                "hide_mobile": "hidden-phone"
                                            },
                                            "elements": [],
                                            "isInner": false,
                                            "widgetType": "image",
                                            "elType": "widget"
                                        },
                                        {
                                            "id": "1aee1bb8",
                                            "settings": {
                                                "image": {
                                                    "url": "https:\/\/bubup.elementor.42theme.com\/wp-content\/uploads\/2020\/08\/4-2.png",
                                                    "id": 489
                                                },
                                                "motion_fx_motion_fx_mouse": "yes",
                                                "motion_fx_mouseTrack_effect": "yes",
                                                "motion_fx_mouseTrack_speed": {
                                                    "unit": "px",
                                                    "size": 0.200000000000000011102230246251565404236316680908203125,
                                                    "sizes": []
                                                },
                                                "_animation": "zoomIn",
                                                "_animation_tablet": "none",
                                                "_animation_mobile": "none",
                                                "_element_width": "initial",
                                                "_element_custom_width": {
                                                    "unit": "%",
                                                    "size": 15,
                                                    "sizes": []
                                                },
                                                "_position": "absolute",
                                                "_offset_orientation_h": "end",
                                                "_offset_x_end": {
                                                    "size": 552.6879999999999881765688769519329071044921875,
                                                    "unit": "px"
                                                },
                                                "_offset_y": {
                                                    "size": 30.84400000000000119371179607696831226348876953125,
                                                    "unit": "px"
                                                },
                                                "motion_fx_mouseTrack_direction": "negative",
                                                "_offset_x_end_tablet": {
                                                    "size": 352.57799999999997453414835035800933837890625,
                                                    "unit": "px"
                                                },
                                                "_offset_y_tablet": {
                                                    "size": -30.14099999999999823785401531495153903961181640625,
                                                    "unit": "px"
                                                },
                                                "_element_width_mobile": "initial",
                                                "_element_custom_width_mobile": {
                                                    "unit": "%",
                                                    "size": 25,
                                                    "sizes": []
                                                },
                                                "_offset_x_end_mobile": {
                                                    "size": 2,
                                                    "unit": "px"
                                                },
                                                "_offset_y_mobile": {
                                                    "size": -557,
                                                    "unit": "px"
                                                }
                                            },
                                            "elements": [],
                                            "isInner": false,
                                            "widgetType": "image",
                                            "elType": "widget"
                                        }
                                    ],
                                    "isInner": true,
                                    "elType": "column"
                                }
                            ],
                            "isInner": true,
                            "elType": "section"
                        }
                    ],
                    "isInner": false,
                    "elType": "column"
                }
            ],
            "isInner": false,
            "elType": "section"
        }
    ]
}