{
    "version": "0.4",
    "title": "Block: FAQ",
    "type": "section",
    "metadata": {
        "template_type": "section-faq",
        "include_in_zip": "1",
        "elementor_pro_required": "1",
        "wp_page_template": "elementor_header_footer"
    },
    "content": [
        {
            "id": "2608b04",
            "settings": {
                "gap": "no",
                "margin": {
                    "unit": "px",
                    "top": "0",
                    "right": 0,
                    "bottom": "180",
                    "left": 0,
                    "isLinked": false
                },
                "padding": {
                    "unit": "px",
                    "top": "0",
                    "right": "0",
                    "bottom": "0",
                    "left": "0",
                    "isLinked": true
                },
                "_title": "FAQ",
                "margin_tablet": {
                    "unit": "px",
                    "top": "0",
                    "right": 0,
                    "bottom": "90",
                    "left": 0,
                    "isLinked": false
                },
                "margin_mobile": {
                    "unit": "px",
                    "top": "0",
                    "right": 0,
                    "bottom": "60",
                    "left": 0,
                    "isLinked": false
                },
                "padding_tablet": {
                    "unit": "px",
                    "top": "0",
                    "right": "30",
                    "bottom": "0",
                    "left": "30",
                    "isLinked": false
                },
                "padding_mobile": {
                    "unit": "px",
                    "top": "0",
                    "right": "15",
                    "bottom": "0",
                    "left": "15",
                    "isLinked": false
                }
            },
            "elements": [
                {
                    "id": "6c2e0bb2",
                    "settings": {
                        "_column_size": 100,
                        "_inline_size": null,
                        "space_between_widgets": 0,
                        "margin": {
                            "unit": "px",
                            "top": "0",
                            "right": "0",
                            "bottom": "0",
                            "left": "0",
                            "isLinked": true
                        },
                        "padding": {
                            "unit": "px",
                            "top": "0",
                            "right": "0",
                            "bottom": "0",
                            "left": "0",
                            "isLinked": true
                        }
                    },
                    "elements": [
                        {
                            "id": "386ad080",
                            "settings": {
                                "gap": "no",
                                "structure": "20",
                                "margin": {
                                    "unit": "px",
                                    "top": "0",
                                    "right": 0,
                                    "bottom": "0",
                                    "left": 0,
                                    "isLinked": true
                                },
                                "padding": {
                                    "unit": "px",
                                    "top": "0",
                                    "right": "0",
                                    "bottom": "0",
                                    "left": "0",
                                    "isLinked": true
                                }
                            },
                            "elements": [
                                {
                                    "id": "2730fa4e",
                                    "settings": {
                                        "_column_size": 50,
                                        "_inline_size": 27,
                                        "space_between_widgets": 0,
                                        "_inline_size_tablet": 35,
                                        "space_between_widgets_tablet": 0,
                                        "margin": {
                                            "unit": "px",
                                            "top": "0",
                                            "right": "60",
                                            "bottom": "0",
                                            "left": "0",
                                            "isLinked": false
                                        },
                                        "margin_tablet": {
                                            "unit": "px",
                                            "top": "0",
                                            "right": "30",
                                            "bottom": "0",
                                            "left": "0",
                                            "isLinked": false
                                        },
                                        "margin_mobile": {
                                            "unit": "px",
                                            "top": "0",
                                            "right": "0",
                                            "bottom": "20",
                                            "left": "0",
                                            "isLinked": false
                                        },
                                        "padding": {
                                            "unit": "px",
                                            "top": "0",
                                            "right": "0",
                                            "bottom": "0",
                                            "left": "0",
                                            "isLinked": true
                                        },
                                        "padding_tablet": {
                                            "unit": "px",
                                            "top": "0",
                                            "right": "0",
                                            "bottom": "0",
                                            "left": "0",
                                            "isLinked": true
                                        },
                                        "padding_mobile": {
                                            "unit": "px",
                                            "top": "0",
                                            "right": "0",
                                            "bottom": "0",
                                            "left": "0",
                                            "isLinked": true
                                        }
                                    },
                                    "elements": [
                                        {
                                            "id": "3df28ec9",
                                            "settings": {
                                                "title": "Popular Questions",
                                                "header_size": "h6",
                                                "title_color": "#A3A3A3"
                                            },
                                            "elements": [],
                                            "isInner": false,
                                            "widgetType": "heading",
                                            "elType": "widget"
                                        }
                                    ],
                                    "isInner": true,
                                    "elType": "column"
                                },
                                {
                                    "id": "4e3cd07",
                                    "settings": {
                                        "_column_size": 50,
                                        "_inline_size": 73,
                                        "_inline_size_tablet": 65,
                                        "space_between_widgets": 0,
                                        "space_between_widgets_tablet": 0,
                                        "margin": {
                                            "unit": "px",
                                            "top": "0",
                                            "right": "0",
                                            "bottom": "0",
                                            "left": "0",
                                            "isLinked": true
                                        },
                                        "padding": {
                                            "unit": "px",
                                            "top": "0",
                                            "right": "0",
                                            "bottom": "0",
                                            "left": "0",
                                            "isLinked": true
                                        }
                                    },
                                    "elements": [
                                        {
                                            "id": "69c5ae8c",
                                            "settings": {
                                                "tabs": [
                                                    {
                                                        "tab_title": "Aliquet sagittis id consectetur lorem ipsum purus?",
                                                        "tab_content": "Ac felis donec et odio pellentesque diam volutpat commodo. Duis convallis convallis tellus id. Sed id semper risus in hendrerit gravida. Eget mi proin sed libero enim sed faucibus turpis in. Enim sed faucibus turpis in eu. Nam at lectus urna duis convallis convallis tellus id interdum. Congue quisque egestas diam in arcu. ",
                                                        "_id": "aadac0a"
                                                    },
                                                    {
                                                        "tab_title": "Dictum varius duis at consectetur?",
                                                        "tab_content": "Aliquet sagittis id consectetur purus ut faucibus pulvinar. Nunc pulvinar sapien et ligula ullamcorper malesuada. Rhoncus dolor purus non enim praesent. Est pellentesque elit ullamcorper dignissim cras tincidunt lobortis feugiat vivamus. Id diam vel quam elementum pulvinar etiam non quam. Eget aliquet nibh praesent tristique. Porttitor leo a diam sollicitudin tempor id.",
                                                        "_id": "1a8bd76"
                                                    },
                                                    {
                                                        "tab_title": "Nulla at volutpat consequat diam ut venenatis?",
                                                        "tab_content": "Leo vel fringilla est ullamcorper eget nulla facilisi etiam. Duis tristique sollicitudin nibh sit amet. At augue eget arcu dictum varius duis at consectetur. Vestibulum mattis ullamcorper velit sed. Ut pharetra sit amet aliquam id diam. Accumsan tortor posuere ac ut consequat semper viverra nam. Nullam non nisi est sit amet facilisis magna etiam. Purus semper eget duis at tellus at urna condimentum. Pellentesque nec nam aliquam sem et tortor. ",
                                                        "_id": "873d0cc"
                                                    }
                                                ],
                                                "selected_icon": {
                                                    "value": "far fa-circle",
                                                    "library": "fa-regular"
                                                },
                                                "selected_active_icon": {
                                                    "value": "far fa-dot-circle",
                                                    "library": "fa-regular"
                                                },
                                                "border_width": {
                                                    "unit": "px",
                                                    "size": 0,
                                                    "sizes": []
                                                },
                                                "space_between": {
                                                    "unit": "px",
                                                    "size": 16,
                                                    "sizes": []
                                                },
                                                "space_between_tablet": {
                                                    "unit": "px",
                                                    "size": 8,
                                                    "sizes": []
                                                },
                                                "title_typography_typography": "custom",
                                                "title_typography_font_family": "Montserrat",
                                                "title_typography_line_height": {
                                                    "unit": "em",
                                                    "size": 1.5,
                                                    "sizes": []
                                                },
                                                "title_typography_letter_spacing": {
                                                    "unit": "px",
                                                    "size": 0,
                                                    "sizes": []
                                                },
                                                "title_padding": {
                                                    "unit": "px",
                                                    "top": "0",
                                                    "right": "0",
                                                    "bottom": "8",
                                                    "left": "0",
                                                    "isLinked": false
                                                },
                                                "icon_color": "#A3A3A3",
                                                "icon_active_color": "#AA8163",
                                                "icon_space": {
                                                    "unit": "px",
                                                    "size": 16,
                                                    "sizes": []
                                                }
                                            },
                                            "elements": [],
                                            "isInner": false,
                                            "widgetType": "toggle",
                                            "elType": "widget"
                                        }
                                    ],
                                    "isInner": true,
                                    "elType": "column"
                                }
                            ],
                            "isInner": true,
                            "elType": "section"
                        },
                        {
                            "id": "8fb764b",
                            "settings": {
                                "text": "Divider",
                                "color": "rgba(163, 163, 163, 0.6)",
                                "gap": {
                                    "unit": "px",
                                    "size": 0,
                                    "sizes": []
                                },
                                "_margin": {
                                    "unit": "px",
                                    "top": "48",
                                    "right": "0",
                                    "bottom": "48",
                                    "left": "0",
                                    "isLinked": false
                                },
                                "_margin_tablet": {
                                    "unit": "px",
                                    "top": "30",
                                    "right": "0",
                                    "bottom": "30",
                                    "left": "0",
                                    "isLinked": false
                                },
                                "_margin_mobile": {
                                    "unit": "px",
                                    "top": "24",
                                    "right": "0",
                                    "bottom": "24",
                                    "left": "0",
                                    "isLinked": false
                                },
                                "_padding": {
                                    "unit": "px",
                                    "top": "0",
                                    "right": "0",
                                    "bottom": "0",
                                    "left": "0",
                                    "isLinked": true
                                }
                            },
                            "elements": [],
                            "isInner": false,
                            "widgetType": "divider",
                            "elType": "widget"
                        },
                        {
                            "id": "60ab08d9",
                            "settings": {
                                "gap": "no",
                                "structure": "20",
                                "margin": {
                                    "unit": "px",
                                    "top": "0",
                                    "right": 0,
                                    "bottom": "0",
                                    "left": 0,
                                    "isLinked": false
                                },
                                "padding": {
                                    "unit": "px",
                                    "top": "0",
                                    "right": "0",
                                    "bottom": "0",
                                    "left": "0",
                                    "isLinked": true
                                }
                            },
                            "elements": [
                                {
                                    "id": "59d3315f",
                                    "settings": {
                                        "_column_size": 50,
                                        "_inline_size": 27,
                                        "space_between_widgets": 0,
                                        "_inline_size_tablet": 35,
                                        "space_between_widgets_tablet": 0,
                                        "margin": {
                                            "unit": "px",
                                            "top": "0",
                                            "right": "60",
                                            "bottom": "0",
                                            "left": "0",
                                            "isLinked": false
                                        },
                                        "margin_tablet": {
                                            "unit": "px",
                                            "top": "0",
                                            "right": "30",
                                            "bottom": "0",
                                            "left": "0",
                                            "isLinked": false
                                        },
                                        "margin_mobile": {
                                            "unit": "px",
                                            "top": "0",
                                            "right": "0",
                                            "bottom": "20",
                                            "left": "0",
                                            "isLinked": false
                                        },
                                        "padding": {
                                            "unit": "px",
                                            "top": "0",
                                            "right": "0",
                                            "bottom": "0",
                                            "left": "0",
                                            "isLinked": true
                                        },
                                        "padding_tablet": {
                                            "unit": "px",
                                            "top": "0",
                                            "right": "0",
                                            "bottom": "0",
                                            "left": "0",
                                            "isLinked": true
                                        },
                                        "padding_mobile": {
                                            "unit": "px",
                                            "top": "0",
                                            "right": "0",
                                            "bottom": "0",
                                            "left": "0",
                                            "isLinked": true
                                        }
                                    },
                                    "elements": [
                                        {
                                            "id": "2541c43b",
                                            "settings": {
                                                "title": "Orders & Shipping",
                                                "header_size": "h6",
                                                "title_color": "#A3A3A3"
                                            },
                                            "elements": [],
                                            "isInner": false,
                                            "widgetType": "heading",
                                            "elType": "widget"
                                        }
                                    ],
                                    "isInner": true,
                                    "elType": "column"
                                },
                                {
                                    "id": "79fef320",
                                    "settings": {
                                        "_column_size": 50,
                                        "_inline_size": 73,
                                        "_inline_size_tablet": 65,
                                        "space_between_widgets": 0,
                                        "space_between_widgets_tablet": 0,
                                        "margin": {
                                            "unit": "px",
                                            "top": "0",
                                            "right": "0",
                                            "bottom": "0",
                                            "left": "0",
                                            "isLinked": true
                                        },
                                        "padding": {
                                            "unit": "px",
                                            "top": "0",
                                            "right": "0",
                                            "bottom": "0",
                                            "left": "0",
                                            "isLinked": true
                                        }
                                    },
                                    "elements": [
                                        {
                                            "id": "793db6ea",
                                            "settings": {
                                                "tabs": [
                                                    {
                                                        "tab_title": "Magna fringilla urna porttitor rhoncus dolor?",
                                                        "tab_content": "Elementum pulvinar etiam non quam lacus. Quis hendrerit dolor magna eget est lorem ipsum. Posuere ac ut consequat semper viverra nam libero. Aenean pharetra magna ac placerat vestibulum lectus mauris ultrices eros. Nunc mattis enim ut tellus elementum sagittis vitae et leo. In iaculis nunc sed augue lacus viverra.",
                                                        "_id": "aadac0a"
                                                    },
                                                    {
                                                        "tab_title": "Nunc mattis enim ut tellus elementum sagittis?",
                                                        "tab_content": "Sem viverra aliquet eget sit amet tellus. Turpis massa sed elementum tempus egestas sed sed risus. Fusce ut placerat orci nulla pellentesque dignissim enim sit. Magna etiam tempor orci eu lobortis elementum. Turpis massa tincidunt dui ut ornare lectus. Congue nisi vitae suscipit tellus mauris. ",
                                                        "_id": "1a8bd76"
                                                    },
                                                    {
                                                        "tab_title": "Congue nisi vitae suscipit?",
                                                        "tab_content": "At augue eget arcu dictum varius duis at consectetur. Vestibulum mattis ullamcorper velit sed. Ut pharetra sit amet aliquam id diam. Accumsan tortor posuere ac ut consequat semper viverra nam. Nullam non nisi est sit amet facilisis magna etiam. Purus semper eget duis at tellus at urna condimentum.",
                                                        "_id": "873d0cc"
                                                    },
                                                    {
                                                        "tab_title": "Pellentesque nec nam aliquam sem et tortor?",
                                                        "tab_content": "Arcu felis bibendum ut tristique et egestas. Vestibulum lorem sed risus ultricies tristique. Nisl rhoncus mattis rhoncus urna.",
                                                        "_id": "9800b8a"
                                                    }
                                                ],
                                                "selected_icon": {
                                                    "value": "far fa-circle",
                                                    "library": "fa-regular"
                                                },
                                                "selected_active_icon": {
                                                    "value": "far fa-dot-circle",
                                                    "library": "fa-regular"
                                                },
                                                "border_width": {
                                                    "unit": "px",
                                                    "size": 0,
                                                    "sizes": []
                                                },
                                                "space_between": {
                                                    "unit": "px",
                                                    "size": 16,
                                                    "sizes": []
                                                },
                                                "space_between_tablet": {
                                                    "unit": "px",
                                                    "size": 8,
                                                    "sizes": []
                                                },
                                                "title_typography_typography": "custom",
                                                "title_typography_font_family": "Montserrat",
                                                "title_typography_line_height": {
                                                    "unit": "em",
                                                    "size": 1.5,
                                                    "sizes": []
                                                },
                                                "title_typography_letter_spacing": {
                                                    "unit": "px",
                                                    "size": 0,
                                                    "sizes": []
                                                },
                                                "title_padding": {
                                                    "unit": "px",
                                                    "top": "0",
                                                    "right": "0",
                                                    "bottom": "8",
                                                    "left": "0",
                                                    "isLinked": false
                                                },
                                                "icon_color": "#A3A3A3",
                                                "icon_active_color": "#AA8163",
                                                "icon_space": {
                                                    "unit": "px",
                                                    "size": 16,
                                                    "sizes": []
                                                }
                                            },
                                            "elements": [],
                                            "isInner": false,
                                            "widgetType": "toggle",
                                            "elType": "widget"
                                        }
                                    ],
                                    "isInner": true,
                                    "elType": "column"
                                }
                            ],
                            "isInner": true,
                            "elType": "section"
                        },
                        {
                            "id": "35959741",
                            "settings": {
                                "text": "Divider",
                                "color": "rgba(163, 163, 163, 0.6)",
                                "gap": {
                                    "unit": "px",
                                    "size": 0,
                                    "sizes": []
                                },
                                "_margin": {
                                    "unit": "px",
                                    "top": "48",
                                    "right": "0",
                                    "bottom": "48",
                                    "left": "0",
                                    "isLinked": false
                                },
                                "_margin_tablet": {
                                    "unit": "px",
                                    "top": "30",
                                    "right": "0",
                                    "bottom": "30",
                                    "left": "0",
                                    "isLinked": false
                                },
                                "_margin_mobile": {
                                    "unit": "px",
                                    "top": "24",
                                    "right": "0",
                                    "bottom": "24",
                                    "left": "0",
                                    "isLinked": false
                                },
                                "_padding": {
                                    "unit": "px",
                                    "top": "0",
                                    "right": "0",
                                    "bottom": "0",
                                    "left": "0",
                                    "isLinked": true
                                }
                            },
                            "elements": [],
                            "isInner": false,
                            "widgetType": "divider",
                            "elType": "widget"
                        },
                        {
                            "id": "249c1ae0",
                            "settings": {
                                "gap": "no",
                                "structure": "20",
                                "margin": {
                                    "unit": "px",
                                    "top": "0",
                                    "right": 0,
                                    "bottom": "0",
                                    "left": 0,
                                    "isLinked": false
                                },
                                "padding": {
                                    "unit": "px",
                                    "top": "0",
                                    "right": "0",
                                    "bottom": "0",
                                    "left": "0",
                                    "isLinked": true
                                }
                            },
                            "elements": [
                                {
                                    "id": "607fd4ef",
                                    "settings": {
                                        "_column_size": 50,
                                        "_inline_size": 27,
                                        "space_between_widgets": 0,
                                        "_inline_size_tablet": 35,
                                        "space_between_widgets_tablet": 0,
                                        "margin": {
                                            "unit": "px",
                                            "top": "0",
                                            "right": "60",
                                            "bottom": "0",
                                            "left": "0",
                                            "isLinked": false
                                        },
                                        "margin_tablet": {
                                            "unit": "px",
                                            "top": "0",
                                            "right": "30",
                                            "bottom": "0",
                                            "left": "0",
                                            "isLinked": false
                                        },
                                        "margin_mobile": {
                                            "unit": "px",
                                            "top": "0",
                                            "right": "0",
                                            "bottom": "20",
                                            "left": "0",
                                            "isLinked": false
                                        },
                                        "padding": {
                                            "unit": "px",
                                            "top": "0",
                                            "right": "0",
                                            "bottom": "0",
                                            "left": "0",
                                            "isLinked": true
                                        },
                                        "padding_tablet": {
                                            "unit": "px",
                                            "top": "0",
                                            "right": "0",
                                            "bottom": "0",
                                            "left": "0",
                                            "isLinked": true
                                        },
                                        "padding_mobile": {
                                            "unit": "px",
                                            "top": "0",
                                            "right": "0",
                                            "bottom": "0",
                                            "left": "0",
                                            "isLinked": true
                                        }
                                    },
                                    "elements": [
                                        {
                                            "id": "2f6e2667",
                                            "settings": {
                                                "title": "Exchanges & Returns",
                                                "header_size": "h6",
                                                "title_color": "#A3A3A3"
                                            },
                                            "elements": [],
                                            "isInner": false,
                                            "widgetType": "heading",
                                            "elType": "widget"
                                        }
                                    ],
                                    "isInner": true,
                                    "elType": "column"
                                },
                                {
                                    "id": "23d7983a",
                                    "settings": {
                                        "_column_size": 50,
                                        "_inline_size": 73,
                                        "_inline_size_tablet": 65,
                                        "space_between_widgets": 0,
                                        "space_between_widgets_tablet": 0,
                                        "margin": {
                                            "unit": "px",
                                            "top": "0",
                                            "right": "0",
                                            "bottom": "0",
                                            "left": "0",
                                            "isLinked": true
                                        },
                                        "padding": {
                                            "unit": "px",
                                            "top": "0",
                                            "right": "0",
                                            "bottom": "0",
                                            "left": "0",
                                            "isLinked": true
                                        }
                                    },
                                    "elements": [
                                        {
                                            "id": "2440b0b",
                                            "settings": {
                                                "tabs": [
                                                    {
                                                        "tab_title": "Quis varius quam quisque id diam?",
                                                        "tab_content": "Magna etiam tempor orci eu lobortis elementum. Turpis massa tincidunt dui ut ornare lectus. Congue nisi vitae suscipit tellus mauris. Euismod quis viverra nibh cras pulvinar mattis nunc. Nibh sit amet commodo nulla facilisi nullam vehicula ipsum a. Suspendisse sed nisi lacus sed viverra tellus in hac habitasse. Arcu felis bibendum ut tristique et egestas. Vestibulum lorem sed risus ultricies tristique. Nisl rhoncus mattis rhoncus urna. Sit amet commodo nulla facilisi nullam vehicula. Sodales ut etiam sit amet nisl.",
                                                        "_id": "aadac0a"
                                                    }
                                                ],
                                                "selected_icon": {
                                                    "value": "far fa-circle",
                                                    "library": "fa-regular"
                                                },
                                                "selected_active_icon": {
                                                    "value": "far fa-dot-circle",
                                                    "library": "fa-regular"
                                                },
                                                "border_width": {
                                                    "unit": "px",
                                                    "size": 0,
                                                    "sizes": []
                                                },
                                                "space_between": {
                                                    "unit": "px",
                                                    "size": 16,
                                                    "sizes": []
                                                },
                                                "space_between_tablet": {
                                                    "unit": "px",
                                                    "size": 8,
                                                    "sizes": []
                                                },
                                                "title_typography_typography": "custom",
                                                "title_typography_font_family": "Montserrat",
                                                "title_typography_line_height": {
                                                    "unit": "em",
                                                    "size": 1.5,
                                                    "sizes": []
                                                },
                                                "title_typography_letter_spacing": {
                                                    "unit": "px",
                                                    "size": 0,
                                                    "sizes": []
                                                },
                                                "title_padding": {
                                                    "unit": "px",
                                                    "top": "0",
                                                    "right": "0",
                                                    "bottom": "8",
                                                    "left": "0",
                                                    "isLinked": false
                                                },
                                                "icon_color": "#A3A3A3",
                                                "icon_active_color": "#AA8163",
                                                "icon_space": {
                                                    "unit": "px",
                                                    "size": 16,
                                                    "sizes": []
                                                }
                                            },
                                            "elements": [],
                                            "isInner": false,
                                            "widgetType": "toggle",
                                            "elType": "widget"
                                        }
                                    ],
                                    "isInner": true,
                                    "elType": "column"
                                }
                            ],
                            "isInner": true,
                            "elType": "section"
                        },
                        {
                            "id": "272baff8",
                            "settings": {
                                "text": "Divider",
                                "color": "rgba(163, 163, 163, 0.6)",
                                "gap": {
                                    "unit": "px",
                                    "size": 0,
                                    "sizes": []
                                },
                                "_margin": {
                                    "unit": "px",
                                    "top": "48",
                                    "right": "0",
                                    "bottom": "48",
                                    "left": "0",
                                    "isLinked": false
                                },
                                "_margin_tablet": {
                                    "unit": "px",
                                    "top": "30",
                                    "right": "0",
                                    "bottom": "30",
                                    "left": "0",
                                    "isLinked": false
                                },
                                "_margin_mobile": {
                                    "unit": "px",
                                    "top": "24",
                                    "right": "0",
                                    "bottom": "24",
                                    "left": "0",
                                    "isLinked": false
                                },
                                "_padding": {
                                    "unit": "px",
                                    "top": "0",
                                    "right": "0",
                                    "bottom": "0",
                                    "left": "0",
                                    "isLinked": true
                                }
                            },
                            "elements": [],
                            "isInner": false,
                            "widgetType": "divider",
                            "elType": "widget"
                        },
                        {
                            "id": "3c5c0523",
                            "settings": {
                                "gap": "no",
                                "structure": "20",
                                "margin": {
                                    "unit": "px",
                                    "top": "0",
                                    "right": 0,
                                    "bottom": "0",
                                    "left": 0,
                                    "isLinked": false
                                },
                                "padding": {
                                    "unit": "px",
                                    "top": "0",
                                    "right": "0",
                                    "bottom": "0",
                                    "left": "0",
                                    "isLinked": true
                                }
                            },
                            "elements": [
                                {
                                    "id": "505c8728",
                                    "settings": {
                                        "_column_size": 50,
                                        "_inline_size": 27,
                                        "space_between_widgets": 0,
                                        "_inline_size_tablet": 35,
                                        "space_between_widgets_tablet": 0,
                                        "margin": {
                                            "unit": "px",
                                            "top": "0",
                                            "right": "60",
                                            "bottom": "0",
                                            "left": "0",
                                            "isLinked": false
                                        },
                                        "margin_tablet": {
                                            "unit": "px",
                                            "top": "0",
                                            "right": "30",
                                            "bottom": "0",
                                            "left": "0",
                                            "isLinked": false
                                        },
                                        "margin_mobile": {
                                            "unit": "px",
                                            "top": "0",
                                            "right": "0",
                                            "bottom": "20",
                                            "left": "0",
                                            "isLinked": false
                                        },
                                        "padding": {
                                            "unit": "px",
                                            "top": "0",
                                            "right": "0",
                                            "bottom": "0",
                                            "left": "0",
                                            "isLinked": true
                                        },
                                        "padding_tablet": {
                                            "unit": "px",
                                            "top": "0",
                                            "right": "0",
                                            "bottom": "0",
                                            "left": "0",
                                            "isLinked": true
                                        },
                                        "padding_mobile": {
                                            "unit": "px",
                                            "top": "0",
                                            "right": "0",
                                            "bottom": "0",
                                            "left": "0",
                                            "isLinked": true
                                        }
                                    },
                                    "elements": [
                                        {
                                            "id": "66f22169",
                                            "settings": {
                                                "title": "Materials & Care",
                                                "header_size": "h6",
                                                "title_color": "#A3A3A3"
                                            },
                                            "elements": [],
                                            "isInner": false,
                                            "widgetType": "heading",
                                            "elType": "widget"
                                        }
                                    ],
                                    "isInner": true,
                                    "elType": "column"
                                },
                                {
                                    "id": "32bb12ba",
                                    "settings": {
                                        "_column_size": 50,
                                        "_inline_size": 73,
                                        "_inline_size_tablet": 65,
                                        "space_between_widgets": 0,
                                        "space_between_widgets_tablet": 0,
                                        "margin": {
                                            "unit": "px",
                                            "top": "0",
                                            "right": "0",
                                            "bottom": "0",
                                            "left": "0",
                                            "isLinked": true
                                        },
                                        "padding": {
                                            "unit": "px",
                                            "top": "0",
                                            "right": "0",
                                            "bottom": "0",
                                            "left": "0",
                                            "isLinked": true
                                        }
                                    },
                                    "elements": [
                                        {
                                            "id": "4d623942",
                                            "settings": {
                                                "tabs": [
                                                    {
                                                        "tab_title": "Fringilla consequat urna porttitor rhoncus?",
                                                        "tab_content": "<p>Euismod quis viverra nibh cras pulvinar mattis nunc. Nibh sit amet commodo nulla facilisi nullam vehicula ipsum a.\u00a0 Nisl rhoncus mattis rhoncus urna. Sit amet commodo nulla facilisi nullam vehicula.<\/p>",
                                                        "_id": "aadac0a"
                                                    },
                                                    {
                                                        "tab_title": "Dolor sed viverra ipsum nunc?",
                                                        "tab_content": "Quam vulputate dignissim suspendisse in est ante. Maecenas volutpat blandit aliquam etiam. Mattis molestie a iaculis at. Ultrices neque ornare aenean euismod elementum nisi quis eleifend quam. Pharetra sit amet aliquam id diam maecenas ultricies mi eget.",
                                                        "_id": "95d1729"
                                                    }
                                                ],
                                                "selected_icon": {
                                                    "value": "far fa-circle",
                                                    "library": "fa-regular"
                                                },
                                                "selected_active_icon": {
                                                    "value": "far fa-dot-circle",
                                                    "library": "fa-regular"
                                                },
                                                "border_width": {
                                                    "unit": "px",
                                                    "size": 0,
                                                    "sizes": []
                                                },
                                                "space_between": {
                                                    "unit": "px",
                                                    "size": 16,
                                                    "sizes": []
                                                },
                                                "space_between_tablet": {
                                                    "unit": "px",
                                                    "size": 8,
                                                    "sizes": []
                                                },
                                                "title_typography_typography": "custom",
                                                "title_typography_font_family": "Montserrat",
                                                "title_typography_line_height": {
                                                    "unit": "em",
                                                    "size": 1.5,
                                                    "sizes": []
                                                },
                                                "title_typography_letter_spacing": {
                                                    "unit": "px",
                                                    "size": 0,
                                                    "sizes": []
                                                },
                                                "title_padding": {
                                                    "unit": "px",
                                                    "top": "0",
                                                    "right": "0",
                                                    "bottom": "8",
                                                    "left": "0",
                                                    "isLinked": false
                                                },
                                                "icon_color": "#A3A3A3",
                                                "icon_active_color": "#AA8163",
                                                "icon_space": {
                                                    "unit": "px",
                                                    "size": 16,
                                                    "sizes": []
                                                }
                                            },
                                            "elements": [],
                                            "isInner": false,
                                            "widgetType": "toggle",
                                            "elType": "widget"
                                        }
                                    ],
                                    "isInner": true,
                                    "elType": "column"
                                }
                            ],
                            "isInner": true,
                            "elType": "section"
                        },
                        {
                            "id": "3e29fae6",
                            "settings": {
                                "text": "Divider",
                                "color": "rgba(163, 163, 163, 0.6)",
                                "gap": {
                                    "unit": "px",
                                    "size": 0,
                                    "sizes": []
                                },
                                "_margin": {
                                    "unit": "px",
                                    "top": "48",
                                    "right": "0",
                                    "bottom": "48",
                                    "left": "0",
                                    "isLinked": false
                                },
                                "_margin_tablet": {
                                    "unit": "px",
                                    "top": "30",
                                    "right": "0",
                                    "bottom": "30",
                                    "left": "0",
                                    "isLinked": false
                                },
                                "_margin_mobile": {
                                    "unit": "px",
                                    "top": "24",
                                    "right": "0",
                                    "bottom": "24",
                                    "left": "0",
                                    "isLinked": false
                                },
                                "_padding": {
                                    "unit": "px",
                                    "top": "0",
                                    "right": "0",
                                    "bottom": "0",
                                    "left": "0",
                                    "isLinked": true
                                }
                            },
                            "elements": [],
                            "isInner": false,
                            "widgetType": "divider",
                            "elType": "widget"
                        },
                        {
                            "id": "57832fc3",
                            "settings": {
                                "gap": "no",
                                "structure": "20",
                                "margin": {
                                    "unit": "px",
                                    "top": "0",
                                    "right": 0,
                                    "bottom": "0",
                                    "left": 0,
                                    "isLinked": false
                                },
                                "padding": {
                                    "unit": "px",
                                    "top": "0",
                                    "right": "0",
                                    "bottom": "0",
                                    "left": "0",
                                    "isLinked": true
                                }
                            },
                            "elements": [
                                {
                                    "id": "7288717a",
                                    "settings": {
                                        "_column_size": 50,
                                        "_inline_size": 27,
                                        "space_between_widgets": 0,
                                        "_inline_size_tablet": 35,
                                        "space_between_widgets_tablet": 0,
                                        "margin": {
                                            "unit": "px",
                                            "top": "0",
                                            "right": "60",
                                            "bottom": "0",
                                            "left": "0",
                                            "isLinked": false
                                        },
                                        "margin_tablet": {
                                            "unit": "px",
                                            "top": "0",
                                            "right": "30",
                                            "bottom": "0",
                                            "left": "0",
                                            "isLinked": false
                                        },
                                        "margin_mobile": {
                                            "unit": "px",
                                            "top": "0",
                                            "right": "0",
                                            "bottom": "20",
                                            "left": "0",
                                            "isLinked": false
                                        },
                                        "padding": {
                                            "unit": "px",
                                            "top": "0",
                                            "right": "0",
                                            "bottom": "0",
                                            "left": "0",
                                            "isLinked": true
                                        },
                                        "padding_tablet": {
                                            "unit": "px",
                                            "top": "0",
                                            "right": "0",
                                            "bottom": "0",
                                            "left": "0",
                                            "isLinked": true
                                        },
                                        "padding_mobile": {
                                            "unit": "px",
                                            "top": "0",
                                            "right": "0",
                                            "bottom": "0",
                                            "left": "0",
                                            "isLinked": true
                                        }
                                    },
                                    "elements": [
                                        {
                                            "id": "706dfdd1",
                                            "settings": {
                                                "title": "Other",
                                                "header_size": "h6",
                                                "title_color": "#A3A3A3"
                                            },
                                            "elements": [],
                                            "isInner": false,
                                            "widgetType": "heading",
                                            "elType": "widget"
                                        }
                                    ],
                                    "isInner": true,
                                    "elType": "column"
                                },
                                {
                                    "id": "60d24537",
                                    "settings": {
                                        "_column_size": 50,
                                        "_inline_size": 73,
                                        "_inline_size_tablet": 65,
                                        "space_between_widgets": 0,
                                        "space_between_widgets_tablet": 0,
                                        "margin": {
                                            "unit": "px",
                                            "top": "0",
                                            "right": "0",
                                            "bottom": "0",
                                            "left": "0",
                                            "isLinked": true
                                        },
                                        "padding": {
                                            "unit": "px",
                                            "top": "0",
                                            "right": "0",
                                            "bottom": "0",
                                            "left": "0",
                                            "isLinked": true
                                        }
                                    },
                                    "elements": [
                                        {
                                            "id": "1876db94",
                                            "settings": {
                                                "tabs": [
                                                    {
                                                        "tab_title": "Congue eu consequat ac felis hendrerit dolor magna donec et odio. Elementum pulvinar etiam non quam lacus?",
                                                        "tab_content": "<p>Euismod quis viverra nibh cras pulvinar mattis nunc. Nibh sit amet commodo nulla facilisi nullam vehicula ipsum a.\u00a0 Nisl rhoncus mattis rhoncus urna. Sit amet commodo nulla facilisi nullam vehicula.<\/p>",
                                                        "_id": "aadac0a"
                                                    },
                                                    {
                                                        "tab_title": "Ultricies tristique nulla aliquet enim tortor at?",
                                                        "tab_content": "Quam vulputate dignissim suspendisse in est ante. Maecenas volutpat blandit aliquam etiam. Mattis molestie a iaculis at. Ultrices neque ornare aenean euismod elementum nisi quis eleifend quam. Pharetra sit amet aliquam id diam maecenas ultricies mi eget.",
                                                        "_id": "95d1729"
                                                    },
                                                    {
                                                        "tab_title": "Odio ut enim blandit volutpat maecenas volutpat?",
                                                        "tab_content": "Condimentum mattis pellentesque id nibh tortor id aliquet. Euismod in pellentesque massa placerat duis ultricies lacus sed. Blandit volutpat maecenas volutpat blandit aliquam etiam erat. Turpis nunc eget lorem dolor.",
                                                        "_id": "03a6f7f"
                                                    },
                                                    {
                                                        "tab_title": "Vulputate sapien nec sagittis?",
                                                        "tab_content": "Blandit volutpat maecenas volutpat blandit aliquam etiam erat. Turpis nunc eget lorem dolor. Quam vulputate dignissim suspendisse in est ante. Maecenas volutpat blandit aliquam etiam. Mattis molestie a iaculis at. Ultrices neque ornare aenean euismod elementum nisi quis eleifend quam.",
                                                        "_id": "170ae9b"
                                                    }
                                                ],
                                                "selected_icon": {
                                                    "value": "far fa-circle",
                                                    "library": "fa-regular"
                                                },
                                                "selected_active_icon": {
                                                    "value": "far fa-dot-circle",
                                                    "library": "fa-regular"
                                                },
                                                "border_width": {
                                                    "unit": "px",
                                                    "size": 0,
                                                    "sizes": []
                                                },
                                                "space_between": {
                                                    "unit": "px",
                                                    "size": 16,
                                                    "sizes": []
                                                },
                                                "space_between_tablet": {
                                                    "unit": "px",
                                                    "size": 8,
                                                    "sizes": []
                                                },
                                                "title_typography_typography": "custom",
                                                "title_typography_font_family": "Montserrat",
                                                "title_typography_line_height": {
                                                    "unit": "em",
                                                    "size": 1.5,
                                                    "sizes": []
                                                },
                                                "title_typography_letter_spacing": {
                                                    "unit": "px",
                                                    "size": 0,
                                                    "sizes": []
                                                },
                                                "title_padding": {
                                                    "unit": "px",
                                                    "top": "0",
                                                    "right": "0",
                                                    "bottom": "8",
                                                    "left": "0",
                                                    "isLinked": false
                                                },
                                                "icon_color": "#A3A3A3",
                                                "icon_active_color": "#AA8163",
                                                "icon_space": {
                                                    "unit": "px",
                                                    "size": 16,
                                                    "sizes": []
                                                }
                                            },
                                            "elements": [],
                                            "isInner": false,
                                            "widgetType": "toggle",
                                            "elType": "widget"
                                        }
                                    ],
                                    "isInner": true,
                                    "elType": "column"
                                }
                            ],
                            "isInner": true,
                            "elType": "section"
                        }
                    ],
                    "isInner": false,
                    "elType": "column"
                }
            ],
            "isInner": false,
            "elType": "section"
        }
    ]
}