{
    "version": "0.4",
    "title": "Block: Featured Product",
    "type": "section",
    "metadata": {
        "template_type": "section-product",
        "include_in_zip": "1",
        "elementor_pro_required": "1",
        "wp_page_template": "elementor_header_footer"
    },
    "content": [
        {
            "id": "26d4d3d6",
            "settings": {
                "gap": "no",
                "margin": {
                    "unit": "px",
                    "top": "180",
                    "right": 0,
                    "bottom": "180",
                    "left": 0,
                    "isLinked": true
                },
                "padding": {
                    "unit": "px",
                    "top": "0",
                    "right": "0",
                    "bottom": "0",
                    "left": "0",
                    "isLinked": true
                },
                "_title": "Featured Product",
                "margin_tablet": {
                    "unit": "px",
                    "top": "90",
                    "right": 0,
                    "bottom": "90",
                    "left": 0,
                    "isLinked": true
                },
                "padding_tablet": {
                    "unit": "px",
                    "top": "0",
                    "right": "30",
                    "bottom": "0",
                    "left": "30",
                    "isLinked": false
                },
                "margin_mobile": {
                    "unit": "px",
                    "top": "60",
                    "right": 0,
                    "bottom": "60",
                    "left": 0,
                    "isLinked": true
                },
                "padding_mobile": {
                    "unit": "px",
                    "top": "0",
                    "right": "15",
                    "bottom": "0",
                    "left": "15",
                    "isLinked": false
                }
            },
            "elements": [
                {
                    "id": "661170c9",
                    "settings": {
                        "_column_size": 100,
                        "_inline_size": null,
                        "space_between_widgets": 0
                    },
                    "elements": [
                        {
                            "id": "d7655d7",
                            "settings": {
                                "image": {
                                    "url": "https:\/\/bubup.elementor.42theme.com\/wp-content\/uploads\/2020\/08\/dragonfly.png",
                                    "id": 529
                                },
                                "motion_fx_motion_fx_mouse": "yes",
                                "motion_fx_mouseTrack_effect": "yes",
                                "motion_fx_mouseTrack_speed": {
                                    "unit": "px",
                                    "size": 0.40000000000000002220446049250313080847263336181640625,
                                    "sizes": []
                                },
                                "_animation": "slideInUp",
                                "_animation_tablet": "none",
                                "_animation_mobile": "none",
                                "_element_width": "initial",
                                "_element_custom_width": {
                                    "unit": "%",
                                    "size": 10,
                                    "sizes": []
                                },
                                "_position": "absolute",
                                "_offset_orientation_h": "end",
                                "_offset_x_end": {
                                    "size": 1149,
                                    "unit": "px"
                                },
                                "_offset_y": {
                                    "size": 519.4379999999999881765688769519329071044921875,
                                    "unit": "px"
                                },
                                "animation_duration": "fast",
                                "_offset_x_end_tablet": {
                                    "size": 654.3909999999999627107172273099422454833984375,
                                    "unit": "px"
                                },
                                "_offset_y_tablet": {
                                    "size": 560,
                                    "unit": "px"
                                },
                                "_element_width_mobile": "initial",
                                "_element_custom_width_mobile": {
                                    "unit": "%",
                                    "size": 25,
                                    "sizes": []
                                },
                                "_offset_x_end_mobile": {
                                    "size": 264.89100000000001955413608811795711517333984375,
                                    "unit": "px"
                                },
                                "_offset_y_mobile": {
                                    "size": 1570,
                                    "unit": "px"
                                }
                            },
                            "elements": [],
                            "isInner": false,
                            "widgetType": "image",
                            "elType": "widget"
                        },
                        {
                            "id": "6fbe6ff3",
                            "settings": {
                                "image": {
                                    "url": "https:\/\/bubup.elementor.42theme.com\/wp-content\/uploads\/2020\/08\/cloud.png",
                                    "id": 550
                                },
                                "motion_fx_motion_fx_mouse": "yes",
                                "motion_fx_mouseTrack_effect": "yes",
                                "motion_fx_mouseTrack_direction": "negative",
                                "motion_fx_mouseTrack_speed": {
                                    "unit": "px",
                                    "size": 0.200000000000000011102230246251565404236316680908203125,
                                    "sizes": []
                                },
                                "_animation": "fadeInLeft",
                                "_animation_tablet": "none",
                                "_animation_mobile": "none",
                                "animation_duration": "slow",
                                "_element_width": "initial",
                                "_element_custom_width": {
                                    "unit": "%",
                                    "size": 25,
                                    "sizes": []
                                },
                                "_position": "absolute",
                                "_offset_orientation_h": "end",
                                "_offset_x_end": {
                                    "size": 1057.8440000000000509317032992839813232421875,
                                    "unit": "px"
                                },
                                "_offset_y": {
                                    "size": -58.5619999999999976125764078460633754730224609375,
                                    "unit": "px"
                                },
                                "_offset_x_end_tablet": {
                                    "size": 544.25,
                                    "unit": "px"
                                },
                                "_offset_y_tablet": {
                                    "size": -54.546999999999997044142219237983226776123046875,
                                    "unit": "px"
                                },
                                "_offset_x_end_mobile": {
                                    "size": 249.890999999999991132426657713949680328369140625,
                                    "unit": "px"
                                },
                                "_offset_y_mobile": {
                                    "size": -73,
                                    "unit": "px"
                                }
                            },
                            "elements": [],
                            "isInner": false,
                            "widgetType": "image",
                            "elType": "widget"
                        },
                        {
                            "id": "5f3225f8",
                            "settings": {
                                "image": {
                                    "url": "https:\/\/bubup.elementor.42theme.com\/wp-content\/uploads\/2020\/08\/Hedgehog2.png",
                                    "id": 522
                                },
                                "motion_fx_motion_fx_mouse": "yes",
                                "motion_fx_mouseTrack_effect": "yes",
                                "motion_fx_mouseTrack_speed": {
                                    "unit": "px",
                                    "size": 0.59999999999999997779553950749686919152736663818359375,
                                    "sizes": []
                                },
                                "_animation": "fadeInRight",
                                "_animation_tablet": "none",
                                "_animation_mobile": "none",
                                "animation_duration": "slow",
                                "_element_width": "initial",
                                "_element_custom_width": {
                                    "unit": "%",
                                    "size": 15,
                                    "sizes": []
                                },
                                "_position": "absolute",
                                "_offset_orientation_h": "end",
                                "_offset_x_end": {
                                    "size": -231.34399999999999408828443847596645355224609375,
                                    "unit": "px"
                                },
                                "_offset_y": {
                                    "size": 1067,
                                    "unit": "px"
                                },
                                "_animation_delay": 100,
                                "_offset_x_end_tablet": {
                                    "size": 5.79699999999999970867747833835892379283905029296875,
                                    "unit": "px"
                                },
                                "_offset_y_tablet": {
                                    "size": 2256,
                                    "unit": "px"
                                },
                                "_element_width_mobile": "initial",
                                "_element_custom_width_mobile": {
                                    "unit": "px",
                                    "size": 80
                                },
                                "_offset_x_end_mobile": {
                                    "size": 0.82799999999999995825561427409411408007144927978515625,
                                    "unit": "px"
                                },
                                "_offset_y_mobile": {
                                    "size": 4314,
                                    "unit": "px"
                                }
                            },
                            "elements": [],
                            "isInner": false,
                            "widgetType": "image",
                            "elType": "widget"
                        },
                        {
                            "id": "4a22b738",
                            "settings": {
                                "image": {
                                    "url": "https:\/\/bubup.elementor.42theme.com\/wp-content\/uploads\/2020\/08\/mushroom.png",
                                    "id": 593
                                },
                                "motion_fx_mouseTrack_effect": "yes",
                                "motion_fx_mouseTrack_speed": {
                                    "unit": "px",
                                    "size": 0.59999999999999997779553950749686919152736663818359375,
                                    "sizes": []
                                },
                                "_animation": "fadeIn",
                                "_animation_tablet": "none",
                                "_animation_mobile": "none",
                                "_element_width": "initial",
                                "_element_custom_width": {
                                    "unit": "%",
                                    "size": 5,
                                    "sizes": []
                                },
                                "_position": "absolute",
                                "_offset_orientation_h": "end",
                                "_offset_x_end": {
                                    "size": -29.125,
                                    "unit": "px"
                                },
                                "_offset_y": {
                                    "size": 1122,
                                    "unit": "px"
                                },
                                "_offset_x_end_tablet": {
                                    "size": 143.15600000000000591171556152403354644775390625,
                                    "unit": "px"
                                },
                                "_offset_y_tablet": {
                                    "size": 2295,
                                    "unit": "px"
                                },
                                "_offset_x_end_mobile": {
                                    "size": 76.6410000000000053432813729159533977508544921875,
                                    "unit": "px"
                                },
                                "_offset_y_mobile": {
                                    "size": 4364,
                                    "unit": "px"
                                },
                                "hide_mobile": "hidden-phone"
                            },
                            "elements": [],
                            "isInner": false,
                            "widgetType": "image",
                            "elType": "widget"
                        },
                        {
                            "id": "46d45642",
                            "settings": {
                                "image": {
                                    "url": "https:\/\/bubup.elementor.42theme.com\/wp-content\/uploads\/2020\/08\/star.png",
                                    "id": 553
                                },
                                "motion_fx_mouseTrack_effect": "yes",
                                "motion_fx_mouseTrack_speed": {
                                    "unit": "px",
                                    "size": 0.59999999999999997779553950749686919152736663818359375,
                                    "sizes": []
                                },
                                "_animation": "fadeIn",
                                "_animation_tablet": "none",
                                "_animation_mobile": "none",
                                "animation_duration": "slow",
                                "_element_width": "initial",
                                "_element_custom_width": {
                                    "unit": "%",
                                    "size": 5,
                                    "sizes": []
                                },
                                "_position": "absolute",
                                "_offset_orientation_h": "end",
                                "_offset_x_end": {
                                    "size": 909.0629999999999881765688769519329071044921875,
                                    "unit": "px"
                                },
                                "_offset_y": {
                                    "size": -56.421999999999997044142219237983226776123046875,
                                    "unit": "px"
                                },
                                "_offset_x_end_tablet": {
                                    "size": 456.39100000000001955413608811795711517333984375,
                                    "unit": "px"
                                },
                                "_offset_y_tablet": {
                                    "size": -76.421999999999997044142219237983226776123046875,
                                    "unit": "px"
                                },
                                "_offset_x_end_mobile": {
                                    "size": 317.79700000000002546585164964199066162109375,
                                    "unit": "px"
                                },
                                "_offset_y_mobile": {
                                    "size": 13,
                                    "unit": "px"
                                }
                            },
                            "elements": [],
                            "isInner": false,
                            "widgetType": "image",
                            "elType": "widget"
                        },
                        {
                            "id": "18a54e7c",
                            "settings": {
                                "image": {
                                    "url": "https:\/\/bubup.elementor.42theme.com\/wp-content\/uploads\/2020\/08\/star.png",
                                    "id": 553
                                },
                                "motion_fx_mouseTrack_effect": "yes",
                                "motion_fx_mouseTrack_speed": {
                                    "unit": "px",
                                    "size": 0.59999999999999997779553950749686919152736663818359375,
                                    "sizes": []
                                },
                                "_animation": "fadeIn",
                                "_animation_tablet": "none",
                                "_animation_mobile": "none",
                                "animation_duration": "slow",
                                "_animation_delay": 200,
                                "_element_width": "initial",
                                "_element_custom_width": {
                                    "unit": "%",
                                    "size": 3,
                                    "sizes": []
                                },
                                "_position": "absolute",
                                "_offset_orientation_h": "end",
                                "_offset_x_end": {
                                    "size": 786.625,
                                    "unit": "px"
                                },
                                "_offset_y": {
                                    "size": -56.421999999999997044142219237983226776123046875,
                                    "unit": "px"
                                },
                                "_offset_x_end_tablet": {
                                    "size": 521.2340000000000372892827726900577545166015625,
                                    "unit": "px"
                                },
                                "_offset_y_tablet": {
                                    "size": -21.422000000000000596855898038484156131744384765625,
                                    "unit": "px"
                                },
                                "hide_mobile": "hidden-phone"
                            },
                            "elements": [],
                            "isInner": false,
                            "widgetType": "image",
                            "elType": "widget"
                        },
                        {
                            "id": "36712d4d",
                            "settings": {
                                "image": {
                                    "url": "https:\/\/bubup.elementor.42theme.com\/wp-content\/uploads\/2020\/08\/star.png",
                                    "id": 553
                                },
                                "motion_fx_mouseTrack_effect": "yes",
                                "motion_fx_mouseTrack_speed": {
                                    "unit": "px",
                                    "size": 0.59999999999999997779553950749686919152736663818359375,
                                    "sizes": []
                                },
                                "_animation": "fadeIn",
                                "_animation_tablet": "none",
                                "_animation_mobile": "none",
                                "animation_duration": "slow",
                                "_animation_delay": 400,
                                "_element_width": "initial",
                                "_element_custom_width": {
                                    "unit": "%",
                                    "size": 2,
                                    "sizes": []
                                },
                                "_position": "absolute",
                                "_offset_orientation_h": "end",
                                "_offset_x_end": {
                                    "size": 1054.7190000000000509317032992839813232421875,
                                    "unit": "px"
                                },
                                "_offset_y": {
                                    "size": -125.421999999999997044142219237983226776123046875,
                                    "unit": "px"
                                },
                                "_offset_x_end_tablet": {
                                    "size": 619.1559999999999490682967007160186767578125,
                                    "unit": "px"
                                },
                                "_offset_y_tablet": {
                                    "size": -80.421999999999997044142219237983226776123046875,
                                    "unit": "px"
                                },
                                "_element_width_mobile": "initial",
                                "_element_custom_width_mobile": {
                                    "unit": "%",
                                    "size": 8,
                                    "sizes": []
                                },
                                "_offset_x_end_mobile": {
                                    "size": 180.296999999999997044142219237983226776123046875,
                                    "unit": "px"
                                },
                                "_offset_y_mobile": {
                                    "size": -53,
                                    "unit": "px"
                                }
                            },
                            "elements": [],
                            "isInner": false,
                            "widgetType": "image",
                            "elType": "widget"
                        },
                        {
                            "id": "3fc98c42",
                            "settings": {
                                "image": {
                                    "url": "https:\/\/bubup.elementor.42theme.com\/wp-content\/uploads\/2020\/08\/stars2.png",
                                    "id": 555
                                },
                                "motion_fx_mouseTrack_effect": "yes",
                                "motion_fx_mouseTrack_direction": "negative",
                                "motion_fx_mouseTrack_speed": {
                                    "unit": "px",
                                    "size": 0.200000000000000011102230246251565404236316680908203125,
                                    "sizes": []
                                },
                                "_animation": "none",
                                "_animation_tablet": "none",
                                "_animation_mobile": "none",
                                "animation_duration": "slow",
                                "_element_width": "initial",
                                "_element_custom_width": {
                                    "unit": "%",
                                    "size": 25,
                                    "sizes": []
                                },
                                "_position": "absolute",
                                "_offset_orientation_h": "end",
                                "_offset_x_end": {
                                    "size": -79.84399999999999408828443847596645355224609375,
                                    "unit": "px"
                                },
                                "_offset_y": {
                                    "size": -30.547000000000000596855898038484156131744384765625,
                                    "unit": "px"
                                },
                                "_offset_x_end_tablet": {
                                    "size": 24.14099999999999823785401531495153903961181640625,
                                    "unit": "px"
                                },
                                "_offset_y_tablet": {
                                    "size": -45.546999999999997044142219237983226776123046875,
                                    "unit": "px"
                                },
                                "_offset_x_end_mobile": {
                                    "size": 5.6410000000000000142108547152020037174224853515625,
                                    "unit": "px"
                                },
                                "_offset_y_mobile": {
                                    "size": 24.437999999999998834709913353435695171356201171875,
                                    "unit": "px"
                                }
                            },
                            "elements": [],
                            "isInner": false,
                            "widgetType": "image",
                            "elType": "widget"
                        },
                        {
                            "id": "5f08a96d",
                            "settings": {
                                "image": {
                                    "url": "https:\/\/bubup.elementor.42theme.com\/wp-content\/uploads\/2020\/08\/balloon2.png",
                                    "id": 525
                                },
                                "motion_fx_motion_fx_mouse": "yes",
                                "motion_fx_mouseTrack_effect": "yes",
                                "motion_fx_mouseTrack_speed": {
                                    "unit": "px",
                                    "size": 0.200000000000000011102230246251565404236316680908203125,
                                    "sizes": []
                                },
                                "_animation": "fadeInUp",
                                "_animation_tablet": "none",
                                "_animation_mobile": "none",
                                "animation_duration": "slow",
                                "_element_width": "initial",
                                "_element_custom_width": {
                                    "unit": "%",
                                    "size": 12,
                                    "sizes": []
                                },
                                "_position": "absolute",
                                "_offset_orientation_h": "end",
                                "_offset_x_end": {
                                    "size": -184.34399999999999408828443847596645355224609375,
                                    "unit": "px"
                                },
                                "_offset_y": {
                                    "size": -82.3910000000000053432813729159533977508544921875,
                                    "unit": "px"
                                },
                                "_offset_x_end_tablet": {
                                    "size": 25.952999999999999403144101961515843868255615234375,
                                    "unit": "px"
                                },
                                "_offset_y_tablet": {
                                    "size": -105.3910000000000053432813729159533977508544921875,
                                    "unit": "px"
                                },
                                "hide_tablet": "hidden-tablet",
                                "hide_mobile": "hidden-phone",
                                "_element_width_mobile": "initial",
                                "_element_custom_width_mobile": {
                                    "unit": "px",
                                    "size": 47
                                },
                                "_offset_x_end_mobile": {
                                    "size": -0.2660000000000000142108547152020037174224853515625,
                                    "unit": "px"
                                },
                                "_offset_y_mobile": {
                                    "size": -58.39099999999999823785401531495153903961181640625,
                                    "unit": "px"
                                }
                            },
                            "elements": [],
                            "isInner": false,
                            "widgetType": "image",
                            "elType": "widget"
                        },
                        {
                            "id": "2883a551",
                            "settings": {
                                "image": {
                                    "url": "https:\/\/bubup.elementor.42theme.com\/wp-content\/uploads\/2020\/08\/balloon3.png",
                                    "id": 542
                                },
                                "motion_fx_motion_fx_mouse": "yes",
                                "motion_fx_mouseTrack_effect": "yes",
                                "motion_fx_mouseTrack_direction": "negative",
                                "motion_fx_mouseTrack_speed": {
                                    "unit": "px",
                                    "size": 0.40000000000000002220446049250313080847263336181640625,
                                    "sizes": []
                                },
                                "_animation": "fadeInUp",
                                "_animation_tablet": "none",
                                "_animation_mobile": "none",
                                "animation_duration": "slow",
                                "_element_width": "initial",
                                "_element_custom_width": {
                                    "unit": "%",
                                    "size": 19,
                                    "sizes": []
                                },
                                "_position": "absolute",
                                "_offset_orientation_h": "end",
                                "_offset_x_end": {
                                    "size": -151.296999999999997044142219237983226776123046875,
                                    "unit": "px"
                                },
                                "_offset_y": {
                                    "size": 52.875,
                                    "unit": "px"
                                },
                                "_offset_x_end_tablet": {
                                    "size": -25.78099999999999880628820392303168773651123046875,
                                    "unit": "px"
                                },
                                "_offset_y_tablet": {
                                    "size": -1.125,
                                    "unit": "px"
                                },
                                "_element_width_mobile": "initial",
                                "_element_custom_width_mobile": {
                                    "unit": "%",
                                    "size": 24,
                                    "sizes": []
                                },
                                "_offset_x_end_mobile": {
                                    "size": -15.4369999999999993889332472463138401508331298828125,
                                    "unit": "px"
                                },
                                "_offset_y_mobile": {
                                    "size": -52.125,
                                    "unit": "px"
                                }
                            },
                            "elements": [],
                            "isInner": false,
                            "widgetType": "image",
                            "elType": "widget"
                        },
                        {
                            "id": "6096d70d",
                            "settings": {
                                "title": "Featured products",
                                "align": "center",
                                "typography_typography": "custom",
                                "typography_letter_spacing": {
                                    "unit": "px",
                                    "size": 1,
                                    "sizes": []
                                }
                            },
                            "elements": [],
                            "isInner": false,
                            "widgetType": "heading",
                            "elType": "widget"
                        },
                        {
                            "id": "367858fb",
                            "settings": {
                                "width": {
                                    "unit": "%",
                                    "size": 8.5999999999999996447286321199499070644378662109375,
                                    "sizes": []
                                },
                                "align": "center",
                                "text": "Divider",
                                "weight": {
                                    "unit": "px",
                                    "size": 2,
                                    "sizes": []
                                },
                                "gap": {
                                    "unit": "px",
                                    "size": 20,
                                    "sizes": []
                                },
                                "color": "rgba(163, 163, 163, 0.6)"
                            },
                            "elements": [],
                            "isInner": false,
                            "widgetType": "divider",
                            "elType": "widget"
                        },
                        {
                            "id": "4d8c6cb5",
                            "settings": {
                                "editor": "Dignissim cras tincidunt lobortis feugiat vivamus. Nulla facilisi nullam vehicula ipsum a arcu cursus vitae. ",
                                "align": "center",
                                "_margin": {
                                    "unit": "px",
                                    "top": "0",
                                    "right": "0",
                                    "bottom": "60",
                                    "left": "0",
                                    "isLinked": false
                                },
                                "_padding": {
                                    "unit": "px",
                                    "top": "0",
                                    "right": "250",
                                    "bottom": "0",
                                    "left": "250",
                                    "isLinked": false
                                },
                                "_margin_tablet": {
                                    "unit": "px",
                                    "top": "0",
                                    "right": "0",
                                    "bottom": "30",
                                    "left": "0",
                                    "isLinked": false
                                },
                                "_padding_tablet": {
                                    "unit": "px",
                                    "top": "0",
                                    "right": "120",
                                    "bottom": "0",
                                    "left": "120",
                                    "isLinked": false
                                },
                                "_margin_mobile": {
                                    "unit": "px",
                                    "top": "0",
                                    "right": "0",
                                    "bottom": "30",
                                    "left": "0",
                                    "isLinked": false
                                },
                                "_padding_mobile": {
                                    "unit": "px",
                                    "top": "0",
                                    "right": "0",
                                    "bottom": "0",
                                    "left": "0",
                                    "isLinked": true
                                }
                            },
                            "elements": [],
                            "isInner": false,
                            "widgetType": "text-editor",
                            "elType": "widget"
                        },
                        {
                            "id": "a3f5074",
                            "settings": {
                                "query_post_type": "featured",
                                "rows": 2,
                                "column_gap": {
                                    "unit": "px",
                                    "size": 30,
                                    "sizes": []
                                },
                                "row_gap": {
                                    "unit": "px",
                                    "size": 50,
                                    "sizes": []
                                },
                                "align": "center",
                                "image_border_width": {
                                    "unit": "px",
                                    "top": "0",
                                    "right": "10",
                                    "bottom": "0",
                                    "left": "1",
                                    "isLinked": false
                                },
                                "image_border_color": "rgba(255, 255, 255, 0)",
                                "image_border_radius": {
                                    "unit": "px",
                                    "top": "0",
                                    "right": "0",
                                    "bottom": "0",
                                    "left": "0",
                                    "isLinked": true
                                },
                                "image_spacing": {
                                    "unit": "px",
                                    "size": 16,
                                    "sizes": []
                                },
                                "title_typography_typography": "custom",
                                "title_typography_font_size": {
                                    "unit": "px",
                                    "size": 16,
                                    "sizes": []
                                },
                                "title_typography_letter_spacing": {
                                    "unit": "px",
                                    "size": 1,
                                    "sizes": []
                                },
                                "title_spacing": {
                                    "unit": "px",
                                    "size": 8,
                                    "sizes": []
                                },
                                "price_color": "#9E7456",
                                "price_typography_typography": "custom",
                                "price_typography_font_family": "Montserrat",
                                "price_typography_font_size": {
                                    "unit": "px",
                                    "size": 18,
                                    "sizes": []
                                },
                                "price_typography_font_weight": "400",
                                "old_price_color": "#A3A3A3",
                                "old_price_typography_typography": "custom",
                                "old_price_typography_font_family": "Montserrat",
                                "old_price_typography_font_size": {
                                    "unit": "px",
                                    "size": 16,
                                    "sizes": []
                                },
                                "old_price_typography_font_weight": "400",
                                "button_text_color": "#1A1A1A",
                                "button_background_color": "#FFFFFF",
                                "button_border_color": "rgba(163, 163, 163, 0.5)",
                                "button_typography_typography": "custom",
                                "button_typography_font_family": "Montserrat",
                                "button_typography_font_size": {
                                    "unit": "px",
                                    "size": 14,
                                    "sizes": []
                                },
                                "button_typography_font_weight": "500",
                                "button_typography_text_transform": "uppercase",
                                "button_hover_color": "#1A1A1A",
                                "button_hover_background_color": "#FFFFFF",
                                "button_hover_border_color": "#A3A3A3",
                                "button_border_border": "solid",
                                "button_border_width": {
                                    "unit": "px",
                                    "top": "1",
                                    "right": "1",
                                    "bottom": "1",
                                    "left": "1",
                                    "isLinked": true
                                },
                                "button_border_radius": {
                                    "unit": "px",
                                    "top": "4",
                                    "right": "4",
                                    "bottom": "4",
                                    "left": "4",
                                    "isLinked": true
                                },
                                "button_text_padding": {
                                    "unit": "px",
                                    "top": "16",
                                    "right": "24",
                                    "bottom": "16",
                                    "left": "24",
                                    "isLinked": false
                                },
                                "button_spacing": {
                                    "unit": "px",
                                    "size": 16,
                                    "sizes": []
                                },
                                "view_cart_color": "#A3A3A3",
                                "view_cart_typography_typography": "custom",
                                "view_cart_typography_font_family": "Montserrat",
                                "view_cart_typography_font_size": {
                                    "unit": "px",
                                    "size": 16,
                                    "sizes": []
                                },
                                "view_cart_typography_font_weight": "300",
                                "view_cart_typography_line_height": {
                                    "unit": "em",
                                    "size": 1,
                                    "sizes": []
                                },
                                "view_cart_typography_letter_spacing": {
                                    "unit": "px",
                                    "size": 1,
                                    "sizes": []
                                },
                                "box_border_width": {
                                    "unit": "px",
                                    "top": "0",
                                    "right": "0",
                                    "bottom": "0",
                                    "left": "0",
                                    "isLinked": true
                                },
                                "box_border_radius": {
                                    "unit": "px",
                                    "size": 0,
                                    "sizes": []
                                },
                                "box_padding": {
                                    "unit": "px",
                                    "top": "0",
                                    "right": "0",
                                    "bottom": "0",
                                    "left": "0",
                                    "isLinked": true
                                },
                                "box_bg_color": "#FFFFFF",
                                "_margin": {
                                    "unit": "px",
                                    "top": "0",
                                    "right": "0",
                                    "bottom": "0",
                                    "left": "0",
                                    "isLinked": true
                                },
                                "_padding": {
                                    "unit": "px",
                                    "top": "0",
                                    "right": "0",
                                    "bottom": "0",
                                    "left": "0",
                                    "isLinked": true
                                },
                                "motion_fx_translateY_affectedRange": {
                                    "unit": "%",
                                    "size": "",
                                    "sizes": {
                                        "start": 22,
                                        "end": 100
                                    }
                                },
                                "motion_fx_opacity_level": {
                                    "unit": "px",
                                    "size": 3,
                                    "sizes": []
                                },
                                "motion_fx_blur_level": {
                                    "unit": "px",
                                    "size": 3,
                                    "sizes": []
                                },
                                "motion_fx_mouseTrack_speed": {
                                    "unit": "px",
                                    "size": 2,
                                    "sizes": []
                                },
                                "_animation": "none",
                                "columns_tablet": 2,
                                "column_gap_tablet": {
                                    "unit": "px",
                                    "size": 30,
                                    "sizes": []
                                },
                                "title_color": "#1A1A1A",
                                "title_spacing_tablet": {
                                    "unit": "px",
                                    "size": 8,
                                    "sizes": []
                                },
                                "columns_mobile": 1
                            },
                            "elements": [],
                            "isInner": false,
                            "widgetType": "woocommerce-products",
                            "elType": "widget"
                        }
                    ],
                    "isInner": false,
                    "elType": "column"
                }
            ],
            "isInner": false,
            "elType": "section"
        }
    ]
}