{
    "version": "0.4",
    "title": "Block: Our Story",
    "type": "section",
    "metadata": {
        "template_type": "section-about",
        "include_in_zip": "1",
        "elementor_pro_required": "1",
        "wp_page_template": "elementor_header_footer"
    },
    "content": [
        {
            "id": "119240a0",
            "settings": {
                "gap": "no",
                "margin": {
                    "unit": "px",
                    "top": "0",
                    "right": 0,
                    "bottom": "180",
                    "left": 0,
                    "isLinked": false
                },
                "padding": {
                    "unit": "px",
                    "top": "0",
                    "right": "0",
                    "bottom": "0",
                    "left": "0",
                    "isLinked": true
                },
                "_title": "Our Story",
                "margin_tablet": {
                    "unit": "px",
                    "top": "0",
                    "right": 0,
                    "bottom": "90",
                    "left": 0,
                    "isLinked": false
                },
                "padding_tablet": {
                    "unit": "px",
                    "top": "0",
                    "right": "30",
                    "bottom": "0",
                    "left": "30",
                    "isLinked": false
                },
                "margin_mobile": {
                    "unit": "px",
                    "top": "0",
                    "right": 0,
                    "bottom": "60",
                    "left": 0,
                    "isLinked": false
                },
                "padding_mobile": {
                    "unit": "px",
                    "top": "0",
                    "right": "15",
                    "bottom": "0",
                    "left": "15",
                    "isLinked": false
                }
            },
            "elements": [
                {
                    "id": "648a8871",
                    "settings": {
                        "_column_size": 100,
                        "_inline_size": null,
                        "space_between_widgets": 0,
                        "margin": {
                            "unit": "px",
                            "top": "0",
                            "right": "0",
                            "bottom": "0",
                            "left": "0",
                            "isLinked": true
                        },
                        "padding": {
                            "unit": "px",
                            "top": "0",
                            "right": "0",
                            "bottom": "0",
                            "left": "0",
                            "isLinked": true
                        }
                    },
                    "elements": [
                        {
                            "id": "7ce9e590",
                            "settings": {
                                "gap": "no",
                                "structure": "20",
                                "margin": {
                                    "unit": "px",
                                    "top": "0",
                                    "right": 0,
                                    "bottom": "0",
                                    "left": 0,
                                    "isLinked": true
                                },
                                "padding": {
                                    "unit": "px",
                                    "top": "0",
                                    "right": "0",
                                    "bottom": "0",
                                    "left": "0",
                                    "isLinked": true
                                },
                                "reverse_order_mobile": "reverse-mobile"
                            },
                            "elements": [
                                {
                                    "id": "3ca513ed",
                                    "settings": {
                                        "_column_size": 50,
                                        "_inline_size": 50,
                                        "content_position": "center",
                                        "space_between_widgets": 0,
                                        "margin": {
                                            "unit": "px",
                                            "top": "0",
                                            "right": "0",
                                            "bottom": "0",
                                            "left": "0",
                                            "isLinked": true
                                        },
                                        "padding": {
                                            "unit": "px",
                                            "top": "0",
                                            "right": "90",
                                            "bottom": "0",
                                            "left": "0",
                                            "isLinked": false
                                        },
                                        "content_position_tablet": "center",
                                        "space_between_widgets_tablet": 0,
                                        "padding_tablet": {
                                            "unit": "px",
                                            "top": "0",
                                            "right": "30",
                                            "bottom": "0",
                                            "left": "0",
                                            "isLinked": false
                                        },
                                        "animation": "none",
                                        "animation_tablet": "none",
                                        "animation_mobile": "none",
                                        "animation_delay": 0,
                                        "space_between_widgets_mobile": 0,
                                        "margin_mobile": {
                                            "unit": "px",
                                            "top": "0",
                                            "right": "0",
                                            "bottom": "0",
                                            "left": "0",
                                            "isLinked": true
                                        },
                                        "padding_mobile": {
                                            "unit": "px",
                                            "top": "0",
                                            "right": "0",
                                            "bottom": "0",
                                            "left": "0",
                                            "isLinked": true
                                        }
                                    },
                                    "elements": [
                                        {
                                            "id": "5d0c2c7",
                                            "settings": {
                                                "title": "Inspired by Our Children & The <br\/>Passion for Crafts",
                                                "align": "left",
                                                "align_mobile": "center"
                                            },
                                            "elements": [],
                                            "isInner": false,
                                            "widgetType": "heading",
                                            "elType": "widget"
                                        },
                                        {
                                            "id": "3ce48aed",
                                            "settings": {
                                                "editor": "Semper quis lectus nulla at volutpat diam ut. Mauris vitae ultricies leo integer malesuada nunc vel risus. Lorem mollis aliquam ut porttitor leo a. Volutpat blandit aliquam etiam velit dictum non. ",
                                                "_margin": {
                                                    "unit": "px",
                                                    "top": "30",
                                                    "right": "0",
                                                    "bottom": "50",
                                                    "left": "0",
                                                    "isLinked": false
                                                },
                                                "_padding": {
                                                    "unit": "px",
                                                    "top": "0",
                                                    "right": "0",
                                                    "bottom": "0",
                                                    "left": "0",
                                                    "isLinked": true
                                                },
                                                "align": "left",
                                                "align_mobile": "left",
                                                "text_columns": "1",
                                                "text_columns_tablet": "1",
                                                "column_gap": {
                                                    "unit": "px",
                                                    "size": 60,
                                                    "sizes": []
                                                },
                                                "column_gap_tablet": {
                                                    "unit": "px",
                                                    "size": 30,
                                                    "sizes": []
                                                },
                                                "_margin_mobile": {
                                                    "unit": "px",
                                                    "top": "20",
                                                    "right": "0",
                                                    "bottom": "30",
                                                    "left": "0",
                                                    "isLinked": false
                                                },
                                                "_padding_mobile": {
                                                    "unit": "px",
                                                    "top": "0",
                                                    "right": "0",
                                                    "bottom": "0",
                                                    "left": "0",
                                                    "isLinked": true
                                                }
                                            },
                                            "elements": [],
                                            "isInner": false,
                                            "widgetType": "text-editor",
                                            "elType": "widget"
                                        },
                                        {
                                            "id": "70580e43",
                                            "settings": {
                                                "text": "Our Story",
                                                "align_mobile": "justify"
                                            },
                                            "elements": [],
                                            "isInner": false,
                                            "widgetType": "button",
                                            "elType": "widget"
                                        }
                                    ],
                                    "isInner": true,
                                    "elType": "column"
                                },
                                {
                                    "id": "5a37c6a",
                                    "settings": {
                                        "_column_size": 50,
                                        "_inline_size": 50,
                                        "space_between_widgets": 0,
                                        "animation": "none",
                                        "animation_tablet": "none",
                                        "animation_mobile": "none",
                                        "animation_delay": 0,
                                        "space_between_widgets_mobile": 0,
                                        "margin_mobile": {
                                            "unit": "px",
                                            "top": "0",
                                            "right": "0",
                                            "bottom": "20",
                                            "left": "0",
                                            "isLinked": false
                                        },
                                        "padding_mobile": {
                                            "unit": "px",
                                            "top": "0",
                                            "right": "0",
                                            "bottom": "0",
                                            "left": "0",
                                            "isLinked": true
                                        }
                                    },
                                    "elements": [
                                        {
                                            "id": "10df4336",
                                            "settings": {
                                                "image": {
                                                    "url": "https:\/\/bubup.elementor.42theme.com\/wp-content\/uploads\/2020\/08\/cute-family-playing-in-a-autumn-field-U5XPX23-scaled.jpg",
                                                    "id": 377
                                                },
                                                "image_size": "1536x1536"
                                            },
                                            "elements": [],
                                            "isInner": false,
                                            "widgetType": "image",
                                            "elType": "widget"
                                        },
                                        {
                                            "id": "2e3febec",
                                            "settings": {
                                                "image": {
                                                    "url": "https:\/\/bubup.elementor.42theme.com\/wp-content\/uploads\/2020\/08\/rainbow.png",
                                                    "id": 552
                                                },
                                                "motion_fx_motion_fx_mouse": "yes",
                                                "motion_fx_mouseTrack_effect": "yes",
                                                "motion_fx_mouseTrack_speed": {
                                                    "unit": "px",
                                                    "size": 0.40000000000000002220446049250313080847263336181640625,
                                                    "sizes": []
                                                },
                                                "_animation": "slideInUp",
                                                "_animation_tablet": "none",
                                                "_animation_mobile": "none",
                                                "_element_width": "initial",
                                                "_element_custom_width": {
                                                    "unit": "%",
                                                    "size": 55,
                                                    "sizes": []
                                                },
                                                "_position": "absolute",
                                                "_offset_orientation_h": "end",
                                                "_offset_x_end": {
                                                    "size": 474.1879999999999881765688769519329071044921875,
                                                    "unit": "px"
                                                },
                                                "_offset_y": {
                                                    "size": 372,
                                                    "unit": "px"
                                                },
                                                "_offset_x_end_tablet": {
                                                    "size": 264.48399999999998044586391188204288482666015625,
                                                    "unit": "px"
                                                },
                                                "_offset_y_tablet": {
                                                    "size": 260,
                                                    "unit": "px"
                                                },
                                                "_offset_x_end_mobile": {
                                                    "size": -20.5,
                                                    "unit": "px"
                                                },
                                                "_offset_y_mobile": {
                                                    "size": -62,
                                                    "unit": "px"
                                                },
                                                "hide_mobile": "hidden-phone"
                                            },
                                            "elements": [],
                                            "isInner": false,
                                            "widgetType": "image",
                                            "elType": "widget"
                                        },
                                        {
                                            "id": "28705785",
                                            "settings": {
                                                "image": {
                                                    "url": "https:\/\/bubup.elementor.42theme.com\/wp-content\/uploads\/2020\/08\/heart.png",
                                                    "id": 532
                                                },
                                                "motion_fx_motion_fx_mouse": "yes",
                                                "motion_fx_mouseTrack_effect": "yes",
                                                "motion_fx_mouseTrack_direction": "negative",
                                                "motion_fx_mouseTrack_speed": {
                                                    "unit": "px",
                                                    "size": 0.299999999999999988897769753748434595763683319091796875,
                                                    "sizes": []
                                                },
                                                "_animation": "pulse",
                                                "_animation_tablet": "none",
                                                "_animation_mobile": "none",
                                                "_element_width": "initial",
                                                "_element_custom_width": {
                                                    "unit": "%",
                                                    "size": 15,
                                                    "sizes": []
                                                },
                                                "_position": "absolute",
                                                "_offset_orientation_h": "end",
                                                "_offset_x_end": {
                                                    "size": 723.5159999999999627107172273099422454833984375,
                                                    "unit": "px"
                                                },
                                                "_offset_y": {
                                                    "size": 22.327999999999999403144101961515843868255615234375,
                                                    "unit": "px"
                                                },
                                                "_offset_x_end_tablet": {
                                                    "size": 368.46899999999999408828443847596645355224609375,
                                                    "unit": "px"
                                                },
                                                "_offset_y_tablet": {
                                                    "size": -16.687000000000001165290086646564304828643798828125,
                                                    "unit": "px"
                                                },
                                                "_element_width_mobile": "initial",
                                                "_element_custom_width_mobile": {
                                                    "unit": "%",
                                                    "size": 20,
                                                    "sizes": []
                                                },
                                                "_offset_x_end_mobile": {
                                                    "size": 267,
                                                    "unit": "px"
                                                },
                                                "_offset_y_mobile": {
                                                    "size": 316,
                                                    "unit": "px"
                                                }
                                            },
                                            "elements": [],
                                            "isInner": false,
                                            "widgetType": "image",
                                            "elType": "widget"
                                        }
                                    ],
                                    "isInner": true,
                                    "elType": "column"
                                }
                            ],
                            "isInner": true,
                            "elType": "section"
                        }
                    ],
                    "isInner": false,
                    "elType": "column"
                }
            ],
            "isInner": false,
            "elType": "section"
        }
    ]
}