{
    "version": "0.4",
    "title": "Footer",
    "type": "footer",
    "metadata": {
        "template_type": "section-footer",
        "include_in_zip": "1",
        "elementor_pro_required": "1",
        "elementor_library_type": "footer",
        "elementor_pro_conditions": [
            "include\/general"
        ],
        "additional_template_information": [
            "This is a \"Footer\" template for Elementor Pro.",
            "This template will display on: Entire Site."
        ],
        "wp_page_template": "default"
    },
    "content": [
        {
            "id": "1063499f",
            "settings": {
                "background_color": "#9E7456",
                "_title": "Footer Menu",
                "gap": "no",
                "structure": "40",
                "margin": {
                    "unit": "px",
                    "top": "0",
                    "right": 0,
                    "bottom": "180",
                    "left": 0,
                    "isLinked": false
                },
                "margin_tablet": {
                    "unit": "px",
                    "top": "0",
                    "right": 0,
                    "bottom": "90",
                    "left": 0,
                    "isLinked": false
                },
                "padding_tablet": {
                    "unit": "px",
                    "top": "0",
                    "right": "30",
                    "bottom": "0",
                    "left": "30",
                    "isLinked": false
                },
                "margin_mobile": {
                    "unit": "px",
                    "top": "0",
                    "right": 0,
                    "bottom": "30",
                    "left": 0,
                    "isLinked": false
                },
                "padding_mobile": {
                    "unit": "px",
                    "top": "0",
                    "right": "15",
                    "bottom": "0",
                    "left": "15",
                    "isLinked": false
                }
            },
            "elements": [
                {
                    "id": "36ad9a0b",
                    "settings": {
                        "_column_size": 25,
                        "_inline_size": 46,
                        "space_between_widgets": 0,
                        "margin": {
                            "unit": "px",
                            "top": "0",
                            "right": "60",
                            "bottom": "0",
                            "left": "0",
                            "isLinked": false
                        },
                        "padding": {
                            "unit": "px",
                            "top": "0",
                            "right": "0",
                            "bottom": "0",
                            "left": "0",
                            "isLinked": true
                        },
                        "_inline_size_tablet": 28,
                        "space_between_widgets_tablet": 0,
                        "_inline_size_mobile": 50,
                        "space_between_widgets_mobile": 0,
                        "margin_mobile": {
                            "unit": "px",
                            "top": "0",
                            "right": "0",
                            "bottom": "0",
                            "left": "0",
                            "isLinked": false
                        },
                        "content_position_mobile": "center",
                        "padding_mobile": {
                            "unit": "px",
                            "top": "0",
                            "right": "0",
                            "bottom": "10",
                            "left": "0",
                            "isLinked": false
                        }
                    },
                    "elements": [
                        {
                            "id": "548072b",
                            "settings": {
                                "image": {
                                    "url": "https:\/\/bubup.elementor.42theme.com\/wp-content\/uploads\/2020\/08\/Logo_black.png",
                                    "id": 715
                                },
                                "image_size": "custom",
                                "image_custom_dimension": {
                                    "width": "",
                                    "height": "40"
                                },
                                "align": "left",
                                "align_mobile": "left",
                                "_margin_mobile": {
                                    "unit": "px",
                                    "top": "0",
                                    "right": "0",
                                    "bottom": "0",
                                    "left": "0",
                                    "isLinked": true
                                },
                                "_padding_mobile": {
                                    "unit": "px",
                                    "top": "0",
                                    "right": "0",
                                    "bottom": "0",
                                    "left": "0",
                                    "isLinked": true
                                }
                            },
                            "elements": [],
                            "isInner": false,
                            "widgetType": "image",
                            "elType": "widget"
                        },
                        {
                            "id": "318f2ef5",
                            "settings": {
                                "image": {
                                    "url": "https:\/\/bubup.elementor.42theme.com\/wp-content\/uploads\/2020\/08\/train-1.png",
                                    "id": 929
                                },
                                "motion_fx_mouseTrack_effect": "yes",
                                "motion_fx_mouseTrack_speed": {
                                    "unit": "px",
                                    "size": 0.1000000000000000055511151231257827021181583404541015625,
                                    "sizes": []
                                },
                                "_animation": "slideInLeft",
                                "_animation_tablet": "none",
                                "_animation_mobile": "none",
                                "_element_width": "initial",
                                "_element_custom_width": {
                                    "unit": "%",
                                    "size": 80,
                                    "sizes": []
                                },
                                "_position": "absolute",
                                "_offset_orientation_h": "end",
                                "_offset_x_end": {
                                    "size": 352.48399999999998044586391188204288482666015625,
                                    "unit": "px"
                                },
                                "_offset_y": {
                                    "size": 154.390999999999991132426657713949680328369140625,
                                    "unit": "px"
                                },
                                "_offset_x_end_tablet": {
                                    "size": -28.39099999999999823785401531495153903961181640625,
                                    "unit": "px"
                                },
                                "_offset_y_tablet": {
                                    "size": 176.390999999999991132426657713949680328369140625,
                                    "unit": "px"
                                },
                                "_element_width_tablet": "initial",
                                "_element_custom_width_tablet": {
                                    "unit": "%",
                                    "size": 130,
                                    "sizes": []
                                },
                                "hide_mobile": "hidden-phone"
                            },
                            "elements": [],
                            "isInner": false,
                            "widgetType": "image",
                            "elType": "widget"
                        },
                        {
                            "id": "4b2554d2",
                            "settings": {
                                "image": {
                                    "url": "https:\/\/bubup.elementor.42theme.com\/wp-content\/uploads\/2020\/08\/bear.png",
                                    "id": 889
                                },
                                "motion_fx_mouseTrack_effect": "yes",
                                "motion_fx_mouseTrack_speed": {
                                    "unit": "px",
                                    "size": 0.200000000000000011102230246251565404236316680908203125,
                                    "sizes": []
                                },
                                "_animation": "pulse",
                                "_animation_tablet": "none",
                                "_animation_mobile": "none",
                                "_element_width": "initial",
                                "_element_custom_width": {
                                    "unit": "%",
                                    "size": 55,
                                    "sizes": []
                                },
                                "_position": "absolute",
                                "_offset_orientation_h": "end",
                                "_offset_x_end": {
                                    "size": -936.5,
                                    "unit": "px"
                                },
                                "_offset_y": {
                                    "size": 149.84399999999999408828443847596645355224609375,
                                    "unit": "px"
                                },
                                "motion_fx_mouseTrack_direction": "negative",
                                "_offset_x_end_tablet": {
                                    "size": -556.1090000000000372892827726900577545166015625,
                                    "unit": "px"
                                },
                                "_offset_y_tablet": {
                                    "size": 189,
                                    "unit": "px"
                                },
                                "_animation_delay": 500,
                                "_element_width_tablet": "initial",
                                "_element_custom_width_tablet": {
                                    "unit": "%",
                                    "size": 80,
                                    "sizes": []
                                },
                                "hide_mobile": "hidden-phone"
                            },
                            "elements": [],
                            "isInner": false,
                            "widgetType": "image",
                            "elType": "widget"
                        },
                        {
                            "id": "5be3a7e2",
                            "settings": {
                                "image": {
                                    "url": "https:\/\/bubup.elementor.42theme.com\/wp-content\/uploads\/2020\/08\/balloon3.png",
                                    "id": 542
                                },
                                "motion_fx_motion_fx_mouse": "yes",
                                "motion_fx_mouseTrack_effect": "yes",
                                "motion_fx_mouseTrack_speed": {
                                    "unit": "px",
                                    "size": 0.40000000000000002220446049250313080847263336181640625,
                                    "sizes": []
                                },
                                "_animation": "slideInUp",
                                "_animation_tablet": "none",
                                "_animation_mobile": "none",
                                "_element_width": "initial",
                                "_element_custom_width": {
                                    "unit": "%",
                                    "size": 35,
                                    "sizes": []
                                },
                                "_position": "absolute",
                                "_offset_orientation_h": "end",
                                "_offset_x_end": {
                                    "size": -992.20299999999997453414835035800933837890625,
                                    "unit": "px"
                                },
                                "_offset_y": {
                                    "size": -25.15599999999999880628820392303168773651123046875,
                                    "unit": "px"
                                },
                                "_offset_x_end_tablet": {
                                    "size": 0,
                                    "unit": "px"
                                },
                                "_offset_y_tablet": {
                                    "size": 0,
                                    "unit": "px"
                                },
                                "_animation_delay": 2300,
                                "_element_custom_width_tablet": {
                                    "unit": "%",
                                    "size": 60,
                                    "sizes": []
                                },
                                "hide_tablet": "hidden-tablet",
                                "hide_mobile": "hidden-phone"
                            },
                            "elements": [],
                            "isInner": false,
                            "widgetType": "image",
                            "elType": "widget"
                        },
                        {
                            "id": "638fef2e",
                            "settings": {
                                "image": {
                                    "url": "https:\/\/bubup.elementor.42theme.com\/wp-content\/uploads\/2020\/08\/ball.png",
                                    "id": 944
                                },
                                "motion_fx_mouseTrack_effect": "yes",
                                "motion_fx_mouseTrack_speed": {
                                    "unit": "px",
                                    "size": 0.200000000000000011102230246251565404236316680908203125,
                                    "sizes": []
                                },
                                "_animation": "rotateIn",
                                "_animation_tablet": "none",
                                "_animation_mobile": "none",
                                "_element_width": "initial",
                                "_element_custom_width": {
                                    "unit": "%",
                                    "size": 20.2590000000000003410605131648480892181396484375
                                },
                                "_position": "absolute",
                                "_offset_orientation_h": "end",
                                "_offset_x_end": {
                                    "size": -713.9059999999999490682967007160186767578125,
                                    "unit": "px"
                                },
                                "_offset_y": {
                                    "size": 298.5629999999999881765688769519329071044921875,
                                    "unit": "px"
                                },
                                "motion_fx_mouseTrack_direction": "negative",
                                "_offset_x_end_tablet": {
                                    "size": -460.64100000000001955413608811795711517333984375,
                                    "unit": "px"
                                },
                                "_offset_y_tablet": {
                                    "size": 248,
                                    "unit": "px"
                                },
                                "_animation_delay": 1000,
                                "_element_width_tablet": "initial",
                                "_element_custom_width_tablet": {
                                    "unit": "%",
                                    "size": 35,
                                    "sizes": []
                                },
                                "hide_mobile": "hidden-phone"
                            },
                            "elements": [],
                            "isInner": false,
                            "widgetType": "image",
                            "elType": "widget"
                        },
                        {
                            "id": "3e70b88c",
                            "settings": {
                                "image": {
                                    "url": "https:\/\/bubup.elementor.42theme.com\/wp-content\/uploads\/2020\/08\/star2.png",
                                    "id": 949
                                },
                                "motion_fx_motion_fx_mouse": "yes",
                                "motion_fx_mouseTrack_effect": "yes",
                                "motion_fx_mouseTrack_speed": {
                                    "unit": "px",
                                    "size": 0.59999999999999997779553950749686919152736663818359375,
                                    "sizes": []
                                },
                                "_animation": "zoomIn",
                                "_animation_tablet": "none",
                                "_animation_mobile": "none",
                                "_element_width": "initial",
                                "_element_custom_width": {
                                    "unit": "%",
                                    "size": 15,
                                    "sizes": []
                                },
                                "_position": "absolute",
                                "_offset_orientation_h": "end",
                                "_offset_x_end": {
                                    "size": 225.203000000000002955857780762016773223876953125,
                                    "unit": "px"
                                },
                                "_offset_y": {
                                    "size": -56.421999999999997044142219237983226776123046875,
                                    "unit": "px"
                                },
                                "motion_fx_mouseTrack_direction": "negative",
                                "_offset_x_end_tablet": {
                                    "size": -20.5,
                                    "unit": "px"
                                },
                                "_offset_y_tablet": {
                                    "size": 53,
                                    "unit": "px"
                                },
                                "_animation_delay": 50,
                                "_element_width_tablet": "initial",
                                "_element_custom_width_tablet": {
                                    "unit": "%",
                                    "size": 33
                                },
                                "hide_mobile": "hidden-phone"
                            },
                            "elements": [],
                            "isInner": false,
                            "widgetType": "image",
                            "elType": "widget"
                        },
                        {
                            "id": "2ec8b40c",
                            "settings": {
                                "image": {
                                    "url": "https:\/\/bubup.elementor.42theme.com\/wp-content\/uploads\/2020\/08\/star3.png",
                                    "id": 950
                                },
                                "motion_fx_mouseTrack_effect": "yes",
                                "motion_fx_mouseTrack_speed": {
                                    "unit": "px",
                                    "size": 0.200000000000000011102230246251565404236316680908203125,
                                    "sizes": []
                                },
                                "_animation": "zoomIn",
                                "_animation_tablet": "none",
                                "_animation_mobile": "none",
                                "_element_width": "initial",
                                "_element_custom_width": {
                                    "unit": "%",
                                    "size": 3,
                                    "sizes": []
                                },
                                "_position": "absolute",
                                "_offset_orientation_h": "end",
                                "_offset_x_end": {
                                    "size": 144.875,
                                    "unit": "px"
                                },
                                "_offset_y": {
                                    "size": 106.3910000000000053432813729159533977508544921875,
                                    "unit": "px"
                                },
                                "motion_fx_mouseTrack_direction": "negative",
                                "_offset_x_end_tablet": {
                                    "size": -20.5,
                                    "unit": "px"
                                },
                                "_offset_y_tablet": {
                                    "size": 29,
                                    "unit": "px"
                                },
                                "_animation_delay": 400,
                                "_element_width_tablet": "initial",
                                "_element_custom_width_tablet": {
                                    "unit": "%",
                                    "size": 15,
                                    "sizes": []
                                },
                                "hide_tablet": "hidden-tablet",
                                "hide_mobile": "hidden-phone"
                            },
                            "elements": [],
                            "isInner": false,
                            "widgetType": "image",
                            "elType": "widget"
                        },
                        {
                            "id": "70076742",
                            "settings": {
                                "image": {
                                    "url": "https:\/\/bubup.elementor.42theme.com\/wp-content\/uploads\/2020\/08\/star3.png",
                                    "id": 950
                                },
                                "motion_fx_mouseTrack_effect": "yes",
                                "motion_fx_mouseTrack_speed": {
                                    "unit": "px",
                                    "size": 0.200000000000000011102230246251565404236316680908203125,
                                    "sizes": []
                                },
                                "_animation": "flash",
                                "_animation_tablet": "none",
                                "_animation_mobile": "none",
                                "_element_width": "initial",
                                "_element_custom_width": {
                                    "unit": "%",
                                    "size": 3,
                                    "sizes": []
                                },
                                "_position": "absolute",
                                "_offset_orientation_h": "end",
                                "_offset_x_end": {
                                    "size": 152.84399999999999408828443847596645355224609375,
                                    "unit": "px"
                                },
                                "_offset_y": {
                                    "size": -31.547000000000000596855898038484156131744384765625,
                                    "unit": "px"
                                },
                                "motion_fx_mouseTrack_direction": "negative",
                                "_offset_x_end_tablet": {
                                    "size": 62.375,
                                    "unit": "px"
                                },
                                "_offset_y_tablet": {
                                    "size": 84,
                                    "unit": "px"
                                },
                                "_animation_delay": 1200,
                                "_element_width_tablet": "initial",
                                "_element_custom_width_tablet": {
                                    "unit": "%",
                                    "size": 10,
                                    "sizes": []
                                },
                                "hide_mobile": "hidden-phone"
                            },
                            "elements": [],
                            "isInner": false,
                            "widgetType": "image",
                            "elType": "widget"
                        },
                        {
                            "id": "58703e80",
                            "settings": {
                                "image": {
                                    "url": "https:\/\/bubup.elementor.42theme.com\/wp-content\/uploads\/2020\/08\/star4.png",
                                    "id": 951
                                },
                                "motion_fx_mouseTrack_effect": "yes",
                                "motion_fx_mouseTrack_speed": {
                                    "unit": "px",
                                    "size": 0.200000000000000011102230246251565404236316680908203125,
                                    "sizes": []
                                },
                                "_animation": "pulse",
                                "_animation_tablet": "none",
                                "_animation_mobile": "none",
                                "_element_width": "initial",
                                "_element_custom_width": {
                                    "unit": "%",
                                    "size": 8,
                                    "sizes": []
                                },
                                "_position": "absolute",
                                "_offset_orientation_h": "end",
                                "_offset_x_end": {
                                    "size": 216.0629999999999881765688769519329071044921875,
                                    "unit": "px"
                                },
                                "_offset_y": {
                                    "size": 53.71900000000000119371179607696831226348876953125,
                                    "unit": "px"
                                },
                                "motion_fx_mouseTrack_direction": "negative",
                                "_offset_x_end_tablet": {
                                    "size": -36.46900000000000119371179607696831226348876953125,
                                    "unit": "px"
                                },
                                "_offset_y_tablet": {
                                    "size": 106,
                                    "unit": "px"
                                },
                                "_animation_delay": 100,
                                "_element_width_tablet": "initial",
                                "_element_custom_width_tablet": {
                                    "unit": "%",
                                    "size": 12,
                                    "sizes": []
                                },
                                "hide_mobile": "hidden-phone"
                            },
                            "elements": [],
                            "isInner": false,
                            "widgetType": "image",
                            "elType": "widget"
                        },
                        {
                            "id": "e9dca61",
                            "settings": {
                                "image": {
                                    "url": "https:\/\/bubup.elementor.42theme.com\/wp-content\/uploads\/2020\/08\/star4.png",
                                    "id": 951
                                },
                                "motion_fx_mouseTrack_effect": "yes",
                                "motion_fx_mouseTrack_speed": {
                                    "unit": "px",
                                    "size": 0.200000000000000011102230246251565404236316680908203125,
                                    "sizes": []
                                },
                                "_animation": "fadeIn",
                                "_animation_tablet": "none",
                                "_animation_mobile": "none",
                                "_element_width": "initial",
                                "_element_custom_width": {
                                    "unit": "%",
                                    "size": 4,
                                    "sizes": []
                                },
                                "_position": "absolute",
                                "_offset_orientation_h": "end",
                                "_offset_x_end": {
                                    "size": 52.23400000000000176214598468504846096038818359375,
                                    "unit": "px"
                                },
                                "_offset_y": {
                                    "size": 57.71900000000000119371179607696831226348876953125,
                                    "unit": "px"
                                },
                                "motion_fx_mouseTrack_direction": "negative",
                                "_offset_x_end_tablet": {
                                    "size": -46.296999999999997044142219237983226776123046875,
                                    "unit": "px"
                                },
                                "_offset_y_tablet": {
                                    "size": 128,
                                    "unit": "px"
                                },
                                "_animation_delay": 600,
                                "_element_width_tablet": "initial",
                                "_element_custom_width_tablet": {
                                    "unit": "%",
                                    "size": 7,
                                    "sizes": []
                                },
                                "hide_tablet": "hidden-tablet",
                                "hide_mobile": "hidden-phone"
                            },
                            "elements": [],
                            "isInner": false,
                            "widgetType": "image",
                            "elType": "widget"
                        },
                        {
                            "id": "293dfbb9",
                            "settings": {
                                "image": {
                                    "url": "https:\/\/bubup.elementor.42theme.com\/wp-content\/uploads\/2020\/08\/4-2.png",
                                    "id": 489
                                },
                                "motion_fx_motion_fx_mouse": "yes",
                                "motion_fx_mouseTrack_effect": "yes",
                                "motion_fx_mouseTrack_speed": {
                                    "unit": "px",
                                    "size": 0.299999999999999988897769753748434595763683319091796875,
                                    "sizes": []
                                },
                                "_animation": "fadeIn",
                                "_animation_tablet": "none",
                                "_animation_mobile": "none",
                                "_element_width": "initial",
                                "_element_custom_width": {
                                    "unit": "%",
                                    "size": 13,
                                    "sizes": []
                                },
                                "_position": "absolute",
                                "_offset_orientation_h": "end",
                                "_offset_x_end": {
                                    "size": 109.53100000000000591171556152403354644775390625,
                                    "unit": "px"
                                },
                                "_offset_y": {
                                    "size": 14,
                                    "unit": "px"
                                },
                                "_offset_x_end_tablet": {
                                    "size": -48.03099999999999880628820392303168773651123046875,
                                    "unit": "px"
                                },
                                "_offset_y_tablet": {
                                    "size": 95,
                                    "unit": "px"
                                },
                                "_animation_delay": 250,
                                "_element_width_tablet": "initial",
                                "_element_custom_width_tablet": {
                                    "unit": "%",
                                    "size": 28,
                                    "sizes": []
                                },
                                "hide_tablet": "hidden-tablet",
                                "hide_mobile": "hidden-phone"
                            },
                            "elements": [],
                            "isInner": false,
                            "widgetType": "image",
                            "elType": "widget"
                        },
                        {
                            "id": "aeb2c8f",
                            "settings": {
                                "image": {
                                    "url": "https:\/\/bubup.elementor.42theme.com\/wp-content\/uploads\/2020\/08\/cube2.png",
                                    "id": 945
                                },
                                "motion_fx_mouseTrack_effect": "yes",
                                "motion_fx_mouseTrack_speed": {
                                    "unit": "px",
                                    "size": 0.200000000000000011102230246251565404236316680908203125,
                                    "sizes": []
                                },
                                "_animation": "slideInDown",
                                "_animation_tablet": "none",
                                "_animation_mobile": "none",
                                "_element_width": "initial",
                                "_element_custom_width": {
                                    "unit": "%",
                                    "size": 15,
                                    "sizes": []
                                },
                                "_position": "absolute",
                                "_offset_orientation_h": "end",
                                "_offset_x_end": {
                                    "size": -134.90600000000000591171556152403354644775390625,
                                    "unit": "px"
                                },
                                "_offset_y": {
                                    "size": 347.89100000000001955413608811795711517333984375,
                                    "unit": "px"
                                },
                                "motion_fx_mouseTrack_direction": "negative",
                                "_offset_x_end_tablet": {
                                    "size": 0,
                                    "unit": "px"
                                },
                                "_offset_y_tablet": {
                                    "size": 0,
                                    "unit": "px"
                                },
                                "animation_duration": "fast",
                                "_animation_delay": 1400,
                                "hide_tablet": "hidden-tablet",
                                "hide_mobile": "hidden-phone"
                            },
                            "elements": [],
                            "isInner": false,
                            "widgetType": "image",
                            "elType": "widget"
                        },
                        {
                            "id": "2aa4b22",
                            "settings": {
                                "image": {
                                    "url": "https:\/\/bubup.elementor.42theme.com\/wp-content\/uploads\/2020\/08\/cube4.png",
                                    "id": 948
                                },
                                "motion_fx_mouseTrack_effect": "yes",
                                "motion_fx_mouseTrack_speed": {
                                    "unit": "px",
                                    "size": 0.200000000000000011102230246251565404236316680908203125,
                                    "sizes": []
                                },
                                "_animation": "slideInDown",
                                "_animation_tablet": "none",
                                "_animation_mobile": "none",
                                "_element_width": "initial",
                                "_element_custom_width": {
                                    "unit": "%",
                                    "size": 15,
                                    "sizes": []
                                },
                                "_position": "absolute",
                                "_offset_orientation_h": "end",
                                "_offset_x_end": {
                                    "size": -196.828000000000002955857780762016773223876953125,
                                    "unit": "px"
                                },
                                "_offset_y": {
                                    "size": 350.89100000000001955413608811795711517333984375,
                                    "unit": "px"
                                },
                                "motion_fx_mouseTrack_direction": "negative",
                                "_offset_x_end_tablet": {
                                    "size": 0,
                                    "unit": "px"
                                },
                                "_offset_y_tablet": {
                                    "size": 0,
                                    "unit": "px"
                                },
                                "animation_duration": "fast",
                                "_animation_delay": 1700,
                                "hide_tablet": "hidden-tablet",
                                "hide_mobile": "hidden-phone"
                            },
                            "elements": [],
                            "isInner": false,
                            "widgetType": "image",
                            "elType": "widget"
                        },
                        {
                            "id": "54673218",
                            "settings": {
                                "image": {
                                    "url": "https:\/\/bubup.elementor.42theme.com\/wp-content\/uploads\/2020\/08\/cube.png",
                                    "id": 608
                                },
                                "motion_fx_mouseTrack_effect": "yes",
                                "motion_fx_mouseTrack_speed": {
                                    "unit": "px",
                                    "size": 0.200000000000000011102230246251565404236316680908203125,
                                    "sizes": []
                                },
                                "_animation": "slideInDown",
                                "_animation_tablet": "none",
                                "_animation_mobile": "none",
                                "_element_width": "initial",
                                "_element_custom_width": {
                                    "unit": "%",
                                    "size": 15,
                                    "sizes": []
                                },
                                "_position": "absolute",
                                "_offset_orientation_h": "end",
                                "_offset_x_end": {
                                    "size": -170.828000000000002955857780762016773223876953125,
                                    "unit": "px"
                                },
                                "_offset_y": {
                                    "size": 308.89100000000001955413608811795711517333984375,
                                    "unit": "px"
                                },
                                "motion_fx_mouseTrack_direction": "negative",
                                "_offset_x_end_tablet": {
                                    "size": 0,
                                    "unit": "px"
                                },
                                "_offset_y_tablet": {
                                    "size": 0,
                                    "unit": "px"
                                },
                                "animation_duration": "fast",
                                "_animation_delay": 2000,
                                "hide_tablet": "hidden-tablet",
                                "hide_mobile": "hidden-phone"
                            },
                            "elements": [],
                            "isInner": false,
                            "widgetType": "image",
                            "elType": "widget"
                        }
                    ],
                    "isInner": false,
                    "elType": "column"
                },
                {
                    "id": "3f48b0e0",
                    "settings": {
                        "_column_size": 25,
                        "_inline_size": 18,
                        "space_between_widgets": 0,
                        "margin": {
                            "unit": "px",
                            "top": "10",
                            "right": "30",
                            "bottom": "0",
                            "left": "0",
                            "isLinked": false
                        },
                        "padding": {
                            "unit": "px",
                            "top": "0",
                            "right": "0",
                            "bottom": "0",
                            "left": "0",
                            "isLinked": true
                        },
                        "_inline_size_tablet": 24,
                        "space_between_widgets_tablet": 0,
                        "_inline_size_mobile": 50,
                        "space_between_widgets_mobile": 0,
                        "margin_mobile": {
                            "unit": "px",
                            "top": "0",
                            "right": "0",
                            "bottom": "0",
                            "left": "0",
                            "isLinked": false
                        },
                        "padding_mobile": {
                            "unit": "px",
                            "top": "0",
                            "right": "0",
                            "bottom": "0",
                            "left": "0",
                            "isLinked": true
                        },
                        "content_position_mobile": "center",
                        "align_mobile": "flex-end"
                    },
                    "elements": [
                        {
                            "id": "3da64b0e",
                            "settings": {
                                "layout": "vertical",
                                "dropdown": "mobile",
                                "menu_typography_typography": "custom",
                                "menu_typography_font_size": {
                                    "unit": "px",
                                    "size": 18,
                                    "sizes": []
                                },
                                "menu_typography_font_weight": "300",
                                "menu_typography_line_height": {
                                    "unit": "em",
                                    "size": 1.3000000000000000444089209850062616169452667236328125,
                                    "sizes": []
                                },
                                "pointer_width": {
                                    "unit": "px",
                                    "size": 0,
                                    "sizes": []
                                },
                                "padding_horizontal_menu_item": {
                                    "unit": "px",
                                    "size": 0,
                                    "sizes": []
                                },
                                "padding_vertical_menu_item": {
                                    "unit": "px",
                                    "size": 2,
                                    "sizes": []
                                },
                                "menu_space_between": {
                                    "unit": "px",
                                    "size": 10,
                                    "sizes": []
                                },
                                "indicator": "none",
                                "color_dropdown_item_hover": "#1A1A1A",
                                "background_color_dropdown_item_hover": "#F9F9F9",
                                "background_color_dropdown_item_active": "#F2F2F2",
                                "dropdown_divider_border": "solid",
                                "dropdown_divider_width": {
                                    "unit": "px",
                                    "size": 1,
                                    "sizes": []
                                },
                                "dropdown_top_distance": {
                                    "unit": "px",
                                    "size": 16,
                                    "sizes": []
                                },
                                "_margin": {
                                    "unit": "px",
                                    "top": "0",
                                    "right": "0",
                                    "bottom": "0",
                                    "left": "0",
                                    "isLinked": true
                                },
                                "_padding": {
                                    "unit": "px",
                                    "top": "0",
                                    "right": "0",
                                    "bottom": "0",
                                    "left": "0",
                                    "isLinked": true
                                },
                                "toggle_size": {
                                    "unit": "px",
                                    "size": 24,
                                    "sizes": []
                                },
                                "toggle_border_width": {
                                    "unit": "px",
                                    "size": 0,
                                    "sizes": []
                                },
                                "hide_desktop": "hidden-desktop",
                                "hide_tablet": "hidden-tablet",
                                "toggle_align": "right",
                                "menu_typography_font_size_tablet": {
                                    "unit": "px",
                                    "size": 12,
                                    "sizes": []
                                },
                                "color_menu_item": "#1A1A1A",
                                "color_menu_item_hover": "#A3A3A3",
                                "pointer_color_menu_item_hover": "#1A1A1A",
                                "color_menu_item_active": "#1A1A1A",
                                "pointer_color_menu_item_active": "#1A1A1A",
                                "menu_space_between_tablet": {
                                    "unit": "px",
                                    "size": 16,
                                    "sizes": []
                                },
                                "color_dropdown_item": "#A3A3A3",
                                "background_color_dropdown_item": "#F9F9F9",
                                "color_dropdown_item_active": "#1A1A1A",
                                "dropdown_typography_typography": "custom",
                                "dropdown_typography_font_size": {
                                    "unit": "px",
                                    "size": 14,
                                    "sizes": []
                                },
                                "dropdown_typography_font_size_mobile": {
                                    "unit": "px",
                                    "size": 14,
                                    "sizes": []
                                },
                                "dropdown_typography_font_weight": "500",
                                "dropdown_typography_text_transform": "uppercase",
                                "dropdown_border_radius": {
                                    "unit": "px",
                                    "top": "4",
                                    "right": "4",
                                    "bottom": "4",
                                    "left": "4",
                                    "isLinked": true
                                },
                                "dropdown_border_radius_mobile": {
                                    "unit": "px",
                                    "top": "4",
                                    "right": "4",
                                    "bottom": "4",
                                    "left": "4",
                                    "isLinked": true
                                },
                                "padding_horizontal_dropdown_item": {
                                    "unit": "px",
                                    "size": 24,
                                    "sizes": []
                                },
                                "padding_horizontal_dropdown_item_mobile": {
                                    "unit": "px",
                                    "size": 16,
                                    "sizes": []
                                },
                                "padding_vertical_dropdown_item": {
                                    "unit": "px",
                                    "size": 16,
                                    "sizes": []
                                },
                                "padding_vertical_dropdown_item_mobile": {
                                    "unit": "px",
                                    "size": 12,
                                    "sizes": []
                                },
                                "dropdown_divider_color": "#F2F2F2",
                                "dropdown_top_distance_mobile": {
                                    "unit": "px",
                                    "size": 8,
                                    "sizes": []
                                },
                                "toggle_color": "#FFFFFF",
                                "toggle_background_color": "#AA8163",
                                "toggle_color_hover": "#FFFFFF",
                                "toggle_background_color_hover": "#9E7456"
                            },
                            "elements": [],
                            "isInner": false,
                            "widgetType": "nav-menu",
                            "elType": "widget"
                        },
                        {
                            "id": "38629d43",
                            "settings": {
                                "title": "About",
                                "header_size": "h6",
                                "align": "left",
                                "typography_typography": "custom",
                                "typography_font_size": {
                                    "unit": "px",
                                    "size": 16,
                                    "sizes": []
                                },
                                "_margin": {
                                    "unit": "px",
                                    "top": "0",
                                    "right": "0",
                                    "bottom": "16",
                                    "left": "0",
                                    "isLinked": false
                                },
                                "_padding": {
                                    "unit": "px",
                                    "top": "0",
                                    "right": "0",
                                    "bottom": "0",
                                    "left": "0",
                                    "isLinked": false
                                },
                                "align_mobile": "left",
                                "_margin_mobile": {
                                    "unit": "px",
                                    "top": "0",
                                    "right": "0",
                                    "bottom": "8",
                                    "left": "0",
                                    "isLinked": false
                                },
                                "_padding_mobile": {
                                    "unit": "px",
                                    "top": "0",
                                    "right": "0",
                                    "bottom": "0",
                                    "left": "0",
                                    "isLinked": false
                                },
                                "hide_mobile": "hidden-phone"
                            },
                            "elements": [],
                            "isInner": false,
                            "widgetType": "heading",
                            "elType": "widget"
                        },
                        {
                            "id": "3238bd81",
                            "settings": {
                                "layout": "vertical",
                                "align_items": "left",
                                "dropdown": "none",
                                "menu_typography_typography": "custom",
                                "menu_typography_font_family": "Montserrat",
                                "menu_typography_font_size": {
                                    "unit": "px",
                                    "size": 18,
                                    "sizes": []
                                },
                                "menu_typography_font_weight": "300",
                                "menu_typography_line_height": {
                                    "unit": "em",
                                    "size": 1.3000000000000000444089209850062616169452667236328125,
                                    "sizes": []
                                },
                                "menu_typography_letter_spacing": {
                                    "unit": "px",
                                    "size": 0,
                                    "sizes": []
                                },
                                "pointer_width": {
                                    "unit": "px",
                                    "size": 0,
                                    "sizes": []
                                },
                                "padding_horizontal_menu_item": {
                                    "unit": "px",
                                    "size": 0,
                                    "sizes": []
                                },
                                "padding_vertical_menu_item": {
                                    "unit": "px",
                                    "size": 2,
                                    "sizes": []
                                },
                                "menu_space_between": {
                                    "unit": "px",
                                    "size": 10,
                                    "sizes": []
                                },
                                "indicator": "none",
                                "color_dropdown_item_hover": "#A3A3A3",
                                "background_color_dropdown_item_hover": "rgba(2, 1, 1, 0)",
                                "background_color_dropdown_item_active": "rgba(2, 1, 1, 0)",
                                "dropdown_divider_border": "solid",
                                "dropdown_divider_width": {
                                    "unit": "px",
                                    "size": 1,
                                    "sizes": []
                                },
                                "dropdown_top_distance": {
                                    "unit": "px",
                                    "size": 16,
                                    "sizes": []
                                },
                                "_margin": {
                                    "unit": "px",
                                    "top": "0",
                                    "right": "0",
                                    "bottom": "0",
                                    "left": "0",
                                    "isLinked": true
                                },
                                "_padding": {
                                    "unit": "px",
                                    "top": "0",
                                    "right": "0",
                                    "bottom": "0",
                                    "left": "0",
                                    "isLinked": true
                                },
                                "menu_typography_line_height_tablet": {
                                    "unit": "em",
                                    "size": 1.3000000000000000444089209850062616169452667236328125,
                                    "sizes": []
                                },
                                "menu_typography_font_size_mobile": {
                                    "unit": "px",
                                    "size": 16,
                                    "sizes": []
                                },
                                "_margin_mobile": {
                                    "unit": "px",
                                    "top": "0",
                                    "right": "0",
                                    "bottom": "0",
                                    "left": "0",
                                    "isLinked": true
                                },
                                "_padding_mobile": {
                                    "unit": "px",
                                    "top": "0",
                                    "right": "0",
                                    "bottom": "0",
                                    "left": "0",
                                    "isLinked": true
                                },
                                "menu_space_between_mobile": {
                                    "unit": "px",
                                    "size": 5,
                                    "sizes": []
                                },
                                "hide_mobile": "hidden-phone"
                            },
                            "elements": [],
                            "isInner": false,
                            "widgetType": "nav-menu",
                            "elType": "widget"
                        }
                    ],
                    "isInner": false,
                    "elType": "column"
                },
                {
                    "id": "25db972b",
                    "settings": {
                        "_column_size": 25,
                        "_inline_size": 18,
                        "space_between_widgets": 0,
                        "margin": {
                            "unit": "px",
                            "top": "10",
                            "right": "30",
                            "bottom": "0",
                            "left": "0",
                            "isLinked": false
                        },
                        "padding": {
                            "unit": "px",
                            "top": "0",
                            "right": "0",
                            "bottom": "0",
                            "left": "0",
                            "isLinked": true
                        },
                        "_inline_size_tablet": 24,
                        "space_between_widgets_tablet": 0,
                        "_inline_size_mobile": 50,
                        "space_between_widgets_mobile": 0,
                        "margin_mobile": {
                            "unit": "px",
                            "top": "0",
                            "right": "0",
                            "bottom": "0",
                            "left": "0",
                            "isLinked": true
                        },
                        "padding_mobile": {
                            "unit": "px",
                            "top": "0",
                            "right": "0",
                            "bottom": "0",
                            "left": "0",
                            "isLinked": true
                        }
                    },
                    "elements": [
                        {
                            "id": "17efc50c",
                            "settings": {
                                "title": "Products",
                                "header_size": "h6",
                                "align": "left",
                                "typography_typography": "custom",
                                "typography_font_size": {
                                    "unit": "px",
                                    "size": 16,
                                    "sizes": []
                                },
                                "_margin": {
                                    "unit": "px",
                                    "top": "0",
                                    "right": "0",
                                    "bottom": "16",
                                    "left": "0",
                                    "isLinked": false
                                },
                                "_padding": {
                                    "unit": "px",
                                    "top": "0",
                                    "right": "0",
                                    "bottom": "0",
                                    "left": "0",
                                    "isLinked": false
                                },
                                "align_mobile": "left",
                                "_margin_mobile": {
                                    "unit": "px",
                                    "top": "0",
                                    "right": "0",
                                    "bottom": "8",
                                    "left": "0",
                                    "isLinked": false
                                },
                                "_padding_mobile": {
                                    "unit": "px",
                                    "top": "0",
                                    "right": "0",
                                    "bottom": "0",
                                    "left": "0",
                                    "isLinked": false
                                },
                                "hide_mobile": "hidden-phone"
                            },
                            "elements": [],
                            "isInner": false,
                            "widgetType": "heading",
                            "elType": "widget"
                        },
                        {
                            "id": "27d1c6f0",
                            "settings": {
                                "layout": "vertical",
                                "align_items": "left",
                                "dropdown": "none",
                                "menu_typography_typography": "custom",
                                "menu_typography_font_family": "Montserrat",
                                "menu_typography_font_size": {
                                    "unit": "px",
                                    "size": 18,
                                    "sizes": []
                                },
                                "menu_typography_font_weight": "300",
                                "menu_typography_line_height": {
                                    "unit": "em",
                                    "size": 1.3000000000000000444089209850062616169452667236328125,
                                    "sizes": []
                                },
                                "menu_typography_letter_spacing": {
                                    "unit": "px",
                                    "size": 0,
                                    "sizes": []
                                },
                                "pointer_width": {
                                    "unit": "px",
                                    "size": 0,
                                    "sizes": []
                                },
                                "padding_horizontal_menu_item": {
                                    "unit": "px",
                                    "size": 0,
                                    "sizes": []
                                },
                                "padding_vertical_menu_item": {
                                    "unit": "px",
                                    "size": 2,
                                    "sizes": []
                                },
                                "menu_space_between": {
                                    "unit": "px",
                                    "size": 10,
                                    "sizes": []
                                },
                                "indicator": "none",
                                "color_dropdown_item_hover": "#A3A3A3",
                                "background_color_dropdown_item_hover": "rgba(2, 1, 1, 0)",
                                "background_color_dropdown_item_active": "rgba(2, 1, 1, 0)",
                                "dropdown_divider_border": "solid",
                                "dropdown_divider_width": {
                                    "unit": "px",
                                    "size": 1,
                                    "sizes": []
                                },
                                "dropdown_top_distance": {
                                    "unit": "px",
                                    "size": 16,
                                    "sizes": []
                                },
                                "_margin": {
                                    "unit": "px",
                                    "top": "0",
                                    "right": "0",
                                    "bottom": "0",
                                    "left": "0",
                                    "isLinked": true
                                },
                                "_padding": {
                                    "unit": "px",
                                    "top": "0",
                                    "right": "0",
                                    "bottom": "0",
                                    "left": "0",
                                    "isLinked": true
                                },
                                "menu_typography_line_height_tablet": {
                                    "unit": "em",
                                    "size": 1.3000000000000000444089209850062616169452667236328125,
                                    "sizes": []
                                },
                                "menu_typography_font_size_mobile": {
                                    "unit": "px",
                                    "size": 16,
                                    "sizes": []
                                },
                                "menu_space_between_mobile": {
                                    "unit": "px",
                                    "size": 5,
                                    "sizes": []
                                },
                                "_margin_mobile": {
                                    "unit": "px",
                                    "top": "0",
                                    "right": "0",
                                    "bottom": "0",
                                    "left": "0",
                                    "isLinked": true
                                },
                                "_padding_mobile": {
                                    "unit": "px",
                                    "top": "0",
                                    "right": "0",
                                    "bottom": "0",
                                    "left": "0",
                                    "isLinked": true
                                },
                                "hide_mobile": "hidden-phone"
                            },
                            "elements": [],
                            "isInner": false,
                            "widgetType": "nav-menu",
                            "elType": "widget"
                        }
                    ],
                    "isInner": false,
                    "elType": "column"
                },
                {
                    "id": "eca2fad",
                    "settings": {
                        "_column_size": 25,
                        "_inline_size": 18,
                        "space_between_widgets": 0,
                        "margin": {
                            "unit": "px",
                            "top": "10",
                            "right": "0",
                            "bottom": "0",
                            "left": "0",
                            "isLinked": false
                        },
                        "padding": {
                            "unit": "px",
                            "top": "0",
                            "right": "0",
                            "bottom": "0",
                            "left": "0",
                            "isLinked": true
                        },
                        "_inline_size_tablet": 24,
                        "space_between_widgets_tablet": 0,
                        "_inline_size_mobile": 100,
                        "space_between_widgets_mobile": 0,
                        "margin_mobile": {
                            "unit": "px",
                            "top": "0",
                            "right": "0",
                            "bottom": "0",
                            "left": "0",
                            "isLinked": true
                        },
                        "padding_mobile": {
                            "unit": "px",
                            "top": "0",
                            "right": "0",
                            "bottom": "0",
                            "left": "0",
                            "isLinked": true
                        }
                    },
                    "elements": [
                        {
                            "id": "3838b2ae",
                            "settings": {
                                "title": "Help",
                                "header_size": "h6",
                                "align": "left",
                                "typography_typography": "custom",
                                "typography_font_size": {
                                    "unit": "px",
                                    "size": 16,
                                    "sizes": []
                                },
                                "_margin": {
                                    "unit": "px",
                                    "top": "0",
                                    "right": "0",
                                    "bottom": "16",
                                    "left": "0",
                                    "isLinked": false
                                },
                                "_padding": {
                                    "unit": "px",
                                    "top": "0",
                                    "right": "0",
                                    "bottom": "0",
                                    "left": "0",
                                    "isLinked": false
                                },
                                "align_mobile": "left",
                                "_margin_mobile": {
                                    "unit": "px",
                                    "top": "0",
                                    "right": "0",
                                    "bottom": "8",
                                    "left": "0",
                                    "isLinked": false
                                },
                                "_padding_mobile": {
                                    "unit": "px",
                                    "top": "0",
                                    "right": "0",
                                    "bottom": "0",
                                    "left": "0",
                                    "isLinked": false
                                },
                                "hide_mobile": "hidden-phone"
                            },
                            "elements": [],
                            "isInner": false,
                            "widgetType": "heading",
                            "elType": "widget"
                        },
                        {
                            "id": "454c6493",
                            "settings": {
                                "layout": "vertical",
                                "align_items": "left",
                                "dropdown": "none",
                                "menu_typography_typography": "custom",
                                "menu_typography_font_family": "Montserrat",
                                "menu_typography_font_size": {
                                    "unit": "px",
                                    "size": 18,
                                    "sizes": []
                                },
                                "menu_typography_font_weight": "300",
                                "menu_typography_line_height": {
                                    "unit": "em",
                                    "size": 1.3000000000000000444089209850062616169452667236328125,
                                    "sizes": []
                                },
                                "menu_typography_letter_spacing": {
                                    "unit": "px",
                                    "size": 0,
                                    "sizes": []
                                },
                                "pointer_width": {
                                    "unit": "px",
                                    "size": 0,
                                    "sizes": []
                                },
                                "padding_horizontal_menu_item": {
                                    "unit": "px",
                                    "size": 0,
                                    "sizes": []
                                },
                                "padding_vertical_menu_item": {
                                    "unit": "px",
                                    "size": 2,
                                    "sizes": []
                                },
                                "menu_space_between": {
                                    "unit": "px",
                                    "size": 10,
                                    "sizes": []
                                },
                                "indicator": "none",
                                "color_dropdown_item_hover": "#A3A3A3",
                                "background_color_dropdown_item_hover": "rgba(2, 1, 1, 0)",
                                "background_color_dropdown_item_active": "rgba(2, 1, 1, 0)",
                                "dropdown_divider_border": "solid",
                                "dropdown_divider_width": {
                                    "unit": "px",
                                    "size": 1,
                                    "sizes": []
                                },
                                "dropdown_top_distance": {
                                    "unit": "px",
                                    "size": 16,
                                    "sizes": []
                                },
                                "_margin": {
                                    "unit": "px",
                                    "top": "0",
                                    "right": "0",
                                    "bottom": "0",
                                    "left": "0",
                                    "isLinked": true
                                },
                                "_padding": {
                                    "unit": "px",
                                    "top": "0",
                                    "right": "0",
                                    "bottom": "0",
                                    "left": "0",
                                    "isLinked": true
                                },
                                "menu_typography_line_height_tablet": {
                                    "unit": "em",
                                    "size": 1.3000000000000000444089209850062616169452667236328125,
                                    "sizes": []
                                },
                                "menu_typography_font_size_mobile": {
                                    "unit": "px",
                                    "size": 16,
                                    "sizes": []
                                },
                                "menu_space_between_mobile": {
                                    "unit": "px",
                                    "size": 5,
                                    "sizes": []
                                },
                                "_margin_mobile": {
                                    "unit": "px",
                                    "top": "0",
                                    "right": "0",
                                    "bottom": "0",
                                    "left": "0",
                                    "isLinked": true
                                },
                                "_padding_mobile": {
                                    "unit": "px",
                                    "top": "0",
                                    "right": "0",
                                    "bottom": "0",
                                    "left": "0",
                                    "isLinked": true
                                },
                                "hide_mobile": "hidden-phone"
                            },
                            "elements": [],
                            "isInner": false,
                            "widgetType": "nav-menu",
                            "elType": "widget"
                        }
                    ],
                    "isInner": false,
                    "elType": "column"
                }
            ],
            "isInner": false,
            "elType": "section"
        },
        {
            "id": "329b92fa",
            "settings": {
                "gap": "no",
                "background_background": "classic",
                "background_color": "#AA8163",
                "margin": {
                    "unit": "px",
                    "top": "0",
                    "right": 0,
                    "bottom": "0",
                    "left": 0,
                    "isLinked": true
                },
                "padding": {
                    "unit": "px",
                    "top": "0",
                    "right": "0",
                    "bottom": "0",
                    "left": "0",
                    "isLinked": false
                },
                "_title": "Footer\u00a0Copyright",
                "structure": "20",
                "margin_tablet": {
                    "unit": "px",
                    "top": "0",
                    "right": 0,
                    "bottom": "0",
                    "left": 0,
                    "isLinked": true
                },
                "padding_tablet": {
                    "unit": "px",
                    "top": "0",
                    "right": "30",
                    "bottom": "10",
                    "left": "30",
                    "isLinked": false
                },
                "height": "min-height",
                "custom_height": {
                    "unit": "px",
                    "size": 120,
                    "sizes": []
                },
                "custom_height_tablet": {
                    "unit": "px",
                    "size": 120,
                    "sizes": []
                },
                "margin_mobile": {
                    "unit": "px",
                    "top": "0",
                    "right": 0,
                    "bottom": "0",
                    "left": 0,
                    "isLinked": true
                },
                "padding_mobile": {
                    "unit": "px",
                    "top": "0",
                    "right": "15",
                    "bottom": "10",
                    "left": "15",
                    "isLinked": false
                },
                "reverse_order_mobile": "reverse-mobile"
            },
            "elements": [
                {
                    "id": "233e5906",
                    "settings": {
                        "_column_size": 50,
                        "_inline_size": null,
                        "space_between_widgets": 0,
                        "margin": {
                            "unit": "px",
                            "top": "0",
                            "right": "0",
                            "bottom": "0",
                            "left": "0",
                            "isLinked": true
                        },
                        "padding": {
                            "unit": "px",
                            "top": "0",
                            "right": "0",
                            "bottom": "0",
                            "left": "0",
                            "isLinked": true
                        },
                        "content_position": "center",
                        "_inline_size_tablet": 60,
                        "space_between_widgets_tablet": 0,
                        "margin_tablet": {
                            "unit": "px",
                            "top": "0",
                            "right": "0",
                            "bottom": "0",
                            "left": "0",
                            "isLinked": true
                        },
                        "padding_tablet": {
                            "unit": "px",
                            "top": "0",
                            "right": "0",
                            "bottom": "0",
                            "left": "0",
                            "isLinked": true
                        }
                    },
                    "elements": [
                        {
                            "id": "4e4af18c",
                            "settings": {
                                "editor": "Copyright \u00a942Theme. Template design by Nelly-K",
                                "align": "left",
                                "text_color": "#F7F7F7",
                                "typography_typography": "custom",
                                "typography_font_size": {
                                    "unit": "px",
                                    "size": 16,
                                    "sizes": []
                                },
                                "_margin": {
                                    "unit": "px",
                                    "top": "0",
                                    "right": "0",
                                    "bottom": "0",
                                    "left": "0",
                                    "isLinked": true
                                },
                                "_padding": {
                                    "unit": "px",
                                    "top": "0",
                                    "right": "0",
                                    "bottom": "0",
                                    "left": "0",
                                    "isLinked": true
                                },
                                "_margin_tablet": {
                                    "unit": "px",
                                    "top": "0",
                                    "right": "0",
                                    "bottom": "0",
                                    "left": "0",
                                    "isLinked": false
                                },
                                "_padding_tablet": {
                                    "unit": "px",
                                    "top": "0",
                                    "right": "0",
                                    "bottom": "0",
                                    "left": "0",
                                    "isLinked": true
                                },
                                "align_mobile": "center",
                                "typography_font_size_mobile": {
                                    "unit": "px",
                                    "size": 14,
                                    "sizes": []
                                },
                                "typography_line_height_mobile": {
                                    "unit": "em",
                                    "size": 1.3000000000000000444089209850062616169452667236328125,
                                    "sizes": []
                                }
                            },
                            "elements": [],
                            "isInner": false,
                            "widgetType": "text-editor",
                            "elType": "widget"
                        }
                    ],
                    "isInner": false,
                    "elType": "column"
                },
                {
                    "id": "1708fbb5",
                    "settings": {
                        "_column_size": 50,
                        "_inline_size": null,
                        "space_between_widgets": 0,
                        "margin": {
                            "unit": "px",
                            "top": "0",
                            "right": "0",
                            "bottom": "0",
                            "left": "0",
                            "isLinked": true
                        },
                        "padding": {
                            "unit": "px",
                            "top": "0",
                            "right": "0",
                            "bottom": "0",
                            "left": "0",
                            "isLinked": true
                        },
                        "content_position": "center",
                        "_inline_size_tablet": 40,
                        "space_between_widgets_tablet": 0
                    },
                    "elements": [
                        {
                            "id": "2407c132",
                            "settings": {
                                "social_icon_list": [
                                    {
                                        "social_icon": {
                                            "value": "fab fa-facebook",
                                            "library": "fa-brands"
                                        },
                                        "_id": "2d23fbb",
                                        "link": {
                                            "url": "#",
                                            "is_external": "true",
                                            "nofollow": "",
                                            "custom_attributes": ""
                                        },
                                        "item_icon_color": "default",
                                        "item_icon_primary_color": "",
                                        "item_icon_secondary_color": ""
                                    },
                                    {
                                        "social_icon": {
                                            "value": "fab fa-twitter",
                                            "library": "fa-brands"
                                        },
                                        "_id": "d1d2f54",
                                        "link": {
                                            "url": "#",
                                            "is_external": "true",
                                            "nofollow": "",
                                            "custom_attributes": ""
                                        },
                                        "item_icon_color": "default",
                                        "item_icon_primary_color": "",
                                        "item_icon_secondary_color": ""
                                    },
                                    {
                                        "social_icon": {
                                            "value": "fab fa-instagram",
                                            "library": "fa-brands"
                                        },
                                        "_id": "1d9b0dc",
                                        "link": {
                                            "url": "#",
                                            "is_external": "true",
                                            "nofollow": "",
                                            "custom_attributes": ""
                                        },
                                        "item_icon_color": "default",
                                        "item_icon_primary_color": "",
                                        "item_icon_secondary_color": ""
                                    },
                                    {
                                        "social_icon": {
                                            "value": "fab fa-pinterest",
                                            "library": "fa-brands"
                                        },
                                        "link": {
                                            "url": "",
                                            "is_external": "true",
                                            "nofollow": "",
                                            "custom_attributes": ""
                                        },
                                        "item_icon_color": "default",
                                        "item_icon_primary_color": "#FFFFFF",
                                        "item_icon_secondary_color": "",
                                        "_id": "9ac2f0a"
                                    }
                                ],
                                "shape": "circle",
                                "align": "right",
                                "icon_color": "custom",
                                "icon_primary_color": "rgba(2, 1, 1, 0)",
                                "icon_secondary_color": "#FFFFFF",
                                "icon_size": {
                                    "unit": "px",
                                    "size": 24,
                                    "sizes": []
                                },
                                "icon_padding": {
                                    "unit": "em",
                                    "size": 0.299999999999999988897769753748434595763683319091796875,
                                    "sizes": []
                                },
                                "icon_spacing": {
                                    "unit": "px",
                                    "size": 16,
                                    "sizes": []
                                },
                                "hover_primary_color": "rgba(2, 1, 1, 0)",
                                "hover_secondary_color": "#1A1A1A",
                                "hover_animation": "push",
                                "_margin": {
                                    "unit": "px",
                                    "top": "20",
                                    "right": "0",
                                    "bottom": "0",
                                    "left": "0",
                                    "isLinked": false
                                },
                                "_padding": {
                                    "unit": "px",
                                    "top": "0",
                                    "right": "0",
                                    "bottom": "0",
                                    "left": "0",
                                    "isLinked": true
                                },
                                "_margin_tablet": {
                                    "unit": "px",
                                    "top": "20",
                                    "right": "0",
                                    "bottom": "10",
                                    "left": "0",
                                    "isLinked": false
                                },
                                "_padding_tablet": {
                                    "unit": "px",
                                    "top": "0",
                                    "right": "0",
                                    "bottom": "0",
                                    "left": "0",
                                    "isLinked": true
                                },
                                "align_mobile": "center"
                            },
                            "elements": [],
                            "isInner": false,
                            "widgetType": "social-icons",
                            "elType": "widget"
                        }
                    ],
                    "isInner": false,
                    "elType": "column"
                }
            ],
            "isInner": false,
            "elType": "section"
        }
    ]
}