{
    "version": "0.4",
    "title": "Global Kit Styles",
    "type": "section",
    "metadata": {
        "template_type": "global-styles",
        "include_in_zip": "1",
        "elementor_pro_required": "1",
        "additional_template_information": [
            "These are the global theme styles configured through the Elementor Theme Styles area."
        ],
        "wp_page_template": "default"
    },
    "content": [],
    "page_settings": {
        "body_color": "#484848",
        "body_typography_typography": "custom",
        "body_typography_font_family": "Montserrat",
        "body_typography_font_size": {
            "unit": "px",
            "size": "18",
            "sizes": []
        },
        "body_typography_font_weight": "300",
        "body_typography_line_height": {
            "unit": "em",
            "size": "1.5",
            "sizes": []
        },
        "paragraph_spacing": {
            "unit": "px",
            "size": "1",
            "sizes": []
        },
        "link_normal_color": "#1A1A1A",
        "link_normal_typography_typography": "custom",
        "link_normal_typography_font_family": "Montserrat",
        "link_normal_typography_font_weight": "500",
        "link_hover_color": "#A3A3A3",
        "link_hover_typography_typography": "custom",
        "link_hover_typography_font_family": "Montserrat",
        "link_hover_typography_font_weight": "500",
        "link_hover_typography_letter_spacing": {
            "unit": "px",
            "size": "1",
            "sizes": []
        },
        "button_typography_typography": "custom",
        "button_typography_font_family": "Montserrat",
        "button_typography_font_size": {
            "unit": "px",
            "size": "14",
            "sizes": []
        },
        "button_typography_font_weight": "500",
        "button_typography_text_transform": "uppercase",
        "button_typography_line_height": {
            "unit": "em",
            "size": "1",
            "sizes": []
        },
        "button_typography_letter_spacing": {
            "unit": "px",
            "size": "1",
            "sizes": []
        },
        "button_text_color": "#FFFFFF",
        "button_background_color": "#AA8163",
        "button_border_border": "solid",
        "button_border_width": {
            "unit": "px",
            "top": "0",
            "right": "0",
            "bottom": "0",
            "left": "0",
            "isLinked": "1"
        },
        "button_border_color": "#AA8163",
        "button_border_radius": {
            "unit": "px",
            "top": "4",
            "right": "4",
            "bottom": "4",
            "left": "4",
            "isLinked": "1"
        },
        "button_padding": {
            "unit": "px",
            "top": "24",
            "right": "48",
            "bottom": "24",
            "left": "48",
            "isLinked": ""
        },
        "body_background_background": "classic",
        "body_background_color": "#FFFFFF",
        "button_hover_text_color": "#FFFFFF",
        "button_hover_background_color": "#9E7456",
        "button_hover_border_border": "solid",
        "button_hover_border_width": {
            "unit": "px",
            "top": "0",
            "right": "0",
            "bottom": "0",
            "left": "0",
            "isLinked": "1"
        },
        "button_hover_border_color": "#9E7456",
        "button_hover_border_radius": {
            "unit": "px",
            "top": "4",
            "right": "4",
            "bottom": "4",
            "left": "4",
            "isLinked": "1"
        },
        "h1_color": "#1A1A1A",
        "h1_typography_font_family": "Montserrat",
        "h1_typography_font_weight": "500",
        "h1_typography_text_transform": "uppercase",
        "h1_typography_line_height": {
            "unit": "em",
            "size": "1.2",
            "sizes": []
        },
        "h2_color": "#1A1A1A",
        "h2_typography_typography": "custom",
        "h2_typography_font_family": "Montserrat",
        "h2_typography_font_size": {
            "unit": "px",
            "size": "34",
            "sizes": []
        },
        "h2_typography_font_weight": "500",
        "h2_typography_text_transform": "uppercase",
        "h2_typography_line_height": {
            "unit": "em",
            "size": "1.3",
            "sizes": []
        },
        "h3_color": "#1A1A1A",
        "h3_typography_typography": "custom",
        "h3_typography_font_family": "Montserrat",
        "h3_typography_font_size": {
            "unit": "px",
            "size": "28",
            "sizes": []
        },
        "h3_typography_font_weight": "500",
        "h3_typography_text_transform": "uppercase",
        "h3_typography_line_height": {
            "unit": "em",
            "size": "1.3",
            "sizes": []
        },
        "h4_color": "#1A1A1A",
        "h4_typography_typography": "custom",
        "h4_typography_font_family": "Montserrat",
        "h4_typography_font_size": {
            "unit": "px",
            "size": "24",
            "sizes": []
        },
        "h4_typography_font_weight": "500",
        "h4_typography_text_transform": "uppercase",
        "h4_typography_line_height": {
            "unit": "em",
            "size": "1.4",
            "sizes": []
        },
        "h6_color": "#1A1A1A",
        "h6_typography_typography": "custom",
        "h6_typography_font_family": "Montserrat",
        "h6_typography_font_size": {
            "unit": "px",
            "size": "18",
            "sizes": []
        },
        "h6_typography_font_weight": "500",
        "h6_typography_text_transform": "uppercase",
        "h6_typography_line_height": {
            "unit": "em",
            "size": "1.5",
            "sizes": []
        },
        "h6_typography_letter_spacing": {
            "unit": "px",
            "size": "1",
            "sizes": []
        },
        "body_typography_font_size_tablet": {
            "unit": "px",
            "size": "16",
            "sizes": []
        },
        "body_typography_line_height_tablet": {
            "unit": "em",
            "size": "1.5",
            "sizes": []
        },
        "body_typography_letter_spacing": {
            "unit": "px",
            "size": "0",
            "sizes": []
        },
        "body_typography_letter_spacing_tablet": {
            "unit": "px",
            "size": "0",
            "sizes": []
        },
        "paragraph_spacing_tablet": {
            "unit": "px",
            "size": "1",
            "sizes": []
        },
        "link_normal_typography_letter_spacing": {
            "unit": "px",
            "size": "1",
            "sizes": []
        },
        "link_normal_typography_letter_spacing_tablet": {
            "unit": "px",
            "size": "1",
            "sizes": []
        },
        "link_hover_typography_letter_spacing_tablet": {
            "unit": "px",
            "size": "1",
            "sizes": []
        },
        "h1_typography_typography": "custom",
        "h1_typography_font_size": {
            "unit": "px",
            "size": "48",
            "sizes": []
        },
        "h1_typography_font_size_tablet": {
            "unit": "px",
            "size": "38",
            "sizes": []
        },
        "h1_typography_line_height_tablet": {
            "unit": "em",
            "size": "1.2",
            "sizes": []
        },
        "h1_typography_letter_spacing_tablet": {
            "unit": "px",
            "size": "0",
            "sizes": []
        },
        "h2_typography_font_size_tablet": {
            "unit": "px",
            "size": 24,
            "sizes": []
        },
        "h2_typography_line_height_tablet": {
            "unit": "em",
            "size": "1.3",
            "sizes": []
        },
        "h2_typography_letter_spacing": {
            "unit": "px",
            "size": "0",
            "sizes": []
        },
        "h2_typography_letter_spacing_tablet": {
            "unit": "px",
            "size": "0",
            "sizes": []
        },
        "h3_typography_font_size_tablet": {
            "unit": "px",
            "size": "28",
            "sizes": []
        },
        "h3_typography_line_height_tablet": {
            "unit": "em",
            "size": "1.3",
            "sizes": []
        },
        "h3_typography_letter_spacing": {
            "unit": "px",
            "size": "0",
            "sizes": []
        },
        "h3_typography_letter_spacing_tablet": {
            "unit": "px",
            "size": "0",
            "sizes": []
        },
        "h4_typography_font_size_tablet": {
            "unit": "px",
            "size": "20",
            "sizes": []
        },
        "h4_typography_line_height_tablet": {
            "unit": "em",
            "size": "1.4",
            "sizes": []
        },
        "h4_typography_letter_spacing": {
            "unit": "px",
            "size": "0",
            "sizes": []
        },
        "h4_typography_letter_spacing_tablet": {
            "unit": "px",
            "size": "0",
            "sizes": []
        },
        "h5_color": "#1A1A1A",
        "h5_typography_typography": "custom",
        "h5_typography_font_family": "Montserrat",
        "h5_typography_font_size": {
            "unit": "px",
            "size": "20",
            "sizes": []
        },
        "h5_typography_font_size_tablet": {
            "unit": "px",
            "size": "20",
            "sizes": []
        },
        "h5_typography_font_weight": "500",
        "h5_typography_text_transform": "uppercase",
        "h5_typography_line_height": {
            "unit": "em",
            "size": "1.4",
            "sizes": []
        },
        "h5_typography_line_height_tablet": {
            "unit": "em",
            "size": "1.4",
            "sizes": []
        },
        "h5_typography_letter_spacing": {
            "unit": "px",
            "size": "0",
            "sizes": []
        },
        "h5_typography_letter_spacing_tablet": {
            "unit": "px",
            "size": "0",
            "sizes": []
        },
        "h6_typography_font_size_tablet": {
            "unit": "px",
            "size": "16",
            "sizes": []
        },
        "h6_typography_line_height_tablet": {
            "unit": "em",
            "size": "1.5",
            "sizes": []
        },
        "h6_typography_letter_spacing_tablet": {
            "unit": "px",
            "size": "0",
            "sizes": []
        },
        "h1_typography_font_size_mobile": {
            "unit": "px",
            "size": "24",
            "sizes": []
        },
        "h6_typography_font_size_mobile": {
            "unit": "px",
            "size": "14",
            "sizes": []
        },
        "h4_typography_font_size_mobile": {
            "unit": "px",
            "size": "18",
            "sizes": []
        },
        "h4_typography_line_height_mobile": {
            "unit": "em",
            "size": "1.4",
            "sizes": []
        },
        "h2_typography_font_size_mobile": {
            "unit": "px",
            "size": 22,
            "sizes": []
        }
    }
}