{
    "version": "0.4",
    "title": "Header",
    "type": "header",
    "metadata": {
        "template_type": "section-header",
        "include_in_zip": "1",
        "elementor_pro_required": "1",
        "elementor_library_type": "header",
        "elementor_pro_conditions": [
            "include\/general"
        ],
        "additional_template_information": [
            "This is a \"Header\" template for Elementor Pro.",
            "This template will display on: Entire Site."
        ],
        "wp_page_template": "default"
    },
    "content": [
        {
            "id": "668c5078",
            "settings": {
                "layout": "full_width",
                "gap": "no",
                "margin": {
                    "unit": "px",
                    "top": "0",
                    "right": 0,
                    "bottom": "0",
                    "left": 0,
                    "isLinked": true
                },
                "padding": {
                    "unit": "px",
                    "top": "0",
                    "right": "0",
                    "bottom": "0",
                    "left": "0",
                    "isLinked": true
                },
                "height": "min-height",
                "custom_height": {
                    "unit": "px",
                    "size": 100,
                    "sizes": []
                },
                "structure": "30",
                "background_background": "classic",
                "margin_mobile": {
                    "unit": "px",
                    "top": "0",
                    "right": 0,
                    "bottom": "0",
                    "left": 0,
                    "isLinked": false
                },
                "padding_mobile": {
                    "unit": "px",
                    "top": "0",
                    "right": "30",
                    "bottom": "0",
                    "left": "30",
                    "isLinked": false
                },
                "_title": "Menu",
                "box_shadow_box_shadow": {
                    "horizontal": 0,
                    "vertical": 0,
                    "blur": 10,
                    "spread": 0,
                    "color": "#A3A3A3"
                }
            },
            "elements": [
                {
                    "id": "36beb3d6",
                    "settings": {
                        "_column_size": 33,
                        "_inline_size": null,
                        "space_between_widgets": 0,
                        "margin": {
                            "unit": "px",
                            "top": "0",
                            "right": "0",
                            "bottom": "0",
                            "left": "0",
                            "isLinked": true
                        },
                        "padding": {
                            "unit": "px",
                            "top": "0",
                            "right": "0",
                            "bottom": "0",
                            "left": "100",
                            "isLinked": false
                        },
                        "_inline_size_tablet": 40,
                        "space_between_widgets_tablet": 0,
                        "padding_tablet": {
                            "unit": "px",
                            "top": "0",
                            "right": "0",
                            "bottom": "0",
                            "left": "50",
                            "isLinked": false
                        },
                        "space_between_widgets_mobile": 0
                    },
                    "elements": [
                        {
                            "id": "73772f59",
                            "settings": {
                                "align_items": "left",
                                "animation_line": "grow",
                                "indicator": "none",
                                "menu_typography_typography": "custom",
                                "menu_typography_font_size": {
                                    "unit": "px",
                                    "size": 14,
                                    "sizes": []
                                },
                                "menu_typography_font_weight": "500",
                                "menu_typography_text_transform": "uppercase",
                                "color_menu_item": "#1A1A1A",
                                "pointer_width": {
                                    "unit": "px",
                                    "size": 2,
                                    "sizes": []
                                },
                                "menu_space_between": {
                                    "unit": "px",
                                    "size": 40,
                                    "sizes": []
                                },
                                "_margin": {
                                    "unit": "px",
                                    "top": "0",
                                    "right": "0",
                                    "bottom": "0",
                                    "left": "0",
                                    "isLinked": true
                                },
                                "_padding": {
                                    "unit": "px",
                                    "top": "0",
                                    "right": "0",
                                    "bottom": "0",
                                    "left": "0",
                                    "isLinked": true
                                },
                                "color_menu_item_hover": "#A3A3A3",
                                "pointer_color_menu_item_hover": "#1A1A1A",
                                "color_menu_item_active": "#1A1A1A",
                                "pointer_color_menu_item_active": "#1A1A1A",
                                "padding_horizontal_menu_item": {
                                    "unit": "px",
                                    "size": 0,
                                    "sizes": []
                                },
                                "padding_vertical_menu_item": {
                                    "unit": "px",
                                    "size": 10,
                                    "sizes": []
                                },
                                "color_dropdown_item": "#A3A3A3",
                                "background_color_dropdown_item": "#F9F9F9",
                                "dropdown_typography_typography": "custom",
                                "color_dropdown_item_hover": "#1A1A1A",
                                "background_color_dropdown_item_hover": "#F9F9F9",
                                "color_dropdown_item_active": "#1A1A1A",
                                "background_color_dropdown_item_active": "#F2F2F2",
                                "dropdown_typography_font_size": {
                                    "unit": "px",
                                    "size": 14,
                                    "sizes": []
                                },
                                "dropdown_typography_font_weight": "500",
                                "dropdown_typography_text_transform": "uppercase",
                                "padding_horizontal_dropdown_item": {
                                    "unit": "px",
                                    "size": 24,
                                    "sizes": []
                                },
                                "padding_vertical_dropdown_item": {
                                    "unit": "px",
                                    "size": 16,
                                    "sizes": []
                                },
                                "dropdown_divider_border": "solid",
                                "dropdown_divider_color": "#F2F2F2",
                                "dropdown_divider_width": {
                                    "unit": "px",
                                    "size": 1,
                                    "sizes": []
                                },
                                "dropdown_top_distance": {
                                    "unit": "px",
                                    "size": 16,
                                    "sizes": []
                                },
                                "dropdown_border_radius": {
                                    "unit": "px",
                                    "top": "4",
                                    "right": "4",
                                    "bottom": "4",
                                    "left": "4",
                                    "isLinked": true
                                },
                                "dropdown": "none",
                                "menu_typography_font_size_tablet": {
                                    "unit": "px",
                                    "size": 12,
                                    "sizes": []
                                },
                                "menu_space_between_tablet": {
                                    "unit": "px",
                                    "size": 16,
                                    "sizes": []
                                },
                                "dropdown_typography_font_size_tablet": {
                                    "unit": "px",
                                    "size": 12,
                                    "sizes": []
                                },
                                "hide_mobile": "hidden-phone"
                            },
                            "elements": [],
                            "isInner": false,
                            "widgetType": "nav-menu",
                            "elType": "widget"
                        }
                    ],
                    "isInner": false,
                    "elType": "column"
                },
                {
                    "id": "6d0adce5",
                    "settings": {
                        "_column_size": 33,
                        "_inline_size": null,
                        "space_between_widgets": 0,
                        "margin": {
                            "unit": "px",
                            "top": "0",
                            "right": "0",
                            "bottom": "0",
                            "left": "0",
                            "isLinked": true
                        },
                        "padding": {
                            "unit": "px",
                            "top": "0",
                            "right": "0",
                            "bottom": "0",
                            "left": "0",
                            "isLinked": false
                        },
                        "content_position": "center",
                        "align": "center",
                        "_inline_size_tablet": 20,
                        "space_between_widgets_tablet": 0,
                        "_inline_size_mobile": 50,
                        "space_between_widgets_mobile": 0,
                        "margin_mobile": {
                            "unit": "px",
                            "top": "0",
                            "right": "0",
                            "bottom": "0",
                            "left": "0",
                            "isLinked": true
                        },
                        "padding_mobile": {
                            "unit": "px",
                            "top": "0",
                            "right": "0",
                            "bottom": "0",
                            "left": "0",
                            "isLinked": true
                        }
                    },
                    "elements": [
                        {
                            "id": "74b4a168",
                            "settings": {
                                "__dynamic__": {
                                    "image": "[elementor-tag id=\"\" name=\"site-logo\" settings=\"%7B%7D\"]",
                                    "link": "[elementor-tag id=\"\" name=\"site-url\" settings=\"%7B%7D\"]"
                                },
                                "align": "center",
                                "image_custom_dimension": {
                                    "width": "",
                                    "height": "45"
                                },
                                "width": {
                                    "unit": "%",
                                    "size": 70,
                                    "sizes": []
                                },
                                "hover_animation": "pulse-grow",
                                "_margin": {
                                    "unit": "px",
                                    "top": "0",
                                    "right": "0",
                                    "bottom": "0",
                                    "left": "0",
                                    "isLinked": true
                                },
                                "_padding": {
                                    "unit": "px",
                                    "top": "0",
                                    "right": "0",
                                    "bottom": "0",
                                    "left": "0",
                                    "isLinked": true
                                },
                                "align_mobile": "left"
                            },
                            "elements": [],
                            "isInner": false,
                            "widgetType": "theme-site-logo",
                            "elType": "widget"
                        }
                    ],
                    "isInner": false,
                    "elType": "column"
                },
                {
                    "id": "1813facc",
                    "settings": {
                        "_column_size": 33,
                        "_inline_size": null,
                        "space_between_widgets": 0,
                        "margin": {
                            "unit": "px",
                            "top": "0",
                            "right": "0",
                            "bottom": "0",
                            "left": "0",
                            "isLinked": true
                        },
                        "padding": {
                            "unit": "px",
                            "top": "0",
                            "right": "100",
                            "bottom": "0",
                            "left": "0",
                            "isLinked": false
                        },
                        "_inline_size_tablet": 40,
                        "space_between_widgets_tablet": 0,
                        "padding_tablet": {
                            "unit": "px",
                            "top": "0",
                            "right": "50",
                            "bottom": "0",
                            "left": "0",
                            "isLinked": false
                        },
                        "_inline_size_mobile": 50,
                        "align_mobile": "flex-end",
                        "space_between_widgets_mobile": 0,
                        "margin_mobile": {
                            "unit": "px",
                            "top": "0",
                            "right": "0",
                            "bottom": "0",
                            "left": "0",
                            "isLinked": true
                        },
                        "padding_mobile": {
                            "unit": "px",
                            "top": "0",
                            "right": "0",
                            "bottom": "0",
                            "left": "0",
                            "isLinked": true
                        }
                    },
                    "elements": [
                        {
                            "id": "211fe411",
                            "settings": {
                                "align_items": "right",
                                "animation_line": "grow",
                                "indicator": "none",
                                "menu_typography_typography": "custom",
                                "menu_typography_font_size": {
                                    "unit": "px",
                                    "size": 14,
                                    "sizes": []
                                },
                                "menu_typography_font_weight": "500",
                                "menu_typography_text_transform": "uppercase",
                                "color_menu_item": "#1A1A1A",
                                "pointer_width": {
                                    "unit": "px",
                                    "size": 2,
                                    "sizes": []
                                },
                                "menu_space_between": {
                                    "unit": "px",
                                    "size": 40,
                                    "sizes": []
                                },
                                "_margin": {
                                    "unit": "px",
                                    "top": "0",
                                    "right": "0",
                                    "bottom": "0",
                                    "left": "0",
                                    "isLinked": true
                                },
                                "_padding": {
                                    "unit": "px",
                                    "top": "0",
                                    "right": "0",
                                    "bottom": "0",
                                    "left": "0",
                                    "isLinked": true
                                },
                                "color_menu_item_hover": "#A3A3A3",
                                "pointer_color_menu_item_hover": "#1A1A1A",
                                "color_menu_item_active": "#1A1A1A",
                                "pointer_color_menu_item_active": "#1A1A1A",
                                "padding_horizontal_menu_item": {
                                    "unit": "px",
                                    "size": 0,
                                    "sizes": []
                                },
                                "padding_vertical_menu_item": {
                                    "unit": "px",
                                    "size": 10,
                                    "sizes": []
                                },
                                "color_dropdown_item": "#A3A3A3",
                                "background_color_dropdown_item": "#F9F9F9",
                                "dropdown_typography_typography": "custom",
                                "color_dropdown_item_hover": "#1A1A1A",
                                "background_color_dropdown_item_hover": "#F9F9F9",
                                "color_dropdown_item_active": "#1A1A1A",
                                "background_color_dropdown_item_active": "#F2F2F2",
                                "dropdown_typography_font_size": {
                                    "unit": "px",
                                    "size": 14,
                                    "sizes": []
                                },
                                "dropdown_typography_font_weight": "500",
                                "dropdown_typography_text_transform": "uppercase",
                                "padding_horizontal_dropdown_item": {
                                    "unit": "px",
                                    "size": 24,
                                    "sizes": []
                                },
                                "padding_vertical_dropdown_item": {
                                    "unit": "px",
                                    "size": 16,
                                    "sizes": []
                                },
                                "dropdown_divider_border": "solid",
                                "dropdown_divider_color": "#F2F2F2",
                                "dropdown_divider_width": {
                                    "unit": "px",
                                    "size": 1,
                                    "sizes": []
                                },
                                "dropdown_top_distance": {
                                    "unit": "px",
                                    "size": 16,
                                    "sizes": []
                                },
                                "dropdown_border_radius": {
                                    "unit": "px",
                                    "top": "4",
                                    "right": "4",
                                    "bottom": "4",
                                    "left": "4",
                                    "isLinked": true
                                },
                                "dropdown": "none",
                                "menu_typography_font_size_tablet": {
                                    "unit": "px",
                                    "size": 12,
                                    "sizes": []
                                },
                                "menu_space_between_tablet": {
                                    "unit": "px",
                                    "size": 16,
                                    "sizes": []
                                },
                                "toggle": "",
                                "hide_mobile": "hidden-phone"
                            },
                            "elements": [],
                            "isInner": false,
                            "widgetType": "nav-menu",
                            "elType": "widget"
                        },
                        {
                            "id": "6b777ca4",
                            "settings": {
                                "layout": "vertical",
                                "dropdown": "mobile",
                                "menu_typography_typography": "custom",
                                "menu_typography_font_size": {
                                    "unit": "px",
                                    "size": 18,
                                    "sizes": []
                                },
                                "menu_typography_font_weight": "300",
                                "menu_typography_line_height": {
                                    "unit": "em",
                                    "size": 1.3000000000000000444089209850062616169452667236328125,
                                    "sizes": []
                                },
                                "pointer_width": {
                                    "unit": "px",
                                    "size": 0,
                                    "sizes": []
                                },
                                "padding_horizontal_menu_item": {
                                    "unit": "px",
                                    "size": 0,
                                    "sizes": []
                                },
                                "padding_vertical_menu_item": {
                                    "unit": "px",
                                    "size": 2,
                                    "sizes": []
                                },
                                "menu_space_between": {
                                    "unit": "px",
                                    "size": 10,
                                    "sizes": []
                                },
                                "indicator": "none",
                                "color_dropdown_item_hover": "#1A1A1A",
                                "background_color_dropdown_item_hover": "#F9F9F9",
                                "background_color_dropdown_item_active": "#F2F2F2",
                                "dropdown_divider_border": "solid",
                                "dropdown_divider_width": {
                                    "unit": "px",
                                    "size": 1,
                                    "sizes": []
                                },
                                "dropdown_top_distance": {
                                    "unit": "px",
                                    "size": 16,
                                    "sizes": []
                                },
                                "_margin": {
                                    "unit": "px",
                                    "top": "0",
                                    "right": "0",
                                    "bottom": "0",
                                    "left": "0",
                                    "isLinked": true
                                },
                                "_padding": {
                                    "unit": "px",
                                    "top": "0",
                                    "right": "0",
                                    "bottom": "0",
                                    "left": "0",
                                    "isLinked": true
                                },
                                "toggle_size": {
                                    "unit": "px",
                                    "size": 24,
                                    "sizes": []
                                },
                                "toggle_border_width": {
                                    "unit": "px",
                                    "size": 0,
                                    "sizes": []
                                },
                                "hide_desktop": "hidden-desktop",
                                "hide_tablet": "hidden-tablet",
                                "toggle_align": "right",
                                "menu_typography_font_size_tablet": {
                                    "unit": "px",
                                    "size": 12,
                                    "sizes": []
                                },
                                "color_menu_item": "#1A1A1A",
                                "color_menu_item_hover": "#A3A3A3",
                                "pointer_color_menu_item_hover": "#1A1A1A",
                                "color_menu_item_active": "#1A1A1A",
                                "pointer_color_menu_item_active": "#1A1A1A",
                                "menu_space_between_tablet": {
                                    "unit": "px",
                                    "size": 16,
                                    "sizes": []
                                },
                                "color_dropdown_item": "#A3A3A3",
                                "background_color_dropdown_item": "#F9F9F9",
                                "color_dropdown_item_active": "#1A1A1A",
                                "dropdown_typography_typography": "custom",
                                "dropdown_typography_font_size": {
                                    "unit": "px",
                                    "size": 14,
                                    "sizes": []
                                },
                                "dropdown_typography_font_size_mobile": {
                                    "unit": "px",
                                    "size": 14,
                                    "sizes": []
                                },
                                "dropdown_typography_font_weight": "500",
                                "dropdown_typography_text_transform": "uppercase",
                                "dropdown_border_radius": {
                                    "unit": "px",
                                    "top": "4",
                                    "right": "4",
                                    "bottom": "4",
                                    "left": "4",
                                    "isLinked": true
                                },
                                "dropdown_border_radius_mobile": {
                                    "unit": "px",
                                    "top": "4",
                                    "right": "4",
                                    "bottom": "4",
                                    "left": "4",
                                    "isLinked": true
                                },
                                "padding_horizontal_dropdown_item": {
                                    "unit": "px",
                                    "size": 24,
                                    "sizes": []
                                },
                                "padding_horizontal_dropdown_item_mobile": {
                                    "unit": "px",
                                    "size": 16,
                                    "sizes": []
                                },
                                "padding_vertical_dropdown_item": {
                                    "unit": "px",
                                    "size": 16,
                                    "sizes": []
                                },
                                "padding_vertical_dropdown_item_mobile": {
                                    "unit": "px",
                                    "size": 12,
                                    "sizes": []
                                },
                                "dropdown_divider_color": "#F2F2F2",
                                "dropdown_top_distance_mobile": {
                                    "unit": "px",
                                    "size": 8,
                                    "sizes": []
                                },
                                "toggle_color": "#FFFFFF",
                                "toggle_background_color": "#484848",
                                "toggle_color_hover": "#FFFFFF",
                                "toggle_background_color_hover": "#1A1A1A"
                            },
                            "elements": [],
                            "isInner": false,
                            "widgetType": "nav-menu",
                            "elType": "widget"
                        }
                    ],
                    "isInner": false,
                    "elType": "column"
                }
            ],
            "isInner": false,
            "elType": "section"
        }
    ]
}