{"content":[{"id":"468e1b44","settings":{"content_width":{"unit":"px","size":1170,"sizes":[]},"background_background":"classic","background_image":{"id":"3860","url":"https:\/\/cliente.shazamlnv.com\/setasolar\/wp-content\/uploads\/2022\/04\/daylight-iceland-jumping-1690470.jpg"},"background_position":"initial","background_repeat":"no-repeat","background_size":"cover","background_overlay_background":"classic","background_overlay_color":"#000000","background_overlay_opacity":{"unit":"px","size":0.200000000000000011102230246251565404236316680908203125,"sizes":[]},"margin":{"unit":"px","top":"0","right":0,"bottom":"0","left":0,"isLinked":false},"padding":{"unit":"px","top":"060","right":"0","bottom":"60","left":"0","isLinked":false},"background_xpos":{"unit":"%","size":0,"sizes":[]},"background_ypos":{"unit":"vh","size":-12,"sizes":[]},"padding_tablet":{"unit":"px","top":"68","right":"0","bottom":"75","left":"0","isLinked":false},"padding_mobile":{"unit":"px","top":"45","right":"15","bottom":"45","left":"15","isLinked":false},"background_attachment":"fixed","height":"min-height","custom_height":{"unit":"vh","size":66,"sizes":[]},"animation":"fadeIn","custom_height_tablet":{"unit":"vh","size":73,"sizes":[]},"background_position_tablet":"initial","background_xpos_tablet":{"unit":"px","size":-168,"sizes":[]},"background_size_tablet":"cover"},"elements":[{"id":"1455e00f","settings":{"_column_size":100,"space_between_widgets":0,"margin":{"unit":"px","top":"0","right":"0","bottom":"0","left":"0","isLinked":false},"padding":{"unit":"px","top":"0","right":"0","bottom":"0","left":"0","isLinked":false},"padding_tablet":{"unit":"px","top":"0","right":"0","bottom":"0","left":"0","isLinked":false}},"elements":[{"id":"5904f229","settings":[],"elements":[],"isInner":false,"widgetType":"spacer","elType":"widget"},{"id":"6bb3a4c3","settings":{"title":"beyond","header_size":"h1","align":"center","title_color":"#ffffff","typography_typography":"custom","typography_font_family":"Arizonia","typography_font_size":{"unit":"px","size":84,"sizes":[]},"_margin":{"unit":"px","top":"0","right":"0","bottom":"-30","left":"0","isLinked":false},"_animation":"fadeIn"},"elements":[],"isInner":false,"widgetType":"heading","elType":"widget"},{"id":"250eade6","settings":{"title":"travel","header_size":"h1","align":"center","title_color":"#ffffff","typography_typography":"custom","typography_font_family":"Tajawal","typography_font_size":{"unit":"em","size":12.5,"sizes":[]},"typography_font_size_tablet":{"unit":"em","size":9,"sizes":[]},"typography_font_size_mobile":{"unit":"em","size":4.29999999999999982236431605997495353221893310546875,"sizes":[]},"typography_font_weight":"600","typography_line_height":{"unit":"em","size":1,"sizes":[]},"typography_letter_spacing":{"unit":"px","size":-5,"sizes":[]},"_margin":{"unit":"px","top":"0","right":"0","bottom":"0","left":"0","isLinked":false},"_margin_mobile":{"unit":"px","top":"0","right":"0","bottom":"0","left":"0","isLinked":false},"_padding":{"unit":"px","top":"0","right":"0","bottom":"0","left":"0","isLinked":false},"_animation":"fadeInUp","_padding_mobile":{"unit":"px","top":"0","right":"0","bottom":"0","left":"0","isLinked":false},"align_mobile":"center","typography_text_transform":"lowercase"},"elements":[],"isInner":false,"widgetType":"heading","elType":"widget"},{"id":"1e31c97d","settings":{"title":"authentic journeys through ICeland","header_size":"h3","align":"center","align_mobile":"center","title_color":"#ffffff","typography_typography":"custom","typography_font_family":"Tajawal","typography_font_size":{"unit":"em","size":2,"sizes":[]},"typography_font_size_tablet":{"unit":"em","size":1.8000000000000000444089209850062616169452667236328125,"sizes":[]},"typography_font_size_mobile":{"unit":"em","size":1.3000000000000000444089209850062616169452667236328125,"sizes":[]},"typography_font_weight":"300","typography_line_height":{"unit":"em","size":1.399999999999999911182158029987476766109466552734375,"sizes":[]},"typography_line_height_tablet":{"unit":"em","size":1.1999999999999999555910790149937383830547332763671875,"sizes":[]},"typography_letter_spacing":{"unit":"px","size":-1.1999999999999999555910790149937383830547332763671875,"sizes":[]},"_margin":{"unit":"px","top":"0","right":"0","bottom":"0","left":"0","isLinked":false},"_margin_tablet":{"unit":"px","top":"0","right":"0","bottom":"0","left":"0","isLinked":false},"_margin_mobile":{"unit":"px","top":"0","right":"0","bottom":"0","left":"0","isLinked":false},"_padding":{"unit":"px","top":"18","right":"0","bottom":"0","left":"0","isLinked":false},"_padding_tablet":{"unit":"px","top":"26","right":"0","bottom":"0","left":"0","isLinked":false},"_animation":"fadeInUp","_animation_delay":500,"_padding_mobile":{"unit":"px","top":"23","right":"0","bottom":"0","left":"0","isLinked":false},"typography_text_transform":"lowercase"},"elements":[],"isInner":false,"widgetType":"heading","elType":"widget"}],"isInner":false,"elType":"column"}],"isInner":false,"elType":"section"},{"id":"3af06cb1","settings":{"content_width":{"unit":"px","size":800,"sizes":[]},"background_background":"classic","background_color":"#ffffff","padding":{"unit":"px","top":"60","right":"0","bottom":"60","left":"0","isLinked":false},"margin":{"unit":"px","top":"0","right":0,"bottom":"0","left":0,"isLinked":false},"padding_tablet":{"unit":"em","top":"5","right":"5","bottom":"5","left":"5","isLinked":true},"padding_mobile":{"unit":"em","top":"2","right":"2","bottom":"2","left":"2","isLinked":true}},"elements":[{"id":"76cb5a3b","settings":{"_column_size":100},"elements":[{"id":"49654351","settings":{"title":"Lorem ipsum dolor sit amet, consectetur adipiscing elit, sed do eiusmod tempor incididunt ut labore et dolore magna aliqua.","align":"center","align_mobile":"center","title_color":"#000000","typography_typography":"custom","typography_font_family":"Tajawal","typography_font_size":{"unit":"em","size":2,"sizes":[]},"typography_font_size_tablet":{"unit":"em","size":1.8000000000000000444089209850062616169452667236328125,"sizes":[]},"typography_font_size_mobile":{"unit":"em","size":1.1999999999999999555910790149937383830547332763671875,"sizes":[]},"typography_font_weight":"300","typography_line_height":{"unit":"em","size":1.399999999999999911182158029987476766109466552734375,"sizes":[]},"typography_line_height_tablet":{"unit":"em","size":1.1999999999999999555910790149937383830547332763671875,"sizes":[]},"typography_letter_spacing":{"unit":"px","size":-1.1999999999999999555910790149937383830547332763671875,"sizes":[]},"_margin":{"unit":"px","top":"0","right":"0","bottom":"0","left":"0","isLinked":false},"_margin_tablet":{"unit":"px","top":"0","right":"0","bottom":"0","left":"0","isLinked":false},"_margin_mobile":{"unit":"px","top":"0","right":"0","bottom":"0","left":"0","isLinked":false},"_padding":{"unit":"px","top":"18","right":"0","bottom":"0","left":"0","isLinked":false},"_padding_tablet":{"unit":"px","top":"26","right":"0","bottom":"0","left":"0","isLinked":false},"_animation":"fadeInUp","_animation_delay":500,"_padding_mobile":{"unit":"px","top":"23","right":"0","bottom":"0","left":"0","isLinked":false},"typography_text_transform":"lowercase"},"elements":[],"isInner":false,"widgetType":"heading","elType":"widget"},{"id":"454e3ff5","settings":{"editor":"<p>Ut enim ad minim veniam, quis nostrud exercitation ullamco laboris nisi ut aliquip ex ea commodo consequat. Duis aute irure dolor in reprehenderit in voluptate velit esse cillum dolore eu fugiat nulla pariatur. Excepteur sint occaecat cupidatat non proident, sunt in culpa qui officia deserunt mollit anim id est laborum.<\/p>","align":"center","align_mobile":"center","text_color":"#282525","typography_typography":"custom","typography_font_family":"Tajawal","typography_font_size":{"unit":"em","size":1.100000000000000088817841970012523233890533447265625,"sizes":[]},"typography_font_size_tablet":{"unit":"em","size":1,"sizes":[]},"typography_font_size_mobile":{"unit":"em","size":0.90000000000000002220446049250313080847263336181640625,"sizes":[]},"typography_font_weight":"300","typography_line_height":{"unit":"em","size":1.399999999999999911182158029987476766109466552734375,"sizes":[]},"typography_line_height_tablet":{"unit":"em","size":1.399999999999999911182158029987476766109466552734375,"sizes":[]},"typography_letter_spacing":{"unit":"px","size":-0.40000000000000002220446049250313080847263336181640625,"sizes":[]},"_margin":{"unit":"px","top":"0","right":"0","bottom":"0","left":"0","isLinked":false},"_margin_tablet":{"unit":"px","top":"0","right":"0","bottom":"0","left":"0","isLinked":false},"_margin_mobile":{"unit":"px","top":"0","right":"0","bottom":"0","left":"0","isLinked":false},"_padding":{"unit":"px","top":"18","right":"0","bottom":"0","left":"0","isLinked":false},"_padding_tablet":{"unit":"px","top":"26","right":"0","bottom":"0","left":"0","isLinked":false},"_padding_mobile":{"unit":"px","top":"23","right":"0","bottom":"0","left":"0","isLinked":false},"_animation_delay":500,"typography_line_height_mobile":{"unit":"em","size":1.399999999999999911182158029987476766109466552734375,"sizes":[]}},"elements":[],"isInner":false,"widgetType":"text-editor","elType":"widget"},{"id":"169ca84f","settings":{"text":"view packages","align":"center","size":"md","typography_typography":"custom","typography_font_family":"Tajawal","typography_text_transform":"lowercase","typography_letter_spacing":{"unit":"px","size":1,"sizes":[]},"button_text_color":"#ffffff","background_color":"rgba(17,12,35,0.98)","button_background_hover_color":"#23a455","button_hover_border_color":"#6ec1e4","border_border":"solid","border_width":{"unit":"px","top":"2","right":"2","bottom":"2","left":"2","isLinked":true},"border_color":"#000000","border_radius":{"unit":"px","top":"2","right":"2","bottom":"2","left":"2","isLinked":true},"text_padding":{"unit":"em","top":"1","right":"3","bottom":"1","left":"3","isLinked":false},"_animation":"fadeIn"},"elements":[],"isInner":false,"widgetType":"button","elType":"widget"}],"isInner":false,"elType":"column"}],"isInner":false,"elType":"section"},{"id":"216bffcd","settings":{"layout":"full_width","structure":"20","margin":{"unit":"px","top":"0","right":0,"bottom":"0","left":0,"isLinked":false},"padding":{"unit":"px","top":"60","right":"60","bottom":"0","left":"60","isLinked":false},"padding_tablet":{"unit":"px","top":"60","right":"15","bottom":"0","left":"15","isLinked":false},"padding_mobile":{"unit":"em","top":"1","right":"1","bottom":"0","left":"1","isLinked":false},"background_background":"classic","background_color":"#ffffff"},"elements":[{"id":"6d509652","settings":{"_column_size":50,"_inline_size":null,"content_position":"bottom","space_between_widgets":0,"background_background":"classic","background_image":{"id":"3861","url":"https:\/\/cliente.shazamlnv.com\/setasolar\/wp-content\/uploads\/2022\/04\/simon-migaj-485301-unsplash.jpg"},"background_position":"center left","background_repeat":"no-repeat","background_size":"cover","background_motion_fx_translateY_effect":"yes","margin":{"unit":"px","top":"0","right":"30","bottom":"0","left":"0","isLinked":false},"padding":{"unit":"px","top":"722","right":"30","bottom":"43","left":"62","isLinked":false},"margin_tablet":{"unit":"px","top":"0","right":"15","bottom":"0","left":"0","isLinked":false},"margin_mobile":{"unit":"px","top":"0","right":"0","bottom":"0","left":"0","isLinked":false},"padding_tablet":{"unit":"px","top":"400","right":"30","bottom":"30","left":"30","isLinked":false},"padding_mobile":{"unit":"px","top":"200","right":"15","bottom":"15","left":"15","isLinked":false},"animation":"fadeIn","animation_delay":300,"background_overlay_background":"classic","background_overlay_hover_background":"gradient","background_overlay_hover_color":"rgba(0,0,0,0.13)","background_overlay_hover_color_stop":{"unit":"%","size":15,"sizes":[]},"background_overlay_hover_color_b":"#000000","background_overlay_hover_color_b_stop":{"unit":"%","size":86,"sizes":[]},"background_overlay_hover_gradient_type":"radial","background_overlay_hover_opacity":{"unit":"px","size":0.90000000000000002220446049250313080847263336181640625,"sizes":[]},"background_overlay_hover_transition":{"unit":"px","size":0.5,"sizes":[]}},"elements":[{"id":"7f97a27d","settings":{"title":"Relaxation","link":{"url":"#","is_external":"","nofollow":""},"align":"left","title_color":"#ffffff","typography_typography":"custom","typography_font_family":"Tajawal","typography_font_size":{"unit":"em","size":2.79999999999999982236431605997495353221893310546875,"sizes":[]},"_margin":{"unit":"px","top":"0","right":"0","bottom":"0","left":"0","isLinked":false},"align_mobile":"center","typography_font_size_tablet":{"unit":"em","size":3,"sizes":[]},"typography_font_size_mobile":{"unit":"em","size":2.29999999999999982236431605997495353221893310546875,"sizes":[]},"typography_font_weight":"500","typography_text_transform":"lowercase","typography_line_height":{"unit":"em","size":1.25,"sizes":[]},"typography_line_height_tablet":{"unit":"em","size":0.90000000000000002220446049250313080847263336181640625,"sizes":[]},"typography_letter_spacing":{"unit":"px","size":-1.1999999999999999555910790149937383830547332763671875,"sizes":[]},"_margin_tablet":{"unit":"px","top":"0","right":"0","bottom":"0","left":"0","isLinked":false},"_margin_mobile":{"unit":"px","top":"0","right":"0","bottom":"0","left":"0","isLinked":false},"_padding":{"unit":"px","top":"18","right":"0","bottom":"0","left":"0","isLinked":false},"_padding_tablet":{"unit":"px","top":"26","right":"0","bottom":"0","left":"0","isLinked":false},"_padding_mobile":{"unit":"px","top":"23","right":"0","bottom":"0","left":"0","isLinked":false},"_animation_delay":500},"elements":[],"isInner":false,"widgetType":"heading","elType":"widget"},{"id":"59a668f0","settings":{"title":"Lorem ipsum dolor sit amet, consectetur adipiscing elit.","align":"left","align_mobile":"center","title_color":"#ffffff","typography_typography":"custom","typography_font_family":"Tajawal","typography_font_size":{"unit":"em","size":1.5,"sizes":[]},"typography_font_size_tablet":{"unit":"em","size":1.399999999999999911182158029987476766109466552734375,"sizes":[]},"typography_font_size_mobile":{"unit":"em","size":1.3000000000000000444089209850062616169452667236328125,"sizes":[]},"typography_font_weight":"300","typography_line_height":{"unit":"em","size":1.399999999999999911182158029987476766109466552734375,"sizes":[]},"typography_line_height_tablet":{"unit":"em","size":1.1999999999999999555910790149937383830547332763671875,"sizes":[]},"typography_letter_spacing":{"unit":"px","size":-1.1999999999999999555910790149937383830547332763671875,"sizes":[]},"_margin":{"unit":"px","top":"-25","right":"0","bottom":"0","left":"0","isLinked":false},"_margin_tablet":{"unit":"px","top":"0","right":"0","bottom":"0","left":"0","isLinked":false},"_margin_mobile":{"unit":"px","top":"0","right":"0","bottom":"0","left":"0","isLinked":false},"_padding":{"unit":"px","top":"18","right":"0","bottom":"0","left":"0","isLinked":false},"_padding_tablet":{"unit":"px","top":"26","right":"0","bottom":"0","left":"0","isLinked":false},"_animation_delay":500,"_padding_mobile":{"unit":"px","top":"23","right":"0","bottom":"0","left":"0","isLinked":false},"typography_text_transform":"lowercase","header_size":"h3"},"elements":[],"isInner":false,"widgetType":"heading","elType":"widget"},{"id":"f84bc5e","settings":{"weight":{"unit":"px","size":2,"sizes":[]},"color":"#ffffff","width":{"unit":"%","size":63,"sizes":[]},"gap":{"unit":"px","size":13,"sizes":[]},"_margin":{"unit":"px","top":"0","right":"0","bottom":"0","left":"0","isLinked":false},"animation_duration":"fast","align_mobile":"center","text":"Divis\u00f3ria"},"elements":[],"isInner":false,"widgetType":"divider","elType":"widget"}],"isInner":false,"elType":"column"},{"id":"242bebf9","settings":{"_column_size":50,"_inline_size":null,"content_position":"bottom","space_between_widgets":0,"background_background":"classic","background_image":{"id":"3862","url":"https:\/\/cliente.shazamlnv.com\/setasolar\/wp-content\/uploads\/2022\/04\/adventure-astro-astrophotography-1009136.jpg"},"background_position":"center center","background_repeat":"no-repeat","background_size":"cover","margin":{"unit":"px","top":"0","right":"0","bottom":"0","left":"30","isLinked":false},"padding":{"unit":"px","top":"722","right":"30","bottom":"43","left":"62","isLinked":false},"margin_tablet":{"unit":"px","top":"0","right":"0","bottom":"0","left":"15","isLinked":false},"margin_mobile":{"unit":"px","top":"30","right":"0","bottom":"0","left":"0","isLinked":false},"padding_tablet":{"unit":"px","top":"400","right":"30","bottom":"30","left":"30","isLinked":false},"padding_mobile":{"unit":"em","top":"","right":"","bottom":"","left":"","isLinked":true},"animation":"fadeIn","animation_delay":400,"background_overlay_background":"classic","background_overlay_hover_background":"gradient","background_overlay_hover_color":"rgba(0,0,0,0.13)","background_overlay_hover_color_stop":{"unit":"%","size":15,"sizes":[]},"background_overlay_hover_color_b":"#000000","background_overlay_hover_color_b_stop":{"unit":"%","size":86,"sizes":[]},"background_overlay_hover_gradient_type":"radial","background_overlay_hover_gradient_angle":{"unit":"deg","size":9,"sizes":[]},"background_overlay_hover_opacity":{"unit":"px","size":0.90000000000000002220446049250313080847263336181640625,"sizes":[]},"background_overlay_hover_transition":{"unit":"px","size":0.5,"sizes":[]}},"elements":[{"id":"7c886cac","settings":{"title":"Natural Wonders","link":{"url":"#","is_external":"","nofollow":""},"align":"left","title_color":"#ffffff","typography_typography":"custom","typography_font_family":"Tajawal","typography_font_size":{"unit":"em","size":2.79999999999999982236431605997495353221893310546875,"sizes":[]},"_margin":{"unit":"px","top":"0","right":"0","bottom":"0","left":"0","isLinked":false},"align_mobile":"center","typography_font_size_tablet":{"unit":"em","size":3,"sizes":[]},"typography_font_size_mobile":{"unit":"em","size":2.29999999999999982236431605997495353221893310546875,"sizes":[]},"typography_font_weight":"500","typography_text_transform":"lowercase","typography_line_height":{"unit":"em","size":1.25,"sizes":[]},"typography_line_height_tablet":{"unit":"em","size":0.90000000000000002220446049250313080847263336181640625,"sizes":[]},"typography_letter_spacing":{"unit":"px","size":-1.1999999999999999555910790149937383830547332763671875,"sizes":[]},"_margin_tablet":{"unit":"px","top":"0","right":"0","bottom":"0","left":"0","isLinked":false},"_margin_mobile":{"unit":"px","top":"0","right":"0","bottom":"0","left":"0","isLinked":false},"_padding":{"unit":"px","top":"18","right":"0","bottom":"0","left":"0","isLinked":false},"_padding_tablet":{"unit":"px","top":"26","right":"0","bottom":"0","left":"0","isLinked":false},"_padding_mobile":{"unit":"px","top":"23","right":"0","bottom":"0","left":"0","isLinked":false},"_animation_delay":500},"elements":[],"isInner":false,"widgetType":"heading","elType":"widget"},{"id":"6cb8f24f","settings":{"title":"Lorem ipsum dolor sit amet, consectetur adipiscing elit.","align":"left","align_mobile":"center","title_color":"#ffffff","typography_typography":"custom","typography_font_family":"Tajawal","typography_font_size":{"unit":"em","size":1.5,"sizes":[]},"typography_font_size_tablet":{"unit":"em","size":1.399999999999999911182158029987476766109466552734375,"sizes":[]},"typography_font_size_mobile":{"unit":"em","size":1.3000000000000000444089209850062616169452667236328125,"sizes":[]},"typography_font_weight":"300","typography_line_height":{"unit":"em","size":1.399999999999999911182158029987476766109466552734375,"sizes":[]},"typography_line_height_tablet":{"unit":"em","size":1.1999999999999999555910790149937383830547332763671875,"sizes":[]},"typography_letter_spacing":{"unit":"px","size":-1.1999999999999999555910790149937383830547332763671875,"sizes":[]},"_margin":{"unit":"px","top":"-25","right":"0","bottom":"0","left":"0","isLinked":false},"_margin_tablet":{"unit":"px","top":"0","right":"0","bottom":"0","left":"0","isLinked":false},"_margin_mobile":{"unit":"px","top":"0","right":"0","bottom":"0","left":"0","isLinked":false},"_padding":{"unit":"px","top":"18","right":"0","bottom":"0","left":"0","isLinked":false},"_padding_tablet":{"unit":"px","top":"26","right":"0","bottom":"0","left":"0","isLinked":false},"_animation":"fadeInUp","_animation_delay":500,"_padding_mobile":{"unit":"px","top":"23","right":"0","bottom":"0","left":"0","isLinked":false},"typography_text_transform":"lowercase","header_size":"h3"},"elements":[],"isInner":false,"widgetType":"heading","elType":"widget"},{"id":"187100c6","settings":{"weight":{"unit":"px","size":2,"sizes":[]},"color":"#ffffff","width":{"unit":"%","size":63,"sizes":[]},"gap":{"unit":"px","size":13,"sizes":[]},"_margin":{"unit":"px","top":"0","right":"0","bottom":"0","left":"0","isLinked":false},"animation_duration":"fast","align_mobile":"center","text":"Divis\u00f3ria"},"elements":[],"isInner":false,"widgetType":"divider","elType":"widget"}],"isInner":false,"elType":"column"}],"isInner":false,"elType":"section"},{"id":"2534256f","settings":{"layout":"full_width","structure":"30","margin":{"unit":"px","top":"0","right":0,"bottom":"0","left":0,"isLinked":false},"padding":{"unit":"px","top":"60","right":"60","bottom":"60","left":"60","isLinked":false},"padding_tablet":{"unit":"px","top":"30","right":"15","bottom":"60","left":"15","isLinked":false},"padding_mobile":{"unit":"em","top":"1","right":"1","bottom":"1","left":"1","isLinked":true},"background_background":"classic","background_color":"#ffffff"},"elements":[{"id":"1969cdd3","settings":{"_column_size":33,"_inline_size":null,"space_between_widgets":0,"background_background":"classic","background_image":{"id":"3863","url":"https:\/\/cliente.shazamlnv.com\/setasolar\/wp-content\/uploads\/2022\/04\/architecture-iceland-lighthouse-1660995.jpg"},"background_position":"center center","background_repeat":"no-repeat","background_size":"cover","margin":{"unit":"px","top":"0","right":"40","bottom":"0","left":"0","isLinked":false},"padding":{"unit":"px","top":"426","right":"30","bottom":"54","left":"58","isLinked":false},"margin_tablet":{"unit":"px","top":"0","right":"20","bottom":"0","left":"0","isLinked":false},"margin_mobile":{"unit":"px","top":"0","right":"0","bottom":"0","left":"0","isLinked":false},"padding_tablet":{"unit":"px","top":"200","right":"15","bottom":"15","left":"15","isLinked":false},"padding_mobile":{"unit":"px","top":"100","right":"15","bottom":"15","left":"15","isLinked":false},"animation":"fadeIn","background_overlay_background":"classic","background_overlay_color_stop":{"unit":"%","size":15,"sizes":[]},"background_overlay_color_b":"#000000","background_overlay_color_b_stop":{"unit":"%","size":86,"sizes":[]},"background_overlay_gradient_type":"radial","background_overlay_opacity":{"unit":"px","size":0,"sizes":[]},"background_overlay_hover_background":"gradient","background_overlay_hover_color":"rgba(0,0,0,0.12)","background_overlay_hover_color_stop":{"unit":"%","size":15,"sizes":[]},"background_overlay_hover_color_b":"#000000","background_overlay_hover_color_b_stop":{"unit":"%","size":86,"sizes":[]},"background_overlay_hover_gradient_type":"radial","background_overlay_hover_opacity":{"unit":"px","size":9,"sizes":[]},"background_overlay_hover_transition":{"unit":"px","size":0.5,"sizes":[]}},"elements":[{"id":"349420fc","settings":{"title":"Landmarks","link":{"url":"#","is_external":"","nofollow":""},"header_size":"h3","title_color":"#ffffff","typography_typography":"custom","typography_font_family":"Tajawal","typography_font_size":{"unit":"em","size":2.79999999999999982236431605997495353221893310546875,"sizes":[]},"align":"left","_margin":{"unit":"px","top":"0","right":"0","bottom":"0","left":"0","isLinked":false},"align_mobile":"center","typography_font_size_tablet":{"unit":"em","size":3,"sizes":[]},"typography_font_size_mobile":{"unit":"em","size":2.29999999999999982236431605997495353221893310546875,"sizes":[]},"typography_font_weight":"500","typography_text_transform":"lowercase","typography_line_height":{"unit":"em","size":1.25,"sizes":[]},"typography_line_height_tablet":{"unit":"em","size":0.90000000000000002220446049250313080847263336181640625,"sizes":[]},"typography_letter_spacing":{"unit":"px","size":-1.1999999999999999555910790149937383830547332763671875,"sizes":[]},"_margin_tablet":{"unit":"px","top":"0","right":"0","bottom":"0","left":"0","isLinked":false},"_margin_mobile":{"unit":"px","top":"0","right":"0","bottom":"0","left":"0","isLinked":false},"_padding":{"unit":"px","top":"18","right":"0","bottom":"0","left":"0","isLinked":false},"_padding_tablet":{"unit":"px","top":"26","right":"0","bottom":"0","left":"0","isLinked":false},"_padding_mobile":{"unit":"px","top":"23","right":"0","bottom":"0","left":"0","isLinked":false},"_animation":"fadeInUp","_animation_delay":500},"elements":[],"isInner":false,"widgetType":"heading","elType":"widget"},{"id":"113231b9","settings":{"title":"Lorem ipsum dolor sit amet, consectetur.","align":"left","align_mobile":"center","title_color":"#ffffff","typography_typography":"custom","typography_font_family":"Tajawal","typography_font_size":{"unit":"em","size":1.5,"sizes":[]},"typography_font_size_tablet":{"unit":"em","size":1.399999999999999911182158029987476766109466552734375,"sizes":[]},"typography_font_size_mobile":{"unit":"em","size":1.3000000000000000444089209850062616169452667236328125,"sizes":[]},"typography_font_weight":"300","typography_line_height":{"unit":"em","size":1.399999999999999911182158029987476766109466552734375,"sizes":[]},"typography_line_height_tablet":{"unit":"em","size":1.1999999999999999555910790149937383830547332763671875,"sizes":[]},"typography_letter_spacing":{"unit":"px","size":-1.1999999999999999555910790149937383830547332763671875,"sizes":[]},"_margin":{"unit":"px","top":"-25","right":"0","bottom":"0","left":"0","isLinked":false},"_margin_tablet":{"unit":"px","top":"0","right":"0","bottom":"0","left":"0","isLinked":false},"_margin_mobile":{"unit":"px","top":"0","right":"0","bottom":"0","left":"0","isLinked":false},"_padding":{"unit":"px","top":"18","right":"0","bottom":"0","left":"0","isLinked":false},"_padding_tablet":{"unit":"px","top":"26","right":"0","bottom":"0","left":"0","isLinked":false},"_animation":"fadeInUp","_animation_delay":500,"_padding_mobile":{"unit":"px","top":"23","right":"0","bottom":"0","left":"0","isLinked":false},"typography_text_transform":"lowercase"},"elements":[],"isInner":false,"widgetType":"heading","elType":"widget"},{"id":"d4ee66e","settings":{"weight":{"unit":"px","size":2,"sizes":[]},"color":"#ffffff","width":{"unit":"%","size":63,"sizes":[]},"gap":{"unit":"px","size":13,"sizes":[]},"animation_duration":"fast","_margin":{"unit":"px","top":"0","right":"0","bottom":"0","left":"0","isLinked":false},"align_mobile":"center","text":"Divis\u00f3ria"},"elements":[],"isInner":false,"widgetType":"divider","elType":"widget"}],"isInner":false,"elType":"column"},{"id":"9f17e82","settings":{"_column_size":33,"_inline_size":null,"space_between_widgets":0,"background_background":"classic","background_image":{"id":"3864","url":"https:\/\/cliente.shazamlnv.com\/setasolar\/wp-content\/uploads\/2022\/04\/fabian-burghardt-84752-unsplash.jpg"},"background_position":"center center","background_repeat":"no-repeat","background_size":"cover","margin":{"unit":"px","top":"0","right":"20","bottom":"0","left":"20","isLinked":false},"padding":{"unit":"px","top":"426","right":"30","bottom":"54","left":"58","isLinked":false},"margin_tablet":{"unit":"px","top":"0","right":"10","bottom":"0","left":"10","isLinked":false},"margin_mobile":{"unit":"px","top":"15","right":"0","bottom":"0","left":"0","isLinked":false},"padding_tablet":{"unit":"px","top":"200","right":"15","bottom":"15","left":"15","isLinked":false},"padding_mobile":{"unit":"px","top":"100","right":"15","bottom":"15","left":"15","isLinked":false},"animation":"fadeIn","animation_delay":300,"background_overlay_background":"classic","background_overlay_hover_background":"gradient","background_overlay_hover_color":"rgba(0,0,0,0.12)","background_overlay_hover_color_stop":{"unit":"%","size":15,"sizes":[]},"background_overlay_hover_color_b":"#000000","background_overlay_hover_color_b_stop":{"unit":"%","size":86,"sizes":[]},"background_overlay_hover_gradient_type":"radial","background_overlay_hover_opacity":{"unit":"px","size":0.90000000000000002220446049250313080847263336181640625,"sizes":[]},"background_overlay_hover_transition":{"unit":"px","size":0.5,"sizes":[]}},"elements":[{"id":"48829a32","settings":{"title":"Wildlife","link":{"url":"#","is_external":"","nofollow":""},"header_size":"h3","title_color":"#ffffff","typography_typography":"custom","typography_font_family":"Tajawal","typography_font_size":{"unit":"em","size":2.79999999999999982236431605997495353221893310546875,"sizes":[]},"align":"left","_margin":{"unit":"px","top":"0","right":"0","bottom":"0","left":"0","isLinked":false},"align_mobile":"center","typography_font_size_tablet":{"unit":"em","size":3,"sizes":[]},"typography_font_size_mobile":{"unit":"em","size":2.29999999999999982236431605997495353221893310546875,"sizes":[]},"typography_font_weight":"500","typography_text_transform":"lowercase","typography_line_height":{"unit":"em","size":1.25,"sizes":[]},"typography_line_height_tablet":{"unit":"em","size":0.90000000000000002220446049250313080847263336181640625,"sizes":[]},"typography_letter_spacing":{"unit":"px","size":-1.1999999999999999555910790149937383830547332763671875,"sizes":[]},"_margin_tablet":{"unit":"px","top":"0","right":"0","bottom":"0","left":"0","isLinked":false},"_margin_mobile":{"unit":"px","top":"0","right":"0","bottom":"0","left":"0","isLinked":false},"_padding":{"unit":"px","top":"18","right":"0","bottom":"0","left":"0","isLinked":false},"_padding_tablet":{"unit":"px","top":"26","right":"0","bottom":"0","left":"0","isLinked":false},"_padding_mobile":{"unit":"px","top":"23","right":"0","bottom":"0","left":"0","isLinked":false},"_animation":"fadeInUp","_animation_delay":500},"elements":[],"isInner":false,"widgetType":"heading","elType":"widget"},{"id":"23998eb8","settings":{"title":"Lorem ipsum dolor sit.","align":"left","align_mobile":"center","title_color":"#ffffff","typography_typography":"custom","typography_font_family":"Tajawal","typography_font_size":{"unit":"em","size":1.5,"sizes":[]},"typography_font_size_tablet":{"unit":"em","size":1.399999999999999911182158029987476766109466552734375,"sizes":[]},"typography_font_size_mobile":{"unit":"em","size":1.3000000000000000444089209850062616169452667236328125,"sizes":[]},"typography_font_weight":"300","typography_line_height":{"unit":"em","size":1.399999999999999911182158029987476766109466552734375,"sizes":[]},"typography_line_height_tablet":{"unit":"em","size":1.1999999999999999555910790149937383830547332763671875,"sizes":[]},"typography_letter_spacing":{"unit":"px","size":-1.1999999999999999555910790149937383830547332763671875,"sizes":[]},"_margin":{"unit":"px","top":"-25","right":"0","bottom":"0","left":"0","isLinked":false},"_margin_tablet":{"unit":"px","top":"0","right":"0","bottom":"0","left":"0","isLinked":false},"_margin_mobile":{"unit":"px","top":"0","right":"0","bottom":"0","left":"0","isLinked":false},"_padding":{"unit":"px","top":"18","right":"0","bottom":"0","left":"0","isLinked":false},"_padding_tablet":{"unit":"px","top":"26","right":"0","bottom":"0","left":"0","isLinked":false},"_animation":"fadeInUp","_animation_delay":500,"_padding_mobile":{"unit":"px","top":"23","right":"0","bottom":"0","left":"0","isLinked":false},"typography_text_transform":"lowercase"},"elements":[],"isInner":false,"widgetType":"heading","elType":"widget"},{"id":"6c132c42","settings":{"weight":{"unit":"px","size":2,"sizes":[]},"color":"#ffffff","width":{"unit":"%","size":63,"sizes":[]},"gap":{"unit":"px","size":13,"sizes":[]},"animation_duration":"fast","_margin":{"unit":"px","top":"0","right":"0","bottom":"0","left":"0","isLinked":false},"align_mobile":"center","text":"Divis\u00f3ria"},"elements":[],"isInner":false,"widgetType":"divider","elType":"widget"}],"isInner":false,"elType":"column"},{"id":"4744d57a","settings":{"_column_size":33,"_inline_size":null,"space_between_widgets":0,"background_background":"classic","background_image":{"id":"3865","url":"https:\/\/cliente.shazamlnv.com\/setasolar\/wp-content\/uploads\/2022\/04\/jakub-kapusnak-296859-unsplash.jpg"},"background_position":"center center","background_repeat":"no-repeat","background_size":"cover","margin":{"unit":"px","top":"0","right":"0","bottom":"0","left":"40","isLinked":false},"padding":{"unit":"px","top":"426","right":"30","bottom":"54","left":"58","isLinked":false},"margin_tablet":{"unit":"px","top":"0","right":"0","bottom":"0","left":"20","isLinked":false},"margin_mobile":{"unit":"px","top":"15","right":"0","bottom":"0","left":"0","isLinked":false},"padding_tablet":{"unit":"px","top":"200","right":"15","bottom":"15","left":"15","isLinked":false},"padding_mobile":{"unit":"px","top":"100","right":"15","bottom":"15","left":"15","isLinked":false},"animation":"fadeIn","animation_delay":600,"background_overlay_background":"classic","background_overlay_hover_background":"gradient","background_overlay_hover_color":"rgba(0,0,0,0.12)","background_overlay_hover_color_stop":{"unit":"%","size":15,"sizes":[]},"background_overlay_hover_color_b":"#000000","background_overlay_hover_color_b_stop":{"unit":"%","size":86,"sizes":[]},"background_overlay_hover_gradient_type":"radial","background_overlay_hover_opacity":{"unit":"px","size":0.90000000000000002220446049250313080847263336181640625,"sizes":[]},"background_overlay_hover_transition":{"unit":"px","size":0.5,"sizes":[]}},"elements":[{"id":"610abb86","settings":{"title":"Local Food","link":{"url":"#","is_external":"","nofollow":""},"header_size":"h3","title_color":"#ffffff","typography_typography":"custom","typography_font_family":"Tajawal","typography_font_size":{"unit":"em","size":2.79999999999999982236431605997495353221893310546875,"sizes":[]},"align":"left","_margin":{"unit":"px","top":"0","right":"0","bottom":"0","left":"0","isLinked":false},"align_mobile":"center","typography_font_size_tablet":{"unit":"em","size":3,"sizes":[]},"typography_font_size_mobile":{"unit":"em","size":2.29999999999999982236431605997495353221893310546875,"sizes":[]},"typography_font_weight":"500","typography_text_transform":"lowercase","typography_line_height":{"unit":"em","size":1.25,"sizes":[]},"typography_line_height_tablet":{"unit":"em","size":0.90000000000000002220446049250313080847263336181640625,"sizes":[]},"typography_letter_spacing":{"unit":"px","size":-1.1999999999999999555910790149937383830547332763671875,"sizes":[]},"_margin_tablet":{"unit":"px","top":"0","right":"0","bottom":"0","left":"0","isLinked":false},"_margin_mobile":{"unit":"px","top":"0","right":"0","bottom":"0","left":"0","isLinked":false},"_padding":{"unit":"px","top":"18","right":"0","bottom":"0","left":"0","isLinked":false},"_padding_tablet":{"unit":"px","top":"26","right":"0","bottom":"0","left":"0","isLinked":false},"_padding_mobile":{"unit":"px","top":"23","right":"0","bottom":"0","left":"0","isLinked":false},"_animation_delay":500},"elements":[],"isInner":false,"widgetType":"heading","elType":"widget"},{"id":"7895c3e9","settings":{"title":"Lorem ipsum dolor sit amet, consectetur.","align":"left","align_mobile":"center","title_color":"#ffffff","typography_typography":"custom","typography_font_family":"Tajawal","typography_font_size":{"unit":"em","size":1.5,"sizes":[]},"typography_font_size_tablet":{"unit":"em","size":1.399999999999999911182158029987476766109466552734375,"sizes":[]},"typography_font_size_mobile":{"unit":"em","size":1.3000000000000000444089209850062616169452667236328125,"sizes":[]},"typography_font_weight":"300","typography_line_height":{"unit":"em","size":1.399999999999999911182158029987476766109466552734375,"sizes":[]},"typography_line_height_tablet":{"unit":"em","size":1.1999999999999999555910790149937383830547332763671875,"sizes":[]},"typography_letter_spacing":{"unit":"px","size":-1.1999999999999999555910790149937383830547332763671875,"sizes":[]},"_margin":{"unit":"px","top":"-25","right":"0","bottom":"0","left":"0","isLinked":false},"_margin_tablet":{"unit":"px","top":"0","right":"0","bottom":"0","left":"0","isLinked":false},"_margin_mobile":{"unit":"px","top":"0","right":"0","bottom":"0","left":"0","isLinked":false},"_padding":{"unit":"px","top":"18","right":"0","bottom":"0","left":"0","isLinked":false},"_padding_tablet":{"unit":"px","top":"26","right":"0","bottom":"0","left":"0","isLinked":false},"_animation_delay":500,"_padding_mobile":{"unit":"px","top":"23","right":"0","bottom":"0","left":"0","isLinked":false},"typography_text_transform":"lowercase"},"elements":[],"isInner":false,"widgetType":"heading","elType":"widget"},{"id":"24ec28b2","settings":{"weight":{"unit":"px","size":2,"sizes":[]},"color":"#ffffff","width":{"unit":"%","size":63,"sizes":[]},"gap":{"unit":"px","size":13,"sizes":[]},"_margin":{"unit":"px","top":"0","right":"0","bottom":"0","left":"0","isLinked":false},"animation_duration":"fast","align_mobile":"center","text":"Divis\u00f3ria"},"elements":[],"isInner":false,"widgetType":"divider","elType":"widget"}],"isInner":false,"elType":"column"}],"isInner":false,"elType":"section"},{"id":"1efd2097","settings":{"content_width":{"unit":"px","size":1170,"sizes":[]},"padding":{"unit":"px","top":"090","right":"0","bottom":"60","left":"0","isLinked":false},"padding_tablet":{"unit":"px","top":"68","right":"15","bottom":"0","left":"15","isLinked":false},"padding_mobile":{"unit":"em","top":"","right":"","bottom":"","left":"","isLinked":false},"background_background":"classic","background_color":"#3b7daf","background_image":{"id":"3866","url":"https:\/\/cliente.shazamlnv.com\/setasolar\/wp-content\/uploads\/2022\/04\/jeremy-bishop-262139-unsplash.jpg"},"background_position":"top center","background_xpos":{"unit":"%","size":-2,"sizes":[]},"background_ypos":{"unit":"vh","size":20,"sizes":[]},"background_size":"cover","background_overlay_background":"gradient","background_overlay_color":"#0283c9","background_overlay_color_stop":{"unit":"%","size":20,"sizes":[]},"background_overlay_color_b":"rgba(211,105,0,0.23)","background_overlay_color_b_stop":{"unit":"%","size":56,"sizes":[]},"background_overlay_opacity":{"unit":"px","size":0.440000000000000002220446049250313080847263336181640625,"sizes":[]},"css_filters_css_filter":"custom","css_filters_saturate":{"unit":"px","size":195,"sizes":[]},"overlay_blend_mode":"darken","height":"min-height","custom_height":{"unit":"vh","size":66,"sizes":[]},"margin_mobile":{"unit":"px","top":"0","right":0,"bottom":"0","left":0,"isLinked":true}},"elements":[{"id":"37c717af","settings":{"_column_size":100,"space_between_widgets":0,"margin":{"unit":"px","top":"0","right":"0","bottom":"0","left":"0","isLinked":false},"padding":{"unit":"px","top":"0","right":"0","bottom":"0","left":"0","isLinked":false},"background_background":"classic","background_overlay_background":"classic","background_overlay_position":"center center","background_overlay_repeat":"no-repeat","background_overlay_size":"contain","background_overlay_opacity":{"unit":"px","size":0,"sizes":[]},"overlay_blend_mode":"overlay"},"elements":[{"id":"692fdc58","settings":{"content_width":{"unit":"px","size":800,"sizes":[]},"margin":{"unit":"px","top":"0","right":0,"bottom":"0","left":0,"isLinked":false},"padding":{"unit":"px","top":"0","right":"0","bottom":"0","left":"0","isLinked":false}},"elements":[{"id":"895e83f","settings":{"_column_size":100,"_inline_size":null,"background_background":"classic","background_position":"bottom center","background_repeat":"no-repeat","background_size":"contain","background_overlay_background":"classic","background_overlay_position":"center center","background_overlay_repeat":"no-repeat","background_overlay_size":"contain","background_overlay_opacity":{"unit":"px","size":0.179999999999999993338661852249060757458209991455078125,"sizes":[]},"overlay_blend_mode":"overlay"},"elements":[{"id":"1b2892a8","settings":{"image":{"id":"3867","url":"https:\/\/cliente.shazamlnv.com\/setasolar\/wp-content\/uploads\/2022\/04\/destination-2.png"},"width":{"unit":"%","size":9,"sizes":[]},"width_mobile":{"unit":"%","size":22,"sizes":[]}},"elements":[],"isInner":false,"widgetType":"image","elType":"widget"},{"id":"3dd85e4a","settings":{"title":"destinations","align":"center","title_color":"#ffffff","typography_typography":"custom","typography_font_family":"Tajawal","typography_font_size":{"unit":"em","size":3.399999999999999911182158029987476766109466552734375,"sizes":[]},"typography_font_size_tablet":{"unit":"em","size":3,"sizes":[]},"typography_font_size_mobile":{"unit":"em","size":2.29999999999999982236431605997495353221893310546875,"sizes":[]},"typography_font_weight":"600","typography_line_height":{"unit":"em","size":1.25,"sizes":[]},"typography_letter_spacing":{"unit":"px","size":-1.1999999999999999555910790149937383830547332763671875,"sizes":[]},"_margin":{"unit":"px","top":"0","right":"0","bottom":"0","left":"0","isLinked":false},"_margin_tablet":{"unit":"px","top":"0","right":"0","bottom":"0","left":"0","isLinked":false},"_margin_mobile":{"unit":"px","top":"0","right":"0","bottom":"0","left":"0","isLinked":false},"_padding":{"unit":"px","top":"18","right":"0","bottom":"0","left":"0","isLinked":false},"_animation":"fadeInUp","_animation_delay":500,"align_mobile":"center","typography_text_transform":"lowercase","typography_line_height_tablet":{"unit":"em","size":0.90000000000000002220446049250313080847263336181640625,"sizes":[]},"_padding_tablet":{"unit":"px","top":"26","right":"0","bottom":"0","left":"0","isLinked":false},"_padding_mobile":{"unit":"px","top":"23","right":"0","bottom":"0","left":"0","isLinked":false}},"elements":[],"isInner":false,"widgetType":"heading","elType":"widget"},{"id":"58f58799","settings":{"title":"Lorem ipsum dolor sit amet, consectetur adipiscing elit, sed do eiusmod tempor incididunt ut labore et dolore magna aliqua.","align":"center","align_mobile":"center","title_color":"#ffffff","typography_typography":"custom","typography_font_family":"Tajawal","typography_font_size":{"unit":"em","size":2,"sizes":[]},"typography_font_size_tablet":{"unit":"em","size":1.8000000000000000444089209850062616169452667236328125,"sizes":[]},"typography_font_size_mobile":{"unit":"em","size":1.3000000000000000444089209850062616169452667236328125,"sizes":[]},"typography_font_weight":"300","typography_line_height":{"unit":"em","size":1.399999999999999911182158029987476766109466552734375,"sizes":[]},"typography_line_height_tablet":{"unit":"em","size":1.1999999999999999555910790149937383830547332763671875,"sizes":[]},"typography_letter_spacing":{"unit":"px","size":-1.1999999999999999555910790149937383830547332763671875,"sizes":[]},"_margin":{"unit":"px","top":"0","right":"0","bottom":"0","left":"0","isLinked":false},"_margin_tablet":{"unit":"px","top":"0","right":"0","bottom":"0","left":"0","isLinked":false},"_margin_mobile":{"unit":"px","top":"0","right":"0","bottom":"0","left":"0","isLinked":false},"_padding":{"unit":"px","top":"18","right":"0","bottom":"0","left":"0","isLinked":false},"_padding_tablet":{"unit":"px","top":"26","right":"0","bottom":"0","left":"0","isLinked":false},"_animation":"fadeInUp","_animation_delay":500,"_padding_mobile":{"unit":"px","top":"23","right":"0","bottom":"0","left":"0","isLinked":false},"typography_text_transform":"lowercase"},"elements":[],"isInner":false,"widgetType":"heading","elType":"widget"},{"id":"72ce7c84","settings":{"space":{"unit":"px","size":319,"sizes":[]}},"elements":[],"isInner":false,"widgetType":"spacer","elType":"widget"}],"isInner":true,"elType":"column"}],"isInner":true,"elType":"section"}],"isInner":false,"elType":"column"}],"isInner":false,"elType":"section"},{"id":"1824d299","settings":{"content_width":{"unit":"px","size":1170,"sizes":[]},"structure":"20","margin":{"unit":"px","top":"0","right":0,"bottom":"0","left":0,"isLinked":false},"padding":{"unit":"px","top":"88","right":"0","bottom":"0","left":"0","isLinked":false},"padding_tablet":{"unit":"px","top":"43","right":"15","bottom":"0","left":"15","isLinked":false},"padding_mobile":{"unit":"px","top":"22","right":"15","bottom":"0","left":"15","isLinked":false},"background_background":"classic","background_color":"#ffffff"},"elements":[{"id":"c86548","settings":{"_column_size":50,"_inline_size":null,"space_between_widgets":0,"background_background":"classic","background_image":{"id":"3868","url":"https:\/\/cliente.shazamlnv.com\/setasolar\/wp-content\/uploads\/2022\/04\/nicolas-j-leclercq-715306-unsplash.jpg"},"background_position":"center center","background_repeat":"no-repeat","background_size":"cover","margin":{"unit":"px","top":"0","right":"15","bottom":"0","left":"0","isLinked":false},"padding":{"unit":"px","top":"123","right":"0","bottom":"123","left":"0","isLinked":false},"margin_mobile":{"unit":"px","top":"0","right":"0","bottom":"0","left":"0","isLinked":false},"padding_tablet":{"unit":"px","top":"80","right":"0","bottom":"80","left":"0","isLinked":false},"padding_mobile":{"unit":"px","top":"50","right":"0","bottom":"50","left":"0","isLinked":false},"animation":"fadeIn","animation_delay":400},"elements":[{"id":"506273d","settings":{"icon":"fa fa-youtube-play","link":{"url":"https:\/\/player.vimeo.com\/video\/150321876","is_external":"on","nofollow":""},"primary_color":"#ffffff","hover_primary_color":"#ffffff","hover_animation":"grow","size":{"unit":"px","size":71,"sizes":[]},"_animation":"zoomIn"},"elements":[],"isInner":false,"widgetType":"icon","elType":"widget"}],"isInner":false,"elType":"column"},{"id":"ebdb325","settings":{"_column_size":50,"_inline_size":null,"space_between_widgets":0,"background_background":"classic","background_image":{"id":"3869","url":"https:\/\/cliente.shazamlnv.com\/setasolar\/wp-content\/uploads\/2022\/04\/koushik-chowdavarapu-105425-unsplash.jpg"},"background_position":"center center","background_repeat":"no-repeat","background_size":"cover","margin":{"unit":"px","top":"0","right":"0","bottom":"0","left":"15","isLinked":false},"padding":{"unit":"px","top":"123","right":"0","bottom":"123","left":"0","isLinked":false},"margin_mobile":{"unit":"px","top":"30","right":"0","bottom":"0","left":"0","isLinked":false},"padding_tablet":{"unit":"px","top":"80","right":"0","bottom":"80","left":"0","isLinked":false},"padding_mobile":{"unit":"px","top":"50","right":"0","bottom":"50","left":"0","isLinked":false},"animation_delay":500},"elements":[{"id":"6c402485","settings":{"icon":"fa fa-youtube-play","link":{"url":"https:\/\/player.vimeo.com\/video\/150321876","is_external":"on","nofollow":""},"primary_color":"#ffffff","hover_primary_color":"#ffffff","hover_animation":"grow","size":{"unit":"px","size":71,"sizes":[]},"_animation":"zoomIn"},"elements":[],"isInner":false,"widgetType":"icon","elType":"widget"}],"isInner":false,"elType":"column"}],"isInner":false,"elType":"section"},{"id":"48aef138","settings":{"content_width":{"unit":"px","size":1170,"sizes":[]},"margin":{"unit":"px","top":"0","right":0,"bottom":"0","left":0,"isLinked":false},"padding":{"unit":"px","top":"30","right":"0","bottom":"60","left":"0","isLinked":false},"padding_tablet":{"unit":"px","top":"30","right":"15","bottom":"0","left":"15","isLinked":false},"padding_mobile":{"unit":"px","top":"30","right":"15","bottom":"0","left":"15","isLinked":false},"background_background":"classic","background_color":"#ffffff"},"elements":[{"id":"5c2209ef","settings":{"_column_size":100,"space_between_widgets":0,"background_background":"classic","background_image":{"id":"3870","url":"https:\/\/cliente.shazamlnv.com\/setasolar\/wp-content\/uploads\/2022\/04\/mischa-bachmann-524008-unsplash.jpg"},"background_position":"center center","background_repeat":"no-repeat","background_size":"cover","margin":{"unit":"px","top":"0","right":"0","bottom":"0","left":"0","isLinked":false},"padding":{"unit":"px","top":"213","right":"0","bottom":"213","left":"0","isLinked":false},"margin_mobile":{"unit":"px","top":"0","right":"0","bottom":"0","left":"0","isLinked":false},"padding_tablet":{"unit":"px","top":"100","right":"0","bottom":"100","left":"0","isLinked":false},"padding_mobile":{"unit":"px","top":"50","right":"0","bottom":"50","left":"0","isLinked":false},"animation":"fadeIn","animation_delay":600,"background_overlay_background":"gradient","background_overlay_color":"#a5ff00","background_overlay_color_b":"#272b06","background_overlay_opacity":{"unit":"px","size":0.2099999999999999922284388276239042170345783233642578125,"sizes":[]},"overlay_blend_mode":"multiply"},"elements":[{"id":"7f82c75c","settings":{"icon":"fa fa-youtube-play","link":{"url":"https:\/\/player.vimeo.com\/video\/150321876","is_external":"on","nofollow":""},"primary_color":"#ffffff","hover_primary_color":"#ffffff","hover_animation":"grow","size":{"unit":"px","size":71,"sizes":[]},"_animation":"zoomIn"},"elements":[],"isInner":false,"widgetType":"icon","elType":"widget"}],"isInner":false,"elType":"column"}],"isInner":false,"elType":"section"},{"id":"126a94b4","settings":{"content_width":{"unit":"px","size":1170,"sizes":[]},"structure":"20","margin":{"unit":"px","top":"0","right":0,"bottom":"0","left":0,"isLinked":false},"padding":{"unit":"px","top":"60","right":"0","bottom":"60","left":"0","isLinked":false},"padding_tablet":{"unit":"px","top":"60","right":"30","bottom":"60","left":"30","isLinked":false},"padding_mobile":{"unit":"px","top":"42","right":"15","bottom":"45","left":"15","isLinked":false},"background_background":"classic","background_color":"#ffffff"},"elements":[{"id":"7717a6eb","settings":{"_column_size":50,"_inline_size":30,"space_between_widgets":0,"margin":{"unit":"px","top":"0","right":"0","bottom":"0","left":"0","isLinked":false},"padding":{"unit":"em","top":"","right":"","bottom":"","left":"","isLinked":false},"margin_tablet":{"unit":"px","top":"0","right":"30","bottom":"0","left":"0","isLinked":false},"margin_mobile":{"unit":"px","top":"0","right":"0","bottom":"0","left":"0","isLinked":false},"padding_tablet":{"unit":"px","top":"0","right":"0","bottom":"0","left":"0","isLinked":false},"padding_mobile":{"unit":"px","top":"0","right":"0","bottom":"0","left":"0","isLinked":false},"animation":"fadeInUp","animation_delay":300,"_inline_size_tablet":40},"elements":[{"id":"2d344094","settings":{"title":"your guide","title_color":"#000000","typography_typography":"custom","typography_font_family":"Tajawal","typography_font_size":{"unit":"em","size":3.399999999999999911182158029987476766109466552734375,"sizes":[]},"typography_font_size_tablet":{"unit":"em","size":2.600000000000000088817841970012523233890533447265625,"sizes":[]},"typography_font_size_mobile":{"unit":"em","size":2.29999999999999982236431605997495353221893310546875,"sizes":[]},"typography_font_weight":"600","typography_line_height":{"unit":"em","size":0.90000000000000002220446049250313080847263336181640625,"sizes":[]},"typography_line_height_tablet":{"unit":"em","size":0.90000000000000002220446049250313080847263336181640625,"sizes":[]},"typography_letter_spacing":{"unit":"px","size":-1.1999999999999999555910790149937383830547332763671875,"sizes":[]},"_margin":{"unit":"px","top":"0","right":"0","bottom":"0","left":"0","isLinked":false},"_padding":{"unit":"px","top":"18","right":"0","bottom":"0","left":"0","isLinked":false},"_animation":"fadeInUp","_animation_delay":500,"align":"left","_padding_tablet":{"unit":"px","top":"26","right":"0","bottom":"0","left":"0","isLinked":false},"_margin_tablet":{"unit":"px","top":"0","right":"0","bottom":"0","left":"0","isLinked":false},"align_mobile":"center","typography_text_transform":"lowercase","_margin_mobile":{"unit":"px","top":"0","right":"0","bottom":"0","left":"0","isLinked":false},"_padding_mobile":{"unit":"px","top":"23","right":"0","bottom":"0","left":"0","isLinked":false}},"elements":[],"isInner":false,"widgetType":"heading","elType":"widget"},{"id":"61d41c96","settings":{"image":{"id":"3871","url":"https:\/\/cliente.shazamlnv.com\/setasolar\/wp-content\/uploads\/2022\/04\/jakob-owens-565883-unsplash.jpg"},"width":{"unit":"%","size":81,"sizes":[]},"_padding":{"unit":"em","top":"2","right":"0","bottom":"0","left":"0","isLinked":false},"width_tablet":{"unit":"%","size":100,"sizes":[]}},"elements":[],"isInner":false,"widgetType":"image","elType":"widget"}],"isInner":false,"elType":"column"},{"id":"6394e58b","settings":{"_column_size":50,"_inline_size":70,"space_between_widgets":0,"margin":{"unit":"px","top":"0","right":"0","bottom":"0","left":"49","isLinked":false},"padding":{"unit":"em","top":"1","right":"0","bottom":"0","left":"0","isLinked":false},"margin_tablet":{"unit":"px","top":"0","right":"0","bottom":"0","left":"15","isLinked":false},"margin_mobile":{"unit":"px","top":"23","right":"0","bottom":"0","left":"0","isLinked":false},"padding_mobile":{"unit":"em","top":"1","right":"1","bottom":"1","left":"1","isLinked":true},"animation_duration":"slow","_inline_size_tablet":60},"elements":[{"id":"6eb7f580","settings":{"text":"about me","align":"left","typography_typography":"custom","typography_font_family":"Tajawal","typography_text_transform":"lowercase","typography_letter_spacing":{"unit":"px","size":1,"sizes":[]},"button_text_color":"#ffffff","background_color":"rgba(17,12,35,0.98)","button_background_hover_color":"#23a455","border_radius":{"unit":"px","top":"2","right":"2","bottom":"2","left":"2","isLinked":true},"text_padding":{"unit":"em","top":"1","right":"3","bottom":"1","left":"3","isLinked":false},"size":"md","button_hover_border_color":"#6ec1e4","border_border":"solid","border_width":{"unit":"px","top":"2","right":"2","bottom":"2","left":"2","isLinked":true},"border_color":"#000000","align_mobile":"justify"},"elements":[],"isInner":false,"widgetType":"button","elType":"widget"},{"id":"3651de6e","settings":{"editor":"<p>Lorem ipsum dolor sit amet, consectetur adipisicing elit, sed do eiusmod tempor incididunt ut labore et dolore magna aliqua. Ut enim ad minim veniam.<\/p>","align":"left","align_mobile":"center","text_color":"#0b0716","typography_typography":"custom","typography_font_family":"Tajawal","typography_font_size":{"unit":"em","size":2,"sizes":[]},"typography_font_weight":"300","typography_line_height":{"unit":"em","size":1.399999999999999911182158029987476766109466552734375,"sizes":[]},"typography_line_height_tablet":{"unit":"em","size":1.1999999999999999555910790149937383830547332763671875,"sizes":[]},"typography_letter_spacing":{"unit":"px","size":-1.1999999999999999555910790149937383830547332763671875,"sizes":[]},"_margin":{"unit":"px","top":"0","right":"0","bottom":"0","left":"0","isLinked":false},"_padding":{"unit":"px","top":"18","right":"0","bottom":"0","left":"0","isLinked":false},"_padding_tablet":{"unit":"px","top":"26","right":"0","bottom":"0","left":"0","isLinked":false},"_padding_mobile":{"unit":"px","top":"23","right":"0","bottom":"0","left":"0","isLinked":false},"_animation":"fadeInUp","_animation_delay":500,"typography_font_size_tablet":{"unit":"em","size":1.8000000000000000444089209850062616169452667236328125,"sizes":[]},"typography_font_size_mobile":{"unit":"em","size":1.1999999999999999555910790149937383830547332763671875,"sizes":[]},"typography_text_transform":"lowercase","_margin_tablet":{"unit":"px","top":"0","right":"0","bottom":"0","left":"0","isLinked":false},"_margin_mobile":{"unit":"px","top":"0","right":"0","bottom":"0","left":"0","isLinked":false},"align_tablet":"left"},"elements":[],"isInner":false,"widgetType":"text-editor","elType":"widget"},{"id":"1adb437d","settings":{"title":"Consectetur Adipisicing Elit","title_color":"#122b41","typography_typography":"custom","typography_font_family":"Tajawal","typography_font_size":{"unit":"em","size":1.25,"sizes":[]},"typography_font_weight":"700","typography_line_height":{"unit":"em","size":1.25,"sizes":[]},"typography_letter_spacing":{"unit":"px","size":0,"sizes":[]},"_margin":{"unit":"px","top":"0","right":"0","bottom":"0","left":"0","isLinked":false},"_padding":{"unit":"px","top":"31","right":"0","bottom":"0","left":"0","isLinked":false},"_padding_tablet":{"unit":"px","top":"20","right":"0","bottom":"0","left":"0","isLinked":false},"_animation":"fadeInUp","_animation_delay":600,"header_size":"h4","align_mobile":"center"},"elements":[],"isInner":false,"widgetType":"heading","elType":"widget"},{"id":"4e33eb","settings":{"icon_list":[{"text":"Lorem ipsum dolor sit amet, consectetur adipisicing elit","icon":"fa fa-check","_id":"64db2bf"},{"text":"Sed do eiusmod tempor incididunt ut labore et dolore magna aliqua","icon":"fa fa-times","_id":"0e7609e"},{"text":"Duis aute irure dolor in reprehenderit in voluptate velit esse","icon":"fa fa-dot-circle-o","_id":"a38b779"}],"space_between":{"unit":"px","size":11,"sizes":[]},"icon_color":"#f29a57","icon_size":{"unit":"px","size":11,"sizes":[]},"text_color":"#000000","text_indent":{"unit":"px","size":18,"sizes":[]},"icon_typography_typography":"custom","icon_typography_font_family":"Tajawal","icon_typography_font_size":{"unit":"rem","size":1,"sizes":[]},"icon_typography_font_weight":"400","icon_typography_line_height":{"unit":"em","size":1.399999999999999911182158029987476766109466552734375,"sizes":[]},"_margin":{"unit":"px","top":"0","right":"0","bottom":"0","left":"0","isLinked":false},"_margin_tablet":{"unit":"px","top":"0","right":"0","bottom":"0","left":"0","isLinked":false},"_margin_mobile":{"unit":"px","top":"0","right":"0","bottom":"0","left":"0","isLinked":false},"_padding":{"unit":"em","top":"1","right":"1","bottom":"1","left":"1","isLinked":true},"_padding_tablet":{"unit":"px","top":"26","right":"0","bottom":"0","left":"0","isLinked":false},"_padding_mobile":{"unit":"px","top":"23","right":"0","bottom":"0","left":"0","isLinked":false},"_animation":"fadeInUp","_animation_delay":500,"icon_typography_font_size_tablet":{"unit":"px","size":13,"sizes":[]}},"elements":[],"isInner":false,"widgetType":"icon-list","elType":"widget"}],"isInner":false,"elType":"column"}],"isInner":false,"elType":"section"},{"id":"4ab3a6ee","settings":{"content_width":{"unit":"px","size":1170,"sizes":[]},"structure":"20","margin":{"unit":"px","top":"0","right":0,"bottom":"0","left":0,"isLinked":false},"padding":{"unit":"px","top":"60","right":"0","bottom":"126","left":"0","isLinked":false},"padding_tablet":{"unit":"px","top":"80","right":"15","bottom":"70","left":"15","isLinked":false},"padding_mobile":{"unit":"px","top":"42","right":"15","bottom":"45","left":"15","isLinked":false},"background_background":"classic","background_color":"#ffffff"},"elements":[{"id":"7ea3c77a","settings":{"_column_size":50,"_inline_size":52.56400000000000005684341886080801486968994140625,"space_between_widgets":0,"margin":{"unit":"px","top":"0","right":"0","bottom":"0","left":"0","isLinked":false},"padding":{"unit":"px","top":"0","right":"0","bottom":"0","left":"0","isLinked":false},"margin_tablet":{"unit":"px","top":"0","right":"30","bottom":"0","left":"0","isLinked":false},"margin_mobile":{"unit":"px","top":"0","right":"0","bottom":"0","left":"0","isLinked":false},"padding_tablet":{"unit":"px","top":"0","right":"0","bottom":"0","left":"0","isLinked":false},"padding_mobile":{"unit":"px","top":"0","right":"0","bottom":"0","left":"0","isLinked":false},"animation_delay":300},"elements":[{"id":"22ff8147","settings":{"structure":"20","z_index":11,"margin_tablet":{"unit":"px","top":"0","right":0,"bottom":"0","left":0,"isLinked":false}},"elements":[{"id":"49da70fa","settings":{"_column_size":50,"_inline_size":21.300999999999998379962562466971576213836669921875,"_inline_size_mobile":30},"elements":[{"id":"30d83c40","settings":{"image":{"id":"3872","url":"https:\/\/cliente.shazamlnv.com\/setasolar\/wp-content\/uploads\/2022\/04\/church-cloud-cropland-831056.jpg"},"image_size":"thumbnail","align":"right","image_border_border":"solid","image_border_width":{"unit":"px","top":"4","right":"4","bottom":"4","left":"4","isLinked":true},"image_border_color":"#ffffff","image_border_radius":{"unit":"%","top":"100","right":"100","bottom":"100","left":"100","isLinked":true},"_margin":{"unit":"px","top":"0","right":"-20","bottom":"-40","left":"0","isLinked":false},"_z_index":12,"_animation":"fadeInUp"},"elements":[],"isInner":false,"widgetType":"image","elType":"widget"}],"isInner":true,"elType":"column"},{"id":"66958e60","settings":{"_column_size":50,"_inline_size":78.6929999999999978399500832892954349517822265625,"content_position":"bottom","_inline_size_mobile":60},"elements":[{"id":"1538cf69","settings":{"weight":{"unit":"px","size":2,"sizes":[]},"color":"#f24004","width":{"unit":"%","size":29,"sizes":[]},"gap":{"unit":"px","size":20,"sizes":[]},"_z_index":11,"_animation":"fadeInLeft","_animation_delay":200,"width_mobile":{"unit":"%","size":19,"sizes":[]},"text":"Divis\u00f3ria"},"elements":[],"isInner":false,"widgetType":"divider","elType":"widget"}],"isInner":true,"elType":"column"}],"isInner":true,"elType":"section"},{"id":"743efaa4","settings":{"image":{"id":"3873","url":"https:\/\/cliente.shazamlnv.com\/setasolar\/wp-content\/uploads\/2022\/04\/icelandmap.png"},"_margin":{"unit":"px","top":"-165","right":"0","bottom":"0","left":"0","isLinked":false},"opacity":{"unit":"px","size":0.40000000000000002220446049250313080847263336181640625,"sizes":[]},"css_filters_css_filter":"custom","css_filters_contrast":{"unit":"px","size":87,"sizes":[]},"css_filters_saturate":{"unit":"px","size":129,"sizes":[]},"css_filters_hue":{"unit":"px","size":205,"sizes":[]},"_margin_tablet":{"unit":"px","top":"-106","right":"0","bottom":"0","left":"0","isLinked":false},"_margin_mobile":{"unit":"%","top":"-32","right":"0","bottom":"0","left":"0","isLinked":false}},"elements":[],"isInner":false,"widgetType":"image","elType":"widget"}],"isInner":false,"elType":"column"},{"id":"64f58c15","settings":{"_column_size":50,"_inline_size":47.43599999999999994315658113919198513031005859375,"space_between_widgets":0,"margin":{"unit":"px","top":"0","right":"0","bottom":"0","left":"49","isLinked":false},"padding":{"unit":"em","top":"1","right":"0","bottom":"0","left":"0","isLinked":false},"margin_tablet":{"unit":"px","top":"0","right":"0","bottom":"0","left":"15","isLinked":false},"margin_mobile":{"unit":"px","top":"23","right":"0","bottom":"0","left":"0","isLinked":false},"padding_mobile":{"unit":"px","top":"0","right":"0","bottom":"0","left":"0","isLinked":false},"animation_duration":"slow"},"elements":[{"id":"2734d4f7","settings":{"editor":"Lorem ipsum dolor sit amet, consectetur adipisicing elit, sed do eiusmod tempor incididunt ut labore et dolore magna aliqua. Ut enim ad minim veniam.","align":"left","align_mobile":"center","text_color":"#0b0716","typography_typography":"custom","typography_font_family":"Tajawal","typography_font_size":{"unit":"em","size":2,"sizes":[]},"typography_font_weight":"300","typography_line_height":{"unit":"em","size":1.399999999999999911182158029987476766109466552734375,"sizes":[]},"typography_line_height_tablet":{"unit":"em","size":1.1999999999999999555910790149937383830547332763671875,"sizes":[]},"typography_letter_spacing":{"unit":"px","size":-1.1999999999999999555910790149937383830547332763671875,"sizes":[]},"_margin":{"unit":"px","top":"0","right":"0","bottom":"0","left":"0","isLinked":false},"_padding":{"unit":"px","top":"18","right":"0","bottom":"0","left":"0","isLinked":false},"_padding_tablet":{"unit":"px","top":"0","right":"0","bottom":"0","left":"0","isLinked":false},"_padding_mobile":{"unit":"px","top":"23","right":"0","bottom":"0","left":"0","isLinked":false},"_animation":"fadeInUp","_animation_delay":500,"typography_font_size_tablet":{"unit":"em","size":1.8000000000000000444089209850062616169452667236328125,"sizes":[]},"typography_font_size_mobile":{"unit":"em","size":1.1999999999999999555910790149937383830547332763671875,"sizes":[]},"typography_text_transform":"lowercase","_margin_tablet":{"unit":"px","top":"0","right":"0","bottom":"0","left":"0","isLinked":false},"_margin_mobile":{"unit":"px","top":"0","right":"0","bottom":"0","left":"0","isLinked":false},"align_tablet":"left"},"elements":[],"isInner":false,"widgetType":"text-editor","elType":"widget"},{"id":"93a5e0d","settings":{"editor":"<p>Ut enim ad minim veniam, quis nostrud exercitation ullamco laboris nisi ut aliquip ex ea commodo consequat. Duis aute irure dolor in reprehenderit in voluptate velit esse cillum dolore eu fugiat nulla pariatur. Excepteur sint occaecat cupidatat non proident, sunt in culpa qui officia deserunt mollit anim id est laborum.<\/p>","align":"left","align_mobile":"center","text_color":"#282525","typography_typography":"custom","typography_font_family":"Tajawal","typography_font_size":{"unit":"em","size":1.100000000000000088817841970012523233890533447265625,"sizes":[]},"typography_font_size_tablet":{"unit":"em","size":1,"sizes":[]},"typography_font_size_mobile":{"unit":"em","size":0.90000000000000002220446049250313080847263336181640625,"sizes":[]},"typography_font_weight":"300","typography_line_height":{"unit":"em","size":1.399999999999999911182158029987476766109466552734375,"sizes":[]},"typography_line_height_tablet":{"unit":"em","size":1.399999999999999911182158029987476766109466552734375,"sizes":[]},"typography_letter_spacing":{"unit":"px","size":-0.40000000000000002220446049250313080847263336181640625,"sizes":[]},"_margin":{"unit":"px","top":"0","right":"0","bottom":"0","left":"0","isLinked":false},"_margin_tablet":{"unit":"px","top":"0","right":"0","bottom":"0","left":"0","isLinked":false},"_margin_mobile":{"unit":"px","top":"0","right":"0","bottom":"0","left":"0","isLinked":false},"_padding":{"unit":"px","top":"18","right":"0","bottom":"0","left":"0","isLinked":false},"_padding_tablet":{"unit":"px","top":"26","right":"0","bottom":"0","left":"0","isLinked":false},"_padding_mobile":{"unit":"px","top":"23","right":"0","bottom":"0","left":"0","isLinked":false},"_animation":"fadeInUp","_animation_delay":500,"align_tablet":"left","typography_line_height_mobile":{"unit":"em","size":1.399999999999999911182158029987476766109466552734375,"sizes":[]}},"elements":[],"isInner":false,"widgetType":"text-editor","elType":"widget"}],"isInner":false,"elType":"column"}],"isInner":false,"elType":"section"},{"id":"45c57b86","settings":{"content_width":{"unit":"px","size":1170,"sizes":[]},"background_background":"classic","background_image":{"id":"3874","url":"https:\/\/cliente.shazamlnv.com\/setasolar\/wp-content\/uploads\/2022\/04\/marc-marchal-322609-unsplash.jpg"},"background_position":"center center","background_repeat":"no-repeat","background_size":"cover","background_motion_fx_translateY_effect":"yes","background_motion_fx_translateY_direction":"negative","background_overlay_background":"classic","background_overlay_color":"#000000","background_overlay_opacity":{"unit":"px","size":0.299999999999999988897769753748434595763683319091796875,"sizes":[]},"margin":{"unit":"px","top":"0","right":0,"bottom":"0","left":0,"isLinked":false},"padding":{"unit":"px","top":"303","right":"0","bottom":"310","left":"0","isLinked":false},"padding_tablet":{"unit":"em","top":"4","right":"4","bottom":"4","left":"4","isLinked":true},"padding_mobile":{"unit":"px","top":"50","right":"15","bottom":"50","left":"15","isLinked":false},"animation":"fadeIn","animation_delay":300},"elements":[{"id":"275f108c","settings":{"_column_size":100,"space_between_widgets":0,"margin":{"unit":"px","top":"0","right":"0","bottom":"0","left":"0","isLinked":false},"padding":{"unit":"px","top":"0","right":"0","bottom":"0","left":"0","isLinked":false}},"elements":[{"id":"68c57e1a","settings":{"content_width":{"unit":"px","size":800,"sizes":[]},"margin":{"unit":"px","top":"0","right":0,"bottom":"0","left":0,"isLinked":false},"padding":{"unit":"px","top":"0","right":"0","bottom":"0","left":"0","isLinked":false}},"elements":[{"id":"7d2ef502","settings":{"_column_size":100,"_inline_size":null,"space_between_widgets":0,"margin":{"unit":"px","top":"0","right":"0","bottom":"0","left":"0","isLinked":false},"padding":{"unit":"px","top":"0","right":"0","bottom":"0","left":"0","isLinked":false}},"elements":[{"id":"1e77077b","settings":{"title":"Adventures","align":"center","align_mobile":"center","title_color":"#ffffff","typography_typography":"custom","typography_font_family":"Tajawal","typography_font_size":{"unit":"em","size":7.79999999999999982236431605997495353221893310546875,"sizes":[]},"typography_font_size_tablet":{"unit":"em","size":6,"sizes":[]},"typography_font_size_mobile":{"unit":"em","size":4.29999999999999982236431605997495353221893310546875,"sizes":[]},"typography_font_weight":"600","typography_line_height":{"unit":"em","size":0.8000000000000000444089209850062616169452667236328125,"sizes":[]},"typography_letter_spacing":{"unit":"px","size":-5,"sizes":[]},"_margin":{"unit":"px","top":"0","right":"0","bottom":"0","left":"0","isLinked":false},"_padding":{"unit":"px","top":"0","right":"0","bottom":"0","left":"0","isLinked":false},"_padding_mobile":{"unit":"px","top":"0","right":"0","bottom":"0","left":"0","isLinked":false},"_animation":"fadeInUp","_animation_delay":400,"_margin_mobile":{"unit":"px","top":"0","right":"0","bottom":"0","left":"0","isLinked":false},"typography_text_transform":"lowercase"},"elements":[],"isInner":false,"widgetType":"heading","elType":"widget"},{"id":"4b7496b8","settings":{"title":"await","align":"center","title_color":"#ffffff","typography_typography":"custom","typography_font_family":"Arizonia","typography_font_size":{"unit":"rem","size":6.4000000000000003552713678800500929355621337890625,"sizes":[]},"_margin":{"unit":"px","top":"-45","right":"0","bottom":"0","left":"0","isLinked":false},"_animation":"fadeIn","typography_font_size_tablet":{"unit":"px","size":71,"sizes":[]},"typography_line_height_tablet":{"unit":"em","size":1.600000000000000088817841970012523233890533447265625,"sizes":[]}},"elements":[],"isInner":false,"widgetType":"heading","elType":"widget"},{"id":"1acc7aa9","settings":{"editor":"<p>Every way to make your trip memorable.<\/p>","align":"center","text_color":"#ffffff","typography_typography":"custom","typography_font_family":"Tajawal","typography_font_size":{"unit":"em","size":2,"sizes":[]},"typography_font_weight":"300","typography_line_height":{"unit":"em","size":1.399999999999999911182158029987476766109466552734375,"sizes":[]},"typography_line_height_tablet":{"unit":"em","size":1.1999999999999999555910790149937383830547332763671875,"sizes":[]},"typography_letter_spacing":{"unit":"px","size":-1.1999999999999999555910790149937383830547332763671875,"sizes":[]},"_margin":{"unit":"px","top":"0","right":"0","bottom":"0","left":"0","isLinked":false},"_padding":{"unit":"px","top":"18","right":"0","bottom":"0","left":"0","isLinked":false},"_padding_tablet":{"unit":"px","top":"0","right":"0","bottom":"0","left":"0","isLinked":false},"_padding_mobile":{"unit":"px","top":"23","right":"0","bottom":"0","left":"0","isLinked":false},"_animation":"fadeInUp","_animation_delay":500,"align_mobile":"center","typography_font_size_tablet":{"unit":"em","size":1.8000000000000000444089209850062616169452667236328125,"sizes":[]},"typography_font_size_mobile":{"unit":"em","size":1.3000000000000000444089209850062616169452667236328125,"sizes":[]},"_margin_tablet":{"unit":"px","top":"0","right":"0","bottom":"0","left":"0","isLinked":false},"_margin_mobile":{"unit":"px","top":"0","right":"0","bottom":"0","left":"0","isLinked":false},"typography_text_transform":"lowercase","text_columns":"1"},"elements":[],"isInner":false,"widgetType":"text-editor","elType":"widget"},{"id":"1022b553","settings":{"text":"book now","align":"center","typography_typography":"custom","typography_font_family":"Tajawal","typography_font_size":{"unit":"rem","size":"","sizes":[]},"typography_text_transform":"lowercase","typography_letter_spacing":{"unit":"px","size":1,"sizes":[]},"button_text_color":"#ffffff","background_color":"rgba(17,12,35,0.98)","button_background_hover_color":"#23a455","border_radius":{"unit":"px","top":"2","right":"2","bottom":"2","left":"2","isLinked":true},"text_padding":{"unit":"em","top":"1","right":"3","bottom":"1","left":"3","isLinked":false},"size":"md","button_hover_border_color":"#6ec1e4","border_border":"solid","border_width":{"unit":"px","top":"2","right":"2","bottom":"2","left":"2","isLinked":true},"border_color":"#000000"},"elements":[],"isInner":false,"widgetType":"button","elType":"widget"}],"isInner":true,"elType":"column"}],"isInner":true,"elType":"section"}],"isInner":false,"elType":"column"}],"isInner":false,"elType":"section"}],"page_settings":[],"version":"0.4","title":"GUIA DE TURISMO LOCAL","type":"section"}