{"content":[{"id":"6a87cef2","settings":{"height":"full","custom_height":{"unit":"vh","size":90},"background_background":"classic","background_image":{"id":"3695","url":"https:\/\/cliente.shazamlnv.com\/setasolar\/wp-content\/uploads\/2022\/04\/lydia-torrey-563689-unsplash.jpg"},"background_position":"center center","background_attachment":"fixed","background_repeat":"no-repeat","background_size":"cover","background_overlay_background":"classic","background_overlay_color":"#000000","shape_divider_bottom":"tilt","shape_divider_bottom_height":{"unit":"px","size":30},"gap":"wider","shape_divider_bottom_negative":"yes","padding":{"unit":"px","top":"60","right":"20","bottom":"60","left":"20","isLinked":false},"content_width":{"unit":"px","size":1040},"shape_divider_bottom_flip":"yes","css_classes":"envato-background-fix","padding_tablet":{"unit":"px","top":"20","right":"20","bottom":"20","left":"20","isLinked":true}},"elements":[{"id":"4e8fefcb","settings":{"_column_size":100,"_inline_size":null,"animation":"fadeIn","animation_duration":"slow","padding":{"unit":"%","top":"0","right":"50","bottom":"0","left":"0","isLinked":false},"padding_mobile":{"unit":"%","top":"4","right":"4","bottom":"4","left":"4","isLinked":true}},"elements":[{"id":"6e34ac32","settings":{"title":"New patients receive 50% off their first exam.","title_color":"#ffffff","typography_typography":"custom","typography_font_family":"Nunito","typography_font_size":{"unit":"px","size":48},"typography_font_weight":"600","typography_line_height":{"unit":"em","size":1.1666000000000000813571432445314712822437286376953125},"_animation_delay":100,"typography_letter_spacing":{"unit":"px","size":0},"typography_font_size_mobile":{"unit":"px","size":34},"text_shadow_text_shadow_type":"yes","header_size":"h1"},"elements":[],"isInner":false,"widgetType":"heading","elType":"widget"},{"id":"529a8c1c","settings":{"title":"Cras viverra lobortis odio aliquet volutpat. Ut imperdiet iaculis nisl at placerat. Nulla facilisi. Pellentesque nec suscipit est duis dapibus.","title_color":"#ffffff","typography_typography":"custom","typography_font_size":{"unit":"px","size":20},"typography_font_weight":"300","typography_letter_spacing":{"unit":"px","size":0.1499999999999999944488848768742172978818416595458984375},"typography_line_height":{"unit":"em","size":1.399999999999999911182158029987476766109466552734375},"_animation_delay":200,"header_size":"h3","typography_font_size_mobile":{"unit":"px","size":16},"typography_line_height_mobile":{"unit":"em","size":1.5}},"elements":[],"isInner":false,"widgetType":"heading","elType":"widget"},{"id":"6a942883","settings":{"structure":"20"},"elements":[{"id":"71c27ebd","settings":{"_column_size":50,"_inline_size":50.19200000000000017053025658242404460906982421875,"_inline_size_tablet":100},"elements":[{"id":"731dd547","settings":{"text":"Emergency Services","size":"md","button_text_color":"#ffffff","background_color":"#f08080","hover_color":"#ffffff","button_background_hover_color":"rgba(255,255,255,0)","button_hover_border_color":"#ffffff","border_border":"solid","border_width":{"unit":"px","top":"2","right":"2","bottom":"2","left":"2","isLinked":true},"border_color":"#f08080","border_radius":{"unit":"px","top":"30","right":"30","bottom":"30","left":"30","isLinked":true},"_animation_delay":300,"icon":"fa fa-life-ring","icon_indent":{"unit":"px","size":11},"hover_animation":"shrink","selected_icon":{"value":"far fa-life-ring","library":"fa-regular"}},"elements":[],"isInner":false,"widgetType":"button","elType":"widget"}],"isInner":true,"elType":"column"},{"id":"79ffe682","settings":{"_column_size":50,"_inline_size":49.80799999999999982946974341757595539093017578125,"_inline_size_tablet":100},"elements":[{"id":"b5f2456","settings":{"text":"About Us","size":"md","button_text_color":"#ffffff","background_color":"rgba(240,128,128,0)","hover_color":"#ffffff","button_background_hover_color":"rgba(255,255,255,0)","button_hover_border_color":"#ffffff","border_border":"solid","border_width":{"unit":"px","top":"2","right":"2","bottom":"2","left":"2","isLinked":true},"border_color":"#ffffff","border_radius":{"unit":"px","top":"30","right":"30","bottom":"30","left":"30","isLinked":true},"_animation_delay":300,"icon":"fa fa-lightbulb-o","icon_indent":{"unit":"px","size":11},"hover_animation":"shrink","selected_icon":{"value":"far fa-lightbulb","library":"fa-regular"}},"elements":[],"isInner":false,"widgetType":"button","elType":"widget"}],"isInner":true,"elType":"column"}],"isInner":true,"elType":"section"}],"isInner":false,"elType":"column"}],"isInner":false,"elType":"section"},{"id":"2f2b73c9","settings":{"padding":{"unit":"px","top":"50","right":"0","bottom":"60","left":"0","isLinked":false},"background_image":{"id":"3696","url":"https:\/\/cliente.shazamlnv.com\/setasolar\/wp-content\/uploads\/2022\/04\/matt-jones-67226-unsplash.jpg"},"background_position":"center center","background_attachment":"fixed","background_repeat":"no-repeat","background_size":"cover","background_overlay_color":"#f5f5f5","background_overlay_opacity":{"unit":"px","size":0.979999999999999982236431605997495353221893310546875},"shape_divider_top":"wave-brush","content_width":{"unit":"px","size":1040},"gap":"no"},"elements":[{"id":"4a8300cd","settings":{"_column_size":100},"elements":[{"id":"15812fe1","settings":{"gap":"wide","text_align":"center","padding":{"unit":"%","top":"0","right":"0","bottom":"2","left":"0","isLinked":false},"padding_mobile":{"unit":"%","top":"4","right":"4","bottom":"4","left":"4","isLinked":true}},"elements":[{"id":"27858b5","settings":{"_column_size":100,"animation":"fadeIn","animation_duration":"slow","padding":{"unit":"%","top":"0","right":"20","bottom":"0","left":"20","isLinked":false}},"elements":[{"id":"7cb64ae2","settings":{"title":"Why choose us","typography_typography":"custom","typography_font_family":"Nunito","typography_font_size":{"unit":"px","size":34},"typography_font_weight":"700","title_color":"#305595","typography_letter_spacing":{"unit":"px","size":-0.5},"typography_line_height":{"unit":"em","size":1.1759999999999999342747969421907328069210052490234375},"_margin":{"unit":"px","top":"0","right":"0","bottom":"-12","left":"0","isLinked":false},"typography_text_transform":"capitalize","_animation":"fadeIn"},"elements":[],"isInner":false,"widgetType":"heading","elType":"widget"},{"id":"6fce9c32","settings":{"title":"Six reasons to choose our service","typography_typography":"custom","typography_font_size":{"unit":"px","size":16},"typography_font_weight":"300","title_color":"#5b7493","typography_letter_spacing":{"unit":"px","size":0.1499999999999999944488848768742172978818416595458984375},"typography_line_height":{"unit":"em","size":1.61699999999999999289457264239899814128875732421875},"_margin":{"unit":"px","top":"0","right":"0","bottom":"-12","left":"0","isLinked":false},"_padding":{"unit":"px","top":"0","right":"0","bottom":"0","left":"0","isLinked":false},"_border_width":{"unit":"px","top":"0","right":"0","bottom":"0","left":"4","isLinked":false},"_border_color":"#fff176","_animation":"zoomIn","animation_duration":"fast","_animation_delay":200},"elements":[],"isInner":false,"widgetType":"heading","elType":"widget"},{"id":"1b72ae12","settings":{"weight":{"unit":"px","size":4},"color":"#f08080","width":{"unit":"px","size":48},"gap":{"unit":"px","size":6},"_padding":{"unit":"px","top":"","right":"","bottom":"","left":"","isLinked":false},"_border_radius":{"unit":"%","top":"","right":"","bottom":"","left":"","isLinked":true},"align":"center","_margin":{"unit":"px","top":"0","right":"0","bottom":"0","left":"0","isLinked":true},"_animation":"bounceIn","_animation_delay":200,"text":"Divis\u00f3ria"},"elements":[],"isInner":false,"widgetType":"divider","elType":"widget"}],"isInner":true,"elType":"column"}],"isInner":true,"elType":"section"},{"id":"3d401325","settings":{"structure":"30","gap":"wider","padding":{"unit":"px","top":"10","right":"0","bottom":"0","left":"0","isLinked":false},"margin":{"unit":"px","top":"0","right":0,"bottom":"-10","left":0,"isLinked":false},"content_width":{"unit":"px","size":1040},"css_classes":"envato-top-0"},"elements":[{"id":"58de464f","settings":{"_column_size":33,"_inline_size":null,"animation":"bounceIn","animation_delay":100,"animation_duration":"slow"},"elements":[{"id":"6dadea47","settings":{"icon":"fa fa-user-md","title_text":"Experienced Surgeons","description_text":"Lorem ipsum dolor sit amet, consectetur adipiscing elit. Donec rhoncus feugiat laoreet.","position":"left","icon_space":{"unit":"px","size":28},"icon_size":{"unit":"px","size":40},"content_vertical_alignment":"middle","title_bottom_space":{"unit":"px","size":8},"title_typography_typography":"custom","title_typography_font_size":{"unit":"px","size":20},"title_typography_font_weight":"600","title_typography_line_height":{"unit":"em","size":1.399999999999999911182158029987476766109466552734375},"description_color":"#999999","description_typography_typography":"custom","description_typography_font_size":{"unit":"px","size":14},"description_typography_font_weight":"400","description_typography_line_height":{"unit":"em","size":1.600000000000000088817841970012523233890533447265625},"primary_color":"#f08080","title_color":"#333639","title_typography_font_family":"Nunito","title_typography_letter_spacing":{"unit":"px","size":0},"selected_icon":{"value":"fas fa-user-md","library":"fa-solid"}},"elements":[],"isInner":false,"widgetType":"icon-box","elType":"widget"}],"isInner":true,"elType":"column"},{"id":"27bf59ed","settings":{"_column_size":33,"_inline_size":null,"animation":"bounceIn","animation_delay":200,"animation_duration":"slow"},"elements":[{"id":"fa86e01","settings":{"icon":"fa fa-medkit","title_text":"Home Visit &amp; Checkup","description_text":"Lorem ipsum dolor sit amet, consectetur adipiscing elit. Donec rhoncus feugiat laoreet.","position":"left","icon_space":{"unit":"px","size":28},"icon_size":{"unit":"px","size":40},"content_vertical_alignment":"middle","title_bottom_space":{"unit":"px","size":8},"title_typography_typography":"custom","title_typography_font_size":{"unit":"px","size":20},"title_typography_font_weight":"600","title_typography_line_height":{"unit":"em","size":1.399999999999999911182158029987476766109466552734375},"description_color":"#999999","description_typography_typography":"custom","description_typography_font_size":{"unit":"px","size":14},"description_typography_font_weight":"400","description_typography_line_height":{"unit":"em","size":1.600000000000000088817841970012523233890533447265625},"primary_color":"#f08080","title_color":"#333639","title_typography_font_family":"Nunito","title_typography_letter_spacing":{"unit":"px","size":0},"selected_icon":{"value":"fas fa-medkit","library":"fa-solid"}},"elements":[],"isInner":false,"widgetType":"icon-box","elType":"widget"}],"isInner":true,"elType":"column"},{"id":"6b32894b","settings":{"_column_size":33,"_inline_size":null,"animation":"bounceIn","animation_delay":300,"animation_duration":"slow"},"elements":[{"id":"7fcb8866","settings":{"icon":"fa fa-paw","title_text":"Pet Sitting \/ Walking","description_text":"Lorem ipsum dolor sit amet, consectetur adipiscing elit. Donec rhoncus feugiat laoreet.","position":"left","icon_space":{"unit":"px","size":28},"icon_size":{"unit":"px","size":40},"content_vertical_alignment":"middle","title_bottom_space":{"unit":"px","size":8},"title_typography_typography":"custom","title_typography_font_size":{"unit":"px","size":20},"title_typography_font_weight":"600","title_typography_line_height":{"unit":"em","size":1.399999999999999911182158029987476766109466552734375},"description_color":"#999999","description_typography_typography":"custom","description_typography_font_size":{"unit":"px","size":14},"description_typography_font_weight":"400","description_typography_line_height":{"unit":"em","size":1.600000000000000088817841970012523233890533447265625},"primary_color":"#f08080","title_color":"#333639","title_typography_font_family":"Nunito","title_typography_letter_spacing":{"unit":"px","size":0},"selected_icon":{"value":"fas fa-paw","library":"fa-solid"}},"elements":[],"isInner":false,"widgetType":"icon-box","elType":"widget"}],"isInner":true,"elType":"column"}],"isInner":true,"elType":"section"},{"id":"7820e60b","settings":{"structure":"30","gap":"wider","content_width":{"unit":"px","size":1040},"css_classes":"envato-top-0"},"elements":[{"id":"8c8ee81","settings":{"_column_size":33,"_inline_size":null,"animation":"bounceIn","animation_delay":100,"animation_duration":"slow"},"elements":[{"id":"86b3856","settings":{"icon":"fa fa-ambulance","title_text":"Emergency Pickup","description_text":"Lorem ipsum dolor sit amet, consectetur adipiscing elit. Donec rhoncus feugiat laoreet.","position":"left","icon_space":{"unit":"px","size":28},"icon_size":{"unit":"px","size":40},"content_vertical_alignment":"middle","title_bottom_space":{"unit":"px","size":8},"title_typography_typography":"custom","title_typography_font_size":{"unit":"px","size":20},"title_typography_font_weight":"600","title_typography_line_height":{"unit":"em","size":1.399999999999999911182158029987476766109466552734375},"description_color":"#999999","description_typography_typography":"custom","description_typography_font_size":{"unit":"px","size":14},"description_typography_font_weight":"400","description_typography_line_height":{"unit":"em","size":1.600000000000000088817841970012523233890533447265625},"primary_color":"#f08080","title_color":"#333639","title_typography_font_family":"Nunito","title_typography_letter_spacing":{"unit":"px","size":0},"selected_icon":{"value":"fas fa-ambulance","library":"fa-solid"}},"elements":[],"isInner":false,"widgetType":"icon-box","elType":"widget"}],"isInner":true,"elType":"column"},{"id":"38ea9471","settings":{"_column_size":33,"_inline_size":null,"animation":"bounceIn","animation_delay":200,"animation_duration":"slow"},"elements":[{"id":"498cc30c","settings":{"icon":"fa fa-shower","title_text":"Pet Shower \/ Grooming","description_text":"Lorem ipsum dolor sit amet, consectetur adipiscing elit. Donec rhoncus feugiat laoreet.","position":"left","icon_space":{"unit":"px","size":28},"icon_size":{"unit":"px","size":40},"content_vertical_alignment":"middle","title_bottom_space":{"unit":"px","size":8},"title_typography_typography":"custom","title_typography_font_size":{"unit":"px","size":20},"title_typography_font_weight":"600","title_typography_line_height":{"unit":"em","size":1.399999999999999911182158029987476766109466552734375},"description_color":"#999999","description_typography_typography":"custom","description_typography_font_size":{"unit":"px","size":14},"description_typography_font_weight":"400","description_typography_line_height":{"unit":"em","size":1.600000000000000088817841970012523233890533447265625},"primary_color":"#f08080","title_color":"#333639","title_typography_font_family":"Nunito","title_typography_letter_spacing":{"unit":"px","size":0},"selected_icon":{"value":"fas fa-shower","library":"fa-solid"}},"elements":[],"isInner":false,"widgetType":"icon-box","elType":"widget"}],"isInner":true,"elType":"column"},{"id":"2cd7cf0c","settings":{"_column_size":33,"_inline_size":null,"animation":"bounceIn","animation_delay":300,"animation_duration":"slow"},"elements":[{"id":"5dfe9edf","settings":{"icon":"fa fa-futbol-o","title_text":"Pet Training","description_text":"Lorem ipsum dolor sit amet, consectetur adipiscing elit. Donec rhoncus feugiat laoreet.","position":"left","icon_space":{"unit":"px","size":28},"icon_size":{"unit":"px","size":40},"content_vertical_alignment":"middle","title_bottom_space":{"unit":"px","size":8},"title_typography_typography":"custom","title_typography_font_size":{"unit":"px","size":20},"title_typography_font_weight":"600","title_typography_line_height":{"unit":"em","size":1.399999999999999911182158029987476766109466552734375},"description_color":"#999999","description_typography_typography":"custom","description_typography_font_size":{"unit":"px","size":14},"description_typography_font_weight":"400","description_typography_line_height":{"unit":"em","size":1.600000000000000088817841970012523233890533447265625},"primary_color":"#f08080","title_color":"#333639","title_typography_font_family":"Nunito","title_typography_letter_spacing":{"unit":"px","size":0},"selected_icon":{"value":"far fa-futbol","library":"fa-regular"}},"elements":[],"isInner":false,"widgetType":"icon-box","elType":"widget"}],"isInner":true,"elType":"column"}],"isInner":true,"elType":"section"}],"isInner":false,"elType":"column"}],"isInner":false,"elType":"section"},{"id":"61c21e03","settings":{"padding":{"unit":"px","top":"120","right":"0","bottom":"110","left":"0","isLinked":false},"gap":"wider","structure":"20","background_background":"classic","background_image":{"id":"3697","url":"https:\/\/cliente.shazamlnv.com\/setasolar\/wp-content\/uploads\/2022\/04\/bruno-nascimento-428517-unsplash.jpg"},"background_position":"center center","background_attachment":"fixed","background_repeat":"no-repeat","background_size":"cover","background_overlay_background":"classic","background_overlay_color":"#f5f7fa","background_overlay_opacity":{"unit":"px","size":0.90000000000000002220446049250313080847263336181640625},"shape_divider_top":"tilt","shape_divider_top_height":{"unit":"px","size":30},"shape_divider_bottom":"tilt","shape_divider_bottom_height":{"unit":"px","size":30},"shape_divider_bottom_negative":"yes","content_width":{"unit":"px","size":1040},"shape_divider_top_flip":"yes","shape_divider_bottom_flip":"yes","css_classes":"envato-background-fix"},"elements":[{"id":"3c7ec6e6","settings":{"_column_size":50,"_inline_size":null,"content_position":"center","animation":"fadeIn","animation_delay":100,"animation_duration":"slow"},"elements":[{"id":"3cb74b6b","settings":{"title":"Not just any Pet Center.","typography_typography":"custom","typography_font_size":{"unit":"px","size":16},"typography_font_weight":"300","title_color":"#5b7493","typography_letter_spacing":{"unit":"px","size":0.1499999999999999944488848768742172978818416595458984375},"typography_line_height":{"unit":"em","size":1.61699999999999999289457264239899814128875732421875},"_margin":{"unit":"px","top":"0","right":"0","bottom":"-12","left":"0","isLinked":false},"_padding":{"unit":"px","top":"0","right":"0","bottom":"0","left":"0","isLinked":false},"_border_width":{"unit":"px","top":"0","right":"0","bottom":"0","left":"4","isLinked":false},"_border_color":"#fff176","_animation":"zoomIn","animation_duration":"fast","_animation_delay":200},"elements":[],"isInner":false,"widgetType":"heading","elType":"widget"},{"id":"5f5b7125","settings":{"title":"A Home, away from Home.","typography_typography":"custom","typography_font_family":"Nunito","typography_font_size":{"unit":"px","size":34},"typography_font_weight":"700","title_color":"#305595","typography_letter_spacing":{"unit":"px","size":-0.5},"typography_line_height":{"unit":"em","size":1.1759999999999999342747969421907328069210052490234375},"_margin":{"unit":"px","top":"0","right":"0","bottom":"-12","left":"0","isLinked":false},"typography_text_transform":"capitalize","_animation":"fadeIn"},"elements":[],"isInner":false,"widgetType":"heading","elType":"widget"},{"id":"6f468d57","settings":{"editor":"<p>Aliquam condimentum odio imperdiet ex porttitor volutpat. In vel blandit dui, et volutpat quam. Vivamus euismod nisi tortor, eu scelerisque quam posuere acam lectus libero.<\/p>","typography_typography":"custom","typography_font_size":{"unit":"px","size":16},"typography_font_weight":"500","typography_line_height":{"unit":"em","size":1.5}},"elements":[],"isInner":false,"widgetType":"text-editor","elType":"widget"},{"id":"1176730a","settings":{"editor":"<p>Duis blandit, dui id tempor tempor, justo tellus dictum sapien, ut viverra justo enim in nulla. Morbi volutpat dignissim dui, non ultrices urna fermentum ac. Pellentesque euismod erat ac nulla sodales.<\/p>","typography_typography":"custom","typography_font_size":{"unit":"px","size":14},"typography_font_weight":"400","typography_line_height":{"unit":"em","size":1.7199999999999999733546474089962430298328399658203125}},"elements":[],"isInner":false,"widgetType":"text-editor","elType":"widget"},{"id":"73933546","settings":{"text":"Learn more &raquo;","background_color":"rgba(240,128,128,0)","hover_color":"#f08080","button_background_hover_color":"rgba(255,255,255,0)","button_hover_border_color":"#f08080","border_border":"solid","border_width":{"unit":"px","top":"2","right":"2","bottom":"2","left":"2","isLinked":true},"border_color":"#f08080","border_radius":{"unit":"px","top":"30","right":"30","bottom":"30","left":"30","isLinked":true},"typography_font_size":{"unit":"px","size":14},"typography_text_transform":"uppercase","typography_line_height":{"unit":"em","size":1.1999999999999999555910790149937383830547332763671875},"typography_letter_spacing":{"unit":"px","size":1},"button_text_color":"#305595"},"elements":[],"isInner":false,"widgetType":"button","elType":"widget"}],"isInner":false,"elType":"column"},{"id":"4bf36f19","settings":{"_column_size":50,"_inline_size":null,"content_position":"center"},"elements":[{"id":"2d6dfce1","settings":{"structure":"20","gap":"no"},"elements":[{"id":"2f05e52d","settings":{"_column_size":50,"_inline_size":null,"animation":"fadeIn","animation_delay":100,"animation_duration":"slow"},"elements":[{"id":"125d5678","settings":{"image":{"id":"3697","url":"https:\/\/cliente.shazamlnv.com\/setasolar\/wp-content\/uploads\/2022\/04\/bruno-nascimento-428517-unsplash.jpg"},"image_size":"custom","image_custom_dimension":{"width":"400","height":"618"},"image_border_radius":{"unit":"%","top":"","right":"","bottom":"","left":"","isLinked":true},"_margin":{"unit":"px","top":"0","right":"4","bottom":"0","left":"0","isLinked":false},"_margin_mobile":{"unit":"px","top":"0","right":"0","bottom":"4","left":"0","isLinked":false}},"elements":[],"isInner":false,"widgetType":"image","elType":"widget"}],"isInner":true,"elType":"column"},{"id":"95a5bc0","settings":{"_column_size":50,"_inline_size":null,"space_between_widgets":4},"elements":[{"id":"7d02fe71","settings":{"image":{"id":"3698","url":"https:\/\/cliente.shazamlnv.com\/setasolar\/wp-content\/uploads\/2022\/04\/isabela-kronemberger-56907-unsplash.jpg"},"image_size":"custom","image_custom_dimension":{"width":"400","height":"300"},"image_border_radius":{"unit":"%","top":"","right":"","bottom":"","left":"","isLinked":true},"_animation":"fadeIn","_animation_delay":200,"animation_duration":"slow"},"elements":[],"isInner":false,"widgetType":"image","elType":"widget"},{"id":"41768337","settings":{"image":{"id":"3699","url":"https:\/\/cliente.shazamlnv.com\/setasolar\/wp-content\/uploads\/2022\/04\/hans-veth-402055-unsplash.jpg"},"image_size":"custom","image_custom_dimension":{"width":"400","height":"300"},"image_border_radius":{"unit":"%","top":"","right":"","bottom":"","left":"","isLinked":true},"_animation":"fadeIn","_animation_delay":300,"animation_duration":"slow"},"elements":[],"isInner":false,"widgetType":"image","elType":"widget"}],"isInner":true,"elType":"column"}],"isInner":true,"elType":"section"}],"isInner":false,"elType":"column"}],"isInner":false,"elType":"section"},{"id":"1f438c20","settings":{"padding":{"unit":"px","top":"60","right":"0","bottom":"80","left":"0","isLinked":false},"gap":"wider","structure":"20","content_width":{"unit":"px","size":1040}},"elements":[{"id":"379b8898","settings":{"_column_size":50,"_inline_size":null,"content_position":"center"},"elements":[{"id":"f1b1fcd","settings":{"image":{"id":"3700","url":"https:\/\/cliente.shazamlnv.com\/setasolar\/wp-content\/uploads\/2022\/04\/vet-cat-cc0.jpg"}},"elements":[],"isInner":false,"widgetType":"image","elType":"widget"}],"isInner":false,"elType":"column"},{"id":"56323bd2","settings":{"_column_size":50,"_inline_size":null,"content_position":"center","animation":"fadeIn","animation_delay":300,"animation_duration":"slow"},"elements":[{"id":"42abed60","settings":{"title":"Only the best","typography_typography":"custom","typography_font_size":{"unit":"px","size":16},"typography_font_weight":"300","title_color":"#5b7493","typography_letter_spacing":{"unit":"px","size":0.1499999999999999944488848768742172978818416595458984375},"typography_line_height":{"unit":"em","size":1.61699999999999999289457264239899814128875732421875},"_margin":{"unit":"px","top":"0","right":"0","bottom":"-12","left":"0","isLinked":false},"_padding":{"unit":"px","top":"0","right":"0","bottom":"0","left":"0","isLinked":false},"_border_width":{"unit":"px","top":"0","right":"0","bottom":"0","left":"4","isLinked":false},"_border_color":"#fff176","_animation":"fadeInUp","animation_duration":"fast","_animation_delay":200},"elements":[],"isInner":false,"widgetType":"heading","elType":"widget"},{"id":"26f72295","settings":{"title":"Modern Care","typography_typography":"custom","typography_font_family":"Nunito","typography_font_size":{"unit":"px","size":34},"typography_font_weight":"700","title_color":"#305595","typography_letter_spacing":{"unit":"px","size":-0.5},"typography_line_height":{"unit":"em","size":1.1759999999999999342747969421907328069210052490234375},"_margin":{"unit":"px","top":"0","right":"0","bottom":"-12","left":"0","isLinked":false},"typography_text_transform":"capitalize","_animation":"fadeIn"},"elements":[],"isInner":false,"widgetType":"heading","elType":"widget"},{"id":"169097d9","settings":{"editor":"<p>Aliquam condimentum odio imperdiet ex porttitor volutpat. In vel blandit dui, et volutpat quam. Vivamus euismod nisi tortor, eu scelerisque quam posuere acam lectus libero.<\/p>","typography_typography":"custom","typography_font_size":{"unit":"px","size":16},"typography_font_weight":"500","typography_line_height":{"unit":"em","size":1.5}},"elements":[],"isInner":false,"widgetType":"text-editor","elType":"widget"},{"id":"1092cab6","settings":{"editor":"<p>Duis blandit, dui id tempor tempor, justo tellus dictum sapien, ut viverra justo enim in nulla. Morbi volutpat dignissim dui, non ultrices urna fermentum ac. Pellentesque euismod erat ac nulla sodales.<\/p>","typography_typography":"custom","typography_font_size":{"unit":"px","size":14},"typography_font_weight":"400","typography_line_height":{"unit":"em","size":1.7199999999999999733546474089962430298328399658203125}},"elements":[],"isInner":false,"widgetType":"text-editor","elType":"widget"},{"id":"4ca7cc74","settings":{"text":"Learn more &raquo;","background_color":"rgba(240,128,128,0)","hover_color":"#f08080","button_background_hover_color":"rgba(255,255,255,0)","button_hover_border_color":"#f08080","border_border":"solid","border_width":{"unit":"px","top":"2","right":"2","bottom":"2","left":"2","isLinked":true},"border_color":"#f08080","border_radius":{"unit":"px","top":"30","right":"30","bottom":"30","left":"30","isLinked":true},"typography_font_size":{"unit":"px","size":14},"typography_text_transform":"uppercase","typography_line_height":{"unit":"em","size":1.1999999999999999555910790149937383830547332763671875},"typography_letter_spacing":{"unit":"px","size":1},"button_text_color":"#305595"},"elements":[],"isInner":false,"widgetType":"button","elType":"widget"}],"isInner":false,"elType":"column"}],"isInner":false,"elType":"section"},{"id":"350ca4b0","settings":{"padding":{"unit":"%","top":"4","right":"0","bottom":"2","left":"0","isLinked":false},"background_position":"center center","background_attachment":"fixed","background_repeat":"no-repeat","background_size":"cover","background_overlay_color":"#f5f7f9","background_overlay_opacity":{"unit":"px","size":0.90000000000000002220446049250313080847263336181640625},"shape_divider_top":"tilt","background_background":"classic","shape_divider_top_height":{"unit":"px","size":30},"shape_divider_top_flip":"yes","background_image":{"id":"3701","url":"https:\/\/cliente.shazamlnv.com\/setasolar\/wp-content\/uploads\/2022\/04\/jay-wennington-364037-unsplash.jpg"},"background_overlay_background":"classic","css_classes":"envato-background-fix","background_color":"#ffffff"},"elements":[{"id":"37c7b123","settings":{"_column_size":100,"animation":"fadeIn","animation_duration":"slow","padding":{"unit":"%","top":"0","right":"0","bottom":"0","left":"0","isLinked":false},"padding_mobile":{"unit":"%","top":"4","right":"4","bottom":"4","left":"4","isLinked":true}},"elements":[{"id":"1e813212","settings":{"title":"Don't just take our word for it. See what our customers are saying.","align":"center","title_color":"#5b7493","typography_typography":"custom","typography_font_size":{"unit":"px","size":16},"typography_font_weight":"300","typography_line_height":{"unit":"em","size":1.61699999999999999289457264239899814128875732421875},"typography_letter_spacing":{"unit":"px","size":0.1499999999999999944488848768742172978818416595458984375},"_margin":{"unit":"px","top":"0","right":"0","bottom":"-12","left":"0","isLinked":false},"_animation":"fadeInUp","_animation_delay":200,"_padding":{"unit":"px","top":"0","right":"0","bottom":"0","left":"0","isLinked":false},"animation_duration":"fast","_border_width":{"unit":"px","top":"0","right":"0","bottom":"0","left":"4","isLinked":false},"_border_color":"#fff176","hide_mobile":"hidden-phone"},"elements":[],"isInner":false,"widgetType":"heading","elType":"widget"},{"id":"54540871","settings":{"title":"trusted by Thousands of <br>Animals &amp; Humans","title_color":"#305595","typography_typography":"custom","typography_font_family":"Nunito","typography_font_size":{"unit":"px","size":34},"typography_font_weight":"700","typography_line_height":{"unit":"em","size":1.1759999999999999342747969421907328069210052490234375},"_animation":"fadeIn","align":"center","_margin":{"unit":"px","top":"0","right":"0","bottom":"-12","left":"0","isLinked":false},"typography_text_transform":"capitalize","typography_letter_spacing":{"unit":"px","size":-0.5}},"elements":[],"isInner":false,"widgetType":"heading","elType":"widget"},{"id":"213fbd11","settings":{"weight":{"unit":"px","size":4},"color":"#f08080","width":{"unit":"px","size":48},"gap":{"unit":"px","size":6},"_padding":{"unit":"px","top":"","right":"","bottom":"","left":"","isLinked":false},"_border_radius":{"unit":"%","top":"","right":"","bottom":"","left":"","isLinked":true},"align":"center","_margin":{"unit":"px","top":"0","right":"0","bottom":"0","left":"0","isLinked":true},"_animation":"fadeIn","_animation_delay":200,"text":"Divis\u00f3ria"},"elements":[],"isInner":false,"widgetType":"divider","elType":"widget"}],"isInner":false,"elType":"column"}],"isInner":false,"elType":"section"},{"id":"3fc8f428","settings":{"structure":"40","background_background":"classic","content_width":{"unit":"px","size":1040},"padding":{"unit":"%","top":"2","right":"0","bottom":"2","left":"0","isLinked":false},"background_color":"#ffffff","background_image":{"id":"3701","url":"https:\/\/cliente.shazamlnv.com\/setasolar\/wp-content\/uploads\/2022\/04\/jay-wennington-364037-unsplash.jpg"},"background_position":"center center","background_repeat":"no-repeat","background_size":"cover","background_overlay_background":"classic","background_overlay_color":"#f5f7f9","background_overlay_opacity":{"unit":"px","size":0.90000000000000002220446049250313080847263336181640625},"css_classes":"envato-background-fix","shape_divider_top_height":{"unit":"px","size":30},"shape_divider_top_flip":"yes","background_attachment":"fixed"},"elements":[{"id":"4618d99c","settings":{"_column_size":25,"_inline_size":null,"content_position":"center","text_align":"center","padding":{"unit":"px","top":"30","right":"30","bottom":"30","left":"30","isLinked":true},"space_between_widgets":10,"background_background":"classic","background_color":"rgba(0,0,0,0)2","border_border":"solid","border_width":{"unit":"px","top":"0","right":"0","bottom":"0","left":"0","isLinked":false},"border_color":"rgba(0,0,0,0.1)","border_radius":{"unit":"px","top":"0","right":"0","bottom":"1","left":"0","isLinked":false},"animation":"fadeIn","animation_delay":100},"elements":[{"id":"7361838a","settings":{"editor":"<p>\"Jackie was coughing since last night, only until the Pet Care staff arrived and checked him. Now the pet is all fine and happy.\"<\/p>","typography_typography":"custom","typography_font_family":"Merriweather","typography_font_size":{"unit":"px","size":14},"typography_font_style":"italic","typography_font_weight":"300","typography_line_height":{"unit":"em","size":1.61699999999999999289457264239899814128875732421875},"typography_letter_spacing":{"unit":"px","size":0.1499999999999999944488848768742172978818416595458984375}},"elements":[],"isInner":false,"widgetType":"text-editor","elType":"widget"},{"id":"18fb9cef","settings":{"gap":"no","structure":"20"},"elements":[{"id":"1f999ba6","settings":{"_column_size":50,"_inline_size":null,"_inline_size_mobile":50,"content_position":"center"},"elements":[{"id":"2f82f1af","settings":{"image":{"id":"3702","url":"https:\/\/cliente.shazamlnv.com\/setasolar\/wp-content\/uploads\/2022\/04\/pexels-photo-736716.jpg"},"image_size":"custom","image_custom_dimension":{"width":"400","height":"400"},"align":"right","width":{"unit":"px","size":64},"image_border_radius":{"unit":"%","top":"50","right":"50","bottom":"50","left":"50","isLinked":true},"_padding":{"unit":"px","top":"0","right":"16","bottom":"0","left":"0","isLinked":false}},"elements":[],"isInner":false,"widgetType":"image","elType":"widget"}],"isInner":true,"elType":"column"},{"id":"3f64dcb","settings":{"_column_size":50,"_inline_size":null,"_inline_size_mobile":50,"content_position":"center","space_between_widgets":8},"elements":[{"id":"2bb0978a","settings":{"title":"Ben Goldsmith","typography_typography":"custom","typography_font_size":{"unit":"rem","size":1},"typography_font_weight":"500","title_color":"#333333","align":"left"},"elements":[],"isInner":false,"widgetType":"heading","elType":"widget"},{"id":"772f71d7","settings":{"title":"Pet Farm Owner","title_color":"#999999","typography_typography":"custom","typography_font_size":{"unit":"rem","size":0.75500000000000000444089209850062616169452667236328125},"_margin":{"unit":"%","top":"","right":"","bottom":"","left":"","isLinked":false},"_margin_mobile":{"unit":"px","top":"0","right":"0","bottom":"0","left":"0","isLinked":false},"typography_font_weight":"400","align":"left","typography_line_height_mobile":{"unit":"em","size":1.399999999999999911182158029987476766109466552734375}},"elements":[],"isInner":false,"widgetType":"heading","elType":"widget"}],"isInner":true,"elType":"column"}],"isInner":true,"elType":"section"}],"isInner":false,"elType":"column"},{"id":"3d9231dd","settings":{"_column_size":25,"_inline_size":null,"content_position":"center","text_align":"center","padding":{"unit":"px","top":"30","right":"30","bottom":"30","left":"30","isLinked":true},"space_between_widgets":10,"background_background":"classic","background_color":"rgba(0,0,0,0)2","border_border":"solid","border_width":{"unit":"px","top":"0","right":"0","bottom":"0","left":"0","isLinked":false},"border_color":"rgba(0,0,0,0.1)","border_radius":{"unit":"px","top":"0","right":"0","bottom":"1","left":"0","isLinked":false},"animation":"fadeIn","animation_delay":100},"elements":[{"id":"7fe7bd86","settings":{"editor":"<p>\"The staff are so friendly and knowledgable and my cats love them - I recommend them to everyone.\"<\/p>","typography_typography":"custom","typography_font_family":"Merriweather","typography_font_size":{"unit":"px","size":14},"typography_font_style":"italic","typography_font_weight":"300","typography_line_height":{"unit":"em","size":1.61699999999999999289457264239899814128875732421875},"typography_letter_spacing":{"unit":"px","size":0.1499999999999999944488848768742172978818416595458984375}},"elements":[],"isInner":false,"widgetType":"text-editor","elType":"widget"},{"id":"7c12182c","settings":{"gap":"no","structure":"20"},"elements":[{"id":"701218e3","settings":{"_column_size":50,"_inline_size":null,"_inline_size_mobile":50,"content_position":"center"},"elements":[{"id":"2eaee5e9","settings":{"image":{"id":"3703","url":"https:\/\/cliente.shazamlnv.com\/setasolar\/wp-content\/uploads\/2022\/04\/teacher3.jpg"},"image_size":"custom","image_custom_dimension":{"width":"400","height":"400"},"align":"right","width":{"unit":"px","size":64},"image_border_radius":{"unit":"%","top":"50","right":"50","bottom":"50","left":"50","isLinked":true},"_padding":{"unit":"px","top":"0","right":"16","bottom":"0","left":"0","isLinked":false}},"elements":[],"isInner":false,"widgetType":"image","elType":"widget"}],"isInner":true,"elType":"column"},{"id":"47a9ed72","settings":{"_column_size":50,"_inline_size":null,"_inline_size_mobile":50,"content_position":"center","space_between_widgets":8},"elements":[{"id":"61c9968c","settings":{"title":"Terry James","typography_typography":"custom","typography_font_size":{"unit":"rem","size":1},"typography_font_weight":"500","title_color":"#333333","align":"left"},"elements":[],"isInner":false,"widgetType":"heading","elType":"widget"},{"id":"56aba8a0","settings":{"title":"Cat Owner","title_color":"#999999","typography_typography":"custom","typography_font_size":{"unit":"rem","size":0.75500000000000000444089209850062616169452667236328125},"_margin":{"unit":"%","top":"","right":"","bottom":"","left":"","isLinked":false},"_margin_mobile":{"unit":"px","top":"0","right":"0","bottom":"0","left":"0","isLinked":false},"typography_font_weight":"400","align":"left","typography_line_height_mobile":{"unit":"em","size":1.399999999999999911182158029987476766109466552734375}},"elements":[],"isInner":false,"widgetType":"heading","elType":"widget"}],"isInner":true,"elType":"column"}],"isInner":true,"elType":"section"}],"isInner":false,"elType":"column"},{"id":"2ee12e45","settings":{"_column_size":25,"_inline_size":null,"content_position":"center","text_align":"center","padding":{"unit":"px","top":"30","right":"30","bottom":"30","left":"30","isLinked":true},"space_between_widgets":10,"background_background":"classic","background_color":"rgba(0,0,0,0)2","border_border":"solid","border_width":{"unit":"px","top":"0","right":"0","bottom":"0","left":"0","isLinked":false},"border_color":"rgba(0,0,0,0.1)","border_radius":{"unit":"px","top":"0","right":"0","bottom":"1","left":"0","isLinked":false},"animation":"fadeIn","animation_delay":100},"elements":[{"id":"354d6b05","settings":{"editor":"<p>\"Jackie was coughing since last night, only until the Pet Care staff arrived and checked him. Now the pet is all fine and happy.\"<\/p>","typography_typography":"custom","typography_font_family":"Merriweather","typography_font_size":{"unit":"px","size":14},"typography_font_style":"italic","typography_font_weight":"300","typography_line_height":{"unit":"em","size":1.61699999999999999289457264239899814128875732421875},"typography_letter_spacing":{"unit":"px","size":0.1499999999999999944488848768742172978818416595458984375}},"elements":[],"isInner":false,"widgetType":"text-editor","elType":"widget"},{"id":"1cda821c","settings":{"gap":"no","structure":"20"},"elements":[{"id":"43b2135b","settings":{"_column_size":50,"_inline_size":null,"_inline_size_mobile":50,"content_position":"center"},"elements":[{"id":"43f987ed","settings":{"image":{"id":"3702","url":"https:\/\/cliente.shazamlnv.com\/setasolar\/wp-content\/uploads\/2022\/04\/pexels-photo-736716.jpg"},"image_size":"custom","image_custom_dimension":{"width":"400","height":"400"},"align":"right","width":{"unit":"px","size":64},"image_border_radius":{"unit":"%","top":"50","right":"50","bottom":"50","left":"50","isLinked":true},"_padding":{"unit":"px","top":"0","right":"16","bottom":"0","left":"0","isLinked":false}},"elements":[],"isInner":false,"widgetType":"image","elType":"widget"}],"isInner":true,"elType":"column"},{"id":"34c52343","settings":{"_column_size":50,"_inline_size":null,"_inline_size_mobile":50,"content_position":"center","space_between_widgets":8},"elements":[{"id":"6925a567","settings":{"title":"Ben Goldsmith","typography_typography":"custom","typography_font_size":{"unit":"rem","size":1},"typography_font_weight":"500","title_color":"#333333","align":"left"},"elements":[],"isInner":false,"widgetType":"heading","elType":"widget"},{"id":"69b12862","settings":{"title":"Pet Farm Owner","title_color":"#999999","typography_typography":"custom","typography_font_size":{"unit":"rem","size":0.75500000000000000444089209850062616169452667236328125},"_margin":{"unit":"%","top":"","right":"","bottom":"","left":"","isLinked":false},"_margin_mobile":{"unit":"px","top":"0","right":"0","bottom":"0","left":"0","isLinked":false},"typography_font_weight":"400","align":"left","typography_line_height_mobile":{"unit":"em","size":1.399999999999999911182158029987476766109466552734375}},"elements":[],"isInner":false,"widgetType":"heading","elType":"widget"}],"isInner":true,"elType":"column"}],"isInner":true,"elType":"section"}],"isInner":false,"elType":"column"},{"id":"40ab5114","settings":{"_column_size":25,"_inline_size":null,"content_position":"center","text_align":"center","padding":{"unit":"px","top":"30","right":"30","bottom":"30","left":"30","isLinked":true},"space_between_widgets":10,"background_background":"classic","background_color":"rgba(0,0,0,0)2","border_border":"solid","border_width":{"unit":"px","top":"0","right":"0","bottom":"0","left":"0","isLinked":false},"border_color":"rgba(0,0,0,0.1)","border_radius":{"unit":"px","top":"0","right":"0","bottom":"1","left":"0","isLinked":false},"animation":"fadeIn","animation_delay":200},"elements":[{"id":"22a45047","settings":{"editor":"<p>\"Max was suffering from lameness and the emergency service was super fast. The quality of service and dedication is commendable.\"<\/p>","typography_typography":"custom","typography_font_family":"Merriweather","typography_font_size":{"unit":"px","size":14},"typography_font_style":"italic","typography_font_weight":"300","typography_line_height":{"unit":"em","size":1.61699999999999999289457264239899814128875732421875},"typography_letter_spacing":{"unit":"px","size":0.1499999999999999944488848768742172978818416595458984375}},"elements":[],"isInner":false,"widgetType":"text-editor","elType":"widget"},{"id":"37a11a1f","settings":{"gap":"no","structure":"20"},"elements":[{"id":"4618f245","settings":{"_column_size":50,"_inline_size":null,"_inline_size_mobile":50,"content_position":"center"},"elements":[{"id":"60dd0392","settings":{"image":{"id":"3704","url":"https:\/\/cliente.shazamlnv.com\/setasolar\/wp-content\/uploads\/2022\/04\/eduardo-dutra-620857-unsplash.jpg"},"image_size":"custom","image_custom_dimension":{"width":"400","height":"400"},"align":"right","width":{"unit":"px","size":64},"image_border_radius":{"unit":"%","top":"50","right":"50","bottom":"50","left":"50","isLinked":true},"_padding":{"unit":"px","top":"0","right":"16","bottom":"0","left":"0","isLinked":false}},"elements":[],"isInner":false,"widgetType":"image","elType":"widget"}],"isInner":true,"elType":"column"},{"id":"5b4fdda6","settings":{"_column_size":50,"_inline_size":null,"_inline_size_mobile":50,"content_position":"center","space_between_widgets":8},"elements":[{"id":"29f3c3ef","settings":{"title":"Ajay Mehra","typography_typography":"custom","typography_font_size":{"unit":"rem","size":1},"typography_font_weight":"500","title_color":"#333333","align":"left"},"elements":[],"isInner":false,"widgetType":"heading","elType":"widget"},{"id":"3db45c24","settings":{"title":"Software Architect, Doodle Inc.","title_color":"#999999","typography_typography":"custom","typography_font_size":{"unit":"rem","size":0.75500000000000000444089209850062616169452667236328125},"_margin":{"unit":"%","top":"","right":"","bottom":"","left":"","isLinked":false},"_margin_mobile":{"unit":"px","top":"0","right":"0","bottom":"0","left":"0","isLinked":false},"typography_font_weight":"400","align":"left","typography_line_height_mobile":{"unit":"em","size":1.399999999999999911182158029987476766109466552734375}},"elements":[],"isInner":false,"widgetType":"heading","elType":"widget"}],"isInner":true,"elType":"column"}],"isInner":true,"elType":"section"}],"isInner":false,"elType":"column"}],"isInner":false,"elType":"section"},{"id":"291f8ae4","settings":{"text_align":"center","padding":{"unit":"px","top":"70","right":"0","bottom":"0","left":"0","isLinked":false},"animation_delay":100},"elements":[{"id":"722bd431","settings":{"_column_size":100,"animation":"fadeIn","animation_duration":"slow","padding":{"unit":"%","top":"0","right":"20","bottom":"0","left":"20","isLinked":false}},"elements":[{"id":"33f03c03","settings":{"title":"Choose a service package that fit your budget","typography_typography":"custom","typography_font_size":{"unit":"px","size":16},"typography_font_weight":"300","title_color":"#5b7493","typography_letter_spacing":{"unit":"px","size":0.1499999999999999944488848768742172978818416595458984375},"typography_line_height":{"unit":"em","size":1.61699999999999999289457264239899814128875732421875},"_margin":{"unit":"px","top":"0","right":"0","bottom":"-12","left":"0","isLinked":false},"_padding":{"unit":"px","top":"0","right":"0","bottom":"0","left":"0","isLinked":false},"_border_width":{"unit":"px","top":"0","right":"0","bottom":"0","left":"4","isLinked":false},"_border_color":"#fff176","align":"center","_animation":"fadeInUp","animation_duration":"fast","_animation_delay":200},"elements":[],"isInner":false,"widgetType":"heading","elType":"widget"},{"id":"2a63cf36","settings":{"title":"Plans for everyone","typography_typography":"custom","typography_font_family":"Nunito","typography_font_size":{"unit":"px","size":34},"typography_font_weight":"700","title_color":"#305595","typography_letter_spacing":{"unit":"px","size":-0.5},"typography_line_height":{"unit":"em","size":1.1759999999999999342747969421907328069210052490234375},"_margin":{"unit":"px","top":"0","right":"0","bottom":"-12","left":"0","isLinked":false},"align":"center","typography_text_transform":"capitalize","_animation":"fadeIn"},"elements":[],"isInner":false,"widgetType":"heading","elType":"widget"},{"id":"13697395","settings":{"weight":{"unit":"px","size":4},"color":"#f08080","width":{"unit":"px","size":48},"gap":{"unit":"px","size":6},"_padding":{"unit":"px","top":"","right":"","bottom":"","left":"","isLinked":false},"_border_radius":{"unit":"%","top":"","right":"","bottom":"","left":"","isLinked":true},"align":"center","_margin":{"unit":"px","top":"0","right":"0","bottom":"0","left":"0","isLinked":true},"_animation":"bounceIn","_animation_delay":200,"text":"Divis\u00f3ria"},"elements":[],"isInner":false,"widgetType":"divider","elType":"widget"}],"isInner":false,"elType":"column"}],"isInner":false,"elType":"section"},{"id":"4f4fa00a","settings":{"structure":"30","margin":{"unit":"px","top":"","right":0,"bottom":"","left":0,"isLinked":false},"margin_mobile":{"unit":"px","top":"","right":0,"bottom":"","left":0,"isLinked":false},"content_width":{"unit":"px","size":1040},"gap":"wider","padding":{"unit":"px","top":"30","right":"0","bottom":"110","left":"0","isLinked":false}},"elements":[{"id":"6062782a","settings":{"_column_size":33,"_inline_size":null,"space_between_widgets":0,"border_width":{"unit":"px","top":"1","right":"1","bottom":"1","left":"1","isLinked":true},"margin":{"unit":"px","top":"0","right":"15","bottom":"0","left":"15","isLinked":false},"padding":{"unit":"em","top":"0","right":"0","bottom":"0","left":"0","isLinked":true},"background_background":"classic","border_radius":{"unit":"%","top":"","right":"","bottom":"","left":"","isLinked":false},"margin_mobile":{"unit":"px","top":"20","right":"20","bottom":"20","left":"20","isLinked":true},"animation":"fadeIn","animation_delay":100,"animation_duration":"slow"},"elements":[{"id":"54402d36","settings":{"gap":"no","background_background":"classic","structure":"20","margin":{"unit":"px","top":"","right":0,"bottom":"","left":0,"isLinked":true}},"elements":[{"id":"7904502a","settings":{"_column_size":50,"_inline_size":null,"_inline_size_mobile":50},"elements":[{"id":"4da61f7b","settings":{"title":"Welcome","align":"left","typography_typography":"custom","typography_font_size":{"unit":"px","size":20},"typography_font_weight":"600","_margin":{"unit":"px","top":"0","right":"0","bottom":"0","left":"0","isLinked":true},"_padding":{"unit":"px","top":"20","right":"0","bottom":"20","left":"30","isLinked":false},"title_color":"#333333","typography_font_family":"Nunito Sans"},"elements":[],"isInner":false,"widgetType":"heading","elType":"widget"}],"isInner":true,"elType":"column"},{"id":"66c227d7","settings":{"_column_size":50,"_inline_size":null,"_inline_size_mobile":50,"content_position":"center"},"elements":[{"id":"5cefde3d","settings":{"title":"Free Plan","align":"right","title_color":"#999999","typography_typography":"custom","typography_font_size":{"unit":"px","size":12},"typography_font_weight":"400","typography_text_transform":"uppercase","typography_letter_spacing":{"unit":"px","size":1},"_padding":{"unit":"px","top":"0","right":"20","bottom":"0","left":"0","isLinked":false}},"elements":[],"isInner":false,"widgetType":"heading","elType":"widget"}],"isInner":true,"elType":"column"}],"isInner":true,"elType":"section"},{"id":"78a7c51e","settings":{"gap":"no","background_background":"classic","background_color":"rgba(0,0,0,0.02)"},"elements":[{"id":"7e88029a","settings":{"_column_size":100,"_inline_size":null},"elements":[{"id":"69b74703","settings":{"title":"<span style=\"font-size: 40px;\">FREE!<\/span>","align":"left","typography_typography":"custom","typography_font_size":{"unit":"rem","size":3},"typography_font_weight":"300","_padding":{"unit":"px","top":"24","right":"30","bottom":"24","left":"30","isLinked":false},"_css_classes":"pricing-amount","title_color":"#333333","typography_font_family":"Nunito"},"elements":[],"isInner":false,"widgetType":"heading","elType":"widget"}],"isInner":true,"elType":"column"}],"isInner":true,"elType":"section"},{"id":"3631fcaa","settings":{"icon_list":[{"text":"Lorem ipsum dolor sit amet","icon":"fa fa-check","_id":"dbbbf71"},{"text":"Non ultrices urna fermentum","icon":"fa fa-check","_id":"267f56d"},{"text":"Lorem euismod erat ac nulla","icon":"fa fa-check","_id":"27f3a4f"},{"text":"Pellentesque euismod erat ac nulla","icon":"fa fa-check","_id":"8f7b125"},{"text":"Dolor sit euismod erat ac nulla","icon":"fa fa-times-circle","_id":"d057423"}],"space_between":{"unit":"px","size":12},"icon_size":{"unit":"px","size":16},"text_indent":{"unit":"px","size":12},"_padding":{"unit":"px","top":"24","right":"30","bottom":"24","left":"30","isLinked":false},"icon_color":"#777777","text_color":"#777777","icon_typography_typography":"custom","icon_typography_font_size":{"unit":"px","size":14},"icon_typography_font_weight":"400","icon_typography_line_height":{"unit":"em","size":1.61699999999999999289457264239899814128875732421875}},"elements":[],"isInner":false,"widgetType":"icon-list","elType":"widget"},{"id":"13b1601b","settings":{"gap":"no","background_background":"classic","padding":{"unit":"px","top":"0","right":"30","bottom":"30","left":"30","isLinked":false}},"elements":[{"id":"237af339","settings":{"_column_size":100,"_inline_size":null},"elements":[{"id":"3c00693","settings":{"text":"Sign Up Today","background_color":"#305595","hover_color":"#ffffff","button_background_hover_color":"#305595","button_hover_border_color":"#305595","border_border":"solid","border_width":{"unit":"px","top":"2","right":"2","bottom":"2","left":"2","isLinked":true},"border_color":"#305595","border_radius":{"unit":"px","top":"30","right":"30","bottom":"30","left":"30","isLinked":true},"typography_font_size":{"unit":"px","size":12},"typography_text_transform":"uppercase","typography_line_height":{"unit":"em","size":1.1999999999999999555910790149937383830547332763671875},"typography_letter_spacing":{"unit":"px","size":1},"align":"center","typography_typography":"custom","typography_font_family":"Nunito","button_text_color":"#ffffff","hover_animation":"shrink"},"elements":[],"isInner":false,"widgetType":"button","elType":"widget"}],"isInner":true,"elType":"column"}],"isInner":true,"elType":"section"}],"isInner":false,"elType":"column"},{"id":"594270a0","settings":{"_column_size":33,"_inline_size":null,"space_between_widgets":0,"border_width":{"unit":"px","top":"1","right":"1","bottom":"1","left":"1","isLinked":true},"margin":{"unit":"px","top":"0","right":"15","bottom":"0","left":"15","isLinked":false},"padding":{"unit":"em","top":"0","right":"0","bottom":"0","left":"0","isLinked":true},"background_background":"classic","background_color":"#f0f5ff","border_radius":{"unit":"%","top":"","right":"","bottom":"","left":"","isLinked":false},"margin_mobile":{"unit":"px","top":"20","right":"20","bottom":"20","left":"20","isLinked":true},"animation":"fadeIn","animation_delay":200,"animation_duration":"slow"},"elements":[{"id":"3e984492","settings":{"gap":"no","background_background":"classic","structure":"20","margin":{"unit":"px","top":"","right":0,"bottom":"","left":0,"isLinked":true}},"elements":[{"id":"524dd5c9","settings":{"_column_size":50,"_inline_size":null,"_inline_size_mobile":50,"content_position":"center"},"elements":[{"id":"63cc6c96","settings":{"title":"Regular","align":"left","typography_typography":"custom","typography_font_size":{"unit":"px","size":20},"typography_font_weight":"600","_margin":{"unit":"px","top":"0","right":"0","bottom":"0","left":"0","isLinked":true},"_padding":{"unit":"px","top":"20","right":"0","bottom":"20","left":"30","isLinked":false},"title_color":"#305595","typography_font_family":"Nunito Sans"},"elements":[],"isInner":false,"widgetType":"heading","elType":"widget"}],"isInner":true,"elType":"column"},{"id":"4da1c72c","settings":{"_column_size":50,"_inline_size":null,"_inline_size_mobile":50,"content_position":"center"},"elements":[{"id":"285ab61e","settings":{"title":"Best Plan","align":"right","title_color":"#a0b3d4","typography_typography":"custom","typography_font_size":{"unit":"px","size":12},"typography_font_weight":"400","typography_text_transform":"uppercase","typography_letter_spacing":{"unit":"px","size":1},"_padding":{"unit":"px","top":"0","right":"20","bottom":"0","left":"0","isLinked":false}},"elements":[],"isInner":false,"widgetType":"heading","elType":"widget"}],"isInner":true,"elType":"column"}],"isInner":true,"elType":"section"},{"id":"1b90f5e2","settings":{"gap":"no","background_background":"classic"},"elements":[{"id":"2d9ad49","settings":{"_column_size":100,"_inline_size":null},"elements":[{"id":"6829da25","settings":{"title":"<sup>$29.99<\/sup>","align":"left","typography_typography":"custom","typography_font_size":{"unit":"rem","size":3},"typography_font_weight":"300","_padding":{"unit":"px","top":"24","right":"30","bottom":"24","left":"30","isLinked":false},"_css_classes":"pricing-amount","title_color":"#305595","typography_font_family":"Nunito"},"elements":[],"isInner":false,"widgetType":"heading","elType":"widget"}],"isInner":true,"elType":"column"}],"isInner":true,"elType":"section"},{"id":"7c99e7dc","settings":{"icon_list":[{"text":"Lorem ipsum dolor sit amet","icon":"fa fa-check","_id":"dbbbf71"},{"text":"Non ultrices urna fermentum","icon":"fa fa-check","_id":"267f56d"},{"text":"Pellentesque euismod erat ac nulla","icon":"fa fa-check","_id":"27f3a4f"},{"text":"Pellentesque euismod erat ac nulla","icon":"fa fa-check","_id":"982cfac"},{"text":"Ipsum euismod erat ac nulla","icon":"fa fa-times-circle","_id":"9f5bfdc"}],"space_between":{"unit":"px","size":12},"icon_size":{"unit":"px","size":16},"text_indent":{"unit":"px","size":12},"_padding":{"unit":"px","top":"24","right":"30","bottom":"24","left":"30","isLinked":false},"icon_color":"#305595","text_color":"#305595","icon_typography_typography":"custom","icon_typography_font_size":{"unit":"px","size":14},"icon_typography_font_weight":"400","icon_typography_line_height":{"unit":"em","size":1.61699999999999999289457264239899814128875732421875}},"elements":[],"isInner":false,"widgetType":"icon-list","elType":"widget"},{"id":"6432c1c9","settings":{"gap":"no","background_background":"classic","padding":{"unit":"px","top":"0","right":"30","bottom":"30","left":"30","isLinked":false}},"elements":[{"id":"5c9e374b","settings":{"_column_size":100,"_inline_size":null},"elements":[{"id":"340384b5","settings":{"text":"View Details","background_color":"#305595","hover_color":"#ffffff","button_background_hover_color":"#305595","button_hover_border_color":"#305595","border_border":"solid","border_width":{"unit":"px","top":"2","right":"2","bottom":"2","left":"2","isLinked":true},"border_color":"#305595","border_radius":{"unit":"px","top":"30","right":"30","bottom":"30","left":"30","isLinked":true},"typography_font_size":{"unit":"px","size":12},"typography_text_transform":"uppercase","typography_line_height":{"unit":"em","size":1.1999999999999999555910790149937383830547332763671875},"typography_letter_spacing":{"unit":"px","size":1},"align":"center","typography_typography":"custom","typography_font_family":"Nunito","button_text_color":"#ffffff","hover_animation":"shrink"},"elements":[],"isInner":false,"widgetType":"button","elType":"widget"}],"isInner":true,"elType":"column"}],"isInner":true,"elType":"section"}],"isInner":false,"elType":"column"},{"id":"b577ce3","settings":{"_column_size":33,"_inline_size":null,"space_between_widgets":0,"border_width":{"unit":"px","top":"1","right":"1","bottom":"1","left":"1","isLinked":true},"margin":{"unit":"px","top":"0","right":"15","bottom":"0","left":"15","isLinked":false},"padding":{"unit":"em","top":"0","right":"0","bottom":"0","left":"0","isLinked":true},"background_background":"classic","border_radius":{"unit":"%","top":"","right":"","bottom":"","left":"","isLinked":false},"margin_mobile":{"unit":"px","top":"20","right":"20","bottom":"20","left":"20","isLinked":true},"animation":"fadeIn","animation_delay":300,"animation_duration":"slow"},"elements":[{"id":"5ba97b5d","settings":{"gap":"no","background_background":"classic","structure":"20","margin":{"unit":"px","top":"","right":0,"bottom":"","left":0,"isLinked":true}},"elements":[{"id":"13ffd8a6","settings":{"_column_size":50,"_inline_size":null,"_inline_size_mobile":50},"elements":[{"id":"3d4d6dbf","settings":{"title":"Premium","align":"left","typography_typography":"custom","typography_font_size":{"unit":"px","size":20},"typography_font_weight":"600","_margin":{"unit":"px","top":"0","right":"0","bottom":"0","left":"0","isLinked":true},"_padding":{"unit":"px","top":"20","right":"0","bottom":"20","left":"30","isLinked":false},"title_color":"#558b2f","typography_font_family":"Nunito Sans"},"elements":[],"isInner":false,"widgetType":"heading","elType":"widget"}],"isInner":true,"elType":"column"},{"id":"416f938c","settings":{"_column_size":50,"_inline_size":null,"_inline_size_mobile":50,"content_position":"center"},"elements":[{"id":"70c1da32","settings":{"title":"Long term","align":"right","title_color":"rgba(85,139,47,0.54)","typography_typography":"custom","typography_font_size":{"unit":"px","size":12},"typography_font_weight":"400","typography_text_transform":"uppercase","typography_letter_spacing":{"unit":"px","size":1},"_padding":{"unit":"px","top":"0","right":"20","bottom":"0","left":"0","isLinked":false}},"elements":[],"isInner":false,"widgetType":"heading","elType":"widget"}],"isInner":true,"elType":"column"}],"isInner":true,"elType":"section"},{"id":"4f721862","settings":{"gap":"no","background_background":"classic","background_color":"#dcedc8"},"elements":[{"id":"20f1aa8b","settings":{"_column_size":100,"_inline_size":null},"elements":[{"id":"488242da","settings":{"title":"<sup>$69.99<\/sup>","align":"left","typography_typography":"custom","typography_font_size":{"unit":"rem","size":3},"typography_font_weight":"300","_padding":{"unit":"px","top":"24","right":"30","bottom":"24","left":"30","isLinked":false},"_css_classes":"pricing-amount","title_color":"#558b2f","typography_font_family":"Nunito"},"elements":[],"isInner":false,"widgetType":"heading","elType":"widget"}],"isInner":true,"elType":"column"}],"isInner":true,"elType":"section"},{"id":"3f3ba42c","settings":{"icon_list":[{"text":"Lorem ipsum dolor sit amet","icon":"fa fa-check","_id":"dbbbf71"},{"text":"Non ultrices urna fermentum","icon":"fa fa-check","_id":"267f56d"},{"text":"Lorem euismod erat ac nulla","icon":"fa fa-check","_id":"27f3a4f"},{"text":"Pellentesque euismod erat ac nulla","icon":"fa fa-check","_id":"8f7b125"},{"text":"Dolor sit euismod erat ac nulla","icon":"fa fa-check","_id":"d057423"}],"space_between":{"unit":"px","size":12},"icon_size":{"unit":"px","size":16},"text_indent":{"unit":"px","size":12},"_padding":{"unit":"px","top":"24","right":"30","bottom":"24","left":"30","isLinked":false},"icon_color":"#558b2f","text_color":"#558b2f","icon_typography_typography":"custom","icon_typography_font_size":{"unit":"px","size":14},"icon_typography_font_weight":"400","icon_typography_line_height":{"unit":"em","size":1.61699999999999999289457264239899814128875732421875}},"elements":[],"isInner":false,"widgetType":"icon-list","elType":"widget"},{"id":"75d63599","settings":{"gap":"no","background_background":"classic","padding":{"unit":"px","top":"0","right":"30","bottom":"30","left":"30","isLinked":false}},"elements":[{"id":"7ecc3d40","settings":{"_column_size":100,"_inline_size":null},"elements":[{"id":"215d330e","settings":{"text":"View Details","background_color":"#305595","hover_color":"#ffffff","button_background_hover_color":"#305595","button_hover_border_color":"#305595","border_border":"solid","border_width":{"unit":"px","top":"2","right":"2","bottom":"2","left":"2","isLinked":true},"border_color":"#305595","border_radius":{"unit":"px","top":"30","right":"30","bottom":"30","left":"30","isLinked":true},"typography_font_size":{"unit":"px","size":12},"typography_text_transform":"uppercase","typography_line_height":{"unit":"em","size":1.1999999999999999555910790149937383830547332763671875},"typography_letter_spacing":{"unit":"px","size":1},"align":"center","typography_typography":"custom","typography_font_family":"Nunito","button_text_color":"#ffffff","hover_animation":"shrink"},"elements":[],"isInner":false,"widgetType":"button","elType":"widget"}],"isInner":true,"elType":"column"}],"isInner":true,"elType":"section"}],"isInner":false,"elType":"column"}],"isInner":false,"elType":"section"},{"id":"129a5ae8","settings":{"custom_height":{"unit":"vh","size":90},"background_background":"classic","background_image":{"id":"3705","url":"https:\/\/cliente.shazamlnv.com\/setasolar\/wp-content\/uploads\/2022\/04\/jametlene-reskp-651413-unsplash.jpg"},"background_position":"top center","background_attachment":"fixed","background_repeat":"no-repeat","background_size":"cover","background_overlay_background":"classic","background_overlay_color":"#0f0400","shape_divider_bottom":"tilt","shape_divider_bottom_height":{"unit":"px","size":30},"gap":"wide","shape_divider_bottom_negative":"yes","padding":{"unit":"px","top":"110","right":"0","bottom":"110","left":"0","isLinked":false},"background_overlay_opacity":{"unit":"px","size":0.75},"shape_divider_top":"tilt","shape_divider_top_height":{"unit":"px","size":30},"shape_divider_top_flip":"yes","shape_divider_bottom_flip":"yes","css_classes":"envato-background-fix","overlay_blend_mode":"multiply"},"elements":[{"id":"2694d25b","settings":{"_column_size":100,"_inline_size":null,"text_align":"center"},"elements":[{"id":"2d149906","settings":{"title":"Gift your companion a healthy life.","title_color":"#ffffff","typography_typography":"custom","typography_font_family":"Nunito","typography_font_size":{"unit":"px","size":48},"typography_font_weight":"600","typography_line_height":{"unit":"em","size":1.1599999999999999200639422269887290894985198974609375},"_animation":"fadeIn","_animation_delay":100,"typography_font_size_mobile":{"unit":"px","size":34}},"elements":[],"isInner":false,"widgetType":"heading","elType":"widget"},{"id":"679b19ef","settings":{"title":"Cras viverra lobortis odio aliquet volutpat. Ut imperdiet iaculis nisl at placerat.<br>Nulla facilisi. Pellentesque nec suscipit est. Duis dapibus faucibus auctor.","title_color":"#ffffff","typography_typography":"custom","typography_font_family":"Nunito Sans","typography_font_size":{"unit":"px","size":20},"typography_font_weight":"300","typography_letter_spacing":{"unit":"px","size":0.1499999999999999944488848768742172978818416595458984375},"typography_line_height":{"unit":"em","size":1.5},"_animation":"fadeIn","_animation_delay":200,"header_size":"h3","_margin":{"unit":"px","top":"0","right":"0","bottom":"24","left":"0","isLinked":false},"typography_font_size_mobile":{"unit":"px","size":16}},"elements":[],"isInner":false,"widgetType":"heading","elType":"widget"},{"id":"6183db29","settings":{"text":"Book Appointment","size":"md","button_text_color":"#ffffff","background_color":"#f08080","hover_color":"#ffffff","button_background_hover_color":"rgba(255,255,255,0)","button_hover_border_color":"#ffffff","border_border":"solid","border_width":{"unit":"px","top":"2","right":"2","bottom":"2","left":"2","isLinked":true},"border_color":"#f08080","border_radius":{"unit":"px","top":"30","right":"30","bottom":"30","left":"30","isLinked":true},"_animation_delay":300,"icon":"fa fa-calendar-check-o","icon_indent":{"unit":"px","size":11},"hover_animation":"shrink","selected_icon":{"value":"far fa-calendar-check","library":"fa-regular"}},"elements":[],"isInner":false,"widgetType":"button","elType":"widget"}],"isInner":false,"elType":"column"}],"isInner":false,"elType":"section"}],"page_settings":[],"version":"0.4","title":"VETERIN\u00c1RIO","type":"section"}