{"content":[{"id":"58d06760","settings":{"layout":"full_width","height":"min-height","custom_height":{"unit":"px","size":70,"sizes":[]},"structure":"20","margin":{"unit":"px","top":"0","right":0,"bottom":"-90","left":0,"isLinked":false},"z_index":44,"padding":{"unit":"em","top":"0","right":"2","bottom":"0","left":"2","isLinked":false},"padding_mobile":{"unit":"px","top":"0","right":"0","bottom":"0","left":"0","isLinked":true}},"elements":[{"id":"683bc637","settings":{"_column_size":50,"_inline_size":9.474000000000000198951966012828052043914794921875,"_inline_size_mobile":50},"elements":[{"id":"4e2bd3cb","settings":{"image":{"id":"3330","url":"https:\/\/cliente.shazamlnv.com\/setasolar\/wp-content\/uploads\/2022\/04\/cow.png"},"align":"left"},"elements":[],"isInner":false,"widgetType":"image","elType":"widget"}],"isInner":false,"elType":"column"},{"id":"241ca81d","settings":{"_column_size":50,"_inline_size":90.5259999999999962483343551866710186004638671875,"content_position":"center","_inline_size_mobile":50},"elements":[{"id":"7b32901e","settings":{"align_items":"right","pointer":"background","menu_typography_typography":"custom","menu_typography_font_family":"Zilla Slab","menu_typography_font_size":{"unit":"rem","size":1,"sizes":[]},"menu_typography_font_weight":"600","menu_typography_text_transform":"uppercase","color_menu_item":"#FFFFFF","dropdown":"mobile","full_width":"stretch","toggle_align":"right","dropdown_typography_typography":"custom","dropdown_typography_font_family":"Zilla Slab","dropdown_typography_font_size_tablet":{"unit":"rem","size":1,"sizes":[]},"padding_horizontal_dropdown_item_tablet":{"unit":"px","size":64,"sizes":[]},"padding_vertical_dropdown_item_tablet":{"unit":"px","size":12,"sizes":[]},"dropdown_top_distance_tablet":{"unit":"px","size":19,"sizes":[]},"toggle_color":"#FFFFFF","toggle_background_color":"#B83F2E"},"elements":[],"isInner":false,"widgetType":"nav-menu","elType":"widget"}],"isInner":false,"elType":"column"}],"isInner":false,"elType":"section"},{"id":"fe77ea8","settings":{"height":"min-height","custom_height":{"unit":"vh","size":75,"sizes":[]},"background_background":"classic","background_image":{"id":"3331","url":"https:\/\/cliente.shazamlnv.com\/setasolar\/wp-content\/uploads\/2022\/04\/hamburger-and-fries-photo-2983101.jpg"},"background_position":"initial","background_size":"cover","background_overlay_background":"gradient","background_overlay_color":"rgba(30, 27, 27, 0)","background_overlay_color_stop":{"unit":"%","size":27,"sizes":[]},"background_overlay_color_b":"#000000","background_overlay_gradient_angle":{"unit":"deg","size":150,"sizes":[]},"background_overlay_opacity":{"unit":"px","size":0.66000000000000003108624468950438313186168670654296875,"sizes":[]},"overlay_blend_mode":"multiply","shape_divider_bottom_color":"#FFFFFF","shape_divider_bottom_width":{"unit":"%","size":300,"sizes":[]},"shape_divider_bottom_height":{"unit":"px","size":300,"sizes":[]},"content_width":{"unit":"px","size":720,"sizes":[]},"background_xpos":{"unit":"vw","size":0,"sizes":[]},"background_ypos":{"unit":"%","size":58,"sizes":[]},"background_motion_fx_motion_fx_scrolling":"yes","background_motion_fx_translateY_effect":"yes","shape_divider_bottom_negative":"yes","padding":{"unit":"px","top":"64","right":"0","bottom":"0","left":"0","isLinked":false}},"elements":[{"id":"1a432960","settings":{"_column_size":100,"_inline_size":null},"elements":[{"id":"2b22466","settings":{"title":"big bbq","header_size":"h1","title_color":"#FFFFFF","typography_typography":"custom","typography_font_family":"Zilla Slab Highlight","typography_font_size":{"unit":"rem","size":9,"sizes":[]},"typography_text_transform":"uppercase","typography_line_height":{"unit":"em","size":1,"sizes":[]},"align":"center","typography_font_size_mobile":{"unit":"rem","size":5.29999999999999982236431605997495353221893310546875,"sizes":[]}},"elements":[],"isInner":false,"widgetType":"heading","elType":"widget"},{"id":"2b8f3f97","settings":{"title":"cheeseburger & fries","title_color":"#FFFFFF","typography_typography":"custom","typography_font_family":"Zilla Slab Highlight","typography_font_size":{"unit":"rem","size":3,"sizes":[]},"typography_text_transform":"uppercase","typography_line_height":{"unit":"em","size":1,"sizes":[]},"align":"center","typography_font_size_mobile":{"unit":"rem","size":2.399999999999999911182158029987476766109466552734375,"sizes":[]}},"elements":[],"isInner":false,"widgetType":"heading","elType":"widget"},{"id":"2441b0ca","settings":{"title":"20% OFF Family Meals","align":"center","title_color":"#FFFFFF","typography_typography":"custom","typography_font_family":"Zilla Slab","typography_text_transform":"uppercase","typography_line_height":{"unit":"em","size":1,"sizes":[]},"_margin":{"unit":"px","top":"0","right":"0","bottom":"0","left":"0","isLinked":true},"_padding":{"unit":"em","top":"3","right":"3","bottom":"3","left":"3","isLinked":true},"_background_background":"classic","_background_image":{"id":"3332","url":"https:\/\/cliente.shazamlnv.com\/setasolar\/wp-content\/uploads\/2022\/04\/bbqshape.png"},"_background_position":"center center","_background_size":"contain","_element_width":"initial","_element_custom_width":{"unit":"px","size":195,"sizes":[]},"_position":"absolute","_offset_x":{"size":-4.08199999999999985078602549037896096706390380859375,"unit":"vw"},"_offset_x_end":{"size":62.034999999999996589394868351519107818603515625,"unit":"vw"},"_offset_y":{"size":-6.2339999999999999857891452847979962825775146484375,"unit":"vh"},"_offset_y_end":{"size":35,"unit":"vh"},"_offset_x_mobile":{"size":72.3130000000000023874235921539366245269775390625,"unit":"px"},"_offset_y_mobile":{"size":269.09399999999999408828443847596645355224609375,"unit":"px"},"hide_mobile":"hidden-phone"},"elements":[],"isInner":false,"widgetType":"heading","elType":"widget"},{"id":"4d183855","settings":{"title":"$5.99","align":"center","title_color":"#FFFFFF","typography_typography":"custom","typography_font_family":"Rock Salt","typography_font_size":{"unit":"rem","size":4,"sizes":[]},"_margin":{"unit":"px","top":"-18","right":"0","bottom":"-12","left":"0","isLinked":false},"_z_index":22,"typography_font_size_mobile":{"unit":"rem","size":2.399999999999999911182158029987476766109466552734375,"sizes":[]}},"elements":[],"isInner":false,"widgetType":"heading","elType":"widget"},{"id":"26f8d879","settings":{"text":"order online","align":"center","size":"xl","typography_typography":"custom","typography_font_family":"Open Sans","typography_font_size":{"unit":"rem","size":1,"sizes":[]},"typography_font_weight":"900","typography_text_transform":"uppercase","typography_letter_spacing":{"unit":"px","size":1,"sizes":[]},"border_radius":{"unit":"px","top":"0","right":"0","bottom":"0","left":"0","isLinked":true},"button_hover_border_color":"#FFFFFF","border_border":"double","border_width":{"unit":"px","top":"4","right":"4","bottom":"4","left":"4","isLinked":true},"border_color":"#B83F2E","align_mobile":"justify"},"elements":[],"isInner":false,"widgetType":"button","elType":"widget"}],"isInner":false,"elType":"column"}],"isInner":false,"elType":"section"},{"id":"6f1ffa2","settings":{"layout":"full_width","gap":"no","background_background":"classic","background_color":"#FFFFFF","background_overlay_background":"classic","background_overlay_image":{"id":"3333","url":"https:\/\/cliente.shazamlnv.com\/setasolar\/wp-content\/uploads\/2022\/04\/image-from-rawpixel-id-556344-jpeg.jpg"},"background_overlay_attachment":"fixed","background_overlay_size":"auto","background_overlay_opacity":{"unit":"px","size":0.0299999999999999988897769753748434595763683319091796875,"sizes":[]},"padding":{"unit":"px","top":"64","right":"0","bottom":"0","left":"0","isLinked":false}},"elements":[{"id":"69b51065","settings":{"_column_size":100,"_inline_size":null},"elements":[{"id":"50b0761b","settings":{"content_width":{"unit":"px","size":720,"sizes":[]},"margin":{"unit":"px","top":"0","right":0,"bottom":"0","left":0,"isLinked":false}},"elements":[{"id":"61612e7c","settings":{"_column_size":100,"_inline_size":null,"space_between_widgets":0},"elements":[{"id":"18c4e7b2","settings":{"title":"best bbq in town","align":"center","typography_typography":"custom","typography_font_family":"Zilla Slab","typography_font_size":{"unit":"rem","size":2.29999999999999982236431605997495353221893310546875,"sizes":[]},"typography_font_weight":"900","typography_text_transform":"uppercase","_margin":{"unit":"px","top":"0","right":"0","bottom":"0","left":"0","isLinked":false},"title_color":"#222222"},"elements":[],"isInner":false,"widgetType":"heading","elType":"widget"},{"id":"2bb370bd","settings":{"width":{"unit":"%","size":11,"sizes":[]},"align":"center","text":"Divider","color":"#B83F2E","weight":{"unit":"px","size":3,"sizes":[]}},"elements":[],"isInner":false,"widgetType":"divider","elType":"widget"},{"id":"35c8533e","settings":{"editor":"<p>Lorem ipsum dolor sit amet, consectetur adipiscing elit, sed do eiusmod tempor incididunt ut labore et dolore magna aliqua. Ut enim ad minim veniam, quis nostrud exercitation ullamco laboris nisi ut aliquip ex ea commodo consequat. Duis aute irure dolor in reprehenderit in voluptate velit esse cillum dolore eu fugiat nulla pariatur. Excepteur sint occaecat cupidatat non proident, sunt in culpa qui officia deserunt mollit anim id est laborum.<\/p>","align":"center","text_color":"#222222","typography_typography":"custom","typography_font_family":"Open Sans","typography_font_size":{"unit":"rem","size":1,"sizes":[]},"typography_line_height":{"unit":"em","size":1.5,"sizes":[]}},"elements":[],"isInner":false,"widgetType":"text-editor","elType":"widget"}],"isInner":true,"elType":"column"}],"isInner":true,"elType":"section"},{"id":"2a15c7aa","settings":{"structure":"40","margin":{"unit":"px","top":"40","right":0,"bottom":"64","left":0,"isLinked":false}},"elements":[{"id":"7513fa19","settings":{"_column_size":25,"_inline_size":null},"elements":[{"id":"b38711c","settings":{"image":{"id":"3334","url":"https:\/\/cliente.shazamlnv.com\/setasolar\/wp-content\/uploads\/2022\/04\/image-from-rawpixel-id-1200206-png.png"},"title_text":"burgers","description_text":"Lorem ipsum dolor sit amet, consectetur adipiscing elit.","position":"left","title_size":"h4","image_size":{"unit":"%","size":40,"sizes":[]},"hover_animation":"pop","content_vertical_alignment":"bottom","title_bottom_space":{"unit":"px","size":8,"sizes":[]},"title_color":"#222222","title_typography_typography":"custom","title_typography_font_family":"Zilla Slab","title_typography_font_size":{"unit":"rem","size":1.3000000000000000444089209850062616169452667236328125,"sizes":[]},"title_typography_text_transform":"uppercase","description_color":"#222222","description_typography_typography":"custom","description_typography_font_family":"Open Sans","description_typography_font_size":{"unit":"rem","size":0.8000000000000000444089209850062616169452667236328125,"sizes":[]}},"elements":[],"isInner":false,"widgetType":"image-box","elType":"widget"}],"isInner":true,"elType":"column"},{"id":"3cc75218","settings":{"_column_size":25,"_inline_size":null},"elements":[{"id":"7d53231e","settings":{"image":{"id":"3335","url":"https:\/\/cliente.shazamlnv.com\/setasolar\/wp-content\/uploads\/2022\/04\/image-from-rawpixel-id-1200242-png.png"},"title_text":"specialities","description_text":"Lorem ipsum dolor sit amet, consectetur adipiscing elit.","position":"left","title_size":"h4","image_size":{"unit":"%","size":47,"sizes":[]},"hover_animation":"pop","content_vertical_alignment":"bottom","title_bottom_space":{"unit":"px","size":8,"sizes":[]},"title_color":"#222222","title_typography_typography":"custom","title_typography_font_family":"Zilla Slab","title_typography_font_size":{"unit":"rem","size":1.3000000000000000444089209850062616169452667236328125,"sizes":[]},"title_typography_text_transform":"uppercase","description_color":"#222222","description_typography_typography":"custom","description_typography_font_family":"Open Sans","description_typography_font_size":{"unit":"rem","size":0.8000000000000000444089209850062616169452667236328125,"sizes":[]}},"elements":[],"isInner":false,"widgetType":"image-box","elType":"widget"}],"isInner":true,"elType":"column"},{"id":"1c65d1ce","settings":{"_column_size":25,"_inline_size":null},"elements":[{"id":"68a326a1","settings":{"image":{"id":"3336","url":"https:\/\/cliente.shazamlnv.com\/setasolar\/wp-content\/uploads\/2022\/04\/image-from-rawpixel-id-410628-jpeg.png"},"title_text":"family deals","description_text":"Lorem ipsum dolor sit amet, consectetur.","position":"left","title_size":"h4","image_size":{"unit":"%","size":57,"sizes":[]},"hover_animation":"pop","content_vertical_alignment":"bottom","title_bottom_space":{"unit":"px","size":8,"sizes":[]},"title_color":"#222222","title_typography_typography":"custom","title_typography_font_family":"Zilla Slab","title_typography_font_size":{"unit":"rem","size":1.3000000000000000444089209850062616169452667236328125,"sizes":[]},"title_typography_text_transform":"uppercase","description_color":"#222222","description_typography_typography":"custom","description_typography_font_family":"Open Sans","description_typography_font_size":{"unit":"rem","size":0.8000000000000000444089209850062616169452667236328125,"sizes":[]}},"elements":[],"isInner":false,"widgetType":"image-box","elType":"widget"}],"isInner":true,"elType":"column"},{"id":"44e8d465","settings":{"_column_size":25,"_inline_size":null},"elements":[{"id":"501b230c","settings":{"image":{"id":"3337","url":"https:\/\/cliente.shazamlnv.com\/setasolar\/wp-content\/uploads\/2022\/04\/image-from-rawpixel-id-1200212-png.png"},"title_text":"drinks","description_text":"Lorem ipsum dolor sit amet, consectetur adipiscing elit.","position":"left","title_size":"h4","image_size":{"unit":"%","size":25,"sizes":[]},"hover_animation":"pop","content_vertical_alignment":"bottom","title_bottom_space":{"unit":"px","size":8,"sizes":[]},"title_color":"#222222","title_typography_typography":"custom","title_typography_font_family":"Zilla Slab","title_typography_font_size":{"unit":"rem","size":1.3000000000000000444089209850062616169452667236328125,"sizes":[]},"title_typography_text_transform":"uppercase","description_color":"#222222","description_typography_typography":"custom","description_typography_font_family":"Open Sans","description_typography_font_size":{"unit":"rem","size":0.8000000000000000444089209850062616169452667236328125,"sizes":[]}},"elements":[],"isInner":false,"widgetType":"image-box","elType":"widget"}],"isInner":true,"elType":"column"}],"isInner":true,"elType":"section"},{"id":"28355ade","settings":{"content_width":{"unit":"px","size":1200,"sizes":[]},"structure":"20","padding_mobile":{"unit":"em","top":"0","right":"0","bottom":"0","left":"0","isLinked":true}},"elements":[{"id":"31404ee5","settings":{"_column_size":50,"_inline_size":null,"space_between_widgets":0,"background_background":"classic","background_color":"#B83F2E","background_overlay_background":"classic","background_overlay_size":"contain","overlay_blend_mode":"darken","padding":{"unit":"em","top":"4","right":"2","bottom":"2","left":"2","isLinked":false}},"elements":[{"id":"749e9e8","settings":{"image":{"id":"3330","url":"https:\/\/cliente.shazamlnv.com\/setasolar\/wp-content\/uploads\/2022\/04\/cow.png"},"image_size":"full","width":{"unit":"%","size":10,"sizes":[]},"css_filters_css_filter":"custom","css_filters_brightness":{"unit":"px","size":200,"sizes":[]},"css_filters_hue":{"unit":"px","size":13,"sizes":[]},"width_mobile":{"unit":"%","size":16,"sizes":[]}},"elements":[],"isInner":false,"widgetType":"image","elType":"widget"},{"id":"118f5e24","settings":{"width":{"unit":"%","size":56,"sizes":[]},"align":"center","look":"line_text","text":"768 555-5555","color":"#FFFFFF","text_color":"#FFFFFF","typography_typography":"custom","typography_font_family":"Zilla Slab","typography_font_size":{"unit":"rem","size":2,"sizes":[]},"typography_font_weight":"600","typography_text_transform":"uppercase","typography_line_height":{"unit":"em","size":1.3000000000000000444089209850062616169452667236328125,"sizes":[]},"typography_font_size_mobile":{"unit":"rem","size":1.1999999999999999555910790149937383830547332763671875,"sizes":[]}},"elements":[],"isInner":false,"widgetType":"divider","elType":"widget"},{"id":"1d0ad0c8","settings":{"editor":"<p>34th &amp; Douglas Ave. Minneapolis<\/p>","align":"center","text_color":"#FFFFFF","typography_typography":"custom","typography_font_family":"Open Sans","typography_font_size":{"unit":"rem","size":0.90000000000000002220446049250313080847263336181640625,"sizes":[]}},"elements":[],"isInner":false,"widgetType":"text-editor","elType":"widget"},{"id":"25ea90cb","settings":{"editor":"<p>Open hours:<\/p>","align":"center","text_color":"#FFFFFF","typography_typography":"custom","typography_font_family":"Open Sans","typography_font_size":{"unit":"rem","size":0.90000000000000002220446049250313080847263336181640625,"sizes":[]},"typography_font_weight":"700","typography_font_style":"italic","typography_line_height":{"unit":"em","size":0,"sizes":[]}},"elements":[],"isInner":false,"widgetType":"text-editor","elType":"widget"},{"id":"6a156742","settings":{"editor":"<p>Tues - Sat\u00a0 2pm - 2am<\/p><p>Sun -\u00a0 Mon 12pm - 12pm<\/p>","align":"center","text_color":"#FFFFFF","typography_typography":"custom","typography_font_family":"Open Sans","typography_font_size":{"unit":"rem","size":0.90000000000000002220446049250313080847263336181640625,"sizes":[]},"typography_line_height":{"unit":"em","size":1,"sizes":[]}},"elements":[],"isInner":false,"widgetType":"text-editor","elType":"widget"}],"isInner":true,"elType":"column"},{"id":"5aeafed8","settings":{"_column_size":50,"_inline_size":null,"content_position":"center","space_between_widgets":0,"background_background":"classic","background_image":{"id":"3338","url":"https:\/\/cliente.shazamlnv.com\/setasolar\/wp-content\/uploads\/2022\/04\/meat-burger-with-coleslaw-on-side-and-brown-handled-fork-156114.jpg"},"background_position":"center center","background_size":"cover","background_overlay_background":"gradient","background_overlay_color":"#222222","background_overlay_color_stop":{"unit":"%","size":9,"sizes":[]},"background_overlay_color_b":"rgba(242, 41, 91, 0.06)","background_overlay_opacity":{"unit":"px","size":0.68000000000000004884981308350688777863979339599609375,"sizes":[]},"overlay_blend_mode":"multiply","padding":{"unit":"em","top":"4","right":"4","bottom":"4","left":"4","isLinked":true},"padding_mobile":{"unit":"em","top":"4","right":"2","bottom":"2","left":"2","isLinked":false}},"elements":[{"id":"68a995d6","settings":{"title":"20% Off BIG Family Meals","title_color":"#FFFFFF","typography_typography":"custom","typography_font_family":"Zilla Slab Highlight","typography_font_size":{"unit":"rem","size":4,"sizes":[]},"typography_text_transform":"uppercase","typography_line_height":{"unit":"em","size":1,"sizes":[]},"typography_font_size_mobile":{"unit":"rem","size":3.100000000000000088817841970012523233890533447265625,"sizes":[]}},"elements":[],"isInner":false,"widgetType":"heading","elType":"widget"},{"id":"7cc10505","settings":{"title":"New family deals to go.","title_color":"#FFFFFF","typography_typography":"custom","typography_font_family":"Zilla Slab","typography_font_size":{"unit":"rem","size":2,"sizes":[]},"_margin":{"unit":"px","top":"16","right":"0","bottom":"0","left":"0","isLinked":false},"typography_font_size_mobile":{"unit":"rem","size":1.8000000000000000444089209850062616169452667236328125,"sizes":[]}},"elements":[],"isInner":false,"widgetType":"heading","elType":"widget"},{"id":"96ebf9a","settings":{"text":"get delivery","align":"left","size":"lg","icon_align":"right","typography_typography":"custom","typography_font_family":"Open Sans","typography_font_size":{"unit":"rem","size":1,"sizes":[]},"typography_font_weight":"900","typography_text_transform":"uppercase","typography_letter_spacing":{"unit":"px","size":1,"sizes":[]},"border_radius":{"unit":"px","top":"0","right":"0","bottom":"0","left":"0","isLinked":true},"_margin":{"unit":"px","top":"32","right":"0","bottom":"0","left":"0","isLinked":false},"button_hover_border_color":"#FFFFFF","border_border":"double","border_width":{"unit":"px","top":"4","right":"4","bottom":"4","left":"4","isLinked":true},"border_color":"#B83F2E","_padding":{"unit":"px","top":"0","right":"0","bottom":"0","left":"0","isLinked":false},"align_mobile":"justify"},"elements":[],"isInner":false,"widgetType":"button","elType":"widget"},{"id":"6b5cebe9","settings":[],"elements":[],"isInner":false,"widgetType":"spacer","elType":"widget"}],"isInner":true,"elType":"column"}],"isInner":true,"elType":"section"},{"id":"7a00dd25","settings":{"title":"our specialties","align":"center","typography_typography":"custom","typography_font_family":"Zilla Slab","typography_font_size":{"unit":"rem","size":2.29999999999999982236431605997495353221893310546875,"sizes":[]},"typography_font_weight":"900","typography_text_transform":"uppercase","_margin":{"unit":"px","top":"64","right":"0","bottom":"64","left":"0","isLinked":false}},"elements":[],"isInner":false,"widgetType":"heading","elType":"widget"},{"id":"3f08cd00","settings":{"structure":"30","margin":{"unit":"px","top":"0","right":0,"bottom":"32","left":0,"isLinked":false},"content_width":{"unit":"px","size":1200,"sizes":[]}},"elements":[{"id":"1ce17a7b","settings":{"_column_size":33,"_inline_size":null,"space_between_widgets":0,"padding":{"unit":"em","top":"1","right":"1","bottom":"1","left":"1","isLinked":true},"background_background":"classic","background_color":"#FFFFFF"},"elements":[{"id":"3cfff904","settings":{"image":{"id":"3339","url":"https:\/\/cliente.shazamlnv.com\/setasolar\/wp-content\/uploads\/2022\/04\/cooked-chicken-on-white-plate-2673353.jpg"},"image_size":"custom","image_custom_dimension":{"width":"400","height":"300"},"css_filters_css_filter":"custom","css_filters_brightness":{"unit":"px","size":137,"sizes":[]},"_margin":{"unit":"px","top":"0","right":"0","bottom":"16","left":"0","isLinked":false}},"elements":[],"isInner":false,"widgetType":"image","elType":"widget"},{"id":"7b228c6d","settings":{"title":"$9.99","header_size":"h4","align":"center","title_color":"#B83F2E","typography_typography":"custom","typography_font_family":"Zilla Slab","typography_font_size":{"unit":"rem","size":1.6999999999999999555910790149937383830547332763671875,"sizes":[]},"typography_text_transform":"uppercase","_padding":{"unit":"em","top":"1","right":"1","bottom":"1","left":"1","isLinked":true}},"elements":[],"isInner":false,"widgetType":"heading","elType":"widget"},{"id":"1ecca744","settings":{"title":"BBq chicken &amp; Gumbo","align":"center","title_color":"#222222","typography_typography":"custom","typography_font_family":"Zilla Slab","typography_font_size":{"unit":"rem","size":1.3000000000000000444089209850062616169452667236328125,"sizes":[]},"typography_text_transform":"uppercase","typography_line_height":{"unit":"em","size":1.3000000000000000444089209850062616169452667236328125,"sizes":[]}},"elements":[],"isInner":false,"widgetType":"heading","elType":"widget"},{"id":"51ee034b","settings":{"editor":"<p>Lorem ipsum dolor sit amet, consectetur adipiscing elit.\u00a0<\/p>","align":"center","typography_typography":"custom","typography_font_family":"Open Sans","typography_font_size":{"unit":"rem","size":0.90000000000000002220446049250313080847263336181640625,"sizes":[]},"_padding":{"unit":"em","top":"0","right":"1","bottom":"0","left":"1","isLinked":false}},"elements":[],"isInner":false,"widgetType":"text-editor","elType":"widget"}],"isInner":true,"elType":"column"},{"id":"223cddc4","settings":{"_column_size":33,"_inline_size":null,"space_between_widgets":0,"padding":{"unit":"em","top":"1","right":"1","bottom":"1","left":"1","isLinked":true},"background_background":"classic","background_color":"#FFFFFF"},"elements":[{"id":"51105c55","settings":{"image":{"id":"3340","url":"https:\/\/cliente.shazamlnv.com\/setasolar\/wp-content\/uploads\/2022\/04\/ham-and-bacon-burger-2983098.jpg"},"image_size":"custom","image_custom_dimension":{"width":"400","height":"300"},"css_filters_css_filter":"custom","css_filters_brightness":{"unit":"px","size":137,"sizes":[]},"_margin":{"unit":"px","top":"0","right":"0","bottom":"16","left":"0","isLinked":false}},"elements":[],"isInner":false,"widgetType":"image","elType":"widget"},{"id":"8e51577","settings":{"title":"$9.99","header_size":"h4","align":"center","title_color":"#B83F2E","typography_typography":"custom","typography_font_family":"Zilla Slab","typography_font_size":{"unit":"rem","size":1.6999999999999999555910790149937383830547332763671875,"sizes":[]},"typography_text_transform":"uppercase","_padding":{"unit":"em","top":"1","right":"1","bottom":"1","left":"1","isLinked":true}},"elements":[],"isInner":false,"widgetType":"heading","elType":"widget"},{"id":"234bdd8a","settings":{"title":"BBQ Bacon burger","align":"center","title_color":"#222222","typography_typography":"custom","typography_font_family":"Zilla Slab","typography_font_size":{"unit":"rem","size":1.3000000000000000444089209850062616169452667236328125,"sizes":[]},"typography_text_transform":"uppercase","typography_line_height":{"unit":"em","size":1.3000000000000000444089209850062616169452667236328125,"sizes":[]}},"elements":[],"isInner":false,"widgetType":"heading","elType":"widget"},{"id":"51281df8","settings":{"editor":"<p>Lorem ipsum dolor sit amet, consectetur adipiscing elit.\u00a0<\/p>","align":"center","typography_typography":"custom","typography_font_family":"Open Sans","typography_font_size":{"unit":"rem","size":0.90000000000000002220446049250313080847263336181640625,"sizes":[]},"_padding":{"unit":"em","top":"0","right":"1","bottom":"0","left":"1","isLinked":false}},"elements":[],"isInner":false,"widgetType":"text-editor","elType":"widget"}],"isInner":true,"elType":"column"},{"id":"4e1f6ead","settings":{"_column_size":33,"_inline_size":null,"space_between_widgets":0,"padding":{"unit":"em","top":"1","right":"1","bottom":"1","left":"1","isLinked":true},"background_background":"classic","background_color":"#FFFFFF"},"elements":[{"id":"33487f22","settings":{"image":{"id":"3341","url":"https:\/\/cliente.shazamlnv.com\/setasolar\/wp-content\/uploads\/2022\/04\/barbecue-bbq-beef-cooked-410648.jpg"},"image_size":"custom","image_custom_dimension":{"width":"400","height":"300"},"css_filters_css_filter":"custom","css_filters_brightness":{"unit":"px","size":137,"sizes":[]},"_margin":{"unit":"px","top":"0","right":"0","bottom":"16","left":"0","isLinked":false}},"elements":[],"isInner":false,"widgetType":"image","elType":"widget"},{"id":"74be8b14","settings":{"title":"$14.99","header_size":"h4","align":"center","title_color":"#B83F2E","typography_typography":"custom","typography_font_family":"Zilla Slab","typography_font_size":{"unit":"rem","size":1.6999999999999999555910790149937383830547332763671875,"sizes":[]},"typography_text_transform":"uppercase","_padding":{"unit":"em","top":"1","right":"1","bottom":"1","left":"1","isLinked":true}},"elements":[],"isInner":false,"widgetType":"heading","elType":"widget"},{"id":"599a8990","settings":{"title":"signature bbq ribs","align":"center","title_color":"#222222","typography_typography":"custom","typography_font_family":"Zilla Slab","typography_font_size":{"unit":"rem","size":1.3000000000000000444089209850062616169452667236328125,"sizes":[]},"typography_text_transform":"uppercase","typography_line_height":{"unit":"em","size":1.3000000000000000444089209850062616169452667236328125,"sizes":[]}},"elements":[],"isInner":false,"widgetType":"heading","elType":"widget"},{"id":"5577ad7f","settings":{"editor":"<p>Lorem ipsum dolor sit amet, consectetur adipiscing elit.\u00a0<\/p>","align":"center","typography_typography":"custom","typography_font_family":"Open Sans","typography_font_size":{"unit":"rem","size":0.90000000000000002220446049250313080847263336181640625,"sizes":[]},"_padding":{"unit":"em","top":"0","right":"1","bottom":"0","left":"1","isLinked":false}},"elements":[],"isInner":false,"widgetType":"text-editor","elType":"widget"}],"isInner":true,"elType":"column"}],"isInner":true,"elType":"section"},{"id":"5f6091d1","settings":{"structure":"30","margin":{"unit":"px","top":"0","right":0,"bottom":"32","left":0,"isLinked":false},"content_width":{"unit":"px","size":1200,"sizes":[]}},"elements":[{"id":"5bbcfaba","settings":{"_column_size":33,"_inline_size":null,"space_between_widgets":0,"padding":{"unit":"em","top":"1","right":"1","bottom":"1","left":"1","isLinked":true},"background_background":"classic","background_color":"#FFFFFF"},"elements":[{"id":"636b43ab","settings":{"image":{"id":"3342","url":"https:\/\/cliente.shazamlnv.com\/setasolar\/wp-content\/uploads\/2022\/04\/burger-with-spinach-and-cheese-1199956.jpg"},"image_size":"custom","image_custom_dimension":{"width":"400","height":"300"},"css_filters_css_filter":"custom","css_filters_brightness":{"unit":"px","size":137,"sizes":[]},"_margin":{"unit":"px","top":"0","right":"0","bottom":"16","left":"0","isLinked":false}},"elements":[],"isInner":false,"widgetType":"image","elType":"widget"},{"id":"15a7b93d","settings":{"title":"$9.99","header_size":"h4","align":"center","title_color":"#B83F2E","typography_typography":"custom","typography_font_family":"Zilla Slab","typography_font_size":{"unit":"rem","size":1.6999999999999999555910790149937383830547332763671875,"sizes":[]},"typography_text_transform":"uppercase","_padding":{"unit":"em","top":"1","right":"1","bottom":"1","left":"1","isLinked":true}},"elements":[],"isInner":false,"widgetType":"heading","elType":"widget"},{"id":"10786fd7","settings":{"title":"signatue bbq burger","align":"center","title_color":"#222222","typography_typography":"custom","typography_font_family":"Zilla Slab","typography_font_size":{"unit":"rem","size":1.3000000000000000444089209850062616169452667236328125,"sizes":[]},"typography_text_transform":"uppercase","typography_line_height":{"unit":"em","size":1.3000000000000000444089209850062616169452667236328125,"sizes":[]}},"elements":[],"isInner":false,"widgetType":"heading","elType":"widget"},{"id":"50600b40","settings":{"editor":"<p>Lorem ipsum dolor sit amet, consectetur adipiscing elit.\u00a0<\/p>","align":"center","typography_typography":"custom","typography_font_family":"Open Sans","typography_font_size":{"unit":"rem","size":0.90000000000000002220446049250313080847263336181640625,"sizes":[]},"_padding":{"unit":"em","top":"0","right":"1","bottom":"0","left":"1","isLinked":false}},"elements":[],"isInner":false,"widgetType":"text-editor","elType":"widget"}],"isInner":true,"elType":"column"},{"id":"15c8c097","settings":{"_column_size":33,"_inline_size":null,"space_between_widgets":0,"padding":{"unit":"em","top":"1","right":"1","bottom":"1","left":"1","isLinked":true},"background_background":"classic","background_color":"#FFFFFF"},"elements":[{"id":"7e5872f6","settings":{"image":{"id":"3343","url":"https:\/\/cliente.shazamlnv.com\/setasolar\/wp-content\/uploads\/2022\/04\/white-cream-on-white-bowl-1633525.jpg"},"image_size":"custom","image_custom_dimension":{"width":"400","height":"300"},"css_filters_css_filter":"custom","css_filters_brightness":{"unit":"px","size":137,"sizes":[]},"_margin":{"unit":"px","top":"0","right":"0","bottom":"16","left":"0","isLinked":false}},"elements":[],"isInner":false,"widgetType":"image","elType":"widget"},{"id":"47392f4d","settings":{"title":"$14.99","header_size":"h4","align":"center","title_color":"#B83F2E","typography_typography":"custom","typography_font_family":"Zilla Slab","typography_font_size":{"unit":"rem","size":1.6999999999999999555910790149937383830547332763671875,"sizes":[]},"typography_text_transform":"uppercase","_padding":{"unit":"em","top":"1","right":"1","bottom":"1","left":"1","isLinked":true}},"elements":[],"isInner":false,"widgetType":"heading","elType":"widget"},{"id":"727928ae","settings":{"title":"signature bbq ribs","align":"center","title_color":"#222222","typography_typography":"custom","typography_font_family":"Zilla Slab","typography_font_size":{"unit":"rem","size":1.3000000000000000444089209850062616169452667236328125,"sizes":[]},"typography_text_transform":"uppercase","typography_line_height":{"unit":"em","size":1.3000000000000000444089209850062616169452667236328125,"sizes":[]}},"elements":[],"isInner":false,"widgetType":"heading","elType":"widget"},{"id":"370df9e0","settings":{"editor":"<p>Lorem ipsum dolor sit amet, consectetur adipiscing elit.\u00a0<\/p>","align":"center","typography_typography":"custom","typography_font_family":"Open Sans","typography_font_size":{"unit":"rem","size":0.90000000000000002220446049250313080847263336181640625,"sizes":[]},"_padding":{"unit":"em","top":"0","right":"1","bottom":"0","left":"1","isLinked":false}},"elements":[],"isInner":false,"widgetType":"text-editor","elType":"widget"}],"isInner":true,"elType":"column"},{"id":"5bc3e67e","settings":{"_column_size":33,"_inline_size":null,"space_between_widgets":0,"padding":{"unit":"em","top":"1","right":"1","bottom":"1","left":"1","isLinked":true},"background_background":"classic","background_color":"#FFFFFF"},"elements":[{"id":"4e95fde0","settings":{"image":{"id":"3344","url":"https:\/\/cliente.shazamlnv.com\/setasolar\/wp-content\/uploads\/2022\/04\/pexels-photo-106343.jpeg"},"image_size":"custom","image_custom_dimension":{"width":"400","height":"300"},"css_filters_css_filter":"custom","css_filters_brightness":{"unit":"px","size":137,"sizes":[]},"_margin":{"unit":"px","top":"0","right":"0","bottom":"16","left":"0","isLinked":false}},"elements":[],"isInner":false,"widgetType":"image","elType":"widget"},{"id":"db8bb56","settings":{"title":"$9.99","header_size":"h4","align":"center","title_color":"#B83F2E","typography_typography":"custom","typography_font_family":"Zilla Slab","typography_font_size":{"unit":"rem","size":1.6999999999999999555910790149937383830547332763671875,"sizes":[]},"typography_text_transform":"uppercase","_padding":{"unit":"em","top":"1","right":"1","bottom":"1","left":"1","isLinked":true}},"elements":[],"isInner":false,"widgetType":"heading","elType":"widget"},{"id":"5d2123f7","settings":{"title":"hot bbq wings","align":"center","title_color":"#222222","typography_typography":"custom","typography_font_family":"Zilla Slab","typography_font_size":{"unit":"rem","size":1.3000000000000000444089209850062616169452667236328125,"sizes":[]},"typography_text_transform":"uppercase","typography_line_height":{"unit":"em","size":1.3000000000000000444089209850062616169452667236328125,"sizes":[]}},"elements":[],"isInner":false,"widgetType":"heading","elType":"widget"},{"id":"7c2ffe70","settings":{"editor":"<p>Lorem ipsum dolor sit amet, consectetur adipiscing elit.\u00a0<\/p>","align":"center","typography_typography":"custom","typography_font_family":"Open Sans","typography_font_size":{"unit":"rem","size":0.90000000000000002220446049250313080847263336181640625,"sizes":[]},"_padding":{"unit":"em","top":"0","right":"1","bottom":"0","left":"1","isLinked":false}},"elements":[],"isInner":false,"widgetType":"text-editor","elType":"widget"}],"isInner":true,"elType":"column"}],"isInner":true,"elType":"section"}],"isInner":false,"elType":"column"}],"isInner":false,"elType":"section"},{"id":"3414a783","settings":{"content_width":{"unit":"px","size":980,"sizes":[]},"height":"min-height","custom_height":{"unit":"vh","size":60,"sizes":[]},"background_background":"classic","background_color":"#222222","background_image":{"id":"3345","url":"https:\/\/cliente.shazamlnv.com\/setasolar\/wp-content\/uploads\/2022\/04\/close-up-photo-of-man-cooking-meat-1482803.jpg"},"background_position":"center center","background_attachment":"fixed","background_size":"cover","background_overlay_background":"classic","background_overlay_color":"#222222","background_overlay_opacity":{"unit":"px","size":0.320000000000000006661338147750939242541790008544921875,"sizes":[]},"overlay_blend_mode":"multiply","padding_mobile":{"unit":"em","top":"1","right":"1","bottom":"1","left":"1","isLinked":true}},"elements":[{"id":"739aed20","settings":{"_column_size":100,"_inline_size":null},"elements":[{"id":"48da6604","settings":{"title":"big independence day summer party","title_color":"#FFFFFF","typography_typography":"custom","typography_font_family":"Zilla Slab Highlight","typography_font_size":{"unit":"rem","size":4,"sizes":[]},"typography_text_transform":"uppercase","typography_line_height":{"unit":"em","size":1,"sizes":[]},"align":"center","typography_font_size_mobile":{"unit":"rem","size":2.600000000000000088817841970012523233890533447265625,"sizes":[]}},"elements":[],"isInner":false,"widgetType":"heading","elType":"widget"},{"id":"7aac5203","settings":{"title":"July 4th  2pm - 2am","align":"center","title_color":"#FFFFFF","typography_typography":"custom","typography_font_family":"Zilla Slab","typography_font_size":{"unit":"rem","size":2,"sizes":[]}},"elements":[],"isInner":false,"widgetType":"heading","elType":"widget"},{"id":"75919f5f","settings":{"text":"view details","align":"center","size":"md","selected_icon":{"value":"fas fa-birthday-cake","library":"fa-solid"},"icon_align":"right","icon_indent":{"unit":"px","size":8,"sizes":[]},"typography_typography":"custom","typography_font_family":"Open Sans","typography_font_size":{"unit":"rem","size":0.90000000000000002220446049250313080847263336181640625,"sizes":[]},"typography_font_weight":"800","typography_text_transform":"uppercase","typography_letter_spacing":{"unit":"px","size":1,"sizes":[]},"button_text_color":"#FFFFFF","background_color":"rgba(253, 247, 236, 0.02)","border_border":"double","border_color":"#FFFFFF","border_radius":{"unit":"px","top":"0","right":"0","bottom":"0","left":"0","isLinked":true},"button_background_hover_color":"#B83F2E","hover_animation":"shrink","align_mobile":"justify"},"elements":[],"isInner":false,"widgetType":"button","elType":"widget"}],"isInner":false,"elType":"column"}],"isInner":false,"elType":"section"},{"id":"4dea39eb","settings":{"content_width":{"unit":"px","size":600,"sizes":[]},"gap":"no","background_background":"classic","background_color":"#FFFFFF","background_overlay_background":"classic","background_overlay_image":{"id":"3346","url":"https:\/\/cliente.shazamlnv.com\/setasolar\/wp-content\/uploads\/2022\/04\/Cow-Print-Wallpaper-Square.jpg"},"background_overlay_attachment":"fixed","background_overlay_size":"auto","background_overlay_opacity":{"unit":"px","size":0.0299999999999999988897769753748434595763683319091796875,"sizes":[]},"padding":{"unit":"px","top":"64","right":"0","bottom":"0","left":"0","isLinked":false}},"elements":[{"id":"5b73841f","settings":{"_column_size":100,"_inline_size":null},"elements":[{"id":"263fc3cf","settings":{"margin":{"unit":"px","top":"0","right":0,"bottom":"0","left":0,"isLinked":false}},"elements":[{"id":"2c5f6e41","settings":{"_column_size":100,"_inline_size":null,"padding":{"unit":"em","top":"0","right":"4","bottom":"0","left":"2","isLinked":false},"padding_mobile":{"unit":"em","top":"1","right":"1","bottom":"1","left":"1","isLinked":true}},"elements":[{"id":"86ab358","settings":{"width":{"unit":"%","size":56,"sizes":[]},"align":"center","look":"line_text","text":"favorites","color":"#222222","text_color":"#222222","typography_typography":"custom","typography_font_family":"Zilla Slab","typography_font_size":{"unit":"rem","size":2,"sizes":[]},"typography_font_weight":"600","typography_text_transform":"uppercase","typography_line_height":{"unit":"em","size":1.3000000000000000444089209850062616169452667236328125,"sizes":[]}},"elements":[],"isInner":false,"widgetType":"divider","elType":"widget"},{"id":"13cbaa8","settings":{"image":{"id":"3347","url":"https:\/\/cliente.shazamlnv.com\/setasolar\/wp-content\/uploads\/2022\/04\/123.jpg"},"thumbnail_size":"medium","title_text":"BBQ Burger & Beer  ","description_text":"Lorem ipsum dolor sit amet, consectetur adipiscing elit. Ut elit tellus, luctus nec.","position":"left","title_size":"h4","image_size":{"unit":"%","size":40,"sizes":[]},"hover_animation":"pop","title_bottom_space":{"unit":"px","size":8,"sizes":[]},"title_color":"#222222","title_typography_typography":"custom","title_typography_font_family":"Zilla Slab","title_typography_font_size":{"unit":"rem","size":1.1999999999999999555910790149937383830547332763671875,"sizes":[]},"description_color":"#222222","description_typography_typography":"custom","description_typography_font_family":"Open Sans","description_typography_font_size":{"unit":"rem","size":0.8000000000000000444089209850062616169452667236328125,"sizes":[]},"image_space_mobile":{"unit":"px","size":0,"sizes":[]},"_padding_mobile":{"unit":"em","top":"0","right":"0","bottom":"1","left":"0","isLinked":false}},"elements":[],"isInner":false,"widgetType":"image-box","elType":"widget"},{"id":"3d8f6ec0","settings":{"image":{"id":"3348","url":"https:\/\/cliente.shazamlnv.com\/setasolar\/wp-content\/uploads\/2022\/04\/barbecue-84671_1280.jpg"},"thumbnail_size":"medium","thumbnail_custom_dimension":{"width":"80","height":"80"},"title_text":"BBQebabs ","description_text":"Lorem ipsum dolor sit amet, consectetur adipiscing elit. Ut elit tellus, luctus nec.","position":"left","title_size":"h4","image_size":{"unit":"%","size":40,"sizes":[]},"hover_animation":"pop","title_bottom_space":{"unit":"px","size":8,"sizes":[]},"title_color":"#222222","title_typography_typography":"custom","title_typography_font_family":"Zilla Slab","title_typography_font_size":{"unit":"rem","size":1.1999999999999999555910790149937383830547332763671875,"sizes":[]},"description_color":"#222222","description_typography_typography":"custom","description_typography_font_family":"Open Sans","description_typography_font_size":{"unit":"rem","size":0.8000000000000000444089209850062616169452667236328125,"sizes":[]},"image_space_mobile":{"unit":"px","size":0,"sizes":[]},"_padding_mobile":{"unit":"em","top":"0","right":"0","bottom":"1","left":"0","isLinked":false}},"elements":[],"isInner":false,"widgetType":"image-box","elType":"widget"},{"id":"5d9dd73e","settings":{"image":{"id":"3349","url":"https:\/\/cliente.shazamlnv.com\/setasolar\/wp-content\/uploads\/2022\/04\/pexels-photo-291528.jpeg"},"thumbnail_size":"medium","title_text":"Auntie's Fudge Cake","description_text":"Lorem ipsum dolor sit amet, consectetur adipiscing elit. Ut elit tellus, luctus nec.","position":"left","title_size":"h4","image_size":{"unit":"%","size":40,"sizes":[]},"hover_animation":"pop","title_bottom_space":{"unit":"px","size":8,"sizes":[]},"title_color":"#222222","title_typography_typography":"custom","title_typography_font_family":"Zilla Slab","title_typography_font_size":{"unit":"rem","size":1.1999999999999999555910790149937383830547332763671875,"sizes":[]},"description_color":"#222222","description_typography_typography":"custom","description_typography_font_family":"Open Sans","description_typography_font_size":{"unit":"rem","size":0.8000000000000000444089209850062616169452667236328125,"sizes":[]},"image_space_mobile":{"unit":"px","size":0,"sizes":[]},"_padding_mobile":{"unit":"em","top":"0","right":"0","bottom":"1","left":"0","isLinked":false}},"elements":[],"isInner":false,"widgetType":"image-box","elType":"widget"}],"isInner":true,"elType":"column"}],"isInner":true,"elType":"section"}],"isInner":false,"elType":"column"}],"isInner":false,"elType":"section"},{"id":"75731165","settings":{"layout":"full_width","content_width":{"unit":"px","size":1200,"sizes":[]},"structure":"20","background_background":"classic","background_color":"#FFFFFF","background_overlay_background":"classic","background_overlay_image":{"id":"3346","url":"https:\/\/cliente.shazamlnv.com\/setasolar\/wp-content\/uploads\/2022\/04\/Cow-Print-Wallpaper-Square.jpg"},"background_overlay_attachment":"fixed","background_overlay_size":"auto","background_overlay_opacity":{"unit":"px","size":0.0299999999999999988897769753748434595763683319091796875,"sizes":[]},"padding":{"unit":"px","top":"64","right":"0","bottom":"0","left":"0","isLinked":false}},"elements":[{"id":"3ddc4414","settings":{"_column_size":50,"_inline_size":null,"space_between_widgets":0,"background_background":"classic","background_color":"#B83F2E","background_overlay_background":"classic","background_overlay_size":"contain","overlay_blend_mode":"darken","padding":{"unit":"em","top":"4","right":"2","bottom":"2","left":"2","isLinked":false},"padding_mobile":{"unit":"em","top":"1","right":"1","bottom":"1","left":"1","isLinked":true}},"elements":[{"id":"79331104","settings":{"content_width":{"unit":"px","size":500,"sizes":[]}},"elements":[{"id":"5b6761c0","settings":{"_column_size":100,"_inline_size":null},"elements":[{"id":"26301bf","settings":{"slides":[{"content":"This is my new favorite BBQ restaurant! Five stars and highly recommended!","name":"Anna","title":"Foodie Magazine","image":{"id":"3350","url":"https:\/\/cliente.shazamlnv.com\/setasolar\/wp-content\/uploads\/2022\/04\/allef-vinicius-152195-unsplash.png"},"_id":"c9e5c8b"},{"content":"Those burgers are best in town! My favorite place definitely!","name":"Jonathan","title":"Timeout","image":{"id":"3351","url":"https:\/\/cliente.shazamlnv.com\/setasolar\/wp-content\/uploads\/2022\/04\/angello-lopez-138917-unsplash.png"},"_id":"f4f8bba"}],"slides_per_view":"1","width":{"unit":"%","size":100},"autoplay_speed":2600,"space_between":{"unit":"px","size":0},"show_arrows":"","slide_border_radius":{"unit":"px","size":0},"content_gap":{"unit":"px","size":38},"content_color":"#ece1cf","content_typography_typography":"custom","content_typography_font_family":"Zilla Slab","content_typography_font_size":{"unit":"rem","size":1.3000000000000000444089209850062616169452667236328125},"content_typography_font_weight":"600","name_color":"#FFFFFF","name_typography_typography":"custom","name_typography_font_family":"Zilla Slab Highlight","name_typography_font_size":{"unit":"rem","size":1.399999999999999911182158029987476766109466552734375},"name_typography_letter_spacing":{"unit":"px","size":-1},"image_size":{"unit":"px","size":60},"image_gap":{"unit":"px","size":16},"image_border_radius":{"unit":"px","size":100},"arrows_size":{"unit":"px","size":52},"arrows_color":"#ece1cf","pagination_size":{"unit":"px","size":7},"pagination_color":"#222222","background_color":"#b83f2e","border_radius":{"unit":"px","top":"0","right":"0","bottom":"0","left":"0","isLinked":true},"_padding":{"unit":"em","top":"","right":"","bottom":"","left":"","isLinked":false},"_margin_mobile":{"unit":"px","top":"0","right":"0","bottom":"0","left":"0","isLinked":true},"_padding_mobile":{"unit":"px","top":"0","right":"0","bottom":"0","left":"0","isLinked":true},"width_tablet":{"unit":"px","size":570},"width_mobile":{"unit":"%","size":100},"content_typography_font_size_mobile":{"unit":"px","size":21},"_margin_tablet":{"unit":"px","top":"0","right":"0","bottom":"0","left":"0","isLinked":true},"_padding_tablet":{"unit":"px","top":"0","right":"0","bottom":"0","left":"0","isLinked":true},"title_color":"#FFFFFF","title_typography_typography":"custom","title_typography_font_family":"Open Sans"},"elements":[],"isInner":false,"widgetType":"testimonial-carousel","elType":"widget"}],"isInner":true,"elType":"column"}],"isInner":true,"elType":"section"}],"isInner":false,"elType":"column"},{"id":"2e5d3c59","settings":{"_column_size":50,"_inline_size":null,"content_position":"top","space_between_widgets":0,"background_background":"classic","background_image":{"id":"3352","url":"https:\/\/cliente.shazamlnv.com\/setasolar\/wp-content\/uploads\/2022\/04\/patrick-tomasso-499112-unsplash.jpg"},"background_overlay_background":"gradient","background_overlay_color":"#222222","background_overlay_color_stop":{"unit":"%","size":45,"sizes":[]},"background_overlay_color_b":"rgba(242, 41, 91, 0.06)","background_overlay_gradient_angle":{"unit":"deg","size":0,"sizes":[]},"background_overlay_opacity":{"unit":"px","size":0.68000000000000004884981308350688777863979339599609375,"sizes":[]},"overlay_blend_mode":"multiply","padding":{"unit":"em","top":"4","right":"4","bottom":"4","left":"4","isLinked":true},"padding_mobile":{"unit":"em","top":"1","right":"1","bottom":"1","left":"1","isLinked":true}},"elements":[{"id":"5b1772b7","settings":{"content_width":{"unit":"px","size":500,"sizes":[]}},"elements":[{"id":"23aa1e66","settings":{"_column_size":100,"_inline_size":null},"elements":[{"id":"183bbe67","settings":{"social_icon_list":[{"social_icon":{"value":"fab fa-facebook","library":"fa-brands"},"_id":"ac98737"},{"social_icon":{"value":"fab fa-twitter","library":"fa-brands"},"_id":"d7f0e8a"},{"social_icon":{"value":"fab fa-youtube","library":"fa-brands"},"_id":"9f37664"}],"icon_color":"custom","icon_primary_color":"#FFFFFF","icon_secondary_color":"#222222","icon_size":{"unit":"px","size":24,"sizes":[]},"border_radius":{"unit":"px","top":"0","right":"0","bottom":"0","left":"0","isLinked":true},"_margin":{"unit":"px","top":"5","right":"0","bottom":"0","left":"0","isLinked":false}},"elements":[],"isInner":false,"widgetType":"social-icons","elType":"widget"},{"id":"6900c7a7","settings":{"width":{"unit":"%","size":66,"sizes":[]},"align":"center","look":"line_text","text":"keep up with us","color":"#FFFFFF","text_color":"#FFFFFF","typography_typography":"custom","typography_font_family":"Zilla Slab","typography_font_size":{"unit":"rem","size":1.3000000000000000444089209850062616169452667236328125,"sizes":[]},"typography_font_weight":"600","typography_text_transform":"uppercase","typography_line_height":{"unit":"em","size":1.3000000000000000444089209850062616169452667236328125,"sizes":[]},"_margin":{"unit":"px","top":"0","right":"0","bottom":"032","left":"0","isLinked":false},"width_mobile":{"unit":"%","size":100,"sizes":[]}},"elements":[],"isInner":false,"widgetType":"divider","elType":"widget"},{"id":"68043eb6","settings":{"text":"get delivery","align":"center","size":"xl","icon_align":"right","typography_typography":"custom","typography_font_family":"Open Sans","typography_font_size":{"unit":"rem","size":1,"sizes":[]},"typography_font_weight":"900","typography_text_transform":"uppercase","typography_letter_spacing":{"unit":"px","size":1,"sizes":[]},"border_radius":{"unit":"px","top":"0","right":"0","bottom":"0","left":"0","isLinked":true},"button_hover_border_color":"#FFFFFF","border_border":"double","border_width":{"unit":"px","top":"4","right":"4","bottom":"4","left":"4","isLinked":true},"border_color":"#B83F2E","align_mobile":"justify"},"elements":[],"isInner":false,"widgetType":"button","elType":"widget"}],"isInner":true,"elType":"column"}],"isInner":true,"elType":"section"},{"id":"70c693d5","settings":[],"elements":[],"isInner":false,"widgetType":"spacer","elType":"widget"}],"isInner":false,"elType":"column"}],"isInner":false,"elType":"section"},{"id":"2d01407c","settings":{"background_background":"classic","background_color":"#222222","padding":{"unit":"em","top":"1","right":"1","bottom":"1","left":"1","isLinked":true}},"elements":[{"id":"6d9315c6","settings":{"_column_size":100,"_inline_size":null},"elements":[{"id":"1188fd2c","settings":{"view":"inline","icon_list":[{"text":"facebook","selected_icon":{"value":"fab fa-facebook-messenger","library":"fa-brands"},"_id":"7292629"},{"text":"volt","selected_icon":{"value":"fas fa-biking","library":"fa-solid"},"_id":"7d8b9b6"},{"text":"deliverit","selected_icon":{"value":"fas fa-dot-circle","library":"fa-solid"},"_id":"56504ab"}],"space_between":{"unit":"px","size":32,"sizes":[]},"icon_align":"center","icon_color":"#B83F2E","text_color":"#FFFFFF","icon_typography_typography":"custom","icon_typography_font_family":"Open Sans","icon_typography_font_size":{"unit":"rem","size":0.8000000000000000444089209850062616169452667236328125,"sizes":[]},"_padding":{"unit":"em","top":"0","right":"0","bottom":"0","left":"0","isLinked":true},"icon_typography_font_weight":"600","icon_typography_text_transform":"uppercase","icon_typography_letter_spacing":{"unit":"px","size":1,"sizes":[]},"space_between_mobile":{"unit":"px","size":15,"sizes":[]},"icon_align_mobile":"center"},"elements":[],"isInner":false,"widgetType":"icon-list","elType":"widget"}],"isInner":false,"elType":"column"}],"isInner":false,"elType":"section"}],"page_settings":{"background_color":"#000000"},"version":"0.4","title":"COMIDA","type":"section"}