{"content":[{"id":"5dd5465b","settings":{"jet_parallax_layout_list":[{"jet_parallax_layout_image":{"url":""},"_id":"a5990ef","jet_parallax_layout_image_tablet":{"url":"","id":""},"jet_parallax_layout_image_mobile":{"url":"","id":""},"jet_parallax_layout_speed":{"unit":"%","size":50,"sizes":[]},"jet_parallax_layout_type":"scroll","jet_parallax_layout_direction":"1","jet_parallax_layout_fx_direction":"fade-in","jet_parallax_layout_z_index":"","jet_parallax_layout_bg_x":50,"jet_parallax_layout_bg_y":50,"jet_parallax_layout_bg_size":"auto","jet_parallax_layout_animation_prop":"transform","jet_parallax_layout_on":["desktop","tablet"]}],"background_background":"classic","background_image":{"id":2655,"url":"https:\/\/cliente.shazamlnv.com\/wp-content\/uploads\/2022\/02\/20209-scaled-1.jpg"},"background_position":"initial","background_xpos":{"unit":"px","size":-353,"sizes":[]},"background_ypos":{"unit":"px","size":-295,"sizes":[]},"background_overlay_background":"gradient","background_overlay_color":"#3176E4","shape_divider_bottom":"pyramids","shape_divider_bottom_color":"#6EC1E4","shape_divider_bottom_width":{"unit":"%","size":100,"sizes":[]},"shape_divider_bottom_height":{"unit":"px","size":69,"sizes":[]},"background_position_mobile":"center center","background_xpos_mobile":{"unit":"px","size":1100,"sizes":[]},"background_ypos_mobile":{"unit":"px","size":-16,"sizes":[]},"background_size_mobile":"cover"},"elements":[{"id":"15ea76a7","settings":{"_column_size":100,"_inline_size":null},"elements":[{"id":"3798309","settings":[],"elements":[],"isInner":false,"widgetType":"spacer","elType":"widget"},{"id":"78920757","settings":{"jet_parallax_layout_list":[{"jet_parallax_layout_image":{"url":""},"_id":"342dca9","jet_parallax_layout_image_tablet":{"url":"","id":""},"jet_parallax_layout_image_mobile":{"url":"","id":""},"jet_parallax_layout_speed":{"unit":"%","size":50,"sizes":[]},"jet_parallax_layout_type":"scroll","jet_parallax_layout_direction":"1","jet_parallax_layout_fx_direction":"fade-in","jet_parallax_layout_z_index":"","jet_parallax_layout_bg_x":50,"jet_parallax_layout_bg_y":50,"jet_parallax_layout_bg_size":"auto","jet_parallax_layout_animation_prop":"transform","jet_parallax_layout_on":["desktop","tablet"]}],"margin_mobile":{"unit":"px","top":"-98","right":0,"bottom":"0","left":0,"isLinked":false},"padding_mobile":{"unit":"px","top":"0","right":"0","bottom":"0","left":"0","isLinked":false}},"elements":[{"id":"1187e864","settings":{"_column_size":100,"_inline_size":null},"elements":[{"id":"693bfc9f","settings":{"editor":"<p>S\u00c3O MAIS DE <span style=\"color: #00ffff;\">100 RECEITAS DE PAPINHAS <\/span>COM IN\u00daMEROS BENEF\u00cdCIOS PARA O SEU BEB\u00ca<\/p>","text_color":"#FFFFFF","typography_typography":"custom","typography_font_size":{"unit":"px","size":45,"sizes":[]},"typography_font_weight":"bold","typography_line_height":{"unit":"em","size":0.90000000000000002220446049250313080847263336181640625,"sizes":[]},"typography_letter_spacing":{"unit":"px","size":-0.40000000000000002220446049250313080847263336181640625,"sizes":[]},"_box_shadow_box_shadow":{"horizontal":-1,"vertical":0,"blur":10,"spread":0,"color":"#6EC1E4"},"align_mobile":"center","typography_font_size_mobile":{"unit":"px","size":24,"sizes":[]},"_animation":"fadeInLeft","align":"center"},"elements":[],"isInner":false,"widgetType":"text-editor","elType":"widget"},{"id":"124bc000","settings":{"editor":"<p>Assista o v\u00eddeo de apresenta\u00e7\u00e3o e veja como sua vida vai mudar ap\u00f3s o Papinhas Facilitadas<\/p>","text_color":"#FFFFFF","align_mobile":"center","typography_typography":"custom","typography_font_size_mobile":{"unit":"px","size":12,"sizes":[]},"typography_line_height_mobile":{"unit":"em","size":1,"sizes":[]},"_margin_mobile":{"unit":"px","top":"15","right":"0","bottom":"0","left":"0","isLinked":false},"_animation":"fadeInDown","align":"center"},"elements":[],"isInner":false,"widgetType":"text-editor","elType":"widget"},{"id":"799b9a8b","settings":{"youtube_url":"https:\/\/www.youtube.com\/watch?v=XHOmBV4js_E","vimeo_url":"https:\/\/vimeo.com\/235215203","dailymotion_url":"https:\/\/www.dailymotion.com\/video\/x6tqhqb","show_image_overlay":"yes","image_overlay":{"id":2655,"url":"https:\/\/cliente.shazamlnv.com\/wp-content\/uploads\/2022\/02\/20209-scaled-1.jpg"},"lazy_load":"yes","_margin":{"unit":"px","top":"30","right":"0","bottom":"30","left":"0","isLinked":false},"_padding":{"unit":"px","top":"0","right":"0","bottom":"0","left":"0","isLinked":false},"_animation":"zoomInUp"},"elements":[],"isInner":false,"widgetType":"video","elType":"widget"},{"id":"29be3424","settings":{"text":"EU QUERO AS PAPINHAS","align":"center","background_color":"#51BCE9","button_background_hover_color":"#E048A9","hover_animation":"shrink","_animation":"bounce","animation_duration":"slow","_animation_delay":3000},"elements":[],"isInner":false,"widgetType":"button","elType":"widget"}],"isInner":true,"elType":"column"}],"isInner":true,"elType":"section"},{"id":"1cf0d386","settings":{"space":{"unit":"px","size":113,"sizes":[]}},"elements":[],"isInner":false,"widgetType":"spacer","elType":"widget"}],"isInner":false,"elType":"column"}],"isInner":false,"elType":"section"},{"id":"597648f6","settings":{"jet_parallax_layout_list":[{"jet_parallax_layout_image":{"url":""},"_id":"05cd69a","jet_parallax_layout_image_tablet":{"url":"","id":""},"jet_parallax_layout_image_mobile":{"url":"","id":""},"jet_parallax_layout_speed":{"unit":"%","size":50,"sizes":[]},"jet_parallax_layout_type":"scroll","jet_parallax_layout_direction":"1","jet_parallax_layout_fx_direction":"fade-in","jet_parallax_layout_z_index":"","jet_parallax_layout_bg_x":50,"jet_parallax_layout_bg_y":50,"jet_parallax_layout_bg_size":"auto","jet_parallax_layout_animation_prop":"transform","jet_parallax_layout_on":["desktop","tablet"]}],"shape_divider_top":"pyramids","shape_divider_top_color":"#6EC1E4","shape_divider_top_height":{"unit":"px","size":62,"sizes":[]},"margin":{"unit":"px","top":"0","right":0,"bottom":"0","left":0,"isLinked":false}},"elements":[{"id":"6a378c17","settings":{"_column_size":100,"_inline_size":null},"elements":[{"id":"4a99af5c","settings":{"jet_parallax_layout_list":[{"jet_parallax_layout_image":{"url":""},"_id":"6543253","jet_parallax_layout_image_tablet":{"url":"","id":""},"jet_parallax_layout_image_mobile":{"url":"","id":""},"jet_parallax_layout_speed":{"unit":"%","size":50,"sizes":[]},"jet_parallax_layout_type":"scroll","jet_parallax_layout_direction":"1","jet_parallax_layout_fx_direction":"fade-in","jet_parallax_layout_z_index":"","jet_parallax_layout_bg_x":50,"jet_parallax_layout_bg_y":50,"jet_parallax_layout_bg_size":"auto","jet_parallax_layout_animation_prop":"transform","jet_parallax_layout_on":["desktop","tablet"]}],"structure":"20","margin":{"unit":"px","top":"53","right":0,"bottom":"30","left":0,"isLinked":false}},"elements":[{"id":"14debd4e","settings":{"_column_size":50,"_inline_size":null,"content_position":"center"},"elements":[{"id":"5ddb2a03","settings":{"title":"Sobre o papinhas Facilitadas","title_color":"#6EC1E4","typography_typography":"custom","typography_font_family":"Ubuntu","typography_font_size":{"unit":"em","size":2.5,"sizes":[]},"typography_font_weight":"700","typography_text_transform":"capitalize","typography_font_style":"normal","typography_text_decoration":"none","align_mobile":"center","typography_font_size_mobile":{"unit":"px","size":24,"sizes":[]},"_padding":{"unit":"px","top":"0","right":"0","bottom":"20","left":"0","isLinked":false},"_animation":"fadeInDown"},"elements":[],"isInner":false,"widgetType":"heading","elType":"widget"},{"id":"5b363d51","settings":{"editor":"<p>Ut enim ad<strong> minim veniam, quis nostrud exercitation ullamco laboris nisi<\/strong> ut aliquip ex ea commodo consequat. Duis aute irure dolor in reprehenderit in voluptate velit esse cillum dolore eu fugiat nulla pariatur.<\/p><p>Excepteur sint occaecat cupidatat non proident, sunt in culpa qui officia deserunt mollit anim id est laborum.<\/p><p>Ut enim <strong>ad minim veniam, quis nostrud exercitation<\/strong> ullamco laboris nisi ut aliquip ex ea commodo consequat.\u00a0<\/p>","text_color":"#343666","typography_typography":"custom","typography_font_family":"Open Sans","typography_font_size":{"unit":"em","size":"1.1","sizes":[]},"typography_font_weight":"300","typography_line_height":{"unit":"em","size":"1.6","sizes":[]},"align_mobile":"justify","typography_font_size_mobile":{"unit":"px","size":13,"sizes":[]},"_margin_mobile":{"unit":"px","top":"0","right":"0","bottom":"20","left":"0","isLinked":false},"_animation":"fadeIn"},"elements":[],"isInner":false,"widgetType":"text-editor","elType":"widget"},{"id":"2a86847","settings":{"text":"EU QUERO COME\u00c7AR J\u00c1!","size":"md","typography_typography":"custom","typography_font_family":"Ubuntu","typography_font_size":{"unit":"em","size":"1","sizes":[]},"typography_font_weight":"500","typography_text_transform":"uppercase","typography_font_style":"normal","typography_text_decoration":"none","typography_line_height":{"unit":"em","size":"1","sizes":[]},"typography_letter_spacing":{"unit":"px","size":"1.3","sizes":[]},"button_text_color":"#F14BF2","background_color":"#ffffff","border_radius":{"unit":"px","top":"100","right":"100","bottom":"100","left":"100","isLinked":"1"},"hover_color":"#ffffff","button_background_hover_color":"#6EC1E4","button_hover_border_color":"#6EC1E4","hover_animation":"bob","border_border":"solid","border_width":{"unit":"px","top":"2","right":"2","bottom":"2","left":"2","isLinked":"1"},"border_color":"#F14BF2","button_box_shadow_box_shadow_type":"yes","button_box_shadow_box_shadow":{"horizontal":"0","vertical":"0","blur":"10","spread":"0","color":"rgba(0,0,0,0.35)"},"_padding":{"unit":"em","top":"1","right":"1","bottom":"0","left":"0","isLinked":""},"_element_width":"auto","align_mobile":"justify","_margin_mobile":{"unit":"px","top":"0","right":"0","bottom":"0","left":"0","isLinked":""},"_padding_mobile":{"unit":"px","top":"0","right":"0","bottom":"0","left":"0","isLinked":""},"_element_width_mobile":"inherit","icon_indent":{"unit":"px","size":"9","sizes":[]},"_animation":"bounce"},"elements":[],"isInner":false,"widgetType":"button","elType":"widget"}],"isInner":true,"elType":"column"},{"id":"1fcb99eb","settings":{"_column_size":50,"_inline_size":null,"content_position":"center","align":"center"},"elements":[{"id":"2f5e8a32","settings":{"image":{"id":2656,"url":"https:\/\/cliente.shazamlnv.com\/wp-content\/uploads\/2022\/02\/025.png"},"width":{"unit":"%","size":60,"sizes":[]},"motion_fx_motion_fx_mouse":"yes","motion_fx_tilt_effect":"yes","_animation":"bounceInDown","animation_duration":"slow"},"elements":[],"isInner":false,"widgetType":"image","elType":"widget"}],"isInner":true,"elType":"column"}],"isInner":true,"elType":"section"}],"isInner":false,"elType":"column"}],"isInner":false,"elType":"section"},{"id":"4dd2d98c","settings":{"jet_parallax_layout_list":[{"jet_parallax_layout_image":{"url":""},"_id":"a5990ef","jet_parallax_layout_image_tablet":{"url":"","id":""},"jet_parallax_layout_image_mobile":{"url":"","id":""},"jet_parallax_layout_speed":{"unit":"%","size":50,"sizes":[]},"jet_parallax_layout_type":"scroll","jet_parallax_layout_direction":"1","jet_parallax_layout_fx_direction":"fade-in","jet_parallax_layout_z_index":"","jet_parallax_layout_bg_x":50,"jet_parallax_layout_bg_y":50,"jet_parallax_layout_bg_size":"auto","jet_parallax_layout_animation_prop":"transform","jet_parallax_layout_on":["desktop","tablet"]}],"background_background":"classic","background_image":{"id":2655,"url":"https:\/\/cliente.shazamlnv.com\/wp-content\/uploads\/2022\/02\/20209-scaled-1.jpg"},"background_position":"initial","background_xpos":{"unit":"px","size":-353,"sizes":[]},"background_ypos":{"unit":"px","size":-295,"sizes":[]},"background_overlay_background":"gradient","background_overlay_color":"#6EC1E4","background_overlay_color_b":"#F03CE3","background_overlay_opacity":{"unit":"px","size":0.86999999999999999555910790149937383830547332763671875,"sizes":[]},"shape_divider_bottom_color":"#6EC1E4","shape_divider_bottom_width":{"unit":"%","size":100,"sizes":[]},"shape_divider_bottom_height":{"unit":"px","size":69,"sizes":[]}},"elements":[{"id":"68c183ac","settings":{"_column_size":100,"_inline_size":null},"elements":[{"id":"4fdc0175","settings":{"space":{"unit":"px","size":167,"sizes":[]},"hide_mobile":"hidden-phone"},"elements":[],"isInner":false,"widgetType":"spacer","elType":"widget"},{"id":"7236444f","settings":{"title":"o QUE VOC\u00ca VAI ENCONTRAR NO pAPINHAS FACILITADAS","title_color":"#ffffff","typography_typography":"custom","typography_font_family":"Ubuntu","typography_font_size":{"unit":"em","size":"2.8","sizes":[]},"typography_font_weight":"700","typography_text_transform":"capitalize","typography_font_style":"normal","typography_text_decoration":"none","align":"center","typography_font_size_mobile":{"unit":"px","size":21,"sizes":[]}},"elements":[],"isInner":false,"widgetType":"heading","elType":"widget"},{"id":"37755b60","settings":{"title":"+ de 100 receitas em v\u00eddeo aula passo a passo direto no seu celular","title_color":"#ffffff","typography_typography":"custom","typography_font_family":"Ubuntu","typography_font_size":{"unit":"em","size":"1.3","sizes":[]},"typography_font_weight":"300","typography_font_style":"normal","typography_text_decoration":"none","header_size":"h3","align":"center","typography_line_height":{"unit":"em","size":"1.3","sizes":[]},"_padding":{"unit":"em","top":"1","right":"0","bottom":"1","left":"0","isLinked":""},"typography_font_size_mobile":{"unit":"px","size":14,"sizes":[]}},"elements":[],"isInner":false,"widgetType":"heading","elType":"widget"},{"id":"5eca8055","settings":{"structure":"30","jet_parallax_layout_list":[{"jet_parallax_layout_image":{"url":""},"_id":"d859a4b","jet_parallax_layout_image_tablet":{"url":"","id":""},"jet_parallax_layout_image_mobile":{"url":"","id":""},"jet_parallax_layout_speed":{"unit":"%","size":50,"sizes":[]},"jet_parallax_layout_type":"scroll","jet_parallax_layout_direction":"1","jet_parallax_layout_fx_direction":"fade-in","jet_parallax_layout_z_index":"","jet_parallax_layout_bg_x":50,"jet_parallax_layout_bg_y":50,"jet_parallax_layout_bg_size":"auto","jet_parallax_layout_animation_prop":"transform","jet_parallax_layout_on":["desktop","tablet"]}]},"elements":[{"id":"54ee270b","settings":{"_column_size":"33","space_between_widgets":"10","background_background":"classic","border_border":"solid","border_width":{"unit":"px","top":"1","right":"1","bottom":"1","left":"1","isLinked":"1"},"border_color":"#343666","box_shadow_box_shadow":{"horizontal":"0","vertical":"0","blur":"10","spread":"0","color":"rgba(100,106,140,0.44)"},"border_hover_border":"solid","border_hover_width":{"unit":"px","top":"1","right":"1","bottom":"1","left":"1","isLinked":"1"},"border_hover_color":"#6f4bf1","padding":{"unit":"em","top":"2","right":"2","bottom":"2","left":"2","isLinked":"1"},"background_color":"#6EC1E4","background_hover_background":"gradient","background_hover_color":"#F03CE3","background_hover_color_b":"#9F2696","background_hover_transition":{"unit":"px","size":"2.3","sizes":[]},"border_radius":{"unit":"px","top":"8","right":"0","bottom":"0","left":"0","isLinked":""}},"elements":[{"id":"2804c0a4","settings":{"image":{"id":2657,"url":"https:\/\/cliente.shazamlnv.com\/wp-content\/uploads\/2022\/02\/gymnast-apple-diet-with-natural-supplements.png"},"image_size":"custom","image_custom_dimension":{"width":"50","height":"50"},"align":"left","align_mobile":"center"},"elements":[],"isInner":false,"widgetType":"image","elType":"widget"},{"id":"51f3611b","settings":{"title":"<font style=\"vertical-align: inherit;\"><font style=\"vertical-align: inherit;\">M\u00f3dulo 1- Benef\u00edcios e cuidados<\/font><\/font>","title_color":"#e4e4f2","typography_typography":"custom","typography_font_family":"Ubuntu","typography_font_size":{"unit":"em","size":"1.5","sizes":[]},"typography_font_weight":"500","typography_text_transform":"capitalize","typography_font_style":"normal","typography_text_decoration":"none","_margin":{"unit":"px","top":"0","right":"0","bottom":"0","left":"0","isLinked":""},"_padding":{"unit":"em","top":"0","right":"0","bottom":"0","left":"0","isLinked":""},"align_mobile":"center"},"elements":[],"isInner":false,"widgetType":"heading","elType":"widget"},{"id":"484a175c","settings":{"color":"#FFFFFF","weight":{"unit":"px","size":"2","sizes":[]},"text":"Divisor"},"elements":[],"isInner":false,"widgetType":"divider","elType":"widget"},{"id":"7f6dbba0","settings":{"editor":"<p>Lorem ipsum dolor sit amet, consectetur adipiscing elit, sed do eiusmod tempor incididunt ut labore et dolore magna.<\/p>","text_color":"#e4e4f2","typography_typography":"custom","typography_font_family":"Open Sans","typography_font_size":{"unit":"em","size":"1","sizes":[]},"typography_font_weight":"300","align":"left","typography_line_height":{"unit":"em","size":"1.6","sizes":[]},"align_mobile":"center"},"elements":[],"isInner":false,"widgetType":"text-editor","elType":"widget"}],"isInner":"1","elType":"column"},{"id":"50ec177c","settings":{"_column_size":"33","space_between_widgets":"10","background_background":"classic","border_border":"solid","border_width":{"unit":"px","top":"1","right":"1","bottom":"1","left":"1","isLinked":"1"},"border_color":"#343666","box_shadow_box_shadow":{"horizontal":"0","vertical":"0","blur":"10","spread":"0","color":"rgba(100,106,140,0.44)"},"border_hover_border":"solid","border_hover_width":{"unit":"px","top":"1","right":"1","bottom":"1","left":"1","isLinked":"1"},"border_hover_color":"#6f4bf1","padding":{"unit":"em","top":"2","right":"2","bottom":"2","left":"2","isLinked":"1"},"background_color":"#F03CE3","background_hover_background":"gradient","background_hover_color":"#6EC1E4","background_hover_color_b":"#276C89"},"elements":[{"id":"47b33f98","settings":{"image":{"id":2657,"url":"https:\/\/cliente.shazamlnv.com\/wp-content\/uploads\/2022\/02\/gymnast-apple-diet-with-natural-supplements.png"},"image_size":"custom","image_custom_dimension":{"width":"50","height":"50"},"align":"left","align_mobile":"center"},"elements":[],"isInner":false,"widgetType":"image","elType":"widget"},{"id":"40c18207","settings":{"title":"M\u00f3dulo 2- Sabores diversificados","title_color":"#e4e4f2","typography_typography":"custom","typography_font_family":"Ubuntu","typography_font_size":{"unit":"em","size":"1.5","sizes":[]},"typography_font_weight":"500","typography_text_transform":"capitalize","typography_font_style":"normal","typography_text_decoration":"none","_margin":{"unit":"px","top":"0","right":"0","bottom":"0","left":"0","isLinked":""},"_padding":{"unit":"em","top":"0","right":"0","bottom":"0","left":"0","isLinked":""},"align_mobile":"center"},"elements":[],"isInner":false,"widgetType":"heading","elType":"widget"},{"id":"1f40c7bb","settings":{"color":"#FFFFFF","weight":{"unit":"px","size":"2","sizes":[]},"text":"Divisor"},"elements":[],"isInner":false,"widgetType":"divider","elType":"widget"},{"id":"2934802c","settings":{"editor":"<p>Lorem ipsum dolor sit amet, consectetur adipiscing elit, sed do eiusmod tempor incididunt ut labore et dolore magna.<\/p>","text_color":"#e4e4f2","typography_typography":"custom","typography_font_family":"Open Sans","typography_font_size":{"unit":"em","size":"1","sizes":[]},"typography_font_weight":"300","align":"left","typography_line_height":{"unit":"em","size":"1.6","sizes":[]},"align_mobile":"center"},"elements":[],"isInner":false,"widgetType":"text-editor","elType":"widget"}],"isInner":"1","elType":"column"},{"id":"32e13434","settings":{"_column_size":"33","space_between_widgets":"10","background_background":"classic","border_border":"solid","border_width":{"unit":"px","top":"1","right":"1","bottom":"1","left":"1","isLinked":"1"},"border_color":"#343666","box_shadow_box_shadow":{"horizontal":"0","vertical":"0","blur":"10","spread":"0","color":"rgba(100,106,140,0.44)"},"border_hover_border":"solid","border_hover_width":{"unit":"px","top":"1","right":"1","bottom":"1","left":"1","isLinked":"1"},"border_hover_color":"#6f4bf1","padding":{"unit":"em","top":"2","right":"2","bottom":"2","left":"2","isLinked":"1"},"background_color":"#6EC1E4","background_hover_background":"gradient","background_hover_color":"#F03CE3","background_hover_color_b":"#B41CA9","border_radius":{"unit":"px","top":"0","right":"8","bottom":"0","left":"0","isLinked":""}},"elements":[{"id":"27e2e3ef","settings":{"image":{"id":2657,"url":"https:\/\/cliente.shazamlnv.com\/wp-content\/uploads\/2022\/02\/gymnast-apple-diet-with-natural-supplements.png"},"image_size":"custom","image_custom_dimension":{"width":"50","height":"50"},"align":"left","align_mobile":"center"},"elements":[],"isInner":false,"widgetType":"image","elType":"widget"},{"id":"648dde56","settings":{"title":"M\u00f3dulo 3- Receitas naturais","title_color":"#e4e4f2","typography_typography":"custom","typography_font_family":"Ubuntu","typography_font_size":{"unit":"em","size":"1.5","sizes":[]},"typography_font_weight":"500","typography_text_transform":"capitalize","typography_font_style":"normal","typography_text_decoration":"none","_margin":{"unit":"px","top":"0","right":"0","bottom":"0","left":"0","isLinked":""},"_padding":{"unit":"em","top":"0","right":"0","bottom":"0","left":"0","isLinked":""}},"elements":[],"isInner":false,"widgetType":"heading","elType":"widget"},{"id":"554a5a69","settings":{"color":"#FFFFFF","weight":{"unit":"px","size":"2","sizes":[]},"text":"Divisor"},"elements":[],"isInner":false,"widgetType":"divider","elType":"widget"},{"id":"a7a0fc6","settings":{"editor":"<p>Lorem ipsum dolor sit amet, consectetur adipiscing elit, sed do eiusmod tempor incididunt ut labore et dolore magna.<\/p>","text_color":"#e4e4f2","typography_typography":"custom","typography_font_family":"Open Sans","typography_font_size":{"unit":"em","size":"1","sizes":[]},"typography_font_weight":"300","align":"left","typography_line_height":{"unit":"em","size":"1.6","sizes":[]},"align_mobile":"center"},"elements":[],"isInner":false,"widgetType":"text-editor","elType":"widget"}],"isInner":"1","elType":"column"}],"isInner":"1","elType":"section"},{"id":"440dbfb0","settings":{"structure":"30","jet_parallax_layout_list":[{"jet_parallax_layout_image":{"url":""},"_id":"d859a4b","jet_parallax_layout_image_tablet":{"url":"","id":""},"jet_parallax_layout_image_mobile":{"url":"","id":""},"jet_parallax_layout_speed":{"unit":"%","size":50,"sizes":[]},"jet_parallax_layout_type":"scroll","jet_parallax_layout_direction":"1","jet_parallax_layout_fx_direction":"fade-in","jet_parallax_layout_z_index":"","jet_parallax_layout_bg_x":50,"jet_parallax_layout_bg_y":50,"jet_parallax_layout_bg_size":"auto","jet_parallax_layout_animation_prop":"transform","jet_parallax_layout_on":["desktop","tablet"]}]},"elements":[{"id":"22fcf0c9","settings":{"_column_size":"33","space_between_widgets":"10","background_background":"classic","border_border":"solid","border_width":{"unit":"px","top":"1","right":"1","bottom":"1","left":"1","isLinked":"1"},"border_color":"#343666","box_shadow_box_shadow":{"horizontal":"0","vertical":"0","blur":"10","spread":"0","color":"rgba(100,106,140,0.44)"},"border_hover_border":"solid","border_hover_width":{"unit":"px","top":"1","right":"1","bottom":"1","left":"1","isLinked":"1"},"border_hover_color":"#6f4bf1","padding":{"unit":"em","top":"2","right":"2","bottom":"2","left":"2","isLinked":"1"},"background_color":"#F03CE3","background_hover_background":"gradient","background_hover_color":"#6EC1E4","background_hover_color_b":"#2A7595","background_hover_transition":{"unit":"px","size":"2.3","sizes":[]},"border_radius":{"unit":"px","top":"8","right":"0","bottom":"0","left":"0","isLinked":""}},"elements":[{"id":"6539a9c3","settings":{"image":{"id":2657,"url":"https:\/\/cliente.shazamlnv.com\/wp-content\/uploads\/2022\/02\/gymnast-apple-diet-with-natural-supplements.png"},"image_size":"custom","image_custom_dimension":{"width":"50","height":"50"},"align":"left","align_mobile":"center"},"elements":[],"isInner":false,"widgetType":"image","elType":"widget"},{"id":"129f11c0","settings":{"title":"<font style=\"vertical-align: inherit;\"><font style=\"vertical-align: inherit;\">M\u00f3dulo 4- Passo a passo<\/font><\/font><font style=\"vertical-align: inherit;\"><\/font><font style=\"vertical-align: inherit;\"><font style=\"vertical-align: inherit;\"><\/font><\/font>","title_color":"#e4e4f2","typography_typography":"custom","typography_font_family":"Ubuntu","typography_font_size":{"unit":"em","size":"1.5","sizes":[]},"typography_font_weight":"500","typography_text_transform":"capitalize","typography_font_style":"normal","typography_text_decoration":"none","_margin":{"unit":"px","top":"0","right":"0","bottom":"0","left":"0","isLinked":""},"_padding":{"unit":"em","top":"0","right":"0","bottom":"0","left":"0","isLinked":""},"align_mobile":"center"},"elements":[],"isInner":false,"widgetType":"heading","elType":"widget"},{"id":"50b07d0a","settings":{"color":"#FFFFFF","weight":{"unit":"px","size":"2","sizes":[]},"text":"Divisor"},"elements":[],"isInner":false,"widgetType":"divider","elType":"widget"},{"id":"500a16b4","settings":{"editor":"<p>Lorem ipsum dolor sit amet, consectetur adipiscing elit, sed do eiusmod tempor incididunt ut labore et dolore magna.<\/p>","text_color":"#e4e4f2","typography_typography":"custom","typography_font_family":"Open Sans","typography_font_size":{"unit":"em","size":"1","sizes":[]},"typography_font_weight":"300","align":"left","typography_line_height":{"unit":"em","size":"1.6","sizes":[]},"align_mobile":"center"},"elements":[],"isInner":false,"widgetType":"text-editor","elType":"widget"}],"isInner":"1","elType":"column"},{"id":"753df483","settings":{"_column_size":"33","space_between_widgets":"10","background_background":"classic","border_border":"solid","border_width":{"unit":"px","top":"1","right":"1","bottom":"1","left":"1","isLinked":"1"},"border_color":"#343666","box_shadow_box_shadow":{"horizontal":"0","vertical":"0","blur":"10","spread":"0","color":"rgba(100,106,140,0.44)"},"border_hover_border":"solid","border_hover_width":{"unit":"px","top":"1","right":"1","bottom":"1","left":"1","isLinked":"1"},"border_hover_color":"#6f4bf1","padding":{"unit":"em","top":"2","right":"2","bottom":"2","left":"2","isLinked":"1"},"background_color":"#6EC1E4","background_hover_background":"gradient","background_hover_color":"#F03CE3","background_hover_color_b":"#F03CE3"},"elements":[{"id":"353ecbaf","settings":{"image":{"id":2657,"url":"https:\/\/cliente.shazamlnv.com\/wp-content\/uploads\/2022\/02\/gymnast-apple-diet-with-natural-supplements.png"},"image_size":"custom","image_custom_dimension":{"width":"50","height":"50"},"align":"left","align_mobile":"center"},"elements":[],"isInner":false,"widgetType":"image","elType":"widget"},{"id":"13f85518","settings":{"title":"<font style=\"vertical-align: inherit;\"><font style=\"vertical-align: inherit;\">M\u00f3dulo 5- Estocando as papinhas<\/font><\/font>","title_color":"#e4e4f2","typography_typography":"custom","typography_font_family":"Ubuntu","typography_font_size":{"unit":"em","size":"1.5","sizes":[]},"typography_font_weight":"500","typography_text_transform":"capitalize","typography_font_style":"normal","typography_text_decoration":"none","_margin":{"unit":"px","top":"0","right":"0","bottom":"0","left":"0","isLinked":""},"_padding":{"unit":"em","top":"0","right":"0","bottom":"0","left":"0","isLinked":""},"align_mobile":"center"},"elements":[],"isInner":false,"widgetType":"heading","elType":"widget"},{"id":"4084f57f","settings":{"color":"#FFFFFF","weight":{"unit":"px","size":"2","sizes":[]},"text":"Divisor"},"elements":[],"isInner":false,"widgetType":"divider","elType":"widget"},{"id":"6115025e","settings":{"editor":"<p>Lorem ipsum dolor sit amet, consectetur adipiscing elit, sed do eiusmod tempor incididunt ut labore et dolore magna.<\/p>","text_color":"#e4e4f2","typography_typography":"custom","typography_font_family":"Open Sans","typography_font_size":{"unit":"em","size":"1","sizes":[]},"typography_font_weight":"300","align":"left","typography_line_height":{"unit":"em","size":"1.6","sizes":[]},"align_mobile":"center"},"elements":[],"isInner":false,"widgetType":"text-editor","elType":"widget"}],"isInner":"1","elType":"column"},{"id":"115d129a","settings":{"_column_size":"33","space_between_widgets":"10","background_background":"classic","border_border":"solid","border_width":{"unit":"px","top":"1","right":"1","bottom":"1","left":"1","isLinked":"1"},"border_color":"#343666","box_shadow_box_shadow":{"horizontal":"0","vertical":"0","blur":"10","spread":"0","color":"rgba(100,106,140,0.44)"},"border_hover_border":"solid","border_hover_width":{"unit":"px","top":"1","right":"1","bottom":"1","left":"1","isLinked":"1"},"border_hover_color":"#6f4bf1","padding":{"unit":"em","top":"2","right":"2","bottom":"2","left":"2","isLinked":"1"},"background_color":"#F03CE3","background_hover_background":"gradient","background_hover_color":"#6EC1E4","background_hover_color_b":"#2B6B86","border_radius":{"unit":"px","top":"0","right":"8","bottom":"0","left":"0","isLinked":""}},"elements":[{"id":"1ec4f2bd","settings":{"image":{"id":2657,"url":"https:\/\/cliente.shazamlnv.com\/wp-content\/uploads\/2022\/02\/gymnast-apple-diet-with-natural-supplements.png"},"image_size":"custom","image_custom_dimension":{"width":"50","height":"50"},"align":"left","align_mobile":"center"},"elements":[],"isInner":false,"widgetType":"image","elType":"widget"},{"id":"ce61328","settings":{"title":"<font style=\"vertical-align: inherit;\"><font style=\"vertical-align: inherit;\">M\u00f3dulo 6- Acompanhamento<\/font><\/font>","title_color":"#e4e4f2","typography_typography":"custom","typography_font_family":"Ubuntu","typography_font_size":{"unit":"em","size":"1.5","sizes":[]},"typography_font_weight":"500","typography_text_transform":"capitalize","typography_font_style":"normal","typography_text_decoration":"none","_margin":{"unit":"px","top":"0","right":"0","bottom":"0","left":"0","isLinked":""},"_padding":{"unit":"em","top":"0","right":"0","bottom":"0","left":"0","isLinked":""}},"elements":[],"isInner":false,"widgetType":"heading","elType":"widget"},{"id":"2e401767","settings":{"color":"#FFFFFF","weight":{"unit":"px","size":"2","sizes":[]},"text":"Divisor"},"elements":[],"isInner":false,"widgetType":"divider","elType":"widget"},{"id":"5a602503","settings":{"editor":"<p>Lorem ipsum dolor sit amet, consectetur adipiscing elit, sed do eiusmod tempor incididunt ut labore et dolore magna.<\/p>","text_color":"#e4e4f2","typography_typography":"custom","typography_font_family":"Open Sans","typography_font_size":{"unit":"em","size":"1","sizes":[]},"typography_font_weight":"300","align":"left","typography_line_height":{"unit":"em","size":"1.6","sizes":[]},"align_mobile":"center"},"elements":[],"isInner":false,"widgetType":"text-editor","elType":"widget"}],"isInner":"1","elType":"column"}],"isInner":"1","elType":"section"},{"id":"1e7c631c","settings":{"space":{"unit":"px","size":113,"sizes":[]}},"elements":[],"isInner":false,"widgetType":"spacer","elType":"widget"}],"isInner":false,"elType":"column"}],"isInner":false,"elType":"section"},{"id":"4c78b62e","settings":{"custom_height":{"unit":"vh","size":"75","sizes":[]},"padding":{"unit":"em","top":"3","right":"1","bottom":"3","left":"1","isLinked":""},"padding_tablet":{"unit":"em","top":"3","right":"1","bottom":"4","left":"1","isLinked":""},"background_background":"classic","background_color":"#ffffff","jet_parallax_layout_list":[{"jet_parallax_layout_image":{"url":""},"_id":"ac7f2e8","jet_parallax_layout_image_tablet":{"url":"","id":""},"jet_parallax_layout_image_mobile":{"url":"","id":""},"jet_parallax_layout_speed":{"unit":"%","size":50,"sizes":[]},"jet_parallax_layout_type":"scroll","jet_parallax_layout_direction":"1","jet_parallax_layout_fx_direction":"fade-in","jet_parallax_layout_z_index":"","jet_parallax_layout_bg_x":50,"jet_parallax_layout_bg_y":50,"jet_parallax_layout_bg_size":"auto","jet_parallax_layout_animation_prop":"transform","jet_parallax_layout_on":["desktop","tablet"]}]},"elements":[{"id":"5406362f","settings":{"_column_size":100,"_inline_size":null},"elements":[{"id":"4be08ed2","settings":{"title":"j\u00e1 s\u00e3o mais de ","title_color":"#3695BD","typography_typography":"custom","typography_font_family":"Ubuntu","typography_font_size":{"unit":"em","size":"2.8","sizes":[]},"typography_font_weight":"700","typography_text_transform":"capitalize","typography_font_style":"normal","typography_text_decoration":"none","_margin_mobile":{"unit":"px","top":"0","right":"0","bottom":"0","left":"0","isLinked":false},"_padding_mobile":{"unit":"px","top":"0","right":"0","bottom":"0","left":"0","isLinked":false},"align_mobile":"center"},"elements":[],"isInner":false,"widgetType":"heading","elType":"widget"},{"id":"72362565","settings":{"title":"<font style=\"vertical-align: inherit;\"><font style=\"vertical-align: inherit;\">900<\/font><\/font><font style=\"vertical-align: inherit;\"><\/font>","align_mobile":"center","title_color":"#3898C0","typography_typography":"custom","typography_font_size":{"unit":"px","size":300,"sizes":[]},"typography_font_size_mobile":{"unit":"px","size":93,"sizes":[]},"_margin_mobile":{"unit":"px","top":"0","right":"0","bottom":"0","left":"0","isLinked":false},"_padding_mobile":{"unit":"px","top":"0","right":"0","bottom":"0","left":"0","isLinked":false}},"elements":[],"isInner":false,"widgetType":"heading","elType":"widget"},{"id":"443c64a8","settings":{"title":"mam\u00e3es felizes","title_color":"#378BAE","typography_typography":"custom","typography_font_family":"Ubuntu","typography_font_size":{"unit":"em","size":5.9000000000000003552713678800500929355621337890625,"sizes":[]},"typography_font_weight":"300","typography_font_style":"normal","typography_text_decoration":"none","align_mobile":"center","typography_line_height_mobile":{"unit":"em","size":"1.3","sizes":[]},"align":"right","typography_font_size_mobile":{"unit":"px","size":27,"sizes":[]},"_margin":{"unit":"px","top":"-107","right":"0","bottom":"0","left":"0","isLinked":false},"_margin_mobile":{"unit":"px","top":"0","right":"0","bottom":"0","left":"0","isLinked":false},"_padding":{"unit":"px","top":"0","right":"0","bottom":"0","left":"0","isLinked":false},"_padding_mobile":{"unit":"px","top":"0","right":"0","bottom":"0","left":"0","isLinked":false}},"elements":[],"isInner":false,"widgetType":"heading","elType":"widget"},{"id":"5f16d2bd","settings":{"width":{"unit":"%","size":27,"sizes":[]},"align":"right","text":"Divisor","color":"#3384A7","weight":{"unit":"px","size":1.8000000000000000444089209850062616169452667236328125,"sizes":[]},"width_mobile":{"unit":"%","size":43,"sizes":[]},"align_mobile":"center"},"elements":[],"isInner":false,"widgetType":"divider","elType":"widget"}],"isInner":"","elType":"column"}],"isInner":"","elType":"section"},{"id":"bb8fafb","settings":{"background_image":{"id":2655,"url":"https:\/\/cliente.shazamlnv.com\/wp-content\/uploads\/2022\/02\/20209-scaled-1.jpg"},"background_background":"classic","background_position":"initial","background_overlay_background":"gradient","background_overlay_color":"#6EC1E4","background_overlay_opacity":{"unit":"px","size":0.86999999999999999555910790149937383830547332763671875,"sizes":[]},"jet_parallax_layout_list":[{"jet_parallax_layout_image":{"url":""},"_id":"a5990ef","jet_parallax_layout_image_tablet":{"url":"","id":""},"jet_parallax_layout_image_mobile":{"url":"","id":""},"jet_parallax_layout_speed":{"unit":"%","size":50,"sizes":[]},"jet_parallax_layout_type":"scroll","jet_parallax_layout_direction":"1","jet_parallax_layout_fx_direction":"fade-in","jet_parallax_layout_z_index":"","jet_parallax_layout_bg_x":50,"jet_parallax_layout_bg_y":50,"jet_parallax_layout_bg_size":"auto","jet_parallax_layout_animation_prop":"transform","jet_parallax_layout_on":["desktop","tablet"]}],"background_xpos":{"unit":"px","size":-353,"sizes":[]},"background_ypos":{"unit":"px","size":-295,"sizes":[]},"background_overlay_color_b":"#F03CE3","shape_divider_bottom_color":"#6EC1E4","shape_divider_bottom_width":{"unit":"%","size":100,"sizes":[]},"shape_divider_bottom_height":{"unit":"px","size":69,"sizes":[]}},"elements":[{"id":"7cb927d6","settings":{"_column_size":"100","padding":{"unit":"%","top":"","right":"","bottom":"","left":"","isLinked":"1"},"padding_tablet":{"unit":"px","top":"0","right":"0","bottom":"0","left":"0","isLinked":"1"}},"elements":[{"id":"1b7cb162","settings":{"title":"Conhe\u00e7a os benef\u00edcios das papinhas naturais","align":"center","title_color":"#ffffff","typography_typography":"custom","typography_font_weight":"400","typography_font_size_mobile":{"unit":"px","size":19},"size":"large","typography_font_family":"Proza Libre","typography_letter_spacing":{"unit":"px","size":"1"},"typography_font_size":{"unit":"rem","size":"3.8"},"typography_line_height":{"unit":"em","size":"1"},"_animation":"fadeIn","_margin":{"unit":"px","top":"15","right":"0","bottom":"0","left":"0","isLinked":false}},"elements":[],"isInner":false,"widgetType":"heading","elType":"widget"},{"id":"668e4d43","settings":{"space":{"unit":"px","size":"30"},"space_mobile":{"unit":"px","size":10,"sizes":[]}},"elements":[],"isInner":false,"widgetType":"spacer","elType":"widget"},{"id":"5e882989","settings":{"jet_parallax_layout_list":[{"jet_parallax_layout_image":{"url":""},"_id":"394dd57","jet_parallax_layout_image_tablet":{"url":"","id":""},"jet_parallax_layout_image_mobile":{"url":"","id":""},"jet_parallax_layout_speed":{"unit":"%","size":50,"sizes":[]},"jet_parallax_layout_type":"scroll","jet_parallax_layout_direction":"1","jet_parallax_layout_fx_direction":"fade-in","jet_parallax_layout_z_index":"","jet_parallax_layout_bg_x":50,"jet_parallax_layout_bg_y":50,"jet_parallax_layout_bg_size":"auto","jet_parallax_layout_animation_prop":"transform","jet_parallax_layout_on":["desktop","tablet"]}],"margin":{"unit":"px","top":"0","right":0,"bottom":"20","left":0,"isLinked":false}},"elements":[{"id":"af67b28","settings":{"_column_size":100,"_inline_size":null},"elements":[{"id":"ed4240e","settings":{"wp_gallery":[{"id":2658,"url":"https:\/\/cliente.shazamlnv.com\/wp-content\/uploads\/2022\/02\/14-receitas-super-nutritivas-de-papinhas-doces-para-o-seu-bebe.jpg"}],"thumbnail_size":"full","gallery_columns":"1"},"elements":[],"isInner":false,"widgetType":"image-gallery","elType":"widget"},{"id":"47f3c223","settings":{"editor":"<p>Ut enim ad<strong> minim veniam, quis nostrud exercitation ullamco laboris nisi<\/strong> ut aliquip ex ea commodo consequat. Duis aute irure dolor in reprehenderit in voluptate velit esse cillum dolore eu fugiat nulla pariatur.<\/p><p>Excepteur sint occaecat cupidatat non proident, sunt in culpa qui officia deserunt mollit anim id est laborum.<\/p><p>Ut enim <strong>ad minim veniam, quis nostrud exercitation<\/strong> ullamco laboris nisi ut aliquip ex ea commodo consequat.\u00a0<\/p><p>Ut enim <strong>ad minim veniam, quis nostrud exercitation<\/strong> ullamco laboris nisi ut aliquip ex ea commodo consequat.\u00a0<\/p><p>Ut enim <strong>ad minim veniam, quis nostrud exercitation<\/strong> ullamco laboris nisi ut aliquip ex ea commodo consequat.\u00a0<\/p>","text_color":"#FCFCFC","typography_typography":"custom","typography_font_family":"Open Sans","typography_font_size":{"unit":"em","size":"1.1","sizes":[]},"typography_font_weight":"300","typography_line_height":{"unit":"em","size":"1.6","sizes":[]},"align_mobile":"justify","typography_font_size_mobile":{"unit":"px","size":13,"sizes":[]},"_padding_mobile":{"unit":"px","top":"0","right":"20","bottom":"0","left":"20","isLinked":false},"align":"center"},"elements":[],"isInner":false,"widgetType":"text-editor","elType":"widget"}],"isInner":true,"elType":"column"}],"isInner":true,"elType":"section"}],"isInner":"","elType":"column"}],"isInner":"","elType":"section"},{"id":"72ce88ff","settings":{"content_width":{"unit":"px","size":"1040"},"background_background":"classic","background_position":"center center","background_attachment":"fixed","background_repeat":"no-repeat","background_size":"cover","background_overlay_background":"classic","background_overlay_color":"#F4F6F6","background_overlay_opacity":{"unit":"px","size":"0.9"},"padding":{"unit":"px","top":"80","right":"0","bottom":"80","left":"0","isLinked":""},"custom_height":{"unit":"vh","size":"75"},"gap":"wide","content_position":"middle","padding_mobile":{"unit":"px","top":"40","right":"0","bottom":"40","left":"0","isLinked":""},"text_align":"center","jet_parallax_layout_list":[{"jet_parallax_layout_image":{"url":"","id":""},"jet_parallax_layout_image_tablet":{"url":"","id":""},"jet_parallax_layout_image_mobile":{"url":"","id":""},"jet_parallax_layout_speed":{"unit":"%","size":50,"sizes":[]},"jet_parallax_layout_type":"scroll","jet_parallax_layout_direction":"1","jet_parallax_layout_fx_direction":"fade-in","jet_parallax_layout_z_index":"","jet_parallax_layout_bg_x":50,"jet_parallax_layout_bg_y":50,"jet_parallax_layout_bg_size":"auto","jet_parallax_layout_animation_prop":"transform","jet_parallax_layout_on":["desktop","tablet"],"_id":"6cfd336"}]},"elements":[{"id":"308bba39","settings":{"_column_size":"100","space_between_widgets":"12","background_background":"classic","background_color":"#6EC1E4"},"elements":[{"id":"d864a8c","settings":{"title":"O que dizem as mam\u00e3es","title_color":"#ffffff","typography_typography":"custom","typography_font_family":"Roboto","typography_font_size":{"unit":"rem","size":"3"},"typography_font_weight":"500","typography_line_height":{"unit":"em","size":"1.1666"},"_animation":"fadeIn","_animation_delay":"100","typography_font_size_tablet":{"unit":"rem","size":"3"},"typography_font_size_mobile":{"unit":"rem","size":"2.5"}},"elements":[],"isInner":false,"widgetType":"heading","elType":"widget"},{"id":"6428eda7","settings":{"weight":{"unit":"px","size":"4"},"color":"#cc9955","width":{"unit":"px","size":"48"},"gap":{"unit":"px","size":"8"},"_animation":"fadeIn","_animation_delay":"300","text":"Divisor"},"elements":[],"isInner":false,"widgetType":"divider","elType":"widget"},{"id":"40ab0acd","settings":{"title":"qLorem ipsum dolor sit amet, consectetur adipiscing elit.<br>Mauris eros dolor pellentesque sed luctus dapibus lobortis orci.","title_color":"#ffffff","typography_typography":"custom","typography_font_family":"Roboto","typography_font_size":{"unit":"rem","size":"1.25"},"typography_font_weight":"400","typography_line_height":{"unit":"em","size":"1.4"},"typography_letter_spacing":{"unit":"px","size":"0.15"},"_animation":"fadeIn","_animation_delay":"150","typography_font_size_mobile":{"unit":"rem","size":"1"},"_margin":{"unit":"px","top":"0","right":"0","bottom":"60","left":"0","isLinked":""}},"elements":[],"isInner":false,"widgetType":"heading","elType":"widget"},{"id":"17ed311b","settings":{"structure":"20"},"elements":[{"id":"158ea784","settings":{"_column_size":50,"_inline_size":null},"elements":[{"id":"574150ab","settings":{"testimonial_content":"Lorem ipsum dolor sit amet, consectetur adipiscing elit. Ut elit tellus, luctus nec ullamcorper mattis, pulvinar dapibus leo.","testimonial_name":"John Doe","testimonial_job":"Designer","content_content_color":"#000000","_background_background":"classic","_background_color":"#FFFFFF"},"elements":[],"isInner":false,"widgetType":"testimonial","elType":"widget"}],"isInner":true,"elType":"column"},{"id":"469464f7","settings":{"_column_size":50,"_inline_size":null},"elements":[{"id":"4b23dcbb","settings":{"testimonial_content":"Lorem ipsum dolor sit amet, consectetur adipiscing elit. Ut elit tellus, luctus nec ullamcorper mattis, pulvinar dapibus leo.","testimonial_name":"John Doe","testimonial_job":"Designer","content_content_color":"#000000","_background_background":"classic","_background_color":"#FFFFFF"},"elements":[],"isInner":false,"widgetType":"testimonial","elType":"widget"}],"isInner":true,"elType":"column"}],"isInner":true,"elType":"section"}],"isInner":"","elType":"column"}],"isInner":"","elType":"section"},{"id":"211a3cbf","settings":{"background_background":"classic","background_image":{"id":2655,"url":"https:\/\/cliente.shazamlnv.com\/wp-content\/uploads\/2022\/02\/20209-scaled-1.jpg"},"background_position":"initial","background_overlay_background":"gradient","background_overlay_color":"#6EC1E4","background_overlay_opacity":{"unit":"px","size":0.86999999999999999555910790149937383830547332763671875,"sizes":[]},"background_ypos":{"unit":"px","size":-295,"sizes":[]},"jet_parallax_layout_list":[{"jet_parallax_layout_image":{"url":""},"_id":"a5990ef","jet_parallax_layout_image_tablet":{"url":"","id":""},"jet_parallax_layout_image_mobile":{"url":"","id":""},"jet_parallax_layout_speed":{"unit":"%","size":50,"sizes":[]},"jet_parallax_layout_type":"scroll","jet_parallax_layout_direction":"1","jet_parallax_layout_fx_direction":"fade-in","jet_parallax_layout_z_index":"","jet_parallax_layout_bg_x":50,"jet_parallax_layout_bg_y":50,"jet_parallax_layout_bg_size":"auto","jet_parallax_layout_animation_prop":"transform","jet_parallax_layout_on":["desktop","tablet"]}],"background_xpos":{"unit":"px","size":-353,"sizes":[]},"background_overlay_color_b":"#F03CE3","shape_divider_bottom_color":"#6EC1E4","shape_divider_bottom_width":{"unit":"%","size":100,"sizes":[]},"shape_divider_bottom_height":{"unit":"px","size":69,"sizes":[]}},"elements":[{"id":"696716f","settings":{"_column_size":100,"_inline_size_tablet":"100","padding":{"unit":"em","top":"1","right":"1","bottom":"1","left":"1","isLinked":"1"},"_inline_size":null},"elements":[{"id":"3367b878","settings":{"editor":"<p>O ESFOR\u00c7O \u00c9 GRANDE, MAS A RECOMPENSA \u00c9 AINDA MAIOR!<\/p>","align_tablet":"center","typography_typography":"custom","typography_font_family":"Rubik","typography_font_size":{"unit":"px","size":"18"},"typography_font_size_mobile":{"unit":"px","size":"14"},"typography_text_transform":"uppercase","typography_letter_spacing":{"unit":"px","size":"3"},"typography_letter_spacing_mobile":{"unit":"px","size":"1"},"_animation":"fadeInDown","align":"center","text_color":"rgba(255,255,255,0.64)","_margin":{"unit":"px","top":"51","right":"0","bottom":"0","left":"0","isLinked":false},"_padding":{"unit":"px","top":"0","right":"0","bottom":"0","left":"0","isLinked":false}},"elements":[],"isInner":false,"widgetType":"text-editor","elType":"widget"},{"id":"486c2969","settings":{"title":"EU CONQUISTO O QUE DESEJO","align_tablet":"center","title_color":"#ffffff","typography_typography":"custom","typography_font_family":"Oswald","typography_font_size":{"unit":"rem","size":"5.4"},"typography_font_size_mobile":{"unit":"px","size":23},"typography_font_weight":"500","typography_text_transform":"uppercase","typography_line_height":{"unit":"em","size":"1"},"_margin":{"unit":"px","top":"2","right":"0","bottom":"54","left":"0","isLinked":""},"_animation":"fadeIn","animation_duration":"slow","_animation_delay":"600","align":"center"},"elements":[],"isInner":false,"widgetType":"heading","elType":"widget"},{"id":"44fe79ad","settings":{"text":"quero o curso das papinhas","align":"center","align_tablet":"center","icon":"fa fa-play-circle-o","icon_align":"right","icon_indent":{"unit":"px","size":"18"},"typography_typography":"custom","typography_font_family":"Oswald","typography_font_size":{"unit":"px","size":"17"},"typography_font_weight":"400","typography_text_transform":"uppercase","background_color":"rgba(240, 114, 19, 0)","hover_color":"#FFFFFF","button_background_hover_color":"#217599","hover_animation":"shrink","border_radius":{"unit":"px","top":"100","right":"100","bottom":"100","left":"100","isLinked":"1"},"align_mobile":"center","button_hover_border_color":"#ffffff","border_border":"solid","border_width":{"unit":"px","top":"2","right":"2","bottom":"2","left":"2","isLinked":"1"},"border_color":"#FFFFFF","link":{"url":"","is_external":"","nofollow":"","custom_attributes":""},"__fa4_migrated":{"selected_icon":true}},"elements":[],"isInner":false,"widgetType":"button","elType":"widget"}],"isInner":"","elType":"column"}],"isInner":"","elType":"section"},{"id":"b3118cf","settings":{"padding":{"unit":"em","top":"4","right":"1","bottom":"8","left":"1","isLinked":""},"html_tag":"section","background_background":"classic","background_color":"#ffffff","jet_parallax_layout_list":[{"jet_parallax_layout_image":{"url":""},"_id":"03827d1","jet_parallax_layout_image_tablet":{"url":"","id":""},"jet_parallax_layout_image_mobile":{"url":"","id":""},"jet_parallax_layout_speed":{"unit":"%","size":50,"sizes":[]},"jet_parallax_layout_type":"scroll","jet_parallax_layout_direction":"1","jet_parallax_layout_fx_direction":"fade-in","jet_parallax_layout_z_index":"","jet_parallax_layout_bg_x":50,"jet_parallax_layout_bg_y":50,"jet_parallax_layout_bg_size":"auto","jet_parallax_layout_animation_prop":"transform","jet_parallax_layout_on":["desktop","tablet"]}]},"elements":[{"id":"117b0b89","settings":{"_column_size":"100"},"elements":[{"id":"34f4044c","settings":{"padding":{"unit":"em","top":"2","right":"0","bottom":"0","left":"0","isLinked":""},"jet_parallax_layout_list":[{"jet_parallax_layout_image":{"url":""},"_id":"efdb844","jet_parallax_layout_image_tablet":{"url":"","id":""},"jet_parallax_layout_image_mobile":{"url":"","id":""},"jet_parallax_layout_speed":{"unit":"%","size":50,"sizes":[]},"jet_parallax_layout_type":"scroll","jet_parallax_layout_direction":"1","jet_parallax_layout_fx_direction":"fade-in","jet_parallax_layout_z_index":"","jet_parallax_layout_bg_x":50,"jet_parallax_layout_bg_y":50,"jet_parallax_layout_bg_size":"auto","jet_parallax_layout_animation_prop":"transform","jet_parallax_layout_on":["desktop","tablet"]}],"margin_mobile":{"unit":"px","top":"-33","right":0,"bottom":"0","left":0,"isLinked":false}},"elements":[{"id":"1372c74","settings":{"_column_size":100,"align":"center","background_background":"classic","background_color":"#ffffff","background_color_b":"#646a8c","background_gradient_angle":{"unit":"deg","size":"360","sizes":[]},"border_border":"solid","border_width":{"unit":"px","top":"0","right":"0","bottom":"0","left":"0","isLinked":"1"},"border_color":"#e4e4f2","border_radius":{"unit":"px","top":"5","right":"5","bottom":"5","left":"5","isLinked":"1"},"box_shadow_box_shadow_type":"yes","box_shadow_box_shadow":{"horizontal":"0","vertical":"0","blur":"10","spread":"0","color":"rgba(0,0,0,0.15)"},"margin":{"unit":"%","top":"3","right":"3","bottom":"3","left":"3","isLinked":"1"},"padding":{"unit":"em","top":"1","right":"1","bottom":"1","left":"1","isLinked":"1"},"_inline_size":null},"elements":[{"id":"479bee1c","settings":{"title":"Oferta v\u00e1lida somente at\u00e9 05\/05\/20","title_color":"#ffffff","typography_typography":"custom","typography_font_family":"Ubuntu","typography_font_size":{"unit":"em","size":"1.5","sizes":[]},"typography_font_weight":"700","typography_text_transform":"capitalize","typography_font_style":"normal","typography_text_decoration":"none","header_size":"h3","align":"center","_padding":{"unit":"em","top":"2","right":"2","bottom":"2","left":"2","isLinked":"1"},"_background_background":"classic","_background_color":"#6EC1E4","_border_radius":{"unit":"px","top":"5","right":"5","bottom":"5","left":"5","isLinked":"1"},"typography_font_size_mobile":{"unit":"px","size":15,"sizes":[]}},"elements":[],"isInner":false,"widgetType":"heading","elType":"widget"},{"id":"38a03375","settings":{"ending_number":49,"prefix":"R$","title":"Pagamento \u00fanico","number_color":"#6EC1E4","typography_number_typography":"custom","typography_number_font_family":"Ubuntu","typography_number_font_size":{"unit":"em","size":"5","sizes":[]},"typography_number_font_size_tablet":{"unit":"em","size":"3.5","sizes":[]},"typography_number_font_weight":"100","typography_number_text_transform":"none","typography_number_font_style":"normal","typography_number_text_decoration":"none","title_color":"#646a8c","typography_title_typography":"custom","typography_title_font_family":"Open Sans","typography_title_font_size":{"unit":"em","size":"1","sizes":[]},"typography_title_font_weight":"400","typography_title_text_transform":"capitalize","typography_title_font_style":"normal","typography_title_text_decoration":"none","_element_width":"auto","counter-title":"De R$497,00"},"elements":[],"isInner":false,"widgetType":"counter","elType":"widget"},{"id":"548e65e5","settings":{"icon_list":[{"text":"Tincidunt dui ut ornare","icon":"fa fa-check","_id":"266fd1c","__fa4_migrated":{"selected_icon":true}},{"text":"Erat imperdiet sed euismod","icon":"fa fa-check","_id":"dd7f268","__fa4_migrated":{"selected_icon":true}},{"text":"Aliquam id diam maecenas","icon":"fa fa-check","_id":"404a2b7","__fa4_migrated":{"selected_icon":true}}],"space_between":{"unit":"px","size":"24","sizes":[]},"icon_align_mobile":"center","divider":"yes","icon_color":"#6EC1E4","icon_size":{"unit":"px","size":"25","sizes":[]},"text_color":"#646a8c","text_indent":{"unit":"px","size":"13","sizes":[]},"icon_typography_typography":"custom","icon_typography_font_family":"Open Sans","icon_typography_font_size":{"unit":"em","size":"0.9","sizes":[]},"icon_typography_font_weight":"400","icon_typography_text_transform":"capitalize","icon_typography_font_style":"normal","icon_typography_text_decoration":"none","_padding":{"unit":"em","top":"2","right":"0","bottom":"2","left":"0","isLinked":""},"icon_align":"center","divider_weight":{"unit":"px","size":"2","sizes":[]},"divider_width":{"unit":"%","size":"87","sizes":[]},"divider_color":"rgba(221,221,221,0.23)"},"elements":[],"isInner":false,"widgetType":"icon-list","elType":"widget"},{"id":"7605c10a","settings":{"text":"pegar meu curso","size":"md","typography_typography":"custom","typography_font_family":"Ubuntu","typography_font_size":{"unit":"em","size":"1","sizes":[]},"typography_font_weight":"500","typography_text_transform":"uppercase","typography_font_style":"normal","typography_text_decoration":"none","typography_line_height":{"unit":"em","size":"1","sizes":[]},"typography_letter_spacing":{"unit":"px","size":"1.3","sizes":[]},"button_text_color":"#ffffff","background_color":"#6EC1E4","border_radius":{"unit":"px","top":"100","right":"100","bottom":"100","left":"100","isLinked":"1"},"hover_color":"#ffffff","button_background_hover_color":"#DB4BF2","button_hover_border_color":"#ffffff","hover_animation":"bob","border_border":"solid","border_width":{"unit":"px","top":"1","right":"1","bottom":"1","left":"1","isLinked":"1"},"border_color":"#3984A4","button_box_shadow_box_shadow_type":"yes","button_box_shadow_box_shadow":{"horizontal":"0","vertical":"0","blur":"10","spread":"0","color":"rgba(0,0,0,0.29)"},"_padding":{"unit":"em","top":"0","right":"0","bottom":"0","left":"0","isLinked":""},"_element_width":"auto","align_mobile":"justify","icon":"fa fa-angle-right","icon_align":"right","icon_indent":{"unit":"px","size":"15","sizes":[]},"_padding_mobile":{"unit":"em","top":"1","right":"0","bottom":"0","left":"0","isLinked":""},"_element_width_mobile":"inherit","selected_icon":{"value":"fas fa-angle-right","library":"fa-solid"},"__fa4_migrated":{"selected_icon":true}},"elements":[],"isInner":false,"widgetType":"button","elType":"widget"}],"isInner":"1","elType":"column"}],"isInner":"1","elType":"section"}],"isInner":"","elType":"column"}],"isInner":"","elType":"section"},{"id":"57ac79b0","settings":{"html_tag":"section","structure":"20","background_background":"gradient","background_color":"#C56EE4","padding":{"unit":"em","top":"3","right":"1","bottom":"3","left":"1","isLinked":""},"jet_parallax_layout_list":[{"jet_parallax_layout_image":{"url":""},"_id":"5c302fd","jet_parallax_layout_image_tablet":{"url":"","id":""},"jet_parallax_layout_image_mobile":{"url":"","id":""},"jet_parallax_layout_speed":{"unit":"%","size":50,"sizes":[]},"jet_parallax_layout_type":"scroll","jet_parallax_layout_direction":"1","jet_parallax_layout_fx_direction":"fade-in","jet_parallax_layout_z_index":"","jet_parallax_layout_bg_x":50,"jet_parallax_layout_bg_y":50,"jet_parallax_layout_bg_size":"auto","jet_parallax_layout_animation_prop":"transform","jet_parallax_layout_on":["desktop","tablet"]}],"background_color_b":"#6EC1E4","margin_mobile":{"unit":"px","top":"-58","right":0,"bottom":"0","left":0,"isLinked":false}},"elements":[{"id":"1785b54f","settings":{"_column_size":"50"},"elements":[{"id":"78a58d54","settings":{"image":{"id":2659,"url":"https:\/\/cliente.shazamlnv.com\/wp-content\/uploads\/2022\/02\/14l1.png"},"width":{"unit":"%","size":38,"sizes":[]},"width_mobile":{"unit":"%","size":60,"sizes":[]}},"elements":[],"isInner":false,"widgetType":"image","elType":"widget"}],"isInner":"","elType":"column"},{"id":"71b54d8a","settings":{"_column_size":"50","padding":{"unit":"em","top":"2","right":"2","bottom":"2","left":"2","isLinked":"1"}},"elements":[{"id":"5b4bcf88","settings":{"title":"Garantia por 14 dias","title_color":"#ffffff","typography_typography":"custom","typography_font_family":"Ubuntu","typography_font_size":{"unit":"em","size":"2.8","sizes":[]},"typography_font_weight":"700","typography_text_transform":"capitalize","typography_font_style":"normal","typography_text_decoration":"none","align":"left","align_mobile":"left","typography_font_size_mobile":{"unit":"px","size":25,"sizes":[]}},"elements":[],"isInner":false,"widgetType":"heading","elType":"widget"},{"id":"7e875fd7","settings":{"editor":"<p>Ut enim ad<strong> minim veniam, quis nostrud exercitation ullamco laboris nisi<\/strong> ut aliquip ex ea commodo consequat. Duis aute irure dolor in reprehenderit in voluptate velit esse cillum dolore eu fugiat nulla pariatur.<\/p><p>Excepteur sint occaecat cupidatat non proident, sunt in culpa qui officia deserunt mollit anim id est laborum.<\/p><p>Ut enim <strong>ad minim veniam, quis nostrud exercitation<\/strong> ullamco laboris nisi ut aliquip ex ea commodo consequat.\u00a0<\/p>","text_color":"#FFFFFF","typography_typography":"custom","typography_font_family":"Open Sans","typography_font_size":{"unit":"em","size":"1.1","sizes":[]},"typography_font_weight":"300","typography_line_height":{"unit":"em","size":"1.6","sizes":[]},"align_mobile":"justify","typography_font_size_mobile":{"unit":"px","size":13,"sizes":[]},"_margin":{"unit":"px","top":"25","right":"0","bottom":"0","left":"0","isLinked":false}},"elements":[],"isInner":false,"widgetType":"text-editor","elType":"widget"}],"isInner":"","elType":"column"}],"isInner":"","elType":"section"},{"id":"6a652b63","settings":{"content_width":{"unit":"px","size":"1040"},"background_background":"classic","background_image":{"id":2660,"url":"https:\/\/cliente.shazamlnv.com\/wp-content\/uploads\/2022\/02\/fractals-1.jpg"},"background_position":"center center","background_attachment":"fixed","background_repeat":"no-repeat","background_size":"cover","background_overlay_background":"classic","background_overlay_color":"#FDFDFD","background_overlay_opacity":{"unit":"px","size":0.479999999999999982236431605997495353221893310546875},"padding":{"unit":"px","top":"80","right":"0","bottom":"80","left":"0","isLinked":""},"custom_height":{"unit":"vh","size":"75"},"gap":"wide","content_position":"middle","padding_mobile":{"unit":"px","top":"40","right":"0","bottom":"40","left":"0","isLinked":""},"text_align":"center","jet_parallax_layout_list":[{"jet_parallax_layout_image":{"url":""},"_id":"be94b9a","jet_parallax_layout_image_tablet":{"url":"","id":""},"jet_parallax_layout_image_mobile":{"url":"","id":""},"jet_parallax_layout_speed":{"unit":"%","size":50,"sizes":[]},"jet_parallax_layout_type":"scroll","jet_parallax_layout_direction":"1","jet_parallax_layout_fx_direction":"fade-in","jet_parallax_layout_z_index":"","jet_parallax_layout_bg_x":50,"jet_parallax_layout_bg_y":50,"jet_parallax_layout_bg_size":"auto","jet_parallax_layout_animation_prop":"transform","jet_parallax_layout_on":["desktop","tablet"]}]},"elements":[{"id":"7d49fd28","settings":{"_column_size":"100","space_between_widgets":"12","animation":"slideInUp"},"elements":[{"id":"22a2fa59","settings":{"title":"PRECISA DE AJUDA?","title_color":"#1C186F","typography_typography":"custom","typography_font_family":"Roboto","typography_font_size":{"unit":"rem","size":"0.875"},"typography_font_size_mobile":{"unit":"rem","size":"0.75"},"typography_font_weight":"500","typography_text_transform":"uppercase","typography_letter_spacing":{"unit":"px","size":"1.5"},"_animation":"fadeIn","_animation_delay":"50"},"elements":[],"isInner":false,"widgetType":"heading","elType":"widget"},{"id":"7ce32d5c","settings":{"title":"PERGUNTAS FREQUENTES","title_color":"#44ABD7","typography_typography":"custom","typography_font_family":"Roboto","typography_font_size":{"unit":"rem","size":5.5},"typography_font_weight":"500","typography_line_height":{"unit":"em","size":"1.1666"},"_animation":"fadeIn","_animation_delay":"100","typography_font_size_tablet":{"unit":"rem","size":"3"},"typography_font_size_mobile":{"unit":"rem","size":2.20000000000000017763568394002504646778106689453125}},"elements":[],"isInner":false,"widgetType":"heading","elType":"widget"},{"id":"102dff7c","settings":{"weight":{"unit":"px","size":"4"},"color":"#D938DA","width":{"unit":"px","size":"48"},"gap":{"unit":"px","size":"8"},"_animation":"fadeIn","_animation_delay":"300","text":"Divisor"},"elements":[],"isInner":false,"widgetType":"divider","elType":"widget"},{"id":"7531b77d","settings":{"content_width":{"unit":"px","size":"760"},"margin":{"unit":"px","top":"40","right":"0","bottom":"0","left":"0","isLinked":""},"jet_parallax_layout_list":[{"jet_parallax_layout_image":{"url":""},"_id":"716c566","jet_parallax_layout_image_tablet":{"url":"","id":""},"jet_parallax_layout_image_mobile":{"url":"","id":""},"jet_parallax_layout_speed":{"unit":"%","size":50,"sizes":[]},"jet_parallax_layout_type":"scroll","jet_parallax_layout_direction":"1","jet_parallax_layout_fx_direction":"fade-in","jet_parallax_layout_z_index":"","jet_parallax_layout_bg_x":50,"jet_parallax_layout_bg_y":50,"jet_parallax_layout_bg_size":"auto","jet_parallax_layout_animation_prop":"transform","jet_parallax_layout_on":["desktop","tablet"]}]},"elements":[{"id":"734f4061","settings":{"_column_size":"100"},"elements":[{"id":"1e5eca4b","settings":{"tabs":[{"tab_title":"O curso \u00e9 vital\u00edcio?","tab_content":"<p>SIM! No portal do aluno ser\u00e1 liberado automaticamente todas as atualiza\u00e7\u00f5es do curso sem custo algum\u00a0<img class=\"emoji\" role=\"img\" draggable=\"false\" src=\"https:\/\/s.w.org\/images\/core\/emoji\/12.0.0-1\/svg\/1f609.svg\" alt=\"\ud83d\ude09\" \/><\/p>","_id":"c831189"},{"tab_title":"Vem um manual pelo correio?","tab_content":"<p>Sim. V\u00e1rios alunos j\u00e1 usaram os nossos certificados para conseguirem horas extra curriculares.<\/p>","_id":"6c05cdd"},{"tab_title":"Qual a validade das papinhas?","tab_content":"<p>N\u00e3o. Pois o MEC n\u00e3o valida certificados de cursos com conte\u00fado Livres<\/p>","_id":"3a1be3b"},{"tab_title":"Tem como revender?","tab_content":"<p>Sim. \u00c9 necess\u00e1rio ter os programas instalados para que voc\u00ea siga o passo a passo das aulas.<\/p>","_id":"40d4c68"}],"icon":"fa fa-chevron-circle-down","icon_active":"fa fa-chevron-circle-up","title_html_tag":"h2","border_width":{"unit":"px","size":"4"},"border_color":"rgba(0,0,0,0)","title_background":"#6EC1E4","title_color":"#ffffff","tab_active_color":"#FFFFFF","title_typography_typography":"custom","title_typography_font_family":"Roboto","title_typography_font_size":{"unit":"rem","size":"1.125"},"title_typography_font_weight":"400","title_padding":{"unit":"px","top":"24","right":"24","bottom":"24","left":"24","isLinked":"1"},"icon_align":"right","icon_space":{"unit":"px","size":"0"},"content_color":"#020101","content_typography_typography":"custom","content_typography_font_family":"Roboto","content_typography_font_size":{"unit":"rem","size":"1"},"content_typography_font_weight":"400","content_typography_line_height":{"unit":"em","size":"1.617"},"content_padding":{"unit":"px","top":"24","right":"24","bottom":"24","left":"24","isLinked":"1"},"title_typography_font_size_mobile":{"unit":"rem","size":"1"},"selected_icon":{"value":"fas fa-chevron-circle-down","library":"fa-solid"},"selected_active_icon":{"value":"fas fa-chevron-circle-up","library":"fa-solid"},"__fa4_migrated":{"selected_icon":true,"selected_active_icon":true}},"elements":[],"isInner":false,"widgetType":"accordion","elType":"widget"},{"id":"4e57a97b","settings":{"text":"EU quero o curso das papinhas","align":"center","align_tablet":"center","icon":"fa fa-play-circle-o","icon_align":"right","icon_indent":{"unit":"px","size":"18"},"typography_typography":"custom","typography_font_family":"Oswald","typography_font_size":{"unit":"px","size":"17"},"typography_font_weight":"400","typography_text_transform":"uppercase","background_color":"#DD4CE6","hover_color":"#ffffff","button_background_hover_color":"#6EC1E4","hover_animation":"shrink","border_radius":{"unit":"px","top":"100","right":"100","bottom":"100","left":"100","isLinked":"1"},"align_mobile":"center","button_hover_border_color":"#ffffff","border_border":"solid","border_width":{"unit":"px","top":"2","right":"2","bottom":"2","left":"2","isLinked":"1"},"border_color":"#FFFFFF","link":{"url":"","is_external":"","nofollow":"","custom_attributes":""},"__fa4_migrated":{"selected_icon":true},"typography_font_size_mobile":{"unit":"px","size":13,"sizes":[]},"_margin":{"unit":"px","top":"30","right":"0","bottom":"0","left":"0","isLinked":false},"_padding":{"unit":"px","top":"0","right":"0","bottom":"0","left":"0","isLinked":false}},"elements":[],"isInner":false,"widgetType":"button","elType":"widget"}],"isInner":"1","elType":"column"}],"isInner":"1","elType":"section"}],"isInner":"","elType":"column"}],"isInner":"","elType":"section"},{"id":"3fef626f","settings":{"background_background":"classic","background_image":{"id":"478","url":"https:\/\/cliente.shazamlnv.com\/wp-content\/uploads\/2021\/12\/image-1-3.png"},"background_position":"center center","background_size":"cover","background_overlay_background":"classic","background_overlay_color":"#000011","background_overlay_opacity":{"unit":"px","size":"0.84"},"padding":{"unit":"px","top":"20","right":"0","bottom":"0","left":"0","isLinked":""},"padding_tablet":{"unit":"px","top":"30","right":"20","bottom":"30","left":"20","isLinked":""},"padding_mobile":{"unit":"px","top":"30","right":"20","bottom":"30","left":"20","isLinked":""},"overlay_blend_mode":"multiply","background_attachment":"fixed","jet_parallax_layout_list":[{"jet_parallax_layout_image":{"url":""},"_id":"0a51fe0","jet_parallax_layout_image_tablet":{"url":"","id":""},"jet_parallax_layout_image_mobile":{"url":"","id":""},"jet_parallax_layout_speed":{"unit":"%","size":50,"sizes":[]},"jet_parallax_layout_type":"scroll","jet_parallax_layout_direction":"1","jet_parallax_layout_fx_direction":"fade-in","jet_parallax_layout_z_index":"","jet_parallax_layout_bg_x":50,"jet_parallax_layout_bg_y":50,"jet_parallax_layout_bg_size":"auto","jet_parallax_layout_animation_prop":"transform","jet_parallax_layout_on":["desktop","tablet"]}]},"elements":[{"id":"2dd74da6","settings":{"_column_size":"100","padding_mobile":{"unit":"px","top":"0","right":"0","bottom":"0","left":"0","isLinked":""}},"elements":[{"id":"23e9474b","settings":{"editor":"<p><span style=\"vertical-align: inherit;\"><span style=\"vertical-align: inherit;\"><span style=\"vertical-align: inherit;\"><span style=\"vertical-align: inherit;\">P\u00e1gina de vendas feita por <strong><span style=\"color: #ffd100;\">Shazam\/LNV<\/span><\/strong><\/span><\/span><\/span><\/span><\/p>","align":"center","text_color":"#F4F4F4","typography_typography":"custom","typography_font_size":{"unit":"px","size":19,"sizes":[]},"typography_font_size_mobile":{"unit":"px","size":12,"sizes":[]},"_margin":{"unit":"px","top":"0","right":"0","bottom":"0","left":"0","isLinked":false},"_padding":{"unit":"px","top":"0","right":"0","bottom":"0","left":"0","isLinked":false}},"elements":[],"isInner":false,"widgetType":"text-editor","elType":"widget"}],"isInner":"","elType":"column"}],"isInner":"","elType":"section"}],"page_settings":{"eael_ext_toc_title":"Table of Content"},"version":"0.4","title":"PAPINHAS 5","type":"page"}