{
    "version": "0.4",
    "title": "Archive Post",
    "type": "archive",
    "metadata": {
        "template_type": "archive-blog",
        "include_in_zip": "1",
        "elementor_pro_required": "1",
        "elementor_library_type": "archive",
        "elementor_pro_conditions": [
            "include\/archive\/post_archive"
        ],
        "additional_template_information": [
            "This is a \"Archive\" template for Elementor Pro.",
            "This template will display on: Posts Archive."
        ],
        "wp_page_template": "elementor_header_footer"
    },
    "content": [
        {
            "id": "2f2e5758",
            "settings": {
                "height": "min-height",
                "custom_height": {
                    "unit": "px",
                    "size": 300,
                    "sizes": []
                },
                "background_background": "classic",
                "background_position": "bottom center",
                "background_repeat": "no-repeat",
                "background_size": "cover",
                "background_overlay_background": "classic",
                "background_overlay_image": {
                    "url": "https:\/\/bimberonline.com\/extreme\/wp-content\/uploads\/sites\/34\/2019\/09\/image-section-24-min.jpg",
                    "id": 644
                },
                "background_overlay_position": "bottom center",
                "background_overlay_repeat": "no-repeat",
                "background_overlay_size": "cover",
                "background_overlay_opacity": {
                    "unit": "px",
                    "size": 0.1,
                    "sizes": []
                },
                "__globals__": {
                    "background_color": "globals\/colors?id=8bf8b31"
                },
                "padding_mobile": {
                    "unit": "px",
                    "top": "0",
                    "right": "20",
                    "bottom": "0",
                    "left": "20",
                    "isLinked": false
                }
            },
            "elements": [
                {
                    "id": "39f56563",
                    "settings": {
                        "_column_size": 100,
                        "_inline_size": null,
                        "margin": {
                            "unit": "px",
                            "top": "20",
                            "right": "0",
                            "bottom": "0",
                            "left": "0",
                            "isLinked": false
                        }
                    },
                    "elements": [
                        {
                            "id": "17ddafa7",
                            "settings": {
                                "image": {
                                    "url": "https:\/\/bimberonline.com\/extreme\/wp-content\/uploads\/sites\/34\/2019\/08\/image-section-14.png",
                                    "id": 520
                                },
                                "width": {
                                    "unit": "vw",
                                    "size": 2,
                                    "sizes": []
                                },
                                "space": {
                                    "unit": "%",
                                    "size": 100,
                                    "sizes": []
                                },
                                "_element_width": "auto",
                                "_position": "absolute",
                                "_offset_orientation_h": "end",
                                "_offset_x_end": {
                                    "unit": "vw",
                                    "size": 23,
                                    "sizes": []
                                },
                                "_offset_y": {
                                    "unit": "vh",
                                    "size": -10,
                                    "sizes": []
                                }
                            },
                            "elements": [],
                            "isInner": false,
                            "widgetType": "image",
                            "elType": "widget"
                        },
                        {
                            "id": "30aa8e58",
                            "settings": {
                                "image": {
                                    "url": "https:\/\/bimberonline.com\/extreme\/wp-content\/uploads\/sites\/34\/2019\/08\/image-section-19-min.png",
                                    "id": 535
                                },
                                "width": {
                                    "unit": "vw",
                                    "size": 7,
                                    "sizes": []
                                },
                                "space": {
                                    "unit": "%",
                                    "size": 100,
                                    "sizes": []
                                },
                                "_element_width": "auto",
                                "_position": "absolute",
                                "_offset_x": {
                                    "unit": "vw",
                                    "size": -2,
                                    "sizes": []
                                },
                                "_offset_y": {
                                    "unit": "vh",
                                    "size": -20,
                                    "sizes": []
                                }
                            },
                            "elements": [],
                            "isInner": false,
                            "widgetType": "image",
                            "elType": "widget"
                        },
                        {
                            "id": "20584b5",
                            "settings": {
                                "__dynamic__": {
                                    "title": "[elementor-tag id=\"\" name=\"archive-title\" settings=\"%7B%22include_context%22%3A%22yes%22%2C%22before%22%3A%22%22%2C%22after%22%3A%22%22%2C%22fallback%22%3A%22%22%7D\"]"
                                },
                                "title": "Add Your Heading Text Here",
                                "align": "center",
                                "__globals__": {
                                    "title_color": "globals\/colors?id=80ba54b"
                                }
                            },
                            "elements": [],
                            "isInner": false,
                            "widgetType": "theme-archive-title",
                            "elType": "widget"
                        },
                        {
                            "id": "7655af7c",
                            "settings": {
                                "alignment": "center",
                                "text_color": "#000000",
                                "link_color": "#000000"
                            },
                            "elements": [],
                            "isInner": false,
                            "widgetType": "woocommerce-breadcrumb",
                            "elType": "widget"
                        },
                        {
                            "id": "fe514a7",
                            "settings": {
                                "image": {
                                    "url": "https:\/\/bimberonline.com\/extreme\/wp-content\/uploads\/sites\/34\/2019\/08\/image-section-12.png",
                                    "id": 518
                                },
                                "width": {
                                    "unit": "vw",
                                    "size": 3,
                                    "sizes": []
                                },
                                "space": {
                                    "unit": "%",
                                    "size": 100,
                                    "sizes": []
                                },
                                "_element_width": "auto",
                                "_position": "absolute",
                                "_offset_orientation_h": "end",
                                "_offset_x": {
                                    "unit": "vw",
                                    "size": "",
                                    "sizes": []
                                },
                                "_offset_x_end": {
                                    "unit": "vw",
                                    "size": 0,
                                    "sizes": []
                                },
                                "_offset_orientation_v": "end",
                                "_offset_y": {
                                    "unit": "vh",
                                    "size": "",
                                    "sizes": []
                                },
                                "_offset_y_end": {
                                    "unit": "vh",
                                    "size": -5,
                                    "sizes": []
                                }
                            },
                            "elements": [],
                            "isInner": false,
                            "widgetType": "image",
                            "elType": "widget"
                        },
                        {
                            "id": "3ba3950f",
                            "settings": {
                                "image": {
                                    "url": "https:\/\/bimberonline.com\/extreme\/wp-content\/uploads\/sites\/34\/2019\/08\/image-section-10.png",
                                    "id": 504
                                },
                                "width": {
                                    "unit": "vw",
                                    "size": 10,
                                    "sizes": []
                                },
                                "space": {
                                    "unit": "%",
                                    "size": 100,
                                    "sizes": []
                                },
                                "_element_width": "auto",
                                "_position": "absolute",
                                "_offset_x": {
                                    "size": -8.417,
                                    "unit": "vw"
                                },
                                "_offset_y": {
                                    "size": 12.132,
                                    "unit": "vh"
                                }
                            },
                            "elements": [],
                            "isInner": false,
                            "widgetType": "image",
                            "elType": "widget"
                        }
                    ],
                    "isInner": false,
                    "elType": "column"
                }
            ],
            "isInner": false,
            "elType": "section"
        },
        {
            "id": "536f35f4",
            "settings": {
                "padding": {
                    "unit": "px",
                    "top": "100",
                    "right": "40",
                    "bottom": "100",
                    "left": "40",
                    "isLinked": false
                },
                "background_background": "classic",
                "background_color": "#FFFFFF",
                "content_width": {
                    "unit": "px",
                    "size": 1400,
                    "sizes": []
                },
                "padding_tablet": {
                    "unit": "px",
                    "top": "60",
                    "right": "30",
                    "bottom": "60",
                    "left": "30",
                    "isLinked": false
                },
                "padding_mobile": {
                    "unit": "px",
                    "top": "60",
                    "right": "30",
                    "bottom": "60",
                    "left": "30",
                    "isLinked": false
                }
            },
            "elements": [
                {
                    "id": "72086e4",
                    "settings": {
                        "_column_size": 100,
                        "_inline_size": null
                    },
                    "elements": [
                        {
                            "id": "1b6c0568",
                            "settings": {
                                "archive_classic_thumbnail_size_size": "full",
                                "archive_classic_meta_separator": "\/\/\/",
                                "archive_classic_read_more_text": "Read More \u00bb",
                                "archive_cards_meta_separator": "\u2022",
                                "archive_cards_read_more_text": "Read More \u00bb",
                                "archive_full_content_meta_separator": "\/\/\/",
                                "archive_custom_template_list": [
                                    {
                                        "nth": 1,
                                        "_id": "fd9d89c"
                                    }
                                ],
                                "archive_custom_meta_separator": "\/\/\/",
                                "archive_classic_title_color": "#000000",
                                "archive_classic_title_spacing": {
                                    "unit": "px",
                                    "size": 15,
                                    "sizes": []
                                },
                                "archive_classic_meta_color": "#000000",
                                "archive_classic_meta_spacing": {
                                    "unit": "px",
                                    "size": 15,
                                    "sizes": []
                                },
                                "archive_classic_excerpt_color": "#000000",
                                "archive_classic_excerpt_spacing": {
                                    "unit": "px",
                                    "size": 15,
                                    "sizes": []
                                },
                                "archive_classic_read_more_spacing": {
                                    "unit": "px",
                                    "size": 15,
                                    "sizes": []
                                },
                                "pagination_page_limit": "5",
                                "pagination_prev_label": "&laquo; Previous",
                                "pagination_next_label": "Next &raquo;",
                                "loadmore_text": "Load More",
                                "loadmore_loading_text": "Loading...",
                                "nothing_found_message": "It seems we can't find what you're looking for."
                            },
                            "elements": [],
                            "isInner": false,
                            "widgetType": "archive-posts",
                            "elType": "widget"
                        }
                    ],
                    "isInner": false,
                    "elType": "column"
                }
            ],
            "isInner": false,
            "elType": "section"
        }
    ],
    "page_settings": {
        "page_template": "elementor_header_footer",
        "template": "elementor_header_footer"
    }
}