{
    "version": "0.4",
    "title": "Archive Product",
    "type": "product-archive",
    "metadata": {
        "template_type": "archive-product",
        "include_in_zip": "1",
        "elementor_pro_required": "1",
        "elementor_library_type": "product-archive",
        "elementor_pro_conditions": [
            "include\/product_archive"
        ],
        "additional_template_information": [
            "This is a \"Product Archive\" template for Elementor Pro.",
            "This template will display on: All Product Archives."
        ],
        "wp_page_template": "default"
    },
    "content": [
        {
            "id": "6d0aeaf2",
            "settings": {
                "height": "min-height",
                "custom_height": {
                    "unit": "px",
                    "size": 300,
                    "sizes": []
                },
                "background_background": "classic",
                "background_position": "bottom center",
                "background_repeat": "no-repeat",
                "background_size": "cover",
                "background_overlay_background": "classic",
                "background_overlay_image": {
                    "url": "https:\/\/bimberonline.com\/extreme\/wp-content\/uploads\/sites\/34\/2019\/09\/image-section-24-min.jpg",
                    "id": 644
                },
                "background_overlay_position": "bottom center",
                "background_overlay_repeat": "no-repeat",
                "background_overlay_size": "cover",
                "background_overlay_opacity": {
                    "unit": "px",
                    "size": 0.1,
                    "sizes": []
                },
                "__globals__": {
                    "background_color": "globals\/colors?id=8bf8b31"
                },
                "padding_mobile": {
                    "unit": "px",
                    "top": "0",
                    "right": "20",
                    "bottom": "0",
                    "left": "20",
                    "isLinked": false
                }
            },
            "elements": [
                {
                    "id": "21b04683",
                    "settings": {
                        "_column_size": 100,
                        "_inline_size": null,
                        "margin": {
                            "unit": "px",
                            "top": "20",
                            "right": "0",
                            "bottom": "0",
                            "left": "0",
                            "isLinked": false
                        }
                    },
                    "elements": [
                        {
                            "id": "292a00ce",
                            "settings": {
                                "image": {
                                    "url": "https:\/\/bimberonline.com\/extreme\/wp-content\/uploads\/sites\/34\/2019\/08\/image-section-14.png",
                                    "id": 520
                                },
                                "width": {
                                    "unit": "vw",
                                    "size": 2,
                                    "sizes": []
                                },
                                "space": {
                                    "unit": "%",
                                    "size": 100,
                                    "sizes": []
                                },
                                "_element_width": "auto",
                                "_position": "absolute",
                                "_offset_orientation_h": "end",
                                "_offset_x_end": {
                                    "unit": "vw",
                                    "size": 23,
                                    "sizes": []
                                },
                                "_offset_y": {
                                    "unit": "vh",
                                    "size": -10,
                                    "sizes": []
                                }
                            },
                            "elements": [],
                            "isInner": false,
                            "widgetType": "image",
                            "elType": "widget"
                        },
                        {
                            "id": "2496175",
                            "settings": {
                                "image": {
                                    "url": "https:\/\/bimberonline.com\/extreme\/wp-content\/uploads\/sites\/34\/2019\/08\/image-section-19-min.png",
                                    "id": 535
                                },
                                "width": {
                                    "unit": "vw",
                                    "size": 7,
                                    "sizes": []
                                },
                                "space": {
                                    "unit": "%",
                                    "size": 100,
                                    "sizes": []
                                },
                                "_element_width": "auto",
                                "_position": "absolute",
                                "_offset_x": {
                                    "unit": "vw",
                                    "size": -2,
                                    "sizes": []
                                },
                                "_offset_y": {
                                    "unit": "vh",
                                    "size": -20,
                                    "sizes": []
                                }
                            },
                            "elements": [],
                            "isInner": false,
                            "widgetType": "image",
                            "elType": "widget"
                        },
                        {
                            "id": "2cb4816b",
                            "settings": {
                                "title": "Shop",
                                "header_size": "h1",
                                "align": "center",
                                "__globals__": {
                                    "title_color": "globals\/colors?id=80ba54b"
                                }
                            },
                            "elements": [],
                            "isInner": false,
                            "widgetType": "heading",
                            "elType": "widget"
                        },
                        {
                            "id": "5e4b80e8",
                            "settings": {
                                "alignment": "center"
                            },
                            "elements": [],
                            "isInner": false,
                            "widgetType": "woocommerce-breadcrumb",
                            "elType": "widget"
                        },
                        {
                            "id": "2a113eff",
                            "settings": {
                                "image": {
                                    "url": "https:\/\/bimberonline.com\/extreme\/wp-content\/uploads\/sites\/34\/2019\/08\/image-section-12.png",
                                    "id": 518
                                },
                                "width": {
                                    "unit": "vw",
                                    "size": 3,
                                    "sizes": []
                                },
                                "space": {
                                    "unit": "%",
                                    "size": 100,
                                    "sizes": []
                                },
                                "_element_width": "auto",
                                "_position": "absolute",
                                "_offset_orientation_h": "end",
                                "_offset_x": {
                                    "unit": "vw",
                                    "size": "",
                                    "sizes": []
                                },
                                "_offset_x_end": {
                                    "unit": "vw",
                                    "size": 0,
                                    "sizes": []
                                },
                                "_offset_orientation_v": "end",
                                "_offset_y": {
                                    "unit": "vh",
                                    "size": "",
                                    "sizes": []
                                },
                                "_offset_y_end": {
                                    "unit": "vh",
                                    "size": -12,
                                    "sizes": []
                                }
                            },
                            "elements": [],
                            "isInner": false,
                            "widgetType": "image",
                            "elType": "widget"
                        },
                        {
                            "id": "5d9152d3",
                            "settings": {
                                "image": {
                                    "url": "https:\/\/bimberonline.com\/extreme\/wp-content\/uploads\/sites\/34\/2019\/08\/image-section-10.png",
                                    "id": 504
                                },
                                "width": {
                                    "unit": "vw",
                                    "size": 15,
                                    "sizes": []
                                },
                                "space": {
                                    "unit": "%",
                                    "size": 100,
                                    "sizes": []
                                },
                                "_element_width": "auto",
                                "_position": "absolute",
                                "_offset_x": {
                                    "size": -8.578,
                                    "unit": "vw"
                                },
                                "_offset_y": {
                                    "size": 10.005,
                                    "unit": "vh"
                                }
                            },
                            "elements": [],
                            "isInner": false,
                            "widgetType": "image",
                            "elType": "widget"
                        }
                    ],
                    "isInner": false,
                    "elType": "column"
                }
            ],
            "isInner": false,
            "elType": "section"
        },
        {
            "id": "21228784",
            "settings": {
                "background_background": "classic",
                "padding": {
                    "unit": "px",
                    "top": "100",
                    "right": "40",
                    "bottom": "100",
                    "left": "40",
                    "isLinked": false
                },
                "padding_mobile": {
                    "unit": "px",
                    "top": "60",
                    "right": "20",
                    "bottom": "60",
                    "left": "20",
                    "isLinked": false
                },
                "background_color": "#FFFFFF",
                "z_index": 1,
                "structure": "20",
                "content_width": {
                    "unit": "px",
                    "size": 1400,
                    "sizes": []
                },
                "padding_tablet": {
                    "unit": "px",
                    "top": "60",
                    "right": "20",
                    "bottom": "60",
                    "left": "20",
                    "isLinked": false
                }
            },
            "elements": [
                {
                    "id": "be2551a",
                    "settings": {
                        "_column_size": 50,
                        "_inline_size": 30
                    },
                    "elements": [
                        {
                            "id": "7e0dc30b",
                            "settings": {
                                "title": "Filter by Price",
                                "header_size": "h6"
                            },
                            "elements": [],
                            "isInner": false,
                            "widgetType": "heading",
                            "elType": "widget"
                        },
                        {
                            "id": "3a2704d6",
                            "settings": {
                                "wp": {
                                    "title": ""
                                }
                            },
                            "elements": [],
                            "isInner": false,
                            "widgetType": "wp-widget-woocommerce_price_filter",
                            "elType": "widget"
                        },
                        {
                            "id": "6d413da0",
                            "settings": {
                                "title": "Category",
                                "header_size": "h6",
                                "_margin": {
                                    "unit": "px",
                                    "top": "20",
                                    "right": "0",
                                    "bottom": "0",
                                    "left": "0",
                                    "isLinked": false
                                }
                            },
                            "elements": [],
                            "isInner": false,
                            "widgetType": "heading",
                            "elType": "widget"
                        },
                        {
                            "id": "27b3e999",
                            "settings": {
                                "wp": {
                                    "title": "",
                                    "orderby": "name",
                                    "count": "1",
                                    "hierarchical": "1",
                                    "hide_empty": "1",
                                    "max_depth": ""
                                },
                                "_margin": {
                                    "unit": "px",
                                    "top": "0",
                                    "right": "0",
                                    "bottom": "0",
                                    "left": "0",
                                    "isLinked": false
                                }
                            },
                            "elements": [],
                            "isInner": false,
                            "widgetType": "wp-widget-woocommerce_product_categories",
                            "elType": "widget"
                        },
                        {
                            "id": "734a644c",
                            "settings": {
                                "title": "Choose Color",
                                "header_size": "h6",
                                "_margin": {
                                    "unit": "px",
                                    "top": "20",
                                    "right": "0",
                                    "bottom": "0",
                                    "left": "0",
                                    "isLinked": false
                                }
                            },
                            "elements": [],
                            "isInner": false,
                            "widgetType": "heading",
                            "elType": "widget"
                        },
                        {
                            "id": "1dce8656",
                            "settings": {
                                "_margin": {
                                    "unit": "px",
                                    "top": "2",
                                    "right": "0",
                                    "bottom": "2",
                                    "left": "0",
                                    "isLinked": false
                                }
                            },
                            "elements": [],
                            "isInner": false,
                            "widgetType": "wp-widget-woocommerce_layered_nav",
                            "elType": "widget"
                        },
                        {
                            "id": "29f3071",
                            "settings": {
                                "background_background": "classic",
                                "margin": {
                                    "unit": "px",
                                    "top": "30",
                                    "right": 0,
                                    "bottom": "0",
                                    "left": 0,
                                    "isLinked": false
                                },
                                "__globals__": {
                                    "background_color": "globals\/colors?id=8bf8b31"
                                }
                            },
                            "elements": [
                                {
                                    "id": "39984142",
                                    "settings": {
                                        "_column_size": 100,
                                        "_inline_size": null,
                                        "padding": {
                                            "unit": "px",
                                            "top": "60",
                                            "right": "20",
                                            "bottom": "60",
                                            "left": "20",
                                            "isLinked": false
                                        }
                                    },
                                    "elements": [
                                        {
                                            "id": "41df42db",
                                            "settings": {
                                                "title": "Exclusive sports shoes on offer!",
                                                "header_size": "h3",
                                                "align": "center",
                                                "__globals__": {
                                                    "title_color": "globals\/colors?id=80ba54b"
                                                }
                                            },
                                            "elements": [],
                                            "isInner": false,
                                            "widgetType": "heading",
                                            "elType": "widget"
                                        },
                                        {
                                            "id": "b3d4bcf",
                                            "settings": {
                                                "button_type": "gradient",
                                                "button_outline": "",
                                                "button_text": "Go Shop",
                                                "button_text_color": "#FFFFFF",
                                                "button_background_background": "gradient",
                                                "button_background_color": "#000000",
                                                "button_background_color_b": "#4F4F4F",
                                                "button_background_gradient_angle": {
                                                    "unit": "deg",
                                                    "size": 240,
                                                    "sizes": []
                                                },
                                                "_margin": {
                                                    "unit": "px",
                                                    "top": "20",
                                                    "right": "0",
                                                    "bottom": "0",
                                                    "left": "0",
                                                    "isLinked": false
                                                },
                                                "buttonalign": "center"
                                            },
                                            "elements": [],
                                            "isInner": false,
                                            "widgetType": "move-button",
                                            "elType": "widget"
                                        },
                                        {
                                            "id": "643a91f0",
                                            "settings": {
                                                "image": {
                                                    "url": "https:\/\/bimberonline.com\/extreme\/wp-content\/uploads\/sites\/34\/2020\/12\/image-section-62-min.png",
                                                    "id": 1289
                                                }
                                            },
                                            "elements": [],
                                            "isInner": false,
                                            "widgetType": "image",
                                            "elType": "widget"
                                        }
                                    ],
                                    "isInner": true,
                                    "elType": "column"
                                }
                            ],
                            "isInner": true,
                            "elType": "section"
                        }
                    ],
                    "isInner": false,
                    "elType": "column"
                },
                {
                    "id": "5fb48f80",
                    "settings": {
                        "_column_size": 50,
                        "_inline_size": 70,
                        "margin": {
                            "unit": "px",
                            "top": "0",
                            "right": "0",
                            "bottom": "0",
                            "left": "30",
                            "isLinked": false
                        },
                        "margin_mobile": {
                            "unit": "px",
                            "top": "0",
                            "right": "0",
                            "bottom": "0",
                            "left": "0",
                            "isLinked": false
                        }
                    },
                    "elements": [
                        {
                            "id": "6360e1a2",
                            "settings": {
                                "nothing_found_message": "We can't seem to find what you're looking for.",
                                "_padding_mobile": {
                                    "unit": "%",
                                    "top": "5",
                                    "right": "0",
                                    "bottom": "10",
                                    "left": "0",
                                    "isLinked": false
                                },
                                "title_color": "#000000",
                                "price_typography_typography": "custom",
                                "price_typography_font_size": {
                                    "unit": "px",
                                    "size": 16,
                                    "sizes": []
                                },
                                "price_typography_font_weight": "600",
                                "button_text_color": "#000000",
                                "button_typography_typography": "custom",
                                "button_typography_font_family": "Barlow",
                                "button_typography_font_size": {
                                    "unit": "px",
                                    "size": 14,
                                    "sizes": []
                                },
                                "button_typography_text_transform": "uppercase",
                                "button_hover_color": "#FFFFFF",
                                "button_hover_background_color": "#000000",
                                "onsale_text_color": "#FFFFFF",
                                "__globals__": {
                                    "price_color": "globals\/colors?id=c36e472",
                                    "button_background_color": "globals\/colors?id=8bf8b31",
                                    "onsale_text_background_color": "globals\/colors?id=c36e472"
                                },
                                "button_typography_font_weight": "600"
                            },
                            "elements": [],
                            "isInner": false,
                            "widgetType": "wc-archive-products",
                            "elType": "widget"
                        }
                    ],
                    "isInner": false,
                    "elType": "column"
                }
            ],
            "isInner": false,
            "elType": "section"
        }
    ],
    "page_settings": {
        "page_template": "elementor_header_footer"
    }
}