{
    "version": "0.4",
    "title": "Ask Your Questions",
    "type": "page",
    "metadata": {
        "template_type": "single-page",
        "include_in_zip": "1",
        "elementor_pro_required": "1",
        "wp_page_template": "elementor_header_footer"
    },
    "content": [
        {
            "id": "5c2f3d87",
            "settings": {
                "height": "min-height",
                "custom_height": {
                    "unit": "px",
                    "size": 300,
                    "sizes": []
                },
                "background_background": "classic",
                "background_position": "bottom center",
                "background_repeat": "no-repeat",
                "background_size": "cover",
                "background_overlay_background": "classic",
                "background_overlay_image": {
                    "url": "https:\/\/bimberonline.com\/extreme\/wp-content\/uploads\/sites\/34\/2019\/09\/image-section-24-min.jpg",
                    "id": 644
                },
                "background_overlay_position": "bottom center",
                "background_overlay_repeat": "no-repeat",
                "background_overlay_size": "cover",
                "background_overlay_opacity": {
                    "unit": "px",
                    "size": 0.1,
                    "sizes": []
                },
                "__globals__": {
                    "background_color": "globals\/colors?id=8bf8b31"
                },
                "padding_mobile": {
                    "unit": "px",
                    "top": "0",
                    "right": "20",
                    "bottom": "0",
                    "left": "20",
                    "isLinked": false
                }
            },
            "elements": [
                {
                    "id": "1df751ba",
                    "settings": {
                        "_column_size": 100,
                        "_inline_size": null,
                        "margin": {
                            "unit": "px",
                            "top": "20",
                            "right": "0",
                            "bottom": "0",
                            "left": "0",
                            "isLinked": false
                        }
                    },
                    "elements": [
                        {
                            "id": "63d9e25d",
                            "settings": {
                                "image": {
                                    "url": "https:\/\/bimberonline.com\/extreme\/wp-content\/uploads\/sites\/34\/2019\/08\/image-section-14.png",
                                    "id": 520
                                },
                                "width": {
                                    "unit": "vw",
                                    "size": 2,
                                    "sizes": []
                                },
                                "space": {
                                    "unit": "%",
                                    "size": 100,
                                    "sizes": []
                                },
                                "_element_width": "auto",
                                "_position": "absolute",
                                "_offset_orientation_h": "end",
                                "_offset_x_end": {
                                    "unit": "vw",
                                    "size": 23,
                                    "sizes": []
                                },
                                "_offset_y": {
                                    "unit": "vh",
                                    "size": -10,
                                    "sizes": []
                                }
                            },
                            "elements": [],
                            "isInner": false,
                            "widgetType": "image",
                            "elType": "widget"
                        },
                        {
                            "id": "22032dd6",
                            "settings": {
                                "image": {
                                    "url": "https:\/\/bimberonline.com\/extreme\/wp-content\/uploads\/sites\/34\/2019\/08\/image-section-19-min.png",
                                    "id": 535
                                },
                                "width": {
                                    "unit": "vw",
                                    "size": 7,
                                    "sizes": []
                                },
                                "space": {
                                    "unit": "%",
                                    "size": 100,
                                    "sizes": []
                                },
                                "_element_width": "auto",
                                "_position": "absolute",
                                "_offset_x": {
                                    "unit": "vw",
                                    "size": -2,
                                    "sizes": []
                                },
                                "_offset_y": {
                                    "unit": "vh",
                                    "size": -20,
                                    "sizes": []
                                }
                            },
                            "elements": [],
                            "isInner": false,
                            "widgetType": "image",
                            "elType": "widget"
                        },
                        {
                            "id": "5f979720",
                            "settings": {
                                "title": "Ask Your Questions",
                                "header_size": "h1",
                                "align": "center",
                                "__globals__": {
                                    "title_color": "globals\/colors?id=80ba54b"
                                }
                            },
                            "elements": [],
                            "isInner": false,
                            "widgetType": "heading",
                            "elType": "widget"
                        },
                        {
                            "id": "2ab76caf",
                            "settings": {
                                "alignment": "center",
                                "text_color": "#000000",
                                "link_color": "#000000"
                            },
                            "elements": [],
                            "isInner": false,
                            "widgetType": "woocommerce-breadcrumb",
                            "elType": "widget"
                        },
                        {
                            "id": "19a60255",
                            "settings": {
                                "image": {
                                    "url": "https:\/\/bimberonline.com\/extreme\/wp-content\/uploads\/sites\/34\/2019\/08\/image-section-12.png",
                                    "id": 518
                                },
                                "width": {
                                    "unit": "vw",
                                    "size": 3,
                                    "sizes": []
                                },
                                "space": {
                                    "unit": "%",
                                    "size": 100,
                                    "sizes": []
                                },
                                "_element_width": "auto",
                                "_position": "absolute",
                                "_offset_orientation_h": "end",
                                "_offset_x": {
                                    "unit": "vw",
                                    "size": "",
                                    "sizes": []
                                },
                                "_offset_x_end": {
                                    "unit": "vw",
                                    "size": 0,
                                    "sizes": []
                                },
                                "_offset_orientation_v": "end",
                                "_offset_y": {
                                    "unit": "vh",
                                    "size": "",
                                    "sizes": []
                                },
                                "_offset_y_end": {
                                    "unit": "vh",
                                    "size": -5,
                                    "sizes": []
                                }
                            },
                            "elements": [],
                            "isInner": false,
                            "widgetType": "image",
                            "elType": "widget"
                        },
                        {
                            "id": "61265ab3",
                            "settings": {
                                "image": {
                                    "url": "https:\/\/bimberonline.com\/extreme\/wp-content\/uploads\/sites\/34\/2019\/08\/image-section-10.png",
                                    "id": 504
                                },
                                "width": {
                                    "unit": "vw",
                                    "size": 15,
                                    "sizes": []
                                },
                                "space": {
                                    "unit": "%",
                                    "size": 100,
                                    "sizes": []
                                },
                                "_element_width": "auto",
                                "_position": "absolute",
                                "_offset_x": {
                                    "size": -8.578,
                                    "unit": "vw"
                                },
                                "_offset_y": {
                                    "size": 10.005,
                                    "unit": "vh"
                                }
                            },
                            "elements": [],
                            "isInner": false,
                            "widgetType": "image",
                            "elType": "widget"
                        }
                    ],
                    "isInner": false,
                    "elType": "column"
                }
            ],
            "isInner": false,
            "elType": "section"
        },
        {
            "id": "404bb33d",
            "settings": {
                "margin": {
                    "unit": "px",
                    "top": "",
                    "right": 0,
                    "bottom": "",
                    "left": 0,
                    "isLinked": true
                },
                "padding": {
                    "unit": "px",
                    "top": "100",
                    "right": "40",
                    "bottom": "0",
                    "left": "40",
                    "isLinked": false
                },
                "content_width": {
                    "unit": "px",
                    "size": 1200,
                    "sizes": []
                },
                "padding_tablet": {
                    "unit": "px",
                    "top": "60",
                    "right": "0",
                    "bottom": "0",
                    "left": "0",
                    "isLinked": false
                },
                "padding_mobile": {
                    "unit": "px",
                    "top": "0",
                    "right": "0",
                    "bottom": "0",
                    "left": "0",
                    "isLinked": false
                }
            },
            "elements": [
                {
                    "id": "2d9ea02a",
                    "settings": {
                        "_column_size": 100,
                        "_inline_size": null,
                        "background_background": "classic",
                        "background_position": "center center",
                        "background_repeat": "no-repeat",
                        "background_size": "cover",
                        "background_overlay_background": "classic",
                        "background_overlay_image": {
                            "url": "https:\/\/bimberonline.com\/extreme\/wp-content\/uploads\/sites\/34\/2020\/11\/image-section-38-min.jpg",
                            "id": 1270
                        },
                        "background_overlay_position": "bottom center",
                        "background_overlay_repeat": "no-repeat",
                        "background_overlay_size": "cover",
                        "background_overlay_opacity": {
                            "unit": "px",
                            "size": 1,
                            "sizes": []
                        },
                        "css_filters_css_filter": "custom",
                        "css_filters_brightness": {
                            "unit": "px",
                            "size": 65,
                            "sizes": []
                        },
                        "padding": {
                            "unit": "px",
                            "top": "0",
                            "right": "0",
                            "bottom": "0",
                            "left": "0",
                            "isLinked": false
                        }
                    },
                    "elements": [
                        {
                            "id": "1218925f",
                            "settings": {
                                "height_inner": "min-height",
                                "custom_height_inner": {
                                    "unit": "px",
                                    "size": 500,
                                    "sizes": []
                                },
                                "margin": {
                                    "unit": "px",
                                    "top": "0",
                                    "right": 0,
                                    "bottom": "0",
                                    "left": 0,
                                    "isLinked": false
                                },
                                "layout": "full_width",
                                "content_width": {
                                    "unit": "px",
                                    "size": 1200,
                                    "sizes": []
                                }
                            },
                            "elements": [
                                {
                                    "id": "25f46d67",
                                    "settings": {
                                        "_column_size": 100,
                                        "_inline_size": null,
                                        "background_background": "classic",
                                        "content_position": "center",
                                        "background_image": {
                                            "url": "https:\/\/bimberonline.com\/extreme\/wp-content\/uploads\/sites\/34\/2020\/11\/image-section-28-min.png",
                                            "id": 798
                                        },
                                        "background_position": "center center",
                                        "background_repeat": "no-repeat",
                                        "background_size": "cover"
                                    },
                                    "elements": [
                                        {
                                            "id": "21f3529",
                                            "settings": {
                                                "title": "Here you have quick access to",
                                                "align": "center",
                                                "title_color": "#FFFFFF"
                                            },
                                            "elements": [],
                                            "isInner": false,
                                            "widgetType": "heading",
                                            "elType": "widget"
                                        }
                                    ],
                                    "isInner": true,
                                    "elType": "column"
                                }
                            ],
                            "isInner": true,
                            "elType": "section"
                        }
                    ],
                    "isInner": false,
                    "elType": "column"
                }
            ],
            "isInner": false,
            "elType": "section"
        },
        {
            "id": "58427106",
            "settings": {
                "content_width": {
                    "unit": "px",
                    "size": 1200,
                    "sizes": []
                },
                "custom_height": {
                    "unit": "px",
                    "size": "",
                    "sizes": []
                },
                "background_background": "classic",
                "background_color": "#FFFFFF",
                "margin": {
                    "unit": "px",
                    "top": "",
                    "right": 0,
                    "bottom": "",
                    "left": 0,
                    "isLinked": true
                },
                "padding": {
                    "unit": "px",
                    "top": "0",
                    "right": "0",
                    "bottom": "100",
                    "left": "0",
                    "isLinked": false
                }
            },
            "elements": [
                {
                    "id": "3fe331e3",
                    "settings": {
                        "_column_size": 100,
                        "_inline_size": null,
                        "background_background": "classic",
                        "background_position": "center center",
                        "background_repeat": "no-repeat",
                        "background_overlay_background": "classic",
                        "background_overlay_position": "center center",
                        "background_overlay_repeat": "no-repeat",
                        "background_overlay_size": "cover",
                        "background_overlay_opacity": {
                            "unit": "px",
                            "size": 1,
                            "sizes": []
                        },
                        "css_filters_css_filter": "custom",
                        "css_filters_brightness": {
                            "unit": "px",
                            "size": 47,
                            "sizes": []
                        },
                        "background_size": "cover"
                    },
                    "elements": [
                        {
                            "id": "234b36c4",
                            "settings": {
                                "structure": "30",
                                "background_background": "classic",
                                "background_color": "#FFFFFF"
                            },
                            "elements": [
                                {
                                    "id": "6ce6611",
                                    "settings": {
                                        "_column_size": 33,
                                        "_inline_size": null,
                                        "background_background": "classic",
                                        "background_color": "#FFFFFF",
                                        "box_shadow_box_shadow_type": "yes",
                                        "box_shadow_box_shadow": {
                                            "horizontal": 5,
                                            "vertical": 5,
                                            "blur": 30,
                                            "spread": 0,
                                            "color": "rgba(0, 0, 0, 0.05)"
                                        },
                                        "margin": {
                                            "unit": "px",
                                            "top": "-60",
                                            "right": "20",
                                            "bottom": "20",
                                            "left": "20",
                                            "isLinked": false
                                        },
                                        "padding": {
                                            "unit": "px",
                                            "top": "40",
                                            "right": "40",
                                            "bottom": "40",
                                            "left": "40",
                                            "isLinked": true
                                        },
                                        "padding_tablet": {
                                            "unit": "px",
                                            "top": "30",
                                            "right": "30",
                                            "bottom": "30",
                                            "left": "30",
                                            "isLinked": true
                                        }
                                    },
                                    "elements": [
                                        {
                                            "id": "4dde3b3d",
                                            "settings": {
                                                "title_text": "My Requests & Account",
                                                "description_text": "Lorem ipsum dolor sit amet, consectetur adipiscing elit. Ut elit tellus, luctus nec ullamcorper mattis, pulvinar dapibus leo.",
                                                "title_size": "h4",
                                                "image": {
                                                    "url": "https:\/\/bimberonline.com\/extreme\/wp-content\/uploads\/sites\/34\/2020\/12\/image-section-59-min.png",
                                                    "id": 1278
                                                },
                                                "image_size": {
                                                    "unit": "%",
                                                    "size": 25,
                                                    "sizes": []
                                                },
                                                "description_typography_typography": "custom"
                                            },
                                            "elements": [],
                                            "isInner": false,
                                            "widgetType": "image-box",
                                            "elType": "widget"
                                        }
                                    ],
                                    "isInner": true,
                                    "elType": "column"
                                },
                                {
                                    "id": "3c557bb3",
                                    "settings": {
                                        "_column_size": 33,
                                        "_inline_size": null,
                                        "background_background": "classic",
                                        "background_color": "#FFFFFF",
                                        "box_shadow_box_shadow_type": "yes",
                                        "box_shadow_box_shadow": {
                                            "horizontal": 5,
                                            "vertical": 5,
                                            "blur": 30,
                                            "spread": 0,
                                            "color": "rgba(0, 0, 0, 0.05)"
                                        },
                                        "margin": {
                                            "unit": "px",
                                            "top": "-60",
                                            "right": "20",
                                            "bottom": "20",
                                            "left": "20",
                                            "isLinked": false
                                        },
                                        "padding": {
                                            "unit": "px",
                                            "top": "40",
                                            "right": "40",
                                            "bottom": "40",
                                            "left": "40",
                                            "isLinked": true
                                        },
                                        "margin_mobile": {
                                            "unit": "px",
                                            "top": "30",
                                            "right": "20",
                                            "bottom": "0",
                                            "left": "20",
                                            "isLinked": false
                                        },
                                        "padding_tablet": {
                                            "unit": "px",
                                            "top": "30",
                                            "right": "30",
                                            "bottom": "30",
                                            "left": "30",
                                            "isLinked": true
                                        }
                                    },
                                    "elements": [
                                        {
                                            "id": "677076d3",
                                            "settings": {
                                                "title_text": "Exchanges & Returns",
                                                "description_text": "Lorem ipsum dolor sit amet, consectetur adipiscing elit. Ut elit tellus, luctus nec ullamcorper mattis, pulvinar dapibus leo.",
                                                "title_size": "h4",
                                                "image": {
                                                    "url": "https:\/\/bimberonline.com\/extreme\/wp-content\/uploads\/sites\/34\/2020\/12\/image-section-60-min.png",
                                                    "id": 1279
                                                },
                                                "image_size": {
                                                    "unit": "%",
                                                    "size": 25,
                                                    "sizes": []
                                                },
                                                "description_typography_typography": "custom"
                                            },
                                            "elements": [],
                                            "isInner": false,
                                            "widgetType": "image-box",
                                            "elType": "widget"
                                        }
                                    ],
                                    "isInner": true,
                                    "elType": "column"
                                },
                                {
                                    "id": "2728b8e8",
                                    "settings": {
                                        "_column_size": 33,
                                        "_inline_size": null,
                                        "background_background": "classic",
                                        "background_color": "#FFFFFF",
                                        "box_shadow_box_shadow_type": "yes",
                                        "box_shadow_box_shadow": {
                                            "horizontal": 5,
                                            "vertical": 5,
                                            "blur": 30,
                                            "spread": 0,
                                            "color": "rgba(0, 0, 0, 0.05)"
                                        },
                                        "margin": {
                                            "unit": "px",
                                            "top": "-60",
                                            "right": "20",
                                            "bottom": "20",
                                            "left": "20",
                                            "isLinked": false
                                        },
                                        "padding": {
                                            "unit": "px",
                                            "top": "40",
                                            "right": "40",
                                            "bottom": "40",
                                            "left": "40",
                                            "isLinked": true
                                        },
                                        "margin_mobile": {
                                            "unit": "px",
                                            "top": "50",
                                            "right": "20",
                                            "bottom": "0",
                                            "left": "20",
                                            "isLinked": false
                                        },
                                        "padding_tablet": {
                                            "unit": "px",
                                            "top": "30",
                                            "right": "30",
                                            "bottom": "30",
                                            "left": "30",
                                            "isLinked": true
                                        }
                                    },
                                    "elements": [
                                        {
                                            "id": "bf3b2b3",
                                            "settings": {
                                                "title_text": "Refunds & Vouchers",
                                                "description_text": "Lorem ipsum dolor sit amet, consectetur adipiscing elit. Ut elit tellus, luctus nec ullamcorper mattis, pulvinar dapibus leo.",
                                                "title_size": "h4",
                                                "image": {
                                                    "url": "https:\/\/bimberonline.com\/extreme\/wp-content\/uploads\/sites\/34\/2020\/12\/image-section-61-min.png",
                                                    "id": 1280
                                                },
                                                "image_size": {
                                                    "unit": "%",
                                                    "size": 25,
                                                    "sizes": []
                                                }
                                            },
                                            "elements": [],
                                            "isInner": false,
                                            "widgetType": "image-box",
                                            "elType": "widget"
                                        }
                                    ],
                                    "isInner": true,
                                    "elType": "column"
                                }
                            ],
                            "isInner": true,
                            "elType": "section"
                        }
                    ],
                    "isInner": false,
                    "elType": "column"
                }
            ],
            "isInner": false,
            "elType": "section"
        },
        {
            "id": "1cc79473",
            "settings": {
                "background_background": "classic",
                "background_color": "#FFFFFF",
                "padding": {
                    "unit": "px",
                    "top": "0",
                    "right": "30",
                    "bottom": "100",
                    "left": "30",
                    "isLinked": false
                },
                "content_width": {
                    "unit": "px",
                    "size": 1200,
                    "sizes": []
                },
                "padding_mobile": {
                    "unit": "px",
                    "top": "0",
                    "right": "20",
                    "bottom": "60",
                    "left": "20",
                    "isLinked": false
                }
            },
            "elements": [
                {
                    "id": "30083f27",
                    "settings": {
                        "_column_size": 100,
                        "_inline_size": null
                    },
                    "elements": [
                        {
                            "id": "6d0c2532",
                            "settings": {
                                "title": "Clarify your doubts in the FAQ field below",
                                "header_size": "h4",
                                "_margin": {
                                    "unit": "px",
                                    "top": "0",
                                    "right": "0",
                                    "bottom": "30",
                                    "left": "0",
                                    "isLinked": false
                                },
                                "__globals__": {
                                    "title_color": ""
                                }
                            },
                            "elements": [],
                            "isInner": false,
                            "widgetType": "heading",
                            "elType": "widget"
                        },
                        {
                            "id": "1ea20f89",
                            "settings": {
                                "tabs": [
                                    {
                                        "tab_title": "How to exchange a product?",
                                        "tab_content": "<p>Lorem ipsum dolor sit amet, consectetur adipisicing elit, sed do eiusmod tempor incididunt ut labore et dolore magna aliqua. Ut enim ad minim veniam, quis nostrud exercitation ullamco laboris nisi ut aliquip ex ea commodo consequat. Duis aute irure dolor in reprehenderit in voluptate velit esse cillum dolore eu fugiat nulla pariatur.<\/p>",
                                        "_id": "9b0652a"
                                    },
                                    {
                                        "tab_title": "How to track the delivery of my order?",
                                        "tab_content": "Lorem ipsum dolor sit amet, consectetur adipiscing elit. Ut elit tellus, luctus nec ullamcorper mattis, pulvinar dapibus leo.",
                                        "_id": "e2cb83c"
                                    },
                                    {
                                        "tab_title": "I still haven't received my order, what to do?",
                                        "tab_content": "<p>Lorem ipsum dolor sit amet, consectetur adipisicing elit, sed do eiusmod tempor incididunt ut labore et dolore magna aliqua. Ut enim ad minim veniam, quis nostrud exercitation ullamco laboris nisi ut aliquip ex ea commodo consequat. Duis aute irure dolor in reprehenderit in voluptate velit esse cillum dolore eu fugiat nulla pariatur.<\/p>",
                                        "_id": "74b1481"
                                    },
                                    {
                                        "tab_title": "Can I request a product exchange?",
                                        "tab_content": "<p>Lorem ipsum dolor sit amet, consectetur adipisicing elit, sed do eiusmod tempor incididunt ut labore et dolore magna aliqua. Ut enim ad minim veniam, quis nostrud exercitation ullamco laboris nisi ut aliquip ex ea commodo consequat. Duis aute irure dolor in reprehenderit in voluptate velit esse cillum dolore eu fugiat nulla pariatur.<\/p>",
                                        "_id": "aade654"
                                    },
                                    {
                                        "tab_title": "Does Extreme offer free gifts?",
                                        "tab_content": "<p>Lorem ipsum dolor sit amet, consectetur adipisicing elit, sed do eiusmod tempor incididunt ut labore et dolore magna aliqua. Ut enim ad minim veniam, quis nostrud exercitation ullamco laboris nisi ut aliquip ex ea commodo consequat. Duis aute irure dolor in reprehenderit in voluptate velit esse cillum dolore eu fugiat nulla pariatur.<\/p>",
                                        "_id": "b4fac5f"
                                    }
                                ],
                                "title_color": "#000000",
                                "title_typography_typography": "custom",
                                "title_typography_font_size": {
                                    "unit": "px",
                                    "size": 20,
                                    "sizes": []
                                },
                                "title_typography_font_size_mobile": {
                                    "unit": "px",
                                    "size": 14,
                                    "sizes": []
                                },
                                "title_typography_font_weight": "400",
                                "title_padding": {
                                    "unit": "px",
                                    "top": "30",
                                    "right": "30",
                                    "bottom": "30",
                                    "left": "30",
                                    "isLinked": true
                                },
                                "icon_color": "#000000",
                                "icon_space": {
                                    "unit": "px",
                                    "size": 10,
                                    "sizes": []
                                },
                                "content_padding_mobile": {
                                    "unit": "px",
                                    "top": "30",
                                    "right": "30",
                                    "bottom": "30",
                                    "left": "30",
                                    "isLinked": true
                                },
                                "__globals__": {
                                    "tab_active_color": "globals\/colors?id=80ba54b",
                                    "icon_active_color": "globals\/colors?id=80ba54b"
                                }
                            },
                            "elements": [],
                            "isInner": false,
                            "widgetType": "accordion",
                            "elType": "widget"
                        }
                    ],
                    "isInner": false,
                    "elType": "column"
                }
            ],
            "isInner": false,
            "elType": "section"
        },
        {
            "id": "4d7b6932",
            "settings": {
                "background_background": "gradient",
                "padding": {
                    "unit": "px",
                    "top": "100",
                    "right": "30",
                    "bottom": "0",
                    "left": "30",
                    "isLinked": false
                },
                "__globals__": {
                    "background_color": "globals\/colors?id=8bf8b31"
                },
                "background_color_stop": {
                    "unit": "%",
                    "size": 85,
                    "sizes": []
                },
                "background_color_b": "#FFFFFF",
                "background_color_b_stop": {
                    "unit": "%",
                    "size": 0,
                    "sizes": []
                },
                "background_overlay_background": "classic",
                "background_overlay_image": {
                    "url": "https:\/\/bimberonline.com\/extreme\/wp-content\/uploads\/sites\/34\/2020\/12\/image-section-29-min.png",
                    "id": 1293
                },
                "background_overlay_position": "bottom center",
                "background_overlay_repeat": "no-repeat",
                "background_overlay_size": "cover",
                "background_overlay_opacity": {
                    "unit": "px",
                    "size": 1,
                    "sizes": []
                },
                "padding_tablet": {
                    "unit": "px",
                    "top": "60",
                    "right": "40",
                    "bottom": "120",
                    "left": "30",
                    "isLinked": false
                },
                "padding_mobile": {
                    "unit": "px",
                    "top": "60",
                    "right": "20",
                    "bottom": "0",
                    "left": "20",
                    "isLinked": false
                }
            },
            "elements": [
                {
                    "id": "5b499889",
                    "settings": {
                        "_column_size": 100,
                        "_inline_size": null,
                        "padding_tablet": {
                            "unit": "px",
                            "top": "0",
                            "right": "0",
                            "bottom": "0",
                            "left": "0",
                            "isLinked": false
                        },
                        "padding_mobile": {
                            "unit": "px",
                            "top": "0",
                            "right": "0",
                            "bottom": "0",
                            "left": "0",
                            "isLinked": false
                        }
                    },
                    "elements": [
                        {
                            "id": "11233237",
                            "settings": {
                                "structure": "30",
                                "margin": {
                                    "unit": "px",
                                    "top": "0",
                                    "right": 0,
                                    "bottom": "0",
                                    "left": 0,
                                    "isLinked": false
                                }
                            },
                            "elements": [
                                {
                                    "id": "24e33f22",
                                    "settings": {
                                        "_column_size": 33,
                                        "_inline_size": 45,
                                        "content_position": "top",
                                        "margin": {
                                            "unit": "px",
                                            "top": "0",
                                            "right": "30",
                                            "bottom": "0",
                                            "left": "0",
                                            "isLinked": false
                                        },
                                        "_inline_size_tablet": 60,
                                        "content_position_tablet": "center",
                                        "align_mobile": "center",
                                        "margin_mobile": {
                                            "unit": "px",
                                            "top": "0",
                                            "right": "0",
                                            "bottom": "0",
                                            "left": "0",
                                            "isLinked": false
                                        }
                                    },
                                    "elements": [
                                        {
                                            "id": "4022c28b",
                                            "settings": {
                                                "title": "Did not find what you were looking for?",
                                                "header_size": "h4",
                                                "__globals__": {
                                                    "title_color": "globals\/colors?id=80ba54b"
                                                },
                                                "align_mobile": "center"
                                            },
                                            "elements": [],
                                            "isInner": false,
                                            "widgetType": "heading",
                                            "elType": "widget"
                                        },
                                        {
                                            "id": "7b5ffada",
                                            "settings": {
                                                "align_mobile": "center",
                                                "typography_typography": "custom",
                                                "typography_font_size_tablet": {
                                                    "unit": "px",
                                                    "size": 15,
                                                    "sizes": []
                                                }
                                            },
                                            "elements": [],
                                            "isInner": false,
                                            "widgetType": "text-editor",
                                            "elType": "widget"
                                        },
                                        {
                                            "id": "7ccf2aa1",
                                            "settings": {
                                                "text": "Chat",
                                                "size": "md",
                                                "selected_icon": {
                                                    "value": "fab fa-rocketchat",
                                                    "library": "fa-brands"
                                                },
                                                "icon_indent": {
                                                    "unit": "px",
                                                    "size": 10,
                                                    "sizes": []
                                                },
                                                "button_text_color": "#FFFFFF",
                                                "background_color": "#000000",
                                                "button_background_hover_color": "#323232",
                                                "button_box_shadow_box_shadow": {
                                                    "horizontal": 0,
                                                    "vertical": 0,
                                                    "blur": 10,
                                                    "spread": 0,
                                                    "color": "rgba(174.13124084472656, 174.13124084472656, 174.13124084472656, 0)"
                                                },
                                                "_margin": {
                                                    "unit": "px",
                                                    "top": "0",
                                                    "right": "20",
                                                    "bottom": "0",
                                                    "left": "0",
                                                    "isLinked": false
                                                },
                                                "_element_width": "auto"
                                            },
                                            "elements": [],
                                            "isInner": false,
                                            "widgetType": "button",
                                            "elType": "widget"
                                        },
                                        {
                                            "id": "44fe60a8",
                                            "settings": {
                                                "text": "Email",
                                                "size": "md",
                                                "selected_icon": {
                                                    "value": "far fa-envelope",
                                                    "library": "fa-regular"
                                                },
                                                "icon_indent": {
                                                    "unit": "px",
                                                    "size": 10,
                                                    "sizes": []
                                                },
                                                "button_text_color": "#000000",
                                                "background_color": "#FFFFFF",
                                                "hover_color": "#000000",
                                                "button_background_hover_color": "#FFFFFF",
                                                "_element_width": "auto"
                                            },
                                            "elements": [],
                                            "isInner": false,
                                            "widgetType": "button",
                                            "elType": "widget"
                                        }
                                    ],
                                    "isInner": true,
                                    "elType": "column"
                                },
                                {
                                    "id": "150908e2",
                                    "settings": {
                                        "_column_size": 33,
                                        "_inline_size": 30,
                                        "background_background": "classic",
                                        "background_color": "#FFFFFF",
                                        "padding": {
                                            "unit": "px",
                                            "top": "40",
                                            "right": "40",
                                            "bottom": "40",
                                            "left": "40",
                                            "isLinked": true
                                        },
                                        "_inline_size_tablet": 40,
                                        "margin_mobile": {
                                            "unit": "px",
                                            "top": "20",
                                            "right": "10",
                                            "bottom": "10",
                                            "left": "10",
                                            "isLinked": false
                                        },
                                        "padding_tablet": {
                                            "unit": "px",
                                            "top": "30",
                                            "right": "30",
                                            "bottom": "30",
                                            "left": "30",
                                            "isLinked": true
                                        },
                                        "padding_mobile": {
                                            "unit": "px",
                                            "top": "60",
                                            "right": "30",
                                            "bottom": "60",
                                            "left": "30",
                                            "isLinked": false
                                        }
                                    },
                                    "elements": [
                                        {
                                            "id": "114fbc94",
                                            "settings": {
                                                "title": "More service information",
                                                "header_size": "h4",
                                                "_margin": {
                                                    "unit": "px",
                                                    "top": "0",
                                                    "right": "0",
                                                    "bottom": "10",
                                                    "left": "0",
                                                    "isLinked": false
                                                },
                                                "__globals__": {
                                                    "title_color": ""
                                                },
                                                "align_mobile": "center"
                                            },
                                            "elements": [],
                                            "isInner": false,
                                            "widgetType": "heading",
                                            "elType": "widget"
                                        },
                                        {
                                            "id": "6fe64c40",
                                            "settings": {
                                                "title": "Attendance",
                                                "header_size": "span",
                                                "typography_typography": "custom",
                                                "typography_font_weight": "700",
                                                "align_mobile": "center"
                                            },
                                            "elements": [],
                                            "isInner": false,
                                            "widgetType": "heading",
                                            "elType": "widget"
                                        },
                                        {
                                            "id": "2e066aa4",
                                            "settings": {
                                                "editor": "<p>+ 202-555-0192<br \/>+ 202-555-0104<\/p>",
                                                "typography_typography": "custom",
                                                "typography_font_size": {
                                                    "unit": "px",
                                                    "size": 14,
                                                    "sizes": []
                                                },
                                                "align_mobile": "center"
                                            },
                                            "elements": [],
                                            "isInner": false,
                                            "widgetType": "text-editor",
                                            "elType": "widget"
                                        },
                                        {
                                            "id": "3d8a56ba",
                                            "settings": {
                                                "title": "Presential",
                                                "header_size": "span",
                                                "typography_typography": "custom",
                                                "typography_font_weight": "700",
                                                "align_mobile": "center"
                                            },
                                            "elements": [],
                                            "isInner": false,
                                            "widgetType": "heading",
                                            "elType": "widget"
                                        },
                                        {
                                            "id": "72595cd",
                                            "settings": {
                                                "editor": "<p>Monday to Saturday from 9am to 9pm<\/p>",
                                                "typography_typography": "custom",
                                                "typography_font_size": {
                                                    "unit": "px",
                                                    "size": 14,
                                                    "sizes": []
                                                },
                                                "align_mobile": "center"
                                            },
                                            "elements": [],
                                            "isInner": false,
                                            "widgetType": "text-editor",
                                            "elType": "widget"
                                        }
                                    ],
                                    "isInner": true,
                                    "elType": "column"
                                },
                                {
                                    "id": "3be2e4da",
                                    "settings": {
                                        "_column_size": 33,
                                        "_inline_size": 24.665,
                                        "content_position_tablet": "center",
                                        "hide_tablet": "hidden-tablet"
                                    },
                                    "elements": [
                                        {
                                            "id": "57f8b243",
                                            "settings": {
                                                "image": {
                                                    "url": "https:\/\/bimberonline.com\/extreme\/wp-content\/uploads\/sites\/34\/2020\/12\/image-section-62-min.png",
                                                    "id": 1289
                                                },
                                                "width": {
                                                    "unit": "%",
                                                    "size": 90,
                                                    "sizes": []
                                                },
                                                "space": {
                                                    "unit": "%",
                                                    "size": 100,
                                                    "sizes": []
                                                }
                                            },
                                            "elements": [],
                                            "isInner": false,
                                            "widgetType": "image",
                                            "elType": "widget"
                                        }
                                    ],
                                    "isInner": true,
                                    "elType": "column"
                                }
                            ],
                            "isInner": true,
                            "elType": "section"
                        }
                    ],
                    "isInner": false,
                    "elType": "column"
                }
            ],
            "isInner": false,
            "elType": "section"
        }
    ]
}