{
    "version": "0.4",
    "title": "Coming Soon",
    "type": "page",
    "metadata": {
        "template_type": "single-page",
        "include_in_zip": "1",
        "elementor_pro_required": "1",
        "wp_page_template": "elementor_canvas"
    },
    "content": [
        {
            "id": "6abed85f",
            "settings": {
                "height": "full",
                "structure": "20",
                "background_background": "classic",
                "__globals__": {
                    "background_color": "globals\/colors?id=8bf8b31"
                },
                "padding_tablet": {
                    "unit": "px",
                    "top": "60",
                    "right": "30",
                    "bottom": "60",
                    "left": "30",
                    "isLinked": false
                },
                "padding_mobile": {
                    "unit": "px",
                    "top": "60",
                    "right": "20",
                    "bottom": "60",
                    "left": "20",
                    "isLinked": false
                }
            },
            "elements": [
                {
                    "id": "77d3b2b8",
                    "settings": {
                        "_column_size": 50,
                        "_inline_size": null,
                        "content_position": "center",
                        "_inline_size_tablet": 100
                    },
                    "elements": [
                        {
                            "id": "190c7620",
                            "settings": {
                                "image": {
                                    "url": "https:\/\/bimberonline.com\/extreme\/wp-content\/uploads\/sites\/34\/2019\/08\/image-section-10.png",
                                    "id": 504
                                },
                                "width": {
                                    "unit": "vw",
                                    "size": 20,
                                    "sizes": []
                                },
                                "space": {
                                    "unit": "%",
                                    "size": 100,
                                    "sizes": []
                                },
                                "_element_width": "auto",
                                "_position": "absolute",
                                "_offset_x_tablet": {
                                    "unit": "vw",
                                    "size": 30,
                                    "sizes": []
                                },
                                "_offset_y_tablet": {
                                    "unit": "vh",
                                    "size": "",
                                    "sizes": []
                                }
                            },
                            "elements": [],
                            "isInner": false,
                            "widgetType": "image",
                            "elType": "widget"
                        },
                        {
                            "id": "3afae840",
                            "settings": {
                                "image": {
                                    "url": "https:\/\/bimberonline.com\/extreme\/wp-content\/uploads\/sites\/34\/2020\/12\/image-section-69-min.png",
                                    "id": 1419
                                },
                                "_z_index": 5,
                                "width_tablet": {
                                    "unit": "%",
                                    "size": 40,
                                    "sizes": []
                                },
                                "space_tablet": {
                                    "unit": "%",
                                    "size": 100,
                                    "sizes": []
                                },
                                "width_mobile": {
                                    "unit": "%",
                                    "size": 80,
                                    "sizes": []
                                },
                                "space_mobile": {
                                    "unit": "%",
                                    "size": 100,
                                    "sizes": []
                                }
                            },
                            "elements": [],
                            "isInner": false,
                            "widgetType": "image",
                            "elType": "widget"
                        },
                        {
                            "id": "4bdb3d78",
                            "settings": {
                                "image": {
                                    "url": "https:\/\/bimberonline.com\/extreme\/wp-content\/uploads\/sites\/34\/2019\/08\/image-section-14.png",
                                    "id": 520
                                },
                                "width": {
                                    "unit": "vw",
                                    "size": 3,
                                    "sizes": []
                                },
                                "space": {
                                    "unit": "%",
                                    "size": 100,
                                    "sizes": []
                                },
                                "_element_width": "auto",
                                "_position": "absolute",
                                "_offset_orientation_h": "end",
                                "_offset_orientation_v": "end",
                                "_offset_x_end_tablet": {
                                    "unit": "vw",
                                    "size": 12,
                                    "sizes": []
                                },
                                "_offset_y_end_tablet": {
                                    "unit": "vh",
                                    "size": 5,
                                    "sizes": []
                                }
                            },
                            "elements": [],
                            "isInner": false,
                            "widgetType": "image",
                            "elType": "widget"
                        }
                    ],
                    "isInner": false,
                    "elType": "column"
                },
                {
                    "id": "a3cb545",
                    "settings": {
                        "_column_size": 50,
                        "_inline_size": null,
                        "content_position": "center",
                        "_inline_size_tablet": 100
                    },
                    "elements": [
                        {
                            "id": "60d1f859",
                            "settings": {
                                "custom_labels": "yes",
                                "label_days": "Days",
                                "label_hours": "Hours",
                                "label_minutes": "Mins",
                                "label_seconds": "Secs",
                                "box_background_color": "#00000000",
                                "box_border_border": "solid",
                                "box_border_width": {
                                    "unit": "px",
                                    "top": "3",
                                    "right": "3",
                                    "bottom": "3",
                                    "left": "3",
                                    "isLinked": true
                                },
                                "box_border_width_mobile": {
                                    "unit": "px",
                                    "top": "3",
                                    "right": "3",
                                    "bottom": "3",
                                    "left": "3",
                                    "isLinked": true
                                },
                                "box_border_radius": {
                                    "unit": "%",
                                    "top": "100",
                                    "right": "100",
                                    "bottom": "100",
                                    "left": "100",
                                    "isLinked": true
                                },
                                "box_padding": {
                                    "unit": "px",
                                    "top": "30",
                                    "right": "30",
                                    "bottom": "30",
                                    "left": "30",
                                    "isLinked": true
                                },
                                "box_padding_tablet": {
                                    "unit": "px",
                                    "top": "50",
                                    "right": "50",
                                    "bottom": "50",
                                    "left": "50",
                                    "isLinked": true
                                },
                                "box_padding_mobile": {
                                    "unit": "px",
                                    "top": "12",
                                    "right": "12",
                                    "bottom": "12",
                                    "left": "12",
                                    "isLinked": true
                                },
                                "digits_color": "#5926C5",
                                "digits_typography_typography": "custom",
                                "digits_typography_font_size": {
                                    "unit": "px",
                                    "size": 40,
                                    "sizes": []
                                },
                                "digits_typography_font_size_mobile": {
                                    "unit": "px",
                                    "size": 24,
                                    "sizes": []
                                },
                                "digits_typography_font_weight": "600",
                                "label_color": "#5926C5",
                                "label_typography_typography": "custom",
                                "label_typography_font_size": {
                                    "unit": "px",
                                    "size": 14,
                                    "sizes": []
                                },
                                "label_typography_font_size_mobile": {
                                    "unit": "px",
                                    "size": 9,
                                    "sizes": []
                                },
                                "_margin_mobile": {
                                    "unit": "px",
                                    "top": "0",
                                    "right": "0",
                                    "bottom": "20",
                                    "left": "0",
                                    "isLinked": false
                                },
                                "__globals__": {
                                    "box_border_color": "globals\/colors?id=80ba54b",
                                    "digits_color": "globals\/colors?id=80ba54b",
                                    "label_color": "globals\/colors?id=80ba54b"
                                }
                            },
                            "elements": [],
                            "isInner": false,
                            "widgetType": "countdown",
                            "elType": "widget"
                        },
                        {
                            "id": "3951a0bb",
                            "settings": {
                                "title": "Coming Soon...",
                                "header_size": "h3",
                                "align": "center",
                                "__globals__": {
                                    "title_color": "globals\/colors?id=80ba54b"
                                }
                            },
                            "elements": [],
                            "isInner": false,
                            "widgetType": "heading",
                            "elType": "widget"
                        },
                        {
                            "id": "7e253b31",
                            "settings": {
                                "align": "center",
                                "_margin": {
                                    "unit": "px",
                                    "top": "0",
                                    "right": "30",
                                    "bottom": "0",
                                    "left": "30",
                                    "isLinked": false
                                }
                            },
                            "elements": [],
                            "isInner": false,
                            "widgetType": "text-editor",
                            "elType": "widget"
                        },
                        {
                            "id": "58d70fd1",
                            "settings": {
                                "title": "Stay Connected!",
                                "header_size": "h4",
                                "align": "center",
                                "__globals__": {
                                    "title_color": "globals\/colors?id=80ba54b"
                                }
                            },
                            "elements": [],
                            "isInner": false,
                            "widgetType": "heading",
                            "elType": "widget"
                        },
                        {
                            "id": "2ff7a28a",
                            "settings": {
                                "social_media_list": [
                                    {
                                        "social_title": "Facebook",
                                        "social_link": {
                                            "url": "https:\/\/facebook.com\/"
                                        },
                                        "social_icon": {
                                            "value": "fab fa-facebook-f",
                                            "library": "solid"
                                        },
                                        "_id": "26892a0",
                                        "individual_style": "",
                                        "icon_ind_color": "",
                                        "icon_ind_bg_color": "",
                                        "icon_ind_border_color": "",
                                        "icon_ind_hover_color": "",
                                        "icon_ind_hover_bg_color": "",
                                        "icon_ind_hover_border_color": ""
                                    },
                                    {
                                        "social_title": "Instagram",
                                        "social_link": {
                                            "url": "https:\/\/instagram.com\/"
                                        },
                                        "social_icon": {
                                            "value": "fab fa-instagram",
                                            "library": "solid"
                                        },
                                        "_id": "025bda4",
                                        "individual_style": "no",
                                        "icon_ind_color": "",
                                        "icon_ind_bg_color": "",
                                        "icon_ind_border_color": "",
                                        "icon_ind_hover_color": "",
                                        "icon_ind_hover_bg_color": "",
                                        "icon_ind_hover_border_color": ""
                                    },
                                    {
                                        "social_title": "Twitter",
                                        "social_link": {
                                            "url": "https:\/\/twitter.com\/"
                                        },
                                        "social_icon": {
                                            "value": "fab fa-twitter",
                                            "library": "solid"
                                        },
                                        "_id": "be8c9d3",
                                        "individual_style": "no",
                                        "icon_ind_color": "",
                                        "icon_ind_bg_color": "",
                                        "icon_ind_border_color": "",
                                        "icon_ind_hover_color": "",
                                        "icon_ind_hover_bg_color": "",
                                        "icon_ind_hover_border_color": ""
                                    },
                                    {
                                        "social_title": "Dribbble",
                                        "social_link": {
                                            "url": "https:\/\/dribbble.com\/"
                                        },
                                        "social_icon": {
                                            "value": "fab fa-dribbble",
                                            "library": "solid"
                                        },
                                        "_id": "d4147ad",
                                        "individual_style": "no",
                                        "icon_ind_color": "",
                                        "icon_ind_bg_color": "",
                                        "icon_ind_border_color": "",
                                        "icon_ind_hover_color": "",
                                        "icon_ind_hover_bg_color": "",
                                        "icon_ind_hover_border_color": ""
                                    }
                                ],
                                "space_between": {
                                    "unit": "px",
                                    "size": 50,
                                    "sizes": []
                                },
                                "social_width": {
                                    "unit": "px",
                                    "size": 30,
                                    "sizes": []
                                },
                                "social_height": {
                                    "unit": "px",
                                    "size": 30,
                                    "sizes": []
                                },
                                "social_normal_color": "#000000",
                                "social_normal_background_background": "classic",
                                "social_normal_background_color": "#FDD82D",
                                "social_normal_border_border": "solid",
                                "social_normal_border_width": {
                                    "unit": "px",
                                    "top": "1",
                                    "right": "1",
                                    "bottom": "1",
                                    "left": "1",
                                    "isLinked": true
                                },
                                "__globals__": {
                                    "social_normal_color": "",
                                    "social_normal_background_color": "globals\/colors?id=8bf8b31",
                                    "social_normal_border_color": "globals\/colors?id=8bf8b31"
                                },
                                "show_type": "text",
                                "social_media_typography_typography": "custom",
                                "social_media_typography_font_size": {
                                    "unit": "px",
                                    "size": 14,
                                    "sizes": []
                                },
                                "_margin": {
                                    "unit": "px",
                                    "top": "0",
                                    "right": "0",
                                    "bottom": "20",
                                    "left": "0",
                                    "isLinked": false
                                }
                            },
                            "elements": [],
                            "isInner": false,
                            "widgetType": "move-social-media",
                            "elType": "widget"
                        },
                        {
                            "id": "a8404c7",
                            "settings": {
                                "title": "Call us today",
                                "header_size": "h6",
                                "align": "center"
                            },
                            "elements": [],
                            "isInner": false,
                            "widgetType": "heading",
                            "elType": "widget"
                        },
                        {
                            "id": "15d03091",
                            "settings": {
                                "title": "+201 548 2597",
                                "header_size": "h4",
                                "align": "center"
                            },
                            "elements": [],
                            "isInner": false,
                            "widgetType": "heading",
                            "elType": "widget"
                        },
                        {
                            "id": "17e96e",
                            "settings": {
                                "editor": "<p>noemail@nodomain.com<\/p>",
                                "align": "center",
                                "typography_typography": "custom",
                                "typography_font_size": {
                                    "unit": "px",
                                    "size": 13,
                                    "sizes": []
                                }
                            },
                            "elements": [],
                            "isInner": false,
                            "widgetType": "text-editor",
                            "elType": "widget"
                        }
                    ],
                    "isInner": false,
                    "elType": "column"
                }
            ],
            "isInner": false,
            "elType": "section"
        },
        {
            "id": "554b266b",
            "settings": [],
            "elements": [
                {
                    "id": "61e4d39b",
                    "settings": {
                        "_column_size": 100,
                        "_inline_size": null
                    },
                    "elements": [],
                    "isInner": false,
                    "elType": "column"
                }
            ],
            "isInner": false,
            "elType": "section"
        }
    ]
}