{
    "version": "0.4",
    "title": "Contact Us",
    "type": "page",
    "metadata": {
        "template_type": "single-page",
        "include_in_zip": "1",
        "elementor_pro_required": "1",
        "wp_page_template": "elementor_header_footer"
    },
    "content": [
        {
            "id": "1aa91fbc",
            "settings": {
                "height": "min-height",
                "custom_height": {
                    "unit": "px",
                    "size": 300,
                    "sizes": []
                },
                "background_background": "classic",
                "background_position": "bottom center",
                "background_repeat": "no-repeat",
                "background_size": "cover",
                "background_overlay_background": "classic",
                "background_overlay_image": {
                    "url": "https:\/\/bimberonline.com\/extreme\/wp-content\/uploads\/sites\/34\/2019\/09\/image-section-24-min.jpg",
                    "id": 644
                },
                "background_overlay_position": "bottom center",
                "background_overlay_repeat": "no-repeat",
                "background_overlay_size": "cover",
                "background_overlay_opacity": {
                    "unit": "px",
                    "size": 0.1,
                    "sizes": []
                },
                "__globals__": {
                    "background_color": "globals\/colors?id=8bf8b31"
                },
                "padding_mobile": {
                    "unit": "px",
                    "top": "0",
                    "right": "20",
                    "bottom": "0",
                    "left": "20",
                    "isLinked": false
                }
            },
            "elements": [
                {
                    "id": "c658dc",
                    "settings": {
                        "_column_size": 100,
                        "_inline_size": null,
                        "margin": {
                            "unit": "px",
                            "top": "20",
                            "right": "0",
                            "bottom": "0",
                            "left": "0",
                            "isLinked": false
                        }
                    },
                    "elements": [
                        {
                            "id": "4c1a89d1",
                            "settings": {
                                "image": {
                                    "url": "https:\/\/bimberonline.com\/extreme\/wp-content\/uploads\/sites\/34\/2019\/08\/image-section-14.png",
                                    "id": 520
                                },
                                "width": {
                                    "unit": "vw",
                                    "size": 2,
                                    "sizes": []
                                },
                                "space": {
                                    "unit": "%",
                                    "size": 100,
                                    "sizes": []
                                },
                                "_element_width": "auto",
                                "_position": "absolute",
                                "_offset_orientation_h": "end",
                                "_offset_x_end": {
                                    "unit": "vw",
                                    "size": 23,
                                    "sizes": []
                                },
                                "_offset_y": {
                                    "unit": "vh",
                                    "size": -10,
                                    "sizes": []
                                }
                            },
                            "elements": [],
                            "isInner": false,
                            "widgetType": "image",
                            "elType": "widget"
                        },
                        {
                            "id": "12a09dd2",
                            "settings": {
                                "image": {
                                    "url": "https:\/\/bimberonline.com\/extreme\/wp-content\/uploads\/sites\/34\/2019\/08\/image-section-19-min.png",
                                    "id": 535
                                },
                                "width": {
                                    "unit": "vw",
                                    "size": 7,
                                    "sizes": []
                                },
                                "space": {
                                    "unit": "%",
                                    "size": 100,
                                    "sizes": []
                                },
                                "_element_width": "auto",
                                "_position": "absolute",
                                "_offset_x": {
                                    "unit": "vw",
                                    "size": -2,
                                    "sizes": []
                                },
                                "_offset_y": {
                                    "unit": "vh",
                                    "size": -20,
                                    "sizes": []
                                }
                            },
                            "elements": [],
                            "isInner": false,
                            "widgetType": "image",
                            "elType": "widget"
                        },
                        {
                            "id": "7b58fbb1",
                            "settings": {
                                "title": "Contact Us",
                                "header_size": "h1",
                                "align": "center",
                                "__globals__": {
                                    "title_color": "globals\/colors?id=80ba54b"
                                }
                            },
                            "elements": [],
                            "isInner": false,
                            "widgetType": "heading",
                            "elType": "widget"
                        },
                        {
                            "id": "4108883d",
                            "settings": {
                                "alignment": "center",
                                "text_color": "#000000",
                                "link_color": "#000000"
                            },
                            "elements": [],
                            "isInner": false,
                            "widgetType": "woocommerce-breadcrumb",
                            "elType": "widget"
                        },
                        {
                            "id": "3d8de791",
                            "settings": {
                                "image": {
                                    "url": "https:\/\/bimberonline.com\/extreme\/wp-content\/uploads\/sites\/34\/2019\/08\/image-section-12.png",
                                    "id": 518
                                },
                                "width": {
                                    "unit": "vw",
                                    "size": 3,
                                    "sizes": []
                                },
                                "space": {
                                    "unit": "%",
                                    "size": 100,
                                    "sizes": []
                                },
                                "_element_width": "auto",
                                "_position": "absolute",
                                "_offset_orientation_h": "end",
                                "_offset_x": {
                                    "unit": "vw",
                                    "size": "",
                                    "sizes": []
                                },
                                "_offset_x_end": {
                                    "unit": "vw",
                                    "size": 0,
                                    "sizes": []
                                },
                                "_offset_orientation_v": "end",
                                "_offset_y": {
                                    "unit": "vh",
                                    "size": "",
                                    "sizes": []
                                },
                                "_offset_y_end": {
                                    "unit": "vh",
                                    "size": -5,
                                    "sizes": []
                                }
                            },
                            "elements": [],
                            "isInner": false,
                            "widgetType": "image",
                            "elType": "widget"
                        },
                        {
                            "id": "16f60ebc",
                            "settings": {
                                "image": {
                                    "url": "https:\/\/bimberonline.com\/extreme\/wp-content\/uploads\/sites\/34\/2019\/08\/image-section-10.png",
                                    "id": 504
                                },
                                "width": {
                                    "unit": "vw",
                                    "size": 15,
                                    "sizes": []
                                },
                                "space": {
                                    "unit": "%",
                                    "size": 100,
                                    "sizes": []
                                },
                                "_element_width": "auto",
                                "_position": "absolute",
                                "_offset_x": {
                                    "size": -8.578,
                                    "unit": "vw"
                                },
                                "_offset_y": {
                                    "size": 10.005,
                                    "unit": "vh"
                                }
                            },
                            "elements": [],
                            "isInner": false,
                            "widgetType": "image",
                            "elType": "widget"
                        }
                    ],
                    "isInner": false,
                    "elType": "column"
                }
            ],
            "isInner": false,
            "elType": "section"
        },
        {
            "id": "5f9c72dd",
            "settings": {
                "structure": "20",
                "padding": {
                    "unit": "px",
                    "top": "100",
                    "right": "0",
                    "bottom": "100",
                    "left": "0",
                    "isLinked": false
                },
                "z_index": 0,
                "background_background": "classic",
                "background_color": "#FFFFFF",
                "padding_mobile": {
                    "unit": "px",
                    "top": "60",
                    "right": "0",
                    "bottom": "0",
                    "left": "0",
                    "isLinked": false
                }
            },
            "elements": [
                {
                    "id": "1c7612f5",
                    "settings": {
                        "_column_size": 50,
                        "margin": {
                            "unit": "px",
                            "top": "0",
                            "right": "40",
                            "bottom": "0",
                            "left": "40",
                            "isLinked": false
                        },
                        "content_position": "top",
                        "padding_tablet": {
                            "unit": "px",
                            "top": "0",
                            "right": "0",
                            "bottom": "0",
                            "left": "0",
                            "isLinked": false
                        }
                    },
                    "elements": [
                        {
                            "id": "49263133",
                            "settings": {
                                "title": "Get in touch",
                                "header_size": "h3"
                            },
                            "elements": [],
                            "isInner": false,
                            "widgetType": "heading",
                            "elType": "widget"
                        },
                        {
                            "id": "1df05309",
                            "settings": {
                                "form_name": "Contact Extreme Template Kit",
                                "form_fields": [
                                    {
                                        "custom_id": "name",
                                        "placeholder": "Your Name",
                                        "_id": "e58ad1d"
                                    },
                                    {
                                        "custom_id": "email",
                                        "field_type": "email",
                                        "required": "true",
                                        "placeholder": "Your Email",
                                        "_id": "3efd3a8"
                                    },
                                    {
                                        "placeholder": "Your Subject",
                                        "custom_id": "field_1",
                                        "_id": "930cbf2"
                                    },
                                    {
                                        "custom_id": "message",
                                        "field_type": "textarea",
                                        "placeholder": "Your Message",
                                        "_id": "ed198c6"
                                    }
                                ],
                                "button_text": "Submit",
                                "email_content": "[all-fields]",
                                "email_content_2": "[all-fields]",
                                "success_message": "The form was sent successfully.",
                                "error_message": "An error occured.",
                                "required_field_message": "This field is required.",
                                "invalid_message": "There's something wrong. The form is invalid.",
                                "row_gap": {
                                    "unit": "px",
                                    "size": 25,
                                    "sizes": []
                                },
                                "field_border_color": "#E3E0E0",
                                "step_next_label": "Next",
                                "step_previous_label": "Previous",
                                "field_border_width": {
                                    "unit": "px",
                                    "top": "1",
                                    "right": "1",
                                    "bottom": "1",
                                    "left": "1",
                                    "isLinked": true
                                },
                                "button_text_color": "",
                                "__globals__": {
                                    "field_border_color": ""
                                },
                                "field_background_color": "",
                                "_z_index": 0
                            },
                            "elements": [],
                            "isInner": false,
                            "widgetType": "form",
                            "elType": "widget"
                        }
                    ],
                    "isInner": false,
                    "elType": "column"
                },
                {
                    "id": "5ea03fb5",
                    "settings": {
                        "_column_size": 50,
                        "margin": {
                            "unit": "px",
                            "top": "0",
                            "right": "40",
                            "bottom": "0",
                            "left": "40",
                            "isLinked": false
                        },
                        "content_position": "top",
                        "padding_tablet": {
                            "unit": "px",
                            "top": "0",
                            "right": "0",
                            "bottom": "0",
                            "left": "0",
                            "isLinked": false
                        },
                        "padding_mobile": {
                            "unit": "px",
                            "top": "60",
                            "right": "0",
                            "bottom": "60",
                            "left": "0",
                            "isLinked": false
                        }
                    },
                    "elements": [
                        {
                            "id": "6d32751d",
                            "settings": {
                                "title": "Contact Details",
                                "header_size": "h3"
                            },
                            "elements": [],
                            "isInner": false,
                            "widgetType": "heading",
                            "elType": "widget"
                        },
                        {
                            "id": "60765fd2",
                            "settings": {
                                "editor": "<p>Get in touch with any of our stores to learn more about your order, ask questions or leave your opinion about our services and products.<\/p>",
                                "typography_typography": "custom"
                            },
                            "elements": [],
                            "isInner": false,
                            "widgetType": "text-editor",
                            "elType": "widget"
                        },
                        {
                            "id": "431da17e",
                            "settings": {
                                "icon_list": [
                                    {
                                        "text": "Address: 139  Sycamore Street - Oakland",
                                        "selected_icon": {
                                            "value": "far fa-building",
                                            "library": "fa-regular"
                                        },
                                        "_id": "893f162",
                                        "link": {
                                            "url": "",
                                            "is_external": "",
                                            "nofollow": ""
                                        }
                                    },
                                    {
                                        "text": "Phone: +201 548 2597",
                                        "selected_icon": {
                                            "value": "fas fa-phone-alt",
                                            "library": "fa-solid"
                                        },
                                        "_id": "433a5ae",
                                        "link": {
                                            "url": "",
                                            "is_external": "",
                                            "nofollow": ""
                                        }
                                    },
                                    {
                                        "text": "Email: noemail@nodomain.com",
                                        "selected_icon": {
                                            "value": "far fa-envelope",
                                            "library": "fa-regular"
                                        },
                                        "_id": "400f2a9",
                                        "link": {
                                            "url": "",
                                            "is_external": "",
                                            "nofollow": ""
                                        }
                                    },
                                    {
                                        "text": "Hours: Mon to Fri 08: 00hs to 23: 00hs | Sat and Sun. Closed",
                                        "selected_icon": {
                                            "value": "far fa-clock",
                                            "library": "fa-regular"
                                        },
                                        "_id": "12e42e9",
                                        "link": {
                                            "url": "",
                                            "is_external": "",
                                            "nofollow": ""
                                        }
                                    }
                                ],
                                "space_between": {
                                    "unit": "px",
                                    "size": 15,
                                    "sizes": []
                                },
                                "icon_typography_typography": "custom",
                                "icon_typography_font_size": {
                                    "unit": "px",
                                    "size": 15,
                                    "sizes": []
                                },
                                "icon_typography_font_size_mobile": {
                                    "unit": "px",
                                    "size": 14,
                                    "sizes": []
                                }
                            },
                            "elements": [],
                            "isInner": false,
                            "widgetType": "icon-list",
                            "elType": "widget"
                        }
                    ],
                    "isInner": false,
                    "elType": "column"
                }
            ],
            "isInner": false,
            "elType": "section"
        },
        {
            "id": "459fc8d0",
            "settings": {
                "background_background": "classic",
                "padding": {
                    "unit": "px",
                    "top": "60",
                    "right": "30",
                    "bottom": "60",
                    "left": "30",
                    "isLinked": false
                },
                "background_image": {
                    "url": "https:\/\/bimberonline.com\/extreme\/wp-content\/uploads\/sites\/34\/2020\/11\/image-section-67-min.png",
                    "id": 1337
                },
                "background_position": "initial",
                "background_xpos": {
                    "unit": "vw",
                    "size": 70,
                    "sizes": []
                },
                "background_repeat": "no-repeat",
                "background_size": "contain",
                "__globals__": {
                    "background_color": "globals\/colors?id=3625d8a"
                },
                "content_width": {
                    "unit": "px",
                    "size": 1400,
                    "sizes": []
                },
                "padding_mobile": {
                    "unit": "px",
                    "top": "60",
                    "right": "20",
                    "bottom": "60",
                    "left": "20",
                    "isLinked": false
                }
            },
            "elements": [
                {
                    "id": "636a2078",
                    "settings": {
                        "_column_size": 100,
                        "_inline_size": null
                    },
                    "elements": [
                        {
                            "id": "4c598db6",
                            "settings": {
                                "margin": {
                                    "unit": "px",
                                    "top": "0",
                                    "right": 0,
                                    "bottom": "0",
                                    "left": 0,
                                    "isLinked": false
                                }
                            },
                            "elements": [
                                {
                                    "id": "34cd1d83",
                                    "settings": {
                                        "_column_size": 100,
                                        "_inline_size": null
                                    },
                                    "elements": [
                                        {
                                            "id": "18d77980",
                                            "settings": {
                                                "title": "Clarify your doubts in the FAQ field below",
                                                "header_size": "h4",
                                                "_margin": {
                                                    "unit": "px",
                                                    "top": "0",
                                                    "right": "0",
                                                    "bottom": "30",
                                                    "left": "0",
                                                    "isLinked": false
                                                },
                                                "__globals__": {
                                                    "title_color": ""
                                                }
                                            },
                                            "elements": [],
                                            "isInner": false,
                                            "widgetType": "heading",
                                            "elType": "widget"
                                        }
                                    ],
                                    "isInner": true,
                                    "elType": "column"
                                }
                            ],
                            "isInner": true,
                            "elType": "section"
                        },
                        {
                            "id": "4d754d19",
                            "settings": {
                                "structure": "20"
                            },
                            "elements": [
                                {
                                    "id": "22a0ea2a",
                                    "settings": {
                                        "_column_size": 50,
                                        "_inline_size": 70
                                    },
                                    "elements": [
                                        {
                                            "id": "42e78810",
                                            "settings": {
                                                "tabs": [
                                                    {
                                                        "tab_title": "How to exchange a product?",
                                                        "tab_content": "<p>Lorem ipsum dolor sit amet, consectetur adipisicing elit, sed do eiusmod tempor incididunt ut labore et dolore magna aliqua. Ut enim ad minim veniam, quis nostrud exercitation ullamco laboris nisi ut aliquip ex ea commodo consequat. Duis aute irure dolor in reprehenderit in voluptate velit esse cillum dolore eu fugiat nulla pariatur.<\/p>",
                                                        "_id": "9b0652a"
                                                    },
                                                    {
                                                        "tab_title": "How to track the delivery of my order?",
                                                        "tab_content": "Lorem ipsum dolor sit amet, consectetur adipiscing elit. Ut elit tellus, luctus nec ullamcorper mattis, pulvinar dapibus leo.",
                                                        "_id": "e2cb83c"
                                                    },
                                                    {
                                                        "tab_title": "I still haven't received my order, what to do?",
                                                        "tab_content": "<p>Lorem ipsum dolor sit amet, consectetur adipisicing elit, sed do eiusmod tempor incididunt ut labore et dolore magna aliqua. Ut enim ad minim veniam, quis nostrud exercitation ullamco laboris nisi ut aliquip ex ea commodo consequat. Duis aute irure dolor in reprehenderit in voluptate velit esse cillum dolore eu fugiat nulla pariatur.<\/p>",
                                                        "_id": "74b1481"
                                                    },
                                                    {
                                                        "tab_title": "Can I request a product exchange?",
                                                        "tab_content": "<p>Lorem ipsum dolor sit amet, consectetur adipisicing elit, sed do eiusmod tempor incididunt ut labore et dolore magna aliqua. Ut enim ad minim veniam, quis nostrud exercitation ullamco laboris nisi ut aliquip ex ea commodo consequat. Duis aute irure dolor in reprehenderit in voluptate velit esse cillum dolore eu fugiat nulla pariatur.<\/p>",
                                                        "_id": "aade654"
                                                    },
                                                    {
                                                        "tab_title": "Does Extreme offer free gifts?",
                                                        "tab_content": "<p>Lorem ipsum dolor sit amet, consectetur adipisicing elit, sed do eiusmod tempor incididunt ut labore et dolore magna aliqua. Ut enim ad minim veniam, quis nostrud exercitation ullamco laboris nisi ut aliquip ex ea commodo consequat. Duis aute irure dolor in reprehenderit in voluptate velit esse cillum dolore eu fugiat nulla pariatur.<\/p>",
                                                        "_id": "b4fac5f"
                                                    }
                                                ],
                                                "border_color": "#FFFFFF85",
                                                "title_color": "#000000",
                                                "tab_active_color": "#5926C5",
                                                "title_typography_typography": "custom",
                                                "title_typography_font_size": {
                                                    "unit": "px",
                                                    "size": 20,
                                                    "sizes": []
                                                },
                                                "title_typography_font_size_mobile": {
                                                    "unit": "px",
                                                    "size": 14,
                                                    "sizes": []
                                                },
                                                "title_typography_font_weight": "600",
                                                "title_padding": {
                                                    "unit": "px",
                                                    "top": "30",
                                                    "right": "30",
                                                    "bottom": "30",
                                                    "left": "30",
                                                    "isLinked": true
                                                },
                                                "icon_color": "#000000",
                                                "icon_active_color": "#5926C5",
                                                "icon_space": {
                                                    "unit": "px",
                                                    "size": 10,
                                                    "sizes": []
                                                },
                                                "content_padding_mobile": {
                                                    "unit": "px",
                                                    "top": "30",
                                                    "right": "30",
                                                    "bottom": "30",
                                                    "left": "30",
                                                    "isLinked": true
                                                },
                                                "__globals__": {
                                                    "tab_active_color": "globals\/colors?id=80ba54b",
                                                    "icon_active_color": "globals\/colors?id=80ba54b",
                                                    "content_background_color": "",
                                                    "title_background": "globals\/colors?id=8bf8b31"
                                                }
                                            },
                                            "elements": [],
                                            "isInner": false,
                                            "widgetType": "accordion",
                                            "elType": "widget"
                                        }
                                    ],
                                    "isInner": true,
                                    "elType": "column"
                                },
                                {
                                    "id": "ea7edae",
                                    "settings": {
                                        "_column_size": 50,
                                        "_inline_size": 30
                                    },
                                    "elements": [],
                                    "isInner": true,
                                    "elType": "column"
                                }
                            ],
                            "isInner": true,
                            "elType": "section"
                        }
                    ],
                    "isInner": false,
                    "elType": "column"
                }
            ],
            "isInner": false,
            "elType": "section"
        }
    ]
}