{
    "version": "0.4",
    "title": "Footer",
    "type": "footer",
    "metadata": {
        "template_type": "section-footer",
        "include_in_zip": "1",
        "elementor_pro_required": "1",
        "elementor_library_type": "footer",
        "elementor_pro_conditions": [
            "include\/general"
        ],
        "additional_template_information": [
            "This is a \"Footer\" template for Elementor Pro.",
            "This template will display on: Entire Site."
        ],
        "wp_page_template": "default"
    },
    "content": [
        {
            "id": "74f6cdbd",
            "settings": {
                "content_width": {
                    "unit": "px",
                    "size": 1400,
                    "sizes": []
                },
                "background_background": "classic",
                "background_color": "#1E1B1B",
                "layout": "full_width"
            },
            "elements": [
                {
                    "id": "881c0db",
                    "settings": {
                        "_column_size": 100,
                        "_inline_size": null,
                        "padding": {
                            "unit": "px",
                            "top": "0",
                            "right": "0",
                            "bottom": "0",
                            "left": "0",
                            "isLinked": false
                        }
                    },
                    "elements": [
                        {
                            "id": "7f57caf2",
                            "settings": {
                                "structure": "40",
                                "margin": {
                                    "unit": "px",
                                    "top": "0",
                                    "right": 0,
                                    "bottom": "0",
                                    "left": 0,
                                    "isLinked": false
                                },
                                "padding": {
                                    "unit": "px",
                                    "top": "100",
                                    "right": "40",
                                    "bottom": "100",
                                    "left": "40",
                                    "isLinked": false
                                },
                                "content_width": {
                                    "unit": "px",
                                    "size": 1400,
                                    "sizes": []
                                },
                                "padding_mobile": {
                                    "unit": "px",
                                    "top": "60",
                                    "right": "20",
                                    "bottom": "0",
                                    "left": "20",
                                    "isLinked": false
                                }
                            },
                            "elements": [
                                {
                                    "id": "28ba6c3b",
                                    "settings": {
                                        "_column_size": 25,
                                        "_inline_size": 25,
                                        "margin": {
                                            "unit": "px",
                                            "top": "0",
                                            "right": "60",
                                            "bottom": "0",
                                            "left": "0",
                                            "isLinked": false
                                        },
                                        "_inline_size_tablet": 50,
                                        "margin_tablet": {
                                            "unit": "px",
                                            "top": "0",
                                            "right": "30",
                                            "bottom": "0",
                                            "left": "0",
                                            "isLinked": false
                                        },
                                        "margin_mobile": {
                                            "unit": "px",
                                            "top": "0",
                                            "right": "0",
                                            "bottom": "0",
                                            "left": "0",
                                            "isLinked": false
                                        }
                                    },
                                    "elements": [
                                        {
                                            "id": "1509ad0d",
                                            "settings": {
                                                "image": {
                                                    "url": "https:\/\/bimberonline.com\/extreme\/wp-content\/uploads\/sites\/34\/2019\/08\/logo-extreme-white-min.png",
                                                    "id": 566
                                                },
                                                "align": "left",
                                                "width": {
                                                    "unit": "%",
                                                    "size": 60,
                                                    "sizes": []
                                                },
                                                "space": {
                                                    "unit": "%",
                                                    "size": 100,
                                                    "sizes": []
                                                },
                                                "width_tablet": {
                                                    "unit": "%",
                                                    "size": 50,
                                                    "sizes": []
                                                },
                                                "space_tablet": {
                                                    "unit": "%",
                                                    "size": 100,
                                                    "sizes": []
                                                }
                                            },
                                            "elements": [],
                                            "isInner": false,
                                            "widgetType": "image",
                                            "elType": "widget"
                                        },
                                        {
                                            "id": "4bbccaca",
                                            "settings": {
                                                "editor": "<p>Our store is full of the best brands of sports shoes on the world market. We have over 10 years of experience in export footwear.<\/p>",
                                                "text_color": "#FFFFFF",
                                                "typography_typography": "custom",
                                                "typography_font_size": {
                                                    "unit": "px",
                                                    "size": 14,
                                                    "sizes": []
                                                }
                                            },
                                            "elements": [],
                                            "isInner": false,
                                            "widgetType": "text-editor",
                                            "elType": "widget"
                                        }
                                    ],
                                    "isInner": true,
                                    "elType": "column"
                                },
                                {
                                    "id": "45b503d5",
                                    "settings": {
                                        "_column_size": 25,
                                        "_inline_size": 20,
                                        "_inline_size_tablet": 50,
                                        "margin_mobile": {
                                            "unit": "px",
                                            "top": "20",
                                            "right": "0",
                                            "bottom": "0",
                                            "left": "0",
                                            "isLinked": false
                                        }
                                    },
                                    "elements": [
                                        {
                                            "id": "682c524a",
                                            "settings": {
                                                "title": "Quick Links",
                                                "header_size": "h6",
                                                "title_color": "#FFFFFF"
                                            },
                                            "elements": [],
                                            "isInner": false,
                                            "widgetType": "heading",
                                            "elType": "widget"
                                        },
                                        {
                                            "id": "299434d",
                                            "settings": {
                                                "icon_list": [
                                                    {
                                                        "text": "About Us",
                                                        "selected_icon": {
                                                            "value": "",
                                                            "library": ""
                                                        },
                                                        "_id": "d87127a",
                                                        "link": {
                                                            "url": "#",
                                                            "is_external": "",
                                                            "nofollow": "",
                                                            "custom_attributes": ""
                                                        }
                                                    },
                                                    {
                                                        "text": "Carrers",
                                                        "selected_icon": {
                                                            "value": "",
                                                            "library": ""
                                                        },
                                                        "_id": "30d460b",
                                                        "link": {
                                                            "url": "#",
                                                            "is_external": "",
                                                            "nofollow": "",
                                                            "custom_attributes": ""
                                                        }
                                                    },
                                                    {
                                                        "text": "Ask Your Questions",
                                                        "selected_icon": {
                                                            "value": "",
                                                            "library": ""
                                                        },
                                                        "_id": "95604f9",
                                                        "link": {
                                                            "url": "#",
                                                            "is_external": "",
                                                            "nofollow": "",
                                                            "custom_attributes": ""
                                                        }
                                                    },
                                                    {
                                                        "text": "Blog",
                                                        "selected_icon": {
                                                            "value": "",
                                                            "library": ""
                                                        },
                                                        "link": {
                                                            "url": "#",
                                                            "is_external": "",
                                                            "nofollow": "",
                                                            "custom_attributes": ""
                                                        },
                                                        "_id": "793a4a7"
                                                    },
                                                    {
                                                        "text": "Contact",
                                                        "selected_icon": {
                                                            "value": "",
                                                            "library": ""
                                                        },
                                                        "link": {
                                                            "url": "#",
                                                            "is_external": "",
                                                            "nofollow": "",
                                                            "custom_attributes": ""
                                                        },
                                                        "_id": "4b329bb"
                                                    }
                                                ],
                                                "icon_align": "left",
                                                "text_color": "#FFFFFF",
                                                "text_indent": {
                                                    "unit": "px",
                                                    "size": 0,
                                                    "sizes": []
                                                },
                                                "icon_typography_typography": "custom",
                                                "icon_typography_font_size": {
                                                    "unit": "px",
                                                    "size": 13,
                                                    "sizes": []
                                                },
                                                "space_between": {
                                                    "unit": "px",
                                                    "size": 15,
                                                    "sizes": []
                                                },
                                                "__globals__": {
                                                    "text_color_hover": "globals\/colors?id=8bf8b31"
                                                },
                                                "_margin": {
                                                    "unit": "px",
                                                    "top": "10",
                                                    "right": "0",
                                                    "bottom": "0",
                                                    "left": "0",
                                                    "isLinked": false
                                                }
                                            },
                                            "elements": [],
                                            "isInner": false,
                                            "widgetType": "icon-list",
                                            "elType": "widget"
                                        }
                                    ],
                                    "isInner": true,
                                    "elType": "column"
                                },
                                {
                                    "id": "64318c65",
                                    "settings": {
                                        "_column_size": 25,
                                        "_inline_size": 25,
                                        "_inline_size_tablet": 50,
                                        "margin_tablet": {
                                            "unit": "px",
                                            "top": "40",
                                            "right": "0",
                                            "bottom": "0",
                                            "left": "0",
                                            "isLinked": false
                                        },
                                        "margin_mobile": {
                                            "unit": "px",
                                            "top": "40",
                                            "right": "0",
                                            "bottom": "0",
                                            "left": "0",
                                            "isLinked": false
                                        }
                                    },
                                    "elements": [
                                        {
                                            "id": "622500aa",
                                            "settings": {
                                                "title": "Contact",
                                                "header_size": "h6",
                                                "title_color": "#FFFFFF"
                                            },
                                            "elements": [],
                                            "isInner": false,
                                            "widgetType": "heading",
                                            "elType": "widget"
                                        },
                                        {
                                            "id": "3b18785b",
                                            "settings": {
                                                "icon_list": [
                                                    {
                                                        "text": "Address: 139  Sycamore Street - Oakland",
                                                        "selected_icon": {
                                                            "value": "fas fa-map-marker-alt",
                                                            "library": "fa-solid"
                                                        },
                                                        "_id": "d87127a",
                                                        "link": {
                                                            "url": "#",
                                                            "is_external": "",
                                                            "nofollow": "",
                                                            "custom_attributes": ""
                                                        }
                                                    },
                                                    {
                                                        "text": "Email: noemail@nodomain.com",
                                                        "selected_icon": {
                                                            "value": "fas fa-envelope",
                                                            "library": "fa-solid"
                                                        },
                                                        "_id": "30d460b",
                                                        "link": {
                                                            "url": "#",
                                                            "is_external": "",
                                                            "nofollow": "",
                                                            "custom_attributes": ""
                                                        }
                                                    },
                                                    {
                                                        "text": "Phone: +201 548 2597",
                                                        "selected_icon": {
                                                            "value": "fas fa-phone-alt",
                                                            "library": "fa-solid"
                                                        },
                                                        "_id": "95604f9",
                                                        "link": {
                                                            "url": "#",
                                                            "is_external": "",
                                                            "nofollow": "",
                                                            "custom_attributes": ""
                                                        }
                                                    }
                                                ],
                                                "icon_align": "left",
                                                "text_color": "#FFFFFF",
                                                "text_indent": {
                                                    "unit": "px",
                                                    "size": 5,
                                                    "sizes": []
                                                },
                                                "icon_typography_typography": "custom",
                                                "icon_typography_font_size": {
                                                    "unit": "px",
                                                    "size": 13,
                                                    "sizes": []
                                                },
                                                "space_between": {
                                                    "unit": "px",
                                                    "size": 15,
                                                    "sizes": []
                                                },
                                                "__globals__": {
                                                    "text_color_hover": "globals\/colors?id=8bf8b31"
                                                },
                                                "icon_size": {
                                                    "unit": "px",
                                                    "size": 15,
                                                    "sizes": []
                                                },
                                                "_margin": {
                                                    "unit": "px",
                                                    "top": "10",
                                                    "right": "0",
                                                    "bottom": "0",
                                                    "left": "0",
                                                    "isLinked": false
                                                }
                                            },
                                            "elements": [],
                                            "isInner": false,
                                            "widgetType": "icon-list",
                                            "elType": "widget"
                                        },
                                        {
                                            "id": "7059ed3",
                                            "settings": {
                                                "social_media_list": [
                                                    {
                                                        "social_title": "Facebook",
                                                        "social_link": {
                                                            "url": "https:\/\/facebook.com\/"
                                                        },
                                                        "social_icon": {
                                                            "value": "fab fa-facebook-f",
                                                            "library": "solid"
                                                        },
                                                        "_id": "26892a0",
                                                        "individual_style": "",
                                                        "icon_ind_color": "",
                                                        "icon_ind_bg_color": "",
                                                        "icon_ind_border_color": "",
                                                        "icon_ind_hover_color": "",
                                                        "icon_ind_hover_bg_color": "",
                                                        "icon_ind_hover_border_color": ""
                                                    },
                                                    {
                                                        "social_title": "Instagram",
                                                        "social_link": {
                                                            "url": "https:\/\/instagram.com\/"
                                                        },
                                                        "social_icon": {
                                                            "value": "fab fa-instagram",
                                                            "library": "solid"
                                                        },
                                                        "_id": "025bda4",
                                                        "individual_style": "no",
                                                        "icon_ind_color": "",
                                                        "icon_ind_bg_color": "",
                                                        "icon_ind_border_color": "",
                                                        "icon_ind_hover_color": "",
                                                        "icon_ind_hover_bg_color": "",
                                                        "icon_ind_hover_border_color": ""
                                                    },
                                                    {
                                                        "social_title": "Twitter",
                                                        "social_link": {
                                                            "url": "https:\/\/twitter.com\/"
                                                        },
                                                        "social_icon": {
                                                            "value": "fab fa-twitter",
                                                            "library": "solid"
                                                        },
                                                        "_id": "be8c9d3",
                                                        "individual_style": "no",
                                                        "icon_ind_color": "",
                                                        "icon_ind_bg_color": "",
                                                        "icon_ind_border_color": "",
                                                        "icon_ind_hover_color": "",
                                                        "icon_ind_hover_bg_color": "",
                                                        "icon_ind_hover_border_color": ""
                                                    },
                                                    {
                                                        "social_title": "Dribbble",
                                                        "social_link": {
                                                            "url": "https:\/\/dribbble.com\/"
                                                        },
                                                        "social_icon": {
                                                            "value": "fab fa-dribbble",
                                                            "library": "solid"
                                                        },
                                                        "_id": "d4147ad",
                                                        "individual_style": "no",
                                                        "icon_ind_color": "",
                                                        "icon_ind_bg_color": "",
                                                        "icon_ind_border_color": "",
                                                        "icon_ind_hover_color": "",
                                                        "icon_ind_hover_bg_color": "",
                                                        "icon_ind_hover_border_color": ""
                                                    },
                                                    {
                                                        "social_title": "Behance",
                                                        "social_link": {
                                                            "url": "https:\/\/www.behance.net"
                                                        },
                                                        "social_icon": {
                                                            "value": "fab fa-behance",
                                                            "library": "solid"
                                                        },
                                                        "_id": "7eaae62",
                                                        "individual_style": "no",
                                                        "icon_ind_color": "",
                                                        "icon_ind_bg_color": "",
                                                        "icon_ind_border_color": "",
                                                        "icon_ind_hover_color": "",
                                                        "icon_ind_hover_bg_color": "",
                                                        "icon_ind_hover_border_color": ""
                                                    }
                                                ],
                                                "content_alignment": "start",
                                                "space_between": {
                                                    "unit": "px",
                                                    "size": 10,
                                                    "sizes": []
                                                },
                                                "social_width": {
                                                    "unit": "px",
                                                    "size": 30,
                                                    "sizes": []
                                                },
                                                "social_height": {
                                                    "unit": "px",
                                                    "size": 30,
                                                    "sizes": []
                                                },
                                                "social_normal_color": "#000000",
                                                "social_normal_background_background": "classic",
                                                "social_normal_background_color": "#FDD82D",
                                                "social_normal_border_border": "solid",
                                                "social_normal_border_width": {
                                                    "unit": "px",
                                                    "top": "1",
                                                    "right": "1",
                                                    "bottom": "1",
                                                    "left": "1",
                                                    "isLinked": true
                                                },
                                                "__globals__": {
                                                    "social_normal_color": "",
                                                    "social_normal_background_color": "globals\/colors?id=8bf8b31",
                                                    "social_normal_border_color": "globals\/colors?id=8bf8b31"
                                                }
                                            },
                                            "elements": [],
                                            "isInner": false,
                                            "widgetType": "move-social-media",
                                            "elType": "widget"
                                        }
                                    ],
                                    "isInner": true,
                                    "elType": "column"
                                },
                                {
                                    "id": "1865cb3c",
                                    "settings": {
                                        "_column_size": 25,
                                        "_inline_size": 30,
                                        "_inline_size_tablet": 50,
                                        "margin_tablet": {
                                            "unit": "px",
                                            "top": "40",
                                            "right": "0",
                                            "bottom": "0",
                                            "left": "0",
                                            "isLinked": false
                                        },
                                        "margin_mobile": {
                                            "unit": "px",
                                            "top": "40",
                                            "right": "0",
                                            "bottom": "50",
                                            "left": "0",
                                            "isLinked": false
                                        }
                                    },
                                    "elements": [
                                        {
                                            "id": "5bfcbd27",
                                            "settings": {
                                                "title": "Subscribe",
                                                "header_size": "h6",
                                                "title_color": "#FFFFFF"
                                            },
                                            "elements": [],
                                            "isInner": false,
                                            "widgetType": "heading",
                                            "elType": "widget"
                                        },
                                        {
                                            "id": "13bdc66a",
                                            "settings": {
                                                "form_name": "Newsletter Extreme",
                                                "form_fields": [
                                                    {
                                                        "custom_id": "email",
                                                        "field_type": "email",
                                                        "required": "true",
                                                        "field_label": "Email",
                                                        "placeholder": "Email",
                                                        "_id": "954d69b"
                                                    }
                                                ],
                                                "step_next_label": "Next",
                                                "step_previous_label": "Previous",
                                                "button_text": "Send",
                                                "email_content": "[all-fields]",
                                                "email_content_2": "[all-fields]",
                                                "success_message": "You have been subscribed to our newsletter! Soon you will receive our emails.",
                                                "error_message": "An error occurred.",
                                                "required_field_message": "This field is required.",
                                                "invalid_message": "There's something wrong. The form is invalid.",
                                                "button_hover_color": "#000000",
                                                "__globals__": {
                                                    "button_background_hover_color": "globals\/colors?id=8bf8b31"
                                                },
                                                "button_text_color": "#000000",
                                                "success_message_color": "#FFFFFF",
                                                "error_message_color": "#FFFFFF",
                                                "inline_message_color": "#FFFFFF",
                                                "custom_messages": "yes",
                                                "message_typography_typography": "custom",
                                                "message_typography_font_size": {
                                                    "unit": "px",
                                                    "size": 13,
                                                    "sizes": []
                                                }
                                            },
                                            "elements": [],
                                            "isInner": false,
                                            "widgetType": "form",
                                            "elType": "widget"
                                        }
                                    ],
                                    "isInner": true,
                                    "elType": "column"
                                }
                            ],
                            "isInner": true,
                            "elType": "section"
                        }
                    ],
                    "isInner": false,
                    "elType": "column"
                }
            ],
            "isInner": false,
            "elType": "section"
        },
        {
            "id": "5baa8204",
            "settings": {
                "layout": "full_width"
            },
            "elements": [
                {
                    "id": "ad00da4",
                    "settings": {
                        "_column_size": 100,
                        "_inline_size": null,
                        "padding": {
                            "unit": "px",
                            "top": "0",
                            "right": "0",
                            "bottom": "0",
                            "left": "0",
                            "isLinked": false
                        }
                    },
                    "elements": [
                        {
                            "id": "25a7bce1",
                            "settings": {
                                "structure": "20",
                                "background_background": "classic",
                                "background_color": "#20242E",
                                "margin": {
                                    "unit": "px",
                                    "top": "0",
                                    "right": 0,
                                    "bottom": "0",
                                    "left": 0,
                                    "isLinked": false
                                },
                                "padding": {
                                    "unit": "px",
                                    "top": "10",
                                    "right": "40",
                                    "bottom": "10",
                                    "left": "40",
                                    "isLinked": false
                                },
                                "content_width": {
                                    "unit": "px",
                                    "size": 1400,
                                    "sizes": []
                                },
                                "padding_mobile": {
                                    "unit": "px",
                                    "top": "20",
                                    "right": "30",
                                    "bottom": "20",
                                    "left": "30",
                                    "isLinked": false
                                }
                            },
                            "elements": [
                                {
                                    "id": "2dd3f0f",
                                    "settings": {
                                        "_column_size": 50,
                                        "_inline_size": null,
                                        "content_position": "center"
                                    },
                                    "elements": [
                                        {
                                            "id": "2d032a2e",
                                            "settings": {
                                                "editor": "\u00a9 Extreme Template Kit by Bimber Online",
                                                "text_color": "#FFFFFF",
                                                "typography_typography": "custom",
                                                "typography_font_size": {
                                                    "unit": "px",
                                                    "size": 13,
                                                    "sizes": []
                                                },
                                                "align_mobile": "center",
                                                "typography_font_size_mobile": {
                                                    "unit": "px",
                                                    "size": 12,
                                                    "sizes": []
                                                }
                                            },
                                            "elements": [],
                                            "isInner": false,
                                            "widgetType": "text-editor",
                                            "elType": "widget"
                                        }
                                    ],
                                    "isInner": true,
                                    "elType": "column"
                                },
                                {
                                    "id": "344944c5",
                                    "settings": {
                                        "_column_size": 50,
                                        "_inline_size": null,
                                        "content_position": "center"
                                    },
                                    "elements": [
                                        {
                                            "id": "3b57ca9f",
                                            "settings": {
                                                "view": "inline",
                                                "icon_list": [
                                                    {
                                                        "text": "Privacy Policy",
                                                        "selected_icon": {
                                                            "value": "",
                                                            "library": ""
                                                        },
                                                        "_id": "d87127a",
                                                        "link": {
                                                            "url": "#",
                                                            "is_external": "",
                                                            "nofollow": "",
                                                            "custom_attributes": ""
                                                        }
                                                    },
                                                    {
                                                        "text": "Faq",
                                                        "selected_icon": {
                                                            "value": "",
                                                            "library": ""
                                                        },
                                                        "_id": "30d460b",
                                                        "link": {
                                                            "url": "#",
                                                            "is_external": "",
                                                            "nofollow": "",
                                                            "custom_attributes": ""
                                                        }
                                                    },
                                                    {
                                                        "text": "Terms & Conditions",
                                                        "selected_icon": {
                                                            "value": "",
                                                            "library": ""
                                                        },
                                                        "_id": "95604f9",
                                                        "link": {
                                                            "url": "#",
                                                            "is_external": "",
                                                            "nofollow": "",
                                                            "custom_attributes": ""
                                                        }
                                                    }
                                                ],
                                                "icon_align": "right",
                                                "divider": "yes",
                                                "text_color": "#FFFFFF",
                                                "text_indent": {
                                                    "unit": "px",
                                                    "size": 0,
                                                    "sizes": []
                                                },
                                                "icon_typography_typography": "custom",
                                                "icon_typography_font_size": {
                                                    "unit": "px",
                                                    "size": 13,
                                                    "sizes": []
                                                },
                                                "__globals__": {
                                                    "text_color_hover": "globals\/colors?id=8bf8b31"
                                                },
                                                "icon_align_mobile": "center",
                                                "icon_typography_font_size_mobile": {
                                                    "unit": "px",
                                                    "size": 12,
                                                    "sizes": []
                                                }
                                            },
                                            "elements": [],
                                            "isInner": false,
                                            "widgetType": "icon-list",
                                            "elType": "widget"
                                        }
                                    ],
                                    "isInner": true,
                                    "elType": "column"
                                }
                            ],
                            "isInner": true,
                            "elType": "section"
                        }
                    ],
                    "isInner": false,
                    "elType": "column"
                }
            ],
            "isInner": false,
            "elType": "section"
        }
    ]
}