{
    "version": "0.4",
    "title": "Global Kit Styles",
    "type": "section",
    "metadata": {
        "template_type": "global-styles",
        "include_in_zip": "1",
        "elementor_pro_required": "1",
        "additional_template_information": [
            "These are the global theme styles configured through the Elementor Theme Styles area."
        ],
        "wp_page_template": "default"
    },
    "content": [],
    "page_settings": {
        "viewport_md": "",
        "viewport_lg": "",
        "system_colors": [
            {
                "_id": "primary",
                "title": "Primary",
                "color": "#000000"
            },
            {
                "_id": "secondary",
                "title": "Secondary",
                "color": "#000000"
            },
            {
                "_id": "text",
                "title": "Text",
                "color": "#000000"
            },
            {
                "_id": "accent",
                "title": "Accent",
                "color": "#000000"
            }
        ],
        "custom_colors": [
            {
                "_id": "84c4bf7",
                "title": "New Item #1",
                "color": "#52D7B4"
            },
            {
                "_id": "80ba54b",
                "title": "New Item #2",
                "color": "#5926C5"
            },
            {
                "_id": "8bf8b31",
                "title": "New Item #3",
                "color": "#FDD82D"
            },
            {
                "_id": "c36e472",
                "title": "New Item #4",
                "color": "#FD5C48"
            },
            {
                "_id": "3625d8a",
                "title": "New Item #5",
                "color": "#FCFCFC"
            },
            {
                "_id": "285bc0e",
                "title": "New Item #6",
                "color": "#FEE561"
            }
        ],
        "system_typography": [
            {
                "_id": "primary",
                "title": "Primary Headline",
                "typography_typography": "custom",
                "typography_font_family": "Roboto",
                "typography_font_weight": "600"
            },
            {
                "_id": "secondary",
                "title": "Secondary Headline",
                "typography_typography": "custom",
                "typography_font_family": "Roboto Slab",
                "typography_font_weight": "400"
            },
            {
                "_id": "text",
                "title": "Body Text",
                "typography_typography": "custom",
                "typography_font_family": "Roboto",
                "typography_font_weight": "400"
            },
            {
                "_id": "accent",
                "title": "Accent Text",
                "typography_typography": "custom",
                "typography_font_family": "Roboto",
                "typography_font_weight": "500"
            }
        ],
        "site_description": "Running Sports Shoes &amp; Clothes Elementor Template Kit",
        "custom_typography": [],
        "default_generic_fonts": "Sans-serif",
        "button_text_color": "#000000",
        "button_hover_text_color": "#FFFFFF",
        "button_hover_background_color": "#000000",
        "site_name": "Extreme",
        "page_title_selector": "h1.entry-title",
        "activeItemIndex": 1,
        "__globals__": {
            "button_background_color": "globals\/colors?id=8bf8b31",
            "link_normal_color": "globals\/colors?id=8bf8b31",
            "form_label_color": "",
            "form_field_background_color": "",
            "form_field_border_color": ""
        },
        "body_typography_typography": "custom",
        "h1_typography_typography": "custom",
        "h1_typography_font_family": "Montserrat",
        "h2_typography_typography": "custom",
        "h2_typography_font_family": "Montserrat",
        "h3_typography_typography": "custom",
        "h3_typography_font_family": "Montserrat",
        "h4_typography_typography": "custom",
        "h4_typography_font_family": "Montserrat",
        "h5_typography_typography": "custom",
        "h5_typography_font_family": "Barlow",
        "h6_typography_typography": "custom",
        "h6_typography_font_family": "Barlow",
        "body_typography_font_family": "Montserrat",
        "body_typography_font_size": {
            "unit": "px",
            "size": 16,
            "sizes": []
        },
        "link_normal_typography_typography": "custom",
        "link_normal_typography_font_family": "Montserrat",
        "link_normal_typography_font_size": {
            "unit": "px",
            "size": 16,
            "sizes": []
        },
        "h1_typography_font_size": {
            "unit": "px",
            "size": 61.04,
            "sizes": []
        },
        "h2_typography_font_size": {
            "unit": "px",
            "size": 48.83,
            "sizes": []
        },
        "h3_typography_font_size": {
            "unit": "px",
            "size": 39.06,
            "sizes": []
        },
        "h4_typography_font_size": {
            "unit": "px",
            "size": 28,
            "sizes": []
        },
        "h5_typography_font_size": {
            "unit": "px",
            "size": 25,
            "sizes": []
        },
        "h6_typography_font_size": {
            "unit": "px",
            "size": 20,
            "sizes": []
        },
        "button_typography_typography": "custom",
        "button_typography_font_family": "Barlow",
        "button_typography_font_weight": "600",
        "button_typography_text_transform": "uppercase",
        "h1_typography_font_weight": "800",
        "h2_typography_font_weight": "800",
        "h3_typography_font_weight": "800",
        "h4_typography_font_weight": "800",
        "h5_typography_font_weight": "300",
        "h6_typography_font_weight": "300",
        "form_label_typography_typography": "custom",
        "form_label_typography_font_family": "Barlow",
        "form_label_typography_font_size": {
            "unit": "px",
            "size": 15,
            "sizes": []
        },
        "form_field_typography_typography": "custom",
        "form_field_typography_font_family": "Montserrat",
        "form_field_typography_font_size": {
            "unit": "px",
            "size": 14,
            "sizes": []
        },
        "form_field_text_color": "#000000",
        "h1_typography_font_size_mobile": {
            "unit": "px",
            "size": 44,
            "sizes": []
        },
        "h2_typography_font_size_mobile": {
            "unit": "px",
            "size": 32,
            "sizes": []
        },
        "h3_typography_font_size_mobile": {
            "unit": "px",
            "size": 26,
            "sizes": []
        },
        "h4_typography_font_size_mobile": {
            "unit": "px",
            "size": 22,
            "sizes": []
        },
        "h5_typography_font_size_mobile": {
            "unit": "px",
            "size": 18,
            "sizes": []
        },
        "h6_typography_font_size_mobile": {
            "unit": "px",
            "size": 15,
            "sizes": []
        },
        "h1_typography_font_size_tablet": {
            "unit": "px",
            "size": 50,
            "sizes": []
        },
        "h2_typography_font_size_tablet": {
            "unit": "px",
            "size": 38,
            "sizes": []
        },
        "h3_typography_font_size_tablet": {
            "unit": "px",
            "size": 30,
            "sizes": []
        },
        "h4_typography_font_size_tablet": {
            "unit": "px",
            "size": 24,
            "sizes": []
        },
        "h5_typography_font_size_tablet": {
            "unit": "px",
            "size": 20,
            "sizes": []
        },
        "h6_typography_font_size_tablet": {
            "unit": "px",
            "size": 16,
            "sizes": []
        },
        "link_normal_color": "#FDD82D",
        "button_typography_font_size": {
            "unit": "px",
            "size": 14,
            "sizes": []
        },
        "button_background_color": "#FDD82D",
        "form_label_color": "#000000",
        "form_field_border_border": "solid",
        "site_favicon": {
            "url": "https:\/\/bimberonline.com\/extreme\/wp-content\/uploads\/sites\/34\/2020\/02\/favicon-512px-min.png",
            "id": 1140
        },
        "form_field_border_width": {
            "unit": "px",
            "top": "0",
            "right": "0",
            "bottom": "0",
            "left": "0",
            "isLinked": false
        },
        "form_field_border_radius": {
            "unit": "px",
            "top": "0",
            "right": "0",
            "bottom": "0",
            "left": "0",
            "isLinked": false
        },
        "form_field_border_width_tablet": {
            "unit": "px",
            "top": "1",
            "right": "1",
            "bottom": "1",
            "left": "1",
            "isLinked": true
        },
        "form_field_border_color": "#E1E1E1",
        "body_color": "#000000",
        "h1_color": "#000000",
        "h2_color": "#000000",
        "h3_color": "#000000",
        "h4_color": "#000000",
        "h5_color": "#000000",
        "h6_color": "#000000"
    }
}