{
    "version": "0.4",
    "title": "Header",
    "type": "header",
    "metadata": {
        "template_type": "section-header",
        "include_in_zip": "1",
        "elementor_pro_required": "1",
        "elementor_library_type": "header",
        "elementor_pro_conditions": [
            "include\/general"
        ],
        "additional_template_information": [
            "This is a \"Header\" template for Elementor Pro.",
            "This template will display on: Entire Site."
        ],
        "wp_page_template": "default"
    },
    "content": [
        {
            "id": "18eaf98",
            "settings": {
                "content_width": {
                    "unit": "px",
                    "size": 1400,
                    "sizes": []
                },
                "structure": "30",
                "padding": {
                    "unit": "px",
                    "top": "0",
                    "right": "40",
                    "bottom": "0",
                    "left": "40",
                    "isLinked": false
                },
                "background_background": "classic",
                "__globals__": {
                    "background_color": ""
                },
                "padding_mobile": {
                    "unit": "px",
                    "top": "0",
                    "right": "10",
                    "bottom": "0",
                    "left": "10",
                    "isLinked": false
                },
                "background_color": "#20242E",
                "z_index": 5,
                "padding_tablet": {
                    "unit": "px",
                    "top": "0",
                    "right": "30",
                    "bottom": "0",
                    "left": "30",
                    "isLinked": false
                }
            },
            "elements": [
                {
                    "id": "267ff211",
                    "settings": {
                        "_column_size": 33,
                        "_inline_size": 36.638,
                        "content_position": "center",
                        "_inline_size_mobile": 60,
                        "_inline_size_tablet": 70
                    },
                    "elements": [
                        {
                            "id": "7f26024",
                            "settings": {
                                "icon_list": [
                                    {
                                        "text": "",
                                        "selected_icon": {
                                            "value": "fab fa-facebook",
                                            "library": "fa-brands"
                                        },
                                        "_id": "d0c9720",
                                        "link": {
                                            "url": "#",
                                            "is_external": "",
                                            "nofollow": "",
                                            "custom_attributes": ""
                                        }
                                    },
                                    {
                                        "text": "",
                                        "selected_icon": {
                                            "value": "fab fa-twitter",
                                            "library": "fa-brands"
                                        },
                                        "link": {
                                            "url": "#",
                                            "is_external": "",
                                            "nofollow": "",
                                            "custom_attributes": ""
                                        },
                                        "_id": "a3313d6"
                                    },
                                    {
                                        "text": "",
                                        "selected_icon": {
                                            "value": "fab fa-youtube",
                                            "library": "fa-brands"
                                        },
                                        "link": {
                                            "url": "#",
                                            "is_external": "",
                                            "nofollow": "",
                                            "custom_attributes": ""
                                        },
                                        "_id": "faaed17"
                                    },
                                    {
                                        "text": "",
                                        "selected_icon": {
                                            "value": "fab fa-pinterest",
                                            "library": "fa-brands"
                                        },
                                        "link": {
                                            "url": "#",
                                            "is_external": "",
                                            "nofollow": "",
                                            "custom_attributes": ""
                                        },
                                        "_id": "8300757"
                                    }
                                ],
                                "icon_align": "left",
                                "text_color": "#FFFFFF",
                                "text_indent": {
                                    "unit": "px",
                                    "size": 10,
                                    "sizes": []
                                },
                                "icon_typography_typography": "custom",
                                "icon_typography_font_size": {
                                    "unit": "px",
                                    "size": 13,
                                    "sizes": []
                                },
                                "__globals__": {
                                    "text_color_hover": "globals\/colors?id=8bf8b31",
                                    "icon_color_hover": "globals\/colors?id=8bf8b31",
                                    "icon_color": "",
                                    "text_color": ""
                                },
                                "view": "inline",
                                "icon_color": "#FFFFFF",
                                "icon_color_hover": "#FDD82D",
                                "text_color_hover": "#FDD82D",
                                "space_between": {
                                    "unit": "px",
                                    "size": 5,
                                    "sizes": []
                                },
                                "_element_width": "auto",
                                "_border_border": "solid",
                                "_border_width": {
                                    "unit": "px",
                                    "top": "0",
                                    "right": "1",
                                    "bottom": "0",
                                    "left": "0",
                                    "isLinked": false
                                },
                                "_border_color": "#FFFFFF"
                            },
                            "elements": [],
                            "isInner": false,
                            "widgetType": "icon-list",
                            "elType": "widget"
                        },
                        {
                            "id": "7bd72832",
                            "settings": {
                                "icon_list": [
                                    {
                                        "text": "Phone: +201 548 2597",
                                        "selected_icon": {
                                            "value": "fas fa-phone-alt",
                                            "library": "fa-solid"
                                        },
                                        "_id": "d0c9720"
                                    }
                                ],
                                "icon_align": "left",
                                "text_color": "#FFFFFF",
                                "text_indent": {
                                    "unit": "px",
                                    "size": 10,
                                    "sizes": []
                                },
                                "icon_typography_typography": "custom",
                                "icon_typography_font_size": {
                                    "unit": "px",
                                    "size": 13,
                                    "sizes": []
                                },
                                "__globals__": {
                                    "text_color_hover": "globals\/colors?id=8bf8b31",
                                    "icon_color_hover": "globals\/colors?id=8bf8b31",
                                    "icon_color": "",
                                    "text_color": ""
                                },
                                "view": "inline",
                                "icon_color": "#FFFFFF",
                                "icon_color_hover": "#FDD82D",
                                "text_color_hover": "#FDD82D",
                                "space_between": {
                                    "unit": "px",
                                    "size": 15,
                                    "sizes": []
                                },
                                "_element_width": "auto",
                                "_margin": {
                                    "unit": "px",
                                    "top": "0",
                                    "right": "0",
                                    "bottom": "0",
                                    "left": "20",
                                    "isLinked": false
                                },
                                "hide_mobile": "hidden-phone"
                            },
                            "elements": [],
                            "isInner": false,
                            "widgetType": "icon-list",
                            "elType": "widget"
                        }
                    ],
                    "isInner": false,
                    "elType": "column"
                },
                {
                    "id": "608e5044",
                    "settings": {
                        "_column_size": 33,
                        "_inline_size": 44.828,
                        "content_position": "center",
                        "hide_mobile": "hidden-phone",
                        "hide_tablet": "hidden-tablet"
                    },
                    "elements": [
                        {
                            "id": "674e3120",
                            "settings": {
                                "icon_list": [
                                    {
                                        "text": "Free Delivery",
                                        "selected_icon": {
                                            "value": "fas fa-truck",
                                            "library": "fa-solid"
                                        },
                                        "_id": "d0c9720",
                                        "link": {
                                            "url": "#",
                                            "is_external": "",
                                            "nofollow": "",
                                            "custom_attributes": ""
                                        }
                                    },
                                    {
                                        "text": "Return Policy",
                                        "selected_icon": {
                                            "value": "fas fa-globe-americas",
                                            "library": "fa-solid"
                                        },
                                        "link": {
                                            "url": "#",
                                            "is_external": "",
                                            "nofollow": "",
                                            "custom_attributes": ""
                                        },
                                        "_id": "1fe74e3"
                                    },
                                    {
                                        "text": "Download App",
                                        "selected_icon": {
                                            "value": "fas fa-mobile-alt",
                                            "library": "fa-solid"
                                        },
                                        "link": {
                                            "url": "#",
                                            "is_external": "",
                                            "nofollow": "",
                                            "custom_attributes": ""
                                        },
                                        "_id": "3883eec"
                                    }
                                ],
                                "icon_align": "right",
                                "text_color": "#FFFFFF",
                                "text_indent": {
                                    "unit": "px",
                                    "size": 10,
                                    "sizes": []
                                },
                                "icon_typography_typography": "custom",
                                "icon_typography_font_size": {
                                    "unit": "px",
                                    "size": 13,
                                    "sizes": []
                                },
                                "__globals__": {
                                    "text_color_hover": "globals\/colors?id=8bf8b31",
                                    "icon_color_hover": "globals\/colors?id=8bf8b31",
                                    "text_color": "",
                                    "icon_color": ""
                                },
                                "view": "inline",
                                "divider": "yes",
                                "icon_color": "#FFFFFF",
                                "icon_color_hover": "#FDD82D",
                                "text_color_hover": "#FDD82D"
                            },
                            "elements": [],
                            "isInner": false,
                            "widgetType": "icon-list",
                            "elType": "widget"
                        }
                    ],
                    "isInner": false,
                    "elType": "column"
                },
                {
                    "id": "5a8a154e",
                    "settings": {
                        "_column_size": 33,
                        "_inline_size": 17.716,
                        "content_position": "center",
                        "_inline_size_mobile": 40,
                        "_inline_size_tablet": 30
                    },
                    "elements": [
                        {
                            "id": "6985cfc2",
                            "settings": {
                                "icon_list": [
                                    {
                                        "text": "My Account",
                                        "selected_icon": {
                                            "value": "fas fa-user",
                                            "library": "fa-solid"
                                        },
                                        "_id": "d0c9720",
                                        "link": {
                                            "url": "#",
                                            "is_external": "",
                                            "nofollow": "",
                                            "custom_attributes": ""
                                        }
                                    }
                                ],
                                "icon_align": "right",
                                "text_indent": {
                                    "unit": "px",
                                    "size": 10,
                                    "sizes": []
                                },
                                "icon_typography_typography": "custom",
                                "icon_typography_font_size": {
                                    "unit": "px",
                                    "size": 13,
                                    "sizes": []
                                },
                                "__globals__": {
                                    "text_color_hover": "globals\/colors?id=8bf8b31",
                                    "icon_color_hover": "globals\/colors?id=8bf8b31",
                                    "icon_color": "globals\/colors?id=8bf8b31",
                                    "text_color": "globals\/colors?id=8bf8b31"
                                },
                                "view": "inline",
                                "divider": "yes"
                            },
                            "elements": [],
                            "isInner": false,
                            "widgetType": "icon-list",
                            "elType": "widget"
                        }
                    ],
                    "isInner": false,
                    "elType": "column"
                }
            ],
            "isInner": false,
            "elType": "section"
        },
        {
            "id": "79ebf74a",
            "settings": {
                "content_width": {
                    "unit": "px",
                    "size": 1400,
                    "sizes": []
                },
                "structure": "20",
                "padding": {
                    "unit": "px",
                    "top": "0",
                    "right": "40",
                    "bottom": "0",
                    "left": "40",
                    "isLinked": false
                },
                "padding_mobile": {
                    "unit": "px",
                    "top": "10",
                    "right": "10",
                    "bottom": "10",
                    "left": "10",
                    "isLinked": false
                },
                "z_index": 5,
                "background_background": "classic",
                "background_color": "#FFFFFF",
                "padding_tablet": {
                    "unit": "px",
                    "top": "0",
                    "right": "30",
                    "bottom": "0",
                    "left": "30",
                    "isLinked": false
                }
            },
            "elements": [
                {
                    "id": "6f273c63",
                    "settings": {
                        "_column_size": 50,
                        "_inline_size": 30,
                        "content_position": "center",
                        "_inline_size_mobile": 40,
                        "_inline_size_tablet": 20
                    },
                    "elements": [
                        {
                            "id": "20853ba1",
                            "settings": {
                                "image": {
                                    "url": "https:\/\/bimberonline.com\/extreme\/wp-content\/uploads\/sites\/34\/2019\/08\/extreme-logo.png",
                                    "id": 563
                                },
                                "align": "left",
                                "width": {
                                    "unit": "%",
                                    "size": 40,
                                    "sizes": []
                                },
                                "space": {
                                    "unit": "%",
                                    "size": 100,
                                    "sizes": []
                                },
                                "width_mobile": {
                                    "unit": "%",
                                    "size": 100,
                                    "sizes": []
                                },
                                "space_mobile": {
                                    "unit": "%",
                                    "size": 100,
                                    "sizes": []
                                },
                                "width_tablet": {
                                    "unit": "%",
                                    "size": 100,
                                    "sizes": []
                                },
                                "space_tablet": {
                                    "unit": "%",
                                    "size": 100,
                                    "sizes": []
                                }
                            },
                            "elements": [],
                            "isInner": false,
                            "widgetType": "image",
                            "elType": "widget"
                        }
                    ],
                    "isInner": false,
                    "elType": "column"
                },
                {
                    "id": "480a4840",
                    "settings": {
                        "_column_size": 50,
                        "_inline_size": 70,
                        "content_position": "center",
                        "align": "flex-end",
                        "padding": {
                            "unit": "px",
                            "top": "0",
                            "right": "10",
                            "bottom": "0",
                            "left": "0",
                            "isLinked": false
                        },
                        "_inline_size_mobile": 60,
                        "_inline_size_tablet": 80
                    },
                    "elements": [
                        {
                            "id": "280cf795",
                            "settings": {
                                "menu_typography_typography": "custom",
                                "menu_typography_font_family": "Barlow",
                                "menu_typography_text_transform": "uppercase",
                                "color_menu_item": "#000000",
                                "_margin": {
                                    "unit": "px",
                                    "top": "0",
                                    "right": "20",
                                    "bottom": "0",
                                    "left": "0",
                                    "isLinked": false
                                },
                                "_element_width": "auto",
                                "pointer": "overline",
                                "dropdown": "mobile",
                                "pointer_width": {
                                    "unit": "px",
                                    "size": 2,
                                    "sizes": []
                                },
                                "padding_horizontal_menu_item": {
                                    "unit": "px",
                                    "size": 20,
                                    "sizes": []
                                },
                                "padding_vertical_menu_item": {
                                    "unit": "px",
                                    "size": 35,
                                    "sizes": []
                                },
                                "color_dropdown_item": "#000000",
                                "color_dropdown_item_hover": "#FFFFFF",
                                "background_color_dropdown_item_hover": "#000000",
                                "dropdown_typography_typography": "custom",
                                "dropdown_typography_font_size": {
                                    "unit": "px",
                                    "size": 14,
                                    "sizes": []
                                },
                                "padding_horizontal_dropdown_item": {
                                    "unit": "px",
                                    "size": 10,
                                    "sizes": []
                                },
                                "__globals__": {
                                    "background_color_dropdown_item": "globals\/colors?id=8bf8b31",
                                    "toggle_color": "globals\/colors?id=80ba54b",
                                    "toggle_color_hover": "globals\/colors?id=8bf8b31"
                                },
                                "full_width": "stretch",
                                "dropdown_top_distance_mobile": {
                                    "unit": "px",
                                    "size": 20,
                                    "sizes": []
                                },
                                "toggle_background_color": "#00000000",
                                "toggle_background_color_hover": "#00000000",
                                "toggle_size_mobile": {
                                    "unit": "px",
                                    "size": 28,
                                    "sizes": []
                                },
                                "menu_typography_font_size_tablet": {
                                    "unit": "px",
                                    "size": 14,
                                    "sizes": []
                                },
                                "padding_horizontal_menu_item_tablet": {
                                    "unit": "px",
                                    "size": 10,
                                    "sizes": []
                                },
                                "padding_horizontal_dropdown_item_mobile": {
                                    "unit": "px",
                                    "size": 22,
                                    "sizes": []
                                },
                                "padding_vertical_dropdown_item_mobile": {
                                    "unit": "px",
                                    "size": 20,
                                    "sizes": []
                                },
                                "dropdown_divider_border": "solid",
                                "dropdown_divider_color": "#FFFFFF4A",
                                "dropdown_divider_width": {
                                    "unit": "px",
                                    "size": 1,
                                    "sizes": []
                                },
                                "dropdown_typography_font_family": "Barlow"
                            },
                            "elements": [],
                            "isInner": false,
                            "widgetType": "nav-menu",
                            "elType": "widget"
                        },
                        {
                            "id": "39ee1f26",
                            "settings": {
                                "icon": "bag-medium",
                                "toggle_button_border_width": {
                                    "unit": "px",
                                    "size": 0,
                                    "sizes": []
                                },
                                "toggle_button_border_radius": {
                                    "unit": "px",
                                    "size": 3,
                                    "sizes": []
                                },
                                "_element_width": "auto",
                                "__globals__": {
                                    "view_cart_border_color": "globals\/colors?id=8bf8b31",
                                    "toggle_button_background_color": "globals\/colors?id=8bf8b31",
                                    "toggle_button_border_color": "globals\/colors?id=8bf8b31",
                                    "product_price_color": "globals\/colors?id=c36e472",
                                    "items_indicator_background_color": "",
                                    "_background_color": ""
                                },
                                "toggle_button_text_color": "#454545",
                                "toggle_button_icon_color": "#000000",
                                "toggle_button_hover_text_color": "#FFFFFF",
                                "toggle_button_hover_icon_color": "#FFFFFF",
                                "toggle_button_hover_background_color": "#000000",
                                "toggle_button_hover_border_color": "#000000",
                                "product_title_color": "#000000",
                                "alignment": "right",
                                "toggle_button_background_color": "#FDD82D",
                                "toggle_button_border_color": "#FDD82D",
                                "items_indicator_text_color": "#000000",
                                "items_indicator_background_color": "#FFFFFF",
                                "product_price_color": "#FD5C48",
                                "buttons_layout": "stacked",
                                "view_cart_border_color": "#FDD82D",
                                "_background_background": "classic"
                            },
                            "elements": [],
                            "isInner": false,
                            "widgetType": "woocommerce-menu-cart",
                            "elType": "widget"
                        }
                    ],
                    "isInner": false,
                    "elType": "column"
                }
            ],
            "isInner": false,
            "elType": "section"
        }
    ]
}