{
    "version": "0.4",
    "title": "Login",
    "type": "page",
    "metadata": {
        "template_type": "single-page",
        "include_in_zip": "1",
        "elementor_pro_required": "1",
        "wp_page_template": "elementor_canvas"
    },
    "content": [
        {
            "id": "24a4a0b1",
            "settings": {
                "content_width": {
                    "unit": "px",
                    "size": 1400,
                    "sizes": []
                },
                "height": "full",
                "background_background": "classic",
                "background_color_b": "#FEE561",
                "background_gradient_angle": {
                    "unit": "deg",
                    "size": 90,
                    "sizes": []
                },
                "background_image": {
                    "url": "https:\/\/bimberonline.com\/extreme\/wp-content\/uploads\/sites\/34\/2020\/12\/image-section-63-min.png",
                    "id": 1305
                },
                "background_position": "top right",
                "background_repeat": "no-repeat",
                "background_size": "initial",
                "background_bg_width": {
                    "unit": "vw",
                    "size": 85,
                    "sizes": []
                },
                "background_overlay_position": "center left",
                "background_overlay_size": "contain",
                "background_overlay_opacity": {
                    "unit": "px",
                    "size": 1,
                    "sizes": []
                },
                "padding": {
                    "unit": "px",
                    "top": "0",
                    "right": "30",
                    "bottom": "0",
                    "left": "30",
                    "isLinked": false
                },
                "__globals__": {
                    "background_color": "globals\/colors?id=8bf8b31",
                    "background_color_b": "globals\/colors?id=285bc0e",
                    "background_overlay_color": ""
                },
                "padding_mobile": {
                    "unit": "px",
                    "top": "60",
                    "right": "20",
                    "bottom": "60",
                    "left": "20",
                    "isLinked": false
                }
            },
            "elements": [
                {
                    "id": "512d01ca",
                    "settings": {
                        "_column_size": 100,
                        "_inline_size": null
                    },
                    "elements": [
                        {
                            "id": "59941bb7",
                            "settings": {
                                "image": {
                                    "url": "https:\/\/bimberonline.com\/extreme\/wp-content\/uploads\/sites\/34\/2019\/08\/image-section-12.png",
                                    "id": 518
                                },
                                "width": {
                                    "unit": "vw",
                                    "size": 6,
                                    "sizes": []
                                },
                                "space": {
                                    "unit": "%",
                                    "size": 100,
                                    "sizes": []
                                },
                                "_element_width": "auto",
                                "_position": "absolute",
                                "_offset_orientation_h": "end",
                                "_offset_x_end_mobile": {
                                    "size": -7.2,
                                    "unit": "px"
                                },
                                "_offset_y_mobile": {
                                    "size": -7,
                                    "unit": "px"
                                }
                            },
                            "elements": [],
                            "isInner": false,
                            "widgetType": "image",
                            "elType": "widget"
                        },
                        {
                            "id": "636672bd",
                            "settings": {
                                "layout": "full_width",
                                "content_width": {
                                    "unit": "px",
                                    "size": 1400,
                                    "sizes": []
                                },
                                "structure": "20",
                                "padding": {
                                    "unit": "px",
                                    "top": "0",
                                    "right": "30",
                                    "bottom": "0",
                                    "left": "30",
                                    "isLinked": false
                                },
                                "padding_mobile": {
                                    "unit": "px",
                                    "top": "0",
                                    "right": "0",
                                    "bottom": "0",
                                    "left": "0",
                                    "isLinked": false
                                }
                            },
                            "elements": [
                                {
                                    "id": "5c0aaf80",
                                    "settings": {
                                        "_column_size": 50,
                                        "_inline_size": null,
                                        "_inline_size_tablet": 100,
                                        "background_background": "classic",
                                        "background_color": "#FFFFFF",
                                        "border_radius": {
                                            "unit": "px",
                                            "top": "5",
                                            "right": "5",
                                            "bottom": "5",
                                            "left": "5",
                                            "isLinked": true
                                        },
                                        "padding": {
                                            "unit": "px",
                                            "top": "50",
                                            "right": "50",
                                            "bottom": "50",
                                            "left": "50",
                                            "isLinked": true
                                        },
                                        "padding_mobile": {
                                            "unit": "px",
                                            "top": "50",
                                            "right": "30",
                                            "bottom": "50",
                                            "left": "30",
                                            "isLinked": false
                                        }
                                    },
                                    "elements": [
                                        {
                                            "id": "62e14bdf",
                                            "settings": {
                                                "title": "Login to",
                                                "header_size": "h4",
                                                "_margin": {
                                                    "unit": "px",
                                                    "top": "0",
                                                    "right": "10",
                                                    "bottom": "30",
                                                    "left": "0",
                                                    "isLinked": false
                                                },
                                                "_element_width": "auto"
                                            },
                                            "elements": [],
                                            "isInner": false,
                                            "widgetType": "heading",
                                            "elType": "widget"
                                        },
                                        {
                                            "id": "16149b58",
                                            "settings": {
                                                "title": "Extreme",
                                                "header_size": "h4",
                                                "_margin": {
                                                    "unit": "px",
                                                    "top": "0",
                                                    "right": "0",
                                                    "bottom": "30",
                                                    "left": "0",
                                                    "isLinked": false
                                                },
                                                "_element_width": "auto",
                                                "__globals__": {
                                                    "title_color": "globals\/colors?id=8bf8b31"
                                                }
                                            },
                                            "elements": [],
                                            "isInner": false,
                                            "widgetType": "heading",
                                            "elType": "widget"
                                        },
                                        {
                                            "id": "7f496f64",
                                            "settings": {
                                                "input_size": "lg",
                                                "button_text": "Log In",
                                                "user_label": "Username or Email Address",
                                                "user_placeholder": "Username or Email Address",
                                                "password_label": "Password",
                                                "password_placeholder": "Password",
                                                "row_gap": {
                                                    "unit": "px",
                                                    "size": 20,
                                                    "sizes": []
                                                },
                                                "label_spacing": {
                                                    "unit": "px",
                                                    "size": 15,
                                                    "sizes": []
                                                },
                                                "field_border_color": "#CDCDCD",
                                                "field_border_width": {
                                                    "unit": "px",
                                                    "top": "1",
                                                    "right": "1",
                                                    "bottom": "1",
                                                    "left": "1",
                                                    "isLinked": true
                                                },
                                                "message_color": "#000000",
                                                "message_typography_typography": "custom",
                                                "message_typography_font_size": {
                                                    "unit": "px",
                                                    "size": 14,
                                                    "sizes": []
                                                }
                                            },
                                            "elements": [],
                                            "isInner": false,
                                            "widgetType": "login",
                                            "elType": "widget"
                                        }
                                    ],
                                    "isInner": true,
                                    "elType": "column"
                                },
                                {
                                    "id": "1c4e4044",
                                    "settings": {
                                        "_column_size": 50,
                                        "_inline_size": null,
                                        "_inline_size_tablet": 100
                                    },
                                    "elements": [],
                                    "isInner": true,
                                    "elType": "column"
                                }
                            ],
                            "isInner": true,
                            "elType": "section"
                        },
                        {
                            "id": "207822ba",
                            "settings": {
                                "image": {
                                    "url": "https:\/\/bimberonline.com\/extreme\/wp-content\/uploads\/sites\/34\/2019\/08\/image-section-10.png",
                                    "id": 504
                                },
                                "width": {
                                    "unit": "vw",
                                    "size": 10,
                                    "sizes": []
                                },
                                "space": {
                                    "unit": "%",
                                    "size": 100,
                                    "sizes": []
                                },
                                "_element_width": "auto",
                                "_position": "absolute",
                                "_offset_orientation_h": "end",
                                "_offset_x_end": {
                                    "size": 20.046,
                                    "unit": "vw"
                                },
                                "_offset_orientation_v": "end",
                                "_offset_y": {
                                    "unit": "vh",
                                    "size": 0,
                                    "sizes": []
                                },
                                "_offset_y_end": {
                                    "size": -0.647,
                                    "unit": "vh"
                                },
                                "_offset_x_end_none": {
                                    "size": 160.162
                                },
                                "_offset_y_end_none": {
                                    "size": 2.775
                                }
                            },
                            "elements": [],
                            "isInner": false,
                            "widgetType": "image",
                            "elType": "widget"
                        },
                        {
                            "id": "1603113c",
                            "settings": {
                                "image": {
                                    "url": "https:\/\/bimberonline.com\/extreme\/wp-content\/uploads\/sites\/34\/2019\/08\/image-section-14.png",
                                    "id": 520
                                },
                                "width": {
                                    "unit": "vw",
                                    "size": 3,
                                    "sizes": []
                                },
                                "space": {
                                    "unit": "%",
                                    "size": 100,
                                    "sizes": []
                                },
                                "_element_width": "auto",
                                "_position": "absolute",
                                "_offset_orientation_h": "end",
                                "_offset_x_end": {
                                    "unit": "vw",
                                    "size": 39,
                                    "sizes": []
                                },
                                "_offset_y": {
                                    "unit": "vh",
                                    "size": 7,
                                    "sizes": []
                                },
                                "_offset_x_end_mobile": {
                                    "size": 256,
                                    "unit": "px"
                                },
                                "_offset_y_mobile": {
                                    "size": -43.2,
                                    "unit": "px"
                                }
                            },
                            "elements": [],
                            "isInner": false,
                            "widgetType": "image",
                            "elType": "widget"
                        }
                    ],
                    "isInner": false,
                    "elType": "column"
                }
            ],
            "isInner": false,
            "elType": "section"
        }
    ]
}