{
    "version": "0.4",
    "title": "Single Product",
    "type": "product",
    "metadata": {
        "template_type": "single-product",
        "include_in_zip": "1",
        "elementor_pro_required": "1",
        "elementor_library_type": "product",
        "elementor_pro_conditions": [
            "include\/product"
        ],
        "additional_template_information": [
            "This is a \"Product\" template for Elementor Pro.",
            "This template will display on: Products."
        ],
        "wp_page_template": "default"
    },
    "content": [
        {
            "id": "3d54dd65",
            "settings": {
                "height": "min-height",
                "custom_height": {
                    "unit": "px",
                    "size": 300,
                    "sizes": []
                },
                "background_background": "classic",
                "background_position": "bottom center",
                "background_repeat": "no-repeat",
                "background_size": "cover",
                "background_overlay_background": "classic",
                "background_overlay_image": {
                    "url": "https:\/\/bimberonline.com\/extreme\/wp-content\/uploads\/sites\/34\/2019\/09\/image-section-24-min.jpg",
                    "id": 644
                },
                "background_overlay_position": "bottom center",
                "background_overlay_repeat": "no-repeat",
                "background_overlay_size": "cover",
                "background_overlay_opacity": {
                    "unit": "px",
                    "size": 0.1,
                    "sizes": []
                },
                "__globals__": {
                    "background_color": "globals\/colors?id=80ba54b"
                },
                "padding_mobile": {
                    "unit": "px",
                    "top": "0",
                    "right": "20",
                    "bottom": "0",
                    "left": "20",
                    "isLinked": false
                }
            },
            "elements": [
                {
                    "id": "1f03ff29",
                    "settings": {
                        "_column_size": 100,
                        "_inline_size": null,
                        "margin": {
                            "unit": "px",
                            "top": "20",
                            "right": "0",
                            "bottom": "0",
                            "left": "0",
                            "isLinked": false
                        },
                        "padding_mobile": {
                            "unit": "px",
                            "top": "0",
                            "right": "0",
                            "bottom": "0",
                            "left": "0",
                            "isLinked": false
                        }
                    },
                    "elements": [
                        {
                            "id": "65f230b2",
                            "settings": {
                                "image": {
                                    "url": "https:\/\/bimberonline.com\/extreme\/wp-content\/uploads\/sites\/34\/2019\/08\/image-section-14.png",
                                    "id": 520
                                },
                                "width": {
                                    "unit": "vw",
                                    "size": 2,
                                    "sizes": []
                                },
                                "space": {
                                    "unit": "%",
                                    "size": 100,
                                    "sizes": []
                                },
                                "_element_width": "auto",
                                "_position": "absolute",
                                "_offset_orientation_h": "end",
                                "_offset_x_end": {
                                    "unit": "vw",
                                    "size": 23,
                                    "sizes": []
                                },
                                "_offset_y": {
                                    "unit": "vh",
                                    "size": -10,
                                    "sizes": []
                                },
                                "_offset_x_end_tablet": {
                                    "unit": "vw",
                                    "size": 17,
                                    "sizes": []
                                },
                                "_offset_y_tablet": {
                                    "unit": "vh",
                                    "size": -5,
                                    "sizes": []
                                }
                            },
                            "elements": [],
                            "isInner": false,
                            "widgetType": "image",
                            "elType": "widget"
                        },
                        {
                            "id": "42a55403",
                            "settings": {
                                "image": {
                                    "url": "https:\/\/bimberonline.com\/extreme\/wp-content\/uploads\/sites\/34\/2019\/08\/image-section-10.png",
                                    "id": 504
                                },
                                "width": {
                                    "unit": "vw",
                                    "size": 7,
                                    "sizes": []
                                },
                                "space": {
                                    "unit": "%",
                                    "size": 100,
                                    "sizes": []
                                },
                                "_element_width": "auto",
                                "_position": "absolute",
                                "_offset_x": {
                                    "unit": "vw",
                                    "size": -2,
                                    "sizes": []
                                },
                                "_offset_y": {
                                    "unit": "vh",
                                    "size": -20,
                                    "sizes": []
                                },
                                "_offset_x_tablet": {
                                    "unit": "vw",
                                    "size": 0,
                                    "sizes": []
                                },
                                "_offset_y_tablet": {
                                    "unit": "px",
                                    "size": -100,
                                    "sizes": []
                                }
                            },
                            "elements": [],
                            "isInner": false,
                            "widgetType": "image",
                            "elType": "widget"
                        },
                        {
                            "id": "4c7a731",
                            "settings": {
                                "__dynamic__": {
                                    "title": "[elementor-tag id=\"\" name=\"woocommerce-product-title-tag\" settings=\"%7B%22before%22%3A%22%22%2C%22after%22%3A%22%22%2C%22fallback%22%3A%22%22%7D\"]"
                                },
                                "title": "Add Your Heading Text Here",
                                "align": "center",
                                "__globals__": {
                                    "title_color": "globals\/colors?id=8bf8b31"
                                }
                            },
                            "elements": [],
                            "isInner": false,
                            "widgetType": "woocommerce-product-title",
                            "elType": "widget"
                        },
                        {
                            "id": "7a15a655",
                            "settings": {
                                "alignment": "center",
                                "text_color": "#FFFFFF",
                                "link_color": "#FFFFFF"
                            },
                            "elements": [],
                            "isInner": false,
                            "widgetType": "woocommerce-breadcrumb",
                            "elType": "widget"
                        },
                        {
                            "id": "18175cf6",
                            "settings": {
                                "image": {
                                    "url": "https:\/\/bimberonline.com\/extreme\/wp-content\/uploads\/sites\/34\/2019\/08\/image-section-21-min.png",
                                    "id": 540
                                },
                                "width": {
                                    "unit": "vw",
                                    "size": 3,
                                    "sizes": []
                                },
                                "space": {
                                    "unit": "%",
                                    "size": 100,
                                    "sizes": []
                                },
                                "_element_width": "auto",
                                "_position": "absolute",
                                "_offset_orientation_h": "end",
                                "_offset_x": {
                                    "unit": "vw",
                                    "size": "",
                                    "sizes": []
                                },
                                "_offset_x_end": {
                                    "unit": "vw",
                                    "size": 0,
                                    "sizes": []
                                },
                                "_offset_orientation_v": "end",
                                "_offset_y": {
                                    "unit": "vh",
                                    "size": "",
                                    "sizes": []
                                },
                                "_offset_y_end": {
                                    "unit": "vh",
                                    "size": -12,
                                    "sizes": []
                                },
                                "_offset_x_end_tablet": {
                                    "unit": "vw",
                                    "size": 4,
                                    "sizes": []
                                },
                                "_offset_y_end_tablet": {
                                    "unit": "vh",
                                    "size": 0,
                                    "sizes": []
                                }
                            },
                            "elements": [],
                            "isInner": false,
                            "widgetType": "image",
                            "elType": "widget"
                        },
                        {
                            "id": "52219996",
                            "settings": {
                                "image": {
                                    "url": "https:\/\/bimberonline.com\/extreme\/wp-content\/uploads\/sites\/34\/2019\/08\/image-section-18-min.png",
                                    "id": 534
                                },
                                "width": {
                                    "unit": "vw",
                                    "size": 15,
                                    "sizes": []
                                },
                                "space": {
                                    "unit": "%",
                                    "size": 100,
                                    "sizes": []
                                },
                                "_element_width": "auto",
                                "_position": "absolute",
                                "_offset_x": {
                                    "size": -8.578,
                                    "unit": "vw"
                                },
                                "_offset_y": {
                                    "size": 10.005,
                                    "unit": "vh"
                                }
                            },
                            "elements": [],
                            "isInner": false,
                            "widgetType": "image",
                            "elType": "widget"
                        }
                    ],
                    "isInner": false,
                    "elType": "column"
                }
            ],
            "isInner": false,
            "elType": "section"
        },
        {
            "id": "7ec31710",
            "settings": {
                "custom_height": {
                    "unit": "vh",
                    "size": 90
                },
                "structure": "20",
                "margin": {
                    "unit": "px",
                    "top": "",
                    "right": 0,
                    "bottom": "",
                    "left": 0,
                    "isLinked": true
                },
                "margin_tablet": {
                    "unit": "px",
                    "top": "0",
                    "right": 0,
                    "bottom": "0",
                    "left": 0,
                    "isLinked": false
                },
                "_timestamp_": "v1dFQ4dXJJcS9HSStZWmQ5blc0WVJIUT09",
                "background_background": "classic",
                "background_color": "#FFFFFF",
                "padding": {
                    "unit": "px",
                    "top": "100",
                    "right": "30",
                    "bottom": "100",
                    "left": "30",
                    "isLinked": false
                },
                "z_index": 1,
                "content_width": {
                    "unit": "px",
                    "size": 1400,
                    "sizes": []
                }
            },
            "elements": [
                {
                    "id": "3aba18da",
                    "settings": {
                        "_column_size": 50,
                        "_inline_size": null,
                        "background_background": "classic",
                        "margin_mobile": {
                            "unit": "px",
                            "top": "0",
                            "right": "0",
                            "bottom": "0",
                            "left": "0",
                            "isLinked": false
                        },
                        "padding_mobile": {
                            "unit": "px",
                            "top": "0",
                            "right": "0",
                            "bottom": "0",
                            "left": "0",
                            "isLinked": false
                        },
                        "padding_tablet": {
                            "unit": "px",
                            "top": "30",
                            "right": "30",
                            "bottom": "30",
                            "left": "30",
                            "isLinked": true
                        }
                    },
                    "elements": [
                        {
                            "id": "70c0e697",
                            "settings": {
                                "image_border_width": {
                                    "unit": "px",
                                    "top": "1",
                                    "right": "1",
                                    "bottom": "1",
                                    "left": "1",
                                    "isLinked": true
                                },
                                "image_border_color": "#000000"
                            },
                            "elements": [],
                            "isInner": false,
                            "widgetType": "woocommerce-product-images",
                            "elType": "widget"
                        }
                    ],
                    "isInner": false,
                    "elType": "column"
                },
                {
                    "id": "41e059bd",
                    "settings": {
                        "_column_size": 50,
                        "_inline_size": null,
                        "padding": {
                            "unit": "px",
                            "top": "70",
                            "right": "70",
                            "bottom": "70",
                            "left": "70",
                            "isLinked": true
                        },
                        "padding_tablet": {
                            "unit": "px",
                            "top": "30",
                            "right": "30",
                            "bottom": "30",
                            "left": "30",
                            "isLinked": true
                        },
                        "padding_mobile": {
                            "unit": "px",
                            "top": "0",
                            "right": "0",
                            "bottom": "0",
                            "left": "0",
                            "isLinked": false
                        }
                    },
                    "elements": [
                        {
                            "id": "778405e3",
                            "settings": {
                                "title": "Price:",
                                "header_size": "h6"
                            },
                            "elements": [],
                            "isInner": false,
                            "widgetType": "heading",
                            "elType": "widget"
                        },
                        {
                            "id": "146e93cc",
                            "settings": {
                                "typography_typography": "custom",
                                "typography_font_weight": "600",
                                "typography_font_size": {
                                    "unit": "px",
                                    "size": 40,
                                    "sizes": []
                                },
                                "__globals__": {
                                    "price_color": "globals\/colors?id=c36e472"
                                }
                            },
                            "elements": [],
                            "isInner": false,
                            "widgetType": "woocommerce-product-price",
                            "elType": "widget"
                        },
                        {
                            "id": "2b28f71f",
                            "settings": {
                                "__globals__": {
                                    "empty_star_color": "globals\/colors?id=3625d8a",
                                    "star_color": "globals\/colors?id=8bf8b31"
                                }
                            },
                            "elements": [],
                            "isInner": false,
                            "widgetType": "woocommerce-product-rating",
                            "elType": "widget"
                        },
                        {
                            "id": "a3a5702",
                            "settings": [],
                            "elements": [],
                            "isInner": false,
                            "widgetType": "woocommerce-product-short-description",
                            "elType": "widget"
                        },
                        {
                            "id": "30ffff4",
                            "settings": {
                                "space_between": {
                                    "unit": "px",
                                    "size": 20,
                                    "sizes": []
                                }
                            },
                            "elements": [],
                            "isInner": false,
                            "widgetType": "woocommerce-product-meta",
                            "elType": "widget"
                        },
                        {
                            "id": "48d7c3fe",
                            "settings": {
                                "button_align": "center",
                                "button_text_color": "#000000",
                                "button_text_color_hover": "#FFFFFF",
                                "button_bg_color_hover": "#000000",
                                "__globals__": {
                                    "button_bg_color": "globals\/colors?id=8bf8b31"
                                },
                                "button_border_border": "solid",
                                "button_border_width": {
                                    "unit": "px",
                                    "top": "0",
                                    "right": "0",
                                    "bottom": "0",
                                    "left": "0",
                                    "isLinked": true
                                },
                                "button_border_radius": {
                                    "unit": "px",
                                    "top": "3",
                                    "right": "3",
                                    "bottom": "3",
                                    "left": "3",
                                    "isLinked": true
                                },
                                "button_border_color": "#FFFFFF00",
                                "quantity_padding": {
                                    "unit": "px",
                                    "top": "10",
                                    "right": "10",
                                    "bottom": "0",
                                    "left": "0",
                                    "isLinked": false
                                },
                                "_padding": {
                                    "unit": "px",
                                    "top": "10",
                                    "right": "10",
                                    "bottom": "10",
                                    "left": "20",
                                    "isLinked": false
                                },
                                "_background_background": "classic",
                                "_background_color": "#EDEDED",
                                "alignment": "left",
                                "button_border_color_hover": "#00000000"
                            },
                            "elements": [],
                            "isInner": false,
                            "widgetType": "woocommerce-product-add-to-cart",
                            "elType": "widget"
                        }
                    ],
                    "isInner": false,
                    "elType": "column"
                }
            ],
            "isInner": false,
            "elType": "section"
        },
        {
            "id": "30b1e647",
            "settings": {
                "gap": "wide",
                "margin_tablet": {
                    "unit": "px",
                    "top": "0",
                    "right": 0,
                    "bottom": "0",
                    "left": 0,
                    "isLinked": false
                },
                "padding_tablet": {
                    "unit": "px",
                    "top": "60",
                    "right": "0",
                    "bottom": "60",
                    "left": "0",
                    "isLinked": false
                },
                "reverse_order_mobile": "reverse-mobile",
                "_timestamp_": "v1dFQ4dXJJcS9HSStZWmQ5blc0WVJIUT09",
                "background_background": "classic",
                "padding": {
                    "unit": "px",
                    "top": "100",
                    "right": "0",
                    "bottom": "100",
                    "left": "0",
                    "isLinked": false
                },
                "__globals__": {
                    "background_color": "globals\/colors?id=3625d8a"
                },
                "content_width": {
                    "unit": "px",
                    "size": 1200,
                    "sizes": []
                }
            },
            "elements": [
                {
                    "id": "5160c9ed",
                    "settings": {
                        "_column_size": 100,
                        "_inline_size": null,
                        "padding_mobile": {
                            "unit": "px",
                            "top": "20",
                            "right": "20",
                            "bottom": "20",
                            "left": "20",
                            "isLinked": true
                        }
                    },
                    "elements": [
                        {
                            "id": "1ecb2c42",
                            "settings": {
                                "tab_typography_typography": "custom",
                                "content_heading_typography_typography": "custom",
                                "content_heading_typography_font_size": {
                                    "unit": "px",
                                    "size": 20,
                                    "sizes": []
                                },
                                "tab_text_color": "#000000",
                                "__globals__": {
                                    "tab_bg_color": "globals\/colors?id=8bf8b31",
                                    "tabs_border_color": "globals\/colors?id=8bf8b31"
                                },
                                "tab_bg_color": "#FDD82D",
                                "tab_border_radius": {
                                    "unit": "px",
                                    "size": 3,
                                    "sizes": []
                                }
                            },
                            "elements": [],
                            "isInner": false,
                            "widgetType": "woocommerce-product-data-tabs",
                            "elType": "widget"
                        }
                    ],
                    "isInner": false,
                    "elType": "column"
                }
            ],
            "isInner": false,
            "elType": "section"
        },
        {
            "id": "3a0b83af",
            "settings": {
                "padding": {
                    "unit": "px",
                    "top": "100",
                    "right": "30",
                    "bottom": "100",
                    "left": "30",
                    "isLinked": false
                },
                "padding_tablet": {
                    "unit": "px",
                    "top": "60",
                    "right": "30",
                    "bottom": "60",
                    "left": "30",
                    "isLinked": false
                },
                "content_width": {
                    "unit": "px",
                    "size": 1400,
                    "sizes": []
                }
            },
            "elements": [
                {
                    "id": "4d64f687",
                    "settings": {
                        "_column_size": 100,
                        "_inline_size": null
                    },
                    "elements": [
                        {
                            "id": "34383d7b",
                            "settings": {
                                "posts_per_page": 3,
                                "columns": 3,
                                "align": "left",
                                "heading_color": "#000000",
                                "heading_typography_typography": "custom",
                                "heading_typography_font_family": "Montserrat",
                                "heading_typography_font_size": {
                                    "unit": "px",
                                    "size": 32
                                },
                                "heading_typography_font_weight": "800",
                                "image_border_width": {
                                    "unit": "px",
                                    "top": "1",
                                    "right": "1",
                                    "bottom": "1",
                                    "left": "1",
                                    "isLinked": true
                                },
                                "image_border_color": "#ffffff",
                                "title_color": "#000000",
                                "old_price_color": "#898989",
                                "button_border_border": "solid",
                                "button_border_width": {
                                    "unit": "px",
                                    "top": "0",
                                    "right": "0",
                                    "bottom": "0",
                                    "left": "0",
                                    "isLinked": true
                                },
                                "button_border_radius": {
                                    "unit": "px",
                                    "top": "0",
                                    "right": "0",
                                    "bottom": "0",
                                    "left": "0",
                                    "isLinked": true
                                },
                                "button_spacing": {
                                    "unit": "px",
                                    "size": 25
                                },
                                "box_border_radius": {
                                    "unit": "px",
                                    "size": 0
                                },
                                "heading_typography_text_transform": "capitalize",
                                "title_typography_typography": "custom",
                                "title_typography_font_family": "Montserrat",
                                "price_typography_typography": "custom",
                                "price_typography_font_family": "Barlow",
                                "button_border_color": "#bababa",
                                "heading_text_align": "left",
                                "button_typography_typography": "custom",
                                "button_typography_font_family": "Barlow",
                                "title_typography_font_size": {
                                    "unit": "px",
                                    "size": 18,
                                    "sizes": []
                                },
                                "price_typography_font_size": {
                                    "unit": "px",
                                    "size": 24,
                                    "sizes": []
                                },
                                "old_price_typography_typography": "custom",
                                "old_price_typography_font_family": "Barlow",
                                "button_typography_font_size": {
                                    "unit": "px",
                                    "size": 14,
                                    "sizes": []
                                },
                                "button_typography_text_transform": "uppercase",
                                "button_hover_color": "#FFFFFF",
                                "button_hover_background_color": "#000000",
                                "onsale_text_color": "#FFFFFF",
                                "__globals__": {
                                    "price_color": "globals\/colors?id=c36e472",
                                    "button_background_color": "globals\/colors?id=8bf8b31",
                                    "star_color": "globals\/colors?id=8bf8b31",
                                    "empty_star_color": "globals\/colors?id=3625d8a",
                                    "onsale_text_background_color": "globals\/colors?id=c36e472"
                                },
                                "columns_mobile": 1,
                                "heading_spacing_mobile": {
                                    "unit": "px",
                                    "size": 30,
                                    "sizes": []
                                },
                                "heading_spacing_tablet": {
                                    "unit": "px",
                                    "size": 40,
                                    "sizes": []
                                }
                            },
                            "elements": [],
                            "isInner": false,
                            "widgetType": "woocommerce-product-related",
                            "elType": "widget"
                        },
                        {
                            "id": "168ad862",
                            "settings": {
                                "columns": 3,
                                "align": "left",
                                "heading_color": "#000000",
                                "heading_typography_typography": "custom",
                                "heading_typography_font_size": {
                                    "unit": "px",
                                    "size": 20
                                },
                                "image_border_width": {
                                    "unit": "px",
                                    "top": "1",
                                    "right": "1",
                                    "bottom": "1",
                                    "left": "1",
                                    "isLinked": true
                                },
                                "image_border_color": "#ffffff",
                                "title_color": "#000000",
                                "price_color": "#FD5C48",
                                "old_price_color": "#898989",
                                "button_border_border": "solid",
                                "button_border_width": {
                                    "unit": "px",
                                    "top": "1",
                                    "right": "1",
                                    "bottom": "1",
                                    "left": "1",
                                    "isLinked": true
                                },
                                "button_border_radius": {
                                    "unit": "px",
                                    "top": "0",
                                    "right": "0",
                                    "bottom": "0",
                                    "left": "0",
                                    "isLinked": true
                                },
                                "button_spacing": {
                                    "unit": "px",
                                    "size": 25
                                },
                                "box_border_radius": {
                                    "unit": "px",
                                    "size": 0
                                },
                                "heading_typography_text_transform": "capitalize",
                                "title_typography_typography": "custom",
                                "price_typography_typography": "custom",
                                "button_background_color": "#FDD82D",
                                "button_border_color": "#FDD82D",
                                "_margin": {
                                    "unit": "px",
                                    "top": "60",
                                    "right": "0",
                                    "bottom": "0",
                                    "left": "0",
                                    "isLinked": false
                                },
                                "heading_text_align": "left",
                                "button_typography_typography": "custom",
                                "price_typography_font_size": {
                                    "unit": "px",
                                    "size": 24,
                                    "sizes": []
                                },
                                "price_typography_font_weight": "700",
                                "button_text_color": "#000000",
                                "button_typography_font_size": {
                                    "unit": "px",
                                    "size": 16,
                                    "sizes": []
                                },
                                "button_hover_color": "#FFFFFF",
                                "button_hover_background_color": "#000000",
                                "button_hover_border_color": "#000000",
                                "__globals__": {
                                    "price_color": "globals\/colors?id=c36e472",
                                    "button_background_color": "globals\/colors?id=8bf8b31",
                                    "button_border_color": "globals\/colors?id=8bf8b31",
                                    "button_hover_background_color": ""
                                },
                                "_padding_tablet": {
                                    "unit": "px",
                                    "top": "60",
                                    "right": "0",
                                    "bottom": "0",
                                    "left": "0",
                                    "isLinked": false
                                }
                            },
                            "elements": [],
                            "isInner": false,
                            "widgetType": "woocommerce-product-upsell",
                            "elType": "widget"
                        }
                    ],
                    "isInner": false,
                    "elType": "column"
                }
            ],
            "isInner": false,
            "elType": "section"
        }
    ]
}