{
    "version": "0.4",
    "title": "Contact",
    "type": "page",
    "metadata": {
        "template_type": "single-page",
        "include_in_zip": "1",
        "elementor_pro_required": "1",
        "wp_page_template": "default"
    },
    "content": [
        {
            "id": "3dc63311",
            "settings": {
                "background_background": "classic",
                "border_border": "solid",
                "border_width": {
                    "unit": "px",
                    "top": "0",
                    "right": "48",
                    "bottom": "0",
                    "left": "48",
                    "isLinked": ""
                },
                "border_color": "#FFFFFF",
                "padding": {
                    "unit": "px",
                    "top": "48",
                    "right": "0",
                    "bottom": "48",
                    "left": "0",
                    "isLinked": ""
                },
                "gap": "wider",
                "border_width_tablet": {
                    "unit": "px",
                    "top": "0",
                    "right": "0",
                    "bottom": "0",
                    "left": "0",
                    "isLinked": "1"
                },
                "padding_tablet": {
                    "unit": "px",
                    "top": "0",
                    "right": "0",
                    "bottom": "0",
                    "left": "0",
                    "isLinked": ""
                },
                "__globals__": {
                    "background_color": "globals\/colors?id=primary"
                },
                "overflow": "hidden",
                "padding_mobile": {
                    "unit": "px",
                    "top": "48",
                    "right": "0",
                    "bottom": "0",
                    "left": "0",
                    "isLinked": ""
                },
                "height": "min-height",
                "custom_height": {
                    "unit": "px",
                    "size": "200",
                    "sizes": []
                },
                "structure": "20",
                "background_image": {
                    "url": "https:\/\/kit.detheme.com\/chaperone\/wp-content\/uploads\/sites\/29\/2020\/11\/33-7HTVZE-1.png",
                    "id": "305"
                },
                "background_position": "initial",
                "background_xpos": {
                    "unit": "%",
                    "size": "-2",
                    "sizes": []
                },
                "background_ypos": {
                    "unit": "%",
                    "size": "8",
                    "sizes": []
                },
                "background_repeat": "no-repeat",
                "background_size": "initial",
                "background_bg_width": {
                    "unit": "px",
                    "size": "849",
                    "sizes": []
                }
            },
            "elements": [
                {
                    "id": "4923e18",
                    "settings": {
                        "_column_size": "50",
                        "_inline_size": "76.421",
                        "content_position": "center",
                        "padding_mobile": {
                            "unit": "px",
                            "top": "0",
                            "right": "30",
                            "bottom": "0",
                            "left": "30",
                            "isLinked": ""
                        }
                    },
                    "elements": [
                        {
                            "id": "2972cf85",
                            "settings": {
                                "title": "Contact",
                                "header_size": "h1",
                                "__globals__": {
                                    "title_color": "globals\/colors?id=ec25634"
                                },
                                "align_mobile": "center"
                            },
                            "elements": [],
                            "isInner": false,
                            "widgetType": "heading",
                            "elType": "widget"
                        }
                    ],
                    "isInner": "",
                    "elType": "column"
                },
                {
                    "id": "702b2aaf",
                    "settings": {
                        "_column_size": "50",
                        "_inline_size": "23.502",
                        "content_position": "center",
                        "padding_mobile": {
                            "unit": "px",
                            "top": "0",
                            "right": "30",
                            "bottom": "48",
                            "left": "30",
                            "isLinked": ""
                        }
                    },
                    "elements": [
                        {
                            "id": "72e8f66d",
                            "settings": {
                                "title": "Vivamus sagittis lacus vel augue laoreet rutrum faucibus dolor ",
                                "header_size": "div",
                                "__globals__": {
                                    "typography_typography": "globals\/typography?id=primary",
                                    "title_color": "globals\/colors?id=8fa36e4"
                                },
                                "align_mobile": "center"
                            },
                            "elements": [],
                            "isInner": false,
                            "widgetType": "heading",
                            "elType": "widget"
                        }
                    ],
                    "isInner": "",
                    "elType": "column"
                }
            ],
            "isInner": "",
            "elType": "section"
        },
        {
            "id": "7ff33b4f",
            "settings": {
                "gap": "wider",
                "margin_tablet": {
                    "unit": "px",
                    "top": "0",
                    "right": "0",
                    "bottom": "0",
                    "left": "0",
                    "isLinked": ""
                },
                "padding_tablet": {
                    "unit": "px",
                    "top": "0",
                    "right": "0",
                    "bottom": "0",
                    "left": "0",
                    "isLinked": ""
                },
                "padding": {
                    "unit": "px",
                    "top": "96",
                    "right": "0",
                    "bottom": "96",
                    "left": "0",
                    "isLinked": ""
                }
            },
            "elements": [
                {
                    "id": "14ef1849",
                    "settings": {
                        "_column_size": "100",
                        "padding": {
                            "unit": "px",
                            "top": "0",
                            "right": "0",
                            "bottom": "0",
                            "left": "0",
                            "isLinked": ""
                        },
                        "padding_tablet": {
                            "unit": "px",
                            "top": "0",
                            "right": "0",
                            "bottom": "0",
                            "left": "0",
                            "isLinked": ""
                        }
                    },
                    "elements": [
                        {
                            "id": "c65853a",
                            "settings": {
                                "height_inner": "min-height",
                                "custom_height_inner": {
                                    "unit": "px",
                                    "size": "200",
                                    "sizes": []
                                },
                                "background_background": "classic",
                                "background_position": "initial",
                                "background_xpos": {
                                    "unit": "%",
                                    "size": "100",
                                    "sizes": []
                                },
                                "background_ypos": {
                                    "unit": "%",
                                    "size": "61",
                                    "sizes": []
                                },
                                "background_size": "cover",
                                "margin": {
                                    "unit": "px",
                                    "top": "0",
                                    "right": "0",
                                    "bottom": "0",
                                    "left": "0",
                                    "isLinked": ""
                                },
                                "padding": {
                                    "unit": "px",
                                    "top": "0",
                                    "right": "0",
                                    "bottom": "0",
                                    "left": "0",
                                    "isLinked": ""
                                },
                                "custom_height_inner_mobile": {
                                    "unit": "px",
                                    "size": "150",
                                    "sizes": []
                                },
                                "background_position_tablet": "center center",
                                "background_repeat_tablet": "no-repeat",
                                "background_repeat": "no-repeat",
                                "background_bg_width": {
                                    "unit": "px",
                                    "size": "1434",
                                    "sizes": []
                                },
                                "gap": "wider",
                                "structure": "20"
                            },
                            "elements": [
                                {
                                    "id": "160a3e44",
                                    "settings": {
                                        "_column_size": "50",
                                        "padding": {
                                            "unit": "px",
                                            "top": "0",
                                            "right": "30",
                                            "bottom": "0",
                                            "left": "30",
                                            "isLinked": ""
                                        },
                                        "padding_tablet": {
                                            "unit": "px",
                                            "top": "30",
                                            "right": "30",
                                            "bottom": "30",
                                            "left": "0",
                                            "isLinked": ""
                                        },
                                        "padding_mobile": {
                                            "unit": "px",
                                            "top": "0",
                                            "right": "0",
                                            "bottom": "0",
                                            "left": "0",
                                            "isLinked": ""
                                        }
                                    },
                                    "elements": [
                                        {
                                            "id": "1b33b91",
                                            "settings": {
                                                "address": "London Eye, London, United Kingdom",
                                                "zoom": {
                                                    "unit": "px",
                                                    "size": "14",
                                                    "sizes": []
                                                },
                                                "height": {
                                                    "unit": "px",
                                                    "size": "718",
                                                    "sizes": []
                                                },
                                                "css_filters_css_filter": "custom",
                                                "css_filters_saturate": {
                                                    "unit": "px",
                                                    "size": "39",
                                                    "sizes": []
                                                },
                                                "css_filters_hue": {
                                                    "unit": "px",
                                                    "size": "145",
                                                    "sizes": []
                                                }
                                            },
                                            "elements": [],
                                            "isInner": false,
                                            "widgetType": "google_maps",
                                            "elType": "widget"
                                        }
                                    ],
                                    "isInner": "1",
                                    "elType": "column"
                                },
                                {
                                    "id": "6cc3d65c",
                                    "settings": {
                                        "_column_size": "50",
                                        "padding": {
                                            "unit": "px",
                                            "top": "64",
                                            "right": "30",
                                            "bottom": "64",
                                            "left": "30",
                                            "isLinked": ""
                                        },
                                        "align_mobile": "center"
                                    },
                                    "elements": [
                                        {
                                            "id": "84fb9bd",
                                            "settings": {
                                                "title": "Have a question?",
                                                "header_size": "div",
                                                "_margin": {
                                                    "unit": "px",
                                                    "top": "0",
                                                    "right": "0",
                                                    "bottom": "16",
                                                    "left": "0",
                                                    "isLinked": ""
                                                },
                                                "ekit_we_effect_on": "none",
                                                "ekit_we_css_animation_fx": "",
                                                "ekit_we_css_animation": "ekit-fade",
                                                "ekit_we_css_animation_tablet": "",
                                                "ekit_we_css_animation_mobile": "",
                                                "ekit_we_css_animation_speed": "5",
                                                "ekit_we_css_animation_iteration_count": "infinite",
                                                "ekit_we_css_animation_direction": "normal",
                                                "ekit_we_css_transform_fx": "",
                                                "ekit_we_css_transform_fx_translate_toggle": "",
                                                "ekit_we_css_transform_fx_translate_x": {
                                                    "unit": "px",
                                                    "size": "",
                                                    "sizes": []
                                                },
                                                "ekit_we_css_transform_fx_translate_x_tablet": {
                                                    "unit": "px",
                                                    "size": "",
                                                    "sizes": []
                                                },
                                                "ekit_we_css_transform_fx_translate_x_mobile": {
                                                    "unit": "px",
                                                    "size": "",
                                                    "sizes": []
                                                },
                                                "ekit_we_css_transform_fx_translate_y": {
                                                    "unit": "px",
                                                    "size": "",
                                                    "sizes": []
                                                },
                                                "ekit_we_css_transform_fx_translate_y_tablet": {
                                                    "unit": "px",
                                                    "size": "",
                                                    "sizes": []
                                                },
                                                "ekit_we_css_transform_fx_translate_y_mobile": {
                                                    "unit": "px",
                                                    "size": "",
                                                    "sizes": []
                                                },
                                                "ekit_we_css_transform_fx_rotate_toggle": "",
                                                "ekit_we_css_transform_fx_rotate_z": {
                                                    "unit": "px",
                                                    "size": "",
                                                    "sizes": []
                                                },
                                                "ekit_we_css_transform_fx_rotate_z_tablet": {
                                                    "unit": "px",
                                                    "size": "",
                                                    "sizes": []
                                                },
                                                "ekit_we_css_transform_fx_rotate_z_mobile": {
                                                    "unit": "px",
                                                    "size": "",
                                                    "sizes": []
                                                },
                                                "ekit_we_css_transform_fx_rotate_x": {
                                                    "unit": "px",
                                                    "size": "",
                                                    "sizes": []
                                                },
                                                "ekit_we_css_transform_fx_rotate_x_tablet": {
                                                    "unit": "px",
                                                    "size": "",
                                                    "sizes": []
                                                },
                                                "ekit_we_css_transform_fx_rotate_x_mobile": {
                                                    "unit": "px",
                                                    "size": "",
                                                    "sizes": []
                                                },
                                                "ekit_we_css_transform_fx_rotate_y": {
                                                    "unit": "px",
                                                    "size": "",
                                                    "sizes": []
                                                },
                                                "ekit_we_css_transform_fx_rotate_y_tablet": {
                                                    "unit": "px",
                                                    "size": "",
                                                    "sizes": []
                                                },
                                                "ekit_we_css_transform_fx_rotate_y_mobile": {
                                                    "unit": "px",
                                                    "size": "",
                                                    "sizes": []
                                                },
                                                "ekit_we_css_transform_fx_scale_toggle": "",
                                                "ekit_we_css_transform_fx_scale_x": {
                                                    "unit": "px",
                                                    "size": "1",
                                                    "sizes": []
                                                },
                                                "ekit_we_css_transform_fx_scale_x_tablet": {
                                                    "unit": "px",
                                                    "size": "",
                                                    "sizes": []
                                                },
                                                "ekit_we_css_transform_fx_scale_x_mobile": {
                                                    "unit": "px",
                                                    "size": "",
                                                    "sizes": []
                                                },
                                                "ekit_we_css_transform_fx_scale_y": {
                                                    "unit": "px",
                                                    "size": "1",
                                                    "sizes": []
                                                },
                                                "ekit_we_css_transform_fx_scale_y_tablet": {
                                                    "unit": "px",
                                                    "size": "",
                                                    "sizes": []
                                                },
                                                "ekit_we_css_transform_fx_scale_y_mobile": {
                                                    "unit": "px",
                                                    "size": "",
                                                    "sizes": []
                                                },
                                                "ekit_we_css_transform_fx_skew_toggle": "",
                                                "ekit_we_css_transform_fx_skew_x": {
                                                    "unit": "px",
                                                    "size": "",
                                                    "sizes": []
                                                },
                                                "ekit_we_css_transform_fx_skew_x_tablet": {
                                                    "unit": "px",
                                                    "size": "",
                                                    "sizes": []
                                                },
                                                "ekit_we_css_transform_fx_skew_x_mobile": {
                                                    "unit": "px",
                                                    "size": "",
                                                    "sizes": []
                                                },
                                                "ekit_we_css_transform_fx_skew_y": {
                                                    "unit": "px",
                                                    "size": "",
                                                    "sizes": []
                                                },
                                                "ekit_we_css_transform_fx_skew_y_tablet": {
                                                    "unit": "px",
                                                    "size": "",
                                                    "sizes": []
                                                },
                                                "ekit_we_css_transform_fx_skew_y_mobile": {
                                                    "unit": "px",
                                                    "size": "",
                                                    "sizes": []
                                                },
                                                "ekit_we_on_test_mode": "on",
                                                "ekit_we_tilt_maxtilt": "20",
                                                "ekit_we_tilt_scale": "1",
                                                "ekit_we_tilt_disableaxis": "",
                                                "ekit_we_mousemove_parallax_speed": "40",
                                                "ekit_we_scroll_animation": "translateY",
                                                "ekit_we_scroll_animation_value": "250",
                                                "ekit_we_scroll_smoothness": "700",
                                                "ekit_we_scroll_offsettop": "0",
                                                "ekit_we_scroll_offsetbottom": "0",
                                                "ekit_sticky": "",
                                                "ekit_sticky_on": [
                                                    "desktop",
                                                    "tablet",
                                                    "mobile"
                                                ],
                                                "ekit_sticky_offset": {
                                                    "unit": "px",
                                                    "size": "0",
                                                    "sizes": []
                                                },
                                                "ekit_sticky_effect_offset": {
                                                    "unit": "px",
                                                    "size": "0",
                                                    "sizes": []
                                                },
                                                "_element_width": "auto",
                                                "_animation": "fadeInUp",
                                                "_animation_delay": "200",
                                                "__globals__": {
                                                    "title_color": "globals\/colors?id=primary",
                                                    "typography_typography": "globals\/typography?id=text"
                                                }
                                            },
                                            "elements": [],
                                            "isInner": false,
                                            "widgetType": "heading",
                                            "elType": "widget"
                                        },
                                        {
                                            "id": "3b929336",
                                            "settings": {
                                                "title": "Send us message",
                                                "_margin": {
                                                    "unit": "px",
                                                    "top": "0",
                                                    "right": "0",
                                                    "bottom": "16",
                                                    "left": "0",
                                                    "isLinked": ""
                                                },
                                                "_animation": "fadeInUp",
                                                "_animation_delay": "500",
                                                "align_mobile": "center"
                                            },
                                            "elements": [],
                                            "isInner": false,
                                            "widgetType": "heading",
                                            "elType": "widget"
                                        },
                                        {
                                            "id": "65808462",
                                            "settings": {
                                                "editor": "<p>Dont be shy, Just tell us about yourself and we\u2019ll figure out the best option for you or your company<\/p>",
                                                "_margin": {
                                                    "unit": "px",
                                                    "top": "0",
                                                    "right": "0",
                                                    "bottom": "24",
                                                    "left": "0",
                                                    "isLinked": ""
                                                },
                                                "_element_width": "initial",
                                                "_element_custom_width": {
                                                    "unit": "px",
                                                    "size": "400",
                                                    "sizes": []
                                                },
                                                "align_mobile": "center"
                                            },
                                            "elements": [],
                                            "isInner": false,
                                            "widgetType": "text-editor",
                                            "elType": "widget"
                                        },
                                        {
                                            "id": "5e3409c6",
                                            "settings": {
                                                "icon_list": [
                                                    {
                                                        "text": " +1 478.555.4938  | +1 478.555.4839 ",
                                                        "selected_icon": {
                                                            "value": "fas fa-phone",
                                                            "library": "fa-solid"
                                                        },
                                                        "_id": "105b948"
                                                    },
                                                    {
                                                        "text": "Mon - Sun 8.00 Am - 9.00 Pm",
                                                        "selected_icon": {
                                                            "value": "fas fa-user-clock",
                                                            "library": "fa-solid"
                                                        },
                                                        "_id": "28f3192"
                                                    },
                                                    {
                                                        "text": "1428 Callison Lane Building 201 Virginia, VA 22902",
                                                        "selected_icon": {
                                                            "value": "fas fa-map-marker-alt",
                                                            "library": "fa-solid"
                                                        },
                                                        "_id": "7f20468"
                                                    }
                                                ],
                                                "space_between": {
                                                    "unit": "px",
                                                    "size": "8",
                                                    "sizes": []
                                                },
                                                "text_indent": {
                                                    "unit": "px",
                                                    "size": "16",
                                                    "sizes": []
                                                },
                                                "icon_typography_font_family": "EB Garamond",
                                                "icon_typography_font_style": "italic",
                                                "_margin": {
                                                    "unit": "px",
                                                    "top": "0",
                                                    "right": "0",
                                                    "bottom": "32",
                                                    "left": "0",
                                                    "isLinked": ""
                                                },
                                                "__globals__": {
                                                    "icon_color": "globals\/colors?id=primary",
                                                    "text_color": "globals\/colors?id=8fa36e4"
                                                },
                                                "icon_align_mobile": "left"
                                            },
                                            "elements": [],
                                            "isInner": false,
                                            "widgetType": "icon-list",
                                            "elType": "widget"
                                        },
                                        {
                                            "id": "7697fd73",
                                            "settings": {
                                                "form_name": "Contact",
                                                "form_fields": [
                                                    {
                                                        "custom_id": "name",
                                                        "field_label": "Name",
                                                        "placeholder": "Name",
                                                        "_id": "43c9ca8"
                                                    },
                                                    {
                                                        "custom_id": "email",
                                                        "field_type": "email",
                                                        "required": "true",
                                                        "field_label": "Email",
                                                        "placeholder": "Email",
                                                        "_id": "5dc1a2e"
                                                    },
                                                    {
                                                        "custom_id": "message",
                                                        "field_type": "textarea",
                                                        "field_label": "Message",
                                                        "placeholder": "Message",
                                                        "_id": "49d782a"
                                                    }
                                                ],
                                                "show_labels": "",
                                                "button_width": "33",
                                                "step_next_label": "Next",
                                                "step_previous_label": "Previous",
                                                "button_text": "Send",
                                                "email_content": "[all-fields]",
                                                "email_content_2": "[all-fields]",
                                                "success_message": "The form was sent successfully.",
                                                "error_message": "An error occured.",
                                                "required_field_message": "This field is required.",
                                                "invalid_message": "There's something wrong. The form is invalid.",
                                                "row_gap": {
                                                    "unit": "px",
                                                    "size": "24",
                                                    "sizes": []
                                                },
                                                "button_text_padding": {
                                                    "unit": "px",
                                                    "top": "16",
                                                    "right": "16",
                                                    "bottom": "16",
                                                    "left": "16",
                                                    "isLinked": "1"
                                                },
                                                "button_border_border": "double",
                                                "button_border_width": {
                                                    "unit": "px",
                                                    "top": "3",
                                                    "right": "3",
                                                    "bottom": "3",
                                                    "left": "3",
                                                    "isLinked": "1"
                                                },
                                                "button_background_color": "rgba(2, 1, 1, 0)",
                                                "button_text_color": "#333333",
                                                "button_border_color": "#848484",
                                                "button_hover_color": "#000000",
                                                "button_hover_border_color": "#000000"
                                            },
                                            "elements": [],
                                            "isInner": false,
                                            "widgetType": "form",
                                            "elType": "widget"
                                        }
                                    ],
                                    "isInner": "1",
                                    "elType": "column"
                                }
                            ],
                            "isInner": "1",
                            "elType": "section"
                        }
                    ],
                    "isInner": "",
                    "elType": "column"
                }
            ],
            "isInner": "",
            "elType": "section"
        },
        {
            "id": "7e2e9a69",
            "settings": {
                "gap": "wider",
                "padding": {
                    "unit": "px",
                    "top": "0",
                    "right": "0",
                    "bottom": "0",
                    "left": "0",
                    "isLinked": ""
                },
                "padding_tablet": {
                    "unit": "px",
                    "top": "0",
                    "right": "0",
                    "bottom": "0",
                    "left": "0",
                    "isLinked": ""
                },
                "background_background": "classic",
                "border_border": "solid",
                "border_width": {
                    "unit": "px",
                    "top": "0",
                    "right": "48",
                    "bottom": "0",
                    "left": "48",
                    "isLinked": ""
                },
                "__globals__": {
                    "background_color": "",
                    "border_color": "globals\/colors?id=ec25634"
                },
                "border_width_tablet": {
                    "unit": "px",
                    "top": "0",
                    "right": "0",
                    "bottom": "0",
                    "left": "0",
                    "isLinked": "1"
                },
                "layout": "full_width",
                "border_color": "#FFFFFF"
            },
            "elements": [
                {
                    "id": "236815cf",
                    "settings": {
                        "_column_size": "100",
                        "padding_mobile": {
                            "unit": "px",
                            "top": "0",
                            "right": "0",
                            "bottom": "0",
                            "left": "0",
                            "isLinked": "1"
                        },
                        "padding": {
                            "unit": "px",
                            "top": "0",
                            "right": "0",
                            "bottom": "0",
                            "left": "0",
                            "isLinked": "1"
                        }
                    },
                    "elements": [
                        {
                            "id": "1b5459c8",
                            "settings": {
                                "text": "Divider",
                                "__globals__": {
                                    "color": "globals\/colors?id=785b64d"
                                }
                            },
                            "elements": [],
                            "isInner": false,
                            "widgetType": "divider",
                            "elType": "widget"
                        }
                    ],
                    "isInner": "",
                    "elType": "column"
                }
            ],
            "isInner": "",
            "elType": "section"
        }
    ]
}