{
    "version": "0.4",
    "title": "Gallery",
    "type": "page",
    "metadata": {
        "template_type": "single-page",
        "include_in_zip": "1",
        "elementor_pro_required": "1",
        "wp_page_template": "default"
    },
    "content": [
        {
            "id": "164c274e",
            "settings": {
                "background_background": "classic",
                "border_border": "solid",
                "border_width": {
                    "unit": "px",
                    "top": "0",
                    "right": "48",
                    "bottom": "0",
                    "left": "48",
                    "isLinked": ""
                },
                "border_color": "#FFFFFF",
                "padding": {
                    "unit": "px",
                    "top": "48",
                    "right": "0",
                    "bottom": "48",
                    "left": "0",
                    "isLinked": ""
                },
                "gap": "wider",
                "border_width_tablet": {
                    "unit": "px",
                    "top": "0",
                    "right": "0",
                    "bottom": "0",
                    "left": "0",
                    "isLinked": "1"
                },
                "padding_tablet": {
                    "unit": "px",
                    "top": "0",
                    "right": "0",
                    "bottom": "0",
                    "left": "0",
                    "isLinked": ""
                },
                "__globals__": {
                    "background_color": "globals\/colors?id=primary"
                },
                "overflow": "hidden",
                "padding_mobile": {
                    "unit": "px",
                    "top": "48",
                    "right": "0",
                    "bottom": "0",
                    "left": "0",
                    "isLinked": ""
                },
                "height": "min-height",
                "custom_height": {
                    "unit": "px",
                    "size": "200",
                    "sizes": []
                },
                "structure": "20",
                "background_image": {
                    "url": "https:\/\/kit.detheme.com\/chaperone\/wp-content\/uploads\/sites\/29\/2020\/11\/33-7HTVZE-1.png",
                    "id": "305"
                },
                "background_position": "initial",
                "background_xpos": {
                    "unit": "%",
                    "size": "-2",
                    "sizes": []
                },
                "background_ypos": {
                    "unit": "%",
                    "size": "8",
                    "sizes": []
                },
                "background_repeat": "no-repeat",
                "background_size": "initial",
                "background_bg_width": {
                    "unit": "px",
                    "size": "849",
                    "sizes": []
                }
            },
            "elements": [
                {
                    "id": "2cf12d4a",
                    "settings": {
                        "_column_size": "50",
                        "_inline_size": "76.421",
                        "content_position": "center",
                        "padding_mobile": {
                            "unit": "px",
                            "top": "0",
                            "right": "30",
                            "bottom": "0",
                            "left": "30",
                            "isLinked": ""
                        }
                    },
                    "elements": [
                        {
                            "id": "699081d3",
                            "settings": {
                                "title": "Gallery",
                                "header_size": "h1",
                                "__globals__": {
                                    "title_color": "globals\/colors?id=ec25634"
                                },
                                "align_mobile": "center"
                            },
                            "elements": [],
                            "isInner": false,
                            "widgetType": "heading",
                            "elType": "widget"
                        }
                    ],
                    "isInner": "",
                    "elType": "column"
                },
                {
                    "id": "3b3c267e",
                    "settings": {
                        "_column_size": "50",
                        "_inline_size": "23.502",
                        "content_position": "center",
                        "padding_mobile": {
                            "unit": "px",
                            "top": "0",
                            "right": "30",
                            "bottom": "48",
                            "left": "30",
                            "isLinked": ""
                        }
                    },
                    "elements": [
                        {
                            "id": "1e97bc86",
                            "settings": {
                                "title": "Vivamus sagittis lacus vel augue laoreet rutrum faucibus dolor ",
                                "header_size": "div",
                                "__globals__": {
                                    "typography_typography": "globals\/typography?id=primary",
                                    "title_color": "globals\/colors?id=8fa36e4"
                                },
                                "align_mobile": "center"
                            },
                            "elements": [],
                            "isInner": false,
                            "widgetType": "heading",
                            "elType": "widget"
                        }
                    ],
                    "isInner": "",
                    "elType": "column"
                }
            ],
            "isInner": "",
            "elType": "section"
        },
        {
            "id": "5463cb6f",
            "settings": {
                "gap": "wider",
                "padding": {
                    "unit": "px",
                    "top": "96",
                    "right": "0",
                    "bottom": "96",
                    "left": "0",
                    "isLinked": ""
                },
                "padding_tablet": {
                    "unit": "px",
                    "top": "48",
                    "right": "0",
                    "bottom": "48",
                    "left": "0",
                    "isLinked": ""
                },
                "overflow": "hidden",
                "layout": "full_width",
                "background_background": "classic",
                "__globals__": {
                    "background_color": ""
                }
            },
            "elements": [
                {
                    "id": "771d1d65",
                    "settings": {
                        "_column_size": "100",
                        "_inline_size": "",
                        "padding": {
                            "unit": "px",
                            "top": "10",
                            "right": "15",
                            "bottom": "10",
                            "left": "15",
                            "isLinked": ""
                        },
                        "padding_mobile": {
                            "unit": "px",
                            "top": "30",
                            "right": "30",
                            "bottom": "30",
                            "left": "30",
                            "isLinked": "1"
                        }
                    },
                    "elements": [
                        {
                            "id": "22b1d075",
                            "settings": {
                                "dethemekit_gallery_img_size_select": "metro",
                                "dethemekit_gallery_images_fit": "cover",
                                "dethemekit_gallery_column_number": "25%",
                                "dethemekit_gallery_load_more_text": "Load More",
                                "dethemekit_gallery_first_cat_label": "All",
                                "dethemekit_gallery_cats_content": [
                                    {
                                        "dethemekit_gallery_img_cat": "Limited Edition",
                                        "_id": "38da814",
                                        "dethemekit_gallery_img_cat_rotation": ""
                                    },
                                    {
                                        "dethemekit_gallery_img_cat": "New In",
                                        "_id": "016605d",
                                        "dethemekit_gallery_img_cat_rotation": ""
                                    },
                                    {
                                        "dethemekit_gallery_img_cat": "Workwear",
                                        "dethemekit_gallery_img_cat_rotation": "",
                                        "_id": "71f9992"
                                    }
                                ],
                                "dethemekit_gallery_img_content": [
                                    {
                                        "dethemekit_gallery_img_name": "Daywear",
                                        "dethemekit_gallery_img_category": "New In",
                                        "_id": "1de9c2a",
                                        "dethemekit_gallery_img": {
                                            "url": "https:\/\/kit.detheme.com\/chaperone\/wp-content\/uploads\/sites\/29\/2020\/11\/7EI64JmT.jpg",
                                            "id": "533"
                                        },
                                        "dethemekit_gallery_image_cell": {
                                            "unit": "px",
                                            "size": "4",
                                            "sizes": []
                                        },
                                        "dethemekit_gallery_image_cell_tablet": {
                                            "unit": "px",
                                            "size": "",
                                            "sizes": []
                                        },
                                        "dethemekit_gallery_image_cell_mobile": {
                                            "unit": "px",
                                            "size": "12",
                                            "sizes": []
                                        },
                                        "dethemekit_gallery_image_vcell": {
                                            "unit": "px",
                                            "size": "6",
                                            "sizes": []
                                        },
                                        "dethemekit_gallery_image_vcell_tablet": {
                                            "unit": "px",
                                            "size": "",
                                            "sizes": []
                                        },
                                        "dethemekit_gallery_image_vcell_mobile": {
                                            "unit": "px",
                                            "size": "12",
                                            "sizes": []
                                        },
                                        "dethemekit_gallery_video": "",
                                        "dethemekit_gallery_video_type": "youtube",
                                        "dethemekit_gallery_video_url": "",
                                        "dethemekit_gallery_video_self": {
                                            "url": "",
                                            "id": ""
                                        },
                                        "dethemekit_gallery_video_self_url": "",
                                        "dethemekit_gallery_video_controls": "true",
                                        "dethemekit_gallery_video_mute": "",
                                        "dethemekit_gallery_img_desc": "New In",
                                        "dethemekit_gallery_img_link_type": "url",
                                        "dethemekit_gallery_img_link": {
                                            "url": "#",
                                            "is_external": "",
                                            "nofollow": "",
                                            "custom_attributes": ""
                                        },
                                        "dethemekit_gallery_img_existing": "",
                                        "dethemekit_gallery_link_whole": "",
                                        "dethemekit_gallery_lightbox_whole": ""
                                    },
                                    {
                                        "dethemekit_gallery_img_name": "Grey Vest",
                                        "dethemekit_gallery_img_category": "Limited Edition",
                                        "_id": "4f8758e",
                                        "dethemekit_gallery_img": {
                                            "url": "https:\/\/kit.detheme.com\/chaperone\/wp-content\/uploads\/sites\/29\/2020\/11\/s9TrhBH0.jpg",
                                            "id": "544"
                                        },
                                        "dethemekit_gallery_image_cell": {
                                            "unit": "px",
                                            "size": "4",
                                            "sizes": []
                                        },
                                        "dethemekit_gallery_image_cell_tablet": {
                                            "unit": "px",
                                            "size": "",
                                            "sizes": []
                                        },
                                        "dethemekit_gallery_image_cell_mobile": {
                                            "unit": "px",
                                            "size": "12",
                                            "sizes": []
                                        },
                                        "dethemekit_gallery_image_vcell": {
                                            "unit": "px",
                                            "size": "3",
                                            "sizes": []
                                        },
                                        "dethemekit_gallery_image_vcell_tablet": {
                                            "unit": "px",
                                            "size": "",
                                            "sizes": []
                                        },
                                        "dethemekit_gallery_image_vcell_mobile": {
                                            "unit": "px",
                                            "size": "12",
                                            "sizes": []
                                        },
                                        "dethemekit_gallery_video": "",
                                        "dethemekit_gallery_video_type": "youtube",
                                        "dethemekit_gallery_video_url": "",
                                        "dethemekit_gallery_video_self": {
                                            "url": "",
                                            "id": ""
                                        },
                                        "dethemekit_gallery_video_self_url": "",
                                        "dethemekit_gallery_video_controls": "true",
                                        "dethemekit_gallery_video_mute": "",
                                        "dethemekit_gallery_img_desc": "Limited Edition",
                                        "dethemekit_gallery_img_link_type": "url",
                                        "dethemekit_gallery_img_link": {
                                            "url": "#",
                                            "is_external": "",
                                            "nofollow": "",
                                            "custom_attributes": ""
                                        },
                                        "dethemekit_gallery_img_existing": "",
                                        "dethemekit_gallery_link_whole": "",
                                        "dethemekit_gallery_lightbox_whole": ""
                                    },
                                    {
                                        "dethemekit_gallery_img_name": "New Minimal",
                                        "dethemekit_gallery_img_category": "New In",
                                        "dethemekit_gallery_img": {
                                            "url": "https:\/\/kit.detheme.com\/chaperone\/wp-content\/uploads\/sites\/29\/2020\/11\/rGj0YmOh.jpg",
                                            "id": "543"
                                        },
                                        "dethemekit_gallery_image_cell": {
                                            "unit": "px",
                                            "size": "4",
                                            "sizes": []
                                        },
                                        "dethemekit_gallery_image_cell_tablet": {
                                            "unit": "px",
                                            "size": "",
                                            "sizes": []
                                        },
                                        "dethemekit_gallery_image_cell_mobile": {
                                            "unit": "px",
                                            "size": "12",
                                            "sizes": []
                                        },
                                        "dethemekit_gallery_image_vcell": {
                                            "unit": "px",
                                            "size": "3",
                                            "sizes": []
                                        },
                                        "dethemekit_gallery_image_vcell_tablet": {
                                            "unit": "px",
                                            "size": "",
                                            "sizes": []
                                        },
                                        "dethemekit_gallery_image_vcell_mobile": {
                                            "unit": "px",
                                            "size": "12",
                                            "sizes": []
                                        },
                                        "dethemekit_gallery_video": "",
                                        "dethemekit_gallery_video_type": "youtube",
                                        "dethemekit_gallery_video_url": "",
                                        "dethemekit_gallery_video_self": {
                                            "url": "",
                                            "id": ""
                                        },
                                        "dethemekit_gallery_video_self_url": "",
                                        "dethemekit_gallery_video_controls": "true",
                                        "dethemekit_gallery_video_mute": "",
                                        "dethemekit_gallery_img_desc": "New In",
                                        "dethemekit_gallery_img_link_type": "url",
                                        "dethemekit_gallery_img_link": {
                                            "url": "#",
                                            "is_external": "",
                                            "nofollow": "",
                                            "custom_attributes": ""
                                        },
                                        "dethemekit_gallery_img_existing": "",
                                        "dethemekit_gallery_link_whole": "",
                                        "dethemekit_gallery_lightbox_whole": "",
                                        "_id": "1e1164d"
                                    },
                                    {
                                        "dethemekit_gallery_img_name": "Winter Jacket",
                                        "dethemekit_gallery_img_category": "Limited Edition",
                                        "dethemekit_gallery_img": {
                                            "url": "https:\/\/kit.detheme.com\/chaperone\/wp-content\/uploads\/sites\/29\/2020\/11\/a-man-dressed-in-a-jacket-and-scarf-Z89YYVQ.jpg",
                                            "id": "448"
                                        },
                                        "dethemekit_gallery_image_cell": {
                                            "unit": "px",
                                            "size": "8",
                                            "sizes": []
                                        },
                                        "dethemekit_gallery_image_cell_tablet": {
                                            "unit": "px",
                                            "size": "",
                                            "sizes": []
                                        },
                                        "dethemekit_gallery_image_cell_mobile": {
                                            "unit": "px",
                                            "size": "12",
                                            "sizes": []
                                        },
                                        "dethemekit_gallery_image_vcell": {
                                            "unit": "px",
                                            "size": "3",
                                            "sizes": []
                                        },
                                        "dethemekit_gallery_image_vcell_tablet": {
                                            "unit": "px",
                                            "size": "",
                                            "sizes": []
                                        },
                                        "dethemekit_gallery_image_vcell_mobile": {
                                            "unit": "px",
                                            "size": "12",
                                            "sizes": []
                                        },
                                        "dethemekit_gallery_video": "",
                                        "dethemekit_gallery_video_type": "youtube",
                                        "dethemekit_gallery_video_url": "",
                                        "dethemekit_gallery_video_self": {
                                            "url": "",
                                            "id": ""
                                        },
                                        "dethemekit_gallery_video_self_url": "",
                                        "dethemekit_gallery_video_controls": "true",
                                        "dethemekit_gallery_video_mute": "",
                                        "dethemekit_gallery_img_desc": "Limited Edition",
                                        "dethemekit_gallery_img_link_type": "url",
                                        "dethemekit_gallery_img_link": {
                                            "url": "#",
                                            "is_external": "",
                                            "nofollow": "",
                                            "custom_attributes": ""
                                        },
                                        "dethemekit_gallery_img_existing": "",
                                        "dethemekit_gallery_link_whole": "",
                                        "dethemekit_gallery_lightbox_whole": "",
                                        "_id": "0e83a2e"
                                    },
                                    {
                                        "dethemekit_gallery_img_name": "Blue Jeans T-shirt",
                                        "dethemekit_gallery_img_category": "Workwear",
                                        "dethemekit_gallery_img": {
                                            "url": "https:\/\/kit.detheme.com\/chaperone\/wp-content\/uploads\/sites\/29\/2020\/11\/BmErKRai.jpg",
                                            "id": "535"
                                        },
                                        "dethemekit_gallery_image_cell": {
                                            "unit": "px",
                                            "size": "5",
                                            "sizes": []
                                        },
                                        "dethemekit_gallery_image_cell_tablet": {
                                            "unit": "px",
                                            "size": "",
                                            "sizes": []
                                        },
                                        "dethemekit_gallery_image_cell_mobile": {
                                            "unit": "px",
                                            "size": "12",
                                            "sizes": []
                                        },
                                        "dethemekit_gallery_image_vcell": {
                                            "unit": "px",
                                            "size": "4",
                                            "sizes": []
                                        },
                                        "dethemekit_gallery_image_vcell_tablet": {
                                            "unit": "px",
                                            "size": "",
                                            "sizes": []
                                        },
                                        "dethemekit_gallery_image_vcell_mobile": {
                                            "unit": "px",
                                            "size": "12",
                                            "sizes": []
                                        },
                                        "dethemekit_gallery_video": "",
                                        "dethemekit_gallery_video_type": "youtube",
                                        "dethemekit_gallery_video_url": "",
                                        "dethemekit_gallery_video_self": {
                                            "url": "",
                                            "id": ""
                                        },
                                        "dethemekit_gallery_video_self_url": "",
                                        "dethemekit_gallery_video_controls": "true",
                                        "dethemekit_gallery_video_mute": "",
                                        "dethemekit_gallery_img_desc": "Workwear",
                                        "dethemekit_gallery_img_link_type": "url",
                                        "dethemekit_gallery_img_link": {
                                            "url": "#",
                                            "is_external": "",
                                            "nofollow": "",
                                            "custom_attributes": ""
                                        },
                                        "dethemekit_gallery_img_existing": "",
                                        "dethemekit_gallery_link_whole": "",
                                        "dethemekit_gallery_lightbox_whole": "",
                                        "_id": "6ad58cd"
                                    },
                                    {
                                        "dethemekit_gallery_img_name": " Long Sleeves Blue Jeans",
                                        "dethemekit_gallery_img_category": "Workwear",
                                        "dethemekit_gallery_img": {
                                            "url": "https:\/\/kit.detheme.com\/chaperone\/wp-content\/uploads\/sites\/29\/2020\/11\/X4uQWhwE.jpg",
                                            "id": "545"
                                        },
                                        "dethemekit_gallery_image_cell": {
                                            "unit": "px",
                                            "size": "3",
                                            "sizes": []
                                        },
                                        "dethemekit_gallery_image_cell_tablet": {
                                            "unit": "px",
                                            "size": "",
                                            "sizes": []
                                        },
                                        "dethemekit_gallery_image_cell_mobile": {
                                            "unit": "px",
                                            "size": "12",
                                            "sizes": []
                                        },
                                        "dethemekit_gallery_image_vcell": {
                                            "unit": "px",
                                            "size": "4",
                                            "sizes": []
                                        },
                                        "dethemekit_gallery_image_vcell_tablet": {
                                            "unit": "px",
                                            "size": "",
                                            "sizes": []
                                        },
                                        "dethemekit_gallery_image_vcell_mobile": {
                                            "unit": "px",
                                            "size": "12",
                                            "sizes": []
                                        },
                                        "dethemekit_gallery_video": "",
                                        "dethemekit_gallery_video_type": "youtube",
                                        "dethemekit_gallery_video_url": "",
                                        "dethemekit_gallery_video_self": {
                                            "url": "",
                                            "id": ""
                                        },
                                        "dethemekit_gallery_video_self_url": "",
                                        "dethemekit_gallery_video_controls": "true",
                                        "dethemekit_gallery_video_mute": "",
                                        "dethemekit_gallery_img_desc": "Workwear",
                                        "dethemekit_gallery_img_link_type": "url",
                                        "dethemekit_gallery_img_link": {
                                            "url": "#",
                                            "is_external": "",
                                            "nofollow": "",
                                            "custom_attributes": ""
                                        },
                                        "dethemekit_gallery_img_existing": "",
                                        "dethemekit_gallery_link_whole": "",
                                        "dethemekit_gallery_lightbox_whole": "",
                                        "_id": "7f083a2"
                                    },
                                    {
                                        "dethemekit_gallery_img_name": "Cream Sweater",
                                        "dethemekit_gallery_img_category": "Limited Edition",
                                        "dethemekit_gallery_img": {
                                            "url": "https:\/\/kit.detheme.com\/chaperone\/wp-content\/uploads\/sites\/29\/2020\/11\/handsome-man-portrait-wearing-sunglasses-PGXE2JY.jpg",
                                            "id": "517"
                                        },
                                        "dethemekit_gallery_image_cell": {
                                            "unit": "px",
                                            "size": "4",
                                            "sizes": []
                                        },
                                        "dethemekit_gallery_image_cell_tablet": {
                                            "unit": "px",
                                            "size": "",
                                            "sizes": []
                                        },
                                        "dethemekit_gallery_image_cell_mobile": {
                                            "unit": "px",
                                            "size": "12",
                                            "sizes": []
                                        },
                                        "dethemekit_gallery_image_vcell": {
                                            "unit": "px",
                                            "size": "4",
                                            "sizes": []
                                        },
                                        "dethemekit_gallery_image_vcell_tablet": {
                                            "unit": "px",
                                            "size": "",
                                            "sizes": []
                                        },
                                        "dethemekit_gallery_image_vcell_mobile": {
                                            "unit": "px",
                                            "size": "12",
                                            "sizes": []
                                        },
                                        "dethemekit_gallery_video": "",
                                        "dethemekit_gallery_video_type": "youtube",
                                        "dethemekit_gallery_video_url": "",
                                        "dethemekit_gallery_video_self": {
                                            "url": "",
                                            "id": ""
                                        },
                                        "dethemekit_gallery_video_self_url": "",
                                        "dethemekit_gallery_video_controls": "true",
                                        "dethemekit_gallery_video_mute": "",
                                        "dethemekit_gallery_img_desc": "Limited Edition",
                                        "dethemekit_gallery_img_link_type": "url",
                                        "dethemekit_gallery_img_link": {
                                            "url": "#",
                                            "is_external": "",
                                            "nofollow": "",
                                            "custom_attributes": ""
                                        },
                                        "dethemekit_gallery_img_existing": "",
                                        "dethemekit_gallery_link_whole": "",
                                        "dethemekit_gallery_lightbox_whole": "",
                                        "_id": "2d6dbe4"
                                    }
                                ],
                                "dethemekit_gallery_gap": {
                                    "unit": "px",
                                    "size": "30",
                                    "sizes": []
                                },
                                "dethemekit_gallery_gap_tablet": {
                                    "unit": "px",
                                    "size": "2",
                                    "sizes": []
                                },
                                "dethemekit_gallery_img_effect": "trans",
                                "dethemekit_gallery_content_align": "right",
                                "dethemekit_gallery_lightbox_type": "yes",
                                "dethemekit_gallery_icons_style_overlay": "rgba(0, 0, 0, 0.76)",
                                "dethemekit_gallery_title_color": "#FFFFFF",
                                "dethemekit_gallery_description_color": "#DEDEDE",
                                "dethemekit_gallery_content_background_background": "gradient",
                                "dethemekit_gallery_content_background_color": "rgba(51, 51, 51, 0)",
                                "dethemekit_gallery_content_background_color_b": "rgba(0, 0, 0, 0.28)",
                                "dethemekit_gallery_content_background_color_b_stop": {
                                    "unit": "%",
                                    "size": "79",
                                    "sizes": []
                                },
                                "dethemekit_gallery_content_padding": {
                                    "unit": "%",
                                    "top": "20",
                                    "right": "10",
                                    "bottom": "5",
                                    "left": "0",
                                    "isLinked": ""
                                },
                                "dethemekit_gallery_style1_icons_position": {
                                    "unit": "%",
                                    "size": "50",
                                    "sizes": []
                                },
                                "dethemekit_gallery_icons_style_background": "#FFFFFF",
                                "_margin_mobile": {
                                    "unit": "px",
                                    "top": "0",
                                    "right": "0",
                                    "bottom": "0",
                                    "left": "0",
                                    "isLinked": ""
                                },
                                "_padding_mobile": {
                                    "unit": "px",
                                    "top": "0",
                                    "right": "0",
                                    "bottom": "0",
                                    "left": "0",
                                    "isLinked": ""
                                },
                                "dethemekit_gallery_filter_margin_mobile": {
                                    "unit": "px",
                                    "top": "10",
                                    "right": "8",
                                    "bottom": "10",
                                    "left": "8",
                                    "isLinked": ""
                                },
                                "dethemekit_gallery_filter_padding_mobile": {
                                    "unit": "px",
                                    "top": "0",
                                    "right": "0",
                                    "bottom": "0",
                                    "left": "0",
                                    "isLinked": ""
                                },
                                "dethemekit_gallery_filter_color": "#6B6B6B",
                                "dethemekit_gallery_filter_active_color": "#010202",
                                "__globals__": {
                                    "dethemekit_gallery_title_typo_typography": "globals\/typography?id=1ce1d7e",
                                    "dethemekit_gallery_description_typo_typography": "globals\/typography?id=text"
                                }
                            },
                            "elements": [],
                            "isInner": false,
                            "widgetType": "dethemekit-img-gallery",
                            "elType": "widget"
                        }
                    ],
                    "isInner": "",
                    "elType": "column"
                }
            ],
            "isInner": "",
            "elType": "section"
        }
    ]
}