{
    "version": "0.4",
    "title": "Giftcard",
    "type": "page",
    "metadata": {
        "template_type": "single-page",
        "include_in_zip": "1",
        "elementor_pro_required": "1",
        "wp_page_template": "default"
    },
    "content": [
        {
            "id": "77c5f092",
            "settings": {
                "background_background": "classic",
                "border_border": "solid",
                "border_width": {
                    "unit": "px",
                    "top": "0",
                    "right": "48",
                    "bottom": "0",
                    "left": "48",
                    "isLinked": ""
                },
                "border_color": "#FFFFFF",
                "padding": {
                    "unit": "px",
                    "top": "48",
                    "right": "0",
                    "bottom": "48",
                    "left": "0",
                    "isLinked": ""
                },
                "gap": "wider",
                "border_width_tablet": {
                    "unit": "px",
                    "top": "0",
                    "right": "0",
                    "bottom": "0",
                    "left": "0",
                    "isLinked": "1"
                },
                "padding_tablet": {
                    "unit": "px",
                    "top": "0",
                    "right": "0",
                    "bottom": "0",
                    "left": "0",
                    "isLinked": ""
                },
                "__globals__": {
                    "background_color": "globals\/colors?id=primary"
                },
                "overflow": "hidden",
                "padding_mobile": {
                    "unit": "px",
                    "top": "48",
                    "right": "0",
                    "bottom": "0",
                    "left": "0",
                    "isLinked": ""
                },
                "height": "min-height",
                "custom_height": {
                    "unit": "px",
                    "size": "200",
                    "sizes": []
                },
                "structure": "20",
                "background_image": {
                    "url": "https:\/\/kit.detheme.com\/chaperone\/wp-content\/uploads\/sites\/29\/2020\/11\/33-7HTVZE-1.png",
                    "id": "305"
                },
                "background_position": "initial",
                "background_xpos": {
                    "unit": "%",
                    "size": "-2",
                    "sizes": []
                },
                "background_ypos": {
                    "unit": "%",
                    "size": "8",
                    "sizes": []
                },
                "background_repeat": "no-repeat",
                "background_size": "initial",
                "background_bg_width": {
                    "unit": "px",
                    "size": "849",
                    "sizes": []
                }
            },
            "elements": [
                {
                    "id": "2b91c18e",
                    "settings": {
                        "_column_size": "50",
                        "_inline_size": "76.421",
                        "content_position": "center",
                        "padding_mobile": {
                            "unit": "px",
                            "top": "0",
                            "right": "30",
                            "bottom": "0",
                            "left": "30",
                            "isLinked": ""
                        }
                    },
                    "elements": [
                        {
                            "id": "3e95a98d",
                            "settings": {
                                "title": "Giftcard",
                                "header_size": "h1",
                                "__globals__": {
                                    "title_color": "globals\/colors?id=ec25634"
                                },
                                "align_mobile": "center"
                            },
                            "elements": [],
                            "isInner": false,
                            "widgetType": "heading",
                            "elType": "widget"
                        }
                    ],
                    "isInner": "",
                    "elType": "column"
                },
                {
                    "id": "254c38bc",
                    "settings": {
                        "_column_size": "50",
                        "_inline_size": "23.502",
                        "content_position": "center",
                        "padding_mobile": {
                            "unit": "px",
                            "top": "0",
                            "right": "30",
                            "bottom": "48",
                            "left": "30",
                            "isLinked": ""
                        }
                    },
                    "elements": [
                        {
                            "id": "78e1143b",
                            "settings": {
                                "title": "Vivamus sagittis lacus vel augue laoreet rutrum faucibus dolor ",
                                "header_size": "div",
                                "__globals__": {
                                    "typography_typography": "globals\/typography?id=primary",
                                    "title_color": "globals\/colors?id=8fa36e4"
                                },
                                "align_mobile": "center"
                            },
                            "elements": [],
                            "isInner": false,
                            "widgetType": "heading",
                            "elType": "widget"
                        }
                    ],
                    "isInner": "",
                    "elType": "column"
                }
            ],
            "isInner": "",
            "elType": "section"
        },
        {
            "id": "45fe0d89",
            "settings": {
                "content_position": "middle",
                "structure": "20",
                "padding": {
                    "unit": "px",
                    "top": "96",
                    "right": "30",
                    "bottom": "96",
                    "left": "30",
                    "isLinked": ""
                },
                "padding_tablet": {
                    "unit": "px",
                    "top": "48",
                    "right": "0",
                    "bottom": "0",
                    "left": "0",
                    "isLinked": ""
                },
                "padding_mobile": {
                    "unit": "px",
                    "top": "48",
                    "right": "30",
                    "bottom": "48",
                    "left": "30",
                    "isLinked": ""
                }
            },
            "elements": [
                {
                    "id": "74b4e0d3",
                    "settings": {
                        "_column_size": "50",
                        "_inline_size_tablet": "100",
                        "padding": {
                            "unit": "px",
                            "top": "0",
                            "right": "30",
                            "bottom": "0",
                            "left": "30",
                            "isLinked": ""
                        },
                        "padding_mobile": {
                            "unit": "px",
                            "top": "0",
                            "right": "0",
                            "bottom": "0",
                            "left": "0",
                            "isLinked": "1"
                        }
                    },
                    "elements": [
                        {
                            "id": "f270543",
                            "settings": {
                                "image": {
                                    "url": "https:\/\/kit.detheme.com\/chaperone\/wp-content\/uploads\/sites\/29\/2020\/11\/christmas-gift-box-2B9ZJ6D.jpg",
                                    "id": "1121"
                                }
                            },
                            "elements": [],
                            "isInner": false,
                            "widgetType": "image",
                            "elType": "widget"
                        }
                    ],
                    "isInner": "",
                    "elType": "column"
                },
                {
                    "id": "85e2e69",
                    "settings": {
                        "_column_size": "50",
                        "_inline_size_tablet": "100",
                        "padding": {
                            "unit": "px",
                            "top": "0",
                            "right": "30",
                            "bottom": "0",
                            "left": "30",
                            "isLinked": ""
                        },
                        "padding_tablet": {
                            "unit": "px",
                            "top": "48",
                            "right": "30",
                            "bottom": "48",
                            "left": "30",
                            "isLinked": ""
                        },
                        "padding_mobile": {
                            "unit": "px",
                            "top": "32",
                            "right": "0",
                            "bottom": "0",
                            "left": "0",
                            "isLinked": ""
                        }
                    },
                    "elements": [
                        {
                            "id": "579dbc67",
                            "settings": {
                                "title": "Classic Gift Card",
                                "_margin": {
                                    "unit": "px",
                                    "top": "0",
                                    "right": "0",
                                    "bottom": "16",
                                    "left": "0",
                                    "isLinked": ""
                                },
                                "header_size": "div",
                                "align_mobile": "center",
                                "__globals__": {
                                    "typography_typography": "globals\/typography?id=text",
                                    "title_color": "globals\/colors?id=primary"
                                },
                                "align": "left",
                                "_element_width": "inherit",
                                "_element_custom_width": {
                                    "unit": "px",
                                    "size": "500"
                                },
                                "_animation": "fadeInUp",
                                "_animation_delay": "200"
                            },
                            "elements": [],
                            "isInner": false,
                            "widgetType": "heading",
                            "elType": "widget"
                        },
                        {
                            "id": "2fc417af",
                            "settings": {
                                "title": "Cashback Extra 15%",
                                "_margin": {
                                    "unit": "px",
                                    "top": "0",
                                    "right": "0",
                                    "bottom": "24",
                                    "left": "0",
                                    "isLinked": ""
                                },
                                "_element_width": "inherit",
                                "_element_custom_width": {
                                    "unit": "px",
                                    "size": "500"
                                },
                                "align_mobile": "center",
                                "_animation": "fadeInUp",
                                "_animation_delay": "500"
                            },
                            "elements": [],
                            "isInner": false,
                            "widgetType": "heading",
                            "elType": "widget"
                        },
                        {
                            "id": "25b830fe",
                            "settings": {
                                "editor": "<p>Sed ut perspiciatis unde omnis iste natus error sit voluptatem accusantium doloremque laudantium, totam rem aperiam, eaque ipsa quae ab illo inventore veritatis et quasi architecto beatae vitae dicta sunt explicabo. Nemo enim ipsam voluptatem quia voluptas sit aspernatur.<\/p>",
                                "align_mobile": "center",
                                "_margin": {
                                    "unit": "px",
                                    "top": "0",
                                    "right": "0",
                                    "bottom": "48",
                                    "left": "0",
                                    "isLinked": ""
                                }
                            },
                            "elements": [],
                            "isInner": false,
                            "widgetType": "text-editor",
                            "elType": "widget"
                        },
                        {
                            "id": "18adfe0b",
                            "settings": {
                                "text": "claim",
                                "align": "left",
                                "size": "lg",
                                "align_mobile": "center",
                                "text_padding": {
                                    "unit": "px",
                                    "top": "24",
                                    "right": "64",
                                    "bottom": "24",
                                    "left": "64",
                                    "isLinked": ""
                                }
                            },
                            "elements": [],
                            "isInner": false,
                            "widgetType": "button",
                            "elType": "widget"
                        }
                    ],
                    "isInner": "",
                    "elType": "column"
                }
            ],
            "isInner": "",
            "elType": "section"
        },
        {
            "id": "34ef3830",
            "settings": {
                "gap": "wider",
                "padding": {
                    "unit": "px",
                    "top": "0",
                    "right": "0",
                    "bottom": "0",
                    "left": "0",
                    "isLinked": ""
                },
                "padding_tablet": {
                    "unit": "px",
                    "top": "0",
                    "right": "0",
                    "bottom": "0",
                    "left": "0",
                    "isLinked": ""
                },
                "background_background": "classic",
                "border_border": "solid",
                "border_width": {
                    "unit": "px",
                    "top": "0",
                    "right": "48",
                    "bottom": "0",
                    "left": "48",
                    "isLinked": ""
                },
                "__globals__": {
                    "background_color": "",
                    "border_color": "globals\/colors?id=ec25634"
                },
                "border_width_tablet": {
                    "unit": "px",
                    "top": "0",
                    "right": "0",
                    "bottom": "0",
                    "left": "0",
                    "isLinked": "1"
                },
                "border_color": "#FFFFFF"
            },
            "elements": [
                {
                    "id": "3568a0e9",
                    "settings": {
                        "_column_size": "100",
                        "padding_mobile": {
                            "unit": "px",
                            "top": "0",
                            "right": "0",
                            "bottom": "0",
                            "left": "0",
                            "isLinked": "1"
                        },
                        "padding": {
                            "unit": "px",
                            "top": "0",
                            "right": "30",
                            "bottom": "0",
                            "left": "30",
                            "isLinked": ""
                        }
                    },
                    "elements": [
                        {
                            "id": "7cb33d65",
                            "settings": {
                                "text": "Divider",
                                "__globals__": {
                                    "color": "globals\/colors?id=785b64d"
                                }
                            },
                            "elements": [],
                            "isInner": false,
                            "widgetType": "divider",
                            "elType": "widget"
                        }
                    ],
                    "isInner": "",
                    "elType": "column"
                }
            ],
            "isInner": "",
            "elType": "section"
        },
        {
            "id": "21e411b1",
            "settings": {
                "content_position": "middle",
                "structure": "20",
                "padding": {
                    "unit": "px",
                    "top": "96",
                    "right": "30",
                    "bottom": "96",
                    "left": "30",
                    "isLinked": ""
                },
                "padding_tablet": {
                    "unit": "px",
                    "top": "48",
                    "right": "0",
                    "bottom": "0",
                    "left": "0",
                    "isLinked": ""
                },
                "padding_mobile": {
                    "unit": "px",
                    "top": "48",
                    "right": "30",
                    "bottom": "48",
                    "left": "30",
                    "isLinked": ""
                }
            },
            "elements": [
                {
                    "id": "2d4b390e",
                    "settings": {
                        "_column_size": "50",
                        "_inline_size_tablet": "100",
                        "padding": {
                            "unit": "px",
                            "top": "0",
                            "right": "30",
                            "bottom": "0",
                            "left": "30",
                            "isLinked": ""
                        },
                        "padding_mobile": {
                            "unit": "px",
                            "top": "0",
                            "right": "0",
                            "bottom": "0",
                            "left": "0",
                            "isLinked": "1"
                        }
                    },
                    "elements": [
                        {
                            "id": "5b891125",
                            "settings": {
                                "image": {
                                    "url": "https:\/\/kit.detheme.com\/chaperone\/wp-content\/uploads\/sites\/29\/2020\/11\/valentines-day-card-with-gift-and-flowers-BAV87V3.jpg",
                                    "id": "1130"
                                }
                            },
                            "elements": [],
                            "isInner": false,
                            "widgetType": "image",
                            "elType": "widget"
                        }
                    ],
                    "isInner": "",
                    "elType": "column"
                },
                {
                    "id": "760c753f",
                    "settings": {
                        "_column_size": "50",
                        "_inline_size_tablet": "100",
                        "padding": {
                            "unit": "px",
                            "top": "0",
                            "right": "30",
                            "bottom": "0",
                            "left": "30",
                            "isLinked": ""
                        },
                        "padding_tablet": {
                            "unit": "px",
                            "top": "48",
                            "right": "30",
                            "bottom": "48",
                            "left": "30",
                            "isLinked": ""
                        },
                        "padding_mobile": {
                            "unit": "px",
                            "top": "32",
                            "right": "0",
                            "bottom": "0",
                            "left": "0",
                            "isLinked": ""
                        }
                    },
                    "elements": [
                        {
                            "id": "7f1c17e5",
                            "settings": {
                                "title": "Platinium Gift Card",
                                "_margin": {
                                    "unit": "px",
                                    "top": "0",
                                    "right": "0",
                                    "bottom": "16",
                                    "left": "0",
                                    "isLinked": ""
                                },
                                "header_size": "div",
                                "align_mobile": "center",
                                "__globals__": {
                                    "typography_typography": "globals\/typography?id=text",
                                    "title_color": "globals\/colors?id=primary"
                                },
                                "align": "left",
                                "_element_width": "inherit",
                                "_element_custom_width": {
                                    "unit": "px",
                                    "size": "500"
                                },
                                "_animation": "fadeInUp",
                                "_animation_delay": "200"
                            },
                            "elements": [],
                            "isInner": false,
                            "widgetType": "heading",
                            "elType": "widget"
                        },
                        {
                            "id": "348733f5",
                            "settings": {
                                "title": "Cashback Extra 25%",
                                "_margin": {
                                    "unit": "px",
                                    "top": "0",
                                    "right": "0",
                                    "bottom": "24",
                                    "left": "0",
                                    "isLinked": ""
                                },
                                "_element_width": "inherit",
                                "_element_custom_width": {
                                    "unit": "px",
                                    "size": "500"
                                },
                                "align_mobile": "center",
                                "_animation": "fadeInUp",
                                "_animation_delay": "500"
                            },
                            "elements": [],
                            "isInner": false,
                            "widgetType": "heading",
                            "elType": "widget"
                        },
                        {
                            "id": "51ce094b",
                            "settings": {
                                "editor": "<p>Sed ut perspiciatis unde omnis iste natus error sit voluptatem accusantium doloremque laudantium, totam rem aperiam, eaque ipsa quae ab illo inventore veritatis et quasi architecto beatae vitae dicta sunt explicabo. Nemo enim ipsam voluptatem quia voluptas sit aspernatur.<\/p>",
                                "align_mobile": "center",
                                "_margin": {
                                    "unit": "px",
                                    "top": "0",
                                    "right": "0",
                                    "bottom": "48",
                                    "left": "0",
                                    "isLinked": ""
                                }
                            },
                            "elements": [],
                            "isInner": false,
                            "widgetType": "text-editor",
                            "elType": "widget"
                        },
                        {
                            "id": "757dd75a",
                            "settings": {
                                "text": "claim",
                                "align": "left",
                                "size": "lg",
                                "align_mobile": "center",
                                "text_padding": {
                                    "unit": "px",
                                    "top": "24",
                                    "right": "64",
                                    "bottom": "24",
                                    "left": "64",
                                    "isLinked": ""
                                }
                            },
                            "elements": [],
                            "isInner": false,
                            "widgetType": "button",
                            "elType": "widget"
                        }
                    ],
                    "isInner": "",
                    "elType": "column"
                }
            ],
            "isInner": "",
            "elType": "section"
        },
        {
            "id": "6ab94fa2",
            "settings": {
                "gap": "wider",
                "padding": {
                    "unit": "px",
                    "top": "0",
                    "right": "0",
                    "bottom": "0",
                    "left": "0",
                    "isLinked": ""
                },
                "padding_tablet": {
                    "unit": "px",
                    "top": "0",
                    "right": "0",
                    "bottom": "0",
                    "left": "0",
                    "isLinked": ""
                },
                "background_background": "classic",
                "border_border": "solid",
                "border_width": {
                    "unit": "px",
                    "top": "0",
                    "right": "48",
                    "bottom": "0",
                    "left": "48",
                    "isLinked": ""
                },
                "__globals__": {
                    "background_color": "",
                    "border_color": "globals\/colors?id=ec25634"
                },
                "border_width_tablet": {
                    "unit": "px",
                    "top": "0",
                    "right": "0",
                    "bottom": "0",
                    "left": "0",
                    "isLinked": "1"
                },
                "border_color": "#FFFFFF"
            },
            "elements": [
                {
                    "id": "8c2bb3c",
                    "settings": {
                        "_column_size": "100",
                        "padding_mobile": {
                            "unit": "px",
                            "top": "0",
                            "right": "0",
                            "bottom": "0",
                            "left": "0",
                            "isLinked": "1"
                        },
                        "padding": {
                            "unit": "px",
                            "top": "0",
                            "right": "30",
                            "bottom": "0",
                            "left": "30",
                            "isLinked": ""
                        }
                    },
                    "elements": [
                        {
                            "id": "8eca76c",
                            "settings": {
                                "text": "Divider",
                                "__globals__": {
                                    "color": "globals\/colors?id=785b64d"
                                }
                            },
                            "elements": [],
                            "isInner": false,
                            "widgetType": "divider",
                            "elType": "widget"
                        }
                    ],
                    "isInner": "",
                    "elType": "column"
                }
            ],
            "isInner": "",
            "elType": "section"
        },
        {
            "id": "2a9989d",
            "settings": {
                "content_position": "middle",
                "structure": "20",
                "padding": {
                    "unit": "px",
                    "top": "96",
                    "right": "30",
                    "bottom": "96",
                    "left": "30",
                    "isLinked": ""
                },
                "padding_tablet": {
                    "unit": "px",
                    "top": "48",
                    "right": "0",
                    "bottom": "0",
                    "left": "0",
                    "isLinked": ""
                },
                "padding_mobile": {
                    "unit": "px",
                    "top": "48",
                    "right": "30",
                    "bottom": "48",
                    "left": "30",
                    "isLinked": ""
                }
            },
            "elements": [
                {
                    "id": "7cf1d2c4",
                    "settings": {
                        "_column_size": "50",
                        "_inline_size_tablet": "100",
                        "padding": {
                            "unit": "px",
                            "top": "0",
                            "right": "30",
                            "bottom": "0",
                            "left": "30",
                            "isLinked": ""
                        },
                        "padding_mobile": {
                            "unit": "px",
                            "top": "0",
                            "right": "0",
                            "bottom": "0",
                            "left": "0",
                            "isLinked": "1"
                        }
                    },
                    "elements": [
                        {
                            "id": "69bfff20",
                            "settings": {
                                "image": {
                                    "url": "https:\/\/kit.detheme.com\/chaperone\/wp-content\/uploads\/sites\/29\/2020\/11\/valentines-day-card-with-gift-and-flowers-JB3F452.jpg",
                                    "id": "1131"
                                }
                            },
                            "elements": [],
                            "isInner": false,
                            "widgetType": "image",
                            "elType": "widget"
                        }
                    ],
                    "isInner": "",
                    "elType": "column"
                },
                {
                    "id": "4a7b389f",
                    "settings": {
                        "_column_size": "50",
                        "_inline_size_tablet": "100",
                        "padding": {
                            "unit": "px",
                            "top": "0",
                            "right": "30",
                            "bottom": "0",
                            "left": "30",
                            "isLinked": ""
                        },
                        "padding_tablet": {
                            "unit": "px",
                            "top": "48",
                            "right": "30",
                            "bottom": "48",
                            "left": "30",
                            "isLinked": ""
                        },
                        "padding_mobile": {
                            "unit": "px",
                            "top": "32",
                            "right": "0",
                            "bottom": "0",
                            "left": "0",
                            "isLinked": ""
                        }
                    },
                    "elements": [
                        {
                            "id": "191dffdd",
                            "settings": {
                                "title": "Gold Gift Card",
                                "_margin": {
                                    "unit": "px",
                                    "top": "0",
                                    "right": "0",
                                    "bottom": "16",
                                    "left": "0",
                                    "isLinked": ""
                                },
                                "header_size": "div",
                                "align_mobile": "center",
                                "__globals__": {
                                    "typography_typography": "globals\/typography?id=text",
                                    "title_color": "globals\/colors?id=primary"
                                },
                                "align": "left",
                                "_element_width": "inherit",
                                "_element_custom_width": {
                                    "unit": "px",
                                    "size": "500"
                                },
                                "_animation": "fadeInUp",
                                "_animation_delay": "200"
                            },
                            "elements": [],
                            "isInner": false,
                            "widgetType": "heading",
                            "elType": "widget"
                        },
                        {
                            "id": "54bb55e0",
                            "settings": {
                                "title": "Cashback Extra 45%",
                                "_margin": {
                                    "unit": "px",
                                    "top": "0",
                                    "right": "0",
                                    "bottom": "24",
                                    "left": "0",
                                    "isLinked": ""
                                },
                                "_element_width": "inherit",
                                "_element_custom_width": {
                                    "unit": "px",
                                    "size": "500"
                                },
                                "align_mobile": "center",
                                "_animation": "fadeInUp",
                                "_animation_delay": "500"
                            },
                            "elements": [],
                            "isInner": false,
                            "widgetType": "heading",
                            "elType": "widget"
                        },
                        {
                            "id": "3866e240",
                            "settings": {
                                "editor": "<p>Sed ut perspiciatis unde omnis iste natus error sit voluptatem accusantium doloremque laudantium, totam rem aperiam, eaque ipsa quae ab illo inventore veritatis et quasi architecto beatae vitae dicta sunt explicabo. Nemo enim ipsam voluptatem quia voluptas sit aspernatur.<\/p>",
                                "align_mobile": "center",
                                "_margin": {
                                    "unit": "px",
                                    "top": "0",
                                    "right": "0",
                                    "bottom": "48",
                                    "left": "0",
                                    "isLinked": ""
                                }
                            },
                            "elements": [],
                            "isInner": false,
                            "widgetType": "text-editor",
                            "elType": "widget"
                        },
                        {
                            "id": "2a0fae97",
                            "settings": {
                                "text": "claim",
                                "align": "left",
                                "size": "lg",
                                "align_mobile": "center",
                                "text_padding": {
                                    "unit": "px",
                                    "top": "24",
                                    "right": "64",
                                    "bottom": "24",
                                    "left": "64",
                                    "isLinked": ""
                                }
                            },
                            "elements": [],
                            "isInner": false,
                            "widgetType": "button",
                            "elType": "widget"
                        }
                    ],
                    "isInner": "",
                    "elType": "column"
                }
            ],
            "isInner": "",
            "elType": "section"
        },
        {
            "id": "995711d",
            "settings": {
                "gap": "wider",
                "structure": "50",
                "padding": {
                    "unit": "px",
                    "top": "96",
                    "right": "0",
                    "bottom": "80",
                    "left": "0",
                    "isLinked": ""
                },
                "padding_tablet": {
                    "unit": "px",
                    "top": "48",
                    "right": "0",
                    "bottom": "48",
                    "left": "0",
                    "isLinked": ""
                },
                "background_background": "classic",
                "border_border": "solid",
                "border_width": {
                    "unit": "px",
                    "top": "0",
                    "right": "48",
                    "bottom": "0",
                    "left": "48",
                    "isLinked": ""
                },
                "__globals__": {
                    "background_color": "globals\/colors?id=d3ae19d",
                    "border_color": "globals\/colors?id=ec25634"
                },
                "border_width_tablet": {
                    "unit": "px",
                    "top": "0",
                    "right": "0",
                    "bottom": "0",
                    "left": "0",
                    "isLinked": "1"
                }
            },
            "elements": [
                {
                    "id": "623a69a9",
                    "settings": {
                        "_column_size": "20",
                        "_inline_size_tablet": "33.33",
                        "_inline_size_mobile": "50",
                        "padding_mobile": {
                            "unit": "px",
                            "top": "30",
                            "right": "30",
                            "bottom": "0",
                            "left": "30",
                            "isLinked": ""
                        }
                    },
                    "elements": [
                        {
                            "id": "19f43dd6",
                            "settings": {
                                "selected_icon": {
                                    "value": "icon dticon-basket-outline",
                                    "library": "dticon"
                                },
                                "title_text": "Money back guarantee\u200b",
                                "description_text": "",
                                "position": "left",
                                "title_size": "h5",
                                "icon_size": {
                                    "unit": "px",
                                    "size": "38",
                                    "sizes": []
                                },
                                "__globals__": {
                                    "primary_color": "globals\/colors?id=8fa36e4"
                                }
                            },
                            "elements": [],
                            "isInner": false,
                            "widgetType": "icon-box",
                            "elType": "widget"
                        }
                    ],
                    "isInner": "",
                    "elType": "column"
                },
                {
                    "id": "66c75ffd",
                    "settings": {
                        "_column_size": "20",
                        "_inline_size_tablet": "33.33",
                        "_inline_size_mobile": "50",
                        "padding_mobile": {
                            "unit": "px",
                            "top": "30",
                            "right": "30",
                            "bottom": "0",
                            "left": "30",
                            "isLinked": ""
                        }
                    },
                    "elements": [
                        {
                            "id": "21ef0d9a",
                            "settings": {
                                "selected_icon": {
                                    "value": "icon dticon-bicycle-outline",
                                    "library": "dticon"
                                },
                                "title_text": "Delivered in 24 hours",
                                "description_text": "",
                                "position": "left",
                                "title_size": "h5",
                                "icon_size": {
                                    "unit": "px",
                                    "size": "38",
                                    "sizes": []
                                },
                                "__globals__": {
                                    "primary_color": "globals\/colors?id=8fa36e4"
                                }
                            },
                            "elements": [],
                            "isInner": false,
                            "widgetType": "icon-box",
                            "elType": "widget"
                        }
                    ],
                    "isInner": "",
                    "elType": "column"
                },
                {
                    "id": "51c8a599",
                    "settings": {
                        "_column_size": "20",
                        "_inline_size_tablet": "33.33",
                        "_inline_size_mobile": "50",
                        "padding_mobile": {
                            "unit": "px",
                            "top": "30",
                            "right": "30",
                            "bottom": "0",
                            "left": "30",
                            "isLinked": ""
                        }
                    },
                    "elements": [
                        {
                            "id": "1218a683",
                            "settings": {
                                "selected_icon": {
                                    "value": "icon dticon-lock-closed-outline",
                                    "library": "dticon"
                                },
                                "title_text": "256-bit secure payment",
                                "description_text": "",
                                "position": "left",
                                "title_size": "h5",
                                "icon_size": {
                                    "unit": "px",
                                    "size": "38",
                                    "sizes": []
                                },
                                "__globals__": {
                                    "primary_color": "globals\/colors?id=8fa36e4"
                                }
                            },
                            "elements": [],
                            "isInner": false,
                            "widgetType": "icon-box",
                            "elType": "widget"
                        }
                    ],
                    "isInner": "",
                    "elType": "column"
                },
                {
                    "id": "70aa6c5e",
                    "settings": {
                        "_column_size": "20",
                        "_inline_size_tablet": "33.33",
                        "_inline_size_mobile": "50",
                        "padding_mobile": {
                            "unit": "px",
                            "top": "30",
                            "right": "30",
                            "bottom": "0",
                            "left": "30",
                            "isLinked": ""
                        }
                    },
                    "elements": [
                        {
                            "id": "8425dab",
                            "settings": {
                                "selected_icon": {
                                    "value": "icon dticon-globe-outline",
                                    "library": "dticon"
                                },
                                "title_text": "Free shipping worldwide",
                                "description_text": "",
                                "position": "left",
                                "title_size": "h5",
                                "icon_size": {
                                    "unit": "px",
                                    "size": "38",
                                    "sizes": []
                                },
                                "__globals__": {
                                    "primary_color": "globals\/colors?id=8fa36e4"
                                }
                            },
                            "elements": [],
                            "isInner": false,
                            "widgetType": "icon-box",
                            "elType": "widget"
                        }
                    ],
                    "isInner": "",
                    "elType": "column"
                },
                {
                    "id": "1faa1e13",
                    "settings": {
                        "_column_size": "20",
                        "_inline_size_tablet": "33.33",
                        "_inline_size_mobile": "50",
                        "padding_mobile": {
                            "unit": "px",
                            "top": "30",
                            "right": "30",
                            "bottom": "0",
                            "left": "30",
                            "isLinked": ""
                        }
                    },
                    "elements": [
                        {
                            "id": "cdf095f",
                            "settings": {
                                "selected_icon": {
                                    "value": "icon dticon-phone-portrait-outline",
                                    "library": "dticon"
                                },
                                "title_text": "Real time tracking",
                                "description_text": "",
                                "position": "left",
                                "title_size": "h5",
                                "icon_size": {
                                    "unit": "px",
                                    "size": "38",
                                    "sizes": []
                                },
                                "__globals__": {
                                    "primary_color": "globals\/colors?id=8fa36e4"
                                }
                            },
                            "elements": [],
                            "isInner": false,
                            "widgetType": "icon-box",
                            "elType": "widget"
                        }
                    ],
                    "isInner": "",
                    "elType": "column"
                }
            ],
            "isInner": "",
            "elType": "section"
        }
    ]
}