{
    "version": "0.4",
    "title": "Lookbook",
    "type": "page",
    "metadata": {
        "template_type": "single-page",
        "include_in_zip": "1",
        "elementor_pro_required": "1",
        "wp_page_template": "default"
    },
    "content": [
        {
            "id": "7b4059d1",
            "settings": {
                "background_background": "classic",
                "border_border": "solid",
                "border_width": {
                    "unit": "px",
                    "top": "0",
                    "right": "48",
                    "bottom": "0",
                    "left": "48",
                    "isLinked": ""
                },
                "border_color": "#FFFFFF",
                "padding": {
                    "unit": "px",
                    "top": "48",
                    "right": "0",
                    "bottom": "48",
                    "left": "0",
                    "isLinked": ""
                },
                "gap": "wider",
                "border_width_tablet": {
                    "unit": "px",
                    "top": "0",
                    "right": "0",
                    "bottom": "0",
                    "left": "0",
                    "isLinked": "1"
                },
                "padding_tablet": {
                    "unit": "px",
                    "top": "0",
                    "right": "0",
                    "bottom": "0",
                    "left": "0",
                    "isLinked": ""
                },
                "__globals__": {
                    "background_color": "globals\/colors?id=primary"
                },
                "overflow": "hidden",
                "padding_mobile": {
                    "unit": "px",
                    "top": "48",
                    "right": "0",
                    "bottom": "0",
                    "left": "0",
                    "isLinked": ""
                },
                "height": "min-height",
                "custom_height": {
                    "unit": "px",
                    "size": "200",
                    "sizes": []
                },
                "structure": "20",
                "background_image": {
                    "url": "https:\/\/kit.detheme.com\/chaperone\/wp-content\/uploads\/sites\/29\/2020\/11\/33-7HTVZE-1.png",
                    "id": "305"
                },
                "background_position": "initial",
                "background_xpos": {
                    "unit": "%",
                    "size": "-2",
                    "sizes": []
                },
                "background_ypos": {
                    "unit": "%",
                    "size": "8",
                    "sizes": []
                },
                "background_repeat": "no-repeat",
                "background_size": "initial",
                "background_bg_width": {
                    "unit": "px",
                    "size": "849",
                    "sizes": []
                }
            },
            "elements": [
                {
                    "id": "471cb6a9",
                    "settings": {
                        "_column_size": "50",
                        "_inline_size": "76.421",
                        "content_position": "center",
                        "padding_mobile": {
                            "unit": "px",
                            "top": "0",
                            "right": "30",
                            "bottom": "0",
                            "left": "30",
                            "isLinked": ""
                        }
                    },
                    "elements": [
                        {
                            "id": "d0d900",
                            "settings": {
                                "title": "Lookbook",
                                "header_size": "h1",
                                "__globals__": {
                                    "title_color": "globals\/colors?id=ec25634"
                                },
                                "align_mobile": "center"
                            },
                            "elements": [],
                            "isInner": false,
                            "widgetType": "heading",
                            "elType": "widget"
                        }
                    ],
                    "isInner": "",
                    "elType": "column"
                },
                {
                    "id": "951bead",
                    "settings": {
                        "_column_size": "50",
                        "_inline_size": "23.502",
                        "content_position": "center",
                        "padding_mobile": {
                            "unit": "px",
                            "top": "0",
                            "right": "30",
                            "bottom": "48",
                            "left": "30",
                            "isLinked": ""
                        }
                    },
                    "elements": [
                        {
                            "id": "72d9f13",
                            "settings": {
                                "title": "Vivamus sagittis lacus vel augue laoreet rutrum faucibus dolor ",
                                "header_size": "div",
                                "__globals__": {
                                    "typography_typography": "globals\/typography?id=primary",
                                    "title_color": "globals\/colors?id=8fa36e4"
                                },
                                "align_mobile": "center"
                            },
                            "elements": [],
                            "isInner": false,
                            "widgetType": "heading",
                            "elType": "widget"
                        }
                    ],
                    "isInner": "",
                    "elType": "column"
                }
            ],
            "isInner": "",
            "elType": "section"
        },
        {
            "id": "567f7177",
            "settings": {
                "gap": "wider",
                "structure": "30",
                "padding": {
                    "unit": "px",
                    "top": "96",
                    "right": "0",
                    "bottom": "96",
                    "left": "0",
                    "isLinked": ""
                },
                "padding_tablet": {
                    "unit": "px",
                    "top": "48",
                    "right": "0",
                    "bottom": "48",
                    "left": "0",
                    "isLinked": ""
                },
                "background_background": "classic",
                "__globals__": {
                    "background_color": ""
                }
            },
            "elements": [
                {
                    "id": "1365ac57",
                    "settings": {
                        "_column_size": "33",
                        "_inline_size": "47",
                        "_inline_size_tablet": "40",
                        "align_mobile": "center"
                    },
                    "elements": [
                        {
                            "id": "1c16eb4c",
                            "settings": {
                                "title": "SUMMER COLLECTION",
                                "header_size": "div",
                                "_margin": {
                                    "unit": "px",
                                    "top": "0",
                                    "right": "0",
                                    "bottom": "24",
                                    "left": "0",
                                    "isLinked": ""
                                },
                                "ekit_we_effect_on": "none",
                                "ekit_we_css_animation_fx": "",
                                "ekit_we_css_animation": "ekit-fade",
                                "ekit_we_css_animation_tablet": "",
                                "ekit_we_css_animation_mobile": "",
                                "ekit_we_css_animation_speed": "5",
                                "ekit_we_css_animation_iteration_count": "infinite",
                                "ekit_we_css_animation_direction": "normal",
                                "ekit_we_css_transform_fx": "",
                                "ekit_we_css_transform_fx_translate_toggle": "",
                                "ekit_we_css_transform_fx_translate_x": {
                                    "unit": "px",
                                    "size": "",
                                    "sizes": []
                                },
                                "ekit_we_css_transform_fx_translate_x_tablet": {
                                    "unit": "px",
                                    "size": "",
                                    "sizes": []
                                },
                                "ekit_we_css_transform_fx_translate_x_mobile": {
                                    "unit": "px",
                                    "size": "",
                                    "sizes": []
                                },
                                "ekit_we_css_transform_fx_translate_y": {
                                    "unit": "px",
                                    "size": "",
                                    "sizes": []
                                },
                                "ekit_we_css_transform_fx_translate_y_tablet": {
                                    "unit": "px",
                                    "size": "",
                                    "sizes": []
                                },
                                "ekit_we_css_transform_fx_translate_y_mobile": {
                                    "unit": "px",
                                    "size": "",
                                    "sizes": []
                                },
                                "ekit_we_css_transform_fx_rotate_toggle": "",
                                "ekit_we_css_transform_fx_rotate_z": {
                                    "unit": "px",
                                    "size": "",
                                    "sizes": []
                                },
                                "ekit_we_css_transform_fx_rotate_z_tablet": {
                                    "unit": "px",
                                    "size": "",
                                    "sizes": []
                                },
                                "ekit_we_css_transform_fx_rotate_z_mobile": {
                                    "unit": "px",
                                    "size": "",
                                    "sizes": []
                                },
                                "ekit_we_css_transform_fx_rotate_x": {
                                    "unit": "px",
                                    "size": "",
                                    "sizes": []
                                },
                                "ekit_we_css_transform_fx_rotate_x_tablet": {
                                    "unit": "px",
                                    "size": "",
                                    "sizes": []
                                },
                                "ekit_we_css_transform_fx_rotate_x_mobile": {
                                    "unit": "px",
                                    "size": "",
                                    "sizes": []
                                },
                                "ekit_we_css_transform_fx_rotate_y": {
                                    "unit": "px",
                                    "size": "",
                                    "sizes": []
                                },
                                "ekit_we_css_transform_fx_rotate_y_tablet": {
                                    "unit": "px",
                                    "size": "",
                                    "sizes": []
                                },
                                "ekit_we_css_transform_fx_rotate_y_mobile": {
                                    "unit": "px",
                                    "size": "",
                                    "sizes": []
                                },
                                "ekit_we_css_transform_fx_scale_toggle": "",
                                "ekit_we_css_transform_fx_scale_x": {
                                    "unit": "px",
                                    "size": "1",
                                    "sizes": []
                                },
                                "ekit_we_css_transform_fx_scale_x_tablet": {
                                    "unit": "px",
                                    "size": "",
                                    "sizes": []
                                },
                                "ekit_we_css_transform_fx_scale_x_mobile": {
                                    "unit": "px",
                                    "size": "",
                                    "sizes": []
                                },
                                "ekit_we_css_transform_fx_scale_y": {
                                    "unit": "px",
                                    "size": "1",
                                    "sizes": []
                                },
                                "ekit_we_css_transform_fx_scale_y_tablet": {
                                    "unit": "px",
                                    "size": "",
                                    "sizes": []
                                },
                                "ekit_we_css_transform_fx_scale_y_mobile": {
                                    "unit": "px",
                                    "size": "",
                                    "sizes": []
                                },
                                "ekit_we_css_transform_fx_skew_toggle": "",
                                "ekit_we_css_transform_fx_skew_x": {
                                    "unit": "px",
                                    "size": "",
                                    "sizes": []
                                },
                                "ekit_we_css_transform_fx_skew_x_tablet": {
                                    "unit": "px",
                                    "size": "",
                                    "sizes": []
                                },
                                "ekit_we_css_transform_fx_skew_x_mobile": {
                                    "unit": "px",
                                    "size": "",
                                    "sizes": []
                                },
                                "ekit_we_css_transform_fx_skew_y": {
                                    "unit": "px",
                                    "size": "",
                                    "sizes": []
                                },
                                "ekit_we_css_transform_fx_skew_y_tablet": {
                                    "unit": "px",
                                    "size": "",
                                    "sizes": []
                                },
                                "ekit_we_css_transform_fx_skew_y_mobile": {
                                    "unit": "px",
                                    "size": "",
                                    "sizes": []
                                },
                                "ekit_we_on_test_mode": "on",
                                "ekit_we_tilt_maxtilt": "20",
                                "ekit_we_tilt_scale": "1",
                                "ekit_we_tilt_disableaxis": "",
                                "ekit_we_mousemove_parallax_speed": "40",
                                "ekit_we_scroll_animation": "translateY",
                                "ekit_we_scroll_animation_value": "250",
                                "ekit_we_scroll_smoothness": "700",
                                "ekit_we_scroll_offsettop": "0",
                                "ekit_we_scroll_offsetbottom": "0",
                                "ekit_sticky": "",
                                "ekit_sticky_on": [
                                    "desktop",
                                    "tablet",
                                    "mobile"
                                ],
                                "ekit_sticky_offset": {
                                    "unit": "px",
                                    "size": "0",
                                    "sizes": []
                                },
                                "ekit_sticky_effect_offset": {
                                    "unit": "px",
                                    "size": "0",
                                    "sizes": []
                                },
                                "__globals__": {
                                    "typography_typography": "globals\/typography?id=text",
                                    "title_color": ""
                                },
                                "align_mobile": "center",
                                "_animation": "fadeInUp",
                                "_animation_delay": "200",
                                "typography_typography": "custom",
                                "typography_font_size": {
                                    "unit": "px",
                                    "size": "12",
                                    "sizes": []
                                },
                                "typography_font_weight": "600",
                                "typography_text_transform": "uppercase",
                                "typography_line_height": {
                                    "unit": "em",
                                    "size": "1.5",
                                    "sizes": []
                                },
                                "typography_letter_spacing": {
                                    "unit": "px",
                                    "size": "3",
                                    "sizes": []
                                }
                            },
                            "elements": [],
                            "isInner": false,
                            "widgetType": "heading",
                            "elType": "widget"
                        },
                        {
                            "id": "5ba18ea1",
                            "settings": {
                                "title": "Shopping Everyday",
                                "_margin": {
                                    "unit": "px",
                                    "top": "0",
                                    "right": "0",
                                    "bottom": "24",
                                    "left": "0",
                                    "isLinked": ""
                                },
                                "align_mobile": "center",
                                "align": "left",
                                "align_tablet": "left",
                                "_animation": "fadeInUp",
                                "_animation_delay": "500"
                            },
                            "elements": [],
                            "isInner": false,
                            "widgetType": "heading",
                            "elType": "widget"
                        },
                        {
                            "id": "260cbf4f",
                            "settings": {
                                "editor": "<p>Sed ut perspiciatis unde omnis iste natus error sit voluptatem accusantium doloremque laudantium totam rem aperiam.<\/p>",
                                "text_columns": "1",
                                "column_gap": {
                                    "unit": "px",
                                    "size": "64",
                                    "sizes": []
                                },
                                "drop_cap_primary_color": "#333333",
                                "drop_cap_space": {
                                    "unit": "px",
                                    "size": "19",
                                    "sizes": []
                                },
                                "drop_cap_typography_typography": "custom",
                                "drop_cap_typography_font_size": {
                                    "unit": "px",
                                    "size": "68",
                                    "sizes": []
                                },
                                "drop_cap_typography_font_weight": "200",
                                "drop_cap_typography_line_height": {
                                    "unit": "em",
                                    "size": "1",
                                    "sizes": []
                                },
                                "_element_width": "inherit",
                                "_element_custom_width": {
                                    "unit": "px",
                                    "size": "500"
                                },
                                "__globals__": {
                                    "drop_cap_primary_color": "globals\/colors?id=secondary",
                                    "drop_cap_typography_typography": ""
                                },
                                "drop_cap_typography_letter_spacing": {
                                    "unit": "px",
                                    "size": "",
                                    "sizes": []
                                },
                                "drop_cap_typography_letter_spacing_tablet": {
                                    "unit": "px",
                                    "size": "",
                                    "sizes": []
                                },
                                "drop_cap_typography_letter_spacing_mobile": {
                                    "unit": "px",
                                    "size": "",
                                    "sizes": []
                                },
                                "text_columns_tablet": "1",
                                "align_mobile": "center",
                                "_margin": {
                                    "unit": "px",
                                    "top": "0",
                                    "right": "0",
                                    "bottom": "24",
                                    "left": "0",
                                    "isLinked": ""
                                },
                                "_margin_tablet": {
                                    "unit": "px",
                                    "top": "0",
                                    "right": "0",
                                    "bottom": "24",
                                    "left": "0",
                                    "isLinked": ""
                                }
                            },
                            "elements": [],
                            "isInner": false,
                            "widgetType": "text-editor",
                            "elType": "widget"
                        },
                        {
                            "id": "6e2ab861",
                            "settings": {
                                "text": "Discover More",
                                "align": "left",
                                "size": "lg",
                                "align_mobile": "center"
                            },
                            "elements": [],
                            "isInner": false,
                            "widgetType": "button",
                            "elType": "widget"
                        }
                    ],
                    "isInner": "",
                    "elType": "column"
                },
                {
                    "id": "79af09cb",
                    "settings": {
                        "_column_size": "33",
                        "_inline_size": "6.846",
                        "_inline_size_tablet": "2"
                    },
                    "elements": [],
                    "isInner": "",
                    "elType": "column"
                },
                {
                    "id": "2bc19639",
                    "settings": {
                        "_column_size": "33",
                        "_inline_size": "45.753",
                        "_inline_size_tablet": "56"
                    },
                    "elements": [
                        {
                            "id": "3fa08c51",
                            "settings": {
                                "title": "",
                                "percent": {
                                    "unit": "%",
                                    "size": "79",
                                    "sizes": []
                                },
                                "inner_text": "Golden decor",
                                "_margin": {
                                    "unit": "px",
                                    "top": "0",
                                    "right": "0",
                                    "bottom": "24",
                                    "left": "0",
                                    "isLinked": ""
                                },
                                "__globals__": {
                                    "bar_color": "globals\/colors?id=primary"
                                }
                            },
                            "elements": [],
                            "isInner": false,
                            "widgetType": "progress",
                            "elType": "widget"
                        },
                        {
                            "id": "21fff8de",
                            "settings": {
                                "title": "",
                                "percent": {
                                    "unit": "%",
                                    "size": "85",
                                    "sizes": []
                                },
                                "inner_text": "Black Dress",
                                "_margin": {
                                    "unit": "px",
                                    "top": "0",
                                    "right": "0",
                                    "bottom": "24",
                                    "left": "0",
                                    "isLinked": ""
                                },
                                "__globals__": {
                                    "bar_color": "globals\/colors?id=primary"
                                }
                            },
                            "elements": [],
                            "isInner": false,
                            "widgetType": "progress",
                            "elType": "widget"
                        },
                        {
                            "id": "21e3ae7a",
                            "settings": {
                                "title": "",
                                "percent": {
                                    "unit": "%",
                                    "size": "93",
                                    "sizes": []
                                },
                                "inner_text": "Accessories",
                                "_margin": {
                                    "unit": "px",
                                    "top": "0",
                                    "right": "0",
                                    "bottom": "24",
                                    "left": "0",
                                    "isLinked": ""
                                },
                                "__globals__": {
                                    "bar_color": "globals\/colors?id=primary"
                                }
                            },
                            "elements": [],
                            "isInner": false,
                            "widgetType": "progress",
                            "elType": "widget"
                        },
                        {
                            "id": "50c6ead5",
                            "settings": {
                                "title": "",
                                "percent": {
                                    "unit": "%",
                                    "size": "77",
                                    "sizes": []
                                },
                                "inner_text": "t-shirt",
                                "_margin": {
                                    "unit": "px",
                                    "top": "0",
                                    "right": "0",
                                    "bottom": "24",
                                    "left": "0",
                                    "isLinked": ""
                                },
                                "__globals__": {
                                    "bar_color": "globals\/colors?id=primary"
                                }
                            },
                            "elements": [],
                            "isInner": false,
                            "widgetType": "progress",
                            "elType": "widget"
                        },
                        {
                            "id": "3c1f817c",
                            "settings": {
                                "title": "",
                                "percent": {
                                    "unit": "%",
                                    "size": "64",
                                    "sizes": []
                                },
                                "inner_text": "Shoes",
                                "_margin": {
                                    "unit": "px",
                                    "top": "0",
                                    "right": "0",
                                    "bottom": "24",
                                    "left": "0",
                                    "isLinked": ""
                                },
                                "__globals__": {
                                    "bar_color": "globals\/colors?id=primary"
                                }
                            },
                            "elements": [],
                            "isInner": false,
                            "widgetType": "progress",
                            "elType": "widget"
                        }
                    ],
                    "isInner": "",
                    "elType": "column"
                }
            ],
            "isInner": "",
            "elType": "section"
        },
        {
            "id": "4bd9457",
            "settings": {
                "layout": "full_width",
                "gap": "no",
                "margin": {
                    "unit": "px",
                    "top": "0",
                    "right": "0",
                    "bottom": "0",
                    "left": "0",
                    "isLinked": ""
                },
                "__globals__": [],
                "overflow": "hidden",
                "margin_tablet": {
                    "unit": "px",
                    "top": "0",
                    "right": "0",
                    "bottom": "0",
                    "left": "0",
                    "isLinked": "1"
                },
                "padding_tablet": {
                    "unit": "px",
                    "top": "0",
                    "right": "0",
                    "bottom": "0",
                    "left": "0",
                    "isLinked": "1"
                }
            },
            "elements": [
                {
                    "id": "1a5c35f3",
                    "settings": {
                        "_column_size": "100"
                    },
                    "elements": [
                        {
                            "id": "85193f1",
                            "settings": {
                                "dethemekit_carousel_content_type": "repeater",
                                "dethemekit_carousel_templates_repeater": [
                                    {
                                        "_id": "b3702d4",
                                        "dethemekit_carousel_repeater_item": "Carousel &#8211; 01"
                                    },
                                    {
                                        "dethemekit_carousel_repeater_item": "Carousel &#8211; 02",
                                        "_id": "3a25bb2"
                                    },
                                    {
                                        "dethemekit_carousel_repeater_item": "Carousel &#8211; 03",
                                        "_id": "627b611"
                                    },
                                    {
                                        "dethemekit_carousel_repeater_item": "Carousel &#8211; 04",
                                        "_id": "439c9cf"
                                    },
                                    {
                                        "dethemekit_carousel_repeater_item": "Carousel &#8211; 05",
                                        "_id": "b688ffa"
                                    }
                                ],
                                "dethemekit_carousel_responsive_desktop": "4",
                                "dethemekit_carousel_slides_to_show": "single",
                                "dethemekit_carousel_speed": "800",
                                "dethemekit_carousel_arrow_position": {
                                    "unit": "px",
                                    "size": "40",
                                    "sizes": []
                                },
                                "__globals__": {
                                    "dethemekit_carousel_arrow_bg_color": "globals\/colors?id=primary",
                                    "dethemekit_carousel_arrow_color": "globals\/colors?id=ec25634",
                                    "dethemekit_carousel_dot_navigation_color": "globals\/colors?id=a047deb",
                                    "dethemekit_carousel_ripple_active_color": "globals\/colors?id=ec25634",
                                    "dethemekit_carousel_dot_navigation_active_color": "globals\/colors?id=ec25634"
                                },
                                "dethemekit_carousel_dot_position": "above",
                                "dethemekit_carousel_dot_offset": {
                                    "unit": "%",
                                    "size": "97",
                                    "sizes": []
                                },
                                "dethemekit_carousel_dot_voffset": {
                                    "unit": "%",
                                    "size": "50",
                                    "sizes": []
                                },
                                "dethemekit_carousel_navigation_effect": "yes",
                                "dethemekit_carousel_space_btw_items": "0",
                                "dethemekit_carousel_arrow_icon_next": "right_arrow_long",
                                "dethemekit_carousel_arrow_icon_prev": "left_arrow_long",
                                "dethemekit_carousel_arrows_radius_normal": {
                                    "unit": "px",
                                    "size": "0",
                                    "sizes": []
                                },
                                "dethemekit_carousel_navigation_show": "",
                                "dethemekit_carousel_dot_offset_tablet": {
                                    "unit": "px",
                                    "size": "20",
                                    "sizes": []
                                },
                                "dethemekit_carousel_dot_voffset_tablet": {
                                    "unit": "px",
                                    "size": "100",
                                    "sizes": []
                                }
                            },
                            "elements": [],
                            "isInner": false,
                            "widgetType": "dethemekit-carousel-widget",
                            "elType": "widget"
                        }
                    ],
                    "isInner": "",
                    "elType": "column"
                }
            ],
            "isInner": "",
            "elType": "section"
        },
        {
            "id": "1fe11065",
            "settings": {
                "gap": "wider",
                "padding": {
                    "unit": "px",
                    "top": "96",
                    "right": "0",
                    "bottom": "96",
                    "left": "0",
                    "isLinked": ""
                },
                "padding_tablet": {
                    "unit": "px",
                    "top": "48",
                    "right": "0",
                    "bottom": "48",
                    "left": "0",
                    "isLinked": ""
                },
                "padding_mobile": {
                    "unit": "px",
                    "top": "0",
                    "right": "0",
                    "bottom": "0",
                    "left": "0",
                    "isLinked": ""
                }
            },
            "elements": [
                {
                    "id": "7f241fb7",
                    "settings": {
                        "_column_size": "100"
                    },
                    "elements": [
                        {
                            "id": "7771c522",
                            "settings": {
                                "slides": [
                                    {
                                        "image": {
                                            "url": "https:\/\/kit.detheme.com\/brailon\/wp-content\/uploads\/sites\/10\/2020\/08\/Asset-2-1.png",
                                            "id": "155"
                                        },
                                        "_id": "e728c0d"
                                    },
                                    {
                                        "image": {
                                            "url": "https:\/\/kit.detheme.com\/brailon\/wp-content\/uploads\/sites\/10\/2020\/08\/Asset-3-1.png",
                                            "id": "156"
                                        },
                                        "_id": "bb3d5a1"
                                    },
                                    {
                                        "image": {
                                            "url": "https:\/\/kit.detheme.com\/brailon\/wp-content\/uploads\/sites\/10\/2020\/08\/Asset-5-1.png",
                                            "id": "158"
                                        },
                                        "_id": "aadbf1f"
                                    },
                                    {
                                        "image": {
                                            "url": "https:\/\/kit.detheme.com\/brailon\/wp-content\/uploads\/sites\/10\/2020\/08\/Asset-6-1.png",
                                            "id": "159"
                                        },
                                        "_id": "06530be"
                                    },
                                    {
                                        "image": {
                                            "url": "https:\/\/kit.detheme.com\/brailon\/wp-content\/uploads\/sites\/10\/2020\/08\/Asset-10-1.png",
                                            "id": "164"
                                        },
                                        "_id": "cb9845c"
                                    },
                                    {
                                        "image": {
                                            "url": "https:\/\/kit.detheme.com\/brailon\/wp-content\/uploads\/sites\/10\/2020\/08\/Asset-9.png",
                                            "id": "162"
                                        },
                                        "_id": "0b53c53"
                                    }
                                ],
                                "slides_per_view": "6",
                                "height": {
                                    "unit": "px",
                                    "size": "160",
                                    "sizes": []
                                },
                                "show_arrows": "",
                                "pagination": "",
                                "image_fit": "contain",
                                "space_between": {
                                    "unit": "px",
                                    "size": "96",
                                    "sizes": []
                                },
                                "slide_padding": {
                                    "unit": "px",
                                    "top": "0",
                                    "right": "0",
                                    "bottom": "0",
                                    "left": "0",
                                    "isLinked": "1"
                                },
                                "slides_per_view_tablet": "4",
                                "space_between_tablet": {
                                    "unit": "px",
                                    "size": "96",
                                    "sizes": []
                                },
                                "__globals__": {
                                    "slide_background_color": "globals\/colors?id=07414c8"
                                },
                                "slides_per_view_mobile": "3",
                                "height_mobile": {
                                    "unit": "px",
                                    "size": "100",
                                    "sizes": []
                                },
                                "space_between_mobile": {
                                    "unit": "px",
                                    "size": "64",
                                    "sizes": []
                                }
                            },
                            "elements": [],
                            "isInner": false,
                            "widgetType": "media-carousel",
                            "elType": "widget"
                        }
                    ],
                    "isInner": "",
                    "elType": "column"
                }
            ],
            "isInner": "",
            "elType": "section"
        },
        {
            "id": "e5ccd55",
            "settings": {
                "background_background": "classic",
                "border_border": "solid",
                "border_width": {
                    "unit": "px",
                    "top": "0",
                    "right": "48",
                    "bottom": "0",
                    "left": "48",
                    "isLinked": ""
                },
                "border_color": "#FFFFFF",
                "padding": {
                    "unit": "px",
                    "top": "128",
                    "right": "0",
                    "bottom": "48",
                    "left": "0",
                    "isLinked": ""
                },
                "gap": "wider",
                "border_width_tablet": {
                    "unit": "px",
                    "top": "0",
                    "right": "0",
                    "bottom": "0",
                    "left": "0",
                    "isLinked": "1"
                },
                "padding_tablet": {
                    "unit": "px",
                    "top": "48",
                    "right": "0",
                    "bottom": "0",
                    "left": "0",
                    "isLinked": ""
                },
                "__globals__": {
                    "background_color": "globals\/colors?id=d3ae19d"
                },
                "overflow": "hidden",
                "padding_mobile": {
                    "unit": "px",
                    "top": "0",
                    "right": "0",
                    "bottom": "0",
                    "left": "0",
                    "isLinked": ""
                }
            },
            "elements": [
                {
                    "id": "141db9e0",
                    "settings": {
                        "_column_size": "100"
                    },
                    "elements": [
                        {
                            "id": "61b20167",
                            "settings": {
                                "image": {
                                    "url": "https:\/\/kit.detheme.com\/chaperone\/wp-content\/uploads\/sites\/29\/2020\/11\/33-7HTVZE.png",
                                    "id": "109"
                                },
                                "width": {
                                    "unit": "%",
                                    "size": "100",
                                    "sizes": []
                                },
                                "opacity": {
                                    "unit": "px",
                                    "size": "0.03",
                                    "sizes": []
                                },
                                "_z_index": "0",
                                "_element_width": "initial",
                                "_element_custom_width": {
                                    "unit": "px",
                                    "size": "803",
                                    "sizes": []
                                },
                                "_position": "absolute",
                                "_offset_x": {
                                    "size": "17.523",
                                    "unit": "%"
                                },
                                "_offset_y": {
                                    "size": "-35",
                                    "unit": "%"
                                },
                                "_element_width_tablet": "initial",
                                "_element_custom_width_tablet": {
                                    "unit": "px",
                                    "size": "525",
                                    "sizes": []
                                },
                                "_offset_x_mobile": {
                                    "size": "-128.437",
                                    "unit": "px"
                                },
                                "_offset_y_mobile": {
                                    "size": "-74.641",
                                    "unit": "px"
                                },
                                "image_size": "full",
                                "motion_fx_motion_fx_scrolling": "yes",
                                "motion_fx_rotateZ_direction": "negative",
                                "motion_fx_rotateZ_speed": {
                                    "unit": "px",
                                    "size": "7",
                                    "sizes": []
                                },
                                "motion_fx_scale_effect": "yes"
                            },
                            "elements": [],
                            "isInner": false,
                            "widgetType": "image",
                            "elType": "widget"
                        },
                        {
                            "id": "1bc32281",
                            "settings": {
                                "slides": [
                                    {
                                        "content": "\u201cDonec ullamcorper nulla non metus auctor fringilla. Maecenas sed diam eget risus varius blandit sit amet non magna. Maecenas faucibus mollis interdum. Lorem ipsum dolor sit amet, consectetur adipiscing elit. Ut elit tellus, luctus nec ullamcorper mattis, pulvinar dapibus leo\u201d",
                                        "name": "Bryan Twain",
                                        "title": "Verified Buyer",
                                        "image": {
                                            "url": "https:\/\/kit.detheme.com\/dexor\/wp-content\/uploads\/sites\/8\/2020\/08\/slice3.jpg",
                                            "id": "215"
                                        },
                                        "_id": "ccd0f4d"
                                    },
                                    {
                                        "content": "\u201cLorem ipsum dolor sit amet, consectetur adipiscing elit. Ut elit tellus, luctus nec ullamcorper mattis, pulvinar dapibus leo Cum sociis natoque penatibus et magnis dis parturient montes, nascetur ridiculus mus. Donec sed odio dui.\u201d",
                                        "name": "Mark Doe",
                                        "title": "Verified Buyer",
                                        "image": {
                                            "url": "https:\/\/kit.detheme.com\/dexor\/wp-content\/uploads\/sites\/8\/2020\/08\/slice1.jpg",
                                            "id": "213"
                                        },
                                        "_id": "66854fa"
                                    },
                                    {
                                        "content": "\u201cMorbi leo risus, porta ac consectetur ac, vestibulum at eros. Integer posuere erat a ante venenatis dapibus posuere velit aliquet. Lorem ipsum dolor sit amet, consectetur adipiscing elit. Ut elit tellus, luctus nec ullamcorper mattis, pulvinar dapibus leo\u201d",
                                        "name": "Tim Feriz",
                                        "title": "Verified Buyer",
                                        "image": {
                                            "url": "https:\/\/kit.detheme.com\/dexor\/wp-content\/uploads\/sites\/8\/2020\/08\/slice2.jpg",
                                            "id": "214"
                                        },
                                        "_id": "f9e376a"
                                    }
                                ],
                                "width": {
                                    "unit": "px",
                                    "size": "900",
                                    "sizes": []
                                },
                                "show_arrows": "",
                                "image_size_size": "medium",
                                "content_typography_typography": "custom",
                                "content_typography_font_weight": "100",
                                "content_typography_font_style": "normal",
                                "name_color": "#333333",
                                "name_typography_typography": "custom",
                                "name_typography_font_size": {
                                    "unit": "px",
                                    "size": "16",
                                    "sizes": []
                                },
                                "title_typography_typography": "custom",
                                "title_typography_font_size": {
                                    "unit": "px",
                                    "size": "12",
                                    "sizes": []
                                },
                                "title_typography_font_weight": "500",
                                "title_typography_text_transform": "uppercase",
                                "title_typography_letter_spacing": {
                                    "unit": "px",
                                    "size": "3",
                                    "sizes": []
                                },
                                "pagination_size": {
                                    "unit": "px",
                                    "size": "3",
                                    "sizes": []
                                },
                                "speed": "1000",
                                "width_tablet": {
                                    "unit": "%",
                                    "size": "100",
                                    "sizes": []
                                },
                                "content_typography_font_size": {
                                    "unit": "px",
                                    "size": "21",
                                    "sizes": []
                                },
                                "content_typography_line_height": {
                                    "unit": "em",
                                    "size": "1.4",
                                    "sizes": []
                                },
                                "__globals__": {
                                    "content_typography_typography": ""
                                }
                            },
                            "elements": [],
                            "isInner": false,
                            "widgetType": "testimonial-carousel",
                            "elType": "widget"
                        }
                    ],
                    "isInner": "",
                    "elType": "column"
                }
            ],
            "isInner": "",
            "elType": "section"
        },
        {
            "id": "77b33ca6",
            "settings": {
                "structure": "40",
                "gap": "wider",
                "padding": {
                    "unit": "px",
                    "top": "48",
                    "right": "0",
                    "bottom": "30",
                    "left": "0",
                    "isLinked": ""
                },
                "padding_tablet": {
                    "unit": "px",
                    "top": "48",
                    "right": "0",
                    "bottom": "48",
                    "left": "0",
                    "isLinked": ""
                }
            },
            "elements": [
                {
                    "id": "45e2c8be",
                    "settings": {
                        "_column_size": "25",
                        "content_position": "center",
                        "align": "space-between",
                        "_inline_size_tablet": "50"
                    },
                    "elements": [
                        {
                            "id": "4f1b2876",
                            "settings": {
                                "suffix": "%",
                                "title": "",
                                "_element_width": "initial",
                                "_element_custom_width": {
                                    "unit": "%",
                                    "size": "40",
                                    "sizes": []
                                },
                                "__globals__": {
                                    "typography_number_typography": "",
                                    "number_color": "globals\/colors?id=8fa36e4"
                                },
                                "number_color": "#999999",
                                "typography_number_typography": "custom",
                                "typography_number_font_size": {
                                    "unit": "px",
                                    "size": "38",
                                    "sizes": []
                                },
                                "typography_number_font_weight": "100",
                                "typography_number_line_height": {
                                    "unit": "em",
                                    "size": "1.1",
                                    "sizes": []
                                }
                            },
                            "elements": [],
                            "isInner": false,
                            "widgetType": "counter",
                            "elType": "widget"
                        },
                        {
                            "id": "3d32c543",
                            "settings": {
                                "title": "Customer satisfaction",
                                "header_size": "div",
                                "typography_typography": "custom",
                                "typography_font_size": {
                                    "unit": "px",
                                    "size": "21",
                                    "sizes": []
                                },
                                "typography_font_weight": "700",
                                "typography_line_height": {
                                    "unit": "em",
                                    "size": "1.2",
                                    "sizes": []
                                },
                                "typography_letter_spacing": {
                                    "unit": "px",
                                    "size": "0",
                                    "sizes": []
                                },
                                "_element_width": "initial",
                                "_element_custom_width": {
                                    "unit": "%",
                                    "size": "50",
                                    "sizes": []
                                },
                                "__globals__": {
                                    "typography_typography": "",
                                    "title_color": "globals\/colors?id=secondary"
                                }
                            },
                            "elements": [],
                            "isInner": false,
                            "widgetType": "heading",
                            "elType": "widget"
                        }
                    ],
                    "isInner": "",
                    "elType": "column"
                },
                {
                    "id": "5a97639a",
                    "settings": {
                        "_column_size": "25",
                        "content_position": "center",
                        "align": "space-between",
                        "_inline_size_tablet": "50"
                    },
                    "elements": [
                        {
                            "id": "19e9307e",
                            "settings": {
                                "ending_number": "250",
                                "suffix": "+",
                                "title": "",
                                "_element_width": "initial",
                                "_element_custom_width": {
                                    "unit": "%",
                                    "size": "40",
                                    "sizes": []
                                },
                                "__globals__": {
                                    "typography_number_typography": "",
                                    "number_color": "globals\/colors?id=8fa36e4"
                                },
                                "number_color": "#999999",
                                "typography_number_typography": "custom",
                                "typography_number_font_size": {
                                    "unit": "px",
                                    "size": "38",
                                    "sizes": []
                                },
                                "typography_number_font_weight": "100",
                                "typography_number_line_height": {
                                    "unit": "em",
                                    "size": "1.1",
                                    "sizes": []
                                }
                            },
                            "elements": [],
                            "isInner": false,
                            "widgetType": "counter",
                            "elType": "widget"
                        },
                        {
                            "id": "1e19e5e4",
                            "settings": {
                                "title": "Authentic local brand",
                                "header_size": "div",
                                "typography_typography": "custom",
                                "typography_font_size": {
                                    "unit": "px",
                                    "size": "21",
                                    "sizes": []
                                },
                                "typography_font_weight": "700",
                                "typography_line_height": {
                                    "unit": "em",
                                    "size": "1.2",
                                    "sizes": []
                                },
                                "typography_letter_spacing": {
                                    "unit": "px",
                                    "size": "0",
                                    "sizes": []
                                },
                                "_element_width": "initial",
                                "_element_custom_width": {
                                    "unit": "%",
                                    "size": "50",
                                    "sizes": []
                                },
                                "__globals__": {
                                    "typography_typography": "",
                                    "title_color": "globals\/colors?id=secondary"
                                }
                            },
                            "elements": [],
                            "isInner": false,
                            "widgetType": "heading",
                            "elType": "widget"
                        }
                    ],
                    "isInner": "",
                    "elType": "column"
                },
                {
                    "id": "21b38dd5",
                    "settings": {
                        "_column_size": "25",
                        "content_position": "center",
                        "align": "space-between",
                        "_inline_size_tablet": "50"
                    },
                    "elements": [
                        {
                            "id": "6891cd50",
                            "settings": {
                                "ending_number": "8778",
                                "title": "",
                                "_element_width": "initial",
                                "_element_custom_width": {
                                    "unit": "%",
                                    "size": "40",
                                    "sizes": []
                                },
                                "__globals__": {
                                    "typography_number_typography": "",
                                    "number_color": "globals\/colors?id=8fa36e4"
                                },
                                "number_color": "#999999",
                                "typography_number_typography": "custom",
                                "typography_number_font_size": {
                                    "unit": "px",
                                    "size": "38",
                                    "sizes": []
                                },
                                "typography_number_font_weight": "100",
                                "typography_number_line_height": {
                                    "unit": "em",
                                    "size": "1.1",
                                    "sizes": []
                                }
                            },
                            "elements": [],
                            "isInner": false,
                            "widgetType": "counter",
                            "elType": "widget"
                        },
                        {
                            "id": "796d4684",
                            "settings": {
                                "title": "Purchases in 2021",
                                "header_size": "div",
                                "typography_typography": "custom",
                                "typography_font_size": {
                                    "unit": "px",
                                    "size": "21",
                                    "sizes": []
                                },
                                "typography_font_weight": "700",
                                "typography_line_height": {
                                    "unit": "em",
                                    "size": "1.2",
                                    "sizes": []
                                },
                                "typography_letter_spacing": {
                                    "unit": "px",
                                    "size": "0",
                                    "sizes": []
                                },
                                "_element_width": "initial",
                                "_element_custom_width": {
                                    "unit": "%",
                                    "size": "50",
                                    "sizes": []
                                },
                                "__globals__": {
                                    "typography_typography": "",
                                    "title_color": "globals\/colors?id=secondary"
                                }
                            },
                            "elements": [],
                            "isInner": false,
                            "widgetType": "heading",
                            "elType": "widget"
                        }
                    ],
                    "isInner": "",
                    "elType": "column"
                },
                {
                    "id": "277092d9",
                    "settings": {
                        "_column_size": "25",
                        "content_position": "center",
                        "align": "space-between",
                        "_inline_size_tablet": "50"
                    },
                    "elements": [
                        {
                            "id": "159440a1",
                            "settings": {
                                "ending_number": "5",
                                "title": "",
                                "_element_width": "initial",
                                "_element_custom_width": {
                                    "unit": "%",
                                    "size": "40",
                                    "sizes": []
                                },
                                "__globals__": {
                                    "typography_number_typography": "",
                                    "number_color": "globals\/colors?id=8fa36e4"
                                },
                                "suffix": "\/5",
                                "number_color": "#999999",
                                "typography_number_typography": "custom",
                                "typography_number_font_size": {
                                    "unit": "px",
                                    "size": "38",
                                    "sizes": []
                                },
                                "typography_number_font_weight": "100",
                                "typography_number_line_height": {
                                    "unit": "em",
                                    "size": "1.1",
                                    "sizes": []
                                }
                            },
                            "elements": [],
                            "isInner": false,
                            "widgetType": "counter",
                            "elType": "widget"
                        },
                        {
                            "id": "50abc8e1",
                            "settings": {
                                "title": "Level A Rating",
                                "header_size": "div",
                                "typography_typography": "custom",
                                "typography_font_size": {
                                    "unit": "px",
                                    "size": "21",
                                    "sizes": []
                                },
                                "typography_font_weight": "700",
                                "typography_line_height": {
                                    "unit": "em",
                                    "size": "1.2",
                                    "sizes": []
                                },
                                "typography_letter_spacing": {
                                    "unit": "px",
                                    "size": "0",
                                    "sizes": []
                                },
                                "_element_width": "initial",
                                "_element_custom_width": {
                                    "unit": "%",
                                    "size": "50",
                                    "sizes": []
                                },
                                "__globals__": {
                                    "typography_typography": "",
                                    "title_color": "globals\/colors?id=secondary"
                                }
                            },
                            "elements": [],
                            "isInner": false,
                            "widgetType": "heading",
                            "elType": "widget"
                        }
                    ],
                    "isInner": "",
                    "elType": "column"
                }
            ],
            "isInner": "",
            "elType": "section"
        },
        {
            "id": "3e36eb00",
            "settings": {
                "gap": "wider",
                "padding": {
                    "unit": "px",
                    "top": "0",
                    "right": "0",
                    "bottom": "0",
                    "left": "0",
                    "isLinked": ""
                },
                "padding_tablet": {
                    "unit": "px",
                    "top": "0",
                    "right": "0",
                    "bottom": "0",
                    "left": "0",
                    "isLinked": ""
                },
                "background_background": "classic",
                "border_border": "solid",
                "border_width": {
                    "unit": "px",
                    "top": "0",
                    "right": "48",
                    "bottom": "0",
                    "left": "48",
                    "isLinked": ""
                },
                "__globals__": {
                    "background_color": "",
                    "border_color": "globals\/colors?id=ec25634"
                },
                "border_width_tablet": {
                    "unit": "px",
                    "top": "0",
                    "right": "0",
                    "bottom": "0",
                    "left": "0",
                    "isLinked": "1"
                },
                "layout": "full_width",
                "border_color": "#FFFFFF"
            },
            "elements": [
                {
                    "id": "67712e3",
                    "settings": {
                        "_column_size": "100",
                        "padding_mobile": {
                            "unit": "px",
                            "top": "0",
                            "right": "0",
                            "bottom": "0",
                            "left": "0",
                            "isLinked": "1"
                        },
                        "padding": {
                            "unit": "px",
                            "top": "0",
                            "right": "0",
                            "bottom": "0",
                            "left": "0",
                            "isLinked": "1"
                        }
                    },
                    "elements": [
                        {
                            "id": "17319f7c",
                            "settings": {
                                "text": "Divider",
                                "__globals__": {
                                    "color": "globals\/colors?id=785b64d"
                                }
                            },
                            "elements": [],
                            "isInner": false,
                            "widgetType": "divider",
                            "elType": "widget"
                        }
                    ],
                    "isInner": "",
                    "elType": "column"
                }
            ],
            "isInner": "",
            "elType": "section"
        }
    ]
}