{
    "version": "0.4",
    "title": "Optin Popup IV",
    "type": "popup",
    "metadata": {
        "template_type": "section-popup",
        "include_in_zip": "1",
        "elementor_pro_required": "1",
        "elementor_library_type": "popup",
        "elementor_pro_conditions": [
            "include\/general"
        ],
        "additional_template_information": [
            "This is a \"Popup\" template for Elementor Pro.",
            "This template will display on: Entire Site."
        ],
        "wp_page_template": "default"
    },
    "content": [
        {
            "id": "49e4c01",
            "settings": {
                "border_radius": {
                    "unit": "px",
                    "top": "4",
                    "right": "4",
                    "bottom": "4",
                    "left": "4",
                    "isLinked": "1"
                },
                "gap": "extended",
                "height": "min-height",
                "column_position": "bottom",
                "background_background": "classic",
                "background_position": "center center",
                "background_repeat": "no-repeat",
                "background_size": "cover",
                "background_overlay_background": "gradient",
                "background_overlay_color_stop": {
                    "unit": "%",
                    "size": "45",
                    "sizes": []
                },
                "background_overlay_color_b_stop": {
                    "unit": "%",
                    "size": "6",
                    "sizes": []
                },
                "background_overlay_gradient_angle": {
                    "unit": "deg",
                    "size": "250",
                    "sizes": []
                },
                "background_overlay_opacity": {
                    "unit": "px",
                    "size": "1",
                    "sizes": []
                },
                "__globals__": {
                    "background_overlay_color_b": "globals\/colors?id=ec25634",
                    "background_overlay_color": "globals\/colors?id=07414c8"
                },
                "custom_height_mobile": {
                    "unit": "px",
                    "size": "0",
                    "sizes": []
                },
                "background_size_mobile": "initial",
                "background_bg_width_mobile": {
                    "unit": "px",
                    "size": "0",
                    "sizes": []
                },
                "padding_mobile": {
                    "unit": "px",
                    "top": "0",
                    "right": "0",
                    "bottom": "0",
                    "left": "0",
                    "isLinked": ""
                }
            },
            "elements": [
                {
                    "id": "3679fa94",
                    "settings": {
                        "_column_size": "100"
                    },
                    "elements": [
                        {
                            "id": "1e3a844c",
                            "settings": {
                                "space": {
                                    "unit": "px",
                                    "size": "32",
                                    "sizes": []
                                },
                                "_background_background": "classic",
                                "_element_width": "initial",
                                "_element_custom_width": {
                                    "unit": "px",
                                    "size": "32",
                                    "sizes": []
                                },
                                "_position": "absolute",
                                "_offset_orientation_h": "end",
                                "__globals__": {
                                    "_background_color": "globals\/colors?id=ec25634"
                                }
                            },
                            "elements": [],
                            "isInner": false,
                            "widgetType": "spacer",
                            "elType": "widget"
                        },
                        {
                            "id": "1cff32a5",
                            "settings": {
                                "image": {
                                    "id": "1124",
                                    "url": "https:\/\/kit.detheme.com\/chaperone\/wp-content\/uploads\/sites\/29\/2020\/11\/fashionable-man-posing-next-to-a-retro-sports-moto-7D2WXKP.jpg"
                                },
                                "_margin": {
                                    "unit": "px",
                                    "top": "0",
                                    "right": "0",
                                    "bottom": "24",
                                    "left": "0",
                                    "isLinked": ""
                                }
                            },
                            "elements": [],
                            "isInner": false,
                            "widgetType": "image",
                            "elType": "widget"
                        },
                        {
                            "id": "3f6a14b9",
                            "settings": {
                                "structure": "30"
                            },
                            "elements": [
                                {
                                    "id": "41d32b24",
                                    "settings": {
                                        "_column_size": "33",
                                        "_inline_size": "36.719"
                                    },
                                    "elements": [
                                        {
                                            "id": "442741d6",
                                            "settings": {
                                                "title": "Join our newsletter\nand get 20% discount",
                                                "header_size": "h5",
                                                "align": "left",
                                                "_margin": {
                                                    "unit": "px",
                                                    "top": "0",
                                                    "right": "0",
                                                    "bottom": "8",
                                                    "left": "0",
                                                    "isLinked": ""
                                                }
                                            },
                                            "elements": [],
                                            "isInner": false,
                                            "widgetType": "heading",
                                            "elType": "widget"
                                        }
                                    ],
                                    "isInner": "1",
                                    "elType": "column"
                                },
                                {
                                    "id": "3aed49c6",
                                    "settings": {
                                        "_column_size": "33",
                                        "_inline_size": "8.906"
                                    },
                                    "elements": [],
                                    "isInner": "1",
                                    "elType": "column"
                                },
                                {
                                    "id": "3a1980b6",
                                    "settings": {
                                        "_column_size": "33",
                                        "_inline_size": "53.708",
                                        "content_position": "bottom",
                                        "align": "flex-end",
                                        "padding": {
                                            "unit": "px",
                                            "top": "0",
                                            "right": "0",
                                            "bottom": "0",
                                            "left": "0",
                                            "isLinked": ""
                                        }
                                    },
                                    "elements": [
                                        {
                                            "id": "672d4e37",
                                            "settings": {
                                                "form_name": "Subscribe",
                                                "form_fields": [
                                                    {
                                                        "custom_id": "email",
                                                        "field_type": "email",
                                                        "required": "true",
                                                        "field_label": "Email",
                                                        "placeholder": "your email address",
                                                        "width": "60",
                                                        "_id": "1737d1b",
                                                        "previous_button": "",
                                                        "next_button": "",
                                                        "file_sizes": "",
                                                        "file_types": "",
                                                        "allow_multiple_upload": "",
                                                        "max_files": "",
                                                        "acceptance_text": "",
                                                        "checked_by_default": "",
                                                        "field_min": "",
                                                        "field_max": "",
                                                        "min_date": "",
                                                        "max_date": "",
                                                        "use_native_date": "",
                                                        "use_native_time": "",
                                                        "rows": "4"
                                                    }
                                                ],
                                                "step_next_label": "Next",
                                                "step_previous_label": "Previous",
                                                "button_text": "Subscribe",
                                                "submit_actions": [
                                                    "email",
                                                    "mailchimp"
                                                ],
                                                "email_content": "[all-fields]",
                                                "email_content_2": "[all-fields]",
                                                "success_message": "The form was sent successfully.",
                                                "error_message": "An error occured.",
                                                "required_field_message": "This field is required.",
                                                "invalid_message": "There's something wrong. The form is invalid.",
                                                "show_labels": "",
                                                "button_width": "40",
                                                "_element_width": "inherit",
                                                "input_size": "md",
                                                "button_size": "md",
                                                "column_gap": {
                                                    "unit": "px",
                                                    "size": "16",
                                                    "sizes": []
                                                },
                                                "row_gap": {
                                                    "unit": "px",
                                                    "size": "0",
                                                    "sizes": []
                                                },
                                                "_margin": {
                                                    "unit": "px",
                                                    "top": "0",
                                                    "right": "0",
                                                    "bottom": "16",
                                                    "left": "0",
                                                    "isLinked": ""
                                                },
                                                "_padding": {
                                                    "unit": "px",
                                                    "top": "0",
                                                    "right": "0",
                                                    "bottom": "0",
                                                    "left": "0",
                                                    "isLinked": ""
                                                },
                                                "button_text_padding": {
                                                    "unit": "px",
                                                    "top": "0",
                                                    "right": "22",
                                                    "bottom": "0",
                                                    "left": "22",
                                                    "isLinked": ""
                                                }
                                            },
                                            "elements": [],
                                            "isInner": false,
                                            "widgetType": "form",
                                            "elType": "widget"
                                        },
                                        {
                                            "id": "545a020",
                                            "settings": {
                                                "title": "Promotion nulla vitae elit libero a pharetra augue",
                                                "header_size": "div",
                                                "__globals__": {
                                                    "typography_typography": "globals\/typography?id=5ec7628",
                                                    "title_color": "globals\/colors?id=8fa36e4"
                                                }
                                            },
                                            "elements": [],
                                            "isInner": false,
                                            "widgetType": "heading",
                                            "elType": "widget"
                                        }
                                    ],
                                    "isInner": "1",
                                    "elType": "column"
                                }
                            ],
                            "isInner": "1",
                            "elType": "section"
                        }
                    ],
                    "isInner": "",
                    "elType": "column"
                }
            ],
            "isInner": "",
            "elType": "section"
        }
    ],
    "page_settings": {
        "entrance_animation": "slideInUp",
        "exit_animation": "fadeIn",
        "entrance_animation_duration": {
            "unit": "px",
            "size": "0.6",
            "sizes": []
        },
        "margin": {
            "unit": "px",
            "top": "24",
            "right": "24",
            "bottom": "24",
            "left": "24",
            "isLinked": "1"
        },
        "padding": {
            "unit": "px",
            "top": "0",
            "right": "0",
            "bottom": "0",
            "left": "0",
            "isLinked": "1"
        },
        "margin_mobile": {
            "unit": "px",
            "top": "0",
            "right": "0",
            "bottom": "0",
            "left": "0",
            "isLinked": "1"
        },
        "width": {
            "unit": "px",
            "size": "700",
            "sizes": []
        },
        "border_radius": {
            "unit": "px",
            "top": "4",
            "right": "4",
            "bottom": "4",
            "left": "4",
            "isLinked": "1"
        },
        "__globals__": {
            "close_button_color": "globals\/colors?id=secondary",
            "close_button_background_color": "globals\/colors?id=ec25634"
        },
        "close_button_vertical": {
            "unit": "px",
            "size": "20",
            "sizes": []
        },
        "close_button_horizontal": {
            "unit": "px",
            "size": "22",
            "sizes": []
        },
        "icon_size": {
            "unit": "px",
            "size": "14",
            "sizes": []
        }
    }
}