{
    "version": "0.4",
    "title": "Shop",
    "type": "page",
    "metadata": {
        "template_type": "single-page",
        "include_in_zip": "1",
        "elementor_pro_required": "1",
        "wp_page_template": "default"
    },
    "content": [
        {
            "id": "32379944",
            "settings": {
                "background_background": "classic",
                "border_border": "solid",
                "border_width": {
                    "unit": "px",
                    "top": "0",
                    "right": "48",
                    "bottom": "0",
                    "left": "48",
                    "isLinked": ""
                },
                "border_color": "#FFFFFF",
                "padding": {
                    "unit": "px",
                    "top": "48",
                    "right": "0",
                    "bottom": "48",
                    "left": "0",
                    "isLinked": ""
                },
                "gap": "wider",
                "border_width_tablet": {
                    "unit": "px",
                    "top": "0",
                    "right": "0",
                    "bottom": "0",
                    "left": "0",
                    "isLinked": "1"
                },
                "padding_tablet": {
                    "unit": "px",
                    "top": "0",
                    "right": "0",
                    "bottom": "0",
                    "left": "0",
                    "isLinked": ""
                },
                "__globals__": {
                    "background_color": "globals\/colors?id=primary"
                },
                "overflow": "hidden",
                "padding_mobile": {
                    "unit": "px",
                    "top": "48",
                    "right": "0",
                    "bottom": "0",
                    "left": "0",
                    "isLinked": ""
                },
                "height": "min-height",
                "custom_height": {
                    "unit": "px",
                    "size": "200",
                    "sizes": []
                },
                "structure": "20",
                "background_image": {
                    "url": "https:\/\/kit.detheme.com\/chaperone\/wp-content\/uploads\/sites\/29\/2020\/11\/33-7HTVZE-1.png",
                    "id": "305"
                },
                "background_position": "initial",
                "background_xpos": {
                    "unit": "%",
                    "size": "-2",
                    "sizes": []
                },
                "background_ypos": {
                    "unit": "%",
                    "size": "8",
                    "sizes": []
                },
                "background_repeat": "no-repeat",
                "background_size": "initial",
                "background_bg_width": {
                    "unit": "px",
                    "size": "849",
                    "sizes": []
                }
            },
            "elements": [
                {
                    "id": "3f887159",
                    "settings": {
                        "_column_size": "50",
                        "_inline_size": "76.421",
                        "content_position": "center",
                        "padding_mobile": {
                            "unit": "px",
                            "top": "0",
                            "right": "30",
                            "bottom": "0",
                            "left": "30",
                            "isLinked": ""
                        }
                    },
                    "elements": [
                        {
                            "id": "442ce5fc",
                            "settings": {
                                "title": "Shop",
                                "header_size": "h1",
                                "__globals__": {
                                    "title_color": "globals\/colors?id=ec25634"
                                },
                                "align_mobile": "center"
                            },
                            "elements": [],
                            "isInner": false,
                            "widgetType": "heading",
                            "elType": "widget"
                        }
                    ],
                    "isInner": "",
                    "elType": "column"
                },
                {
                    "id": "212fb0a9",
                    "settings": {
                        "_column_size": "50",
                        "_inline_size": "23.502",
                        "content_position": "center",
                        "padding_mobile": {
                            "unit": "px",
                            "top": "0",
                            "right": "30",
                            "bottom": "48",
                            "left": "30",
                            "isLinked": ""
                        }
                    },
                    "elements": [
                        {
                            "id": "4413931d",
                            "settings": {
                                "title": "Vivamus sagittis lacus vel augue laoreet rutrum faucibus dolor ",
                                "header_size": "div",
                                "__globals__": {
                                    "typography_typography": "globals\/typography?id=primary",
                                    "title_color": "globals\/colors?id=8fa36e4"
                                },
                                "align_mobile": "center"
                            },
                            "elements": [],
                            "isInner": false,
                            "widgetType": "heading",
                            "elType": "widget"
                        }
                    ],
                    "isInner": "",
                    "elType": "column"
                }
            ],
            "isInner": "",
            "elType": "section"
        },
        {
            "id": "5b1d099b",
            "settings": {
                "gap": "wider",
                "structure": "30",
                "padding": {
                    "unit": "px",
                    "top": "96",
                    "right": "0",
                    "bottom": "96",
                    "left": "0",
                    "isLinked": ""
                },
                "padding_tablet": {
                    "unit": "px",
                    "top": "48",
                    "right": "0",
                    "bottom": "48",
                    "left": "0",
                    "isLinked": ""
                },
                "overflow": "hidden"
            },
            "elements": [
                {
                    "id": "3a2eeafa",
                    "settings": {
                        "_column_size": "33",
                        "_inline_size": "72.965",
                        "_inline_size_tablet": "100",
                        "padding": {
                            "unit": "px",
                            "top": "0",
                            "right": "30",
                            "bottom": "0",
                            "left": "30",
                            "isLinked": ""
                        },
                        "padding_mobile": {
                            "unit": "px",
                            "top": "30",
                            "right": "30",
                            "bottom": "30",
                            "left": "30",
                            "isLinked": "1"
                        }
                    },
                    "elements": [
                        {
                            "id": "785ddaea",
                            "settings": {
                                "column_gap": {
                                    "unit": "px",
                                    "size": "24",
                                    "sizes": []
                                },
                                "row_gap": {
                                    "unit": "px",
                                    "size": "80",
                                    "sizes": []
                                },
                                "align": "center",
                                "title_typography_typography": "custom",
                                "title_typography_font_size": {
                                    "unit": "px",
                                    "size": "16",
                                    "sizes": []
                                },
                                "title_typography_font_weight": "700",
                                "title_spacing": {
                                    "unit": "px",
                                    "size": "0",
                                    "sizes": []
                                },
                                "price_color": "#6B6B6B",
                                "price_typography_typography": "custom",
                                "price_typography_font_size": {
                                    "unit": "px",
                                    "size": "16",
                                    "sizes": []
                                },
                                "button_background_color": "rgba(2, 1, 1, 0)",
                                "button_typography_typography": "custom",
                                "button_typography_font_size": {
                                    "unit": "px",
                                    "size": "12",
                                    "sizes": []
                                },
                                "button_typography_font_weight": "500",
                                "button_typography_text_transform": "uppercase",
                                "button_typography_line_height": {
                                    "unit": "em",
                                    "size": "1.5",
                                    "sizes": []
                                },
                                "button_typography_letter_spacing": {
                                    "unit": "px",
                                    "size": "1.4",
                                    "sizes": []
                                },
                                "button_hover_color": "#000000",
                                "button_hover_border_color": "#000000",
                                "button_border_border": "solid",
                                "button_border_width": {
                                    "unit": "px",
                                    "top": "0",
                                    "right": "0",
                                    "bottom": "1",
                                    "left": "0",
                                    "isLinked": ""
                                },
                                "button_border_radius": {
                                    "unit": "px",
                                    "top": "0",
                                    "right": "0",
                                    "bottom": "0",
                                    "left": "0",
                                    "isLinked": "1"
                                },
                                "button_text_padding": {
                                    "unit": "px",
                                    "top": "0",
                                    "right": "0",
                                    "bottom": "0",
                                    "left": "0",
                                    "isLinked": ""
                                },
                                "onsale_typography_typography": "custom",
                                "onsale_typography_font_size": {
                                    "unit": "px",
                                    "size": "10",
                                    "sizes": []
                                },
                                "onsale_typography_font_weight": "500",
                                "onsale_typography_text_transform": "uppercase",
                                "onsale_typography_letter_spacing": {
                                    "unit": "px",
                                    "size": "1.2",
                                    "sizes": []
                                },
                                "onsale_width": {
                                    "unit": "px",
                                    "size": "48",
                                    "sizes": []
                                },
                                "onsale_height": {
                                    "unit": "px",
                                    "size": "48",
                                    "sizes": []
                                },
                                "onsale_distance": {
                                    "unit": "px",
                                    "size": "-20",
                                    "sizes": []
                                },
                                "paginate": "yes",
                                "__globals__": {
                                    "button_border_color": "globals\/colors?id=b41e63e",
                                    "button_text_color": "globals\/colors?id=primary",
                                    "onsale_text_background_color": "globals\/colors?id=primary",
                                    "view_cart_typography_typography": "globals\/typography?id=secondary",
                                    "pagination_link_color_hover": "globals\/colors?id=ec25634",
                                    "pagination_link_bg_color_hover": "globals\/colors?id=primary",
                                    "pagination_link_color_active": "globals\/colors?id=8fa36e4",
                                    "pagination_link_bg_color_active": "globals\/colors?id=d3ae19d",
                                    "onsale_text_color": "globals\/colors?id=ec25634"
                                },
                                "pagination_spacing": {
                                    "unit": "px",
                                    "size": "96",
                                    "sizes": []
                                },
                                "show_pagination_border": "",
                                "pagination_padding": {
                                    "unit": "px",
                                    "size": "16",
                                    "sizes": []
                                },
                                "columns": "3"
                            },
                            "elements": [],
                            "isInner": false,
                            "widgetType": "woocommerce-products",
                            "elType": "widget"
                        }
                    ],
                    "isInner": "",
                    "elType": "column"
                },
                {
                    "id": "486401d7",
                    "settings": {
                        "_column_size": "33",
                        "_inline_size": "3.331",
                        "align": "center",
                        "border_radius": {
                            "unit": "px",
                            "top": "0",
                            "right": "0",
                            "bottom": "0",
                            "left": "0",
                            "isLinked": ""
                        },
                        "box_shadow_box_shadow": {
                            "horizontal": "1",
                            "vertical": "0",
                            "blur": "10",
                            "spread": "0",
                            "color": "#000000"
                        },
                        "padding": {
                            "unit": "px",
                            "top": "0",
                            "right": "0",
                            "bottom": "0",
                            "left": "0",
                            "isLinked": ""
                        },
                        "__globals__": {
                            "background_color": "globals\/colors?id=secondary"
                        },
                        "margin_tablet": {
                            "unit": "%",
                            "top": "-100000",
                            "right": "0",
                            "bottom": "0",
                            "left": "0",
                            "isLinked": ""
                        }
                    },
                    "elements": [],
                    "isInner": "",
                    "elType": "column"
                },
                {
                    "id": "5277b876",
                    "settings": {
                        "_column_size": "33",
                        "_inline_size": "23.277",
                        "_inline_size_tablet": "100",
                        "padding": {
                            "unit": "px",
                            "top": "0",
                            "right": "24",
                            "bottom": "30",
                            "left": "30",
                            "isLinked": ""
                        },
                        "padding_mobile": {
                            "unit": "px",
                            "top": "48",
                            "right": "30",
                            "bottom": "48",
                            "left": "30",
                            "isLinked": ""
                        },
                        "__globals__": {
                            "background_color": "globals\/colors?id=d3ae19d"
                        }
                    },
                    "elements": [
                        {
                            "id": "6a386cce",
                            "settings": {
                                "placeholder": "Search...",
                                "button_text": "go",
                                "size": {
                                    "unit": "px",
                                    "size": "52",
                                    "sizes": []
                                },
                                "input_background_color": "#FFFFFF",
                                "border_radius": {
                                    "unit": "px",
                                    "size": "2",
                                    "sizes": []
                                },
                                "_margin": {
                                    "unit": "px",
                                    "top": "0",
                                    "right": "0",
                                    "bottom": "48",
                                    "left": "0",
                                    "isLinked": ""
                                },
                                "icon": "arrow",
                                "button_type": "text",
                                "button_width": {
                                    "unit": "px",
                                    "size": "1",
                                    "sizes": []
                                },
                                "__globals__": {
                                    "input_background_color": "globals\/colors?id=28b6ea98",
                                    "input_border_color": "",
                                    "button_typography_typography": "globals\/typography?id=secondary",
                                    "button_background_color": "globals\/colors?id=primary"
                                }
                            },
                            "elements": [],
                            "isInner": false,
                            "widgetType": "search-form",
                            "elType": "widget"
                        },
                        {
                            "id": "5ea7457e",
                            "settings": {
                                "margin": {
                                    "unit": "px",
                                    "top": "0",
                                    "right": "0",
                                    "bottom": "48",
                                    "left": "0",
                                    "isLinked": ""
                                }
                            },
                            "elements": [
                                {
                                    "id": "3b06e9e",
                                    "settings": {
                                        "_column_size": "100",
                                        "padding": {
                                            "unit": "px",
                                            "top": "0",
                                            "right": "0",
                                            "bottom": "0",
                                            "left": "0",
                                            "isLinked": ""
                                        }
                                    },
                                    "elements": [
                                        {
                                            "id": "294b4242",
                                            "settings": {
                                                "text": "Divider",
                                                "gap": {
                                                    "unit": "px",
                                                    "size": "0",
                                                    "sizes": []
                                                },
                                                "_margin": {
                                                    "unit": "px",
                                                    "top": "0",
                                                    "right": "0",
                                                    "bottom": "0",
                                                    "left": "0",
                                                    "isLinked": ""
                                                },
                                                "_z_index": "0",
                                                "_position": "absolute",
                                                "_offset_y": {
                                                    "unit": "px",
                                                    "size": "14",
                                                    "sizes": []
                                                },
                                                "__globals__": {
                                                    "color": "globals\/colors?id=4ade329"
                                                }
                                            },
                                            "elements": [],
                                            "isInner": false,
                                            "widgetType": "divider",
                                            "elType": "widget"
                                        },
                                        {
                                            "id": "49399af3",
                                            "settings": {
                                                "title": "Categories",
                                                "header_size": "h5",
                                                "_margin": {
                                                    "unit": "px",
                                                    "top": "0",
                                                    "right": "0",
                                                    "bottom": "24",
                                                    "left": "0",
                                                    "isLinked": ""
                                                },
                                                "_padding": {
                                                    "unit": "px",
                                                    "top": "0",
                                                    "right": "16",
                                                    "bottom": "0",
                                                    "left": "0",
                                                    "isLinked": ""
                                                },
                                                "_z_index": "1",
                                                "_background_background": "classic",
                                                "_element_width": "auto",
                                                "__globals__": {
                                                    "title_color": "globals\/colors?id=secondary",
                                                    "_background_color": "globals\/colors?id=ec25634"
                                                }
                                            },
                                            "elements": [],
                                            "isInner": false,
                                            "widgetType": "heading",
                                            "elType": "widget"
                                        },
                                        {
                                            "id": "439194ac",
                                            "settings": {
                                                "columns": "2",
                                                "column_gap": {
                                                    "unit": "px",
                                                    "size": "22",
                                                    "sizes": []
                                                },
                                                "title_typography_typography": "custom",
                                                "title_typography_font_size": {
                                                    "unit": "px",
                                                    "size": "15",
                                                    "sizes": []
                                                },
                                                "count_color": "#ADADAD",
                                                "count_typography_typography": "custom",
                                                "count_typography_font_size": {
                                                    "unit": "px",
                                                    "size": "12",
                                                    "sizes": []
                                                },
                                                "number": "6",
                                                "source": "by_parent",
                                                "columns_tablet": "2"
                                            },
                                            "elements": [],
                                            "isInner": false,
                                            "widgetType": "wc-categories",
                                            "elType": "widget"
                                        }
                                    ],
                                    "isInner": "1",
                                    "elType": "column"
                                }
                            ],
                            "isInner": "1",
                            "elType": "section"
                        },
                        {
                            "id": "598c9ce9",
                            "settings": {
                                "margin": {
                                    "unit": "px",
                                    "top": "0",
                                    "right": "0",
                                    "bottom": "48",
                                    "left": "0",
                                    "isLinked": ""
                                }
                            },
                            "elements": [
                                {
                                    "id": "689af3a1",
                                    "settings": {
                                        "_column_size": "100",
                                        "padding": {
                                            "unit": "px",
                                            "top": "0",
                                            "right": "0",
                                            "bottom": "0",
                                            "left": "0",
                                            "isLinked": ""
                                        }
                                    },
                                    "elements": [
                                        {
                                            "id": "3e56ac75",
                                            "settings": {
                                                "text": "Divider",
                                                "gap": {
                                                    "unit": "px",
                                                    "size": "0",
                                                    "sizes": []
                                                },
                                                "_margin": {
                                                    "unit": "px",
                                                    "top": "0",
                                                    "right": "0",
                                                    "bottom": "0",
                                                    "left": "0",
                                                    "isLinked": ""
                                                },
                                                "_z_index": "0",
                                                "_position": "absolute",
                                                "_offset_y": {
                                                    "unit": "px",
                                                    "size": "14",
                                                    "sizes": []
                                                },
                                                "__globals__": {
                                                    "color": "globals\/colors?id=4ade329"
                                                }
                                            },
                                            "elements": [],
                                            "isInner": false,
                                            "widgetType": "divider",
                                            "elType": "widget"
                                        },
                                        {
                                            "id": "627e35da",
                                            "settings": {
                                                "title": "Testimonials",
                                                "header_size": "h5",
                                                "_margin": {
                                                    "unit": "px",
                                                    "top": "0",
                                                    "right": "0",
                                                    "bottom": "24",
                                                    "left": "0",
                                                    "isLinked": ""
                                                },
                                                "_padding": {
                                                    "unit": "px",
                                                    "top": "0",
                                                    "right": "16",
                                                    "bottom": "0",
                                                    "left": "0",
                                                    "isLinked": ""
                                                },
                                                "_z_index": "1",
                                                "_background_background": "classic",
                                                "_element_width": "auto",
                                                "__globals__": {
                                                    "title_color": "globals\/colors?id=secondary",
                                                    "_background_color": "globals\/colors?id=ec25634"
                                                }
                                            },
                                            "elements": [],
                                            "isInner": false,
                                            "widgetType": "heading",
                                            "elType": "widget"
                                        },
                                        {
                                            "id": "54f2870c",
                                            "settings": {
                                                "slides": [
                                                    {
                                                        "content": "\u201cLorem ipsum dolor sit amet, consectetur adipiscing elit. Ut elit tellus, luctus nec ullamcorper mattis, pulvinar dapibus leo\u201d",
                                                        "name": "John Doe",
                                                        "title": "Accountant, Colibri",
                                                        "image": {
                                                            "url": "https:\/\/kit.detheme.com\/dexor\/wp-content\/uploads\/sites\/8\/2020\/08\/slice3.jpg",
                                                            "id": "215"
                                                        },
                                                        "_id": "074a119"
                                                    },
                                                    {
                                                        "content": "\u201cLorem ipsum dolor sit amet, consectetur adipiscing elit. Ut elit tellus, luctus nec ullamcorper mattis, pulvinar dapibus leo\u201d",
                                                        "name": "Max Powell",
                                                        "title": "CEO, Falcon",
                                                        "image": {
                                                            "url": "https:\/\/kit.detheme.com\/dexor\/wp-content\/uploads\/sites\/8\/2020\/08\/slice2.jpg",
                                                            "id": "214"
                                                        },
                                                        "_id": "eb46ccf"
                                                    },
                                                    {
                                                        "content": "\u201cLorem ipsum dolor sit amet, consectetur adipiscing elit. Ut elit tellus, luctus nec ullamcorper mattis, pulvinar dapibus leo\u201d",
                                                        "name": "Alex Palo",
                                                        "title": "Owner, Eagle",
                                                        "image": {
                                                            "url": "https:\/\/kit.detheme.com\/dexor\/wp-content\/uploads\/sites\/8\/2020\/08\/slice1.jpg",
                                                            "id": "213"
                                                        },
                                                        "_id": "5439117"
                                                    }
                                                ],
                                                "alignment": "left",
                                                "show_arrows": "",
                                                "speed": "900",
                                                "slide_padding": {
                                                    "unit": "px",
                                                    "top": "0",
                                                    "right": "0",
                                                    "bottom": "0",
                                                    "left": "0",
                                                    "isLinked": ""
                                                },
                                                "content_typography_typography": "custom",
                                                "content_typography_font_size": {
                                                    "unit": "px",
                                                    "size": "18",
                                                    "sizes": []
                                                },
                                                "content_typography_font_weight": "100",
                                                "content_typography_font_style": "normal",
                                                "name_color": "#333333",
                                                "name_typography_typography": "custom",
                                                "name_typography_font_size": {
                                                    "unit": "px",
                                                    "size": "16",
                                                    "sizes": []
                                                },
                                                "name_typography_font_weight": "700",
                                                "title_typography_typography": "custom",
                                                "title_typography_font_size": {
                                                    "unit": "px",
                                                    "size": "11",
                                                    "sizes": []
                                                },
                                                "title_typography_font_weight": "400",
                                                "title_typography_text_transform": "uppercase",
                                                "title_typography_letter_spacing": {
                                                    "unit": "px",
                                                    "size": "1",
                                                    "sizes": []
                                                },
                                                "_margin": {
                                                    "unit": "px",
                                                    "top": "0",
                                                    "right": "-9",
                                                    "bottom": "0",
                                                    "left": "-9",
                                                    "isLinked": ""
                                                },
                                                "__globals__": {
                                                    "title_color": "globals\/colors?id=8fa36e4"
                                                }
                                            },
                                            "elements": [],
                                            "isInner": false,
                                            "widgetType": "testimonial-carousel",
                                            "elType": "widget"
                                        }
                                    ],
                                    "isInner": "1",
                                    "elType": "column"
                                }
                            ],
                            "isInner": "1",
                            "elType": "section"
                        },
                        {
                            "id": "53bc1500",
                            "settings": {
                                "margin": {
                                    "unit": "px",
                                    "top": "0",
                                    "right": "0",
                                    "bottom": "48",
                                    "left": "0",
                                    "isLinked": ""
                                }
                            },
                            "elements": [
                                {
                                    "id": "6094afbd",
                                    "settings": {
                                        "_column_size": "100",
                                        "padding": {
                                            "unit": "px",
                                            "top": "0",
                                            "right": "0",
                                            "bottom": "0",
                                            "left": "0",
                                            "isLinked": ""
                                        }
                                    },
                                    "elements": [
                                        {
                                            "id": "c3e7c39",
                                            "settings": {
                                                "text": "Divider",
                                                "gap": {
                                                    "unit": "px",
                                                    "size": "0",
                                                    "sizes": []
                                                },
                                                "_margin": {
                                                    "unit": "px",
                                                    "top": "0",
                                                    "right": "0",
                                                    "bottom": "0",
                                                    "left": "0",
                                                    "isLinked": ""
                                                },
                                                "_z_index": "0",
                                                "_position": "absolute",
                                                "_offset_y": {
                                                    "unit": "px",
                                                    "size": "14",
                                                    "sizes": []
                                                },
                                                "__globals__": {
                                                    "color": "globals\/colors?id=4ade329"
                                                }
                                            },
                                            "elements": [],
                                            "isInner": false,
                                            "widgetType": "divider",
                                            "elType": "widget"
                                        },
                                        {
                                            "id": "68fc3543",
                                            "settings": {
                                                "title": "Follow and subscribe",
                                                "header_size": "h5",
                                                "_margin": {
                                                    "unit": "px",
                                                    "top": "0",
                                                    "right": "0",
                                                    "bottom": "24",
                                                    "left": "0",
                                                    "isLinked": ""
                                                },
                                                "_padding": {
                                                    "unit": "px",
                                                    "top": "0",
                                                    "right": "16",
                                                    "bottom": "0",
                                                    "left": "0",
                                                    "isLinked": ""
                                                },
                                                "_z_index": "1",
                                                "_background_background": "classic",
                                                "_element_width": "auto",
                                                "__globals__": {
                                                    "title_color": "globals\/colors?id=secondary",
                                                    "_background_color": "globals\/colors?id=ec25634"
                                                }
                                            },
                                            "elements": [],
                                            "isInner": false,
                                            "widgetType": "heading",
                                            "elType": "widget"
                                        },
                                        {
                                            "id": "22199a36",
                                            "settings": {
                                                "social_icon_list": [
                                                    {
                                                        "social_icon": {
                                                            "value": "fab fa-facebook",
                                                            "library": "fa-brands"
                                                        },
                                                        "_id": "137cd67"
                                                    },
                                                    {
                                                        "social_icon": {
                                                            "value": "fab fa-twitter",
                                                            "library": "fa-brands"
                                                        },
                                                        "_id": "eaa720a"
                                                    },
                                                    {
                                                        "social_icon": {
                                                            "value": "fab fa-youtube",
                                                            "library": "fa-brands"
                                                        },
                                                        "_id": "3790639"
                                                    },
                                                    {
                                                        "social_icon": {
                                                            "value": "fab fa-linkedin",
                                                            "library": "fa-brands"
                                                        },
                                                        "_id": "580f044"
                                                    },
                                                    {
                                                        "social_icon": {
                                                            "value": "fab fa-instagram",
                                                            "library": "fa-brands"
                                                        },
                                                        "link": {
                                                            "url": "#",
                                                            "is_external": "true",
                                                            "nofollow": "",
                                                            "custom_attributes": ""
                                                        },
                                                        "_id": "0b75838"
                                                    },
                                                    {
                                                        "social_icon": {
                                                            "value": "fab fa-pinterest",
                                                            "library": "fa-brands"
                                                        },
                                                        "link": {
                                                            "url": "#",
                                                            "is_external": "true",
                                                            "nofollow": "",
                                                            "custom_attributes": ""
                                                        },
                                                        "_id": "2f86553"
                                                    }
                                                ],
                                                "align": "left",
                                                "icon_color": "custom",
                                                "icon_primary_color": "rgba(255, 255, 255, 0)",
                                                "icon_secondary_color": "#333333",
                                                "icon_size": {
                                                    "unit": "px",
                                                    "size": "17",
                                                    "sizes": []
                                                },
                                                "icon_spacing": {
                                                    "unit": "px",
                                                    "size": "6",
                                                    "sizes": []
                                                },
                                                "image_border_border": "solid",
                                                "image_border_width": {
                                                    "unit": "px",
                                                    "top": "1",
                                                    "right": "1",
                                                    "bottom": "1",
                                                    "left": "1",
                                                    "isLinked": "1"
                                                },
                                                "image_border_color": "#5A5A5A",
                                                "border_radius": {
                                                    "unit": "%",
                                                    "top": "50",
                                                    "right": "50",
                                                    "bottom": "50",
                                                    "left": "50",
                                                    "isLinked": "1"
                                                },
                                                "_margin": {
                                                    "unit": "px",
                                                    "top": "0",
                                                    "right": "0",
                                                    "bottom": "-15",
                                                    "left": "0",
                                                    "isLinked": ""
                                                },
                                                "_padding": {
                                                    "unit": "px",
                                                    "top": "0",
                                                    "right": "0",
                                                    "bottom": "0",
                                                    "left": "0",
                                                    "isLinked": ""
                                                },
                                                "align_tablet": "center"
                                            },
                                            "elements": [],
                                            "isInner": false,
                                            "widgetType": "social-icons",
                                            "elType": "widget"
                                        }
                                    ],
                                    "isInner": "1",
                                    "elType": "column"
                                }
                            ],
                            "isInner": "1",
                            "elType": "section"
                        },
                        {
                            "id": "67b2756c",
                            "settings": {
                                "height_inner": "min-height",
                                "custom_height_inner": {
                                    "unit": "px",
                                    "size": "329",
                                    "sizes": []
                                },
                                "background_background": "classic",
                                "background_image": {
                                    "url": "https:\/\/kit.detheme.com\/chaperone\/wp-content\/uploads\/sites\/29\/2020\/11\/portrait-of-bearded-man-in-a-grey-jacket-PSNVPA4.jpg",
                                    "id": "157"
                                },
                                "background_size": "cover",
                                "background_repeat": "no-repeat",
                                "border_width": {
                                    "unit": "px",
                                    "top": "2",
                                    "right": "2",
                                    "bottom": "2",
                                    "left": "2",
                                    "isLinked": "1"
                                },
                                "border_color": "#FFFFFF",
                                "margin": {
                                    "unit": "px",
                                    "top": "0",
                                    "right": "0",
                                    "bottom": "0",
                                    "left": "0",
                                    "isLinked": ""
                                },
                                "background_position_tablet": "center center",
                                "background_position": "bottom center"
                            },
                            "elements": [
                                {
                                    "id": "3e3a1f06",
                                    "settings": {
                                        "_column_size": "100",
                                        "content_position": "bottom",
                                        "align": "center",
                                        "border_width": {
                                            "unit": "px",
                                            "top": "4",
                                            "right": "4",
                                            "bottom": "4",
                                            "left": "4",
                                            "isLinked": "1"
                                        },
                                        "border_color": "#FFFFFF",
                                        "box_shadow_box_shadow_type": "yes",
                                        "box_shadow_box_shadow": {
                                            "horizontal": "0",
                                            "vertical": "0",
                                            "blur": "0",
                                            "spread": "",
                                            "color": "#FFFFFF"
                                        },
                                        "box_shadow_box_shadow_position": "inset",
                                        "padding": {
                                            "unit": "px",
                                            "top": "0",
                                            "right": "0",
                                            "bottom": "0",
                                            "left": "0",
                                            "isLinked": "1"
                                        },
                                        "column_link": {
                                            "url": "#",
                                            "is_external": "",
                                            "nofollow": "",
                                            "custom_attributes": ""
                                        }
                                    },
                                    "elements": [
                                        {
                                            "id": "6968a1bc",
                                            "settings": {
                                                "title": "2021 Lookbook",
                                                "header_size": "h6",
                                                "align": "center",
                                                "title_color": "#333333",
                                                "link": {
                                                    "url": "#",
                                                    "is_external": "",
                                                    "nofollow": "",
                                                    "custom_attributes": ""
                                                },
                                                "_padding": {
                                                    "unit": "px",
                                                    "top": "12",
                                                    "right": "24",
                                                    "bottom": "8",
                                                    "left": "24",
                                                    "isLinked": ""
                                                },
                                                "_z_index": "2",
                                                "_background_background": "classic",
                                                "_element_width": "auto",
                                                "_margin": {
                                                    "unit": "px",
                                                    "top": "0",
                                                    "right": "0",
                                                    "bottom": "0",
                                                    "left": "0",
                                                    "isLinked": ""
                                                },
                                                "__globals__": {
                                                    "_background_color": "globals\/colors?id=ec25634"
                                                }
                                            },
                                            "elements": [],
                                            "isInner": false,
                                            "widgetType": "heading",
                                            "elType": "widget"
                                        }
                                    ],
                                    "isInner": "1",
                                    "elType": "column"
                                }
                            ],
                            "isInner": "1",
                            "elType": "section"
                        }
                    ],
                    "isInner": "",
                    "elType": "column"
                }
            ],
            "isInner": "",
            "elType": "section"
        },
        {
            "id": "1ed19964",
            "settings": {
                "gap": "wider"
            },
            "elements": [
                {
                    "id": "73b1935e",
                    "settings": {
                        "_column_size": "100",
                        "padding_tablet": {
                            "unit": "px",
                            "top": "0",
                            "right": "0",
                            "bottom": "0",
                            "left": "0",
                            "isLinked": ""
                        }
                    },
                    "elements": [
                        {
                            "id": "5b04a2f0",
                            "settings": {
                                "height_inner": "min-height",
                                "structure": "20",
                                "background_background": "classic",
                                "background_position": "initial",
                                "background_xpos": {
                                    "unit": "%",
                                    "size": "100",
                                    "sizes": []
                                },
                                "background_ypos": {
                                    "unit": "%",
                                    "size": "94",
                                    "sizes": []
                                },
                                "background_size": "cover",
                                "background_motion_fx_motion_fx_scrolling": "yes",
                                "background_motion_fx_translateY_effect": "yes",
                                "background_motion_fx_translateY_speed": {
                                    "unit": "px",
                                    "size": "2",
                                    "sizes": []
                                },
                                "margin": {
                                    "unit": "px",
                                    "top": "0",
                                    "right": "0",
                                    "bottom": "0",
                                    "left": "0",
                                    "isLinked": ""
                                },
                                "__globals__": {
                                    "background_color": "globals\/colors?id=a047deb"
                                },
                                "custom_height_inner_tablet": {
                                    "unit": "px",
                                    "size": "0",
                                    "sizes": []
                                },
                                "padding_tablet": {
                                    "unit": "px",
                                    "top": "48",
                                    "right": "0",
                                    "bottom": "48",
                                    "left": "0",
                                    "isLinked": ""
                                },
                                "background_overlay_background": "classic",
                                "background_overlay_position": "center center",
                                "background_overlay_repeat": "no-repeat",
                                "background_overlay_size": "cover",
                                "custom_height_inner": {
                                    "unit": "px",
                                    "size": "700",
                                    "sizes": []
                                },
                                "background_image": {
                                    "url": "https:\/\/kit.detheme.com\/chaperone\/wp-content\/uploads\/sites\/29\/2020\/11\/a-man-dressed-in-a-jacket-and-scarf-Z89YYVQ.jpg",
                                    "id": "448"
                                },
                                "background_position_tablet": "top left",
                                "background_position_mobile": "top left"
                            },
                            "elements": [
                                {
                                    "id": "3dcb7d38",
                                    "settings": {
                                        "_column_size": "50",
                                        "_inline_size": "37.037",
                                        "content_position": "bottom",
                                        "_inline_size_tablet": "50",
                                        "padding": {
                                            "unit": "px",
                                            "top": "64",
                                            "right": "64",
                                            "bottom": "64",
                                            "left": "64",
                                            "isLinked": "1"
                                        },
                                        "margin_mobile": {
                                            "unit": "px",
                                            "top": "0",
                                            "right": "0",
                                            "bottom": "0",
                                            "left": "0",
                                            "isLinked": ""
                                        },
                                        "padding_mobile": {
                                            "unit": "px",
                                            "top": "30",
                                            "right": "30",
                                            "bottom": "30",
                                            "left": "30",
                                            "isLinked": "1"
                                        }
                                    },
                                    "elements": [
                                        {
                                            "id": "62c9f121",
                                            "settings": {
                                                "title": "Subscribe now and get 30% off storewide",
                                                "header_size": "h4",
                                                "align_mobile": "center",
                                                "_margin": {
                                                    "unit": "px",
                                                    "top": "0",
                                                    "right": "0",
                                                    "bottom": "24",
                                                    "left": "0",
                                                    "isLinked": ""
                                                },
                                                "__globals__": {
                                                    "title_color": "globals\/colors?id=ec25634"
                                                },
                                                "_animation": "fadeInUp",
                                                "_animation_delay": "30"
                                            },
                                            "elements": [],
                                            "isInner": false,
                                            "widgetType": "heading",
                                            "elType": "widget"
                                        },
                                        {
                                            "id": "341c4edf",
                                            "settings": {
                                                "form_name": "Subscribe",
                                                "form_fields": [
                                                    {
                                                        "custom_id": "email",
                                                        "field_type": "email",
                                                        "required": "true",
                                                        "field_label": "Email",
                                                        "placeholder": "Email",
                                                        "width": "66",
                                                        "_id": "f1c624f",
                                                        "width_mobile": "50"
                                                    }
                                                ],
                                                "show_labels": "",
                                                "step_next_label": "Next",
                                                "step_previous_label": "Previous",
                                                "button_text": "Subscribe",
                                                "email_content": "[all-fields]",
                                                "email_content_2": "[all-fields]",
                                                "success_message": "The form was sent successfully.",
                                                "error_message": "An error occured.",
                                                "required_field_message": "This field is required.",
                                                "invalid_message": "There's something wrong. The form is invalid.",
                                                "button_width": "33",
                                                "column_gap": {
                                                    "unit": "px",
                                                    "size": "0",
                                                    "sizes": []
                                                },
                                                "field_border_width": {
                                                    "unit": "px",
                                                    "top": "0",
                                                    "right": "0",
                                                    "bottom": "1",
                                                    "left": "0",
                                                    "isLinked": ""
                                                },
                                                "button_text_padding": {
                                                    "unit": "px",
                                                    "top": "16",
                                                    "right": "18",
                                                    "bottom": "16",
                                                    "left": "18",
                                                    "isLinked": ""
                                                },
                                                "submit_actions": [
                                                    "email",
                                                    "mailchimp"
                                                ],
                                                "_animation": "fadeInUp",
                                                "_animation_delay": "500",
                                                "input_size": "md",
                                                "field_border_radius": {
                                                    "unit": "px",
                                                    "top": "0",
                                                    "right": "0",
                                                    "bottom": "0",
                                                    "left": "0",
                                                    "isLinked": "1"
                                                },
                                                "button_border_radius": {
                                                    "unit": "px",
                                                    "top": "0",
                                                    "right": "0",
                                                    "bottom": "0",
                                                    "left": "0",
                                                    "isLinked": "1"
                                                },
                                                "_margin": {
                                                    "unit": "px",
                                                    "top": "0",
                                                    "right": "0",
                                                    "bottom": "16",
                                                    "left": "0",
                                                    "isLinked": ""
                                                },
                                                "__globals__": {
                                                    "button_background_color": "globals\/colors?id=primary",
                                                    "button_text_color": "globals\/colors?id=ec25634",
                                                    "button_typography_typography": "globals\/typography?id=secondary",
                                                    "field_background_color": "globals\/colors?id=07414c8",
                                                    "field_border_color": "globals\/colors?id=b41e63e",
                                                    "field_text_color": "globals\/colors?id=ec25634",
                                                    "label_color": "globals\/colors?id=ec25634"
                                                },
                                                "button_width_mobile": "50"
                                            },
                                            "elements": [],
                                            "isInner": false,
                                            "widgetType": "form",
                                            "elType": "widget"
                                        },
                                        {
                                            "id": "43f54e21",
                                            "settings": {
                                                "title": "Promotion dolor sit amet, consectetur adipiscing elit ",
                                                "header_size": "div",
                                                "align": "left",
                                                "__globals__": {
                                                    "title_color": "globals\/colors?id=785b64d",
                                                    "typography_typography": "globals\/typography?id=5ec7628"
                                                },
                                                "align_mobile": "center"
                                            },
                                            "elements": [],
                                            "isInner": false,
                                            "widgetType": "heading",
                                            "elType": "widget"
                                        }
                                    ],
                                    "isInner": "1",
                                    "elType": "column"
                                },
                                {
                                    "id": "7670a0e7",
                                    "settings": {
                                        "_column_size": "50",
                                        "_inline_size": "62.925",
                                        "content_position": "center",
                                        "align": "center",
                                        "_inline_size_tablet": "50"
                                    },
                                    "elements": [],
                                    "isInner": "1",
                                    "elType": "column"
                                }
                            ],
                            "isInner": "1",
                            "elType": "section"
                        }
                    ],
                    "isInner": "",
                    "elType": "column"
                }
            ],
            "isInner": "",
            "elType": "section"
        }
    ]
}