{"content":[{"id":"668bcf31","settings":{"background_background":"classic","background_image":{"id":"3960","url":"https:\/\/cliente.shazamlnv.com\/setasolar\/wp-content\/uploads\/2022\/04\/bg-22-copyright.jpg"},"height":"min-height","custom_height":{"unit":"px","size":0},"custom_height_tablet":{"unit":"px","size":600},"custom_height_mobile":{"unit":"px","size":300},"background_position":"center center","background_repeat":"no-repeat","background_size":"cover","margin_mobile":{"unit":"px","top":"0","right":0,"bottom":"0","left":0,"isLinked":true},"padding_mobile":{"unit":"em","top":"5","right":"0","bottom":"5","left":"0","isLinked":false},"padding":{"unit":"em","top":"10","right":"0","bottom":"8","left":"0","isLinked":false},"content_width":{"unit":"px","size":500},"layout":"full_width","html_tag":"header","margin_tablet":{"unit":"px","top":"0","right":0,"bottom":"0","left":0,"isLinked":false},"padding_tablet":{"unit":"em","top":"5","right":"0","bottom":"3","left":"0","isLinked":false}},"elements":[{"id":"7e092334","settings":{"_column_size":100,"_inline_size":null,"_inline_size_tablet":100,"padding_tablet":{"unit":"px","top":"30","right":"30","bottom":"30","left":"30","isLinked":true},"padding_mobile":{"unit":"em","top":"0","right":"2","bottom":"0","left":"2","isLinked":false},"padding":{"unit":"em","top":"0","right":"3","bottom":"0","left":"3","isLinked":false},"margin":{"unit":"%","top":"0","right":"0","bottom":"0","left":"45","isLinked":false},"margin_tablet":{"unit":"%","top":"0","right":"0","bottom":"0","left":"25","isLinked":false},"margin_mobile":{"unit":"px","top":"0","right":"0","bottom":"0","left":"0","isLinked":false}},"elements":[{"id":"48d8c52b","settings":{"title":"let your body & soul chill","header_size":"h5","title_color":"#e9a6a6","typography_typography":"custom","typography_font_family":"Muli","typography_font_size":{"unit":"px","size":15},"typography_font_weight":"600","typography_text_transform":"uppercase","typography_letter_spacing":{"unit":"px","size":2.29999999999999982236431605997495353221893310546875},"_animation":"fadeInLeft","_animation_delay":700,"_padding":{"unit":"px","top":"0","right":"0","bottom":"0","left":"0","isLinked":false},"align_mobile":"center"},"elements":[],"isInner":false,"widgetType":"heading","elType":"widget"},{"id":"117fd706","settings":{"title":"Relaxing Spa Treatments","title_color":"#ffffff","typography_typography":"custom","typography_font_family":"Cormorant Garamond","typography_font_size":{"unit":"px","size":100},"typography_font_size_tablet":{"unit":"px","size":70},"typography_font_size_mobile":{"unit":"px","size":38},"typography_font_weight":"600","typography_text_transform":"uppercase","typography_font_style":"normal","typography_line_height":{"unit":"px","size":100},"typography_line_height_tablet":{"unit":"px","size":70},"typography_line_height_mobile":{"unit":"px","size":40},"_animation":"fadeInLeft","_animation_delay":500,"typography_letter_spacing":{"unit":"px","size":0},"_margin":{"unit":"px","top":"0","right":"0","bottom":"0","left":"0","isLinked":false},"_padding":{"unit":"px","top":"0","right":"0","bottom":"0","left":"0","isLinked":false},"header_size":"h1","align_mobile":"center"},"elements":[],"isInner":false,"widgetType":"heading","elType":"widget"},{"id":"7b26053a","settings":{"editor":"<p>Welcome to our professional spa salon where you can find any type of treatment for your specific needs or preferences!<\/p>","text_color":"#ffffff","typography_typography":"custom","typography_font_family":"Muli","typography_font_size":{"unit":"px","size":18},"typography_font_size_mobile":{"unit":"px","size":17},"typography_font_weight":"400","typography_line_height":{"unit":"px","size":32},"typography_line_height_mobile":{"unit":"em","size":1.8000000000000000444089209850062616169452667236328125},"_margin":{"unit":"px","top":"25","right":"0","bottom":"0","left":"-2","isLinked":false},"_margin_mobile":{"unit":"px","top":"0","right":"0","bottom":"0","left":"0","isLinked":false},"_padding":{"unit":"px","top":"0","right":"50","bottom":"0","left":"0","isLinked":false},"_padding_tablet":{"unit":"px","top":"0","right":"120","bottom":"0","left":"0","isLinked":false},"_padding_mobile":{"unit":"px","top":"0","right":"0","bottom":"0","left":"0","isLinked":false},"_animation":"fadeInLeft","_animation_delay":300,"align_mobile":"center"},"elements":[],"isInner":false,"widgetType":"text-editor","elType":"widget"},{"id":"48094187","settings":{"text":"Contact Us","typography_typography":"custom","typography_font_family":"Muli","typography_font_size":{"unit":"px","size":12},"typography_font_weight":"700","typography_text_transform":"uppercase","typography_line_height":{"unit":"px","size":15},"typography_letter_spacing":{"unit":"px","size":2},"background_color":"#e9a6a6","button_background_hover_color":"#e88686","border_radius":{"unit":"px","top":"32","right":"32","bottom":"32","left":"32","isLinked":true},"text_padding":{"unit":"px","top":"24","right":"61","bottom":"24","left":"61","isLinked":false},"text_padding_mobile":{"unit":"px","top":"20","right":"40","bottom":"20","left":"40","isLinked":false},"_margin":{"unit":"px","top":"48","right":"0","bottom":"0","left":"0","isLinked":false},"_margin_mobile":{"unit":"px","top":"30","right":"0","bottom":"0","left":"0","isLinked":false},"_animation":"fadeInLeft","_animation_delay":300,"align_mobile":"center"},"elements":[],"isInner":false,"widgetType":"button","elType":"widget"}],"isInner":false,"elType":"column"}],"isInner":false,"elType":"section"},{"id":"1c597502","settings":{"html_tag":"section","background_background":"classic","background_color":"#ffffff","padding":{"unit":"em","top":"8","right":"0","bottom":"5","left":"0","isLinked":false},"padding_tablet":{"unit":"em","top":"5","right":"0","bottom":"2","left":"0","isLinked":false}},"elements":[{"id":"164f063c","settings":{"_column_size":100,"padding":{"unit":"px","top":"12","right":"0","bottom":"0","left":"0","isLinked":false},"padding_mobile":{"unit":"px","top":"0","right":"20","bottom":"0","left":"20","isLinked":false},"padding_tablet":{"unit":"px","top":"0","right":"0","bottom":"0","left":"0","isLinked":false}},"elements":[{"id":"29df3655","settings":{"title":"welcome to our salon","header_size":"h5","align":"center","title_color":"#e9a6a6","typography_typography":"custom","typography_font_family":"Muli","typography_font_size":{"unit":"px","size":12},"typography_font_weight":"600","typography_text_transform":"uppercase","typography_letter_spacing":{"unit":"px","size":2.5},"_animation":"fadeInDown","_animation_delay":400},"elements":[],"isInner":false,"widgetType":"heading","elType":"widget"},{"id":"3bafb774","settings":{"title":"Our Services","align":"center","title_color":"#282933","typography_typography":"custom","typography_font_family":"Cormorant Garamond","typography_font_size":{"unit":"px","size":70},"typography_font_size_tablet":{"unit":"px","size":50},"typography_font_size_mobile":{"unit":"px","size":40},"typography_font_weight":"500","typography_text_transform":"uppercase","_animation":"fadeInDown","_animation_delay":200,"_margin":{"unit":"px","top":"26","right":"0","bottom":"0","left":"0","isLinked":false}},"elements":[],"isInner":false,"widgetType":"heading","elType":"widget"},{"id":"5d95f095","settings":{"editor":"<p style=\"text-align: center;\">Every facet of daily life is aligned with the purpose of <span style=\"font-weight: 400;\">nurturing health, harmony, and spiritual<\/span> growth and provides a complete experiential education in holistic living.<\/p>","text_color":"#4b4c51","typography_typography":"custom","typography_font_family":"Muli","typography_font_size":{"unit":"px","size":17},"typography_font_size_tablet":{"unit":"px","size":15},"typography_font_size_mobile":{"unit":"px","size":17},"typography_font_weight":"400","typography_line_height":{"unit":"px","size":30},"_margin":{"unit":"px","top":"25","right":"-0","bottom":"0","left":"0","isLinked":false},"_padding":{"unit":"em","top":"0","right":"10","bottom":"0","left":"10","isLinked":false},"_padding_tablet":{"unit":"px","top":"0","right":"90","bottom":"0","left":"90","isLinked":false},"_padding_mobile":{"unit":"px","top":"0","right":"0","bottom":"0","left":"0","isLinked":false},"_animation":"fadeInDown"},"elements":[],"isInner":false,"widgetType":"text-editor","elType":"widget"}],"isInner":false,"elType":"column"}],"isInner":false,"elType":"section"},{"id":"4bf89940","settings":{"structure":"30","margin":{"unit":"px","top":"0","right":0,"bottom":"0","left":0,"isLinked":false},"margin_mobile":{"unit":"px","top":"15","right":0,"bottom":"0","left":0,"isLinked":false},"content_width":{"unit":"px","size":1170},"html_tag":"section","background_background":"classic","background_color":"#ffffff","padding":{"unit":"em","top":"1","right":"0","bottom":"6","left":"0","isLinked":false},"padding_tablet":{"unit":"em","top":"1","right":"2","bottom":"3","left":"2","isLinked":false}},"elements":[{"id":"7ad5082d","settings":{"_column_size":33,"_inline_size":null,"animation":"fadeInLeft","margin":{"unit":"px","top":"0","right":"20","bottom":"0","left":"0","isLinked":false},"margin_tablet":{"unit":"px","top":"0","right":"10","bottom":"0","left":"0","isLinked":false},"margin_mobile":{"unit":"px","top":"0","right":"0","bottom":"0","left":"0","isLinked":false},"padding":{"unit":"px","top":"0","right":"0","bottom":"0","left":"0","isLinked":false},"padding_mobile":{"unit":"px","top":"0","right":"0","bottom":"0","left":"0","isLinked":false}},"elements":[{"id":"3a80a444","settings":{"image":{"id":"3961","url":"https:\/\/cliente.shazamlnv.com\/setasolar\/wp-content\/uploads\/2022\/04\/img-2.1.jpg"},"image_size":"full","_padding":{"unit":"px","top":"0","right":"0","bottom":"0","left":"0","isLinked":false}},"elements":[],"isInner":false,"widgetType":"image","elType":"widget"},{"id":"6802c59d","settings":{"title":"Best Herbal Treatments","header_size":"h3","align":"center","title_color":"#282933","typography_typography":"custom","typography_font_family":"Cormorant Garamond","typography_font_size":{"unit":"px","size":24},"typography_font_weight":"600","_margin":{"unit":"px","top":"-74","right":"30","bottom":"0","left":"30","isLinked":false},"_padding":{"unit":"px","top":"35","right":"0","bottom":"35","left":"0","isLinked":false},"_background_background":"classic","_background_color":"#ffffff","_box_shadow_box_shadow_type":"yes","_box_shadow_box_shadow":{"horizontal":2,"vertical":3,"blur":40,"spread":0,"color":"rgba(0,0,0,0.08)"},"link":{"url":"#","is_external":"","nofollow":""}},"elements":[],"isInner":false,"widgetType":"heading","elType":"widget"}],"isInner":false,"elType":"column"},{"id":"744796a2","settings":{"_column_size":33,"_inline_size":null,"animation":"fadeInUp","margin":{"unit":"px","top":"0","right":"10","bottom":"0","left":"10","isLinked":false},"margin_tablet":{"unit":"px","top":"0","right":"5","bottom":"0","left":"5","isLinked":false},"margin_mobile":{"unit":"px","top":"30","right":"0","bottom":"0","left":"0","isLinked":false},"padding":{"unit":"px","top":"0","right":"0","bottom":"0","left":"0","isLinked":false},"padding_mobile":{"unit":"px","top":"0","right":"0","bottom":"0","left":"0","isLinked":false}},"elements":[{"id":"3fcd1b6","settings":{"image":{"id":"3962","url":"https:\/\/cliente.shazamlnv.com\/setasolar\/wp-content\/uploads\/2022\/04\/img-2.2.jpg"},"image_size":"full"},"elements":[],"isInner":false,"widgetType":"image","elType":"widget"},{"id":"489ba8ff","settings":{"title":"Mystic Aromatherapy","header_size":"h3","align":"center","title_color":"#282933","typography_typography":"custom","typography_font_family":"Cormorant Garamond","typography_font_size":{"unit":"px","size":24},"typography_font_weight":"600","_margin":{"unit":"px","top":"-74","right":"30","bottom":"0","left":"30","isLinked":false},"_padding":{"unit":"px","top":"35","right":"0","bottom":"35","left":"0","isLinked":false},"_background_background":"classic","_background_color":"#ffffff","_box_shadow_box_shadow_type":"yes","_box_shadow_box_shadow":{"horizontal":2,"vertical":3,"blur":40,"spread":0,"color":"rgba(0,0,0,0.08)"},"link":{"url":"#","is_external":"","nofollow":""}},"elements":[],"isInner":false,"widgetType":"heading","elType":"widget"}],"isInner":false,"elType":"column"},{"id":"744838d2","settings":{"_column_size":33,"_inline_size":null,"animation":"fadeInRight","margin":{"unit":"px","top":"0","right":"0","bottom":"0","left":"20","isLinked":false},"margin_tablet":{"unit":"px","top":"0","right":"0","bottom":"0","left":"10","isLinked":false},"margin_mobile":{"unit":"px","top":"30","right":"0","bottom":"0","left":"0","isLinked":false},"padding":{"unit":"px","top":"0","right":"0","bottom":"0","left":"0","isLinked":false},"padding_mobile":{"unit":"px","top":"0","right":"0","bottom":"0","left":"0","isLinked":false}},"elements":[{"id":"7c0c5e8b","settings":{"image":{"id":"3963","url":"https:\/\/cliente.shazamlnv.com\/setasolar\/wp-content\/uploads\/2022\/04\/img-2.3.jpg"},"image_size":"full"},"elements":[],"isInner":false,"widgetType":"image","elType":"widget"},{"id":"6ef0ccc2","settings":{"title":"Natural Components","header_size":"h3","align":"center","title_color":"#282933","typography_typography":"custom","typography_font_family":"Cormorant Garamond","typography_font_size":{"unit":"px","size":24},"typography_font_weight":"600","_margin":{"unit":"px","top":"-74","right":"30","bottom":"0","left":"30","isLinked":false},"_padding":{"unit":"px","top":"35","right":"0","bottom":"35","left":"0","isLinked":false},"_background_background":"classic","_background_color":"#ffffff","_box_shadow_box_shadow_type":"yes","_box_shadow_box_shadow":{"horizontal":2,"vertical":3,"blur":40,"spread":0,"color":"rgba(0,0,0,0.08)"},"link":{"url":"#","is_external":"","nofollow":""}},"elements":[],"isInner":false,"widgetType":"heading","elType":"widget"}],"isInner":false,"elType":"column"}],"isInner":false,"elType":"section"},{"id":"f574ea1","settings":{"structure":"20","content_width":{"unit":"px","size":1370},"background_background":"classic","background_position":"center left","background_repeat":"no-repeat","background_size":"auto","background_overlay_background":"classic","margin":{"unit":"px","top":"0","right":0,"bottom":"0","left":0,"isLinked":false},"padding":{"unit":"em","top":"5","right":"0","bottom":"5","left":"0","isLinked":false},"html_tag":"section","background_color":"#ffffff","padding_tablet":{"unit":"em","top":"5","right":"0","bottom":"3","left":"0","isLinked":false}},"elements":[{"id":"8cb3999","settings":{"_column_size":50,"_inline_size":40,"_inline_size_tablet":40,"_inline_size_mobile":100,"margin_mobile":{"unit":"px","top":"0","right":"0","bottom":"0","left":"0","isLinked":false},"padding":{"unit":"px","top":"0","right":"0","bottom":"0","left":"0","isLinked":false},"animation":"fadeInLeft"},"elements":[{"id":"35a8a8c9","settings":{"image":{"id":"3964","url":"https:\/\/cliente.shazamlnv.com\/setasolar\/wp-content\/uploads\/2022\/04\/img-42-copyright.jpg"},"image_size":"full","_margin":{"unit":"px","top":"0","right":"-82","bottom":"0","left":"0","isLinked":false},"width_mobile":{"unit":"%","size":100},"_margin_mobile":{"unit":"px","top":"0","right":"0","bottom":"0","left":"0","isLinked":false},"_padding_mobile":{"unit":"px","top":"0","right":"0","bottom":"0","left":"0","isLinked":false}},"elements":[],"isInner":false,"widgetType":"image","elType":"widget"}],"isInner":false,"elType":"column"},{"id":"629b2f13","settings":{"_column_size":50,"_inline_size":60,"_inline_size_tablet":60,"background_background":"classic","background_color":"#ffffff","box_shadow_box_shadow_type":"yes","box_shadow_box_shadow":{"horizontal":2,"vertical":3,"blur":40,"spread":0,"color":"rgba(0,0,0,0.08)"},"margin":{"unit":"px","top":"80","right":"0","bottom":"0","left":"0","isLinked":false},"margin_tablet":{"unit":"px","top":"52","right":"0","bottom":"0","left":"-8","isLinked":false},"margin_mobile":{"unit":"px","top":"0","right":"0","bottom":"0","left":"0","isLinked":false},"padding":{"unit":"px","top":"140","right":"150","bottom":"140","left":"122","isLinked":false},"padding_tablet":{"unit":"px","top":"60","right":"40","bottom":"50","left":"40","isLinked":false},"padding_mobile":{"unit":"px","top":"40","right":"20","bottom":"50","left":"20","isLinked":false},"animation":"fadeInRight"},"elements":[{"id":"319474d9","settings":{"title":"relaxing day","header_size":"h5","title_color":"#e9a6a6","typography_typography":"custom","typography_font_family":"Muli","typography_font_size":{"unit":"px","size":12},"typography_font_weight":"600","typography_text_transform":"uppercase","typography_letter_spacing":{"unit":"px","size":2.5},"_margin_mobile":{"unit":"px","top":"0","right":"0","bottom":"0","left":"0","isLinked":false}},"elements":[],"isInner":false,"widgetType":"heading","elType":"widget"},{"id":"494d3c3a","settings":{"title":"Treat Yourself to a Spa Weekend","title_color":"#282933","typography_typography":"custom","typography_font_family":"Cormorant Garamond","typography_font_size":{"unit":"px","size":60},"typography_font_size_tablet":{"unit":"px","size":45},"typography_font_weight":"500","_margin":{"unit":"px","top":"30","right":"0","bottom":"0","left":"0","isLinked":false},"_padding":{"unit":"px","top":"0","right":"22","bottom":"0","left":"0","isLinked":false}},"elements":[],"isInner":false,"widgetType":"heading","elType":"widget"},{"id":"49f48bb1","settings":{"editor":"<p style=\"text-align: left;\"><em>Have the most amazing time at one of our wonderful spa centers in your area.<\/em><\/p>","text_color":"#4b4c51","typography_typography":"custom","typography_font_family":"Cormorant Garamond","typography_font_size":{"unit":"px","size":22},"typography_font_size_tablet":{"unit":"px","size":20},"typography_font_weight":"600","typography_font_style":"italic","_margin":{"unit":"px","top":"45","right":"0","bottom":"0","left":"0","isLinked":false},"_margin_mobile":{"unit":"px","top":"0","right":"0","bottom":"0","left":"0","isLinked":false},"_padding_mobile":{"unit":"px","top":"0","right":"0","bottom":"0","left":"0","isLinked":false},"typography_font_size_mobile":{"unit":"px","size":20}},"elements":[],"isInner":false,"widgetType":"text-editor","elType":"widget"},{"id":"7de1f85a","settings":{"editor":"<p style=\"text-align: left;\">Welcome to our professional spa salon where you can find any type of treatment for your specific needs or preferences!\u00a0Every facet of daily life is aligned with the purpose of <span style=\"font-weight: 400;\">nurturing health, harmony, and spiritual<\/span>\u00a0growth and provides a complete experiential education in holistic living.<\/p>","text_color":"#4b4c51","typography_typography":"custom","typography_font_family":"Muli","typography_font_size":{"unit":"px","size":15},"typography_font_size_tablet":{"unit":"px","size":15},"typography_font_size_mobile":{"unit":"px","size":17},"typography_font_weight":"400","typography_line_height":{"unit":"px","size":27},"_margin":{"unit":"px","top":"30","right":"0","bottom":"0","left":"0","isLinked":false},"_padding":{"unit":"px","top":"0","right":"0","bottom":"0","left":"0","isLinked":false},"_margin_mobile":{"unit":"px","top":"0","right":"0","bottom":"0","left":"0","isLinked":false}},"elements":[],"isInner":false,"widgetType":"text-editor","elType":"widget"},{"id":"6a186d25","settings":{"text":"Contact Us","typography_typography":"custom","typography_font_family":"Muli","typography_font_size":{"unit":"px","size":12},"typography_font_weight":"700","typography_text_transform":"uppercase","typography_line_height":{"unit":"px","size":15},"typography_letter_spacing":{"unit":"px","size":2},"background_color":"#e9a6a6","button_background_hover_color":"#e88686","border_radius":{"unit":"px","top":"32","right":"32","bottom":"32","left":"32","isLinked":true},"text_padding":{"unit":"px","top":"24","right":"60","bottom":"24","left":"60","isLinked":false},"text_padding_mobile":{"unit":"px","top":"20","right":"40","bottom":"20","left":"40","isLinked":false},"_margin":{"unit":"px","top":"53","right":"0","bottom":"0","left":"0","isLinked":false},"_margin_tablet":{"unit":"px","top":"40","right":"0","bottom":"0","left":"0","isLinked":false}},"elements":[],"isInner":false,"widgetType":"button","elType":"widget"}],"isInner":false,"elType":"column"}],"isInner":false,"elType":"section"},{"id":"5007a6b2","settings":{"padding_mobile":{"unit":"em","top":"5","right":"1","bottom":"2","left":"1","isLinked":false},"padding":{"unit":"em","top":"8","right":"0","bottom":"5","left":"0","isLinked":false},"html_tag":"section","padding_tablet":{"unit":"em","top":"5","right":"0","bottom":"1","left":"0","isLinked":false}},"elements":[{"id":"7598b1c8","settings":{"_column_size":100,"padding_tablet":{"unit":"px","top":"0","right":"0","bottom":"0","left":"0","isLinked":false}},"elements":[{"id":"3e023ae2","settings":{"title":"our professionals","header_size":"h5","align":"center","title_color":"#e9a6a6","typography_typography":"custom","typography_font_family":"Muli","typography_font_size":{"unit":"px","size":12},"typography_font_weight":"600","typography_text_transform":"uppercase","typography_letter_spacing":{"unit":"px","size":2.100000000000000088817841970012523233890533447265625},"_animation":"fadeInDown","_animation_delay":400},"elements":[],"isInner":false,"widgetType":"heading","elType":"widget"},{"id":"77433c1e","settings":{"title":"Our Team","align":"center","title_color":"#282933","typography_typography":"custom","typography_font_family":"Cormorant Garamond","typography_font_size":{"unit":"px","size":70},"typography_font_size_tablet":{"unit":"px","size":50},"typography_font_size_mobile":{"unit":"px","size":40},"typography_font_weight":"500","typography_text_transform":"uppercase","_animation":"fadeInDown","_animation_delay":200,"_margin":{"unit":"px","top":"24","right":"0","bottom":"0","left":"0","isLinked":false}},"elements":[],"isInner":false,"widgetType":"heading","elType":"widget"},{"id":"509479d9","settings":{"editor":"<p style=\"text-align: center;\">We hire professional doctors, cosmetologists and masseurs with medical background who can take a good care of your body.<\/p>","text_color":"#4b4c51","typography_typography":"custom","typography_font_family":"Muli","typography_font_size":{"unit":"px","size":17},"typography_font_size_tablet":{"unit":"px","size":15},"typography_font_size_mobile":{"unit":"px","size":17},"typography_font_weight":"400","typography_line_height":{"unit":"px","size":30},"_margin":{"unit":"px","top":"25","right":"0","bottom":"0","left":"0","isLinked":false},"_padding":{"unit":"em","top":"0","right":"10","bottom":"0","left":"10","isLinked":false},"_padding_tablet":{"unit":"px","top":"0","right":"90","bottom":"0","left":"90","isLinked":false},"_padding_mobile":{"unit":"px","top":"0","right":"0","bottom":"0","left":"0","isLinked":false},"_animation":"fadeInDown"},"elements":[],"isInner":false,"widgetType":"text-editor","elType":"widget"}],"isInner":false,"elType":"column"}],"isInner":false,"elType":"section"},{"id":"5567a734","settings":{"structure":"30","content_width":{"unit":"px","size":1170},"margin":{"unit":"px","top":"0","right":0,"bottom":"0","left":0,"isLinked":false},"html_tag":"section","background_background":"classic","background_color":"#ffffff","padding":{"unit":"em","top":"0","right":"0","bottom":"5","left":"0","isLinked":false},"padding_tablet":{"unit":"em","top":"0","right":"2","bottom":"5","left":"2","isLinked":false}},"elements":[{"id":"1d218a17","settings":{"_column_size":33,"_inline_size":null,"animation":"fadeInLeft","margin_mobile":{"unit":"px","top":"0","right":"0","bottom":"0","left":"0","isLinked":false},"padding":{"unit":"px","top":"0","right":"20","bottom":"0","left":"0","isLinked":false},"padding_tablet":{"unit":"px","top":"0","right":"10","bottom":"0","left":"0","isLinked":false},"padding_mobile":{"unit":"px","top":"0","right":"0","bottom":"0","left":"0","isLinked":false}},"elements":[{"id":"50f8c1c4","settings":{"image":{"id":"3965","url":"https:\/\/cliente.shazamlnv.com\/setasolar\/wp-content\/uploads\/2022\/04\/img-4.1.jpg"},"image_size":"full"},"elements":[],"isInner":false,"widgetType":"image","elType":"widget"},{"id":"12e0ff9a","settings":{"content_width":{"unit":"px","size":309},"background_background":"classic","background_color":"rgba(255,255,255,0)","box_shadow_box_shadow":{"horizontal":2,"vertical":3,"blur":40,"spread":0,"color":"rgba(0,0,0,0.08)"},"margin":{"unit":"px","top":"-76","right":0,"bottom":"0","left":0,"isLinked":false},"padding":{"unit":"px","top":"0","right":"0","bottom":"0","left":"0","isLinked":false}},"elements":[{"id":"344b6c43","settings":{"_column_size":100,"_inline_size":null,"background_background":"classic","background_color":"#ffffff","box_shadow_box_shadow_type":"yes","box_shadow_box_shadow":{"horizontal":2,"vertical":3,"blur":40,"spread":0,"color":"rgba(0,0,0,0.08)"},"padding":{"unit":"px","top":"0","right":"0","bottom":"40","left":"0","isLinked":false}},"elements":[{"id":"29964e12","settings":{"title":"Michelle Fernandez","header_size":"h3","align":"center","title_color":"#282933","typography_typography":"custom","typography_font_family":"Cormorant Garamond","typography_font_size":{"unit":"px","size":30},"typography_font_size_tablet":{"unit":"px","size":24},"typography_font_weight":"500","_margin":{"unit":"px","top":"0","right":"0","bottom":"0","left":"0","isLinked":false},"_padding":{"unit":"px","top":"36","right":"0","bottom":"0","left":"0","isLinked":false},"_background_background":"classic","_background_color":"rgba(255,255,255,0)","_box_shadow_box_shadow":{"horizontal":2,"vertical":3,"blur":40,"spread":0,"color":"rgba(0,0,0,0.08)"},"link":{"url":"#","is_external":"","nofollow":""}},"elements":[],"isInner":false,"widgetType":"heading","elType":"widget"},{"id":"6644a5d","settings":{"editor":"<p style=\"text-align: center;\"><span style=\"font-weight: 400;\">Masseuse<\/span><\/p>","text_color":"#a6a6a7","typography_typography":"custom","typography_font_family":"Muli","typography_font_size":{"unit":"px","size":11},"typography_font_weight":"700","typography_text_transform":"uppercase","typography_line_height":{"unit":"em","size":1},"typography_letter_spacing":{"unit":"px","size":2.29999999999999982236431605997495353221893310546875},"_margin":{"unit":"px","top":"-5","right":"0","bottom":"0","left":"0","isLinked":false},"_padding":{"unit":"px","top":"0","right":"0","bottom":"0","left":"0","isLinked":false}},"elements":[],"isInner":false,"widgetType":"text-editor","elType":"widget"},{"id":"1374e325","settings":{"social_icon_list":[{"social":"fa fa-twitter","_id":"d403419"},{"social":"fa fa-facebook","_id":"a2a7373"},{"social":"fa fa-linkedin","_id":"9512e5c"}],"shape":"circle","icon_color":"custom","icon_primary_color":"#e9a6a6","icon_size":{"unit":"px","size":15},"icon_padding":{"unit":"em","size":1.1999999999999999555910790149937383830547332763671875},"icon_spacing":{"unit":"px","size":9},"_margin":{"unit":"px","top":"27","right":"0","bottom":"0","left":"0","isLinked":false},"hover_animation":"shrink"},"elements":[],"isInner":false,"widgetType":"social-icons","elType":"widget"}],"isInner":true,"elType":"column"}],"isInner":true,"elType":"section"}],"isInner":false,"elType":"column"},{"id":"5bff88fd","settings":{"_column_size":33,"_inline_size":null,"animation":"fadeInUp","margin_mobile":{"unit":"px","top":"30","right":"0","bottom":"0","left":"0","isLinked":false},"padding":{"unit":"px","top":"0","right":"10","bottom":"0","left":"10","isLinked":false},"padding_tablet":{"unit":"px","top":"0","right":"5","bottom":"0","left":"5","isLinked":false},"padding_mobile":{"unit":"px","top":"0","right":"0","bottom":"0","left":"0","isLinked":false}},"elements":[{"id":"6dc3906f","settings":{"image":{"id":"3966","url":"https:\/\/cliente.shazamlnv.com\/setasolar\/wp-content\/uploads\/2022\/04\/img-4.2.jpg"},"image_size":"full","_margin":{"unit":"px","top":"0","right":"0","bottom":"0","left":"0","isLinked":false}},"elements":[],"isInner":false,"widgetType":"image","elType":"widget"},{"id":"58b26d80","settings":{"content_width":{"unit":"px","size":309},"background_background":"classic","background_color":"rgba(255,255,255,0)","box_shadow_box_shadow":{"horizontal":2,"vertical":3,"blur":40,"spread":0,"color":"rgba(0,0,0,0.08)"},"margin":{"unit":"px","top":"-76","right":0,"bottom":"0","left":0,"isLinked":false},"padding":{"unit":"px","top":"0","right":"0","bottom":"0","left":"0","isLinked":false}},"elements":[{"id":"bccddf4","settings":{"_column_size":100,"_inline_size":null,"background_background":"classic","background_color":"#ffffff","box_shadow_box_shadow_type":"yes","box_shadow_box_shadow":{"horizontal":2,"vertical":3,"blur":40,"spread":0,"color":"rgba(0,0,0,0.08)"},"padding":{"unit":"px","top":"0","right":"0","bottom":"40","left":"0","isLinked":false}},"elements":[{"id":"25a10335","settings":{"title":"Linda Crane","header_size":"h3","align":"center","title_color":"#282933","typography_typography":"custom","typography_font_family":"Cormorant Garamond","typography_font_size":{"unit":"px","size":30},"typography_font_size_tablet":{"unit":"px","size":24},"typography_font_weight":"500","_margin":{"unit":"px","top":"0","right":"0","bottom":"0","left":"0","isLinked":false},"_padding":{"unit":"px","top":"36","right":"0","bottom":"0","left":"0","isLinked":false},"_background_background":"classic","_background_color":"rgba(255,255,255,0)","_box_shadow_box_shadow":{"horizontal":2,"vertical":3,"blur":40,"spread":0,"color":"rgba(0,0,0,0.08)"},"link":{"url":"#","is_external":"","nofollow":""}},"elements":[],"isInner":false,"widgetType":"heading","elType":"widget"},{"id":"6df791bd","settings":{"editor":"<p style=\"text-align: center;\"><span style=\"font-weight: 400;\">Chiropractor<\/span><\/p>","text_color":"#a6a6a7","typography_typography":"custom","typography_font_family":"Muli","typography_font_size":{"unit":"px","size":11},"typography_font_weight":"700","typography_text_transform":"uppercase","typography_line_height":{"unit":"em","size":1},"typography_letter_spacing":{"unit":"px","size":2.29999999999999982236431605997495353221893310546875},"_margin":{"unit":"px","top":"-5","right":"0","bottom":"0","left":"0","isLinked":false},"_padding":{"unit":"px","top":"0","right":"0","bottom":"0","left":"0","isLinked":false}},"elements":[],"isInner":false,"widgetType":"text-editor","elType":"widget"},{"id":"5733ac83","settings":{"social_icon_list":[{"social":"fa fa-twitter","_id":"d403419"},{"social":"fa fa-facebook","_id":"a2a7373"},{"social":"fa fa-linkedin","_id":"9512e5c"}],"shape":"circle","icon_color":"custom","icon_primary_color":"#e9a6a6","icon_size":{"unit":"px","size":15},"icon_padding":{"unit":"em","size":1.1999999999999999555910790149937383830547332763671875},"icon_spacing":{"unit":"px","size":9},"_margin":{"unit":"px","top":"27","right":"0","bottom":"0","left":"0","isLinked":false},"hover_animation":"shrink"},"elements":[],"isInner":false,"widgetType":"social-icons","elType":"widget"}],"isInner":true,"elType":"column"}],"isInner":true,"elType":"section"}],"isInner":false,"elType":"column"},{"id":"1aee8c33","settings":{"_column_size":33,"_inline_size":null,"animation":"fadeInRight","margin_mobile":{"unit":"px","top":"30","right":"0","bottom":"0","left":"0","isLinked":false},"padding":{"unit":"px","top":"0","right":"0","bottom":"0","left":"20","isLinked":false},"padding_tablet":{"unit":"px","top":"0","right":"0","bottom":"0","left":"10","isLinked":false},"padding_mobile":{"unit":"px","top":"0","right":"0","bottom":"0","left":"0","isLinked":false}},"elements":[{"id":"6fb40c55","settings":{"image":{"id":"3967","url":"https:\/\/cliente.shazamlnv.com\/setasolar\/wp-content\/uploads\/2022\/04\/img-4.3.jpg"},"image_size":"full"},"elements":[],"isInner":false,"widgetType":"image","elType":"widget"},{"id":"6ce326ec","settings":{"content_width":{"unit":"px","size":309},"background_background":"classic","background_color":"rgba(255,255,255,0)","box_shadow_box_shadow":{"horizontal":2,"vertical":3,"blur":40,"spread":0,"color":"rgba(0,0,0,0.08)"},"margin":{"unit":"px","top":"-76","right":0,"bottom":"0","left":0,"isLinked":false},"padding":{"unit":"px","top":"0","right":"0","bottom":"0","left":"0","isLinked":false}},"elements":[{"id":"2626f667","settings":{"_column_size":100,"_inline_size":null,"background_background":"classic","background_color":"#ffffff","box_shadow_box_shadow_type":"yes","box_shadow_box_shadow":{"horizontal":2,"vertical":3,"blur":40,"spread":0,"color":"rgba(0,0,0,0.08)"},"padding":{"unit":"px","top":"0","right":"0","bottom":"40","left":"0","isLinked":false}},"elements":[{"id":"7ceac95e","settings":{"title":"Shiela Santana","header_size":"h3","align":"center","title_color":"#282933","typography_typography":"custom","typography_font_family":"Cormorant Garamond","typography_font_size":{"unit":"px","size":30},"typography_font_size_tablet":{"unit":"px","size":24},"typography_font_weight":"500","_margin":{"unit":"px","top":"0","right":"0","bottom":"0","left":"0","isLinked":false},"_padding":{"unit":"px","top":"36","right":"0","bottom":"0","left":"0","isLinked":false},"_background_background":"classic","_background_color":"rgba(255,255,255,0)","_box_shadow_box_shadow":{"horizontal":2,"vertical":3,"blur":40,"spread":0,"color":"rgba(0,0,0,0.08)"},"link":{"url":"#","is_external":"","nofollow":""}},"elements":[],"isInner":false,"widgetType":"heading","elType":"widget"},{"id":"66310475","settings":{"editor":"<p style=\"text-align: center;\">cosmetologist<\/p>","text_color":"#a6a6a7","typography_typography":"custom","typography_font_family":"Muli","typography_font_size":{"unit":"px","size":11},"typography_font_weight":"700","typography_text_transform":"uppercase","typography_line_height":{"unit":"em","size":1},"typography_letter_spacing":{"unit":"px","size":2.29999999999999982236431605997495353221893310546875},"_margin":{"unit":"px","top":"-5","right":"0","bottom":"0","left":"0","isLinked":false},"_padding":{"unit":"px","top":"0","right":"0","bottom":"0","left":"0","isLinked":false}},"elements":[],"isInner":false,"widgetType":"text-editor","elType":"widget"},{"id":"d5ed84f","settings":{"social_icon_list":[{"social":"fa fa-twitter","_id":"d403419"},{"social":"fa fa-facebook","_id":"a2a7373"},{"social":"fa fa-linkedin","_id":"9512e5c"}],"shape":"circle","icon_color":"custom","icon_primary_color":"#e9a6a6","icon_size":{"unit":"px","size":15},"icon_padding":{"unit":"em","size":1.1999999999999999555910790149937383830547332763671875},"icon_spacing":{"unit":"px","size":9},"_margin":{"unit":"px","top":"27","right":"0","bottom":"0","left":"0","isLinked":false},"hover_animation":"shrink"},"elements":[],"isInner":false,"widgetType":"social-icons","elType":"widget"}],"isInner":true,"elType":"column"}],"isInner":true,"elType":"section"}],"isInner":false,"elType":"column"}],"isInner":false,"elType":"section"},{"id":"4ce9b416","settings":{"background_background":"classic","background_image":{"id":"3968","url":"https:\/\/cliente.shazamlnv.com\/setasolar\/wp-content\/uploads\/2022\/04\/bg-13-copyright.jpg"},"height":"min-height","custom_height":{"unit":"px","size":706},"custom_height_tablet":{"unit":"px","size":550},"custom_height_mobile":{"unit":"px","size":400},"content_position":"middle","background_size":"cover","padding_mobile":{"unit":"px","top":"15","right":"20","bottom":"15","left":"20","isLinked":false},"html_tag":"section"},"elements":[{"id":"2fd7aeac","settings":{"_column_size":100,"padding":{"unit":"px","top":"0","right":"0","bottom":"0","left":"0","isLinked":false}},"elements":[{"id":"3da34280","settings":{"title":"our special offer","header_size":"h5","align":"center","title_color":"#e9a6a6","typography_typography":"custom","typography_font_family":"Muli","typography_font_size":{"unit":"px","size":15},"typography_font_weight":"600","typography_text_transform":"uppercase","typography_letter_spacing":{"unit":"px","size":2.29999999999999982236431605997495353221893310546875},"_animation":"fadeInDown","_animation_delay":400,"_margin":{"unit":"px","top":"-3","right":"0","bottom":"0","left":"0","isLinked":false}},"elements":[],"isInner":false,"widgetType":"heading","elType":"widget"},{"id":"39f71728","settings":{"title":"YOU OWE YOURSELF THIS MOMENT","align":"center","title_color":"#ffffff","typography_typography":"custom","typography_font_family":"Cormorant Garamond","typography_font_size":{"unit":"px","size":80},"typography_font_size_tablet":{"unit":"px","size":50},"typography_font_size_mobile":{"unit":"px","size":40},"typography_font_weight":"600","typography_text_transform":"uppercase","_margin":{"unit":"px","top":"23","right":"0","bottom":"0","left":"0","isLinked":false},"_padding":{"unit":"px","top":"0","right":"150","bottom":"0","left":"150","isLinked":false},"_padding_mobile":{"unit":"px","top":"0","right":"0","bottom":"0","left":"0","isLinked":false},"_padding_tablet":{"unit":"px","top":"0","right":"100","bottom":"0","left":"100","isLinked":false},"_animation":"fadeInDown","_animation_delay":200},"elements":[],"isInner":false,"widgetType":"heading","elType":"widget"},{"id":"1ff1b6e7","settings":{"editor":"<p style=\"text-align: center;\">Visit one of our multiple sessions of relaxation.<\/p>","text_color":"#ffffff","typography_typography":"custom","typography_font_family":"Muli","typography_font_size":{"unit":"px","size":18},"typography_font_size_tablet":{"unit":"px","size":15},"typography_font_weight":"400","typography_line_height":{"unit":"px","size":30},"typography_line_height_tablet":{"unit":"px","size":24},"_margin":{"unit":"px","top":"25","right":"-0","bottom":"0","left":"0","isLinked":false},"_padding":{"unit":"px","top":"0","right":"230","bottom":"0","left":"230","isLinked":false},"_padding_mobile":{"unit":"px","top":"0","right":"0","bottom":"0","left":"0","isLinked":false},"_animation":"fadeInDown","typography_letter_spacing":{"unit":"px","size":0.299999999999999988897769753748434595763683319091796875},"typography_font_size_mobile":{"unit":"px","size":17}},"elements":[],"isInner":false,"widgetType":"text-editor","elType":"widget"},{"id":"3fa5517c","settings":{"text":"Order Now","align":"center","typography_typography":"custom","typography_font_family":"Muli","typography_font_size":{"unit":"px","size":12},"typography_font_weight":"700","typography_text_transform":"uppercase","typography_line_height":{"unit":"px","size":15},"typography_letter_spacing":{"unit":"px","size":2},"background_color":"#e9a6a6","button_background_hover_color":"#e88686","border_radius":{"unit":"px","top":"32","right":"32","bottom":"32","left":"32","isLinked":true},"text_padding":{"unit":"px","top":"24","right":"61","bottom":"24","left":"61","isLinked":false},"text_padding_mobile":{"unit":"px","top":"20","right":"40","bottom":"20","left":"40","isLinked":false},"_margin":{"unit":"px","top":"51","right":"0","bottom":"0","left":"0","isLinked":false},"_margin_tablet":{"unit":"px","top":"35","right":"0","bottom":"0","left":"0","isLinked":false},"_animation":"fadeInDown"},"elements":[],"isInner":false,"widgetType":"button","elType":"widget"}],"isInner":false,"elType":"column"}],"isInner":false,"elType":"section"}],"page_settings":{"hide_title":"yes","padding":{"unit":"px","top":"0","right":"0","bottom":"0","left":"0","isLinked":true},"padding_tablet":{"unit":"px","top":"0","right":"0","bottom":"0","left":"0","isLinked":false}},"version":"0.4","title":"SPA","type":"section"}