{"content":[{"id":"6f417b5","settings":{"structure":"20","background_background":"classic","background_image":{"id":"3794","url":"https:\/\/cliente.shazamlnv.com\/setasolar\/wp-content\/uploads\/2022\/04\/jessica-rockowitz-1145846-unsplash.jpg"},"background_position":"initial","background_repeat":"no-repeat","background_size":"cover","border_border":"solid","border_width":{"unit":"px","top":"0","right":"0","bottom":"1","left":"0","isLinked":false},"border_color":"#eeeeee","border_radius":{"unit":"%","top":"","right":"","bottom":"","left":"","isLinked":false},"padding":{"unit":"px","top":"200","right":"0","bottom":"200","left":"0","isLinked":false},"z_index":2,"padding_tablet":{"unit":"px","top":"100","right":"0","bottom":"40","left":"0","isLinked":false},"background_color":"#ffffff","height":"min-height","custom_height":{"unit":"vh","size":30,"sizes":[]},"background_ypos":{"unit":"%","size":31,"sizes":[]},"background_xpos":{"unit":"px","size":-8,"sizes":[]},"background_motion_fx_blur_direction":"in-out","background_motion_fx_blur_range":{"unit":"%","size":"","sizes":{"start":5,"end":85}},"background_overlay_background":"classic","background_overlay_color":"#dbcda2","background_overlay_opacity":{"unit":"px","size":0.1000000000000000055511151231257827021181583404541015625,"sizes":[]},"custom_height_tablet":{"unit":"vh","size":100,"sizes":[]},"background_position_tablet":"initial","background_ypos_tablet":{"unit":"vh","size":-16,"sizes":[]},"background_size_tablet":"cover"},"elements":[{"id":"77e4c55","settings":{"_column_size":50,"_inline_size":null,"margin":{"unit":"px","top":"200","right":"0","bottom":"-250","left":"0","isLinked":false},"_inline_size_tablet":100,"margin_tablet":{"unit":"px","top":"0","right":"0","bottom":"0","left":"0","isLinked":false},"padding_tablet":{"unit":"px","top":"60","right":"30","bottom":"0","left":"30","isLinked":false},"padding":{"unit":"px","top":"0","right":"0","bottom":"0","left":"50","isLinked":false}},"elements":[{"id":"2aa11da7","settings":[],"elements":[],"isInner":false,"widgetType":"spacer","elType":"widget"},{"id":"2e991894","settings":{"title":"Adam Walker","header_size":"h1","title_color":"#ffffff","typography_typography":"custom","typography_font_family":"Bad Script","typography_font_size":{"unit":"px","size":90,"sizes":[]},"typography_font_weight":"900","typography_letter_spacing":{"unit":"px","size":-2,"sizes":[]},"align_tablet":"center","_margin":{"unit":"px","top":"0","right":"0","bottom":"0","left":"0","isLinked":false},"align":"left","typography_font_size_mobile":{"unit":"px","size":50,"sizes":[]}},"elements":[],"isInner":false,"widgetType":"heading","elType":"widget"},{"id":"30fe4c01","settings":{"title":"Professional\nWedding photographer","align":"left","align_tablet":"center","title_color":"#ffffff","typography_typography":"custom","typography_font_family":"Autour One","typography_font_size":{"unit":"px","size":11,"sizes":[]},"typography_font_weight":"600","typography_text_transform":"uppercase","typography_line_height":{"unit":"px","size":20,"sizes":[]},"_margin":{"unit":"px","top":"0","right":"0","bottom":"0","left":"0","isLinked":false},"typography_letter_spacing":{"unit":"px","size":4,"sizes":[]}},"elements":[],"isInner":false,"widgetType":"heading","elType":"widget"}],"isInner":false,"elType":"column"},{"id":"1344d4f2","settings":{"_column_size":50,"_inline_size":null,"margin":{"unit":"px","top":"200","right":"0","bottom":"-250","left":"0","isLinked":false},"padding":{"unit":"px","top":"0","right":"0","bottom":"0","left":"50","isLinked":false},"_inline_size_tablet":100,"margin_tablet":{"unit":"px","top":"0","right":"0","bottom":"0","left":"0","isLinked":false},"padding_tablet":{"unit":"px","top":"60","right":"30","bottom":"0","left":"30","isLinked":false}},"elements":[{"id":"5a671931","settings":{"carousel":[{"id":"3795","url":"https:\/\/cliente.shazamlnv.com\/setasolar\/wp-content\/uploads\/2022\/04\/bride-female-outdoors-2122359.jpg"},{"id":"3796","url":"https:\/\/cliente.shazamlnv.com\/setasolar\/wp-content\/uploads\/2022\/04\/bride-dress-fashion-2122351.jpg"},{"id":"3797","url":"https:\/\/cliente.shazamlnv.com\/setasolar\/wp-content\/uploads\/2022\/04\/nathan-dumlao-569835-unsplash.jpg"},{"id":"3798","url":"https:\/\/cliente.shazamlnv.com\/setasolar\/wp-content\/uploads\/2022\/04\/vasily-koloda-620889-unsplash.jpg"}],"thumbnail_size":"custom","slides_to_show":"1","effect":"fade","direction":"rtl","arrows_position":"outside","arrows_size":{"unit":"px","size":20,"sizes":[]},"arrows_color":"#111111","dots_position":"inside","dots_size":{"unit":"px","size":12,"sizes":[]},"dots_color":"#dbcda2","image_border_radius":{"unit":"px","top":"4","right":"4","bottom":"4","left":"4","isLinked":true},"_margin":{"unit":"px","top":"-5","right":"0","bottom":"-52","left":"0","isLinked":false},"_box_shadow_box_shadow_type":"yes","_box_shadow_box_shadow":{"horizontal":-10,"vertical":-10,"blur":50,"spread":0,"color":"rgba(0,0,0,0.11)"},"thumbnail_custom_dimension":{"width":"800","height":"600"},"navigation":"arrows"},"elements":[],"isInner":false,"widgetType":"image-carousel","elType":"widget"}],"isInner":false,"elType":"column"}],"isInner":false,"elType":"section"},{"id":"47fb41a5","settings":{"background_background":"classic","background_color":"#ffffff","background_position":"top center","background_repeat":"no-repeat","background_size":"cover","background_overlay_background":"classic","background_overlay_opacity":{"unit":"px","size":0.2300000000000000099920072216264088638126850128173828125,"sizes":[]},"padding":{"unit":"px","top":"140","right":"0","bottom":"90","left":"0","isLinked":false},"padding_tablet":{"unit":"px","top":"50","right":"0","bottom":"50","left":"0","isLinked":false}},"elements":[{"id":"d6e6a7e","settings":{"_column_size":100},"elements":[{"id":"1dd46e04","settings":{"title":"Awards","header_size":"h3","title_color":"#000000","typography_typography":"custom","typography_font_family":"Autour One","typography_font_size":{"unit":"px","size":30,"sizes":[]},"typography_font_weight":"700","typography_text_transform":"uppercase","align":"center","_animation":"fadeInUp"},"elements":[],"isInner":false,"widgetType":"heading","elType":"widget"},{"id":"7da3b5a3","settings":{"structure":"50","margin":{"unit":"px","top":"10","right":0,"bottom":"0","left":0,"isLinked":false}},"elements":[{"id":"25a458c","settings":{"_column_size":20,"_inline_size":null,"_inline_size_tablet":33,"margin_tablet":{"unit":"px","top":"0","right":"0","bottom":"30","left":"0","isLinked":false}},"elements":[{"id":"71669811","settings":{"image":{"id":"3799","url":"https:\/\/cliente.shazamlnv.com\/setasolar\/wp-content\/uploads\/2022\/04\/win.png"},"image_size":"custom","image_custom_dimension":{"width":"100","height":""},"_margin":{"unit":"px","top":"0","right":"0","bottom":"-10","left":"0","isLinked":false}},"elements":[],"isInner":false,"widgetType":"image","elType":"widget"},{"id":"4fae4e26","settings":{"title":"USA TOP<br>\nWEDDING<br>\nPHOTOGRAPHER","title_color":"#000000","typography_typography":"custom","typography_font_family":"Assistant","typography_font_size":{"unit":"px","size":15,"sizes":[]},"typography_font_weight":"700","typography_text_transform":"uppercase","typography_line_height":{"unit":"px","size":18,"sizes":[]},"_margin":{"unit":"px","top":"0","right":"0","bottom":"0","left":"0","isLinked":false},"align":"center"},"elements":[],"isInner":false,"widgetType":"heading","elType":"widget"}],"isInner":true,"elType":"column"},{"id":"778996bf","settings":{"_column_size":20,"_inline_size":null,"_inline_size_tablet":33,"margin_tablet":{"unit":"px","top":"0","right":"0","bottom":"30","left":"0","isLinked":false}},"elements":[{"id":"72620881","settings":{"image":{"id":"3799","url":"https:\/\/cliente.shazamlnv.com\/setasolar\/wp-content\/uploads\/2022\/04\/win.png"},"image_size":"custom","image_custom_dimension":{"width":"100","height":""},"_margin":{"unit":"px","top":"0","right":"0","bottom":"-10","left":"0","isLinked":false}},"elements":[],"isInner":false,"widgetType":"image","elType":"widget"},{"id":"309f3d8a","settings":{"title":"UK TOP 50<Br>\nWEDDING<Br>\nPHOTOGRAPHER","title_color":"#000000","typography_typography":"custom","typography_font_family":"Assistant","typography_font_size":{"unit":"px","size":15,"sizes":[]},"typography_font_weight":"700","typography_text_transform":"uppercase","typography_line_height":{"unit":"px","size":18,"sizes":[]},"_margin":{"unit":"px","top":"0","right":"0","bottom":"0","left":"0","isLinked":false},"align":"center"},"elements":[],"isInner":false,"widgetType":"heading","elType":"widget"}],"isInner":true,"elType":"column"},{"id":"2121499a","settings":{"_column_size":20,"_inline_size":null,"_inline_size_tablet":33,"margin_tablet":{"unit":"px","top":"0","right":"0","bottom":"30","left":"0","isLinked":false}},"elements":[{"id":"7783b239","settings":{"image":{"id":"3799","url":"https:\/\/cliente.shazamlnv.com\/setasolar\/wp-content\/uploads\/2022\/04\/win.png"},"image_size":"custom","image_custom_dimension":{"width":"100","height":""},"_margin":{"unit":"px","top":"0","right":"0","bottom":"-10","left":"0","isLinked":false}},"elements":[],"isInner":false,"widgetType":"image","elType":"widget"},{"id":"2a7c6716","settings":{"title":"WORLD TOP 100<br>\nWEDDING<br>\nPHOTOGRAPHER","title_color":"#000000","typography_typography":"custom","typography_font_family":"Assistant","typography_font_size":{"unit":"px","size":15,"sizes":[]},"typography_font_weight":"700","typography_text_transform":"uppercase","typography_line_height":{"unit":"px","size":18,"sizes":[]},"_margin":{"unit":"px","top":"0","right":"0","bottom":"0","left":"0","isLinked":false},"align":"center"},"elements":[],"isInner":false,"widgetType":"heading","elType":"widget"}],"isInner":true,"elType":"column"},{"id":"8cb8711","settings":{"_column_size":20,"_inline_size":null,"_inline_size_tablet":50,"margin_tablet":{"unit":"px","top":"0","right":"0","bottom":"30","left":"0","isLinked":false}},"elements":[{"id":"63b3e53a","settings":{"image":{"id":"3799","url":"https:\/\/cliente.shazamlnv.com\/setasolar\/wp-content\/uploads\/2022\/04\/win.png"},"image_size":"custom","image_custom_dimension":{"width":"100","height":""},"_margin":{"unit":"px","top":"0","right":"0","bottom":"-10","left":"0","isLinked":false}},"elements":[],"isInner":false,"widgetType":"image","elType":"widget"},{"id":"780c9be1","settings":{"title":"USA BEST<br>\nWEDDING<br>\nFILM","title_color":"#000000","typography_typography":"custom","typography_font_family":"Assistant","typography_font_size":{"unit":"px","size":15,"sizes":[]},"typography_font_weight":"700","typography_text_transform":"uppercase","typography_line_height":{"unit":"px","size":18,"sizes":[]},"_margin":{"unit":"px","top":"0","right":"0","bottom":"0","left":"0","isLinked":false},"align":"center"},"elements":[],"isInner":false,"widgetType":"heading","elType":"widget"}],"isInner":true,"elType":"column"},{"id":"38236ed1","settings":{"_column_size":20,"_inline_size":null,"_inline_size_tablet":50},"elements":[{"id":"647816cf","settings":{"image":{"id":"3799","url":"https:\/\/cliente.shazamlnv.com\/setasolar\/wp-content\/uploads\/2022\/04\/win.png"},"image_size":"custom","image_custom_dimension":{"width":"100","height":""},"_margin":{"unit":"px","top":"0","right":"0","bottom":"-10","left":"0","isLinked":false}},"elements":[],"isInner":false,"widgetType":"image","elType":"widget"},{"id":"4da534de","settings":{"title":"USA TOP<br>\nWEDDING<br>\nPHOTOGRAPHER","title_color":"#000000","typography_typography":"custom","typography_font_family":"Assistant","typography_font_size":{"unit":"px","size":15,"sizes":[]},"typography_font_weight":"700","typography_text_transform":"uppercase","typography_line_height":{"unit":"px","size":18,"sizes":[]},"_margin":{"unit":"px","top":"0","right":"0","bottom":"0","left":"0","isLinked":false},"align":"center"},"elements":[],"isInner":false,"widgetType":"heading","elType":"widget"}],"isInner":true,"elType":"column"}],"isInner":true,"elType":"section"}],"isInner":false,"elType":"column"}],"isInner":false,"elType":"section"},{"id":"14c16fb0","settings":{"padding":{"unit":"px","top":"50","right":"0","bottom":"0","left":"0","isLinked":false},"structure":"20","background_background":"classic","background_color":"#ffffff"},"elements":[{"id":"34bfb510","settings":{"_column_size":50,"_inline_size":null,"_inline_size_tablet":100,"margin":{"unit":"px","top":"0","right":"20","bottom":"0","left":"0","isLinked":false},"margin_tablet":{"unit":"px","top":"0","right":"0","bottom":"0","left":"0","isLinked":false}},"elements":[{"id":"5f85968e","settings":{"margin":{"unit":"px","top":"-100","right":0,"bottom":"0","left":0,"isLinked":false},"margin_tablet":{"unit":"px","top":"0","right":0,"bottom":"0","left":0,"isLinked":false}},"elements":[{"id":"530efeaa","settings":{"_column_size":100,"_inline_size":null,"margin_tablet":{"unit":"px","top":"0","right":"0","bottom":"0","left":"0","isLinked":false}},"elements":[{"id":"71ea969c","settings":{"image":{"id":"3800","url":"https:\/\/cliente.shazamlnv.com\/setasolar\/wp-content\/uploads\/2022\/04\/beach-bride-bride-and-groom-1679822.jpg"},"image_border_radius":{"unit":"px","top":"4","right":"4","bottom":"4","left":"4","isLinked":true},"image_box_shadow_box_shadow_type":"yes","image_box_shadow_box_shadow":{"horizontal":-10,"vertical":-10,"blur":50,"spread":0,"color":"rgba(0,0,0,0.11)"},"_margin":{"unit":"px","top":"0","right":"0","bottom":"-52","left":"0","isLinked":false},"css_filters_hover_brightness":{"unit":"px","size":58,"sizes":[]},"background_hover_transition":{"unit":"px","size":0.90000000000000002220446049250313080847263336181640625,"sizes":[]},"css_filters_hover_css_filter":"custom"},"elements":[],"isInner":false,"widgetType":"image","elType":"widget"},{"id":"ce52246","settings":{"text":"View More","align":"right","typography_typography":"custom","typography_font_family":"Assistant","typography_font_size":{"unit":"px","size":12,"sizes":[]},"typography_font_weight":"700","typography_text_transform":"uppercase","typography_line_height":{"unit":"px","size":12,"sizes":[]},"typography_letter_spacing":{"unit":"px","size":2,"sizes":[]},"button_text_color":"#000000","background_color":"rgba(219,205,162,0)","hover_color":"#dbbb51","button_background_hover_color":"#ffffff","border_radius":{"unit":"px","top":"0","right":"0","bottom":"4","left":"0","isLinked":false},"text_padding":{"unit":"px","top":"10","right":"25","bottom":"10","left":"25","isLinked":false},"_margin":{"unit":"px","top":"0","right":"0","bottom":"0","left":"0","isLinked":false}},"elements":[],"isInner":false,"widgetType":"button","elType":"widget"},{"id":"59d7e746","settings":{"editor":"Broaddus Avenue, Connecticut","typography_typography":"custom","typography_font_family":"Assistant","typography_font_size":{"unit":"px","size":12,"sizes":[]},"typography_line_height":{"unit":"px","size":12,"sizes":[]},"align":"left","typography_text_transform":"uppercase","_margin":{"unit":"px","top":"-10","right":"0","bottom":"0","left":"0","isLinked":false}},"elements":[],"isInner":false,"widgetType":"text-editor","elType":"widget"},{"id":"48aaa4df","settings":{"title":"Mike & Anna","title_color":"#000000","typography_typography":"custom","typography_font_family":"Autour One","typography_font_size":{"unit":"px","size":15,"sizes":[]},"typography_font_weight":"700","typography_text_transform":"uppercase","typography_line_height":{"unit":"px","size":22,"sizes":[]},"_margin":{"unit":"px","top":"-20","right":"0","bottom":"0","left":"0","isLinked":false},"align":"left","link":{"url":"#","is_external":"","nofollow":""}},"elements":[],"isInner":false,"widgetType":"heading","elType":"widget"}],"isInner":true,"elType":"column"}],"isInner":true,"elType":"section"},{"id":"5d5bb5c8","settings":{"margin":{"unit":"px","top":"30","right":0,"bottom":"0","left":0,"isLinked":false}},"elements":[{"id":"1f3b1649","settings":{"_column_size":100,"_inline_size":null},"elements":[{"id":"51643a60","settings":{"image":{"id":"3801","url":"https:\/\/cliente.shazamlnv.com\/setasolar\/wp-content\/uploads\/2022\/04\/ancient-arch-architecture-2041101.jpg"},"image_border_radius":{"unit":"px","top":"4","right":"4","bottom":"4","left":"4","isLinked":true},"image_box_shadow_box_shadow_type":"yes","image_box_shadow_box_shadow":{"horizontal":-10,"vertical":-10,"blur":50,"spread":0,"color":"rgba(0,0,0,0.11)"},"_margin":{"unit":"px","top":"0","right":"0","bottom":"-52","left":"0","isLinked":false},"css_filters_hover_brightness":{"unit":"px","size":58,"sizes":[]},"background_hover_transition":{"unit":"px","size":0.90000000000000002220446049250313080847263336181640625,"sizes":[]},"css_filters_hover_css_filter":"custom"},"elements":[],"isInner":false,"widgetType":"image","elType":"widget"},{"id":"442dd203","settings":{"text":"View More","align":"right","typography_typography":"custom","typography_font_family":"Assistant","typography_font_size":{"unit":"px","size":12,"sizes":[]},"typography_font_weight":"700","typography_text_transform":"uppercase","typography_line_height":{"unit":"px","size":12,"sizes":[]},"typography_letter_spacing":{"unit":"px","size":2,"sizes":[]},"button_text_color":"#ffffff","background_color":"rgba(219,205,162,0)","hover_color":"#dbbb51","button_background_hover_color":"#ffffff","border_radius":{"unit":"px","top":"0","right":"0","bottom":"4","left":"0","isLinked":false},"text_padding":{"unit":"px","top":"10","right":"25","bottom":"10","left":"25","isLinked":false},"_margin":{"unit":"px","top":"0","right":"0","bottom":"0","left":"0","isLinked":false}},"elements":[],"isInner":false,"widgetType":"button","elType":"widget"},{"id":"4b8bee0f","settings":{"editor":"Sunburst Drive, Florida","typography_typography":"custom","typography_font_family":"Assistant","typography_font_size":{"unit":"px","size":12,"sizes":[]},"typography_line_height":{"unit":"px","size":12,"sizes":[]},"align":"left","typography_text_transform":"uppercase","_margin":{"unit":"px","top":"-10","right":"0","bottom":"0","left":"0","isLinked":false}},"elements":[],"isInner":false,"widgetType":"text-editor","elType":"widget"},{"id":"37d79827","settings":{"title":"Travis & Helga","title_color":"#000000","typography_typography":"custom","typography_font_family":"Autour One","typography_font_size":{"unit":"px","size":15,"sizes":[]},"typography_font_weight":"700","typography_text_transform":"uppercase","typography_line_height":{"unit":"px","size":22,"sizes":[]},"_margin":{"unit":"px","top":"-20","right":"0","bottom":"0","left":"0","isLinked":false},"align":"left","link":{"url":"#","is_external":"","nofollow":""}},"elements":[],"isInner":false,"widgetType":"heading","elType":"widget"}],"isInner":true,"elType":"column"}],"isInner":true,"elType":"section"},{"id":"49cad0c6","settings":{"margin":{"unit":"px","top":"30","right":0,"bottom":"0","left":0,"isLinked":false}},"elements":[{"id":"3a32073e","settings":{"_column_size":100,"_inline_size":null},"elements":[{"id":"3792ec9d","settings":{"image":{"id":"3802","url":"https:\/\/cliente.shazamlnv.com\/setasolar\/wp-content\/uploads\/2022\/04\/eliza-szablinska-4336601-unsplash.jpg"},"image_border_radius":{"unit":"px","top":"4","right":"4","bottom":"4","left":"4","isLinked":true},"image_box_shadow_box_shadow_type":"yes","image_box_shadow_box_shadow":{"horizontal":-10,"vertical":-10,"blur":50,"spread":0,"color":"rgba(0,0,0,0.11)"},"_margin":{"unit":"px","top":"0","right":"0","bottom":"-52","left":"0","isLinked":false},"css_filters_hover_brightness":{"unit":"px","size":58,"sizes":[]},"background_hover_transition":{"unit":"px","size":0.90000000000000002220446049250313080847263336181640625,"sizes":[]},"css_filters_hover_css_filter":"custom"},"elements":[],"isInner":false,"widgetType":"image","elType":"widget"},{"id":"77f06d4e","settings":{"text":"View More","align":"right","typography_typography":"custom","typography_font_family":"Assistant","typography_font_size":{"unit":"px","size":12,"sizes":[]},"typography_font_weight":"700","typography_text_transform":"uppercase","typography_line_height":{"unit":"px","size":12,"sizes":[]},"typography_letter_spacing":{"unit":"px","size":2,"sizes":[]},"button_text_color":"#ffffff","background_color":"rgba(219,205,162,0)","hover_color":"#dbbb51","button_background_hover_color":"#ffffff","border_radius":{"unit":"px","top":"0","right":"0","bottom":"4","left":"0","isLinked":false},"text_padding":{"unit":"px","top":"10","right":"25","bottom":"10","left":"25","isLinked":false},"_margin":{"unit":"px","top":"0","right":"0","bottom":"0","left":"0","isLinked":false}},"elements":[],"isInner":false,"widgetType":"button","elType":"widget"},{"id":"70bdbbb","settings":{"editor":"Caynor Circle, New Jersey","typography_typography":"custom","typography_font_family":"Assistant","typography_font_size":{"unit":"px","size":12,"sizes":[]},"typography_line_height":{"unit":"px","size":12,"sizes":[]},"align":"left","typography_text_transform":"uppercase","_margin":{"unit":"px","top":"-10","right":"0","bottom":"0","left":"0","isLinked":false}},"elements":[],"isInner":false,"widgetType":"text-editor","elType":"widget"},{"id":"4a363e20","settings":{"title":"Dan & Julia","title_color":"#000000","typography_typography":"custom","typography_font_family":"Autour One","typography_font_size":{"unit":"px","size":15,"sizes":[]},"typography_font_weight":"700","typography_text_transform":"uppercase","typography_line_height":{"unit":"px","size":22,"sizes":[]},"_margin":{"unit":"px","top":"-20","right":"0","bottom":"0","left":"0","isLinked":false},"align":"left","link":{"url":"#","is_external":"","nofollow":""}},"elements":[],"isInner":false,"widgetType":"heading","elType":"widget"}],"isInner":true,"elType":"column"}],"isInner":true,"elType":"section"},{"id":"46ef0e1d","settings":{"margin":{"unit":"px","top":"30","right":0,"bottom":"0","left":0,"isLinked":false}},"elements":[{"id":"19b32da","settings":{"_column_size":100,"_inline_size":null},"elements":[{"id":"1845cf0e","settings":{"image":{"id":"3803","url":"https:\/\/cliente.shazamlnv.com\/setasolar\/wp-content\/uploads\/2022\/04\/dmitry-schemelev-1205165-unsplash-min.jpg"},"image_border_radius":{"unit":"px","top":"4","right":"4","bottom":"4","left":"4","isLinked":true},"image_box_shadow_box_shadow_type":"yes","image_box_shadow_box_shadow":{"horizontal":-10,"vertical":-10,"blur":50,"spread":0,"color":"rgba(0,0,0,0.11)"},"_margin":{"unit":"px","top":"0","right":"0","bottom":"-52","left":"0","isLinked":false},"css_filters_hover_brightness":{"unit":"px","size":58,"sizes":[]},"background_hover_transition":{"unit":"px","size":0.90000000000000002220446049250313080847263336181640625,"sizes":[]},"css_filters_hover_css_filter":"custom"},"elements":[],"isInner":false,"widgetType":"image","elType":"widget"},{"id":"22a66e70","settings":{"text":"View More","align":"right","typography_typography":"custom","typography_font_family":"Assistant","typography_font_size":{"unit":"px","size":12,"sizes":[]},"typography_font_weight":"700","typography_text_transform":"uppercase","typography_line_height":{"unit":"px","size":12,"sizes":[]},"typography_letter_spacing":{"unit":"px","size":2,"sizes":[]},"button_text_color":"#ffffff","background_color":"rgba(219,205,162,0)","hover_color":"#dbbb51","button_background_hover_color":"#ffffff","border_radius":{"unit":"px","top":"0","right":"0","bottom":"4","left":"0","isLinked":false},"text_padding":{"unit":"px","top":"10","right":"25","bottom":"10","left":"25","isLinked":false},"_margin":{"unit":"px","top":"0","right":"0","bottom":"0","left":"0","isLinked":false}},"elements":[],"isInner":false,"widgetType":"button","elType":"widget"},{"id":"5efa4845","settings":{"editor":"Caynor Circle, New Jersey","typography_typography":"custom","typography_font_family":"Assistant","typography_font_size":{"unit":"px","size":12,"sizes":[]},"typography_line_height":{"unit":"px","size":12,"sizes":[]},"align":"left","typography_text_transform":"uppercase","_margin":{"unit":"px","top":"-10","right":"0","bottom":"0","left":"0","isLinked":false}},"elements":[],"isInner":false,"widgetType":"text-editor","elType":"widget"},{"id":"613c289b","settings":{"title":"Stan & Gloria","title_color":"#000000","typography_typography":"custom","typography_font_family":"Autour One","typography_font_size":{"unit":"px","size":15,"sizes":[]},"typography_font_weight":"700","typography_text_transform":"uppercase","typography_line_height":{"unit":"px","size":22,"sizes":[]},"_margin":{"unit":"px","top":"-20","right":"0","bottom":"0","left":"0","isLinked":false},"align":"left","link":{"url":"#","is_external":"","nofollow":""}},"elements":[],"isInner":false,"widgetType":"heading","elType":"widget"}],"isInner":true,"elType":"column"}],"isInner":true,"elType":"section"}],"isInner":false,"elType":"column"},{"id":"70fe54c9","settings":{"_column_size":50,"_inline_size":null,"_inline_size_tablet":100,"margin":{"unit":"px","top":"0","right":"0","bottom":"0","left":"20","isLinked":false},"margin_tablet":{"unit":"px","top":"0","right":"0","bottom":"0","left":"0","isLinked":false}},"elements":[{"id":"227a5810","settings":{"title":"The latest <br>from the Journal","header_size":"h3","title_color":"#000000","typography_typography":"custom","typography_font_family":"Autour One","typography_font_size":{"unit":"px","size":18,"sizes":[]},"typography_font_weight":"700","typography_text_transform":"uppercase","align":"right","typography_line_height":{"unit":"px","size":22,"sizes":[]},"_margin":{"unit":"px","top":"0","right":"0","bottom":"0","left":"0","isLinked":false}},"elements":[],"isInner":false,"widgetType":"heading","elType":"widget"},{"id":"23f2908b","settings":{"margin":{"unit":"px","top":"40","right":0,"bottom":"0","left":0,"isLinked":false}},"elements":[{"id":"6f246542","settings":{"_column_size":100,"_inline_size":null},"elements":[{"id":"41fed6e5","settings":{"image":{"id":"3804","url":"https:\/\/cliente.shazamlnv.com\/setasolar\/wp-content\/uploads\/2022\/04\/chi-n-ph-m-217314-unsplash-min.jpg"},"image_border_radius":{"unit":"px","top":"4","right":"4","bottom":"4","left":"4","isLinked":true},"image_box_shadow_box_shadow_type":"yes","image_box_shadow_box_shadow":{"horizontal":-10,"vertical":-10,"blur":50,"spread":0,"color":"rgba(0,0,0,0.11)"},"_margin":{"unit":"px","top":"0","right":"0","bottom":"-52","left":"0","isLinked":false},"css_filters_hover_brightness":{"unit":"px","size":58,"sizes":[]},"background_hover_transition":{"unit":"px","size":0.90000000000000002220446049250313080847263336181640625,"sizes":[]},"css_filters_hover_css_filter":"custom"},"elements":[],"isInner":false,"widgetType":"image","elType":"widget"},{"id":"56ba95a3","settings":{"text":"View More","align":"right","typography_typography":"custom","typography_font_family":"Assistant","typography_font_size":{"unit":"px","size":12,"sizes":[]},"typography_font_weight":"700","typography_text_transform":"uppercase","typography_line_height":{"unit":"px","size":12,"sizes":[]},"typography_letter_spacing":{"unit":"px","size":2,"sizes":[]},"button_text_color":"#ffffff","background_color":"rgba(219,205,162,0)","hover_color":"#dbbb51","button_background_hover_color":"#ffffff","border_radius":{"unit":"px","top":"0","right":"0","bottom":"4","left":"0","isLinked":false},"text_padding":{"unit":"px","top":"10","right":"25","bottom":"10","left":"25","isLinked":false},"_margin":{"unit":"px","top":"0","right":"0","bottom":"0","left":"0","isLinked":false}},"elements":[],"isInner":false,"widgetType":"button","elType":"widget"},{"id":"6274dcb8","settings":{"editor":"Ritter Street, Alabama","typography_typography":"custom","typography_font_family":"Assistant","typography_font_size":{"unit":"px","size":12,"sizes":[]},"typography_line_height":{"unit":"px","size":12,"sizes":[]},"align":"left","typography_text_transform":"uppercase","_margin":{"unit":"px","top":"-10","right":"0","bottom":"0","left":"0","isLinked":false}},"elements":[],"isInner":false,"widgetType":"text-editor","elType":"widget"},{"id":"29a3528f","settings":{"title":"Randy & Amelia","title_color":"#000000","typography_typography":"custom","typography_font_family":"Autour One","typography_font_size":{"unit":"px","size":15,"sizes":[]},"typography_font_weight":"700","typography_text_transform":"uppercase","typography_line_height":{"unit":"px","size":22,"sizes":[]},"_margin":{"unit":"px","top":"-20","right":"0","bottom":"0","left":"0","isLinked":false},"align":"left","link":{"url":"#","is_external":"","nofollow":""}},"elements":[],"isInner":false,"widgetType":"heading","elType":"widget"}],"isInner":true,"elType":"column"}],"isInner":true,"elType":"section"},{"id":"1d1dbf60","settings":{"margin":{"unit":"px","top":"30","right":0,"bottom":"0","left":0,"isLinked":false}},"elements":[{"id":"7c00440","settings":{"_column_size":100,"_inline_size":null},"elements":[{"id":"2aa2c0e8","settings":{"image":{"id":"3805","url":"https:\/\/cliente.shazamlnv.com\/setasolar\/wp-content\/uploads\/2022\/04\/analise-benevides-1451941-unsplash-min.jpg"},"image_border_radius":{"unit":"px","top":"4","right":"4","bottom":"4","left":"4","isLinked":true},"image_box_shadow_box_shadow_type":"yes","image_box_shadow_box_shadow":{"horizontal":-10,"vertical":-10,"blur":50,"spread":0,"color":"rgba(0,0,0,0.11)"},"_margin":{"unit":"px","top":"0","right":"0","bottom":"-52","left":"0","isLinked":false},"css_filters_hover_brightness":{"unit":"px","size":58,"sizes":[]},"background_hover_transition":{"unit":"px","size":0.90000000000000002220446049250313080847263336181640625,"sizes":[]},"css_filters_hover_css_filter":"custom"},"elements":[],"isInner":false,"widgetType":"image","elType":"widget"},{"id":"36215535","settings":{"text":"View More","align":"right","typography_typography":"custom","typography_font_family":"Assistant","typography_font_size":{"unit":"px","size":12,"sizes":[]},"typography_font_weight":"700","typography_text_transform":"uppercase","typography_line_height":{"unit":"px","size":12,"sizes":[]},"typography_letter_spacing":{"unit":"px","size":2,"sizes":[]},"button_text_color":"#ffffff","background_color":"rgba(219,205,162,0)","hover_color":"#dbbb51","button_background_hover_color":"#ffffff","border_radius":{"unit":"px","top":"0","right":"0","bottom":"4","left":"0","isLinked":false},"text_padding":{"unit":"px","top":"10","right":"25","bottom":"10","left":"25","isLinked":false},"_margin":{"unit":"px","top":"0","right":"0","bottom":"0","left":"0","isLinked":false}},"elements":[],"isInner":false,"widgetType":"button","elType":"widget"},{"id":"7c5dbdd6","settings":{"editor":"Caynor Circle, New Jersey","typography_typography":"custom","typography_font_family":"Assistant","typography_font_size":{"unit":"px","size":12,"sizes":[]},"typography_line_height":{"unit":"px","size":12,"sizes":[]},"align":"left","typography_text_transform":"uppercase","_margin":{"unit":"px","top":"-10","right":"0","bottom":"0","left":"0","isLinked":false}},"elements":[],"isInner":false,"widgetType":"text-editor","elType":"widget"},{"id":"678b99ca","settings":{"title":"John & Miranda","title_color":"#000000","typography_typography":"custom","typography_font_family":"Autour One","typography_font_size":{"unit":"px","size":15,"sizes":[]},"typography_font_weight":"700","typography_text_transform":"uppercase","typography_line_height":{"unit":"px","size":22,"sizes":[]},"_margin":{"unit":"px","top":"-20","right":"0","bottom":"0","left":"0","isLinked":false},"align":"left","link":{"url":"#","is_external":"","nofollow":""}},"elements":[],"isInner":false,"widgetType":"heading","elType":"widget"}],"isInner":true,"elType":"column"}],"isInner":true,"elType":"section"},{"id":"520f524d","settings":{"margin":{"unit":"px","top":"30","right":0,"bottom":"0","left":0,"isLinked":false}},"elements":[{"id":"5082a541","settings":{"_column_size":100,"_inline_size":null},"elements":[{"id":"60cc5956","settings":{"image":{"id":"3806","url":"https:\/\/cliente.shazamlnv.com\/setasolar\/wp-content\/uploads\/2022\/04\/touzu-1248687-unsplash-min.jpg"},"image_border_radius":{"unit":"px","top":"4","right":"4","bottom":"4","left":"4","isLinked":true},"image_box_shadow_box_shadow_type":"yes","image_box_shadow_box_shadow":{"horizontal":-10,"vertical":-10,"blur":50,"spread":0,"color":"rgba(0,0,0,0.11)"},"_margin":{"unit":"px","top":"0","right":"0","bottom":"-52","left":"0","isLinked":false},"css_filters_hover_brightness":{"unit":"px","size":58,"sizes":[]},"background_hover_transition":{"unit":"px","size":0.90000000000000002220446049250313080847263336181640625,"sizes":[]},"css_filters_hover_css_filter":"custom"},"elements":[],"isInner":false,"widgetType":"image","elType":"widget"},{"id":"30bcc642","settings":{"text":"View More","align":"right","typography_typography":"custom","typography_font_family":"Assistant","typography_font_size":{"unit":"px","size":12,"sizes":[]},"typography_font_weight":"700","typography_text_transform":"uppercase","typography_line_height":{"unit":"px","size":12,"sizes":[]},"typography_letter_spacing":{"unit":"px","size":2,"sizes":[]},"button_text_color":"#ffffff","background_color":"rgba(219,205,162,0)","hover_color":"#dbbb51","button_background_hover_color":"#ffffff","border_radius":{"unit":"px","top":"0","right":"0","bottom":"4","left":"0","isLinked":false},"text_padding":{"unit":"px","top":"10","right":"25","bottom":"10","left":"25","isLinked":false},"_margin":{"unit":"px","top":"0","right":"0","bottom":"0","left":"0","isLinked":false}},"elements":[],"isInner":false,"widgetType":"button","elType":"widget"},{"id":"1c923e8a","settings":{"editor":"Caynor Circle, New Jersey","typography_typography":"custom","typography_font_family":"Assistant","typography_font_size":{"unit":"px","size":12,"sizes":[]},"typography_line_height":{"unit":"px","size":12,"sizes":[]},"align":"left","typography_text_transform":"uppercase","_margin":{"unit":"px","top":"-10","right":"0","bottom":"0","left":"0","isLinked":false}},"elements":[],"isInner":false,"widgetType":"text-editor","elType":"widget"},{"id":"3f45316a","settings":{"title":"Chan & Angelina","title_color":"#000000","typography_typography":"custom","typography_font_family":"Autour One","typography_font_size":{"unit":"px","size":15,"sizes":[]},"typography_font_weight":"700","typography_text_transform":"uppercase","typography_line_height":{"unit":"px","size":22,"sizes":[]},"_margin":{"unit":"px","top":"-20","right":"0","bottom":"0","left":"0","isLinked":false},"align":"left","link":{"url":"#","is_external":"","nofollow":""}},"elements":[],"isInner":false,"widgetType":"heading","elType":"widget"}],"isInner":true,"elType":"column"}],"isInner":true,"elType":"section"}],"isInner":false,"elType":"column"}],"isInner":false,"elType":"section"},{"id":"3ce64043","settings":{"margin":{"unit":"px","top":"0","right":0,"bottom":"0","left":0,"isLinked":false},"margin_mobile":{"unit":"px","top":"0","right":0,"bottom":"0","left":0,"isLinked":false},"padding":{"unit":"px","top":"80","right":"0","bottom":"80","left":"0","isLinked":false},"padding_tablet":{"unit":"px","top":"040","right":"30","bottom":"0","left":"30","isLinked":false},"padding_mobile":{"unit":"px","top":"040","right":"0","bottom":"40","left":"0","isLinked":false},"margin_tablet":{"unit":"px","top":"0","right":0,"bottom":"0","left":0,"isLinked":false},"background_background":"classic","background_color":"#ffffff"},"elements":[{"id":"5443998b","settings":{"_column_size":100,"border_border":"solid","border_width":{"unit":"px","top":"1","right":"1","bottom":"1","left":"1","isLinked":true},"border_color":"#eeeeee","border_radius":{"unit":"px","top":"","right":"","bottom":"","left":"","isLinked":false},"padding":{"unit":"px","top":"50","right":"50","bottom":"50","left":"50","isLinked":true},"padding_mobile":{"unit":"px","top":"30","right":"30","bottom":"30","left":"30","isLinked":true}},"elements":[{"id":"376ebb66","settings":{"title":"Capturing a Moment for a Lifetime\n","title_color":"#000000","typography_typography":"custom","typography_font_family":"Bad Script","typography_font_size":{"unit":"px","size":64,"sizes":[]},"typography_font_weight":"900","align":"center","link":{"url":"#","is_external":"","nofollow":""},"_animation":"fadeInUp"},"elements":[],"isInner":false,"widgetType":"heading","elType":"widget"},{"id":"120e06c2","settings":{"editor":"<p>Lorem ipsum dolor sit amet, consectetur adipiscing elit, sed do eiusmod tempor incididunt ut labore et dolore magna aliqua. Ut enim ad minim veniam, quis nostrud exercitation ullamco laboris nisi ut aliquip ex ea commodo consequat. Duis aute irure dolor in reprehenderit in voluptate velit esse cillum dolore eu fugiat nulla pariatur. Excepteur sint occaecat cupidatat non proident, sunt in culpa qui officia deserunt mollit anim id est laborum.<\/p>","typography_typography":"custom","typography_font_family":"Assistant","typography_font_size":{"unit":"px","size":14,"sizes":[]},"typography_line_height":{"unit":"px","size":24,"sizes":[]},"align":"center","align_mobile":"left"},"elements":[],"isInner":false,"widgetType":"text-editor","elType":"widget"},{"id":"40625cc7","settings":{"text":"Booking","typography_typography":"custom","typography_font_family":"Assistant","typography_font_size":{"unit":"px","size":14,"sizes":[]},"typography_font_weight":"700","typography_text_transform":"uppercase","typography_line_height":{"unit":"px","size":14,"sizes":[]},"typography_letter_spacing":{"unit":"px","size":2,"sizes":[]},"button_text_color":"#000000","background_color":"#dbcda2","button_background_hover_color":"#dbbb51","border_radius":{"unit":"px","top":"0","right":"0","bottom":"0","left":"0","isLinked":true},"text_padding":{"unit":"px","top":"20","right":"45","bottom":"20","left":"45","isLinked":false},"_margin":{"unit":"px","top":"10","right":"0","bottom":"0","left":"0","isLinked":false},"align":"center"},"elements":[],"isInner":false,"widgetType":"button","elType":"widget"}],"isInner":false,"elType":"column"}],"isInner":false,"elType":"section"},{"id":"485d6c91","settings":{"layout":"full_width","margin":{"unit":"px","top":"0","right":0,"bottom":"0","left":0,"isLinked":false},"background_background":"classic","background_color":"#ffffff","padding":{"unit":"px","top":"0","right":"80","bottom":"140","left":"80","isLinked":false},"animation":"fadeIn","animation_delay":400,"padding_tablet":{"unit":"px","top":"0","right":"0","bottom":"0","left":"0","isLinked":false}},"elements":[{"id":"3507ffaa","settings":{"_column_size":100,"padding":{"unit":"px","top":"0","right":"0","bottom":"0","left":"0","isLinked":false}},"elements":[{"id":"5843e6f2","settings":{"content_width":{"unit":"px","size":500,"sizes":[]}},"elements":[{"id":"6628a93f","settings":{"_column_size":100,"_inline_size":null},"elements":[{"id":"2b708898","settings":{"social_icon_list":[{"social":"fa fa-instagram","_id":"4f0db50","link":{"url":"https:\/\/instagram.coim","is_external":"true","nofollow":"","custom_attributes":""}}],"icon_color":"custom","icon_primary_color":"#efefef","icon_secondary_color":"#dbcda2","icon_size":{"unit":"px","size":21,"sizes":[]},"icon_padding":{"unit":"em","size":0.200000000000000011102230246251565404236316680908203125,"sizes":[]},"_element_vertical_align":"center"},"elements":[],"isInner":false,"widgetType":"social-icons","elType":"widget"},{"id":"423e5fbe","settings":{"title":"Follow Me on instagram\n","title_color":"#000000","typography_typography":"custom","typography_font_family":"Autour One","typography_font_size":{"unit":"px","size":18,"sizes":[]},"typography_font_weight":"700","typography_text_transform":"uppercase","typography_line_height":{"unit":"px","size":41,"sizes":[]},"_margin":{"unit":"px","top":"0","right":"0","bottom":"30","left":"0","isLinked":false},"align":"center","link":{"url":"#","is_external":"","nofollow":""}},"elements":[],"isInner":false,"widgetType":"heading","elType":"widget"}],"isInner":true,"elType":"column"}],"isInner":true,"elType":"section"},{"id":"6fdeb15a","settings":{"carousel":[{"id":"3807","url":"https:\/\/cliente.shazamlnv.com\/setasolar\/wp-content\/uploads\/2022\/04\/brian-hartley-252123-unsplash.jpg"},{"id":"3808","url":"https:\/\/cliente.shazamlnv.com\/setasolar\/wp-content\/uploads\/2022\/04\/eric-alves-145945-unsplash.jpg"},{"id":"3809","url":"https:\/\/cliente.shazamlnv.com\/setasolar\/wp-content\/uploads\/2022\/04\/foto-pettine-756112-unsplash.jpg"},{"id":"3801","url":"https:\/\/cliente.shazamlnv.com\/setasolar\/wp-content\/uploads\/2022\/04\/ancient-arch-architecture-2041101.jpg"},{"id":"3810","url":"https:\/\/cliente.shazamlnv.com\/setasolar\/wp-content\/uploads\/2022\/04\/nathan-dumlao-569822-unsplash.jpg"},{"id":"3811","url":"https:\/\/cliente.shazamlnv.com\/setasolar\/wp-content\/uploads\/2022\/04\/todd-ruth-1191142-unsplash-min.jpg"},{"id":"3812","url":"https:\/\/cliente.shazamlnv.com\/setasolar\/wp-content\/uploads\/2022\/04\/scott-webb-228671-unsplash.jpg"},{"id":"3813","url":"https:\/\/cliente.shazamlnv.com\/setasolar\/wp-content\/uploads\/2022\/04\/benjaminrobyn-jespersen-438340-unsplash.jpg"}],"thumbnail_size":"custom","slides_to_show":"6","effect":"fade","arrows_position":"outside","arrows_size":{"unit":"px","size":20,"sizes":[]},"arrows_color":"#dbcda2","dots_size":{"unit":"px","size":12,"sizes":[]},"dots_color":"#dbcda2","image_border_radius":{"unit":"px","top":"4","right":"4","bottom":"4","left":"4","isLinked":true},"_margin":{"unit":"px","top":"-5","right":"0","bottom":"-52","left":"0","isLinked":false},"_box_shadow_box_shadow":{"horizontal":-10,"vertical":-10,"blur":50,"spread":0,"color":"rgba(0,0,0,0.11)"},"navigation":"arrows","thumbnail_custom_dimension":{"width":"600","height":"600"},"slides_to_scroll":"1","caption_type":"caption","image_spacing":"custom","image_spacing_custom":{"unit":"px","size":40,"sizes":[]},"caption_text_color":"#ffffff","caption_typography_typography":"custom","caption_typography_font_family":"Autour One","caption_typography_font_size":{"unit":"px","size":14,"sizes":[]},"caption_typography_font_weight":"900","caption_typography_text_transform":"uppercase","_css_classes":"envato-kit-161-caption","slides_to_show_tablet":"3","slides_to_scroll_tablet":"1"},"elements":[],"isInner":false,"widgetType":"image-carousel","elType":"widget"}],"isInner":false,"elType":"column"}],"isInner":false,"elType":"section"}],"page_settings":[],"version":"0.4","title":"FOT\u00d3GRAFO","type":"section"}