{"version":"0.4","title":"M\u00e9dico 11","type":"page","content":[{"id":"47d9f27d","settings":{"stretch_section":"section-stretched","height":"min-height","custom_height":{"unit":"vh","size":"45"},"column_position":"stretch","content_position":"middle","background_background":"classic","background_color":"#2e70ce","background_color_stop":{"unit":"%","size":"54"},"background_color_b":"#e9eff9","background_color_b_stop":{"unit":"%","size":"95"},"background_gradient_angle":{"unit":"deg","size":"0"},"shape_divider_top":"waves","shape_divider_top_color":"#2e70ce","shape_divider_top_width":{"unit":"%","size":"100"},"shape_divider_top_height":{"unit":"px","size":"44"},"shape_divider_bottom_color":"#e9eff9","shape_divider_bottom_width":{"unit":"%","size":"300"},"shape_divider_bottom_height":{"unit":"px","size":"42"},"padding":{"unit":"%","top":"8","right":"6","bottom":"0","left":"6","isLinked":""},"content_width":{"unit":"px","size":"1350"},"background_overlay_background":"classic","background_overlay_image":{"url":"http:\/\/sitefacilitado.com.br\/membros\/wp-content\/uploads\/2020\/03\/hero_mask-corner.png","id":"4074"},"background_overlay_position":"top right","background_overlay_size":"cover","background_overlay_opacity":{"unit":"px","size":"1"},"shape_divider_top_flip":"yes","shape_divider_top_above_content":"yes","shape_divider_bottom_flip":"yes","shape_divider_bottom_above_content":"yes","structure":"20","background_overlay_position_mobile":"initial","background_overlay_xpos_mobile":{"unit":"px","size":"800"},"background_overlay_size_mobile":"cover","shape_divider_top_width_mobile":{"unit":"%","size":"300"}},"elements":[{"id":"2f37b513","settings":{"_column_size":"50","content_position":"center","background_background":"classic","background_overlay_background":"classic","background_overlay_position":"bottom right","background_overlay_repeat":"no-repeat","background_overlay_size":"contain","background_overlay_opacity":{"unit":"px","size":"1"},"overlay_blend_mode":"multiply","margin":{"unit":"px","top":"0","right":"0","bottom":"-30","left":"0","isLinked":""},"padding":{"unit":"em","top":"0","right":"2","bottom":"0","left":"2","isLinked":""},"padding_tablet":{"unit":"em","top":"0","right":"0","bottom":"0","left":"0","isLinked":""}},"elements":[{"id":"3f43f373","settings":{"title":"our doctors","align":"left","title_color":"#2e70ce","typography_typography":"custom","typography_font_size":{"unit":"rem","size":"0.9"},"header_size":"h4","typography_font_family":"Noto Sans","typography_letter_spacing":{"unit":"px","size":"-0.3"},"typography_font_weight":"bold","align_mobile":"center","typography_font_size_tablet":{"unit":"rem","size":""},"typography_text_transform":"uppercase","typography_line_height":{"unit":"em","size":"0.4"},"_margin":{"unit":"px","top":"40","right":"0","bottom":"0","left":"4","isLinked":""},"_animation":"fadeInLeft","animation_duration":"fast","_animation_delay":"300"},"elements":[],"isInner":false,"widgetType":"heading","elType":"widget"},{"id":"4eeb2ddc","settings":{"title":"Gale Anderson, MD","align":"left","title_color":"#1d2366","typography_typography":"custom","typography_font_size":{"unit":"rem","size":"3.2"},"typography_font_weight":"300","header_size":"h3","typography_font_family":"Noto Sans","_animation":"fadeInUp","animation_duration":"fast","align_mobile":"center","typography_font_size_tablet":{"unit":"rem","size":"1.9"},"typography_line_height":{"unit":"em","size":"1.1"},"_margin":{"unit":"px","top":"0","right":"0","bottom":"0","left":"0","isLinked":""},"_animation_delay":"300","typography_letter_spacing":{"unit":"px","size":"-2.5"},"_z_index":"9"},"elements":[],"isInner":false,"widgetType":"heading","elType":"widget"},{"id":"7e6ed4e","settings":{"title":"James Anderson, MD","align":"left","title_color":"#1d2366","typography_typography":"custom","typography_font_size":{"unit":"rem","size":"3.2"},"typography_font_weight":"300","header_size":"h3","typography_font_family":"Noto Sans","_animation":"fadeInUp","animation_duration":"fast","align_mobile":"center","typography_font_size_tablet":{"unit":"rem","size":"1.9"},"typography_line_height":{"unit":"em","size":"1.1"},"_margin":{"unit":"px","top":"0","right":"0","bottom":"0","left":"0","isLinked":""},"_animation_delay":"300","typography_letter_spacing":{"unit":"px","size":"-2.5"},"_z_index":"9"},"elements":[],"isInner":false,"widgetType":"heading","elType":"widget"},{"id":"6282e3ce","settings":{"icon_list":[{"text":"Pediatrician","icon":"fa fa-plus","_id":"01a3a6f","link":{"url":"","is_external":"","nofollow":""},"selected_icon":{"value":"fas fa-check","library":"fa-solid"}},{"text":"General Health practitioner","icon":"fa fa-plus","_id":"037a6c8","link":{"url":"","is_external":"","nofollow":""},"selected_icon":{"value":"fas fa-check","library":"fa-solid"}},{"text":"Prenatal Care","icon":"fa fa-plus","_id":"9461ad2","link":{"url":"","is_external":"","nofollow":""},"selected_icon":{"value":"fas fa-check","library":"fa-solid"}}],"space_between":{"unit":"px","size":"4"},"icon_align":"left","divider_style":"dotted","divider_weight":{"unit":"px","size":"2"},"divider_height":{"unit":"%","size":"20"},"icon_color":"#c2d8f9","icon_size":{"unit":"px","size":"16"},"text_color":"#2e70ce","text_color_hover":"#6b94ce","text_indent":{"unit":"px","size":"10"},"icon_typography_typography":"custom","icon_typography_font_family":"Noto Sans","icon_typography_font_size":{"unit":"rem","size":"0.8"},"icon_typography_font_weight":"bold","icon_typography_line_height":{"unit":"em","size":"2"},"_padding":{"unit":"%","top":"0","right":"0","bottom":"0","left":"0","isLinked":""},"_animation":"fadeInLeft","_padding_mobile":{"unit":"em","top":"0","right":"0","bottom":"0","left":"3","isLinked":""}},"elements":[],"isInner":false,"widgetType":"icon-list","elType":"widget"},{"id":"7125f46d","settings":{"layout":"full_width","structure":"20","gap":"no"},"elements":[{"id":"6d295e47","settings":{"_column_size":"50","_inline_size":"34.206","z_index":"9","_inline_size_tablet":"50","_inline_size_mobile":"50"},"elements":[{"id":"1bf934f","settings":{"text":"Overview","align":"left","typography_typography":"custom","typography_font_size":{"unit":"rem","size":"0.8"},"typography_font_weight":"700","typography_text_transform":"uppercase","button_text_color":"#ffffff","background_color":"#2e70ce","hover_color":"#ffffff","button_background_hover_color":"#5286ce","border_radius":{"unit":"px","top":"30","right":"30","bottom":"30","left":"30","isLinked":"1"},"text_padding":{"unit":"em","top":"","right":"","bottom":"","left":"","isLinked":""},"_padding":{"unit":"px","top":"0","right":"0","bottom":"0","left":"0","isLinked":""},"typography_font_family":"Noto Sans","typography_line_height":{"unit":"em","size":"1.4"},"button_hover_border_color":"#0056ce","hover_animation":"float","border_border":"solid","border_width":{"unit":"px","top":"0","right":"0","bottom":"0","left":"0","isLinked":"1"},"typography_letter_spacing":{"unit":"px","size":"0.5"},"_margin":{"unit":"px","top":"40","right":"0","bottom":"0","left":"0","isLinked":""},"border_color":"#0055e8","button_box_shadow_box_shadow_type":"yes","button_box_shadow_box_shadow":{"horizontal":"-2","vertical":"20","blur":"32","spread":"-17","color":"rgba(97,192,211,0.84)"},"icon":"fa fa-angle-down","link":{"url":"#overview","is_external":"","nofollow":""},"align_mobile":"center"},"elements":[],"isInner":false,"widgetType":"button","elType":"widget"}],"isInner":"1","elType":"column"},{"id":"29c228a3","settings":{"_column_size":"50","_inline_size":"65.794","background_background":"classic","content_position":"bottom","_inline_size_tablet":"50","_inline_size_mobile":"50"},"elements":[{"id":"4f022b5","settings":{"text":"Booking","align":"left","typography_typography":"custom","typography_font_size":{"unit":"rem","size":"0.8"},"typography_font_weight":"700","typography_text_transform":"uppercase","button_text_color":"#ffffff","background_color":"#47e0b0","hover_color":"#ffffff","button_background_hover_color":"#fa4a57","border_radius":{"unit":"px","top":"30","right":"30","bottom":"30","left":"30","isLinked":"1"},"text_padding":{"unit":"em","top":"","right":"","bottom":"","left":"","isLinked":""},"_padding":{"unit":"px","top":"0","right":"0","bottom":"0","left":"0","isLinked":""},"typography_font_family":"Noto Sans","typography_line_height":{"unit":"em","size":"1.4"},"button_hover_border_color":"#f92231","hover_animation":"float","border_border":"solid","border_width":{"unit":"px","top":"0","right":"0","bottom":"0","left":"0","isLinked":"1"},"typography_letter_spacing":{"unit":"px","size":"0.5"},"_margin":{"unit":"px","top":"40","right":"0","bottom":"0","left":"0","isLinked":""},"border_color":"#47e0b0","button_box_shadow_box_shadow_type":"yes","button_box_shadow_box_shadow":{"horizontal":"-2","vertical":"20","blur":"32","spread":"-17","color":"rgba(71,224,176,0.82)"},"icon":"fa fa-angle-down","link":{"url":"#booking","is_external":"","nofollow":""},"align_mobile":"center"},"elements":[],"isInner":false,"widgetType":"button","elType":"widget"}],"isInner":"1","elType":"column"}],"isInner":"1","elType":"section"}],"isInner":"","elType":"column"},{"id":"77d93aac","settings":{"_column_size":"50","background_background":"classic","background_color_stop":{"unit":"%","size":"19"},"background_color_b":"#e9eff9","background_gradient_angle":{"unit":"deg","size":"190"},"background_overlay_background":"classic","background_overlay_image":{"url":"http:\/\/sitefacilitado.com.br\/membros\/wp-content\/uploads\/2020\/03\/blobmask-1.png","id":"4089"},"background_overlay_position":"bottom center","background_overlay_repeat":"no-repeat","background_overlay_size":"contain","background_overlay_opacity":{"unit":"px","size":"1"},"margin":{"unit":"px","top":"0","right":"0","bottom":"0","left":"0","isLinked":"1"},"padding":{"unit":"em","top":"0","right":"0","bottom":"0","left":"0","isLinked":"1"}},"elements":[{"id":"41c3cd4b","settings":{"image":{"url":"http:\/\/sitefacilitado.com.br\/membros\/wp-content\/uploads\/2020\/03\/pexels-photo-834508.png","id":"4138"},"width":{"unit":"%","size":"66"},"_margin":{"unit":"px","top":"81","right":"0","bottom":"0","left":"0","isLinked":""},"css_filters_hue":{"unit":"px","size":"334"},"width_tablet":{"unit":"%","size":"100"}},"elements":[],"isInner":false,"widgetType":"image","elType":"widget"}],"isInner":"","elType":"column"}],"isInner":"","elType":"section"},{"id":"3fa678b","settings":{"gap":"no","custom_height":{"unit":"px","size":"700"},"content_position":"middle","padding":{"unit":"%","top":"2","right":"0","bottom":"0","left":"0","isLinked":""},"padding_tablet":{"unit":"em","top":"","right":"","bottom":"","left":"","isLinked":""},"padding_mobile":{"unit":"px","top":"50","right":"20","bottom":"50","left":"20","isLinked":""},"content_width":{"unit":"px","size":"1350"},"background_background":"classic","background_color":"#ffffff","border_width":{"unit":"px","top":"1","right":"0","bottom":"0","left":"0","isLinked":""},"border_color":"#d4e3f9","structure":"30"},"elements":[{"id":"16ad8d62","settings":{"_column_size":"33","margin":{"unit":"px","top":"10","right":"10","bottom":"10","left":"10","isLinked":"1"},"padding":{"unit":"em","top":"3","right":"3","bottom":"3","left":"3","isLinked":"1"},"border_width":{"unit":"px","top":"1","right":"1","bottom":"1","left":"1","isLinked":"1"},"border_color":"#e5e5e5","border_hover_width":{"unit":"px","top":"1","right":"1","bottom":"1","left":"1","isLinked":"1"},"border_hover_color":"#01bf83","padding_tablet":{"unit":"px","top":"40","right":"15","bottom":"40","left":"15","isLinked":""},"box_shadow_hover_box_shadow":{"horizontal":"0","vertical":"22","blur":"20","spread":"2","color":"rgba(97,192,211,0.26)"},"animation":"fadeInUp","animation_duration":"fast","background_hover_background":"classic","background_hover_color":"#ffffff","background_hover_transition":{"unit":"px","size":"0.9"},"border_radius":{"unit":"px","top":"10","right":"10","bottom":"10","left":"10","isLinked":"1"},"box_shadow_hover_box_shadow_type":"yes","background_background":"classic","background_color":"#e9eff9","content_position":"top"},"elements":[{"id":"1dbc19d8","settings":{"image":{"url":"http:\/\/sitefacilitado.com.br\/membros\/wp-content\/uploads\/2020\/03\/icon-cancer-1.png","id":"4139"},"thumbnail_size":"thumbnail","title_text":"Women's Health","description_text":"Click edit button to change this","position":"left","image_space":{"unit":"px","size":"17"},"image_size":{"unit":"%","size":"18"},"css_filters_css_filter":"custom","css_filters_hue":{"unit":"px","size":"67"},"text_align":"left","content_vertical_alignment":"middle","title_bottom_space":{"unit":"px","size":"5"},"title_typography_typography":"custom","title_typography_font_family":"Noto Sans","title_typography_line_height":{"unit":"em","size":"1.6"},"description_color":"#3d79b5","description_typography_typography":"custom","description_typography_font_family":"Noto Sans","description_typography_font_size":{"unit":"rem","size":"0.9"},"description_typography_line_height":{"unit":"em","size":"1.6"},"_padding":{"unit":"%","top":"0","right":"0","bottom":"0","left":"0","isLinked":""},"css_filters_saturate":{"unit":"px","size":"69"},"text_align_mobile":"center"},"elements":[],"isInner":false,"widgetType":"image-box","elType":"widget"},{"id":"79f32daf","settings":{"icon_list":[{"text":"Prental Care","icon":"fa fa-check","_id":"01a3a6f","link":{"url":"","is_external":"","nofollow":""},"selected_icon":{"value":"fas fa-check","library":"fa-solid"}},{"text":"Menopause & Menses","icon":"fa fa-check","_id":"aa9a382","link":{"url":"","is_external":"","nofollow":""},"selected_icon":{"value":"fas fa-check","library":"fa-solid"}},{"text":"Breast Exams & Cancer Prevention","icon":"fa fa-check","_id":"8c5fc64","link":{"url":"","is_external":"","nofollow":""},"selected_icon":{"value":"fas fa-check","library":"fa-solid"}},{"text":"Osteoporosis","icon":"fa fa-check","link":{"url":"","is_external":"","nofollow":""},"_id":"f6735a7","selected_icon":{"value":"fas fa-check","library":"fa-solid"}},{"text":"Anti-Ageing","icon":"fa fa-check","link":{"url":"","is_external":"","nofollow":""},"_id":"3d2274b","selected_icon":{"value":"fas fa-check","library":"fa-solid"}},{"text":"STIs","icon":"fa fa-check","link":{"url":"","is_external":"","nofollow":""},"_id":"f270871","selected_icon":{"value":"fas fa-check","library":"fa-solid"}}],"space_between":{"unit":"px","size":"4"},"icon_align":"left","divider_style":"dotted","divider_weight":{"unit":"px","size":"2"},"divider_height":{"unit":"%","size":"20"},"icon_color":"#c2d8f9","icon_size":{"unit":"px","size":"16"},"text_color":"#2e70ce","text_color_hover":"#6b94ce","text_indent":{"unit":"px","size":"10"},"icon_typography_typography":"custom","icon_typography_font_family":"Noto Sans","icon_typography_font_size":{"unit":"rem","size":"0.8"},"icon_typography_font_weight":"bold","icon_typography_line_height":{"unit":"em","size":"2"},"_padding":{"unit":"%","top":"0","right":"0","bottom":"0","left":"16","isLinked":""},"_animation":"fadeInLeft"},"elements":[],"isInner":false,"widgetType":"icon-list","elType":"widget"},{"id":"15891b02","settings":{"content_position":"middle","padding":{"unit":"px","top":"0","right":"0","bottom":"20","left":"0","isLinked":""}},"elements":[{"id":"3892c7c3","settings":{"_column_size":"100"},"elements":[{"id":"32444772","settings":{"icon_list":[{"text":"Choose a Doctor","icon":"fa fa-stethoscope","_id":"9faf0ed","link":{"url":"#","is_external":"","nofollow":""},"selected_icon":{"value":"fas fa-check","library":"fa-solid"}},{"text":"More Info","icon":"fa fa-long-arrow-right","_id":"3e7024b","link":{"url":"#","is_external":"","nofollow":""},"selected_icon":{"value":"fas fa-check","library":"fa-solid"}}],"space_between":{"unit":"px","size":"25"},"icon_align":"left","divider_weight":{"unit":"px","size":"2"},"divider_height":{"unit":"%","size":"100"},"icon_color":"#2e70ce","icon_size":{"unit":"px","size":"16"},"text_color":"#2e70ce","text_color_hover":"#6b94ce","icon_typography_typography":"custom","icon_typography_font_family":"Noto Sans","icon_typography_font_size":{"unit":"px","size":"11"},"icon_typography_line_height":{"unit":"em","size":"2"},"view":"inline","_animation":"fadeInLeft","divider":"yes","divider_color":"rgba(64,84,178,0.17)","text_indent":{"unit":"px","size":"10"},"icon_typography_font_weight":"bold","icon_typography_text_transform":"uppercase","icon_align_tablet":"center"},"elements":[],"isInner":false,"widgetType":"icon-list","elType":"widget"}],"isInner":"1","elType":"column"}],"isInner":"1","elType":"section"}],"isInner":"","elType":"column"},{"id":"fc62cfb","settings":{"_column_size":"33","margin":{"unit":"px","top":"10","right":"10","bottom":"10","left":"10","isLinked":"1"},"padding":{"unit":"em","top":"3","right":"3","bottom":"3","left":"3","isLinked":"1"},"border_width":{"unit":"px","top":"1","right":"1","bottom":"1","left":"1","isLinked":"1"},"border_color":"#e5e5e5","border_hover_width":{"unit":"px","top":"1","right":"1","bottom":"1","left":"1","isLinked":"1"},"border_hover_color":"#01bf83","padding_tablet":{"unit":"px","top":"40","right":"15","bottom":"40","left":"15","isLinked":""},"box_shadow_hover_box_shadow":{"horizontal":"0","vertical":"22","blur":"20","spread":"2","color":"rgba(97,192,211,0.26)"},"animation":"fadeInUp","animation_duration":"fast","background_hover_background":"classic","background_hover_color":"#ffffff","background_hover_transition":{"unit":"px","size":"0.9"},"border_radius":{"unit":"px","top":"10","right":"10","bottom":"10","left":"10","isLinked":"1"},"box_shadow_hover_box_shadow_type":"yes","background_background":"classic","background_color":"#e9eff9","content_position":"top"},"elements":[{"id":"f6ec179","settings":{"image":{"url":"http:\/\/sitefacilitado.com.br\/membros\/wp-content\/uploads\/2020\/03\/icon-eye.png","id":"4083"},"thumbnail_size":"thumbnail","title_text":"Eye Ear & Sinus","description_text":"Click edit button to change this","position":"left","image_space":{"unit":"px","size":"17"},"image_size":{"unit":"%","size":"18"},"css_filters_css_filter":"custom","css_filters_hue":{"unit":"px","size":"67"},"text_align":"left","content_vertical_alignment":"middle","title_bottom_space":{"unit":"px","size":"5"},"title_typography_typography":"custom","title_typography_font_family":"Noto Sans","title_typography_line_height":{"unit":"em","size":"1.6"},"description_color":"#3d79b5","description_typography_typography":"custom","description_typography_font_family":"Noto Sans","description_typography_font_size":{"unit":"rem","size":"0.9"},"description_typography_line_height":{"unit":"em","size":"1.6"},"_padding":{"unit":"%","top":"0","right":"0","bottom":"0","left":"0","isLinked":""},"css_filters_saturate":{"unit":"px","size":"69"},"text_align_mobile":"center"},"elements":[],"isInner":false,"widgetType":"image-box","elType":"widget"},{"id":"3227a09b","settings":{"icon_list":[{"text":"Hearing Loss","icon":"fa fa-check","_id":"01a3a6f","link":{"url":"","is_external":"","nofollow":""},"selected_icon":{"value":"fas fa-check","library":"fa-solid"}},{"text":"Vision Loss","icon":"fa fa-check","_id":"aa9a382","link":{"url":"","is_external":"","nofollow":""},"selected_icon":{"value":"fas fa-check","library":"fa-solid"}},{"text":"Irritation & Mild Infection","icon":"fa fa-plus","_id":"8c5fc64","link":{"url":"","is_external":"","nofollow":""},"selected_icon":{"value":"fas fa-check","library":"fa-solid"}},{"text":"Common Colds","icon":"fa fa-check","link":{"url":"","is_external":"","nofollow":""},"_id":"72829d8","selected_icon":{"value":"fas fa-check","library":"fa-solid"}},{"text":"Tinnitus","icon":"fa fa-check","link":{"url":"","is_external":"","nofollow":""},"_id":"cf0ea96","selected_icon":{"value":"fas fa-check","library":"fa-solid"}},{"text":"General Health","icon":"fa fa-check","link":{"url":"","is_external":"","nofollow":""},"_id":"54346a6","selected_icon":{"value":"fas fa-check","library":"fa-solid"}}],"space_between":{"unit":"px","size":"4"},"icon_align":"left","divider_style":"dotted","divider_weight":{"unit":"px","size":"2"},"divider_height":{"unit":"%","size":"20"},"icon_color":"#c2d8f9","icon_size":{"unit":"px","size":"16"},"text_color":"#2e70ce","text_color_hover":"#6b94ce","text_indent":{"unit":"px","size":"10"},"icon_typography_typography":"custom","icon_typography_font_family":"Noto Sans","icon_typography_font_size":{"unit":"rem","size":"0.8"},"icon_typography_font_weight":"bold","icon_typography_line_height":{"unit":"em","size":"2"},"_padding":{"unit":"%","top":"0","right":"0","bottom":"0","left":"16","isLinked":""},"_animation":"fadeInLeft"},"elements":[],"isInner":false,"widgetType":"icon-list","elType":"widget"},{"id":"41dd9376","settings":{"content_position":"middle","padding":{"unit":"px","top":"0","right":"0","bottom":"20","left":"0","isLinked":""}},"elements":[{"id":"75665ee0","settings":{"_column_size":"100"},"elements":[{"id":"2f6c5206","settings":{"icon_list":[{"text":"Choose a Doctor","icon":"fa fa-stethoscope","_id":"9faf0ed","link":{"url":"#","is_external":"","nofollow":""},"selected_icon":{"value":"fas fa-check","library":"fa-solid"}},{"text":"More Info","icon":"fa fa-long-arrow-right","_id":"3e7024b","link":{"url":"#","is_external":"","nofollow":""},"selected_icon":{"value":"fas fa-check","library":"fa-solid"}}],"space_between":{"unit":"px","size":"25"},"icon_align":"left","divider_weight":{"unit":"px","size":"2"},"divider_height":{"unit":"%","size":"100"},"icon_color":"#2e70ce","icon_size":{"unit":"px","size":"16"},"text_color":"#2e70ce","text_color_hover":"#6b94ce","icon_typography_typography":"custom","icon_typography_font_family":"Noto Sans","icon_typography_font_size":{"unit":"px","size":"11"},"icon_typography_line_height":{"unit":"em","size":"2"},"view":"inline","_animation":"fadeInLeft","divider":"yes","divider_color":"rgba(64,84,178,0.17)","text_indent":{"unit":"px","size":"10"},"icon_typography_font_weight":"bold","icon_typography_text_transform":"uppercase","icon_align_tablet":"center"},"elements":[],"isInner":false,"widgetType":"icon-list","elType":"widget"}],"isInner":"1","elType":"column"}],"isInner":"1","elType":"section"}],"isInner":"","elType":"column"},{"id":"4ee4676c","settings":{"_column_size":"33","margin":{"unit":"px","top":"10","right":"10","bottom":"10","left":"10","isLinked":"1"},"padding":{"unit":"em","top":"3","right":"3","bottom":"3","left":"3","isLinked":"1"},"border_width":{"unit":"px","top":"1","right":"1","bottom":"1","left":"1","isLinked":"1"},"border_color":"#e5e5e5","border_hover_width":{"unit":"px","top":"1","right":"1","bottom":"1","left":"1","isLinked":"1"},"border_hover_color":"#01bf83","padding_tablet":{"unit":"px","top":"40","right":"15","bottom":"40","left":"15","isLinked":""},"box_shadow_hover_box_shadow":{"horizontal":"0","vertical":"22","blur":"20","spread":"2","color":"rgba(97,192,211,0.26)"},"animation":"fadeInUp","animation_duration":"fast","background_hover_background":"classic","background_hover_color":"#ffffff","background_hover_transition":{"unit":"px","size":"0.9"},"border_radius":{"unit":"px","top":"10","right":"10","bottom":"10","left":"10","isLinked":"1"},"box_shadow_hover_box_shadow_type":"yes","background_background":"classic","background_color":"#e9eff9","content_position":"top"},"elements":[{"id":"12e3531a","settings":{"image":{"url":"http:\/\/sitefacilitado.com.br\/membros\/wp-content\/uploads\/2020\/03\/icon-doctor.png","id":"4109"},"thumbnail_size":"thumbnail","title_text":"General Health","description_text":"Click edit button to change this","position":"left","image_space":{"unit":"px","size":"17"},"image_size":{"unit":"%","size":"18"},"css_filters_css_filter":"custom","css_filters_hue":{"unit":"px","size":"67"},"text_align":"left","content_vertical_alignment":"middle","title_bottom_space":{"unit":"px","size":"5"},"title_typography_typography":"custom","title_typography_font_family":"Noto Sans","title_typography_line_height":{"unit":"em","size":"1.6"},"description_color":"#3d79b5","description_typography_typography":"custom","description_typography_font_family":"Noto Sans","description_typography_font_size":{"unit":"rem","size":"0.9"},"description_typography_line_height":{"unit":"em","size":"1.6"},"_padding":{"unit":"%","top":"0","right":"0","bottom":"0","left":"0","isLinked":""},"css_filters_saturate":{"unit":"px","size":"69"},"text_align_mobile":"center"},"elements":[],"isInner":false,"widgetType":"image-box","elType":"widget"},{"id":"6e173bb6","settings":{"icon_list":[{"text":"General Checkups","icon":"fa fa-check","_id":"01a3a6f","link":{"url":"","is_external":"","nofollow":""},"selected_icon":{"value":"fas fa-check","library":"fa-solid"}},{"text":"Infant & Child Health","icon":"fa fa-calendar-check-o","_id":"aa9a382","link":{"url":"","is_external":"","nofollow":""},"selected_icon":{"value":"fas fa-check","library":"fa-solid"}},{"text":"Colds & Mild Flu","icon":"fa fa-calendar-check-o","_id":"8c5fc64","link":{"url":"","is_external":"","nofollow":""},"selected_icon":{"value":"fas fa-check","library":"fa-solid"}},{"text":"Referrals","icon":"fa fa-check","link":{"url":"","is_external":"","nofollow":""},"_id":"57c8938","selected_icon":{"value":"fas fa-check","library":"fa-solid"}},{"text":"General Health","icon":"fa fa-check","link":{"url":"","is_external":"","nofollow":""},"_id":"85b50ea","selected_icon":{"value":"fas fa-check","library":"fa-solid"}},{"text":"","icon":"","link":{"url":"","is_external":"","nofollow":""},"_id":"b6942b3","selected_icon":{"value":"fas fa-check","library":"fa-solid"}}],"space_between":{"unit":"px","size":"4"},"icon_align":"left","divider_style":"dotted","divider_weight":{"unit":"px","size":"2"},"divider_height":{"unit":"%","size":"20"},"icon_color":"#c2d8f9","icon_size":{"unit":"px","size":"16"},"text_color":"#2e70ce","text_color_hover":"#6b94ce","text_indent":{"unit":"px","size":"10"},"icon_typography_typography":"custom","icon_typography_font_family":"Noto Sans","icon_typography_font_size":{"unit":"rem","size":"0.8"},"icon_typography_font_weight":"bold","icon_typography_line_height":{"unit":"em","size":"2"},"_padding":{"unit":"%","top":"0","right":"0","bottom":"0","left":"16","isLinked":""},"_animation":"fadeInLeft"},"elements":[],"isInner":false,"widgetType":"icon-list","elType":"widget"},{"id":"70a1d305","settings":{"content_position":"middle","padding":{"unit":"px","top":"0","right":"0","bottom":"20","left":"0","isLinked":""}},"elements":[{"id":"63ae4615","settings":{"_column_size":"100"},"elements":[{"id":"684a69d0","settings":{"icon_list":[{"text":"Choose a Doctor","icon":"fa fa-stethoscope","_id":"9faf0ed","link":{"url":"#","is_external":"","nofollow":""},"selected_icon":{"value":"fas fa-check","library":"fa-solid"}},{"text":"More Info","icon":"fa fa-long-arrow-right","_id":"3e7024b","link":{"url":"#","is_external":"","nofollow":""},"selected_icon":{"value":"fas fa-check","library":"fa-solid"}}],"space_between":{"unit":"px","size":"25"},"icon_align":"left","divider_weight":{"unit":"px","size":"2"},"divider_height":{"unit":"%","size":"100"},"icon_color":"#2e70ce","icon_size":{"unit":"px","size":"16"},"text_color":"#2e70ce","text_color_hover":"#6b94ce","icon_typography_typography":"custom","icon_typography_font_family":"Noto Sans","icon_typography_font_size":{"unit":"px","size":"11"},"icon_typography_line_height":{"unit":"em","size":"2"},"view":"inline","_animation":"fadeInLeft","divider":"yes","divider_color":"rgba(64,84,178,0.17)","text_indent":{"unit":"px","size":"10"},"icon_typography_font_weight":"bold","icon_typography_text_transform":"uppercase","icon_align_tablet":"center"},"elements":[],"isInner":false,"widgetType":"icon-list","elType":"widget"}],"isInner":"1","elType":"column"}],"isInner":"1","elType":"section"}],"isInner":"","elType":"column"}],"isInner":"","elType":"section"},{"id":"4f42543f","settings":{"stretch_section":"section-stretched","layout":"full_width","custom_height":{"unit":"px","size":"700"},"structure":"20","background_background":"classic","background_color":"#ffffff","background_color_stop":{"unit":"%","size":"60"},"background_color_b":"#e9eff9","background_color_b_stop":{"unit":"%","size":"98"},"background_gradient_angle":{"unit":"deg","size":"290"},"shape_divider_top":"waves","shape_divider_top_width":{"unit":"%","size":"102"},"shape_divider_top_height":{"unit":"px","size":"98"},"shape_divider_top_flip":"yes","shape_divider_top_negative":"yes","padding":{"unit":"%","top":"06","right":"6","bottom":"0","left":"6","isLinked":""},"_element_id":"overview","padding_tablet":{"unit":"em","top":"0","right":"0","bottom":"0","left":"0","isLinked":"1"}},"elements":[{"id":"74e88133","settings":{"_column_size":"50"},"elements":[{"id":"46bf1555","settings":{"image":{"url":"http:\/\/sitefacilitado.com.br\/membros\/wp-content\/uploads\/2020\/03\/undraw_motherhood_7htu.png","id":"4140"},"align":"left","_margin":{"unit":"px","top":"0","right":"0","bottom":"0","left":"0","isLinked":""}},"elements":[],"isInner":false,"widgetType":"image","elType":"widget"}],"isInner":"","elType":"column"},{"id":"63a6da03","settings":{"_column_size":"50","padding":{"unit":"%","top":"10","right":"10","bottom":"10","left":"10","isLinked":"1"},"_inline_size_tablet":"100","padding_tablet":{"unit":"em","top":"0","right":"0","bottom":"0","left":"0","isLinked":"1"},"padding_mobile":{"unit":"em","top":"0","right":"2","bottom":"2","left":"2","isLinked":""}},"elements":[{"id":"599d3d7f","settings":{"content_width":{"unit":"px","size":"460"},"structure":"20"},"elements":[{"id":"7b39b34","settings":{"_column_size":"50","_inline_size_mobile":"90"},"elements":[{"id":"79537b6d","settings":{"title":"History","align":"left","title_color":"#2e70ce","typography_typography":"custom","typography_font_size":{"unit":"rem","size":"0.9"},"header_size":"h4","typography_font_family":"Noto Sans","typography_letter_spacing":{"unit":"px","size":"-0.3"},"typography_font_weight":"bold","align_mobile":"left","typography_font_size_tablet":{"unit":"rem","size":""},"typography_text_transform":"uppercase","typography_line_height":{"unit":"em","size":"0.4"},"_margin":{"unit":"px","top":"40","right":"0","bottom":"0","left":"0","isLinked":""},"_animation":"fadeInLeft","animation_duration":"fast","_animation_delay":"300"},"elements":[],"isInner":false,"widgetType":"heading","elType":"widget"},{"id":"75fbdf39","settings":{"title":"Biography","align":"left","title_color":"#1d2366","typography_typography":"custom","typography_font_size":{"unit":"rem","size":"2.1"},"typography_font_weight":"300","header_size":"h3","typography_font_family":"Noto Sans","_animation":"fadeInLeft","animation_duration":"fast","align_mobile":"left","typography_font_size_tablet":{"unit":"rem","size":""},"typography_line_height":{"unit":"em","size":"1"},"_margin":{"unit":"px","top":"20","right":"0","bottom":"0","left":"0","isLinked":""},"_animation_delay":"300"},"elements":[],"isInner":false,"widgetType":"heading","elType":"widget"}],"isInner":"1","elType":"column"},{"id":"421b1a56","settings":{"_column_size":"50","content_position":"bottom","margin":{"unit":"px","top":"25","right":"0","bottom":"0","left":"0","isLinked":""},"_inline_size_mobile":"10"},"elements":[{"id":"2b91a834","settings":{"icon":"fa fa-angle-up","view":"framed","shape":"square","link":{"url":"#top","is_external":"","nofollow":""},"align":"right","primary_color":"#2e70ce","size":{"unit":"px","size":"22"},"icon_padding":{"unit":"px","size":"2"},"border_width":{"unit":"px","top":"2","right":"2","bottom":"2","left":"2","isLinked":"1"},"border_radius":{"unit":"%","top":"100","right":"100","bottom":"100","left":"100","isLinked":"1"}},"elements":[],"isInner":false,"widgetType":"icon","elType":"widget"}],"isInner":"1","elType":"column"}],"isInner":"1","elType":"section"},{"id":"3757fc5","settings":{"content_width":{"unit":"px","size":"460"}},"elements":[{"id":"43b43ca2","settings":{"_column_size":"100"},"elements":[{"id":"53b93950","settings":{"editor":"<p>Dr. Gale Anderson earned her BA from California Medical University in 1995 and her MD from the California Medical University\u00a0in 2001. Following medical school, Dr. Anderson completed her residency\u00a0 at University of New Jersey Medical Center and two fellowships in Bakersfield General Hospital.<\/p>","align":"left","text_color":"#3d79b5","typography_typography":"custom","typography_font_size":{"unit":"rem","size":"1"},"typography_line_height":{"unit":"em","size":"1.6"},"typography_font_family":"Noto Sans","typography_font_weight":"500","_animation":"fadeInLeft","animation_duration":"fast","_animation_delay":"500","align_mobile":"left","_margin":{"unit":"px","top":"40","right":"0","bottom":"0","left":"0","isLinked":""},"_padding":{"unit":"%","top":"0","right":"0","bottom":"0","left":"0","isLinked":""},"typography_font_size_tablet":{"unit":"rem","size":"0.9"}},"elements":[],"isInner":false,"widgetType":"text-editor","elType":"widget"},{"id":"5052d01b","settings":{"text":"View CV","align":"left","typography_typography":"custom","typography_font_size":{"unit":"px","size":"11"},"typography_font_weight":"700","typography_text_transform":"uppercase","button_text_color":"#2e70ce","background_color":"rgba(46,112,206,0)","hover_color":"#ffffff","button_background_hover_color":"#5286ce","border_radius":{"unit":"px","top":"30","right":"30","bottom":"30","left":"30","isLinked":"1"},"text_padding":{"unit":"em","top":"","right":"","bottom":"","left":"","isLinked":""},"_padding":{"unit":"px","top":"0","right":"0","bottom":"0","left":"0","isLinked":""},"typography_font_family":"Noto Sans","typography_line_height":{"unit":"em","size":"1.4"},"button_hover_border_color":"#2e70ce","hover_animation":"float","border_border":"solid","border_width":{"unit":"px","top":"0","right":"0","bottom":"0","left":"0","isLinked":"1"},"border_color":"#0055e8","icon":"fa fa-linkedin-square","typography_letter_spacing":{"unit":"px","size":"0.5"},"_margin":{"unit":"px","top":"20","right":"0","bottom":"0","left":"0","isLinked":""}},"elements":[],"isInner":false,"widgetType":"button","elType":"widget"}],"isInner":"1","elType":"column"}],"isInner":"1","elType":"section"}],"isInner":"","elType":"column"}],"isInner":"","elType":"section"},{"id":"4813fda2","settings":{"stretch_section":"section-stretched","layout":"full_width","custom_height":{"unit":"px","size":"700"},"structure":"20","background_background":"classic","background_color":"#ffffff","background_color_stop":{"unit":"%","size":"60"},"background_color_b":"#e9eff9","background_color_b_stop":{"unit":"%","size":"98"},"background_gradient_angle":{"unit":"deg","size":"290"},"shape_divider_top":"waves","shape_divider_top_width":{"unit":"%","size":"102"},"shape_divider_top_height":{"unit":"px","size":"98"},"shape_divider_top_flip":"yes","shape_divider_top_negative":"yes","padding":{"unit":"%","top":"2","right":"6","bottom":"0","left":"6","isLinked":""},"padding_tablet":{"unit":"em","top":"0","right":"0","bottom":"0","left":"0","isLinked":"1"}},"elements":[{"id":"2f556ea1","settings":{"_column_size":"50","padding":{"unit":"%","top":"10","right":"10","bottom":"10","left":"10","isLinked":"1"},"_inline_size_tablet":"100","padding_tablet":{"unit":"em","top":"0","right":"0","bottom":"0","left":"0","isLinked":"1"},"padding_mobile":{"unit":"em","top":"2","right":"2","bottom":"2","left":"2","isLinked":"1"}},"elements":[{"id":"71ce3b3d","settings":{"content_width":{"unit":"px","size":"460"},"structure":"20"},"elements":[{"id":"360f8f7a","settings":{"_column_size":"50","_inline_size_mobile":"90"},"elements":[{"id":"4b8b29e9","settings":{"title":"Publications","align":"left","title_color":"#1d2366","typography_typography":"custom","typography_font_size":{"unit":"rem","size":"2.1"},"typography_font_weight":"300","header_size":"h3","typography_font_family":"Noto Sans","_animation":"fadeInLeft","animation_duration":"fast","align_mobile":"left","typography_font_size_tablet":{"unit":"rem","size":""},"typography_line_height":{"unit":"em","size":"1"},"_margin":{"unit":"px","top":"20","right":"0","bottom":"0","left":"0","isLinked":""},"_animation_delay":"300"},"elements":[],"isInner":false,"widgetType":"heading","elType":"widget"}],"isInner":"1","elType":"column"},{"id":"3e47720","settings":{"_column_size":"50","content_position":"top","margin":{"unit":"px","top":"25","right":"0","bottom":"0","left":"0","isLinked":""},"_inline_size_mobile":"10"},"elements":[{"id":"2e170299","settings":{"icon":"fa fa-angle-up","view":"framed","shape":"square","link":{"url":"#top","is_external":"","nofollow":""},"align":"right","primary_color":"#2e70ce","size":{"unit":"px","size":"22"},"icon_padding":{"unit":"px","size":"2"},"border_width":{"unit":"px","top":"2","right":"2","bottom":"2","left":"2","isLinked":"1"},"border_radius":{"unit":"%","top":"100","right":"100","bottom":"100","left":"100","isLinked":"1"}},"elements":[],"isInner":false,"widgetType":"icon","elType":"widget"}],"isInner":"1","elType":"column"}],"isInner":"1","elType":"section"},{"id":"805b17f","settings":{"content_width":{"unit":"px","size":"460"}},"elements":[{"id":"7d6774bc","settings":{"_column_size":"100","content_position":"top","padding_mobile":{"unit":"em","top":"1","right":"1","bottom":"1","left":"1","isLinked":"1"}},"elements":[{"id":"68bfebd0","settings":{"editor":"<p>Dr. James Anderson's research is focused on clinical advancements in prenatal care. Several projects are ongoing including those evaluating clinical outcomes and measures of postoperative quality of life.<\/p><h4>Most prominent publications:<\/h4>","align":"left","text_color":"#3d79b5","typography_typography":"custom","typography_font_size":{"unit":"rem","size":"1"},"typography_line_height":{"unit":"em","size":"1.6"},"typography_font_family":"Noto Sans","typography_font_weight":"500","_animation":"fadeInLeft","animation_duration":"fast","_animation_delay":"500","align_mobile":"left","_margin":{"unit":"px","top":"40","right":"0","bottom":"0","left":"0","isLinked":""},"_padding":{"unit":"%","top":"0","right":"0","bottom":"0","left":"0","isLinked":""},"typography_font_size_tablet":{"unit":"rem","size":"0.9"},"_margin_mobile":{"unit":"px","top":"0","right":"0","bottom":"0","left":"0","isLinked":"1"},"_padding_mobile":{"unit":"px","top":"0","right":"0","bottom":"0","left":"0","isLinked":"1"}},"elements":[],"isInner":false,"widgetType":"text-editor","elType":"widget"},{"id":"417b2332","settings":{"tabs":[{"tab_title":"Accordion #1","tab_content":"Click edit button to change this text. Lorem ipsum dolor sit amet, consectetur adipiscing elit. Ut elit tellus, luctus nec ullamcorper mattis, pulvinar dapibus leo.","_id":"fa2c9ac"},{"tab_title":"Accordion #2","tab_content":"Click edit button to change this text. Lorem ipsum dolor sit amet, consectetur adipiscing elit. Ut elit tellus, luctus nec ullamcorper mattis, pulvinar dapibus leo.","_id":"ec274c2"},{"tab_title":"Accordion #2","tab_content":"Click edit button to change this text. Lorem ipsum dolor sit amet, consectetur adipiscing elit. Ut elit tellus, luctus nec ullamcorper mattis, pulvinar dapibus leo.","_id":"bf1fbf3"}],"icon":"fa fa-arrow-circle-right","icon_active":"fa fa-arrow-circle-down","border_width":{"unit":"px","size":"0"},"title_color":"#3d79b5","tab_active_color":"#1d2366","title_typography_typography":"custom","title_typography_font_family":"Noto Sans","title_typography_line_height":{"unit":"em","size":"1.1"},"title_padding":{"unit":"px","top":"10","right":"0","bottom":"14","left":"0","isLinked":""},"icon_color":"#c5d6f1","content_color":"#3d79b5","content_typography_typography":"custom","content_typography_font_family":"Noto Sans","content_typography_font_size":{"unit":"rem","size":"0.9"},"content_typography_line_height":{"unit":"em","size":"1.6"},"content_padding":{"unit":"em","top":"0","right":"2","bottom":"2","left":"2","isLinked":""}},"elements":[],"isInner":false,"widgetType":"accordion","elType":"widget"},{"id":"1902a802","settings":{"text":"Pubmed","align":"left","typography_typography":"custom","typography_font_size":{"unit":"px","size":"11"},"typography_font_weight":"700","typography_text_transform":"uppercase","button_text_color":"#2e70ce","background_color":"rgba(46,112,206,0)","hover_color":"#ffffff","button_background_hover_color":"#5286ce","border_radius":{"unit":"px","top":"30","right":"30","bottom":"30","left":"30","isLinked":"1"},"text_padding":{"unit":"em","top":"","right":"","bottom":"","left":"","isLinked":""},"_padding":{"unit":"px","top":"0","right":"0","bottom":"0","left":"0","isLinked":""},"typography_font_family":"Noto Sans","typography_line_height":{"unit":"em","size":"1.4"},"button_hover_border_color":"#2e70ce","hover_animation":"float","border_border":"solid","border_width":{"unit":"px","top":"0","right":"0","bottom":"0","left":"0","isLinked":"1"},"border_color":"#0055e8","icon":"fa fa-leanpub","typography_letter_spacing":{"unit":"px","size":"0.5"},"_margin":{"unit":"px","top":"20","right":"0","bottom":"0","left":"0","isLinked":""}},"elements":[],"isInner":false,"widgetType":"button","elType":"widget"}],"isInner":"1","elType":"column"}],"isInner":"1","elType":"section"}],"isInner":"","elType":"column"},{"id":"158facb3","settings":{"_column_size":"50","content_position":"bottom","_inline_size_tablet":"100"},"elements":[{"id":"4747cd35","settings":{"image":{"url":"http:\/\/sitefacilitado.com.br\/membros\/wp-content\/uploads\/2020\/03\/undraw_doctors_hwty.png","id":"4090"},"align":"left","_margin":{"unit":"px","top":"0","right":"0","bottom":"0","left":"0","isLinked":""}},"elements":[],"isInner":false,"widgetType":"image","elType":"widget"}],"isInner":"","elType":"column"}],"isInner":"","elType":"section"},{"id":"31e8ee00","settings":{"stretch_section":"section-stretched","content_width":{"unit":"px","size":"1350"},"padding":{"unit":"px","top":"40","right":"0","bottom":"0","left":"0","isLinked":""},"gap":"no","height":"min-height","custom_height":{"unit":"px","size":"490"},"custom_height_tablet":{"unit":"px","size":"325"},"column_position":"bottom","content_position":"middle","background_background":"gradient","background_color":"#ffffff","background_color_b":"#e9eff9","background_color_b_stop":{"unit":"%","size":"87"},"background_gradient_type":"radial","background_image":{"url":"http:\/\/sitefacilitado.com.br\/membros\/wp-content\/uploads\/2020\/03\/undraw_doctor_kw5l-trans.png","id":"4085"},"background_position":"top center","background_repeat":"no-repeat","background_size":"initial","background_bg_width":{"unit":"%","size":"31"},"background_overlay_background":"classic","background_overlay_position":"bottom center","background_overlay_repeat":"no-repeat","background_overlay_size":"initial","background_overlay_bg_width":{"unit":"%","size":"32"},"background_overlay_opacity":{"unit":"px","size":"1"},"border_width":{"unit":"px","top":"1","right":"0","bottom":"0","left":"0","isLinked":""},"border_color":"#d4e3f9","shape_divider_top":"waves","shape_divider_top_width":{"unit":"%","size":"300"},"shape_divider_top_height":{"unit":"px","size":"51"},"shape_divider_top_flip":"yes","margin_tablet":{"unit":"px","top":"0","right":"0","bottom":"0","left":"0","isLinked":"1"},"padding_tablet":{"unit":"em","top":"1","right":"1","bottom":"1","left":"1","isLinked":"1"},"padding_mobile":{"unit":"px","top":"50","right":"20","bottom":"50","left":"20","isLinked":""}},"elements":[{"id":"67f73b37","settings":{"_column_size":"100","_inline_size":"35.259","_inline_size_tablet":"100","content_position":"top","space_between_widgets":"10","background_background":"classic","background_repeat":"no-repeat","background_size":"contain","background_overlay_background":"classic","background_overlay_repeat":"no-repeat","background_overlay_size":"cover","overlay_blend_mode":"luminosity","padding":{"unit":"%","top":"4","right":"8","bottom":"8","left":"8","isLinked":""},"padding_tablet":{"unit":"px","top":"15","right":"15","bottom":"15","left":"15","isLinked":"1"},"padding_mobile":{"unit":"px","top":"0","right":"0","bottom":"0","left":"0","isLinked":"1"},"animation":"fadeInUp","animation_duration":"fast","animation_delay":"200"},"elements":[{"id":"11dfc744","settings":{"title":"What our patients say:","align":"left","title_color":"#2e70ce","typography_typography":"custom","typography_font_size":{"unit":"rem","size":"1.2"},"header_size":"h4","typography_font_family":"Noto Sans","typography_letter_spacing":{"unit":"px","size":"-0.3"},"typography_font_weight":"bold","align_mobile":"center","typography_font_size_tablet":{"unit":"rem","size":""},"typography_line_height":{"unit":"em","size":"0.4"},"_margin":{"unit":"px","top":"40","right":"0","bottom":"0","left":"4","isLinked":""},"animation_duration":"fast","_animation_delay":"300","align_tablet":"center","typography_line_height_tablet":{"unit":"em","size":"1"}},"elements":[],"isInner":false,"widgetType":"heading","elType":"widget"},{"id":"3fee784","settings":{"testimonial_content":"Click edit button to change this text. Lorem ipsum dolor sit amet, consectetur adipiscing elit. Ut elit tellus, luctus nec ullamcorper mattis, pulvinar dapibus leo.","testimonial_image":{"url":"http:\/\/sitefacilitado.com.br\/membros\/wp-content\/uploads\/2020\/03\/testimonial-3.jpg","id":"4084"},"testimonial_image_size":"thumbnail","testimonial_name":"John Doe","testimonial_job":"Designer","testimonial_alignment":"left","content_content_color":"#3d79b5","content_typography_typography":"custom","content_typography_font_family":"Noto Sans","content_typography_font_size":{"unit":"rem","size":"1.1"},"content_typography_font_style":"italic","content_typography_line_height":{"unit":"em","size":"1.6"},"image_size":{"unit":"px","size":"40"},"name_text_color":"#2e70ce","name_typography_typography":"custom","name_typography_font_family":"Noto Sans","name_typography_font_weight":"bold","job_text_color":"#2e70ce","job_typography_typography":"custom","job_typography_font_family":"Noto Sans","job_typography_font_size":{"unit":"rem","size":"0.6"},"job_typography_font_weight":"bold","job_typography_text_transform":"uppercase","job_typography_letter_spacing":{"unit":"px","size":"0.4"},"_padding_tablet":{"unit":"em","top":"1","right":"1","bottom":"1","left":"1","isLinked":"1"}},"elements":[],"isInner":false,"widgetType":"testimonial","elType":"widget"}],"isInner":"","elType":"column"},{"id":"53ea20eb","settings":{"_column_size":100,"_inline_size":"42.89","_inline_size_tablet":"50","content_position":"bottom","background_background":"classic","background_overlay_background":"classic","background_overlay_position":"bottom center","background_overlay_repeat":"no-repeat","background_overlay_size":"contain","background_overlay_opacity":{"unit":"px","size":"1"},"overlay_blend_mode":"multiply","margin":{"unit":"px","top":"17","right":"-6","bottom":"-6","left":"-14","isLinked":""},"margin_tablet":{"unit":"px","top":"0","right":"0","bottom":"0","left":"0","isLinked":"1"},"padding":{"unit":"px","top":"0","right":"0","bottom":"0","left":"0","isLinked":"1"}},"elements":[{"id":"be8a1c0","settings":{"image":{"url":"http:\/\/sitefacilitado.com.br\/membros\/wp-content\/uploads\/2020\/03\/undraw_doctor_kw5l-trans.png","id":"4085"}},"elements":[],"isInner":false,"widgetType":"image","elType":"widget"}],"isInner":"","elType":"column"},{"id":"779abd26","settings":{"_column_size":100,"_inline_size":"35.518","_inline_size_tablet":"50","content_position":"top","space_between_widgets":"10","background_background":"classic","background_repeat":"no-repeat","background_size":"contain","background_overlay_background":"classic","background_overlay_repeat":"no-repeat","background_overlay_size":"cover","overlay_blend_mode":"luminosity","padding":{"unit":"%","top":"8","right":"8","bottom":"8","left":"8","isLinked":""},"padding_tablet":{"unit":"em","top":"2","right":"2","bottom":"2","left":"2","isLinked":"1"},"padding_mobile":{"unit":"em","top":"","right":"","bottom":"","left":"","isLinked":"1"},"animation":"fadeInUp","animation_duration":"fast","animation_delay":"200"},"elements":[{"id":"42cd3fa1","settings":{"testimonial_content":"Click edit button to change this text. Lorem ipsum dolor sit amet, consectetur adipiscing elit. Ut elit tellus, luctus nec ullamcorper mattis, pulvinar dapibus leo.","testimonial_image":{"url":"http:\/\/sitefacilitado.com.br\/membros\/wp-content\/uploads\/2020\/03\/testimonial-3.jpg","id":"4084"},"testimonial_image_size":"thumbnail","testimonial_name":"John Doe","testimonial_job":"Designer","testimonial_alignment":"left","content_content_color":"#3d79b5","content_typography_typography":"custom","content_typography_font_family":"Noto Sans","content_typography_font_size":{"unit":"rem","size":"0.8"},"content_typography_font_style":"italic","content_typography_line_height":{"unit":"em","size":"1.6"},"image_size":{"unit":"px","size":"40"},"name_text_color":"#2e70ce","name_typography_typography":"custom","name_typography_font_family":"Noto Sans","name_typography_font_size":{"unit":"px","size":"13"},"name_typography_font_weight":"bold","job_text_color":"#2e70ce","job_typography_typography":"custom","job_typography_font_family":"Noto Sans","job_typography_font_size":{"unit":"rem","size":"0.6"},"job_typography_font_weight":"bold","job_typography_text_transform":"uppercase","job_typography_letter_spacing":{"unit":"px","size":"0.4"}},"elements":[],"isInner":false,"widgetType":"testimonial","elType":"widget"},{"id":"6cc7db6c","settings":{"testimonial_content":"Click edit button to change this text. Lorem ipsum dolor sit amet, consectetur adipiscing elit. Ut elit tellus, luctus nec ullamcorper mattis, pulvinar dapibus leo.","testimonial_image":{"url":"http:\/\/sitefacilitado.com.br\/membros\/wp-content\/uploads\/2020\/03\/testimonial-3.jpg","id":"4084"},"testimonial_image_size":"thumbnail","testimonial_name":"John Doe","testimonial_job":"Designer","testimonial_alignment":"left","content_content_color":"#3d79b5","content_typography_typography":"custom","content_typography_font_family":"Noto Sans","content_typography_font_size":{"unit":"rem","size":"0.8"},"content_typography_font_style":"italic","content_typography_line_height":{"unit":"em","size":"1.6"},"image_size":{"unit":"px","size":"40"},"name_text_color":"#2e70ce","name_typography_typography":"custom","name_typography_font_family":"Noto Sans","name_typography_font_size":{"unit":"px","size":"13"},"name_typography_font_weight":"bold","job_text_color":"#2e70ce","job_typography_typography":"custom","job_typography_font_family":"Noto Sans","job_typography_font_size":{"unit":"rem","size":"0.6"},"job_typography_font_weight":"bold","job_typography_text_transform":"uppercase","job_typography_letter_spacing":{"unit":"px","size":"0.4"}},"elements":[],"isInner":false,"widgetType":"testimonial","elType":"widget"}],"isInner":"","elType":"column"}],"isInner":"","elType":"section"},{"id":"12f62af3","settings":{"stretch_section":"section-stretched","custom_height":{"unit":"px","size":"700"},"structure":"20","background_background":"classic","background_color":"#2e70ce","background_color_stop":{"unit":"%","size":"13"},"background_color_b":"#e9eff9","background_color_b_stop":{"unit":"%","size":"98"},"background_gradient_angle":{"unit":"deg","size":"360"},"shape_divider_top":"waves","shape_divider_top_width":{"unit":"%","size":"300"},"shape_divider_top_height":{"unit":"px","size":"37"},"padding":{"unit":"px","top":"120","right":"0","bottom":"0","left":"0","isLinked":""},"background_overlay_background":"classic","background_overlay_image":{"url":"http:\/\/sitefacilitado.com.br\/membros\/wp-content\/uploads\/2020\/03\/tic-tac-toe.png","id":"4070"},"background_overlay_opacity":{"unit":"px","size":"1"},"overlay_blend_mode":"multiply","shape_divider_top_color":"#e9eff9","shape_divider_bottom_width":{"unit":"%","size":"300"},"shape_divider_bottom_height":{"unit":"px","size":"37"},"padding_tablet":{"unit":"em","top":"4","right":"1","bottom":"0","left":"1","isLinked":""},"padding_mobile":{"unit":"em","top":"4","right":"1","bottom":"0","left":"1","isLinked":""},"z_index":"11"},"elements":[{"id":"3feef5f","settings":{"_column_size":"50","_inline_size":"50","padding":{"unit":"%","top":"10","right":"10","bottom":"10","left":"10","isLinked":"1"},"margin_mobile":{"unit":"px","top":"0","right":"0","bottom":"0","left":"0","isLinked":"1"},"padding_tablet":{"unit":"em","top":"4","right":"1","bottom":"4","left":"1","isLinked":""},"padding_mobile":{"unit":"px","top":"0","right":"0","bottom":"0","left":"0","isLinked":"1"}},"elements":[{"id":"438a3ebc","settings":{"content_width":{"unit":"px","size":"460"},"margin":{"unit":"px","top":"0","right":"0","bottom":"0","left":"0","isLinked":"1"},"padding":{"unit":"px","top":"0","right":"0","bottom":"0","left":"0","isLinked":"1"}},"elements":[{"id":"2cd485e4","settings":{"_column_size":"100","content_position":"top","margin":{"unit":"px","top":"0","right":"0","bottom":"0","left":"0","isLinked":"1"},"padding":{"unit":"px","top":"0","right":"0","bottom":"0","left":"0","isLinked":"1"},"margin_mobile":{"unit":"px","top":"0","right":"0","bottom":"0","left":"0","isLinked":"1"},"padding_mobile":{"unit":"em","top":"0","right":"0","bottom":"2","left":"0","isLinked":""}},"elements":[{"id":"527a40a0","settings":{"title":"Get Started","align":"left","title_color":"#ffffff","typography_typography":"custom","typography_font_size":{"unit":"rem","size":"3.4"},"typography_font_weight":"500","typography_font_family":"Noto Sans","typography_font_size_tablet":{"unit":"rem","size":""},"typography_letter_spacing":{"unit":"px","size":"-2.5"},"_animation":"fadeInUp","animation_duration":"fast","_animation_delay":"300","align_mobile":"center","_margin":{"unit":"px","top":"0","right":"0","bottom":"0","left":"-5","isLinked":""},"typography_font_size_mobile":{"unit":"rem","size":"2.3"}},"elements":[],"isInner":false,"widgetType":"heading","elType":"widget"},{"id":"334ee838","settings":{"title":"Choose a date and time.","align":"left","title_color":"#ffffff","typography_typography":"custom","typography_font_size":{"unit":"rem","size":"2.1"},"typography_font_weight":"300","header_size":"h3","typography_font_family":"Noto Sans","_animation":"fadeInUp","animation_duration":"fast","align_mobile":"center","typography_font_size_tablet":{"unit":"rem","size":"2.3"},"typography_line_height":{"unit":"em","size":"1"},"_margin":{"unit":"px","top":"0","right":"0","bottom":"0","left":"0","isLinked":""},"_animation_delay":"300","typography_font_size_mobile":{"unit":"rem","size":"1.6"}},"elements":[],"isInner":false,"widgetType":"heading","elType":"widget"},{"id":"2102e881","settings":{"editor":"<p>From immunizations to checkups and\u00a0 preventive care,\u00a0 exams, our primary care physicians and providers work to keep you and your whole family healthy and strong each and every day.<\/p>","align":"left","text_color":"#ffffff","typography_typography":"custom","typography_font_size":{"unit":"rem","size":"1"},"typography_line_height":{"unit":"em","size":"1.6"},"typography_font_family":"Noto Sans","typography_font_weight":"500","_animation":"fadeInUp","animation_duration":"fast","_animation_delay":"500","align_mobile":"center","_margin":{"unit":"px","top":"40","right":"0","bottom":"0","left":"0","isLinked":""},"_padding":{"unit":"%","top":"0","right":"0","bottom":"0","left":"0","isLinked":""}},"elements":[],"isInner":false,"widgetType":"text-editor","elType":"widget"},{"id":"1569b0f8","settings":{"text":"Sign up today","align":"left","typography_typography":"custom","typography_font_size":{"unit":"px","size":"11"},"typography_font_weight":"700","typography_text_transform":"uppercase","button_text_color":"#ffffff","background_color":"#fa4a57","hover_color":"#ffffff","button_background_hover_color":"#fa4a57","border_radius":{"unit":"px","top":"30","right":"30","bottom":"30","left":"30","isLinked":"1"},"text_padding":{"unit":"em","top":"","right":"","bottom":"","left":"","isLinked":""},"_padding":{"unit":"px","top":"0","right":"0","bottom":"0","left":"0","isLinked":""},"typography_font_family":"Noto Sans","typography_line_height":{"unit":"em","size":"1.4"},"button_hover_border_color":"#f92231","hover_animation":"float","border_border":"solid","border_width":{"unit":"px","top":"0","right":"0","bottom":"0","left":"0","isLinked":"1"},"typography_letter_spacing":{"unit":"px","size":"0.5"},"_margin":{"unit":"px","top":"40","right":"0","bottom":"0","left":"0","isLinked":""},"size":"md","border_color":"#fa4a57","button_box_shadow_box_shadow_type":"yes","button_box_shadow_box_shadow":{"horizontal":"-2","vertical":"20","blur":"32","spread":"-17","color":"rgba(221,116,102,0.84)"},"align_mobile":"center"},"elements":[],"isInner":false,"widgetType":"button","elType":"widget"}],"isInner":"1","elType":"column"}],"isInner":"1","elType":"section"}],"isInner":"","elType":"column"},{"id":"210bbfa7","settings":{"_column_size":"50","_inline_size":"50","margin_mobile":{"unit":"px","top":"0","right":"0","bottom":"0","left":"0","isLinked":"1"}},"elements":[{"id":"63131f99","settings":{"content_width":{"unit":"px","size":"360"},"margin":{"unit":"px","top":"0","right":"0","bottom":"-127","left":"0","isLinked":""}},"elements":[{"id":"3e768693","settings":{"_column_size":"100","background_background":"classic","background_image":{"url":"http:\/\/sitefacilitado.com.br\/membros\/wp-content\/uploads\/2020\/03\/mobile-mockup-cc0free.png","id":"4098"},"background_position":"top center","background_size":"cover","padding":{"unit":"px","top":"20","right":"22","bottom":"0","left":"27","isLinked":""},"margin":{"unit":"px","top":"0","right":"0","bottom":"-87","left":"0","isLinked":""},"padding_mobile":{"unit":"px","top":"0","right":"17","bottom":"0","left":"15","isLinked":""},"margin_mobile":{"unit":"px","top":"0","right":"0","bottom":"0","left":"0","isLinked":"1"}},"elements":[{"id":"3444cf9f","settings":{"space":{"unit":"px","size":"45"},"space_mobile":{"unit":"px","size":"52"}},"elements":[],"isInner":false,"widgetType":"spacer","elType":"widget"},{"id":"3895eec3","settings":{"carousel":[{"id":"4099","url":"http:\/\/sitefacilitado.com.br\/membros\/wp-content\/uploads\/2020\/03\/undraw_modern_life_u1ev.png"},{"id":"4100","url":"http:\/\/sitefacilitado.com.br\/membros\/wp-content\/uploads\/2020\/03\/undraw_active_support_trans.png"},{"id":"4101","url":"http:\/\/sitefacilitado.com.br\/membros\/wp-content\/uploads\/2020\/03\/undraw_setup_wizard_trans.png"}],"thumbnail_size":"custom","thumbnail_custom_dimension":{"width":"320","height":"480"},"slides_to_show":"1","image_stretch":"yes","dots_position":"inside","_margin":{"unit":"px","top":"0","right":"0","bottom":"-30","left":"0","isLinked":""},"_padding":{"unit":"px","top":"0","right":"0","bottom":"0","left":"0","isLinked":""},"_background_background":"classic","_background_color":"#ffffff","autoplay_speed":"6000","_margin_tablet":{"unit":"px","top":"-4","right":"0","bottom":"0","left":"0","isLinked":""},"_margin_mobile":{"unit":"%","top":"","right":"","bottom":"","left":"","isLinked":""}},"elements":[],"isInner":false,"widgetType":"image-carousel","elType":"widget"},{"id":"59b8bf5e","settings":{"space":{"unit":"px","size":"98"}},"elements":[],"isInner":false,"widgetType":"spacer","elType":"widget"}],"isInner":"1","elType":"column"}],"isInner":"1","elType":"section"}],"isInner":"","elType":"column"}],"isInner":"","elType":"section"}]}