{"version":"0.4","title":"M\u00e9dico 14","type":"page","content":[{"id":"3ce6069b","settings":{"stretch_section":"section-stretched","height":"min-height","custom_height":{"unit":"vh","size":"45"},"column_position":"stretch","content_position":"middle","background_background":"classic","background_color":"#2e70ce","background_color_stop":{"unit":"%","size":"54"},"background_color_b":"#e9eff9","background_color_b_stop":{"unit":"%","size":"95"},"background_gradient_angle":{"unit":"deg","size":"0"},"shape_divider_top":"waves","shape_divider_top_color":"#2e70ce","shape_divider_top_width":{"unit":"%","size":"100"},"shape_divider_top_height":{"unit":"px","size":"44"},"shape_divider_bottom_color":"#e9eff9","shape_divider_bottom_width":{"unit":"%","size":"300"},"shape_divider_bottom_height":{"unit":"px","size":"42"},"padding":{"unit":"%","top":"8","right":"6","bottom":"0","left":"6","isLinked":""},"content_width":{"unit":"px","size":"1350"},"background_overlay_background":"classic","background_overlay_image":{"url":"http:\/\/sitefacilitado.com.br\/membros\/wp-content\/uploads\/2020\/03\/hero_mask-corner.png","id":"4074"},"background_overlay_position":"top right","background_overlay_size":"cover","background_overlay_opacity":{"unit":"px","size":"1"},"shape_divider_top_flip":"yes","shape_divider_top_above_content":"yes","shape_divider_bottom_flip":"yes","shape_divider_bottom_above_content":"yes","structure":"20","background_overlay_position_mobile":"initial","background_overlay_xpos_mobile":{"unit":"px","size":"604"},"background_overlay_size_mobile":"cover","shape_divider_top_width_mobile":{"unit":"%","size":"172"},"shape_divider_top_height_mobile":{"unit":"px","size":"43"},"padding_tablet":{"unit":"em","top":"1","right":"1","bottom":"1","left":"1","isLinked":"1"},"padding_mobile":{"unit":"em","top":"3","right":"0","bottom":"0","left":"0","isLinked":""}},"elements":[{"id":"3e9046bc","settings":{"_column_size":"50","content_position":"center","background_background":"classic","background_overlay_background":"classic","background_overlay_position":"bottom right","background_overlay_repeat":"no-repeat","background_overlay_size":"contain","background_overlay_opacity":{"unit":"px","size":"1"},"overlay_blend_mode":"multiply","margin":{"unit":"px","top":"0","right":"0","bottom":"-30","left":"0","isLinked":""},"padding":{"unit":"em","top":"0","right":"2","bottom":"0","left":"2","isLinked":""}},"elements":[{"id":"23ffb9b","settings":{"icon":"fa fa-plus","primary_color":"#f7794f","size":{"unit":"px","size":"24"},"_margin":{"unit":"px","top":"0","right":"0","bottom":"-28","left":"118","isLinked":""},"_z_index":"9","_animation":"fadeInUp","align":"right"},"elements":[],"isInner":false,"widgetType":"icon","elType":"widget"},{"id":"5b24aa9f","settings":{"title":"Best health care","align":"left","title_color":"#2e70ce","typography_typography":"custom","typography_font_size":{"unit":"rem","size":"0.9"},"header_size":"h4","typography_font_family":"Noto Sans","typography_letter_spacing":{"unit":"px","size":"-0.3"},"typography_font_weight":"bold","align_mobile":"center","typography_font_size_tablet":{"unit":"rem","size":""},"typography_text_transform":"uppercase","typography_line_height":{"unit":"em","size":"0.4"},"_margin":{"unit":"px","top":"40","right":"0","bottom":"0","left":"4","isLinked":""},"_animation":"fadeInDown","animation_duration":"fast","_animation_delay":"300"},"elements":[],"isInner":false,"widgetType":"heading","elType":"widget"},{"id":"305cae58","settings":{"title":"Pricing Plans","align":"left","title_color":"#1d2366","typography_typography":"custom","typography_font_size":{"unit":"rem","size":"3.2"},"typography_font_weight":"300","typography_font_family":"Noto Sans","typography_font_size_tablet":{"unit":"px","size":"42"},"typography_letter_spacing":{"unit":"px","size":"-2.5"},"_animation":"fadeInUp","animation_duration":"fast","_animation_delay":"300","align_mobile":"center","typography_line_height":{"unit":"em","size":"0.8"},"_margin":{"unit":"px","top":"0","right":"0","bottom":"0","left":"0","isLinked":""},"_z_index":"9"},"elements":[],"isInner":false,"widgetType":"heading","elType":"widget"},{"id":"1ee6b1b3","settings":{"editor":"<p>From immunizations to checkups and\u00a0 preventive care,\u00a0 exams, our primary care physicians and providers work to keep you and your whole family healthy and strong each and every day.<\/p>","align":"left","text_color":"#3d79b5","typography_typography":"custom","typography_font_size":{"unit":"rem","size":"1"},"typography_line_height":{"unit":"em","size":"1.6"},"typography_font_family":"Noto Sans","typography_font_weight":"500","_animation":"fadeIn","animation_duration":"fast","_animation_delay":"500","align_mobile":"center","_margin":{"unit":"px","top":"40","right":"0","bottom":"0","left":"0","isLinked":""},"_padding":{"unit":"%","top":"0","right":"0","bottom":"0","left":"0","isLinked":""},"typography_font_size_mobile":{"unit":"rem","size":"0.9"}},"elements":[],"isInner":false,"widgetType":"text-editor","elType":"widget"}],"isInner":"","elType":"column"},{"id":"7410d023","settings":{"_column_size":"50","background_color":"#ffffff","background_color_stop":{"unit":"%","size":"19"},"background_color_b":"#e9eff9","background_gradient_angle":{"unit":"deg","size":"190"},"background_overlay_background":"classic","background_overlay_position":"bottom center","background_overlay_repeat":"no-repeat","background_overlay_size":"contain","background_overlay_opacity":{"unit":"px","size":"1"},"margin":{"unit":"%","top":"","right":"","bottom":"","left":"","isLinked":"1"},"padding":{"unit":"em","top":"0","right":"0","bottom":"0","left":"0","isLinked":"1"}},"elements":[{"id":"1b5a1c0b","settings":{"icon":"fa fa-plus","primary_color":"#4c86d3","size":{"unit":"px","size":"61"},"_margin":{"unit":"px","top":"0","right":"50","bottom":"-39","left":"0","isLinked":""},"_z_index":"9","_animation":"fadeInUp","hide_mobile":"hidden-phone"},"elements":[],"isInner":false,"widgetType":"icon","elType":"widget"},{"id":"652e9b42","settings":{"image":{"url":"http:\/\/sitefacilitado.com.br\/membros\/wp-content\/uploads\/2020\/03\/undraw_workout_trans.png","id":"4076"},"width":{"unit":"%","size":"100"},"_margin":{"unit":"px","top":"0","right":"-50","bottom":"-2","left":"-6","isLinked":""},"css_filters_hue":{"unit":"px","size":"334"},"_margin_mobile":{"unit":"px","top":"0","right":"0","bottom":"0","left":"0","isLinked":"1"},"_padding_mobile":{"unit":"px","top":"0","right":"0","bottom":"0","left":"0","isLinked":"1"}},"elements":[],"isInner":false,"widgetType":"image","elType":"widget"}],"isInner":"","elType":"column"}],"isInner":"","elType":"section"},{"id":"47191d7e","settings":{"gap":"no","custom_height":{"unit":"px","size":"700"},"content_position":"middle","padding":{"unit":"px","top":"120","right":"0","bottom":"60","left":"0","isLinked":""},"padding_tablet":{"unit":"px","top":"80","right":"20","bottom":"80","left":"20","isLinked":""},"padding_mobile":{"unit":"px","top":"","right":"","bottom":"","left":"","isLinked":""},"content_width":{"unit":"px","size":"1350"},"background_background":"classic","background_color":"#ffffff","border_width":{"unit":"px","top":"1","right":"0","bottom":"0","left":"0","isLinked":""},"border_color":"#d4e3f9","background_overlay_background":"classic","background_overlay_opacity":{"unit":"px","size":"0.83"},"overlay_blend_mode":"multiply","color_link":"#51a6e2"},"elements":[{"id":"2612fa0","settings":{"_column_size":"100","space_between_widgets":"0"},"elements":[{"id":"6453c701","settings":{"title":"A plan for everyone.","align":"center","title_color":"#1d2366","typography_typography":"custom","typography_font_size":{"unit":"rem","size":"2.5"},"typography_font_weight":"300","header_size":"h3","typography_font_family":"Noto Sans","_animation":"fadeInUp","animation_duration":"fast","align_mobile":"center","typography_font_size_tablet":{"unit":"px","size":"42"},"typography_line_height":{"unit":"em","size":"1"},"_margin":{"unit":"px","top":"0","right":"0","bottom":"40","left":"-3","isLinked":""},"_animation_delay":"300"},"elements":[],"isInner":false,"widgetType":"heading","elType":"widget"},{"id":"3fc38b36","settings":{"layout":"full_width","gap":"extended","content_position":"top","structure":"30","padding":{"unit":"%","top":"2","right":"6","bottom":"2","left":"6","isLinked":""},"padding_mobile":{"unit":"px","top":"0","right":"0","bottom":"0","left":"0","isLinked":"1"}},"elements":[{"id":"45a61d1c","settings":{"_column_size":"33","_inline_size_tablet":"100","padding_mobile":{"unit":"em","top":"0","right":"0","bottom":"0","left":"0","isLinked":"1"}},"elements":[{"id":"2c75461d","settings":{"heading":"Personal","sub_heading":"One checkin per month","price":"39.99","period":"Monthly","features_list":[{"item_text":"Free 24\/7 support","item_icon":"fa fa-plus","_id":"68bb18a","item_icon_color":"","selected_item_icon":{"value":"far fa-check-circle","library":"fa-regular"}},{"item_text":"Followups","item_icon":"fa fa-calendar-plus-o","_id":"217dd0b","item_icon_color":"","selected_item_icon":{"value":"far fa-check-circle","library":"fa-regular"}},{"item_text":"e-record access","item_icon":"fa fa-address-book","_id":"14f9a2b","item_icon_color":"","selected_item_icon":{"value":"far fa-check-circle","library":"fa-regular"}},{"item_text":"referrals","item_icon":"fa fa-medkit","_id":"237e2f6","item_icon_color":"","selected_item_icon":{"value":"far fa-check-circle","library":"fa-regular"}}],"button_text":"Sign Up Now","footer_additional_info":"<a href=\"#\">Learn More<\/a>","show_ribbon":"","ribbon_title":"Popular","ribbon_horizontal_position":"left","header_bg_color":"rgba(46,112,206,0)","heading_color":"#2e70ce","heading_typography_typography":"custom","heading_typography_font_family":"Noto Sans","heading_typography_font_size":{"unit":"rem","size":"1.8"},"heading_typography_font_weight":"300","heading_typography_line_height":{"unit":"em","size":"1.8"},"sub_heading_color":"#2e70ce","sub_heading_typography_typography":"custom","sub_heading_typography_font_family":"Noto Sans","sub_heading_typography_font_size":{"unit":"rem","size":"0.9"},"sub_heading_typography_font_style":"italic","pricing_element_bg_color":"rgba(0,0,0,0)","price_color":"#2e70ce","price_typography_typography":"custom","price_typography_font_family":"Noto Sans","period_color":"#3d79b5","period_typography_typography":"custom","period_typography_font_family":"Noto Sans","period_typography_font_size":{"unit":"rem","size":"0.9"},"features_list_bg_color":"rgba(0,0,0,0)","features_list_color":"#2e70ce","features_list_typography_typography":"custom","features_list_typography_font_family":"Noto Sans","features_list_typography_font_size":{"unit":"rem","size":"0.8"},"features_list_typography_font_weight":"600","features_list_typography_text_transform":"uppercase","features_list_typography_letter_spacing":{"unit":"px","size":"0.5"},"features_list_alignment":"left","item_width":{"unit":"px","size":"51"},"list_divider":"","footer_bg_color":"rgba(0,0,0,0)","button_text_color":"#ffffff","button_typography_typography":"custom","button_typography_font_family":"Noto Sans","button_typography_font_size":{"unit":"rem","size":"0.8"},"button_typography_font_weight":"bold","button_typography_text_transform":"uppercase","button_typography_letter_spacing":{"unit":"px","size":"0.6"},"button_background_color":"#47e0b0","button_border_radius":{"unit":"px","top":"30","right":"30","bottom":"30","left":"30","isLinked":"1"},"button_background_hover_color":"#fa4a57","additional_info_color":"#e9eff9","additional_info_typography_typography":"custom","additional_info_typography_font_family":"Noto Sans KR","additional_info_typography_font_size":{"unit":"rem","size":"0.8"},"additional_info_typography_text_decoration":"underline","ribbon_bg_color":"#fa4a57","ribbon_distance":{"unit":"px","size":"43"},"ribbon_typography_typography":"custom","ribbon_typography_font_family":"Noto Sans","ribbon_typography_font_size":{"unit":"rem","size":"0.7"},"ribbon_typography_font_weight":"bold","ribbon_typography_font_style":"italic","ribbon_typography_letter_spacing":{"unit":"px","size":"0.8"},"animation_duration":"fast","_background_background":"classic","_background_color":"#e9eff9","_border_radius":{"unit":"px","top":"10","right":"10","bottom":"10","left":"10","isLinked":"1"},"_box_shadow_hover_box_shadow_type":"yes","_box_shadow_hover_box_shadow":{"horizontal":"-1","vertical":"27","blur":"18","spread":"-2","color":"rgba(97,192,211,0.26)"},"item_width_mobile":{"unit":"px","size":"58"}},"elements":[],"isInner":false,"widgetType":"price-table","elType":"widget"}],"isInner":"1","elType":"column"},{"id":"5cf3c793","settings":{"_column_size":"33","_inline_size_tablet":"100","padding_mobile":{"unit":"px","top":"40","right":"0","bottom":"0","left":"0","isLinked":""}},"elements":[{"id":"7487abb","settings":{"heading":"Family","sub_heading":"One checkin for up to 3","price":"69.99","period":"Monthly","features_list":[{"item_text":"Free 24\/7 support","item_icon":"fa fa-plus","_id":"68bb18a","item_icon_color":"","selected_item_icon":{"value":"far fa-check-circle","library":"fa-regular"}},{"item_text":"Followups","item_icon":"fa fa-calendar-plus-o","_id":"217dd0b","item_icon_color":"","selected_item_icon":{"value":"far fa-check-circle","library":"fa-regular"}},{"item_text":"e-record access","item_icon":"fa fa-address-book","_id":"14f9a2b","item_icon_color":"","selected_item_icon":{"value":"far fa-check-circle","library":"fa-regular"}},{"item_text":"referrals","item_icon":"fa fa-medkit","_id":"237e2f6","item_icon_color":"","selected_item_icon":{"value":"far fa-check-circle","library":"fa-regular"}}],"button_text":"Sign Up Now","footer_additional_info":"<a href=\"#\">Learn More<\/a>","ribbon_title":"Popular","ribbon_horizontal_position":"left","header_bg_color":"rgba(46,112,206,0)","heading_color":"#ffffff","heading_typography_typography":"custom","heading_typography_font_family":"Noto Sans","heading_typography_font_size":{"unit":"rem","size":"1.8"},"heading_typography_font_weight":"300","heading_typography_line_height":{"unit":"em","size":"1.8"},"sub_heading_color":"#ffffff","sub_heading_typography_typography":"custom","sub_heading_typography_font_family":"Noto Sans","sub_heading_typography_font_size":{"unit":"rem","size":"0.9"},"sub_heading_typography_font_style":"italic","pricing_element_bg_color":"rgba(0,0,0,0)","price_color":"#ffffff","price_typography_typography":"custom","price_typography_font_family":"Noto Sans","period_color":"#e9eff9","period_typography_typography":"custom","period_typography_font_family":"Noto Sans","period_typography_font_size":{"unit":"rem","size":"0.9"},"features_list_bg_color":"rgba(0,0,0,0)","features_list_color":"#e9eff9","features_list_typography_typography":"custom","features_list_typography_font_family":"Noto Sans","features_list_typography_font_size":{"unit":"rem","size":"0.8"},"features_list_typography_font_weight":"600","features_list_typography_text_transform":"uppercase","features_list_typography_letter_spacing":{"unit":"px","size":"0.5"},"features_list_alignment":"left","item_width":{"unit":"px","size":"50"},"list_divider":"","footer_bg_color":"rgba(0,0,0,0)","button_text_color":"#ffffff","button_typography_typography":"custom","button_typography_font_family":"Noto Sans","button_typography_font_size":{"unit":"rem","size":"0.8"},"button_typography_font_weight":"bold","button_typography_text_transform":"uppercase","button_typography_letter_spacing":{"unit":"px","size":"0.6"},"button_background_color":"#47e0b0","button_border_radius":{"unit":"px","top":"30","right":"30","bottom":"30","left":"30","isLinked":"1"},"button_background_hover_color":"#fa4a57","additional_info_color":"#e9eff9","additional_info_typography_typography":"custom","additional_info_typography_font_family":"Noto Sans KR","additional_info_typography_font_size":{"unit":"rem","size":"0.8"},"additional_info_typography_text_decoration":"underline","ribbon_bg_color":"#fa4a57","ribbon_distance":{"unit":"px","size":"43"},"ribbon_typography_typography":"custom","ribbon_typography_font_family":"Noto Sans","ribbon_typography_font_size":{"unit":"rem","size":"0.7"},"ribbon_typography_font_weight":"bold","ribbon_typography_font_style":"italic","ribbon_typography_letter_spacing":{"unit":"px","size":"0.8"},"animation_duration":"fast","_background_background":"classic","_background_color":"#2e70ce","_border_radius":{"unit":"px","top":"10","right":"10","bottom":"10","left":"10","isLinked":"1"},"_box_shadow_hover_box_shadow_type":"yes","_box_shadow_hover_box_shadow":{"horizontal":"-1","vertical":"27","blur":"18","spread":"-2","color":"rgba(97,192,211,0.26)"},"_box_shadow_box_shadow":{"horizontal":"-1","vertical":"27","blur":"19","spread":"-8","color":"rgba(97,192,211,0.26)"},"item_width_mobile":{"unit":"px","size":"54"}},"elements":[],"isInner":false,"widgetType":"price-table","elType":"widget"}],"isInner":"1","elType":"column"},{"id":"1b6f3a27","settings":{"_column_size":"33","_inline_size_tablet":"100","padding_mobile":{"unit":"px","top":"40","right":"0","bottom":"0","left":"0","isLinked":""}},"elements":[{"id":"b38cbf5","settings":{"heading":"Ongoing Care","sub_heading":"One checkin per week","price":"99.99","period":"Monthly","features_list":[{"item_text":"Free 24\/7 support","item_icon":"fa fa-plus","_id":"68bb18a","item_icon_color":"","selected_item_icon":{"value":"far fa-check-circle","library":"fa-regular"}},{"item_text":"Followups","item_icon":"fa fa-calendar-plus-o","_id":"217dd0b","item_icon_color":"","selected_item_icon":{"value":"far fa-check-circle","library":"fa-regular"}},{"item_text":"e-record access","item_icon":"fa fa-address-book","_id":"14f9a2b","item_icon_color":"","selected_item_icon":{"value":"far fa-check-circle","library":"fa-regular"}},{"item_text":"referrals","item_icon":"fa fa-medkit","_id":"237e2f6","item_icon_color":"","selected_item_icon":{"value":"far fa-check-circle","library":"fa-regular"}}],"button_text":"Sign Up Now","footer_additional_info":"<a href=\"#\">Learn More<\/a>","show_ribbon":"","ribbon_title":"Popular","ribbon_horizontal_position":"left","header_bg_color":"rgba(46,112,206,0)","heading_color":"#2e70ce","heading_typography_typography":"custom","heading_typography_font_family":"Noto Sans","heading_typography_font_size":{"unit":"rem","size":"1.8"},"heading_typography_font_weight":"300","heading_typography_line_height":{"unit":"em","size":"1.8"},"sub_heading_color":"#2e70ce","sub_heading_typography_typography":"custom","sub_heading_typography_font_family":"Noto Sans","sub_heading_typography_font_size":{"unit":"rem","size":"0.9"},"sub_heading_typography_font_style":"italic","pricing_element_bg_color":"rgba(0,0,0,0)","price_color":"#2e70ce","price_typography_typography":"custom","price_typography_font_family":"Noto Sans","period_color":"#3d79b5","period_typography_typography":"custom","period_typography_font_family":"Noto Sans","period_typography_font_size":{"unit":"rem","size":"0.9"},"features_list_bg_color":"rgba(0,0,0,0)","features_list_color":"#2e70ce","features_list_typography_typography":"custom","features_list_typography_font_family":"Noto Sans","features_list_typography_font_size":{"unit":"rem","size":"0.8"},"features_list_typography_font_weight":"600","features_list_typography_text_transform":"uppercase","features_list_typography_letter_spacing":{"unit":"px","size":"0.5"},"features_list_alignment":"left","item_width":{"unit":"px","size":"51"},"list_divider":"","footer_bg_color":"rgba(0,0,0,0)","button_text_color":"#ffffff","button_typography_typography":"custom","button_typography_font_family":"Noto Sans","button_typography_font_size":{"unit":"rem","size":"0.8"},"button_typography_font_weight":"bold","button_typography_text_transform":"uppercase","button_typography_letter_spacing":{"unit":"px","size":"0.6"},"button_background_color":"#47e0b0","button_border_radius":{"unit":"px","top":"30","right":"30","bottom":"30","left":"30","isLinked":"1"},"button_background_hover_color":"#fa4a57","additional_info_color":"#e9eff9","additional_info_typography_typography":"custom","additional_info_typography_font_family":"Noto Sans KR","additional_info_typography_font_size":{"unit":"rem","size":"0.8"},"additional_info_typography_text_decoration":"underline","ribbon_bg_color":"#fa4a57","ribbon_distance":{"unit":"px","size":"43"},"ribbon_typography_typography":"custom","ribbon_typography_font_family":"Noto Sans","ribbon_typography_font_size":{"unit":"rem","size":"0.7"},"ribbon_typography_font_weight":"bold","ribbon_typography_font_style":"italic","ribbon_typography_letter_spacing":{"unit":"px","size":"0.8"},"animation_duration":"fast","_background_background":"classic","_background_color":"#e9eff9","_border_radius":{"unit":"px","top":"10","right":"10","bottom":"10","left":"10","isLinked":"1"},"_box_shadow_hover_box_shadow_type":"yes","_box_shadow_hover_box_shadow":{"horizontal":"-1","vertical":"27","blur":"18","spread":"-2","color":"rgba(97,192,211,0.26)"},"item_width_mobile":{"unit":"px","size":"54"}},"elements":[],"isInner":false,"widgetType":"price-table","elType":"widget"}],"isInner":"1","elType":"column"}],"isInner":"1","elType":"section"}],"isInner":"","elType":"column"}],"isInner":"","elType":"section"},{"id":"70ea8f35","settings":{"stretch_section":"section-stretched","layout":"full_width","custom_height":{"unit":"px","size":"700"},"structure":"20","padding":{"unit":"%","top":"0","right":"6","bottom":"0","left":"6","isLinked":""},"padding_tablet":{"unit":"em","top":"0","right":"0","bottom":"0","left":"0","isLinked":"1"},"background_background":"classic","background_color":"#ffffff"},"elements":[{"id":"1c2912e5","settings":{"_column_size":"50","content_position":"center"},"elements":[{"id":"7b016c1b","settings":{"image":{"url":"http:\/\/sitefacilitado.com.br\/membros\/wp-content\/uploads\/2020\/03\/undraw_friendship_trans.png","id":"4078"}},"elements":[],"isInner":false,"widgetType":"image","elType":"widget"}],"isInner":"","elType":"column"},{"id":"6114178a","settings":{"_column_size":"50","padding":{"unit":"%","top":"10","right":"10","bottom":"10","left":"10","isLinked":"1"},"padding_mobile":{"unit":"em","top":"1","right":"1","bottom":"1","left":"1","isLinked":"1"}},"elements":[{"id":"48f5bfdc","settings":{"content_width":{"unit":"px","size":"460"}},"elements":[{"id":"15b85f72","settings":{"_column_size":"100"},"elements":[{"id":"b130e18","settings":{"title":"save more","align":"left","title_color":"#2e70ce","typography_typography":"custom","typography_font_size":{"unit":"rem","size":"0.9"},"header_size":"h4","typography_font_family":"Noto Sans","typography_letter_spacing":{"unit":"px","size":"-0.3"},"typography_font_weight":"bold","align_mobile":"center","typography_font_size_tablet":{"unit":"rem","size":""},"typography_text_transform":"uppercase","typography_line_height":{"unit":"em","size":"0.4"},"_margin":{"unit":"px","top":"40","right":"0","bottom":"0","left":"4","isLinked":""},"_animation":"fadeInDown","animation_duration":"fast","_animation_delay":"300"},"elements":[],"isInner":false,"widgetType":"heading","elType":"widget"},{"id":"d5c2141","settings":{"title":"We take insurance.","align":"left","title_color":"#1d2366","typography_typography":"custom","typography_font_size":{"unit":"rem","size":"2.1"},"typography_font_weight":"300","header_size":"h3","typography_font_family":"Noto Sans","_animation":"fadeInUp","animation_duration":"fast","align_mobile":"center","typography_font_size_tablet":{"unit":"px","size":"42"},"typography_line_height":{"unit":"em","size":"1"},"_margin":{"unit":"px","top":"20","right":"0","bottom":"0","left":"4","isLinked":""},"_animation_delay":"300","typography_font_size_mobile":{"unit":"rem","size":""}},"elements":[],"isInner":false,"widgetType":"heading","elType":"widget"},{"id":"44fbafe","settings":{"editor":"<p>From immunizations to checkups and\u00a0 preventive care,\u00a0 exams, our primary care physicians and providers work to keep you and your whole family healthy and strong each and every day.<\/p>","align":"left","text_color":"#3d79b5","typography_typography":"custom","typography_font_size":{"unit":"rem","size":"1"},"typography_line_height":{"unit":"em","size":"1.6"},"typography_font_family":"Noto Sans","typography_font_weight":"500","_animation":"fadeIn","animation_duration":"fast","_animation_delay":"500","align_mobile":"center","_margin":{"unit":"px","top":"40","right":"0","bottom":"0","left":"0","isLinked":""},"_padding":{"unit":"%","top":"0","right":"0","bottom":"0","left":"0","isLinked":""},"typography_font_size_tablet":{"unit":"rem","size":"0.9"}},"elements":[],"isInner":false,"widgetType":"text-editor","elType":"widget"}],"isInner":"1","elType":"column"}],"isInner":"1","elType":"section"}],"isInner":"","elType":"column"}],"isInner":"","elType":"section"},{"id":"30a1c475","settings":{"stretch_section":"section-stretched","content_width":{"unit":"px","size":"1350"},"structure":"30","shape_divider_bottom":"waves","shape_divider_bottom_color":"#e9eff9","shape_divider_bottom_width":{"unit":"%","size":"156"},"shape_divider_bottom_height":{"unit":"px","size":"32"},"shape_divider_bottom_flip":"yes","shape_divider_bottom_negative":"yes","padding":{"unit":"%","top":"3","right":"0","bottom":"0","left":"0","isLinked":""},"background_background":"classic","background_color":"#ffffff"},"elements":[{"id":"49cde14a","settings":{"_column_size":"33","_inline_size":"31.185","_inline_size_tablet":"100","content_position":"top","space_between_widgets":"10","background_background":"classic","background_repeat":"no-repeat","background_size":"contain","background_overlay_background":"classic","background_overlay_repeat":"no-repeat","background_overlay_size":"cover","overlay_blend_mode":"luminosity","padding":{"unit":"%","top":"4","right":"8","bottom":"8","left":"8","isLinked":""},"padding_tablet":{"unit":"px","top":"15","right":"15","bottom":"15","left":"15","isLinked":"1"},"padding_mobile":{"unit":"em","top":"","right":"","bottom":"","left":"","isLinked":"1"},"animation":"fadeInUp","animation_duration":"fast","animation_delay":"200"},"elements":[{"id":"4841d4d1","settings":{"title":"What our patients say:","align":"left","title_color":"#2e70ce","typography_typography":"custom","typography_font_size":{"unit":"rem","size":"1.2"},"header_size":"h4","typography_font_family":"Noto Sans","typography_letter_spacing":{"unit":"px","size":"-0.3"},"typography_font_weight":"bold","align_mobile":"center","typography_font_size_tablet":{"unit":"rem","size":""},"typography_line_height":{"unit":"em","size":"0.4"},"_margin":{"unit":"px","top":"40","right":"0","bottom":"0","left":"4","isLinked":""},"animation_duration":"fast","_animation_delay":"300","align_tablet":"center","typography_line_height_tablet":{"unit":"em","size":"1"},"_animation":"fadeInUp"},"elements":[],"isInner":false,"widgetType":"heading","elType":"widget"},{"id":"2db8309b","settings":{"slides":[{"content":"I am slide content. Click edit button to change this text. Lorem ipsum dolor sit amet, consectetur adipiscing elit. Ut elit tellus, luctus nec ullamcorper mattis, pulvinar dapibus leo.","name":"John Doe","title":"CEO","image":{"url":"http:\/\/sitefacilitado.com.br\/membros\/wp-content\/uploads\/2020\/03\/management-01.jpg","id":"4095"},"_id":"cb80e9c"},{"content":"I am slide content. Click edit button to change this text. Lorem ipsum dolor sit amet, consectetur adipiscing elit. Ut elit tellus, luctus nec ullamcorper mattis, pulvinar dapibus leo.","name":"John Doe","title":"CEO","image":{"url":"http:\/\/sitefacilitado.com.br\/membros\/wp-content\/uploads\/2020\/03\/testimonial-2.jpg","id":"4096"},"_id":"8b7ff4c"},{"content":"I am slide content. Click edit button to change this text. Lorem ipsum dolor sit amet, consectetur adipiscing elit. Ut elit tellus, luctus nec ullamcorper mattis, pulvinar dapibus leo.","name":"John Doe","title":"CEO","image":{"url":"http:\/\/sitefacilitado.com.br\/membros\/wp-content\/uploads\/2020\/03\/testimonial-3.jpg","id":"4084"},"_id":"473a3c0"}],"alignment":"left","slides_per_view_tablet":"2","width":{"unit":"%","size":"100"},"width_tablet":{"unit":"%","size":"100"},"show_arrows":"","content_color":"#3d79b5","content_typography_typography":"custom","content_typography_font_family":"Noto Sans","content_typography_font_size":{"unit":"rem","size":"1.1"},"name_color":"#2e70ce","name_typography_typography":"custom","name_typography_font_family":"Noto Sans","title_color":"#1d2366","title_typography_typography":"custom","title_typography_font_family":"Noto Sans","title_typography_font_size":{"unit":"rem","size":"0.7"},"title_typography_font_weight":"bold","arrows_color":"#b1c9e2","pagination_color":"#e9eff9","_animation":"fadeInDown","animation_duration":"fast","content_typography_font_size_mobile":{"unit":"rem","size":"1"}},"elements":[],"isInner":false,"widgetType":"testimonial-carousel","elType":"widget"}],"isInner":"","elType":"column"},{"id":"15d682a3","settings":{"_column_size":"33","_inline_size":"36.89","_inline_size_tablet":"50","content_position":"center","background_background":"classic","background_overlay_background":"classic","background_overlay_image":{"url":"http:\/\/sitefacilitado.com.br\/membros\/wp-content\/uploads\/2020\/03\/undraw_group_chat_v059.png","id":"4067"},"background_overlay_position":"bottom center","background_overlay_repeat":"no-repeat","background_overlay_size":"contain","background_overlay_opacity":{"unit":"px","size":"1"},"overlay_blend_mode":"multiply","margin":{"unit":"px","top":"17","right":"-6","bottom":"-6","left":"-14","isLinked":""},"margin_tablet":{"unit":"px","top":"0","right":"0","bottom":"0","left":"0","isLinked":"1"},"padding":{"unit":"px","top":"0","right":"0","bottom":"0","left":"0","isLinked":"1"}},"elements":[{"id":"1ef7eaf5","settings":{"space":{"unit":"px","size":"381"},"_background_image":{"url":"http:\/\/sitefacilitado.com.br\/membros\/wp-content\/uploads\/2020\/03\/undraw_group_chat_v059.png","id":"4067"},"_background_position":"bottom center","_background_size":"cover","space_mobile":{"unit":"px","size":"247"}},"elements":[],"isInner":false,"widgetType":"spacer","elType":"widget"}],"isInner":"","elType":"column"},{"id":"7b356af9","settings":{"_column_size":"33","_inline_size":"31.921","_inline_size_tablet":"50","content_position":"top","space_between_widgets":"10","background_background":"classic","background_repeat":"no-repeat","background_size":"contain","background_overlay_background":"classic","background_overlay_repeat":"no-repeat","background_overlay_size":"cover","overlay_blend_mode":"luminosity","padding":{"unit":"%","top":"8","right":"8","bottom":"8","left":"8","isLinked":""},"padding_tablet":{"unit":"em","top":"2","right":"2","bottom":"2","left":"2","isLinked":"1"},"padding_mobile":{"unit":"em","top":"","right":"","bottom":"","left":"","isLinked":"1"},"animation":"fadeInUp","animation_duration":"fast","animation_delay":"200"},"elements":[{"id":"303133a6","settings":{"testimonial_content":"Click edit button to change this text. Lorem ipsum dolor sit amet, consectetur adipiscing elit. Ut elit tellus, luctus nec ullamcorper mattis, pulvinar dapibus leo.","testimonial_image":{"url":"http:\/\/sitefacilitado.com.br\/membros\/wp-content\/uploads\/2020\/03\/testimonial-3.jpg","id":"4084"},"testimonial_image_size":"thumbnail","testimonial_name":"John Doe","testimonial_job":"Designer","testimonial_alignment":"left","content_content_color":"#3d79b5","content_typography_typography":"custom","content_typography_font_family":"Noto Sans","content_typography_font_size":{"unit":"rem","size":"0.8"},"content_typography_font_style":"italic","content_typography_line_height":{"unit":"em","size":"1.6"},"image_size":{"unit":"px","size":"40"},"name_text_color":"#2e70ce","name_typography_typography":"custom","name_typography_font_family":"Noto Sans","name_typography_font_size":{"unit":"px","size":"13"},"name_typography_font_weight":"bold","job_text_color":"#2e70ce","job_typography_typography":"custom","job_typography_font_family":"Noto Sans","job_typography_font_size":{"unit":"rem","size":"0.6"},"job_typography_font_weight":"bold","job_typography_text_transform":"uppercase","job_typography_letter_spacing":{"unit":"px","size":"0.4"},"_animation":"fadeInDown","animation_duration":"fast"},"elements":[],"isInner":false,"widgetType":"testimonial","elType":"widget"},{"id":"59d89447","settings":{"testimonial_content":"Click edit button to change this text. Lorem ipsum dolor sit amet, consectetur adipiscing elit. Ut elit tellus, luctus nec ullamcorper mattis, pulvinar dapibus leo.","testimonial_image":{"url":"http:\/\/sitefacilitado.com.br\/membros\/wp-content\/uploads\/2020\/03\/testimonial-3.jpg","id":"4084"},"testimonial_image_size":"thumbnail","testimonial_name":"John Doe","testimonial_job":"Designer","testimonial_alignment":"left","content_content_color":"#3d79b5","content_typography_typography":"custom","content_typography_font_family":"Noto Sans","content_typography_font_size":{"unit":"rem","size":"0.8"},"content_typography_font_style":"italic","content_typography_line_height":{"unit":"em","size":"1.6"},"image_size":{"unit":"px","size":"40"},"name_text_color":"#2e70ce","name_typography_typography":"custom","name_typography_font_family":"Noto Sans","name_typography_font_size":{"unit":"px","size":"13"},"name_typography_font_weight":"bold","job_text_color":"#2e70ce","job_typography_typography":"custom","job_typography_font_family":"Noto Sans","job_typography_font_size":{"unit":"rem","size":"0.6"},"job_typography_font_weight":"bold","job_typography_text_transform":"uppercase","job_typography_letter_spacing":{"unit":"px","size":"0.4"},"_animation":"fadeInDown"},"elements":[],"isInner":false,"widgetType":"testimonial","elType":"widget"}],"isInner":"","elType":"column"}],"isInner":"","elType":"section"},{"id":"227b310e","settings":{"gap":"no","custom_height":{"unit":"px","size":"700"},"content_position":"middle","padding":{"unit":"px","top":"120","right":"0","bottom":"120","left":"0","isLinked":""},"padding_tablet":{"unit":"px","top":"80","right":"20","bottom":"80","left":"20","isLinked":""},"padding_mobile":{"unit":"px","top":"50","right":"20","bottom":"50","left":"20","isLinked":""},"content_width":{"unit":"px","size":"1400"},"background_background":"classic","background_color":"#e9eff9","border_width":{"unit":"px","top":"1","right":"0","bottom":"0","left":"0","isLinked":""},"border_color":"#d4e3f9","background_overlay_background":"classic","background_overlay_opacity":{"unit":"px","size":"0.54"},"overlay_blend_mode":"luminosity","shape_divider_bottom":"waves","shape_divider_bottom_color":"#2e70ce","shape_divider_bottom_width":{"unit":"%","size":"300"},"shape_divider_bottom_height":{"unit":"px","size":"69"},"shape_divider_bottom_flip":"yes","shape_divider_top_width":{"unit":"%","size":"300"},"shape_divider_top_height":{"unit":"px","size":"26"},"z_index":"9"},"elements":[{"id":"782d2ff3","settings":{"_column_size":"100","space_between_widgets":"0"},"elements":[{"id":"2a21f393","settings":{"title":"Our Guarantee","align":"center","title_color":"#1d2366","typography_typography":"custom","typography_font_size":{"unit":"rem","size":"2.5"},"typography_font_weight":"300","header_size":"h3","typography_font_family":"Noto Sans","_animation":"fadeInUp","animation_duration":"fast","align_mobile":"center","typography_font_size_tablet":{"unit":"px","size":"42"},"typography_line_height":{"unit":"em","size":"0.8"},"_margin":{"unit":"px","top":"0","right":"0","bottom":"40","left":"0","isLinked":""},"_animation_delay":"300"},"elements":[],"isInner":false,"widgetType":"heading","elType":"widget"},{"id":"35b82c7a","settings":{"structure":"40","padding":{"unit":"px","top":"20","right":"0","bottom":"0","left":"0","isLinked":""},"gap":"no","content_position":"top","padding_mobile":{"unit":"px","top":"0","right":"0","bottom":"0","left":"0","isLinked":"1"}},"elements":[{"id":"1c0214d0","settings":{"_column_size":"25","margin":{"unit":"px","top":"10","right":"10","bottom":"10","left":"10","isLinked":"1"},"padding":{"unit":"em","top":"2","right":"1","bottom":"2","left":"1","isLinked":""},"border_width":{"unit":"px","top":"1","right":"1","bottom":"1","left":"1","isLinked":"1"},"border_color":"#e5e5e5","border_hover_width":{"unit":"px","top":"1","right":"1","bottom":"1","left":"1","isLinked":"1"},"border_hover_color":"#01bf83","padding_tablet":{"unit":"px","top":"40","right":"15","bottom":"40","left":"15","isLinked":""},"box_shadow_hover_box_shadow":{"horizontal":"0","vertical":"22","blur":"20","spread":"2","color":"rgba(97,192,211,0.26)"},"animation":"fadeInUp","animation_duration":"fast","background_hover_background":"classic","background_hover_color":"#ffffff","background_hover_transition":{"unit":"px","size":"0.9"},"border_radius":{"unit":"px","top":"10","right":"10","bottom":"10","left":"10","isLinked":"1"},"box_shadow_hover_box_shadow_type":"yes","background_background":"classic","background_color":"#e9eff9","_inline_size_tablet":"50"},"elements":[{"id":"13f96f3","settings":{"text":"1","align":"center","size":"xs","typography_typography":"custom","typography_font_family":"Noto Sans","typography_font_size":{"unit":"rem","size":"1"},"typography_font_weight":"800","background_color":"#5286ce","border_radius":{"unit":"%","top":"100","right":"100","bottom":"100","left":"100","isLinked":"1"},"text_padding":{"unit":"px","top":"4","right":"8","bottom":"4","left":"8","isLinked":""},"_margin":{"unit":"px","top":"0","right":"0","bottom":"-36","left":"-65","isLinked":""},"_z_index":"8"},"elements":[],"isInner":false,"widgetType":"button","elType":"widget"},{"id":"6776cc4d","settings":{"image":{"url":"http:\/\/sitefacilitado.com.br\/membros\/wp-content\/uploads\/2020\/03\/undraw_add_user_s.png","id":"4063"},"width":{"unit":"%","size":"75"},"css_filters_brightness":{"unit":"px","size":"105"},"css_filters_contrast":{"unit":"px","size":"98"},"css_filters_saturate":{"unit":"px","size":"141"},"css_filters_hue":{"unit":"px","size":"53"}},"elements":[],"isInner":false,"widgetType":"image","elType":"widget"},{"id":"7b1eeeec","settings":{"title":"Qualified Doctors","align":"center","title_color":"#2e70ce","typography_typography":"custom","typography_font_size":{"unit":"rem","size":"1.2"},"header_size":"h4","typography_font_family":"Noto Sans","typography_letter_spacing":{"unit":"px","size":"-0.3"},"typography_font_weight":"bold","align_mobile":"center","typography_font_size_tablet":{"unit":"rem","size":""},"typography_line_height":{"unit":"em","size":"0.4"},"_margin":{"unit":"px","top":"40","right":"0","bottom":"0","left":"4","isLinked":""},"animation_duration":"fast","_animation_delay":"300"},"elements":[],"isInner":false,"widgetType":"heading","elType":"widget"},{"id":"35b20046","settings":{"align":"center","text_color":"#3d79b5","typography_typography":"custom","typography_font_family":"Noto Sans","typography_font_size":{"unit":"rem","size":"0.9"},"typography_line_height":{"unit":"em","size":"1.4"},"editor":"<p>We fight the hardest conditions with hardest resources.<\/p>","align_mobile":"center","typography_font_weight":"500","typography_font_style":"italic","_margin":{"unit":"px","top":"0","right":"0","bottom":"0","left":"0","isLinked":""},"animation_duration":"fast","_animation_delay":"500"},"elements":[],"isInner":false,"widgetType":"text-editor","elType":"widget"},{"id":"4f5a5af3","settings":{"text":"Read More","align":"center","typography_typography":"custom","typography_font_size":{"unit":"px","size":"11"},"typography_font_weight":"700","typography_text_transform":"uppercase","button_text_color":"#2e70ce","background_color":"rgba(46,112,206,0)","hover_color":"#ffffff","button_background_hover_color":"#5286ce","border_radius":{"unit":"px","top":"30","right":"30","bottom":"30","left":"30","isLinked":"1"},"text_padding":{"unit":"em","top":"","right":"","bottom":"","left":"","isLinked":""},"_padding":{"unit":"px","top":"0","right":"0","bottom":"0","left":"0","isLinked":""},"typography_font_family":"Barlow","typography_line_height":{"unit":"em","size":"1.4"},"button_hover_border_color":"#2e70ce","hover_animation":"float","border_border":"solid","border_width":{"unit":"px","top":"0","right":"0","bottom":"0","left":"0","isLinked":"1"},"border_color":"#0055e8","icon":"fa fa-angle-right","icon_align":"right","typography_letter_spacing":{"unit":"px","size":"0.5"},"_margin":{"unit":"px","top":"20","right":"0","bottom":"0","left":"0","isLinked":""}},"elements":[],"isInner":false,"widgetType":"button","elType":"widget"}],"isInner":"1","elType":"column"},{"id":"75bf78e8","settings":{"_column_size":"25","margin":{"unit":"px","top":"10","right":"10","bottom":"10","left":"10","isLinked":"1"},"padding":{"unit":"em","top":"2","right":"1","bottom":"2","left":"1","isLinked":""},"border_width":{"unit":"px","top":"1","right":"1","bottom":"1","left":"1","isLinked":"1"},"border_color":"#e5e5e5","border_hover_width":{"unit":"px","top":"1","right":"1","bottom":"1","left":"1","isLinked":"1"},"border_hover_color":"#01bf83","padding_tablet":{"unit":"px","top":"40","right":"15","bottom":"40","left":"15","isLinked":""},"animation":"fadeInUp","animation_duration":"fast","background_hover_background":"classic","background_hover_color":"#ffffff","background_hover_transition":{"unit":"px","size":"0.9"},"border_radius":{"unit":"px","top":"10","right":"10","bottom":"10","left":"10","isLinked":"1"},"box_shadow_hover_box_shadow_type":"yes","box_shadow_hover_box_shadow":{"horizontal":"0","vertical":"22","blur":"20","spread":"2","color":"rgba(97,192,211,0.26)"},"background_background":"classic","background_color":"#e9eff9","_inline_size_tablet":"50"},"elements":[{"id":"27067466","settings":{"text":"2","align":"center","size":"xs","typography_typography":"custom","typography_font_family":"Noto Sans","typography_font_size":{"unit":"rem","size":"1"},"typography_font_weight":"800","background_color":"#5286ce","border_radius":{"unit":"%","top":"100","right":"100","bottom":"100","left":"100","isLinked":"1"},"text_padding":{"unit":"px","top":"4","right":"8","bottom":"4","left":"8","isLinked":""},"_margin":{"unit":"px","top":"0","right":"0","bottom":"-36","left":"-65","isLinked":""},"_z_index":"8"},"elements":[],"isInner":false,"widgetType":"button","elType":"widget"},{"id":"2cf9cee","settings":{"image":{"url":"http:\/\/sitefacilitado.com.br\/membros\/wp-content\/uploads\/2020\/03\/undraw_calendar_s.png","id":"4064"},"width":{"unit":"%","size":"57"},"css_filters_brightness":{"unit":"px","size":"105"},"css_filters_contrast":{"unit":"px","size":"98"},"css_filters_saturate":{"unit":"px","size":"141"},"css_filters_hue":{"unit":"px","size":"53"}},"elements":[],"isInner":false,"widgetType":"image","elType":"widget"},{"id":"354f27fb","settings":{"title":"Fast Response","align":"center","title_color":"#2e70ce","typography_typography":"custom","typography_font_size":{"unit":"rem","size":"1.2"},"header_size":"h4","typography_font_family":"Noto Sans","typography_letter_spacing":{"unit":"px","size":"-0.3"},"typography_font_weight":"bold","align_mobile":"center","typography_font_size_tablet":{"unit":"rem","size":""},"typography_line_height":{"unit":"em","size":"0.4"},"_margin":{"unit":"px","top":"40","right":"0","bottom":"0","left":"4","isLinked":""},"animation_duration":"fast","_animation_delay":"300"},"elements":[],"isInner":false,"widgetType":"heading","elType":"widget"},{"id":"22c73a06","settings":{"align":"center","text_color":"#3d79b5","typography_typography":"custom","typography_font_family":"Noto Sans","typography_font_size":{"unit":"rem","size":"0.9"},"typography_line_height":{"unit":"em","size":"1.4"},"editor":"<p>Help your most hard working muscle keep working.<\/p>","align_mobile":"center","typography_font_weight":"500","typography_font_style":"italic","_margin":{"unit":"px","top":"0","right":"0","bottom":"0","left":"0","isLinked":""},"animation_duration":"fast","_animation_delay":"500"},"elements":[],"isInner":false,"widgetType":"text-editor","elType":"widget"},{"id":"644954bd","settings":{"text":"Read More","align":"center","typography_typography":"custom","typography_font_size":{"unit":"px","size":"11"},"typography_font_weight":"700","typography_text_transform":"uppercase","button_text_color":"#2e70ce","background_color":"rgba(46,112,206,0)","hover_color":"#ffffff","button_background_hover_color":"#5286ce","border_radius":{"unit":"px","top":"30","right":"30","bottom":"30","left":"30","isLinked":"1"},"text_padding":{"unit":"em","top":"","right":"","bottom":"","left":"","isLinked":""},"_padding":{"unit":"px","top":"0","right":"0","bottom":"0","left":"0","isLinked":""},"typography_font_family":"Barlow","typography_line_height":{"unit":"em","size":"1.4"},"button_hover_border_color":"#2e70ce","hover_animation":"float","border_border":"solid","border_width":{"unit":"px","top":"0","right":"0","bottom":"0","left":"0","isLinked":"1"},"border_color":"#0055e8","icon":"fa fa-angle-right","icon_align":"right","typography_letter_spacing":{"unit":"px","size":"0.5"},"_margin":{"unit":"px","top":"20","right":"0","bottom":"0","left":"0","isLinked":""}},"elements":[],"isInner":false,"widgetType":"button","elType":"widget"}],"isInner":"1","elType":"column"},{"id":"537007c6","settings":{"_column_size":"25","margin":{"unit":"px","top":"10","right":"10","bottom":"10","left":"10","isLinked":"1"},"padding":{"unit":"em","top":"2","right":"1","bottom":"2","left":"1","isLinked":""},"border_width":{"unit":"px","top":"1","right":"1","bottom":"1","left":"1","isLinked":"1"},"border_color":"#e5e5e5","border_hover_width":{"unit":"px","top":"1","right":"1","bottom":"1","left":"1","isLinked":"1"},"border_hover_color":"#01bf83","padding_tablet":{"unit":"px","top":"40","right":"15","bottom":"40","left":"15","isLinked":""},"animation":"fadeInUp","animation_duration":"fast","background_hover_background":"classic","background_hover_color":"#ffffff","background_hover_transition":{"unit":"px","size":"0.9"},"border_radius":{"unit":"px","top":"10","right":"10","bottom":"10","left":"10","isLinked":"1"},"box_shadow_hover_box_shadow_type":"yes","box_shadow_hover_box_shadow":{"horizontal":"0","vertical":"22","blur":"20","spread":"2","color":"rgba(97,192,211,0.26)"},"background_background":"classic","background_color":"#e9eff9","_inline_size_tablet":"50"},"elements":[{"id":"4dce8d0e","settings":{"text":"3","align":"center","size":"xs","typography_typography":"custom","typography_font_family":"Noto Sans","typography_font_size":{"unit":"rem","size":"1"},"typography_font_weight":"800","background_color":"#5286ce","border_radius":{"unit":"%","top":"100","right":"100","bottom":"100","left":"100","isLinked":"1"},"text_padding":{"unit":"px","top":"4","right":"8","bottom":"4","left":"8","isLinked":""},"_margin":{"unit":"px","top":"0","right":"0","bottom":"-36","left":"-65","isLinked":""},"_z_index":"8"},"elements":[],"isInner":false,"widgetType":"button","elType":"widget"},{"id":"53175e47","settings":{"image":{"url":"http:\/\/sitefacilitado.com.br\/membros\/wp-content\/uploads\/2020\/03\/undraw_typing_s.png","id":"4065"},"width":{"unit":"%","size":"63"},"css_filters_brightness":{"unit":"px","size":"105"},"css_filters_contrast":{"unit":"px","size":"98"},"css_filters_saturate":{"unit":"px","size":"141"},"css_filters_hue":{"unit":"px","size":"53"}},"elements":[],"isInner":false,"widgetType":"image","elType":"widget"},{"id":"13e7eac9","settings":{"title":"Easy Checkups","align":"center","title_color":"#2e70ce","typography_typography":"custom","typography_font_size":{"unit":"rem","size":"1.2"},"header_size":"h4","typography_font_family":"Noto Sans","typography_letter_spacing":{"unit":"px","size":"-0.3"},"typography_font_weight":"bold","align_mobile":"center","typography_font_size_tablet":{"unit":"rem","size":""},"typography_line_height":{"unit":"em","size":"0.4"},"_margin":{"unit":"px","top":"40","right":"0","bottom":"0","left":"4","isLinked":""},"animation_duration":"fast","_animation_delay":"300"},"elements":[],"isInner":false,"widgetType":"heading","elType":"widget"},{"id":"eedf072","settings":{"editor":"<p>Not only the brain, but the whole neuro-system of your body.<\/p>","align":"center","text_color":"#3d79b5","typography_typography":"custom","typography_font_family":"Noto Sans","typography_font_size":{"unit":"rem","size":"0.9"},"typography_line_height":{"unit":"em","size":"1.4"},"align_mobile":"center","typography_font_weight":"500","typography_font_style":"italic","_margin":{"unit":"px","top":"0","right":"0","bottom":"0","left":"0","isLinked":""},"animation_duration":"fast","_animation_delay":"500"},"elements":[],"isInner":false,"widgetType":"text-editor","elType":"widget"},{"id":"6bfde4b","settings":{"text":"Read More","align":"center","typography_typography":"custom","typography_font_size":{"unit":"px","size":"11"},"typography_font_weight":"700","typography_text_transform":"uppercase","button_text_color":"#2e70ce","background_color":"rgba(46,112,206,0)","hover_color":"#ffffff","button_background_hover_color":"#5286ce","border_radius":{"unit":"px","top":"30","right":"30","bottom":"30","left":"30","isLinked":"1"},"text_padding":{"unit":"em","top":"","right":"","bottom":"","left":"","isLinked":""},"_padding":{"unit":"px","top":"0","right":"0","bottom":"0","left":"0","isLinked":""},"typography_font_family":"Barlow","typography_line_height":{"unit":"em","size":"1.4"},"button_hover_border_color":"#2e70ce","hover_animation":"float","border_border":"solid","border_width":{"unit":"px","top":"0","right":"0","bottom":"0","left":"0","isLinked":"1"},"border_color":"#0055e8","icon":"fa fa-angle-right","icon_align":"right","typography_letter_spacing":{"unit":"px","size":"0.5"},"_margin":{"unit":"px","top":"20","right":"0","bottom":"0","left":"0","isLinked":""}},"elements":[],"isInner":false,"widgetType":"button","elType":"widget"}],"isInner":"1","elType":"column"},{"id":"54577954","settings":{"_column_size":"25","margin":{"unit":"px","top":"10","right":"10","bottom":"10","left":"10","isLinked":"1"},"padding":{"unit":"em","top":"2","right":"1","bottom":"2","left":"1","isLinked":""},"border_width":{"unit":"px","top":"1","right":"1","bottom":"1","left":"1","isLinked":"1"},"border_color":"#e5e5e5","border_hover_width":{"unit":"px","top":"1","right":"1","bottom":"1","left":"1","isLinked":"1"},"border_hover_color":"#01bf83","padding_tablet":{"unit":"px","top":"40","right":"15","bottom":"40","left":"15","isLinked":""},"animation":"fadeInUp","animation_duration":"fast","background_hover_background":"classic","background_hover_color":"#ffffff","background_hover_transition":{"unit":"px","size":"0.9"},"border_radius":{"unit":"px","top":"10","right":"10","bottom":"10","left":"10","isLinked":"1"},"box_shadow_hover_box_shadow_type":"yes","box_shadow_hover_box_shadow":{"horizontal":"0","vertical":"22","blur":"20","spread":"2","color":"rgba(97,192,211,0.26)"},"background_background":"classic","background_color":"#e9eff9","_inline_size_tablet":"50"},"elements":[{"id":"167219e9","settings":{"text":"4","align":"center","size":"xs","typography_typography":"custom","typography_font_family":"Noto Sans","typography_font_size":{"unit":"rem","size":"1"},"typography_font_weight":"800","background_color":"#5286ce","border_radius":{"unit":"%","top":"100","right":"100","bottom":"100","left":"100","isLinked":"1"},"text_padding":{"unit":"px","top":"4","right":"8","bottom":"4","left":"8","isLinked":""},"_margin":{"unit":"px","top":"0","right":"0","bottom":"-36","left":"-65","isLinked":""},"_z_index":"8"},"elements":[],"isInner":false,"widgetType":"button","elType":"widget"},{"id":"80a2e98","settings":{"image":{"url":"http:\/\/sitefacilitado.com.br\/membros\/wp-content\/uploads\/2020\/03\/undraw_safe_s.png","id":"4066"},"width":{"unit":"%","size":"80"},"css_filters_brightness":{"unit":"px","size":"105"},"css_filters_contrast":{"unit":"px","size":"98"},"css_filters_saturate":{"unit":"px","size":"141"},"css_filters_hue":{"unit":"px","size":"53"}},"elements":[],"isInner":false,"widgetType":"image","elType":"widget"},{"id":"5cfa42cc","settings":{"title":"Safe &amp; Secure","align":"center","title_color":"#2e70ce","typography_typography":"custom","typography_font_size":{"unit":"rem","size":"1.2"},"header_size":"h4","typography_font_family":"Noto Sans","typography_letter_spacing":{"unit":"px","size":"-0.3"},"typography_font_weight":"bold","align_mobile":"center","typography_font_size_tablet":{"unit":"rem","size":""},"typography_line_height":{"unit":"em","size":"0.4"},"_margin":{"unit":"px","top":"40","right":"0","bottom":"0","left":"4","isLinked":""},"animation_duration":"fast","_animation_delay":"300"},"elements":[],"isInner":false,"widgetType":"heading","elType":"widget"},{"id":"11160e8","settings":{"align":"center","text_color":"#3d79b5","typography_typography":"custom","typography_font_family":"Noto Sans","typography_font_size":{"unit":"rem","size":"0.9"},"typography_line_height":{"unit":"em","size":"1.4"},"editor":"<p>Your teeth will be taken care of the best possible way<\/p>","align_mobile":"center","typography_font_weight":"500","typography_font_style":"italic","_margin":{"unit":"px","top":"0","right":"0","bottom":"0","left":"0","isLinked":""},"animation_duration":"fast","_animation_delay":"500"},"elements":[],"isInner":false,"widgetType":"text-editor","elType":"widget"},{"id":"13bd7208","settings":{"text":"Read More","align":"center","typography_typography":"custom","typography_font_size":{"unit":"px","size":"11"},"typography_font_weight":"700","typography_text_transform":"uppercase","button_text_color":"#2e70ce","background_color":"rgba(46,112,206,0)","hover_color":"#ffffff","button_background_hover_color":"#5286ce","border_radius":{"unit":"px","top":"30","right":"30","bottom":"30","left":"30","isLinked":"1"},"text_padding":{"unit":"em","top":"","right":"","bottom":"","left":"","isLinked":""},"_padding":{"unit":"px","top":"0","right":"0","bottom":"0","left":"0","isLinked":""},"typography_font_family":"Barlow","typography_line_height":{"unit":"em","size":"1.4"},"button_hover_border_color":"#2e70ce","hover_animation":"float","border_border":"solid","border_width":{"unit":"px","top":"0","right":"0","bottom":"0","left":"0","isLinked":"1"},"border_color":"#0055e8","icon":"fa fa-angle-right","icon_align":"right","typography_letter_spacing":{"unit":"px","size":"0.5"},"_margin":{"unit":"px","top":"20","right":"0","bottom":"0","left":"0","isLinked":""}},"elements":[],"isInner":false,"widgetType":"button","elType":"widget"}],"isInner":"1","elType":"column"}],"isInner":"1","elType":"section"},{"id":"2694e92d","settings":{"text":"How it Works","align":"center","typography_typography":"custom","typography_font_size":{"unit":"px","size":"11"},"typography_font_weight":"700","typography_text_transform":"uppercase","button_text_color":"#ffffff","background_color":"#2e70ce","hover_color":"#ffffff","button_background_hover_color":"#5286ce","border_radius":{"unit":"px","top":"30","right":"30","bottom":"30","left":"30","isLinked":"1"},"text_padding":{"unit":"em","top":"","right":"","bottom":"","left":"","isLinked":""},"_padding":{"unit":"px","top":"0","right":"0","bottom":"0","left":"0","isLinked":""},"typography_font_family":"Noto Sans","typography_line_height":{"unit":"em","size":"1.4"},"button_hover_border_color":"#0056ce","hover_animation":"float","border_border":"solid","border_width":{"unit":"px","top":"0","right":"0","bottom":"0","left":"0","isLinked":"1"},"typography_letter_spacing":{"unit":"px","size":"0.5"},"_margin":{"unit":"px","top":"40","right":"0","bottom":"0","left":"0","isLinked":""},"size":"md","border_color":"#0055e8","button_box_shadow_box_shadow_type":"yes","button_box_shadow_box_shadow":{"horizontal":"-2","vertical":"20","blur":"32","spread":"-17","color":"rgba(97,192,211,0.84)"}},"elements":[],"isInner":false,"widgetType":"button","elType":"widget"}],"isInner":"","elType":"column"}],"isInner":"","elType":"section"},{"id":"3ae30cfb","settings":{"structure":"20","background_background":"classic","background_color":"#2e70ce","section_custom_css_pro":"","custom_css_pro":"","_timestamp_":"v1SVl0dGpxeWppajM3aXorUnB5MnNzQT09","padding":{"unit":"%","top":"3","right":"0","bottom":"3","left":"0","isLinked":""},"stretch_section":"section-stretched","content_width":{"unit":"px","size":"1350"},"custom_height":{"unit":"px","size":"700"},"background_color_stop":{"unit":"%","size":"13"},"background_color_b":"#e9eff9","background_color_b_stop":{"unit":"%","size":"98"},"background_gradient_angle":{"unit":"deg","size":"360"},"background_overlay_background":"classic","background_overlay_image":{"url":"http:\/\/sitefacilitado.com.br\/membros\/wp-content\/uploads\/2020\/03\/tic-tac-toe.png","id":"4070"},"background_overlay_opacity":{"unit":"px","size":"1"},"shape_divider_top":"waves","shape_divider_top_color":"#2e70ce","shape_divider_top_width":{"unit":"%","size":"300"},"shape_divider_top_height":{"unit":"px","size":"37"},"shape_divider_bottom_width":{"unit":"%","size":"300"},"shape_divider_bottom_height":{"unit":"px","size":"37"},"overlay_blend_mode":"multiply"},"elements":[{"id":"464e2074","settings":{"_column_size":"50","_inline_size":"55.649","padding":{"unit":"%","top":"10","right":"10","bottom":"10","left":"10","isLinked":"1"},"section_custom_css_pro":"","custom_css_pro":"","margin":{"unit":"px","top":"0","right":"0","bottom":"0","left":"0","isLinked":""},"margin_tablet":{"unit":"px","top":"20","right":"0","bottom":"20","left":"0","isLinked":""},"padding_tablet":{"unit":"px","top":"40","right":"40","bottom":"40","left":"40","isLinked":"1"},"padding_mobile":{"unit":"px","top":"0","right":"0","bottom":"0","left":"0","isLinked":"1"},"space_between_widgets":"0","z_index":"1"},"elements":[{"id":"72469070","settings":[],"elements":[{"id":"1d78e108","settings":{"_column_size":"100"},"elements":[{"id":"6b0f9d7","settings":{"title":"Questions?","align":"left","title_color":"#ffffff","typography_typography":"custom","typography_font_size":{"unit":"rem","size":"0.9"},"header_size":"h4","typography_font_family":"Noto Sans","typography_letter_spacing":{"unit":"px","size":"-0.3"},"typography_font_weight":"bold","align_mobile":"center","typography_font_size_tablet":{"unit":"rem","size":""},"typography_text_transform":"uppercase","typography_line_height":{"unit":"em","size":"0.4"},"_margin":{"unit":"px","top":"40","right":"0","bottom":"0","left":"4","isLinked":""},"_animation":"fadeInDown","animation_duration":"fast","_animation_delay":"300"},"elements":[],"isInner":false,"widgetType":"heading","elType":"widget"},{"id":"21bfd900","settings":{"title":"Free Consultation","title_color":"#ffffff","typography_typography":"custom","typography_font_size":{"unit":"rem","size":"2.5"},"typography_font_family":"Noto Sans","section_custom_css_pro":"","custom_css_pro":"","typography_font_size_tablet":{"unit":"px","size":"42"},"typography_font_weight":"300","_animation":"fadeInUp","animation_duration":"fast","align_mobile":"center","align":"left","typography_line_height":{"unit":"em","size":"0.8"},"_margin":{"unit":"px","top":"0","right":"0","bottom":"40","left":"0","isLinked":""},"_animation_delay":"300"},"elements":[],"isInner":false,"widgetType":"heading","elType":"widget"},{"id":"3b25a91d","settings":{"editor":"<p>From immunizations to checkups and\u00a0 preventive care,\u00a0 exams, our primary care physicians and providers work to keep you and your whole family healthy and strong each and every day.<\/p>","align":"left","text_color":"#ffffff","typography_typography":"custom","typography_font_size":{"unit":"rem","size":"1"},"typography_line_height":{"unit":"em","size":"1.6"},"typography_font_family":"Noto Sans","typography_font_weight":"500","_animation":"fadeIn","animation_duration":"fast","_animation_delay":"500","align_mobile":"center","_margin":{"unit":"px","top":"40","right":"0","bottom":"0","left":"0","isLinked":""},"_padding":{"unit":"%","top":"0","right":"0","bottom":"0","left":"0","isLinked":""}},"elements":[],"isInner":false,"widgetType":"text-editor","elType":"widget"},{"id":"21495e48","settings":{"text":"Meet our team","align":"left","typography_typography":"custom","typography_font_size":{"unit":"px","size":"11"},"typography_font_weight":"700","typography_text_transform":"uppercase","button_text_color":"#2e70ce","background_color":"rgba(46,112,206,0)","hover_color":"#4054b2","button_background_hover_color":"rgba(29,35,102,0)","border_radius":{"unit":"px","top":"30","right":"30","bottom":"30","left":"30","isLinked":"1"},"text_padding":{"unit":"em","top":"0","right":"0","bottom":"0","left":"0","isLinked":""},"_padding":{"unit":"px","top":"0","right":"0","bottom":"0","left":"0","isLinked":""},"typography_font_family":"Barlow","typography_line_height":{"unit":"em","size":"1.4"},"button_hover_border_color":"#2e70ce","hover_animation":"float","border_border":"solid","border_width":{"unit":"px","top":"0","right":"0","bottom":"0","left":"0","isLinked":"1"},"typography_letter_spacing":{"unit":"px","size":"0.5"},"_margin":{"unit":"px","top":"20","right":"0","bottom":"0","left":"0","isLinked":""},"size":"md","icon":"fa fa-long-arrow-right","border_color":"#0055e8"},"elements":[],"isInner":false,"widgetType":"button","elType":"widget"}],"isInner":"1","elType":"column"}],"isInner":"1","elType":"section"},{"id":"89b6e3e","settings":{"layout":"full_width","structure":"20","gap":"no"},"elements":[{"id":"51f33c1","settings":{"_column_size":"50","_inline_size":"34.206","z_index":"9","_inline_size_tablet":"50"},"elements":[{"id":"53090664","settings":{"text":"Ask a Question","align":"left","typography_typography":"custom","typography_font_size":{"unit":"rem","size":"0.8"},"typography_font_weight":"700","typography_text_transform":"uppercase","button_text_color":"#ffffff","background_color":"#47e0b0","hover_color":"#ffffff","button_background_hover_color":"#47e0b0","border_radius":{"unit":"px","top":"30","right":"30","bottom":"30","left":"30","isLinked":"1"},"text_padding":{"unit":"em","top":"","right":"","bottom":"","left":"","isLinked":""},"_padding":{"unit":"px","top":"0","right":"0","bottom":"0","left":"0","isLinked":""},"typography_font_family":"Noto Sans","typography_line_height":{"unit":"em","size":"1.4"},"button_hover_border_color":"#47e0b0","hover_animation":"float","border_border":"solid","border_width":{"unit":"px","top":"0","right":"0","bottom":"0","left":"0","isLinked":"1"},"typography_letter_spacing":{"unit":"px","size":"0.5"},"_margin":{"unit":"px","top":"40","right":"0","bottom":"0","left":"0","isLinked":""},"border_color":"#47e0b0","button_box_shadow_box_shadow_type":"yes","button_box_shadow_box_shadow":{"horizontal":"-2","vertical":"20","blur":"32","spread":"-17","color":"rgba(71,224,176,0.82)"},"link":{"url":"#overview","is_external":"","nofollow":""},"align_mobile":"center"},"elements":[],"isInner":false,"widgetType":"button","elType":"widget"}],"isInner":"1","elType":"column"},{"id":"409766a9","settings":{"_column_size":"50","_inline_size":"65.794","background_background":"classic","content_position":"bottom","_inline_size_tablet":"50"},"elements":[{"id":"47dfd120","settings":{"text":"View FAQ","align":"left","typography_typography":"custom","typography_font_size":{"unit":"px","size":"11"},"typography_font_weight":"700","typography_text_transform":"uppercase","button_text_color":"#ffffff","background_color":"rgba(46,112,206,0)","hover_color":"#ffffff","button_background_hover_color":"#5286ce","border_radius":{"unit":"px","top":"30","right":"30","bottom":"30","left":"30","isLinked":"1"},"text_padding":{"unit":"em","top":"","right":"","bottom":"","left":"","isLinked":""},"_padding":{"unit":"px","top":"0","right":"0","bottom":"0","left":"0","isLinked":""},"typography_font_family":"Noto Sans","typography_line_height":{"unit":"em","size":"1.4"},"button_hover_border_color":"#2e70ce","hover_animation":"float","border_border":"solid","border_width":{"unit":"px","top":"0","right":"0","bottom":"0","left":"0","isLinked":"1"},"typography_letter_spacing":{"unit":"px","size":"0.5"},"_margin":{"unit":"px","top":"20","right":"0","bottom":"0","left":"0","isLinked":""},"border_color":"#0055e8","icon":"fa fa-angle-right","link":{"url":"#booking","is_external":"","nofollow":""},"icon_align":"right","icon_indent":{"unit":"px","size":"9"},"align_mobile":"center"},"elements":[],"isInner":false,"widgetType":"button","elType":"widget"}],"isInner":"1","elType":"column"}],"isInner":"1","elType":"section"}],"isInner":"","elType":"column"},{"id":"5350d7e","settings":{"_column_size":"50","_inline_size":"44.352","section_custom_css_pro":"","custom_css_pro":"","margin_mobile":{"unit":"px","top":"0","right":"0","bottom":"0","left":"0","isLinked":"1"},"padding_mobile":{"unit":"px","top":"0","right":"0","bottom":"40","left":"0","isLinked":""},"content_position":"center","background_background":"classic","background_repeat":"no-repeat","background_size":"contain","background_overlay_background":"classic","background_overlay_position":"top left","background_overlay_repeat":"no-repeat","background_overlay_size":"contain","background_overlay_opacity":{"unit":"px","size":"0.94"}},"elements":[{"id":"695f1e59","settings":{"image":{"url":"http:\/\/sitefacilitado.com.br\/membros\/wp-content\/uploads\/2020\/03\/undraw_questions_trans.png","id":"4097"}},"elements":[],"isInner":false,"widgetType":"image","elType":"widget"}],"isInner":"","elType":"column"}],"isInner":"","elType":"section"}]}