{"version":"0.4","title":"M\u00e9dico 2","type":"page","content":[{"id":"43d96da7","settings":{"content_width":{"unit":"px","size":"1200"},"content_position":"middle","structure":"30","background_background":"classic","background_color":"#2e70ce","gap":"no","padding_mobile":{"unit":"px","top":"20","right":"0","bottom":"10","left":"0","isLinked":""},"stretch_section":"section-stretched","layout":"full_width","shape_divider_bottom_color":"#004ead","padding":{"unit":"%","top":"0","right":"6","bottom":"0","left":"6","isLinked":""}},"elements":[{"id":"2b71cb2d","settings":{"_column_size":"33","_inline_size":"12.029","space_between_widgets":"0","border_width":{"unit":"px","top":"0","right":"0","bottom":"0","left":"0","isLinked":"1"},"border_color":"#ffffff","box_shadow_box_shadow":{"horizontal":"0","vertical":"0","blur":"0","spread":"5","color":"rgba(244,81,56,0.5)"},"margin":{"unit":"px","top":"0","right":"0","bottom":"0","left":"0","isLinked":""},"padding":{"unit":"px","top":"5","right":"10","bottom":"5","left":"20","isLinked":""},"_inline_size_tablet":"25"},"elements":[{"id":"246b0310","settings":{"title":"Working Hours","align":"left","title_color":"#ffffff","typography_typography":"custom","typography_font_size":{"unit":"px","size":"15"},"typography_font_weight":"600","header_size":"h3","typography_font_size_tablet":{"unit":"rem","size":""},"typography_font_family":"Noto Sans","typography_letter_spacing":{"unit":"px","size":"0"},"_animation":"zoomIn","animation_duration":"fast","align_mobile":"center","_padding_mobile":{"unit":"px","top":"0","right":"0","bottom":"0","left":"0","isLinked":"1"},"typography_text_transform":"uppercase"},"elements":[],"isInner":false,"widgetType":"heading","elType":"widget"}],"isInner":"","elType":"column"},{"id":"5b0b94c8","settings":{"_column_size":"33","_inline_size":"67.352","space_between_widgets":"0","border_width":{"unit":"px","top":"0","right":"0","bottom":"0","left":"0","isLinked":"1"},"border_color":"#ffffff","box_shadow_box_shadow":{"horizontal":"0","vertical":"0","blur":"0","spread":"5","color":"rgba(244,81,56,0.5)"},"margin":{"unit":"px","top":"0","right":"0","bottom":"0","left":"0","isLinked":""},"padding":{"unit":"px","top":"5","right":"10","bottom":"5","left":"10","isLinked":""},"_inline_size_tablet":"50","padding_mobile":{"unit":"px","top":"0","right":"0","bottom":"0","left":"0","isLinked":"1"}},"elements":[{"id":"6e9aa16c","settings":{"align":"left","text_color":"#ffffff","typography_typography":"custom","typography_font_family":"Noto Sans","typography_font_size":{"unit":"px","size":"15"},"typography_line_height":{"unit":"em","size":"1.6"},"editor":"<p><b>Mon - Fri <\/b>: 08 AM - 08 PM - <b>Sat<\/b>: 08 Am - 03 PM\u00a0<\/p>","_margin":{"unit":"px","top":"0","right":"0","bottom":"0","left":"0","isLinked":""},"align_mobile":"center","typography_line_height_mobile":{"unit":"em","size":"1"},"_padding_mobile":{"unit":"px","top":"0","right":"0","bottom":"0","left":"0","isLinked":"1"},"_animation":"fadeInLeft","animation_duration":"fast","align_tablet":"center","typography_font_size_tablet":{"unit":"rem","size":"0.8"}},"elements":[],"isInner":false,"widgetType":"text-editor","elType":"widget"}],"isInner":"","elType":"column"},{"id":"159dfd23","settings":{"_column_size":"33","_inline_size":"20.615","padding":{"unit":"px","top":"5","right":"20","bottom":"5","left":"5","isLinked":""},"_inline_size_tablet":"25","space_between_widgets":"0","padding_mobile":{"unit":"px","top":"0","right":"0","bottom":"0","left":"0","isLinked":"1"}},"elements":[{"id":"7445cdc6","settings":{"align":"right","text_color":"#ffffff","typography_typography":"custom","typography_font_family":"Noto Sans","typography_font_size":{"unit":"px","size":"15"},"typography_line_height":{"unit":"em","size":"1.6"},"editor":"<p>+ 0035 558 -264-32<\/p>","_margin":{"unit":"px","top":"0","right":"0","bottom":"0","left":"0","isLinked":""},"align_mobile":"center","typography_line_height_mobile":{"unit":"em","size":"1"},"_padding_mobile":{"unit":"px","top":"0","right":"0","bottom":"0","left":"0","isLinked":"1"},"_animation":"fadeInLeft","animation_duration":"fast","typography_font_size_tablet":{"unit":"rem","size":"0.8"}},"elements":[],"isInner":false,"widgetType":"text-editor","elType":"widget"}],"isInner":"","elType":"column"}],"isInner":"","elType":"section"},{"id":"56e231c7","settings":{"stretch_section":"section-stretched","height":"min-height","custom_height":{"unit":"vh","size":"40"},"column_position":"stretch","content_position":"middle","structure":"20","background_background":"classic","background_color":"#2e70ce","background_color_stop":{"unit":"%","size":"54"},"background_color_b":"#e9eff9","background_color_b_stop":{"unit":"%","size":"95"},"background_gradient_angle":{"unit":"deg","size":"240"},"shape_divider_top_color":"#2e70ce","shape_divider_top_width":{"unit":"%","size":"300"},"shape_divider_top_height":{"unit":"px","size":"64"},"shape_divider_bottom":"waves","shape_divider_bottom_color":"#e9eff9","shape_divider_bottom_width":{"unit":"%","size":"300"},"shape_divider_bottom_height":{"unit":"px","size":"42"},"padding":{"unit":"%","top":"0","right":"6","bottom":"2","left":"6","isLinked":""},"content_width":{"unit":"px","size":"1350"},"background_overlay_background":"classic","background_overlay_image":{"url":"http:\/\/sitefacilitado.com.br\/membros\/wp-content\/uploads\/2020\/03\/hero_mask-corner.png","id":"4074"},"background_overlay_position":"top right","background_overlay_opacity":{"unit":"px","size":"1"},"shape_divider_top_above_content":"yes","shape_divider_bottom_flip":"yes","shape_divider_bottom_above_content":"yes","background_overlay_ypos":{"unit":"px","size":"11"},"background_overlay_size":"cover","background_overlay_position_tablet":"initial","background_overlay_position_mobile":"initial","background_overlay_xpos_tablet":{"unit":"vw","size":"180"},"background_overlay_xpos_mobile":{"unit":"px","size":"775"},"background_overlay_ypos_tablet":{"unit":"vh","size":"0"},"margin_tablet":{"unit":"px","top":"0","right":"0","bottom":"0","left":"0","isLinked":"1"},"padding_tablet":{"unit":"px","top":"0","right":"0","bottom":"0","left":"0","isLinked":"1"}},"elements":[{"id":"77c4cb90","settings":{"_column_size":"50","_inline_size":"50","content_position":"top","padding":{"unit":"%","top":"0","right":"0","bottom":"10","left":"4","isLinked":""},"_inline_size_tablet":"100","padding_tablet":{"unit":"em","top":"2","right":"2","bottom":"2","left":"2","isLinked":"1"},"z_index":"8"},"elements":[{"id":"7bbbf4e7","settings":{"icon":"fa fa-plus","align":"left","primary_color":"rgba(76,134,211,0.21)","size":{"unit":"px","size":"155"},"_margin":{"unit":"px","top":"0","right":"0","bottom":"80","left":"-188","isLinked":""},"_z_index":"9","_animation":"fadeInUp","_margin_tablet":{"unit":"px","top":"0","right":"0","bottom":"-102","left":"-87","isLinked":""},"hide_mobile":"hidden-phone"},"elements":[],"isInner":false,"widgetType":"icon","elType":"widget"},{"id":"186b8a1b","settings":{"icon":"fa fa-plus","align":"right","primary_color":"#4c86d3","size":{"unit":"px","size":"61"},"_margin":{"unit":"px","top":"-100","right":"50","bottom":"80","left":"0","isLinked":""},"_z_index":"9","_animation":"fadeInUp","align_tablet":"center","align_mobile":"left","_margin_tablet":{"unit":"px","top":"0","right":"0","bottom":"0","left":"0","isLinked":"1"},"_padding_tablet":{"unit":"px","top":"0","right":"0","bottom":"0","left":"0","isLinked":"1"}},"elements":[],"isInner":false,"widgetType":"icon","elType":"widget"},{"id":"6221f424","settings":{"icon":"fa fa-plus","primary_color":"#47e0b0","size":{"unit":"px","size":"24"},"_margin":{"unit":"px","top":"0","right":"0","bottom":"-28","left":"118","isLinked":""},"_z_index":"9","_animation":"fadeInUp","align":"left","align_mobile":"right","_margin_tablet":{"unit":"%","top":"","right":"","bottom":"","left":"","isLinked":"1"},"_padding_tablet":{"unit":"em","top":"","right":"","bottom":"","left":"","isLinked":"1"}},"elements":[],"isInner":false,"widgetType":"icon","elType":"widget"},{"id":"5cebfd95","settings":{"title":"Best Health Care","align":"left","title_color":"#2e70ce","typography_typography":"custom","typography_font_size":{"unit":"px","size":"65"},"typography_font_weight":"600","typography_font_family":"Noto Sans","typography_font_size_tablet":{"unit":"rem","size":""},"typography_letter_spacing":{"unit":"px","size":"-2.5"},"_animation":"fadeInUp","animation_duration":"fast","_animation_delay":"300","align_mobile":"center","_margin":{"unit":"px","top":"0","right":"0","bottom":"0","left":"-5","isLinked":""},"align_tablet":"center","typography_font_size_mobile":{"unit":"rem","size":"2.4"}},"elements":[],"isInner":false,"widgetType":"heading","elType":"widget"},{"id":"6a53f447","settings":{"title":"Feel free to be healthy.","align":"left","title_color":"#1d2366","typography_typography":"custom","typography_font_size":{"unit":"rem","size":"4"},"typography_font_weight":"300","typography_font_family":"Noto Sans","typography_font_size_tablet":{"unit":"px","size":"42"},"typography_letter_spacing":{"unit":"px","size":"-2.5"},"_animation":"fadeInUp","animation_duration":"fast","_animation_delay":"300","align_mobile":"center","typography_line_height":{"unit":"em","size":"0.8"},"_margin":{"unit":"px","top":"0","right":"0","bottom":"0","left":"-7","isLinked":""},"_z_index":"9","align_tablet":"center","typography_font_size_mobile":{"unit":"rem","size":"2.3"},"typography_line_height_mobile":{"unit":"em","size":"1"}},"elements":[],"isInner":false,"widgetType":"heading","elType":"widget"},{"id":"6f525c71","settings":{"icon":"fa fa-plus","primary_color":"#47e0b0","size":{"unit":"px","size":"80"},"_margin":{"unit":"px","top":"0","right":"-93","bottom":"-26","left":"0","isLinked":""},"_z_index":"9","_animation":"fadeInUp","align":"right","_padding":{"unit":"em","top":"0","right":"0","bottom":"0","left":"0","isLinked":""},"align_tablet":"right","_margin_tablet":{"unit":"px","top":"0","right":"0","bottom":"-120","left":"0","isLinked":""},"hide_mobile":"hidden-phone"},"elements":[],"isInner":false,"widgetType":"icon","elType":"widget"},{"id":"29214e91","settings":{"structure":"20","layout":"full_width","z_index":"9"},"elements":[{"id":"50a34839","settings":{"_column_size":"50","_inline_size":"27.568","margin":{"unit":"px","top":"0","right":"0","bottom":"40","left":"0","isLinked":""},"padding":{"unit":"em","top":"2","right":"2","bottom":"0","left":"0","isLinked":""},"content_position":"top","_inline_size_tablet":"50"},"elements":[{"id":"1e78c2ce","settings":{"text":"Book Online","align":"left","typography_typography":"custom","typography_font_size":{"unit":"px","size":"11"},"typography_font_weight":"700","typography_text_transform":"uppercase","button_text_color":"#ffffff","background_color":"#2e70ce","hover_color":"#ffffff","button_background_hover_color":"#5286ce","border_radius":{"unit":"px","top":"30","right":"30","bottom":"30","left":"30","isLinked":"1"},"text_padding":{"unit":"em","top":"","right":"","bottom":"","left":"","isLinked":""},"_padding":{"unit":"px","top":"0","right":"0","bottom":"0","left":"0","isLinked":""},"typography_font_family":"Noto Sans","typography_line_height":{"unit":"em","size":"1.4"},"button_hover_border_color":"#0056ce","hover_animation":"float","border_border":"solid","border_width":{"unit":"px","top":"0","right":"0","bottom":"0","left":"0","isLinked":"1"},"typography_letter_spacing":{"unit":"px","size":"0.5"},"_margin":{"unit":"px","top":"0","right":"0","bottom":"0","left":"0","isLinked":""},"size":"md","border_color":"#0055e8","button_box_shadow_box_shadow_type":"yes","button_box_shadow_box_shadow":{"horizontal":"-2","vertical":"20","blur":"32","spread":"-17","color":"rgba(97,192,211,0.84)"},"align_tablet":"right","align_mobile":"center"},"elements":[],"isInner":false,"widgetType":"button","elType":"widget"}],"isInner":"1","elType":"column"},{"id":"4cded21f","settings":{"_column_size":"50","_inline_size":"72.364","content_position":"bottom","padding":{"unit":"em","top":"1","right":"1","bottom":"2","left":"1","isLinked":""},"_inline_size_tablet":"50"},"elements":[{"id":"1b23adef","settings":{"image":{"url":"http:\/\/sitefacilitado.com.br\/membros\/wp-content\/uploads\/2020\/03\/icon-clock.png","id":"4075"},"title_text":"08:00 AM - 06:00 PM<br>08:00 AM - 04:00 PM","description_text":"","position":"left","image_space_mobile":{"unit":"px","size":"5"},"image_size":{"unit":"%","size":"12"},"content_vertical_alignment":"middle","title_color":"#3d79b5","title_typography_typography":"custom","title_typography_font_family":"Noto Sans","title_typography_font_size":{"unit":"px","size":"15"},"title_typography_font_weight":"bold","css_filters_css_filter":"custom","css_filters_saturate":{"unit":"px","size":"90"},"css_filters_hue":{"unit":"px","size":"64"},"_animation":"fadeIn","animation_duration":"fast","_animation_delay":"500","css_filters_brightness":{"unit":"px","size":"96"},"css_filters_contrast":{"unit":"px","size":"125"},"title_typography_line_height":{"unit":"em","size":"1.8"},"image_size_tablet":{"unit":"%","size":"12"},"text_align_mobile":"center","title_typography_font_size_mobile":{"unit":"px","size":"12"},"hide_mobile":"hidden-phone"},"elements":[],"isInner":false,"widgetType":"image-box","elType":"widget"}],"isInner":"1","elType":"column"}],"isInner":"1","elType":"section"}],"isInner":"","elType":"column"},{"id":"4dada2fc","settings":{"_column_size":"50","_inline_size":"50.028","content_position":"center","background_size":"initial","background_overlay_background":"classic","background_overlay_position":"center center","background_overlay_size":"cover","background_overlay_opacity":{"unit":"px","size":"1"},"background_background":"classic","background_image":{"url":"http:\/\/sitefacilitado.com.br\/membros\/wp-content\/uploads\/2020\/03\/undraw_workout_trans.png","id":"4076"},"background_position":"bottom center","background_xpos":{"unit":"px","size":"-50"},"background_ypos":{"unit":"px","size":"57"},"background_repeat":"no-repeat","margin":{"unit":"%","top":"6","right":"0","bottom":"0","left":"0","isLinked":""},"padding":{"unit":"em","top":"0","right":"3","bottom":"0","left":"3","isLinked":""},"_inline_size_tablet":"100","margin_tablet":{"unit":"px","top":"-159","right":"0","bottom":"0","left":"0","isLinked":""},"margin_mobile":{"unit":"px","top":"-115","right":"0","bottom":"0","left":"0","isLinked":""},"padding_tablet":{"unit":"em","top":"0","right":"0","bottom":"0","left":"0","isLinked":""},"padding_mobile":{"unit":"px","top":"0","right":"0","bottom":"0","left":"0","isLinked":"1"}},"elements":[{"id":"6c41ed90","settings":{"space":{"unit":"px","size":"194"},"space_tablet":{"unit":"px","size":"0"},"_z_index":"7"},"elements":[],"isInner":false,"widgetType":"spacer","elType":"widget"},{"id":"7789e367","settings":{"space_tablet":{"unit":"px","size":"600"},"space_mobile":{"unit":"px","size":"250"},"_margin_tablet":{"unit":"px","top":"0","right":"0","bottom":"0","left":"0","isLinked":""},"_z_index":"9"},"elements":[],"isInner":false,"widgetType":"spacer","elType":"widget"}],"isInner":"","elType":"column"}],"isInner":"","elType":"section"},{"id":"228bef79","settings":{"gap":"no","custom_height":{"unit":"px","size":"700"},"content_position":"middle","padding":{"unit":"px","top":"120","right":"0","bottom":"120","left":"0","isLinked":""},"padding_tablet":{"unit":"px","top":"80","right":"20","bottom":"80","left":"20","isLinked":""},"padding_mobile":{"unit":"px","top":"80","right":"20","bottom":"50","left":"20","isLinked":""},"content_width":{"unit":"px","size":"1200"},"background_background":"classic","background_color":"#2e70ce","border_width":{"unit":"px","top":"1","right":"0","bottom":"0","left":"0","isLinked":""},"border_color":"#d4e3f9","background_overlay_background":"classic","background_overlay_image":{"url":"http:\/\/sitefacilitado.com.br\/membros\/wp-content\/uploads\/2020\/03\/tic-tac-toe.png","id":"4070"},"background_overlay_opacity":{"unit":"px","size":"0.83"},"overlay_blend_mode":"multiply","shape_divider_top":"waves","shape_divider_top_color":"#e9eff9","shape_divider_top_height":{"unit":"px","size":"16"},"shape_divider_top_width_mobile":{"unit":"%","size":"270"}},"elements":[{"id":"7921f617","settings":{"_column_size":"100","space_between_widgets":"0"},"elements":[{"id":"5bd91613","settings":{"title":"Why choose us?","align":"center","title_color":"#ffffff","typography_typography":"custom","typography_font_size":{"unit":"rem","size":"2.5"},"typography_font_weight":"300","header_size":"h3","typography_font_family":"Noto Sans","_animation":"fadeInUp","animation_duration":"fast","align_mobile":"center","typography_font_size_tablet":{"unit":"rem","size":""},"typography_line_height":{"unit":"em","size":"0.8"},"_margin":{"unit":"px","top":"0","right":"0","bottom":"40","left":"0","isLinked":""},"_animation_delay":"300","typography_font_size_mobile":{"unit":"rem","size":"2.3"}},"elements":[],"isInner":false,"widgetType":"heading","elType":"widget"},{"id":"2e0e523b","settings":{"structure":"30","padding":{"unit":"px","top":"20","right":"0","bottom":"0","left":"0","isLinked":""},"gap":"no","content_position":"top","padding_mobile":{"unit":"px","top":"0","right":"0","bottom":"0","left":"0","isLinked":"1"}},"elements":[{"id":"49972ace","settings":{"_column_size":"33","margin":{"unit":"px","top":"10","right":"10","bottom":"10","left":"10","isLinked":"1"},"padding":{"unit":"em","top":"2","right":"2","bottom":"2","left":"2","isLinked":""},"border_width":{"unit":"px","top":"1","right":"1","bottom":"1","left":"1","isLinked":"1"},"border_color":"#e5e5e5","border_hover_width":{"unit":"px","top":"1","right":"1","bottom":"1","left":"1","isLinked":"1"},"border_hover_color":"#01bf83","padding_tablet":{"unit":"px","top":"40","right":"15","bottom":"40","left":"15","isLinked":""},"box_shadow_hover_box_shadow":{"horizontal":"0","vertical":"22","blur":"20","spread":"2","color":"rgba(97,192,211,0.26)"},"animation":"fadeInUp","animation_duration":"fast","background_hover_background":"classic","background_hover_color":"#1d2366","background_hover_transition":{"unit":"px","size":"0.9"},"border_radius":{"unit":"px","top":"10","right":"10","bottom":"10","left":"10","isLinked":"1"},"box_shadow_hover_box_shadow_type":"yes","background_background":"classic","background_color":"#2e70ce"},"elements":[{"id":"4e2c0feb","settings":{"image":{"url":"http:\/\/sitefacilitado.com.br\/membros\/wp-content\/uploads\/2020\/03\/undraw_modern_life_trans.png","id":"4077"},"width":{"unit":"%","size":"45"},"css_filters_brightness":{"unit":"px","size":"105"},"css_filters_contrast":{"unit":"px","size":"98"},"css_filters_saturate":{"unit":"px","size":"141"},"css_filters_hue":{"unit":"px","size":"53"},"width_tablet":{"unit":"%","size":"41"}},"elements":[],"isInner":false,"widgetType":"image","elType":"widget"},{"id":"1842bda","settings":{"title":"Convenient","align":"center","title_color":"#ffffff","typography_typography":"custom","typography_font_size":{"unit":"rem","size":"1.2"},"header_size":"h4","typography_font_family":"Noto Sans","typography_letter_spacing":{"unit":"px","size":"-0.3"},"typography_font_weight":"bold","align_mobile":"center","typography_font_size_tablet":{"unit":"rem","size":""},"typography_line_height":{"unit":"em","size":"0.4"},"_margin":{"unit":"px","top":"40","right":"0","bottom":"0","left":"4","isLinked":""},"animation_duration":"fast","_animation_delay":"300"},"elements":[],"isInner":false,"widgetType":"heading","elType":"widget"},{"id":"6708e17c","settings":{"align":"center","text_color":"#ffffff","typography_typography":"custom","typography_font_family":"Noto Sans","typography_font_size":{"unit":"rem","size":"0.9"},"typography_line_height":{"unit":"em","size":"1.4"},"editor":"<p>We fight the hardest conditions with hardest resources.<\/p>","align_mobile":"center","typography_font_weight":"500","typography_font_style":"italic","_margin":{"unit":"px","top":"0","right":"0","bottom":"0","left":"0","isLinked":""},"animation_duration":"fast","_animation_delay":"500","typography_font_size_tablet":{"unit":"rem","size":"0.8"}},"elements":[],"isInner":false,"widgetType":"text-editor","elType":"widget"},{"id":"7715256f","settings":{"text":"Read More","align":"center","typography_typography":"custom","typography_font_size":{"unit":"px","size":"11"},"typography_font_weight":"700","typography_text_transform":"uppercase","button_text_color":"#ffffff","background_color":"rgba(46,112,206,0)","hover_color":"#ffffff","button_background_hover_color":"#5286ce","border_radius":{"unit":"px","top":"30","right":"30","bottom":"30","left":"30","isLinked":"1"},"text_padding":{"unit":"em","top":"","right":"","bottom":"","left":"","isLinked":""},"_padding":{"unit":"px","top":"0","right":"0","bottom":"0","left":"0","isLinked":""},"typography_font_family":"Barlow","typography_line_height":{"unit":"em","size":"1.4"},"button_hover_border_color":"#2e70ce","hover_animation":"float","border_border":"solid","border_width":{"unit":"px","top":"0","right":"0","bottom":"0","left":"0","isLinked":"1"},"border_color":"#0055e8","icon":"fa fa-angle-right","icon_align":"right","typography_letter_spacing":{"unit":"px","size":"0.5"},"_margin":{"unit":"px","top":"20","right":"0","bottom":"0","left":"0","isLinked":""}},"elements":[],"isInner":false,"widgetType":"button","elType":"widget"}],"isInner":"1","elType":"column"},{"id":"5f4abf4","settings":{"_column_size":"33","margin":{"unit":"px","top":"10","right":"10","bottom":"10","left":"10","isLinked":"1"},"padding":{"unit":"em","top":"2","right":"1","bottom":"2","left":"1","isLinked":""},"border_width":{"unit":"px","top":"1","right":"1","bottom":"1","left":"1","isLinked":"1"},"border_color":"#e5e5e5","border_hover_width":{"unit":"px","top":"1","right":"1","bottom":"1","left":"1","isLinked":"1"},"border_hover_color":"#01bf83","padding_tablet":{"unit":"px","top":"40","right":"15","bottom":"40","left":"15","isLinked":""},"animation":"fadeInUp","animation_duration":"fast","background_hover_background":"classic","background_hover_color":"#e9eff9","background_hover_transition":{"unit":"px","size":"0.5"},"border_radius":{"unit":"px","top":"10","right":"10","bottom":"10","left":"10","isLinked":"1"},"box_shadow_hover_box_shadow_type":"yes","box_shadow_hover_box_shadow":{"horizontal":"-2","vertical":"1","blur":"20","spread":"2","color":"rgba(97,192,211,0.26)"},"background_background":"classic","background_color":"#ffffff","box_shadow_box_shadow_type":"yes","box_shadow_box_shadow":{"horizontal":"0","vertical":"31","blur":"19","spread":"-10","color":"rgba(97,192,211,0.26)"}},"elements":[{"id":"70685311","settings":{"image":{"url":"http:\/\/sitefacilitado.com.br\/membros\/wp-content\/uploads\/2020\/03\/undraw_friendship_trans.png","id":"4078"},"width":{"unit":"%","size":"60"},"css_filters_brightness":{"unit":"px","size":"105"},"css_filters_contrast":{"unit":"px","size":"98"},"css_filters_saturate":{"unit":"px","size":"141"},"css_filters_hue":{"unit":"px","size":"53"}},"elements":[],"isInner":false,"widgetType":"image","elType":"widget"},{"id":"4c7fb47a","settings":{"title":"Affordable","align":"center","title_color":"#2e70ce","typography_typography":"custom","typography_font_size":{"unit":"rem","size":"1.2"},"header_size":"h4","typography_font_family":"Noto Sans","typography_letter_spacing":{"unit":"px","size":"-0.3"},"typography_font_weight":"bold","align_mobile":"center","typography_font_size_tablet":{"unit":"rem","size":""},"typography_line_height":{"unit":"em","size":"0.4"},"_margin":{"unit":"px","top":"40","right":"0","bottom":"0","left":"4","isLinked":""},"animation_duration":"fast","_animation_delay":"300"},"elements":[],"isInner":false,"widgetType":"heading","elType":"widget"},{"id":"6e3c02a6","settings":{"align":"center","text_color":"#3d79b5","typography_typography":"custom","typography_font_family":"Noto Sans","typography_font_size":{"unit":"rem","size":"0.9"},"typography_line_height":{"unit":"em","size":"1.4"},"editor":"<p>Help your most hard working muscle keep working.<\/p>","align_mobile":"center","typography_font_weight":"500","typography_font_style":"italic","_margin":{"unit":"px","top":"0","right":"0","bottom":"0","left":"0","isLinked":""},"animation_duration":"fast","_animation_delay":"500","typography_font_size_tablet":{"unit":"rem","size":"0.8"}},"elements":[],"isInner":false,"widgetType":"text-editor","elType":"widget"},{"id":"56c7f8d0","settings":{"text":"Read More","align":"center","typography_typography":"custom","typography_font_size":{"unit":"px","size":"11"},"typography_font_weight":"700","typography_text_transform":"uppercase","button_text_color":"#2e70ce","background_color":"rgba(46,112,206,0)","hover_color":"#ffffff","button_background_hover_color":"#5286ce","border_radius":{"unit":"px","top":"30","right":"30","bottom":"30","left":"30","isLinked":"1"},"text_padding":{"unit":"em","top":"","right":"","bottom":"","left":"","isLinked":""},"_padding":{"unit":"px","top":"0","right":"0","bottom":"0","left":"0","isLinked":""},"typography_font_family":"Barlow","typography_line_height":{"unit":"em","size":"1.4"},"button_hover_border_color":"#2e70ce","hover_animation":"float","border_border":"solid","border_width":{"unit":"px","top":"0","right":"0","bottom":"0","left":"0","isLinked":"1"},"border_color":"#0055e8","icon":"fa fa-angle-right","icon_align":"right","typography_letter_spacing":{"unit":"px","size":"0.5"},"_margin":{"unit":"px","top":"20","right":"0","bottom":"0","left":"0","isLinked":""}},"elements":[],"isInner":false,"widgetType":"button","elType":"widget"}],"isInner":"1","elType":"column"},{"id":"7b2948e5","settings":{"_column_size":"33","margin":{"unit":"px","top":"10","right":"10","bottom":"10","left":"10","isLinked":"1"},"padding":{"unit":"em","top":"2","right":"2","bottom":"2","left":"2","isLinked":""},"border_width":{"unit":"px","top":"1","right":"1","bottom":"1","left":"1","isLinked":"1"},"border_color":"#e5e5e5","border_hover_width":{"unit":"px","top":"1","right":"1","bottom":"1","left":"1","isLinked":"1"},"border_hover_color":"#01bf83","padding_tablet":{"unit":"px","top":"40","right":"15","bottom":"40","left":"15","isLinked":""},"animation":"fadeInUp","animation_duration":"fast","background_hover_background":"classic","background_hover_color":"#1d2366","background_hover_transition":{"unit":"px","size":"0.9"},"border_radius":{"unit":"px","top":"10","right":"10","bottom":"10","left":"10","isLinked":"1"},"box_shadow_hover_box_shadow_type":"yes","box_shadow_hover_box_shadow":{"horizontal":"0","vertical":"22","blur":"20","spread":"2","color":"rgba(97,192,211,0.26)"},"background_background":"classic","background_color":"#2e70ce"},"elements":[{"id":"19b75448","settings":{"image":{"url":"http:\/\/sitefacilitado.com.br\/membros\/wp-content\/uploads\/2020\/03\/undraw_safe_s.png","id":"4066"},"width":{"unit":"%","size":"72"},"css_filters_brightness":{"unit":"px","size":"105"},"css_filters_contrast":{"unit":"px","size":"98"},"css_filters_saturate":{"unit":"px","size":"141"},"css_filters_hue":{"unit":"px","size":"53"},"_margin":{"unit":"px","top":"7","right":"0","bottom":"0","left":"0","isLinked":""}},"elements":[],"isInner":false,"widgetType":"image","elType":"widget"},{"id":"4fb2ee1a","settings":{"title":"Secure","align":"center","title_color":"#ffffff","typography_typography":"custom","typography_font_size":{"unit":"rem","size":"1.2"},"header_size":"h4","typography_font_family":"Noto Sans","typography_letter_spacing":{"unit":"px","size":"-0.3"},"typography_font_weight":"bold","align_mobile":"center","typography_font_size_tablet":{"unit":"rem","size":""},"typography_line_height":{"unit":"em","size":"0.4"},"_margin":{"unit":"px","top":"40","right":"0","bottom":"0","left":"4","isLinked":""},"animation_duration":"fast","_animation_delay":"300"},"elements":[],"isInner":false,"widgetType":"heading","elType":"widget"},{"id":"36dca3f7","settings":{"align":"center","text_color":"#ffffff","typography_typography":"custom","typography_font_family":"Noto Sans","typography_font_size":{"unit":"rem","size":"0.9"},"typography_line_height":{"unit":"em","size":"1.4"},"editor":"<p>Your teeth will be taken care of the best possible way<\/p>","align_mobile":"center","typography_font_weight":"500","typography_font_style":"italic","_margin":{"unit":"px","top":"0","right":"0","bottom":"0","left":"0","isLinked":""},"animation_duration":"fast","_animation_delay":"500","typography_font_size_tablet":{"unit":"rem","size":"0.8"}},"elements":[],"isInner":false,"widgetType":"text-editor","elType":"widget"},{"id":"6f8c7c6d","settings":{"text":"Read More","align":"center","typography_typography":"custom","typography_font_size":{"unit":"px","size":"11"},"typography_font_weight":"700","typography_text_transform":"uppercase","button_text_color":"#ffffff","background_color":"rgba(46,112,206,0)","hover_color":"#ffffff","button_background_hover_color":"#5286ce","border_radius":{"unit":"px","top":"30","right":"30","bottom":"30","left":"30","isLinked":"1"},"text_padding":{"unit":"em","top":"","right":"","bottom":"","left":"","isLinked":""},"_padding":{"unit":"px","top":"0","right":"0","bottom":"0","left":"0","isLinked":""},"typography_font_family":"Barlow","typography_line_height":{"unit":"em","size":"1.4"},"button_hover_border_color":"#2e70ce","hover_animation":"float","border_border":"solid","border_width":{"unit":"px","top":"0","right":"0","bottom":"0","left":"0","isLinked":"1"},"border_color":"#0055e8","icon":"fa fa-angle-right","icon_align":"right","typography_letter_spacing":{"unit":"px","size":"0.5"},"_margin":{"unit":"px","top":"20","right":"0","bottom":"0","left":"0","isLinked":""}},"elements":[],"isInner":false,"widgetType":"button","elType":"widget"}],"isInner":"1","elType":"column"}],"isInner":"1","elType":"section"},{"id":"f7f5b02","settings":{"text":"How it works","align":"center","typography_typography":"custom","typography_font_size":{"unit":"px","size":"11"},"typography_font_weight":"700","typography_text_transform":"uppercase","button_text_color":"#ffffff","background_color":"#47e0b0","hover_color":"#ffffff","button_background_hover_color":"#fa4a57","border_radius":{"unit":"px","top":"30","right":"30","bottom":"30","left":"30","isLinked":"1"},"text_padding":{"unit":"em","top":"","right":"","bottom":"","left":"","isLinked":""},"_padding":{"unit":"px","top":"0","right":"0","bottom":"0","left":"0","isLinked":""},"typography_font_family":"Noto Sans","typography_line_height":{"unit":"em","size":"1.4"},"button_hover_border_color":"#f92231","hover_animation":"float","border_border":"solid","border_width":{"unit":"px","top":"0","right":"0","bottom":"0","left":"0","isLinked":"1"},"typography_letter_spacing":{"unit":"px","size":"0.5"},"_margin":{"unit":"px","top":"40","right":"0","bottom":"0","left":"0","isLinked":""},"size":"md","border_color":"#47e0b0","button_box_shadow_box_shadow_type":"yes","button_box_shadow_box_shadow":{"horizontal":"-2","vertical":"20","blur":"32","spread":"-17","color":"rgba(71,224,176,0.82)"},"icon_align":"right"},"elements":[],"isInner":false,"widgetType":"button","elType":"widget"}],"isInner":"","elType":"column"}],"isInner":"","elType":"section"},{"id":"67bda4fe","settings":{"stretch_section":"section-stretched","layout":"full_width","height":"min-height","custom_height":{"unit":"vh","size":"40"},"column_position":"stretch","content_position":"middle","structure":"20","background_background":"gradient","background_color":"#ffffff","background_color_stop":{"unit":"%","size":"54"},"background_color_b":"#e9eff9","background_color_b_stop":{"unit":"%","size":"95"},"background_gradient_angle":{"unit":"deg","size":"360"},"shape_divider_top":"waves","shape_divider_top_color":"#2e70ce","shape_divider_top_width":{"unit":"%","size":"300"},"shape_divider_top_height":{"unit":"px","size":"64"},"shape_divider_bottom":"waves","shape_divider_bottom_color":"#ffffff","shape_divider_bottom_width":{"unit":"%","size":"300"},"shape_divider_bottom_height":{"unit":"px","size":"51"},"padding":{"unit":"%","top":"0","right":"6","bottom":"0","left":"6","isLinked":""},"background_overlay_background":"classic","background_overlay_image":{"url":"http:\/\/sitefacilitado.com.br\/membros\/wp-content\/uploads\/2020\/03\/blobmask2.png","id":"4079"},"background_overlay_opacity":{"unit":"px","size":"0.41"},"shape_divider_bottom_above_content":"yes","reverse_order_tablet":"reverse-tablet","reverse_order_mobile":"reverse-mobile"},"elements":[{"id":"50c3cb62","settings":{"_column_size":"50","_inline_size":"50.034","content_position":"center","background_size":"contain","background_overlay_background":"classic","background_overlay_position":"center center","background_overlay_size":"cover","background_overlay_opacity":{"unit":"px","size":"1"},"background_background":"classic","background_position":"bottom center","background_xpos":{"unit":"px","size":"-50"},"background_ypos":{"unit":"px","size":"57"},"background_repeat":"no-repeat","background_bg_width":{"unit":"%","size":"120"},"margin":{"unit":"%","top":"6","right":"0","bottom":"0","left":"0","isLinked":""},"padding":{"unit":"em","top":"0","right":"3","bottom":"0","left":"3","isLinked":""},"_inline_size_tablet":"100"},"elements":[{"id":"45529377","settings":{"image":{"url":"http:\/\/sitefacilitado.com.br\/membros\/wp-content\/uploads\/2020\/03\/undraw_press_play_trans.png","id":"4080"}},"elements":[],"isInner":false,"widgetType":"image","elType":"widget"}],"isInner":"","elType":"column"},{"id":"4ab266a4","settings":{"_column_size":"50","_inline_size":"49.994","content_position":"center","space_between_widgets":"0","padding":{"unit":"%","top":"2","right":"0","bottom":"6","left":"0","isLinked":""},"_inline_size_tablet":"100"},"elements":[{"id":"1bfe3319","settings":{"icon":"fa fa-plus","align":"left","primary_color":"#4c86d3","size":{"unit":"px","size":"61"},"_margin":{"unit":"px","top":"0","right":"0","bottom":"0","left":"0","isLinked":""},"_z_index":"9","_animation":"fadeInUp"},"elements":[],"isInner":false,"widgetType":"icon","elType":"widget"},{"id":"41004d72","settings":{"content_width":{"unit":"px","size":"460"}},"elements":[{"id":"64f5a1bb","settings":{"_column_size":"100"},"elements":[{"id":"6a6806dd","settings":{"title":"we value your privacy","align":"left","title_color":"#2e70ce","typography_typography":"custom","typography_font_size":{"unit":"rem","size":"0.9"},"header_size":"h4","typography_font_family":"Noto Sans","typography_letter_spacing":{"unit":"px","size":"-0.3"},"typography_font_weight":"bold","align_mobile":"center","typography_font_size_tablet":{"unit":"rem","size":""},"typography_text_transform":"uppercase","typography_line_height":{"unit":"em","size":"0.4"},"_margin":{"unit":"px","top":"40","right":"0","bottom":"0","left":"0","isLinked":""},"_animation":"fadeInDown","animation_duration":"fast","_animation_delay":"300"},"elements":[],"isInner":false,"widgetType":"heading","elType":"widget"},{"id":"6a41859c","settings":{"title":"Meet in the comfort of your own home.","align":"left","title_color":"#1d2366","typography_typography":"custom","typography_font_size":{"unit":"rem","size":"2.1"},"typography_font_weight":"300","header_size":"h3","typography_font_family":"Noto Sans","_animation":"fadeInUp","animation_duration":"fast","align_mobile":"center","typography_font_size_tablet":{"unit":"rem","size":""},"typography_line_height":{"unit":"em","size":"1"},"_margin":{"unit":"px","top":"20","right":"0","bottom":"0","left":"0","isLinked":""},"_animation_delay":"300","typography_font_size_mobile":{"unit":"rem","size":"1.6"}},"elements":[],"isInner":false,"widgetType":"heading","elType":"widget"},{"id":"478c01c2","settings":{"editor":"<p>From immunizations to checkups and\u00a0 preventive care,\u00a0 exams, our primary care physicians and providers work to keep you and your whole family healthy and strong each and every day.<\/p>","align":"left","text_color":"#3d79b5","typography_typography":"custom","typography_font_size":{"unit":"rem","size":"1"},"typography_line_height":{"unit":"em","size":"1.6"},"typography_font_family":"Noto Sans","typography_font_weight":"500","_animation":"fadeIn","animation_duration":"fast","_animation_delay":"500","align_mobile":"center","_margin":{"unit":"px","top":"40","right":"0","bottom":"0","left":"0","isLinked":""},"_padding":{"unit":"%","top":"0","right":"0","bottom":"0","left":"0","isLinked":""}},"elements":[],"isInner":false,"widgetType":"text-editor","elType":"widget"},{"id":"1090b2d9","settings":{"text":"All the Departments","align":"left","typography_typography":"custom","typography_font_size":{"unit":"px","size":"11"},"typography_font_weight":"700","typography_text_transform":"uppercase","button_text_color":"#2e70ce","background_color":"rgba(46,112,206,0)","hover_color":"#4054b2","button_background_hover_color":"rgba(29,35,102,0)","border_radius":{"unit":"px","top":"30","right":"30","bottom":"30","left":"30","isLinked":"1"},"text_padding":{"unit":"em","top":"0","right":"0","bottom":"0","left":"0","isLinked":""},"_padding":{"unit":"px","top":"0","right":"0","bottom":"0","left":"0","isLinked":""},"typography_font_family":"Noto Sans","typography_line_height":{"unit":"em","size":"1.4"},"button_hover_border_color":"#2e70ce","hover_animation":"float","border_border":"solid","border_width":{"unit":"px","top":"0","right":"0","bottom":"0","left":"0","isLinked":"1"},"typography_letter_spacing":{"unit":"px","size":"0.5"},"_margin":{"unit":"px","top":"20","right":"0","bottom":"0","left":"0","isLinked":""},"size":"md","icon":"fa fa-long-arrow-right","border_color":"#0055e8","align_mobile":"center"},"elements":[],"isInner":false,"widgetType":"button","elType":"widget"}],"isInner":"1","elType":"column"}],"isInner":"1","elType":"section"},{"id":"660313c2","settings":{"icon":"fa fa-plus","primary_color":"#47e0b0","size":{"unit":"px","size":"24"},"_margin":{"unit":"px","top":"0","right":"0","bottom":"-40","left":"135","isLinked":""},"_z_index":"9","_animation":"fadeInUp","align":"right"},"elements":[],"isInner":false,"widgetType":"icon","elType":"widget"}],"isInner":"","elType":"column"}],"isInner":"","elType":"section"},{"id":"58dd36c7","settings":{"stretch_section":"section-stretched","layout":"full_width","background_background":"classic","background_color":"#ffffff","padding":{"unit":"px","top":"70","right":"0","bottom":"70","left":"0","isLinked":""},"padding_tablet":{"unit":"em","top":"0","right":"0","bottom":"0","left":"0","isLinked":"1"}},"elements":[{"id":"fec8d7","settings":{"_column_size":"100"},"elements":[{"id":"328386eb","settings":{"content_width":{"unit":"px","size":"1400"},"structure":"20","margin":{"unit":"px","top":"0","right":"0","bottom":"0","left":"0","isLinked":"1"},"padding":{"unit":"px","top":"0","right":"0","bottom":"0","left":"0","isLinked":""}},"elements":[{"id":"7a7d9afb","settings":{"_column_size":"50","padding":{"unit":"%","top":"10","right":"10","bottom":"10","left":"10","isLinked":"1"},"_inline_size_tablet":"50"},"elements":[{"id":"9a69088","settings":{"title":"Frequently Asked Questions","align":"left","title_color":"#1d2366","typography_typography":"custom","typography_font_size":{"unit":"rem","size":"2.1"},"typography_font_weight":"300","header_size":"h3","typography_font_family":"Noto Sans","_animation":"fadeInUp","animation_duration":"fast","align_mobile":"center","typography_font_size_tablet":{"unit":"rem","size":"1.9"},"typography_line_height":{"unit":"em","size":"1"},"_margin":{"unit":"px","top":"20","right":"0","bottom":"0","left":"0","isLinked":""},"_animation_delay":"300","typography_font_size_mobile":{"unit":"rem","size":"1.6"}},"elements":[],"isInner":false,"widgetType":"heading","elType":"widget"},{"id":"6e8d5142","settings":{"tabs":[{"tab_title":"Accordion #1","tab_content":"Click edit button to change this text. Lorem ipsum dolor sit amet, consectetur adipiscing elit. Ut elit tellus, luctus nec ullamcorper mattis, pulvinar dapibus leo.","_id":"fa2c9ac"},{"tab_title":"Accordion #2","tab_content":"Click edit button to change this text. Lorem ipsum dolor sit amet, consectetur adipiscing elit. Ut elit tellus, luctus nec ullamcorper mattis, pulvinar dapibus leo.","_id":"ec274c2"},{"tab_title":"Accordion #2","tab_content":"Click edit button to change this text. Lorem ipsum dolor sit amet, consectetur adipiscing elit. Ut elit tellus, luctus nec ullamcorper mattis, pulvinar dapibus leo.","_id":"bf1fbf3"},{"tab_title":"Accordion #2","tab_content":"Click edit button to change this text. Lorem ipsum dolor sit amet, consectetur adipiscing elit. Ut elit tellus, luctus nec ullamcorper mattis, pulvinar dapibus leo.","_id":"ba8fa99"},{"tab_title":"Accordion #2","tab_content":"Click edit button to change this text. Lorem ipsum dolor sit amet, consectetur adipiscing elit. Ut elit tellus, luctus nec ullamcorper mattis, pulvinar dapibus leo.","_id":"ef39d7d"},{"tab_title":"Accordion #2","tab_content":"Click edit button to change this text. Lorem ipsum dolor sit amet, consectetur adipiscing elit. Ut elit tellus, luctus nec ullamcorper mattis, pulvinar dapibus leo.","_id":"b0023e7"}],"icon":"fa fa-arrow-circle-right","icon_active":"fa fa-arrow-circle-down","border_width":{"unit":"px","size":"0"},"title_color":"#3d79b5","tab_active_color":"#1d2366","title_typography_typography":"custom","title_typography_font_family":"Noto Sans","title_typography_line_height":{"unit":"em","size":"1.1"},"title_padding":{"unit":"px","top":"10","right":"0","bottom":"14","left":"0","isLinked":""},"icon_color":"#c5d6f1","content_color":"#3d79b5","content_typography_typography":"custom","content_typography_font_family":"Noto Sans","content_typography_font_size":{"unit":"rem","size":"0.9"},"content_typography_line_height":{"unit":"em","size":"1.6"},"content_padding":{"unit":"em","top":"0","right":"2","bottom":"2","left":"2","isLinked":""},"content_typography_font_size_tablet":{"unit":"rem","size":"0.9"}},"elements":[],"isInner":false,"widgetType":"accordion","elType":"widget"}],"isInner":"1","elType":"column"},{"id":"2711aca4","settings":{"_column_size":"50","padding":{"unit":"%","top":"10","right":"10","bottom":"10","left":"10","isLinked":"1"},"_inline_size_tablet":"50"},"elements":[{"id":"5fe8e425","settings":{"title":"Affordable care for day-to-day needs.","align":"left","title_color":"#1d2366","typography_typography":"custom","typography_font_size":{"unit":"rem","size":"2.1"},"typography_font_weight":"300","header_size":"h3","typography_font_family":"Noto Sans","_animation":"fadeInUp","animation_duration":"fast","align_mobile":"center","typography_font_size_tablet":{"unit":"rem","size":""},"typography_line_height":{"unit":"em","size":"1"},"_margin":{"unit":"px","top":"20","right":"0","bottom":"0","left":"4","isLinked":""},"_animation_delay":"300","typography_font_size_mobile":{"unit":"rem","size":"1.6"},"_margin_tablet":{"unit":"px","top":"0","right":"0","bottom":"40","left":"0","isLinked":""}},"elements":[],"isInner":false,"widgetType":"heading","elType":"widget"},{"id":"10a61147","settings":{"image":{"url":"http:\/\/sitefacilitado.com.br\/membros\/wp-content\/uploads\/2020\/03\/icon-science.png","id":"4081"},"thumbnail_size":"thumbnail","title_text":"Hair, Skin &amp; Nails","description_text":"Click edit button to change this text. Lorem ipsum dolor sit amet, consectetur adipiscing elit. Ut elit tellus, luctus nec ullamcorper mattis, pulvinar dapibus leo.","position":"left","image_space":{"unit":"px","size":"18"},"image_size":{"unit":"%","size":"10"},"css_filters_css_filter":"custom","css_filters_hue":{"unit":"px","size":"38"},"text_align":"left","title_bottom_space":{"unit":"px","size":"11"},"title_typography_typography":"custom","title_typography_font_family":"Noto Sans","title_typography_line_height":{"unit":"em","size":"0.1"},"description_color":"#3d79b5","description_typography_typography":"custom","description_typography_font_family":"Noto Sans","description_typography_font_size":{"unit":"rem","size":"0.9"},"description_typography_line_height":{"unit":"em","size":"1.6"},"image_size_tablet":{"unit":"%","size":"15"},"text_align_mobile":"center","title_typography_font_size_tablet":{"unit":"rem","size":"1"}},"elements":[],"isInner":false,"widgetType":"image-box","elType":"widget"},{"id":"6a906725","settings":{"image":{"url":"http:\/\/sitefacilitado.com.br\/membros\/wp-content\/uploads\/2020\/03\/icon-neuro-2.png","id":"4082"},"thumbnail_size":"thumbnail","title_text":"Mental Health","description_text":"Click edit button to change this text. Lorem ipsum dolor sit amet, consectetur adipiscing elit. Ut elit tellus, luctus nec ullamcorper mattis, pulvinar dapibus leo.","position":"left","image_space":{"unit":"px","size":"18"},"image_size":{"unit":"%","size":"10"},"css_filters_css_filter":"custom","css_filters_hue":{"unit":"px","size":"38"},"text_align":"left","title_bottom_space":{"unit":"px","size":"11"},"title_typography_typography":"custom","title_typography_font_family":"Noto Sans","title_typography_line_height":{"unit":"em","size":"0.1"},"description_color":"#3d79b5","description_typography_typography":"custom","description_typography_font_family":"Noto Sans","description_typography_font_size":{"unit":"rem","size":"0.9"},"description_typography_line_height":{"unit":"em","size":"1.6"},"image_size_tablet":{"unit":"%","size":"15"},"text_align_mobile":"center","title_typography_font_size_tablet":{"unit":"rem","size":"1"}},"elements":[],"isInner":false,"widgetType":"image-box","elType":"widget"},{"id":"e5c93e3","settings":{"image":{"url":"http:\/\/sitefacilitado.com.br\/membros\/wp-content\/uploads\/2020\/03\/icon-eye.png","id":"4083"},"thumbnail_size":"thumbnail","title_text":"Eye, Ear &amp; Sinus","description_text":"Click edit button to change this text. Lorem ipsum dolor sit amet, consectetur adipiscing elit. Ut elit tellus, luctus nec ullamcorper mattis, pulvinar dapibus leo.","position":"left","image_space":{"unit":"px","size":"18"},"image_size":{"unit":"%","size":"10"},"css_filters_css_filter":"custom","css_filters_hue":{"unit":"px","size":"38"},"text_align":"left","title_bottom_space":{"unit":"px","size":"11"},"title_typography_typography":"custom","title_typography_font_family":"Noto Sans","title_typography_line_height":{"unit":"em","size":"0.1"},"description_color":"#3d79b5","description_typography_typography":"custom","description_typography_font_family":"Noto Sans","description_typography_font_size":{"unit":"rem","size":"0.9"},"description_typography_line_height":{"unit":"em","size":"1.6"},"image_size_tablet":{"unit":"%","size":"15"},"text_align_mobile":"center","title_typography_font_size_tablet":{"unit":"rem","size":"1"}},"elements":[],"isInner":false,"widgetType":"image-box","elType":"widget"}],"isInner":"1","elType":"column"}],"isInner":"1","elType":"section"}],"isInner":"","elType":"column"}],"isInner":"","elType":"section"},{"id":"4bb56435","settings":{"stretch_section":"section-stretched","content_width":{"unit":"px","size":"1350"},"padding":{"unit":"px","top":"40","right":"0","bottom":"0","left":"0","isLinked":""},"gap":"no","height":"min-height","custom_height":{"unit":"px","size":"490"},"custom_height_tablet":{"unit":"px","size":"325"},"column_position":"bottom","content_position":"middle","background_background":"classic","background_color":"#e9eff9","background_color_b":"#e9eff9","background_color_b_stop":{"unit":"%","size":"87"},"background_gradient_type":"radial","background_position":"top center","background_repeat":"no-repeat","background_size":"initial","background_bg_width":{"unit":"%","size":"31"},"background_overlay_background":"classic","background_overlay_position":"bottom center","background_overlay_repeat":"no-repeat","background_overlay_size":"initial","background_overlay_bg_width":{"unit":"%","size":"32"},"background_overlay_opacity":{"unit":"px","size":"1"},"border_width":{"unit":"px","top":"1","right":"0","bottom":"0","left":"0","isLinked":""},"border_color":"#d4e3f9","shape_divider_top":"waves","shape_divider_top_width":{"unit":"%","size":"300"},"shape_divider_top_height":{"unit":"px","size":"51"},"shape_divider_top_flip":"yes","margin_tablet":{"unit":"px","top":"0","right":"0","bottom":"0","left":"0","isLinked":"1"},"padding_tablet":{"unit":"em","top":"1","right":"1","bottom":"1","left":"1","isLinked":"1"},"padding_mobile":{"unit":"em","top":"","right":"","bottom":"","left":"","isLinked":""}},"elements":[{"id":"356fda56","settings":{"_column_size":"100","_inline_size":"35.259","_inline_size_tablet":"100","content_position":"top","space_between_widgets":"10","background_background":"classic","background_repeat":"no-repeat","background_size":"contain","background_overlay_background":"classic","background_overlay_repeat":"no-repeat","background_overlay_size":"cover","overlay_blend_mode":"luminosity","padding":{"unit":"%","top":"4","right":"8","bottom":"8","left":"8","isLinked":""},"padding_tablet":{"unit":"px","top":"15","right":"15","bottom":"15","left":"15","isLinked":"1"},"padding_mobile":{"unit":"px","top":"0","right":"0","bottom":"0","left":"0","isLinked":"1"},"animation":"fadeInUp","animation_duration":"fast","animation_delay":"200"},"elements":[{"id":"bc0ba5c","settings":{"title":"What our patients say:","align":"left","title_color":"#2e70ce","typography_typography":"custom","typography_font_size":{"unit":"rem","size":"1.2"},"header_size":"h4","typography_font_family":"Noto Sans","typography_letter_spacing":{"unit":"px","size":"-0.3"},"typography_font_weight":"bold","align_mobile":"center","typography_font_size_tablet":{"unit":"rem","size":""},"typography_line_height":{"unit":"em","size":"0.4"},"_margin":{"unit":"px","top":"40","right":"0","bottom":"0","left":"4","isLinked":""},"animation_duration":"fast","_animation_delay":"300","align_tablet":"center","typography_line_height_tablet":{"unit":"em","size":"1"}},"elements":[],"isInner":false,"widgetType":"heading","elType":"widget"},{"id":"6fd8e22d","settings":{"testimonial_content":"Click edit button to change this text. Lorem ipsum dolor sit amet, consectetur adipiscing elit. Ut elit tellus, luctus nec ullamcorper mattis, pulvinar dapibus leo.","testimonial_image":{"url":"http:\/\/sitefacilitado.com.br\/membros\/wp-content\/uploads\/2020\/03\/testimonial-3.jpg","id":"4084"},"testimonial_image_size":"thumbnail","testimonial_name":"John Doe","testimonial_job":"Designer","testimonial_alignment":"left","content_content_color":"#3d79b5","content_typography_typography":"custom","content_typography_font_family":"Noto Sans","content_typography_font_size":{"unit":"rem","size":"1.1"},"content_typography_font_style":"italic","content_typography_line_height":{"unit":"em","size":"1.6"},"image_size":{"unit":"px","size":"40"},"name_text_color":"#2e70ce","name_typography_typography":"custom","name_typography_font_family":"Noto Sans","name_typography_font_weight":"bold","job_text_color":"#2e70ce","job_typography_typography":"custom","job_typography_font_family":"Noto Sans","job_typography_font_size":{"unit":"rem","size":"0.6"},"job_typography_font_weight":"bold","job_typography_text_transform":"uppercase","job_typography_letter_spacing":{"unit":"px","size":"0.4"},"content_typography_font_size_mobile":{"unit":"rem","size":"1"},"_padding_tablet":{"unit":"em","top":"1","right":"1","bottom":"1","left":"1","isLinked":"1"}},"elements":[],"isInner":false,"widgetType":"testimonial","elType":"widget"}],"isInner":"","elType":"column"},{"id":"48e398b2","settings":{"_column_size":"100","_inline_size":"42.89","_inline_size_tablet":"50","content_position":"bottom","background_background":"classic","background_overlay_background":"classic","background_overlay_position":"bottom center","background_overlay_repeat":"no-repeat","background_overlay_size":"contain","background_overlay_opacity":{"unit":"px","size":"1"},"overlay_blend_mode":"multiply","margin":{"unit":"px","top":"17","right":"-6","bottom":"-6","left":"-14","isLinked":""},"margin_tablet":{"unit":"px","top":"0","right":"0","bottom":"0","left":"0","isLinked":"1"},"padding":{"unit":"px","top":"0","right":"0","bottom":"0","left":"0","isLinked":"1"}},"elements":[{"id":"217c8101","settings":{"image":{"url":"http:\/\/sitefacilitado.com.br\/membros\/wp-content\/uploads\/2020\/03\/undraw_doctor_kw5l-trans.png","id":"4085"}},"elements":[],"isInner":false,"widgetType":"image","elType":"widget"}],"isInner":"","elType":"column"},{"id":"5649aee5","settings":{"_column_size":"100","_inline_size":"35.518","_inline_size_tablet":"50","content_position":"top","space_between_widgets":"10","background_background":"classic","background_repeat":"no-repeat","background_size":"contain","background_overlay_background":"classic","background_overlay_repeat":"no-repeat","background_overlay_size":"cover","overlay_blend_mode":"luminosity","padding":{"unit":"%","top":"8","right":"8","bottom":"8","left":"8","isLinked":""},"padding_tablet":{"unit":"em","top":"2","right":"2","bottom":"2","left":"2","isLinked":"1"},"padding_mobile":{"unit":"em","top":"","right":"","bottom":"","left":"","isLinked":"1"},"animation":"fadeInUp","animation_duration":"fast","animation_delay":"200"},"elements":[{"id":"7bfc8671","settings":{"testimonial_content":"Click edit button to change this text. Lorem ipsum dolor sit amet, consectetur adipiscing elit. Ut elit tellus, luctus nec ullamcorper mattis, pulvinar dapibus leo.","testimonial_image":{"url":"http:\/\/sitefacilitado.com.br\/membros\/wp-content\/uploads\/2020\/03\/testimonial-3.jpg","id":"4084"},"testimonial_image_size":"thumbnail","testimonial_name":"John Doe","testimonial_job":"Designer","testimonial_alignment":"left","content_content_color":"#3d79b5","content_typography_typography":"custom","content_typography_font_family":"Noto Sans","content_typography_font_size":{"unit":"rem","size":"0.8"},"content_typography_font_style":"italic","content_typography_line_height":{"unit":"em","size":"1.6"},"image_size":{"unit":"px","size":"40"},"name_text_color":"#2e70ce","name_typography_typography":"custom","name_typography_font_family":"Noto Sans","name_typography_font_size":{"unit":"px","size":"13"},"name_typography_font_weight":"bold","job_text_color":"#2e70ce","job_typography_typography":"custom","job_typography_font_family":"Noto Sans","job_typography_font_size":{"unit":"rem","size":"0.6"},"job_typography_font_weight":"bold","job_typography_text_transform":"uppercase","job_typography_letter_spacing":{"unit":"px","size":"0.4"}},"elements":[],"isInner":false,"widgetType":"testimonial","elType":"widget"},{"id":"235b89ae","settings":{"testimonial_content":"Click edit button to change this text. Lorem ipsum dolor sit amet, consectetur adipiscing elit. Ut elit tellus, luctus nec ullamcorper mattis, pulvinar dapibus leo.","testimonial_image":{"url":"http:\/\/sitefacilitado.com.br\/membros\/wp-content\/uploads\/2020\/03\/testimonial-3.jpg","id":"4084"},"testimonial_image_size":"thumbnail","testimonial_name":"John Doe","testimonial_job":"Designer","testimonial_alignment":"left","content_content_color":"#3d79b5","content_typography_typography":"custom","content_typography_font_family":"Noto Sans","content_typography_font_size":{"unit":"rem","size":"0.8"},"content_typography_font_style":"italic","content_typography_line_height":{"unit":"em","size":"1.6"},"image_size":{"unit":"px","size":"40"},"name_text_color":"#2e70ce","name_typography_typography":"custom","name_typography_font_family":"Noto Sans","name_typography_font_size":{"unit":"px","size":"13"},"name_typography_font_weight":"bold","job_text_color":"#2e70ce","job_typography_typography":"custom","job_typography_font_family":"Noto Sans","job_typography_font_size":{"unit":"rem","size":"0.6"},"job_typography_font_weight":"bold","job_typography_text_transform":"uppercase","job_typography_letter_spacing":{"unit":"px","size":"0.4"}},"elements":[],"isInner":false,"widgetType":"testimonial","elType":"widget"}],"isInner":"","elType":"column"}],"isInner":"","elType":"section"},{"id":"32e0883d","settings":{"stretch_section":"section-stretched","content_width":{"unit":"px","size":"700"},"custom_height":{"unit":"px","size":"700"},"background_background":"classic","background_color":"#2e70ce","background_color_stop":{"unit":"%","size":"13"},"background_color_b":"#e9eff9","background_color_b_stop":{"unit":"%","size":"98"},"background_gradient_angle":{"unit":"deg","size":"360"},"background_overlay_background":"classic","background_overlay_image":{"url":"http:\/\/sitefacilitado.com.br\/membros\/wp-content\/uploads\/2020\/03\/tic-tac-toe.png","id":"4070"},"background_overlay_opacity":{"unit":"px","size":"1"},"overlay_blend_mode":"multiply","shape_divider_top":"waves","shape_divider_top_color":"#e9eff9","shape_divider_top_width":{"unit":"%","size":"300"},"shape_divider_top_height":{"unit":"px","size":"37"},"shape_divider_bottom_width":{"unit":"%","size":"300"},"shape_divider_bottom_height":{"unit":"px","size":"37"},"padding":{"unit":"px","top":"140","right":"0","bottom":"120","left":"0","isLinked":""},"padding_mobile":{"unit":"em","top":"4","right":"1","bottom":"3","left":"1","isLinked":""}},"elements":[{"id":"67d8d2cb","settings":{"_column_size":"100"},"elements":[{"id":"39c5cdd1","settings":{"title":"Join the healthy revolution today.","align":"center","title_color":"#ffffff","typography_typography":"custom","typography_font_size":{"unit":"rem","size":"2.5"},"typography_font_weight":"300","header_size":"h3","typography_font_family":"Noto Sans","_animation":"fadeInLeft","animation_duration":"fast","align_mobile":"center","typography_font_size_tablet":{"unit":"px","size":"42"},"typography_line_height":{"unit":"em","size":"0.8"},"_margin":{"unit":"px","top":"0","right":"0","bottom":"40","left":"0","isLinked":""},"_animation_delay":"300","typography_font_size_mobile":{"unit":"rem","size":"2.3"}},"elements":[],"isInner":false,"widgetType":"heading","elType":"widget"},{"id":"7310ed07","settings":{"editor":"<p>From immunizations to checkups and\u00a0 preventive care,\u00a0 exams, our primary care physicians and providers work to keep you and your whole family healthy and strong each and every day.<\/p>","align":"center","text_color":"#ffffff","typography_typography":"custom","typography_font_size":{"unit":"rem","size":"1"},"typography_line_height":{"unit":"em","size":"1.6"},"typography_font_family":"Noto Sans","typography_font_weight":"500","_animation":"fadeInLeft","animation_duration":"fast","_animation_delay":"500","align_mobile":"center","typography_font_size_mobile":{"unit":"rem","size":"0.9"}},"elements":[],"isInner":false,"widgetType":"text-editor","elType":"widget"},{"id":"2e52bade","settings":{"text":"Sign up today","align":"center","typography_typography":"custom","typography_font_size":{"unit":"px","size":"11"},"typography_font_weight":"700","typography_text_transform":"uppercase","button_text_color":"#ffffff","background_color":"#fa4a57","hover_color":"#ffffff","button_background_hover_color":"#fa4a57","border_radius":{"unit":"px","top":"30","right":"30","bottom":"30","left":"30","isLinked":"1"},"text_padding":{"unit":"em","top":"","right":"","bottom":"","left":"","isLinked":""},"_padding":{"unit":"px","top":"0","right":"0","bottom":"0","left":"0","isLinked":""},"typography_font_family":"Noto Sans","typography_line_height":{"unit":"em","size":"1.4"},"button_hover_border_color":"#f92231","hover_animation":"float","border_border":"solid","border_width":{"unit":"px","top":"0","right":"0","bottom":"0","left":"0","isLinked":"1"},"typography_letter_spacing":{"unit":"px","size":"0.5"},"_margin":{"unit":"px","top":"40","right":"0","bottom":"0","left":"0","isLinked":""},"size":"md","border_color":"#fa4a57","button_box_shadow_box_shadow_type":"yes","button_box_shadow_box_shadow":{"horizontal":"-2","vertical":"20","blur":"32","spread":"-17","color":"rgba(221,116,102,0.84)"}},"elements":[],"isInner":false,"widgetType":"button","elType":"widget"}],"isInner":"","elType":"column"}],"isInner":"","elType":"section"}]}