{"version":"0.4","title":"M\u00e9dico 4","type":"page","content":[{"id":"425c1aa4","settings":{"content_width":{"unit":"px","size":"1200"},"content_position":"middle","structure":"30","background_background":"classic","background_color":"#2e70ce","gap":"no","padding_mobile":{"unit":"px","top":"20","right":"0","bottom":"10","left":"0","isLinked":""},"stretch_section":"section-stretched","layout":"full_width","shape_divider_bottom_color":"#004ead","padding":{"unit":"%","top":"0","right":"6","bottom":"0","left":"6","isLinked":""},"hide_mobile":"hidden-phone"},"elements":[{"id":"3ad3f4fc","settings":{"_column_size":"33","_inline_size":"12.029","space_between_widgets":"0","border_width":{"unit":"px","top":"0","right":"0","bottom":"0","left":"0","isLinked":"1"},"border_color":"#ffffff","box_shadow_box_shadow":{"horizontal":"0","vertical":"0","blur":"0","spread":"5","color":"rgba(244,81,56,0.5)"},"margin":{"unit":"px","top":"0","right":"0","bottom":"0","left":"0","isLinked":""},"padding":{"unit":"px","top":"5","right":"10","bottom":"5","left":"20","isLinked":""},"_inline_size_tablet":"25"},"elements":[{"id":"311eb910","settings":{"title":"Working Hours","align":"left","title_color":"#ffffff","typography_typography":"custom","typography_font_size":{"unit":"px","size":"15"},"typography_font_weight":"600","header_size":"h3","typography_font_size_tablet":{"unit":"rem","size":""},"typography_font_family":"Noto Sans","typography_letter_spacing":{"unit":"px","size":"0"},"_animation":"zoomIn","animation_duration":"fast","align_mobile":"center","_padding_mobile":{"unit":"px","top":"0","right":"0","bottom":"0","left":"0","isLinked":"1"},"typography_text_transform":"uppercase"},"elements":[],"isInner":false,"widgetType":"heading","elType":"widget"}],"isInner":"","elType":"column"},{"id":"7f117bb","settings":{"_column_size":"33","_inline_size":"67.352","space_between_widgets":"0","border_width":{"unit":"px","top":"0","right":"0","bottom":"0","left":"0","isLinked":"1"},"border_color":"#ffffff","box_shadow_box_shadow":{"horizontal":"0","vertical":"0","blur":"0","spread":"5","color":"rgba(244,81,56,0.5)"},"margin":{"unit":"px","top":"0","right":"0","bottom":"0","left":"0","isLinked":""},"padding":{"unit":"px","top":"5","right":"10","bottom":"5","left":"10","isLinked":""},"_inline_size_tablet":"50","padding_mobile":{"unit":"px","top":"0","right":"0","bottom":"0","left":"0","isLinked":"1"}},"elements":[{"id":"2508b697","settings":{"align":"left","text_color":"#ffffff","typography_typography":"custom","typography_font_family":"Noto Sans","typography_font_size":{"unit":"px","size":"15"},"typography_line_height":{"unit":"em","size":"1.6"},"editor":"<p><b>Mon - Fri <\/b>: 08 AM - 08 PM - <b>Sat<\/b>: 08 Am - 03 PM\u00a0<\/p>","_margin":{"unit":"px","top":"0","right":"0","bottom":"0","left":"0","isLinked":""},"align_mobile":"center","typography_line_height_mobile":{"unit":"em","size":"1"},"_padding_mobile":{"unit":"px","top":"0","right":"0","bottom":"0","left":"0","isLinked":"1"},"_animation":"fadeInLeft","animation_duration":"fast","align_tablet":"center","typography_font_size_tablet":{"unit":"rem","size":"0.8"}},"elements":[],"isInner":false,"widgetType":"text-editor","elType":"widget"}],"isInner":"","elType":"column"},{"id":"4cf2458f","settings":{"_column_size":"33","_inline_size":"20.615","padding":{"unit":"px","top":"5","right":"20","bottom":"5","left":"5","isLinked":""},"_inline_size_tablet":"25","space_between_widgets":"0","padding_mobile":{"unit":"px","top":"0","right":"0","bottom":"0","left":"0","isLinked":"1"}},"elements":[{"id":"491ffcbd","settings":{"align":"right","text_color":"#ffffff","typography_typography":"custom","typography_font_family":"Noto Sans","typography_font_size":{"unit":"px","size":"15"},"typography_line_height":{"unit":"em","size":"1.6"},"editor":"<p>+ 0035 558 -264-32<\/p>","_margin":{"unit":"px","top":"0","right":"0","bottom":"0","left":"0","isLinked":""},"align_mobile":"center","typography_line_height_mobile":{"unit":"em","size":"1"},"_padding_mobile":{"unit":"px","top":"0","right":"0","bottom":"0","left":"0","isLinked":"1"},"_animation":"fadeInLeft","animation_duration":"fast","typography_font_size_tablet":{"unit":"rem","size":"0.8"}},"elements":[],"isInner":false,"widgetType":"text-editor","elType":"widget"}],"isInner":"","elType":"column"}],"isInner":"","elType":"section"},{"id":"37841c8c","settings":{"stretch_section":"section-stretched","custom_height":{"unit":"px","size":"700"},"structure":"20","background_background":"classic","background_color":"#2e70ce","background_color_stop":{"unit":"%","size":"13"},"background_color_b":"#e9eff9","background_color_b_stop":{"unit":"%","size":"98"},"background_gradient_angle":{"unit":"deg","size":"360"},"shape_divider_top":"waves","shape_divider_top_width":{"unit":"%","size":"300"},"shape_divider_top_height":{"unit":"px","size":"37"},"padding":{"unit":"px","top":"120","right":"0","bottom":"0","left":"0","isLinked":""},"content_width":{"unit":"px","size":"1400"},"background_overlay_background":"classic","background_overlay_image":{"url":"http:\/\/sitefacilitado.com.br\/membros\/wp-content\/uploads\/2020\/03\/tic-tac-toe.png","id":"4070"},"background_overlay_opacity":{"unit":"px","size":"1"},"overlay_blend_mode":"multiply","shape_divider_top_color":"#2e70ce","shape_divider_bottom_width":{"unit":"%","size":"100"},"shape_divider_bottom_height":{"unit":"px","size":"30"},"shape_divider_bottom":"waves","shape_divider_bottom_color":"#2e70ce","shape_divider_bottom_width_mobile":{"unit":"%","size":"203"},"shape_divider_bottom_flip":"yes","shape_divider_bottom_negative":"yes","shape_divider_bottom_above_content":"yes","margin_mobile":{"unit":"px","top":"0","right":"0","bottom":"0","left":"0","isLinked":"1"},"padding_mobile":{"unit":"px","top":"0","right":"0","bottom":"0","left":"0","isLinked":"1"},"reverse_order_mobile":"reverse-mobile"},"elements":[{"id":"7fbaec89","settings":{"_column_size":"50","background_background":"classic","background_overlay_background":"classic","background_overlay_image":{"url":"http:\/\/sitefacilitado.com.br\/membros\/wp-content\/uploads\/2020\/03\/shape-white.png","id":"4105"},"background_overlay_position":"center right","background_overlay_repeat":"no-repeat","background_overlay_size":"contain","background_overlay_opacity":{"unit":"px","size":"0.85"}},"elements":[{"id":"7a8794ec","settings":{"icon":"fa fa-plus","primary_color":"#f44e4e","size":{"unit":"px","size":"24"},"_margin":{"unit":"px","top":"0","right":"0","bottom":"-40","left":"135","isLinked":""},"_z_index":"9","_animation":"bounceIn","_animation_delay":"100"},"elements":[],"isInner":false,"widgetType":"icon","elType":"widget"},{"id":"9f4b57","settings":{"content_width":{"unit":"px","size":"360"},"margin":{"unit":"px","top":"0","right":"0","bottom":"-127","left":"0","isLinked":""}},"elements":[{"id":"16207b07","settings":{"_column_size":"100","background_background":"classic","background_image":{"url":"http:\/\/sitefacilitado.com.br\/membros\/wp-content\/uploads\/2020\/03\/mobile-mockup-cc0free.png","id":"4098"},"background_position":"top center","background_size":"cover","padding":{"unit":"px","top":"0","right":"20","bottom":"15","left":"22","isLinked":""},"margin":{"unit":"px","top":"16","right":"0","bottom":"-1","left":"0","isLinked":""}},"elements":[{"id":"32c9f8cb","settings":[],"elements":[],"isInner":false,"widgetType":"spacer","elType":"widget"},{"id":"525c809a","settings":{"carousel":[{"id":"4099","url":"http:\/\/sitefacilitado.com.br\/membros\/wp-content\/uploads\/2020\/03\/undraw_modern_life_u1ev.png"},{"id":"4068","url":"http:\/\/sitefacilitado.com.br\/membros\/wp-content\/uploads\/2020\/03\/undraw_events_2p66.png"},{"id":"4101","url":"http:\/\/sitefacilitado.com.br\/membros\/wp-content\/uploads\/2020\/03\/undraw_setup_wizard_trans.png"}],"thumbnail_size":"custom","thumbnail_custom_dimension":{"width":"320","height":"480"},"slides_to_show":"1","image_stretch":"yes","dots_position":"inside","_margin":{"unit":"px","top":"0","right":"0","bottom":"-14","left":"0","isLinked":""},"_padding":{"unit":"px","top":"4","right":"5","bottom":"7","left":"6","isLinked":""},"_background_background":"classic","_background_color":"#ffffff"},"elements":[],"isInner":false,"widgetType":"image-carousel","elType":"widget"},{"id":"dba34a","settings":{"space":{"unit":"px","size":"98"}},"elements":[],"isInner":false,"widgetType":"spacer","elType":"widget"}],"isInner":"1","elType":"column"}],"isInner":"1","elType":"section"}],"isInner":"","elType":"column"},{"id":"463059e9","settings":{"_column_size":"50","padding":{"unit":"%","top":"2","right":"10","bottom":"2","left":"2","isLinked":""},"padding_tablet":{"unit":"em","top":"0","right":"1","bottom":"2","left":"1","isLinked":""}},"elements":[{"id":"5d50c45","settings":{"content_width":{"unit":"px","size":"460"},"margin":{"unit":"px","top":"0","right":"0","bottom":"0","left":"0","isLinked":"1"},"padding":{"unit":"px","top":"0","right":"0","bottom":"0","left":"0","isLinked":"1"},"layout":"full_width"},"elements":[{"id":"1ef646b5","settings":{"_column_size":"100","content_position":"top","margin":{"unit":"px","top":"0","right":"0","bottom":"0","left":"0","isLinked":"1"},"padding":{"unit":"px","top":"0","right":"0","bottom":"0","left":"0","isLinked":"1"}},"elements":[{"id":"42ab844","settings":{"icon":"fa fa-plus","primary_color":"#c5e1f9","size":{"unit":"px","size":"46"},"_margin":{"unit":"px","top":"-57","right":"0","bottom":"17","left":"-78","isLinked":""},"_z_index":"9","_animation":"bounceIn","align":"left","animation_duration":"fast","_margin_mobile":{"unit":"px","top":"0","right":"0","bottom":"0","left":"0","isLinked":"1"},"_padding_mobile":{"unit":"px","top":"0","right":"0","bottom":"0","left":"0","isLinked":"1"},"hide_mobile":"hidden-phone"},"elements":[],"isInner":false,"widgetType":"icon","elType":"widget"},{"id":"717561a9","settings":{"icon":"fa fa-plus","align":"right","primary_color":"rgba(72,144,226,0.45)","size":{"unit":"px","size":"44"},"_margin":{"unit":"px","top":"0","right":"50","bottom":"80","left":"0","isLinked":""},"_z_index":"9","_animation":"fadeInUp","animation_duration":"fast","_animation_delay":"200","align_mobile":"center","_margin_mobile":{"unit":"px","top":"-50","right":"0","bottom":"0","left":"0","isLinked":""},"_padding_mobile":{"unit":"px","top":"0","right":"0","bottom":"0","left":"0","isLinked":"1"}},"elements":[],"isInner":false,"widgetType":"icon","elType":"widget"},{"id":"576fbbb9","settings":{"title":"Best Health Care","align":"left","title_color":"#ffffff","typography_typography":"custom","typography_font_size":{"unit":"px","size":"65"},"typography_font_weight":"600","typography_font_family":"Noto Sans","typography_font_size_tablet":{"unit":"rem","size":"2.8"},"typography_letter_spacing":{"unit":"px","size":"-2.5"},"_animation":"fadeInUp","animation_duration":"fast","_animation_delay":"300","align_mobile":"center","_margin":{"unit":"px","top":"0","right":"0","bottom":"0","left":"-5","isLinked":""},"typography_font_size_mobile":{"unit":"px","size":"40"}},"elements":[],"isInner":false,"widgetType":"heading","elType":"widget"},{"id":"a750265","settings":{"title":"Your health is our priority.","align":"left","title_color":"#e9eff9","typography_typography":"custom","typography_font_size":{"unit":"rem","size":"3.4"},"typography_font_weight":"300","typography_font_family":"Noto Sans","typography_font_size_tablet":{"unit":"px","size":"42"},"typography_letter_spacing":{"unit":"px","size":"-2.5"},"_animation":"fadeInUp","animation_duration":"fast","_animation_delay":"300","align_mobile":"center","typography_line_height":{"unit":"em","size":"0.8"},"_margin":{"unit":"px","top":"0","right":"0","bottom":"0","left":"0","isLinked":""},"_z_index":"9","typography_line_height_tablet":{"unit":"em","size":"1.1"},"typography_font_size_mobile":{"unit":"rem","size":"2.4"}},"elements":[],"isInner":false,"widgetType":"heading","elType":"widget"},{"id":"bf6354f","settings":{"editor":"<p>From immunizations to checkups and\u00a0 preventive care,\u00a0 exams, our primary care physicians and providers work to keep you and your whole family healthy and strong each and every day.<\/p>","align":"left","text_color":"#ffffff","typography_typography":"custom","typography_font_size":{"unit":"rem","size":"1"},"typography_line_height":{"unit":"em","size":"1.6"},"typography_font_family":"Noto Sans","typography_font_weight":"500","_animation":"fadeIn","animation_duration":"fast","_animation_delay":"500","align_mobile":"center","_margin":{"unit":"px","top":"40","right":"0","bottom":"0","left":"0","isLinked":""},"_padding":{"unit":"%","top":"0","right":"0","bottom":"0","left":"0","isLinked":""},"typography_font_size_mobile":{"unit":"rem","size":"0.8"}},"elements":[],"isInner":false,"widgetType":"text-editor","elType":"widget"}],"isInner":"1","elType":"column"}],"isInner":"1","elType":"section"},{"id":"cb5539d","settings":{"layout":"full_width","structure":"20"},"elements":[{"id":"1463d25f","settings":{"_column_size":"50","_inline_size":"36.201","_inline_size_tablet":"60","_inline_size_mobile":"100"},"elements":[{"id":"d359d16","settings":{"text":"Get The App","align":"left","typography_typography":"custom","typography_font_size":{"unit":"px","size":"11"},"typography_font_weight":"700","typography_text_transform":"uppercase","button_text_color":"#ffffff","background_color":"#47e0b0","hover_color":"#ffffff","button_background_hover_color":"#fa4a57","border_radius":{"unit":"px","top":"30","right":"30","bottom":"30","left":"30","isLinked":"1"},"text_padding":{"unit":"em","top":"","right":"","bottom":"","left":"","isLinked":""},"_padding":{"unit":"px","top":"0","right":"0","bottom":"0","left":"0","isLinked":""},"typography_font_family":"Noto Sans","typography_line_height":{"unit":"em","size":"1.4"},"button_hover_border_color":"#f92231","hover_animation":"float","border_border":"solid","border_width":{"unit":"px","top":"0","right":"0","bottom":"0","left":"0","isLinked":"1"},"typography_letter_spacing":{"unit":"px","size":"0.5"},"_margin":{"unit":"px","top":"0","right":"0","bottom":"0","left":"0","isLinked":""},"size":"md","border_color":"#47e0b0","button_box_shadow_box_shadow_type":"yes","button_box_shadow_box_shadow":{"horizontal":"-2","vertical":"20","blur":"32","spread":"-17","color":"rgba(71,224,176,0.82)"},"icon":"fa fa-cloud-download","align_mobile":"center"},"elements":[],"isInner":false,"widgetType":"button","elType":"widget"}],"isInner":"1","elType":"column"},{"id":"e3bb535","settings":{"_column_size":"50","_inline_size":"63.799","_inline_size_tablet":"40","_inline_size_mobile":"100","content_position":"top","padding_mobile":{"unit":"px","top":"14","right":"0","bottom":"0","left":"0","isLinked":""}},"elements":[{"id":"449bed44","settings":{"text":"Pick a Doctor","align":"left","typography_typography":"custom","typography_font_size":{"unit":"px","size":"11"},"typography_font_weight":"700","typography_text_transform":"uppercase","button_text_color":"#ffffff","background_color":"rgba(46,112,206,0)","hover_color":"#47e0b0","button_background_hover_color":"rgba(29,35,102,0)","border_radius":{"unit":"px","top":"30","right":"30","bottom":"30","left":"30","isLinked":"1"},"text_padding":{"unit":"em","top":"0","right":"0","bottom":"0","left":"0","isLinked":""},"_padding":{"unit":"px","top":"0","right":"0","bottom":"0","left":"0","isLinked":""},"typography_font_family":"Noto Sans","typography_line_height":{"unit":"em","size":"1"},"button_hover_border_color":"#47e0b0","hover_animation":"float","border_border":"solid","border_width":{"unit":"px","top":"0","right":"0","bottom":"0","left":"0","isLinked":"1"},"typography_letter_spacing":{"unit":"px","size":"0.5"},"_margin":{"unit":"px","top":"10","right":"0","bottom":"0","left":"0","isLinked":""},"size":"md","icon":"fa fa-medkit","border_color":"#47e0b0","align_mobile":"center","_margin_mobile":{"unit":"px","top":"-14","right":"0","bottom":"0","left":"0","isLinked":""}},"elements":[],"isInner":false,"widgetType":"button","elType":"widget"}],"isInner":"1","elType":"column"}],"isInner":"1","elType":"section"}],"isInner":"","elType":"column"}],"isInner":"","elType":"section"},{"id":"19d89f79","settings":{"stretch_section":"section-stretched","height":"min-height","custom_height":{"unit":"vh","size":"50"},"column_position":"stretch","content_position":"middle","background_background":"classic","background_color":"#2e70ce","background_color_stop":{"unit":"%","size":"54"},"background_color_b":"#e9eff9","background_color_b_stop":{"unit":"%","size":"95"},"background_gradient_angle":{"unit":"deg","size":"0"},"shape_divider_top":"waves","shape_divider_top_color":"#2e70ce","shape_divider_top_width":{"unit":"%","size":"100"},"shape_divider_top_height":{"unit":"px","size":"44"},"shape_divider_bottom_color":"#e9eff9","shape_divider_bottom_width":{"unit":"%","size":"300"},"shape_divider_bottom_height":{"unit":"px","size":"42"},"padding":{"unit":"%","top":"6","right":"6","bottom":"2","left":"6","isLinked":""},"content_width":{"unit":"px","size":"1350"},"background_overlay_background":"classic","background_overlay_image":{"url":"http:\/\/sitefacilitado.com.br\/membros\/wp-content\/uploads\/2020\/03\/hero_mask-corner.png","id":"4074"},"background_overlay_position":"top right","background_overlay_position_tablet":"top center","background_overlay_size":"cover","background_overlay_opacity":{"unit":"px","size":"1"},"shape_divider_top_flip":"yes","shape_divider_top_above_content":"yes","shape_divider_bottom_flip":"yes","shape_divider_bottom_above_content":"yes","shape_divider_top_width_mobile":{"unit":"%","size":"300"},"margin_mobile":{"unit":"px","top":"0","right":"0","bottom":"0","left":"0","isLinked":"1"},"padding_tablet":{"unit":"em","top":"1","right":"1","bottom":"1","left":"1","isLinked":"1"},"padding_mobile":{"unit":"em","top":"0","right":"0","bottom":"0","left":"0","isLinked":""}},"elements":[{"id":"7edf5885","settings":{"_column_size":"100","content_position":"center","background_background":"classic","background_overlay_background":"classic","background_overlay_position":"bottom right","background_overlay_repeat":"no-repeat","background_overlay_size":"contain","background_overlay_opacity":{"unit":"px","size":"1"},"overlay_blend_mode":"multiply","margin":{"unit":"px","top":"81","right":"0","bottom":"-30","left":"0","isLinked":""},"margin_mobile":{"unit":"px","top":"0","right":"0","bottom":"0","left":"0","isLinked":"1"},"padding_mobile":{"unit":"em","top":"1","right":"1","bottom":"1","left":"1","isLinked":"1"}},"elements":[{"id":"21621f3b","settings":{"layout":"full_width","structure":"20","margin_mobile":{"unit":"px","top":"0","right":"0","bottom":"0","left":"0","isLinked":"1"},"padding_mobile":{"unit":"px","top":"0","right":"0","bottom":"0","left":"0","isLinked":"1"}},"elements":[{"id":"6694acc2","settings":{"_column_size":"50","_inline_size":"36.767","_inline_size_tablet":"50","z_index":"9"},"elements":[{"id":"ca636d4","settings":{"title":"For your peace of mind","align":"left","title_color":"#2e70ce","typography_typography":"custom","typography_font_size":{"unit":"rem","size":"0.9"},"header_size":"h4","typography_font_family":"Noto Sans","typography_letter_spacing":{"unit":"px","size":"-0.3"},"typography_font_weight":"bold","align_mobile":"center","typography_font_size_tablet":{"unit":"rem","size":""},"typography_text_transform":"uppercase","typography_line_height":{"unit":"em","size":"0.4"},"_margin":{"unit":"px","top":"40","right":"0","bottom":"0","left":"4","isLinked":""},"_animation":"fadeInDown","animation_duration":"fast","_animation_delay":"300"},"elements":[],"isInner":false,"widgetType":"heading","elType":"widget"},{"id":"1a08bfec","settings":{"title":"Qualified specialists in each department.","align":"left","title_color":"#1d2366","typography_typography":"custom","typography_font_size":{"unit":"rem","size":"2.5"},"typography_font_weight":"300","header_size":"h3","typography_font_family":"Noto Sans","_animation":"fadeInUp","animation_duration":"fast","align_mobile":"center","typography_font_size_tablet":{"unit":"rem","size":"1.9"},"typography_line_height":{"unit":"em","size":"1"},"_margin":{"unit":"px","top":"0","right":"0","bottom":"40","left":"-3","isLinked":""},"_animation_delay":"300"},"elements":[],"isInner":false,"widgetType":"heading","elType":"widget"},{"id":"287c6b4f","settings":{"editor":"<p>From immunizations to checkups and\u00a0 preventive care,\u00a0 exams, our primary care physicians and providers work to keep you and your whole family healthy and strong each and every day.<\/p>","align":"left","text_color":"#3d79b5","typography_typography":"custom","typography_font_size":{"unit":"rem","size":"1"},"typography_line_height":{"unit":"em","size":"1.6"},"typography_font_family":"Noto Sans","typography_font_weight":"500","_animation":"fadeIn","animation_duration":"fast","_animation_delay":"500","align_mobile":"center","typography_font_size_tablet":{"unit":"rem","size":"0.9"},"typography_font_size_mobile":{"unit":"rem","size":"0.8"}},"elements":[],"isInner":false,"widgetType":"text-editor","elType":"widget"},{"id":"6303ee72","settings":{"text":"Meet our doctors","align":"left","typography_typography":"custom","typography_font_size":{"unit":"rem","size":"0.7"},"typography_font_weight":"700","typography_text_transform":"uppercase","button_text_color":"#ffffff","background_color":"#2e70ce","hover_color":"#ffffff","button_background_hover_color":"#5286ce","border_radius":{"unit":"px","top":"30","right":"30","bottom":"30","left":"30","isLinked":"1"},"text_padding":{"unit":"em","top":"","right":"","bottom":"","left":"","isLinked":""},"_padding":{"unit":"px","top":"0","right":"0","bottom":"0","left":"0","isLinked":""},"typography_font_family":"Noto Sans","typography_line_height":{"unit":"em","size":"1.4"},"button_hover_border_color":"#0056ce","hover_animation":"float","border_border":"solid","border_width":{"unit":"px","top":"0","right":"0","bottom":"0","left":"0","isLinked":"1"},"typography_letter_spacing":{"unit":"px","size":"0.5"},"_margin":{"unit":"px","top":"40","right":"0","bottom":"0","left":"0","isLinked":""},"size":"md","border_color":"#0055e8","button_box_shadow_box_shadow_type":"yes","button_box_shadow_box_shadow":{"horizontal":"-2","vertical":"20","blur":"32","spread":"-17","color":"rgba(97,192,211,0.84)"},"align_mobile":"center"},"elements":[],"isInner":false,"widgetType":"button","elType":"widget"}],"isInner":"1","elType":"column"},{"id":"1944e5ae","settings":{"_column_size":"50","_inline_size":"63.233","_inline_size_tablet":"50","content_position":"center","background_background":"classic"},"elements":[{"id":"691078c","settings":{"image":{"url":"http:\/\/sitefacilitado.com.br\/membros\/wp-content\/uploads\/2020\/03\/undraw_friendship_trans.png","id":"4078"},"width":{"unit":"%","size":"100"},"_margin":{"unit":"px","top":"-67","right":"-67","bottom":"-67","left":"-67","isLinked":"1"},"_margin_mobile":{"unit":"px","top":"0","right":"0","bottom":"0","left":"0","isLinked":"1"}},"elements":[],"isInner":false,"widgetType":"image","elType":"widget"}],"isInner":"1","elType":"column"}],"isInner":"1","elType":"section"}],"isInner":"","elType":"column"}],"isInner":"","elType":"section"},{"id":"13abc0ff","settings":{"gap":"no","custom_height":{"unit":"px","size":"700"},"content_position":"middle","padding":{"unit":"px","top":"60","right":"0","bottom":"40","left":"0","isLinked":""},"padding_tablet":{"unit":"em","top":"1","right":"1","bottom":"1","left":"1","isLinked":"1"},"padding_mobile":{"unit":"px","top":"50","right":"20","bottom":"50","left":"20","isLinked":""},"content_width":{"unit":"px","size":"1350"},"background_background":"classic","background_color":"#ffffff","border_width":{"unit":"px","top":"1","right":"0","bottom":"0","left":"0","isLinked":""},"border_color":"#d4e3f9","structure":"30"},"elements":[{"id":"38b70ff8","settings":{"_column_size":"33","margin":{"unit":"px","top":"10","right":"10","bottom":"10","left":"10","isLinked":"1"},"padding":{"unit":"em","top":"3","right":"3","bottom":"3","left":"3","isLinked":"1"},"border_width":{"unit":"px","top":"1","right":"1","bottom":"1","left":"1","isLinked":"1"},"border_color":"#e5e5e5","border_hover_width":{"unit":"px","top":"1","right":"1","bottom":"1","left":"1","isLinked":"1"},"border_hover_color":"#01bf83","padding_tablet":{"unit":"px","top":"40","right":"15","bottom":"40","left":"15","isLinked":""},"box_shadow_hover_box_shadow":{"horizontal":"0","vertical":"22","blur":"20","spread":"2","color":"rgba(97,192,211,0.26)"},"animation":"fadeInUp","animation_duration":"fast","background_hover_background":"classic","background_hover_color":"#ffffff","background_hover_transition":{"unit":"px","size":"0.9"},"border_radius":{"unit":"px","top":"10","right":"10","bottom":"10","left":"10","isLinked":"1"},"box_shadow_hover_box_shadow_type":"yes","background_background":"classic","background_color":"#e9eff9","_inline_size_tablet":"50"},"elements":[{"id":"73b7f927","settings":{"image":{"url":"http:\/\/sitefacilitado.com.br\/membros\/wp-content\/uploads\/2020\/03\/icon-science.png","id":"4081"},"thumbnail_size":"thumbnail","title_text":"Hair Skin & Nails","description_text":"Click edit button to change this","position":"left","image_space":{"unit":"px","size":"17"},"image_size":{"unit":"%","size":"18"},"css_filters_css_filter":"custom","css_filters_hue":{"unit":"px","size":"59"},"text_align":"left","content_vertical_alignment":"middle","title_bottom_space":{"unit":"px","size":"5"},"title_typography_typography":"custom","title_typography_font_family":"Noto Sans","title_typography_line_height":{"unit":"em","size":"1.6"},"description_color":"#3d79b5","description_typography_typography":"custom","description_typography_font_family":"Noto Sans","description_typography_font_size":{"unit":"rem","size":"0.9"},"description_typography_line_height":{"unit":"em","size":"1.6"},"_padding":{"unit":"%","top":"0","right":"0","bottom":"0","left":"0","isLinked":""},"css_filters_saturate":{"unit":"px","size":"70"},"image_space_mobile":{"unit":"px","size":"0"},"image_size_mobile":{"unit":"%","size":"17"},"text_align_mobile":"center"},"elements":[],"isInner":false,"widgetType":"image-box","elType":"widget"},{"id":"7fd45367","settings":{"icon_list":[{"text":"Hair Loss & Thinning","icon":"fa fa-check","_id":"01a3a6f","link":{"url":"","is_external":"","nofollow":""},"selected_icon":{"value":"fas fa-check","library":"fa-solid"}},{"text":"Acne","icon":"fa fa-check","_id":"aa9a382","link":{"url":"","is_external":"","nofollow":""},"selected_icon":{"value":"fas fa-check","library":"fa-solid"}},{"text":"Rosacea","icon":"fa fa-check","_id":"8c5fc64","link":{"url":"","is_external":"","nofollow":""},"selected_icon":{"value":"fas fa-check","library":"fa-solid"}},{"text":"Skin Barrier Health","icon":"fa fa-check","link":{"url":"","is_external":"","nofollow":""},"_id":"f6735a7","selected_icon":{"value":"fas fa-check","library":"fa-solid"}},{"text":"Anti-Ageing","icon":"fa fa-check","link":{"url":"","is_external":"","nofollow":""},"_id":"3d2274b","selected_icon":{"value":"fas fa-check","library":"fa-solid"}},{"text":"Rashes & Allergies","icon":"fa fa-check","link":{"url":"","is_external":"","nofollow":""},"_id":"f270871","selected_icon":{"value":"fas fa-check","library":"fa-solid"}}],"space_between":{"unit":"px","size":"4"},"icon_align":"left","divider_style":"dotted","divider_weight":{"unit":"px","size":"2"},"divider_height":{"unit":"%","size":"20"},"icon_color":"#c2d8f9","icon_size":{"unit":"px","size":"16"},"text_color":"#2e70ce","text_color_hover":"#6b94ce","text_indent":{"unit":"px","size":"10"},"icon_typography_typography":"custom","icon_typography_font_family":"Noto Sans","icon_typography_font_size":{"unit":"rem","size":"0.8"},"icon_typography_font_weight":"bold","icon_typography_line_height":{"unit":"em","size":"2"},"_padding":{"unit":"%","top":"0","right":"0","bottom":"0","left":"16","isLinked":""},"_animation":"fadeInDown"},"elements":[],"isInner":false,"widgetType":"icon-list","elType":"widget"},{"id":"4a0d689e","settings":{"content_position":"middle","padding":{"unit":"px","top":"0","right":"0","bottom":"20","left":"0","isLinked":""}},"elements":[{"id":"18d9390d","settings":{"_column_size":"100"},"elements":[{"id":"713a2d9a","settings":{"icon_list":[{"text":"Choose a Doctor","icon":"fa fa-stethoscope","_id":"9faf0ed","link":{"url":"#","is_external":"","nofollow":""},"selected_icon":{"value":"fas fa-check","library":"fa-solid"}},{"text":"More Info","icon":"fa fa-long-arrow-right","_id":"3e7024b","link":{"url":"#","is_external":"","nofollow":""},"selected_icon":{"value":"fas fa-check","library":"fa-solid"}}],"space_between":{"unit":"px","size":"25"},"icon_align":"left","divider_weight":{"unit":"px","size":"2"},"divider_height":{"unit":"%","size":"100"},"icon_color":"#2e70ce","icon_size":{"unit":"px","size":"16"},"text_color":"#2e70ce","text_color_hover":"#6b94ce","icon_typography_typography":"custom","icon_typography_font_family":"Noto Sans","icon_typography_font_size":{"unit":"px","size":"11"},"icon_typography_line_height":{"unit":"em","size":"2"},"view":"inline","_animation":"fadeInUp","divider":"yes","divider_color":"rgba(64,84,178,0.17)","text_indent":{"unit":"px","size":"10"},"icon_typography_font_weight":"bold","icon_typography_text_transform":"uppercase","icon_align_mobile":"center"},"elements":[],"isInner":false,"widgetType":"icon-list","elType":"widget"}],"isInner":"1","elType":"column"}],"isInner":"1","elType":"section"}],"isInner":"","elType":"column"},{"id":"63d375f9","settings":{"_column_size":"33","margin":{"unit":"px","top":"10","right":"10","bottom":"10","left":"10","isLinked":"1"},"padding":{"unit":"em","top":"3","right":"3","bottom":"3","left":"3","isLinked":"1"},"border_width":{"unit":"px","top":"1","right":"1","bottom":"1","left":"1","isLinked":"1"},"border_color":"#e5e5e5","border_hover_width":{"unit":"px","top":"1","right":"1","bottom":"1","left":"1","isLinked":"1"},"border_hover_color":"#01bf83","padding_tablet":{"unit":"px","top":"40","right":"15","bottom":"40","left":"15","isLinked":""},"box_shadow_hover_box_shadow":{"horizontal":"0","vertical":"22","blur":"20","spread":"2","color":"rgba(97,192,211,0.26)"},"animation":"fadeInUp","animation_duration":"fast","background_hover_background":"classic","background_hover_color":"#ffffff","background_hover_transition":{"unit":"px","size":"0.9"},"border_radius":{"unit":"px","top":"10","right":"10","bottom":"10","left":"10","isLinked":"1"},"box_shadow_hover_box_shadow_type":"yes","background_background":"classic","background_color":"#e9eff9","_inline_size_tablet":"50"},"elements":[{"id":"44dc25ce","settings":{"image":{"url":"http:\/\/sitefacilitado.com.br\/membros\/wp-content\/uploads\/2020\/03\/icon-eye.png","id":"4083"},"thumbnail_size":"thumbnail","title_text":"Eye Ear & Sinus","description_text":"Click edit button to change this","position":"left","image_space":{"unit":"px","size":"17"},"image_size":{"unit":"%","size":"18"},"css_filters_css_filter":"custom","css_filters_hue":{"unit":"px","size":"59"},"text_align":"left","content_vertical_alignment":"middle","title_bottom_space":{"unit":"px","size":"5"},"title_typography_typography":"custom","title_typography_font_family":"Noto Sans","title_typography_line_height":{"unit":"em","size":"1.6"},"description_color":"#3d79b5","description_typography_typography":"custom","description_typography_font_family":"Noto Sans","description_typography_font_size":{"unit":"rem","size":"0.9"},"description_typography_line_height":{"unit":"em","size":"1.6"},"_padding":{"unit":"%","top":"0","right":"0","bottom":"0","left":"0","isLinked":""},"css_filters_saturate":{"unit":"px","size":"70"},"image_space_mobile":{"unit":"px","size":"0"},"image_size_mobile":{"unit":"%","size":"17"},"text_align_mobile":"center"},"elements":[],"isInner":false,"widgetType":"image-box","elType":"widget"},{"id":"762d01e1","settings":{"icon_list":[{"text":"Hearing Loss","icon":"fa fa-check","_id":"01a3a6f","link":{"url":"","is_external":"","nofollow":""},"selected_icon":{"value":"fas fa-check","library":"fa-solid"}},{"text":"Vision Loss","icon":"fa fa-check","_id":"aa9a382","link":{"url":"","is_external":"","nofollow":""},"selected_icon":{"value":"fas fa-check","library":"fa-solid"}},{"text":"Irritation & Mild Infection","icon":"fa fa-plus","_id":"8c5fc64","link":{"url":"","is_external":"","nofollow":""},"selected_icon":{"value":"fas fa-check","library":"fa-solid"}},{"text":"Common Colds","icon":"fa fa-check","link":{"url":"","is_external":"","nofollow":""},"_id":"72829d8","selected_icon":{"value":"fas fa-check","library":"fa-solid"}},{"text":"Tinnitus","icon":"fa fa-check","link":{"url":"","is_external":"","nofollow":""},"_id":"cf0ea96","selected_icon":{"value":"fas fa-check","library":"fa-solid"}},{"text":"General Health","icon":"fa fa-check","link":{"url":"","is_external":"","nofollow":""},"_id":"54346a6","selected_icon":{"value":"fas fa-check","library":"fa-solid"}}],"space_between":{"unit":"px","size":"4"},"icon_align":"left","divider_style":"dotted","divider_weight":{"unit":"px","size":"2"},"divider_height":{"unit":"%","size":"20"},"icon_color":"#c2d8f9","icon_size":{"unit":"px","size":"16"},"text_color":"#2e70ce","text_color_hover":"#6b94ce","text_indent":{"unit":"px","size":"10"},"icon_typography_typography":"custom","icon_typography_font_family":"Noto Sans","icon_typography_font_size":{"unit":"rem","size":"0.8"},"icon_typography_font_weight":"bold","icon_typography_line_height":{"unit":"em","size":"2"},"_padding":{"unit":"%","top":"0","right":"0","bottom":"0","left":"16","isLinked":""},"_animation":"fadeInDown"},"elements":[],"isInner":false,"widgetType":"icon-list","elType":"widget"},{"id":"635c5820","settings":{"content_position":"middle","padding":{"unit":"px","top":"0","right":"0","bottom":"20","left":"0","isLinked":""}},"elements":[{"id":"18e7ed3b","settings":{"_column_size":"100"},"elements":[{"id":"7bd3a460","settings":{"icon_list":[{"text":"Choose a Doctor","icon":"fa fa-stethoscope","_id":"9faf0ed","link":{"url":"#","is_external":"","nofollow":""},"selected_icon":{"value":"fas fa-check","library":"fa-solid"}},{"text":"More Info","icon":"fa fa-long-arrow-right","_id":"3e7024b","link":{"url":"#","is_external":"","nofollow":""},"selected_icon":{"value":"fas fa-check","library":"fa-solid"}}],"space_between":{"unit":"px","size":"25"},"icon_align":"left","divider_weight":{"unit":"px","size":"2"},"divider_height":{"unit":"%","size":"100"},"icon_color":"#2e70ce","icon_size":{"unit":"px","size":"16"},"text_color":"#2e70ce","text_color_hover":"#6b94ce","icon_typography_typography":"custom","icon_typography_font_family":"Noto Sans","icon_typography_font_size":{"unit":"px","size":"11"},"icon_typography_line_height":{"unit":"em","size":"2"},"view":"inline","_animation":"fadeInUp","divider":"yes","divider_color":"rgba(64,84,178,0.17)","text_indent":{"unit":"px","size":"10"},"icon_typography_font_weight":"bold","icon_typography_text_transform":"uppercase","icon_align_mobile":"center"},"elements":[],"isInner":false,"widgetType":"icon-list","elType":"widget"}],"isInner":"1","elType":"column"}],"isInner":"1","elType":"section"}],"isInner":"","elType":"column"},{"id":"17622e9c","settings":{"_column_size":"33","margin":{"unit":"px","top":"10","right":"10","bottom":"10","left":"10","isLinked":"1"},"padding":{"unit":"em","top":"3","right":"3","bottom":"3","left":"3","isLinked":"1"},"border_width":{"unit":"px","top":"1","right":"1","bottom":"1","left":"1","isLinked":"1"},"border_color":"#e5e5e5","border_hover_width":{"unit":"px","top":"1","right":"1","bottom":"1","left":"1","isLinked":"1"},"border_hover_color":"#01bf83","padding_tablet":{"unit":"px","top":"40","right":"15","bottom":"40","left":"15","isLinked":""},"box_shadow_hover_box_shadow":{"horizontal":"0","vertical":"22","blur":"20","spread":"2","color":"rgba(97,192,211,0.26)"},"animation":"fadeInUp","animation_duration":"fast","background_hover_background":"classic","background_hover_color":"#ffffff","background_hover_transition":{"unit":"px","size":"0.9"},"border_radius":{"unit":"px","top":"10","right":"10","bottom":"10","left":"10","isLinked":"1"},"box_shadow_hover_box_shadow_type":"yes","background_background":"classic","background_color":"#e9eff9","_inline_size_tablet":"100"},"elements":[{"id":"3a04b6ab","settings":{"image":{"url":"http:\/\/sitefacilitado.com.br\/membros\/wp-content\/uploads\/2020\/03\/icon-neuro-2.png","id":"4082"},"thumbnail_size":"thumbnail","title_text":"Mental Health","description_text":"Click edit button to change this","position":"left","image_space":{"unit":"px","size":"17"},"image_size":{"unit":"%","size":"18"},"css_filters_css_filter":"custom","css_filters_hue":{"unit":"px","size":"59"},"text_align":"left","content_vertical_alignment":"middle","title_bottom_space":{"unit":"px","size":"5"},"title_typography_typography":"custom","title_typography_font_family":"Noto Sans","title_typography_line_height":{"unit":"em","size":"1.6"},"description_color":"#3d79b5","description_typography_typography":"custom","description_typography_font_family":"Noto Sans","description_typography_font_size":{"unit":"rem","size":"0.9"},"description_typography_line_height":{"unit":"em","size":"1.6"},"_padding":{"unit":"%","top":"0","right":"0","bottom":"0","left":"0","isLinked":""},"css_filters_saturate":{"unit":"px","size":"70"},"image_space_mobile":{"unit":"px","size":"0"},"image_size_mobile":{"unit":"%","size":"17"},"text_align_mobile":"center"},"elements":[],"isInner":false,"widgetType":"image-box","elType":"widget"},{"id":"506b985c","settings":{"icon_list":[{"text":"Grief Counseling","icon":"fa fa-check","_id":"01a3a6f","link":{"url":"","is_external":"","nofollow":""},"selected_icon":{"value":"fas fa-check","library":"fa-solid"}},{"text":"Stress & Anxiety","icon":"fa fa-calendar-check-o","_id":"aa9a382","link":{"url":"","is_external":"","nofollow":""},"selected_icon":{"value":"fas fa-check","library":"fa-solid"}},{"text":"Depression (non-chronic)","icon":"fa fa-calendar-check-o","_id":"8c5fc64","link":{"url":"","is_external":"","nofollow":""},"selected_icon":{"value":"fas fa-check","library":"fa-solid"}},{"text":"Eating Disorders","icon":"fa fa-check","link":{"url":"","is_external":"","nofollow":""},"_id":"57c8938","selected_icon":{"value":"fas fa-check","library":"fa-solid"}},{"text":"General Health","icon":"fa fa-check","link":{"url":"","is_external":"","nofollow":""},"_id":"85b50ea","selected_icon":{"value":"fas fa-check","library":"fa-solid"}},{"text":"PTSD","icon":"fa fa-check","link":{"url":"","is_external":"","nofollow":""},"_id":"0c81dd9","selected_icon":{"value":"fas fa-check","library":"fa-solid"}}],"space_between":{"unit":"px","size":"4"},"icon_align":"left","divider_style":"dotted","divider_weight":{"unit":"px","size":"2"},"divider_height":{"unit":"%","size":"20"},"icon_color":"#c2d8f9","icon_size":{"unit":"px","size":"16"},"text_color":"#2e70ce","text_color_hover":"#6b94ce","text_indent":{"unit":"px","size":"10"},"icon_typography_typography":"custom","icon_typography_font_family":"Noto Sans","icon_typography_font_size":{"unit":"rem","size":"0.8"},"icon_typography_font_weight":"bold","icon_typography_line_height":{"unit":"em","size":"2"},"_padding":{"unit":"%","top":"0","right":"0","bottom":"0","left":"16","isLinked":""},"_animation":"fadeInDown"},"elements":[],"isInner":false,"widgetType":"icon-list","elType":"widget"},{"id":"7757fbb","settings":{"content_position":"middle","padding":{"unit":"px","top":"0","right":"0","bottom":"20","left":"0","isLinked":""}},"elements":[{"id":"4314476e","settings":{"_column_size":"100"},"elements":[{"id":"5cfd311e","settings":{"icon_list":[{"text":"Choose a Doctor","icon":"fa fa-stethoscope","_id":"9faf0ed","link":{"url":"#","is_external":"","nofollow":""},"selected_icon":{"value":"fas fa-check","library":"fa-solid"}},{"text":"More Info","icon":"fa fa-long-arrow-right","_id":"3e7024b","link":{"url":"#","is_external":"","nofollow":""},"selected_icon":{"value":"fas fa-check","library":"fa-solid"}}],"space_between":{"unit":"px","size":"25"},"icon_align":"left","divider_weight":{"unit":"px","size":"2"},"divider_height":{"unit":"%","size":"100"},"icon_color":"#2e70ce","icon_size":{"unit":"px","size":"16"},"text_color":"#2e70ce","text_color_hover":"#6b94ce","icon_typography_typography":"custom","icon_typography_font_family":"Noto Sans","icon_typography_font_size":{"unit":"px","size":"11"},"icon_typography_line_height":{"unit":"em","size":"2"},"view":"inline","_animation":"fadeInUp","divider":"yes","divider_color":"rgba(64,84,178,0.17)","text_indent":{"unit":"px","size":"10"},"icon_typography_font_weight":"bold","icon_typography_text_transform":"uppercase","icon_align_mobile":"center"},"elements":[],"isInner":false,"widgetType":"icon-list","elType":"widget"}],"isInner":"1","elType":"column"}],"isInner":"1","elType":"section"}],"isInner":"","elType":"column"}],"isInner":"","elType":"section"},{"id":"401cbac3","settings":{"stretch_section":"section-stretched","content_width":{"unit":"px","size":"1350"},"structure":"30","shape_divider_bottom":"waves","shape_divider_bottom_color":"#e9eff9","shape_divider_bottom_width":{"unit":"%","size":"156"},"shape_divider_bottom_height":{"unit":"px","size":"32"},"shape_divider_bottom_flip":"yes","shape_divider_bottom_negative":"yes","padding":{"unit":"%","top":"3","right":"0","bottom":"0","left":"0","isLinked":""},"background_background":"classic","background_color":"#ffffff"},"elements":[{"id":"6e995154","settings":{"_column_size":"33","_inline_size":"31.185","_inline_size_tablet":"100","content_position":"top","space_between_widgets":"10","background_background":"classic","background_repeat":"no-repeat","background_size":"contain","background_overlay_background":"classic","background_overlay_repeat":"no-repeat","background_overlay_size":"cover","overlay_blend_mode":"luminosity","padding":{"unit":"%","top":"4","right":"8","bottom":"8","left":"8","isLinked":""},"padding_tablet":{"unit":"px","top":"15","right":"15","bottom":"15","left":"15","isLinked":"1"},"padding_mobile":{"unit":"px","top":"0","right":"0","bottom":"0","left":"0","isLinked":"1"},"animation":"fadeInUp","animation_duration":"fast","animation_delay":"200"},"elements":[{"id":"1ca02aa9","settings":{"title":"What our patients say:","align":"left","title_color":"#2e70ce","typography_typography":"custom","typography_font_size":{"unit":"rem","size":"1.2"},"header_size":"h4","typography_font_family":"Noto Sans","typography_letter_spacing":{"unit":"px","size":"-0.3"},"typography_font_weight":"bold","align_mobile":"center","typography_font_size_tablet":{"unit":"rem","size":""},"typography_line_height":{"unit":"em","size":"0.4"},"_margin":{"unit":"px","top":"40","right":"0","bottom":"0","left":"4","isLinked":""},"animation_duration":"fast","_animation_delay":"300","align_tablet":"center","typography_line_height_tablet":{"unit":"em","size":"1"}},"elements":[],"isInner":false,"widgetType":"heading","elType":"widget"},{"id":"2e48006e","settings":{"slides":[{"content":"I am slide content. Click edit button to change this text. Lorem ipsum dolor sit amet, consectetur adipiscing elit. Ut elit tellus, luctus nec ullamcorper mattis, pulvinar dapibus leo.","name":"John Doe","title":"CEO","image":{"url":"http:\/\/sitefacilitado.com.br\/membros\/wp-content\/uploads\/2020\/03\/management-01.jpg","id":"4095"},"_id":"cb80e9c"},{"content":"I am slide content. Click edit button to change this text. Lorem ipsum dolor sit amet, consectetur adipiscing elit. Ut elit tellus, luctus nec ullamcorper mattis, pulvinar dapibus leo.","name":"John Doe","title":"CEO","image":{"url":"http:\/\/sitefacilitado.com.br\/membros\/wp-content\/uploads\/2020\/03\/testimonial-2.jpg","id":"4096"},"_id":"8b7ff4c"},{"content":"I am slide content. Click edit button to change this text. Lorem ipsum dolor sit amet, consectetur adipiscing elit. Ut elit tellus, luctus nec ullamcorper mattis, pulvinar dapibus leo.","name":"John Doe","title":"CEO","image":{"url":"http:\/\/sitefacilitado.com.br\/membros\/wp-content\/uploads\/2020\/03\/testimonial-3.jpg","id":"4084"},"_id":"473a3c0"}],"alignment":"left","slides_per_view_tablet":"2","width":{"unit":"%","size":"100"},"width_tablet":{"unit":"%","size":"100"},"show_arrows":"","content_color":"#3d79b5","content_typography_typography":"custom","content_typography_font_family":"Noto Sans","content_typography_font_size":{"unit":"rem","size":"1.1"},"name_color":"#2e70ce","name_typography_typography":"custom","name_typography_font_family":"Noto Sans","title_color":"#1d2366","title_typography_typography":"custom","title_typography_font_family":"Noto Sans","title_typography_font_size":{"unit":"rem","size":"0.7"},"title_typography_font_weight":"bold","arrows_color":"#b1c9e2","pagination_color":"#e9eff9","width_mobile":{"unit":"px","size":"311"},"content_typography_font_size_mobile":{"unit":"rem","size":"0.8"}},"elements":[],"isInner":false,"widgetType":"testimonial-carousel","elType":"widget"}],"isInner":"","elType":"column"},{"id":"292c5941","settings":{"_column_size":"33","_inline_size":"36.89","_inline_size_tablet":"50","content_position":"center","background_background":"classic","background_overlay_background":"classic","background_overlay_image":{"url":"http:\/\/sitefacilitado.com.br\/membros\/wp-content\/uploads\/2020\/03\/undraw_group_chat_v059.png","id":"4067"},"background_overlay_position":"bottom center","background_overlay_repeat":"no-repeat","background_overlay_size":"contain","background_overlay_opacity":{"unit":"px","size":"1"},"overlay_blend_mode":"multiply","margin":{"unit":"px","top":"17","right":"-6","bottom":"-6","left":"-14","isLinked":""},"margin_tablet":{"unit":"px","top":"0","right":"0","bottom":"0","left":"0","isLinked":"1"},"padding":{"unit":"px","top":"0","right":"0","bottom":"0","left":"0","isLinked":"1"}},"elements":[{"id":"169ed799","settings":{"space":{"unit":"px","size":"381"},"_background_image":{"url":"http:\/\/sitefacilitado.com.br\/membros\/wp-content\/uploads\/2020\/03\/undraw_group_chat_v059.png","id":"4067"},"_background_position":"bottom center","_background_size":"cover","space_mobile":{"unit":"px","size":"213"}},"elements":[],"isInner":false,"widgetType":"spacer","elType":"widget"}],"isInner":"","elType":"column"},{"id":"62b4c37","settings":{"_column_size":"33","_inline_size":"31.921","_inline_size_tablet":"50","content_position":"top","space_between_widgets":"10","background_background":"classic","background_repeat":"no-repeat","background_size":"contain","background_overlay_background":"classic","background_overlay_repeat":"no-repeat","background_overlay_size":"cover","overlay_blend_mode":"luminosity","padding":{"unit":"%","top":"8","right":"8","bottom":"8","left":"8","isLinked":""},"padding_tablet":{"unit":"em","top":"2","right":"2","bottom":"2","left":"2","isLinked":"1"},"padding_mobile":{"unit":"em","top":"","right":"","bottom":"","left":"","isLinked":"1"},"animation":"fadeInUp","animation_duration":"fast","animation_delay":"200"},"elements":[{"id":"7c01b586","settings":{"testimonial_content":"Click edit button to change this text. Lorem ipsum dolor sit amet, consectetur adipiscing elit. Ut elit tellus, luctus nec ullamcorper mattis, pulvinar dapibus leo.","testimonial_image":{"url":"http:\/\/sitefacilitado.com.br\/membros\/wp-content\/uploads\/2020\/03\/testimonial-3.jpg","id":"4084"},"testimonial_image_size":"thumbnail","testimonial_name":"John Doe","testimonial_job":"Designer","testimonial_alignment":"left","content_content_color":"#3d79b5","content_typography_typography":"custom","content_typography_font_family":"Noto Sans","content_typography_font_size":{"unit":"rem","size":"0.8"},"content_typography_font_style":"italic","content_typography_line_height":{"unit":"em","size":"1.6"},"image_size":{"unit":"px","size":"40"},"name_text_color":"#2e70ce","name_typography_typography":"custom","name_typography_font_family":"Noto Sans","name_typography_font_size":{"unit":"px","size":"13"},"name_typography_font_weight":"bold","job_text_color":"#2e70ce","job_typography_typography":"custom","job_typography_font_family":"Noto Sans","job_typography_font_size":{"unit":"rem","size":"0.6"},"job_typography_font_weight":"bold","job_typography_text_transform":"uppercase","job_typography_letter_spacing":{"unit":"px","size":"0.4"}},"elements":[],"isInner":false,"widgetType":"testimonial","elType":"widget"},{"id":"2ed329bb","settings":{"testimonial_content":"Click edit button to change this text. Lorem ipsum dolor sit amet, consectetur adipiscing elit. Ut elit tellus, luctus nec ullamcorper mattis, pulvinar dapibus leo.","testimonial_image":{"url":"http:\/\/sitefacilitado.com.br\/membros\/wp-content\/uploads\/2020\/03\/testimonial-3.jpg","id":"4084"},"testimonial_image_size":"thumbnail","testimonial_name":"John Doe","testimonial_job":"Designer","testimonial_alignment":"left","content_content_color":"#3d79b5","content_typography_typography":"custom","content_typography_font_family":"Noto Sans","content_typography_font_size":{"unit":"rem","size":"0.8"},"content_typography_font_style":"italic","content_typography_line_height":{"unit":"em","size":"1.6"},"image_size":{"unit":"px","size":"40"},"name_text_color":"#2e70ce","name_typography_typography":"custom","name_typography_font_family":"Noto Sans","name_typography_font_size":{"unit":"px","size":"13"},"name_typography_font_weight":"bold","job_text_color":"#2e70ce","job_typography_typography":"custom","job_typography_font_family":"Noto Sans","job_typography_font_size":{"unit":"rem","size":"0.6"},"job_typography_font_weight":"bold","job_typography_text_transform":"uppercase","job_typography_letter_spacing":{"unit":"px","size":"0.4"}},"elements":[],"isInner":false,"widgetType":"testimonial","elType":"widget"}],"isInner":"","elType":"column"}],"isInner":"","elType":"section"},{"id":"90d3a26","settings":{"gap":"no","custom_height":{"unit":"px","size":"700"},"content_position":"middle","padding":{"unit":"px","top":"120","right":"0","bottom":"120","left":"0","isLinked":""},"padding_tablet":{"unit":"px","top":"80","right":"20","bottom":"80","left":"20","isLinked":""},"padding_mobile":{"unit":"px","top":"50","right":"20","bottom":"50","left":"20","isLinked":""},"content_width":{"unit":"px","size":"1350"},"background_background":"classic","background_color":"#e9eff9","border_width":{"unit":"px","top":"1","right":"0","bottom":"0","left":"0","isLinked":""},"border_color":"#d4e3f9","background_overlay_background":"classic","background_overlay_opacity":{"unit":"px","size":"0.83"},"overlay_blend_mode":"multiply","color_link":"#51a6e2"},"elements":[{"id":"3545064a","settings":{"_column_size":"100","space_between_widgets":"0"},"elements":[{"id":"3a8e3abe","settings":{"title":"A plan for everyone.","align":"center","title_color":"#1d2366","typography_typography":"custom","typography_font_size":{"unit":"rem","size":"2.5"},"typography_font_weight":"300","header_size":"h3","typography_font_family":"Noto Sans","_animation":"fadeInUp","animation_duration":"fast","align_mobile":"center","typography_font_size_tablet":{"unit":"px","size":"42"},"typography_line_height":{"unit":"em","size":"0.8"},"_margin":{"unit":"px","top":"0","right":"0","bottom":"40","left":"0","isLinked":""},"_animation_delay":"300","typography_font_size_mobile":{"unit":"rem","size":"2.3"}},"elements":[],"isInner":false,"widgetType":"heading","elType":"widget"},{"id":"6c443e67","settings":{"layout":"full_width","gap":"extended","content_position":"top","structure":"30","padding":{"unit":"%","top":"2","right":"6","bottom":"2","left":"6","isLinked":""},"padding_mobile":{"unit":"px","top":"0","right":"0","bottom":"0","left":"0","isLinked":"1"},"margin_tablet":{"unit":"px","top":"0","right":"0","bottom":"0","left":"0","isLinked":"1"},"padding_tablet":{"unit":"px","top":"0","right":"0","bottom":"0","left":"0","isLinked":"1"}},"elements":[{"id":"381bfa54","settings":{"_column_size":"33","_inline_size_tablet":"100","margin_mobile":{"unit":"px","top":"40","right":"0","bottom":"0","left":"0","isLinked":""},"padding_tablet":{"unit":"em","top":"2","right":"2","bottom":"2","left":"2","isLinked":"1"},"padding_mobile":{"unit":"px","top":"0","right":"0","bottom":"0","left":"0","isLinked":"1"}},"elements":[{"id":"d9897f3","settings":{"heading":"Personal","sub_heading":"One checkin per month","price":"39.99","period":"Monthly","features_list":[{"item_text":"Free 24\/7 support","item_icon":"fa fa-plus","_id":"68bb18a","item_icon_color":"","selected_item_icon":{"value":"far fa-check-circle","library":"fa-regular"}},{"item_text":"Followups","item_icon":"fa fa-calendar-plus-o","_id":"217dd0b","item_icon_color":"","selected_item_icon":{"value":"far fa-check-circle","library":"fa-regular"}},{"item_text":"e-record access","item_icon":"fa fa-address-book","_id":"14f9a2b","item_icon_color":"","selected_item_icon":{"value":"far fa-check-circle","library":"fa-regular"}},{"item_text":"referrals","item_icon":"fa fa-medkit","_id":"237e2f6","item_icon_color":"","selected_item_icon":{"value":"far fa-check-circle","library":"fa-regular"}}],"button_text":"Sign Up Now","footer_additional_info":"<a href=\"#\">Learn More<\/a>","show_ribbon":"","ribbon_title":"Popular","ribbon_horizontal_position":"left","header_bg_color":"rgba(46,112,206,0)","heading_color":"#ffffff","heading_typography_typography":"custom","heading_typography_font_family":"Noto Sans","heading_typography_font_size":{"unit":"rem","size":"1.8"},"heading_typography_font_weight":"300","heading_typography_line_height":{"unit":"em","size":"1.8"},"sub_heading_color":"#ffffff","sub_heading_typography_typography":"custom","sub_heading_typography_font_family":"Noto Sans","sub_heading_typography_font_size":{"unit":"rem","size":"0.9"},"sub_heading_typography_font_style":"italic","pricing_element_bg_color":"rgba(0,0,0,0)","price_color":"#ffffff","price_typography_typography":"custom","price_typography_font_family":"Noto Sans","period_color":"#e9eff9","period_typography_typography":"custom","period_typography_font_family":"Noto Sans","period_typography_font_size":{"unit":"rem","size":"0.9"},"features_list_bg_color":"rgba(0,0,0,0)","features_list_color":"#e9eff9","features_list_typography_typography":"custom","features_list_typography_font_family":"Noto Sans","features_list_typography_font_size":{"unit":"rem","size":"0.8"},"features_list_typography_font_weight":"600","features_list_typography_text_transform":"uppercase","features_list_typography_letter_spacing":{"unit":"px","size":"0.5"},"features_list_alignment":"left","item_width":{"unit":"px","size":"50"},"list_divider":"","footer_bg_color":"rgba(0,0,0,0)","button_text_color":"#ffffff","button_typography_typography":"custom","button_typography_font_family":"Noto Sans","button_typography_font_size":{"unit":"rem","size":"0.8"},"button_typography_font_weight":"bold","button_typography_text_transform":"uppercase","button_typography_letter_spacing":{"unit":"px","size":"0.6"},"button_background_color":"#47e0b0","button_border_radius":{"unit":"px","top":"30","right":"30","bottom":"30","left":"30","isLinked":"1"},"button_background_hover_color":"#fa4a57","additional_info_color":"#e9eff9","additional_info_typography_typography":"custom","additional_info_typography_font_family":"Noto Sans KR","additional_info_typography_font_size":{"unit":"rem","size":"0.8"},"additional_info_typography_text_decoration":"underline","ribbon_bg_color":"#fa4a57","ribbon_distance":{"unit":"px","size":"43"},"ribbon_typography_typography":"custom","ribbon_typography_font_family":"Noto Sans","ribbon_typography_font_size":{"unit":"rem","size":"0.7"},"ribbon_typography_font_weight":"bold","ribbon_typography_font_style":"italic","ribbon_typography_letter_spacing":{"unit":"px","size":"0.8"},"animation_duration":"fast","_background_background":"classic","_background_color":"#2e70ce","_border_radius":{"unit":"px","top":"10","right":"10","bottom":"10","left":"10","isLinked":"1"},"_box_shadow_box_shadow":{"horizontal":"-1","vertical":"27","blur":"19","spread":"-8","color":"rgba(97,192,211,0.26)"},"_box_shadow_hover_box_shadow_type":"yes","_box_shadow_hover_box_shadow":{"horizontal":"-1","vertical":"27","blur":"18","spread":"-2","color":"rgba(97,192,211,0.26)"},"item_width_tablet":{"unit":"px","size":"28"},"item_width_mobile":{"unit":"px","size":"54"},"_padding_tablet":{"unit":"em","top":"2","right":"2","bottom":"2","left":"2","isLinked":"1"},"_padding_mobile":{"unit":"px","top":"0","right":"0","bottom":"0","left":"0","isLinked":"1"}},"elements":[],"isInner":false,"widgetType":"price-table","elType":"widget"}],"isInner":"1","elType":"column"},{"id":"5ebfe328","settings":{"_column_size":"33","_inline_size_tablet":"100","margin_mobile":{"unit":"px","top":"40","right":"0","bottom":"0","left":"0","isLinked":""},"padding_tablet":{"unit":"em","top":"2","right":"2","bottom":"2","left":"2","isLinked":"1"},"padding_mobile":{"unit":"px","top":"0","right":"0","bottom":"0","left":"0","isLinked":"1"}},"elements":[{"id":"15a12881","settings":{"heading":"Family","sub_heading":"One checkin for up to 3","price":"69.99","period":"Monthly","features_list":[{"item_text":"Free 24\/7 support","item_icon":"fa fa-life-bouy","_id":"68bb18a","item_icon_color":"","selected_item_icon":{"value":"far fa-check-circle","library":"fa-regular"}},{"item_text":"Followups","item_icon":"fa fa-wechat","_id":"217dd0b","item_icon_color":"","selected_item_icon":{"value":"far fa-check-circle","library":"fa-regular"}},{"item_text":"e-record access","item_icon":"fa fa-address-book","_id":"14f9a2b","item_icon_color":"","selected_item_icon":{"value":"far fa-check-circle","library":"fa-regular"}},{"item_text":"referrals","item_icon":"fa fa-medkit","_id":"237e2f6","item_icon_color":"","selected_item_icon":{"value":"far fa-check-circle","library":"fa-regular"}}],"button_text":"Sign Up Now","footer_additional_info":"<a href=\"#\">Learn More<\/a>","ribbon_title":"Popular","ribbon_horizontal_position":"left","header_bg_color":"rgba(46,112,206,0)","heading_color":"#2e70ce","heading_typography_typography":"custom","heading_typography_font_family":"Noto Sans","heading_typography_font_size":{"unit":"rem","size":"1.8"},"heading_typography_font_weight":"300","heading_typography_line_height":{"unit":"em","size":"1.8"},"sub_heading_color":"#2e70ce","sub_heading_typography_typography":"custom","sub_heading_typography_font_family":"Noto Sans","sub_heading_typography_font_size":{"unit":"rem","size":"0.9"},"sub_heading_typography_font_style":"italic","pricing_element_bg_color":"rgba(0,0,0,0)","price_color":"#2e70ce","price_typography_typography":"custom","price_typography_font_family":"Noto Sans","period_color":"#3d79b5","period_typography_typography":"custom","period_typography_font_family":"Noto Sans","period_typography_font_size":{"unit":"rem","size":"0.9"},"features_list_bg_color":"rgba(0,0,0,0)","features_list_color":"#2e70ce","features_list_typography_typography":"custom","features_list_typography_font_family":"Noto Sans","features_list_typography_font_size":{"unit":"rem","size":"0.8"},"features_list_typography_font_weight":"600","features_list_typography_text_transform":"uppercase","features_list_typography_letter_spacing":{"unit":"px","size":"0.5"},"features_list_alignment":"left","item_width":{"unit":"px","size":"51"},"list_divider":"","footer_bg_color":"rgba(0,0,0,0)","button_text_color":"#ffffff","button_typography_typography":"custom","button_typography_font_family":"Noto Sans","button_typography_font_size":{"unit":"rem","size":"0.8"},"button_typography_font_weight":"bold","button_typography_text_transform":"uppercase","button_typography_letter_spacing":{"unit":"px","size":"0.6"},"button_background_color":"#47e0b0","button_border_radius":{"unit":"px","top":"30","right":"30","bottom":"30","left":"30","isLinked":"1"},"button_background_hover_color":"#fa4a57","additional_info_color":"#e9eff9","additional_info_typography_typography":"custom","additional_info_typography_font_family":"Noto Sans KR","additional_info_typography_font_size":{"unit":"rem","size":"0.8"},"additional_info_typography_text_decoration":"underline","ribbon_bg_color":"#fa4a57","ribbon_distance":{"unit":"px","size":"43"},"ribbon_typography_typography":"custom","ribbon_typography_font_family":"Noto Sans","ribbon_typography_font_size":{"unit":"rem","size":"0.7"},"ribbon_typography_font_weight":"bold","ribbon_typography_font_style":"italic","ribbon_typography_letter_spacing":{"unit":"px","size":"0.8"},"animation_duration":"fast","_background_background":"classic","_background_color":"#ffffff","_border_radius":{"unit":"px","top":"10","right":"10","bottom":"10","left":"10","isLinked":"1"},"_box_shadow_hover_box_shadow_type":"yes","_box_shadow_hover_box_shadow":{"horizontal":"-1","vertical":"27","blur":"18","spread":"-2","color":"rgba(97,192,211,0.26)"},"item_width_tablet":{"unit":"px","size":"27"},"item_width_mobile":{"unit":"px","size":"54"},"_padding_tablet":{"unit":"em","top":"2","right":"2","bottom":"2","left":"2","isLinked":"1"},"_padding_mobile":{"unit":"px","top":"0","right":"0","bottom":"0","left":"0","isLinked":"1"}},"elements":[],"isInner":false,"widgetType":"price-table","elType":"widget"}],"isInner":"1","elType":"column"},{"id":"179fec42","settings":{"_column_size":"33","_inline_size_tablet":"100","margin_mobile":{"unit":"px","top":"40","right":"0","bottom":"0","left":"0","isLinked":""},"padding_tablet":{"unit":"em","top":"2","right":"2","bottom":"2","left":"2","isLinked":"1"},"padding_mobile":{"unit":"px","top":"0","right":"0","bottom":"0","left":"0","isLinked":"1"}},"elements":[{"id":"13035195","settings":{"heading":"Ongoing Care","sub_heading":"One checkin per week","price":"99.99","period":"Monthly","features_list":[{"item_text":"Free 24\/7 support","item_icon":"fa fa-plus","_id":"68bb18a","item_icon_color":"","selected_item_icon":{"value":"far fa-check-circle","library":"fa-regular"}},{"item_text":"Followups","item_icon":"fa fa-calendar-plus-o","_id":"217dd0b","item_icon_color":"","selected_item_icon":{"value":"far fa-check-circle","library":"fa-regular"}},{"item_text":"e-record access","item_icon":"fa fa-address-book","_id":"14f9a2b","item_icon_color":"","selected_item_icon":{"value":"far fa-check-circle","library":"fa-regular"}},{"item_text":"referrals","item_icon":"fa fa-medkit","_id":"237e2f6","item_icon_color":"","selected_item_icon":{"value":"far fa-check-circle","library":"fa-regular"}}],"button_text":"Sign Up Now","footer_additional_info":"<a href=\"#\">Learn More<\/a>","show_ribbon":"","ribbon_title":"Popular","ribbon_horizontal_position":"left","header_bg_color":"rgba(46,112,206,0)","heading_color":"#ffffff","heading_typography_typography":"custom","heading_typography_font_family":"Noto Sans","heading_typography_font_size":{"unit":"rem","size":"1.8"},"heading_typography_font_weight":"300","heading_typography_line_height":{"unit":"em","size":"1.8"},"sub_heading_color":"#ffffff","sub_heading_typography_typography":"custom","sub_heading_typography_font_family":"Noto Sans","sub_heading_typography_font_size":{"unit":"rem","size":"0.9"},"sub_heading_typography_font_style":"italic","pricing_element_bg_color":"rgba(0,0,0,0)","price_color":"#ffffff","price_typography_typography":"custom","price_typography_font_family":"Noto Sans","period_color":"#e9eff9","period_typography_typography":"custom","period_typography_font_family":"Noto Sans","period_typography_font_size":{"unit":"rem","size":"0.9"},"features_list_bg_color":"rgba(0,0,0,0)","features_list_color":"#e9eff9","features_list_typography_typography":"custom","features_list_typography_font_family":"Noto Sans","features_list_typography_font_size":{"unit":"rem","size":"0.8"},"features_list_typography_font_weight":"600","features_list_typography_text_transform":"uppercase","features_list_typography_letter_spacing":{"unit":"px","size":"0.5"},"features_list_alignment":"left","item_width":{"unit":"px","size":"50"},"list_divider":"","footer_bg_color":"rgba(0,0,0,0)","button_text_color":"#ffffff","button_typography_typography":"custom","button_typography_font_family":"Noto Sans","button_typography_font_size":{"unit":"rem","size":"0.8"},"button_typography_font_weight":"bold","button_typography_text_transform":"uppercase","button_typography_letter_spacing":{"unit":"px","size":"0.6"},"button_background_color":"#47e0b0","button_border_radius":{"unit":"px","top":"30","right":"30","bottom":"30","left":"30","isLinked":"1"},"button_background_hover_color":"#fa4a57","additional_info_color":"#e9eff9","additional_info_typography_typography":"custom","additional_info_typography_font_family":"Noto Sans KR","additional_info_typography_font_size":{"unit":"rem","size":"0.8"},"additional_info_typography_text_decoration":"underline","ribbon_bg_color":"#fa4a57","ribbon_distance":{"unit":"px","size":"43"},"ribbon_typography_typography":"custom","ribbon_typography_font_family":"Noto Sans","ribbon_typography_font_size":{"unit":"rem","size":"0.7"},"ribbon_typography_font_weight":"bold","ribbon_typography_font_style":"italic","ribbon_typography_letter_spacing":{"unit":"px","size":"0.8"},"animation_duration":"fast","_background_background":"classic","_background_color":"#2e70ce","_border_radius":{"unit":"px","top":"10","right":"10","bottom":"10","left":"10","isLinked":"1"},"_box_shadow_box_shadow":{"horizontal":"-1","vertical":"27","blur":"19","spread":"-8","color":"rgba(97,192,211,0.26)"},"_box_shadow_hover_box_shadow_type":"yes","_box_shadow_hover_box_shadow":{"horizontal":"-1","vertical":"27","blur":"18","spread":"-2","color":"rgba(97,192,211,0.26)"},"item_width_tablet":{"unit":"px","size":"28"},"item_width_mobile":{"unit":"px","size":"54"},"_padding_tablet":{"unit":"em","top":"2","right":"2","bottom":"2","left":"2","isLinked":"1"},"_padding_mobile":{"unit":"px","top":"0","right":"0","bottom":"0","left":"0","isLinked":"1"}},"elements":[],"isInner":false,"widgetType":"price-table","elType":"widget"}],"isInner":"1","elType":"column"}],"isInner":"1","elType":"section"}],"isInner":"","elType":"column"}],"isInner":"","elType":"section"},{"id":"224b97e","settings":{"stretch_section":"section-stretched","layout":"full_width","height":"min-height","custom_height":{"unit":"vh","size":"40"},"column_position":"stretch","content_position":"middle","structure":"20","background_background":"gradient","background_color":"#ffffff","background_color_stop":{"unit":"%","size":"54"},"background_color_b":"#e9eff9","background_color_b_stop":{"unit":"%","size":"95"},"background_gradient_angle":{"unit":"deg","size":"40"},"shape_divider_top":"waves","shape_divider_top_color":"#e9eff9","shape_divider_top_width":{"unit":"%","size":"300"},"shape_divider_top_height":{"unit":"px","size":"64"},"shape_divider_bottom_color":"#ffffff","shape_divider_bottom_width":{"unit":"%","size":"300"},"shape_divider_bottom_height":{"unit":"px","size":"51"},"padding":{"unit":"%","top":"0","right":"6","bottom":"0","left":"6","isLinked":""},"background_overlay_background":"classic","background_overlay_image":{"url":"http:\/\/sitefacilitado.com.br\/membros\/wp-content\/uploads\/2020\/03\/blobmask2.png","id":"4079"},"background_overlay_opacity":{"unit":"px","size":"0.41"},"shape_divider_bottom_above_content":"yes","reverse_order_tablet":"reverse-tablet","reverse_order_mobile":"reverse-mobile"},"elements":[{"id":"53f98929","settings":{"_column_size":"50","_inline_size":"50.034","content_position":"center","background_size":"contain","background_overlay_background":"classic","background_overlay_position":"center center","background_overlay_size":"cover","background_overlay_opacity":{"unit":"px","size":"1"},"background_background":"classic","background_image":{"url":"http:\/\/sitefacilitado.com.br\/membros\/wp-content\/uploads\/2020\/03\/undraw_video_call_kxyp.png","id":"4069"},"background_position":"bottom center","background_xpos":{"unit":"px","size":"-50"},"background_ypos":{"unit":"px","size":"57"},"background_repeat":"no-repeat","background_bg_width":{"unit":"%","size":"120"},"margin":{"unit":"%","top":"6","right":"0","bottom":"-6","left":"0","isLinked":""},"padding":{"unit":"em","top":"0","right":"3","bottom":"0","left":"3","isLinked":""},"_inline_size_tablet":"100","padding_tablet":{"unit":"em","top":"0","right":"0","bottom":"0","left":"0","isLinked":"1"}},"elements":[{"id":"661cee38","settings":{"space":{"unit":"px","size":"157"},"space_tablet":{"unit":"px","size":"10"}},"elements":[],"isInner":false,"widgetType":"spacer","elType":"widget"},{"id":"46c68f13","settings":{"space":{"unit":"px","size":"402"},"_margin":{"unit":"px","top":"0","right":"0","bottom":"0","left":"0","isLinked":"1"},"_padding":{"unit":"px","top":"0","right":"0","bottom":"0","left":"0","isLinked":"1"},"space_mobile":{"unit":"px","size":"169"}},"elements":[],"isInner":false,"widgetType":"spacer","elType":"widget"}],"isInner":"","elType":"column"},{"id":"79da4c19","settings":{"_column_size":"50","_inline_size":"49.994","content_position":"center","space_between_widgets":"0","padding":{"unit":"%","top":"2","right":"0","bottom":"6","left":"0","isLinked":""},"_inline_size_tablet":"100"},"elements":[{"id":"2ddeb5f7","settings":{"icon":"fa fa-plus","align":"left","primary_color":"#4c86d3","size":{"unit":"px","size":"61"},"_margin":{"unit":"px","top":"0","right":"0","bottom":"0","left":"0","isLinked":""},"_z_index":"9","_animation":"fadeInUp"},"elements":[],"isInner":false,"widgetType":"icon","elType":"widget"},{"id":"ef5dbd6","settings":{"content_width":{"unit":"px","size":"460"},"margin_tablet":{"unit":"px","top":"0","right":"0","bottom":"0","left":"0","isLinked":"1"},"padding_tablet":{"unit":"px","top":"0","right":"0","bottom":"0","left":"0","isLinked":"1"}},"elements":[{"id":"217bfb87","settings":{"_column_size":"100"},"elements":[{"id":"64a242c0","settings":{"title":"your privacy matters","align":"left","title_color":"#2e70ce","typography_typography":"custom","typography_font_size":{"unit":"rem","size":"0.9"},"header_size":"h4","typography_font_family":"Noto Sans","typography_letter_spacing":{"unit":"px","size":"-0.3"},"typography_font_weight":"bold","align_mobile":"center","typography_font_size_tablet":{"unit":"rem","size":""},"typography_text_transform":"uppercase","typography_line_height":{"unit":"em","size":"0.4"},"_margin":{"unit":"px","top":"40","right":"0","bottom":"0","left":"0","isLinked":""},"_animation":"fadeInDown","animation_duration":"fast","_animation_delay":"300"},"elements":[],"isInner":false,"widgetType":"heading","elType":"widget"},{"id":"887742","settings":{"title":"Meet in the comfort of your own home.","align":"left","title_color":"#1d2366","typography_typography":"custom","typography_font_size":{"unit":"rem","size":"2.1"},"typography_font_weight":"300","header_size":"h3","typography_font_family":"Noto Sans","_animation":"fadeInUp","animation_duration":"fast","align_mobile":"center","typography_font_size_tablet":{"unit":"rem","size":""},"typography_line_height":{"unit":"em","size":"1"},"_margin":{"unit":"px","top":"20","right":"0","bottom":"0","left":"0","isLinked":""},"_animation_delay":"300","typography_font_size_mobile":{"unit":"rem","size":"1.6"}},"elements":[],"isInner":false,"widgetType":"heading","elType":"widget"},{"id":"6ba96609","settings":{"editor":"<p>From immunizations to checkups and\u00a0 preventive care,\u00a0 exams, our primary care physicians and providers work to keep you and your whole family healthy and strong each and every day.<\/p>","align":"left","text_color":"#3d79b5","typography_typography":"custom","typography_font_size":{"unit":"rem","size":"1"},"typography_line_height":{"unit":"em","size":"1.6"},"typography_font_family":"Noto Sans","typography_font_weight":"500","_animation":"fadeIn","animation_duration":"fast","_animation_delay":"500","align_mobile":"center","_margin":{"unit":"px","top":"40","right":"0","bottom":"0","left":"0","isLinked":""},"_padding":{"unit":"%","top":"0","right":"0","bottom":"0","left":"0","isLinked":""},"typography_font_size_mobile":{"unit":"rem","size":"0.8"}},"elements":[],"isInner":false,"widgetType":"text-editor","elType":"widget"},{"id":"748a31f8","settings":{"text":"All the Departments","align":"left","typography_typography":"custom","typography_font_size":{"unit":"px","size":"11"},"typography_font_weight":"700","typography_text_transform":"uppercase","button_text_color":"#2e70ce","background_color":"rgba(46,112,206,0)","hover_color":"#4054b2","button_background_hover_color":"rgba(29,35,102,0)","border_radius":{"unit":"px","top":"30","right":"30","bottom":"30","left":"30","isLinked":"1"},"text_padding":{"unit":"em","top":"0","right":"0","bottom":"0","left":"0","isLinked":""},"_padding":{"unit":"px","top":"0","right":"0","bottom":"0","left":"0","isLinked":""},"typography_font_family":"Barlow","typography_line_height":{"unit":"em","size":"1.4"},"button_hover_border_color":"#2e70ce","hover_animation":"float","border_border":"solid","border_width":{"unit":"px","top":"0","right":"0","bottom":"0","left":"0","isLinked":"1"},"typography_letter_spacing":{"unit":"px","size":"0.5"},"_margin":{"unit":"px","top":"20","right":"0","bottom":"0","left":"0","isLinked":""},"size":"md","icon":"fa fa-long-arrow-right","border_color":"#0055e8","align_mobile":"center"},"elements":[],"isInner":false,"widgetType":"button","elType":"widget"}],"isInner":"1","elType":"column"}],"isInner":"1","elType":"section"},{"id":"141eb745","settings":{"icon":"fa fa-plus","primary_color":"#47e0b0","size":{"unit":"px","size":"24"},"_margin":{"unit":"px","top":"0","right":"0","bottom":"-40","left":"135","isLinked":""},"_z_index":"9","_animation":"fadeInUp","align":"right"},"elements":[],"isInner":false,"widgetType":"icon","elType":"widget"}],"isInner":"","elType":"column"}],"isInner":"","elType":"section"},{"id":"61ab06a3","settings":{"stretch_section":"section-stretched","content_width":{"unit":"px","size":"700"},"custom_height":{"unit":"px","size":"700"},"background_background":"classic","background_color":"#2e70ce","background_color_stop":{"unit":"%","size":"13"},"background_color_b":"#e9eff9","background_color_b_stop":{"unit":"%","size":"98"},"background_gradient_angle":{"unit":"deg","size":"360"},"background_overlay_background":"classic","background_overlay_image":{"url":"http:\/\/sitefacilitado.com.br\/membros\/wp-content\/uploads\/2020\/03\/tic-tac-toe.png","id":"4070"},"background_overlay_opacity":{"unit":"px","size":"1"},"overlay_blend_mode":"multiply","shape_divider_top":"waves","shape_divider_top_color":"#ffffff","shape_divider_top_width":{"unit":"%","size":"300"},"shape_divider_top_height":{"unit":"px","size":"37"},"shape_divider_bottom_width":{"unit":"%","size":"300"},"shape_divider_bottom_height":{"unit":"px","size":"37"},"padding":{"unit":"px","top":"140","right":"0","bottom":"120","left":"0","isLinked":""},"padding_mobile":{"unit":"em","top":"4","right":"1","bottom":"3","left":"1","isLinked":""}},"elements":[{"id":"3c249755","settings":{"_column_size":"100"},"elements":[{"id":"643a174b","settings":{"title":"Join the healthy revolution today.","align":"center","title_color":"#ffffff","typography_typography":"custom","typography_font_size":{"unit":"rem","size":"2.5"},"typography_font_weight":"300","header_size":"h3","typography_font_family":"Noto Sans","_animation":"fadeInUp","animation_duration":"fast","align_mobile":"center","typography_font_size_tablet":{"unit":"px","size":"42"},"typography_line_height":{"unit":"em","size":"0.8"},"_margin":{"unit":"px","top":"0","right":"0","bottom":"40","left":"0","isLinked":""},"_animation_delay":"300","typography_font_size_mobile":{"unit":"rem","size":"2.3"}},"elements":[],"isInner":false,"widgetType":"heading","elType":"widget"},{"id":"5264a0d4","settings":{"editor":"<p>From immunizations to checkups and\u00a0 preventive care,\u00a0 exams, our primary care physicians and providers work to keep you and your whole family healthy and strong each and every day.<\/p>","align":"center","text_color":"#ffffff","typography_typography":"custom","typography_font_size":{"unit":"rem","size":"1"},"typography_line_height":{"unit":"em","size":"1.6"},"typography_font_family":"Noto Sans","typography_font_weight":"500","_animation":"fadeIn","animation_duration":"fast","_animation_delay":"500","align_mobile":"center","typography_font_size_mobile":{"unit":"rem","size":"0.9"}},"elements":[],"isInner":false,"widgetType":"text-editor","elType":"widget"},{"id":"404badad","settings":{"text":"Sign up today","align":"center","typography_typography":"custom","typography_font_size":{"unit":"px","size":"11"},"typography_font_weight":"700","typography_text_transform":"uppercase","button_text_color":"#ffffff","background_color":"#fa4a57","hover_color":"#ffffff","button_background_hover_color":"#fa4a57","border_radius":{"unit":"px","top":"30","right":"30","bottom":"30","left":"30","isLinked":"1"},"text_padding":{"unit":"em","top":"","right":"","bottom":"","left":"","isLinked":""},"_padding":{"unit":"px","top":"0","right":"0","bottom":"0","left":"0","isLinked":""},"typography_font_family":"Noto Sans","typography_line_height":{"unit":"em","size":"1.4"},"button_hover_border_color":"#f92231","hover_animation":"float","border_border":"solid","border_width":{"unit":"px","top":"0","right":"0","bottom":"0","left":"0","isLinked":"1"},"typography_letter_spacing":{"unit":"px","size":"0.5"},"_margin":{"unit":"px","top":"40","right":"0","bottom":"0","left":"0","isLinked":""},"size":"md","border_color":"#fa4a57","button_box_shadow_box_shadow_type":"yes","button_box_shadow_box_shadow":{"horizontal":"-2","vertical":"20","blur":"32","spread":"-17","color":"rgba(221,116,102,0.84)"}},"elements":[],"isInner":false,"widgetType":"button","elType":"widget"}],"isInner":"","elType":"column"}],"isInner":"","elType":"section"}]}