{"version":"0.4","title":"Ciber 1","type":"page","content":[{"id":"25ec2845","settings":{"height":"min-height","custom_height":{"unit":"px","size":"768","sizes":[]},"html_tag":"header","background_background":"classic","background_color":"#144659","background_image":{"url":"https:\/\/autoridadenodigital.com.br\/wp-content\/uploads\/2020\/02\/luca-bravo-XJXWbfSo2f0-unsplash.jpg","id":"1018"},"background_position":"bottom left","background_repeat":"no-repeat","background_size":"cover","background_overlay_background":"gradient","background_overlay_color":"#144659","background_overlay_color_b":"#012b35","background_overlay_opacity":{"unit":"px","size":"0.76","sizes":[]},"padding":{"unit":"em","top":"1","right":"1","bottom":"1","left":"1","isLinked":""},"shape_divider_bottom":"arrow","shape_divider_bottom_width":{"unit":"%","size":"300","sizes":[]},"shape_divider_bottom_height":{"unit":"px","size":"31","sizes":[]},"background_xpos":{"unit":"%","size":"0","sizes":[]},"background_ypos":{"unit":"vh","size":"-34","sizes":[]},"custom_height_mobile":{"unit":"vh","size":"80","sizes":[]},"background_position_mobile":"top center","background_size_mobile":"cover"},"elements":[{"id":"19601c58","settings":{"_column_size":"100","margin":{"unit":"%","top":"0","right":"50","bottom":"0","left":"0","isLinked":""},"space_between_widgets":"15","background_background":"classic","margin_tablet":{"unit":"%","top":"0","right":"0","bottom":"0","left":"15","isLinked":""},"margin_mobile":{"unit":"px","top":"0","right":"0","bottom":"0","left":"0","isLinked":""},"padding":{"unit":"em","top":"1","right":"1","bottom":"1","left":"1","isLinked":"1"}},"elements":[{"id":"78631fdd","settings":{"icon":"fa fa-barcode","primary_color":"#238c8c","_margin":{"unit":"%","top":"0","right":"0","bottom":"0","left":"0","isLinked":""},"_padding":{"unit":"px","top":"0","right":"0","bottom":"0","left":"0","isLinked":""},"_background_background":"classic","_element_width":"initial","_position":"absolute","_offset_x":{"size":399,"unit":"px"},"_offset_y":{"size":"446.031","unit":"px"},"_animation":"shake","_border_border":"solid","_border_width":{"unit":"px","top":"0","right":"0","bottom":"2","left":"0","isLinked":""},"_border_color":"#29f48f","_offset_x_tablet":{"size":"306","unit":"px"},"_offset_x_mobile":{"size":"86","unit":"px"},"_offset_y_tablet":{"size":"-191","unit":"px"},"_offset_y_mobile":{"size":"-173","unit":"px"},"motion_fx_opacity_effect":"yes","motion_fx_opacity_direction":"out-in-out","motion_fx_opacity_range":{"unit":"%","size":"","sizes":{"start":"0","end":"51"}},"_z_index":"6","view":"stacked","shape":"square","secondary_color":"#ffffff","size":{"unit":"px","size":"31","sizes":[]},"icon_padding":{"unit":"px","size":"21","sizes":[]},"_padding_mobile":{"unit":"em","top":"1","right":"1","bottom":"1","left":"1","isLinked":"1"},"_border_radius":{"unit":"px","top":"0","right":"0","bottom":"0","left":"0","isLinked":"1"},"_offset_orientation_v":"end","_offset_y_end":{"size":253.640999999999991132426657713949680328369140625,"unit":"px"},"_offset_y_end_mobile":{"size":"-42.078","unit":"px"},"selected_icon":{"value":"fas fa-barcode","library":"fa-solid"},"__fa4_migrated":{"selected_icon":true}},"elements":[],"isInner":false,"widgetType":"icon","elType":"widget"},{"id":"598f70ba","settings":{"title":"Expanda seus neg\u00f3cios com seguran\u00e7a","header_size":"h1","title_color":"#ffffff","typography_typography":"custom","typography_font_family":"Maven Pro","typography_font_size":{"unit":"em","size":2.899999999999999911182158029987476766109466552734375,"sizes":[]},"typography_font_weight":"500","typography_text_transform":"capitalize","_margin":{"unit":"%","top":"4","right":"0","bottom":"0","left":"0","isLinked":""},"align_mobile":"left","typography_font_size_mobile":{"unit":"em","size":"2.2","sizes":[]},"_padding":{"unit":"em","top":"0","right":"0","bottom":"0","left":"0","isLinked":""},"_element_custom_width":{"unit":"px","size":"468","sizes":[]}},"elements":[],"isInner":false,"widgetType":"heading","elType":"widget"},{"id":"1976cf62","settings":{"weight":{"unit":"px","size":"2","sizes":[]},"color":"#29f48f","_margin":{"unit":"%","top":"0","right":"0","bottom":"0","left":"0","isLinked":""},"align":"left","_padding":{"unit":"em","top":"0","right":"0","bottom":"0","left":"1","isLinked":""},"align_mobile":"left","gap":{"unit":"px","size":"31","sizes":[]},"gap_mobile":{"unit":"px","size":"3","sizes":[]},"_padding_mobile":{"unit":"px","top":"0","right":"0","bottom":"0","left":"0","isLinked":"1"},"_animation":"flash","_element_width":"initial","_element_custom_width":{"unit":"px","size":"46","sizes":[]},"_position":"absolute","_offset_x":{"size":"-62","unit":"px"},"_offset_y":{"size":"104","unit":"px"},"text":"Divisor"},"elements":[],"isInner":false,"widgetType":"divider","elType":"widget"},{"id":"4aa748ce","settings":{"title":"Lorem ipsum dolor sit amet, consectetur adipiscing elit. Proin lobortis justo eget sem maximus imperdiet.","header_size":"p","title_color":"#ffffff","typography_typography":"custom","typography_font_family":"Cairo","typography_font_size":{"unit":"em","size":"1.2","sizes":[]},"typography_font_weight":"300","typography_line_height":{"unit":"em","size":"1.6","sizes":[]},"_margin":{"unit":"%","top":"0","right":"0","bottom":"0","left":"0","isLinked":""},"_padding":{"unit":"px","top":"0","right":"0","bottom":"0","left":"0","isLinked":""},"align_mobile":"left","typography_font_size_mobile":{"unit":"rem","size":"0.9","sizes":[]},"typography_line_height_mobile":{"unit":"em","size":"1.6","sizes":[]}},"elements":[],"isInner":false,"widgetType":"heading","elType":"widget"},{"id":"5fbdf277","settings":{"text":"about us","size":"md","typography_typography":"custom","typography_font_family":"Cairo","typography_font_size":{"unit":"em","size":"1","sizes":[]},"typography_font_weight":"400","typography_text_transform":"uppercase","typography_font_style":"normal","typography_text_decoration":"none","background_color":"rgba(35,140,140,0)","border_radius":{"unit":"px","top":"1","right":"1","bottom":"1","left":"1","isLinked":"1"},"_padding":{"unit":"em","top":"1","right":"1","bottom":"1","left":"0","isLinked":""},"_element_width":"auto","button_text_color":"#ffffff","hover_animation":"grow","border_border":"solid","border_width":{"unit":"px","top":"1","right":"1","bottom":"1","left":"1","isLinked":"1"},"border_color":"#29f48f","align_mobile":"justify","_margin_mobile":{"unit":"px","top":"0","right":"0","bottom":"0","left":"0","isLinked":""},"_padding_mobile":{"unit":"em","top":"1","right":"0","bottom":"1","left":"0","isLinked":""},"_element_width_mobile":"inherit","typography_letter_spacing":{"unit":"px","size":"1","sizes":[]}},"elements":[],"isInner":false,"widgetType":"button","elType":"widget"},{"id":"f1dee55","settings":{"text":"security solutions","size":"md","icon":"fa fa-lock","icon_align":"right","icon_indent":{"unit":"px","size":"19","sizes":[]},"typography_typography":"custom","typography_font_family":"Cairo","typography_font_size":{"unit":"em","size":"1","sizes":[]},"typography_font_weight":"600","typography_text_transform":"uppercase","typography_font_style":"normal","typography_text_decoration":"none","button_text_color":"#144659","background_color":"#29f48f","hover_animation":"grow","border_radius":{"unit":"px","top":"0","right":"0","bottom":"0","left":"0","isLinked":"1"},"_padding":{"unit":"em","top":"1","right":"1","bottom":"1","left":"0","isLinked":""},"_element_width":"auto","align_mobile":"justify","typography_font_size_mobile":{"unit":"em","size":"1.1","sizes":[]},"_margin_mobile":{"unit":"px","top":"0","right":"0","bottom":"0","left":"0","isLinked":""},"_padding_mobile":{"unit":"em","top":"1","right":"0","bottom":"6","left":"0","isLinked":""},"_element_width_mobile":"inherit","typography_letter_spacing":{"unit":"px","size":"1","sizes":[]},"selected_icon":{"value":"fas fa-lock","library":"fa-solid"}},"elements":[],"isInner":false,"widgetType":"button","elType":"widget"}],"isInner":"","elType":"column"}],"isInner":"","elType":"section"},{"id":"2dbfb4e5","settings":{"padding":{"unit":"em","top":"3","right":"1","bottom":"6","left":"1","isLinked":""},"padding_tablet":{"unit":"em","top":"2","right":"01","bottom":"3","left":"01","isLinked":""},"html_tag":"section","background_background":"classic","background_color":"#ffffff","padding_mobile":{"unit":"em","top":"1","right":"1","bottom":"1","left":"1","isLinked":"1"},"structure":"20"},"elements":[{"id":"777ac60a","settings":{"_column_size":"50","space_between_widgets":"10","margin":{"unit":"%","top":"0","right":"0","bottom":"0","left":"0","isLinked":""},"padding_tablet":{"unit":"px","top":"0","right":"0","bottom":"0","left":"0","isLinked":""},"margin_mobile":{"unit":"px","top":"0","right":"0","bottom":"0","left":"0","isLinked":""},"padding_mobile":{"unit":"px","top":"0","right":"0","bottom":"0","left":"0","isLinked":""}},"elements":[{"id":"77f6dee1","settings":{"structure":"20"},"elements":[{"id":"7e979dd4","settings":{"_column_size":"50","_inline_size":"72.727","_inline_size_mobile":"80","content_position":"bottom","padding":{"unit":"em","top":"0","right":"0","bottom":"0","left":"2","isLinked":""},"padding_mobile":{"unit":"em","top":"0","right":"0","bottom":"0","left":"1","isLinked":""}},"elements":[{"id":"1a6fe240","settings":{"title":"Nosso objetivo \u00e9 detectar e impedir ataques \u00e0 sua empresa ou aos dados de neg\u00f3cios.","title_color":"#238c8c","typography_typography":"custom","typography_font_family":"Cairo","typography_font_size":{"unit":"em","size":1.6999999999999999555910790149937383830547332763671875,"sizes":[]},"typography_font_weight":"600","typography_line_height":{"unit":"em","size":"1.1","sizes":[]},"_margin":{"unit":"%","top":"0","right":"0","bottom":"0","left":"0","isLinked":""},"align":"left","header_size":"p","_padding":{"unit":"em","top":"0","right":"0","bottom":"2","left":"0","isLinked":""},"_margin_tablet":{"unit":"px","top":"0","right":"0","bottom":"0","left":"0","isLinked":""},"_padding_tablet":{"unit":"px","top":"0","right":"0","bottom":"0","left":"0","isLinked":""},"_animation":"fadeInUp","typography_font_size_mobile":{"unit":"rem","size":"1.4","sizes":[]},"_element_custom_width":{"unit":"px","size":"555","sizes":[]}},"elements":[],"isInner":false,"widgetType":"heading","elType":"widget"}],"isInner":"1","elType":"column"},{"id":"5610a0aa","settings":{"_column_size":"50","_inline_size":"27.265","_inline_size_mobile":"20","content_position":"bottom","padding_mobile":{"unit":"px","top":"0","right":"22","bottom":"0","left":"0","isLinked":""}},"elements":[{"id":"2924f14a","settings":{"weight":{"unit":"px","size":"2","sizes":[]},"color":"#29f48f","_margin":{"unit":"%","top":"0","right":"0","bottom":"0","left":"0","isLinked":""},"width":{"unit":"%","size":"98","sizes":[]},"align":"left","_padding":{"unit":"em","top":"0","right":"1","bottom":"0","left":"0","isLinked":""},"align_mobile":"left","gap":{"unit":"px","size":"30","sizes":[]},"gap_mobile":{"unit":"px","size":"3","sizes":[]},"_padding_mobile":{"unit":"px","top":"0","right":"0","bottom":"0","left":"0","isLinked":"1"},"_animation":"flash","_element_width":"initial","_element_width_mobile":"initial","_element_custom_width":{"unit":"px","size":"56","sizes":[]},"_element_custom_width_mobile":{"unit":"px","size":"57","sizes":[]},"_element_vertical_align":"flex-start","_element_vertical_align_mobile":"center","text":"Divisor"},"elements":[],"isInner":false,"widgetType":"divider","elType":"widget"}],"isInner":"1","elType":"column"}],"isInner":"1","elType":"section"}],"isInner":"","elType":"column"},{"id":"150d4f7d","settings":{"_column_size":"50"},"elements":[{"id":"210e4e2f","settings":{"editor":"<p>Lorem ipsum dolor sit amet, consectetur adipiscing elit, sed do eiusmod tempor incididunt ut labore et dolore magna aliqua.<\/p>","align":"justify","text_color":"#374951","typography_typography":"custom","typography_font_family":"Cairo","typography_font_size":{"unit":"em","size":"1","sizes":[]},"typography_text_transform":"none","typography_font_style":"normal","typography_text_decoration":"none","typography_line_height":{"unit":"em","size":"1.6","sizes":[]},"_margin":{"unit":"%","top":"0","right":"2","bottom":"0","left":"0","isLinked":""},"align_mobile":"left"},"elements":[],"isInner":false,"widgetType":"text-editor","elType":"widget"}],"isInner":"","elType":"column"}],"isInner":"","elType":"section"},{"id":"101d80c7","settings":{"background_background":"video","background_color":"#144659","background_overlay_background":"classic","padding":{"unit":"em","top":"1","right":"1","bottom":"1","left":"1","isLinked":""},"background_overlay_position":"center center","background_overlay_size":"cover","background_overlay_opacity":{"unit":"px","size":"0.86","sizes":[]},"shape_divider_bottom_width":{"unit":"%","size":"300","sizes":[]},"shape_divider_bottom_height":{"unit":"px","size":"31","sizes":[]},"html_tag":"header","height":"min-height","custom_height":{"unit":"px","size":"768","sizes":[]},"background_image":{"url":"https:\/\/autoridadenodigital.com.br\/wp-content\/uploads\/2020\/02\/federico-rizzarelli-xdY6cWYp-PQ-unsplash.jpg","id":"1019"},"background_position":"initial","background_xpos":{"unit":"%","size":"0","sizes":[]},"background_ypos":{"unit":"px","size":"-567","sizes":[]},"background_attachment":"fixed","background_repeat":"no-repeat","background_size":"cover","background_video_link":"https:\/\/www.youtube.com\/watch?v=E4ps3M1uXhM","background_overlay_color":"#144659","background_overlay_color_b":"#012b35","shape_divider_bottom":"arrow"},"elements":[{"id":"6128438d","settings":{"_column_size":"100","_inline_size":"50","padding":{"unit":"em","top":"2","right":"2","bottom":"2","left":"2","isLinked":"1"},"space_between_widgets":"10","_inline_size_tablet":"50","content_position":"center","background_background":"gradient","background_color":"#174052","background_color_b":"#0c343a","background_image":{"url":"https:\/\/autoridadenodigital.com.br\/wp-content\/uploads\/2020\/02\/bit-cloud-J5-Kqu_fxyo-unsplash.jpg","id":"1020"},"background_position":"center center","background_overlay_background":"classic","background_overlay_image":{"url":"https:\/\/autoridadenodigital.com.br\/wp-content\/uploads\/2020\/02\/noshad-ahmed-y9np19Fprmo-unsplash.jpg","id":"1021"},"background_overlay_position":"center center","background_overlay_opacity":{"unit":"px","size":"0.22","sizes":[]},"css_filters_css_filter":"custom","css_filters_saturate":{"unit":"px","size":"104","sizes":[]},"border_border":"solid","border_width":{"unit":"px","top":"1","right":"2","bottom":"0","left":"2","isLinked":""},"border_color":"#29f48f","margin":{"unit":"%","top":"-24","right":"0","bottom":"-18","left":"0","isLinked":""},"padding_mobile":{"unit":"em","top":"2","right":"1","bottom":"7","left":"01","isLinked":""},"z_index":"11","margin_mobile":{"unit":"px","top":"0","right":"0","bottom":"0","left":"0","isLinked":"1"}},"elements":[{"id":"22d5ef0c","settings":{"title":"minimize the threats","title_color":"#ffffff","typography_typography":"custom","typography_font_family":"Cairo","typography_font_size":{"unit":"em","size":"1.9","sizes":[]},"typography_font_weight":"600","typography_text_transform":"capitalize","typography_line_height":{"unit":"em","size":"0.9","sizes":[]},"_margin":{"unit":"%","top":"0","right":"0","bottom":"0","left":"0","isLinked":""},"_padding":{"unit":"em","top":"0","right":"0","bottom":"2","left":"1","isLinked":""},"_animation":"fadeInUp","_margin_tablet":{"unit":"px","top":"0","right":"0","bottom":"0","left":"0","isLinked":""},"align":"left","typography_font_size_mobile":{"unit":"rem","size":"1.3","sizes":[]},"typography_letter_spacing":{"unit":"px","size":"1","sizes":[]},"_padding_tablet":{"unit":"px","top":"0","right":"0","bottom":"0","left":"0","isLinked":""},"_element_custom_width":{"unit":"px","size":"267","sizes":[]},"_element_custom_width_mobile":{"unit":"px","size":"216","sizes":[]},"align_mobile":"center"},"elements":[],"isInner":false,"widgetType":"heading","elType":"widget"},{"id":"1a637509","settings":{"structure":"20"},"elements":[{"id":"4cd5ad54","settings":{"_column_size":"50","_inline_size_tablet":"100"},"elements":[{"id":"78456bb5","settings":{"title":"secured companies","number_color":"#4ce09d","typography_number_typography":"custom","typography_number_font_family":"Cairo","typography_number_font_size":{"unit":"em","size":"4","sizes":[]},"typography_number_font_weight":"600","typography_number_text_transform":"capitalize","typography_number_font_style":"normal","typography_number_text_decoration":"none","title_color":"#238c8c","typography_title_typography":"custom","typography_title_font_family":"Cairo","typography_title_font_size":{"unit":"em","size":"0.8","sizes":[]},"ending_number":"335","prefix":"+","typography_number_line_height":{"unit":"em","size":"1.9","sizes":[]},"typography_title_font_weight":"600","typography_title_text_transform":"uppercase","typography_title_font_style":"normal","typography_title_text_decoration":"none","typography_title_line_height":{"unit":"em","size":"1.2","sizes":[]},"_margin":{"unit":"%","top":"5","right":"5","bottom":"5","left":"0","isLinked":""},"_padding":{"unit":"em","top":"1","right":"1","bottom":"1","left":"1","isLinked":"1"},"_background_background":"classic","_background_color":"#173e4f","typography_title_letter_spacing":{"unit":"px","size":"1","sizes":[]},"_box_shadow_box_shadow":{"horizontal":"0","vertical":"0","blur":"6","spread":"0","color":"rgba(0,0,0,0.28)"}},"elements":[],"isInner":false,"widgetType":"counter","elType":"widget"}],"isInner":"1","elType":"column"},{"id":"5e707112","settings":{"_column_size":"50","_inline_size_tablet":"100"},"elements":[{"id":"6792c70d","settings":{"title":"eliminated threats","number_color":"#4ce09d","typography_number_typography":"custom","typography_number_font_family":"Cairo","typography_number_font_size":{"unit":"em","size":"4","sizes":[]},"typography_number_font_weight":"600","typography_number_text_transform":"capitalize","typography_number_font_style":"normal","typography_number_text_decoration":"none","title_color":"#238c8c","typography_title_typography":"custom","typography_title_font_family":"Cairo","typography_title_font_size":{"unit":"em","size":"0.8","sizes":[]},"ending_number":"889","prefix":"+","typography_number_line_height":{"unit":"em","size":"1.9","sizes":[]},"typography_title_font_weight":"600","typography_title_text_transform":"uppercase","typography_title_font_style":"normal","typography_title_text_decoration":"none","typography_title_line_height":{"unit":"em","size":"1.2","sizes":[]},"_margin":{"unit":"%","top":"5","right":"5","bottom":"5","left":"0","isLinked":""},"_padding":{"unit":"em","top":"1","right":"1","bottom":"1","left":"1","isLinked":"1"},"_background_background":"classic","_background_color":"#173e4f","typography_title_letter_spacing":{"unit":"px","size":"1","sizes":[]},"_box_shadow_box_shadow":{"horizontal":"0","vertical":"0","blur":"6","spread":"0","color":"rgba(0,0,0,0.28)"}},"elements":[],"isInner":false,"widgetType":"counter","elType":"widget"}],"isInner":"1","elType":"column"}],"isInner":"1","elType":"section"}],"isInner":"","elType":"column"},{"id":"4a8a9d4f","settings":{"_column_size":"100","_inline_size":"50","padding":{"unit":"em","top":"3","right":"3","bottom":"3","left":"3","isLinked":"1"},"content_position":"center","padding_mobile":{"unit":"em","top":"2","right":"2","bottom":"2","left":"2","isLinked":"1"}},"elements":[{"id":"77d25d80","settings":{"structure":"20","padding":{"unit":"px","top":"0","right":"0","bottom":"0","left":"0","isLinked":"1"},"layout":"full_width","padding_mobile":{"unit":"px","top":"0","right":"0","bottom":"0","left":"0","isLinked":"1"}},"elements":[{"id":"4e818870","settings":{"_column_size":"50","_inline_size":"53.586","_inline_size_mobile":"80","content_position":"bottom","padding":{"unit":"em","top":"0","right":"0","bottom":"0","left":"0","isLinked":""},"padding_mobile":{"unit":"em","top":"0","right":"1","bottom":"0","left":"0","isLinked":""},"_inline_size_tablet":"90"},"elements":[{"id":"4c086fa3","settings":{"title":"Hackeando qualquer coisa para proteger tudo","title_color":"#ffffff","typography_typography":"custom","typography_font_family":"Cairo","typography_font_size":{"unit":"em","size":2.5,"sizes":[]},"typography_font_weight":"600","typography_line_height":{"unit":"em","size":"0.9","sizes":[]},"_margin":{"unit":"%","top":"0","right":"0","bottom":"0","left":"0","isLinked":""},"align":"left","_padding":{"unit":"em","top":"0","right":"0","bottom":"2","left":"0","isLinked":""},"_margin_tablet":{"unit":"px","top":"0","right":"0","bottom":"0","left":"0","isLinked":""},"_padding_tablet":{"unit":"px","top":"0","right":"0","bottom":"0","left":"0","isLinked":""},"_animation":"fadeInUp","typography_font_size_mobile":{"unit":"rem","size":"1.3","sizes":[]},"typography_letter_spacing":{"unit":"px","size":"1","sizes":[]},"_element_width_mobile":"initial","_element_custom_width":{"unit":"px","size":"267","sizes":[]},"_element_custom_width_mobile":{"unit":"px","size":"216","sizes":[]}},"elements":[],"isInner":false,"widgetType":"heading","elType":"widget"}],"isInner":"1","elType":"column"},{"id":"55787253","settings":{"_column_size":"50","_inline_size":"46.406","_inline_size_mobile":"20","content_position":"bottom","padding_mobile":{"unit":"px","top":"0","right":"22","bottom":"0","left":"0","isLinked":""},"padding":{"unit":"px","top":"0","right":"0","bottom":"0","left":"0","isLinked":"1"},"_inline_size_tablet":"10"},"elements":[{"id":"3585a933","settings":{"weight":{"unit":"px","size":"2","sizes":[]},"color":"#29f48f","_margin":{"unit":"%","top":"0","right":"0","bottom":"0","left":"0","isLinked":""},"width":{"unit":"%","size":"98","sizes":[]},"align":"left","_padding":{"unit":"em","top":"0","right":"0","bottom":"0","left":"1","isLinked":""},"align_mobile":"left","gap":{"unit":"px","size":"37","sizes":[]},"gap_mobile":{"unit":"px","size":"3","sizes":[]},"_padding_mobile":{"unit":"px","top":"0","right":"0","bottom":"0","left":"0","isLinked":"1"},"_animation":"flash","_element_width":"initial","_element_width_mobile":"initial","_element_custom_width":{"unit":"px","size":"56","sizes":[]},"_element_custom_width_mobile":{"unit":"px","size":"57","sizes":[]},"_element_vertical_align":"flex-start","_element_vertical_align_mobile":"center","text":"Divisor"},"elements":[],"isInner":false,"widgetType":"divider","elType":"widget"}],"isInner":"1","elType":"column"}],"isInner":"1","elType":"section"},{"id":"29ad73b2","settings":{"editor":"<div class=\"page-section__generator page-section__generator--top g12-xs g11-md g10-lg g8-xl\"><div class=\"page-generator__text page-generator__text--top js-generator-text\"><div id=\"output\" class=\"page-generator__output js-generator-output\"><p>Lorem ipsum dolor sit amet, consectetur adipiscing elit, sed do eiusmod tempor incididunt ut labore et dolore magna aliqua. Arcu vitae elementum curabitur vitae. Massa placerat duis ultricies lacus sed turpis tincidunt id. Nullam non nisi est sit. Vulputate enim nulla aliquet porttitor lacus luctus accumsan tortor posuere.<\/p><\/div><\/div><\/div><div class=\"g12-xs g3-xl page-display s-half-page\">\u00a0<\/div>","text_color":"#ffffff","typography_typography":"custom","typography_font_family":"Roboto","typography_font_size":{"unit":"em","size":"1","sizes":[]},"typography_font_weight":"300","typography_text_transform":"none","typography_font_style":"normal","typography_text_decoration":"none","typography_line_height":{"unit":"em","size":"1.6","sizes":[]},"text_columns":"1","text_columns_mobile":"1","column_gap":{"unit":"px","size":"51","sizes":[]},"_margin":{"unit":"px","top":"0","right":"0","bottom":"0","left":"0","isLinked":"1"},"_padding":{"unit":"px","top":"0","right":"0","bottom":"0","left":"0","isLinked":"1"}},"elements":[],"isInner":false,"widgetType":"text-editor","elType":"widget"},{"id":"17be427a","settings":{"text":"contact us","size":"md","typography_typography":"custom","typography_font_family":"Cairo","typography_font_size":{"unit":"em","size":"1","sizes":[]},"typography_font_weight":"600","typography_text_transform":"uppercase","typography_font_style":"normal","typography_text_decoration":"none","button_text_color":"#144659","background_color":"#29f48f","border_radius":{"unit":"px","top":"0","right":"0","bottom":"0","left":"0","isLinked":"1"},"_padding":{"unit":"em","top":"2","right":"0","bottom":"1","left":"0","isLinked":""},"_element_width":"inherit","icon_indent":{"unit":"px","size":"23","sizes":[]},"hover_animation":"grow","button_box_shadow_box_shadow":{"horizontal":"0","vertical":"0","blur":"10","spread":"0","color":"#8bff56"},"align":"right","align_tablet":"center","align_mobile":"justify","_padding_mobile":{"unit":"em","top":"1","right":"0","bottom":"1","left":"0","isLinked":""},"typography_letter_spacing":{"unit":"px","size":"1","sizes":[]}},"elements":[],"isInner":false,"widgetType":"button","elType":"widget"}],"isInner":"","elType":"column"}],"isInner":"","elType":"section"},{"id":"5438d9a4","settings":{"padding":{"unit":"em","top":"3","right":"1","bottom":"3","left":"1","isLinked":""},"html_tag":"section","background_background":"classic","background_color":"#ffffff"},"elements":[{"id":"69931549","settings":{"_column_size":"100","space_between_widgets":"10","padding":{"unit":"em","top":"1","right":"5","bottom":"1","left":"2","isLinked":""},"margin_tablet":{"unit":"px","top":"0","right":"0","bottom":"0","left":"0","isLinked":""},"padding_tablet":{"unit":"em","top":"0","right":"0","bottom":"5","left":"0","isLinked":""},"padding_mobile":{"unit":"px","top":"0","right":"0","bottom":"0","left":"0","isLinked":"1"}},"elements":[{"id":"206f201d","settings":{"image":{"url":"https:\/\/wp.envatoextensions.com\/kit-185\/wp-content\/uploads\/sites\/179\/2019\/07\/shield_security2.png","id":"58"},"width":{"unit":"%","size":"5","sizes":[]},"width_mobile":{"unit":"%","size":"18","sizes":[]}},"elements":[],"isInner":false,"widgetType":"image","elType":"widget"},{"id":"47ce64e1","settings":{"structure":"20"},"elements":[{"id":"656f97e6","settings":{"_column_size":"50","_inline_size":"57.347","_inline_size_tablet":"60"},"elements":[{"id":"49fc63dd","settings":{"title":"Encontre e pare ataques avan\u00e7ados para o seu neg\u00f3cio.","title_color":"#238c8c","typography_typography":"custom","typography_font_family":"Cairo","typography_font_size":{"unit":"em","size":2.70000000000000017763568394002504646778106689453125,"sizes":[]},"typography_font_weight":"600","typography_line_height":{"unit":"em","size":"1.1","sizes":[]},"_margin":{"unit":"%","top":"0","right":"0","bottom":"0","left":"0","isLinked":""},"align":"left","header_size":"p","_padding":{"unit":"em","top":"0","right":"0","bottom":"2","left":"0","isLinked":""},"_margin_tablet":{"unit":"px","top":"0","right":"0","bottom":"0","left":"0","isLinked":""},"_padding_tablet":{"unit":"px","top":"0","right":"0","bottom":"0","left":"0","isLinked":""},"_animation":"fadeInUp","typography_font_size_mobile":{"unit":"rem","size":"1.4","sizes":[]},"_element_custom_width":{"unit":"px","size":"555","sizes":[]},"align_mobile":"center"},"elements":[],"isInner":false,"widgetType":"heading","elType":"widget"}],"isInner":"1","elType":"column"},{"id":"3921aa69","settings":{"_column_size":"50","_inline_size":"42.653","_inline_size_tablet":"30","content_position":"bottom","padding":{"unit":"em","top":"0","right":"0","bottom":"2","left":"0","isLinked":""},"padding_tablet":{"unit":"px","top":"0","right":"0","bottom":"0","left":"0","isLinked":"1"},"space_between_widgets":"0"},"elements":[{"id":"21b1349d","settings":{"editor":"<p>Lorem ipsum dolor sit amet, consectetur adipiscing elit, sed do eiusmod tempor incididunt ut labore et dolore magna aliqua.<\/p>","align":"justify","text_color":"#374951","typography_typography":"custom","typography_font_family":"Cairo","typography_font_size":{"unit":"em","size":"1","sizes":[]},"typography_text_transform":"none","typography_font_style":"normal","typography_text_decoration":"none","typography_line_height":{"unit":"em","size":"1.6","sizes":[]},"_margin":{"unit":"%","top":"0","right":"2","bottom":"0","left":"0","isLinked":""},"align_mobile":"center","align_tablet":"left"},"elements":[],"isInner":false,"widgetType":"text-editor","elType":"widget"},{"id":"283e8590","settings":{"weight":{"unit":"px","size":"2","sizes":[]},"color":"#29f48f","_margin":{"unit":"%","top":"0","right":"0","bottom":"0","left":"0","isLinked":""},"align":"left","_padding":{"unit":"em","top":"0","right":"0","bottom":"0","left":"1","isLinked":""},"gap":{"unit":"px","size":"18","sizes":[]},"_animation":"flash","_element_width":"initial","_element_custom_width":{"unit":"px","size":"46","sizes":[]},"width_mobile":{"unit":"%","size":"15","sizes":[]},"align_mobile":"center","_element_width_mobile":"inherit","_element_custom_width_mobile":{"unit":"px","size":"270","sizes":[]},"text":"Divisor"},"elements":[],"isInner":false,"widgetType":"divider","elType":"widget"}],"isInner":"1","elType":"column"}],"isInner":"1","elType":"section"},{"id":"537328bb","settings":{"structure":"30","background_background":"classic","margin":{"unit":"px","top":"0","right":"0","bottom":"0","left":"0","isLinked":""},"padding":{"unit":"em","top":"4","right":"0","bottom":"0","left":"10","isLinked":""},"padding_tablet":{"unit":"em","top":"3","right":"0","bottom":"0","left":"0","isLinked":""}},"elements":[{"id":"57ece0d4","settings":{"_column_size":"33","content_position":"space-around","align":"center","space_between_widgets":"5","background_background":"classic","background_color":"#ffffff","box_shadow_box_shadow":{"horizontal":"0","vertical":"0","blur":"8","spread":"0","color":"rgba(0,0,0,0.43)"},"margin":{"unit":"%","top":"3","right":"3","bottom":"3","left":"3","isLinked":"1"},"padding":{"unit":"em","top":"1","right":"1","bottom":"2","left":"1","isLinked":""},"margin_mobile":{"unit":"%","top":"5","right":"0","bottom":"15","left":"0","isLinked":""},"border_border":"solid","border_width":{"unit":"px","top":"2","right":"2","bottom":"2","left":"2","isLinked":"1"},"border_color":"rgba(2,113,130,0.54)"},"elements":[{"id":"16d2a5c4","settings":{"title":"01","header_size":"span","align":"left","title_color":"#ffffff","typography_typography":"custom","typography_font_family":"Cairo","typography_font_size":{"unit":"em","size":"1.8","sizes":[]},"typography_font_weight":"700","typography_text_transform":"capitalize","_margin":{"unit":"px","top":"-40","right":"0","bottom":"20","left":"0","isLinked":""},"_padding":{"unit":"px","top":"5","right":"5","bottom":"40","left":"5","isLinked":""},"_background_background":"classic","_background_image":{"url":"https:\/\/autoridadenodigital.com.br\/wp-content\/uploads\/2020\/02\/adi-goldstein-EUsVwEOsblE-unsplash.jpg","id":"1022"},"_background_position":"center center","_background_repeat":"no-repeat","_background_size":"cover","_border_border":"solid","_border_width":{"unit":"px","top":"0","right":"0","bottom":"2","left":"0","isLinked":""},"_border_color":"#238c8c","_border_radius":{"unit":"px","top":"0","right":"0","bottom":"0","left":"0","isLinked":"1"}},"elements":[],"isInner":false,"widgetType":"heading","elType":"widget"},{"id":"62c905c6","settings":{"title":"end point security","title_color":"#238c8c","typography_typography":"custom","typography_font_family":"Cairo","typography_font_size":{"unit":"em","size":"1.5","sizes":[]},"typography_font_weight":"600","typography_text_transform":"capitalize","typography_line_height":{"unit":"em","size":"1.2","sizes":[]},"_margin":{"unit":"%","top":"0","right":"0","bottom":"0","left":"0","isLinked":""},"typography_font_style":"normal","typography_text_decoration":"none","header_size":"h3","_animation":"fadeInUp","align":"center","typography_letter_spacing":{"unit":"px","size":"1","sizes":[]},"_element_width":"initial"},"elements":[],"isInner":false,"widgetType":"heading","elType":"widget"},{"id":"47ad432a","settings":{"weight":{"unit":"px","size":"2","sizes":[]},"color":"#29f48f","_margin":{"unit":"%","top":"0","right":"0","bottom":"0","left":"0","isLinked":""},"align":"left","_padding":{"unit":"em","top":"0","right":"0","bottom":"0","left":"0","isLinked":""},"gap":{"unit":"px","size":"18","sizes":[]},"_animation":"flash","_element_width":"initial","_element_custom_width":{"unit":"px","size":"25","sizes":[]},"text":"Divisor"},"elements":[],"isInner":false,"widgetType":"divider","elType":"widget"},{"id":"55e26090","settings":{"editor":"<p>Lorem ipsum dolor sit amet, consectetur adipiscing elit, sed do eiusmod tempor incididunt ut labore et dolore magna.&nbsp;<\/p>","typography_typography":"custom","typography_font_family":"Cairo","typography_font_size":{"unit":"em","size":"0.9","sizes":[]},"typography_text_transform":"none","typography_font_style":"normal","typography_text_decoration":"none","text_color":"#374951","typography_line_height":{"unit":"em","size":"1.6","sizes":[]},"align":"left","_margin":{"unit":"%","top":"0","right":"2","bottom":"0","left":"2","isLinked":""},"align_tablet":"center"},"elements":[],"isInner":false,"widgetType":"text-editor","elType":"widget"},{"id":"6f5eea31","settings":{"text":"more","size":"md","typography_typography":"custom","typography_font_family":"Cairo","typography_font_size":{"unit":"em","size":"1","sizes":[]},"typography_font_weight":"600","typography_text_transform":"uppercase","typography_font_style":"normal","typography_text_decoration":"none","button_text_color":"#ffffff","background_color":"#174052","border_radius":{"unit":"px","top":"0","right":"0","bottom":"0","left":"0","isLinked":"1"},"_padding":{"unit":"em","top":"0","right":"0","bottom":"0","left":"0","isLinked":""},"_element_width":"inherit","hover_animation":"grow","icon":"fa fa-angle-right","icon_align":"right","icon_indent":{"unit":"px","size":"23","sizes":[]},"align":"justify","align_tablet":"center","align_mobile":"justify","typography_letter_spacing":{"unit":"px","size":"1","sizes":[]},"button_box_shadow_box_shadow":{"horizontal":"0","vertical":"0","blur":"10","spread":"0","color":"#8bff56"},"_margin":{"unit":"%","top":"2","right":"2","bottom":"2","left":"2","isLinked":"1"},"selected_icon":{"value":"fas fa-angle-right","library":"fa-solid"}},"elements":[],"isInner":false,"widgetType":"button","elType":"widget"}],"isInner":"1","elType":"column"},{"id":"1466f0f8","settings":{"_column_size":"33","content_position":"space-around","align":"center","space_between_widgets":"5","background_background":"classic","background_color":"#ffffff","box_shadow_box_shadow":{"horizontal":"0","vertical":"0","blur":"8","spread":"0","color":"rgba(0,0,0,0.43)"},"margin":{"unit":"%","top":"3","right":"3","bottom":"3","left":"3","isLinked":"1"},"padding":{"unit":"em","top":"1","right":"1","bottom":"2","left":"1","isLinked":""},"margin_mobile":{"unit":"%","top":"5","right":"0","bottom":"15","left":"0","isLinked":""},"border_border":"solid","border_width":{"unit":"px","top":"2","right":"2","bottom":"2","left":"2","isLinked":"1"},"border_color":"rgba(2,113,130,0.54)"},"elements":[{"id":"2858b7d","settings":{"title":"02","header_size":"span","align":"left","title_color":"#ffffff","typography_typography":"custom","typography_font_family":"Cairo","typography_font_size":{"unit":"em","size":"1.8","sizes":[]},"typography_font_weight":"700","typography_text_transform":"capitalize","_margin":{"unit":"px","top":"-40","right":"0","bottom":"20","left":"0","isLinked":""},"_padding":{"unit":"px","top":"5","right":"5","bottom":"40","left":"5","isLinked":""},"_background_background":"classic","_background_image":{"url":"https:\/\/autoridadenodigital.com.br\/wp-content\/uploads\/2020\/02\/nina-z-snixPaBvfBo-unsplash.jpg","id":"1023"},"_background_position":"center center","_background_repeat":"no-repeat","_background_size":"cover","_border_border":"solid","_border_width":{"unit":"px","top":"0","right":"0","bottom":"2","left":"0","isLinked":""},"_border_color":"#238c8c","_border_radius":{"unit":"px","top":"0","right":"0","bottom":"0","left":"0","isLinked":"1"}},"elements":[],"isInner":false,"widgetType":"heading","elType":"widget"},{"id":"7a4331f9","settings":{"title":"cloud security","title_color":"#238c8c","typography_typography":"custom","typography_font_family":"Cairo","typography_font_size":{"unit":"em","size":"1.5","sizes":[]},"typography_font_weight":"600","typography_text_transform":"capitalize","typography_line_height":{"unit":"em","size":"1.2","sizes":[]},"_margin":{"unit":"%","top":"0","right":"0","bottom":"0","left":"0","isLinked":""},"typography_font_style":"normal","typography_text_decoration":"none","header_size":"h3","_animation":"fadeInUp","align":"center","typography_letter_spacing":{"unit":"px","size":"1","sizes":[]},"_element_width":"initial"},"elements":[],"isInner":false,"widgetType":"heading","elType":"widget"},{"id":"99dd7df","settings":{"weight":{"unit":"px","size":"2","sizes":[]},"color":"#29f48f","_margin":{"unit":"%","top":"0","right":"0","bottom":"0","left":"0","isLinked":""},"align":"left","_padding":{"unit":"em","top":"0","right":"0","bottom":"0","left":"1","isLinked":""},"gap":{"unit":"px","size":"18","sizes":[]},"_animation":"flash","_element_width":"initial","_element_custom_width":{"unit":"px","size":"46","sizes":[]},"text":"Divisor"},"elements":[],"isInner":false,"widgetType":"divider","elType":"widget"},{"id":"553e55cf","settings":{"editor":"<p>Lorem ipsum dolor sit amet, consectetur adipiscing elit, sed do eiusmod tempor incididunt ut labore et dolore magna.\u00a0<\/p>","typography_typography":"custom","typography_font_family":"Cairo","typography_font_size":{"unit":"em","size":"0.9","sizes":[]},"typography_text_transform":"none","typography_font_style":"normal","typography_text_decoration":"none","text_color":"#374951","typography_line_height":{"unit":"em","size":"1.6","sizes":[]},"align":"left","_margin":{"unit":"%","top":"0","right":"2","bottom":"0","left":"2","isLinked":""},"align_tablet":"center"},"elements":[],"isInner":false,"widgetType":"text-editor","elType":"widget"},{"id":"1d6c941b","settings":{"text":"more","size":"md","typography_typography":"custom","typography_font_family":"Cairo","typography_font_size":{"unit":"em","size":"1","sizes":[]},"typography_font_weight":"600","typography_text_transform":"uppercase","typography_font_style":"normal","typography_text_decoration":"none","button_text_color":"#ffffff","background_color":"#174052","border_radius":{"unit":"px","top":"0","right":"0","bottom":"0","left":"0","isLinked":"1"},"_padding":{"unit":"em","top":"0","right":"0","bottom":"0","left":"0","isLinked":""},"_element_width":"inherit","hover_animation":"grow","icon":"fa fa-angle-right","icon_align":"right","icon_indent":{"unit":"px","size":"23","sizes":[]},"align":"justify","align_tablet":"center","align_mobile":"justify","typography_letter_spacing":{"unit":"px","size":"1","sizes":[]},"button_box_shadow_box_shadow":{"horizontal":"0","vertical":"0","blur":"10","spread":"0","color":"#8bff56"},"_margin":{"unit":"%","top":"2","right":"2","bottom":"2","left":"2","isLinked":"1"},"selected_icon":{"value":"fas fa-angle-right","library":"fa-solid"}},"elements":[],"isInner":false,"widgetType":"button","elType":"widget"}],"isInner":"1","elType":"column"},{"id":"3677fccf","settings":{"_column_size":"33","content_position":"space-around","align":"center","space_between_widgets":"5","background_background":"classic","background_color":"#ffffff","box_shadow_box_shadow":{"horizontal":"0","vertical":"0","blur":"8","spread":"0","color":"rgba(0,0,0,0.43)"},"margin":{"unit":"%","top":"3","right":"3","bottom":"3","left":"3","isLinked":"1"},"padding":{"unit":"em","top":"1","right":"1","bottom":"2","left":"1","isLinked":""},"margin_mobile":{"unit":"%","top":"5","right":"0","bottom":"15","left":"0","isLinked":""},"border_border":"solid","border_width":{"unit":"px","top":"2","right":"2","bottom":"2","left":"2","isLinked":"1"},"border_color":"rgba(2,113,130,0.54)"},"elements":[{"id":"396fc00e","settings":{"title":"03","header_size":"span","align":"left","title_color":"#ffffff","typography_typography":"custom","typography_font_family":"Cairo","typography_font_size":{"unit":"em","size":"1.8","sizes":[]},"typography_font_weight":"700","typography_text_transform":"capitalize","_margin":{"unit":"px","top":"-40","right":"0","bottom":"20","left":"0","isLinked":""},"_padding":{"unit":"px","top":"5","right":"5","bottom":"40","left":"5","isLinked":""},"_background_background":"classic","_background_image":{"url":"https:\/\/autoridadenodigital.com.br\/wp-content\/uploads\/2020\/02\/noshad-ahmed-y9np19Fprmo-unsplash.jpg","id":"1021"},"_background_position":"center center","_background_repeat":"no-repeat","_background_size":"cover","_border_border":"solid","_border_width":{"unit":"px","top":"0","right":"0","bottom":"2","left":"0","isLinked":""},"_border_color":"#238c8c","_border_radius":{"unit":"px","top":"0","right":"0","bottom":"0","left":"0","isLinked":"1"}},"elements":[],"isInner":false,"widgetType":"heading","elType":"widget"},{"id":"6a0400b5","settings":{"title":"malware protection","title_color":"#238c8c","typography_typography":"custom","typography_font_family":"Cairo","typography_font_size":{"unit":"em","size":"1.4","sizes":[]},"typography_font_weight":"600","typography_text_transform":"capitalize","typography_line_height":{"unit":"em","size":"1.2","sizes":[]},"_margin":{"unit":"%","top":"0","right":"0","bottom":"0","left":"0","isLinked":""},"typography_font_style":"normal","typography_text_decoration":"none","header_size":"h3","_animation":"fadeInUp","align":"center","typography_letter_spacing":{"unit":"px","size":"1","sizes":[]},"_element_width":"initial"},"elements":[],"isInner":false,"widgetType":"heading","elType":"widget"},{"id":"5523bc0d","settings":{"weight":{"unit":"px","size":"2","sizes":[]},"color":"#29f48f","_margin":{"unit":"%","top":"0","right":"0","bottom":"0","left":"0","isLinked":""},"align":"left","_padding":{"unit":"em","top":"0","right":"0","bottom":"0","left":"0","isLinked":""},"gap":{"unit":"px","size":"18","sizes":[]},"_animation":"flash","_element_width":"initial","_element_custom_width":{"unit":"px","size":"25","sizes":[]},"text":"Divisor"},"elements":[],"isInner":false,"widgetType":"divider","elType":"widget"},{"id":"30a29d0f","settings":{"editor":"<p>Lorem ipsum dolor sit amet, consectetur adipiscing elit, sed do eiusmod tempor incididunt ut labore et dolore magna.\u00a0<\/p>","typography_typography":"custom","typography_font_family":"Cairo","typography_font_size":{"unit":"em","size":"0.9","sizes":[]},"typography_text_transform":"none","typography_font_style":"normal","typography_text_decoration":"none","text_color":"#374951","typography_line_height":{"unit":"em","size":"1.6","sizes":[]},"align":"left","_margin":{"unit":"%","top":"0","right":"2","bottom":"0","left":"2","isLinked":""},"align_tablet":"center"},"elements":[],"isInner":false,"widgetType":"text-editor","elType":"widget"},{"id":"54892443","settings":{"text":"more","size":"md","typography_typography":"custom","typography_font_family":"Cairo","typography_font_size":{"unit":"em","size":"1","sizes":[]},"typography_font_weight":"600","typography_text_transform":"uppercase","typography_font_style":"normal","typography_text_decoration":"none","button_text_color":"#ffffff","background_color":"#174052","border_radius":{"unit":"px","top":"0","right":"0","bottom":"0","left":"0","isLinked":"1"},"_padding":{"unit":"em","top":"0","right":"0","bottom":"0","left":"0","isLinked":""},"_element_width":"inherit","hover_animation":"grow","icon":"fa fa-angle-right","icon_align":"right","icon_indent":{"unit":"px","size":"23","sizes":[]},"align":"justify","align_tablet":"center","align_mobile":"justify","typography_letter_spacing":{"unit":"px","size":"1","sizes":[]},"button_box_shadow_box_shadow":{"horizontal":"0","vertical":"0","blur":"10","spread":"0","color":"#8bff56"},"_margin":{"unit":"%","top":"2","right":"2","bottom":"2","left":"2","isLinked":"1"},"selected_icon":{"value":"fas fa-angle-right","library":"fa-solid"}},"elements":[],"isInner":false,"widgetType":"button","elType":"widget"}],"isInner":"1","elType":"column"}],"isInner":"1","elType":"section"}],"isInner":"","elType":"column"}],"isInner":"","elType":"section"},{"id":"75f3a581","settings":{"custom_height":{"unit":"px","size":"294","sizes":[]},"html_tag":"section","background_background":"gradient","background_color":"#0a1d2b","padding":{"unit":"em","top":"2","right":"1","bottom":"5","left":"1","isLinked":""},"background_color_b":"#00484c","padding_mobile":{"unit":"em","top":"1","right":"1","bottom":"1","left":"1","isLinked":"1"},"height":"min-height","margin_mobile":{"unit":"px","top":"0","right":"0","bottom":"0","left":"0","isLinked":""},"padding_tablet":{"unit":"em","top":"2","right":"2","bottom":"4","left":"2","isLinked":""},"background_overlay_background":"classic","background_overlay_image":{"url":"https:\/\/autoridadenodigital.com.br\/wp-content\/uploads\/2020\/02\/philipp-katzenberger-iIJrUoeRoCQ-unsplash.jpg","id":"1024"},"background_overlay_position":"center center","background_overlay_attachment":"fixed","background_overlay_size":"cover","background_overlay_opacity":{"unit":"px","size":"0.4","sizes":[]},"overlay_blend_mode":"screen"},"elements":[{"id":"7b683ee4","settings":{"_column_size":"100","margin":{"unit":"px","top":"0","right":"0","bottom":"0","left":"0","isLinked":""},"padding":{"unit":"em","top":"1","right":"1","bottom":"1","left":"2","isLinked":""},"margin_tablet":{"unit":"px","top":"0","right":"0","bottom":"0","left":"0","isLinked":""},"margin_mobile":{"unit":"px","top":"0","right":"0","bottom":"0","left":"0","isLinked":""},"padding_tablet":{"unit":"px","top":"0","right":"0","bottom":"0","left":"0","isLinked":""},"padding_mobile":{"unit":"px","top":"0","right":"0","bottom":"0","left":"0","isLinked":""}},"elements":[{"id":"7f1a7221","settings":{"title":"Sobre a Empresa","title_color":"#ffffff","typography_typography":"custom","typography_font_family":"Cairo","typography_font_size":{"unit":"em","size":"3","sizes":[]},"typography_font_weight":"400","typography_text_transform":"capitalize","typography_line_height":{"unit":"em","size":"1.2","sizes":[]},"_margin":{"unit":"%","top":"0","right":"0","bottom":"0","left":"0","isLinked":""},"align":"center","align_mobile":"left","typography_font_size_mobile":{"unit":"rem","size":"1.9","sizes":[]},"_margin_tablet":{"unit":"px","top":"0","right":"0","bottom":"0","left":"0","isLinked":""},"_padding":{"unit":"em","top":"0","right":"0","bottom":"2","left":"0","isLinked":""},"_padding_tablet":{"unit":"px","top":"0","right":"0","bottom":"0","left":"0","isLinked":""},"_animation":"fadeInUp","_element_width":"auto","_element_width_mobile":"initial","_element_custom_width_mobile":{"unit":"px","size":"267","sizes":[]}},"elements":[],"isInner":false,"widgetType":"heading","elType":"widget"},{"id":"3c3d26a1","settings":{"weight":{"unit":"px","size":"2","sizes":[]},"color":"#29f48f","_margin":{"unit":"%","top":"0","right":"0","bottom":"0","left":"0","isLinked":""},"align":"left","_padding":{"unit":"em","top":"0","right":"0","bottom":"0","left":"1","isLinked":""},"gap":{"unit":"px","size":"45","sizes":[]},"_animation":"flash","_element_width":"initial","_element_width_mobile":"initial","_element_custom_width":{"unit":"px","size":"46","sizes":[]},"_element_custom_width_mobile":{"unit":"px","size":"36","sizes":[]},"text":"Divisor"},"elements":[],"isInner":false,"widgetType":"divider","elType":"widget"},{"id":"6184a830","settings":{"editor":"<p>Imperdiet nulla malesuada pellentesque elit eget gravida cum. Malesuada fames ac turpis egestas integer eget aliquet. Fames ac turpis egestas sed tempus urna et pharetra. Vulputate sapien nec sagittis aliquam. Lorem ipsum dolor sit amet, consectetur adipiscing elit, sed do eiusmod tempor incididunt ut labore et dolore magna aliqua. Ut enim ad minim veniam, quis nostrud exercitation ullamco laboris nisi ut aliquip ex ea commodo consequat. Duis aute irure dolor in reprehenderit in voluptate velit esse cillum dolore eu fugiat nulla pariatur. Excepteur sint occaecat cupidatat non proident, sunt in culpa qui officia deserunt mollit anim id est laborum.<\/p>","align":"left","text_color":"#ffffff","typography_typography":"custom","typography_font_family":"Cairo","typography_font_size":{"unit":"em","size":"1","sizes":[]},"typography_text_transform":"none","typography_font_style":"normal","typography_text_decoration":"none","_margin":{"unit":"%","top":"0","right":"2","bottom":"0","left":"0","isLinked":""},"typography_line_height":{"unit":"em","size":"1.6","sizes":[]},"text_columns":"2","column_gap":{"unit":"px","size":"92","sizes":[]},"text_columns_mobile":"1"},"elements":[],"isInner":false,"widgetType":"text-editor","elType":"widget"}],"isInner":"","elType":"column"}],"isInner":"","elType":"section"},{"id":"358c18b1","settings":{"gap":"no","structure":"20","background_background":"classic","background_color":"#ffffff","padding":{"unit":"em","top":"0","right":"0","bottom":"0","left":"0","isLinked":""},"html_tag":"section"},"elements":[{"id":"316949e8","settings":{"_column_size":"50","background_color":"#ffffff","background_image":{"url":"https:\/\/wp.envatoextensions.com\/kit-185\/wp-content\/uploads\/sites\/179\/2019\/07\/lebenslauf-org-50BqyYH0NjA-unsplash.jpg","id":"61"},"background_position":"center center","background_repeat":"no-repeat","background_size":"cover","margin":{"unit":"%","top":"-25","right":"0","bottom":"0","left":"03","isLinked":""},"padding":{"unit":"em","top":"1","right":"1","bottom":"1","left":"1","isLinked":""},"margin_mobile":{"unit":"px","top":"-18","right":"5","bottom":"0","left":"5","isLinked":""}},"elements":[{"id":"37523655","settings":{"image":{"url":"https:\/\/autoridadenodigital.com.br\/wp-content\/uploads\/2020\/02\/squares-trans.png","id":"1025"},"css_filters_css_filter":"custom","css_filters_hue":{"unit":"px","size":"338","sizes":[]},"_margin":{"unit":"px","top":"-24","right":"0","bottom":"-43","left":"0","isLinked":""}},"elements":[],"isInner":false,"widgetType":"image","elType":"widget"},{"id":"6a68b04c","settings":{"structure":"20"},"elements":[{"id":"652f653e","settings":{"_column_size":"50"},"elements":[{"id":"52e9e2fa","settings":{"title":"hardware","percent":{"unit":"%","size":"89","sizes":[]},"inner_text":"","bar_color":"#4ce09d","bar_bg_color":"#144659","title_color":"#ffffff","typography_typography":"custom","typography_font_family":"Cairo","typography_font_size":{"unit":"em","size":"0.8","sizes":[]},"typography_font_weight":"400","typography_text_transform":"uppercase","typography_font_style":"normal","typography_text_decoration":"none","_margin":{"unit":"%","top":"0","right":"0","bottom":"0","left":"0","isLinked":""},"_padding":{"unit":"em","top":"1","right":"1","bottom":"1","left":"1","isLinked":"1"},"_background_background":"classic","_background_color":"#2d657a","typography_line_height":{"unit":"em","size":"0.2","sizes":[]},"typography_letter_spacing":{"unit":"px","size":"1","sizes":[]}},"elements":[],"isInner":false,"widgetType":"progress","elType":"widget"},{"id":"259c128e","settings":{"title":"comunications","percent":{"unit":"%","size":"46","sizes":[]},"inner_text":"","bar_color":"#4ce09d","bar_bg_color":"#144659","title_color":"#ffffff","typography_typography":"custom","typography_font_family":"Cairo","typography_font_size":{"unit":"em","size":"0.8","sizes":[]},"typography_font_weight":"400","typography_text_transform":"uppercase","typography_font_style":"normal","typography_text_decoration":"none","_margin":{"unit":"%","top":"0","right":"0","bottom":"0","left":"0","isLinked":""},"_padding":{"unit":"em","top":"1","right":"1","bottom":"1","left":"1","isLinked":"1"},"_background_background":"classic","_background_color":"#238c8c","typography_line_height":{"unit":"em","size":"0.2","sizes":[]},"typography_letter_spacing":{"unit":"px","size":"1","sizes":[]}},"elements":[],"isInner":false,"widgetType":"progress","elType":"widget"}],"isInner":"1","elType":"column"},{"id":"55ad66ec","settings":{"_column_size":"50"},"elements":[{"id":"3ad54f9b","settings":{"title":"software","percent":{"unit":"%","size":"100","sizes":[]},"inner_text":"","bar_color":"#4ce09d","bar_bg_color":"#144659","title_color":"#ffffff","typography_typography":"custom","typography_font_family":"Cairo","typography_font_size":{"unit":"em","size":"0.8","sizes":[]},"typography_font_weight":"400","typography_text_transform":"uppercase","typography_font_style":"normal","typography_text_decoration":"none","_margin":{"unit":"%","top":"0","right":"0","bottom":"0","left":"0","isLinked":""},"_padding":{"unit":"em","top":"1","right":"1","bottom":"1","left":"1","isLinked":"1"},"_background_background":"classic","_background_color":"#2a4154","typography_line_height":{"unit":"em","size":"0.2","sizes":[]},"typography_letter_spacing":{"unit":"px","size":"1","sizes":[]}},"elements":[],"isInner":false,"widgetType":"progress","elType":"widget"},{"id":"4e877e89","settings":{"title":"end point","percent":{"unit":"%","size":"77","sizes":[]},"inner_text":"","bar_color":"#4ce09d","bar_bg_color":"#144659","title_color":"#ffffff","typography_typography":"custom","typography_font_family":"Cairo","typography_font_size":{"unit":"em","size":"0.8","sizes":[]},"typography_font_weight":"400","typography_text_transform":"uppercase","typography_font_style":"normal","typography_text_decoration":"none","_margin":{"unit":"%","top":"0","right":"0","bottom":"0","left":"0","isLinked":""},"_padding":{"unit":"em","top":"1","right":"1","bottom":"1","left":"1","isLinked":"1"},"_background_background":"classic","_background_color":"#41788c","typography_line_height":{"unit":"em","size":"0.2","sizes":[]},"typography_letter_spacing":{"unit":"px","size":"1","sizes":[]}},"elements":[],"isInner":false,"widgetType":"progress","elType":"widget"}],"isInner":"1","elType":"column"}],"isInner":"1","elType":"section"}],"isInner":"","elType":"column"},{"id":"2701da55","settings":{"_column_size":"50","padding":{"unit":"em","top":"4","right":"4","bottom":"4","left":"4","isLinked":"1"},"space_between_widgets":"10","padding_mobile":{"unit":"em","top":"1","right":"1","bottom":"2","left":"1","isLinked":""},"margin":{"unit":"px","top":"0","right":"0","bottom":"0","left":"0","isLinked":""}},"elements":[{"id":"6c657eea","settings":{"structure":"20","gap":"no"},"elements":[{"id":"4e902ba9","settings":{"_column_size":"50","_inline_size":"82.353","_inline_size_tablet":"80","content_position":"bottom"},"elements":[{"id":"1740a485","settings":{"title":"O que protegemos","title_color":"#238c8c","typography_typography":"custom","typography_font_family":"Cairo","typography_font_size":{"unit":"em","size":2.70000000000000017763568394002504646778106689453125,"sizes":[]},"typography_font_weight":"600","typography_line_height":{"unit":"em","size":"0.9","sizes":[]},"_margin":{"unit":"%","top":"0","right":"0","bottom":"0","left":"0","isLinked":""},"align":"left","_padding":{"unit":"em","top":"0","right":"0","bottom":"2","left":"0","isLinked":""},"_margin_tablet":{"unit":"px","top":"0","right":"0","bottom":"0","left":"0","isLinked":""},"_padding_tablet":{"unit":"px","top":"0","right":"0","bottom":"0","left":"0","isLinked":""},"_animation":"fadeInUp","typography_letter_spacing":{"unit":"px","size":"1","sizes":[]},"_element_custom_width":{"unit":"px","size":"267","sizes":[]}},"elements":[],"isInner":false,"widgetType":"heading","elType":"widget"}],"isInner":"1","elType":"column"},{"id":"55db5b38","settings":{"_column_size":"50","_inline_size":"17.639","content_position":"bottom","padding_tablet":{"unit":"px","top":"0","right":"0","bottom":"0","left":"0","isLinked":"1"},"_inline_size_tablet":"20"},"elements":[{"id":"ce4b78a","settings":{"weight":{"unit":"px","size":"2","sizes":[]},"color":"#29f48f","_margin":{"unit":"%","top":"0","right":"0","bottom":"0","left":"0","isLinked":""},"width":{"unit":"%","size":"98","sizes":[]},"align":"left","_padding":{"unit":"em","top":"0","right":"0","bottom":"0","left":"1","isLinked":""},"gap":{"unit":"px","size":"37","sizes":[]},"gap_tablet":{"unit":"px","size":"17","sizes":[]},"_animation":"flash","_element_width":"initial","_element_custom_width":{"unit":"px","size":"46"},"_element_vertical_align":"flex-start","text":"Divisor"},"elements":[],"isInner":false,"widgetType":"divider","elType":"widget"}],"isInner":"1","elType":"column"}],"isInner":"1","elType":"section"},{"id":"768c09b","settings":{"editor":"<p>Imperdiet nulla malesuada pellentesque elit eget gravida cum. Malesuada fames ac turpis egestas integer eget aliquet. Fames ac turpis egestas sed tempus urna et pharetra. Vulputate sapien nec sagittis aliquam.\u00a0<\/p>","align":"left","text_color":"#374951","typography_typography":"custom","typography_font_family":"Cairo","typography_font_size":{"unit":"em","size":"1","sizes":[]},"typography_text_transform":"none","typography_font_style":"normal","typography_text_decoration":"none","_margin":{"unit":"%","top":"0","right":"2","bottom":"0","left":"0","isLinked":""},"typography_line_height":{"unit":"em","size":"1.6","sizes":[]}},"elements":[],"isInner":false,"widgetType":"text-editor","elType":"widget"},{"id":"593566e5","settings":{"icon_list":[{"text":"Lorem ipsum dolor sit amet","icon":"fa fa-check","_id":"0a206e4","link":{"url":"","is_external":"","nofollow":""},"selected_icon":{"value":"fas fa-check","library":"fa-solid"}},{"text":"Lorem ipsum dolor sit amet","icon":"fa fa-check","_id":"91ead72","link":{"url":"","is_external":"","nofollow":""},"selected_icon":{"value":"fas fa-check","library":"fa-solid"}},{"text":"Lorem ipsum dolor sit amet","icon":"fa fa-check","_id":"e7fcd7b","link":{"url":"","is_external":"","nofollow":""},"selected_icon":{"value":"fas fa-check","library":"fa-solid"}}],"space_between":{"unit":"px","size":"19","sizes":[]},"icon_color":"#29f48f","icon_size":{"unit":"px","size":"19","sizes":[]},"text_color":"#3a5059","icon_typography_typography":"custom","icon_typography_font_family":"Cairo","icon_typography_font_size":{"unit":"em","size":"1.1","sizes":[]},"icon_typography_font_style":"normal","icon_typography_text_decoration":"none","_padding":{"unit":"em","top":"0","right":"0","bottom":"2","left":"0","isLinked":""},"text_indent":{"unit":"px","size":"18","sizes":[]}},"elements":[],"isInner":false,"widgetType":"icon-list","elType":"widget"},{"id":"38dd976e","settings":{"text":"Request Demo","size":"md","icon":"fa fa-location-arrow","icon_align":"right","icon_indent":{"unit":"px","size":"19","sizes":[]},"typography_typography":"custom","typography_font_family":"Cairo","typography_font_size":{"unit":"em","size":"1","sizes":[]},"typography_font_weight":"600","typography_text_transform":"uppercase","typography_font_style":"normal","typography_text_decoration":"none","button_text_color":"#144659","background_color":"#29f48f","hover_animation":"grow","border_radius":{"unit":"px","top":"0","right":"0","bottom":"0","left":"0","isLinked":"1"},"_padding":{"unit":"em","top":"1","right":"1","bottom":"1","left":"0","isLinked":""},"_element_width":"auto","align_mobile":"justify","typography_font_size_mobile":{"unit":"em","size":"1.1","sizes":[]},"_margin_mobile":{"unit":"px","top":"0","right":"0","bottom":"0","left":"0","isLinked":""},"_padding_mobile":{"unit":"em","top":"1","right":"0","bottom":"6","left":"0","isLinked":""},"_element_width_mobile":"inherit","typography_letter_spacing":{"unit":"px","size":"1","sizes":[]},"selected_icon":{"value":"fas fa-location-arrow","library":"fa-solid"}},"elements":[],"isInner":false,"widgetType":"button","elType":"widget"}],"isInner":"","elType":"column"}],"isInner":"","elType":"section"}]}