{"version":"0.4","title":"Ciber 4","type":"page","content":[{"id":"46aa7f7b","settings":{"background_background":"classic","background_color":"#ffffff","background_color_b":"#78ffd6","background_overlay_background":"gradient","padding":{"unit":"em","top":"1","right":"0","bottom":"0","left":"3","isLinked":""},"height":"min-height","custom_height":{"unit":"vh","size":"40","sizes":[]},"overflow":"hidden","background_gradient_angle":{"unit":"deg","size":"80","sizes":[]},"background_image":{"url":"https:\/\/autoridadenodigital.com.br\/wp-content\/uploads\/2020\/02\/philipp-katzenberger-iIJrUoeRoCQ-unsplash.jpg","id":"1024"},"background_position":"center center","background_size":"cover","background_motion_fx_translateY_effect":"yes","background_motion_fx_translateY_affectedRange":{"unit":"%","size":"","sizes":{"start":"0","end":"91"}},"background_motion_fx_translateX_speed":{"unit":"px","size":"7.7","sizes":[]},"background_motion_fx_translateX_affectedRange":{"unit":"%","size":"","sizes":{"start":"32","end":"100"}},"background_motion_fx_opacity_direction":"in-out","background_motion_fx_opacity_range":{"unit":"%","size":"","sizes":{"start":"52","end":"80"}},"background_overlay_color":"#00293a","background_overlay_color_b":"rgba(0,84,89,0.81)","background_overlay_opacity":{"unit":"px","size":"0.91","sizes":[]},"shape_divider_bottom_height":{"unit":"px","size":"145","sizes":[]},"shape_divider_bottom_flip":"yes","padding_mobile":{"unit":"em","top":"3","right":"1","bottom":"1","left":"1","isLinked":""}},"elements":[{"id":"278ac517","settings":{"_column_size":"100","content_position":"center","space_between_widgets":"10","margin":{"unit":"%","top":"0","right":"50","bottom":"0","left":"0","isLinked":""},"padding":{"unit":"em","top":"0","right":"2","bottom":"0","left":"2","isLinked":""},"margin_mobile":{"unit":"px","top":"0","right":"0","bottom":"0","left":"0","isLinked":"1"},"padding_mobile":{"unit":"px","top":"0","right":"0","bottom":"0","left":"0","isLinked":"1"}},"elements":[{"id":"11999f34","settings":{"title":"Nossos Servi\u00e7os","header_size":"h1","title_color":"#ffffff","typography_typography":"custom","typography_font_family":"Maven Pro","typography_font_size":{"unit":"em","size":"4","sizes":[]},"typography_font_weight":"500","_margin":{"unit":"%","top":"4","right":"0","bottom":"0","left":"0","isLinked":""},"align_mobile":"left","typography_font_size_mobile":{"unit":"em","size":"2.2","sizes":[]},"_padding":{"unit":"em","top":"0","right":"0","bottom":"0","left":"0","isLinked":""},"_element_custom_width":{"unit":"px","size":"468","sizes":[]}},"elements":[],"isInner":false,"widgetType":"heading","elType":"widget"},{"id":"65fb1c15","settings":{"weight":{"unit":"px","size":"2","sizes":[]},"color":"#29f48f","_margin":{"unit":"%","top":"0","right":"0","bottom":"0","left":"0","isLinked":""},"align":"left","_padding":{"unit":"em","top":"0","right":"0","bottom":"0","left":"1","isLinked":""},"align_mobile":"left","gap":{"unit":"px","size":"31","sizes":[]},"gap_mobile":{"unit":"px","size":"3","sizes":[]},"_padding_mobile":{"unit":"px","top":"0","right":"0","bottom":"0","left":"0","isLinked":"1"},"_animation":"flash","_element_width":"initial","_element_custom_width":{"unit":"px","size":"46","sizes":[]},"_position":"absolute","_offset_x":{"size":"374","unit":"px"},"_offset_y":{"size":"46","unit":"px"},"text":"Divisor"},"elements":[],"isInner":false,"widgetType":"divider","elType":"widget"},{"id":"2faced31","settings":{"title":"Lorem ipsum dolor sit amet, consectetur adipiscing elit. Proin lobortis justo eget sem maximus imperdiet.","header_size":"p","title_color":"#ffffff","typography_typography":"custom","typography_font_family":"Cairo","typography_font_size":{"unit":"em","size":"1.2","sizes":[]},"typography_font_weight":"300","typography_line_height":{"unit":"em","size":"1.3","sizes":[]},"_margin":{"unit":"px","top":"25","right":"0","bottom":"0","left":"0","isLinked":""},"_padding":{"unit":"px","top":"0","right":"0","bottom":"0","left":"0","isLinked":""},"align_mobile":"left","typography_font_size_mobile":{"unit":"rem","size":"0.9","sizes":[]},"typography_line_height_mobile":{"unit":"em","size":"1.6","sizes":[]}},"elements":[],"isInner":false,"widgetType":"heading","elType":"widget"}],"isInner":"","elType":"column"}],"isInner":"","elType":"section"},{"id":"7d3158c3","settings":{"padding":{"unit":"em","top":"3","right":"1","bottom":"4","left":"1","isLinked":""},"html_tag":"section","background_background":"classic","background_color":"#ffffff"},"elements":[{"id":"3159bf20","settings":{"_column_size":"100","space_between_widgets":"10","padding":{"unit":"em","top":"1","right":"5","bottom":"1","left":"2","isLinked":""},"margin_tablet":{"unit":"px","top":"0","right":"0","bottom":"0","left":"0","isLinked":""},"padding_tablet":{"unit":"em","top":"0","right":"0","bottom":"5","left":"0","isLinked":""},"padding_mobile":{"unit":"px","top":"0","right":"0","bottom":"0","left":"0","isLinked":"1"}},"elements":[{"id":"1d075fe7","settings":{"image":{"url":"https:\/\/wp.envatoextensions.com\/kit-185\/wp-content\/uploads\/sites\/179\/2019\/07\/shield_security2.png","id":"58"},"width":{"unit":"%","size":"5","sizes":[]},"width_mobile":{"unit":"%","size":"18","sizes":[]}},"elements":[],"isInner":false,"widgetType":"image","elType":"widget"},{"id":"485ca569","settings":{"structure":"20"},"elements":[{"id":"1afc9642","settings":{"_column_size":"50","_inline_size":"57.347","_inline_size_tablet":"60"},"elements":[{"id":"43229d13","settings":{"title":"Livre sua empresa de ataques inesperados","title_color":"#238c8c","typography_typography":"custom","typography_font_family":"Cairo","typography_font_size":{"unit":"em","size":"3","sizes":[]},"typography_font_weight":"600","typography_line_height":{"unit":"em","size":"1.1","sizes":[]},"_margin":{"unit":"%","top":"0","right":"0","bottom":"0","left":"0","isLinked":""},"align":"left","header_size":"p","_padding":{"unit":"em","top":"0","right":"0","bottom":"2","left":"0","isLinked":""},"_margin_tablet":{"unit":"px","top":"0","right":"0","bottom":"0","left":"0","isLinked":""},"_padding_tablet":{"unit":"px","top":"0","right":"0","bottom":"0","left":"0","isLinked":""},"_animation":"fadeInUp","typography_font_size_mobile":{"unit":"rem","size":"1.4","sizes":[]},"_element_custom_width":{"unit":"px","size":"555","sizes":[]}},"elements":[],"isInner":false,"widgetType":"heading","elType":"widget"}],"isInner":"1","elType":"column"},{"id":"7ecd31cf","settings":{"_column_size":"50","_inline_size":"42.653","_inline_size_tablet":"40","content_position":"bottom","padding":{"unit":"em","top":"0","right":"0","bottom":"2","left":"0","isLinked":""},"padding_tablet":{"unit":"px","top":"0","right":"0","bottom":"0","left":"0","isLinked":"1"},"space_between_widgets":"0"},"elements":[{"id":"2b49ecd","settings":{"editor":"<p>Lorem ipsum dolor sit amet, consectetur adipiscing elit, sed do eiusmod tempor incididunt ut labore et dolore magna aliqua.<\/p>","align":"justify","text_color":"#374951","typography_typography":"custom","typography_font_family":"Cairo","typography_font_size":{"unit":"em","size":"1","sizes":[]},"typography_text_transform":"none","typography_font_style":"normal","typography_text_decoration":"none","typography_line_height":{"unit":"em","size":"1.6","sizes":[]},"_margin":{"unit":"%","top":"0","right":"2","bottom":"0","left":"0","isLinked":""},"align_mobile":"left","align_tablet":"left"},"elements":[],"isInner":false,"widgetType":"text-editor","elType":"widget"},{"id":"7f63e08d","settings":{"weight":{"unit":"px","size":"2","sizes":[]},"color":"#29f48f","_margin":{"unit":"%","top":"0","right":"0","bottom":"0","left":"0","isLinked":""},"align":"left","_padding":{"unit":"em","top":"0","right":"1","bottom":"0","left":"0","isLinked":""},"gap":{"unit":"px","size":"18","sizes":[]},"_animation":"flash","_element_width":"initial","_element_custom_width":{"unit":"px","size":"46","sizes":[]},"text":"Divisor"},"elements":[],"isInner":false,"widgetType":"divider","elType":"widget"}],"isInner":"1","elType":"column"}],"isInner":"1","elType":"section"},{"id":"73112ac1","settings":{"structure":"30","background_background":"classic","margin":{"unit":"px","top":"0","right":"0","bottom":"0","left":"0","isLinked":""},"padding":{"unit":"em","top":"4","right":"0","bottom":"0","left":"10","isLinked":""},"padding_tablet":{"unit":"em","top":"3","right":"0","bottom":"0","left":"0","isLinked":""}},"elements":[{"id":"25e15472","settings":{"_column_size":"33","content_position":"space-around","align":"center","space_between_widgets":"5","background_background":"classic","background_color":"#ffffff","box_shadow_box_shadow":{"horizontal":"0","vertical":"0","blur":"8","spread":"0","color":"rgba(0,0,0,0.43)"},"margin":{"unit":"%","top":"3","right":"3","bottom":"3","left":"3","isLinked":"1"},"padding":{"unit":"em","top":"1","right":"1","bottom":"2","left":"1","isLinked":""},"margin_mobile":{"unit":"%","top":"5","right":"0","bottom":"15","left":"0","isLinked":""},"border_border":"solid","border_width":{"unit":"px","top":"2","right":"2","bottom":"2","left":"2","isLinked":"1"},"border_color":"rgba(2,113,130,0.54)"},"elements":[{"id":"1d6e2eab","settings":{"title":"01","header_size":"span","align":"left","title_color":"#ffffff","typography_typography":"custom","typography_font_family":"Cairo","typography_font_size":{"unit":"em","size":"1.8","sizes":[]},"typography_font_weight":"700","typography_text_transform":"capitalize","_margin":{"unit":"px","top":"-40","right":"0","bottom":"20","left":"0","isLinked":""},"_padding":{"unit":"px","top":"5","right":"5","bottom":"40","left":"15","isLinked":""},"_background_background":"classic","_background_position":"center center","_background_repeat":"no-repeat","_background_size":"cover","_border_border":"solid","_border_width":{"unit":"px","top":"0","right":"0","bottom":"2","left":"0","isLinked":""},"_border_color":"#238c8c","_border_radius":{"unit":"px","top":"0","right":"0","bottom":"0","left":"0","isLinked":"1"},"_background_color":"#2d657a"},"elements":[],"isInner":false,"widgetType":"heading","elType":"widget"},{"id":"17aba29c","settings":{"title":"end point security","title_color":"#238c8c","typography_typography":"custom","typography_font_family":"Cairo","typography_font_size":{"unit":"em","size":"1.5","sizes":[]},"typography_font_weight":"600","typography_text_transform":"capitalize","typography_line_height":{"unit":"em","size":"1.2","sizes":[]},"_margin":{"unit":"%","top":"0","right":"0","bottom":"0","left":"0","isLinked":""},"typography_font_style":"normal","typography_text_decoration":"none","header_size":"h3","_animation":"fadeInUp","align":"center","typography_letter_spacing":{"unit":"px","size":"1","sizes":[]},"_element_width":"initial"},"elements":[],"isInner":false,"widgetType":"heading","elType":"widget"},{"id":"314f04e6","settings":{"weight":{"unit":"px","size":"2","sizes":[]},"color":"#29f48f","_margin":{"unit":"%","top":"0","right":"0","bottom":"0","left":"0","isLinked":""},"align":"left","_padding":{"unit":"em","top":"0","right":"0","bottom":"0","left":"0","isLinked":""},"gap":{"unit":"px","size":"18","sizes":[]},"_animation":"flash","_element_width":"initial","_element_custom_width":{"unit":"px","size":"25","sizes":[]},"text":"Divisor"},"elements":[],"isInner":false,"widgetType":"divider","elType":"widget"},{"id":"2334f4b0","settings":{"editor":"<p>Lorem ipsum dolor sit amet, consectetur adipiscing elit, sed do eiusmod tempor incididunt ut labore et dolore magna.&nbsp;<\/p>","typography_typography":"custom","typography_font_family":"Cairo","typography_font_size":{"unit":"em","size":"0.9","sizes":[]},"typography_text_transform":"none","typography_font_style":"normal","typography_text_decoration":"none","text_color":"#374951","typography_line_height":{"unit":"em","size":"1.6","sizes":[]},"align":"left","_margin":{"unit":"%","top":"0","right":"2","bottom":"0","left":"2","isLinked":""}},"elements":[],"isInner":false,"widgetType":"text-editor","elType":"widget"},{"id":"296bd382","settings":{"text":"more","size":"md","typography_typography":"custom","typography_font_family":"Cairo","typography_font_size":{"unit":"em","size":"1","sizes":[]},"typography_font_weight":"500","typography_text_transform":"uppercase","typography_font_style":"normal","typography_text_decoration":"none","button_text_color":"#ffffff","background_color":"#174052","border_radius":{"unit":"px","top":"0","right":"0","bottom":"0","left":"0","isLinked":"1"},"_padding":{"unit":"em","top":"0","right":"0","bottom":"0","left":"0","isLinked":""},"_element_width":"inherit","hover_animation":"grow","icon":"fa fa-angle-right","icon_align":"right","icon_indent":{"unit":"px","size":"23","sizes":[]},"align":"justify","align_tablet":"center","align_mobile":"justify","typography_letter_spacing":{"unit":"px","size":"1","sizes":[]},"button_box_shadow_box_shadow":{"horizontal":"0","vertical":"0","blur":"10","spread":"0","color":"#8bff56"},"_margin":{"unit":"%","top":"2","right":"2","bottom":"2","left":"2","isLinked":"1"},"selected_icon":{"value":"fas fa-angle-right","library":"fa-solid"}},"elements":[],"isInner":false,"widgetType":"button","elType":"widget"}],"isInner":"1","elType":"column"},{"id":"50986f4a","settings":{"_column_size":"33","content_position":"space-around","align":"center","space_between_widgets":"5","background_background":"classic","background_color":"#ffffff","box_shadow_box_shadow":{"horizontal":"0","vertical":"0","blur":"8","spread":"0","color":"rgba(0,0,0,0.43)"},"margin":{"unit":"%","top":"3","right":"3","bottom":"3","left":"3","isLinked":"1"},"padding":{"unit":"em","top":"1","right":"1","bottom":"2","left":"1","isLinked":""},"margin_mobile":{"unit":"%","top":"5","right":"0","bottom":"15","left":"0","isLinked":""},"border_border":"solid","border_width":{"unit":"px","top":"2","right":"2","bottom":"2","left":"2","isLinked":"1"},"border_color":"rgba(2,113,130,0.54)"},"elements":[{"id":"429fbe1b","settings":{"title":"02","header_size":"span","align":"left","title_color":"#ffffff","typography_typography":"custom","typography_font_family":"Cairo","typography_font_size":{"unit":"em","size":"1.8","sizes":[]},"typography_font_weight":"700","typography_text_transform":"capitalize","_margin":{"unit":"px","top":"-40","right":"0","bottom":"20","left":"0","isLinked":""},"_padding":{"unit":"px","top":"5","right":"5","bottom":"40","left":"15","isLinked":""},"_background_background":"classic","_background_position":"center center","_background_repeat":"no-repeat","_background_size":"cover","_border_border":"solid","_border_width":{"unit":"px","top":"0","right":"0","bottom":"2","left":"0","isLinked":""},"_border_color":"#238c8c","_border_radius":{"unit":"px","top":"0","right":"0","bottom":"0","left":"0","isLinked":"1"},"_background_color":"#238c8c"},"elements":[],"isInner":false,"widgetType":"heading","elType":"widget"},{"id":"3e3adadf","settings":{"title":"cloud security","title_color":"#238c8c","typography_typography":"custom","typography_font_family":"Cairo","typography_font_size":{"unit":"em","size":"1.5","sizes":[]},"typography_font_weight":"600","typography_text_transform":"capitalize","typography_line_height":{"unit":"em","size":"1.2","sizes":[]},"_margin":{"unit":"%","top":"0","right":"0","bottom":"0","left":"0","isLinked":""},"typography_font_style":"normal","typography_text_decoration":"none","header_size":"h3","_animation":"fadeInUp","align":"center","typography_letter_spacing":{"unit":"px","size":"1","sizes":[]},"_element_width":"initial"},"elements":[],"isInner":false,"widgetType":"heading","elType":"widget"},{"id":"14e946d6","settings":{"weight":{"unit":"px","size":"2","sizes":[]},"color":"#29f48f","_margin":{"unit":"%","top":"0","right":"0","bottom":"0","left":"0","isLinked":""},"align":"left","_padding":{"unit":"em","top":"0","right":"0","bottom":"0","left":"1","isLinked":""},"gap":{"unit":"px","size":"18","sizes":[]},"_animation":"flash","_element_width":"initial","_element_custom_width":{"unit":"px","size":"46","sizes":[]},"text":"Divisor"},"elements":[],"isInner":false,"widgetType":"divider","elType":"widget"},{"id":"2c358dcf","settings":{"editor":"<p>Lorem ipsum dolor sit amet, consectetur adipiscing elit, sed do eiusmod tempor incididunt ut labore et dolore magna.\u00a0<\/p>","typography_typography":"custom","typography_font_family":"Cairo","typography_font_size":{"unit":"em","size":"0.9","sizes":[]},"typography_text_transform":"none","typography_font_style":"normal","typography_text_decoration":"none","text_color":"#374951","typography_line_height":{"unit":"em","size":"1.6","sizes":[]},"align":"left","_margin":{"unit":"%","top":"0","right":"2","bottom":"0","left":"2","isLinked":""}},"elements":[],"isInner":false,"widgetType":"text-editor","elType":"widget"},{"id":"7dd19ef7","settings":{"text":"more","size":"md","typography_typography":"custom","typography_font_family":"Cairo","typography_font_size":{"unit":"em","size":"1","sizes":[]},"typography_font_weight":"500","typography_text_transform":"uppercase","typography_font_style":"normal","typography_text_decoration":"none","button_text_color":"#ffffff","background_color":"#174052","border_radius":{"unit":"px","top":"0","right":"0","bottom":"0","left":"0","isLinked":"1"},"_padding":{"unit":"em","top":"0","right":"0","bottom":"0","left":"0","isLinked":""},"_element_width":"inherit","hover_animation":"grow","icon":"fa fa-angle-right","icon_align":"right","icon_indent":{"unit":"px","size":"23","sizes":[]},"align":"justify","align_tablet":"center","align_mobile":"justify","typography_letter_spacing":{"unit":"px","size":"1","sizes":[]},"button_box_shadow_box_shadow":{"horizontal":"0","vertical":"0","blur":"10","spread":"0","color":"#8bff56"},"_margin":{"unit":"%","top":"2","right":"2","bottom":"2","left":"2","isLinked":"1"},"selected_icon":{"value":"fas fa-angle-right","library":"fa-solid"}},"elements":[],"isInner":false,"widgetType":"button","elType":"widget"}],"isInner":"1","elType":"column"},{"id":"27508ca7","settings":{"_column_size":"33","content_position":"space-around","align":"center","space_between_widgets":"5","background_background":"classic","background_color":"#ffffff","box_shadow_box_shadow":{"horizontal":"0","vertical":"0","blur":"8","spread":"0","color":"rgba(0,0,0,0.43)"},"margin":{"unit":"%","top":"3","right":"3","bottom":"3","left":"3","isLinked":"1"},"padding":{"unit":"em","top":"1","right":"1","bottom":"2","left":"1","isLinked":""},"margin_mobile":{"unit":"%","top":"5","right":"0","bottom":"15","left":"0","isLinked":""},"border_border":"solid","border_width":{"unit":"px","top":"2","right":"2","bottom":"2","left":"2","isLinked":"1"},"border_color":"rgba(2,113,130,0.54)"},"elements":[{"id":"677cb6cd","settings":{"title":"03","header_size":"span","align":"left","title_color":"#ffffff","typography_typography":"custom","typography_font_family":"Cairo","typography_font_size":{"unit":"em","size":"1.8","sizes":[]},"typography_font_weight":"700","typography_text_transform":"capitalize","_margin":{"unit":"px","top":"-40","right":"0","bottom":"20","left":"0","isLinked":""},"_padding":{"unit":"px","top":"5","right":"5","bottom":"40","left":"15","isLinked":""},"_background_background":"classic","_background_position":"center center","_background_repeat":"no-repeat","_background_size":"cover","_border_border":"solid","_border_width":{"unit":"px","top":"0","right":"0","bottom":"2","left":"0","isLinked":""},"_border_color":"#238c8c","_border_radius":{"unit":"px","top":"0","right":"0","bottom":"0","left":"0","isLinked":"1"},"_background_color":"#41788c"},"elements":[],"isInner":false,"widgetType":"heading","elType":"widget"},{"id":"7c7ae66b","settings":{"title":"malware protection","title_color":"#238c8c","typography_typography":"custom","typography_font_family":"Cairo","typography_font_size":{"unit":"em","size":"1.4","sizes":[]},"typography_font_weight":"600","typography_text_transform":"capitalize","typography_line_height":{"unit":"em","size":"1.2","sizes":[]},"_margin":{"unit":"%","top":"0","right":"0","bottom":"0","left":"0","isLinked":""},"typography_font_style":"normal","typography_text_decoration":"none","header_size":"h3","_animation":"fadeInUp","align":"center","typography_letter_spacing":{"unit":"px","size":"1","sizes":[]},"_element_width":"initial"},"elements":[],"isInner":false,"widgetType":"heading","elType":"widget"},{"id":"5f1a60f7","settings":{"weight":{"unit":"px","size":"2","sizes":[]},"color":"#29f48f","_margin":{"unit":"%","top":"0","right":"0","bottom":"0","left":"0","isLinked":""},"align":"left","_padding":{"unit":"em","top":"0","right":"0","bottom":"0","left":"0","isLinked":""},"gap":{"unit":"px","size":"18","sizes":[]},"_animation":"flash","_element_width":"initial","_element_custom_width":{"unit":"px","size":"25","sizes":[]},"text":"Divisor"},"elements":[],"isInner":false,"widgetType":"divider","elType":"widget"},{"id":"2084b693","settings":{"editor":"<p>Lorem ipsum dolor sit amet, consectetur adipiscing elit, sed do eiusmod tempor incididunt ut labore et dolore magna.\u00a0<\/p>","typography_typography":"custom","typography_font_family":"Cairo","typography_font_size":{"unit":"em","size":"0.9","sizes":[]},"typography_text_transform":"none","typography_font_style":"normal","typography_text_decoration":"none","text_color":"#374951","typography_line_height":{"unit":"em","size":"1.6","sizes":[]},"align":"left","_margin":{"unit":"%","top":"0","right":"2","bottom":"0","left":"2","isLinked":""}},"elements":[],"isInner":false,"widgetType":"text-editor","elType":"widget"},{"id":"313b2541","settings":{"text":"more","size":"md","typography_typography":"custom","typography_font_family":"Cairo","typography_font_size":{"unit":"em","size":"1","sizes":[]},"typography_font_weight":"500","typography_text_transform":"uppercase","typography_font_style":"normal","typography_text_decoration":"none","button_text_color":"#ffffff","background_color":"#174052","border_radius":{"unit":"px","top":"0","right":"0","bottom":"0","left":"0","isLinked":"1"},"_padding":{"unit":"em","top":"0","right":"0","bottom":"0","left":"0","isLinked":""},"_element_width":"inherit","hover_animation":"grow","icon":"fa fa-angle-right","icon_align":"right","icon_indent":{"unit":"px","size":"23","sizes":[]},"align":"justify","align_tablet":"center","align_mobile":"justify","typography_letter_spacing":{"unit":"px","size":"1","sizes":[]},"button_box_shadow_box_shadow":{"horizontal":"0","vertical":"0","blur":"10","spread":"0","color":"#8bff56"},"_margin":{"unit":"%","top":"2","right":"2","bottom":"2","left":"2","isLinked":"1"},"selected_icon":{"value":"fas fa-angle-right","library":"fa-solid"}},"elements":[],"isInner":false,"widgetType":"button","elType":"widget"}],"isInner":"1","elType":"column"}],"isInner":"1","elType":"section"}],"isInner":"","elType":"column"}],"isInner":"","elType":"section"},{"id":"38c94a8d","settings":{"background_background":"gradient","padding":{"unit":"em","top":"0","right":"1","bottom":"3","left":"1","isLinked":""},"html_tag":"section","gap":"no","background_color":"#238c8c","background_color_b":"#144659","background_overlay_background":"classic","background_overlay_image":{"url":"https:\/\/autoridadenodigital.com.br\/wp-content\/uploads\/2020\/02\/noshad-ahmed-y9np19Fprmo-unsplash.jpg","id":"1021"},"background_overlay_position":"center center","background_overlay_attachment":"fixed","background_overlay_repeat":"no-repeat","background_overlay_size":"cover","background_overlay_opacity":{"unit":"px","size":"0.62","sizes":[]},"overlay_blend_mode":"multiply","shape_divider_top_color":"#000000","shape_divider_top_width":{"unit":"%","size":"139","sizes":[]},"shape_divider_top_height":{"unit":"px","size":"94","sizes":[]},"padding_tablet":{"unit":"em","top":"1","right":"1","bottom":"1","left":"1","isLinked":"1"}},"elements":[{"id":"2c92808c","settings":{"_column_size":"100","margin_mobile":{"unit":"px","top":"0","right":"0","bottom":"0","left":"0","isLinked":""},"padding_mobile":{"unit":"px","top":"0","right":"0","bottom":"0","left":"0","isLinked":""}},"elements":[{"id":"679adafb","settings":{"structure":"20"},"elements":[{"id":"46b1f31b","settings":{"_column_size":"50","_inline_size":"64.211","_inline_size_tablet":"50","content_position":"center","padding":{"unit":"em","top":"2","right":"4","bottom":"2","left":"4","isLinked":""},"padding_tablet":{"unit":"em","top":"1","right":"1","bottom":"1","left":"1","isLinked":"1"}},"elements":[{"id":"7c40ea03","settings":{"editor":"<h2>04<\/h2><p>Lorem ipsum dolor sit amet, consectetur adipiscing elit, sed do eiusmod tempor incididunt ut labore et dolore magna aliqua. Ut enim ad minim veniam, quis nostrud exercitation.<\/p><h2>05<\/h2><p>Lorem ipsum dolor sit amet, consectetur adipiscing elit, sed do eiusmod tempor incididunt ut labore et dolore magna aliqua. Ut enim ad minim veniam, quis nostrud exercitation.<\/p>","text_color":"#ffffff","typography_typography":"custom","typography_font_family":"Cairo","typography_font_size":{"unit":"em","size":"1","sizes":[]},"_margin":{"unit":"%","top":"0","right":"2","bottom":"0","left":"0","isLinked":""},"typography_line_height":{"unit":"em","size":"1.6","sizes":[]},"align":"justify","align_tablet":"left","align_mobile":"left","typography_text_transform":"none","typography_font_style":"normal","typography_text_decoration":"none","text_columns":"2","text_columns_tablet":"1","column_gap":{"unit":"px","size":"36","sizes":[]}},"elements":[],"isInner":false,"widgetType":"text-editor","elType":"widget"}],"isInner":"1","elType":"column"},{"id":"41b29778","settings":{"_column_size":"50","_inline_size":"35.789","content_position":"center","space_between_widgets":"10","background_background":"gradient","background_color":"#144659","background_color_b":"#238c8c","border_border":"solid","border_width":{"unit":"px","top":"0","right":"0","bottom":"2","left":"0","isLinked":""},"border_color":"#29f48f","box_shadow_box_shadow":{"horizontal":"0","vertical":"0","blur":"6","spread":"0","color":"rgba(0,0,0,0.47)"},"margin":{"unit":"%","top":"-12","right":"0","bottom":"0","left":"0","isLinked":""},"padding":{"unit":"em","top":"3","right":"2","bottom":"3","left":"2","isLinked":""},"margin_tablet":{"unit":"%","top":"-31","right":"0","bottom":"0","left":"0","isLinked":""},"padding_tablet":{"unit":"em","top":"","right":"","bottom":"","left":"","isLinked":""},"margin_mobile":{"unit":"px","top":"0","right":"0","bottom":"0","left":"0","isLinked":""},"padding_mobile":{"unit":"em","top":"1","right":"1","bottom":"1","left":"1","isLinked":"1"},"_inline_size_tablet":"50"},"elements":[{"id":"1bd34848","settings":{"weight":{"unit":"px","size":"2","sizes":[]},"color":"#29f48f","_margin":{"unit":"%","top":"0","right":"0","bottom":"0","left":"0","isLinked":""},"width":{"unit":"%","size":"98","sizes":[]},"align":"left","_padding":{"unit":"em","top":"2","right":"1","bottom":"0","left":"0","isLinked":""},"align_mobile":"left","gap":{"unit":"px","size":"11","sizes":[]},"gap_mobile":{"unit":"px","size":"3","sizes":[]},"_padding_mobile":{"unit":"px","top":"0","right":"0","bottom":"0","left":"0","isLinked":"1"},"_animation":"flash","_element_width":"initial","_element_width_mobile":"initial","_element_custom_width":{"unit":"px","size":"31","sizes":[]},"_element_custom_width_mobile":{"unit":"px","size":"57","sizes":[]},"_element_vertical_align":"flex-start","_element_vertical_align_mobile":"center","text":"Divisor"},"elements":[],"isInner":false,"widgetType":"divider","elType":"widget"},{"id":"e8db9eb","settings":{"title":"big enough to serve you, small enough to know you","title_color":"#ffffff","typography_typography":"custom","typography_font_family":"Cairo","typography_font_size":{"unit":"em","size":"1.5","sizes":[]},"typography_font_weight":"600","typography_text_transform":"capitalize","typography_line_height":{"unit":"em","size":"1.2","sizes":[]},"_margin":{"unit":"%","top":"0","right":"0","bottom":"0","left":"0","isLinked":""},"align":"left","_padding":{"unit":"em","top":"0","right":"0","bottom":"0","left":"0","isLinked":""},"typography_font_style":"normal","typography_text_decoration":"none","_animation":"fadeInUp","typography_letter_spacing":{"unit":"px","size":"1","sizes":[]},"_element_width":"initial","_element_custom_width":{"unit":"px","size":"303","sizes":[]},"_element_vertical_align":"center"},"elements":[],"isInner":false,"widgetType":"heading","elType":"widget"},{"id":"381bfa6c","settings":{"editor":"<p>Lorem ipsum dolor sit amet, consectetur adipiscing elit, sed do eiusmod tempor incididunt ut labore et dolore magna aliqua. Ut enim ad minim veniam, quis nostrud exercitation.<\/p>","text_color":"#ffffff","typography_typography":"custom","typography_font_family":"Cairo","typography_font_size":{"unit":"em","size":"1","sizes":[]},"_margin":{"unit":"%","top":"0","right":"2","bottom":"0","left":"0","isLinked":""},"typography_line_height":{"unit":"em","size":"1.6","sizes":[]},"align":"left","align_tablet":"center","align_mobile":"left","typography_text_transform":"none","typography_font_style":"normal","typography_text_decoration":"none"},"elements":[],"isInner":false,"widgetType":"text-editor","elType":"widget"},{"id":"34da48","settings":{"icon_list":[{"text":"Lorem ipsum dolor sit amet,","icon":"fa fa-check","_id":"0a206e4","link":{"url":"","is_external":"","nofollow":""},"selected_icon":{"value":"fas fa-check","library":"fa-solid"}},{"text":"What? What do you want?! No.","icon":"fa fa-check","_id":"278bb71","link":{"url":"","is_external":"","nofollow":""},"selected_icon":{"value":"fas fa-check","library":"fa-solid"}},{"text":"Lorem ipsum dolor sit amet","icon":"fa fa-check","_id":"91ead72","link":{"url":"","is_external":"","nofollow":""},"selected_icon":{"value":"fas fa-check","library":"fa-solid"}}],"space_between":{"unit":"px","size":"19","sizes":[]},"icon_color":"#29f48f","icon_size":{"unit":"px","size":"19","sizes":[]},"text_color":"#ffffff","icon_typography_typography":"custom","icon_typography_font_family":"Cairo","icon_typography_font_size":{"unit":"em","size":"1.1","sizes":[]},"icon_typography_text_transform":"capitalize","icon_typography_font_style":"normal","icon_typography_text_decoration":"none","_padding":{"unit":"em","top":"0","right":"0","bottom":"2","left":"0","isLinked":""},"text_indent":{"unit":"px","size":"18","sizes":[]}},"elements":[],"isInner":false,"widgetType":"icon-list","elType":"widget"},{"id":"626f6ac","settings":{"text":"watch now","size":"md","typography_typography":"custom","typography_font_family":"Cairo","typography_font_size":{"unit":"em","size":"1","sizes":[]},"typography_font_weight":"600","typography_text_transform":"uppercase","typography_font_style":"normal","typography_text_decoration":"none","button_text_color":"#144659","background_color":"#29f48f","border_radius":{"unit":"px","top":"0","right":"0","bottom":"0","left":"0","isLinked":"1"},"_padding":{"unit":"em","top":"2","right":"0","bottom":"1","left":"0","isLinked":""},"_element_width":"inherit","icon_indent":{"unit":"px","size":"23","sizes":[]},"hover_animation":"grow","icon":"fa fa-play","icon_align":"right","button_box_shadow_box_shadow":{"horizontal":"0","vertical":"0","blur":"10","spread":"0","color":"#8bff56"},"align_mobile":"justify","_padding_mobile":{"unit":"em","top":"1","right":"0","bottom":"1","left":"0","isLinked":""},"align":"justify","align_tablet":"center","typography_letter_spacing":{"unit":"px","size":"1","sizes":[]},"selected_icon":{"value":"fas fa-play","library":"fa-solid"}},"elements":[],"isInner":false,"widgetType":"button","elType":"widget"}],"isInner":"1","elType":"column"}],"isInner":"1","elType":"section"}],"isInner":"","elType":"column"}],"isInner":"","elType":"section"},{"id":"7e485f95","settings":{"background_color":"#ffffff","background_position":"center center","background_repeat":"no-repeat","background_size":"cover","background_overlay_color":"#030408","background_overlay_image":{"url":"https:\/\/wp.envatoextensions.com\/kit-135\/wp-content\/uploads\/sites\/138\/2018\/11\/noisy-texture-300x300-o5-d10-c-f34379-t1.png","id":"107"},"background_overlay_opacity":{"unit":"px","size":"0.8"},"padding":{"unit":"em","top":"3","right":"0","bottom":"1","left":"0","isLinked":""},"padding_mobile":{"unit":"em","top":"5","right":"0","bottom":"5","left":"0","isLinked":""},"background_background":"classic","color_link":"#242466","color_link_hover":"#53e8b9"},"elements":[{"id":"51a9ba60","settings":{"_column_size":"100","padding_mobile":{"unit":"em","top":"0","right":"1","bottom":"0","left":"1","isLinked":""},"padding_tablet":{"unit":"em","top":"2","right":"2","bottom":"2","left":"2","isLinked":"1"}},"elements":[{"id":"4f3c9cea","settings":{"content_width":{"unit":"px","size":""},"padding":{"unit":"em","top":"0","right":"0","bottom":"1","left":"0","isLinked":""}},"elements":[{"id":"2e085d2a","settings":{"_column_size":"100","padding":{"unit":"%","top":"0","right":"33","bottom":"0","left":"0","isLinked":""},"margin_mobile":{"unit":"px","top":"0","right":"0","bottom":"0","left":"0","isLinked":"1"},"padding_mobile":{"unit":"px","top":"0","right":"0","bottom":"0","left":"0","isLinked":"1"}},"elements":[{"id":"43d5096a","settings":{"title":"Perguntas frequentes","title_color":"#238c8c","typography_typography":"custom","typography_font_family":"Cairo","typography_font_size":{"unit":"em","size":"2.8","sizes":[]},"typography_font_size_mobile":{"unit":"rem","size":"1.9","sizes":[]},"typography_font_weight":"600","typography_line_height":{"unit":"em","size":"1.2","sizes":[]},"align":"center","size":"xl","_element_custom_width_mobile":{"unit":"px","size":"267","sizes":[]},"align_mobile":"center","typography_text_transform":"capitalize","_margin":{"unit":"%","top":"0","right":"0","bottom":"0","left":"0","isLinked":""},"_margin_tablet":{"unit":"px","top":"0","right":"0","bottom":"0","left":"0","isLinked":""},"_padding":{"unit":"em","top":"0","right":"0","bottom":"2","left":"0","isLinked":""},"_padding_tablet":{"unit":"px","top":"0","right":"0","bottom":"0","left":"0","isLinked":""},"_animation":"fadeInUp","_element_width":"auto","_element_width_mobile":"inherit","align_tablet":"left","_element_width_tablet":"initial","_element_custom_width_tablet":{"unit":"px","size":"381","sizes":[]}},"elements":[],"isInner":false,"widgetType":"heading","elType":"widget"},{"id":"43645713","settings":{"weight":{"unit":"px","size":"2","sizes":[]},"color":"#29f48f","_margin":{"unit":"%","top":"0","right":"0","bottom":"0","left":"0","isLinked":""},"align":"left","_padding":{"unit":"em","top":"0","right":"0","bottom":"0","left":"1","isLinked":""},"gap":{"unit":"px","size":"45","sizes":[]},"_animation":"flash","_element_width":"initial","_element_custom_width":{"unit":"px","size":"46","sizes":[]},"_element_custom_width_mobile":{"unit":"px","size":"36","sizes":[]},"align_mobile":"center","gap_mobile":{"unit":"px","size":"2","sizes":[]},"_element_width_tablet":"initial","_element_custom_width_tablet":{"unit":"px","size":"72","sizes":[]},"_element_vertical_align_mobile":"center","text":"Divisor"},"elements":[],"isInner":false,"widgetType":"divider","elType":"widget"}],"isInner":"1","elType":"column"}],"isInner":"1","elType":"section"},{"id":"7f92750a","settings":{"content_width":{"unit":"px","size":""},"gap":"wider","padding":{"unit":"em","top":"0","right":"0","bottom":"3","left":"0","isLinked":""}},"elements":[{"id":"14799539","settings":{"_column_size":"100","padding_mobile":{"unit":"px","top":"0","right":"0","bottom":"0","left":"0","isLinked":"1"},"padding":{"unit":"px","top":"0","right":"0","bottom":"0","left":"0","isLinked":"1"}},"elements":[{"id":"1a53a2fc","settings":{"tabs":[{"tab_title":"Vestibulum auctor dapibus neque?","tab_content":"<p>\u00a0<\/p><p>Click edit button to change this text. Lorem ipsum dolor sit amet, consectetur adipiscing elit. Ut elit tellus, luctus nec ullamcorper mattis, pulvinar dapibus leo.<\/p>","_id":"25238c6"},{"tab_title":"Nunc dignissim risus id metus?","tab_content":"<p><img class=\"alignnone wp-image-628 size-large\" src=\"https:\/\/wp.envatoextensions.com\/kit-184\/wp-content\/uploads\/sites\/178\/2019\/07\/christopher-gower-m_HRfLhgABo-unsplash-1024x682.jpg\" alt=\"\" width=\"1024\" height=\"682\" \/><\/p><p>Click edit button to change this text. Lorem ipsum dolor sit amet, consectetur adipiscing elit. Ut elit tellus, luctus nec ullamcorper mattis, pulvinar dapibus leo.<\/p>","_id":"a42929a"},{"tab_title":"Cras ornare tristique elit?","tab_content":"<p>Click edit button to change this text. Lorem ipsum dolor sit amet, consectetur adipiscing elit. Ut elit tellus, luctus nec ullamcorper mattis, pulvinar dapibus leo.<\/p><p>Lorem ipsum dolor sit amet, consectetur adipiscing elit, sed do eiusmod tempor incididunt ut labore et dolore magna aliqua. Ut enim ad minim veniam, quis nostrud exercitation ullamco laboris nisi ut aliquip ex ea commodo consequat. Duis aute irure dolor in reprehenderit in voluptate velit esse cillum dolore eu fugiat nulla pariatur. Excepteur sint occaecat cupidatat non proident, sunt in culpa qui officia deserunt mollit anim id est laborum.<\/p><p style=\"text-align: right;\"><span style=\"text-decoration: underline;\"><a href=\"#\">Link<\/a><\/span><\/p>","_id":"4a36b59"}],"type":"vertical","navigation_width":{"unit":"%","size":"33","sizes":[]},"border_width":{"unit":"px","size":"0","sizes":[]},"background_color":"#f9f9f9","tab_color":"#374951","tab_active_color":"#395263","tab_typography_typography":"custom","tab_typography_font_family":"Cairo","tab_typography_font_size":{"unit":"rem","size":"1","sizes":[]},"tab_typography_font_weight":"600","tab_typography_line_height":{"unit":"em","size":"1.6","sizes":[]},"content_color":"#374951","content_typography_typography":"custom","content_typography_font_family":"Cairo","content_typography_font_size":{"unit":"rem","size":"0.9","sizes":[]},"content_typography_line_height":{"unit":"em","size":"1.6","sizes":[]},"_padding":{"unit":"em","top":"0","right":"0","bottom":"0","left":"0","isLinked":"1"},"_css_classes":"envato-kit-135-tabs","_animation":"fadeInUp","_background_background":"classic","_background_color":"#ffffff","_border_border":"solid","_border_width":{"unit":"px","top":"0","right":"0","bottom":"0","left":"2","isLinked":""},"_border_color":"#29f48f"},"elements":[],"isInner":false,"widgetType":"tabs","elType":"widget"}],"isInner":"1","elType":"column"}],"isInner":"1","elType":"section"}],"isInner":"","elType":"column"}],"isInner":"","elType":"section"},{"id":"e4fc614","settings":{"structure":"20","padding":{"unit":"em","top":"1","right":"1","bottom":"1","left":"1","isLinked":""},"padding_mobile":{"unit":"em","top":"1","right":"1","bottom":"1","left":"1","isLinked":"1"},"html_tag":"section","background_background":"classic","background_color":"#ffffff"},"elements":[{"id":"41036aca","settings":{"_column_size":"50","_inline_size":"33.596","space_between_widgets":"0","background_background":"classic","background_color":"#ffffff","margin":{"unit":"%","top":"0","right":"0","bottom":"0","left":"0","isLinked":""},"padding":{"unit":"em","top":"0","right":"0","bottom":"0","left":"0","isLinked":"1"},"z_index":"1","animation":"fadeInUp","_inline_size_tablet":"100","margin_tablet":{"unit":"px","top":"0","right":"0","bottom":"0","left":"0","isLinked":""},"padding_tablet":{"unit":"em","top":"1","right":"1","bottom":"1","left":"1","isLinked":"1"},"content_position":"top","align":"flex-start"},"elements":[{"id":"221f7fd7","settings":{"structure":"20"},"elements":[{"id":"7084de9b","settings":{"_column_size":"50","_inline_size":"68.661","_inline_size_mobile":"80","content_position":"bottom","padding":{"unit":"em","top":"0","right":"0","bottom":"0","left":"1","isLinked":""},"padding_mobile":{"unit":"em","top":"0","right":"0","bottom":"0","left":"1","isLinked":""}},"elements":[{"id":"4682c955","settings":{"title":"Sua seguran\u00e7a \u00e9 importante.","title_color":"#238c8c","typography_typography":"custom","typography_font_family":"Cairo","typography_font_size":{"unit":"em","size":2.600000000000000088817841970012523233890533447265625,"sizes":[]},"typography_font_weight":"600","typography_line_height":{"unit":"em","size":"0.9","sizes":[]},"_margin":{"unit":"%","top":"0","right":"0","bottom":"0","left":"0","isLinked":""},"align":"left","_padding":{"unit":"em","top":"0","right":"0","bottom":"2","left":"0","isLinked":""},"_margin_tablet":{"unit":"px","top":"0","right":"0","bottom":"0","left":"0","isLinked":""},"_padding_tablet":{"unit":"px","top":"0","right":"0","bottom":"0","left":"0","isLinked":""},"_animation":"fadeInUp","typography_font_size_mobile":{"unit":"rem","size":"1.3","sizes":[]},"typography_letter_spacing":{"unit":"px","size":"1","sizes":[]},"_element_width_mobile":"initial","_element_custom_width":{"unit":"px","size":"267","sizes":[]},"_element_custom_width_mobile":{"unit":"px","size":"216","sizes":[]}},"elements":[],"isInner":false,"widgetType":"heading","elType":"widget"}],"isInner":"1","elType":"column"},{"id":"6c4b543f","settings":{"_column_size":"50","_inline_size":"31.331","_inline_size_mobile":"20","content_position":"bottom","padding_mobile":{"unit":"px","top":"0","right":"22","bottom":"0","left":"0","isLinked":""}},"elements":[{"id":"509ab709","settings":{"weight":{"unit":"px","size":"2","sizes":[]},"color":"#29f48f","_margin":{"unit":"%","top":"0","right":"0","bottom":"0","left":"0","isLinked":""},"width":{"unit":"%","size":"98","sizes":[]},"align":"left","_padding":{"unit":"em","top":"0","right":"0","bottom":"0","left":"1","isLinked":""},"align_mobile":"left","gap":{"unit":"px","size":"37","sizes":[]},"gap_mobile":{"unit":"px","size":"3","sizes":[]},"_padding_mobile":{"unit":"px","top":"0","right":"0","bottom":"0","left":"0","isLinked":"1"},"_animation":"flash","_element_width":"initial","_element_width_mobile":"initial","_element_custom_width":{"unit":"px","size":"56","sizes":[]},"_element_custom_width_mobile":{"unit":"px","size":"57","sizes":[]},"_element_vertical_align":"flex-start","_element_vertical_align_mobile":"center","text":"Divisor"},"elements":[],"isInner":false,"widgetType":"divider","elType":"widget"}],"isInner":"1","elType":"column"}],"isInner":"1","elType":"section"},{"id":"42879665","settings":[],"elements":[{"id":"265c8057","settings":{"_column_size":"100"},"elements":[{"id":"5a1167c3","settings":{"editor":"<p>Lorem ipsum dolor sit amet, consectetur adipiscing elit, sed do eiusmod tempor incididunt ut labore et dolore magna aliqua.<\/p>","align":"left","text_color":"#374951","typography_typography":"custom","typography_font_family":"Cairo","typography_font_size":{"unit":"em","size":"1","sizes":[]},"typography_text_transform":"none","typography_font_style":"normal","typography_text_decoration":"none","typography_line_height":{"unit":"em","size":"1.6","sizes":[]},"_margin":{"unit":"%","top":"0","right":"2","bottom":"0","left":"0","isLinked":""},"align_mobile":"left"},"elements":[],"isInner":false,"widgetType":"text-editor","elType":"widget"},{"id":"28bed14c","settings":{"title":"hardware","percent":{"unit":"%","size":"89","sizes":[]},"inner_text":"","bar_color":"#4ce09d","bar_bg_color":"#144659","title_color":"#ffffff","typography_typography":"custom","typography_font_family":"Cairo","typography_font_size":{"unit":"em","size":"0.8","sizes":[]},"typography_font_weight":"400","typography_text_transform":"uppercase","typography_font_style":"normal","typography_text_decoration":"none","_margin":{"unit":"%","top":"0","right":"0","bottom":"0","left":"0","isLinked":""},"_padding":{"unit":"em","top":"1","right":"1","bottom":"1","left":"1","isLinked":"1"},"_background_background":"classic","_background_color":"#2d657a","typography_line_height":{"unit":"em","size":"0.2","sizes":[]},"typography_letter_spacing":{"unit":"px","size":"1","sizes":[]}},"elements":[],"isInner":false,"widgetType":"progress","elType":"widget"},{"id":"1e196073","settings":{"title":"comunications","percent":{"unit":"%","size":"46","sizes":[]},"inner_text":"","bar_color":"#4ce09d","bar_bg_color":"#144659","title_color":"#ffffff","typography_typography":"custom","typography_font_family":"Cairo","typography_font_size":{"unit":"em","size":"0.8","sizes":[]},"typography_font_weight":"400","typography_text_transform":"uppercase","typography_font_style":"normal","typography_text_decoration":"none","_margin":{"unit":"%","top":"0","right":"0","bottom":"0","left":"0","isLinked":""},"_padding":{"unit":"em","top":"1","right":"1","bottom":"1","left":"1","isLinked":"1"},"_background_background":"classic","_background_color":"#238c8c","typography_line_height":{"unit":"em","size":"0.2","sizes":[]},"typography_letter_spacing":{"unit":"px","size":"1","sizes":[]}},"elements":[],"isInner":false,"widgetType":"progress","elType":"widget"},{"id":"4b0d2bb2","settings":{"title":"end point","percent":{"unit":"%","size":"77","sizes":[]},"inner_text":"","bar_color":"#4ce09d","bar_bg_color":"#144659","title_color":"#ffffff","typography_typography":"custom","typography_font_family":"Cairo","typography_font_size":{"unit":"em","size":"0.8","sizes":[]},"typography_font_weight":"400","typography_text_transform":"uppercase","typography_font_style":"normal","typography_text_decoration":"none","_margin":{"unit":"%","top":"0","right":"0","bottom":"0","left":"0","isLinked":""},"_padding":{"unit":"em","top":"1","right":"1","bottom":"1","left":"1","isLinked":"1"},"_background_background":"classic","_background_color":"#41788c","typography_line_height":{"unit":"em","size":"0.2","sizes":[]},"typography_letter_spacing":{"unit":"px","size":"1","sizes":[]}},"elements":[],"isInner":false,"widgetType":"progress","elType":"widget"},{"id":"717295c3","settings":{"title":"software","percent":{"unit":"%","size":"100","sizes":[]},"inner_text":"","bar_color":"#4ce09d","bar_bg_color":"#144659","title_color":"#ffffff","typography_typography":"custom","typography_font_family":"Cairo","typography_font_size":{"unit":"em","size":"0.8","sizes":[]},"typography_font_weight":"400","typography_text_transform":"uppercase","typography_font_style":"normal","typography_text_decoration":"none","_margin":{"unit":"%","top":"0","right":"0","bottom":"0","left":"0","isLinked":""},"_padding":{"unit":"em","top":"1","right":"1","bottom":"1","left":"1","isLinked":"1"},"_background_background":"classic","_background_color":"#2a4154","typography_line_height":{"unit":"em","size":"0.2","sizes":[]},"typography_letter_spacing":{"unit":"px","size":"1","sizes":[]}},"elements":[],"isInner":false,"widgetType":"progress","elType":"widget"}],"isInner":"1","elType":"column"}],"isInner":"1","elType":"section"}],"isInner":"","elType":"column"},{"id":"6a790f57","settings":{"_column_size":"50","_inline_size":"66.404","margin":{"unit":"%","top":"0","right":"0","bottom":"0","left":"0","isLinked":""},"padding":{"unit":"em","top":"","right":"","bottom":"","left":"","isLinked":""},"_inline_size_tablet":"100","margin_mobile":{"unit":"px","top":"0","right":"0","bottom":"0","left":"0","isLinked":""},"padding_mobile":{"unit":"px","top":"0","right":"0","bottom":"0","left":"0","isLinked":""},"content_position":"top"},"elements":[{"id":"40fc117f","settings":{"structure":"30","margin":{"unit":"%","top":"0","right":"0","bottom":"0","left":"0","isLinked":""},"z_index":"1","gap":"no","padding":{"unit":"px","top":"0","right":"0","bottom":"0","left":"0","isLinked":"1"}},"elements":[{"id":"1e72c733","settings":{"_column_size":"33"},"elements":[{"id":"4a1a99dd","settings":{"title":"breach points","number_color":"#4ce09d","typography_number_typography":"custom","typography_number_font_family":"Cairo","typography_number_font_size":{"unit":"em","size":"4","sizes":[]},"typography_number_font_weight":"600","typography_number_text_transform":"capitalize","typography_number_font_style":"normal","typography_number_text_decoration":"none","title_color":"#238c8c","typography_title_typography":"custom","typography_title_font_family":"Cairo","typography_title_font_size":{"unit":"em","size":"0.8","sizes":[]},"ending_number":"278","prefix":"+","typography_number_line_height":{"unit":"em","size":"1.9","sizes":[]},"typography_title_font_weight":"600","typography_title_text_transform":"uppercase","typography_title_font_style":"normal","typography_title_text_decoration":"none","typography_title_line_height":{"unit":"em","size":"1.2","sizes":[]},"_margin":{"unit":"%","top":"5","right":"5","bottom":"5","left":"5","isLinked":""},"_padding":{"unit":"em","top":"1","right":"1","bottom":"1","left":"1","isLinked":"1"},"_background_background":"classic","_background_color":"#173e4f","_box_shadow_box_shadow":{"horizontal":"0","vertical":"0","blur":"6","spread":"0","color":"rgba(0,0,0,0.28)"},"typography_title_letter_spacing":{"unit":"px","size":"1","sizes":[]}},"elements":[],"isInner":false,"widgetType":"counter","elType":"widget"}],"isInner":"1","elType":"column"},{"id":"5a589326","settings":{"_column_size":"33"},"elements":[{"id":"5cb14a39","settings":{"title":"malware","number_color":"#4ce09d","typography_number_typography":"custom","typography_number_font_family":"Cairo","typography_number_font_size":{"unit":"em","size":"4","sizes":[]},"typography_number_font_weight":"600","typography_number_text_transform":"capitalize","typography_number_font_style":"normal","typography_number_text_decoration":"none","title_color":"#238c8c","typography_title_typography":"custom","typography_title_font_family":"Cairo","typography_title_font_size":{"unit":"em","size":"0.8","sizes":[]},"ending_number":"134","prefix":"+","typography_number_line_height":{"unit":"em","size":"1.9","sizes":[]},"typography_title_font_weight":"600","typography_title_text_transform":"uppercase","typography_title_font_style":"normal","typography_title_text_decoration":"none","typography_title_line_height":{"unit":"em","size":"1.2","sizes":[]},"_margin":{"unit":"%","top":"5","right":"5","bottom":"5","left":"5","isLinked":""},"_padding":{"unit":"em","top":"1","right":"1","bottom":"1","left":"1","isLinked":"1"},"_background_background":"classic","_background_color":"#173e4f","_box_shadow_box_shadow":{"horizontal":"0","vertical":"0","blur":"6","spread":"0","color":"rgba(0,0,0,0.28)"},"typography_title_letter_spacing":{"unit":"px","size":"1","sizes":[]}},"elements":[],"isInner":false,"widgetType":"counter","elType":"widget"}],"isInner":"1","elType":"column"},{"id":"6dc89c33","settings":{"_column_size":"33"},"elements":[{"id":"74f09807","settings":{"title":"detection","number_color":"#4ce09d","typography_number_typography":"custom","typography_number_font_family":"Cairo","typography_number_font_size":{"unit":"em","size":"4","sizes":[]},"typography_number_font_weight":"600","typography_number_text_transform":"capitalize","typography_number_font_style":"normal","typography_number_text_decoration":"none","title_color":"#238c8c","typography_title_typography":"custom","typography_title_font_family":"Cairo","typography_title_font_size":{"unit":"em","size":"0.8","sizes":[]},"ending_number":"107","prefix":"+","typography_number_line_height":{"unit":"em","size":"1.9","sizes":[]},"typography_title_font_weight":"600","typography_title_text_transform":"uppercase","typography_title_font_style":"normal","typography_title_text_decoration":"none","typography_title_line_height":{"unit":"em","size":"1.2","sizes":[]},"_margin":{"unit":"%","top":"5","right":"5","bottom":"5","left":"5","isLinked":""},"_padding":{"unit":"em","top":"1","right":"1","bottom":"1","left":"1","isLinked":"1"},"_background_background":"classic","_background_color":"#173e4f","_box_shadow_box_shadow":{"horizontal":"0","vertical":"0","blur":"6","spread":"0","color":"rgba(0,0,0,0.28)"},"typography_title_letter_spacing":{"unit":"px","size":"1","sizes":[]}},"elements":[],"isInner":false,"widgetType":"counter","elType":"widget"}],"isInner":"1","elType":"column"}],"isInner":"1","elType":"section"},{"id":"31b8125e","settings":[],"elements":[{"id":"cee2467","settings":{"_column_size":"100","background_background":"classic","background_image":{"url":"https:\/\/autoridadenodigital.com.br\/wp-content\/uploads\/2020\/02\/image-from-rawpixel-id-516737-jpeg.jpg","id":"1049"},"background_size":"cover","background_overlay_background":"gradient","background_overlay_color":"#001a1e","background_overlay_color_b":"#144659","margin":{"unit":"px","top":"9","right":"9","bottom":"9","left":"9","isLinked":"1"},"padding":{"unit":"em","top":"5","right":"13","bottom":"5","left":"5","isLinked":""},"padding_mobile":{"unit":"em","top":"1","right":"1","bottom":"1","left":"1","isLinked":"1"}},"elements":[{"id":"5956e0da","settings":{"title":"Our goal is to detect and prevent attacks to your company or business data.","title_color":"#4ce09d","typography_typography":"custom","typography_font_family":"Cairo","typography_font_size":{"unit":"em","size":"2.1","sizes":[]},"typography_font_weight":"600","typography_line_height":{"unit":"em","size":"1.1","sizes":[]},"_margin":{"unit":"%","top":"0","right":"0","bottom":"0","left":"0","isLinked":""},"align":"left","header_size":"p","_padding":{"unit":"em","top":"0","right":"0","bottom":"0","left":"0","isLinked":""},"_margin_tablet":{"unit":"px","top":"0","right":"0","bottom":"0","left":"0","isLinked":""},"_padding_tablet":{"unit":"px","top":"0","right":"0","bottom":"0","left":"0","isLinked":""},"_animation":"fadeInUp","typography_font_size_mobile":{"unit":"rem","size":"1.4","sizes":[]},"_element_custom_width":{"unit":"px","size":"555","sizes":[]}},"elements":[],"isInner":false,"widgetType":"heading","elType":"widget"},{"id":"54294361","settings":{"editor":"<p>Lorem ipsum dolor sit amet, consectetur adipiscing elit, sed do eiusmod tempor incididunt ut labore et dolore magna aliqua.<\/p>","align":"left","text_color":"#ffffff","typography_typography":"custom","typography_font_family":"Cairo","typography_font_size":{"unit":"em","size":"1.2","sizes":[]},"typography_text_transform":"none","typography_font_style":"normal","typography_text_decoration":"none","typography_line_height":{"unit":"em","size":"1.6","sizes":[]},"_margin":{"unit":"%","top":"0","right":"8","bottom":"0","left":"0","isLinked":""},"align_mobile":"left","_padding":{"unit":"px","top":"0","right":"0","bottom":"0","left":"0","isLinked":"1"}},"elements":[],"isInner":false,"widgetType":"text-editor","elType":"widget"},{"id":"4708a3f6","settings":{"text":"request demo","size":"md","typography_typography":"custom","typography_font_family":"Cairo","typography_font_size":{"unit":"em","size":"1","sizes":[]},"typography_font_weight":"600","typography_text_transform":"uppercase","typography_font_style":"normal","typography_text_decoration":"none","button_text_color":"#144659","background_color":"#29f48f","border_radius":{"unit":"px","top":"0","right":"0","bottom":"0","left":"0","isLinked":"1"},"_padding":{"unit":"em","top":"2","right":"0","bottom":"1","left":"0","isLinked":""},"_element_width":"inherit","icon_indent":{"unit":"px","size":"23","sizes":[]},"hover_animation":"grow","icon":"fa fa-paper-plane","icon_align":"right","button_box_shadow_box_shadow":{"horizontal":"0","vertical":"0","blur":"10","spread":"0","color":"#8bff56"},"align_mobile":"justify","_padding_mobile":{"unit":"em","top":"1","right":"0","bottom":"1","left":"0","isLinked":""},"align":"left","align_tablet":"center","typography_letter_spacing":{"unit":"px","size":"1","sizes":[]},"selected_icon":{"value":"fas fa-paper-plane","library":"fa-solid"}},"elements":[],"isInner":false,"widgetType":"button","elType":"widget"}],"isInner":"1","elType":"column"}],"isInner":"1","elType":"section"}],"isInner":"","elType":"column"}],"isInner":"","elType":"section"},{"id":"381ce319","settings":{"padding":{"unit":"em","top":"1","right":"1","bottom":"3","left":"1","isLinked":""},"html_tag":"section","background_background":"classic","background_color":"#ffffff"},"elements":[{"id":"23a58bb0","settings":{"_column_size":"100","space_between_widgets":"10","padding":{"unit":"em","top":"1","right":"5","bottom":"1","left":"2","isLinked":""},"margin_tablet":{"unit":"px","top":"0","right":"0","bottom":"0","left":"0","isLinked":""},"padding_tablet":{"unit":"em","top":"0","right":"0","bottom":"5","left":"0","isLinked":""},"padding_mobile":{"unit":"px","top":"0","right":"0","bottom":"0","left":"0","isLinked":"1"}},"elements":[{"id":"27079aac","settings":{"image":{"url":"https:\/\/wp.envatoextensions.com\/kit-185\/wp-content\/uploads\/sites\/179\/2019\/07\/shield_security2.png","id":"58"},"width":{"unit":"%","size":"5","sizes":[]},"width_mobile":{"unit":"%","size":"18","sizes":[]}},"elements":[],"isInner":false,"widgetType":"image","elType":"widget"},{"id":"2481b577","settings":{"structure":"20"},"elements":[{"id":"6aff9b6b","settings":{"_column_size":"50","_inline_size":"57.347","_inline_size_tablet":"80"},"elements":[{"id":"3c441e98","settings":{"title":"Nosso objetivo \u00e9 detectar e impedir ataques \u00e0 sua empresa ou aos dados de neg\u00f3cios.","title_color":"#238c8c","typography_typography":"custom","typography_font_family":"Cairo","typography_font_size":{"unit":"em","size":2.600000000000000088817841970012523233890533447265625,"sizes":[]},"typography_font_weight":"600","typography_line_height":{"unit":"em","size":"1.1","sizes":[]},"_margin":{"unit":"%","top":"0","right":"0","bottom":"0","left":"0","isLinked":""},"align":"left","header_size":"p","_padding":{"unit":"em","top":"0","right":"0","bottom":"2","left":"0","isLinked":""},"_margin_tablet":{"unit":"px","top":"0","right":"0","bottom":"0","left":"0","isLinked":""},"_padding_tablet":{"unit":"px","top":"0","right":"0","bottom":"0","left":"0","isLinked":""},"_animation":"fadeInUp","typography_font_size_mobile":{"unit":"rem","size":"1.4","sizes":[]},"_element_custom_width":{"unit":"px","size":"555","sizes":[]}},"elements":[],"isInner":false,"widgetType":"heading","elType":"widget"}],"isInner":"1","elType":"column"},{"id":"52045774","settings":{"_column_size":"50","_inline_size":"42.653","_inline_size_tablet":"20","content_position":"bottom","padding":{"unit":"em","top":"0","right":"0","bottom":"2","left":"0","isLinked":""},"padding_tablet":{"unit":"px","top":"0","right":"0","bottom":"0","left":"0","isLinked":"1"}},"elements":[{"id":"7b99dff3","settings":{"weight":{"unit":"px","size":"2","sizes":[]},"color":"#29f48f","_margin":{"unit":"%","top":"0","right":"0","bottom":"0","left":"0","isLinked":""},"align":"left","_padding":{"unit":"em","top":"0","right":"0","bottom":"0","left":"1","isLinked":""},"gap":{"unit":"px","size":"18","sizes":[]},"_animation":"flash","_element_width":"initial","_element_custom_width":{"unit":"px","size":"46","sizes":[]},"text":"Divisor"},"elements":[],"isInner":false,"widgetType":"divider","elType":"widget"}],"isInner":"1","elType":"column"}],"isInner":"1","elType":"section"}],"isInner":"","elType":"column"}],"isInner":"","elType":"section"},{"id":"5162b3d2","settings":{"structure":"40","background_background":"gradient","background_color":"#0a1d2b","background_color_b":"#00484c","padding":{"unit":"em","top":"1","right":"1","bottom":"5","left":"1","isLinked":""},"padding_tablet":{"unit":"em","top":"0","right":"0","bottom":"2","left":"0","isLinked":""},"html_tag":"section","margin_mobile":{"unit":"px","top":"0","right":"0","bottom":"0","left":"0","isLinked":""},"padding_mobile":{"unit":"em","top":"1","right":"1","bottom":"1","left":"1","isLinked":"1"}},"elements":[{"id":"3501ce9d","settings":{"_column_size":"25","content_position":"center","align":"center","background_background":"classic","background_color":"#ffffff","background_color_b":"#238c8c","border_radius":{"unit":"px","top":"0","right":"0","bottom":"0","left":"0","isLinked":"1"},"box_shadow_box_shadow":{"horizontal":"0","vertical":"0","blur":"6","spread":"0","color":"rgba(0,0,0,0.31)"},"margin":{"unit":"%","top":"-25","right":"3","bottom":"10","left":"3","isLinked":""},"padding":{"unit":"em","top":"2","right":"1","bottom":"2","left":"1","isLinked":""},"space_between_widgets":"10","border_width":{"unit":"px","top":"2","right":"2","bottom":"2","left":"2","isLinked":"1"},"border_color":"rgba(0,79,99,0.55)","border_hover_border":"solid","border_hover_width":{"unit":"px","top":"2","right":"2","bottom":"2","left":"2","isLinked":"1"},"border_hover_color":"#4ce09d","z_index":"1","_inline_size_tablet":"50","margin_mobile":{"unit":"%","top":"3","right":"0","bottom":"3","left":"0","isLinked":""},"padding_mobile":{"unit":"em","top":"","right":"","bottom":"","left":"","isLinked":""},"border_border":"solid"},"elements":[{"id":"544c0bbf","settings":{"icon":"fa fa-tachometer","primary_color":"#2d657a"},"elements":[],"isInner":false,"widgetType":"icon","elType":"widget"},{"id":"432ba7d4","settings":{"title":"security metrics","title_color":"#238c8c","typography_typography":"custom","typography_font_family":"Cairo","typography_font_size":{"unit":"em","size":"1.5","sizes":[]},"typography_font_weight":"600","typography_text_transform":"capitalize","typography_line_height":{"unit":"em","size":"1.2","sizes":[]},"_margin":{"unit":"%","top":"0","right":"0","bottom":"0","left":"0","isLinked":""},"typography_font_style":"normal","typography_text_decoration":"none","header_size":"h3","_animation":"fadeInUp","align":"center","typography_letter_spacing":{"unit":"px","size":"1","sizes":[]}},"elements":[],"isInner":false,"widgetType":"heading","elType":"widget"},{"id":"289778f2","settings":{"editor":"<p>Lorem ipsum dolor sit amet, consectetur adipiscing elit. Ut elit tellus, luctus nec ullamcorper mattis, pulvinar dapibus leo.<\/p>","align":"center","text_color":"#374951","typography_typography":"custom","typography_font_family":"Cairo","typography_font_size":{"unit":"em","size":"0.9","sizes":[]},"typography_text_transform":"none","typography_font_style":"normal","typography_text_decoration":"none","typography_line_height":{"unit":"em","size":"1.6","sizes":[]},"_margin":{"unit":"%","top":"0","right":"2","bottom":"0","left":"0","isLinked":""}},"elements":[],"isInner":false,"widgetType":"text-editor","elType":"widget"},{"id":"301adef1","settings":{"text":"more","size":"md","typography_typography":"custom","typography_font_family":"Cairo","typography_font_size":{"unit":"em","size":"1","sizes":[]},"typography_font_weight":"500","typography_text_transform":"uppercase","typography_font_style":"normal","typography_text_decoration":"none","button_text_color":"#ffffff","background_color":"#174052","border_radius":{"unit":"px","top":"0","right":"0","bottom":"0","left":"0","isLinked":"1"},"_padding":{"unit":"em","top":"0","right":"0","bottom":"0","left":"0","isLinked":""},"_element_width":"inherit","hover_animation":"grow","icon":"fa fa-angle-right","icon_align":"right","icon_indent":{"unit":"px","size":"23","sizes":[]},"align":"justify","align_tablet":"center","align_mobile":"justify","typography_letter_spacing":{"unit":"px","size":"1","sizes":[]},"button_box_shadow_box_shadow":{"horizontal":"0","vertical":"0","blur":"10","spread":"0","color":"#8bff56"},"_margin":{"unit":"%","top":"2","right":"2","bottom":"2","left":"2","isLinked":"1"},"selected_icon":{"value":"fas fa-angle-right","library":"fa-solid"}},"elements":[],"isInner":false,"widgetType":"button","elType":"widget"}],"isInner":"1","elType":"column"},{"id":"76c42d1c","settings":{"_column_size":"25","content_position":"center","align":"center","background_background":"classic","background_color":"#ffffff","background_color_b":"#238c8c","border_radius":{"unit":"px","top":"0","right":"0","bottom":"0","left":"0","isLinked":"1"},"box_shadow_box_shadow":{"horizontal":"0","vertical":"0","blur":"6","spread":"0","color":"rgba(0,0,0,0.31)"},"margin":{"unit":"%","top":"-25","right":"3","bottom":"10","left":"3","isLinked":""},"padding":{"unit":"em","top":"2","right":"1","bottom":"2","left":"1","isLinked":""},"space_between_widgets":"10","border_width":{"unit":"px","top":"2","right":"2","bottom":"2","left":"2","isLinked":"1"},"border_color":"rgba(0,79,99,0.55)","border_hover_border":"solid","border_hover_width":{"unit":"px","top":"2","right":"2","bottom":"2","left":"2","isLinked":"1"},"border_hover_color":"#4ce09d","z_index":"1","_inline_size_tablet":"50","margin_mobile":{"unit":"%","top":"3","right":"0","bottom":"3","left":"0","isLinked":""},"padding_mobile":{"unit":"em","top":"","right":"","bottom":"","left":"","isLinked":""},"border_border":"solid"},"elements":[{"id":"1b3b0736","settings":{"icon":"fa fa-support","primary_color":"#238c8c"},"elements":[],"isInner":false,"widgetType":"icon","elType":"widget"},{"id":"7cfd77ca","settings":{"title":"security support","title_color":"#238c8c","typography_typography":"custom","typography_font_family":"Cairo","typography_font_size":{"unit":"em","size":"1.5","sizes":[]},"typography_font_weight":"600","typography_text_transform":"capitalize","typography_line_height":{"unit":"em","size":"1.2","sizes":[]},"_margin":{"unit":"%","top":"0","right":"0","bottom":"0","left":"0","isLinked":""},"typography_font_style":"normal","typography_text_decoration":"none","header_size":"h3","_animation":"fadeInUp","align":"center","typography_letter_spacing":{"unit":"px","size":"1","sizes":[]}},"elements":[],"isInner":false,"widgetType":"heading","elType":"widget"},{"id":"6b47d877","settings":{"editor":"<p>Lorem ipsum dolor sit amet, consectetur adipiscing elit. Ut elit tellus, luctus nec ullamcorper mattis, pulvinar dapibus leo.<\/p>","align":"center","text_color":"#374951","typography_typography":"custom","typography_font_family":"Cairo","typography_font_size":{"unit":"em","size":"0.9","sizes":[]},"typography_text_transform":"none","typography_font_style":"normal","typography_text_decoration":"none","typography_line_height":{"unit":"em","size":"1.6","sizes":[]},"_margin":{"unit":"%","top":"0","right":"2","bottom":"0","left":"0","isLinked":""}},"elements":[],"isInner":false,"widgetType":"text-editor","elType":"widget"},{"id":"274caa8c","settings":{"text":"more","size":"md","typography_typography":"custom","typography_font_family":"Cairo","typography_font_size":{"unit":"em","size":"1","sizes":[]},"typography_font_weight":"500","typography_text_transform":"uppercase","typography_font_style":"normal","typography_text_decoration":"none","button_text_color":"#ffffff","background_color":"#174052","border_radius":{"unit":"px","top":"0","right":"0","bottom":"0","left":"0","isLinked":"1"},"_padding":{"unit":"em","top":"0","right":"0","bottom":"0","left":"0","isLinked":""},"_element_width":"inherit","hover_animation":"grow","icon":"fa fa-angle-right","icon_align":"right","icon_indent":{"unit":"px","size":"23","sizes":[]},"align":"justify","align_tablet":"center","align_mobile":"justify","typography_letter_spacing":{"unit":"px","size":"1","sizes":[]},"button_box_shadow_box_shadow":{"horizontal":"0","vertical":"0","blur":"10","spread":"0","color":"#8bff56"},"_margin":{"unit":"%","top":"2","right":"2","bottom":"2","left":"2","isLinked":"1"},"selected_icon":{"value":"fas fa-angle-right","library":"fa-solid"}},"elements":[],"isInner":false,"widgetType":"button","elType":"widget"}],"isInner":"1","elType":"column"},{"id":"3ad69241","settings":{"_column_size":"25","content_position":"center","align":"center","background_background":"classic","background_color":"#ffffff","background_color_b":"#238c8c","border_radius":{"unit":"px","top":"0","right":"0","bottom":"0","left":"0","isLinked":"1"},"box_shadow_box_shadow":{"horizontal":"0","vertical":"0","blur":"6","spread":"0","color":"rgba(0,0,0,0.31)"},"margin":{"unit":"%","top":"-25","right":"3","bottom":"10","left":"3","isLinked":""},"padding":{"unit":"em","top":"2","right":"1","bottom":"2","left":"1","isLinked":""},"space_between_widgets":"10","border_width":{"unit":"px","top":"2","right":"2","bottom":"2","left":"2","isLinked":"1"},"border_color":"rgba(0,79,99,0.55)","border_hover_border":"solid","border_hover_width":{"unit":"px","top":"2","right":"2","bottom":"2","left":"2","isLinked":"1"},"border_hover_color":"#4ce09d","z_index":"1","_inline_size_tablet":"50","margin_mobile":{"unit":"%","top":"3","right":"0","bottom":"3","left":"0","isLinked":""},"padding_mobile":{"unit":"em","top":"","right":"","bottom":"","left":"","isLinked":""},"border_border":"solid","margin_tablet":{"unit":"px","top":"10","right":"10","bottom":"10","left":"10","isLinked":"1"}},"elements":[{"id":"341a0778","settings":{"icon":"fa fa-stack-overflow","primary_color":"#41788c"},"elements":[],"isInner":false,"widgetType":"icon","elType":"widget"},{"id":"2f181f9c","settings":{"title":"data security","title_color":"#238c8c","typography_typography":"custom","typography_font_family":"Cairo","typography_font_size":{"unit":"em","size":"1.5","sizes":[]},"typography_font_weight":"600","typography_text_transform":"capitalize","typography_line_height":{"unit":"em","size":"1.2","sizes":[]},"_margin":{"unit":"%","top":"0","right":"0","bottom":"0","left":"0","isLinked":""},"typography_font_style":"normal","typography_text_decoration":"none","header_size":"h3","_animation":"fadeInUp","align":"center","typography_letter_spacing":{"unit":"px","size":"1","sizes":[]}},"elements":[],"isInner":false,"widgetType":"heading","elType":"widget"},{"id":"7df1d45e","settings":{"editor":"<p>Lorem ipsum dolor sit amet, consectetur adipiscing elit. Ut elit tellus, luctus nec ullamcorper mattis, pulvinar dapibus leo.<\/p>","align":"center","text_color":"#374951","typography_typography":"custom","typography_font_family":"Cairo","typography_font_size":{"unit":"em","size":"0.9","sizes":[]},"typography_text_transform":"none","typography_font_style":"normal","typography_text_decoration":"none","typography_line_height":{"unit":"em","size":"1.6","sizes":[]},"_margin":{"unit":"%","top":"0","right":"2","bottom":"0","left":"0","isLinked":""}},"elements":[],"isInner":false,"widgetType":"text-editor","elType":"widget"},{"id":"46f5aa9d","settings":{"text":"more","size":"md","typography_typography":"custom","typography_font_family":"Cairo","typography_font_size":{"unit":"em","size":"1","sizes":[]},"typography_font_weight":"500","typography_text_transform":"uppercase","typography_font_style":"normal","typography_text_decoration":"none","button_text_color":"#ffffff","background_color":"#174052","border_radius":{"unit":"px","top":"0","right":"0","bottom":"0","left":"0","isLinked":"1"},"_padding":{"unit":"em","top":"0","right":"0","bottom":"0","left":"0","isLinked":""},"_element_width":"inherit","hover_animation":"grow","icon":"fa fa-angle-right","icon_align":"right","icon_indent":{"unit":"px","size":"23","sizes":[]},"align":"justify","align_tablet":"center","align_mobile":"justify","typography_letter_spacing":{"unit":"px","size":"1","sizes":[]},"button_box_shadow_box_shadow":{"horizontal":"0","vertical":"0","blur":"10","spread":"0","color":"#8bff56"},"_margin":{"unit":"%","top":"2","right":"2","bottom":"2","left":"2","isLinked":"1"},"selected_icon":{"value":"fas fa-angle-right","library":"fa-solid"}},"elements":[],"isInner":false,"widgetType":"button","elType":"widget"}],"isInner":"1","elType":"column"},{"id":"7f5e574c","settings":{"_column_size":"25","content_position":"center","align":"center","background_background":"classic","background_color":"#ffffff","background_color_b":"#238c8c","border_radius":{"unit":"px","top":"0","right":"0","bottom":"0","left":"0","isLinked":"1"},"box_shadow_box_shadow":{"horizontal":"0","vertical":"0","blur":"6","spread":"0","color":"rgba(0,0,0,0.31)"},"margin":{"unit":"%","top":"-25","right":"3","bottom":"10","left":"3","isLinked":""},"padding":{"unit":"em","top":"2","right":"1","bottom":"2","left":"1","isLinked":""},"space_between_widgets":"10","border_width":{"unit":"px","top":"2","right":"2","bottom":"2","left":"2","isLinked":"1"},"border_color":"rgba(0,79,99,0.55)","border_hover_border":"solid","border_hover_width":{"unit":"px","top":"2","right":"2","bottom":"2","left":"2","isLinked":"1"},"border_hover_color":"#4ce09d","z_index":"1","_inline_size_tablet":"50","margin_mobile":{"unit":"%","top":"3","right":"0","bottom":"3","left":"0","isLinked":""},"padding_mobile":{"unit":"em","top":"","right":"","bottom":"","left":"","isLinked":""},"border_border":"solid","margin_tablet":{"unit":"px","top":"10","right":"10","bottom":"10","left":"10","isLinked":"1"}},"elements":[{"id":"53648090","settings":{"icon":"fa fa-subscript","primary_color":"#41788c"},"elements":[],"isInner":false,"widgetType":"icon","elType":"widget"},{"id":"27430c4e","settings":{"title":"security safety","title_color":"#238c8c","typography_typography":"custom","typography_font_family":"Cairo","typography_font_size":{"unit":"em","size":"1.5","sizes":[]},"typography_font_weight":"600","typography_text_transform":"capitalize","typography_line_height":{"unit":"em","size":"1.2","sizes":[]},"_margin":{"unit":"%","top":"0","right":"0","bottom":"0","left":"0","isLinked":""},"typography_font_style":"normal","typography_text_decoration":"none","header_size":"h3","_animation":"fadeInUp","align":"center","typography_letter_spacing":{"unit":"px","size":"1","sizes":[]}},"elements":[],"isInner":false,"widgetType":"heading","elType":"widget"},{"id":"4115410c","settings":{"editor":"<p>Lorem ipsum dolor sit amet, consectetur adipiscing elit. Ut elit tellus, luctus nec ullamcorper mattis, pulvinar dapibus leo.<\/p>","align":"center","text_color":"#374951","typography_typography":"custom","typography_font_family":"Cairo","typography_font_size":{"unit":"em","size":"0.9","sizes":[]},"typography_text_transform":"none","typography_font_style":"normal","typography_text_decoration":"none","typography_line_height":{"unit":"em","size":"1.6","sizes":[]},"_margin":{"unit":"%","top":"0","right":"2","bottom":"0","left":"0","isLinked":""}},"elements":[],"isInner":false,"widgetType":"text-editor","elType":"widget"},{"id":"1458257d","settings":{"text":"more","size":"md","typography_typography":"custom","typography_font_family":"Cairo","typography_font_size":{"unit":"em","size":"1","sizes":[]},"typography_font_weight":"500","typography_text_transform":"uppercase","typography_font_style":"normal","typography_text_decoration":"none","button_text_color":"#ffffff","background_color":"#174052","border_radius":{"unit":"px","top":"0","right":"0","bottom":"0","left":"0","isLinked":"1"},"_padding":{"unit":"em","top":"0","right":"0","bottom":"0","left":"0","isLinked":""},"_element_width":"inherit","hover_animation":"grow","icon":"fa fa-angle-right","icon_align":"right","icon_indent":{"unit":"px","size":"23","sizes":[]},"align":"justify","align_tablet":"center","align_mobile":"justify","typography_letter_spacing":{"unit":"px","size":"1","sizes":[]},"button_box_shadow_box_shadow":{"horizontal":"0","vertical":"0","blur":"10","spread":"0","color":"#8bff56"},"_margin":{"unit":"%","top":"2","right":"2","bottom":"2","left":"2","isLinked":"1"},"selected_icon":{"value":"fas fa-angle-right","library":"fa-solid"}},"elements":[],"isInner":false,"widgetType":"button","elType":"widget"}],"isInner":"1","elType":"column"}],"isInner":"1","elType":"section"}]}