{"version":"0.4","title":"Ciber 5","type":"page","content":[{"id":"5752b9eb","settings":{"background_background":"gradient","background_color":"#297884","background_color_b":"#144659","background_overlay_background":"classic","background_overlay_image":{"url":"https:\/\/autoridadenodigital.com.br\/wp-content\/uploads\/2020\/02\/image-from-rawpixel-id-1015313-jpeg.jpg","id":"1053"},"background_overlay_position":"top center","background_overlay_repeat":"no-repeat","background_overlay_size":"cover","padding":{"unit":"em","top":"1","right":"1","bottom":"1","left":"1","isLinked":""},"html_tag":"header","height":"min-height","custom_height":{"unit":"vh","size":"40","sizes":[]}},"elements":[{"id":"6efa806c","settings":{"_column_size":"100","content_position":"center","space_between_widgets":"10","margin":{"unit":"%","top":"0","right":"50","bottom":"0","left":"0","isLinked":""},"padding":{"unit":"em","top":"0","right":"2","bottom":"0","left":"2","isLinked":""},"margin_mobile":{"unit":"px","top":"0","right":"0","bottom":"0","left":"0","isLinked":"1"},"padding_mobile":{"unit":"px","top":"0","right":"0","bottom":"0","left":"0","isLinked":"1"}},"elements":[{"id":"6c862a56","settings":{"title":"Servi\u00e7os","header_size":"h1","title_color":"#ffffff","typography_typography":"custom","typography_font_family":"Maven Pro","typography_font_size":{"unit":"em","size":"4","sizes":[]},"typography_font_weight":"500","_margin":{"unit":"%","top":"4","right":"0","bottom":"0","left":"0","isLinked":""},"align_mobile":"left","typography_font_size_mobile":{"unit":"em","size":"2.2","sizes":[]},"_padding":{"unit":"em","top":"0","right":"0","bottom":"0","left":"0","isLinked":""},"_element_custom_width":{"unit":"px","size":"468","sizes":[]}},"elements":[],"isInner":false,"widgetType":"heading","elType":"widget"},{"id":"3c6d0407","settings":{"weight":{"unit":"px","size":"2","sizes":[]},"color":"#29f48f","_margin":{"unit":"%","top":"0","right":"0","bottom":"0","left":"0","isLinked":""},"align":"left","_padding":{"unit":"em","top":"0","right":"0","bottom":"0","left":"1","isLinked":""},"align_mobile":"left","gap":{"unit":"px","size":"31","sizes":[]},"gap_mobile":{"unit":"px","size":"3","sizes":[]},"_padding_mobile":{"unit":"px","top":"0","right":"0","bottom":"0","left":"0","isLinked":"1"},"_animation":"flash","_element_width":"initial","_element_custom_width":{"unit":"px","size":"46","sizes":[]},"_position":"absolute","_offset_x":{"size":"226","unit":"px"},"_offset_y":{"size":"37","unit":"px"},"_offset_x_mobile":{"size":"138","unit":"px"},"_offset_y_mobile":{"size":"35","unit":"px"},"text":"Divisor"},"elements":[],"isInner":false,"widgetType":"divider","elType":"widget"},{"id":"6afec315","settings":{"title":"Lorem ipsum dolor sit amet, consectetur adipiscing elit. Proin lobortis justo eget sem maximus imperdiet.","header_size":"p","title_color":"#ffffff","typography_typography":"custom","typography_font_family":"Cairo","typography_font_size":{"unit":"em","size":"1.2","sizes":[]},"typography_font_weight":"300","typography_line_height":{"unit":"em","size":"1.3","sizes":[]},"_margin":{"unit":"px","top":"25","right":"0","bottom":"0","left":"0","isLinked":""},"_padding":{"unit":"px","top":"0","right":"0","bottom":"0","left":"0","isLinked":""},"align_mobile":"left","typography_font_size_mobile":{"unit":"rem","size":"0.9","sizes":[]},"typography_line_height_mobile":{"unit":"em","size":"1.6","sizes":[]}},"elements":[],"isInner":false,"widgetType":"heading","elType":"widget"}],"isInner":"","elType":"column"}],"isInner":"","elType":"section"},{"id":"56379253","settings":{"padding":{"unit":"em","top":"3","right":"1","bottom":"6","left":"1","isLinked":""},"padding_tablet":{"unit":"em","top":"2","right":"01","bottom":"3","left":"01","isLinked":""},"html_tag":"section","background_background":"classic","background_color":"#ffffff","padding_mobile":{"unit":"em","top":"1","right":"1","bottom":"1","left":"1","isLinked":"1"},"structure":"20"},"elements":[{"id":"25a21bed","settings":{"_column_size":"50","space_between_widgets":"10","margin":{"unit":"%","top":"0","right":"0","bottom":"0","left":"0","isLinked":""},"padding_tablet":{"unit":"px","top":"0","right":"0","bottom":"0","left":"0","isLinked":""},"margin_mobile":{"unit":"px","top":"0","right":"0","bottom":"0","left":"0","isLinked":""},"padding_mobile":{"unit":"px","top":"0","right":"0","bottom":"0","left":"0","isLinked":""},"_inline_size":"49.386","_inline_size_tablet":"60","content_position":"center"},"elements":[{"id":"128ba267","settings":{"structure":"20","margin":{"unit":"px","top":"0","right":"0","bottom":"0","left":"0","isLinked":"1"}},"elements":[{"id":"3be77e8c","settings":{"_column_size":"50","_inline_size":"68.661","_inline_size_mobile":"80","content_position":"bottom","padding":{"unit":"em","top":"0","right":"0","bottom":"0","left":"0","isLinked":""},"padding_mobile":{"unit":"em","top":"0","right":"0","bottom":"0","left":"1","isLinked":""},"_inline_size_tablet":"60","padding_tablet":{"unit":"px","top":"1","right":"1","bottom":"1","left":"1","isLinked":"1"}},"elements":[{"id":"705be66c","settings":{"title":"Sua seguran\u00e7a \u00e9 importante","title_color":"#238c8c","typography_typography":"custom","typography_font_family":"Cairo","typography_font_size":{"unit":"em","size":"2.4","sizes":[]},"typography_font_weight":"600","typography_line_height":{"unit":"em","size":"0.9","sizes":[]},"_margin":{"unit":"%","top":"0","right":"0","bottom":"0","left":"0","isLinked":""},"align":"left","_padding":{"unit":"em","top":"0","right":"0","bottom":"2","left":"0","isLinked":""},"_margin_tablet":{"unit":"px","top":"0","right":"0","bottom":"0","left":"0","isLinked":""},"_padding_tablet":{"unit":"px","top":"0","right":"0","bottom":"0","left":"0","isLinked":""},"_animation":"fadeInUp","typography_font_size_mobile":{"unit":"rem","size":"1.3","sizes":[]},"typography_letter_spacing":{"unit":"px","size":"1","sizes":[]},"_element_width_mobile":"initial","_element_custom_width":{"unit":"px","size":"267","sizes":[]},"_element_custom_width_mobile":{"unit":"px","size":"216","sizes":[]},"typography_font_size_tablet":{"unit":"rem","size":"1.7","sizes":[]}},"elements":[],"isInner":false,"widgetType":"heading","elType":"widget"}],"isInner":"1","elType":"column"},{"id":"1a2b3d63","settings":{"_column_size":"50","_inline_size":"31.331","_inline_size_mobile":"20","content_position":"bottom","padding_mobile":{"unit":"px","top":"0","right":"22","bottom":"0","left":"0","isLinked":""},"_inline_size_tablet":"20"},"elements":[{"id":"6cd87cd9","settings":{"weight":{"unit":"px","size":"2","sizes":[]},"color":"#29f48f","_margin":{"unit":"%","top":"0","right":"0","bottom":"0","left":"0","isLinked":""},"width":{"unit":"%","size":"98","sizes":[]},"align":"left","_padding":{"unit":"em","top":"0","right":"1","bottom":"0","left":"0","isLinked":""},"align_mobile":"left","gap":{"unit":"px","size":"30","sizes":[]},"gap_mobile":{"unit":"px","size":"3","sizes":[]},"_padding_mobile":{"unit":"px","top":"0","right":"0","bottom":"0","left":"0","isLinked":"1"},"_animation":"flash","_element_width":"initial","_element_width_mobile":"initial","_element_custom_width":{"unit":"px","size":"56","sizes":[]},"_element_custom_width_mobile":{"unit":"px","size":"57","sizes":[]},"_element_vertical_align":"flex-start","_element_vertical_align_mobile":"center","_margin_tablet":{"unit":"px","top":"0","right":"0","bottom":"-36","left":"0","isLinked":""},"_padding_tablet":{"unit":"px","top":"0","right":"0","bottom":"0","left":"0","isLinked":"1"},"text":"Divisor"},"elements":[],"isInner":false,"widgetType":"divider","elType":"widget"}],"isInner":"1","elType":"column"}],"isInner":"1","elType":"section"}],"isInner":"","elType":"column"},{"id":"75486dcd","settings":{"_column_size":"50","_inline_size":"50.614","_inline_size_tablet":"40"},"elements":[{"id":"76576980","settings":{"editor":"<p>Lorem ipsum dolor sit amet, consectetur adipiscing elit, sed do eiusmod tempor incididunt ut labore et dolore magna aliqua.<\/p>","align":"justify","text_color":"#374951","typography_typography":"custom","typography_font_family":"Cairo","typography_font_size":{"unit":"em","size":"1","sizes":[]},"typography_text_transform":"none","typography_font_style":"normal","typography_text_decoration":"none","typography_line_height":{"unit":"em","size":"1.6","sizes":[]},"_margin":{"unit":"%","top":"0","right":"2","bottom":"0","left":"0","isLinked":""},"align_mobile":"center","align_tablet":"left","typography_font_size_mobile":{"unit":"rem","size":"1.1","sizes":[]}},"elements":[],"isInner":false,"widgetType":"text-editor","elType":"widget"}],"isInner":"","elType":"column"}],"isInner":"","elType":"section"},{"id":"648c53ed","settings":{"background_background":"classic","background_color":"#ffffff","background_overlay_background":"classic","background_overlay_position":"center center","background_overlay_attachment":"fixed","background_overlay_repeat":"no-repeat","background_overlay_size":"cover","overlay_blend_mode":"luminosity","html_tag":"section","padding_tablet":{"unit":"em","top":"1","right":"1","bottom":"1","left":"1","isLinked":"1"},"gap":"no","structure":"20","background_color_b":"#144659","shape_divider_top_color":"#000000","shape_divider_top_width":{"unit":"%","size":"139","sizes":[]},"shape_divider_top_height":{"unit":"px","size":"94","sizes":[]},"margin":{"unit":"px","top":"0","right":"0","bottom":"-69","left":"0","isLinked":""},"padding":{"unit":"em","top":"0","right":"1","bottom":"0","left":"1","isLinked":""},"reverse_order_tablet":"reverse-tablet"},"elements":[{"id":"2a7198e6","settings":{"_column_size":"50","_inline_size":"42.105","padding":{"unit":"em","top":"1","right":"1","bottom":"1","left":"1","isLinked":"1"},"_inline_size_tablet":"50","padding_tablet":{"unit":"em","top":"2","right":"2","bottom":"2","left":"2","isLinked":"1"},"padding_mobile":{"unit":"em","top":"1","right":"1","bottom":"1","left":"1","isLinked":"1"}},"elements":[{"id":"6cb04d14","settings":{"editor":"<p>Imperdiet nulla malesuada pellentesque elit eget gravida cum. Malesuada fames ac turpis egestas integer eget aliquet. Fames ac turpis egestas sed tempus urna et pharetra. Vulputate sapien nec sagittis aliquam.\u00a0<\/p>","align":"left","text_color":"#374951","typography_typography":"custom","typography_font_family":"Cairo","typography_font_size":{"unit":"em","size":"1","sizes":[]},"typography_text_transform":"none","typography_font_style":"normal","typography_text_decoration":"none","_margin":{"unit":"%","top":"0","right":"2","bottom":"0","left":"0","isLinked":""},"typography_line_height":{"unit":"em","size":"1.6","sizes":[]}},"elements":[],"isInner":false,"widgetType":"text-editor","elType":"widget"},{"id":"efe9b3a","settings":{"icon_list":[{"text":"Lorem ipsum dolor sit amet","icon":"fa fa-check","_id":"0a206e4","link":{"url":"","is_external":"","nofollow":""},"selected_icon":{"value":"fas fa-check","library":"fa-solid"}},{"text":"Lorem ipsum dolor sit amet","icon":"fa fa-check","_id":"91ead72","link":{"url":"","is_external":"","nofollow":""},"selected_icon":{"value":"fas fa-check","library":"fa-solid"}},{"text":"Lorem ipsum dolor sit amet","icon":"fa fa-check","_id":"e7fcd7b","link":{"url":"","is_external":"","nofollow":""},"selected_icon":{"value":"fas fa-check","library":"fa-solid"}}],"space_between":{"unit":"px","size":"19","sizes":[]},"icon_color":"#29f48f","icon_size":{"unit":"px","size":"19","sizes":[]},"text_color":"#3a5059","icon_typography_typography":"custom","icon_typography_font_family":"Cairo","icon_typography_font_size":{"unit":"em","size":"1.1","sizes":[]},"icon_typography_font_style":"normal","icon_typography_text_decoration":"none","_padding":{"unit":"em","top":"0","right":"0","bottom":"2","left":"0","isLinked":""},"text_indent":{"unit":"px","size":"18","sizes":[]}},"elements":[],"isInner":false,"widgetType":"icon-list","elType":"widget"}],"isInner":"","elType":"column"},{"id":"625964fc","settings":{"_column_size":"50","background_background":"classic","background_color":"#144659","border_border":"solid","border_width":{"unit":"px","top":"0","right":"0","bottom":"2","left":"0","isLinked":""},"border_color":"#4ce09d","margin":{"unit":"%","top":"-12","right":"0","bottom":"0","left":"0","isLinked":""},"padding":{"unit":"em","top":"2","right":"3","bottom":"2","left":"3","isLinked":""},"space_between_widgets":"10","z_index":"1","box_shadow_box_shadow":{"horizontal":"0","vertical":"0","blur":"6","spread":"0","color":"rgba(0,0,0,0.31)"},"padding_mobile":{"unit":"em","top":"3","right":"1","bottom":"1","left":"1","isLinked":""},"_inline_size":"57.895","_inline_size_tablet":"50","content_position":"center","align":"center","background_color_b":"#238c8c","border_radius":{"unit":"%","top":"","right":"","bottom":"","left":"","isLinked":""},"border_hover_border":"solid","border_hover_width":{"unit":"px","top":"0","right":"0","bottom":"2","left":"0","isLinked":""},"border_hover_color":"#8bff56","padding_tablet":{"unit":"em","top":"2","right":"1","bottom":"1","left":"1","isLinked":""},"margin_tablet":{"unit":"px","top":"0","right":"0","bottom":"0","left":"0","isLinked":"1"}},"elements":[{"id":"70ceba87","settings":{"structure":"20","padding":{"unit":"px","top":"0","right":"0","bottom":"0","left":"0","isLinked":"1"}},"elements":[{"id":"40fb9aa5","settings":{"_column_size":"50","_inline_size":"5.046","_inline_size_mobile":"20","content_position":"bottom","padding_mobile":{"unit":"px","top":"0","right":"22","bottom":"0","left":"0","isLinked":""},"padding":{"unit":"px","top":"0","right":"0","bottom":"0","left":"0","isLinked":"1"},"_inline_size_tablet":"10"},"elements":[{"id":"4739fd1","settings":{"weight":{"unit":"px","size":"2","sizes":[]},"color":"#29f48f","_margin":{"unit":"px","top":"","right":"","bottom":"","left":"","isLinked":""},"width":{"unit":"%","size":"98","sizes":[]},"align":"right","_padding":{"unit":"em","top":"0","right":"0","bottom":"0","left":"1","isLinked":""},"align_mobile":"left","gap":{"unit":"px","size":"35","sizes":[]},"gap_mobile":{"unit":"px","size":"3","sizes":[]},"_padding_mobile":{"unit":"px","top":"0","right":"0","bottom":"0","left":"0","isLinked":"1"},"_animation":"flash","_element_width":"initial","_element_width_mobile":"initial","_element_custom_width":{"unit":"px","size":"49"},"_element_custom_width_mobile":{"unit":"px","size":"57","sizes":[]},"_element_vertical_align":"flex-start","_element_vertical_align_mobile":"center","text":"Divisor"},"elements":[],"isInner":false,"widgetType":"divider","elType":"widget"}],"isInner":"1","elType":"column"},{"id":"146c4004","settings":{"_column_size":"50","_inline_size":"94.946","_inline_size_mobile":"80","content_position":"bottom","padding":{"unit":"em","top":"0","right":"0","bottom":"0","left":"2","isLinked":""},"padding_mobile":{"unit":"em","top":"0","right":"0","bottom":"0","left":"1","isLinked":""},"_inline_size_tablet":"90"},"elements":[{"id":"639bbe49","settings":{"title":"Identify issues if you suspect you've been hacked.","title_color":"#ffffff","typography_typography":"custom","typography_font_family":"Cairo","typography_font_size":{"unit":"em","size":"2.5","sizes":[]},"typography_font_weight":"600","typography_line_height":{"unit":"em","size":"0.9","sizes":[]},"_margin":{"unit":"%","top":"0","right":"0","bottom":"0","left":"0","isLinked":""},"align":"left","_padding":{"unit":"em","top":"0","right":"0","bottom":"2","left":"0","isLinked":""},"_margin_tablet":{"unit":"px","top":"0","right":"0","bottom":"0","left":"0","isLinked":""},"_padding_tablet":{"unit":"px","top":"0","right":"0","bottom":"0","left":"0","isLinked":""},"_animation":"fadeInUp","typography_font_size_mobile":{"unit":"rem","size":"1.3","sizes":[]},"typography_letter_spacing":{"unit":"px","size":"1","sizes":[]},"_element_width_mobile":"initial","_element_custom_width":{"unit":"px","size":"267","sizes":[]},"_element_custom_width_mobile":{"unit":"px","size":"216","sizes":[]}},"elements":[],"isInner":false,"widgetType":"heading","elType":"widget"}],"isInner":"1","elType":"column"}],"isInner":"1","elType":"section"},{"id":"38afb1de","settings":{"structure":"20","padding":{"unit":"em","top":"0","right":"0","bottom":"0","left":"0","isLinked":""},"content_position":"top","margin":{"unit":"px","top":"0","right":"0","bottom":"0","left":"0","isLinked":"1"},"padding_tablet":{"unit":"em","top":"1","right":"0","bottom":"0","left":"0","isLinked":""}},"elements":[{"id":"708467dc","settings":{"_column_size":"50","content_position":"top","space_between_widgets":"0"},"elements":[{"id":"1da8b2e0","settings":{"icon":"fa fa-search","title_text":"SEO spam scanner","description_text":"Lorem ipsum dolor sit amet, consectetur adipiscing elit, sed do.","position":"left","primary_color":"#29f48f","icon_size":{"unit":"px","size":"25","sizes":[]},"title_color":"#ffffff","title_typography_typography":"custom","title_typography_font_family":"Cairo","title_typography_font_size":{"unit":"em","size":"1.1","sizes":[]},"title_typography_font_weight":"600","title_typography_text_transform":"uppercase","title_typography_font_style":"normal","title_typography_text_decoration":"none","description_color":"#ffffff","description_typography_typography":"custom","description_typography_font_family":"Cairo","description_typography_font_size":{"unit":"em","size":"0.9","sizes":[]},"description_typography_font_weight":"300","description_typography_text_transform":"none","description_typography_font_style":"normal","description_typography_text_decoration":"none","description_typography_line_height":{"unit":"em","size":"1.6","sizes":[]},"_margin":{"unit":"px","top":"0","right":"0","bottom":"0","left":"0","isLinked":""},"_padding":{"unit":"px","top":"0","right":"0","bottom":"0","left":"0","isLinked":""},"_border_radius":{"unit":"px","top":"5","right":"5","bottom":"5","left":"5","isLinked":"1"},"title_size":"span","icon_space":{"unit":"px","size":"30","sizes":[]},"text_align":"left","text_align_mobile":"center","title_bottom_space":{"unit":"px","size":"9","sizes":[]},"title_typography_letter_spacing":{"unit":"px","size":"1","sizes":[]},"_padding_mobile":{"unit":"em","top":"0","right":"0","bottom":"2","left":"0","isLinked":""},"icon_space_tablet":{"unit":"px","size":"6","sizes":[]},"icon_size_tablet":{"unit":"px","size":"17","sizes":[]},"title_bottom_space_tablet":{"unit":"px","size":"0","sizes":[]},"title_typography_font_size_tablet":{"unit":"rem","size":"0.7","sizes":[]},"title_typography_line_height_tablet":{"unit":"em","size":"2.7","sizes":[]},"description_typography_font_size_tablet":{"unit":"rem","size":"0.8","sizes":[]},"selected_icon":{"value":"fas fa-search","library":"fa-solid"}},"elements":[],"isInner":false,"widgetType":"icon-box","elType":"widget"}],"isInner":"1","elType":"column"},{"id":"62f6a2c6","settings":{"_column_size":"50"},"elements":[{"id":"1d289783","settings":{"icon":"fa fa-server","title_text":"Server-side PHP scanner","description_text":"Lorem ipsum dolor sit amet, consectetur adipiscing elit, sed do eiusmod tempor.","position":"left","primary_color":"#29f48f","icon_size":{"unit":"px","size":"25","sizes":[]},"title_color":"#ffffff","title_typography_typography":"custom","title_typography_font_family":"Cairo","title_typography_font_size":{"unit":"em","size":"1.1","sizes":[]},"title_typography_font_weight":"600","title_typography_text_transform":"uppercase","title_typography_font_style":"normal","title_typography_text_decoration":"none","description_color":"#ffffff","description_typography_typography":"custom","description_typography_font_family":"Cairo","description_typography_font_size":{"unit":"em","size":"0.9","sizes":[]},"description_typography_font_weight":"300","description_typography_text_transform":"none","description_typography_font_style":"normal","description_typography_text_decoration":"none","description_typography_line_height":{"unit":"em","size":"1.6","sizes":[]},"_margin":{"unit":"px","top":"0","right":"0","bottom":"0","left":"0","isLinked":""},"_padding":{"unit":"px","top":"0","right":"0","bottom":"0","left":"0","isLinked":""},"_border_radius":{"unit":"px","top":"5","right":"5","bottom":"5","left":"5","isLinked":"1"},"title_size":"span","icon_space":{"unit":"px","size":"30","sizes":[]},"text_align":"left","text_align_mobile":"center","title_bottom_space":{"unit":"px","size":"9","sizes":[]},"title_typography_letter_spacing":{"unit":"px","size":"1","sizes":[]},"_padding_mobile":{"unit":"em","top":"0","right":"0","bottom":"2","left":"0","isLinked":""},"icon_space_tablet":{"unit":"px","size":"6","sizes":[]},"icon_size_tablet":{"unit":"px","size":"17","sizes":[]},"title_bottom_space_tablet":{"unit":"px","size":"0","sizes":[]},"title_typography_font_size_tablet":{"unit":"rem","size":"0.7","sizes":[]},"title_typography_line_height_tablet":{"unit":"em","size":"1","sizes":[]},"description_typography_font_size_tablet":{"unit":"rem","size":"0.8","sizes":[]},"selected_icon":{"value":"fas fa-server","library":"fa-solid"}},"elements":[],"isInner":false,"widgetType":"icon-box","elType":"widget"}],"isInner":"1","elType":"column"}],"isInner":"1","elType":"section"},{"id":"78377078","settings":{"structure":"20","padding":{"unit":"em","top":"1","right":"0","bottom":"0","left":"0","isLinked":""}},"elements":[{"id":"16c6e49a","settings":{"_column_size":"50","content_position":"top"},"elements":[{"id":"7969dc44","settings":{"icon":"fa fa-braille","title_text":"DNS monitoring","description_text":"Lorem ipsum dolor sit amet, consectetur adipiscing elit, sed do eiusmod tempor.","position":"left","primary_color":"#29f48f","icon_size":{"unit":"px","size":"25","sizes":[]},"title_color":"#ffffff","title_typography_typography":"custom","title_typography_font_family":"Cairo","title_typography_font_size":{"unit":"em","size":"1.1","sizes":[]},"title_typography_font_weight":"600","title_typography_text_transform":"uppercase","title_typography_font_style":"normal","title_typography_text_decoration":"none","description_color":"#ffffff","description_typography_typography":"custom","description_typography_font_family":"Cairo","description_typography_font_size":{"unit":"em","size":"0.9","sizes":[]},"description_typography_font_weight":"300","description_typography_text_transform":"none","description_typography_font_style":"normal","description_typography_text_decoration":"none","description_typography_line_height":{"unit":"em","size":"1.6","sizes":[]},"_margin":{"unit":"px","top":"0","right":"0","bottom":"0","left":"0","isLinked":""},"_padding":{"unit":"px","top":"0","right":"0","bottom":"0","left":"0","isLinked":""},"_border_radius":{"unit":"px","top":"5","right":"5","bottom":"5","left":"5","isLinked":"1"},"title_size":"span","icon_space":{"unit":"px","size":"30","sizes":[]},"text_align":"left","text_align_mobile":"center","title_bottom_space":{"unit":"px","size":"9","sizes":[]},"title_typography_letter_spacing":{"unit":"px","size":"1","sizes":[]},"_padding_mobile":{"unit":"em","top":"0","right":"0","bottom":"2","left":"0","isLinked":""},"icon_space_tablet":{"unit":"px","size":"6","sizes":[]},"icon_size_tablet":{"unit":"px","size":"17","sizes":[]},"title_bottom_space_tablet":{"unit":"px","size":"0","sizes":[]},"title_typography_font_size_tablet":{"unit":"rem","size":"0.7","sizes":[]},"title_typography_line_height_tablet":{"unit":"em","size":"1","sizes":[]},"description_typography_font_size_tablet":{"unit":"rem","size":"0.8","sizes":[]},"selected_icon":{"value":"fas fa-braille","library":"fa-solid"}},"elements":[],"isInner":false,"widgetType":"icon-box","elType":"widget"}],"isInner":"1","elType":"column"},{"id":"74a34f38","settings":{"_column_size":"50"},"elements":[{"id":"4289568c","settings":{"icon":"fa fa-warning","title_text":"alerts and email reports","description_text":"Lorem ipsum dolor sit amet, consectetur adipiscing elit, sed do eiusmod tempor.","position":"left","primary_color":"#29f48f","icon_size":{"unit":"px","size":"25","sizes":[]},"title_color":"#ffffff","title_typography_typography":"custom","title_typography_font_family":"Cairo","title_typography_font_size":{"unit":"em","size":"1.1","sizes":[]},"title_typography_font_weight":"600","title_typography_text_transform":"uppercase","title_typography_font_style":"normal","title_typography_text_decoration":"none","description_color":"#ffffff","description_typography_typography":"custom","description_typography_font_family":"Cairo","description_typography_font_size":{"unit":"em","size":"0.9","sizes":[]},"description_typography_font_weight":"300","description_typography_text_transform":"none","description_typography_font_style":"normal","description_typography_text_decoration":"none","description_typography_line_height":{"unit":"em","size":"1.6","sizes":[]},"_margin":{"unit":"px","top":"0","right":"0","bottom":"0","left":"0","isLinked":""},"_padding":{"unit":"px","top":"0","right":"0","bottom":"0","left":"0","isLinked":""},"_border_radius":{"unit":"px","top":"5","right":"5","bottom":"5","left":"5","isLinked":"1"},"title_size":"span","icon_space":{"unit":"px","size":"30","sizes":[]},"text_align":"left","text_align_mobile":"center","title_bottom_space":{"unit":"px","size":"9","sizes":[]},"title_typography_letter_spacing":{"unit":"px","size":"1","sizes":[]},"_padding_mobile":{"unit":"em","top":"0","right":"0","bottom":"2","left":"0","isLinked":""},"icon_space_tablet":{"unit":"px","size":"6","sizes":[]},"icon_size_tablet":{"unit":"px","size":"17","sizes":[]},"title_bottom_space_tablet":{"unit":"px","size":"0","sizes":[]},"title_typography_font_size_tablet":{"unit":"rem","size":"0.7","sizes":[]},"title_typography_line_height_tablet":{"unit":"em","size":"1","sizes":[]},"description_typography_font_size_tablet":{"unit":"rem","size":"0.8","sizes":[]},"selected_icon":{"value":"fas fa-exclamation-triangle","library":"fa-solid"}},"elements":[],"isInner":false,"widgetType":"icon-box","elType":"widget"}],"isInner":"1","elType":"column"}],"isInner":"1","elType":"section"}],"isInner":"","elType":"column"}],"isInner":"","elType":"section"},{"id":"119a63f","settings":{"html_tag":"section","structure":"20","background_background":"classic","background_color":"#ffffff","padding":{"unit":"em","top":"3","right":"1","bottom":"3","left":"1","isLinked":""},"padding_tablet":{"unit":"em","top":"","right":"","bottom":"","left":"","isLinked":""}},"elements":[{"id":"42d68ac3","settings":{"_column_size":"50","_inline_size":"36.491","content_position":"top","space_between_widgets":"10","padding":{"unit":"em","top":"1","right":"1","bottom":"1","left":"1","isLinked":""},"_inline_size_tablet":"100","margin":{"unit":"%","top":"0","right":"0","bottom":"0","left":"0","isLinked":""},"margin_tablet":{"unit":"px","top":"0","right":"0","bottom":"0","left":"0","isLinked":""}},"elements":[{"id":"44af06d7","settings":{"structure":"20","gap":"no"},"elements":[{"id":"5081767f","settings":{"_column_size":"50","_inline_size":"72.36","_inline_size_tablet":"70","content_position":"bottom"},"elements":[{"id":"2fa31c3","settings":{"title":"Clientes Felizes","title_color":"#238c8c","typography_typography":"custom","typography_font_family":"Cairo","typography_font_size":{"unit":"em","size":2.399999999999999911182158029987476766109466552734375,"sizes":[]},"typography_font_weight":"600","typography_line_height":{"unit":"em","size":"0.9","sizes":[]},"_margin":{"unit":"%","top":"0","right":"0","bottom":"0","left":"0","isLinked":""},"align":"left","_padding":{"unit":"em","top":"0","right":"0","bottom":"2","left":"0","isLinked":""},"_margin_tablet":{"unit":"px","top":"0","right":"0","bottom":"0","left":"0","isLinked":""},"_padding_tablet":{"unit":"px","top":"0","right":"0","bottom":"0","left":"0","isLinked":""},"_animation":"fadeInUp","typography_letter_spacing":{"unit":"px","size":"1","sizes":[]},"_element_custom_width":{"unit":"px","size":"267","sizes":[]}},"elements":[],"isInner":false,"widgetType":"heading","elType":"widget"}],"isInner":"1","elType":"column"},{"id":"7f0fc93f","settings":{"_column_size":"50","_inline_size":"27.632","content_position":"bottom","padding_tablet":{"unit":"px","top":"0","right":"0","bottom":"0","left":"0","isLinked":"1"},"align":"flex-start"},"elements":[{"id":"748cb2cb","settings":{"weight":{"unit":"px","size":"2","sizes":[]},"color":"#29f48f","_margin":{"unit":"%","top":"0","right":"0","bottom":"0","left":"0","isLinked":""},"width":{"unit":"%","size":"98","sizes":[]},"align":"left","_padding":{"unit":"em","top":"0","right":"0","bottom":"0","left":"1","isLinked":""},"gap":{"unit":"px","size":"37","sizes":[]},"gap_tablet":{"unit":"px","size":"17","sizes":[]},"_animation":"flash","_element_width":"initial","_element_custom_width":{"unit":"px","size":"56","sizes":[]},"_element_vertical_align":"flex-start","text":"Divisor"},"elements":[],"isInner":false,"widgetType":"divider","elType":"widget"}],"isInner":"1","elType":"column"}],"isInner":"1","elType":"section"},{"id":"6ab542d8","settings":{"editor":"<p>Lorem ipsum dolor sit amet, consectetur adipiscing elit, sed do eiusmod tempor incididunt ut labore et dolore magna aliqua.<\/p>","align":"left","text_color":"#374951","typography_typography":"custom","typography_font_family":"Cairo","typography_font_size":{"unit":"em","size":"1","sizes":[]},"typography_text_transform":"none","typography_font_style":"normal","typography_text_decoration":"none","typography_line_height":{"unit":"em","size":"1.6","sizes":[]},"_margin":{"unit":"%","top":"0","right":"2","bottom":"0","left":"0","isLinked":""}},"elements":[],"isInner":false,"widgetType":"text-editor","elType":"widget"}],"isInner":"","elType":"column"},{"id":"1ab6f59b","settings":{"_column_size":"50","_inline_size":"63.509","margin":{"unit":"px","top":"","right":"","bottom":"","left":"","isLinked":""},"_inline_size_tablet":"100","content_position":"center","margin_tablet":{"unit":"px","top":"0","right":"0","bottom":"0","left":"0","isLinked":""},"padding_mobile":{"unit":"em","top":"0","right":"0","bottom":"0","left":"0","isLinked":"1"},"padding":{"unit":"em","top":"0","right":"0","bottom":"0","left":"3","isLinked":""},"padding_tablet":{"unit":"em","top":"0","right":"0","bottom":"3","left":"0","isLinked":""}},"elements":[{"id":"42080d9a","settings":{"structure":"40","padding":{"unit":"px","top":"10","right":"0","bottom":"0","left":"0","isLinked":""}},"elements":[{"id":"4a5b0d2a","settings":{"_column_size":"25","background_color":"#efefef","margin":{"unit":"px","top":"10","right":"10","bottom":"10","left":"0","isLinked":""},"padding":{"unit":"em","top":"","right":"","bottom":"","left":"","isLinked":"1"},"content_position":"center","align":"center"},"elements":[{"id":"1fdd77a","settings":{"image":{"id":"1042","url":"https:\/\/autoridadenodigital.com.br\/wp-content\/uploads\/2020\/02\/apprevu.jpg"},"space":{"unit":"%","size":"61"},"space_tablet":{"unit":"%","size":"65"},"width":{"unit":"%","size":"100","sizes":[]},"opacity":{"unit":"px","size":"0.34","sizes":[]},"css_filters_css_filter":"custom","css_filters_saturate":{"unit":"px","size":"0","sizes":[]},"opacity_hover":{"unit":"px","size":"1","sizes":[]},"css_filters_hover_css_filter":"custom","background_hover_transition":{"unit":"px","size":"0.6","sizes":[]}},"elements":[],"isInner":false,"widgetType":"image","elType":"widget"}],"isInner":"1","elType":"column"},{"id":"11ce4a69","settings":{"_column_size":"25","background_color":"#efefef","margin":{"unit":"px","top":"10","right":"10","bottom":"10","left":"0","isLinked":""},"padding":{"unit":"em","top":"","right":"","bottom":"","left":"","isLinked":"1"},"content_position":"center","align":"center"},"elements":[{"id":"65e166a2","settings":{"image":{"id":"1043","url":"https:\/\/autoridadenodigital.com.br\/wp-content\/uploads\/2020\/02\/grntech.jpg"},"space":{"unit":"%","size":"61"},"space_tablet":{"unit":"%","size":"65"},"width":{"unit":"%","size":"100","sizes":[]},"opacity":{"unit":"px","size":"0.34","sizes":[]},"css_filters_css_filter":"custom","css_filters_saturate":{"unit":"px","size":"0","sizes":[]},"opacity_hover":{"unit":"px","size":"1","sizes":[]},"css_filters_hover_css_filter":"custom","background_hover_transition":{"unit":"px","size":"0.6","sizes":[]}},"elements":[],"isInner":false,"widgetType":"image","elType":"widget"}],"isInner":"1","elType":"column"},{"id":"2a64c334","settings":{"_column_size":"25","background_color":"#efefef","margin":{"unit":"px","top":"10","right":"10","bottom":"10","left":"0","isLinked":""},"padding":{"unit":"em","top":"","right":"","bottom":"","left":"","isLinked":"1"},"content_position":"center","align":"center"},"elements":[{"id":"4f1c2fde","settings":{"image":{"id":"1044","url":"https:\/\/autoridadenodigital.com.br\/wp-content\/uploads\/2020\/02\/dc4p4Arce.png"},"space":{"unit":"%","size":"61"},"space_tablet":{"unit":"%","size":"65"},"width":{"unit":"%","size":"100","sizes":[]},"opacity":{"unit":"px","size":"0.34","sizes":[]},"css_filters_css_filter":"custom","css_filters_saturate":{"unit":"px","size":"0","sizes":[]},"opacity_hover":{"unit":"px","size":"1","sizes":[]},"css_filters_hover_css_filter":"custom","background_hover_transition":{"unit":"px","size":"0.6","sizes":[]}},"elements":[],"isInner":false,"widgetType":"image","elType":"widget"}],"isInner":"1","elType":"column"},{"id":"601db2ba","settings":{"_column_size":"25","background_color":"#efefef","margin":{"unit":"px","top":"10","right":"10","bottom":"10","left":"0","isLinked":""},"padding":{"unit":"em","top":"","right":"","bottom":"","left":"","isLinked":"1"},"content_position":"center","align":"center"},"elements":[{"id":"644ce719","settings":{"image":{"id":"1045","url":"https:\/\/autoridadenodigital.com.br\/wp-content\/uploads\/2020\/02\/kTKjybBTj.jpg"},"space":{"unit":"%","size":"41"},"space_tablet":{"unit":"%","size":"65"},"width":{"unit":"%","size":"35","sizes":[]},"opacity":{"unit":"px","size":"0.34","sizes":[]},"css_filters_css_filter":"custom","css_filters_saturate":{"unit":"px","size":"0","sizes":[]},"opacity_hover":{"unit":"px","size":"1","sizes":[]},"css_filters_hover_css_filter":"custom","background_hover_transition":{"unit":"px","size":"0.6","sizes":[]}},"elements":[],"isInner":false,"widgetType":"image","elType":"widget"}],"isInner":"1","elType":"column"}],"isInner":"1","elType":"section"}],"isInner":"","elType":"column"}],"isInner":"","elType":"section"},{"id":"4bd78c87","settings":{"structure":"30","background_background":"gradient","background_overlay_background":"classic","padding":{"unit":"em","top":"0","right":"1","bottom":"3","left":"1","isLinked":""},"padding_tablet":{"unit":"em","top":"1","right":"1","bottom":"1","left":"1","isLinked":"1"},"html_tag":"section","background_color":"#0d5e6b","gap":"no","background_color_b":"#144659","background_overlay_image":{"url":"https:\/\/autoridadenodigital.com.br\/wp-content\/uploads\/2020\/02\/guogete-cT7j9uTDR7M-unsplash.jpg","id":"1030"},"background_overlay_position":"center center","background_overlay_attachment":"fixed","background_overlay_repeat":"no-repeat","background_overlay_size":"cover","overlay_blend_mode":"luminosity","shape_divider_top_color":"#000000","shape_divider_top_width":{"unit":"%","size":"139","sizes":[]},"shape_divider_top_height":{"unit":"px","size":"94","sizes":[]},"reverse_order_tablet":"reverse-tablet","padding_mobile":{"unit":"em","top":"2","right":"2","bottom":"2","left":"2","isLinked":"1"}},"elements":[{"id":"62fb5d19","settings":{"_column_size":"33","space_between_widgets":"10","margin":{"unit":"%","top":"0","right":"0","bottom":"0","left":"0","isLinked":""},"padding":{"unit":"em","top":"1","right":"1","bottom":"1","left":"1","isLinked":"1"},"_inline_size_tablet":"100","margin_mobile":{"unit":"%","top":"0","right":"0","bottom":"10","left":"0","isLinked":""},"padding_mobile":{"unit":"em","top":"0","right":"0","bottom":"0","left":"0","isLinked":""}},"elements":[{"id":"4dc47025","settings":{"icon":"fa fa-low-vision","primary_color":"#ffffff","_margin":{"unit":"%","top":"-66","right":"0","bottom":"26","left":"0","isLinked":""},"_padding":{"unit":"em","top":"2","right":"2","bottom":"2","left":"02","isLinked":""},"_background_background":"classic","_background_color":"#238c8c","_element_width":"initial","size":{"unit":"px","size":"25","sizes":[]},"_padding_mobile":{"unit":"em","top":"1","right":"1","bottom":"1","left":"1","isLinked":"1"},"_z_index":"6","motion_fx_opacity_effect":"yes","motion_fx_opacity_direction":"out-in-out","motion_fx_opacity_range":{"unit":"%","size":"","sizes":{"start":"0","end":"51"}},"_animation":"shake","_border_border":"solid","_border_width":{"unit":"px","top":"0","right":"0","bottom":"2","left":"0","isLinked":""},"_border_color":"#29f48f","_offset_x":{"size":"286","unit":"px"},"_offset_x_tablet":{"size":"306","unit":"px"},"_offset_x_mobile":{"size":"119","unit":"px"},"_offset_orientation_v":"end","_offset_y":{"size":"446.031","unit":"px"},"_offset_y_tablet":{"size":"-191","unit":"px"},"_offset_y_mobile":{"size":"-173","unit":"px"},"_offset_y_end":{"size":"-158.391","unit":"px"},"_offset_y_end_mobile":{"size":"-40.625","unit":"px"},"_margin_tablet":{"unit":"px","top":"0","right":"0","bottom":"0","left":"3","isLinked":""},"_element_width_tablet":"initial","_element_custom_width_tablet":{"unit":"px","size":"93","sizes":[]}},"elements":[],"isInner":false,"widgetType":"icon","elType":"widget"},{"id":"6079900a","settings":{"title":"Estrat\u00e9gias de seguran\u00e7a para seus neg\u00f3cios","title_color":"#ffffff","typography_typography":"custom","typography_font_family":"Cairo","typography_font_size":{"unit":"em","size":"2.9","sizes":[]},"typography_font_weight":"600","typography_line_height":{"unit":"em","size":"1.2","sizes":[]},"_margin":{"unit":"%","top":"0","right":"0","bottom":"0","left":"0","isLinked":""},"align":"left","text_shadow_text_shadow_type":"yes","_padding":{"unit":"em","top":"0","right":"0","bottom":"0","left":"0","isLinked":""},"_element_width":"initial","typography_font_size_tablet":{"unit":"rem","size":"2.1","sizes":[]},"typography_font_size_mobile":{"unit":"em","size":"2.3","sizes":[]},"_margin_tablet":{"unit":"px","top":"0","right":"0","bottom":"0","left":"27","isLinked":""},"_padding_tablet":{"unit":"px","top":"0","right":"0","bottom":"0","left":"0","isLinked":""},"_padding_mobile":{"unit":"em","top":"1","right":"0","bottom":"0","left":"0","isLinked":""},"_animation":"fadeInUp","_element_custom_width":{"unit":"px","size":"318","sizes":[]},"_element_custom_width_tablet":{"unit":"px","size":"336","sizes":[]},"_element_vertical_align":"flex-start","_element_width_tablet":"initial"},"elements":[],"isInner":false,"widgetType":"heading","elType":"widget"},{"id":"418b11cd","settings":{"weight":{"unit":"px","size":"2","sizes":[]},"color":"#29f48f","_margin":{"unit":"%","top":"0","right":"0","bottom":"0","left":"-154","isLinked":""},"align":"right","align_tablet":"left","gap":{"unit":"px","size":"150","sizes":[]},"gap_tablet":{"unit":"px","size":"50","sizes":[]},"_padding":{"unit":"em","top":"0","right":"0","bottom":"0","left":"1","isLinked":""},"_animation":"flash","_element_width":"initial","_element_custom_width":{"unit":"px","size":"25","sizes":[]},"_element_width_tablet":"initial","_element_vertical_align_tablet":"flex-end","text":"Divisor"},"elements":[],"isInner":false,"widgetType":"divider","elType":"widget"},{"id":"763a1fb6","settings":{"editor":"<p>Lorem ipsum dolor sit amet, consectetur adipiscing elit, sed do eiusmod tempor incididunt ut labore et dolore magna.<\/p>","align":"justify","text_color":"#ffffff","typography_typography":"custom","typography_font_family":"Cairo","typography_font_size":{"unit":"em","size":"1","sizes":[]},"typography_text_transform":"none","typography_font_style":"normal","typography_text_decoration":"none","typography_line_height":{"unit":"em","size":"1.6","sizes":[]},"_margin":{"unit":"%","top":"-25","right":"2","bottom":"0","left":"0","isLinked":""},"align_tablet":"left","align_mobile":"left","_margin_tablet":{"unit":"px","top":"1","right":"1","bottom":"1","left":"1","isLinked":""},"_padding_tablet":{"unit":"em","top":"0","right":"0","bottom":"0","left":"7","isLinked":""},"_padding_mobile":{"unit":"px","top":"1","right":"1","bottom":"1","left":"1","isLinked":"1"}},"elements":[],"isInner":false,"widgetType":"text-editor","elType":"widget"},{"id":"753b1ce6","settings":{"text":"view details","size":"md","typography_typography":"custom","typography_font_family":"Cairo","typography_font_size":{"unit":"em","size":"1","sizes":[]},"typography_font_weight":"600","typography_text_transform":"uppercase","typography_font_style":"normal","typography_text_decoration":"none","button_text_color":"#144659","background_color":"#29f48f","border_radius":{"unit":"px","top":"0","right":"0","bottom":"0","left":"0","isLinked":"1"},"_padding":{"unit":"em","top":"2","right":"0","bottom":"1","left":"0","isLinked":""},"icon_indent":{"unit":"px","size":"23","sizes":[]},"hover_animation":"grow","align":"justify","icon":"fa fa-angle-right","icon_align":"right","button_box_shadow_box_shadow":{"horizontal":"0","vertical":"0","blur":"10","spread":"0","color":"#8bff56"},"align_mobile":"justify","align_tablet":"right","typography_letter_spacing":{"unit":"px","size":"1","sizes":[]},"_padding_mobile":{"unit":"em","top":"1","right":"0","bottom":"1","left":"0","isLinked":""},"_element_width":"inherit","_margin_tablet":{"unit":"px","top":"1","right":"1","bottom":"59","left":"1","isLinked":""},"_padding_tablet":{"unit":"em","top":"0","right":"0","bottom":"2","left":"7","isLinked":""},"selected_icon":{"value":"fas fa-angle-right","library":"fa-solid"}},"elements":[],"isInner":false,"widgetType":"button","elType":"widget"}],"isInner":"","elType":"column"},{"id":"235ef278","settings":{"_column_size":"33","content_position":"top","space_between_widgets":"10","background_background":"gradient","background_color":"#144659","box_shadow_box_shadow":{"horizontal":"0","vertical":"0","blur":"6","spread":"0","color":"rgba(0,0,0,0.47)"},"margin":{"unit":"%","top":"-12","right":"5","bottom":"5","left":"5","isLinked":""},"padding":{"unit":"em","top":"3","right":"2","bottom":"3","left":"2","isLinked":""},"margin_mobile":{"unit":"px","top":"0","right":"0","bottom":"0","left":"0","isLinked":""},"padding_tablet":{"unit":"em","top":"","right":"","bottom":"","left":"","isLinked":""},"background_color_b":"#238c8c","border_border":"solid","border_width":{"unit":"px","top":"0","right":"0","bottom":"2","left":"0","isLinked":""},"border_color":"#29f48f","margin_tablet":{"unit":"px","top":"","right":"","bottom":"","left":"","isLinked":""},"padding_mobile":{"unit":"em","top":"1","right":"1","bottom":"1","left":"1","isLinked":"1"},"_inline_size_tablet":"50"},"elements":[{"id":"43905f41","settings":{"title":"starting plan","title_color":"#ffffff","typography_typography":"custom","typography_font_family":"Cairo","typography_font_size":{"unit":"em","size":"1.5","sizes":[]},"typography_font_weight":"600","typography_text_transform":"capitalize","typography_line_height":{"unit":"em","size":"1.2","sizes":[]},"_margin":{"unit":"%","top":"0","right":"0","bottom":"0","left":"0","isLinked":""},"align":"left","header_size":"h3","typography_font_style":"normal","typography_text_decoration":"none","_animation":"fadeInUp","typography_letter_spacing":{"unit":"px","size":"1","sizes":[]},"_element_width":"initial","_element_custom_width":{"unit":"px","size":"159","sizes":[]}},"elements":[],"isInner":false,"widgetType":"heading","elType":"widget"},{"id":"30441caa","settings":{"weight":{"unit":"px","size":"2","sizes":[]},"color":"#29f48f","_margin":{"unit":"%","top":"0","right":"0","bottom":"0","left":"0","isLinked":""},"align":"left","_padding":{"unit":"em","top":"0","right":"1","bottom":"0","left":"0","isLinked":""},"gap":{"unit":"px","size":"18","sizes":[]},"_animation":"flash","_element_width":"initial","_element_custom_width":{"unit":"px","size":"46","sizes":[]},"text":"Divisor"},"elements":[],"isInner":false,"widgetType":"divider","elType":"widget"},{"id":"56ad902e","settings":{"title":"per month","number_color":"#4ce09d","typography_number_typography":"custom","typography_number_font_family":"Cairo","typography_number_font_size":{"unit":"em","size":"4","sizes":[]},"typography_number_font_weight":"600","typography_number_text_transform":"capitalize","typography_number_font_style":"normal","typography_number_text_decoration":"none","title_color":"#238c8c","typography_title_typography":"custom","typography_title_font_family":"Cairo","typography_title_font_size":{"unit":"em","size":"0.8","sizes":[]},"ending_number":"45.99","prefix":"$","typography_number_line_height":{"unit":"em","size":"1.9","sizes":[]},"typography_title_font_weight":"600","typography_title_text_transform":"uppercase","typography_title_font_style":"normal","typography_title_text_decoration":"none","typography_title_line_height":{"unit":"em","size":"1.2","sizes":[]},"_margin":{"unit":"%","top":"5","right":"5","bottom":"5","left":"0","isLinked":""},"_padding":{"unit":"em","top":"1","right":"1","bottom":"1","left":"1","isLinked":"1"},"_background_background":"classic","_background_color":"#173e4f","starting_number":"50","typography_title_letter_spacing":{"unit":"px","size":"1","sizes":[]},"_box_shadow_box_shadow":{"horizontal":"0","vertical":"0","blur":"6","spread":"0","color":"rgba(0,0,0,0.28)"}},"elements":[],"isInner":false,"widgetType":"counter","elType":"widget"},{"id":"33869f63","settings":{"editor":"<p>Lorem ipsum dolor sit amet, consectetur adipiscing elit, sed do eiusmod tempor incididunt ut labore et dolore.<\/p>","align":"left","text_color":"#ffffff","typography_typography":"custom","typography_font_family":"Cairo","typography_font_size":{"unit":"em","size":"1","sizes":[]},"typography_text_transform":"none","typography_font_style":"normal","typography_text_decoration":"none","typography_line_height":{"unit":"em","size":"1.6","sizes":[]},"_margin":{"unit":"%","top":"0","right":"2","bottom":"0","left":"0","isLinked":""},"align_tablet":"left","align_mobile":"center"},"elements":[],"isInner":false,"widgetType":"text-editor","elType":"widget"},{"id":"71b322d5","settings":{"icon":"fa fa-codepen","title_text":"lower cost of ownership","description_text":"Lorem ipsum dolor sit amet, consectetur adipiscing elit.","position":"left","primary_color":"#29f48f","icon_size":{"unit":"px","size":"25","sizes":[]},"title_color":"#ffffff","title_typography_typography":"custom","title_typography_font_family":"Cairo","title_typography_font_size":{"unit":"em","size":"1.1","sizes":[]},"title_typography_font_weight":"700","title_typography_text_transform":"uppercase","title_typography_font_style":"normal","title_typography_text_decoration":"none","description_color":"#ffffff","description_typography_typography":"custom","description_typography_font_family":"Cairo","description_typography_font_size":{"unit":"em","size":"0.9","sizes":[]},"description_typography_font_weight":"300","description_typography_text_transform":"none","description_typography_font_style":"normal","description_typography_text_decoration":"none","description_typography_line_height":{"unit":"em","size":"1.6","sizes":[]},"_margin":{"unit":"%","top":"0","right":"2","bottom":"0","left":"0","isLinked":""},"title_size":"span","icon_space":{"unit":"px","size":"32","sizes":[]},"text_align":"left","text_align_mobile":"center","title_bottom_space":{"unit":"px","size":"100","sizes":[]},"title_typography_letter_spacing":{"unit":"px","size":"1","sizes":[]},"title_typography_font_size_tablet":{"unit":"rem","size":"0.8","sizes":[]},"title_typography_line_height_tablet":{"unit":"em","size":"2.6","sizes":[]},"selected_icon":{"value":"fab fa-codepen","library":"fa-brands"}},"elements":[],"isInner":false,"widgetType":"icon-box","elType":"widget"}],"isInner":"","elType":"column"},{"id":"2af9767a","settings":{"_column_size":"33","content_position":"center","space_between_widgets":"10","background_background":"gradient","background_color":"#144659","box_shadow_box_shadow":{"horizontal":"0","vertical":"0","blur":"6","spread":"0","color":"rgba(0,0,0,0.47)"},"margin":{"unit":"%","top":"-12","right":"5","bottom":"5","left":"5","isLinked":""},"padding":{"unit":"em","top":"3","right":"2","bottom":"3","left":"2","isLinked":""},"margin_mobile":{"unit":"px","top":"0","right":"0","bottom":"0","left":"0","isLinked":""},"background_color_b":"#238c8c","border_border":"solid","border_width":{"unit":"px","top":"0","right":"0","bottom":"2","left":"0","isLinked":""},"border_color":"#29f48f","margin_tablet":{"unit":"px","top":"","right":"","bottom":"","left":"","isLinked":""},"padding_tablet":{"unit":"em","top":"","right":"","bottom":"","left":"","isLinked":""},"padding_mobile":{"unit":"em","top":"1","right":"1","bottom":"1","left":"1","isLinked":"1"},"_inline_size_tablet":"50"},"elements":[{"id":"5bc01ff1","settings":{"title":"recomended","title_color":"#ffffff","typography_typography":"custom","typography_font_family":"Cairo","typography_font_size":{"unit":"em","size":"0.7","sizes":[]},"typography_font_weight":"400","typography_text_transform":"uppercase","typography_line_height":{"unit":"em","size":"1.2","sizes":[]},"_margin":{"unit":"px","top":"","right":"","bottom":"","left":"","isLinked":""},"align":"right","header_size":"h3","_padding":{"unit":"em","top":"1","right":"1","bottom":"1","left":"1","isLinked":"1"},"typography_font_style":"normal","typography_text_decoration":"none","_animation":"fadeInUp","_background_background":"classic","_background_color":"#2a7574","_element_width":"initial","_margin_tablet":{"unit":"%","top":"0","right":"12","bottom":"-1","left":"0","isLinked":""},"_margin_mobile":{"unit":"%","top":"-47","right":"0","bottom":"0","left":"0","isLinked":""},"typography_letter_spacing":{"unit":"px","size":"1.7","sizes":[]},"_element_custom_width":{"unit":"px","size":"139","sizes":[]},"_position":"absolute","_offset_x":{"size":"171","unit":"px"},"_offset_y":{"size":"-95","unit":"px"}},"elements":[],"isInner":false,"widgetType":"heading","elType":"widget"},{"id":"134980eb","settings":{"title":"Advanced plan","title_color":"#ffffff","typography_typography":"custom","typography_font_family":"Cairo","typography_font_size":{"unit":"em","size":"1.5","sizes":[]},"typography_font_weight":"600","typography_text_transform":"capitalize","typography_line_height":{"unit":"em","size":"1.2","sizes":[]},"_margin":{"unit":"%","top":"0","right":"0","bottom":"0","left":"0","isLinked":""},"align":"left","header_size":"h3","typography_font_style":"normal","typography_text_decoration":"none","_animation":"fadeInUp","typography_letter_spacing":{"unit":"px","size":"1","sizes":[]},"_element_width":"initial","_element_custom_width":{"unit":"px","size":"180","sizes":[]}},"elements":[],"isInner":false,"widgetType":"heading","elType":"widget"},{"id":"28792774","settings":{"weight":{"unit":"px","size":"2","sizes":[]},"color":"#29f48f","_margin":{"unit":"%","top":"0","right":"0","bottom":"0","left":"0","isLinked":""},"align":"left","_padding":{"unit":"em","top":"0","right":"1","bottom":"0","left":"0","isLinked":""},"gap":{"unit":"px","size":"18","sizes":[]},"_animation":"flash","_element_width":"initial","_element_custom_width":{"unit":"px","size":"46","sizes":[]},"text":"Divisor"},"elements":[],"isInner":false,"widgetType":"divider","elType":"widget"},{"id":"4a235ba8","settings":{"title":"per month","number_color":"#4ce09d","typography_number_typography":"custom","typography_number_font_family":"Cairo","typography_number_font_size":{"unit":"em","size":"4","sizes":[]},"typography_number_font_weight":"600","typography_number_text_transform":"capitalize","typography_number_font_style":"normal","typography_number_text_decoration":"none","title_color":"#238c8c","typography_title_typography":"custom","typography_title_font_family":"Cairo","typography_title_font_size":{"unit":"em","size":"0.8","sizes":[]},"ending_number":"66.99","prefix":"$","typography_number_line_height":{"unit":"em","size":"1.9","sizes":[]},"typography_title_font_weight":"600","typography_title_text_transform":"uppercase","typography_title_font_style":"normal","typography_title_text_decoration":"none","typography_title_line_height":{"unit":"em","size":"1.2","sizes":[]},"_margin":{"unit":"%","top":"5","right":"5","bottom":"5","left":"0","isLinked":""},"_padding":{"unit":"em","top":"1","right":"1","bottom":"1","left":"1","isLinked":"1"},"_background_background":"classic","_background_color":"#173e4f","starting_number":"50","typography_title_letter_spacing":{"unit":"px","size":"1","sizes":[]},"_box_shadow_box_shadow":{"horizontal":"0","vertical":"0","blur":"6","spread":"0","color":"rgba(0,0,0,0.28)"}},"elements":[],"isInner":false,"widgetType":"counter","elType":"widget"},{"id":"558c6e3","settings":{"editor":"<p>Lorem ipsum dolor sit amet, consectetur adipiscing elit, sed do eiusmod tempor incididunt ut labore et dolore magna.<\/p>","align":"left","text_color":"#ffffff","typography_typography":"custom","typography_font_family":"Cairo","typography_font_size":{"unit":"em","size":"1","sizes":[]},"typography_text_transform":"none","typography_font_style":"normal","typography_text_decoration":"none","typography_line_height":{"unit":"em","size":"1.6","sizes":[]},"_margin":{"unit":"%","top":"0","right":"2","bottom":"0","left":"0","isLinked":""},"align_tablet":"left","align_mobile":"center"},"elements":[],"isInner":false,"widgetType":"text-editor","elType":"widget"},{"id":"bf175b1","settings":{"icon":"fa fa-braille","title_text":"monthly reporting","description_text":"Lorem ipsum dolor sit amet, consectetur adipiscing elit.","position":"left","primary_color":"#29f48f","icon_size":{"unit":"px","size":"25","sizes":[]},"title_color":"#ffffff","title_typography_typography":"custom","title_typography_font_family":"Cairo","title_typography_font_size":{"unit":"em","size":"1.1","sizes":[]},"title_typography_font_weight":"700","title_typography_text_transform":"uppercase","title_typography_font_style":"normal","title_typography_text_decoration":"none","description_color":"#ffffff","description_typography_typography":"custom","description_typography_font_family":"Cairo","description_typography_font_size":{"unit":"em","size":"0.9","sizes":[]},"description_typography_font_weight":"300","description_typography_text_transform":"none","description_typography_font_style":"normal","description_typography_text_decoration":"none","description_typography_line_height":{"unit":"em","size":"1.6","sizes":[]},"_margin":{"unit":"%","top":"0","right":"2","bottom":"0","left":"0","isLinked":""},"title_size":"span","icon_space":{"unit":"px","size":"32","sizes":[]},"text_align":"left","text_align_mobile":"center","title_bottom_space":{"unit":"px","size":"100","sizes":[]},"title_typography_letter_spacing":{"unit":"px","size":"1","sizes":[]},"title_typography_font_size_tablet":{"unit":"rem","size":"0.8","sizes":[]},"title_typography_line_height_tablet":{"unit":"em","size":"2.6","sizes":[]},"selected_icon":{"value":"fas fa-braille","library":"fa-solid"}},"elements":[],"isInner":false,"widgetType":"icon-box","elType":"widget"},{"id":"48f81aed","settings":{"icon":"fa fa-codepen","title_text":"lower cost of ownership","description_text":"Lorem ipsum dolor sit amet, consectetur adipiscing elit.","position":"left","primary_color":"#29f48f","icon_size":{"unit":"px","size":"25","sizes":[]},"title_color":"#ffffff","title_typography_typography":"custom","title_typography_font_family":"Cairo","title_typography_font_size":{"unit":"em","size":"1.1","sizes":[]},"title_typography_font_weight":"700","title_typography_text_transform":"uppercase","title_typography_font_style":"normal","title_typography_text_decoration":"none","description_color":"#ffffff","description_typography_typography":"custom","description_typography_font_family":"Cairo","description_typography_font_size":{"unit":"em","size":"0.9","sizes":[]},"description_typography_font_weight":"300","description_typography_text_transform":"none","description_typography_font_style":"normal","description_typography_text_decoration":"none","description_typography_line_height":{"unit":"em","size":"1.6","sizes":[]},"_margin":{"unit":"%","top":"0","right":"2","bottom":"0","left":"0","isLinked":""},"title_size":"span","icon_space":{"unit":"px","size":"32","sizes":[]},"text_align":"left","text_align_mobile":"center","title_bottom_space":{"unit":"px","size":"100","sizes":[]},"title_typography_letter_spacing":{"unit":"px","size":"1","sizes":[]},"title_typography_font_size_tablet":{"unit":"rem","size":"0.8","sizes":[]},"title_typography_line_height_tablet":{"unit":"em","size":"2.6","sizes":[]},"selected_icon":{"value":"fab fa-codepen","library":"fa-brands"}},"elements":[],"isInner":false,"widgetType":"icon-box","elType":"widget"}],"isInner":"","elType":"column"}],"isInner":"","elType":"section"}]}