{"version":"0.4","title":"Coach 12","type":"page","content":[{"id":"533e3738","settings":{"stretch_section":"section-stretched","background_background":"classic","background_image":{"url":"http:\/\/sitefacilitado.com.br\/membros\/wp-content\/uploads\/2020\/03\/bg-wwm1-copyright.jpg","id":"4936"},"background_size":"cover","background_overlay_background":"classic","background_overlay_color":"#1c393d","padding":{"unit":"px","top":"0","right":"0","bottom":"0","left":"0","isLinked":"1"},"padding_tablet":{"unit":"px","top":"80","right":"0","bottom":"80","left":"0","isLinked":""},"height":"min-height","custom_height":{"unit":"px","size":"520"},"margin":{"unit":"px","top":"0","right":"0","bottom":"0","left":"0","isLinked":""},"custom_height_tablet":{"unit":"px","size":"1"},"margin_mobile":{"unit":"px","top":"0","right":"0","bottom":"0","left":"0","isLinked":""},"padding_mobile":{"unit":"px","top":"50","right":"0","bottom":"50","left":"0","isLinked":""}},"elements":[{"id":"179e3659","settings":{"_column_size":"100","margin":{"unit":"px","top":"0","right":"0","bottom":"0","left":"0","isLinked":""},"padding":{"unit":"px","top":"0","right":"0","bottom":"0","left":"0","isLinked":""}},"elements":[{"id":"f637152","settings":{"title":"my services","header_size":"h6","align":"center","title_color":"#ffffff","typography_typography":"custom","typography_font_family":"Lora","typography_font_size":{"unit":"px","size":"20"},"typography_font_style":"italic","typography_line_height":{"unit":"em","size":"1.2"},"_padding":{"unit":"px","top":"5","right":"0","bottom":"0","left":"65","isLinked":""},"_animation":"fadeInDown","_css_classes":"envato-kit-62-ttl-green","_background_background":"classic","typography_font_weight":"300","_animation_delay":"300","_margin":{"unit":"px","top":"0","right":"0","bottom":"0","left":"0","isLinked":""},"typography_text_transform":"capitalize"},"elements":[],"isInner":false,"widgetType":"heading","elType":"widget"},{"id":"18b55e91","settings":{"marker":"underline","before_text":"","highlighted_text":"Work","rotating_text":"Better\nBigger\nFaster","after_text":"With Me","tag":"h1","title_color":"#ffffff","title_typography_typography":"custom","title_typography_font_family":"Open Sans","title_typography_font_size":{"unit":"px","size":"72"},"title_typography_font_weight":"bold","title_typography_text_transform":"uppercase","words_color":"#48ce96","words_typography_typography":"custom","words_typography_font_family":"Open Sans","words_typography_font_weight":"bold","words_typography_text_transform":"uppercase","words_typography_font_style":"oblique","_margin":{"unit":"px","top":"0","right":"0","bottom":"0","left":"0","isLinked":""},"_margin_mobile":{"unit":"px","top":"0","right":"0","bottom":"0","left":"0","isLinked":""},"_padding":{"unit":"px","top":"8","right":"0","bottom":"0","left":"0","isLinked":""},"_padding_mobile":{"unit":"px","top":"0","right":"0","bottom":"0","left":"0","isLinked":""},"_animation":"fadeInUp","_animation_delay":"600"},"elements":[],"isInner":false,"widgetType":"animated-headline","elType":"widget"}],"isInner":"","elType":"column"}],"isInner":"","elType":"section"},{"id":"5c8bf877","settings":{"margin_mobile":{"unit":"px","top":"0","right":"0","bottom":"0","left":"0","isLinked":""},"padding_mobile":{"unit":"px","top":"0","right":"0","bottom":"0","left":"0","isLinked":""}},"elements":[{"id":"5973aa32","settings":{"_column_size":"100","margin":{"unit":"px","top":"0","right":"0","bottom":"0","left":"0","isLinked":"1"},"padding":{"unit":"px","top":"0","right":"0","bottom":"0","left":"0","isLinked":"1"},"margin_mobile":{"unit":"px","top":"0","right":"0","bottom":"0","left":"0","isLinked":""},"padding_mobile":{"unit":"px","top":"0","right":"0","bottom":"0","left":"0","isLinked":""}},"elements":[{"id":"27566d85","settings":{"space":{"unit":"px","size":"100"},"space_tablet":{"unit":"px","size":"55"},"space_mobile":{"unit":"px","size":"30"}},"elements":[],"isInner":false,"widgetType":"spacer","elType":"widget"}],"isInner":"","elType":"column"}],"isInner":"","elType":"section"},{"id":"7e28b36e","settings":{"animation":"fadeInUp","margin":{"unit":"px","top":"0","right":"0","bottom":"0","left":"0","isLinked":""},"padding":{"unit":"px","top":"0","right":"0","bottom":"0","left":"0","isLinked":""}},"elements":[{"id":"70c5f6f5","settings":{"_column_size":"100","margin":{"unit":"px","top":"0","right":"0","bottom":"0","left":"0","isLinked":"1"},"padding":{"unit":"%","top":"0","right":"13","bottom":"0","left":"13","isLinked":""},"padding_tablet":{"unit":"%","top":"0","right":"10","bottom":"0","left":"10","isLinked":""}},"elements":[{"id":"11e3b6fa","settings":{"editor":"<p style=\"text-align: center;\">Coaching sessions will guide you through making an entrepreneurial leap, and help you start and grow your business.<\/p>","text_color":"#1c393d","typography_typography":"custom","typography_font_family":"Lora","typography_font_size":{"unit":"px","size":"24"},"typography_font_style":"italic","typography_line_height":{"unit":"em","size":"1.5"},"typography_font_size_tablet":{"unit":"px","size":"18"},"_margin":{"unit":"px","top":"0","right":"0","bottom":"0","left":"0","isLinked":""},"_padding":{"unit":"px","top":"0","right":"0","bottom":"0","left":"0","isLinked":""},"_margin_mobile":{"unit":"px","top":"0","right":"0","bottom":"0","left":"0","isLinked":""},"_padding_mobile":{"unit":"px","top":"0","right":"0","bottom":"0","left":"0","isLinked":""}},"elements":[],"isInner":false,"widgetType":"text-editor","elType":"widget"}],"isInner":"","elType":"column"}],"isInner":"","elType":"section"},{"id":"71683a73","settings":{"content_width":{"unit":"px","size":"1330"},"margin":{"unit":"px","top":"0","right":"0","bottom":"0","left":"0","isLinked":""},"padding":{"unit":"px","top":"10","right":"0","bottom":"0","left":"0","isLinked":""},"margin_tablet":{"unit":"px","top":"0","right":"0","bottom":"0","left":"0","isLinked":""},"padding_tablet":{"unit":"px","top":"0","right":"0","bottom":"0","left":"0","isLinked":""}},"elements":[{"id":"231df0ac","settings":{"_column_size":"100","margin":{"unit":"px","top":"0","right":"0","bottom":"0","left":"0","isLinked":"1"},"padding":{"unit":"px","top":"0","right":"015","bottom":"0","left":"15","isLinked":""},"margin_tablet":{"unit":"px","top":"0","right":"0","bottom":"0","left":"0","isLinked":"1"}},"elements":[{"id":"2c4d23a8","settings":{"structure":"20","height_inner":"min-height","custom_height_inner":{"unit":"px","size":"420"},"margin":{"unit":"px","top":"0","right":"0","bottom":"0","left":"0","isLinked":""},"custom_height_inner_tablet":{"unit":"px","size":"250"},"layout":"full_width","padding":{"unit":"px","top":"0","right":"0","bottom":"0","left":"0","isLinked":""}},"elements":[{"id":"11e3436a","settings":{"_column_size":"50","background_background":"classic","background_image":{"url":"http:\/\/sitefacilitado.com.br\/membros\/wp-content\/uploads\/2020\/03\/img-5-copyright.jpg","id":"4938"},"content_position":"center","background_size":"cover","background_overlay_background":"classic","background_overlay_color":"#1c393d","background_overlay_opacity":{"unit":"px","size":"0.6"},"margin":{"unit":"px","top":"15","right":"15","bottom":"15","left":"15","isLinked":"1"},"padding":{"unit":"px","top":"190","right":"0","bottom":"190","left":"0","isLinked":""},"animation":"fadeInLeft","padding_tablet":{"unit":"px","top":"0","right":"0","bottom":"0","left":"0","isLinked":""},"padding_mobile":{"unit":"px","top":"30","right":"0","bottom":"30","left":"0","isLinked":""}},"elements":[{"id":"4b83c5b","settings":{"title":"Private coaching","align":"center","title_color":"#ffffff","typography_typography":"custom","typography_font_family":"Open Sans","typography_font_size":{"unit":"px","size":"34"},"typography_font_weight":"bold","typography_text_transform":"uppercase","typography_line_height":{"unit":"em","size":"1.176"},"_animation":"fadeIn","typography_font_size_tablet":{"unit":"px","size":"24"},"typography_font_size_mobile":{"unit":"px","size":"20"},"link":{"url":"#","is_external":"","nofollow":""}},"elements":[],"isInner":false,"widgetType":"heading","elType":"widget"}],"isInner":"1","elType":"column"},{"id":"455a63ad","settings":{"_column_size":"50","background_background":"classic","background_image":{"url":"http:\/\/sitefacilitado.com.br\/membros\/wp-content\/uploads\/2020\/03\/img-6-copyright.jpg","id":"4939"},"content_position":"center","background_size":"cover","background_overlay_background":"classic","background_overlay_color":"#1c393d","background_overlay_opacity":{"unit":"px","size":"0.6"},"margin":{"unit":"px","top":"15","right":"15","bottom":"15","left":"15","isLinked":"1"},"padding":{"unit":"px","top":"190","right":"0","bottom":"190","left":"0","isLinked":""},"animation":"fadeInRight","animation_delay":"300","padding_tablet":{"unit":"px","top":"0","right":"0","bottom":"0","left":"0","isLinked":""},"padding_mobile":{"unit":"px","top":"30","right":"0","bottom":"30","left":"0","isLinked":""}},"elements":[{"id":"12cdad14","settings":{"title":"Business Training","align":"center","title_color":"#ffffff","typography_typography":"custom","typography_font_family":"Open Sans","typography_font_size":{"unit":"px","size":"34"},"typography_font_weight":"bold","typography_text_transform":"uppercase","typography_line_height":{"unit":"em","size":"1.176"},"_animation":"fadeIn","typography_font_size_tablet":{"unit":"px","size":"24"},"typography_font_size_mobile":{"unit":"px","size":"20"},"link":{"url":"#","is_external":"","nofollow":""}},"elements":[],"isInner":false,"widgetType":"heading","elType":"widget"}],"isInner":"1","elType":"column"}],"isInner":"1","elType":"section"},{"id":"6e473648","settings":{"structure":"20","height_inner":"min-height","custom_height_inner":{"unit":"px","size":"420"},"custom_height_inner_tablet":{"unit":"px","size":"250"},"layout":"full_width","margin":{"unit":"px","top":"0","right":"0","bottom":"0","left":"0","isLinked":""},"padding":{"unit":"px","top":"0","right":"0","bottom":"0","left":"0","isLinked":""}},"elements":[{"id":"179fe5ee","settings":{"_column_size":"50","background_background":"classic","background_image":{"url":"http:\/\/sitefacilitado.com.br\/membros\/wp-content\/uploads\/2020\/03\/img-7-copyright.jpg","id":"4989"},"content_position":"center","background_size":"cover","background_overlay_background":"classic","background_overlay_color":"#1c393d","background_overlay_opacity":{"unit":"px","size":"0.6"},"margin":{"unit":"px","top":"15","right":"15","bottom":"15","left":"15","isLinked":"1"},"padding":{"unit":"px","top":"170","right":"0","bottom":"170","left":"0","isLinked":""},"animation":"fadeInLeft","animation_delay":"150","padding_tablet":{"unit":"px","top":"0","right":"0","bottom":"0","left":"0","isLinked":""}},"elements":[{"id":"357afdf","settings":{"title":"business success<br>bootcamp","align":"center","title_color":"#ffffff","typography_typography":"custom","typography_font_family":"Open Sans","typography_font_size":{"unit":"px","size":"34"},"typography_font_weight":"bold","typography_text_transform":"uppercase","typography_line_height":{"unit":"em","size":"1.176"},"_animation":"fadeIn","typography_font_size_tablet":{"unit":"px","size":"24"},"typography_font_size_mobile":{"unit":"px","size":"20"},"link":{"url":"#","is_external":"","nofollow":""}},"elements":[],"isInner":false,"widgetType":"heading","elType":"widget"}],"isInner":"1","elType":"column"},{"id":"74ac90b9","settings":{"_column_size":"50","background_background":"classic","background_image":{"url":"http:\/\/sitefacilitado.com.br\/membros\/wp-content\/uploads\/2020\/03\/img-8-copyright.jpg","id":"4990"},"content_position":"center","background_size":"cover","background_overlay_background":"classic","background_overlay_color":"#1c393d","background_overlay_opacity":{"unit":"px","size":"0.6"},"margin":{"unit":"px","top":"15","right":"15","bottom":"15","left":"15","isLinked":"1"},"padding":{"unit":"px","top":"170","right":"0","bottom":"170","left":"0","isLinked":""},"animation":"fadeInRight","animation_delay":"450","padding_tablet":{"unit":"px","top":"0","right":"0","bottom":"0","left":"0","isLinked":""}},"elements":[{"id":"14319ec3","settings":{"title":"the 90 day planning<br>system","align":"center","title_color":"#ffffff","typography_typography":"custom","typography_font_family":"Open Sans","typography_font_size":{"unit":"px","size":"34"},"typography_font_weight":"bold","typography_text_transform":"uppercase","typography_line_height":{"unit":"em","size":"1.176"},"_animation":"fadeIn","typography_font_size_tablet":{"unit":"px","size":"24"},"typography_font_size_mobile":{"unit":"px","size":"20"},"link":{"url":"#","is_external":"","nofollow":""}},"elements":[],"isInner":false,"widgetType":"heading","elType":"widget"}],"isInner":"1","elType":"column"}],"isInner":"1","elType":"section"}],"isInner":"","elType":"column"}],"isInner":"","elType":"section"},{"id":"6c833cad","settings":{"margin_mobile":{"unit":"px","top":"0","right":"0","bottom":"0","left":"0","isLinked":""},"padding_mobile":{"unit":"px","top":"0","right":"0","bottom":"0","left":"0","isLinked":""}},"elements":[{"id":"1b5bd39c","settings":{"_column_size":"100","margin":{"unit":"px","top":"0","right":"0","bottom":"0","left":"0","isLinked":"1"},"padding":{"unit":"px","top":"0","right":"0","bottom":"0","left":"0","isLinked":"1"},"margin_mobile":{"unit":"px","top":"0","right":"0","bottom":"0","left":"0","isLinked":""},"padding_mobile":{"unit":"px","top":"0","right":"0","bottom":"0","left":"0","isLinked":""}},"elements":[{"id":"36c5ee08","settings":{"space":{"unit":"px","size":"120"},"space_tablet":{"unit":"px","size":"65"},"space_mobile":{"unit":"px","size":"30"}},"elements":[],"isInner":false,"widgetType":"spacer","elType":"widget"}],"isInner":"","elType":"column"}],"isInner":"","elType":"section"},{"id":"611e30fc","settings":{"stretch_section":"section-stretched","background_background":"classic","background_color":"#efefee","padding":{"unit":"px","top":"120","right":"0","bottom":"90","left":"0","isLinked":""},"padding_tablet":{"unit":"px","top":"80","right":"0","bottom":"65","left":"0","isLinked":""},"padding_mobile":{"unit":"px","top":"50","right":"0","bottom":"30","left":"0","isLinked":""},"content_width":{"unit":"px","size":"1300"}},"elements":[{"id":"7f8d2cfc","settings":{"_column_size":"100","margin":{"unit":"px","top":"0","right":"0","bottom":"0","left":"0","isLinked":"1"},"padding":{"unit":"px","top":"0","right":"0","bottom":"0","left":"0","isLinked":"1"},"margin_mobile":{"unit":"px","top":"0","right":"0","bottom":"0","left":"0","isLinked":"1"}},"elements":[{"id":"74498c8a","settings":{"title":"features","header_size":"h6","align":"center","title_color":"#1c393d","typography_typography":"custom","typography_font_family":"Lora","typography_font_size":{"unit":"px","size":"20"},"typography_font_style":"italic","_padding":{"unit":"px","top":"0","right":"0","bottom":"0","left":"65","isLinked":""},"_animation":"fadeInDown","typography_font_weight":"300","_css_classes":"envato-kit-62-ttl-green","_margin":{"unit":"px","top":"0","right":"0","bottom":"0","left":"0","isLinked":""},"typography_text_transform":"capitalize"},"elements":[],"isInner":false,"widgetType":"heading","elType":"widget"},{"id":"7126a7d","settings":{"title":"What's Included","align":"center","title_color":"#1c393d","typography_typography":"custom","typography_font_family":"Open Sans","typography_font_size":{"unit":"px","size":"52"},"typography_font_weight":"bold","typography_text_transform":"uppercase","typography_line_height":{"unit":"em","size":"1.154"},"_animation":"fadeInDown","_animation_delay":"200","typography_font_size_tablet":{"unit":"px","size":"32"},"typography_font_size_mobile":{"unit":"px","size":"22"},"_margin":{"unit":"px","top":"0","right":"0","bottom":"0","left":"0","isLinked":""},"_padding":{"unit":"px","top":"08","right":"0","bottom":"0","left":"0","isLinked":""},"_margin_mobile":{"unit":"px","top":"0","right":"0","bottom":"0","left":"0","isLinked":""},"_padding_mobile":{"unit":"px","top":"0","right":"0","bottom":"0","left":"0","isLinked":""}},"elements":[],"isInner":false,"widgetType":"heading","elType":"widget"},{"id":"3fe35b10","settings":{"structure":"30","layout":"full_width","content_width":{"unit":"px","size":"1380"},"margin":{"unit":"px","top":"0","right":"0","bottom":"0","left":"0","isLinked":""},"padding":{"unit":"px","top":"0","right":"0","bottom":"0","left":"0","isLinked":""}},"elements":[{"id":"3a42796f","settings":{"_column_size":"33","margin":{"unit":"px","top":"0","right":"0","bottom":"0","left":"0","isLinked":""},"padding":{"unit":"px","top":"0","right":"15","bottom":"0","left":"15","isLinked":""},"margin_tablet":{"unit":"px","top":"0","right":"0","bottom":"0","left":"0","isLinked":""},"padding_tablet":{"unit":"px","top":"15","right":"15","bottom":"15","left":"15","isLinked":"1"}},"elements":[{"id":"34b34888","settings":{"image":{"url":"http:\/\/sitefacilitado.com.br\/membros\/wp-content\/uploads\/2020\/03\/025-interview.png","id":"4991"},"title_text":"introductory<br>Meeting","description_text":"Lorem ipsum dolor sit amet, consectetur adipiscing elit. Pellentesque sollicitudin, est eu vehicula pulvinar, magna felis convallis diam, venenatis ac dui leo et mi.","title_color":"#1c393d","title_typography_typography":"custom","title_typography_font_family":"Open Sans","title_typography_font_size":{"unit":"px","size":"30"},"title_typography_font_weight":"bold","title_typography_text_transform":"uppercase","title_typography_line_height":{"unit":"em","size":"1.267"},"description_color":"#747373","description_typography_typography":"custom","description_typography_font_family":"Lora","description_typography_font_size":{"unit":"px","size":"18"},"description_typography_line_height":{"unit":"em","size":"1.667"},"_padding":{"unit":"px","top":"30","right":"5","bottom":"30","left":"5","isLinked":""},"_animation":"fadeInLeft","_animation_delay":"400","title_typography_font_size_tablet":{"unit":"px","size":"24"},"description_typography_font_size_tablet":{"unit":"px","size":"16"},"description_typography_font_size_mobile":{"unit":"px","size":"14"},"image_space":{"unit":"px","size":"5"},"title_bottom_space":{"unit":"px","size":"20"},"_margin_tablet":{"unit":"px","top":"0","right":"0","bottom":"0","left":"0","isLinked":""},"_padding_tablet":{"unit":"px","top":"0","right":"0","bottom":"0","left":"0","isLinked":""}},"elements":[],"isInner":false,"widgetType":"image-box","elType":"widget"}],"isInner":"1","elType":"column"},{"id":"791bb1bf","settings":{"_column_size":"33","margin":{"unit":"px","top":"0","right":"0","bottom":"0","left":"0","isLinked":""},"padding":{"unit":"px","top":"0","right":"15","bottom":"0","left":"15","isLinked":""},"margin_tablet":{"unit":"px","top":"0","right":"0","bottom":"0","left":"0","isLinked":""},"padding_tablet":{"unit":"px","top":"15","right":"15","bottom":"15","left":"15","isLinked":"1"}},"elements":[{"id":"77e60564","settings":{"image":{"url":"http:\/\/sitefacilitado.com.br\/membros\/wp-content\/uploads\/2020\/03\/026-contact.png","id":"4992"},"title_text":"UNLIMITED EMAIL CORRESPONDENCE","description_text":"Lorem ipsum dolor sit amet, consectetur adipiscing elit. Pellentesque sollicitudin, est eu vehicula pulvinar, magna felis convallis diam, venenatis ac dui leo et mi.","title_color":"#1c393d","title_typography_typography":"custom","title_typography_font_family":"Open Sans","title_typography_font_size":{"unit":"px","size":"30"},"title_typography_font_weight":"bold","title_typography_text_transform":"uppercase","title_typography_line_height":{"unit":"em","size":"1.267"},"description_color":"#747373","description_typography_typography":"custom","description_typography_font_family":"Lora","description_typography_font_size":{"unit":"px","size":"18"},"description_typography_line_height":{"unit":"em","size":"1.667"},"_padding":{"unit":"px","top":"30","right":"5","bottom":"30","left":"5","isLinked":""},"_animation":"fadeInUp","_animation_delay":"400","title_typography_font_size_tablet":{"unit":"px","size":"24"},"description_typography_font_size_tablet":{"unit":"px","size":"16"},"description_typography_font_size_mobile":{"unit":"px","size":"14"},"image_space":{"unit":"px","size":"5"},"title_bottom_space":{"unit":"px","size":"20"},"_margin_tablet":{"unit":"px","top":"0","right":"0","bottom":"0","left":"0","isLinked":""},"_padding_tablet":{"unit":"px","top":"0","right":"0","bottom":"0","left":"0","isLinked":"1"}},"elements":[],"isInner":false,"widgetType":"image-box","elType":"widget"}],"isInner":"1","elType":"column"},{"id":"1438cdcd","settings":{"_column_size":"33","margin":{"unit":"px","top":"0","right":"0","bottom":"0","left":"0","isLinked":""},"padding":{"unit":"px","top":"0","right":"15","bottom":"0","left":"15","isLinked":""},"margin_tablet":{"unit":"px","top":"0","right":"0","bottom":"0","left":"0","isLinked":""},"padding_tablet":{"unit":"px","top":"15","right":"15","bottom":"15","left":"15","isLinked":"1"}},"elements":[{"id":"53ad0d56","settings":{"image":{"url":"http:\/\/sitefacilitado.com.br\/membros\/wp-content\/uploads\/2020\/03\/027-edit.png","id":"4993"},"title_text":"CUSTOM<br>PROGRAM","description_text":"Lorem ipsum dolor sit amet, consectetur adipiscing elit. Pellentesque sollicitudin, est eu vehicula pulvinar, magna felis convallis diam, venenatis ac dui leo et mi.","title_color":"#1c393d","title_typography_typography":"custom","title_typography_font_family":"Open Sans","title_typography_font_size":{"unit":"px","size":"30"},"title_typography_font_weight":"bold","title_typography_text_transform":"uppercase","title_typography_line_height":{"unit":"em","size":"1.267"},"description_color":"#747373","description_typography_typography":"custom","description_typography_font_family":"Lora","description_typography_font_size":{"unit":"px","size":"18"},"description_typography_line_height":{"unit":"em","size":"1.667"},"_padding":{"unit":"px","top":"30","right":"5","bottom":"30","left":"5","isLinked":""},"_animation":"fadeInRight","_animation_delay":"400","title_typography_font_size_tablet":{"unit":"px","size":"24"},"description_typography_font_size_tablet":{"unit":"px","size":"16"},"description_typography_font_size_mobile":{"unit":"px","size":"14"},"image_space":{"unit":"px","size":"5"},"title_bottom_space":{"unit":"px","size":"20"},"_margin_tablet":{"unit":"px","top":"0","right":"0","bottom":"0","left":"0","isLinked":""},"_padding_tablet":{"unit":"px","top":"0","right":"0","bottom":"0","left":"0","isLinked":""}},"elements":[],"isInner":false,"widgetType":"image-box","elType":"widget"}],"isInner":"1","elType":"column"}],"isInner":"1","elType":"section"},{"id":"6e0d885e","settings":{"structure":"30","layout":"full_width","content_width":{"unit":"px","size":"1380"},"margin":{"unit":"px","top":"0","right":"0","bottom":"0","left":"0","isLinked":""},"padding":{"unit":"px","top":"0","right":"0","bottom":"0","left":"0","isLinked":""},"margin_tablet":{"unit":"px","top":"0","right":"0","bottom":"0","left":"0","isLinked":""},"padding_tablet":{"unit":"px","top":"0","right":"15","bottom":"0","left":"15","isLinked":""},"margin_mobile":{"unit":"px","top":"0","right":"0","bottom":"0","left":"0","isLinked":""}},"elements":[{"id":"783e2ef3","settings":{"_column_size":"33","margin":{"unit":"px","top":"0","right":"0","bottom":"0","left":"0","isLinked":""},"padding":{"unit":"px","top":"0","right":"15","bottom":"0","left":"15","isLinked":""},"margin_tablet":{"unit":"px","top":"0","right":"0","bottom":"0","left":"0","isLinked":""},"padding_tablet":{"unit":"px","top":"15","right":"15","bottom":"15","left":"15","isLinked":"1"}},"elements":[{"id":"43e854f8","settings":{"image":{"url":"http:\/\/sitefacilitado.com.br\/membros\/wp-content\/uploads\/2020\/03\/028-checklist.png","id":"4994"},"title_text":"Assignments &amp; accountability","description_text":"Lorem ipsum dolor sit amet, consectetur adipiscing elit. Pellentesque sollicitudin, est eu vehicula pulvinar, magna felis convallis diam, venenatis ac dui leo et mi.","title_color":"#1c393d","title_typography_typography":"custom","title_typography_font_family":"Open Sans","title_typography_font_size":{"unit":"px","size":"30"},"title_typography_font_weight":"bold","title_typography_text_transform":"uppercase","title_typography_line_height":{"unit":"em","size":"1.267"},"description_color":"#747373","description_typography_typography":"custom","description_typography_font_family":"Lora","description_typography_font_size":{"unit":"px","size":"18"},"description_typography_line_height":{"unit":"em","size":"1.667"},"_padding":{"unit":"px","top":"30","right":"5","bottom":"30","left":"5","isLinked":""},"_animation":"fadeInLeft","_animation_delay":"600","title_typography_font_size_tablet":{"unit":"px","size":"24"},"description_typography_font_size_tablet":{"unit":"px","size":"16"},"description_typography_font_size_mobile":{"unit":"px","size":"14"},"image_space":{"unit":"px","size":"5"},"title_bottom_space":{"unit":"px","size":"20"},"_margin_tablet":{"unit":"px","top":"0","right":"0","bottom":"0","left":"0","isLinked":""},"_padding_tablet":{"unit":"px","top":"0","right":"0","bottom":"0","left":"0","isLinked":""}},"elements":[],"isInner":false,"widgetType":"image-box","elType":"widget"}],"isInner":"1","elType":"column"},{"id":"433df6c5","settings":{"_column_size":"33","margin":{"unit":"px","top":"0","right":"0","bottom":"0","left":"0","isLinked":""},"padding":{"unit":"px","top":"0","right":"15","bottom":"0","left":"15","isLinked":""},"margin_tablet":{"unit":"px","top":"0","right":"0","bottom":"0","left":"0","isLinked":""},"padding_tablet":{"unit":"px","top":"15","right":"15","bottom":"15","left":"15","isLinked":"1"}},"elements":[{"id":"27cef5da","settings":{"image":{"url":"http:\/\/sitefacilitado.com.br\/membros\/wp-content\/uploads\/2020\/03\/029-paper.png","id":"4995"},"title_text":"Detailed session<br>recaps","description_text":"Lorem ipsum dolor sit amet, consectetur adipiscing elit. Pellentesque sollicitudin, est eu vehicula pulvinar, magna felis convallis diam, venenatis ac dui leo et mi.","title_color":"#1c393d","title_typography_typography":"custom","title_typography_font_family":"Open Sans","title_typography_font_size":{"unit":"px","size":"30"},"title_typography_font_weight":"bold","title_typography_text_transform":"uppercase","title_typography_line_height":{"unit":"em","size":"1.267"},"description_color":"#747373","description_typography_typography":"custom","description_typography_font_family":"Lora","description_typography_font_size":{"unit":"px","size":"18"},"description_typography_line_height":{"unit":"em","size":"1.667"},"_padding":{"unit":"px","top":"30","right":"5","bottom":"30","left":"5","isLinked":""},"_animation":"fadeInUp","_animation_delay":"600","title_typography_font_size_tablet":{"unit":"px","size":"24"},"description_typography_font_size_tablet":{"unit":"px","size":"16"},"description_typography_font_size_mobile":{"unit":"px","size":"14"},"image_space":{"unit":"px","size":"5"},"title_bottom_space":{"unit":"px","size":"20"},"_margin_tablet":{"unit":"px","top":"0","right":"0","bottom":"0","left":"0","isLinked":""},"_padding_tablet":{"unit":"px","top":"0","right":"0","bottom":"0","left":"0","isLinked":"1"}},"elements":[],"isInner":false,"widgetType":"image-box","elType":"widget"}],"isInner":"1","elType":"column"},{"id":"6f7d3ad8","settings":{"_column_size":"33","margin":{"unit":"px","top":"0","right":"0","bottom":"0","left":"0","isLinked":""},"padding":{"unit":"px","top":"0","right":"15","bottom":"0","left":"15","isLinked":""},"margin_tablet":{"unit":"px","top":"0","right":"0","bottom":"0","left":"0","isLinked":""},"padding_tablet":{"unit":"px","top":"15","right":"015","bottom":"15","left":"15","isLinked":""},"margin_mobile":{"unit":"px","top":"0","right":"0","bottom":"0","left":"0","isLinked":""}},"elements":[{"id":"1226e3f8","settings":{"image":{"url":"http:\/\/sitefacilitado.com.br\/membros\/wp-content\/uploads\/2020\/03\/030-tick-mark.png","id":"4996"},"title_text":"Quick Check<br>as-needed","description_text":"Lorem ipsum dolor sit amet, consectetur adipiscing elit. Pellentesque sollicitudin, est eu vehicula pulvinar, magna felis convallis diam, venenatis ac dui leo et mi.","title_color":"#1c393d","title_typography_typography":"custom","title_typography_font_family":"Open Sans","title_typography_font_size":{"unit":"px","size":"30"},"title_typography_font_weight":"bold","title_typography_text_transform":"uppercase","title_typography_line_height":{"unit":"em","size":"1.267"},"description_color":"#747373","description_typography_typography":"custom","description_typography_font_family":"Lora","description_typography_font_size":{"unit":"px","size":"18"},"description_typography_line_height":{"unit":"em","size":"1.667"},"_padding":{"unit":"px","top":"30","right":"5","bottom":"30","left":"5","isLinked":""},"_animation":"fadeInRight","_animation_delay":"600","title_typography_font_size_tablet":{"unit":"px","size":"24"},"description_typography_font_size_tablet":{"unit":"px","size":"16"},"description_typography_font_size_mobile":{"unit":"px","size":"14"},"image_space":{"unit":"px","size":"5"},"title_bottom_space":{"unit":"px","size":"20"},"_margin_tablet":{"unit":"px","top":"0","right":"0","bottom":"0","left":"0","isLinked":""},"_padding_tablet":{"unit":"px","top":"0","right":"0","bottom":"0","left":"0","isLinked":""}},"elements":[],"isInner":false,"widgetType":"image-box","elType":"widget"}],"isInner":"1","elType":"column"}],"isInner":"1","elType":"section"}],"isInner":"","elType":"column"}],"isInner":"","elType":"section"},{"id":"1453ef6f","settings":{"stretch_section":"section-stretched","background_background":"gradient","background_color":"#46eeaa","background_color_b":"#2cbfc7","background_gradient_angle":{"unit":"deg","size":"90"},"padding":{"unit":"px","top":"120","right":"0","bottom":"130","left":"0","isLinked":""},"padding_tablet":{"unit":"px","top":"80","right":"0","bottom":"80","left":"0","isLinked":""},"padding_mobile":{"unit":"px","top":"50","right":"0","bottom":"50","left":"0","isLinked":""},"content_width":{"unit":"px","size":"1330"}},"elements":[{"id":"4484b60e","settings":{"_column_size":"100","margin":{"unit":"px","top":"0","right":"0","bottom":"0","left":"0","isLinked":"1"},"padding":{"unit":"px","top":"0","right":"15","bottom":"0","left":"15","isLinked":""},"margin_tablet":{"unit":"px","top":"0","right":"0","bottom":"0","left":"0","isLinked":""},"padding_tablet":{"unit":"px","top":"0","right":"015","bottom":"0","left":"15","isLinked":""}},"elements":[{"id":"304feaf7","settings":{"title":"unlock your potential","header_size":"h6","align":"center","title_color":"#ffffff","typography_typography":"custom","typography_font_family":"Lora","typography_font_size":{"unit":"px","size":"20"},"typography_font_style":"italic","typography_line_height":{"unit":"em","size":"1.2"},"_padding":{"unit":"px","top":"0","right":"0","bottom":"0","left":"65","isLinked":""},"_background_background":"classic","typography_font_weight":"300","_animation":"fadeInDown","_css_classes":"envato-kit-62-ttl-white","typography_text_transform":"capitalize"},"elements":[],"isInner":false,"widgetType":"heading","elType":"widget"},{"id":"6c68bc4e","settings":{"title":"Coaching Packages","align":"center","title_color":"#ffffff","typography_typography":"custom","typography_font_family":"Open Sans","typography_font_size":{"unit":"px","size":"52"},"typography_font_weight":"bold","typography_text_transform":"uppercase","typography_line_height":{"unit":"em","size":"1.154"},"_animation":"fadeInUp","_animation_delay":"200","typography_font_size_tablet":{"unit":"px","size":"32"},"typography_font_size_mobile":{"unit":"px","size":"22"},"_margin":{"unit":"px","top":"0","right":"0","bottom":"0","left":"0","isLinked":""},"_padding":{"unit":"px","top":"08","right":"0","bottom":"0","left":"0","isLinked":""},"_margin_tablet":{"unit":"px","top":"0","right":"0","bottom":"0","left":"0","isLinked":""},"_padding_tablet":{"unit":"px","top":"0","right":"0","bottom":"0","left":"0","isLinked":""}},"elements":[],"isInner":false,"widgetType":"heading","elType":"widget"},{"id":"49ea23f8","settings":{"structure":"30","layout":"full_width","margin":{"unit":"px","top":"0","right":"0","bottom":"0","left":"0","isLinked":""},"padding":{"unit":"px","top":"20","right":"0","bottom":"0","left":"0","isLinked":""},"margin_tablet":{"unit":"px","top":"0","right":"0","bottom":"0","left":"0","isLinked":""},"padding_tablet":{"unit":"px","top":"0","right":"0","bottom":"0","left":"0","isLinked":""},"margin_mobile":{"unit":"px","top":"0","right":"0","bottom":"0","left":"0","isLinked":"1"},"padding_mobile":{"unit":"px","top":"0","right":"0","bottom":"0","left":"0","isLinked":"1"}},"elements":[{"id":"2ba7583a","settings":{"_column_size":"33","background_background":"classic","background_color":"#ffffff","border_border":"solid","border_width":{"unit":"px","top":"6","right":"6","bottom":"6","left":"6","isLinked":"1"},"border_color":"#efefee","margin":{"unit":"px","top":"10","right":"015","bottom":"0","left":"15","isLinked":""},"padding":{"unit":"px","top":"45","right":"10","bottom":"50","left":"10","isLinked":""},"padding_tablet":{"unit":"px","top":"20","right":"0","bottom":"20","left":"0","isLinked":""},"margin_mobile":{"unit":"px","top":"15","right":"15","bottom":"15","left":"15","isLinked":"1"}},"elements":[{"id":"201df237","settings":{"image":{"url":"http:\/\/sitefacilitado.com.br\/membros\/wp-content\/uploads\/2020\/03\/016-develop.png","id":"4914"},"_animation":"fadeInDown","image_size":"full","align":"center","_margin":{"unit":"px","top":"0","right":"0","bottom":"0","left":"0","isLinked":""},"_padding":{"unit":"px","top":"0","right":"0","bottom":"0","left":"0","isLinked":""}},"elements":[],"isInner":false,"widgetType":"image","elType":"widget"},{"id":"f0d787e","settings":{"title":"Professional Growth","align":"center","title_color":"#1c393d","typography_typography":"custom","typography_font_family":"Open Sans","typography_font_size":{"unit":"px","size":"34"},"typography_font_weight":"bold","typography_text_transform":"uppercase","typography_line_height":{"unit":"em","size":"1.176"},"_animation":"fadeIn","_animation_delay":"200","typography_font_size_tablet":{"unit":"px","size":"20"},"_margin":{"unit":"px","top":"0","right":"0","bottom":"0","left":"0","isLinked":""},"_padding":{"unit":"px","top":"10","right":"0","bottom":"0","left":"0","isLinked":""},"_padding_mobile":{"unit":"px","top":"0","right":"10","bottom":"0","left":"10","isLinked":""}},"elements":[],"isInner":false,"widgetType":"heading","elType":"widget"},{"id":"5ab7a2c7","settings":{"title":"6 Sessions","header_size":"span","align":"center","title_color":"#46eeaa","typography_typography":"custom","typography_font_family":"Lora","typography_font_size":{"unit":"px","size":"20"},"typography_font_weight":"300","typography_font_style":"italic","_margin":{"unit":"px","top":"-5","right":"0","bottom":"0","left":"0","isLinked":""},"_padding":{"unit":"px","top":"0","right":"0","bottom":"0","left":"0","isLinked":"1"},"_animation":"fadeInUp","_animation_delay":"400","typography_font_size_tablet":{"unit":"px","size":"18"}},"elements":[],"isInner":false,"widgetType":"heading","elType":"widget"},{"id":"42d8c01e","settings":{"weight":{"unit":"px","size":"2"},"color":"#efefee","width":{"unit":"%","size":"84"},"align":"center","gap":{"unit":"px","size":"20"},"_margin":{"unit":"px","top":"0","right":"0","bottom":"0","left":"0","isLinked":"1"},"_padding":{"unit":"px","top":"0","right":"0","bottom":"0","left":"0","isLinked":"1"},"gap_tablet":{"unit":"px","size":"10"},"text":"Divisor"},"elements":[],"isInner":false,"widgetType":"divider","elType":"widget"},{"id":"7b768829","settings":{"editor":"<p style=\"text-align: center;\">Etiam vehicula efficitur facilisis. Sed auctor, diam sed malesuada a hendrerit, dui nisi ornare justo, vitae egestas nisi enim vitae tortor. Phasellus vitae ligula ante eleifend rhoncus a vel dolor. Ut posuere gravida et accumsan.<\/p>","text_color":"#747373","typography_typography":"custom","typography_font_family":"Lora","typography_font_size":{"unit":"px","size":"16"},"typography_line_height":{"unit":"em","size":"1.667"},"_padding":{"unit":"px","top":"0","right":"035","bottom":"0","left":"035","isLinked":""},"_animation":"zoomIn","_animation_delay":"600","typography_font_size_tablet":{"unit":"px","size":"16"},"typography_font_size_mobile":{"unit":"px","size":"14"}},"elements":[],"isInner":false,"widgetType":"text-editor","elType":"widget"},{"id":"633abc32","settings":{"text":"schedule a consultation","align":"center","typography_typography":"custom","typography_font_family":"Lora","typography_font_size":{"unit":"px","size":"16"},"typography_font_weight":"bold","typography_line_height":{"unit":"em","size":"3.6"},"button_text_color":"#ffffff","background_color":"#48cfad","border_radius":{"unit":"px","top":"0","right":"0","bottom":"0","left":"0","isLinked":"1"},"text_padding":{"unit":"px","top":"0","right":"40","bottom":"0","left":"40","isLinked":""},"_animation_delay":"800","_background_background":"classic","_animation":"fadeIn","typography_font_size_tablet":{"unit":"px","size":"12"},"typography_line_height_tablet":{"unit":"em","size":"1.5"},"_padding_tablet":{"unit":"px","top":"0","right":"0","bottom":"0","left":"0","isLinked":"1"},"_margin":{"unit":"px","top":"40","right":"0","bottom":"0","left":"0","isLinked":""},"_padding":{"unit":"px","top":"0","right":"0","bottom":"0","left":"0","isLinked":""},"text_padding_tablet":{"unit":"px","top":"10","right":"10","bottom":"10","left":"10","isLinked":"1"},"typography_text_transform":"capitalize"},"elements":[],"isInner":false,"widgetType":"button","elType":"widget"}],"isInner":"1","elType":"column"},{"id":"2e09025b","settings":{"_column_size":"33","background_background":"classic","background_color":"#ffffff","border_border":"solid","border_width":{"unit":"px","top":"6","right":"6","bottom":"6","left":"6","isLinked":"1"},"border_color":"#efefee","margin":{"unit":"px","top":"10","right":"015","bottom":"0","left":"15","isLinked":""},"padding":{"unit":"px","top":"45","right":"10","bottom":"50","left":"10","isLinked":""},"padding_tablet":{"unit":"px","top":"20","right":"0","bottom":"20","left":"0","isLinked":""},"margin_mobile":{"unit":"px","top":"15","right":"15","bottom":"15","left":"15","isLinked":"1"}},"elements":[{"id":"2ab72e2c","settings":{"image":{"url":"http:\/\/sitefacilitado.com.br\/membros\/wp-content\/uploads\/2020\/03\/017-work.png","id":"4915"},"_animation":"fadeInDown","align":"center","_margin":{"unit":"px","top":"0","right":"0","bottom":"0","left":"0","isLinked":""},"_padding":{"unit":"px","top":"0","right":"0","bottom":"0","left":"0","isLinked":""}},"elements":[],"isInner":false,"widgetType":"image","elType":"widget"},{"id":"167b3ec6","settings":{"title":"Business Development","align":"center","title_color":"#1c393d","typography_typography":"custom","typography_font_family":"Open Sans","typography_font_size":{"unit":"px","size":"34"},"typography_font_weight":"bold","typography_text_transform":"uppercase","typography_line_height":{"unit":"em","size":"1.176"},"_animation":"fadeIn","_animation_delay":"200","typography_font_size_tablet":{"unit":"px","size":"20"},"_margin":{"unit":"px","top":"0","right":"0","bottom":"0","left":"0","isLinked":""},"_padding":{"unit":"px","top":"10","right":"0","bottom":"0","left":"0","isLinked":""},"_padding_mobile":{"unit":"px","top":"0","right":"10","bottom":"0","left":"10","isLinked":""}},"elements":[],"isInner":false,"widgetType":"heading","elType":"widget"},{"id":"9b7afee","settings":{"title":"12 Sessions","header_size":"span","align":"center","title_color":"#46eeaa","typography_typography":"custom","typography_font_family":"Lora","typography_font_size":{"unit":"px","size":"20"},"typography_font_weight":"300","typography_font_style":"italic","_margin":{"unit":"px","top":"-5","right":"0","bottom":"0","left":"0","isLinked":""},"_padding":{"unit":"px","top":"0","right":"0","bottom":"0","left":"0","isLinked":"1"},"_animation":"fadeInUp","_animation_delay":"400","typography_font_size_tablet":{"unit":"px","size":"18"}},"elements":[],"isInner":false,"widgetType":"heading","elType":"widget"},{"id":"5ac0dfaf","settings":{"weight":{"unit":"px","size":"2"},"color":"#efefee","width":{"unit":"%","size":"84"},"align":"center","gap":{"unit":"px","size":"20"},"_margin":{"unit":"px","top":"0","right":"0","bottom":"0","left":"0","isLinked":"1"},"_padding":{"unit":"px","top":"0","right":"0","bottom":"0","left":"0","isLinked":"1"},"gap_tablet":{"unit":"px","size":"10"},"text":"Divisor"},"elements":[],"isInner":false,"widgetType":"divider","elType":"widget"},{"id":"44da36dc","settings":{"editor":"<p style=\"text-align: center;\">Etiam vehicula efficitur facilisis. Sed auctor, diam sed malesuada a hendrerit, dui nisi ornare justo, vitae egestas nisi enim vitae tortor. Phasellus vitae ligula ante eleifend rhoncus a vel dolor. Ut posuere gravida et accumsan.<\/p>","text_color":"#747373","typography_typography":"custom","typography_font_family":"Lora","typography_font_size":{"unit":"px","size":"16"},"typography_line_height":{"unit":"em","size":"1.667"},"_padding":{"unit":"px","top":"0","right":"035","bottom":"0","left":"035","isLinked":""},"_animation":"zoomIn","_animation_delay":"600","typography_font_size_tablet":{"unit":"px","size":"16"},"typography_font_size_mobile":{"unit":"px","size":"14"}},"elements":[],"isInner":false,"widgetType":"text-editor","elType":"widget"},{"id":"7d24e7b5","settings":{"text":"schedule a consultation","align":"center","typography_typography":"custom","typography_font_family":"Lora","typography_font_size":{"unit":"px","size":"16"},"typography_font_weight":"bold","typography_line_height":{"unit":"em","size":"3.6"},"button_text_color":"#ffffff","background_color":"#48cfad","border_radius":{"unit":"px","top":"0","right":"0","bottom":"0","left":"0","isLinked":"1"},"text_padding":{"unit":"px","top":"0","right":"40","bottom":"0","left":"40","isLinked":""},"_animation_delay":"800","_background_background":"classic","_animation":"fadeIn","typography_font_size_tablet":{"unit":"px","size":"12"},"typography_line_height_tablet":{"unit":"em","size":"1.5"},"_padding_tablet":{"unit":"px","top":"0","right":"0","bottom":"0","left":"0","isLinked":"1"},"_margin":{"unit":"px","top":"40","right":"0","bottom":"0","left":"0","isLinked":""},"_padding":{"unit":"px","top":"0","right":"0","bottom":"0","left":"0","isLinked":""},"text_padding_tablet":{"unit":"px","top":"10","right":"10","bottom":"10","left":"10","isLinked":"1"},"typography_text_transform":"capitalize"},"elements":[],"isInner":false,"widgetType":"button","elType":"widget"}],"isInner":"1","elType":"column"},{"id":"33095383","settings":{"_column_size":"33","background_background":"classic","background_color":"#ffffff","border_border":"solid","border_width":{"unit":"px","top":"6","right":"6","bottom":"6","left":"6","isLinked":"1"},"border_color":"#efefee","margin":{"unit":"px","top":"10","right":"015","bottom":"0","left":"15","isLinked":""},"padding":{"unit":"px","top":"45","right":"10","bottom":"50","left":"10","isLinked":""},"padding_tablet":{"unit":"px","top":"20","right":"0","bottom":"20","left":"0","isLinked":""},"margin_mobile":{"unit":"px","top":"15","right":"15","bottom":"15","left":"15","isLinked":"1"}},"elements":[{"id":"3be1c752","settings":{"image":{"url":"http:\/\/sitefacilitado.com.br\/membros\/wp-content\/uploads\/2020\/03\/018-partner.png","id":"4916"},"_animation":"fadeInDown","align":"center","_margin":{"unit":"px","top":"0","right":"0","bottom":"0","left":"0","isLinked":""},"_padding":{"unit":"px","top":"0","right":"0","bottom":"0","left":"0","isLinked":""}},"elements":[],"isInner":false,"widgetType":"image","elType":"widget"},{"id":"1ff4f33f","settings":{"title":"Organization Scaling","align":"center","title_color":"#1c393d","typography_typography":"custom","typography_font_family":"Open Sans","typography_font_size":{"unit":"px","size":"34"},"typography_font_weight":"bold","typography_text_transform":"uppercase","typography_line_height":{"unit":"em","size":"1.176"},"_animation":"fadeIn","_animation_delay":"200","typography_font_size_tablet":{"unit":"px","size":"20"},"_margin":{"unit":"px","top":"0","right":"0","bottom":"0","left":"0","isLinked":""},"_padding":{"unit":"px","top":"10","right":"0","bottom":"0","left":"0","isLinked":""},"_padding_mobile":{"unit":"px","top":"0","right":"10","bottom":"0","left":"10","isLinked":""}},"elements":[],"isInner":false,"widgetType":"heading","elType":"widget"},{"id":"13902701","settings":{"title":"24 Sessions","header_size":"span","align":"center","title_color":"#46eeaa","typography_typography":"custom","typography_font_family":"Lora","typography_font_size":{"unit":"px","size":"20"},"typography_font_weight":"300","typography_font_style":"italic","_margin":{"unit":"px","top":"-5","right":"0","bottom":"0","left":"0","isLinked":""},"_padding":{"unit":"px","top":"0","right":"0","bottom":"0","left":"0","isLinked":"1"},"_animation":"fadeInUp","_animation_delay":"400","typography_font_size_tablet":{"unit":"px","size":"18"}},"elements":[],"isInner":false,"widgetType":"heading","elType":"widget"},{"id":"59efbf1e","settings":{"weight":{"unit":"px","size":"2"},"color":"#efefee","width":{"unit":"%","size":"84"},"align":"center","gap":{"unit":"px","size":"20"},"_margin":{"unit":"px","top":"0","right":"0","bottom":"0","left":"0","isLinked":"1"},"_padding":{"unit":"px","top":"0","right":"0","bottom":"0","left":"0","isLinked":"1"},"gap_tablet":{"unit":"px","size":"10"},"text":"Divisor"},"elements":[],"isInner":false,"widgetType":"divider","elType":"widget"},{"id":"793da980","settings":{"editor":"<p style=\"text-align: center;\">Etiam vehicula efficitur facilisis. Sed auctor, diam sed malesuada a hendrerit, dui nisi ornare justo, vitae egestas nisi enim vitae tortor. Phasellus vitae ligula ante eleifend rhoncus a vel dolor. Ut posuere gravida et accumsan.<\/p>","text_color":"#747373","typography_typography":"custom","typography_font_family":"Lora","typography_font_size":{"unit":"px","size":"16"},"typography_line_height":{"unit":"em","size":"1.667"},"_padding":{"unit":"px","top":"0","right":"035","bottom":"0","left":"035","isLinked":""},"_animation":"zoomIn","_animation_delay":"600","typography_font_size_tablet":{"unit":"px","size":"16"},"typography_font_size_mobile":{"unit":"px","size":"14"}},"elements":[],"isInner":false,"widgetType":"text-editor","elType":"widget"},{"id":"5ae24561","settings":{"text":"schedule a consultation","align":"center","typography_typography":"custom","typography_font_family":"Lora","typography_font_size":{"unit":"px","size":"16"},"typography_font_weight":"bold","typography_line_height":{"unit":"em","size":"3.6"},"button_text_color":"#ffffff","background_color":"#48cfad","border_radius":{"unit":"px","top":"0","right":"0","bottom":"0","left":"0","isLinked":"1"},"text_padding":{"unit":"px","top":"0","right":"40","bottom":"0","left":"40","isLinked":""},"_animation_delay":"800","_background_background":"classic","_animation":"fadeIn","typography_font_size_tablet":{"unit":"px","size":"12"},"typography_line_height_tablet":{"unit":"em","size":"1.5"},"_padding_tablet":{"unit":"px","top":"0","right":"0","bottom":"0","left":"0","isLinked":"1"},"_margin":{"unit":"px","top":"40","right":"0","bottom":"0","left":"0","isLinked":""},"_padding":{"unit":"px","top":"0","right":"0","bottom":"0","left":"0","isLinked":""},"text_padding_tablet":{"unit":"px","top":"10","right":"10","bottom":"10","left":"10","isLinked":"1"},"typography_text_transform":"capitalize"},"elements":[],"isInner":false,"widgetType":"button","elType":"widget"}],"isInner":"1","elType":"column"}],"isInner":"1","elType":"section"}],"isInner":"","elType":"column"}],"isInner":"","elType":"section"},{"id":"619ddb0","settings":{"content_width":{"unit":"px","size":"1340"},"background_background":"classic","background_color":"#1c393d","margin":{"unit":"px","top":"0","right":"0","bottom":"0","left":"0","isLinked":""},"padding":{"unit":"px","top":"80","right":"0","bottom":"70","left":"0","isLinked":""},"animation":"fadeInUp","margin_tablet":{"unit":"px","top":"0","right":"0","bottom":"0","left":"0","isLinked":""},"margin_mobile":{"unit":"px","top":"0","right":"0","bottom":"0","left":"0","isLinked":""},"padding_tablet":{"unit":"px","top":"80","right":"0","bottom":"80","left":"0","isLinked":""},"padding_mobile":{"unit":"px","top":"50","right":"0","bottom":"50","left":"0","isLinked":""}},"elements":[{"id":"3377ba40","settings":{"_column_size":"100","margin":{"unit":"px","top":"0","right":"0","bottom":"0","left":"0","isLinked":""},"padding":{"unit":"px","top":"0","right":"30","bottom":"0","left":"30","isLinked":""}},"elements":[{"id":"6301e9f7","settings":{"layout":"full_width","structure":"20","margin":{"unit":"px","top":"0","right":"0","bottom":"0","left":"0","isLinked":""},"padding":{"unit":"px","top":"0","right":"0","bottom":"0","left":"0","isLinked":""}},"elements":[{"id":"3695708e","settings":{"_column_size":"50","_inline_size_tablet":"100","content_position":"center","margin":{"unit":"px","top":"0","right":"0","bottom":"0","left":"0","isLinked":""},"padding":{"unit":"px","top":"0","right":"0","bottom":"0","left":"0","isLinked":""},"animation":"fadeInLeft","animation_delay":"200","margin_tablet":{"unit":"px","top":"0","right":"0","bottom":"0","left":"0","isLinked":""},"padding_tablet":{"unit":"px","top":"0","right":"0","bottom":"20","left":"0","isLinked":""}},"elements":[{"id":"2dae271f","settings":{"title":"Newsletter Sign UP","align":"left","title_color":"#ffffff","typography_typography":"custom","typography_font_family":"Open Sans","typography_font_size":{"unit":"px","size":"46"},"typography_font_weight":"bold","typography_text_transform":"uppercase","typography_line_height":{"unit":"em","size":"1.043"},"_margin":{"unit":"px","top":"0","right":"0","bottom":"0","left":"0","isLinked":"1"},"_padding":{"unit":"px","top":"0","right":"0","bottom":"0","left":"0","isLinked":"1"},"typography_font_size_tablet":{"unit":"px","size":"32"},"typography_font_size_mobile":{"unit":"px","size":"24"},"align_tablet":"center"},"elements":[],"isInner":false,"widgetType":"heading","elType":"widget"}],"isInner":"1","elType":"column"},{"id":"1228629d","settings":{"_column_size":"50","_inline_size_tablet":"100","content_position":"center","margin":{"unit":"px","top":"0","right":"0","bottom":"0","left":"0","isLinked":""},"padding":{"unit":"px","top":"0","right":"0","bottom":"0","left":"0","isLinked":""},"animation":"fadeInRight","animation_delay":"200","margin_tablet":{"unit":"px","top":"0","right":"0","bottom":"0","left":"0","isLinked":""},"padding_tablet":{"unit":"px","top":"0","right":"0","bottom":"0","left":"0","isLinked":""}},"elements":[{"id":"5d007e43","settings":{"form_name":"New Form","form_fields":[{"_id":"message","field_type":"email","field_label":"","placeholder":"Enter your email","width":"66","field_value":"","required":"true","min_date":"","max_date":"","field_options":"","allow_multiple":"","select_size":"","inline_list":"","field_html":"","width_tablet":"75","width_mobile":"","rows":"1","recaptcha_size":"normal","recaptcha_style":"light","css_classes":"","custom_id":"message","recaptcha_badge":"bottomright"}],"button_text":"sign up","button_width":"33","email_content":"[all-fields]","email_content_2":"[all-fields]","success_message":"The form was sent successfully.","error_message":"An errors occurred.","required_field_message":"This field is required.","invalid_message":"There's something wrong. The form is invalid.","column_gap":{"unit":"px","size":"15"},"field_text_color":"#ffffff","field_typography_typography":"custom","field_typography_font_family":"Lora","field_typography_font_size":{"unit":"px","size":"18"},"field_border_width":{"unit":"px","top":"0","right":"0","bottom":"0","left":"0","isLinked":"1"},"field_border_radius":{"unit":"px","top":"0","right":"0","bottom":"0","left":"0","isLinked":"1"},"button_background_color":"#48cfad","button_typography_typography":"custom","button_typography_font_family":"Lora","button_typography_font_size":{"unit":"px","size":"18"},"button_typography_font_weight":"bold","button_border_border":"solid","button_border_width":{"unit":"px","top":"2","right":"2","bottom":"2","left":"2","isLinked":"1"},"button_border_color":"#ffffff","button_border_radius":{"unit":"px","top":"0","right":"0","bottom":"0","left":"0","isLinked":"1"},"_background_background":"classic","_css_classes":"envato-kit-62-form-transparent","field_typography_font_size_tablet":{"unit":"px","size":"16"},"field_typography_font_size_mobile":{"unit":"px","size":"14"},"button_typography_font_size_tablet":{"unit":"px","size":"16"},"button_typography_font_size_mobile":{"unit":"px","size":"14"},"button_size":"md","_margin":{"unit":"px","top":"0","right":"0","bottom":"0","left":"0","isLinked":"1"},"input_size":"lg","button_align":"end","row_gap":{"unit":"px","size":"25"},"label_spacing":{"unit":"px","size":""},"button_typography_line_height":{"unit":"em","size":"1.5"},"button_text_padding":{"unit":"px","top":"0","right":"50","bottom":"0","left":"50","isLinked":""},"_padding":{"unit":"px","top":"0","right":"0","bottom":"0","left":"0","isLinked":"1"},"button_width_mobile":"100","button_align_mobile":"stretch","button_width_tablet":"25","button_align_tablet":"stretch","button_typography_text_transform":"capitalize"},"elements":[],"isInner":false,"widgetType":"form","elType":"widget"}],"isInner":"1","elType":"column"}],"isInner":"1","elType":"section"}],"isInner":"","elType":"column"}],"isInner":"","elType":"section"}]}