{"version":"0.4","title":"Coach 13","type":"page","content":[{"id":"769b805f","settings":{"stretch_section":"section-stretched","background_background":"gradient","background_color":"#46eeaa","background_color_b":"#2cbfc7","background_gradient_angle":{"unit":"deg","size":"90"},"padding":{"unit":"px","top":"150","right":"0","bottom":"150","left":"0","isLinked":""},"padding_tablet":{"unit":"px","top":"80","right":"0","bottom":"80","left":"0","isLinked":""},"padding_mobile":{"unit":"px","top":"50","right":"0","bottom":"50","left":"0","isLinked":""},"content_width":{"unit":"px","size":"1440"},"margin":{"unit":"px","top":"0","right":"0","bottom":"0","left":"0","isLinked":""}},"elements":[{"id":"5fdacbec","settings":{"_column_size":"100","margin":{"unit":"px","top":"0","right":"0","bottom":"0","left":"0","isLinked":""},"padding":{"unit":"px","top":"0","right":"0","bottom":"0","left":"80","isLinked":""},"background_background":"gradient","padding_mobile":{"unit":"px","top":"0","right":"0","bottom":"0","left":"30","isLinked":""}},"elements":[{"id":"927f2f5","settings":{"title":"are you ready?","header_size":"h6","align":"left","title_color":"#ffffff","typography_typography":"custom","typography_font_family":"Lora","typography_font_size":{"unit":"px","size":"20"},"typography_font_style":"italic","typography_line_height":{"unit":"em","size":"1.2"},"_padding":{"unit":"px","top":"0","right":"0","bottom":"0","left":"65","isLinked":""},"_background_background":"classic","typography_font_weight":"300","_animation":"fadeInDown","_css_classes":"envato-kit-62-ttl-white","typography_text_transform":"capitalize"},"elements":[],"isInner":false,"widgetType":"heading","elType":"widget"},{"id":"5a40ab54","settings":{"title":"Work With Me","align":"left","title_color":"#ffffff","typography_typography":"custom","typography_font_family":"Open Sans","typography_font_size":{"unit":"px","size":"72"},"typography_font_weight":"bold","typography_text_transform":"uppercase","typography_line_height":{"unit":"em","size":"1.167"},"_animation":"fadeInUp","_animation_delay":"200","typography_font_size_tablet":{"unit":"px","size":"52"},"typography_font_size_mobile":{"unit":"px","size":"32"},"_margin":{"unit":"px","top":"0","right":"0","bottom":"0","left":"0","isLinked":""},"_padding":{"unit":"px","top":"08","right":"0","bottom":"0","left":"0","isLinked":""},"_margin_tablet":{"unit":"px","top":"0","right":"0","bottom":"0","left":"0","isLinked":""},"_padding_tablet":{"unit":"px","top":"0","right":"0","bottom":"0","left":"0","isLinked":""}},"elements":[],"isInner":false,"widgetType":"heading","elType":"widget"}],"isInner":"","elType":"column"}],"isInner":"","elType":"section"},{"id":"295bc128","settings":{"margin":{"unit":"px","top":"0","right":"0","bottom":"0","left":"0","isLinked":""},"padding":{"unit":"px","top":"0","right":"0","bottom":"0","left":"0","isLinked":""},"margin_mobile":{"unit":"px","top":"0","right":"0","bottom":"0","left":"0","isLinked":""},"padding_mobile":{"unit":"px","top":"0","right":"0","bottom":"0","left":"0","isLinked":""}},"elements":[{"id":"559a19e0","settings":{"_column_size":"100","margin":{"unit":"px","top":"0","right":"0","bottom":"0","left":"0","isLinked":"1"},"padding":{"unit":"px","top":"0","right":"0","bottom":"0","left":"0","isLinked":"1"},"margin_mobile":{"unit":"px","top":"0","right":"0","bottom":"0","left":"0","isLinked":""},"padding_mobile":{"unit":"px","top":"0","right":"0","bottom":"0","left":"0","isLinked":""}},"elements":[{"id":"34cd3dab","settings":{"space":{"unit":"px","size":"130"},"space_tablet":{"unit":"px","size":"80"},"space_mobile":{"unit":"px","size":"0"}},"elements":[],"isInner":false,"widgetType":"spacer","elType":"widget"}],"isInner":"","elType":"column"}],"isInner":"","elType":"section"},{"id":"270852f7","settings":{"structure":"20","content_width":{"unit":"px","size":"1280"},"margin":{"unit":"px","top":"0","right":"0","bottom":"0","left":"0","isLinked":""},"padding":{"unit":"px","top":"0","right":"0","bottom":"0","left":"0","isLinked":""},"margin_mobile":{"unit":"px","top":"0","right":"0","bottom":"0","left":"0","isLinked":""},"padding_mobile":{"unit":"px","top":"0","right":"0","bottom":"0","left":"0","isLinked":""}},"elements":[{"id":"14187d7b","settings":{"_column_size":"50","_inline_size":"50","background_background":"classic","background_size":"cover","margin":{"unit":"px","top":"0","right":"0","bottom":"0","left":"0","isLinked":"1"},"padding":{"unit":"px","top":"0","right":"95","bottom":"0","left":"0","isLinked":""},"content_position":"top","margin_tablet":{"unit":"px","top":"0","right":"0","bottom":"0","left":"0","isLinked":""},"padding_tablet":{"unit":"px","top":"0","right":"0","bottom":"0","left":"30","isLinked":""}},"elements":[{"id":"36d1c39e","settings":{"image":{"url":"http:\/\/sitefacilitado.com.br\/membros\/wp-content\/uploads\/2020\/03\/img-4-copyright.jpg","id":"5003"},"image_size":"full","_margin":{"unit":"px","top":"0","right":"0","bottom":"0","left":"0","isLinked":""},"_padding":{"unit":"px","top":"0","right":"0","bottom":"0","left":"0","isLinked":""},"css_filters_css_filter":"custom","css_filters_saturate":{"unit":"px","size":"67"}},"elements":[],"isInner":false,"widgetType":"image","elType":"widget"}],"isInner":"","elType":"column"},{"id":"151beb46","settings":{"_column_size":"50","_inline_size":"50","content_position":"center","margin":{"unit":"px","top":"0","right":"0","bottom":"0","left":"0","isLinked":"1"},"padding":{"unit":"px","top":"0","right":"10","bottom":"0","left":"15","isLinked":""},"_inline_size_mobile":"100","padding_tablet":{"unit":"px","top":"0","right":"30","bottom":"0","left":"30","isLinked":""},"padding_mobile":{"unit":"px","top":"50","right":"30","bottom":"50","left":"30","isLinked":""}},"elements":[{"id":"5ab7e5ce","settings":{"title":"Reach Your Full Potential","title_color":"#1c393d","typography_typography":"custom","typography_font_family":"Open Sans","typography_font_size":{"unit":"px","size":"52"},"typography_font_weight":"bold","typography_text_transform":"uppercase","typography_line_height":{"unit":"em","size":"1.154"},"_animation":"fadeInRight","typography_font_size_tablet":{"unit":"px","size":"32"},"typography_font_size_mobile":{"unit":"px","size":"20"},"_margin":{"unit":"px","top":"0","right":"0","bottom":"0","left":"0","isLinked":""},"_padding":{"unit":"px","top":"0","right":"0","bottom":"0","left":"0","isLinked":""},"typography_line_height_tablet":{"unit":"em","size":"1.2"},"_margin_tablet":{"unit":"px","top":"0","right":"0","bottom":"0","left":"0","isLinked":""},"_padding_tablet":{"unit":"px","top":"0","right":"0","bottom":"0","left":"0","isLinked":""}},"elements":[],"isInner":false,"widgetType":"heading","elType":"widget"},{"id":"228d7dae","settings":{"editor":"<p>Lorem ipsum dolor sit amet, consectetur adipiscing elit. Aliquam mattis lacinia mi, a tincidunt nisl ullamcorper id. Morbi pulvinar malesuada odio. Fusce lectus eros, volutpat vitae lobortis sit amet, lobortis sed lectus.<\/p><ul><li>Creating a vision for possible careers to pursue<\/li><li>Creating your personal and professional brand, in person and online<\/li><li>Maximizing your zone of brilliance<\/li><li>Developing your forward career plan<\/li><li>Integrating your values into your job strategy<\/li><\/ul>","text_color":"#747373","typography_typography":"custom","typography_font_family":"Lora","typography_font_size":{"unit":"px","size":"18"},"typography_line_height":{"unit":"em","size":"1.667"},"_animation":"fadeInRight","_animation_delay":"200","_css_classes":"envato-kit-62-list","typography_font_size_tablet":{"unit":"px","size":"16"},"typography_font_size_mobile":{"unit":"px","size":"14"},"typography_line_height_tablet":{"unit":"em","size":"1.4"},"typography_line_height_mobile":{"unit":"em","size":"1.6"}},"elements":[],"isInner":false,"widgetType":"text-editor","elType":"widget"},{"id":"3897c0f","settings":{"text":"free consultation","align":"left","size":"xl","typography_typography":"custom","typography_font_family":"Lora","typography_font_size":{"unit":"px","size":"16"},"typography_font_weight":"bold","typography_line_height":{"unit":"em","size":"4"},"button_text_color":"#ffffff","background_color":"#48cfad","border_radius":{"unit":"px","top":"0","right":"0","bottom":"0","left":"0","isLinked":"1"},"text_padding":{"unit":"px","top":"0","right":"60","bottom":"0","left":"60","isLinked":""},"_animation_delay":"600","_background_background":"classic","_animation":"fadeInUp","typography_font_size_tablet":{"unit":"px","size":"16"},"typography_font_size_mobile":{"unit":"px","size":"14"},"_margin":{"unit":"px","top":"0","right":"0","bottom":"0","left":"0","isLinked":""},"_padding":{"unit":"px","top":"20","right":"0","bottom":"0","left":"0","isLinked":""},"typography_line_height_tablet":{"unit":"em","size":"3"},"text_padding_tablet":{"unit":"px","top":"0","right":"30","bottom":"0","left":"30","isLinked":""},"_margin_tablet":{"unit":"px","top":"0","right":"0","bottom":"0","left":"0","isLinked":""},"_padding_tablet":{"unit":"px","top":"0","right":"0","bottom":"0","left":"0","isLinked":""},"typography_text_transform":"capitalize"},"elements":[],"isInner":false,"widgetType":"button","elType":"widget"}],"isInner":"","elType":"column"}],"isInner":"","elType":"section"},{"id":"7a5b3437","settings":[],"elements":[{"id":"10496437","settings":{"_column_size":"100","margin":{"unit":"px","top":"0","right":"0","bottom":"0","left":"0","isLinked":"1"},"padding":{"unit":"px","top":"0","right":"0","bottom":"0","left":"0","isLinked":"1"},"margin_mobile":{"unit":"px","top":"0","right":"0","bottom":"0","left":"0","isLinked":""},"padding_mobile":{"unit":"px","top":"0","right":"0","bottom":"0","left":"0","isLinked":""}},"elements":[{"id":"6a83f399","settings":{"space":{"unit":"px","size":"130"},"space_tablet":{"unit":"px","size":"80"},"space_mobile":{"unit":"px","size":"0"}},"elements":[],"isInner":false,"widgetType":"spacer","elType":"widget"}],"isInner":"","elType":"column"}],"isInner":"","elType":"section"},{"id":"6879b1df","settings":{"stretch_section":"section-stretched","background_background":"classic","background_color":"#efefee","padding":{"unit":"px","top":"120","right":"0","bottom":"460","left":"0","isLinked":""},"padding_tablet":{"unit":"px","top":"60","right":"0","bottom":"60","left":"0","isLinked":""},"padding_mobile":{"unit":"px","top":"50","right":"0","bottom":"50","left":"0","isLinked":""}},"elements":[{"id":"589e6e0a","settings":{"_column_size":"100","margin":{"unit":"px","top":"0","right":"0","bottom":"0","left":"0","isLinked":""},"padding":{"unit":"px","top":"0","right":"0","bottom":"0","left":"0","isLinked":""}},"elements":[{"id":"1c411938","settings":{"title":"expertise","header_size":"h6","align":"center","title_color":"#1c393d","typography_typography":"custom","typography_font_family":"Lora","typography_font_size":{"unit":"px","size":"20"},"typography_font_style":"italic","typography_line_height":{"unit":"em","size":"1.2"},"_padding":{"unit":"px","top":"0","right":"0","bottom":"0","left":"65","isLinked":""},"_animation":"fadeInDown","_css_classes":"envato-kit-62-ttl-green","_background_background":"classic","typography_font_weight":"300","typography_text_transform":"capitalize"},"elements":[],"isInner":false,"widgetType":"heading","elType":"widget"},{"id":"29f33720","settings":{"title":"My Specialties","align":"center","title_color":"#1c393d","typography_typography":"custom","typography_font_family":"Open Sans","typography_font_size":{"unit":"px","size":"52"},"typography_font_weight":"bold","typography_text_transform":"uppercase","typography_line_height":{"unit":"em","size":"1.154"},"_animation":"fadeInUp","_animation_delay":"200","typography_font_size_tablet":{"unit":"px","size":"32"},"typography_font_size_mobile":{"unit":"px","size":"22"},"_margin":{"unit":"px","top":"0","right":"0","bottom":"0","left":"0","isLinked":""},"_padding":{"unit":"px","top":"08","right":"0","bottom":"0","left":"0","isLinked":""},"_margin_tablet":{"unit":"px","top":"0","right":"0","bottom":"0","left":"0","isLinked":""},"_padding_tablet":{"unit":"px","top":"0","right":"0","bottom":"0","left":"0","isLinked":""}},"elements":[],"isInner":false,"widgetType":"heading","elType":"widget"}],"isInner":"","elType":"column"}],"isInner":"","elType":"section"},{"id":"127e43db","settings":{"background_background":"classic","background_color":"#ffffff","content_width":{"unit":"px","size":"1280"},"margin_tablet":{"unit":"px","top":"0","right":"0","bottom":"0","left":"0","isLinked":""},"margin_mobile":{"unit":"px","top":"0","right":"0","bottom":"0","left":"0","isLinked":""},"padding_tablet":{"unit":"px","top":"0","right":"0","bottom":"0","left":"0","isLinked":""},"padding_mobile":{"unit":"px","top":"0","right":"0","bottom":"0","left":"0","isLinked":""}},"elements":[{"id":"27331bc7","settings":{"_column_size":"100","background_background":"gradient","background_color":"#46eeaa","background_color_b":"#2cbfc7","background_gradient_angle":{"unit":"deg","size":"90"},"margin":{"unit":"px","top":"-380","right":"0","bottom":"0","left":"0","isLinked":""},"padding":{"unit":"px","top":"0","right":"95","bottom":"0","left":"95","isLinked":""},"margin_tablet":{"unit":"px","top":"0","right":"0","bottom":"0","left":"0","isLinked":""},"margin_mobile":{"unit":"px","top":"0","right":"0","bottom":"0","left":"0","isLinked":""},"padding_tablet":{"unit":"px","top":"0","right":"015","bottom":"0","left":"15","isLinked":""},"padding_mobile":{"unit":"px","top":"0","right":"15","bottom":"0","left":"15","isLinked":""}},"elements":[{"id":"31b5e233","settings":{"space":{"unit":"px","size":"70"},"_margin":{"unit":"px","top":"0","right":"0","bottom":"0","left":"0","isLinked":"1"},"_padding":{"unit":"px","top":"0","right":"0","bottom":"0","left":"0","isLinked":"1"},"space_tablet":{"unit":"px","size":"50"},"space_mobile":{"unit":"px","size":"20"},"_margin_tablet":{"unit":"px","top":"0","right":"0","bottom":"0","left":"0","isLinked":""},"_padding_tablet":{"unit":"px","top":"0","right":"0","bottom":"0","left":"0","isLinked":""}},"elements":[],"isInner":false,"widgetType":"spacer","elType":"widget"},{"id":"288be48c","settings":{"structure":"20","margin":{"unit":"px","top":"0","right":"0","bottom":"0","left":"0","isLinked":"1"},"padding":{"unit":"px","top":"0","right":"0","bottom":"0","left":"0","isLinked":"1"},"margin_tablet":{"unit":"px","top":"0","right":"0","bottom":"0","left":"0","isLinked":""},"margin_mobile":{"unit":"px","top":"0","right":"0","bottom":"0","left":"0","isLinked":""},"padding_tablet":{"unit":"px","top":"0","right":"0","bottom":"0","left":"0","isLinked":""},"padding_mobile":{"unit":"px","top":"0","right":"0","bottom":"0","left":"0","isLinked":""}},"elements":[{"id":"72d09956","settings":{"_column_size":"50","margin":{"unit":"px","top":"0","right":"0","bottom":"0","left":"0","isLinked":"1"},"padding":{"unit":"px","top":"0","right":"0","bottom":"0","left":"0","isLinked":"1"},"animation_delay":"200","margin_tablet":{"unit":"px","top":"0","right":"0","bottom":"0","left":"0","isLinked":""},"padding_tablet":{"unit":"px","top":"0","right":"0","bottom":"0","left":"0","isLinked":""}},"elements":[{"id":"7af7fe27","settings":{"image":{"url":"http:\/\/sitefacilitado.com.br\/membros\/wp-content\/uploads\/2020\/03\/006-digital-marketing-1.png","id":"4885"},"title_text":"Online Marketing","description_text":"Morbi pulvinar malesuada odio. Fusce lectus eros, volutpat vitae lobortis sit amet, lobortis sed. Nam viverra nulla quis arcu ultrices tristique.","position":"left","image_size":{"unit":"%","size":"35"},"title_color":"#ffffff","title_typography_typography":"custom","title_typography_font_family":"Open Sans","title_typography_font_size":{"unit":"px","size":"24"},"title_typography_font_weight":"bold","title_typography_text_transform":"uppercase","title_typography_line_height":{"unit":"em","size":"1.25"},"description_color":"#ffffff","description_typography_typography":"custom","description_typography_font_family":"Lora","description_typography_font_size":{"unit":"px","size":"16"},"description_typography_line_height":{"unit":"em","size":"1.625"},"_padding":{"unit":"px","top":"15","right":"15","bottom":"15","left":"15","isLinked":"1"},"_animation":"fadeInLeft","_animation_delay":"200","title_typography_font_size_tablet":{"unit":"px","size":"18"},"description_typography_font_size_tablet":{"unit":"px","size":"14"},"title_size":"span","_margin_tablet":{"unit":"px","top":"0","right":"0","bottom":"0","left":"0","isLinked":""},"_padding_tablet":{"unit":"px","top":"15","right":"15","bottom":"15","left":"15","isLinked":"1"}},"elements":[],"isInner":false,"widgetType":"image-box","elType":"widget"}],"isInner":"1","elType":"column"},{"id":"6a8665a2","settings":{"_column_size":"50","margin":{"unit":"px","top":"0","right":"0","bottom":"0","left":"0","isLinked":"1"},"padding":{"unit":"px","top":"0","right":"0","bottom":"0","left":"0","isLinked":"1"},"margin_tablet":{"unit":"px","top":"0","right":"0","bottom":"0","left":"0","isLinked":""},"padding_tablet":{"unit":"px","top":"0","right":"0","bottom":"0","left":"0","isLinked":"1"}},"elements":[{"id":"2b6dd9ad","settings":{"image":{"url":"http:\/\/sitefacilitado.com.br\/membros\/wp-content\/uploads\/2020\/03\/008-email-marketing-1.png","id":"4887"},"title_text":"email marketing","description_text":"Morbi pulvinar malesuada odio. Fusce lectus eros, volutpat vitae lobortis sit amet, lobortis sed. Nam viverra nulla quis arcu ultrices tristique.","position":"left","image_size":{"unit":"%","size":"35"},"title_color":"#ffffff","title_typography_typography":"custom","title_typography_font_family":"Open Sans","title_typography_font_size":{"unit":"px","size":"24"},"title_typography_font_weight":"bold","title_typography_text_transform":"uppercase","title_typography_line_height":{"unit":"em","size":"1.25"},"description_color":"#ffffff","description_typography_typography":"custom","description_typography_font_family":"Lora","description_typography_font_size":{"unit":"px","size":"16"},"description_typography_line_height":{"unit":"em","size":"1.625"},"_padding":{"unit":"px","top":"15","right":"15","bottom":"15","left":"15","isLinked":"1"},"_animation":"fadeInRight","_animation_delay":"400","title_typography_font_size_tablet":{"unit":"px","size":"18"},"description_typography_font_size_tablet":{"unit":"px","size":"14"},"title_size":"span","_margin_tablet":{"unit":"px","top":"0","right":"0","bottom":"0","left":"0","isLinked":""},"_padding_tablet":{"unit":"px","top":"15","right":"15","bottom":"15","left":"15","isLinked":"1"}},"elements":[],"isInner":false,"widgetType":"image-box","elType":"widget"}],"isInner":"1","elType":"column"}],"isInner":"1","elType":"section"},{"id":"7ef2bb52","settings":{"structure":"20","margin":{"unit":"px","top":"0","right":"0","bottom":"0","left":"0","isLinked":""},"padding":{"unit":"px","top":"55","right":"0","bottom":"0","left":"0","isLinked":""},"margin_tablet":{"unit":"px","top":"0","right":"0","bottom":"0","left":"0","isLinked":""},"padding_tablet":{"unit":"px","top":"0","right":"0","bottom":"0","left":"0","isLinked":""}},"elements":[{"id":"724734dd","settings":{"_column_size":"50","margin":{"unit":"px","top":"0","right":"0","bottom":"0","left":"0","isLinked":"1"},"padding":{"unit":"px","top":"0","right":"0","bottom":"0","left":"0","isLinked":"1"},"animation_delay":"200","margin_tablet":{"unit":"px","top":"0","right":"0","bottom":"0","left":"0","isLinked":""},"padding_tablet":{"unit":"px","top":"0","right":"0","bottom":"0","left":"0","isLinked":"1"}},"elements":[{"id":"16ad67a4","settings":{"image":{"url":"http:\/\/sitefacilitado.com.br\/membros\/wp-content\/uploads\/2020\/03\/009-strategy-1.png","id":"4888"},"title_text":"Pricing Strategies","description_text":"Morbi pulvinar malesuada odio. Fusce lectus eros, volutpat vitae lobortis sit amet, lobortis sed. Nam viverra nulla quis arcu ultrices tristique.","position":"left","image_size":{"unit":"%","size":"35"},"title_color":"#ffffff","title_typography_typography":"custom","title_typography_font_family":"Open Sans","title_typography_font_size":{"unit":"px","size":"24"},"title_typography_font_weight":"bold","title_typography_text_transform":"uppercase","title_typography_line_height":{"unit":"em","size":"1.25"},"description_color":"#ffffff","description_typography_typography":"custom","description_typography_font_family":"Lora","description_typography_font_size":{"unit":"px","size":"16"},"description_typography_line_height":{"unit":"em","size":"1.625"},"_padding":{"unit":"px","top":"15","right":"15","bottom":"15","left":"15","isLinked":"1"},"_animation":"fadeInLeft","_animation_delay":"600","title_typography_font_size_tablet":{"unit":"px","size":"18"},"description_typography_font_size_tablet":{"unit":"px","size":"14"},"title_size":"span","_margin_tablet":{"unit":"px","top":"0","right":"0","bottom":"0","left":"0","isLinked":""},"_padding_tablet":{"unit":"px","top":"15","right":"15","bottom":"15","left":"15","isLinked":"1"}},"elements":[],"isInner":false,"widgetType":"image-box","elType":"widget"}],"isInner":"1","elType":"column"},{"id":"194b12eb","settings":{"_column_size":"50","margin":{"unit":"px","top":"0","right":"0","bottom":"0","left":"0","isLinked":"1"},"padding":{"unit":"px","top":"0","right":"0","bottom":"0","left":"0","isLinked":"1"},"animation_delay":"200","margin_tablet":{"unit":"px","top":"0","right":"0","bottom":"0","left":"0","isLinked":""},"padding_tablet":{"unit":"px","top":"0","right":"0","bottom":"0","left":"0","isLinked":"1"}},"elements":[{"id":"786e3152","settings":{"image":{"url":"http:\/\/sitefacilitado.com.br\/membros\/wp-content\/uploads\/2020\/03\/012-funnel-1.png","id":"4891"},"title_text":"Sales Funnels","description_text":"Morbi pulvinar malesuada odio. Fusce lectus eros, volutpat vitae lobortis sit amet, lobortis sed. Nam viverra nulla quis arcu ultrices tristique.","position":"left","image_size":{"unit":"%","size":"35"},"title_color":"#ffffff","title_typography_typography":"custom","title_typography_font_family":"Open Sans","title_typography_font_size":{"unit":"px","size":"24"},"title_typography_font_weight":"bold","title_typography_text_transform":"uppercase","title_typography_line_height":{"unit":"em","size":"1.25"},"description_color":"#ffffff","description_typography_typography":"custom","description_typography_font_family":"Lora","description_typography_font_size":{"unit":"px","size":"16"},"description_typography_line_height":{"unit":"em","size":"1.625"},"_padding":{"unit":"px","top":"15","right":"15","bottom":"15","left":"15","isLinked":"1"},"_animation":"fadeInRight","_animation_delay":"800","title_typography_font_size_tablet":{"unit":"px","size":"18"},"description_typography_font_size_tablet":{"unit":"px","size":"14"},"title_size":"span","_margin_tablet":{"unit":"px","top":"0","right":"0","bottom":"0","left":"0","isLinked":""},"_padding_tablet":{"unit":"px","top":"15","right":"15","bottom":"15","left":"15","isLinked":"1"}},"elements":[],"isInner":false,"widgetType":"image-box","elType":"widget"}],"isInner":"1","elType":"column"}],"isInner":"1","elType":"section"},{"id":"18c33139","settings":{"structure":"20","margin":{"unit":"px","top":"0","right":"0","bottom":"0","left":"0","isLinked":""},"padding":{"unit":"px","top":"60","right":"0","bottom":"0","left":"0","isLinked":""},"margin_tablet":{"unit":"px","top":"0","right":"0","bottom":"0","left":"0","isLinked":""},"padding_tablet":{"unit":"px","top":"0","right":"0","bottom":"0","left":"0","isLinked":""}},"elements":[{"id":"7f44bf35","settings":{"_column_size":"50","margin":{"unit":"px","top":"0","right":"0","bottom":"0","left":"0","isLinked":"1"},"padding":{"unit":"px","top":"0","right":"0","bottom":"0","left":"0","isLinked":"1"},"animation_delay":"200","margin_tablet":{"unit":"px","top":"0","right":"0","bottom":"0","left":"0","isLinked":""},"padding_tablet":{"unit":"px","top":"0","right":"0","bottom":"0","left":"0","isLinked":""}},"elements":[{"id":"65d0b79a","settings":{"image":{"url":"http:\/\/sitefacilitado.com.br\/membros\/wp-content\/uploads\/2020\/03\/007-online-course-1.png","id":"4886"},"title_text":"online courses","description_text":"Morbi pulvinar malesuada odio. Fusce lectus eros, volutpat vitae lobortis sit amet, lobortis sed. Nam viverra nulla quis arcu ultrices tristique.","position":"left","image_size":{"unit":"%","size":"35"},"title_color":"#ffffff","title_typography_typography":"custom","title_typography_font_family":"Open Sans","title_typography_font_size":{"unit":"px","size":"24"},"title_typography_font_weight":"bold","title_typography_text_transform":"uppercase","title_typography_line_height":{"unit":"em","size":"1.25"},"description_color":"#ffffff","description_typography_typography":"custom","description_typography_font_family":"Lora","description_typography_font_size":{"unit":"px","size":"16"},"description_typography_line_height":{"unit":"em","size":"1.625"},"_padding":{"unit":"px","top":"15","right":"15","bottom":"15","left":"15","isLinked":"1"},"_animation":"fadeInLeft","_animation_delay":"1000","title_typography_font_size_tablet":{"unit":"px","size":"18"},"description_typography_font_size_tablet":{"unit":"px","size":"14"},"title_size":"span","_margin_tablet":{"unit":"px","top":"0","right":"0","bottom":"0","left":"0","isLinked":""},"_padding_tablet":{"unit":"px","top":"15","right":"15","bottom":"15","left":"15","isLinked":"1"}},"elements":[],"isInner":false,"widgetType":"image-box","elType":"widget"}],"isInner":"1","elType":"column"},{"id":"e5bdb54","settings":{"_column_size":"50","margin":{"unit":"px","top":"0","right":"0","bottom":"0","left":"0","isLinked":"1"},"padding":{"unit":"px","top":"0","right":"0","bottom":"0","left":"0","isLinked":"1"},"animation_delay":"200","margin_tablet":{"unit":"px","top":"0","right":"0","bottom":"0","left":"0","isLinked":""},"padding_tablet":{"unit":"px","top":"0","right":"0","bottom":"0","left":"0","isLinked":""}},"elements":[{"id":"28da9756","settings":{"image":{"url":"http:\/\/sitefacilitado.com.br\/membros\/wp-content\/uploads\/2020\/03\/010-money-1.png","id":"4889"},"title_text":"Money Mindset","description_text":"Morbi pulvinar malesuada odio. Fusce lectus eros, volutpat vitae lobortis sit amet, lobortis sed. Nam viverra nulla quis arcu ultrices tristique.","position":"left","image_size":{"unit":"%","size":"35"},"title_color":"#ffffff","title_typography_typography":"custom","title_typography_font_family":"Open Sans","title_typography_font_size":{"unit":"px","size":"24"},"title_typography_font_weight":"bold","title_typography_text_transform":"uppercase","title_typography_line_height":{"unit":"em","size":"1.25"},"description_color":"#ffffff","description_typography_typography":"custom","description_typography_font_family":"Lora","description_typography_font_size":{"unit":"px","size":"16"},"description_typography_line_height":{"unit":"em","size":"1.625"},"_padding":{"unit":"px","top":"15","right":"15","bottom":"15","left":"15","isLinked":"1"},"_animation":"fadeInRight","_animation_delay":"1200","title_typography_font_size_tablet":{"unit":"px","size":"18"},"description_typography_font_size_tablet":{"unit":"px","size":"14"},"title_size":"span","_margin_tablet":{"unit":"px","top":"0","right":"0","bottom":"0","left":"0","isLinked":""},"_padding_tablet":{"unit":"px","top":"15","right":"15","bottom":"15","left":"15","isLinked":"1"}},"elements":[],"isInner":false,"widgetType":"image-box","elType":"widget"}],"isInner":"1","elType":"column"}],"isInner":"1","elType":"section"},{"id":"5a606fb0","settings":{"space":{"unit":"px","size":"90"},"_margin":{"unit":"px","top":"0","right":"0","bottom":"0","left":"0","isLinked":"1"},"_padding":{"unit":"px","top":"0","right":"0","bottom":"0","left":"0","isLinked":"1"},"space_tablet":{"unit":"px","size":"65"},"space_mobile":{"unit":"px","size":"30"}},"elements":[],"isInner":false,"widgetType":"spacer","elType":"widget"}],"isInner":"","elType":"column"}],"isInner":"","elType":"section"},{"id":"431be093","settings":{"height":"min-height","custom_height_mobile":{"unit":"px","size":"50"},"margin_mobile":{"unit":"px","top":"0","right":"0","bottom":"0","left":"0","isLinked":""},"padding_mobile":{"unit":"px","top":"0","right":"0","bottom":"0","left":"0","isLinked":""},"custom_height":{"unit":"px","size":"0"},"custom_height_tablet":{"unit":"px","size":"0"},"hide_tablet":"hidden-tablet","hide_mobile":"hidden-phone"},"elements":[{"id":"43b4c5bc","settings":{"_column_size":"100","margin":{"unit":"px","top":"0","right":"0","bottom":"0","left":"0","isLinked":"1"},"padding":{"unit":"px","top":"0","right":"0","bottom":"0","left":"0","isLinked":"1"},"margin_tablet":{"unit":"px","top":"0","right":"0","bottom":"0","left":"0","isLinked":""},"margin_mobile":{"unit":"px","top":"0","right":"0","bottom":"0","left":"0","isLinked":""},"padding_tablet":{"unit":"px","top":"0","right":"0","bottom":"0","left":"0","isLinked":""},"padding_mobile":{"unit":"px","top":"0","right":"0","bottom":"0","left":"0","isLinked":""}},"elements":[{"id":"70c53ade","settings":{"space":{"unit":"px","size":"130"},"space_tablet":{"unit":"px","size":"80"},"space_mobile":{"unit":"px","size":"0"}},"elements":[],"isInner":false,"widgetType":"spacer","elType":"widget"}],"isInner":"","elType":"column"}],"isInner":"","elType":"section"},{"id":"180994e4","settings":{"stretch_section":"section-stretched","background_background":"classic","background_image":{"url":"http:\/\/sitefacilitado.com.br\/membros\/wp-content\/uploads\/2020\/03\/bg-wwm2-copyright.jpg","id":"5004"},"background_size":"cover","background_overlay_background":"classic","background_overlay_color":"#1c393d","background_overlay_opacity":{"unit":"px","size":"0.6"},"padding":{"unit":"px","top":"125","right":"0","bottom":"120","left":"0","isLinked":""},"padding_tablet":{"unit":"px","top":"80","right":"0","bottom":"80","left":"0","isLinked":""},"padding_mobile":{"unit":"px","top":"50","right":"0","bottom":"50","left":"0","isLinked":""},"content_width":{"unit":"px","size":"1340"},"margin_mobile":{"unit":"px","top":"0","right":"0","bottom":"0","left":"0","isLinked":""}},"elements":[{"id":"3f05a504","settings":{"_column_size":"100","margin":{"unit":"px","top":"0","right":"0","bottom":"0","left":"0","isLinked":""},"padding":{"unit":"px","top":"0","right":"015","bottom":"0","left":"15","isLinked":""}},"elements":[{"id":"36f83368","settings":{"title":"workshops","header_size":"h6","align":"center","title_color":"#ffffff","typography_typography":"custom","typography_font_family":"Lora","typography_font_size":{"unit":"px","size":"20"},"typography_font_style":"italic","typography_line_height":{"unit":"em","size":"1.2"},"_padding":{"unit":"px","top":"0","right":"0","bottom":"0","left":"65","isLinked":""},"_animation":"fadeInDown","_css_classes":"envato-kit-62-ttl-white","_background_background":"classic","typography_font_weight":"300","typography_text_transform":"capitalize"},"elements":[],"isInner":false,"widgetType":"heading","elType":"widget"},{"id":"2ad48b08","settings":{"title":"Upcoming Events","align":"center","title_color":"#ffffff","typography_typography":"custom","typography_font_family":"Open Sans","typography_font_size":{"unit":"px","size":"52"},"typography_font_weight":"bold","typography_text_transform":"uppercase","typography_line_height":{"unit":"em","size":"1.154"},"_animation":"fadeInUp","_animation_delay":"200","typography_font_size_tablet":{"unit":"px","size":"32"},"typography_font_size_mobile":{"unit":"px","size":"22"},"_margin":{"unit":"px","top":"0","right":"0","bottom":"0","left":"0","isLinked":""},"_padding":{"unit":"px","top":"08","right":"0","bottom":"0","left":"0","isLinked":""},"_margin_mobile":{"unit":"px","top":"0","right":"0","bottom":"0","left":"0","isLinked":""},"_padding_mobile":{"unit":"px","top":"0","right":"0","bottom":"0","left":"0","isLinked":""}},"elements":[],"isInner":false,"widgetType":"heading","elType":"widget"},{"id":"5abd653e","settings":{"structure":"30","layout":"full_width","margin":{"unit":"px","top":"0","right":"0","bottom":"0","left":"0","isLinked":""},"padding":{"unit":"px","top":"15","right":"0","bottom":"0","left":"0","isLinked":""},"margin_mobile":{"unit":"px","top":"0","right":"0","bottom":"0","left":"0","isLinked":""},"padding_mobile":{"unit":"px","top":"0","right":"0","bottom":"0","left":"0","isLinked":""}},"elements":[{"id":"74c03351","settings":{"_column_size":"33","margin":{"unit":"px","top":"0","right":"0","bottom":"0","left":"0","isLinked":""},"padding":{"unit":"px","top":"15","right":"15","bottom":"15","left":"15","isLinked":"1"}},"elements":[{"id":"7d94f202","settings":{"image":{"url":"http:\/\/sitefacilitado.com.br\/membros\/wp-content\/uploads\/2020\/03\/event-8-copyright.jpg","id":"5005"},"image_size":"full","_animation":"zoomIn","width":{"unit":"%","size":"100"}},"elements":[],"isInner":false,"widgetType":"image","elType":"widget"},{"id":"29d2f5ec","settings":{"title":"Business Academy","align":"center","title_color":"#ffffff","typography_typography":"custom","typography_font_family":"Open Sans","typography_font_size":{"unit":"px","size":"30"},"typography_font_weight":"bold","typography_text_transform":"uppercase","typography_line_height":{"unit":"em","size":"1.267"},"_animation":"fadeInDown","_animation_delay":"1000","typography_font_size_tablet":{"unit":"px","size":"20"},"_margin":{"unit":"px","top":"0","right":"0","bottom":"0","left":"0","isLinked":""},"_padding":{"unit":"px","top":"25","right":"0","bottom":"0","left":"0","isLinked":""},"_margin_mobile":{"unit":"px","top":"0","right":"0","bottom":"0","left":"0","isLinked":""},"_padding_mobile":{"unit":"px","top":"0","right":"0","bottom":"0","left":"0","isLinked":""}},"elements":[],"isInner":false,"widgetType":"heading","elType":"widget"},{"id":"1c3041f0","settings":{"title":"Aug 27, 2018","header_size":"span","title_color":"#ffffff","typography_typography":"custom","typography_font_family":"Lora","typography_font_size":{"unit":"px","size":"16"},"typography_font_style":"italic","typography_line_height":{"unit":"em","size":"1.2"},"align":"center","typography_font_weight":"300","_animation":"fadeInLeft","_animation_delay":"1200","_margin":{"unit":"px","top":"-10","right":"0","bottom":"0","left":"0","isLinked":""},"_padding":{"unit":"px","top":"0","right":"0","bottom":"0","left":"0","isLinked":""}},"elements":[],"isInner":false,"widgetType":"heading","elType":"widget"}],"isInner":"1","elType":"column"},{"id":"57449b87","settings":{"_column_size":"33","margin":{"unit":"px","top":"0","right":"0","bottom":"0","left":"0","isLinked":""},"padding":{"unit":"px","top":"15","right":"15","bottom":"15","left":"15","isLinked":"1"}},"elements":[{"id":"11637306","settings":{"image":{"url":"http:\/\/sitefacilitado.com.br\/membros\/wp-content\/uploads\/2020\/03\/event-9-copyright.jpg","id":"5006"},"image_size":"full","_animation":"zoomIn","_animation_delay":"200","width":{"unit":"%","size":"100"}},"elements":[],"isInner":false,"widgetType":"image","elType":"widget"},{"id":"35b60789","settings":{"title":"succeess bootcamp","align":"center","title_color":"#ffffff","typography_typography":"custom","typography_font_family":"Open Sans","typography_font_size":{"unit":"px","size":"30"},"typography_font_weight":"bold","typography_text_transform":"uppercase","typography_line_height":{"unit":"em","size":"1.267"},"_animation":"fadeInDown","_animation_delay":"800","typography_font_size_tablet":{"unit":"px","size":"20"},"_margin":{"unit":"px","top":"0","right":"0","bottom":"0","left":"0","isLinked":""},"_padding":{"unit":"px","top":"25","right":"0","bottom":"0","left":"0","isLinked":""},"_margin_mobile":{"unit":"px","top":"0","right":"0","bottom":"0","left":"0","isLinked":""},"_padding_mobile":{"unit":"px","top":"0","right":"0","bottom":"0","left":"0","isLinked":""}},"elements":[],"isInner":false,"widgetType":"heading","elType":"widget"},{"id":"4bb867f3","settings":{"title":"Aug 27, 2018","header_size":"span","title_color":"#ffffff","typography_typography":"custom","typography_font_family":"Lora","typography_font_size":{"unit":"px","size":"16"},"typography_font_style":"italic","typography_line_height":{"unit":"em","size":"1.2"},"align":"center","typography_font_weight":"300","_animation":"fadeInUp","_animation_delay":"1200","_margin":{"unit":"px","top":"-10","right":"0","bottom":"0","left":"0","isLinked":""},"_padding":{"unit":"px","top":"0","right":"0","bottom":"0","left":"0","isLinked":""}},"elements":[],"isInner":false,"widgetType":"heading","elType":"widget"}],"isInner":"1","elType":"column"},{"id":"2e81d3bb","settings":{"_column_size":"33","margin":{"unit":"px","top":"0","right":"0","bottom":"0","left":"0","isLinked":""},"padding":{"unit":"px","top":"15","right":"15","bottom":"15","left":"15","isLinked":"1"}},"elements":[{"id":"724fcee","settings":{"image":{"url":"http:\/\/sitefacilitado.com.br\/membros\/wp-content\/uploads\/2020\/03\/event-10-copyright.jpg","id":"5007"},"image_size":"full","_animation":"zoomIn","_animation_delay":"400","width":{"unit":"%","size":"100"}},"elements":[],"isInner":false,"widgetType":"image","elType":"widget"},{"id":"cac2a12","settings":{"title":"branding workshop","align":"center","title_color":"#ffffff","typography_typography":"custom","typography_font_family":"Open Sans","typography_font_size":{"unit":"px","size":"30"},"typography_font_weight":"bold","typography_text_transform":"uppercase","typography_line_height":{"unit":"em","size":"1.267"},"_animation":"fadeInDown","_animation_delay":"600","typography_font_size_tablet":{"unit":"px","size":"20"},"_margin":{"unit":"px","top":"0","right":"0","bottom":"0","left":"0","isLinked":""},"_padding":{"unit":"px","top":"25","right":"0","bottom":"0","left":"0","isLinked":""},"_margin_mobile":{"unit":"px","top":"0","right":"0","bottom":"0","left":"0","isLinked":""},"_padding_mobile":{"unit":"px","top":"0","right":"0","bottom":"0","left":"0","isLinked":""}},"elements":[],"isInner":false,"widgetType":"heading","elType":"widget"},{"id":"1f913b5a","settings":{"title":"Aug 27, 2018","header_size":"span","title_color":"#ffffff","typography_typography":"custom","typography_font_family":"Lora","typography_font_size":{"unit":"px","size":"16"},"typography_font_style":"italic","typography_line_height":{"unit":"em","size":"1.2"},"align":"center","typography_font_weight":"300","_animation":"fadeInRight","_animation_delay":"1200","_margin":{"unit":"px","top":"-10","right":"0","bottom":"0","left":"0","isLinked":""},"_padding":{"unit":"px","top":"0","right":"0","bottom":"0","left":"0","isLinked":""}},"elements":[],"isInner":false,"widgetType":"heading","elType":"widget"}],"isInner":"1","elType":"column"}],"isInner":"1","elType":"section"},{"id":"66462bf0","settings":{"text":"view all events","align":"center","size":"xl","typography_typography":"custom","typography_font_family":"Lora","typography_font_size":{"unit":"px","size":"16"},"typography_font_weight":"bold","typography_line_height":{"unit":"em","size":"4"},"button_text_color":"#ffffff","background_color":"#48cfad","border_radius":{"unit":"px","top":"0","right":"0","bottom":"0","left":"0","isLinked":"1"},"text_padding":{"unit":"px","top":"0","right":"60","bottom":"0","left":"60","isLinked":""},"_margin":{"unit":"px","top":"60","right":"0","bottom":"0","left":"0","isLinked":""},"_animation_delay":"1600","_background_background":"classic","_animation":"fadeIn","typography_font_size_tablet":{"unit":"px","size":"16"},"typography_font_size_mobile":{"unit":"px","size":"14"},"_margin_mobile":{"unit":"px","top":"0","right":"0","bottom":"0","left":"0","isLinked":""},"_padding_mobile":{"unit":"px","top":"0","right":"0","bottom":"0","left":"0","isLinked":""},"typography_text_transform":"capitalize"},"elements":[],"isInner":false,"widgetType":"button","elType":"widget"}],"isInner":"","elType":"column"}],"isInner":"","elType":"section"}]}