{"version":"0.4","title":"Coach 15","type":"page","content":[{"id":"5edea4d9","settings":{"stretch_section":"section-stretched","background_background":"classic","background_image":{"url":"http:\/\/sitefacilitado.com.br\/membros\/wp-content\/uploads\/2020\/03\/bg-abt1-copyright.jpg","id":"4940"},"background_size":"cover","background_overlay_background":"classic","background_overlay_color":"#1c393d","padding":{"unit":"px","top":"130","right":"0","bottom":"455","left":"0","isLinked":""},"padding_tablet":{"unit":"px","top":"80","right":"0","bottom":"80","left":"0","isLinked":""},"margin_mobile":{"unit":"px","top":"0","right":"0","bottom":"0","left":"0","isLinked":""},"padding_mobile":{"unit":"px","top":"50","right":"0","bottom":"50","left":"0","isLinked":""}},"elements":[{"id":"f55e98c","settings":{"_column_size":"100","margin":{"unit":"px","top":"0","right":"0","bottom":"0","left":"0","isLinked":""},"padding":{"unit":"px","top":"0","right":"0","bottom":"0","left":"0","isLinked":""}},"elements":[{"id":"4ae7bb46","settings":{"title":"services","header_size":"h6","align":"center","title_color":"#ffffff","typography_typography":"custom","typography_font_family":"Lora","typography_font_size":{"unit":"px","size":"20"},"typography_font_style":"italic","typography_line_height":{"unit":"em","size":"1.2"},"_padding":{"unit":"px","top":"0","right":"0","bottom":"0","left":"65","isLinked":""},"_animation":"fadeInDown","_css_classes":"envato-kit-62-ttl-green","_background_background":"classic","typography_font_weight":"300","_animation_delay":"300","typography_text_transform":"capitalize"},"elements":[],"isInner":false,"widgetType":"heading","elType":"widget"},{"id":"486b4d0d","settings":{"marker":"underline","before_text":"","highlighted_text":"Work","rotating_text":"Better\nBigger\nFaster","after_text":"With Me","tag":"h1","title_color":"#ffffff","title_typography_typography":"custom","title_typography_font_family":"Open Sans","title_typography_font_size":{"unit":"px","size":"72"},"title_typography_font_weight":"bold","title_typography_text_transform":"uppercase","words_color":"#48ce96","words_typography_typography":"custom","words_typography_font_family":"Open Sans","words_typography_font_weight":"bold","words_typography_text_transform":"uppercase","words_typography_font_style":"oblique","_margin":{"unit":"px","top":"0","right":"0","bottom":"0","left":"0","isLinked":""},"_margin_mobile":{"unit":"px","top":"0","right":"0","bottom":"0","left":"0","isLinked":""},"_padding":{"unit":"em","top":"","right":"","bottom":"","left":"","isLinked":""},"_padding_mobile":{"unit":"px","top":"0","right":"0","bottom":"0","left":"0","isLinked":""},"_animation":"fadeInUp","_animation_delay":"600"},"elements":[],"isInner":false,"widgetType":"animated-headline","elType":"widget"}],"isInner":"","elType":"column"}],"isInner":"","elType":"section"},{"id":"6fa137ac","settings":{"background_background":"classic","margin":{"unit":"px","top":"-0","right":"0","bottom":"0","left":"0","isLinked":""},"padding":{"unit":"px","top":"0","right":"0","bottom":"0","left":"0","isLinked":"1"},"animation":"fadeInUp","animation_delay":"400","margin_tablet":{"unit":"px","top":"0","right":"0","bottom":"0","left":"0","isLinked":"1"},"content_width":{"unit":"px","size":"1280"},"padding_tablet":{"unit":"px","top":"0","right":"0","bottom":"0","left":"0","isLinked":""}},"elements":[{"id":"387898cf","settings":{"_column_size":"100","margin":{"unit":"px","top":"-360","right":"0","bottom":"0","left":"0","isLinked":""},"margin_tablet":{"unit":"px","top":"0","right":"0","bottom":"0","left":"0","isLinked":""},"padding":{"unit":"px","top":"0","right":"0","bottom":"0","left":"0","isLinked":""},"padding_tablet":{"unit":"px","top":"0","right":"0","bottom":"0","left":"0","isLinked":""}},"elements":[{"id":"23ff6194","settings":{"structure":"20","background_background":"classic","background_color":"#efefee","margin":{"unit":"px","top":"0","right":"0","bottom":"0","left":"0","isLinked":"1"},"padding":{"unit":"px","top":"90","right":"95","bottom":"0","left":"95","isLinked":""},"animation_delay":"400","padding_tablet":{"unit":"px","top":"65","right":"015","bottom":"0","left":"15","isLinked":""},"layout":"full_width","content_width":{"unit":"px","size":"1320"},"margin_tablet":{"unit":"px","top":"0","right":"0","bottom":"0","left":"0","isLinked":"1"},"margin_mobile":{"unit":"px","top":"0","right":"0","bottom":"0","left":"0","isLinked":""},"padding_mobile":{"unit":"px","top":"35","right":"0","bottom":"0","left":"0","isLinked":""}},"elements":[{"id":"4a761e7a","settings":{"_column_size":"50","content_position":"center","margin":{"unit":"px","top":"0","right":"0","bottom":"0","left":"0","isLinked":"1"},"padding":{"unit":"px","top":"0","right":"0","bottom":"0","left":"0","isLinked":"1"},"margin_tablet":{"unit":"px","top":"0","right":"0","bottom":"0","left":"0","isLinked":"1"},"padding_tablet":{"unit":"px","top":"0","right":"0","bottom":"0","left":"0","isLinked":"1"}},"elements":[{"id":"6d6c587","settings":{"image":{"url":"http:\/\/sitefacilitado.com.br\/membros\/wp-content\/uploads\/2020\/03\/006-digital-marketing-1.png","id":"4885"},"title_text":"Online Marketing","description_text":"Morbi pulvinar malesuada odio. Fusce lectus eros, volutpat vitae lobortis sit amet, lobortis sed. Nam viverra nulla quis arcu ultrices tristique.","position":"left","title_color":"#1c393d","title_typography_typography":"custom","title_typography_font_family":"Open Sans","title_typography_font_size":{"unit":"px","size":"24"},"title_typography_font_weight":"bold","title_typography_text_transform":"uppercase","title_typography_line_height":{"unit":"em","size":"1.25"},"description_color":"#747373","description_typography_typography":"custom","description_typography_font_family":"Lora","description_typography_font_size":{"unit":"px","size":"16"},"description_typography_line_height":{"unit":"em","size":"1.625"},"_padding":{"unit":"px","top":"15","right":"15","bottom":"15","left":"15","isLinked":"1"},"css_filters_css_filter":"custom","title_typography_font_size_tablet":{"unit":"px","size":"18"},"description_typography_font_size_tablet":{"unit":"px","size":"16"},"description_typography_font_size_mobile":{"unit":"px","size":"14"},"title_size":"span","image_size":{"unit":"%","size":"35"}},"elements":[],"isInner":false,"widgetType":"image-box","elType":"widget"}],"isInner":"1","elType":"column"},{"id":"4e978eb","settings":{"_column_size":"50","content_position":"center","margin":{"unit":"px","top":"0","right":"0","bottom":"0","left":"0","isLinked":"1"},"padding":{"unit":"px","top":"0","right":"0","bottom":"0","left":"0","isLinked":"1"},"margin_tablet":{"unit":"px","top":"0","right":"0","bottom":"0","left":"0","isLinked":"1"},"padding_tablet":{"unit":"px","top":"0","right":"0","bottom":"0","left":"0","isLinked":"1"}},"elements":[{"id":"224b0fe1","settings":{"image":{"url":"http:\/\/sitefacilitado.com.br\/membros\/wp-content\/uploads\/2020\/03\/008-email-marketing-1.png","id":"4887"},"title_text":"email marketing","description_text":"Morbi pulvinar malesuada odio. Fusce lectus eros, volutpat vitae lobortis sit amet, lobortis sed. Nam viverra nulla quis arcu ultrices tristique.","position":"left","title_color":"#1c393d","title_typography_typography":"custom","title_typography_font_family":"Open Sans","title_typography_font_size":{"unit":"px","size":"24"},"title_typography_font_weight":"bold","title_typography_text_transform":"uppercase","title_typography_line_height":{"unit":"em","size":"1.25"},"description_color":"#747373","description_typography_typography":"custom","description_typography_font_family":"Lora","description_typography_font_size":{"unit":"px","size":"16"},"description_typography_line_height":{"unit":"em","size":"1.625"},"_padding":{"unit":"px","top":"15","right":"15","bottom":"15","left":"15","isLinked":"1"},"css_filters_css_filter":"custom","title_typography_font_size_tablet":{"unit":"px","size":"18"},"description_typography_font_size_tablet":{"unit":"px","size":"16"},"description_typography_font_size_mobile":{"unit":"px","size":"14"},"title_size":"span","image_size":{"unit":"%","size":"35"}},"elements":[],"isInner":false,"widgetType":"image-box","elType":"widget"}],"isInner":"1","elType":"column"}],"isInner":"1","elType":"section"},{"id":"1a3eed58","settings":{"structure":"20","background_background":"classic","background_color":"#efefee","margin":{"unit":"px","top":"-10","right":"0","bottom":"-10","left":"0","isLinked":"1"},"padding":{"unit":"px","top":"65","right":"95","bottom":"90","left":"95","isLinked":""},"animation_delay":"500","padding_tablet":{"unit":"px","top":"0","right":"15","bottom":"65","left":"15","isLinked":""},"layout":"full_width","margin_tablet":{"unit":"px","top":"0","right":"0","bottom":"0","left":"0","isLinked":"1"},"margin_mobile":{"unit":"px","top":"0","right":"0","bottom":"0","left":"0","isLinked":""},"padding_mobile":{"unit":"px","top":"0","right":"0","bottom":"035","left":"0","isLinked":""}},"elements":[{"id":"7d908f2e","settings":{"_column_size":"50","content_position":"center","margin":{"unit":"px","top":"0","right":"0","bottom":"0","left":"0","isLinked":"1"},"padding":{"unit":"px","top":"0","right":"0","bottom":"0","left":"0","isLinked":"1"},"margin_tablet":{"unit":"px","top":"0","right":"0","bottom":"0","left":"0","isLinked":"1"},"padding_tablet":{"unit":"px","top":"0","right":"0","bottom":"0","left":"0","isLinked":"1"}},"elements":[{"id":"2a17d55a","settings":{"image":{"url":"http:\/\/sitefacilitado.com.br\/membros\/wp-content\/uploads\/2020\/03\/009-strategy-1.png","id":"4888"},"title_text":"pricing strategies","description_text":"Morbi pulvinar malesuada odio. Fusce lectus eros, volutpat vitae lobortis sit amet, lobortis sed. Nam viverra nulla quis arcu ultrices tristique.","position":"left","title_color":"#1c393d","title_typography_typography":"custom","title_typography_font_family":"Open Sans","title_typography_font_size":{"unit":"px","size":"24"},"title_typography_font_weight":"bold","title_typography_text_transform":"uppercase","title_typography_line_height":{"unit":"em","size":"1.25"},"description_color":"#747373","description_typography_typography":"custom","description_typography_font_family":"Lora","description_typography_font_size":{"unit":"px","size":"16"},"description_typography_line_height":{"unit":"em","size":"1.625"},"_padding":{"unit":"px","top":"15","right":"15","bottom":"15","left":"15","isLinked":"1"},"css_filters_css_filter":"custom","title_typography_font_size_tablet":{"unit":"px","size":"18"},"description_typography_font_size_tablet":{"unit":"px","size":"16"},"description_typography_font_size_mobile":{"unit":"px","size":"14"},"title_size":"span","image_size":{"unit":"%","size":"35"}},"elements":[],"isInner":false,"widgetType":"image-box","elType":"widget"}],"isInner":"1","elType":"column"},{"id":"5f3d05cd","settings":{"_column_size":"50","content_position":"center","margin":{"unit":"px","top":"0","right":"0","bottom":"0","left":"0","isLinked":"1"},"padding":{"unit":"px","top":"0","right":"0","bottom":"0","left":"0","isLinked":"1"},"margin_tablet":{"unit":"px","top":"0","right":"0","bottom":"0","left":"0","isLinked":"1"},"padding_tablet":{"unit":"px","top":"0","right":"0","bottom":"0","left":"0","isLinked":"1"}},"elements":[{"id":"27abbeff","settings":{"image":{"url":"http:\/\/sitefacilitado.com.br\/membros\/wp-content\/uploads\/2020\/03\/012-funnel-1.png","id":"4891"},"title_text":"Sales Funnels","description_text":"Morbi pulvinar malesuada odio. Fusce lectus eros, volutpat vitae lobortis sit amet, lobortis sed. Nam viverra nulla quis arcu ultrices tristique.","position":"left","title_color":"#1c393d","title_typography_typography":"custom","title_typography_font_family":"Open Sans","title_typography_font_size":{"unit":"px","size":"24"},"title_typography_font_weight":"bold","title_typography_text_transform":"uppercase","title_typography_line_height":{"unit":"em","size":"1.25"},"description_color":"#747373","description_typography_typography":"custom","description_typography_font_family":"Lora","description_typography_font_size":{"unit":"px","size":"16"},"description_typography_line_height":{"unit":"em","size":"1.625"},"_padding":{"unit":"px","top":"15","right":"15","bottom":"15","left":"15","isLinked":"1"},"css_filters_css_filter":"custom","title_typography_font_size_tablet":{"unit":"px","size":"18"},"description_typography_font_size_tablet":{"unit":"px","size":"16"},"description_typography_font_size_mobile":{"unit":"px","size":"14"},"title_size":"span","image_size":{"unit":"%","size":"35"}},"elements":[],"isInner":false,"widgetType":"image-box","elType":"widget"}],"isInner":"1","elType":"column"}],"isInner":"1","elType":"section"}],"isInner":"","elType":"column"}],"isInner":"","elType":"section"},{"id":"592456c5","settings":{"margin":{"unit":"px","top":"0","right":"0","bottom":"0","left":"0","isLinked":"1"},"padding":{"unit":"px","top":"0","right":"0","bottom":"0","left":"0","isLinked":"1"},"margin_tablet":{"unit":"px","top":"0","right":"0","bottom":"0","left":"0","isLinked":""}},"elements":[{"id":"d784d09","settings":{"_column_size":"100","margin":{"unit":"px","top":"0","right":"0","bottom":"0","left":"0","isLinked":"1"},"padding":{"unit":"px","top":"0","right":"0","bottom":"0","left":"0","isLinked":"1"},"margin_mobile":{"unit":"px","top":"0","right":"0","bottom":"0","left":"0","isLinked":""},"padding_mobile":{"unit":"px","top":"0","right":"0","bottom":"0","left":"0","isLinked":""}},"elements":[{"id":"520793ce","settings":{"space":{"unit":"px","size":"130"},"space_tablet":{"unit":"px","size":"80"},"space_mobile":{"unit":"px","size":"50"}},"elements":[],"isInner":false,"widgetType":"spacer","elType":"widget"}],"isInner":"","elType":"column"}],"isInner":"","elType":"section"},{"id":"1fd3e75e","settings":{"content_width":{"unit":"px","size":"1000"},"margin_mobile":{"unit":"px","top":"0","right":"0","bottom":"0","left":"0","isLinked":""},"padding_mobile":{"unit":"px","top":"0","right":"0","bottom":"0","left":"0","isLinked":""}},"elements":[{"id":"7876e6c5","settings":{"_column_size":"100","margin":{"unit":"px","top":"0","right":"0","bottom":"0","left":"0","isLinked":""},"padding":{"unit":"px","top":"0","right":"90","bottom":"0","left":"90","isLinked":""},"margin_mobile":{"unit":"px","top":"0","right":"0","bottom":"0","left":"0","isLinked":""},"padding_mobile":{"unit":"px","top":"0","right":"015","bottom":"0","left":"015","isLinked":""}},"elements":[{"id":"6d274c25","settings":{"title":"LOOK AT YOUR BUSINESS FROM A NEW PERSPECTIVE","align":"center","title_color":"#1c393d","typography_typography":"custom","typography_font_family":"Open Sans","typography_font_size":{"unit":"px","size":"52"},"typography_font_weight":"bold","typography_text_transform":"uppercase","typography_line_height":{"unit":"em","size":"1.154"},"_animation":"zoomIn","typography_font_size_tablet":{"unit":"px","size":"32"},"typography_font_size_mobile":{"unit":"px","size":"22"},"_margin":{"unit":"px","top":"0","right":"0","bottom":"0","left":"0","isLinked":""},"_padding":{"unit":"px","top":"0","right":"0","bottom":"10","left":"0","isLinked":""},"_margin_mobile":{"unit":"px","top":"0","right":"0","bottom":"0","left":"0","isLinked":""},"_padding_mobile":{"unit":"px","top":"0","right":"0","bottom":"0","left":"0","isLinked":""}},"elements":[],"isInner":false,"widgetType":"heading","elType":"widget"},{"id":"5a2d1d64","settings":{"editor":"<p>Lorem ipsum dolor sit amet, consectetur adipiscing elit. Vestibulum at porttitor mi. Phasellus rhoncus ultricies est pharetra finibus. Fusce eget egestas nibh. Aliquam blandit sem tempor mi facilisis sagittis. Nulla augue urna, viverra ut felis, tempor commodo ligula.<\/p>","text_color":"#747373","typography_typography":"custom","typography_font_family":"Lora","typography_font_size":{"unit":"px","size":"18"},"typography_line_height":{"unit":"em","size":"1.667"},"_animation":"fadeIn","_animation_delay":"400","typography_font_size_tablet":{"unit":"px","size":"16"},"typography_font_size_mobile":{"unit":"px","size":"14"},"align":"center","_margin":{"unit":"px","top":"0","right":"0","bottom":"0","left":"0","isLinked":""},"_padding":{"unit":"px","top":"0","right":"0","bottom":"0","left":"0","isLinked":""}},"elements":[],"isInner":false,"widgetType":"text-editor","elType":"widget"}],"isInner":"","elType":"column"}],"isInner":"","elType":"section"},{"id":"56312466","settings":{"content_width":{"unit":"px","size":"1340"},"margin":{"unit":"px","top":"0","right":"0","bottom":"0","left":"0","isLinked":""},"padding":{"unit":"px","top":"015","right":"0","bottom":"0","left":"0","isLinked":""},"margin_tablet":{"unit":"px","top":"0","right":"0","bottom":"0","left":"0","isLinked":""},"margin_mobile":{"unit":"px","top":"0","right":"0","bottom":"0","left":"0","isLinked":""},"padding_tablet":{"unit":"px","top":"10","right":"0","bottom":"0","left":"0","isLinked":""},"padding_mobile":{"unit":"px","top":"015","right":"0","bottom":"0","left":"0","isLinked":""}},"elements":[{"id":"58fc34f0","settings":{"_column_size":"100","margin":{"unit":"px","top":"0","right":"0","bottom":"0","left":"0","isLinked":""},"padding":{"unit":"px","top":"0","right":"015","bottom":"0","left":"15","isLinked":""},"margin_tablet":{"unit":"px","top":"0","right":"0","bottom":"0","left":"0","isLinked":""},"margin_mobile":{"unit":"px","top":"0","right":"0","bottom":"0","left":"0","isLinked":""},"padding_tablet":{"unit":"px","top":"0","right":"015","bottom":"0","left":"15","isLinked":""},"padding_mobile":{"unit":"px","top":"0","right":"015","bottom":"0","left":"15","isLinked":""}},"elements":[{"id":"44238575","settings":{"layout":"full_width","structure":"30","margin_tablet":{"unit":"px","top":"0","right":"0","bottom":"0","left":"0","isLinked":""},"margin_mobile":{"unit":"px","top":"0","right":"0","bottom":"0","left":"0","isLinked":""},"padding_tablet":{"unit":"px","top":"0","right":"0","bottom":"0","left":"0","isLinked":""},"padding_mobile":{"unit":"px","top":"0","right":"0","bottom":"0","left":"0","isLinked":""}},"elements":[{"id":"4f4916ca","settings":{"_column_size":"33","animation":"fadeInLeft","animation_delay":"400","margin":{"unit":"px","top":"0","right":"0","bottom":"0","left":"0","isLinked":""},"padding":{"unit":"px","top":"15","right":"15","bottom":"15","left":"15","isLinked":"1"},"margin_tablet":{"unit":"px","top":"0","right":"0","bottom":"0","left":"0","isLinked":""},"margin_mobile":{"unit":"px","top":"0","right":"0","bottom":"0","left":"0","isLinked":""},"padding_tablet":{"unit":"px","top":"0","right":"015","bottom":"0","left":"015","isLinked":""},"padding_mobile":{"unit":"px","top":"15","right":"15","bottom":"15","left":"15","isLinked":"1"}},"elements":[{"id":"26aea7c","settings":{"image":{"url":"http:\/\/sitefacilitado.com.br\/membros\/wp-content\/uploads\/2020\/03\/img-1-copyright.jpg","id":"5011"},"image_size":"full","image_border_radius":{"unit":"%","top":"50","right":"50","bottom":"50","left":"50","isLinked":"1"},"width_mobile":{"unit":"%","size":"60"},"align":"center","width":{"unit":"%","size":"80"},"_margin":{"unit":"px","top":"0","right":"0","bottom":"0","left":"0","isLinked":""},"_padding":{"unit":"px","top":"0","right":"0","bottom":"0","left":"0","isLinked":""},"hover_animation":"grow-rotate"},"elements":[],"isInner":false,"widgetType":"image","elType":"widget"},{"id":"4e8866a","settings":{"title":"business coaching","header_size":"h3","align":"center","title_color":"#1c393d","typography_typography":"custom","typography_font_family":"Open Sans","typography_font_size":{"unit":"px","size":"30"},"typography_font_weight":"bold","typography_text_transform":"uppercase","typography_line_height":{"unit":"em","size":"1.267"},"typography_font_size_tablet":{"unit":"px","size":"22"},"_margin":{"unit":"px","top":"0","right":"0","bottom":"0","left":"0","isLinked":""},"_padding":{"unit":"px","top":"8","right":"0","bottom":"0","left":"0","isLinked":""}},"elements":[],"isInner":false,"widgetType":"heading","elType":"widget"},{"id":"11a82f29","settings":{"editor":"<p>Lorem ipsum dolor sit amet, consectetur adipiscing elit. Pellentesque sollicitudin, est eu vehicula pulvinar, magna felis convallis diam, venenatis ac dui leo et mi.<\/p>","text_color":"#747373","typography_typography":"custom","typography_font_family":"Lora","typography_font_size":{"unit":"px","size":"18"},"typography_line_height":{"unit":"em","size":"1.667"},"typography_font_size_tablet":{"unit":"px","size":"16"},"typography_font_size_mobile":{"unit":"px","size":"14"},"align":"center","_margin":{"unit":"px","top":"0","right":"0","bottom":"0","left":"0","isLinked":""},"_padding":{"unit":"px","top":"0","right":"0","bottom":"0","left":"0","isLinked":""}},"elements":[],"isInner":false,"widgetType":"text-editor","elType":"widget"}],"isInner":"1","elType":"column"},{"id":"24b7a8a3","settings":{"_column_size":"33","animation":"fadeInUp","animation_delay":"400","margin":{"unit":"px","top":"0","right":"0","bottom":"0","left":"0","isLinked":""},"padding":{"unit":"px","top":"15","right":"15","bottom":"15","left":"15","isLinked":"1"},"margin_tablet":{"unit":"px","top":"0","right":"0","bottom":"0","left":"0","isLinked":""},"margin_mobile":{"unit":"px","top":"0","right":"0","bottom":"0","left":"0","isLinked":""},"padding_tablet":{"unit":"px","top":"0","right":"015","bottom":"0","left":"015","isLinked":""},"padding_mobile":{"unit":"px","top":"15","right":"15","bottom":"15","left":"15","isLinked":"1"}},"elements":[{"id":"6a7e46d2","settings":{"image":{"url":"http:\/\/sitefacilitado.com.br\/membros\/wp-content\/uploads\/2020\/03\/img-2-copyright.jpg","id":"5012"},"image_size":"full","image_border_radius":{"unit":"%","top":"50","right":"50","bottom":"50","left":"50","isLinked":"1"},"width_mobile":{"unit":"%","size":"60"},"align":"center","width":{"unit":"%","size":"80"},"_margin":{"unit":"px","top":"0","right":"0","bottom":"0","left":"0","isLinked":""},"_padding":{"unit":"px","top":"0","right":"0","bottom":"0","left":"0","isLinked":""},"hover_animation":"grow-rotate"},"elements":[],"isInner":false,"widgetType":"image","elType":"widget"},{"id":"276fbe85","settings":{"title":"business consulting","header_size":"h3","align":"center","title_color":"#1c393d","typography_typography":"custom","typography_font_family":"Open Sans","typography_font_size":{"unit":"px","size":"30"},"typography_font_weight":"bold","typography_text_transform":"uppercase","typography_line_height":{"unit":"em","size":"1.267"},"typography_font_size_tablet":{"unit":"px","size":"22"},"_margin":{"unit":"px","top":"0","right":"0","bottom":"0","left":"0","isLinked":""},"_padding":{"unit":"px","top":"8","right":"0","bottom":"0","left":"0","isLinked":""}},"elements":[],"isInner":false,"widgetType":"heading","elType":"widget"},{"id":"6777e9b5","settings":{"editor":"<p>Lorem ipsum dolor sit amet, consectetur adipiscing elit. Pellentesque sollicitudin, est eu vehicula pulvinar, magna felis convallis diam, venenatis ac dui leo et mi.<\/p>","text_color":"#747373","typography_typography":"custom","typography_font_family":"Lora","typography_font_size":{"unit":"px","size":"18"},"typography_line_height":{"unit":"em","size":"1.667"},"typography_font_size_tablet":{"unit":"px","size":"16"},"typography_font_size_mobile":{"unit":"px","size":"14"},"align":"center","_margin":{"unit":"px","top":"0","right":"0","bottom":"0","left":"0","isLinked":""},"_padding":{"unit":"px","top":"0","right":"0","bottom":"0","left":"0","isLinked":""},"_margin_tablet":{"unit":"px","top":"0","right":"0","bottom":"0","left":"0","isLinked":""},"_padding_tablet":{"unit":"px","top":"0","right":"0","bottom":"0","left":"0","isLinked":""}},"elements":[],"isInner":false,"widgetType":"text-editor","elType":"widget"}],"isInner":"1","elType":"column"},{"id":"862b3aa","settings":{"_column_size":"33","animation":"fadeInRight","animation_delay":"400","margin":{"unit":"px","top":"0","right":"0","bottom":"0","left":"0","isLinked":""},"padding":{"unit":"px","top":"15","right":"15","bottom":"15","left":"15","isLinked":"1"},"margin_tablet":{"unit":"px","top":"0","right":"0","bottom":"0","left":"0","isLinked":""},"margin_mobile":{"unit":"px","top":"0","right":"0","bottom":"0","left":"0","isLinked":""},"padding_tablet":{"unit":"px","top":"0","right":"015","bottom":"0","left":"015","isLinked":""},"padding_mobile":{"unit":"px","top":"15","right":"15","bottom":"15","left":"15","isLinked":"1"}},"elements":[{"id":"3922d5cb","settings":{"image":{"url":"http:\/\/sitefacilitado.com.br\/membros\/wp-content\/uploads\/2020\/03\/img-3-copyright.jpg","id":"5013"},"image_size":"full","image_border_radius":{"unit":"%","top":"50","right":"50","bottom":"50","left":"50","isLinked":"1"},"width_mobile":{"unit":"%","size":"60"},"align":"center","width":{"unit":"%","size":"80"},"_margin":{"unit":"px","top":"0","right":"0","bottom":"0","left":"0","isLinked":""},"_padding":{"unit":"px","top":"0","right":"0","bottom":"0","left":"0","isLinked":""},"hover_animation":"grow-rotate"},"elements":[],"isInner":false,"widgetType":"image","elType":"widget"},{"id":"242800fc","settings":{"title":"Events &amp; Trainings","header_size":"h3","align":"center","title_color":"#1c393d","typography_typography":"custom","typography_font_family":"Open Sans","typography_font_size":{"unit":"px","size":"30"},"typography_font_weight":"bold","typography_text_transform":"uppercase","typography_line_height":{"unit":"em","size":"1.267"},"typography_font_size_tablet":{"unit":"px","size":"22"},"_margin":{"unit":"px","top":"0","right":"0","bottom":"0","left":"0","isLinked":""},"_padding":{"unit":"px","top":"8","right":"0","bottom":"0","left":"0","isLinked":""}},"elements":[],"isInner":false,"widgetType":"heading","elType":"widget"},{"id":"5b0c8a37","settings":{"editor":"<p>Lorem ipsum dolor sit amet, consectetur adipiscing elit. Pellentesque sollicitudin, est eu vehicula pulvinar, magna felis convallis diam, venenatis ac dui leo et mi.<\/p>","text_color":"#747373","typography_typography":"custom","typography_font_family":"Lora","typography_font_size":{"unit":"px","size":"18"},"typography_line_height":{"unit":"em","size":"1.667"},"typography_font_size_tablet":{"unit":"px","size":"16"},"typography_font_size_mobile":{"unit":"px","size":"14"},"align":"center","_margin":{"unit":"px","top":"0","right":"0","bottom":"0","left":"0","isLinked":""},"_padding":{"unit":"px","top":"0","right":"0","bottom":"0","left":"0","isLinked":""}},"elements":[],"isInner":false,"widgetType":"text-editor","elType":"widget"}],"isInner":"1","elType":"column"}],"isInner":"1","elType":"section"}],"isInner":"","elType":"column"}],"isInner":"","elType":"section"},{"id":"28fa7b31","settings":{"margin_mobile":{"unit":"px","top":"0","right":"0","bottom":"0","left":"0","isLinked":""},"padding_mobile":{"unit":"px","top":"0","right":"0","bottom":"0","left":"0","isLinked":""}},"elements":[{"id":"3aa7771b","settings":{"_column_size":"100","margin":{"unit":"px","top":"0","right":"0","bottom":"0","left":"0","isLinked":"1"},"padding":{"unit":"px","top":"0","right":"0","bottom":"0","left":"0","isLinked":"1"},"margin_mobile":{"unit":"px","top":"0","right":"0","bottom":"0","left":"0","isLinked":""},"padding_mobile":{"unit":"px","top":"0","right":"0","bottom":"0","left":"0","isLinked":""}},"elements":[{"id":"10625da4","settings":{"space":{"unit":"px","size":"90"},"space_tablet":{"unit":"px","size":"65"},"space_mobile":{"unit":"px","size":"20"}},"elements":[],"isInner":false,"widgetType":"spacer","elType":"widget"}],"isInner":"","elType":"column"}],"isInner":"","elType":"section"},{"id":"556d8075","settings":{"stretch_section":"section-stretched","background_background":"gradient","padding":{"unit":"px","top":"120","right":"0","bottom":"130","left":"0","isLinked":""},"padding_tablet":{"unit":"px","top":"80","right":"0","bottom":"80","left":"0","isLinked":""},"padding_mobile":{"unit":"px","top":"50","right":"0","bottom":"50","left":"0","isLinked":""},"content_width":{"unit":"px","size":"900"},"background_color":"#46eeaa","background_color_b":"#2cbfc7","background_gradient_angle":{"unit":"deg","size":"90"},"margin_mobile":{"unit":"px","top":"0","right":"0","bottom":"0","left":"0","isLinked":""}},"elements":[{"id":"1681e8b9","settings":{"_column_size":"100","padding":{"unit":"px","top":"0","right":"30","bottom":"0","left":"30","isLinked":""},"padding_tablet":{"unit":"%","top":"0","right":"10","bottom":"0","left":"10","isLinked":""},"padding_mobile":{"unit":"%","top":"0","right":"5","bottom":"0","left":"5","isLinked":""},"margin":{"unit":"px","top":"0","right":"0","bottom":"0","left":"0","isLinked":""},"margin_mobile":{"unit":"px","top":"0","right":"0","bottom":"0","left":"0","isLinked":""}},"elements":[{"id":"afffa2e","settings":{"title":"get in touch","header_size":"h6","align":"center","title_color":"#ffffff","typography_typography":"custom","typography_font_family":"Lora","typography_font_size":{"unit":"px","size":"20"},"typography_font_style":"italic","typography_line_height":{"unit":"em","size":"1.2"},"_padding":{"unit":"px","top":"0","right":"0","bottom":"0","left":"65","isLinked":""},"_animation_delay":"700","_background_background":"classic","typography_font_weight":"300","_animation":"fadeInDown","_css_classes":"envato-kit-62-ttl-white","_margin":{"unit":"px","top":"0","right":"0","bottom":"0","left":"0","isLinked":""},"typography_text_transform":"capitalize"},"elements":[],"isInner":false,"widgetType":"heading","elType":"widget"},{"id":"14f3c587","settings":{"title":"have questions?","align":"center","title_color":"#ffffff","typography_typography":"custom","typography_font_family":"Open Sans","typography_font_size":{"unit":"px","size":"52"},"typography_font_weight":"bold","typography_text_transform":"uppercase","typography_line_height":{"unit":"em","size":"1.154"},"_animation":"fadeInUp","_animation_delay":"200","typography_font_size_tablet":{"unit":"px","size":"32"},"typography_font_size_mobile":{"unit":"px","size":"22"},"_margin":{"unit":"px","top":"0","right":"0","bottom":"0","left":"0","isLinked":""},"_padding":{"unit":"px","top":"8","right":"0","bottom":"0","left":"0","isLinked":""},"_margin_mobile":{"unit":"px","top":"0","right":"0","bottom":"0","left":"0","isLinked":""},"_padding_mobile":{"unit":"px","top":"0","right":"0","bottom":"0","left":"0","isLinked":""}},"elements":[],"isInner":false,"widgetType":"heading","elType":"widget"},{"id":"69c4a75a","settings":{"editor":"<p>Lorem ipsum dolor sit amet, consectetur adipiscing elit. Aliquam mattis lacinia mi, a tincidunt nisl ullamcorper id.<\/p>","align":"center","text_color":"#efefee","typography_typography":"custom","typography_font_family":"Lora","typography_font_size":{"unit":"px","size":"18"},"typography_line_height":{"unit":"em","size":"1.667"},"_margin":{"unit":"px","top":"0","right":"0","bottom":"0","left":"0","isLinked":""},"_padding":{"unit":"px","top":"0","right":"100","bottom":"0","left":"100","isLinked":""},"_animation":"fadeIn","_animation_delay":"400","_margin_mobile":{"unit":"px","top":"0","right":"0","bottom":"0","left":"0","isLinked":""},"_padding_mobile":{"unit":"px","top":"0","right":"025","bottom":"0","left":"25","isLinked":""}},"elements":[],"isInner":false,"widgetType":"text-editor","elType":"widget"},{"id":"53a014e8","settings":{"form_name":"New Form","form_fields":[{"_id":"name","field_type":"text","field_label":"","placeholder":"Name","width":"50","field_value":"","required":"","min_date":"","max_date":"","field_options":"","allow_multiple":"","select_size":"","inline_list":"","field_html":"","width_tablet":"","width_mobile":"","rows":"4","recaptcha_size":"normal","recaptcha_style":"light","css_classes":"","custom_id":"name","recaptcha_badge":"bottomright"},{"_id":"email","field_type":"email","required":"true","field_label":"","placeholder":"Email","width":"50","field_value":"","min_date":"","max_date":"","field_options":"","allow_multiple":"","select_size":"","inline_list":"","field_html":"","width_tablet":"","width_mobile":"","rows":"4","recaptcha_size":"normal","recaptcha_style":"light","css_classes":"","custom_id":"email","recaptcha_badge":"bottomright"},{"_id":"message","field_type":"textarea","field_label":"","placeholder":"Message","width":"100","field_value":"","required":"","min_date":"","max_date":"","field_options":"","allow_multiple":"","select_size":"","inline_list":"","field_html":"","width_tablet":"","width_mobile":"","rows":"6","recaptcha_size":"normal","recaptcha_style":"light","css_classes":"","custom_id":"message","recaptcha_badge":"bottomright"}],"button_text":"send message","button_align":"center","email_content":"","email_content_2":"[all-fields]","success_message":"The form was sent successfully.","error_message":"An errors occurred.","required_field_message":"This field is required.","invalid_message":"There's something wrong. The form is invalid.","column_gap":{"unit":"px","size":"30"},"field_text_color":"#ffffff","field_typography_typography":"custom","field_typography_font_family":"Lora","field_typography_font_size":{"unit":"px","size":"18"},"field_border_width":{"unit":"px","top":"0","right":"0","bottom":"0","left":"0","isLinked":"1"},"field_border_radius":{"unit":"px","top":"0","right":"0","bottom":"0","left":"0","isLinked":"1"},"button_background_color":"#48cfad","button_typography_typography":"custom","button_typography_font_family":"Lora","button_typography_font_size":{"unit":"px","size":"18"},"button_typography_font_weight":"bold","button_border_border":"solid","button_border_width":{"unit":"px","top":"2","right":"2","bottom":"2","left":"2","isLinked":"1"},"button_border_color":"#ffffff","button_border_radius":{"unit":"px","top":"0","right":"0","bottom":"0","left":"0","isLinked":"1"},"_background_background":"classic","_animation":"zoomIn","_animation_delay":"600","_css_classes":"envato-kit-62-form-transparent","field_typography_font_size_tablet":{"unit":"px","size":"16"},"field_typography_font_size_mobile":{"unit":"px","size":"14"},"button_typography_font_size_tablet":{"unit":"px","size":"16"},"button_typography_font_size_mobile":{"unit":"px","size":"14"},"button_size":"md","row_gap":{"unit":"px","size":"30"},"button_text_padding":{"unit":"px","top":"20","right":"50","bottom":"20","left":"50","isLinked":""},"_margin":{"unit":"px","top":"60","right":"0","bottom":"0","left":"0","isLinked":""},"_padding":{"unit":"px","top":"0","right":"0","bottom":"0","left":"0","isLinked":""},"button_width_mobile":"100","button_align_mobile":"stretch","_margin_tablet":{"unit":"px","top":"0","right":"0","bottom":"0","left":"0","isLinked":""},"_padding_tablet":{"unit":"px","top":"0","right":"0","bottom":"0","left":"0","isLinked":""},"button_typography_text_transform":"capitalize"},"elements":[],"isInner":false,"widgetType":"form","elType":"widget"}],"isInner":"","elType":"column"}],"isInner":"","elType":"section"}]}