{"version":"0.4","title":"Coach 8","type":"page","content":[{"id":"72943544","settings":{"stretch_section":"section-stretched","background_background":"classic","background_image":{"url":"http:\/\/sitefacilitado.com.br\/membros\/wp-content\/uploads\/2020\/03\/bg-events1-copyright.jpg","id":"4964"},"background_size":"cover","background_overlay_background":"classic","background_overlay_color":"#1c393d","padding":{"unit":"px","top":"195","right":"0","bottom":"190","left":"0","isLinked":""},"padding_tablet":{"unit":"px","top":"80","right":"0","bottom":"80","left":"0","isLinked":""},"margin_mobile":{"unit":"px","top":"0","right":"0","bottom":"0","left":"0","isLinked":""},"padding_mobile":{"unit":"px","top":"50","right":"0","bottom":"50","left":"0","isLinked":""}},"elements":[{"id":"7c9d4c22","settings":{"_column_size":"100","margin":{"unit":"px","top":"0","right":"0","bottom":"0","left":"0","isLinked":""},"padding":{"unit":"px","top":"0","right":"0","bottom":"0","left":"0","isLinked":""}},"elements":[{"id":"73ce650b","settings":{"title":"workshops","header_size":"h6","align":"center","title_color":"#ffffff","typography_typography":"custom","typography_font_family":"Lora","typography_font_size":{"unit":"px","size":"20"},"typography_font_style":"italic","typography_line_height":{"unit":"em","size":"1.2"},"_padding":{"unit":"px","top":"0","right":"0","bottom":"0","left":"65","isLinked":""},"_animation":"fadeInDown","_css_classes":"envato-kit-62-ttl-green","_background_background":"classic","typography_font_weight":"300","_animation_delay":"300","typography_text_transform":"capitalize"},"elements":[],"isInner":false,"widgetType":"heading","elType":"widget"},{"id":"432e4dfd","settings":{"title":"Upcoming Events","align":"center","title_color":"#ffffff","typography_typography":"custom","typography_font_family":"Open Sans","typography_font_size":{"unit":"px","size":"72"},"typography_font_weight":"bold","typography_text_transform":"uppercase","typography_line_height":{"unit":"em","size":"1.167"},"_animation":"fadeInUp","_animation_delay":"600","typography_font_size_tablet":{"unit":"px","size":"52"},"typography_font_size_mobile":{"unit":"px","size":"32"},"_margin":{"unit":"px","top":"0","right":"0","bottom":"0","left":"0","isLinked":""},"_padding":{"unit":"px","top":"08","right":"0","bottom":"0","left":"0","isLinked":""},"_margin_tablet":{"unit":"px","top":"0","right":"0","bottom":"0","left":"0","isLinked":""},"_padding_tablet":{"unit":"px","top":"0","right":"0","bottom":"0","left":"0","isLinked":""},"header_size":"h1"},"elements":[],"isInner":false,"widgetType":"heading","elType":"widget"}],"isInner":"","elType":"column"}],"isInner":"","elType":"section"},{"id":"6b3f5712","settings":[],"elements":[{"id":"618208fb","settings":{"_column_size":"100","margin":{"unit":"px","top":"0","right":"0","bottom":"0","left":"0","isLinked":"1"},"padding":{"unit":"px","top":"0","right":"0","bottom":"0","left":"0","isLinked":"1"}},"elements":[{"id":"54a6d1ea","settings":{"space":{"unit":"px","size":"130"},"space_tablet":{"unit":"px","size":"80"},"space_mobile":{"unit":"px","size":"50"}},"elements":[],"isInner":false,"widgetType":"spacer","elType":"widget"}],"isInner":"","elType":"column"}],"isInner":"","elType":"section"},{"id":"659b2b51","settings":{"structure":"20","content_width":{"unit":"px","size":"1280"},"margin":{"unit":"px","top":"0","right":"0","bottom":"0","left":"0","isLinked":""},"padding":{"unit":"px","top":"0","right":"0","bottom":"0","left":"0","isLinked":""},"margin_tablet":{"unit":"px","top":"0","right":"0","bottom":"0","left":"0","isLinked":""},"padding_tablet":{"unit":"px","top":"0","right":"0","bottom":"0","left":"0","isLinked":""}},"elements":[{"id":"64732294","settings":{"_column_size":"50","_inline_size":"44","background_background":"classic","background_size":"cover","margin":{"unit":"px","top":"0","right":"0","bottom":"0","left":"0","isLinked":""},"padding":{"unit":"px","top":"0","right":"0","bottom":"0","left":"0","isLinked":"1"},"animation":"fadeInLeft","animation_duration":"slow","_inline_size_tablet":"50","margin_tablet":{"unit":"px","top":"0","right":"0","bottom":"0","left":"0","isLinked":""},"padding_tablet":{"unit":"px","top":"0","right":"0","bottom":"0","left":"0","isLinked":""}},"elements":[{"id":"6b1a15c3","settings":{"editor":"<p><strong>14<\/strong><br \/><i>oct<\/i><\/p>","align":"center","text_color":"#ffffff","typography_typography":"custom","typography_font_family":"Open Sans","typography_font_size":{"unit":"px","size":"20"},"typography_line_height":{"unit":"em","size":"1.2"},"_margin":{"unit":"px","top":"0","right":"0","bottom":"0","left":"0","isLinked":"1"},"_padding":{"unit":"px","top":"24","right":"0","bottom":"0","left":"0","isLinked":""},"_background_background":"classic","_css_classes":"envato-kit-62-label","typography_font_size_tablet":{"unit":"px","size":"18"},"typography_font_weight":"300","typography_text_transform":"uppercase"},"elements":[],"isInner":false,"widgetType":"text-editor","elType":"widget"},{"id":"50c42cdf","settings":{"image":{"url":"http:\/\/sitefacilitado.com.br\/membros\/wp-content\/uploads\/2020\/03\/event-5-copyright.jpg","id":"4965"},"image_size":"full","width":{"unit":"%","size":"100"},"_margin":{"unit":"px","top":"0","right":"0","bottom":"0","left":"0","isLinked":""},"_padding":{"unit":"px","top":"0","right":"0","bottom":"0","left":"0","isLinked":""}},"elements":[],"isInner":false,"widgetType":"image","elType":"widget"}],"isInner":"","elType":"column"},{"id":"412051ef","settings":{"_column_size":"50","_inline_size":"64.34","content_position":"center","margin":{"unit":"px","top":"0","right":"0","bottom":"0","left":"0","isLinked":"1"},"padding":{"unit":"px","top":"0","right":"0","bottom":"0","left":"55","isLinked":""},"padding_tablet":{"unit":"px","top":"0","right":"30","bottom":"30","left":"30","isLinked":""},"_inline_size_tablet":"50","margin_mobile":{"unit":"px","top":"30","right":"0","bottom":"0","left":"0","isLinked":""}},"elements":[{"id":"8e72bde","settings":{"title":"Personal Branding Workshop","title_color":"#1c393d","typography_typography":"custom","typography_font_family":"Open Sans","typography_font_size":{"unit":"px","size":"34"},"typography_font_weight":"bold","typography_text_transform":"uppercase","typography_line_height":{"unit":"em","size":"1.176"},"_animation":"fadeInRight","typography_font_size_tablet":{"unit":"px","size":"24"},"_margin":{"unit":"px","top":"0","right":"0","bottom":"0","left":"0","isLinked":""},"_padding":{"unit":"px","top":"0","right":"0","bottom":"0","left":"0","isLinked":""},"_margin_tablet":{"unit":"px","top":"-5","right":"0","bottom":"0","left":"0","isLinked":""},"_padding_tablet":{"unit":"px","top":"0","right":"0","bottom":"0","left":"0","isLinked":""}},"elements":[],"isInner":false,"widgetType":"heading","elType":"widget"},{"id":"627fca1a","settings":{"editor":"<p>Quisque sit amet sem libero. Donec tincidunt nibh at felis vehicula, nec viverra leo consequat. Sed viverra et interdum dui, id consequat neque scelerisque eu. Lorem ipsum dolor sit amet, consectetur adipiscing elit.<\/p><p>Etiam tincidunt consequat a quis tristique. Curabitur vehicula sagittis a vulputate. Cras facilisis est vel nisi ornare, vel mollis felis fermentum.<\/p>","text_color":"#747373","typography_typography":"custom","typography_font_family":"Lora","typography_font_size":{"unit":"px","size":"18"},"typography_line_height":{"unit":"em","size":"1.667"},"_animation":"fadeIn","_animation_delay":"200","typography_font_size_tablet":{"unit":"px","size":"16"},"typography_font_size_mobile":{"unit":"px","size":"14"},"_margin":{"unit":"px","top":"0","right":"0","bottom":"0","left":"0","isLinked":""},"_padding":{"unit":"px","top":"0","right":"0","bottom":"0","left":"0","isLinked":""},"typography_line_height_tablet":{"unit":"em","size":"1.4"},"_margin_tablet":{"unit":"px","top":"0","right":"0","bottom":"0","left":"0","isLinked":""},"_padding_tablet":{"unit":"px","top":"0","right":"0","bottom":"0","left":"0","isLinked":""}},"elements":[],"isInner":false,"widgetType":"text-editor","elType":"widget"},{"id":"103f5069","settings":{"text":"more info","align":"left","size":"xs","icon":"fa fa-long-arrow-right","icon_align":"right","icon_indent":{"unit":"px","size":"30"},"typography_typography":"custom","typography_font_family":"Lora","typography_font_size":{"unit":"px","size":"18"},"typography_font_weight":"bold","typography_line_height":{"unit":"em","size":"2"},"button_text_color":"#48cfad","background_color":"#ffffff","border_radius":{"unit":"px","top":"0","right":"0","bottom":"0","left":"0","isLinked":"1"},"text_padding":{"unit":"px","top":"0","right":"0","bottom":"0","left":"0","isLinked":"1"},"_margin":{"unit":"px","top":"0","right":"0","bottom":"0","left":"0","isLinked":""},"_padding":{"unit":"px","top":"0","right":"0","bottom":"0","left":"0","isLinked":"1"},"_animation_delay":"400","_background_background":"classic","_animation":"fadeInUp","typography_font_size_tablet":{"unit":"px","size":"16"},"typography_line_height_tablet":{"unit":"em","size":"1"},"text_padding_tablet":{"unit":"px","top":"0","right":"0","bottom":"0","left":"0","isLinked":""},"typography_text_transform":"capitalize"},"elements":[],"isInner":false,"widgetType":"button","elType":"widget"}],"isInner":"","elType":"column"}],"isInner":"","elType":"section"},{"id":"5460e34d","settings":[],"elements":[{"id":"c75d955","settings":{"_column_size":"100","margin":{"unit":"px","top":"0","right":"0","bottom":"0","left":"0","isLinked":""},"padding":{"unit":"px","top":"0","right":"0","bottom":"0","left":"0","isLinked":""}},"elements":[{"id":"79c049d7","settings":{"space_tablet":{"unit":"px","size":"30"},"_margin":{"unit":"px","top":"0","right":"0","bottom":"0","left":"0","isLinked":""},"_margin_tablet":{"unit":"px","top":"0","right":"0","bottom":"0","left":"0","isLinked":""},"_padding":{"unit":"px","top":"0","right":"0","bottom":"0","left":"0","isLinked":""},"_padding_tablet":{"unit":"px","top":"0","right":"0","bottom":"0","left":"0","isLinked":""},"hide_desktop":"hidden-desktop","hide_mobile":"hidden-phone"},"elements":[],"isInner":false,"widgetType":"spacer","elType":"widget"}],"isInner":"","elType":"column"}],"isInner":"","elType":"section"},{"id":"59cc29f8","settings":{"content_width":{"unit":"px","size":"1280"},"hide_mobile":"hidden-phone","hide_tablet":"hidden-tablet"},"elements":[{"id":"437720b4","settings":{"_column_size":"100","margin":{"unit":"px","top":"0","right":"0","bottom":"0","left":"0","isLinked":"1"},"padding":{"unit":"px","top":"0","right":"0","bottom":"0","left":"0","isLinked":"1"}},"elements":[{"id":"12e69f8a","settings":{"weight":{"unit":"px","size":"2"},"color":"rgb(239, 239, 238)","gap":{"unit":"px","size":"85"},"_animation":"zoomIn","_animation_delay":"600","gap_tablet":{"unit":"px","size":"25"},"gap_mobile":{"unit":"px","size":"20"},"hide_mobile":"hidden-phone","text":"Divisor"},"elements":[],"isInner":false,"widgetType":"divider","elType":"widget"}],"isInner":"","elType":"column"}],"isInner":"","elType":"section"},{"id":"38cb36eb","settings":{"structure":"20","content_width":{"unit":"px","size":"1280"},"margin":{"unit":"px","top":"0","right":"0","bottom":"0","left":"0","isLinked":""},"padding":{"unit":"px","top":"0","right":"0","bottom":"0","left":"0","isLinked":""},"margin_mobile":{"unit":"px","top":"0","right":"0","bottom":"0","left":"0","isLinked":""},"padding_mobile":{"unit":"px","top":"0","right":"0","bottom":"0","left":"0","isLinked":""}},"elements":[{"id":"1921ead4","settings":{"_column_size":"50","_inline_size":"44","background_background":"classic","background_size":"cover","margin":{"unit":"px","top":"0","right":"0","bottom":"0","left":"0","isLinked":""},"padding":{"unit":"px","top":"0","right":"0","bottom":"0","left":"0","isLinked":"1"},"animation":"fadeInLeft","animation_duration":"slow","_inline_size_tablet":"50"},"elements":[{"id":"4392a552","settings":{"editor":"<strong>17<\/strong><br><i>oct<\/i>","align":"center","text_color":"#ffffff","typography_typography":"custom","typography_font_family":"Open Sans","typography_font_size":{"unit":"px","size":"20"},"typography_line_height":{"unit":"em","size":"1.2"},"_margin":{"unit":"px","top":"0","right":"0","bottom":"0","left":"0","isLinked":"1"},"_padding":{"unit":"px","top":"24","right":"0","bottom":"0","left":"0","isLinked":""},"_background_background":"classic","_css_classes":"envato-kit-62-label","typography_font_size_tablet":{"unit":"px","size":"18"},"typography_font_weight":"300","typography_text_transform":"uppercase"},"elements":[],"isInner":false,"widgetType":"text-editor","elType":"widget"},{"id":"5f194f54","settings":{"image":{"url":"http:\/\/sitefacilitado.com.br\/membros\/wp-content\/uploads\/2020\/03\/event-6-copyright.jpg","id":"4966"},"image_size":"full","width":{"unit":"%","size":"100"},"_margin":{"unit":"px","top":"0","right":"0","bottom":"0","left":"0","isLinked":""},"_padding":{"unit":"px","top":"0","right":"0","bottom":"0","left":"0","isLinked":""}},"elements":[],"isInner":false,"widgetType":"image","elType":"widget"}],"isInner":"","elType":"column"},{"id":"29a8abaf","settings":{"_column_size":"50","_inline_size":"64.34","content_position":"center","margin":{"unit":"px","top":"0","right":"0","bottom":"0","left":"0","isLinked":"1"},"padding":{"unit":"px","top":"0","right":"0","bottom":"0","left":"55","isLinked":""},"padding_tablet":{"unit":"px","top":"0","right":"30","bottom":"30","left":"30","isLinked":""},"_inline_size_tablet":"50","margin_mobile":{"unit":"px","top":"30","right":"0","bottom":"0","left":"0","isLinked":""}},"elements":[{"id":"79c36b00","settings":{"title":"Business Planning Workshop","title_color":"#1c393d","typography_typography":"custom","typography_font_family":"Open Sans","typography_font_size":{"unit":"px","size":"34"},"typography_font_weight":"bold","typography_text_transform":"uppercase","typography_line_height":{"unit":"em","size":"1.176"},"_animation":"fadeInRight","typography_font_size_tablet":{"unit":"px","size":"24"},"_margin":{"unit":"px","top":"0","right":"0","bottom":"0","left":"0","isLinked":""},"_padding":{"unit":"px","top":"0","right":"0","bottom":"0","left":"0","isLinked":"1"},"_margin_tablet":{"unit":"px","top":"-5","right":"0","bottom":"0","left":"0","isLinked":""},"_padding_tablet":{"unit":"px","top":"0","right":"0","bottom":"0","left":"0","isLinked":""}},"elements":[],"isInner":false,"widgetType":"heading","elType":"widget"},{"id":"d479f9e","settings":{"editor":"<p>Quisque sit amet sem libero. Donec tincidunt nibh at felis vehicula, nec viverra leo consequat. Sed viverra et interdum dui, id consequat neque scelerisque eu. Lorem ipsum dolor sit amet, consectetur adipiscing elit.<\/p><p>Etiam tincidunt consequat a quis tristique. Curabitur vehicula sagittis a vulputate. Cras facilisis est vel nisi ornare, vel mollis felis fermentum.<\/p>","text_color":"#747373","typography_typography":"custom","typography_font_family":"Lora","typography_font_size":{"unit":"px","size":"18"},"typography_line_height":{"unit":"em","size":"1.667"},"_animation":"fadeIn","_animation_delay":"200","typography_font_size_tablet":{"unit":"px","size":"16"},"typography_font_size_mobile":{"unit":"px","size":"14"},"_margin":{"unit":"px","top":"0","right":"0","bottom":"0","left":"0","isLinked":""},"_padding":{"unit":"px","top":"0","right":"0","bottom":"0","left":"0","isLinked":""},"typography_line_height_tablet":{"unit":"em","size":"1.4"},"_margin_tablet":{"unit":"px","top":"0","right":"0","bottom":"0","left":"0","isLinked":""},"_padding_tablet":{"unit":"px","top":"0","right":"0","bottom":"0","left":"0","isLinked":""}},"elements":[],"isInner":false,"widgetType":"text-editor","elType":"widget"},{"id":"7c429c2e","settings":{"text":"more info","align":"left","size":"xs","icon":"fa fa-long-arrow-right","icon_align":"right","icon_indent":{"unit":"px","size":"30"},"typography_typography":"custom","typography_font_family":"Lora","typography_font_size":{"unit":"px","size":"18"},"typography_font_weight":"bold","typography_line_height":{"unit":"em","size":"2"},"button_text_color":"#48cfad","background_color":"#ffffff","border_radius":{"unit":"px","top":"0","right":"0","bottom":"0","left":"0","isLinked":"1"},"text_padding":{"unit":"px","top":"0","right":"0","bottom":"0","left":"0","isLinked":"1"},"_margin":{"unit":"px","top":"0","right":"0","bottom":"0","left":"0","isLinked":""},"_padding":{"unit":"px","top":"0","right":"0","bottom":"0","left":"0","isLinked":"1"},"_animation_delay":"400","_background_background":"classic","_animation":"fadeInUp","typography_font_size_tablet":{"unit":"px","size":"16"},"typography_line_height_tablet":{"unit":"em","size":"1"},"text_padding_tablet":{"unit":"px","top":"0","right":"0","bottom":"0","left":"0","isLinked":""},"typography_text_transform":"capitalize"},"elements":[],"isInner":false,"widgetType":"button","elType":"widget"}],"isInner":"","elType":"column"}],"isInner":"","elType":"section"},{"id":"75e18f7","settings":{"hide_desktop":"hidden-desktop","hide_mobile":"hidden-phone"},"elements":[{"id":"1d798fe0","settings":{"_column_size":"100","margin_tablet":{"unit":"px","top":"0","right":"0","bottom":"0","left":"0","isLinked":""},"padding_tablet":{"unit":"px","top":"0","right":"0","bottom":"0","left":"0","isLinked":""}},"elements":[{"id":"70688426","settings":{"space_tablet":{"unit":"px","size":"30"},"_margin_tablet":{"unit":"px","top":"0","right":"0","bottom":"0","left":"0","isLinked":""},"_padding_tablet":{"unit":"px","top":"0","right":"0","bottom":"0","left":"0","isLinked":""}},"elements":[],"isInner":false,"widgetType":"spacer","elType":"widget"}],"isInner":"","elType":"column"}],"isInner":"","elType":"section"},{"id":"63af9db8","settings":{"content_width":{"unit":"px","size":"1280"},"hide_mobile":"hidden-phone","hide_tablet":"hidden-tablet"},"elements":[{"id":"204aca6e","settings":{"_column_size":"100","margin":{"unit":"px","top":"0","right":"0","bottom":"0","left":"0","isLinked":"1"},"padding":{"unit":"px","top":"0","right":"0","bottom":"0","left":"0","isLinked":"1"}},"elements":[{"id":"52029802","settings":{"weight":{"unit":"px","size":"2"},"color":"rgb(239, 239, 238)","gap":{"unit":"px","size":"85"},"_animation":"zoomIn","_animation_delay":"600","gap_tablet":{"unit":"px","size":"25"},"gap_mobile":{"unit":"px","size":"20"},"hide_mobile":"hidden-phone","text":"Divisor"},"elements":[],"isInner":false,"widgetType":"divider","elType":"widget"}],"isInner":"","elType":"column"}],"isInner":"","elType":"section"},{"id":"2125d817","settings":{"structure":"20","content_width":{"unit":"px","size":"1280"},"margin":{"unit":"px","top":"0","right":"0","bottom":"0","left":"0","isLinked":""},"padding":{"unit":"px","top":"0","right":"0","bottom":"0","left":"0","isLinked":""},"margin_mobile":{"unit":"px","top":"0","right":"0","bottom":"0","left":"0","isLinked":""}},"elements":[{"id":"6df67935","settings":{"_column_size":"50","_inline_size":"44","background_background":"classic","background_size":"cover","margin":{"unit":"px","top":"0","right":"0","bottom":"0","left":"0","isLinked":""},"padding":{"unit":"px","top":"0","right":"0","bottom":"0","left":"0","isLinked":"1"},"animation":"fadeInLeft","animation_duration":"slow","_inline_size_tablet":"50"},"elements":[{"id":"3cad157d","settings":{"editor":"<strong>19<\/strong><br><i>oct<\/i>","align":"center","text_color":"#ffffff","typography_typography":"custom","typography_font_family":"Open Sans","typography_font_size":{"unit":"px","size":"20"},"typography_line_height":{"unit":"em","size":"1.2"},"_margin":{"unit":"px","top":"0","right":"0","bottom":"0","left":"0","isLinked":"1"},"_padding":{"unit":"px","top":"24","right":"0","bottom":"0","left":"0","isLinked":""},"_background_background":"classic","_css_classes":"envato-kit-62-label","typography_font_size_tablet":{"unit":"px","size":"18"},"typography_font_weight":"300","typography_text_transform":"uppercase"},"elements":[],"isInner":false,"widgetType":"text-editor","elType":"widget"},{"id":"ba6dd73","settings":{"image":{"url":"http:\/\/sitefacilitado.com.br\/membros\/wp-content\/uploads\/2020\/03\/event-7-copyright.jpg","id":"4967"},"image_size":"full","width":{"unit":"%","size":"100"},"_margin":{"unit":"px","top":"0","right":"0","bottom":"0","left":"0","isLinked":""},"_padding":{"unit":"px","top":"0","right":"0","bottom":"0","left":"0","isLinked":""}},"elements":[],"isInner":false,"widgetType":"image","elType":"widget"}],"isInner":"","elType":"column"},{"id":"413b6fd8","settings":{"_column_size":"50","_inline_size":"64.34","content_position":"center","margin":{"unit":"px","top":"0","right":"0","bottom":"0","left":"0","isLinked":"1"},"padding":{"unit":"px","top":"0","right":"0","bottom":"0","left":"55","isLinked":""},"padding_tablet":{"unit":"px","top":"0","right":"30","bottom":"0","left":"30","isLinked":""},"_inline_size_tablet":"50","margin_mobile":{"unit":"px","top":"30","right":"0","bottom":"0","left":"0","isLinked":""}},"elements":[{"id":"69deb6f2","settings":{"title":"Strategic Marketing seminar","title_color":"#1c393d","typography_typography":"custom","typography_font_family":"Open Sans","typography_font_size":{"unit":"px","size":"34"},"typography_font_weight":"bold","typography_text_transform":"uppercase","typography_line_height":{"unit":"em","size":"1.176"},"_animation":"fadeInRight","typography_font_size_tablet":{"unit":"px","size":"24"},"_margin":{"unit":"px","top":"0","right":"0","bottom":"0","left":"0","isLinked":""},"_padding":{"unit":"px","top":"0","right":"0","bottom":"0","left":"0","isLinked":""},"_margin_tablet":{"unit":"px","top":"-5","right":"0","bottom":"0","left":"0","isLinked":""},"_padding_tablet":{"unit":"px","top":"0","right":"0","bottom":"0","left":"0","isLinked":""}},"elements":[],"isInner":false,"widgetType":"heading","elType":"widget"},{"id":"46dc6b16","settings":{"editor":"<p>Quisque sit amet sem libero. Donec tincidunt nibh at felis vehicula, nec viverra leo consequat. Sed viverra et interdum dui, id consequat neque scelerisque eu. Lorem ipsum dolor sit amet, consectetur adipiscing elit.<\/p><p>Etiam tincidunt consequat a quis tristique. Curabitur vehicula sagittis a vulputate. Cras facilisis est vel nisi ornare, vel mollis felis fermentum.<\/p>","text_color":"#747373","typography_typography":"custom","typography_font_family":"Lora","typography_font_size":{"unit":"px","size":"18"},"typography_line_height":{"unit":"em","size":"1.667"},"_animation":"fadeIn","_animation_delay":"200","typography_font_size_tablet":{"unit":"px","size":"16"},"typography_font_size_mobile":{"unit":"px","size":"14"},"_margin":{"unit":"px","top":"0","right":"0","bottom":"0","left":"0","isLinked":""},"_padding":{"unit":"px","top":"0","right":"0","bottom":"0","left":"0","isLinked":""},"typography_line_height_tablet":{"unit":"em","size":"1.4"}},"elements":[],"isInner":false,"widgetType":"text-editor","elType":"widget"},{"id":"7cc56a0","settings":{"text":"more info","align":"left","size":"xs","icon":"fa fa-long-arrow-right","icon_align":"right","icon_indent":{"unit":"px","size":"30"},"typography_typography":"custom","typography_font_family":"Lora","typography_font_size":{"unit":"px","size":"18"},"typography_font_weight":"bold","typography_line_height":{"unit":"em","size":"2"},"button_text_color":"#48cfad","background_color":"#ffffff","border_radius":{"unit":"px","top":"0","right":"0","bottom":"0","left":"0","isLinked":"1"},"text_padding":{"unit":"px","top":"0","right":"0","bottom":"0","left":"0","isLinked":"1"},"_margin":{"unit":"px","top":"0","right":"0","bottom":"0","left":"0","isLinked":""},"_padding":{"unit":"px","top":"0","right":"0","bottom":"0","left":"0","isLinked":"1"},"_animation_delay":"400","_background_background":"classic","_animation":"fadeInUp","typography_font_size_tablet":{"unit":"px","size":"16"},"typography_line_height_tablet":{"unit":"em","size":"1"},"typography_text_transform":"capitalize","text_padding_tablet":{"unit":"px","top":"0","right":"0","bottom":"0","left":"0","isLinked":""}},"elements":[],"isInner":false,"widgetType":"button","elType":"widget"}],"isInner":"","elType":"column"}],"isInner":"","elType":"section"},{"id":"708eee25","settings":[],"elements":[{"id":"5520cc38","settings":{"_column_size":"100","margin":{"unit":"px","top":"0","right":"0","bottom":"0","left":"0","isLinked":"1"},"padding":{"unit":"px","top":"0","right":"0","bottom":"0","left":"0","isLinked":"1"}},"elements":[{"id":"159f6c39","settings":{"space":{"unit":"px","size":"130"},"space_tablet":{"unit":"px","size":"80"},"space_mobile":{"unit":"px","size":"50"}},"elements":[],"isInner":false,"widgetType":"spacer","elType":"widget"}],"isInner":"","elType":"column"}],"isInner":"","elType":"section"},{"id":"38842bdc","settings":{"stretch_section":"section-stretched","background_background":"classic","background_color":"#efefee","padding":{"unit":"px","top":"125","right":"0","bottom":"125","left":"0","isLinked":""},"padding_tablet":{"unit":"px","top":"80","right":"0","bottom":"80","left":"0","isLinked":""},"padding_mobile":{"unit":"px","top":"50","right":"0","bottom":"50","left":"0","isLinked":""},"content_width":{"unit":"px","size":"1340"},"margin":{"unit":"px","top":"0","right":"0","bottom":"0","left":"0","isLinked":""}},"elements":[{"id":"40dd2a32","settings":{"_column_size":"100","margin":{"unit":"px","top":"0","right":"0","bottom":"0","left":"0","isLinked":""},"padding":{"unit":"px","top":"0","right":"015","bottom":"0","left":"15","isLinked":""}},"elements":[{"id":"119b56ac","settings":{"title":"gallery","header_size":"h6","align":"center","title_color":"#1c393d","typography_typography":"custom","typography_font_family":"Lora","typography_font_size":{"unit":"px","size":"20"},"typography_font_style":"italic","_padding":{"unit":"px","top":"0","right":"0","bottom":"0","left":"65","isLinked":""},"_animation":"fadeInDown","typography_font_weight":"300","_css_classes":"envato-kit-62-ttl-green","typography_text_transform":"capitalize"},"elements":[],"isInner":false,"widgetType":"heading","elType":"widget"},{"id":"12c3a112","settings":{"title":"PAST EVENTS","align":"center","title_color":"#1c393d","typography_typography":"custom","typography_font_family":"Open Sans","typography_font_size":{"unit":"px","size":"52"},"typography_font_weight":"bold","typography_text_transform":"uppercase","typography_line_height":{"unit":"em","size":"1.154"},"_animation":"fadeInUp","_animation_delay":"200","typography_font_size_tablet":{"unit":"px","size":"32"},"typography_font_size_mobile":{"unit":"px","size":"22"},"_margin":{"unit":"px","top":"0","right":"0","bottom":"0","left":"0","isLinked":""},"_padding":{"unit":"px","top":"08","right":"0","bottom":"0","left":"0","isLinked":""},"_margin_tablet":{"unit":"px","top":"0","right":"0","bottom":"0","left":"0","isLinked":""},"_padding_tablet":{"unit":"px","top":"0","right":"0","bottom":"0","left":"0","isLinked":""}},"elements":[],"isInner":false,"widgetType":"heading","elType":"widget"},{"id":"5a8b7e7e","settings":{"structure":"40","animation":"fadeInLeft","animation_delay":"400","layout":"full_width","margin":{"unit":"px","top":"0","right":"0","bottom":"0","left":"0","isLinked":""},"padding":{"unit":"px","top":"5","right":"0","bottom":"0","left":"0","isLinked":""},"margin_tablet":{"unit":"px","top":"0","right":"0","bottom":"0","left":"0","isLinked":""},"margin_mobile":{"unit":"px","top":"0","right":"0","bottom":"0","left":"0","isLinked":""},"padding_tablet":{"unit":"px","top":"0","right":"0","bottom":"0","left":"0","isLinked":""},"padding_mobile":{"unit":"px","top":"0","right":"0","bottom":"0","left":"0","isLinked":""}},"elements":[{"id":"759452cf","settings":{"_column_size":"25","margin":{"unit":"px","top":"0","right":"0","bottom":"0","left":"0","isLinked":""},"padding":{"unit":"px","top":"15","right":"15","bottom":"15","left":"15","isLinked":"1"},"margin_mobile":{"unit":"px","top":"0","right":"0","bottom":"0","left":"0","isLinked":""},"padding_mobile":{"unit":"px","top":"015","right":"15","bottom":"015","left":"15","isLinked":""},"_inline_size_mobile":"50"},"elements":[{"id":"e40fbd2","settings":{"image":{"url":"http:\/\/sitefacilitado.com.br\/membros\/wp-content\/uploads\/2020\/03\/gallery-1-copyright.jpg","id":"4968"},"image_size":"full","width":{"unit":"%","size":"100"},"link_to":"file","hover_animation":"shrink","opacity_hover":{"unit":"px","size":"1"},"css_filters_hover_blur":{"unit":"px","size":"3.1"},"css_filters_hover_saturate":{"unit":"px","size":"85"},"background_hover_transition":{"unit":"px","size":"0.7"}},"elements":[],"isInner":false,"widgetType":"image","elType":"widget"}],"isInner":"1","elType":"column"},{"id":"767a37fd","settings":{"_column_size":"25","margin":{"unit":"px","top":"0","right":"0","bottom":"0","left":"0","isLinked":""},"padding":{"unit":"px","top":"15","right":"15","bottom":"15","left":"15","isLinked":"1"},"_inline_size_mobile":"50"},"elements":[{"id":"4b486f9a","settings":{"image":{"url":"http:\/\/sitefacilitado.com.br\/membros\/wp-content\/uploads\/2020\/03\/gallery-2-copyright.jpg","id":"4969"},"image_size":"full","width":{"unit":"%","size":"100"},"link_to":"file","hover_animation":"shrink","opacity_hover":{"unit":"px","size":"1"},"css_filters_hover_blur":{"unit":"px","size":"3.1"},"css_filters_hover_saturate":{"unit":"px","size":"85"},"background_hover_transition":{"unit":"px","size":"0.7"}},"elements":[],"isInner":false,"widgetType":"image","elType":"widget"}],"isInner":"1","elType":"column"},{"id":"79631287","settings":{"_column_size":"25","margin":{"unit":"px","top":"0","right":"0","bottom":"0","left":"0","isLinked":""},"padding":{"unit":"px","top":"15","right":"15","bottom":"15","left":"15","isLinked":"1"},"_inline_size_mobile":"50"},"elements":[{"id":"5624b26f","settings":{"image":{"url":"http:\/\/sitefacilitado.com.br\/membros\/wp-content\/uploads\/2020\/03\/gallery-3-copyright.jpg","id":"4970"},"image_size":"full","width":{"unit":"%","size":"100"},"link_to":"file","hover_animation":"shrink","opacity_hover":{"unit":"px","size":"1"},"css_filters_hover_blur":{"unit":"px","size":"3.1"},"css_filters_hover_saturate":{"unit":"px","size":"85"},"background_hover_transition":{"unit":"px","size":"0.7"}},"elements":[],"isInner":false,"widgetType":"image","elType":"widget"}],"isInner":"1","elType":"column"},{"id":"16a0cfc9","settings":{"_column_size":"25","margin":{"unit":"px","top":"0","right":"0","bottom":"0","left":"0","isLinked":""},"padding":{"unit":"px","top":"15","right":"15","bottom":"15","left":"15","isLinked":"1"},"_inline_size_mobile":"50"},"elements":[{"id":"c0ad489","settings":{"image":{"url":"http:\/\/sitefacilitado.com.br\/membros\/wp-content\/uploads\/2020\/03\/gallery-4-copyright.jpg","id":"4971"},"image_size":"full","width":{"unit":"%","size":"100"},"link_to":"file","hover_animation":"shrink","opacity_hover":{"unit":"px","size":"1"},"css_filters_hover_blur":{"unit":"px","size":"3.1"},"css_filters_hover_saturate":{"unit":"px","size":"85"},"background_hover_transition":{"unit":"px","size":"0.7"}},"elements":[],"isInner":false,"widgetType":"image","elType":"widget"}],"isInner":"1","elType":"column"}],"isInner":"1","elType":"section"},{"id":"4546427e","settings":{"structure":"40","animation":"fadeInRight","animation_delay":"600","layout":"full_width","margin":{"unit":"px","top":"0","right":"0","bottom":"0","left":"0","isLinked":""},"padding":{"unit":"px","top":"0","right":"0","bottom":"0","left":"0","isLinked":""}},"elements":[{"id":"67690f4d","settings":{"_column_size":"25","margin":{"unit":"px","top":"0","right":"0","bottom":"0","left":"0","isLinked":""},"padding":{"unit":"px","top":"15","right":"15","bottom":"15","left":"15","isLinked":"1"},"_inline_size_mobile":"50"},"elements":[{"id":"3402e5ed","settings":{"image":{"url":"http:\/\/sitefacilitado.com.br\/membros\/wp-content\/uploads\/2020\/03\/gallery-5-copyright.jpg","id":"4972"},"image_size":"full","width":{"unit":"%","size":"100"},"link_to":"file","hover_animation":"shrink","opacity_hover":{"unit":"px","size":"1"},"css_filters_hover_blur":{"unit":"px","size":"3.1"},"css_filters_hover_saturate":{"unit":"px","size":"85"},"background_hover_transition":{"unit":"px","size":"0.7"}},"elements":[],"isInner":false,"widgetType":"image","elType":"widget"}],"isInner":"1","elType":"column"},{"id":"777ccda9","settings":{"_column_size":"25","margin":{"unit":"px","top":"0","right":"0","bottom":"0","left":"0","isLinked":""},"padding":{"unit":"px","top":"15","right":"15","bottom":"15","left":"15","isLinked":"1"},"_inline_size_mobile":"50"},"elements":[{"id":"7ee3d2fe","settings":{"image":{"url":"http:\/\/sitefacilitado.com.br\/membros\/wp-content\/uploads\/2020\/03\/gallery-6-copyright.jpg","id":"4973"},"image_size":"full","width":{"unit":"%","size":"100"},"link_to":"file","hover_animation":"shrink","opacity_hover":{"unit":"px","size":"1"},"css_filters_hover_blur":{"unit":"px","size":"3.1"},"css_filters_hover_saturate":{"unit":"px","size":"85"},"background_hover_transition":{"unit":"px","size":"0.7"}},"elements":[],"isInner":false,"widgetType":"image","elType":"widget"}],"isInner":"1","elType":"column"},{"id":"482a65ee","settings":{"_column_size":"25","margin":{"unit":"px","top":"0","right":"0","bottom":"0","left":"0","isLinked":""},"padding":{"unit":"px","top":"15","right":"15","bottom":"15","left":"15","isLinked":"1"},"_inline_size_mobile":"50"},"elements":[{"id":"195497ac","settings":{"image":{"url":"http:\/\/sitefacilitado.com.br\/membros\/wp-content\/uploads\/2020\/03\/gallery-7-copyright.jpg","id":"4974"},"image_size":"full","width":{"unit":"%","size":"100"},"link_to":"file","hover_animation":"shrink","opacity_hover":{"unit":"px","size":"1"},"css_filters_hover_blur":{"unit":"px","size":"3.1"},"css_filters_hover_saturate":{"unit":"px","size":"85"},"background_hover_transition":{"unit":"px","size":"0.7"}},"elements":[],"isInner":false,"widgetType":"image","elType":"widget"}],"isInner":"1","elType":"column"},{"id":"6820f81","settings":{"_column_size":"25","margin":{"unit":"px","top":"0","right":"0","bottom":"0","left":"0","isLinked":""},"padding":{"unit":"px","top":"15","right":"15","bottom":"15","left":"15","isLinked":"1"},"_inline_size_mobile":"50"},"elements":[{"id":"13287d49","settings":{"image":{"url":"http:\/\/sitefacilitado.com.br\/membros\/wp-content\/uploads\/2020\/03\/gallery-8-copyright.jpg","id":"4975"},"image_size":"full","width":{"unit":"%","size":"100"},"link_to":"file","hover_animation":"shrink","opacity_hover":{"unit":"px","size":"1"},"css_filters_hover_blur":{"unit":"px","size":"3.1"},"css_filters_hover_saturate":{"unit":"px","size":"85"},"background_hover_transition":{"unit":"px","size":"0.7"}},"elements":[],"isInner":false,"widgetType":"image","elType":"widget"}],"isInner":"1","elType":"column"}],"isInner":"1","elType":"section"},{"id":"a20db79","settings":{"space":{"unit":"px","size":"30"},"_margin":{"unit":"px","top":"0","right":"0","bottom":"0","left":"0","isLinked":""},"_padding":{"unit":"px","top":"0","right":"0","bottom":"0","left":"0","isLinked":""},"space_tablet":{"unit":"px","size":"30"},"space_mobile":{"unit":"px","size":"15"}},"elements":[],"isInner":false,"widgetType":"spacer","elType":"widget"},{"id":"58704f04","settings":{"text":"view all ","align":"center","size":"xl","typography_typography":"custom","typography_font_family":"Lora","typography_font_size":{"unit":"px","size":"18"},"typography_font_weight":"bold","typography_line_height":{"unit":"em","size":"4"},"button_text_color":"#ffffff","background_color":"#48cfad","border_radius":{"unit":"px","top":"0","right":"0","bottom":"0","left":"0","isLinked":"1"},"text_padding":{"unit":"px","top":"0","right":"50","bottom":"0","left":"50","isLinked":""},"_animation":"fadeInUp","_animation_delay":"800","_background_background":"classic","typography_font_size_tablet":{"unit":"px","size":"16"},"typography_font_size_mobile":{"unit":"px","size":"14"},"_margin_tablet":{"unit":"px","top":"0","right":"0","bottom":"0","left":"0","isLinked":""},"_padding_tablet":{"unit":"px","top":"0","right":"0","bottom":"0","left":"0","isLinked":""},"typography_text_transform":"capitalize"},"elements":[],"isInner":false,"widgetType":"button","elType":"widget"}],"isInner":"","elType":"column"}],"isInner":"","elType":"section"}]}