{"content":[{"id":"6abac92","settings":{"height":"full","custom_height":{"unit":"vh","size":90},"structure":"20","background_background":"classic","background_image":{"id":"3397","url":"https:\/\/cliente.shazamlnv.com\/setasolar\/wp-content\/uploads\/2022\/04\/mimi-thian-736996-unsplash.jpg"},"background_position":"center center","background_attachment":"fixed","background_repeat":"no-repeat","background_size":"cover","background_overlay_background":"classic","background_overlay_color":"#11243a","background_overlay_opacity":{"unit":"px","size":0.60999999999999998667732370449812151491641998291015625},"gap":"wider","content_width":{"unit":"px","size":1040},"html_tag":"header","padding_mobile":{"unit":"em","top":"3","right":"1","bottom":"3","left":"1","isLinked":false}},"elements":[{"id":"63f01444","settings":{"_column_size":50,"_inline_size":null,"background_background":"classic","border_radius":{"unit":"%","top":"100","right":"100","bottom":"100","left":"100","isLinked":true},"margin":{"unit":"%","top":"","right":"","bottom":"","left":"","isLinked":true},"animation":"fadeIn"},"elements":[{"id":"655e687e","settings":{"gap":"no"},"elements":[{"id":"28ebb832","settings":{"_column_size":100,"_inline_size":null},"elements":[{"id":"2a8d8c67","settings":{"weight":{"unit":"px","size":4},"color":"#e3a72f","width":{"unit":"px","size":64},"gap":{"unit":"px","size":8},"_animation_delay":50,"text":"Divider"},"elements":[],"isInner":false,"widgetType":"divider","elType":"widget"},{"id":"1a91ae51","settings":{"title":"Green Valley International School.","title_color":"#ffffff","typography_typography":"custom","typography_font_family":"Muli","typography_font_size":{"unit":"px","size":48},"typography_font_weight":"700","typography_line_height":{"unit":"em","size":1.1666000000000000813571432445314712822437286376953125},"typography_letter_spacing":{"unit":"px","size":-0.1499999999999999944488848768742172978818416595458984375},"header_size":"h1","_animation_delay":70,"typography_font_size_mobile":{"unit":"px","size":34}},"elements":[],"isInner":false,"widgetType":"heading","elType":"widget"},{"id":"209c2be3","settings":{"title":"We strive to provide highest quality education, bridging your child's success with well formed infrastructure of knowledge and resources.","header_size":"h3","title_color":"#ffffff","typography_typography":"custom","typography_font_size":{"unit":"px","size":20},"typography_font_weight":"300","typography_line_height":{"unit":"em","size":1.399999999999999911182158029987476766109466552734375},"typography_font_family":"Muli","_margin":{"unit":"px","top":"0","right":"0","bottom":"32","left":"0","isLinked":false},"_animation_delay":80,"typography_font_size_mobile":{"unit":"px","size":16}},"elements":[],"isInner":false,"widgetType":"heading","elType":"widget"}],"isInner":true,"elType":"column"}],"isInner":true,"elType":"section"},{"id":"2965a140","settings":{"gap":"no"},"elements":[{"id":"629b2029","settings":{"_column_size":100,"_inline_size":null,"animation_delay":100},"elements":[{"id":"5e77c546","settings":{"text":"New Admission","icon_indent":{"unit":"px","size":12},"typography_font_size":{"unit":"px","size":14},"typography_font_weight":"600","typography_line_height":{"unit":"em","size":1},"typography_letter_spacing":{"unit":"px","size":0.1499999999999999944488848768742172978818416595458984375},"background_color":"#e3a72f","border_border":"solid","border_width":{"unit":"px","top":"1","right":"1","bottom":"1","left":"1","isLinked":true},"border_color":"#e3a72f","border_radius":{"unit":"px","top":"30","right":"30","bottom":"30","left":"30","isLinked":true},"text_padding":{"unit":"em","top":"","right":"","bottom":"","left":"","isLinked":false},"_css_classes":"envato-kit-83-inline-block","button_background_hover_color":"rgba(255,255,255,0)","button_hover_border_color":"#e3a72f","_margin":{"unit":"px","top":"0","right":"8","bottom":"0","left":"0","isLinked":false},"size":"md","typography_typography":"custom","typography_font_family":"Muli","hover_color":"#e3a72f","icon":"fa fa-user","selected_icon":{"value":"fas fa-user","library":"fa-solid"},"_element_width":"auto","__fa4_migrated":{"selected_icon":true}},"elements":[],"isInner":false,"widgetType":"button","elType":"widget"},{"id":"34e08313","settings":{"text":"Prospectus","icon_indent":{"unit":"px","size":12},"typography_font_size":{"unit":"px","size":14},"typography_font_weight":"600","typography_line_height":{"unit":"em","size":1},"typography_letter_spacing":{"unit":"px","size":0.1499999999999999944488848768742172978818416595458984375},"background_color":"#ffffff","border_border":"solid","border_width":{"unit":"px","top":"1","right":"1","bottom":"1","left":"1","isLinked":true},"border_radius":{"unit":"px","top":"30","right":"30","bottom":"30","left":"30","isLinked":true},"text_padding":{"unit":"em","top":"","right":"","bottom":"","left":"","isLinked":false},"_css_classes":"envato-kit-83-inline-block","icon":"fa fa-long-arrow-right","icon_align":"right","button_text_color":"#333333","hover_color":"#ffffff","button_background_hover_color":"rgba(255,255,255,0)","button_hover_border_color":"#ffffff","border_color":"#ffffff","size":"md","typography_typography":"custom","typography_font_family":"Muli","selected_icon":{"value":"fas fa-long-arrow-alt-right","library":"fa-solid"},"_element_width":"auto","__fa4_migrated":{"selected_icon":true}},"elements":[],"isInner":false,"widgetType":"button","elType":"widget"}],"isInner":true,"elType":"column"}],"isInner":true,"elType":"section"}],"isInner":false,"elType":"column"},{"id":"9830d72","settings":{"_column_size":50,"_inline_size":null},"elements":[],"isInner":false,"elType":"column"}],"isInner":false,"elType":"section"},{"id":"5526da66","settings":{"custom_height":{"unit":"vh","size":90},"structure":"20","background_background":"classic","background_position":"center center","background_attachment":"fixed","background_repeat":"no-repeat","background_size":"cover","background_overlay_background":"classic","background_overlay_opacity":{"unit":"px","size":0.40000000000000002220446049250313080847263336181640625},"gap":"wider","content_position":"middle","padding":{"unit":"px","top":"70","right":"0","bottom":"80","left":"0","isLinked":false},"content_width":{"unit":"px","size":1040},"column_position":"top","padding_mobile":{"unit":"em","top":"2","right":"1","bottom":"3","left":"1","isLinked":false},"background_color":"#ffffff"},"elements":[{"id":"50493538","settings":{"_column_size":50,"_inline_size":null},"elements":[{"id":"7e209dbe","settings":{"structure":"20","gap":"no"},"elements":[{"id":"3e36a5ff","settings":{"_column_size":50,"_inline_size":50,"animation_delay":200},"elements":[{"id":"69b8b77e","settings":{"image":{"id":"3398","url":"https:\/\/cliente.shazamlnv.com\/setasolar\/wp-content\/uploads\/2022\/04\/sean-kong-501282-unsplash.jpg"},"image_size":"custom","image_custom_dimension":{"width":"400","height":"606"},"image_border_radius":{"unit":"%","top":"","right":"","bottom":"","left":"","isLinked":true},"_margin":{"unit":"px","top":"2","right":"2","bottom":"2","left":"2","isLinked":true},"_margin_mobile":{"unit":"px","top":"0","right":"0","bottom":"4","left":"0","isLinked":false},"_animation":"fadeIn","_animation_delay":100,"_padding":{"unit":"em","top":"","right":"","bottom":"","left":"","isLinked":true}},"elements":[],"isInner":false,"widgetType":"image","elType":"widget"}],"isInner":true,"elType":"column"},{"id":"31f7579","settings":{"_column_size":50,"_inline_size":50,"space_between_widgets":0,"animation_delay":300},"elements":[{"id":"dadfbaf","settings":{"image":{"id":"3399","url":"https:\/\/cliente.shazamlnv.com\/setasolar\/wp-content\/uploads\/2022\/04\/action-athlete-athletes-267761.jpg"},"image_size":"custom","image_custom_dimension":{"width":"400","height":"300"},"image_border_radius":{"unit":"%","top":"","right":"","bottom":"","left":"","isLinked":true},"_animation_delay":200,"align":"left","image_box_shadow_box_shadow":{"horizontal":0,"vertical":0,"blur":10,"spread":0,"color":"rgba(0,0,0,0.12)"},"_margin":{"unit":"px","top":"2","right":"2","bottom":"4","left":"2","isLinked":false},"_animation":"fadeIn"},"elements":[],"isInner":false,"widgetType":"image","elType":"widget"},{"id":"465997b","settings":{"image":{"id":"3400","url":"https:\/\/cliente.shazamlnv.com\/setasolar\/wp-content\/uploads\/2022\/04\/rawpixel-683571-unsplash.jpg"},"image_size":"custom","image_custom_dimension":{"width":"400","height":"300"},"image_border_radius":{"unit":"%","top":"","right":"","bottom":"","left":"","isLinked":true},"css_filters_hue":{"unit":"px","size":141},"image_box_shadow_box_shadow":{"horizontal":0,"vertical":0,"blur":10,"spread":0,"color":"rgba(0,0,0,0.24)"},"_margin":{"unit":"px","top":"0","right":"2","bottom":"2","left":"2","isLinked":false},"_animation":"fadeIn","_animation_delay":300},"elements":[],"isInner":false,"widgetType":"image","elType":"widget"}],"isInner":true,"elType":"column"}],"isInner":true,"elType":"section"}],"isInner":false,"elType":"column"},{"id":"7560f6bc","settings":{"_column_size":50,"_inline_size":null,"background_background":"classic","border_radius":{"unit":"%","top":"100","right":"100","bottom":"100","left":"100","isLinked":true},"margin":{"unit":"%","top":"","right":"","bottom":"","left":"","isLinked":true},"animation":"fadeIn","animation_delay":400},"elements":[{"id":"244d3cc0","settings":{"gap":"no"},"elements":[{"id":"360b1ace","settings":{"_column_size":100,"_inline_size":null},"elements":[{"id":"389417dc","settings":{"title":"A place to learn and grow together","title_color":"#203b6a","typography_typography":"custom","typography_font_family":"Muli","typography_font_size":{"unit":"px","size":34},"typography_font_weight":"700","typography_line_height":{"unit":"em","size":1.3300000000000000710542735760100185871124267578125},"typography_letter_spacing":{"unit":"px","size":-0.1499999999999999944488848768742172978818416595458984375},"typography_font_size_mobile":{"unit":"px","size":24}},"elements":[],"isInner":false,"widgetType":"heading","elType":"widget"},{"id":"187195f","settings":{"title":"Lorem ipsum dolor sit amet, consectetur adipiscing elit. Vestibulum eleifend turpis a efficitur porttitor quisque euismod lacus.","header_size":"h3","title_color":"#444444","typography_typography":"custom","typography_font_size":{"unit":"px","size":20},"typography_font_weight":"400","typography_line_height":{"unit":"em","size":1.399999999999999911182158029987476766109466552734375},"typography_font_family":"Muli","_margin":{"unit":"px","top":"0","right":"0","bottom":"0","left":"0","isLinked":false},"typography_font_size_mobile":{"unit":"px","size":16}},"elements":[],"isInner":false,"widgetType":"heading","elType":"widget"},{"id":"76b9fbdc","settings":{"editor":"<p>Aenean eu erat lectus. Vivamus faucibus lorem in nisl auctor, bibendum lobortis tellus vulputate. Mauris aliquam justo eu accumsan lacinia. Donec scelerisque luctus urna vitae pellentesque egestas rhoncus.<\/p>","typography_typography":"custom","typography_font_size":{"unit":"px","size":14},"typography_line_height":{"unit":"em","size":1.75},"_margin":{"unit":"px","top":"0","right":"0","bottom":"24","left":"0","isLinked":false},"text_color":"#666666"},"elements":[],"isInner":false,"widgetType":"text-editor","elType":"widget"}],"isInner":true,"elType":"column"}],"isInner":true,"elType":"section"},{"id":"56742a54","settings":{"gap":"no"},"elements":[{"id":"69a12ecf","settings":{"_column_size":100,"_inline_size":null},"elements":[{"id":"6deadbeb","settings":{"text":"About us","icon_indent":{"unit":"px","size":12},"typography_font_size":{"unit":"px","size":14},"typography_font_weight":"600","typography_line_height":{"unit":"em","size":1},"typography_letter_spacing":{"unit":"px","size":0.1499999999999999944488848768742172978818416595458984375},"background_color":"#ffffff","border_border":"solid","border_width":{"unit":"px","top":"1","right":"1","bottom":"1","left":"1","isLinked":true},"border_color":"#ffffff","border_radius":{"unit":"px","top":"30","right":"30","bottom":"30","left":"30","isLinked":true},"text_padding":{"unit":"em","top":"","right":"","bottom":"","left":"","isLinked":false},"_css_classes":"envato-kit-83-inline-block","icon":"fa fa-long-arrow-right","button_background_hover_color":"rgba(255,255,255,0)","button_hover_border_color":"#ffffff","icon_align":"right","typography_font_family":"Muli","hover_color":"#000000","size":"md","typography_typography":"custom","button_text_color":"#203b6a","_animation":"none","selected_icon":{"value":"fas fa-long-arrow-alt-right","library":"fa-solid"}},"elements":[],"isInner":false,"widgetType":"button","elType":"widget"}],"isInner":true,"elType":"column"}],"isInner":true,"elType":"section"}],"isInner":false,"elType":"column"}],"isInner":false,"elType":"section"},{"id":"f2e3bae","settings":{"padding":{"unit":"px","top":"100","right":"0","bottom":"30","left":"0","isLinked":false},"background_image":{"id":"3401","url":"https:\/\/cliente.shazamlnv.com\/setasolar\/wp-content\/uploads\/2022\/04\/architecture-building-clouds-207648.jpg"},"background_position":"center center","background_attachment":"fixed","background_repeat":"no-repeat","background_size":"cover","background_overlay_color":"#f7f9fa","background_overlay_opacity":{"unit":"px","size":0.979999999999999982236431605997495353221893310546875},"content_width":{"unit":"px","size":1040},"gap":"no","text_align":"center","background_background":"classic","background_color":"#f7f9fa","background_overlay_background":"classic","padding_mobile":{"unit":"em","top":"3","right":"1","bottom":"0","left":"1","isLinked":false}},"elements":[{"id":"15d41682","settings":{"_column_size":100},"elements":[{"id":"4a10d719","settings":{"title":"Why Green Valley","typography_typography":"custom","typography_font_family":"Muli","typography_font_size":{"unit":"px","size":34},"typography_font_weight":"600","title_color":"#203b6a","typography_letter_spacing":{"unit":"px","size":-0.5},"typography_line_height":{"unit":"em","size":1.1759999999999999342747969421907328069210052490234375},"_margin":{"unit":"%","top":"","right":"","bottom":"","left":"","isLinked":false},"_animation":"fadeIn","_animation_delay":100,"typography_font_size_mobile":{"unit":"px","size":24}},"elements":[],"isInner":false,"widgetType":"heading","elType":"widget"},{"id":"1af170ff","settings":{"weight":{"unit":"px","size":4},"color":"#e3a72f","width":{"unit":"px","size":48},"gap":{"unit":"px","size":6},"_padding":{"unit":"px","top":"","right":"","bottom":"","left":"","isLinked":false},"_border_radius":{"unit":"%","top":"","right":"","bottom":"","left":"","isLinked":true},"align":"center","_margin":{"unit":"px","top":"-8","right":"0","bottom":"0","left":"0","isLinked":false},"_animation":"fadeIn","_animation_delay":200,"text":"Divider"},"elements":[],"isInner":false,"widgetType":"divider","elType":"widget"}],"isInner":false,"elType":"column"}],"isInner":false,"elType":"section"},{"id":"f8881","settings":{"content_width":{"unit":"px","size":1020},"gap":"wide","structure":"30","css_classes":"envato-kit-83-top-0","background_background":"classic","background_color":"#f7f9fa","background_image":{"id":"3401","url":"https:\/\/cliente.shazamlnv.com\/setasolar\/wp-content\/uploads\/2022\/04\/architecture-building-clouds-207648.jpg"},"background_position":"center center","background_attachment":"fixed","background_repeat":"no-repeat","background_size":"cover","background_overlay_background":"classic","background_overlay_color":"#f7f9fa","background_overlay_opacity":{"unit":"px","size":0.979999999999999982236431605997495353221893310546875},"padding_mobile":{"unit":"em","top":"0","right":"1","bottom":"0","left":"1","isLinked":false}},"elements":[{"id":"76d00539","settings":{"_column_size":33,"_inline_size":null,"space_between_widgets":12,"animation":"pulse","animation_duration":"fast","animation_delay":100},"elements":[{"id":"1e6e559","settings":{"icon":"fa fa-globe","title_text":"International School","description_text":"Lorem ipsum dolor sit amet, consectetur adipiscing elit. Donec rhoncus feugiat laoreet.","position":"left","icon_space":{"unit":"px","size":28},"icon_size":{"unit":"px","size":40},"title_bottom_space":{"unit":"px","size":8},"title_typography_typography":"custom","title_typography_font_size":{"unit":"px","size":20},"title_typography_font_weight":"600","title_typography_line_height":{"unit":"em","size":1.399999999999999911182158029987476766109466552734375},"description_color":"#999999","description_typography_typography":"custom","description_typography_font_size":{"unit":"px","size":14},"description_typography_font_weight":"400","description_typography_line_height":{"unit":"em","size":1.600000000000000088817841970012523233890533447265625},"primary_color":"#e3a72f","title_color":"#333333","title_typography_font_family":"Muli","title_typography_letter_spacing":{"unit":"px","size":0},"icon_space_mobile":{"unit":"px","size":4},"selected_icon":{"value":"fas fa-globe","library":"fa-solid"}},"elements":[],"isInner":false,"widgetType":"icon-box","elType":"widget"}],"isInner":false,"elType":"column"},{"id":"30b8b1e1","settings":{"_column_size":33,"_inline_size":null,"space_between_widgets":12,"animation":"pulse","animation_duration":"fast","animation_delay":200},"elements":[{"id":"3be1505c","settings":{"icon":"fa fa-language","title_text":"5 World Languages","description_text":"Lorem ipsum dolor sit amet, consectetur adipiscing elit. Donec rhoncus feugiat laoreet.","position":"left","icon_space":{"unit":"px","size":28},"icon_size":{"unit":"px","size":40},"title_bottom_space":{"unit":"px","size":8},"title_typography_typography":"custom","title_typography_font_size":{"unit":"px","size":20},"title_typography_font_weight":"600","title_typography_line_height":{"unit":"em","size":1.399999999999999911182158029987476766109466552734375},"description_color":"#999999","description_typography_typography":"custom","description_typography_font_size":{"unit":"px","size":14},"description_typography_font_weight":"400","description_typography_line_height":{"unit":"em","size":1.600000000000000088817841970012523233890533447265625},"primary_color":"#e3a72f","title_color":"#333333","title_typography_font_family":"Muli","title_typography_letter_spacing":{"unit":"px","size":0},"icon_space_mobile":{"unit":"px","size":4},"selected_icon":{"value":"fas fa-language","library":"fa-solid"}},"elements":[],"isInner":false,"widgetType":"icon-box","elType":"widget"}],"isInner":false,"elType":"column"},{"id":"49bae5e8","settings":{"_column_size":33,"_inline_size":null,"space_between_widgets":12,"animation":"pulse","animation_duration":"fast","animation_delay":300},"elements":[{"id":"1a388c87","settings":{"icon":"fa fa-laptop","title_text":"Smart Classes","description_text":"Lorem ipsum dolor sit amet, consectetur adipiscing elit. Donec rhoncus feugiat laoreet.","position":"left","icon_space":{"unit":"px","size":28},"icon_size":{"unit":"px","size":40},"title_bottom_space":{"unit":"px","size":8},"title_typography_typography":"custom","title_typography_font_size":{"unit":"px","size":20},"title_typography_font_weight":"600","title_typography_line_height":{"unit":"em","size":1.399999999999999911182158029987476766109466552734375},"description_color":"#999999","description_typography_typography":"custom","description_typography_font_size":{"unit":"px","size":14},"description_typography_font_weight":"400","description_typography_line_height":{"unit":"em","size":1.600000000000000088817841970012523233890533447265625},"primary_color":"#e3a72f","title_color":"#333333","title_typography_font_family":"Muli","title_typography_letter_spacing":{"unit":"px","size":0},"icon_space_mobile":{"unit":"px","size":4},"selected_icon":{"value":"fas fa-laptop","library":"fa-solid"}},"elements":[],"isInner":false,"widgetType":"icon-box","elType":"widget"}],"isInner":false,"elType":"column"}],"isInner":false,"elType":"section"},{"id":"75d649df","settings":{"content_width":{"unit":"px","size":1020},"gap":"wide","structure":"30","css_classes":"envato-kit-83-top-0","background_background":"classic","background_color":"#f7f9fa","padding":{"unit":"px","top":"0","right":"0","bottom":"90","left":"0","isLinked":false},"background_image":{"id":"3401","url":"https:\/\/cliente.shazamlnv.com\/setasolar\/wp-content\/uploads\/2022\/04\/architecture-building-clouds-207648.jpg"},"background_position":"center center","background_attachment":"fixed","background_repeat":"no-repeat","background_size":"cover","background_overlay_background":"classic","background_overlay_color":"#f7f9fa","background_overlay_opacity":{"unit":"px","size":0.979999999999999982236431605997495353221893310546875},"padding_mobile":{"unit":"em","top":"0","right":"1","bottom":"3","left":"1","isLinked":false}},"elements":[{"id":"46acb1d6","settings":{"_column_size":33,"_inline_size":null,"space_between_widgets":12,"animation":"pulse","animation_duration":"fast","animation_delay":100},"elements":[{"id":"65756766","settings":{"icon":"fa fa-book","title_text":"250+ Courses","description_text":"Lorem ipsum dolor sit amet, consectetur adipiscing elit. Donec rhoncus feugiat laoreet.","position":"left","icon_space":{"unit":"px","size":28},"icon_size":{"unit":"px","size":40},"title_bottom_space":{"unit":"px","size":8},"title_typography_typography":"custom","title_typography_font_size":{"unit":"px","size":20},"title_typography_font_weight":"600","title_typography_line_height":{"unit":"em","size":1.399999999999999911182158029987476766109466552734375},"description_color":"#999999","description_typography_typography":"custom","description_typography_font_size":{"unit":"px","size":14},"description_typography_font_weight":"400","description_typography_line_height":{"unit":"em","size":1.600000000000000088817841970012523233890533447265625},"primary_color":"#e3a72f","title_color":"#333333","title_typography_font_family":"Muli","title_typography_letter_spacing":{"unit":"px","size":0},"icon_space_mobile":{"unit":"px","size":4},"selected_icon":{"value":"fas fa-book","library":"fa-solid"},"__fa4_migrated":{"selected_icon":true}},"elements":[],"isInner":false,"widgetType":"icon-box","elType":"widget"}],"isInner":false,"elType":"column"},{"id":"21f19c53","settings":{"_column_size":33,"_inline_size":null,"space_between_widgets":12,"animation":"pulse","animation_duration":"fast","animation_delay":200},"elements":[{"id":"59ec74e8","settings":{"icon":"fa fa-soccer-ball-o","title_text":"Student Clubs","description_text":"Lorem ipsum dolor sit amet, consectetur adipiscing elit. Donec rhoncus feugiat laoreet.","position":"left","icon_space":{"unit":"px","size":28},"icon_size":{"unit":"px","size":40},"title_bottom_space":{"unit":"px","size":8},"title_typography_typography":"custom","title_typography_font_size":{"unit":"px","size":20},"title_typography_font_weight":"600","title_typography_line_height":{"unit":"em","size":1.399999999999999911182158029987476766109466552734375},"description_color":"#999999","description_typography_typography":"custom","description_typography_font_size":{"unit":"px","size":14},"description_typography_font_weight":"400","description_typography_line_height":{"unit":"em","size":1.600000000000000088817841970012523233890533447265625},"primary_color":"#e3a72f","title_color":"#333333","title_typography_font_family":"Muli","title_typography_letter_spacing":{"unit":"px","size":0},"icon_space_mobile":{"unit":"px","size":4},"selected_icon":{"value":"far fa-futbol","library":"fa-regular"}},"elements":[],"isInner":false,"widgetType":"icon-box","elType":"widget"}],"isInner":false,"elType":"column"},{"id":"5ee4ed41","settings":{"_column_size":33,"_inline_size":null,"space_between_widgets":12,"animation":"pulse","animation_duration":"fast","animation_delay":300},"elements":[{"id":"7610186","settings":{"icon":"fa fa-money","title_text":"Financial Aid","description_text":"Lorem ipsum dolor sit amet, consectetur adipiscing elit. Donec rhoncus feugiat laoreet.","position":"left","icon_space":{"unit":"px","size":28},"icon_size":{"unit":"px","size":40},"title_bottom_space":{"unit":"px","size":8},"title_typography_typography":"custom","title_typography_font_size":{"unit":"px","size":20},"title_typography_font_weight":"600","title_typography_line_height":{"unit":"em","size":1.399999999999999911182158029987476766109466552734375},"description_color":"#999999","description_typography_typography":"custom","description_typography_font_size":{"unit":"px","size":14},"description_typography_font_weight":"400","description_typography_line_height":{"unit":"em","size":1.600000000000000088817841970012523233890533447265625},"primary_color":"#e3a72f","title_color":"#333333","title_typography_font_family":"Muli","title_typography_letter_spacing":{"unit":"px","size":0},"icon_space_mobile":{"unit":"px","size":4},"selected_icon":{"value":"far fa-money-bill-alt","library":"fa-regular"}},"elements":[],"isInner":false,"widgetType":"icon-box","elType":"widget"}],"isInner":false,"elType":"column"}],"isInner":false,"elType":"section"},{"id":"7049260c","settings":{"content_width":{"unit":"px","size":1040},"gap":"wider","structure":"20","padding":{"unit":"px","top":"80","right":"0","bottom":"80","left":"0","isLinked":false},"content_position":"middle","margin":{"unit":"px","top":"0","right":0,"bottom":"0","left":0,"isLinked":false},"padding_mobile":{"unit":"em","top":"3","right":"1","bottom":"3","left":"1","isLinked":false},"background_background":"classic","background_color":"#ffffff"},"elements":[{"id":"4873a468","settings":{"_column_size":50,"_inline_size":40},"elements":[{"id":"49594d8e","settings":{"image":{"id":"3402","url":"https:\/\/cliente.shazamlnv.com\/setasolar\/wp-content\/uploads\/2022\/04\/jurica-koletic-317414-unsplash.jpg"},"_animation":"fadeIn","_animation_delay":100},"elements":[],"isInner":false,"widgetType":"image","elType":"widget"}],"isInner":false,"elType":"column"},{"id":"72651492","settings":{"_column_size":50,"_inline_size":60},"elements":[{"id":"3ffa688d","settings":{"title":"Green Valley is a wonderful place to work. My colleagues are smart, kind, and supportive. The school is well organized and efficient. But what keeps me coming back are the wonderful kids I get to teach and learn from every day. They are in the right hands.","title_color":"#999999","typography_typography":"custom","typography_font_family":"IBM Plex Serif","typography_font_size":{"unit":"px","size":24},"typography_font_weight":"300","typography_line_height":{"unit":"em","size":1.333299999999999929656269159750081598758697509765625},"_margin":{"unit":"px","top":"0","right":"0","bottom":"24","left":"0","isLinked":false},"_animation":"fadeIn","_animation_delay":200},"elements":[],"isInner":false,"widgetType":"heading","elType":"widget"},{"id":"1ee9dcf6","settings":{"weight":{"unit":"px","size":4},"color":"#e3a72f","width":{"unit":"px","size":64},"gap":{"unit":"px","size":8},"_animation_delay":300,"_animation":"fadeIn","text":"Divider"},"elements":[],"isInner":false,"widgetType":"divider","elType":"widget"},{"id":"6e0caf07","settings":{"title":"Benjamin Sanchez","title_color":"#666666","typography_typography":"custom","typography_font_family":"Muli","_margin":{"unit":"px","top":"0","right":"0","bottom":"-8","left":"0","isLinked":false},"_animation":"fadeIn","_animation_delay":400,"typography_font_size_mobile":{"unit":"px","size":20}},"elements":[],"isInner":false,"widgetType":"heading","elType":"widget"},{"id":"73c669e6","settings":{"title":"Mathematics Teacher (High School)","title_color":"#999999","typography_typography":"custom","typography_font_size":{"unit":"px","size":13},"typography_font_weight":"400","_animation":"fadeIn","_animation_delay":400},"elements":[],"isInner":false,"widgetType":"heading","elType":"widget"}],"isInner":false,"elType":"column"}],"isInner":false,"elType":"section"},{"id":"c6b161c","settings":{"content_width":{"unit":"px","size":1040},"gap":"wider","structure":"20","content_position":"middle","background_background":"classic","background_image":{"id":"3403","url":"https:\/\/cliente.shazamlnv.com\/setasolar\/wp-content\/uploads\/2022\/04\/business-businessmen-classroom-267507.jpg"},"background_position":"center center","background_attachment":"fixed","background_repeat":"no-repeat","background_size":"cover","background_overlay_background":"classic","background_overlay_color":"#f7f9fa","background_overlay_color_b":"#f7f9fa","background_overlay_gradient_angle":{"unit":"deg","size":135},"background_overlay_opacity":{"unit":"px","size":0.979999999999999982236431605997495353221893310546875},"padding":{"unit":"px","top":"80","right":"0","bottom":"80","left":"0","isLinked":false},"padding_mobile":{"unit":"em","top":"3","right":"1","bottom":"3","left":"1","isLinked":false}},"elements":[{"id":"2727e474","settings":{"_column_size":50,"_inline_size":50},"elements":[{"id":"537f4e8a","settings":{"gap":"extended","structure":"20","animation":"fadeInDown","animation_delay":100},"elements":[{"id":"67a343e3","settings":{"_column_size":50,"_inline_size":null},"elements":[{"id":"2e585771","settings":{"title":"300","header_size":"span","title_color":"#e3a72f","typography_typography":"custom","typography_font_family":"Muli","typography_font_size":{"unit":"px","size":45},"typography_font_weight":"200","align":"right","align_mobile":"left"},"elements":[],"isInner":false,"widgetType":"heading","elType":"widget"}],"isInner":true,"elType":"column"},{"id":"4e6c667a","settings":{"_column_size":50,"_inline_size":null},"elements":[{"id":"e91751f","settings":{"title":"Courses offered with 5 world languages and 120 electives.","header_size":"span","title_color":"rgba(0,0,0,0.54)","typography_typography":"custom","typography_font_family":"Muli","typography_font_size":{"unit":"px","size":14},"typography_font_weight":"600","typography_line_height":{"unit":"em","size":1.61699999999999999289457264239899814128875732421875},"align_mobile":"left"},"elements":[],"isInner":false,"widgetType":"heading","elType":"widget"}],"isInner":true,"elType":"column"}],"isInner":true,"elType":"section"},{"id":"7da5622f","settings":{"gap":"extended","structure":"20","animation":"fadeInDown","animation_delay":200},"elements":[{"id":"5f8f967a","settings":{"_column_size":50,"_inline_size":null},"elements":[{"id":"2a9bd4f8","settings":{"title":"28","header_size":"span","title_color":"#e3a72f","typography_typography":"custom","typography_font_family":"Muli","typography_font_size":{"unit":"px","size":45},"typography_font_weight":"200","align":"right","align_mobile":"left"},"elements":[],"isInner":false,"widgetType":"heading","elType":"widget"}],"isInner":true,"elType":"column"},{"id":"4be40549","settings":{"_column_size":50,"_inline_size":null},"elements":[{"id":"ffe0ebd","settings":{"title":"Countries represented by over 2500 Students.","header_size":"span","title_color":"rgba(0,0,0,0.54)","typography_typography":"custom","typography_font_family":"Muli","typography_font_size":{"unit":"px","size":14},"typography_font_weight":"600","typography_line_height":{"unit":"em","size":1.61699999999999999289457264239899814128875732421875},"align_mobile":"left"},"elements":[],"isInner":false,"widgetType":"heading","elType":"widget"}],"isInner":true,"elType":"column"}],"isInner":true,"elType":"section"},{"id":"b84406e","settings":{"gap":"extended","structure":"20","animation":"fadeInDown","animation_delay":30},"elements":[{"id":"4d0f5724","settings":{"_column_size":50,"_inline_size":null},"elements":[{"id":"29f94271","settings":{"title":"14.6%","header_size":"span","title_color":"#e3a72f","typography_typography":"custom","typography_font_family":"Muli","typography_font_size":{"unit":"px","size":45},"typography_font_weight":"200","align":"right","align_mobile":"left"},"elements":[],"isInner":false,"widgetType":"heading","elType":"widget"}],"isInner":true,"elType":"column"},{"id":"782ef02c","settings":{"_column_size":50,"_inline_size":null},"elements":[{"id":"1b571d02","settings":{"title":"International Students with 8% under Cultural Council.","header_size":"span","title_color":"rgba(0,0,0,0.54)","typography_typography":"custom","typography_font_family":"Muli","typography_font_size":{"unit":"px","size":14},"typography_font_weight":"600","typography_line_height":{"unit":"em","size":1.61699999999999999289457264239899814128875732421875},"align_mobile":"left"},"elements":[],"isInner":false,"widgetType":"heading","elType":"widget"}],"isInner":true,"elType":"column"}],"isInner":true,"elType":"section"},{"id":"19363f16","settings":{"gap":"extended","structure":"20","animation":"fadeInDown","animation_delay":400},"elements":[{"id":"58cfe9bf","settings":{"_column_size":50,"_inline_size":null},"elements":[{"id":"6e5ce7f8","settings":{"title":"180","header_size":"span","title_color":"#e3a72f","typography_typography":"custom","typography_font_family":"Muli","typography_font_size":{"unit":"px","size":45},"typography_font_weight":"200","align":"right","align_mobile":"left"},"elements":[],"isInner":false,"widgetType":"heading","elType":"widget"}],"isInner":true,"elType":"column"},{"id":"5dbf67b3","settings":{"_column_size":50,"_inline_size":null},"elements":[{"id":"66bef4fa","settings":{"title":"Teaching faculty with 80 men and 100 women.","header_size":"span","title_color":"rgba(0,0,0,0.54)","typography_typography":"custom","typography_font_family":"Muli","typography_font_size":{"unit":"px","size":14},"typography_font_weight":"600","typography_line_height":{"unit":"em","size":1.61699999999999999289457264239899814128875732421875},"align_mobile":"left"},"elements":[],"isInner":false,"widgetType":"heading","elType":"widget"}],"isInner":true,"elType":"column"}],"isInner":true,"elType":"section"}],"isInner":false,"elType":"column"},{"id":"34ac27ed","settings":{"_column_size":50,"_inline_size":50,"background_background":"classic","border_radius":{"unit":"%","top":"100","right":"100","bottom":"100","left":"100","isLinked":true},"margin":{"unit":"%","top":"","right":"","bottom":"","left":"","isLinked":true},"animation":"fadeIn","animation_delay":400},"elements":[{"id":"14acd3b4","settings":{"gap":"no"},"elements":[{"id":"40488f92","settings":{"_column_size":100,"_inline_size":null},"elements":[{"id":"4e7e5d13","settings":{"title":"At a Glance","title_color":"#203b6a","typography_typography":"custom","typography_font_family":"Muli","typography_font_size":{"unit":"px","size":34},"typography_font_weight":"700","typography_line_height":{"unit":"em","size":1.3300000000000000710542735760100185871124267578125},"typography_letter_spacing":{"unit":"px","size":-0.1499999999999999944488848768742172978818416595458984375},"typography_font_size_mobile":{"unit":"px","size":24}},"elements":[],"isInner":false,"widgetType":"heading","elType":"widget"},{"id":"1f3ff651","settings":{"title":"Lorem ipsum dolor sit amet, consectetur adipiscing elit. Vestibulum eleifend turpis a efficitur porttitor quisque euismod lacus.","header_size":"h3","title_color":"#444444","typography_typography":"custom","typography_font_size":{"unit":"px","size":20},"typography_font_weight":"400","typography_line_height":{"unit":"em","size":1.399999999999999911182158029987476766109466552734375},"typography_font_family":"Muli","_margin":{"unit":"px","top":"0","right":"0","bottom":"0","left":"0","isLinked":false},"typography_font_size_mobile":{"unit":"px","size":16}},"elements":[],"isInner":false,"widgetType":"heading","elType":"widget"},{"id":"64ca67a1","settings":{"editor":"Aenean eu erat lectus. Vivamus faucibus lorem in nisl auctor, bibendum lobortis tellus vulputate. Mauris aliquam justo eu accumsan lacinia. Donec scelerisque luctus urna vitae pellentesque egestas rhoncus.","typography_typography":"custom","typography_font_size":{"unit":"px","size":14},"typography_line_height":{"unit":"em","size":1.75},"_margin":{"unit":"px","top":"0","right":"0","bottom":"24","left":"0","isLinked":false},"text_color":"#666666"},"elements":[],"isInner":false,"widgetType":"text-editor","elType":"widget"}],"isInner":true,"elType":"column"}],"isInner":true,"elType":"section"},{"id":"651021ee","settings":{"gap":"no"},"elements":[{"id":"669c909f","settings":{"_column_size":100,"_inline_size":null},"elements":[{"id":"60eb8bcf","settings":{"text":"Yearly Report","icon_indent":{"unit":"px","size":12},"typography_font_size":{"unit":"px","size":14},"typography_font_weight":"600","typography_line_height":{"unit":"em","size":1},"typography_letter_spacing":{"unit":"px","size":0.1499999999999999944488848768742172978818416595458984375},"background_color":"#ffffff","border_border":"solid","border_width":{"unit":"px","top":"1","right":"1","bottom":"1","left":"1","isLinked":true},"border_color":"#ffffff","border_radius":{"unit":"px","top":"30","right":"30","bottom":"30","left":"30","isLinked":true},"text_padding":{"unit":"em","top":"","right":"","bottom":"","left":"","isLinked":false},"_css_classes":"envato-kit-83-inline-block","icon":"fa fa-long-arrow-right","button_background_hover_color":"rgba(255,255,255,0)","button_hover_border_color":"#ffffff","icon_align":"right","typography_font_family":"Muli","hover_color":"#000000","size":"md","typography_typography":"custom","button_text_color":"#203b6a","selected_icon":{"value":"fas fa-long-arrow-alt-right","library":"fa-solid"}},"elements":[],"isInner":false,"widgetType":"button","elType":"widget"}],"isInner":true,"elType":"column"}],"isInner":true,"elType":"section"}],"isInner":false,"elType":"column"}],"isInner":false,"elType":"section"},{"id":"4b70dbae","settings":{"padding":{"unit":"px","top":"100","right":"0","bottom":"30","left":"0","isLinked":false},"background_position":"center center","background_attachment":"fixed","background_repeat":"no-repeat","background_size":"cover","background_overlay_opacity":{"unit":"px","size":0.979999999999999982236431605997495353221893310546875},"content_width":{"unit":"px","size":1040},"gap":"no","text_align":"center","background_background":"classic","background_overlay_background":"classic","padding_mobile":{"unit":"em","top":"3","right":"1","bottom":"0","left":"1","isLinked":false},"background_color":"#ffffff"},"elements":[{"id":"198f9ee1","settings":{"_column_size":100},"elements":[{"id":"bcc9b3f","settings":{"title":"Featured in","typography_typography":"custom","typography_font_family":"Muli","typography_font_size":{"unit":"px","size":34},"typography_font_weight":"600","title_color":"#203b6a","typography_letter_spacing":{"unit":"px","size":-0.5},"typography_line_height":{"unit":"em","size":1.1759999999999999342747969421907328069210052490234375},"_margin":{"unit":"%","top":"","right":"","bottom":"","left":"","isLinked":false},"_animation":"fadeIn","_animation_delay":100,"typography_font_size_mobile":{"unit":"px","size":24}},"elements":[],"isInner":false,"widgetType":"heading","elType":"widget"},{"id":"364d7978","settings":{"weight":{"unit":"px","size":4},"color":"#e3a72f","width":{"unit":"px","size":48},"gap":{"unit":"px","size":6},"_padding":{"unit":"px","top":"","right":"","bottom":"","left":"","isLinked":false},"_border_radius":{"unit":"%","top":"","right":"","bottom":"","left":"","isLinked":true},"align":"center","_margin":{"unit":"px","top":"-8","right":"0","bottom":"0","left":"0","isLinked":false},"_animation":"fadeIn","_animation_delay":200,"text":"Divider"},"elements":[],"isInner":false,"widgetType":"divider","elType":"widget"}],"isInner":false,"elType":"column"}],"isInner":false,"elType":"section"},{"id":"3f31e4e7","settings":{"structure":"40","margin":{"unit":"px","top":"-16","right":0,"bottom":"0","left":0,"isLinked":false},"padding":{"unit":"px","top":"0","right":"0","bottom":"20","left":"0","isLinked":false},"padding_mobile":{"unit":"em","top":"0","right":"1","bottom":"0","left":"1","isLinked":false},"content_width":{"unit":"px","size":1000},"background_background":"classic","background_color":"#ffffff"},"elements":[{"id":"2c4fc58b","settings":{"_column_size":25,"_inline_size":null,"_inline_size_mobile":50},"elements":[{"id":"23d3055","settings":{"image":{"id":"3404","url":"https:\/\/cliente.shazamlnv.com\/setasolar\/wp-content\/uploads\/2022\/04\/logo14.png"},"_animation":"bounceIn","animation_duration":"slow","_animation_delay":10},"elements":[],"isInner":false,"widgetType":"image","elType":"widget"}],"isInner":false,"elType":"column"},{"id":"6b0e860a","settings":{"_column_size":25,"_inline_size":null,"_inline_size_mobile":50},"elements":[{"id":"f8e7b70","settings":{"image":{"id":"3405","url":"https:\/\/cliente.shazamlnv.com\/setasolar\/wp-content\/uploads\/2022\/04\/logo13.png"},"_animation":"bounceIn","animation_duration":"slow","_animation_delay":200},"elements":[],"isInner":false,"widgetType":"image","elType":"widget"}],"isInner":false,"elType":"column"},{"id":"73c08192","settings":{"_column_size":25,"_inline_size":null,"_inline_size_mobile":50},"elements":[{"id":"425cd13f","settings":{"image":{"id":"3406","url":"https:\/\/cliente.shazamlnv.com\/setasolar\/wp-content\/uploads\/2022\/04\/logo11.png"},"_animation":"bounceIn","animation_duration":"slow","_animation_delay":300},"elements":[],"isInner":false,"widgetType":"image","elType":"widget"}],"isInner":false,"elType":"column"},{"id":"29a03c68","settings":{"_column_size":25,"_inline_size":null,"_inline_size_mobile":50},"elements":[{"id":"53bbcc55","settings":{"image":{"id":"3407","url":"https:\/\/cliente.shazamlnv.com\/setasolar\/wp-content\/uploads\/2022\/04\/log12.png"},"_animation":"bounceIn","animation_duration":"slow","_animation_delay":400},"elements":[],"isInner":false,"widgetType":"image","elType":"widget"}],"isInner":false,"elType":"column"}],"isInner":false,"elType":"section"},{"id":"109fe90b","settings":{"gap":"no","structure":"20","background_background":"classic","padding_mobile":{"unit":"em","top":"0","right":"1","bottom":"3","left":"1","isLinked":false},"content_width":{"unit":"px","size":960},"border_width":{"unit":"px","top":"0","right":"0","bottom":"1","left":"0","isLinked":false},"border_color":"rgba(0,0,0,0.1)","padding":{"unit":"px","top":"0","right":"0","bottom":"90","left":"0","isLinked":false},"margin":{"unit":"px","top":"0","right":0,"bottom":"0","left":0,"isLinked":false},"animation":"fadeIn","css_classes":"envato-top-0","background_color":"#ffffff"},"elements":[{"id":"e792b5a","settings":{"_column_size":50,"_inline_size":null,"content_position":"center","text_align":"center","padding":{"unit":"px","top":"30","right":"30","bottom":"30","left":"30","isLinked":true},"space_between_widgets":10,"background_background":"classic","background_color":"rgba(0,0,0,0)2","border_border":"solid","border_width":{"unit":"px","top":"0","right":"1","bottom":"0","left":"0","isLinked":false},"border_color":"rgba(0,0,0,0.1)","animation":"fadeIn","animation_delay":100},"elements":[{"id":"22f4544b","settings":{"editor":"<p>\"Green Valley International is undoubtedly the best School in NY for it's commitment and responsibility towards students.\"<\/p>","typography_typography":"custom","typography_font_family":"Merriweather","typography_font_size":{"unit":"px","size":16},"typography_font_style":"italic","typography_font_weight":"300","typography_line_height":{"unit":"em","size":1.61699999999999999289457264239899814128875732421875},"typography_letter_spacing":{"unit":"px","size":0.1499999999999999944488848768742172978818416595458984375}},"elements":[],"isInner":false,"widgetType":"text-editor","elType":"widget"},{"id":"46736e1c","settings":{"gap":"no","structure":"20"},"elements":[{"id":"713b45ca","settings":{"_column_size":50,"_inline_size":null,"_inline_size_mobile":50,"content_position":"center"},"elements":[{"id":"3db2c750","settings":{"image":{"id":"3408","url":"https:\/\/cliente.shazamlnv.com\/setasolar\/wp-content\/uploads\/2022\/04\/philipe-cavalcante-733389-unsplash.jpg"},"image_size":"custom","image_custom_dimension":{"width":"400","height":"400"},"align":"right","width":{"unit":"px","size":64},"image_border_radius":{"unit":"%","top":"50","right":"50","bottom":"50","left":"50","isLinked":true},"_margin":{"unit":"px","top":"0","right":"16","bottom":"0","left":"0","isLinked":false}},"elements":[],"isInner":false,"widgetType":"image","elType":"widget"}],"isInner":true,"elType":"column"},{"id":"57afaf4","settings":{"_column_size":50,"_inline_size":null,"_inline_size_mobile":50,"content_position":"center","space_between_widgets":8},"elements":[{"id":"1b290f2","settings":{"title":"Sophia Miller","typography_typography":"custom","typography_font_size":{"unit":"rem","size":1},"typography_font_weight":"500","title_color":"#333333","align":"left"},"elements":[],"isInner":false,"widgetType":"heading","elType":"widget"},{"id":"4724ea1","settings":{"title":"Chief Editor, Monday Times","title_color":"#999999","typography_typography":"custom","typography_font_size":{"unit":"rem","size":0.75500000000000000444089209850062616169452667236328125},"_margin":{"unit":"%","top":"","right":"","bottom":"","left":"","isLinked":false},"_margin_mobile":{"unit":"px","top":"0","right":"0","bottom":"0","left":"0","isLinked":false},"typography_font_weight":"400","align":"left","typography_line_height_mobile":{"unit":"em","size":1.399999999999999911182158029987476766109466552734375}},"elements":[],"isInner":false,"widgetType":"heading","elType":"widget"}],"isInner":true,"elType":"column"}],"isInner":true,"elType":"section"}],"isInner":false,"elType":"column"},{"id":"be74d80","settings":{"_column_size":50,"_inline_size":null,"content_position":"center","text_align":"center","padding":{"unit":"px","top":"30","right":"30","bottom":"30","left":"30","isLinked":true},"space_between_widgets":10,"background_background":"classic","background_color":"rgba(0,0,0,0)2","border_border":"solid","border_width":{"unit":"px","top":"0","right":"0","bottom":"0","left":"0","isLinked":false},"border_color":"rgba(0,0,0,0.1)","border_radius":{"unit":"px","top":"0","right":"0","bottom":"1","left":"0","isLinked":false},"animation":"fadeIn","animation_delay":200},"elements":[{"id":"2d33fb10","settings":{"editor":"<p>\"What I am today is because of the Green Valley International School. The teachers are very helpful and committed towards students.\"<\/p>","typography_typography":"custom","typography_font_family":"Merriweather","typography_font_size":{"unit":"px","size":16},"typography_font_style":"italic","typography_font_weight":"300","typography_line_height":{"unit":"em","size":1.61699999999999999289457264239899814128875732421875},"typography_letter_spacing":{"unit":"px","size":0.1499999999999999944488848768742172978818416595458984375}},"elements":[],"isInner":false,"widgetType":"text-editor","elType":"widget"},{"id":"2e9297a6","settings":{"gap":"no","structure":"20"},"elements":[{"id":"6387c71a","settings":{"_column_size":50,"_inline_size":null,"_inline_size_mobile":50,"content_position":"center"},"elements":[{"id":"303c5bb2","settings":{"image":{"id":"3409","url":"https:\/\/cliente.shazamlnv.com\/setasolar\/wp-content\/uploads\/2022\/04\/ramy-kabalan-796973-unsplash.jpg"},"image_size":"custom","image_custom_dimension":{"width":"400","height":"400"},"align":"right","width":{"unit":"px","size":64},"image_border_radius":{"unit":"%","top":"50","right":"50","bottom":"50","left":"50","isLinked":true},"_padding":{"unit":"px","top":"0","right":"16","bottom":"0","left":"0","isLinked":false}},"elements":[],"isInner":false,"widgetType":"image","elType":"widget"}],"isInner":true,"elType":"column"},{"id":"7fe4029b","settings":{"_column_size":50,"_inline_size":null,"_inline_size_mobile":50,"content_position":"center","space_between_widgets":8},"elements":[{"id":"38ac8986","settings":{"title":"Michael Morris","typography_typography":"custom","typography_font_size":{"unit":"rem","size":1},"typography_font_weight":"500","title_color":"#333333","align":"left"},"elements":[],"isInner":false,"widgetType":"heading","elType":"widget"},{"id":"7b93b397","settings":{"title":"Mechanical Engineer, Alumni 2015","title_color":"#999999","typography_typography":"custom","typography_font_size":{"unit":"rem","size":0.75500000000000000444089209850062616169452667236328125},"_margin":{"unit":"%","top":"","right":"","bottom":"","left":"","isLinked":false},"_margin_mobile":{"unit":"px","top":"0","right":"0","bottom":"0","left":"0","isLinked":false},"typography_font_weight":"400","align":"left","typography_line_height_mobile":{"unit":"em","size":1.399999999999999911182158029987476766109466552734375}},"elements":[],"isInner":false,"widgetType":"heading","elType":"widget"}],"isInner":true,"elType":"column"}],"isInner":true,"elType":"section"}],"isInner":false,"elType":"column"}],"isInner":false,"elType":"section"},{"id":"197b9a39","settings":{"content_width":{"unit":"px","size":1000},"background_background":"video","background_video_link":"https:\/\/www.youtube.com\/watch?v=5syRsv2uNwE","background_video_start":14,"background_video_end":24,"background_overlay_background":"classic","background_overlay_color":"#13263f","background_overlay_opacity":{"unit":"px","size":0.90000000000000002220446049250313080847263336181640625},"padding":{"unit":"px","top":"40","right":"0","bottom":"80","left":"0","isLinked":false},"padding_mobile":{"unit":"em","top":"3","right":"1","bottom":"3","left":"1","isLinked":false},"background_video_fallback":{"id":"3410","url":"https:\/\/cliente.shazamlnv.com\/setasolar\/wp-content\/uploads\/2022\/04\/athletes-athletic-attractive-163465.jpg"}},"elements":[{"id":"271b925a","settings":{"_column_size":100,"text_align":"center","align":"center"},"elements":[{"id":"28917bfd","settings":{"title":"Because you deserve to shine.","align":"center","title_color":"#ffffff","typography_typography":"custom","typography_font_family":"Muli","typography_font_size":{"unit":"px","size":48},"typography_font_weight":"600","typography_line_height":{"unit":"em","size":1.1666000000000000813571432445314712822437286376953125},"_animation":"fadeInUp","_animation_delay":100,"typography_font_size_mobile":{"unit":"px","size":34},"typography_letter_spacing":{"unit":"px","size":-0.1499999999999999944488848768742172978818416595458984375}},"elements":[],"isInner":false,"widgetType":"heading","elType":"widget"},{"id":"7fabb26","settings":{"title":"Enroll for a new admission on or before December 2018.<br>Vestibulum eleifend turpis a efficitur porttitor quisque euismod lacus.","header_size":"h3","title_color":"#ffffff","typography_typography":"custom","typography_font_size":{"unit":"px","size":20},"typography_font_weight":"300","typography_line_height":{"unit":"em","size":1.399999999999999911182158029987476766109466552734375},"typography_font_family":"Muli","_margin":{"unit":"px","top":"0","right":"0","bottom":"32","left":"0","isLinked":false},"align":"center","_animation":"fadeInUp","_animation_delay":200,"typography_font_size_mobile":{"unit":"px","size":16}},"elements":[],"isInner":false,"widgetType":"heading","elType":"widget"},{"id":"379b9b9c","settings":{"text":"Enroll Now","icon_indent":{"unit":"px","size":12},"typography_font_size":{"unit":"px","size":14},"typography_font_weight":"600","typography_line_height":{"unit":"em","size":1},"typography_letter_spacing":{"unit":"px","size":0.1499999999999999944488848768742172978818416595458984375},"background_color":"#e3a72f","border_border":"solid","border_width":{"unit":"px","top":"1","right":"1","bottom":"1","left":"1","isLinked":true},"border_color":"#e3a72f","border_radius":{"unit":"px","top":"30","right":"30","bottom":"30","left":"30","isLinked":true},"text_padding":{"unit":"em","top":"","right":"","bottom":"","left":"","isLinked":false},"button_background_hover_color":"rgba(255,255,255,0)","button_hover_border_color":"#e3a72f","_margin":{"unit":"px","top":"0","right":"8","bottom":"0","left":"0","isLinked":false},"size":"md","typography_typography":"custom","typography_font_family":"Muli","hover_color":"#e3a72f","_animation":"fadeInUp","_animation_delay":300,"icon":"fa fa-hand-pointer-o","selected_icon":{"value":"far fa-hand-pointer","library":"fa-regular"},"_element_width":"auto","__fa4_migrated":{"selected_icon":true}},"elements":[],"isInner":false,"widgetType":"button","elType":"widget"},{"id":"6b1a2960","settings":{"text":"Video Tour","icon_indent":{"unit":"px","size":12},"typography_font_size":{"unit":"px","size":14},"typography_font_weight":"600","typography_line_height":{"unit":"em","size":1},"typography_letter_spacing":{"unit":"px","size":0.1499999999999999944488848768742172978818416595458984375},"background_color":"#ffffff","border_border":"solid","border_width":{"unit":"px","top":"1","right":"1","bottom":"1","left":"1","isLinked":true},"border_radius":{"unit":"px","top":"30","right":"30","bottom":"30","left":"30","isLinked":true},"text_padding":{"unit":"em","top":"","right":"","bottom":"","left":"","isLinked":false},"_css_classes":"envato-kit-83-inline-block","button_text_color":"#333333","hover_color":"#ffffff","button_background_hover_color":"rgba(255,255,255,0)","button_hover_border_color":"#ffffff","border_color":"#ffffff","size":"md","typography_typography":"custom","typography_font_family":"Muli","_animation":"fadeInUp","_animation_delay":300,"icon":"fa fa-play","selected_icon":{"value":"fas fa-play","library":"fa-solid"},"_element_width":"auto","__fa4_migrated":{"selected_icon":true}},"elements":[],"isInner":false,"widgetType":"button","elType":"widget"}],"isInner":false,"elType":"column"}],"isInner":false,"elType":"section"}],"page_settings":[],"version":"0.4","title":"ESCOLA","type":"section"}