{
    "version": "0.4",
    "title": "Archive",
    "type": "archive",
    "metadata": {
        "template_type": "archive-blog",
        "include_in_zip": "1",
        "elementor_pro_required": "1",
        "elementor_library_type": "archive",
        "elementor_pro_conditions": [
            "include\/archive"
        ],
        "additional_template_information": [
            "This is a \"Archive\" template for Elementor Pro.",
            "This template will display on: All Archives."
        ],
        "wp_page_template": "default"
    },
    "content": [
        {
            "id": "6676306c",
            "settings": {
                "gap": "no",
                "margin": {
                    "unit": "px",
                    "top": "0",
                    "right": 0,
                    "bottom": "0",
                    "left": 0,
                    "isLinked": false
                },
                "margin_tablet": {
                    "unit": "px",
                    "top": "0",
                    "right": 0,
                    "bottom": "0",
                    "left": 0,
                    "isLinked": false
                },
                "margin_mobile": {
                    "unit": "px",
                    "top": "0",
                    "right": 0,
                    "bottom": "0",
                    "left": 0,
                    "isLinked": false
                },
                "padding": {
                    "unit": "px",
                    "top": "100",
                    "right": "0",
                    "bottom": "0",
                    "left": "0",
                    "isLinked": false
                },
                "padding_tablet": {
                    "unit": "px",
                    "top": "80",
                    "right": "30",
                    "bottom": "0",
                    "left": "30",
                    "isLinked": false
                },
                "padding_mobile": {
                    "unit": "px",
                    "top": "60",
                    "right": "30",
                    "bottom": "0",
                    "left": "30",
                    "isLinked": false
                },
                "height": "min-height",
                "custom_height": {
                    "unit": "vh",
                    "size": 40,
                    "sizes": []
                },
                "background_background": "classic",
                "background_image": {
                    "id": "54",
                    "url": "http:\/\/templatekits.c-kav.com\/demo3\/eti\/wp-content\/uploads\/sites\/7\/2020\/10\/1920x1080-11.jpg"
                },
                "background_position": "center center",
                "background_size": "cover",
                "background_overlay_background": "classic",
                "background_overlay_opacity": {
                    "unit": "px",
                    "size": 0.7,
                    "sizes": []
                },
                "__globals__": {
                    "background_overlay_color": "globals\/colors?id=a02183e"
                }
            },
            "elements": [
                {
                    "id": "627c031b",
                    "settings": {
                        "_column_size": 100,
                        "_inline_size": null,
                        "space_between_widgets": 0,
                        "space_between_widgets_tablet": 0,
                        "space_between_widgets_mobile": 0,
                        "margin": {
                            "unit": "px",
                            "top": "0",
                            "right": "0",
                            "bottom": "0",
                            "left": "0",
                            "isLinked": false
                        },
                        "margin_tablet": {
                            "unit": "px",
                            "top": "0",
                            "right": "0",
                            "bottom": "0",
                            "left": "0",
                            "isLinked": false
                        },
                        "margin_mobile": {
                            "unit": "px",
                            "top": "0",
                            "right": "0",
                            "bottom": "0",
                            "left": "0",
                            "isLinked": false
                        },
                        "padding": {
                            "unit": "px",
                            "top": "0",
                            "right": "0",
                            "bottom": "0",
                            "left": "0",
                            "isLinked": false
                        },
                        "padding_tablet": {
                            "unit": "px",
                            "top": "0",
                            "right": "0",
                            "bottom": "0",
                            "left": "0",
                            "isLinked": false
                        },
                        "padding_mobile": {
                            "unit": "px",
                            "top": "0",
                            "right": "0",
                            "bottom": "0",
                            "left": "0",
                            "isLinked": false
                        }
                    },
                    "elements": [
                        {
                            "id": "7abb7ed2",
                            "settings": {
                                "__dynamic__": {
                                    "title": "[elementor-tag id=\"\" name=\"archive-title\" settings=\"%7B%22include_context%22%3A%22yes%22%2C%22before%22%3A%22%22%2C%22after%22%3A%22%22%2C%22fallback%22%3A%22%22%7D\"]"
                                },
                                "title": "Add Your Heading Text Here",
                                "align": "center",
                                "align_mobile": "center",
                                "_margin": {
                                    "unit": "px",
                                    "top": "15",
                                    "right": "0",
                                    "bottom": "0",
                                    "left": "0",
                                    "isLinked": false
                                },
                                "_margin_mobile": {
                                    "unit": "px",
                                    "top": "0",
                                    "right": "0",
                                    "bottom": "20",
                                    "left": "0",
                                    "isLinked": false
                                },
                                "_padding": {
                                    "unit": "px",
                                    "top": "0",
                                    "right": "0",
                                    "bottom": "0",
                                    "left": "0",
                                    "isLinked": false
                                },
                                "__globals__": {
                                    "typography_typography": "globals\/typography?id=2351def",
                                    "title_color": "globals\/colors?id=e766922"
                                }
                            },
                            "elements": [],
                            "isInner": false,
                            "widgetType": "theme-archive-title",
                            "elType": "widget"
                        }
                    ],
                    "isInner": false,
                    "elType": "column"
                }
            ],
            "isInner": false,
            "elType": "section"
        },
        {
            "id": "7ccee6bb",
            "settings": {
                "gap": "no",
                "background_background": "classic",
                "background_color": "#FFFFFF",
                "padding": {
                    "unit": "px",
                    "top": "120",
                    "right": "0",
                    "bottom": "150",
                    "left": "0",
                    "isLinked": false
                },
                "padding_tablet": {
                    "unit": "px",
                    "top": "40",
                    "right": "40",
                    "bottom": "40",
                    "left": "40",
                    "isLinked": true
                },
                "padding_mobile": {
                    "unit": "px",
                    "top": "20",
                    "right": "15",
                    "bottom": "15",
                    "left": "15",
                    "isLinked": false
                },
                "margin": {
                    "unit": "px",
                    "top": "0",
                    "right": 0,
                    "bottom": "0",
                    "left": 0,
                    "isLinked": false
                }
            },
            "elements": [
                {
                    "id": "d5357",
                    "settings": {
                        "_column_size": 100,
                        "_inline_size": null
                    },
                    "elements": [
                        {
                            "id": "1883d3c1",
                            "settings": {
                                "_skin": "archive_cards",
                                "archive_classic_masonry": "yes",
                                "archive_classic_thumbnail_size_size": "large",
                                "archive_classic_show_excerpt": "",
                                "archive_classic_meta_data": [
                                    "author",
                                    "date"
                                ],
                                "archive_classic_meta_separator": "\/\/\/",
                                "archive_classic_show_read_more": "",
                                "archive_classic_read_more_text": "Read More \u00bb",
                                "archive_cards_masonry": "yes",
                                "archive_cards_show_excerpt": "",
                                "archive_cards_meta_data": [
                                    "author",
                                    "date"
                                ],
                                "archive_cards_meta_separator": "\u2022",
                                "archive_cards_show_read_more": "",
                                "archive_cards_read_more_text": "Read More \u00bb",
                                "archive_cards_show_badge": "",
                                "archive_cards_show_avatar": "",
                                "archive_full_content_meta_separator": "\/\/\/",
                                "archive_classic_row_gap": {
                                    "unit": "px",
                                    "size": 30,
                                    "sizes": []
                                },
                                "archive_cards_row_gap": {
                                    "unit": "px",
                                    "size": 30,
                                    "sizes": []
                                },
                                "archive_cards_card_padding": {
                                    "unit": "px",
                                    "size": 30,
                                    "sizes": []
                                },
                                "archive_cards_card_vertical_padding": {
                                    "unit": "px",
                                    "size": 0,
                                    "sizes": []
                                },
                                "archive_cards_hover_effect": "none",
                                "archive_cards_title_color": "#37302F",
                                "archive_cards_title_spacing": {
                                    "unit": "px",
                                    "size": 20,
                                    "sizes": []
                                },
                                "archive_cards_meta_typography_typography": "custom",
                                "archive_cards_meta_typography_font_size": {
                                    "unit": "px",
                                    "size": 14,
                                    "sizes": []
                                },
                                "archive_cards_meta_typography_font_style": "italic",
                                "pagination_type": "numbers_and_prev_next",
                                "pagination_page_limit": "5",
                                "pagination_prev_label": "Previous",
                                "pagination_next_label": "Next",
                                "pagination_typography_typography": "custom",
                                "pagination_typography_font_size": {
                                    "unit": "px",
                                    "size": 16,
                                    "sizes": []
                                },
                                "pagination_typography_font_weight": "bold",
                                "pagination_typography_text_transform": "uppercase",
                                "pagination_typography_line_height": {
                                    "unit": "em",
                                    "size": 8,
                                    "sizes": []
                                },
                                "pagination_typography_letter_spacing": {
                                    "unit": "px",
                                    "size": 1,
                                    "sizes": []
                                },
                                "pagination_color": "#232323",
                                "nothing_found_message": "It seems we can't find what you're looking for.",
                                "archive_classic_img_border_radius": {
                                    "unit": "px",
                                    "top": "20",
                                    "right": "20",
                                    "bottom": "20",
                                    "left": "20",
                                    "isLinked": true
                                },
                                "archive_cards_card_border_color": "rgba(0, 0, 0, 0.1)",
                                "archive_cards_card_border_width": {
                                    "unit": "px",
                                    "size": 0,
                                    "sizes": []
                                },
                                "archive_cards_box_shadow_box_shadow_type": "",
                                "archive_cards_card_border_radius": {
                                    "unit": "px",
                                    "size": 0,
                                    "sizes": []
                                },
                                "__globals__": {
                                    "archive_cards_card_bg_color": "globals\/colors?id=bff8f0f",
                                    "archive_cards_title_typography_typography": "globals\/typography?id=12dff98",
                                    "pagination_hover_color": "globals\/colors?id=a02183e",
                                    "pagination_active_color": "globals\/colors?id=a02183e"
                                }
                            },
                            "elements": [],
                            "isInner": false,
                            "widgetType": "archive-posts",
                            "elType": "widget"
                        }
                    ],
                    "isInner": false,
                    "elType": "column"
                }
            ],
            "isInner": false,
            "elType": "section"
        }
    ]
}