{
    "version": "0.4",
    "title": "Blog-single",
    "type": "single",
    "metadata": {
        "template_type": "single-post",
        "include_in_zip": "1",
        "elementor_pro_required": "1",
        "elementor_library_type": "single",
        "elementor_pro_conditions": [
            "include\/singular\/post"
        ],
        "additional_template_information": [
            "This is a \"Single\" template for Elementor Pro.",
            "This template will display on: Posts."
        ],
        "wp_page_template": "default"
    },
    "content": [
        {
            "id": "33205c73",
            "settings": {
                "gap": "no",
                "custom_height": {
                    "unit": "vh",
                    "size": 70,
                    "sizes": []
                },
                "background_background": "classic",
                "background_color": "#FF7657",
                "background_overlay_background": "gradient",
                "background_overlay_color": "rgba(55, 48, 47, 0)",
                "background_overlay_color_b": "#314154",
                "background_overlay_color_b_stop": {
                    "unit": "%",
                    "size": 90,
                    "sizes": []
                },
                "background_overlay_opacity": {
                    "unit": "px",
                    "size": 0.91,
                    "sizes": []
                },
                "margin": {
                    "unit": "px",
                    "top": "0",
                    "right": 0,
                    "bottom": "0",
                    "left": 0,
                    "isLinked": false
                },
                "padding": {
                    "unit": "px",
                    "top": "0",
                    "right": "0",
                    "bottom": "100",
                    "left": "0",
                    "isLinked": false
                },
                "padding_tablet": {
                    "unit": "px",
                    "top": "100",
                    "right": "40",
                    "bottom": "40",
                    "left": "40",
                    "isLinked": false
                },
                "padding_mobile": {
                    "unit": "px",
                    "top": "100",
                    "right": "30",
                    "bottom": "30",
                    "left": "30",
                    "isLinked": false
                },
                "height": "min-height",
                "column_position": "bottom",
                "content_position": "bottom",
                "background_position": "top center",
                "background_repeat": "no-repeat",
                "background_size": "cover",
                "__dynamic__": {
                    "background_image": "[elementor-tag id=\"a7f5176\" name=\"post-featured-image\" settings=\"%7B%7D\"]"
                },
                "shape_divider_bottom_width": {
                    "unit": "%",
                    "size": 137,
                    "sizes": []
                },
                "shape_divider_bottom_height": {
                    "unit": "px",
                    "size": 122,
                    "sizes": []
                }
            },
            "elements": [
                {
                    "id": "5fe107ef",
                    "settings": {
                        "_column_size": 100,
                        "_inline_size": null
                    },
                    "elements": [
                        {
                            "id": "658543c0",
                            "settings": {
                                "gap": "no",
                                "margin": {
                                    "unit": "px",
                                    "top": "0",
                                    "right": 0,
                                    "bottom": "0",
                                    "left": 0,
                                    "isLinked": false
                                },
                                "padding": {
                                    "unit": "%",
                                    "top": "0",
                                    "right": "10",
                                    "bottom": "0",
                                    "left": "10",
                                    "isLinked": false
                                },
                                "padding_tablet": {
                                    "unit": "px",
                                    "top": "0",
                                    "right": "0",
                                    "bottom": "0",
                                    "left": "0",
                                    "isLinked": true
                                }
                            },
                            "elements": [
                                {
                                    "id": "9a54042",
                                    "settings": {
                                        "_column_size": 100,
                                        "_inline_size": null,
                                        "space_between_widgets": 0
                                    },
                                    "elements": [
                                        {
                                            "id": "38254ca8",
                                            "settings": {
                                                "icon_list": [
                                                    {
                                                        "type": "terms",
                                                        "custom_date_format": "F j, Y",
                                                        "custom_time_format": "g:i a",
                                                        "taxonomy": "category",
                                                        "show_icon": "none",
                                                        "_id": "7a2d0b7"
                                                    }
                                                ],
                                                "text_color": "#FFFFFF",
                                                "_margin": {
                                                    "unit": "px",
                                                    "top": "0",
                                                    "right": "0",
                                                    "bottom": "0",
                                                    "left": "0",
                                                    "isLinked": false
                                                },
                                                "icon_align_mobile": "center",
                                                "_margin_mobile": {
                                                    "unit": "px",
                                                    "top": "0",
                                                    "right": "0",
                                                    "bottom": "10",
                                                    "left": "0",
                                                    "isLinked": false
                                                },
                                                "icon_align": "center",
                                                "__globals__": {
                                                    "icon_typography_typography": "globals\/typography?id=e173dc0"
                                                }
                                            },
                                            "elements": [],
                                            "isInner": false,
                                            "widgetType": "post-info",
                                            "elType": "widget"
                                        },
                                        {
                                            "id": "3ffae7b7",
                                            "settings": {
                                                "__dynamic__": {
                                                    "title": "[elementor-tag id=\"\" name=\"post-title\" settings=\"%7B%22before%22%3A%22%22%2C%22after%22%3A%22%22%2C%22fallback%22%3A%22%22%7D\"]"
                                                },
                                                "title": "Add Your Heading Text Here",
                                                "align": "center",
                                                "align_mobile": "center",
                                                "title_color": "#FFFFFF",
                                                "_margin": {
                                                    "unit": "px",
                                                    "top": "10",
                                                    "right": "0",
                                                    "bottom": "25",
                                                    "left": "0",
                                                    "isLinked": false
                                                },
                                                "_margin_mobile": {
                                                    "unit": "px",
                                                    "top": "0",
                                                    "right": "0",
                                                    "bottom": "20",
                                                    "left": "0",
                                                    "isLinked": false
                                                },
                                                "__globals__": {
                                                    "typography_typography": "globals\/typography?id=2351def"
                                                }
                                            },
                                            "elements": [],
                                            "isInner": false,
                                            "widgetType": "theme-post-title",
                                            "elType": "widget"
                                        },
                                        {
                                            "id": "1d453330",
                                            "settings": {
                                                "icon_list": [
                                                    {
                                                        "custom_date_format": "F j, Y",
                                                        "custom_time_format": "g:i a",
                                                        "taxonomy": "category",
                                                        "show_icon": "none",
                                                        "_id": "7a2d0b7"
                                                    },
                                                    {
                                                        "type": "author",
                                                        "custom_date_format": "F j, Y",
                                                        "custom_time_format": "g:i a",
                                                        "taxonomy": "category",
                                                        "show_icon": "none",
                                                        "_id": "4e6e94b"
                                                    },
                                                    {
                                                        "type": "comments",
                                                        "custom_date_format": "F j, Y",
                                                        "custom_time_format": "g:i a",
                                                        "show_icon": "none",
                                                        "_id": "bdcfe3b"
                                                    }
                                                ],
                                                "space_between": {
                                                    "unit": "px",
                                                    "size": 40,
                                                    "sizes": []
                                                },
                                                "divider": "yes",
                                                "text_color": "#FFFFFF",
                                                "icon_typography_font_style": "italic",
                                                "_margin": {
                                                    "unit": "px",
                                                    "top": "20",
                                                    "right": "0",
                                                    "bottom": "0",
                                                    "left": "0",
                                                    "isLinked": false
                                                },
                                                "space_between_mobile": {
                                                    "unit": "px",
                                                    "size": 25,
                                                    "sizes": []
                                                },
                                                "icon_align_mobile": "center",
                                                "divider_height": {
                                                    "unit": "%",
                                                    "size": 100,
                                                    "sizes": []
                                                },
                                                "icon_typography_typography": "custom",
                                                "icon_typography_font_size_mobile": {
                                                    "unit": "px",
                                                    "size": 14,
                                                    "sizes": []
                                                },
                                                "_margin_mobile": {
                                                    "unit": "px",
                                                    "top": "0",
                                                    "right": "0",
                                                    "bottom": "0",
                                                    "left": "0",
                                                    "isLinked": true
                                                },
                                                "icon_align": "center",
                                                "divider_color": "rgba(255, 255, 255, 0.5)",
                                                "icon_typography_line_height_mobile": {
                                                    "unit": "em",
                                                    "size": 1.2,
                                                    "sizes": []
                                                }
                                            },
                                            "elements": [],
                                            "isInner": false,
                                            "widgetType": "post-info",
                                            "elType": "widget"
                                        }
                                    ],
                                    "isInner": true,
                                    "elType": "column"
                                }
                            ],
                            "isInner": true,
                            "elType": "section"
                        }
                    ],
                    "isInner": false,
                    "elType": "column"
                }
            ],
            "isInner": false,
            "elType": "section"
        },
        {
            "id": "7aaeb6b7",
            "settings": {
                "gap": "no",
                "structure": "20",
                "padding": {
                    "unit": "px",
                    "top": "100",
                    "right": "0",
                    "bottom": "100",
                    "left": "0",
                    "isLinked": false
                },
                "padding_tablet": {
                    "unit": "px",
                    "top": "40",
                    "right": "40",
                    "bottom": "40",
                    "left": "40",
                    "isLinked": true
                },
                "padding_mobile": {
                    "unit": "px",
                    "top": "30",
                    "right": "30",
                    "bottom": "30",
                    "left": "30",
                    "isLinked": true
                }
            },
            "elements": [
                {
                    "id": "1017fed4",
                    "settings": {
                        "_column_size": 50,
                        "_inline_size": 65,
                        "space_between_widgets": 0,
                        "padding_tablet": {
                            "unit": "px",
                            "top": "0",
                            "right": "0",
                            "bottom": "50",
                            "left": "0",
                            "isLinked": false
                        },
                        "_inline_size_tablet": 100
                    },
                    "elements": [
                        {
                            "id": "60f8d895",
                            "settings": {
                                "_padding": {
                                    "unit": "%",
                                    "top": "0",
                                    "right": "0",
                                    "bottom": "0",
                                    "left": "0",
                                    "isLinked": false
                                },
                                "_margin_mobile": {
                                    "unit": "px",
                                    "top": "0",
                                    "right": "0",
                                    "bottom": "0",
                                    "left": "0",
                                    "isLinked": true
                                }
                            },
                            "elements": [],
                            "isInner": false,
                            "widgetType": "theme-post-content",
                            "elType": "widget"
                        },
                        {
                            "id": "449bbcac",
                            "settings": {
                                "content_position": "middle",
                                "structure": "20",
                                "background_color": "#f4f4f4",
                                "gap": "no",
                                "margin": {
                                    "unit": "px",
                                    "top": "75",
                                    "right": 0,
                                    "bottom": "0",
                                    "left": 0,
                                    "isLinked": false
                                },
                                "margin_mobile": {
                                    "unit": "px",
                                    "top": "30",
                                    "right": 0,
                                    "bottom": "0",
                                    "left": 0,
                                    "isLinked": false
                                }
                            },
                            "elements": [
                                {
                                    "id": "1559fe10",
                                    "settings": {
                                        "_column_size": 50,
                                        "_inline_size": null
                                    },
                                    "elements": [
                                        {
                                            "id": "5d01bf02",
                                            "settings": {
                                                "title": "Share this post",
                                                "header_size": "h3",
                                                "typography_text_transform": "capitalize",
                                                "align_mobile": "center",
                                                "_margin_mobile": {
                                                    "unit": "px",
                                                    "top": "0",
                                                    "right": "0",
                                                    "bottom": "20",
                                                    "left": "0",
                                                    "isLinked": false
                                                },
                                                "typography_typography": "custom",
                                                "typography_font_size": {
                                                    "unit": "px",
                                                    "size": 22,
                                                    "sizes": []
                                                },
                                                "typography_line_height": {
                                                    "unit": "em",
                                                    "size": 1.2,
                                                    "sizes": []
                                                },
                                                "_margin": {
                                                    "unit": "px",
                                                    "top": "0",
                                                    "right": "0",
                                                    "bottom": "0",
                                                    "left": "0",
                                                    "isLinked": false
                                                }
                                            },
                                            "elements": [],
                                            "isInner": false,
                                            "widgetType": "heading",
                                            "elType": "widget"
                                        }
                                    ],
                                    "isInner": true,
                                    "elType": "column"
                                },
                                {
                                    "id": "2824a3d6",
                                    "settings": {
                                        "_column_size": 50,
                                        "_inline_size": null
                                    },
                                    "elements": [
                                        {
                                            "id": "5a48e9e0",
                                            "settings": {
                                                "share_buttons": [
                                                    {
                                                        "_id": "62d78a5"
                                                    },
                                                    {
                                                        "button": "google",
                                                        "_id": "0f55b88"
                                                    },
                                                    {
                                                        "button": "twitter",
                                                        "_id": "21de836"
                                                    },
                                                    {
                                                        "button": "linkedin",
                                                        "_id": "f780b63"
                                                    },
                                                    {
                                                        "button": "pinterest",
                                                        "_id": "050fff4"
                                                    },
                                                    {
                                                        "button": "print",
                                                        "_id": "f85468c"
                                                    },
                                                    {
                                                        "button": "email",
                                                        "_id": "7b166d6"
                                                    }
                                                ],
                                                "row_gap": {
                                                    "unit": "px",
                                                    "size": ""
                                                },
                                                "row_gap_mobile": {
                                                    "unit": "px",
                                                    "size": 10
                                                },
                                                "button_size": {
                                                    "unit": "px",
                                                    "size": 0.8
                                                },
                                                "icon_size": {
                                                    "unit": "em",
                                                    "size": 2
                                                },
                                                "skin": "minimal",
                                                "columns_mobile": "0",
                                                "typography_typography": "custom",
                                                "typography_text_transform": "uppercase",
                                                "view": "icon",
                                                "alignment": "right",
                                                "shape": "circle",
                                                "alignment_mobile": "center"
                                            },
                                            "elements": [],
                                            "isInner": false,
                                            "widgetType": "share-buttons",
                                            "elType": "widget"
                                        }
                                    ],
                                    "isInner": true,
                                    "elType": "column"
                                }
                            ],
                            "isInner": true,
                            "elType": "section"
                        },
                        {
                            "id": "6349126f",
                            "settings": {
                                "text": "Divider",
                                "color": "rgba(0, 0, 0, 0.1)",
                                "gap": {
                                    "unit": "px",
                                    "size": 50,
                                    "sizes": []
                                },
                                "gap_mobile": {
                                    "unit": "px",
                                    "size": 20,
                                    "sizes": []
                                }
                            },
                            "elements": [],
                            "isInner": false,
                            "widgetType": "divider",
                            "elType": "widget"
                        },
                        {
                            "id": "352f0d1d",
                            "settings": {
                                "_margin": {
                                    "unit": "px",
                                    "top": "0",
                                    "right": "0",
                                    "bottom": "0",
                                    "left": "0",
                                    "isLinked": false
                                }
                            },
                            "elements": [],
                            "isInner": false,
                            "widgetType": "facebook-comments",
                            "elType": "widget"
                        }
                    ],
                    "isInner": false,
                    "elType": "column"
                },
                {
                    "id": "21a48ca9",
                    "settings": {
                        "_column_size": 50,
                        "_inline_size": 35,
                        "_inline_size_tablet": 100,
                        "space_between_widgets": 0,
                        "padding": {
                            "unit": "px",
                            "top": "0",
                            "right": "0",
                            "bottom": "0",
                            "left": "50",
                            "isLinked": false
                        },
                        "padding_tablet": {
                            "unit": "px",
                            "top": "0",
                            "right": "0",
                            "bottom": "0",
                            "left": "0",
                            "isLinked": true
                        },
                        "padding_mobile": {
                            "unit": "px",
                            "top": "15",
                            "right": "15",
                            "bottom": "15",
                            "left": "15",
                            "isLinked": true
                        }
                    },
                    "elements": [
                        {
                            "id": "695c9339",
                            "settings": {
                                "placeholder": "Search...",
                                "button_text": "Search",
                                "input_background_color": "#FFFFFF00",
                                "border_radius": {
                                    "unit": "px",
                                    "size": "",
                                    "sizes": []
                                },
                                "_margin": {
                                    "unit": "px",
                                    "top": "0",
                                    "right": "0",
                                    "bottom": "0",
                                    "left": "0",
                                    "isLinked": false
                                },
                                "toggle_align": "right",
                                "icon_size_minimal": {
                                    "unit": "px",
                                    "size": 16,
                                    "sizes": []
                                },
                                "input_border_color": "rgba(0, 0, 0, 0.15)",
                                "button_border_width": {
                                    "unit": "px",
                                    "top": "1",
                                    "right": "1",
                                    "bottom": "1",
                                    "left": "1",
                                    "isLinked": true
                                },
                                "__globals__": {
                                    "button_background_color": "globals\/colors?id=a02183e",
                                    "button_background_color_hover": "globals\/colors?id=411f1fb"
                                }
                            },
                            "elements": [],
                            "isInner": false,
                            "widgetType": "search-form",
                            "elType": "widget"
                        },
                        {
                            "id": "2b44fbf5",
                            "settings": {
                                "text": "Divider",
                                "color": "rgba(0, 0, 0, 0.1)",
                                "gap": {
                                    "unit": "px",
                                    "size": 40,
                                    "sizes": []
                                },
                                "gap_mobile": {
                                    "unit": "px",
                                    "size": 30,
                                    "sizes": []
                                }
                            },
                            "elements": [],
                            "isInner": false,
                            "widgetType": "divider",
                            "elType": "widget"
                        },
                        {
                            "id": "4d397be0",
                            "settings": {
                                "share_buttons": [
                                    {
                                        "_id": "034e353"
                                    },
                                    {
                                        "button": "twitter",
                                        "_id": "33c8e63"
                                    },
                                    {
                                        "button": "linkedin",
                                        "_id": "8328b56"
                                    },
                                    {
                                        "button": "pinterest",
                                        "_id": "75e0658"
                                    }
                                ],
                                "columns": "2"
                            },
                            "elements": [],
                            "isInner": false,
                            "widgetType": "share-buttons",
                            "elType": "widget"
                        },
                        {
                            "id": "23f716f",
                            "settings": {
                                "text": "Divider",
                                "color": "rgba(0, 0, 0, 0.1)",
                                "gap": {
                                    "unit": "px",
                                    "size": 40,
                                    "sizes": []
                                },
                                "gap_mobile": {
                                    "unit": "px",
                                    "size": 30,
                                    "sizes": []
                                }
                            },
                            "elements": [],
                            "isInner": false,
                            "widgetType": "divider",
                            "elType": "widget"
                        },
                        {
                            "id": "5a18ae53",
                            "settings": {
                                "title": "Recent Posts",
                                "header_size": "h3",
                                "align_mobile": "center",
                                "typography_typography": "custom",
                                "typography_font_size": {
                                    "unit": "px",
                                    "size": 20,
                                    "sizes": []
                                },
                                "typography_line_height": {
                                    "unit": "em",
                                    "size": 1.4,
                                    "sizes": []
                                },
                                "_margin": {
                                    "unit": "px",
                                    "top": "0",
                                    "right": "0",
                                    "bottom": "15",
                                    "left": "0",
                                    "isLinked": false
                                },
                                "title_color": "#000000"
                            },
                            "elements": [],
                            "isInner": false,
                            "widgetType": "heading",
                            "elType": "widget"
                        },
                        {
                            "id": "40676022",
                            "settings": {
                                "classic_columns": "1",
                                "classic_columns_tablet": "1",
                                "classic_posts_per_page": 5,
                                "classic_thumbnail": "left",
                                "classic_item_ratio": {
                                    "unit": "px",
                                    "size": 1,
                                    "sizes": []
                                },
                                "classic_item_ratio_mobile": {
                                    "unit": "px",
                                    "size": 1,
                                    "sizes": []
                                },
                                "classic_image_width": {
                                    "unit": "px",
                                    "size": 75,
                                    "sizes": []
                                },
                                "classic_image_width_mobile": {
                                    "unit": "%",
                                    "size": "",
                                    "sizes": []
                                },
                                "classic_show_excerpt": "",
                                "classic_meta_data": [
                                    "date"
                                ],
                                "classic_meta_separator": "\/\/\/",
                                "classic_show_read_more": "",
                                "classic_read_more_text": "Read More \u00bb",
                                "cards_meta_separator": "\u2022",
                                "cards_read_more_text": "Read More \u00bb",
                                "full_content_meta_separator": "\/\/\/",
                                "classic_row_gap": {
                                    "unit": "px",
                                    "size": 20,
                                    "sizes": []
                                },
                                "classic_title_color": "#37302F",
                                "classic_title_spacing": {
                                    "unit": "px",
                                    "size": 5,
                                    "sizes": []
                                },
                                "classic_meta_typography_typography": "custom",
                                "classic_meta_typography_font_style": "italic",
                                "pagination_page_limit": "5",
                                "pagination_prev_label": "&laquo; Previous",
                                "pagination_next_label": "Next &raquo;",
                                "classic_column_gap": {
                                    "unit": "px",
                                    "size": 20,
                                    "sizes": []
                                },
                                "classic_meta_spacing": {
                                    "unit": "px",
                                    "size": 0,
                                    "sizes": []
                                },
                                "__globals__": {
                                    "classic_title_typography_typography": "globals\/typography?id=12dff98"
                                }
                            },
                            "elements": [],
                            "isInner": false,
                            "widgetType": "posts",
                            "elType": "widget"
                        },
                        {
                            "id": "2303473d",
                            "settings": {
                                "text": "Divider",
                                "color": "rgba(0, 0, 0, 0.1)",
                                "gap": {
                                    "unit": "px",
                                    "size": 40,
                                    "sizes": []
                                },
                                "gap_mobile": {
                                    "unit": "px",
                                    "size": 30,
                                    "sizes": []
                                }
                            },
                            "elements": [],
                            "isInner": false,
                            "widgetType": "divider",
                            "elType": "widget"
                        },
                        {
                            "id": "6b6a87de",
                            "settings": {
                                "image_size": "full",
                                "image": {
                                    "id": 125,
                                    "url": "http:\/\/templatekits.c-kav.com\/demo3\/eti\/wp-content\/uploads\/sites\/7\/2020\/10\/1200x1000-12.jpg"
                                }
                            },
                            "elements": [],
                            "isInner": false,
                            "widgetType": "image",
                            "elType": "widget"
                        },
                        {
                            "id": "198d1c0f",
                            "settings": {
                                "text": "Divider",
                                "color": "rgba(0, 0, 0, 0.1)",
                                "gap": {
                                    "unit": "px",
                                    "size": 40,
                                    "sizes": []
                                },
                                "gap_mobile": {
                                    "unit": "px",
                                    "size": 30,
                                    "sizes": []
                                }
                            },
                            "elements": [],
                            "isInner": false,
                            "widgetType": "divider",
                            "elType": "widget"
                        },
                        {
                            "id": "325a9b5a",
                            "settings": {
                                "title": "Newsletter",
                                "header_size": "h3",
                                "align_mobile": "center",
                                "typography_typography": "custom",
                                "typography_font_size": {
                                    "unit": "px",
                                    "size": 20,
                                    "sizes": []
                                },
                                "typography_line_height": {
                                    "unit": "em",
                                    "size": 1.4,
                                    "sizes": []
                                },
                                "_margin": {
                                    "unit": "px",
                                    "top": "0",
                                    "right": "0",
                                    "bottom": "15",
                                    "left": "0",
                                    "isLinked": false
                                },
                                "title_color": "#000000"
                            },
                            "elements": [],
                            "isInner": false,
                            "widgetType": "heading",
                            "elType": "widget"
                        },
                        {
                            "id": "17a544c2",
                            "settings": {
                                "editor": "Subscribe for our monthly newsletter to stay updated",
                                "align_mobile": "center",
                                "_margin": {
                                    "unit": "px",
                                    "top": "0",
                                    "right": "0",
                                    "bottom": "20",
                                    "left": "0",
                                    "isLinked": false
                                }
                            },
                            "elements": [],
                            "isInner": false,
                            "widgetType": "text-editor",
                            "elType": "widget"
                        },
                        {
                            "id": "5a0ee7a2",
                            "settings": {
                                "form_name": "New Form",
                                "form_fields": [
                                    {
                                        "custom_id": "email",
                                        "field_type": "email",
                                        "required": "true",
                                        "field_label": "Email",
                                        "placeholder": "Email",
                                        "width": "75",
                                        "_id": "3fcbbaf",
                                        "width_mobile": "75",
                                        "file_sizes": "",
                                        "file_types": "",
                                        "allow_multiple_upload": "",
                                        "max_files": "",
                                        "acceptance_text": "",
                                        "checked_by_default": "",
                                        "field_min": "",
                                        "field_max": "",
                                        "min_date": "",
                                        "max_date": "",
                                        "use_native_date": "",
                                        "use_native_time": "",
                                        "previous_button": "",
                                        "next_button": ""
                                    }
                                ],
                                "show_labels": "",
                                "button_text": "",
                                "button_width": "25",
                                "selected_button_icon": {
                                    "value": "fas fa-long-arrow-alt-right",
                                    "library": "fa-solid"
                                },
                                "button_icon_align": "right",
                                "email_content": "[all-fields]",
                                "email_content_2": "[all-fields]",
                                "success_message": "The form was sent successfully.",
                                "error_message": "An error occured.",
                                "required_field_message": "This field is required.",
                                "invalid_message": "There's something wrong. The form is invalid.",
                                "column_gap": {
                                    "unit": "px",
                                    "size": 0,
                                    "sizes": []
                                },
                                "label_spacing": {
                                    "unit": "px",
                                    "size": 10,
                                    "sizes": []
                                },
                                "field_background_color": "rgba(255, 255, 255, 0)",
                                "button_text_color": "#FFFFFF",
                                "button_border_border": "solid",
                                "button_border_width": {
                                    "unit": "px",
                                    "top": "0",
                                    "right": "0",
                                    "bottom": "0",
                                    "left": "0",
                                    "isLinked": false
                                },
                                "button_text_padding": {
                                    "unit": "px",
                                    "top": "2",
                                    "right": "20",
                                    "bottom": "2",
                                    "left": "14",
                                    "isLinked": false
                                },
                                "button_hover_color": "#FFFFFF",
                                "button_width_mobile": "25",
                                "button_typography_typography": "custom",
                                "button_typography_font_size": {
                                    "unit": "px",
                                    "size": 20,
                                    "sizes": []
                                },
                                "button_typography_line_height": {
                                    "unit": "px",
                                    "size": 43,
                                    "sizes": []
                                },
                                "field_border_color": "rgba(0, 0, 0, 0.15)",
                                "field_border_radius": {
                                    "unit": "px",
                                    "top": "0",
                                    "right": "0",
                                    "bottom": "0",
                                    "left": "0",
                                    "isLinked": true
                                },
                                "button_border_radius": {
                                    "unit": "px",
                                    "top": "0",
                                    "right": "0",
                                    "bottom": "0",
                                    "left": "0",
                                    "isLinked": false
                                },
                                "step_next_label": "Next",
                                "step_previous_label": "Previous",
                                "input_size": "md",
                                "__globals__": {
                                    "button_background_color": "globals\/colors?id=a02183e",
                                    "button_border_color": "globals\/colors?id=a02183e",
                                    "button_background_hover_color": "globals\/colors?id=411f1fb",
                                    "button_hover_border_color": "globals\/colors?id=411f1fb"
                                }
                            },
                            "elements": [],
                            "isInner": false,
                            "widgetType": "form",
                            "elType": "widget"
                        },
                        {
                            "id": "27de7428",
                            "settings": {
                                "text": "Divider",
                                "color": "rgba(0, 0, 0, 0.1)",
                                "gap": {
                                    "unit": "px",
                                    "size": 40,
                                    "sizes": []
                                },
                                "gap_mobile": {
                                    "unit": "px",
                                    "size": 30,
                                    "sizes": []
                                }
                            },
                            "elements": [],
                            "isInner": false,
                            "widgetType": "divider",
                            "elType": "widget"
                        },
                        {
                            "id": "4fae2f1a",
                            "settings": {
                                "title": "Popular Categories",
                                "header_size": "h3",
                                "align_mobile": "center",
                                "typography_typography": "custom",
                                "typography_font_size": {
                                    "unit": "px",
                                    "size": 20,
                                    "sizes": []
                                },
                                "typography_line_height": {
                                    "unit": "em",
                                    "size": 1.4,
                                    "sizes": []
                                },
                                "_margin": {
                                    "unit": "px",
                                    "top": "0",
                                    "right": "0",
                                    "bottom": "15",
                                    "left": "0",
                                    "isLinked": false
                                },
                                "title_color": "#000000"
                            },
                            "elements": [],
                            "isInner": false,
                            "widgetType": "heading",
                            "elType": "widget"
                        },
                        {
                            "id": "d2b8326",
                            "settings": {
                                "columns": 1,
                                "number": 1,
                                "align": "left"
                            },
                            "elements": [],
                            "isInner": false,
                            "widgetType": "wc-categories",
                            "elType": "widget"
                        },
                        {
                            "id": "5c091516",
                            "settings": {
                                "galleries": [
                                    {
                                        "gallery_title": "New Gallery",
                                        "_id": "5c11b67"
                                    }
                                ],
                                "columns": 3,
                                "gap": {
                                    "unit": "px",
                                    "size": 6,
                                    "sizes": []
                                },
                                "aspect_ratio": "1:1",
                                "thumbnail_image_size": "full",
                                "show_all_galleries_label": "All",
                                "gallery": [
                                    {
                                        "id": 84,
                                        "url": "http:\/\/templatekits.c-kav.com\/demo3\/eti\/wp-content\/uploads\/sites\/7\/2020\/10\/1200x1000-05.jpg"
                                    },
                                    {
                                        "id": 83,
                                        "url": "http:\/\/templatekits.c-kav.com\/demo3\/eti\/wp-content\/uploads\/sites\/7\/2020\/10\/1200x1000-04.jpg"
                                    },
                                    {
                                        "id": 95,
                                        "url": "http:\/\/templatekits.c-kav.com\/demo3\/eti\/wp-content\/uploads\/sites\/7\/2020\/10\/1000x1200-06.jpg"
                                    },
                                    {
                                        "id": 96,
                                        "url": "http:\/\/templatekits.c-kav.com\/demo3\/eti\/wp-content\/uploads\/sites\/7\/2020\/10\/1000x1200-05.jpg"
                                    },
                                    {
                                        "id": 97,
                                        "url": "http:\/\/templatekits.c-kav.com\/demo3\/eti\/wp-content\/uploads\/sites\/7\/2020\/10\/1200x1000-13.jpg"
                                    },
                                    {
                                        "id": 79,
                                        "url": "http:\/\/templatekits.c-kav.com\/demo3\/eti\/wp-content\/uploads\/sites\/7\/2020\/10\/1200x1000-10.jpg"
                                    }
                                ]
                            },
                            "elements": [],
                            "isInner": false,
                            "widgetType": "gallery",
                            "elType": "widget"
                        }
                    ],
                    "isInner": false,
                    "elType": "column"
                }
            ],
            "isInner": false,
            "elType": "section"
        },
        {
            "id": "335cd350",
            "settings": {
                "gap": "no",
                "border_border": "solid",
                "border_width": {
                    "unit": "px",
                    "top": "1",
                    "right": "0",
                    "bottom": "0",
                    "left": "0",
                    "isLinked": false
                },
                "border_color": "rgba(0, 0, 0, 0.1)",
                "_title": "Post navigation",
                "background_background": "classic",
                "__globals__": {
                    "background_color": "globals\/colors?id=411f1fb"
                }
            },
            "elements": [
                {
                    "id": "281c665c",
                    "settings": {
                        "_column_size": 100,
                        "_inline_size": null,
                        "padding": {
                            "unit": "px",
                            "top": "50",
                            "right": "0",
                            "bottom": "50",
                            "left": "0",
                            "isLinked": false
                        },
                        "padding_tablet": {
                            "unit": "px",
                            "top": "40",
                            "right": "40",
                            "bottom": "40",
                            "left": "40",
                            "isLinked": true
                        },
                        "padding_mobile": {
                            "unit": "px",
                            "top": "20",
                            "right": "20",
                            "bottom": "20",
                            "left": "20",
                            "isLinked": true
                        }
                    },
                    "elements": [
                        {
                            "id": "2a8b0e8a",
                            "settings": {
                                "prev_label": "Previous",
                                "next_label": "Next",
                                "show_borders": "",
                                "label_typography_typography": "custom",
                                "label_typography_font_size": {
                                    "unit": "px",
                                    "size": 14,
                                    "sizes": []
                                },
                                "label_typography_font_weight": "bold",
                                "label_typography_text_transform": "none",
                                "label_typography_font_style": "italic",
                                "title_typography_typography": "custom",
                                "title_typography_font_size": {
                                    "unit": "px",
                                    "size": 18,
                                    "sizes": []
                                },
                                "title_typography_font_weight": "normal",
                                "arrow_size": {
                                    "unit": "px",
                                    "size": 30,
                                    "sizes": []
                                },
                                "arrow_padding": {
                                    "unit": "px",
                                    "size": 20,
                                    "sizes": []
                                },
                                "sep_color": "rgba(0, 0, 0, 0.1)",
                                "borders_spacing": {
                                    "unit": "px",
                                    "size": 20,
                                    "sizes": []
                                },
                                "label_color": "#F7F7F7",
                                "text_color": "#FFFFFF",
                                "title_typography_text_transform": "capitalize",
                                "arrow_color": "#CCA75B"
                            },
                            "elements": [],
                            "isInner": false,
                            "widgetType": "post-navigation",
                            "elType": "widget"
                        }
                    ],
                    "isInner": false,
                    "elType": "column"
                }
            ],
            "isInner": false,
            "elType": "section"
        },
        {
            "id": "7656a847",
            "settings": {
                "gap": "no",
                "background_background": "classic",
                "padding": {
                    "unit": "px",
                    "top": "130",
                    "right": "0",
                    "bottom": "130",
                    "left": "0",
                    "isLinked": false
                },
                "_title": "Related posts",
                "padding_tablet": {
                    "unit": "px",
                    "top": "40",
                    "right": "40",
                    "bottom": "40",
                    "left": "40",
                    "isLinked": true
                },
                "padding_mobile": {
                    "unit": "px",
                    "top": "30",
                    "right": "30",
                    "bottom": "30",
                    "left": "30",
                    "isLinked": true
                },
                "__globals__": {
                    "background_color": "globals\/colors?id=bff8f0f"
                }
            },
            "elements": [
                {
                    "id": "597b9c9e",
                    "settings": {
                        "_column_size": 100,
                        "_inline_size": null,
                        "space_between_widgets_mobile": 0
                    },
                    "elements": [
                        {
                            "id": "c912d9",
                            "settings": {
                                "gap": "no",
                                "structure": "30",
                                "margin": {
                                    "unit": "px",
                                    "top": "0",
                                    "right": 0,
                                    "bottom": "60",
                                    "left": 0,
                                    "isLinked": false
                                },
                                "padding": {
                                    "unit": "px",
                                    "top": "0",
                                    "right": "0",
                                    "bottom": "0",
                                    "left": "0",
                                    "isLinked": false
                                }
                            },
                            "elements": [
                                {
                                    "id": "35633a30",
                                    "settings": {
                                        "_column_size": 33,
                                        "_inline_size": 20,
                                        "space_between_widgets": 0,
                                        "hide_tablet": "hidden-tablet",
                                        "hide_mobile": "hidden-phone"
                                    },
                                    "elements": [],
                                    "isInner": true,
                                    "elType": "column"
                                },
                                {
                                    "id": "65c840b2",
                                    "settings": {
                                        "_column_size": 33,
                                        "_inline_size": 59.332,
                                        "space_between_widgets": 0,
                                        "_inline_size_tablet": 100
                                    },
                                    "elements": [
                                        {
                                            "id": "6be2383f",
                                            "settings": {
                                                "title": "Related Post",
                                                "_margin": {
                                                    "unit": "px",
                                                    "top": "0",
                                                    "right": "0",
                                                    "bottom": "25",
                                                    "left": "0",
                                                    "isLinked": false
                                                },
                                                "align": "center",
                                                "__globals__": {
                                                    "typography_typography": "globals\/typography?id=f26d337"
                                                }
                                            },
                                            "elements": [],
                                            "isInner": false,
                                            "widgetType": "heading",
                                            "elType": "widget"
                                        },
                                        {
                                            "id": "1693d5f",
                                            "settings": {
                                                "editor": "<p>Sed aliquam, tortor et sodales malesuada, lorem leo luctus tellus, quis interdum eros nibh in nunc. Cras dignissim malesuada, lorem leo luctus<\/p>",
                                                "_margin": {
                                                    "unit": "px",
                                                    "top": "0",
                                                    "right": "0",
                                                    "bottom": "0",
                                                    "left": "0",
                                                    "isLinked": false
                                                },
                                                "align_mobile": "center",
                                                "text_color": "#616161",
                                                "align": "center",
                                                "__globals__": {
                                                    "typography_typography": "globals\/typography?id=41af9bf"
                                                }
                                            },
                                            "elements": [],
                                            "isInner": false,
                                            "widgetType": "text-editor",
                                            "elType": "widget"
                                        }
                                    ],
                                    "isInner": true,
                                    "elType": "column"
                                },
                                {
                                    "id": "775b7089",
                                    "settings": {
                                        "_column_size": 33,
                                        "_inline_size": 20,
                                        "space_between_widgets": 0,
                                        "hide_tablet": "hidden-tablet",
                                        "hide_mobile": "hidden-phone"
                                    },
                                    "elements": [],
                                    "isInner": true,
                                    "elType": "column"
                                }
                            ],
                            "isInner": true,
                            "elType": "section"
                        },
                        {
                            "id": "19ff1335",
                            "settings": {
                                "classic_posts_per_page": 4,
                                "classic_show_excerpt": "",
                                "classic_meta_data": [
                                    "date"
                                ],
                                "classic_meta_separator": "\/\/\/",
                                "classic_show_read_more": "",
                                "classic_read_more_text": "Read More \u00bb",
                                "cards_show_excerpt": "",
                                "cards_meta_separator": "\u2022",
                                "cards_show_read_more": "",
                                "cards_read_more_text": "Read More \u00bb",
                                "full_content_meta_separator": "\/\/\/",
                                "classic_row_gap": {
                                    "unit": "px",
                                    "size": 30,
                                    "sizes": []
                                },
                                "classic_box_padding": {
                                    "unit": "px",
                                    "top": "0",
                                    "right": "0",
                                    "bottom": "0",
                                    "left": "0",
                                    "isLinked": true
                                },
                                "classic_content_padding": {
                                    "unit": "px",
                                    "top": "20",
                                    "right": "20",
                                    "bottom": "20",
                                    "left": "20",
                                    "isLinked": true
                                },
                                "classic_box_shadow_box_shadow": {
                                    "horizontal": 0,
                                    "vertical": 5,
                                    "blur": 15,
                                    "spread": 0,
                                    "color": "rgba(0, 0, 0, 0.1)"
                                },
                                "classic_box_bg_color": "#FFFFFF",
                                "classic_image_spacing": {
                                    "unit": "px",
                                    "size": 0,
                                    "sizes": []
                                },
                                "classic_title_color": "#37302F",
                                "classic_title_spacing": {
                                    "unit": "px",
                                    "size": 5,
                                    "sizes": []
                                },
                                "classic_meta_typography_typography": "custom",
                                "classic_meta_typography_font_size": {
                                    "unit": "px",
                                    "size": 14,
                                    "sizes": []
                                },
                                "classic_meta_typography_font_style": "italic",
                                "classic_meta_spacing": {
                                    "unit": "px",
                                    "size": 0,
                                    "sizes": []
                                },
                                "cards_column_gap": {
                                    "unit": "px",
                                    "size": 40,
                                    "sizes": []
                                },
                                "cards_row_gap": {
                                    "unit": "px",
                                    "size": 40,
                                    "sizes": []
                                },
                                "cards_badge_position": "left",
                                "cards_badge_bg_color": "#FFFFFF",
                                "cards_badge_color": "#37302F",
                                "cards_badge_size": {
                                    "unit": "px",
                                    "size": 14,
                                    "sizes": []
                                },
                                "cards_badge_typography_typography": "custom",
                                "cards_badge_typography_text_transform": "none",
                                "cards_badge_typography_font_style": "italic",
                                "cards_avatar_size": {
                                    "unit": "px",
                                    "size": 50,
                                    "sizes": []
                                },
                                "cards_title_color": "#37302F",
                                "cards_meta_typography_typography": "custom",
                                "cards_meta_typography_font_style": "italic",
                                "pagination_page_limit": "5",
                                "pagination_prev_label": "&laquo; Previous",
                                "pagination_next_label": "Next &raquo;",
                                "cards_show_avatar": "",
                                "classic_columns": "4",
                                "classic_title_typography_typography": "custom",
                                "classic_title_typography_font_size": {
                                    "unit": "px",
                                    "size": 16,
                                    "sizes": []
                                },
                                "classic_title_typography_line_height": {
                                    "unit": "px",
                                    "size": 27,
                                    "sizes": []
                                }
                            },
                            "elements": [],
                            "isInner": false,
                            "widgetType": "posts",
                            "elType": "widget"
                        }
                    ],
                    "isInner": false,
                    "elType": "column"
                }
            ],
            "isInner": false,
            "elType": "section"
        }
    ],
    "page_settings": {
        "page_template": "elementor_header_footer",
        "eael_ext_toc_title": "Table of Content"
    }
}