{
    "version": "0.4",
    "title": "Common Elements",
    "type": "page",
    "metadata": {
        "template_type": "single-page",
        "include_in_zip": "1",
        "elementor_pro_required": "1",
        "wp_page_template": "elementor_canvas"
    },
    "content": [
        {
            "id": "b2a6df",
            "settings": {
                "gap": "no",
                "structure": "20",
                "margin": {
                    "unit": "px",
                    "top": "",
                    "right": 0,
                    "bottom": "",
                    "left": 0,
                    "isLinked": true
                },
                "padding": {
                    "unit": "px",
                    "top": "150",
                    "right": "0",
                    "bottom": "150",
                    "left": "0",
                    "isLinked": false
                },
                "padding_mobile": {
                    "unit": "px",
                    "top": "30",
                    "right": "30",
                    "bottom": "30",
                    "left": "30",
                    "isLinked": false
                },
                "shape_divider_top_color": "#37302F",
                "shape_divider_top_width": {
                    "unit": "%",
                    "size": 100,
                    "sizes": []
                },
                "shape_divider_top_height": {
                    "unit": "px",
                    "size": 500,
                    "sizes": []
                },
                "padding_tablet": {
                    "unit": "px",
                    "top": "40",
                    "right": "40",
                    "bottom": "40",
                    "left": "40",
                    "isLinked": true
                }
            },
            "elements": [
                {
                    "id": "73297f3",
                    "settings": {
                        "_column_size": 50,
                        "_inline_size": null,
                        "space_between_widgets": 0,
                        "_inline_size_tablet": 100,
                        "margin_mobile": {
                            "unit": "px",
                            "top": "0",
                            "right": "0",
                            "bottom": "30",
                            "left": "0",
                            "isLinked": false
                        },
                        "margin_tablet": {
                            "unit": "px",
                            "top": "0",
                            "right": "0",
                            "bottom": "40",
                            "left": "0",
                            "isLinked": false
                        }
                    },
                    "elements": [
                        {
                            "id": "5382ee98",
                            "settings": {
                                "title": "Main Title",
                                "header_size": "h1",
                                "_margin": {
                                    "unit": "px",
                                    "top": "0",
                                    "right": "0",
                                    "bottom": "0",
                                    "left": "0",
                                    "isLinked": false
                                },
                                "align_mobile": "center",
                                "_margin_mobile": {
                                    "unit": "px",
                                    "top": "0",
                                    "right": "0",
                                    "bottom": "20",
                                    "left": "0",
                                    "isLinked": false
                                },
                                "__globals__": {
                                    "typography_typography": "globals\/typography?id=2351def"
                                }
                            },
                            "elements": [],
                            "isInner": false,
                            "widgetType": "heading",
                            "elType": "widget"
                        },
                        {
                            "id": "7b9303fc",
                            "settings": {
                                "text": "Divider",
                                "color": "rgba(0, 0, 0, 0.1)",
                                "gap": {
                                    "unit": "px",
                                    "size": 20,
                                    "sizes": []
                                },
                                "gap_mobile": {
                                    "unit": "px",
                                    "size": 20,
                                    "sizes": []
                                }
                            },
                            "elements": [],
                            "isInner": false,
                            "widgetType": "divider",
                            "elType": "widget"
                        },
                        {
                            "id": "19f7e3db",
                            "settings": {
                                "title": "Section Title",
                                "header_size": "h1",
                                "_margin": {
                                    "unit": "px",
                                    "top": "0",
                                    "right": "0",
                                    "bottom": "0",
                                    "left": "0",
                                    "isLinked": false
                                },
                                "align_mobile": "center",
                                "_margin_mobile": {
                                    "unit": "px",
                                    "top": "0",
                                    "right": "0",
                                    "bottom": "20",
                                    "left": "0",
                                    "isLinked": false
                                },
                                "__globals__": {
                                    "typography_typography": "globals\/typography?id=f26d337"
                                }
                            },
                            "elements": [],
                            "isInner": false,
                            "widgetType": "heading",
                            "elType": "widget"
                        },
                        {
                            "id": "63be6b79",
                            "settings": {
                                "text": "Divider",
                                "color": "rgba(0, 0, 0, 0.1)",
                                "gap": {
                                    "unit": "px",
                                    "size": 30,
                                    "sizes": []
                                },
                                "gap_mobile": {
                                    "unit": "px",
                                    "size": 20,
                                    "sizes": []
                                }
                            },
                            "elements": [],
                            "isInner": false,
                            "widgetType": "divider",
                            "elType": "widget"
                        },
                        {
                            "id": "23df8672",
                            "settings": {
                                "title": "Content Title",
                                "header_size": "h1",
                                "_margin": {
                                    "unit": "px",
                                    "top": "0",
                                    "right": "0",
                                    "bottom": "0",
                                    "left": "0",
                                    "isLinked": false
                                },
                                "align_mobile": "center",
                                "_margin_mobile": {
                                    "unit": "px",
                                    "top": "0",
                                    "right": "0",
                                    "bottom": "20",
                                    "left": "0",
                                    "isLinked": false
                                },
                                "__globals__": {
                                    "typography_typography": "globals\/typography?id=12dff98"
                                }
                            },
                            "elements": [],
                            "isInner": false,
                            "widgetType": "heading",
                            "elType": "widget"
                        },
                        {
                            "id": "58be0eac",
                            "settings": {
                                "text": "Divider",
                                "color": "rgba(0, 0, 0, 0.1)",
                                "gap": {
                                    "unit": "px",
                                    "size": 20,
                                    "sizes": []
                                },
                                "gap_mobile": {
                                    "unit": "px",
                                    "size": 20,
                                    "sizes": []
                                }
                            },
                            "elements": [],
                            "isInner": false,
                            "widgetType": "divider",
                            "elType": "widget"
                        },
                        {
                            "id": "a03591",
                            "settings": {
                                "title": "Mini Title",
                                "header_size": "h1",
                                "_margin": {
                                    "unit": "px",
                                    "top": "0",
                                    "right": "0",
                                    "bottom": "0",
                                    "left": "0",
                                    "isLinked": false
                                },
                                "align_mobile": "center",
                                "_margin_mobile": {
                                    "unit": "px",
                                    "top": "0",
                                    "right": "0",
                                    "bottom": "20",
                                    "left": "0",
                                    "isLinked": false
                                },
                                "__globals__": {
                                    "typography_typography": "globals\/typography?id=e173dc0"
                                }
                            },
                            "elements": [],
                            "isInner": false,
                            "widgetType": "heading",
                            "elType": "widget"
                        },
                        {
                            "id": "32edbe10",
                            "settings": {
                                "text": "Divider",
                                "color": "rgba(0, 0, 0, 0.1)",
                                "gap": {
                                    "unit": "px",
                                    "size": 20,
                                    "sizes": []
                                },
                                "gap_mobile": {
                                    "unit": "px",
                                    "size": 20,
                                    "sizes": []
                                }
                            },
                            "elements": [],
                            "isInner": false,
                            "widgetType": "divider",
                            "elType": "widget"
                        },
                        {
                            "id": "3b26cd6a",
                            "settings": {
                                "editor": "<p>Main Subtitle - Lorem ipsum dolor sit amet, consectetur adipiscing elit, sed do eiusmod tempor incididunt ut labore et dolore magna aliqua.\u00a0<\/p>",
                                "__globals__": {
                                    "typography_typography": "globals\/typography?id=432a276"
                                },
                                "_margin": {
                                    "unit": "px",
                                    "top": "0",
                                    "right": "0",
                                    "bottom": "0",
                                    "left": "0",
                                    "isLinked": false
                                },
                                "_padding": {
                                    "unit": "px",
                                    "top": "0",
                                    "right": "0",
                                    "bottom": "0",
                                    "left": "0",
                                    "isLinked": false
                                }
                            },
                            "elements": [],
                            "isInner": false,
                            "widgetType": "text-editor",
                            "elType": "widget"
                        },
                        {
                            "id": "7776eacd",
                            "settings": {
                                "text": "Divider",
                                "color": "rgba(0, 0, 0, 0.1)",
                                "gap": {
                                    "unit": "px",
                                    "size": 20,
                                    "sizes": []
                                },
                                "gap_mobile": {
                                    "unit": "px",
                                    "size": 20,
                                    "sizes": []
                                }
                            },
                            "elements": [],
                            "isInner": false,
                            "widgetType": "divider",
                            "elType": "widget"
                        },
                        {
                            "id": "73da4f63",
                            "settings": {
                                "editor": "<p>Section Subtitle - Lorem ipsum dolor sit amet, consectetur adipiscing elit, sed do eiusmod tempor incididunt ut labore et dolore magna aliqua adipiscing consectetur.<\/p>",
                                "__globals__": {
                                    "typography_typography": "globals\/typography?id=fadba4b"
                                },
                                "_margin": {
                                    "unit": "px",
                                    "top": "0",
                                    "right": "0",
                                    "bottom": "0",
                                    "left": "0",
                                    "isLinked": false
                                },
                                "_padding": {
                                    "unit": "px",
                                    "top": "0",
                                    "right": "0",
                                    "bottom": "0",
                                    "left": "0",
                                    "isLinked": false
                                }
                            },
                            "elements": [],
                            "isInner": false,
                            "widgetType": "text-editor",
                            "elType": "widget"
                        },
                        {
                            "id": "5c8a057c",
                            "settings": {
                                "text": "Divider",
                                "color": "rgba(0, 0, 0, 0.1)",
                                "gap": {
                                    "unit": "px",
                                    "size": 20,
                                    "sizes": []
                                },
                                "gap_mobile": {
                                    "unit": "px",
                                    "size": 20,
                                    "sizes": []
                                }
                            },
                            "elements": [],
                            "isInner": false,
                            "widgetType": "divider",
                            "elType": "widget"
                        },
                        {
                            "id": "1e49edbd",
                            "settings": {
                                "editor": "Body text - Lorem ipsum dolor sit amet, consectetur adipiscing elit, sed do eiusmod tempor incididunt ut labore et dolore magna aliqua. Ut enim ad minim veniam, quis nostrud exercitation ullamco laboris nisi ut aliquip ex ea commodo consequat. Duis aute irure dolor in reprehenderit in voluptate velit esse cillum dolore eu fugiat nulla pariatur. Excepteur sint occaecat cupidatat non proident, sunt in culpa qui officia deserunt mollit anim id est laborum.",
                                "__globals__": {
                                    "typography_typography": "globals\/typography?id=41af9bf"
                                },
                                "_margin": {
                                    "unit": "px",
                                    "top": "0",
                                    "right": "0",
                                    "bottom": "0",
                                    "left": "0",
                                    "isLinked": false
                                },
                                "_padding": {
                                    "unit": "px",
                                    "top": "0",
                                    "right": "0",
                                    "bottom": "0",
                                    "left": "0",
                                    "isLinked": false
                                }
                            },
                            "elements": [],
                            "isInner": false,
                            "widgetType": "text-editor",
                            "elType": "widget"
                        }
                    ],
                    "isInner": false,
                    "elType": "column"
                },
                {
                    "id": "3c1a7041",
                    "settings": {
                        "_column_size": 50,
                        "_inline_size": null,
                        "space_between_widgets": 0,
                        "margin": {
                            "unit": "px",
                            "top": "0",
                            "right": "0",
                            "bottom": "0",
                            "left": "0",
                            "isLinked": false
                        },
                        "padding": {
                            "unit": "px",
                            "top": "0",
                            "right": "0",
                            "bottom": "0",
                            "left": "60",
                            "isLinked": false
                        },
                        "margin_mobile": {
                            "unit": "px",
                            "top": "0",
                            "right": "0",
                            "bottom": "30",
                            "left": "0",
                            "isLinked": false
                        },
                        "padding_mobile": {
                            "unit": "px",
                            "top": "0",
                            "right": "0",
                            "bottom": "0",
                            "left": "0",
                            "isLinked": true
                        },
                        "_inline_size_tablet": 100,
                        "padding_tablet": {
                            "unit": "px",
                            "top": "0",
                            "right": "0",
                            "bottom": "0",
                            "left": "0",
                            "isLinked": false
                        }
                    },
                    "elements": [
                        {
                            "id": "675fee63",
                            "settings": {
                                "title": "H1 - Title text",
                                "header_size": "h1",
                                "_margin": {
                                    "unit": "px",
                                    "top": "0",
                                    "right": "0",
                                    "bottom": "30",
                                    "left": "0",
                                    "isLinked": false
                                },
                                "typography_font_size_mobile": {
                                    "unit": "px",
                                    "size": 35,
                                    "sizes": []
                                },
                                "_margin_mobile": {
                                    "unit": "px",
                                    "top": "0",
                                    "right": "0",
                                    "bottom": "20",
                                    "left": "0",
                                    "isLinked": false
                                }
                            },
                            "elements": [],
                            "isInner": false,
                            "widgetType": "heading",
                            "elType": "widget"
                        },
                        {
                            "id": "2149e23e",
                            "settings": {
                                "title": "H2 - Title text",
                                "_margin": {
                                    "unit": "px",
                                    "top": "0",
                                    "right": "0",
                                    "bottom": "30",
                                    "left": "0",
                                    "isLinked": false
                                },
                                "typography_font_size_mobile": {
                                    "unit": "px",
                                    "size": 30,
                                    "sizes": []
                                },
                                "_margin_mobile": {
                                    "unit": "px",
                                    "top": "0",
                                    "right": "0",
                                    "bottom": "20",
                                    "left": "0",
                                    "isLinked": false
                                }
                            },
                            "elements": [],
                            "isInner": false,
                            "widgetType": "heading",
                            "elType": "widget"
                        },
                        {
                            "id": "69733403",
                            "settings": {
                                "title": "H3 - Title text",
                                "header_size": "h3",
                                "_margin": {
                                    "unit": "px",
                                    "top": "0",
                                    "right": "0",
                                    "bottom": "20",
                                    "left": "0",
                                    "isLinked": false
                                },
                                "typography_font_size_mobile": {
                                    "unit": "px",
                                    "size": 30,
                                    "sizes": []
                                },
                                "_margin_mobile": {
                                    "unit": "px",
                                    "top": "0",
                                    "right": "0",
                                    "bottom": "20",
                                    "left": "0",
                                    "isLinked": false
                                }
                            },
                            "elements": [],
                            "isInner": false,
                            "widgetType": "heading",
                            "elType": "widget"
                        },
                        {
                            "id": "35cc37b2",
                            "settings": {
                                "title": "H4 - Title text",
                                "header_size": "h4",
                                "_margin": {
                                    "unit": "px",
                                    "top": "0",
                                    "right": "0",
                                    "bottom": "15",
                                    "left": "0",
                                    "isLinked": false
                                },
                                "typography_font_size_mobile": {
                                    "unit": "px",
                                    "size": 26,
                                    "sizes": []
                                }
                            },
                            "elements": [],
                            "isInner": false,
                            "widgetType": "heading",
                            "elType": "widget"
                        },
                        {
                            "id": "e7e393c",
                            "settings": {
                                "title": "H5 - Title text",
                                "header_size": "h5",
                                "_margin": {
                                    "unit": "px",
                                    "top": "0",
                                    "right": "0",
                                    "bottom": "15",
                                    "left": "0",
                                    "isLinked": false
                                }
                            },
                            "elements": [],
                            "isInner": false,
                            "widgetType": "heading",
                            "elType": "widget"
                        },
                        {
                            "id": "5e5c21b5",
                            "settings": {
                                "title": "H6 - Title text",
                                "header_size": "h6",
                                "_margin": {
                                    "unit": "px",
                                    "top": "0",
                                    "right": "0",
                                    "bottom": "15",
                                    "left": "0",
                                    "isLinked": false
                                }
                            },
                            "elements": [],
                            "isInner": false,
                            "widgetType": "heading",
                            "elType": "widget"
                        },
                        {
                            "id": "20279735",
                            "settings": {
                                "text": "Divider",
                                "color": "rgba(0, 0, 0, 0.1)",
                                "gap": {
                                    "unit": "px",
                                    "size": 30,
                                    "sizes": []
                                },
                                "gap_mobile": {
                                    "unit": "px",
                                    "size": 20,
                                    "sizes": []
                                }
                            },
                            "elements": [],
                            "isInner": false,
                            "widgetType": "divider",
                            "elType": "widget"
                        },
                        {
                            "id": "58f55970",
                            "settings": {
                                "text": "Buttons",
                                "icon_align": "right",
                                "icon_indent": {
                                    "unit": "px",
                                    "size": 0,
                                    "sizes": []
                                },
                                "align_mobile": "left",
                                "__globals__": {
                                    "background_color": ""
                                }
                            },
                            "elements": [],
                            "isInner": false,
                            "widgetType": "button",
                            "elType": "widget"
                        }
                    ],
                    "isInner": false,
                    "elType": "column"
                }
            ],
            "isInner": false,
            "elType": "section"
        },
        {
            "id": "1ab62d7f",
            "settings": {
                "structure": "20",
                "margin": {
                    "unit": "px",
                    "top": "0",
                    "right": 0,
                    "bottom": "0",
                    "left": 0,
                    "isLinked": true
                },
                "padding": {
                    "unit": "px",
                    "top": "100",
                    "right": "100",
                    "bottom": "100",
                    "left": "100",
                    "isLinked": true
                },
                "padding_mobile": {
                    "unit": "px",
                    "top": "0",
                    "right": "0",
                    "bottom": "0",
                    "left": "0",
                    "isLinked": true
                },
                "padding_tablet": {
                    "unit": "px",
                    "top": "40",
                    "right": "40",
                    "bottom": "40",
                    "left": "40",
                    "isLinked": true
                }
            },
            "elements": [
                {
                    "id": "61ec6bdf",
                    "settings": {
                        "_column_size": 50,
                        "_inline_size": null,
                        "background_background": "classic",
                        "padding": {
                            "unit": "px",
                            "top": "50",
                            "right": "50",
                            "bottom": "50",
                            "left": "50",
                            "isLinked": true
                        },
                        "padding_mobile": {
                            "unit": "px",
                            "top": "30",
                            "right": "30",
                            "bottom": "30",
                            "left": "30",
                            "isLinked": true
                        },
                        "_inline_size_tablet": 100,
                        "__globals__": {
                            "background_color": "globals\/colors?id=bff8f0f"
                        }
                    },
                    "elements": [
                        {
                            "id": "5e9f130e",
                            "settings": {
                                "form_name": "New Form",
                                "form_fields": [
                                    {
                                        "custom_id": "name",
                                        "field_label": "Name",
                                        "placeholder": "Name",
                                        "_id": "e3ed562",
                                        "file_sizes": "",
                                        "file_types": "",
                                        "allow_multiple_upload": "",
                                        "max_files": "",
                                        "acceptance_text": "",
                                        "checked_by_default": "",
                                        "field_min": "",
                                        "field_max": "",
                                        "min_date": "",
                                        "max_date": "",
                                        "use_native_date": "",
                                        "use_native_time": "",
                                        "previous_button": "",
                                        "next_button": ""
                                    },
                                    {
                                        "custom_id": "email",
                                        "field_type": "email",
                                        "required": "true",
                                        "field_label": "Email",
                                        "placeholder": "Email",
                                        "_id": "3fcbbaf",
                                        "file_sizes": "",
                                        "file_types": "",
                                        "allow_multiple_upload": "",
                                        "max_files": "",
                                        "acceptance_text": "",
                                        "checked_by_default": "",
                                        "field_min": "",
                                        "field_max": "",
                                        "min_date": "",
                                        "max_date": "",
                                        "use_native_date": "",
                                        "use_native_time": "",
                                        "previous_button": "",
                                        "next_button": ""
                                    },
                                    {
                                        "custom_id": "message",
                                        "field_type": "textarea",
                                        "field_label": "Message",
                                        "placeholder": "Message",
                                        "_id": "2d3715e",
                                        "file_sizes": "",
                                        "file_types": "",
                                        "allow_multiple_upload": "",
                                        "max_files": "",
                                        "acceptance_text": "",
                                        "checked_by_default": "",
                                        "field_min": "",
                                        "field_max": "",
                                        "min_date": "",
                                        "max_date": "",
                                        "use_native_date": "",
                                        "use_native_time": "",
                                        "previous_button": "",
                                        "next_button": ""
                                    }
                                ],
                                "show_labels": "",
                                "button_text": "Send Message",
                                "button_width": "",
                                "button_icon_align": "right",
                                "email_content": "[all-fields]",
                                "email_content_2": "[all-fields]",
                                "success_message": "The form was sent successfully.",
                                "error_message": "An error occured.",
                                "required_field_message": "This field is required.",
                                "invalid_message": "There's something wrong. The form is invalid.",
                                "button_align": "start",
                                "button_icon_indent": {
                                    "unit": "px",
                                    "size": 10,
                                    "sizes": []
                                },
                                "column_gap": {
                                    "unit": "px",
                                    "size": 20,
                                    "sizes": []
                                },
                                "row_gap": {
                                    "unit": "px",
                                    "size": 30,
                                    "sizes": []
                                },
                                "label_spacing": {
                                    "unit": "px",
                                    "size": 10,
                                    "sizes": []
                                },
                                "field_background_color": "",
                                "button_text_color": "",
                                "button_hover_color": "",
                                "button_hover_border_color": "#37302F",
                                "step_next_label": "Next",
                                "step_previous_label": "Previous",
                                "input_size": "md",
                                "field_typography_font_size": {
                                    "unit": "px",
                                    "size": 16,
                                    "sizes": []
                                },
                                "previous_button_text_color": "",
                                "previous_button_text_color_hover": ""
                            },
                            "elements": [],
                            "isInner": false,
                            "widgetType": "form",
                            "elType": "widget"
                        }
                    ],
                    "isInner": false,
                    "elType": "column"
                },
                {
                    "id": "17ee4d75",
                    "settings": {
                        "_column_size": 50,
                        "_inline_size": null,
                        "background_background": "classic",
                        "padding": {
                            "unit": "px",
                            "top": "50",
                            "right": "50",
                            "bottom": "50",
                            "left": "50",
                            "isLinked": true
                        },
                        "padding_mobile": {
                            "unit": "px",
                            "top": "30",
                            "right": "30",
                            "bottom": "30",
                            "left": "30",
                            "isLinked": true
                        },
                        "_inline_size_tablet": 100,
                        "__globals__": {
                            "background_color": "globals\/colors?id=411f1fb"
                        }
                    },
                    "elements": [
                        {
                            "id": "673762ca",
                            "settings": {
                                "form_name": "New Form",
                                "form_fields": [
                                    {
                                        "custom_id": "name",
                                        "field_label": "Name",
                                        "placeholder": "Name",
                                        "_id": "e3ed562",
                                        "file_sizes": "",
                                        "file_types": "",
                                        "allow_multiple_upload": "",
                                        "max_files": "",
                                        "acceptance_text": "",
                                        "checked_by_default": "",
                                        "field_min": "",
                                        "field_max": "",
                                        "min_date": "",
                                        "max_date": "",
                                        "use_native_date": "",
                                        "use_native_time": "",
                                        "previous_button": "",
                                        "next_button": ""
                                    },
                                    {
                                        "custom_id": "email",
                                        "field_type": "email",
                                        "required": "true",
                                        "field_label": "Email",
                                        "placeholder": "Email",
                                        "_id": "3fcbbaf",
                                        "file_sizes": "",
                                        "file_types": "",
                                        "allow_multiple_upload": "",
                                        "max_files": "",
                                        "acceptance_text": "",
                                        "checked_by_default": "",
                                        "field_min": "",
                                        "field_max": "",
                                        "min_date": "",
                                        "max_date": "",
                                        "use_native_date": "",
                                        "use_native_time": "",
                                        "previous_button": "",
                                        "next_button": ""
                                    },
                                    {
                                        "custom_id": "message",
                                        "field_type": "textarea",
                                        "field_label": "Message",
                                        "placeholder": "Message",
                                        "_id": "2d3715e",
                                        "file_sizes": "",
                                        "file_types": "",
                                        "allow_multiple_upload": "",
                                        "max_files": "",
                                        "acceptance_text": "",
                                        "checked_by_default": "",
                                        "field_min": "",
                                        "field_max": "",
                                        "min_date": "",
                                        "max_date": "",
                                        "use_native_date": "",
                                        "use_native_time": "",
                                        "previous_button": "",
                                        "next_button": ""
                                    }
                                ],
                                "show_labels": "",
                                "button_text": "Send Message",
                                "button_width": "",
                                "button_icon_align": "right",
                                "email_content": "[all-fields]",
                                "email_content_2": "[all-fields]",
                                "success_message": "The form was sent successfully.",
                                "error_message": "An error occured.",
                                "required_field_message": "This field is required.",
                                "invalid_message": "There's something wrong. The form is invalid.",
                                "button_align": "start",
                                "button_icon_indent": {
                                    "unit": "px",
                                    "size": 10,
                                    "sizes": []
                                },
                                "column_gap": {
                                    "unit": "px",
                                    "size": 20,
                                    "sizes": []
                                },
                                "row_gap": {
                                    "unit": "px",
                                    "size": 30,
                                    "sizes": []
                                },
                                "label_spacing": {
                                    "unit": "px",
                                    "size": 10,
                                    "sizes": []
                                },
                                "field_background_color": "",
                                "button_text_color": "",
                                "button_hover_border_color": "#37302F",
                                "step_next_label": "Next",
                                "step_previous_label": "Previous",
                                "input_size": "md",
                                "field_typography_font_size": {
                                    "unit": "px",
                                    "size": 16,
                                    "sizes": []
                                },
                                "field_border_color": "#FFFFFF26",
                                "previous_button_text_color": "",
                                "previous_button_text_color_hover": "",
                                "__globals__": {
                                    "field_text_color": "globals\/colors?id=e766922",
                                    "button_background_hover_color": "globals\/colors?id=e766922",
                                    "button_hover_color": "globals\/colors?id=411f1fb"
                                }
                            },
                            "elements": [],
                            "isInner": false,
                            "widgetType": "form",
                            "elType": "widget"
                        }
                    ],
                    "isInner": false,
                    "elType": "column"
                }
            ],
            "isInner": false,
            "elType": "section"
        }
    ]
}