{
    "version": "0.4",
    "title": "Full screen menu",
    "type": "popup",
    "metadata": {
        "template_type": "section-popup",
        "include_in_zip": "1",
        "elementor_pro_required": "1",
        "elementor_library_type": "popup",
        "additional_template_information": [
            "This is a \"Popup\" template for Elementor Pro."
        ],
        "wp_page_template": "default"
    },
    "content": [
        {
            "id": "7a920588",
            "settings": {
                "gap": "no",
                "height": "min-height",
                "custom_height": {
                    "unit": "vh",
                    "size": 100,
                    "sizes": []
                },
                "content_position": "middle",
                "structure": "20",
                "background_color": "#201C25",
                "margin": {
                    "unit": "%",
                    "top": "",
                    "right": 0,
                    "bottom": "",
                    "left": 0,
                    "isLinked": true
                },
                "_title": "Full screen menu",
                "custom_height_tablet": {
                    "unit": "px",
                    "size": 400,
                    "sizes": []
                },
                "custom_height_mobile": {
                    "unit": "px",
                    "size": 400,
                    "sizes": []
                },
                "padding_tablet": {
                    "unit": "px",
                    "top": "40",
                    "right": "40",
                    "bottom": "40",
                    "left": "40",
                    "isLinked": true
                },
                "padding_mobile": {
                    "unit": "px",
                    "top": "30",
                    "right": "30",
                    "bottom": "30",
                    "left": "30",
                    "isLinked": true
                },
                "background_background": "classic"
            },
            "elements": [
                {
                    "id": "7c1e784c",
                    "settings": {
                        "_column_size": 50,
                        "_inline_size": 65,
                        "_inline_size_tablet": 100,
                        "space_between_widgets_mobile": 0,
                        "margin_tablet": {
                            "unit": "px",
                            "top": "0",
                            "right": "0",
                            "bottom": "25",
                            "left": "0",
                            "isLinked": false
                        },
                        "margin_mobile": {
                            "unit": "px",
                            "top": "25",
                            "right": "0",
                            "bottom": "25",
                            "left": "0",
                            "isLinked": false
                        },
                        "content_position": "top"
                    },
                    "elements": [
                        {
                            "id": "5860635e",
                            "settings": {
                                "layout": "dropdown",
                                "pointer": "none",
                                "toggle": "",
                                "toggle_align": "left",
                                "menu_typography_typography": "custom",
                                "menu_typography_font_family": "Open Sans Condensed",
                                "menu_typography_font_size": {
                                    "unit": "px",
                                    "size": 30,
                                    "sizes": []
                                },
                                "menu_typography_font_weight": "bold",
                                "menu_typography_text_transform": "uppercase",
                                "menu_typography_font_style": "normal",
                                "menu_typography_text_decoration": "none",
                                "menu_typography_line_height": {
                                    "unit": "em",
                                    "size": 1.2,
                                    "sizes": []
                                },
                                "menu_typography_letter_spacing": {
                                    "unit": "px",
                                    "size": 0,
                                    "sizes": []
                                },
                                "color_menu_item": "rgba(255, 255, 255, 0.5)",
                                "color_menu_item_hover": "#FFFFFF",
                                "padding_horizontal_menu_item": {
                                    "unit": "px",
                                    "size": 0,
                                    "sizes": []
                                },
                                "color_dropdown_item": "rgba(255, 255, 255, 0.5)",
                                "background_color_dropdown_item": "rgba(55, 48, 47, 0)",
                                "color_dropdown_item_hover": "#FFFFFF",
                                "background_color_dropdown_item_hover": "rgba(2, 1, 1, 0)",
                                "dropdown_typography_typography": "custom",
                                "dropdown_typography_font_size_mobile": {
                                    "unit": "px",
                                    "size": 16,
                                    "sizes": []
                                },
                                "padding_horizontal_dropdown_item_tablet": {
                                    "unit": "px",
                                    "size": 0,
                                    "sizes": []
                                },
                                "padding_horizontal_dropdown_item_mobile": {
                                    "unit": "px",
                                    "size": 0,
                                    "sizes": []
                                },
                                "padding_vertical_dropdown_item_mobile": {
                                    "unit": "px",
                                    "size": 8,
                                    "sizes": []
                                },
                                "dropdown_top_distance_tablet": {
                                    "unit": "px",
                                    "size": 0,
                                    "sizes": []
                                },
                                "dropdown_top_distance_mobile": {
                                    "unit": "px",
                                    "size": 0,
                                    "sizes": []
                                },
                                "_margin_mobile": {
                                    "unit": "px",
                                    "top": "-15",
                                    "right": "0",
                                    "bottom": "0",
                                    "left": "-15",
                                    "isLinked": false
                                },
                                "_padding_mobile": {
                                    "unit": "px",
                                    "top": "0",
                                    "right": "0",
                                    "bottom": "0",
                                    "left": "0",
                                    "isLinked": false
                                },
                                "dropdown_divider_width": {
                                    "unit": "px",
                                    "size": 1,
                                    "sizes": []
                                },
                                "_element_width": "initial",
                                "dropdown_typography_font_size": {
                                    "unit": "px",
                                    "size": 18,
                                    "sizes": []
                                },
                                "dropdown_border_width": {
                                    "unit": "px",
                                    "top": "0",
                                    "right": "0",
                                    "bottom": "15",
                                    "left": "20",
                                    "isLinked": false
                                },
                                "padding_horizontal_dropdown_item": {
                                    "unit": "px",
                                    "size": 0,
                                    "sizes": []
                                },
                                "padding_vertical_dropdown_item": {
                                    "unit": "px",
                                    "size": 14,
                                    "sizes": []
                                },
                                "dropdown_divider_border": "solid",
                                "dropdown_divider_color": "rgba(255, 255, 255, 0.1)",
                                "indicator": "chevron",
                                "padding_vertical_menu_item": {
                                    "unit": "px",
                                    "size": 10,
                                    "sizes": []
                                },
                                "menu_space_between": {
                                    "unit": "px",
                                    "size": 0,
                                    "sizes": []
                                },
                                "background_color_dropdown_item_active": "rgba(2, 1, 1, 0)",
                                "dropdown_typography_font_family": "Poppins",
                                "dropdown_typography_font_weight": "600",
                                "dropdown_border_border": "solid",
                                "dropdown_border_width_tablet": {
                                    "unit": "px",
                                    "top": "0",
                                    "right": "0",
                                    "bottom": "0",
                                    "left": "20",
                                    "isLinked": false
                                },
                                "dropdown_border_width_mobile": {
                                    "unit": "px",
                                    "top": "5",
                                    "right": "0",
                                    "bottom": "10",
                                    "left": "15",
                                    "isLinked": false
                                },
                                "dropdown_border_color": "rgba(2, 1, 1, 0)",
                                "_margin": {
                                    "unit": "px",
                                    "top": "0",
                                    "right": "0",
                                    "bottom": "0",
                                    "left": "-20",
                                    "isLinked": false
                                },
                                "_margin_tablet": {
                                    "unit": "px",
                                    "top": "0",
                                    "right": "0",
                                    "bottom": "0",
                                    "left": "-20",
                                    "isLinked": false
                                },
                                "_padding": {
                                    "unit": "px",
                                    "top": "0",
                                    "right": "0",
                                    "bottom": "0",
                                    "left": "0",
                                    "isLinked": false
                                },
                                "_element_width_tablet": "inherit",
                                "_element_custom_width": {
                                    "unit": "%",
                                    "size": 50,
                                    "sizes": []
                                },
                                "color_dropdown_item_active": "#FFFFFF",
                                "dropdown_typography_font_size_tablet": {
                                    "unit": "px",
                                    "size": 16,
                                    "sizes": []
                                },
                                "__globals__": {
                                    "dropdown_typography_typography": ""
                                },
                                "dropdown_typography_line_height": {
                                    "unit": "px",
                                    "size": 22,
                                    "sizes": []
                                },
                                "dropdown_typography_line_height_tablet": {
                                    "unit": "px",
                                    "size": 22,
                                    "sizes": []
                                },
                                "dropdown_typography_line_height_mobile": {
                                    "unit": "px",
                                    "size": 22,
                                    "sizes": []
                                }
                            },
                            "elements": [],
                            "isInner": false,
                            "widgetType": "nav-menu",
                            "elType": "widget"
                        }
                    ],
                    "isInner": false,
                    "elType": "column"
                },
                {
                    "id": "1babfe18",
                    "settings": {
                        "_column_size": 50,
                        "_inline_size": 35,
                        "space_between_widgets": 0,
                        "_inline_size_tablet": 100,
                        "border_border": "solid",
                        "border_width": {
                            "unit": "px",
                            "top": "0",
                            "right": "0",
                            "bottom": "0",
                            "left": "1",
                            "isLinked": false
                        },
                        "border_width_tablet": {
                            "unit": "px",
                            "top": "1",
                            "right": "0",
                            "bottom": "0",
                            "left": "0",
                            "isLinked": false
                        },
                        "border_width_mobile": {
                            "unit": "px",
                            "top": "1",
                            "right": "0",
                            "bottom": "0",
                            "left": "0",
                            "isLinked": false
                        },
                        "border_color": "rgba(255, 255, 255, 0.1)",
                        "margin_tablet": {
                            "unit": "px",
                            "top": "0",
                            "right": "0",
                            "bottom": "0",
                            "left": "0",
                            "isLinked": false
                        },
                        "padding": {
                            "unit": "px",
                            "top": "0",
                            "right": "0",
                            "bottom": "0",
                            "left": "50",
                            "isLinked": false
                        },
                        "padding_tablet": {
                            "unit": "px",
                            "top": "40",
                            "right": "0",
                            "bottom": "0",
                            "left": "0",
                            "isLinked": false
                        },
                        "padding_mobile": {
                            "unit": "px",
                            "top": "30",
                            "right": "0",
                            "bottom": "0",
                            "left": "0",
                            "isLinked": false
                        }
                    },
                    "elements": [
                        {
                            "id": "2d61da64",
                            "settings": {
                                "selected_icon": {
                                    "value": "fas fa-shopping-bag",
                                    "library": "fa-solid"
                                },
                                "size": {
                                    "unit": "px",
                                    "size": 60,
                                    "sizes": []
                                },
                                "_margin": {
                                    "unit": "px",
                                    "top": "6",
                                    "right": "0",
                                    "bottom": "10",
                                    "left": "-4",
                                    "isLinked": false
                                },
                                "_element_vertical_align": "center",
                                "__globals__": {
                                    "primary_color": "globals\/colors?id=a02183e"
                                },
                                "align": "left"
                            },
                            "elements": [],
                            "isInner": false,
                            "widgetType": "icon",
                            "elType": "widget"
                        },
                        {
                            "id": "a111536",
                            "settings": {
                                "title": "ETI",
                                "title_color": "#FFFFFF",
                                "typography_typography": "custom",
                                "_element_width": "auto",
                                "_element_vertical_align": "center",
                                "typography_font_size_mobile": {
                                    "unit": "px",
                                    "size": 25,
                                    "sizes": []
                                },
                                "header_size": "h1",
                                "_margin": {
                                    "unit": "px",
                                    "top": "0",
                                    "right": "0",
                                    "bottom": "30",
                                    "left": "0",
                                    "isLinked": false
                                }
                            },
                            "elements": [],
                            "isInner": false,
                            "widgetType": "heading",
                            "elType": "widget"
                        },
                        {
                            "id": "5a1c9936",
                            "settings": {
                                "title": "Phone",
                                "header_size": "p",
                                "_margin": {
                                    "unit": "px",
                                    "top": "0",
                                    "right": "0",
                                    "bottom": "5",
                                    "left": "0",
                                    "isLinked": false
                                },
                                "align_mobile": "left",
                                "typography_typography": "custom",
                                "typography_font_size": {
                                    "unit": "px",
                                    "size": 16,
                                    "sizes": []
                                },
                                "title_color": "rgba(255, 255, 255, 0.5)",
                                "align_tablet": "left",
                                "typography_font_weight": "normal"
                            },
                            "elements": [],
                            "isInner": false,
                            "widgetType": "heading",
                            "elType": "widget"
                        },
                        {
                            "id": "37c2b253",
                            "settings": {
                                "editor": "012-345-6789",
                                "typography_typography": "custom",
                                "typography_font_size": {
                                    "unit": "px",
                                    "size": 20,
                                    "sizes": []
                                },
                                "typography_line_height": {
                                    "unit": "em",
                                    "size": 1.2,
                                    "sizes": []
                                },
                                "_margin": {
                                    "unit": "px",
                                    "top": "0",
                                    "right": "0",
                                    "bottom": "40",
                                    "left": "0",
                                    "isLinked": false
                                },
                                "align_mobile": "left",
                                "text_color": "#FFFFFF",
                                "typography_font_family": "Montserrat",
                                "typography_font_weight": "bold",
                                "typography_font_style": "normal",
                                "_margin_mobile": {
                                    "unit": "px",
                                    "top": "0",
                                    "right": "0",
                                    "bottom": "20",
                                    "left": "0",
                                    "isLinked": false
                                }
                            },
                            "elements": [],
                            "isInner": false,
                            "widgetType": "text-editor",
                            "elType": "widget"
                        },
                        {
                            "id": "3a0f9d82",
                            "settings": {
                                "title": "Email",
                                "header_size": "h3",
                                "_margin": {
                                    "unit": "px",
                                    "top": "0",
                                    "right": "0",
                                    "bottom": "5",
                                    "left": "0",
                                    "isLinked": false
                                },
                                "align_mobile": "left",
                                "typography_typography": "custom",
                                "typography_font_size": {
                                    "unit": "px",
                                    "size": 16,
                                    "sizes": []
                                },
                                "title_color": "rgba(255, 255, 255, 0.5)",
                                "typography_font_weight": "normal",
                                "align_tablet": "left"
                            },
                            "elements": [],
                            "isInner": false,
                            "widgetType": "heading",
                            "elType": "widget"
                        },
                        {
                            "id": "48390a70",
                            "settings": {
                                "title": "enquiries@emaildomain.co.uk",
                                "header_size": "p",
                                "align_mobile": "left",
                                "title_color": "#FFFFFF",
                                "typography_typography": "custom",
                                "typography_font_family": "Montserrat",
                                "typography_font_size": {
                                    "unit": "px",
                                    "size": 20,
                                    "sizes": []
                                },
                                "typography_font_weight": "bold",
                                "typography_line_height": {
                                    "unit": "em",
                                    "size": 1.2,
                                    "sizes": []
                                },
                                "_margin": {
                                    "unit": "px",
                                    "top": "0",
                                    "right": "0",
                                    "bottom": "40",
                                    "left": "0",
                                    "isLinked": false
                                },
                                "typography_font_style": "normal",
                                "_margin_mobile": {
                                    "unit": "px",
                                    "top": "0",
                                    "right": "0",
                                    "bottom": "20",
                                    "left": "0",
                                    "isLinked": false
                                }
                            },
                            "elements": [],
                            "isInner": false,
                            "widgetType": "heading",
                            "elType": "widget"
                        },
                        {
                            "id": "2beba2b2",
                            "settings": {
                                "social_icon_list": [
                                    {
                                        "social_icon": {
                                            "value": "fab fa-facebook",
                                            "library": "fa-brands"
                                        },
                                        "_id": "68703b0"
                                    },
                                    {
                                        "social_icon": {
                                            "value": "fab fa-twitter",
                                            "library": "fa-brands"
                                        },
                                        "_id": "ad9ec22"
                                    },
                                    {
                                        "social_icon": {
                                            "value": "fab fa-youtube",
                                            "library": "fa-brands"
                                        },
                                        "_id": "802c668"
                                    },
                                    {
                                        "social_icon": {
                                            "value": "fab fa-instagram",
                                            "library": "fa-brands"
                                        },
                                        "_id": "3ea4673"
                                    }
                                ],
                                "align": "left",
                                "icon_color": "custom",
                                "icon_primary_color": "rgba(255, 255, 255, 0.05)",
                                "icon_secondary_color": "#FFFFFF",
                                "icon_size": {
                                    "unit": "px",
                                    "size": 20,
                                    "sizes": []
                                },
                                "icon_spacing": {
                                    "unit": "px",
                                    "size": 15,
                                    "sizes": []
                                },
                                "hover_secondary_color": "#FFFFFF",
                                "__globals__": {
                                    "hover_primary_color": "globals\/colors?id=a02183e"
                                }
                            },
                            "elements": [],
                            "isInner": false,
                            "widgetType": "social-icons",
                            "elType": "widget"
                        }
                    ],
                    "isInner": false,
                    "elType": "column"
                }
            ],
            "isInner": false,
            "elType": "section"
        }
    ],
    "page_settings": {
        "width": {
            "unit": "vw",
            "size": "100",
            "sizes": []
        },
        "entrance_animation": "slideInDown",
        "exit_animation": "slideInDown",
        "entrance_animation_duration": {
            "unit": "px",
            "size": "0.5",
            "sizes": []
        },
        "background_background": "classic",
        "background_color": "#37302F",
        "close_button_vertical": {
            "unit": "px",
            "size": "40",
            "sizes": []
        },
        "close_button_horizontal": {
            "unit": "px",
            "size": "40",
            "sizes": []
        },
        "close_button_color": "rgba(255, 255, 255, 0.5)",
        "close_button_hover_color": "#FFFFFF",
        "icon_size": {
            "unit": "px",
            "size": "25",
            "sizes": []
        },
        "box_shadow_box_shadow_type": "",
        "overlay_background_background": "",
        "prevent_scroll": "yes",
        "avoid_multiple_popups": "yes",
        "height": {
            "unit": "vh",
            "size": "100",
            "sizes": []
        },
        "height_tablet": {
            "unit": "vh",
            "size": "100",
            "sizes": []
        },
        "vertical_position_tablet": "top",
        "close_button_vertical_tablet": {
            "unit": "px",
            "size": "0",
            "sizes": []
        },
        "close_button_vertical_mobile": {
            "unit": "px",
            "size": "0",
            "sizes": []
        },
        "close_button_horizontal_tablet": {
            "unit": "px",
            "size": "35",
            "sizes": []
        },
        "close_button_horizontal_mobile": {
            "unit": "px",
            "size": "30",
            "sizes": []
        },
        "icon_size_mobile": {
            "unit": "px",
            "size": "16",
            "sizes": []
        },
        "close_button_background_color": "rgba(255, 255, 255, 0)",
        "icon_size_tablet": {
            "unit": "px",
            "size": "16",
            "sizes": []
        }
    }
}