{
    "version": "0.4",
    "title": "Global Kit Styles",
    "type": "section",
    "metadata": {
        "template_type": "global-styles",
        "include_in_zip": "1",
        "elementor_pro_required": "1",
        "additional_template_information": [
            "These are the global theme styles configured through the Elementor Theme Styles area."
        ],
        "wp_page_template": "default"
    },
    "content": [],
    "page_settings": {
        "system_colors": [
            {
                "_id": "primary",
                "title": "Primary",
                "color": "#6EC1E4"
            },
            {
                "_id": "secondary",
                "title": "Secondary",
                "color": "#54595F"
            },
            {
                "_id": "text",
                "title": "Text",
                "color": "#7A7A7A"
            },
            {
                "_id": "accent",
                "title": "Accent",
                "color": "#61CE70"
            }
        ],
        "custom_colors": [
            {
                "_id": "a02183e",
                "title": "ckav-default",
                "color": "#EE9761"
            },
            {
                "_id": "1e416a5",
                "title": "ckav-primary",
                "color": "#D25932"
            },
            {
                "_id": "83eaca7",
                "title": "ckav-secondary",
                "color": "#808080"
            },
            {
                "_id": "411f1fb",
                "title": "ckav-dark",
                "color": "#232323"
            },
            {
                "_id": "bff8f0f",
                "title": "ckav-light",
                "color": "#F9F4F0"
            },
            {
                "_id": "8f33fce",
                "title": "ckav-gray",
                "color": "#EDEBE8"
            },
            {
                "_id": "7890149",
                "title": "ckav-black",
                "color": "#000000"
            },
            {
                "_id": "e766922",
                "title": "ckav-white",
                "color": "#FFFFFF"
            }
        ],
        "system_typography": [
            {
                "_id": "primary",
                "title": "Primary",
                "typography_typography": "custom",
                "typography_font_family": "Roboto",
                "typography_font_weight": "600"
            },
            {
                "_id": "secondary",
                "title": "Secondary",
                "typography_typography": "custom",
                "typography_font_family": "Roboto Slab",
                "typography_font_weight": "400"
            },
            {
                "_id": "text",
                "title": "Text",
                "typography_typography": "custom",
                "typography_font_family": "Roboto",
                "typography_font_weight": "400"
            },
            {
                "_id": "accent",
                "title": "Accent",
                "typography_typography": "custom",
                "typography_font_family": "Roboto",
                "typography_font_weight": "500"
            }
        ],
        "custom_typography": [
            {
                "_id": "2351def",
                "title": "ckav-main-title",
                "typography_typography": "custom",
                "typography_font_family": "Poppins",
                "typography_font_size": {
                    "unit": "px",
                    "size": 80,
                    "sizes": []
                },
                "typography_font_weight": "600",
                "typography_line_height": {
                    "unit": "px",
                    "size": 90,
                    "sizes": []
                },
                "typography_font_size_tablet": {
                    "unit": "px",
                    "size": 60,
                    "sizes": []
                },
                "typography_font_size_mobile": {
                    "unit": "px",
                    "size": 40,
                    "sizes": []
                },
                "typography_line_height_tablet": {
                    "unit": "px",
                    "size": 70,
                    "sizes": []
                },
                "typography_line_height_mobile": {
                    "unit": "px",
                    "size": 46,
                    "sizes": []
                }
            },
            {
                "_id": "f26d337",
                "title": "ckav-section-title",
                "typography_typography": "custom",
                "typography_font_family": "Poppins",
                "typography_font_size": {
                    "unit": "px",
                    "size": 40,
                    "sizes": []
                },
                "typography_font_weight": "600",
                "typography_line_height": {
                    "unit": "px",
                    "size": 46,
                    "sizes": []
                },
                "typography_font_size_tablet": {
                    "unit": "px",
                    "size": 36,
                    "sizes": []
                },
                "typography_font_size_mobile": {
                    "unit": "px",
                    "size": 34,
                    "sizes": []
                },
                "typography_line_height_tablet": {
                    "unit": "px",
                    "size": 42,
                    "sizes": []
                },
                "typography_line_height_mobile": {
                    "unit": "px",
                    "size": 40,
                    "sizes": []
                }
            },
            {
                "_id": "12dff98",
                "title": "ckav-content-title",
                "typography_typography": "custom",
                "typography_font_family": "Poppins",
                "typography_font_size": {
                    "unit": "px",
                    "size": 16,
                    "sizes": []
                },
                "typography_font_weight": "600",
                "typography_line_height": {
                    "unit": "px",
                    "size": 22,
                    "sizes": []
                },
                "typography_font_size_tablet": {
                    "unit": "px",
                    "size": 16,
                    "sizes": []
                },
                "typography_font_size_mobile": {
                    "unit": "px",
                    "size": 16,
                    "sizes": []
                },
                "typography_line_height_tablet": {
                    "unit": "px",
                    "size": 22,
                    "sizes": []
                },
                "typography_line_height_mobile": {
                    "unit": "px",
                    "size": 22,
                    "sizes": []
                }
            },
            {
                "_id": "e173dc0",
                "title": "ckav-mini-title",
                "typography_typography": "custom",
                "typography_font_family": "Poppins",
                "typography_font_size": {
                    "unit": "px",
                    "size": 14,
                    "sizes": []
                },
                "typography_font_weight": "600",
                "typography_text_transform": "uppercase",
                "typography_line_height": {
                    "unit": "px",
                    "size": 14,
                    "sizes": []
                },
                "typography_font_size_tablet": {
                    "unit": "px",
                    "size": 14,
                    "sizes": []
                },
                "typography_font_size_mobile": {
                    "unit": "px",
                    "size": 14,
                    "sizes": []
                },
                "typography_line_height_tablet": {
                    "unit": "px",
                    "size": 14,
                    "sizes": []
                },
                "typography_line_height_mobile": {
                    "unit": "px",
                    "size": 14,
                    "sizes": []
                }
            },
            {
                "_id": "432a276",
                "title": "ckav-main-subtitle",
                "typography_typography": "custom",
                "typography_font_family": "Roboto",
                "typography_font_size": {
                    "unit": "px",
                    "size": 20,
                    "sizes": []
                },
                "typography_font_weight": "300",
                "typography_line_height": {
                    "unit": "px",
                    "size": 32,
                    "sizes": []
                },
                "typography_font_size_tablet": {
                    "unit": "px",
                    "size": 20,
                    "sizes": []
                },
                "typography_font_size_mobile": {
                    "unit": "px",
                    "size": 18,
                    "sizes": []
                },
                "typography_line_height_tablet": {
                    "unit": "px",
                    "size": 30,
                    "sizes": []
                },
                "typography_line_height_mobile": {
                    "unit": "px",
                    "size": 28,
                    "sizes": []
                }
            },
            {
                "_id": "fadba4b",
                "title": "ckav-section-subtitle",
                "typography_typography": "custom",
                "typography_font_family": "Roboto",
                "typography_font_size": {
                    "unit": "px",
                    "size": 18,
                    "sizes": []
                },
                "typography_font_weight": "300",
                "typography_line_height": {
                    "unit": "px",
                    "size": 30,
                    "sizes": []
                },
                "typography_font_size_tablet": {
                    "unit": "px",
                    "size": 18,
                    "sizes": []
                },
                "typography_font_size_mobile": {
                    "unit": "px",
                    "size": 16,
                    "sizes": []
                },
                "typography_line_height_tablet": {
                    "unit": "px",
                    "size": 28,
                    "sizes": []
                },
                "typography_line_height_mobile": {
                    "unit": "px",
                    "size": 26,
                    "sizes": []
                }
            },
            {
                "_id": "41af9bf",
                "title": "ckav-body-text",
                "typography_typography": "custom",
                "typography_font_family": "Roboto",
                "typography_font_size": {
                    "unit": "px",
                    "size": 16,
                    "sizes": []
                },
                "typography_line_height": {
                    "unit": "px",
                    "size": 28,
                    "sizes": []
                },
                "typography_font_weight": "normal",
                "typography_font_size_tablet": {
                    "unit": "px",
                    "size": 16,
                    "sizes": []
                },
                "typography_font_size_mobile": {
                    "unit": "px",
                    "size": 16,
                    "sizes": []
                },
                "typography_line_height_tablet": {
                    "unit": "px",
                    "size": 26,
                    "sizes": []
                },
                "typography_line_height_mobile": {
                    "unit": "px",
                    "size": 26,
                    "sizes": []
                }
            },
            {
                "_id": "0972216",
                "title": "ckav-button-text",
                "typography_typography": "custom",
                "typography_font_family": "Poppins",
                "typography_font_size": {
                    "unit": "px",
                    "size": 14,
                    "sizes": []
                },
                "typography_font_weight": "600",
                "typography_text_transform": "uppercase",
                "typography_line_height": {
                    "unit": "px",
                    "size": 14,
                    "sizes": []
                },
                "typography_font_size_tablet": {
                    "unit": "px",
                    "size": 14,
                    "sizes": []
                },
                "typography_font_size_mobile": {
                    "unit": "px",
                    "size": 14,
                    "sizes": []
                },
                "typography_line_height_tablet": {
                    "unit": "px",
                    "size": 14,
                    "sizes": []
                },
                "typography_line_height_mobile": {
                    "unit": "px",
                    "size": 14,
                    "sizes": []
                },
                "typography_letter_spacing": {
                    "unit": "px",
                    "size": 1,
                    "sizes": []
                }
            }
        ],
        "default_generic_fonts": "Sans-serif",
        "site_name": "ETI",
        "site_description": "Just another WC - ETI - Fashion Store Template Kit  Sites site",
        "page_title_selector": "h1.entry-title",
        "activeItemIndex": 1,
        "paragraph_spacing": {
            "unit": "px",
            "size": 0,
            "sizes": []
        },
        "h1_typography_typography": "custom",
        "h1_typography_font_family": "Poppins",
        "h1_typography_font_size": {
            "unit": "px",
            "size": 60,
            "sizes": []
        },
        "h1_typography_font_size_tablet": {
            "unit": "px",
            "size": 50,
            "sizes": []
        },
        "h1_typography_font_size_mobile": {
            "unit": "px",
            "size": 40,
            "sizes": []
        },
        "h1_typography_font_weight": "600",
        "h1_typography_line_height": {
            "unit": "px",
            "size": 70,
            "sizes": []
        },
        "h1_typography_line_height_tablet": {
            "unit": "px",
            "size": 60,
            "sizes": []
        },
        "h1_typography_line_height_mobile": {
            "unit": "px",
            "size": 46,
            "sizes": []
        },
        "h2_typography_typography": "custom",
        "h2_typography_font_family": "Poppins",
        "h2_typography_font_size": {
            "unit": "px",
            "size": 50,
            "sizes": []
        },
        "h2_typography_font_size_tablet": {
            "unit": "px",
            "size": 40,
            "sizes": []
        },
        "h2_typography_font_size_mobile": {
            "unit": "px",
            "size": 34,
            "sizes": []
        },
        "h2_typography_font_weight": "600",
        "h2_typography_line_height": {
            "unit": "px",
            "size": 56,
            "sizes": []
        },
        "h2_typography_line_height_tablet": {
            "unit": "px",
            "size": 46,
            "sizes": []
        },
        "h2_typography_line_height_mobile": {
            "unit": "px",
            "size": 40,
            "sizes": []
        },
        "h3_typography_typography": "custom",
        "h3_typography_font_family": "Poppins",
        "h3_typography_font_size": {
            "unit": "px",
            "size": 40,
            "sizes": []
        },
        "h3_typography_font_size_tablet": {
            "unit": "px",
            "size": 34,
            "sizes": []
        },
        "h3_typography_font_size_mobile": {
            "unit": "px",
            "size": 30,
            "sizes": []
        },
        "h3_typography_font_weight": "600",
        "h3_typography_line_height": {
            "unit": "px",
            "size": 46,
            "sizes": []
        },
        "h3_typography_line_height_tablet": {
            "unit": "px",
            "size": 40,
            "sizes": []
        },
        "h3_typography_line_height_mobile": {
            "unit": "px",
            "size": 36,
            "sizes": []
        },
        "h4_typography_typography": "custom",
        "h4_typography_font_family": "Poppins",
        "h4_typography_font_size": {
            "unit": "px",
            "size": 30,
            "sizes": []
        },
        "h4_typography_font_size_tablet": {
            "unit": "px",
            "size": 28,
            "sizes": []
        },
        "h4_typography_font_size_mobile": {
            "unit": "px",
            "size": 26,
            "sizes": []
        },
        "h4_typography_font_weight": "600",
        "h4_typography_line_height": {
            "unit": "px",
            "size": 36,
            "sizes": []
        },
        "h4_typography_line_height_tablet": {
            "unit": "px",
            "size": 34,
            "sizes": []
        },
        "h4_typography_line_height_mobile": {
            "unit": "px",
            "size": 32,
            "sizes": []
        },
        "h5_typography_typography": "custom",
        "h5_typography_font_family": "Poppins",
        "h5_typography_font_size": {
            "unit": "px",
            "size": 20,
            "sizes": []
        },
        "h5_typography_font_size_tablet": {
            "unit": "px",
            "size": 20,
            "sizes": []
        },
        "h5_typography_font_size_mobile": {
            "unit": "px",
            "size": 18,
            "sizes": []
        },
        "h5_typography_font_weight": "600",
        "h5_typography_line_height": {
            "unit": "px",
            "size": 26,
            "sizes": []
        },
        "h5_typography_line_height_tablet": {
            "unit": "px",
            "size": 26,
            "sizes": []
        },
        "h5_typography_line_height_mobile": {
            "unit": "px",
            "size": 24,
            "sizes": []
        },
        "h6_typography_typography": "custom",
        "h6_typography_font_family": "Poppins",
        "h6_typography_font_size": {
            "unit": "px",
            "size": 18,
            "sizes": []
        },
        "h6_typography_font_size_tablet": {
            "unit": "px",
            "size": 18,
            "sizes": []
        },
        "h6_typography_font_size_mobile": {
            "unit": "px",
            "size": 16,
            "sizes": []
        },
        "h6_typography_font_weight": "600",
        "h6_typography_line_height": {
            "unit": "px",
            "size": 24,
            "sizes": []
        },
        "h6_typography_line_height_tablet": {
            "unit": "px",
            "size": 24,
            "sizes": []
        },
        "h6_typography_line_height_mobile": {
            "unit": "px",
            "size": 22,
            "sizes": []
        },
        "button_border_radius": {
            "unit": "px",
            "top": "0",
            "right": "0",
            "bottom": "0",
            "left": "0",
            "isLinked": true
        },
        "button_padding": {
            "unit": "px",
            "top": "15",
            "right": "30",
            "bottom": "15",
            "left": "30",
            "isLinked": false
        },
        "__globals__": {
            "body_color": "globals\/colors?id=83eaca7",
            "body_typography_typography": "globals\/typography?id=41af9bf",
            "h1_color": "globals\/colors?id=411f1fb",
            "h2_color": "globals\/colors?id=411f1fb",
            "h3_color": "globals\/colors?id=411f1fb",
            "h4_color": "globals\/colors?id=411f1fb",
            "h5_color": "globals\/colors?id=411f1fb",
            "h6_color": "globals\/colors?id=411f1fb",
            "button_typography_typography": "globals\/typography?id=0972216",
            "button_text_color": "globals\/colors?id=e766922",
            "button_background_color": "globals\/colors?id=a02183e",
            "button_hover_background_color": "",
            "form_field_typography_typography": "globals\/typography?id=41af9bf"
        },
        "form_field_border_border": "solid",
        "form_field_border_width": {
            "unit": "px",
            "top": "1",
            "right": "1",
            "bottom": "1",
            "left": "1",
            "isLinked": true
        },
        "form_field_border_color": "#0000001A",
        "form_field_border_radius": {
            "unit": "px",
            "top": "0",
            "right": "0",
            "bottom": "0",
            "left": "0",
            "isLinked": true
        },
        "space_between_widgets": {
            "unit": "px",
            "size": 0,
            "sizes": []
        },
        "body_color": "#808080",
        "body_typography_typography": "custom",
        "body_typography_font_family": "Roboto",
        "body_typography_font_size": {
            "unit": "px",
            "size": 16,
            "sizes": []
        },
        "body_typography_font_size_tablet": {
            "unit": "px",
            "size": 16,
            "sizes": []
        },
        "body_typography_font_size_mobile": {
            "unit": "px",
            "size": 16,
            "sizes": []
        },
        "body_typography_font_weight": "normal",
        "body_typography_line_height": {
            "unit": "px",
            "size": 28,
            "sizes": []
        },
        "body_typography_line_height_tablet": {
            "unit": "px",
            "size": 26,
            "sizes": []
        },
        "body_typography_line_height_mobile": {
            "unit": "px",
            "size": 26,
            "sizes": []
        },
        "h1_color": "#232323",
        "h2_color": "#232323",
        "h3_color": "#232323",
        "h4_color": "#232323",
        "h5_color": "#232323",
        "h6_color": "#232323",
        "button_typography_typography": "custom",
        "button_typography_font_family": "Poppins",
        "button_typography_font_size": {
            "unit": "px",
            "size": 14,
            "sizes": []
        },
        "button_typography_font_size_tablet": {
            "unit": "px",
            "size": 14,
            "sizes": []
        },
        "button_typography_font_size_mobile": {
            "unit": "px",
            "size": 14,
            "sizes": []
        },
        "button_typography_font_weight": "600",
        "button_typography_text_transform": "uppercase",
        "button_typography_line_height": {
            "unit": "px",
            "size": 14,
            "sizes": []
        },
        "button_typography_line_height_tablet": {
            "unit": "px",
            "size": 14,
            "sizes": []
        },
        "button_typography_line_height_mobile": {
            "unit": "px",
            "size": 14,
            "sizes": []
        },
        "button_typography_letter_spacing": {
            "unit": "px",
            "size": 1,
            "sizes": []
        },
        "button_text_color": "#FFFFFF",
        "button_background_color": "#EE9761",
        "form_field_typography_typography": "custom",
        "form_field_typography_font_family": "Roboto",
        "form_field_typography_font_size": {
            "unit": "px",
            "size": 16,
            "sizes": []
        },
        "form_field_typography_font_size_tablet": {
            "unit": "px",
            "size": 16,
            "sizes": []
        },
        "form_field_typography_font_size_mobile": {
            "unit": "px",
            "size": 16,
            "sizes": []
        },
        "form_field_typography_font_weight": "normal",
        "form_field_typography_line_height": {
            "unit": "px",
            "size": 28,
            "sizes": []
        },
        "form_field_typography_line_height_tablet": {
            "unit": "px",
            "size": 26,
            "sizes": []
        },
        "form_field_typography_line_height_mobile": {
            "unit": "px",
            "size": 26,
            "sizes": []
        }
    }
}