{
    "version": "0.4",
    "title": "Header",
    "type": "header",
    "metadata": {
        "template_type": "section-header",
        "include_in_zip": "1",
        "elementor_pro_required": "1",
        "elementor_library_type": "header",
        "elementor_pro_conditions": [
            "include\/general"
        ],
        "additional_template_information": [
            "This is a \"Header\" template for Elementor Pro.",
            "This template will display on: Entire Site."
        ],
        "wp_page_template": "default"
    },
    "content": [
        {
            "id": "5db97ee6",
            "settings": {
                "gap": "no",
                "margin": {
                    "unit": "px",
                    "top": "0",
                    "right": 0,
                    "bottom": "-80",
                    "left": 0,
                    "isLinked": false
                },
                "padding": {
                    "unit": "px",
                    "top": "0",
                    "right": "0",
                    "bottom": "0",
                    "left": "0",
                    "isLinked": false
                },
                "scroll_distance": {
                    "unit": "px",
                    "size": 80,
                    "sizes": []
                },
                "background_background": "classic",
                "sticky": "top",
                "sticky_effects_offset": 10,
                "__globals__": {
                    "background": "globals\/colors?id=411f1fb",
                    "background_color": ""
                },
                "animation": "fadeInDown",
                "background": "#232323"
            },
            "elements": [
                {
                    "id": "7daa7476",
                    "settings": {
                        "_column_size": 100,
                        "_inline_size": null,
                        "space_between_widgets": 0,
                        "box_shadow_box_shadow": {
                            "horizontal": 0,
                            "vertical": 10,
                            "blur": 30,
                            "spread": 0,
                            "color": "rgba(0, 0, 0, 0.1)"
                        },
                        "margin": {
                            "unit": "px",
                            "top": "0",
                            "right": "0",
                            "bottom": "0",
                            "left": "0",
                            "isLinked": false
                        },
                        "padding": {
                            "unit": "px",
                            "top": "0",
                            "right": "0",
                            "bottom": "0",
                            "left": "0",
                            "isLinked": false
                        },
                        "background_background": "classic",
                        "__globals__": {
                            "background_color": "globals\/colors?id=411f1fb"
                        }
                    },
                    "elements": [
                        {
                            "id": "f8babd4",
                            "settings": {
                                "gap": "no",
                                "height_inner": "min-height",
                                "custom_height_inner": {
                                    "unit": "px",
                                    "size": 80,
                                    "sizes": []
                                },
                                "custom_height_inner_tablet": {
                                    "unit": "px",
                                    "size": 75,
                                    "sizes": []
                                },
                                "custom_height_inner_mobile": {
                                    "unit": "px",
                                    "size": 55,
                                    "sizes": []
                                },
                                "content_position": "middle",
                                "structure": "20",
                                "margin": {
                                    "unit": "px",
                                    "top": "0",
                                    "right": 0,
                                    "bottom": "0",
                                    "left": 0,
                                    "isLinked": false
                                },
                                "padding": {
                                    "unit": "px",
                                    "top": "0",
                                    "right": "0",
                                    "bottom": "0",
                                    "left": "0",
                                    "isLinked": false
                                },
                                "layout": "full_width",
                                "background_background": "classic"
                            },
                            "elements": [
                                {
                                    "id": "4555716b",
                                    "settings": {
                                        "_column_size": 50,
                                        "_inline_size": null,
                                        "_inline_size_tablet": 50,
                                        "_inline_size_mobile": 35,
                                        "space_between_widgets": 0,
                                        "background_background": "classic",
                                        "margin": {
                                            "unit": "px",
                                            "top": "0",
                                            "right": "0",
                                            "bottom": "0",
                                            "left": "0",
                                            "isLinked": false
                                        },
                                        "padding": {
                                            "unit": "px",
                                            "top": "0",
                                            "right": "0",
                                            "bottom": "0",
                                            "left": "40",
                                            "isLinked": false
                                        },
                                        "space_between_widgets_tablet": 0,
                                        "space_between_widgets_mobile": 0,
                                        "margin_tablet": {
                                            "unit": "px",
                                            "top": "0",
                                            "right": "0",
                                            "bottom": "0",
                                            "left": "0",
                                            "isLinked": false
                                        },
                                        "padding_tablet": {
                                            "unit": "px",
                                            "top": "0",
                                            "right": "0",
                                            "bottom": "0",
                                            "left": "30",
                                            "isLinked": false
                                        },
                                        "padding_mobile": {
                                            "unit": "px",
                                            "top": "0",
                                            "right": "0",
                                            "bottom": "0",
                                            "left": "15",
                                            "isLinked": false
                                        }
                                    },
                                    "elements": [
                                        {
                                            "id": "34fba3d1",
                                            "settings": {
                                                "title": "ETI",
                                                "typography_typography": "custom",
                                                "typography_font_size": {
                                                    "unit": "px",
                                                    "size": 30,
                                                    "sizes": []
                                                },
                                                "_element_width": "auto",
                                                "_element_vertical_align": "center",
                                                "typography_font_size_mobile": {
                                                    "unit": "px",
                                                    "size": 25,
                                                    "sizes": []
                                                },
                                                "__globals__": {
                                                    "title_color": "globals\/colors?id=e766922"
                                                }
                                            },
                                            "elements": [],
                                            "isInner": false,
                                            "widgetType": "heading",
                                            "elType": "widget"
                                        },
                                        {
                                            "id": "6109369d",
                                            "settings": {
                                                "selected_icon": {
                                                    "value": "fas fa-shopping-bag",
                                                    "library": "fa-solid"
                                                },
                                                "size": {
                                                    "unit": "px",
                                                    "size": 24,
                                                    "sizes": []
                                                },
                                                "_margin": {
                                                    "unit": "px",
                                                    "top": "6",
                                                    "right": "0",
                                                    "bottom": "0",
                                                    "left": "10",
                                                    "isLinked": false
                                                },
                                                "_element_width": "auto",
                                                "_element_vertical_align": "center",
                                                "__globals__": {
                                                    "primary_color": "globals\/colors?id=a02183e"
                                                }
                                            },
                                            "elements": [],
                                            "isInner": false,
                                            "widgetType": "icon",
                                            "elType": "widget"
                                        }
                                    ],
                                    "isInner": true,
                                    "elType": "column"
                                },
                                {
                                    "id": "685cb348",
                                    "settings": {
                                        "_column_size": 50,
                                        "_inline_size": null,
                                        "_inline_size_mobile": 65,
                                        "space_between_widgets": 0,
                                        "space_between_widgets_mobile": 0,
                                        "background_background": "classic",
                                        "align": "flex-end"
                                    },
                                    "elements": [
                                        {
                                            "id": "1c2e5370",
                                            "settings": {
                                                "icon": "basket-medium",
                                                "toggle_button_hover_background_color": "#02010100",
                                                "toggle_button_border_width": {
                                                    "unit": "px",
                                                    "size": 0,
                                                    "sizes": []
                                                },
                                                "toggle_icon_size": {
                                                    "unit": "px",
                                                    "size": 20,
                                                    "sizes": []
                                                },
                                                "toggle_icon_spacing": {
                                                    "unit": "px",
                                                    "size": 12,
                                                    "sizes": []
                                                },
                                                "toggle_button_padding": {
                                                    "unit": "px",
                                                    "top": "5",
                                                    "right": "5",
                                                    "bottom": "5",
                                                    "left": "5",
                                                    "isLinked": true
                                                },
                                                "items_indicator_distance": {
                                                    "unit": "em",
                                                    "size": 1,
                                                    "sizes": []
                                                },
                                                "_element_width": "auto",
                                                "__globals__": {
                                                    "toggle_button_text_color": "globals\/colors?id=e766922",
                                                    "toggle_button_typography_typography": "globals\/typography?id=12dff98",
                                                    "items_indicator_text_color": "globals\/colors?id=e766922",
                                                    "items_indicator_background_color": "globals\/colors?id=a02183e",
                                                    "subtotal_typography_typography": "globals\/typography?id=12dff98"
                                                }
                                            },
                                            "elements": [],
                                            "isInner": false,
                                            "widgetType": "woocommerce-menu-cart",
                                            "elType": "widget"
                                        },
                                        {
                                            "id": "6247da15",
                                            "settings": {
                                                "text": "",
                                                "align": "center",
                                                "selected_icon": {
                                                    "value": "fas fa-search",
                                                    "library": "fa-solid"
                                                },
                                                "icon_indent": {
                                                    "unit": "px",
                                                    "size": 0,
                                                    "sizes": []
                                                },
                                                "typography_typography": "custom",
                                                "typography_font_size": {
                                                    "unit": "px",
                                                    "size": 22,
                                                    "sizes": []
                                                },
                                                "background_color": "rgba(255, 255, 255, 0)",
                                                "text_padding": {
                                                    "unit": "px",
                                                    "top": "10",
                                                    "right": "15",
                                                    "bottom": "10",
                                                    "left": "15",
                                                    "isLinked": false
                                                },
                                                "typography_line_height": {
                                                    "unit": "px",
                                                    "size": "",
                                                    "sizes": []
                                                },
                                                "button_text_color": "#FFFFFF",
                                                "_element_width": "auto",
                                                "_element_vertical_align": "center",
                                                "text_padding_mobile": {
                                                    "unit": "px",
                                                    "top": "10",
                                                    "right": "10",
                                                    "bottom": "10",
                                                    "left": "10",
                                                    "isLinked": true
                                                },
                                                "border_border": "solid",
                                                "border_width": {
                                                    "unit": "px",
                                                    "top": "0",
                                                    "right": "0",
                                                    "bottom": "0",
                                                    "left": "0",
                                                    "isLinked": true
                                                },
                                                "__dynamic__": {
                                                    "link": "[elementor-tag id=\"68c508c\" name=\"popup\" settings=\"%7B%22popup%22%3A%2234%22%7D\"]"
                                                },
                                                "_margin": {
                                                    "unit": "px",
                                                    "top": "0",
                                                    "right": "0",
                                                    "bottom": "0",
                                                    "left": "20",
                                                    "isLinked": false
                                                },
                                                "_padding": {
                                                    "unit": "px",
                                                    "top": "16",
                                                    "right": "16",
                                                    "bottom": "16",
                                                    "left": "16",
                                                    "isLinked": false
                                                },
                                                "typography_font_size_mobile": {
                                                    "unit": "px",
                                                    "size": 16,
                                                    "sizes": []
                                                },
                                                "_margin_mobile": {
                                                    "unit": "px",
                                                    "top": "0",
                                                    "right": "0",
                                                    "bottom": "0",
                                                    "left": "15",
                                                    "isLinked": false
                                                },
                                                "_padding_mobile": {
                                                    "unit": "px",
                                                    "top": "8",
                                                    "right": "6",
                                                    "bottom": "8",
                                                    "left": "6",
                                                    "isLinked": false
                                                },
                                                "_border_border": "solid",
                                                "_border_width": {
                                                    "unit": "px",
                                                    "top": "0",
                                                    "right": "0",
                                                    "bottom": "0",
                                                    "left": "01",
                                                    "isLinked": false
                                                },
                                                "_border_color": "#FFFFFF26",
                                                "_element_custom_width": {
                                                    "unit": "px",
                                                    "size": 50,
                                                    "sizes": []
                                                }
                                            },
                                            "elements": [],
                                            "isInner": false,
                                            "widgetType": "button",
                                            "elType": "widget"
                                        },
                                        {
                                            "id": "1fc5cdba",
                                            "settings": {
                                                "text": "",
                                                "align": "center",
                                                "selected_icon": {
                                                    "value": "fas fa-bars",
                                                    "library": "fa-solid"
                                                },
                                                "icon_indent": {
                                                    "unit": "px",
                                                    "size": 0,
                                                    "sizes": []
                                                },
                                                "typography_typography": "custom",
                                                "typography_font_size": {
                                                    "unit": "px",
                                                    "size": 22,
                                                    "sizes": []
                                                },
                                                "background_color": "rgba(255, 255, 255, 0)",
                                                "text_padding": {
                                                    "unit": "px",
                                                    "top": "10",
                                                    "right": "15",
                                                    "bottom": "10",
                                                    "left": "15",
                                                    "isLinked": false
                                                },
                                                "typography_line_height": {
                                                    "unit": "px",
                                                    "size": "",
                                                    "sizes": []
                                                },
                                                "button_text_color": "#FFFFFF",
                                                "_element_width": "auto",
                                                "_element_vertical_align": "center",
                                                "text_padding_mobile": {
                                                    "unit": "px",
                                                    "top": "10",
                                                    "right": "10",
                                                    "bottom": "10",
                                                    "left": "10",
                                                    "isLinked": true
                                                },
                                                "__dynamic__": {
                                                    "link": "[elementor-tag id=\"e0a25ba\" name=\"popup\" settings=\"%7B%22action%22%3A%22toggle%22%2C%22popup%22%3A%22130%22%7D\"]"
                                                },
                                                "border_border": "solid",
                                                "border_width": {
                                                    "unit": "px",
                                                    "top": "0",
                                                    "right": "0",
                                                    "bottom": "0",
                                                    "left": "0",
                                                    "isLinked": true
                                                },
                                                "_margin": {
                                                    "unit": "px",
                                                    "top": "0",
                                                    "right": "0",
                                                    "bottom": "0",
                                                    "left": "0",
                                                    "isLinked": false
                                                },
                                                "_padding": {
                                                    "unit": "px",
                                                    "top": "16",
                                                    "right": "16",
                                                    "bottom": "16",
                                                    "left": "16",
                                                    "isLinked": false
                                                },
                                                "typography_font_size_mobile": {
                                                    "unit": "px",
                                                    "size": 16,
                                                    "sizes": []
                                                },
                                                "_padding_mobile": {
                                                    "unit": "px",
                                                    "top": "8",
                                                    "right": "6",
                                                    "bottom": "8",
                                                    "left": "06",
                                                    "isLinked": false
                                                },
                                                "_background_background": "classic",
                                                "_background_color": "#FFFFFF0D",
                                                "_element_custom_width": {
                                                    "unit": "px",
                                                    "size": 50,
                                                    "sizes": []
                                                }
                                            },
                                            "elements": [],
                                            "isInner": false,
                                            "widgetType": "button",
                                            "elType": "widget"
                                        }
                                    ],
                                    "isInner": true,
                                    "elType": "column"
                                }
                            ],
                            "isInner": true,
                            "elType": "section"
                        }
                    ],
                    "isInner": false,
                    "elType": "column"
                }
            ],
            "isInner": false,
            "elType": "section"
        }
    ]
}