{
    "version": "0.4",
    "title": "Shop",
    "type": "page",
    "metadata": {
        "template_type": "single-page",
        "include_in_zip": "1",
        "elementor_pro_required": "1",
        "wp_page_template": "elementor_header_footer"
    },
    "content": [
        {
            "id": "7ccad9f5",
            "settings": {
                "gap": "no",
                "margin": {
                    "unit": "px",
                    "top": "0",
                    "right": 0,
                    "bottom": "0",
                    "left": 0,
                    "isLinked": false
                },
                "margin_tablet": {
                    "unit": "px",
                    "top": "0",
                    "right": 0,
                    "bottom": "0",
                    "left": 0,
                    "isLinked": false
                },
                "margin_mobile": {
                    "unit": "px",
                    "top": "0",
                    "right": 0,
                    "bottom": "0",
                    "left": 0,
                    "isLinked": false
                },
                "padding": {
                    "unit": "px",
                    "top": "100",
                    "right": "0",
                    "bottom": "0",
                    "left": "0",
                    "isLinked": false
                },
                "padding_tablet": {
                    "unit": "px",
                    "top": "80",
                    "right": "30",
                    "bottom": "0",
                    "left": "30",
                    "isLinked": false
                },
                "padding_mobile": {
                    "unit": "px",
                    "top": "60",
                    "right": "30",
                    "bottom": "0",
                    "left": "30",
                    "isLinked": false
                },
                "height": "min-height",
                "custom_height": {
                    "unit": "vh",
                    "size": 40,
                    "sizes": []
                },
                "background_background": "classic",
                "background_image": {
                    "id": "54",
                    "url": "http:\/\/templatekits.c-kav.com\/demo3\/eti\/wp-content\/uploads\/sites\/7\/2020\/10\/1920x1080-11.jpg"
                },
                "background_position": "center center",
                "background_size": "cover",
                "background_overlay_background": "classic",
                "background_overlay_opacity": {
                    "unit": "px",
                    "size": 0.7,
                    "sizes": []
                },
                "__globals__": {
                    "background_overlay_color": "globals\/colors?id=a02183e"
                }
            },
            "elements": [
                {
                    "id": "4be7790a",
                    "settings": {
                        "_column_size": 100,
                        "_inline_size": null,
                        "space_between_widgets": 0,
                        "space_between_widgets_tablet": 0,
                        "space_between_widgets_mobile": 0,
                        "margin": {
                            "unit": "px",
                            "top": "0",
                            "right": "0",
                            "bottom": "0",
                            "left": "0",
                            "isLinked": false
                        },
                        "margin_tablet": {
                            "unit": "px",
                            "top": "0",
                            "right": "0",
                            "bottom": "0",
                            "left": "0",
                            "isLinked": false
                        },
                        "margin_mobile": {
                            "unit": "px",
                            "top": "0",
                            "right": "0",
                            "bottom": "0",
                            "left": "0",
                            "isLinked": false
                        },
                        "padding": {
                            "unit": "px",
                            "top": "0",
                            "right": "0",
                            "bottom": "0",
                            "left": "0",
                            "isLinked": false
                        },
                        "padding_tablet": {
                            "unit": "px",
                            "top": "0",
                            "right": "0",
                            "bottom": "0",
                            "left": "0",
                            "isLinked": false
                        },
                        "padding_mobile": {
                            "unit": "px",
                            "top": "0",
                            "right": "0",
                            "bottom": "0",
                            "left": "0",
                            "isLinked": false
                        }
                    },
                    "elements": [
                        {
                            "id": "6560587f",
                            "settings": {
                                "title": "Shop",
                                "header_size": "h1",
                                "_margin": {
                                    "unit": "px",
                                    "top": "15",
                                    "right": "0",
                                    "bottom": "0",
                                    "left": "0",
                                    "isLinked": false
                                },
                                "align_mobile": "center",
                                "_margin_mobile": {
                                    "unit": "px",
                                    "top": "0",
                                    "right": "0",
                                    "bottom": "20",
                                    "left": "0",
                                    "isLinked": false
                                },
                                "__globals__": {
                                    "typography_typography": "globals\/typography?id=2351def",
                                    "title_color": "globals\/colors?id=e766922"
                                },
                                "_padding": {
                                    "unit": "px",
                                    "top": "0",
                                    "right": "0",
                                    "bottom": "0",
                                    "left": "0",
                                    "isLinked": false
                                },
                                "align": "center"
                            },
                            "elements": [],
                            "isInner": false,
                            "widgetType": "heading",
                            "elType": "widget"
                        }
                    ],
                    "isInner": false,
                    "elType": "column"
                }
            ],
            "isInner": false,
            "elType": "section"
        },
        {
            "id": "4ef0bd1d",
            "settings": {
                "gap": "no",
                "margin": {
                    "unit": "px",
                    "top": "0",
                    "right": 0,
                    "bottom": "0",
                    "left": 0,
                    "isLinked": false
                },
                "margin_tablet": {
                    "unit": "px",
                    "top": "0",
                    "right": 0,
                    "bottom": "0",
                    "left": 0,
                    "isLinked": false
                },
                "margin_mobile": {
                    "unit": "px",
                    "top": "0",
                    "right": 0,
                    "bottom": "0",
                    "left": 0,
                    "isLinked": false
                },
                "padding": {
                    "unit": "px",
                    "top": "150",
                    "right": "150",
                    "bottom": "150",
                    "left": "150",
                    "isLinked": true
                },
                "padding_tablet": {
                    "unit": "px",
                    "top": "40",
                    "right": "40",
                    "bottom": "40",
                    "left": "40",
                    "isLinked": true
                },
                "padding_mobile": {
                    "unit": "px",
                    "top": "0",
                    "right": "0",
                    "bottom": "0",
                    "left": "0",
                    "isLinked": false
                },
                "layout": "full_width",
                "structure": "20",
                "reverse_order_tablet": "reverse-tablet",
                "reverse_order_mobile": "reverse-mobile"
            },
            "elements": [
                {
                    "id": "39fef04c",
                    "settings": {
                        "_column_size": 50,
                        "_inline_size": 70,
                        "space_between_widgets": 0,
                        "space_between_widgets_tablet": 0,
                        "space_between_widgets_mobile": 0,
                        "margin": {
                            "unit": "px",
                            "top": "0",
                            "right": "0",
                            "bottom": "0",
                            "left": "0",
                            "isLinked": false
                        },
                        "margin_tablet": {
                            "unit": "px",
                            "top": "0",
                            "right": "0",
                            "bottom": "0",
                            "left": "0",
                            "isLinked": false
                        },
                        "margin_mobile": {
                            "unit": "px",
                            "top": "0",
                            "right": "0",
                            "bottom": "0",
                            "left": "0",
                            "isLinked": false
                        },
                        "padding": {
                            "unit": "px",
                            "top": "0",
                            "right": "60",
                            "bottom": "0",
                            "left": "0",
                            "isLinked": false
                        },
                        "padding_tablet": {
                            "unit": "px",
                            "top": "0",
                            "right": "0",
                            "bottom": "0",
                            "left": "0",
                            "isLinked": false
                        },
                        "padding_mobile": {
                            "unit": "px",
                            "top": "30",
                            "right": "30",
                            "bottom": "30",
                            "left": "30",
                            "isLinked": true
                        },
                        "_inline_size_tablet": 100
                    },
                    "elements": [
                        {
                            "id": "78290b77",
                            "settings": {
                                "columns": 3,
                                "align": "center",
                                "title_spacing": {
                                    "unit": "px",
                                    "size": 0,
                                    "sizes": []
                                },
                                "button_border_radius": {
                                    "unit": "px",
                                    "top": "0",
                                    "right": "0",
                                    "bottom": "0",
                                    "left": "0",
                                    "isLinked": true
                                },
                                "__globals__": {
                                    "title_color": "globals\/colors?id=411f1fb",
                                    "title_typography_typography": "globals\/typography?id=12dff98",
                                    "price_color": "globals\/colors?id=83eaca7",
                                    "price_typography_typography": "globals\/typography?id=41af9bf",
                                    "button_typography_typography": "",
                                    "button_text_color": "globals\/colors?id=a02183e",
                                    "button_background_color": "",
                                    "box_bg_color": "",
                                    "pagination_typography_typography": "globals\/typography?id=12dff98",
                                    "pagination_link_color": "globals\/colors?id=411f1fb",
                                    "pagination_link_bg_color": "",
                                    "pagination_link_color_active": "globals\/colors?id=a02183e",
                                    "pagination_link_bg_color_active": ""
                                },
                                "button_text_padding": {
                                    "unit": "px",
                                    "top": "0",
                                    "right": "0",
                                    "bottom": "9",
                                    "left": "0",
                                    "isLinked": false
                                },
                                "button_spacing": {
                                    "unit": "px",
                                    "size": 20,
                                    "sizes": []
                                },
                                "title_color": "#232323",
                                "title_typography_typography": "custom",
                                "title_typography_font_family": "Poppins",
                                "title_typography_font_size": {
                                    "unit": "px",
                                    "size": 16,
                                    "sizes": []
                                },
                                "title_typography_font_size_tablet": {
                                    "unit": "px",
                                    "size": 16,
                                    "sizes": []
                                },
                                "title_typography_font_size_mobile": {
                                    "unit": "px",
                                    "size": 16,
                                    "sizes": []
                                },
                                "title_typography_font_weight": "600",
                                "title_typography_line_height": {
                                    "unit": "px",
                                    "size": 22,
                                    "sizes": []
                                },
                                "title_typography_line_height_tablet": {
                                    "unit": "px",
                                    "size": 22,
                                    "sizes": []
                                },
                                "title_typography_line_height_mobile": {
                                    "unit": "px",
                                    "size": 22,
                                    "sizes": []
                                },
                                "price_color": "#808080",
                                "price_typography_typography": "custom",
                                "price_typography_font_family": "Roboto",
                                "price_typography_font_size": {
                                    "unit": "px",
                                    "size": 16,
                                    "sizes": []
                                },
                                "price_typography_font_size_tablet": {
                                    "unit": "px",
                                    "size": 16,
                                    "sizes": []
                                },
                                "price_typography_font_size_mobile": {
                                    "unit": "px",
                                    "size": 16,
                                    "sizes": []
                                },
                                "price_typography_font_weight": "normal",
                                "price_typography_line_height": {
                                    "unit": "px",
                                    "size": 28,
                                    "sizes": []
                                },
                                "price_typography_line_height_tablet": {
                                    "unit": "px",
                                    "size": 26,
                                    "sizes": []
                                },
                                "price_typography_line_height_mobile": {
                                    "unit": "px",
                                    "size": 26,
                                    "sizes": []
                                },
                                "button_text_color": "#EE9761",
                                "button_background_color": "#EE976100",
                                "button_typography_typography": "custom",
                                "button_typography_font_family": "Poppins",
                                "button_typography_font_size": {
                                    "unit": "px",
                                    "size": 12,
                                    "sizes": []
                                },
                                "button_typography_font_size_tablet": {
                                    "unit": "px",
                                    "size": 14,
                                    "sizes": []
                                },
                                "button_typography_font_size_mobile": {
                                    "unit": "px",
                                    "size": 14,
                                    "sizes": []
                                },
                                "button_typography_font_weight": "600",
                                "button_typography_text_transform": "uppercase",
                                "button_typography_line_height": {
                                    "unit": "px",
                                    "size": 14,
                                    "sizes": []
                                },
                                "button_typography_line_height_tablet": {
                                    "unit": "px",
                                    "size": 14,
                                    "sizes": []
                                },
                                "button_typography_line_height_mobile": {
                                    "unit": "px",
                                    "size": 14,
                                    "sizes": []
                                },
                                "button_typography_letter_spacing": {
                                    "unit": "px",
                                    "size": 1,
                                    "sizes": []
                                },
                                "box_padding": {
                                    "unit": "px",
                                    "top": "0",
                                    "right": "0",
                                    "bottom": "0",
                                    "left": "0",
                                    "isLinked": false
                                },
                                "image_spacing": {
                                    "unit": "px",
                                    "size": 10,
                                    "sizes": []
                                },
                                "columns_tablet": 2,
                                "columns_mobile": 1,
                                "row_gap_mobile": {
                                    "unit": "px",
                                    "size": 30,
                                    "sizes": []
                                },
                                "button_border_border": "solid",
                                "button_border_width": {
                                    "unit": "px",
                                    "top": "0",
                                    "right": "0",
                                    "bottom": "02",
                                    "left": "0",
                                    "isLinked": false
                                },
                                "box_border_color": "#0000001A",
                                "row_gap": {
                                    "unit": "px",
                                    "size": 50,
                                    "sizes": []
                                },
                                "paginate": "yes",
                                "show_result_count": "yes",
                                "pagination_spacing": {
                                    "unit": "px",
                                    "size": 60,
                                    "sizes": []
                                },
                                "show_pagination_border": "",
                                "pagination_padding": {
                                    "unit": "px",
                                    "size": 20,
                                    "sizes": []
                                },
                                "pagination_typography_typography": "custom",
                                "pagination_typography_font_family": "Poppins",
                                "pagination_typography_font_size": {
                                    "unit": "px",
                                    "size": 16,
                                    "sizes": []
                                },
                                "pagination_typography_font_size_tablet": {
                                    "unit": "px",
                                    "size": 16,
                                    "sizes": []
                                },
                                "pagination_typography_font_size_mobile": {
                                    "unit": "px",
                                    "size": 16,
                                    "sizes": []
                                },
                                "pagination_typography_font_weight": "600",
                                "pagination_typography_line_height": {
                                    "unit": "px",
                                    "size": 22,
                                    "sizes": []
                                },
                                "pagination_typography_line_height_tablet": {
                                    "unit": "px",
                                    "size": 22,
                                    "sizes": []
                                },
                                "pagination_typography_line_height_mobile": {
                                    "unit": "px",
                                    "size": 22,
                                    "sizes": []
                                },
                                "pagination_link_color": "#232323",
                                "pagination_link_color_active": "#EE9761",
                                "pagination_link_bg_color_active": "#EE976100"
                            },
                            "elements": [],
                            "isInner": false,
                            "widgetType": "woocommerce-products",
                            "elType": "widget"
                        }
                    ],
                    "isInner": false,
                    "elType": "column"
                },
                {
                    "id": "7980af74",
                    "settings": {
                        "_column_size": 50,
                        "_inline_size": 30,
                        "space_between_widgets": 0,
                        "space_between_widgets_tablet": 0,
                        "space_between_widgets_mobile": 0,
                        "margin": {
                            "unit": "px",
                            "top": "0",
                            "right": "0",
                            "bottom": "0",
                            "left": "0",
                            "isLinked": false
                        },
                        "margin_tablet": {
                            "unit": "px",
                            "top": "0",
                            "right": "0",
                            "bottom": "40",
                            "left": "0",
                            "isLinked": false
                        },
                        "margin_mobile": {
                            "unit": "px",
                            "top": "0",
                            "right": "0",
                            "bottom": "0",
                            "left": "0",
                            "isLinked": false
                        },
                        "padding": {
                            "unit": "px",
                            "top": "60",
                            "right": "60",
                            "bottom": "60",
                            "left": "60",
                            "isLinked": true
                        },
                        "padding_tablet": {
                            "unit": "px",
                            "top": "40",
                            "right": "40",
                            "bottom": "40",
                            "left": "40",
                            "isLinked": true
                        },
                        "padding_mobile": {
                            "unit": "px",
                            "top": "30",
                            "right": "30",
                            "bottom": "30",
                            "left": "30",
                            "isLinked": true
                        },
                        "background_background": "classic",
                        "__globals__": {
                            "background_color": "globals\/colors?id=bff8f0f"
                        },
                        "_inline_size_tablet": 100
                    },
                    "elements": [
                        {
                            "id": "5ee6ed99",
                            "settings": {
                                "placeholder": "Search...",
                                "button_text": "Search",
                                "input_background_color": "#FFFFFF00",
                                "border_radius": {
                                    "unit": "px",
                                    "size": "",
                                    "sizes": []
                                },
                                "_margin": {
                                    "unit": "px",
                                    "top": "0",
                                    "right": "0",
                                    "bottom": "0",
                                    "left": "0",
                                    "isLinked": false
                                },
                                "toggle_align": "right",
                                "icon_size_minimal": {
                                    "unit": "px",
                                    "size": 16,
                                    "sizes": []
                                },
                                "input_border_color": "rgba(0, 0, 0, 0.15)",
                                "button_border_width": {
                                    "unit": "px",
                                    "top": "1",
                                    "right": "1",
                                    "bottom": "1",
                                    "left": "1",
                                    "isLinked": true
                                },
                                "__globals__": {
                                    "button_background_color": "globals\/colors?id=a02183e",
                                    "button_background_color_hover": "globals\/colors?id=411f1fb"
                                }
                            },
                            "elements": [],
                            "isInner": false,
                            "widgetType": "search-form",
                            "elType": "widget"
                        },
                        {
                            "id": "517f3f60",
                            "settings": {
                                "text": "Divider",
                                "color": "rgba(0, 0, 0, 0.1)",
                                "gap": {
                                    "unit": "px",
                                    "size": 40,
                                    "sizes": []
                                },
                                "gap_mobile": {
                                    "unit": "px",
                                    "size": 30,
                                    "sizes": []
                                }
                            },
                            "elements": [],
                            "isInner": false,
                            "widgetType": "divider",
                            "elType": "widget"
                        },
                        {
                            "id": "70d76497",
                            "settings": {
                                "title": "Popular Categories",
                                "header_size": "h3",
                                "align_mobile": "center",
                                "typography_typography": "custom",
                                "typography_font_size": {
                                    "unit": "px",
                                    "size": 20,
                                    "sizes": []
                                },
                                "typography_line_height": {
                                    "unit": "em",
                                    "size": 1.4,
                                    "sizes": []
                                },
                                "_margin": {
                                    "unit": "px",
                                    "top": "0",
                                    "right": "0",
                                    "bottom": "25",
                                    "left": "0",
                                    "isLinked": false
                                },
                                "title_color": "#000000"
                            },
                            "elements": [],
                            "isInner": false,
                            "widgetType": "heading",
                            "elType": "widget"
                        },
                        {
                            "id": "378e76c5",
                            "settings": {
                                "columns": 2,
                                "number": 2,
                                "align": "left",
                                "source": "by_id",
                                "categories": [
                                    "24",
                                    "25"
                                ]
                            },
                            "elements": [],
                            "isInner": false,
                            "widgetType": "wc-categories",
                            "elType": "widget"
                        },
                        {
                            "id": "581e8e5d",
                            "settings": {
                                "text": "Divider",
                                "color": "rgba(0, 0, 0, 0.1)",
                                "gap": {
                                    "unit": "px",
                                    "size": 40,
                                    "sizes": []
                                },
                                "gap_mobile": {
                                    "unit": "px",
                                    "size": 30,
                                    "sizes": []
                                }
                            },
                            "elements": [],
                            "isInner": false,
                            "widgetType": "divider",
                            "elType": "widget"
                        },
                        {
                            "id": "4ba1f843",
                            "settings": {
                                "slides": [
                                    {
                                        "content": "Lorem ipsum dolor sit amet, consectetur adipiscing elit. Suspendisse sodales sem ullamcorper purus egestas placerat. Vestibulum fringilla massa ac tristique bibendum. Orci varius natoque ",
                                        "name": "Stella Doe",
                                        "title": "CEO",
                                        "image": {
                                            "id": "81",
                                            "url": "http:\/\/templatekits.c-kav.com\/demo3\/eti\/wp-content\/uploads\/sites\/7\/2020\/10\/testimonial-01.jpg"
                                        },
                                        "_id": "810d056"
                                    },
                                    {
                                        "content": "Amet, consectetur adipiscing elit. Suspendisse sodales sem ullamcorper purus egestas placerat. Vestibulum fringilla consectetur massa ac tristique bibendum. Orci varius natoque ",
                                        "name": "John Filips",
                                        "title": "CEO",
                                        "image": {
                                            "id": "82",
                                            "url": "http:\/\/templatekits.c-kav.com\/demo3\/eti\/wp-content\/uploads\/sites\/7\/2020\/10\/testimonial-05.jpg"
                                        },
                                        "_id": "118b731"
                                    }
                                ],
                                "layout": "image_above",
                                "width": {
                                    "unit": "%",
                                    "size": 100,
                                    "sizes": []
                                },
                                "content_color": "#808080",
                                "content_typography_typography": "custom",
                                "content_typography_font_family": "Roboto",
                                "content_typography_font_size": {
                                    "unit": "px",
                                    "size": 20,
                                    "sizes": []
                                },
                                "content_typography_font_size_tablet": {
                                    "unit": "px",
                                    "size": 20,
                                    "sizes": []
                                },
                                "content_typography_font_size_mobile": {
                                    "unit": "px",
                                    "size": 18,
                                    "sizes": []
                                },
                                "content_typography_font_weight": "300",
                                "content_typography_line_height": {
                                    "unit": "px",
                                    "size": 32,
                                    "sizes": []
                                },
                                "content_typography_line_height_tablet": {
                                    "unit": "px",
                                    "size": 30,
                                    "sizes": []
                                },
                                "content_typography_line_height_mobile": {
                                    "unit": "px",
                                    "size": 28,
                                    "sizes": []
                                },
                                "name_color": "#232323",
                                "name_typography_typography": "custom",
                                "name_typography_font_family": "Poppins",
                                "name_typography_font_size": {
                                    "unit": "px",
                                    "size": 18,
                                    "sizes": []
                                },
                                "name_typography_font_size_tablet": {
                                    "unit": "px",
                                    "size": 16,
                                    "sizes": []
                                },
                                "name_typography_font_size_mobile": {
                                    "unit": "px",
                                    "size": 16,
                                    "sizes": []
                                },
                                "name_typography_font_weight": "600",
                                "name_typography_font_style": "normal",
                                "name_typography_line_height": {
                                    "unit": "px",
                                    "size": 22,
                                    "sizes": []
                                },
                                "name_typography_line_height_tablet": {
                                    "unit": "px",
                                    "size": 22,
                                    "sizes": []
                                },
                                "name_typography_line_height_mobile": {
                                    "unit": "px",
                                    "size": 22,
                                    "sizes": []
                                },
                                "title_color": "#232323",
                                "title_typography_typography": "custom",
                                "title_typography_font_family": "Poppins",
                                "title_typography_font_size": {
                                    "unit": "px",
                                    "size": 12,
                                    "sizes": []
                                },
                                "title_typography_font_size_tablet": {
                                    "unit": "px",
                                    "size": 14,
                                    "sizes": []
                                },
                                "title_typography_font_size_mobile": {
                                    "unit": "px",
                                    "size": 14,
                                    "sizes": []
                                },
                                "title_typography_font_weight": "600",
                                "title_typography_text_transform": "none",
                                "title_typography_font_style": "normal",
                                "title_typography_line_height": {
                                    "unit": "px",
                                    "size": 22,
                                    "sizes": []
                                },
                                "title_typography_line_height_tablet": {
                                    "unit": "px",
                                    "size": 14,
                                    "sizes": []
                                },
                                "title_typography_line_height_mobile": {
                                    "unit": "px",
                                    "size": 14,
                                    "sizes": []
                                },
                                "image_size": {
                                    "unit": "px",
                                    "size": 80,
                                    "sizes": []
                                },
                                "__globals__": {
                                    "content_typography_typography": "globals\/typography?id=41af9bf",
                                    "name_color": "globals\/colors?id=411f1fb",
                                    "content_color": "globals\/colors?id=83eaca7",
                                    "title_color": "globals\/colors?id=83eaca7",
                                    "name_typography_typography": "",
                                    "title_typography_typography": ""
                                },
                                "slide_padding": {
                                    "unit": "px",
                                    "top": "0",
                                    "right": "0",
                                    "bottom": "0",
                                    "left": "0",
                                    "isLinked": false
                                },
                                "content_gap": {
                                    "unit": "px",
                                    "size": 20,
                                    "sizes": []
                                },
                                "_margin": {
                                    "unit": "px",
                                    "top": "0",
                                    "right": "0",
                                    "bottom": "-2",
                                    "left": "0",
                                    "isLinked": false
                                },
                                "width_tablet": {
                                    "unit": "%",
                                    "size": 100,
                                    "sizes": []
                                },
                                "slides_per_view_tablet": "1"
                            },
                            "elements": [],
                            "isInner": false,
                            "widgetType": "testimonial-carousel",
                            "elType": "widget"
                        },
                        {
                            "id": "5e655deb",
                            "settings": {
                                "text": "Divider",
                                "color": "rgba(0, 0, 0, 0.1)",
                                "gap": {
                                    "unit": "px",
                                    "size": 40,
                                    "sizes": []
                                },
                                "gap_mobile": {
                                    "unit": "px",
                                    "size": 30,
                                    "sizes": []
                                }
                            },
                            "elements": [],
                            "isInner": false,
                            "widgetType": "divider",
                            "elType": "widget"
                        },
                        {
                            "id": "75013743",
                            "settings": {
                                "title": "Trending Products",
                                "header_size": "h3",
                                "align_mobile": "center",
                                "typography_typography": "custom",
                                "typography_font_size": {
                                    "unit": "px",
                                    "size": 20,
                                    "sizes": []
                                },
                                "typography_line_height": {
                                    "unit": "em",
                                    "size": 1.4,
                                    "sizes": []
                                },
                                "_margin": {
                                    "unit": "px",
                                    "top": "0",
                                    "right": "0",
                                    "bottom": "25",
                                    "left": "0",
                                    "isLinked": false
                                },
                                "title_color": "#000000"
                            },
                            "elements": [],
                            "isInner": false,
                            "widgetType": "heading",
                            "elType": "widget"
                        },
                        {
                            "id": "55a93e23",
                            "settings": {
                                "gallery": [
                                    {
                                        "id": "95",
                                        "url": "http:\/\/templatekits.c-kav.com\/demo3\/eti\/wp-content\/uploads\/sites\/7\/2020\/10\/1000x1200-06.jpg"
                                    },
                                    {
                                        "id": "96",
                                        "url": "http:\/\/templatekits.c-kav.com\/demo3\/eti\/wp-content\/uploads\/sites\/7\/2020\/10\/1000x1200-05.jpg"
                                    },
                                    {
                                        "id": "41",
                                        "url": "http:\/\/templatekits.c-kav.com\/demo3\/eti\/wp-content\/uploads\/sites\/7\/2020\/10\/1000x1200-04.jpg"
                                    },
                                    {
                                        "id": "47",
                                        "url": "http:\/\/templatekits.c-kav.com\/demo3\/eti\/wp-content\/uploads\/sites\/7\/2020\/10\/1200x1000-18.jpg"
                                    },
                                    {
                                        "id": "113",
                                        "url": "http:\/\/templatekits.c-kav.com\/demo3\/eti\/wp-content\/uploads\/sites\/7\/2020\/10\/1200x1000-17.jpg"
                                    },
                                    {
                                        "id": "125",
                                        "url": "http:\/\/templatekits.c-kav.com\/demo3\/eti\/wp-content\/uploads\/sites\/7\/2020\/10\/1200x1000-12.jpg"
                                    }
                                ],
                                "galleries": [
                                    {
                                        "gallery_title": "New Gallery",
                                        "_id": "08bbabd"
                                    }
                                ],
                                "columns": 2,
                                "aspect_ratio": "1:1",
                                "show_all_galleries_label": "All",
                                "columns_mobile": 2
                            },
                            "elements": [],
                            "isInner": false,
                            "widgetType": "gallery",
                            "elType": "widget"
                        }
                    ],
                    "isInner": false,
                    "elType": "column"
                }
            ],
            "isInner": false,
            "elType": "section"
        }
    ]
}