{
    "version": "0.4",
    "title": "Single Product",
    "type": "product",
    "metadata": {
        "template_type": "single-product",
        "include_in_zip": "1",
        "elementor_pro_required": "1",
        "elementor_library_type": "product",
        "elementor_pro_conditions": [
            "include\/product"
        ],
        "additional_template_information": [
            "This is a \"Product\" template for Elementor Pro.",
            "This template will display on: Products."
        ],
        "wp_page_template": "default"
    },
    "content": [
        {
            "id": "2eff660e",
            "settings": {
                "gap": "no",
                "margin": {
                    "unit": "px",
                    "top": "0",
                    "right": 0,
                    "bottom": "0",
                    "left": 0,
                    "isLinked": false
                },
                "margin_tablet": {
                    "unit": "px",
                    "top": "0",
                    "right": 0,
                    "bottom": "0",
                    "left": 0,
                    "isLinked": false
                },
                "margin_mobile": {
                    "unit": "px",
                    "top": "0",
                    "right": 0,
                    "bottom": "0",
                    "left": 0,
                    "isLinked": false
                },
                "padding": {
                    "unit": "px",
                    "top": "200",
                    "right": "0",
                    "bottom": "100",
                    "left": "0",
                    "isLinked": false
                },
                "padding_tablet": {
                    "unit": "px",
                    "top": "120",
                    "right": "40",
                    "bottom": "40",
                    "left": "40",
                    "isLinked": false
                },
                "padding_mobile": {
                    "unit": "px",
                    "top": "80",
                    "right": "0",
                    "bottom": "0",
                    "left": "0",
                    "isLinked": false
                },
                "content_position": "middle",
                "structure": "20",
                "background_background": "classic",
                "__globals__": {
                    "background_color": "globals\/colors?id=bff8f0f"
                }
            },
            "elements": [
                {
                    "id": "105ff67a",
                    "settings": {
                        "_column_size": 50,
                        "_inline_size": 55,
                        "space_between_widgets": 0,
                        "space_between_widgets_tablet": 0,
                        "space_between_widgets_mobile": 0,
                        "margin": {
                            "unit": "px",
                            "top": "0",
                            "right": "0",
                            "bottom": "0",
                            "left": "0",
                            "isLinked": false
                        },
                        "margin_tablet": {
                            "unit": "px",
                            "top": "0",
                            "right": "0",
                            "bottom": "0",
                            "left": "0",
                            "isLinked": false
                        },
                        "margin_mobile": {
                            "unit": "px",
                            "top": "0",
                            "right": "0",
                            "bottom": "0",
                            "left": "0",
                            "isLinked": false
                        },
                        "padding": {
                            "unit": "px",
                            "top": "0",
                            "right": "0",
                            "bottom": "0",
                            "left": "0",
                            "isLinked": false
                        },
                        "padding_tablet": {
                            "unit": "px",
                            "top": "0",
                            "right": "0",
                            "bottom": "0",
                            "left": "0",
                            "isLinked": false
                        },
                        "padding_mobile": {
                            "unit": "px",
                            "top": "0",
                            "right": "0",
                            "bottom": "0",
                            "left": "0",
                            "isLinked": false
                        },
                        "_inline_size_tablet": 100
                    },
                    "elements": [
                        {
                            "id": "571787d6",
                            "settings": {
                                "spacing": {
                                    "unit": "px",
                                    "size": 20,
                                    "sizes": []
                                },
                                "spacing_thumbs": {
                                    "unit": "px",
                                    "size": 20,
                                    "sizes": []
                                }
                            },
                            "elements": [],
                            "isInner": false,
                            "widgetType": "woocommerce-product-images",
                            "elType": "widget"
                        }
                    ],
                    "isInner": false,
                    "elType": "column"
                },
                {
                    "id": "17ec6583",
                    "settings": {
                        "_column_size": 50,
                        "_inline_size": 45,
                        "space_between_widgets": 0,
                        "space_between_widgets_tablet": 0,
                        "space_between_widgets_mobile": 0,
                        "margin": {
                            "unit": "px",
                            "top": "0",
                            "right": "0",
                            "bottom": "0",
                            "left": "0",
                            "isLinked": false
                        },
                        "margin_tablet": {
                            "unit": "px",
                            "top": "0",
                            "right": "0",
                            "bottom": "0",
                            "left": "0",
                            "isLinked": false
                        },
                        "margin_mobile": {
                            "unit": "px",
                            "top": "0",
                            "right": "0",
                            "bottom": "0",
                            "left": "0",
                            "isLinked": false
                        },
                        "padding": {
                            "unit": "px",
                            "top": "0",
                            "right": "0",
                            "bottom": "0",
                            "left": "60",
                            "isLinked": false
                        },
                        "padding_tablet": {
                            "unit": "px",
                            "top": "0",
                            "right": "0",
                            "bottom": "0",
                            "left": "0",
                            "isLinked": false
                        },
                        "padding_mobile": {
                            "unit": "px",
                            "top": "0",
                            "right": "30",
                            "bottom": "30",
                            "left": "30",
                            "isLinked": false
                        },
                        "_inline_size_tablet": 100
                    },
                    "elements": [
                        {
                            "id": "6593dd23",
                            "settings": {
                                "_margin": {
                                    "unit": "px",
                                    "top": "0",
                                    "right": "0",
                                    "bottom": "0",
                                    "left": "0",
                                    "isLinked": false
                                },
                                "_padding": {
                                    "unit": "px",
                                    "top": "0",
                                    "right": "0",
                                    "bottom": "0",
                                    "left": "0",
                                    "isLinked": false
                                },
                                "__globals__": {
                                    "text_typography_typography": "globals\/typography?id=e173dc0",
                                    "text_color": "globals\/colors?id=a02183e",
                                    "link_color": "globals\/colors?id=a02183e"
                                }
                            },
                            "elements": [],
                            "isInner": false,
                            "widgetType": "woocommerce-breadcrumb",
                            "elType": "widget"
                        },
                        {
                            "id": "729696e5",
                            "settings": {
                                "__dynamic__": {
                                    "title": "[elementor-tag id=\"\" name=\"woocommerce-product-title-tag\" settings=\"%7B%22before%22%3A%22%22%2C%22after%22%3A%22%22%2C%22fallback%22%3A%22%22%7D\"]"
                                },
                                "title": "Add Your Heading Text Here",
                                "_margin": {
                                    "unit": "px",
                                    "top": "0",
                                    "right": "0",
                                    "bottom": "0",
                                    "left": "0",
                                    "isLinked": false
                                },
                                "__globals__": {
                                    "typography_typography": "globals\/typography?id=f26d337"
                                }
                            },
                            "elements": [],
                            "isInner": false,
                            "widgetType": "woocommerce-product-title",
                            "elType": "widget"
                        },
                        {
                            "id": "43375062",
                            "settings": {
                                "text": "Divider",
                                "color": "rgba(0, 0, 0, 0.1)",
                                "gap": {
                                    "unit": "px",
                                    "size": 25,
                                    "sizes": []
                                },
                                "gap_mobile": {
                                    "unit": "px",
                                    "size": 20,
                                    "sizes": []
                                }
                            },
                            "elements": [],
                            "isInner": false,
                            "widgetType": "divider",
                            "elType": "widget"
                        },
                        {
                            "id": "e6ed4dd",
                            "settings": {
                                "__globals__": {
                                    "price_color": "globals\/colors?id=a02183e",
                                    "typography_typography": "globals\/typography?id=f26d337"
                                },
                                "_element_width": "initial",
                                "_element_custom_width": {
                                    "unit": "%",
                                    "size": 50,
                                    "sizes": []
                                }
                            },
                            "elements": [],
                            "isInner": false,
                            "widgetType": "woocommerce-product-price",
                            "elType": "widget"
                        },
                        {
                            "id": "198146fb",
                            "settings": {
                                "text": "Divider",
                                "color": "rgba(0, 0, 0, 0.1)",
                                "gap": {
                                    "unit": "px",
                                    "size": 25,
                                    "sizes": []
                                },
                                "gap_mobile": {
                                    "unit": "px",
                                    "size": 20,
                                    "sizes": []
                                }
                            },
                            "elements": [],
                            "isInner": false,
                            "widgetType": "divider",
                            "elType": "widget"
                        },
                        {
                            "id": "6c551aea",
                            "settings": {
                                "_margin": {
                                    "unit": "px",
                                    "top": "0",
                                    "right": "0",
                                    "bottom": "40",
                                    "left": "0",
                                    "isLinked": false
                                }
                            },
                            "elements": [],
                            "isInner": false,
                            "widgetType": "woocommerce-product-short-description",
                            "elType": "widget"
                        },
                        {
                            "id": "1bdf9695",
                            "settings": {
                                "alignment": "left",
                                "button_border_radius": {
                                    "unit": "px",
                                    "top": "0",
                                    "right": "0",
                                    "bottom": "0",
                                    "left": "0",
                                    "isLinked": false
                                },
                                "button_padding": {
                                    "unit": "px",
                                    "top": "15",
                                    "right": "25",
                                    "bottom": "15",
                                    "left": "25",
                                    "isLinked": false
                                },
                                "spacing": {
                                    "unit": "px",
                                    "size": 20,
                                    "sizes": []
                                },
                                "__globals__": {
                                    "button_typography_typography": "globals\/typography?id=0972216",
                                    "button_text_color": "globals\/colors?id=e766922",
                                    "button_bg_color": "globals\/colors?id=a02183e"
                                }
                            },
                            "elements": [],
                            "isInner": false,
                            "widgetType": "woocommerce-product-add-to-cart",
                            "elType": "widget"
                        },
                        {
                            "id": "60947d9d",
                            "settings": {
                                "text": "Divider",
                                "color": "rgba(0, 0, 0, 0.1)",
                                "gap": {
                                    "unit": "px",
                                    "size": 25,
                                    "sizes": []
                                },
                                "gap_mobile": {
                                    "unit": "px",
                                    "size": 30,
                                    "sizes": []
                                }
                            },
                            "elements": [],
                            "isInner": false,
                            "widgetType": "divider",
                            "elType": "widget"
                        },
                        {
                            "id": "57059b17",
                            "settings": {
                                "view": "stacked",
                                "space_between": {
                                    "unit": "px",
                                    "size": 25,
                                    "sizes": []
                                },
                                "divider": "yes",
                                "divider_height": {
                                    "unit": "%",
                                    "size": 1,
                                    "sizes": []
                                },
                                "__globals__": {
                                    "text_typography_typography": "globals\/typography?id=12dff98",
                                    "text_color": "globals\/colors?id=a02183e",
                                    "link_typography_typography": "globals\/typography?id=41af9bf",
                                    "link_color": "globals\/colors?id=83eaca7"
                                }
                            },
                            "elements": [],
                            "isInner": false,
                            "widgetType": "woocommerce-product-meta",
                            "elType": "widget"
                        }
                    ],
                    "isInner": false,
                    "elType": "column"
                }
            ],
            "isInner": false,
            "elType": "section"
        },
        {
            "id": "637635b9",
            "settings": {
                "gap": "no",
                "margin": {
                    "unit": "px",
                    "top": "0",
                    "right": 0,
                    "bottom": "0",
                    "left": 0,
                    "isLinked": false
                },
                "margin_tablet": {
                    "unit": "px",
                    "top": "0",
                    "right": 0,
                    "bottom": "0",
                    "left": 0,
                    "isLinked": false
                },
                "margin_mobile": {
                    "unit": "px",
                    "top": "0",
                    "right": 0,
                    "bottom": "0",
                    "left": 0,
                    "isLinked": false
                },
                "padding": {
                    "unit": "px",
                    "top": "150",
                    "right": "0",
                    "bottom": "0",
                    "left": "0",
                    "isLinked": false
                },
                "padding_tablet": {
                    "unit": "px",
                    "top": "40",
                    "right": "40",
                    "bottom": "0",
                    "left": "40",
                    "isLinked": false
                },
                "padding_mobile": {
                    "unit": "px",
                    "top": "30",
                    "right": "30",
                    "bottom": "0",
                    "left": "30",
                    "isLinked": false
                }
            },
            "elements": [
                {
                    "id": "2f3a41ea",
                    "settings": {
                        "_column_size": 100,
                        "_inline_size": null,
                        "space_between_widgets": 0,
                        "space_between_widgets_tablet": 0,
                        "space_between_widgets_mobile": 0,
                        "margin": {
                            "unit": "px",
                            "top": "0",
                            "right": "0",
                            "bottom": "0",
                            "left": "0",
                            "isLinked": false
                        },
                        "margin_tablet": {
                            "unit": "px",
                            "top": "0",
                            "right": "0",
                            "bottom": "0",
                            "left": "0",
                            "isLinked": false
                        },
                        "margin_mobile": {
                            "unit": "px",
                            "top": "0",
                            "right": "0",
                            "bottom": "0",
                            "left": "0",
                            "isLinked": false
                        },
                        "padding": {
                            "unit": "px",
                            "top": "0",
                            "right": "0",
                            "bottom": "0",
                            "left": "0",
                            "isLinked": false
                        },
                        "padding_tablet": {
                            "unit": "px",
                            "top": "0",
                            "right": "0",
                            "bottom": "0",
                            "left": "0",
                            "isLinked": false
                        },
                        "padding_mobile": {
                            "unit": "px",
                            "top": "0",
                            "right": "0",
                            "bottom": "0",
                            "left": "0",
                            "isLinked": false
                        }
                    },
                    "elements": [
                        {
                            "id": "3d694175",
                            "settings": {
                                "tab_text_color": "#232323",
                                "tab_bg_color": "#FFFFFF",
                                "tabs_border_color": "#0000001A",
                                "tab_typography_typography": "custom",
                                "tab_typography_font_family": "Poppins",
                                "tab_typography_font_size": {
                                    "unit": "px",
                                    "size": 14,
                                    "sizes": []
                                },
                                "tab_typography_font_size_tablet": {
                                    "unit": "px",
                                    "size": 14,
                                    "sizes": []
                                },
                                "tab_typography_font_size_mobile": {
                                    "unit": "px",
                                    "size": 14,
                                    "sizes": []
                                },
                                "tab_typography_font_weight": "600",
                                "tab_typography_text_transform": "uppercase",
                                "tab_typography_line_height": {
                                    "unit": "px",
                                    "size": 14,
                                    "sizes": []
                                },
                                "tab_typography_line_height_tablet": {
                                    "unit": "px",
                                    "size": 14,
                                    "sizes": []
                                },
                                "tab_typography_line_height_mobile": {
                                    "unit": "px",
                                    "size": 14,
                                    "sizes": []
                                },
                                "tab_border_radius": {
                                    "unit": "px",
                                    "size": 0,
                                    "sizes": []
                                },
                                "text_color": "#808080",
                                "heading_color": "#232323",
                                "content_heading_typography_typography": "custom",
                                "content_heading_typography_font_family": "Poppins",
                                "content_heading_typography_font_size": {
                                    "unit": "px",
                                    "size": 16,
                                    "sizes": []
                                },
                                "content_heading_typography_font_size_tablet": {
                                    "unit": "px",
                                    "size": 16,
                                    "sizes": []
                                },
                                "content_heading_typography_font_size_mobile": {
                                    "unit": "px",
                                    "size": 16,
                                    "sizes": []
                                },
                                "content_heading_typography_font_weight": "600",
                                "content_heading_typography_line_height": {
                                    "unit": "px",
                                    "size": 22,
                                    "sizes": []
                                },
                                "content_heading_typography_line_height_tablet": {
                                    "unit": "px",
                                    "size": 22,
                                    "sizes": []
                                },
                                "content_heading_typography_line_height_mobile": {
                                    "unit": "px",
                                    "size": 22,
                                    "sizes": []
                                },
                                "panel_border_width": {
                                    "unit": "px",
                                    "top": "01",
                                    "right": "01",
                                    "bottom": "01",
                                    "left": "01",
                                    "isLinked": true
                                },
                                "panel_border_radius": {
                                    "unit": "px",
                                    "top": "0",
                                    "right": "0",
                                    "bottom": "0",
                                    "left": "0",
                                    "isLinked": false
                                },
                                "__globals__": {
                                    "tab_text_color": "globals\/colors?id=411f1fb",
                                    "tab_bg_color": "",
                                    "text_color": "globals\/colors?id=83eaca7",
                                    "heading_color": "globals\/colors?id=411f1fb",
                                    "content_heading_typography_typography": "globals\/typography?id=12dff98",
                                    "tab_typography_typography": "globals\/typography?id=e173dc0"
                                }
                            },
                            "elements": [],
                            "isInner": false,
                            "widgetType": "woocommerce-product-data-tabs",
                            "elType": "widget"
                        }
                    ],
                    "isInner": false,
                    "elType": "column"
                }
            ],
            "isInner": false,
            "elType": "section"
        },
        {
            "id": "4d893112",
            "settings": {
                "gap": "no",
                "margin": {
                    "unit": "px",
                    "top": "0",
                    "right": 0,
                    "bottom": "0",
                    "left": 0,
                    "isLinked": false
                },
                "margin_tablet": {
                    "unit": "px",
                    "top": "0",
                    "right": 0,
                    "bottom": "0",
                    "left": 0,
                    "isLinked": false
                },
                "margin_mobile": {
                    "unit": "px",
                    "top": "0",
                    "right": 0,
                    "bottom": "0",
                    "left": 0,
                    "isLinked": false
                },
                "padding": {
                    "unit": "px",
                    "top": "0",
                    "right": "0",
                    "bottom": "120",
                    "left": "0",
                    "isLinked": false
                },
                "padding_tablet": {
                    "unit": "px",
                    "top": "0",
                    "right": "40",
                    "bottom": "40",
                    "left": "40",
                    "isLinked": false
                },
                "padding_mobile": {
                    "unit": "px",
                    "top": "0",
                    "right": "0",
                    "bottom": "0",
                    "left": "0",
                    "isLinked": false
                }
            },
            "elements": [
                {
                    "id": "37597e9e",
                    "settings": {
                        "_column_size": 100,
                        "_inline_size": null,
                        "space_between_widgets": 0,
                        "space_between_widgets_tablet": 0,
                        "space_between_widgets_mobile": 0,
                        "margin": {
                            "unit": "px",
                            "top": "0",
                            "right": "0",
                            "bottom": "0",
                            "left": "0",
                            "isLinked": false
                        },
                        "margin_tablet": {
                            "unit": "px",
                            "top": "0",
                            "right": "0",
                            "bottom": "0",
                            "left": "0",
                            "isLinked": false
                        },
                        "margin_mobile": {
                            "unit": "px",
                            "top": "0",
                            "right": "0",
                            "bottom": "0",
                            "left": "0",
                            "isLinked": false
                        },
                        "padding": {
                            "unit": "px",
                            "top": "0",
                            "right": "0",
                            "bottom": "0",
                            "left": "0",
                            "isLinked": false
                        },
                        "padding_tablet": {
                            "unit": "px",
                            "top": "0",
                            "right": "0",
                            "bottom": "0",
                            "left": "0",
                            "isLinked": false
                        },
                        "padding_mobile": {
                            "unit": "px",
                            "top": "0",
                            "right": "0",
                            "bottom": "0",
                            "left": "0",
                            "isLinked": false
                        }
                    },
                    "elements": [
                        {
                            "id": "402c5153",
                            "settings": {
                                "text": "Divider",
                                "color": "#0000001A",
                                "gap": {
                                    "unit": "px",
                                    "size": 80,
                                    "sizes": []
                                },
                                "gap_tablet": {
                                    "unit": "px",
                                    "size": 40,
                                    "sizes": []
                                },
                                "hide_mobile": "hidden-phone"
                            },
                            "elements": [],
                            "isInner": false,
                            "widgetType": "divider",
                            "elType": "widget"
                        },
                        {
                            "id": "401efbc6",
                            "settings": {
                                "gap": "no",
                                "margin": {
                                    "unit": "px",
                                    "top": "0",
                                    "right": 0,
                                    "bottom": "0",
                                    "left": 0,
                                    "isLinked": false
                                },
                                "margin_tablet": {
                                    "unit": "px",
                                    "top": "0",
                                    "right": 0,
                                    "bottom": "0",
                                    "left": 0,
                                    "isLinked": false
                                },
                                "margin_mobile": {
                                    "unit": "px",
                                    "top": "0",
                                    "right": 0,
                                    "bottom": "0",
                                    "left": 0,
                                    "isLinked": false
                                },
                                "padding": {
                                    "unit": "px",
                                    "top": "0",
                                    "right": "0",
                                    "bottom": "0",
                                    "left": "0",
                                    "isLinked": false
                                },
                                "padding_tablet": {
                                    "unit": "px",
                                    "top": "0",
                                    "right": "0",
                                    "bottom": "0",
                                    "left": "0",
                                    "isLinked": false
                                },
                                "padding_mobile": {
                                    "unit": "px",
                                    "top": "0",
                                    "right": "0",
                                    "bottom": "0",
                                    "left": "0",
                                    "isLinked": false
                                },
                                "structure": "20"
                            },
                            "elements": [
                                {
                                    "id": "249d5edb",
                                    "settings": {
                                        "_column_size": 50,
                                        "_inline_size": null,
                                        "space_between_widgets": 0,
                                        "space_between_widgets_tablet": 0,
                                        "space_between_widgets_mobile": 0,
                                        "margin": {
                                            "unit": "px",
                                            "top": "0",
                                            "right": "0",
                                            "bottom": "0",
                                            "left": "0",
                                            "isLinked": false
                                        },
                                        "margin_tablet": {
                                            "unit": "px",
                                            "top": "0",
                                            "right": "0",
                                            "bottom": "0",
                                            "left": "0",
                                            "isLinked": false
                                        },
                                        "margin_mobile": {
                                            "unit": "px",
                                            "top": "0",
                                            "right": "0",
                                            "bottom": "0",
                                            "left": "0",
                                            "isLinked": false
                                        },
                                        "padding": {
                                            "unit": "px",
                                            "top": "10",
                                            "right": "10",
                                            "bottom": "10",
                                            "left": "10",
                                            "isLinked": true
                                        },
                                        "padding_tablet": {
                                            "unit": "px",
                                            "top": "0",
                                            "right": "0",
                                            "bottom": "0",
                                            "left": "0",
                                            "isLinked": false
                                        },
                                        "padding_mobile": {
                                            "unit": "px",
                                            "top": "0",
                                            "right": "0",
                                            "bottom": "0",
                                            "left": "0",
                                            "isLinked": false
                                        },
                                        "content_position": "bottom"
                                    },
                                    "elements": [
                                        {
                                            "id": "fce4c33",
                                            "settings": {
                                                "space": {
                                                    "unit": "px",
                                                    "size": 500,
                                                    "sizes": []
                                                },
                                                "_margin": {
                                                    "unit": "px",
                                                    "top": "0",
                                                    "right": "0",
                                                    "bottom": "0",
                                                    "left": "120",
                                                    "isLinked": false
                                                },
                                                "_background_background": "classic",
                                                "_background_image": {
                                                    "id": "41",
                                                    "url": "http:\/\/templatekits.c-kav.com\/demo3\/eti\/wp-content\/uploads\/sites\/7\/2020\/10\/1000x1200-04.jpg"
                                                },
                                                "_background_position": "center center",
                                                "_background_repeat": "no-repeat",
                                                "_background_size": "cover",
                                                "space_tablet": {
                                                    "unit": "px",
                                                    "size": 400,
                                                    "sizes": []
                                                },
                                                "_margin_tablet": {
                                                    "unit": "px",
                                                    "top": "0",
                                                    "right": "0",
                                                    "bottom": "0",
                                                    "left": "0",
                                                    "isLinked": false
                                                }
                                            },
                                            "elements": [],
                                            "isInner": false,
                                            "widgetType": "spacer",
                                            "elType": "widget"
                                        }
                                    ],
                                    "isInner": true,
                                    "elType": "column"
                                },
                                {
                                    "id": "64fc4bdd",
                                    "settings": {
                                        "_column_size": 50,
                                        "_inline_size": null,
                                        "space_between_widgets": 0,
                                        "space_between_widgets_tablet": 0,
                                        "space_between_widgets_mobile": 0,
                                        "margin": {
                                            "unit": "px",
                                            "top": "0",
                                            "right": "0",
                                            "bottom": "0",
                                            "left": "0",
                                            "isLinked": false
                                        },
                                        "margin_tablet": {
                                            "unit": "px",
                                            "top": "0",
                                            "right": "0",
                                            "bottom": "0",
                                            "left": "0",
                                            "isLinked": false
                                        },
                                        "margin_mobile": {
                                            "unit": "px",
                                            "top": "0",
                                            "right": "0",
                                            "bottom": "0",
                                            "left": "0",
                                            "isLinked": false
                                        },
                                        "padding": {
                                            "unit": "px",
                                            "top": "10",
                                            "right": "10",
                                            "bottom": "10",
                                            "left": "10",
                                            "isLinked": true
                                        },
                                        "padding_tablet": {
                                            "unit": "px",
                                            "top": "0",
                                            "right": "0",
                                            "bottom": "0",
                                            "left": "0",
                                            "isLinked": false
                                        },
                                        "padding_mobile": {
                                            "unit": "px",
                                            "top": "0",
                                            "right": "0",
                                            "bottom": "0",
                                            "left": "0",
                                            "isLinked": false
                                        },
                                        "content_position": "bottom"
                                    },
                                    "elements": [
                                        {
                                            "id": "46c1456b",
                                            "settings": {
                                                "space": {
                                                    "unit": "px",
                                                    "size": 400,
                                                    "sizes": []
                                                },
                                                "_background_background": "classic",
                                                "_background_image": {
                                                    "id": "42",
                                                    "url": "http:\/\/templatekits.c-kav.com\/demo3\/eti\/wp-content\/uploads\/sites\/7\/2020\/10\/1200x1000-07.jpg"
                                                },
                                                "_background_position": "center center",
                                                "_background_repeat": "no-repeat",
                                                "_background_size": "cover"
                                            },
                                            "elements": [],
                                            "isInner": false,
                                            "widgetType": "spacer",
                                            "elType": "widget"
                                        }
                                    ],
                                    "isInner": true,
                                    "elType": "column"
                                }
                            ],
                            "isInner": true,
                            "elType": "section"
                        },
                        {
                            "id": "12c024de",
                            "settings": {
                                "gap": "no",
                                "margin": {
                                    "unit": "px",
                                    "top": "0",
                                    "right": 0,
                                    "bottom": "0",
                                    "left": 0,
                                    "isLinked": false
                                },
                                "margin_tablet": {
                                    "unit": "px",
                                    "top": "0",
                                    "right": 0,
                                    "bottom": "0",
                                    "left": 0,
                                    "isLinked": false
                                },
                                "margin_mobile": {
                                    "unit": "px",
                                    "top": "0",
                                    "right": 0,
                                    "bottom": "0",
                                    "left": 0,
                                    "isLinked": false
                                },
                                "padding": {
                                    "unit": "px",
                                    "top": "0",
                                    "right": "0",
                                    "bottom": "0",
                                    "left": "0",
                                    "isLinked": false
                                },
                                "padding_tablet": {
                                    "unit": "px",
                                    "top": "0",
                                    "right": "0",
                                    "bottom": "0",
                                    "left": "0",
                                    "isLinked": false
                                },
                                "padding_mobile": {
                                    "unit": "px",
                                    "top": "0",
                                    "right": "0",
                                    "bottom": "0",
                                    "left": "0",
                                    "isLinked": false
                                },
                                "structure": "20"
                            },
                            "elements": [
                                {
                                    "id": "51214c21",
                                    "settings": {
                                        "_column_size": 50,
                                        "_inline_size": null,
                                        "space_between_widgets": 0,
                                        "space_between_widgets_tablet": 0,
                                        "space_between_widgets_mobile": 0,
                                        "margin": {
                                            "unit": "px",
                                            "top": "0",
                                            "right": "0",
                                            "bottom": "0",
                                            "left": "0",
                                            "isLinked": false
                                        },
                                        "margin_tablet": {
                                            "unit": "px",
                                            "top": "0",
                                            "right": "0",
                                            "bottom": "0",
                                            "left": "0",
                                            "isLinked": false
                                        },
                                        "margin_mobile": {
                                            "unit": "px",
                                            "top": "0",
                                            "right": "0",
                                            "bottom": "0",
                                            "left": "0",
                                            "isLinked": false
                                        },
                                        "padding": {
                                            "unit": "px",
                                            "top": "10",
                                            "right": "10",
                                            "bottom": "10",
                                            "left": "10",
                                            "isLinked": true
                                        },
                                        "padding_tablet": {
                                            "unit": "px",
                                            "top": "0",
                                            "right": "0",
                                            "bottom": "0",
                                            "left": "0",
                                            "isLinked": false
                                        },
                                        "padding_mobile": {
                                            "unit": "px",
                                            "top": "0",
                                            "right": "0",
                                            "bottom": "0",
                                            "left": "0",
                                            "isLinked": false
                                        }
                                    },
                                    "elements": [
                                        {
                                            "id": "5e65a48c",
                                            "settings": {
                                                "space": {
                                                    "unit": "px",
                                                    "size": 400,
                                                    "sizes": []
                                                },
                                                "_background_background": "classic",
                                                "_background_image": {
                                                    "id": "43",
                                                    "url": "http:\/\/templatekits.c-kav.com\/demo3\/eti\/wp-content\/uploads\/sites\/7\/2020\/10\/1200x1000-09.jpg"
                                                },
                                                "_background_position": "center center",
                                                "_background_repeat": "no-repeat",
                                                "_background_size": "cover"
                                            },
                                            "elements": [],
                                            "isInner": false,
                                            "widgetType": "spacer",
                                            "elType": "widget"
                                        }
                                    ],
                                    "isInner": true,
                                    "elType": "column"
                                },
                                {
                                    "id": "449c776b",
                                    "settings": {
                                        "_column_size": 50,
                                        "_inline_size": null,
                                        "space_between_widgets": 0,
                                        "space_between_widgets_tablet": 0,
                                        "space_between_widgets_mobile": 0,
                                        "margin": {
                                            "unit": "px",
                                            "top": "0",
                                            "right": "0",
                                            "bottom": "0",
                                            "left": "0",
                                            "isLinked": false
                                        },
                                        "margin_tablet": {
                                            "unit": "px",
                                            "top": "0",
                                            "right": "0",
                                            "bottom": "0",
                                            "left": "0",
                                            "isLinked": false
                                        },
                                        "margin_mobile": {
                                            "unit": "px",
                                            "top": "0",
                                            "right": "0",
                                            "bottom": "0",
                                            "left": "0",
                                            "isLinked": false
                                        },
                                        "padding": {
                                            "unit": "px",
                                            "top": "10",
                                            "right": "10",
                                            "bottom": "10",
                                            "left": "10",
                                            "isLinked": true
                                        },
                                        "padding_tablet": {
                                            "unit": "px",
                                            "top": "0",
                                            "right": "0",
                                            "bottom": "0",
                                            "left": "0",
                                            "isLinked": false
                                        },
                                        "padding_mobile": {
                                            "unit": "px",
                                            "top": "0",
                                            "right": "0",
                                            "bottom": "0",
                                            "left": "0",
                                            "isLinked": false
                                        }
                                    },
                                    "elements": [
                                        {
                                            "id": "45ea07c6",
                                            "settings": {
                                                "space": {
                                                    "unit": "px",
                                                    "size": 500,
                                                    "sizes": []
                                                },
                                                "_margin": {
                                                    "unit": "px",
                                                    "top": "0",
                                                    "right": "120",
                                                    "bottom": "0",
                                                    "left": "0",
                                                    "isLinked": false
                                                },
                                                "_background_background": "classic",
                                                "_background_image": {
                                                    "id": "44",
                                                    "url": "http:\/\/templatekits.c-kav.com\/demo3\/eti\/wp-content\/uploads\/sites\/7\/2020\/10\/1000x1200-02.jpg"
                                                },
                                                "_background_position": "center center",
                                                "_background_repeat": "no-repeat",
                                                "_background_size": "cover",
                                                "space_tablet": {
                                                    "unit": "px",
                                                    "size": 400,
                                                    "sizes": []
                                                },
                                                "_margin_tablet": {
                                                    "unit": "px",
                                                    "top": "0",
                                                    "right": "0",
                                                    "bottom": "0",
                                                    "left": "0",
                                                    "isLinked": false
                                                },
                                                "_padding_tablet": {
                                                    "unit": "px",
                                                    "top": "0",
                                                    "right": "0",
                                                    "bottom": "0",
                                                    "left": "0",
                                                    "isLinked": false
                                                }
                                            },
                                            "elements": [],
                                            "isInner": false,
                                            "widgetType": "spacer",
                                            "elType": "widget"
                                        }
                                    ],
                                    "isInner": true,
                                    "elType": "column"
                                }
                            ],
                            "isInner": true,
                            "elType": "section"
                        },
                        {
                            "id": "527bb1c4",
                            "settings": {
                                "title": "Lorem ipsum consectetur adipiscing elit",
                                "header_size": "h1",
                                "_margin": {
                                    "unit": "px",
                                    "top": "60",
                                    "right": "0",
                                    "bottom": "25",
                                    "left": "0",
                                    "isLinked": false
                                },
                                "align_mobile": "center",
                                "_margin_mobile": {
                                    "unit": "px",
                                    "top": "0",
                                    "right": "0",
                                    "bottom": "20",
                                    "left": "0",
                                    "isLinked": false
                                },
                                "__globals__": {
                                    "typography_typography": "globals\/typography?id=f26d337"
                                },
                                "align": "center",
                                "_padding_mobile": {
                                    "unit": "px",
                                    "top": "30",
                                    "right": "0",
                                    "bottom": "0",
                                    "left": "0",
                                    "isLinked": false
                                }
                            },
                            "elements": [],
                            "isInner": false,
                            "widgetType": "heading",
                            "elType": "widget"
                        },
                        {
                            "id": "1de14732",
                            "settings": {
                                "editor": "<p>Lorem ipsum dolor sit amet, consectetur adipiscing elit, sed do eiusmod tempor incididunt ut labore et dolore magna aliqua. Ut enim ad minim veniam, quis nostrud exercitation ullamco laboris nisi ut aliquip ex ea commodo consequat. Duis aute irure dolor in reprehenderit in voluptate velit esse cillum dolore eu fugiat nulla pariatur. Excepteur sint occaecat cupidatat non proident, sunt in culpa qui officia deserunt mollit anim id est laborum.<\/p>",
                                "__globals__": {
                                    "typography_typography": "globals\/typography?id=41af9bf"
                                },
                                "_margin": {
                                    "unit": "px",
                                    "top": "0",
                                    "right": "0",
                                    "bottom": "0",
                                    "left": "0",
                                    "isLinked": false
                                },
                                "_padding": {
                                    "unit": "px",
                                    "top": "0",
                                    "right": "120",
                                    "bottom": "0",
                                    "left": "120",
                                    "isLinked": false
                                },
                                "align": "center",
                                "_padding_tablet": {
                                    "unit": "px",
                                    "top": "0",
                                    "right": "0",
                                    "bottom": "0",
                                    "left": "0",
                                    "isLinked": false
                                },
                                "_padding_mobile": {
                                    "unit": "px",
                                    "top": "0",
                                    "right": "30",
                                    "bottom": "0",
                                    "left": "30",
                                    "isLinked": false
                                }
                            },
                            "elements": [],
                            "isInner": false,
                            "widgetType": "text-editor",
                            "elType": "widget"
                        }
                    ],
                    "isInner": false,
                    "elType": "column"
                }
            ],
            "isInner": false,
            "elType": "section"
        },
        {
            "id": "42be8f27",
            "settings": {
                "gap": "no",
                "margin": {
                    "unit": "px",
                    "top": "0",
                    "right": 0,
                    "bottom": "0",
                    "left": 0,
                    "isLinked": false
                },
                "margin_tablet": {
                    "unit": "px",
                    "top": "0",
                    "right": 0,
                    "bottom": "0",
                    "left": 0,
                    "isLinked": false
                },
                "margin_mobile": {
                    "unit": "px",
                    "top": "0",
                    "right": 0,
                    "bottom": "0",
                    "left": 0,
                    "isLinked": false
                },
                "padding": {
                    "unit": "px",
                    "top": "150",
                    "right": "0",
                    "bottom": "150",
                    "left": "0",
                    "isLinked": false
                },
                "padding_tablet": {
                    "unit": "px",
                    "top": "40",
                    "right": "40",
                    "bottom": "40",
                    "left": "40",
                    "isLinked": true
                },
                "padding_mobile": {
                    "unit": "px",
                    "top": "30",
                    "right": "30",
                    "bottom": "30",
                    "left": "30",
                    "isLinked": true
                },
                "background_background": "classic",
                "__globals__": {
                    "background_color": "globals\/colors?id=bff8f0f"
                }
            },
            "elements": [
                {
                    "id": "5980b312",
                    "settings": {
                        "_column_size": 100,
                        "_inline_size": null,
                        "space_between_widgets": 0,
                        "space_between_widgets_tablet": 0,
                        "space_between_widgets_mobile": 0,
                        "margin": {
                            "unit": "px",
                            "top": "0",
                            "right": "0",
                            "bottom": "0",
                            "left": "0",
                            "isLinked": false
                        },
                        "margin_tablet": {
                            "unit": "px",
                            "top": "0",
                            "right": "0",
                            "bottom": "0",
                            "left": "0",
                            "isLinked": false
                        },
                        "margin_mobile": {
                            "unit": "px",
                            "top": "0",
                            "right": "0",
                            "bottom": "0",
                            "left": "0",
                            "isLinked": false
                        },
                        "padding": {
                            "unit": "px",
                            "top": "0",
                            "right": "0",
                            "bottom": "0",
                            "left": "0",
                            "isLinked": false
                        },
                        "padding_tablet": {
                            "unit": "px",
                            "top": "0",
                            "right": "0",
                            "bottom": "0",
                            "left": "0",
                            "isLinked": false
                        },
                        "padding_mobile": {
                            "unit": "px",
                            "top": "0",
                            "right": "0",
                            "bottom": "0",
                            "left": "0",
                            "isLinked": false
                        }
                    },
                    "elements": [
                        {
                            "id": "20cf165d",
                            "settings": {
                                "title": "Related Products",
                                "header_size": "h1",
                                "_margin": {
                                    "unit": "px",
                                    "top": "0",
                                    "right": "0",
                                    "bottom": "0",
                                    "left": "0",
                                    "isLinked": false
                                },
                                "align_mobile": "center",
                                "_margin_mobile": {
                                    "unit": "px",
                                    "top": "0",
                                    "right": "0",
                                    "bottom": "20",
                                    "left": "0",
                                    "isLinked": false
                                },
                                "__globals__": {
                                    "typography_typography": "globals\/typography?id=e173dc0",
                                    "title_color": "globals\/colors?id=a02183e",
                                    "_background_color": ""
                                },
                                "_background_background": "classic",
                                "align": "center",
                                "title_color": "#EE9761",
                                "typography_typography": "custom",
                                "typography_font_family": "Poppins",
                                "typography_font_size": {
                                    "unit": "px",
                                    "size": 14,
                                    "sizes": []
                                },
                                "typography_font_size_tablet": {
                                    "unit": "px",
                                    "size": 14,
                                    "sizes": []
                                },
                                "typography_font_size_mobile": {
                                    "unit": "px",
                                    "size": 14,
                                    "sizes": []
                                },
                                "typography_font_weight": "600",
                                "typography_text_transform": "uppercase",
                                "typography_line_height": {
                                    "unit": "px",
                                    "size": 14,
                                    "sizes": []
                                },
                                "typography_line_height_tablet": {
                                    "unit": "px",
                                    "size": 14,
                                    "sizes": []
                                },
                                "typography_line_height_mobile": {
                                    "unit": "px",
                                    "size": 14,
                                    "sizes": []
                                }
                            },
                            "elements": [],
                            "isInner": false,
                            "widgetType": "heading",
                            "elType": "widget"
                        },
                        {
                            "id": "27845b92",
                            "settings": {
                                "title": "You May Also Like",
                                "header_size": "h1",
                                "_margin": {
                                    "unit": "px",
                                    "top": "10",
                                    "right": "0",
                                    "bottom": "25",
                                    "left": "0",
                                    "isLinked": false
                                },
                                "align_mobile": "center",
                                "_margin_mobile": {
                                    "unit": "px",
                                    "top": "0",
                                    "right": "0",
                                    "bottom": "20",
                                    "left": "0",
                                    "isLinked": false
                                },
                                "__globals__": {
                                    "typography_typography": "globals\/typography?id=f26d337"
                                },
                                "align": "center"
                            },
                            "elements": [],
                            "isInner": false,
                            "widgetType": "heading",
                            "elType": "widget"
                        },
                        {
                            "id": "26efbc94",
                            "settings": {
                                "editor": "<p>Lorem ipsum dolor sit amet, consectetur adipiscing elit, sed do eiusmod tempor consectetur incididunt ut labore et dolore magna aliqua consectetur.<\/p>",
                                "__globals__": {
                                    "typography_typography": "globals\/typography?id=41af9bf"
                                },
                                "_margin": {
                                    "unit": "px",
                                    "top": "0",
                                    "right": "0",
                                    "bottom": "60",
                                    "left": "0",
                                    "isLinked": false
                                },
                                "_padding": {
                                    "unit": "%",
                                    "top": "0",
                                    "right": "20",
                                    "bottom": "0",
                                    "left": "20",
                                    "isLinked": false
                                },
                                "align": "center",
                                "_padding_tablet": {
                                    "unit": "px",
                                    "top": "0",
                                    "right": "0",
                                    "bottom": "0",
                                    "left": "0",
                                    "isLinked": false
                                }
                            },
                            "elements": [],
                            "isInner": false,
                            "widgetType": "text-editor",
                            "elType": "widget"
                        },
                        {
                            "id": "4043ccba",
                            "settings": {
                                "orderby": "title",
                                "order": "asc",
                                "posts_per_page": 3,
                                "columns": 3,
                                "columns_tablet": 3,
                                "columns_mobile": 1,
                                "row_gap": {
                                    "unit": "px",
                                    "size": 20,
                                    "sizes": []
                                },
                                "row_gap_tablet": {
                                    "unit": "px",
                                    "size": 20,
                                    "sizes": []
                                },
                                "row_gap_mobile": {
                                    "unit": "px",
                                    "size": 20,
                                    "sizes": []
                                },
                                "align": "center",
                                "image_spacing": {
                                    "unit": "px",
                                    "size": 10,
                                    "sizes": []
                                },
                                "title_color": "#232323",
                                "title_typography_typography": "custom",
                                "title_typography_font_family": "Poppins",
                                "title_typography_font_size": {
                                    "unit": "px",
                                    "size": 16,
                                    "sizes": []
                                },
                                "title_typography_font_size_tablet": {
                                    "unit": "px",
                                    "size": 16,
                                    "sizes": []
                                },
                                "title_typography_font_size_mobile": {
                                    "unit": "px",
                                    "size": 16,
                                    "sizes": []
                                },
                                "title_typography_font_weight": "600",
                                "title_typography_line_height": {
                                    "unit": "px",
                                    "size": 22,
                                    "sizes": []
                                },
                                "title_typography_line_height_tablet": {
                                    "unit": "px",
                                    "size": 22,
                                    "sizes": []
                                },
                                "title_typography_line_height_mobile": {
                                    "unit": "px",
                                    "size": 22,
                                    "sizes": []
                                },
                                "title_spacing": {
                                    "unit": "px",
                                    "size": 0,
                                    "sizes": []
                                },
                                "price_color": "#EE9761",
                                "price_typography_typography": "custom",
                                "price_typography_font_family": "Poppins",
                                "price_typography_font_size": {
                                    "unit": "px",
                                    "size": 14,
                                    "sizes": []
                                },
                                "price_typography_font_size_tablet": {
                                    "unit": "px",
                                    "size": 14,
                                    "sizes": []
                                },
                                "price_typography_font_size_mobile": {
                                    "unit": "px",
                                    "size": 14,
                                    "sizes": []
                                },
                                "price_typography_font_weight": "600",
                                "price_typography_text_transform": "uppercase",
                                "price_typography_line_height": {
                                    "unit": "px",
                                    "size": 14,
                                    "sizes": []
                                },
                                "price_typography_line_height_tablet": {
                                    "unit": "px",
                                    "size": 14,
                                    "sizes": []
                                },
                                "price_typography_line_height_mobile": {
                                    "unit": "px",
                                    "size": 14,
                                    "sizes": []
                                },
                                "button_text_color": "#FFFFFF",
                                "button_background_color": "#EE976100",
                                "button_typography_typography": "custom",
                                "button_typography_font_family": "Poppins",
                                "button_typography_font_size": {
                                    "unit": "px",
                                    "size": 12,
                                    "sizes": []
                                },
                                "button_typography_font_size_tablet": {
                                    "unit": "px",
                                    "size": 14,
                                    "sizes": []
                                },
                                "button_typography_font_size_mobile": {
                                    "unit": "px",
                                    "size": 14,
                                    "sizes": []
                                },
                                "button_typography_font_weight": "600",
                                "button_typography_text_transform": "uppercase",
                                "button_typography_line_height": {
                                    "unit": "px",
                                    "size": 14,
                                    "sizes": []
                                },
                                "button_typography_line_height_tablet": {
                                    "unit": "px",
                                    "size": 14,
                                    "sizes": []
                                },
                                "button_typography_line_height_mobile": {
                                    "unit": "px",
                                    "size": 14,
                                    "sizes": []
                                },
                                "button_typography_letter_spacing": {
                                    "unit": "px",
                                    "size": 1,
                                    "sizes": []
                                },
                                "button_border_border": "solid",
                                "button_border_width": {
                                    "unit": "px",
                                    "top": "0",
                                    "right": "0",
                                    "bottom": "02",
                                    "left": "0",
                                    "isLinked": false
                                },
                                "button_border_radius": {
                                    "unit": "px",
                                    "top": "0",
                                    "right": "0",
                                    "bottom": "0",
                                    "left": "0",
                                    "isLinked": true
                                },
                                "button_text_padding": {
                                    "unit": "px",
                                    "top": "0",
                                    "right": "0",
                                    "bottom": "9",
                                    "left": "0",
                                    "isLinked": false
                                },
                                "button_spacing": {
                                    "unit": "px",
                                    "size": 20,
                                    "sizes": []
                                },
                                "show_heading": "",
                                "box_border_width": {
                                    "unit": "px",
                                    "top": "0",
                                    "right": "0",
                                    "bottom": "0",
                                    "left": "0",
                                    "isLinked": false
                                },
                                "box_padding": {
                                    "unit": "px",
                                    "top": "0",
                                    "right": "0",
                                    "bottom": "0",
                                    "left": "0",
                                    "isLinked": true
                                },
                                "box_padding_mobile": {
                                    "unit": "px",
                                    "top": "0",
                                    "right": "0",
                                    "bottom": "20",
                                    "left": "0",
                                    "isLinked": false
                                },
                                "box_border_color": "#0000001A",
                                "__globals__": {
                                    "title_color": "globals\/colors?id=411f1fb",
                                    "title_typography_typography": "globals\/typography?id=12dff98",
                                    "price_color": "globals\/colors?id=83eaca7",
                                    "price_typography_typography": "globals\/typography?id=41af9bf",
                                    "button_typography_typography": "",
                                    "button_text_color": "globals\/colors?id=a02183e",
                                    "button_background_color": "",
                                    "box_bg_color": ""
                                }
                            },
                            "elements": [],
                            "isInner": false,
                            "widgetType": "woocommerce-product-related",
                            "elType": "widget"
                        }
                    ],
                    "isInner": false,
                    "elType": "column"
                }
            ],
            "isInner": false,
            "elType": "section"
        }
    ]
}