{"version":"0.4","title":"Web Agency > Help","type":"page","content":[{"id":"26f7d76","settings":{"background_background":"classic","background_image":{"id":"6558","url":"http:\/\/sitefacilitado.com.br\/membros\/wp-content\/uploads\/2020\/03\/homepage2bg.jpg"},"shape_divider_bottom_width":{"unit":"%","size":"175"},"shape_divider_bottom_height":{"unit":"px","size":"500"},"shape_divider_bottom_negative":"yes","custom_height":{"unit":"px","size":"712"},"background_position":"center center","background_repeat":"no-repeat","background_size":"cover","shape_divider_bottom":"curve","shape_divider_bottom_color":"#ffffff","shape_divider_bottom_flip":"yes","padding":{"unit":"px","top":"90","right":"0","bottom":"120","left":"0","isLinked":""},"shape_divider_bottom_width_mobile":{"unit":"%","size":"274"},"background_attachment":"fixed"},"elements":[{"id":"2514755b","settings":{"_column_size":"100","_inline_size":""},"elements":[{"id":"7d7902c1","settings":{"style":"double","weight":{"unit":"px","size":"6"},"color":"#c4ff3a","width":{"unit":"px","size":"201"},"gap":{"unit":"px","size":"2"},"align_tablet":"center"},"elements":[],"isInner":false,"widgetType":"divider","elType":"widget"},{"id":"6e0a1988","settings":{"title":"WHAT CAN WE DO","align":"left","title_color":"#ffffff","typography_typography":"custom","typography_font_family":"Source Sans Pro","typography_font_size":{"unit":"px","size":"16"},"typography_font_weight":"bold","typography_letter_spacing":{"unit":"px","size":"6"},"_margin":{"unit":"px","top":"-12","right":"0","bottom":"-12","left":"0","isLinked":""},"_padding":{"unit":"px","top":"0","right":"0","bottom":"0","left":"0","isLinked":"1"},"align_tablet":"center"},"elements":[],"isInner":false,"widgetType":"heading","elType":"widget"},{"id":"5be9564","settings":{"style":"double","weight":{"unit":"px","size":"6"},"color":"#c4ff3a","width":{"unit":"px","size":"201"},"gap":{"unit":"px","size":"2"},"align_tablet":"center"},"elements":[],"isInner":false,"widgetType":"divider","elType":"widget"},{"id":"3c3b55be","settings":{"title":"Help &amp; Support","align":"left","title_color":"#ffffff","typography_typography":"custom","typography_font_family":"Source Sans Pro","typography_font_size":{"unit":"px","size":"124"},"typography_font_weight":"900","typography_letter_spacing":{"unit":"px","size":"-5"},"text_shadow_text_shadow_type":"yes","text_shadow_text_shadow":{"horizontal":"0","vertical":"0","blur":"4","color":"rgba(0,0,0,0.2)"},"typography_font_size_mobile":{"unit":"px","size":"83"},"header_size":"h1","align_tablet":"center"},"elements":[],"isInner":false,"widgetType":"heading","elType":"widget"}],"isInner":"","elType":"column"}],"isInner":"","elType":"section"},{"id":"21d7bfa4","settings":{"stretch_section":"section-stretched","background_background":"classic","background_color_b":"#7a28ed","background_overlay_background":"classic","background_overlay_position":"top center","background_overlay_size":"contain","background_overlay_opacity":{"unit":"px","size":"1"},"shape_divider_bottom_color":"#7a28ed","shape_divider_bottom_width":{"unit":"%","size":"115"},"shape_divider_bottom_height":{"unit":"px","size":"278"},"padding":{"unit":"em","top":"8","right":"0","bottom":"0","left":"0","isLinked":""},"layout":"full_width","content_position":"middle","background_color":"#ffffff","background_repeat":"no-repeat","background_size":"contain","background_overlay_image":{"id":"6559","url":"http:\/\/sitefacilitado.com.br\/membros\/wp-content\/uploads\/2020\/03\/homeservc.png"},"shape_divider_bottom":"curve","shape_divider_bottom_width_mobile":{"unit":"%","size":"127"},"shape_divider_bottom_height_mobile":{"unit":"px","size":"72"},"shape_divider_bottom_above_content":"yes","background_overlay_repeat":"no-repeat","padding_mobile":{"unit":"em","top":"1","right":"1","bottom":"0","left":"1","isLinked":""}},"elements":[{"id":"166015b","settings":{"_column_size":"100","_inline_size":"","background_background":"classic","padding":{"unit":"em","top":"","right":"","bottom":"","left":"","isLinked":""},"margin_mobile":{"unit":"px","top":"0","right":"0","bottom":"0","left":"0","isLinked":"1"},"padding_mobile":{"unit":"px","top":"0","right":"0","bottom":"0","left":"0","isLinked":"1"}},"elements":[{"id":"318563a2","settings":{"padding_mobile":{"unit":"em","top":"0","right":"0","bottom":"0","left":"0","isLinked":""}},"elements":[{"id":"48148df","settings":{"_column_size":"100","_inline_size":""},"elements":[{"id":"124cba35","settings":{"tabs":[{"tab_title":"Bug Report","tab_content":"<p>I am tab content. Click edit button to change this text. Lorem ipsum dolor sit amet, consectetur adipiscing elit. Ut elit tellus, luctus nec ullamcorper mattis, pulvinar dapibus leo.<\/p><p>Lorem ipsum dolor sit amet, consectetur adipiscing elit. Ut elit tellus, luctus nec ullamcorper mattis, pulvinar dapibus leo. Lorem ipsum dolor sit am. Ut elit tellus, luctus nec ullamcorper mattis, pulvinar dapibus leo.<\/p><p>Lorem ipsum dolor sit amet, consectetur adipiscing elit. Ut elit tellus, luctus nec ullamcorper mattis, pulvinar dapibus leo. Lorem ipsum dolor sit am. Ut elit tellus, luctus nec ullamcorper mattis, pulvinar dapibus leo.<\/p>","_id":"f4b95b2"},{"tab_title":"Frequently Asked Questions","tab_content":"<p>I am tab content. Click edit button to change this text. Lorem ipsum dolor sit amet, consectetur adipiscing elit. Ut elit tellus, luctus nec ullamcorper mattis, pulvinar dapibus leo.<\/p><p>I am tab content. Click edit button to change this text. Lorem ipsum dolor sit amet, consectetur adipiscing elit. Ut elit tellus, luctus nec ullamcorper mattis, pulvinar dapibus leo.<\/p>","_id":"3154b89"},{"tab_title":"Get Support","tab_content":"<p>I am tab content. Click edit button to change this text. Lorem ipsum dolor sit amet, consectetur adipiscing elit. Ut elit tellus, luctus nec ullamcorper mattis, pulvinar dapibus leo.<\/p>","_id":"3b10c5a"}],"border_width":{"unit":"px","size":"3"},"background_color":"#ffffff","tab_color":"#54595f","tab_active_color":"#e62c91","tab_typography_typography":"custom","tab_typography_font_family":"Montserrat","tab_typography_font_size":{"unit":"px","size":"15"},"tab_typography_font_weight":"bold","tab_typography_line_height":{"unit":"em","size":"1.7"},"tab_typography_letter_spacing":{"unit":"px","size":"0.6"},"content_typography_typography":"custom","content_typography_font_family":"Montserrat","content_typography_font_size":{"unit":"px","size":"18"},"content_typography_line_height":{"unit":"em","size":"1.8"},"content_typography_letter_spacing":{"unit":"px","size":"0.7"},"type":"vertical","border_color":"#f7f7f7","tab_typography_text_transform":"uppercase","content_typography_font_size_mobile":{"unit":"px","size":"12"},"_padding":{"unit":"em","top":"0","right":"0","bottom":"0","left":"0","isLinked":"1"},"_background_background":"classic","_background_color":"#f7f7f7"},"elements":[],"isInner":false,"widgetType":"tabs","elType":"widget"}],"isInner":"1","elType":"column"}],"isInner":"1","elType":"section"},{"id":"348a5959","settings":{"structure":"20","margin_mobile":{"unit":"px","top":"0","right":"0","bottom":"0","left":"0","isLinked":"1"},"padding_mobile":{"unit":"px","top":"31","right":"0","bottom":"0","left":"0","isLinked":""}},"elements":[{"id":"7792e1d0","settings":{"_column_size":"50","_inline_size":"40","margin_mobile":{"unit":"px","top":"0","right":"0","bottom":"0","left":"0","isLinked":"1"},"padding_mobile":{"unit":"px","top":"0","right":"0","bottom":"0","left":"0","isLinked":"1"},"animation":"fadeInUp"},"elements":[{"id":"1377a518","settings":{"image":{"url":"http:\/\/sitefacilitado.com.br\/membros\/wp-content\/uploads\/2020\/03\/3-1-2.png","id":"6546"},"width":{"unit":"%","size":"100"},"space":{"unit":"%","size":"100"},"css_filters_hue":{"unit":"px","size":"175"},"_margin":{"unit":"px","top":"-40","right":"-120","bottom":"20","left":"0","isLinked":""},"_z_index":"2","align_mobile":"center","css_filters_brightness":{"unit":"px","size":"111"},"css_filters_contrast":{"unit":"px","size":"104"},"css_filters_saturate":{"unit":"px","size":"200"},"_margin_mobile":{"unit":"px","top":"0","right":"0","bottom":"0","left":"0","isLinked":"1"}},"elements":[],"isInner":false,"widgetType":"image","elType":"widget"}],"isInner":"1","elType":"column"},{"id":"73d05c6b","settings":{"_column_size":"50","_inline_size":"60","background_background":"classic","background_color":"#f7f7f7","padding":{"unit":"%","top":"4","right":"10","bottom":"4","left":"20","isLinked":""},"margin_mobile":{"unit":"px","top":"0","right":"0","bottom":"0","left":"0","isLinked":"1"},"padding_tablet":{"unit":"%","top":"7","right":"5","bottom":"5","left":"32","isLinked":""},"padding_mobile":{"unit":"em","top":"2","right":"2","bottom":"2","left":"2","isLinked":"1"},"animation":"fadeInDown","animation_delay":"600","content_position":"center"},"elements":[{"id":"369c843","settings":{"title":"When your site is down","align":"left","typography_typography":"custom","typography_font_family":"Source Sans Pro","typography_font_size":{"unit":"px","size":"25"},"typography_font_weight":"bold","typography_text_transform":"uppercase","typography_line_height":{"unit":"em","size":"0.9"},"typography_letter_spacing":{"unit":"px","size":"6"},"_margin":{"unit":"px","top":"0","right":"0","bottom":"0","left":"0","isLinked":""},"_padding":{"unit":"px","top":"0","right":"0","bottom":"0","left":"0","isLinked":""},"align_mobile":"center"},"elements":[],"isInner":false,"widgetType":"heading","elType":"widget"},{"id":"2abc68f5","settings":{"editor":"<p>Lorem ipsum dolor sit amet, timeam copiosae mandamus est ea, ne vero ridens voluptaria vim, an eam alia impetus vulputate. Mei odio clita ut, cu est duis harum qualisque. No clita laboramus concludaturque vel.\u00a0<\/p>","typography_typography":"custom","typography_font_size":{"unit":"rem","size":"1"},"typography_line_height":{"unit":"em","size":"1.8"},"align_mobile":"center"},"elements":[],"isInner":false,"widgetType":"text-editor","elType":"widget"},{"id":"196d37cb","settings":{"text":"Read More","typography_typography":"custom","typography_font_family":"Source Sans Pro","typography_font_size":{"unit":"px","size":"14"},"typography_font_weight":"bold","typography_text_decoration":"none","typography_line_height":{"unit":"em","size":"1.4"},"typography_letter_spacing":{"unit":"px","size":"3"},"button_text_color":"#e62c91","background_color":"rgba(230,44,145,0)","border_width":{"unit":"px","top":"1","right":"1","bottom":"1","left":"1","isLinked":"1"},"border_color":"#e62c91","border_radius":{"unit":"px","top":"60","right":"60","bottom":"60","left":"60","isLinked":"1"},"button_box_shadow_box_shadow":{"horizontal":"6","vertical":"6","blur":"100","spread":"19","color":"rgba(0,0,0,0.29)"},"text_padding":{"unit":"px","top":"12","right":"20","bottom":"12","left":"20","isLinked":""},"_margin":{"unit":"px","top":"70","right":"0","bottom":"0","left":"0","isLinked":""},"_padding":{"unit":"px","top":"0","right":"0","bottom":"0","left":"0","isLinked":""},"typography_text_transform":"uppercase","border_border":"solid","_css_classes":"envato-kit-38-radial-out","align_mobile":"center"},"elements":[],"isInner":false,"widgetType":"button","elType":"widget"}],"isInner":"1","elType":"column"}],"isInner":"1","elType":"section"},{"id":"67cc0eca","settings":[],"elements":[],"isInner":false,"widgetType":"spacer","elType":"widget"},{"id":"6bba45c2","settings":{"structure":"30","padding":{"unit":"em","top":"4","right":"0","bottom":"0","left":"0","isLinked":""},"content_position":"top","padding_mobile":{"unit":"px","top":"0","right":"0","bottom":"0","left":"0","isLinked":"1"}},"elements":[{"id":"13a1567b","settings":{"_column_size":"33","_inline_size":"","background_background":"classic","background_color":"#3d3aeb","margin":{"unit":"px","top":"5","right":"5","bottom":"5","left":"5","isLinked":"1"},"padding":{"unit":"em","top":"2","right":"2","bottom":"2","left":"2","isLinked":"1"},"animation":"fadeIn","animation_delay":"200","border_radius":{"unit":"px","top":"6","right":"6","bottom":"6","left":"6","isLinked":"1"},"margin_tablet":{"unit":"px","top":"5","right":"5","bottom":"5","left":"5","isLinked":"1"}},"elements":[{"id":"71a1f93f","settings":{"icon":"fa fa-book","primary_color":"#3b7ced","size":{"unit":"px","size":"78"},"align":"left","hover_animation":"grow","align_mobile":"center"},"elements":[],"isInner":false,"widgetType":"icon","elType":"widget"},{"id":"2cb2e65d","settings":{"title":"Knowledgebase","align":"left","typography_typography":"custom","typography_font_family":"Source Sans Pro","typography_font_size":{"unit":"px","size":"25"},"typography_font_weight":"bold","typography_text_transform":"uppercase","typography_line_height":{"unit":"em","size":"0.9"},"typography_letter_spacing":{"unit":"px","size":"6"},"_margin":{"unit":"px","top":"0","right":"0","bottom":"0","left":"0","isLinked":""},"_padding":{"unit":"px","top":"0","right":"0","bottom":"0","left":"0","isLinked":""},"typography_font_size_tablet":{"unit":"px","size":"21"},"typography_letter_spacing_tablet":{"unit":"px","size":"2"},"align_mobile":"center","title_color":"#ffffff"},"elements":[],"isInner":false,"widgetType":"heading","elType":"widget"},{"id":"efb813a","settings":{"typography_typography":"custom","typography_font_size":{"unit":"rem","size":"1"},"typography_line_height":{"unit":"em","size":"1.8"},"editor":"<p>Click edit button to change this text. Lorem ipsum dolor sit amet, consectetur adipiscing elit. Ut elit tellus, luctus nec ullamcorper mattis, pulvinar dapibus leo.<\/p>","_background_background":"classic","text_color":"#ffffff"},"elements":[],"isInner":false,"widgetType":"text-editor","elType":"widget"}],"isInner":"1","elType":"column"},{"id":"21a31742","settings":{"_column_size":"33","_inline_size":"","background_background":"classic","background_color":"#f3278a","margin":{"unit":"px","top":"5","right":"5","bottom":"5","left":"5","isLinked":"1"},"padding":{"unit":"em","top":"2","right":"2","bottom":"2","left":"2","isLinked":"1"},"animation":"fadeIn","animation_delay":"200","border_radius":{"unit":"px","top":"6","right":"6","bottom":"6","left":"6","isLinked":"1"},"box_shadow_hover_box_shadow":{"horizontal":"6","vertical":"5","blur":"19","spread":"9","color":"rgba(0,0,0,0.38)"}},"elements":[{"id":"1e27e15c","settings":{"icon":"fa fa-bookmark","primary_color":"#ff488a","size":{"unit":"px","size":"78"},"align":"left","hover_animation":"shrink","align_mobile":"center"},"elements":[],"isInner":false,"widgetType":"icon","elType":"widget"},{"id":"1d77a25a","settings":{"title":"Helpful Resources","align":"left","typography_typography":"custom","typography_font_family":"Source Sans Pro","typography_font_size":{"unit":"px","size":"25"},"typography_font_weight":"bold","typography_letter_spacing":{"unit":"px","size":"6"},"typography_font_size_tablet":{"unit":"px","size":"21"},"typography_text_transform":"uppercase","typography_line_height":{"unit":"em","size":"0.9"},"typography_letter_spacing_tablet":{"unit":"px","size":"2"},"_margin":{"unit":"px","top":"0","right":"0","bottom":"0","left":"0","isLinked":""},"_padding":{"unit":"px","top":"0","right":"0","bottom":"0","left":"0","isLinked":""},"align_mobile":"center","title_color":"#ffffff"},"elements":[],"isInner":false,"widgetType":"heading","elType":"widget"},{"id":"40f36116","settings":{"typography_typography":"custom","typography_font_size":{"unit":"rem","size":"1"},"typography_line_height":{"unit":"em","size":"1.8"},"_background_background":"classic","editor":"<p>Lorem ipsum dolor sit amet, consectetur adipiscing elit. Ut elit tellus, luctus nec ullamcorper mattis, pulvinar dapibus leo.<\/p>","text_color":"#ffffff"},"elements":[],"isInner":false,"widgetType":"text-editor","elType":"widget"}],"isInner":"1","elType":"column"},{"id":"3cb07541","settings":{"_column_size":"33","_inline_size":"","background_background":"classic","background_color":"#7000e0","margin":{"unit":"px","top":"5","right":"5","bottom":"5","left":"5","isLinked":"1"},"margin_tablet":{"unit":"px","top":"5","right":"5","bottom":"5","left":"5","isLinked":"1"},"padding":{"unit":"em","top":"2","right":"2","bottom":"2","left":"2","isLinked":"1"},"animation":"fadeIn","animation_delay":"200","border_radius":{"unit":"px","top":"6","right":"6","bottom":"6","left":"6","isLinked":"1"}},"elements":[{"id":"5e81d68","settings":{"icon":"fa fa-code","primary_color":"#9353ed","size":{"unit":"px","size":"78"},"align":"left","hover_animation":"float","align_mobile":"center"},"elements":[],"isInner":false,"widgetType":"icon","elType":"widget"},{"id":"59a76536","settings":{"title":"code snippets","align":"left","typography_typography":"custom","typography_font_size":{"unit":"px","size":"25"},"typography_font_weight":"bold","typography_letter_spacing":{"unit":"px","size":"6"},"typography_font_size_tablet":{"unit":"px","size":"21"},"typography_text_transform":"uppercase","typography_line_height":{"unit":"em","size":"0.9"},"typography_letter_spacing_tablet":{"unit":"px","size":"2"},"_margin":{"unit":"px","top":"0","right":"0","bottom":"0","left":"0","isLinked":""},"_padding":{"unit":"px","top":"0","right":"0","bottom":"0","left":"0","isLinked":""},"align_mobile":"center","title_color":"#ffffff","typography_font_family":"Source Sans Pro"},"elements":[],"isInner":false,"widgetType":"heading","elType":"widget"},{"id":"51f069ed","settings":{"typography_typography":"custom","typography_font_size":{"unit":"rem","size":"1"},"typography_line_height":{"unit":"em","size":"1.8"},"_background_background":"classic","editor":"<p>Lorem ipsum dolor sit amet, consectetur adipiscing elit. Ut elit tellus, luctus nec ullamcorper mattis, pulvinar dapibus leo.<\/p>","text_color":"#ffffff"},"elements":[],"isInner":false,"widgetType":"text-editor","elType":"widget"}],"isInner":"1","elType":"column"}],"isInner":"1","elType":"section"},{"id":"d02296e","settings":{"structure":"20","reverse_order_mobile":"reverse-mobile","z_index":"4"},"elements":[{"id":"20507cff","settings":{"_column_size":"50","_inline_size":"60","background_background":"classic","background_color":"#f7f7f7","padding":{"unit":"%","top":"4","right":"20","bottom":"4","left":"10","isLinked":""},"padding_tablet":{"unit":"%","top":"7","right":"33","bottom":"5","left":"5","isLinked":""},"padding_mobile":{"unit":"em","top":"2","right":"2","bottom":"2","left":"2","isLinked":"1"},"animation":"fadeInDown","animation_delay":"600","content_position":"center"},"elements":[{"id":"187d58e2","settings":{"title":"WooCommerce Guide","align":"left","typography_typography":"custom","typography_font_family":"Source Sans Pro","typography_font_size":{"unit":"px","size":"25"},"typography_font_weight":"bold","typography_text_transform":"uppercase","typography_line_height":{"unit":"em","size":"0.9"},"typography_letter_spacing":{"unit":"px","size":"6"},"_margin":{"unit":"px","top":"0","right":"0","bottom":"0","left":"0","isLinked":""},"_padding":{"unit":"px","top":"0","right":"0","bottom":"0","left":"0","isLinked":""},"align_mobile":"center"},"elements":[],"isInner":false,"widgetType":"heading","elType":"widget"},{"id":"69426416","settings":{"editor":"<p>Lorem ipsum dolor sit amet, timeam copiosae mandamus est ea, ne vero ridens voluptaria vim, an eam alia impetus vulputate. Mei odio clita ut, cu est duis harum qualisque. No clita laboramus concludaturque vel.\u00a0<\/p>","typography_typography":"custom","typography_font_size":{"unit":"rem","size":"1"},"typography_line_height":{"unit":"em","size":"1.8"},"align_mobile":"center"},"elements":[],"isInner":false,"widgetType":"text-editor","elType":"widget"},{"id":"6639448c","settings":{"text":"Read More","typography_typography":"custom","typography_font_family":"Source Sans Pro","typography_font_size":{"unit":"px","size":"14"},"typography_font_weight":"bold","typography_text_decoration":"none","typography_line_height":{"unit":"em","size":"1.4"},"typography_letter_spacing":{"unit":"px","size":"3"},"button_text_color":"#e62c91","background_color":"rgba(230,44,145,0)","border_width":{"unit":"px","top":"1","right":"1","bottom":"1","left":"1","isLinked":"1"},"border_color":"#e62c91","border_radius":{"unit":"px","top":"60","right":"60","bottom":"60","left":"60","isLinked":"1"},"button_box_shadow_box_shadow":{"horizontal":"6","vertical":"6","blur":"100","spread":"19","color":"rgba(0,0,0,0.29)"},"text_padding":{"unit":"px","top":"12","right":"20","bottom":"12","left":"20","isLinked":""},"_margin":{"unit":"px","top":"70","right":"0","bottom":"0","left":"0","isLinked":""},"_padding":{"unit":"px","top":"0","right":"0","bottom":"0","left":"0","isLinked":""},"typography_text_transform":"uppercase","border_border":"solid","_css_classes":"envato-kit-38-radial-out","align_mobile":"center"},"elements":[],"isInner":false,"widgetType":"button","elType":"widget"}],"isInner":"1","elType":"column"},{"id":"24d550d3","settings":{"_column_size":"50","_inline_size":"40","animation":"fadeInUp","animation_delay":"400"},"elements":[{"id":"4fa87793","settings":{"image":{"url":"http:\/\/sitefacilitado.com.br\/membros\/wp-content\/uploads\/2020\/03\/6-3.png","id":"6537"},"width":{"unit":"%","size":"100"},"space":{"unit":"%","size":"100"},"css_filters_css_filter":"custom","css_filters_hue":{"unit":"px","size":"335"},"_margin":{"unit":"px","top":"-40","right":"0","bottom":"20","left":"-120","isLinked":""},"_z_index":"2","_margin_mobile":{"unit":"px","top":"0","right":"0","bottom":"0","left":"0","isLinked":"1"}},"elements":[],"isInner":false,"widgetType":"image","elType":"widget"}],"isInner":"1","elType":"column"}],"isInner":"1","elType":"section"}],"isInner":"","elType":"column"}],"isInner":"","elType":"section"},{"id":"640fbb3c","settings":{"background_background":"gradient","background_color":"#7a28ed","background_color_b":"#ff2a71","shape_divider_top_height":{"unit":"px","size":"31"},"padding":{"unit":"em","top":"8","right":"0","bottom":"4","left":"0","isLinked":""},"background_color_stop":{"unit":"%","size":"66"},"background_gradient_angle":{"unit":"deg","size":"170"},"background_overlay_background":"classic","background_overlay_image":{"id":"6561","url":"http:\/\/sitefacilitado.com.br\/membros\/wp-content\/uploads\/2020\/03\/bg-png5.png"},"background_overlay_position":"bottom center","background_overlay_repeat":"no-repeat","background_overlay_opacity":{"unit":"px","size":"0.8"},"padding_mobile":{"unit":"em","top":"1","right":"0","bottom":"1","left":"0","isLinked":""},"shape_divider_bottom_width":{"unit":"%","size":"124"},"shape_divider_bottom_height":{"unit":"px","size":"335"},"shape_divider_bottom_negative":"yes"},"elements":[{"id":"526235c6","settings":{"_column_size":"100"},"elements":[{"id":"25d75b18","settings":{"structure":"20","padding":{"unit":"em","top":"","right":"","bottom":"","left":"","isLinked":""},"padding_tablet":{"unit":"px","top":"30","right":"0","bottom":"90","left":"0","isLinked":""}},"elements":[{"id":"b6b5c70","settings":{"_column_size":"50","_inline_size":"51.161","padding":{"unit":"px","top":"0","right":"0","bottom":"0","left":"0","isLinked":"1"},"content_position":"center"},"elements":[{"id":"26f1ea25","settings":{"title":"Got a Question?","align":"center","title_color":"#ffffff","typography_typography":"custom","typography_font_family":"Source Sans Pro","typography_font_size":{"unit":"px","size":"60"},"typography_font_weight":"900","typography_letter_spacing":{"unit":"px","size":"-3.5"},"text_shadow_text_shadow_type":"yes","text_shadow_text_shadow":{"horizontal":"0","vertical":"0","blur":"4","color":"rgba(0,0,0,0.2)"},"typography_font_size_mobile":{"unit":"px","size":"49"},"_padding_mobile":{"unit":"em","top":"0","right":"0","bottom":"2","left":"0","isLinked":""}},"elements":[],"isInner":false,"widgetType":"heading","elType":"widget"}],"isInner":"1","elType":"column"},{"id":"7e98d489","settings":{"_column_size":"50","_inline_size":"48.839","content_position":"center","padding":{"unit":"em","top":"0","right":"0","bottom":"0","left":"0","isLinked":"1"}},"elements":[{"id":"5ba5f34d","settings":{"text":"Contact us now","typography_typography":"custom","typography_font_family":"Source Sans Pro","typography_font_size":{"unit":"px","size":"18"},"typography_font_weight":"bold","typography_text_decoration":"none","typography_line_height":{"unit":"em","size":"1.4"},"typography_letter_spacing":{"unit":"px","size":"3"},"button_text_color":"#ffffff","background_color":"#e62c91","border_width":{"unit":"px","top":"1","right":"1","bottom":"1","left":"1","isLinked":"1"},"border_color":"rgba(255,255,255,0.4)","border_radius":{"unit":"px","top":"60","right":"60","bottom":"60","left":"60","isLinked":"1"},"button_box_shadow_box_shadow":{"horizontal":"6","vertical":"6","blur":"100","spread":"19","color":"rgba(0,0,0,0.29)"},"text_padding":{"unit":"px","top":"16","right":"26","bottom":"16","left":"26","isLinked":""},"_margin":{"unit":"px","top":"0","right":"0","bottom":"0","left":"0","isLinked":""},"_padding":{"unit":"em","top":"0","right":"0","bottom":"0","left":"0","isLinked":""},"align":"center","icon":"fa fa-paper-plane","icon_align":"right","align_mobile":"center","typography_font_size_mobile":{"unit":"px","size":"13"},"typography_text_transform":"uppercase","text_padding_mobile":{"unit":"px","top":"15","right":"15","bottom":"15","left":"15","isLinked":"1"},"_animation":"zoomIn","_css_classes":"envato-kit-38-radial-out"},"elements":[],"isInner":false,"widgetType":"button","elType":"widget"}],"isInner":"1","elType":"column"}],"isInner":"1","elType":"section"}],"isInner":"","elType":"column"}],"isInner":"","elType":"section"}]}