{"version":"0.4","title":"Web Agency > Home 2","type":"page","content":[{"id":"283e1e66","settings":{"height":"min-height","background_background":"classic","background_image":{"id":"6558","url":"http:\/\/sitefacilitado.com.br\/membros\/wp-content\/uploads\/2020\/03\/homepage2bg.jpg"},"shape_divider_bottom_width":{"unit":"%","size":"175"},"shape_divider_bottom_height":{"unit":"px","size":"500"},"shape_divider_bottom_negative":"yes","custom_height":{"unit":"px","size":"712"},"background_position":"center center","background_repeat":"no-repeat","background_size":"cover","shape_divider_bottom":"curve","shape_divider_bottom_color":"#ffffff","shape_divider_bottom_flip":"yes","padding":{"unit":"px","top":"80","right":"0","bottom":"60","left":"0","isLinked":""},"shape_divider_bottom_width_mobile":{"unit":"%","size":"274"},"column_position":"stretch","padding_mobile":{"unit":"em","top":"3","right":"0","bottom":"0","left":"0","isLinked":""}},"elements":[{"id":"2eeb29f9","settings":{"_column_size":"100","_inline_size":"","margin_mobile":{"unit":"px","top":"0","right":"0","bottom":"0","left":"0","isLinked":"1"},"padding_mobile":{"unit":"px","top":"0","right":"0","bottom":"0","left":"0","isLinked":"1"}},"elements":[{"id":"7ddd641c","settings":{"style":"double","weight":{"unit":"px","size":"6"},"color":"#c4ff3a","width":{"unit":"px","size":"155"},"gap":{"unit":"px","size":"2"},"align":"center"},"elements":[],"isInner":false,"widgetType":"divider","elType":"widget"},{"id":"b89fb10","settings":{"title":" WELCOME TO ","align":"center","title_color":"#ffffff","typography_typography":"custom","typography_font_family":"Source Sans Pro","typography_font_size":{"unit":"px","size":"16"},"typography_font_weight":"bold","typography_letter_spacing":{"unit":"px","size":"6"},"_margin":{"unit":"px","top":"-12","right":"0","bottom":"-12","left":"0","isLinked":""},"_padding":{"unit":"px","top":"0","right":"0","bottom":"0","left":"0","isLinked":"1"}},"elements":[],"isInner":false,"widgetType":"heading","elType":"widget"},{"id":"19bea038","settings":{"style":"double","weight":{"unit":"px","size":"6"},"color":"#c4ff3a","width":{"unit":"px","size":"155"},"gap":{"unit":"px","size":"2"},"align":"center"},"elements":[],"isInner":false,"widgetType":"divider","elType":"widget"},{"id":"4bb6ae93","settings":{"title":"Creative Agency","align":"center","title_color":"#ffffff","typography_typography":"custom","typography_font_family":"Source Sans Pro","typography_font_size":{"unit":"px","size":"124"},"typography_font_weight":"900","typography_letter_spacing":{"unit":"px","size":"-5"},"text_shadow_text_shadow_type":"yes","text_shadow_text_shadow":{"horizontal":"0","vertical":"0","blur":"4","color":"rgba(0,0,0,0.2)"},"_margin":{"unit":"px","top":"0","right":"0","bottom":"50","left":"0","isLinked":""},"typography_font_size_mobile":{"unit":"px","size":"94"},"header_size":"h1","_animation":"fadeIn"},"elements":[],"isInner":false,"widgetType":"heading","elType":"widget"},{"id":"7dfc164a","settings":{"align":"center","text_color":"#ffffff","typography_typography":"custom","typography_font_family":"Rubik","typography_font_size":{"unit":"px","size":"18"},"typography_font_weight":"400","typography_letter_spacing":{"unit":"px","size":"0.7"},"typography_line_height":{"unit":"em","size":"1.6"},"editor":"<p>Lorem ipsum dolor sit amet, consectetur adipiscing elit. Ut elit tellus, luctus nec ullamcorper mattis.<\/p>","_padding":{"unit":"%","top":"0","right":"19","bottom":"0","left":"19","isLinked":""},"_padding_mobile":{"unit":"em","top":"1","right":"1","bottom":"1","left":"1","isLinked":"1"}},"elements":[],"isInner":false,"widgetType":"text-editor","elType":"widget"},{"id":"15b5a2d1","settings":{"text":"Let's start today!","typography_typography":"custom","typography_font_family":"Source Sans Pro","typography_font_size":{"unit":"px","size":"18"},"typography_font_weight":"bold","typography_text_decoration":"none","typography_line_height":{"unit":"em","size":"1.4"},"typography_letter_spacing":{"unit":"px","size":"3"},"button_text_color":"#ffffff","background_color":"#e62c91","border_width":{"unit":"px","top":"1","right":"1","bottom":"1","left":"1","isLinked":"1"},"border_color":"rgba(255,255,255,0.4)","border_radius":{"unit":"px","top":"60","right":"60","bottom":"60","left":"60","isLinked":"1"},"button_box_shadow_box_shadow_type":"yes","button_box_shadow_box_shadow":{"horizontal":"6","vertical":"6","blur":"100","spread":"19","color":"rgba(0,0,0,0.29)"},"text_padding":{"unit":"px","top":"16","right":"26","bottom":"16","left":"26","isLinked":""},"_margin":{"unit":"px","top":"70","right":"0","bottom":"0","left":"0","isLinked":""},"_padding":{"unit":"px","top":"0","right":"0","bottom":"0","left":"0","isLinked":""},"align":"center","align_mobile":"center","typography_font_size_mobile":{"unit":"px","size":"13"},"typography_text_transform":"uppercase","text_padding_mobile":{"unit":"px","top":"15","right":"15","bottom":"15","left":"15","isLinked":"1"},"_margin_mobile":{"unit":"px","top":"0","right":"0","bottom":"0","left":"0","isLinked":"1"},"_padding_mobile":{"unit":"px","top":"0","right":"0","bottom":"0","left":"0","isLinked":"1"},"_animation":"zoomIn","_css_classes":"envato-kit-38-radial-out"},"elements":[],"isInner":false,"widgetType":"button","elType":"widget"}],"isInner":"","elType":"column"}],"isInner":"","elType":"section"},{"id":"2b865edf","settings":{"stretch_section":"section-stretched","background_background":"classic","background_color_b":"#7a28ed","background_overlay_background":"classic","background_overlay_position":"top center","background_overlay_size":"cover","background_overlay_opacity":{"unit":"px","size":"1"},"shape_divider_bottom_color":"#7a28ed","shape_divider_bottom_width":{"unit":"%","size":"175"},"shape_divider_bottom_height":{"unit":"px","size":"800"},"padding":{"unit":"em","top":"8","right":"0","bottom":"0","left":"0","isLinked":""},"layout":"full_width","content_position":"middle","background_color":"#ffffff","background_repeat":"no-repeat","background_size":"contain","background_overlay_image":{"id":"6559","url":"http:\/\/sitefacilitado.com.br\/membros\/wp-content\/uploads\/2020\/03\/homeservc.png"},"shape_divider_bottom":"curve","shape_divider_bottom_width_mobile":{"unit":"%","size":"127"},"shape_divider_bottom_height_mobile":{"unit":"px","size":"72"},"shape_divider_bottom_negative":"yes","shape_divider_bottom_above_content":"yes"},"elements":[{"id":"266e56c4","settings":{"_column_size":"100","_inline_size":"","background_background":"classic","padding":{"unit":"em","top":"","right":"","bottom":"","left":"","isLinked":""},"margin_mobile":{"unit":"px","top":"0","right":"0","bottom":"0","left":"0","isLinked":"1"},"padding_mobile":{"unit":"px","top":"0","right":"0","bottom":"0","left":"0","isLinked":"1"}},"elements":[{"id":"107e1435","settings":{"structure":"20","margin_mobile":{"unit":"px","top":"0","right":"0","bottom":"0","left":"0","isLinked":"1"},"padding_mobile":{"unit":"px","top":"0","right":"0","bottom":"0","left":"0","isLinked":"1"}},"elements":[{"id":"1286da71","settings":{"_column_size":"50","_inline_size":"40","margin_mobile":{"unit":"px","top":"0","right":"0","bottom":"0","left":"0","isLinked":"1"},"padding_mobile":{"unit":"px","top":"0","right":"0","bottom":"0","left":"0","isLinked":"1"},"animation":"fadeInUp"},"elements":[{"id":"6fc2c151","settings":{"image":{"url":"http:\/\/sitefacilitado.com.br\/membros\/wp-content\/uploads\/2020\/03\/3-1-2.png","id":"6546"},"width":{"unit":"%","size":"100"},"space":{"unit":"%","size":"100"},"css_filters_hue":{"unit":"px","size":"175"},"_margin":{"unit":"px","top":"-40","right":"-120","bottom":"20","left":"0","isLinked":""},"_z_index":"2","align_mobile":"center","css_filters_brightness":{"unit":"px","size":"111"},"css_filters_contrast":{"unit":"px","size":"104"},"css_filters_saturate":{"unit":"px","size":"200"},"_margin_mobile":{"unit":"px","top":"0","right":"0","bottom":"0","left":"0","isLinked":"1"}},"elements":[],"isInner":false,"widgetType":"image","elType":"widget"}],"isInner":"1","elType":"column"},{"id":"6bffe239","settings":{"_column_size":"50","_inline_size":"60","background_background":"classic","background_color":"#f7f7f7","padding":{"unit":"%","top":"4","right":"33","bottom":"4","left":"20","isLinked":""},"margin_mobile":{"unit":"px","top":"0","right":"0","bottom":"0","left":"0","isLinked":"1"},"padding_tablet":{"unit":"%","top":"7","right":"5","bottom":"5","left":"32","isLinked":""},"padding_mobile":{"unit":"em","top":"2","right":"2","bottom":"2","left":"2","isLinked":"1"},"animation":"fadeInDown","animation_delay":"600"},"elements":[{"id":"4024f101","settings":{"title":"Somebrand","align":"left","typography_typography":"custom","typography_font_family":"Source Sans Pro","typography_font_size":{"unit":"px","size":"25"},"typography_font_weight":"bold","typography_text_transform":"uppercase","typography_line_height":{"unit":"em","size":"0.9"},"typography_letter_spacing":{"unit":"px","size":"6"},"_margin":{"unit":"px","top":"0","right":"0","bottom":"0","left":"0","isLinked":""},"_padding":{"unit":"px","top":"0","right":"0","bottom":"0","left":"0","isLinked":""},"align_mobile":"center"},"elements":[],"isInner":false,"widgetType":"heading","elType":"widget"},{"id":"1600afe5","settings":{"editor":"<p>Lorem ipsum dolor sit amet, timeam copiosae mandamus est ea, ne vero ridens voluptaria vim, an eam alia impetus vulputate. Mei odio clita ut, cu est duis harum qualisque. No clita laboramus concludaturque vel.\u00a0<\/p>","typography_typography":"custom","typography_font_size":{"unit":"rem","size":"1"},"typography_line_height":{"unit":"em","size":"1.8"},"align_mobile":"center"},"elements":[],"isInner":false,"widgetType":"text-editor","elType":"widget"},{"id":"748deae9","settings":{"text":"View Case Study","typography_typography":"custom","typography_font_family":"Source Sans Pro","typography_font_size":{"unit":"px","size":"14"},"typography_font_weight":"bold","typography_text_decoration":"none","typography_line_height":{"unit":"em","size":"1.4"},"typography_letter_spacing":{"unit":"px","size":"3"},"button_text_color":"#e62c91","background_color":"rgba(230,44,145,0)","border_width":{"unit":"px","top":"1","right":"1","bottom":"1","left":"1","isLinked":"1"},"border_color":"#e62c91","border_radius":{"unit":"px","top":"60","right":"60","bottom":"60","left":"60","isLinked":"1"},"button_box_shadow_box_shadow":{"horizontal":"6","vertical":"6","blur":"100","spread":"19","color":"rgba(0,0,0,0.29)"},"text_padding":{"unit":"px","top":"12","right":"20","bottom":"12","left":"20","isLinked":""},"_margin":{"unit":"px","top":"70","right":"0","bottom":"0","left":"0","isLinked":""},"_padding":{"unit":"px","top":"0","right":"0","bottom":"0","left":"0","isLinked":""},"typography_text_transform":"uppercase","border_border":"solid","_css_classes":"envato-kit-38-radial-out","align_mobile":"center"},"elements":[],"isInner":false,"widgetType":"button","elType":"widget"}],"isInner":"1","elType":"column"}],"isInner":"1","elType":"section"},{"id":"1a39642f","settings":[],"elements":[],"isInner":false,"widgetType":"spacer","elType":"widget"},{"id":"4ba74c52","settings":{"structure":"20","reverse_order_mobile":"reverse-mobile"},"elements":[{"id":"275d495f","settings":{"_column_size":"50","_inline_size":"60","background_background":"classic","background_color":"#f7f7f7","padding":{"unit":"%","top":"4","right":"33","bottom":"4","left":"20","isLinked":""},"padding_tablet":{"unit":"%","top":"7","right":"33","bottom":"5","left":"5","isLinked":""},"padding_mobile":{"unit":"em","top":"2","right":"2","bottom":"2","left":"2","isLinked":"1"},"animation":"fadeInDown","animation_delay":"600"},"elements":[{"id":"5b93a1a8","settings":{"title":"Anotherbr","align":"left","typography_typography":"custom","typography_font_family":"Source Sans Pro","typography_font_size":{"unit":"px","size":"25"},"typography_font_weight":"bold","typography_text_transform":"uppercase","typography_line_height":{"unit":"em","size":"0.9"},"typography_letter_spacing":{"unit":"px","size":"6"},"_margin":{"unit":"px","top":"0","right":"0","bottom":"0","left":"0","isLinked":""},"_padding":{"unit":"px","top":"0","right":"0","bottom":"0","left":"0","isLinked":""},"align_mobile":"center"},"elements":[],"isInner":false,"widgetType":"heading","elType":"widget"},{"id":"79fd3b98","settings":{"editor":"<p>Lorem ipsum dolor sit amet, timeam copiosae mandamus est ea, ne vero ridens voluptaria vim, an eam alia impetus vulputate. Mei odio clita ut, cu est duis harum qualisque. No clita laboramus concludaturque vel.\u00a0<\/p>","typography_typography":"custom","typography_font_size":{"unit":"rem","size":"1"},"typography_line_height":{"unit":"em","size":"1.8"},"align_mobile":"center"},"elements":[],"isInner":false,"widgetType":"text-editor","elType":"widget"},{"id":"e9e52bc","settings":{"text":"View Case Study","typography_typography":"custom","typography_font_family":"Source Sans Pro","typography_font_size":{"unit":"px","size":"14"},"typography_font_weight":"bold","typography_text_decoration":"none","typography_line_height":{"unit":"em","size":"1.4"},"typography_letter_spacing":{"unit":"px","size":"3"},"button_text_color":"#e62c91","background_color":"rgba(230,44,145,0)","border_width":{"unit":"px","top":"1","right":"1","bottom":"1","left":"1","isLinked":"1"},"border_color":"#e62c91","border_radius":{"unit":"px","top":"60","right":"60","bottom":"60","left":"60","isLinked":"1"},"button_box_shadow_box_shadow":{"horizontal":"6","vertical":"6","blur":"100","spread":"19","color":"rgba(0,0,0,0.29)"},"text_padding":{"unit":"px","top":"12","right":"20","bottom":"12","left":"20","isLinked":""},"_margin":{"unit":"px","top":"70","right":"0","bottom":"0","left":"0","isLinked":""},"_padding":{"unit":"px","top":"0","right":"0","bottom":"0","left":"0","isLinked":""},"typography_text_transform":"uppercase","border_border":"solid","_css_classes":"envato-kit-38-radial-out","align_mobile":"center"},"elements":[],"isInner":false,"widgetType":"button","elType":"widget"}],"isInner":"1","elType":"column"},{"id":"368c0f26","settings":{"_column_size":"50","_inline_size":"40","animation":"fadeInUp","animation_delay":"400"},"elements":[{"id":"56c784fb","settings":{"image":{"url":"http:\/\/sitefacilitado.com.br\/membros\/wp-content\/uploads\/2020\/03\/pexels-photo-1029757.jpeg","id":"6541"},"width":{"unit":"%","size":"100"},"space":{"unit":"%","size":"100"},"css_filters_css_filter":"custom","css_filters_hue":{"unit":"px","size":"335"},"_margin":{"unit":"px","top":"-40","right":"0","bottom":"20","left":"-120","isLinked":""},"_z_index":"2","_margin_mobile":{"unit":"px","top":"0","right":"0","bottom":"0","left":"0","isLinked":"1"}},"elements":[],"isInner":false,"widgetType":"image","elType":"widget"}],"isInner":"1","elType":"column"}],"isInner":"1","elType":"section"},{"id":"e242a40","settings":[],"elements":[],"isInner":false,"widgetType":"spacer","elType":"widget"},{"id":"19967677","settings":{"structure":"20"},"elements":[{"id":"754bf2de","settings":{"_column_size":"50","_inline_size":"40","animation":"fadeInUp","animation_delay":"600"},"elements":[{"id":"4b55492a","settings":{"image":{"url":"http:\/\/sitefacilitado.com.br\/membros\/wp-content\/uploads\/2020\/03\/7-1.png","id":"6560"},"width":{"unit":"%","size":"100"},"space":{"unit":"%","size":"100"},"css_filters_css_filter":"custom","css_filters_hue":{"unit":"px","size":"311"},"_margin":{"unit":"px","top":"-40","right":"-120","bottom":"20","left":"0","isLinked":""},"_z_index":"2","css_filters_saturate":{"unit":"px","size":"200"},"_margin_mobile":{"unit":"px","top":"0","right":"0","bottom":"0","left":"0","isLinked":"1"}},"elements":[],"isInner":false,"widgetType":"image","elType":"widget"}],"isInner":"1","elType":"column"},{"id":"45f5800d","settings":{"_column_size":"50","_inline_size":"60","background_background":"classic","background_color":"#f7f7f7","padding":{"unit":"%","top":"4","right":"33","bottom":"4","left":"20","isLinked":""},"padding_tablet":{"unit":"%","top":"7","right":"5","bottom":"5","left":"32","isLinked":""},"padding_mobile":{"unit":"em","top":"2","right":"2","bottom":"2","left":"2","isLinked":"1"},"animation":"fadeInDown","animation_delay":"600","content_position":"center"},"elements":[{"id":"21061c3b","settings":{"title":"Company.co","align":"left","typography_typography":"custom","typography_font_family":"Source Sans Pro","typography_font_size":{"unit":"px","size":"25"},"typography_font_weight":"bold","typography_text_transform":"uppercase","typography_line_height":{"unit":"em","size":"0.9"},"typography_letter_spacing":{"unit":"px","size":"6"},"_margin":{"unit":"px","top":"0","right":"0","bottom":"0","left":"0","isLinked":""},"_padding":{"unit":"px","top":"0","right":"0","bottom":"0","left":"0","isLinked":""}},"elements":[],"isInner":false,"widgetType":"heading","elType":"widget"},{"id":"3195b087","settings":{"editor":"<p>Lorem ipsum dolor sit amet, timeam copiosae mandamus est ea, ne vero ridens voluptaria vim, an eam alia impetus vulputate. Mei odio clita ut, cu est duis harum qualisque. No clita laboramus concludaturque vel.\u00a0<\/p>","typography_typography":"custom","typography_font_size":{"unit":"rem","size":"1"},"typography_line_height":{"unit":"em","size":"1.8"},"_margin_mobile":{"unit":"%","top":"","right":"","bottom":"","left":"","isLinked":"1"},"_padding_mobile":{"unit":"em","top":"","right":"","bottom":"","left":"","isLinked":"1"}},"elements":[],"isInner":false,"widgetType":"text-editor","elType":"widget"},{"id":"5331bfa5","settings":{"text":"View Case Study","typography_typography":"custom","typography_font_family":"Source Sans Pro","typography_font_size":{"unit":"px","size":"14"},"typography_font_weight":"bold","typography_text_decoration":"none","typography_line_height":{"unit":"em","size":"1.4"},"typography_letter_spacing":{"unit":"px","size":"3"},"button_text_color":"#e62c91","background_color":"rgba(230,44,145,0)","border_width":{"unit":"px","top":"1","right":"1","bottom":"1","left":"1","isLinked":"1"},"border_color":"#e62c91","border_radius":{"unit":"px","top":"60","right":"60","bottom":"60","left":"60","isLinked":"1"},"button_box_shadow_box_shadow":{"horizontal":"6","vertical":"6","blur":"100","spread":"19","color":"rgba(0,0,0,0.29)"},"text_padding":{"unit":"px","top":"12","right":"20","bottom":"12","left":"20","isLinked":""},"_margin":{"unit":"px","top":"70","right":"0","bottom":"0","left":"0","isLinked":""},"_padding":{"unit":"px","top":"0","right":"0","bottom":"0","left":"0","isLinked":""},"typography_text_transform":"uppercase","border_border":"solid","_css_classes":"envato-kit-38-radial-out","align_mobile":"center","_margin_mobile":{"unit":"%","top":"","right":"","bottom":"","left":"","isLinked":"1"},"_padding_mobile":{"unit":"%","top":"","right":"","bottom":"","left":"","isLinked":"1"}},"elements":[],"isInner":false,"widgetType":"button","elType":"widget"}],"isInner":"1","elType":"column"}],"isInner":"1","elType":"section"}],"isInner":"","elType":"column"}],"isInner":"","elType":"section"},{"id":"27fb442d","settings":{"background_background":"gradient","background_color":"#7a28ed","background_repeat":"no-repeat","background_size":"contain","padding":{"unit":"em","top":"6","right":"0","bottom":"0","left":"0","isLinked":""},"background_color_b":"#004fef","background_overlay_background":"classic","background_overlay_image":{"id":"6561","url":"http:\/\/sitefacilitado.com.br\/membros\/wp-content\/uploads\/2020\/03\/bg-png5.png"},"background_overlay_position":"center center","background_overlay_opacity":{"unit":"px","size":"1"},"shape_divider_bottom":"curve","shape_divider_bottom_width":{"unit":"%","size":"103"},"shape_divider_bottom_height":{"unit":"px","size":"267"},"shape_divider_bottom_color":"#f3278a","background_overlay_size":"auto","shape_divider_bottom_width_mobile":{"unit":"%","size":"214"},"content_position":"middle","background_overlay_repeat":"no-repeat","shape_divider_bottom_height_mobile":{"unit":"px","size":"477"},"padding_mobile":{"unit":"em","top":"2","right":"0","bottom":"2","left":"0","isLinked":""}},"elements":[{"id":"2e6ceee4","settings":{"_column_size":"100","_inline_size":""},"elements":[{"id":"543b5eff","settings":{"title":"What we can do for you ","align":"center","title_color":"#ffffff","typography_typography":"custom","typography_font_family":"Source Sans Pro","typography_font_size":{"unit":"px","size":"76"},"typography_font_weight":"900","typography_letter_spacing":{"unit":"px","size":"-5"},"text_shadow_text_shadow":{"horizontal":"0","vertical":"0","blur":"4","color":"rgba(0,0,0,0.2)"},"typography_font_size_mobile":{"unit":"px","size":"58"},"align_mobile":"left","typography_font_size_tablet":{"unit":"px","size":"60"},"typography_line_height":{"unit":"px","size":"90"},"typography_line_height_tablet":{"unit":"em","size":"1.1"},"typography_letter_spacing_tablet":{"unit":"px","size":"-1.5"},"_margin":{"unit":"px","top":"0","right":"0","bottom":"0","left":"0","isLinked":""},"_animation":"fadeIn"},"elements":[],"isInner":false,"widgetType":"heading","elType":"widget"},{"id":"31496704","settings":{"structure":"30","padding":{"unit":"px","top":"90","right":"0","bottom":"60","left":"0","isLinked":""},"content_position":"top","padding_mobile":{"unit":"px","top":"0","right":"0","bottom":"0","left":"0","isLinked":"1"}},"elements":[{"id":"7823045e","settings":{"_column_size":"33","_inline_size":"","background_background":"classic","background_color":"#ffffff","margin":{"unit":"px","top":"5","right":"5","bottom":"5","left":"5","isLinked":"1"},"padding":{"unit":"em","top":"2","right":"2","bottom":"2","left":"2","isLinked":"1"},"animation":"fadeIn","animation_delay":"200"},"elements":[{"id":"6a3e746e","settings":{"icon":"fa fa-bold","primary_color":"#3d3aeb","size":{"unit":"px","size":"78"},"align":"left"},"elements":[],"isInner":false,"widgetType":"icon","elType":"widget"},{"id":"60fb796","settings":{"title":"branding","align":"left","typography_typography":"custom","typography_font_family":"Source Sans Pro","typography_font_size":{"unit":"px","size":"25"},"typography_font_weight":"bold","typography_text_transform":"uppercase","typography_line_height":{"unit":"em","size":"0.9"},"typography_letter_spacing":{"unit":"px","size":"6"},"_margin":{"unit":"px","top":"0","right":"0","bottom":"0","left":"0","isLinked":""},"_padding":{"unit":"px","top":"0","right":"0","bottom":"0","left":"0","isLinked":""},"typography_font_size_tablet":{"unit":"px","size":"21"},"typography_letter_spacing_tablet":{"unit":"px","size":"2"}},"elements":[],"isInner":false,"widgetType":"heading","elType":"widget"},{"id":"77072e42","settings":{"typography_typography":"custom","typography_font_size":{"unit":"rem","size":"1"},"typography_line_height":{"unit":"em","size":"1.8"},"editor":"<p>Click edit button to change this text. Lorem ipsum dolor sit amet, consectetur adipiscing elit. Ut elit tellus, luctus nec ullamcorper mattis, pulvinar dapibus leo.<\/p>","_background_background":"classic"},"elements":[],"isInner":false,"widgetType":"text-editor","elType":"widget"}],"isInner":"1","elType":"column"},{"id":"79a5ca01","settings":{"_column_size":"33","_inline_size":"","background_background":"classic","background_color":"#ffffff","margin":{"unit":"px","top":"5","right":"5","bottom":"5","left":"5","isLinked":"1"},"margin_tablet":{"unit":"px","top":"5","right":"5","bottom":"5","left":"5","isLinked":"1"},"padding":{"unit":"em","top":"2","right":"2","bottom":"2","left":"2","isLinked":"1"},"animation":"fadeIn","animation_delay":"200"},"elements":[{"id":"5b616f36","settings":{"icon":"fa fa-bomb","primary_color":"#ff488a","size":{"unit":"px","size":"78"},"align":"left"},"elements":[],"isInner":false,"widgetType":"icon","elType":"widget"},{"id":"1507fb00","settings":{"title":"Illustrations","align":"left","typography_typography":"custom","typography_font_family":"Source Sans Pro","typography_font_size":{"unit":"px","size":"25"},"typography_font_weight":"bold","typography_letter_spacing":{"unit":"px","size":"6"},"typography_font_size_tablet":{"unit":"px","size":"21"},"typography_text_transform":"uppercase","typography_line_height":{"unit":"em","size":"0.9"},"typography_letter_spacing_tablet":{"unit":"px","size":"2"},"_margin":{"unit":"px","top":"0","right":"0","bottom":"0","left":"0","isLinked":""},"_padding":{"unit":"px","top":"0","right":"0","bottom":"0","left":"0","isLinked":""}},"elements":[],"isInner":false,"widgetType":"heading","elType":"widget"},{"id":"7bad9eee","settings":{"typography_typography":"custom","typography_font_size":{"unit":"rem","size":"1"},"typography_line_height":{"unit":"em","size":"1.8"},"_background_background":"classic"},"elements":[],"isInner":false,"widgetType":"text-editor","elType":"widget"}],"isInner":"1","elType":"column"},{"id":"398e2ded","settings":{"_column_size":"33","_inline_size":"","background_background":"classic","background_color":"#ffffff","margin":{"unit":"px","top":"5","right":"5","bottom":"5","left":"5","isLinked":"1"},"margin_tablet":{"unit":"px","top":"5","right":"5","bottom":"5","left":"5","isLinked":"1"},"padding":{"unit":"em","top":"2","right":"2","bottom":"2","left":"2","isLinked":"1"},"animation":"fadeIn","animation_delay":"200"},"elements":[{"id":"25993eda","settings":{"icon":"fa fa-bullhorn","primary_color":"#7a28ed","size":{"unit":"px","size":"78"},"align":"left"},"elements":[],"isInner":false,"widgetType":"icon","elType":"widget"},{"id":"4e98a9e8","settings":{"title":"Marketing","align":"left","typography_typography":"custom","typography_font_family":"Source Sans Pro","typography_font_size":{"unit":"px","size":"25"},"typography_font_weight":"bold","typography_letter_spacing":{"unit":"px","size":"6"},"typography_font_size_tablet":{"unit":"px","size":"21"},"typography_text_transform":"uppercase","typography_line_height":{"unit":"em","size":"0.9"},"typography_letter_spacing_tablet":{"unit":"px","size":"2"},"_margin":{"unit":"px","top":"0","right":"0","bottom":"0","left":"0","isLinked":""},"_padding":{"unit":"px","top":"0","right":"0","bottom":"0","left":"0","isLinked":""}},"elements":[],"isInner":false,"widgetType":"heading","elType":"widget"},{"id":"1cee1dfd","settings":{"typography_typography":"custom","typography_font_size":{"unit":"rem","size":"1"},"typography_line_height":{"unit":"em","size":"1.8"},"_background_background":"classic"},"elements":[],"isInner":false,"widgetType":"text-editor","elType":"widget"}],"isInner":"1","elType":"column"}],"isInner":"1","elType":"section"},{"id":"77e7f3bd","settings":{"margin":{"unit":"px","top":"0","right":"0","bottom":"0","left":"0","isLinked":"1"},"padding":{"unit":"em","top":"0","right":"0","bottom":"0","left":"0","isLinked":"1"},"padding_mobile":{"unit":"em","top":"2","right":"0","bottom":"2","left":"0","isLinked":""}},"elements":[{"id":"675ba48b","settings":{"_column_size":"100","_inline_size":"","content_position":"center","margin":{"unit":"px","top":"0","right":"0","bottom":"0","left":"0","isLinked":"1"},"padding":{"unit":"px","top":"0","right":"0","bottom":"0","left":"0","isLinked":"1"}},"elements":[{"id":"ff3ac50","settings":{"text":"Want to hire us?","typography_typography":"custom","typography_font_family":"Source Sans Pro","typography_font_size":{"unit":"px","size":"18"},"typography_font_weight":"bold","typography_text_decoration":"none","typography_line_height":{"unit":"em","size":"1.4"},"typography_letter_spacing":{"unit":"px","size":"3"},"button_text_color":"#ffffff","background_color":"#e62c91","border_width":{"unit":"px","top":"1","right":"1","bottom":"1","left":"1","isLinked":"1"},"border_color":"rgba(255,255,255,0.4)","border_radius":{"unit":"px","top":"60","right":"60","bottom":"60","left":"60","isLinked":"1"},"button_box_shadow_box_shadow_type":"yes","button_box_shadow_box_shadow":{"horizontal":"6","vertical":"6","blur":"100","spread":"19","color":"rgba(0,0,0,0.29)"},"text_padding":{"unit":"px","top":"16","right":"26","bottom":"16","left":"26","isLinked":""},"_margin":{"unit":"px","top":"0","right":"0","bottom":"0","left":"0","isLinked":""},"_padding":{"unit":"px","top":"0","right":"0","bottom":"0","left":"0","isLinked":""},"align":"center","align_mobile":"center","typography_font_size_mobile":{"unit":"px","size":"13"},"typography_text_transform":"uppercase","text_padding_mobile":{"unit":"px","top":"15","right":"15","bottom":"15","left":"15","isLinked":"1"},"_animation":"zoomIn","_css_classes":"envato-kit-38-radial-out"},"elements":[],"isInner":false,"widgetType":"button","elType":"widget"}],"isInner":"1","elType":"column"}],"isInner":"1","elType":"section"},{"id":"7b291074","settings":{"structure":"20","margin_mobile":{"unit":"px","top":"0","right":"0","bottom":"0","left":"0","isLinked":"1"},"padding":{"unit":"em","top":"2","right":"2","bottom":"2","left":"2","isLinked":"1"},"padding_mobile":{"unit":"px","top":"0","right":"0","bottom":"0","left":"0","isLinked":"1"}},"elements":[{"id":"7d6fe035","settings":{"_column_size":"50","_inline_size":"","_inline_size_tablet":"50","_inline_size_mobile":"100","margin_mobile":{"unit":"px","top":"0","right":"0","bottom":"0","left":"0","isLinked":"1"},"padding_mobile":{"unit":"px","top":"0","right":"0","bottom":"0","left":"0","isLinked":"1"},"animation":"fadeInDown","animation_delay":"200"},"elements":[{"id":"705fd7b8","settings":{"testimonial_content":"Lorem ipsum dolor sit amet, consectetur adipiscing elit. Ut elit tellus, luctus nec ullamcorper mattis, pulvinar dapibus leo.","testimonial_image":{"url":"http:\/\/sitefacilitado.com.br\/membros\/wp-content\/uploads\/2020\/03\/angello-lopez-138917-unsplash.png","id":"6548"},"testimonial_name":"James McCall","testimonial_job":"Retail Brand","content_content_color":"#ffffff","image_size":{"unit":"px","size":"37"},"name_text_color":"#ffffff","name_typography_typography":"custom","name_typography_font_family":"Montserrat","job_typography_typography":"custom","job_typography_font_family":"Montserrat","job_typography_font_weight":"700","job_typography_text_transform":"uppercase","job_typography_letter_spacing":{"unit":"px","size":"2"}},"elements":[],"isInner":false,"widgetType":"testimonial","elType":"widget"}],"isInner":"1","elType":"column"},{"id":"52334599","settings":{"_column_size":"50","_inline_size":"","_inline_size_tablet":"50","animation":"fadeInDown","animation_delay":"200"},"elements":[{"id":"53b5d03a","settings":{"testimonial_content":"Consectetur adipiscing elit. Ut elit tellus, luctus nec ullamcorper mattis, pulvinar dapibus leo  elit tellus, luctus nec.","testimonial_image":{"url":"http:\/\/sitefacilitado.com.br\/membros\/wp-content\/uploads\/2020\/03\/allef-vinicius-152195-unsplash.png","id":"6550"},"testimonial_name":"Kelly Kearns","testimonial_job":"Fashion Brand","content_content_color":"#ffffff","image_size":{"unit":"px","size":"37"},"name_text_color":"#ffffff","name_typography_typography":"custom","name_typography_font_family":"Montserrat","job_typography_typography":"custom","job_typography_font_family":"Montserrat","job_typography_font_weight":"700","job_typography_text_transform":"uppercase","job_typography_letter_spacing":{"unit":"px","size":"2"}},"elements":[],"isInner":false,"widgetType":"testimonial","elType":"widget"}],"isInner":"1","elType":"column"}],"isInner":"1","elType":"section"}],"isInner":"","elType":"column"}],"isInner":"","elType":"section"}]}