{"version":"0.4","title":"Guitar 1","type":"page","content":[{"id":"1f29cc69","settings":{"content_width":{"unit":"px","size":"1300","sizes":[]},"column_position":"top","background_background":"classic","background_color":"#1b1a1a","padding":{"unit":"em","top":"5.5","right":"0","bottom":"2","left":"0","isLinked":""},"padding_mobile":{"unit":"em","top":"0","right":"0","bottom":"0","left":"0","isLinked":""}},"elements":[{"id":"572318c3","settings":{"_column_size":"100","margin":{"unit":"px","top":"0","right":"0","bottom":"0","left":"145","isLinked":""},"padding":{"unit":"px","top":"0","right":"0","bottom":"0","left":"0","isLinked":""}},"elements":[{"id":"8df6f67","settings":{"height_inner":"min-height","custom_height_inner":{"unit":"px","size":"600","sizes":[]},"content_position":"middle","background_background":"classic","background_image":{"id":"214","url":"http:\/\/sitefacilitado.com.br\/wp-content\/uploads\/2020\/02\/photo-1543060749-aa3f115aad09-scaled-e1576088861662.jpeg"},"background_repeat":"no-repeat","background_size":"cover","background_overlay_color":"#232323","background_overlay_opacity":{"unit":"px","size":"0.32","sizes":[]},"background_overlay_background":"classic","gap":"no","custom_height_inner_tablet":{"unit":"px","size":"500","sizes":[]},"padding":{"unit":"em","top":"3","right":"1","bottom":"5","left":"1","isLinked":""},"structure":"20","padding_mobile":{"unit":"em","top":"6","right":"0","bottom":"6","left":"0","isLinked":""},"layout":"full_width","content_width":{"unit":"px","size":"573","sizes":[]},"background_color":"rgba(0, 0, 0, 0)","background_xpos":{"unit":"px","size":"140","sizes":[]}},"elements":[{"id":"304266fb","settings":{"_column_size":"50","_inline_size":"67.632","space_between_widgets":"0","margin":{"unit":"px","top":"0","right":"0","bottom":"0","left":"-145","isLinked":""},"background_background":"classic","background_position":"center center","background_repeat":"no-repeat","background_size":"auto","background_overlay_background":"classic","background_overlay_image":{"id":"215","url":"http:\/\/sitefacilitado.com.br\/wp-content\/uploads\/2020\/02\/dots01-1.png"},"background_overlay_position":"initial","background_overlay_xpos":{"unit":"%","size":"12","sizes":[]},"background_overlay_ypos":{"unit":"%","size":"84","sizes":[]},"background_overlay_repeat":"no-repeat","background_overlay_size":"auto","_inline_size_tablet":"100","margin_tablet":{"unit":"px","top":"0","right":"0","bottom":"0","left":"0","isLinked":""}},"elements":[{"id":"1cb9ebb","settings":{"title":"Teaching Since 2011","header_size":"h3","align":"left","title_color":"#7A7A7A","typography_typography":"custom","typography_font_family":"Questrial","typography_font_size":{"unit":"em","size":"1.5","sizes":[]},"typography_font_weight":"700","typography_line_height":{"unit":"em","size":"1.7","sizes":[]},"typography_letter_spacing":{"unit":"px","size":"0.4","sizes":[]},"_padding":{"unit":"em","top":"0","right":"0","bottom":"0","left":"0","isLinked":""},"align_tablet":"center"},"elements":[],"isInner":false,"widgetType":"heading","elType":"widget"},{"id":"1ed3708c","settings":{"width":{"unit":"px","size":"26","sizes":[]},"align":"left","text":"Divider","color":"#353535","_margin":{"unit":"px","top":"0","right":"0","bottom":"0","left":"0","isLinked":"1"},"_padding":{"unit":"em","top":"0","right":"0","bottom":"2","left":"0","isLinked":""},"align_tablet":"center"},"elements":[],"isInner":false,"widgetType":"divider","elType":"widget"},{"id":"5bdb5713","settings":{"title":"Guitar lessons to meet your needs","header_size":"h1","align":"left","title_color":"#ffffff","typography_typography":"custom","typography_font_family":"Questrial","typography_font_size":{"unit":"em","size":"7","sizes":[]},"typography_font_weight":"700","_margin":{"unit":"px","top":"0","right":"0","bottom":"0","left":"-10","isLinked":""},"_padding":{"unit":"em","top":"0","right":"0","bottom":"2","left":"0","isLinked":""},"typography_letter_spacing":{"unit":"px","size":"4","sizes":[]},"typography_line_height":{"unit":"em","size":"1","sizes":[]},"align_tablet":"center","typography_font_size_tablet":{"unit":"em","size":"4.9","sizes":[]},"typography_font_size_mobile":{"unit":"em","size":"2.9","sizes":[]},"_padding_tablet":{"unit":"em","top":"0","right":"2","bottom":"0","left":"2","isLinked":""},"_padding_mobile":{"unit":"em","top":"0","right":"0","bottom":"0","left":"0","isLinked":""}},"elements":[],"isInner":false,"widgetType":"heading","elType":"widget"},{"id":"71062a1a","settings":{"image":{"id":"216","url":"http:\/\/sitefacilitado.com.br\/wp-content\/uploads\/2020\/02\/signature-light-1.png"},"image_size":"custom","image_custom_dimension":{"width":"290","height":"95"},"align":"left","opacity":{"unit":"px","size":"0.52","sizes":[]},"_margin":{"unit":"px","top":"-56","right":"0","bottom":"0","left":"0","isLinked":""},"_padding":{"unit":"em","top":"0","right":"0","bottom":"0","left":"13","isLinked":""},"_margin_tablet":{"unit":"px","top":"0","right":"0","bottom":"0","left":"0","isLinked":""}},"elements":[],"isInner":false,"widgetType":"image","elType":"widget"}],"isInner":"1","elType":"column"},{"id":"7133dc4","settings":{"_column_size":"50","_inline_size":"32.368","_inline_size_tablet":"100"},"elements":[{"id":"2bb4fa76","settings":{"youtube_url":"https:\/\/www.youtube.com\/watch?v=XHOmBV4js_E","vimeo_url":"https:\/\/vimeo.com\/235215203","dailymotion_url":"https:\/\/www.dailymotion.com\/video\/x6tqhqb","show_image_overlay":"yes","image_overlay":{"id":"217","url":"http:\/\/sitefacilitado.com.br\/wp-content\/uploads\/2020\/02\/play-button-light.png"},"lazy_load":"yes","show_play_icon":"","lightbox":"yes","_padding":{"unit":"em","top":"3","right":"7","bottom":"0","left":"7","isLinked":""},"_padding_tablet":{"unit":"em","top":"0","right":"17","bottom":"0","left":"17","isLinked":""},"_padding_mobile":{"unit":"em","top":"0","right":"6","bottom":"0","left":"6","isLinked":""},"image_overlay_size":"thumbnail"},"elements":[],"isInner":false,"widgetType":"video","elType":"widget"},{"id":"112e2fd0","settings":{"text":"Watch Reel","align":"center","icon_align":"right","icon_indent":{"unit":"px","size":"11","sizes":[]},"typography_typography":"custom","typography_font_family":"Questrial","typography_font_size":{"unit":"em","size":"1","sizes":[]},"typography_font_weight":"700","typography_line_height":{"unit":"em","size":"1.7","sizes":[]},"button_text_color":"#FFFFFF","background_color":"rgba(255,255,255,0)","border_radius":{"unit":"px","top":"0","right":"0","bottom":"0","left":"0","isLinked":"1"},"text_padding":{"unit":"px","top":"0","right":"0","bottom":"0","left":"0","isLinked":"1"},"hover_animation":"sink","typography_letter_spacing":{"unit":"px","size":"0","sizes":[]}},"elements":[],"isInner":false,"widgetType":"button","elType":"widget"}],"isInner":"1","elType":"column"}],"isInner":"1","elType":"section"},{"id":"2faec0a0","settings":{"margin":{"unit":"px","top":"-176","right":"0","bottom":"0","left":"0","isLinked":""},"padding":{"unit":"em","top":"0","right":"0","bottom":"0","left":"0","isLinked":""},"content_width":{"unit":"px","size":"679","sizes":[]},"content_position":"middle","margin_tablet":{"unit":"px","top":"0","right":"0","bottom":"0","left":"0","isLinked":""},"padding_tablet":{"unit":"em","top":"4","right":"0","bottom":"0","left":"0","isLinked":""}},"elements":[{"id":"21092457","settings":{"_column_size":"100","_inline_size_tablet":"100","margin":{"unit":"px","top":"0","right":"0","bottom":"0","left":"0","isLinked":""},"align":"center"},"elements":[{"id":"9768986","settings":{"title":"Structured lessons for each level","title_color":"#ffffff","typography_typography":"custom","typography_font_family":"Questrial","typography_font_size":{"unit":"em","size":"2","sizes":[]},"typography_font_weight":"700","typography_line_height":{"unit":"em","size":"1.7","sizes":[]},"_margin":{"unit":"px","top":"0","right":"0","bottom":"0","left":"0","isLinked":""},"header_size":"h3","align":"center","typography_letter_spacing":{"unit":"px","size":"0","sizes":[]},"_padding":{"unit":"em","top":"0","right":"0","bottom":"0","left":"0","isLinked":""}},"elements":[],"isInner":false,"widgetType":"heading","elType":"widget"},{"id":"60cc5ef4","settings":{"title":"Beginner","header_size":"h3","align":"center","title_color":"#ECD590","typography_typography":"custom","typography_font_family":"Questrial","typography_font_size":{"unit":"em","size":"1.2","sizes":[]},"typography_font_weight":"700","typography_line_height":{"unit":"em","size":"1.7","sizes":[]},"typography_letter_spacing":{"unit":"px","size":"0.4","sizes":[]},"align_tablet":"center","_padding":{"unit":"em","top":"0","right":"0","bottom":"0.2","left":"0","isLinked":""},"_padding_tablet":{"unit":"em","top":"1","right":"0","bottom":"0.5","left":"0","isLinked":""},"_element_width":"auto","_element_width_tablet":"auto","_element_vertical_align":"center","link":{"url":"#","is_external":"","nofollow":""},"_margin":{"unit":"px","top":"0","right":"30","bottom":"0","left":"30","isLinked":""},"_border_border":"solid","_border_width":{"unit":"px","top":"0","right":"0","bottom":"1","left":"0","isLinked":""},"_border_color":"rgba(255,255,255,0.11)"},"elements":[],"isInner":false,"widgetType":"heading","elType":"widget"},{"id":"523992c5","settings":{"title":"Intermediate","header_size":"h3","align":"center","title_color":"#ECD590","typography_typography":"custom","typography_font_family":"Questrial","typography_font_size":{"unit":"em","size":"1.2","sizes":[]},"typography_font_weight":"700","typography_line_height":{"unit":"em","size":"1.7","sizes":[]},"typography_letter_spacing":{"unit":"px","size":"0.4","sizes":[]},"align_tablet":"center","_padding":{"unit":"em","top":"0","right":"0","bottom":"0.2","left":"0","isLinked":""},"_padding_tablet":{"unit":"em","top":"1","right":"0","bottom":"0.5","left":"0","isLinked":""},"_element_width":"auto","_element_width_tablet":"auto","_element_vertical_align":"center","link":{"url":"#","is_external":"","nofollow":""},"_margin":{"unit":"px","top":"0","right":"30","bottom":"0","left":"30","isLinked":""},"_border_border":"solid","_border_width":{"unit":"px","top":"0","right":"0","bottom":"1","left":"0","isLinked":""},"_border_color":"rgba(255,255,255,0.11)"},"elements":[],"isInner":false,"widgetType":"heading","elType":"widget"},{"id":"b6ad20","settings":{"title":"Advanced","header_size":"h3","align":"center","title_color":"#ECD590","typography_typography":"custom","typography_font_family":"Questrial","typography_font_size":{"unit":"em","size":"1.2","sizes":[]},"typography_font_weight":"700","typography_line_height":{"unit":"em","size":"1.7","sizes":[]},"typography_letter_spacing":{"unit":"px","size":"0.4","sizes":[]},"align_tablet":"center","_padding":{"unit":"em","top":"0","right":"0","bottom":"0.2","left":"0","isLinked":""},"_padding_tablet":{"unit":"em","top":"1","right":"0","bottom":"0.5","left":"0","isLinked":""},"_element_width":"auto","_element_width_tablet":"auto","_element_vertical_align":"center","link":{"url":"#","is_external":"","nofollow":""},"_margin":{"unit":"px","top":"0","right":"30","bottom":"0","left":"30","isLinked":""},"_border_border":"solid","_border_width":{"unit":"px","top":"0","right":"0","bottom":"1","left":"0","isLinked":""},"_border_color":"rgba(255,255,255,0.11)"},"elements":[],"isInner":false,"widgetType":"heading","elType":"widget"},{"id":"1b3ba8b1","settings":{"title":"Expert","header_size":"h3","align":"center","title_color":"#ECD590","typography_typography":"custom","typography_font_family":"Questrial","typography_font_size":{"unit":"em","size":"1.2","sizes":[]},"typography_font_weight":"700","typography_line_height":{"unit":"em","size":"1.7","sizes":[]},"typography_letter_spacing":{"unit":"px","size":"0.4","sizes":[]},"align_tablet":"center","_padding":{"unit":"em","top":"0","right":"0","bottom":"0.2","left":"0","isLinked":""},"_padding_tablet":{"unit":"em","top":"1","right":"0","bottom":"0.5","left":"0","isLinked":""},"_element_width":"auto","_element_width_tablet":"auto","_element_vertical_align":"center","link":{"url":"#","is_external":"","nofollow":""},"_margin":{"unit":"px","top":"0","right":"30","bottom":"0","left":"30","isLinked":""},"_border_border":"solid","_border_width":{"unit":"px","top":"0","right":"0","bottom":"1","left":"0","isLinked":""},"_border_color":"rgba(255,255,255,0.11)"},"elements":[],"isInner":false,"widgetType":"heading","elType":"widget"}],"isInner":"1","elType":"column"}],"isInner":"1","elType":"section"}],"isInner":"","elType":"column"}],"isInner":"","elType":"section"},{"id":"fc3f435","settings":{"content_width":{"unit":"px","size":"1300","sizes":[]},"column_position":"top","background_background":"classic","background_color":"#1b1a1a","padding":{"unit":"em","top":"0","right":"0","bottom":"2","left":"0","isLinked":""},"padding_mobile":{"unit":"em","top":"0","right":"0","bottom":"0","left":"0","isLinked":""}},"elements":[{"id":"6822be18","settings":{"_column_size":"100","margin":{"unit":"px","top":"0","right":"0","bottom":"0","left":"0","isLinked":""},"padding":{"unit":"px","top":"0","right":"0","bottom":"0","left":"0","isLinked":""}},"elements":[{"id":"7ab22d5b","settings":{"structure":"30","background_background":"classic","background_color":"rgba(0,0,0,0)","margin":{"unit":"px","top":"0","right":"0","bottom":"0","left":"0","isLinked":""},"padding":{"unit":"em","top":"3","right":"0","bottom":"1","left":"0","isLinked":""},"content_width":{"unit":"px","size":"1220","sizes":[]}},"elements":[{"id":"5ec952a0","settings":{"_column_size":"33","space_between_widgets":"0","background_background":"classic","background_color":"rgba(255,255,255,0.03)","border_radius":{"unit":"px","top":"6","right":"6","bottom":"6","left":"6","isLinked":"1"},"margin":{"unit":"px","top":"0","right":"30","bottom":"0","left":"30","isLinked":""},"padding":{"unit":"em","top":"2.1","right":"3","bottom":"2.4","left":"3","isLinked":""},"_inline_size_tablet":"50","margin_mobile":{"unit":"px","top":"0","right":"10","bottom":"50","left":"10","isLinked":""}},"elements":[{"id":"44a4aa24","settings":{"title":"Blues","header_size":"h3","align":"left","title_color":"#ffffff","typography_typography":"custom","typography_font_family":"Questrial","typography_font_size":{"unit":"em","size":"1.6","sizes":[]},"typography_font_weight":"700","typography_line_height":{"unit":"em","size":"1.7","sizes":[]},"typography_letter_spacing":{"unit":"px","size":"0","sizes":[]},"_padding":{"unit":"em","top":"0","right":"0","bottom":"0","left":"0","isLinked":""}},"elements":[],"isInner":false,"widgetType":"heading","elType":"widget"},{"id":"a37b8e9","settings":{"editor":"<p>Nunc civibus earum at est volumen, se nemo &amp; cras te ad-augue.<\/p>","align":"left","text_color":"rgba(255,255,255,0.14)","typography_typography":"custom","typography_font_family":"Questrial","typography_font_size":{"unit":"em","size":"1.2","sizes":[]},"typography_font_weight":"700","typography_line_height":{"unit":"em","size":"1.7","sizes":[]},"_padding":{"unit":"em","top":"0","right":"0","bottom":"0","left":"0","isLinked":""}},"elements":[],"isInner":false,"widgetType":"text-editor","elType":"widget"},{"id":"2a0982fa","settings":{"text":"\u2014 Sign Up Now","align":"left","icon_align":"right","icon_indent":{"unit":"px","size":"11","sizes":[]},"typography_typography":"custom","typography_font_family":"Questrial","typography_font_size":{"unit":"em","size":"1.16","sizes":[]},"typography_font_weight":"700","typography_line_height":{"unit":"em","size":"1.7","sizes":[]},"button_text_color":"#ECD590","background_color":"rgba(255,255,255,0)","border_radius":{"unit":"px","top":"0","right":"0","bottom":"0","left":"0","isLinked":"1"},"text_padding":{"unit":"px","top":"0","right":"0","bottom":"0","left":"0","isLinked":"1"}},"elements":[],"isInner":false,"widgetType":"button","elType":"widget"}],"isInner":"1","elType":"column"},{"id":"5b815b5","settings":{"_column_size":"33","space_between_widgets":"0","background_background":"classic","background_color":"rgba(255,255,255,0.03)","border_radius":{"unit":"px","top":"6","right":"6","bottom":"6","left":"6","isLinked":"1"},"margin":{"unit":"px","top":"0","right":"30","bottom":"0","left":"30","isLinked":""},"padding":{"unit":"em","top":"2.1","right":"3","bottom":"2.4","left":"3","isLinked":""},"_inline_size_tablet":"50","margin_mobile":{"unit":"px","top":"0","right":"10","bottom":"50","left":"10","isLinked":""}},"elements":[{"id":"36eb601c","settings":{"title":"Heavy Metal\u200b","header_size":"h3","align":"left","title_color":"#ffffff","typography_typography":"custom","typography_font_family":"Questrial","typography_font_size":{"unit":"em","size":"1.6","sizes":[]},"typography_font_weight":"700","typography_line_height":{"unit":"em","size":"1.7","sizes":[]},"typography_letter_spacing":{"unit":"px","size":"0","sizes":[]},"_padding":{"unit":"em","top":"0","right":"0","bottom":"0","left":"0","isLinked":""}},"elements":[],"isInner":false,"widgetType":"heading","elType":"widget"},{"id":"7a4268aa","settings":{"editor":"<p>Nunc civibus earum at est volumen, se nemo &amp; cras te ad-augue.<\/p>","align":"left","text_color":"rgba(255,255,255,0.14)","typography_typography":"custom","typography_font_family":"Questrial","typography_font_size":{"unit":"em","size":"1.2","sizes":[]},"typography_font_weight":"700","typography_line_height":{"unit":"em","size":"1.7","sizes":[]},"_padding":{"unit":"em","top":"0","right":"0","bottom":"0","left":"0","isLinked":""}},"elements":[],"isInner":false,"widgetType":"text-editor","elType":"widget"},{"id":"4fed853c","settings":{"text":"\u2014 Sign Up Now","align":"left","icon_align":"right","icon_indent":{"unit":"px","size":"11","sizes":[]},"typography_typography":"custom","typography_font_family":"Questrial","typography_font_size":{"unit":"em","size":"1.16","sizes":[]},"typography_font_weight":"700","typography_line_height":{"unit":"em","size":"1.7","sizes":[]},"button_text_color":"#ECD590","background_color":"rgba(255,255,255,0)","border_radius":{"unit":"px","top":"0","right":"0","bottom":"0","left":"0","isLinked":"1"},"text_padding":{"unit":"px","top":"0","right":"0","bottom":"0","left":"0","isLinked":"1"}},"elements":[],"isInner":false,"widgetType":"button","elType":"widget"}],"isInner":"1","elType":"column"},{"id":"291b81e7","settings":{"_column_size":"33","space_between_widgets":"0","background_background":"classic","background_color":"rgba(255,255,255,0.03)","border_radius":{"unit":"px","top":"6","right":"6","bottom":"6","left":"6","isLinked":"1"},"margin":{"unit":"px","top":"0","right":"30","bottom":"0","left":"30","isLinked":""},"padding":{"unit":"em","top":"2.1","right":"3","bottom":"2.4","left":"3","isLinked":""},"_inline_size_tablet":"50","margin_mobile":{"unit":"px","top":"0","right":"10","bottom":"50","left":"10","isLinked":""}},"elements":[{"id":"58d8aaab","settings":{"title":"Blues Rock","header_size":"h3","align":"left","title_color":"#ffffff","typography_typography":"custom","typography_font_family":"Questrial","typography_font_size":{"unit":"em","size":"1.6","sizes":[]},"typography_font_weight":"700","typography_line_height":{"unit":"em","size":"1.7","sizes":[]},"typography_letter_spacing":{"unit":"px","size":"0","sizes":[]},"_padding":{"unit":"em","top":"0","right":"0","bottom":"0","left":"0","isLinked":""}},"elements":[],"isInner":false,"widgetType":"heading","elType":"widget"},{"id":"2f398737","settings":{"editor":"<p>Nunc civibus earum at est volumen, se nemo &amp; cras te ad-augue.<\/p>","align":"left","text_color":"rgba(255,255,255,0.14)","typography_typography":"custom","typography_font_family":"Questrial","typography_font_size":{"unit":"em","size":"1.2","sizes":[]},"typography_font_weight":"700","typography_line_height":{"unit":"em","size":"1.7","sizes":[]},"_padding":{"unit":"em","top":"0","right":"0","bottom":"0","left":"0","isLinked":""}},"elements":[],"isInner":false,"widgetType":"text-editor","elType":"widget"},{"id":"41fc8a34","settings":{"text":"\u2014 Sign Up Now","align":"left","icon_align":"right","icon_indent":{"unit":"px","size":"11","sizes":[]},"typography_typography":"custom","typography_font_family":"Questrial","typography_font_size":{"unit":"em","size":"1.16","sizes":[]},"typography_font_weight":"700","typography_line_height":{"unit":"em","size":"1.7","sizes":[]},"button_text_color":"#ECD590","background_color":"rgba(255,255,255,0)","border_radius":{"unit":"px","top":"0","right":"0","bottom":"0","left":"0","isLinked":"1"},"text_padding":{"unit":"px","top":"0","right":"0","bottom":"0","left":"0","isLinked":"1"}},"elements":[],"isInner":false,"widgetType":"button","elType":"widget"}],"isInner":"1","elType":"column"}],"isInner":"1","elType":"section"},{"id":"4da6ea4c","settings":{"margin":{"unit":"px","top":"0","right":"0","bottom":"0","left":"0","isLinked":"1"},"padding":{"unit":"em","top":"1","right":"1","bottom":"4.5","left":"1","isLinked":""},"content_width":{"unit":"px","size":"679","sizes":[]}},"elements":[{"id":"7d8f7991","settings":{"_column_size":"100","_inline_size_tablet":"100","margin":{"unit":"px","top":"0","right":"0","bottom":"0","left":"0","isLinked":""},"align":"center","space_between_widgets":"0"},"elements":[{"id":"79299ffb","settings":{"title":"Not sure what level you are?","title_color":"#ffffff","typography_typography":"custom","typography_font_family":"Questrial","typography_font_size":{"unit":"em","size":"1.2","sizes":[]},"typography_font_weight":"700","typography_line_height":{"unit":"em","size":"1.7","sizes":[]},"_margin":{"unit":"px","top":"0","right":"0","bottom":"0","left":"0","isLinked":""},"header_size":"h3","align":"center","typography_letter_spacing":{"unit":"px","size":"0","sizes":[]},"_padding":{"unit":"em","top":"0","right":"0","bottom":"0","left":"0","isLinked":""}},"elements":[],"isInner":false,"widgetType":"heading","elType":"widget"},{"id":"46c94660","settings":{"title":"Take a  5 minute interview","title_color":"#ffffff","typography_typography":"custom","typography_font_family":"Questrial","typography_font_size":{"unit":"em","size":"1.2","sizes":[]},"typography_font_weight":"700","typography_line_height":{"unit":"em","size":"1.7","sizes":[]},"_margin":{"unit":"px","top":"0","right":"0","bottom":"0","left":"0","isLinked":""},"header_size":"h3","align":"center","typography_letter_spacing":{"unit":"px","size":"0","sizes":[]},"_padding":{"unit":"em","top":"0","right":"0","bottom":"0","left":"0","isLinked":""},"_padding_tablet":{"unit":"em","top":"0","right":"0","bottom":"1","left":"0","isLinked":""}},"elements":[],"isInner":false,"widgetType":"heading","elType":"widget"},{"id":"1481ebaf","settings":{"text":"See the pricing","align":"center","icon_align":"right","icon_indent":{"unit":"px","size":"11","sizes":[]},"typography_typography":"custom","typography_font_family":"Questrial","typography_font_size":{"unit":"em","size":"1.16","sizes":[]},"typography_font_weight":"700","typography_line_height":{"unit":"em","size":"1.7","sizes":[]},"button_text_color":"#ECD590","background_color":"rgba(253,18,74,0)","border_radius":{"unit":"px","top":"100","right":"100","bottom":"100","left":"100","isLinked":"1"},"text_padding":{"unit":"em","top":"0.9","right":"2.8","bottom":"0.9","left":"2.8","isLinked":""},"_margin":{"unit":"px","top":"0","right":"15","bottom":"0","left":"15","isLinked":""},"_z_index":"99","align_mobile":"justify","typography_font_size_mobile":{"unit":"em","size":"1.1","sizes":[]},"text_padding_mobile":{"unit":"em","top":"1","right":"3","bottom":"1","left":"3","isLinked":""},"typography_letter_spacing":{"unit":"px","size":"0","sizes":[]},"_margin_mobile":{"unit":"px","top":"0","right":"0","bottom":"0","left":"0","isLinked":""},"_padding":{"unit":"em","top":"1.6","right":"0","bottom":"0","left":"0","isLinked":""},"_padding_tablet":{"unit":"em","top":"0","right":"0","bottom":"0","left":"0","isLinked":""},"_padding_mobile":{"unit":"em","top":"0","right":"1","bottom":"2","left":"1","isLinked":""},"border_border":"solid","border_width":{"unit":"px","top":"2","right":"2","bottom":"2","left":"2","isLinked":"1"},"border_color":"#ECD590","_element_width":"auto"},"elements":[],"isInner":false,"widgetType":"button","elType":"widget"},{"id":"f3447f5","settings":{"text":"Let's get in touch","align":"center","icon_align":"right","icon_indent":{"unit":"px","size":"11","sizes":[]},"typography_typography":"custom","typography_font_family":"Questrial","typography_font_size":{"unit":"em","size":"1.16","sizes":[]},"typography_font_weight":"700","typography_line_height":{"unit":"em","size":"1.7","sizes":[]},"button_text_color":"#1B1A1A","background_color":"#ECD590","border_radius":{"unit":"px","top":"100","right":"100","bottom":"100","left":"100","isLinked":"1"},"text_padding":{"unit":"em","top":"1","right":"3","bottom":"1","left":"3","isLinked":""},"_margin":{"unit":"px","top":"0","right":"15","bottom":"0","left":"15","isLinked":""},"_z_index":"99","align_mobile":"justify","typography_font_size_mobile":{"unit":"em","size":"1.1","sizes":[]},"text_padding_mobile":{"unit":"em","top":"1","right":"3","bottom":"1","left":"3","isLinked":""},"typography_letter_spacing":{"unit":"px","size":"0","sizes":[]},"_margin_mobile":{"unit":"px","top":"0","right":"0","bottom":"0","left":"0","isLinked":""},"_padding":{"unit":"em","top":"1.6","right":"0","bottom":"0","left":"0","isLinked":""},"_padding_tablet":{"unit":"em","top":"0","right":"0","bottom":"0","left":"0","isLinked":""},"_padding_mobile":{"unit":"em","top":"0","right":"1","bottom":"0","left":"1","isLinked":""},"_element_width":"auto"},"elements":[],"isInner":false,"widgetType":"button","elType":"widget"}],"isInner":"1","elType":"column"}],"isInner":"1","elType":"section"},{"id":"31a3645d","settings":{"structure":"30","margin":{"unit":"px","top":"0","right":"0","bottom":"0","left":"0","isLinked":"1"},"padding":{"unit":"em","top":"1","right":"0","bottom":"3.5","left":"0","isLinked":""},"content_position":"middle"},"elements":[{"id":"45e0cd6","settings":{"_column_size":"33","_inline_size":"10","_inline_size_tablet":"100","margin":{"unit":"px","top":"0","right":"0","bottom":"0","left":"0","isLinked":""}},"elements":[],"isInner":"1","elType":"column"},{"id":"13272b4b","settings":{"_column_size":"33","_inline_size":"59.332","_inline_size_tablet":"100","margin":{"unit":"px","top":"0","right":"0","bottom":"0","left":"0","isLinked":""}},"elements":[{"id":"228c3178","settings":{"title":"What's My Motto","title_color":"#ECD590","typography_typography":"custom","typography_font_family":"Questrial","typography_font_size":{"unit":"em","size":"1.3","sizes":[]},"typography_font_weight":"700","typography_line_height":{"unit":"em","size":"1.7","sizes":[]},"typography_letter_spacing":{"unit":"px","size":"0.4","sizes":[]},"align_tablet":"center","align":"left","_padding":{"unit":"em","top":"0","right":"1","bottom":"0","left":"0","isLinked":""},"_padding_tablet":{"unit":"em","top":"1","right":"0","bottom":"0.5","left":"0","isLinked":""},"_element_width_tablet":"inherit","_element_vertical_align":"center"},"elements":[],"isInner":false,"widgetType":"heading","elType":"widget"},{"id":"37746a8","settings":{"title":"Nemo ad d nec nisi o litora cum P'ii urna sed v quo nisi eu plenitudine iure.","title_color":"#ffffff","typography_typography":"custom","typography_font_family":"Questrial","typography_font_size":{"unit":"em","size":"2.7","sizes":[]},"typography_font_weight":"700","typography_line_height":{"unit":"em","size":"1.7","sizes":[]},"_margin":{"unit":"px","top":"0","right":"0","bottom":"0","left":"0","isLinked":""},"header_size":"h3","align":"left","typography_letter_spacing":{"unit":"px","size":"0","sizes":[]},"_padding":{"unit":"em","top":"0","right":"0","bottom":"0","left":"0","isLinked":""},"align_tablet":"center","typography_font_size_mobile":{"unit":"em","size":"1.6","sizes":[]}},"elements":[],"isInner":false,"widgetType":"heading","elType":"widget"},{"id":"499cd1b9","settings":{"title":"\u2014 John Smith","title_color":"#7A7A7A","typography_typography":"custom","typography_font_family":"Questrial","typography_font_size":{"unit":"em","size":"1.1","sizes":[]},"typography_font_weight":"700","typography_line_height":{"unit":"em","size":"1.7","sizes":[]},"typography_letter_spacing":{"unit":"px","size":"0.4","sizes":[]},"align_tablet":"center","align":"left","_padding":{"unit":"em","top":"0.1","right":"1","bottom":"0","left":"0","isLinked":""},"_padding_tablet":{"unit":"em","top":"1","right":"0","bottom":"0.5","left":"0","isLinked":""},"_element_width":"auto","_element_width_tablet":"inherit","_element_vertical_align":"center"},"elements":[],"isInner":false,"widgetType":"heading","elType":"widget"}],"isInner":"1","elType":"column"},{"id":"44773231","settings":{"_column_size":"33","_inline_size":"30","content_position":"center","padding":{"unit":"em","top":"0","right":"0","bottom":"0","left":"0","isLinked":""},"_inline_size_tablet":"100"},"elements":[{"id":"62f310a5","settings":{"image":{"id":"218","url":"http:\/\/sitefacilitado.com.br\/wp-content\/uploads\/2020\/02\/quote-light.png"},"image_size":"custom","image_custom_dimension":{"width":"160","height":"160"},"align":"left","opacity":{"unit":"px","size":"0.11","sizes":[]},"_padding":{"unit":"em","top":"0","right":"0","bottom":"0","left":"2","isLinked":""},"align_tablet":"center","_padding_mobile":{"unit":"em","top":"0","right":"0","bottom":"0","left":"0","isLinked":""}},"elements":[],"isInner":false,"widgetType":"image","elType":"widget"}],"isInner":"1","elType":"column"}],"isInner":"1","elType":"section"}],"isInner":"","elType":"column"}],"isInner":"","elType":"section"},{"id":"4d879ded","settings":{"content_width":{"unit":"px","size":"1538","sizes":[]},"column_position":"top","background_background":"classic","background_color":"#1b1a1a","padding":{"unit":"em","top":"0","right":"0","bottom":"0","left":"0","isLinked":""}},"elements":[{"id":"543780ce","settings":{"_column_size":"100"},"elements":[{"id":"2e76e36a","settings":{"custom_height_inner":{"unit":"px","size":"423","sizes":[]},"content_position":"middle","background_background":"classic","background_image":{"id":"219","url":"https:\/\/wp.envatoextensions.com\/Kit-224\/wp-content\/uploads\/sites\/211\/2019\/12\/photo-1486334803289-1623f249dd1e.jpeg"},"background_position":"top center","background_repeat":"no-repeat","background_size":"cover","background_overlay_color":"#232323","background_overlay_opacity":{"unit":"px","size":"0.42","sizes":[]},"custom_height_inner_tablet":{"unit":"px","size":"500","sizes":[]},"background_overlay_background":"classic","structure":"20","background_color":"#232323","padding":{"unit":"em","top":"3","right":"4","bottom":"3","left":"4","isLinked":""},"height_inner":"min-height","padding_mobile":{"unit":"em","top":"5","right":"0","bottom":"5","left":"0","isLinked":""},"layout":"full_width","padding_tablet":{"unit":"em","top":"5","right":"0","bottom":"4","left":"0","isLinked":""}},"elements":[{"id":"5616da44","settings":{"_column_size":"50","_inline_size":"58.798","space_between_widgets":"0","_inline_size_tablet":"100","padding_tablet":{"unit":"em","top":"0","right":"0","bottom":"0","left":"0","isLinked":""},"padding":{"unit":"em","top":"1","right":"4","bottom":"1","left":"1","isLinked":""}},"elements":[{"id":"2ffb458f","settings":{"title":"See The Classes","header_size":"h3","align":"left","title_color":"#FFFFFF","typography_typography":"custom","typography_font_family":"Questrial","typography_font_size":{"unit":"em","size":"1.6","sizes":[]},"typography_font_weight":"700","typography_line_height":{"unit":"em","size":"1.7","sizes":[]},"typography_letter_spacing":{"unit":"px","size":"0","sizes":[]},"_padding":{"unit":"em","top":"0","right":"0","bottom":"0","left":"0","isLinked":"1"},"align_tablet":"center"},"elements":[],"isInner":false,"widgetType":"heading","elType":"widget"},{"id":"4788e3ab","settings":{"width":{"unit":"px","size":"26","sizes":[]},"align":"left","text":"Divider","color":"rgba(255,255,255,0.13)","_padding":{"unit":"em","top":"0","right":"0","bottom":"0","left":"0","isLinked":""},"align_tablet":"center"},"elements":[],"isInner":false,"widgetType":"divider","elType":"widget"},{"id":"5d60dd7d","settings":{"title":"Browse all of my\nGuitar classes","align":"left","title_color":"#ffffff","typography_typography":"custom","typography_font_family":"Questrial","typography_font_size":{"unit":"em","size":"4.5","sizes":[]},"typography_font_weight":"700","_padding":{"unit":"em","top":"","right":"","bottom":"","left":"","isLinked":"1"},"typography_line_height":{"unit":"em","size":"1.1","sizes":[]},"typography_font_size_tablet":{"unit":"em","size":"4","sizes":[]},"typography_font_size_mobile":{"unit":"em","size":"3","sizes":[]},"typography_letter_spacing":{"unit":"px","size":"0.5","sizes":[]},"typography_letter_spacing_tablet":{"unit":"px","size":"0","sizes":[]},"align_tablet":"center"},"elements":[],"isInner":false,"widgetType":"heading","elType":"widget"}],"isInner":"1","elType":"column"},{"id":"24068cef","settings":{"_column_size":"50","_inline_size":"41.202","_inline_size_tablet":"100","margin_tablet":{"unit":"px","top":"0","right":"0","bottom":"0","left":"0","isLinked":""},"padding_tablet":{"unit":"em","top":"0","right":"0","bottom":"0","left":"0","isLinked":""},"space_between_widgets":"0"},"elements":[{"id":"319530cc","settings":{"text":"See The Classes","align":"center","icon_align":"right","icon_indent":{"unit":"px","size":"11","sizes":[]},"typography_typography":"custom","typography_font_family":"Questrial","typography_font_size":{"unit":"em","size":"1.16","sizes":[]},"typography_font_weight":"700","typography_line_height":{"unit":"em","size":"1.7","sizes":[]},"button_text_color":"#1B1A1A","background_color":"#ECD590","border_radius":{"unit":"px","top":"100","right":"100","bottom":"100","left":"100","isLinked":"1"},"text_padding":{"unit":"em","top":"1","right":"3","bottom":"1","left":"3","isLinked":""},"_margin":{"unit":"px","top":"0","right":"0","bottom":"0","left":"0","isLinked":""},"_z_index":"99","align_mobile":"justify","typography_font_size_mobile":{"unit":"em","size":"1.1","sizes":[]},"text_padding_mobile":{"unit":"em","top":"1","right":"1","bottom":"1","left":"1","isLinked":""},"typography_letter_spacing":{"unit":"px","size":"0","sizes":[]},"_margin_mobile":{"unit":"px","top":"0","right":"0","bottom":"0","left":"0","isLinked":""},"_padding":{"unit":"em","top":"6","right":"0","bottom":"0","left":"0","isLinked":""},"_padding_tablet":{"unit":"em","top":"0","right":"0","bottom":"0","left":"0","isLinked":""},"_padding_mobile":{"unit":"em","top":"1","right":"1","bottom":"0","left":"1","isLinked":""}},"elements":[],"isInner":false,"widgetType":"button","elType":"widget"},{"id":"109e32ef","settings":{"social_icon_list":[{"social_icon":{"value":"fab fa-facebook","library":"fa-brands"},"_id":"c730b36","link":{"url":"","is_external":"true","nofollow":""},"item_icon_color":"default","item_icon_primary_color":"","item_icon_secondary_color":""},{"social_icon":{"value":"fab fa-twitter","library":"fa-brands"},"_id":"b7b37d7","link":{"url":"","is_external":"true","nofollow":""},"item_icon_color":"default","item_icon_primary_color":"","item_icon_secondary_color":""},{"social_icon":{"value":"fab fa-instagram","library":"fa-brands"},"_id":"ce99ed7","link":{"url":"","is_external":"true","nofollow":""},"item_icon_color":"default","item_icon_primary_color":"","item_icon_secondary_color":""},{"social_icon":{"value":"fab fa-spotify","library":"fa-brands"},"_id":"7266c6b","link":{"url":"","is_external":"true","nofollow":""},"item_icon_color":"default","item_icon_primary_color":"","item_icon_secondary_color":""},{"social_icon":{"value":"fab fa-medium","library":"fa-brands"},"_id":"3b43f1f","link":{"url":"","is_external":"true","nofollow":""},"item_icon_color":"default","item_icon_primary_color":"","item_icon_secondary_color":""}],"icon_color":"custom","icon_primary_color":"rgba(255,255,255,0.05)","icon_secondary_color":"#ffffff","icon_size":{"unit":"px","size":"19","sizes":[]},"icon_padding":{"unit":"em","size":"0.8","sizes":[]},"icon_spacing":{"unit":"px","size":"10","sizes":[]},"border_radius":{"unit":"px","top":"100","right":"100","bottom":"100","left":"100","isLinked":"1"},"_padding":{"unit":"em","top":"2","right":"0","bottom":"0","left":"0","isLinked":""}},"elements":[],"isInner":false,"widgetType":"social-icons","elType":"widget"},{"id":"3877dec4","settings":{"editor":"<p>Feel free to like, share and follow me.<br \/>I\u2019d love to connect with you.<\/p>","align":"center","text_color":"#FFFFFF","typography_typography":"custom","typography_font_family":"Questrial","typography_font_size":{"unit":"em","size":"0.9","sizes":[]},"typography_font_weight":"700","typography_line_height":{"unit":"em","size":"1.7","sizes":[]},"_padding":{"unit":"em","top":"1.5","right":"0","bottom":"0","left":"0","isLinked":""}},"elements":[],"isInner":false,"widgetType":"text-editor","elType":"widget"}],"isInner":"1","elType":"column"}],"isInner":"1","elType":"section"}],"isInner":"","elType":"column"}],"isInner":"","elType":"section"},{"id":"47b8c44f","settings":{"content_width":{"unit":"px","size":"1300","sizes":[]},"column_position":"top","background_background":"classic","background_color":"#1b1a1a","padding":{"unit":"em","top":"4.5","right":"0","bottom":"4","left":"0","isLinked":""},"padding_tablet":{"unit":"em","top":"4","right":"0","bottom":"5","left":"0","isLinked":""},"padding_mobile":{"unit":"em","top":"0","right":"0","bottom":"4.5","left":"0","isLinked":""}},"elements":[{"id":"712f1d3f","settings":{"_column_size":"100"},"elements":[{"id":"32e89791","settings":{"content_width":{"unit":"px","size":"596","sizes":[]},"padding":{"unit":"em","top":"0","right":"0","bottom":"1","left":"0","isLinked":""}},"elements":[{"id":"41d416d0","settings":{"_column_size":"100","align":"center","space_between_widgets":"10"},"elements":[{"id":"152661a3","settings":{"title":"What They Say","align":"center","title_color":"#ffffff","typography_typography":"custom","typography_font_family":"Questrial","typography_font_size":{"unit":"em","size":"3.3","sizes":[]},"typography_font_weight":"700","typography_letter_spacing":{"unit":"px","size":"0.6","sizes":[]},"_padding":{"unit":"em","top":"","right":"","bottom":"","left":"","isLinked":"1"},"typography_line_height":{"unit":"em","size":"1.1","sizes":[]},"align_tablet":"center","typography_font_size_tablet":{"unit":"em","size":"4","sizes":[]},"typography_font_size_mobile":{"unit":"em","size":"3","sizes":[]},"typography_letter_spacing_tablet":{"unit":"px","size":"0","sizes":[]}},"elements":[],"isInner":false,"widgetType":"heading","elType":"widget"},{"id":"dbdd838","settings":{"title":"Quis m iucunda exaudire si claram angeum dis netus nec hac scomata si usus optio liber contumeliam nibh enim.\u200b","title_color":"rgba(255,255,255,0.27)","typography_typography":"custom","typography_font_family":"Questrial","typography_font_size":{"unit":"em","size":"1.2","sizes":[]},"typography_font_weight":"700","typography_line_height":{"unit":"em","size":"1.7","sizes":[]},"typography_letter_spacing":{"unit":"px","size":"0","sizes":[]},"_padding":{"unit":"em","top":"0","right":"0","bottom":"0.4","left":"0","isLinked":""},"align":"center","header_size":"h4","align_tablet":"center"},"elements":[],"isInner":false,"widgetType":"heading","elType":"widget"}],"isInner":"1","elType":"column"}],"isInner":"1","elType":"section"},{"id":"692ca1e9","settings":{"padding":{"unit":"em","top":"0","right":"0","bottom":"0","left":"0","isLinked":""},"content_width":{"unit":"px","size":"1115","sizes":[]},"margin":{"unit":"px","top":"0","right":"0","bottom":"0","left":"0","isLinked":""},"structure":"30"},"elements":[{"id":"78cb90a9","settings":{"_column_size":"33","space_between_widgets":"0","margin":{"unit":"px","top":"15","right":"15","bottom":"15","left":"15","isLinked":"1"}},"elements":[{"id":"418f46f3","settings":{"image":{"id":"220","url":"http:\/\/sitefacilitado.com.br\/wp-content\/uploads\/2020\/02\/me01-1.jpg"},"image_size":"custom","image_custom_dimension":{"width":"70","height":"70"},"image_border_radius":{"unit":"px","top":"100","right":"100","bottom":"100","left":"100","isLinked":"1"},"_element_width":"auto","_element_width_tablet":"inherit"},"elements":[],"isInner":false,"widgetType":"image","elType":"widget"},{"id":"29cf42f7","settings":{"title":"Maxy Reiniger","header_size":"h3","align":"left","title_color":"#ECD590","typography_typography":"custom","typography_font_family":"Questrial","typography_font_size":{"unit":"em","size":"1.2","sizes":[]},"typography_font_weight":"700","typography_line_height":{"unit":"em","size":"1.7","sizes":[]},"typography_letter_spacing":{"unit":"px","size":"0.4","sizes":[]},"align_tablet":"center","_padding":{"unit":"em","top":"0","right":"1","bottom":"0","left":"1","isLinked":""},"_padding_tablet":{"unit":"em","top":"1","right":"0","bottom":"0.5","left":"0","isLinked":""},"_element_width":"auto","_element_width_tablet":"inherit","_element_vertical_align":"center"},"elements":[],"isInner":false,"widgetType":"heading","elType":"widget"},{"id":"26aa033","settings":{"selected_icon":{"value":"fab fa-twitter","library":"fa-brands"},"link":{"url":"https:\/\/twitter.com\/","is_external":"","nofollow":""},"primary_color":"rgba(255,255,255,0.13)","size":{"unit":"px","size":"24","sizes":[]},"_padding":{"unit":"em","top":"0","right":"0","bottom":"0","left":"0","isLinked":""},"_element_width":"auto","_element_width_tablet":"inherit","_element_vertical_align":"center"},"elements":[],"isInner":false,"widgetType":"icon","elType":"widget"},{"id":"4033c41e","settings":{"space":{"unit":"px","size":"20","sizes":[]}},"elements":[],"isInner":false,"widgetType":"spacer","elType":"widget"},{"id":"603fd210","settings":{"editor":"<p>Vulncre at eos materias ad eum louor qui amet arcui. Unde fames sem solenni qui typi eos ad nam si modo purus ullo est absoluta liber.\u00a0<\/p>","align":"left","text_color":"#ffffff","typography_typography":"custom","typography_font_family":"Questrial","typography_font_size":{"unit":"em","size":"1.2","sizes":[]},"typography_font_weight":"700","typography_line_height":{"unit":"em","size":"1.7","sizes":[]},"_padding":{"unit":"em","top":"0","right":"0","bottom":"0","left":"0","isLinked":""},"align_tablet":"center"},"elements":[],"isInner":false,"widgetType":"text-editor","elType":"widget"},{"id":"4f34559","settings":{"star_style":"star_unicode","unmarked_star_style":"outline","align_tablet":"center","icon_size":{"unit":"px","size":"17","sizes":[]},"icon_space":{"unit":"px","size":"2","sizes":[]},"stars_color":"#ECD590","stars_unmarked_color":"#54595F"},"elements":[],"isInner":false,"widgetType":"star-rating","elType":"widget"}],"isInner":"1","elType":"column"},{"id":"582b9fc2","settings":{"_column_size":"33","space_between_widgets":"0","margin":{"unit":"px","top":"15","right":"15","bottom":"15","left":"15","isLinked":"1"}},"elements":[{"id":"35a8d73a","settings":{"image":{"id":"221","url":"http:\/\/sitefacilitado.com.br\/wp-content\/uploads\/2020\/02\/photo-1525189885004-3dfbe3dd3a13-683x1024-1.jpg"},"image_size":"custom","image_custom_dimension":{"width":"70","height":"70"},"image_border_radius":{"unit":"px","top":"100","right":"100","bottom":"100","left":"100","isLinked":"1"},"_element_width":"auto","_element_width_tablet":"inherit","align":"left","align_tablet":"center","_padding":{"unit":"em","top":"0","right":"1","bottom":"0","left":"1","isLinked":""},"_padding_tablet":{"unit":"em","top":"1","right":"0","bottom":"0.5","left":"0","isLinked":""},"_element_vertical_align":"center"},"elements":[],"isInner":false,"widgetType":"image","elType":"widget"},{"id":"5c8b5eeb","settings":{"title":"Walt Grunewald","header_size":"h3","align":"left","title_color":"#ECD590","typography_typography":"custom","typography_font_family":"Questrial","typography_font_size":{"unit":"em","size":"1.2","sizes":[]},"typography_font_weight":"700","typography_line_height":{"unit":"em","size":"1.7","sizes":[]},"typography_letter_spacing":{"unit":"px","size":"0.4","sizes":[]},"align_tablet":"center","_padding":{"unit":"em","top":"0","right":"1","bottom":"0","left":"1","isLinked":""},"_padding_tablet":{"unit":"em","top":"1","right":"0","bottom":"0.5","left":"0","isLinked":""},"_element_width":"auto","_element_width_tablet":"inherit","_element_vertical_align":"center"},"elements":[],"isInner":false,"widgetType":"heading","elType":"widget"},{"id":"138741fc","settings":{"selected_icon":{"value":"fab fa-twitter","library":"fa-brands"},"link":{"url":"https:\/\/twitter.com\/","is_external":"","nofollow":""},"primary_color":"rgba(255,255,255,0.13)","size":{"unit":"px","size":"24","sizes":[]},"_padding":{"unit":"em","top":"0","right":"0","bottom":"0","left":"0","isLinked":""},"_element_width":"auto","_element_width_tablet":"inherit","_element_vertical_align":"center"},"elements":[],"isInner":false,"widgetType":"icon","elType":"widget"},{"id":"3c6c84b6","settings":{"space":{"unit":"px","size":"20","sizes":[]}},"elements":[],"isInner":false,"widgetType":"spacer","elType":"widget"},{"id":"7dc14c1c","settings":{"editor":"<p>Vulncre at eos materias ad eum louor qui amet arcui. Unde fames sem solenni qui typi eos ad nam si modo purus ullo est absoluta liber.\u00a0<\/p>","align":"left","text_color":"#ffffff","typography_typography":"custom","typography_font_family":"Questrial","typography_font_size":{"unit":"em","size":"1.2","sizes":[]},"typography_font_weight":"700","typography_line_height":{"unit":"em","size":"1.7","sizes":[]},"_padding":{"unit":"em","top":"0","right":"0","bottom":"0","left":"0","isLinked":""},"align_tablet":"center"},"elements":[],"isInner":false,"widgetType":"text-editor","elType":"widget"},{"id":"e3353d8","settings":{"star_style":"star_unicode","unmarked_star_style":"outline","align_tablet":"center","icon_size":{"unit":"px","size":"17","sizes":[]},"icon_space":{"unit":"px","size":"2","sizes":[]},"stars_color":"#ECD590","stars_unmarked_color":"#54595F"},"elements":[],"isInner":false,"widgetType":"star-rating","elType":"widget"}],"isInner":"1","elType":"column"},{"id":"7463fd42","settings":{"_column_size":"33","space_between_widgets":"0","margin":{"unit":"px","top":"15","right":"15","bottom":"15","left":"15","isLinked":"1"}},"elements":[{"id":"22bf4eee","settings":{"image":{"id":"222","url":"http:\/\/sitefacilitado.com.br\/wp-content\/uploads\/2020\/02\/matthew-hamilton-166549-unsplash.jpg"},"image_size":"custom","image_custom_dimension":{"width":"70","height":"70"},"image_border_radius":{"unit":"px","top":"100","right":"100","bottom":"100","left":"100","isLinked":"1"},"_element_width":"auto","_element_width_tablet":"inherit"},"elements":[],"isInner":false,"widgetType":"image","elType":"widget"},{"id":"4fd195c9","settings":{"title":"Martin M\u00fcller","header_size":"h3","align":"left","title_color":"#ECD590","typography_typography":"custom","typography_font_family":"Questrial","typography_font_size":{"unit":"em","size":"1.2","sizes":[]},"typography_font_weight":"700","typography_line_height":{"unit":"em","size":"1.7","sizes":[]},"typography_letter_spacing":{"unit":"px","size":"0.4","sizes":[]},"align_tablet":"center","_padding":{"unit":"em","top":"0","right":"1","bottom":"0","left":"1","isLinked":""},"_padding_tablet":{"unit":"em","top":"1","right":"0","bottom":"0.5","left":"0","isLinked":""},"_element_width":"auto","_element_width_tablet":"inherit","_element_vertical_align":"center"},"elements":[],"isInner":false,"widgetType":"heading","elType":"widget"},{"id":"3154508f","settings":{"selected_icon":{"value":"fab fa-twitter","library":"fa-brands"},"link":{"url":"https:\/\/twitter.com\/","is_external":"","nofollow":""},"primary_color":"rgba(255,255,255,0.13)","size":{"unit":"px","size":"24","sizes":[]},"_padding":{"unit":"em","top":"0","right":"0","bottom":"0","left":"0","isLinked":""},"_element_width":"auto","_element_width_tablet":"inherit","_element_vertical_align":"center"},"elements":[],"isInner":false,"widgetType":"icon","elType":"widget"},{"id":"3baf9d75","settings":{"space":{"unit":"px","size":"20","sizes":[]}},"elements":[],"isInner":false,"widgetType":"spacer","elType":"widget"},{"id":"72115d5a","settings":{"editor":"<p>Vulncre at eos materias ad eum louor qui amet arcui. Unde fames sem solenni qui typi eos ad nam si modo purus ullo est absoluta liber.\u00a0<\/p>","align":"left","text_color":"#ffffff","typography_typography":"custom","typography_font_family":"Questrial","typography_font_size":{"unit":"em","size":"1.2","sizes":[]},"typography_font_weight":"700","typography_line_height":{"unit":"em","size":"1.7","sizes":[]},"_padding":{"unit":"em","top":"0","right":"0","bottom":"0","left":"0","isLinked":""},"align_tablet":"center"},"elements":[],"isInner":false,"widgetType":"text-editor","elType":"widget"},{"id":"10cde8f5","settings":{"star_style":"star_unicode","unmarked_star_style":"outline","align_tablet":"center","icon_size":{"unit":"px","size":"17","sizes":[]},"icon_space":{"unit":"px","size":"2","sizes":[]},"stars_color":"#ECD590","stars_unmarked_color":"#54595F"},"elements":[],"isInner":false,"widgetType":"star-rating","elType":"widget"}],"isInner":"1","elType":"column"}],"isInner":"1","elType":"section"},{"id":"766092c5","settings":{"padding":{"unit":"em","top":"0","right":"0","bottom":"0","left":"0","isLinked":"1"}},"elements":[{"id":"2bedb0d2","settings":{"_column_size":"100"},"elements":[{"id":"16e8f03e","settings":{"text":"See All Experiences","align":"center","icon_align":"right","icon_indent":{"unit":"px","size":"11","sizes":[]},"typography_typography":"custom","typography_font_family":"Questrial","typography_font_size":{"unit":"em","size":"1.16","sizes":[]},"typography_font_weight":"700","typography_line_height":{"unit":"em","size":"1.7","sizes":[]},"button_text_color":"#1B1A1A","background_color":"#ECD590","border_radius":{"unit":"px","top":"100","right":"100","bottom":"100","left":"100","isLinked":"1"},"text_padding":{"unit":"em","top":"1","right":"3","bottom":"1","left":"3","isLinked":""},"_margin":{"unit":"px","top":"0","right":"0","bottom":"0","left":"0","isLinked":""},"_z_index":"99","align_mobile":"justify","typography_font_size_mobile":{"unit":"em","size":"0.9","sizes":[]},"text_padding_mobile":{"unit":"em","top":"1","right":"1","bottom":"1","left":"1","isLinked":""},"typography_letter_spacing":{"unit":"px","size":"0","sizes":[]},"_padding":{"unit":"em","top":"1","right":"0","bottom":"0","left":"0","isLinked":""}},"elements":[],"isInner":false,"widgetType":"button","elType":"widget"},{"id":"27db9778","settings":{"social_icon_list":[{"social_icon":{"value":"fab fa-facebook","library":"fa-brands"},"_id":"c730b36","link":{"url":"","is_external":"true","nofollow":""},"item_icon_color":"default","item_icon_primary_color":"","item_icon_secondary_color":""},{"social_icon":{"value":"fab fa-twitter","library":"fa-brands"},"_id":"b7b37d7","link":{"url":"","is_external":"true","nofollow":""},"item_icon_color":"default","item_icon_primary_color":"","item_icon_secondary_color":""},{"social_icon":{"value":"fab fa-spotify","library":"fa-brands"},"_id":"7266c6b","link":{"url":"","is_external":"true","nofollow":""},"item_icon_color":"default","item_icon_primary_color":"","item_icon_secondary_color":""},{"social_icon":{"value":"fab fa-medium","library":"fa-brands"},"_id":"3b43f1f","link":{"url":"","is_external":"true","nofollow":""},"item_icon_color":"default","item_icon_primary_color":"","item_icon_secondary_color":""}],"icon_color":"custom","icon_primary_color":"rgba(255,255,255,0.05)","icon_secondary_color":"#ffffff","icon_size":{"unit":"px","size":"17","sizes":[]},"icon_padding":{"unit":"em","size":"0.8","sizes":[]},"icon_spacing":{"unit":"px","size":"7","sizes":[]},"border_radius":{"unit":"px","top":"100","right":"100","bottom":"100","left":"100","isLinked":"1"},"_padding":{"unit":"em","top":"0","right":"0","bottom":"0","left":"0","isLinked":""}},"elements":[],"isInner":false,"widgetType":"social-icons","elType":"widget"}],"isInner":"1","elType":"column"}],"isInner":"1","elType":"section"},{"id":"65f48085","settings":{"space":{"unit":"px","size":"20","sizes":[]}},"elements":[],"isInner":false,"widgetType":"spacer","elType":"widget"}],"isInner":"","elType":"column"}],"isInner":"","elType":"section"},{"id":"130a7a48","settings":{"padding":{"unit":"em","top":"5","right":"0","bottom":"4","left":"0","isLinked":""},"background_background":"classic","background_color":"#1b1a1a","background_image":{"id":"223","url":"https:\/\/wp.envatoextensions.com\/Kit-224\/wp-content\/uploads\/sites\/211\/2019\/12\/photo-1550590774-adc439e48ac6-scaled.jpeg"},"background_position":"center center","background_repeat":"no-repeat","background_size":"cover","background_overlay_background":"classic","background_overlay_color":"#232323","content_width":{"unit":"px","size":"1300","sizes":[]}},"elements":[{"id":"1fa206a6","settings":{"_column_size":"100","content_position":"center","space_between_widgets":"0","padding":{"unit":"em","top":"","right":"","bottom":"","left":"","isLinked":"1"}},"elements":[{"id":"41f7b29e","settings":{"content_width":{"unit":"px","size":"596","sizes":[]},"padding":{"unit":"em","top":"0","right":"0","bottom":"0","left":"0","isLinked":""}},"elements":[{"id":"504d9eb1","settings":{"_column_size":"100","align":"center","space_between_widgets":"10"},"elements":[{"id":"4100cf62","settings":{"title":"Sign Up For A Course","align":"center","title_color":"#ffffff","typography_typography":"custom","typography_font_family":"Questrial","typography_font_size":{"unit":"em","size":"4.5","sizes":[]},"typography_font_weight":"700","typography_letter_spacing":{"unit":"px","size":"0.5","sizes":[]},"_padding":{"unit":"em","top":"","right":"","bottom":"","left":"","isLinked":"1"},"typography_line_height":{"unit":"em","size":"1.1","sizes":[]},"align_tablet":"center","typography_font_size_tablet":{"unit":"em","size":"4","sizes":[]},"typography_font_size_mobile":{"unit":"em","size":"3","sizes":[]},"typography_letter_spacing_tablet":{"unit":"px","size":"0","sizes":[]}},"elements":[],"isInner":false,"widgetType":"heading","elType":"widget"},{"id":"757602eb","settings":{"title":"Quis m iucunda exaudire si claram angeum dis netus nec hac scomata si usus optio liber contumeliam nibh enim.\u200b","title_color":"#7A7A7A","typography_typography":"custom","typography_font_family":"Questrial","typography_font_size":{"unit":"em","size":"1.2","sizes":[]},"typography_font_weight":"700","typography_line_height":{"unit":"em","size":"1.7","sizes":[]},"typography_letter_spacing":{"unit":"px","size":"0","sizes":[]},"_padding":{"unit":"em","top":"0","right":"0","bottom":"0.4","left":"0","isLinked":""},"align":"center","header_size":"h4","align_tablet":"center"},"elements":[],"isInner":false,"widgetType":"heading","elType":"widget"}],"isInner":"1","elType":"column"}],"isInner":"1","elType":"section"},{"id":"6af73d85","settings":{"content_width":{"unit":"px","size":"900","sizes":[]},"padding":{"unit":"em","top":"2.2","right":"0","bottom":"1","left":"0","isLinked":""}},"elements":[{"id":"68c95e89","settings":{"_column_size":"100"},"elements":[{"id":"5cdf657f","settings":{"text":"Sign up now &amp; get 10% off","align":"center","icon_align":"right","icon_indent":{"unit":"px","size":"11","sizes":[]},"typography_typography":"custom","typography_font_family":"Questrial","typography_font_size":{"unit":"em","size":"1.16","sizes":[]},"typography_font_weight":"700","typography_line_height":{"unit":"em","size":"1.7","sizes":[]},"button_text_color":"#1B1A1A","background_color":"#ECD590","border_radius":{"unit":"px","top":"100","right":"100","bottom":"100","left":"100","isLinked":"1"},"text_padding":{"unit":"em","top":"1","right":"3","bottom":"1","left":"3","isLinked":""},"_margin":{"unit":"px","top":"0","right":"0","bottom":"0","left":"0","isLinked":""},"_z_index":"99","align_mobile":"justify","typography_font_size_mobile":{"unit":"em","size":"0.9","sizes":[]},"text_padding_mobile":{"unit":"em","top":"1","right":"1","bottom":"1","left":"1","isLinked":""},"typography_letter_spacing":{"unit":"px","size":"0","sizes":[]},"_padding":{"unit":"em","top":"0","right":"0","bottom":"0","left":"0","isLinked":""}},"elements":[],"isInner":false,"widgetType":"button","elType":"widget"},{"id":"135e47a0","settings":{"social_icon_list":[{"social_icon":{"value":"fab fa-facebook","library":"fa-brands"},"_id":"c730b36","link":{"url":"","is_external":"true","nofollow":""},"item_icon_color":"default","item_icon_primary_color":"","item_icon_secondary_color":""},{"social_icon":{"value":"fab fa-twitter","library":"fa-brands"},"_id":"b7b37d7","link":{"url":"","is_external":"true","nofollow":""},"item_icon_color":"default","item_icon_primary_color":"","item_icon_secondary_color":""},{"social_icon":{"value":"fab fa-spotify","library":"fa-brands"},"_id":"7266c6b","link":{"url":"","is_external":"true","nofollow":""},"item_icon_color":"default","item_icon_primary_color":"","item_icon_secondary_color":""},{"social_icon":{"value":"fab fa-medium","library":"fa-brands"},"_id":"3b43f1f","link":{"url":"","is_external":"true","nofollow":""},"item_icon_color":"default","item_icon_primary_color":"","item_icon_secondary_color":""}],"icon_color":"custom","icon_primary_color":"rgba(255,255,255,0.09)","icon_secondary_color":"#ffffff","icon_size":{"unit":"px","size":"17","sizes":[]},"icon_padding":{"unit":"em","size":"0.8","sizes":[]},"icon_spacing":{"unit":"px","size":"7","sizes":[]},"border_radius":{"unit":"px","top":"100","right":"100","bottom":"100","left":"100","isLinked":"1"},"_padding":{"unit":"em","top":"0","right":"0","bottom":"0","left":"0","isLinked":""},"hover_primary_color":"#ffffff","hover_secondary_color":"#212121"},"elements":[],"isInner":false,"widgetType":"social-icons","elType":"widget"}],"isInner":"1","elType":"column"}],"isInner":"1","elType":"section"},{"id":"97d0967","settings":{"content_width":{"unit":"px","size":"673","sizes":[]},"padding":{"unit":"em","top":"3","right":"0","bottom":"0.25","left":"0","isLinked":""}},"elements":[{"id":"14742b42","settings":{"_column_size":"100","align":"center","space_between_widgets":"10"},"elements":[{"id":"75464820","settings":{"title":"Endorsed by some of the world\u2019s leading music companies!","align":"center","title_color":"#ECD590","typography_typography":"custom","typography_font_family":"Questrial","typography_font_size":{"unit":"em","size":"1.2","sizes":[]},"typography_font_weight":"700","typography_letter_spacing":{"unit":"px","size":"0.4","sizes":[]},"_padding":{"unit":"em","top":"0","right":"1","bottom":"0","left":"0","isLinked":""},"typography_line_height":{"unit":"em","size":"1.7","sizes":[]},"align_tablet":"center","_padding_tablet":{"unit":"em","top":"1","right":"0","bottom":"0.5","left":"0","isLinked":""},"_element_width":"auto","_element_width_tablet":"inherit","_element_vertical_align":"center"},"elements":[],"isInner":false,"widgetType":"heading","elType":"widget"}],"isInner":"1","elType":"column"}],"isInner":"1","elType":"section"},{"id":"18aea9f2","settings":{"content_width":{"unit":"px","size":"1070","sizes":[]},"structure":"50","padding":{"unit":"em","top":"0","right":"0","bottom":"0","left":"0","isLinked":""},"margin":{"unit":"px","top":"0","right":"0","bottom":"0","left":"0","isLinked":""},"gap":"wider"},"elements":[{"id":"44c67b9b","settings":{"_column_size":"20","_inline_size_mobile":"50","align":"center"},"elements":[{"id":"1beab58f","settings":{"image":{"id":"224","url":"http:\/\/sitefacilitado.com.br\/wp-content\/uploads\/2020\/02\/client-light-02.png"},"image_size":"custom","image_custom_dimension":{"width":"100","height":"100"},"opacity_hover":{"unit":"px","size":"1","sizes":[]},"background_hover_transition":{"unit":"px","size":"0.35","sizes":[]},"hover_animation":"grow","_element_width":"auto","link_to":"custom","link":{"url":"#","is_external":"","nofollow":""},"opacity":{"unit":"px","size":"1","sizes":[]}},"elements":[],"isInner":false,"widgetType":"image","elType":"widget"}],"isInner":"1","elType":"column"},{"id":"48210898","settings":{"_column_size":"20","_inline_size_mobile":"50","align":"center"},"elements":[{"id":"523211f","settings":{"image":{"id":"225","url":"http:\/\/sitefacilitado.com.br\/wp-content\/uploads\/2020\/02\/client05.png"},"image_size":"custom","image_custom_dimension":{"width":"100","height":"100"},"opacity_hover":{"unit":"px","size":"1","sizes":[]},"background_hover_transition":{"unit":"px","size":"0.35","sizes":[]},"hover_animation":"grow","_element_width":"auto","link_to":"custom","link":{"url":"#","is_external":"","nofollow":""},"opacity":{"unit":"px","size":"1","sizes":[]}},"elements":[],"isInner":false,"widgetType":"image","elType":"widget"}],"isInner":"1","elType":"column"},{"id":"21348807","settings":{"_column_size":"20","_inline_size_mobile":"33.333","align":"center"},"elements":[{"id":"7a31293b","settings":{"image":{"id":"226","url":"http:\/\/sitefacilitado.com.br\/wp-content\/uploads\/2020\/02\/client-light-01.png"},"image_size":"custom","image_custom_dimension":{"width":"100","height":"100"},"opacity_hover":{"unit":"px","size":"1","sizes":[]},"background_hover_transition":{"unit":"px","size":"0.35","sizes":[]},"hover_animation":"grow","_element_width":"auto","link_to":"custom","link":{"url":"#","is_external":"","nofollow":""},"opacity":{"unit":"px","size":"1","sizes":[]}},"elements":[],"isInner":false,"widgetType":"image","elType":"widget"}],"isInner":"1","elType":"column"},{"id":"3c66d117","settings":{"_column_size":"20","_inline_size_mobile":"33.333","align":"center","space_between_widgets":"4"},"elements":[{"id":"10473109","settings":{"image":{"id":"227","url":"http:\/\/sitefacilitado.com.br\/wp-content\/uploads\/2020\/02\/client-light-03.png"},"image_size":"custom","image_custom_dimension":{"width":"100","height":"100"},"opacity_hover":{"unit":"px","size":"1","sizes":[]},"background_hover_transition":{"unit":"px","size":"0.35","sizes":[]},"hover_animation":"grow","_element_width":"auto","link_to":"custom","link":{"url":"#","is_external":"","nofollow":""},"opacity":{"unit":"px","size":"1","sizes":[]}},"elements":[],"isInner":false,"widgetType":"image","elType":"widget"}],"isInner":"1","elType":"column"},{"id":"6ae26f64","settings":{"_column_size":"20","_inline_size_mobile":"33.333","align":"center"},"elements":[{"id":"7a6c915a","settings":{"image":{"id":"228","url":"http:\/\/sitefacilitado.com.br\/wp-content\/uploads\/2020\/02\/client-light-066.png"},"image_size":"custom","image_custom_dimension":{"width":"100","height":"100"},"opacity_hover":{"unit":"px","size":"1","sizes":[]},"background_hover_transition":{"unit":"px","size":"0.35","sizes":[]},"hover_animation":"grow","_element_width":"auto","link_to":"custom","link":{"url":"#","is_external":"","nofollow":""},"opacity":{"unit":"px","size":"1","sizes":[]}},"elements":[],"isInner":false,"widgetType":"image","elType":"widget"}],"isInner":"1","elType":"column"}],"isInner":"1","elType":"section"}],"isInner":"","elType":"column"}],"isInner":"","elType":"section"}]}