{"version":"0.4","title":"Guitar 15","type":"page","content":[{"id":"3e1ca5de","settings":{"content_width":{"unit":"px","size":"1300","sizes":[]},"background_background":"classic","background_color":"#1b1a1a","padding":{"unit":"em","top":"0","right":"9","bottom":"0","left":"9","isLinked":""},"height":"min-height","custom_height":{"unit":"vh","size":"100","sizes":[]},"custom_height_tablet":{"unit":"vh","size":"100","sizes":[]},"custom_height_mobile":{"unit":"vh","size":"100","sizes":[]},"padding_tablet":{"unit":"em","top":"0","right":"3","bottom":"0","left":"3","isLinked":""},"padding_mobile":{"unit":"em","top":"0","right":"0","bottom":"0","left":"0","isLinked":""}},"elements":[{"id":"74a936b0","settings":{"_column_size":"100","margin":{"unit":"px","top":"0","right":"0","bottom":"0","left":"72","isLinked":""}},"elements":[{"id":"5738c67b","settings":{"height_inner":"min-height","custom_height_inner":{"unit":"px","size":"580","sizes":[]},"content_position":"middle","background_background":"classic","background_position":"initial","background_repeat":"no-repeat","background_size":"cover","background_overlay_color":"rgba(35, 35, 35, 0)","background_overlay_opacity":{"unit":"px","size":"0.69","sizes":[]},"structure":"20","background_overlay_background":"classic","layout":"full_width","padding_tablet":{"unit":"em","top":"5","right":"0","bottom":"5","left":"0","isLinked":""},"gap":"no","custom_height_inner_tablet":{"unit":"px","size":"500","sizes":[]},"background_color":"#1B1A1A","background_xpos":{"unit":"px","size":"140","sizes":[]},"background_overlay_image":{"url":"http:\/\/sitefacilitado.com.br\/wp-content\/uploads\/2020\/02\/close-up-of-guitar-258288.jpg","id":"232"},"background_overlay_position":"initial","background_overlay_xpos":{"unit":"px","size":"140","sizes":[]},"background_overlay_repeat":"no-repeat","background_overlay_size":"cover","css_filters_css_filter":"custom","css_filters_brightness":{"unit":"px","size":"105","sizes":[]},"css_filters_contrast":{"unit":"px","size":"95","sizes":[]},"padding":{"unit":"em","top":"3","right":"1","bottom":"5","left":"1","isLinked":""}},"elements":[{"id":"12098794","settings":{"_column_size":"50","_inline_size":"60.175","space_between_widgets":"0","margin":{"unit":"px","top":"0","right":"0","bottom":"0","left":"-90","isLinked":""},"_inline_size_tablet":"100","margin_tablet":{"unit":"px","top":"0","right":"0","bottom":"0","left":"0","isLinked":""},"padding_tablet":{"unit":"em","top":"0","right":"2","bottom":"0","left":"2","isLinked":""},"padding_mobile":{"unit":"em","top":"0","right":"0","bottom":"0","left":"0","isLinked":""}},"elements":[{"id":"2f6fff2f","settings":{"title":"Coming Soon","header_size":"h3","align":"left","title_color":"#7A7A7A","typography_typography":"custom","typography_font_family":"Questrial","typography_font_size":{"unit":"em","size":"1.4","sizes":[]},"typography_font_weight":"700","typography_line_height":{"unit":"em","size":"1.7","sizes":[]},"typography_letter_spacing":{"unit":"px","size":"0","sizes":[]},"_padding":{"unit":"em","top":"0","right":"0","bottom":"0","left":"0","isLinked":"1"},"align_tablet":"center","typography_letter_spacing_tablet":{"unit":"px","size":"0","sizes":[]}},"elements":[],"isInner":false,"widgetType":"heading","elType":"widget"},{"id":"744f7319","settings":{"width":{"unit":"px","size":"26","sizes":[]},"align":"left","text":"Divider","color":"#353535","_padding":{"unit":"em","top":"0","right":"0","bottom":"2","left":"0","isLinked":""},"align_tablet":"center"},"elements":[],"isInner":false,"widgetType":"divider","elType":"widget"},{"id":"2c6463bb","settings":{"title":"The New Website Is On Its Way.","header_size":"h1","align":"left","title_color":"#ffffff","typography_typography":"custom","typography_font_family":"Questrial","typography_font_size":{"unit":"em","size":"5.9","sizes":[]},"typography_font_weight":"700","_padding":{"unit":"em","top":"0","right":"0","bottom":"2","left":"0","isLinked":""},"typography_line_height":{"unit":"em","size":"1.16","sizes":[]},"_margin":{"unit":"px","top":"0","right":"-180","bottom":"0","left":"0","isLinked":""},"align_tablet":"center","typography_font_size_tablet":{"unit":"em","size":"4","sizes":[]},"typography_font_size_mobile":{"unit":"em","size":"3","sizes":[]},"typography_letter_spacing_tablet":{"unit":"px","size":"0","sizes":[]},"_margin_tablet":{"unit":"px","top":"0","right":"0","bottom":"0","left":"0","isLinked":""},"typography_letter_spacing":{"unit":"px","size":"-0.4","sizes":[]}},"elements":[],"isInner":false,"widgetType":"heading","elType":"widget"},{"id":"63e1cc9","settings":{"editor":"<p><span style=\"font-size: 17.6px\">Sign up to be the first to know when we lunch.<br \/>Until then, follow me on social media:<\/span><\/p>","align":"left","text_color":"rgba(255,255,255,0.64)","typography_typography":"custom","typography_font_family":"Questrial","typography_font_size":{"unit":"em","size":"1.1","sizes":[]},"typography_font_weight":"700","typography_line_height":{"unit":"em","size":"1.7","sizes":[]},"_padding":{"unit":"em","top":"0","right":"0","bottom":"0","left":"0","isLinked":""},"align_tablet":"center"},"elements":[],"isInner":false,"widgetType":"text-editor","elType":"widget"},{"id":"763de31a","settings":{"social_icon_list":[{"social_icon":{"value":"fab fa-facebook","library":"fa-brands"},"_id":"c730b36","link":{"url":"","is_external":"true","nofollow":""},"item_icon_color":"default","item_icon_primary_color":"","item_icon_secondary_color":""},{"social_icon":{"value":"fab fa-twitter","library":"fa-brands"},"_id":"b7b37d7","link":{"url":"","is_external":"true","nofollow":""},"item_icon_color":"default","item_icon_primary_color":"","item_icon_secondary_color":""},{"social_icon":{"value":"fab fa-instagram","library":"fa-brands"},"_id":"ce99ed7","link":{"url":"","is_external":"true","nofollow":""},"item_icon_color":"default","item_icon_primary_color":"","item_icon_secondary_color":""},{"social_icon":{"value":"fab fa-spotify","library":"fa-brands"},"_id":"7266c6b","link":{"url":"","is_external":"true","nofollow":""},"item_icon_color":"default","item_icon_primary_color":"","item_icon_secondary_color":""},{"social_icon":{"value":"fab fa-medium","library":"fa-brands"},"_id":"3b43f1f","link":{"url":"","is_external":"true","nofollow":""},"item_icon_color":"default","item_icon_primary_color":"","item_icon_secondary_color":""}],"icon_color":"custom","icon_primary_color":"#2B2929","icon_secondary_color":"#ECD590","icon_size":{"unit":"px","size":"19","sizes":[]},"icon_padding":{"unit":"em","size":"0.8","sizes":[]},"icon_spacing":{"unit":"px","size":"10","sizes":[]},"border_radius":{"unit":"px","top":"100","right":"100","bottom":"100","left":"100","isLinked":"1"},"_padding":{"unit":"em","top":"2","right":"0","bottom":"0","left":"0","isLinked":""},"align":"left","align_tablet":"center","icon_size_mobile":{"unit":"px","size":"16","sizes":[]}},"elements":[],"isInner":false,"widgetType":"social-icons","elType":"widget"}],"isInner":"1","elType":"column"},{"id":"4310102e","settings":{"_column_size":"50","_inline_size":"39.825","_inline_size_tablet":"100","padding":{"unit":"em","top":"","right":"","bottom":"","left":"","isLinked":"1"}},"elements":[{"id":"71ca4259","settings":{"text":"Notify Me","align":"right","icon_align":"right","icon_indent":{"unit":"px","size":"11","sizes":[]},"typography_typography":"custom","typography_font_family":"Questrial","typography_font_size":{"unit":"em","size":"1.06","sizes":[]},"typography_font_weight":"700","typography_line_height":{"unit":"em","size":"1.7","sizes":[]},"button_text_color":"#1B1A1A","background_color":"#ECD590","border_radius":{"unit":"px","top":"100","right":"100","bottom":"100","left":"100","isLinked":"1"},"text_padding":{"unit":"em","top":"1","right":"6","bottom":"1","left":"6","isLinked":""},"_margin":{"unit":"px","top":"0","right":"0","bottom":"0","left":"0","isLinked":""},"_z_index":"99","selected_icon":{"value":"fas fa-arrow-right","library":"fa-solid"},"_padding":{"unit":"em","top":"0","right":"4","bottom":"0","left":"0","isLinked":""},"align_tablet":"center","text_padding_mobile":{"unit":"em","top":"1","right":"4","bottom":"1","left":"4","isLinked":""},"_padding_tablet":{"unit":"em","top":"3","right":"0","bottom":"0","left":"0","isLinked":""}},"elements":[],"isInner":false,"widgetType":"button","elType":"widget"}],"isInner":"1","elType":"column"}],"isInner":"1","elType":"section"}],"isInner":"","elType":"column"}],"isInner":"","elType":"section"}]}