{"content":[{"id":"686cc006","settings":{"content_width":{"unit":"px","size":"980"},"background_background":"classic","background_image":{"id":"3913","url":"https:\/\/cliente.shazamlnv.com\/setasolar\/wp-content\/uploads\/2022\/04\/funfact-1.jpg"},"background_position":"bottom center","background_size":"cover","shape_divider_bottom":"arrow","shape_divider_bottom_color":"#ffffff","shape_divider_bottom_width":{"unit":"%","size":"300"},"shape_divider_bottom_width_mobile":{"unit":"%","size":"600"},"shape_divider_bottom_height":{"unit":"px","size":"15"},"shape_divider_bottom_flip":"yes","padding":{"unit":"px","top":"90","right":"0","bottom":"90","left":"0","isLinked":false},"padding_tablet":{"unit":"px","top":"50","right":"30","bottom":"50","left":"30","isLinked":false},"padding_mobile":{"unit":"px","top":"20","right":"20","bottom":"40","left":"20","isLinked":false},"background_overlay_background":"classic","background_overlay_color":"#0020b2","background_overlay_color_b":"rgba(131,73,121,0)","background_overlay_gradient_angle":{"unit":"deg","size":360},"background_overlay_opacity":{"unit":"px","size":0.520000000000000017763568394002504646778106689453125}},"elements":[{"id":"c9e31b","settings":{"_column_size":100,"_inline_size":null,"background_background":"classic","background_color":"rgba(255,255,255,0.92)","box_shadow_box_shadow_type":"yes","box_shadow_box_shadow":{"horizontal":0,"vertical":0,"blur":"30","spread":0,"inset":"","color":"rgba(0,0,0,0.22)"},"margin":{"unit":"%","top":"0","right":"55","bottom":"0","left":"0","isLinked":false},"margin_tablet":{"unit":"%","top":"0","right":"50","bottom":"0","left":"0","isLinked":false},"margin_mobile":{"unit":"px","top":"0","right":"0","bottom":"0","left":"0","isLinked":true},"padding":{"unit":"px","top":"65","right":"45","bottom":"65","left":"45","isLinked":false},"padding_mobile":{"unit":"px","top":"25","right":"25","bottom":"25","left":"25","isLinked":true},"animation":"fadeIn"},"elements":[{"id":"70a221ef","settings":{"title":"Fresh Home in Duplex aqua","align_mobile":"center","title_color":"#24031e","typography_typography":"custom","typography_font_size":{"unit":"px","size":36},"typography_font_weight":"500","_animation":"fadeIn"},"elements":[],"isInner":false,"widgetType":"heading","elType":"widget"},{"id":"47e7c0a0","settings":{"editor":"<p>I am text block. Click edit button to change this text. Lorem ipsum dolor sit ullamcorper mattis, pulvinar dapibus leo.<\/p>","align_mobile":"center","typography_typography":"custom","typography_font_family":"Roboto","typography_font_weight":"400"},"elements":[],"isInner":false,"widgetType":"text-editor","elType":"widget"},{"id":"5a070274","settings":{"title":"$14,300","header_size":"h4","align_mobile":"center","title_color":"#f7657d","typography_typography":"custom","typography_font_size":{"unit":"px","size":53},"typography_font_family":"Roboto","typography_font_weight":"700","_padding":{"unit":"px","top":"0","right":"0","bottom":"20","left":"0","isLinked":false}},"elements":[],"isInner":false,"widgetType":"heading","elType":"widget"},{"id":"59dae0b0","settings":{"text":"Contact Us","align":"justify","size":"lg","typography_typography":"custom","typography_font_weight":"700","typography_text_transform":"uppercase","typography_letter_spacing":{"unit":"px","size":5.4000000000000003552713678800500929355621337890625},"background_color":"#4054b2","button_background_hover_color":"#84c12e","icon":"fa fa-mail-forward","typography_font_size_mobile":{"unit":"px","size":15},"selected_icon":{"value":"fas fa-share","library":"fa-solid"}},"elements":[],"isInner":false,"widgetType":"button","elType":"widget"}],"isInner":false,"elType":"column"}],"isInner":false,"elType":"section"},{"id":"7eb43745","settings":{"content_width":{"unit":"px","size":"980"},"content_position":"middle","structure":"20","padding":{"unit":"px","top":"70","right":"0","bottom":"90","left":"0","isLinked":false},"padding_tablet":{"unit":"px","top":"30","right":"30","bottom":"30","left":"30","isLinked":true}},"elements":[{"id":"cd74ed4","settings":{"_column_size":50,"_inline_size":null,"padding":{"unit":"px","top":"0","right":"0","bottom":"0","left":"0","isLinked":false}},"elements":[{"id":"77a470e2","settings":{"link":"https:\/\/www.youtube.com\/watch?v=FmqUjkL62jg","vimeo_link":"https:\/\/vimeo.com\/170933924","yt_showinfo":"","_padding_mobile":{"unit":"px","top":"0","right":"0","bottom":"20","left":"0","isLinked":false},"show_image_overlay":"yes","image_overlay":{"id":"3914","url":"https:\/\/cliente.shazamlnv.com\/setasolar\/wp-content\/uploads\/2022\/04\/gallery_2.jpg"},"youtube_url":"https:\/\/www.youtube.com\/watch?v=FmqUjkL62jg","vimeo_url":"https:\/\/vimeo.com\/235215203","dailymotion_url":"https:\/\/www.dailymotion.com\/video\/x6koazf"},"elements":[],"isInner":false,"widgetType":"video","elType":"widget"}],"isInner":false,"elType":"column"},{"id":"71ab82dc","settings":{"_column_size":50,"_inline_size":null,"padding":{"unit":"px","top":"0","right":"0","bottom":"0","left":"80","isLinked":false},"padding_mobile":{"unit":"px","top":"0","right":"0","bottom":"0","left":"0","isLinked":true}},"elements":[{"id":"66b6018","settings":{"icon":"fa fa-video-camera","align":"left","primary_color":"rgba(247,101,125,0.15)","size":{"unit":"px","size":95},"_margin":{"unit":"px","top":"0","right":"0","bottom":"-83","left":"0","isLinked":false}},"elements":[],"isInner":false,"widgetType":"icon","elType":"widget"},{"id":"20637cd2","settings":{"title":"Our Featured Video","header_size":"h3","align_mobile":"center","title_color":"#4054b2","typography_typography":"custom","typography_font_size":{"unit":"px","size":38},"typography_font_weight":"500"},"elements":[],"isInner":false,"widgetType":"heading","elType":"widget"},{"id":"651b6e67","settings":{"editor":"<p>I am text block. Click edit button to change this text. Lorem ipsum dolor sit amet, consectetur adipiscing elit. Ut elit tellus, luctus nec ullamcorper mattis, pulvinar dapibus leo.<\/p>","align_mobile":"center","typography_typography":"custom"},"elements":[],"isInner":false,"widgetType":"text-editor","elType":"widget"}],"isInner":false,"elType":"column"}],"isInner":false,"elType":"section"},{"id":"7f62bb46","settings":{"section_layout":"","section_background":"","background_background":"classic","background_color":"#f5f5f5","background_overlay_title":"","section_border":"","box_shadow_box_shadow":{"horizontal":0,"vertical":0,"blur":10,"spread":0,"inset":"","color":"rgba(0,0,0,0.5)"},"section_typo":"","section_advanced":"","padding":{"unit":"px","top":"80","right":"0","bottom":"80","left":"0","isLinked":false},"padding_tablet":{"unit":"px","top":"60","right":"30","bottom":"60","left":"30","isLinked":false},"padding_mobile":{"unit":"px","top":"30","right":"30","bottom":"30","left":"30","isLinked":true},"_section_responsive":"","heading_visibility":"","responsive_description":"","background_overlay_section":""},"elements":[{"id":"3eaaa08","settings":{"_column_size":100,"_inline_size":null,"section_style":"","box_shadow_box_shadow":{"horizontal":0,"vertical":0,"blur":10,"spread":0,"inset":"","color":"rgba(0,0,0,0.5)"},"section_typo":"","section_advanced":"","section_responsive":"","screen_xs":"default","screen_xs_width":"100"},"elements":[{"id":"456d02f","settings":{"section_title":"","title":"Our Featured Agents","link":{"is_external":"","url":""},"size":"large","align":"center","section_title_style":"","title_color":"#602e0c","typography_typography":"custom","typography_font_size":{"unit":"px","size":43},"_section_style":"","_padding":{"unit":"px","top":"0","right":"0","bottom":"50","left":"0","isLinked":false},"_section_background":"","_box_shadow_box_shadow":{"horizontal":0,"vertical":0,"blur":10,"spread":0,"inset":"","color":"rgba(0,0,0,0.5)"},"_section_responsive":"","responsive_description":"","typography_font_size_mobile":{"unit":"px","size":"33"},"typography_line_height_tablet":{"unit":"em","size":""},"typography_line_height_mobile":{"unit":"em","size":""},"_padding_tablet":{"unit":"px","top":"0","right":"0","bottom":"0","left":"0","isLinked":true},"_padding_mobile":{"unit":"px","top":"0","right":"0","bottom":"0","left":"0","isLinked":true},"typography_font_weight":"500"},"elements":[],"isInner":false,"widgetType":"heading","elType":"widget"},{"id":"548ef58c","settings":{"section_layout":"","content_width":{"unit":"px","size":"960"},"structure":"20","section_background":"","background_overlay_title":"","section_border":"","box_shadow_box_shadow":{"horizontal":0,"vertical":0,"blur":10,"spread":0,"inset":"","color":"rgba(0,0,0,0.5)"},"section_typo":"","section_advanced":"","padding":{"unit":"px","top":"00","right":"0","bottom":"30","left":"0","isLinked":false},"_section_responsive":"","reverse_order_mobile":"reverse-mobile","heading_visibility":"","responsive_description":"","background_overlay_section":""},"elements":[{"id":"1a39ae4d","settings":{"_column_size":50,"_inline_size":39.582999999999998408384271897375583648681640625,"section_style":"","box_shadow_box_shadow":{"horizontal":0,"vertical":0,"blur":10,"spread":0,"inset":"","color":"rgba(0,0,0,0.5)"},"section_typo":"","section_advanced":"","section_responsive":"","screen_xs":"default","screen_xs_width":"100","padding":{"unit":"px","top":"40","right":"0","bottom":"0","left":"0","isLinked":false}},"elements":[{"id":"7b1ec84e","settings":{"section_title":"","title":"Maxwell Zeneth","link":{"is_external":"","url":""},"size":"large","align_mobile":"center","section_title_style":"","title_color":"#602e0c","typography_typography":"custom","typography_font_size_tablet":{"unit":"px","size":"25"},"typography_font_size_mobile":{"unit":"px","size":"25"},"typography_font_weight":"500","typography_text_transform":"capitalize","typography_line_height_tablet":{"unit":"em","size":""},"typography_line_height_mobile":{"unit":"em","size":""},"typography_letter_spacing":{"unit":"px","size":2.600000000000000088817841970012523233890533447265625},"_section_style":"","_padding_mobile":{"unit":"px","top":"25","right":"0","bottom":"0","left":"0","isLinked":false},"_section_background":"","_box_shadow_box_shadow":{"horizontal":0,"vertical":0,"blur":10,"spread":0,"inset":"","color":"rgba(0,0,0,0.5)"},"_section_responsive":"","responsive_description":"","header_size":"h4"},"elements":[],"isInner":false,"widgetType":"heading","elType":"widget"},{"id":"53879093","settings":{"section_editor":"","editor":"<p>Far far away, behind the word mountains, far from the countries Vokalia and Consonantia, there live the blind texts. Separated they live in Bookmarksgrove right at the coast of the Semantics, a large language ocean. A small river named Duden flows by their place and supplies it with the necessary regelialia. It is a paradisematic country, in which roasted parts of sentences<\/p>","section_style":"","align_mobile":"center","typography_typography":"custom","typography_font_size":{"unit":"px","size":"17"},"typography_font_size_tablet":{"unit":"px","size":"15"},"typography_font_weight":"300","typography_line_height":{"unit":"em","size":1.6999999999999999555910790149937383830547332763671875},"typography_line_height_tablet":{"unit":"em","size":""},"typography_line_height_mobile":{"unit":"em","size":""},"_section_style":"","_padding":{"unit":"px","top":"0","right":"0","bottom":"5","left":"0","isLinked":false},"_section_background":"","_box_shadow_box_shadow":{"horizontal":0,"vertical":0,"blur":10,"spread":0,"inset":"","color":"rgba(0,0,0,0.5)"},"_section_responsive":"","responsive_description":""},"elements":[],"isInner":false,"widgetType":"text-editor","elType":"widget"},{"id":"10ec9db9","settings":{"section_social_icon":"","social_icon_list":[{"social":"fa fa-facebook","_id":"dccb4e5"},{"social":"fa fa-twitter","_id":"a3771b8"},{"social":"fa fa-google-plus","_id":"5358dd2"},{"social":"fa fa-linkedin","_id":"b09e6dd"}],"shape":"square","align":"left","align_mobile":"center","section_social_style":"","icon_primary_color":"rgba(153,134,117,0.35)","icon_size":{"unit":"px","size":"17"},"icon_padding":{"unit":"em","size":"1"},"_section_style":"","_section_background":"","_box_shadow_box_shadow":{"horizontal":0,"vertical":0,"blur":10,"spread":0,"inset":"","color":"rgba(0,0,0,0.5)"},"_section_responsive":"","responsive_description":""},"elements":[],"isInner":false,"widgetType":"social-icons","elType":"widget"}],"isInner":true,"elType":"column"},{"id":"6a6fce97","settings":{"_column_size":50,"_inline_size":60.41599999999999681676854379475116729736328125,"section_style":"","box_shadow_box_shadow":{"horizontal":0,"vertical":0,"blur":10,"spread":0,"inset":"","color":"rgba(0,0,0,0.5)"},"section_typo":"","section_advanced":"","section_responsive":"","screen_xs":"default","screen_xs_width":"100"},"elements":[{"id":"6a3804bb","settings":{"section_image":"","image":{"id":"3915","url":"https:\/\/cliente.shazamlnv.com\/setasolar\/wp-content\/uploads\/2022\/04\/agent_3.jpg"},"align":"right","align_tablet":"center","align_mobile":"center","link":{"is_external":"","url":""},"section_style_image":"","image_box_shadow_box_shadow":{"horizontal":0,"vertical":0,"blur":10,"spread":0,"inset":"","color":"rgba(0,0,0,0.5)"},"section_style_caption":"","caption_typography_line_height_tablet":{"unit":"em","size":""},"caption_typography_line_height_mobile":{"unit":"em","size":""},"_section_style":"","_section_background":"","_box_shadow_box_shadow":{"horizontal":0,"vertical":0,"blur":10,"spread":0,"inset":"","color":"rgba(0,0,0,0.5)"},"_section_responsive":"","responsive_description":""},"elements":[],"isInner":false,"widgetType":"image","elType":"widget"}],"isInner":true,"elType":"column"}],"isInner":true,"elType":"section"},{"id":"631fd3dc","settings":{"section_layout":"","content_width":{"unit":"px","size":"960"},"structure":"20","section_background":"","background_overlay_title":"","section_border":"","box_shadow_box_shadow":{"horizontal":0,"vertical":0,"blur":10,"spread":0,"inset":"","color":"rgba(0,0,0,0.5)"},"section_typo":"","section_advanced":"","padding":{"unit":"px","top":"30","right":"0","bottom":"30","left":"0","isLinked":false},"_section_responsive":"","heading_visibility":"","responsive_description":"","background_overlay_section":""},"elements":[{"id":"531679cb","settings":{"_column_size":50,"_inline_size":60.1039999999999992041921359486877918243408203125,"section_style":"","box_shadow_box_shadow":{"horizontal":0,"vertical":0,"blur":10,"spread":0,"inset":"","color":"rgba(0,0,0,0.5)"},"section_typo":"","section_advanced":"","section_responsive":"","screen_xs":"default","screen_xs_width":"100"},"elements":[{"id":"6f5ca2e9","settings":{"section_image":"","image":{"id":"3916","url":"https:\/\/cliente.shazamlnv.com\/setasolar\/wp-content\/uploads\/2022\/04\/agent_2.jpg"},"align":"left","align_tablet":"center","align_mobile":"center","link":{"is_external":"","url":""},"section_style_image":"","image_box_shadow_box_shadow":{"horizontal":0,"vertical":0,"blur":10,"spread":0,"inset":"","color":"rgba(0,0,0,0.5)"},"section_style_caption":"","caption_typography_line_height_tablet":{"unit":"em","size":""},"caption_typography_line_height_mobile":{"unit":"em","size":""},"_section_style":"","_section_background":"","_box_shadow_box_shadow":{"horizontal":0,"vertical":0,"blur":10,"spread":0,"inset":"","color":"rgba(0,0,0,0.5)"},"_section_responsive":"","responsive_description":""},"elements":[],"isInner":false,"widgetType":"image","elType":"widget"}],"isInner":true,"elType":"column"},{"id":"6b41f032","settings":{"_column_size":50,"_inline_size":39.89500000000000312638803734444081783294677734375,"section_style":"","box_shadow_box_shadow":{"horizontal":0,"vertical":0,"blur":10,"spread":0,"inset":"","color":"rgba(0,0,0,0.5)"},"section_typo":"","section_advanced":"","section_responsive":"","screen_xs":"default","screen_xs_width":"100","padding":{"unit":"px","top":"40","right":"0","bottom":"0","left":"0","isLinked":false}},"elements":[{"id":"729e4a75","settings":{"section_title":"","title":"Edward Theodore","link":{"is_external":"","url":""},"size":"large","align_mobile":"center","section_title_style":"","title_color":"#602e0c","typography_typography":"custom","typography_font_size_tablet":{"unit":"px","size":"25"},"typography_font_size_mobile":{"unit":"px","size":"25"},"typography_font_weight":"500","typography_text_transform":"capitalize","typography_line_height_tablet":{"unit":"em","size":""},"typography_line_height_mobile":{"unit":"em","size":""},"typography_letter_spacing":{"unit":"px","size":2.600000000000000088817841970012523233890533447265625},"_section_style":"","_padding_mobile":{"unit":"px","top":"25","right":"0","bottom":"0","left":"0","isLinked":false},"_section_background":"","_box_shadow_box_shadow":{"horizontal":0,"vertical":0,"blur":10,"spread":0,"inset":"","color":"rgba(0,0,0,0.5)"},"_section_responsive":"","responsive_description":"","header_size":"h4"},"elements":[],"isInner":false,"widgetType":"heading","elType":"widget"},{"id":"6c7d3773","settings":{"section_editor":"","editor":"<p>Far far away, behind the word mountains, far from the countries Vokalia and Consonantia, there live the blind texts. Separated they live in Bookmarksgrove right at the coast of the Semantics, a large language ocean. A small river named Duden flows by their place and supplies it with the necessary regelialia. It is a paradisematic country, in which roasted parts of sentences\u00a0<\/p>","section_style":"","align_mobile":"center","typography_typography":"custom","typography_font_size":{"unit":"px","size":"17"},"typography_font_size_tablet":{"unit":"px","size":"15"},"typography_font_weight":"300","typography_line_height":{"unit":"em","size":1.6999999999999999555910790149937383830547332763671875},"typography_line_height_tablet":{"unit":"em","size":""},"typography_line_height_mobile":{"unit":"em","size":""},"_section_style":"","_padding":{"unit":"px","top":"0","right":"0","bottom":"5","left":"0","isLinked":false},"_section_background":"","_box_shadow_box_shadow":{"horizontal":0,"vertical":0,"blur":10,"spread":0,"inset":"","color":"rgba(0,0,0,0.5)"},"_section_responsive":"","responsive_description":""},"elements":[],"isInner":false,"widgetType":"text-editor","elType":"widget"},{"id":"79ab4c52","settings":{"section_social_icon":"","social_icon_list":[{"social":"fa fa-facebook","_id":"de0e56f"},{"social":"fa fa-twitter","_id":"51c1dfa"},{"social":"fa fa-google-plus","_id":"8e182b4"},{"social":"fa fa-linkedin","_id":"ef32fd6"}],"shape":"square","align":"left","align_mobile":"center","section_social_style":"","icon_primary_color":"rgba(153,134,117,0.35)","icon_size":{"unit":"px","size":"17"},"icon_padding":{"unit":"em","size":"1"},"_section_style":"","_section_background":"","_box_shadow_box_shadow":{"horizontal":0,"vertical":0,"blur":10,"spread":0,"inset":"","color":"rgba(0,0,0,0.5)"},"_section_responsive":"","responsive_description":""},"elements":[],"isInner":false,"widgetType":"social-icons","elType":"widget"}],"isInner":true,"elType":"column"}],"isInner":true,"elType":"section"},{"id":"6842a532","settings":{"section_layout":"","content_width":{"unit":"px","size":"960"},"structure":"20","section_background":"","background_overlay_title":"","section_border":"","box_shadow_box_shadow":{"horizontal":0,"vertical":0,"blur":10,"spread":0,"inset":"","color":"rgba(0,0,0,0.5)"},"section_typo":"","section_advanced":"","padding":{"unit":"px","top":"20","right":"0","bottom":"20","left":"0","isLinked":false},"_section_responsive":"","reverse_order_mobile":"reverse-mobile","heading_visibility":"","responsive_description":"","background_overlay_section":""},"elements":[{"id":"7e64f7d8","settings":{"_column_size":50,"_inline_size":39.6880000000000023874235921539366245269775390625,"section_style":"","box_shadow_box_shadow":{"horizontal":0,"vertical":0,"blur":10,"spread":0,"inset":"","color":"rgba(0,0,0,0.5)"},"section_typo":"","section_advanced":"","section_responsive":"","screen_xs":"default","screen_xs_width":"100","padding":{"unit":"px","top":"40","right":"0","bottom":"0","left":"0","isLinked":false}},"elements":[{"id":"7dc301ce","settings":{"section_title":"","title":"Lachlan Darcy","link":{"is_external":"","url":""},"size":"large","header_size":"h4","align_mobile":"center","section_title_style":"","title_color":"#602e0c","typography_typography":"custom","typography_font_size_tablet":{"unit":"px","size":"25"},"typography_font_size_mobile":{"unit":"px","size":"25"},"typography_font_weight":"500","typography_text_transform":"capitalize","typography_line_height_tablet":{"unit":"em","size":""},"typography_line_height_mobile":{"unit":"em","size":""},"typography_letter_spacing":{"unit":"px","size":2.600000000000000088817841970012523233890533447265625},"_section_style":"","_padding_mobile":{"unit":"px","top":"25","right":"0","bottom":"0","left":"0","isLinked":false},"_section_background":"","_box_shadow_box_shadow":{"horizontal":0,"vertical":0,"blur":10,"spread":0,"inset":"","color":"rgba(0,0,0,0.5)"},"_section_responsive":"","responsive_description":""},"elements":[],"isInner":false,"widgetType":"heading","elType":"widget"},{"id":"65ce529","settings":{"section_editor":"","editor":"<p>Far far away, behind the word mountains, far from the countries Vokalia and Consonantia, there live the blind texts. Separated they live in Bookmarksgrove right at the coast of the Semantics, a large language ocean. A small river named Duden flows by their place and supplies it with the necessary regelialia. It is a paradisematic country, in which roasted parts of sentences&nbsp;<\/p>","section_style":"","align_mobile":"center","typography_typography":"custom","typography_font_size":{"unit":"px","size":"17"},"typography_font_size_tablet":{"unit":"px","size":"15"},"typography_font_weight":"300","typography_line_height":{"unit":"em","size":1.6999999999999999555910790149937383830547332763671875},"typography_line_height_tablet":{"unit":"em","size":""},"typography_line_height_mobile":{"unit":"em","size":""},"_section_style":"","_padding":{"unit":"px","top":"0","right":"0","bottom":"5","left":"0","isLinked":false},"_section_background":"","_box_shadow_box_shadow":{"horizontal":0,"vertical":0,"blur":10,"spread":0,"inset":"","color":"rgba(0,0,0,0.5)"},"_section_responsive":"","responsive_description":""},"elements":[],"isInner":false,"widgetType":"text-editor","elType":"widget"},{"id":"6ec47ef9","settings":{"section_social_icon":"","social_icon_list":[{"social":"fa fa-facebook","_id":"347ca42"},{"social":"fa fa-twitter","_id":"9d99fd0"},{"social":"fa fa-google-plus","_id":"1ac6175"},{"social":"fa fa-linkedin","_id":"e3c190b"}],"shape":"square","align":"left","align_mobile":"center","section_social_style":"","icon_primary_color":"rgba(153,134,117,0.35)","icon_size":{"unit":"px","size":"17"},"icon_padding":{"unit":"em","size":"1"},"_section_style":"","_section_background":"","_box_shadow_box_shadow":{"horizontal":0,"vertical":0,"blur":10,"spread":0,"inset":"","color":"rgba(0,0,0,0.5)"},"_section_responsive":"","responsive_description":""},"elements":[],"isInner":false,"widgetType":"social-icons","elType":"widget"}],"isInner":true,"elType":"column"},{"id":"741f2dac","settings":{"_column_size":50,"_inline_size":60.31099999999999994315658113919198513031005859375,"section_style":"","box_shadow_box_shadow":{"horizontal":0,"vertical":0,"blur":10,"spread":0,"inset":"","color":"rgba(0,0,0,0.5)"},"section_typo":"","section_advanced":"","section_responsive":"","screen_xs":"default","screen_xs_width":"100"},"elements":[{"id":"7d6e4cae","settings":{"section_image":"","image":{"id":"3917","url":"https:\/\/cliente.shazamlnv.com\/setasolar\/wp-content\/uploads\/2022\/04\/agent_1.jpg"},"align":"right","align_tablet":"center","align_mobile":"center","link":{"is_external":"","url":""},"section_style_image":"","image_box_shadow_box_shadow":{"horizontal":0,"vertical":0,"blur":10,"spread":0,"inset":"","color":"rgba(0,0,0,0.5)"},"section_style_caption":"","caption_typography_line_height_tablet":{"unit":"em","size":""},"caption_typography_line_height_mobile":{"unit":"em","size":""},"_section_style":"","_section_background":"","_box_shadow_box_shadow":{"horizontal":0,"vertical":0,"blur":10,"spread":0,"inset":"","color":"rgba(0,0,0,0.5)"},"_section_responsive":"","responsive_description":""},"elements":[],"isInner":false,"widgetType":"image","elType":"widget"}],"isInner":true,"elType":"column"}],"isInner":true,"elType":"section"}],"isInner":false,"elType":"column"}],"isInner":false,"elType":"section"},{"id":"3dcab9ee","settings":{"section_layout":"","layout":"full_width","content_width":{"unit":"px","size":"1140"},"height":"min-height","custom_height":{"unit":"px","size":"650"},"column_position":"stretch","structure":"20","section_background":"","background_background":"classic","background_image":{"id":"3918","url":"https:\/\/cliente.shazamlnv.com\/setasolar\/wp-content\/uploads\/2022\/04\/lifesetyle.jpg"},"background_position":"top left","background_repeat":"no-repeat","background_overlay_title":"","background_overlay_background":"classic","background_overlay_opacity":{"unit":"px","size":1},"section_border":"","box_shadow_box_shadow":{"horizontal":0,"vertical":0,"blur":10,"spread":0,"inset":"","color":"rgba(0,0,0,0.5)"},"section_typo":"","section_advanced":"","padding":{"unit":"px","top":"0","right":"0","bottom":"0","left":"0","isLinked":false},"_section_responsive":"","responsive_description":"","margin_mobile":{"unit":"px","top":"0","right":0,"bottom":"0","left":0,"isLinked":true},"padding_tablet":{"unit":"px","top":"70","right":"0","bottom":"0","left":"0","isLinked":false},"padding_mobile":{"unit":"px","top":"30","right":"0","bottom":"0","left":"0","isLinked":false},"heading_visibility":"","stretch_section":"section-stretched"},"elements":[{"id":"54c92be6","settings":{"_column_size":50,"_inline_size":50,"section_style":"","background_position":"top left","background_repeat":"no-repeat","background_size":"contain","box_shadow_box_shadow":{"horizontal":0,"vertical":0,"blur":10,"spread":0,"inset":"","color":"rgba(0,0,0,0.5)"},"section_typo":"","section_advanced":"","padding":{"unit":"px","top":"200","right":"0","bottom":"200","left":"0","isLinked":false},"section_responsive":"","screen_xs":"default","screen_xs_width":"100"},"elements":[{"id":"51332f22","settings":[],"elements":[],"isInner":false,"widgetType":"spacer","elType":"widget"}],"isInner":false,"elType":"column"},{"id":"4b65b22","settings":{"_column_size":50,"_inline_size":50.00099999999999766941982670687139034271240234375,"section_style":"","background_background":"classic","background_color":"#ffffff","box_shadow_box_shadow":{"horizontal":0,"vertical":0,"blur":10,"spread":0,"inset":"","color":"rgba(0,0,0,0.5)"},"section_typo":"","section_advanced":"","padding":{"unit":"px","top":"100","right":"50","bottom":"0","left":"50","isLinked":false},"section_responsive":"","screen_xs":"default","screen_xs_width":"100","padding_tablet":{"unit":"px","top":"50","right":"20","bottom":"50","left":"20","isLinked":false},"space_between_widgets":0},"elements":[{"id":"59a22c5f","settings":{"section_title":"","title":"It\u2019s Time to own a New Home \nfor your better Lifestyle","link":{"is_external":"","url":""},"size":"large","header_size":"h3","section_title_style":"","title_color":"#435061","typography_typography":"custom","typography_font_size":{"unit":"px","size":"31"},"typography_font_weight":"500","typography_line_height":{"unit":"em","size":1.399999999999999911182158029987476766109466552734375},"_section_style":"","_padding":{"unit":"px","top":"0","right":"0","bottom":"30","left":"0","isLinked":false},"_section_background":"","_box_shadow_box_shadow":{"horizontal":0,"vertical":0,"blur":10,"spread":0,"inset":"","color":"rgba(0,0,0,0.5)"},"_section_responsive":"","responsive_description":"","align_mobile":"center","typography_line_height_tablet":{"unit":"em","size":""},"typography_line_height_mobile":{"unit":"em","size":""},"_padding_mobile":{"unit":"px","top":"0","right":"0","bottom":"50","left":"0","isLinked":false}},"elements":[],"isInner":false,"widgetType":"heading","elType":"widget"},{"id":"3257b4c0","settings":{"section_layout":"","gap":"wider","structure":"20","section_background":"","background_overlay_title":"","section_border":"","box_shadow_box_shadow":{"horizontal":0,"vertical":0,"blur":10,"spread":0,"inset":"","color":"rgba(0,0,0,0.5)"},"section_typo":"","section_advanced":"","_section_responsive":"","responsive_description":"","column_position_inner":"middle","content_position_inner":"","heading_visibility":""},"elements":[{"id":"6a7456c1","settings":{"_column_size":50,"_inline_size":null,"section_style":"","background_background":"classic","box_shadow_box_shadow":{"horizontal":0,"vertical":0,"blur":10,"spread":0,"inset":"","color":"rgba(0,0,0,0.5)"},"section_typo":"","section_advanced":"","section_responsive":"","screen_xs":"default","screen_xs_width":"100","padding_tablet":{"unit":"px","top":"10","right":"10","bottom":"10","left":"10","isLinked":true},"padding_mobile":{"unit":"px","top":"0","right":"0","bottom":"0","left":"0","isLinked":true}},"elements":[{"id":"66457d7a","settings":{"section_icon":"","icon":"fa fa-slideshare","link":{"is_external":"","url":""},"align":"left","section_style_icon":"","primary_color":"#f7657d","size":{"unit":"px","size":"40"},"icon_padding":{"unit":"em","size":""},"section_hover":"","_section_style":"","_section_background":"","_box_shadow_box_shadow":{"horizontal":0,"vertical":0,"blur":10,"spread":0,"inset":"","color":"rgba(0,0,0,0.5)"},"_section_responsive":"","responsive_description":"","align_tablet":"center","align_mobile":"center"},"elements":[],"isInner":false,"widgetType":"icon","elType":"widget"},{"id":"c19f6f0","settings":{"section_title":"","title":"Well Furnished","link":{"is_external":"","url":""},"size":"large","header_size":"h4","section_title_style":"","title_color":"#435061","typography_typography":"custom","typography_font_size":{"unit":"px","size":"20"},"typography_line_height":{"unit":"em","size":2},"_section_style":"","_margin":{"unit":"px","top":"0","right":"0","bottom":"-10","left":"0","isLinked":false},"_section_background":"","_box_shadow_box_shadow":{"horizontal":0,"vertical":0,"blur":10,"spread":0,"inset":"","color":"rgba(0,0,0,0.5)"},"_section_responsive":"","responsive_description":"","align_mobile":"center","typography_font_size_tablet":{"unit":"px","size":16},"typography_line_height_tablet":{"unit":"em","size":""},"typography_line_height_mobile":{"unit":"em","size":""}},"elements":[],"isInner":false,"widgetType":"heading","elType":"widget"},{"id":"77d4e2d5","settings":{"section_editor":"","editor":"<p>Far far away, behind the word mountains, from the countries Vokalia<\/p>","section_style":"","text_color":"#435061","typography_typography":"custom","typography_font_size":{"unit":"px","size":"17"},"typography_font_weight":"300","typography_line_height":{"unit":"em","size":"1.8"},"_section_style":"","_section_background":"","_box_shadow_box_shadow":{"horizontal":0,"vertical":0,"blur":10,"spread":0,"inset":"","color":"rgba(0,0,0,0.5)"},"_section_responsive":"","responsive_description":"","align_mobile":"center","typography_font_size_tablet":{"unit":"px","size":14},"typography_line_height_tablet":{"unit":"em","size":""},"typography_line_height_mobile":{"unit":"em","size":""},"_padding_mobile":{"unit":"px","top":"0","right":"30","bottom":"0","left":"30","isLinked":false}},"elements":[],"isInner":false,"widgetType":"text-editor","elType":"widget"},{"id":"5d35296b","settings":{"section_icon":"","icon":"fa fa-user-secret","link":{"is_external":"","url":""},"align":"left","section_style_icon":"","primary_color":"#1d71f7","size":{"unit":"px","size":"40"},"icon_padding":{"unit":"em","size":""},"section_hover":"","_section_style":"","_padding":{"unit":"px","top":"020","right":"0","bottom":"0","left":"0","isLinked":false},"_section_background":"","_box_shadow_box_shadow":{"horizontal":0,"vertical":0,"blur":10,"spread":0,"inset":"","color":"rgba(0,0,0,0.5)"},"_section_responsive":"","responsive_description":"","align_tablet":"center","align_mobile":"center","_padding_mobile":{"unit":"px","top":"30","right":"0","bottom":"0","left":"0","isLinked":false}},"elements":[],"isInner":false,"widgetType":"icon","elType":"widget"},{"id":"46766ca0","settings":{"section_title":"","title":"Home Loan","link":{"is_external":"","url":""},"size":"large","header_size":"h4","section_title_style":"","title_color":"#435061","typography_typography":"custom","typography_font_size":{"unit":"px","size":"20"},"typography_line_height":{"unit":"em","size":2},"_section_style":"","_margin":{"unit":"px","top":"0","right":"0","bottom":"-10","left":"0","isLinked":false},"_section_background":"","_box_shadow_box_shadow":{"horizontal":0,"vertical":0,"blur":10,"spread":0,"inset":"","color":"rgba(0,0,0,0.5)"},"_section_responsive":"","responsive_description":"","align_mobile":"center","typography_font_size_tablet":{"unit":"px","size":16},"typography_line_height_tablet":{"unit":"em","size":""},"typography_line_height_mobile":{"unit":"em","size":""}},"elements":[],"isInner":false,"widgetType":"heading","elType":"widget"},{"id":"6339475e","settings":{"section_editor":"","editor":"<p>Far far away, behind the word mountains, far from the countries Vokali<\/p>","section_style":"","text_color":"#435061","typography_typography":"custom","typography_font_size":{"unit":"px","size":"17"},"typography_font_weight":"300","typography_line_height":{"unit":"em","size":"1.8"},"_section_style":"","_section_background":"","_box_shadow_box_shadow":{"horizontal":0,"vertical":0,"blur":10,"spread":0,"inset":"","color":"rgba(0,0,0,0.5)"},"_section_responsive":"","responsive_description":"","align_mobile":"center","typography_font_size_tablet":{"unit":"px","size":14},"typography_line_height_tablet":{"unit":"em","size":""},"typography_line_height_mobile":{"unit":"em","size":""},"_padding_mobile":{"unit":"px","top":"0","right":"30","bottom":"0","left":"30","isLinked":false}},"elements":[],"isInner":false,"widgetType":"text-editor","elType":"widget"}],"isInner":true,"elType":"column"},{"id":"bc2ba66","settings":{"_column_size":50,"_inline_size":null,"section_style":"","border_radius":{"unit":"px","top":"0","right":"50","bottom":"0","left":"0","isLinked":false},"box_shadow_box_shadow":{"horizontal":0,"vertical":0,"blur":10,"spread":0,"inset":"","color":"rgba(0,0,0,0.5)"},"section_typo":"","section_advanced":"","section_responsive":"","screen_xs":"default","screen_xs_width":"100","padding_tablet":{"unit":"px","top":"10","right":"10","bottom":"10","left":"10","isLinked":true},"padding_mobile":{"unit":"px","top":"0","right":"0","bottom":"0","left":"0","isLinked":true}},"elements":[{"id":"36061570","settings":{"section_icon":"","icon":"fa fa-bath","link":{"is_external":"","url":""},"align":"left","section_style_icon":"","primary_color":"#61ce70","size":{"unit":"px","size":"40"},"icon_padding":{"unit":"em","size":""},"section_hover":"","_section_style":"","_section_background":"","_box_shadow_box_shadow":{"horizontal":0,"vertical":0,"blur":10,"spread":0,"inset":"","color":"rgba(0,0,0,0.5)"},"_section_responsive":"","responsive_description":"","align_tablet":"center","align_mobile":"center","_padding_mobile":{"unit":"px","top":"30","right":"0","bottom":"0","left":"0","isLinked":false}},"elements":[],"isInner":false,"widgetType":"icon","elType":"widget"},{"id":"95bd578","settings":{"section_title":"","title":"Modern Design","link":{"is_external":"","url":""},"size":"large","header_size":"h4","section_title_style":"","title_color":"#435061","typography_typography":"custom","typography_font_size":{"unit":"px","size":"20"},"typography_line_height":{"unit":"em","size":2},"_section_style":"","_margin":{"unit":"px","top":"0","right":"0","bottom":"-10","left":"0","isLinked":false},"_section_background":"","_box_shadow_box_shadow":{"horizontal":0,"vertical":0,"blur":10,"spread":0,"inset":"","color":"rgba(0,0,0,0.5)"},"_section_responsive":"","responsive_description":"","align_mobile":"center","typography_font_size_tablet":{"unit":"px","size":16},"typography_line_height_tablet":{"unit":"em","size":""},"typography_line_height_mobile":{"unit":"em","size":""}},"elements":[],"isInner":false,"widgetType":"heading","elType":"widget"},{"id":"1c0643bb","settings":{"section_editor":"","editor":"<p>Far far away, behind the word mountains, from the countries Vokalia<\/p>","section_style":"","text_color":"#435061","typography_typography":"custom","typography_font_size":{"unit":"px","size":"17"},"typography_font_weight":"300","typography_line_height":{"unit":"em","size":"1.8"},"_section_style":"","_section_background":"","_box_shadow_box_shadow":{"horizontal":0,"vertical":0,"blur":10,"spread":0,"inset":"","color":"rgba(0,0,0,0.5)"},"_section_responsive":"","responsive_description":"","align_mobile":"center","typography_font_size_tablet":{"unit":"px","size":14},"typography_line_height_tablet":{"unit":"em","size":""},"typography_line_height_mobile":{"unit":"em","size":""},"_padding_mobile":{"unit":"px","top":"0","right":"30","bottom":"0","left":"30","isLinked":false}},"elements":[],"isInner":false,"widgetType":"text-editor","elType":"widget"},{"id":"6b1373ed","settings":{"section_icon":"","icon":"fa fa-google-wallet","link":{"is_external":"","url":""},"align":"left","section_style_icon":"","primary_color":"#ef2b86","size":{"unit":"px","size":"40"},"icon_padding":{"unit":"em","size":""},"section_hover":"","_section_style":"","_padding":{"unit":"px","top":"20","right":"0","bottom":"0","left":"0","isLinked":false},"_section_background":"","_box_shadow_box_shadow":{"horizontal":0,"vertical":0,"blur":10,"spread":0,"inset":"","color":"rgba(0,0,0,0.5)"},"_section_responsive":"","responsive_description":"","align_tablet":"center","align_mobile":"center","_padding_mobile":{"unit":"px","top":"30","right":"0","bottom":"0","left":"0","isLinked":false}},"elements":[],"isInner":false,"widgetType":"icon","elType":"widget"},{"id":"8b65585","settings":{"section_title":"","title":"High Security","link":{"is_external":"","url":""},"size":"large","header_size":"h4","section_title_style":"","title_color":"#435061","typography_typography":"custom","typography_font_size":{"unit":"px","size":"20"},"typography_line_height":{"unit":"em","size":2},"_section_style":"","_margin":{"unit":"px","top":"0","right":"0","bottom":"-10","left":"0","isLinked":false},"_section_background":"","_box_shadow_box_shadow":{"horizontal":0,"vertical":0,"blur":10,"spread":0,"inset":"","color":"rgba(0,0,0,0.5)"},"_section_responsive":"","responsive_description":"","align_mobile":"center","typography_font_size_tablet":{"unit":"px","size":16},"typography_line_height_tablet":{"unit":"em","size":""},"typography_line_height_mobile":{"unit":"em","size":""}},"elements":[],"isInner":false,"widgetType":"heading","elType":"widget"},{"id":"7e6342ff","settings":{"section_editor":"","editor":"<p>Far far away, behind the word mountains, far from the countries\u00a0<\/p>","section_style":"","text_color":"#435061","typography_typography":"custom","typography_font_size":{"unit":"px","size":"17"},"typography_font_weight":"300","typography_line_height":{"unit":"em","size":"1.8"},"_section_style":"","_section_background":"","_box_shadow_box_shadow":{"horizontal":0,"vertical":0,"blur":10,"spread":0,"inset":"","color":"rgba(0,0,0,0.5)"},"_section_responsive":"","responsive_description":"","align_mobile":"center","typography_font_size_tablet":{"unit":"px","size":14},"typography_line_height_tablet":{"unit":"em","size":""},"typography_line_height_mobile":{"unit":"em","size":""},"_padding_mobile":{"unit":"px","top":"0","right":"30","bottom":"0","left":"30","isLinked":false}},"elements":[],"isInner":false,"widgetType":"text-editor","elType":"widget"}],"isInner":true,"elType":"column"}],"isInner":true,"elType":"section"}],"isInner":false,"elType":"column"}],"isInner":false,"elType":"section"},{"id":"53284227","settings":{"background_background":"classic","background_color":"#f5f5f5","padding":{"unit":"px","top":"50","right":"0","bottom":"80","left":"0","isLinked":false}},"elements":[{"id":"633f4574","settings":{"_column_size":100},"elements":[{"id":"73d42a72","settings":{"icon":"fa fa-home","primary_color":"rgba(97,206,112,0.1)","size":{"unit":"px","size":101},"_margin":{"unit":"px","top":"0","right":"0","bottom":"-120","left":"0","isLinked":false}},"elements":[],"isInner":false,"widgetType":"icon","elType":"widget"},{"id":"5d21fcc1","settings":{"title":"Some Featured Properties for Sale","align":"center","title_color":"#435061","typography_typography":"custom","typography_font_size":{"unit":"px","size":37},"typography_font_weight":"500","_padding":{"unit":"px","top":"40","right":"0","bottom":"40","left":"0","isLinked":false}},"elements":[],"isInner":false,"widgetType":"heading","elType":"widget"},{"id":"5ce3d8ed","settings":{"structure":"30"},"elements":[{"id":"35dfddf3","settings":{"_column_size":33,"_inline_size":null,"background_background":"classic","background_color":"#ffffff","margin":{"unit":"px","top":"0","right":"10","bottom":"0","left":"0","isLinked":false},"css_classes":"realesate-sale"},"elements":[{"id":"74758096","settings":{"image":{"id":"3919","url":"https:\/\/cliente.shazamlnv.com\/setasolar\/wp-content\/uploads\/2022\/04\/9-1.jpg"},"image_size":"medium_large","align":"center"},"elements":[],"isInner":false,"widgetType":"image","elType":"widget"},{"id":"40b41df7","settings":{"title":"3500 sqft","title_color":"#ffffff","typography_typography":"custom","typography_font_family":"Roboto","typography_font_size":{"unit":"px","size":14},"typography_font_weight":"400","_margin":{"unit":"px","top":"0","right":"0","bottom":"0","left":"0","isLinked":true},"_padding":{"unit":"px","top":"10","right":"20","bottom":"10","left":"20","isLinked":false},"_css_classes":"realestate-sqft","_background_background":"classic","_background_color":"#f7657d","_background_position":"top right","_background_size":"contain","_background_hover_background":"classic","_background_hover_color":"#c4c4c4","_background_hover_size":"contain","_border_radius":{"unit":"px","top":"25","right":"25","bottom":"25","left":"25","isLinked":true}},"elements":[],"isInner":false,"widgetType":"heading","elType":"widget"},{"id":"1da1d4f7","settings":{"title":"Sweet Home","header_size":"p","title_color":"#636363","typography_typography":"custom","typography_font_weight":"400","_padding":{"unit":"px","top":"0","right":"30","bottom":"0","left":"30","isLinked":false}},"elements":[],"isInner":false,"widgetType":"heading","elType":"widget"},{"id":"36d910a2","settings":{"title":"$12,000 - $14000","title_color":"#f7657d","_margin":{"unit":"px","top":"-11","right":"0","bottom":"0","left":"0","isLinked":false},"_padding":{"unit":"px","top":"0","right":"30","bottom":"0","left":"30","isLinked":false},"typography_typography":"custom","typography_font_size_tablet":{"unit":"px","size":18}},"elements":[],"isInner":false,"widgetType":"heading","elType":"widget"},{"id":"daf330e","settings":{"title":"3 Bed &nbsp; | &nbsp; 3 Bath &nbsp; | &nbsp; 1 Kitchen","title_color":"#435061","typography_typography":"custom","typography_font_family":"Roboto","typography_font_size":{"unit":"px","size":15},"typography_font_weight":"300","_padding":{"unit":"px","top":"15","right":"30","bottom":"15","left":"30","isLinked":false},"_border_border":"solid","_border_width":{"unit":"px","top":"1","right":"0","bottom":"1","left":"0","isLinked":false},"_border_color":"#f5f5f5","typography_font_size_tablet":{"unit":"px","size":12}},"elements":[],"isInner":false,"widgetType":"heading","elType":"widget"},{"id":"4bad6f0d","settings":{"icon_list":[{"text":"179 Lora Street. Jourge Avenue\nNew York, NY-12548","icon":"fa fa-map-marker","_id":"3e81725"}],"icon_color":"#f7657d","icon_size":{"unit":"px","size":18},"text_color":"#435061","icon_typography_typography":"custom","icon_typography_font_family":"Roboto","icon_typography_font_size":{"unit":"px","size":15},"icon_typography_font_weight":"300","_padding":{"unit":"px","top":"0","right":"30","bottom":"0","left":"30","isLinked":false}},"elements":[],"isInner":false,"widgetType":"icon-list","elType":"widget"}],"isInner":true,"elType":"column"},{"id":"1cd0ecf6","settings":{"_column_size":33,"_inline_size":null,"background_background":"classic","background_color":"#ffffff","margin":{"unit":"px","top":"0","right":"5","bottom":"0","left":"5","isLinked":false},"css_classes":"realesate-sale"},"elements":[{"id":"623797a0","settings":{"image":{"id":"3920","url":"https:\/\/cliente.shazamlnv.com\/setasolar\/wp-content\/uploads\/2022\/04\/8-1.jpg"},"image_size":"medium_large","align":"center"},"elements":[],"isInner":false,"widgetType":"image","elType":"widget"},{"id":"736cbbd6","settings":{"title":"2700 sqft","title_color":"#ffffff","typography_typography":"custom","typography_font_family":"Roboto","typography_font_size":{"unit":"px","size":14},"typography_font_weight":"400","_margin":{"unit":"px","top":"0","right":"0","bottom":"0","left":"0","isLinked":true},"_padding":{"unit":"px","top":"10","right":"20","bottom":"10","left":"20","isLinked":false},"_css_classes":"realestate-sqft","_background_background":"classic","_background_color":"#f7657d","_background_position":"top right","_background_size":"contain","_background_hover_background":"classic","_background_hover_color":"#c4c4c4","_background_hover_size":"contain","_border_radius":{"unit":"px","top":"25","right":"25","bottom":"25","left":"25","isLinked":true}},"elements":[],"isInner":false,"widgetType":"heading","elType":"widget"},{"id":"3bcb9169","settings":{"title":"Munaliza  Home","header_size":"p","title_color":"#636363","typography_typography":"custom","typography_font_weight":"400","_padding":{"unit":"px","top":"0","right":"30","bottom":"0","left":"30","isLinked":false}},"elements":[],"isInner":false,"widgetType":"heading","elType":"widget"},{"id":"5d29f2e3","settings":{"title":"$11,000 - $12000","title_color":"#f7657d","_margin":{"unit":"px","top":"-11","right":"0","bottom":"0","left":"0","isLinked":false},"_padding":{"unit":"px","top":"0","right":"30","bottom":"0","left":"30","isLinked":false},"typography_typography":"custom","typography_font_size_tablet":{"unit":"px","size":18}},"elements":[],"isInner":false,"widgetType":"heading","elType":"widget"},{"id":"62f417d3","settings":{"title":"3 Bed &nbsp; | &nbsp; 3 Bath &nbsp; | &nbsp; 1 Kitchen","title_color":"#435061","typography_typography":"custom","typography_font_family":"Roboto","typography_font_size":{"unit":"px","size":15},"typography_font_weight":"300","_padding":{"unit":"px","top":"15","right":"30","bottom":"15","left":"30","isLinked":false},"_border_border":"solid","_border_width":{"unit":"px","top":"1","right":"0","bottom":"1","left":"0","isLinked":false},"_border_color":"#f5f5f5","typography_font_size_tablet":{"unit":"px","size":12}},"elements":[],"isInner":false,"widgetType":"heading","elType":"widget"},{"id":"1f5a9f72","settings":{"icon_list":[{"text":"179 Lora Street. Jourge Avenue\nNew York, NY-12548","icon":"fa fa-map-marker","_id":"3e81725"}],"icon_color":"#f7657d","icon_size":{"unit":"px","size":18},"text_color":"#435061","icon_typography_typography":"custom","icon_typography_font_family":"Roboto","icon_typography_font_size":{"unit":"px","size":15},"icon_typography_font_weight":"300","_padding":{"unit":"px","top":"0","right":"30","bottom":"0","left":"30","isLinked":false}},"elements":[],"isInner":false,"widgetType":"icon-list","elType":"widget"}],"isInner":true,"elType":"column"},{"id":"168cfcb6","settings":{"_column_size":33,"_inline_size":null,"background_background":"classic","background_color":"#ffffff","margin":{"unit":"px","top":"0","right":"0","bottom":"0","left":"10","isLinked":false},"css_classes":"realesate-sale"},"elements":[{"id":"42c0f2dc","settings":{"image":{"id":"3921","url":"https:\/\/cliente.shazamlnv.com\/setasolar\/wp-content\/uploads\/2022\/04\/7-1.jpg"},"image_size":"medium_large","align":"center"},"elements":[],"isInner":false,"widgetType":"image","elType":"widget"},{"id":"28a8ba31","settings":{"title":"1500 sqft","title_color":"#ffffff","typography_typography":"custom","typography_font_family":"Roboto","typography_font_size":{"unit":"px","size":14},"typography_font_weight":"400","_margin":{"unit":"px","top":"0","right":"0","bottom":"0","left":"0","isLinked":true},"_padding":{"unit":"px","top":"10","right":"20","bottom":"10","left":"20","isLinked":false},"_css_classes":"realestate-sqft","_background_background":"classic","_background_color":"#f7657d","_background_position":"top right","_background_size":"contain","_background_hover_background":"classic","_background_hover_color":"#c4c4c4","_background_hover_size":"contain","_border_radius":{"unit":"px","top":"25","right":"25","bottom":"25","left":"25","isLinked":true}},"elements":[],"isInner":false,"widgetType":"heading","elType":"widget"},{"id":"4b2af907","settings":{"title":"Century Apartment","header_size":"p","title_color":"#636363","typography_typography":"custom","typography_font_weight":"400","_padding":{"unit":"px","top":"0","right":"30","bottom":"0","left":"30","isLinked":false}},"elements":[],"isInner":false,"widgetType":"heading","elType":"widget"},{"id":"561a9dc1","settings":{"title":"$7,000 - $10000","title_color":"#f7657d","_margin":{"unit":"px","top":"-11","right":"0","bottom":"0","left":"0","isLinked":false},"_padding":{"unit":"px","top":"0","right":"30","bottom":"0","left":"30","isLinked":false},"typography_typography":"custom","typography_font_size_tablet":{"unit":"px","size":18}},"elements":[],"isInner":false,"widgetType":"heading","elType":"widget"},{"id":"5aea42c6","settings":{"title":"3 Bed &nbsp; | &nbsp; 3 Bath &nbsp; | &nbsp; 1 Kitchen","title_color":"#435061","typography_typography":"custom","typography_font_family":"Roboto","typography_font_size":{"unit":"px","size":15},"typography_font_weight":"300","_padding":{"unit":"px","top":"15","right":"30","bottom":"15","left":"30","isLinked":false},"_border_border":"solid","_border_width":{"unit":"px","top":"1","right":"0","bottom":"1","left":"0","isLinked":false},"_border_color":"#f5f5f5","typography_font_size_tablet":{"unit":"px","size":12}},"elements":[],"isInner":false,"widgetType":"heading","elType":"widget"},{"id":"3e0bf37f","settings":{"icon_list":[{"text":"179 Lora Street. Jourge Avenue\nNew York, NY-12548","icon":"fa fa-map-marker","_id":"3e81725"}],"icon_color":"#f7657d","icon_size":{"unit":"px","size":18},"text_color":"#435061","icon_typography_typography":"custom","icon_typography_font_family":"Roboto","icon_typography_font_size":{"unit":"px","size":15},"icon_typography_font_weight":"300","_padding":{"unit":"px","top":"0","right":"30","bottom":"0","left":"30","isLinked":false}},"elements":[],"isInner":false,"widgetType":"icon-list","elType":"widget"}],"isInner":true,"elType":"column"}],"isInner":true,"elType":"section"}],"isInner":false,"elType":"column"}],"isInner":false,"elType":"section"},{"id":"47ab5ad0","settings":{"background_background":"classic","background_image":{"id":"3913","url":"https:\/\/cliente.shazamlnv.com\/setasolar\/wp-content\/uploads\/2022\/04\/funfact-1.jpg"},"background_position":"center center","background_overlay_background":"classic","background_overlay_color":"#140b77","background_overlay_color_b":"#4054b2","background_overlay_gradient_angle":{"unit":"deg","size":130},"background_overlay_opacity":{"unit":"px","size":0.8000000000000000444089209850062616169452667236328125},"padding":{"unit":"px","top":"100","right":"0","bottom":"100","left":"0","isLinked":false},"background_size":"cover"},"elements":[{"id":"6c3ae7d5","settings":{"_column_size":100},"elements":[{"id":"87d1579","settings":[],"elements":[{"id":"7629b5a8","settings":{"_column_size":100,"_inline_size":null},"elements":[{"id":"349eccc2","settings":{"title":"Far far away, behind the word mountains, far from the countries Vokalia and Conson  antia, there live the blind texts.","align":"center","title_color":"#ffffff","typography_typography":"custom","typography_font_size":{"unit":"px","size":22},"typography_font_weight":"300","typography_line_height":{"unit":"em","size":1.600000000000000088817841970012523233890533447265625},"typography_letter_spacing":{"unit":"px","size":0.299999999999999988897769753748434595763683319091796875},"_padding":{"unit":"%","top":"0","right":"20","bottom":"0","left":"20","isLinked":false},"_padding_tablet":{"unit":"px","top":"0","right":"0","bottom":"0","left":"0","isLinked":true}},"elements":[],"isInner":false,"widgetType":"heading","elType":"widget"}],"isInner":true,"elType":"column"}],"isInner":true,"elType":"section"},{"id":"7d15a176","settings":{"structure":"50","padding":{"unit":"px","top":"40","right":"0","bottom":"0","left":"0","isLinked":false}},"elements":[{"id":"959639b","settings":{"_column_size":20,"_inline_size":17.980000000000000426325641456060111522674560546875},"elements":[],"isInner":true,"elType":"column"},{"id":"4a5ba700","settings":{"_column_size":20,"_inline_size":21.211999999999999744204615126363933086395263671875},"elements":[{"id":"2140efbf","settings":{"starting_number":"","ending_number":125,"title":"Satistied Clients","number_color":"#61ce70","typography_number_typography":"custom","typography_number_font_size":{"unit":"px","size":50},"typography_number_font_weight":"500","title_color":"#ffffff","typography_title_typography":"custom","typography_title_font_size":{"unit":"px","size":18},"typography_title_font_weight":"300"},"elements":[],"isInner":false,"widgetType":"counter","elType":"widget"}],"isInner":true,"elType":"column"},{"id":"22a1082e","settings":{"_column_size":20,"_inline_size":21.818000000000001392663762089796364307403564453125},"elements":[{"id":"412627a5","settings":{"starting_number":"","ending_number":1361,"title":"Protperty Sale","number_color":"#59f7f9","typography_number_typography":"custom","typography_number_font_size":{"unit":"px","size":50},"typography_number_font_weight":"500","title_color":"#ffffff","typography_title_typography":"custom","typography_title_font_size":{"unit":"px","size":18},"typography_title_font_weight":"300"},"elements":[],"isInner":false,"widgetType":"counter","elType":"widget"}],"isInner":true,"elType":"column"},{"id":"54d3c33","settings":{"_column_size":20,"_inline_size":21.010000000000001563194018672220408916473388671875},"elements":[{"id":"1bb861c2","settings":{"starting_number":"","ending_number":708,"title":"Property Rent","number_color":"#f77499","typography_number_typography":"custom","typography_number_font_size":{"unit":"px","size":50},"typography_number_font_weight":"500","title_color":"#ffffff","typography_title_typography":"custom","typography_title_font_size":{"unit":"px","size":18},"typography_title_font_weight":"300"},"elements":[],"isInner":false,"widgetType":"counter","elType":"widget"}],"isInner":true,"elType":"column"},{"id":"d7a3eb7","settings":{"_column_size":20,"_inline_size":17.980000000000000426325641456060111522674560546875},"elements":[],"isInner":true,"elType":"column"}],"isInner":true,"elType":"section"}],"isInner":false,"elType":"column"}],"isInner":false,"elType":"section"},{"id":"3ce4d819","settings":{"background_background":"classic","background_color":"#ffffff","padding":{"unit":"px","top":"70","right":"0","bottom":"70","left":"0","isLinked":false}},"elements":[{"id":"6ee9029b","settings":{"_column_size":100},"elements":[{"id":"61a400e7","settings":{"structure":"20"},"elements":[{"id":"76b74ff1","settings":{"_column_size":50,"_inline_size":null},"elements":[{"id":"6e48d5b4","settings":{"title":"Our Client Says","title_color":"#435061","typography_typography":"custom","typography_font_weight":"400","_padding":{"unit":"px","top":"0","right":"0","bottom":"60","left":"0","isLinked":false},"typography_font_size":{"unit":"px","size":37}},"elements":[],"isInner":false,"widgetType":"heading","elType":"widget"},{"id":"55a0b9ee","settings":{"icon":"fa fa-quote-left","align":"left","primary_color":"#efefef","size":{"unit":"px","size":81},"_margin":{"unit":"px","top":"0","right":"0","bottom":"-69","left":"0","isLinked":false}},"elements":[],"isInner":false,"widgetType":"icon","elType":"widget"},{"id":"4ed6af10","settings":{"testimonial_content":"Far far away, behind the word mountains, far from the countries Vokalia and Consonantia, there live the blind texts. Separated they live in Bookmarksgrove right","testimonial_image":{"id":"3922","url":"https:\/\/cliente.shazamlnv.com\/setasolar\/wp-content\/uploads\/2022\/04\/client_1.jpg"},"testimonial_name":"Anon Eventon","testimonial_job":"Marketing guru","testimonial_alignment":"left","content_content_color":"#435061","content_typography_typography":"custom","content_typography_font_size":{"unit":"px","size":18},"content_typography_font_weight":"300","name_text_color":"#435061","name_typography_typography":"custom","name_typography_font_size":{"unit":"px","size":21},"name_typography_font_weight":"500","name_typography_line_height":{"unit":"em","size":1.899999999999999911182158029987476766109466552734375},"job_text_color":"#f7657d","job_typography_typography":"custom","content_typography_line_height":{"unit":"em","size":1.5}},"elements":[],"isInner":false,"widgetType":"testimonial","elType":"widget"}],"isInner":true,"elType":"column"},{"id":"37cc4496","settings":{"_column_size":50,"_inline_size":null},"elements":[{"id":"3801d022","settings":{"title":"Frequently Asked Questions?","title_color":"#435061","typography_typography":"custom","typography_font_weight":"400","_padding":{"unit":"px","top":"0","right":"0","bottom":"040","left":"0","isLinked":false},"_padding_mobile":{"unit":"px","top":"0","right":"0","bottom":"0","left":"0","isLinked":false},"typography_font_size":{"unit":"px","size":30},"typography_font_size_mobile":{"unit":"px","size":21},"_margin_mobile":{"unit":"px","top":"50","right":"0","bottom":"0","left":"0","isLinked":false}},"elements":[],"isInner":false,"widgetType":"heading","elType":"widget"},{"id":"748941ed","settings":{"tabs":[{"tab_title":"1. Is it possible to reserve a flat without any Payment?","tab_content":"Far far away, behind the word mountains, far from the countries Vokalia and Consonantia, there live the blind texts. Separated they live in Bookmarksgrove right","_id":"d82c30b"},{"tab_title":"2. How can I get Support from Your Agent?","tab_content":"Far far away, behind the word mountains, far from the countries Vokalia and Consonantia, there live the blind texts. Separated they live in Bookmarksgrove right","_id":"b7dddd8"},{"tab_title":"3. How to Apply for Home Loan regarding Your Company?","tab_content":"Far far away, behind the word mountains, far from the countries Vokalia and Consonantia, there live the blind texts. Separated they live in Bookmarksgrove right","_id":"c0255c1"}],"icon":"fa fa-chevron-down","icon_active":"fa fa-chevron-up","border_color":"rgba(0,0,0,0)","title_background":"#4054b2","title_color":"#ffffff","title_typography_typography":"custom","title_typography_font_size":{"unit":"px","size":15},"title_typography_font_size_tablet":{"unit":"px","size":15},"title_typography_font_weight":"400","title_padding":{"unit":"px","top":"25","right":"15","bottom":"25","left":"15","isLinked":false},"icon_align":"right","icon_active_color":"#f7657d","icon_space":{"unit":"px","size":0},"content_background_color":"#ffffff","content_color":"#435061","content_typography_typography":"custom","content_typography_font_weight":"300","_css_classes":"custom-accordion","title_typography_line_height_tablet":{"unit":"em","size":1.5}},"elements":[],"isInner":false,"widgetType":"accordion","elType":"widget"}],"isInner":true,"elType":"column"}],"isInner":true,"elType":"section"}],"isInner":false,"elType":"column"}],"isInner":false,"elType":"section"},{"id":"2ff291bd","settings":{"background_background":"classic","background_color":"#f5f5f5","padding":{"unit":"px","top":"40","right":"0","bottom":"70","left":"0","isLinked":false}},"elements":[{"id":"606224b9","settings":{"_column_size":100},"elements":[{"id":"5787aa59","settings":[],"elements":[{"id":"4e90891b","settings":{"_column_size":100,"_inline_size":null},"elements":[{"id":"4283f04a","settings":{"section_title":"","title":"Our Team","link":{"is_external":"","url":""},"size":"large","align":"center","section_title_style":"","title_color":"#602e0c","typography_typography":"custom","typography_font_size":{"unit":"px","size":43},"_section_style":"","_padding":{"unit":"px","top":"0","right":"0","bottom":"50","left":"0","isLinked":false},"_section_background":"","_box_shadow_box_shadow":{"horizontal":0,"vertical":0,"blur":10,"spread":0,"inset":"","color":"rgba(0,0,0,0.5)"},"_section_responsive":"","responsive_description":"","typography_font_size_mobile":{"unit":"px","size":"33"},"typography_line_height_tablet":{"unit":"em","size":""},"typography_line_height_mobile":{"unit":"em","size":""},"_padding_tablet":{"unit":"px","top":"0","right":"0","bottom":"0","left":"0","isLinked":true},"_padding_mobile":{"unit":"px","top":"0","right":"0","bottom":"0","left":"0","isLinked":true},"typography_font_weight":"500"},"elements":[],"isInner":false,"widgetType":"heading","elType":"widget"}],"isInner":true,"elType":"column"}],"isInner":true,"elType":"section"},{"id":"1ca9dc0d","settings":{"structure":"40"},"elements":[{"id":"26dc1774","settings":{"_column_size":25,"_inline_size":null},"elements":[{"id":"39890093","settings":{"image":{"id":"3923","url":"https:\/\/cliente.shazamlnv.com\/setasolar\/wp-content\/uploads\/2022\/04\/team_3.jpg"},"title_text":"Nicholas Brayden","description_text":"Market Research","image_space":{"unit":"px","size":22},"image_size":{"unit":"%","size":70},"text_align":"center","content_vertical_alignment":"middle","title_bottom_space":{"unit":"px","size":5},"title_color":"#435061","title_typography_typography":"custom","title_typography_font_size":{"unit":"px","size":24},"title_typography_font_weight":"400","description_color":"#bfbfbf","description_typography_typography":"custom","description_typography_font_size":{"unit":"px","size":15},"description_typography_font_weight":"300","description_typography_text_transform":"capitalize","description_typography_letter_spacing":{"unit":"px","size":1.899999999999999911182158029987476766109466552734375},"title_typography_font_size_tablet":{"unit":"px","size":21}},"elements":[],"isInner":false,"widgetType":"image-box","elType":"widget"},{"id":"48777333","settings":{"social_icon_list":[{"social":"fa fa-facebook","_id":"8b93740"},{"social":"fa fa-twitter","_id":"d2b7695"},{"social":"fa fa-codepen","_id":"0831677"},{"social":"fa fa-behance","_id":"0ac3790"}],"icon_color":"custom","icon_primary_color":"rgba(0,0,0,0)","icon_secondary_color":"#000000","icon_size":{"unit":"px","size":16},"hover_secondary_color":"#00ce1b","hover_animation":"grow"},"elements":[],"isInner":false,"widgetType":"social-icons","elType":"widget"}],"isInner":true,"elType":"column"},{"id":"1174954","settings":{"_column_size":25,"_inline_size":null},"elements":[{"id":"141c4bdd","settings":{"image":{"id":"3924","url":"https:\/\/cliente.shazamlnv.com\/setasolar\/wp-content\/uploads\/2022\/04\/team_4.jpg"},"title_text":"James Dylan\u200b","description_text":"Market Research","image_space":{"unit":"px","size":22},"image_size":{"unit":"%","size":70},"text_align":"center","content_vertical_alignment":"middle","title_bottom_space":{"unit":"px","size":5},"title_color":"#435061","title_typography_typography":"custom","title_typography_font_size":{"unit":"px","size":24},"title_typography_font_weight":"400","description_color":"#bfbfbf","description_typography_typography":"custom","description_typography_font_size":{"unit":"px","size":15},"description_typography_font_weight":"300","description_typography_text_transform":"capitalize","description_typography_letter_spacing":{"unit":"px","size":1.899999999999999911182158029987476766109466552734375},"title_typography_font_size_tablet":{"unit":"px","size":21}},"elements":[],"isInner":false,"widgetType":"image-box","elType":"widget"},{"id":"37d39c29","settings":{"social_icon_list":[{"social":"fa fa-facebook","_id":"8b93740"},{"social":"fa fa-twitter","_id":"d2b7695"},{"social":"fa fa-codepen","_id":"0831677"},{"social":"fa fa-behance","_id":"0ac3790"}],"icon_color":"custom","icon_primary_color":"rgba(0,0,0,0)","icon_secondary_color":"#000000","icon_size":{"unit":"px","size":16},"hover_secondary_color":"#00ce1b","hover_animation":"grow"},"elements":[],"isInner":false,"widgetType":"social-icons","elType":"widget"}],"isInner":true,"elType":"column"},{"id":"4639267b","settings":{"_column_size":25,"_inline_size":null},"elements":[{"id":"51c6ad1c","settings":{"image":{"id":"3922","url":"https:\/\/cliente.shazamlnv.com\/setasolar\/wp-content\/uploads\/2022\/04\/client_1.jpg"},"title_text":"Lachlan Riley","description_text":"Market Research","image_space":{"unit":"px","size":22},"image_size":{"unit":"%","size":70},"text_align":"center","content_vertical_alignment":"middle","title_bottom_space":{"unit":"px","size":5},"title_color":"#435061","title_typography_typography":"custom","title_typography_font_size":{"unit":"px","size":24},"title_typography_font_weight":"400","description_color":"#bfbfbf","description_typography_typography":"custom","description_typography_font_size":{"unit":"px","size":15},"description_typography_font_weight":"300","description_typography_text_transform":"capitalize","description_typography_letter_spacing":{"unit":"px","size":1.899999999999999911182158029987476766109466552734375},"title_typography_font_size_tablet":{"unit":"px","size":21}},"elements":[],"isInner":false,"widgetType":"image-box","elType":"widget"},{"id":"126e88dd","settings":{"social_icon_list":[{"social":"fa fa-facebook","_id":"8b93740"},{"social":"fa fa-twitter","_id":"d2b7695"},{"social":"fa fa-codepen","_id":"0831677"},{"social":"fa fa-behance","_id":"0ac3790"}],"icon_color":"custom","icon_primary_color":"rgba(0,0,0,0)","icon_secondary_color":"#000000","icon_size":{"unit":"px","size":16},"hover_secondary_color":"#00ce1b","hover_animation":"grow"},"elements":[],"isInner":false,"widgetType":"social-icons","elType":"widget"}],"isInner":true,"elType":"column"},{"id":"230aea18","settings":{"_column_size":25,"_inline_size":null},"elements":[{"id":"5ddde358","settings":{"image":{"id":"3925","url":"https:\/\/cliente.shazamlnv.com\/setasolar\/wp-content\/uploads\/2022\/04\/team_2.jpg"},"title_text":"Jack Daniel","description_text":"Market Research","image_space":{"unit":"px","size":22},"image_size":{"unit":"%","size":70},"text_align":"center","content_vertical_alignment":"middle","title_bottom_space":{"unit":"px","size":5},"title_color":"#435061","title_typography_typography":"custom","title_typography_font_size":{"unit":"px","size":24},"title_typography_font_weight":"400","description_color":"#bfbfbf","description_typography_typography":"custom","description_typography_font_size":{"unit":"px","size":15},"description_typography_font_weight":"300","description_typography_text_transform":"capitalize","description_typography_letter_spacing":{"unit":"px","size":1.899999999999999911182158029987476766109466552734375},"title_typography_font_size_tablet":{"unit":"px","size":21}},"elements":[],"isInner":false,"widgetType":"image-box","elType":"widget"},{"id":"640bce6a","settings":{"social_icon_list":[{"social":"fa fa-facebook","_id":"8b93740"},{"social":"fa fa-twitter","_id":"d2b7695"},{"social":"fa fa-codepen","_id":"0831677"},{"social":"fa fa-behance","_id":"0ac3790"}],"icon_color":"custom","icon_primary_color":"rgba(0,0,0,0)","icon_secondary_color":"#000000","icon_size":{"unit":"px","size":16},"hover_secondary_color":"#00ce1b","hover_animation":"grow"},"elements":[],"isInner":false,"widgetType":"social-icons","elType":"widget"}],"isInner":true,"elType":"column"}],"isInner":true,"elType":"section"}],"isInner":false,"elType":"column"}],"isInner":false,"elType":"section"},{"id":"86eb1cc","settings":{"gap":"no","custom_height":{"unit":"px","size":800},"content_position":"middle","padding":{"unit":"px","top":"100","right":"0","bottom":"100","left":"0","isLinked":false},"padding_tablet":{"unit":"px","top":"100","right":"25","bottom":"100","left":"25","isLinked":false},"padding_mobile":{"unit":"px","top":"50","right":"20","bottom":"50","left":"20","isLinked":false},"background_background":"classic","background_color":"#4054b2","background_image":{"id":"3926","url":"https:\/\/cliente.shazamlnv.com\/setasolar\/wp-content\/uploads\/2022\/04\/header-1.jpg"},"background_overlay_background":"classic","background_overlay_color":"#1733b2","background_overlay_color_b":"#4054b2","background_overlay_gradient_angle":{"unit":"deg","size":220},"background_overlay_opacity":{"unit":"px","size":0.689999999999999946709294817992486059665679931640625},"background_position":"center center","background_attachment":"scroll","background_repeat":"repeat","background_size":"cover"},"elements":[{"id":"370b5670","settings":{"_column_size":100},"elements":[{"id":"39fe1069","settings":{"title":"Need to discuss anything?","align":"center","title_color":"#ffffff","typography_typography":"custom","typography_font_size":{"unit":"px","size":45},"typography_font_weight":"600","typography_font_size_mobile":{"unit":"px","size":35},"typography_font_size_tablet":{"unit":"px","size":40}},"elements":[],"isInner":false,"widgetType":"heading","elType":"widget"},{"id":"200eead6","settings":{"title":"Get updates on our all listing","header_size":"h5","align":"center","title_color":"#ffffff","typography_typography":"custom","typography_font_size":{"unit":"px","size":15},"typography_font_weight":"400","typography_text_transform":"uppercase","typography_letter_spacing":{"unit":"px","size":3},"typography_line_height_mobile":{"unit":"px","size":20},"typography_font_size_tablet":{"unit":"px","size":13},"_padding":{"unit":"px","top":"20","right":"0","bottom":"20","left":"0","isLinked":false}},"elements":[],"isInner":false,"widgetType":"heading","elType":"widget"},{"id":"2cc5d5e4","settings":{"text":"Contact Us","align":"center","icon":"fa fa-chevron-right","icon_align":"right","icon_indent":{"unit":"px","size":9},"background_color":"#f7657d","text_padding":{"unit":"px","top":"20","right":"40","bottom":"20","left":"40","isLinked":false},"_padding":{"unit":"px","top":"0","right":"0","bottom":"0","left":"0","isLinked":false},"selected_icon":{"value":"fas fa-chevron-right","library":"fa-solid"}},"elements":[],"isInner":false,"widgetType":"button","elType":"widget"}],"isInner":false,"elType":"column"}],"isInner":false,"elType":"section"}],"page_settings":[],"version":"0.4","title":"CORRETOR DE IM\u00d3VEIS","type":"section"}