{"version":"0.4","title":"Digital Product > Pricing","type":"page","content":[{"id":"201253dc","settings":{"padding":{"unit":"px","top":"40","right":"40","bottom":"0","left":"40","isLinked":""},"layout":"full_width","background_image":{"url":"http:\/\/sitefacilitado.com.br\/membros\/wp-content\/uploads\/2020\/03\/shapeoverlay1.png","id":"6358"},"background_position":"center center","background_repeat":"no-repeat","background_size":"cover","margin":{"unit":"px","top":"0","right":"0","bottom":"0","left":"0","isLinked":""},"padding_mobile":{"unit":"em","top":"0","right":"0","bottom":"0","left":"0","isLinked":""},"background_background":"classic","background_attachment":"fixed","z_index":"9"},"elements":[{"id":"194ea209","settings":{"_column_size":"100","_inline_size":"","_inline_size_tablet":"100","content_position":"top","margin":{"unit":"px","top":"0","right":"0","bottom":"0","left":"0","isLinked":""},"margin_tablet":{"unit":"px","top":"0","right":"0","bottom":"0","left":"0","isLinked":""},"padding":{"unit":"px","top":"0","right":"0","bottom":"0","left":"0","isLinked":""},"margin_mobile":{"unit":"px","top":"0","right":"0","bottom":"0","left":"0","isLinked":""},"padding_mobile":{"unit":"px","top":"0","right":"0","bottom":"0","left":"0","isLinked":""}},"elements":[{"id":"74927b79","settings":{"structure":"20","z_index":"2","background_background":"classic","background_color":"#f4f5f7","padding":{"unit":"px","top":"180","right":"0","bottom":"0","left":"80","isLinked":""},"margin_mobile":{"unit":"px","top":"0","right":"0","bottom":"0","left":"0","isLinked":""},"padding_mobile":{"unit":"px","top":"30","right":"30","bottom":"30","left":"30","isLinked":""},"shape_divider_bottom_width":{"unit":"%","size":"135"},"shape_divider_bottom_height":{"unit":"px","size":"295"},"shape_divider_bottom_negative":"yes","height_inner":"min-height","custom_height_inner":{"unit":"px","size":"425"},"background_overlay_background":"classic","background_overlay_image":{"url":"http:\/\/sitefacilitado.com.br\/membros\/wp-content\/uploads\/2020\/03\/mountains-graphic-cc0.png","id":"6360"},"background_overlay_position":"top center","background_overlay_ypos":{"unit":"px","size":"-46"},"background_overlay_size":"cover","background_overlay_opacity":{"unit":"px","size":"1"},"shape_divider_bottom":"curve","margin":{"unit":"px","top":"0","right":"0","bottom":"-114","left":"0","isLinked":""},"shape_divider_bottom_color":"#ffffff","shape_divider_bottom_width_tablet":{"unit":"%","size":"180"},"shape_divider_bottom_height_tablet":{"unit":"px","size":"36"},"margin_tablet":{"unit":"px","top":"-14","right":"0","bottom":"-14","left":"0","isLinked":"1"},"padding_tablet":{"unit":"em","top":"2","right":"2","bottom":"2","left":"2","isLinked":"1"}},"elements":[{"id":"6e6e6d62","settings":{"_column_size":"50","_inline_size":"46.754","_inline_size_tablet":"100","margin":{"unit":"px","top":"0","right":"80","bottom":"0","left":"0","isLinked":""},"padding":{"unit":"em","top":"1","right":"1","bottom":"1","left":"1","isLinked":"1"},"margin_tablet":{"unit":"px","top":"0","right":"0","bottom":"0","left":"0","isLinked":""},"margin_mobile":{"unit":"px","top":"0","right":"0","bottom":"0","left":"0","isLinked":""},"padding_mobile":{"unit":"px","top":"0","right":"0","bottom":"40","left":"0","isLinked":""},"content_position":"center"},"elements":[{"id":"285ae0ea","settings":{"title":"Pricing","header_size":"h1","align":"left","align_tablet":"center","title_color":"#000000","typography_typography":"custom","typography_font_family":"Fredoka One","typography_font_size":{"unit":"rem","size":"4"},"typography_text_transform":"capitalize","typography_line_height":{"unit":"em","size":"1.2"},"_margin":{"unit":"px","top":"0","right":"0","bottom":"30","left":"0","isLinked":""},"typography_font_size_mobile":{"unit":"px","size":"30"},"typography_line_height_mobile":{"unit":"px","size":"40"},"_animation":"fadeIn","typography_font_weight":"100","typography_letter_spacing":{"unit":"px","size":"-1"}},"elements":[],"isInner":false,"widgetType":"heading","elType":"widget"},{"id":"3d4bc461","settings":{"align":"left","text_color":"#000000","typography_typography":"custom","typography_font_family":"Nunito","typography_font_size":{"unit":"px","size":"16"},"typography_line_height":{"unit":"px","size":"24"},"editor":"<p>Te maiorum pericula neglegentur sit, pro fabulas iracundia ad. Ne vim facilis feugait moderatius, nec eu perpetua scriptorem referrentur. Ut alii delicata mei. Cum case maluisset liberavisse ad.<\/p>","align_tablet":"center","_margin":{"unit":"px","top":"0","right":"0","bottom":"60","left":"0","isLinked":""},"typography_font_style":"oblique","_padding":{"unit":"em","top":"0","right":"3","bottom":"0","left":"0","isLinked":""}},"elements":[],"isInner":false,"widgetType":"text-editor","elType":"widget"}],"isInner":"1","elType":"column"},{"id":"37966a59","settings":{"_column_size":"50","_inline_size":"53.246","_inline_size_tablet":"100","content_position":"center","margin":{"unit":"px","top":"0","right":"0","bottom":"-53","left":"0","isLinked":""},"padding":{"unit":"px","top":"80","right":"0","bottom":"0","left":"0","isLinked":""},"background_background":"classic","background_image":{"url":"http:\/\/sitefacilitado.com.br\/membros\/wp-content\/uploads\/2020\/03\/image-from-rawpixel-id-456067-deriv-1.png","id":"6345"},"background_size":"contain","background_bg_width":{"unit":"%","size":"120"},"background_position":"center center","background_repeat":"no-repeat","margin_tablet":{"unit":"px","top":"0","right":"0","bottom":"0","left":"0","isLinked":"1"},"padding_tablet":{"unit":"px","top":"0","right":"0","bottom":"0","left":"0","isLinked":"1"}},"elements":[{"id":"52289c06","settings":{"_margin_tablet":{"unit":"px","top":"0","right":"0","bottom":"0","left":"0","isLinked":""},"_padding_tablet":{"unit":"px","top":"122","right":"122","bottom":"122","left":"122","isLinked":"1"}},"elements":[],"isInner":false,"widgetType":"spacer","elType":"widget"}],"isInner":"1","elType":"column"}],"isInner":"1","elType":"section"}],"isInner":"","elType":"column"}],"isInner":"","elType":"section"},{"id":"712ce894","settings":{"layout":"full_width","background_background":"classic","background_color":"#ffffff","background_position":"initial","background_xpos":{"unit":"%","size":"50"},"background_ypos":{"unit":"px","size":"-17"},"background_repeat":"repeat-y","background_size":"cover","background_bg_width":{"unit":"px","size":"877"},"background_overlay_background":"classic","background_overlay_color":"#ffffff","background_overlay_image":{"url":"http:\/\/sitefacilitado.com.br\/membros\/wp-content\/uploads\/2020\/03\/shape-gradient2.png","id":"6350"},"background_overlay_position":"initial","background_overlay_xpos":{"unit":"px","size":"174"},"background_overlay_ypos":{"unit":"px","size":"44"},"background_overlay_repeat":"no-repeat","background_overlay_size":"initial","background_overlay_bg_width":{"unit":"%","size":"93"},"background_overlay_opacity":{"unit":"px","size":"0.07"},"css_filters_css_filter":"custom","css_filters_saturate":{"unit":"px","size":"0"},"padding":{"unit":"px","top":"0140","right":"0","bottom":"80","left":"0","isLinked":""},"margin_tablet":{"unit":"px","top":"0","right":"0","bottom":"0","left":"0","isLinked":"1"},"padding_tablet":{"unit":"px","top":"0","right":"0","bottom":"0","left":"0","isLinked":"1"}},"elements":[{"id":"e18add9","settings":{"_column_size":"100","_inline_size_tablet":"100"},"elements":[{"id":"2edad671","settings":{"structure":"20","padding":{"unit":"px","top":"180","right":"0","bottom":"140","left":"0","isLinked":""},"background_position":"initial","background_size":"initial","background_xpos":{"unit":"px","size":"-75"},"background_ypos":{"unit":"px","size":"-800"},"background_bg_width":{"unit":"vw","size":"54"},"z_index":"8","background_color":"#ffffff","background_color_b":"#e0358b","background_gradient_angle":{"unit":"deg","size":"90"},"background_overlay_image":{"url":"http:\/\/sitefacilitado.com.br\/membros\/wp-content\/uploads\/2020\/03\/shape-white-1.png","id":"6349"},"background_overlay_position":"top center","background_overlay_repeat":"no-repeat","background_overlay_size":"cover","background_overlay_opacity":{"unit":"px","size":"1"},"shape_divider_top_color":"#e2e9ff","shape_divider_top_width":{"unit":"%","size":"90"},"shape_divider_top_height":{"unit":"px","size":"98"},"padding_mobile":{"unit":"px","top":"60","right":"20","bottom":"60","left":"20","isLinked":""},"color_link":"#e20b9e"},"elements":[{"id":"2773662e","settings":{"_column_size":"50","_inline_size":"50","content_position":"center","background_position":"center right","background_repeat":"no-repeat","background_size":"contain","_inline_size_tablet":"50","background_background":"classic","background_overlay_background":"classic","background_overlay_image":{"url":"http:\/\/sitefacilitado.com.br\/membros\/wp-content\/uploads\/2020\/03\/shape-gradienta2.png","id":"6368"},"background_overlay_position":"center center","background_overlay_repeat":"no-repeat","background_overlay_size":"contain","background_overlay_opacity":{"unit":"px","size":"1"},"css_filters_saturate":{"unit":"px","size":"91"},"padding":{"unit":"%","top":"10","right":"10","bottom":"10","left":"10","isLinked":""},"css_filters_css_filter":"custom","css_filters_contrast":{"unit":"px","size":"95"}},"elements":[{"id":"16ac003b","settings":{"layout":"full_width","content_width":{"unit":"px","size":"500"},"background_background":"classic","background_color":"#ffffff","border_radius":{"unit":"px","top":"9","right":"9","bottom":"9","left":"9","isLinked":"1"},"box_shadow_box_shadow_type":"yes","box_shadow_box_shadow":{"horizontal":"-8","vertical":"4","blur":"30","spread":"14","color":"rgba(0,0,0,0.02)"},"padding":{"unit":"em","top":"3","right":"3","bottom":"3","left":"3","isLinked":"1"}},"elements":[{"id":"22a4aa6f","settings":{"_column_size":"100","_inline_size":""},"elements":[{"id":"7f48f8d4","settings":{"title":"$19.99","align_tablet":"center","title_color":"#000000","typography_typography":"custom","typography_font_family":"Fredoka One","typography_font_size":{"unit":"px","size":"40"},"typography_text_transform":"capitalize","typography_line_height":{"unit":"px","size":"40"},"align":"center","_margin":{"unit":"px","top":"0","right":"0","bottom":"0","left":"0","isLinked":""},"_animation":"fadeIn","typography_font_weight":"100"},"elements":[],"isInner":false,"widgetType":"heading","elType":"widget"},{"id":"36d95b30","settings":{"align":"center","typography_typography":"custom","typography_font_family":"Nunito","typography_font_size":{"unit":"rem","size":"1"},"typography_line_height":{"unit":"em","size":"1.7"},"editor":"<p>For teams that need to create project plans with confidence.<\/p>","align_tablet":"center"},"elements":[],"isInner":false,"widgetType":"text-editor","elType":"widget"},{"id":"204aa981","settings":{"align":"center","text_color":"#000000","typography_typography":"custom","typography_font_family":"Nunito","typography_font_size":{"unit":"px","size":"14"},"typography_line_height":{"unit":"px","size":"20"},"editor":"<p><a href=\"#\">learn more<\/a><br \/><span class=\"price-per price-billed-monthly-premium\"><span class=\"price-per price-billed-monthly\">$26.99<\/span><\/span>\u00a0billed monthly<\/p>","align_tablet":"center","_margin":{"unit":"px","top":"0","right":"0","bottom":"0","left":"0","isLinked":""},"typography_font_weight":"500"},"elements":[],"isInner":false,"widgetType":"text-editor","elType":"widget"}],"isInner":"1","elType":"column"}],"isInner":"1","elType":"section"},{"id":"100cbbcb","settings":{"image":{"url":"http:\/\/sitefacilitado.com.br\/membros\/wp-content\/uploads\/2020\/03\/on_image_like.png","id":"6351"},"align":"left","width":{"unit":"%","size":"24"},"_margin":{"unit":"px","top":"-106","right":"0","bottom":"0","left":"-60","isLinked":""}},"elements":[],"isInner":false,"widgetType":"image","elType":"widget"}],"isInner":"","elType":"column"},{"id":"173e0785","settings":{"_column_size":"50","_inline_size":"50","_inline_size_tablet":"50","content_position":"top","margin":{"unit":"px","top":"0","right":"0","bottom":"0","left":"0","isLinked":""},"margin_tablet":{"unit":"px","top":"0","right":"0","bottom":"0","left":"0","isLinked":""},"animation":"fadeIn","padding":{"unit":"em","top":"5","right":"3","bottom":"5","left":"5","isLinked":""},"padding_mobile":{"unit":"em","top":"1","right":"1","bottom":"1","left":"1","isLinked":"1"}},"elements":[{"id":"3d26a44b","settings":{"title":"Awesome Features","align":"left","align_tablet":"left","title_color":"#4054b2","typography_typography":"custom","typography_font_family":"Nunito","typography_font_size":{"unit":"px","size":"18"},"typography_text_transform":"capitalize","typography_line_height":{"unit":"px","size":"30"},"header_size":"h4","_margin":{"unit":"px","top":"0","right":"0","bottom":"-10","left":"0","isLinked":""},"_padding":{"unit":"px","top":"0","right":"0","bottom":"0","left":"0","isLinked":""},"typography_font_weight":"400","typography_font_style":"italic","align_mobile":"center"},"elements":[],"isInner":false,"widgetType":"heading","elType":"widget"},{"id":"7d20f731","settings":{"title":"Premium","align":"left","align_tablet":"left","title_color":"#4054b2","typography_typography":"custom","typography_font_family":"Fredoka One","typography_font_size":{"unit":"rem","size":"2.5"},"typography_text_transform":"capitalize","typography_line_height":{"unit":"em","size":"1.4"},"typography_font_weight":"100","_animation":"fadeIn","align_mobile":"center"},"elements":[],"isInner":false,"widgetType":"heading","elType":"widget"},{"id":"1f08d65c","settings":{"align":"left","text_color":"#000000","typography_typography":"custom","typography_font_family":"Nunito","typography_font_size":{"unit":"px","size":"16"},"typography_line_height":{"unit":"px","size":"24"},"editor":"<p class=\"plan-features__title\">Track team projects with features like:<\/p>","align_tablet":"left","_margin":{"unit":"px","top":"0","right":"0","bottom":"0","left":"0","isLinked":""},"typography_font_weight":"700","align_mobile":"center"},"elements":[],"isInner":false,"widgetType":"text-editor","elType":"widget"},{"id":"2b23a9e7","settings":{"icon_list":[{"text":"Easy-to-Use","icon":"fa fa-check","_id":"5967ca0","link":{"url":"","is_external":"","nofollow":""}},{"text":"Visual page builder (Elementor)","icon":"fa fa-check","_id":"0222f7a","link":{"url":"","is_external":"","nofollow":""}},{"text":"Slider Revolution Included","icon":"fa fa-check","_id":"77a85ab","link":{"url":"","is_external":"","nofollow":""}}],"space_between":{"unit":"px","size":"9"},"icon_align_tablet":"left","icon_color":"#4f6df5","icon_size":{"unit":"px","size":"21"},"text_color":"#000000","icon_typography_typography":"custom","icon_typography_font_family":"Nunito","icon_typography_font_size":{"unit":"px","size":"14"},"icon_typography_font_weight":"600","_animation":"fadeIn","icon_align":"left","text_indent":{"unit":"px","size":"29"},"_padding":{"unit":"em","top":"0","right":"3","bottom":"0","left":"0","isLinked":""},"icon_align_mobile":"left"},"elements":[],"isInner":false,"widgetType":"icon-list","elType":"widget"},{"id":"7e915117","settings":{"text":"Start Free trial","align":"left","size":"xs","icon_align":"right","icon_indent":{"unit":"px","size":"21"},"typography_typography":"custom","typography_font_family":"Nunito","typography_font_size":{"unit":"px","size":"14"},"typography_font_weight":"900","typography_text_transform":"uppercase","typography_letter_spacing":{"unit":"px","size":"0.5"},"button_text_color":"#2572ff","background_color":"#ffffff","hover_color":"#ffffff","button_background_hover_color":"#2572ff","border_radius":{"unit":"px","top":"50","right":"50","bottom":"50","left":"50","isLinked":"1"},"text_padding":{"unit":"em","top":"","right":"","bottom":"","left":"","isLinked":""},"border_width":{"unit":"px","top":"4","right":"4","bottom":"4","left":"4","isLinked":"1"},"border_color":"#2572ff","align_tablet":"left","_margin":{"unit":"px","top":"30","right":"0","bottom":"0","left":"0","isLinked":""},"_css_classes":"envato-kit-128-grad-border","align_mobile":"center"},"elements":[],"isInner":false,"widgetType":"button","elType":"widget"}],"isInner":"","elType":"column"}],"isInner":"","elType":"section"},{"id":"480474a","settings":{"margin":{"unit":"px","top":"-60","right":"0","bottom":"0","left":"0","isLinked":""},"padding":{"unit":"px","top":"0","right":"0","bottom":"40","left":"0","isLinked":""}},"elements":[{"id":"4705379d","settings":{"_column_size":"100"},"elements":[{"id":"5a612999","settings":{"image":{"url":"http:\/\/sitefacilitado.com.br\/membros\/wp-content\/uploads\/2020\/03\/connector-flip.png","id":"6356"},"image_size":"full","_animation":"fadeInDown","_margin":{"unit":"px","top":"0","right":"0","bottom":"0","left":"0","isLinked":""},"_z_index":"9"},"elements":[],"isInner":false,"widgetType":"image","elType":"widget"}],"isInner":"","elType":"column"}],"isInner":"","elType":"section"},{"id":"4e7f953","settings":{"structure":"20","padding":{"unit":"px","top":"80","right":"0","bottom":"80","left":"0","isLinked":""},"background_position":"initial","background_size":"initial","background_xpos":{"unit":"px","size":"-75"},"background_ypos":{"unit":"px","size":"-800"},"background_bg_width":{"unit":"vw","size":"54"},"z_index":"8","background_color":"#ffffff","background_color_b":"#e0358b","background_gradient_angle":{"unit":"deg","size":"90"},"background_overlay_image":{"url":"http:\/\/sitefacilitado.com.br\/membros\/wp-content\/uploads\/2020\/03\/shape-white-1.png","id":"6349"},"background_overlay_position":"top center","background_overlay_repeat":"no-repeat","background_overlay_size":"cover","background_overlay_opacity":{"unit":"px","size":"1"},"shape_divider_top_color":"#e2e9ff","shape_divider_top_width":{"unit":"%","size":"90"},"shape_divider_top_height":{"unit":"px","size":"98"},"padding_mobile":{"unit":"px","top":"60","right":"20","bottom":"60","left":"20","isLinked":""},"color_link":"#dd4fac","reverse_order_mobile":"reverse-mobile"},"elements":[{"id":"3daf13b5","settings":{"_column_size":"50","_inline_size":"50","_inline_size_tablet":"50","content_position":"top","margin":{"unit":"px","top":"0","right":"0","bottom":"0","left":"0","isLinked":""},"margin_tablet":{"unit":"px","top":"0","right":"0","bottom":"0","left":"0","isLinked":""},"animation":"fadeIn","padding":{"unit":"em","top":"2","right":"2","bottom":"2","left":"2","isLinked":"1"},"padding_mobile":{"unit":"em","top":"1","right":"1","bottom":"1","left":"1","isLinked":"1"}},"elements":[{"id":"642918ad","settings":{"title":"Awesome Features","align":"left","align_tablet":"center","title_color":"#4054b2","typography_typography":"custom","typography_font_family":"Nunito","typography_font_size":{"unit":"px","size":"18"},"typography_text_transform":"capitalize","typography_line_height":{"unit":"px","size":"30"},"header_size":"h4","_margin":{"unit":"px","top":"0","right":"0","bottom":"-10","left":"0","isLinked":""},"_padding":{"unit":"px","top":"0","right":"0","bottom":"0","left":"0","isLinked":""},"typography_font_weight":"400","typography_font_style":"italic"},"elements":[],"isInner":false,"widgetType":"heading","elType":"widget"},{"id":"38be1444","settings":{"title":"Premium Teams","align":"left","align_tablet":"center","title_color":"#4054b2","typography_typography":"custom","typography_font_family":"Fredoka One","typography_font_size":{"unit":"rem","size":"2.5"},"typography_text_transform":"capitalize","typography_line_height":{"unit":"em","size":"1.4"},"typography_font_weight":"100","_animation":"fadeIn"},"elements":[],"isInner":false,"widgetType":"heading","elType":"widget"},{"id":"4f85d353","settings":{"align":"left","typography_typography":"custom","typography_font_family":"Nunito","typography_font_size":{"unit":"rem","size":"1"},"typography_line_height":{"unit":"em","size":"1.7"},"editor":"<p>Lorem ipsum dolor sit amet, consectetur adipiscing elit. Ut elit tellus, luctus nec ullamcorper mattis, pulvinar dapibus leo.<\/p>","align_tablet":"center"},"elements":[],"isInner":false,"widgetType":"text-editor","elType":"widget"},{"id":"5bfb9577","settings":{"align":"left","text_color":"#000000","typography_typography":"custom","typography_font_family":"Nunito","typography_font_size":{"unit":"px","size":"16"},"typography_line_height":{"unit":"px","size":"24"},"editor":"<p class=\"plan-features__title\">Track team projects with features like:<\/p>","align_tablet":"center","_margin":{"unit":"px","top":"0","right":"0","bottom":"0","left":"0","isLinked":""},"typography_font_weight":"700"},"elements":[],"isInner":false,"widgetType":"text-editor","elType":"widget"},{"id":"7fd641fd","settings":{"icon_list":[{"text":"Easy-to-Use","icon":"fa fa-check","_id":"5967ca0","link":{"url":"","is_external":"","nofollow":""}},{"text":"Visual page builder (Elementor)","icon":"fa fa-check","_id":"0222f7a","link":{"url":"","is_external":"","nofollow":""}},{"text":"Slider Revolution Included","icon":"fa fa-check","_id":"77a85ab","link":{"url":"","is_external":"","nofollow":""}}],"space_between":{"unit":"px","size":"18"},"icon_align_tablet":"left","icon_color":"#3f5eea","icon_size":{"unit":"px","size":"21"},"text_color":"#000000","icon_typography_typography":"custom","icon_typography_font_family":"Nunito","icon_typography_font_size":{"unit":"rem","size":""},"icon_typography_font_weight":"600","_animation":"fadeIn","_padding":{"unit":"em","top":"2","right":"0","bottom":"0","left":"2","isLinked":""},"icon_align_mobile":"left"},"elements":[],"isInner":false,"widgetType":"icon-list","elType":"widget"},{"id":"5e1c5ea5","settings":{"text":"Start Free trial","align":"left","size":"xs","icon_align":"right","icon_indent":{"unit":"px","size":"21"},"typography_typography":"custom","typography_font_family":"Nunito","typography_font_size":{"unit":"px","size":"14"},"typography_font_weight":"900","typography_text_transform":"uppercase","typography_letter_spacing":{"unit":"px","size":"0.5"},"button_text_color":"#2572ff","background_color":"#ffffff","hover_color":"#ffffff","button_background_hover_color":"#2572ff","border_radius":{"unit":"px","top":"50","right":"50","bottom":"50","left":"50","isLinked":"1"},"text_padding":{"unit":"em","top":"","right":"","bottom":"","left":"","isLinked":""},"border_width":{"unit":"px","top":"4","right":"4","bottom":"4","left":"4","isLinked":"1"},"border_color":"#2572ff","align_tablet":"center","_margin":{"unit":"px","top":"30","right":"0","bottom":"0","left":"0","isLinked":""},"_css_classes":"envato-kit-128-grad-border","align_mobile":"center"},"elements":[],"isInner":false,"widgetType":"button","elType":"widget"}],"isInner":"","elType":"column"},{"id":"307517af","settings":{"_column_size":"50","_inline_size":"50","content_position":"center","background_position":"center right","background_repeat":"no-repeat","background_size":"contain","_inline_size_tablet":"50","background_background":"classic","background_overlay_background":"classic","background_overlay_image":{"url":"http:\/\/sitefacilitado.com.br\/membros\/wp-content\/uploads\/2020\/03\/shape-gradienta1.png","id":"6343"},"background_overlay_position":"center center","background_overlay_repeat":"no-repeat","background_overlay_size":"contain","background_overlay_opacity":{"unit":"px","size":"1"},"css_filters_saturate":{"unit":"px","size":"95"},"padding":{"unit":"%","top":"10","right":"10","bottom":"10","left":"10","isLinked":""},"css_filters_css_filter":"custom"},"elements":[{"id":"13081af7","settings":{"image":{"url":"http:\/\/sitefacilitado.com.br\/membros\/wp-content\/uploads\/2020\/03\/business-app.jpg","id":"6369"},"image_size":"full","align":"right","width":{"unit":"%","size":"51"},"_margin":{"unit":"px","top":"0","right":"-50","bottom":"-66","left":"25","isLinked":""}},"elements":[],"isInner":false,"widgetType":"image","elType":"widget"},{"id":"5233fd1f","settings":{"layout":"full_width","content_width":{"unit":"px","size":"500"},"background_background":"classic","background_color":"#ffffff","border_radius":{"unit":"px","top":"9","right":"9","bottom":"9","left":"9","isLinked":"1"},"box_shadow_box_shadow_type":"yes","box_shadow_box_shadow":{"horizontal":"-8","vertical":"4","blur":"30","spread":"14","color":"rgba(0,0,0,0.02)"},"padding":{"unit":"em","top":"3","right":"3","bottom":"3","left":"3","isLinked":"1"}},"elements":[{"id":"6fd2bb4c","settings":{"_column_size":"100","_inline_size":""},"elements":[{"id":"403232bf","settings":{"title":"$49.99","align_tablet":"center","title_color":"#000000","typography_typography":"custom","typography_font_family":"Fredoka One","typography_font_size":{"unit":"px","size":"40"},"typography_text_transform":"capitalize","typography_line_height":{"unit":"px","size":"40"},"align":"center","_margin":{"unit":"px","top":"0","right":"0","bottom":"0","left":"0","isLinked":""},"_animation":"fadeIn","typography_font_weight":"100"},"elements":[],"isInner":false,"widgetType":"heading","elType":"widget"},{"id":"d24c506","settings":{"align":"center","typography_typography":"custom","typography_font_family":"Nunito","typography_font_size":{"unit":"rem","size":"1"},"typography_line_height":{"unit":"em","size":"1.7"},"editor":"<p>For teams that need to create project plans with confidence.<\/p>","align_tablet":"center"},"elements":[],"isInner":false,"widgetType":"text-editor","elType":"widget"},{"id":"623c53b2","settings":{"align":"center","text_color":"#000000","typography_typography":"custom","typography_font_family":"Nunito","typography_font_size":{"unit":"px","size":"14"},"typography_line_height":{"unit":"px","size":"20"},"editor":"<p><a href=\"#\">learn more<\/a><br \/><span class=\"price-per price-billed-monthly-premium\"><span class=\"price-per price-billed-monthly\">$26.99<\/span><\/span>\u00a0billed monthly<\/p>","align_tablet":"center","_margin":{"unit":"px","top":"0","right":"0","bottom":"0","left":"0","isLinked":""},"typography_font_weight":"500"},"elements":[],"isInner":false,"widgetType":"text-editor","elType":"widget"}],"isInner":"1","elType":"column"}],"isInner":"1","elType":"section"},{"id":"b7d845d","settings":{"image":{"url":"http:\/\/sitefacilitado.com.br\/membros\/wp-content\/uploads\/2020\/03\/masonry.png","id":"6362"},"align":"left","width":{"unit":"%","size":"21"},"_margin":{"unit":"px","top":"-107","right":"0","bottom":"38","left":"-75","isLinked":""},"_z_index":"9"},"elements":[],"isInner":false,"widgetType":"image","elType":"widget"}],"isInner":"","elType":"column"}],"isInner":"","elType":"section"}],"isInner":"","elType":"column"}],"isInner":"","elType":"section"},{"id":"76ed9b80","settings":{"margin":{"unit":"px","top":"-60","right":"0","bottom":"10","left":"0","isLinked":""},"margin_mobile":{"unit":"px","top":"-80","right":"0","bottom":"0","left":"0","isLinked":""}},"elements":[{"id":"7d89f88f","settings":{"_column_size":"100","padding":{"unit":"px","top":"0","right":"0","bottom":"0","left":"0","isLinked":""}},"elements":[{"id":"92054df","settings":{"align":"center","text_color":"#000000","typography_typography":"custom","typography_font_family":"Nunito","typography_font_size":{"unit":"px","size":"14"},"typography_line_height":{"unit":"px","size":"24"},"editor":"<p>Just getting started? Try the\u00a0<a href=\"#\">basic version<\/a>\u00a0<\/p>","align_tablet":"center","_margin":{"unit":"px","top":"0","right":"0","bottom":"0","left":"0","isLinked":""},"typography_font_weight":"700","_margin_mobile":{"unit":"px","top":"0","right":"0","bottom":"0","left":"0","isLinked":""}},"elements":[],"isInner":false,"widgetType":"text-editor","elType":"widget"}],"isInner":"","elType":"column"}],"isInner":"","elType":"section"},{"id":"49ac9b10","settings":{"padding":{"unit":"px","top":"60","right":"0","bottom":"100","left":"0","isLinked":""},"padding_tablet":{"unit":"px","top":"40","right":"20","bottom":"60","left":"20","isLinked":""}},"elements":[{"id":"1238e4ba","settings":{"_column_size":"100","_inline_size":"","_inline_size_tablet":"100","margin":{"unit":"px","top":"0","right":"60","bottom":"0","left":"0","isLinked":""},"margin_tablet":{"unit":"px","top":"0","right":"0","bottom":"0","left":"0","isLinked":""}},"elements":[{"id":"142408db","settings":{"title":"Frequently asked questions\n","align_tablet":"center","title_color":"#4054b2","typography_typography":"custom","typography_font_family":"Fredoka One","typography_font_size":{"unit":"rem","size":"1.6"},"typography_text_transform":"capitalize","typography_line_height":{"unit":"em","size":"1.4"},"align":"center","_animation":"fadeIn","typography_font_weight":"100"},"elements":[],"isInner":false,"widgetType":"heading","elType":"widget"},{"id":"5e3119ea","settings":{"tabs":[{"tab_title":"No dictas diceret eos, eu his commodo iuvaret ancillae?","tab_content":"<p>Voluptatum disputationi id mel, ei postea adolescens consequuntur sed. Choro noluisse persecuti sit ad, duo dolore virtute at. Vix an audiam molestiae repudiandae, in soluta facete dolorem nec, an iisque aliquip eum.<\/p>","_id":"4e4e498"},{"tab_title":"Zril utroque verterem ne vim?","tab_content":"<p>Voluptatum disputationi id mel, ei postea adolescens consequuntur sed. Choro noluisse persecuti sit ad, duo dolore virtute at. Vix an audiam molestiae repudiandae, in soluta facete dolorem nec, an iisque aliquip eum.<\/p>","_id":"88791a7"},{"tab_title":"Putant honestatis has ne. Veri animal facilisi ut pro, in nec homero praesent?","tab_content":"<p>Voluptatum disputationi id mel, ei postea adolescens consequuntur sed. Choro noluisse persecuti sit ad, duo dolore virtute at. Vix an audiam molestiae repudiandae, in soluta facete dolorem nec, an iisque aliquip eum.<\/p>","_id":"ac1be16"},{"tab_title":"Harum voluptatum ea pro, veritus quaestio sit an, sed errem decore reprehendunt?","tab_content":"<p>Voluptatum disputationi id mel, ei postea adolescens consequuntur sed. Choro noluisse persecuti sit ad, duo dolore virtute at. Vix an audiam molestiae repudiandae, in soluta facete dolorem nec, an iisque aliquip eum.<\/p>","_id":"dd9ea66"},{"tab_title":"Ad elitr feugiat adolescens vim. Nostro vocibus omittantur ius ut, omnis?","tab_content":"<p>Voluptatum disputationi id mel, ei postea adolescens consequuntur sed. Choro noluisse persecuti sit ad, duo dolore virtute at. Vix an audiam molestiae repudiandae, in soluta facete dolorem nec, an iisque aliquip eum.<\/p>","_id":"0f8d47c"}],"icon":"fa fa-chevron-right","icon_active":"fa fa-chevron-up","border_width":{"unit":"px","size":"1"},"border_color":"#eeeeee","title_color":"#000000","title_typography_typography":"custom","title_typography_font_family":"Nunito","title_typography_font_size":{"unit":"rem","size":""},"title_typography_line_height":{"unit":"px","size":"22"},"icon_align":"right","icon_color":"#2572ff","content_typography_typography":"custom","content_typography_font_family":"Nunito","content_typography_font_size":{"unit":"px","size":"16"},"content_typography_line_height":{"unit":"px","size":"24"},"content_padding":{"unit":"px","top":"10","right":"40","bottom":"10","left":"40","isLinked":""},"_margin_tablet":{"unit":"px","top":"40","right":"0","bottom":"0","left":"0","isLinked":""},"_animation":"fadeIn","title_typography_font_weight":"700"},"elements":[],"isInner":false,"widgetType":"accordion","elType":"widget"}],"isInner":"","elType":"column"}],"isInner":"","elType":"section"},{"id":"2496b7f2","settings":{"content_width":{"unit":"px","size":"720"},"padding":{"unit":"px","top":"80","right":"0","bottom":"80","left":"0","isLinked":""},"padding_mobile":{"unit":"px","top":"60","right":"20","bottom":"60","left":"20","isLinked":""},"background_background":"classic","background_color":"#ffffff","background_color_b":"#e032a6","background_gradient_angle":{"unit":"deg","size":"90"},"background_image":{"url":"http:\/\/sitefacilitado.com.br\/membros\/wp-content\/uploads\/2020\/03\/shapeoverlay1.png","id":"6358"},"background_position":"center center","background_size":"cover","background_overlay_background":"classic","background_overlay_image":{"url":"http:\/\/sitefacilitado.com.br\/membros\/wp-content\/uploads\/2020\/03\/shape-gradienta2.png","id":"6368"},"background_overlay_position":"top right","background_overlay_attachment":"fixed","background_overlay_size":"cover","background_overlay_opacity":{"unit":"px","size":"0.07"},"css_filters_css_filter":"custom","css_filters_saturate":{"unit":"px","size":"0"},"border_width":{"unit":"px","top":"0","right":"60","bottom":"0","left":"60","isLinked":""},"border_color":"#f4f4f4","box_shadow_box_shadow":{"horizontal":"-1","vertical":"35","blur":"52","spread":"-28","color":"rgba(0,0,0,0.5)"},"shape_divider_top":"curve","shape_divider_top_width":{"unit":"%","size":"180"},"shape_divider_top_negative":"yes","z_index":"8","animation":"fadeIn"},"elements":[{"id":"69067f9b","settings":{"_column_size":"100","_inline_size":"","_inline_size_tablet":"100","content_position":"top","margin":{"unit":"px","top":"0","right":"30","bottom":"0","left":"0","isLinked":""},"margin_tablet":{"unit":"px","top":"0","right":"0","bottom":"0","left":"0","isLinked":""},"padding_tablet":{"unit":"em","top":"3","right":"3","bottom":"3","left":"3","isLinked":"1"},"padding_mobile":{"unit":"em","top":"1","right":"1","bottom":"1","left":"1","isLinked":"1"}},"elements":[{"id":"38881152","settings":{"icon":"fa fa-support","primary_color":"#ef51a8","_margin":{"unit":"px","top":"0","right":"0","bottom":"40","left":"0","isLinked":""},"_animation":"fadeIn"},"elements":[],"isInner":false,"widgetType":"icon","elType":"widget"},{"id":"33df58","settings":{"title":"Still no luck? We can help!","align":"center","align_tablet":"center","title_color":"#000000","typography_typography":"custom","typography_font_family":"Fredoka One","typography_font_size":{"unit":"rem","size":"2.5"},"typography_text_transform":"capitalize","typography_line_height":{"unit":"em","size":"1.4"},"_animation":"fadeIn","typography_font_weight":"100","typography_font_size_tablet":{"unit":"rem","size":"1.6"}},"elements":[],"isInner":false,"widgetType":"heading","elType":"widget"},{"id":"12376deb","settings":{"align":"center","typography_typography":"custom","typography_font_family":"Nunito","typography_font_size":{"unit":"rem","size":"1.3"},"typography_line_height":{"unit":"em","size":"1.9"},"editor":"<p>Ut alii delicata mei. Cum case maluisset liberavisse ad, in torquatos interpretaris pro. Eu mel detracto torquatos, ut eum lorem facete. Ex est stet mnesarchum.<\/p>","align_tablet":"center","typography_font_weight":"500","typography_font_size_tablet":{"unit":"rem","size":"1"}},"elements":[],"isInner":false,"widgetType":"text-editor","elType":"widget"},{"id":"59276923","settings":{"text":"Chat With Us","align":"center","size":"md","icon":"fa fa-wechat","icon_align":"right","icon_indent":{"unit":"px","size":"14"},"typography_typography":"custom","typography_font_family":"Poppins","typography_font_size":{"unit":"px","size":"14"},"typography_font_weight":"600","typography_text_transform":"uppercase","typography_letter_spacing":{"unit":"px","size":"0.5"},"button_text_color":"#ffffff","background_color":"#2572ff","hover_color":"#ffffff","button_background_hover_color":"#e032a6","border_radius":{"unit":"px","top":"30","right":"30","bottom":"30","left":"30","isLinked":"1"},"text_padding":{"unit":"px","top":"20","right":"40","bottom":"20","left":"40","isLinked":""},"border_width":{"unit":"px","top":"2","right":"2","bottom":"2","left":"2","isLinked":"1"},"_padding":{"unit":"px","top":"0","right":"0","bottom":"0","left":"0","isLinked":"1"},"_animation":"fadeIn","align_tablet":"center","_margin":{"unit":"px","top":"30","right":"0","bottom":"0","left":"0","isLinked":""},"_margin_mobile":{"unit":"px","top":"0","right":"0","bottom":"0","left":"0","isLinked":""}},"elements":[],"isInner":false,"widgetType":"button","elType":"widget"}],"isInner":"","elType":"column"}],"isInner":"","elType":"section"}]}