{"version":"0.4","title":"Digital Product > Home 3","type":"page","content":[{"id":"33704607","settings":{"padding":{"unit":"em","top":"","right":"","bottom":"","left":"","isLinked":""},"padding_tablet":{"unit":"em","top":"4","right":"4","bottom":"4","left":"4","isLinked":"1"},"layout":"full_width","background_image":{"url":"http:\/\/sitefacilitado.com.br\/membros\/wp-content\/uploads\/2020\/03\/mountains-graphic-cc0.png","id":"6360"},"background_position":"center center","background_repeat":"no-repeat","background_size":"cover","margin":{"unit":"px","top":"0","right":"0","bottom":"0","left":"0","isLinked":""},"padding_mobile":{"unit":"em","top":"0","right":"0","bottom":"0","left":"0","isLinked":""},"custom_height":{"unit":"vh","size":"75"},"background_background":"classic","height":"min-height","border_border":"solid","border_width":{"unit":"px","top":"50","right":"50","bottom":"50","left":"50","isLinked":"1"},"border_color":"#f7f7f7","shape_divider_bottom":"book","shape_divider_bottom_color":"#f4f4f4","shape_divider_bottom_width":{"unit":"%","size":"106"},"shape_divider_bottom_height":{"unit":"px","size":"71"},"shape_divider_bottom_negative":"yes","stretch_section":"section-stretched","custom_height_tablet":{"unit":"vh","size":"64"},"column_position":"top","border_width_mobile":{"unit":"px","top":"10","right":"10","bottom":"10","left":"10","isLinked":"1"},"margin_tablet":{"unit":"px","top":"0","right":"0","bottom":"0","left":"0","isLinked":"1"}},"elements":[{"id":"3cd6a376","settings":{"_column_size":"100","_inline_size":"","_inline_size_tablet":"100","content_position":"top","margin":{"unit":"px","top":"0","right":"0","bottom":"0","left":"0","isLinked":""},"margin_tablet":{"unit":"px","top":"0","right":"0","bottom":"0","left":"0","isLinked":""},"padding":{"unit":"px","top":"0","right":"0","bottom":"0","left":"0","isLinked":""},"margin_mobile":{"unit":"px","top":"0","right":"0","bottom":"0","left":"0","isLinked":""},"padding_mobile":{"unit":"px","top":"0","right":"0","bottom":"0","left":"0","isLinked":""}},"elements":[{"id":"6c9560cf","settings":{"structure":"20","z_index":"2","background_color":"#d6e4ff","padding":{"unit":"px","top":"170","right":"80","bottom":"80","left":"80","isLinked":""},"margin_mobile":{"unit":"px","top":"0","right":"0","bottom":"0","left":"0","isLinked":""},"padding_mobile":{"unit":"px","top":"30","right":"30","bottom":"30","left":"30","isLinked":"1"},"margin_tablet":{"unit":"px","top":"0","right":"0","bottom":"0","left":"0","isLinked":""},"padding_tablet":{"unit":"px","top":"0","right":"0","bottom":"0","left":"0","isLinked":""},"layout":"full_width"},"elements":[{"id":"7488be24","settings":{"_column_size":"50","_inline_size":"40","_inline_size_tablet":"100","margin":{"unit":"px","top":"0","right":"80","bottom":"0","left":"0","isLinked":""},"padding":{"unit":"px","top":"0","right":"0","bottom":"0","left":"0","isLinked":""},"margin_tablet":{"unit":"px","top":"0","right":"0","bottom":"0","left":"0","isLinked":""},"margin_mobile":{"unit":"px","top":"0","right":"0","bottom":"0","left":"0","isLinked":""},"padding_mobile":{"unit":"px","top":"0","right":"0","bottom":"40","left":"0","isLinked":""},"content_position":"center"},"elements":[{"id":"195e4a44","settings":{"title":"What You have been waiting for.","header_size":"h1","align":"left","align_tablet":"center","title_color":"#000000","typography_typography":"custom","typography_font_family":"Fredoka One","typography_font_size":{"unit":"rem","size":"4"},"typography_text_transform":"capitalize","typography_line_height":{"unit":"em","size":"1.2"},"_margin":{"unit":"px","top":"0","right":"0","bottom":"60","left":"0","isLinked":""},"typography_font_size_mobile":{"unit":"px","size":"30"},"typography_line_height_mobile":{"unit":"px","size":"40"},"_animation":"fadeIn","typography_font_weight":"100","typography_letter_spacing":{"unit":"px","size":"-1"}},"elements":[],"isInner":false,"widgetType":"heading","elType":"widget"},{"id":"171b45b3","settings":{"text":"Get yours free","align":"left","size":"md","icon_align":"right","icon_indent":{"unit":"px","size":"14"},"typography_typography":"custom","typography_font_family":"Poppins","typography_font_size":{"unit":"px","size":"14"},"typography_font_weight":"600","typography_text_transform":"uppercase","typography_letter_spacing":{"unit":"px","size":"0.5"},"button_text_color":"#ffffff","background_color":"#2572ff","hover_color":"#ffffff","button_background_hover_color":"#e032a6","border_radius":{"unit":"px","top":"30","right":"30","bottom":"30","left":"30","isLinked":"1"},"text_padding":{"unit":"px","top":"20","right":"40","bottom":"20","left":"40","isLinked":""},"border_width":{"unit":"px","top":"2","right":"2","bottom":"2","left":"2","isLinked":"1"},"align_tablet":"center","_margin":{"unit":"px","top":"30","right":"0","bottom":"0","left":"0","isLinked":""},"_margin_mobile":{"unit":"px","top":"0","right":"0","bottom":"0","left":"0","isLinked":""},"_padding":{"unit":"px","top":"0","right":"0","bottom":"0","left":"0","isLinked":"1"},"_animation":"fadeIn"},"elements":[],"isInner":false,"widgetType":"button","elType":"widget"}],"isInner":"1","elType":"column"},{"id":"1167bc8","settings":{"_column_size":"50","_inline_size":"60","_inline_size_tablet":"100","content_position":"center","margin":{"unit":"px","top":"0","right":"0","bottom":"0","left":"0","isLinked":""},"padding":{"unit":"px","top":"0","right":"0","bottom":"0","left":"0","isLinked":""},"space_between_widgets":"0","margin_mobile":{"unit":"px","top":"0","right":"0","bottom":"0","left":"0","isLinked":"1"},"padding_mobile":{"unit":"px","top":"0","right":"0","bottom":"0","left":"0","isLinked":"1"}},"elements":[{"id":"816e605","settings":{"space_tablet":{"unit":"px","size":"248"}},"elements":[],"isInner":false,"widgetType":"spacer","elType":"widget"}],"isInner":"1","elType":"column"}],"isInner":"1","elType":"section"},{"id":"3ece5478","settings":{"layout":"full_width","structure":"20","margin_tablet":{"unit":"px","top":"0","right":"0","bottom":"0","left":"0","isLinked":"1"},"padding_tablet":{"unit":"px","top":"0","right":"0","bottom":"0","left":"0","isLinked":"1"}},"elements":[{"id":"139daccd","settings":{"_column_size":"50","_inline_size":"36.737","padding":{"unit":"em","top":"0","right":"0","bottom":"0","left":"3","isLinked":""},"_inline_size_tablet":"100"},"elements":[{"id":"39e9fb20","settings":{"slides":[{"content":"I am slide content. Click edit button to change this text. Lorem ipsum dolor sit amet, consectetur adipiscing elit. Ut elit tellus, luctus nec ullamcorper mattis, pulvinar dapibus leo.","name":"John Doe","title":"CEO","image":{"url":"http:\/\/sitefacilitado.com.br\/membros\/wp-content\/uploads\/2020\/03\/photo.jpg","id":"6374"},"_id":"ae8c644"},{"content":"I am slide content. Click edit button to change this text. Lorem ipsum dolor sit amet, consectetur adipiscing elit. Ut elit tellus, luctus nec ullamcorper mattis, pulvinar dapibus leo.","name":"John Doe","title":"CEO","image":{"url":"http:\/\/sitefacilitado.com.br\/membros\/wp-content\/uploads\/2020\/03\/fredrick-kearney-jr-1189712-unsplash.jpg","id":"6375"},"_id":"bfe9a4b"},{"content":"I am slide content. Click edit button to change this text. Lorem ipsum dolor sit amet, consectetur adipiscing elit. Ut elit tellus, luctus nec ullamcorper mattis, pulvinar dapibus leo.","name":"John Doe","title":"CEO","image":{"url":"http:\/\/sitefacilitado.com.br\/membros\/wp-content\/uploads\/2020\/03\/lydz-leow-1190352-unsplash.jpg","id":"6376"},"_id":"bbaef15"}],"alignment":"left","slides_per_view":"1","slides_to_scroll":"1","width":{"unit":"%","size":"90"},"show_arrows":"","pagination":"","content_color":"#000000","content_typography_typography":"custom","content_typography_font_family":"Nunito","content_typography_font_size":{"unit":"rem","size":"1"},"content_typography_line_height":{"unit":"em","size":"1.8"},"name_color":"#000000","name_typography_typography":"custom","name_typography_font_family":"Nunito","title_color":"#000000","title_typography_typography":"custom","title_typography_font_family":"Nunito","title_typography_font_weight":"800","_padding":{"unit":"em","top":"0","right":"10","bottom":"0","left":"0","isLinked":""},"width_tablet":{"unit":"px","size":"472"},"width_mobile":{"unit":"px","size":"258"},"content_typography_font_size_mobile":{"unit":"rem","size":"0.7"}},"elements":[],"isInner":false,"widgetType":"testimonial-carousel","elType":"widget"}],"isInner":"1","elType":"column"},{"id":"48a8feb3","settings":{"_column_size":"50","_inline_size":"63.263","_inline_size_tablet":"100"},"elements":[],"isInner":"1","elType":"column"}],"isInner":"1","elType":"section"}],"isInner":"","elType":"column"}],"isInner":"","elType":"section"},{"id":"5104adef","settings":{"background_background":"gradient","background_color":"#2572ff","padding":{"unit":"px","top":"80","right":"0","bottom":"80","left":"0","isLinked":""},"background_color_b":"#e032a6","background_gradient_angle":{"unit":"deg","size":"110"},"padding_mobile":{"unit":"px","top":"60","right":"20","bottom":"60","left":"20","isLinked":""},"background_overlay_background":"gradient","background_overlay_color":"#ffa6a3","background_overlay_color_stop":{"unit":"%","size":"11"},"background_overlay_color_b":"rgba(255,166,163,0)","background_overlay_gradient_angle":{"unit":"deg","size":"350"},"background_color_stop":{"unit":"%","size":"41"},"shape_divider_top":"waves","shape_divider_top_color":"#f4f4f4","shape_divider_top_width":{"unit":"%","size":"100"},"shape_divider_top_height":{"unit":"px","size":"30"},"shape_divider_top_flip":"yes","shape_divider_top_negative":"yes","shape_divider_bottom":"waves","shape_divider_bottom_width":{"unit":"%","size":"205"},"shape_divider_bottom_height":{"unit":"px","size":"77"},"shape_divider_bottom_flip":"yes"},"elements":[{"id":"49c6e3fa","settings":{"_column_size":"100"},"elements":[{"id":"1a86b620","settings":{"title":"01.","align":"center","title_color":"#ffffff","typography_typography":"custom","typography_font_family":"Baloo","typography_font_size":{"unit":"rem","size":"4"},"typography_font_size_mobile":{"unit":"rem","size":"2"}},"elements":[],"isInner":false,"widgetType":"heading","elType":"widget"},{"id":"569c658e","settings":{"title":"Choose a layout","align":"center","align_tablet":"center","title_color":"#ffffff","typography_typography":"custom","typography_font_family":"Fredoka One","typography_font_size":{"unit":"rem","size":"3"},"typography_text_transform":"capitalize","typography_line_height":{"unit":"em","size":"1.4"},"_animation":"fadeIn","typography_font_weight":"100","typography_font_size_mobile":{"unit":"rem","size":"2"}},"elements":[],"isInner":false,"widgetType":"heading","elType":"widget"},{"id":"17255a6c","settings":{"structure":"30","margin":{"unit":"px","top":"50","right":"0","bottom":"0","left":"0","isLinked":""}},"elements":[{"id":"75b532d8","settings":{"_column_size":"33","_inline_size":"","border_border":"solid","border_width":{"unit":"px","top":"2","right":"2","bottom":"2","left":"2","isLinked":"1"},"border_color":"rgba(255,255,255,0)","border_radius":{"unit":"px","top":"6","right":"6","bottom":"6","left":"6","isLinked":"1"},"margin":{"unit":"px","top":"0","right":"20","bottom":"0","left":"20","isLinked":""},"padding":{"unit":"em","top":"","right":"","bottom":"","left":"","isLinked":"1"},"_inline_size_tablet":"33","margin_tablet":{"unit":"px","top":"0","right":"0","bottom":"30","left":"0","isLinked":""},"animation":"fadeIn","content_position":"center","border_radius_hover":{"unit":"px","top":"7","right":"7","bottom":"7","left":"7","isLinked":"1"},"border_hover_border":"solid","border_hover_width":{"unit":"px","top":"2","right":"2","bottom":"2","left":"2","isLinked":"1"},"border_hover_color":"#ffffff"},"elements":[{"id":"1db1d3e","settings":{"image":{"url":"","id":""},"icon":"fa fa-magic","title_text_a":"","description_text_a":"","background_a_background":"classic","background_a_image":{"url":"http:\/\/sitefacilitado.com.br\/membros\/wp-content\/uploads\/2020\/03\/screenshot-8-1550492713-300x802-1.jpg","id":"6346"},"background_a_position":"top center","background_a_size":"cover","title_text_b":"This is the heading","description_text_b":"Click edit button to change this text. Lorem ipsum dolor sit amet consectetur adipiscing elit dolor","button_text":"Click Here","background_b_background":"classic","background_b_color":"#f9f9f9","height":{"unit":"px","size":"411"},"flip_direction":"left","flip_3d":"elementor-flip-box--3d","padding_a":{"unit":"em","top":"2","right":"2","bottom":"2","left":"2","isLinked":"1"},"icon_size":{"unit":"px","size":"23"},"_border_radius":{"unit":"px","top":"6","right":"6","bottom":"6","left":"6","isLinked":"1"},"graphic_element":"none","title_color_a":"#4e72db","title_typography_a_typography":"custom","title_typography_a_font_family":"Fredoka One","title_typography_a_font_weight":"400","description_color_a":"#e032a6","description_typography_a_typography":"custom","description_typography_a_font_family":"Cabin","padding_b":{"unit":"em","top":"","right":"","bottom":"","left":"","isLinked":"1"},"title_color_b":"#000000","title_typography_b_typography":"custom","title_typography_b_font_family":"Fredoka One","title_typography_b_font_weight":"300","description_color_b":"#000000","description_typography_b_typography":"custom","description_typography_b_font_family":"Nunito","description_typography_b_font_size":{"unit":"rem","size":"0.8"},"description_typography_b_line_height":{"unit":"em","size":"1.7"},"button_typography_typography":"custom","button_typography_font_family":"Nunito","button_typography_font_size":{"unit":"rem","size":"0.8"},"button_typography_font_weight":"700","button_typography_text_transform":"uppercase","button_typography_letter_spacing":{"unit":"px","size":"1"},"button_text_color":"#ffffff","button_background_color":"#2572ff","button_hover_background_color":"#e032a6","button_border_radius":{"unit":"px","size":"30"},"_padding":{"unit":"em","top":"0","right":"0","bottom":"0","left":"0","isLinked":"1"},"_background_background":"classic","_background_color":"rgba(0,0,0,0)"},"elements":[],"isInner":false,"widgetType":"flip-box","elType":"widget"}],"isInner":"1","elType":"column"},{"id":"1c9bdbf","settings":{"_column_size":"33","_inline_size":"","border_border":"solid","border_width":{"unit":"px","top":"2","right":"2","bottom":"2","left":"2","isLinked":"1"},"border_color":"rgba(255,255,255,0)","border_radius":{"unit":"px","top":"6","right":"6","bottom":"6","left":"6","isLinked":"1"},"margin":{"unit":"px","top":"0","right":"20","bottom":"0","left":"20","isLinked":""},"padding":{"unit":"em","top":"","right":"","bottom":"","left":"","isLinked":"1"},"_inline_size_tablet":"33","margin_tablet":{"unit":"px","top":"0","right":"0","bottom":"30","left":"0","isLinked":""},"animation":"fadeIn","content_position":"center","border_radius_hover":{"unit":"px","top":"7","right":"7","bottom":"7","left":"7","isLinked":"1"},"border_hover_border":"solid","border_hover_width":{"unit":"px","top":"2","right":"2","bottom":"2","left":"2","isLinked":"1"},"border_hover_color":"#ffffff"},"elements":[{"id":"4bfcb09b","settings":{"image":{"url":"","id":""},"icon":"fa fa-magic","title_text_a":"","description_text_a":"","background_a_background":"classic","background_a_image":{"url":"http:\/\/sitefacilitado.com.br\/membros\/wp-content\/uploads\/2020\/03\/screenshot-6-1550491570-300x883-1.jpg","id":"6347"},"background_a_position":"top center","background_a_size":"cover","title_text_b":"This is the heading","description_text_b":"Click edit button to change this text. Lorem ipsum dolor sit amet consectetur adipiscing elit dolor","button_text":"Click Here","background_b_background":"classic","background_b_color":"#f9f9f9","height":{"unit":"px","size":"411"},"flip_direction":"left","flip_3d":"elementor-flip-box--3d","padding_a":{"unit":"em","top":"2","right":"2","bottom":"2","left":"2","isLinked":"1"},"icon_size":{"unit":"px","size":"23"},"_border_radius":{"unit":"px","top":"20","right":"20","bottom":"20","left":"20","isLinked":"1"},"graphic_element":"none","title_color_a":"#4e72db","title_typography_a_typography":"custom","title_typography_a_font_family":"Fredoka One","title_typography_a_font_weight":"400","description_color_a":"#e032a6","description_typography_a_typography":"custom","description_typography_a_font_family":"Cabin","title_color_b":"#000000","title_typography_b_typography":"custom","title_typography_b_font_family":"Fredoka One","title_typography_b_font_weight":"300","description_color_b":"#000000","description_typography_b_typography":"custom","description_typography_b_font_family":"Nunito","description_typography_b_font_size":{"unit":"rem","size":"0.8"},"description_typography_b_line_height":{"unit":"em","size":"1.7"},"button_typography_typography":"custom","button_typography_font_family":"Nunito","button_typography_font_size":{"unit":"rem","size":"0.8"},"button_typography_font_weight":"700","button_typography_text_transform":"uppercase","button_typography_letter_spacing":{"unit":"px","size":"1"},"button_text_color":"#ffffff","button_background_color":"#2572ff","button_hover_background_color":"#e032a6","button_border_radius":{"unit":"px","size":"30"},"_padding":{"unit":"em","top":"0","right":"0","bottom":"0","left":"0","isLinked":"1"}},"elements":[],"isInner":false,"widgetType":"flip-box","elType":"widget"}],"isInner":"1","elType":"column"},{"id":"7ff54bb0","settings":{"_column_size":"33","_inline_size":"","border_border":"solid","border_width":{"unit":"px","top":"2","right":"2","bottom":"2","left":"2","isLinked":"1"},"border_color":"rgba(255,255,255,0)","border_radius":{"unit":"px","top":"6","right":"6","bottom":"6","left":"6","isLinked":"1"},"margin":{"unit":"px","top":"0","right":"20","bottom":"0","left":"20","isLinked":""},"padding":{"unit":"em","top":"","right":"","bottom":"","left":"","isLinked":"1"},"_inline_size_tablet":"33","margin_tablet":{"unit":"px","top":"0","right":"0","bottom":"30","left":"0","isLinked":""},"animation":"fadeIn","content_position":"center","border_radius_hover":{"unit":"px","top":"7","right":"7","bottom":"7","left":"7","isLinked":"1"},"border_hover_border":"solid","border_hover_width":{"unit":"px","top":"2","right":"2","bottom":"2","left":"2","isLinked":"1"},"border_hover_color":"#ffffff"},"elements":[{"id":"556f1cba","settings":{"image":{"url":"","id":""},"icon":"fa fa-magic","title_text_a":"","description_text_a":"","background_a_background":"classic","background_a_image":{"url":"http:\/\/sitefacilitado.com.br\/membros\/wp-content\/uploads\/2020\/03\/screenshot-244-1550499512-300x907-2.jpg","id":"6377"},"background_a_position":"top center","background_a_size":"cover","title_text_b":"This is the heading","description_text_b":"Click edit button to change this text. Lorem ipsum dolor sit amet consectetur adipiscing elit dolor","button_text":"Click Here","background_b_background":"classic","background_b_color":"#f9f9f9","height":{"unit":"px","size":"411"},"flip_direction":"left","flip_3d":"elementor-flip-box--3d","padding_a":{"unit":"em","top":"2","right":"2","bottom":"2","left":"2","isLinked":"1"},"icon_size":{"unit":"px","size":"23"},"_border_radius":{"unit":"px","top":"20","right":"20","bottom":"20","left":"20","isLinked":"1"},"graphic_element":"none","title_color_a":"#4e72db","title_typography_a_typography":"custom","title_typography_a_font_family":"Fredoka One","title_typography_a_font_weight":"400","description_color_a":"#e032a6","description_typography_a_typography":"custom","description_typography_a_font_family":"Cabin","title_color_b":"#000000","title_typography_b_typography":"custom","title_typography_b_font_family":"Fredoka One","title_typography_b_font_weight":"300","description_color_b":"#000000","description_typography_b_typography":"custom","description_typography_b_font_family":"Cabin","description_typography_b_font_size":{"unit":"rem","size":"0.9"},"description_typography_b_line_height":{"unit":"em","size":"1.7"},"button_typography_typography":"custom","button_typography_font_family":"Cabin","button_typography_font_size":{"unit":"rem","size":"0.8"},"button_typography_font_weight":"500","button_typography_text_transform":"uppercase","button_typography_letter_spacing":{"unit":"px","size":"1"},"button_text_color":"#ffffff","button_background_color":"#2572ff","button_hover_background_color":"#e032a6","button_border_radius":{"unit":"px","size":"30"},"_padding":{"unit":"em","top":"0","right":"0","bottom":"0","left":"0","isLinked":"1"}},"elements":[],"isInner":false,"widgetType":"flip-box","elType":"widget"}],"isInner":"1","elType":"column"}],"isInner":"1","elType":"section"},{"id":"24972846","settings":{"structure":"30","margin":{"unit":"px","top":"50","right":"0","bottom":"0","left":"0","isLinked":""}},"elements":[{"id":"29eac2a4","settings":{"_column_size":"33","_inline_size":"","border_border":"solid","border_width":{"unit":"px","top":"2","right":"2","bottom":"2","left":"2","isLinked":"1"},"border_color":"rgba(255,255,255,0)","border_radius":{"unit":"px","top":"6","right":"6","bottom":"6","left":"6","isLinked":"1"},"margin":{"unit":"px","top":"0","right":"20","bottom":"0","left":"20","isLinked":""},"padding":{"unit":"em","top":"","right":"","bottom":"","left":"","isLinked":"1"},"_inline_size_tablet":"33","margin_tablet":{"unit":"px","top":"0","right":"0","bottom":"30","left":"0","isLinked":""},"animation":"fadeIn","content_position":"center","border_radius_hover":{"unit":"px","top":"7","right":"7","bottom":"7","left":"7","isLinked":"1"},"border_hover_border":"solid","border_hover_width":{"unit":"px","top":"2","right":"2","bottom":"2","left":"2","isLinked":"1"},"border_hover_color":"#ffffff"},"elements":[{"id":"3c7b28cc","settings":{"image":{"url":"","id":""},"icon":"fa fa-magic","title_text_a":"","description_text_a":"","background_a_background":"classic","background_a_image":{"url":"http:\/\/sitefacilitado.com.br\/membros\/wp-content\/uploads\/2020\/03\/screenshot-12-1550499485-300x1176-1.jpg","id":"6378"},"background_a_position":"top center","background_a_size":"cover","title_text_b":"This is the heading","description_text_b":"Click edit button to change this text. Lorem ipsum dolor sit amet consectetur adipiscing elit dolor","button_text":"Click Here","background_b_background":"classic","background_b_color":"#f9f9f9","height":{"unit":"px","size":"411"},"flip_direction":"left","flip_3d":"elementor-flip-box--3d","padding_a":{"unit":"em","top":"2","right":"2","bottom":"2","left":"2","isLinked":"1"},"icon_size":{"unit":"px","size":"23"},"_border_radius":{"unit":"px","top":"20","right":"20","bottom":"20","left":"20","isLinked":"1"},"graphic_element":"none","title_color_a":"#4e72db","title_typography_a_typography":"custom","title_typography_a_font_family":"Fredoka One","title_typography_a_font_weight":"400","description_color_a":"#e032a6","description_typography_a_typography":"custom","description_typography_a_font_family":"Cabin","title_color_b":"#000000","title_typography_b_typography":"custom","title_typography_b_font_family":"Fredoka One","title_typography_b_font_weight":"300","description_color_b":"#000000","description_typography_b_typography":"custom","description_typography_b_font_family":"Nunito","description_typography_b_font_size":{"unit":"rem","size":"0.8"},"description_typography_b_line_height":{"unit":"em","size":"1.7"},"button_typography_typography":"custom","button_typography_font_family":"Nunito","button_typography_font_size":{"unit":"rem","size":"0.8"},"button_typography_font_weight":"700","button_typography_text_transform":"uppercase","button_typography_letter_spacing":{"unit":"px","size":"1"},"button_text_color":"#ffffff","button_background_color":"#2572ff","button_hover_background_color":"#e032a6","button_border_radius":{"unit":"px","size":"30"},"_padding":{"unit":"em","top":"0","right":"0","bottom":"0","left":"0","isLinked":"1"}},"elements":[],"isInner":false,"widgetType":"flip-box","elType":"widget"}],"isInner":"1","elType":"column"},{"id":"65beac68","settings":{"_column_size":"33","_inline_size":"","border_border":"solid","border_width":{"unit":"px","top":"2","right":"2","bottom":"2","left":"2","isLinked":"1"},"border_color":"rgba(255,255,255,0)","border_radius":{"unit":"px","top":"6","right":"6","bottom":"6","left":"6","isLinked":"1"},"margin":{"unit":"px","top":"0","right":"20","bottom":"0","left":"20","isLinked":""},"padding":{"unit":"em","top":"","right":"","bottom":"","left":"","isLinked":"1"},"_inline_size_tablet":"33","margin_tablet":{"unit":"px","top":"0","right":"0","bottom":"30","left":"0","isLinked":""},"animation":"fadeIn","content_position":"center","border_radius_hover":{"unit":"px","top":"7","right":"7","bottom":"7","left":"7","isLinked":"1"},"border_hover_border":"solid","border_hover_width":{"unit":"px","top":"2","right":"2","bottom":"2","left":"2","isLinked":"1"},"border_hover_color":"#ffffff"},"elements":[{"id":"5b153611","settings":{"image":{"url":"","id":""},"icon":"fa fa-magic","title_text_a":"","description_text_a":"","background_a_background":"classic","background_a_image":{"url":"http:\/\/sitefacilitado.com.br\/membros\/wp-content\/uploads\/2020\/03\/screenshot-10-1550499453-300x1389-1.jpg","id":"6379"},"background_a_position":"top center","background_a_size":"cover","title_text_b":"This is the heading","description_text_b":"Click edit button to change this text. Lorem ipsum dolor sit amet consectetur adipiscing elit dolor","button_text":"Click Here","background_b_background":"classic","background_b_color":"#f9f9f9","height":{"unit":"px","size":"411"},"flip_direction":"left","flip_3d":"elementor-flip-box--3d","padding_a":{"unit":"em","top":"2","right":"2","bottom":"2","left":"2","isLinked":"1"},"icon_size":{"unit":"px","size":"23"},"_border_radius":{"unit":"px","top":"20","right":"20","bottom":"20","left":"20","isLinked":"1"},"graphic_element":"none","title_color_a":"#4e72db","title_typography_a_typography":"custom","title_typography_a_font_family":"Fredoka One","title_typography_a_font_weight":"400","description_color_a":"#e032a6","description_typography_a_typography":"custom","description_typography_a_font_family":"Cabin","title_color_b":"#000000","title_typography_b_typography":"custom","title_typography_b_font_family":"Fredoka One","title_typography_b_font_weight":"300","description_color_b":"#000000","description_typography_b_typography":"custom","description_typography_b_font_family":"Nunito","description_typography_b_font_size":{"unit":"rem","size":"0.8"},"description_typography_b_line_height":{"unit":"em","size":"1.7"},"button_typography_typography":"custom","button_typography_font_family":"Nunito","button_typography_font_size":{"unit":"rem","size":"0.8"},"button_typography_font_weight":"700","button_typography_text_transform":"uppercase","button_typography_letter_spacing":{"unit":"px","size":"1"},"button_text_color":"#ffffff","button_background_color":"#2572ff","button_hover_background_color":"#e032a6","button_border_radius":{"unit":"px","size":"30"},"_padding":{"unit":"em","top":"0","right":"0","bottom":"0","left":"0","isLinked":"1"}},"elements":[],"isInner":false,"widgetType":"flip-box","elType":"widget"}],"isInner":"1","elType":"column"},{"id":"35af0f32","settings":{"_column_size":"33","_inline_size":"","border_border":"solid","border_width":{"unit":"px","top":"2","right":"2","bottom":"2","left":"2","isLinked":"1"},"border_color":"rgba(255,255,255,0)","border_radius":{"unit":"px","top":"6","right":"6","bottom":"6","left":"6","isLinked":"1"},"margin":{"unit":"px","top":"0","right":"20","bottom":"0","left":"20","isLinked":""},"padding":{"unit":"em","top":"","right":"","bottom":"","left":"","isLinked":"1"},"_inline_size_tablet":"33","margin_tablet":{"unit":"px","top":"0","right":"0","bottom":"30","left":"0","isLinked":""},"animation":"fadeIn","content_position":"center","border_radius_hover":{"unit":"px","top":"7","right":"7","bottom":"7","left":"7","isLinked":"1"},"border_hover_border":"solid","border_hover_width":{"unit":"px","top":"2","right":"2","bottom":"2","left":"2","isLinked":"1"},"border_hover_color":"#ffffff"},"elements":[{"id":"997a811","settings":{"image":{"url":"","id":""},"icon":"fa fa-magic","title_text_a":"","description_text_a":"","background_a_background":"classic","background_a_image":{"url":"http:\/\/sitefacilitado.com.br\/membros\/wp-content\/uploads\/2020\/03\/screenshot-14-1550499537-300x664-1.jpg","id":"6380"},"background_a_position":"top center","background_a_size":"cover","title_text_b":"This is the heading","description_text_b":"Click edit button to change this text. Lorem ipsum dolor sit amet consectetur adipiscing elit dolor","button_text":"Click Here","background_b_background":"classic","background_b_color":"#f9f9f9","height":{"unit":"px","size":"411"},"flip_direction":"left","flip_3d":"elementor-flip-box--3d","padding_a":{"unit":"em","top":"2","right":"2","bottom":"2","left":"2","isLinked":"1"},"icon_size":{"unit":"px","size":"23"},"_border_radius":{"unit":"px","top":"20","right":"20","bottom":"20","left":"20","isLinked":"1"},"graphic_element":"none","title_color_a":"#4e72db","title_typography_a_typography":"custom","title_typography_a_font_family":"Fredoka One","title_typography_a_font_weight":"400","description_color_a":"#e032a6","description_typography_a_typography":"custom","description_typography_a_font_family":"Cabin","title_color_b":"#000000","title_typography_b_typography":"custom","title_typography_b_font_family":"Fredoka One","title_typography_b_font_weight":"300","description_color_b":"#000000","description_typography_b_typography":"custom","description_typography_b_font_family":"Cabin","description_typography_b_font_size":{"unit":"rem","size":"0.9"},"description_typography_b_line_height":{"unit":"em","size":"1.7"},"button_typography_typography":"custom","button_typography_font_family":"Cabin","button_typography_font_size":{"unit":"rem","size":"0.8"},"button_typography_font_weight":"500","button_typography_text_transform":"uppercase","button_typography_letter_spacing":{"unit":"px","size":"1"},"button_text_color":"#ffffff","button_background_color":"#2572ff","button_hover_background_color":"#e032a6","button_border_radius":{"unit":"px","size":"30"},"_padding":{"unit":"em","top":"0","right":"0","bottom":"0","left":"0","isLinked":"1"}},"elements":[],"isInner":false,"widgetType":"flip-box","elType":"widget"}],"isInner":"1","elType":"column"}],"isInner":"1","elType":"section"},{"id":"41852675","settings":{"text":"Buy Now","align":"center","size":"md","icon":"fa fa-arrow-right","icon_align":"right","icon_indent":{"unit":"px","size":"21"},"typography_typography":"custom","typography_font_family":"Poppins","typography_font_size":{"unit":"px","size":"14"},"typography_font_weight":"600","typography_text_transform":"uppercase","typography_letter_spacing":{"unit":"px","size":"0.5"},"button_text_color":"#2572ff","background_color":"#ffffff","hover_color":"#ffffff","button_background_hover_color":"#2572ff","border_radius":{"unit":"px","top":"50","right":"50","bottom":"50","left":"50","isLinked":"1"},"text_padding":{"unit":"px","top":"18","right":"38","bottom":"18","left":"38","isLinked":""},"border_border":"solid","border_width":{"unit":"px","top":"2","right":"2","bottom":"2","left":"2","isLinked":"1"},"border_color":"rgba(255,255,255,0)","_margin":{"unit":"px","top":"60","right":"0","bottom":"0","left":"0","isLinked":""},"_margin_mobile":{"unit":"px","top":"40","right":"0","bottom":"0","left":"0","isLinked":""},"_animation":"fadeIn"},"elements":[],"isInner":false,"widgetType":"button","elType":"widget"}],"isInner":"","elType":"column"}],"isInner":"","elType":"section"},{"id":"3f3bc9de","settings":{"background_background":"classic","background_position":"initial","background_repeat":"no-repeat","background_size":"initial","background_overlay_background":"classic","background_overlay_position":"center right","background_overlay_repeat":"no-repeat","background_overlay_size":"contain","background_overlay_opacity":{"unit":"px","size":"1"},"padding":{"unit":"px","top":"60","right":"0","bottom":"140","left":"0","isLinked":""},"background_color":"#ffffff","background_image":{"url":"http:\/\/sitefacilitado.com.br\/membros\/wp-content\/uploads\/2020\/03\/shape-gradienta2.png","id":"6368"},"background_xpos":{"unit":"%","size":"48"},"background_ypos":{"unit":"px","size":"272"},"background_bg_width":{"unit":"px","size":"954"},"padding_mobile":{"unit":"em","top":"1","right":"1","bottom":"1","left":"1","isLinked":"1"}},"elements":[{"id":"192cedf4","settings":{"_column_size":"100","padding":{"unit":"px","top":"0","right":"0","bottom":"0","left":"0","isLinked":""}},"elements":[{"id":"70f0f9d6","settings":{"content_width":{"unit":"px","size":"600"}},"elements":[{"id":"4fd82aea","settings":{"_column_size":"100","_inline_size":""},"elements":[{"id":"2ef95e3f","settings":{"title":"02.","align":"center","title_color":"#4054b2","typography_typography":"custom","typography_font_family":"Baloo","typography_font_size":{"unit":"rem","size":"4"},"typography_font_size_mobile":{"unit":"rem","size":"2"}},"elements":[],"isInner":false,"widgetType":"heading","elType":"widget"},{"id":"53f2c15f","settings":{"title":"Customize Content\n","align_tablet":"center","title_color":"#000000","typography_typography":"custom","typography_font_family":"Fredoka One","typography_font_size":{"unit":"rem","size":"3"},"typography_text_transform":"capitalize","typography_line_height":{"unit":"em","size":"1.4"},"align":"center","_animation":"fadeIn","typography_font_weight":"100","typography_font_size_mobile":{"unit":"rem","size":"2"}},"elements":[],"isInner":false,"widgetType":"heading","elType":"widget"}],"isInner":"1","elType":"column"}],"isInner":"1","elType":"section"},{"id":"3fd788ac","settings":{"structure":"40","margin":{"unit":"px","top":"50","right":"0","bottom":"40","left":"0","isLinked":""},"margin_tablet":{"unit":"px","top":"30","right":"0","bottom":"0","left":"0","isLinked":""},"animation":"fadeIn"},"elements":[{"id":"42665f03","settings":{"_column_size":"25","_inline_size":"","_inline_size_tablet":"50"},"elements":[{"id":"163b9a2b","settings":{"image":{"url":"http:\/\/sitefacilitado.com.br\/membros\/wp-content\/uploads\/2020\/03\/on_image_like.png","id":"6351"},"image_border_radius":{"unit":"px","top":"4","right":"4","bottom":"4","left":"4","isLinked":"1"},"image_box_shadow_box_shadow_type":"yes","image_box_shadow_box_shadow":{"horizontal":"-10","vertical":"-10","blur":"50","spread":"0","color":"rgba(0,0,0,0.1)"}},"elements":[],"isInner":false,"widgetType":"image","elType":"widget"}],"isInner":"1","elType":"column"},{"id":"7995dc23","settings":{"_column_size":"25","_inline_size":"","_inline_size_tablet":"50","content_position":"center"},"elements":[{"id":"7f497e60","settings":{"image":{"url":"http:\/\/sitefacilitado.com.br\/membros\/wp-content\/uploads\/2020\/03\/under_image.png","id":"6352"},"image_border_radius":{"unit":"px","top":"4","right":"4","bottom":"4","left":"4","isLinked":"1"},"image_box_shadow_box_shadow_type":"yes","image_box_shadow_box_shadow":{"horizontal":"-10","vertical":"-10","blur":"50","spread":"0","color":"rgba(0,0,0,0.1)"},"align":"left","width":{"unit":"%","size":"53"}},"elements":[],"isInner":false,"widgetType":"image","elType":"widget"}],"isInner":"1","elType":"column"},{"id":"7b77f08f","settings":{"_column_size":"25","_inline_size":"","_inline_size_tablet":"50","margin_tablet":{"unit":"px","top":"40","right":"0","bottom":"0","left":"0","isLinked":""}},"elements":[{"id":"2ec8af9c","settings":{"image":{"url":"http:\/\/sitefacilitado.com.br\/membros\/wp-content\/uploads\/2020\/03\/on_image.png","id":"6353"},"image_border_radius":{"unit":"px","top":"4","right":"4","bottom":"4","left":"4","isLinked":"1"},"image_box_shadow_box_shadow_type":"yes","image_box_shadow_box_shadow":{"horizontal":"-10","vertical":"-10","blur":"50","spread":"0","color":"rgba(0,0,0,0.1)"},"align":"left","width":{"unit":"%","size":"82"}},"elements":[],"isInner":false,"widgetType":"image","elType":"widget"}],"isInner":"1","elType":"column"},{"id":"674ef452","settings":{"_column_size":"25","_inline_size":"","_inline_size_tablet":"50","margin_tablet":{"unit":"px","top":"40","right":"0","bottom":"0","left":"0","isLinked":""}},"elements":[{"id":"3f6fc8bf","settings":{"image":{"url":"http:\/\/sitefacilitado.com.br\/membros\/wp-content\/uploads\/2020\/03\/under_image_border.png","id":"6364"},"image_border_radius":{"unit":"px","top":"4","right":"4","bottom":"4","left":"4","isLinked":"1"},"image_box_shadow_box_shadow_type":"yes","image_box_shadow_box_shadow":{"horizontal":"-10","vertical":"-10","blur":"50","spread":"0","color":"rgba(0,0,0,0.1)"},"width":{"unit":"%","size":"58"}},"elements":[],"isInner":false,"widgetType":"image","elType":"widget"}],"isInner":"1","elType":"column"}],"isInner":"1","elType":"section"},{"id":"349e9293","settings":{"structure":"40","margin_tablet":{"unit":"px","top":"0","right":"0","bottom":"0","left":"0","isLinked":""},"animation":"fadeIn"},"elements":[{"id":"706103ed","settings":{"_column_size":"25","_inline_size":"","_inline_size_tablet":"50","margin_tablet":{"unit":"px","top":"40","right":"0","bottom":"0","left":"0","isLinked":""}},"elements":[{"id":"5a613d27","settings":{"image":{"url":"http:\/\/sitefacilitado.com.br\/membros\/wp-content\/uploads\/2020\/03\/masonry.png","id":"6362"},"image_border_radius":{"unit":"px","top":"4","right":"4","bottom":"4","left":"4","isLinked":"1"},"image_box_shadow_box_shadow_type":"yes","image_box_shadow_box_shadow":{"horizontal":"-10","vertical":"-10","blur":"50","spread":"0","color":"rgba(0,0,0,0.1)"},"align":"left","width":{"unit":"%","size":"51"}},"elements":[],"isInner":false,"widgetType":"image","elType":"widget"}],"isInner":"1","elType":"column"},{"id":"3ec35622","settings":{"_column_size":"25","_inline_size":"","_inline_size_tablet":"50","margin_tablet":{"unit":"px","top":"40","right":"0","bottom":"0","left":"0","isLinked":""}},"elements":[{"id":"315cbdbe","settings":{"image":{"url":"http:\/\/sitefacilitado.com.br\/membros\/wp-content\/uploads\/2020\/03\/list.png","id":"6363"},"image_border_radius":{"unit":"px","top":"4","right":"4","bottom":"4","left":"4","isLinked":"1"},"image_box_shadow_box_shadow_type":"yes","image_box_shadow_box_shadow":{"horizontal":"-10","vertical":"-10","blur":"50","spread":"0","color":"rgba(0,0,0,0.1)"},"width":{"unit":"%","size":"81"}},"elements":[],"isInner":false,"widgetType":"image","elType":"widget"}],"isInner":"1","elType":"column"},{"id":"b9f6630","settings":{"_column_size":"25","_inline_size":"","_inline_size_tablet":"50","margin_tablet":{"unit":"px","top":"40","right":"0","bottom":"0","left":"0","isLinked":""}},"elements":[{"id":"3a9fc6af","settings":{"image":{"url":"http:\/\/sitefacilitado.com.br\/membros\/wp-content\/uploads\/2020\/03\/default.png","id":"6354"},"image_border_radius":{"unit":"px","top":"4","right":"4","bottom":"4","left":"4","isLinked":"1"},"image_box_shadow_box_shadow_type":"yes","image_box_shadow_box_shadow":{"horizontal":"-10","vertical":"-10","blur":"50","spread":"0","color":"rgba(0,0,0,0.1)"},"align":"right","width":{"unit":"%","size":"61"}},"elements":[],"isInner":false,"widgetType":"image","elType":"widget"}],"isInner":"1","elType":"column"},{"id":"58945742","settings":{"_column_size":"25","_inline_size":"","_inline_size_tablet":"50","margin_tablet":{"unit":"px","top":"40","right":"0","bottom":"0","left":"0","isLinked":""},"content_position":"center"},"elements":[{"id":"41c2c152","settings":{"image":{"url":"http:\/\/sitefacilitado.com.br\/membros\/wp-content\/uploads\/2020\/03\/masonry_border.png","id":"6355"},"image_border_radius":{"unit":"px","top":"4","right":"4","bottom":"4","left":"4","isLinked":"1"},"image_box_shadow_box_shadow_type":"yes","image_box_shadow_box_shadow":{"horizontal":"-10","vertical":"-10","blur":"50","spread":"0","color":"rgba(0,0,0,0.1)"},"align":"center","_margin":{"unit":"px","top":"0","right":"0","bottom":"0","left":"0","isLinked":""}},"elements":[],"isInner":false,"widgetType":"image","elType":"widget"}],"isInner":"1","elType":"column"}],"isInner":"1","elType":"section"},{"id":"25108c28","settings":{"padding":{"unit":"px","top":"80","right":"0","bottom":"80","left":"0","isLinked":""},"padding_mobile":{"unit":"em","top":"1","right":"1","bottom":"1","left":"1","isLinked":"1"},"background_background":"classic","background_color":"rgba(37,114,255,0)","background_color_b":"#e0358b","background_gradient_angle":{"unit":"deg","size":"90"},"structure":"20","padding_tablet":{"unit":"em","top":"1","right":"1","bottom":"1","left":"1","isLinked":"1"},"reverse_order_tablet":"reverse-tablet"},"elements":[{"id":"19d73afa","settings":{"_column_size":"50","_inline_size":"52.719","_inline_size_tablet":"100"},"elements":[],"isInner":"","elType":"column"},{"id":"1670db4c","settings":{"_column_size":"50","_inline_size":"47.281","_inline_size_tablet":"100","content_position":"top","margin":{"unit":"px","top":"0","right":"0","bottom":"0","left":"0","isLinked":""},"margin_tablet":{"unit":"px","top":"0","right":"0","bottom":"0","left":"0","isLinked":""}},"elements":[{"id":"62c5bb66","settings":{"text":"See Demo","align":"left","size":"md","icon_align":"right","icon_indent":{"unit":"px","size":"14"},"typography_typography":"custom","typography_font_family":"Poppins","typography_font_size":{"unit":"px","size":"14"},"typography_font_weight":"600","typography_text_transform":"uppercase","typography_letter_spacing":{"unit":"px","size":"0.5"},"button_text_color":"#ffffff","background_color":"#2572ff","hover_color":"#ffffff","button_background_hover_color":"#e032a6","border_radius":{"unit":"px","top":"30","right":"30","bottom":"30","left":"30","isLinked":"1"},"text_padding":{"unit":"px","top":"20","right":"40","bottom":"20","left":"40","isLinked":""},"border_width":{"unit":"px","top":"2","right":"2","bottom":"2","left":"2","isLinked":"1"},"align_tablet":"center","_margin":{"unit":"px","top":"30","right":"0","bottom":"0","left":"0","isLinked":""},"_margin_mobile":{"unit":"px","top":"0","right":"0","bottom":"0","left":"0","isLinked":""},"_padding":{"unit":"px","top":"0","right":"0","bottom":"0","left":"0","isLinked":"1"},"_animation":"fadeIn","icon":"fa fa-eye"},"elements":[],"isInner":false,"widgetType":"button","elType":"widget"}],"isInner":"","elType":"column"}],"isInner":"","elType":"section"}],"isInner":"","elType":"column"}],"isInner":"","elType":"section"},{"id":"48b57b67","settings":{"structure":"20","padding":{"unit":"px","top":"40","right":"0","bottom":"0","left":"0","isLinked":""},"padding_tablet":{"unit":"em","top":"0","right":"0","bottom":"0","left":"0","isLinked":"1"},"background_background":"classic","background_position":"initial","background_repeat":"no-repeat","background_size":"initial","border_width":{"unit":"px","top":"0","right":"60","bottom":"0","left":"60","isLinked":""},"border_color":"#f4f4f4","margin":{"unit":"px","top":"0","right":"0","bottom":"0","left":"0","isLinked":""},"margin_mobile":{"unit":"px","top":"0","right":"0","bottom":"0","left":"0","isLinked":""},"animation":"fadeIn","background_xpos":{"unit":"vw","size":"2"},"background_ypos":{"unit":"px","size":"80"},"background_bg_width":{"unit":"px","size":"592"},"z_index":"4","content_width":{"unit":"px","size":"1280"},"height":"min-height","column_position":"stretch","padding_mobile":{"unit":"em","top":"1","right":"1","bottom":"1","left":"1","isLinked":"1"}},"elements":[{"id":"2b7638ea","settings":{"_column_size":"50","_inline_size":"50","_inline_size_tablet":"40","content_position":"top","margin":{"unit":"px","top":"0","right":"0","bottom":"0","left":"0","isLinked":""},"margin_tablet":{"unit":"px","top":"0","right":"0","bottom":"0","left":"0","isLinked":""},"animation":"fadeIn","padding":{"unit":"em","top":"5","right":"3","bottom":"5","left":"5","isLinked":""},"padding_tablet":{"unit":"em","top":"2","right":"2","bottom":"2","left":"2","isLinked":"1"},"padding_mobile":{"unit":"em","top":"2","right":"2","bottom":"2","left":"2","isLinked":"1"}},"elements":[{"id":"6ed51d5f","settings":{"title":"Awesome Features","align":"left","align_tablet":"left","title_color":"#4054b2","typography_typography":"custom","typography_font_family":"Nunito","typography_font_size":{"unit":"px","size":"30"},"typography_text_transform":"capitalize","typography_line_height":{"unit":"em","size":"2"},"header_size":"h4","_margin":{"unit":"px","top":"0","right":"0","bottom":"-10","left":"0","isLinked":""},"_padding":{"unit":"px","top":"0","right":"0","bottom":"0","left":"0","isLinked":""},"typography_font_weight":"800","typography_font_size_mobile":{"unit":"rem","size":"2"},"typography_line_height_tablet":{"unit":"em","size":"1"},"typography_line_height_mobile":{"unit":"em","size":"1.2"}},"elements":[],"isInner":false,"widgetType":"heading","elType":"widget"},{"id":"5b7ae24f","settings":{"icon_list":[{"text":"Easy-to-Use","icon":"fa fa-check","_id":"5967ca0","link":{"url":"","is_external":"","nofollow":""}},{"text":"Visual page builder (Elementor)","icon":"fa fa-check","_id":"0222f7a","link":{"url":"","is_external":"","nofollow":""}},{"text":"Slider Revolution Included","icon":"fa fa-check","_id":"77a85ab","link":{"url":"","is_external":"","nofollow":""}}],"space_between":{"unit":"px","size":"18"},"icon_align_tablet":"left","icon_color":"#3f5eea","icon_size":{"unit":"px","size":"21"},"text_color":"#000000","icon_typography_typography":"custom","icon_typography_font_family":"Nunito","icon_typography_font_size":{"unit":"rem","size":""},"icon_typography_font_weight":"600","_animation":"fadeIn","_padding":{"unit":"em","top":"2","right":"0","bottom":"0","left":"2","isLinked":""},"icon_align_mobile":"left"},"elements":[],"isInner":false,"widgetType":"icon-list","elType":"widget"}],"isInner":"","elType":"column"},{"id":"fca01b9","settings":{"_column_size":"50","_inline_size":"50","content_position":"center","background_image":{"url":"http:\/\/sitefacilitado.com.br\/membros\/wp-content\/uploads\/2020\/03\/shape-gradienta1.png","id":"6343"},"background_position":"center right","background_repeat":"no-repeat","background_size":"contain","_inline_size_tablet":"60","background_background":"classic","padding":{"unit":"%","top":"10","right":"10","bottom":"10","left":"10","isLinked":""}},"elements":[{"id":"4bc2b85c","settings":{"youtube_url":"https:\/\/www.youtube.com\/watch?v=XHOmBV4js_E","vimeo_url":"https:\/\/vimeo.com\/235215203","dailymotion_url":"https:\/\/www.dailymotion.com\/video\/x6tqhqb","show_image_overlay":"yes","image_overlay":{"url":"http:\/\/sitefacilitado.com.br\/membros\/wp-content\/uploads\/2020\/03\/business-app.jpg","id":"6369"},"lightbox":"yes"},"elements":[],"isInner":false,"widgetType":"video","elType":"widget"}],"isInner":"","elType":"column"}],"isInner":"","elType":"section"},{"id":"510cdea1","settings":{"padding":{"unit":"px","top":"80","right":"0","bottom":"0","left":"0","isLinked":""},"background_background":"classic","background_color":"#ffffff","background_color_b":"#e0358b","background_gradient_angle":{"unit":"deg","size":"90"},"padding_mobile":{"unit":"em","top":"0","right":"0","bottom":"0","left":"0","isLinked":"1"},"padding_tablet":{"unit":"em","top":"2","right":"2","bottom":"2","left":"2","isLinked":"1"}},"elements":[{"id":"76f4a5de","settings":{"_column_size":"100","_inline_size":"","_inline_size_tablet":"100","content_position":"top","margin":{"unit":"px","top":"0","right":"30","bottom":"0","left":"0","isLinked":""},"margin_tablet":{"unit":"px","top":"0","right":"0","bottom":"0","left":"0","isLinked":""},"animation":"fadeIn","padding":{"unit":"px","top":"0","right":"0","bottom":"0","left":"0","isLinked":""},"margin_mobile":{"unit":"px","top":"0","right":"0","bottom":"0","left":"0","isLinked":"1"},"padding_mobile":{"unit":"px","top":"0","right":"0","bottom":"0","left":"0","isLinked":"1"}},"elements":[{"id":"3f8e6af9","settings":{"content_width":{"unit":"px","size":"876"}},"elements":[{"id":"b90967c","settings":{"_column_size":"100","_inline_size":"","margin":{"unit":"%","top":"0","right":"33","bottom":"0","left":"0","isLinked":""},"padding":{"unit":"em","top":"1","right":"1","bottom":"1","left":"1","isLinked":"1"},"margin_tablet":{"unit":"px","top":"0","right":"0","bottom":"0","left":"0","isLinked":"1"},"margin_mobile":{"unit":"px","top":"0","right":"0","bottom":"0","left":"0","isLinked":"1"},"padding_tablet":{"unit":"em","top":"1","right":"1","bottom":"1","left":"1","isLinked":"1"},"padding_mobile":{"unit":"em","top":"2","right":"2","bottom":"2","left":"2","isLinked":"1"}},"elements":[{"id":"eead053","settings":{"title":"03.","align":"left","title_color":"#4054b2","typography_typography":"custom","typography_font_family":"Baloo","typography_font_size":{"unit":"rem","size":"4"},"align_tablet":"center","align_mobile":"center","typography_font_size_mobile":{"unit":"rem","size":"2"}},"elements":[],"isInner":false,"widgetType":"heading","elType":"widget"},{"id":"761de3e2","settings":{"title":"Fully Responsive","align":"left","align_tablet":"center","title_color":"#000000","typography_typography":"custom","typography_font_family":"Fredoka One","typography_font_size":{"unit":"rem","size":"3"},"typography_text_transform":"capitalize","typography_line_height":{"unit":"em","size":"1.4"},"typography_font_weight":"100","_animation":"fadeIn","typography_font_size_mobile":{"unit":"rem","size":"2"}},"elements":[],"isInner":false,"widgetType":"heading","elType":"widget"},{"id":"79b599e3","settings":{"align":"left","text_color":"#7a7a7a","typography_typography":"custom","typography_font_family":"Nunito","typography_font_size":{"unit":"px","size":"16"},"typography_line_height":{"unit":"px","size":"24"},"editor":"<p>Lorem ipsum dolor sit amet, consectetur adipiscing elit. Ut elit tellus, luctus nec ullamcorper mattis, pulvinar dapibus leo.<\/p>","align_tablet":"center"},"elements":[],"isInner":false,"widgetType":"text-editor","elType":"widget"},{"id":"511a7ea3","settings":{"text":"Test Now","align":"left","size":"md","icon":"fa fa-arrow-right","icon_align":"right","icon_indent":{"unit":"px","size":"21"},"typography_typography":"custom","typography_font_family":"Poppins","typography_font_size":{"unit":"px","size":"14"},"typography_font_weight":"600","typography_text_transform":"uppercase","typography_letter_spacing":{"unit":"px","size":"0.5"},"button_text_color":"#2572ff","background_color":"#ffffff","hover_color":"#ffffff","button_background_hover_color":"#2572ff","border_radius":{"unit":"px","top":"50","right":"50","bottom":"50","left":"50","isLinked":"1"},"text_padding":{"unit":"px","top":"18","right":"38","bottom":"18","left":"38","isLinked":""},"border_width":{"unit":"px","top":"4","right":"4","bottom":"4","left":"4","isLinked":"1"},"border_color":"#2572ff","_margin":{"unit":"px","top":"30","right":"0","bottom":"0","left":"0","isLinked":""},"align_tablet":"center","_css_classes":"envato-kit-128-grad-border"},"elements":[],"isInner":false,"widgetType":"button","elType":"widget"}],"isInner":"1","elType":"column"}],"isInner":"1","elType":"section"},{"id":"2f04433e","settings":{"structure":"20","margin_tablet":{"unit":"px","top":"0","right":"0","bottom":"0","left":"0","isLinked":""},"padding_tablet":{"unit":"px","top":"0","right":"0","bottom":"0","left":"0","isLinked":""}},"elements":[{"id":"180e76cc","settings":{"_column_size":"50","_inline_size":"","_inline_size_tablet":"40","content_position":"center"},"elements":[{"id":"d417367","settings":{"image":{"url":"http:\/\/sitefacilitado.com.br\/membros\/wp-content\/uploads\/2020\/03\/mobile.png","id":"6381"},"image_border_radius":{"unit":"px","top":"30","right":"30","bottom":"30","left":"30","isLinked":"1"},"image_box_shadow_box_shadow_type":"yes","image_box_shadow_box_shadow":{"horizontal":"-10","vertical":"-10","blur":"50","spread":"0","color":"rgba(0,0,0,0.1)"},"_margin":{"unit":"px","top":"80","right":"55","bottom":"0","left":"50","isLinked":""},"_margin_tablet":{"unit":"px","top":"20","right":"0","bottom":"0","left":"0","isLinked":""},"_box_shadow_box_shadow_type":"yes","_box_shadow_box_shadow":{"horizontal":"-10","vertical":"-10","blur":"50","spread":"0","color":"rgba(0,0,0,0.05)"},"image_size":"custom","image_custom_dimension":{"width":"394","height":""},"width":{"unit":"%","size":"100"},"_padding":{"unit":"em","top":"0","right":"0","bottom":"0","left":"0","isLinked":"1"},"_z_index":"8","_background_background":"classic","_background_color":"#000000","_border_radius":{"unit":"px","top":"30","right":"30","bottom":"30","left":"30","isLinked":"1"}},"elements":[],"isInner":false,"widgetType":"image","elType":"widget"}],"isInner":"1","elType":"column"},{"id":"3dd07941","settings":{"_column_size":"50","_inline_size":"","_inline_size_tablet":"60"},"elements":[{"id":"31c21761","settings":{"image":{"url":"http:\/\/sitefacilitado.com.br\/membros\/wp-content\/uploads\/2020\/03\/tablet.png","id":"6370"},"image_border_radius":{"unit":"px","top":"30","right":"30","bottom":"30","left":"30","isLinked":"1"},"image_box_shadow_box_shadow_type":"yes","image_box_shadow_box_shadow":{"horizontal":"-10","vertical":"-10","blur":"50","spread":"0","color":"rgba(0,0,0,0.1)"},"_margin":{"unit":"px","top":"-50","right":"0","bottom":"0","left":"0","isLinked":""},"_margin_tablet":{"unit":"px","top":"20","right":"0","bottom":"0","left":"0","isLinked":""},"_box_shadow_box_shadow_type":"yes","_box_shadow_box_shadow":{"horizontal":"-10","vertical":"-10","blur":"50","spread":"0","color":"rgba(0,0,0,0.05)"},"image_size":"custom","image_custom_dimension":{"width":"768","height":""},"width":{"unit":"%","size":"100"},"_padding":{"unit":"px","top":"0","right":"0","bottom":"0","left":"0","isLinked":"1"},"_background_background":"classic","_background_color":"#000000","_border_radius":{"unit":"px","top":"30","right":"30","bottom":"30","left":"30","isLinked":"1"}},"elements":[],"isInner":false,"widgetType":"image","elType":"widget"}],"isInner":"1","elType":"column"}],"isInner":"1","elType":"section"}],"isInner":"","elType":"column"}],"isInner":"","elType":"section"},{"id":"348df80","settings":{"padding":{"unit":"px","top":"0140","right":"0","bottom":"80","left":"0","isLinked":""},"background_background":"classic","background_color":"#f4f4f4","background_size":"cover","background_position":"initial","background_xpos":{"unit":"%","size":"50"},"background_ypos":{"unit":"px","size":"-17"},"background_repeat":"repeat-y","background_bg_width":{"unit":"px","size":"877"},"background_overlay_background":"classic","background_overlay_image":{"url":"http:\/\/sitefacilitado.com.br\/membros\/wp-content\/uploads\/2020\/03\/mountains-graphic-cc0.png","id":"6360"},"background_overlay_position":"initial","background_overlay_xpos":{"unit":"px","size":"175"},"background_overlay_repeat":"no-repeat","background_overlay_size":"initial","background_overlay_bg_width":{"unit":"vw","size":"100"},"background_overlay_opacity":{"unit":"px","size":"1"},"css_filters_saturate":{"unit":"px","size":"0"},"structure":"20","shape_divider_top":"curve","shape_divider_top_width":{"unit":"%","size":"180"},"shape_divider_top_negative":"yes","margin":{"unit":"px","top":"-80","right":"0","bottom":"0","left":"0","isLinked":""},"padding_tablet":{"unit":"em","top":"2","right":"2","bottom":"2","left":"2","isLinked":"1"},"reverse_order_mobile":"reverse-mobile"},"elements":[{"id":"685c4f6b","settings":{"_column_size":"50","_inline_size":"","_inline_size_tablet":"100","content_position":"center","margin":{"unit":"px","top":"0","right":"0","bottom":"0","left":"0","isLinked":"1"},"margin_tablet":{"unit":"px","top":"0","right":"0","bottom":"0","left":"0","isLinked":""},"background_color":"#ffffff","padding":{"unit":"px","top":"50","right":"50","bottom":"50","left":"50","isLinked":"1"},"animation":"fadeIn","border_border":"solid","border_width":{"unit":"px","top":"1","right":"0","bottom":"1","left":"0","isLinked":""},"border_color":"#eeeeee","padding_mobile":{"unit":"px","top":"30","right":"20","bottom":"40","left":"20","isLinked":""}},"elements":[{"id":"35ffc89a","settings":{"title":"Awesome Features","align_tablet":"left","title_color":"#4054b2","typography_typography":"custom","typography_font_family":"Nunito","typography_font_size":{"unit":"px","size":"30"},"typography_text_transform":"capitalize","typography_line_height":{"unit":"em","size":"2"},"align":"left","_margin":{"unit":"px","top":"0","right":"0","bottom":"-10","left":"0","isLinked":""},"typography_font_weight":"800","typography_font_size_mobile":{"unit":"rem","size":"2"},"typography_line_height_tablet":{"unit":"em","size":"1"},"typography_line_height_mobile":{"unit":"em","size":"1.2"},"_padding":{"unit":"px","top":"0","right":"0","bottom":"0","left":"0","isLinked":""}},"elements":[],"isInner":false,"widgetType":"heading","elType":"widget"},{"id":"8bfe1dd","settings":{"align":"left","typography_typography":"custom","typography_font_family":"Nunito","typography_font_size":{"unit":"px","size":"16"},"typography_line_height":{"unit":"em","size":"1.7"},"editor":"<p>Te maiorum pericula neglegentur sit, pro fabulas iracundia ad. Ne vim facilis feugait moderatius, nec eu perpetua scriptorem referrentur. Ut alii delicata mei.\u00a0<\/p>","align_tablet":"center","_margin_tablet":{"unit":"px","top":"-20","right":"0","bottom":"0","left":"0","isLinked":""},"_padding_tablet":{"unit":"px","top":"0","right":"0","bottom":"0","left":"0","isLinked":""}},"elements":[],"isInner":false,"widgetType":"text-editor","elType":"widget"}],"isInner":"","elType":"column"},{"id":"56b90a47","settings":{"_column_size":"50","_inline_size":"","_inline_size_tablet":"100","padding":{"unit":"px","top":"20","right":"20","bottom":"20","left":"20","isLinked":"1"},"content_position":"center","margin_tablet":{"unit":"px","top":"0","right":"0","bottom":"40","left":"0","isLinked":""},"padding_tablet":{"unit":"px","top":"30","right":"0","bottom":"40","left":"0","isLinked":""},"padding_mobile":{"unit":"px","top":"30","right":"20","bottom":"40","left":"20","isLinked":""},"animation":"fadeIn","border_border":"solid","border_width":{"unit":"px","top":"1","right":"1","bottom":"1","left":"1","isLinked":"1"},"border_color":"#eee","background_color":"#ffffff"},"elements":[{"id":"28d76a20","settings":{"layout":"full_width","structure":"20","background_background":"classic","background_color":"#ffffff","border_radius":{"unit":"px","top":"7","right":"7","bottom":"0","left":"0","isLinked":""},"padding":{"unit":"em","top":"1","right":"0","bottom":"1","left":"0","isLinked":""}},"elements":[{"id":"476e5e6a","settings":{"_column_size":"50","_inline_size":""},"elements":[{"id":"61dd40a9","settings":{"icon":"fa fa-cart-arrow-down","view":"stacked","title_text":"WooCommerce <br>Ready","description_text":"Sea eligendi comprehensam in, lucilius ocurreret vim ne, ne quo justo explicari. ","primary_color":"#d6e4ff","secondary_color":"#2572ff","hover_primary_color":"#2572ff","hover_secondary_color":"#d6e4ff","icon_space":{"unit":"px","size":"0"},"icon_size":{"unit":"px","size":"26"},"title_bottom_space":{"unit":"px","size":"9"},"title_color":"#000000","title_typography_typography":"custom","title_typography_font_family":"Nunito","title_typography_font_size":{"unit":"px","size":"20"},"title_typography_line_height":{"unit":"px","size":"26"},"description_color":"#7a7a7a","description_typography_typography":"custom","description_typography_font_family":"Nunito","description_typography_font_size":{"unit":"px","size":"16"},"description_typography_line_height":{"unit":"px","size":"24"},"_margin_tablet":{"unit":"px","top":"20","right":"0","bottom":"0","left":"0","isLinked":""},"_border_width":{"unit":"px","top":"0","right":"0","bottom":"1","left":"0","isLinked":""},"_border_color":"#eeeeee","title_typography_font_weight":"bold"},"elements":[],"isInner":false,"widgetType":"icon-box","elType":"widget"}],"isInner":"1","elType":"column"},{"id":"46030f6e","settings":{"_column_size":"50","_inline_size":""},"elements":[{"id":"5c8f140c","settings":{"icon":"fa fa-comment-o","view":"stacked","title_text":"SEO <br>Optimized","description_text":"Sea eligendi comprehensam in, lucilius ocurreret vim ne, ne quo justo explicari. ","primary_color":"#d6e4ff","secondary_color":"#2572ff","hover_primary_color":"#2572ff","hover_secondary_color":"#d6e4ff","icon_space":{"unit":"px","size":"0"},"icon_size":{"unit":"px","size":"26"},"title_bottom_space":{"unit":"px","size":"9"},"title_color":"#000000","title_typography_typography":"custom","title_typography_font_family":"Nunito","title_typography_font_size":{"unit":"px","size":"20"},"title_typography_line_height":{"unit":"px","size":"26"},"description_color":"#7a7a7a","description_typography_typography":"custom","description_typography_font_family":"Nunito","description_typography_font_size":{"unit":"px","size":"16"},"description_typography_line_height":{"unit":"px","size":"24"},"_margin_tablet":{"unit":"px","top":"20","right":"0","bottom":"0","left":"0","isLinked":""},"title_typography_font_weight":"bold","_border_width":{"unit":"px","top":"0","right":"0","bottom":"1","left":"0","isLinked":""},"_border_color":"#eeeeee"},"elements":[],"isInner":false,"widgetType":"icon-box","elType":"widget"}],"isInner":"1","elType":"column"}],"isInner":"1","elType":"section"},{"id":"b174b0c","settings":{"layout":"full_width","structure":"20","background_background":"classic","background_color":"#ffffff","border_radius":{"unit":"px","top":"0","right":"0","bottom":"7","left":"7","isLinked":""},"padding":{"unit":"em","top":"0","right":"0","bottom":"1","left":"0","isLinked":""}},"elements":[{"id":"3f0f7506","settings":{"_column_size":"50","_inline_size":""},"elements":[{"id":"52e85613","settings":{"icon":"fa fa-plus-square-o","view":"stacked","title_text":"Google <br>Fonts","description_text":"Sea eligendi comprehensam in, lucilius ocurreret vim ne, ne quo justo explicari. ","primary_color":"#d6e4ff","secondary_color":"#2572ff","hover_primary_color":"#2572ff","hover_secondary_color":"#d6e4ff","icon_space":{"unit":"px","size":"0"},"icon_size":{"unit":"px","size":"26"},"title_bottom_space":{"unit":"px","size":"9"},"title_color":"#000000","title_typography_typography":"custom","title_typography_font_family":"Nunito","title_typography_font_size":{"unit":"px","size":"20"},"title_typography_line_height":{"unit":"px","size":"26"},"description_color":"#7a7a7a","description_typography_typography":"custom","description_typography_font_family":"Nunito","description_typography_font_size":{"unit":"px","size":"16"},"description_typography_line_height":{"unit":"px","size":"24"},"title_typography_font_weight":"bold","_margin_tablet":{"unit":"px","top":"20","right":"0","bottom":"0","left":"0","isLinked":""},"_border_width":{"unit":"px","top":"0","right":"0","bottom":"1","left":"0","isLinked":""},"_border_color":"#eeeeee"},"elements":[],"isInner":false,"widgetType":"icon-box","elType":"widget"}],"isInner":"1","elType":"column"},{"id":"38ad581d","settings":{"_column_size":"50","_inline_size":""},"elements":[{"id":"6530f7fa","settings":{"icon":"fa fa-support","view":"stacked","title_text":"Friendly <br>Support","description_text":"Sea eligendi comprehensam in, lucilius ocurreret vim ne, ne quo justo explicari. ","primary_color":"#d6e4ff","secondary_color":"#2572ff","hover_primary_color":"#2572ff","hover_secondary_color":"#d6e4ff","icon_space":{"unit":"px","size":"0"},"icon_size":{"unit":"px","size":"26"},"title_bottom_space":{"unit":"px","size":"9"},"title_color":"#000000","title_typography_typography":"custom","title_typography_font_family":"Nunito","title_typography_font_size":{"unit":"px","size":"20"},"title_typography_line_height":{"unit":"px","size":"26"},"description_color":"#7a7a7a","description_typography_typography":"custom","description_typography_font_family":"Nunito","description_typography_font_size":{"unit":"px","size":"16"},"description_typography_line_height":{"unit":"px","size":"24"},"title_typography_font_weight":"bold","_margin_tablet":{"unit":"px","top":"20","right":"0","bottom":"0","left":"0","isLinked":""},"_border_width":{"unit":"px","top":"0","right":"0","bottom":"1","left":"0","isLinked":""},"_border_color":"#eeeeee"},"elements":[],"isInner":false,"widgetType":"icon-box","elType":"widget"}],"isInner":"1","elType":"column"}],"isInner":"1","elType":"section"}],"isInner":"","elType":"column"}],"isInner":"","elType":"section"}]}