{"version":"0.4","title":"St\u00fadio 4","type":"page","content":[{"id":"7452e5a1","settings":{"content_width":{"unit":"px","size":"500","sizes":[]},"height":"min-height","custom_height":{"unit":"px","size":"560","sizes":[]},"background_background":"classic","background_color":"#111111","background_image":{"url":"http:\/\/sitefacilitado.com.br\/membros\/wp-content\/uploads\/2020\/03\/randy-fath-6IqCA9-Q-QQ-unsplash.jpg","id":"4600"},"background_position":"initial","background_ypos":{"unit":"%","size":"41","sizes":[]},"background_repeat":"no-repeat","background_size":"cover","padding":{"unit":"em","top":"2","right":"1","bottom":"2","left":"1","isLinked":""},"overflow":"hidden","background_overlay_background":"gradient","background_overlay_color":"rgba(0,0,0,0.05)","background_overlay_color_b":"#9092b5","background_overlay_gradient_angle":{"unit":"deg","size":"300","sizes":[]},"background_overlay_opacity":{"unit":"px","size":"0.22","sizes":[]},"animation":"fadeIn","custom_height_tablet":{"unit":"vh","size":"29","sizes":[]},"hide_mobile":"hidden-phone"},"elements":[{"id":"bfcd9bf","settings":{"_column_size":"100","padding":{"unit":"px","top":"","right":"","bottom":"","left":"","isLinked":""},"padding_tablet":{"unit":"px","top":"0","right":"0","bottom":"0","left":"0","isLinked":"1"}},"elements":[{"id":"1e44b1c8","settings":{"title":"Professional studio photography","align":"center","title_color":"#ffffff","typography_typography":"custom","typography_font_weight":"400","header_size":"h5","size":"medium","typography_font_family":"Raleway","typography_text_transform":"uppercase","typography_letter_spacing":{"unit":"px","size":"4.7"},"typography_font_size":{"unit":"rem","size":"0.8"},"_padding":{"unit":"px","top":"0","right":"0","bottom":"0","left":"0","isLinked":""},"typography_line_height":{"unit":"em","size":"1"},"_animation":"fadeIn","_animation_delay":"400"},"elements":[],"isInner":false,"widgetType":"heading","elType":"widget"},{"id":"2d912075","settings":{"color":"#ffffff","width":{"unit":"%","size":"13"},"align":"center","_animation":"fadeInUp","_animation_delay":"500","text":"Divider"},"elements":[],"isInner":false,"widgetType":"divider","elType":"widget"},{"id":"301858ac","settings":{"space":{"unit":"px","size":"20"}},"elements":[],"isInner":false,"widgetType":"spacer","elType":"widget"}],"isInner":"","elType":"column"}],"isInner":"","elType":"section"},{"id":"fcae58d","settings":{"content_width":{"unit":"px","size":"1300","sizes":[]},"structure":"30","background_background":"gradient","background_color":"#a4a6b2","background_color_stop":{"unit":"%","size":"70","sizes":[]},"background_color_b":"#111111","background_color_b_stop":{"unit":"%","size":"60","sizes":[]},"padding":{"unit":"em","top":"5","right":"0","bottom":"5","left":"0","isLinked":""},"z_index":"44","layout":"full_width","margin_mobile":{"unit":"px","top":"0","right":"0","bottom":"0","left":"0","isLinked":""},"padding_mobile":{"unit":"em","top":"1","right":"1","bottom":"1","left":"1","isLinked":""},"reverse_order_mobile":"reverse-mobile"},"elements":[{"id":"1dda0c61","settings":{"_column_size":"33","_inline_size":"30","padding":{"unit":"%","top":"0","right":"5","bottom":"0","left":"0","isLinked":""},"_inline_size_tablet":"33"},"elements":[{"id":"36756026","settings":{"image":{"url":"http:\/\/sitefacilitado.com.br\/membros\/wp-content\/uploads\/2020\/03\/patricia-palma-l_adRqoRjnY-unsplash.jpg","id":"4573"},"image_border_radius":{"unit":"px","top":"2","right":"2","bottom":"2","left":"2","isLinked":"1"},"_margin":{"unit":"px","top":"0","right":"0","bottom":"0","left":"0","isLinked":""},"image_size":"custom","image_custom_dimension":{"width":"600","height":"900"},"_z_index":"44","motion_fx_translateY_effect":"yes","motion_fx_translateY_speed":{"unit":"px","size":"2","sizes":[]},"_animation":"fadeIn","align":"left"},"elements":[],"isInner":false,"widgetType":"image","elType":"widget"}],"isInner":"","elType":"column"},{"id":"2d83b27a","settings":{"_column_size":"33","_inline_size":"44.332","padding":{"unit":"em","top":"0","right":"2","bottom":"0","left":"2","isLinked":""},"content_position":"top","_inline_size_tablet":"66","padding_mobile":{"unit":"em","top":"1","right":"1","bottom":"1","left":"1","isLinked":"1"}},"elements":[{"id":"4b26ddad","settings":{"space":{"unit":"px","size":"53","sizes":[]},"_margin":{"unit":"px","top":"-110","right":"0","bottom":"0","left":"0","isLinked":""},"_animation":"fadeInDown","_border_border":"solid","_border_width":{"unit":"px","top":"0","right":"0","bottom":"0","left":"1","isLinked":""},"_border_color":"#ffffff","_border_radius":{"unit":"px","top":"0","right":"0","bottom":"0","left":"0","isLinked":""}},"elements":[],"isInner":false,"widgetType":"spacer","elType":"widget"},{"id":"623d8147","settings":{"content_width":{"unit":"px","size":"700","sizes":[]}},"elements":[{"id":"5bf2bc40","settings":{"_column_size":"100","content_position":"top"},"elements":[{"id":"3d8f2f6c","settings":{"title":"services","align":"left","title_color":"#ffffff","typography_typography":"custom","typography_font_family":"Raleway","typography_font_size":{"unit":"rem","size":"3.2"},"typography_font_weight":"400","typography_line_height":{"unit":"em","size":"1.4"},"typography_letter_spacing":{"unit":"px","size":"1"},"_padding":{"unit":"em","top":"0","right":"0","bottom":"0","left":"0","isLinked":""},"_animation":"fadeInUp","typography_text_transform":"capitalize","_margin":{"unit":"px","top":"0","right":"0","bottom":"0","left":"0","isLinked":""}},"elements":[],"isInner":false,"widgetType":"heading","elType":"widget"},{"id":"20be197a","settings":{"align":"left","text_color":"#ffffff","typography_typography":"custom","typography_font_family":"Raleway","typography_font_size":{"unit":"rem","size":"1.1"},"typography_font_weight":"300","typography_line_height":{"unit":"em","size":"1.8","sizes":[]},"typography_letter_spacing":{"unit":"px","size":"1"},"_padding":{"unit":"%","top":"0","right":"0","bottom":"0","left":"0","isLinked":""},"_animation":"fadeIn"},"elements":[],"isInner":false,"widgetType":"text-editor","elType":"widget"},{"id":"2578fc7c","settings":{"selected_icon":{"value":"far fa-window-minimize","library":"fa-regular"},"title_text":"This is the heading","description_text":"Lorem ipsum dolor sit amet, consectetur adipiscing elit. Ut elit tellus, luctus nec ullamcorper mattis, pulvinar dapibus leo.","position":"left","primary_color":"#ffffff","icon_space":{"unit":"px","size":"27","sizes":[]},"icon_size":{"unit":"px","size":"16","sizes":[]},"text_align":"left","title_bottom_space":{"unit":"px","size":"29","sizes":[]},"title_color":"#ffffff","title_typography_typography":"custom","title_typography_font_family":"Raleway","title_typography_font_size":{"unit":"rem","size":"0.7","sizes":[]},"title_typography_font_weight":"400","title_typography_text_transform":"uppercase","title_typography_line_height":{"unit":"em","size":"1.2","sizes":[]},"title_typography_letter_spacing":{"unit":"px","size":"4.7","sizes":[]},"description_color":"#ffffff","description_typography_typography":"custom","description_typography_font_family":"Raleway","description_typography_font_size":{"unit":"rem","size":"0.8","sizes":[]},"description_typography_font_weight":"300","description_typography_line_height":{"unit":"em","size":"1.8","sizes":[]},"description_typography_letter_spacing":{"unit":"px","size":"1","sizes":[]},"_margin":{"unit":"px","top":"20","right":"20","bottom":"20","left":"20","isLinked":"1"},"_padding":{"unit":"em","top":"1","right":"0","bottom":"1","left":"0","isLinked":""},"_element_width":"initial","_element_custom_width":{"unit":"%","size":"50","sizes":[]},"description_typography_line_height_tablet":{"unit":"em","size":"1.4","sizes":[]},"_element_width_tablet":"inherit"},"elements":[],"isInner":false,"widgetType":"icon-box","elType":"widget"},{"id":"6dca6359","settings":{"selected_icon":{"value":"far fa-window-minimize","library":"fa-regular"},"title_text":"This is the heading","description_text":"Lorem ipsum dolor sit amet, consectetur adipiscing elit. Ut elit tellus, luctus nec ullamcorper mattis, pulvinar dapibus leo.","position":"left","primary_color":"#ffffff","icon_space":{"unit":"px","size":"27","sizes":[]},"icon_size":{"unit":"px","size":"16","sizes":[]},"text_align":"left","title_bottom_space":{"unit":"px","size":"29","sizes":[]},"title_color":"#ffffff","title_typography_typography":"custom","title_typography_font_family":"Raleway","title_typography_font_size":{"unit":"rem","size":"0.7","sizes":[]},"title_typography_font_weight":"400","title_typography_text_transform":"uppercase","title_typography_line_height":{"unit":"em","size":"1.2","sizes":[]},"title_typography_letter_spacing":{"unit":"px","size":"4.7","sizes":[]},"description_color":"#ffffff","description_typography_typography":"custom","description_typography_font_family":"Raleway","description_typography_font_size":{"unit":"rem","size":"0.8","sizes":[]},"description_typography_font_weight":"300","description_typography_line_height":{"unit":"em","size":"1.8","sizes":[]},"description_typography_letter_spacing":{"unit":"px","size":"1","sizes":[]},"_margin":{"unit":"px","top":"20","right":"20","bottom":"20","left":"20","isLinked":"1"},"_padding":{"unit":"em","top":"1","right":"0","bottom":"1","left":"0","isLinked":""},"_element_width":"initial","_element_custom_width":{"unit":"%","size":"50","sizes":[]},"description_typography_line_height_tablet":{"unit":"em","size":"1.4","sizes":[]},"_element_width_tablet":"inherit"},"elements":[],"isInner":false,"widgetType":"icon-box","elType":"widget"},{"id":"4e4696e1","settings":{"selected_icon":{"value":"far fa-window-minimize","library":"fa-regular"},"title_text":"This is the heading","description_text":"Lorem ipsum dolor sit amet, consectetur adipiscing elit. Ut elit tellus, luctus nec ullamcorper mattis, pulvinar dapibus leo.","position":"left","primary_color":"#ffffff","icon_space":{"unit":"px","size":"27","sizes":[]},"icon_size":{"unit":"px","size":"16","sizes":[]},"text_align":"left","title_bottom_space":{"unit":"px","size":"29","sizes":[]},"title_color":"#ffffff","title_typography_typography":"custom","title_typography_font_family":"Raleway","title_typography_font_size":{"unit":"rem","size":"0.7","sizes":[]},"title_typography_font_weight":"400","title_typography_text_transform":"uppercase","title_typography_line_height":{"unit":"em","size":"1.2","sizes":[]},"title_typography_letter_spacing":{"unit":"px","size":"4.7","sizes":[]},"description_color":"#ffffff","description_typography_typography":"custom","description_typography_font_family":"Raleway","description_typography_font_size":{"unit":"rem","size":"0.8","sizes":[]},"description_typography_font_weight":"300","description_typography_line_height":{"unit":"em","size":"1.8","sizes":[]},"description_typography_letter_spacing":{"unit":"px","size":"1","sizes":[]},"_margin":{"unit":"px","top":"20","right":"20","bottom":"20","left":"20","isLinked":"1"},"_padding":{"unit":"em","top":"1","right":"0","bottom":"1","left":"0","isLinked":""},"_element_width":"initial","_element_custom_width":{"unit":"%","size":"50","sizes":[]},"description_typography_line_height_tablet":{"unit":"em","size":"1.4","sizes":[]},"_element_width_tablet":"inherit"},"elements":[],"isInner":false,"widgetType":"icon-box","elType":"widget"},{"id":"51002731","settings":{"selected_icon":{"value":"far fa-window-minimize","library":"fa-regular"},"title_text":"This is the heading","description_text":"Lorem ipsum dolor sit amet, consectetur adipiscing elit. Ut elit tellus, luctus nec ullamcorper mattis, pulvinar dapibus leo.","position":"left","primary_color":"#ffffff","icon_space":{"unit":"px","size":"27","sizes":[]},"icon_size":{"unit":"px","size":"16","sizes":[]},"text_align":"left","title_bottom_space":{"unit":"px","size":"29","sizes":[]},"title_color":"#ffffff","title_typography_typography":"custom","title_typography_font_family":"Raleway","title_typography_font_size":{"unit":"rem","size":"0.7","sizes":[]},"title_typography_font_weight":"400","title_typography_text_transform":"uppercase","title_typography_line_height":{"unit":"em","size":"1.2","sizes":[]},"title_typography_letter_spacing":{"unit":"px","size":"4.7","sizes":[]},"description_color":"#ffffff","description_typography_typography":"custom","description_typography_font_family":"Raleway","description_typography_font_size":{"unit":"rem","size":"0.8","sizes":[]},"description_typography_font_weight":"300","description_typography_line_height":{"unit":"em","size":"1.8","sizes":[]},"description_typography_letter_spacing":{"unit":"px","size":"1","sizes":[]},"_margin":{"unit":"px","top":"20","right":"20","bottom":"20","left":"20","isLinked":"1"},"_padding":{"unit":"em","top":"1","right":"0","bottom":"1","left":"0","isLinked":""},"_element_width":"initial","_element_custom_width":{"unit":"%","size":"50","sizes":[]},"description_typography_line_height_tablet":{"unit":"em","size":"1.4","sizes":[]},"_element_width_tablet":"inherit"},"elements":[],"isInner":false,"widgetType":"icon-box","elType":"widget"}],"isInner":"1","elType":"column"}],"isInner":"1","elType":"section"},{"id":"6c34c0b1","settings":{"space":{"unit":"px","size":"25","sizes":[]}},"elements":[],"isInner":false,"widgetType":"spacer","elType":"widget"},{"id":"1b1e064f","settings":{"space":{"unit":"px","size":"90","sizes":[]},"space_mobile":{"unit":"px","size":"10","sizes":[]}},"elements":[],"isInner":false,"widgetType":"spacer","elType":"widget"}],"isInner":"","elType":"column"},{"id":"322f5265","settings":{"_column_size":"33","_inline_size":"25","padding":{"unit":"em","top":"0","right":"0","bottom":"0","left":"2","isLinked":""},"content_position":"center","_inline_size_tablet":"100"},"elements":[{"id":"26c6dbe1","settings":{"image":{"url":"http:\/\/sitefacilitado.com.br\/membros\/wp-content\/uploads\/2020\/03\/gemma-chua-tran-z-u624SN9VY-unsplash.jpg","id":"4570"},"image_border_radius":{"unit":"px","top":"2","right":"2","bottom":"2","left":"2","isLinked":"1"},"_margin":{"unit":"px","top":"-20","right":"-15","bottom":"0","left":"-44","isLinked":""},"image_size":"full","image_custom_dimension":{"width":"600","height":"900"},"_z_index":"44","motion_fx_translateY_effect":"yes","motion_fx_translateY_speed":{"unit":"px","size":"2","sizes":[]},"_animation":"fadeIn","align":"right"},"elements":[],"isInner":false,"widgetType":"image","elType":"widget"}],"isInner":"","elType":"column"}],"isInner":"","elType":"section"},{"id":"eccb300","settings":{"content_width":{"unit":"px","size":"1300","sizes":[]},"structure":"20","background_background":"classic","background_color":"#111111","padding":{"unit":"em","top":"5","right":"0","bottom":"5","left":"0","isLinked":""}},"elements":[{"id":"4df77672","settings":{"_column_size":"50","padding":{"unit":"em","top":"1","right":"5","bottom":"1","left":"1","isLinked":""},"padding_mobile":{"unit":"em","top":"1","right":"1","bottom":"1","left":"1","isLinked":"1"}},"elements":[{"id":"4d3aabc8","settings":{"space":{"unit":"px","size":"53","sizes":[]},"_margin":{"unit":"px","top":"-47","right":"0","bottom":"0","left":"0","isLinked":""},"_animation":"fadeInDown","_border_border":"solid","_border_width":{"unit":"px","top":"0","right":"1","bottom":"0","left":"0","isLinked":""},"_border_color":"#ffffff","_border_radius":{"unit":"px","top":"0","right":"0","bottom":"0","left":"0","isLinked":""},"_element_width_tablet":"initial","_element_width_mobile":"initial","_element_custom_width_tablet":{"unit":"%","size":"33","sizes":[]},"_element_custom_width_mobile":{"unit":"%","size":"50","sizes":[]}},"elements":[],"isInner":false,"widgetType":"spacer","elType":"widget"},{"id":"44f3973f","settings":{"title":"Elevate Your Brand","align":"right","title_color":"#ffffff","typography_typography":"custom","typography_font_family":"Raleway","typography_font_size":{"unit":"rem","size":"3.2"},"typography_font_weight":"400","typography_line_height":{"unit":"em","size":"1.4"},"typography_letter_spacing":{"unit":"px","size":"1"},"_padding":{"unit":"%","top":"0","right":"0","bottom":"0","left":"0","isLinked":""},"_animation":"fadeInUp","align_mobile":"center"},"elements":[],"isInner":false,"widgetType":"heading","elType":"widget"},{"id":"5d07225e","settings":{"text":"portfolio","align":"right","typography_typography":"custom","typography_font_size":{"unit":"rem","size":"0.8"},"typography_text_transform":"uppercase","button_text_color":"#ffffff","background_color":"rgba(106,196,175,0)","hover_animation":"sink","border_radius":{"unit":"%","top":"0","right":"0","bottom":"0","left":"0","isLinked":"1"},"text_padding":{"unit":"px","top":"10","right":"0","bottom":"0","left":"0","isLinked":""},"size":"md","icon":"fa fa-angle-right","icon_align":"right","icon_indent":{"unit":"px","size":"15"},"typography_font_family":"Raleway","typography_letter_spacing":{"unit":"px","size":"1.6"},"button_box_shadow_box_shadow":{"horizontal":"0","vertical":"0","blur":"25","spread":"-3","color":"#a9ca6e"},"typography_line_height":{"unit":"em","size":"1.8"},"hover_color":"#ffffff","button_hover_border_color":"#ffffff","border_border":"solid","border_width":{"unit":"px","top":"1","right":"0","bottom":"0","left":"0","isLinked":""},"border_color":"#ffffff","_animation":"fadeInUp","_animation_delay":"800","selected_icon":{"value":"fas fa-angle-right","library":"fa-solid"},"__fa4_migrated":{"selected_icon":"1"},"align_mobile":"center"},"elements":[],"isInner":false,"widgetType":"button","elType":"widget"}],"isInner":"","elType":"column"},{"id":"3cf74d67","settings":{"_column_size":"50","padding":{"unit":"em","top":"1","right":"3","bottom":"1","left":"5","isLinked":""},"padding_mobile":{"unit":"em","top":"1","right":"1","bottom":"1","left":"1","isLinked":"1"}},"elements":[{"id":"1fcafa27","settings":{"image":{"url":"http:\/\/sitefacilitado.com.br\/membros\/wp-content\/uploads\/2020\/03\/photo-of-woman-wearing-black-bra-and-black-leggings-2744192-scaled.jpg","id":"4572"},"image_border_radius":{"unit":"px","top":"2","right":"2","bottom":"2","left":"2","isLinked":"1"},"_margin":{"unit":"%","top":"-50","right":"0","bottom":"0","left":"0","isLinked":""},"image_size":"custom","image_custom_dimension":{"width":"600","height":"900"},"_z_index":"44","motion_fx_translateY_effect":"yes","motion_fx_translateY_speed":{"unit":"px","size":"2","sizes":[]},"_animation":"fadeIn","align":"left","width":{"unit":"%","size":"60","sizes":[]},"width_tablet":{"unit":"%","size":"100","sizes":[]},"_margin_mobile":{"unit":"px","top":"0","right":"0","bottom":"0","left":"0","isLinked":"1"}},"elements":[],"isInner":false,"widgetType":"image","elType":"widget"},{"id":"208c342a","settings":{"align":"left","text_color":"#ffffff","typography_typography":"custom","typography_font_family":"Raleway","typography_font_size":{"unit":"rem","size":"1.1"},"typography_font_weight":"300","typography_line_height":{"unit":"em","size":"1.8","sizes":[]},"typography_letter_spacing":{"unit":"px","size":"1"},"_padding":{"unit":"%","top":"0","right":"0","bottom":"0","left":"0","isLinked":""},"_animation":"fadeIn","align_tablet":"left","typography_font_size_tablet":{"unit":"rem","size":"0.9","sizes":[]},"_margin_tablet":{"unit":"px","top":"0","right":"0","bottom":"0","left":"0","isLinked":"1"},"_padding_tablet":{"unit":"px","top":"0","right":"0","bottom":"0","left":"0","isLinked":"1"}},"elements":[],"isInner":false,"widgetType":"text-editor","elType":"widget"},{"id":"11804f7f","settings":[],"elements":[],"isInner":false,"widgetType":"spacer","elType":"widget"}],"isInner":"","elType":"column"}],"isInner":"","elType":"section"},{"id":"6714460f","settings":{"content_width":{"unit":"px","size":"1300","sizes":[]},"height":"min-height","custom_height":{"unit":"px","size":"596","sizes":[]},"column_position":"stretch","content_position":"middle","background_background":"classic","background_color":"#a4a6b2","padding":{"unit":"em","top":"5","right":"0","bottom":"5","left":"0","isLinked":""},"structure":"20","padding_tablet":{"unit":"em","top":"0","right":"0","bottom":"0","left":"0","isLinked":"1"}},"elements":[{"id":"7ac9b495","settings":{"_column_size":"50","_inline_size":"55.692","background_image":{"url":"http:\/\/sitefacilitado.com.br\/membros\/wp-content\/uploads\/2020\/03\/jakob-owens-QI4dA05KQUE-unsplash.jpg","id":"4574"},"background_size":"cover","padding":{"unit":"em","top":"0","right":"5","bottom":"0","left":"1","isLinked":""},"content_position":"top","margin_mobile":{"unit":"px","top":"0","right":"0","bottom":"0","left":"0","isLinked":"1"},"padding_mobile":{"unit":"px","top":"0","right":"0","bottom":"0","left":"0","isLinked":"1"}},"elements":[{"id":"1247e45e","settings":{"space":{"unit":"px","size":"70","sizes":[]},"_margin":{"unit":"px","top":"-135","right":"0","bottom":"0","left":"0","isLinked":""},"_animation":"fadeInDown","_border_border":"solid","_border_width":{"unit":"px","top":"0","right":"1","bottom":"0","left":"0","isLinked":""},"_border_color":"#ffffff","_border_radius":{"unit":"px","top":"0","right":"0","bottom":"0","left":"0","isLinked":""},"_element_width":"initial","_element_custom_width":{"unit":"%","size":"100","sizes":[]},"_margin_mobile":{"unit":"px","top":"-49","right":"0","bottom":"0","left":"0","isLinked":""},"_element_width_tablet":"initial","_element_width_mobile":"initial","_element_custom_width_tablet":{"unit":"%","size":"100","sizes":[]},"_element_custom_width_mobile":{"unit":"px","size":"159","sizes":[]}},"elements":[],"isInner":false,"widgetType":"spacer","elType":"widget"},{"id":"4cb81d99","settings":{"height_inner":"min-height","custom_height_inner":{"unit":"px","size":"352","sizes":[]},"content_position":"middle","background_background":"classic","background_video_link":"https:\/\/www.youtube.com\/watch?v=w-cIA1-mGlw","background_video_start":"73","background_video_end":"152","border_radius":{"unit":"px","top":"2","right":"2","bottom":"2","left":"2","isLinked":"1"},"background_video_fallback":{"url":"http:\/\/sitefacilitado.com.br\/membros\/wp-content\/uploads\/2020\/03\/video-still.jpg","id":"4575"},"background_overlay_background":"classic","background_overlay_color":"#a7a9b2","background_overlay_opacity":{"unit":"px","size":"0.15","sizes":[]},"overlay_blend_mode":"screen","custom_height_inner_tablet":{"unit":"px","size":"171","sizes":[]},"custom_height_inner_mobile":{"unit":"px","size":"351","sizes":[]},"background_play_on_mobile":"yes","margin":{"unit":"px","top":"0","right":"0","bottom":"0","left":"0","isLinked":"1"},"background_image":{"url":"http:\/\/sitefacilitado.com.br\/membros\/wp-content\/uploads\/2020\/03\/video-still.jpg","id":"4575"},"background_size":"cover","margin_tablet":{"unit":"px","top":"-36","right":"0","bottom":"0","left":"0","isLinked":""}},"elements":[{"id":"3bd515c4","settings":{"_column_size":"100"},"elements":[{"id":"15dd19f5","settings":{"icon":"fa fa-angle-right","view":"stacked","primary_color":"rgba(255,255,255,0.47)","secondary_color":"#ffffff","size":{"unit":"px","size":"34","sizes":[]},"__dynamic__":{"link":"[elementor-tag id=\"1df853e\" name=\"lightbox\" settings=\"%7B%22type%22%3A%22video%22%2C%22video_url%22%3A%22https%3A%2F%2Fwww.youtube.com%2Fwatch%3Fv%3Dw-cIA1-mGlw%22%7D\"]"}},"elements":[],"isInner":false,"widgetType":"icon","elType":"widget"}],"isInner":"1","elType":"column"}],"isInner":"1","elType":"section"},{"id":"45b9e738","settings":{"padding":{"unit":"em","top":"0","right":"0","bottom":"0","left":"0","isLinked":""}},"elements":[{"id":"2d8d02e3","settings":{"_column_size":"100","_inline_size_mobile":"100"},"elements":[{"id":"1a8c19e6","settings":{"space":{"unit":"px","size":"10","sizes":[]}},"elements":[],"isInner":false,"widgetType":"spacer","elType":"widget"},{"id":"4ef751a9","settings":{"title":"See how we work","align":"center","typography_typography":"custom","typography_font_weight":"400","header_size":"h5","size":"medium","typography_font_family":"Raleway","typography_text_transform":"uppercase","typography_letter_spacing":{"unit":"px","size":"4.7"},"typography_font_size":{"unit":"rem","size":"0.8"},"typography_line_height":{"unit":"em","size":"1"},"_padding":{"unit":"px","top":"0","right":"0","bottom":"0","left":"0","isLinked":""},"_animation":"fadeIn","title_color":"#ffffff"},"elements":[],"isInner":false,"widgetType":"heading","elType":"widget"},{"id":"34af5fa6","settings":{"width":{"unit":"%","size":"15"},"align":"center","_animation":"fadeInUp","color":"#ffffff","text":"Divider","gap":{"unit":"px","size":"10","sizes":[]}},"elements":[],"isInner":false,"widgetType":"divider","elType":"widget"},{"id":"811c4a1","settings":{"align":"center","text_color":"#ffffff","typography_typography":"custom","typography_font_family":"Raleway","typography_font_size":{"unit":"rem","size":"0.9"},"typography_font_weight":"300","typography_line_height":{"unit":"em","size":"1.8","sizes":[]},"typography_letter_spacing":{"unit":"px","size":"1"},"_padding":{"unit":"%","top":"0","right":"0","bottom":"0","left":"0","isLinked":""},"_animation":"fadeIn"},"elements":[],"isInner":false,"widgetType":"text-editor","elType":"widget"},{"id":"1c3618f3","settings":{"text":"request quote","align":"center","typography_typography":"custom","typography_font_size":{"unit":"rem","size":"0.8"},"typography_text_transform":"uppercase","button_text_color":"#ffffff","background_color":"#000000","hover_animation":"sink","border_radius":{"unit":"%","top":"0","right":"0","bottom":"0","left":"0","isLinked":"1"},"text_padding":{"unit":"em","top":"","right":"","bottom":"","left":"","isLinked":""},"size":"md","icon":"fa fa-angle-right","icon_align":"right","icon_indent":{"unit":"px","size":"15"},"typography_font_family":"Raleway","typography_letter_spacing":{"unit":"px","size":"1.6"},"button_box_shadow_box_shadow":{"horizontal":"0","vertical":"0","blur":"25","spread":"-3","color":"#a9ca6e"},"typography_line_height":{"unit":"em","size":"1.8"},"hover_color":"#ffffff","button_hover_border_color":"#ffffff","border_width":{"unit":"px","top":"1","right":"0","bottom":"0","left":"0","isLinked":""},"border_color":"#ffffff","_animation":"fadeInUp","_animation_delay":"800","selected_icon":{"value":"fas fa-angle-right","library":"fa-solid"},"__fa4_migrated":{"selected_icon":"1"}},"elements":[],"isInner":false,"widgetType":"button","elType":"widget"}],"isInner":"1","elType":"column"}],"isInner":"1","elType":"section"}],"isInner":"","elType":"column"},{"id":"6b91064a","settings":{"_column_size":"50","_inline_size":"44.308","margin":{"unit":"px","top":"0","right":"0","bottom":"0","left":"0","isLinked":"1"},"padding":{"unit":"em","top":"0","right":"0","bottom":"0","left":"0","isLinked":"1"},"content_position":"top","padding_tablet":{"unit":"em","top":"4","right":"1","bottom":"0","left":"0","isLinked":""}},"elements":[{"id":"fb2e858","settings":{"image":{"url":"http:\/\/sitefacilitado.com.br\/membros\/wp-content\/uploads\/2020\/03\/portrait-of-a-woman-247204.jpg","id":"4590"},"title_text":"Portraits & portfolios","description_text":"Lorem ipsum dolor sit amet, consectetur adipiscing elit.","position":"left","title_size":"h4","image_space":{"unit":"px","size":"39","sizes":[]},"image_size":{"unit":"%","size":"100","sizes":[]},"hover_animation":"grow","text_align":"center","content_vertical_alignment":"middle","title_bottom_space":{"unit":"px","size":"19","sizes":[]},"title_color":"#ffffff","title_typography_typography":"custom","title_typography_font_family":"Raleway","title_typography_font_size":{"unit":"rem","size":"0.8","sizes":[]},"title_typography_font_weight":"400","title_typography_text_transform":"uppercase","title_typography_line_height":{"unit":"em","size":"1","sizes":[]},"title_typography_letter_spacing":{"unit":"px","size":"2","sizes":[]},"description_color":"#ffffff","description_typography_typography":"custom","description_typography_font_family":"Raleway","description_typography_font_size":{"unit":"rem","size":"0.7","sizes":[]},"description_typography_font_weight":"300","description_typography_line_height":{"unit":"em","size":"1.6","sizes":[]},"description_typography_letter_spacing":{"unit":"px","size":"1","sizes":[]},"_padding":{"unit":"em","top":"0","right":"0","bottom":"0","left":"0","isLinked":""},"image_space_tablet":{"unit":"px","size":"19","sizes":[]},"image_size_tablet":{"unit":"%","size":"100","sizes":[]},"text_align_tablet":"left","title_bottom_space_tablet":{"unit":"px","size":"13","sizes":[]},"_padding_mobile":{"unit":"em","top":"2","right":"2","bottom":"2","left":"2","isLinked":"1"}},"elements":[],"isInner":false,"widgetType":"image-box","elType":"widget"},{"id":"34bfdc34","settings":{"image":{"url":"http:\/\/sitefacilitado.com.br\/membros\/wp-content\/uploads\/2020\/03\/liliia-beda-aUZeQ7LCL0g-unsplash.jpg","id":"4579"},"thumbnail_size":"custom","thumbnail_custom_dimension":{"width":"600","height":"400"},"title_text":"Fashion shoots","description_text":"Lorem ipsum dolor sit amet, consectetur adipiscing elit.","position":"left","title_size":"h4","image_space":{"unit":"px","size":"39","sizes":[]},"image_size":{"unit":"%","size":"100","sizes":[]},"hover_animation":"grow","text_align":"center","content_vertical_alignment":"middle","title_bottom_space":{"unit":"px","size":"19","sizes":[]},"title_color":"#ffffff","title_typography_typography":"custom","title_typography_font_family":"Raleway","title_typography_font_size":{"unit":"rem","size":"0.8","sizes":[]},"title_typography_font_weight":"400","title_typography_text_transform":"uppercase","title_typography_line_height":{"unit":"em","size":"1","sizes":[]},"title_typography_letter_spacing":{"unit":"px","size":"2","sizes":[]},"description_color":"#ffffff","description_typography_typography":"custom","description_typography_font_family":"Raleway","description_typography_font_size":{"unit":"rem","size":"0.7","sizes":[]},"description_typography_font_weight":"300","description_typography_line_height":{"unit":"em","size":"1.6","sizes":[]},"description_typography_letter_spacing":{"unit":"px","size":"1","sizes":[]},"_padding":{"unit":"em","top":"0","right":"0","bottom":"0","left":"0","isLinked":""},"image_space_tablet":{"unit":"px","size":"19","sizes":[]},"image_size_tablet":{"unit":"%","size":"100","sizes":[]},"text_align_tablet":"left","title_bottom_space_tablet":{"unit":"px","size":"13","sizes":[]},"_padding_mobile":{"unit":"em","top":"2","right":"2","bottom":"2","left":"2","isLinked":"1"}},"elements":[],"isInner":false,"widgetType":"image-box","elType":"widget"},{"id":"62c60155","settings":{"image":{"url":"http:\/\/sitefacilitado.com.br\/membros\/wp-content\/uploads\/2020\/03\/jordan-mixson-BCi048jfDbE-unsplash.jpg","id":"4577"},"thumbnail_size":"custom","thumbnail_custom_dimension":{"width":"600","height":"400"},"title_text":"Editorial Shoots","description_text":"Lorem ipsum dolor sit amet, consectetur adipiscing elit.","position":"left","title_size":"h4","image_space":{"unit":"px","size":"39","sizes":[]},"image_size":{"unit":"%","size":"100","sizes":[]},"hover_animation":"grow","text_align":"center","content_vertical_alignment":"middle","title_bottom_space":{"unit":"px","size":"19","sizes":[]},"title_color":"#ffffff","title_typography_typography":"custom","title_typography_font_family":"Raleway","title_typography_font_size":{"unit":"rem","size":"0.8","sizes":[]},"title_typography_font_weight":"400","title_typography_text_transform":"uppercase","title_typography_line_height":{"unit":"em","size":"1","sizes":[]},"title_typography_letter_spacing":{"unit":"px","size":"2","sizes":[]},"description_color":"#ffffff","description_typography_typography":"custom","description_typography_font_family":"Raleway","description_typography_font_size":{"unit":"rem","size":"0.7","sizes":[]},"description_typography_font_weight":"300","description_typography_line_height":{"unit":"em","size":"1.6","sizes":[]},"description_typography_letter_spacing":{"unit":"px","size":"1","sizes":[]},"_padding":{"unit":"em","top":"0","right":"0","bottom":"0","left":"0","isLinked":""},"image_space_tablet":{"unit":"px","size":"19","sizes":[]},"image_size_tablet":{"unit":"%","size":"100","sizes":[]},"text_align_tablet":"left","title_bottom_space_tablet":{"unit":"px","size":"13","sizes":[]},"_padding_mobile":{"unit":"em","top":"2","right":"2","bottom":"2","left":"2","isLinked":"1"}},"elements":[],"isInner":false,"widgetType":"image-box","elType":"widget"}],"isInner":"","elType":"column"}],"isInner":"","elType":"section"},{"id":"44474db0","settings":{"content_width":{"unit":"px","size":"1300","sizes":[]},"structure":"20","background_background":"gradient","background_color":"#a4a6b2","background_color_stop":{"unit":"%","size":"20","sizes":[]},"background_color_b":"#111111","background_color_b_stop":{"unit":"%","size":"0","sizes":[]},"padding":{"unit":"em","top":"3","right":"0","bottom":"5","left":"0","isLinked":""},"padding_mobile":{"unit":"em","top":"1","right":"1","bottom":"1","left":"1","isLinked":"1"}},"elements":[{"id":"58679a50","settings":{"_column_size":"50","padding":{"unit":"em","top":"1","right":"0","bottom":"1","left":"0","isLinked":""}},"elements":[{"id":"70d10ee9","settings":{"image":{"url":"http:\/\/sitefacilitado.com.br\/membros\/wp-content\/uploads\/2020\/03\/pexels-photo-699459.jpeg","id":"4596"},"image_border_radius":{"unit":"px","top":"2","right":"2","bottom":"2","left":"2","isLinked":"1"},"_margin":{"unit":"px","top":"0","right":"0","bottom":"-50","left":"0","isLinked":""},"align":"left","width":{"unit":"%","size":"57","sizes":[]},"motion_fx_translateY_effect":"yes","motion_fx_translateY_speed":{"unit":"px","size":"2","sizes":[]},"_animation":"fadeIn","image_size":"custom","image_custom_dimension":{"width":"600","height":"400"}},"elements":[],"isInner":false,"widgetType":"image","elType":"widget"},{"id":"4ca15271","settings":{"image":{"url":"http:\/\/sitefacilitado.com.br\/membros\/wp-content\/uploads\/2020\/03\/jakob-owens-QI4dA05KQUE-unsplash.jpg","id":"4574"},"image_border_radius":{"unit":"px","top":"2","right":"2","bottom":"2","left":"2","isLinked":"1"},"_margin":{"unit":"px","top":"-100","right":"0","bottom":"0","left":"0","isLinked":""},"motion_fx_translateY_effect":"yes","motion_fx_translateY_speed":{"unit":"px","size":"2","sizes":[]},"_animation":"fadeIn","align":"right","width":{"unit":"%","size":"70","sizes":[]},"_margin_tablet":{"unit":"%","top":"0","right":"0","bottom":"0","left":"0","isLinked":""}},"elements":[],"isInner":false,"widgetType":"image","elType":"widget"}],"isInner":"","elType":"column"},{"id":"226f9ebb","settings":{"_column_size":"50","padding":{"unit":"em","top":"1","right":"5","bottom":"1","left":"5","isLinked":""},"padding_tablet":{"unit":"em","top":"0","right":"0","bottom":"0","left":"3","isLinked":""},"padding_mobile":{"unit":"em","top":"0","right":"1","bottom":"0","left":"1","isLinked":""}},"elements":[{"id":"6a0f078c","settings":{"space":{"unit":"px","size":"53","sizes":[]},"_margin":{"unit":"px","top":"-47","right":"0","bottom":"0","left":"0","isLinked":""},"_animation":"fadeInDown","_border_border":"solid","_border_width":{"unit":"px","top":"0","right":"0","bottom":"0","left":"1","isLinked":""},"_border_color":"#ffffff","_border_radius":{"unit":"px","top":"0","right":"0","bottom":"0","left":"0","isLinked":""}},"elements":[],"isInner":false,"widgetType":"spacer","elType":"widget"},{"id":"64b2dbde","settings":{"space_mobile":{"unit":"px","size":"10","sizes":[]}},"elements":[],"isInner":false,"widgetType":"spacer","elType":"widget"},{"id":"61713fc9","settings":{"title":"Stand out through motion","align":"left","title_color":"#ffffff","typography_typography":"custom","typography_font_family":"Raleway","typography_font_size":{"unit":"rem","size":"3.2"},"typography_font_weight":"400","typography_line_height":{"unit":"em","size":"1.4"},"typography_letter_spacing":{"unit":"px","size":"1"},"_padding":{"unit":"%","top":"0","right":"0","bottom":"0","left":"0","isLinked":""},"_animation":"fadeInUp","typography_text_transform":"capitalize","align_mobile":"left","typography_font_size_tablet":{"unit":"rem","size":"2.3","sizes":[]}},"elements":[],"isInner":false,"widgetType":"heading","elType":"widget"},{"id":"5e7927e0","settings":{"align":"left","text_color":"#ffffff","typography_typography":"custom","typography_font_family":"Raleway","typography_font_size":{"unit":"rem","size":"1.1"},"typography_font_weight":"300","typography_line_height":{"unit":"em","size":"1.8","sizes":[]},"typography_letter_spacing":{"unit":"px","size":"1"},"_padding":{"unit":"%","top":"0","right":"0","bottom":"0","left":"0","isLinked":""},"_animation":"fadeIn"},"elements":[],"isInner":false,"widgetType":"text-editor","elType":"widget"},{"id":"74cbec64","settings":{"text":"all services","align":"left","typography_typography":"custom","typography_font_size":{"unit":"rem","size":"0.8"},"typography_text_transform":"uppercase","button_text_color":"#ffffff","background_color":"rgba(106,196,175,0)","hover_animation":"sink","border_radius":{"unit":"%","top":"0","right":"0","bottom":"0","left":"0","isLinked":"1"},"text_padding":{"unit":"px","top":"10","right":"0","bottom":"0","left":"0","isLinked":""},"size":"md","icon":"fa fa-angle-right","icon_align":"right","icon_indent":{"unit":"px","size":"15"},"typography_font_family":"Raleway","typography_letter_spacing":{"unit":"px","size":"1.6"},"button_box_shadow_box_shadow":{"horizontal":"0","vertical":"0","blur":"25","spread":"-3","color":"#a9ca6e"},"typography_line_height":{"unit":"em","size":"1.8"},"hover_color":"#ffffff","button_hover_border_color":"#ffffff","border_border":"solid","border_width":{"unit":"px","top":"1","right":"0","bottom":"0","left":"0","isLinked":""},"border_color":"#ffffff","_animation":"fadeInUp","_animation_delay":"800","selected_icon":{"value":"fas fa-angle-right","library":"fa-solid"},"__fa4_migrated":{"selected_icon":"1"}},"elements":[],"isInner":false,"widgetType":"button","elType":"widget"}],"isInner":"","elType":"column"}],"isInner":"","elType":"section"},{"id":"555ef824","settings":{"content_width":{"unit":"px","size":"1300","sizes":[]},"background_background":"gradient","background_color":"#111111","background_color_stop":{"unit":"%","size":"18","sizes":[]},"background_color_b":"#a4a6b2","background_color_b_stop":{"unit":"%","size":"9","sizes":[]},"padding":{"unit":"em","top":"5","right":"0","bottom":"5","left":"0","isLinked":""}},"elements":[{"id":"acc1cab","settings":{"_column_size":"100","_inline_size":"50","padding":{"unit":"em","top":"1","right":"5","bottom":"1","left":"1","isLinked":""},"padding_mobile":{"unit":"em","top":"1","right":"1","bottom":"1","left":"1","isLinked":"1"}},"elements":[{"id":"25ebbd58","settings":{"space":{"unit":"px","size":"53","sizes":[]},"_margin":{"unit":"px","top":"-50","right":"-80","bottom":"0","left":"0","isLinked":""},"_animation":"fadeInDown","_border_border":"solid","_border_width":{"unit":"px","top":"0","right":"1","bottom":"0","left":"0","isLinked":""},"_border_color":"#ffffff","_border_radius":{"unit":"px","top":"0","right":"0","bottom":"0","left":"0","isLinked":""}},"elements":[],"isInner":false,"widgetType":"spacer","elType":"widget"},{"id":"673a72dc","settings":{"title":"Taking Bookings Through April","align":"right","title_color":"#ffffff","typography_typography":"custom","typography_font_family":"Raleway","typography_font_size":{"unit":"rem","size":"3.2"},"typography_font_weight":"400","typography_line_height":{"unit":"em","size":"1.4"},"typography_letter_spacing":{"unit":"px","size":"1"},"_padding":{"unit":"%","top":"0","right":"0","bottom":"0","left":"0","isLinked":""},"_animation":"fadeInUp","align_mobile":"center","typography_font_size_tablet":{"unit":"rem","size":"2.3","sizes":[]}},"elements":[],"isInner":false,"widgetType":"heading","elType":"widget"}],"isInner":"","elType":"column"},{"id":"4abf762","settings":{"_column_size":"100","_inline_size":"50","padding":{"unit":"em","top":"4","right":"1","bottom":"1","left":"5","isLinked":""},"padding_tablet":{"unit":"em","top":"3","right":"3","bottom":"3","left":"3","isLinked":"1"},"padding_mobile":{"unit":"em","top":"2","right":"2","bottom":"2","left":"2","isLinked":"1"}},"elements":[{"id":"c12a1ed","settings":{"title":"contact us","align":"left","typography_typography":"custom","typography_font_weight":"400","header_size":"h5","size":"medium","typography_font_family":"Raleway","typography_text_transform":"uppercase","typography_letter_spacing":{"unit":"px","size":"4.7"},"typography_font_size":{"unit":"rem","size":"0.8"},"typography_line_height":{"unit":"em","size":"1"},"_padding":{"unit":"px","top":"0","right":"0","bottom":"0","left":"0","isLinked":""},"_animation":"fadeIn","title_color":"#ffffff","align_mobile":"center"},"elements":[],"isInner":false,"widgetType":"heading","elType":"widget"},{"id":"4680f09d","settings":{"align":"left","text_color":"#ffffff","typography_typography":"custom","typography_font_family":"Raleway","typography_font_size":{"unit":"rem","size":"1.1"},"typography_font_weight":"300","typography_line_height":{"unit":"em","size":"1.8","sizes":[]},"typography_letter_spacing":{"unit":"px","size":"1"},"_padding":{"unit":"%","top":"0","right":"0","bottom":"0","left":"0","isLinked":""},"_animation":"fadeIn","text_columns":"2","column_gap":{"unit":"em","size":"3","sizes":[]},"typography_font_size_tablet":{"unit":"rem","size":"0.8","sizes":[]},"text_columns_tablet":"1"},"elements":[],"isInner":false,"widgetType":"text-editor","elType":"widget"},{"id":"33e26ca0","settings":{"social_icon_list":[{"social":"fa fa-facebook","_id":"c6c00d9","link":{"url":"","is_external":"true","nofollow":""},"social_icon":{"value":"fab fa-facebook-f","library":"fa-brands"},"item_icon_color":"default","item_icon_primary_color":"","item_icon_secondary_color":"","__fa4_migrated":{"social_icon":"1"}},{"social":"fa fa-instagram","link":{"url":"","is_external":"true","nofollow":""},"_id":"50ee7b9","social_icon":{"value":"fab fa-instagram","library":"fa-brands"},"item_icon_color":"default","item_icon_primary_color":"","item_icon_secondary_color":"","__fa4_migrated":{"social_icon":"1"}},{"social":"fa fa-flickr","link":{"url":"","is_external":"true","nofollow":""},"_id":"98a2194","social_icon":{"value":"fab fa-flickr","library":"fa-brands"},"item_icon_color":"default","item_icon_primary_color":"","item_icon_secondary_color":"","__fa4_migrated":{"social_icon":"1"}},{"social":"fa fa-500px","link":{"url":"","is_external":"true","nofollow":""},"_id":"14ab4d7","social_icon":{"value":"fab fa-500px","library":"fa-brands"},"item_icon_color":"default","item_icon_primary_color":"","item_icon_secondary_color":"","__fa4_migrated":{"social_icon":"1"}}],"shape":"circle","align":"left","icon_color":"custom","icon_primary_color":"rgba(0,0,0,0)","icon_secondary_color":"#ffffff","icon_size":{"unit":"px","size":"15","sizes":[]},"icon_spacing":{"unit":"px","size":"15","sizes":[]},"image_border_border":"solid","image_border_width":{"unit":"px","top":"1","right":"1","bottom":"1","left":"1","isLinked":"1"},"image_border_color":"#ffffff","border_radius":{"unit":"%","top":"","right":"","bottom":"","left":"","isLinked":"1"},"hover_primary_color":"rgba(0,0,0,0)","hover_secondary_color":"#c0b7e2","hover_animation":"shrink","align_mobile":"center"},"elements":[],"isInner":false,"widgetType":"social-icons","elType":"widget"}],"isInner":"","elType":"column"}],"isInner":"","elType":"section"}]}