{
    "version": "0.4",
    "title": "Page 05 &#8211; Contact",
    "type": "page",
    "metadata": {
        "template_type": "single-page",
        "include_in_zip": "1",
        "elementor_pro_required": null,
        "wp_page_template": "elementor_canvas"
    },
    "content": [
        {
            "id": "4fdf5a59",
            "settings": {
                "background_background": "classic",
                "background_image": {
                    "url": "https:\/\/templatekit.tokokoo.com\/bagkit\/wp-content\/uploads\/sites\/7\/2020\/03\/bg-home-2.jpg",
                    "id": "610"
                },
                "background_position": "center center",
                "background_size": "cover",
                "background_overlay_background": "classic",
                "background_overlay_color": "#000000",
                "background_overlay_opacity": {
                    "unit": "px",
                    "size": "0.57",
                    "sizes": []
                },
                "padding": {
                    "unit": "px",
                    "top": "120",
                    "right": "0",
                    "bottom": "0120",
                    "left": "0",
                    "isLinked": ""
                },
                "padding_mobile": {
                    "unit": "px",
                    "top": "50",
                    "right": "0",
                    "bottom": "50",
                    "left": "0",
                    "isLinked": ""
                }
            },
            "elements": [
                {
                    "id": "4eacd862",
                    "settings": {
                        "_column_size": "100",
                        "space_between_widgets": "5"
                    },
                    "elements": [
                        {
                            "id": "7f60abd8",
                            "settings": {
                                "title": "CONTACT US",
                                "title_color": "#FFFFFF",
                                "typography_typography": "custom",
                                "typography_font_size": {
                                    "unit": "px",
                                    "size": "58",
                                    "sizes": []
                                },
                                "align": "center",
                                "align_mobile": "center",
                                "typography_font_size_mobile": {
                                    "unit": "px",
                                    "size": "27",
                                    "sizes": []
                                },
                                "typography_font_weight": "800",
                                "typography_letter_spacing": {
                                    "unit": "px",
                                    "size": "4.2",
                                    "sizes": []
                                },
                                "typography_font_family": "Muli"
                            },
                            "elements": [],
                            "isInner": false,
                            "widgetType": "heading",
                            "elType": "widget"
                        },
                        {
                            "id": "5aff405a",
                            "settings": {
                                "width": {
                                    "unit": "px",
                                    "size": "73",
                                    "sizes": []
                                },
                                "align": "center",
                                "text": "Divider",
                                "color": "#FFFFFF",
                                "weight": {
                                    "unit": "px",
                                    "size": "3",
                                    "sizes": []
                                }
                            },
                            "elements": [],
                            "isInner": false,
                            "widgetType": "divider",
                            "elType": "widget"
                        },
                        {
                            "id": "34e8b746",
                            "settings": {
                                "editor": "<p>This is a fourth generation, family-owned leather and textiles business.<\/p>",
                                "text_color": "#FFFFFF",
                                "typography_typography": "custom",
                                "typography_font_weight": "400",
                                "typography_letter_spacing": {
                                    "unit": "px",
                                    "size": "0.9",
                                    "sizes": []
                                },
                                "align_mobile": "center",
                                "_margin": {
                                    "unit": "px",
                                    "top": "0",
                                    "right": "0",
                                    "bottom": "0",
                                    "left": "0",
                                    "isLinked": ""
                                },
                                "align": "center",
                                "typography_font_family": "Muli",
                                "typography_font_size_mobile": {
                                    "unit": "px",
                                    "size": "13",
                                    "sizes": []
                                },
                                "typography_line_height_mobile": {
                                    "unit": "em",
                                    "size": "1.7",
                                    "sizes": []
                                }
                            },
                            "elements": [],
                            "isInner": false,
                            "widgetType": "text-editor",
                            "elType": "widget"
                        }
                    ],
                    "isInner": "",
                    "elType": "column"
                }
            ],
            "isInner": "",
            "elType": "section"
        },
        {
            "id": "6ecde585",
            "settings": {
                "structure": "20",
                "padding": {
                    "unit": "px",
                    "top": "70",
                    "right": "0",
                    "bottom": "70",
                    "left": "0",
                    "isLinked": ""
                },
                "padding_mobile": {
                    "unit": "px",
                    "top": "30",
                    "right": "0",
                    "bottom": "0",
                    "left": "0",
                    "isLinked": ""
                },
                "padding_tablet": {
                    "unit": "em",
                    "top": "2",
                    "right": "1",
                    "bottom": "2",
                    "left": "1",
                    "isLinked": ""
                }
            },
            "elements": [
                {
                    "id": "5ca2fe6b",
                    "settings": {
                        "_column_size": "50",
                        "space_between_widgets": "10",
                        "content_position": "center"
                    },
                    "elements": [
                        {
                            "id": "54450d1d",
                            "settings": {
                                "title": "Get in Touch",
                                "align": "left",
                                "title_color": "#282828",
                                "typography_typography": "custom",
                                "typography_font_size": {
                                    "unit": "px",
                                    "size": "35",
                                    "sizes": []
                                },
                                "align_mobile": "center",
                                "typography_font_size_mobile": {
                                    "unit": "px",
                                    "size": "22",
                                    "sizes": []
                                },
                                "typography_font_family": "Muli",
                                "typography_font_weight": "800",
                                "typography_line_height": {
                                    "unit": "em",
                                    "size": "1.3",
                                    "sizes": []
                                },
                                "typography_letter_spacing": {
                                    "unit": "px",
                                    "size": "0",
                                    "sizes": []
                                }
                            },
                            "elements": [],
                            "isInner": false,
                            "widgetType": "heading",
                            "elType": "widget"
                        },
                        {
                            "id": "2aa8dc4d",
                            "settings": {
                                "editor": "<p>All the Lorem Ipsum generators on the Internet tend to repeat predefined chunks as necessary, making this the first true on the Internet.<\/p>",
                                "typography_typography": "custom",
                                "typography_font_size": {
                                    "unit": "px",
                                    "size": "16",
                                    "sizes": []
                                },
                                "align_mobile": "center",
                                "text_color": "#7B7B7B",
                                "typography_font_family": "Muli",
                                "typography_font_size_mobile": {
                                    "unit": "px",
                                    "size": "13",
                                    "sizes": []
                                },
                                "typography_line_height": {
                                    "unit": "em",
                                    "size": "1.9",
                                    "sizes": []
                                },
                                "typography_font_weight": "500",
                                "typography_line_height_mobile": {
                                    "unit": "em",
                                    "size": "1.6",
                                    "sizes": []
                                },
                                "typography_letter_spacing": {
                                    "unit": "px",
                                    "size": "0.4",
                                    "sizes": []
                                },
                                "typography_letter_spacing_mobile": {
                                    "unit": "px",
                                    "size": "0.4",
                                    "sizes": []
                                }
                            },
                            "elements": [],
                            "isInner": false,
                            "widgetType": "text-editor",
                            "elType": "widget"
                        },
                        {
                            "id": "62540aa2",
                            "settings": [],
                            "elements": [
                                {
                                    "id": "41a662a6",
                                    "settings": {
                                        "_column_size": "100",
                                        "margin_mobile": {
                                            "unit": "px",
                                            "top": "0",
                                            "right": "0",
                                            "bottom": "0",
                                            "left": "0",
                                            "isLinked": "1"
                                        },
                                        "space_between_widgets": "0",
                                        "padding_mobile": {
                                            "unit": "px",
                                            "top": "0",
                                            "right": "0",
                                            "bottom": "0",
                                            "left": "0",
                                            "isLinked": ""
                                        }
                                    },
                                    "elements": [
                                        {
                                            "id": "f13281e",
                                            "settings": {
                                                "selected_icon": {
                                                    "value": "fas fa-phone-alt",
                                                    "library": "fa-solid"
                                                },
                                                "title_text": "Call Number",
                                                "description_text": "+32 381 391 394",
                                                "primary_color": "#BA9A8E",
                                                "icon_space": {
                                                    "unit": "px",
                                                    "size": "24",
                                                    "sizes": []
                                                },
                                                "icon_size": {
                                                    "unit": "px",
                                                    "size": "33",
                                                    "sizes": []
                                                },
                                                "title_bottom_space": {
                                                    "unit": "px",
                                                    "size": "1",
                                                    "sizes": []
                                                },
                                                "title_color": "#222222",
                                                "title_typography_typography": "custom",
                                                "position": "left",
                                                "content_vertical_alignment": "middle",
                                                "title_typography_font_size": {
                                                    "unit": "px",
                                                    "size": "20",
                                                    "sizes": []
                                                },
                                                "description_color": "#757575",
                                                "description_typography_typography": "custom",
                                                "description_typography_font_size": {
                                                    "unit": "px",
                                                    "size": "17",
                                                    "sizes": []
                                                },
                                                "description_typography_letter_spacing": {
                                                    "unit": "px",
                                                    "size": "0.5",
                                                    "sizes": []
                                                },
                                                "title_typography_font_family": "Muli",
                                                "description_typography_font_family": "Karla",
                                                "icon_space_mobile": {
                                                    "unit": "px",
                                                    "size": "9",
                                                    "sizes": []
                                                },
                                                "icon_size_mobile": {
                                                    "unit": "px",
                                                    "size": "28",
                                                    "sizes": []
                                                },
                                                "title_typography_font_size_mobile": {
                                                    "unit": "px",
                                                    "size": "17",
                                                    "sizes": []
                                                },
                                                "title_typography_font_weight": "700",
                                                "description_typography_font_size_mobile": {
                                                    "unit": "px",
                                                    "size": "16",
                                                    "sizes": []
                                                }
                                            },
                                            "elements": [],
                                            "isInner": false,
                                            "widgetType": "icon-box",
                                            "elType": "widget"
                                        }
                                    ],
                                    "isInner": "1",
                                    "elType": "column"
                                }
                            ],
                            "isInner": "1",
                            "elType": "section"
                        },
                        {
                            "id": "5bdca273",
                            "settings": [],
                            "elements": [
                                {
                                    "id": "2774b7ca",
                                    "settings": {
                                        "_column_size": "100",
                                        "margin_mobile": {
                                            "unit": "px",
                                            "top": "20",
                                            "right": "0",
                                            "bottom": "0",
                                            "left": "0",
                                            "isLinked": ""
                                        },
                                        "space_between_widgets": "0",
                                        "padding_mobile": {
                                            "unit": "px",
                                            "top": "0",
                                            "right": "0",
                                            "bottom": "0",
                                            "left": "0",
                                            "isLinked": ""
                                        }
                                    },
                                    "elements": [
                                        {
                                            "id": "40037d94",
                                            "settings": {
                                                "selected_icon": {
                                                    "value": "fas fa-envelope",
                                                    "library": "fa-solid"
                                                },
                                                "title_text": "Email",
                                                "description_text": "info@bag.co",
                                                "primary_color": "#BA9A8E",
                                                "icon_space": {
                                                    "unit": "px",
                                                    "size": "24",
                                                    "sizes": []
                                                },
                                                "icon_size": {
                                                    "unit": "px",
                                                    "size": "33",
                                                    "sizes": []
                                                },
                                                "title_bottom_space": {
                                                    "unit": "px",
                                                    "size": "1",
                                                    "sizes": []
                                                },
                                                "title_color": "#222222",
                                                "title_typography_typography": "custom",
                                                "position": "left",
                                                "content_vertical_alignment": "middle",
                                                "title_typography_font_size": {
                                                    "unit": "px",
                                                    "size": "20",
                                                    "sizes": []
                                                },
                                                "description_color": "#757575",
                                                "description_typography_typography": "custom",
                                                "description_typography_font_size": {
                                                    "unit": "px",
                                                    "size": "17",
                                                    "sizes": []
                                                },
                                                "description_typography_letter_spacing": {
                                                    "unit": "px",
                                                    "size": "0.5",
                                                    "sizes": []
                                                },
                                                "title_typography_font_family": "Muli",
                                                "description_typography_font_family": "Karla",
                                                "icon_space_mobile": {
                                                    "unit": "px",
                                                    "size": "9",
                                                    "sizes": []
                                                },
                                                "icon_size_mobile": {
                                                    "unit": "px",
                                                    "size": "28",
                                                    "sizes": []
                                                },
                                                "title_typography_font_size_mobile": {
                                                    "unit": "px",
                                                    "size": "17",
                                                    "sizes": []
                                                },
                                                "title_typography_font_weight": "700",
                                                "description_typography_font_size_mobile": {
                                                    "unit": "px",
                                                    "size": "16",
                                                    "sizes": []
                                                }
                                            },
                                            "elements": [],
                                            "isInner": false,
                                            "widgetType": "icon-box",
                                            "elType": "widget"
                                        }
                                    ],
                                    "isInner": "1",
                                    "elType": "column"
                                }
                            ],
                            "isInner": "1",
                            "elType": "section"
                        },
                        {
                            "id": "7aa9bc6",
                            "settings": [],
                            "elements": [
                                {
                                    "id": "16e3742f",
                                    "settings": {
                                        "_column_size": "100",
                                        "margin_mobile": {
                                            "unit": "px",
                                            "top": "20",
                                            "right": "0",
                                            "bottom": "0",
                                            "left": "0",
                                            "isLinked": ""
                                        },
                                        "space_between_widgets": "0",
                                        "padding_mobile": {
                                            "unit": "px",
                                            "top": "0",
                                            "right": "0",
                                            "bottom": "0",
                                            "left": "0",
                                            "isLinked": ""
                                        }
                                    },
                                    "elements": [
                                        {
                                            "id": "1308ab4",
                                            "settings": {
                                                "selected_icon": {
                                                    "value": "fas fa-store",
                                                    "library": "fa-solid"
                                                },
                                                "title_text": "Working hours",
                                                "description_text": "11.00am - 05.00pm",
                                                "primary_color": "#BA9A8E",
                                                "icon_space": {
                                                    "unit": "px",
                                                    "size": "24",
                                                    "sizes": []
                                                },
                                                "icon_size": {
                                                    "unit": "px",
                                                    "size": "33",
                                                    "sizes": []
                                                },
                                                "title_bottom_space": {
                                                    "unit": "px",
                                                    "size": "1",
                                                    "sizes": []
                                                },
                                                "title_color": "#222222",
                                                "title_typography_typography": "custom",
                                                "position": "left",
                                                "content_vertical_alignment": "middle",
                                                "title_typography_font_size": {
                                                    "unit": "px",
                                                    "size": "20",
                                                    "sizes": []
                                                },
                                                "description_color": "#757575",
                                                "description_typography_typography": "custom",
                                                "description_typography_font_size": {
                                                    "unit": "px",
                                                    "size": "17",
                                                    "sizes": []
                                                },
                                                "description_typography_letter_spacing": {
                                                    "unit": "px",
                                                    "size": "0.5",
                                                    "sizes": []
                                                },
                                                "title_typography_font_family": "Muli",
                                                "description_typography_font_family": "Karla",
                                                "icon_space_mobile": {
                                                    "unit": "px",
                                                    "size": "9",
                                                    "sizes": []
                                                },
                                                "icon_size_mobile": {
                                                    "unit": "px",
                                                    "size": "28",
                                                    "sizes": []
                                                },
                                                "title_typography_font_size_mobile": {
                                                    "unit": "px",
                                                    "size": "17",
                                                    "sizes": []
                                                },
                                                "title_typography_font_weight": "700",
                                                "description_typography_font_size_mobile": {
                                                    "unit": "px",
                                                    "size": "16",
                                                    "sizes": []
                                                }
                                            },
                                            "elements": [],
                                            "isInner": false,
                                            "widgetType": "icon-box",
                                            "elType": "widget"
                                        }
                                    ],
                                    "isInner": "1",
                                    "elType": "column"
                                }
                            ],
                            "isInner": "1",
                            "elType": "section"
                        },
                        {
                            "id": "5a9d9906",
                            "settings": [],
                            "elements": [
                                {
                                    "id": "27b8223",
                                    "settings": {
                                        "_column_size": "100",
                                        "margin_mobile": {
                                            "unit": "px",
                                            "top": "20",
                                            "right": "0",
                                            "bottom": "0",
                                            "left": "0",
                                            "isLinked": ""
                                        },
                                        "space_between_widgets": "0",
                                        "padding_mobile": {
                                            "unit": "px",
                                            "top": "0",
                                            "right": "0",
                                            "bottom": "0",
                                            "left": "0",
                                            "isLinked": ""
                                        }
                                    },
                                    "elements": [
                                        {
                                            "id": "7aaf1d2f",
                                            "settings": {
                                                "selected_icon": {
                                                    "value": "fas fa-map-marked",
                                                    "library": "fa-solid"
                                                },
                                                "title_text": "Address",
                                                "description_text": "1439 Derbon ST, USA",
                                                "primary_color": "#BA9A8E",
                                                "icon_space": {
                                                    "unit": "px",
                                                    "size": "24",
                                                    "sizes": []
                                                },
                                                "icon_size": {
                                                    "unit": "px",
                                                    "size": "33",
                                                    "sizes": []
                                                },
                                                "title_bottom_space": {
                                                    "unit": "px",
                                                    "size": "1",
                                                    "sizes": []
                                                },
                                                "title_color": "#222222",
                                                "title_typography_typography": "custom",
                                                "position": "left",
                                                "content_vertical_alignment": "middle",
                                                "title_typography_font_size": {
                                                    "unit": "px",
                                                    "size": "20",
                                                    "sizes": []
                                                },
                                                "description_color": "#757575",
                                                "description_typography_typography": "custom",
                                                "description_typography_font_size": {
                                                    "unit": "px",
                                                    "size": "17",
                                                    "sizes": []
                                                },
                                                "description_typography_letter_spacing": {
                                                    "unit": "px",
                                                    "size": "0.5",
                                                    "sizes": []
                                                },
                                                "title_typography_font_family": "Muli",
                                                "description_typography_font_family": "Karla",
                                                "icon_space_mobile": {
                                                    "unit": "px",
                                                    "size": "9",
                                                    "sizes": []
                                                },
                                                "icon_size_mobile": {
                                                    "unit": "px",
                                                    "size": "28",
                                                    "sizes": []
                                                },
                                                "title_typography_font_size_mobile": {
                                                    "unit": "px",
                                                    "size": "17",
                                                    "sizes": []
                                                },
                                                "title_typography_font_weight": "700",
                                                "description_typography_font_size_mobile": {
                                                    "unit": "px",
                                                    "size": "16",
                                                    "sizes": []
                                                }
                                            },
                                            "elements": [],
                                            "isInner": false,
                                            "widgetType": "icon-box",
                                            "elType": "widget"
                                        }
                                    ],
                                    "isInner": "1",
                                    "elType": "column"
                                }
                            ],
                            "isInner": "1",
                            "elType": "section"
                        }
                    ],
                    "isInner": "",
                    "elType": "column"
                },
                {
                    "id": "42a6c5ae",
                    "settings": {
                        "_column_size": "50",
                        "background_background": "classic",
                        "background_color": "#F9F7F5",
                        "border_radius": {
                            "unit": "px",
                            "top": "",
                            "right": "",
                            "bottom": "",
                            "left": "",
                            "isLinked": "1"
                        },
                        "box_shadow_box_shadow": {
                            "horizontal": "1",
                            "vertical": "9",
                            "blur": "45",
                            "spread": "40",
                            "color": "rgba(0, 0, 0, 0.01)"
                        },
                        "margin": {
                            "unit": "px",
                            "top": "20",
                            "right": "20",
                            "bottom": "20",
                            "left": "20",
                            "isLinked": "1"
                        },
                        "padding": {
                            "unit": "px",
                            "top": "50",
                            "right": "50",
                            "bottom": "50",
                            "left": "50",
                            "isLinked": "1"
                        },
                        "margin_mobile": {
                            "unit": "px",
                            "top": "20",
                            "right": "0",
                            "bottom": "0",
                            "left": "0",
                            "isLinked": ""
                        },
                        "padding_mobile": {
                            "unit": "px",
                            "top": "40",
                            "right": "10",
                            "bottom": "40",
                            "left": "10",
                            "isLinked": ""
                        },
                        "padding_tablet": {
                            "unit": "px",
                            "top": "0",
                            "right": "0",
                            "bottom": "0",
                            "left": "0",
                            "isLinked": ""
                        }
                    },
                    "elements": [
                        {
                            "id": "618b41a3",
                            "settings": {
                                "address": "London Eye, London, United Kingdom",
                                "zoom": {
                                    "unit": "px",
                                    "size": "16",
                                    "sizes": []
                                },
                                "height": {
                                    "unit": "px",
                                    "size": "459",
                                    "sizes": []
                                },
                                "_border_border": "solid",
                                "_border_width": {
                                    "unit": "px",
                                    "top": "10",
                                    "right": "10",
                                    "bottom": "10",
                                    "left": "10",
                                    "isLinked": "1"
                                },
                                "_border_color": "#FFFFFF"
                            },
                            "elements": [],
                            "isInner": false,
                            "widgetType": "google_maps",
                            "elType": "widget"
                        }
                    ],
                    "isInner": "",
                    "elType": "column"
                }
            ],
            "isInner": "",
            "elType": "section"
        },
        {
            "id": "685ad9b8",
            "settings": {
                "structure": "20"
            },
            "elements": [
                {
                    "id": "7fe226d2",
                    "settings": {
                        "_column_size": "50",
                        "_inline_size": "46.842",
                        "content_position": "center"
                    },
                    "elements": [
                        {
                            "id": "5974485b",
                            "settings": {
                                "image": {
                                    "url": "https:\/\/templatekit.tokokoo.com\/bagkit\/wp-content\/uploads\/sites\/7\/2020\/03\/bg-about-2.jpg",
                                    "id": "614"
                                },
                                "_margin": {
                                    "unit": "px",
                                    "top": "0",
                                    "right": "-100",
                                    "bottom": "0",
                                    "left": "0",
                                    "isLinked": ""
                                },
                                "_margin_mobile": {
                                    "unit": "px",
                                    "top": "0",
                                    "right": "0",
                                    "bottom": "0",
                                    "left": "0",
                                    "isLinked": ""
                                },
                                "_padding": {
                                    "unit": "px",
                                    "top": "10",
                                    "right": "10",
                                    "bottom": "10",
                                    "left": "10",
                                    "isLinked": "1"
                                }
                            },
                            "elements": [],
                            "isInner": false,
                            "widgetType": "image",
                            "elType": "widget"
                        }
                    ],
                    "isInner": "",
                    "elType": "column"
                },
                {
                    "id": "7079a53",
                    "settings": {
                        "_column_size": "50",
                        "background_color": "#F9F7F5",
                        "border_radius": {
                            "unit": "px",
                            "top": "",
                            "right": "",
                            "bottom": "",
                            "left": "",
                            "isLinked": "1"
                        },
                        "box_shadow_box_shadow": {
                            "horizontal": "1",
                            "vertical": "9",
                            "blur": "45",
                            "spread": "40",
                            "color": "rgba(0, 0, 0, 0.01)"
                        },
                        "margin": {
                            "unit": "%",
                            "top": "",
                            "right": "",
                            "bottom": "",
                            "left": "",
                            "isLinked": "1"
                        },
                        "padding": {
                            "unit": "em",
                            "top": "",
                            "right": "",
                            "bottom": "",
                            "left": "",
                            "isLinked": "1"
                        },
                        "margin_mobile": {
                            "unit": "px",
                            "top": "0",
                            "right": "0",
                            "bottom": "0",
                            "left": "0",
                            "isLinked": ""
                        },
                        "padding_mobile": {
                            "unit": "px",
                            "top": "0",
                            "right": "10",
                            "bottom": "40",
                            "left": "10",
                            "isLinked": ""
                        },
                        "_inline_size": "53.158",
                        "content_position": "center"
                    },
                    "elements": [
                        {
                            "id": "2a690913",
                            "settings": {
                                "background_background": "classic",
                                "background_image": {
                                    "url": "https:\/\/templatekit.tokokoo.com\/bagkit\/wp-content\/uploads\/sites\/7\/2020\/03\/Rectangle-3-copy-6.png",
                                    "id": "592"
                                },
                                "background_position": "bottom right",
                                "background_repeat": "no-repeat",
                                "margin_mobile": {
                                    "unit": "px",
                                    "top": "-40",
                                    "right": "0",
                                    "bottom": "0",
                                    "left": "0",
                                    "isLinked": ""
                                },
                                "z_index": "2"
                            },
                            "elements": [
                                {
                                    "id": "7c721e43",
                                    "settings": {
                                        "_column_size": "100",
                                        "background_background": "classic",
                                        "background_color": "#F9F7F5",
                                        "border_radius": {
                                            "unit": "px",
                                            "top": "",
                                            "right": "",
                                            "bottom": "",
                                            "left": "",
                                            "isLinked": "1"
                                        },
                                        "box_shadow_box_shadow": {
                                            "horizontal": "1",
                                            "vertical": "9",
                                            "blur": "45",
                                            "spread": "40",
                                            "color": "rgba(0, 0, 0, 0.01)"
                                        },
                                        "margin": {
                                            "unit": "px",
                                            "top": "20",
                                            "right": "20",
                                            "bottom": "20",
                                            "left": "20",
                                            "isLinked": "1"
                                        },
                                        "padding": {
                                            "unit": "px",
                                            "top": "50",
                                            "right": "50",
                                            "bottom": "50",
                                            "left": "50",
                                            "isLinked": "1"
                                        },
                                        "margin_mobile": {
                                            "unit": "px",
                                            "top": "20",
                                            "right": "0",
                                            "bottom": "0",
                                            "left": "0",
                                            "isLinked": ""
                                        },
                                        "padding_mobile": {
                                            "unit": "px",
                                            "top": "40",
                                            "right": "10",
                                            "bottom": "40",
                                            "left": "10",
                                            "isLinked": ""
                                        },
                                        "z_index": "2"
                                    },
                                    "elements": [
                                        {
                                            "id": "3f34cd91",
                                            "settings": {
                                                "title": "Opening Hours",
                                                "align": "center",
                                                "typography_typography": "custom",
                                                "typography_font_size": {
                                                    "unit": "px",
                                                    "size": "35",
                                                    "sizes": []
                                                },
                                                "typography_font_weight": "800",
                                                "align_mobile": "center",
                                                "typography_font_family": "Muli",
                                                "typography_font_size_mobile": {
                                                    "unit": "px",
                                                    "size": "22",
                                                    "sizes": []
                                                },
                                                "title_color": "#282828",
                                                "typography_line_height": {
                                                    "unit": "em",
                                                    "size": "1.3",
                                                    "sizes": []
                                                },
                                                "typography_letter_spacing": {
                                                    "unit": "px",
                                                    "size": "0",
                                                    "sizes": []
                                                }
                                            },
                                            "elements": [],
                                            "isInner": false,
                                            "widgetType": "heading",
                                            "elType": "widget"
                                        },
                                        {
                                            "id": "5dd22c86",
                                            "settings": {
                                                "editor": "<p>Monday: 9:00 \u2013 19:00<br \/>Tuesday: 9:00 \u2013 19:00<br \/>Wednesday: 9:00 \u2013 19:00<br \/>Thursday: 9:00 \u2013 19:00<br \/>Friday: 9:00 \u2013 19:00<br \/>Saturday: 11:00 \u2013 16:00<br \/>Sunday: CLOSED<\/p>",
                                                "align": "center",
                                                "typography_typography": "custom",
                                                "typography_font_size": {
                                                    "unit": "px",
                                                    "size": "18",
                                                    "sizes": []
                                                },
                                                "typography_line_height": {
                                                    "unit": "em",
                                                    "size": "2",
                                                    "sizes": []
                                                },
                                                "align_mobile": "center",
                                                "text_color": "#54595F",
                                                "typography_font_weight": "400",
                                                "typography_letter_spacing": {
                                                    "unit": "px",
                                                    "size": "0.3",
                                                    "sizes": []
                                                },
                                                "typography_font_family": "Muli",
                                                "typography_font_size_mobile": {
                                                    "unit": "px",
                                                    "size": "15",
                                                    "sizes": []
                                                }
                                            },
                                            "elements": [],
                                            "isInner": false,
                                            "widgetType": "text-editor",
                                            "elType": "widget"
                                        }
                                    ],
                                    "isInner": "1",
                                    "elType": "column"
                                }
                            ],
                            "isInner": "1",
                            "elType": "section"
                        }
                    ],
                    "isInner": "",
                    "elType": "column"
                }
            ],
            "isInner": "",
            "elType": "section"
        },
        {
            "id": "7f453ef0",
            "settings": {
                "margin": {
                    "unit": "px",
                    "top": "70",
                    "right": "0",
                    "bottom": "70",
                    "left": "0",
                    "isLinked": ""
                },
                "margin_mobile": {
                    "unit": "px",
                    "top": "0",
                    "right": "0",
                    "bottom": "0",
                    "left": "0",
                    "isLinked": ""
                },
                "padding_mobile": {
                    "unit": "em",
                    "top": "1",
                    "right": "0",
                    "bottom": "0",
                    "left": "0",
                    "isLinked": ""
                },
                "padding_tablet": {
                    "unit": "px",
                    "top": "0",
                    "right": "0",
                    "bottom": "0",
                    "left": "0",
                    "isLinked": "1"
                }
            },
            "elements": [
                {
                    "id": "7748c4dc",
                    "settings": {
                        "_column_size": "100",
                        "background_background": "classic",
                        "background_image": {
                            "url": "https:\/\/templatekit.tokokoo.com\/bagkit\/wp-content\/uploads\/sites\/7\/2020\/03\/header-1.jpg",
                            "id": "67"
                        },
                        "background_position": "center center",
                        "background_repeat": "no-repeat",
                        "background_size": "cover",
                        "background_overlay_background": "classic",
                        "background_overlay_color": "#000000",
                        "background_overlay_opacity": {
                            "unit": "px",
                            "size": "0.71",
                            "sizes": []
                        },
                        "border_radius": {
                            "unit": "%",
                            "top": "",
                            "right": "",
                            "bottom": "",
                            "left": "",
                            "isLinked": "1"
                        },
                        "box_shadow_box_shadow": {
                            "horizontal": "0",
                            "vertical": "15",
                            "blur": "43",
                            "spread": "0",
                            "color": "rgba(0, 0, 0, 0.29)"
                        },
                        "padding": {
                            "unit": "px",
                            "top": "0120",
                            "right": "060",
                            "bottom": "0120",
                            "left": "050",
                            "isLinked": ""
                        },
                        "margin_mobile": {
                            "unit": "px",
                            "top": "10",
                            "right": "10",
                            "bottom": "10",
                            "left": "10",
                            "isLinked": "1"
                        },
                        "padding_mobile": {
                            "unit": "em",
                            "top": "2",
                            "right": "1",
                            "bottom": "2",
                            "left": "1",
                            "isLinked": ""
                        },
                        "padding_tablet": {
                            "unit": "em",
                            "top": "2",
                            "right": "1",
                            "bottom": "2",
                            "left": "1",
                            "isLinked": ""
                        }
                    },
                    "elements": [
                        {
                            "id": "6d66aff0",
                            "settings": {
                                "structure": "20",
                                "margin_mobile": {
                                    "unit": "px",
                                    "top": "0",
                                    "right": "0",
                                    "bottom": "0",
                                    "left": "0",
                                    "isLinked": "1"
                                },
                                "padding_mobile": {
                                    "unit": "px",
                                    "top": "0",
                                    "right": "0",
                                    "bottom": "0",
                                    "left": "0",
                                    "isLinked": ""
                                }
                            },
                            "elements": [
                                {
                                    "id": "73ef85a",
                                    "settings": {
                                        "_column_size": "50",
                                        "_inline_size": "75.34",
                                        "margin_mobile": {
                                            "unit": "px",
                                            "top": "0",
                                            "right": "0",
                                            "bottom": "0",
                                            "left": "0",
                                            "isLinked": "1"
                                        },
                                        "padding_mobile": {
                                            "unit": "px",
                                            "top": "0",
                                            "right": "10",
                                            "bottom": "0",
                                            "left": "10",
                                            "isLinked": ""
                                        }
                                    },
                                    "elements": [
                                        {
                                            "id": "349bd86f",
                                            "settings": {
                                                "title": "Do You Want To Boost Your Business?\u200b",
                                                "title_color": "#FFFFFF",
                                                "typography_typography": "custom",
                                                "typography_font_size": {
                                                    "unit": "px",
                                                    "size": "37",
                                                    "sizes": []
                                                },
                                                "align_mobile": "center",
                                                "typography_font_size_mobile": {
                                                    "unit": "px",
                                                    "size": "22",
                                                    "sizes": []
                                                },
                                                "typography_font_family": "Muli",
                                                "typography_font_weight": "800",
                                                "typography_letter_spacing": {
                                                    "unit": "px",
                                                    "size": "0",
                                                    "sizes": []
                                                },
                                                "typography_font_size_tablet": {
                                                    "unit": "px",
                                                    "size": "28",
                                                    "sizes": []
                                                },
                                                "_padding_tablet": {
                                                    "unit": "px",
                                                    "top": "0",
                                                    "right": "0",
                                                    "bottom": "0",
                                                    "left": "0",
                                                    "isLinked": ""
                                                }
                                            },
                                            "elements": [],
                                            "isInner": false,
                                            "widgetType": "heading",
                                            "elType": "widget"
                                        },
                                        {
                                            "id": "74e3d26",
                                            "settings": {
                                                "text_color": "#FFFFFF",
                                                "typography_typography": "custom",
                                                "typography_font_size": {
                                                    "unit": "px",
                                                    "size": "16",
                                                    "sizes": []
                                                },
                                                "typography_font_weight": "500",
                                                "typography_line_height": {
                                                    "unit": "em",
                                                    "size": "1.9",
                                                    "sizes": []
                                                },
                                                "align_mobile": "center",
                                                "editor": "<p>Leverage agile frameworks to provide a robust synopsis for high level overviews. Iterative step to corporate strategy foster smart way to further the overall value proposition.\u00a0<\/p>",
                                                "typography_font_family": "Muli",
                                                "typography_font_size_mobile": {
                                                    "unit": "px",
                                                    "size": "13",
                                                    "sizes": []
                                                },
                                                "typography_line_height_mobile": {
                                                    "unit": "em",
                                                    "size": "1.6",
                                                    "sizes": []
                                                },
                                                "typography_letter_spacing": {
                                                    "unit": "px",
                                                    "size": "0.4",
                                                    "sizes": []
                                                },
                                                "typography_letter_spacing_mobile": {
                                                    "unit": "px",
                                                    "size": "0.4",
                                                    "sizes": []
                                                }
                                            },
                                            "elements": [],
                                            "isInner": false,
                                            "widgetType": "text-editor",
                                            "elType": "widget"
                                        }
                                    ],
                                    "isInner": "1",
                                    "elType": "column"
                                },
                                {
                                    "id": "1a8bd94d",
                                    "settings": {
                                        "_column_size": "50",
                                        "_inline_size": "24.66",
                                        "content_position": "center"
                                    },
                                    "elements": [
                                        {
                                            "id": "f28a531",
                                            "settings": {
                                                "text": "READ MORE",
                                                "typography_typography": "custom",
                                                "typography_font_size": {
                                                    "unit": "px",
                                                    "size": "12",
                                                    "sizes": []
                                                },
                                                "typography_font_weight": "800",
                                                "typography_letter_spacing": {
                                                    "unit": "px",
                                                    "size": "2",
                                                    "sizes": []
                                                },
                                                "button_text_color": "#FFFFFF",
                                                "background_color": "#96705B",
                                                "hover_animation": "float",
                                                "border_radius": {
                                                    "unit": "%",
                                                    "top": "0",
                                                    "right": "0",
                                                    "bottom": "0",
                                                    "left": "0",
                                                    "isLinked": "1"
                                                },
                                                "button_box_shadow_box_shadow_type": "yes",
                                                "button_box_shadow_box_shadow": {
                                                    "horizontal": "-100",
                                                    "vertical": "0",
                                                    "blur": "65",
                                                    "spread": "-6",
                                                    "color": "#BA9A8E"
                                                },
                                                "button_box_shadow_box_shadow_position": "inset",
                                                "text_padding": {
                                                    "unit": "px",
                                                    "top": "018",
                                                    "right": "30",
                                                    "bottom": "18",
                                                    "left": "30",
                                                    "isLinked": ""
                                                },
                                                "align_mobile": "center",
                                                "typography_font_family": "Muli",
                                                "_margin": {
                                                    "unit": "px",
                                                    "top": "0",
                                                    "right": "0",
                                                    "bottom": "0",
                                                    "left": "0",
                                                    "isLinked": ""
                                                },
                                                "_padding": {
                                                    "unit": "px",
                                                    "top": "0",
                                                    "right": "0",
                                                    "bottom": "0",
                                                    "left": "0",
                                                    "isLinked": ""
                                                },
                                                "align": "right",
                                                "typography_text_transform": "uppercase"
                                            },
                                            "elements": [],
                                            "isInner": false,
                                            "widgetType": "button",
                                            "elType": "widget"
                                        }
                                    ],
                                    "isInner": "1",
                                    "elType": "column"
                                }
                            ],
                            "isInner": "1",
                            "elType": "section"
                        }
                    ],
                    "isInner": "",
                    "elType": "column"
                }
            ],
            "isInner": "",
            "elType": "section"
        }
    ]
}