{
    "version": "0.4",
    "title": "Page 04 &#8211; About",
    "type": "page",
    "metadata": {
        "template_type": "single-page",
        "include_in_zip": "1",
        "elementor_pro_required": null,
        "wp_page_template": "elementor_canvas"
    },
    "content": [
        {
            "id": "3f2e1e1f",
            "settings": {
                "background_background": "classic",
                "background_image": {
                    "url": "http:\/\/templatekit.tokokoo.com\/bagkit\/wp-content\/uploads\/sites\/7\/2020\/03\/header-3.jpg",
                    "id": "120"
                },
                "background_position": "bottom left",
                "background_size": "cover",
                "background_overlay_background": "classic",
                "background_overlay_color": "#000000",
                "background_overlay_opacity": {
                    "unit": "px",
                    "size": "0.57",
                    "sizes": []
                },
                "padding": {
                    "unit": "px",
                    "top": "120",
                    "right": "0",
                    "bottom": "0120",
                    "left": "0",
                    "isLinked": ""
                },
                "padding_mobile": {
                    "unit": "px",
                    "top": "50",
                    "right": "0",
                    "bottom": "50",
                    "left": "0",
                    "isLinked": ""
                }
            },
            "elements": [
                {
                    "id": "581db17f",
                    "settings": {
                        "_column_size": "100",
                        "space_between_widgets": "5"
                    },
                    "elements": [
                        {
                            "id": "51e3de93",
                            "settings": {
                                "title": "OUR STORY",
                                "title_color": "#FFFFFF",
                                "typography_typography": "custom",
                                "typography_font_size": {
                                    "unit": "px",
                                    "size": "58",
                                    "sizes": []
                                },
                                "align": "center",
                                "align_mobile": "center",
                                "typography_font_size_mobile": {
                                    "unit": "px",
                                    "size": "27",
                                    "sizes": []
                                },
                                "typography_font_weight": "800",
                                "typography_letter_spacing": {
                                    "unit": "px",
                                    "size": "4.2",
                                    "sizes": []
                                },
                                "typography_font_family": "Muli"
                            },
                            "elements": [],
                            "isInner": false,
                            "widgetType": "heading",
                            "elType": "widget"
                        },
                        {
                            "id": "28fda9af",
                            "settings": {
                                "width": {
                                    "unit": "px",
                                    "size": "73",
                                    "sizes": []
                                },
                                "align": "center",
                                "text": "Divider",
                                "color": "#FFFFFF",
                                "weight": {
                                    "unit": "px",
                                    "size": "3",
                                    "sizes": []
                                }
                            },
                            "elements": [],
                            "isInner": false,
                            "widgetType": "divider",
                            "elType": "widget"
                        },
                        {
                            "id": "769a49a",
                            "settings": {
                                "editor": "<p>This is a fourth generation, family-owned leather and textiles business.<\/p>",
                                "text_color": "#FFFFFF",
                                "typography_typography": "custom",
                                "typography_font_weight": "400",
                                "typography_letter_spacing": {
                                    "unit": "px",
                                    "size": "0.9",
                                    "sizes": []
                                },
                                "align_mobile": "center",
                                "_margin": {
                                    "unit": "px",
                                    "top": "13",
                                    "right": "0",
                                    "bottom": "0",
                                    "left": "0",
                                    "isLinked": ""
                                },
                                "align": "center",
                                "typography_font_family": "Muli",
                                "typography_font_size_mobile": {
                                    "unit": "px",
                                    "size": "13",
                                    "sizes": []
                                },
                                "typography_line_height_mobile": {
                                    "unit": "em",
                                    "size": "1.7",
                                    "sizes": []
                                }
                            },
                            "elements": [],
                            "isInner": false,
                            "widgetType": "text-editor",
                            "elType": "widget"
                        }
                    ],
                    "isInner": "",
                    "elType": "column"
                }
            ],
            "isInner": "",
            "elType": "section"
        },
        {
            "id": "536d9424",
            "settings": {
                "structure": "20",
                "padding": {
                    "unit": "px",
                    "top": "140",
                    "right": "0",
                    "bottom": "140",
                    "left": "0",
                    "isLinked": ""
                },
                "padding_mobile": {
                    "unit": "px",
                    "top": "0",
                    "right": "0",
                    "bottom": "10",
                    "left": "0",
                    "isLinked": ""
                },
                "reverse_order_mobile": "reverse-mobile",
                "background_background": "gradient",
                "background_color": "#FFFFFF",
                "background_color_stop": {
                    "unit": "%",
                    "size": "46",
                    "sizes": []
                },
                "background_color_b": "rgba(186, 154, 142, 0.07)",
                "background_color_b_stop": {
                    "unit": "%",
                    "size": "23",
                    "sizes": []
                },
                "background_gradient_angle": {
                    "unit": "deg",
                    "size": "270",
                    "sizes": []
                },
                "margin_mobile": {
                    "unit": "px",
                    "top": "0",
                    "right": "0",
                    "bottom": "0",
                    "left": "0",
                    "isLinked": ""
                },
                "padding_tablet": {
                    "unit": "px",
                    "top": "60",
                    "right": "10",
                    "bottom": "60",
                    "left": "10",
                    "isLinked": ""
                },
                "reverse_order_tablet": "reverse-tablet"
            },
            "elements": [
                {
                    "id": "7e7eb02",
                    "settings": {
                        "_column_size": "50",
                        "_inline_size": "44.386",
                        "space_between_widgets_mobile": "10",
                        "margin_mobile": {
                            "unit": "px",
                            "top": "20",
                            "right": "0",
                            "bottom": "0",
                            "left": "0",
                            "isLinked": ""
                        },
                        "_inline_size_tablet": "100",
                        "margin_tablet": {
                            "unit": "px",
                            "top": "30",
                            "right": "0",
                            "bottom": "0",
                            "left": "0",
                            "isLinked": ""
                        }
                    },
                    "elements": [
                        {
                            "id": "1e01fd6b",
                            "settings": {
                                "title": "ABOUT US",
                                "align_mobile": "center",
                                "typography_typography": "custom",
                                "typography_font_family": "Muli",
                                "typography_font_size": {
                                    "unit": "px",
                                    "size": "13",
                                    "sizes": []
                                },
                                "typography_font_weight": "900",
                                "typography_letter_spacing": {
                                    "unit": "px",
                                    "size": "0.8",
                                    "sizes": []
                                },
                                "_margin": {
                                    "unit": "px",
                                    "top": "0",
                                    "right": "0",
                                    "bottom": "-20",
                                    "left": "0",
                                    "isLinked": ""
                                },
                                "_padding": {
                                    "unit": "px",
                                    "top": "0",
                                    "right": "0",
                                    "bottom": "0",
                                    "left": "0",
                                    "isLinked": ""
                                },
                                "_border_width": {
                                    "unit": "px",
                                    "top": "0",
                                    "right": "0",
                                    "bottom": "05",
                                    "left": "0",
                                    "isLinked": ""
                                },
                                "_border_width_mobile": {
                                    "unit": "px",
                                    "top": "0",
                                    "right": "0",
                                    "bottom": "0",
                                    "left": "0",
                                    "isLinked": ""
                                },
                                "_border_color": "#96705B",
                                "_element_width_mobile": "inherit",
                                "_element_vertical_align_mobile": "center"
                            },
                            "elements": [],
                            "isInner": false,
                            "widgetType": "heading",
                            "elType": "widget"
                        },
                        {
                            "id": "7b47e811",
                            "settings": {
                                "width": {
                                    "unit": "px",
                                    "size": "74",
                                    "sizes": []
                                },
                                "align_mobile": "center",
                                "text": "Divider",
                                "color": "#96705B",
                                "weight": {
                                    "unit": "px",
                                    "size": "5",
                                    "sizes": []
                                },
                                "gap": {
                                    "unit": "px",
                                    "size": "6",
                                    "sizes": []
                                },
                                "gap_mobile": {
                                    "unit": "px",
                                    "size": "11",
                                    "sizes": []
                                }
                            },
                            "elements": [],
                            "isInner": false,
                            "widgetType": "divider",
                            "elType": "widget"
                        },
                        {
                            "id": "162397f8",
                            "settings": {
                                "title": "We make what we love",
                                "title_color": "#282828",
                                "typography_typography": "custom",
                                "typography_font_size": {
                                    "unit": "px",
                                    "size": "37",
                                    "sizes": []
                                },
                                "align_mobile": "center",
                                "typography_font_size_mobile": {
                                    "unit": "px",
                                    "size": "22",
                                    "sizes": []
                                },
                                "typography_font_family": "Muli",
                                "typography_font_weight": "800",
                                "typography_letter_spacing": {
                                    "unit": "px",
                                    "size": "0",
                                    "sizes": []
                                }
                            },
                            "elements": [],
                            "isInner": false,
                            "widgetType": "heading",
                            "elType": "widget"
                        },
                        {
                            "id": "27e5537b",
                            "settings": {
                                "text_color": "#7B7B7B",
                                "typography_typography": "custom",
                                "typography_font_size": {
                                    "unit": "px",
                                    "size": "16",
                                    "sizes": []
                                },
                                "typography_font_weight": "500",
                                "typography_line_height": {
                                    "unit": "em",
                                    "size": "1.9",
                                    "sizes": []
                                },
                                "align_mobile": "center",
                                "editor": "<p>Lorem ipsum dolor sit amet, consectetur adipiscing elit, sed do eiusmod tempor incididunt ut labore et dolore magna aliqua. Ut enim ad minim veniam, quis nostrud exercitation ullamco laboris nisi ut aliquip ex ea commodo consequat<\/p>",
                                "typography_font_family": "Muli",
                                "typography_font_size_mobile": {
                                    "unit": "px",
                                    "size": "13",
                                    "sizes": []
                                },
                                "typography_line_height_mobile": {
                                    "unit": "em",
                                    "size": "1.6",
                                    "sizes": []
                                },
                                "typography_letter_spacing": {
                                    "unit": "px",
                                    "size": "0.4",
                                    "sizes": []
                                },
                                "typography_letter_spacing_mobile": {
                                    "unit": "px",
                                    "size": "0.4",
                                    "sizes": []
                                }
                            },
                            "elements": [],
                            "isInner": false,
                            "widgetType": "text-editor",
                            "elType": "widget"
                        },
                        {
                            "id": "261c5fa9",
                            "settings": {
                                "icon_list": [
                                    {
                                        "text": "we make products especially an customer's order",
                                        "selected_icon": {
                                            "value": "fas fa-check",
                                            "library": "fa-solid"
                                        },
                                        "_id": "142c84d",
                                        "link": {
                                            "url": "",
                                            "is_external": "",
                                            "nofollow": ""
                                        }
                                    },
                                    {
                                        "text": "everyone in the products is unique",
                                        "selected_icon": {
                                            "value": "fas fa-check",
                                            "library": "fa-solid"
                                        },
                                        "link": {
                                            "url": "",
                                            "is_external": "",
                                            "nofollow": ""
                                        },
                                        "_id": "acf6d48"
                                    },
                                    {
                                        "text": "we make greatest effort to make things awesome",
                                        "selected_icon": {
                                            "value": "fas fa-check",
                                            "library": "fa-solid"
                                        },
                                        "link": {
                                            "url": "",
                                            "is_external": "",
                                            "nofollow": ""
                                        },
                                        "_id": "2467780"
                                    }
                                ],
                                "space_between": {
                                    "unit": "px",
                                    "size": "16",
                                    "sizes": []
                                },
                                "icon_align": "left",
                                "icon_color": "#96705B",
                                "icon_size": {
                                    "unit": "px",
                                    "size": "19",
                                    "sizes": []
                                },
                                "icon_self_align": "left",
                                "text_indent": {
                                    "unit": "px",
                                    "size": "24",
                                    "sizes": []
                                },
                                "icon_typography_typography": "custom",
                                "icon_typography_font_size": {
                                    "unit": "px",
                                    "size": "17",
                                    "sizes": []
                                },
                                "_margin": {
                                    "unit": "px",
                                    "top": "20",
                                    "right": "0",
                                    "bottom": "020",
                                    "left": "0",
                                    "isLinked": ""
                                },
                                "icon_typography_font_family": "Muli",
                                "icon_typography_font_size_mobile": {
                                    "unit": "px",
                                    "size": "13",
                                    "sizes": []
                                },
                                "_margin_mobile": {
                                    "unit": "px",
                                    "top": "0",
                                    "right": "0",
                                    "bottom": "0",
                                    "left": "0",
                                    "isLinked": ""
                                },
                                "_padding_mobile": {
                                    "unit": "px",
                                    "top": "0",
                                    "right": "0",
                                    "bottom": "20",
                                    "left": "20",
                                    "isLinked": ""
                                },
                                "icon_align_tablet": "left",
                                "text_color": "#7B7B7B",
                                "icon_typography_font_weight": "500"
                            },
                            "elements": [],
                            "isInner": false,
                            "widgetType": "icon-list",
                            "elType": "widget"
                        }
                    ],
                    "isInner": "",
                    "elType": "column"
                },
                {
                    "id": "618348e8",
                    "settings": {
                        "_column_size": "50",
                        "_inline_size": "55.525",
                        "background_background": "classic",
                        "background_position": "bottom right",
                        "background_repeat": "no-repeat",
                        "background_size": "cover",
                        "content_position": "center",
                        "content_position_tablet": "center",
                        "margin": {
                            "unit": "px",
                            "top": "0",
                            "right": "0",
                            "bottom": "0",
                            "left": "0",
                            "isLinked": ""
                        },
                        "padding": {
                            "unit": "px",
                            "top": "0",
                            "right": "0",
                            "bottom": "0",
                            "left": "0",
                            "isLinked": "1"
                        },
                        "_inline_size_tablet": "100"
                    },
                    "elements": [
                        {
                            "id": "44ba7156",
                            "settings": {
                                "image": {
                                    "url": "https:\/\/templatekit.tokokoo.com\/bagkit\/wp-content\/uploads\/sites\/7\/2020\/03\/cta.jpg",
                                    "id": "74"
                                },
                                "_padding": {
                                    "unit": "em",
                                    "top": "",
                                    "right": "",
                                    "bottom": "",
                                    "left": "",
                                    "isLinked": "1"
                                },
                                "image_box_shadow_box_shadow": {
                                    "horizontal": "15",
                                    "vertical": "14",
                                    "blur": "0",
                                    "spread": "0",
                                    "color": "#96705B"
                                },
                                "width_tablet": {
                                    "unit": "%",
                                    "size": "100",
                                    "sizes": []
                                }
                            },
                            "elements": [],
                            "isInner": false,
                            "widgetType": "image",
                            "elType": "widget"
                        }
                    ],
                    "isInner": "",
                    "elType": "column"
                }
            ],
            "isInner": "",
            "elType": "section"
        },
        {
            "id": "39c22ede",
            "settings": {
                "padding": {
                    "unit": "px",
                    "top": "70",
                    "right": "0",
                    "bottom": "70",
                    "left": "0",
                    "isLinked": ""
                },
                "padding_mobile": {
                    "unit": "px",
                    "top": "30",
                    "right": "0",
                    "bottom": "20",
                    "left": "0",
                    "isLinked": ""
                }
            },
            "elements": [
                {
                    "id": "11d47356",
                    "settings": {
                        "_column_size": "100",
                        "content_position": "center",
                        "padding": {
                            "unit": "px",
                            "top": "40",
                            "right": "50",
                            "bottom": "40",
                            "left": "50",
                            "isLinked": ""
                        },
                        "padding_mobile": {
                            "unit": "px",
                            "top": "20",
                            "right": "10",
                            "bottom": "40",
                            "left": "10",
                            "isLinked": ""
                        },
                        "background_background": "classic",
                        "background_color": "#FFFFFF",
                        "margin": {
                            "unit": "px",
                            "top": "0",
                            "right": "0",
                            "bottom": "0",
                            "left": "0",
                            "isLinked": ""
                        },
                        "z_index": "2"
                    },
                    "elements": [
                        {
                            "id": "44035124",
                            "settings": {
                                "title": "ACHIEVEMENT",
                                "align": "center",
                                "align_mobile": "center",
                                "typography_typography": "custom",
                                "typography_font_family": "Muli",
                                "typography_font_size": {
                                    "unit": "px",
                                    "size": "13",
                                    "sizes": []
                                },
                                "typography_font_weight": "900",
                                "typography_letter_spacing": {
                                    "unit": "px",
                                    "size": "0.8",
                                    "sizes": []
                                },
                                "_margin": {
                                    "unit": "px",
                                    "top": "0",
                                    "right": "0",
                                    "bottom": "-20",
                                    "left": "0",
                                    "isLinked": ""
                                },
                                "_padding": {
                                    "unit": "px",
                                    "top": "0",
                                    "right": "0",
                                    "bottom": "0",
                                    "left": "0",
                                    "isLinked": ""
                                },
                                "_border_width": {
                                    "unit": "px",
                                    "top": "0",
                                    "right": "0",
                                    "bottom": "05",
                                    "left": "0",
                                    "isLinked": ""
                                },
                                "_border_width_mobile": {
                                    "unit": "px",
                                    "top": "0",
                                    "right": "0",
                                    "bottom": "0",
                                    "left": "0",
                                    "isLinked": ""
                                },
                                "_border_color": "#96705B",
                                "_element_width_mobile": "inherit",
                                "_element_vertical_align_mobile": "center"
                            },
                            "elements": [],
                            "isInner": false,
                            "widgetType": "heading",
                            "elType": "widget"
                        },
                        {
                            "id": "655e841a",
                            "settings": {
                                "width": {
                                    "unit": "px",
                                    "size": "111",
                                    "sizes": []
                                },
                                "align": "center",
                                "align_mobile": "center",
                                "text": "Divider",
                                "color": "#96705B",
                                "weight": {
                                    "unit": "px",
                                    "size": "5",
                                    "sizes": []
                                },
                                "gap": {
                                    "unit": "px",
                                    "size": "6",
                                    "sizes": []
                                },
                                "gap_mobile": {
                                    "unit": "px",
                                    "size": "11",
                                    "sizes": []
                                },
                                "_margin_mobile": {
                                    "unit": "px",
                                    "top": "0",
                                    "right": "0",
                                    "bottom": "0",
                                    "left": "0",
                                    "isLinked": ""
                                }
                            },
                            "elements": [],
                            "isInner": false,
                            "widgetType": "divider",
                            "elType": "widget"
                        },
                        {
                            "id": "3a45e09d",
                            "settings": {
                                "title": "Over 1300+ Complete work &amp; Still counting\u200b",
                                "align": "center",
                                "title_color": "#282828",
                                "typography_typography": "custom",
                                "typography_font_size": {
                                    "unit": "px",
                                    "size": "35",
                                    "sizes": []
                                },
                                "typography_font_size_mobile": {
                                    "unit": "px",
                                    "size": "22",
                                    "sizes": []
                                },
                                "typography_font_weight": "800",
                                "align_mobile": "center",
                                "typography_font_family": "Muli",
                                "typography_letter_spacing": {
                                    "unit": "px",
                                    "size": "0",
                                    "sizes": []
                                },
                                "typography_line_height": {
                                    "unit": "em",
                                    "size": "1.3",
                                    "sizes": []
                                }
                            },
                            "elements": [],
                            "isInner": false,
                            "widgetType": "heading",
                            "elType": "widget"
                        },
                        {
                            "id": "5d899d3",
                            "settings": {
                                "editor": "<p>In post mean shot ye. There out her child sir his lived. Design at uneasy me season of branch on praise esteem. Abilities discourse believing consisted remaining to no. Mistaken no me denoting dashwood as.<\/p>",
                                "align": "center",
                                "typography_typography": "custom",
                                "typography_font_size": {
                                    "unit": "px",
                                    "size": "16",
                                    "sizes": []
                                },
                                "typography_font_weight": "500",
                                "typography_line_height": {
                                    "unit": "em",
                                    "size": "1.9",
                                    "sizes": []
                                },
                                "align_mobile": "center",
                                "text_color": "#7B7B7B",
                                "typography_font_family": "Muli",
                                "typography_font_size_mobile": {
                                    "unit": "px",
                                    "size": "13",
                                    "sizes": []
                                },
                                "typography_line_height_mobile": {
                                    "unit": "em",
                                    "size": "1.6",
                                    "sizes": []
                                },
                                "typography_letter_spacing": {
                                    "unit": "px",
                                    "size": "0.4",
                                    "sizes": []
                                },
                                "typography_letter_spacing_mobile": {
                                    "unit": "px",
                                    "size": "0.4",
                                    "sizes": []
                                }
                            },
                            "elements": [],
                            "isInner": false,
                            "widgetType": "text-editor",
                            "elType": "widget"
                        },
                        {
                            "id": "395f8155",
                            "settings": {
                                "structure": "30"
                            },
                            "elements": [
                                {
                                    "id": "4c491bed",
                                    "settings": {
                                        "_column_size": "33",
                                        "space_between_widgets": "-1",
                                        "border_radius": {
                                            "unit": "%",
                                            "top": "",
                                            "right": "",
                                            "bottom": "",
                                            "left": "",
                                            "isLinked": "1"
                                        },
                                        "box_shadow_box_shadow": {
                                            "horizontal": "1",
                                            "vertical": "9",
                                            "blur": "100",
                                            "spread": "0",
                                            "color": "rgba(110, 6, 43, 0.14)"
                                        },
                                        "margin": {
                                            "unit": "px",
                                            "top": "30",
                                            "right": "30",
                                            "bottom": "30",
                                            "left": "30",
                                            "isLinked": "1"
                                        },
                                        "padding": {
                                            "unit": "px",
                                            "top": "40",
                                            "right": "20",
                                            "bottom": "40",
                                            "left": "20",
                                            "isLinked": ""
                                        },
                                        "_inline_size_mobile": "50",
                                        "margin_mobile": {
                                            "unit": "px",
                                            "top": "5",
                                            "right": "5",
                                            "bottom": "5",
                                            "left": "5",
                                            "isLinked": "1"
                                        },
                                        "background_background": "classic",
                                        "background_color": "#BA9A8E",
                                        "border_border": "solid",
                                        "border_width": {
                                            "unit": "px",
                                            "top": "0",
                                            "right": "0",
                                            "bottom": "0",
                                            "left": "0",
                                            "isLinked": ""
                                        }
                                    },
                                    "elements": [
                                        {
                                            "id": "3b9ff318",
                                            "settings": {
                                                "title": "2K",
                                                "align": "center",
                                                "align_mobile": "center",
                                                "title_color": "#FFFFFF",
                                                "typography_typography": "custom",
                                                "typography_font_family": "Muli",
                                                "typography_font_size": {
                                                    "unit": "px",
                                                    "size": "40",
                                                    "sizes": []
                                                },
                                                "typography_font_size_mobile": {
                                                    "unit": "px",
                                                    "size": "22",
                                                    "sizes": []
                                                },
                                                "typography_font_weight": "800",
                                                "typography_line_height": {
                                                    "unit": "em",
                                                    "size": "1.3",
                                                    "sizes": []
                                                }
                                            },
                                            "elements": [],
                                            "isInner": false,
                                            "widgetType": "heading",
                                            "elType": "widget"
                                        },
                                        {
                                            "id": "6f23bfa5",
                                            "settings": {
                                                "title": "Projects",
                                                "align": "center",
                                                "align_mobile": "center",
                                                "title_color": "#EAEAEA",
                                                "typography_typography": "custom",
                                                "typography_font_family": "Muli",
                                                "typography_font_size": {
                                                    "unit": "px",
                                                    "size": "19",
                                                    "sizes": []
                                                },
                                                "typography_font_size_mobile": {
                                                    "unit": "px",
                                                    "size": "17",
                                                    "sizes": []
                                                },
                                                "typography_font_weight": "500",
                                                "typography_line_height": {
                                                    "unit": "em",
                                                    "size": "1.3",
                                                    "sizes": []
                                                }
                                            },
                                            "elements": [],
                                            "isInner": false,
                                            "widgetType": "heading",
                                            "elType": "widget"
                                        }
                                    ],
                                    "isInner": "1",
                                    "elType": "column"
                                },
                                {
                                    "id": "386b29c5",
                                    "settings": {
                                        "_column_size": "33",
                                        "space_between_widgets": "-1",
                                        "border_radius": {
                                            "unit": "%",
                                            "top": "",
                                            "right": "",
                                            "bottom": "",
                                            "left": "",
                                            "isLinked": "1"
                                        },
                                        "box_shadow_box_shadow": {
                                            "horizontal": "1",
                                            "vertical": "9",
                                            "blur": "100",
                                            "spread": "0",
                                            "color": "rgba(110, 6, 43, 0.14)"
                                        },
                                        "margin": {
                                            "unit": "px",
                                            "top": "30",
                                            "right": "30",
                                            "bottom": "30",
                                            "left": "30",
                                            "isLinked": "1"
                                        },
                                        "padding": {
                                            "unit": "px",
                                            "top": "40",
                                            "right": "20",
                                            "bottom": "40",
                                            "left": "20",
                                            "isLinked": ""
                                        },
                                        "_inline_size_mobile": "50",
                                        "margin_mobile": {
                                            "unit": "px",
                                            "top": "5",
                                            "right": "5",
                                            "bottom": "5",
                                            "left": "5",
                                            "isLinked": "1"
                                        },
                                        "content_position_tablet": "center",
                                        "background_background": "classic",
                                        "background_color": "#BA9A8E",
                                        "border_border": "solid",
                                        "border_width": {
                                            "unit": "px",
                                            "top": "0",
                                            "right": "0",
                                            "bottom": "0",
                                            "left": "0",
                                            "isLinked": ""
                                        }
                                    },
                                    "elements": [
                                        {
                                            "id": "76b164a9",
                                            "settings": {
                                                "title": "230",
                                                "align": "center",
                                                "align_mobile": "center",
                                                "title_color": "#FFFFFF",
                                                "typography_typography": "custom",
                                                "typography_font_family": "Muli",
                                                "typography_font_size": {
                                                    "unit": "px",
                                                    "size": "40",
                                                    "sizes": []
                                                },
                                                "typography_font_size_mobile": {
                                                    "unit": "px",
                                                    "size": "22",
                                                    "sizes": []
                                                },
                                                "typography_font_weight": "800",
                                                "typography_line_height": {
                                                    "unit": "em",
                                                    "size": "1.3",
                                                    "sizes": []
                                                }
                                            },
                                            "elements": [],
                                            "isInner": false,
                                            "widgetType": "heading",
                                            "elType": "widget"
                                        },
                                        {
                                            "id": "3bcc1b41",
                                            "settings": {
                                                "title": "Offices",
                                                "align": "center",
                                                "align_mobile": "center",
                                                "title_color": "#EAEAEA",
                                                "typography_typography": "custom",
                                                "typography_font_family": "Muli",
                                                "typography_font_size": {
                                                    "unit": "px",
                                                    "size": "19",
                                                    "sizes": []
                                                },
                                                "typography_font_size_mobile": {
                                                    "unit": "px",
                                                    "size": "17",
                                                    "sizes": []
                                                },
                                                "typography_font_weight": "500",
                                                "typography_line_height": {
                                                    "unit": "em",
                                                    "size": "1.3",
                                                    "sizes": []
                                                }
                                            },
                                            "elements": [],
                                            "isInner": false,
                                            "widgetType": "heading",
                                            "elType": "widget"
                                        }
                                    ],
                                    "isInner": "1",
                                    "elType": "column"
                                },
                                {
                                    "id": "1a2725",
                                    "settings": {
                                        "_column_size": "33",
                                        "space_between_widgets": "-1",
                                        "border_radius": {
                                            "unit": "%",
                                            "top": "",
                                            "right": "",
                                            "bottom": "",
                                            "left": "",
                                            "isLinked": "1"
                                        },
                                        "box_shadow_box_shadow": {
                                            "horizontal": "1",
                                            "vertical": "9",
                                            "blur": "100",
                                            "spread": "0",
                                            "color": "rgba(110, 6, 43, 0.14)"
                                        },
                                        "margin": {
                                            "unit": "px",
                                            "top": "30",
                                            "right": "30",
                                            "bottom": "30",
                                            "left": "30",
                                            "isLinked": "1"
                                        },
                                        "padding": {
                                            "unit": "px",
                                            "top": "40",
                                            "right": "20",
                                            "bottom": "40",
                                            "left": "20",
                                            "isLinked": ""
                                        },
                                        "_inline_size_mobile": "100",
                                        "margin_mobile": {
                                            "unit": "px",
                                            "top": "5",
                                            "right": "5",
                                            "bottom": "5",
                                            "left": "5",
                                            "isLinked": "1"
                                        },
                                        "background_background": "classic",
                                        "background_color": "#BA9A8E",
                                        "border_border": "solid",
                                        "border_width": {
                                            "unit": "px",
                                            "top": "0",
                                            "right": "0",
                                            "bottom": "0",
                                            "left": "0",
                                            "isLinked": ""
                                        }
                                    },
                                    "elements": [
                                        {
                                            "id": "4d2afa1a",
                                            "settings": {
                                                "title": "15+",
                                                "align": "center",
                                                "align_mobile": "center",
                                                "title_color": "#FFFFFF",
                                                "typography_typography": "custom",
                                                "typography_font_family": "Muli",
                                                "typography_font_size": {
                                                    "unit": "px",
                                                    "size": "40",
                                                    "sizes": []
                                                },
                                                "typography_font_size_mobile": {
                                                    "unit": "px",
                                                    "size": "22",
                                                    "sizes": []
                                                },
                                                "typography_font_weight": "800",
                                                "typography_line_height": {
                                                    "unit": "em",
                                                    "size": "1.3",
                                                    "sizes": []
                                                }
                                            },
                                            "elements": [],
                                            "isInner": false,
                                            "widgetType": "heading",
                                            "elType": "widget"
                                        },
                                        {
                                            "id": "2501f643",
                                            "settings": {
                                                "title": "Customers",
                                                "align": "center",
                                                "align_mobile": "center",
                                                "title_color": "#EAEAEA",
                                                "typography_typography": "custom",
                                                "typography_font_family": "Muli",
                                                "typography_font_size": {
                                                    "unit": "px",
                                                    "size": "19",
                                                    "sizes": []
                                                },
                                                "typography_font_size_mobile": {
                                                    "unit": "px",
                                                    "size": "17",
                                                    "sizes": []
                                                },
                                                "typography_font_weight": "500",
                                                "typography_line_height": {
                                                    "unit": "em",
                                                    "size": "1.3",
                                                    "sizes": []
                                                }
                                            },
                                            "elements": [],
                                            "isInner": false,
                                            "widgetType": "heading",
                                            "elType": "widget"
                                        }
                                    ],
                                    "isInner": "1",
                                    "elType": "column"
                                }
                            ],
                            "isInner": "1",
                            "elType": "section"
                        }
                    ],
                    "isInner": "",
                    "elType": "column"
                }
            ],
            "isInner": "",
            "elType": "section"
        },
        {
            "id": "79007630",
            "settings": {
                "structure": "30",
                "padding": {
                    "unit": "px",
                    "top": "70",
                    "right": "0",
                    "bottom": "70",
                    "left": "0",
                    "isLinked": ""
                },
                "padding_tablet": {
                    "unit": "em",
                    "top": "0",
                    "right": "1",
                    "bottom": "0",
                    "left": "1",
                    "isLinked": ""
                },
                "padding_mobile": {
                    "unit": "px",
                    "top": "0",
                    "right": "0",
                    "bottom": "0",
                    "left": "0",
                    "isLinked": ""
                }
            },
            "elements": [
                {
                    "id": "6f6cd2e8",
                    "settings": {
                        "_column_size": "33",
                        "_inline_size": "36.491",
                        "content_position": "center",
                        "space_between_widgets_mobile": "10",
                        "margin_mobile": {
                            "unit": "px",
                            "top": "20",
                            "right": "0",
                            "bottom": "0",
                            "left": "0",
                            "isLinked": ""
                        }
                    },
                    "elements": [
                        {
                            "id": "569655eb",
                            "settings": {
                                "title": "TESTIMONIAL",
                                "align_mobile": "center",
                                "typography_typography": "custom",
                                "typography_font_family": "Muli",
                                "typography_font_size": {
                                    "unit": "px",
                                    "size": "13",
                                    "sizes": []
                                },
                                "typography_font_weight": "900",
                                "typography_letter_spacing": {
                                    "unit": "px",
                                    "size": "0.8",
                                    "sizes": []
                                },
                                "_margin": {
                                    "unit": "px",
                                    "top": "0",
                                    "right": "0",
                                    "bottom": "-20",
                                    "left": "0",
                                    "isLinked": ""
                                },
                                "_padding": {
                                    "unit": "px",
                                    "top": "0",
                                    "right": "0",
                                    "bottom": "0",
                                    "left": "0",
                                    "isLinked": ""
                                },
                                "_border_width": {
                                    "unit": "px",
                                    "top": "0",
                                    "right": "0",
                                    "bottom": "05",
                                    "left": "0",
                                    "isLinked": ""
                                },
                                "_border_width_mobile": {
                                    "unit": "px",
                                    "top": "0",
                                    "right": "0",
                                    "bottom": "0",
                                    "left": "0",
                                    "isLinked": ""
                                },
                                "_border_color": "#96705B",
                                "_element_width_mobile": "inherit",
                                "_element_vertical_align_mobile": "center"
                            },
                            "elements": [],
                            "isInner": false,
                            "widgetType": "heading",
                            "elType": "widget"
                        },
                        {
                            "id": "4f9f9439",
                            "settings": {
                                "width": {
                                    "unit": "px",
                                    "size": "98",
                                    "sizes": []
                                },
                                "align_mobile": "center",
                                "text": "Divider",
                                "color": "#96705B",
                                "weight": {
                                    "unit": "px",
                                    "size": "5",
                                    "sizes": []
                                },
                                "gap": {
                                    "unit": "px",
                                    "size": "6",
                                    "sizes": []
                                },
                                "gap_mobile": {
                                    "unit": "px",
                                    "size": "11",
                                    "sizes": []
                                }
                            },
                            "elements": [],
                            "isInner": false,
                            "widgetType": "divider",
                            "elType": "widget"
                        },
                        {
                            "id": "46318673",
                            "settings": {
                                "title": "What Our Clients Have To Say\u200b",
                                "title_color": "#282828",
                                "typography_typography": "custom",
                                "typography_font_size": {
                                    "unit": "px",
                                    "size": "37",
                                    "sizes": []
                                },
                                "align_mobile": "center",
                                "typography_font_size_mobile": {
                                    "unit": "px",
                                    "size": "22",
                                    "sizes": []
                                },
                                "typography_font_family": "Muli",
                                "typography_font_weight": "800",
                                "typography_letter_spacing": {
                                    "unit": "px",
                                    "size": "0",
                                    "sizes": []
                                }
                            },
                            "elements": [],
                            "isInner": false,
                            "widgetType": "heading",
                            "elType": "widget"
                        },
                        {
                            "id": "490ebd9",
                            "settings": {
                                "text_color": "#7B7B7B",
                                "typography_typography": "custom",
                                "typography_font_size": {
                                    "unit": "px",
                                    "size": "16",
                                    "sizes": []
                                },
                                "typography_font_weight": "500",
                                "typography_line_height": {
                                    "unit": "em",
                                    "size": "1.9",
                                    "sizes": []
                                },
                                "align_mobile": "center",
                                "editor": "<p>Lorem ipsum dolor sit amet, consectetur adipiscing elit, sed do eiusmod tempor incididunt ut labore et dolore magna aliqua. Ut enim ad minim veniam, quis nostrud exercitation ullamco laboris nisi ut aliquip ex ea commodo consequat<\/p>",
                                "typography_font_family": "Muli",
                                "typography_font_size_mobile": {
                                    "unit": "px",
                                    "size": "13",
                                    "sizes": []
                                },
                                "typography_line_height_mobile": {
                                    "unit": "em",
                                    "size": "1.6",
                                    "sizes": []
                                },
                                "typography_letter_spacing": {
                                    "unit": "px",
                                    "size": "0.4",
                                    "sizes": []
                                },
                                "typography_letter_spacing_mobile": {
                                    "unit": "px",
                                    "size": "0.4",
                                    "sizes": []
                                }
                            },
                            "elements": [],
                            "isInner": false,
                            "widgetType": "text-editor",
                            "elType": "widget"
                        },
                        {
                            "id": "991a952",
                            "settings": {
                                "text": "READ MORE",
                                "typography_typography": "custom",
                                "typography_font_size": {
                                    "unit": "px",
                                    "size": "12",
                                    "sizes": []
                                },
                                "typography_font_weight": "800",
                                "typography_letter_spacing": {
                                    "unit": "px",
                                    "size": "2",
                                    "sizes": []
                                },
                                "button_text_color": "#FFFFFF",
                                "background_color": "#96705B",
                                "hover_animation": "float",
                                "border_radius": {
                                    "unit": "%",
                                    "top": "0",
                                    "right": "0",
                                    "bottom": "0",
                                    "left": "0",
                                    "isLinked": "1"
                                },
                                "button_box_shadow_box_shadow_type": "yes",
                                "button_box_shadow_box_shadow": {
                                    "horizontal": "-100",
                                    "vertical": "0",
                                    "blur": "65",
                                    "spread": "-6",
                                    "color": "#BA9A8E"
                                },
                                "button_box_shadow_box_shadow_position": "inset",
                                "text_padding": {
                                    "unit": "px",
                                    "top": "018",
                                    "right": "30",
                                    "bottom": "18",
                                    "left": "30",
                                    "isLinked": ""
                                },
                                "align_mobile": "center",
                                "typography_font_family": "Muli",
                                "_margin": {
                                    "unit": "px",
                                    "top": "0",
                                    "right": "0",
                                    "bottom": "0",
                                    "left": "0",
                                    "isLinked": ""
                                },
                                "_padding": {
                                    "unit": "px",
                                    "top": "0",
                                    "right": "0",
                                    "bottom": "0",
                                    "left": "0",
                                    "isLinked": ""
                                },
                                "align": "left",
                                "typography_text_transform": "uppercase"
                            },
                            "elements": [],
                            "isInner": false,
                            "widgetType": "button",
                            "elType": "widget"
                        }
                    ],
                    "isInner": "",
                    "elType": "column"
                },
                {
                    "id": "775a5c1e",
                    "settings": {
                        "_column_size": "33",
                        "_inline_size": "7.105"
                    },
                    "elements": [],
                    "isInner": "",
                    "elType": "column"
                },
                {
                    "id": "7d11a373",
                    "settings": {
                        "_column_size": "33",
                        "_inline_size": "55.736",
                        "background_background": "classic",
                        "background_image": {
                            "url": "https:\/\/templatekit.tokokoo.com\/bagkit\/wp-content\/uploads\/sites\/7\/2020\/03\/Rectangle-3-copy-6.png",
                            "id": "592"
                        },
                        "background_position": "bottom right",
                        "background_repeat": "no-repeat",
                        "background_overlay_background": "classic",
                        "background_overlay_image": {
                            "url": "https:\/\/templatekit.tokokoo.com\/bagkit\/wp-content\/uploads\/sites\/7\/2020\/03\/Rectangle-3-copy-6.png",
                            "id": "592"
                        },
                        "background_overlay_repeat": "no-repeat"
                    },
                    "elements": [
                        {
                            "id": "686a3efc",
                            "settings": {
                                "testimonial_content": "Lorem ipsum dolor sit amet, consectetur adipiscing elit, sed do eiusmod tempor incididunt",
                                "testimonial_image": {
                                    "url": "https:\/\/templatekit.tokokoo.com\/bagkit\/wp-content\/uploads\/sites\/7\/2020\/03\/testi2-1.jpg",
                                    "id": "356"
                                },
                                "testimonial_name": "John Doe",
                                "testimonial_job": "Designer",
                                "testimonial_alignment": "left",
                                "content_content_color": "#FFFFFF",
                                "content_typography_typography": "custom",
                                "content_typography_font_family": "Muli",
                                "content_typography_font_size": {
                                    "unit": "px",
                                    "size": "18",
                                    "sizes": []
                                },
                                "content_typography_font_size_mobile": {
                                    "unit": "px",
                                    "size": "13",
                                    "sizes": []
                                },
                                "content_typography_font_style": "italic",
                                "name_text_color": "#FFFFFF",
                                "name_typography_typography": "custom",
                                "name_typography_font_family": "Muli",
                                "name_typography_font_size": {
                                    "unit": "px",
                                    "size": "15",
                                    "sizes": []
                                },
                                "name_typography_font_size_mobile": {
                                    "unit": "px",
                                    "size": "12",
                                    "sizes": []
                                },
                                "name_typography_font_weight": "700",
                                "name_typography_text_transform": "uppercase",
                                "job_text_color": "#FFFFFF",
                                "job_typography_typography": "custom",
                                "job_typography_font_family": "Muli",
                                "job_typography_font_size_mobile": {
                                    "unit": "px",
                                    "size": "11",
                                    "sizes": []
                                },
                                "job_typography_line_height": {
                                    "unit": "em",
                                    "size": "1.5",
                                    "sizes": []
                                },
                                "_padding": {
                                    "unit": "px",
                                    "top": "40",
                                    "right": "40",
                                    "bottom": "40",
                                    "left": "40",
                                    "isLinked": "1"
                                },
                                "_background_background": "classic",
                                "_background_color": "#BA9A8E"
                            },
                            "elements": [],
                            "isInner": false,
                            "widgetType": "testimonial",
                            "elType": "widget"
                        },
                        {
                            "id": "65a42cb3",
                            "settings": {
                                "testimonial_content": "Lorem ipsum dolor sit amet, consectetur adipiscing elit, sed do eiusmod tempor incididunt",
                                "testimonial_image": {
                                    "url": "https:\/\/templatekit.tokokoo.com\/bagkit\/wp-content\/uploads\/sites\/7\/2020\/03\/testi-1-1.jpg",
                                    "id": "355"
                                },
                                "testimonial_name": "John Doe",
                                "testimonial_job": "Designer",
                                "testimonial_alignment": "left",
                                "content_content_color": "#FFFFFF",
                                "content_typography_typography": "custom",
                                "content_typography_font_family": "Muli",
                                "content_typography_font_size": {
                                    "unit": "px",
                                    "size": "18",
                                    "sizes": []
                                },
                                "content_typography_font_size_mobile": {
                                    "unit": "px",
                                    "size": "13",
                                    "sizes": []
                                },
                                "content_typography_font_style": "italic",
                                "name_text_color": "#FFFFFF",
                                "name_typography_typography": "custom",
                                "name_typography_font_family": "Muli",
                                "name_typography_font_size": {
                                    "unit": "px",
                                    "size": "15",
                                    "sizes": []
                                },
                                "name_typography_font_size_mobile": {
                                    "unit": "px",
                                    "size": "12",
                                    "sizes": []
                                },
                                "name_typography_font_weight": "700",
                                "name_typography_text_transform": "uppercase",
                                "job_text_color": "#FFFFFF",
                                "job_typography_typography": "custom",
                                "job_typography_font_family": "Muli",
                                "job_typography_font_size_mobile": {
                                    "unit": "px",
                                    "size": "11",
                                    "sizes": []
                                },
                                "job_typography_line_height": {
                                    "unit": "em",
                                    "size": "1.5",
                                    "sizes": []
                                },
                                "_padding": {
                                    "unit": "px",
                                    "top": "40",
                                    "right": "40",
                                    "bottom": "40",
                                    "left": "40",
                                    "isLinked": "1"
                                },
                                "_background_background": "classic",
                                "_background_color": "#BA9A8E"
                            },
                            "elements": [],
                            "isInner": false,
                            "widgetType": "testimonial",
                            "elType": "widget"
                        }
                    ],
                    "isInner": "",
                    "elType": "column"
                }
            ],
            "isInner": "",
            "elType": "section"
        },
        {
            "id": "2e2423ae",
            "settings": {
                "margin": {
                    "unit": "px",
                    "top": "",
                    "right": "0",
                    "bottom": "",
                    "left": "0",
                    "isLinked": "1"
                },
                "padding": {
                    "unit": "px",
                    "top": "070",
                    "right": "0",
                    "bottom": "070",
                    "left": "0",
                    "isLinked": ""
                },
                "padding_mobile": {
                    "unit": "em",
                    "top": "3",
                    "right": "0",
                    "bottom": "1",
                    "left": "0",
                    "isLinked": ""
                },
                "padding_tablet": {
                    "unit": "px",
                    "top": "30",
                    "right": "0",
                    "bottom": "30",
                    "left": "0",
                    "isLinked": ""
                }
            },
            "elements": [
                {
                    "id": "483b3afb",
                    "settings": {
                        "_column_size": "100",
                        "margin_mobile": {
                            "unit": "px",
                            "top": "0",
                            "right": "0",
                            "bottom": "0",
                            "left": "0",
                            "isLinked": ""
                        },
                        "padding_mobile": {
                            "unit": "px",
                            "top": "0",
                            "right": "0",
                            "bottom": "0",
                            "left": "0",
                            "isLinked": ""
                        },
                        "background_background": "classic",
                        "background_overlay_background": "classic",
                        "background_overlay_image": {
                            "url": "https:\/\/templatekit.tokokoo.com\/bagkit\/wp-content\/uploads\/sites\/7\/2020\/03\/hm-1.png",
                            "id": "552"
                        },
                        "background_overlay_position": "bottom left",
                        "background_overlay_repeat": "no-repeat",
                        "background_overlay_size": "cover",
                        "background_overlay_opacity": {
                            "unit": "px",
                            "size": "0.17",
                            "sizes": []
                        },
                        "padding": {
                            "unit": "%",
                            "top": "0",
                            "right": "20",
                            "bottom": "0",
                            "left": "20",
                            "isLinked": ""
                        }
                    },
                    "elements": [
                        {
                            "id": "6457f4e0",
                            "settings": {
                                "title": "TESTIMONIAL",
                                "align": "center",
                                "align_mobile": "center",
                                "typography_typography": "custom",
                                "typography_font_family": "Muli",
                                "typography_font_size": {
                                    "unit": "px",
                                    "size": "13",
                                    "sizes": []
                                },
                                "typography_font_weight": "900",
                                "typography_letter_spacing": {
                                    "unit": "px",
                                    "size": "0.8",
                                    "sizes": []
                                },
                                "_margin": {
                                    "unit": "px",
                                    "top": "0",
                                    "right": "0",
                                    "bottom": "-20",
                                    "left": "0",
                                    "isLinked": ""
                                },
                                "_padding": {
                                    "unit": "px",
                                    "top": "0",
                                    "right": "0",
                                    "bottom": "0",
                                    "left": "0",
                                    "isLinked": ""
                                },
                                "_border_width": {
                                    "unit": "px",
                                    "top": "0",
                                    "right": "0",
                                    "bottom": "05",
                                    "left": "0",
                                    "isLinked": ""
                                },
                                "_border_width_mobile": {
                                    "unit": "px",
                                    "top": "0",
                                    "right": "0",
                                    "bottom": "0",
                                    "left": "0",
                                    "isLinked": ""
                                },
                                "_border_color": "#96705B",
                                "_element_width_mobile": "inherit",
                                "_element_vertical_align_mobile": "center"
                            },
                            "elements": [],
                            "isInner": false,
                            "widgetType": "heading",
                            "elType": "widget"
                        },
                        {
                            "id": "15762f2c",
                            "settings": {
                                "width": {
                                    "unit": "px",
                                    "size": "101",
                                    "sizes": []
                                },
                                "align": "center",
                                "align_mobile": "center",
                                "text": "Divider",
                                "color": "#96705B",
                                "weight": {
                                    "unit": "px",
                                    "size": "5",
                                    "sizes": []
                                },
                                "gap": {
                                    "unit": "px",
                                    "size": "6",
                                    "sizes": []
                                },
                                "gap_mobile": {
                                    "unit": "px",
                                    "size": "11",
                                    "sizes": []
                                }
                            },
                            "elements": [],
                            "isInner": false,
                            "widgetType": "divider",
                            "elType": "widget"
                        },
                        {
                            "id": "11846ce",
                            "settings": {
                                "title": "Are you intersted ?",
                                "align": "center",
                                "title_color": "#282828",
                                "typography_typography": "custom",
                                "typography_font_size": {
                                    "unit": "px",
                                    "size": "36",
                                    "sizes": []
                                },
                                "typography_font_size_mobile": {
                                    "unit": "px",
                                    "size": "22",
                                    "sizes": []
                                },
                                "typography_font_weight": "700",
                                "align_mobile": "center",
                                "typography_font_family": "Muli",
                                "typography_letter_spacing": {
                                    "unit": "px",
                                    "size": "0",
                                    "sizes": []
                                },
                                "typography_line_height": {
                                    "unit": "em",
                                    "size": "1.3",
                                    "sizes": []
                                }
                            },
                            "elements": [],
                            "isInner": false,
                            "widgetType": "heading",
                            "elType": "widget"
                        },
                        {
                            "id": "17ca38a5",
                            "settings": {
                                "title": "Tell us what you need and we will come back to you with a quote",
                                "align": "center",
                                "title_color": "#282828",
                                "typography_typography": "custom",
                                "typography_font_size": {
                                    "unit": "px",
                                    "size": "34",
                                    "sizes": []
                                },
                                "typography_font_size_mobile": {
                                    "unit": "px",
                                    "size": "22",
                                    "sizes": []
                                },
                                "typography_font_weight": "600",
                                "align_mobile": "center",
                                "typography_font_family": "Muli",
                                "typography_letter_spacing": {
                                    "unit": "px",
                                    "size": "0",
                                    "sizes": []
                                },
                                "typography_line_height": {
                                    "unit": "em",
                                    "size": "1.3",
                                    "sizes": []
                                }
                            },
                            "elements": [],
                            "isInner": false,
                            "widgetType": "heading",
                            "elType": "widget"
                        },
                        {
                            "id": "19b5ed36",
                            "settings": {
                                "text": "Contact us",
                                "typography_typography": "custom",
                                "typography_font_size": {
                                    "unit": "px",
                                    "size": "12",
                                    "sizes": []
                                },
                                "typography_font_weight": "800",
                                "typography_letter_spacing": {
                                    "unit": "px",
                                    "size": "2",
                                    "sizes": []
                                },
                                "button_text_color": "#FFFFFF",
                                "background_color": "#96705B",
                                "hover_animation": "float",
                                "border_radius": {
                                    "unit": "%",
                                    "top": "0",
                                    "right": "0",
                                    "bottom": "0",
                                    "left": "0",
                                    "isLinked": "1"
                                },
                                "button_box_shadow_box_shadow_type": "yes",
                                "button_box_shadow_box_shadow": {
                                    "horizontal": "-100",
                                    "vertical": "0",
                                    "blur": "65",
                                    "spread": "-6",
                                    "color": "#BA9A8E"
                                },
                                "button_box_shadow_box_shadow_position": "inset",
                                "text_padding": {
                                    "unit": "px",
                                    "top": "018",
                                    "right": "30",
                                    "bottom": "18",
                                    "left": "30",
                                    "isLinked": ""
                                },
                                "align_mobile": "center",
                                "typography_font_family": "Muli",
                                "_margin": {
                                    "unit": "px",
                                    "top": "0",
                                    "right": "0",
                                    "bottom": "0",
                                    "left": "0",
                                    "isLinked": ""
                                },
                                "_padding": {
                                    "unit": "px",
                                    "top": "0",
                                    "right": "0",
                                    "bottom": "0",
                                    "left": "0",
                                    "isLinked": ""
                                },
                                "align": "center",
                                "typography_text_transform": "uppercase"
                            },
                            "elements": [],
                            "isInner": false,
                            "widgetType": "button",
                            "elType": "widget"
                        },
                        {
                            "id": "465919cc",
                            "settings": {
                                "space": {
                                    "unit": "px",
                                    "size": "17",
                                    "sizes": []
                                },
                                "space_mobile": {
                                    "unit": "px",
                                    "size": "10",
                                    "sizes": []
                                }
                            },
                            "elements": [],
                            "isInner": false,
                            "widgetType": "spacer",
                            "elType": "widget"
                        }
                    ],
                    "isInner": "",
                    "elType": "column"
                }
            ],
            "isInner": "",
            "elType": "section"
        }
    ]
}