{
    "version": "0.4",
    "title": "Theme Builder \u2013 Header (Elementor Pro)",
    "type": "header",
    "metadata": {
        "template_type": "section-header",
        "include_in_zip": "1",
        "elementor_pro_required": "1",
        "elementor_library_type": "header",
        "elementor_pro_conditions": [
            "include\/general"
        ],
        "additional_template_information": [
            "This is a \"Header\" template for Elementor Pro.",
            "This template will display on: Entire Site."
        ],
        "wp_page_template": "default"
    },
    "content": [
        {
            "id": "24e3f094",
            "settings": {
                "structure": "20",
                "background_background": "classic",
                "background_color": "#FFFFFF",
                "padding": {
                    "unit": "px",
                    "top": "010",
                    "right": "0",
                    "bottom": "010",
                    "left": "0",
                    "isLinked": ""
                }
            },
            "elements": [
                {
                    "id": "4de0500c",
                    "settings": {
                        "_column_size": "50",
                        "_inline_size": "40",
                        "content_position": "center"
                    },
                    "elements": [
                        {
                            "id": "4935253f",
                            "settings": {
                                "image": {
                                    "url": "https:\/\/templatekit.tokokoo.com\/bagkit\/wp-content\/uploads\/sites\/7\/2020\/03\/logo-1.png",
                                    "id": "805"
                                },
                                "align": "left",
                                "align_mobile": "center",
                                "image_size": "full",
                                "image_custom_dimension": {
                                    "width": "150",
                                    "height": ""
                                },
                                "width": {
                                    "unit": "%",
                                    "size": "40",
                                    "sizes": []
                                }
                            },
                            "elements": [],
                            "isInner": false,
                            "widgetType": "image",
                            "elType": "widget"
                        }
                    ],
                    "isInner": "",
                    "elType": "column"
                },
                {
                    "id": "34cbfd8a",
                    "settings": {
                        "_column_size": "50",
                        "_inline_size": "60",
                        "hide_mobile": "hidden-phone"
                    },
                    "elements": [
                        {
                            "id": "762cc5ff",
                            "settings": {
                                "align_items": "right",
                                "pointer": "framed",
                                "indicator": "angle",
                                "toggle_align": "right",
                                "menu_typography_typography": "custom",
                                "menu_typography_font_family": "Muli",
                                "menu_typography_font_size": {
                                    "unit": "px",
                                    "size": "16",
                                    "sizes": []
                                },
                                "color_menu_item": "#96705B",
                                "pointer_color_menu_item_hover": "#96705B",
                                "pointer_color_menu_item_active": "#282828",
                                "pointer_width": {
                                    "unit": "px",
                                    "size": "2",
                                    "sizes": []
                                },
                                "color_dropdown_item": "#96705B",
                                "background_color_dropdown_item": "#F9F7F5",
                                "color_dropdown_item_hover": "#282828",
                                "background_color_dropdown_item_hover": "#BA9A8E",
                                "color_dropdown_item_active": "#BD4F6C",
                                "background_color_dropdown_item_active": "#FFF6F6",
                                "toggle_color": "#FFF6F6",
                                "toggle_background_color": "#BD4F6C",
                                "menu_typography_font_weight": "800",
                                "dropdown_typography_typography": "custom",
                                "dropdown_typography_font_family": "Muli",
                                "dropdown_typography_font_size": {
                                    "unit": "px",
                                    "size": "13",
                                    "sizes": []
                                },
                                "dropdown_typography_font_weight": "700"
                            },
                            "elements": [],
                            "isInner": false,
                            "widgetType": "nav-menu",
                            "elType": "widget"
                        }
                    ],
                    "isInner": "",
                    "elType": "column"
                }
            ],
            "isInner": "",
            "elType": "section"
        }
    ]
}