{"content":[{"id":"c05baf2","settings":{"background_background":"classic","background_image":{"id":"3497","url":"https:\/\/cliente.shazamlnv.com\/setasolar\/wp-content\/uploads\/2022\/04\/photo-of-people-doing-handshakes-3183197.jpg"},"background_position":"center center","background_size":"cover","padding":{"unit":"px","top":"75","right":"0","bottom":"75","left":"0","isLinked":false},"background_attachment":"fixed","background_overlay_background":"gradient","background_overlay_color":"#393935","content_width":{"unit":"px","size":1200},"structure":"20","margin_tablet":{"unit":"px","top":"0","right":0,"bottom":"0","left":0,"isLinked":false},"padding_tablet":{"unit":"em","top":"15","right":"2","bottom":"10","left":"2","isLinked":false},"html_tag":"header","padding_mobile":{"unit":"em","top":"8","right":"1","bottom":"8","left":"1","isLinked":false},"background_overlay_opacity":{"unit":"px","size":0.54000000000000003552713678800500929355621337890625,"sizes":[]},"height":"min-height","custom_height":{"unit":"vh","size":100,"sizes":[]},"background_overlay_color_b":"#9FB0D3","background_overlay_gradient_angle":{"unit":"deg","size":0,"sizes":[]}},"elements":[{"id":"a6b4a2b","settings":{"_column_size":50,"space_between_widgets":0,"margin":{"unit":"px","top":"0","right":"15","bottom":"0","left":"15","isLinked":false},"padding":{"unit":"px","top":"0","right":"0","bottom":"0","left":"0","isLinked":false},"_inline_size":70,"_inline_size_tablet":100,"margin_tablet":{"unit":"px","top":"0","right":"0","bottom":"0","left":"0","isLinked":false}},"elements":[{"id":"cf63eb3","settings":{"title":"Professional advisors for your business.","align":"left","title_color":"#ffffff","typography_typography":"custom","typography_font_size":{"unit":"px","size":60},"_padding":{"unit":"px","top":"0","right":"0","bottom":"0","left":"0","isLinked":false},"header_size":"h1","_animation":"fadeInUp","_margin":{"unit":"%","top":"0","right":"5","bottom":"0","left":"0","isLinked":false},"typography_font_size_mobile":{"unit":"px","size":40},"typography_font_family":"Poppins","typography_font_weight":"600"},"elements":[],"isInner":false,"widgetType":"heading","elType":"widget"},{"id":"69ee903d","settings":{"editor":"<p>Business is one the world's best business counselling firm. We assist global\u00a0pioneers with their association's most basic issues and opportunities.<\/p>","align":"left","text_color":"#ffffff","typography_typography":"custom","typography_font_size":{"unit":"px","size":20},"typography_line_height":{"unit":"px","size":30},"_margin":{"unit":"px","top":"32","right":"0","bottom":"35","left":"0","isLinked":false},"_padding":{"unit":"px","top":"0","right":"0","bottom":"0","left":"0","isLinked":false},"_animation":"fadeIn","typography_font_family":"Poppins"},"elements":[],"isInner":false,"widgetType":"text-editor","elType":"widget"},{"id":"5966e06f","settings":{"text":"Our services","align":"left","typography_typography":"custom","typography_font_size":{"unit":"px","size":15},"typography_font_weight":"600","typography_text_transform":"uppercase","button_text_color":"#ffffff","background_color":"#3C78F0","hover_color":"#ffffff","button_background_hover_color":"#6C72E6","border_radius":{"unit":"px","top":"0","right":"0","bottom":"0","left":"0","isLinked":true},"text_padding":{"unit":"px","top":"24","right":"45","bottom":"24","left":"45","isLinked":false},"_padding":{"unit":"px","top":"10","right":"0","bottom":"0","left":"0","isLinked":false},"_animation":"fadeInUp","size":"lg","typography_font_family":"Poppins"},"elements":[],"isInner":false,"widgetType":"button","elType":"widget"}],"isInner":false,"elType":"column"},{"id":"1d9c7e33","settings":{"_column_size":50,"_inline_size":30,"_inline_size_tablet":100},"elements":[],"isInner":false,"elType":"column"}],"isInner":false,"elType":"section"},{"id":"1e39f1f9","settings":{"content_width":{"unit":"px","size":1600},"background_background":"classic","background_color":"#f7f7f7","padding":{"unit":"px","top":"60","right":"0","bottom":"60","left":"0","isLinked":false},"padding_tablet":{"unit":"em","top":"3","right":"2","bottom":"3","left":"2","isLinked":false},"padding_mobile":{"unit":"em","top":"3","right":"1","bottom":"3","left":"1","isLinked":false},"layout":"full_width"},"elements":[{"id":"2c2d959f","settings":{"_column_size":100,"_inline_size_tablet":100,"margin_tablet":{"unit":"px","top":"0","right":"0","bottom":"0","left":"0","isLinked":false},"padding_tablet":{"unit":"px","top":"0","right":"0","bottom":"0","left":"0","isLinked":false}},"elements":[{"id":"7166039f","settings":{"structure":"20","content_width":{"unit":"px","size":1200}},"elements":[{"id":"457fc0f","settings":{"_column_size":50,"_inline_size":null,"space_between_widgets":0,"margin":{"unit":"px","top":"0","right":"15","bottom":"0","left":"15","isLinked":false},"padding":{"unit":"px","top":"0","right":"0","bottom":"0","left":"0","isLinked":false},"_inline_size_tablet":100,"margin_tablet":{"unit":"px","top":"0","right":"0","bottom":"40","left":"0","isLinked":false}},"elements":[{"id":"5c85cc71","settings":{"title":"Recent Case Study","title_color":"#4054B2","typography_typography":"custom","typography_font_family":"Lora","typography_font_weight":"400","typography_font_style":"italic","_margin":{"unit":"px","top":"0","right":"0","bottom":"30","left":"0","isLinked":false},"_padding":{"unit":"px","top":"0","right":"0","bottom":"0","left":"0","isLinked":false},"header_size":"h3"},"elements":[],"isInner":false,"widgetType":"heading","elType":"widget"},{"id":"714a278a","settings":{"title":"We work alongside national and international firms.","title_color":"#262626","typography_typography":"custom","typography_font_size":{"unit":"px","size":34},"typography_font_weight":"600","typography_line_height":{"unit":"em","size":1.1999999999999999555910790149937383830547332763671875},"_margin":{"unit":"px","top":"0","right":"0","bottom":"20","left":"0","isLinked":false},"_padding":{"unit":"px","top":"0","right":"0","bottom":"0","left":"0","isLinked":false},"typography_font_family":"Poppins"},"elements":[],"isInner":false,"widgetType":"heading","elType":"widget"},{"id":"707a44f4","settings":{"weight":{"unit":"px","size":2},"color":"#3C78F0","width":{"unit":"%","size":12},"gap":{"unit":"px","size":10},"text":"Divider"},"elements":[],"isInner":false,"widgetType":"divider","elType":"widget"},{"id":"673885fa","settings":{"editor":"<p>We plainly comprehend that you need not to lose, but rather to gain more cash over your time of work with us. That is the reason we dismiss all high-chance undertakings, that may prompt a quick heap of money out of the blue however to a primary capital's misfortune the second<\/p>","typography_typography":"custom","typography_font_weight":"400","typography_line_height":{"unit":"em","size":1.600000000000000088817841970012523233890533447265625},"_margin":{"unit":"px","top":"0","right":"0","bottom":"30","left":"0","isLinked":false},"_padding":{"unit":"px","top":"0","right":"0","bottom":"0","left":"0","isLinked":false},"text_color":"#54595F","typography_font_family":"Poppins"},"elements":[],"isInner":false,"widgetType":"text-editor","elType":"widget"},{"id":"7d5d9e72","settings":{"text":"our process","align":"left","typography_typography":"custom","typography_font_size":{"unit":"px","size":15},"typography_font_weight":"600","typography_text_transform":"uppercase","button_text_color":"#3C78F0","background_color":"rgba(60, 120, 240, 0.01)","hover_color":"#ffffff","button_background_hover_color":"#6C72E6","border_radius":{"unit":"px","top":"0","right":"0","bottom":"0","left":"0","isLinked":true},"text_padding":{"unit":"px","top":"15","right":"45","bottom":"15","left":"45","isLinked":false},"_padding":{"unit":"px","top":"10","right":"0","bottom":"0","left":"0","isLinked":false},"typography_font_family":"Poppins","border_border":"solid","_animation":"fadeInUp","button_hover_border_color":"#6C72E6"},"elements":[],"isInner":false,"widgetType":"button","elType":"widget"}],"isInner":true,"elType":"column"},{"id":"48b796c3","settings":{"_column_size":50,"_inline_size":null,"space_between_widgets":0,"margin":{"unit":"px","top":"0","right":"15","bottom":"0","left":"15","isLinked":false},"padding":{"unit":"px","top":"0","right":"0","bottom":"0","left":"0","isLinked":false},"_inline_size_tablet":100,"margin_tablet":{"unit":"px","top":"0","right":"0","bottom":"0","left":"0","isLinked":false},"padding_tablet":{"unit":"px","top":"0","right":"0","bottom":"0","left":"0","isLinked":false}},"elements":[{"id":"2e3c5317","settings":{"link":"https:\/\/www.youtube.com\/watch?v=9uOETcuFjbE","vimeo_link":"https:\/\/vimeo.com\/235215203","yt_showinfo":"","show_image_overlay":"yes","image_overlay":{"id":"3498","url":"https:\/\/cliente.shazamlnv.com\/setasolar\/wp-content\/uploads\/2022\/04\/workplace-1245776_1920.jpg"},"lightbox":"yes","youtube_url":"https:\/\/www.youtube.com\/watch?v=9uOETcuFjbE","vimeo_url":"https:\/\/vimeo.com\/235215203","dailymotion_url":"https:\/\/www.dailymotion.com\/video\/x6tqhqb"},"elements":[],"isInner":false,"widgetType":"video","elType":"widget"}],"isInner":true,"elType":"column"}],"isInner":true,"elType":"section"}],"isInner":false,"elType":"column"}],"isInner":false,"elType":"section"},{"id":"3756cd8d","settings":{"margin":{"unit":"px","top":"0","right":0,"bottom":"0","left":0,"isLinked":true},"padding":{"unit":"px","top":"50","right":"0","bottom":"70","left":"0","isLinked":false},"layout":"full_width","background_background":"classic","background_color":"#ffffff","padding_tablet":{"unit":"em","top":"3","right":"2","bottom":"3","left":"2","isLinked":false},"padding_mobile":{"unit":"em","top":"3","right":"1","bottom":"4","left":"1","isLinked":false}},"elements":[{"id":"78a29ff0","settings":{"_column_size":100,"screen_sm":"custom","_inline_size":null,"margin_tablet":{"unit":"px","top":"0","right":"0","bottom":"0","left":"0","isLinked":false},"padding_tablet":{"unit":"px","top":"0","right":"0","bottom":"0","left":"0","isLinked":false}},"elements":[{"id":"63576225","settings":{"structure":"30","content_width":{"unit":"px","size":1200}},"elements":[{"id":"1a451c86","settings":{"_column_size":33,"_inline_size":40,"space_between_widgets":0,"margin":{"unit":"px","top":"0","right":"15","bottom":"20","left":"15","isLinked":false},"padding":{"unit":"px","top":"0","right":"0","bottom":"0","left":"0","isLinked":false},"_inline_size_tablet":100,"margin_tablet":{"unit":"px","top":"0","right":"0","bottom":"30","left":"0","isLinked":false}},"elements":[{"id":"16fe836e","settings":{"title":"Save time for things that really matter.","title_color":"#262626","typography_typography":"custom","typography_font_size":{"unit":"px","size":34},"typography_font_weight":"600","typography_line_height":{"unit":"em","size":1.1999999999999999555910790149937383830547332763671875},"_padding":{"unit":"px","top":"0","right":"0","bottom":"0","left":"0","isLinked":false},"typography_font_family":"Poppins","_margin":{"unit":"px","top":"0","right":"0","bottom":"20","left":"0","isLinked":false}},"elements":[],"isInner":false,"widgetType":"heading","elType":"widget"},{"id":"94424dd","settings":{"weight":{"unit":"px","size":2},"color":"#3C78F0","width":{"unit":"%","size":15},"align":"left","gap":{"unit":"px","size":30},"_background_background":"classic","gap_tablet":{"unit":"px","size":12},"text":"Divider"},"elements":[],"isInner":false,"widgetType":"divider","elType":"widget"},{"id":"275b69c0","settings":{"editor":"<p>Collaboratively administrate empowered markets via plug-and-play networks.<\/p>","typography_typography":"custom","typography_font_family":"Lora","typography_font_size":{"unit":"px","size":20},"typography_font_style":"italic","typography_line_height":{"unit":"em","size":1.5},"_margin":{"unit":"px","top":"0","right":"0","bottom":"0","left":"0","isLinked":false},"text_color":"#54595F"},"elements":[],"isInner":false,"widgetType":"text-editor","elType":"widget"},{"id":"54780087","settings":{"text":"Get In Touch","align":"left","typography_typography":"custom","typography_font_size":{"unit":"px","size":15},"typography_font_weight":"600","typography_text_transform":"uppercase","button_text_color":"#ffffff","background_color":"#3C78F0","hover_color":"#ffffff","button_background_hover_color":"#6C72E6","border_radius":{"unit":"px","top":"0","right":"0","bottom":"0","left":"0","isLinked":true},"text_padding":{"unit":"px","top":"15","right":"45","bottom":"15","left":"45","isLinked":false},"_padding":{"unit":"px","top":"10","right":"0","bottom":"0","left":"0","isLinked":false},"typography_font_family":"Poppins","_animation":"fadeInUp"},"elements":[],"isInner":false,"widgetType":"button","elType":"widget"}],"isInner":true,"elType":"column"},{"id":"427fdd4f","settings":{"_column_size":33,"_inline_size":29.998999999999998777866494492627680301666259765625,"space_between_widgets":0,"margin":{"unit":"px","top":"0","right":"15","bottom":"0","left":"15","isLinked":false},"padding":{"unit":"px","top":"0","right":"0","bottom":"0","left":"0","isLinked":false},"_inline_size_tablet":50},"elements":[{"id":"d211a76","settings":{"icon":"fa fa-diamond","title_text":"Diverse Approach","description_text":"Lorem ipsum dolor sit amet, consectetur adipiscing elit, sed do eiusmod tempor incididunt ut.","primary_color":"#26bdef","icon_size":{"unit":"px","size":32},"hover_animation":"grow","text_align":"left","title_bottom_space":{"unit":"px","size":8},"title_color":"#222222","title_typography_typography":"custom","title_typography_font_size":{"unit":"px","size":20},"title_typography_font_weight":"600","description_color":"#54595F","description_typography_typography":"custom","description_typography_font_size":{"unit":"px","size":14},"description_typography_font_weight":"400","icon_space":{"unit":"px","size":0},"description_typography_line_height":{"unit":"em","size":1.6999999999999999555910790149937383830547332763671875},"title_typography_line_height":{"unit":"px","size":""},"_margin":{"unit":"px","top":"0","right":"10","bottom":"20","left":"0","isLinked":false},"selected_icon":{"value":"fas fa-expand-arrows-alt","library":"fa-solid"},"title_typography_font_family":"Poppins","description_typography_font_family":"Poppins","__fa4_migrated":{"selected_icon":true}},"elements":[],"isInner":false,"widgetType":"icon-box","elType":"widget"},{"id":"337c033","settings":{"icon":"fa fa-empire","title_text":"Professional Team","description_text":"Lorem ipsum dolor sit amet, consectetur adipiscing elit, sed do eiusmod tempor incididunt ut.","primary_color":"#6C72E6","icon_size":{"unit":"px","size":32},"hover_animation":"grow","text_align":"left","title_bottom_space":{"unit":"px","size":8},"title_color":"#222222","title_typography_typography":"custom","title_typography_font_size":{"unit":"px","size":20},"title_typography_font_weight":"600","description_color":"#54595F","description_typography_typography":"custom","description_typography_font_size":{"unit":"px","size":14},"description_typography_font_weight":"400","icon_space":{"unit":"px","size":0},"description_typography_line_height":{"unit":"em","size":1.6999999999999999555910790149937383830547332763671875},"title_typography_line_height":{"unit":"px","size":""},"_margin":{"unit":"px","top":"0","right":"10","bottom":"20","left":"0","isLinked":false},"selected_icon":{"value":"fas fa-project-diagram","library":"fa-solid"},"title_typography_font_family":"Poppins","description_typography_font_family":"Poppins","__fa4_migrated":{"selected_icon":true}},"elements":[],"isInner":false,"widgetType":"icon-box","elType":"widget"}],"isInner":true,"elType":"column"},{"id":"1eff155f","settings":{"_column_size":33,"_inline_size":30,"space_between_widgets":0,"margin":{"unit":"px","top":"0","right":"15","bottom":"0","left":"15","isLinked":false},"padding":{"unit":"px","top":"0","right":"0","bottom":"0","left":"0","isLinked":false},"margin_mobile":{"unit":"px","top":"35","right":"15","bottom":"15","left":"15","isLinked":false},"_inline_size_tablet":50},"elements":[{"id":"7430207a","settings":{"icon":"fa fa-snowflake-o","title_text":"Expert Advice","description_text":"Lorem ipsum dolor sit amet, consectetur adipiscing elit, sed do eiusmod tempor incididunt ut.","primary_color":"#3C78F0","icon_size":{"unit":"px","size":32},"hover_animation":"grow","text_align":"left","title_bottom_space":{"unit":"px","size":8},"title_color":"#222222","title_typography_typography":"custom","title_typography_font_size":{"unit":"px","size":20},"title_typography_font_weight":"600","description_color":"#54595F","description_typography_typography":"custom","description_typography_font_size":{"unit":"px","size":14},"description_typography_font_weight":"400","icon_space":{"unit":"px","size":0},"description_typography_line_height":{"unit":"em","size":1.6999999999999999555910790149937383830547332763671875},"title_typography_line_height":{"unit":"px","size":""},"_margin":{"unit":"px","top":"0","right":"10","bottom":"20","left":"0","isLinked":false},"selected_icon":{"value":"fas fa-crown","library":"fa-solid"},"title_typography_font_family":"Poppins","description_typography_font_family":"Poppins","__fa4_migrated":{"selected_icon":true}},"elements":[],"isInner":false,"widgetType":"icon-box","elType":"widget"},{"id":"b25ca78","settings":{"icon":"fa fa-gg","title_text":"Result Based","description_text":"Lorem ipsum dolor sit amet, consectetur adipiscing elit, sed do eiusmod tempor incididunt ut.","primary_color":"#0C2956","icon_size":{"unit":"px","size":36},"hover_animation":"grow","text_align":"left","title_bottom_space":{"unit":"px","size":8},"title_color":"#222222","title_typography_typography":"custom","title_typography_font_size":{"unit":"px","size":20},"title_typography_font_weight":"600","description_color":"#54595F","description_typography_typography":"custom","description_typography_font_size":{"unit":"px","size":14},"description_typography_font_weight":"400","icon_space":{"unit":"px","size":0},"description_typography_line_height":{"unit":"em","size":1.6999999999999999555910790149937383830547332763671875},"title_typography_line_height":{"unit":"px","size":""},"_margin":{"unit":"px","top":"0","right":"10","bottom":"20","left":"0","isLinked":false},"selected_icon":{"value":"fas fa-chart-line","library":"fa-solid"},"title_typography_font_family":"Poppins","description_typography_font_family":"Poppins","__fa4_migrated":{"selected_icon":true}},"elements":[],"isInner":false,"widgetType":"icon-box","elType":"widget"}],"isInner":true,"elType":"column"}],"isInner":true,"elType":"section"}],"isInner":false,"elType":"column"}],"isInner":false,"elType":"section"},{"id":"4fc50a3f","settings":{"section_layout":"","content_width":{"unit":"px","size":1200},"section_background":"","background_background":"classic","background_position":"center right","background_size":"cover","background_overlay_title":"","section_border":"","box_shadow_box_shadow":{"horizontal":0,"vertical":0,"blur":10,"spread":0,"inset":"","color":"rgba(0,0,0,0.5)"},"section_typo":"","section_advanced":"","_section_responsive":"","responsive_description":"","padding_mobile":{"unit":"px","top":"0","right":"0","bottom":"0","left":"0","isLinked":false},"heading_visibility":"","background_overlay_section":"","structure":"20","background_overlay_background":"classic","padding":{"unit":"px","top":"0","right":"0","bottom":"0","left":"0","isLinked":false},"layout":"full_width","background_color":"#222222","padding_tablet":{"unit":"em","top":"0","right":"0","bottom":"0","left":"0","isLinked":true}},"elements":[{"id":"3832990c","settings":{"_column_size":50,"_inline_size":null,"section_style":"","box_shadow_box_shadow":{"horizontal":0,"vertical":0,"blur":10,"spread":0,"inset":"","color":"rgba(0,0,0,0.5)"},"section_typo":"","section_advanced":"","section_responsive":"","screen_xs":"default","screen_xs_width":"100","background_background":"classic","background_image":{"id":"3499","url":"https:\/\/cliente.shazamlnv.com\/setasolar\/wp-content\/uploads\/2022\/04\/1-1.jpg"},"background_position":"center left","background_size":"cover","_inline_size_tablet":100,"space_between_widgets":0,"margin_tablet":{"unit":"px","top":"0","right":"0","bottom":"0","left":"0","isLinked":false},"padding_tablet":{"unit":"px","top":"300","right":"0","bottom":"0","left":"0","isLinked":false}},"elements":[{"id":"55fb2079","settings":{"space_mobile":{"unit":"px","size":254}},"elements":[],"isInner":false,"widgetType":"spacer","elType":"widget"}],"isInner":false,"elType":"column"},{"id":"4902f5b5","settings":{"_column_size":50,"_inline_size":null,"section_style":"","box_shadow_box_shadow":{"horizontal":0,"vertical":0,"blur":10,"spread":0,"inset":"","color":"rgba(0,0,0,0.5)"},"section_typo":"","section_advanced":"","section_responsive":"","screen_xs":"default","screen_xs_width":"100","padding":{"unit":"px","top":"80","right":"0","bottom":"80","left":"50","isLinked":false},"padding_mobile":{"unit":"em","top":"3","right":"1","bottom":"3","left":"1","isLinked":false},"margin":{"unit":"%","top":"0","right":"50","bottom":"0","left":"0","isLinked":false},"padding_tablet":{"unit":"em","top":"3","right":"2","bottom":"3","left":"2","isLinked":false},"_inline_size_tablet":100,"margin_tablet":{"unit":"px","top":"0","right":"0","bottom":"0","left":"0","isLinked":false}},"elements":[{"id":"481c5c5d","settings":{"section_title":"","title":"Partnerships for authentic experiences.","link":{"is_external":"","url":""},"size":"large","align":"left","section_title_style":"","title_color":"#ffffff","typography_typography":"custom","typography_font_size":{"unit":"px","size":32},"typography_font_family":"Poppins","_section_style":"","_section_background":"","_box_shadow_box_shadow":{"horizontal":0,"vertical":0,"blur":10,"spread":0,"inset":"","color":"rgba(0,0,0,0.5)"},"_section_responsive":"","responsive_description":"","typography_font_size_mobile":{"unit":"px","size":33},"typography_line_height_tablet":{"unit":"em","size":""},"typography_line_height_mobile":{"unit":"em","size":""},"typography_font_weight":"600","typography_line_height":{"unit":"em","size":1.3000000000000000444089209850062616169452667236328125}},"elements":[],"isInner":false,"widgetType":"heading","elType":"widget"},{"id":"3bf2be0c","settings":{"section_title":"","title":"Nemo enim ipsam voluptatem quia voluptas.","link":{"is_external":"","url":""},"size":"large","align":"left","section_title_style":"","title_color":"#3C78F0","typography_typography":"custom","typography_font_size":{"unit":"px","size":20},"typography_font_family":"Poppins","typography_font_weight":"300","_section_style":"","_section_background":"","_box_shadow_box_shadow":{"horizontal":0,"vertical":0,"blur":10,"spread":0,"inset":"","color":"rgba(0,0,0,0.5)"},"_section_responsive":"","responsive_description":"","typography_line_height_tablet":{"unit":"em","size":""},"typography_line_height_mobile":{"unit":"em","size":""},"header_size":"h4","typography_line_height":{"unit":"em","size":1.1999999999999999555910790149937383830547332763671875,"sizes":[]}},"elements":[],"isInner":false,"widgetType":"heading","elType":"widget"},{"id":"fafd55","settings":{"editor":"<p>\"Sed quia consequuntur magni dolores eos qui ratione voluptatem sequi nesciunt. Neque porro quisquam est, qui dolorem ipsum quia dolor sit amet, consectetur, adipisci velit. sed quia non numquam qui ratione voluptatem sequi nesciunt.\u00a0<\/p>","text_color":"#E2E2E4","typography_typography":"custom","typography_font_family":"Lora","typography_font_style":"italic","typography_line_height":{"unit":"em","size":1.3000000000000000444089209850062616169452667236328125,"sizes":[]}},"elements":[],"isInner":false,"widgetType":"text-editor","elType":"widget"},{"id":"349b1a86","settings":{"testimonial_content":"","testimonial_image":{"id":"3500","url":"https:\/\/cliente.shazamlnv.com\/setasolar\/wp-content\/uploads\/2022\/04\/t7.jpg"},"testimonial_name":"John Doe","testimonial_job":"Designer","testimonial_alignment":"left","image_size":{"unit":"px","size":97},"name_text_color":"#FFFFFF","job_text_color":"#6C72E6","content_typography_typography":"custom","content_typography_font_family":"Lora","content_typography_font_style":"italic","content_typography_line_height":{"unit":"em","size":1.3000000000000000444089209850062616169452667236328125,"sizes":[]},"name_typography_typography":"custom","name_typography_font_family":"Poppins","name_typography_font_weight":"600","job_typography_typography":"custom","job_typography_font_family":"Poppins"},"elements":[],"isInner":false,"widgetType":"testimonial","elType":"widget"}],"isInner":false,"elType":"column"}],"isInner":false,"elType":"section"},{"id":"63df1cca","settings":{"layout":"full_width","content_width":{"unit":"px","size":1600},"margin":{"unit":"px","top":"0","right":0,"bottom":"0","left":0,"isLinked":false},"padding":{"unit":"px","top":"70","right":"0","bottom":"50","left":"0","isLinked":false},"background_background":"classic","background_color":"#ffffff","padding_tablet":{"unit":"em","top":"3","right":"2","bottom":"3","left":"2","isLinked":false},"padding_mobile":{"unit":"em","top":"3","right":"1","bottom":"3","left":"1","isLinked":false}},"elements":[{"id":"148ef59c","settings":{"_column_size":100,"padding_tablet":{"unit":"px","top":"0","right":"0","bottom":"0","left":"0","isLinked":false}},"elements":[{"id":"7e693eb6","settings":{"title":"Latest Projects","align":"center","title_color":"#222222","typography_typography":"custom","typography_font_size":{"unit":"px","size":40},"_padding":{"unit":"px","top":"0","right":"0","bottom":"30","left":"0","isLinked":false},"_margin":{"unit":"px","top":"0","right":"0","bottom":"0","left":"0","isLinked":false},"typography_font_family":"Poppins"},"elements":[],"isInner":false,"widgetType":"heading","elType":"widget"},{"id":"7c566b69","settings":{"content_width":{"unit":"px","size":1200},"structure":"30"},"elements":[{"id":"4d8851c3","settings":{"_column_size":33,"_inline_size":null,"content_position":"top","space_between_widgets":0,"margin":{"unit":"px","top":"0","right":"15","bottom":"30","left":"15","isLinked":false},"padding":{"unit":"px","top":"0","right":"0","bottom":"0","left":"0","isLinked":false},"_inline_size_tablet":50},"elements":[{"id":"384b3ff9","settings":{"image":{"id":"3501","url":"https:\/\/cliente.shazamlnv.com\/setasolar\/wp-content\/uploads\/2022\/04\/apple-devices-books-business-572056.jpg"},"image_size":"custom","image_custom_dimension":{"width":"600","height":"800"},"align":"center","width":{"unit":"%","size":100}},"elements":[],"isInner":false,"widgetType":"image","elType":"widget"},{"id":"4b21b3d6","settings":{"icon":"","title_text":"Consulting & Growth","description_text":"Developing a stategy and <br>\nroadmap.","text_align":"left","title_bottom_space":{"unit":"px","size":5},"title_color":"#3C78F0","title_typography_typography":"custom","description_color":"#ffffff","description_typography_typography":"custom","description_typography_font_family":"Poppins","description_typography_font_size":{"unit":"px","size":16},"description_typography_font_weight":"500","description_typography_line_height":{"unit":"em","size":1.600000000000000088817841970012523233890533447265625},"_margin":{"unit":"px","top":"-148","right":"0","bottom":"0","left":"0","isLinked":false},"_padding":{"unit":"px","top":"10","right":"20","bottom":"30","left":"20","isLinked":false},"_background_background":"gradient","_background_color":"rgba(0,0,0,0.71)","_background_color_b":"#000000","selected_icon":{"value":"","library":""},"title_typography_font_family":"Poppins","title_typography_font_size":{"unit":"px","size":22,"sizes":[]}},"elements":[],"isInner":false,"widgetType":"icon-box","elType":"widget"}],"isInner":true,"elType":"column"},{"id":"1deba287","settings":{"_column_size":33,"_inline_size":null,"content_position":"top","space_between_widgets":0,"margin":{"unit":"px","top":"0","right":"15","bottom":"30","left":"15","isLinked":false},"padding":{"unit":"px","top":"0","right":"0","bottom":"0","left":"0","isLinked":false},"_inline_size_tablet":50},"elements":[{"id":"6bef168d","settings":{"image":{"id":"3502","url":"https:\/\/cliente.shazamlnv.com\/setasolar\/wp-content\/uploads\/2022\/04\/4-2.jpg"},"image_size":"custom","image_custom_dimension":{"width":"600","height":"800"},"width":{"unit":"%","size":100},"_margin":{"unit":"px","top":"0","right":"0","bottom":"0","left":"0","isLinked":false},"_padding":{"unit":"px","top":"0","right":"0","bottom":"0","left":"0","isLinked":false}},"elements":[],"isInner":false,"widgetType":"image","elType":"widget"},{"id":"2936f28c","settings":{"icon":"","title_text":"Technical & Finance","description_text":"Leading consumer products <br>\ncompany.","text_align":"left","title_bottom_space":{"unit":"px","size":5},"title_color":"#3C78F0","title_typography_typography":"custom","description_color":"#ffffff","description_typography_typography":"custom","description_typography_font_family":"Poppins","description_typography_font_size":{"unit":"px","size":16},"description_typography_font_weight":"500","description_typography_line_height":{"unit":"em","size":1.600000000000000088817841970012523233890533447265625},"_margin":{"unit":"px","top":"-148","right":"0","bottom":"0","left":"0","isLinked":false},"_padding":{"unit":"px","top":"10","right":"20","bottom":"30","left":"20","isLinked":false},"_background_background":"gradient","_background_color":"rgba(0,0,0,0.71)","_background_color_b":"#000000","selected_icon":{"value":"","library":""},"title_typography_font_family":"Poppins","title_typography_font_size":{"unit":"px","size":22,"sizes":[]}},"elements":[],"isInner":false,"widgetType":"icon-box","elType":"widget"}],"isInner":true,"elType":"column"},{"id":"230154ab","settings":{"_column_size":33,"_inline_size":null,"content_position":"top","space_between_widgets":0,"margin":{"unit":"px","top":"0","right":"15","bottom":"30","left":"15","isLinked":false},"padding":{"unit":"px","top":"0","right":"0","bottom":"0","left":"0","isLinked":false},"_inline_size_tablet":50},"elements":[{"id":"39670b22","settings":{"image":{"id":"3503","url":"https:\/\/cliente.shazamlnv.com\/setasolar\/wp-content\/uploads\/2022\/04\/Untitled-4.jpg"},"image_size":"custom","image_custom_dimension":{"width":"600","height":"800"},"width":{"unit":"%","size":100}},"elements":[],"isInner":false,"widgetType":"image","elType":"widget"},{"id":"66708a33","settings":{"icon":"","title_text":"Marketing & Growth","description_text":"Transformation sparks financial <br>income for cleints.","text_align":"left","title_bottom_space":{"unit":"px","size":5},"title_color":"#3C78F0","title_typography_typography":"custom","description_color":"#ffffff","description_typography_typography":"custom","description_typography_font_family":"Poppins","description_typography_font_size":{"unit":"px","size":16},"description_typography_font_weight":"500","description_typography_line_height":{"unit":"em","size":1.600000000000000088817841970012523233890533447265625},"_margin":{"unit":"px","top":"-148","right":"0","bottom":"0","left":"0","isLinked":false},"_padding":{"unit":"px","top":"10","right":"20","bottom":"30","left":"20","isLinked":false},"_background_background":"gradient","_background_color":"rgba(0,0,0,0.71)","_background_color_b":"#000000","selected_icon":{"value":"","library":""},"title_typography_font_family":"Poppins","title_typography_font_size":{"unit":"px","size":22,"sizes":[]}},"elements":[],"isInner":false,"widgetType":"icon-box","elType":"widget"}],"isInner":true,"elType":"column"}],"isInner":true,"elType":"section"}],"isInner":false,"elType":"column"}],"isInner":false,"elType":"section"},{"id":"105eb346","settings":{"gap":"no","custom_height":{"unit":"px","size":800},"content_position":"top","padding":{"unit":"px","top":"10","right":"0","bottom":"60","left":"0","isLinked":false},"padding_tablet":{"unit":"em","top":"3","right":"2","bottom":"3","left":"2","isLinked":false},"padding_mobile":{"unit":"em","top":"3","right":"1","bottom":"3","left":"1","isLinked":false},"background_background":"classic","background_color":"#f7f7f7","content_width":{"unit":"px","size":1600},"margin_tablet":{"unit":"px","top":"0","right":0,"bottom":"0","left":0,"isLinked":false},"layout":"full_width"},"elements":[{"id":"4b5d515e","settings":{"_column_size":100,"space_between_widgets":0,"margin_tablet":{"unit":"px","top":"0","right":"0","bottom":"0","left":"0","isLinked":false},"padding_tablet":{"unit":"px","top":"0","right":"0","bottom":"0","left":"0","isLinked":false}},"elements":[{"id":"63a2f948","settings":{"gap":"no","content_position":"middle","structure":"20","padding":{"unit":"px","top":"35","right":"0","bottom":"0","left":"0","isLinked":false},"margin_mobile":{"unit":"px","top":"","right":0,"bottom":"","left":0,"isLinked":true},"padding_mobile":{"unit":"px","top":"15","right":"0","bottom":"0","left":"0","isLinked":false},"content_width":{"unit":"px","size":1200},"margin_tablet":{"unit":"px","top":"0","right":0,"bottom":"0","left":0,"isLinked":false},"padding_tablet":{"unit":"px","top":"0","right":"0","bottom":"0","left":"0","isLinked":false}},"elements":[{"id":"15676095","settings":{"_column_size":50,"_inline_size":50,"margin_tablet":{"unit":"px","top":"0","right":"10","bottom":"50","left":"0","isLinked":false},"margin_mobile":{"unit":"px","top":"0","right":"0","bottom":"0","left":"0","isLinked":true},"space_between_widgets":0,"margin":{"unit":"px","top":"0","right":"15","bottom":"0","left":"15","isLinked":false},"content_position":"top","padding":{"unit":"px","top":"0","right":"0","bottom":"0","left":"0","isLinked":false},"_inline_size_tablet":100,"padding_tablet":{"unit":"px","top":"0","right":"0","bottom":"0","left":"0","isLinked":false}},"elements":[{"id":"31c07cc1","settings":{"title":"Our Company","align":"left","title_color":"#000000","typography_typography":"custom","typography_font_size":{"unit":"px","size":36},"typography_font_weight":"600","typography_line_height":{"unit":"em","size":1.1999999999999999555910790149937383830547332763671875},"align_mobile":"left","typography_font_size_mobile":{"unit":"px","size":45},"_margin":{"unit":"px","top":"0","right":"0","bottom":"40","left":"0","isLinked":false},"typography_font_family":"Poppins"},"elements":[],"isInner":false,"widgetType":"heading","elType":"widget"},{"id":"4e792129","settings":{"wp_gallery":[{"id":"3504","url":"https:\/\/cliente.shazamlnv.com\/setasolar\/wp-content\/uploads\/2022\/04\/pexels-photo-515169.jpeg"},{"id":"3505","url":"https:\/\/cliente.shazamlnv.com\/setasolar\/wp-content\/uploads\/2022\/04\/video.jpg"}],"thumbnail_size":"medium","gallery_columns":"2","image_spacing":"custom","_margin":{"unit":"px","top":"0","right":"0","bottom":"0","left":"0","isLinked":false}},"elements":[],"isInner":false,"widgetType":"image-gallery","elType":"widget"},{"id":"7799fe5f","settings":{"title":"Bring to the table win-win survival strategies to ensure proactive domination. At the end of the day, going forward.","header_size":"h3","title_color":"#0c0c0c","typography_typography":"custom","typography_font_size":{"unit":"px","size":20},"typography_font_weight":"400","typography_line_height":{"unit":"px","size":32},"_margin":{"unit":"px","top":"35","right":"0","bottom":"30","left":"0","isLinked":false},"typography_font_family":"Lora","typography_font_style":"italic"},"elements":[],"isInner":false,"widgetType":"heading","elType":"widget"},{"id":"bb5f830","settings":{"editor":"<p>Lorem ipsum dolor sit amet, consectetur adipiscing elit, sed do eiusmod tempor incididunt ut labore et dolore magna aliqua. Ut enim ad minim veniam, quis nostrud exercitation ullamco laboris nisi ut aliquip ex ea commodo consequat. Duis aute irure dolor in reprehenderit in voluptate velit esse cillum dolore eu fugiat nulla pariatur. Excepteur sint occaecat cupidatat non proident, sunt in culpa qui officia deserunt mollit anim id est laborum.<\/p>","typography_typography":"custom","typography_font_family":"Poppins","text_color":"#54595F","typography_line_height":{"unit":"em","size":1.6999999999999999555910790149937383830547332763671875,"sizes":[]}},"elements":[],"isInner":false,"widgetType":"text-editor","elType":"widget"}],"isInner":true,"elType":"column"},{"id":"464cd9c0","settings":{"_column_size":50,"_inline_size":50,"margin_tablet":{"unit":"px","top":"0","right":"10","bottom":"0","left":"0","isLinked":false},"margin_mobile":{"unit":"px","top":"0","right":"0","bottom":"0","left":"0","isLinked":true},"space_between_widgets":0,"margin":{"unit":"px","top":"0","right":"15","bottom":"0","left":"15","isLinked":false},"content_position":"top","_inline_size_tablet":100},"elements":[{"id":"52522c0e","settings":{"title":"General Questions","align":"left","title_color":"#000000","typography_typography":"custom","typography_font_size":{"unit":"px","size":36},"typography_font_weight":"600","typography_line_height":{"unit":"em","size":1.1999999999999999555910790149937383830547332763671875},"align_mobile":"left","typography_font_size_mobile":{"unit":"px","size":45},"_margin":{"unit":"px","top":"0","right":"0","bottom":"40","left":"0","isLinked":false},"typography_font_family":"Poppins"},"elements":[],"isInner":false,"widgetType":"heading","elType":"widget"},{"id":"1d337a55","settings":{"tabs":[{"tab_title":"What are the backgrounds of your consultants ?","tab_content":"<p>Lorem ipsum dolor sit amet, consectetur adipiscing elit, sed do eiusmod tempor incididunt ut labore et dolore magna aliqua. Ut enim ad minim veniam, quis nostrud exercitation ullamco laboris nisi ut aliquip ex ea commodo consequat. Duis aute irure dolor in reprehenderit in voluptate velit esse cillum dolore eu fugiat nulla pariatur.\u00a0<\/p>","_id":"fc6c70f"},{"tab_title":"How many of your customers reach their goals ?","tab_content":"<p>Lorem ipsum dolor sit amet, consectetur adipiscing elit, sed do eiusmod tempor incididunt ut labore et dolore magna aliqua. Ut enim ad minim veniam, quis nostrud exercitation ullamco laboris nisi ut aliquip ex ea commodo consequat. Duis aute irure dolor in reprehenderit in voluptate velit esse cillum dolore eu fugiat nulla pariatur. est laborum.<\/p>","_id":"66177ef"},{"tab_title":"How many of your customers reach their goals ?","tab_content":"<p>Lorem ipsum dolor sit amet, consectetur adipiscing elit, sed do eiusmod tempor incididunt ut labore et dolore magna aliqua. Ut enim ad minim veniam, quis nostrud exercitation ullamco laboris nisi ut aliquip ex ea commodo consequat. est laborum.<\/p>","_id":"c5dc3ea"}],"title_color":"#222222","tab_active_color":"#3C78F0","content_typography_typography":"custom","title_typography_typography":"custom","border_width":{"unit":"px","size":10},"border_color":"#f7f7f7","title_background":"#ffffff","title_typography_font_family":"Lora","title_typography_font_weight":"500","title_typography_font_style":"italic","content_background_color":"#ffffff","content_color":"#54595F","content_typography_font_family":"Poppins","content_typography_font_size":{"unit":"px","size":14,"sizes":[]},"content_typography_line_height":{"unit":"em","size":1.6999999999999999555910790149937383830547332763671875,"sizes":[]},"content_padding":{"unit":"px","top":"15","right":"35","bottom":"15","left":"35","isLinked":false},"_margin":{"unit":"px","top":"-10","right":"-10","bottom":"0","left":"-10","isLinked":false}},"elements":[],"isInner":false,"widgetType":"accordion","elType":"widget"}],"isInner":true,"elType":"column"}],"isInner":true,"elType":"section"}],"isInner":false,"elType":"column"}],"isInner":false,"elType":"section"},{"id":"22c30875","settings":{"gap":"no","custom_height":{"unit":"px","size":800},"content_position":"middle","padding":{"unit":"px","top":"80","right":"0","bottom":"50","left":"0","isLinked":false},"padding_tablet":{"unit":"em","top":"3","right":"2","bottom":"3","left":"2","isLinked":false},"padding_mobile":{"unit":"em","top":"3","right":"1","bottom":"3","left":"1","isLinked":false},"background_background":"classic","background_color":"#f7f7f7","layout":"full_width"},"elements":[{"id":"1266f5ab","settings":{"_column_size":100,"space_between_widgets":0},"elements":[{"id":"271d4e67","settings":{"title":"Case Studies","align":"center","title_color":"#000000","typography_typography":"custom","typography_font_size":{"unit":"px","size":40},"typography_font_weight":"600","typography_font_size_mobile":{"unit":"px","size":45},"typography_font_size_tablet":{"unit":"px","size":45},"_margin_mobile":{"unit":"px","top":"0","right":"0","bottom":"30","left":"0","isLinked":false},"typography_font_family":"Poppins"},"elements":[],"isInner":false,"widgetType":"heading","elType":"widget"},{"id":"1f70b0c0","settings":{"gap":"no","content_position":"middle","structure":"30","padding":{"unit":"px","top":"35","right":"0","bottom":"0","left":"0","isLinked":false},"margin_mobile":{"unit":"px","top":"","right":0,"bottom":"","left":0,"isLinked":true},"padding_mobile":{"unit":"px","top":"15","right":"0","bottom":"0","left":"0","isLinked":false},"content_width":{"unit":"px","size":1200}},"elements":[{"id":"7915d75a","settings":{"_column_size":33,"_inline_size":null,"margin_tablet":{"unit":"px","top":"0","right":"10","bottom":"0","left":"10","isLinked":false},"margin_mobile":{"unit":"px","top":"0","right":"0","bottom":"30","left":"0","isLinked":false},"space_between_widgets":0,"margin":{"unit":"px","top":"0","right":"0","bottom":"30","left":"0","isLinked":false},"content_position":"top","background_background":"classic","background_color":"#ffffff","border_border":"solid","border_width":{"unit":"px","top":"0","right":"1","bottom":"0","left":"0","isLinked":false},"border_color":"#f7f7f7","padding":{"unit":"px","top":"0","right":"0","bottom":"0","left":"0","isLinked":false},"_inline_size_tablet":50},"elements":[{"id":"c0ba4d0","settings":{"image":{"id":"3506","url":"https:\/\/cliente.shazamlnv.com\/setasolar\/wp-content\/uploads\/2022\/04\/6-3.png"},"_padding":{"unit":"px","top":"100","right":"0","bottom":"60","left":"0","isLinked":false},"_background_background":"classic","_background_color":"#3C78F0","css_filters_css_filter":"custom","css_filters_brightness":{"unit":"px","size":200,"sizes":[]}},"elements":[],"isInner":false,"widgetType":"image","elType":"widget"},{"id":"30cad3be","settings":{"icon":"","title_text":"Brand A","description_text":"2018","text_align":"left","title_bottom_space":{"unit":"px","size":10},"title_color":"#262626","title_typography_typography":"custom","_padding":{"unit":"px","top":"15","right":"20","bottom":"0","left":"30","isLinked":false},"selected_icon":{"value":"","library":""},"description_typography_typography":"custom","description_typography_font_family":"Lora","description_color":"#3C78F0","description_typography_font_weight":"600","description_typography_font_style":"italic","title_typography_font_family":"Poppins"},"elements":[],"isInner":false,"widgetType":"icon-box","elType":"widget"},{"id":"7447cc07","settings":{"editor":"<p>Lorem ipsum dolor sit amet, consectetur adipisicing elitsed do eiusmod tempor incididunt ut labore et dolore magna aliqua<\/p>","typography_line_height":{"unit":"em","size":1.6999999999999999555910790149937383830547332763671875},"typography_typography":"custom","typography_font_size":{"unit":"px","size":14},"_padding":{"unit":"px","top":"0","right":"20","bottom":"20","left":"30","isLinked":false},"text_color":"#54595F","typography_font_family":"Poppins"},"elements":[],"isInner":false,"widgetType":"text-editor","elType":"widget"}],"isInner":true,"elType":"column"},{"id":"7a79370f","settings":{"_column_size":33,"_inline_size":null,"margin_tablet":{"unit":"px","top":"0","right":"10","bottom":"0","left":"10","isLinked":false},"margin_mobile":{"unit":"px","top":"0","right":"0","bottom":"30","left":"0","isLinked":false},"space_between_widgets":0,"margin":{"unit":"px","top":"0","right":"0","bottom":"30","left":"0","isLinked":false},"content_position":"top","background_background":"classic","background_color":"#ffffff","border_border":"solid","border_width":{"unit":"px","top":"0","right":"1","bottom":"0","left":"0","isLinked":false},"border_color":"#f7f7f7","padding":{"unit":"px","top":"0","right":"0","bottom":"0","left":"0","isLinked":false},"_inline_size_tablet":50},"elements":[{"id":"72957857","settings":{"image":{"id":"3507","url":"https:\/\/cliente.shazamlnv.com\/setasolar\/wp-content\/uploads\/2022\/04\/3-2.png"},"_padding":{"unit":"px","top":"100","right":"0","bottom":"60","left":"0","isLinked":false},"_background_background":"classic","_background_color":"#6C72E6","css_filters_css_filter":"custom","css_filters_brightness":{"unit":"px","size":200,"sizes":[]}},"elements":[],"isInner":false,"widgetType":"image","elType":"widget"},{"id":"2608fab5","settings":{"icon":"","title_text":"Brand B","description_text":"2019","text_align":"left","title_bottom_space":{"unit":"px","size":10},"title_color":"#262626","title_typography_typography":"custom","_padding":{"unit":"px","top":"15","right":"20","bottom":"0","left":"30","isLinked":false},"selected_icon":{"value":"","library":""},"description_typography_typography":"custom","description_typography_font_family":"Lora","description_color":"#3C78F0","description_typography_font_weight":"600","description_typography_font_style":"italic"},"elements":[],"isInner":false,"widgetType":"icon-box","elType":"widget"},{"id":"4e0263ba","settings":{"editor":"<p>Lorem ipsum dolor sit amet, consectetur adipisicing elitsed do eiusmod tempor incididunt ut labore et dolore magna aliqua<\/p>","typography_line_height":{"unit":"em","size":1.6999999999999999555910790149937383830547332763671875},"typography_typography":"custom","typography_font_size":{"unit":"px","size":14},"_padding":{"unit":"px","top":"0","right":"20","bottom":"20","left":"30","isLinked":false},"text_color":"#54595F","typography_font_family":"Poppins"},"elements":[],"isInner":false,"widgetType":"text-editor","elType":"widget"}],"isInner":true,"elType":"column"},{"id":"469f82dc","settings":{"_column_size":33,"_inline_size":null,"margin_tablet":{"unit":"px","top":"20","right":"10","bottom":"0","left":"10","isLinked":false},"margin_mobile":{"unit":"px","top":"0","right":"0","bottom":"30","left":"0","isLinked":false},"space_between_widgets":0,"margin":{"unit":"px","top":"0","right":"0","bottom":"30","left":"0","isLinked":false},"content_position":"top","background_background":"classic","background_color":"#ffffff","border_border":"solid","border_width":{"unit":"px","top":"0","right":"1","bottom":"0","left":"0","isLinked":false},"border_color":"#f7f7f7","padding":{"unit":"px","top":"0","right":"0","bottom":"0","left":"0","isLinked":false},"_inline_size_tablet":100},"elements":[{"id":"2d92d5b6","settings":{"icon":"","title_text":"Financial Services: Five Ways to Start For Success","description_text":"Our Methods","text_align":"left","title_bottom_space":{"unit":"px","size":10},"title_color":"#262626","title_typography_typography":"custom","description_color":"#3C78F0","description_typography_typography":"custom","description_typography_font_family":"Poppins","description_typography_font_size":{"unit":"px","size":13},"_padding":{"unit":"px","top":"15","right":"50","bottom":"30","left":"30","isLinked":false},"_border_border":"solid","_border_width":{"unit":"px","top":"0","right":"0","bottom":"1","left":"0","isLinked":false},"_border_color":"#f7f7f7","_border_radius":{"unit":"px","top":"0","right":"0","bottom":"0","left":"0","isLinked":true},"selected_icon":{"value":"","library":""},"title_typography_font_family":"Poppins"},"elements":[],"isInner":false,"widgetType":"icon-box","elType":"widget"},{"id":"45150ca4","settings":{"icon":"","title_text":"Worldwide Private Equity Final Report 2018","description_text":"Accountability","text_align":"left","title_bottom_space":{"unit":"px","size":10},"title_color":"#262626","title_typography_typography":"custom","description_color":"#3C78F0","description_typography_typography":"custom","description_typography_font_family":"Poppins","description_typography_font_size":{"unit":"px","size":13},"_padding":{"unit":"px","top":"15","right":"50","bottom":"30","left":"30","isLinked":false},"_border_border":"solid","_border_width":{"unit":"px","top":"0","right":"0","bottom":"1","left":"0","isLinked":false},"_border_color":"#f7f7f7","_border_radius":{"unit":"px","top":"0","right":"0","bottom":"0","left":"0","isLinked":true},"selected_icon":{"value":"","library":""}},"elements":[],"isInner":false,"widgetType":"icon-box","elType":"widget"},{"id":"15ab58f8","settings":{"icon":"","title_text":"Is your website human-centered?","description_text":"UX Challenges","text_align":"left","title_bottom_space":{"unit":"px","size":10},"title_color":"#262626","title_typography_typography":"custom","description_color":"#3C78F0","description_typography_typography":"custom","description_typography_font_family":"Poppins","description_typography_font_size":{"unit":"px","size":13},"_padding":{"unit":"px","top":"15","right":"50","bottom":"30","left":"30","isLinked":false},"_border_border":"solid","_border_width":{"unit":"px","top":"0","right":"0","bottom":"1","left":"0","isLinked":false},"_border_color":"#f7f7f7","_border_radius":{"unit":"px","top":"0","right":"0","bottom":"0","left":"0","isLinked":true},"selected_icon":{"value":"","library":""}},"elements":[],"isInner":false,"widgetType":"icon-box","elType":"widget"}],"isInner":true,"elType":"column"}],"isInner":true,"elType":"section"}],"isInner":false,"elType":"column"}],"isInner":false,"elType":"section"},{"id":"3de82a80","settings":{"background_background":"classic","background_color":"#494949","background_image":{"id":"3508","url":"https:\/\/cliente.shazamlnv.com\/setasolar\/wp-content\/uploads\/2022\/04\/photo-of-people-sitting-near-wooden-table-3183190.jpg"},"background_position":"center center","background_attachment":"fixed","background_overlay_background":"classic","background_overlay_color":"#52524B","padding":{"unit":"px","top":"40","right":"0","bottom":"80","left":"0","isLinked":false},"background_overlay_opacity":{"unit":"px","size":0.39000000000000001332267629550187848508358001708984375},"background_size":"cover","padding_tablet":{"unit":"em","top":"3","right":"2","bottom":"3","left":"2","isLinked":false},"padding_mobile":{"unit":"em","top":"3","right":"1","bottom":"3","left":"1","isLinked":false}},"elements":[{"id":"6a31efd3","settings":{"_column_size":100},"elements":[{"id":"426878db","settings":[],"elements":[{"id":"635c0325","settings":{"_column_size":100,"_inline_size":null,"background_background":"classic"},"elements":[{"id":"7b0496db","settings":{"title":"We are trusted by more than 10,000 clients","title_color":"#ffffff","typography_typography":"custom","typography_font_size":{"unit":"px","size":34},"typography_font_weight":"600","typography_line_height":{"unit":"em","size":1.399999999999999911182158029987476766109466552734375},"_background_background":"classic","align":"center","typography_font_family":"Poppins"},"elements":[],"isInner":false,"widgetType":"heading","elType":"widget"},{"id":"1dca4275","settings":{"editor":"<p>A wonderful serenity has taken possession of my entire soul, like these sweet mornings of spring which I enjoy with<br \/>my whole heart. I am alone, and feel the charm of existence in this spot.<\/p>","align":"center","text_color":"#e0e0e0","typography_typography":"custom","typography_line_height":{"unit":"em","size":1.6999999999999999555910790149937383830547332763671875},"typography_font_family":"Poppins","typography_font_size":{"unit":"px","size":18,"sizes":[]}},"elements":[],"isInner":false,"widgetType":"text-editor","elType":"widget"},{"id":"54aa35a4","settings":{"text":"Talk to us","align":"center","typography_typography":"custom","typography_font_size":{"unit":"px","size":15},"typography_font_weight":"600","typography_text_transform":"uppercase","button_text_color":"#ffffff","background_color":"#3C78F0","hover_color":"#ffffff","button_background_hover_color":"#6C72E6","border_radius":{"unit":"px","top":"0","right":"0","bottom":"0","left":"0","isLinked":true},"text_padding":{"unit":"em","top":"","right":"","bottom":"","left":"","isLinked":false},"_padding":{"unit":"px","top":"10","right":"0","bottom":"0","left":"0","isLinked":false},"size":"lg","_animation":"fadeInUp","selected_icon":{"value":"far fa-comment-dots","library":"fa-regular"},"typography_font_family":"Poppins"},"elements":[],"isInner":false,"widgetType":"button","elType":"widget"}],"isInner":true,"elType":"column"}],"isInner":true,"elType":"section"}],"isInner":false,"elType":"column"}],"isInner":false,"elType":"section"}],"page_settings":[],"version":"0.4","title":"PRESTADORES DE SERVI\u00c7OS","type":"section"}