{
    "version": "0.4",
    "title": "404",
    "type": "single",
    "metadata": {
        "template_type": "single-page",
        "include_in_zip": "1",
        "elementor_pro_required": "1",
        "elementor_library_type": "single",
        "elementor_pro_conditions": [
            "include\/singular\/not_found404"
        ],
        "additional_template_information": [
            "This is a \"Single\" template for Elementor Pro.",
            "This template will display on: 404 Page."
        ],
        "wp_page_template": "default"
    },
    "content": [
        {
            "id": "28c13abb",
            "settings": {
                "gap": "wider",
                "height": "min-height",
                "custom_height": {
                    "unit": "vh",
                    "size": "70",
                    "sizes": []
                }
            },
            "elements": [
                {
                    "id": "3dd96a88",
                    "settings": {
                        "_column_size": "100",
                        "content_position": "center",
                        "align": "center"
                    },
                    "elements": [
                        {
                            "id": "418ec66f",
                            "settings": {
                                "source": "external_url",
                                "source_external_url": {
                                    "url": "https:\/\/assets1.lottiefiles.com\/packages\/lf20_YU7Z2J.json",
                                    "is_external": "",
                                    "nofollow": "",
                                    "custom_attributes": ""
                                },
                                "loop": "yes",
                                "width": {
                                    "unit": "px",
                                    "size": "341",
                                    "sizes": []
                                },
                                "_margin": {
                                    "unit": "px",
                                    "top": "0",
                                    "right": "0",
                                    "bottom": "-72",
                                    "left": "0",
                                    "isLinked": ""
                                }
                            },
                            "elements": [],
                            "isInner": false,
                            "widgetType": "lottie",
                            "elType": "widget"
                        },
                        {
                            "id": "5a8f37be",
                            "settings": {
                                "title": "404. The page you are looking for does not exist.",
                                "align": "center",
                                "header_size": "h4",
                                "_margin": {
                                    "unit": "px",
                                    "top": "0",
                                    "right": "0",
                                    "bottom": "24",
                                    "left": "0",
                                    "isLinked": ""
                                },
                                "_element_width": "initial",
                                "_element_custom_width": {
                                    "unit": "px",
                                    "size": "476"
                                }
                            },
                            "elements": [],
                            "isInner": false,
                            "widgetType": "heading",
                            "elType": "widget"
                        },
                        {
                            "id": "352fa542",
                            "settings": {
                                "editor": "<p>Tell us what you are looking for:<\/p>",
                                "align": "center"
                            },
                            "elements": [],
                            "isInner": false,
                            "widgetType": "text-editor",
                            "elType": "widget"
                        },
                        {
                            "id": "588841a7",
                            "settings": {
                                "placeholder": "Search...",
                                "button_text": "Search",
                                "button_border_width": {
                                    "unit": "px",
                                    "top": "0",
                                    "right": "0",
                                    "bottom": "1",
                                    "left": "0",
                                    "isLinked": ""
                                },
                                "_element_width": "initial",
                                "_element_custom_width": {
                                    "unit": "px",
                                    "size": "300",
                                    "sizes": []
                                },
                                "__globals__": {
                                    "input_background_color": "globals\/colors?id=ec25634",
                                    "button_background_color": "globals\/colors?id=primary",
                                    "button_text_color": "globals\/colors?id=ec25634",
                                    "input_border_color": "globals\/colors?id=4ade329",
                                    "button_background_color_hover": "globals\/colors?id=b41e63e",
                                    "input_text_color": "globals\/colors?id=a047deb"
                                },
                                "skin": "minimal",
                                "input_background_color": "#FFFFFF",
                                "border_radius": {
                                    "unit": "px",
                                    "size": "0",
                                    "sizes": []
                                },
                                "button_text_color": "#FFFFFF",
                                "button_background_color": "#FB700E",
                                "button_background_color_hover": "#F36400",
                                "input_text_color": "#000000"
                            },
                            "elements": [],
                            "isInner": false,
                            "widgetType": "search-form",
                            "elType": "widget"
                        }
                    ],
                    "isInner": "",
                    "elType": "column"
                }
            ],
            "isInner": "",
            "elType": "section"
        }
    ],
    "page_settings": {
        "page_template": "elementor_canvas"
    }
}