{
    "version": "0.4",
    "title": "Blog",
    "type": "section",
    "metadata": {
        "template_type": "section-other",
        "include_in_zip": "1",
        "elementor_pro_required": "1",
        "wp_page_template": "default"
    },
    "content": [
        {
            "id": "16603125",
            "settings": {
                "gap": "no",
                "padding": {
                    "unit": "%",
                    "top": "0",
                    "right": "0",
                    "bottom": "0",
                    "left": "18",
                    "isLinked": ""
                },
                "padding_tablet": {
                    "unit": "px",
                    "top": "0",
                    "right": "0",
                    "bottom": "0",
                    "left": "0",
                    "isLinked": ""
                },
                "layout": "full_width",
                "custom_height": {
                    "unit": "px",
                    "size": "300",
                    "sizes": []
                },
                "margin": {
                    "unit": "px",
                    "top": "-2",
                    "right": "0",
                    "bottom": "0",
                    "left": "0",
                    "isLinked": ""
                }
            },
            "elements": [
                {
                    "id": "51ddb2bb",
                    "settings": {
                        "_column_size": "100"
                    },
                    "elements": [
                        {
                            "id": "12dfed6e",
                            "settings": {
                                "height_inner": "min-height",
                                "background_background": "classic",
                                "background_image": {
                                    "url": "https:\/\/kit.detheme.com\/colson\/wp-content\/uploads\/sites\/22\/2020\/10\/a-man-riding-a-bike-in-an-old-european-city-outdoo-UCPLT7F.jpg",
                                    "id": "229"
                                },
                                "background_position": "bottom center",
                                "background_size": "cover",
                                "background_overlay_background": "classic",
                                "background_overlay_opacity": {
                                    "unit": "px",
                                    "size": "0.32",
                                    "sizes": []
                                },
                                "margin": {
                                    "unit": "px",
                                    "top": "0",
                                    "right": "0",
                                    "bottom": "0",
                                    "left": "0",
                                    "isLinked": ""
                                },
                                "__globals__": {
                                    "background_overlay_color": "globals\/colors?id=a047deb"
                                },
                                "gap": "wider",
                                "custom_height_inner_mobile": {
                                    "unit": "px",
                                    "size": "0",
                                    "sizes": []
                                },
                                "structure": "30",
                                "background_ypos": {
                                    "unit": "px",
                                    "size": "-575",
                                    "sizes": []
                                },
                                "background_repeat": "no-repeat"
                            },
                            "elements": [
                                {
                                    "id": "485fcfde",
                                    "settings": {
                                        "_column_size": "33",
                                        "_inline_size": "32.018",
                                        "content_position": "center",
                                        "align": "center",
                                        "padding_mobile": {
                                            "unit": "px",
                                            "top": "30",
                                            "right": "30",
                                            "bottom": "0",
                                            "left": "30",
                                            "isLinked": ""
                                        }
                                    },
                                    "elements": [
                                        {
                                            "id": "5cdad791",
                                            "settings": {
                                                "title": "Blog",
                                                "header_size": "h1",
                                                "align": "left",
                                                "__globals__": {
                                                    "title_color": "globals\/colors?id=ec25634"
                                                },
                                                "align_mobile": "center",
                                                "_margin": {
                                                    "unit": "px",
                                                    "top": "0",
                                                    "right": "0",
                                                    "bottom": "0",
                                                    "left": "0",
                                                    "isLinked": ""
                                                },
                                                "_margin_mobile": {
                                                    "unit": "px",
                                                    "top": "0",
                                                    "right": "0",
                                                    "bottom": "24",
                                                    "left": "0",
                                                    "isLinked": ""
                                                }
                                            },
                                            "elements": [],
                                            "isInner": false,
                                            "widgetType": "heading",
                                            "elType": "widget"
                                        }
                                    ],
                                    "isInner": "1",
                                    "elType": "column"
                                },
                                {
                                    "id": "20a1b71c",
                                    "settings": {
                                        "_column_size": "33",
                                        "_inline_size": "39.315",
                                        "content_position": "center",
                                        "padding_mobile": {
                                            "unit": "px",
                                            "top": "0",
                                            "right": "30",
                                            "bottom": "30",
                                            "left": "30",
                                            "isLinked": ""
                                        }
                                    },
                                    "elements": [
                                        {
                                            "id": "47f8a813",
                                            "settings": {
                                                "editor": "<p>Lorem ipsum dolor sit amet, consectetur adipiscing elit. Ut elit tellus, luctus nec ullamcorper mattis, pulvinar&nbsp;<\/p>",
                                                "align": "left",
                                                "align_mobile": "center",
                                                "_margin": {
                                                    "unit": "px",
                                                    "top": "0",
                                                    "right": "0",
                                                    "bottom": "-23",
                                                    "left": "0",
                                                    "isLinked": ""
                                                },
                                                "_element_custom_width": {
                                                    "unit": "px",
                                                    "size": "400",
                                                    "sizes": []
                                                },
                                                "__globals__": {
                                                    "text_color": "globals\/colors?id=ec25634"
                                                }
                                            },
                                            "elements": [],
                                            "isInner": false,
                                            "widgetType": "text-editor",
                                            "elType": "widget"
                                        }
                                    ],
                                    "isInner": "1",
                                    "elType": "column"
                                },
                                {
                                    "id": "15fbdc8a",
                                    "settings": {
                                        "_column_size": "33",
                                        "_inline_size": "27.972"
                                    },
                                    "elements": [],
                                    "isInner": "1",
                                    "elType": "column"
                                }
                            ],
                            "isInner": "1",
                            "elType": "section"
                        }
                    ],
                    "isInner": "",
                    "elType": "column"
                }
            ],
            "isInner": "",
            "elType": "section"
        },
        {
            "id": "ff42c4",
            "settings": {
                "gap": "wider",
                "padding": {
                    "unit": "%",
                    "top": "0.6",
                    "right": "0",
                    "bottom": "3",
                    "left": "18",
                    "isLinked": ""
                },
                "padding_tablet": {
                    "unit": "px",
                    "top": "48",
                    "right": "0",
                    "bottom": "48",
                    "left": "0",
                    "isLinked": ""
                },
                "layout": "full_width"
            },
            "elements": [
                {
                    "id": "6f72b67d",
                    "settings": {
                        "_column_size": "100",
                        "align": "center",
                        "align_tablet": "flex-start",
                        "align_mobile": "center"
                    },
                    "elements": [
                        {
                            "id": "6811c45f",
                            "settings": {
                                "classic_thumbnail_size_size": "medium_large",
                                "classic_item_ratio": {
                                    "unit": "px",
                                    "size": "0.73",
                                    "sizes": []
                                },
                                "classic_show_excerpt": "",
                                "classic_meta_separator": "\u00b7",
                                "classic_read_more_text": "Read More",
                                "cards_meta_separator": "\u2022",
                                "cards_read_more_text": "Read More \u00bb",
                                "full_content_meta_separator": "\/\/\/",
                                "classic_column_gap": {
                                    "unit": "px",
                                    "size": "48",
                                    "sizes": []
                                },
                                "classic_title_color": "#333333",
                                "classic_title_typography_typography": "custom",
                                "classic_title_typography_font_weight": "700",
                                "classic_title_typography_line_height": {
                                    "unit": "em",
                                    "size": "1.4",
                                    "sizes": []
                                },
                                "classic_title_spacing": {
                                    "unit": "px",
                                    "size": "4",
                                    "sizes": []
                                },
                                "classic_meta_typography_typography": "custom",
                                "classic_meta_typography_font_size": {
                                    "unit": "px",
                                    "size": "10",
                                    "sizes": []
                                },
                                "classic_meta_spacing": {
                                    "unit": "px",
                                    "size": "16",
                                    "sizes": []
                                },
                                "classic_read_more_color": "#333333",
                                "pagination_page_limit": "5",
                                "pagination_prev_label": "&laquo; Previous",
                                "pagination_next_label": "Next &raquo;",
                                "classic_item_ratio_mobile": {
                                    "unit": "px",
                                    "size": "1.1",
                                    "sizes": []
                                },
                                "classic_row_gap": {
                                    "unit": "px",
                                    "size": "64",
                                    "sizes": []
                                },
                                "__globals__": {
                                    "classic_meta_color": "",
                                    "classic_read_more_typography_typography": "globals\/typography?id=secondary",
                                    "pagination_color": "globals\/colors?id=secondary",
                                    "pagination_active_color": "globals\/colors?id=primary",
                                    "pagination_hover_color": "globals\/colors?id=primary"
                                },
                                "classic_title_typography_font_size": {
                                    "unit": "px",
                                    "size": "21",
                                    "sizes": []
                                },
                                "classic_meta_typography_font_weight": "400",
                                "pagination_type": "prev_next",
                                "pagination_typography_typography": "custom",
                                "pagination_typography_font_size": {
                                    "unit": "px",
                                    "size": "12",
                                    "sizes": []
                                },
                                "pagination_typography_font_weight": "700",
                                "pagination_typography_text_transform": "uppercase",
                                "pagination_typography_letter_spacing": {
                                    "unit": "px",
                                    "size": "4.4",
                                    "sizes": []
                                },
                                "pagination_spacing": {
                                    "unit": "px",
                                    "size": "48",
                                    "sizes": []
                                },
                                "pagination_spacing_top": {
                                    "unit": "px",
                                    "size": "96",
                                    "sizes": []
                                },
                                "classic_title_tag": "h4",
                                "classic_meta_color": "#999999",
                                "classic_meta_typography_text_transform": "uppercase",
                                "classic_meta_typography_line_height": {
                                    "unit": "em",
                                    "size": "2",
                                    "sizes": []
                                },
                                "classic_meta_typography_letter_spacing": {
                                    "unit": "px",
                                    "size": "3",
                                    "sizes": []
                                },
                                "classic_read_more_typography_typography": "custom",
                                "classic_read_more_typography_font_size": {
                                    "unit": "px",
                                    "size": "11",
                                    "sizes": []
                                },
                                "classic_read_more_typography_font_weight": "700",
                                "classic_read_more_typography_text_transform": "uppercase",
                                "classic_read_more_typography_line_height": {
                                    "unit": "em",
                                    "size": "1.5",
                                    "sizes": []
                                },
                                "classic_read_more_typography_letter_spacing": {
                                    "unit": "px",
                                    "size": "3",
                                    "sizes": []
                                },
                                "pagination_color": "#333333",
                                "pagination_hover_color": "#FB700E",
                                "pagination_active_color": "#FB700E"
                            },
                            "elements": [],
                            "isInner": false,
                            "widgetType": "posts",
                            "elType": "widget"
                        }
                    ],
                    "isInner": "",
                    "elType": "column"
                }
            ],
            "isInner": "",
            "elType": "section"
        },
        {
            "id": "380b6489",
            "settings": {
                "layout": "full_width",
                "gap": "no",
                "padding": {
                    "unit": "%",
                    "top": "0",
                    "right": "0",
                    "bottom": "0",
                    "left": "18",
                    "isLinked": ""
                },
                "padding_tablet": {
                    "unit": "px",
                    "top": "0",
                    "right": "0",
                    "bottom": "0",
                    "left": "0",
                    "isLinked": ""
                }
            },
            "elements": [
                {
                    "id": "45b71898",
                    "settings": {
                        "_column_size": "100"
                    },
                    "elements": [
                        {
                            "id": "2dbed54a",
                            "settings": {
                                "style": "dashed",
                                "look": "line_icon",
                                "text": "Divider",
                                "icon": {
                                    "value": "icon dticon-bicycle-outline",
                                    "library": "dticon"
                                },
                                "gap": {
                                    "unit": "px",
                                    "size": "0",
                                    "sizes": []
                                },
                                "icon_size": {
                                    "unit": "px",
                                    "size": "29",
                                    "sizes": []
                                },
                                "__globals__": {
                                    "color": "globals\/colors?id=785b64d",
                                    "primary_color": "globals\/colors?id=secondary"
                                }
                            },
                            "elements": [],
                            "isInner": false,
                            "widgetType": "divider",
                            "elType": "widget"
                        }
                    ],
                    "isInner": "",
                    "elType": "column"
                }
            ],
            "isInner": "",
            "elType": "section"
        }
    ]
}