{
    "version": "0.4",
    "title": "Coming soon",
    "type": "page",
    "metadata": {
        "template_type": "single-page",
        "include_in_zip": "1",
        "elementor_pro_required": "1",
        "wp_page_template": "elementor_canvas"
    },
    "content": [
        {
            "id": "3c1ba1bc",
            "settings": {
                "gap": "wider",
                "structure": "20",
                "padding": {
                    "unit": "px",
                    "top": "0",
                    "right": "0",
                    "bottom": "0",
                    "left": "0",
                    "isLinked": ""
                },
                "height": "full",
                "custom_height": {
                    "unit": "px",
                    "size": "700",
                    "sizes": []
                },
                "background_background": "classic",
                "margin": {
                    "unit": "px",
                    "top": "0",
                    "right": "0",
                    "bottom": "0",
                    "left": "0",
                    "isLinked": ""
                },
                "background_position": "initial",
                "background_xpos": {
                    "unit": "%",
                    "size": "100",
                    "sizes": []
                },
                "background_ypos": {
                    "unit": "%",
                    "size": "59",
                    "sizes": []
                },
                "background_size": "cover",
                "background_bg_width": {
                    "unit": "px",
                    "size": "2200",
                    "sizes": []
                },
                "background_overlay_background": "classic",
                "background_overlay_color_b": "rgba(255, 255, 255, 0)",
                "background_overlay_color_b_stop": {
                    "unit": "%",
                    "size": "32",
                    "sizes": []
                },
                "background_overlay_opacity": {
                    "unit": "px",
                    "size": "0.8",
                    "sizes": []
                },
                "overlay_blend_mode": "multiply",
                "background_position_tablet": "center center",
                "custom_height_tablet": {
                    "unit": "px",
                    "size": "100",
                    "sizes": []
                }
            },
            "elements": [
                {
                    "id": "5fcafd01",
                    "settings": {
                        "_column_size": "50",
                        "_inline_size": "63.077",
                        "_inline_size_tablet": "100",
                        "align_mobile": "center"
                    },
                    "elements": [
                        {
                            "id": "63bfb10",
                            "settings": {
                                "title": "COMING SOON",
                                "header_size": "div",
                                "_margin": {
                                    "unit": "px",
                                    "top": "0",
                                    "right": "0",
                                    "bottom": "16",
                                    "left": "0",
                                    "isLinked": ""
                                },
                                "ekit_we_effect_on": "none",
                                "ekit_we_css_animation_fx": "",
                                "ekit_we_css_animation": "ekit-fade",
                                "ekit_we_css_animation_tablet": "",
                                "ekit_we_css_animation_mobile": "",
                                "ekit_we_css_animation_speed": "5",
                                "ekit_we_css_animation_iteration_count": "infinite",
                                "ekit_we_css_animation_direction": "normal",
                                "ekit_we_css_transform_fx": "",
                                "ekit_we_css_transform_fx_translate_toggle": "",
                                "ekit_we_css_transform_fx_translate_x": {
                                    "unit": "px",
                                    "size": "",
                                    "sizes": []
                                },
                                "ekit_we_css_transform_fx_translate_x_tablet": {
                                    "unit": "px",
                                    "size": "",
                                    "sizes": []
                                },
                                "ekit_we_css_transform_fx_translate_x_mobile": {
                                    "unit": "px",
                                    "size": "",
                                    "sizes": []
                                },
                                "ekit_we_css_transform_fx_translate_y": {
                                    "unit": "px",
                                    "size": "",
                                    "sizes": []
                                },
                                "ekit_we_css_transform_fx_translate_y_tablet": {
                                    "unit": "px",
                                    "size": "",
                                    "sizes": []
                                },
                                "ekit_we_css_transform_fx_translate_y_mobile": {
                                    "unit": "px",
                                    "size": "",
                                    "sizes": []
                                },
                                "ekit_we_css_transform_fx_rotate_toggle": "",
                                "ekit_we_css_transform_fx_rotate_z": {
                                    "unit": "px",
                                    "size": "",
                                    "sizes": []
                                },
                                "ekit_we_css_transform_fx_rotate_z_tablet": {
                                    "unit": "px",
                                    "size": "",
                                    "sizes": []
                                },
                                "ekit_we_css_transform_fx_rotate_z_mobile": {
                                    "unit": "px",
                                    "size": "",
                                    "sizes": []
                                },
                                "ekit_we_css_transform_fx_rotate_x": {
                                    "unit": "px",
                                    "size": "",
                                    "sizes": []
                                },
                                "ekit_we_css_transform_fx_rotate_x_tablet": {
                                    "unit": "px",
                                    "size": "",
                                    "sizes": []
                                },
                                "ekit_we_css_transform_fx_rotate_x_mobile": {
                                    "unit": "px",
                                    "size": "",
                                    "sizes": []
                                },
                                "ekit_we_css_transform_fx_rotate_y": {
                                    "unit": "px",
                                    "size": "",
                                    "sizes": []
                                },
                                "ekit_we_css_transform_fx_rotate_y_tablet": {
                                    "unit": "px",
                                    "size": "",
                                    "sizes": []
                                },
                                "ekit_we_css_transform_fx_rotate_y_mobile": {
                                    "unit": "px",
                                    "size": "",
                                    "sizes": []
                                },
                                "ekit_we_css_transform_fx_scale_toggle": "",
                                "ekit_we_css_transform_fx_scale_x": {
                                    "unit": "px",
                                    "size": "1",
                                    "sizes": []
                                },
                                "ekit_we_css_transform_fx_scale_x_tablet": {
                                    "unit": "px",
                                    "size": "",
                                    "sizes": []
                                },
                                "ekit_we_css_transform_fx_scale_x_mobile": {
                                    "unit": "px",
                                    "size": "",
                                    "sizes": []
                                },
                                "ekit_we_css_transform_fx_scale_y": {
                                    "unit": "px",
                                    "size": "1",
                                    "sizes": []
                                },
                                "ekit_we_css_transform_fx_scale_y_tablet": {
                                    "unit": "px",
                                    "size": "",
                                    "sizes": []
                                },
                                "ekit_we_css_transform_fx_scale_y_mobile": {
                                    "unit": "px",
                                    "size": "",
                                    "sizes": []
                                },
                                "ekit_we_css_transform_fx_skew_toggle": "",
                                "ekit_we_css_transform_fx_skew_x": {
                                    "unit": "px",
                                    "size": "",
                                    "sizes": []
                                },
                                "ekit_we_css_transform_fx_skew_x_tablet": {
                                    "unit": "px",
                                    "size": "",
                                    "sizes": []
                                },
                                "ekit_we_css_transform_fx_skew_x_mobile": {
                                    "unit": "px",
                                    "size": "",
                                    "sizes": []
                                },
                                "ekit_we_css_transform_fx_skew_y": {
                                    "unit": "px",
                                    "size": "",
                                    "sizes": []
                                },
                                "ekit_we_css_transform_fx_skew_y_tablet": {
                                    "unit": "px",
                                    "size": "",
                                    "sizes": []
                                },
                                "ekit_we_css_transform_fx_skew_y_mobile": {
                                    "unit": "px",
                                    "size": "",
                                    "sizes": []
                                },
                                "ekit_we_on_test_mode": "on",
                                "ekit_we_tilt_maxtilt": "20",
                                "ekit_we_tilt_scale": "1",
                                "ekit_we_tilt_disableaxis": "",
                                "ekit_we_mousemove_parallax_speed": "40",
                                "ekit_we_scroll_animation": "translateY",
                                "ekit_we_scroll_animation_value": "250",
                                "ekit_we_scroll_smoothness": "700",
                                "ekit_we_scroll_offsettop": "0",
                                "ekit_we_scroll_offsetbottom": "0",
                                "ekit_sticky": "",
                                "ekit_sticky_on": [
                                    "desktop",
                                    "tablet",
                                    "mobile"
                                ],
                                "ekit_sticky_offset": {
                                    "unit": "px",
                                    "size": "0",
                                    "sizes": []
                                },
                                "ekit_sticky_effect_offset": {
                                    "unit": "px",
                                    "size": "0",
                                    "sizes": []
                                },
                                "_element_width": "initial",
                                "__globals__": {
                                    "title_color": "globals\/colors?id=primary",
                                    "typography_typography": "globals\/typography?id=text"
                                },
                                "_animation": "fadeInUp",
                                "align_mobile": "center",
                                "_element_custom_width": {
                                    "unit": "px",
                                    "size": "500",
                                    "sizes": []
                                },
                                "_animation_delay": "800"
                            },
                            "elements": [],
                            "isInner": false,
                            "widgetType": "heading",
                            "elType": "widget"
                        },
                        {
                            "id": "1c1e4855",
                            "settings": {
                                "title": "Our website is under construction and will be live very soon. Please stay tuned and inspired.",
                                "_margin": {
                                    "unit": "px",
                                    "top": "0",
                                    "right": "0",
                                    "bottom": "24",
                                    "left": "0",
                                    "isLinked": ""
                                },
                                "align": "left",
                                "header_size": "h3",
                                "align_tablet": "left",
                                "align_mobile": "center",
                                "typography_typography": "custom",
                                "typography_font_size": {
                                    "unit": "px",
                                    "size": "52",
                                    "sizes": []
                                },
                                "typography_font_size_mobile": {
                                    "unit": "px",
                                    "size": "45",
                                    "sizes": []
                                },
                                "_animation": "fadeInLeft",
                                "_animation_delay": "200",
                                "__globals__": {
                                    "title_color": "globals\/colors?id=secondary"
                                }
                            },
                            "elements": [],
                            "isInner": false,
                            "widgetType": "heading",
                            "elType": "widget"
                        },
                        {
                            "id": "58f65e20",
                            "settings": {
                                "label_days": "Days",
                                "label_hours": "Hours",
                                "label_minutes": "Minutes",
                                "label_seconds": "Seconds",
                                "box_background_color": "#2B2B2B00",
                                "box_border_border": "solid",
                                "box_border_width": {
                                    "unit": "px",
                                    "top": "0",
                                    "right": "0",
                                    "bottom": "0",
                                    "left": "0",
                                    "isLinked": ""
                                },
                                "label_typography_typography": "custom",
                                "label_typography_font_size": {
                                    "unit": "px",
                                    "size": "16",
                                    "sizes": []
                                },
                                "label_typography_text_transform": "uppercase",
                                "label_typography_letter_spacing": {
                                    "unit": "px",
                                    "size": "2.2",
                                    "sizes": []
                                },
                                "_margin": {
                                    "unit": "px",
                                    "top": "24",
                                    "right": "0",
                                    "bottom": "48",
                                    "left": "0",
                                    "isLinked": ""
                                },
                                "_background_background": "classic",
                                "__globals__": {
                                    "box_background_color": "",
                                    "digits_color": "globals\/colors?id=secondary",
                                    "label_color": "globals\/colors?id=secondary"
                                },
                                "box_spacing": {
                                    "unit": "px",
                                    "size": "100",
                                    "sizes": []
                                },
                                "box_spacing_mobile": {
                                    "unit": "px",
                                    "size": "10",
                                    "sizes": []
                                },
                                "digits_typography_typography": "custom",
                                "digits_typography_font_size_mobile": {
                                    "unit": "px",
                                    "size": "38",
                                    "sizes": []
                                },
                                "label_typography_font_size_mobile": {
                                    "unit": "px",
                                    "size": "10",
                                    "sizes": []
                                },
                                "_element_width": "auto",
                                "due_date": "2020-11-20 13:11",
                                "digits_typography_font_weight": "700",
                                "label_typography_font_weight": "700"
                            },
                            "elements": [],
                            "isInner": false,
                            "widgetType": "countdown",
                            "elType": "widget"
                        },
                        {
                            "id": "396df423",
                            "settings": {
                                "editor": "<p>Question and inquiries please contact us at\u00a0<a href=\"https:\/\/kit.detheme.com\/briel\/template-kit\/coming-soon\/#\">hello@colson.detheme<\/a><\/p>",
                                "_margin": {
                                    "unit": "px",
                                    "top": "0",
                                    "right": "0",
                                    "bottom": "0",
                                    "left": "0",
                                    "isLinked": ""
                                },
                                "_element_width": "initial",
                                "_element_custom_width": {
                                    "unit": "px",
                                    "size": "500",
                                    "sizes": []
                                },
                                "align_mobile": "center",
                                "_margin_mobile": {
                                    "unit": "px",
                                    "top": "0",
                                    "right": "0",
                                    "bottom": "0",
                                    "left": "0",
                                    "isLinked": ""
                                },
                                "__globals__": {
                                    "typography_typography": "globals\/typography?id=primary",
                                    "text_color": "globals\/colors?id=secondary"
                                }
                            },
                            "elements": [],
                            "isInner": false,
                            "widgetType": "text-editor",
                            "elType": "widget"
                        },
                        {
                            "id": "5462d566",
                            "settings": {
                                "text": "Contact us",
                                "_element_width": "initial",
                                "__globals__": {
                                    "border_color": "globals\/colors?id=secondary"
                                },
                                "align": "left",
                                "align_mobile": "center",
                                "size": "lg",
                                "hover_animation": "float",
                                "_element_custom_width": {
                                    "unit": "px",
                                    "size": "500",
                                    "sizes": []
                                },
                                "link": {
                                    "url": "https:\/\/kit.detheme.com\/colson\/template-kit\/contact\/",
                                    "is_external": "",
                                    "nofollow": "",
                                    "custom_attributes": ""
                                }
                            },
                            "elements": [],
                            "isInner": false,
                            "widgetType": "button",
                            "elType": "widget"
                        }
                    ],
                    "isInner": "",
                    "elType": "column"
                },
                {
                    "id": "4f942713",
                    "settings": {
                        "_column_size": "50",
                        "_inline_size": "36.77",
                        "_inline_size_tablet": "100",
                        "content_position": "center"
                    },
                    "elements": [
                        {
                            "id": "919d98",
                            "settings": {
                                "source": "external_url",
                                "source_external_url": {
                                    "url": "https:\/\/assets8.lottiefiles.com\/packages\/lf20_ndaxzdbw.json",
                                    "is_external": "",
                                    "nofollow": "",
                                    "custom_attributes": ""
                                },
                                "loop": "yes",
                                "width": {
                                    "unit": "px",
                                    "size": "341",
                                    "sizes": []
                                },
                                "_margin": {
                                    "unit": "px",
                                    "top": "0",
                                    "right": "0",
                                    "bottom": "0",
                                    "left": "0",
                                    "isLinked": ""
                                }
                            },
                            "elements": [],
                            "isInner": false,
                            "widgetType": "lottie",
                            "elType": "widget"
                        }
                    ],
                    "isInner": "",
                    "elType": "column"
                }
            ],
            "isInner": "",
            "elType": "section"
        }
    ]
}