{
    "version": "0.4",
    "title": "Footer",
    "type": "footer",
    "metadata": {
        "template_type": "section-footer",
        "include_in_zip": "1",
        "elementor_pro_required": "1",
        "elementor_library_type": "footer",
        "elementor_pro_conditions": [
            "include\/general"
        ],
        "additional_template_information": [
            "This is a \"Footer\" template for Elementor Pro.",
            "This template will display on: Entire Site."
        ],
        "wp_page_template": "default"
    },
    "content": [
        {
            "id": "25ce75e9",
            "settings": {
                "layout": "full_width",
                "gap": "no",
                "margin": {
                    "unit": "px",
                    "top": "0",
                    "right": 0,
                    "bottom": "0",
                    "left": 0,
                    "isLinked": false
                },
                "padding": {
                    "unit": "%",
                    "top": "0",
                    "right": "0",
                    "bottom": "0",
                    "left": "18",
                    "isLinked": false
                },
                "padding_tablet": {
                    "unit": "px",
                    "top": "0",
                    "right": "0",
                    "bottom": "0",
                    "left": "0",
                    "isLinked": false
                }
            },
            "elements": [
                {
                    "id": "56bfcc85",
                    "settings": {
                        "_column_size": 100,
                        "_inline_size": null,
                        "padding": {
                            "unit": "%",
                            "top": "0",
                            "right": "0",
                            "bottom": "0",
                            "left": "0",
                            "isLinked": false
                        }
                    },
                    "elements": [
                        {
                            "id": "40950e8",
                            "settings": {
                                "layout": "full_width",
                                "gap": "wider",
                                "structure": "40",
                                "background_color": "#EBF4F1",
                                "margin": {
                                    "unit": "px",
                                    "top": "0",
                                    "right": 0,
                                    "bottom": "0",
                                    "left": 0,
                                    "isLinked": false
                                },
                                "padding": {
                                    "unit": "px",
                                    "top": "24",
                                    "right": "0",
                                    "bottom": "24",
                                    "left": "0",
                                    "isLinked": false
                                },
                                "padding_mobile": {
                                    "unit": "px",
                                    "top": "48",
                                    "right": "0",
                                    "bottom": "24",
                                    "left": "0",
                                    "isLinked": false
                                },
                                "reverse_order_mobile": "reverse-mobile"
                            },
                            "elements": [
                                {
                                    "id": "60827bf9",
                                    "settings": {
                                        "_column_size": 25,
                                        "_inline_size": 31.095,
                                        "content_position": "center",
                                        "_inline_size_tablet": 50,
                                        "padding_mobile": {
                                            "unit": "px",
                                            "top": "30",
                                            "right": "30",
                                            "bottom": "30",
                                            "left": "30",
                                            "isLinked": false
                                        }
                                    },
                                    "elements": [
                                        {
                                            "id": "648de17",
                                            "settings": {
                                                "shortcode": "\u00a9 [dtk_current_year] Detheme. All rights reserved",
                                                "caption_typography_typography": "custom",
                                                "_margin": {
                                                    "unit": "px",
                                                    "top": "0",
                                                    "right": "0",
                                                    "bottom": "8",
                                                    "left": "0",
                                                    "isLinked": false
                                                },
                                                "__globals__": {
                                                    "caption_typography_typography": ""
                                                },
                                                "align_mobile": "center"
                                            },
                                            "elements": [],
                                            "isInner": false,
                                            "widgetType": "copyright",
                                            "elType": "widget"
                                        },
                                        {
                                            "id": "738f8682",
                                            "settings": {
                                                "title": "Work hard pray harder.",
                                                "header_size": "div",
                                                "title_color": "#333333",
                                                "typography_typography": "custom",
                                                "typography_font_size": {
                                                    "unit": "px",
                                                    "size": 10,
                                                    "sizes": []
                                                },
                                                "typography_font_weight": "600",
                                                "_margin": {
                                                    "unit": "px",
                                                    "top": "0",
                                                    "right": "0",
                                                    "bottom": "0",
                                                    "left": "0",
                                                    "isLinked": false
                                                },
                                                "typography_text_transform": "uppercase",
                                                "typography_letter_spacing": {
                                                    "unit": "px",
                                                    "size": 2,
                                                    "sizes": []
                                                },
                                                "__globals__": {
                                                    "typography_typography": ""
                                                },
                                                "align_mobile": "center"
                                            },
                                            "elements": [],
                                            "isInner": false,
                                            "widgetType": "heading",
                                            "elType": "widget"
                                        }
                                    ],
                                    "isInner": true,
                                    "elType": "column"
                                },
                                {
                                    "id": "5977f881",
                                    "settings": {
                                        "_column_size": 25,
                                        "_inline_size": 15.729,
                                        "_inline_size_tablet": 50,
                                        "padding_mobile": {
                                            "unit": "px",
                                            "top": "30",
                                            "right": "30",
                                            "bottom": "0",
                                            "left": "30",
                                            "isLinked": false
                                        }
                                    },
                                    "elements": [
                                        {
                                            "id": "3c6d06a",
                                            "settings": {
                                                "editor": "<p><a href=\"#\">hello@colson.xom<\/a><br \/><a href=\"#\">+1.878.433.294<\/a><\/p>",
                                                "text_color": "#6B6B6B",
                                                "typography_typography": "custom",
                                                "_margin": {
                                                    "unit": "px",
                                                    "top": "0",
                                                    "right": "0",
                                                    "bottom": "-26",
                                                    "left": "0",
                                                    "isLinked": false
                                                },
                                                "_margin_mobile": {
                                                    "unit": "px",
                                                    "top": "0",
                                                    "right": "0",
                                                    "bottom": "8",
                                                    "left": "0",
                                                    "isLinked": false
                                                },
                                                "align_mobile": "center"
                                            },
                                            "elements": [],
                                            "isInner": false,
                                            "widgetType": "text-editor",
                                            "elType": "widget"
                                        }
                                    ],
                                    "isInner": true,
                                    "elType": "column"
                                },
                                {
                                    "id": "410647b8",
                                    "settings": {
                                        "_column_size": 25,
                                        "_inline_size": 21.476,
                                        "_inline_size_tablet": 50,
                                        "padding": {
                                            "unit": "px",
                                            "top": "30",
                                            "right": "30",
                                            "bottom": "30",
                                            "left": "30",
                                            "isLinked": false
                                        },
                                        "padding_mobile": {
                                            "unit": "px",
                                            "top": "30",
                                            "right": "30",
                                            "bottom": "0",
                                            "left": "30",
                                            "isLinked": false
                                        }
                                    },
                                    "elements": [
                                        {
                                            "id": "383ca066",
                                            "settings": {
                                                "editor": "<p>1428 Callison Lane<br \/>Virginia, VA 22902<\/p>",
                                                "typography_typography": "custom",
                                                "typography_font_size": {
                                                    "unit": "px",
                                                    "size": 15,
                                                    "sizes": []
                                                },
                                                "_margin": {
                                                    "unit": "px",
                                                    "top": "0",
                                                    "right": "0",
                                                    "bottom": "-26",
                                                    "left": "0",
                                                    "isLinked": false
                                                },
                                                "align_mobile": "center"
                                            },
                                            "elements": [],
                                            "isInner": false,
                                            "widgetType": "text-editor",
                                            "elType": "widget"
                                        }
                                    ],
                                    "isInner": true,
                                    "elType": "column"
                                },
                                {
                                    "id": "6168bfc4",
                                    "settings": {
                                        "_column_size": 25,
                                        "_inline_size": 31.686,
                                        "content_position": "center",
                                        "_inline_size_tablet": 50,
                                        "padding": {
                                            "unit": "px",
                                            "top": "30",
                                            "right": "30",
                                            "bottom": "30",
                                            "left": "0",
                                            "isLinked": false
                                        },
                                        "padding_tablet": {
                                            "unit": "px",
                                            "top": "30",
                                            "right": "30",
                                            "bottom": "30",
                                            "left": "30",
                                            "isLinked": true
                                        },
                                        "padding_mobile": {
                                            "unit": "px",
                                            "top": "30",
                                            "right": "30",
                                            "bottom": "30",
                                            "left": "30",
                                            "isLinked": false
                                        }
                                    },
                                    "elements": [
                                        {
                                            "id": "3bb9fffe",
                                            "settings": {
                                                "form_name": "New Form",
                                                "form_fields": [
                                                    {
                                                        "custom_id": "email",
                                                        "field_type": "email",
                                                        "required": "true",
                                                        "field_label": "Email",
                                                        "placeholder": "Email",
                                                        "width": "60",
                                                        "_id": "8235926",
                                                        "previous_button": "",
                                                        "next_button": "",
                                                        "file_sizes": "",
                                                        "file_types": "",
                                                        "allow_multiple_upload": "",
                                                        "max_files": "",
                                                        "acceptance_text": "",
                                                        "checked_by_default": "",
                                                        "field_min": "",
                                                        "field_max": "",
                                                        "min_date": "",
                                                        "max_date": "",
                                                        "use_native_date": "",
                                                        "use_native_time": ""
                                                    }
                                                ],
                                                "show_labels": "",
                                                "button_width": "40",
                                                "step_next_label": "Next",
                                                "step_previous_label": "Previous",
                                                "button_text": "Subscribe",
                                                "submit_actions": [
                                                    "email",
                                                    "mailchimp"
                                                ],
                                                "email_content": "[all-fields]",
                                                "email_content_2": "[all-fields]",
                                                "success_message": "The form was sent successfully.",
                                                "error_message": "An error occured.",
                                                "required_field_message": "This field is required.",
                                                "invalid_message": "There's something wrong. The form is invalid.",
                                                "field_background_color": "",
                                                "field_border_color": "#DEDEDE",
                                                "field_border_width": {
                                                    "unit": "px",
                                                    "top": "0",
                                                    "right": "0",
                                                    "bottom": "1",
                                                    "left": "0",
                                                    "isLinked": false
                                                },
                                                "__globals__": {
                                                    "button_typography_typography": "globals\/typography?id=secondary"
                                                },
                                                "button_text_padding": {
                                                    "unit": "px",
                                                    "top": "0",
                                                    "right": "0",
                                                    "bottom": "0",
                                                    "left": "0",
                                                    "isLinked": false
                                                }
                                            },
                                            "elements": [],
                                            "isInner": false,
                                            "widgetType": "form",
                                            "elType": "widget"
                                        }
                                    ],
                                    "isInner": true,
                                    "elType": "column"
                                }
                            ],
                            "isInner": true,
                            "elType": "section"
                        }
                    ],
                    "isInner": false,
                    "elType": "column"
                }
            ],
            "isInner": false,
            "elType": "section"
        }
    ]
}