{
    "version": "0.4",
    "title": "Hero slide",
    "type": "section",
    "metadata": {
        "template_type": "section-hero",
        "include_in_zip": "1",
        "elementor_pro_required": "1",
        "wp_page_template": "elementor_canvas"
    },
    "content": [
        {
            "id": "208d7090",
            "settings": {
                "layout": "full_width",
                "gap": "wider",
                "structure": "30"
            },
            "elements": [
                {
                    "id": "3c8f8b07",
                    "settings": {
                        "_column_size": 33,
                        "_inline_size": 35,
                        "content_position": "center",
                        "_inline_size_tablet": 60
                    },
                    "elements": [
                        {
                            "id": "47f94b2e",
                            "settings": {
                                "gap": "no",
                                "overflow": "hidden",
                                "margin": {
                                    "unit": "px",
                                    "top": "0",
                                    "right": 0,
                                    "bottom": "0",
                                    "left": 0,
                                    "isLinked": false
                                }
                            },
                            "elements": [
                                {
                                    "id": "470bf7a8",
                                    "settings": {
                                        "_column_size": 100,
                                        "_inline_size": null
                                    },
                                    "elements": [
                                        {
                                            "id": "7001cb5e",
                                            "settings": {
                                                "title": "Go an extra mile",
                                                "header_size": "div",
                                                "align": "left",
                                                "_margin": {
                                                    "unit": "px",
                                                    "top": "0",
                                                    "right": "0",
                                                    "bottom": "24",
                                                    "left": "0",
                                                    "isLinked": ""
                                                },
                                                "__globals__": {
                                                    "typography_typography": "globals\/typography?id=text",
                                                    "title_color": "globals\/colors?id=secondary"
                                                },
                                                "align_mobile": "center",
                                                "_animation": "slideInUp",
                                                "_animation_delay": 0,
                                                "animation_duration": "fast"
                                            },
                                            "elements": [],
                                            "isInner": false,
                                            "widgetType": "heading",
                                            "elType": "widget"
                                        }
                                    ],
                                    "isInner": true,
                                    "elType": "column"
                                }
                            ],
                            "isInner": true,
                            "elType": "section"
                        },
                        {
                            "id": "5190ba1f",
                            "settings": {
                                "gap": "no",
                                "overflow": "hidden",
                                "margin": {
                                    "unit": "px",
                                    "top": "0",
                                    "right": 0,
                                    "bottom": "0",
                                    "left": 0,
                                    "isLinked": false
                                }
                            },
                            "elements": [
                                {
                                    "id": "1afe9f42",
                                    "settings": {
                                        "_column_size": 100,
                                        "_inline_size": null
                                    },
                                    "elements": [
                                        {
                                            "id": "d290272",
                                            "settings": {
                                                "title": "Riding is a way to explore  the world",
                                                "align": "left",
                                                "_margin": {
                                                    "unit": "px",
                                                    "top": "0",
                                                    "right": "0",
                                                    "bottom": "32",
                                                    "left": "0",
                                                    "isLinked": ""
                                                },
                                                "_element_width": "initial",
                                                "_element_custom_width": {
                                                    "unit": "px",
                                                    "size": "900",
                                                    "sizes": []
                                                },
                                                "__globals__": {
                                                    "title_color": "globals\/colors?id=secondary"
                                                },
                                                "align_mobile": "center",
                                                "_animation": "slideInUp",
                                                "_animation_delay": 300
                                            },
                                            "elements": [],
                                            "isInner": false,
                                            "widgetType": "heading",
                                            "elType": "widget"
                                        }
                                    ],
                                    "isInner": true,
                                    "elType": "column"
                                }
                            ],
                            "isInner": true,
                            "elType": "section"
                        },
                        {
                            "id": "20829857",
                            "settings": {
                                "gap": "no",
                                "overflow": "hidden",
                                "margin": {
                                    "unit": "px",
                                    "top": "0",
                                    "right": 0,
                                    "bottom": "0",
                                    "left": 0,
                                    "isLinked": false
                                }
                            },
                            "elements": [
                                {
                                    "id": "54a7782",
                                    "settings": {
                                        "_column_size": 100,
                                        "_inline_size": null,
                                        "content_position": "center"
                                    },
                                    "elements": [
                                        {
                                            "id": "3824b069",
                                            "settings": {
                                                "text": "Shop now",
                                                "size": "md",
                                                "_margin": {
                                                    "unit": "px",
                                                    "top": "0",
                                                    "right": "16",
                                                    "bottom": "16",
                                                    "left": "0",
                                                    "isLinked": ""
                                                },
                                                "_element_width": "auto",
                                                "hover_animation": "float",
                                                "align_mobile": "center",
                                                "_margin_mobile": {
                                                    "unit": "px",
                                                    "top": "0",
                                                    "right": "0",
                                                    "bottom": "24",
                                                    "left": "0",
                                                    "isLinked": ""
                                                },
                                                "_element_width_mobile": "inherit",
                                                "_animation": "slideInUp",
                                                "animation_duration": "fast",
                                                "_animation_delay": 600
                                            },
                                            "elements": [],
                                            "isInner": false,
                                            "widgetType": "button",
                                            "elType": "widget"
                                        },
                                        {
                                            "id": "43828742",
                                            "settings": {
                                                "selected_icon": {
                                                    "value": "icon dticon-play-circle-outline",
                                                    "library": "dticon"
                                                },
                                                "title_text": "Play video",
                                                "description_text": "",
                                                "position": "left",
                                                "title_size": "span",
                                                "hover_animation": "grow",
                                                "icon_size": {
                                                    "unit": "px",
                                                    "size": 59,
                                                    "sizes": []
                                                },
                                                "content_vertical_alignment": "middle",
                                                "_element_width": "auto",
                                                "__globals__": {
                                                    "title_color": "globals\/colors?id=secondary",
                                                    "primary_color": "globals\/colors?id=secondary",
                                                    "title_typography_typography": "globals\/typography?id=secondary"
                                                },
                                                "__dynamic__": {
                                                    "link": "[elementor-tag id=\"1d8da15\" name=\"lightbox\" settings=\"%7B%22type%22%3A%22video%22%2C%22video_url%22%3A%22v%22%7D\"]"
                                                },
                                                "_element_width_mobile": "inherit",
                                                "icon_space": {
                                                    "unit": "px",
                                                    "size": 9,
                                                    "sizes": []
                                                },
                                                "_margin": {
                                                    "unit": "px",
                                                    "top": "0",
                                                    "right": "0",
                                                    "bottom": "16",
                                                    "left": "0",
                                                    "isLinked": false
                                                },
                                                "_animation": "slideInUp",
                                                "animation_duration": "fast",
                                                "_animation_delay": 800
                                            },
                                            "elements": [],
                                            "isInner": false,
                                            "widgetType": "icon-box",
                                            "elType": "widget"
                                        }
                                    ],
                                    "isInner": true,
                                    "elType": "column"
                                }
                            ],
                            "isInner": true,
                            "elType": "section"
                        },
                        {
                            "id": "5cc22685",
                            "settings": {
                                "text": "Divider",
                                "gap": {
                                    "unit": "px",
                                    "size": "0",
                                    "sizes": []
                                },
                                "__globals__": {
                                    "color": "globals\/colors?id=07414c8"
                                }
                            },
                            "elements": [],
                            "isInner": false,
                            "widgetType": "divider",
                            "elType": "widget"
                        }
                    ],
                    "isInner": false,
                    "elType": "column"
                },
                {
                    "id": "2a89cd16",
                    "settings": {
                        "_column_size": 33,
                        "_inline_size": 48,
                        "content_position": "center",
                        "_inline_size_tablet": "60"
                    },
                    "elements": [
                        {
                            "id": "d8c28af",
                            "settings": {
                                "gap": "no",
                                "overflow": "hidden",
                                "margin": {
                                    "unit": "px",
                                    "top": "0",
                                    "right": 0,
                                    "bottom": "0",
                                    "left": 0,
                                    "isLinked": false
                                }
                            },
                            "elements": [
                                {
                                    "id": "1594381f",
                                    "settings": {
                                        "_column_size": 100,
                                        "_inline_size": null
                                    },
                                    "elements": [
                                        {
                                            "id": "5ceaa165",
                                            "settings": {
                                                "image": {
                                                    "url": "https:\/\/kit.detheme.com\/colson\/wp-content\/uploads\/sites\/22\/2020\/10\/Sport-Triathlon-Bike.I13.2k-1.png",
                                                    "id": "145"
                                                },
                                                "image_size": "full",
                                                "width": {
                                                    "unit": "%",
                                                    "size": "100",
                                                    "sizes": []
                                                },
                                                "_margin": {
                                                    "unit": "px",
                                                    "top": "0",
                                                    "right": "0",
                                                    "bottom": "0",
                                                    "left": "0",
                                                    "isLinked": ""
                                                },
                                                "_animation": "slideInLeft",
                                                "animation_duration": "slow",
                                                "_animation_delay": 1000
                                            },
                                            "elements": [],
                                            "isInner": false,
                                            "widgetType": "image",
                                            "elType": "widget"
                                        }
                                    ],
                                    "isInner": true,
                                    "elType": "column"
                                }
                            ],
                            "isInner": true,
                            "elType": "section"
                        }
                    ],
                    "isInner": false,
                    "elType": "column"
                },
                {
                    "id": "5460c0c3",
                    "settings": {
                        "_column_size": 33,
                        "_inline_size": 16.664,
                        "content_position": "center",
                        "_inline_size_tablet": "40"
                    },
                    "elements": [
                        {
                            "id": "47ba1b46",
                            "settings": {
                                "gap": "no",
                                "overflow": "hidden",
                                "margin": {
                                    "unit": "px",
                                    "top": "0",
                                    "right": 0,
                                    "bottom": "0",
                                    "left": 0,
                                    "isLinked": false
                                }
                            },
                            "elements": [
                                {
                                    "id": "71402921",
                                    "settings": {
                                        "_column_size": 100,
                                        "_inline_size": null
                                    },
                                    "elements": [
                                        {
                                            "id": "7e64612a",
                                            "settings": {
                                                "image": {
                                                    "url": "https:\/\/kit.detheme.com\/colson\/wp-content\/uploads\/sites\/22\/2020\/10\/5-image-FUWDG9.png",
                                                    "id": "238"
                                                },
                                                "width": {
                                                    "unit": "px",
                                                    "size": "200",
                                                    "sizes": []
                                                },
                                                "_animation": "slideInRight",
                                                "_animation_delay": 1200
                                            },
                                            "elements": [],
                                            "isInner": false,
                                            "widgetType": "image",
                                            "elType": "widget"
                                        }
                                    ],
                                    "isInner": true,
                                    "elType": "column"
                                }
                            ],
                            "isInner": true,
                            "elType": "section"
                        }
                    ],
                    "isInner": false,
                    "elType": "column"
                }
            ],
            "isInner": false,
            "elType": "section"
        }
    ]
}